"","","Game","Watch time","Stream time","Peak viewers","Peak channels","Streamers","Average viewers","Average channels","Average viewer ratio",""
"Blossom Tales: The Sleeping King","2801","Blossom Tales: The Sleeping King","2761260","59460","12025","3","120","5","0","46.44","Blossom Tales: The Sleeping King"
"Get Even","2802","Get Even","2756400","155820","6492","6","550","5","0","17.69","Get Even"
"C.A.T.S.: Crash Arena Turbo Star","2803","C.A.T.S.: Crash Arena Turbo Star","2755260","16080","21411","1","35","5","0","171.35","C.A.T.S.: Crash Arena Turbo Star"
"Quest RPG: Brian's Journey","2804","Quest RPG: Brian's Journey","2753160","3960","16032","4","13","5","0","695.24","Quest RPG: Brian's Journey"
"RUINER","2805","RUINER","2753100","444360","5569","24","2583","5","0","6.2","RUINER"
"FIFA 15","2806","FIFA 15","2751180","119040","17325","4","756","5","0","23.11","FIFA 15"
"Hue","2807","Hue","2751000","193020","6948","5","938","5","0","14.25","Hue"
"Minit","2808","Minit","2749440","221400","4741","17","1539","5","0","12.42","Minit"
"while True: learn()","2809","while True: learn()","2749260","91500","4854","8","476","5","0","30.05","while True: learn()"
"S.O.N","2810","S.O.N","2749260","22620","11830","3","188","5","0","121.54","S.O.N"
"Total War: Attila","2811","Total War: Attila","2742420","438240","263","7","977","5","0","6.26","Total War: Attila"
"World of Goo","2812","World of Goo","2738940","166440","4944","23","1404","5","0","16.46","World of Goo"
"Out There","2813","Out There","2738400","18000","11807","3","93","5","0","152.13","Out There"
"Eggerland for Windows 95","2814","Eggerland for Windows 95","2734320","1560","23420","1","4","5","0","1752.77","Eggerland for Windows 95"
"Castlevania: Lords of Shadow 2","2815","Castlevania: Lords of Shadow 2","2728380","178740","2133","4","392","5","0","15.26","Castlevania: Lords of Shadow 2"
"Dark and Light","2816","Dark and Light","2728320","534120","387","7","818","5","1","5.11","Dark and Light"
"WarioWare: Smooth Moves","2817","WarioWare: Smooth Moves","2725440","15120","5698","2","90","5","0","180.25","WarioWare: Smooth Moves"
"Distance","2818","Distance","2719740","308880","15143","10","1137","5","0","8.81","Distance"
"Shattered: Tale of the Forgotten King","2819","Shattered: Tale of the Forgotten King","2718300","28680","13650","12","175","5","0","94.78","Shattered: Tale of the Forgotten King"
"RPG Maker XP","2820","RPG Maker XP","2716200","99420","735","4","210","5","0","27.32","RPG Maker XP"
"Submachine","2821","Submachine","2715660","10260","5392","2","32","5","0","264.68","Submachine"
"Escape Goat 2","2822","Escape Goat 2","2710500","15300","7249","4","42","5","0","177.16","Escape Goat 2"
"Lupinball","2823","Lupinball","2708880","1380","22918","2","9","5","0","1962.96","Lupinball"
"Freelancer","2824","Freelancer","2706900","163620","27152","5","246","5","0","16.54","Freelancer"
"Yomawari","2825","Yomawari","2704920","138840","8619","6","570","5","0","19.48","Yomawari"
"Machinarium","2826","Machinarium","2703120","146760","1469","5","553","5","0","18.42","Machinarium"
"Iris.Fall","2827","Iris.Fall","2703000","114180","2447","4","538","5","0","23.67","Iris.Fall"
"Faith: Chapter II","2828","Faith: Chapter II","2702940","22200","9152","3","131","5","0","121.75","Faith: Chapter II"
"Super Lucky's Tale","2829","Super Lucky's Tale","2701260","218400","1901","8","904","5","0","12.37","Super Lucky's Tale"
"NFL Blitz","2830","NFL Blitz","2699460","17040","11037","3","53","5","0","158.42","NFL Blitz"
"Stronghold","2831","Stronghold","2696880","161280","3946","5","579","5","0","16.72","Stronghold"
"Synth Riders","2832","Synth Riders","2694480","161340","4331","4","348","5","0","16.7","Synth Riders"
"Club Penguin","2833","Club Penguin","2693700","238680","8461","7","1882","5","0","11.29","Club Penguin"
"Nox","2834","Nox","2693700","176400","5604","6","394","5","0","15.27","Nox"
"Game Dev Story","2835","Game Dev Story","2692440","40680","2958","2","72","5","0","66.19","Game Dev Story"
"Towertale","2836","Towertale","2692320","11400","17622","3","36","5","0","236.17","Towertale"
"Sakura Taisen","2837","Sakura Taisen","2690700","71100","9135","11","119","5","0","37.84","Sakura Taisen"
"Fire Emblem: The Sacred Stones","2838","Fire Emblem: The Sacred Stones","2690400","310800","588","7","588","5","0","8.66","Fire Emblem: The Sacred Stones"
"Cat Quest","2839","Cat Quest","2689140","417240","1300","14","1573","5","0","6.45","Cat Quest"
"Tomb Raider: Underworld","2840","Tomb Raider: Underworld","2686440","140820","3839","4","443","5","0","19.08","Tomb Raider: Underworld"
"Headsnatchers","2841","Headsnatchers","2686320","18120","16596","9","174","5","0","148.25","Headsnatchers"
"The House of the Dead III","2842","The House of the Dead III","2685120","15000","20849","4","86","5","0","179.01","The House of the Dead III"
"Groove Coaster","2843","Groove Coaster","2682420","93060","5251","3","491","5","0","28.82","Groove Coaster"
"A Week of Garfield","2844","A Week of Garfield","2680740","3360","88437","4","16","5","0","797.84","A Week of Garfield"
"Space Hulk: Deathwing","2845","Space Hulk: Deathwing","2677560","438780","1707","11","1991","5","0","6.1","Space Hulk: Deathwing"
"ReadySet Heroes","2846","ReadySet Heroes","2676660","18600","14143","4","104","5","0","143.91","ReadySet Heroes"
"Snatcher","2847","Snatcher","2674860","71700","2079","3","104","5","0","37.31","Snatcher"
"Chivalry: Medieval Warfare","2848","Chivalry: Medieval Warfare","2674260","469500","12168","9","2325","5","0","5.7","Chivalry: Medieval Warfare"
"Star Wars: Republic Commando","2849","Star Wars: Republic Commando","2672280","306120","8354","16","2086","5","0","8.73","Star Wars: Republic Commando"
"Booby And The Booby Trap","2850","Booby And The Booby Trap","2672160","3600","12711","2","40","5","0","742.27","Booby And The Booby Trap"
"Nancy Drew: Midnight in Salem","2851","Nancy Drew: Midnight in Salem","2668860","50580","4317","18","155","5","0","52.77","Nancy Drew: Midnight in Salem"
"Sonic Unleashed","2852","Sonic Unleashed","2667660","270120","2930","5","688","5","0","9.88","Sonic Unleashed"
"Ao Oni","2853","Ao Oni","2664660","52440","7998","3","284","5","0","50.81","Ao Oni"
"Black & White","2854","Black & White","2663160","55140","2366","3","123","5","0","48.3","Black & White"
"My Little Blacksmith Shop","2855","My Little Blacksmith Shop","2656380","18780","13728","2","115","5","0","141.45","My Little Blacksmith Shop"
"Advance Wars: Dual Strike","2856","Advance Wars: Dual Strike","2652720","27600","17385","7","49","5","0","96.11","Advance Wars: Dual Strike"
"Lucy - The Eternity She Wished For -","2857","Lucy - The Eternity She Wished For -","2652240","85680","3735","5","278","5","0","30.96","Lucy - The Eternity She Wished For -"
"Katawa Shoujo","2858","Katawa Shoujo","2651460","149340","1963","4","383","5","0","17.75","Katawa Shoujo"
"Wargame: Red Dragon","2859","Wargame: Red Dragon","2650920","349320","1370","7","729","5","0","7.59","Wargame: Red Dragon"
"No More Heroes: Travis Strikes Again","2860","No More Heroes: Travis Strikes Again","2649600","196020","1494","48","511","5","0","13.52","No More Heroes: Travis Strikes Again"
"Dropsy","2861","Dropsy","2648820","32700","6191","2","115","5","0","81","Dropsy"
"The Fisherman - Fishing Planet","2862","The Fisherman - Fishing Planet","2648340","232140","4134","11","254","5","0","11.41","The Fisherman - Fishing Planet"
"Nowhere Prophet","2863","Nowhere Prophet","2646840","65520","3835","10","159","5","0","40.4","Nowhere Prophet"
"Idle Champions of the Forgotten Realms","2864","Idle Champions of the Forgotten Realms","2645400","250080","2380","5","377","5","0","10.58","Idle Champions of the Forgotten Realms"
"Mad Tower Tycoon","2865","Mad Tower Tycoon","2641560","14520","7928","2","50","5","0","181.93","Mad Tower Tycoon"
"Monkey Island 2:  LeChuck's Revenge","2866","Monkey Island 2:  LeChuck's Revenge","2637720","171420","1120","5","399","5","0","15.39","Monkey Island 2:  LeChuck's Revenge"
"NBA 2K Playgrounds 2","2867","NBA 2K Playgrounds 2","2637420","188820","5507","6","878","5","0","13.97","NBA 2K Playgrounds 2"
"Donkey Kong","2868","Donkey Kong","2633820","367440","953","7","334","5","0","7.17","Donkey Kong"
"Castlevania: Dawn of Sorrow","2869","Castlevania: Dawn of Sorrow","2631600","103620","12528","4","214","5","0","25.4","Castlevania: Dawn of Sorrow"
"Heavy Metal Machines","2870","Heavy Metal Machines","2629920","219660","6070","12","499","5","0","11.97","Heavy Metal Machines"
"Mortal Kombat 4","2871","Mortal Kombat 4","2627820","15780","9866","2","90","5","0","166.53","Mortal Kombat 4"
"Singularity","2872","Singularity","2620320","128040","4082","5","409","4","0","20.46","Singularity"
"Littlewood","2873","Littlewood","2615880","127980","3472","14","388","4","0","20.44","Littlewood"
"Barbie Horse Adventures: Riding Camp","2874","Barbie Horse Adventures: Riding Camp","2615220","30480","28877","4","104","4","0","85.8","Barbie Horse Adventures: Riding Camp"
"Winkeltje","2875","Winkeltje","2614680","28080","22384","6","121","4","0","93.12","Winkeltje"
"Forza Motorsport 6: Apex","2876","Forza Motorsport 6: Apex","2613840","3111660","11060","76","1767","4","5","0.84","Forza Motorsport 6: Apex"
"Worms Clan Wars","2877","Worms Clan Wars","2613480","74460","7798","6","402","4","0","35.1","Worms Clan Wars"
"Memories Off: Innocent Fille","2878","Memories Off: Innocent Fille","2613420","4980","4279","2","11","4","0","524.78","Memories Off: Innocent Fille"
"The Wild Age","2879","The Wild Age","2612940","16200","18916","4","86","4","0","161.29","The Wild Age"
"Blame Him","2880","Blame Him","2612760","31080","2516","4","143","4","0","84.07","Blame Him"
"Slap City","2881","Slap City","2610960","204540","4202","7","658","4","0","12.77","Slap City"
"Revelation Online","2882","Revelation Online","2609820","513000","289","10","637","4","0","5.09","Revelation Online"
"EA Sports UFC","2883","EA Sports UFC","2609760","32760","12029","9","568","4","0","79.66","EA Sports UFC"
"Sniper Elite III","2884","Sniper Elite III","2609760","374400","3185","7","1925","4","0","6.97","Sniper Elite III"
"Synthetik","2885","Synthetik","2603940","74280","20512","4","383","4","0","35.06","Synthetik"
"Plague Inc.","2886","Plague Inc.","2602740","100380","8408","5","867","4","0","25.93","Plague Inc."
"Street Fighter Alpha 2","2887","Street Fighter Alpha 2","2600940","29700","8381","2","126","4","0","87.57","Street Fighter Alpha 2"
"DemonCrawl","2888","DemonCrawl","2600700","34080","3607","5","77","4","0","76.31","DemonCrawl"
"The Spookening","2889","The Spookening","2600220","960","26897","3","7","4","0","2708.56","The Spookening"
"Showdown Bandit","2890","Showdown Bandit","2599620","14580","18437","3","110","4","0","178.3","Showdown Bandit"
"Fate/Extella Link","2891","Fate/Extella Link","2598600","510180","1107","52","1513","4","0","5.09","Fate/Extella Link"
"Broken Sword: The Shadow of the Templars","2892","Broken Sword: The Shadow of the Templars","2596500","158280","1794","6","346","4","0","16.4","Broken Sword: The Shadow of the Templars"
"Link: The Faces of Evil","2893","Link: The Faces of Evil","2595600","14940","21877","7","49","4","0","173.73","Link: The Faces of Evil"
"The Cat Lady","2894","The Cat Lady","2594640","191820","3784","6","507","4","0","13.53","The Cat Lady"
"Infinity: Battlescape","2895","Infinity: Battlescape","2594100","84480","14295","11","175","4","0","30.71","Infinity: Battlescape"
"Devil's Hunt","2896","Devil's Hunt","2593980","76500","6432","29","386","4","0","33.91","Devil's Hunt"
"Dungeon Defenders","2897","Dungeon Defenders","2593920","458940","2335","11","1103","4","0","5.65","Dungeon Defenders"
"Phoenix Wright: Ace Attorney - Trials and Tribulations","2898","Phoenix Wright: Ace Attorney - Trials and Tribulations","2592060","87240","1450","3","104","4","0","29.71","Phoenix Wright: Ace Attorney - Trials and Tribulations"
"Billionaire","2899","Billionaire","2591880","67080","618","2","8","4","0","38.64","Billionaire"
"Little Inferno","2900","Little Inferno","2587920","102360","3171","17","659","4","0","25.28","Little Inferno"