"","","Game","Watch time","Stream time","Peak viewers","Peak channels","Streamers","Average viewers","Average channels","Average viewer ratio",""
"Oriental Empires","10101","Oriental Empires","95340","19380","234","3","43","0","0","4.92","Oriental Empires"
"Notruf 112 – Die Feuerwehr Simulation","10102","Notruf 112 – Die Feuerwehr Simulation","95340","31620","661","2","218","0","0","3.02","Notruf 112 – Die Feuerwehr Simulation"
"Spider-Man & Venom: Maximum Carnage","10103","Spider-Man & Venom: Maximum Carnage","95280","15780","656","1","59","0","0","6.04","Spider-Man & Venom: Maximum Carnage"
"Dinosaur Adventure 3-D","10104","Dinosaur Adventure 3-D","95280","540","676","1","5","0","0","176.44","Dinosaur Adventure 3-D"
"Picross S2","10105","Picross S2","95220","9720","140","2","37","0","0","9.8","Picross S2"
"Rez","10106","Rez","95160","3480","1144","2","21","0","0","27.34","Rez"
"Happy Place","10107","Happy Place","95100","1260","789","1","4","0","0","75.48","Happy Place"
"Ys vs. Sora no Kiseki: Alternative Saga","10108","Ys vs. Sora no Kiseki: Alternative Saga","95040","4680","569","2","6","0","0","20.31","Ys vs. Sora no Kiseki: Alternative Saga"
"V-Rally 4","10109","V-Rally 4","95040","40200","189","3","153","0","0","2.36","V-Rally 4"
"The Spectrum Retreat","10110","The Spectrum Retreat","95040","17160","121","2","72","0","0","5.54","The Spectrum Retreat"
"Orphan","10111","Orphan","95040","5340","223","1","30","0","0","17.8","Orphan"
"Strikers Edge","10112","Strikers Edge","95040","1740","485","1","15","0","0","54.62","Strikers Edge"
"Paradise Cracked","10113","Paradise Cracked","94980","4980","583","1","7","0","0","19.07","Paradise Cracked"
"My Son Will Be My Boyfriend From Today.","10114","My Son Will Be My Boyfriend From Today.","94920","420","803","1","2","0","0","226","My Son Will Be My Boyfriend From Today."
"Metal Slug 6","10115","Metal Slug 6","94860","5700","983","1","36","0","0","16.64","Metal Slug 6"
"SaGa 2: Hihou Densetsu - Goddess of Destiny","10116","SaGa 2: Hihou Densetsu - Goddess of Destiny","94800","14220","56","2","14","0","0","6.67","SaGa 2: Hihou Densetsu - Goddess of Destiny"
"Black Bird","10117","Black Bird","94800","8100","829","1","31","0","0","11.7","Black Bird"
"VOEZ","10118","VOEZ","94800","22260","179","2","189","0","0","4.26","VOEZ"
"300 Heroes","10119","300 Heroes","94740","71160","120","3","50","0","0","1.33","300 Heroes"
"Shining Soul II","10120","Shining Soul II","94680","8040","91","1","15","0","0","11.78","Shining Soul II"
"Manga Collection","10121","Manga Collection","94560","12600","107","2","35","0","0","7.5","Manga Collection"
"Ragnarok Tactics","10122","Ragnarok Tactics","94560","4680","97","2","11","0","0","20.21","Ragnarok Tactics"
"Intelligent Design","10123","Intelligent Design","94500","4800","606","2","18","0","0","19.69","Intelligent Design"
"Dragon Slayer Gaiden","10124","Dragon Slayer Gaiden","94440","1440","1626","1","3","0","0","65.58","Dragon Slayer Gaiden"
"Digimon Rumble Arena","10125","Digimon Rumble Arena","94440","23880","60","3","67","0","0","3.95","Digimon Rumble Arena"
"Rising Thunder","10126","Rising Thunder","94380","4860","579","2","19","0","0","19.42","Rising Thunder"
"Tower of Guns","10127","Tower of Guns","94380","19380","210","2","109","0","0","4.87","Tower of Guns"
"Elminage Gothic","10128","Elminage Gothic","94380","17100","33","2","8","0","0","5.52","Elminage Gothic"
"Unsung Warriors - Prologue","10129","Unsung Warriors - Prologue","94380","23280","128","4","205","0","0","4.05","Unsung Warriors - Prologue"
"Medal of Honor: Pacific Assault","10130","Medal of Honor: Pacific Assault","94320","41700","31","3","178","0","0","2.26","Medal of Honor: Pacific Assault"
"Urban Champion","10131","Urban Champion","94260","1200","1476","2","9","0","0","78.55","Urban Champion"
"Konami Hyper Soccer","10132","Konami Hyper Soccer","94200","540","321","1","2","0","0","174.44","Konami Hyper Soccer"
"Master of Magic","10133","Master of Magic","94140","30900","54","2","30","0","0","3.05","Master of Magic"
"Fear Effect","10134","Fear Effect","94140","12900","88","1","39","0","0","7.3","Fear Effect"
"Dawn of Mana","10135","Dawn of Mana","94140","11340","767","2","27","0","0","8.3","Dawn of Mana"
"Breakout","10136","Breakout","94140","10260","342","2","26","0","0","9.18","Breakout"
"Police Chase","10137","Police Chase","94140","1080","394","2","7","0","0","87.17","Police Chase"
"Mad Dog McCree: Gunslinger Pack","10138","Mad Dog McCree: Gunslinger Pack","94080","300","1587","1","4","0","0","313.6","Mad Dog McCree: Gunslinger Pack"
"Nancy Drew: The Secret of the Scarlet Hand","10139","Nancy Drew: The Secret of the Scarlet Hand","94080","14640","370","2","37","0","0","6.43","Nancy Drew: The Secret of the Scarlet Hand"
"Anarchy Reigns","10140","Anarchy Reigns","94080","8040","139","2","27","0","0","11.7","Anarchy Reigns"
"FIFA Manager 09","10141","FIFA Manager 09","94080","540","806","1","2","0","0","174.22","FIFA Manager 09"
"The Padre","10142","The Padre","94020","6300","426","1","26","0","0","14.92","The Padre"
"Amy","10143","Amy","94020","3060","238","1","12","0","0","30.73","Amy"
"Cricket Through the Ages","10144","Cricket Through the Ages","94020","180","1583","1","2","0","0","522.33","Cricket Through the Ages"
"Yu-Gi-Oh! Dungeon Dice Monsters","10145","Yu-Gi-Oh! Dungeon Dice Monsters","93960","7260","254","2","28","0","0","12.94","Yu-Gi-Oh! Dungeon Dice Monsters"
"Disney Princess: My Fairytale Adventure","10146","Disney Princess: My Fairytale Adventure","93960","1800","1412","1","10","0","0","52.2","Disney Princess: My Fairytale Adventure"
"Extermination","10147","Extermination","93900","15480","193","2","36","0","0","6.07","Extermination"
"Solar 2","10148","Solar 2","93900","7980","559","2","57","0","0","11.77","Solar 2"
"Regalia: Of Men and Monarchs","10149","Regalia: Of Men and Monarchs","93900","9180","59","1","28","0","0","10.23","Regalia: Of Men and Monarchs"
"Inferno Climber","10150","Inferno Climber","93900","8520","73","1","19","0","0","11.02","Inferno Climber"
"Baldr Sky","10151","Baldr Sky","93900","7800","177","2","16","0","0","12.04","Baldr Sky"
"The King of Fighters XII","10152","The King of Fighters XII","93780","2700","1207","1","18","0","0","34.73","The King of Fighters XII"
"Pac-Man 2: The New Adventures","10153","Pac-Man 2: The New Adventures","93720","11460","333","2","56","0","0","8.18","Pac-Man 2: The New Adventures"
"Ping Pong Power","10154","Ping Pong Power","93720","1080","657","1","6","0","0","86.78","Ping Pong Power"
"Spinnortality","10155","Spinnortality","93720","7860","274","5","35","0","0","11.92","Spinnortality"
"The Lurking Horror","10156","The Lurking Horror","93660","4320","2130","2","37","0","0","21.68","The Lurking Horror"
"Vox Machinae","10157","Vox Machinae","93600","37800","100","2","134","0","0","2.48","Vox Machinae"
"Poi","10158","Poi","93600","24420","164","2","101","0","0","3.83","Poi"
"Hello Kitty Kruisers with Sanrio Friends","10159","Hello Kitty Kruisers with Sanrio Friends","93540","12780","344","2","20","0","0","7.32","Hello Kitty Kruisers with Sanrio Friends"
"Type Knight","10160","Type Knight","93540","780","1513","1","10","0","0","119.92","Type Knight"
"Audio Trip","10161","Audio Trip","93540","10980","271","3","46","0","0","8.52","Audio Trip"
"Protocore","10162","Protocore","93480","4020","273","5","29","0","0","23.25","Protocore"
"Star Trek Adventurers","10163","Star Trek Adventurers","93480","21840","46","3","17","0","0","4.28","Star Trek Adventurers"
"A Sound of Thunder","10164","A Sound of Thunder","93420","840","588","4","6","0","0","111.21","A Sound of Thunder"
"Pitfall: The Mayan Adventure","10165","Pitfall: The Mayan Adventure","93420","7920","574","4","36","0","0","11.8","Pitfall: The Mayan Adventure"
"Dig Dug","10166","Dig Dug","93360","24360","233","2","138","0","0","3.83","Dig Dug"
"Universal Paperclips","10167","Universal Paperclips","93360","10020","330","2","37","0","0","9.32","Universal Paperclips"
"Incredible Mandy","10168","Incredible Mandy","93300","9360","138","2","32","0","0","9.97","Incredible Mandy"
"Land of the Dead: Road to Fiddler's Green","10169","Land of the Dead: Road to Fiddler's Green","93300","10740","381","2","56","0","0","8.69","Land of the Dead: Road to Fiddler's Green"
"Pirates of the Caribbean","10170","Pirates of the Caribbean","93240","12120","190","2","44","0","0","7.69","Pirates of the Caribbean"
"Disruptor","10171","Disruptor","93240","1560","545","1","5","0","0","59.77","Disruptor"
"Armored Core V","10172","Armored Core V","93240","4860","88","1","13","0","0","19.19","Armored Core V"
"Westland Survival","10173","Westland Survival","93240","31800","202","4","195","0","0","2.93","Westland Survival"
"Just English","10174","Just English","93180","21780","390","2","28","0","0","4.28","Just English"
"Super Robot Wars L","10175","Super Robot Wars L","93180","8820","121","1","7","0","0","10.56","Super Robot Wars L"
"Metal Gear Online","10176","Metal Gear Online","93180","41400","47","3","66","0","0","2.25","Metal Gear Online"
"Guitar Hero: Smash Hits","10177","Guitar Hero: Smash Hits","93120","8460","391","2","45","0","0","11.01","Guitar Hero: Smash Hits"
"King's Bounty: Dark Side","10178","King's Bounty: Dark Side","93120","49920","46","3","43","0","0","1.87","King's Bounty: Dark Side"
"Cadash","10179","Cadash","93120","3240","289","1","17","0","0","28.74","Cadash"
"Densha de Go! 2 3000","10180","Densha de Go! 2 3000","93120","1440","172","1","1","0","0","64.67","Densha de Go! 2 3000"
"The Bugs Bunny Crazy Castle II","10181","The Bugs Bunny Crazy Castle II","93060","600","1415","1","4","0","0","155.1","The Bugs Bunny Crazy Castle II"
"Harvest Moon: Another Wonderful Life","10182","Harvest Moon: Another Wonderful Life","93060","22620","184","2","48","0","0","4.11","Harvest Moon: Another Wonderful Life"
"Need for Speed Nitro","10183","Need for Speed Nitro","93060","3120","611","2","12","0","0","29.83","Need for Speed Nitro"
"S3: Silent Storm - Sentinels","10184","S3: Silent Storm - Sentinels","93000","23700","51","2","22","0","0","3.92","S3: Silent Storm - Sentinels"
"Wartile","10185","Wartile","92880","9600","124","2","28","0","0","9.68","Wartile"
"Keen","10186","Keen","92880","420","1539","1","4","0","0","221.14","Keen"
"No Heroes Here","10187","No Heroes Here","92880","13500","175","3","95","0","0","6.88","No Heroes Here"
"Armored Core 2","10188","Armored Core 2","92880","11700","151","2","32","0","0","7.94","Armored Core 2"
"Langrisser V: The End of Legend","10189","Langrisser V: The End of Legend","92820","1080","267","1","3","0","0","85.94","Langrisser V: The End of Legend"
"DANCERUSH STARDOM","10190","DANCERUSH STARDOM","92700","10500","188","2","28","0","0","8.83","DANCERUSH STARDOM"
"Hello Hero","10191","Hello Hero","92640","7500","36","1","3","0","0","12.35","Hello Hero"
"Bad Eggs Online","10192","Bad Eggs Online","92640","5100","864","2","31","0","0","18.16","Bad Eggs Online"
"Shank 2","10193","Shank 2","92640","21060","322","2","119","0","0","4.4","Shank 2"
"America's Army: Operations","10194","America's Army: Operations","92640","3180","161","1","12","0","0","29.13","America's Army: Operations"
"RDS The Official Drift Videogame","10195","RDS The Official Drift Videogame","92580","33120","54","3","112","0","0","2.8","RDS The Official Drift Videogame"
"ÜberSoldier II","10196","ÜberSoldier II","92520","2880","190","1","14","0","0","32.13","ÜberSoldier II"
"Warhammer 40,000: Armageddon","10197","Warhammer 40,000: Armageddon","92520","6120","1310","1","20","0","0","15.12","Warhammer 40,000: Armageddon"
"Sakura Wars: So Long, My Love","10198","Sakura Wars: So Long, My Love","92520","28860","46","3","21","0","0","3.21","Sakura Wars: So Long, My Love"
"Langrisser II","10199","Langrisser II","92460","6240","216","1","17","0","0","14.82","Langrisser II"
"First Winter","10200","First Winter","92340","2580","442","1","22","0","0","35.79","First Winter"