"","","Game","Watch time","Stream time","Peak viewers","Peak channels","Streamers","Average viewers","Average channels","Average viewer ratio",""
"Club Penguin Island","13801","Club Penguin Island","32040","19260","17","2","98","0","0","1.66","Club Penguin Island"
"Rainbow Cotton","13802","Rainbow Cotton","32040","900","95","1","3","0","0","35.6","Rainbow Cotton"
"Micro Machines","13803","Micro Machines","32040","7380","47","5","31","0","0","4.34","Micro Machines"
"Enemy Territory: Quake Wars","13804","Enemy Territory: Quake Wars","32040","20940","7","2","22","0","0","1.53","Enemy Territory: Quake Wars"
"Mitsume ga Tooru","13805","Mitsume ga Tooru","32040","1980","281","1","11","0","0","16.18","Mitsume ga Tooru"
"Star Wars: Starfighter","13806","Star Wars: Starfighter","32040","3660","167","1","26","0","0","8.75","Star Wars: Starfighter"
"Super Win the Game","13807","Super Win the Game","32040","3600","107","1","19","0","0","8.9","Super Win the Game"
"SimCity BuildIt","13808","SimCity BuildIt","31980","21900","76","2","79","0","0","1.46","SimCity BuildIt"
"The Kingdom of Loathing","13809","The Kingdom of Loathing","31980","9600","29","1","29","0","0","3.33","The Kingdom of Loathing"
"Fishing Girl","13810","Fishing Girl","31980","1920","428","1","10","0","0","16.66","Fishing Girl"
"Tiny Toon Adventures: Cartoon Workshop","13811","Tiny Toon Adventures: Cartoon Workshop","31980","420","547","1","3","0","0","76.14","Tiny Toon Adventures: Cartoon Workshop"
"Close Combat: Gateway to Caen","13812","Close Combat: Gateway to Caen","31980","1380","100","1","9","0","0","23.17","Close Combat: Gateway to Caen"
"Torino 2006","13813","Torino 2006","31980","120","339","1","1","0","0","266.5","Torino 2006"
"Wing of Misadventure","13814","Wing of Misadventure","31980","13320","25","3","32","0","0","2.4","Wing of Misadventure"
"Urban Empire","13815","Urban Empire","31980","7260","334","2","31","0","0","4.4","Urban Empire"
"Polyroll","13816","Polyroll","31920","4740","58","2","20","0","0","6.73","Polyroll"
"High Fidelity","13817","High Fidelity","31920","13560","174","4","19","0","0","2.35","High Fidelity"
"Big Titty Teacher: Hentai School Life","13818","Big Titty Teacher: Hentai School Life","31920","13020","36","2","13","0","0","2.45","Big Titty Teacher: Hentai School Life"
"Gaia Beyond","13819","Gaia Beyond","31920","6480","107","1","16","0","0","4.93","Gaia Beyond"
"Timeslip","13820","Timeslip","31920","300","311","2","3","0","0","106.4","Timeslip"
"Ski or Die","13821","Ski or Die","31920","600","483","1","5","0","0","53.2","Ski or Die"
"Toribash: Violence Perfected","13822","Toribash: Violence Perfected","31920","13740","23","2","72","0","0","2.32","Toribash: Violence Perfected"
"Anomaly Defenders","13823","Anomaly Defenders","31860","2820","225","1","10","0","0","11.3","Anomaly Defenders"
"Street Fighter II': Hyper Fighting","13824","Street Fighter II': Hyper Fighting","31860","4380","175","2","38","0","0","7.27","Street Fighter II': Hyper Fighting"
"Bonanza Bros.","13825","Bonanza Bros.","31860","3900","280","1","21","0","0","8.17","Bonanza Bros."
"Initial D: Special Stage","13826","Initial D: Special Stage","31860","10380","43","2","46","0","0","3.07","Initial D: Special Stage"
"Learn to Fly 3","13827","Learn to Fly 3","31860","16440","20","1","109","0","0","1.94","Learn to Fly 3"
"Nicktoons: Freeze Frame Frenzy","13828","Nicktoons: Freeze Frame Frenzy","31860","960","133","1","5","0","0","33.19","Nicktoons: Freeze Frame Frenzy"
"Shadows of Kepler","13829","Shadows of Kepler","31800","1380","110","1","15","0","0","23.04","Shadows of Kepler"
"Baobabs Mausoleum Ep. 2 1313 Barnabas Dead End Drive","13830","Baobabs Mausoleum Ep. 2 1313 Barnabas Dead End Drive","31800","1020","240","1","6","0","0","31.18","Baobabs Mausoleum Ep. 2 1313 Barnabas Dead End Drive"
"Jikkyou Powerful Pro Yakyuu 9","13831","Jikkyou Powerful Pro Yakyuu 9","31800","660","107","1","2","0","0","48.18","Jikkyou Powerful Pro Yakyuu 9"
"Sound of Drop - fall into poison -","13832","Sound of Drop - fall into poison -","31800","6600","29","1","19","0","0","4.82","Sound of Drop - fall into poison -"
"Lost Socks Naughty Brothers","13833","Lost Socks Naughty Brothers","31800","180","469","1","2","0","0","176.67","Lost Socks Naughty Brothers"
"Covert Front: Episode One - All Quiet on Covert Front","13834","Covert Front: Episode One - All Quiet on Covert Front","31800","1320","344","1","3","0","0","24.09","Covert Front: Episode One - All Quiet on Covert Front"
"R.I.S.K.","13835","R.I.S.K.","31800","2520","103","2","17","0","0","12.62","R.I.S.K."
"Ark of Time","13836","Ark of Time","31800","1920","138","1","6","0","0","16.56","Ark of Time"
"Capsized","13837","Capsized","31800","3000","240","1","20","0","0","10.6","Capsized"
"Blitzkrieg","13838","Blitzkrieg","31800","5460","67","1","19","0","0","5.82","Blitzkrieg"
"Karateka","13839","Karateka","31800","1620","537","1","14","0","0","19.63","Karateka"
"Ancient Planet","13840","Ancient Planet","31740","3060","163","1","15","0","0","10.37","Ancient Planet"
"Killzone 3","13841","Killzone 3","31740","11220","14","1","21","0","0","2.83","Killzone 3"
"Cloudbuilt","13842","Cloudbuilt","31740","9420","44","2","49","0","0","3.37","Cloudbuilt"
"Puyo Puyo SUN","13843","Puyo Puyo SUN","31740","9660","13","3","25","0","0","3.29","Puyo Puyo SUN"
"Battle Arena Toshinden","13844","Battle Arena Toshinden","31740","2940","274","1","26","0","0","10.8","Battle Arena Toshinden"
"Lands of Lore III","13845","Lands of Lore III","31740","4800","26","1","5","0","0","6.61","Lands of Lore III"
"King of the Road","13846","King of the Road","31740","4440","114","1","22","0","0","7.15","King of the Road"
"Blocks from Hell","13847","Blocks from Hell","31740","1080","42","1","2","0","0","29.39","Blocks from Hell"
"Dab, Dance & Twerk","13848","Dab, Dance & Twerk","31740","1740","226","1","8","0","0","18.24","Dab, Dance & Twerk"
"Little Bug","13849","Little Bug","31740","1620","94","2","11","0","0","19.59","Little Bug"
"Skydiving Extreme","13850","Skydiving Extreme","31740","420","267","2","6","0","0","75.57","Skydiving Extreme"
"Creatures","13851","Creatures","31680","4860","36","2","15","0","0","6.52","Creatures"
"Draw a Stickman: EPIC","13852","Draw a Stickman: EPIC","31680","4140","128","1","30","0","0","7.65","Draw a Stickman: EPIC"
"Yatagarasu: Attack on Cataclysm","13853","Yatagarasu: Attack on Cataclysm","31680","5400","158","2","26","0","0","5.87","Yatagarasu: Attack on Cataclysm"
"Do It for Me","13854","Do It for Me","31620","1200","456","1","9","0","0","26.35","Do It for Me"
"Empire Earth: The Art of Conquest","13855","Empire Earth: The Art of Conquest","31620","14880","30","2","49","0","0","2.13","Empire Earth: The Art of Conquest"
"Hot Shots Golf Fore!","13856","Hot Shots Golf Fore!","31620","8700","26","1","11","0","0","3.63","Hot Shots Golf Fore!"
"Skiing","13857","Skiing","31620","229920","38","2","11","0","0","0.14","Skiing"
"Red Crucible: Firestorm","13858","Red Crucible: Firestorm","31620","10560","112","2","78","0","0","2.99","Red Crucible: Firestorm"
"Digimon Linkz","13859","Digimon Linkz","31620","4980","77","2","17","0","0","6.35","Digimon Linkz"
"Golem Gates","13860","Golem Gates","31620","3960","123","1","18","0","0","7.98","Golem Gates"
"MaXXed Out Racing","13861","MaXXed Out Racing","31620","360","544","1","2","0","0","87.83","MaXXed Out Racing"
"Under the Sand","13862","Under the Sand","31560","2400","106","1","22","0","0","13.15","Under the Sand"
"Devader","13863","Devader","31560","5760","41","2","37","0","0","5.48","Devader"
"Dstroy","13864","Dstroy","31560","2640","251","1","8","0","0","11.95","Dstroy"
"Christmas Wonderland","13865","Christmas Wonderland","31560","3360","100","3","5","0","0","9.39","Christmas Wonderland"
"FIFA 2001","13866","FIFA 2001","31560","1380","203","1","8","0","0","22.87","FIFA 2001"
"James Bond 007","13867","James Bond 007","31560","12780","119","2","41","0","0","2.47","James Bond 007"
"H.A.R.D","13868","H.A.R.D","31500","780","298","1","8","0","0","40.38","H.A.R.D"
"Forebearers: Hearth & Home","13869","Forebearers: Hearth & Home","31500","6120","89","2","34","0","0","5.15","Forebearers: Hearth & Home"
"Sylvio 2","13870","Sylvio 2","31500","3060","72","1","15","0","0","10.29","Sylvio 2"
"Mobile Suit Zeta Gundam: AEUG vs. Titans","13871","Mobile Suit Zeta Gundam: AEUG vs. Titans","31500","1320","91","1","4","0","0","23.86","Mobile Suit Zeta Gundam: AEUG vs. Titans"
"Legend Of Ace","13872","Legend Of Ace","31440","15780","124","2","104","0","0","1.99","Legend Of Ace"
"100 Familien Spiele","13873","100 Familien Spiele","31440","13560","11","1","2","0","0","2.32","100 Familien Spiele"
"Steam Prison","13874","Steam Prison","31440","6360","39","1","16","0","0","4.94","Steam Prison"
"The Longest Five Minutes","13875","The Longest Five Minutes","31440","4920","35","1","14","0","0","6.39","The Longest Five Minutes"
"LocoCycle","13876","LocoCycle","31440","3300","54","1","11","0","0","9.53","LocoCycle"
"Shrek 2: Beg for Mercy!","13877","Shrek 2: Beg for Mercy!","31440","960","311","3","8","0","0","32.75","Shrek 2: Beg for Mercy!"
"World Driver Championship","13878","World Driver Championship","31440","5760","15","1","5","0","0","5.46","World Driver Championship"
"Buster","13879","Buster","31440","1440","66","3","4","0","0","21.83","Buster"
"Russian Front II: The Kursk Campaign","13880","Russian Front II: The Kursk Campaign","31440","60","524","1","2","0","0","524","Russian Front II: The Kursk Campaign"
"Norse by Norse West: The Return of the Lost Vikings","13881","Norse by Norse West: The Return of the Lost Vikings","31380","5220","136","1","10","0","0","6.01","Norse by Norse West: The Return of the Lost Vikings"
"TRON 2.0: Killer App","13882","TRON 2.0: Killer App","31380","6540","29","1","19","0","0","4.8","TRON 2.0: Killer App"
"The Fairly OddParents: Shadow Showdown","13883","The Fairly OddParents: Shadow Showdown","31380","6480","106","2","20","0","0","4.84","The Fairly OddParents: Shadow Showdown"
"Greg Hastings' Tournament Paintball","13884","Greg Hastings' Tournament Paintball","31380","180","517","1","3","0","0","174.33","Greg Hastings' Tournament Paintball"
"Super Senso","13885","Super Senso","31380","660","504","1","4","0","0","47.55","Super Senso"
"Urban Trial Freestyle","13886","Urban Trial Freestyle","31380","3780","177","1","34","0","0","8.3","Urban Trial Freestyle"
"Tom Clancy's Ghost Recon: Desert Siege","13887","Tom Clancy's Ghost Recon: Desert Siege","31380","1320","88","2","5","0","0","23.77","Tom Clancy's Ghost Recon: Desert Siege"
"Battle Chess","13888","Battle Chess","31380","2880","382","1","17","0","0","10.9","Battle Chess"
"Yu-Gi-Oh! 7 Trials to Glory: World Championship Tournament 2005","13889","Yu-Gi-Oh! 7 Trials to Glory: World Championship Tournament 2005","31380","6480","106","1","14","0","0","4.84","Yu-Gi-Oh! 7 Trials to Glory: World Championship Tournament 2005"
"Conquests of Camelot: The Search for the Grail","13890","Conquests of Camelot: The Search for the Grail","31380","4200","29","1","11","0","0","7.47","Conquests of Camelot: The Search for the Grail"
"Bomberman Tournament","13891","Bomberman Tournament","31320","5520","131","1","17","0","0","5.67","Bomberman Tournament"
"Trapt","13892","Trapt","31320","3360","50","1","12","0","0","9.32","Trapt"
"WRC 5","13893","WRC 5","31320","22860","38","1","129","0","0","1.37","WRC 5"
"JoJo's Bizarre Adventure: Phantom Blood","13894","JoJo's Bizarre Adventure: Phantom Blood","31320","12660","18","1","38","0","0","2.47","JoJo's Bizarre Adventure: Phantom Blood"
"Winning Eleven World Soccer","13895","Winning Eleven World Soccer","31320","4200","72","2","24","0","0","7.46","Winning Eleven World Soccer"
"Tom Clancy's Ghost Recon: Advanced Warfighter 2","13896","Tom Clancy's Ghost Recon: Advanced Warfighter 2","31260","15420","20","2","214","0","0","2.03","Tom Clancy's Ghost Recon: Advanced Warfighter 2"
"Touhou 14 - Double Dealing Character","13897","Touhou 14 - Double Dealing Character","31260","14340","31","2","77","0","0","2.18","Touhou 14 - Double Dealing Character"
"Gun-Nac","13898","Gun-Nac","31260","2160","242","1","11","0","0","14.47","Gun-Nac"
"World Tour Golf","13899","World Tour Golf","31260","1200","134","1","6","0","0","26.05","World Tour Golf"
"Dolmen","13900","Dolmen","31260","1620","88","1","12","0","0","19.3","Dolmen"