"","","Game","Watch time","Stream time","Peak viewers","Peak channels","Streamers","Average viewers","Average channels","Average viewer ratio",""
"BS Zelda no Densetsu","11301","BS Zelda no Densetsu","65220","4680","139","2","14","0","0","13.94","BS Zelda no Densetsu"
"Demoniaca: Everlasting Night","11302","Demoniaca: Everlasting Night","65220","5880","292","2","34","0","0","11.09","Demoniaca: Everlasting Night"
"Dragonfable","11303","Dragonfable","65160","42540","20","2","86","0","0","1.53","Dragonfable"
"My Riding Stables: Life with Horses","11304","My Riding Stables: Life with Horses","65160","3900","214","1","32","0","0","16.71","My Riding Stables: Life with Horses"
"6 Colors","11305","6 Colors","65160","60","1086","1","2","0","0","1086","6 Colors"
"Fenimore Fillmore: The Westerner","11306","Fenimore Fillmore: The Westerner","65160","2220","405","1","8","0","0","29.35","Fenimore Fillmore: The Westerner"
"Technosphere","11307","Technosphere","65160","4320","179","2","22","0","0","15.08","Technosphere"
"My Farm","11308","My Farm","65100","79500","13","2","3","0","0","0.82","My Farm"
"Sokobond","11309","Sokobond","65100","11940","180","2","71","0","0","5.45","Sokobond"
"She and the Light Bearer","11310","She and the Light Bearer","65100","7260","57","1","33","0","0","8.97","She and the Light Bearer"
"Jonas","11311","Jonas","65040","1260","177","1","3","0","0","51.62","Jonas"
"Final Fantasy XV Pocket Edition","11312","Final Fantasy XV Pocket Edition","65040","22380","70","2","83","0","0","2.91","Final Fantasy XV Pocket Edition"
"Cookies vs. Claus","11313","Cookies vs. Claus","64980","1980","1324","2","14","0","0","32.82","Cookies vs. Claus"
"Genetic Disaster","11314","Genetic Disaster","64980","2760","311","2","23","0","0","23.54","Genetic Disaster"
"Rogan: The Thief In The Castle","11315","Rogan: The Thief In The Castle","64980","2040","971","1","13","0","0","31.85","Rogan: The Thief In The Castle"
"Tengai Makyou: Ziria","11316","Tengai Makyou: Ziria","64920","2520","537","1","4","0","0","25.76","Tengai Makyou: Ziria"
"Company of Heroes: Opposing Fronts","11317","Company of Heroes: Opposing Fronts","64920","10140","27","2","17","0","0","6.4","Company of Heroes: Opposing Fronts"
"Unbound","11318","Unbound","64860","2040","426","1","19","0","0","31.79","Unbound"
"Party Hard Tycoon","11319","Party Hard Tycoon","64800","3960","133","1","20","0","0","16.36","Party Hard Tycoon"
"TurnOn","11320","TurnOn","64800","4320","134","1","22","0","0","15","TurnOn"
"Sanctus Mortem","11321","Sanctus Mortem","64800","7800","24","1","6","0","0","8.31","Sanctus Mortem"
"Mitos.is","11322","Mitos.is","64800","23760","323","2","95","0","0","2.73","Mitos.is"
"Dangerous Waters","11323","Dangerous Waters","64800","12120","65","2","15","0","0","5.35","Dangerous Waters"
"Gensokyo Defenders","11324","Gensokyo Defenders","64800","8100","193","2","16","0","0","8","Gensokyo Defenders"
"Wing Commander II: Vengeance of the Kilrathi","11325","Wing Commander II: Vengeance of the Kilrathi","64740","780","179","1","4","0","0","83","Wing Commander II: Vengeance of the Kilrathi"
"Awesome Possum Kicks Dr. Machino's Butt!","11326","Awesome Possum Kicks Dr. Machino's Butt!","64740","2160","381","1","13","0","0","29.97","Awesome Possum Kicks Dr. Machino's Butt!"
"Panzer Corps","11327","Panzer Corps","64740","7380","88","2","23","0","0","8.77","Panzer Corps"
"Masters of Anima","11328","Masters of Anima","64740","8100","204","2","24","0","0","7.99","Masters of Anima"
"Hoops","11329","Hoops","64680","720","425","1","2","0","0","89.83","Hoops"
"The Scorpion King: Rise of the Akkadian","11330","The Scorpion King: Rise of the Akkadian","64620","2460","869","1","5","0","0","26.27","The Scorpion King: Rise of the Akkadian"
"Fractured Space","11331","Fractured Space","64620","24600","22","3","114","0","0","2.63","Fractured Space"
"Celaria","11332","Celaria","64620","4080","335","2","17","0","0","15.84","Celaria"
"Ascension","11333","Ascension","64560","16140","69","2","70","0","0","4","Ascension"
"Limbo of The Lost","11334","Limbo of The Lost","64560","19440","21","2","43","0","0","3.32","Limbo of The Lost"
"Race Drivin'","11335","Race Drivin'","64560","3360","385","2","16","0","0","19.21","Race Drivin'"
"Crypt of the Serpent King","11336","Crypt of the Serpent King","64560","18720","138","2","110","0","0","3.45","Crypt of the Serpent King"
"RUSH VR","11337","RUSH VR","64560","6120","92","3","41","0","0","10.55","RUSH VR"
"Duck Hunt","11338","Duck Hunt","64500","11100","119","2","65","0","0","5.81","Duck Hunt"
"NBA Live 18","11339","NBA Live 18","64440","92580","31","5","474","0","0","0.7","NBA Live 18"
"Gretel & Hansel 2","11340","Gretel & Hansel 2","64440","900","941","1","7","0","0","71.6","Gretel & Hansel 2"
"Kung-Fu Master","11341","Kung-Fu Master","64380","1440","541","1","9","0","0","44.71","Kung-Fu Master"
"Ganbare Goemon: Ooedo Daikaiten","11342","Ganbare Goemon: Ooedo Daikaiten","64380","3600","128","3","7","0","0","17.88","Ganbare Goemon: Ooedo Daikaiten"
"Lost: Via Domus","11343","Lost: Via Domus","64380","14340","78","2","42","0","0","4.49","Lost: Via Domus"
"pop'n music 9","11344","pop'n music 9","64320","660","232","1","4","0","0","97.45","pop'n music 9"
"Trash in Space","11345","Trash in Space","64260","12840","15","2","8","0","0","5","Trash in Space"
"Metal Tales: Fury of the Guitar Gods","11346","Metal Tales: Fury of the Guitar Gods","64260","7440","86","6","48","0","0","8.64","Metal Tales: Fury of the Guitar Gods"
"Noise","11347","Noise","64200","4140","97","2","21","0","0","15.51","Noise"
"ASDA Global","11348","ASDA Global","64200","8580","169","2","29","0","0","7.48","ASDA Global"
"Dead or Alive 2","11349","Dead or Alive 2","64200","5520","838","2","37","0","0","11.63","Dead or Alive 2"
"Gas Guzzlers Extreme","11350","Gas Guzzlers Extreme","64200","21300","77","3","110","0","0","3.01","Gas Guzzlers Extreme"
"Star Wars: Galaxies - Starter Kit","11351","Star Wars: Galaxies - Starter Kit","64140","3480","314","1","11","0","0","18.43","Star Wars: Galaxies - Starter Kit"
"Apocalipsis: Harry at the End of the World","11352","Apocalipsis: Harry at the End of the World","64140","7680","174","1","42","0","0","8.35","Apocalipsis: Harry at the End of the World"
"Whirlo","11353","Whirlo","64080","4020","81","4","10","0","0","15.94","Whirlo"
"Fullmetal Alchemist 2: Curse of the Crimson Elixir","11354","Fullmetal Alchemist 2: Curse of the Crimson Elixir","64080","8040","67","2","14","0","0","7.97","Fullmetal Alchemist 2: Curse of the Crimson Elixir"
"Star Fox Command","11355","Star Fox Command","64020","3120","328","2","12","0","0","20.52","Star Fox Command"
"Quest for Glory II: Trial by Fire VGA","11356","Quest for Glory II: Trial by Fire VGA","64020","6600","74","2","13","0","0","9.7","Quest for Glory II: Trial by Fire VGA"
"OverRide","11357","OverRide","64020","7440","235","2","25","0","0","8.6","OverRide"
"The Static Speaks My Name","11358","The Static Speaks My Name","63960","13200","57","2","149","0","0","4.85","The Static Speaks My Name"
"You Don't Know Jack Movies","11359","You Don't Know Jack Movies","63900","7560","98","2","10","0","0","8.45","You Don't Know Jack Movies"
"Airwolf","11360","Airwolf","63900","720","639","1","5","0","0","88.75","Airwolf"
"Era of Celestials","11361","Era of Celestials","63900","61140","175","3","92","0","0","1.05","Era of Celestials"
"It's Winter","11362","It's Winter","63900","2940","167","1","26","0","0","21.73","It's Winter"
"Rock Band VR","11363","Rock Band VR","63840","2100","496","1","14","0","0","30.4","Rock Band VR"
"Castlevania: The Adventure ReBirth","11364","Castlevania: The Adventure ReBirth","63840","14340","54","2","48","0","0","4.45","Castlevania: The Adventure ReBirth"
"Black Ice","11365","Black Ice","63840","17040","28","3","74","0","0","3.75","Black Ice"
"Sword Coast Legends","11366","Sword Coast Legends","63780","16260","22","2","64","0","0","3.92","Sword Coast Legends"
"Warhammer 40,000: Sanctus Reach","11367","Warhammer 40,000: Sanctus Reach","63780","21180","284","2","33","0","0","3.01","Warhammer 40,000: Sanctus Reach"
"Korg Gadget","11368","Korg Gadget","63780","4440","388","1","25","0","0","14.36","Korg Gadget"
"Disney's The Haunted Mansion","11369","Disney's The Haunted Mansion","63720","10620","208","1","24","0","0","6","Disney's The Haunted Mansion"
"Alex Kidd: The Lost Stars","11370","Alex Kidd: The Lost Stars","63660","600","387","1","6","0","0","106.1","Alex Kidd: The Lost Stars"
"The Hunter: Primal","11371","The Hunter: Primal","63660","14700","202","2","82","0","0","4.33","The Hunter: Primal"
"Princess Remedy","11372","Princess Remedy","63600","9120","199","1","58","0","0","6.97","Princess Remedy"
"Breakdown","11373","Breakdown","63540","15360","64","2","46","0","0","4.14","Breakdown"
"Tron 2.0","11374","Tron 2.0","63540","18720","141","2","52","0","0","3.39","Tron 2.0"
"LEGO Racers 2","11375","LEGO Racers 2","63540","9480","205","1","34","0","0","6.7","LEGO Racers 2"
"LADA Racing Club","11376","LADA Racing Club","63540","5520","321","1","6","0","0","11.51","LADA Racing Club"
"Dance Central VR","11377","Dance Central VR","63540","4860","226","3","29","0","0","13.07","Dance Central VR"
"Magrunner: Dark Pulse","11378","Magrunner: Dark Pulse","63480","8040","87","1","23","0","0","7.9","Magrunner: Dark Pulse"
"Cool Boarders 3","11379","Cool Boarders 3","63360","1500","505","1","12","0","0","42.24","Cool Boarders 3"
"Doguria","11380","Doguria","63360","46800","155","1","5","0","0","1.35","Doguria"
"Pirate Ship Higemaru","11381","Pirate Ship Higemaru","63360","720","750","1","4","0","0","88","Pirate Ship Higemaru"
"Master of Puppets","11382","Master of Puppets","63360","1680","88","1","3","0","0","37.71","Master of Puppets"
"Widget Satchel","11383","Widget Satchel","63360","1140","334","1","6","0","0","55.58","Widget Satchel"
"Initial D","11384","Initial D","63300","29640","22","2","108","0","0","2.14","Initial D"
"Aftermath","11385","Aftermath","63300","17520","100","3","36","0","0","3.61","Aftermath"
"Geometry Wars: Retro Evolved 2","11386","Geometry Wars: Retro Evolved 2","63300","11040","131","2","65","0","0","5.73","Geometry Wars: Retro Evolved 2"
"Umihara Kawase Fresh!","11387","Umihara Kawase Fresh!","63300","13020","141","2","38","0","0","4.86","Umihara Kawase Fresh!"
"BlazBlue: Chrono Phantasma","11388","BlazBlue: Chrono Phantasma","63240","12660","119","2","70","0","0","5","BlazBlue: Chrono Phantasma"
"Starblast","11389","Starblast","63240","12840","385","1","52","0","0","4.93","Starblast"
"ZOMBS.io","11390","ZOMBS.io","63120","31920","55","2","236","0","0","1.98","ZOMBS.io"
"Splash! Magikarp","11391","Splash! Magikarp","63060","720","258","1","5","0","0","87.58","Splash! Magikarp"
"Super Dangerous Dungeons","11392","Super Dangerous Dungeons","63060","1620","350","1","15","0","0","38.93","Super Dangerous Dungeons"
"Ganbare Goemon 2: Kiteretsu Shogun Magginesu","11393","Ganbare Goemon 2: Kiteretsu Shogun Magginesu","63060","6600","152","4","15","0","0","9.55","Ganbare Goemon 2: Kiteretsu Shogun Magginesu"
"Blue Estate","11394","Blue Estate","63000","12720","253","2","83","0","0","4.95","Blue Estate"
"Game Box Série Esportes","11395","Game Box Série Esportes","63000","2520","632","1","7","0","0","25","Game Box Série Esportes"
"Garbage Truck!","11396","Garbage Truck!","63000","7560","229","2","15","0","0","8.33","Garbage Truck!"
"Dungeonmans","11397","Dungeonmans","62940","23280","157","2","36","0","0","2.7","Dungeonmans"
"Menzoberranzan","11398","Menzoberranzan","62880","3000","268","1","6","0","0","20.96","Menzoberranzan"
"Hatoful Boyfriend: Holiday Star","11399","Hatoful Boyfriend: Holiday Star","62820","13080","83","3","70","0","0","4.8","Hatoful Boyfriend: Holiday Star"
"NCAA College Football 2K2: Road to the Rose Bowl","11400","NCAA College Football 2K2: Road to the Rose Bowl","62820","1920","628","4","12","0","0","32.72","NCAA College Football 2K2: Road to the Rose Bowl"