"","","Game","Watch time","Stream time","Peak viewers","Peak channels","Streamers","Average viewers","Average channels","Average viewer ratio",""
"Squirm","10601","Squirm","81000","3180","519","1","4","0","0","25.47","Squirm"
"Learn Japanese to Survive! Katakana War","10602","Learn Japanese to Survive! Katakana War","81000","12240","99","2","32","0","0","6.62","Learn Japanese to Survive! Katakana War"
"Asterix and Obelix: Kick Buttix","10603","Asterix and Obelix: Kick Buttix","81000","17160","62","3","26","0","0","4.72","Asterix and Obelix: Kick Buttix"
"Jamestown+","10604","Jamestown+","81000","5220","616","3","40","0","0","15.52","Jamestown+"
".hack//OUTBREAK - Part 3","10605",".hack//OUTBREAK - Part 3","80940","30600","32","2","36","0","0","2.65",".hack//OUTBREAK - Part 3"
"Thunder & Lightning","10606","Thunder & Lightning","80940","4500","54","2","6","0","0","17.99","Thunder & Lightning"
"The Fast and The Furious","10607","The Fast and The Furious","80940","5940","916","1","16","0","0","13.63","The Fast and The Furious"
"Neverwinter Nights 2: Mask of the Betrayer","10608","Neverwinter Nights 2: Mask of the Betrayer","80940","14340","78","2","20","0","0","5.64","Neverwinter Nights 2: Mask of the Betrayer"
"Flatout 4: Total Insanity","10609","Flatout 4: Total Insanity","80940","34920","264","3","224","0","0","2.32","Flatout 4: Total Insanity"
"Project Zero Deaths","10610","Project Zero Deaths","80940","28800","44","4","200","0","0","2.81","Project Zero Deaths"
"Marvel","10611","Marvel","80880","30000","109","4","95","0","0","2.7","Marvel"
"RPG Maker VX","10612","RPG Maker VX","80880","35520","30","3","100","0","0","2.28","RPG Maker VX"
"FIFA Manager 08","10613","FIFA Manager 08","80880","720","1029","1","3","0","0","112.33","FIFA Manager 08"
"Real Bout Fatal Fury Special","10614","Real Bout Fatal Fury Special","80820","4320","827","1","28","0","0","18.71","Real Bout Fatal Fury Special"
"Boom Beach","10615","Boom Beach","80820","40560","86","2","139","0","0","1.99","Boom Beach"
"Robinson: The Journey","10616","Robinson: The Journey","80820","23220","140","3","130","0","0","3.48","Robinson: The Journey"
"Butcher","10617","Butcher","80820","16980","249","2","121","0","0","4.76","Butcher"
"Whiplash","10618","Whiplash","80760","10920","253","2","23","0","0","7.4","Whiplash"
"Disney's the Lion King: Simba's Mighty Adventure","10619","Disney's the Lion King: Simba's Mighty Adventure","80760","1740","717","1","14","0","0","46.41","Disney's the Lion King: Simba's Mighty Adventure"
"Master of Epic","10620","Master of Epic","80700","67740","16","3","15","0","0","1.19","Master of Epic"
"Nonstop Knight","10621","Nonstop Knight","80700","10980","355","1","48","0","0","7.35","Nonstop Knight"
"The Shadows of Mordor","10622","The Shadows of Mordor","80640","5640","1285","2","41","0","0","14.3","The Shadows of Mordor"
"Swords & Soldiers II","10623","Swords & Soldiers II","80580","8100","281","5","55","0","0","9.95","Swords & Soldiers II"
"MXGP3 - The Official Motocross Videogame","10624","MXGP3 - The Official Motocross Videogame","80580","54960","55","3","319","0","0","1.47","MXGP3 - The Official Motocross Videogame"
"Football Game","10625","Football Game","80580","3720","412","3","19","0","0","21.66","Football Game"
"Crowd Simulator","10626","Crowd Simulator","80520","3480","154","2","38","0","0","23.14","Crowd Simulator"
"Super Gussun Oyoyo 2","10627","Super Gussun Oyoyo 2","80400","2580","1280","2","5","0","0","31.16","Super Gussun Oyoyo 2"
"Gradius IV Fukkatsu","10628","Gradius IV Fukkatsu","80400","1320","95","1","3","0","0","60.91","Gradius IV Fukkatsu"
"Enchanted Arms","10629","Enchanted Arms","80400","22860","58","2","40","0","0","3.52","Enchanted Arms"
"Age of War","10630","Age of War","80400","9960","120","2","92","0","0","8.07","Age of War"
"Dawn of Isles","10631","Dawn of Isles","80400","46320","44","7","116","0","0","1.74","Dawn of Isles"
"Movie Studios Party","10632","Movie Studios Party","80340","46500","29","3","176","0","0","1.73","Movie Studios Party"
"I Want To Be Human","10633","I Want To Be Human","80340","1920","633","1","13","0","0","41.84","I Want To Be Human"
"Rätsel & Denkspiele Extra","10634","Rätsel & Denkspiele Extra","80340","300","308","1","1","0","0","267.8","Rätsel & Denkspiele Extra"
"The Hunt for Red October","10635","The Hunt for Red October","80280","2040","407","1","10","0","0","39.35","The Hunt for Red October"
"The Sims: Online","10636","The Sims: Online","80280","18180","102","2","53","0","0","4.42","The Sims: Online"
"Warlock","10637","Warlock","80280","1680","452","2","11","0","0","47.79","Warlock"
"Tree of Life","10638","Tree of Life","80280","38400","26","3","91","0","0","2.09","Tree of Life"
"Monster Hunter Online","10639","Monster Hunter Online","80280","28680","34","2","51","0","0","2.8","Monster Hunter Online"
"Panzer Dragoon","10640","Panzer Dragoon","80220","8280","1221","2","47","0","0","9.69","Panzer Dragoon"
"Melee","10641","Melee","80220","23460","102","7","124","0","0","3.42","Melee"
"1080° Avalanche","10642","1080° Avalanche","80160","9120","242","2","34","0","0","8.79","1080° Avalanche"
"Tearaway Unfolded","10643","Tearaway Unfolded","80160","18000","54","2","155","0","0","4.45","Tearaway Unfolded"
"Giant Machines 2017","10644","Giant Machines 2017","80160","6780","462","1","21","0","0","11.82","Giant Machines 2017"
"Lost Horizon 2","10645","Lost Horizon 2","80100","2580","160","1","7","0","0","31.05","Lost Horizon 2"
"Superhero League of Hoboken","10646","Superhero League of Hoboken","80100","1980","124","1","6","0","0","40.45","Superhero League of Hoboken"
"N+","10647","N+","80100","13140","327","2","87","0","0","6.1","N+"
"AI War 2","10648","AI War 2","80100","17520","91","4","52","0","0","4.57","AI War 2"
"Darza's Dominion","10649","Darza's Dominion","80040","4260","80","1","12","0","0","18.79","Darza's Dominion"
"Meadow","10650","Meadow","80040","16980","122","2","113","0","0","4.71","Meadow"
"Recursed","10651","Recursed","80040","16500","198","4","31","0","0","4.85","Recursed"
"Lumines: Puzzle & Music","10652","Lumines: Puzzle & Music","79980","16620","250","2","71","0","0","4.81","Lumines: Puzzle & Music"
"Disgaea 3: Absence of Justice","10653","Disgaea 3: Absence of Justice","79980","19260","26","2","13","0","0","4.15","Disgaea 3: Absence of Justice"
"#IDARB","10654","#IDARB","79920","16260","841","2","152","0","0","4.92","#IDARB"
"Sherlock Holmes: The Awakened","10655","Sherlock Holmes: The Awakened","79920","16140","39","2","42","0","0","4.95","Sherlock Holmes: The Awakened"
"Rags to Riches","10656","Rags to Riches","79920","720","202","1","2","0","0","111","Rags to Riches"
"Northmark: Hour of the Wolf","10657","Northmark: Hour of the Wolf","79860","1020","228","1","3","0","0","78.29","Northmark: Hour of the Wolf"
"Life Force","10658","Life Force","79860","9420","285","1","46","0","0","8.48","Life Force"
"Tintin in Tibet","10659","Tintin in Tibet","79800","3540","576","1","19","0","0","22.54","Tintin in Tibet"
"Gag: Het Impotentie-Mysterie","10660","Gag: Het Impotentie-Mysterie","79800","2040","430","1","6","0","0","39.12","Gag: Het Impotentie-Mysterie"
"Arcana Tactics","10661","Arcana Tactics","79800","14040","91","3","23","0","0","5.68","Arcana Tactics"
"Drawn to Life: SpongeBob SquarePants Edition","10662","Drawn to Life: SpongeBob SquarePants Edition","79740","420","496","1","2","0","0","189.86","Drawn to Life: SpongeBob SquarePants Edition"
"Estranged: Act 1","10663","Estranged: Act 1","79680","24960","136","3","168","0","0","3.19","Estranged: Act 1"
"Tetris DS","10664","Tetris DS","79620","9720","138","2","37","0","0","8.19","Tetris DS"
"The Incredible Hulk","10665","The Incredible Hulk","79620","6660","295","4","30","0","0","11.95","The Incredible Hulk"
"Black & White: Creature Isle","10666","Black & White: Creature Isle","79560","2880","1086","1","10","0","0","27.63","Black & White: Creature Isle"
"Crusaders of Might and Magic","10667","Crusaders of Might and Magic","79560","3720","975","2","8","0","0","21.39","Crusaders of Might and Magic"
"Dragon Ball: Raging Blast","10668","Dragon Ball: Raging Blast","79560","5040","200","1","23","0","0","15.79","Dragon Ball: Raging Blast"
"DeathSpank","10669","DeathSpank","79500","11160","88","2","33","0","0","7.12","DeathSpank"
"Uncharted Waters","10670","Uncharted Waters","79440","5580","202","1","19","0","0","14.24","Uncharted Waters"
"Moon.","10671","Moon.","79440","7380","59","2","12","0","0","10.76","Moon."
"Talisman: Origins","10672","Talisman: Origins","79440","8040","996","2","29","0","0","9.88","Talisman: Origins"
"Demon Hunter 2: New Chapter","10673","Demon Hunter 2: New Chapter","79380","3120","301","1","13","0","0","25.44","Demon Hunter 2: New Chapter"
"Border of her Heart","10674","Border of her Heart","79380","600","495","1","3","0","0","132.3","Border of her Heart"
"Infestation: Revival","10675","Infestation: Revival","79380","11580","238","3","53","0","0","6.85","Infestation: Revival"
"Robot Champions","10676","Robot Champions","79380","8520","457","2","26","0","0","9.32","Robot Champions"
"Oreo: Twist, Lick, Dunk","10677","Oreo: Twist, Lick, Dunk","79320","2520","1037","1","2","0","0","31.48","Oreo: Twist, Lick, Dunk"
"Eragon","10678","Eragon","79320","4860","266","2","19","0","0","16.32","Eragon"
"Barbie Pet Rescue","10679","Barbie Pet Rescue","79200","5340","1173","2","16","0","0","14.83","Barbie Pet Rescue"
"Joy Mecha Fight","10680","Joy Mecha Fight","79200","2580","151","1","13","0","0","30.7","Joy Mecha Fight"
"The Playroom VR","10681","The Playroom VR","79200","67680","55","4","727","0","0","1.17","The Playroom VR"
"Ganbare Goemon Kirakira Douchuu: Boku ga Dancer ni Natta Wake","10682","Ganbare Goemon Kirakira Douchuu: Boku ga Dancer ni Natta Wake","79140","4320","257","1","10","0","0","18.32","Ganbare Goemon Kirakira Douchuu: Boku ga Dancer ni Natta Wake"
"WildStar","10683","WildStar","79140","12840","617","1","25","0","0","6.16","WildStar"
"Rise of Nations","10684","Rise of Nations","79080","26700","235","3","131","0","0","2.96","Rise of Nations"
"MySims Agents","10685","MySims Agents","79080","6000","377","1","19","0","0","13.18","MySims Agents"
"Tobal 2","10686","Tobal 2","79080","9960","27","1","12","0","0","7.94","Tobal 2"
"Soda Dungeon","10687","Soda Dungeon","79080","50400","222","2","150","0","0","1.57","Soda Dungeon"
"New Star Manager","10688","New Star Manager","79080","21180","26","4","34","0","0","3.73","New Star Manager"
"Syberia Collection","10689","Syberia Collection","79020","1740","399","1","9","0","0","45.41","Syberia Collection"
"The Incredible Adventures of Van Helsing II","10690","The Incredible Adventures of Van Helsing II","79020","31440","122","3","89","0","0","2.51","The Incredible Adventures of Van Helsing II"
"Betrayal","10691","Betrayal","79020","2580","1225","2","10","0","0","30.63","Betrayal"
"UnReal World","10692","UnReal World","78840","13260","71","2","42","0","0","5.95","UnReal World"
"Warsow","10693","Warsow","78840","22440","42","4","89","0","0","3.51","Warsow"
"Killzone","10694","Killzone","78780","15360","44","2","84","0","0","5.13","Killzone"
"RPG MO","10695","RPG MO","78780","50880","29","3","76","0","0","1.55","RPG MO"
"Resident Evil 3","10696","Resident Evil 3","78780","3180","274","2","14","0","0","24.77","Resident Evil 3"
"Gamer 2","10697","Gamer 2","78780","14580","587","2","51","0","0","5.4","Gamer 2"
"The Climb","10698","The Climb","78720","16980","80","2","119","0","0","4.64","The Climb"
"Allison's Diary: Rebirth","10699","Allison's Diary: Rebirth","78720","3600","478","1","21","0","0","21.87","Allison's Diary: Rebirth"
"Dungeon Rushers","10700","Dungeon Rushers","78660","9960","116","2","63","0","0","7.9","Dungeon Rushers"