"","","Game","Watch time","Stream time","Peak viewers","Peak channels","Streamers","Average viewers","Average channels","Average viewer ratio",""
"Life Goes On","6301","Life Goes On","410460","44760","275","5","243","0","0","9.17","Life Goes On"
"King of Dragon Pass","6302","King of Dragon Pass","410400","21240","262","2","46","0","0","19.32","King of Dragon Pass"
"Simmiland","6303","Simmiland","410340","18000","375","2","92","0","0","22.8","Simmiland"
"Steven Universe: Unleash the Light","6304","Steven Universe: Unleash the Light","410280","3780","2675","1","13","0","0","108.54","Steven Universe: Unleash the Light"
"You Must Build A Boat","6305","You Must Build A Boat","410040","10500","946","2","43","0","0","39.05","You Must Build A Boat"
"Gears Pop","6306","Gears Pop","409500","56760","418","21","412","0","0","7.21","Gears Pop"
"Graffiti Kingdom","6307","Graffiti Kingdom","409440","8820","422","1","16","0","0","46.42","Graffiti Kingdom"
"My Brother Rabbit","6308","My Brother Rabbit","409260","31740","367","2","105","0","0","12.89","My Brother Rabbit"
"Knowledge is Power: Decades","6309","Knowledge is Power: Decades","409200","2040","2443","1","29","0","0","200.59","Knowledge is Power: Decades"
"Paperbark","6310","Paperbark","408840","2820","6583","1","23","0","0","144.98","Paperbark"
"Track & Field","6311","Track & Field","408780","13140","339","1","20","0","0","31.11","Track & Field"
"Rise of Civilizations","6312","Rise of Civilizations","408660","87360","470","9","213","0","0","4.68","Rise of Civilizations"
"Brain Lord","6313","Brain Lord","408540","8760","433","1","24","0","0","46.64","Brain Lord"
"Not For Broadcast","6314","Not For Broadcast","408540","4800","3460","3","65","0","0","85.11","Not For Broadcast"
"Push Me Pull You","6315","Push Me Pull You","408360","1500","4462","3","15","0","0","272.24","Push Me Pull You"
"Umineko When They Cry: Question Arcs","6316","Umineko When They Cry: Question Arcs","408300","94920","269","3","63","0","0","4.3","Umineko When They Cry: Question Arcs"
"The King of Fighters 2000/2001","6317","The King of Fighters 2000/2001","408300","4320","371","2","14","0","0","94.51","The King of Fighters 2000/2001"
"Vandal Hearts","6318","Vandal Hearts","408000","52320","172","3","63","0","0","7.8","Vandal Hearts"
"Panty Party","6319","Panty Party","407940","28980","456","2","163","0","0","14.08","Panty Party"
"INSOMNIA: The Ark","6320","INSOMNIA: The Ark","407580","25740","797","3","51","0","0","15.83","INSOMNIA: The Ark"
"H-Hour: World's Elite","6321","H-Hour: World's Elite","407340","146280","371","5","135","0","0","2.78","H-Hour: World's Elite"
"64.0","6322","64.0","407280","17160","1084","3","115","0","0","23.73","64.0"
"Big Brother: The Game","6323","Big Brother: The Game","407040","14820","120","2","10","0","0","27.47","Big Brother: The Game"
"Battlefield 1942","6324","Battlefield 1942","406560","73800","1203","5","186","0","0","5.51","Battlefield 1942"
"Torment: Tides Of Numenera","6325","Torment: Tides Of Numenera","406500","58980","159","3","191","0","0","6.89","Torment: Tides Of Numenera"
"Rune Factory 3: A Fantasy Harvest Moon","6326","Rune Factory 3: A Fantasy Harvest Moon","406140","31320","492","2","39","0","0","12.97","Rune Factory 3: A Fantasy Harvest Moon"
"RoboCop 2","6327","RoboCop 2","405960","2760","2627","2","10","0","0","147.09","RoboCop 2"
"Kirby's Dream Land 2","6328","Kirby's Dream Land 2","405540","46020","2997","5","94","0","0","8.81","Kirby's Dream Land 2"
"Football Manager 2008","6329","Football Manager 2008","405000","2460","6401","1","20","0","0","164.63","Football Manager 2008"
"Online FPS: Special Force","6330","Online FPS: Special Force","405000","12240","1305","2","38","0","0","33.09","Online FPS: Special Force"
"Pictionary","6331","Pictionary","404940","40800","572","3","296","0","0","9.93","Pictionary"
"Quackshot","6332","Quackshot","404880","10740","1974","6","55","0","0","37.7","Quackshot"
"Phantasy Star III: Generations of Doom","6333","Phantasy Star III: Generations of Doom","404820","22140","1244","2","30","0","0","18.28","Phantasy Star III: Generations of Doom"
"Villagers and Heroes","6334","Villagers and Heroes","404460","22680","2235","2","75","0","0","17.83","Villagers and Heroes"
"Tactic Force","6335","Tactic Force","404400","59340","524","36","252","0","0","6.81","Tactic Force"
"The Testament of Sherlock Holmes","6336","The Testament of Sherlock Holmes","404280","67020","98","3","142","0","0","6.03","The Testament of Sherlock Holmes"
"Batman: Return to Arkham","6337","Batman: Return to Arkham","404160","135660","175","5","3020","0","0","2.98","Batman: Return to Arkham"
"Knights & Merchants","6338","Knights & Merchants","403620","79860","263","4","136","0","0","5.05","Knights & Merchants"
"Shadows of the Damned","6339","Shadows of the Damned","403500","55800","140","3","122","0","0","7.23","Shadows of the Damned"
"Game.com Internet Browser","6340","Game.com Internet Browser","403500","33060","2201","2","129","0","0","12.21","Game.com Internet Browser"
"Postal","6341","Postal","403020","12720","2404","8","69","0","0","31.68","Postal"
"Hattrick!","6342","Hattrick!","402960","39900","36","3","10","0","0","10.1","Hattrick!"
"Shape of the World","6343","Shape of the World","402780","9360","741","4","50","0","0","43.03","Shape of the World"
"Cricket Club","6344","Cricket Club","402720","63960","1635","3","15","0","0","6.3","Cricket Club"
"Fractured","6345","Fractured","402540","25380","420","9","89","0","0","15.86","Fractured"
"The Inner Friend","6346","The Inner Friend","402360","5280","3025","1","26","0","0","76.2","The Inner Friend"
"Liftoff","6347","Liftoff","402060","173760","194","4","469","0","0","2.31","Liftoff"
"Rain of Reflections","6348","Rain of Reflections","401940","6420","435","3","33","0","0","62.61","Rain of Reflections"
"Angry Video Game Nerd Adventures","6349","Angry Video Game Nerd Adventures","401880","25620","2159","2","139","0","0","15.69","Angry Video Game Nerd Adventures"
"Watch Paint Dry","6350","Watch Paint Dry","401580","13560","1240","2","27","0","0","29.62","Watch Paint Dry"
"SiN Episodes: Emergence","6351","SiN Episodes: Emergence","401280","6060","2419","1","28","0","0","66.22","SiN Episodes: Emergence"
"Wii Fit","6352","Wii Fit","401160","4860","3820","1","32","0","0","82.54","Wii Fit"
"Cris Tales","6353","Cris Tales","401100","16920","1459","9","181","0","0","23.71","Cris Tales"
"Motorbike Madness","6354","Motorbike Madness","400860","4980","756","2","4","0","0","80.49","Motorbike Madness"
"Atelier Firis: The Alchemist of the Mysterious Journey","6355","Atelier Firis: The Alchemist of the Mysterious Journey","400740","125640","85","4","112","0","0","3.19","Atelier Firis: The Alchemist of the Mysterious Journey"
"Strategy Games","6356","Strategy Games","400680","144540","547","4","388","0","0","2.77","Strategy Games"
"Assassin's Creed Chronicles: China","6357","Assassin's Creed Chronicles: China","400620","125040","209","11","703","0","0","3.2","Assassin's Creed Chronicles: China"
"Gunpoint","6358","Gunpoint","400440","48000","646","3","280","0","0","8.34","Gunpoint"
"Lucienne's Quest","6359","Lucienne's Quest","400260","1020","1089","1","4","0","0","392.41","Lucienne's Quest"
"Roberta Williams' King's Quest VII: The Princeless Bride","6360","Roberta Williams' King's Quest VII: The Princeless Bride","399960","21660","999","3","53","0","0","18.47","Roberta Williams' King's Quest VII: The Princeless Bride"
"Putt-Putt Saves the Zoo","6361","Putt-Putt Saves the Zoo","399600","29040","2299","4","198","0","0","13.76","Putt-Putt Saves the Zoo"
"Eternal Edge","6362","Eternal Edge","399600","8100","2518","2","67","0","0","49.33","Eternal Edge"
"Unending Dusk","6363","Unending Dusk","399360","1140","8990","4","13","0","0","350.32","Unending Dusk"
"Wii Play","6364","Wii Play","399360","26160","4674","2","140","0","0","15.27","Wii Play"
"Lunar Legend","6365","Lunar Legend","399240","7980","2098","1","12","0","0","50.03","Lunar Legend"
"Momotarou Densetsu Gaiden","6366","Momotarou Densetsu Gaiden","398940","180","2378","1","1","0","0","2216.33","Momotarou Densetsu Gaiden"
"Tricky Truck","6367","Tricky Truck","398880","300","3197","1","3","0","0","1329.6","Tricky Truck"
"Access Denied","6368","Access Denied","398880","8580","2681","3","54","0","0","46.49","Access Denied"
"Kane & Lynch: Dead Men","6369","Kane & Lynch: Dead Men","398520","31440","587","3","146","0","0","12.68","Kane & Lynch: Dead Men"
"Causa, Voices of the Dusk","6370","Causa, Voices of the Dusk","398160","27240","316","11","107","0","0","14.62","Causa, Voices of the Dusk"
"Freddy Fazbear's Pizzeria Simulator","6371","Freddy Fazbear's Pizzeria Simulator","398100","97560","329","5","778","0","0","4.08","Freddy Fazbear's Pizzeria Simulator"
"Elona - Eternal League of Nefia","6372","Elona - Eternal League of Nefia","398040","41580","1408","2","89","0","0","9.57","Elona - Eternal League of Nefia"
"Double Kick Heroes","6373","Double Kick Heroes","397860","6900","884","4","49","0","0","57.66","Double Kick Heroes"
"World of Illusion starring Mickey Mouse and Donald Duck","6374","World of Illusion starring Mickey Mouse and Donald Duck","397800","25140","905","4","78","0","0","15.82","World of Illusion starring Mickey Mouse and Donald Duck"
"Mortal Kombat Mythologies: Sub-Zero","6375","Mortal Kombat Mythologies: Sub-Zero","397320","25560","305","3","88","0","0","15.54","Mortal Kombat Mythologies: Sub-Zero"
"Yu-Gi-Oh! Reshef of Destruction","6376","Yu-Gi-Oh! Reshef of Destruction","396900","9960","222","2","22","0","0","39.85","Yu-Gi-Oh! Reshef of Destruction"
"F1 2015","6377","F1 2015","396600","161280","349","5","645","0","0","2.46","F1 2015"
"Airport Madness 4","6378","Airport Madness 4","396420","1200","6434","1","12","0","0","330.35","Airport Madness 4"
"Atelier Rorona Plus: The Alchemist of Arland","6379","Atelier Rorona Plus: The Alchemist of Arland","396300","66780","114","3","77","0","0","5.93","Atelier Rorona Plus: The Alchemist of Arland"
"Kokonoe Kokoro","6380","Kokonoe Kokoro","396180","2880","2284","2","24","0","0","137.56","Kokonoe Kokoro"
"Cursed Castilla (Maldita Castilla EX)","6381","Cursed Castilla (Maldita Castilla EX)","396180","19800","343","3","86","0","0","20.01","Cursed Castilla (Maldita Castilla EX)"
"Help Wanted","6382","Help Wanted","396060","11880","326","2","83","0","0","33.34","Help Wanted"
"Bloodroots","6383","Bloodroots","395640","2760","4425","1","27","0","0","143.35","Bloodroots"
"SaGa Scarlet Grace","6384","SaGa Scarlet Grace","395580","59160","214","7","60","0","0","6.69","SaGa Scarlet Grace"
"Hustle Castle: Fantasy Kingdom","6385","Hustle Castle: Fantasy Kingdom","395520","17340","644","3","59","0","0","22.81","Hustle Castle: Fantasy Kingdom"
"The Church in the Darkness","6386","The Church in the Darkness","395520","21480","494","7","142","0","0","18.41","The Church in the Darkness"
"Sid Meier's Pirates!","6387","Sid Meier's Pirates!","395280","66660","147","4","280","0","0","5.93","Sid Meier's Pirates!"
"Puyo Puyo 2","6388","Puyo Puyo 2","395100","28860","1653","3","124","0","0","13.69","Puyo Puyo 2"
"Oddworld: Munch's Oddysee","6389","Oddworld: Munch's Oddysee","394980","37680","184","2","123","0","0","10.48","Oddworld: Munch's Oddysee"
"Teenage Mutant Ninja Turtles: The HyperStone Heist","6390","Teenage Mutant Ninja Turtles: The HyperStone Heist","394620","13380","2821","2","81","0","0","29.49","Teenage Mutant Ninja Turtles: The HyperStone Heist"
"Leedmees","6391","Leedmees","394380","960","2913","2","3","0","0","410.81","Leedmees"
"Disoriented","6392","Disoriented","394200","3720","3382","2","23","0","0","105.97","Disoriented"
"LittleBigPlanet","6393","LittleBigPlanet","394200","50040","912","3","105","0","0","7.88","LittleBigPlanet"
"NCAA Football","6394","NCAA Football","394140","71580","533","9","92","0","0","5.51","NCAA Football"
"God of War: Ghost of Sparta","6395","God of War: Ghost of Sparta","393720","55860","182","3","168","0","0","7.05","God of War: Ghost of Sparta"
"Mowin' & Throwin'","6396","Mowin' & Throwin'","393720","900","3443","1","4","0","0","437.47","Mowin' & Throwin'"
"Bee Movie Game","6397","Bee Movie Game","393660","14460","1273","3","84","0","0","27.22","Bee Movie Game"
"Fata morgana no Yakata","6398","Fata morgana no Yakata","392820","9900","239","2","9","0","0","39.68","Fata morgana no Yakata"
"Homeworld: Deserts of Kharak","6399","Homeworld: Deserts of Kharak","392580","85500","120","4","237","0","0","4.59","Homeworld: Deserts of Kharak"
"Zoo Tycoon 2","6400","Zoo Tycoon 2","392460","65160","360","3","240","0","0","6.02","Zoo Tycoon 2"