"","","Game","Watch time","Stream time","Peak viewers","Peak channels","Streamers","Average viewers","Average channels","Average viewer ratio",""
"Stronghold Crusader Extreme","4201","Stronghold Crusader Extreme","1142820","24420","2809","3","128","2","0","46.8","Stronghold Crusader Extreme"
"UFC: Tapout 2","4202","UFC: Tapout 2","1142100","11340","8087","2","54","2","0","100.71","UFC: Tapout 2"
"Disney's Chip 'N Dale Rescue Rangers 2","4203","Disney's Chip 'N Dale Rescue Rangers 2","1141680","11220","11429","6","55","2","0","101.75","Disney's Chip 'N Dale Rescue Rangers 2"
"The Gardens Between","4204","The Gardens Between","1141680","93480","1802","3","566","2","0","12.21","The Gardens Between"
"Lethal League","4205","Lethal League","1141140","74220","4765","4","588","2","0","15.38","Lethal League"
"Star Wars: The Force Unleashed II","4206","Star Wars: The Force Unleashed II","1140720","192360","1055","9","1034","2","0","5.93","Star Wars: The Force Unleashed II"
"Sports Bar VR","4207","Sports Bar VR","1140480","13020","6481","3","50","2","0","87.59","Sports Bar VR"
"Shin Megami Tensei: Strange Journey Redux","4208","Shin Megami Tensei: Strange Journey Redux","1139580","62880","509","3","41","2","0","18.12","Shin Megami Tensei: Strange Journey Redux"
"Wildermyth","4209","Wildermyth","1137480","40080","1485","6","104","2","0","28.38","Wildermyth"
"Rise of Liberty","4210","Rise of Liberty","1136040","3180","18842","2","33","2","0","357.25","Rise of Liberty"
"Bangai-O!","4211","Bangai-O!","1135800","4620","1754","2","14","2","0","245.84","Bangai-O!"
"Def Jam: Vendetta","4212","Def Jam: Vendetta","1135620","14100","5500","2","63","2","0","80.54","Def Jam: Vendetta"
"Flutter Bombs","4213","Flutter Bombs","1135560","960","18872","2","8","2","0","1182.88","Flutter Bombs"
"Mummy: Tomb of the Pharaoh","4214","Mummy: Tomb of the Pharaoh","1135320","1320","2037","1","3","2","0","860.09","Mummy: Tomb of the Pharaoh"
"Fester's Quest","4215","Fester's Quest","1134660","7260","47849","6","34","2","0","156.29","Fester's Quest"
"Eternity: The Last Unicorn","4216","Eternity: The Last Unicorn","1134240","19500","2706","6","113","2","0","58.17","Eternity: The Last Unicorn"
"Faxanadu","4217","Faxanadu","1134120","39600","6318","4","69","2","0","28.64","Faxanadu"
"The King of Fighters XI","4218","The King of Fighters XI","1133880","12720","8785","2","43","2","0","89.14","The King of Fighters XI"
"Gabriel Knight: Sins of the Fathers","4219","Gabriel Knight: Sins of the Fathers","1133460","59580","1626","2","106","2","0","19.02","Gabriel Knight: Sins of the Fathers"
"Etrian Odyssey Untold: The Millennium Girl","4220","Etrian Odyssey Untold: The Millennium Girl","1132860","32580","2728","2","23","2","0","34.77","Etrian Odyssey Untold: The Millennium Girl"
"Soulcalibur","4221","Soulcalibur","1132620","23760","8024","2","4421","2","0","47.67","Soulcalibur"
"Path of Titans","4222","Path of Titans","1131900","52260","140","4","85","2","0","21.66","Path of Titans"
"Harvest Moon: Light of Hope","4223","Harvest Moon: Light of Hope","1130760","140400","1144","5","253","2","0","8.05","Harvest Moon: Light of Hope"
"Tales Of Wind","4224","Tales Of Wind","1130400","193380","575","11","426","2","0","5.85","Tales Of Wind"
"Ancestors Legacy","4225","Ancestors Legacy","1129920","185400","505","8","636","2","0","6.09","Ancestors Legacy"
"Monopoly Casino","4226","Monopoly Casino","1128300","6540","4313","1","25","2","0","172.52","Monopoly Casino"
"Soldier of Fortune II: Double Helix","4227","Soldier of Fortune II: Double Helix","1127280","41520","257","3","75","2","0","27.15","Soldier of Fortune II: Double Helix"
"Mario & Sonic at the Olympic Games","4228","Mario & Sonic at the Olympic Games","1126920","8100","3715","2","42","2","0","139.13","Mario & Sonic at the Olympic Games"
"Beyblade","4229","Beyblade","1126680","7080","6102","1","54","2","0","159.14","Beyblade"
"Horizon Chase","4230","Horizon Chase","1125840","156960","4792","11","946","2","0","7.17","Horizon Chase"
"The LEGO Movie 2 Videogame","4231","The LEGO Movie 2 Videogame","1125780","80220","1742","10","404","2","0","14.03","The LEGO Movie 2 Videogame"
"Tenchu: Stealth Assassins","4232","Tenchu: Stealth Assassins","1125660","28380","2129","2","112","2","0","39.66","Tenchu: Stealth Assassins"
"Skybolt Zack","4233","Skybolt Zack","1125540","18180","2773","7","105","2","0","61.91","Skybolt Zack"
"Equilinox","4234","Equilinox","1124700","65460","2695","3","242","2","0","17.18","Equilinox"
"Punch Planet","4235","Punch Planet","1123860","361080","575","3","81","2","0","3.11","Punch Planet"
"Kirby: Super Star Ultra","4236","Kirby: Super Star Ultra","1122120","44520","3218","3","125","2","0","25.2","Kirby: Super Star Ultra"
"Sam & Max Episode 301: The Penal Zone","4237","Sam & Max Episode 301: The Penal Zone","1122000","6360","3576","2","28","2","0","176.42","Sam & Max Episode 301: The Penal Zone"
"Plants vs. Zombies: Garden Warfare","4238","Plants vs. Zombies: Garden Warfare","1121460","97380","3546","3","1271","2","0","11.52","Plants vs. Zombies: Garden Warfare"
"Gunsmith","4239","Gunsmith","1120500","28980","2486","4","96","2","0","38.66","Gunsmith"
"Automobilista","4240","Automobilista","1119780","94500","1502","4","259","2","0","11.85","Automobilista"
"Demolition","4241","Demolition","1119600","240","18652","1","3","2","0","4665","Demolition"
"EarthNight","4242","EarthNight","1118340","4140","4766","3","33","2","0","270.13","EarthNight"
"What Never Was","4243","What Never Was","1118280","64980","5780","5","666","2","0","17.21","What Never Was"
"S.W.I.N.E.","4244","S.W.I.N.E.","1117620","28500","3145","9","142","2","0","39.21","S.W.I.N.E."
"The Slater","4245","The Slater","1117260","12240","20639","6","53","2","0","91.28","The Slater"
"Street Fighter EX3","4246","Street Fighter EX3","1117080","2940","9544","1","15","2","0","379.96","Street Fighter EX3"
"Hotel Dusk: Room 215","4247","Hotel Dusk: Room 215","1116660","41160","995","3","42","2","0","27.13","Hotel Dusk: Room 215"
"Dad Quest","4248","Dad Quest","1115640","20460","8370","3","44","2","0","54.53","Dad Quest"
"Roundabout","4249","Roundabout","1115580","34800","4438","2","190","2","0","32.06","Roundabout"
"The Caligula Effect: Overdose","4250","The Caligula Effect: Overdose","1115340","193320","1717","18","358","2","0","5.77","The Caligula Effect: Overdose"
"Madagascar","4251","Madagascar","1114980","52860","4511","3","222","2","0","21.09","Madagascar"
"Fighter Maker","4252","Fighter Maker","1114920","1260","7823","1","6","2","0","884.86","Fighter Maker"
"Yet Another Zombie Defense HD","4253","Yet Another Zombie Defense HD","1113540","27540","3970","4","198","2","0","40.43","Yet Another Zombie Defense HD"
"Langrisser Ⅰ & Ⅱ","4254","Langrisser Ⅰ & Ⅱ","1113360","59340","3149","3","97","2","0","18.76","Langrisser Ⅰ & Ⅱ"
"Crimson Hotel","4255","Crimson Hotel","1113000","4200","6784","4","38","2","0","265","Crimson Hotel"
"Warriors Orochi 4","4256","Warriors Orochi 4","1112820","404040","5134","8","854","2","0","2.75","Warriors Orochi 4"
"Cricket 19","4257","Cricket 19","1112520","263220","1772","7","403","2","0","4.23","Cricket 19"
"SuperStar BTS","4258","SuperStar BTS","1110720","46080","9370","2","80","2","0","24.1","SuperStar BTS"
"The Takeover","4259","The Takeover","1110180","15060","8521","3","81","2","0","73.72","The Takeover"
"Death Coming","4260","Death Coming","1108980","49500","3858","4","287","2","0","22.4","Death Coming"
"Senran Kagura: Peach Beach Splash","4261","Senran Kagura: Peach Beach Splash","1107840","164280","356","5","841","2","0","6.74","Senran Kagura: Peach Beach Splash"
"Pantropy","4262","Pantropy","1107720","53940","2147","23","137","2","0","20.54","Pantropy"
"Wild Arms 3","4263","Wild Arms 3","1106340","107580","193","3","199","2","0","10.28","Wild Arms 3"
"Aim Lab","4264","Aim Lab","1105560","216180","2686","4","1662","2","0","5.11","Aim Lab"
"Baseball","4265","Baseball","1105200","80340","584","5","195","2","0","13.76","Baseball"
"Puzzle With Your Friends","4266","Puzzle With Your Friends","1104060","10080","6099","2","28","2","0","109.53","Puzzle With Your Friends"
"Rare Replay","4267","Rare Replay","1103880","184140","1410","8","898","2","0","5.99","Rare Replay"
"Mystic Vale","4268","Mystic Vale","1103820","7260","5679","2","33","2","0","152.04","Mystic Vale"
"Mobile Royale","4269","Mobile Royale","1103520","9300","3423","2","38","2","0","118.66","Mobile Royale"
"PokéPark 2: Wonders Beyond","4270","PokéPark 2: Wonders Beyond","1103160","18660","6571","4","40","2","0","59.12","PokéPark 2: Wonders Beyond"
"Gun Gun Pixies","4271","Gun Gun Pixies","1102200","29040","1464","3","86","2","0","37.95","Gun Gun Pixies"
"Yume Nikki: Dream Diary","4272","Yume Nikki: Dream Diary","1101720","33840","5328","3","143","2","0","32.56","Yume Nikki: Dream Diary"
"Framed","4273","Framed","1099920","3480","3148","1","22","2","0","316.07","Framed"
"WarRock","4274","WarRock","1099680","188340","6764","4","387","2","0","5.84","WarRock"
"Ninja Blade","4275","Ninja Blade","1099380","21300","2167","2","68","2","0","51.61","Ninja Blade"
"Rebel Galaxy","4276","Rebel Galaxy","1099200","308280","382","22","1207","2","0","3.57","Rebel Galaxy"
"Of Guards And Thieves","4277","Of Guards And Thieves","1098660","76860","3754","5","510","2","0","14.29","Of Guards And Thieves"
"Rome: Total War","4278","Rome: Total War","1098000","228420","1541","6","516","2","0","4.81","Rome: Total War"
"Evil Islands: Curse of the Lost Soul","4279","Evil Islands: Curse of the Lost Soul","1097460","30360","3748","2","49","2","0","36.15","Evil Islands: Curse of the Lost Soul"
"Killing Floor","4280","Killing Floor","1097340","295680","2564","6","1584","2","0","3.71","Killing Floor"
"LEGO Harry Potter Collection","4281","LEGO Harry Potter Collection","1096620","168180","227","5","1353","2","0","6.52","LEGO Harry Potter Collection"
"Castlevania: Lament of Innocence","4282","Castlevania: Lament of Innocence","1095840","84840","2618","5","168","2","0","12.92","Castlevania: Lament of Innocence"
"PaRappa the Rapper 2","4283","PaRappa the Rapper 2","1095480","23220","4325","3","313","2","0","47.18","PaRappa the Rapper 2"
"The Letter","4284","The Letter","1094820","166200","274","5","212","2","0","6.59","The Letter"
"Tokyo Xanadu","4285","Tokyo Xanadu","1094520","327240","552","6","422","2","0","3.34","Tokyo Xanadu"
"Thomas Was Alone","4286","Thomas Was Alone","1094220","65760","3411","3","365","2","0","16.64","Thomas Was Alone"
"Capcom Beat 'Em Up Bundle","4287","Capcom Beat 'Em Up Bundle","1094160","138540","3378","5","628","2","0","7.9","Capcom Beat 'Em Up Bundle"
"Sexy Hiking","4288","Sexy Hiking","1093860","2820","4141","2","24","2","0","387.89","Sexy Hiking"
"Dragon Ball Heroes","4289","Dragon Ball Heroes","1093620","14400","4575","3","58","2","0","75.95","Dragon Ball Heroes"
"SuperMash","4290","SuperMash","1093020","12600","12246","3","76","2","0","86.75","SuperMash"
"Draw Stuff","4291","Draw Stuff","1092960","270240","3446","6","1130","2","0","4.04","Draw Stuff"
"Mega Man Zero 3","4292","Mega Man Zero 3","1089600","40920","3308","2","92","2","0","26.63","Mega Man Zero 3"
"Yomawari: Midnight Shadows","4293","Yomawari: Midnight Shadows","1088520","118680","1469","4","334","2","0","9.17","Yomawari: Midnight Shadows"
"Override: Mech City Brawl","4294","Override: Mech City Brawl","1088460","78600","3280","8","502","2","0","13.85","Override: Mech City Brawl"
"Purrfect Date","4295","Purrfect Date","1088100","95880","971","8","486","2","0","11.35","Purrfect Date"
"Running High","4296","Running High","1087380","120","9079","1","1","2","0","9061.5","Running High"
"Downfall","4297","Downfall","1086360","66120","804","3","206","2","0","16.43","Downfall"
"Deadpool","4298","Deadpool","1085820","237420","578","5","1076","2","0","4.57","Deadpool"
"One Finger Death Punch","4299","One Finger Death Punch","1084860","105000","5474","5","794","2","0","10.33","One Finger Death Punch"
"Who Wants To Be A Millionaire?","4300","Who Wants To Be A Millionaire?","1083600","24240","2020","2","130","2","0","44.7","Who Wants To Be A Millionaire?"