"","","Game","Watch time","Stream time","Peak viewers","Peak channels","Streamers","Average viewers","Average channels","Average viewer ratio",""
"Batman: Return of the Joker","9101","Batman: Return of the Joker","136260","5760","620","4","32","0","0","23.66","Batman: Return of the Joker"
"Neighbours from Hell 2: On Vacation","9102","Neighbours from Hell 2: On Vacation","136080","9600","216","2","56","0","0","14.18","Neighbours from Hell 2: On Vacation"
"Assassin's Creed Chronicles","9103","Assassin's Creed Chronicles","136020","31920","153","3","111","0","0","4.26","Assassin's Creed Chronicles"
"Honor and Duty: D-Day","9104","Honor and Duty: D-Day","135960","18960","59","3","73","0","0","7.17","Honor and Duty: D-Day"
"Primal Carnage: Extinction","9105","Primal Carnage: Extinction","135900","39900","108","3","198","0","0","3.41","Primal Carnage: Extinction"
"Days of Discord","9106","Days of Discord","135780","18600","257","2","34","0","0","7.3","Days of Discord"
"Higurashi no Naku Koro ni: Onikakushi-hen","9107","Higurashi no Naku Koro ni: Onikakushi-hen","135780","32340","29","2","65","0","0","4.2","Higurashi no Naku Koro ni: Onikakushi-hen"
"FIFA 98: Road to World Cup","9108","FIFA 98: Road to World Cup","135720","4920","237","2","26","0","0","27.59","FIFA 98: Road to World Cup"
"Shovel Knight Showdown","9109","Shovel Knight Showdown","135720","13440","591","6","99","0","0","10.1","Shovel Knight Showdown"
"Fortress 2","9110","Fortress 2","135660","6720","693","5","33","0","0","20.19","Fortress 2"
"Snake Rattle 'n Roll","9111","Snake Rattle 'n Roll","135660","6900","349","1","27","0","0","19.66","Snake Rattle 'n Roll"
"Cossacks II: Battle for Europe","9112","Cossacks II: Battle for Europe","135600","2700","396","1","11","0","0","50.22","Cossacks II: Battle for Europe"
"Rhythm Doctor","9113","Rhythm Doctor","135600","10200","710","2","65","0","0","13.29","Rhythm Doctor"
"JackQuest: Tale of the Sword","9114","JackQuest: Tale of the Sword","135420","6120","606","2","46","0","0","22.13","JackQuest: Tale of the Sword"
"Special Force 2 SEA","9115","Special Force 2 SEA","135420","24840","216","4","116","0","0","5.45","Special Force 2 SEA"
"Trickster Online","9116","Trickster Online","135360","57240","88","4","108","0","0","2.36","Trickster Online"
"Formula One","9117","Formula One","135180","32940","341","3","126","0","0","4.1","Formula One"
"Dragon RPG: Dragon Village M","9118","Dragon RPG: Dragon Village M","135120","19920","76","2","15","0","0","6.78","Dragon RPG: Dragon Village M"
"The Magic of Scheherazade","9119","The Magic of Scheherazade","135120","21060","602","3","13","0","0","6.42","The Magic of Scheherazade"
"Master of Orion II: Battle at Antares","9120","Master of Orion II: Battle at Antares","134940","32640","331","2","63","0","0","4.13","Master of Orion II: Battle at Antares"
"Razor Freestyle Scooter","9121","Razor Freestyle Scooter","134880","8280","1266","2","13","0","0","16.29","Razor Freestyle Scooter"
"Wachenröder","9122","Wachenröder","134820","120","2245","1","0","0","0","1123.5","Wachenröder"
"Lake Ridden","9123","Lake Ridden","134820","19260","68","3","48","0","0","7","Lake Ridden"
"Neko Navy","9124","Neko Navy","134640","5340","375","1","27","0","0","25.21","Neko Navy"
"Bubsy: The Woolies Strike Back","9125","Bubsy: The Woolies Strike Back","134580","11520","1034","2","83","0","0","11.68","Bubsy: The Woolies Strike Back"
"WarioWare, Inc.: Mega Microgame$!","9126","WarioWare, Inc.: Mega Microgame$!","134460","18900","181","2","117","0","0","7.11","WarioWare, Inc.: Mega Microgame$!"
"Wildlife Park 3","9127","Wildlife Park 3","134400","9120","236","2","35","0","0","14.74","Wildlife Park 3"
"Sonic Advance","9128","Sonic Advance","134340","22020","179","2","114","0","0","6.1","Sonic Advance"
"Clonk Rage","9129","Clonk Rage","134280","2040","1421","1","11","0","0","65.82","Clonk Rage"
"Itadaki Street: Dragon Quest & Final Fantasy 30th Anniversary","9130","Itadaki Street: Dragon Quest & Final Fantasy 30th Anniversary","134280","31020","107","2","31","0","0","4.33","Itadaki Street: Dragon Quest & Final Fantasy 30th Anniversary"
"Tactical Galactical","9131","Tactical Galactical","134220","1560","546","2","6","0","0","86.04","Tactical Galactical"
"It's a Funny Old Game","9132","It's a Funny Old Game","134220","39780","365","2","22","0","0","3.37","It's a Funny Old Game"
"Smash TV","9133","Smash TV","134160","29220","107","3","57","0","0","4.59","Smash TV"
"Felix the Cat","9134","Felix the Cat","134160","6060","466","1","49","0","0","22.14","Felix the Cat"
"Fallout Online","9135","Fallout Online","133860","13200","620","2","37","0","0","10.14","Fallout Online"
"Courier of the Crypts","9136","Courier of the Crypts","133560","8400","162","2","44","0","0","15.9","Courier of the Crypts"
"Cozy Fire","9137","Cozy Fire","133560","240","2191","1","4","0","0","556.5","Cozy Fire"
"Roguelands","9138","Roguelands","133500","55260","109","4","205","0","0","2.42","Roguelands"
"Tomato Jones 2","9139","Tomato Jones 2","133380","3060","629","2","16","0","0","43.59","Tomato Jones 2"
"Beauty","9140","Beauty","133320","16200","276","2","103","0","0","8.23","Beauty"
"TorqueL","9141","TorqueL","133320","2460","900","1","23","0","0","54.2","TorqueL"
"Nancy Drew: The White Wolf of Icicle Creek","9142","Nancy Drew: The White Wolf of Icicle Creek","133320","29700","56","2","64","0","0","4.49","Nancy Drew: The White Wolf of Icicle Creek"
"Batman: Vengeance","9143","Batman: Vengeance","133260","9300","1510","2","38","0","0","14.33","Batman: Vengeance"
"Grey Goo","9144","Grey Goo","133200","30420","103","2","73","0","0","4.38","Grey Goo"
"Uta no Prince-sama Shining Live","9145","Uta no Prince-sama Shining Live","133140","12240","277","2","52","0","0","10.88","Uta no Prince-sama Shining Live"
"Cubivore: Survival of the Fittest","9146","Cubivore: Survival of the Fittest","133080","11460","1771","2","52","0","0","11.61","Cubivore: Survival of the Fittest"
"Orion: Prelude","9147","Orion: Prelude","133020","28680","210","4","199","0","0","4.64","Orion: Prelude"
"Dawn of Discovery: Venice","9148","Dawn of Discovery: Venice","132840","35640","121","2","111","0","0","3.73","Dawn of Discovery: Venice"
"Anticipation","9149","Anticipation","132780","2400","503","1","8","0","0","55.33","Anticipation"
"The Hip Hop Dance Experience","9150","The Hip Hop Dance Experience","132720","29460","166","2","13","0","0","4.51","The Hip Hop Dance Experience"
"Disney Epic Mickey 2: The Power of Two","9151","Disney Epic Mickey 2: The Power of Two","132660","59460","188","3","246","0","0","2.23","Disney Epic Mickey 2: The Power of Two"
"Mermaid Swamp","9152","Mermaid Swamp","132540","13620","211","3","45","0","0","9.73","Mermaid Swamp"
"Sneak 'n Peek","9153","Sneak 'n Peek","132540","720","1885","1","5","0","0","184.08","Sneak 'n Peek"
"Jack Keane","9154","Jack Keane","132360","3180","119","1","5","0","0","41.62","Jack Keane"
"MadWorld","9155","MadWorld","132300","14520","113","2","40","0","0","9.11","MadWorld"
"Crystalline","9156","Crystalline","132240","25680","88","2","37","0","0","5.15","Crystalline"
"Oculus Medium","9157","Oculus Medium","132240","43380","380","2","103","0","0","3.05","Oculus Medium"
"Onechanbara Origin","9158","Onechanbara Origin","132180","7680","729","3","20","0","0","17.21","Onechanbara Origin"
"Spyro 2: Season of Flame","9159","Spyro 2: Season of Flame","132120","7320","266","1","12","0","0","18.05","Spyro 2: Season of Flame"
"PixelJunk Monsters: Ultimate HD","9160","PixelJunk Monsters: Ultimate HD","132120","8100","940","3","26","0","0","16.31","PixelJunk Monsters: Ultimate HD"
"Uta Macross Sma-Pho De-Culture","9161","Uta Macross Sma-Pho De-Culture","132060","34140","84","3","39","0","0","3.87","Uta Macross Sma-Pho De-Culture"
"Survival Heroes","9162","Survival Heroes","132000","112560","96","5","361","0","0","1.17","Survival Heroes"
"Sid Meier's Civilization III","9163","Sid Meier's Civilization III","132000","52020","30","2","108","0","0","2.54","Sid Meier's Civilization III"
"Firestriker","9164","Firestriker","132000","2340","329","1","7","0","0","56.41","Firestriker"
"Air Control","9165","Air Control","131940","540","1312","1","6","0","0","244.33","Air Control"
"Iron Snout","9166","Iron Snout","131820","23880","463","2","231","0","0","5.52","Iron Snout"
"Argonus and the Gods of Stone","9167","Argonus and the Gods of Stone","131760","4020","1006","3","10","0","0","32.78","Argonus and the Gods of Stone"
"Marc Ecko's Getting Up: Contents Under Pressure","9168","Marc Ecko's Getting Up: Contents Under Pressure","131760","37380","78","2","164","0","0","3.52","Marc Ecko's Getting Up: Contents Under Pressure"
"Cradle","9169","Cradle","131700","16980","292","2","56","0","0","7.76","Cradle"
"Maze Adventures","9170","Maze Adventures","131700","60","2195","1","1","0","0","2195","Maze Adventures"
"007: Agent Under Fire","9171","007: Agent Under Fire","131640","15960","334","1","60","0","0","8.25","007: Agent Under Fire"
"Aunt Velma Is Coming to Tea","9172","Aunt Velma Is Coming to Tea","131520","120","1143","1","1","0","0","1096","Aunt Velma Is Coming to Tea"
"Gurumin: A Monstrous Adventure","9173","Gurumin: A Monstrous Adventure","131520","37440","66","3","92","0","0","3.51","Gurumin: A Monstrous Adventure"
"Zumba Burn It Up","9174","Zumba Burn It Up","131460","1560","446","2","13","0","0","84.27","Zumba Burn It Up"
"Rez Infinite","9175","Rez Infinite","131460","45900","745","3","220","0","0","2.86","Rez Infinite"
"Record of Agarest War","9176","Record of Agarest War","131400","43680","16","2","51","0","0","3.01","Record of Agarest War"
"Valnir Rok","9177","Valnir Rok","131340","20100","258","3","95","0","0","6.53","Valnir Rok"
"Robocalypse: Beaver Defense","9178","Robocalypse: Beaver Defense","131220","60","2213","1","1","0","0","2187","Robocalypse: Beaver Defense"
"I wanna be The Cat","9179","I wanna be The Cat","131160","4380","519","2","35","0","0","29.95","I wanna be The Cat"
"Yu-Gi-Oh! GX Tag Force 3","9180","Yu-Gi-Oh! GX Tag Force 3","131160","8100","234","2","22","0","0","16.19","Yu-Gi-Oh! GX Tag Force 3"
"Master of Orion","9181","Master of Orion","130980","70080","67","3","144","0","0","1.87","Master of Orion"
"Rocksmith","9182","Rocksmith","130980","33540","360","2","154","0","0","3.91","Rocksmith"
"Super Street Fighter II: Turbo Revival","9183","Super Street Fighter II: Turbo Revival","130980","6480","203","1","23","0","0","20.21","Super Street Fighter II: Turbo Revival"
"Roommates","9184","Roommates","130980","780","314","1","2","0","0","167.92","Roommates"
"NiGHTS","9185","NiGHTS","130980","1380","526","1","12","0","0","94.91","NiGHTS"
"Darkwatch","9186","Darkwatch","130920","11940","322","2","40","0","0","10.96","Darkwatch"
"Aion: Echoes of Eternity","9187","Aion: Echoes of Eternity","130920","37980","446","3","54","0","0","3.45","Aion: Echoes of Eternity"
"MooMoo.io","9188","MooMoo.io","130860","40080","131","3","291","0","0","3.26","MooMoo.io"
"Art Of Balance","9189","Art Of Balance","130860","3840","1574","1","25","0","0","34.08","Art Of Balance"
"Lovely Planet","9190","Lovely Planet","130800","21660","458","3","148","0","0","6.04","Lovely Planet"
"Shadow Tower","9191","Shadow Tower","130740","19980","39","2","23","0","0","6.54","Shadow Tower"
"Neverwinter Nights: Shadows of Undrentide","9192","Neverwinter Nights: Shadows of Undrentide","130680","7500","86","2","15","0","0","17.42","Neverwinter Nights: Shadows of Undrentide"
"pop'n music IROHA","9193","pop'n music IROHA","130680","1080","1034","1","6","0","0","121","pop'n music IROHA"
"Mhakna Gramura and Fairy Bell","9194","Mhakna Gramura and Fairy Bell","130620","2760","1096","1","10","0","0","47.33","Mhakna Gramura and Fairy Bell"
"Catwoman","9195","Catwoman","130560","3660","304","1","17","0","0","35.67","Catwoman"
"Yadernyy Titbit","9196","Yadernyy Titbit","130560","960","770","1","9","0","0","136","Yadernyy Titbit"
"Odin Sphere","9197","Odin Sphere","130500","23280","88","2","55","0","0","5.61","Odin Sphere"
"F1 2012","9198","F1 2012","130440","51960","68","3","146","0","0","2.51","F1 2012"
"Tokyo School Life","9199","Tokyo School Life","130440","14940","1183","2","36","0","0","8.73","Tokyo School Life"
"Back in 1995","9200","Back in 1995","130440","12780","519","2","86","0","0","10.21","Back in 1995"