"","","Game","Watch time","Stream time","Peak viewers","Peak channels","Streamers","Average viewers","Average channels","Average viewer ratio",""
"Troll","11901","Troll","54180","4320","131","1","29","0","0","12.54","Troll"
"Robot Alchemic Drive","11902","Robot Alchemic Drive","54120","5700","217","2","26","0","0","9.49","Robot Alchemic Drive"
"Top Gun","11903","Top Gun","54120","6060","38","1","18","0","0","8.93","Top Gun"
"Yu-Gi-Oh! 5D's Duel Transer","11904","Yu-Gi-Oh! 5D's Duel Transer","54120","2640","61","1","5","0","0","20.5","Yu-Gi-Oh! 5D's Duel Transer"
"9 Clues 2: The Ward","11905","9 Clues 2: The Ward","54120","3300","210","1","12","0","0","16.4","9 Clues 2: The Ward"
"Turok: Rage Wars","11906","Turok: Rage Wars","54060","9060","31","2","16","0","0","5.97","Turok: Rage Wars"
"Duke Nukem: Zero Hour","11907","Duke Nukem: Zero Hour","54060","6960","85","2","19","0","0","7.77","Duke Nukem: Zero Hour"
"Golf for Workgroups","11908","Golf for Workgroups","54060","1200","416","2","10","0","0","45.05","Golf for Workgroups"
"Digimon: Battle Spirit","11909","Digimon: Battle Spirit","54060","720","890","2","5","0","0","75.08","Digimon: Battle Spirit"
"Super Crome: Bullet Purgatory","11910","Super Crome: Bullet Purgatory","54000","1320","589","1","8","0","0","40.91","Super Crome: Bullet Purgatory"
"Mobile Suit Gundam: Journey to Jaburo","11911","Mobile Suit Gundam: Journey to Jaburo","53940","7980","318","2","23","0","0","6.76","Mobile Suit Gundam: Journey to Jaburo"
"Shadow Tower Abyss","11912","Shadow Tower Abyss","53940","9660","65","2","25","0","0","5.58","Shadow Tower Abyss"
"City of Mist 2","11913","City of Mist 2","53940","9180","23","2","7","0","0","5.88","City of Mist 2"
"Neon Struct: Die Augen der Welt","11914","Neon Struct: Die Augen der Welt","53880","3480","116","1","13","0","0","15.48","Neon Struct: Die Augen der Welt"
"The Bridge Project","11915","The Bridge Project","53880","1860","210","2","15","0","0","28.97","The Bridge Project"
"Car Mechanic Simulator 2014","11916","Car Mechanic Simulator 2014","53820","12840","234","2","87","0","0","4.19","Car Mechanic Simulator 2014"
"Kelly Slater's Pro Surfer","11917","Kelly Slater's Pro Surfer","53820","6060","286","1","12","0","0","8.88","Kelly Slater's Pro Surfer"
"Candy Box","11918","Candy Box","53820","1920","506","1","10","0","0","28.03","Candy Box"
"HammerHelm","11919","HammerHelm","53820","7740","95","2","29","0","0","6.95","HammerHelm"
"Final Fantasy I•II","11920","Final Fantasy I•II","53820","20340","18","2","54","0","0","2.65","Final Fantasy I•II"
"Dungeon Crowley","11921","Dungeon Crowley","53820","2040","126","1","10","0","0","26.38","Dungeon Crowley"
"Pizza Titan Ultra","11922","Pizza Titan Ultra","53760","9120","104","1","47","0","0","5.89","Pizza Titan Ultra"
"Worms: Open Warfare 2","11923","Worms: Open Warfare 2","53700","1320","64","1","2","0","0","40.68","Worms: Open Warfare 2"
"Break Arts II","11924","Break Arts II","53700","7320","660","2","42","0","0","7.34","Break Arts II"
"1954: Alcatraz","11925","1954: Alcatraz","53700","19560","27","2","60","0","0","2.75","1954: Alcatraz"
"Sword of the Berserk: Guts' Rage","11926","Sword of the Berserk: Guts' Rage","53700","6600","348","2","34","0","0","8.14","Sword of the Berserk: Guts' Rage"
"CastleMiner","11927","CastleMiner","53700","360","893","1","3","0","0","149.17","CastleMiner"
"UFC: Sudden Impact","11928","UFC: Sudden Impact","53700","480","481","1","4","0","0","111.88","UFC: Sudden Impact"
"Cow Catcher","11929","Cow Catcher","53700","360","319","1","4","0","0","149.17","Cow Catcher"
"Tokimeki Memorial 2 Substories: Dancing Summer Vacation","11930","Tokimeki Memorial 2 Substories: Dancing Summer Vacation","53700","300","267","1","1","0","0","179","Tokimeki Memorial 2 Substories: Dancing Summer Vacation"
"Hand of the Gods","11931","Hand of the Gods","53640","45480","48","3","170","0","0","1.18","Hand of the Gods"
"In Celebration of Violence","11932","In Celebration of Violence","53580","6240","120","1","28","0","0","8.59","In Celebration of Violence"
"Worm.is","11933","Worm.is","53580","7080","86","2","57","0","0","7.57","Worm.is"
"Untold Legends: Dark Kingdom","11934","Untold Legends: Dark Kingdom","53580","600","263","1","2","0","0","89.3","Untold Legends: Dark Kingdom"
"Popeye Beach Volley Ball","11935","Popeye Beach Volley Ball","53580","5040","112","1","4","0","0","10.63","Popeye Beach Volley Ball"
"10-Yard Fight","11936","10-Yard Fight","53520","3360","89","1","12","0","0","15.93","10-Yard Fight"
"THE iDOLM@STER: One For All","11937","THE iDOLM@STER: One For All","53520","6600","82","1","12","0","0","8.11","THE iDOLM@STER: One For All"
"Coffee Crisis","11938","Coffee Crisis","53520","5460","189","2","39","0","0","9.8","Coffee Crisis"
"Magic Technology","11939","Magic Technology","53520","13140","287","2","13","0","0","4.07","Magic Technology"
"Homeworld: Cataclysm","11940","Homeworld: Cataclysm","53460","8820","72","1","17","0","0","6.06","Homeworld: Cataclysm"
"Fun 'N Games","11941","Fun 'N Games","53460","46740","17","3","99","0","0","1.14","Fun 'N Games"
"Super Slam","11942","Super Slam","53460","540","487","1","5","0","0","99","Super Slam"
"Hot Wheels: Velocity X","11943","Hot Wheels: Velocity X","53460","5220","382","2","26","0","0","10.24","Hot Wheels: Velocity X"
"Magical Tetris Challenge","11944","Magical Tetris Challenge","53460","6180","226","1","29","0","0","8.65","Magical Tetris Challenge"
"House of 1000 Doors: The Palm of Zoroaster","11945","House of 1000 Doors: The Palm of Zoroaster","53460","4680","514","1","23","0","0","11.42","House of 1000 Doors: The Palm of Zoroaster"
"Spinnortality | Cyberpunk Management Sim","11946","Spinnortality | Cyberpunk Management Sim","53400","10920","136","3","33","0","0","4.89","Spinnortality | Cyberpunk Management Sim"
"Mystery Case Files: Escape from Ravenhearst","11947","Mystery Case Files: Escape from Ravenhearst","53340","2940","194","1","7","0","0","18.14","Mystery Case Files: Escape from Ravenhearst"
"MDK 2","11948","MDK 2","53340","14700","243","2","56","0","0","3.63","MDK 2"
"Hatsune Miku: Project DIVA Extend","11949","Hatsune Miku: Project DIVA Extend","53340","17520","34","1","70","0","0","3.04","Hatsune Miku: Project DIVA Extend"
"Helltown","11950","Helltown","53340","34140","117","1","14","0","0","1.56","Helltown"
"Working Title","11951","Working Title","53340","26040","36","2","97","0","0","2.05","Working Title"
"BurgerTime Party!","11952","BurgerTime Party!","53340","1500","188","2","10","0","0","35.56","BurgerTime Party!"
"Shloc Ltd.","11953","Shloc Ltd.","53340","840","232","1","2","0","0","63.5","Shloc Ltd."
"Finding Nemo","11954","Finding Nemo","53280","4860","243","1","27","0","0","10.96","Finding Nemo"
"Shinseiki Evangelion: Koutetsu no Girlfriend","11955","Shinseiki Evangelion: Koutetsu no Girlfriend","53280","1980","244","1","12","0","0","26.91","Shinseiki Evangelion: Koutetsu no Girlfriend"
"Sid Meier's Civilization II","11956","Sid Meier's Civilization II","53280","35700","132","2","28","0","0","1.49","Sid Meier's Civilization II"
"Strategic Command: World War I","11957","Strategic Command: World War I","53280","2460","121","2","9","0","0","21.66","Strategic Command: World War I"
"Akash: Path of the Five","11958","Akash: Path of the Five","53280","9120","51","2","16","0","0","5.84","Akash: Path of the Five"
"Uru: Ages Beyond Myst","11959","Uru: Ages Beyond Myst","53220","12480","56","1","28","0","0","4.26","Uru: Ages Beyond Myst"
"Rakion","11960","Rakion","53220","10980","243","5","72","0","0","4.85","Rakion"
"Shooty Fruity","11961","Shooty Fruity","53220","22380","112","2","127","0","0","2.38","Shooty Fruity"
"Original Frisbee Disc Sports: Ultimate & Golf","11962","Original Frisbee Disc Sports: Ultimate & Golf","53220","1620","322","1","5","0","0","32.85","Original Frisbee Disc Sports: Ultimate & Golf"
"Yu-Gi-Oh! Power of Chaos: Joey the Passion","11963","Yu-Gi-Oh! Power of Chaos: Joey the Passion","53160","10980","195","2","47","0","0","4.84","Yu-Gi-Oh! Power of Chaos: Joey the Passion"
"Haunt the House: Terrortown","11964","Haunt the House: Terrortown","53160","7020","118","3","51","0","0","7.57","Haunt the House: Terrortown"
"Porky Pig's Haunted Holiday","11965","Porky Pig's Haunted Holiday","53160","1380","285","1","13","0","0","38.52","Porky Pig's Haunted Holiday"
"Outpost","11966","Outpost","53100","360","464","1","3","0","0","147.5","Outpost"
"Rainbow Skies","11967","Rainbow Skies","53100","21960","38","2","64","0","0","2.42","Rainbow Skies"
"Arctico","11968","Arctico","53100","4860","347","2","36","0","0","10.93","Arctico"
"Arcfall","11969","Arcfall","53040","13800","249","3","46","0","0","3.84","Arcfall"
"Buffy the Vampire Slayer: Chaos Bleeds","11970","Buffy the Vampire Slayer: Chaos Bleeds","53040","6720","58","1","28","0","0","7.89","Buffy the Vampire Slayer: Chaos Bleeds"
"UNO & Friends","11971","UNO & Friends","53040","15480","65","4","106","0","0","3.43","UNO & Friends"
"MediEvil Resurrection","11972","MediEvil Resurrection","53040","16920","35","2","60","0","0","3.13","MediEvil Resurrection"
"Bakugan Battle Brawlers","11973","Bakugan Battle Brawlers","52980","15840","56","2","70","0","0","3.34","Bakugan Battle Brawlers"
"Summoner","11974","Summoner","52980","18720","44","2","38","0","0","2.83","Summoner"
"Shadow of the Beast","11975","Shadow of the Beast","52980","8700","204","2","107","0","0","6.09","Shadow of the Beast"
"Ten Nights of Killing and Mayhem at F.J.B. II","11976","Ten Nights of Killing and Mayhem at F.J.B. II","52980","240","358","1","1","0","0","220.75","Ten Nights of Killing and Mayhem at F.J.B. II"
"Legend of Wukong","11977","Legend of Wukong","52920","2280","269","1","8","0","0","23.21","Legend of Wukong"
"The Warrior Of Treasures","11978","The Warrior Of Treasures","52920","300","456","1","3","0","0","176.4","The Warrior Of Treasures"
"Des Chiffres et des Lettres","11979","Des Chiffres et des Lettres","52920","16620","682","1","5","0","0","3.18","Des Chiffres et des Lettres"
"Star Wars: Obi-Wan","11980","Star Wars: Obi-Wan","52920","3000","338","1","11","0","0","17.64","Star Wars: Obi-Wan"
"Lazlos' Leap","11981","Lazlos' Leap","52920","1500","820","1","2","0","0","35.28","Lazlos' Leap"
"Indiana Jones and the Temple of Doom","11982","Indiana Jones and the Temple of Doom","52920","3660","154","1","8","0","0","14.46","Indiana Jones and the Temple of Doom"
"Always Sometimes Monsters","11983","Always Sometimes Monsters","52920","20280","80","2","68","0","0","2.61","Always Sometimes Monsters"
"Escape Dead Island","11984","Escape Dead Island","52920","21900","62","3","48","0","0","2.42","Escape Dead Island"
"Golf Peaks","11985","Golf Peaks","52920","5040","76","2","33","0","0","10.5","Golf Peaks"
"Starpoint Gemini 3","11986","Starpoint Gemini 3","52920","3720","263","2","23","0","0","14.23","Starpoint Gemini 3"
"Kang Fu","11987","Kang Fu","52920","120","454","1","1","0","0","441","Kang Fu"
"The Lord of the Rings: Conquest","11988","The Lord of the Rings: Conquest","52860","16380","134","3","60","0","0","3.23","The Lord of the Rings: Conquest"
"Ninja Baseball Bat Man","11989","Ninja Baseball Bat Man","52860","5040","483","1","42","0","0","10.49","Ninja Baseball Bat Man"
"Hani on the Road","11990","Hani on the Road","52860","420","221","1","2","0","0","125.86","Hani on the Road"
"The Franz Kafka Videogame","11991","The Franz Kafka Videogame","52860","4620","121","2","25","0","0","11.44","The Franz Kafka Videogame"
"The Smurfs Dance Party","11992","The Smurfs Dance Party","52800","660","225","1","4","0","0","80","The Smurfs Dance Party"
"This Strange Realm Of Mine","11993","This Strange Realm Of Mine","52740","10140","43","2","45","0","0","5.2","This Strange Realm Of Mine"
"Penny-Punching Princess","11994","Penny-Punching Princess","52740","6120","61","1","20","0","0","8.62","Penny-Punching Princess"
"Air Combat","11995","Air Combat","52740","15240","178","2","34","0","0","3.46","Air Combat"
"Castlevania: Grimoire of Souls","11996","Castlevania: Grimoire of Souls","52740","12660","27","2","29","0","0","4.17","Castlevania: Grimoire of Souls"
"Vasilis","11997","Vasilis","52740","1560","217","1","6","0","0","33.81","Vasilis"
"Hyperspace Delivery Service","11998","Hyperspace Delivery Service","52740","4980","190","4","21","0","0","10.59","Hyperspace Delivery Service"
"Afterfall: InSanity","11999","Afterfall: InSanity","52680","15600","44","2","49","0","0","3.38","Afterfall: InSanity"
"Tarot Mystery","12000","Tarot Mystery","52680","23640","9","1","3","0","0","2.23","Tarot Mystery"