"","","Game","Watch time","Stream time","Peak viewers","Peak channels","Streamers","Average viewers","Average channels","Average viewer ratio",""
"WWE: Champions","6801","WWE: Champions","328800","58800","171","4","53","0","0","5.59","WWE: Champions"
"Wrestling Revolution","6802","Wrestling Revolution","328680","1800","2707","1","12","0","0","182.6","Wrestling Revolution"
"Construction Simulator 2","6803","Construction Simulator 2","328620","27600","381","3","105","0","0","11.91","Construction Simulator 2"
"Tomb Raider: Unfinished Business","6804","Tomb Raider: Unfinished Business","328440","18180","235","2","41","0","0","18.07","Tomb Raider: Unfinished Business"
"Marvel Super War","6805","Marvel Super War","328440","47460","539","8","149","0","0","6.92","Marvel Super War"
"WWF Royal Rumble","6806","WWF Royal Rumble","328380","2460","3290","2","24","0","0","133.49","WWF Royal Rumble"
"Angband","6807","Angband","328140","37740","292","2","28","0","0","8.69","Angband"
"Command & Conquer: Generals","6808","Command & Conquer: Generals","328140","119280","411","4","352","0","0","2.75","Command & Conquer: Generals"
"Star Wars Trilogy Arcade","6809","Star Wars Trilogy Arcade","327960","480","6527","1","5","0","0","683.25","Star Wars Trilogy Arcade"
"Viviette","6810","Viviette","327900","33240","216","2","102","0","0","9.86","Viviette"
"Guns of Icarus: Alliance","6811","Guns of Icarus: Alliance","327420","60060","117","6","221","0","0","5.45","Guns of Icarus: Alliance"
"Dead Effect 2 VR","6812","Dead Effect 2 VR","327300","32280","464","4","173","0","0","10.14","Dead Effect 2 VR"
"Silent Hunter V: Battle of the Atlantic","6813","Silent Hunter V: Battle of the Atlantic","327000","106080","974","4","155","0","0","3.08","Silent Hunter V: Battle of the Atlantic"
"Shadow of Rome","6814","Shadow of Rome","326940","11580","4618","2","30","0","0","28.23","Shadow of Rome"
"Warzone","6815","Warzone","326940","42240","35","3","63","0","0","7.74","Warzone"
"Woodle Tree 2: Worlds","6816","Woodle Tree 2: Worlds","326880","6780","706","2","48","0","0","48.21","Woodle Tree 2: Worlds"
"Wilson's Heart","6817","Wilson's Heart","325800","14400","668","2","53","0","0","22.63","Wilson's Heart"
"War Tech Fighters","6818","War Tech Fighters","325800","16800","366","2","61","0","0","19.39","War Tech Fighters"
"April 7th","6819","April 7th","325740","480","2327","1","2","0","0","678.63","April 7th"
"Flinthook","6820","Flinthook","325500","28620","824","2","167","0","0","11.37","Flinthook"
"Wario Land II","6821","Wario Land II","325440","17040","803","2","55","0","0","19.1","Wario Land II"
"Toy Story 2","6822","Toy Story 2","325440","10320","872","2","54","0","0","31.53","Toy Story 2"
"Kaori After Story","6823","Kaori After Story","325380","2220","1381","2","10","0","0","146.57","Kaori After Story"
"Fight the Horror","6824","Fight the Horror","325380","6900","378","2","11","0","0","47.16","Fight the Horror"
"The Simpsons Skateboarding","6825","The Simpsons Skateboarding","325260","5580","1345","1","21","0","0","58.29","The Simpsons Skateboarding"
"Groovy Bunch of Games","6826","Groovy Bunch of Games","324840","92100","101","3","35","0","0","3.53","Groovy Bunch of Games"
"Sled Storm","6827","Sled Storm","324780","12240","412","2","18","0","0","26.53","Sled Storm"
"Battlewake","6828","Battlewake","324780","19920","1870","8","130","0","0","16.3","Battlewake"
"Baldur's Gate: Siege of Dragonspear","6829","Baldur's Gate: Siege of Dragonspear","324720","48480","103","2","56","0","0","6.7","Baldur's Gate: Siege of Dragonspear"
"The Void Rains Upon Her Heart","6830","The Void Rains Upon Her Heart","324660","13140","560","2","39","0","0","24.71","The Void Rains Upon Her Heart"
"VODKA","6831","VODKA","324300","1140","2835","1","9","0","0","284.47","VODKA"
"Formula One: Built to Win","6832","Formula One: Built to Win","324240","1380","422","1","5","0","0","234.96","Formula One: Built to Win"
"WWE SmackDown! Shut Your Mouth","6833","WWE SmackDown! Shut Your Mouth","324240","15480","2530","2","53","0","0","20.95","WWE SmackDown! Shut Your Mouth"
"Medal of Honor: Warfighter","6834","Medal of Honor: Warfighter","324240","70380","384","11","310","0","0","4.61","Medal of Honor: Warfighter"
"King Kong 2: Ikari no Megaton Punch","6835","King Kong 2: Ikari no Megaton Punch","324240","600","5342","5","8","0","0","540.4","King Kong 2: Ikari no Megaton Punch"
"Fallback","6836","Fallback","324180","9060","1252","6","41","0","0","35.78","Fallback"
"Horse Racing 2016","6837","Horse Racing 2016","323700","16920","546","2","43","0","0","19.13","Horse Racing 2016"
"Sunset Over Imdahl","6838","Sunset Over Imdahl","323520","600","2027","1","3","0","0","539.2","Sunset Over Imdahl"
"A Girl's Fabric Face","6839","A Girl's Fabric Face","322920","7740","1126","2","54","0","0","41.72","A Girl's Fabric Face"
"Double Switch","6840","Double Switch","322800","8280","805","2","32","0","0","38.99","Double Switch"
"Tatsunoko vs. Capcom: Ultimate All Stars","6841","Tatsunoko vs. Capcom: Ultimate All Stars","322320","36120","710","3","72","0","0","8.92","Tatsunoko vs. Capcom: Ultimate All Stars"
"Virtua Tennis 4","6842","Virtua Tennis 4","322260","6060","1913","1","33","0","0","53.18","Virtua Tennis 4"
"Disney Tsum Tsum","6843","Disney Tsum Tsum","321900","4800","1831","1","23","0","0","67.06","Disney Tsum Tsum"
"R.B.I. Baseball 19","6844","R.B.I. Baseball 19","321900","60180","277","6","186","0","0","5.35","R.B.I. Baseball 19"
"Rise of the Slime","6845","Rise of the Slime","321900","9840","858","2","36","0","0","32.71","Rise of the Slime"
"Mount & Blade 2","6846","Mount & Blade 2","321660","1200","2647","1","8","0","0","268.05","Mount & Blade 2"
"Dungeon Keeper: The Deeper Dungeons","6847","Dungeon Keeper: The Deeper Dungeons","321660","243300","113","3","12","0","0","1.32","Dungeon Keeper: The Deeper Dungeons"
"Golden Nugget","6848","Golden Nugget","321540","720","2092","1","5","0","0","446.58","Golden Nugget"
"Guy Spy and the Crystals of Armageddon","6849","Guy Spy and the Crystals of Armageddon","321060","900","3000","1","2","0","0","356.73","Guy Spy and the Crystals of Armageddon"
"Delightful Wallpaper","6850","Delightful Wallpaper","321060","8280","5267","1","22","0","0","38.78","Delightful Wallpaper"
"Diep.io","6851","Diep.io","320820","102600","172","3","692","0","0","3.13","Diep.io"
"Skunny: Save Our Pizzas!","6852","Skunny: Save Our Pizzas!","320640","120","2756","2","2","0","0","2672","Skunny: Save Our Pizzas!"
"Battle Bay","6853","Battle Bay","320580","203400","22","3","36","0","0","1.58","Battle Bay"
"The Diamond and the Sound of a Gunshot","6854","The Diamond and the Sound of a Gunshot","320520","4620","503","1","7","0","0","69.38","The Diamond and the Sound of a Gunshot"
"Monster Legends","6855","Monster Legends","320100","16980","332","2","40","0","0","18.85","Monster Legends"
"Drome Racers","6856","Drome Racers","319380","2100","2318","1","12","0","0","152.09","Drome Racers"
"Streemerz","6857","Streemerz","319320","9660","2261","3","21","0","0","33.06","Streemerz"
"Toybox Turbos","6858","Toybox Turbos","319200","7980","2384","1","52","0","0","40","Toybox Turbos"
"Clock Tower: The First Fear","6859","Clock Tower: The First Fear","319080","35580","175","3","74","0","0","8.97","Clock Tower: The First Fear"
"Ashes of Oahu","6860","Ashes of Oahu","319020","11640","474","3","48","0","0","27.41","Ashes of Oahu"
"Icy Tower","6861","Icy Tower","318780","7080","3077","2","62","0","0","45.03","Icy Tower"
"Spore: Creepy and Cute","6862","Spore: Creepy and Cute","318720","3900","656","1","17","0","0","81.72","Spore: Creepy and Cute"
"Super Inefficient Golf","6863","Super Inefficient Golf","318540","15180","733","3","110","0","0","20.98","Super Inefficient Golf"
"Dakar 18","6864","Dakar 18","318420","76560","372","3","250","0","0","4.16","Dakar 18"
"Sinbad: Legend of the Seven Seas","6865","Sinbad: Legend of the Seven Seas","318420","300","2938","1","3","0","0","1061.4","Sinbad: Legend of the Seven Seas"
"Dr. Mario 64","6866","Dr. Mario 64","318300","41520","74","2","41","0","0","7.67","Dr. Mario 64"
"The Howler","6867","The Howler","318240","5580","3136","1","55","0","0","57.03","The Howler"
"Mega Man Maverick Hunter X","6868","Mega Man Maverick Hunter X","318000","21600","930","2","83","0","0","14.72","Mega Man Maverick Hunter X"
"Front Mission: Gun Hazard","6869","Front Mission: Gun Hazard","317940","8820","286","2","21","0","0","36.05","Front Mission: Gun Hazard"
"Serious Sam","6870","Serious Sam","317940","21300","2662","2","114","0","0","14.93","Serious Sam"
"Objects in Space","6871","Objects in Space","317760","16440","1537","4","73","0","0","19.33","Objects in Space"
"U.F.O - Unfortunately Fortunate Organisms","6872","U.F.O - Unfortunately Fortunate Organisms","317160","54360","259","5","329","0","0","5.83","U.F.O - Unfortunately Fortunate Organisms"
"Dissidia 012 Final Fantasy","6873","Dissidia 012 Final Fantasy","317160","79500","155","4","148","0","0","3.99","Dissidia 012 Final Fantasy"
"Sega Genesis Collection","6874","Sega Genesis Collection","316920","22860","499","2","80","0","0","13.86","Sega Genesis Collection"
"Lu Bu Maker","6875","Lu Bu Maker","316800","6480","1100","1","35","0","0","48.89","Lu Bu Maker"
"Out There Somewhere","6876","Out There Somewhere","316620","45780","308","6","127","0","0","6.92","Out There Somewhere"
"The Bureau: XCOM Declassified","6877","The Bureau: XCOM Declassified","316560","108960","163","4","299","0","0","2.91","The Bureau: XCOM Declassified"
"Dangan Ronpa 1 & 2 Reload","6878","Dangan Ronpa 1 & 2 Reload","316020","52860","59","3","853","0","0","5.98","Dangan Ronpa 1 & 2 Reload"
"Dooly Bravo Land","6879","Dooly Bravo Land","315780","1320","2313","2","7","0","0","239.23","Dooly Bravo Land"
"Pro Evolution Soccer 2015","6880","Pro Evolution Soccer 2015","315720","31320","1420","3","142","0","0","10.08","Pro Evolution Soccer 2015"
"Valkyrie Profile 2: Silmeria","6881","Valkyrie Profile 2: Silmeria","315480","52200","187","2","59","0","0","6.04","Valkyrie Profile 2: Silmeria"
"Dragon Slayer: The Legend of Heroes","6882","Dragon Slayer: The Legend of Heroes","315360","7320","1612","1","9","0","0","43.08","Dragon Slayer: The Legend of Heroes"
"Custom Robo","6883","Custom Robo","315240","53940","443","3","171","0","0","5.84","Custom Robo"
"Disney's Magical Quest 3 starring Mickey and Donald","6884","Disney's Magical Quest 3 starring Mickey and Donald","315180","16620","601","2","42","0","0","18.96","Disney's Magical Quest 3 starring Mickey and Donald"
"Drift","6885","Drift","315120","18780","1699","2","87","0","0","16.78","Drift"
"Astro Boy: Omega Factor","6886","Astro Boy: Omega Factor","315120","7560","2313","2","25","0","0","41.68","Astro Boy: Omega Factor"
"OverBlood","6887","OverBlood","315000","6900","662","2","20","0","0","45.65","OverBlood"
"Holiday","6888","Holiday","314880","3540","5100","2","15","0","0","88.95","Holiday"
"Sentient","6889","Sentient","314820","1920","223","1","1","0","0","163.97","Sentient"
"Marie's Room","6890","Marie's Room","314820","37680","588","2","369","0","0","8.36","Marie's Room"
"Shin Megami Tensei if...","6891","Shin Megami Tensei if...","314700","20040","195","3","31","0","0","15.7","Shin Megami Tensei if..."
"RosenkreuzStilette","6892","RosenkreuzStilette","314640","46080","460","4","95","0","0","6.83","RosenkreuzStilette"
"Cornerstone: The Song of Tyrim","6893","Cornerstone: The Song of Tyrim","314580","3180","1152","1","13","0","0","98.92","Cornerstone: The Song of Tyrim"
"Discworld II: Mortality Bytes!","6894","Discworld II: Mortality Bytes!","314400","13500","151","2","31","0","0","23.29","Discworld II: Mortality Bytes!"
"Plok","6895","Plok","314340","16740","1155","4","61","0","0","18.78","Plok"
"Divine Divinity","6896","Divine Divinity","314280","91260","568","4","162","0","0","3.44","Divine Divinity"
"Din's Curse","6897","Din's Curse","314280","3900","724","1","13","0","0","80.58","Din's Curse"
"War Dust","6898","War Dust","314280","134700","1996","5","259","0","0","2.33","War Dust"
"Beeftacular","6899","Beeftacular","314220","660","2837","1","4","0","0","476.09","Beeftacular"
"Catch a Lover","6900","Catch a Lover","314160","4140","2365","3","36","0","0","75.88","Catch a Lover"