"","","Game","Watch time","Stream time","Peak viewers","Peak channels","Streamers","Average viewers","Average channels","Average viewer ratio",""
"Hellgate: London","8201","Hellgate: London","192060","102060","58","3","206","0","0","1.88","Hellgate: London"
"PAGUI","8202","PAGUI","192060","4020","663","2","15","0","0","47.78","PAGUI"
"SSX on Tour","8203","SSX on Tour","192000","8160","383","4","48","0","0","23.53","SSX on Tour"
"Big Rigs: Over the Road Racing","8204","Big Rigs: Over the Road Racing","191820","22320","467","2","30","0","0","8.59","Big Rigs: Over the Road Racing"
"The Walking Dead: Road to Survival","8205","The Walking Dead: Road to Survival","191820","14520","736","3","39","0","0","13.21","The Walking Dead: Road to Survival"
"R.U.S.E.","8206","R.U.S.E.","191760","56220","819","3","237","0","0","3.41","R.U.S.E."
"SpongeBob SquarePants: Creature From the Krusty Krab","8207","SpongeBob SquarePants: Creature From the Krusty Krab","191760","24780","297","3","62","0","0","7.74","SpongeBob SquarePants: Creature From the Krusty Krab"
"39 Days to Mars","8208","39 Days to Mars","191640","13680","369","2","72","0","0","14.01","39 Days to Mars"
"Shooting Stars!","8209","Shooting Stars!","191400","4500","1533","1","22","0","0","42.53","Shooting Stars!"
"Chameleon Twist 2","8210","Chameleon Twist 2","191220","25020","325","2","16","0","0","7.64","Chameleon Twist 2"
"Ashes of the Singularity","8211","Ashes of the Singularity","191220","37440","521","4","165","0","0","5.11","Ashes of the Singularity"
"Captain Forever Remix","8212","Captain Forever Remix","191220","3360","499","1","24","0","0","56.91","Captain Forever Remix"
"War","8213","War","191100","21060","810","3","88","0","0","9.07","War"
"Naruto: Ultimate Ninja 2","8214","Naruto: Ultimate Ninja 2","191040","7260","114","2","24","0","0","26.31","Naruto: Ultimate Ninja 2"
"Entomorph: Plague of the Darkfall","8215","Entomorph: Plague of the Darkfall","191040","1980","163","1","1","0","0","96.48","Entomorph: Plague of the Darkfall"
"Metal Slug: 1st Mission","8216","Metal Slug: 1st Mission","190860","2100","2915","1","12","0","0","90.89","Metal Slug: 1st Mission"
"The Ooze","8217","The Ooze","190860","1680","2999","1","11","0","0","113.61","The Ooze"
"8 To Glory - The Official Game of the PBR","8218","8 To Glory - The Official Game of the PBR","190860","1080","1529","1","6","0","0","176.72","8 To Glory - The Official Game of the PBR"
"Russian Love Story","8219","Russian Love Story","190860","2880","1708","1","18","0","0","66.27","Russian Love Story"
"Shardlight","8220","Shardlight","190620","19140","181","1","35","0","0","9.96","Shardlight"
"Arena Football: Road to Glory","8221","Arena Football: Road to Glory","190620","7680","750","2","6","0","0","24.82","Arena Football: Road to Glory"
"Quest for Glory II: Trial by Fire","8222","Quest for Glory II: Trial by Fire","190560","12900","1571","1","27","0","0","14.77","Quest for Glory II: Trial by Fire"
"My Ex-Boyfriend the Space Tyrant","8223","My Ex-Boyfriend the Space Tyrant","190500","540","1316","1","6","0","0","352.78","My Ex-Boyfriend the Space Tyrant"
"Behind You!!","8224","Behind You!!","190260","2040","3203","1","7","0","0","93.26","Behind You!!"
"Space Pirates and Zombies 2","8225","Space Pirates and Zombies 2","190200","31860","67","4","60","0","0","5.97","Space Pirates and Zombies 2"
"Leisure Suit Larry in the Land of Lounge Lizards RELOADED","8226","Leisure Suit Larry in the Land of Lounge Lizards RELOADED","190140","9600","398","2","40","0","0","19.81","Leisure Suit Larry in the Land of Lounge Lizards RELOADED"
"Rogue's Tale","8227","Rogue's Tale","190020","9540","511","1","27","0","0","19.92","Rogue's Tale"
"Conquest of the Crystal Palace","8228","Conquest of the Crystal Palace","189960","5520","492","2","22","0","0","34.41","Conquest of the Crystal Palace"
"Digimon Racing","8229","Digimon Racing","189960","960","1793","1","8","0","0","197.88","Digimon Racing"
"Phoenix","8230","Phoenix","189900","36420","32","5","24","0","0","5.21","Phoenix"
"Gary Grigsby's War in the East","8231","Gary Grigsby's War in the East","189840","41880","109","2","21","0","0","4.53","Gary Grigsby's War in the East"
"Cruis'n USA","8232","Cruis'n USA","189780","9120","1044","2","58","0","0","20.81","Cruis'n USA"
"Brass","8233","Brass","189780","360","3162","1","2","0","0","527.17","Brass"
"Club Life","8234","Club Life","189720","780","807","1","3","0","0","243.23","Club Life"
"Folklore","8235","Folklore","189720","80760","398","3","41","0","0","2.35","Folklore"
"Caesar IV","8236","Caesar IV","189660","21060","215","2","45","0","0","9.01","Caesar IV"
"Close Combat: The Bloody First","8237","Close Combat: The Bloody First","189660","7860","184","4","26","0","0","24.13","Close Combat: The Bloody First"
"Empire TV Tycoon","8238","Empire TV Tycoon","189600","45000","106","2","32","0","0","4.21","Empire TV Tycoon"
"Madden NFL 16","8239","Madden NFL 16","189240","113220","558","5","541","0","0","1.67","Madden NFL 16"
"Knack 2","8240","Knack 2","189120","77880","209","3","356","0","0","2.43","Knack 2"
"Werewolf Online","8241","Werewolf Online","189000","17940","1098","2","115","0","0","10.54","Werewolf Online"
"Legendary: Game of Heroes","8242","Legendary: Game of Heroes","188460","7260","1738","1","23","0","0","25.96","Legendary: Game of Heroes"
"Q.U.B.E. Director's Cut","8243","Q.U.B.E. Director's Cut","188460","48900","124","3","272","0","0","3.85","Q.U.B.E. Director's Cut"
"Runbow","8244","Runbow","188400","13080","1274","7","75","0","0","14.4","Runbow"
"Fire Emblem: Monshou no Nazo","8245","Fire Emblem: Monshou no Nazo","188400","30840","39","2","33","0","0","6.11","Fire Emblem: Monshou no Nazo"
"Dodonpachi Dai-Ou-Jou","8246","Dodonpachi Dai-Ou-Jou","188400","42540","65","4","46","0","0","4.43","Dodonpachi Dai-Ou-Jou"
"Pickle Wars","8247","Pickle Wars","188340","1680","3011","1","7","0","0","112.11","Pickle Wars"
"U.N. Squadron","8248","U.N. Squadron","188280","13320","359","5","72","0","0","14.14","U.N. Squadron"
"RalliSport Challenge","8249","RalliSport Challenge","188220","1920","306","1","4","0","0","98.03","RalliSport Challenge"
"The Forgettable Dungeon","8250","The Forgettable Dungeon","188220","1500","942","1","8","0","0","125.48","The Forgettable Dungeon"
"The Lord of the Rings: The Two Towers","8251","The Lord of the Rings: The Two Towers","188100","22560","447","5","80","0","0","8.34","The Lord of the Rings: The Two Towers"
"Sid Meier's Civilization Revolution","8252","Sid Meier's Civilization Revolution","187980","113220","35","6","502","0","0","1.66","Sid Meier's Civilization Revolution"
"Jikkyou Oshaberi Parodius","8253","Jikkyou Oshaberi Parodius","187800","1080","1608","1","12","0","0","173.89","Jikkyou Oshaberi Parodius"
"Sexy Serial Killer","8254","Sexy Serial Killer","187740","3900","755","1","21","0","0","48.14","Sexy Serial Killer"
"The Voice","8255","The Voice","187560","1440","1457","1","16","0","0","130.25","The Voice"
"Ratchet: Deadlocked","8256","Ratchet: Deadlocked","187320","61320","159","3","125","0","0","3.05","Ratchet: Deadlocked"
"A Case of Distrust","8257","A Case of Distrust","187260","5760","1490","1","27","0","0","32.51","A Case of Distrust"
"Captain America and the Avengers","8258","Captain America and the Avengers","187140","8340","1374","2","50","0","0","22.44","Captain America and the Avengers"
"The Darkness","8259","The Darkness","187140","40200","75","3","140","0","0","4.66","The Darkness"
"Dune 2000","8260","Dune 2000","187140","30660","1521","2","79","0","0","6.1","Dune 2000"
"WWE Survivor Series","8261","WWE Survivor Series","187020","660","2796","1","4","0","0","283.36","WWE Survivor Series"
"Ring of Sias","8262","Ring of Sias","187020","1980","1410","1","5","0","0","94.45","Ring of Sias"
"City Life 2008","8263","City Life 2008","186900","3660","3157","1","3","0","0","51.07","City Life 2008"
"Lovely Planet 2: April Skies","8264","Lovely Planet 2: April Skies","186840","18180","196","6","107","0","0","10.28","Lovely Planet 2: April Skies"
"Heroine's Quest: The Herald of Ragnarok","8265","Heroine's Quest: The Herald of Ragnarok","186780","13380","124","2","27","0","0","13.96","Heroine's Quest: The Herald of Ragnarok"
"Eden Eternal","8266","Eden Eternal","186660","56460","205","2","147","0","0","3.31","Eden Eternal"
"The Last Dead End","8267","The Last Dead End","186600","4320","1300","1","18","0","0","43.19","The Last Dead End"
"WinBack: Covert Operations","8268","WinBack: Covert Operations","186180","7260","301","1","25","0","0","25.64","WinBack: Covert Operations"
"Commander Keen 4: Secret of the Oracle","8269","Commander Keen 4: Secret of the Oracle","186120","8580","1070","2","45","0","0","21.69","Commander Keen 4: Secret of the Oracle"
"I Can't Believe It's Not Gambling","8270","I Can't Believe It's Not Gambling","186060","9840","782","2","66","0","0","18.91","I Can't Believe It's Not Gambling"
"J-Stars Victory Vs+","8271","J-Stars Victory Vs+","186000","66060","196","3","364","0","0","2.82","J-Stars Victory Vs+"
"The Light Keeps Us Safe","8272","The Light Keeps Us Safe","185940","10800","320","4","62","0","0","17.22","The Light Keeps Us Safe"
"Hiveswap: Act 1","8273","Hiveswap: Act 1","185820","28920","250","4","148","0","0","6.43","Hiveswap: Act 1"
"Blur","8274","Blur","185760","49500","373","2","200","0","0","3.75","Blur"
"Vanish","8275","Vanish","185700","15000","303","2","119","0","0","12.38","Vanish"
"Downtown Nekketsu Koushinkyoku: Soreyuke Daiundoukai: All-Star Special","8276","Downtown Nekketsu Koushinkyoku: Soreyuke Daiundoukai: All-Star Special","185700","780","1169","1","4","0","0","238.08","Downtown Nekketsu Koushinkyoku: Soreyuke Daiundoukai: All-Star Special"
"Ignition","8277","Ignition","185700","6720","1494","3","23","0","0","27.63","Ignition"
"Lee Trevino's Fighting Golf","8278","Lee Trevino's Fighting Golf","185520","780","1657","1","3","0","0","237.85","Lee Trevino's Fighting Golf"
"Track & Field II","8279","Track & Field II","185400","1380","503","1","7","0","0","134.35","Track & Field II"
"Ninja Gaiden Trilogy","8280","Ninja Gaiden Trilogy","185340","11160","1875","2","52","0","0","16.61","Ninja Gaiden Trilogy"
"Pokémon Trozei!","8281","Pokémon Trozei!","185280","2520","1099","1","12","0","0","73.52","Pokémon Trozei!"
"Tower! 3D Pro","8282","Tower! 3D Pro","185280","59400","137","3","193","0","0","3.12","Tower! 3D Pro"
"Need for Speed Edge","8283","Need for Speed Edge","185280","59220","478","5","114","0","0","3.13","Need for Speed Edge"
"Ghost Giant","8284","Ghost Giant","185220","18480","855","3","107","0","0","10.02","Ghost Giant"
"She Wants Me Dead","8285","She Wants Me Dead","184980","13800","288","2","104","0","0","13.4","She Wants Me Dead"
"Fate of the World","8286","Fate of the World","184980","3000","830","1","14","0","0","61.66","Fate of the World"
"Not a Hero","8287","Not a Hero","184980","27180","1822","2","200","0","0","6.81","Not a Hero"
"Silence of the Sleep","8288","Silence of the Sleep","184920","22560","140","2","68","0","0","8.2","Silence of the Sleep"
"Noir Chronicles: City of Crime","8289","Noir Chronicles: City of Crime","184860","7440","271","1","24","0","0","24.85","Noir Chronicles: City of Crime"
"Day Dreamin' Davey","8290","Day Dreamin' Davey","184740","2820","1743","1","8","0","0","65.51","Day Dreamin' Davey"
"Growlanser","8291","Growlanser","184680","10260","48","1","5","0","0","18","Growlanser"
"Man Boobs Are Candy Corn","8292","Man Boobs Are Candy Corn","184680","15060","963","2","4","0","0","12.26","Man Boobs Are Candy Corn"
"Naruto Mobile","8293","Naruto Mobile","184560","15000","136","2","36","0","0","12.3","Naruto Mobile"
"Bit.Trip RUNNER","8294","Bit.Trip RUNNER","184560","20160","221","2","130","0","0","9.15","Bit.Trip RUNNER"
"Main Assembly","8295","Main Assembly","184560","3180","1513","2","11","0","0","58.04","Main Assembly"
"BlackThorne","8296","BlackThorne","184500","11400","330","1","42","0","0","16.18","BlackThorne"
"Super Robot Taisen GC","8297","Super Robot Taisen GC","184380","5400","1656","1","3","0","0","34.14","Super Robot Taisen GC"
"Harvest Moon DS","8298","Harvest Moon DS","184200","11580","138","2","20","0","0","15.91","Harvest Moon DS"
"The Useful Dead","8299","The Useful Dead","184200","60","3111","1","1","0","0","3070","The Useful Dead"
"Zezenia Online","8300","Zezenia Online","183960","49380","62","4","66","0","0","3.73","Zezenia Online"