"","","Game","Watch time","Stream time","Peak viewers","Peak channels","Streamers","Average viewers","Average channels","Average viewer ratio",""
"NBA 2K14","8401","NBA 2K14","176760","66240","563","3","266","0","0","2.67","NBA 2K14"
"Dawn of War II: Retribution – The Last Standalone","8402","Dawn of War II: Retribution – The Last Standalone","176520","51720","197","3","148","0","0","3.41","Dawn of War II: Retribution – The Last Standalone"
"God of War: Origins Collection","8403","God of War: Origins Collection","176520","13080","427","2","40","0","0","13.5","God of War: Origins Collection"
"The Emperor's New Groove","8404","The Emperor's New Groove","176460","10980","168","2","38","0","0","16.07","The Emperor's New Groove"
"Scooby-Doo Mystery","8405","Scooby-Doo Mystery","176400","18720","348","2","43","0","0","9.42","Scooby-Doo Mystery"
"Zuma","8406","Zuma","176400","32100","286","3","144","0","0","5.5","Zuma"
"Under a Killing Moon","8407","Under a Killing Moon","176340","13200","171","2","22","0","0","13.36","Under a Killing Moon"
"Salt","8408","Salt","176220","39420","114","4","146","0","0","4.47","Salt"
"Crazy Machines","8409","Crazy Machines","176100","5700","394","1","27","0","0","30.89","Crazy Machines"
"Math Play","8410","Math Play","176040","6480","226","1","26","0","0","27.17","Math Play"
"Planetary Annihilation","8411","Planetary Annihilation","175980","47700","115","3","261","0","0","3.69","Planetary Annihilation"
"Homefront","8412","Homefront","175980","65880","107","3","335","0","0","2.67","Homefront"
"Mekabolt","8413","Mekabolt","175920","8280","725","2","79","0","0","21.25","Mekabolt"
"Zwei!!","8414","Zwei!!","175860","26520","119","2","39","0","0","6.63","Zwei!!"
"Armored Brigade","8415","Armored Brigade","175680","3240","150","2","11","0","0","54.22","Armored Brigade"
"Ganbare Goemon: Uchuu Kaizoku Akogingu","8416","Ganbare Goemon: Uchuu Kaizoku Akogingu","175620","2220","455","1","9","0","0","79.11","Ganbare Goemon: Uchuu Kaizoku Akogingu"
"What the box?","8417","What the box?","175560","9660","1414","2","95","0","0","18.17","What the box?"
"Varenje","8418","Varenje","175440","6060","1012","1","39","0","0","28.95","Varenje"
"Dream Eater","8419","Dream Eater","175320","4440","1026","2","16","0","0","39.49","Dream Eater"
"BlazBlue: Chrono Phantasma Extend","8420","BlazBlue: Chrono Phantasma Extend","175320","52920","158","4","275","0","0","3.31","BlazBlue: Chrono Phantasma Extend"
"Zynga Poker","8421","Zynga Poker","175320","38760","246","3","229","0","0","4.52","Zynga Poker"
"Dance Dance Revolution SuperNOVA","8422","Dance Dance Revolution SuperNOVA","175320","6900","157","2","26","0","0","25.41","Dance Dance Revolution SuperNOVA"
"Tanki Online","8423","Tanki Online","175260","180060","69","5","578","0","0","0.97","Tanki Online"
"Home Improvisation","8424","Home Improvisation","175200","6600","411","2","43","0","0","26.55","Home Improvisation"
"Legend of Kay Anniversary","8425","Legend of Kay Anniversary","175200","36720","292","3","102","0","0","4.77","Legend of Kay Anniversary"
"The Sims 2: Open for Business","8426","The Sims 2: Open for Business","175140","1740","1036","1","8","0","0","100.66","The Sims 2: Open for Business"
"Scythe: Digital Edition","8427","Scythe: Digital Edition","175020","26460","207","2","112","0","0","6.61","Scythe: Digital Edition"
"The Lighthouse","8428","The Lighthouse","174960","2640","974","2","21","0","0","66.27","The Lighthouse"
"1406","8429","1406","174960","780","1504","1","10","0","0","224.31","1406"
"SimpleRockets 2","8430","SimpleRockets 2","174960","8700","498","2","59","0","0","20.11","SimpleRockets 2"
"JumpFist","8431","JumpFist","174900","1020","2663","1","6","0","0","171.47","JumpFist"
"Dragon Fantasy","8432","Dragon Fantasy","174840","3360","1254","1","5","0","0","52.04","Dragon Fantasy"
"Yu-Gi-Oh! GX Duel Academy","8433","Yu-Gi-Oh! GX Duel Academy","174780","12840","193","2","35","0","0","13.61","Yu-Gi-Oh! GX Duel Academy"
"Geist","8434","Geist","174660","11340","740","2","37","0","0","15.4","Geist"
"Steel Rats","8435","Steel Rats","174660","25320","418","3","173","0","0","6.9","Steel Rats"
"Casino Kid","8436","Casino Kid","174600","19680","191","2","75","0","0","8.87","Casino Kid"
"Just Dance Summer Party","8437","Just Dance Summer Party","174540","4620","412","1","3","0","0","37.78","Just Dance Summer Party"
"MLB The Show 16","8438","MLB The Show 16","174480","18060","106","4","341","0","0","9.66","MLB The Show 16"
"Six Ages","8439","Six Ages","174420","12240","267","3","24","0","0","14.25","Six Ages"
"Homeworld","8440","Homeworld","174420","16500","269","2","60","0","0","10.57","Homeworld"
"G:nom","8441","G:nom","174360","120","1496","1","1","0","0","1453","G:nom"
"The Long Reach","8442","The Long Reach","174300","23400","140","3","103","0","0","7.45","The Long Reach"
"Hustle Cat","8443","Hustle Cat","174240","23700","147","2","65","0","0","7.35","Hustle Cat"
"Rock N' Roll Racing","8444","Rock N' Roll Racing","174240","30000","630","3","104","0","0","5.81","Rock N' Roll Racing"
"Dynasty Warriors 8: Empires","8445","Dynasty Warriors 8: Empires","174120","106440","77","3","262","0","0","1.64","Dynasty Warriors 8: Empires"
"Septerra Core: Legacy of the Creator","8446","Septerra Core: Legacy of the Creator","174060","25140","456","2","40","0","0","6.92","Septerra Core: Legacy of the Creator"
"Captain Tsubasa","8447","Captain Tsubasa","173880","16080","531","3","64","0","0","10.81","Captain Tsubasa"
"Racket Attack","8448","Racket Attack","173760","540","381","1","1","0","0","321.78","Racket Attack"
"Final Fantasy Tactics A2: Grimoire of the Rift","8449","Final Fantasy Tactics A2: Grimoire of the Rift","173760","33540","139","2","74","0","0","5.18","Final Fantasy Tactics A2: Grimoire of the Rift"
"Ultima VIII: Pagan","8450","Ultima VIII: Pagan","173700","10740","742","3","20","0","0","16.17","Ultima VIII: Pagan"
"Blood Will Tell: Tezuka Osamu's Dororo","8451","Blood Will Tell: Tezuka Osamu's Dororo","173700","39360","93","2","53","0","0","4.41","Blood Will Tell: Tezuka Osamu's Dororo"
"Star Stable Online","8452","Star Stable Online","173580","54840","86","4","193","0","0","3.17","Star Stable Online"
"Nancy Drew: Trail of the Twister","8453","Nancy Drew: Trail of the Twister","173520","16920","581","2","43","0","0","10.26","Nancy Drew: Trail of the Twister"
"Out to Lunch","8454","Out to Lunch","173400","2340","1232","2","11","0","0","74.1","Out to Lunch"
"Secret Files: Tunguska","8455","Secret Files: Tunguska","173400","18300","87","2","28","0","0","9.48","Secret Files: Tunguska"
"The Chronicles of Narnia: The Lion, the Witch and the Wardrobe","8456","The Chronicles of Narnia: The Lion, the Witch and the Wardrobe","173340","6840","355","1","31","0","0","25.34","The Chronicles of Narnia: The Lion, the Witch and the Wardrobe"
"ōdi∙um","8457","ōdi∙um","173280","16020","516","2","27","0","0","10.82","ōdi∙um"
"VR Dungeon Knight","8458","VR Dungeon Knight","173280","47580","158","3","301","0","0","3.64","VR Dungeon Knight"
"Headhunter","8459","Headhunter","173220","9900","210","2","16","0","0","17.5","Headhunter"
"Initial D: Extreme Stage","8460","Initial D: Extreme Stage","173100","6540","1663","1","42","0","0","26.47","Initial D: Extreme Stage"
"Dance Dance Revolution: Mario Mix","8461","Dance Dance Revolution: Mario Mix","173100","10920","1343","2","64","0","0","15.85","Dance Dance Revolution: Mario Mix"
"Soul Worker Online","8462","Soul Worker Online","173040","83100","69","4","324","0","0","2.08","Soul Worker Online"
"Gal*Gun VR","8463","Gal*Gun VR","173040","6120","668","1","40","0","0","28.27","Gal*Gun VR"
"Akira","8464","Akira","172800","2280","540","1","11","0","0","75.79","Akira"
"Atma","8465","Atma","172740","12900","1003","3","122","0","0","13.39","Atma"
"Pixel Puzzle Collection","8466","Pixel Puzzle Collection","172740","1560","794","1","8","0","0","110.73","Pixel Puzzle Collection"
"Megaton Rainfall","8467","Megaton Rainfall","172680","30000","264","2","223","0","0","5.76","Megaton Rainfall"
"Minetest","8468","Minetest","172560","109920","42","3","113","0","0","1.57","Minetest"
"Beavis and Butt-head","8469","Beavis and Butt-head","172380","6660","1291","3","47","0","0","25.88","Beavis and Butt-head"
"Quadrant","8470","Quadrant","172380","3360","1255","1","14","0","0","51.3","Quadrant"
"Paper-io","8471","Paper-io","172380","21900","509","3","232","0","0","7.87","Paper-io"
"Fred","8472","Fred","172260","480","3430","1","3","0","0","358.88","Fred"
"Shin Megami Tensei: Persona 2 - Innocent Sin","8473","Shin Megami Tensei: Persona 2 - Innocent Sin","172260","13020","108","3","24","0","0","13.23","Shin Megami Tensei: Persona 2 - Innocent Sin"
"Hyperdimension Neptunia","8474","Hyperdimension Neptunia","172080","19080","70","3","44","0","0","9.02","Hyperdimension Neptunia"
"The Settlers II: 10th Anniversary","8475","The Settlers II: 10th Anniversary","171960","12360","576","2","39","0","0","13.91","The Settlers II: 10th Anniversary"
"Deep Fear","8476","Deep Fear","171960","12060","188","2","24","0","0","14.26","Deep Fear"
"CyberMage: Darklight Awakening","8477","CyberMage: Darklight Awakening","171960","1800","155","1","2","0","0","95.53","CyberMage: Darklight Awakening"
"R2Beat","8478","R2Beat","171960","19740","111","2","92","0","0","8.71","R2Beat"
"Pajama Sam 2: Thunder and Lightning Aren't so Frightening","8479","Pajama Sam 2: Thunder and Lightning Aren't so Frightening","171840","19020","147","2","123","0","0","9.03","Pajama Sam 2: Thunder and Lightning Aren't so Frightening"
"The Polar Express","8480","The Polar Express","171780","5520","547","2","19","0","0","31.12","The Polar Express"
"Wing Commander IV: The Price of Freedom","8481","Wing Commander IV: The Price of Freedom","171720","5460","266","1","11","0","0","31.45","Wing Commander IV: The Price of Freedom"
"Alicemare","8482","Alicemare","171720","23700","303","2","94","0","0","7.25","Alicemare"
"World of Warships Blitz","8483","World of Warships Blitz","171660","73500","176","3","153","0","0","2.34","World of Warships Blitz"
"Brawlout","8484","Brawlout","171540","61980","308","5","286","0","0","2.77","Brawlout"
"Wheel of Fortune: 2nd Edition","8485","Wheel of Fortune: 2nd Edition","171540","600","1412","1","5","0","0","285.9","Wheel of Fortune: 2nd Edition"
"Earth Defense Force: Insect Armageddon","8486","Earth Defense Force: Insect Armageddon","171480","20580","820","3","108","0","0","8.33","Earth Defense Force: Insect Armageddon"
"Lazaretto","8487","Lazaretto","171420","11760","443","2","66","0","0","14.58","Lazaretto"
"AFTER-H","8488","AFTER-H","171360","11700","182","3","30","0","0","14.65","AFTER-H"
"Super Robot Wars A Portable","8489","Super Robot Wars A Portable","171180","31140","56","2","28","0","0","5.5","Super Robot Wars A Portable"
"Power Rangers: Wild Force","8490","Power Rangers: Wild Force","171180","960","1447","1","6","0","0","178.31","Power Rangers: Wild Force"
"Love Esquire","8491","Love Esquire","171120","13620","367","3","31","0","0","12.56","Love Esquire"
"My brother ate my pudding","8492","My brother ate my pudding","171120","300","1138","1","2","0","0","570.4","My brother ate my pudding"
"Touhou 07.5 - Immaterial and Missing Power","8493","Touhou 07.5 - Immaterial and Missing Power","171000","5340","618","2","21","0","0","32.02","Touhou 07.5 - Immaterial and Missing Power"
"Vanguard: Normandy 1944","8494","Vanguard: Normandy 1944","170880","4560","1116","7","28","0","0","37.47","Vanguard: Normandy 1944"
"WWE Crush Hour","8495","WWE Crush Hour","170880","1080","2470","1","10","0","0","158.22","WWE Crush Hour"
"Mushroom 11","8496","Mushroom 11","170880","4260","1382","2","23","0","0","40.11","Mushroom 11"
"Monkey King Online","8497","Monkey King Online","170820","180","6318","4","1","0","0","949","Monkey King Online"
"Chaser","8498","Chaser","170760","31680","299","3","53","0","0","5.39","Chaser"
"Flight Simulator","8499","Flight Simulator","170700","146940","140","4","294","0","0","1.16","Flight Simulator"
"Xin Juedai Shuangjiao 3","8500","Xin Juedai Shuangjiao 3","170520","2400","164","1","2","0","0","71.05","Xin Juedai Shuangjiao 3"