"","","Game","Watch time","Stream time","Peak viewers","Peak channels","Streamers","Average viewers","Average channels","Average viewer ratio",""
"Nelke & the Legendary Alchemists: Ateliers of the New World","3701","Nelke & the Legendary Alchemists: Ateliers of the New World","1528260","193080","332","12","261","2","0","7.92","Nelke & the Legendary Alchemists: Ateliers of the New World"
"Pro Fishing Simulator","3702","Pro Fishing Simulator","1525980","13980","15539","3","67","2","0","109.15","Pro Fishing Simulator"
"Warhammer 40,000: Space Marine","3703","Warhammer 40,000: Space Marine","1525380","414360","937","7","1281","2","0","3.68","Warhammer 40,000: Space Marine"
"Catch & Release","3704","Catch & Release","1524900","42720","5074","2","219","2","0","35.7","Catch & Release"
"Phantom Brave","3705","Phantom Brave","1523580","35340","11288","5","74","2","0","43.11","Phantom Brave"
"Encased","3706","Encased","1523220","71640","2800","9","313","2","0","21.26","Encased"
"Fish!","3707","Fish!","1522440","374100","13874","4","75","2","0","4.07","Fish!"
"The Sims 2: Super Collection","3708","The Sims 2: Super Collection","1520640","83880","2840","4","241","2","0","18.13","The Sims 2: Super Collection"
"Sonic R","3709","Sonic R","1520580","95280","1139","8","295","2","0","15.96","Sonic R"
"Cathedral","3710","Cathedral","1518900","51240","9388","6","103","2","0","29.64","Cathedral"
"The Banner Saga","3711","The Banner Saga","1518780","269580","472","5","875","2","0","5.63","The Banner Saga"
"Kingdom Hearts – The Story So Far","3712","Kingdom Hearts – The Story So Far","1518720","236220","340","10","310","2","0","6.43","Kingdom Hearts – The Story So Far"
"New Frontier","3713","New Frontier","1518240","347820","3653","16","1406","2","0","4.37","New Frontier"
"Lonk's Adventure","3714","Lonk's Adventure","1517880","19320","937","3","52","2","0","78.57","Lonk's Adventure"
"From The Depths","3715","From The Depths","1517520","129120","1423","6","292","2","0","11.75","From The Depths"
"Barbie","3716","Barbie","1516080","57480","5800","3","205","2","0","26.38","Barbie"
"Animal Crossing: Happy Home Designer","3717","Animal Crossing: Happy Home Designer","1515360","35880","2670","3","88","2","0","42.23","Animal Crossing: Happy Home Designer"
"Beast of Bermuda","3718","Beast of Bermuda","1514940","173220","5133","6","273","2","0","8.75","Beast of Bermuda"
"Switchblade","3719","Switchblade","1514820","312840","1236","15","1361","2","0","4.84","Switchblade"
"Driver: San Francisco","3720","Driver: San Francisco","1511400","70800","9614","3","298","2","0","21.35","Driver: San Francisco"
"Formula 1","3721","Formula 1","1510020","119520","1942","9","403","2","0","12.63","Formula 1"
"Marvel Ultimate Alliance","3722","Marvel Ultimate Alliance","1510020","171480","10481","5","589","2","0","8.81","Marvel Ultimate Alliance"
"The Stalin Subway: Red Veil","3723","The Stalin Subway: Red Veil","1509480","1320","21635","5","10","2","0","1143.55","The Stalin Subway: Red Veil"
"A Fisherman's Tale","3724","A Fisherman's Tale","1508580","21180","2143","3","159","2","0","71.23","A Fisherman's Tale"
"Street Boyz","3725","Street Boyz","1508280","15240","18097","7","26","2","0","98.97","Street Boyz"
"Evolution","3726","Evolution","1507980","20580","6927","4","90","2","0","73.27","Evolution"
"Survarium","3727","Survarium","1505760","595020","435","9","1379","2","1","2.53","Survarium"
"Super Mario All-Stars & Super Mario World","3728","Super Mario All-Stars & Super Mario World","1504860","76680","5738","4","291","2","0","19.63","Super Mario All-Stars & Super Mario World"
"The Daedalus Encounter","3729","The Daedalus Encounter","1504320","1380","2169","1","5","2","0","1090.09","The Daedalus Encounter"
"Valkyrie Profile","3730","Valkyrie Profile","1503780","133020","292","4","144","2","0","11.3","Valkyrie Profile"
"LEGO Harry Potter: Years 5-7","3731","LEGO Harry Potter: Years 5-7","1503300","165720","397","4","405","2","0","9.07","LEGO Harry Potter: Years 5-7"
"Dreadhalls","3732","Dreadhalls","1503060","36060","4508","2","266","2","0","41.68","Dreadhalls"
"Freedom Planet","3733","Freedom Planet","1502700","243420","11028","7","404","2","0","6.17","Freedom Planet"
"Youyou Kengeki Musou","3734","Youyou Kengeki Musou","1502340","4320","14740","5","21","2","0","347.76","Youyou Kengeki Musou"
"Triviador","3735","Triviador","1500900","37320","5836","4","270","2","0","40.22","Triviador"
"Strange Telephone","3736","Strange Telephone","1499460","17640","7294","6","108","2","0","85","Strange Telephone"
"Hob","3737","Hob","1499340","204720","2682","5","565","2","0","7.32","Hob"
"The Survey","3738","The Survey","1499220","42000","3561","3","268","2","0","35.7","The Survey"
"Evoland","3739","Evoland","1498140","92160","3409","3","449","2","0","16.26","Evoland"
"War Dragons","3740","War Dragons","1498020","85140","713","4","36","2","0","17.59","War Dragons"
"Quest for Glory I: So You Want To Be A Hero","3741","Quest for Glory I: So You Want To Be A Hero","1497720","27300","11507","4","68","2","0","54.86","Quest for Glory I: So You Want To Be A Hero"
"Bannermen","3742","Bannermen","1497480","24360","705","7","98","2","0","61.47","Bannermen"
"Ultimate General: Civil War","3743","Ultimate General: Civil War","1497300","154020","198","5","200","2","0","9.72","Ultimate General: Civil War"
"Gloria Victis","3744","Gloria Victis","1495080","288480","629","7","627","2","0","5.18","Gloria Victis"
"Jade Cocoon: Story of the Tamamayu","3745","Jade Cocoon: Story of the Tamamayu","1494480","37200","10631","5","79","2","0","40.17","Jade Cocoon: Story of the Tamamayu"
"Daemon_9","3746","Daemon_9","1492560","5580","4879","2","27","2","0","267.48","Daemon_9"
"MU Legend","3747","MU Legend","1491780","358380","1187","9","666","2","0","4.16","MU Legend"
"The Spy Who Shrunk Me","3748","The Spy Who Shrunk Me","1490640","9600","25464","2","74","2","0","155.28","The Spy Who Shrunk Me"
"LittleBigPlanet 3","3749","LittleBigPlanet 3","1490460","114300","5797","4","2252","2","0","13.04","LittleBigPlanet 3"
"Revolve","3750","Revolve","1487880","1140","9891","2","7","2","0","1305.16","Revolve"
"City of Brass","3751","City of Brass","1487880","209580","2355","40","1860","2","0","7.1","City of Brass"
"Steven Spielberg's Director's Chair","3752","Steven Spielberg's Director's Chair","1487100","600","3854","1","2","2","0","2478.5","Steven Spielberg's Director's Chair"
"The Town of Light","3753","The Town of Light","1485540","142140","3514","8","741","2","0","10.45","The Town of Light"
"Rayman Raving Rabbids","3754","Rayman Raving Rabbids","1484880","21120","4166","2","108","2","0","70.31","Rayman Raving Rabbids"
"Persona 5: Dancing in Starlight","3755","Persona 5: Dancing in Starlight","1483320","338460","2028","9","1764","2","0","4.38","Persona 5: Dancing in Starlight"
"Napoleon: Total War","3756","Napoleon: Total War","1482660","151860","1287","4","472","2","0","9.76","Napoleon: Total War"
"Ninja Senki","3757","Ninja Senki","1481700","8580","10388","2","23","2","0","172.69","Ninja Senki"
"Waking","3758","Waking","1480740","10800","17761","5","75","2","0","137.11","Waking"
"Homestuck","3759","Homestuck","1480740","78360","691","3","81","2","0","18.9","Homestuck"
"Party Hard","3760","Party Hard","1480620","172980","1859","5","1030","2","0","8.56","Party Hard"
"LEGO Marvel Super Heroes","3761","LEGO Marvel Super Heroes","1480560","264900","1513","5","1133","2","0","5.59","LEGO Marvel Super Heroes"
"Glass Masquerade 2: Illusions","3762","Glass Masquerade 2: Illusions","1479600","43020","4190","4","152","2","0","34.39","Glass Masquerade 2: Illusions"
"Dr GreenStuff","3763","Dr GreenStuff","1478760","25920","1608","3","64","2","0","57.05","Dr GreenStuff"
"The Sexy Brutale","3764","The Sexy Brutale","1478040","79080","3266","4","341","2","0","18.69","The Sexy Brutale"
"Legacy of Kain: Soul Reaver","3765","Legacy of Kain: Soul Reaver","1477860","167040","8993","4","413","2","0","8.85","Legacy of Kain: Soul Reaver"
"Naruto Online","3766","Naruto Online","1477620","222780","487","6","477","2","0","6.63","Naruto Online"
"The Bard's Tale IV","3767","The Bard's Tale IV","1476660","138960","671","6","219","2","0","10.63","The Bard's Tale IV"
"AFK Arena","3768","AFK Arena","1474560","163620","1307","6","496","2","0","9.01","AFK Arena"
"The Ship: Remasted","3769","The Ship: Remasted","1474260","9240","16499","3","82","2","0","159.55","The Ship: Remasted"
"Dead or School","3770","Dead or School","1474080","61080","5211","4","123","2","0","24.13","Dead or School"
"IL-2 Sturmovik: Battle of Stalingrad","3771","IL-2 Sturmovik: Battle of Stalingrad","1473720","314460","675","6","512","2","0","4.69","IL-2 Sturmovik: Battle of Stalingrad"
"Banner of the Maid","3772","Banner of the Maid","1473060","41460","6684","4","51","2","0","35.53","Banner of the Maid"
"Bionic Commando","3773","Bionic Commando","1472940","58200","12372","7","156","2","0","25.31","Bionic Commando"
"S.K.I.L.L.: Special Force 2","3774","S.K.I.L.L.: Special Force 2","1472400","338760","2541","8","630","2","0","4.35","S.K.I.L.L.: Special Force 2"
"Levelhead","3775","Levelhead","1471500","109440","1746","6","146","2","0","13.45","Levelhead"
"Age of Empires","3776","Age of Empires","1470960","173220","2112","5","301","2","0","8.49","Age of Empires"
"Yoshi","3777","Yoshi","1469220","30360","9029","10","253","2","0","48.39","Yoshi"
"The Book of Unwritten Tales 2","3778","The Book of Unwritten Tales 2","1468980","71400","513","3","130","2","0","20.57","The Book of Unwritten Tales 2"
"Cultures","3779","Cultures","1467540","667680","262","4","30","2","1","2.2","Cultures"
"Conglomerate 451","3780","Conglomerate 451","1465620","9600","3374","3","62","2","0","152.67","Conglomerate 451"
"Final Fantasy Crystal Chronicles","3781","Final Fantasy Crystal Chronicles","1465380","115680","3131","4","209","2","0","12.67","Final Fantasy Crystal Chronicles"
"Monster Hunter Portable 3rd","3782","Monster Hunter Portable 3rd","1464000","189300","209","4","262","2","0","7.73","Monster Hunter Portable 3rd"
"Dusk Diver","3783","Dusk Diver","1462800","74400","5182","7","291","2","0","19.66","Dusk Diver"
"Star Fox","3784","Star Fox","1462020","59400","4930","4","403","2","0","24.61","Star Fox"
"Warriors Orochi 3","3785","Warriors Orochi 3","1461900","81540","7037","4","143","2","0","17.93","Warriors Orochi 3"
"Gundam 0079","3786","Gundam 0079","1461840","1560","12560","1","10","2","0","937.08","Gundam 0079"
"Dead or Alive 5 Last Round","3787","Dead or Alive 5 Last Round","1461600","456180","441","11","1696","2","0","3.2","Dead or Alive 5 Last Round"
"Resident Evil: The Umbrella Chronicles","3788","Resident Evil: The Umbrella Chronicles","1461540","43080","1415","3","131","2","0","33.93","Resident Evil: The Umbrella Chronicles"
"Majesty","3789","Majesty","1461360","40080","3546","3","108","2","0","36.46","Majesty"
"Afrika","3790","Afrika","1459800","4020","3446","3","13","2","0","363.13","Afrika"
"Radio Commander","3791","Radio Commander","1458720","759060","21230","10","206","2","1","1.92","Radio Commander"
"Magic: The Gathering - Battlemage","3792","Magic: The Gathering - Battlemage","1456860","1260","5105","1","8","2","0","1156.24","Magic: The Gathering - Battlemage"
"Pokémon Conquest","3793","Pokémon Conquest","1456500","66600","6022","3","120","2","0","21.87","Pokémon Conquest"
"Strategic Command WWII: War in Europe","3794","Strategic Command WWII: War in Europe","1456380","8160","400","1","6","2","0","178.48","Strategic Command WWII: War in Europe"
"DiRT 3","3795","DiRT 3","1455420","279840","1752","7","1781","2","0","5.2","DiRT 3"
"Journey of Greed","3796","Journey of Greed","1455060","12300","6032","6","27","2","0","118.3","Journey of Greed"
"Sangokushi Eiketsuden","3797","Sangokushi Eiketsuden","1452720","8100","1314","2","7","2","0","179.35","Sangokushi Eiketsuden"
"Yes, Your Grace","3798","Yes, Your Grace","1451460","4440","9120","2","34","2","0","326.91","Yes, Your Grace"
"Edna & Harvey: The Breakout","3799","Edna & Harvey: The Breakout","1448760","109320","378","4","287","2","0","13.25","Edna & Harvey: The Breakout"
"The Escapists","3800","The Escapists","1448280","343920","4777","16","2583","2","0","4.21","The Escapists"