"","","Game","Watch time","Stream time","Peak viewers","Peak channels","Streamers","Average viewers","Average channels","Average viewer ratio",""
"Disney Infinity 3.0 Edition","11801","Disney Infinity 3.0 Edition","55920","22800","51","2","188","0","0","2.45","Disney Infinity 3.0 Edition"
"The Firemen","11802","The Firemen","55860","5220","138","5","29","0","0","10.7","The Firemen"
"LEGO Rock Band","11803","LEGO Rock Band","55860","5280","521","1","25","0","0","10.58","LEGO Rock Band"
"Last Tide","11804","Last Tide","55860","11640","216","2","74","0","0","4.8","Last Tide"
"Phantom Jump","11805","Phantom Jump","55800","12060","23","3","14","0","0","4.63","Phantom Jump"
"Touge King: The Spirits 2","11806","Touge King: The Spirits 2","55800","540","160","1","1","0","0","103.33","Touge King: The Spirits 2"
"Tenchu Z","11807","Tenchu Z","55800","8400","59","1","29","0","0","6.64","Tenchu Z"
"Magical Drop III","11808","Magical Drop III","55800","10320","125","2","55","0","0","5.41","Magical Drop III"
"The Red Solstice","11809","The Red Solstice","55800","23100","97","3","50","0","0","2.42","The Red Solstice"
"Vampire Hunter D","11810","Vampire Hunter D","55740","6600","49","1","18","0","0","8.45","Vampire Hunter D"
"Mikoto Nikki","11811","Mikoto Nikki","55740","540","905","1","4","0","0","103.22","Mikoto Nikki"
"Donkey Kong 3: Dai Gyakushuu","11812","Donkey Kong 3: Dai Gyakushuu","55680","900","364","1","9","0","0","61.87","Donkey Kong 3: Dai Gyakushuu"
"Secret Little Haven","11813","Secret Little Haven","55680","5400","49","1","15","0","0","10.31","Secret Little Haven"
"Bound","11814","Bound","55680","22860","98","2","137","0","0","2.44","Bound"
"Angler's Club: Ultimate Bass Fishing 3D","11815","Angler's Club: Ultimate Bass Fishing 3D","55620","120","481","1","1","0","0","463.5","Angler's Club: Ultimate Bass Fishing 3D"
"Super Meat Boy: The Game","11816","Super Meat Boy: The Game","55620","17340","47","2","126","0","0","3.21","Super Meat Boy: The Game"
"Millipede","11817","Millipede","55560","960","120","1","3","0","0","57.88","Millipede"
"The Journey Down: Chapter Two","11818","The Journey Down: Chapter Two","55560","7320","59","2","26","0","0","7.59","The Journey Down: Chapter Two"
"DwarfHeim","11819","DwarfHeim","55560","12060","44","5","12","0","0","4.61","DwarfHeim"
"UEFA Champions League 2004-2005","11820","UEFA Champions League 2004-2005","55500","600","518","1","3","0","0","92.5","UEFA Champions League 2004-2005"
"Taimanin Asagi","11821","Taimanin Asagi","55500","6540","32","2","11","0","0","8.49","Taimanin Asagi"
"Project City Shrouded in Shadow","11822","Project City Shrouded in Shadow","55500","6480","56","1","11","0","0","8.56","Project City Shrouded in Shadow"
"Slow Down, Bull","11823","Slow Down, Bull","55500","540","558","1","1","0","0","102.78","Slow Down, Bull"
"Tiny Metal","11824","Tiny Metal","55440","16080","258","2","56","0","0","3.45","Tiny Metal"
"Duel","11825","Duel","55440","1560","316","1","13","0","0","35.54","Duel"
"Siralim 3","11826","Siralim 3","55440","13260","102","2","46","0","0","4.18","Siralim 3"
"Call of Cthulhu: The Wasted Land","11827","Call of Cthulhu: The Wasted Land","55380","9060","74","2","36","0","0","6.11","Call of Cthulhu: The Wasted Land"
"The Legend of Spyro: The Eternal Night","11828","The Legend of Spyro: The Eternal Night","55320","17520","174","2","41","0","0","3.16","The Legend of Spyro: The Eternal Night"
"Family Mini Golf","11829","Family Mini Golf","55320","9240","49","1","4","0","0","5.99","Family Mini Golf"
"Quake Mission Pack No 2: Dissolution of Eternity","11830","Quake Mission Pack No 2: Dissolution of Eternity","55320","6300","45","1","16","0","0","8.78","Quake Mission Pack No 2: Dissolution of Eternity"
"Space Farmers","11831","Space Farmers","55320","9180","42","2","33","0","0","6.03","Space Farmers"
"Gary Grigsby's War in the West","11832","Gary Grigsby's War in the West","55320","2880","94","1","6","0","0","19.21","Gary Grigsby's War in the West"
"Fatal Twelve","11833","Fatal Twelve","55320","13140","18","2","13","0","0","4.21","Fatal Twelve"
"Police Quest: SWAT Generation","11834","Police Quest: SWAT Generation","55260","900","801","1","5","0","0","61.4","Police Quest: SWAT Generation"
"NES Remix 2","11835","NES Remix 2","55260","5400","411","2","19","0","0","10.23","NES Remix 2"
"Bury me, my Love","11836","Bury me, my Love","55260","4500","247","2","26","0","0","12.28","Bury me, my Love"
"Eden Star","11837","Eden Star","55200","7080","154","2","32","0","0","7.8","Eden Star"
"Monster Rancher BattleCard GB","11838","Monster Rancher BattleCard GB","55200","2460","124","1","6","0","0","22.44","Monster Rancher BattleCard GB"
"Trick & Treat","11839","Trick & Treat","55200","11100","180","3","65","0","0","4.97","Trick & Treat"
"Inazuma Eleven GO Strikers 2013","11840","Inazuma Eleven GO Strikers 2013","55140","15420","62","2","64","0","0","3.58","Inazuma Eleven GO Strikers 2013"
"White Noise Online","11841","White Noise Online","55140","10800","122","3","81","0","0","5.11","White Noise Online"
"FIFA Soccer 95","11842","FIFA Soccer 95","55140","1080","131","1","7","0","0","51.06","FIFA Soccer 95"
"Vessel","11843","Vessel","55080","6600","62","1","17","0","0","8.35","Vessel"
"Talisman","11844","Talisman","55020","11880","294","2","53","0","0","4.63","Talisman"
"Heavy Bullets","11845","Heavy Bullets","55020","19620","145","2","149","0","0","2.8","Heavy Bullets"
"Mercenaries 2: World in Flames","11846","Mercenaries 2: World in Flames","55020","19680","56","2","74","0","0","2.8","Mercenaries 2: World in Flames"
"Monster Loves You!","11847","Monster Loves You!","55020","7080","186","2","50","0","0","7.77","Monster Loves You!"
"Grim Tales: The Legacy","11848","Grim Tales: The Legacy","55020","9000","54","2","20","0","0","6.11","Grim Tales: The Legacy"
"Devastation","11849","Devastation","54960","4380","314","1","13","0","0","12.55","Devastation"
"Mega Man Star Force 2","11850","Mega Man Star Force 2","54960","14700","86","2","18","0","0","3.74","Mega Man Star Force 2"
"The Plan","11851","The Plan","54960","3720","313","1","46","0","0","14.77","The Plan"
"Mighty Party","11852","Mighty Party","54960","24360","27","2","49","0","0","2.26","Mighty Party"
"Shadow of Loot Box","11853","Shadow of Loot Box","54960","6600","376","2","38","0","0","8.33","Shadow of Loot Box"
"Cyber Hook","11854","Cyber Hook","54960","540","310","1","4","0","0","101.78","Cyber Hook"
"Gal Gun","11855","Gal Gun","54900","6420","147","1","45","0","0","8.55","Gal Gun"
"Ratchet & Clank Future: Quest for Booty","11856","Ratchet & Clank Future: Quest for Booty","54900","11340","154","2","47","0","0","4.84","Ratchet & Clank Future: Quest for Booty"
"R-Type Dimensions","11857","R-Type Dimensions","54900","10020","63","2","48","0","0","5.48","R-Type Dimensions"
"Tokimeki Memorial 2","11858","Tokimeki Memorial 2","54900","3900","79","2","10","0","0","14.08","Tokimeki Memorial 2"
"Terminator Salvation","11859","Terminator Salvation","54840","10140","129","2","45","0","0","5.41","Terminator Salvation"
"Card Party","11860","Card Party","54840","4980","70","4","21","0","0","11.01","Card Party"
"Submarine Titans","11861","Submarine Titans","54840","9060","31","2","17","0","0","6.05","Submarine Titans"
"California Speed","11862","California Speed","54840","1860","431","4","12","0","0","29.48","California Speed"
"Farming Simulator 2011","11863","Farming Simulator 2011","54780","4320","639","1","24","0","0","12.68","Farming Simulator 2011"
"RaiderZ","11864","RaiderZ","54780","29220","31","3","71","0","0","1.87","RaiderZ"
"Abyss: The Wraiths of Eden","11865","Abyss: The Wraiths of Eden","54780","13680","49","2","37","0","0","4","Abyss: The Wraiths of Eden"
"Microsoft Flight Simulator","11866","Microsoft Flight Simulator","54660","12120","319","2","30","0","0","4.51","Microsoft Flight Simulator"
"Dog Sled Saga","11867","Dog Sled Saga","54660","2940","277","1","14","0","0","18.59","Dog Sled Saga"
"Might and Magic: Clouds of Xeen","11868","Might and Magic: Clouds of Xeen","54600","4620","40","1","5","0","0","11.82","Might and Magic: Clouds of Xeen"
"Chinese Inn","11869","Chinese Inn","54600","540","1017","1","2","0","0","101.11","Chinese Inn"
"Might and Magic: Darkside of Xeen","11870","Might and Magic: Darkside of Xeen","54540","2280","81","1","2","0","0","23.92","Might and Magic: Darkside of Xeen"
"Maid-San's Caving Adventure","11871","Maid-San's Caving Adventure","54540","31440","9","1","0","0","0","1.73","Maid-San's Caving Adventure"
"Digital Paint: Paintball 2","11872","Digital Paint: Paintball 2","54540","17340","16","2","19","0","0","3.15","Digital Paint: Paintball 2"
"Yaiba: Ninja Gaiden Z","11873","Yaiba: Ninja Gaiden Z","54540","11340","54","1","51","0","0","4.81","Yaiba: Ninja Gaiden Z"
"Arcade Classics","11874","Arcade Classics","54480","18600","44","2","143","0","0","2.93","Arcade Classics"
"Die Hard Arcade","11875","Die Hard Arcade","54480","2700","730","1","17","0","0","20.18","Die Hard Arcade"
"Atom Universe","11876","Atom Universe","54480","23220","303","3","177","0","0","2.35","Atom Universe"
"Kamen Rider Climax Scramble Zi-O","11877","Kamen Rider Climax Scramble Zi-O","54480","4500","205","1","22","0","0","12.11","Kamen Rider Climax Scramble Zi-O"
"Bound Strike","11878","Bound Strike","54420","3420","212","1","2","0","0","15.91","Bound Strike"
"BloodRayne: Betrayal","11879","BloodRayne: Betrayal","54420","6900","311","1","29","0","0","7.89","BloodRayne: Betrayal"
"Victory At Sea","11880","Victory At Sea","54420","7500","399","2","31","0","0","7.26","Victory At Sea"
"The Da Vinci Code","11881","The Da Vinci Code","54420","2760","322","1","8","0","0","19.72","The Da Vinci Code"
"Pink Panther: Pinkadelic Pursuit","11882","Pink Panther: Pinkadelic Pursuit","54420","2580","304","1","14","0","0","21.09","Pink Panther: Pinkadelic Pursuit"
"Soft Body","11883","Soft Body","54420","900","314","3","8","0","0","60.47","Soft Body"
"IO","11884","IO","54420","21420","94","2","133","0","0","2.54","IO"
"MLB Power Pros 2008","11885","MLB Power Pros 2008","54360","10260","35","2","17","0","0","5.3","MLB Power Pros 2008"
"Survivor Royale","11886","Survivor Royale","54360","29220","71","3","93","0","0","1.86","Survivor Royale"
"Anima Gate of Memories","11887","Anima Gate of Memories","54360","30540","13","3","83","0","0","1.78","Anima Gate of Memories"
"Paranormal Syndrome 2","11888","Paranormal Syndrome 2","54300","3480","67","2","7","0","0","15.6","Paranormal Syndrome 2"
"Airscape: The Fall of Gravity","11889","Airscape: The Fall of Gravity","54300","10200","86","1","48","0","0","5.32","Airscape: The Fall of Gravity"
"Quake II Mission Pack: Ground Zero","11890","Quake II Mission Pack: Ground Zero","54300","6240","56","2","22","0","0","8.7","Quake II Mission Pack: Ground Zero"
"UEFA Champions League 2006-2007","11891","UEFA Champions League 2006-2007","54240","4200","1023","3","16","0","0","12.91","UEFA Champions League 2006-2007"
"Worldwide Combos","11892","Worldwide Combos","54240","8340","92","2","18","0","0","6.5","Worldwide Combos"
"Harvest Life","11893","Harvest Life","54240","3000","509","2","22","0","0","18.08","Harvest Life"
"Samurai Warriors: Spirit of Sanada","11894","Samurai Warriors: Spirit of Sanada","54240","22320","10","2","42","0","0","2.43","Samurai Warriors: Spirit of Sanada"
"Game Over","11895","Game Over","54180","7200","67","2","17","0","0","7.53","Game Over"
"Charlie's Angels","11896","Charlie's Angels","54180","3240","44","1","9","0","0","16.72","Charlie's Angels"
"Hero Quest","11897","Hero Quest","54180","5520","119","2","16","0","0","9.82","Hero Quest"
"Gungrave","11898","Gungrave","54180","6540","123","1","30","0","0","8.28","Gungrave"
"Horizon","11899","Horizon","54180","4200","129","1","22","0","0","12.9","Horizon"
"Beyblade VForce: Ultimate Blader Jam","11900","Beyblade VForce: Ultimate Blader Jam","54180","1500","634","1","7","0","0","36.12","Beyblade VForce: Ultimate Blader Jam"