"","","Game","Watch time","Stream time","Peak viewers","Peak channels","Streamers","Average viewers","Average channels","Average viewer ratio",""
"One Leaves","6901","One Leaves","314040","80460","1102","6","1062","0","0","3.9","One Leaves"
"CSI: Slots","6902","CSI: Slots","313980","5220","223","1","6","0","0","60.15","CSI: Slots"
"Beat Hazard 2","6903","Beat Hazard 2","313860","75660","435","6","362","0","0","4.15","Beat Hazard 2"
"Legends of Eisenwald","6904","Legends of Eisenwald","313860","14280","131","2","16","0","0","21.98","Legends of Eisenwald"
"Leisure Suit Larry III: Passionate Patti in Pursuit of the Pulsating Pectorals!","6905","Leisure Suit Larry III: Passionate Patti in Pursuit of the Pulsating Pectorals!","313680","7140","1181","2","19","0","0","43.93","Leisure Suit Larry III: Passionate Patti in Pursuit of the Pulsating Pectorals!"
"Seen","6906","Seen","313560","6840","1411","2","74","0","0","45.84","Seen"
"Pia Carrot e Youkoso!! 3","6907","Pia Carrot e Youkoso!! 3","313500","960","990","1","2","0","0","326.56","Pia Carrot e Youkoso!! 3"
"2064: Read Only Memories","6908","2064: Read Only Memories","313320","73800","248","3","194","0","0","4.25","2064: Read Only Memories"
"DanceDanceRevolution","6909","DanceDanceRevolution","313320","31080","440","2","20","0","0","10.08","DanceDanceRevolution"
"Arcaea","6910","Arcaea","313260","89280","48","3","235","0","0","3.51","Arcaea"
"Wall-E","6911","Wall-E","313140","48240","881","3","96","0","0","6.49","Wall-E"
"Gambling Apocalypse Kaiji","6912","Gambling Apocalypse Kaiji","313020","1980","2116","1","7","0","0","158.09","Gambling Apocalypse Kaiji"
"Brave: A Warrior's Tale","6913","Brave: A Warrior's Tale","313020","300","2795","1","3","0","0","1043.4","Brave: A Warrior's Tale"
"Drifter","6914","Drifter","312960","2640","5241","1","20","0","0","118.55","Drifter"
"Oceanhorn 2: Knights of the Lost Realm","6915","Oceanhorn 2: Knights of the Lost Realm","312840","11460","1468","2","73","0","0","27.3","Oceanhorn 2: Knights of the Lost Realm"
"The Last Friend","6916","The Last Friend","312780","300","4311","3","3","0","0","1042.6","The Last Friend"
"WWF SmackDown! Just Bring It","6917","WWF SmackDown! Just Bring It","312720","4740","3380","1","29","0","0","65.97","WWF SmackDown! Just Bring It"
"Gal Gun: Double Peace","6918","Gal Gun: Double Peace","312300","45120","1043","4","338","0","0","6.92","Gal Gun: Double Peace"
"8-Bit Hordes","6919","8-Bit Hordes","312240","11400","972","3","49","0","0","27.39","8-Bit Hordes"
"Bear Simulator","6920","Bear Simulator","312240","6660","418","1","23","0","0","46.88","Bear Simulator"
"True Crime: Streets of LA","6921","True Crime: Streets of LA","312000","20280","359","2","57","0","0","15.38","True Crime: Streets of LA"
"Mutant Football League","6922","Mutant Football League","311700","82920","196","5","375","0","0","3.76","Mutant Football League"
"Half-Life: Alyx","6923","Half-Life: Alyx","311640","1560","1891","9","17","0","0","199.77","Half-Life: Alyx"
"Land of Illusion starring Mickey Mouse","6924","Land of Illusion starring Mickey Mouse","311520","25560","376","4","29","0","0","12.19","Land of Illusion starring Mickey Mouse"
"Galaxy Online 2","6925","Galaxy Online 2","311400","142620","11","2","2","0","0","2.18","Galaxy Online 2"
"Emberlight","6926","Emberlight","311280","22620","662","4","106","0","0","13.76","Emberlight"
"Street Fighter II Turbo: Hyper Fighting","6927","Street Fighter II Turbo: Hyper Fighting","311280","33900","680","2","214","0","0","9.18","Street Fighter II Turbo: Hyper Fighting"
"Worms Battlegrounds","6928","Worms Battlegrounds","311280","137460","204","4","829","0","0","2.26","Worms Battlegrounds"
"Go Vacation","6929","Go Vacation","311220","10920","1314","1","36","0","0","28.5","Go Vacation"
"Tiny Toon Adventures: Buster's Hidden Treasure","6930","Tiny Toon Adventures: Buster's Hidden Treasure","311100","16800","536","3","63","0","0","18.52","Tiny Toon Adventures: Buster's Hidden Treasure"
"Grabbed by the Ghoulies","6931","Grabbed by the Ghoulies","310980","32280","350","4","95","0","0","9.63","Grabbed by the Ghoulies"
"Columns","6932","Columns","310980","11040","350","2","38","0","0","28.17","Columns"
"Demon Hunter: Chronicles From Beyond","6933","Demon Hunter: Chronicles From Beyond","310980","5940","1564","2","25","0","0","52.35","Demon Hunter: Chronicles From Beyond"
"Glass Masquerade","6934","Glass Masquerade","310860","44100","201","4","180","0","0","7.05","Glass Masquerade"
"Lovers of Aether","6935","Lovers of Aether","310740","40380","582","13","357","0","0","7.7","Lovers of Aether"
"Hasbro Family Fun Pack","6936","Hasbro Family Fun Pack","310740","36900","988","2","189","0","0","8.42","Hasbro Family Fun Pack"
"TIS-100","6937","TIS-100","310680","22020","3145","2","116","0","0","14.11","TIS-100"
"The Horus Heresy: Legions","6938","The Horus Heresy: Legions","310620","51060","266","2","76","0","0","6.08","The Horus Heresy: Legions"
"Heroes Evolved","6939","Heroes Evolved","310560","312300","54","7","662","0","0","0.99","Heroes Evolved"
"Beneath a Steel Sky","6940","Beneath a Steel Sky","310500","28440","857","3","59","0","0","10.92","Beneath a Steel Sky"
"Phantasy Star II","6941","Phantasy Star II","310440","44760","115","3","80","0","0","6.94","Phantasy Star II"
"Cosmoteer","6942","Cosmoteer","310200","49980","137","2","148","0","0","6.21","Cosmoteer"
"Scanner Sombre","6943","Scanner Sombre","309780","31020","553","3","171","0","0","9.99","Scanner Sombre"
"Phantom Forces","6944","Phantom Forces","309660","133560","138","6","484","0","0","2.32","Phantom Forces"
"The Bible Game","6945","The Bible Game","309600","2220","3168","1","21","0","0","139.46","The Bible Game"
"Warhammer 40,000: Eternal Crusade","6946","Warhammer 40,000: Eternal Crusade","309420","106560","58","4","257","0","0","2.9","Warhammer 40,000: Eternal Crusade"
"Arcana Heart 3: LOVE MAX SIX STARS!!!!!!","6947","Arcana Heart 3: LOVE MAX SIX STARS!!!!!!","309240","28560","339","2","77","0","0","10.83","Arcana Heart 3: LOVE MAX SIX STARS!!!!!!"
"Leisure Suit Larry: Love for Sail!","6948","Leisure Suit Larry: Love for Sail!","309120","22140","423","2","69","0","0","13.96","Leisure Suit Larry: Love for Sail!"
"Bill Elliott's NASCAR Challenge","6949","Bill Elliott's NASCAR Challenge","309120","1380","453","1","4","0","0","224","Bill Elliott's NASCAR Challenge"
"Bombslinger","6950","Bombslinger","309000","1740","1273","1","6","0","0","177.59","Bombslinger"
"Need for Speed: No Limits","6951","Need for Speed: No Limits","308580","21300","736","2","109","0","0","14.49","Need for Speed: No Limits"
"Metal Gear Ac!d","6952","Metal Gear Ac!d","308580","21000","453","2","34","0","0","14.69","Metal Gear Ac!d"
"Fate","6953","Fate","308580","85680","160","4","301","0","0","3.6","Fate"
"Férias Frustradas do Pica Pau","6954","Férias Frustradas do Pica Pau","308400","1620","3564","2","13","0","0","190.37","Férias Frustradas do Pica Pau"
"Pipe Push Paradise","6955","Pipe Push Paradise","308400","7680","1167","2","31","0","0","40.16","Pipe Push Paradise"
"Song of the Deep","6956","Song of the Deep","308400","48780","129","3","137","0","0","6.32","Song of the Deep"
"Star Wars: TIE Fighter","6957","Star Wars: TIE Fighter","308340","25680","246","2","53","0","0","12.01","Star Wars: TIE Fighter"
"NBA Showtime: NBA on NBC","6958","NBA Showtime: NBA on NBC","308040","3600","940","2","15","0","0","85.57","NBA Showtime: NBA on NBC"
"Guns Up!","6959","Guns Up!","307920","21060","363","3","462","0","0","14.62","Guns Up!"
"Rake","6960","Rake","307740","25380","7865","3","209","0","0","12.13","Rake"
"Sonic Labyrinth","6961","Sonic Labyrinth","307740","2460","1408","1","11","0","0","125.1","Sonic Labyrinth"
"Mario Paint","6962","Mario Paint","307680","45960","677","2","125","0","0","6.69","Mario Paint"
"Stasis","6963","Stasis","307620","34020","156","3","95","0","0","9.04","Stasis"
"Sex","6964","Sex","307320","20460","521","2","94","0","0","15.02","Sex"
"PearsAndGrayWitch","6965","PearsAndGrayWitch","307260","2460","915","4","13","0","0","124.9","PearsAndGrayWitch"
"Red Alert","6966","Red Alert","307200","58560","592","2","98","0","0","5.25","Red Alert"
"Kwirk","6967","Kwirk","307200","3060","2431","2","15","0","0","100.39","Kwirk"
"Quantum Conundrum","6968","Quantum Conundrum","307080","54840","423","3","188","0","0","5.6","Quantum Conundrum"
"The Wacky World of Miniature Golf with Eugene Levy","6969","The Wacky World of Miniature Golf with Eugene Levy","307020","480","2527","1","5","0","0","639.63","The Wacky World of Miniature Golf with Eugene Levy"
"Yoshi's New Island","6970","Yoshi's New Island","306900","16560","1176","2","31","0","0","18.53","Yoshi's New Island"
"Senran Kagura Shinovi Versus","6971","Senran Kagura Shinovi Versus","306900","43380","489","3","136","0","0","7.07","Senran Kagura Shinovi Versus"
"Crash Tag Team Racing","6972","Crash Tag Team Racing","306780","33960","315","3","127","0","0","9.03","Crash Tag Team Racing"
"Robot Arena","6973","Robot Arena","306780","3540","551","1","9","0","0","86.66","Robot Arena"
"Hector: Badge of Carnage","6974","Hector: Badge of Carnage","306600","8280","2670","1","21","0","0","37.03","Hector: Badge of Carnage"
"Dune II: The Building of a Dynasty","6975","Dune II: The Building of a Dynasty","306480","21120","915","1","48","0","0","14.51","Dune II: The Building of a Dynasty"
"Metal Slug 2: Super Vehicle - 001/II","6976","Metal Slug 2: Super Vehicle - 001/II","306180","39120","882","3","268","0","0","7.83","Metal Slug 2: Super Vehicle - 001/II"
"OhShape","6977","OhShape","306120","9300","1277","2","60","0","0","32.92","OhShape"
"American Gladiators","6978","American Gladiators","306120","5580","492","1","14","0","0","54.86","American Gladiators"
"Tales of Glory","6979","Tales of Glory","305940","3660","5020","1","20","0","0","83.59","Tales of Glory"
"Paris-Marseille Racing","6980","Paris-Marseille Racing","305760","840","2824","2","8","0","0","364","Paris-Marseille Racing"
"Darius Burst: Chronicle Saviours","6981","Darius Burst: Chronicle Saviours","305520","22200","312","2","119","0","0","13.76","Darius Burst: Chronicle Saviours"
"STAY","6982","STAY","305340","28980","588","3","107","0","0","10.54","STAY"
"Ravenfield","6983","Ravenfield","305340","105960","641","3","719","0","0","2.88","Ravenfield"
"Robot Roller-Derby Disco Dodgeball","6984","Robot Roller-Derby Disco Dodgeball","305340","47880","722","6","330","0","0","6.38","Robot Roller-Derby Disco Dodgeball"
"Knight Rider","6985","Knight Rider","305340","2400","517","1","10","0","0","127.23","Knight Rider"
"Fire Emblem: Shadow Dragon","6986","Fire Emblem: Shadow Dragon","305220","83220","138","4","129","0","0","3.67","Fire Emblem: Shadow Dragon"
"Chaos;Child","6987","Chaos;Child","304740","76020","117","3","115","0","0","4.01","Chaos;Child"
"Fingerbones","6988","Fingerbones","304620","4620","4691","1","59","0","0","65.94","Fingerbones"
"Ski","6989","Ski","304140","40800","1730","2","14","0","0","7.45","Ski"
"Garden of the Sea","6990","Garden of the Sea","304080","6120","3353","2","57","0","0","49.69","Garden of the Sea"
"Card Hunter","6991","Card Hunter","303960","43320","287","3","183","0","0","7.02","Card Hunter"
"Nancy Drew: Legend of the Crystal Skull","6992","Nancy Drew: Legend of the Crystal Skull","303960","29580","251","3","70","0","0","10.28","Nancy Drew: Legend of the Crystal Skull"
"Dreamstones","6993","Dreamstones","303780","1200","857","3","6","0","0","253.15","Dreamstones"
"Blacksmith","6994","Blacksmith","303660","4740","1510","1","36","0","0","64.06","Blacksmith"
"The Memory of Eldurim","6995","The Memory of Eldurim","303480","1140","2608","1","5","0","0","266.21","The Memory of Eldurim"
"Dynamite Headdy","6996","Dynamite Headdy","303300","12780","1156","2","49","0","0","23.73","Dynamite Headdy"
"Emergency 2017","6997","Emergency 2017","303300","14040","623","2","69","0","0","21.6","Emergency 2017"
"Metal Max 2","6998","Metal Max 2","303240","6660","3828","1","7","0","0","45.53","Metal Max 2"
"Cut & Run","6999","Cut & Run","302940","4860","2423","1","42","0","0","62.33","Cut & Run"
"Empyrion Galactic Survival","7000","Empyrion Galactic Survival","302940","57720","178","5","106","0","0","5.25","Empyrion Galactic Survival"