"","","Game","Watch time","Stream time","Peak viewers","Peak channels","Streamers","Average viewers","Average channels","Average viewer ratio",""
"Ether One","7801","Ether One","223800","29880","1466","2","75","0","0","7.49","Ether One"
"Stone","7802","Stone","223740","8760","1023","2","65","0","0","25.54","Stone"
"Whispering Willows","7803","Whispering Willows","223680","49560","116","3","233","0","0","4.51","Whispering Willows"
"Godzilla","7804","Godzilla","223560","74040","307","3","308","0","0","3.02","Godzilla"
"Project Torque","7805","Project Torque","223440","37140","161","6","87","0","0","6.02","Project Torque"
"Shaq Fu","7806","Shaq Fu","223380","13800","850","2","60","0","0","16.19","Shaq Fu"
"Rhythm Heaven","7807","Rhythm Heaven","223380","26340","173","2","116","0","0","8.48","Rhythm Heaven"
"Rampart","7808","Rampart","223380","4080","406","1","14","0","0","54.75","Rampart"
"Sonic Riders: Zero Gravity","7809","Sonic Riders: Zero Gravity","223380","22800","1821","2","111","0","0","9.8","Sonic Riders: Zero Gravity"
"Tarzan Goes Ape!","7810","Tarzan Goes Ape!","223380","780","2148","1","5","0","0","286.38","Tarzan Goes Ape!"
"Congo's Caper","7811","Congo's Caper","223320","2640","325","1","16","0","0","84.59","Congo's Caper"
"Space Cows","7812","Space Cows","223260","3540","756","3","24","0","0","63.07","Space Cows"
"The Seven Deadly Sins: Knights of Britannia","7813","The Seven Deadly Sins: Knights of Britannia","223140","38040","138","4","448","0","0","5.87","The Seven Deadly Sins: Knights of Britannia"
"Hogs of War","7814","Hogs of War","223080","45420","140","2","106","0","0","4.91","Hogs of War"
"Picross S","7815","Picross S","223020","14760","915","2","55","0","0","15.11","Picross S"
"Day Trader","7816","Day Trader","222840","187860","72","6","82","0","0","1.19","Day Trader"
"Unholy Heights","7817","Unholy Heights","222720","19260","265","2","83","0","0","11.56","Unholy Heights"
"Ice Age: Dawn of the Dinosaurs","7818","Ice Age: Dawn of the Dinosaurs","222600","3000","1877","1","16","0","0","74.2","Ice Age: Dawn of the Dinosaurs"
"Silent Descent","7819","Silent Descent","222540","12720","238","2","70","0","0","17.5","Silent Descent"
"PickCrafter","7820","PickCrafter","222420","5160","3469","2","39","0","0","43.1","PickCrafter"
"How to Survive","7821","How to Survive","222300","96480","52","4","360","0","0","2.3","How to Survive"
"Starblood Arena","7822","Starblood Arena","222180","12960","65","2","50","0","0","17.14","Starblood Arena"
"Mega Man V","7823","Mega Man V","222120","20100","317","2","80","0","0","11.05","Mega Man V"
"Disaster: Day of Crisis","7824","Disaster: Day of Crisis","222060","3540","547","1","8","0","0","62.73","Disaster: Day of Crisis"
"Shrek SuperSlam","7825","Shrek SuperSlam","222000","11640","1795","4","77","0","0","19.07","Shrek SuperSlam"
"Pac-Man Vs.","7826","Pac-Man Vs.","221940","600","1832","1","5","0","0","369.9","Pac-Man Vs."
"Spire of Sorcery","7827","Spire of Sorcery","221880","9540","329","3","16","0","0","23.26","Spire of Sorcery"
"AdVenture Capitalist","7828","AdVenture Capitalist","221880","123600","257","3","601","0","0","1.8","AdVenture Capitalist"
"Horse Life 4","7829","Horse Life 4","221700","120","2697","2","1","0","0","1847.5","Horse Life 4"
"Gamer Career Tycoon","7830","Gamer Career Tycoon","221640","14460","496","2","72","0","0","15.33","Gamer Career Tycoon"
"Zusi 3 Hobby","7831","Zusi 3 Hobby","221520","32760","236","2","57","0","0","6.76","Zusi 3 Hobby"
"Momentum","7832","Momentum","221460","2700","1179","1","13","0","0","82.02","Momentum"
"Little Nemo: The Dream Master","7833","Little Nemo: The Dream Master","221460","25920","478","2","74","0","0","8.54","Little Nemo: The Dream Master"
"Weiss Schwarz Portable","7834","Weiss Schwarz Portable","221460","55020","51","3","35","0","0","4.03","Weiss Schwarz Portable"
"Payday: The Heist","7835","Payday: The Heist","221400","58560","268","3","296","0","0","3.78","Payday: The Heist"
"Winx Club: Alfea Butterflix Adventures","7836","Winx Club: Alfea Butterflix Adventures","221400","2340","1851","1","5","0","0","94.62","Winx Club: Alfea Butterflix Adventures"
"Super Princess Peach","7837","Super Princess Peach","221340","22620","1601","3","38","0","0","9.79","Super Princess Peach"
"Rune","7838","Rune","221340","36420","1199","3","86","0","0","6.08","Rune"
"Boomerang Fu","7839","Boomerang Fu","220740","240","2491","2","1","0","0","919.75","Boomerang Fu"
"Nancy Drew: The Silent Spy","7840","Nancy Drew: The Silent Spy","220680","23820","464","2","60","0","0","9.26","Nancy Drew: The Silent Spy"
"Bugs Bunny & Taz: Time Busters","7841","Bugs Bunny & Taz: Time Busters","220500","12480","294","2","39","0","0","17.67","Bugs Bunny & Taz: Time Busters"
"Galactic Civilizations III","7842","Galactic Civilizations III","220380","50280","256","5","129","0","0","4.38","Galactic Civilizations III"
"Jumping Flash!","7843","Jumping Flash!","220200","10740","1612","6","32","0","0","20.5","Jumping Flash!"
"Rise & Shine","7844","Rise & Shine","220140","34260","1551","3","204","0","0","6.43","Rise & Shine"
"Snow Bros 2","7845","Snow Bros 2","220020","5580","2215","1","45","0","0","39.43","Snow Bros 2"
"Disney's Brother Bear","7846","Disney's Brother Bear","220020","1560","593","1","9","0","0","141.04","Disney's Brother Bear"
"Art Sqool","7847","Art Sqool","219960","15720","496","3","87","0","0","13.99","Art Sqool"
"Mega Man Battle Network 5","7848","Mega Man Battle Network 5","219960","46680","127","3","61","0","0","4.71","Mega Man Battle Network 5"
"Champions Online","7849","Champions Online","219840","72840","216","4","180","0","0","3.02","Champions Online"
"Mage's Initiation","7850","Mage's Initiation","219840","17640","1586","4","29","0","0","12.46","Mage's Initiation"
"Dudebro™ — My Shit Is Fucked Up So I Got to Shoot/Slice You II: It's Straight-Up Dawg Time","7851","Dudebro™ — My Shit Is Fucked Up So I Got to Shoot/Slice You II: It's Straight-Up Dawg Time","219600","19380","992","2","27","0","0","11.33","Dudebro™ — My Shit Is Fucked Up So I Got to Shoot/Slice You II: It's Straight-Up Dawg Time"
"Aliens Versus Predator 2","7852","Aliens Versus Predator 2","219540","25560","632","3","65","0","0","8.59","Aliens Versus Predator 2"
"Antihero","7853","Antihero","219540","19740","591","2","106","0","0","11.12","Antihero"
"Claybook","7854","Claybook","219480","11160","2356","2","86","0","0","19.67","Claybook"
"King's Quest III: To Heir is Human","7855","King's Quest III: To Heir is Human","219480","13560","158","1","29","0","0","16.19","King's Quest III: To Heir is Human"
"Double Dragon","7856","Double Dragon","219420","36000","678","3","187","0","0","6.1","Double Dragon"
"Police Simulator - Law Enforcement","7857","Police Simulator - Law Enforcement","219240","1800","1757","1","15","0","0","121.8","Police Simulator - Law Enforcement"
"Wild Arms 4","7858","Wild Arms 4","219240","29760","225","2","20","0","0","7.37","Wild Arms 4"
"Dungeon Maker","7859","Dungeon Maker","218760","32940","118","2","96","0","0","6.64","Dungeon Maker"
"Emergency 4: Global Fighters for Life","7860","Emergency 4: Global Fighters for Life","218640","80460","125","4","285","0","0","2.72","Emergency 4: Global Fighters for Life"
"Survival","7861","Survival","218520","83880","1722","3","253","0","0","2.61","Survival"
"Galactic Wrestling: Featuring Ultimate Muscle","7862","Galactic Wrestling: Featuring Ultimate Muscle","218520","900","1850","1","8","0","0","242.8","Galactic Wrestling: Featuring Ultimate Muscle"
"Surprise Attack","7863","Surprise Attack","218340","1860","2461","1","8","0","0","117.39","Surprise Attack"
"UFC: Tapout","7864","UFC: Tapout","218100","4980","897","2","48","0","0","43.8","UFC: Tapout"
"TrackMania² Valley","7865","TrackMania² Valley","218040","19980","193","2","72","0","0","10.91","TrackMania² Valley"
"Trouble Shooter","7866","Trouble Shooter","217980","5040","975","1","23","0","0","43.25","Trouble Shooter"
"Relentless: Twinsen's Adventure","7867","Relentless: Twinsen's Adventure","217980","53100","48","5","63","0","0","4.11","Relentless: Twinsen's Adventure"
"WarioWare, Inc.: Mega Party Game$","7868","WarioWare, Inc.: Mega Party Game$","217860","12840","426","2","109","0","0","16.97","WarioWare, Inc.: Mega Party Game$"
"Musical Reflex","7869","Musical Reflex","217740","90540","45","6","179","0","0","2.4","Musical Reflex"
"Are You Afraid of the Dark? The Tale of Orpheo's Curse","7870","Are You Afraid of the Dark? The Tale of Orpheo's Curse","217680","2100","1211","1","8","0","0","103.66","Are You Afraid of the Dark? The Tale of Orpheo's Curse"
"Phantasy Star Online","7871","Phantasy Star Online","217440","19560","1276","3","76","0","0","11.12","Phantasy Star Online"
"Worms World Party","7872","Worms World Party","217440","18420","1755","2","77","0","0","11.8","Worms World Party"
"Kirby and the Rainbow Curse","7873","Kirby and the Rainbow Curse","217440","6660","1632","2","28","0","0","32.65","Kirby and the Rainbow Curse"
"New Gundam Breaker","7874","New Gundam Breaker","217440","52560","1421","4","256","0","0","4.14","New Gundam Breaker"
"Barbie Horse Adventures: Summer Camp","7875","Barbie Horse Adventures: Summer Camp","217380","2400","1005","2","12","0","0","90.58","Barbie Horse Adventures: Summer Camp"
"Mighty Morphin Power Rangers","7876","Mighty Morphin Power Rangers","217260","22380","437","2","136","0","0","9.71","Mighty Morphin Power Rangers"
"Wonder Wickets","7877","Wonder Wickets","217260","5220","2845","2","18","0","0","41.62","Wonder Wickets"
"Mega Man ZX","7878","Mega Man ZX","217200","28980","491","2","63","0","0","7.49","Mega Man ZX"
"Keio Flying Squadron 2","7879","Keio Flying Squadron 2","217200","2760","1827","2","8","0","0","78.7","Keio Flying Squadron 2"
"Vertiginous Golf","7880","Vertiginous Golf","217140","2460","4363","3","19","0","0","88.27","Vertiginous Golf"
"Pro Evolution Soccer 2013","7881","Pro Evolution Soccer 2013","217140","43980","786","3","196","0","0","4.94","Pro Evolution Soccer 2013"
"Fish Tank","7882","Fish Tank","216900","273360","1299","3","32","0","0","0.79","Fish Tank"
"Jak X: Combat Racing","7883","Jak X: Combat Racing","216900","80880","71","4","266","0","0","2.68","Jak X: Combat Racing"
"Deluxe Ski Jump 4","7884","Deluxe Ski Jump 4","216720","11940","687","2","43","0","0","18.15","Deluxe Ski Jump 4"
"Insanely Twisted Shadow Planet","7885","Insanely Twisted Shadow Planet","216660","8580","542","2","33","0","0","25.25","Insanely Twisted Shadow Planet"
"Over the Hedge","7886","Over the Hedge","216600","12120","2639","2","47","0","0","17.87","Over the Hedge"
"Dong Dong Never Die","7887","Dong Dong Never Die","216540","4980","1211","2","33","0","0","43.48","Dong Dong Never Die"
"Crossing Void - Global","7888","Crossing Void - Global","216420","51060","349","5","109","0","0","4.24","Crossing Void - Global"
"Emperor: Rise of the Middle Kingdom","7889","Emperor: Rise of the Middle Kingdom","216420","25020","122","2","56","0","0","8.65","Emperor: Rise of the Middle Kingdom"
"Dex","7890","Dex","216420","62580","182","3","158","0","0","3.46","Dex"
"Shit!!","7891","Shit!!","216420","30480","594","3","64","0","0","7.1","Shit!!"
"Youkai Watch 3","7892","Youkai Watch 3","216300","34320","186","3","24","0","0","6.3","Youkai Watch 3"
"NBA Playgrounds","7893","NBA Playgrounds","216240","19380","1587","2","138","0","0","11.16","NBA Playgrounds"
"Judge Dredd: Dredd vs Death","7894","Judge Dredd: Dredd vs Death","216180","10920","685","1","48","0","0","19.8","Judge Dredd: Dredd vs Death"
"Carnival Games","7895","Carnival Games","216180","5220","1066","1","45","0","0","41.41","Carnival Games"
"Lara Croft and the Temple of Osiris","7896","Lara Croft and the Temple of Osiris","216120","75300","170","4","309","0","0","2.87","Lara Croft and the Temple of Osiris"
"Jetpack Joyride","7897","Jetpack Joyride","216000","14100","1495","2","106","0","0","15.32","Jetpack Joyride"
"Bishoujo Senshi Sailor Moon: Another Story","7898","Bishoujo Senshi Sailor Moon: Another Story","215940","38160","196","2","66","0","0","5.66","Bishoujo Senshi Sailor Moon: Another Story"
"Sonic Advance 2","7899","Sonic Advance 2","215940","20820","1391","3","86","0","0","10.37","Sonic Advance 2"
"Ty the Tasmanian Tiger 2: Bush Rescue","7900","Ty the Tasmanian Tiger 2: Bush Rescue","215880","61320","165","3","153","0","0","3.52","Ty the Tasmanian Tiger 2: Bush Rescue"