"","","Game","Watch time","Stream time","Peak viewers","Peak channels","Streamers","Average viewers","Average channels","Average viewer ratio",""
"Chicken Invaders 4: Ultimate Omelette","9501","Chicken Invaders 4: Ultimate Omelette","117060","4200","1692","1","34","0","0","27.87","Chicken Invaders 4: Ultimate Omelette"
"Almost There: The Platformer","9502","Almost There: The Platformer","117000","12360","176","2","106","0","0","9.47","Almost There: The Platformer"
"Micro Machines V3","9503","Micro Machines V3","117000","840","947","1","10","0","0","139.29","Micro Machines V3"
"Doraemon: Nobita to Yousei no Kuni","9504","Doraemon: Nobita to Yousei no Kuni","116940","5880","542","2","12","0","0","19.89","Doraemon: Nobita to Yousei no Kuni"
"Cities in Motion 2","9505","Cities in Motion 2","116880","10020","708","2","53","0","0","11.66","Cities in Motion 2"
"Of Mice and Sand","9506","Of Mice and Sand","116880","16560","54","2","42","0","0","7.06","Of Mice and Sand"
"Cyber Troopers Virtual-On: Oratorio Tangram","9507","Cyber Troopers Virtual-On: Oratorio Tangram","116820","24720","46","3","31","0","0","4.73","Cyber Troopers Virtual-On: Oratorio Tangram"
"The Sims 2 Castaway","9508","The Sims 2 Castaway","116760","10740","498","2","53","0","0","10.87","The Sims 2 Castaway"
"Sky Force Anniversary","9509","Sky Force Anniversary","116700","47040","90","3","179","0","0","2.48","Sky Force Anniversary"
"Himeko Sutori","9510","Himeko Sutori","116640","6420","564","2","16","0","0","18.17","Himeko Sutori"
"Crash Fever","9511","Crash Fever","116580","42060","46","3","111","0","0","2.77","Crash Fever"
"Leo's Fortune","9512","Leo's Fortune","116340","12540","309","2","52","0","0","9.28","Leo's Fortune"
"HeroWarz","9513","HeroWarz","116280","14520","44","3","13","0","0","8.01","HeroWarz"
"Writer's Block","9514","Writer's Block","116280","39240","69","3","84","0","0","2.96","Writer's Block"
"Anstoß 3","9515","Anstoß 3","116100","5700","266","1","13","0","0","20.37","Anstoß 3"
"One Late Night: Deadline","9516","One Late Night: Deadline","116040","5040","240","1","17","0","0","23.02","One Late Night: Deadline"
"Freespace 2","9517","Freespace 2","115980","39240","75","5","71","0","0","2.96","Freespace 2"
"IQ Test","9518","IQ Test","115920","14400","239","2","105","0","0","8.05","IQ Test"
"Artemis: God-Queen of The Hunt","9519","Artemis: God-Queen of The Hunt","115800","1800","4805","2","17","0","0","64.33","Artemis: God-Queen of The Hunt"
"Xonotic","9520","Xonotic","115800","39120","85","3","122","0","0","2.96","Xonotic"
"Shadow Fight 2","9521","Shadow Fight 2","115800","16980","1774","2","92","0","0","6.82","Shadow Fight 2"
"Final Fight 3","9522","Final Fight 3","115680","14280","375","3","75","0","0","8.1","Final Fight 3"
"Metagal","9523","Metagal","115620","24900","242","3","144","0","0","4.64","Metagal"
"Crush Crush","9524","Crush Crush","115560","36600","202","2","207","0","0","3.16","Crush Crush"
"RIDE","9525","RIDE","115560","25980","501","3","146","0","0","4.45","RIDE"
"Spy vs. Spy","9526","Spy vs. Spy","115320","15300","467","2","23","0","0","7.54","Spy vs. Spy"
"Little Red Riding Hood's Zombie BBQ","9527","Little Red Riding Hood's Zombie BBQ","115320","960","1913","1","4","0","0","120.13","Little Red Riding Hood's Zombie BBQ"
"Super Adventure Island","9528","Super Adventure Island","115260","6540","1488","2","23","0","0","17.62","Super Adventure Island"
"Espire 1: VR Operative","9529","Espire 1: VR Operative","115200","26700","268","13","198","0","0","4.31","Espire 1: VR Operative"
"stein.world","9530","stein.world","115200","28620","34","5","136","0","0","4.03","stein.world"
"WRC 6","9531","WRC 6","115200","27600","188","3","169","0","0","4.17","WRC 6"
"Atomic Society","9532","Atomic Society","115200","5040","531","1","24","0","0","22.86","Atomic Society"
"King's Quest V: Absence Makes the Heart Go Yonder","9533","King's Quest V: Absence Makes the Heart Go Yonder","115140","17640","107","2","46","0","0","6.53","King's Quest V: Absence Makes the Heart Go Yonder"
"Brogue","9534","Brogue","115140","12120","113","2","31","0","0","9.5","Brogue"
"Skullmonkeys","9535","Skullmonkeys","115140","9360","907","2","37","0","0","12.3","Skullmonkeys"
"Budget Cuts 2: Mission Insolvency","9536","Budget Cuts 2: Mission Insolvency","115080","4860","335","2","24","0","0","23.68","Budget Cuts 2: Mission Insolvency"
"Normality","9537","Normality","115080","7380","223","2","16","0","0","15.59","Normality"
"Odama","9538","Odama","115080","1380","1784","1","10","0","0","83.39","Odama"
"A Rose in the Twilight","9539","A Rose in the Twilight","115080","26820","60","2","74","0","0","4.29","A Rose in the Twilight"
"World End Syndrome","9540","World End Syndrome","115080","22980","43","2","61","0","0","5.01","World End Syndrome"
"Morph Girl","9541","Morph Girl","115080","840","1883","1","7","0","0","137","Morph Girl"
"Raindancer","9542","Raindancer","115020","5880","346","3","36","0","0","19.56","Raindancer"
"QIX","9543","QIX","115020","1500","755","1","8","0","0","76.68","QIX"
"Tenchu 2: Birth of the Stealth Assassins","9544","Tenchu 2: Birth of the Stealth Assassins","115020","28380","240","2","67","0","0","4.05","Tenchu 2: Birth of the Stealth Assassins"
"Demetrios: The Big Cynical Adventure","9545","Demetrios: The Big Cynical Adventure","114960","15840","71","2","39","0","0","7.26","Demetrios: The Big Cynical Adventure"
"Senjo no Valkyria 3","9546","Senjo no Valkyria 3","114900","34440","57","2","14","0","0","3.34","Senjo no Valkyria 3"
"Normy's Beach Babe-O-Rama","9547","Normy's Beach Babe-O-Rama","114780","1680","1866","1","5","0","0","68.32","Normy's Beach Babe-O-Rama"
"Who Wants To Be A Millionaire: Second Edition","9548","Who Wants To Be A Millionaire: Second Edition","114780","3780","223","2","17","0","0","30.37","Who Wants To Be A Millionaire: Second Edition"
"Rolling Thunder 2","9549","Rolling Thunder 2","114720","1740","1622","1","12","0","0","65.93","Rolling Thunder 2"
"Paperboy","9550","Paperboy","114720","9600","313","2","51","0","0","11.95","Paperboy"
"Usurper","9551","Usurper","114720","5700","599","2","26","0","0","20.13","Usurper"
"Versus World","9552","Versus World","114720","1800","325","2","6","0","0","63.73","Versus World"
"Light Fingers","9553","Light Fingers","114600","1980","336","1","11","0","0","57.88","Light Fingers"
"tengai","9554","tengai","114540","1680","751","1","11","0","0","68.18","tengai"
"Soccer Manager","9555","Soccer Manager","114540","12720","6274","2","47","0","0","9","Soccer Manager"
"Tenchu: Shadow Assassins","9556","Tenchu: Shadow Assassins","114480","5280","210","1","26","0","0","21.68","Tenchu: Shadow Assassins"
"The Legend of Dark Witch","9557","The Legend of Dark Witch","114480","11640","565","4","39","0","0","9.84","The Legend of Dark Witch"
"Passing Time","9558","Passing Time","114420","1800","337","1","8","0","0","63.57","Passing Time"
"Armored Core: Verdict Day","9559","Armored Core: Verdict Day","114420","34500","57","2","23","0","0","3.32","Armored Core: Verdict Day"
"Momodora","9560","Momodora","114420","15420","269","2","102","0","0","7.42","Momodora"
"Orion Burger","9561","Orion Burger","114360","2640","187","1","5","0","0","43.32","Orion Burger"
"Sky Force Reloaded","9562","Sky Force Reloaded","114300","66480","158","3","238","0","0","1.72","Sky Force Reloaded"
"Card Monsters","9563","Card Monsters","114240","14580","119","2","21","0","0","7.84","Card Monsters"
"Forza Motorsport 5","9564","Forza Motorsport 5","114240","116040","54","4","580","0","0","0.98","Forza Motorsport 5"
"Catz 5","9565","Catz 5","114180","1620","723","1","11","0","0","70.48","Catz 5"
"Hellbound","9566","Hellbound","114180","26820","393","3","262","0","0","4.26","Hellbound"
"Ripper Ribbit","9567","Ripper Ribbit","114120","420","515","1","1","0","0","271.71","Ripper Ribbit"
"Full Mojo Rampage","9568","Full Mojo Rampage","114120","12480","338","2","49","0","0","9.14","Full Mojo Rampage"
"World Poker Championship","9569","World Poker Championship","114120","1380","960","1","12","0","0","82.7","World Poker Championship"
"Mercenary Kings","9570","Mercenary Kings","114060","45480","58","3","209","0","0","2.51","Mercenary Kings"
"MegaMari","9571","MegaMari","114000","4800","304","1","19","0","0","23.75","MegaMari"
"Postal 2: Apocalypse Weekend","9572","Postal 2: Apocalypse Weekend","113940","16800","221","2","83","0","0","6.78","Postal 2: Apocalypse Weekend"
"Fight Night Round 3","9573","Fight Night Round 3","113940","14160","592","3","73","0","0","8.05","Fight Night Round 3"
"Dr. Mario Online RX","9574","Dr. Mario Online RX","113880","3600","484","1","10","0","0","31.63","Dr. Mario Online RX"
"Chakan","9575","Chakan","113880","1920","1072","1","18","0","0","59.31","Chakan"
"Escape First 2","9576","Escape First 2","113760","14520","158","4","78","0","0","7.83","Escape First 2"
"Connect 4","9577","Connect 4","113760","8280","1264","2","84","0","0","13.74","Connect 4"
"The American Dream","9578","The American Dream","113760","11940","98","2","60","0","0","9.53","The American Dream"
"Forbidden Love with My Wife's Sister","9579","Forbidden Love with My Wife's Sister","113760","1020","1034","1","4","0","0","111.53","Forbidden Love with My Wife's Sister"
"Be-Music Source","9580","Be-Music Source","113760","53580","16","3","44","0","0","2.12","Be-Music Source"
"Captain Tsubasa V: Hasha no Shougou Campione","9581","Captain Tsubasa V: Hasha no Shougou Campione","113700","240","921","2","3","0","0","473.75","Captain Tsubasa V: Hasha no Shougou Campione"
"The Golden Compass","9582","The Golden Compass","113700","4860","261","1","12","0","0","23.4","The Golden Compass"
"Super House of Dead Ninjas","9583","Super House of Dead Ninjas","113640","55200","655","3","93","0","0","2.06","Super House of Dead Ninjas"
"Wadanohara and the Great Blue Sea","9584","Wadanohara and the Great Blue Sea","113640","23640","452","2","68","0","0","4.81","Wadanohara and the Great Blue Sea"
"Pato Box","9585","Pato Box","113580","10020","601","2","32","0","0","11.34","Pato Box"
"Resogun","9586","Resogun","113580","72960","180","3","319","0","0","1.56","Resogun"
"Tekken 6: Bloodline Rebellion","9587","Tekken 6: Bloodline Rebellion","113580","2460","967","1","17","0","0","46.17","Tekken 6: Bloodline Rebellion"
"The 3rd Birthday","9588","The 3rd Birthday","113580","36720","35","2","86","0","0","3.09","The 3rd Birthday"
"Swords 'n Magic and Stuff","9589","Swords 'n Magic and Stuff","113520","5580","73","2","10","0","0","20.34","Swords 'n Magic and Stuff"
"HelmetRoyale.io","9590","HelmetRoyale.io","113460","10320","109","3","33","0","0","10.99","HelmetRoyale.io"
"Dungeon Siege III","9591","Dungeon Siege III","113460","53880","122","3","163","0","0","2.11","Dungeon Siege III"
"Backyard Baseball 2001","9592","Backyard Baseball 2001","113340","6180","2221","2","25","0","0","18.34","Backyard Baseball 2001"
"Thor: God of Thunder","9593","Thor: God of Thunder","113280","2700","343","1","10","0","0","41.96","Thor: God of Thunder"
"Run 8 Train Simulator","9594","Run 8 Train Simulator","113220","47520","18","4","31","0","0","2.38","Run 8 Train Simulator"
"Zeebo Sports Vôlei","9595","Zeebo Sports Vôlei","113220","600","555","1","2","0","0","188.7","Zeebo Sports Vôlei"
"College Football's National Championship","9596","College Football's National Championship","113160","1260","1125","5","10","0","0","89.81","College Football's National Championship"
"Thousand Arms","9597","Thousand Arms","113100","18300","86","2","20","0","0","6.18","Thousand Arms"
"McKenzie & Co.","9598","McKenzie & Co.","113040","600","288","1","2","0","0","188.4","McKenzie & Co."
"Pineview Drive - Homeless","9599","Pineview Drive - Homeless","112920","1920","339","2","7","0","0","58.81","Pineview Drive - Homeless"
"Wangan Midnight Maximum Tune 5","9600","Wangan Midnight Maximum Tune 5","112860","48300","123","3","106","0","0","2.34","Wangan Midnight Maximum Tune 5"