"","","Game","Watch time","Stream time","Peak viewers","Peak channels","Streamers","Average viewers","Average channels","Average viewer ratio",""
"NCAA College Football 2K2: Road to the Rose Bowl","11401","NCAA College Football 2K2: Road to the Rose Bowl","62820","1920","628","4","12","0","0","32.72","NCAA College Football 2K2: Road to the Rose Bowl"
"Virtual Families","11402","Virtual Families","62820","480","255","1","1","0","0","130.88","Virtual Families"
"Kingsley's Adventure","11403","Kingsley's Adventure","62820","7980","121","3","18","0","0","7.87","Kingsley's Adventure"
"NBA Hangtime","11404","NBA Hangtime","62820","3300","138","2","22","0","0","19.04","NBA Hangtime"
"Haze","11405","Haze","62820","3720","155","1","9","0","0","16.89","Haze"
"Particle Fleet: Emergence","11406","Particle Fleet: Emergence","62820","12240","116","1","25","0","0","5.13","Particle Fleet: Emergence"
"Street Sk8er","11407","Street Sk8er","62760","780","376","1","5","0","0","80.46","Street Sk8er"
"Princess Remedy in a Heap of Trouble","11408","Princess Remedy in a Heap of Trouble","62700","6000","139","2","43","0","0","10.45","Princess Remedy in a Heap of Trouble"
"Gundam: The 3D Battle","11409","Gundam: The 3D Battle","62640","420","400","1","3","0","0","149.14","Gundam: The 3D Battle"
"Unlucky Seven","11410","Unlucky Seven","62640","3720","259","1","14","0","0","16.84","Unlucky Seven"
"Senko no Ronde","11411","Senko no Ronde","62580","12840","16","2","2","0","0","4.87","Senko no Ronde"
"Ara Fell","11412","Ara Fell","62580","12960","26","2","29","0","0","4.83","Ara Fell"
"Shaolin vs Wutang","11413","Shaolin vs Wutang","62580","11100","125","2","54","0","0","5.64","Shaolin vs Wutang"
"Masochisia","11414","Masochisia","62580","7680","77","1","34","0","0","8.15","Masochisia"
"City of Villains","11415","City of Villains","62520","23280","29","2","55","0","0","2.69","City of Villains"
"F.E.A.R. Combat","11416","F.E.A.R. Combat","62520","24600","22","3","18","0","0","2.54","F.E.A.R. Combat"
"Bomberman Ultra","11417","Bomberman Ultra","62520","660","1001","1","8","0","0","94.73","Bomberman Ultra"
"Army of Two","11418","Army of Two","62460","18300","134","2","116","0","0","3.41","Army of Two"
"Impossible Mission","11419","Impossible Mission","62460","2700","388","2","12","0","0","23.13","Impossible Mission"
"Fight Knight","11420","Fight Knight","62460","1020","699","1","8","0","0","61.24","Fight Knight"
"The King of Fighters: Sky Stage","11421","The King of Fighters: Sky Stage","62400","60","1040","1","1","0","0","1040","The King of Fighters: Sky Stage"
"La Tale","11422","La Tale","62400","22440","65","2","59","0","0","2.78","La Tale"
"Dai-2-Ji Super Robot Taisen Z Saisei-hen","11423","Dai-2-Ji Super Robot Taisen Z Saisei-hen","62400","25980","21","2","12","0","0","2.4","Dai-2-Ji Super Robot Taisen Z Saisei-hen"
"Metal Black","11424","Metal Black","62400","2040","107","1","8","0","0","30.59","Metal Black"
"Still Life 2","11425","Still Life 2","62340","7080","73","1","17","0","0","8.81","Still Life 2"
"ArmA: Cold War Assault","11426","ArmA: Cold War Assault","62340","21300","85","2","75","0","0","2.93","ArmA: Cold War Assault"
"Heavy Fire: Red Shadow","11427","Heavy Fire: Red Shadow","62340","4620","62","1","12","0","0","13.49","Heavy Fire: Red Shadow"
"Dead Synchronicity: Tomorrow Comes Today","11428","Dead Synchronicity: Tomorrow Comes Today","62280","13020","76","2","40","0","0","4.78","Dead Synchronicity: Tomorrow Comes Today"
"Super Robot Taisen Original Generation","11429","Super Robot Taisen Original Generation","62280","23220","61","2","22","0","0","2.68","Super Robot Taisen Original Generation"
"Yu-Gi-Oh! 5D's Tag Force 6","11430","Yu-Gi-Oh! 5D's Tag Force 6","62280","1800","425","1","12","0","0","34.6","Yu-Gi-Oh! 5D's Tag Force 6"
"MX vs. ATV: Reflex","11431","MX vs. ATV: Reflex","62280","39120","39","2","303","0","0","1.59","MX vs. ATV: Reflex"
"Samurai Warriors 4","11432","Samurai Warriors 4","62280","32580","48","2","103","0","0","1.91","Samurai Warriors 4"
"else Heart.Break()","11433","else Heart.Break()","62280","15180","389","2","46","0","0","4.1","else Heart.Break()"
"Goosebumps: Escape from Horrorland","11434","Goosebumps: Escape from Horrorland","62280","3540","146","2","15","0","0","17.59","Goosebumps: Escape from Horrorland"
"Lufia: The Legend Returns","11435","Lufia: The Legend Returns","62280","6660","41","1","7","0","0","9.35","Lufia: The Legend Returns"
"Sonic Rush Adventure","11436","Sonic Rush Adventure","62220","7320","115","3","33","0","0","8.5","Sonic Rush Adventure"
"Ar tonelico II: Melody of Metafalica","11437","Ar tonelico II: Melody of Metafalica","62220","28980","17","2","23","0","0","2.15","Ar tonelico II: Melody of Metafalica"
"Densha De D: Climax Stage","11438","Densha De D: Climax Stage","62220","2760","267","2","10","0","0","22.54","Densha De D: Climax Stage"
"RTL Skispringen 2003","11439","RTL Skispringen 2003","62160","900","219","1","4","0","0","69.07","RTL Skispringen 2003"
"Strike Suit Zero","11440","Strike Suit Zero","62160","12060","462","2","54","0","0","5.15","Strike Suit Zero"
"Vanguard Bandits","11441","Vanguard Bandits","62160","22860","18","2","38","0","0","2.72","Vanguard Bandits"
"Heroes of Might and Magic: A Strategic Quest","11442","Heroes of Might and Magic: A Strategic Quest","62100","18060","52","1","31","0","0","3.44","Heroes of Might and Magic: A Strategic Quest"
"Fushigi no Gensokyo 3","11443","Fushigi no Gensokyo 3","62100","1980","348","1","7","0","0","31.36","Fushigi no Gensokyo 3"
"Candy Crush Friends Saga","11444","Candy Crush Friends Saga","62100","11340","122","2","75","0","0","5.48","Candy Crush Friends Saga"
"Carcassonne: Tiles & Tactics","11445","Carcassonne: Tiles & Tactics","62040","12000","192","2","68","0","0","5.17","Carcassonne: Tiles & Tactics"
"Doritos Crash Course","11446","Doritos Crash Course","62040","26220","82","3","208","0","0","2.37","Doritos Crash Course"
"Tropico 3","11447","Tropico 3","61980","10020","717","2","34","0","0","6.19","Tropico 3"
"ClickRaid","11448","ClickRaid","61920","27180","20","3","25","0","0","2.28","ClickRaid"
"Fallen: Town of Heritage and Makina, The Blazing Hair","11449","Fallen: Town of Heritage and Makina, The Blazing Hair","61920","840","135","1","2","0","0","73.71","Fallen: Town of Heritage and Makina, The Blazing Hair"
"101 Ways to Die","11450","101 Ways to Die","61920","5520","105","2","27","0","0","11.22","101 Ways to Die"
"Savage Resurrection","11451","Savage Resurrection","61920","4740","176","1","9","0","0","13.06","Savage Resurrection"
"Jack Orlando: A Cinematic Adventure (Director's Cut)","11452","Jack Orlando: A Cinematic Adventure (Director's Cut)","61860","1380","503","1","10","0","0","44.83","Jack Orlando: A Cinematic Adventure (Director's Cut)"
"Liero","11453","Liero","61800","1740","272","1","11","0","0","35.52","Liero"
"Reign of Darkness","11454","Reign of Darkness","61740","19140","33","4","26","0","0","3.23","Reign of Darkness"
"Mario's Super Picross","11455","Mario's Super Picross","61740","3780","274","2","10","0","0","16.33","Mario's Super Picross"
"Dead in Bermuda","11456","Dead in Bermuda","61740","11520","201","2","48","0","0","5.36","Dead in Bermuda"
"Braains.io","11457","Braains.io","61680","480","614","1","3","0","0","128.5","Braains.io"
"Gebub's Adventure","11458","Gebub's Adventure","61620","120","603","1","1","0","0","513.5","Gebub's Adventure"
"Adventures of Pip","11459","Adventures of Pip","61620","8820","377","2","30","0","0","6.99","Adventures of Pip"
"Torin's Passage","11460","Torin's Passage","61620","10080","129","2","23","0","0","6.11","Torin's Passage"
"Just In Time Incorporated","11461","Just In Time Incorporated","61560","22200","75","2","151","0","0","2.77","Just In Time Incorporated"
"Ore o Hoshigaru Futari no Haha","11462","Ore o Hoshigaru Futari no Haha","61560","360","674","1","1","0","0","171","Ore o Hoshigaru Futari no Haha"
"Dizzy: The Ultimate Cartoon Adventure","11463","Dizzy: The Ultimate Cartoon Adventure","61500","2640","50","1","5","0","0","23.3","Dizzy: The Ultimate Cartoon Adventure"
"Mission: Impossible - Operation Surma","11464","Mission: Impossible - Operation Surma","61500","2340","438","4","8","0","0","26.28","Mission: Impossible - Operation Surma"
"Grim Tales: The Bride","11465","Grim Tales: The Bride","61500","9960","34","1","25","0","0","6.17","Grim Tales: The Bride"
"Runabout 2","11466","Runabout 2","61500","5700","722","2","7","0","0","10.79","Runabout 2"
"Forza Motorsport 4","11467","Forza Motorsport 4","61380","14340","61","2","53","0","0","4.28","Forza Motorsport 4"
"Scooby-Doo and the Cyber Chase","11468","Scooby-Doo and the Cyber Chase","61380","14700","32","2","39","0","0","4.18","Scooby-Doo and the Cyber Chase"
"Grand Chase for kakao","11469","Grand Chase for kakao","61380","32580","15","3","79","0","0","1.88","Grand Chase for kakao"
"Backyard Soccer MLS Edition","11470","Backyard Soccer MLS Edition","61380","660","302","1","4","0","0","93","Backyard Soccer MLS Edition"
"Landinar: Into the Void","11471","Landinar: Into the Void","61320","7740","286","2","28","0","0","7.92","Landinar: Into the Void"
"Ingress","11472","Ingress","61320","29640","47","3","59","0","0","2.07","Ingress"
"Walaber's Trampoline","11473","Walaber's Trampoline","61320","600","274","1","2","0","0","102.2","Walaber's Trampoline"
"Aquapazza: Aquaplus Dream Match","11474","Aquapazza: Aquaplus Dream Match","61320","2220","393","2","12","0","0","27.62","Aquapazza: Aquaplus Dream Match"
"Breath of Death VII","11475","Breath of Death VII","61320","6000","386","1","30","0","0","10.22","Breath of Death VII"
"Chantelise","11476","Chantelise","61320","8940","334","2","30","0","0","6.86","Chantelise"
"0 A.D.","11477","0 A.D.","61320","24660","45","2","118","0","0","2.49","0 A.D."
"Gorytale","11478","Gorytale","61260","1740","418","2","11","0","0","35.21","Gorytale"
"Bethesda @ Gamescom","11479","Bethesda @ Gamescom","61260","2580","273","8","18","0","0","23.74","Bethesda @ Gamescom"
"RIVAL: Crimson x Chaos","11480","RIVAL: Crimson x Chaos","61260","6720","35","2","9","0","0","9.12","RIVAL: Crimson x Chaos"
"Lumo","11481","Lumo","61260","18240","42","2","57","0","0","3.36","Lumo"
"Labyrinth of Galleria: Coven of Dusk","11482","Labyrinth of Galleria: Coven of Dusk","61200","2520","337","2","10","0","0","24.29","Labyrinth of Galleria: Coven of Dusk"
"The Last Patient","11483","The Last Patient","61200","180","540","1","2","0","0","340","The Last Patient"
"Taxi Driver","11484","Taxi Driver","61200","2040","76","1","4","0","0","30","Taxi Driver"
"Rituals","11485","Rituals","61200","54180","23","2","7","0","0","1.13","Rituals"
"Days of War","11486","Days of War","61200","13140","192","10","59","0","0","4.66","Days of War"
"Adventure Quest","11487","Adventure Quest","61200","23640","31","2","158","0","0","2.59","Adventure Quest"
"Command & Conquer 4:  Tiberian Twilight","11488","Command & Conquer 4:  Tiberian Twilight","61140","21000","135","2","91","0","0","2.91","Command & Conquer 4:  Tiberian Twilight"
"Reassembly","11489","Reassembly","61140","26340","83","2","90","0","0","2.32","Reassembly"
"Asemblance","11490","Asemblance","61140","6060","356","1","37","0","0","10.09","Asemblance"
"Card Crawl","11491","Card Crawl","61140","1620","411","1","16","0","0","37.74","Card Crawl"
"Line of Sight","11492","Line of Sight","61080","35580","56","3","230","0","0","1.72","Line of Sight"
"Sports Champions 2","11493","Sports Champions 2","61080","5760","365","2","12","0","0","10.6","Sports Champions 2"
"Time of the Moon","11494","Time of the Moon","61020","1620","132","1","4","0","0","37.67","Time of the Moon"
"Lunar: Eternal Blue","11495","Lunar: Eternal Blue","61020","17160","25","2","12","0","0","3.56","Lunar: Eternal Blue"
"DoDonPachi Dai Ou Jou Black Label EXTRA","11496","DoDonPachi Dai Ou Jou Black Label EXTRA","61020","2820","421","1","10","0","0","21.64","DoDonPachi Dai Ou Jou Black Label EXTRA"
"Milon's Secret Castle","11497","Milon's Secret Castle","61020","13200","29","2","27","0","0","4.62","Milon's Secret Castle"
"Power Politics","11498","Power Politics","61020","192360","242","3","33","0","0","0.32","Power Politics"
"Berlin Connection","11499","Berlin Connection","60960","1080","133","1","1","0","0","56.44","Berlin Connection"
"Code 7","11500","Code 7","60960","12300","131","2","21","0","0","4.96","Code 7"