"","","Game","Watch time","Stream time","Peak viewers","Peak channels","Streamers","Average viewers","Average channels","Average viewer ratio",""
"Bust-A-Move 2","9901","Bust-A-Move 2","101460","3540","336","2","14","0","0","28.66","Bust-A-Move 2"
"Retard Fighter","9902","Retard Fighter","101460","28920","237","2","30","0","0","3.51","Retard Fighter"
"Guilty Gear XX Λ Core","9903","Guilty Gear XX Λ Core","101460","10080","58","2","28","0","0","10.07","Guilty Gear XX Λ Core"
"The Impossible Quiz","9904","The Impossible Quiz","101280","14220","648","2","144","0","0","7.12","The Impossible Quiz"
"Madagascar: Escape 2 Africa","9905","Madagascar: Escape 2 Africa","101280","9300","221","2","47","0","0","10.89","Madagascar: Escape 2 Africa"
"Helbreath","9906","Helbreath","101220","38880","404","2","29","0","0","2.6","Helbreath"
"Battle Circuit","9907","Battle Circuit","101160","2220","1608","1","19","0","0","45.57","Battle Circuit"
"Colin McRae Rally","9908","Colin McRae Rally","101100","15240","792","2","42","0","0","6.63","Colin McRae Rally"
"The Magical Realms of Tír na nÓg: Escape from Necron 7 – Revenge of Cuchulainn: The Official Game of the Movie – Chapter 2 of the Hoopz Barkley SaGa","9909","The Magical Realms of Tír na nÓg: Escape from Necron 7 – Revenge of Cuchulainn: The Official Game of the Movie – Chapter 2 of the Hoopz Barkley SaGa","101100","3480","160","2","15","0","0","29.05","The Magical Realms of Tír na nÓg: Escape from Necron 7 – Revenge of Cuchulainn: The Official Game of the Movie – Chapter 2 of the Hoopz Barkley SaGa"
"Reef Aquarium","9910","Reef Aquarium","101040","183840","19","3","16","0","0","0.55","Reef Aquarium"
"Out Of Reach","9911","Out Of Reach","101040","30960","29","4","94","0","0","3.26","Out Of Reach"
"ACE Academy","9912","ACE Academy","100920","16140","53","2","33","0","0","6.25","ACE Academy"
"Survisland","9913","Survisland","100920","11220","116","2","38","0","0","8.99","Survisland"
"Monaco: What's Yours Is Mine","9914","Monaco: What's Yours Is Mine","100920","35400","246","3","96","0","0","2.85","Monaco: What's Yours Is Mine"
"R4 Ridge Racer Type 4","9915","R4 Ridge Racer Type 4","100920","24300","82","2","97","0","0","4.15","R4 Ridge Racer Type 4"
"You Have to Win the Game","9916","You Have to Win the Game","100860","11100","695","1","82","0","0","9.09","You Have to Win the Game"
"Bravely Default: Praying Brage","9917","Bravely Default: Praying Brage","100800","14640","23","1","2","0","0","6.89","Bravely Default: Praying Brage"
"Dungeon Souls","9918","Dungeon Souls","100800","34440","281","3","137","0","0","2.93","Dungeon Souls"
"Near Death","9919","Near Death","100800","9600","234","1","45","0","0","10.5","Near Death"
"F1 Manager","9920","F1 Manager","100620","2820","496","1","21","0","0","35.68","F1 Manager"
"Mega Man Powered Up","9921","Mega Man Powered Up","100620","13380","496","2","52","0","0","7.52","Mega Man Powered Up"
"FIFA Soccer 13","9922","FIFA Soccer 13","100560","12480","337","2","47","0","0","8.06","FIFA Soccer 13"
"Grim Tales: Bloody Mary","9923","Grim Tales: Bloody Mary","100560","5700","199","1","24","0","0","17.64","Grim Tales: Bloody Mary"
"Train Simulator 2017","9924","Train Simulator 2017","100500","4860","129","2","22","0","0","20.68","Train Simulator 2017"
"FoxTail","9925","FoxTail","100500","10560","139","4","46","0","0","9.52","FoxTail"
"GoatPunks","9926","GoatPunks","100380","420","2353","1","5","0","0","239","GoatPunks"
"Baldur's Gate: Dark Alliance II","9927","Baldur's Gate: Dark Alliance II","100380","19740","95","2","58","0","0","5.09","Baldur's Gate: Dark Alliance II"
"Bejeweled 2","9928","Bejeweled 2","100380","20040","1023","2","44","0","0","5.01","Bejeweled 2"
"MegaRace","9929","MegaRace","100380","2100","458","1","11","0","0","47.8","MegaRace"
"Manhunt 2","9930","Manhunt 2","100320","25020","161","2","90","0","0","4.01","Manhunt 2"
"Brothers in Arms: Hell's Highway","9931","Brothers in Arms: Hell's Highway","100320","35520","136","2","158","0","0","2.82","Brothers in Arms: Hell's Highway"
"Lego Marvel Collection","9932","Lego Marvel Collection","100320","5400","349","1","22","0","0","18.58","Lego Marvel Collection"
"Kabuki: Quantum Fighter","9933","Kabuki: Quantum Fighter","100260","5340","441","1","13","0","0","18.78","Kabuki: Quantum Fighter"
"Framed!","9934","Framed!","100260","600","841","1","5","0","0","167.1","Framed!"
"NHL '94","9935","NHL '94","100200","20940","102","2","63","0","0","4.79","NHL '94"
"Bridge Constructor Medieval","9936","Bridge Constructor Medieval","100140","4560","344","1","29","0","0","21.96","Bridge Constructor Medieval"
"VATSIM","9937","VATSIM","100080","57960","54","3","90","0","0","1.73","VATSIM"
"Oh No!","9938","Oh No!","100080","540","890","2","5","0","0","185.33","Oh No!"
"Ys III: Wanderers from Ys","9939","Ys III: Wanderers from Ys","100020","12420","311","2","31","0","0","8.05","Ys III: Wanderers from Ys"
"Phantom Dust","9940","Phantom Dust","100020","24420","202","3","67","0","0","4.1","Phantom Dust"
"Heroes Reborn: Gemini","9941","Heroes Reborn: Gemini","100020","6060","323","2","20","0","0","16.5","Heroes Reborn: Gemini"
"Bleach GC: Tasogare ni Mamieru Shinigami","9942","Bleach GC: Tasogare ni Mamieru Shinigami","99960","360","481","1","1","0","0","277.67","Bleach GC: Tasogare ni Mamieru Shinigami"
"Biker Garage","9943","Biker Garage","99960","12000","157","4","56","0","0","8.33","Biker Garage"
"Adventure Island","9944","Adventure Island","99840","11940","157","2","48","0","0","8.36","Adventure Island"
"Fairune","9945","Fairune","99840","2520","703","1","6","0","0","39.62","Fairune"
"Merge Dragons","9946","Merge Dragons","99840","39720","148","3","80","0","0","2.51","Merge Dragons"
"2urvive","9947","2urvive","99780","540","932","2","5","0","0","184.78","2urvive"
"One Piece: Bounty Rush","9948","One Piece: Bounty Rush","99720","23040","98","2","64","0","0","4.33","One Piece: Bounty Rush"
"Hybrid Heaven","9949","Hybrid Heaven","99720","15420","137","2","40","0","0","6.47","Hybrid Heaven"
"In the Groove","9950","In the Groove","99660","19920","203","2","44","0","0","5","In the Groove"
"Joe & Mac Returns","9951","Joe & Mac Returns","99660","840","2014","1","6","0","0","118.64","Joe & Mac Returns"
"Pirates, Vikings and Knights II","9952","Pirates, Vikings and Knights II","99660","28680","507","2","126","0","0","3.47","Pirates, Vikings and Knights II"
"Greedy Guns","9953","Greedy Guns","99660","2220","264","1","5","0","0","44.89","Greedy Guns"
"Transformers","9954","Transformers","99600","18660","87","1","74","0","0","5.34","Transformers"
"Deep Diving Simulator","9955","Deep Diving Simulator","99600","4740","462","2","36","0","0","21.01","Deep Diving Simulator"
"Rogue Aces","9956","Rogue Aces","99540","38520","117","7","289","0","0","2.58","Rogue Aces"
"Super Cloudbuilt","9957","Super Cloudbuilt","99480","24960","293","2","98","0","0","3.99","Super Cloudbuilt"
"Sports Champions","9958","Sports Champions","99480","4740","876","2","15","0","0","20.99","Sports Champions"
"Wizkid: The Story of Wizball II","9959","Wizkid: The Story of Wizball II","99420","480","737","1","3","0","0","207.13","Wizkid: The Story of Wizball II"
"Thunder Force: Gold Pack 2","9960","Thunder Force: Gold Pack 2","99360","1500","113","1","1","0","0","66.24","Thunder Force: Gold Pack 2"
"Sword Legacy: Omen","9961","Sword Legacy: Omen","99360","18420","67","2","75","0","0","5.39","Sword Legacy: Omen"
"Tag Team Wrestling","9962","Tag Team Wrestling","99360","480","350","1","3","0","0","207","Tag Team Wrestling"
"Golazo","9963","Golazo","99360","1920","413","3","13","0","0","51.75","Golazo"
"Shop Heroes","9964","Shop Heroes","99300","34980","28","3","63","0","0","2.84","Shop Heroes"
"The New Tetris","9965","The New Tetris","99240","9900","208","3","43","0","0","10.02","The New Tetris"
"Tengami","9966","Tengami","99240","4380","388","1","27","0","0","22.66","Tengami"
"Sword Master VR","9967","Sword Master VR","99240","480","1617","1","4","0","0","206.75","Sword Master VR"
"Stardrop","9968","Stardrop","99240","9720","199","3","38","0","0","10.21","Stardrop"
"Malkyrs: Arenas Of Eternity","9969","Malkyrs: Arenas Of Eternity","99180","10080","112","2","16","0","0","9.84","Malkyrs: Arenas Of Eternity"
"Soundodger+","9970","Soundodger+","99180","24960","75","2","85","0","0","3.97","Soundodger+"
"SAS: Zombie Assault 4","9971","SAS: Zombie Assault 4","99180","90060","73","3","282","0","0","1.1","SAS: Zombie Assault 4"
"Kuru Kuru Kururin","9972","Kuru Kuru Kururin","99180","8460","190","7","30","0","0","11.72","Kuru Kuru Kururin"
"Shattered Lights","9973","Shattered Lights","99180","10860","210","2","122","0","0","9.13","Shattered Lights"
"Axie Infinity","9974","Axie Infinity","99120","24600","48","2","18","0","0","4.03","Axie Infinity"
"Close Your Eyes","9975","Close Your Eyes","99120","12240","367","2","89","0","0","8.1","Close Your Eyes"
"BattleCON Online","9976","BattleCON Online","99120","31860","15","2","29","0","0","3.11","BattleCON Online"
"Sega Rally 3","9977","Sega Rally 3","99060","420","828","1","4","0","0","235.86","Sega Rally 3"
"Prison Break: The Conspiracy","9978","Prison Break: The Conspiracy","99000","6600","361","2","33","0","0","15","Prison Break: The Conspiracy"
"Sort the Court!","9979","Sort the Court!","99000","15840","673","2","110","0","0","6.25","Sort the Court!"
"Touhou Rhythm Carnival Scarlet","9980","Touhou Rhythm Carnival Scarlet","99000","7740","223","1","38","0","0","12.79","Touhou Rhythm Carnival Scarlet"
"Conran - The dinky Raccoon","9981","Conran - The dinky Raccoon","98940","3180","76","1","1","0","0","31.11","Conran - The dinky Raccoon"
"The 25th Ward: The Silver Case","9982","The 25th Ward: The Silver Case","98940","18780","129","2","21","0","0","5.27","The 25th Ward: The Silver Case"
"Element: Space","9983","Element: Space","98940","11160","156","2","45","0","0","8.87","Element: Space"
"Rebuild 3: Gangs of Deadsville","9984","Rebuild 3: Gangs of Deadsville","98940","13560","309","3","39","0","0","7.3","Rebuild 3: Gangs of Deadsville"
"Professor Lupo and his Horrible Pets","9985","Professor Lupo and his Horrible Pets","98940","5820","239","2","34","0","0","17","Professor Lupo and his Horrible Pets"
"Shivers","9986","Shivers","98820","23040","42","2","51","0","0","4.29","Shivers"
"Standby","9987","Standby","98760","1080","1550","1","9","0","0","91.44","Standby"
"Battlefield 2142","9988","Battlefield 2142","98760","76380","18","4","60","0","0","1.29","Battlefield 2142"
"Phageborn: Online Card Game","9989","Phageborn: Online Card Game","98760","1620","645","1","2","0","0","60.96","Phageborn: Online Card Game"
"Titan Quest: Atlantis","9990","Titan Quest: Atlantis","98700","38220","29","3","84","0","0","2.58","Titan Quest: Atlantis"
"Puppeteer","9991","Puppeteer","98640","12780","71","2","33","0","0","7.72","Puppeteer"
"Hempire","9992","Hempire","98640","9300","48","2","26","0","0","10.61","Hempire"
"Viktor","9993","Viktor","98520","2280","413","1","11","0","0","43.21","Viktor"
"OutRun 2006: Coast 2 Coast","9994","OutRun 2006: Coast 2 Coast","98520","21420","192","2","91","0","0","4.6","OutRun 2006: Coast 2 Coast"
"Police Quest 2: The Vengeance","9995","Police Quest 2: The Vengeance","98460","8880","208","1","14","0","0","11.09","Police Quest 2: The Vengeance"
"Who Wants To Be A Millionaire","9996","Who Wants To Be A Millionaire","98400","4200","516","1","27","0","0","23.43","Who Wants To Be A Millionaire"
"Rival Megagun","9997","Rival Megagun","98400","5820","298","1","39","0","0","16.91","Rival Megagun"
"Tidal Tribe","9998","Tidal Tribe","98400","2820","411","3","22","0","0","34.89","Tidal Tribe"
"Dreaming Mary","9999","Dreaming Mary","98340","9360","271","1","58","0","0","10.51","Dreaming Mary"
"See No Evil","10000","See No Evil","98340","3060","845","1","7","0","0","32.14","See No Evil"