"","","Game","Watch time","Stream time","Peak viewers","Peak channels","Streamers","Average viewers","Average channels","Average viewer ratio",""
"Dream C Club Gogo","3501","Dream C Club Gogo","1721700","7440","2448","1","4","3","0","231.41","Dream C Club Gogo"
"Akinator","3502","Akinator","1721100","15420","12326","1","138","3","0","111.61","Akinator"
"NCAA Basketball 10","3503","NCAA Basketball 10","1720680","7620","11082","2","16","3","0","225.81","NCAA Basketball 10"
"Castlevania: Lords of Shadow - Mirror of Fate","3504","Castlevania: Lords of Shadow - Mirror of Fate","1719240","57120","2704","3","170","3","0","30.1","Castlevania: Lords of Shadow - Mirror of Fate"
"Tekken Tag Tournament 2","3505","Tekken Tag Tournament 2","1719240","166140","1962","5","563","3","0","10.35","Tekken Tag Tournament 2"
"Construction Simulator 2015","3506","Construction Simulator 2015","1715520","156180","4737","5","529","3","0","10.98","Construction Simulator 2015"
"Octahedron","3507","Octahedron","1715280","26460","10912","4","88","3","0","64.83","Octahedron"
"Ticket","3508","Ticket","1711200","2400","9055","3","14","3","0","713","Ticket"
"Super Mario 3D Land","3509","Super Mario 3D Land","1711020","80760","5713","5","200","3","0","21.19","Super Mario 3D Land"
"Sid Meier's Civilization: Beyond Earth","3510","Sid Meier's Civilization: Beyond Earth","1710180","96000","3057","3","263","3","0","17.81","Sid Meier's Civilization: Beyond Earth"
"Wario Land 3","3511","Wario Land 3","1709940","54660","6630","5","83","3","0","31.28","Wario Land 3"
"Underrail","3512","Underrail","1707420","261000","3133","11","351","3","0","6.54","Underrail"
"Chibi-Robo!","3513","Chibi-Robo!","1706520","119940","1889","5","221","3","0","14.23","Chibi-Robo!"
"The Room: Old Sins","3514","The Room: Old Sins","1706400","12000","6328","2","53","3","0","142.2","The Room: Old Sins"
"Castle Story","3515","Castle Story","1706100","104760","1292","7","377","3","0","16.29","Castle Story"
"Dynasty Warriors 9","3516","Dynasty Warriors 9","1706040","405900","5737","7","780","3","0","4.2","Dynasty Warriors 9"
"Last Labyrinth","3517","Last Labyrinth","1704180","14220","3386","3","46","3","0","119.84","Last Labyrinth"
"Eiyuu Densetsu: Ao no Kiseki","3518","Eiyuu Densetsu: Ao no Kiseki","1704000","191820","868","4","66","3","0","8.88","Eiyuu Densetsu: Ao no Kiseki"
"The Haunted Island, a Frog Detective Game","3519","The Haunted Island, a Frog Detective Game","1703700","35640","4797","4","260","3","0","47.8","The Haunted Island, a Frog Detective Game"
"Siren: Blood Curse","3520","Siren: Blood Curse","1703100","30720","4836","3","74","3","0","55.44","Siren: Blood Curse"
"kuso","3521","kuso","1701900","21660","19545","7","71","3","0","78.57","kuso"
"Rogue Reaper","3522","Rogue Reaper","1701120","16260","27591","6","151","3","0","104.62","Rogue Reaper"
"The Order: 1886","3523","The Order: 1886","1700100","423000","642","6","1654","3","0","4.02","The Order: 1886"
"Esports Life Tycoon","3524","Esports Life Tycoon","1699920","56760","3075","14","282","3","0","29.95","Esports Life Tycoon"
"Crossing Souls","3525","Crossing Souls","1698600","143460","1234","7","513","3","0","11.84","Crossing Souls"
"3on3 FreeStyle","3526","3on3 FreeStyle","1698300","464160","12658","9","1700","3","0","3.66","3on3 FreeStyle"
"Phoenix Wright: Ace Attorney – Spirit of Justice","3527","Phoenix Wright: Ace Attorney – Spirit of Justice","1696740","83280","1946","3","56","3","0","20.37","Phoenix Wright: Ace Attorney – Spirit of Justice"
"King of the Hat","3528","King of the Hat","1695480","83820","7412","23","785","3","0","20.23","King of the Hat"
"Nine Parchments","3529","Nine Parchments","1695300","232920","2627","6","857","3","0","7.28","Nine Parchments"
"Milkmaid of the Milky Way","3530","Milkmaid of the Milky Way","1693500","6900","6560","2","33","3","0","245.43","Milkmaid of the Milky Way"
"FrostRunner","3531","FrostRunner","1692480","59400","16333","6","617","3","0","28.49","FrostRunner"
"Democracy 3","3532","Democracy 3","1692300","47460","3533","2","279","3","0","35.66","Democracy 3"
"Vietcong 2","3533","Vietcong 2","1692240","4140","4943","1","13","3","0","408.75","Vietcong 2"
"Mortal Kombat 3","3534","Mortal Kombat 3","1691220","23580","12060","3","111","3","0","71.72","Mortal Kombat 3"
"Kirby Super Star","3535","Kirby Super Star","1690980","214920","621","7","742","3","0","7.87","Kirby Super Star"
"Change: A Homeless Survival Experience","3536","Change: A Homeless Survival Experience","1690920","23340","7525","2","117","3","0","72.45","Change: A Homeless Survival Experience"
"Crash Twinsanity","3537","Crash Twinsanity","1690140","118620","2648","4","252","3","0","14.25","Crash Twinsanity"
"The Flame in the Flood","3538","The Flame in the Flood","1689660","249660","1098","5","1341","3","0","6.77","The Flame in the Flood"
"The World Next Door","3539","The World Next Door","1689480","73260","1593","22","295","3","0","23.06","The World Next Door"
"Mega Man X5","3540","Mega Man X5","1689060","135780","2698","6","437","3","0","12.44","Mega Man X5"
"20XX","3541","20XX","1689060","295080","4001","7","1142","3","0","5.72","20XX"
"Zero: Nuregarasu no Miko","3542","Zero: Nuregarasu no Miko","1688460","87540","478","3","125","3","0","19.29","Zero: Nuregarasu no Miko"
"Mega Man Legends","3543","Mega Man Legends","1686480","174600","795","6","365","3","0","9.66","Mega Man Legends"
"Call of Cthulhu: Dark Corners of the Earth","3544","Call of Cthulhu: Dark Corners of the Earth","1686480","142320","1841","4","389","3","0","11.85","Call of Cthulhu: Dark Corners of the Earth"
"Bubsy 3D","3545","Bubsy 3D","1685940","19020","4722","10","78","3","0","88.64","Bubsy 3D"
"Oblivion","3546","Oblivion","1684380","564960","1894","9","2410","3","1","2.98","Oblivion"
"The Adventure Pals","3547","The Adventure Pals","1683780","127680","1399","5","482","3","0","13.19","The Adventure Pals"
"The Office Quest","3548","The Office Quest","1682100","15360","3200","2","69","3","0","109.51","The Office Quest"
"Serious Sam HD: The Second Encounter","3549","Serious Sam HD: The Second Encounter","1681980","135240","6178","4","526","3","0","12.44","Serious Sam HD: The Second Encounter"
"Tangledeep","3550","Tangledeep","1677300","112800","1433","7","355","3","0","14.87","Tangledeep"
"The Missing","3551","The Missing","1675380","73680","1941","3","214","3","0","22.74","The Missing"
"Medal of Honor","3552","Medal of Honor","1675260","113820","9954","3","481","3","0","14.72","Medal of Honor"
"Regions of Ruin","3553","Regions of Ruin","1669080","113820","3729","6","422","3","0","14.66","Regions of Ruin"
"TalesWeaver","3554","TalesWeaver","1668180","223020","1394","6","198","3","0","7.48","TalesWeaver"
"Shadowgate","3555","Shadowgate","1667580","41580","4267","4","146","3","0","40.11","Shadowgate"
"Atelier Lydie & Suelle: The Alchemists and the Mysterious Paintings","3556","Atelier Lydie & Suelle: The Alchemists and the Mysterious Paintings","1666620","148440","415","4","160","3","0","11.23","Atelier Lydie & Suelle: The Alchemists and the Mysterious Paintings"
"Star Wars: Rogue Squadron II: Rogue Leader","3557","Star Wars: Rogue Squadron II: Rogue Leader","1666440","25140","8270","3","105","3","0","66.29","Star Wars: Rogue Squadron II: Rogue Leader"
"Radio Active","3558","Radio Active","1666200","3077940","1026","16","325","3","5","0.54","Radio Active"
"Spin Rhythm XD","3559","Spin Rhythm XD","1665660","71100","5154","11","422","3","0","23.43","Spin Rhythm XD"
"Night Shift","3560","Night Shift","1665180","13080","28490","3","72","3","0","127.31","Night Shift"
"Command & Conquer: Red Alert 2","3561","Command & Conquer: Red Alert 2","1665120","324840","927","6","504","3","0","5.13","Command & Conquer: Red Alert 2"
"Between The Stars","3562","Between The Stars","1664220","72780","1377","13","293","3","0","22.87","Between The Stars"
"Downtown Drift","3563","Downtown Drift","1664220","660","20096","2","7","3","0","2521.55","Downtown Drift"
"Who Wants To Be A Millionaire? Special Editions","3564","Who Wants To Be A Millionaire? Special Editions","1663740","3840","15304","1","14","3","0","433.27","Who Wants To Be A Millionaire? Special Editions"
"Chippy","3565","Chippy","1663320","33120","4445","5","133","3","0","50.22","Chippy"
"Rock Band 3","3566","Rock Band 3","1660440","173520","583","4","281","3","0","9.57","Rock Band 3"
"MXGP PRO","3567","MXGP PRO","1659420","107520","3882","4","546","3","0","15.43","MXGP PRO"
"D4: Dark Dreams Don't Die","3568","D4: Dark Dreams Don't Die","1658940","55740","3678","3","226","3","0","29.76","D4: Dark Dreams Don't Die"
"Speedway Liga","3569","Speedway Liga","1658640","10560","1443","2","2","3","0","157.07","Speedway Liga"
"Marvel Super Heroes","3570","Marvel Super Heroes","1657560","15540","9486","2","70","3","0","106.66","Marvel Super Heroes"
"Tunche","3571","Tunche","1657380","12060","25966","4","124","3","0","137.43","Tunche"
"Witcheye","3572","Witcheye","1657260","3060","3796","3","40","3","0","541.59","Witcheye"
"The Waiting Room","3573","The Waiting Room","1656360","5400","18018","2","34","3","0","306.73","The Waiting Room"
"Attack on Titan 2: Final Battle","3574","Attack on Titan 2: Final Battle","1655040","152640","2187","14","425","3","0","10.84","Attack on Titan 2: Final Battle"
"Clive Barker's Jericho","3575","Clive Barker's Jericho","1652220","56700","2732","2","194","3","0","29.14","Clive Barker's Jericho"
"The Raven","3576","The Raven","1651020","32580","1987","2","74","3","0","50.68","The Raven"
"Kobold: Chapter I","3577","Kobold: Chapter I","1649640","18360","7249","2","160","3","0","89.85","Kobold: Chapter I"
"Do You Copy?","3578","Do You Copy?","1648140","20460","9780","2","202","3","0","80.55","Do You Copy?"
"Act It Out XL! A Game of Charades","3579","Act It Out XL! A Game of Charades","1646700","36060","2184","2","132","3","0","45.67","Act It Out XL! A Game of Charades"
"Super Hexagon","3580","Super Hexagon","1641660","127620","9810","3","1065","3","0","12.86","Super Hexagon"
"Cypher","3581","Cypher","1639800","58860","6117","3","119","3","0","27.86","Cypher"
"Danger Zone","3582","Danger Zone","1636920","9240","10666","4","57","3","0","177.16","Danger Zone"
"Gunstar Heroes","3583","Gunstar Heroes","1634640","47640","6835","5","239","3","0","34.31","Gunstar Heroes"
"WWE SmackDown! vs. RAW","3584","WWE SmackDown! vs. RAW","1634580","13260","3399","2","45","3","0","123.27","WWE SmackDown! vs. RAW"
"Verdun","3585","Verdun","1633380","255180","3276","21","1501","3","0","6.4","Verdun"
"Jumps","3586","Jumps","1633320","6600","26912","3","42","3","0","247.47","Jumps"
"Robothorium","3587","Robothorium","1632300","54540","1567","16","244","3","0","29.93","Robothorium"
"Race 07: The Official WTCC Game","3588","Race 07: The Official WTCC Game","1631820","14580","3321","2","48","3","0","111.92","Race 07: The Official WTCC Game"
"Mindshow","3589","Mindshow","1631100","2880","4230","2","23","3","0","566.35","Mindshow"
"Mario Tennis","3590","Mario Tennis","1630860","44700","13944","3","170","3","0","36.48","Mario Tennis"
"Anna's Quest","3591","Anna's Quest","1630200","84360","1841","4","169","3","0","19.32","Anna's Quest"
"Fushigi no Dungeon: Furai no Shiren Gaiden: Jokenji Asuka Kenzan!","3592","Fushigi no Dungeon: Furai no Shiren Gaiden: Jokenji Asuka Kenzan!","1629780","48780","4879","4","27","3","0","33.41","Fushigi no Dungeon: Furai no Shiren Gaiden: Jokenji Asuka Kenzan!"
"Organ Trail","3593","Organ Trail","1629360","52740","2315","5","237","3","0","30.89","Organ Trail"
"Mana Khemia: Alchemists of Al-Revis","3594","Mana Khemia: Alchemists of Al-Revis","1628100","58740","3496","2","45","3","0","27.72","Mana Khemia: Alchemists of Al-Revis"
"Morphies Law","3595","Morphies Law","1627320","26820","10642","7","177","3","0","60.68","Morphies Law"
"The King of Fighters: Maximum Impact","3596","The King of Fighters: Maximum Impact","1625820","1680","10209","1","12","3","0","967.75","The King of Fighters: Maximum Impact"
"Yu-Gi-Oh! Pro","3597","Yu-Gi-Oh! Pro","1625160","120300","769","6","433","3","0","13.51","Yu-Gi-Oh! Pro"
"Naked Escape Room","3598","Naked Escape Room","1624980","1080","6152","2","5","3","0","1504.61","Naked Escape Room"
"Treasure Hunter","3599","Treasure Hunter","1624440","8040","8479","2","36","3","0","202.04","Treasure Hunter"
"Burnout 3: Takedown","3600","Burnout 3: Takedown","1623840","89940","9212","3","328","3","0","18.05","Burnout 3: Takedown"