"","","Game","Watch time","Stream time","Peak viewers","Peak channels","Streamers","Average viewers","Average channels","Average viewer ratio",""
"Mario Kart 8","201","Mario Kart 8","223493220","8374080","69415","76","19339","425","15","26.69","Mario Kart 8"
"Albion Online","202","Albion Online","221868960","15194880","7706","160","15368","422","28","14.6","Albion Online"
"Super Mario Odyssey","203","Super Mario Odyssey","219376680","6237000","209812","47","8165","417","11","35.17","Super Mario Odyssey"
"Brawl Stars","204","Brawl Stars","218831940","15172680","144513","101","26223","416","28","14.42","Brawl Stars"
"Princess Connect! Re: Dive","205","Princess Connect! Re: Dive","218692080","3790740","26780","70","2506","416","7","57.69","Princess Connect! Re: Dive"
"Gears of War 4","206","Gears of War 4","216757680","19107060","49535","170","27655","412","36","11.34","Gears of War 4"
"The Last of Us","207","The Last of Us","216687660","18338100","21373","299","15967","412","34","11.82","The Last of Us"
"Enter the Gungeon","208","Enter the Gungeon","216193860","11040660","28321","178","36392","411","21","19.58","Enter the Gungeon"
"Splatoon 2","209","Splatoon 2","214318560","18868800","136924","344","12656","407","35","11.36","Splatoon 2"
"Bloodstained: Ritual of the Night","210","Bloodstained: Ritual of the Night","214145640","9008040","44688","901","15549","407","17","23.77","Bloodstained: Ritual of the Night"
"Minion Masters","211","Minion Masters","211508580","10769700","14840","125","13749","402","20","19.64","Minion Masters"
"Quake Champions","212","Quake Champions","206905260","10941300","15497","68","11557","393","20","18.91","Quake Champions"
"Crash Team Racing: Nitro Fueled","213","Crash Team Racing: Nitro Fueled","206586240","6576420","68335","576","23849","393","12","31.41","Crash Team Racing: Nitro Fueled"
"Outward","214","Outward","202948800","6511920","34644","253","12031","386","12","31.17","Outward"
"Kartrider","215","Kartrider","202580040","9599400","23037","102","11958","385","18","21.1","Kartrider"
"Kerbal Space Program","216","Kerbal Space Program","200688840","7073040","29766","58","10587","381","13","28.37","Kerbal Space Program"
"Rage 2","217","Rage 2","196564020","5556660","102848","887","14760","374","10","35.37","Rage 2"
"Russian Fishing 4","218","Russian Fishing 4","194853300","12111540","3836","64","4611","370","23","16.09","Russian Fishing 4"
"War Thunder","219","War Thunder","192779340","24390840","20480","122","31301","366","46","7.9","War Thunder"
"Twitch Plays","220","Twitch Plays","192742920","9337980","29071","28","1227","366","17","20.64","Twitch Plays"
"Cooking Simulator","221","Cooking Simulator","191666220","1976700","40869","155","9508","364","3","96.96","Cooking Simulator"
"Visage","222","Visage","191295240","2563080","31421","142","11144","363","4","74.63","Visage"
"ArcheAge","223","ArcheAge","191276520","7460880","24171","253","6734","363","14","25.64","ArcheAge"
"Fate/Grand Order","224","Fate/Grand Order","190130760","8071320","18637","71","5077","361","15","23.56","Fate/Grand Order"
"Trials Rising","225","Trials Rising","187980540","3619860","34851","174","6963","357","6","51.93","Trials Rising"
"Pokémon Trading Card Game","226","Pokémon Trading Card Game","186430500","2174160","19377","59","3655","354","4","85.75","Pokémon Trading Card Game"
"Assassin's Creed Odyssey","227","Assassin's Creed Odyssey","184474920","22430520","22192","146","51784","351","42","8.22","Assassin's Creed Odyssey"
"Forza Horizon 4","228","Forza Horizon 4","183302100","22549560","27536","392","67032","348","42","8.13","Forza Horizon 4"
"Pokémon Ultra Sun/Ultra Moon","229","Pokémon Ultra Sun/Ultra Moon","182965440","5810700","132152","44","5342","348","11","31.49","Pokémon Ultra Sun/Ultra Moon"
"The Isle","230","The Isle","180137160","9234720","49466","81","7799","342","17","19.51","The Isle"
"Mount & Blade: Warband","231","Mount & Blade: Warband","175482720","4361340","14949","31","9983","333","8","40.24","Mount & Blade: Warband"
"FIFA Online 4","232","FIFA Online 4","175040760","2454540","60597","28","4199","333","4","71.31","FIFA Online 4"
"XCOM 2: War of the Chosen","233","XCOM 2: War of the Chosen","173877960","5155740","18768","31","5058","330","9","33.73","XCOM 2: War of the Chosen"
"Star Wars Battlefront II","234","Star Wars Battlefront II","173070480","14887140","40713","159","59270","329","28","11.63","Star Wars Battlefront II"
"Left 4 Dead 2","235","Left 4 Dead 2","172536960","14711040","25203","123","49922","328","27","11.73","Left 4 Dead 2"
"Friday the 13th: The Game","236","Friday the 13th: The Game","171598740","14877780","36055","424","39331","326","28","11.53","Friday the 13th: The Game"
"Green Hell","237","Green Hell","171242340","2836620","43695","130","5632","325","5","60.37","Green Hell"
"EVE Online","238","EVE Online","170827920","9260880","15950","78","6261","325","17","18.45","EVE Online"
"Conqueror's Blade","239","Conqueror's Blade","170345100","7185060","24209","115","7627","324","13","23.71","Conqueror's Blade"
"Phoenix Wright: Ace Attorney Trilogy HD","240","Phoenix Wright: Ace Attorney Trilogy HD","170112780","2449800","22710","52","3126","323","4","69.44","Phoenix Wright: Ace Attorney Trilogy HD"
"Z1 Battle Royale","241","Z1 Battle Royale","169373940","10215840","50219","580","19301","322","19","16.58","Z1 Battle Royale"
"Celeste","242","Celeste","168080280","9119460","170522","222","22717","319","17","18.43","Celeste"
"Golf It!","243","Golf It!","165557700","2207520","64877","101","11757","315","4","75","Golf It!"
"Detroit: Become Human","244","Detroit: Become Human","164625300","6942180","11277","161","39771","313","13","23.71","Detroit: Become Human"
"Tetris","245","Tetris","163439640","4504740","53346","176","11955","310","8","36.28","Tetris"
"Kenshi","246","Kenshi","163308060","4878480","19132","60","6105","310","9","33.48","Kenshi"
"Arena of Valor","247","Arena of Valor","162527880","3880020","6769","30","5052","309","7","41.89","Arena of Valor"
"Cities: Skylines","248","Cities: Skylines","162282660","10695840","18892","64","24930","308","20","15.17","Cities: Skylines"
"Far Cry: New Dawn","249","Far Cry: New Dawn","161545740","6711480","54881","558","23385","307","12","24.07","Far Cry: New Dawn"
"Blair Witch","250","Blair Witch","161368440","5294040","132970","812","24770","307","10","30.48","Blair Witch"
"Uno","251","Uno","159870060","4311180","122983","58","39051","304","8","37.08","Uno"
"Sid Meier's Civilization V","252","Sid Meier's Civilization V","159284940","5908200","30032","46","11737","303","11","26.96","Sid Meier's Civilization V"
"Borderlands","253","Borderlands","157409580","9790860","30059","834","22749","299","18","16.08","Borderlands"
"EA Sports UFC 3","254","EA Sports UFC 3","157162920","2838480","101238","40","20245","299","5","55.37","EA Sports UFC 3"
"Control","255","Control","156478260","5469540","61516","557","14481","297","10","28.61","Control"
"Factorio","256","Factorio","156171240","12548820","8354","108","14265","297","23","12.45","Factorio"
"My Time at Portia","257","My Time at Portia","153088800","6231000","27290","109","10201","291","11","24.57","My Time at Portia"
"Blade and Soul","258","Blade and Soul","152963100","16264800","11961","103","9689","291","30","9.4","Blade and Soul"
"FTL: Faster Than Light","259","FTL: Faster Than Light","151048980","2551560","22914","24","7148","287","4","59.2","FTL: Faster Than Light"
"Dragon Quest Builders 2","260","Dragon Quest Builders 2","150721260","5152140","11954","159","4796","286","9","29.25","Dragon Quest Builders 2"
"Tropico 6","261","Tropico 6","149886240","2434920","30684","160","5792","285","4","61.56","Tropico 6"
"Astroneer","262","Astroneer","149466540","9053700","30583","195","21745","284","17","16.51","Astroneer"
"Final Fantasy IX","263","Final Fantasy IX","147969960","4480140","148498","39","5553","281","8","33.03","Final Fantasy IX"
"Football Manager 2020","264","Football Manager 2020","147263160","2635260","24476","93","2422","280","5","55.88","Football Manager 2020"
"Outlast","265","Outlast","146391000","8903940","23388","244","46188","278","16","16.44","Outlast"
"Tetris 99","266","Tetris 99","146232720","3837120","54813","82","10946","278","7","38.11","Tetris 99"
"Warface","267","Warface","145712460","16741740","29405","89","38241","277","31","8.7","Warface"
"Human: Fall Flat","268","Human: Fall Flat","145032420","6749160","48713","60","42993","275","12","21.49","Human: Fall Flat"
"Pogostuck: Rage With Your Friends","269","Pogostuck: Rage With Your Friends","144767760","890520","56700","56","3766","275","1","162.57","Pogostuck: Rage With Your Friends"
"Portal 2","270","Portal 2","144030420","7392780","161079","55","33820","274","14","19.48","Portal 2"
"Fallout 4","271","Fallout 4","142892160","24435180","6331","106","42868","271","46","5.85","Fallout 4"
"Alien: Isolation","272","Alien: Isolation","142561440","7148820","29261","105","20903","271","13","19.94","Alien: Isolation"
"Microsoft Flight Simulator X","273","Microsoft Flight Simulator X","140633460","11382420","7332","99","5118","267","21","12.36","Microsoft Flight Simulator X"
"Resident Evil 7 biohazard","274","Resident Evil 7 biohazard","139924800","9239400","22062","111","30097","266","17","15.14","Resident Evil 7 biohazard"
"Just Dance 2019","275","Just Dance 2019","139924020","1908540","106978","23","3790","266","3","73.31","Just Dance 2019"
"Life Is Strange 2","276","Life Is Strange 2","139634160","4864500","40876","436","11866","265","9","28.7","Life Is Strange 2"
"Team Fortress 2","277","Team Fortress 2","139058460","17575380","50103","91","30139","264","33","7.91","Team Fortress 2"
"Fallout: New Vegas","278","Fallout: New Vegas","138765840","7861920","21867","44","16545","264","14","17.65","Fallout: New Vegas"
"Persona 5","279","Persona 5","137487960","9802560","9051","81","13042","261","18","14.03","Persona 5"
"The Jackbox Party Pack 3","280","The Jackbox Party Pack 3","137412120","8328240","26402","114","23410","261","15","16.5","The Jackbox Party Pack 3"
"NHL 19","281","NHL 19","137304900","6752940","68553","77","17425","261","12","20.33","NHL 19"
"Elite: Dangerous","282","Elite: Dangerous","134419320","15632520","4872","215","15893","255","29","8.6","Elite: Dangerous"
"Untitled Goose Game","283","Untitled Goose Game","134031540","2401560","31186","168","14088","255","4","55.81","Untitled Goose Game"
"Need for Speed Heat","284","Need for Speed Heat","133631160","7572120","43162","594","16486","254","14","17.65","Need for Speed Heat"
"Layers of Fear 2","285","Layers of Fear 2","132863100","2500080","46426","354","9648","252","4","53.14","Layers of Fear 2"
"The Long Dark","286","The Long Dark","132036060","7430100","33607","103","12238","251","14","17.77","The Long Dark"
"Dead Cells","287","Dead Cells","131932800","7758660","157015","53","23809","251","14","17","Dead Cells"
"Wrestling","288","Wrestling","131643780","2061600","48683","44","724","250","3","63.86","Wrestling"
"Brawlhalla","289","Brawlhalla","129465180","20854140","28444","135","75595","246","39","6.21","Brawlhalla"
"Getting Over It","290","Getting Over It","127539420","3074880","46753","36","17232","242","5","41.48","Getting Over It"
"Forager","291","Forager","127128540","4086660","40990","193","10906","241","7","31.11","Forager"
"The Beast Inside","292","The Beast Inside","126866100","1853880","41011","179","5284","241","3","68.43","The Beast Inside"
"Call of Duty: Modern Warfare Remastered","293","Call of Duty: Modern Warfare Remastered","126646800","17189820","40452","460","71330","240","32","7.37","Call of Duty: Modern Warfare Remastered"
"Atlas","294","Atlas","126393600","1409100","75774","728","5140","240","2","89.7","Atlas"
"Jump Force","295","Jump Force","126209580","9013680","68421","697","36236","240","17","14","Jump Force"
"The Sinking City","296","The Sinking City","125916360","2696400","45793","259","5116","239","5","46.7","The Sinking City"
"Noita","297","Noita","125293500","2334480","20447","76","5125","238","4","53.67","Noita"
"Tabletop Simulator","298","Tabletop Simulator","123417720","4115040","16958","48","13877","234","7","29.99","Tabletop Simulator"
"Call of Duty: Black Ops III","299","Call of Duty: Black Ops III","121806420","29553660","19058","172","96250","231","56","4.12","Call of Duty: Black Ops III"
"GreedFall","300","GreedFall","119780220","3935040","64452","564","7607","227","7","30.44","GreedFall"