"","","Game","Watch time","Stream time","Peak viewers","Peak channels","Streamers","Average viewers","Average channels","Average viewer ratio",""
"FIFA Soccer 2002","11101","FIFA Soccer 2002","69180","2400","393","1","22","0","0","28.83","FIFA Soccer 2002"
"Shop Titans","11102","Shop Titans","69120","17640","82","8","47","0","0","3.92","Shop Titans"
"Attractio","11103","Attractio","69120","840","1125","1","6","0","0","82.29","Attractio"
"Nancy Drew: The Creature of Kapu Cave","11104","Nancy Drew: The Creature of Kapu Cave","69120","12120","60","2","38","0","0","5.7","Nancy Drew: The Creature of Kapu Cave"
"Gamers Choice","11105","Gamers Choice","69060","11160","142","4","43","0","0","6.19","Gamers Choice"
"Scooby-Doo! Unmasked","11106","Scooby-Doo! Unmasked","69060","16260","370","2","40","0","0","4.25","Scooby-Doo! Unmasked"
"Trainz Simulator","11107","Trainz Simulator","69000","12360","38","3","30","0","0","5.58","Trainz Simulator"
"Zombie Revenge","11108","Zombie Revenge","68940","6060","181","1","35","0","0","11.38","Zombie Revenge"
"Sonic Dash","11109","Sonic Dash","68940","5640","130","1","45","0","0","12.22","Sonic Dash"
"Elliot Quest","11110","Elliot Quest","68940","13560","25","1","14","0","0","5.08","Elliot Quest"
"Bad Boys: Miami Takedown","11111","Bad Boys: Miami Takedown","68880","4980","245","1","19","0","0","13.83","Bad Boys: Miami Takedown"
"Frozen Free Fall","11112","Frozen Free Fall","68880","52680","122","2","155","0","0","1.31","Frozen Free Fall"
"Paladin's Quest","11113","Paladin's Quest","68880","8700","455","2","29","0","0","7.92","Paladin's Quest"
"Tiger Road","11114","Tiger Road","68880","1560","229","4","6","0","0","44.15","Tiger Road"
"Tunnel Rats","11115","Tunnel Rats","68820","1080","129","1","2","0","0","63.72","Tunnel Rats"
"Space Colony","11116","Space Colony","68760","6420","203","1","35","0","0","10.71","Space Colony"
"GunboundM","11117","GunboundM","68760","23340","77","2","66","0","0","2.95","GunboundM"
"Commandos: Beyond the Call of Duty","11118","Commandos: Beyond the Call of Duty","68700","10140","206","1","28","0","0","6.78","Commandos: Beyond the Call of Duty"
"Pocket Dogs","11119","Pocket Dogs","68700","360","568","1","4","0","0","190.83","Pocket Dogs"
"Noct","11120","Noct","68700","13620","21","1","4","0","0","5.04","Noct"
"Just Dance 2","11121","Just Dance 2","68640","5460","309","2","34","0","0","12.57","Just Dance 2"
"IL-2 Sturmovik: 1946","11122","IL-2 Sturmovik: 1946","68640","29640","23","2","68","0","0","2.32","IL-2 Sturmovik: 1946"
"Starborne: Sovereign Space","11123","Starborne: Sovereign Space","68640","38340","20","3","108","0","0","1.79","Starborne: Sovereign Space"
"The Ottifants","11124","The Ottifants","68640","1800","710","2","4","0","0","38.13","The Ottifants"
"Give It Up!","11125","Give It Up!","68580","3240","154","2","22","0","0","21.17","Give It Up!"
"Zarvot","11126","Zarvot","68580","960","307","1","6","0","0","71.44","Zarvot"
"SoniComi","11127","SoniComi","68580","8940","238","2","28","0","0","7.67","SoniComi"
"Rise of Ages","11128","Rise of Ages","68520","4800","132","2","36","0","0","14.28","Rise of Ages"
"The Secret Island of Dr. Quandary","11129","The Secret Island of Dr. Quandary","68520","900","1964","2","6","0","0","76.13","The Secret Island of Dr. Quandary"
"You Don't Know Jack: Volume 3","11130","You Don't Know Jack: Volume 3","68520","5760","27","1","23","0","0","11.9","You Don't Know Jack: Volume 3"
"Putt-Putt and Fatty Bear's Activity Pack","11131","Putt-Putt and Fatty Bear's Activity Pack","68520","1500","346","1","13","0","0","45.68","Putt-Putt and Fatty Bear's Activity Pack"
"Sonic Mega Collection","11132","Sonic Mega Collection","68520","16080","74","2","82","0","0","4.26","Sonic Mega Collection"
"Burnout 2: Point of Impact","11133","Burnout 2: Point of Impact","68460","20160","56","2","55","0","0","3.4","Burnout 2: Point of Impact"
"Meme Machine","11134","Meme Machine","68460","30900","206","2","64","0","0","2.22","Meme Machine"
"Icons: Combat Arena","11135","Icons: Combat Arena","68460","16200","76","7","59","0","0","4.23","Icons: Combat Arena"
"Walk On Arrow","11136","Walk On Arrow","68400","5400","246","3","25","0","0","12.67","Walk On Arrow"
"Bubble Symphony","11137","Bubble Symphony","68400","780","254","1","3","0","0","87.69","Bubble Symphony"
"Streets of Fury","11138","Streets of Fury","68340","6060","424","1","33","0","0","11.28","Streets of Fury"
"The Sims 3: Supernatural","11139","The Sims 3: Supernatural","68340","14460","141","2","41","0","0","4.73","The Sims 3: Supernatural"
"Stealth Bastard Deluxe","11140","Stealth Bastard Deluxe","68340","15660","127","2","82","0","0","4.36","Stealth Bastard Deluxe"
"Pocket Tanks","11141","Pocket Tanks","68340","2100","304","1","21","0","0","32.54","Pocket Tanks"
"Formicide","11142","Formicide","68340","1560","788","1","11","0","0","43.81","Formicide"
"Realpolitiks","11143","Realpolitiks","68340","6780","177","1","35","0","0","10.08","Realpolitiks"
"Spuds Unearthed","11144","Spuds Unearthed","68280","600","526","1","2","0","0","113.8","Spuds Unearthed"
"Big Casino","11145","Big Casino","68280","2280","164","1","8","0","0","29.95","Big Casino"
"Virtua Cop","11146","Virtua Cop","68280","1500","910","1","10","0","0","45.52","Virtua Cop"
"Stella Glow","11147","Stella Glow","68280","11880","41","2","27","0","0","5.75","Stella Glow"
"Wonder Boy in Monster Land","11148","Wonder Boy in Monster Land","68280","8160","218","2","30","0","0","8.37","Wonder Boy in Monster Land"
"Super Star Wars: Return of the Jedi","11149","Super Star Wars: Return of the Jedi","68280","8280","136","4","32","0","0","8.25","Super Star Wars: Return of the Jedi"
"No Escape","11150","No Escape","68220","2880","128","1","6","0","0","23.69","No Escape"
"Viking Squad","11151","Viking Squad","68160","11100","76","2","48","0","0","6.14","Viking Squad"
"BEEP","11152","BEEP","68160","5280","230","1","39","0","0","12.91","BEEP"
"Pop'n Music Sengoku Retsuden","11153","Pop'n Music Sengoku Retsuden","68160","720","721","1","3","0","0","94.67","Pop'n Music Sengoku Retsuden"
"Vitrum","11154","Vitrum","68100","180","489","1","1","0","0","378.33","Vitrum"
"S.T.A.L.K.E.R. 2","11155","S.T.A.L.K.E.R. 2","68100","25680","218","2","66","0","0","2.65","S.T.A.L.K.E.R. 2"
"Orphen: Scion of Sorcery","11156","Orphen: Scion of Sorcery","68100","6480","127","1","18","0","0","10.51","Orphen: Scion of Sorcery"
"Ninja Legends","11157","Ninja Legends","68040","5040","528","1","32","0","0","13.5","Ninja Legends"
"Stela","11158","Stela","68040","3540","350","2","27","0","0","19.22","Stela"
"Exertus","11159","Exertus","68040","4500","662","2","23","0","0","15.12","Exertus"
"Fairy Fencer F","11160","Fairy Fencer F","68040","31800","34","2","89","0","0","2.14","Fairy Fencer F"
"PaperMan","11161","PaperMan","68040","600","1098","1","8","0","0","113.4","PaperMan"
"Boktai: The Sun is in Your Hand","11162","Boktai: The Sun is in Your Hand","67980","15000","35","2","25","0","0","4.53","Boktai: The Sun is in Your Hand"
"Legend","11163","Legend","67980","5520","423","1","20","0","0","12.32","Legend"
"Downtown Nekketsu Monogatari SP","11164","Downtown Nekketsu Monogatari SP","67980","660","412","1","3","0","0","103","Downtown Nekketsu Monogatari SP"
"Glittermitten Grove","11165","Glittermitten Grove","67980","6420","96","1","20","0","0","10.59","Glittermitten Grove"
"Earth Atlantis","11166","Earth Atlantis","67980","5280","435","2","49","0","0","12.88","Earth Atlantis"
"Supercow","11167","Supercow","67920","3480","448","1","22","0","0","19.52","Supercow"
"Take 'Em Out","11168","Take 'Em Out","67920","660","271","1","4","0","0","102.91","Take 'Em Out"
"Song of Memories","11169","Song of Memories","67920","18960","96","3","55","0","0","3.58","Song of Memories"
"UFO: Aftershock","11170","UFO: Aftershock","67860","17160","13","1","8","0","0","3.95","UFO: Aftershock"
"Endless Sky","11171","Endless Sky","67860","45000","32","3","67","0","0","1.51","Endless Sky"
"Charlie Murder","11172","Charlie Murder","67740","20880","90","2","80","0","0","3.24","Charlie Murder"
"Lunar: The Silver Star","11173","Lunar: The Silver Star","67620","24240","24","2","39","0","0","2.79","Lunar: The Silver Star"
"F.E.A.R. 2: Reborn","11174","F.E.A.R. 2: Reborn","67620","11700","69","2","66","0","0","5.78","F.E.A.R. 2: Reborn"
"Mobile Suit Gundam: Federation vs. Zeon","11175","Mobile Suit Gundam: Federation vs. Zeon","67620","7800","111","2","23","0","0","8.67","Mobile Suit Gundam: Federation vs. Zeon"
"Stinky Snake","11176","Stinky Snake","67620","4560","108","1","7","0","0","14.83","Stinky Snake"
"Sid Meier's Railroad Tycoon Deluxe","11177","Sid Meier's Railroad Tycoon Deluxe","67560","1140","144","1","4","0","0","59.26","Sid Meier's Railroad Tycoon Deluxe"
"Umihara Kawase Shun","11178","Umihara Kawase Shun","67560","5280","113","1","14","0","0","12.8","Umihara Kawase Shun"
"ER","11179","ER","67560","7980","135","2","2","0","0","8.47","ER"
"Advanced V.G. 2","11180","Advanced V.G. 2","67560","1800","404","1","10","0","0","37.53","Advanced V.G. 2"
"Disney Tsum Tsum Festival","11181","Disney Tsum Tsum Festival","67500","3000","162","2","21","0","0","22.5","Disney Tsum Tsum Festival"
"Grotesque Tactics: Evil Heroes","11182","Grotesque Tactics: Evil Heroes","67500","1740","285","1","7","0","0","38.79","Grotesque Tactics: Evil Heroes"
"Homey D. Clown","11183","Homey D. Clown","67500","900","2098","3","4","0","0","75","Homey D. Clown"
"I Wanna Be The Guy: Gaiden","11184","I Wanna Be The Guy: Gaiden","67440","3840","178","2","24","0","0","17.56","I Wanna Be The Guy: Gaiden"
"Shark Dating Simulator XL","11185","Shark Dating Simulator XL","67380","7620","151","1","58","0","0","8.84","Shark Dating Simulator XL"
"Toddler Simulator","11186","Toddler Simulator","67380","300","588","1","3","0","0","224.6","Toddler Simulator"
"Exist Archive: The Other Side of the Sky","11187","Exist Archive: The Other Side of the Sky","67380","19920","50","2","36","0","0","3.38","Exist Archive: The Other Side of the Sky"
"Warhammer Underworlds: Online","11188","Warhammer Underworlds: Online","67320","3960","224","2","12","0","0","17","Warhammer Underworlds: Online"
"R-Type Tactics II: Operation Bitter Chocolate","11189","R-Type Tactics II: Operation Bitter Chocolate","67320","8700","89","1","5","0","0","7.74","R-Type Tactics II: Operation Bitter Chocolate"
"Laura Bow: Colonel's Bequest","11190","Laura Bow: Colonel's Bequest","67320","7440","248","1","15","0","0","9.05","Laura Bow: Colonel's Bequest"
"Imagine Earth","11191","Imagine Earth","67260","7020","236","1","27","0","0","9.58","Imagine Earth"
"Donkey Kong Jr.","11192","Donkey Kong Jr.","67260","15060","175","2","48","0","0","4.47","Donkey Kong Jr."
"Abadox: The Deadly Inner War","11193","Abadox: The Deadly Inner War","67260","1080","446","2","8","0","0","62.28","Abadox: The Deadly Inner War"
"Delicious: Emily's True Love","11194","Delicious: Emily's True Love","67260","3720","164","2","7","0","0","18.08","Delicious: Emily's True Love"
"TO4: Tactical Operations","11195","TO4: Tactical Operations","67200","17640","73","10","39","0","0","3.81","TO4: Tactical Operations"
"House of Caravan","11196","House of Caravan","67200","5220","539","1","25","0","0","12.87","House of Caravan"
"Far Cry: Vengeance","11197","Far Cry: Vengeance","67200","1500","395","1","6","0","0","44.8","Far Cry: Vengeance"
"Top Gear Overdrive","11198","Top Gear Overdrive","67200","5520","51","1","5","0","0","12.17","Top Gear Overdrive"
"Wonder Project J2: Koruro no Mori no Josette","11199","Wonder Project J2: Koruro no Mori no Josette","67200","5520","84","1","6","0","0","12.17","Wonder Project J2: Koruro no Mori no Josette"
"Nancy Drew: Stay Tuned for Danger","11200","Nancy Drew: Stay Tuned for Danger","67140","12780","38","2","32","0","0","5.25","Nancy Drew: Stay Tuned for Danger"