"","","Game","Watch time","Stream time","Peak viewers","Peak channels","Streamers","Average viewers","Average channels","Average viewer ratio",""
"Crying is not Enough","1801","Crying is not Enough","6413520","27660","5544","3","133","12","0","231.87","Crying is not Enough"
"8 Ball Pool","1802","8 Ball Pool","6395400","256980","39856","5","1238","12","0","24.89","8 Ball Pool"
"The Vanishing of Ethan Carter","1803","The Vanishing of Ethan Carter","6388680","233580","13087","7","1073","12","0","27.35","The Vanishing of Ethan Carter"
"Druidstone: The Secret of Menhir Forest","1804","Druidstone: The Secret of Menhir Forest","6360540","89580","10959","10","235","12","0","71","Druidstone: The Secret of Menhir Forest"
"Heroes of Might and Magic III: The Restoration of Erathia","1805","Heroes of Might and Magic III: The Restoration of Erathia","6351360","165720","7564","5","463","12","0","38.33","Heroes of Might and Magic III: The Restoration of Erathia"
"Friday the 13th","1806","Friday the 13th","6338340","123360","18582","14","728","12","0","51.38","Friday the 13th"
"Shadow Hearts: Covenant","1807","Shadow Hearts: Covenant","6320220","111000","11492","5","79","12","0","56.94","Shadow Hearts: Covenant"
"Talisman Digital Edition","1808","Talisman Digital Edition","6311520","207480","3619","7","645","12","0","30.42","Talisman Digital Edition"
"CometStriker","1809","CometStriker","6298920","3600","95376","8","21","11","0","1749.7","CometStriker"
"La-Mulana 2","1810","La-Mulana 2","6283260","320040","5980","7","212","11","0","19.63","La-Mulana 2"
"Weed","1811","Weed","6275220","770460","9723","18","273","11","1","8.14","Weed"
"The Bunker","1812","The Bunker","6269280","64800","15205","3","360","11","0","96.75","The Bunker"
"Fuck You","1813","Fuck You","6257580","20460","28450","17","92","11","0","305.84","Fuck You"
"Bloons TD 5","1814","Bloons TD 5","6253800","268680","7669","6","1707","11","0","23.28","Bloons TD 5"
"Stay Close","1815","Stay Close","6249060","171840","8275","9","1133","11","0","36.37","Stay Close"
"Book of Demons","1816","Book of Demons","6242160","384600","4263","19","1409","11","0","16.23","Book of Demons"
"Bug Fables","1817","Bug Fables","6237480","162360","2321","17","302","11","0","38.42","Bug Fables"
"Mount Your Friends","1818","Mount Your Friends","6236700","131340","38782","8","999","11","0","47.49","Mount Your Friends"
"Sega Genesis Classics","1819","Sega Genesis Classics","6235620","284880","8192","6","1312","11","0","21.89","Sega Genesis Classics"
"Red Dead Redemption","1820","Red Dead Redemption","6216900","658320","1207","10","1642","11","1","9.44","Red Dead Redemption"
"Sonic the Hedgehog 2","1821","Sonic the Hedgehog 2","6209820","299100","6284","6","1168","11","0","20.76","Sonic the Hedgehog 2"
"Hero Siege","1822","Hero Siege","6200520","973800","7307","25","2299","11","1","6.37","Hero Siege"
"Gears of War: Ultimate Edition","1823","Gears of War: Ultimate Edition","6198900","924300","3539","18","3950","11","1","6.71","Gears of War: Ultimate Edition"
"Jak II","1824","Jak II","6194400","479160","4884","7","1299","11","0","12.93","Jak II"
"FAR: Lone Sails","1825","FAR: Lone Sails","6192540","201960","13174","12","1036","11","0","30.66","FAR: Lone Sails"
"Lightning Returns: Final Fantasy XIII","1826","Lightning Returns: Final Fantasy XIII","6184440","497340","1730","9","507","11","0","12.44","Lightning Returns: Final Fantasy XIII"
"Killsquad","1827","Killsquad","6170820","399600","19296","41","1355","11","0","15.44","Killsquad"
"Gothic II","1828","Gothic II","6169680","248220","2351","6","293","11","0","24.86","Gothic II"
"Alliance of Valiant Arms","1829","Alliance of Valiant Arms","6168360","1036020","6241","23","1175","11","1","5.95","Alliance of Valiant Arms"
"XCOM: Enemy Unknown","1830","XCOM: Enemy Unknown","6167700","482520","2618","7","1287","11","0","12.78","XCOM: Enemy Unknown"
"1, 2, Switch","1831","1, 2, Switch","6159060","9300","15355","1","66","11","0","662.26","1, 2, Switch"
"Animal Crossing","1832","Animal Crossing","6153540","574680","11607","10","1369","11","1","10.71","Animal Crossing"
"Warfork","1833","Warfork","6141780","94380","9496","8","466","11","0","65.08","Warfork"
"Agar.io","1834","Agar.io","6133800","749640","5679","13","4757","11","1","8.18","Agar.io"
"Spyro 2: Ripto's Rage","1835","Spyro 2: Ripto's Rage","6133680","343440","3530","10","413","11","0","17.86","Spyro 2: Ripto's Rage"
"Evil Genius","1836","Evil Genius","6123540","103380","5230","5","281","11","0","59.23","Evil Genius"
"Maniac Mansion: Day of the Tentacle","1837","Maniac Mansion: Day of the Tentacle","6122040","123300","17474","7","500","11","0","49.65","Maniac Mansion: Day of the Tentacle"
"Dead Rising 3","1838","Dead Rising 3","6120480","374460","4734","8","1286","11","0","16.34","Dead Rising 3"
"Xenoblade Chronicles","1839","Xenoblade Chronicles","6115020","608220","3874","8","633","11","1","10.05","Xenoblade Chronicles"
"Terranigma","1840","Terranigma","6110220","419820","1767","13","340","11","0","14.55","Terranigma"
"Mega Man Legacy Collection","1841","Mega Man Legacy Collection","6104700","562200","2492","9","2007","11","1","10.86","Mega Man Legacy Collection"
"Bayonetta 2","1842","Bayonetta 2","6102660","314340","16155","9","804","11","0","19.41","Bayonetta 2"
"Heaven's Vault","1843","Heaven's Vault","6097560","73920","6381","5","149","11","0","82.49","Heaven's Vault"
"Jackal","1844","Jackal","6092880","7440","101704","8","46","11","0","818.94","Jackal"
"Skullgirls","1845","Skullgirls","6085800","589320","6344","11","2273","11","1","10.33","Skullgirls"
"Brown Dust","1846","Brown Dust","6080160","452820","783","11","400","11","0","13.43","Brown Dust"
"La-Mulana","1847","La-Mulana","6079800","454680","3450","10","355","11","0","13.37","La-Mulana"
"Need for Speed","1848","Need for Speed","6072240","1784520","2052","17","9675","11","3","3.4","Need for Speed"
"Pro Evolution Soccer","1849","Pro Evolution Soccer","6060300","264600","70164","9","1165","11","0","22.9","Pro Evolution Soccer"
"Trüberbrook","1850","Trüberbrook","6056280","153420","6378","26","515","11","0","39.48","Trüberbrook"
"Adam: Lost Memories","1851","Adam: Lost Memories","6049380","22380","14235","3","113","11","0","270.3","Adam: Lost Memories"
"White Island","1852","White Island","6045780","1380","7071","3","5","11","0","4381","White Island"
"Shin Sakura Taisen (tentative title)","1853","Shin Sakura Taisen (tentative title)","6045360","125640","3204","40","167","11","0","48.12","Shin Sakura Taisen (tentative title)"
"Snooker","1854","Snooker","6041700","145440","2326","6","58","11","0","41.54","Snooker"
"Bossgard","1855","Bossgard","6039060","41400","23585","8","210","11","0","145.87","Bossgard"
"Lords Mobile","1856","Lords Mobile","6038280","361620","7973","8","435","11","0","16.7","Lords Mobile"
"America's Army: Proving Grounds","1857","America's Army: Proving Grounds","6015120","2091540","569","25","4810","11","3","2.88","America's Army: Proving Grounds"
"Left Alive","1858","Left Alive","6014760","217800","18396","52","745","11","0","27.62","Left Alive"
"Sword of Sodan","1859","Sword of Sodan","6014700","1080","93866","8","13","11","0","5569.17","Sword of Sodan"
"Company of Heroes: Tales of Valor","1860","Company of Heroes: Tales of Valor","6006540","458220","233","6","285","11","0","13.11","Company of Heroes: Tales of Valor"
"Endless Legend","1861","Endless Legend","5974440","315600","6466","10","896","11","0","18.93","Endless Legend"
"Gears of War 3","1862","Gears of War 3","5955420","680760","2807","18","2083","11","1","8.75","Gears of War 3"
"God of War Collection","1863","God of War Collection","5954880","265080","1529","5","466","11","0","22.46","God of War Collection"
"Pokémon Sun/Moon","1864","Pokémon Sun/Moon","5950260","616620","1014","11","1976","11","1","9.65","Pokémon Sun/Moon"
"The Council","1865","The Council","5936760","581580","2746","13","1321","11","1","10.21","The Council"
"Crisis Core: Final Fantasy VII","1866","Crisis Core: Final Fantasy VII","5935620","286440","4141","5","491","11","0","20.72","Crisis Core: Final Fantasy VII"
"Jak and Daxter: The Precursor Legacy","1867","Jak and Daxter: The Precursor Legacy","5932680","502020","4149","7","2034","11","0","11.82","Jak and Daxter: The Precursor Legacy"
"Rune Factory 4","1868","Rune Factory 4","5915940","121980","4918","8","140","11","0","48.5","Rune Factory 4"
"CASE 2: Animatronics Survival","1869","CASE 2: Animatronics Survival","5915460","38880","20004","4","282","11","0","152.15","CASE 2: Animatronics Survival"
"The Suffering","1870","The Suffering","5913300","72840","4957","3","234","11","0","81.18","The Suffering"
"BATMAN - The Telltale Series","1871","BATMAN - The Telltale Series","5902440","384480","4614","6","1341","11","0","15.35","BATMAN - The Telltale Series"
"The Movies","1872","The Movies","5898180","517200","5443","6","649","11","0","11.4","The Movies"
"Tom Clancy's Rainbow 6: Patriots","1873","Tom Clancy's Rainbow 6: Patriots","5892000","3348300","5509","32","24877","11","6","1.76","Tom Clancy's Rainbow 6: Patriots"
"Mario Party 5","1874","Mario Party 5","5878920","139260","7689","6","621","11","0","42.22","Mario Party 5"
"Tribes of Midgard","1875","Tribes of Midgard","5873640","176580","12539","36","729","11","0","33.26","Tribes of Midgard"
"Donkey Kong Country Returns","1876","Donkey Kong Country Returns","5866200","125520","3966","4","263","11","0","46.74","Donkey Kong Country Returns"
"Swords and Sandals II","1877","Swords and Sandals II","5863500","46140","9723","3","288","11","0","127.08","Swords and Sandals II"
"Batalj","1878","Batalj","5859960","9780","11946","4","60","11","0","599.18","Batalj"
"Indigo Prophecy","1879","Indigo Prophecy","5827740","134160","4517","4","436","11","0","43.44","Indigo Prophecy"
"Sumoman","1880","Sumoman","5815500","41880","8690","5","115","11","0","138.86","Sumoman"
"Crossroads Inn","1881","Crossroads Inn","5814540","122700","22424","17","297","11","0","47.39","Crossroads Inn"
"The Conjuring House","1882","The Conjuring House","5813460","234120","17772","8","688","11","0","24.83","The Conjuring House"
"Granny","1883","Granny","5806380","153660","3873","5","956","11","0","37.79","Granny"
"Monster Sanctuary","1884","Monster Sanctuary","5801280","181320","3413","16","596","11","0","31.99","Monster Sanctuary"
"Farming Simulator 17","1885","Farming Simulator 17","5798340","1910880","1109","19","6011","11","3","3.03","Farming Simulator 17"
"Virtual Hydlide","1886","Virtual Hydlide","5797260","5220","86529","9","24","11","0","1110.59","Virtual Hydlide"
"A.V.A: Dog Tag","1887","A.V.A: Dog Tag","5785380","346380","4892","52","1243","11","0","16.7","A.V.A: Dog Tag"
"The Sims 2","1888","The Sims 2","5784840","382740","1260","8","880","11","0","15.11","The Sims 2"
"Bridge Constructor Portal","1889","Bridge Constructor Portal","5778840","200160","9252","6","1080","10","0","28.87","Bridge Constructor Portal"
"Robotrek","1890","Robotrek","5771100","22740","22011","4","34","10","0","253.79","Robotrek"
"Mega Turrican","1891","Mega Turrican","5761980","1860","99470","11","20","10","0","3097.84","Mega Turrican"
"Bridge Builder Racer","1892","Bridge Builder Racer","5749380","2460","26189","3","13","10","0","2337.15","Bridge Builder Racer"
"Remnants of Naezith","1893","Remnants of Naezith","5748420","45180","127747","8","95","10","0","127.23","Remnants of Naezith"
"Sly 2: Band of Thieves","1894","Sly 2: Band of Thieves","5742600","346800","738","6","518","10","0","16.56","Sly 2: Band of Thieves"
"Tony Hawk's Underground 2","1895","Tony Hawk's Underground 2","5741760","196920","110157","12","813","10","0","29.16","Tony Hawk's Underground 2"
"Zero Escape: The Nonary Games","1896","Zero Escape: The Nonary Games","5740680","650820","1596","10","811","10","1","8.82","Zero Escape: The Nonary Games"
"Dragon Quest VIII: Journey of the Cursed King","1897","Dragon Quest VIII: Journey of the Cursed King","5737620","378900","1092","6","413","10","0","15.14","Dragon Quest VIII: Journey of the Cursed King"
"Half-Minute Hero","1898","Half-Minute Hero","5734620","7200","131496","10","40","10","0","796.48","Half-Minute Hero"
"Catch Mind","1899","Catch Mind","5733000","134280","14099","14","847","10","0","42.69","Catch Mind"
"Avoid the Noid","1900","Avoid the Noid","5732160","780","118414","6","10","10","0","7348.92","Avoid the Noid"