"","","Game","Watch time","Stream time","Peak viewers","Peak channels","Streamers","Average viewers","Average channels","Average viewer ratio",""
"The Lord of the Rings: The Fellowship of the Ring","8601","The Lord of the Rings: The Fellowship of the Ring","163680","10020","1522","1","40","0","0","16.34","The Lord of the Rings: The Fellowship of the Ring"
"Tiny Toon Adventures: Toonenstein Dare to Scare","8602","Tiny Toon Adventures: Toonenstein Dare to Scare","163560","480","1363","1","4","0","0","340.75","Tiny Toon Adventures: Toonenstein Dare to Scare"
"Super Robot Wars Alpha 3","8603","Super Robot Wars Alpha 3","163500","35940","33","2","19","0","0","4.55","Super Robot Wars Alpha 3"
"Holy Potatoes! We're in Space?!","8604","Holy Potatoes! We're in Space?!","163440","17640","323","2","78","0","0","9.27","Holy Potatoes! We're in Space?!"
"Quaver","8605","Quaver","163320","57600","160","7","160","0","0","2.84","Quaver"
"Touhou 07 - Perfect Cherry Blossom","8606","Touhou 07 - Perfect Cherry Blossom","163260","46260","360","3","272","0","0","3.53","Touhou 07 - Perfect Cherry Blossom"
"Super Street Fighter II","8607","Super Street Fighter II","163200","12300","1026","2","81","0","0","13.27","Super Street Fighter II"
"Ju-On: The Grudge","8608","Ju-On: The Grudge","163140","5280","412","2","35","0","0","30.9","Ju-On: The Grudge"
"Bravely Second: End Layer","8609","Bravely Second: End Layer","163140","33960","44","2","26","0","0","4.8","Bravely Second: End Layer"
"Fashion Icon","8610","Fashion Icon","163140","6840","1476","1","12","0","0","23.85","Fashion Icon"
"Target Toss Pro: Bags","8611","Target Toss Pro: Bags","163140","240","2099","1","2","0","0","679.75","Target Toss Pro: Bags"
"King's Quest IV: The Perils of Rosella","8612","King's Quest IV: The Perils of Rosella","163080","11040","124","2","26","0","0","14.77","King's Quest IV: The Perils of Rosella"
"Endless World","8613","Endless World","162960","19680","377","3","76","0","0","8.28","Endless World"
"Sine Mora","8614","Sine Mora","162900","13860","2038","2","69","0","0","11.75","Sine Mora"
"Show do Milhão Volume 2","8615","Show do Milhão Volume 2","162840","2640","926","1","12","0","0","61.68","Show do Milhão Volume 2"
"My smartphone makes any women of my choice into my own prostitutes!","8616","My smartphone makes any women of my choice into my own prostitutes!","162780","1320","1281","1","4","0","0","123.32","My smartphone makes any women of my choice into my own prostitutes!"
"Draw Something","8617","Draw Something","162720","73680","21","4","226","0","0","2.21","Draw Something"
"Conan","8618","Conan","162540","17340","2553","2","52","0","0","9.37","Conan"
"Champions of Regnum","8619","Champions of Regnum","162480","75600","45","3","86","0","0","2.15","Champions of Regnum"
"Trader 2","8620","Trader 2","162480","15600","191","2","8","0","0","10.42","Trader 2"
"Heroine Anthem Zero","8621","Heroine Anthem Zero","162360","22620","617","3","66","0","0","7.18","Heroine Anthem Zero"
"Melody's Escape","8622","Melody's Escape","162240","36780","255","2","206","0","0","4.41","Melody's Escape"
"Sega Ages","8623","Sega Ages","162240","1440","1561","1","10","0","0","112.67","Sega Ages"
"Crash Bandicoot 2: N-Tranced","8624","Crash Bandicoot 2: N-Tranced","162180","7200","1131","2","34","0","0","22.53","Crash Bandicoot 2: N-Tranced"
"Crayon Shin-Chan 2: Dai Maou no Gyakushu","8625","Crayon Shin-Chan 2: Dai Maou no Gyakushu","162120","240","2688","1","3","0","0","675.5","Crayon Shin-Chan 2: Dai Maou no Gyakushu"
"Dungeon Hearts","8626","Dungeon Hearts","162120","3840","873","2","16","0","0","42.22","Dungeon Hearts"
"Gold Rush","8627","Gold Rush","162060","11520","1217","2","29","0","0","14.07","Gold Rush"
"Darkest Hour: A Hearts of Iron Game","8628","Darkest Hour: A Hearts of Iron Game","162060","45180","76","3","40","0","0","3.59","Darkest Hour: A Hearts of Iron Game"
"Back to the Future","8629","Back to the Future","162060","8520","691","4","45","0","0","19.02","Back to the Future"
"SUPERFIGHT","8630","SUPERFIGHT","161820","12060","683","6","81","0","0","13.42","SUPERFIGHT"
"The Walking Zombie: Dead City","8631","The Walking Zombie: Dead City","161820","13980","248","4","107","0","0","11.58","The Walking Zombie: Dead City"
"Karaoke Revolution Party","8632","Karaoke Revolution Party","161700","480","1718","1","4","0","0","336.88","Karaoke Revolution Party"
"Forza Motorsport 2","8633","Forza Motorsport 2","161460","19680","537","2","32","0","0","8.2","Forza Motorsport 2"
"Unknown Fate","8634","Unknown Fate","161460","9720","537","2","59","0","0","16.61","Unknown Fate"
"Christmas Stories: The Gift of the Magi","8635","Christmas Stories: The Gift of the Magi","161460","3840","356","2","16","0","0","42.05","Christmas Stories: The Gift of the Magi"
"Oh...Sir! The Hollywood Roast","8636","Oh...Sir! The Hollywood Roast","161400","9720","1216","2","69","0","0","16.6","Oh...Sir! The Hollywood Roast"
"Crash Bandicoot: The Huge Adventure","8637","Crash Bandicoot: The Huge Adventure","161400","16680","1628","2","65","0","0","9.68","Crash Bandicoot: The Huge Adventure"
"Bonbon","8638","Bonbon","161340","2820","727","1","30","0","0","57.21","Bonbon"
"Taikou Risshiden IV","8639","Taikou Risshiden IV","161100","4320","80","1","2","0","0","37.29","Taikou Risshiden IV"
"flOw","8640","flOw","160980","8940","505","2","50","0","0","18.01","flOw"
"Championship Manager: Season 01/02","8641","Championship Manager: Season 01/02","160980","17400","226","2","45","0","0","9.25","Championship Manager: Season 01/02"
"Supermarket Shriek","8642","Supermarket Shriek","160980","33720","149","5","346","0","0","4.77","Supermarket Shriek"
"Gungnir","8643","Gungnir","160860","12780","1290","2","4","0","0","12.59","Gungnir"
"Tiger Woods PGA Tour 12: The Masters","8644","Tiger Woods PGA Tour 12: The Masters","160860","3240","192","1","9","0","0","49.65","Tiger Woods PGA Tour 12: The Masters"
"A Good Snowman Is Hard To Build","8645","A Good Snowman Is Hard To Build","160800","29160","208","2","175","0","0","5.51","A Good Snowman Is Hard To Build"
"Ryu ga Gotoku Ishin!","8646","Ryu ga Gotoku Ishin!","160800","29460","43","2","31","0","0","5.46","Ryu ga Gotoku Ishin!"
"Nancy Drew: Alibi in Ashes","8647","Nancy Drew: Alibi in Ashes","160680","19140","101","2","56","0","0","8.39","Nancy Drew: Alibi in Ashes"
"Joe & Mac 2: Lost in the Tropics","8648","Joe & Mac 2: Lost in the Tropics","160620","7380","405","3","79","0","0","21.76","Joe & Mac 2: Lost in the Tropics"
"Nightmares from the Deep 3: Davy Jones","8649","Nightmares from the Deep 3: Davy Jones","160560","11700","1134","2","32","0","0","13.72","Nightmares from the Deep 3: Davy Jones"
"Archangel","8650","Archangel","160500","8460","1321","2","55","0","0","18.97","Archangel"
"Uncharted Waters 2: New Horizons","8651","Uncharted Waters 2: New Horizons","160500","20280","492","2","31","0","0","7.91","Uncharted Waters 2: New Horizons"
"Atelier Rorona DX","8652","Atelier Rorona DX","160320","57000","1072","3","77","0","0","2.81","Atelier Rorona DX"
"Nordlicht","8653","Nordlicht","160260","6300","485","3","45","0","0","25.44","Nordlicht"
"Legend of Mir 2","8654","Legend of Mir 2","160200","64740","15","4","24","0","0","2.47","Legend of Mir 2"
"cyubeVR","8655","cyubeVR","160200","17940","305","2","27","0","0","8.93","cyubeVR"
"Blitz Breaker","8656","Blitz Breaker","160080","600","2644","1","5","0","0","266.8","Blitz Breaker"
"Sam & Max Episode 2: Situation: Comedy","8657","Sam & Max Episode 2: Situation: Comedy","160020","8760","2237","1","50","0","0","18.27","Sam & Max Episode 2: Situation: Comedy"
"Perfect World International","8658","Perfect World International","160020","102000","46","3","176","0","0","1.57","Perfect World International"
"Big Pharma","8659","Big Pharma","159900","22620","378","3","108","0","0","7.07","Big Pharma"
"The Simpsons Arcade","8660","The Simpsons Arcade","159840","6660","965","2","50","0","0","24","The Simpsons Arcade"
"UFC: Throwdown","8661","UFC: Throwdown","159780","2340","816","3","42","0","0","68.28","UFC: Throwdown"
"Pat & Mat: The Game","8662","Pat & Mat: The Game","159660","1680","1232","1","12","0","0","95.04","Pat & Mat: The Game"
"Trax","8663","Trax","159660","360","1330","1","6","0","0","443.5","Trax"
"Xenic","8664","Xenic","159660","300","976","1","1","0","0","532.2","Xenic"
"Gunman Clive 2","8665","Gunman Clive 2","159540","1200","1339","1","8","0","0","132.95","Gunman Clive 2"
"Hope Lake","8666","Hope Lake","159420","4860","326","1","11","0","0","32.8","Hope Lake"
"Dead","8667","Dead","159360","18900","541","3","165","0","0","8.43","Dead"
"Big Crown: Showdown","8668","Big Crown: Showdown","159300","19740","1920","4","205","0","0","8.07","Big Crown: Showdown"
"Doodle Devil","8669","Doodle Devil","159240","2520","505","1","14","0","0","63.19","Doodle Devil"
"Monster Hunter Tri","8670","Monster Hunter Tri","159240","29040","180","2","52","0","0","5.48","Monster Hunter Tri"
"NCAA March Madness 08","8671","NCAA March Madness 08","159000","1320","248","1","4","0","0","120.45","NCAA March Madness 08"
"Ragnarok Online Mobile","8672","Ragnarok Online Mobile","158940","63720","474","3","105","0","0","2.49","Ragnarok Online Mobile"
"Yu-No: Kono Yo no Hate de Koi o Utau Shoujo","8673","Yu-No: Kono Yo no Hate de Koi o Utau Shoujo","158940","13560","147","2","12","0","0","11.72","Yu-No: Kono Yo no Hate de Koi o Utau Shoujo"
"Red Dead Revolver","8674","Red Dead Revolver","158880","49620","676","2","181","0","0","3.2","Red Dead Revolver"
"Sonic the Hedgehog 4: Episode II","8675","Sonic the Hedgehog 4: Episode II","158880","23880","220","2","96","0","0","6.65","Sonic the Hedgehog 4: Episode II"
"My Boyfriend","8676","My Boyfriend","158880","3060","213","1","6","0","0","51.92","My Boyfriend"
"Inazuma Eleven GO Chrono Stones","8677","Inazuma Eleven GO Chrono Stones","158760","12060","705","2","35","0","0","13.16","Inazuma Eleven GO Chrono Stones"
"Metal Slug Revolution","8678","Metal Slug Revolution","158640","420","1601","1","3","0","0","377.71","Metal Slug Revolution"
"NCAA Basketball","8679","NCAA Basketball","158580","12000","1121","3","33","0","0","13.22","NCAA Basketball"
"Sacred 2: Fallen Angel","8680","Sacred 2: Fallen Angel","158520","19740","237","2","62","0","0","8.03","Sacred 2: Fallen Angel"
"Date A Live: Rinne Utopia","8681","Date A Live: Rinne Utopia","158460","35580","85","3","64","0","0","4.45","Date A Live: Rinne Utopia"
"Eternal Lands","8682","Eternal Lands","158400","55440","18","3","24","0","0","2.86","Eternal Lands"
"Tetris: The Absolute - The Grand Master 2 PLUS","8683","Tetris: The Absolute - The Grand Master 2 PLUS","158400","42840","445","3","82","0","0","3.7","Tetris: The Absolute - The Grand Master 2 PLUS"
"SimCity 2000","8684","SimCity 2000","158220","30720","329","2","83","0","0","5.15","SimCity 2000"
"The Idolmaster Million Live!","8685","The Idolmaster Million Live!","158220","54660","135","7","104","0","0","2.89","The Idolmaster Million Live!"
"Memoria","8686","Memoria","158100","25020","51","3","62","0","0","6.32","Memoria"
"Pride Run","8687","Pride Run","158040","1860","1207","1","12","0","0","84.97","Pride Run"
"Basketball GM","8688","Basketball GM","157980","17220","319","2","30","0","0","9.17","Basketball GM"
"Dark Side of the Moon","8689","Dark Side of the Moon","157980","1380","189","1","2","0","0","114.48","Dark Side of the Moon"
"Theatrhythm Final Fantasy","8690","Theatrhythm Final Fantasy","157860","2220","417","1","8","0","0","71.11","Theatrhythm Final Fantasy"
"A Horde Too Many","8691","A Horde Too Many","157740","6000","184","4","18","0","0","26.29","A Horde Too Many"
"Struggling","8692","Struggling","157680","3000","2651","1","4","0","0","52.56","Struggling"
"Star Trek: Elite Force II","8693","Star Trek: Elite Force II","157500","6960","802","2","16","0","0","22.63","Star Trek: Elite Force II"
"Husk","8694","Husk","157080","22500","135","2","92","0","0","6.98","Husk"
"Shadowbane","8695","Shadowbane","157020","10260","96","1","12","0","0","15.3","Shadowbane"
"Osmos","8696","Osmos","156960","2820","1774","1","31","0","0","55.66","Osmos"
"The Free Ones","8697","The Free Ones","156960","22320","290","3","118","0","0","7.03","The Free Ones"
"Wunderling","8698","Wunderling","156960","60","2634","1","1","0","0","2616","Wunderling"
"Tyr: Chains of Valhalla","8699","Tyr: Chains of Valhalla","156900","7860","180","1","46","0","0","19.96","Tyr: Chains of Valhalla"
"Lumino City","8700","Lumino City","156840","16620","534","2","53","0","0","9.44","Lumino City"