"","","Game","Watch time","Stream time","Peak viewers","Peak channels","Streamers","Average viewers","Average channels","Average viewer ratio",""
"Ensemble Stars","13601","Ensemble Stars","33720","8700","21","2","21","0","0","3.88","Ensemble Stars"
"Der Spiel Tipp","13602","Der Spiel Tipp","33720","3600","190","2","9","0","0","9.37","Der Spiel Tipp"
"Funfair Ride Simulator 3","13603","Funfair Ride Simulator 3","33720","240","578","1","5","0","0","140.5","Funfair Ride Simulator 3"
"iF/A-18E Carrier Strike Fighter","13604","iF/A-18E Carrier Strike Fighter","33720","60","562","1","1","0","0","562","iF/A-18E Carrier Strike Fighter"
"Girl Amazon Survival","13605","Girl Amazon Survival","33660","720","490","1","8","0","0","46.75","Girl Amazon Survival"
"Rise of the Triad","13606","Rise of the Triad","33660","14280","16","2","67","0","0","2.36","Rise of the Triad"
"The Aquatic Adventure of the Last Human","13607","The Aquatic Adventure of the Last Human","33660","6300","50","1","23","0","0","5.34","The Aquatic Adventure of the Last Human"
"Devil's Crush","13608","Devil's Crush","33660","5640","115","3","23","0","0","5.97","Devil's Crush"
"Warpath: Jurassic Park","13609","Warpath: Jurassic Park","33600","780","615","1","8","0","0","43.08","Warpath: Jurassic Park"
"Lufia: The Ruins of Lore","13610","Lufia: The Ruins of Lore","33600","2820","24","1","3","0","0","11.91","Lufia: The Ruins of Lore"
"Ascension to the Throne","13611","Ascension to the Throne","33600","15540","10","2","19","0","0","2.16","Ascension to the Throne"
"Ambre","13612","Ambre","33600","660","435","1","5","0","0","50.91","Ambre"
"Kakuge-Yaro: Fighting Game Creator","13613","Kakuge-Yaro: Fighting Game Creator","33600","420","202","1","1","0","0","80","Kakuge-Yaro: Fighting Game Creator"
"Transport INC","13614","Transport INC","33600","1320","159","1","11","0","0","25.45","Transport INC"
"Revn","13615","Revn","33600","9420","21","4","37","0","0","3.57","Revn"
"Fantasy Versus","13616","Fantasy Versus","33540","4020","118","3","23","0","0","8.34","Fantasy Versus"
"Call of War","13617","Call of War","33540","13020","167","2","51","0","0","2.58","Call of War"
"Chaos World","13618","Chaos World","33540","1860","59","1","3","0","0","18.03","Chaos World"
"Dahna: Megami Tanjou","13619","Dahna: Megami Tanjou","33540","720","368","2","5","0","0","46.58","Dahna: Megami Tanjou"
"Super Mario Bros. / Duck Hunt","13620","Super Mario Bros. / Duck Hunt","33540","5040","185","2","40","0","0","6.65","Super Mario Bros. / Duck Hunt"
"#killallzombies","13621","#killallzombies","33540","52980","39","3","152","0","0","0.63","#killallzombies"
"Unearthed: Trail of Ibn Battuta","13622","Unearthed: Trail of Ibn Battuta","33540","2520","118","1","15","0","0","13.31","Unearthed: Trail of Ibn Battuta"
"Sid Meier's SimGolf","13623","Sid Meier's SimGolf","33540","7380","80","2","21","0","0","4.54","Sid Meier's SimGolf"
"Fushigi no Yume no Alice","13624","Fushigi no Yume no Alice","33540","480","103","1","2","0","0","69.88","Fushigi no Yume no Alice"
"Hero Express","13625","Hero Express","33540","3540","109","1","19","0","0","9.47","Hero Express"
"Blood Knights","13626","Blood Knights","33480","3060","109","1","14","0","0","10.94","Blood Knights"
"Donkey Kong 3","13627","Donkey Kong 3","33480","4980","98","2","21","0","0","6.72","Donkey Kong 3"
"Sengoku Blade: Sengoku Ace Episode II","13628","Sengoku Blade: Sengoku Ace Episode II","33480","1320","181","1","7","0","0","25.36","Sengoku Blade: Sengoku Ace Episode II"
"Restaurant Empire","13629","Restaurant Empire","33480","1620","73","1","2","0","0","20.67","Restaurant Empire"
"Kreedz Climbing","13630","Kreedz Climbing","33480","15840","24","2","77","0","0","2.11","Kreedz Climbing"
"Kitten Squad","13631","Kitten Squad","33480","28740","105","2","229","0","0","1.16","Kitten Squad"
"Snowy: Lunch Rush","13632","Snowy: Lunch Rush","33480","120","302","1","1","0","0","279","Snowy: Lunch Rush"
"Dangerous Golf","13633","Dangerous Golf","33480","13620","30","2","71","0","0","2.46","Dangerous Golf"
"Duck Life","13634","Duck Life","33480","19260","56","2","104","0","0","1.74","Duck Life"
"Kotodama: The 7 Mysteries of Fujisawa","13635","Kotodama: The 7 Mysteries of Fujisawa","33480","8880","59","3","37","0","0","3.77","Kotodama: The 7 Mysteries of Fujisawa"
"Leisure Suit Larry 6: Shape Up or Slip Out!","13636","Leisure Suit Larry 6: Shape Up or Slip Out!","33420","6900","60","2","25","0","0","4.84","Leisure Suit Larry 6: Shape Up or Slip Out!"
"Saint Seiya: Sanctuary Battle","13637","Saint Seiya: Sanctuary Battle","33420","8640","41","1","41","0","0","3.87","Saint Seiya: Sanctuary Battle"
"Scania Truck Driving Simulator: The Game","13638","Scania Truck Driving Simulator: The Game","33420","10020","54","2","55","0","0","3.34","Scania Truck Driving Simulator: The Game"
"Sumotori Dreams","13639","Sumotori Dreams","33420","1500","443","1","15","0","0","22.28","Sumotori Dreams"
"Zero Deaths","13640","Zero Deaths","33420","9780","86","5","115","0","0","3.42","Zero Deaths"
"Bujingai: The Forsaken City","13641","Bujingai: The Forsaken City","33360","2940","88","1","17","0","0","11.35","Bujingai: The Forsaken City"
"Combat Mission: Battle for Normandy","13642","Combat Mission: Battle for Normandy","33360","6780","52","1","19","0","0","4.92","Combat Mission: Battle for Normandy"
"Baja: Edge of Control","13643","Baja: Edge of Control","33360","7800","25","1","29","0","0","4.28","Baja: Edge of Control"
"Kamen Rider","13644","Kamen Rider","33360","6060","74","1","15","0","0","5.5","Kamen Rider"
"Gothic Wa Mahou Otome","13645","Gothic Wa Mahou Otome","33360","6780","49","2","9","0","0","4.92","Gothic Wa Mahou Otome"
"Insanity's Blade: The Chronicles of Thurstan","13646","Insanity's Blade: The Chronicles of Thurstan","33360","1920","117","1","12","0","0","17.38","Insanity's Blade: The Chronicles of Thurstan"
"Grass Cutter","13647","Grass Cutter","33360","4740","85","2","41","0","0","7.04","Grass Cutter"
"Kite","13648","Kite","33300","12300","12","2","16","0","0","2.71","Kite"
"Presentable Liberty","13649","Presentable Liberty","33300","4440","126","1","34","0","0","7.5","Presentable Liberty"
"The Lost Child","13650","The Lost Child","33300","13680","25","2","25","0","0","2.43","The Lost Child"
"City of Chains","13651","City of Chains","33300","1320","47","1","8","0","0","25.23","City of Chains"
"Robot Wars","13652","Robot Wars","33300","3180","42","1","9","0","0","10.47","Robot Wars"
"Skulls of the Shogun","13653","Skulls of the Shogun","33300","11400","223","3","33","0","0","2.92","Skulls of the Shogun"
"Never Mind","13654","Never Mind","33300","1500","192","1","3","0","0","22.2","Never Mind"
"Runaway 2: The Dream of the Turtle","13655","Runaway 2: The Dream of the Turtle","33240","12480","19","2","24","0","0","2.66","Runaway 2: The Dream of the Turtle"
"Hellnight","13656","Hellnight","33240","5880","133","2","18","0","0","5.65","Hellnight"
"Audio Diagnostics","13657","Audio Diagnostics","33180","14880","169","2","55","0","0","2.23","Audio Diagnostics"
"Sang-Froid: Tales of Werewolves","13658","Sang-Froid: Tales of Werewolves","33180","7620","44","2","32","0","0","4.35","Sang-Froid: Tales of Werewolves"
"Avencast: Rise of the Mage","13659","Avencast: Rise of the Mage","33180","6780","31","1","17","0","0","4.89","Avencast: Rise of the Mage"
"Dispatcher","13660","Dispatcher","33180","6060","332","2","58","0","0","5.48","Dispatcher"
"Football Manager 2016","13661","Football Manager 2016","33180","12420","44","3","43","0","0","2.67","Football Manager 2016"
"Wallace & Gromit in Project Zoo","13662","Wallace & Gromit in Project Zoo","33180","4920","55","1","23","0","0","6.74","Wallace & Gromit in Project Zoo"
"Red Earth","13663","Red Earth","33180","540","541","1","6","0","0","61.44","Red Earth"
"Ghost Town Mine Ride & Shootin' Gallery","13664","Ghost Town Mine Ride & Shootin' Gallery","33180","1500","305","1","12","0","0","22.12","Ghost Town Mine Ride & Shootin' Gallery"
"Flood Of Light","13665","Flood Of Light","33180","4980","84","1","22","0","0","6.66","Flood Of Light"
"Elderborn","13666","Elderborn","33180","4500","55","2","24","0","0","7.37","Elderborn"
"Bratz: Babyz","13667","Bratz: Babyz","33180","360","294","1","3","0","0","92.17","Bratz: Babyz"
"Minna de Wai Wai! Spelunker","13668","Minna de Wai Wai! Spelunker","33180","5520","45","2","12","0","0","6.01","Minna de Wai Wai! Spelunker"
"All Walls Must Fall","13669","All Walls Must Fall","33120","2700","73","1","15","0","0","12.27","All Walls Must Fall"
"Midnight Puppeteer","13670","Midnight Puppeteer","33120","2100","83","1","6","0","0","15.77","Midnight Puppeteer"
"Day R","13671","Day R","33120","12900","194","2","31","0","0","2.57","Day R"
"HeroClix Online","13672","HeroClix Online","33120","7260","23","1","11","0","0","4.56","HeroClix Online"
"Fallen Earth","13673","Fallen Earth","33120","25260","38","2","56","0","0","1.31","Fallen Earth"
"Garden Story","13674","Garden Story","33120","3240","72","2","35","0","0","10.22","Garden Story"
"Bomberman Generation","13675","Bomberman Generation","33060","7200","46","1","40","0","0","4.59","Bomberman Generation"
"Game Show Wizard","13676","Game Show Wizard","33060","3540","235","1","12","0","0","9.34","Game Show Wizard"
"J.J. & Jeff","13677","J.J. & Jeff","33060","1500","406","1","11","0","0","22.04","J.J. & Jeff"
"The Feeble Files","13678","The Feeble Files","33060","4080","32","1","8","0","0","8.1","The Feeble Files"
"Serious Solitaire","13679","Serious Solitaire","33060","32040","5","2","5","0","0","1.03","Serious Solitaire"
"Heaven Will Be Mine","13680","Heaven Will Be Mine","33060","8040","41","2","27","0","0","4.11","Heaven Will Be Mine"
"CoolPaintr VR","13681","CoolPaintr VR","33060","20760","10","2","104","0","0","1.59","CoolPaintr VR"
"Cat President","13682","Cat President","33060","4140","125","1","21","0","0","7.99","Cat President"
"Cauldron","13683","Cauldron","33060","120","278","1","1","0","0","275.5","Cauldron"
"Maken Shao: Demon Sword","13684","Maken Shao: Demon Sword","33000","1200","58","1","2","0","0","27.5","Maken Shao: Demon Sword"
"Walden","13685","Walden","33000","2640","57","1","11","0","0","12.5","Walden"
"AirportCEO","13686","AirportCEO","33000","20400","81","3","47","0","0","1.62","AirportCEO"
"Athens 2004","13687","Athens 2004","33000","900","292","1","6","0","0","36.67","Athens 2004"
"Tales of Rebirth","13688","Tales of Rebirth","32940","5100","100","1","13","0","0","6.46","Tales of Rebirth"
"SoulHunt","13689","SoulHunt","32940","1680","437","3","12","0","0","19.61","SoulHunt"
"Dragon Ball Z: The Legacy of Goku","13690","Dragon Ball Z: The Legacy of Goku","32940","6780","59","2","38","0","0","4.86","Dragon Ball Z: The Legacy of Goku"
"Closure","13691","Closure","32940","5100","64","2","26","0","0","6.46","Closure"
"Dragon Quest Monsters: Joker 2","13692","Dragon Quest Monsters: Joker 2","32940","12480","20","2","29","0","0","2.64","Dragon Quest Monsters: Joker 2"
"Space Marines","13693","Space Marines","32940","4320","302","2","33","0","0","7.63","Space Marines"
"#WarGames","13694","#WarGames","32940","8400","107","1","21","0","0","3.92","#WarGames"
"Survival: Postapocalypse Now","13695","Survival: Postapocalypse Now","32940","22440","64","3","44","0","0","1.47","Survival: Postapocalypse Now"
"AdVenture Autist","13696","AdVenture Autist","32940","15780","15","2","10","0","0","2.09","AdVenture Autist"
"İstanbul Kıyamet Vakti","13697","İstanbul Kıyamet Vakti","32940","8100","43","2","22","0","0","4.07","İstanbul Kıyamet Vakti"
"Let's Ride!","13698","Let's Ride!","32940","240","544","1","2","0","0","137.25","Let's Ride!"
"Nickelodeon Toon Twister 3D","13699","Nickelodeon Toon Twister 3D","32880","300","186","1","2","0","0","109.6","Nickelodeon Toon Twister 3D"
"Atari Anniversary Edition","13700","Atari Anniversary Edition","32880","840","152","1","4","0","0","39.14","Atari Anniversary Edition"