"","","Game","Watch time","Stream time","Peak viewers","Peak channels","Streamers","Average viewers","Average channels","Average viewer ratio",""
"Guacamelee! 2","1101","Guacamelee! 2","14865060","315060","118578","20","1002","28","0","47.18","Guacamelee! 2"
"Doom 3","1102","Doom 3","14813460","863460","10050","19","2704","28","1","17.16","Doom 3"
"Ni no Kuni II: Revenant Kingdom","1103","Ni no Kuni II: Revenant Kingdom","14789760","1820340","6051","19","4803","28","3","8.12","Ni no Kuni II: Revenant Kingdom"
"Yu-Gi-Oh! Legacy of the Duelist","1104","Yu-Gi-Oh! Legacy of the Duelist","14775960","1912320","3086","44","6686","28","3","7.73","Yu-Gi-Oh! Legacy of the Duelist"
"Car Mechanic Simulator 2018","1105","Car Mechanic Simulator 2018","14770740","1756260","9795","21","5918","28","3","8.41","Car Mechanic Simulator 2018"
"Bastion","1106","Bastion","14745240","400260","151127","17","1780","28","0","36.84","Bastion"
"Late Shift","1107","Late Shift","14744220","302280","26060","8","2050","28","0","48.78","Late Shift"
"Bigfoot","1108","Bigfoot","14717520","288900","25986","8","1914","28","0","50.94","Bigfoot"
"Jak 3","1109","Jak 3","14701020","264900","163444","16","789","27","0","55.5","Jak 3"
"The King of Fighters 2000","1110","The King of Fighters 2000","14696280","70320","9443","4","142","27","0","208.99","The King of Fighters 2000"
"Flotsam","1111","Flotsam","14688780","216360","23036","47","1034","27","0","67.89","Flotsam"
"Wolfenstein II: The New Colossus","1112","Wolfenstein II: The New Colossus","14650380","1528980","9653","22","7325","27","2","9.58","Wolfenstein II: The New Colossus"
"Game Dev Tycoon","1113","Game Dev Tycoon","14641740","452880","26683","9","2682","27","0","32.33","Game Dev Tycoon"
"I Love You, Colonel Sanders! A Finger Lickin' Good Dating Simulator","1114","I Love You, Colonel Sanders! A Finger Lickin' Good Dating Simulator","14638860","802980","13496","278","6745","27","1","18.23","I Love You, Colonel Sanders! A Finger Lickin' Good Dating Simulator"
"Weave","1115","Weave","14634600","48060","9318","3","7","27","0","304.51","Weave"
"Darwin Project","1116","Darwin Project","14608380","1897920","5157","34","5562","27","3","7.7","Darwin Project"
"Hockey","1117","Hockey","14575860","192720","8786","11","264","27","0","75.63","Hockey"
"Lonely Mountains: Downhill","1118","Lonely Mountains: Downhill","14556720","164700","43943","20","1149","27","0","88.38","Lonely Mountains: Downhill"
"Halo: Combat Evolved","1119","Halo: Combat Evolved","14550660","911340","12101","15","2684","27","1","15.97","Halo: Combat Evolved"
"Ape Escape","1120","Ape Escape","14507940","143580","121623","10","386","27","0","101.04","Ape Escape"
"The Jackbox Party Pack","1121","The Jackbox Party Pack","14503980","1300500","5768","49","9175","27","2","11.15","The Jackbox Party Pack"
"Blazing Beaks","1122","Blazing Beaks","14496960","113220","24585","23","602","27","0","128.04","Blazing Beaks"
"The Legend of Zelda: Oracle of Ages","1123","The Legend of Zelda: Oracle of Ages","14473440","304320","8280","9","428","27","0","47.56","The Legend of Zelda: Oracle of Ages"
"Super Mario Galaxy","1124","Super Mario Galaxy","14432700","802260","10444","17","1467","27","1","17.99","Super Mario Galaxy"
"Vampyr","1125","Vampyr","14395320","2960040","1116","27","8954","27","5","4.86","Vampyr"
"Need for Speed: Carbon","1126","Need for Speed: Carbon","14375640","393300","5443","10","1247","27","0","36.55","Need for Speed: Carbon"
"Clustertruck","1127","Clustertruck","14343960","464280","131216","13","3968","27","0","30.9","Clustertruck"
"Ape Out","1128","Ape Out","14332080","193800","25947","23","1439","27","0","73.95","Ape Out"
"The Coin Game","1129","The Coin Game","14313360","55620","30719","4","324","27","0","257.34","The Coin Game"
"Ultimate Marvel vs. Capcom 3","1130","Ultimate Marvel vs. Capcom 3","14299500","688980","12213","10","3082","27","1","20.75","Ultimate Marvel vs. Capcom 3"
"Stocks And Bonds","1131","Stocks And Bonds","14295720","1502340","5487","19","403","27","2","9.52","Stocks And Bonds"
"S.T.A.L.K.E.R.: Clear Sky","1132","S.T.A.L.K.E.R.: Clear Sky","14263800","598500","16286","10","1590","27","1","23.83","S.T.A.L.K.E.R.: Clear Sky"
"Far Cry 3","1133","Far Cry 3","14239680","1380540","16422","16","4569","27","2","10.31","Far Cry 3"
"American Fugitive","1134","American Fugitive","14233620","279420","16986","41","1221","27","0","50.94","American Fugitive"
"Holdfast: Nations At War","1135","Holdfast: Nations At War","14200380","569220","18846","13","1398","27","1","24.95","Holdfast: Nations At War"
"Invictus","1136","Invictus","14193660","7860","137052","14","37","27","0","1805.81","Invictus"
"Bleach Brave Souls","1137","Bleach Brave Souls","14111280","874620","1120","25","785","26","1","16.13","Bleach Brave Souls"
"Pandemic Express","1138","Pandemic Express","13983900","365460","29966","61","2449","26","0","38.26","Pandemic Express"
"Rising Storm 2: Vietnam","1139","Rising Storm 2: Vietnam","13967880","1700580","26415","25","6551","26","3","8.21","Rising Storm 2: Vietnam"
"Mega Man 3","1140","Mega Man 3","13959540","167640","116067","10","482","26","0","83.27","Mega Man 3"
"Limbo","1141","Limbo","13937520","1311120","5290","61","8824","26","2","10.63","Limbo"
"Mount & Blade Warband: Viking Conquest","1142","Mount & Blade Warband: Viking Conquest","13937280","86520","10608","4","222","26","0","161.09","Mount & Blade Warband: Viking Conquest"
"We Happy Few","1143","We Happy Few","13917780","2119080","13802","31","7724","26","4","6.57","We Happy Few"
"Lifeline","1144","Lifeline","13910160","47760","8808","8","80","26","0","291.25","Lifeline"
"ShellShock Live","1145","ShellShock Live","13896420","1871700","46909","26","7409","26","3","7.42","ShellShock Live"
"Dishonored: Death of the Outsider","1146","Dishonored: Death of the Outsider","13871280","308280","131032","10","1191","26","0","45","Dishonored: Death of the Outsider"
"Kingdom of the Wind","1147","Kingdom of the Wind","13827540","154080","4255","5","178","26","0","89.74","Kingdom of the Wind"
"Olympic Games Tokyo 2020: The Official Video Game","1148","Olympic Games Tokyo 2020: The Official Video Game","13817400","43680","11287","17","122","26","0","316.33","Olympic Games Tokyo 2020: The Official Video Game"
"Dragon Quest IV: Chapters of the Chosen","1149","Dragon Quest IV: Chapters of the Chosen","13805280","321000","16823","6","156","26","0","43.01","Dragon Quest IV: Chapters of the Chosen"
"Live","1150","Live","13805040","2749860","21571","16","1786","26","5","5.02","Live"
"Point Blank","1151","Point Blank","13800360","902340","16168","10","2901","26","1","15.29","Point Blank"
"Hot Lava","1152","Hot Lava","13799640","319560","26247","20","1860","26","0","43.18","Hot Lava"
"Max Payne","1153","Max Payne","13772640","517800","6047","7","1838","26","0","26.6","Max Payne"
"Comedy Night","1154","Comedy Night","13748640","298380","6940","6","1229","26","0","46.08","Comedy Night"
"CrossFire","1155","CrossFire","13729680","1794960","3219","20","3098","26","3","7.65","CrossFire"
"Stick Fight: The Game","1156","Stick Fight: The Game","13699200","1138260","41987","22","12378","26","2","12.04","Stick Fight: The Game"
"Shakes and Fidget","1157","Shakes and Fidget","13696800","183720","3851","14","724","26","0","74.55","Shakes and Fidget"
"Bee Simulator","1158","Bee Simulator","13694400","52560","29884","15","357","26","0","260.55","Bee Simulator"
"Pokémon Yellow: Special Pikachu Edition","1159","Pokémon Yellow: Special Pikachu Edition","13688700","640320","21877","11","1313","26","1","21.38","Pokémon Yellow: Special Pikachu Edition"
"Silent Hill: Downpour","1160","Silent Hill: Downpour","13684620","143100","11606","4","240","26","0","95.63","Silent Hill: Downpour"
"Emily Wants to Play","1161","Emily Wants to Play","13651200","343320","20265","11","3182","25","0","39.76","Emily Wants to Play"
"Hyper Light Drifter","1162","Hyper Light Drifter","13646640","764040","129923","26","4204","25","1","17.86","Hyper Light Drifter"
"Vigor","1163","Vigor","13638840","2265480","29450","70","6554","25","4","6.02","Vigor"
"Plants vs. Zombies","1164","Plants vs. Zombies","13629720","563160","7457","11","2591","25","1","24.2","Plants vs. Zombies"
"Wolfenstein: The New Order","1165","Wolfenstein: The New Order","13584660","1660920","2871","23","6182","25","3","8.18","Wolfenstein: The New Order"
"Card Games","1166","Card Games","13562340","461340","5912","12","1865","25","0","29.4","Card Games"
"Killer Queen Black","1167","Killer Queen Black","13548540","187980","27627","26","584","25","0","72.07","Killer Queen Black"
"Super Mario Bros.: The Lost Levels","1168","Super Mario Bros.: The Lost Levels","13518360","235800","52479","6","448","25","0","57.33","Super Mario Bros.: The Lost Levels"
"Roulette","1169","Roulette","13485720","337380","9782","5","599","25","0","39.97","Roulette"
"Jenny LeClue","1170","Jenny LeClue","13481220","78660","17374","9","183","25","0","171.39","Jenny LeClue"
"Codenames","1171","Codenames","13467720","36000","7129","9","114","25","0","374.1","Codenames"
"KovaaK's FPS Aim Trainer","1172","KovaaK's FPS Aim Trainer","13454700","2176500","14876","29","9736","25","4","6.18","KovaaK's FPS Aim Trainer"
"GTA Online","1173","GTA Online","13452660","3327120","7800","40","12013","25","6","4.04","GTA Online"
"Sonic Generations","1174","Sonic Generations","13387440","325500","152396","12","1866","25","0","41.13","Sonic Generations"
"Heroes of Might and Magic V: Tribes of the East","1175","Heroes of Might and Magic V: Tribes of the East","13359660","500400","4893","10","599","25","0","26.7","Heroes of Might and Magic V: Tribes of the East"
"Rygar","1176","Rygar","13321380","51480","101717","10","82","25","0","258.77","Rygar"
"Super Mario Bros. 2","1177","Super Mario Bros. 2","13304580","200100","157226","9","926","25","0","66.49","Super Mario Bros. 2"
"Secret of Mana","1178","Secret of Mana","13293720","826800","7423","10","1796","25","1","16.08","Secret of Mana"
"God of War II","1179","God of War II","13266480","166320","135555","13","421","25","0","79.76","God of War II"
"The Stanley Parable","1180","The Stanley Parable","13252020","379620","11727","9","2730","25","0","34.91","The Stanley Parable"
"Grand Chase","1181","Grand Chase","13232820","746220","691","14","1309","25","1","17.73","Grand Chase"
"The Mean Greens: Plastic Warfare","1182","The Mean Greens: Plastic Warfare","13230480","622560","9974","69","4798","25","1","21.25","The Mean Greens: Plastic Warfare"
"Xenoblade Chronicles 2","1183","Xenoblade Chronicles 2","13201920","1804440","834","18","1808","25","3","7.32","Xenoblade Chronicles 2"
"Legends of Aria","1184","Legends of Aria","13185060","909420","10162","31","812","25","1","14.5","Legends of Aria"
"Egg is Broken. Heart is Too.","1185","Egg is Broken. Heart is Too.","13175760","38220","37436","6","225","25","0","344.73","Egg is Broken. Heart is Too."
"Signal Simulator","1186","Signal Simulator","13160580","58260","5346","5","211","25","0","225.89","Signal Simulator"
"The King of Fighters XIII","1187","The King of Fighters XIII","13099860","251400","9769","5","720","24","0","52.11","The King of Fighters XIII"
"Pinturillo 2","1188","Pinturillo 2","13045020","681240","9766","12","6389","24","1","19.15","Pinturillo 2"
"Tom Clancy's Ghost Recon","1189","Tom Clancy's Ghost Recon","13044420","843900","182783","142","4350","24","1","15.46","Tom Clancy's Ghost Recon"
"Gold Rush: The Game","1190","Gold Rush: The Game","13041060","1087440","4050","13","1692","24","2","11.99","Gold Rush: The Game"
"Mythgard","1191","Mythgard","13031160","490080","7463","13","513","24","0","26.59","Mythgard"
"The Seven Deadly Sins: Hikari to Yami no Grand Cross","1192","The Seven Deadly Sins: Hikari to Yami no Grand Cross","13010940","682500","5186","19","353","24","1","19.06","The Seven Deadly Sins: Hikari to Yami no Grand Cross"
"Duck Season","1193","Duck Season","12985980","110520","21787","9","770","24","0","117.5","Duck Season"
"TrackMania² Canyon","1194","TrackMania² Canyon","12984720","150480","26977","5","345","24","0","86.29","TrackMania² Canyon"
"Bayonetta","1195","Bayonetta","12977340","1292220","1737","21","4199","24","2","10.04","Bayonetta"
"Nun Massacre","1196","Nun Massacre","12972960","49320","30330","3","263","24","0","263.04","Nun Massacre"
"Trials Fusion","1197","Trials Fusion","12968160","814740","4869","16","2753","24","1","15.92","Trials Fusion"
"Kirby 64: The Crystal Shards","1198","Kirby 64: The Crystal Shards","12965820","227220","111586","12","495","24","0","57.06","Kirby 64: The Crystal Shards"
"Need for Speed Payback","1199","Need for Speed Payback","12939960","2243160","7614","21","8939","24","4","5.77","Need for Speed Payback"
"Move or Die","1200","Move or Die","12912420","374820","25490","10","3499","24","0","34.45","Move or Die"