"","","Game","Watch time","Stream time","Peak viewers","Peak channels","Streamers","Average viewers","Average channels","Average viewer ratio",""
"Wanted Killer VR","13001","Wanted Killer VR","40140","2160","121","2","15","0","0","18.58","Wanted Killer VR"
"Psycho Soldier","13002","Psycho Soldier","40140","840","104","1","2","0","0","47.79","Psycho Soldier"
"Teddy Floppy Ear: The Race","13003","Teddy Floppy Ear: The Race","40080","2820","176","1","25","0","0","14.21","Teddy Floppy Ear: The Race"
"Chill Manor","13004","Chill Manor","40080","13260","9","2","20","0","0","3.02","Chill Manor"
"Ski Jumping 2004","13005","Ski Jumping 2004","40080","780","180","1","3","0","0","51.38","Ski Jumping 2004"
"Football Superstars","13006","Football Superstars","40080","17160","31","3","29","0","0","2.34","Football Superstars"
"Super Realistic Autocross","13007","Super Realistic Autocross","40080","1260","177","1","5","0","0","31.81","Super Realistic Autocross"
"James Bond 007: Blood Stone","13008","James Bond 007: Blood Stone","40020","14220","53","2","47","0","0","2.81","James Bond 007: Blood Stone"
"Space Rocket","13009","Space Rocket","40020","900","738","1","4","0","0","44.47","Space Rocket"
"Arena of Kings","13010","Arena of Kings","39960","5940","73","4","16","0","0","6.73","Arena of Kings"
"Cabbage Patch Kids: The Patch Puppy Rescue","13011","Cabbage Patch Kids: The Patch Puppy Rescue","39960","120","334","1","1","0","0","333","Cabbage Patch Kids: The Patch Puppy Rescue"
"Violet no Atelier: Gramnad no Renkinjutsushi 2","13012","Violet no Atelier: Gramnad no Renkinjutsushi 2","39960","3600","61","1","1","0","0","11.1","Violet no Atelier: Gramnad no Renkinjutsushi 2"
"Star Trek Legacy","13013","Star Trek Legacy","39960","10980","64","2","19","0","0","3.64","Star Trek Legacy"
"Motus","13014","Motus","39960","420","226","1","2","0","0","95.14","Motus"
"Mines","13015","Mines","39900","1920","654","1","12","0","0","20.78","Mines"
"Albert & Otto","13016","Albert & Otto","39900","4860","41","2","24","0","0","8.21","Albert & Otto"
"Lords of Xulima","13017","Lords of Xulima","39900","8940","48","2","11","0","0","4.46","Lords of Xulima"
"Wild Arms XF","13018","Wild Arms XF","39900","14580","10","1","12","0","0","2.74","Wild Arms XF"
"Ruined King: A League of Legends Story","13019","Ruined King: A League of Legends Story","39900","660","812","1","4","0","0","60.45","Ruined King: A League of Legends Story"
"Hovership Havoc","13020","Hovership Havoc","39900","4140","145","2","34","0","0","9.64","Hovership Havoc"
"Nostalgia","13021","Nostalgia","39840","29640","42","2","49","0","0","1.34","Nostalgia"
"Barbie: Groovy Games","13022","Barbie: Groovy Games","39840","7920","88","3","30","0","0","5.03","Barbie: Groovy Games"
"Patapon 2","13023","Patapon 2","39840","19740","18","2","49","0","0","2.02","Patapon 2"
"Art of Fighting 3: The Path of The Warrior","13024","Art of Fighting 3: The Path of The Warrior","39840","1080","189","1","6","0","0","36.89","Art of Fighting 3: The Path of The Warrior"
"Heroes Chronicles: The Final Chapters","13025","Heroes Chronicles: The Final Chapters","39840","1740","62","1","3","0","0","22.9","Heroes Chronicles: The Final Chapters"
"Stranger Things: The Game","13026","Stranger Things: The Game","39780","20460","79","3","95","0","0","1.94","Stranger Things: The Game"
"Grey Hack","13027","Grey Hack","39780","18180","73","2","51","0","0","2.19","Grey Hack"
"LEGO Creator: Harry Potter and the Chamber of Secrets","13028","LEGO Creator: Harry Potter and the Chamber of Secrets","39780","720","207","1","6","0","0","55.25","LEGO Creator: Harry Potter and the Chamber of Secrets"
"Impossamole","13029","Impossamole","39780","660","320","4","5","0","0","60.27","Impossamole"
"Tales of Monkey Island Chapter 3: Lair of the Leviathan","13030","Tales of Monkey Island Chapter 3: Lair of the Leviathan","39780","5460","147","2","23","0","0","7.29","Tales of Monkey Island Chapter 3: Lair of the Leviathan"
"Alien Trilogy","13031","Alien Trilogy","39780","10560","312","2","46","0","0","3.77","Alien Trilogy"
"KickBeat","13032","KickBeat","39780","9480","452","2","27","0","0","4.2","KickBeat"
"Plastic Memories","13033","Plastic Memories","39780","600","121","1","1","0","0","66.3","Plastic Memories"
"Thexder","13034","Thexder","39720","600","339","3","4","0","0","66.2","Thexder"
"Ecco the Dolphin: Defender of the Future","13035","Ecco the Dolphin: Defender of the Future","39720","10680","20","2","23","0","0","3.72","Ecco the Dolphin: Defender of the Future"
"Shadows of War","13036","Shadows of War","39720","21360","43","2","74","0","0","1.86","Shadows of War"
"FaceBreaker","13037","FaceBreaker","39720","300","425","1","3","0","0","132.4","FaceBreaker"
"Pinocchio","13038","Pinocchio","39720","4920","160","1","22","0","0","8.07","Pinocchio"
"Don't Sink","13039","Don't Sink","39720","2760","92","2","22","0","0","14.39","Don't Sink"
"Stay Safe","13040","Stay Safe","39720","5400","93","3","14","0","0","7.36","Stay Safe"
"Dora Saves the Mermaids","13041","Dora Saves the Mermaids","39720","660","332","1","4","0","0","60.18","Dora Saves the Mermaids"
"Ganbare Goemon: Shin Sedai Shuumei","13042","Ganbare Goemon: Shin Sedai Shuumei","39720","1080","102","1","3","0","0","36.78","Ganbare Goemon: Shin Sedai Shuumei"
"46 Okunen Monogatari: The Shinka Ron","13043","46 Okunen Monogatari: The Shinka Ron","39720","4140","110","1","6","0","0","9.59","46 Okunen Monogatari: The Shinka Ron"
"Predynastic Egypt","13044","Predynastic Egypt","39660","2340","134","1","14","0","0","16.95","Predynastic Egypt"
"Mystery Case Files: Madame Fate","13045","Mystery Case Files: Madame Fate","39660","5160","47","2","13","0","0","7.69","Mystery Case Files: Madame Fate"
"The Great Circus Mystery starring Mickey and Minnie","13046","The Great Circus Mystery starring Mickey and Minnie","39660","7440","381","2","34","0","0","5.33","The Great Circus Mystery starring Mickey and Minnie"
"Golden Axe II","13047","Golden Axe II","39660","5280","185","1","48","0","0","7.51","Golden Axe II"
"Beer Trivia","13048","Beer Trivia","39660","540","197","1","2","0","0","73.44","Beer Trivia"
"C: The Contra Adventure","13049","C: The Contra Adventure","39600","720","319","1","5","0","0","55","C: The Contra Adventure"
"SaGa 3: Jikuu no Hasha - Shadow or Light","13050","SaGa 3: Jikuu no Hasha - Shadow or Light","39600","4200","37","1","5","0","0","9.43","SaGa 3: Jikuu no Hasha - Shadow or Light"
"Inertia","13051","Inertia","39600","6360","297","1","45","0","0","6.23","Inertia"
"Statik","13052","Statik","39540","27360","58","3","185","0","0","1.45","Statik"
"Battle Ages","13053","Battle Ages","39540","56100","56","3","143","0","0","0.7","Battle Ages"
"ManaRocks","13054","ManaRocks","39480","15240","32","3","40","0","0","2.59","ManaRocks"
"Made Man: Confessions of the Family Blood","13055","Made Man: Confessions of the Family Blood","39480","2760","261","1","9","0","0","14.3","Made Man: Confessions of the Family Blood"
"Call of Juarez: The Cartel","13056","Call of Juarez: The Cartel","39480","8280","85","2","27","0","0","4.77","Call of Juarez: The Cartel"
"Drift City","13057","Drift City","39420","10680","24","3","31","0","0","3.69","Drift City"
"RTL Skijumping 2006","13058","RTL Skijumping 2006","39420","1020","206","1","6","0","0","38.65","RTL Skijumping 2006"
"Moebius: Empire Rising","13059","Moebius: Empire Rising","39420","5520","46","2","8","0","0","7.14","Moebius: Empire Rising"
"Alex Kidd in the Enchanted Castle","13060","Alex Kidd in the Enchanted Castle","39420","4860","412","1","27","0","0","8.11","Alex Kidd in the Enchanted Castle"
"Puzzle Star Sweep","13061","Puzzle Star Sweep","39420","2400","53","1","7","0","0","16.43","Puzzle Star Sweep"
"Devil Summoner: Soul Hackers","13062","Devil Summoner: Soul Hackers","39420","10920","20","1","10","0","0","3.61","Devil Summoner: Soul Hackers"
"Unfabulous","13063","Unfabulous","39420","120","337","1","1","0","0","328.5","Unfabulous"
"Battlloon","13064","Battlloon","39420","1740","109","1","10","0","0","22.66","Battlloon"
"Clash of Chefs VR","13065","Clash of Chefs VR","39420","1200","183","2","11","0","0","32.85","Clash of Chefs VR"
"Fast Draw Showdown","13066","Fast Draw Showdown","39360","840","475","1","3","0","0","46.86","Fast Draw Showdown"
"Mamono Hunter Youko: Ukaitei no Akugami","13067","Mamono Hunter Youko: Ukaitei no Akugami","39360","120","336","1","1","0","0","328","Mamono Hunter Youko: Ukaitei no Akugami"
"Cel Damage HD","13068","Cel Damage HD","39360","5340","430","1","51","0","0","7.37","Cel Damage HD"
"Bomberman '93","13069","Bomberman '93","39360","2160","113","1","10","0","0","18.22","Bomberman '93"
"Pretty Soldier Sailor Moon","13070","Pretty Soldier Sailor Moon","39360","3180","191","1","16","0","0","12.38","Pretty Soldier Sailor Moon"
"Guard Duty","13071","Guard Duty","39360","6240","45","2","25","0","0","6.31","Guard Duty"
"Bloons Monkey City","13072","Bloons Monkey City","39300","14460","31","2","38","0","0","2.72","Bloons Monkey City"
"Spycraft: The Great Game","13073","Spycraft: The Great Game","39300","2700","64","1","7","0","0","14.56","Spycraft: The Great Game"
"Garfield: The Search for Pooky","13074","Garfield: The Search for Pooky","39300","120","399","1","1","0","0","327.5","Garfield: The Search for Pooky"
"Hitman 2 (working title)","13075","Hitman 2 (working title)","39300","4620","130","2","19","0","0","8.51","Hitman 2 (working title)"
"Samurai Warriors 4 Empires","13076","Samurai Warriors 4 Empires","39300","30660","12","2","84","0","0","1.28","Samurai Warriors 4 Empires"
"Forestry 2017 – The Simulation","13077","Forestry 2017 – The Simulation","39240","221640","141","2","21","0","0","0.18","Forestry 2017 – The Simulation"
"First Contact","13078","First Contact","39240","900","316","1","8","0","0","43.6","First Contact"
"8 DOORS","13079","8 DOORS","39240","420","115","1","2","0","0","93.43","8 DOORS"
"SuperStar SMTown","13080","SuperStar SMTown","39240","11700","37","2","45","0","0","3.35","SuperStar SMTown"
"Mary Shelley's Frankenstein","13081","Mary Shelley's Frankenstein","39240","780","323","2","6","0","0","50.31","Mary Shelley's Frankenstein"
"Toy Story Mania!","13082","Toy Story Mania!","39240","2400","251","1","17","0","0","16.35","Toy Story Mania!"
"NiGHTS: Journey of Dreams","13083","NiGHTS: Journey of Dreams","39240","6780","27","2","15","0","0","5.79","NiGHTS: Journey of Dreams"
"Tashiro Masashi no Princess ga Ippai","13084","Tashiro Masashi no Princess ga Ippai","39240","180","343","1","2","0","0","218","Tashiro Masashi no Princess ga Ippai"
"Pong: The Next Level","13085","Pong: The Next Level","39180","5400","146","2","15","0","0","7.26","Pong: The Next Level"
"Sid Meier's Alpha Centauri","13086","Sid Meier's Alpha Centauri","39180","12540","34","2","24","0","0","3.12","Sid Meier's Alpha Centauri"
"Age of Wonders","13087","Age of Wonders","39180","31560","77","3","32","0","0","1.24","Age of Wonders"
"Ghosthunter","13088","Ghosthunter","39180","10320","60","2","15","0","0","3.8","Ghosthunter"
"Blaze Union: Story to Reach the Future","13089","Blaze Union: Story to Reach the Future","39180","8640","24","1","5","0","0","4.53","Blaze Union: Story to Reach the Future"
"Skyshine's Bedlam","13090","Skyshine's Bedlam","39120","3240","170","1","19","0","0","12.07","Skyshine's Bedlam"
"Epic Battle Fantasy 4","13091","Epic Battle Fantasy 4","39120","23280","48","2","54","0","0","1.68","Epic Battle Fantasy 4"
"360 No Scope Arena","13092","360 No Scope Arena","39120","3300","85","2","29","0","0","11.85","360 No Scope Arena"
"Racer Mini Yonku: Japan Cup","13093","Racer Mini Yonku: Japan Cup","39120","480","136","1","1","0","0","81.5","Racer Mini Yonku: Japan Cup"
"LUNA - The Shadow Dust","13094","LUNA - The Shadow Dust","39120","3180","183","2","39","0","0","12.3","LUNA - The Shadow Dust"
"Lucid9: Inciting Incident","13095","Lucid9: Inciting Incident","39060","11160","37","1","22","0","0","3.5","Lucid9: Inciting Incident"
"Elven Assassin","13096","Elven Assassin","39060","14700","123","2","78","0","0","2.66","Elven Assassin"
"Beats Fever","13097","Beats Fever","39060","4740","510","1","26","0","0","8.24","Beats Fever"
"Boss Crushers","13098","Boss Crushers","39060","10260","40","5","53","0","0","3.81","Boss Crushers"
"Robot Arena: Design & Destroy","13099","Robot Arena: Design & Destroy","39060","5880","77","2","15","0","0","6.64","Robot Arena: Design & Destroy"
"Bard's Tale","13100","Bard's Tale","39060","14580","105","1","46","0","0","2.68","Bard's Tale"