"","","Game","Watch time","Stream time","Peak viewers","Peak channels","Streamers","Average viewers","Average channels","Average viewer ratio",""
"The Legend of Zelda: Phantom Hourglass","1301","The Legend of Zelda: Phantom Hourglass","11397660","109500","10676","4","182","21","0","104.09","The Legend of Zelda: Phantom Hourglass"
"When Ski Lifts Go Wrong","1302","When Ski Lifts Go Wrong","11356260","63120","19017","4","382","21","0","179.92","When Ski Lifts Go Wrong"
"Youtubers Life","1303","Youtubers Life","11354580","421080","19215","8","2396","21","0","26.97","Youtubers Life"
"Mario Tennis Aces","1304","Mario Tennis Aces","11347380","457560","14583","22","1590","21","0","24.8","Mario Tennis Aces"
"Hunter's Arena: Legends","1305","Hunter's Arena: Legends","11329140","49500","30039","73","223","21","0","228.87","Hunter's Arena: Legends"
"Heroes of Hammerwatch","1306","Heroes of Hammerwatch","11302140","777600","18230","26","1812","21","1","14.53","Heroes of Hammerwatch"
"Pine","1307","Pine","11279760","417120","23851","56","1477","21","0","27.04","Pine"
"Arise: A Simple Story","1308","Arise: A Simple Story","11263560","103740","18142","27","493","21","0","108.57","Arise: A Simple Story"
"Clone Drone in the Danger Zone","1309","Clone Drone in the Danger Zone","11242380","916740","5831","16","2844","21","1","12.26","Clone Drone in the Danger Zone"
"We. The Revolution","1310","We. The Revolution","11129100","138360","14514","16","518","21","0","80.44","We. The Revolution"
"Wizard of Legend","1311","Wizard of Legend","11107140","1031400","23796","18","5561","21","1","10.77","Wizard of Legend"
"Fatal Frame","1312","Fatal Frame","11088840","281880","5734","9","599","21","0","39.34","Fatal Frame"
"The Legend of Heroes: Trails of Cold Steel III","1313","The Legend of Heroes: Trails of Cold Steel III","11059920","1119360","1789","64","666","21","2","9.88","The Legend of Heroes: Trails of Cold Steel III"
"Trivia 101","1314","Trivia 101","11051100","22140","10618","3","22","21","0","499.15","Trivia 101"
"Police Stories","1315","Police Stories","10988880","141960","25692","22","883","20","0","77.41","Police Stories"
"We Need to Go Deeper","1316","We Need to Go Deeper","10987260","245880","19775","8","1065","20","0","44.69","We Need to Go Deeper"
"The Legend of Zelda: Spirit Tracks","1317","The Legend of Zelda: Spirit Tracks","10982640","107460","11259","3","120","20","0","102.2","The Legend of Zelda: Spirit Tracks"
"Dead Rising 2","1318","Dead Rising 2","10982640","502080","4937","8","1962","20","0","21.87","Dead Rising 2"
"RiME","1319","RiME","10977600","1113360","4715","76","5629","20","2","9.86","RiME"
"A short hike","1320","A short hike","10974540","107220","22388","12","679","20","0","102.36","A short hike"
"Sonic Adventure DX: Director's Cut","1321","Sonic Adventure DX: Director's Cut","10960260","741840","124973","12","2379","20","1","14.77","Sonic Adventure DX: Director's Cut"
"White Day: A Labyrinth Named School","1322","White Day: A Labyrinth Named School","10949100","388080","4552","16","1003","20","0","28.21","White Day: A Labyrinth Named School"
"Metal Gear 2: Solid Snake","1323","Metal Gear 2: Solid Snake","10946940","52920","124863","12","112","20","0","206.86","Metal Gear 2: Solid Snake"
"RF Online","1324","RF Online","10938540","1167420","3387","17","584","20","2","9.37","RF Online"
"Turmoil","1325","Turmoil","10917000","153780","4873","5","782","20","0","70.99","Turmoil"
"Trailmakers","1326","Trailmakers","10907160","189720","32530","11","637","20","0","57.49","Trailmakers"
"RollerCoaster Tycoon 2","1327","RollerCoaster Tycoon 2","10901400","520260","14172","8","1136","20","0","20.95","RollerCoaster Tycoon 2"
"Pokémon Mystery Dungeon: Explorers of Sky","1328","Pokémon Mystery Dungeon: Explorers of Sky","10885980","585660","1945","9","960","20","1","18.59","Pokémon Mystery Dungeon: Explorers of Sky"
"Tales of Escape","1329","Tales of Escape","10882560","186120","12116","7","1305","20","0","58.47","Tales of Escape"
"Bust-A-Move","1330","Bust-A-Move","10878300","18900","110721","15","93","20","0","575.57","Bust-A-Move"
"Ni no Kuni: Wrath of the White Witch","1331","Ni no Kuni: Wrath of the White Witch","10855020","947040","4595","46","1498","20","1","11.46","Ni no Kuni: Wrath of the White Witch"
"Blood","1332","Blood","10847580","294900","11972","20","986","20","0","36.78","Blood"
"Resident Evil: Revelations","1333","Resident Evil: Revelations","10845600","686580","8801","13","3451","20","1","15.8","Resident Evil: Revelations"
"Michael Jackson's Moonwalker","1334","Michael Jackson's Moonwalker","10841100","19440","109430","11","129","20","0","557.67","Michael Jackson's Moonwalker"
"Pro Cycling Manager 2019","1335","Pro Cycling Manager 2019","10840080","181020","24848","11","227","20","0","59.88","Pro Cycling Manager 2019"
"Uncharted: The Nathan Drake Collection","1336","Uncharted: The Nathan Drake Collection","10814100","1125480","1267","11","6305","20","2","9.61","Uncharted: The Nathan Drake Collection"
"Just Dance","1337","Just Dance","10800000","98700","15544","4","580","20","0","109.42","Just Dance"
"Depth","1338","Depth","10787820","766380","22760","15","2689","20","1","14.08","Depth"
"Yooka-Laylee and the Impossible Lair","1339","Yooka-Laylee and the Impossible Lair","10779180","363660","20503","44","1019","20","0","29.64","Yooka-Laylee and the Impossible Lair"
"The Talos Principle","1340","The Talos Principle","10777860","817800","7004","22","2299","20","1","13.18","The Talos Principle"
"Grand Theft Auto: Episodes from Liberty City","1341","Grand Theft Auto: Episodes from Liberty City","10743180","235560","11760","5","635","20","0","45.61","Grand Theft Auto: Episodes from Liberty City"
"Assassin's Creed Unity","1342","Assassin's Creed Unity","10734240","3406920","1460","212","15528","20","6","3.15","Assassin's Creed Unity"
"Forts","1343","Forts","10705200","310020","19617","9","1107","20","0","34.53","Forts"
"Hello Neighbor","1344","Hello Neighbor","10684740","931200","7283","46","7181","20","1","11.47","Hello Neighbor"
"Risk of Rain","1345","Risk of Rain","10682700","444180","13109","10","2563","20","0","24.05","Risk of Rain"
"Sid Meier's Civilization VI: Gathering Storm","1346","Sid Meier's Civilization VI: Gathering Storm","10641720","504420","11600","10","1096","20","0","21.1","Sid Meier's Civilization VI: Gathering Storm"
"Natural Selection II","1347","Natural Selection II","10636200","905160","12246","13","919","20","1","11.75","Natural Selection II"
"Alien Soldier","1348","Alien Soldier","10626120","16560","110310","8","44","20","0","641.67","Alien Soldier"
"RAD","1349","RAD","10625280","346380","25696","46","1320","20","0","30.68","RAD"
"Seum: Speedrunners from Hell","1350","Seum: Speedrunners from Hell","10623780","166620","10261","6","544","20","0","63.76","Seum: Speedrunners from Hell"
"Super Dragon Ball Heroes: World Mission","1351","Super Dragon Ball Heroes: World Mission","10622580","763620","1958","75","1624","20","1","13.91","Super Dragon Ball Heroes: World Mission"
"Tangle Tower","1352","Tangle Tower","10599720","52380","16643","7","172","20","0","202.36","Tangle Tower"
"Conker's Bad Fur Day","1353","Conker's Bad Fur Day","10598400","339540","6056","8","1036","20","0","31.21","Conker's Bad Fur Day"
"Conan Unconquered","1354","Conan Unconquered","10590780","166080","38418","112","609","20","0","63.77","Conan Unconquered"
"Sea of Solitude","1355","Sea of Solitude","10584960","220800","19397","42","1218","20","0","47.94","Sea of Solitude"
"Kirby: Nightmare in Dream Land","1356","Kirby: Nightmare in Dream Land","10573380","153000","142110","9","343","20","0","69.11","Kirby: Nightmare in Dream Land"
"Dragon Warrior","1357","Dragon Warrior","10551180","683100","9313","17","426","20","1","15.45","Dragon Warrior"
"Clue/Cluedo The Classic Mystery Game","1358","Clue/Cluedo The Classic Mystery Game","10546200","126180","32563","5","539","20","0","83.58","Clue/Cluedo The Classic Mystery Game"
"Teenage Mutant Ninja Turtles III: The Manhattan Project","1359","Teenage Mutant Ninja Turtles III: The Manhattan Project","10546140","20220","151780","12","89","20","0","521.57","Teenage Mutant Ninja Turtles III: The Manhattan Project"
"Wounded","1360","Wounded","10536960","46860","23621","6","311","20","0","224.86","Wounded"
"Fable Anniversary","1361","Fable Anniversary","10502880","1145400","4775","17","3387","19","2","9.17","Fable Anniversary"
"Surviving the Aftermath","1362","Surviving the Aftermath","10489860","273540","11472","30","860","19","0","38.35","Surviving the Aftermath"
"Pathfinder","1363","Pathfinder","10487580","1106820","3204","18","858","19","2","9.48","Pathfinder"
"Leisure Suit Larry: Wet Dreams Don't Dry","1364","Leisure Suit Larry: Wet Dreams Don't Dry","10486140","176820","18266","5","452","19","0","59.3","Leisure Suit Larry: Wet Dreams Don't Dry"
"Forgiveness","1365","Forgiveness","10473780","42960","25359","6","253","19","0","243.8","Forgiveness"
"Call of Duty: Infinite Warfare","1366","Call of Duty: Infinite Warfare","10446000","3518400","1468","26","14197","19","6","2.97","Call of Duty: Infinite Warfare"
"Mad Max","1367","Mad Max","10420740","2355420","1827","24","6369","19","4","4.42","Mad Max"
"Night in the Woods","1368","Night in the Woods","10409100","756900","5200","11","2262","19","1","13.75","Night in the Woods"
"Semblance","1369","Semblance","10402500","11220","118647","14","62","19","0","927.14","Semblance"
"Planetary Annihilation: TITANS","1370","Planetary Annihilation: TITANS","10399860","419040","7818","9","1177","19","0","24.82","Planetary Annihilation: TITANS"
"Far Cry: Primal","1371","Far Cry: Primal","10325880","1801200","12151","21","6854","19","3","5.73","Far Cry: Primal"
"Baldur's Gate II: Shadows of Amn","1372","Baldur's Gate II: Shadows of Amn","10324680","472320","1484","8","518","19","0","21.86","Baldur's Gate II: Shadows of Amn"
"Enderal","1373","Enderal","10324080","682020","2758","20","1274","19","1","15.14","Enderal"
"Grand Theft Auto","1374","Grand Theft Auto","10310520","794040","11586","12","4501","19","1","12.98","Grand Theft Auto"
"Steel Division 2","1375","Steel Division 2","10284000","309360","7702","14","527","19","0","33.24","Steel Division 2"
"The Deed: Dynasty","1376","The Deed: Dynasty","10253760","8880","16168","4","37","19","0","1154.7","The Deed: Dynasty"
"Sigma Theory","1377","Sigma Theory","10248120","119100","11243","14","623","19","0","86.05","Sigma Theory"
"Earth Defense Force 4.1: The Shadow of New Despair","1378","Earth Defense Force 4.1: The Shadow of New Despair","10220640","836880","10047","14","2967","19","1","12.21","Earth Defense Force 4.1: The Shadow of New Despair"
"BattleBlock Theater","1379","BattleBlock Theater","10216860","686460","17758","11","4576","19","1","14.88","BattleBlock Theater"
"Crackdown 3","1380","Crackdown 3","10202460","1137120","13452","196","4551","19","2","8.97","Crackdown 3"
"Majsoul","1381","Majsoul","10182240","536880","3253","21","614","19","1","18.97","Majsoul"
"Flyff - Fly For Fun","1382","Flyff - Fly For Fun","10173240","1170720","5398","11","795","19","2","8.69","Flyff - Fly For Fun"
"Bio Inc. Redemption","1383","Bio Inc. Redemption","10171020","57720","18761","7","287","19","0","176.21","Bio Inc. Redemption"
"Sniper Ghost Warrior Contracts","1384","Sniper Ghost Warrior Contracts","10155960","390300","31247","73","1378","19","0","26.02","Sniper Ghost Warrior Contracts"
"Fe","1385","Fe","10151640","168480","100279","9","781","19","0","60.25","Fe"
"Naruto Shippuden: Ultimate Ninja Storm 3","1386","Naruto Shippuden: Ultimate Ninja Storm 3","10141740","87960","15375","3","409","19","0","115.3","Naruto Shippuden: Ultimate Ninja Storm 3"
"TimeSplitters 2","1387","TimeSplitters 2","10135440","99000","151928","12","224","19","0","102.38","TimeSplitters 2"
"Zombies Ate My Neighbors","1388","Zombies Ate My Neighbors","10123200","62940","104778","11","329","19","0","160.84","Zombies Ate My Neighbors"
"Dissidia Final Fantasy NT","1389","Dissidia Final Fantasy NT","10074960","1890480","3091","61","3364","19","3","5.33","Dissidia Final Fantasy NT"
"Gato Roboto","1390","Gato Roboto","10058940","298800","15739","34","1331","19","0","33.66","Gato Roboto"
"Castle Crashers","1391","Castle Crashers","10047060","1273740","24779","28","7642","19","2","7.89","Castle Crashers"
"Blaster Master","1392","Blaster Master","10046700","38640","101183","9","106","19","0","260.01","Blaster Master"
"Ristar","1393","Ristar","9999540","43500","86758","10","118","19","0","229.87","Ristar"
"Resident Evil: Outbreak - File #2","1394","Resident Evil: Outbreak - File #2","9977940","606840","1442","8","449","18","1","16.44","Resident Evil: Outbreak - File #2"
"God of War III","1395","God of War III","9970260","507420","4285","8","4935","18","0","19.65","God of War III"
"Gordo 106","1396","Gordo 106","9953340","1560","83286","8","14","18","0","6380.35","Gordo 106"
"I'm On Observation Duty","1397","I'm On Observation Duty","9937260","52080","15798","4","273","18","0","190.81","I'm On Observation Duty"
"The Legend of Zelda: Ocarina of Time 3D","1398","The Legend of Zelda: Ocarina of Time 3D","9925860","312000","5868","8","566","18","0","31.81","The Legend of Zelda: Ocarina of Time 3D"
"Castlevania Chronicles","1399","Castlevania Chronicles","9920940","26820","163430","18","96","18","0","369.91","Castlevania Chronicles"
"The World Ends With You","1400","The World Ends With You","9911940","183060","16899","6","331","18","0","54.15","The World Ends With You"