"","","Game","Watch time","Stream time","Peak viewers","Peak channels","Streamers","Average viewers","Average channels","Average viewer ratio",""
"The Monkey King","2001","The Monkey King","5310120","1380","88327","3","6","10","0","3847.91","The Monkey King"
"imscared","2002","imscared","5304420","58980","21110","4","339","10","0","89.94","imscared"
"Digimon Story: Cyber Sleuth Complete Edition","2003","Digimon Story: Cyber Sleuth Complete Edition","5304420","470220","3575","21","787","10","0","11.28","Digimon Story: Cyber Sleuth Complete Edition"
"Xenogears","2004","Xenogears","5295900","411660","2782","8","329","10","0","12.86","Xenogears"
"BioShock: The Collection","2005","BioShock: The Collection","5287440","691740","3843","12","4262","10","1","7.64","BioShock: The Collection"
"Dungeons 3","2006","Dungeons 3","5283480","441000","16755","10","1198","10","0","11.98","Dungeons 3"
"Skies of Arcadia: Legends","2007","Skies of Arcadia: Legends","5282340","325920","1068","8","266","10","0","16.21","Skies of Arcadia: Legends"
"Unravel 2","2008","Unravel 2","5275080","304860","4845","7","1543","10","0","17.3","Unravel 2"
"The Crew","2009","The Crew","5264580","446160","3450","8","3672","10","0","11.8","The Crew"
"Romance of the Three Kingdoms XIII","2010","Romance of the Three Kingdoms XIII","5262960","155700","2176","5","142","10","0","33.8","Romance of the Three Kingdoms XIII"
"Stationeers","2011","Stationeers","5253840","413580","2202","8","414","9","0","12.7","Stationeers"
"Just Cause 4","2012","Just Cause 4","5247060","1971420","2730","35","9412","9","3","2.66","Just Cause 4"
"Skyforge","2013","Skyforge","5246940","1147080","3535","14","2817","9","2","4.57","Skyforge"
"Darksiders II","2014","Darksiders II","5243640","1330500","3652","15","3410","9","2","3.94","Darksiders II"
"Alias","2015","Alias","5237700","11280","38650","1","15","9","0","464.34","Alias"
"YIIK: A Postmodern RPG","2016","YIIK: A Postmodern RPG","5221800","169320","2255","26","353","9","0","30.84","YIIK: A Postmodern RPG"
"Dead Island","2017","Dead Island","5218500","1010760","1393","18","4273","9","1","5.16","Dead Island"
"Cliff Empire","2018","Cliff Empire","5218440","234660","23066","17","635","9","0","22.24","Cliff Empire"
"Mysterium","2019","Mysterium","5212860","49020","5894","7","212","9","0","106.34","Mysterium"
"Swords of Gargantua","2020","Swords of Gargantua","5210100","30720","19423","5","148","9","0","169.6","Swords of Gargantua"
"Wii Sports","2021","Wii Sports","5203920","112800","8987","4","546","9","0","46.13","Wii Sports"
"Vacation Simulator","2022","Vacation Simulator","5202660","90660","24170","7","607","9","0","57.39","Vacation Simulator"
"Cultist Simulator","2023","Cultist Simulator","5187300","409440","5974","13","1469","9","0","12.67","Cultist Simulator"
"Battle Realms","2024","Battle Realms","5187000","19320","6812","4","67","9","0","268.48","Battle Realms"
"Rules of Survival","2025","Rules of Survival","5185380","1304220","5427","17","3497","9","2","3.98","Rules of Survival"
"Beholder 2","2026","Beholder 2","5181540","197640","6281","6","614","9","0","26.22","Beholder 2"
"Stygian: Reign of the Old Ones","2027","Stygian: Reign of the Old Ones","5177880","135720","4638","25","388","9","0","38.15","Stygian: Reign of the Old Ones"
"Khimera: Destroy All Monster Girls","2028","Khimera: Destroy All Monster Girls","5172960","15780","95189","11","65","9","0","327.82","Khimera: Destroy All Monster Girls"
"Naruto Shippuden: Ultimate Ninja Storm 4 - Road to Boruto","2029","Naruto Shippuden: Ultimate Ninja Storm 4 - Road to Boruto","5171100","49440","19757","3","3106","9","0","104.59","Naruto Shippuden: Ultimate Ninja Storm 4 - Road to Boruto"
"Rise of Industry","2030","Rise of Industry","5168820","214320","2189","18","799","9","0","24.12","Rise of Industry"
"Shenmue I & II","2031","Shenmue I & II","5168040","542880","3398","12","1021","9","1","9.52","Shenmue I & II"
"SAW","2032","SAW","5166180","74820","7345","3","209","9","0","69.05","SAW"
"Ratchet & Clank: Going Commando","2033","Ratchet & Clank: Going Commando","5162760","284460","5182","5","281","9","0","18.15","Ratchet & Clank: Going Commando"
"Kind Words (lo fi chill beats to write to)","2034","Kind Words (lo fi chill beats to write to)","5158140","64260","25850","6","464","9","0","80.27","Kind Words (lo fi chill beats to write to)"
"Climbey","2035","Climbey","5156400","37800","21438","4","242","9","0","136.41","Climbey"
"Desert Bus","2036","Desert Bus","5146920","108840","5615","6","441","9","0","47.29","Desert Bus"
"Brothers: A Tale of Two Sons","2037","Brothers: A Tale of Two Sons","5137500","224580","8613","5","1319","9","0","22.88","Brothers: A Tale of Two Sons"
"I Expect You to Die","2038","I Expect You to Die","5134620","122100","8090","4","816","9","0","42.05","I Expect You to Die"
"Bloons TD Battles","2039","Bloons TD Battles","5134140","892680","1256","10","2843","9","1","5.75","Bloons TD Battles"
"Super Mario All-Stars","2040","Super Mario All-Stars","5133180","171060","11194","6","583","9","0","30.01","Super Mario All-Stars"
"Pokémon XD: Gale of Darkness","2041","Pokémon XD: Gale of Darkness","5106480","482940","5211","8","907","9","0","10.57","Pokémon XD: Gale of Darkness"
"Just Dance 2017","2042","Just Dance 2017","5102460","99480","4029","5","543","9","0","51.29","Just Dance 2017"
"Final Assault","2043","Final Assault","5101260","51360","3395","6","153","9","0","99.32","Final Assault"
"Kholat","2044","Kholat","5100660","357300","6823","35","2584","9","0","14.28","Kholat"
"Fighting EX Layer","2045","Fighting EX Layer","5099700","156720","9370","10","406","9","0","32.54","Fighting EX Layer"
"Star Wars: Galaxy of Heroes","2046","Star Wars: Galaxy of Heroes","5078220","472680","389","8","452","9","0","10.74","Star Wars: Galaxy of Heroes"
"HQ Trivia","2047","HQ Trivia","5073900","113160","1144","6","36","9","0","44.84","HQ Trivia"
"Monster Hunter Frontier Z","2048","Monster Hunter Frontier Z","5068140","175560","771","19","172","9","0","28.87","Monster Hunter Frontier Z"
"Mort the Chicken","2049","Mort the Chicken","5067780","11220","110248","13","40","9","0","451.67","Mort the Chicken"
"South Park: Phone Destroyer","2050","South Park: Phone Destroyer","5064360","420480","567","5","323","9","0","12.04","South Park: Phone Destroyer"
"Deponia","2051","Deponia","5062860","347340","3420","8","1184","9","0","14.58","Deponia"
"OneShot","2052","OneShot","5062200","411120","3008","7","1316","9","0","12.31","OneShot"
"Internet Simulator","2053","Internet Simulator","5056800","38280","14234","14","174","9","0","132.1","Internet Simulator"
"The Coma 2: Vicious Sisters","2054","The Coma 2: Vicious Sisters","5051640","44220","14776","9","164","9","0","114.24","The Coma 2: Vicious Sisters"
"Punch Club","2055","Punch Club","5050200","174900","2490","5","642","9","0","28.87","Punch Club"
"Rusty Lake Paradise","2056","Rusty Lake Paradise","5049960","127200","27083","5","478","9","0","39.7","Rusty Lake Paradise"
"Surgeon Simulator 2013","2057","Surgeon Simulator 2013","5043300","161640","10268","5","1987","9","0","31.2","Surgeon Simulator 2013"
"The Battle of Olympus","2058","The Battle of Olympus","5039760","6420","114010","14","29","9","0","785.01","The Battle of Olympus"
"BombTag","2059","BombTag","5021820","68580","13547","4","526","9","0","73.23","BombTag"
"Castlevania Anniversary Collection","2060","Castlevania Anniversary Collection","5019000","356940","3709","36","1293","9","0","14.06","Castlevania Anniversary Collection"
"Paranormal Activity: The Lost Soul","2061","Paranormal Activity: The Lost Soul","5008200","170040","4236","9","1099","9","0","29.45","Paranormal Activity: The Lost Soul"
"Cannabis","2062","Cannabis","5007900","580740","5575","21","179","9","1","8.62","Cannabis"
"Corpse Party","2063","Corpse Party","5006580","345600","2190","14","761","9","0","14.49","Corpse Party"
"Beholder","2064","Beholder","5006100","298860","5304","9","1465","9","0","16.75","Beholder"
"Staxel","2065","Staxel","5003940","445620","16529","23","1389","9","0","11.23","Staxel"
"Cook, Serve, Delicious! 2!!","2066","Cook, Serve, Delicious! 2!!","5002020","232260","28665","5","919","9","0","21.54","Cook, Serve, Delicious! 2!!"
"Senran Kagura Burst Re:Newal","2067","Senran Kagura Burst Re:Newal","5001900","348300","26455","32","943","9","0","14.36","Senran Kagura Burst Re:Newal"
"Waku Waku Sonic Patrol Car","2068","Waku Waku Sonic Patrol Car","5001480","147240","785","7","197","9","0","33.97","Waku Waku Sonic Patrol Car"
"Besiege","2069","Besiege","4990800","182100","8243","4","1143","9","0","27.41","Besiege"
"UFC Undisputed 3","2070","UFC Undisputed 3","4989900","128100","20261","12","774","9","0","38.95","UFC Undisputed 3"
"Skate 3","2071","Skate 3","4977900","1031940","2774","14","6813","9","1","4.82","Skate 3"
"Mega Man X3","2072","Mega Man X3","4977300","237240","8743","7","554","9","0","20.98","Mega Man X3"
"Gears of War 2","2073","Gears of War 2","4977300","609480","4147","16","1674","9","1","8.17","Gears of War 2"
"MaskGun","2074","MaskGun","4975380","85920","1989","4","274","9","0","57.91","MaskGun"
"Mega Man X4","2075","Mega Man X4","4970040","321900","2769","9","912","9","0","15.44","Mega Man X4"
"Bound Up & Squirming!","2076","Bound Up & Squirming!","4959780","4260","26549","3","37","9","0","1164.27","Bound Up & Squirming!"
"Chocobo Mystery Dungeon: Every Buddy!","2077","Chocobo Mystery Dungeon: Every Buddy!","4951680","252720","3529","29","461","9","0","19.59","Chocobo Mystery Dungeon: Every Buddy!"
"Kingdom Hearts","2078","Kingdom Hearts","4951380","1502880","838","23","55713","9","2","3.29","Kingdom Hearts"
"Tattletail","2079","Tattletail","4943760","49680","19223","5","370","9","0","99.51","Tattletail"
"Monopoly One","2080","Monopoly One","4939680","350880","3110","8","1016","9","0","14.08","Monopoly One"
"Left Alone","2081","Left Alone","4938780","35760","26499","9","195","9","0","138.11","Left Alone"
"The Dark Mod","2082","The Dark Mod","4933620","20760","3057","2","46","9","0","237.65","The Dark Mod"
"Street Fighter 30th Anniversary Collection","2083","Street Fighter 30th Anniversary Collection","4930680","267720","6552","7","1798","9","0","18.42","Street Fighter 30th Anniversary Collection"
"Discworld","2084","Discworld","4929840","36060","2880","2","74","9","0","136.71","Discworld"
"DJ MAX Respect","2085","DJ MAX Respect","4921620","75780","6243","15","462","9","0","64.95","DJ MAX Respect"
"Ninja Five-O","2086","Ninja Five-O","4918740","3840","118329","14","31","9","0","1280.92","Ninja Five-O"
"Mordheim: City of the Damned","2087","Mordheim: City of the Damned","4913700","308460","6385","6","401","9","0","15.93","Mordheim: City of the Damned"
"Sansar","2088","Sansar","4909980","139560","16118","136","541","9","0","35.18","Sansar"
"Stormworks: Build and Rescue","2089","Stormworks: Build and Rescue","4907520","464280","5166","8","925","9","0","10.57","Stormworks: Build and Rescue"
"Snipperclips: Cut It Out, Together!","2090","Snipperclips: Cut It Out, Together!","4891560","37620","8755","2","216","9","0","130.03","Snipperclips: Cut It Out, Together!"
"Psychonauts","2091","Psychonauts","4888980","547980","2224","12","1743","9","1","8.92","Psychonauts"
"Shadow Warrior","2092","Shadow Warrior","4886700","338760","4745","7","1209","9","0","14.43","Shadow Warrior"
"Eternal Darkness: Sanity's Requiem","2093","Eternal Darkness: Sanity's Requiem","4881240","273480","1543","12","466","9","0","17.85","Eternal Darkness: Sanity's Requiem"
"Pokémon Mystery Dungeon: Blue/Red Rescue Team","2094","Pokémon Mystery Dungeon: Blue/Red Rescue Team","4878060","365280","1541","7","742","9","0","13.35","Pokémon Mystery Dungeon: Blue/Red Rescue Team"
"Call of Duty 2","2095","Call of Duty 2","4877040","562560","5726","14","1806","9","1","8.67","Call of Duty 2"
"Fire Emblem: Shin Monshou no Nazo - Hikari to Kage no Eiyuu","2096","Fire Emblem: Shin Monshou no Nazo - Hikari to Kage no Eiyuu","4875420","58680","2060","3","64","9","0","83.08","Fire Emblem: Shin Monshou no Nazo - Hikari to Kage no Eiyuu"
"Interview","2097","Interview","4873680","53220","644","2","79","9","0","91.58","Interview"
"Subsistence","2098","Subsistence","4870320","574920","9737","11","899","9","1","8.47","Subsistence"
"Hotline Miami 2: Wrong Number","2099","Hotline Miami 2: Wrong Number","4868100","493860","3570","8","2923","9","0","9.86","Hotline Miami 2: Wrong Number"
"Jalopy","2100","Jalopy","4867140","219780","5544","13","1228","9","0","22.15","Jalopy"