"","","Game","Watch time","Stream time","Peak viewers","Peak channels","Streamers","Average viewers","Average channels","Average viewer ratio",""
"Windlands 2","4801","Windlands 2","830160","30720","1632","2","163","1","0","27.02","Windlands 2"
"Tannenberg","4802","Tannenberg","829920","157380","459","11","773","1","0","5.27","Tannenberg"
"DuckTales","4803","DuckTales","829320","54900","3993","5","312","1","0","15.11","DuckTales"
"Kingdom: The Far Reaches","4804","Kingdom: The Far Reaches","828360","240","4937","1","2","1","0","3451.5","Kingdom: The Far Reaches"
"Costume Quest","4805","Costume Quest","828000","148260","269","41","714","1","0","5.58","Costume Quest"
"World of Darkness","4806","World of Darkness","826920","58980","2966","4","44","1","0","14.02","World of Darkness"
"Action Henk","4807","Action Henk","826740","27000","11588","3","143","1","0","30.62","Action Henk"
"Happy Room","4808","Happy Room","826560","23760","1484","2","136","1","0","34.79","Happy Room"
"Reflex Arena","4809","Reflex Arena","826560","115020","6918","4","153","1","0","7.19","Reflex Arena"
"Colina: Legacy","4810","Colina: Legacy","826080","46260","1659","3","169","1","0","17.86","Colina: Legacy"
"Just Dance 4","4811","Just Dance 4","826020","9060","5158","3","58","1","0","91.17","Just Dance 4"
"Conflict","4812","Conflict","825000","3060","476","1","1","1","0","269.61","Conflict"
"Karmaflow: The Rock Opera Videogame","4813","Karmaflow: The Rock Opera Videogame","824880","7200","4780","2","15","1","0","114.57","Karmaflow: The Rock Opera Videogame"
"Mobius Final Fantasy","4814","Mobius Final Fantasy","824580","258240","395","6","410","1","0","3.19","Mobius Final Fantasy"
"A Boy and His Blob","4815","A Boy and His Blob","824400","22020","11187","2","92","1","0","37.44","A Boy and His Blob"
"Stream Animals","4816","Stream Animals","824340","162060","164","3","93","1","0","5.09","Stream Animals"
"Lust from Beyond","4817","Lust from Beyond","823680","31920","1102","3","248","1","0","25.8","Lust from Beyond"
"Dungeon World","4818","Dungeon World","823620","38880","802","2","48","1","0","21.18","Dungeon World"
"Dragon Ball Z","4819","Dragon Ball Z","823200","90600","1995","3","137","1","0","9.09","Dragon Ball Z"
"Global Game Jam","4820","Global Game Jam","822480","138480","1060","66","152","1","0","5.94","Global Game Jam"
"LiEat","4821","LiEat","822420","23760","4697","2","125","1","0","34.61","LiEat"
"LEGO Star Wars III: The Clone Wars","4822","LEGO Star Wars III: The Clone Wars","822360","115680","2498","5","536","1","0","7.11","LEGO Star Wars III: The Clone Wars"
"Evolve","4823","Evolve","822240","241740","2932","6","701","1","0","3.4","Evolve"
"Renowned Explorers: International Society","4824","Renowned Explorers: International Society","821820","37380","1998","5","136","1","0","21.99","Renowned Explorers: International Society"
"Double Action: Boogaloo","4825","Double Action: Boogaloo","821700","45480","5180","3","289","1","0","18.07","Double Action: Boogaloo"
"Crayola Scoot","4826","Crayola Scoot","820980","10920","6908","2","65","1","0","75.18","Crayola Scoot"
"Kid Chameleon","4827","Kid Chameleon","820800","46740","6677","6","117","1","0","17.56","Kid Chameleon"
"Sam & Max Episode 4: Abe Lincoln Must Die!","4828","Sam & Max Episode 4: Abe Lincoln Must Die!","820680","5820","3418","1","30","1","0","141.01","Sam & Max Episode 4: Abe Lincoln Must Die!"
"Detective Pikachu","4829","Detective Pikachu","820440","53460","717","4","111","1","0","15.35","Detective Pikachu"
"2Dark","4830","2Dark","820440","26880","1224","3","115","1","0","30.52","2Dark"
"Lego Batman 3: Beyond Gotham","4831","Lego Batman 3: Beyond Gotham","820260","157860","2421","13","1424","1","0","5.2","Lego Batman 3: Beyond Gotham"
"TrackMania United Forever","4832","TrackMania United Forever","820080","145620","1419","7","463","1","0","5.63","TrackMania United Forever"
"Mega Man Legacy Collection 2","4833","Mega Man Legacy Collection 2","818580","209580","157","4","699","1","0","3.91","Mega Man Legacy Collection 2"
"American Ninja Warrior Challenge","4834","American Ninja Warrior Challenge","818160","1680","7040","1","31","1","0","487","American Ninja Warrior Challenge"
"Nier Replicant","4835","Nier Replicant","818100","40740","448","2","59","1","0","20.08","Nier Replicant"
"UEFA Challenge","4836","UEFA Challenge","817980","3240","5374","4","17","1","0","252.46","UEFA Challenge"
"Need for Speed Underground: Rivals","4837","Need for Speed Underground: Rivals","817200","4380","1241","1","17","1","0","186.58","Need for Speed Underground: Rivals"
"Putt-Putt Joins the Circus","4838","Putt-Putt Joins the Circus","816780","5400","4608","1","45","1","0","151.26","Putt-Putt Joins the Circus"
"Rock Simulator","4839","Rock Simulator","816600","10140","5031","2","31","1","0","80.53","Rock Simulator"
"How to Survive 2","4840","How to Survive 2","816600","245040","297","7","848","1","0","3.33","How to Survive 2"
"Rune Factory: Frontier","4841","Rune Factory: Frontier","816000","90840","512","3","74","1","0","8.98","Rune Factory: Frontier"
"SkateBird","4842","SkateBird","815520","9960","17011","6","145","1","0","81.88","SkateBird"
"Dragon Quest IX: Sentinels of the Starry Skies","4843","Dragon Quest IX: Sentinels of the Starry Skies","815220","132240","200","4","198","1","0","6.16","Dragon Quest IX: Sentinels of the Starry Skies"
"Arcania: Gothic 4","4844","Arcania: Gothic 4","814440","54420","862","3","112","1","0","14.97","Arcania: Gothic 4"
"Santa's Special Delivery","4845","Santa's Special Delivery","814200","780","3887","1","3","1","0","1043.85","Santa's Special Delivery"
"Baldur's Gate: Enhanced Edition Pack","4846","Baldur's Gate: Enhanced Edition Pack","813900","40800","759","6","102","1","0","19.95","Baldur's Gate: Enhanced Edition Pack"
"Supraball","4847","Supraball","813840","123540","1424","6","829","1","0","6.59","Supraball"
"one night, hot springs","4848","one night, hot springs","813720","7980","9653","2","72","1","0","101.97","one night, hot springs"
"Nice Shot Golf","4849","Nice Shot Golf","813420","3720","3433","2","32","1","0","218.66","Nice Shot Golf"
"Electronauts","4850","Electronauts","813420","127140","2183","5","625","1","0","6.4","Electronauts"
"Dungeon","4851","Dungeon","812880","7980","2344","1","30","1","0","101.86","Dungeon"
"Hatsune Miku: Project Diva X","4852","Hatsune Miku: Project Diva X","812820","143400","797","5","616","1","0","5.67","Hatsune Miku: Project Diva X"
"Cube Escape: Birthday","4853","Cube Escape: Birthday","812400","5400","4059","2","41","1","0","150.44","Cube Escape: Birthday"
"Peggle Nights","4854","Peggle Nights","812400","25740","353","2","119","1","0","31.56","Peggle Nights"
"My Memory of Us","4855","My Memory of Us","812100","51120","346","3","165","1","0","15.89","My Memory of Us"
"Forza Horizon 2","4856","Forza Horizon 2","811860","370080","426","7","2103","1","0","2.19","Forza Horizon 2"
"FreeStyle 2 Online","4857","FreeStyle 2 Online","810840","16800","5002","2","68","1","0","48.26","FreeStyle 2 Online"
"Steins;Gate Elite","4858","Steins;Gate Elite","810000","147600","185","11","276","1","0","5.49","Steins;Gate Elite"
"StreetPass Mii Plaza","4859","StreetPass Mii Plaza","808440","1980","5180","2","10","1","0","408.3","StreetPass Mii Plaza"
"Lunar: Silver Star Story Complete","4860","Lunar: Silver Star Story Complete","807540","140760","510","4","129","1","0","5.74","Lunar: Silver Star Story Complete"
"Outpost Zero","4861","Outpost Zero","806940","100200","877","8","285","1","0","8.05","Outpost Zero"
"King Arthur's Gold","4862","King Arthur's Gold","806880","43440","909","3","187","1","0","18.57","King Arthur's Gold"
"The Station","4863","The Station","806820","13320","4331","2","64","1","0","60.57","The Station"
"Virtua Fighter","4864","Virtua Fighter","806580","720","7777","1","7","1","0","1120.25","Virtua Fighter"
"Ace of Seafood","4865","Ace of Seafood","806520","17880","2413","2","106","1","0","45.11","Ace of Seafood"
"Killer7","4866","Killer7","806160","154140","132","6","406","1","0","5.23","Killer7"
"Maniac Mansion","4867","Maniac Mansion","805980","24780","1127","2","104","1","0","32.53","Maniac Mansion"
"Lost Sphear","4868","Lost Sphear","805620","94320","673","3","141","1","0","8.54","Lost Sphear"
"I Love Horses","4869","I Love Horses","805560","660","3672","1","3","1","0","1220.55","I Love Horses"
"Kinniku Banzuke: Muscle Wars 21","4870","Kinniku Banzuke: Muscle Wars 21","805440","840","13079","1","3","1","0","958.86","Kinniku Banzuke: Muscle Wars 21"
"Trials Evolution","4871","Trials Evolution","804900","122100","398","7","409","1","0","6.59","Trials Evolution"
"Jak and Daxter Collection","4872","Jak and Daxter Collection","804600","61620","196","3","128","1","0","13.06","Jak and Daxter Collection"
"Senran Kagura Bon Appétit!","4873","Senran Kagura Bon Appétit!","804300","32520","1611","3","159","1","0","24.73","Senran Kagura Bon Appétit!"
"The Sims Medieval","4874","The Sims Medieval","804060","56340","784","2","170","1","0","14.27","The Sims Medieval"
"DJ Life","4875","DJ Life","803700","45960","348","3","95","1","0","17.49","DJ Life"
"Resident Evil Origins Collection","4876","Resident Evil Origins Collection","803640","387780","110","10","949","1","0","2.07","Resident Evil Origins Collection"
"The Night of the Rabbit","4877","The Night of the Rabbit","803400","85920","991","3","208","1","0","9.35","The Night of the Rabbit"
"The Glass Staircase","4878","The Glass Staircase","803220","14100","3584","2","72","1","0","56.97","The Glass Staircase"
"LEGO DC Super-Villains","4879","LEGO DC Super-Villains","803160","196500","1036","6","1064","1","0","4.09","LEGO DC Super-Villains"
"White Cat Project","4880","White Cat Project","802680","97920","1454","3","37","1","0","8.2","White Cat Project"
"Bleach Mobile 3D","4881","Bleach Mobile 3D","802620","62040","294","8","88","1","0","12.94","Bleach Mobile 3D"
"Neopets: The Darkest Faerie","4882","Neopets: The Darkest Faerie","801480","32520","406","2","56","1","0","24.65","Neopets: The Darkest Faerie"
"PT-109","4883","PT-109","801180","1500","4994","1","13","1","0","534.12","PT-109"
"Deru","4884","Deru","800160","6720","14517","6","18","1","0","119.07","Deru"
"SuperPower 2","4885","SuperPower 2","800100","7260","2461","1","33","1","0","110.21","SuperPower 2"
"Saint Seiya Cosmo Fantasy","4886","Saint Seiya Cosmo Fantasy","799440","13980","274","2","16","1","0","57.18","Saint Seiya Cosmo Fantasy"
"Vampire: The Masquerade - Coteries of New York","4887","Vampire: The Masquerade - Coteries of New York","798120","38160","651","16","156","1","0","20.92","Vampire: The Masquerade - Coteries of New York"
"Why That Girl Stopped Drawing","4888","Why That Girl Stopped Drawing","797760","2820","13168","1","12","1","0","282.89","Why That Girl Stopped Drawing"
"Ehrgeiz: God Bless the Ring","4889","Ehrgeiz: God Bless the Ring","797100","16320","8528","2","48","1","0","48.84","Ehrgeiz: God Bless the Ring"
"OpenRA","4890","OpenRA","796380","46920","1798","3","96","1","0","16.97","OpenRA"
"Face-Off","4891","Face-Off","796260","1260","7593","1","4","1","0","631.95","Face-Off"
"Niche - a genetics survival game","4892","Niche - a genetics survival game","796260","58620","4727","4","321","1","0","13.58","Niche - a genetics survival game"
"GRID Autosport","4893","GRID Autosport","795780","135840","2949","4","607","1","0","5.86","GRID Autosport"
"Teeworlds","4894","Teeworlds","795420","132780","3128","6","445","1","0","5.99","Teeworlds"
"Beyond the Beyond","4895","Beyond the Beyond","795180","19860","309","2","29","1","0","40.04","Beyond the Beyond"
"Prototype","4896","Prototype","794820","202800","374","4","1002","1","0","3.92","Prototype"
"Championship Pool","4897","Championship Pool","794220","3600","445","1","4","1","0","220.62","Championship Pool"
"Croc: Legend of the Gobbos","4898","Croc: Legend of the Gobbos","793500","50700","5934","3","179","1","0","15.65","Croc: Legend of the Gobbos"
"Mark of the Ninja","4899","Mark of the Ninja","793320","177420","1148","5","681","1","0","4.47","Mark of the Ninja"
"The Elder Scrolls: Arena","4900","The Elder Scrolls: Arena","792960","74340","2448","3","171","1","0","10.67","The Elder Scrolls: Arena"