"","","Game","Watch time","Stream time","Peak viewers","Peak channels","Streamers","Average viewers","Average channels","Average viewer ratio",""
"Transformice","3301","Transformice","1999380","192120","5265","5","1001","3","0","10.41","Transformice"
"Jaws","3302","Jaws","1998300","6360","15390","5","45","3","0","314.2","Jaws"
"Ghost Master","3303","Ghost Master","1997880","35820","22915","5","143","3","0","55.78","Ghost Master"
"Lara Croft Tomb Raider: The Angel of Darkness","3304","Lara Croft Tomb Raider: The Angel of Darkness","1996560","82980","3230","3","130","3","0","24.06","Lara Croft Tomb Raider: The Angel of Darkness"
"Yonder: The Cloud Catcher Chronicles","3305","Yonder: The Cloud Catcher Chronicles","1995360","180780","1048","5","557","3","0","11.04","Yonder: The Cloud Catcher Chronicles"
"Marvel vs. Capcom: Clash of Super Heroes","3306","Marvel vs. Capcom: Clash of Super Heroes","1995240","41640","10899","3","204","3","0","47.92","Marvel vs. Capcom: Clash of Super Heroes"
"ICEY","3307","ICEY","1995180","71160","14018","3","330","3","0","28.04","ICEY"
"Planescape: Torment: Enhanced Edition","3308","Planescape: Torment: Enhanced Edition","1994880","111360","10662","4","197","3","0","17.91","Planescape: Torment: Enhanced Edition"
"Spiral Knights","3309","Spiral Knights","1993320","250920","158","5","656","3","0","7.94","Spiral Knights"
"Sly 3: Honor Among Thieves","3310","Sly 3: Honor Among Thieves","1989420","147900","1539","3","230","3","0","13.45","Sly 3: Honor Among Thieves"
"Everything","3311","Everything","1987860","210420","4757","17","1470","3","0","9.45","Everything"
"Overkill's The Walking Dead","3312","Overkill's The Walking Dead","1984920","359400","692","20","1117","3","0","5.52","Overkill's The Walking Dead"
"Impale","3313","Impale","1984140","480","13591","4","4","3","0","4133.63","Impale"
"Gems of War","3314","Gems of War","1983120","468300","296","7","958","3","0","4.23","Gems of War"
"War for the Overworld","3315","War for the Overworld","1981680","95220","2069","5","331","3","0","20.81","War for the Overworld"
"Mechanism","3316","Mechanism","1981380","5880","5446","2","34","3","0","336.97","Mechanism"
"Nimbatus: The Space Drone Constructor","3317","Nimbatus: The Space Drone Constructor","1979220","24180","6075","4","122","3","0","81.85","Nimbatus: The Space Drone Constructor"
"Dead or Alive Xtreme: Venus Vacation","3318","Dead or Alive Xtreme: Venus Vacation","1977720","252180","3303","7","320","3","0","7.84","Dead or Alive Xtreme: Venus Vacation"
"Sniper Elite V2","3319","Sniper Elite V2","1977060","294360","2358","17","1503","3","0","6.72","Sniper Elite V2"
"Epic Manager","3320","Epic Manager","1974660","1320","32751","2","3","3","0","1495.95","Epic Manager"
"FlatOut","3321","FlatOut","1973880","44580","18353","3","207","3","0","44.28","FlatOut"
"Chaos on Deponia","3322","Chaos on Deponia","1971660","97920","3621","4","227","3","0","20.14","Chaos on Deponia"
"Osiris: New Dawn","3323","Osiris: New Dawn","1970580","184500","7444","7","701","3","0","10.68","Osiris: New Dawn"
"Tilt Brush","3324","Tilt Brush","1970520","79920","5918","4","296","3","0","24.66","Tilt Brush"
"FIFA Mobile","3325","FIFA Mobile","1970100","259020","6838","6","836","3","0","7.61","FIFA Mobile"
"Vicious Circle","3326","Vicious Circle","1968420","71100","12263","22","461","3","0","27.69","Vicious Circle"
"Rival Schools: United by Fate","3327","Rival Schools: United by Fate","1968000","10380","11527","2","52","3","0","189.6","Rival Schools: United by Fate"
"Star Wars: Episode I - Racer","3328","Star Wars: Episode I - Racer","1965780","111180","3213","8","423","3","0","17.68","Star Wars: Episode I - Racer"
"Myst","3329","Myst","1965240","97020","8874","3","293","3","0","20.26","Myst"
"Silent Hill: Book of Memories","3330","Silent Hill: Book of Memories","1964100","10500","580","1","10","3","0","187.06","Silent Hill: Book of Memories"
"Digimon Story: Cyber Sleuth Hacker's Memory","3331","Digimon Story: Cyber Sleuth Hacker's Memory","1962840","330900","722","9","1122","3","0","5.93","Digimon Story: Cyber Sleuth Hacker's Memory"
"Star Wars: Dark Forces","3332","Star Wars: Dark Forces","1962420","78420","9946","3","279","3","0","25.02","Star Wars: Dark Forces"
"Kingdom Hearts Union χ[Cross]","3333","Kingdom Hearts Union χ[Cross]","1960680","139260","596","5","309","3","0","14.08","Kingdom Hearts Union χ[Cross]"
"Light Bearers","3334","Light Bearers","1959900","150060","2035","7","592","3","0","13.06","Light Bearers"
"Field of Glory: Empires","3335","Field of Glory: Empires","1957800","43380","2632","6","93","3","0","45.13","Field of Glory: Empires"
"Shin Megami Tensei: Persona 3 Portable","3336","Shin Megami Tensei: Persona 3 Portable","1956120","281340","294","5","399","3","0","6.95","Shin Megami Tensei: Persona 3 Portable"
"Children of Zodiarcs","3337","Children of Zodiarcs","1955400","28500","11297","7","97","3","0","68.61","Children of Zodiarcs"
"Phantasy Star Online: Blue Burst","3338","Phantasy Star Online: Blue Burst","1955280","390540","1248","9","516","3","0","5.01","Phantasy Star Online: Blue Burst"
"AER: Memories of Old","3339","AER: Memories of Old","1954860","156840","3605","7","838","3","0","12.46","AER: Memories of Old"
"Risk","3340","Risk","1952100","88320","2374","4","348","3","0","22.1","Risk"
"Inch by Inch","3341","Inch by Inch","1950060","1980","20296","2","23","3","0","984.88","Inch by Inch"
"Mighty Gunvolt Burst","3342","Mighty Gunvolt Burst","1947360","28920","7438","3","78","3","0","67.34","Mighty Gunvolt Burst"
"Sin Slayers","3343","Sin Slayers","1945380","63840","2445","18","307","3","0","30.47","Sin Slayers"
"Ys IX: Monstrum Nox","3344","Ys IX: Monstrum Nox","1940100","159240","390","20","100","3","0","12.18","Ys IX: Monstrum Nox"
"Charlie the Unicorn Dating Simulator","3345","Charlie the Unicorn Dating Simulator","1939980","1440","22401","11","17","3","0","1347.21","Charlie the Unicorn Dating Simulator"
"Banjo-Kazooie: Nuts & Bolts","3346","Banjo-Kazooie: Nuts & Bolts","1936440","69600","372","3","123","3","0","27.82","Banjo-Kazooie: Nuts & Bolts"
"The Lab","3347","The Lab","1934280","57780","5704","3","456","3","0","33.48","The Lab"
"Momentum Mod","3348","Momentum Mod","1934040","149040","1714","4","141","3","0","12.98","Momentum Mod"
"Gears of War: Judgment","3349","Gears of War: Judgment","1933080","222180","2924","7","668","3","0","8.7","Gears of War: Judgment"
"Wrongworld","3350","Wrongworld","1932900","20040","5506","2","58","3","0","96.45","Wrongworld"
"Tropico 4","3351","Tropico 4","1931520","163680","2001","5","463","3","0","11.8","Tropico 4"
"Naruto Shippuden: Narutimate Blazing","3352","Naruto Shippuden: Narutimate Blazing","1929240","79740","554","4","167","3","0","24.19","Naruto Shippuden: Narutimate Blazing"
"Never Alone","3353","Never Alone","1928460","142740","3895","6","829","3","0","13.51","Never Alone"
"Half-Life: Opposing Force","3354","Half-Life: Opposing Force","1928160","163140","627","5","627","3","0","11.82","Half-Life: Opposing Force"
"Harry Potter and the Goblet of Fire","3355","Harry Potter and the Goblet of Fire","1927560","58200","4732","4","158","3","0","33.12","Harry Potter and the Goblet of Fire"
"SIMCITY (2013)","3356","SIMCITY (2013)","1927260","364080","857","8","1240","3","0","5.29","SIMCITY (2013)"
"Ape Escape 2","3357","Ape Escape 2","1920000","111060","2608","4","557","3","0","17.29","Ape Escape 2"
"Perception","3358","Perception","1919820","108000","1684","4","530","3","0","17.78","Perception"
"Samorost 3","3359","Samorost 3","1919580","57420","6274","3","211","3","0","33.43","Samorost 3"
"Corpse Party: Blood Drive","3360","Corpse Party: Blood Drive","1919100","101820","1361","8","187","3","0","18.85","Corpse Party: Blood Drive"
"Marathon","3361","Marathon","1913400","49500","2940","2","77","3","0","38.65","Marathon"
"Wrestling Revolution 3D","3362","Wrestling Revolution 3D","1909620","34320","3155","2","86","3","0","55.64","Wrestling Revolution 3D"
"At Sundown","3363","At Sundown","1909440","7800","21827","4","57","3","0","244.8","At Sundown"
"Castlevania Requiem: Symphony of the Night & Rondo of Blood","3364","Castlevania Requiem: Symphony of the Night & Rondo of Blood","1902600","594000","534","10","2198","3","1","3.2","Castlevania Requiem: Symphony of the Night & Rondo of Blood"
"Trash Bandits","3365","Trash Bandits","1901940","9600","3215","3","109","3","0","198.12","Trash Bandits"
"The King of Fighters '99","3366","The King of Fighters '99","1897920","12600","10148","2","54","3","0","150.63","The King of Fighters '99"
"The Count Lucanor","3367","The Count Lucanor","1895040","72540","1756","3","297","3","0","26.12","The Count Lucanor"
"Youropa","3368","Youropa","1893780","11220","16035","2","30","3","0","168.79","Youropa"
"Chuchel","3369","Chuchel","1892640","46560","4357","4","291","3","0","40.65","Chuchel"
"Super Mario Strikers","3370","Super Mario Strikers","1891500","77760","4836","3","458","3","0","24.32","Super Mario Strikers"
"Seeds of Resilience","3371","Seeds of Resilience","1890240","49440","9814","7","309","3","0","38.23","Seeds of Resilience"
"One Hand Clapping","3372","One Hand Clapping","1890120","65760","10484","3","814","3","0","28.74","One Hand Clapping"
"LEGO The Hobbit","3373","LEGO The Hobbit","1885680","228000","2493","8","1064","3","0","8.27","LEGO The Hobbit"
"Lakeview Cabin Collection","3374","Lakeview Cabin Collection","1885020","34740","2648","3","183","3","0","54.26","Lakeview Cabin Collection"
"SaGa Frontier","3375","SaGa Frontier","1884360","116640","10262","4","99","3","0","16.16","SaGa Frontier"
"Ys Origin","3376","Ys Origin","1883220","256320","1664","5","468","3","0","7.35","Ys Origin"
"Hide Your Butts!","3377","Hide Your Butts!","1882800","3600","12811","2","33","3","0","523","Hide Your Butts!"
"Super Monkey Ball Deluxe","3378","Super Monkey Ball Deluxe","1881720","25800","11233","2","69","3","0","72.93","Super Monkey Ball Deluxe"
"Nidhogg","3379","Nidhogg","1879800","48480","4719","5","502","3","0","38.77","Nidhogg"
"Mortal Kombat: Special Forces","3380","Mortal Kombat: Special Forces","1877520","3840","11200","1","21","3","0","488.94","Mortal Kombat: Special Forces"
"Spooked","3381","Spooked","1875720","1680","4466","2","7","3","0","1116.5","Spooked"
"F.E.A.R. 3","3382","F.E.A.R. 3","1875600","258780","4010","7","1210","3","0","7.25","F.E.A.R. 3"
"WWE 2K15","3383","WWE 2K15","1875000","82620","6695","3","318","3","0","22.69","WWE 2K15"
"Hacknet","3384","Hacknet","1874820","215340","5676","7","1085","3","0","8.71","Hacknet"
"Russia Battlegrounds","3385","Russia Battlegrounds","1870260","12900","17386","3","164","3","0","144.98","Russia Battlegrounds"
"Star Trek: Bridge Crew","3386","Star Trek: Bridge Crew","1869840","195120","1121","6","1289","3","0","9.58","Star Trek: Bridge Crew"
"The Cave","3387","The Cave","1869540","60900","3307","4","215","3","0","30.7","The Cave"
"Ride Out Heroes","3388","Ride Out Heroes","1868220","63060","7573","4","246","3","0","29.63","Ride Out Heroes"
"State of Mind","3389","State of Mind","1867020","127500","2116","7","385","3","0","14.64","State of Mind"
"KartRider: Drift","3390","KartRider: Drift","1866720","80160","6533","97","695","3","0","23.29","KartRider: Drift"
"Roombo: First Blood","3391","Roombo: First Blood","1866480","23460","25627","3","233","3","0","79.56","Roombo: First Blood"
"Mister Mosquito","3392","Mister Mosquito","1862220","12420","5498","2","55","3","0","149.94","Mister Mosquito"
"Star Wars Battlefront","3393","Star Wars Battlefront","1860540","815280","355","12","2373","3","1","2.28","Star Wars Battlefront"
"Gone Home","3394","Gone Home","1859640","180780","2162","4","1084","3","0","10.29","Gone Home"
"Assassin's Creed Liberation HD","3395","Assassin's Creed Liberation HD","1859460","130860","95128","5","350","3","0","14.21","Assassin's Creed Liberation HD"
"Frantics","3396","Frantics","1859460","2520","13755","3","63","3","0","737.88","Frantics"
"Ryse: Son of Rome","3397","Ryse: Son of Rome","1857180","425460","489","7","2126","3","0","4.37","Ryse: Son of Rome"
"Etherborn","3398","Etherborn","1855860","17280","17942","7","105","3","0","107.4","Etherborn"
"Yume Nikki","3399","Yume Nikki","1853580","132540","5928","5","592","3","0","13.99","Yume Nikki"
"Aura Kingdom","3400","Aura Kingdom","1852320","437220","254","7","988","3","0","4.24","Aura Kingdom"