"","","Game","Watch time","Stream time","Peak viewers","Peak channels","Streamers","Average viewers","Average channels","Average viewer ratio",""
"Green Day: Rock Band","10701","Green Day: Rock Band","78660","2040","453","1","16","0","0","38.56","Green Day: Rock Band"
"Mega Man IV","10702","Mega Man IV","78540","9000","96","2","39","0","0","8.73","Mega Man IV"
"X3: Terran Conflict","10703","X3: Terran Conflict","78540","25680","48","3","51","0","0","3.06","X3: Terran Conflict"
"Sitting Ducks","10704","Sitting Ducks","78540","2940","868","3","10","0","0","26.71","Sitting Ducks"
"Putt-Putt Enters the Race","10705","Putt-Putt Enters the Race","78480","7920","357","1","60","0","0","9.91","Putt-Putt Enters the Race"
"Grapple Force Rena","10706","Grapple Force Rena","78480","4620","571","1","21","0","0","16.99","Grapple Force Rena"
"Wraithslayer","10707","Wraithslayer","78360","3780","615","2","25","0","0","20.73","Wraithslayer"
"The Doll Shop","10708","The Doll Shop","78300","4260","223","1","19","0","0","18.38","The Doll Shop"
"Karos","10709","Karos","78300","32580","29","2","50","0","0","2.4","Karos"
"Demon Hunter 3: Revelation","10710","Demon Hunter 3: Revelation","78240","2340","245","1","9","0","0","33.44","Demon Hunter 3: Revelation"
"Birthdays the Beginning","10711","Birthdays the Beginning","78240","25560","186","2","98","0","0","3.06","Birthdays the Beginning"
"Left In The Dark: No One On Board","10712","Left In The Dark: No One On Board","78240","4620","278","1","21","0","0","16.94","Left In The Dark: No One On Board"
"The Fall Part 2: Unbound","10713","The Fall Part 2: Unbound","78240","11160","49","2","30","0","0","7.01","The Fall Part 2: Unbound"
"Mass Exodus","10714","Mass Exodus","78240","2700","1114","1","16","0","0","28.98","Mass Exodus"
"Space Invaders","10715","Space Invaders","78240","7920","522","1","55","0","0","9.88","Space Invaders"
"Drakensang: The River of Time","10716","Drakensang: The River of Time","78240","23880","111","2","28","0","0","3.28","Drakensang: The River of Time"
"Dino D-Day","10717","Dino D-Day","78240","19320","259","3","109","0","0","4.05","Dino D-Day"
"Vantage Master","10718","Vantage Master","78180","4980","198","2","11","0","0","15.7","Vantage Master"
"Harvest Moon: Hero of Leaf Valley","10719","Harvest Moon: Hero of Leaf Valley","78180","3240","708","1","13","0","0","24.13","Harvest Moon: Hero of Leaf Valley"
"National Geographic Panda","10720","National Geographic Panda","78120","120","1381","2","3","0","0","651","National Geographic Panda"
"DIY Simulator","10721","DIY Simulator","78060","1140","699","1","8","0","0","68.47","DIY Simulator"
"Astebreed","10722","Astebreed","78060","10500","384","1","65","0","0","7.43","Astebreed"
"Hangman","10723","Hangman","78060","5220","936","2","41","0","0","14.95","Hangman"
"Fallen Enchantress: Legendary Heroes","10724","Fallen Enchantress: Legendary Heroes","77940","6840","309","2","19","0","0","11.39","Fallen Enchantress: Legendary Heroes"
"Tom Clancy's Rainbow Six 3: Raven Shield","10725","Tom Clancy's Rainbow Six 3: Raven Shield","77940","15720","188","2","63","0","0","4.96","Tom Clancy's Rainbow Six 3: Raven Shield"
"Nihilumbra","10726","Nihilumbra","77880","15540","50","2","73","0","0","5.01","Nihilumbra"
"Leisure Suit Larry Goes Looking for Love (In Several Wrong Places)","10727","Leisure Suit Larry Goes Looking for Love (In Several Wrong Places)","77880","11220","73","2","29","0","0","6.94","Leisure Suit Larry Goes Looking for Love (In Several Wrong Places)"
"Surgery Simulator","10728","Surgery Simulator","77820","9660","290","1","90","0","0","8.06","Surgery Simulator"
"Sonic Advance 3","10729","Sonic Advance 3","77820","15720","52","2","61","0","0","4.95","Sonic Advance 3"
"SpongeBob SquarePants","10730","SpongeBob SquarePants","77760","4680","612","2","21","0","0","16.62","SpongeBob SquarePants"
"BlazBlue Continuum Shift Extend","10731","BlazBlue Continuum Shift Extend","77700","27360","137","2","98","0","0","2.84","BlazBlue Continuum Shift Extend"
"LittleBigPlanet 2","10732","LittleBigPlanet 2","77700","22020","38","2","43","0","0","3.53","LittleBigPlanet 2"
"Backyard Baseball","10733","Backyard Baseball","77700","19800","229","3","52","0","0","3.92","Backyard Baseball"
"Logic Pro","10734","Logic Pro","77700","11280","113","2","35","0","0","6.89","Logic Pro"
"Reentry - An Orbital Simulator","10735","Reentry - An Orbital Simulator","77700","6600","221","2","38","0","0","11.77","Reentry - An Orbital Simulator"
"Syrian Warfare","10736","Syrian Warfare","77700","9000","714","1","35","0","0","8.63","Syrian Warfare"
"CarRumble","10737","CarRumble","77640","4320","393","2","47","0","0","17.97","CarRumble"
"Wreckin Ball Adventure","10738","Wreckin Ball Adventure","77580","1320","381","2","12","0","0","58.77","Wreckin Ball Adventure"
"Spectrobes: Origins","10739","Spectrobes: Origins","77580","12600","117","2","20","0","0","6.16","Spectrobes: Origins"
"RollerCoaster Tycoon World","10740","RollerCoaster Tycoon World","77520","27180","34","2","147","0","0","2.85","RollerCoaster Tycoon World"
"Virtual Pool 4","10741","Virtual Pool 4","77520","20040","247","2","36","0","0","3.87","Virtual Pool 4"
"Funny Cards","10742","Funny Cards","77520","9180","290","3","46","0","0","8.44","Funny Cards"
"Ultimate Arena FPS","10743","Ultimate Arena FPS","77460","360","1309","1","3","0","0","215.17","Ultimate Arena FPS"
"Frogger 2: Swampy's Revenge","10744","Frogger 2: Swampy's Revenge","77460","13440","224","2","37","0","0","5.76","Frogger 2: Swampy's Revenge"
"Tasty Blue","10745","Tasty Blue","77460","3780","381","1","27","0","0","20.49","Tasty Blue"
"Steamcraft","10746","Steamcraft","77340","18480","46","5","81","0","0","4.19","Steamcraft"
"Wolfenstein RPG","10747","Wolfenstein RPG","77340","240","473","1","2","0","0","322.25","Wolfenstein RPG"
"DoDonPachi Daifukkatsu Black Label","10748","DoDonPachi Daifukkatsu Black Label","77340","25260","42","2","31","0","0","3.06","DoDonPachi Daifukkatsu Black Label"
"Zombie Vikings","10749","Zombie Vikings","77340","15000","160","2","67","0","0","5.16","Zombie Vikings"
"FAST RMX","10750","FAST RMX","77340","12240","331","2","63","0","0","6.32","FAST RMX"
"Fallen Legion","10751","Fallen Legion","77340","14760","72","3","95","0","0","5.24","Fallen Legion"
"Menace Beach","10752","Menace Beach","77340","1920","102","1","1","0","0","40.28","Menace Beach"
"Drowning","10753","Drowning","77100","19080","223","2","138","0","0","4.04","Drowning"
"Crash 'N the Boys: Street Challenge","10754","Crash 'N the Boys: Street Challenge","77100","1620","329","1","6","0","0","47.59","Crash 'N the Boys: Street Challenge"
"Call of Duty Online","10755","Call of Duty Online","77100","30960","368","3","164","0","0","2.49","Call of Duty Online"
"Just Beat Em Up : World of Fury","10756","Just Beat Em Up : World of Fury","77040","900","709","1","9","0","0","85.6","Just Beat Em Up : World of Fury"
"Zoo Keeper","10757","Zoo Keeper","77040","1080","474","2","7","0","0","71.33","Zoo Keeper"
"Ben 10","10758","Ben 10","77040","26880","133","2","147","0","0","2.87","Ben 10"
"The Butterfly Sign","10759","The Butterfly Sign","77040","1080","551","1","7","0","0","71.33","The Butterfly Sign"
"Gal Metal","10760","Gal Metal","77040","5040","253","1","30","0","0","15.29","Gal Metal"
"Spot Pool","10761","Spot Pool","76980","300","653","1","1","0","0","256.6","Spot Pool"
"Football Manager 2017","10762","Football Manager 2017","76920","37800","32","2","114","0","0","2.03","Football Manager 2017"
"Smashing Four","10763","Smashing Four","76920","22440","60","2","93","0","0","3.43","Smashing Four"
"Asuka 120% Final Burning Fest.","10764","Asuka 120% Final Burning Fest.","76860","2220","242","3","13","0","0","34.62","Asuka 120% Final Burning Fest."
"Super Godzilla","10765","Super Godzilla","76860","9720","213","2","20","0","0","7.91","Super Godzilla"
"Fight Night Round 4","10766","Fight Night Round 4","76860","6480","204","1","17","0","0","11.86","Fight Night Round 4"
"Karate Champ","10767","Karate Champ","76860","420","446","1","2","0","0","183","Karate Champ"
"Galaxy Squad","10768","Galaxy Squad","76800","9180","188","2","24","0","0","8.37","Galaxy Squad"
"MechWarrior 2: Ghost Bear's Legacy","10769","MechWarrior 2: Ghost Bear's Legacy","76800","1800","152","1","3","0","0","42.67","MechWarrior 2: Ghost Bear's Legacy"
"Ys I Complete","10770","Ys I Complete","76800","10560","208","1","39","0","0","7.27","Ys I Complete"
"Summer Sports: Paradise Island","10771","Summer Sports: Paradise Island","76740","360","253","1","1","0","0","213.17","Summer Sports: Paradise Island"
"Fort meow","10772","Fort meow","76740","8160","123","2","46","0","0","9.4","Fort meow"
"Sex Olympics","10773","Sex Olympics","76740","5880","1330","2","22","0","0","13.05","Sex Olympics"
"Jazz Jackrabbit","10774","Jazz Jackrabbit","76680","13020","351","2","59","0","0","5.89","Jazz Jackrabbit"
"Sonic Runners","10775","Sonic Runners","76680","5220","133","2","26","0","0","14.69","Sonic Runners"
"Basingstoke","10776","Basingstoke","76680","6120","938","2","37","0","0","12.53","Basingstoke"
"Galaxy of Pen & Paper","10777","Galaxy of Pen & Paper","76620","20400","66","3","62","0","0","3.76","Galaxy of Pen & Paper"
"NBA 2K","10778","NBA 2K","76620","34860","111","2","122","0","0","2.2","NBA 2K"
"Radiant Silvergun","10779","Radiant Silvergun","76560","496200","95","3","36","0","0","0.15","Radiant Silvergun"
"Samurai Spirits: Oborozuki Densetsu","10780","Samurai Spirits: Oborozuki Densetsu","76440","300","885","1","2","0","0","254.8","Samurai Spirits: Oborozuki Densetsu"
"pop'n music FEVER!","10781","pop'n music FEVER!","76440","3120","221","1","9","0","0","24.5","pop'n music FEVER!"
"Iron Man","10782","Iron Man","76380","8520","250","4","39","0","0","8.96","Iron Man"
"Dead State","10783","Dead State","76380","25140","163","2","49","0","0","3.04","Dead State"
"Vinyl","10784","Vinyl","76380","16860","151","2","15","0","0","4.53","Vinyl"
"P.A.M.E.L.A.","10785","P.A.M.E.L.A.","76380","22680","107","3","95","0","0","3.37","P.A.M.E.L.A."
"DTXMania XG","10786","DTXMania XG","76320","23100","87","3","17","0","0","3.3","DTXMania XG"
"American McGee Presents: Bad Day L.A.","10787","American McGee Presents: Bad Day L.A.","76320","2340","181","1","11","0","0","32.62","American McGee Presents: Bad Day L.A."
"Grim Legends 2: Song of the Dark Swan","10788","Grim Legends 2: Song of the Dark Swan","76320","12180","42","2","43","0","0","6.27","Grim Legends 2: Song of the Dark Swan"
"Madou Monogatari","10789","Madou Monogatari","76260","7800","152","1","7","0","0","9.78","Madou Monogatari"
"SCP: Liberation","10790","SCP: Liberation","76200","4080","1106","1","26","0","0","18.68","SCP: Liberation"
"The Emulator","10791","The Emulator","76200","21600","459","3","136","0","0","3.53","The Emulator"
"Make a Killing","10792","Make a Killing","76200","960","230","1","12","0","0","79.38","Make a Killing"
"Unkilled","10793","Unkilled","76140","9420","247","2","40","0","0","8.08","Unkilled"
"Dragon Ball Z for Kinect","10794","Dragon Ball Z for Kinect","76080","1320","475","2","10","0","0","57.64","Dragon Ball Z for Kinect"
"Pac-in-Time","10795","Pac-in-Time","76020","540","1302","1","4","0","0","140.78","Pac-in-Time"
"Batman Begins","10796","Batman Begins","76020","6420","283","2","30","0","0","11.84","Batman Begins"
"Hot Date","10797","Hot Date","76020","1560","325","1","15","0","0","48.73","Hot Date"
"Fedora Spade: Prologue","10798","Fedora Spade: Prologue","76020","1200","630","1","2","0","0","63.35","Fedora Spade: Prologue"
"NEKO-NIN exHeart","10799","NEKO-NIN exHeart","75960","4140","440","2","14","0","0","18.35","NEKO-NIN exHeart"
"Brink","10800","Brink","75960","17400","413","2","132","0","0","4.37","Brink"