"","","Game","Watch time","Stream time","Peak viewers","Peak channels","Streamers","Average viewers","Average channels","Average viewer ratio",""
"Dandara","4901","Dandara","792840","91320","1487","4","416","1","0","8.68","Dandara"
"WWE All Stars","4902","WWE All Stars","792360","8640","2363","1","35","1","0","91.71","WWE All Stars"
"Incredible Crisis","4903","Incredible Crisis","792180","11940","1927","2","58","1","0","66.35","Incredible Crisis"
"Azure Striker Gunvolt","4904","Azure Striker Gunvolt","790680","49140","3144","3","171","1","0","16.09","Azure Striker Gunvolt"
"Escape","4905","Escape","789540","18060","4254","2","86","1","0","43.72","Escape"
"Mega Man: The Wily Wars","4906","Mega Man: The Wily Wars","788760","28860","516","3","86","1","0","27.33","Mega Man: The Wily Wars"
"Christmas Carnage","4907","Christmas Carnage","788280","780","4176","1","3","1","0","1010.62","Christmas Carnage"
"Tokyo Chronos","4908","Tokyo Chronos","787560","7440","1263","2","18","1","0","105.85","Tokyo Chronos"
"Artifact Adventure","4909","Artifact Adventure","786840","8880","4738","2","26","1","0","88.61","Artifact Adventure"
"Sonic Colors","4910","Sonic Colors","786300","97860","1148","4","224","1","0","8.03","Sonic Colors"
"Forgotten Artifacts","4911","Forgotten Artifacts","785340","56880","241","3","40","1","0","13.81","Forgotten Artifacts"
"Elebits","4912","Elebits","785340","5160","4407","1","19","1","0","152.2","Elebits"
"Romancing SaGa","4913","Romancing SaGa","785280","55620","486","3","57","1","0","14.12","Romancing SaGa"
"House of Velez","4914","House of Velez","784200","1980","3827","1","11","1","0","396.06","House of Velez"
"Pixel Cup Soccer 17","4915","Pixel Cup Soccer 17","783360","1018680","19","3","6","1","1","0.77","Pixel Cup Soccer 17"
"Splatterhouse 2","4916","Splatterhouse 2","783180","7500","3703","2","37","1","0","104.42","Splatterhouse 2"
"Fractured Minds","4917","Fractured Minds","782700","12480","5052","3","164","1","0","62.72","Fractured Minds"
"Diner Bros","4918","Diner Bros","782700","30720","1201","3","119","1","0","25.48","Diner Bros"
"Rappelz","4919","Rappelz","782100","286260","113","4","200","1","0","2.73","Rappelz"
"Mega Man X7","4920","Mega Man X7","781920","50700","2768","6","159","1","0","15.42","Mega Man X7"
"Project Zero 2: Wii Edition","4921","Project Zero 2: Wii Edition","781800","16140","2589","2","38","1","0","48.44","Project Zero 2: Wii Edition"
"Reigns: Game of Thrones","4922","Reigns: Game of Thrones","781680","38160","727","6","298","1","0","20.48","Reigns: Game of Thrones"
"Mischief Makers","4923","Mischief Makers","781140","35040","2490","2","117","1","0","22.29","Mischief Makers"
"Gundam Versus","4924","Gundam Versus","780060","138960","473","5","278","1","0","5.61","Gundam Versus"
"TrackMania","4925","TrackMania","779940","38580","6119","3","202","1","0","20.22","TrackMania"
"Snowboard Kids 2","4926","Snowboard Kids 2","779400","21960","5156","4","74","1","0","35.49","Snowboard Kids 2"
"Time Warpers","4927","Time Warpers","778680","36960","5495","3","68","1","0","21.07","Time Warpers"
"Werewolf: The Apocalypse – Earthblood","4928","Werewolf: The Apocalypse – Earthblood","778260","1080","4510","1","4","1","0","720.61","Werewolf: The Apocalypse – Earthblood"
"Gakkou Deatta Kowai Hanashi S","4929","Gakkou Deatta Kowai Hanashi S","778080","900","1331","1","1","1","0","864.53","Gakkou Deatta Kowai Hanashi S"
"Touhou Puppet Dance Performance","4930","Touhou Puppet Dance Performance","777660","54900","253","4","85","1","0","14.17","Touhou Puppet Dance Performance"
"Nimbatus","4931","Nimbatus","777360","1140","5744","2","8","1","0","681.89","Nimbatus"
"Transformers: War For Cybertron","4932","Transformers: War For Cybertron","776100","58980","2447","3","173","1","0","13.16","Transformers: War For Cybertron"
"Tooth and Tail","4933","Tooth and Tail","775260","130140","173","8","353","1","0","5.96","Tooth and Tail"
"Stronghold: Warlords","4934","Stronghold: Warlords","775020","360","6785","1","3","1","0","2152.83","Stronghold: Warlords"
"The King's Bird","4935","The King's Bird","774600","48000","961","4","257","1","0","16.14","The King's Bird"
"Mega Man X Anniversary Collection","4936","Mega Man X Anniversary Collection","774600","123240","266","3","455","1","0","6.29","Mega Man X Anniversary Collection"
"Kamaitachi no Yuro Advance","4937","Kamaitachi no Yuro Advance","774120","2640","1237","1","7","1","0","293.23","Kamaitachi no Yuro Advance"
"Boulder Dash","4938","Boulder Dash","773760","6720","556","2","11","1","0","115.14","Boulder Dash"
"Metal Gear Solid HD Collection","4939","Metal Gear Solid HD Collection","773760","136920","509","4","254","1","0","5.65","Metal Gear Solid HD Collection"
"Football Tactics","4940","Football Tactics","773520","1080","5350","1","8","1","0","716.22","Football Tactics"
"Crossword","4941","Crossword","773400","24660","1755","2","54","1","0","31.36","Crossword"
"Forza Motorsport 6","4942","Forza Motorsport 6","773400","475620","342","19","2685","1","0","1.63","Forza Motorsport 6"
"Black Dahlia","4943","Black Dahlia","773400","1620","2014","1","4","1","0","477.41","Black Dahlia"
"Ninja Gaiden Sigma","4944","Ninja Gaiden Sigma","772620","80520","2397","3","117","1","0","9.6","Ninja Gaiden Sigma"
"BDSM: Big Drunk Satanic Massacre","4945","BDSM: Big Drunk Satanic Massacre","771780","25980","1959","7","170","1","0","29.71","BDSM: Big Drunk Satanic Massacre"
"The King of Fighters 2001","4946","The King of Fighters 2001","771180","7260","9242","2","48","1","0","106.22","The King of Fighters 2001"
"CasinoRPG","4947","CasinoRPG","770820","29160","607","3","96","1","0","26.43","CasinoRPG"
"The Ancient Labyrinth","4948","The Ancient Labyrinth","769440","300","12817","1","3","1","0","2564.8","The Ancient Labyrinth"
"Red Hot Vengeance","4949","Red Hot Vengeance","768900","23580","8802","4","192","1","0","32.61","Red Hot Vengeance"
"Crashlands","4950","Crashlands","768120","51960","896","5","185","1","0","14.78","Crashlands"
"Super Magnetic Neo","4951","Super Magnetic Neo","767520","2940","9040","4","9","1","0","261.06","Super Magnetic Neo"
"Death Squared","4952","Death Squared","767460","42600","2184","4","269","1","0","18.02","Death Squared"
"Epic Battle Fantasy 5","4953","Epic Battle Fantasy 5","767400","159900","2138","5","233","1","0","4.8","Epic Battle Fantasy 5"
"Kirby's Dream Land 3","4954","Kirby's Dream Land 3","767160","80100","512","6","395","1","0","9.58","Kirby's Dream Land 3"
"Last Wood","4955","Last Wood","766500","22860","1775","4","78","1","0","33.53","Last Wood"
"Emergency 20","4956","Emergency 20","765720","31560","844","3","157","1","0","24.26","Emergency 20"
"Disney's 102 Dalmatians: Puppies to the Rescue","4957","Disney's 102 Dalmatians: Puppies to the Rescue","765120","38340","7084","3","65","1","0","19.96","Disney's 102 Dalmatians: Puppies to the Rescue"
"Sam & Max Episode 204: Chariots of the Dogs","4958","Sam & Max Episode 204: Chariots of the Dogs","764940","2880","3204","1","12","1","0","265.6","Sam & Max Episode 204: Chariots of the Dogs"
"Pong","4959","Pong","764760","43020","12081","2","64","1","0","17.78","Pong"
"Liar Princess and the Blind Prince","4960","Liar Princess and the Blind Prince","764340","87660","446","8","284","1","0","8.72","Liar Princess and the Blind Prince"
"Super Skelemania","4961","Super Skelemania","763500","4680","12527","4","30","1","0","163.14","Super Skelemania"
"Pokémon Art Academy","4962","Pokémon Art Academy","763260","7440","3627","1","22","1","0","102.59","Pokémon Art Academy"
"Pink Panther","4963","Pink Panther","762480","3000","4470","1","15","1","0","254.16","Pink Panther"
"Spellsworn","4964","Spellsworn","761520","27720","4972","3","171","1","0","27.47","Spellsworn"
"Deathbloom: Chapter 1","4965","Deathbloom: Chapter 1","761400","6900","1196","2","33","1","0","110.35","Deathbloom: Chapter 1"
"FIFA Street","4966","FIFA Street","761400","16140","2587","2","61","1","0","47.17","FIFA Street"
"Mortal Kombat II","4967","Mortal Kombat II","761160","66420","4425","4","307","1","0","11.46","Mortal Kombat II"
"Exit the Gungeon","4968","Exit the Gungeon","761040","3660","3346","2","22","1","0","207.93","Exit the Gungeon"
"Hand of Fate","4969","Hand of Fate","760380","203040","104","4","812","1","0","3.74","Hand of Fate"
"Game Soup","4970","Game Soup","760320","6600","6143","2","54","1","0","115.2","Game Soup"
"Hydro Thunder","4971","Hydro Thunder","760260","20460","8764","2","112","1","0","37.16","Hydro Thunder"
"Puzzle Agent 2","4972","Puzzle Agent 2","760260","26220","2073","2","102","1","0","29","Puzzle Agent 2"
"Ultima Underworld: The Stygian Abyss","4973","Ultima Underworld: The Stygian Abyss","760200","22440","297","2","29","1","0","33.88","Ultima Underworld: The Stygian Abyss"
"Shadow Legend VR","4974","Shadow Legend VR","759780","17460","1754","5","95","1","0","43.52","Shadow Legend VR"
"RWBY: Grimm Eclipse","4975","RWBY: Grimm Eclipse","759720","187920","1857","7","1026","1","0","4.04","RWBY: Grimm Eclipse"
"Moshi Monsters","4976","Moshi Monsters","759300","5400","3064","1","54","1","0","140.61","Moshi Monsters"
"GoldenEye: Source","4977","GoldenEye: Source","758460","124620","5245","6","230","1","0","6.09","GoldenEye: Source"
"Professor Layton and the Azran Legacy","4978","Professor Layton and the Azran Legacy","758220","17160","568","2","29","1","0","44.19","Professor Layton and the Azran Legacy"
"Knack","4979","Knack","757860","192000","219","5","674","1","0","3.95","Knack"
"Utawarerumono: Futari no Hakuoro","4980","Utawarerumono: Futari no Hakuoro","757740","119220","128","6","45","1","0","6.36","Utawarerumono: Futari no Hakuoro"
"Lost Planet 3","4981","Lost Planet 3","757260","53220","927","4","168","1","0","14.23","Lost Planet 3"
"Under Leaves","4982","Under Leaves","757200","3360","6372","2","23","1","0","225.36","Under Leaves"
"I Spy Spooky Mansion Deluxe","4983","I Spy Spooky Mansion Deluxe","757080","7920","4584","2","37","1","0","95.59","I Spy Spooky Mansion Deluxe"
"Suikoden III","4984","Suikoden III","756600","77760","148","3","50","1","0","9.73","Suikoden III"
"Sam & Max Episode 203: Night of the Raving Dead","4985","Sam & Max Episode 203: Night of the Raving Dead","756600","3060","3355","2","13","1","0","247.25","Sam & Max Episode 203: Night of the Raving Dead"
"The Black Mirror","4986","The Black Mirror","756480","33240","7772","3","45","1","0","22.76","The Black Mirror"
"Astrox Imperium","4987","Astrox Imperium","756420","19740","1443","3","36","1","0","38.32","Astrox Imperium"
"Truck Driver","4988","Truck Driver","755880","208260","1238","22","611","1","0","3.63","Truck Driver"
"No One Lives Forever 2: A Spy in H.A.R.M.'s Way","4989","No One Lives Forever 2: A Spy in H.A.R.M.'s Way","755820","35340","772","2","79","1","0","21.39","No One Lives Forever 2: A Spy in H.A.R.M.'s Way"
"eSports Legend","4990","eSports Legend","755760","41580","1450","2","111","1","0","18.18","eSports Legend"
"It's Quiz Time","4991","It's Quiz Time","755160","61740","2257","3","189","1","0","12.23","It's Quiz Time"
"Spore Galactic Adventures","4992","Spore Galactic Adventures","754920","78780","1506","3","351","1","0","9.58","Spore Galactic Adventures"
"Date A Live Spirit Pledge","4993","Date A Live Spirit Pledge","754200","14160","5192","3","30","1","0","53.26","Date A Live Spirit Pledge"
"Out of Gas","4994","Out of Gas","754200","1680","4121","2","9","1","0","448.93","Out of Gas"
"Two Worlds","4995","Two Worlds","754020","64740","485","3","166","1","0","11.65","Two Worlds"
"Racket Fury: Table Tennis VR","4996","Racket Fury: Table Tennis VR","753960","31140","690","2","85","1","0","24.21","Racket Fury: Table Tennis VR"
"Rising World","4997","Rising World","753360","193740","308","5","302","1","0","3.89","Rising World"
"Broken Age","4998","Broken Age","753240","156000","166","5","399","1","0","4.83","Broken Age"
"Jazz Jackrabbit 2","4999","Jazz Jackrabbit 2","753000","48300","1461","3","132","1","0","15.59","Jazz Jackrabbit 2"
"Neverwinter Nights","5000","Neverwinter Nights","752940","219360","145","5","305","1","0","3.43","Neverwinter Nights"