"","","Game","Watch time","Stream time","Peak viewers","Peak channels","Streamers","Average viewers","Average channels","Average viewer ratio",""
"Sanitarium","5801","Sanitarium","515400","50460","203","3","130","0","0","10.21","Sanitarium"
"Pizza Connection 3","5802","Pizza Connection 3","515340","34560","353","2","144","0","0","14.91","Pizza Connection 3"
"Stronghold Kingdoms","5803","Stronghold Kingdoms","514800","30060","3443","3","82","0","0","17.13","Stronghold Kingdoms"
"Quiz RPG: The World of Mystic Wiz","5804","Quiz RPG: The World of Mystic Wiz","514620","79980","1148","3","22","0","0","6.43","Quiz RPG: The World of Mystic Wiz"
"Counter-Strike Nexon: Zombies","5805","Counter-Strike Nexon: Zombies","514560","56100","2704","3","276","0","0","9.17","Counter-Strike Nexon: Zombies"
"Clive Barker's Undying","5806","Clive Barker's Undying","514560","57840","294","3","142","0","0","8.9","Clive Barker's Undying"
"Link's Crossbow Training","5807","Link's Crossbow Training","514500","9540","5989","3","33","0","0","53.93","Link's Crossbow Training"
"Ark Order","5808","Ark Order","514080","53220","79","5","42","0","0","9.66","Ark Order"
"Tribes Ascend","5809","Tribes Ascend","513720","153360","1389","6","108","0","0","3.35","Tribes Ascend"
"Pac-Man: Championship Edition 2 + ARCADE GAME SERIES","5810","Pac-Man: Championship Edition 2 + ARCADE GAME SERIES","513540","3240","8387","2","81","0","0","158.5","Pac-Man: Championship Edition 2 + ARCADE GAME SERIES"
"Sam & Max Episode 6: Bright Side of the Moon","5811","Sam & Max Episode 6: Bright Side of the Moon","513420","3120","3509","2","16","0","0","164.56","Sam & Max Episode 6: Bright Side of the Moon"
"Bulb Boy","5812","Bulb Boy","513120","24180","1878","2","145","0","0","21.22","Bulb Boy"
"Quest Room: Hanon","5813","Quest Room: Hanon","513060","3660","4236","1","24","0","0","140.18","Quest Room: Hanon"
"Sniper: Art Of Victory","5814","Sniper: Art Of Victory","512760","4980","4397","1","28","0","0","102.96","Sniper: Art Of Victory"
"Cthulhu Saves Christmas","5815","Cthulhu Saves Christmas","512340","20760","1368","9","72","0","0","24.68","Cthulhu Saves Christmas"
"Men of Valor","5816","Men of Valor","512040","7020","4075","2","18","0","0","72.94","Men of Valor"
"The Getaway","5817","The Getaway","511920","35040","283","2","37","0","0","14.61","The Getaway"
"The Culling","5818","The Culling","511620","262620","132","13","1196","0","0","1.95","The Culling"
"KONOSUBA -God's blessing on this wonderful world! The Resurrection of Beldia","5819","KONOSUBA -God's blessing on this wonderful world! The Resurrection of Beldia","511440","19260","1132","2","84","0","0","26.55","KONOSUBA -God's blessing on this wonderful world! The Resurrection of Beldia"
"Spider-Man 3","5820","Spider-Man 3","511200","26100","663","2","103","0","0","19.59","Spider-Man 3"
"The Sims Medieval: Pirates and Nobles","5821","The Sims Medieval: Pirates and Nobles","511080","40980","563","2","148","0","0","12.47","The Sims Medieval: Pirates and Nobles"
"Clannad","5822","Clannad","510720","132720","78","4","201","0","0","3.85","Clannad"
"Beatmania IIDX 26 Rootage","5823","Beatmania IIDX 26 Rootage","509940","28980","1271","2","32","0","0","17.6","Beatmania IIDX 26 Rootage"
"Richard Burns Rally","5824","Richard Burns Rally","509880","175260","1464","6","247","0","0","2.91","Richard Burns Rally"
"Peggle: World of Warcraft Edition","5825","Peggle: World of Warcraft Edition","509700","41340","1037","2","93","0","0","12.33","Peggle: World of Warcraft Edition"
"Dragon Quest 1 + 2 + 3 Collection","5826","Dragon Quest 1 + 2 + 3 Collection","509520","14580","2000","3","38","0","0","34.95","Dragon Quest 1 + 2 + 3 Collection"
"Drakengard","5827","Drakengard","509340","73440","534","4","132","0","0","6.94","Drakengard"
"Fushigi no Dungeon: Fuurai no Shiren 2","5828","Fushigi no Dungeon: Fuurai no Shiren 2","509100","48900","260","3","31","0","0","10.41","Fushigi no Dungeon: Fuurai no Shiren 2"
"Sound Shapes","5829","Sound Shapes","508740","10800","3547","1","62","0","0","47.11","Sound Shapes"
"Psikyo Collection Vol. 2","5830","Psikyo Collection Vol. 2","508500","900","2351","1","6","0","0","565","Psikyo Collection Vol. 2"
"Alluris","5831","Alluris","507960","14760","840","4","68","0","0","34.41","Alluris"
"Dead End Road","5832","Dead End Road","507900","8400","2347","1","50","0","0","60.46","Dead End Road"
"Populous: The Beginning","5833","Populous: The Beginning","507660","196380","488","5","92","0","0","2.59","Populous: The Beginning"
"Bravely Default","5834","Bravely Default","507660","99240","118","4","131","0","0","5.12","Bravely Default"
"Dirge of Cerberus: Final Fantasy VII","5835","Dirge of Cerberus: Final Fantasy VII","507480","74280","266","3","127","0","0","6.83","Dirge of Cerberus: Final Fantasy VII"
"The Dolls: Reborn","5836","The Dolls: Reborn","507480","1440","4215","1","15","0","0","352.42","The Dolls: Reborn"
"NBA 2K17","5837","NBA 2K17","507420","256920","520","14","1501","0","0","1.98","NBA 2K17"
"Yo-kai Watch 4","5838","Yo-kai Watch 4","507360","69240","199","5","64","0","0","7.33","Yo-kai Watch 4"
"X","5839","X","507180","49200","2936","2","321","0","0","10.31","X"
"Genkai Totsuki Moero Chronicle","5840","Genkai Totsuki Moero Chronicle","507180","22800","2346","2","45","0","0","22.24","Genkai Totsuki Moero Chronicle"
"Pokémon Ranger","5841","Pokémon Ranger","506880","31260","167","2","76","0","0","16.21","Pokémon Ranger"
"Joe Gunn","5842","Joe Gunn","506520","120","8442","2","1","0","0","4221","Joe Gunn"
"American Football","5843","American Football","506340","59880","802","9","141","0","0","8.46","American Football"
"DOFUS Touch","5844","DOFUS Touch","506280","107760","249","3","265","0","0","4.7","DOFUS Touch"
"Numenera","5845","Numenera","506220","34620","120","2","41","0","0","14.62","Numenera"
"Saya no Uta","5846","Saya no Uta","506040","19080","979","2","57","0","0","26.52","Saya no Uta"
"Einhänder","5847","Einhänder","505860","18120","8168","3","78","0","0","27.92","Einhänder"
"Devious Dungeon","5848","Devious Dungeon","505800","34260","1072","3","199","0","0","14.76","Devious Dungeon"
"Legacy of Kain: Defiance","5849","Legacy of Kain: Defiance","505620","69060","725","3","136","0","0","7.32","Legacy of Kain: Defiance"
"Logical Journey of the Zoombinis","5850","Logical Journey of the Zoombinis","505560","6480","643","1","25","0","0","78.02","Logical Journey of the Zoombinis"
"My Little Pony: Friendship is Magic","5851","My Little Pony: Friendship is Magic","505320","58500","1086","4","106","0","0","8.64","My Little Pony: Friendship is Magic"
"50 Cent: Blood on the Sand","5852","50 Cent: Blood on the Sand","504540","7260","756","1","31","0","0","69.5","50 Cent: Blood on the Sand"
"Just Survive","5853","Just Survive","503940","43200","133","3","96","0","0","11.67","Just Survive"
"CounterAttack","5854","CounterAttack","503640","7980","860","4","54","0","0","63.11","CounterAttack"
"Eternal Sonata","5855","Eternal Sonata","503640","62820","369","3","81","0","0","8.02","Eternal Sonata"
"Disaster Report","5856","Disaster Report","503280","13920","2004","2","43","0","0","36.16","Disaster Report"
"Hyperdimension Neptunia Re;Birth2: Sisters Generation","5857","Hyperdimension Neptunia Re;Birth2: Sisters Generation","503220","144180","105","4","196","0","0","3.49","Hyperdimension Neptunia Re;Birth2: Sisters Generation"
"Like Clay","5858","Like Clay","502500","2160","2312","1","11","0","0","232.64","Like Clay"
"Zeus: Master of Olympus","5859","Zeus: Master of Olympus","502380","78360","497","3","128","0","0","6.41","Zeus: Master of Olympus"
"Alone in the Dark 2","5860","Alone in the Dark 2","502080","7200","1284","1","23","0","0","69.73","Alone in the Dark 2"
"Ghosts'n Demons","5861","Ghosts'n Demons","501960","10500","264","1","16","0","0","47.81","Ghosts'n Demons"
"Ni no Kuni: Shikkoku no Madoshi","5862","Ni no Kuni: Shikkoku no Madoshi","501900","44460","520","5","133","0","0","11.29","Ni no Kuni: Shikkoku no Madoshi"
"Spider-Man: Far From Home Virtual Reality Experience","5863","Spider-Man: Far From Home Virtual Reality Experience","501900","25260","1685","4","305","0","0","19.87","Spider-Man: Far From Home Virtual Reality Experience"
"Bio-Senshi Dan: Increaser to no Tatakai","5864","Bio-Senshi Dan: Increaser to no Tatakai","501840","120","4269","1","1","0","0","4182","Bio-Senshi Dan: Increaser to no Tatakai"
"Wave Race","5865","Wave Race","501720","1680","4175","2","10","0","0","298.64","Wave Race"
"Sam & Max Episode 5: Reality 2.0","5866","Sam & Max Episode 5: Reality 2.0","501720","4320","2828","1","20","0","0","116.14","Sam & Max Episode 5: Reality 2.0"
"BulletRage","5867","BulletRage","501300","40440","1685","4","69","0","0","12.4","BulletRage"
"Rat Simulator","5868","Rat Simulator","501120","5160","3675","1","19","0","0","97.12","Rat Simulator"
"Sword Art Online: Hollow Fragment","5869","Sword Art Online: Hollow Fragment","500820","174840","51","4","617","0","0","2.86","Sword Art Online: Hollow Fragment"
"Interstellar Transport Company","5870","Interstellar Transport Company","500460","7440","776","2","28","0","0","67.27","Interstellar Transport Company"
"Rugrats: Search for Reptar","5871","Rugrats: Search for Reptar","500340","24120","1919","3","99","0","0","20.74","Rugrats: Search for Reptar"
"Deluded Mind","5872","Deluded Mind","500040","15300","1658","2","67","0","0","32.68","Deluded Mind"
"Dynasty Warriors 8: Xtreme Legends","5873","Dynasty Warriors 8: Xtreme Legends","499860","156180","111","4","363","0","0","3.2","Dynasty Warriors 8: Xtreme Legends"
"Mole Mania","5874","Mole Mania","499860","5460","4143","1","19","0","0","91.55","Mole Mania"
"Frontline Zed","5875","Frontline Zed","499860","5040","2116","3","42","0","0","99.18","Frontline Zed"
"Jeopardy","5876","Jeopardy","499500","6120","2546","2","45","0","0","81.62","Jeopardy"
"Spiritfarer","5877","Spiritfarer","499500","3720","18911","4","66","0","0","134.27","Spiritfarer"
"Hasbro Family Game Night","5878","Hasbro Family Game Night","499440","3420","1388","4","9","0","0","146.04","Hasbro Family Game Night"
"Shadow Hearts: From the New World","5879","Shadow Hearts: From the New World","499320","65760","283","6","43","0","0","7.59","Shadow Hearts: From the New World"
"Deuterium Wars","5880","Deuterium Wars","499200","54960","1080","5","149","0","0","9.08","Deuterium Wars"
"Soulcalibur II","5881","Soulcalibur II","498900","69360","679","3","228","0","0","7.19","Soulcalibur II"
"Halloween","5882","Halloween","498840","47760","1031","28","168","0","0","10.44","Halloween"
"Tell Me Everything","5883","Tell Me Everything","498780","180","5327","1","2","0","0","2771","Tell Me Everything"
"Invasion 2037","5884","Invasion 2037","498420","13020","9673","4","70","0","0","38.28","Invasion 2037"
"Just Cause 2","5885","Just Cause 2","498000","205560","255","4","969","0","0","2.42","Just Cause 2"
"Crazy Machines 3","5886","Crazy Machines 3","497820","26820","2911","2","140","0","0","18.56","Crazy Machines 3"
"Hunt Down the Freeman","5887","Hunt Down the Freeman","497760","26220","1609","4","89","0","0","18.98","Hunt Down the Freeman"
"Cogmind","5888","Cogmind","497760","62820","36","2","62","0","0","7.92","Cogmind"
"Yu-Gi-Oh!: The Falsebound Kingdom","5889","Yu-Gi-Oh!: The Falsebound Kingdom","497640","25140","807","2","64","0","0","19.79","Yu-Gi-Oh!: The Falsebound Kingdom"
"Making History: The Second World War","5890","Making History: The Second World War","497160","6300","681","1","6","0","0","78.91","Making History: The Second World War"
"Legend of Kay","5891","Legend of Kay","496980","3720","3670","2","13","0","0","133.6","Legend of Kay"
"Interrogation: You will be deceived","5892","Interrogation: You will be deceived","496800","3600","1500","2","16","0","0","138","Interrogation: You will be deceived"
"Disney's Toy Story","5893","Disney's Toy Story","496680","24420","1752","4","84","0","0","20.34","Disney's Toy Story"
"Ultrakill","5894","Ultrakill","496680","2340","7611","1","21","0","0","212.26","Ultrakill"
"The Sporting News: Baseball","5895","The Sporting News: Baseball","496500","40800","540","2","3","0","0","12.17","The Sporting News: Baseball"
"Animal Crossing: Pocket Camp","5896","Animal Crossing: Pocket Camp","496500","107940","229","3","249","0","0","4.6","Animal Crossing: Pocket Camp"
"Serious Sam II","5897","Serious Sam II","495900","131280","358","5","597","0","0","3.78","Serious Sam II"
"Sonic the Hedgehog Chaos","5898","Sonic the Hedgehog Chaos","495840","10140","4057","2","49","0","0","48.9","Sonic the Hedgehog Chaos"
"Madden NFL Mobile","5899","Madden NFL Mobile","495840","62940","2052","5","136","0","0","7.88","Madden NFL Mobile"
"Governor of Poker 3","5900","Governor of Poker 3","495840","114660","760","4","669","0","0","4.32","Governor of Poker 3"