"","","Game","Watch time","Stream time","Peak viewers","Peak channels","Streamers","Average viewers","Average channels","Average viewer ratio",""
"Picross S3","6701","Picross S3","344520","25440","879","3","69","0","0","13.54","Picross S3"
"WWF SmackDown!","6702","WWF SmackDown!","344280","7680","2760","2","25","0","0","44.83","WWF SmackDown!"
"MotoGP 18","6703","MotoGP 18","344220","55500","1238","3","317","0","0","6.2","MotoGP 18"
"Nexus: The Kingdom of the Winds","6704","Nexus: The Kingdom of the Winds","343800","68700","326","5","73","0","0","5","Nexus: The Kingdom of the Winds"
"Damsel","6705","Damsel","343500","9900","2190","2","55","0","0","34.7","Damsel"
"Rapture Rejects","6706","Rapture Rejects","343440","51960","277","5","379","0","0","6.61","Rapture Rejects"
"NBA Street Vol. 2","6707","NBA Street Vol. 2","343200","24240","929","2","132","0","0","14.16","NBA Street Vol. 2"
"Road & Track presents The Need for Speed","6708","Road & Track presents The Need for Speed","343140","8040","1099","1","33","0","0","42.68","Road & Track presents The Need for Speed"
"Family Feud & Friends","6709","Family Feud & Friends","343080","1320","3226","1","4","0","0","259.91","Family Feud & Friends"
"Zombieland: Double Tap - Road Trip","6710","Zombieland: Double Tap - Road Trip","342840","18300","3831","4","77","0","0","18.73","Zombieland: Double Tap - Road Trip"
"Wild Arms 5","6711","Wild Arms 5","342720","34620","207","2","16","0","0","9.9","Wild Arms 5"
"Lords of Thunder","6712","Lords of Thunder","342660","2760","1729","2","13","0","0","124.15","Lords of Thunder"
"Sanctum 2","6713","Sanctum 2","342600","98520","145","5","436","0","0","3.48","Sanctum 2"
"AWAY: The Survival Series","6714","AWAY: The Survival Series","342540","4440","1000","2","55","0","0","77.15","AWAY: The Survival Series"
"How To Date A Magical Girl!","6715","How To Date A Magical Girl!","342000","36180","188","2","63","0","0","9.45","How To Date A Magical Girl!"
"Mini Ninjas","6716","Mini Ninjas","341820","57780","277","3","278","0","0","5.92","Mini Ninjas"
"Drive","6717","Drive","341700","7140","3054","2","43","0","0","47.86","Drive"
"The Terminator: Future Shock","6718","The Terminator: Future Shock","340620","5220","191","1","13","0","0","65.25","The Terminator: Future Shock"
"Rudra no Hihou","6719","Rudra no Hihou","340320","30180","74","2","25","0","0","11.28","Rudra no Hihou"
"Expeditions: Viking","6720","Expeditions: Viking","340080","45840","80","3","90","0","0","7.42","Expeditions: Viking"
"Megido 72","6721","Megido 72","340020","31080","95","2","19","0","0","10.94","Megido 72"
"Paris-Dakar Rally Special!","6722","Paris-Dakar Rally Special!","339900","840","3074","1","7","0","0","404.64","Paris-Dakar Rally Special!"
"Ultraman","6723","Ultraman","339840","11820","120","1","12","0","0","28.75","Ultraman"
"Pet in TV","6724","Pet in TV","339720","325260","84","3","31","0","0","1.04","Pet in TV"
"Sketchbook","6725","Sketchbook","339660","54900","1366","3","178","0","0","6.19","Sketchbook"
"Tom Clancy's Splinter Cell: Pandora Tomorrow","6726","Tom Clancy's Splinter Cell: Pandora Tomorrow","339600","45420","1867","2","126","0","0","7.48","Tom Clancy's Splinter Cell: Pandora Tomorrow"
"Fate/stay night","6727","Fate/stay night","339600","92040","149","3","131","0","0","3.69","Fate/stay night"
"Kaptain Brawe: A Brawe New World","6728","Kaptain Brawe: A Brawe New World","339240","540","1692","1","4","0","0","628.22","Kaptain Brawe: A Brawe New World"
"Zed","6729","Zed","339000","10440","1659","7","59","0","0","32.47","Zed"
"Tokimeki Memorial Girl's Side","6730","Tokimeki Memorial Girl's Side","338880","2580","657","1","5","0","0","131.35","Tokimeki Memorial Girl's Side"
"Goosebumps: The Game","6731","Goosebumps: The Game","338520","41160","845","2","112","0","0","8.22","Goosebumps: The Game"
"Alicia Online","6732","Alicia Online","338400","127260","81","4","332","0","0","2.66","Alicia Online"
"Adventures of forsenE: The Hobo Knight","6733","Adventures of forsenE: The Hobo Knight","338040","23880","338","2","10","0","0","14.16","Adventures of forsenE: The Hobo Knight"
"Mario Power Tennis","6734","Mario Power Tennis","337860","27000","1693","2","162","0","0","12.51","Mario Power Tennis"
"Terry's Big Adventure","6735","Terry's Big Adventure","337680","1920","1620","2","3","0","0","175.88","Terry's Big Adventure"
"Super Mario Advance","6736","Super Mario Advance","337560","13020","850","2","81","0","0","25.93","Super Mario Advance"
"Anodyne","6737","Anodyne","337380","38040","400","3","129","0","0","8.87","Anodyne"
"DemonsAreCrazy","6738","DemonsAreCrazy","337260","9600","4001","3","19","0","0","35.13","DemonsAreCrazy"
"Evil Possession","6739","Evil Possession","337140","4860","2891","2","34","0","0","69.37","Evil Possession"
"Diaries of a Spaceport Janitor","6740","Diaries of a Spaceport Janitor","337020","17400","2041","2","90","0","0","19.37","Diaries of a Spaceport Janitor"
"Open Season","6741","Open Season","336960","5040","2151","2","30","0","0","66.86","Open Season"
"SWAT 4: The Stetchkov Syndicate","6742","SWAT 4: The Stetchkov Syndicate","336780","42360","1093","4","220","0","0","7.95","SWAT 4: The Stetchkov Syndicate"
"Police Simulator 2","6743","Police Simulator 2","336660","1380","2608","2","12","0","0","243.96","Police Simulator 2"
"WWE '12","6744","WWE '12","336600","5400","2841","1","16","0","0","62.33","WWE '12"
"Crane Game Toreba","6745","Crane Game Toreba","336540","42540","426","2","49","0","0","7.91","Crane Game Toreba"
"Ninja Gaiden III: The Ancient Ship of Doom","6746","Ninja Gaiden III: The Ancient Ship of Doom","336300","12000","1960","2","46","0","0","28.03","Ninja Gaiden III: The Ancient Ship of Doom"
"Blamdown: Udder Fury","6747","Blamdown: Udder Fury","336240","360","1486","1","2","0","0","934","Blamdown: Udder Fury"
"Doctor Who: The Edge of Time","6748","Doctor Who: The Edge of Time","336180","23820","401","8","167","0","0","14.11","Doctor Who: The Edge of Time"
"Gotta Go","6749","Gotta Go","336000","2340","3231","1","5","0","0","143.59","Gotta Go"
"Knights & Merchants: The Peasants Rebellion","6750","Knights & Merchants: The Peasants Rebellion","335880","22500","414","3","43","0","0","14.93","Knights & Merchants: The Peasants Rebellion"
"In the Groove 2","6751","In the Groove 2","335640","199200","402","4","104","0","0","1.68","In the Groove 2"
"Absinth","6752","Absinth","335640","8640","1542","2","75","0","0","38.85","Absinth"
"Adam Waste","6753","Adam Waste","335400","300","2233","1","3","0","0","1118","Adam Waste"
"WWF Raw","6754","WWF Raw","335340","5880","2715","2","24","0","0","57.03","WWF Raw"
"Total Distortion","6755","Total Distortion","335220","1860","1583","1","10","0","0","180.23","Total Distortion"
"Floating Runner: Quest for the 7 Crystals","6756","Floating Runner: Quest for the 7 Crystals","334980","1860","2428","1","4","0","0","180.1","Floating Runner: Quest for the 7 Crystals"
"Championship Lode Runner","6757","Championship Lode Runner","334560","840","642","1","2","0","0","398.29","Championship Lode Runner"
"Suicide Guy: Sleepin' Deeply","6758","Suicide Guy: Sleepin' Deeply","334080","11820","586","2","89","0","0","28.26","Suicide Guy: Sleepin' Deeply"
"Speaking Simulator","6759","Speaking Simulator","334080","3660","2415","1","33","0","0","91.28","Speaking Simulator"
"Day of Defeat","6760","Day of Defeat","334020","72540","79","9","217","0","0","4.6","Day of Defeat"
"Deluxe Ski Jump","6761","Deluxe Ski Jump","333960","4740","1141","2","25","0","0","70.46","Deluxe Ski Jump"
"Dungeon Stars","6762","Dungeon Stars","333900","3120","1531","2","24","0","0","107.02","Dungeon Stars"
"Beast Battle Simulator","6763","Beast Battle Simulator","333840","7080","1161","2","57","0","0","47.15","Beast Battle Simulator"
"Wild Terra Online","6764","Wild Terra Online","333840","20400","4199","2","87","0","0","16.36","Wild Terra Online"
"Ice Age 2: The Meltdown","6765","Ice Age 2: The Meltdown","333300","12360","2554","3","46","0","0","26.97","Ice Age 2: The Meltdown"
"Metal Slug 4","6766","Metal Slug 4","333300","18000","2769","2","89","0","0","18.52","Metal Slug 4"
"Sorcery! 3 - The Seven Serpents","6767","Sorcery! 3 - The Seven Serpents","333300","2220","272","1","4","0","0","150.14","Sorcery! 3 - The Seven Serpents"
"Debate It!","6768","Debate It!","333300","7800","672","2","36","0","0","42.73","Debate It!"
"Concrete Jungle","6769","Concrete Jungle","333180","8820","511","1","33","0","0","37.78","Concrete Jungle"
"Star Ocean","6770","Star Ocean","333180","28920","308","2","57","0","0","11.52","Star Ocean"
"Shin Hayarigami","6771","Shin Hayarigami","333120","5160","732","2","9","0","0","64.56","Shin Hayarigami"
"Shin Megami Tensei: Devil Survivor 2: Record Breaker","6772","Shin Megami Tensei: Devil Survivor 2: Record Breaker","333060","9480","210","2","11","0","0","35.13","Shin Megami Tensei: Devil Survivor 2: Record Breaker"
"Underhero","6773","Underhero","332940","39720","4548","3","105","0","0","8.38","Underhero"
"FIM Speedway Grand Prix 15","6774","FIM Speedway Grand Prix 15","332700","8700","1718","2","28","0","0","38.24","FIM Speedway Grand Prix 15"
"The Sly Collection","6775","The Sly Collection","332700","63600","460","3","97","0","0","5.23","The Sly Collection"
"PictoQuest","6776","PictoQuest","332460","4980","678","2","24","0","0","66.76","PictoQuest"
"Wario's Woods","6777","Wario's Woods","332340","24120","1861","2","80","0","0","13.78","Wario's Woods"
"Modern Combat 5: Blackout","6778","Modern Combat 5: Blackout","332340","206340","704","5","899","0","0","1.61","Modern Combat 5: Blackout"
"Farm for your Life","6779","Farm for your Life","332160","3600","846","1","19","0","0","92.27","Farm for your Life"
"TwitchCon 2017","6780","TwitchCon 2017","332040","27600","2032","3","170","0","0","12.03","TwitchCon 2017"
"Worms","6781","Worms","331860","11280","3226","2","75","0","0","29.42","Worms"
"The Moment of Silence","6782","The Moment of Silence","331800","1860","575","1","4","0","0","178.39","The Moment of Silence"
"Guacamelee! Gold Edition","6783","Guacamelee! Gold Edition","331740","52800","188","3","160","0","0","6.28","Guacamelee! Gold Edition"
"Yu-Gi-Oh! Duel Monsters","6784","Yu-Gi-Oh! Duel Monsters","331560","23640","192","2","54","0","0","14.03","Yu-Gi-Oh! Duel Monsters"
"Rune Factory 2: A Fantasy Harvest Moon","6785","Rune Factory 2: A Fantasy Harvest Moon","331200","19800","44","1","11","0","0","16.73","Rune Factory 2: A Fantasy Harvest Moon"
"Failed State","6786","Failed State","330900","8520","3888","2","50","0","0","38.84","Failed State"
"Loading Screen Simulator","6787","Loading Screen Simulator","330600","17760","1973","3","83","0","0","18.61","Loading Screen Simulator"
"Legendary Wings","6788","Legendary Wings","330360","1080","905","1","4","0","0","305.89","Legendary Wings"
"Aerobiz Supersonic","6789","Aerobiz Supersonic","330360","3600","582","1","11","0","0","91.77","Aerobiz Supersonic"
"Super Robot Wars J","6790","Super Robot Wars J","330180","21840","94","1","12","0","0","15.12","Super Robot Wars J"
"Anno 1701: Dawn of Discovery","6791","Anno 1701: Dawn of Discovery","330120","16260","1411","2","60","0","0","20.3","Anno 1701: Dawn of Discovery"
"Troll and I","6792","Troll and I","330120","7680","2367","1","60","0","0","42.98","Troll and I"
"The Stretchers","6793","The Stretchers","329700","7860","694","2","46","0","0","41.95","The Stretchers"
"Golden Sun: Dark Dawn","6794","Golden Sun: Dark Dawn","329640","21600","501","2","33","0","0","15.26","Golden Sun: Dark Dawn"
"Juicy Realm","6795","Juicy Realm","329580","5880","2445","1","34","0","0","56.05","Juicy Realm"
"Grandia: Parallel Trippers","6796","Grandia: Parallel Trippers","329460","5940","1296","3","6","0","0","55.46","Grandia: Parallel Trippers"
"Picross: Lord of the Nazarick","6797","Picross: Lord of the Nazarick","329160","7200","1068","2","26","0","0","45.72","Picross: Lord of the Nazarick"
"F1 2016","6798","F1 2016","329040","55980","1111","5","525","0","0","5.88","F1 2016"
"Evony","6799","Evony","328920","1980","4901","1","7","0","0","166.12","Evony"
"Twin Goddesses","6800","Twin Goddesses","328860","240","2886","1","3","0","0","1370.25","Twin Goddesses"