"","","Game","Watch time","Stream time","Peak viewers","Peak channels","Streamers","Average viewers","Average channels","Average viewer ratio",""
"Lichtspeer","11701","Lichtspeer","57840","6180","271","1","51","0","0","9.36","Lichtspeer"
"Desync","11702","Desync","57780","12180","268","2","68","0","0","4.74","Desync"
"Legend of the Skyfish","11703","Legend of the Skyfish","57780","7080","147","3","53","0","0","8.16","Legend of the Skyfish"
"GAMES Interactive","11704","GAMES Interactive","57780","45120","28","4","130","0","0","1.28","GAMES Interactive"
"Yu-Gi-Oh! World Championship 2007","11705","Yu-Gi-Oh! World Championship 2007","57780","4680","28","1","5","0","0","12.35","Yu-Gi-Oh! World Championship 2007"
"Legends","11706","Legends","57780","74880","181","3","236","0","0","0.77","Legends"
"Violett","11707","Violett","57720","7020","280","1","27","0","0","8.22","Violett"
"The New York Times Crosswords","11708","The New York Times Crosswords","57720","6180","40","2","11","0","0","9.34","The New York Times Crosswords"
"EpicSeven","11709","EpicSeven","57720","7800","123","1","36","0","0","7.4","EpicSeven"
"Swordbreaker: The Game","11710","Swordbreaker: The Game","57720","2040","259","1","13","0","0","28.29","Swordbreaker: The Game"
"Fugitive Hunter: War on Terror","11711","Fugitive Hunter: War on Terror","57660","2460","595","2","7","0","0","23.44","Fugitive Hunter: War on Terror"
"Disney's Mulan","11712","Disney's Mulan","57660","1080","913","3","6","0","0","53.39","Disney's Mulan"
"Angry Birds VR: Isle of Pigs","11713","Angry Birds VR: Isle of Pigs","57660","7500","134","2","65","0","0","7.69","Angry Birds VR: Isle of Pigs"
"Dynasty Warriors 3","11714","Dynasty Warriors 3","57600","30480","25","2","34","0","0","1.89","Dynasty Warriors 3"
"Hounds: The Last Hope","11715","Hounds: The Last Hope","57600","23820","25","3","69","0","0","2.42","Hounds: The Last Hope"
"Earth Defense Force 2017","11716","Earth Defense Force 2017","57540","24180","149","3","146","0","0","2.38","Earth Defense Force 2017"
"RollerCoaster Tycoon 3: Soaked!","11717","RollerCoaster Tycoon 3: Soaked!","57540","4980","266","2","25","0","0","11.55","RollerCoaster Tycoon 3: Soaked!"
"Angry Birds Trilogy","11718","Angry Birds Trilogy","57540","2280","431","1","9","0","0","25.24","Angry Birds Trilogy"
"The Walking Dead: Survival Instinct","11719","The Walking Dead: Survival Instinct","57480","18300","91","2","79","0","0","3.14","The Walking Dead: Survival Instinct"
"HellSinker","11720","HellSinker","57480","20100","31","5","50","0","0","2.86","HellSinker"
"Summon Night: Swordcraft Story","11721","Summon Night: Swordcraft Story","57420","16500","36","3","43","0","0","3.48","Summon Night: Swordcraft Story"
"Sex * Royale: The world that desires and pleasures interweave","11722","Sex * Royale: The world that desires and pleasures interweave","57420","1080","932","1","3","0","0","53.17","Sex * Royale: The world that desires and pleasures interweave"
"Sakura Taisen 2: Kimi, Shinitamou koto Nakare","11723","Sakura Taisen 2: Kimi, Shinitamou koto Nakare","57360","10620","46","2","10","0","0","5.4","Sakura Taisen 2: Kimi, Shinitamou koto Nakare"
"Hydro Thunder Hurricane","11724","Hydro Thunder Hurricane","57360","14760","188","2","112","0","0","3.89","Hydro Thunder Hurricane"
"Barbie Fashion Designer","11725","Barbie Fashion Designer","57300","12360","402","2","42","0","0","4.64","Barbie Fashion Designer"
"Bruce Lee","11726","Bruce Lee","57300","2880","404","2","14","0","0","19.9","Bruce Lee"
"C64 Classix","11727","C64 Classix","57300","7680","101","1","23","0","0","7.46","C64 Classix"
"Carmageddon","11728","Carmageddon","57300","9720","143","2","30","0","0","5.9","Carmageddon"
"Castle Miner Z","11729","Castle Miner Z","57300","27720","42","3","193","0","0","2.07","Castle Miner Z"
"Street Fighter Collection","11730","Street Fighter Collection","57300","2400","457","1","20","0","0","23.88","Street Fighter Collection"
"Suzy Cube","11731","Suzy Cube","57300","5280","110","1","35","0","0","10.85","Suzy Cube"
"Tokimeki Memorial 2 Substories: Leaping School Festival","11732","Tokimeki Memorial 2 Substories: Leaping School Festival","57300","420","526","1","1","0","0","136.43","Tokimeki Memorial 2 Substories: Leaping School Festival"
"Drive on Moscow: War in the Snow","11733","Drive on Moscow: War in the Snow","57240","2940","101","2","4","0","0","19.47","Drive on Moscow: War in the Snow"
"Dead or Alive: Xtreme 2","11734","Dead or Alive: Xtreme 2","57240","3120","322","1","12","0","0","18.35","Dead or Alive: Xtreme 2"
"Armored Core: Master of Arena","11735","Armored Core: Master of Arena","57240","4800","81","1","17","0","0","11.93","Armored Core: Master of Arena"
"Darwinia","11736","Darwinia","57180","8760","698","1","23","0","0","6.53","Darwinia"
"The Incredible Crash Dummies","11737","The Incredible Crash Dummies","57180","1620","380","4","13","0","0","35.3","The Incredible Crash Dummies"
"Solitaire Cube","11738","Solitaire Cube","57180","25500","14","2","9","0","0","2.24","Solitaire Cube"
"Swarmlake","11739","Swarmlake","57180","7260","212","1","54","0","0","7.88","Swarmlake"
"DragonHeart: Fire & Steel","11740","DragonHeart: Fire & Steel","57180","420","942","1","4","0","0","136.14","DragonHeart: Fire & Steel"
"Tony Hawk's Project 8","11741","Tony Hawk's Project 8","57060","13260","50","2","41","0","0","4.3","Tony Hawk's Project 8"
"Guilty Gear XX Slash","11742","Guilty Gear XX Slash","57060","3360","54","1","5","0","0","16.98","Guilty Gear XX Slash"
"Queen's Wish: The Conqueror","11743","Queen's Wish: The Conqueror","57060","12540","102","2","17","0","0","4.55","Queen's Wish: The Conqueror"
"TwinCop","11744","TwinCop","57060","3420","152","2","16","0","0","16.68","TwinCop"
"Texas Hold 'em","11745","Texas Hold 'em","57000","30840","88","2","87","0","0","1.85","Texas Hold 'em"
"SkyNET","11746","SkyNET","56940","780","157","1","3","0","0","73","SkyNET"
"Cricket Captain 2016","11747","Cricket Captain 2016","56940","780","935","1","2","0","0","73","Cricket Captain 2016"
"Game of Dice","11748","Game of Dice","56880","24900","66","2","106","0","0","2.28","Game of Dice"
"Just Me and My Grandpa","11749","Just Me and My Grandpa","56820","240","962","1","3","0","0","236.75","Just Me and My Grandpa"
"Pro Evolution Soccer 3","11750","Pro Evolution Soccer 3","56820","2280","188","2","15","0","0","24.92","Pro Evolution Soccer 3"
"Hospital Tycoon","11751","Hospital Tycoon","56820","4800","119","1","27","0","0","11.84","Hospital Tycoon"
"Hatsune Miku: Project Mirai DX","11752","Hatsune Miku: Project Mirai DX","56820","16620","19","2","39","0","0","3.42","Hatsune Miku: Project Mirai DX"
"Noitu Love 2: Devolution","11753","Noitu Love 2: Devolution","56760","2760","260","1","18","0","0","20.57","Noitu Love 2: Devolution"
"Street Gears","11754","Street Gears","56760","14520","45","2","14","0","0","3.91","Street Gears"
"The Crow's Eye","11755","The Crow's Eye","56760","7800","29","2","25","0","0","7.28","The Crow's Eye"
"Pinkman","11756","Pinkman","56760","1500","575","1","11","0","0","37.84","Pinkman"
"The Blind Griffin","11757","The Blind Griffin","56700","480","236","1","2","0","0","118.13","The Blind Griffin"
"X-Men: Mutant Apocalypse","11758","X-Men: Mutant Apocalypse","56700","8280","560","1","51","0","0","6.85","X-Men: Mutant Apocalypse"
"Project Downfall","11759","Project Downfall","56640","900","443","1","9","0","0","62.93","Project Downfall"
"Dark Seed","11760","Dark Seed","56580","4080","261","1","14","0","0","13.87","Dark Seed"
"Monster of the Deep: Final Fantasy XV","11761","Monster of the Deep: Final Fantasy XV","56580","8220","67","1","36","0","0","6.88","Monster of the Deep: Final Fantasy XV"
"Mythic Wonders: The Philosopher's Stone","11762","Mythic Wonders: The Philosopher's Stone","56520","2460","197","1","9","0","0","22.98","Mythic Wonders: The Philosopher's Stone"
"Hellmut: The Badass from Hell","11763","Hellmut: The Badass from Hell","56520","8160","149","2","45","0","0","6.93","Hellmut: The Badass from Hell"
"Bombfest","11764","Bombfest","56460","2760","313","3","19","0","0","20.46","Bombfest"
"Connect Four","11765","Connect Four","56460","3240","309","1","28","0","0","17.43","Connect Four"
"Santa Tracker","11766","Santa Tracker","56460","12240","148","12","31","0","0","4.61","Santa Tracker"
"ArchLord","11767","ArchLord","56400","28380","36","3","32","0","0","1.99","ArchLord"
"Star Trek: Voyager - Elite Force","11768","Star Trek: Voyager - Elite Force","56400","18540","26","2","53","0","0","3.04","Star Trek: Voyager - Elite Force"
"Kono Subarashii Sekai ni Shukufuku o! -Kono Yokubukai Game ni Shinpan o!-","11769","Kono Subarashii Sekai ni Shukufuku o! -Kono Yokubukai Game ni Shinpan o!-","56400","8400","50","2","23","0","0","6.71","Kono Subarashii Sekai ni Shukufuku o! -Kono Yokubukai Game ni Shinpan o!-"
"Grimoire: Heralds of the Winged Exemplar","11770","Grimoire: Heralds of the Winged Exemplar","56400","6660","41","2","7","0","0","8.47","Grimoire: Heralds of the Winged Exemplar"
"Perfect! Pool","11771","Perfect! Pool","56400","4500","146","1","3","0","0","12.53","Perfect! Pool"
"Minecraft Earth","11772","Minecraft Earth","56400","31080","157","3","213","0","0","1.81","Minecraft Earth"
"Tiny-Tasy Town","11773","Tiny-Tasy Town","56400","480","467","1","5","0","0","117.5","Tiny-Tasy Town"
"Strength of the Sword ULTIMATE","11774","Strength of the Sword ULTIMATE","56400","2880","311","2","23","0","0","19.58","Strength of the Sword ULTIMATE"
"Time Clickers","11775","Time Clickers","56340","15780","46","2","33","0","0","3.57","Time Clickers"
"Shao-Lin's Road","11776","Shao-Lin's Road","56340","11100","30","2","7","0","0","5.08","Shao-Lin's Road"
"Mankind Reborn","11777","Mankind Reborn","56340","4980","111","3","6","0","0","11.31","Mankind Reborn"
"Knuckles' Chaotix","11778","Knuckles' Chaotix","56340","8280","65","2","36","0","0","6.8","Knuckles' Chaotix"
"iOS Gaming","11779","iOS Gaming","56280","154500","202","7","261","0","0","0.36","iOS Gaming"
"Pom Gets Wi-Fi","11780","Pom Gets Wi-Fi","56280","5220","252","1","34","0","0","10.78","Pom Gets Wi-Fi"
"Mana-Khemia 2: Fall of Alchemy","11781","Mana-Khemia 2: Fall of Alchemy","56280","17580","16","2","11","0","0","3.2","Mana-Khemia 2: Fall of Alchemy"
"Disney Magic Kingdoms","11782","Disney Magic Kingdoms","56280","5880","795","2","34","0","0","9.57","Disney Magic Kingdoms"
"Tempest: Pirate Action RPG","11783","Tempest: Pirate Action RPG","56160","14880","58","2","45","0","0","3.77","Tempest: Pirate Action RPG"
"Agents of Storm","11784","Agents of Storm","56160","1080","281","1","4","0","0","52","Agents of Storm"
"Family & Friends Party","11785","Family & Friends Party","56160","2340","174","1","9","0","0","24","Family & Friends Party"
"Jumping Flash! 2","11786","Jumping Flash! 2","56160","5700","30","1","8","0","0","9.85","Jumping Flash! 2"
"Exile","11787","Exile","56100","3300","142","2","15","0","0","17","Exile"
"Distant Worlds","11788","Distant Worlds","56100","1200","181","1","2","0","0","46.75","Distant Worlds"
"Lucifer Ring","11789","Lucifer Ring","56100","420","470","1","2","0","0","133.57","Lucifer Ring"
"Super Robot Wars R","11790","Super Robot Wars R","56040","6000","41","1","5","0","0","9.34","Super Robot Wars R"
"Super Fancy Pants Adventure","11791","Super Fancy Pants Adventure","56040","13200","131","3","61","0","0","4.25","Super Fancy Pants Adventure"
"Patapon 3","11792","Patapon 3","56040","25440","22","2","91","0","0","2.2","Patapon 3"
"Eador: Masters of the Broken World","11793","Eador: Masters of the Broken World","55980","21660","65","2","26","0","0","2.58","Eador: Masters of the Broken World"
"Kirby's Dream Collection Special Edition","11794","Kirby's Dream Collection Special Edition","55980","10560","48","2","30","0","0","5.3","Kirby's Dream Collection Special Edition"
"musika","11795","musika","55980","27480","193","3","102","0","0","2.04","musika"
"Operation Abyss: New Tokyo Legacy","11796","Operation Abyss: New Tokyo Legacy","55980","8700","205","1","10","0","0","6.43","Operation Abyss: New Tokyo Legacy"
"NeuroVoider","11797","NeuroVoider","55980","22320","24","2","134","0","0","2.51","NeuroVoider"
"Duke Nukem Advance","11798","Duke Nukem Advance","55920","540","668","2","5","0","0","103.56","Duke Nukem Advance"
"Pawarumi","11799","Pawarumi","55920","6720","64","2","42","0","0","8.32","Pawarumi"
"Golf Grand Slam","11800","Golf Grand Slam","55920","4080","68","5","6","0","0","13.71","Golf Grand Slam"