"","","Game","Watch time","Stream time","Peak viewers","Peak channels","Streamers","Average viewers","Average channels","Average viewer ratio",""
"Lust for Darkness","4001","Lust for Darkness","1294080","65040","1775","3","319","2","0","19.9","Lust for Darkness"
"Heroland","4002","Heroland","1293540","8460","1809","3","29","2","0","152.9","Heroland"
"Omega Labyrinth Life","4003","Omega Labyrinth Life","1292400","66900","342","7","102","2","0","19.32","Omega Labyrinth Life"
"Dune","4004","Dune","1290660","20880","6722","2","57","2","0","61.81","Dune"
"Shantae: Risky's Revenge","4005","Shantae: Risky's Revenge","1289820","71940","5763","3","194","2","0","17.93","Shantae: Risky's Revenge"
"beatmania IIDX","4006","beatmania IIDX","1289580","102720","1114","3","100","2","0","12.55","beatmania IIDX"
"Super Mario Bros. Special","4007","Super Mario Bros. Special","1288560","2880","11227","1","17","2","0","447.42","Super Mario Bros. Special"
"Varius","4008","Varius","1288380","60000","177","2","32","2","0","21.47","Varius"
"Ylands","4009","Ylands","1286880","213600","307","11","760","2","0","6.02","Ylands"
"Neverinth: The Never Ending Labyrinth","4010","Neverinth: The Never Ending Labyrinth","1286700","40500","5650","5","131","2","0","31.77","Neverinth: The Never Ending Labyrinth"
"Sam & Max Hit the Road","4011","Sam & Max Hit the Road","1285860","50100","1411","3","168","2","0","25.67","Sam & Max Hit the Road"
"Killing Room","4012","Killing Room","1285800","87660","1646","3","517","2","0","14.67","Killing Room"
"Diablo: Immortal","4013","Diablo: Immortal","1284720","13560","9800","3","28","2","0","94.74","Diablo: Immortal"
"LEGO Jurassic World","4014","LEGO Jurassic World","1283520","272760","1170","6","852","2","0","4.71","LEGO Jurassic World"
"JoJo's Bizarre Adventure: Eyes of Heaven","4015","JoJo's Bizarre Adventure: Eyes of Heaven","1282380","350700","1049","8","1975","2","0","3.66","JoJo's Bizarre Adventure: Eyes of Heaven"
"Call of Juarez","4016","Call of Juarez","1280820","41520","3896","3","133","2","0","30.85","Call of Juarez"
"Collection of Mana","4017","Collection of Mana","1280280","91320","1408","11","244","2","0","14.02","Collection of Mana"
"The Legend of Heroes: Trails in the Sky the 3rd","4018","The Legend of Heroes: Trails in the Sky the 3rd","1280220","176220","564","4","103","2","0","7.26","The Legend of Heroes: Trails in the Sky the 3rd"
"Arizona Derby","4019","Arizona Derby","1276320","5700","20341","2","65","2","0","223.92","Arizona Derby"
"TowerFall","4020","TowerFall","1276080","93060","3784","5","447","2","0","13.71","TowerFall"
"The Alchemist Code","4021","The Alchemist Code","1275180","225240","50","5","97","2","0","5.66","The Alchemist Code"
"Akane","4022","Akane","1274760","20880","13898","2","149","2","0","61.05","Akane"
"Gears of War","4023","Gears of War","1273740","393900","194","11","1884","2","0","3.23","Gears of War"
"Mount & Blade","4024","Mount & Blade","1272720","49620","2075","3","178","2","0","25.65","Mount & Blade"
"TrackMania Nations Forever","4025","TrackMania Nations Forever","1271880","224760","2902","7","1095","2","0","5.66","TrackMania Nations Forever"
"Lineage 2: Revolution","4026","Lineage 2: Revolution","1271880","298860","1459","10","292","2","0","4.26","Lineage 2: Revolution"
"Paragon","4027","Paragon","1271160","108480","771","14","269","2","0","11.72","Paragon"
"A Knight's Quest","4028","A Knight's Quest","1270620","52980","16827","6","128","2","0","23.98","A Knight's Quest"
"Grand Dad Mania: Revived","4029","Grand Dad Mania: Revived","1270200","1380","2789","1","7","2","0","920.43","Grand Dad Mania: Revived"
"Disgaea: Hour of Darkness","4030","Disgaea: Hour of Darkness","1269300","187500","1247","5","339","2","0","6.77","Disgaea: Hour of Darkness"
"Grand Summoners","4031","Grand Summoners","1268820","174900","685","5","156","2","0","7.25","Grand Summoners"
"Fairy Fencer F: Advent Dark Force","4032","Fairy Fencer F: Advent Dark Force","1268100","128280","356","15","319","2","0","9.89","Fairy Fencer F: Advent Dark Force"
"Shadowrun: Dragonfall - Director's Cut","4033","Shadowrun: Dragonfall - Director's Cut","1267980","154800","427","4","266","2","0","8.19","Shadowrun: Dragonfall - Director's Cut"
"Hacktag","4034","Hacktag","1267620","34500","865","4","162","2","0","36.74","Hacktag"
"11-11: Memories Retold","4035","11-11: Memories Retold","1267320","69000","1015","7","284","2","0","18.37","11-11: Memories Retold"
"Star Wars: Rogue Squadron","4036","Star Wars: Rogue Squadron","1266540","25920","8812","4","117","2","0","48.86","Star Wars: Rogue Squadron"
"Rocket Knight Adventures","4037","Rocket Knight Adventures","1265640","32340","5400","3","117","2","0","39.14","Rocket Knight Adventures"
"Alien Shooter 2","4038","Alien Shooter 2","1265220","17280","3810","2","62","2","0","73.22","Alien Shooter 2"
"Fort Boyard","4039","Fort Boyard","1264740","14280","6136","2","78","2","0","88.57","Fort Boyard"
"Lumines: Puzzle Fusion","4040","Lumines: Puzzle Fusion","1264320","5460","10555","2","39","2","0","231.56","Lumines: Puzzle Fusion"
"Farland Saga","4041","Farland Saga","1263180","12720","1816","2","21","2","0","99.31","Farland Saga"
"Final Fantasy I & II: Dawn of Souls","4042","Final Fantasy I & II: Dawn of Souls","1260660","154440","557","4","301","2","0","8.16","Final Fantasy I & II: Dawn of Souls"
"X-Men: Children of the Atom","4043","X-Men: Children of the Atom","1260120","10260","9484","2","30","2","0","122.82","X-Men: Children of the Atom"
"Spider-Man 2","4044","Spider-Man 2","1259820","63000","1827","3","257","2","0","20","Spider-Man 2"
"The Elder Scrolls Online: Elsweyr","4045","The Elder Scrolls Online: Elsweyr","1258800","27900","19318","8","123","2","0","45.12","The Elder Scrolls Online: Elsweyr"
"Quest Hunter","4046","Quest Hunter","1257360","93480","3997","9","305","2","0","13.45","Quest Hunter"
"Thumper","4047","Thumper","1257300","200880","5289","5","1296","2","0","6.26","Thumper"
"Need for Speed: Porsche Unleashed","4048","Need for Speed: Porsche Unleashed","1255680","20640","844","2","55","2","0","60.84","Need for Speed: Porsche Unleashed"
"Dragon Quest VI: Realms of Revelation","4049","Dragon Quest VI: Realms of Revelation","1255200","75480","327","4","58","2","0","16.63","Dragon Quest VI: Realms of Revelation"
"A Robot Named Fight!","4050","A Robot Named Fight!","1254600","48840","5529","4","175","2","0","25.69","A Robot Named Fight!"
"NightCry","4051","NightCry","1253280","34380","2299","2","67","2","0","36.45","NightCry"
"Loom","4052","Loom","1252260","15960","3130","2","59","2","0","78.46","Loom"
"Sly Cooper: Thieves in Time","4053","Sly Cooper: Thieves in Time","1251720","89160","400","3","152","2","0","14.04","Sly Cooper: Thieves in Time"
"Blaster Master 2","4054","Blaster Master 2","1249560","9840","4792","3","23","2","0","126.99","Blaster Master 2"
"Painkiller","4055","Painkiller","1249500","124680","1584","4","464","2","0","10.02","Painkiller"
"13 Sentinels: Aegis Rim Prologue","4056","13 Sentinels: Aegis Rim Prologue","1249140","19320","6030","8","68","2","0","64.66","13 Sentinels: Aegis Rim Prologue"
"Eagle Island","4057","Eagle Island","1247820","80760","740","16","234","2","0","15.45","Eagle Island"
"Pocket Fighter","4058","Pocket Fighter","1247220","12300","9833","2","50","2","0","101.4","Pocket Fighter"
"Eversion","4059","Eversion","1246800","12240","7083","2","69","2","0","101.86","Eversion"
"The Darkside Detective","4060","The Darkside Detective","1243920","91560","1176","6","353","2","0","13.59","The Darkside Detective"
"PaperCraft","4061","PaperCraft","1243500","9540","4523","2","33","2","0","130.35","PaperCraft"
"Disney Classic Games: Aladdin and The Lion King","4062","Disney Classic Games: Aladdin and The Lion King","1242960","59880","1276","14","402","2","0","20.76","Disney Classic Games: Aladdin and The Lion King"
"Everybody's Gone to the Rapture","4063","Everybody's Gone to the Rapture","1242840","60960","4843","3","494","2","0","20.39","Everybody's Gone to the Rapture"
"Earthworm Jim","4064","Earthworm Jim","1242600","39120","4922","3","209","2","0","31.76","Earthworm Jim"
"Um Jammer Lammy","4065","Um Jammer Lammy","1241280","10440","4605","2","73","2","0","118.9","Um Jammer Lammy"
"Photographs","4066","Photographs","1240500","105300","2181","5","367","2","0","11.78","Photographs"
"Prototype 2","4067","Prototype 2","1239900","167940","1494","5","866","2","0","7.38","Prototype 2"
"Tamashii","4068","Tamashii","1239840","11280","5233","2","56","2","0","109.91","Tamashii"
"Tennis Critters","4069","Tennis Critters","1239360","360","13002","5","5","2","0","3442.67","Tennis Critters"
"Shin Megami Tensei IV Final","4070","Shin Megami Tensei IV Final","1237140","56940","271","3","35","2","0","21.73","Shin Megami Tensei IV Final"
"The Mean Greens","4071","The Mean Greens","1237020","28200","3701","5","224","2","0","43.87","The Mean Greens"
"A Light in the Dark","4072","A Light in the Dark","1234380","13380","6021","3","52","2","0","92.26","A Light in the Dark"
"Die Hard Trilogy","4073","Die Hard Trilogy","1234200","9900","9805","2","46","2","0","124.67","Die Hard Trilogy"
"Legend of Mana","4074","Legend of Mana","1234080","300180","239","5","193","2","0","4.11","Legend of Mana"
"Blade Runner","4075","Blade Runner","1233660","55980","2043","5","155","2","0","22.04","Blade Runner"
"Koihime Enbu","4076","Koihime Enbu","1233360","42600","6126","3","121","2","0","28.95","Koihime Enbu"
"DreadOut: Keepers of The Dark","4077","DreadOut: Keepers of The Dark","1231860","45600","3892","2","207","2","0","27.01","DreadOut: Keepers of The Dark"
"Fiesta Online","4078","Fiesta Online","1230720","254220","233","5","343","2","0","4.84","Fiesta Online"
"Box Boy! + Box Girl!","4079","Box Boy! + Box Girl!","1230660","45180","1534","6","173","2","0","27.24","Box Boy! + Box Girl!"
"Mystic Messenger","4080","Mystic Messenger","1226220","7740","4852","1","23","2","0","158.43","Mystic Messenger"
"Warhammer 40,000: Dawn of War","4081","Warhammer 40,000: Dawn of War","1225560","100320","3037","4","359","2","0","12.22","Warhammer 40,000: Dawn of War"
"Phantom Doctrine","4082","Phantom Doctrine","1221000","191100","875","5","420","2","0","6.39","Phantom Doctrine"
"Shining Force III","4083","Shining Force III","1220820","38880","8213","2","28","2","0","31.4","Shining Force III"
"Gordon Streaman","4084","Gordon Streaman","1219860","3540","11449","2","41","2","0","344.59","Gordon Streaman"
"Aim Hero","4085","Aim Hero","1219260","147060","6728","4","976","2","0","8.29","Aim Hero"
"Ghostbusters","4086","Ghostbusters","1219080","103920","4349","7","440","2","0","11.73","Ghostbusters"
"Unreal Tournament 2004","4087","Unreal Tournament 2004","1218600","218160","2631","4","527","2","0","5.59","Unreal Tournament 2004"
"Mega Man Legends 2","4088","Mega Man Legends 2","1218120","92520","1023","5","141","2","0","13.17","Mega Man Legends 2"
"Shadowrun: Hong Kong","4089","Shadowrun: Hong Kong","1217520","119760","313","4","199","2","0","10.17","Shadowrun: Hong Kong"
"Gunbound","4090","Gunbound","1216680","35400","5902","3","153","2","0","34.37","Gunbound"
"Fantasy General II - Invasion","4091","Fantasy General II - Invasion","1216560","40620","1943","8","92","2","0","29.95","Fantasy General II - Invasion"
"Anno 2070","4092","Anno 2070","1216260","210840","1269","10","677","2","0","5.77","Anno 2070"
"HYPERCHARGE: Unboxed","4093","HYPERCHARGE: Unboxed","1214940","35820","6288","4","186","2","0","33.92","HYPERCHARGE: Unboxed"
"The Lord of the Rings: War in the North","4094","The Lord of the Rings: War in the North","1214820","118200","951","5","388","2","0","10.28","The Lord of the Rings: War in the North"
"Solstice: The Quest for the Staff of Demnos","4095","Solstice: The Quest for the Staff of Demnos","1214700","12180","11939","7","21","2","0","99.73","Solstice: The Quest for the Staff of Demnos"
"The Mercury Man","4096","The Mercury Man","1213680","23820","2687","2","64","2","0","50.95","The Mercury Man"
"Star Wars: Shadows of the Empire","4097","Star Wars: Shadows of the Empire","1213020","44220","8412","7","216","2","0","27.43","Star Wars: Shadows of the Empire"
"Splasher","4098","Splasher","1212060","44640","2773","4","127","2","0","27.15","Splasher"
"El Shaddai: Ascension of the Metatron","4099","El Shaddai: Ascension of the Metatron","1211280","7200","1780","1","17","2","0","168.23","El Shaddai: Ascension of the Metatron"
"Corpse Party: Book of Shadows","4100","Corpse Party: Book of Shadows","1211280","115620","1635","5","167","2","0","10.48","Corpse Party: Book of Shadows"