"","","Game","Watch time","Stream time","Peak viewers","Peak channels","Streamers","Average viewers","Average channels","Average viewer ratio",""
"Space Haven","3101","Space Haven","2272620","65280","5620","6","182","4","0","34.81","Space Haven"
"Beautiful Katamari","3102","Beautiful Katamari","2267460","14280","5188","2","47","4","0","158.79","Beautiful Katamari"
"Don't Even Think","3103","Don't Even Think","2266500","744180","201","28","1983","4","1","3.05","Don't Even Think"
"Carrion","3104","Carrion","2266260","22140","18391","5","359","4","0","102.36","Carrion"
"Freeman: Guerrilla Warfare","3105","Freeman: Guerrilla Warfare","2266200","175800","3527","5","537","4","0","12.89","Freeman: Guerrilla Warfare"
"Warriors: Rise to Glory!","3106","Warriors: Rise to Glory!","2266200","18300","1708","3","78","4","0","123.84","Warriors: Rise to Glory!"
"DiRT 4","3107","DiRT 4","2265300","727380","2209","14","4093","4","1","3.11","DiRT 4"
"Not in Heaven","3108","Not in Heaven","2262480","3000","21586","5","28","4","0","754.16","Not in Heaven"
"Waven","3109","Waven","2260620","187860","2648","20","444","4","0","12.03","Waven"
"Tony Hawk's Pro Skater 3","3110","Tony Hawk's Pro Skater 3","2259180","80220","5021","3","379","4","0","28.16","Tony Hawk's Pro Skater 3"
"Mirror's Edge Catalyst","3111","Mirror's Edge Catalyst","2258580","429120","1564","7","3640","4","0","5.26","Mirror's Edge Catalyst"
"Spider-Man","3112","Spider-Man","2256420","335460","1312","9","1443","4","0","6.73","Spider-Man"
"Omega Labyrinth Z","3113","Omega Labyrinth Z","2253720","10620","6787","2","17","4","0","212.21","Omega Labyrinth Z"
"Pistol Whip","3114","Pistol Whip","2252580","128700","20468","26","1132","4","0","17.5","Pistol Whip"
"Escape the Room","3115","Escape the Room","2250840","29400","5416","4","100","4","0","76.56","Escape the Room"
"Ninja Gaiden Sigma 2","3116","Ninja Gaiden Sigma 2","2250840","62340","3445","3","89","4","0","36.11","Ninja Gaiden Sigma 2"
"Rayman 3: Hoodlum Havoc","3117","Rayman 3: Hoodlum Havoc","2249340","186240","4155","5","403","4","0","12.08","Rayman 3: Hoodlum Havoc"
"Story of Seasons","3118","Story of Seasons","2247480","109740","5304","12","167","4","0","20.48","Story of Seasons"
"Mamono Hunter Yohko","3119","Mamono Hunter Yohko","2246460","2400","12423","7","11","4","0","936.03","Mamono Hunter Yohko"
"Fantasy Strike","3120","Fantasy Strike","2245320","91140","4466","8","191","4","0","24.64","Fantasy Strike"
"Devil Daggers","3121","Devil Daggers","2244960","407880","4951","6","1000","4","0","5.5","Devil Daggers"
"Grandia II","3122","Grandia II","2242560","234000","1560","4","369","4","0","9.58","Grandia II"
"Guns, Gore and Cannoli 2","3123","Guns, Gore and Cannoli 2","2241840","94800","5203","11","517","4","0","23.65","Guns, Gore and Cannoli 2"
"Stigmatized Property","3124","Stigmatized Property","2236740","16860","19519","5","153","4","0","132.67","Stigmatized Property"
"Snake Pass","3125","Snake Pass","2236680","113760","11606","5","652","4","0","19.66","Snake Pass"
"Super Robot Wars X","3126","Super Robot Wars X","2235780","152820","1625","6","149","4","0","14.63","Super Robot Wars X"
"Soccer Battle Royale","3127","Soccer Battle Royale","2232960","1260","17549","2","7","4","0","1772.19","Soccer Battle Royale"
"Love Live! School Idol Festival","3128","Love Live! School Idol Festival","2232780","264840","412","5","468","4","0","8.43","Love Live! School Idol Festival"
"Full Throttle","3129","Full Throttle","2232720","105600","3208","4","420","4","0","21.14","Full Throttle"
"Tony Hawk's Pro Skater HD","3130","Tony Hawk's Pro Skater HD","2231460","42060","47301","6","263","4","0","53.05","Tony Hawk's Pro Skater HD"
"NASCAR Heat 4","3131","NASCAR Heat 4","2230800","537780","1108","26","1105","4","1","4.15","NASCAR Heat 4"
"SimCity","3132","SimCity","2224380","325680","3731","6","1063","4","0","6.83","SimCity"
"Q.U.B.E. 2","3133","Q.U.B.E. 2","2222820","414720","4305","33","2178","4","0","5.36","Q.U.B.E. 2"
"Second Hand: Frankie's Revenge","3134","Second Hand: Frankie's Revenge","2220960","4500","17737","3","34","4","0","493.55","Second Hand: Frankie's Revenge"
"Tesla Effect","3135","Tesla Effect","2219940","33060","1934","2","80","4","0","67.15","Tesla Effect"
"The Invisible Hours","3136","The Invisible Hours","2217900","37560","6257","3","156","4","0","59.05","The Invisible Hours"
"Legend of Legaia","3137","Legend of Legaia","2215260","197280","1131","4","260","4","0","11.23","Legend of Legaia"
"Species: Artificial Life, Real Evolution","3138","Species: Artificial Life, Real Evolution","2214840","18420","3832","2","85","4","0","120.24","Species: Artificial Life, Real Evolution"
"BTS World","3139","BTS World","2214840","6540","7764","2","39","4","0","338.66","BTS World"
"Virtual Boy Wario Land","3140","Virtual Boy Wario Land","2213940","8700","6116","2","32","4","0","254.48","Virtual Boy Wario Land"
"Planet Centauri","3141","Planet Centauri","2212080","40860","2252","3","112","4","0","54.14","Planet Centauri"
"Shadow Arena","3142","Shadow Arena","2211540","64380","2603","71","266","4","0","34.35","Shadow Arena"
"Wings of Vi","3143","Wings of Vi","2211180","164400","2323","4","284","4","0","13.45","Wings of Vi"
"Billy Hatcher and the Giant Egg","3144","Billy Hatcher and the Giant Egg","2209500","149520","1895","6","202","4","0","14.78","Billy Hatcher and the Giant Egg"
"Atomicrops","3145","Atomicrops","2209320","75540","12612","14","303","4","0","29.25","Atomicrops"
"Awkward","3146","Awkward","2208780","25020","5889","2","88","4","0","88.28","Awkward"
"Battle Royale Tycoon","3147","Battle Royale Tycoon","2207160","20160","29826","3","110","4","0","109.48","Battle Royale Tycoon"
"Ken Follett's The Pillars of the Earth","3148","Ken Follett's The Pillars of the Earth","2206560","156600","1044","4","395","4","0","14.09","Ken Follett's The Pillars of the Earth"
"Gods Unchained","3149","Gods Unchained","2204580","264420","5043","12","274","4","0","8.34","Gods Unchained"
"Who Am I: The Tale of Dorothy","3150","Who Am I: The Tale of Dorothy","2201580","44520","3543","6","241","4","0","49.45","Who Am I: The Tale of Dorothy"
"Shin Megami Tensei IV","3151","Shin Megami Tensei IV","2201520","96000","621","3","87","4","0","22.93","Shin Megami Tensei IV"
"Guacamelee!: Super Turbo Championship Edition","3152","Guacamelee!: Super Turbo Championship Edition","2200740","258540","1552","14","1231","4","0","8.51","Guacamelee!: Super Turbo Championship Edition"
"Toribash","3153","Toribash","2200320","57420","6939","3","400","4","0","38.32","Toribash"
"Super Bomberman R","3154","Super Bomberman R","2200020","275040","4256","17","1759","4","0","8","Super Bomberman R"
"Deck of Ashes","3155","Deck of Ashes","2199900","64680","4707","5","196","4","0","34.01","Deck of Ashes"
"Barbie Horse Adventure: Wild Horse Rescue","3156","Barbie Horse Adventure: Wild Horse Rescue","2199360","47280","23147","4","207","4","0","46.52","Barbie Horse Adventure: Wild Horse Rescue"
"Jump Ultimate Stars","3157","Jump Ultimate Stars","2198820","114600","3303","4","1238","4","0","19.19","Jump Ultimate Stars"
"Tokyo Jungle","3158","Tokyo Jungle","2198280","24000","4581","2","91","4","0","91.6","Tokyo Jungle"
"Disgaea 5: Alliance of Vengeance","3159","Disgaea 5: Alliance of Vengeance","2195880","611700","636","13","1206","4","1","3.59","Disgaea 5: Alliance of Vengeance"
"Project Temporality","3160","Project Temporality","2192220","1320","6039","2","6","4","0","1660.77","Project Temporality"
"Stephen's Sausage Roll","3161","Stephen's Sausage Roll","2192100","26880","5873","2","96","4","0","81.55","Stephen's Sausage Roll"
"Animal","3162","Animal","2191200","1342860","5075","9","246","4","2","1.63","Animal"
"Star Valor","3163","Star Valor","2190060","31380","1920","4","77","4","0","69.79","Star Valor"
"Secret World Legends","3164","Secret World Legends","2188140","483960","215","9","768","4","0","4.52","Secret World Legends"
"Dead Frontier 2","3165","Dead Frontier 2","2185620","663360","253","15","2660","4","1","3.29","Dead Frontier 2"
"Metal Slug","3166","Metal Slug","2178960","132360","2896","4","940","4","0","16.46","Metal Slug"
"Command & Conquer 3: Kane's Wrath","3167","Command & Conquer 3: Kane's Wrath","2177760","270960","4917","7","459","4","0","8.04","Command & Conquer 3: Kane's Wrath"
"Tharsis","3168","Tharsis","2175540","28680","1676","3","122","4","0","75.86","Tharsis"
"Rogue Empire","3169","Rogue Empire","2175360","49260","24311","10","92","4","0","44.16","Rogue Empire"
"The 11th Hour","3170","The 11th Hour","2174580","35520","1516","2","30","4","0","61.22","The 11th Hour"
"Silence","3171","Silence","2174040","91200","3548","3","345","4","0","23.84","Silence"
"Dead Island: Definitive Collection","3172","Dead Island: Definitive Collection","2172600","559200","1213","13","4303","4","1","3.89","Dead Island: Definitive Collection"
"Black & White 2","3173","Black & White 2","2168040","96540","3812","4","220","4","0","22.46","Black & White 2"
"Interactivity: The Interactive Experience","3174","Interactivity: The Interactive Experience","2166960","15900","9451","5","122","4","0","136.29","Interactivity: The Interactive Experience"
"Seiken Densetsu 3","3175","Seiken Densetsu 3","2166840","149100","966","7","230","4","0","14.53","Seiken Densetsu 3"
"Lucius III","3176","Lucius III","2166420","61680","7287","5","228","4","0","35.12","Lucius III"
"DND","3177","DND","2162160","588600","2762","11","1082","4","1","3.67","DND"
"Hidden Agenda","3178","Hidden Agenda","2157540","82920","4442","4","399","4","0","26.02","Hidden Agenda"
"Kindergarden","3179","Kindergarden","2156760","14460","16292","3","106","4","0","149.15","Kindergarden"
"The Turing Test","3180","The Turing Test","2155740","234840","2155","5","941","4","0","9.18","The Turing Test"
"Dandelion: Wishes Brought to You","3181","Dandelion: Wishes Brought to You","2154840","26580","2130","2","68","4","0","81.07","Dandelion: Wishes Brought to You"
"Master of the Grid","3182","Master of the Grid","2154060","14940","6333","3","110","4","0","144.18","Master of the Grid"
"Bloody Roar II","3183","Bloody Roar II","2153820","15360","12525","2","80","4","0","140.22","Bloody Roar II"
"Rise of Insanity","3184","Rise of Insanity","2153640","106440","1839","5","663","4","0","20.23","Rise of Insanity"
"A Township Tale","3185","A Township Tale","2152560","214260","7093","7","499","4","0","10.05","A Township Tale"
"Out of the Park Baseball 19","3186","Out of the Park Baseball 19","2152440","183600","285","7","174","4","0","11.72","Out of the Park Baseball 19"
"Halo 3: ODST","3187","Halo 3: ODST","2148240","106980","4333","5","291","4","0","20.08","Halo 3: ODST"
"Space Rangers HD: A War Apart","3188","Space Rangers HD: A War Apart","2147700","235140","764","5","386","4","0","9.13","Space Rangers HD: A War Apart"
"Bootleg Systems","3189","Bootleg Systems","2146440","3240","4398","2","12","4","0","662.48","Bootleg Systems"
"Resident Evil: Dead Aim","3190","Resident Evil: Dead Aim","2144940","35040","2246","3","98","4","0","61.21","Resident Evil: Dead Aim"
"Hydlide","3191","Hydlide","2144400","3600","27111","2","14","4","0","595.67","Hydlide"
"DISTRAINT","3192","DISTRAINT","2139960","137700","1522","5","766","4","0","15.54","DISTRAINT"
"Metroid Prime 3: Corruption","3193","Metroid Prime 3: Corruption","2136720","126660","691","6","171","4","0","16.87","Metroid Prime 3: Corruption"
"Bushido Blade","3194","Bushido Blade","2135760","5100","10348","1","34","4","0","418.78","Bushido Blade"
"Tsioque","3195","Tsioque","2132580","61680","5365","4","292","4","0","34.57","Tsioque"
"Latale","3196","Latale","2130360","391200","1056","6","328","4","0","5.45","Latale"
"Twisted Metal 2","3197","Twisted Metal 2","2129700","29400","12128","2","82","4","0","72.44","Twisted Metal 2"
"realMyst","3198","realMyst","2125800","34260","16539","6","119","4","0","62.05","realMyst"
"Million Arthur Arcana Blood","3199","Million Arthur Arcana Blood","2124060","92220","6891","9","301","4","0","23.03","Million Arthur Arcana Blood"
"Crazy Taxi","3200","Crazy Taxi","2121900","108780","6858","4","636","4","0","19.51","Crazy Taxi"