"","","Game","Watch time","Stream time","Peak viewers","Peak channels","Streamers","Average viewers","Average channels","Average viewer ratio",""
"Blood Bowl 2","401","Blood Bowl 2","76161900","3447720","5038","30","2195","144","6","22.09","Blood Bowl 2"
"Resident Evil 3: Nemesis","402","Resident Evil 3: Nemesis","76115100","1588740","42295","26","2796","144","3","47.91","Resident Evil 3: Nemesis"
"BlazBlue Cross Tag Battle","403","BlazBlue Cross Tag Battle","75609000","2960100","99122","82","4814","143","5","25.54","BlazBlue Cross Tag Battle"
"The Legend of Zelda: The Wind Waker","404","The Legend of Zelda: The Wind Waker","75499860","2711280","53466","24","4612","143","5","27.85","The Legend of Zelda: The Wind Waker"
"Mortal Kombat X","405","Mortal Kombat X","74826000","5677560","15035","75","29968","142","10","13.18","Mortal Kombat X"
"Super Mario RPG: Legend of the Seven Stars","406","Super Mario RPG: Legend of the Seven Stars","74809020","1206840","150140","24","2031","142","2","61.99","Super Mario RPG: Legend of the Seven Stars"
"Horizon Zero Dawn","407","Horizon Zero Dawn","74755140","8369880","24056","57","15823","142","15","8.93","Horizon Zero Dawn"
"Resident Evil HD Remaster","408","Resident Evil HD Remaster","74264460","3314040","13674","96","7620","141","6","22.41","Resident Evil HD Remaster"
"Grand Theft Auto: Vice City","409","Grand Theft Auto: Vice City","74199540","2159580","185209","23","5144","141","4","34.36","Grand Theft Auto: Vice City"
"Call of Duty: Black Ops II","410","Call of Duty: Black Ops II","73991340","7242900","26333","45","30334","140","13","10.22","Call of Duty: Black Ops II"
"My Friend Pedro","411","My Friend Pedro","73935480","1773660","49741","385","11807","140","3","41.69","My Friend Pedro"
"A Way Out","412","A Way Out","73531800","3702600","57883","35","16111","139","7","19.86","A Way Out"
"Squad","413","Squad","73455240","8528820","32701","64","15459","139","16","8.61","Squad"
"The Legend of Zelda: Twilight Princess","414","The Legend of Zelda: Twilight Princess","73236060","1557420","168699","22","2653","139","2","47.02","The Legend of Zelda: Twilight Princess"
"Tera","415","Tera","73206840","12058500","9520","65","15021","139","22","6.07","Tera"
"Katana Zero","416","Katana Zero","73148760","2191380","47798","98","8895","139","4","33.38","Katana Zero"
"Spelunky","417","Spelunky","72579720","1313700","19232","13","3423","138","2","55.25","Spelunky"
"Guitar Hero III: Legends of Rock","418","Guitar Hero III: Legends of Rock","72391260","6667500","5357","46","12582","137","12","10.86","Guitar Hero III: Legends of Rock"
"Granblue Fantasy","419","Granblue Fantasy","71962140","4859220","5290","73","4021","136","9","14.81","Granblue Fantasy"
"Titanfall 2","420","Titanfall 2","71919120","8168460","172647","68","41519","136","15","8.8","Titanfall 2"
"MechWarrior Online","421","MechWarrior Online","71796540","5130180","2961","44","2383","136","9","13.99","MechWarrior Online"
"Life Is Strange","422","Life Is Strange","71092860","5010300","5275","32","16003","135","9","14.19","Life Is Strange"
"Half-Life 2","423","Half-Life 2","70910040","2479140","133403","30","8610","134","4","28.6","Half-Life 2"
"Hand Simulator","424","Hand Simulator","70895100","877020","48301","25","8516","134","1","80.84","Hand Simulator"
"Last Day On Earth: Survival","425","Last Day On Earth: Survival","70717440","1500360","1965","16","1364","134","2","47.13","Last Day On Earth: Survival"
"Bloons TD 6","426","Bloons TD 6","70682280","1792560","27374","45","4956","134","3","39.43","Bloons TD 6"
"Little Misfortune","427","Little Misfortune","69991440","595500","29288","52","3070","133","1","117.53","Little Misfortune"
"I Wanna Be The Boshy","428","I Wanna Be The Boshy","69931980","606300","24439","9","2048","133","1","115.34","I Wanna Be The Boshy"
"Prime World","429","Prime World","69808020","4547820","995","27","1122","132","8","15.35","Prime World"
"Under Night In-Birth Exe:Late[st]","430","Under Night In-Birth Exe:Late[st]","69790680","2438700","39574","40","5407","132","4","28.62","Under Night In-Birth Exe:Late[st]"
"Golf With Your Friends","431","Golf With Your Friends","69494400","4602660","29360","70","25794","132","8","15.1","Golf With Your Friends"
"Imperator: Rome","432","Imperator: Rome","69344220","1187040","14561","257","1838","131","2","58.42","Imperator: Rome"
"Dragon Quest XI","433","Dragon Quest XI","69100500","5420040","6382","68","6676","131","10","12.75","Dragon Quest XI"
"Yu-Gi-Oh! TRADING CARD GAME","434","Yu-Gi-Oh! TRADING CARD GAME","68775360","1223400","8049","13","1950","130","2","56.22","Yu-Gi-Oh! TRADING CARD GAME"
"Shenmue III","435","Shenmue III","68446860","1162380","25263","131","1809","130","2","58.89","Shenmue III"
"Final Fantasy X/X-2 HD Remaster","436","Final Fantasy X/X-2 HD Remaster","68298060","8519820","9852","71","10547","129","16","8.02","Final Fantasy X/X-2 HD Remaster"
"Puyo Puyo Tetris","437","Puyo Puyo Tetris","67724520","3183840","138487","26","5512","128","6","21.27","Puyo Puyo Tetris"
"XERA: Survival","438","XERA: Survival","67603560","1584600","31791","148","3743","128","3","42.66","XERA: Survival"
"Guilty Gear Xrd REV 2","439","Guilty Gear Xrd REV 2","66994980","1804860","27248","19","3515","127","3","37.12","Guilty Gear Xrd REV 2"
"SpongeBob SquarePants: Battle for Bikini Bottom","440","SpongeBob SquarePants: Battle for Bikini Bottom","66583920","999600","14133","15","1138","126","1","66.61","SpongeBob SquarePants: Battle for Bikini Bottom"
"Wreckfest","441","Wreckfest","66527100","4239540","83113","119","10739","126","8","15.69","Wreckfest"
"Uncharted 4: A Thief's End","442","Uncharted 4: A Thief's End","66068340","5238720","21793","33","10423","125","9","12.61","Uncharted 4: A Thief's End"
"eFootball PES 2020","443","eFootball PES 2020","65498580","4293720","26547","169","7149","124","8","15.25","eFootball PES 2020"
"Pokémon Platinum","444","Pokémon Platinum","65397300","2643300","28483","23","5622","124","5","24.74","Pokémon Platinum"
"Beyond: Two Souls","445","Beyond: Two Souls","65073780","1520160","16689","70","6200","123","2","42.81","Beyond: Two Souls"
"Papers, Please","446","Papers, Please","65028120","1027920","32049","31","7007","123","1","63.26","Papers, Please"
"Cube World","447","Cube World","64880160","2501160","40613","531","7996","123","4","25.94","Cube World"
"EverQuest","448","EverQuest","64843860","6251220","1872","80","2129","123","11","10.37","EverQuest"
"The Elder Scrolls IV: Oblivion","449","The Elder Scrolls IV: Oblivion","64354020","3190440","27248","23","5985","122","6","20.17","The Elder Scrolls IV: Oblivion"
"Pokémon HeartGold/SoulSilver","450","Pokémon HeartGold/SoulSilver","63855780","2989200","5953","26","6247","121","5","21.36","Pokémon HeartGold/SoulSilver"
"Planet Coaster","451","Planet Coaster","63849000","3091140","21624","27","8713","121","5","20.66","Planet Coaster"
"DragonBall Z: Dokkan Battle","452","DragonBall Z: Dokkan Battle","63340320","3579180","8792","146","3541","120","6","17.7","DragonBall Z: Dokkan Battle"
"Nioh","453","Nioh","63213240","9109980","5617","144","17199","120","17","6.94","Nioh"
"The Walking Dead","454","The Walking Dead","63102540","2571660","22216","26","7658","120","4","24.54","The Walking Dead"
"Metal Gear Solid V: The Phantom Pain","455","Metal Gear Solid V: The Phantom Pain","63048960","5888160","21816","33","13356","119","11","10.71","Metal Gear Solid V: The Phantom Pain"
"TEPPEN","456","TEPPEN","62600460","556440","12128","19","781","119","1","112.5","TEPPEN"
"Wrestling","457","Wrestling","62579100","870420","15284","40","421","119","1","71.9","Wrestling"
"Tom Clancy's Ghost Recon: Wildlands","458","Tom Clancy's Ghost Recon: Wildlands","61606020","9987720","47305","118","31998","117","19","6.17","Tom Clancy's Ghost Recon: Wildlands"
"Demon's Souls","459","Demon's Souls","61513020","956220","9902","12","1286","117","1","64.33","Demon's Souls"
"Battlefield 4","460","Battlefield 4","61245900","15011880","10611","87","44438","116","28","4.08","Battlefield 4"
"Donkey Kong 64","461","Donkey Kong 64","61167180","1085820","26663","21","1162","116","2","56.33","Donkey Kong 64"
"Crusader Kings II","462","Crusader Kings II","61157640","2846760","13478","23","4567","116","5","21.48","Crusader Kings II"
"Outer Wilds","463","Outer Wilds","61097880","912720","23165","42","3432","116","1","66.94","Outer Wilds"
"NHL 20","464","NHL 20","60715800","3784080","7877","105","8907","115","7","16.05","NHL 20"
"AI: The Somnium Files","465","AI: The Somnium Files","60624720","802140","17670","36","929","115","1","75.58","AI: The Somnium Files"
"Final Fantasy XI Online","466","Final Fantasy XI Online","60167280","4690500","33369","42","1939","114","8","12.83","Final Fantasy XI Online"
"Heavy Rain","467","Heavy Rain","60127860","1725900","22104","77","9243","114","3","34.84","Heavy Rain"
"Prey","468","Prey","59811060","4212480","162499","56","11358","113","8","14.2","Prey"
"Metal Gear Solid 2: Sons of Liberty","469","Metal Gear Solid 2: Sons of Liberty","59800080","714480","161186","15","1334","113","1","83.7","Metal Gear Solid 2: Sons of Liberty"
"Frostpunk","470","Frostpunk","59725260","2927940","17334","30","9125","113","5","20.4","Frostpunk"
"Dead Space 2","471","Dead Space 2","59713800","1789500","18042","28","6012","113","3","33.37","Dead Space 2"
"Children of Morta","472","Children of Morta","59630820","1004520","25610","98","3127","113","1","59.36","Children of Morta"
"Void Bastards","473","Void Bastards","59151840","1185000","27664","100","4905","112","2","49.92","Void Bastards"
"Halo: Reach","474","Halo: Reach","59050740","4470600","155497","1026","17103","112","8","13.21","Halo: Reach"
"Unrailed!","475","Unrailed!","58901580","488640","34357","21","1824","112","0","120.54","Unrailed!"
"Pokémon Black/White Version 2","476","Pokémon Black/White Version 2","58786200","1296480","49239","19","2815","111","2","45.34","Pokémon Black/White Version 2"
"Ragnarok M: Eternal Love","477","Ragnarok M: Eternal Love","58468140","3727500","8043","70","2856","111","7","15.69","Ragnarok M: Eternal Love"
"Ori and the Blind Forest","478","Ori and the Blind Forest","58422120","4784220","21833","39","14368","111","9","12.21","Ori and the Blind Forest"
"Silent Hill 2","479","Silent Hill 2","57927600","1039260","126374","21","2254","110","1","55.74","Silent Hill 2"
"F1 2018","480","F1 2018","57854820","3176520","26830","99","13132","110","6","18.21","F1 2018"
"Dead Space","481","Dead Space","57036420","3601440","8023","61","11628","108","6","15.84","Dead Space"
"Cyphers Online","482","Cyphers Online","57034200","5372220","5424","51","2454","108","10","10.62","Cyphers Online"
"Metro: Last Light","483","Metro: Last Light","56974680","2512440","21205","82","7283","108","4","22.68","Metro: Last Light"
"Payday 2","484","Payday 2","56560920","9707940","27608","59","29073","107","18","5.83","Payday 2"
"S.T.A.L.K.E.R.: Call of Pripyat","485","S.T.A.L.K.E.R.: Call of Pripyat","56544840","2943000","13804","29","5199","107","5","19.21","S.T.A.L.K.E.R.: Call of Pripyat"
"Pokémon FireRed/LeafGreen","486","Pokémon FireRed/LeafGreen","55748100","4029960","8487","50","8794","106","7","13.83","Pokémon FireRed/LeafGreen"
"Yoshi's Crafted World","487","Yoshi's Crafted World","55490940","1174800","12884","155","3182","105","2","47.23","Yoshi's Crafted World"
"Kantai Collection","488","Kantai Collection","55315260","4338900","4235","65","1248","105","8","12.75","Kantai Collection"
"Moons of Madness","489","Moons of Madness","55273980","658680","62020","122","2169","105","1","83.92","Moons of Madness"
"Catherine: Full Body","490","Catherine: Full Body","54878520","1694940","11493","127","3350","104","3","32.38","Catherine: Full Body"
"The Evil Within","491","The Evil Within","54675060","3980100","22493","45","9277","104","7","13.74","The Evil Within"
"Super Animal Royale","492","Super Animal Royale","54671640","3865980","14542","39","7274","104","7","14.14","Super Animal Royale"
"Vampire: The Masquerade - Bloodlines","493","Vampire: The Masquerade - Bloodlines","54667620","1943880","13684","32","3303","104","3","28.12","Vampire: The Masquerade - Bloodlines"
"The Witcher","494","The Witcher","54421320","3714300","7189","91","7421","103","7","14.65","The Witcher"
"Observation","495","Observation","54351060","648420","52078","87","2278","103","1","83.82","Observation"
"Resident Evil 2 (1998)","496","Resident Evil 2 (1998)","54346020","2240880","38429","285","7144","103","4","24.25","Resident Evil 2 (1998)"
"Vindictus","497","Vindictus","54198060","5000100","7413","42","3309","103","9","10.84","Vindictus"
"Street Fighter III: 3rd Strike","498","Street Fighter III: 3rd Strike","54028320","629340","40518","16","1253","102","1","85.85","Street Fighter III: 3rd Strike"
"Langrisser Mobile","499","Langrisser Mobile","53813100","2637300","15097","32","988","102","5","20.4","Langrisser Mobile"
"The Simpsons: Hit & Run","500","The Simpsons: Hit & Run","53675880","906300","6564","19","1688","102","1","59.23","The Simpsons: Hit & Run"