"","","Game","Watch time","Stream time","Peak viewers","Peak channels","Streamers","Average viewers","Average channels","Average viewer ratio",""
"Elsword","801","Elsword","23828760","3541440","2428","32","3751","45","6","6.73","Elsword"
"Metroid Prime","802","Metroid Prime","23820840","1039200","128950","16","1610","45","1","22.92","Metroid Prime"
"Gartic","803","Gartic","23775960","1025220","14800","23","8863","45","1","23.19","Gartic"
"Age of Empires: Definitive Edition","804","Age of Empires: Definitive Edition","23774760","831300","30412","21","1489","45","1","28.6","Age of Empires: Definitive Edition"
"Call of Duty 4: Modern Warfare","805","Call of Duty 4: Modern Warfare","23722740","3420900","21598","144","15985","45","6","6.93","Call of Duty 4: Modern Warfare"
"The Long Drive","806","The Long Drive","23583000","66600","25944","11","327","44","0","354.1","The Long Drive"
"PC Building Simulator","807","PC Building Simulator","23562840","1783020","26766","30","8888","44","3","13.22","PC Building Simulator"
"Max Payne 3","808","Max Payne 3","23550000","616800","26891","10","2368","44","1","38.18","Max Payne 3"
"Persona 4 Golden","809","Persona 4 Golden","23522880","658860","4209","10","651","44","1","35.7","Persona 4 Golden"
"Castlevania","810","Castlevania","23469660","293760","150784","12","1052","44","0","79.89","Castlevania"
"Genesis","811","Genesis","23431500","4046460","4969","119","5882","44","7","5.79","Genesis"
"Life Is Strange: Before the Storm","812","Life Is Strange: Before the Storm","23376840","1931520","3759","19","5445","44","3","12.1","Life Is Strange: Before the Storm"
"Banjo-Tooie","813","Banjo-Tooie","23347740","788100","12041","13","1147","44","1","29.63","Banjo-Tooie"
"Firewatch","814","Firewatch","23274600","700140","28761","11","3724","44","1","33.24","Firewatch"
"Silent Hill","815","Silent Hill","23233980","830700","11257","17","1936","44","1","27.97","Silent Hill"
"Onimusha: Warlords","816","Onimusha: Warlords","23174340","854760","21726","137","3017","44","1","27.11","Onimusha: Warlords"
"Viscera Cleanup Detail","817","Viscera Cleanup Detail","23158380","840420","40019","13","4050","44","1","27.56","Viscera Cleanup Detail"
"Warhammer Online: Age of Reckoning","818","Warhammer Online: Age of Reckoning","23133540","1637340","1184","17","751","44","3","14.13","Warhammer Online: Age of Reckoning"
"Heat","819","Heat","23108400","824040","42003","99","1086","43","1","28.04","Heat"
"Alan Wake","820","Alan Wake","23062440","2184780","3916","56","7498","43","4","10.56","Alan Wake"
"Arcanum: Of Steamworks & Magick Obscura","821","Arcanum: Of Steamworks & Magick Obscura","23023560","144540","12070","3","232","43","0","159.29","Arcanum: Of Steamworks & Magick Obscura"
"Stranded Deep","822","Stranded Deep","22827000","741120","21766","10","2871","43","1","30.8","Stranded Deep"
"Shovel Knight","823","Shovel Knight","22793700","1149000","6195","92","3607","43","2","19.84","Shovel Knight"
"Home Sweet Home Episode II","824","Home Sweet Home Episode II","22788480","199500","19902","53","827","43","0","114.23","Home Sweet Home Episode II"
"Punch-Out!!","825","Punch-Out!!","22779240","112320","155210","14","609","43","0","202.81","Punch-Out!!"
"Star Wars: Jedi Knight - Jedi Academy","826","Star Wars: Jedi Knight - Jedi Academy","22773300","604320","16599","20","2674","43","1","37.68","Star Wars: Jedi Knight - Jedi Academy"
"Cuisine Royale","827","Cuisine Royale","22754400","4312860","11354","103","13716","43","8","5.28","Cuisine Royale"
"Marvel Future Fight","828","Marvel Future Fight","22705680","710580","1780","8","434","43","1","31.95","Marvel Future Fight"
"Tomb Raider","829","Tomb Raider","22665120","3392880","5474","25","9513","43","6","6.68","Tomb Raider"
"S.T.A.L.K.E.R.: Shadow of Chernobyl","830","S.T.A.L.K.E.R.: Shadow of Chernobyl","22660380","2848620","14032","25","5631","43","5","7.95","S.T.A.L.K.E.R.: Shadow of Chernobyl"
"Super Meat Boy","831","Super Meat Boy","22602480","935940","12794","25","6754","43","1","24.15","Super Meat Boy"
"Sunless Skies","832","Sunless Skies","22519440","407700","12398","67","792","42","0","55.24","Sunless Skies"
"The Crew 2","833","The Crew 2","22492560","4351200","12109","66","21365","42","8","5.17","The Crew 2"
"Close to the Sun","834","Close to the Sun","22488240","297420","26494","37","1168","42","0","75.61","Close to the Sun"
"Animal Crossing: New Leaf","835","Animal Crossing: New Leaf","22428720","1135920","2313","15","1272","42","2","19.74","Animal Crossing: New Leaf"
"Board Games Live","836","Board Games Live","22423980","317100","4458","14","553","42","0","70.72","Board Games Live"
"Final Fantasy XII: The Zodiac Age","837","Final Fantasy XII: The Zodiac Age","22411560","1875660","1891","20","4395","42","3","11.95","Final Fantasy XII: The Zodiac Age"
"DJMAX Respect","838","DJMAX Respect","22370520","1607580","19893","123","4139","42","3","13.92","DJMAX Respect"
"Devil May Cry HD Collection","839","Devil May Cry HD Collection","22263720","1580340","9108","47","5727","42","3","14.09","Devil May Cry HD Collection"
"Breach","840","Breach","22246800","786840","35973","92","2254","42","1","28.27","Breach"
"Apsulov: End of Gods","841","Apsulov: End of Gods","22087560","239400","21794","20","932","42","0","92.26","Apsulov: End of Gods"
"Dishonored","842","Dishonored","22086120","2116260","11482","20","7411","42","4","10.44","Dishonored"
"Dark Age of Camelot","843","Dark Age of Camelot","21993840","2015100","5494","45","1043","41","3","10.91","Dark Age of Camelot"
"Dragon Ball Legends","844","Dragon Ball Legends","21979800","1167540","3522","26","1769","41","2","18.83","Dragon Ball Legends"
"The Escapists 2","845","The Escapists 2","21959520","949380","10419","18","5645","41","1","23.13","The Escapists 2"
"Use Your Words","846","Use Your Words","21849060","311100","22967","8","1571","41","0","70.23","Use Your Words"
"Team Sonic Racing","847","Team Sonic Racing","21790260","972720","33793","153","3555","41","1","22.4","Team Sonic Racing"
"Marvel vs. Capcom 2: New Age of Heroes","848","Marvel vs. Capcom 2: New Age of Heroes","21757020","168420","11374","5","385","41","0","129.18","Marvel vs. Capcom 2: New Age of Heroes"
"Boneworks","849","Boneworks","21708240","821820","22796","285","3445","41","1","26.41","Boneworks"
"Danganronpa V3: Killing Harmony","850","Danganronpa V3: Killing Harmony","21702600","1528920","8949","14","1704","41","2","14.19","Danganronpa V3: Killing Harmony"
"Marvel vs. Capcom Infinite","851","Marvel vs. Capcom Infinite","21644280","513480","12876","8","2589","41","0","42.15","Marvel vs. Capcom Infinite"
"Chernobylite","852","Chernobylite","21641400","292620","26398","102","1769","41","0","73.96","Chernobylite"
"Silent Hills","853","Silent Hills","21630300","286860","28483","29","2107","41","0","75.4","Silent Hills"
"Sonic the Hedgehog","854","Sonic the Hedgehog","21517380","785580","162660","18","2257","40","1","27.39","Sonic the Hedgehog"
"Vampire: The Masquerade","855","Vampire: The Masquerade","21490380","327600","7046","8","365","40","0","65.6","Vampire: The Masquerade"
"Dragon's Dogma: Dark Arisen","856","Dragon's Dogma: Dark Arisen","21413880","3252900","4037","25","5856","40","6","6.58","Dragon's Dogma: Dark Arisen"
"Pokémon Stadium","857","Pokémon Stadium","21292020","364500","4417","12","909","40","0","58.41","Pokémon Stadium"
"Shroud of the Avatar: Forsaken Virtues","858","Shroud of the Avatar: Forsaken Virtues","21268980","1982760","411","18","382","40","3","10.73","Shroud of the Avatar: Forsaken Virtues"
"The Binding of Isaac: Rebirth","859","The Binding of Isaac: Rebirth","21250920","2579160","7250","22","12234","40","4","8.24","The Binding of Isaac: Rebirth"
"Mario Kart DS","860","Mario Kart DS","21208860","63660","183673","12","233","40","0","333.16","Mario Kart DS"
"Colony Survival","861","Colony Survival","21199560","227820","15472","7","710","40","0","93.05","Colony Survival"
"Sleeping Dogs","862","Sleeping Dogs","21140580","1085160","18627","14","4245","40","2","19.48","Sleeping Dogs"
"Fire Emblem Fates","863","Fire Emblem Fates","21135000","253380","113574","11","315","40","0","83.41","Fire Emblem Fates"
"Pokémon X/Y","864","Pokémon X/Y","21118320","966240","7149","14","2073","40","1","21.86","Pokémon X/Y"
"Tower Unite","865","Tower Unite","21052260","782400","27270","17","3048","40","1","26.91","Tower Unite"
"Fishing Planet","866","Fishing Planet","21023400","3607440","4882","26","7595","40","6","5.83","Fishing Planet"
"Counter-Strike Online","867","Counter-Strike Online","21008100","566520","10484","22","3129","39","1","37.08","Counter-Strike Online"
"For the King","868","For the King","20997240","2104500","7549","25","6443","39","4","9.98","For the King"
"Moonlight Blade","869","Moonlight Blade","20934000","1913100","4466","48","1006","39","3","10.94","Moonlight Blade"
"Super Paper Mario","870","Super Paper Mario","20932800","382500","8552","8","427","39","0","54.73","Super Paper Mario"
"Phoenix Wright: Ace Attorney","871","Phoenix Wright: Ace Attorney","20919360","294240","6872","9","511","39","0","71.1","Phoenix Wright: Ace Attorney"
"Command & Conquer: Red Alert 3","872","Command & Conquer: Red Alert 3","20891520","254460","140933","21","839","39","0","82.1","Command & Conquer: Red Alert 3"
"Please Love My Computer Game","873","Please Love My Computer Game","20882820","7800","17285","4","37","39","0","2677.28","Please Love My Computer Game"
"Roller Champions","874","Roller Champions","20880180","403020","42724","251","3547","39","0","51.81","Roller Champions"
"Mario Kart 64","875","Mario Kart 64","20784480","413400","181535","12","1490","39","0","50.28","Mario Kart 64"
"Entropia Universe","876","Entropia Universe","20773260","2619900","644","19","841","39","4","7.93","Entropia Universe"
"Batman: Arkham Asylum","877","Batman: Arkham Asylum","20728380","2557020","15016","102","9364","39","4","8.11","Batman: Arkham Asylum"
"Uboat","878","Uboat","20724900","550440","28567","56","1148","39","1","37.65","Uboat"
"Dungreed","879","Dungreed","20663400","851580","5995","23","2527","39","1","24.26","Dungreed"
"Grand Theft Auto III","880","Grand Theft Auto III","20591460","982320","33975","16","2071","39","1","20.96","Grand Theft Auto III"
"Castlevania: Aria of Sorrow","881","Castlevania: Aria of Sorrow","20581380","278340","176287","14","706","39","0","73.94","Castlevania: Aria of Sorrow"
"Pokémon Omega Ruby/Alpha Sapphire","882","Pokémon Omega Ruby/Alpha Sapphire","20565720","1102320","19321","16","2436","39","2","18.66","Pokémon Omega Ruby/Alpha Sapphire"
"SCP Containment Breach","883","SCP Containment Breach","20497740","739500","30358","13","5059","39","1","27.72","SCP Containment Breach"
"Monster Rancher 2","884","Monster Rancher 2","20489760","90120","19189","4","100","38","0","227.36","Monster Rancher 2"
"Welcome to the Game","885","Welcome to the Game","20481540","236460","23224","9","1306","38","0","86.62","Welcome to the Game"
"F.E.A.R.: First Encounter Assault Recon","886","F.E.A.R.: First Encounter Assault Recon","20401800","666420","13956","17","2448","38","1","30.61","F.E.A.R.: First Encounter Assault Recon"
"Resident Evil Zero","887","Resident Evil Zero","20354460","962520","11186","20","2191","38","1","21.15","Resident Evil Zero"
"Soul Worker","888","Soul Worker","20343300","3564180","6655","26","4726","38","6","5.71","Soul Worker"
"Five Nights at Freddy's VR: Help Wanted","889","Five Nights at Freddy's VR: Help Wanted","20307240","826260","28279","79","5397","38","1","24.58","Five Nights at Freddy's VR: Help Wanted"
"Blade & Sorcery","890","Blade & Sorcery","20283060","554340","28755","15","3976","38","1","36.59","Blade & Sorcery"
"City of Heroes","891","City of Heroes","20264220","2095440","5885","42","1796","38","3","9.67","City of Heroes"
"MO:Astray","892","MO:Astray","20262000","187140","21636","23","502","38","0","108.27","MO:Astray"
"Darts","893","Darts","20181180","255480","5093","6","208","38","0","78.99","Darts"
"The Walking Dead: A New Frontier","894","The Walking Dead: A New Frontier","20180160","633240","17030","10","1988","38","1","31.87","The Walking Dead: A New Frontier"
"Starsector","895","Starsector","20179320","742380","4490","20","881","38","1","27.18","Starsector"
"Archeage Unchained","896","Archeage Unchained","20084400","2102220","5153","316","3226","38","4","9.55","Archeage Unchained"
"Pokémon Ruby/Sapphire","897","Pokémon Ruby/Sapphire","19940100","985080","1483","11","2141","37","1","20.24","Pokémon Ruby/Sapphire"
"Die Young","898","Die Young","19916940","156480","20220","9","479","37","0","127.28","Die Young"
"IRONSIGHT","899","IRONSIGHT","19882860","3179400","20313","55","9646","37","6","6.25","IRONSIGHT"
"PixARK","900","PixARK","19852680","967920","14019","168","2041","37","1","20.51","PixARK"