"","","Game","Watch time","Stream time","Peak viewers","Peak channels","Streamers","Average viewers","Average channels","Average viewer ratio",""
"Powerslave","7201","Powerslave","279900","20820","198","4","46","0","0","13.44","Powerslave"
"Samurai Shodown IV: Amakusa's Revenge","7202","Samurai Shodown IV: Amakusa's Revenge","279840","5940","416","1","28","0","0","47.11","Samurai Shodown IV: Amakusa's Revenge"
"The Godfather II","7203","The Godfather II","279840","54600","905","3","154","0","0","5.13","The Godfather II"
"Valdis Story: Abyssal City","7204","Valdis Story: Abyssal City","279720","54300","930","3","137","0","0","5.15","Valdis Story: Abyssal City"
"No Thing","7205","No Thing","279660","78600","1825","3","800","0","0","3.56","No Thing"
"Lamunation!","7206","Lamunation!","279480","1620","820","1","5","0","0","172.52","Lamunation!"
"Battleship: The Classic Naval Combat Game","7207","Battleship: The Classic Naval Combat Game","279480","600","1173","1","6","0","0","465.8","Battleship: The Classic Naval Combat Game"
"Kôna","7208","Kôna","279480","16080","515","2","58","0","0","17.38","Kôna"
"NHL 18","7209","NHL 18","279420","92460","359","4","1154","0","0","3.02","NHL 18"
"Heart of Crown PC","7210","Heart of Crown PC","279360","40440","39","3","47","0","0","6.91","Heart of Crown PC"
"Stuff and Nonsense","7211","Stuff and Nonsense","279180","131820","178","4","275","0","0","2.12","Stuff and Nonsense"
"ScourgeBringer","7212","ScourgeBringer","279060","5100","1070","2","31","0","0","54.72","ScourgeBringer"
"LEGO Star Wars II: The Original Trilogy","7213","LEGO Star Wars II: The Original Trilogy","279000","77820","176","4","156","0","0","3.59","LEGO Star Wars II: The Original Trilogy"
"Dino Crisis 3","7214","Dino Crisis 3","278940","7860","1620","1","14","0","0","35.49","Dino Crisis 3"
"Warhammer 40,000: Kill Team","7215","Warhammer 40,000: Kill Team","278880","20640","209","2","57","0","0","13.51","Warhammer 40,000: Kill Team"
"SD Gundam G Generation Genesis","7216","SD Gundam G Generation Genesis","278760","83100","67","3","83","0","0","3.35","SD Gundam G Generation Genesis"
"Asterix and Obelix","7217","Asterix and Obelix","278700","8940","1214","1","28","0","0","31.17","Asterix and Obelix"
"Rohan Online: Blood Feud","7218","Rohan Online: Blood Feud","278580","106140","16","4","28","0","0","2.62","Rohan Online: Blood Feud"
"Crayon Physics Deluxe","7219","Crayon Physics Deluxe","278460","4680","738","2","38","0","0","59.5","Crayon Physics Deluxe"
"Challenge","7220","Challenge","278280","21540","2808","2","92","0","0","12.92","Challenge"
"Megami Tensei Gaiden: Last Bible II","7221","Megami Tensei Gaiden: Last Bible II","278100","2040","285","1","2","0","0","136.32","Megami Tensei Gaiden: Last Bible II"
"Reigns: Her Majesty","7222","Reigns: Her Majesty","277920","20100","1140","3","143","0","0","13.83","Reigns: Her Majesty"
"Sniper: Ghost Warrior 2","7223","Sniper: Ghost Warrior 2","277800","99900","137","4","629","0","0","2.78","Sniper: Ghost Warrior 2"
"First Samurai","7224","First Samurai","277800","840","4951","1","6","0","0","330.71","First Samurai"
"Kicking Kittens: Putin Saves The World","7225","Kicking Kittens: Putin Saves The World","277440","480","2714","1","4","0","0","578","Kicking Kittens: Putin Saves The World"
"SOCOM II: U.S. Navy SEALs","7226","SOCOM II: U.S. Navy SEALs","277380","68100","64","4","83","0","0","4.07","SOCOM II: U.S. Navy SEALs"
"Bionic Commando Rearmed 2","7227","Bionic Commando Rearmed 2","277260","3660","338","1","7","0","0","75.75","Bionic Commando Rearmed 2"
"The Ring: Terror's Realm","7228","The Ring: Terror's Realm","277020","6060","1440","2","20","0","0","45.71","The Ring: Terror's Realm"
"Digimon World: Dusk/Dawn","7229","Digimon World: Dusk/Dawn","277020","31980","220","2","63","0","0","8.66","Digimon World: Dusk/Dawn"
"Second Second","7230","Second Second","276840","2820","1297","2","15","0","0","98.17","Second Second"
"Star Control II","7231","Star Control II","276780","27360","553","2","45","0","0","10.12","Star Control II"
"Treasure Adventure Game","7232","Treasure Adventure Game","276660","2760","2461","1","9","0","0","100.24","Treasure Adventure Game"
"Astral Chronicles","7233","Astral Chronicles","276180","49680","64","4","77","0","0","5.56","Astral Chronicles"
"Bad Milk","7234","Bad Milk","276120","360","2797","1","2","0","0","767","Bad Milk"
"Cosmic Star Heroine","7235","Cosmic Star Heroine","276000","66960","971","4","131","0","0","4.12","Cosmic Star Heroine"
"Blackguards","7236","Blackguards","275820","26640","60","2","57","0","0","10.35","Blackguards"
"Command & Conquer: Renegade","7237","Command & Conquer: Renegade","275760","105840","566","4","129","0","0","2.61","Command & Conquer: Renegade"
"Red Hot Ricochet","7238","Red Hot Ricochet","275760","1200","2327","1","5","0","0","229.8","Red Hot Ricochet"
"Judge Dredd","7239","Judge Dredd","275640","7080","882","2","21","0","0","38.93","Judge Dredd"
"Fate/Extra","7240","Fate/Extra","275400","48060","150","5","74","0","0","5.73","Fate/Extra"
"Her Majesty's Ship","7241","Her Majesty's Ship","275340","3540","2418","2","29","0","0","77.78","Her Majesty's Ship"
"911 Paramedic","7242","911 Paramedic","275220","6060","2175","1","41","0","0","45.42","911 Paramedic"
"Mario Party DS","7243","Mario Party DS","275040","19440","420","2","53","0","0","14.15","Mario Party DS"
"The Settlers 7: Paths to a Kingdom","7244","The Settlers 7: Paths to a Kingdom","274860","57720","115","3","167","0","0","4.76","The Settlers 7: Paths to a Kingdom"
"Eastward","7245","Eastward","274560","4260","5739","6","81","0","0","64.45","Eastward"
"Adventures of Lolo 2","7246","Adventures of Lolo 2","274560","6660","407","2","18","0","0","41.23","Adventures of Lolo 2"
"007: The World is Not Enough","7247","007: The World is Not Enough","274500","21240","829","2","57","0","0","12.92","007: The World is Not Enough"
"Pipe","7248","Pipe","274500","187200","2117","4","1150","0","0","1.47","Pipe"
"The Cat in the Hat","7249","The Cat in the Hat","274380","1020","574","1","6","0","0","269","The Cat in the Hat"
"Etrian Odyssey IV: Legends of the Titan","7250","Etrian Odyssey IV: Legends of the Titan","274260","17520","153","2","13","0","0","15.65","Etrian Odyssey IV: Legends of the Titan"
"Jagged Alliance: Flashback","7251","Jagged Alliance: Flashback","274260","420","2658","1","2","0","0","653","Jagged Alliance: Flashback"
"Shipwreckers!","7252","Shipwreckers!","274020","7200","259","2","7","0","0","38.06","Shipwreckers!"
"Rend","7253","Rend","274020","83040","80","6","183","0","0","3.3","Rend"
"Zaccaria Pinball","7254","Zaccaria Pinball","274020","48420","306","3","88","0","0","5.66","Zaccaria Pinball"
"Yu-Gi-Oh! Nightmare Troubadour","7255","Yu-Gi-Oh! Nightmare Troubadour","273900","9780","430","3","22","0","0","28.01","Yu-Gi-Oh! Nightmare Troubadour"
"E.V.O.: Search for Eden","7256","E.V.O.: Search for Eden","273780","31680","559","4","67","0","0","8.64","E.V.O.: Search for Eden"
"Bishoujo Senshi Sailor Moon R","7257","Bishoujo Senshi Sailor Moon R","273780","7800","2252","2","21","0","0","35.1","Bishoujo Senshi Sailor Moon R"
"MLB The Show 17","7258","MLB The Show 17","273720","58740","102","6","1224","0","0","4.66","MLB The Show 17"
"WWE SmackDown! vs. RAW 2007","7259","WWE SmackDown! vs. RAW 2007","273660","19680","2804","3","77","0","0","13.91","WWE SmackDown! vs. RAW 2007"
"Titan Quest","7260","Titan Quest","273600","166440","477","4","384","0","0","1.64","Titan Quest"
"Stellar Tactics","7261","Stellar Tactics","273540","21900","748","2","34","0","0","12.49","Stellar Tactics"
"Ultimate Spider-Man","7262","Ultimate Spider-Man","273420","45120","508","2","186","0","0","6.06","Ultimate Spider-Man"
"Root Letter: Last Answer","7263","Root Letter: Last Answer","273240","12000","820","2","24","0","0","22.77","Root Letter: Last Answer"
"Walls Closing In","7264","Walls Closing In","273000","2700","874","1","15","0","0","101.11","Walls Closing In"
"The Pinball of the Dead","7265","The Pinball of the Dead","273000","2880","2095","3","27","0","0","94.79","The Pinball of the Dead"
"Touhou 10 - Mountain of Faith","7266","Touhou 10 - Mountain of Faith","272880","24000","2819","2","137","0","0","11.37","Touhou 10 - Mountain of Faith"
"Bound By Flame","7267","Bound By Flame","272820","66120","291","3","175","0","0","4.13","Bound By Flame"
"Ketsui: Kizuna Jigoku Tachi","7268","Ketsui: Kizuna Jigoku Tachi","272760","54060","180","2","53","0","0","5.05","Ketsui: Kizuna Jigoku Tachi"
"Arkista's Ring","7269","Arkista's Ring","272700","4560","500","2","12","0","0","59.8","Arkista's Ring"
"Alundra 2","7270","Alundra 2","272640","24240","112","2","34","0","0","11.25","Alundra 2"
"Star Trek: 25th Anniversary","7271","Star Trek: 25th Anniversary","272640","6900","483","2","19","0","0","39.51","Star Trek: 25th Anniversary"
"Wayward","7272","Wayward","272580","29760","508","2","81","0","0","9.16","Wayward"
"Kotoba no Puzzle: Mojipittan","7273","Kotoba no Puzzle: Mojipittan","272580","1020","935","1","5","0","0","267.24","Kotoba no Puzzle: Mojipittan"
"Indiana Jones and the Infernal Machine","7274","Indiana Jones and the Infernal Machine","272460","30300","218","2","53","0","0","8.99","Indiana Jones and the Infernal Machine"
"Muramasa: The Demon Blade","7275","Muramasa: The Demon Blade","272460","62760","125","3","114","0","0","4.34","Muramasa: The Demon Blade"
"Barbie Dreamhouse Party","7276","Barbie Dreamhouse Party","272460","15840","4035","2","105","0","0","17.2","Barbie Dreamhouse Party"
"Battle Kid: Fortress of Peril","7277","Battle Kid: Fortress of Peril","272340","8100","393","1","33","0","0","33.62","Battle Kid: Fortress of Peril"
"McPixel","7278","McPixel","272340","8280","726","1","68","0","0","32.89","McPixel"
"X-Plane","7279","X-Plane","272220","248280","178","5","464","0","0","1.1","X-Plane"
"Calico","7280","Calico","272160","1140","2269","1","9","0","0","238.74","Calico"
"Wolfenstein: Cyberpilot","7281","Wolfenstein: Cyberpilot","272100","14940","923","3","95","0","0","18.21","Wolfenstein: Cyberpilot"
"Pokonyan! Henpokorin Adventure","7282","Pokonyan! Henpokorin Adventure","272100","1260","4308","4","9","0","0","215.95","Pokonyan! Henpokorin Adventure"
"Soulcalibur III","7283","Soulcalibur III","272100","24420","903","2","75","0","0","11.14","Soulcalibur III"
"Castle in the Darkness","7284","Castle in the Darkness","272040","26460","356","2","72","0","0","10.28","Castle in the Darkness"
"Mighty Morphin Power Rangers: The Movie","7285","Mighty Morphin Power Rangers: The Movie","272040","15480","1245","2","83","0","0","17.57","Mighty Morphin Power Rangers: The Movie"
"Impact Winter","7286","Impact Winter","271980","33780","227","2","99","0","0","8.05","Impact Winter"
"Spice and Wolf VR","7287","Spice and Wolf VR","271680","10920","853","4","124","0","0","24.88","Spice and Wolf VR"
"Arcade Darts","7288","Arcade Darts","271680","5580","309","1","3","0","0","48.69","Arcade Darts"
"Going Nowhere: The Dream","7289","Going Nowhere: The Dream","271680","60","4528","1","0","0","0","4528","Going Nowhere: The Dream"
"Bubsy in: Claws Encounters of the Furred Kind","7290","Bubsy in: Claws Encounters of the Furred Kind","271680","13020","363","2","62","0","0","20.87","Bubsy in: Claws Encounters of the Furred Kind"
"Summer Catchers","7291","Summer Catchers","271620","10680","272","5","56","0","0","25.43","Summer Catchers"
"SHIFT 2: Unleashed","7292","SHIFT 2: Unleashed","271560","34320","609","2","159","0","0","7.91","SHIFT 2: Unleashed"
"Max: The Curse of Brotherhood","7293","Max: The Curse of Brotherhood","271560","42480","180","3","165","0","0","6.39","Max: The Curse of Brotherhood"
"Initial D Arcade Stage","7294","Initial D Arcade Stage","271560","48360","270","3","142","0","0","5.62","Initial D Arcade Stage"
"I can't make friends because my psycho big brother loves me too much!","7295","I can't make friends because my psycho big brother loves me too much!","271380","2340","1191","1","8","0","0","115.97","I can't make friends because my psycho big brother loves me too much!"
"Tomb Raider: The Lost Artifact","7296","Tomb Raider: The Lost Artifact","271380","12000","112","2","24","0","0","22.62","Tomb Raider: The Lost Artifact"
"Space Funeral","7297","Space Funeral","271320","12540","1684","2","53","0","0","21.64","Space Funeral"
"Unreal Tournament 3","7298","Unreal Tournament 3","271080","53040","1020","3","242","0","0","5.11","Unreal Tournament 3"
"Car Quest","7299","Car Quest","271020","5820","767","1","22","0","0","46.57","Car Quest"
"Streets of Rage 3","7300","Streets of Rage 3","271020","67620","79","3","156","0","0","4.01","Streets of Rage 3"