"","","Game","Watch time","Stream time","Peak viewers","Peak channels","Streamers","Average viewers","Average channels","Average viewer ratio",""
"Dragons War","13501","Dragons War","34620","3720","46","1","6","0","0","9.31","Dragons War"
"Conan: The Mysteries of Time","13502","Conan: The Mysteries of Time","34620","180","320","1","2","0","0","192.33","Conan: The Mysteries of Time"
"Sing Along","13503","Sing Along","34620","3240","145","2","19","0","0","10.69","Sing Along"
"Pirates of the Burning Sea","13504","Pirates of the Burning Sea","34620","17760","16","2","41","0","0","1.95","Pirates of the Burning Sea"
"Mega Man 2: The Power Fighters","13505","Mega Man 2: The Power Fighters","34560","2580","478","1","10","0","0","13.4","Mega Man 2: The Power Fighters"
"Casino Inc: The Management","13506","Casino Inc: The Management","34560","4380","396","1","5","0","0","7.89","Casino Inc: The Management"
"Aquaman: Battle for Atlantis","13507","Aquaman: Battle for Atlantis","34560","3180","274","1","17","0","0","10.87","Aquaman: Battle for Atlantis"
"Simulador Profesional de Tenis","13508","Simulador Profesional de Tenis","34560","1620","370","1","6","0","0","21.33","Simulador Profesional de Tenis"
"Hill Climb Racing 2","13509","Hill Climb Racing 2","34560","37560","115","3","133","0","0","0.92","Hill Climb Racing 2"
"Lake of Voices","13510","Lake of Voices","34560","7440","23","1","38","0","0","4.65","Lake of Voices"
"Sailaway - The Sailing Simulator","13511","Sailaway - The Sailing Simulator","34560","13680","18","2","43","0","0","2.53","Sailaway - The Sailing Simulator"
"The Saga of Ryzom","13512","The Saga of Ryzom","34500","11220","10","2","18","0","0","3.07","The Saga of Ryzom"
"Championship Soccer","13513","Championship Soccer","34500","1680","264","2","10","0","0","20.54","Championship Soccer"
"Turbo Turtle Adventure","13514","Turbo Turtle Adventure","34500","16860","40","1","6","0","0","2.05","Turbo Turtle Adventure"
"Tapper","13515","Tapper","34500","4980","43","2","7","0","0","6.93","Tapper"
"Planetarian: The Reverie of a Little Planet","13516","Planetarian: The Reverie of a Little Planet","34500","8040","40","1","30","0","0","4.29","Planetarian: The Reverie of a Little Planet"
"Gamers Pack","13517","Gamers Pack","34500","13320","83","2","30","0","0","2.59","Gamers Pack"
"Xin Juedai Shuangjiao","13518","Xin Juedai Shuangjiao","34500","1200","123","1","4","0","0","28.75","Xin Juedai Shuangjiao"
"The Hat Man: Shadow Ward","13519","The Hat Man: Shadow Ward","34500","6660","80","1","72","0","0","5.18","The Hat Man: Shadow Ward"
"Gachi Finder 3000","13520","Gachi Finder 3000","34500","900","895","1","10","0","0","38.33","Gachi Finder 3000"
"Dark Half","13521","Dark Half","34440","3060","22","1","5","0","0","11.25","Dark Half"
"Final Zone II","13522","Final Zone II","34440","600","333","3","6","0","0","57.4","Final Zone II"
"Rockman EXE WS","13523","Rockman EXE WS","34440","2400","87","1","4","0","0","14.35","Rockman EXE WS"
"Indiana Jones and the Staff of Kings","13524","Indiana Jones and the Staff of Kings","34440","3900","41","1","9","0","0","8.83","Indiana Jones and the Staff of Kings"
"Dangun Feveron","13525","Dangun Feveron","34440","5520","97","5","26","0","0","6.24","Dangun Feveron"
"Lovely Weather We're Having","13526","Lovely Weather We're Having","34440","4740","267","1","13","0","0","7.27","Lovely Weather We're Having"
"Running Sausage","13527","Running Sausage","34440","540","274","1","5","0","0","63.78","Running Sausage"
"Cupid","13528","Cupid","34380","4320","188","2","16","0","0","7.96","Cupid"
"Bug!","13529","Bug!","34380","2940","400","2","13","0","0","11.69","Bug!"
"Gungrave: Overdose","13530","Gungrave: Overdose","34380","5400","54","1","16","0","0","6.37","Gungrave: Overdose"
"Rogue Survivor","13531","Rogue Survivor","34380","180","217","1","1","0","0","191","Rogue Survivor"
"No Limits 2","13532","No Limits 2","34380","20160","19","2","51","0","0","1.71","No Limits 2"
"Ragnarok Online 2: Legend of the Second","13533","Ragnarok Online 2: Legend of the Second","34380","9240","93","1","44","0","0","3.72","Ragnarok Online 2: Legend of the Second"
"SOUND VOLTEX III GRAVITY WARS","13534","SOUND VOLTEX III GRAVITY WARS","34380","12360","18","2","32","0","0","2.78","SOUND VOLTEX III GRAVITY WARS"
"Undercrewed","13535","Undercrewed","34380","1380","223","2","9","0","0","24.91","Undercrewed"
"MouseCraft","13536","MouseCraft","34320","9300","68","2","14","0","0","3.69","MouseCraft"
"Mad Dog McCree","13537","Mad Dog McCree","34320","1020","206","1","5","0","0","33.65","Mad Dog McCree"
"Mansions of Madness: Mother's Embrace","13538","Mansions of Madness: Mother's Embrace","34320","13080","25","2","33","0","0","2.62","Mansions of Madness: Mother's Embrace"
"Broken Picturephone","13539","Broken Picturephone","34320","7320","25","1","30","0","0","4.69","Broken Picturephone"
"The Narrator is a DICK","13540","The Narrator is a DICK","34320","3780","184","1","22","0","0","9.08","The Narrator is a DICK"
"Deer Man","13541","Deer Man","34320","360","210","1","3","0","0","95.33","Deer Man"
"Squish 'Em","13542","Squish 'Em","34260","2700","279","3","6","0","0","12.69","Squish 'Em"
"Seiken Densetsu: Final Fantasy Gaiden","13543","Seiken Densetsu: Final Fantasy Gaiden","34260","2760","64","1","6","0","0","12.41","Seiken Densetsu: Final Fantasy Gaiden"
"Premium Pool Arena","13544","Premium Pool Arena","34260","900","467","1","9","0","0","38.07","Premium Pool Arena"
"The Precursors","13545","The Precursors","34260","1860","92","1","4","0","0","18.42","The Precursors"
"Death Skid Marks","13546","Death Skid Marks","34260","8880","87","2","38","0","0","3.86","Death Skid Marks"
"Supersonic Acrobatic Rocket-Powered Battle-Cars","13547","Supersonic Acrobatic Rocket-Powered Battle-Cars","34260","3000","113","1","14","0","0","11.42","Supersonic Acrobatic Rocket-Powered Battle-Cars"
"Planet RIX-13","13548","Planet RIX-13","34260","7260","106","2","64","0","0","4.72","Planet RIX-13"
"Double Dragon II","13549","Double Dragon II","34200","4500","330","1","37","0","0","7.6","Double Dragon II"
"Munin","13550","Munin","34200","6300","25","2","40","0","0","5.43","Munin"
"Light Fairytale","13551","Light Fairytale","34200","9660","62","3","45","0","0","3.54","Light Fairytale"
"Idol Manager","13552","Idol Manager","34200","4200","62","1","12","0","0","8.14","Idol Manager"
"Sable's Grimoire","13553","Sable's Grimoire","34200","1140","70","1","2","0","0","30","Sable's Grimoire"
"Boxing Champs","13554","Boxing Champs","34200","1620","253","2","9","0","0","21.11","Boxing Champs"
"3Buttons","13555","3Buttons","34140","180","314","1","2","0","0","189.67","3Buttons"
"Natsume Championship Wrestling","13556","Natsume Championship Wrestling","34140","360","555","1","3","0","0","94.83","Natsume Championship Wrestling"
"es","13557","es","34140","4500","117","2","26","0","0","7.59","es"
"Cookie's Bustle","13558","Cookie's Bustle","34140","780","116","1","2","0","0","43.77","Cookie's Bustle"
"Cube","13559","Cube","34080","1560","215","1","14","0","0","21.85","Cube"
"RETSNOM","13560","RETSNOM","34080","1920","82","1","7","0","0","17.75","RETSNOM"
"Badland Brawl","13561","Badland Brawl","34080","28320","37","2","52","0","0","1.2","Badland Brawl"
"Minimal Move","13562","Minimal Move","34080","1860","185","1","15","0","0","18.32","Minimal Move"
"Dear Drops Distortion","13563","Dear Drops Distortion","34080","60","1059","1","1","0","0","568","Dear Drops Distortion"
"Damn Virgins","13564","Damn Virgins","34020","1680","568","1","8","0","0","20.25","Damn Virgins"
"Pro Gamer Manager","13565","Pro Gamer Manager","34020","5160","268","1","16","0","0","6.59","Pro Gamer Manager"
"Luigi & Spaghetti","13566","Luigi & Spaghetti","34020","3360","83","2","8","0","0","10.13","Luigi & Spaghetti"
"NGU Idle","13567","NGU Idle","34020","28620","43","3","61","0","0","1.19","NGU Idle"
"Gomo","13568","Gomo","33960","6000","45","2","41","0","0","5.66","Gomo"
"Ghost Squad","13569","Ghost Squad","33960","720","482","1","7","0","0","47.17","Ghost Squad"
"The Signal from Tölva","13570","The Signal from Tölva","33960","17040","16","2","54","0","0","1.99","The Signal from Tölva"
"The Wave VR","13571","The Wave VR","33960","11580","109","5","52","0","0","2.93","The Wave VR"
"Final Days","13572","Final Days","33960","6480","41","4","20","0","0","5.24","Final Days"
"Red Matter","13573","Red Matter","33960","12840","41","2","53","0","0","2.64","Red Matter"
"Helium Rain","13574","Helium Rain","33900","3720","131","2","13","0","0","9.11","Helium Rain"
"Sam & Dan: Floaty Flatmates","13575","Sam & Dan: Floaty Flatmates","33900","10440","43","3","90","0","0","3.25","Sam & Dan: Floaty Flatmates"
"Indie Game Sim","13576","Indie Game Sim","33900","12360","29","2","78","0","0","2.74","Indie Game Sim"
"Depth Hunter 2: Deep Dive","13577","Depth Hunter 2: Deep Dive","33900","1440","485","1","12","0","0","23.54","Depth Hunter 2: Deep Dive"
"Heroes of the Lance","13578","Heroes of the Lance","33900","900","169","1","5","0","0","37.67","Heroes of the Lance"
"SpellForce: The Breath of Winter","13579","SpellForce: The Breath of Winter","33900","24600","34","2","14","0","0","1.38","SpellForce: The Breath of Winter"
"Veil of Darkness","13580","Veil of Darkness","33900","2400","34","1","6","0","0","14.13","Veil of Darkness"
"MySims Kingdom","13581","MySims Kingdom","33900","6660","34","2","16","0","0","5.09","MySims Kingdom"
"Sankaku Renai Love Triangle Trouble","13582","Sankaku Renai Love Triangle Trouble","33900","6720","18","2","5","0","0","5.04","Sankaku Renai Love Triangle Trouble"
"Strider Returns","13583","Strider Returns","33840","780","244","3","5","0","0","43.38","Strider Returns"
"The Price Is Right: Decades","13584","The Price Is Right: Decades","33840","1080","252","1","5","0","0","31.33","The Price Is Right: Decades"
"Mushihime-sama Futari Black Label","13585","Mushihime-sama Futari Black Label","33840","8940","45","1","21","0","0","3.79","Mushihime-sama Futari Black Label"
"The Chaos Engine","13586","The Chaos Engine","33840","1020","183","1","7","0","0","33.18","The Chaos Engine"
"Justice Online","13587","Justice Online","33840","12720","68","2","41","0","0","2.66","Justice Online"
"Applewood","13588","Applewood","33840","4740","109","1","13","0","0","7.14","Applewood"
"Sudoku Universe","13589","Sudoku Universe","33840","7680","69","2","47","0","0","4.41","Sudoku Universe"
"Fractured Veil","13590","Fractured Veil","33780","422400","4","3","3","0","0","0.08","Fractured Veil"
"John Wick Chronicles","13591","John Wick Chronicles","33780","9300","216","2","26","0","0","3.63","John Wick Chronicles"
"X-Men: Mutant Academy","13592","X-Men: Mutant Academy","33780","600","522","1","3","0","0","56.3","X-Men: Mutant Academy"
"Little Racers STREET","13593","Little Racers STREET","33780","1380","215","1","12","0","0","24.48","Little Racers STREET"
"Saki Portable","13594","Saki Portable","33780","15780","18","2","11","0","0","2.14","Saki Portable"
"Corridor Z","13595","Corridor Z","33720","5460","312","2","26","0","0","6.18","Corridor Z"
"Sakura Taisen: Atsuki Chishio Ni","13596","Sakura Taisen: Atsuki Chishio Ni","33720","9840","31","1","7","0","0","3.43","Sakura Taisen: Atsuki Chishio Ni"
"Lost in Blue","13597","Lost in Blue","33720","3900","59","1","9","0","0","8.65","Lost in Blue"
"Defunct","13598","Defunct","33720","13740","68","2","49","0","0","2.45","Defunct"
"Crossy Road","13599","Crossy Road","33720","25560","58","3","122","0","0","1.32","Crossy Road"
"Street Fighter III: New Generation","13600","Street Fighter III: New Generation","33720","1380","252","1","10","0","0","24.43","Street Fighter III: New Generation"