"","","Game","Watch time","Stream time","Peak viewers","Peak channels","Streamers","Average viewers","Average channels","Average viewer ratio",""
"Cid the Dummy","13401","Cid the Dummy","35640","240","346","1","2","0","0","148.5","Cid the Dummy"
"Revenge of the Fallen","13402","Revenge of the Fallen","35580","23820","33","2","104","0","0","1.49","Revenge of the Fallen"
"Wheels","13403","Wheels","35580","120","590","1","2","0","0","296.5","Wheels"
"Yu-Gi-Oh! GX: The Beginning of Destiny","13404","Yu-Gi-Oh! GX: The Beginning of Destiny","35580","12420","52","2","28","0","0","2.86","Yu-Gi-Oh! GX: The Beginning of Destiny"
"Viking: Battle for Asgard","13405","Viking: Battle for Asgard","35580","13680","48","2","42","0","0","2.6","Viking: Battle for Asgard"
"Cellyon - Boss Confrontation","13406","Cellyon - Boss Confrontation","35580","2340","162","3","12","0","0","15.21","Cellyon - Boss Confrontation"
"American McGee's Grimm","13407","American McGee's Grimm","35520","12180","19","2","40","0","0","2.92","American McGee's Grimm"
"Jim Henson's Muppet Adventure No. 1: Chaos at the Carnival","13408","Jim Henson's Muppet Adventure No. 1: Chaos at the Carnival","35520","900","420","4","8","0","0","39.47","Jim Henson's Muppet Adventure No. 1: Chaos at the Carnival"
"Duel Masters Shadow of the Code","13409","Duel Masters Shadow of the Code","35520","960","358","1","9","0","0","37","Duel Masters Shadow of the Code"
"Armed & Delirious","13410","Armed & Delirious","35520","1380","657","1","5","0","0","25.74","Armed & Delirious"
"Brawl Busters","13411","Brawl Busters","35460","4380","60","1","7","0","0","8.1","Brawl Busters"
"Forma.8","13412","Forma.8","35460","9300","72","1","30","0","0","3.81","Forma.8"
"Hades' Star","13413","Hades' Star","35460","22440","37","3","82","0","0","1.58","Hades' Star"
"Die for Valhalla!","13414","Die for Valhalla!","35460","9480","154","2","53","0","0","3.74","Die for Valhalla!"
"Haunted: Halloween '86 - The Curse of Possum Hollow","13415","Haunted: Halloween '86 - The Curse of Possum Hollow","35460","1920","137","2","12","0","0","18.47","Haunted: Halloween '86 - The Curse of Possum Hollow"
"Knights & Dragons","13416","Knights & Dragons","35460","4800","40","2","6","0","0","7.39","Knights & Dragons"
"Magical Night Dreams: Cotton Boomerang","13417","Magical Night Dreams: Cotton Boomerang","35460","3900","18","1","2","0","0","9.09","Magical Night Dreams: Cotton Boomerang"
"Ar Nosurge: Ode to an Unborn Star","13418","Ar Nosurge: Ode to an Unborn Star","35460","22260","10","2","13","0","0","1.59","Ar Nosurge: Ode to an Unborn Star"
"Unmechanical","13419","Unmechanical","35460","12240","20","2","36","0","0","2.9","Unmechanical"
"Dragon Ball: Raging Blast 2","13420","Dragon Ball: Raging Blast 2","35460","4800","100","2","37","0","0","7.39","Dragon Ball: Raging Blast 2"
"Eufloria","13421","Eufloria","35400","7920","72","2","31","0","0","4.47","Eufloria"
"Police 911","13422","Police 911","35400","1620","559","2","14","0","0","21.85","Police 911"
"Kirby Mass Attack","13423","Kirby Mass Attack","35400","6360","90","1","15","0","0","5.57","Kirby Mass Attack"
"T-Rex Runner","13424","T-Rex Runner","35400","7920","85","1","64","0","0","4.47","T-Rex Runner"
"Devilman","13425","Devilman","35400","2100","325","2","10","0","0","16.86","Devilman"
"Worms: A Space Oddity","13426","Worms: A Space Oddity","35400","660","72","1","1","0","0","53.64","Worms: A Space Oddity"
"Silly Sausage: Doggy Dessert","13427","Silly Sausage: Doggy Dessert","35400","480","288","1","3","0","0","73.75","Silly Sausage: Doggy Dessert"
"Magical Taruruuto-kun","13428","Magical Taruruuto-kun","35340","6240","43","6","12","0","0","5.66","Magical Taruruuto-kun"
"Dark Seed II","13429","Dark Seed II","35340","4620","68","1","11","0","0","7.65","Dark Seed II"
"Battlefield Play4Free","13430","Battlefield Play4Free","35340","7740","36","4","29","0","0","4.57","Battlefield Play4Free"
"Freddy Pharkas: Frontier Pharmacist","13431","Freddy Pharkas: Frontier Pharmacist","35340","2820","132","2","7","0","0","12.53","Freddy Pharkas: Frontier Pharmacist"
"OlliOlli","13432","OlliOlli","35340","10200","37","1","67","0","0","3.46","OlliOlli"
"Violent Fighter","13433","Violent Fighter","35340","40860","2","1","1","0","0","0.86","Violent Fighter"
"Halo: Spartan Assault","13434","Halo: Spartan Assault","35280","23940","11","2","138","0","0","1.47","Halo: Spartan Assault"
"God Mode","13435","God Mode","35280","4740","258","2","37","0","0","7.44","God Mode"
"Star Wars: Rebel Assault","13436","Star Wars: Rebel Assault","35280","4860","300","1","29","0","0","7.26","Star Wars: Rebel Assault"
"Advent Rising","13437","Advent Rising","35280","9420","298","1","33","0","0","3.75","Advent Rising"
"Madagascar: Operation Penguin","13438","Madagascar: Operation Penguin","35280","300","310","2","3","0","0","117.6","Madagascar: Operation Penguin"
"Fear Equation","13439","Fear Equation","35280","3960","33","1","18","0","0","8.91","Fear Equation"
"Chicken Invaders 5: Cluck of the Dark Side","13440","Chicken Invaders 5: Cluck of the Dark Side","35280","5820","87","2","40","0","0","6.06","Chicken Invaders 5: Cluck of the Dark Side"
"SG/ZH School Girl/Zombie Hunter","13441","SG/ZH School Girl/Zombie Hunter","35220","6180","52","2","30","0","0","5.7","SG/ZH School Girl/Zombie Hunter"
"Bastard Bonds","13442","Bastard Bonds","35220","5100","52","1","13","0","0","6.91","Bastard Bonds"
"Criminal Girls: Invite Only","13443","Criminal Girls: Invite Only","35220","9960","16","2","24","0","0","3.54","Criminal Girls: Invite Only"
"Unison League","13444","Unison League","35220","18120","9","2","34","0","0","1.94","Unison League"
"Mario Party: Island Tour","13445","Mario Party: Island Tour","35220","2400","72","1","11","0","0","14.68","Mario Party: Island Tour"
"Pickers","13446","Pickers","35160","2880","42","1","3","0","0","12.21","Pickers"
"TalkMan","13447","TalkMan","35160","22260","21","2","152","0","0","1.58","TalkMan"
"Paranautical Activity","13448","Paranautical Activity","35160","8160","58","1","66","0","0","4.31","Paranautical Activity"
"Samurai Warriors 4-II","13449","Samurai Warriors 4-II","35160","29220","15","2","88","0","0","1.2","Samurai Warriors 4-II"
"Music on: Acoustic Guitar","13450","Music on: Acoustic Guitar","35100","25080","34","3","88","0","0","1.4","Music on: Acoustic Guitar"
"Transcendence","13451","Transcendence","35100","6240","13","1","6","0","0","5.63","Transcendence"
"Elder Sign: Omens","13452","Elder Sign: Omens","35100","7020","48","2","29","0","0","5","Elder Sign: Omens"
"Backstage Pass","13453","Backstage Pass","35100","5160","187","1","17","0","0","6.8","Backstage Pass"
"Shmups Skill Test","13454","Shmups Skill Test","35100","6360","170","1","25","0","0","5.52","Shmups Skill Test"
"Yu-Gi-Oh! World Championship Tournament 2004","13455","Yu-Gi-Oh! World Championship Tournament 2004","35040","5640","22","1","13","0","0","6.21","Yu-Gi-Oh! World Championship Tournament 2004"
"Dance Dance Revolution Hottest Party 3","13456","Dance Dance Revolution Hottest Party 3","35040","780","181","1","2","0","0","44.92","Dance Dance Revolution Hottest Party 3"
"Gridiron","13457","Gridiron","35040","4620","309","3","8","0","0","7.58","Gridiron"
"Perfect Golf","13458","Perfect Golf","35040","7920","48","2","13","0","0","4.42","Perfect Golf"
"X Rebirth","13459","X Rebirth","35040","19680","50","2","39","0","0","1.78","X Rebirth"
"Grave Keeper","13460","Grave Keeper","35040","3120","406","1","17","0","0","11.23","Grave Keeper"
"LEGO Rock Raiders","13461","LEGO Rock Raiders","34980","15240","19","1","50","0","0","2.3","LEGO Rock Raiders"
"Dynasty Warriors 3: Xtreme Legends","13462","Dynasty Warriors 3: Xtreme Legends","34980","22020","9","2","10","0","0","1.59","Dynasty Warriors 3: Xtreme Legends"
"Forest Legends: The Call of Love","13463","Forest Legends: The Call of Love","34980","1500","370","1","6","0","0","23.32","Forest Legends: The Call of Love"
"Rocky & Bullwinkle","13464","Rocky & Bullwinkle","34980","120","301","1","1","0","0","291.5","Rocky & Bullwinkle"
"Joyride","13465","Joyride","34980","88500","10","2","3","0","0","0.4","Joyride"
"The Tower of Beatrice","13466","The Tower of Beatrice","34980","7080","26","2","34","0","0","4.94","The Tower of Beatrice"
"Ganbare Goemon: Toukai Douchuu Ooedo Tengurigaeshi no Maki","13467","Ganbare Goemon: Toukai Douchuu Ooedo Tengurigaeshi no Maki","34980","1020","60","1","2","0","0","34.29","Ganbare Goemon: Toukai Douchuu Ooedo Tengurigaeshi no Maki"
"Alien","13468","Alien","34920","2700","398","1","16","0","0","12.93","Alien"
"Biing!: Sex, Intrigue and Scalpels","13469","Biing!: Sex, Intrigue and Scalpels","34920","2460","403","1","18","0","0","14.2","Biing!: Sex, Intrigue and Scalpels"
"NHL 2001","13470","NHL 2001","34920","12420","102","3","41","0","0","2.81","NHL 2001"
"Rockin' Kats","13471","Rockin' Kats","34920","4560","142","2","26","0","0","7.66","Rockin' Kats"
"Tropico 4 Modern Times","13472","Tropico 4 Modern Times","34860","9900","21","2","27","0","0","3.52","Tropico 4 Modern Times"
"Ballance","13473","Ballance","34860","4020","74","1","17","0","0","8.67","Ballance"
"Alpha Prime","13474","Alpha Prime","34860","4140","92","1","19","0","0","8.42","Alpha Prime"
"Roller Coaster Tycoon 3D","13475","Roller Coaster Tycoon 3D","34860","5820","398","2","36","0","0","5.99","Roller Coaster Tycoon 3D"
"Gargoyle's Quest II: The Demon Darkness","13476","Gargoyle's Quest II: The Demon Darkness","34860","5580","135","2","21","0","0","6.25","Gargoyle's Quest II: The Demon Darkness"
"Ys IV: The Dawn of Ys","13477","Ys IV: The Dawn of Ys","34860","8760","30","2","14","0","0","3.98","Ys IV: The Dawn of Ys"
"Cult Of The Abyss","13478","Cult Of The Abyss","34860","360","291","1","3","0","0","96.83","Cult Of The Abyss"
"Jupiter & Mars","13479","Jupiter & Mars","34860","2700","115","1","16","0","0","12.91","Jupiter & Mars"
"Horse Racing Manager","13480","Horse Racing Manager","34800","1560","70","1","5","0","0","22.31","Horse Racing Manager"
"Empire Earth II","13481","Empire Earth II","34800","16800","30","3","53","0","0","2.07","Empire Earth II"
"Dunkey Munkey","13482","Dunkey Munkey","34800","2280","35","2","4","0","0","15.26","Dunkey Munkey"
"Watch This!","13483","Watch This!","34740","15120","46","2","90","0","0","2.3","Watch This!"
"Aces of the Luftwaffe","13484","Aces of the Luftwaffe","34740","4500","256","1","28","0","0","7.72","Aces of the Luftwaffe"
"Der Langrisser","13485","Der Langrisser","34740","15540","13","2","23","0","0","2.24","Der Langrisser"
"Timecop","13486","Timecop","34740","480","258","1","5","0","0","72.38","Timecop"
"NeverDead","13487","NeverDead","34740","4380","49","1","10","0","0","7.93","NeverDead"
"Crapman","13488","Crapman","34740","3060","54","1","5","0","0","11.35","Crapman"
"Franklin the Turtle","13489","Franklin the Turtle","34740","1860","526","1","5","0","0","18.68","Franklin the Turtle"
"Dark Rose Valkyrie","13490","Dark Rose Valkyrie","34740","13680","30","2","29","0","0","2.54","Dark Rose Valkyrie"
"Sun Wukong VS Robot","13491","Sun Wukong VS Robot","34740","1080","270","2","7","0","0","32.17","Sun Wukong VS Robot"
"Fragile Dreams:  Farewell Ruins of the Moon","13492","Fragile Dreams:  Farewell Ruins of the Moon","34680","7860","33","1","18","0","0","4.41","Fragile Dreams:  Farewell Ruins of the Moon"
"Japan Scenery Disk","13493","Japan Scenery Disk","34680","10860","12","2","7","0","0","3.19","Japan Scenery Disk"
"Godzilla: Destroy All Monsters Melee","13494","Godzilla: Destroy All Monsters Melee","34680","7860","74","2","53","0","0","4.41","Godzilla: Destroy All Monsters Melee"
"Orc and Hypnotized Femdogs","13495","Orc and Hypnotized Femdogs","34680","5160","13","1","1","0","0","6.72","Orc and Hypnotized Femdogs"
"TV Sports: Boxing","13496","TV Sports: Boxing","34680","840","298","1","5","0","0","41.29","TV Sports: Boxing"
"HyperRogue","13497","HyperRogue","34680","13440","76","1","24","0","0","2.58","HyperRogue"
"World of Wimmelbild","13498","World of Wimmelbild","34680","11040","14","2","14","0","0","3.14","World of Wimmelbild"
"Homie Rollerz","13499","Homie Rollerz","34680","180","324","1","2","0","0","192.67","Homie Rollerz"
"Burrito Bison: Launcha Libre","13500","Burrito Bison: Launcha Libre","34620","5220","147","1","25","0","0","6.63","Burrito Bison: Launcha Libre"