"","","Game","Watch time","Stream time","Peak viewers","Peak channels","Streamers","Average viewers","Average channels","Average viewer ratio",""
"Xeno Crisis","8801","Xeno Crisis","150600","16740","171","3","61","0","0","9","Xeno Crisis"
"Knights Chronicle","8802","Knights Chronicle","150540","52860","33","3","87","0","0","2.85","Knights Chronicle"
"Meme Run","8803","Meme Run","150480","19800","41","2","55","0","0","7.6","Meme Run"
"Constructor","8804","Constructor","150480","19620","940","3","107","0","0","7.67","Constructor"
"Q.U.B.E.","8805","Q.U.B.E.","150420","20400","467","3","113","0","0","7.37","Q.U.B.E."
"Mushihime-sama HD","8806","Mushihime-sama HD","150420","19680","599","2","69","0","0","7.64","Mushihime-sama HD"
"Ittle Dew 2","8807","Ittle Dew 2","150420","27780","209","3","65","0","0","5.41","Ittle Dew 2"
"Groundhog Day: Like Father Like Son","8808","Groundhog Day: Like Father Like Son","150420","8340","452","3","40","0","0","18.04","Groundhog Day: Like Father Like Son"
"Devious Dungeon 2","8809","Devious Dungeon 2","150360","17460","1045","3","82","0","0","8.61","Devious Dungeon 2"
"International Track & Field","8810","International Track & Field","150180","1200","892","1","10","0","0","125.15","International Track & Field"
"Blade II","8811","Blade II","150120","7620","542","2","19","0","0","19.7","Blade II"
"Mega Man: Dr. Wily's Revenge","8812","Mega Man: Dr. Wily's Revenge","150120","8280","684","2","36","0","0","18.13","Mega Man: Dr. Wily's Revenge"
"Ghost OnLine","8813","Ghost OnLine","150060","25680","158","4","81","0","0","5.84","Ghost OnLine"
"Sea Dogs","8814","Sea Dogs","149760","45660","182","3","89","0","0","3.28","Sea Dogs"
"The Urbz: Sims in the City","8815","The Urbz: Sims in the City","149700","31560","108","2","78","0","0","4.74","The Urbz: Sims in the City"
"Spider-Man 2: Enter Electro","8816","Spider-Man 2: Enter Electro","149700","21360","447","2","76","0","0","7.01","Spider-Man 2: Enter Electro"
"Guns, Gore & Cannoli","8817","Guns, Gore & Cannoli","149580","62760","65","4","222","0","0","2.38","Guns, Gore & Cannoli"
"Dark Echo","8818","Dark Echo","149580","10680","495","2","64","0","0","14.01","Dark Echo"
"Headlander","8819","Headlander","149580","44580","54","3","193","0","0","3.36","Headlander"
"Lanota","8820","Lanota","149460","12780","329","2","65","0","0","11.69","Lanota"
"TheLast.io","8821","TheLast.io","149460","22560","78","4","41","0","0","6.63","TheLast.io"
"Blast Corps","8822","Blast Corps","149340","27480","98","2","75","0","0","5.43","Blast Corps"
"Curious George","8823","Curious George","149340","4440","525","3","20","0","0","33.64","Curious George"
"SpongeBob's Truth or Square","8824","SpongeBob's Truth or Square","149220","32340","173","3","43","0","0","4.61","SpongeBob's Truth or Square"
"Football International","8825","Football International","149220","10200","537","2","23","0","0","14.63","Football International"
"New York Mysteries: Secrets of the Mafia","8826","New York Mysteries: Secrets of the Mafia","149160","5400","332","1","15","0","0","27.62","New York Mysteries: Secrets of the Mafia"
"Synergy","8827","Synergy","149160","42540","495","3","225","0","0","3.51","Synergy"
"MS Saga: A New Dawn","8828","MS Saga: A New Dawn","149100","30960","25","2","28","0","0","4.82","MS Saga: A New Dawn"
"NES Remix","8829","NES Remix","149040","19620","416","2","116","0","0","7.6","NES Remix"
"Tetris with Cardcaptor Sakura: Eternal Heart","8830","Tetris with Cardcaptor Sakura: Eternal Heart","149040","6180","1981","2","19","0","0","24.12","Tetris with Cardcaptor Sakura: Eternal Heart"
"The Sopranos: Road to Respect","8831","The Sopranos: Road to Respect","148920","4380","819","2","19","0","0","34","The Sopranos: Road to Respect"
"HEX: Shards of Fate","8832","HEX: Shards of Fate","148860","64980","42","3","61","0","0","2.29","HEX: Shards of Fate"
"Lugaru","8833","Lugaru","148860","3060","1422","1","16","0","0","48.65","Lugaru"
"Poker Squ♠res","8834","Poker Squ♠res","148800","240","862","1","1","0","0","620","Poker Squ♠res"
"Trainz: Virtual Railroading On Your PC","8835","Trainz: Virtual Railroading On Your PC","148740","19980","24","4","7","0","0","7.44","Trainz: Virtual Railroading On Your PC"
"8","8836","8","148680","3240","2393","1","126","0","0","45.89","8"
"Aporia: Beyond The Valley","8837","Aporia: Beyond The Valley","148680","24120","83","2","84","0","0","6.16","Aporia: Beyond The Valley"
"DreamWeb","8838","DreamWeb","148680","1920","971","1","8","0","0","77.44","DreamWeb"
"Freshly-Picked: Tingle's Rosy Rupeeland","8839","Freshly-Picked: Tingle's Rosy Rupeeland","148620","18780","148","1","25","0","0","7.91","Freshly-Picked: Tingle's Rosy Rupeeland"
"Splitter Critters","8840","Splitter Critters","148620","1140","1148","1","5","0","0","130.37","Splitter Critters"
"Pro Evolution Soccer 2011","8841","Pro Evolution Soccer 2011","148560","7380","818","2","34","0","0","20.13","Pro Evolution Soccer 2011"
"Dreaming Sarah","8842","Dreaming Sarah","148440","12660","1167","2","80","0","0","11.73","Dreaming Sarah"
"Super Mario World: Super Mario Advance 2","8843","Super Mario World: Super Mario Advance 2","148440","16020","465","2","80","0","0","9.27","Super Mario World: Super Mario Advance 2"
"Blood Waves","8844","Blood Waves","148380","21420","127","3","118","0","0","6.93","Blood Waves"
"CyberPunks","8845","CyberPunks","148320","3300","2492","1","6","0","0","44.95","CyberPunks"
"Journey of a Roach","8846","Journey of a Roach","148260","13200","279","2","70","0","0","11.23","Journey of a Roach"
"Acceleration Of SUGURI 2","8847","Acceleration Of SUGURI 2","148260","20280","61","3","68","0","0","7.31","Acceleration Of SUGURI 2"
"Wonder Boy Returns","8848","Wonder Boy Returns","148260","6960","342","2","42","0","0","21.3","Wonder Boy Returns"
"Night Slashers","8849","Night Slashers","148200","3180","988","2","24","0","0","46.6","Night Slashers"
"Everreach: Project Eden","8850","Everreach: Project Eden","148140","8340","404","6","53","0","0","17.76","Everreach: Project Eden"
"Contemp","8851","Contemp","148080","6480","1060","2","71","0","0","22.85","Contemp"
"PewDiePie's Tuber Simulator","8852","PewDiePie's Tuber Simulator","148020","91260","1160","7","173","0","0","1.62","PewDiePie's Tuber Simulator"
"Axiom Soccer","8853","Axiom Soccer","147960","22080","157","6","173","0","0","6.7","Axiom Soccer"
"Autobahn Police Simulator 2","8854","Autobahn Police Simulator 2","147840","5640","774","2","39","0","0","26.21","Autobahn Police Simulator 2"
"Adventures of Lolo","8855","Adventures of Lolo","147840","17760","90","5","84","0","0","8.32","Adventures of Lolo"
"Unity of Command","8856","Unity of Command","147780","25920","125","4","72","0","0","5.7","Unity of Command"
"Anachronox","8857","Anachronox","147780","31260","311","3","53","0","0","4.73","Anachronox"
"Ikari Warriors","8858","Ikari Warriors","147720","7860","425","1","11","0","0","18.79","Ikari Warriors"
"Bionicle","8859","Bionicle","147720","22920","267","3","72","0","0","6.45","Bionicle"
"The Bonfire: Forsaken Lands","8860","The Bonfire: Forsaken Lands","147720","1980","408","1","14","0","0","74.61","The Bonfire: Forsaken Lands"
"Depth of Extinction","8861","Depth of Extinction","147720","2520","1320","1","3","0","0","58.62","Depth of Extinction"
"Mr. Driller G","8862","Mr. Driller G","147720","780","1186","1","5","0","0","189.38","Mr. Driller G"
"Tadpole Treble","8863","Tadpole Treble","147660","1620","1368","1","12","0","0","91.15","Tadpole Treble"
"Epic Tavern","8864","Epic Tavern","147600","24480","200","2","39","0","0","6.03","Epic Tavern"
"The Silent Age","8865","The Silent Age","147480","25020","204","2","121","0","0","5.89","The Silent Age"
"UFO: Afterlight","8866","UFO: Afterlight","147420","5880","2223","1","9","0","0","25.07","UFO: Afterlight"
"Dark Sector","8867","Dark Sector","147300","29640","598","2","100","0","0","4.97","Dark Sector"
"Fortify","8868","Fortify","147300","6660","759","1","62","0","0","22.12","Fortify"
"Overwhelm","8869","Overwhelm","147240","12900","570","2","84","0","0","11.41","Overwhelm"
"Barbie in the 12 Dancing Princesses","8870","Barbie in the 12 Dancing Princesses","147240","20340","426","2","32","0","0","7.24","Barbie in the 12 Dancing Princesses"
"Night Of The Full Moon","8871","Night Of The Full Moon","147240","26160","88","3","93","0","0","5.63","Night Of The Full Moon"
"Home Alone","8872","Home Alone","147180","8640","868","4","50","0","0","17.03","Home Alone"
"Yu-Gi-Oh! GX: Spirit Caller","8873","Yu-Gi-Oh! GX: Spirit Caller","147120","6780","160","2","28","0","0","21.7","Yu-Gi-Oh! GX: Spirit Caller"
"Miasmata","8874","Miasmata","147060","16320","125","2","59","0","0","9.01","Miasmata"
"Mall Maniacs","8875","Mall Maniacs","147000","1500","1230","1","4","0","0","98","Mall Maniacs"
"Marvel Puzzle Quest: Dark Reign","8876","Marvel Puzzle Quest: Dark Reign","146940","70500","32","3","68","0","0","2.08","Marvel Puzzle Quest: Dark Reign"
"Shockman","8877","Shockman","146760","480","1509","1","2","0","0","305.75","Shockman"
"Notes of Obsession","8878","Notes of Obsession","146760","9840","364","2","107","0","0","14.91","Notes of Obsession"
"Maya the Bee: What a Thunderstorm","8879","Maya the Bee: What a Thunderstorm","146700","360","2512","1","3","0","0","407.5","Maya the Bee: What a Thunderstorm"
"Fight Night Round 2","8880","Fight Night Round 2","146700","9960","219","1","31","0","0","14.73","Fight Night Round 2"
"Super Panda Adventures","8881","Super Panda Adventures","146640","15300","294","1","39","0","0","9.58","Super Panda Adventures"
"Maze","8882","Maze","146580","1500","1360","1","9","0","0","97.72","Maze"
"Gamino","8883","Gamino","146520","56160","28","3","137","0","0","2.61","Gamino"
"Gone Viral","8884","Gone Viral","146520","8460","129","2","26","0","0","17.32","Gone Viral"
"Star Wars: Episode III - Revenge of the Sith","8885","Star Wars: Episode III - Revenge of the Sith","146460","20460","257","2","91","0","0","7.16","Star Wars: Episode III - Revenge of the Sith"
"Soulbringer","8886","Soulbringer","146400","2520","445","1","4","0","0","58.1","Soulbringer"
"The Legend of the Dark Witch 2","8887","The Legend of the Dark Witch 2","146400","6960","980","2","15","0","0","21.03","The Legend of the Dark Witch 2"
"Seduce Me The Otome","8888","Seduce Me The Otome","146400","21300","333","3","64","0","0","6.87","Seduce Me The Otome"
"Mario Party: The Top 100","8889","Mario Party: The Top 100","146400","1800","813","2","11","0","0","81.33","Mario Party: The Top 100"
"Nancy Drew: Tomb of the Lost Queen","8890","Nancy Drew: Tomb of the Lost Queen","146220","18060","124","2","43","0","0","8.1","Nancy Drew: Tomb of the Lost Queen"
"Marble Combat","8891","Marble Combat","146160","15360","1126","5","142","0","0","9.52","Marble Combat"
"Animallica","8892","Animallica","146040","27360","335","3","64","0","0","5.34","Animallica"
"Rad Rodgers","8893","Rad Rodgers","145980","23760","636","3","120","0","0","6.14","Rad Rodgers"
"My Hero One's Justice 2","8894","My Hero One's Justice 2","145980","1980","337","3","7","0","0","73.73","My Hero One's Justice 2"
"Music Maker","8895","Music Maker","145860","126240","134","5","606","0","0","1.16","Music Maker"
"O","8896","O","145800","40620","596","3","134","0","0","3.59","O"
"A Feeble Saga","8897","A Feeble Saga","145740","4860","880","2","15","0","0","29.99","A Feeble Saga"
"Hamster Heroes","8898","Hamster Heroes","145620","51720","29","2","6","0","0","2.82","Hamster Heroes"
"Robot Unicorn Attack","8899","Robot Unicorn Attack","145560","9480","858","3","67","0","0","15.35","Robot Unicorn Attack"
"Football Manager Live","8900","Football Manager Live","145560","57600","655","3","26","0","0","2.53","Football Manager Live"