"","","Game","Watch time","Stream time","Peak viewers","Peak channels","Streamers","Average viewers","Average channels","Average viewer ratio",""
"They Are Billions","101","They Are Billions","562559940","7158180","48479","156","8582","1070","13","78.59","They Are Billions"
"The Witcher 3: Wild Hunt","102","The Witcher 3: Wild Hunt","557882880","39764640","31898","587","72668","1061","75","14.03","The Witcher 3: Wild Hunt"
"Slay the Spire","103","Slay the Spire","554713320","12541980","26142","105","26091","1055","23","44.23","Slay the Spire"
"Kingdom Hearts III","104","Kingdom Hearts III","549841440","26626080","127041","3855","34095","1046","50","20.65","Kingdom Hearts III"
"Halo: The Master Chief Collection","105","Halo: The Master Chief Collection","543847560","33798420","136672","3441","66075","1034","64","16.09","Halo: The Master Chief Collection"
"MapleStory","106","MapleStory","524609760","28311840","21363","247","19256","998","53","18.53","MapleStory"
"The Legend of Zelda: Breath of the Wild","107","The Legend of Zelda: Breath of the Wild","517481760","23726460","134763","154","24497","984","45","21.81","The Legend of Zelda: Breath of the Wild"
"Anno 1800","108","Anno 1800","517146720","11004420","73394","854","16964","984","20","46.99","Anno 1800"
"Hunt: Showdown","109","Hunt: Showdown","508239960","30502020","48553","272","31332","967","58","16.66","Hunt: Showdown"
"Dofus","110","Dofus","507711420","11754660","23871","192","9393","966","22","43.19","Dofus"
"Metro Exodus","111","Metro Exodus","504195840","18700380","154978","1593","45278","959","35","26.96","Metro Exodus"
"Dragon Ball FighterZ","112","Dragon Ball FighterZ","482243220","16683060","110818","191","34340","917","31","28.91","Dragon Ball FighterZ"
"Super Mario 64","113","Super Mario 64","476533200","10863900","50106","128","11175","906","20","43.86","Super Mario 64"
"Pokemon: Let's Go, Pikachu!/Eevee!","114","Pokemon: Let's Go, Pikachu!/Eevee!","459690540","21163080","148108","284","20218","874","40","21.72","Pokemon: Let's Go, Pikachu!/Eevee!"
"Remnant: From the Ashes","115","Remnant: From the Ashes","458650860","19237980","94947","1086","37547","872","36","23.84","Remnant: From the Ashes"
"Knight Online","116","Knight Online","457794240","7563360","23954","143","4786","871","14","60.53","Knight Online"
"Planet Zoo","117","Planet Zoo","455937360","7620780","78337","742","12138","867","14","59.83","Planet Zoo"
"TrackMania² Stadium","118","TrackMania² Stadium","455144160","3933840","96687","217","6302","866","7","115.7","TrackMania² Stadium"
"Stardew Valley","119","Stardew Valley","454369500","34631880","33892","218","62854","864","65","13.12","Stardew Valley"
"Euro Truck Simulator 2","120","Euro Truck Simulator 2","451017720","49159380","31468","320","60798","858","93","9.17","Euro Truck Simulator 2"
"Devil May Cry 5","121","Devil May Cry 5","447368280","23389680","140428","2636","57558","851","44","19.13","Devil May Cry 5"
"Age of Empires II","122","Age of Empires II","438197280","9126420","18811","54","12737","833","17","48.01","Age of Empires II"
"Twitch Sings","123","Twitch Sings","435664500","18762840","41848","169","39785","828","35","23.22","Twitch Sings"
"Diablo II: Lord of Destruction","124","Diablo II: Lord of Destruction","434016720","11466060","165190","155","8848","825","21","37.85","Diablo II: Lord of Destruction"
"Gwent: The Witcher Card Game","125","Gwent: The Witcher Card Game","431191980","7756020","19555","84","6409","820","14","55.59","Gwent: The Witcher Card Game"
"Darkest Dungeon","126","Darkest Dungeon","430288200","12035820","18418","94","20225","818","22","35.75","Darkest Dungeon"
"RimWorld","127","RimWorld","428631300","17537280","14482","90","17836","815","33","24.44","RimWorld"
"The Binding of Isaac: Afterbirth","128","The Binding of Isaac: Afterbirth","426427020","12740100","33079","70","22911","811","24","33.47","The Binding of Isaac: Afterbirth"
"Super Mario Maker","129","Super Mario Maker","425866320","5743740","17846","116","3331","810","10","74.14","Super Mario Maker"
"RuneScape","130","RuneScape","423429060","22345440","25174","134","21958","805","42","18.95","RuneScape"
"Satisfactory","131","Satisfactory","423130560","21006240","59800","1348","28905","805","39","20.14","Satisfactory"
"StarCraft","132","StarCraft","423016200","8949720","134808","56","7515","804","17","47.27","StarCraft"
"Fire Emblem: Three Houses","133","Fire Emblem: Three Houses","421040820","13412880","34642","833","10118","801","25","31.39","Fire Emblem: Three Houses"
"Subnautica","134","Subnautica","420282240","23768400","58176","286","53958","799","45","17.68","Subnautica"
"Dauntless","135","Dauntless","417245340","46091040","37561","1487","110432","793","87","9.05","Dauntless"
"Bloodborne","136","Bloodborne","404578620","22273380","245345","135","40345","769","42","18.16","Bloodborne"
"Risk of Rain 2","137","Risk of Rain 2","402796140","25024440","46400","871","61387","766","47","16.1","Risk of Rain 2"
"The Outer Worlds","138","The Outer Worlds","389195520","19060380","76547","2045","43490","740","36","20.42","The Outer Worlds"
"Gears 5","139","Gears 5","383610900","26574660","57682","2273","49150","729","50","14.44","Gears 5"
"Ring Of Elysium","140","Ring Of Elysium","381838680","43310940","57675","1177","66364","726","82","8.82","Ring Of Elysium"
"Clash Royale","141","Clash Royale","375203700","7556940","17833","45","14679","713","14","49.65","Clash Royale"
"Code Vein","142","Code Vein","372939420","15409560","63561","991","25330","709","29","24.2","Code Vein"
"Arma 3","143","Arma 3","372167700","37060740","37017","315","34361","708","70","10.04","Arma 3"
"iRacing.com","144","iRacing.com","365012700","24246660","17113","494","10849","694","46","15.05","iRacing.com"
"Super Mario World","145","Super Mario World","358992780","8494860","185428","59","10064","683","16","42.26","Super Mario World"
"Realm Royale","146","Realm Royale","356634480","54973020","21071","1115","95399","678","104","6.49","Realm Royale"
"Don't Starve Together","147","Don't Starve Together","343079820","18852120","22041","96","33871","652","35","18.2","Don't Starve Together"
"ROBLOX","148","ROBLOX","342605820","62131980","21053","283","138338","651","118","5.51","ROBLOX"
"Twitch Presents","149","Twitch Presents","340460220","321960","23427","7","28","647","0","1057.46","Twitch Presents"
"Paladins","150","Paladins","339544320","46402320","41213","216","91804","646","88","7.32","Paladins"
"MLB The Show 19","151","MLB The Show 19","339510660","8955840","26978","326","22790","646","17","37.91","MLB The Show 19"
"Madden NFL 19","152","Madden NFL 19","335398620","43869840","96944","646","55255","638","83","7.65","Madden NFL 19"
"Conan Exiles","153","Conan Exiles","335370420","25958460","26424","351","35116","638","49","12.92","Conan Exiles"
"Epic Seven","154","Epic Seven","335286900","10885440","12285","121","5326","637","20","30.8","Epic Seven"
"For Honor","155","For Honor","334052940","32489340","33637","292","69672","635","61","10.28","For Honor"
"Age of Empires II: Definitive Edition","156","Age of Empires II: Definitive Edition","318726000","3334800","105936","199","6680","606","6","95.58","Age of Empires II: Definitive Edition"
"Crypto","157","Crypto","318599040","11426820","11098","35","994","606","21","27.88","Crypto"
"Fallout 76","158","Fallout 76","317596980","29750760","47755","459","42457","604","56","10.68","Fallout 76"
"Eternal","159","Eternal","317242380","3504360","5425","25","1669","603","6","90.53","Eternal"
"Sid Meier's Civilization VI","160","Sid Meier's Civilization VI","311378820","9400620","68833","170","17626","592","17","33.12","Sid Meier's Civilization VI"
"Battalion 1944","161","Battalion 1944","311071440","13056660","50165","397","24462","591","24","23.82","Battalion 1944"
"Dark Souls II: Scholar of the First Sin","162","Dark Souls II: Scholar of the First Sin","308252160","13417440","24126","73","19470","586","25","22.97","Dark Souls II: Scholar of the First Sin"
"Final Fantasy VII","163","Final Fantasy VII","305568600","8488140","28139","74","11501","581","16","36","Final Fantasy VII"
"Terraria","164","Terraria","305158560","27838740","34092","157","62910","580","52","10.96","Terraria"
"The Legend of Zelda: A Link to the Past","165","The Legend of Zelda: A Link to the Past","304595220","16296480","203561","162","9540","579","31","18.69","The Legend of Zelda: A Link to the Past"
"Guild Wars 2","166","Guild Wars 2","304192500","22416180","41819","166","18376","578","42","13.57","Guild Wars 2"
"The Forest","167","The Forest","300181920","28685340","53419","267","80045","571","54","10.46","The Forest"
"My Summer Car","168","My Summer Car","298827540","2510820","34932","22","4788","568","4","119.02","My Summer Car"
"Kingdom Hearts HD I.5 + II.5 Remix","169","Kingdom Hearts HD I.5 + II.5 Remix","297970980","12337980","24959","324","12032","566","23","24.15","Kingdom Hearts HD I.5 + II.5 Remix"
"Oxygen Not Included","170","Oxygen Not Included","294897120","11613600","26229","140","13952","561","22","25.39","Oxygen Not Included"
"World War Z","171","World War Z","294035700","17321760","135162","1182","57114","559","32","16.97","World War Z"
"Football Manager 2019","172","Football Manager 2019","293949120","9043980","23685","65","7464","559","17","32.5","Football Manager 2019"
"Metin 2","173","Metin 2","291729300","12174060","24558","88","9879","555","23","23.96","Metin 2"
"Sports & Fitness","174","Sports & Fitness","282367800","4757340","91213","50","12766","537","9","59.35","Sports & Fitness"
"God of War","175","God of War","282092640","19839600","20686","152","41700","536","37","14.22","God of War"
"Grand Theft Auto: San Andreas","176","Grand Theft Auto: San Andreas","280584660","12280560","24068","76","31650","533","23","22.85","Grand Theft Auto: San Andreas"
"Farming Simulator 19","177","Farming Simulator 19","276156480","27853200","31361","188","26361","525","52","9.91","Farming Simulator 19"
"No Man's Sky","178","No Man's Sky","273836880","17902800","68188","835","34019","521","34","15.3","No Man's Sky"
"Hollow Knight","179","Hollow Knight","272933940","20640720","158040","121","34927","519","39","13.22","Hollow Knight"
"The Dark Pictures Anthology: Man of Medan","180","The Dark Pictures Anthology: Man of Medan","272010600","6075060","96786","1097","22964","517","11","44.77","The Dark Pictures Anthology: Man of Medan"
"Garry's Mod","181","Garry's Mod","271570200","15027180","96345","117","50554","516","28","18.07","Garry's Mod"
"M.U.G.E.N","182","M.U.G.E.N","267132540","2513460","11499","10","652","508","4","106.28","M.U.G.E.N"
"Ancestors: The Humankind Odyssey","183","Ancestors: The Humankind Odyssey","263339640","4078740","56387","339","9185","501","7","64.56","Ancestors: The Humankind Odyssey"
"Makers & Crafting","184","Makers & Crafting","261206400","21176460","13309","93","16652","497","40","12.33","Makers & Crafting"
"Tom Clancy's Ghost Recon Breakpoint","185","Tom Clancy's Ghost Recon Breakpoint","257192100","14593440","118854","912","28526","489","27","17.62","Tom Clancy's Ghost Recon Breakpoint"
"Raft","186","Raft","254920920","9199980","37023","172","27659","485","17","27.71","Raft"
"Total War: Warhammer II","187","Total War: Warhammer II","253501320","9782400","25420","117","10527","482","18","25.91","Total War: Warhammer II"
"Yu-Gi-Oh! Duel Links","188","Yu-Gi-Oh! Duel Links","253098900","8041860","7604","47","10878","481","15","31.47","Yu-Gi-Oh! Duel Links"
"The Legend of Zelda: Majora's Mask","189","The Legend of Zelda: Majora's Mask","250719600","4410540","182519","36","4387","477","8","56.85","The Legend of Zelda: Majora's Mask"
"Beat Saber","190","Beat Saber","246109680","25969620","28839","128","54765","468","49","9.48","Beat Saber"
"Shadowverse","191","Shadowverse","240737100","9844380","11540","95","5739","458","18","24.45","Shadowverse"
"Luigi's Mansion 3","192","Luigi's Mansion 3","240383160","5469840","53972","985","9736","457","10","43.95","Luigi's Mansion 3"
"Garena Free Fire","193","Garena Free Fire","237892200","15990960","14748","114","23620","452","30","14.88","Garena Free Fire"
"Divinity: Original Sin II","194","Divinity: Original Sin II","236999700","12740160","21222","78","19247","450","24","18.6","Divinity: Original Sin II"
"Europa Universalis IV","195","Europa Universalis IV","233853960","7382760","13160","49","5856","444","14","31.68","Europa Universalis IV"
"The Elder Scrolls: Legends","196","The Elder Scrolls: Legends","233571480","4265580","13332","35","2352","444","8","54.76","The Elder Scrolls: Legends"
"Hearts of Iron IV","197","Hearts of Iron IV","232118520","7445040","25901","109","10374","441","14","31.18","Hearts of Iron IV"
"The Legend of Zelda: Link's Awakening","198","The Legend of Zelda: Link's Awakening","229747740","7510260","57713","1006","12709","437","14","30.59","The Legend of Zelda: Link's Awakening"
"A Plague Tale: Innocence","199","A Plague Tale: Innocence","226052280","6491700","63953","608","15261","430","12","34.82","A Plague Tale: Innocence"
"Pummel Party","200","Pummel Party","223914540","4049400","49317","99","19175","426","7","55.3","Pummel Party"