"","","Game","Watch time","Stream time","Peak viewers","Peak channels","Streamers","Average viewers","Average channels","Average viewer ratio",""
"Sonic Gems Collection","10201","Sonic Gems Collection","92220","8640","385","2","53","0","0","10.67","Sonic Gems Collection"
"League of Evil","10202","League of Evil","92220","17760","415","2","69","0","0","5.19","League of Evil"
"CSR Racing 2","10203","CSR Racing 2","92160","35280","785","3","137","0","0","2.61","CSR Racing 2"
"Invisible Sun","10204","Invisible Sun","92160","10860","38","2","9","0","0","8.49","Invisible Sun"
"Pro Fishing","10205","Pro Fishing","91980","33000","24","3","84","0","0","2.79","Pro Fishing"
"Fighting Warrior","10206","Fighting Warrior","91920","2460","205","1","16","0","0","37.37","Fighting Warrior"
"Spanky's Quest","10207","Spanky's Quest","91920","2460","399","1","16","0","0","37.37","Spanky's Quest"
"Rise of the Triad: Dark War","10208","Rise of the Triad: Dark War","91860","13020","324","2","27","0","0","7.06","Rise of the Triad: Dark War"
"Armored Core","10209","Armored Core","91860","13800","112","2","50","0","0","6.66","Armored Core"
"Celestial Command","10210","Celestial Command","91860","8820","236","2","25","0","0","10.41","Celestial Command"
"Shining the Holy Ark","10211","Shining the Holy Ark","91800","6240","133","1","13","0","0","14.71","Shining the Holy Ark"
"Hawken","10212","Hawken","91800","70440","69","3","434","0","0","1.3","Hawken"
"Cadillacs and Dinosaurs","10213","Cadillacs and Dinosaurs","91740","14880","246","1","111","0","0","6.17","Cadillacs and Dinosaurs"
"Kirby no Omochabako","10214","Kirby no Omochabako","91740","3000","56","1","2","0","0","30.58","Kirby no Omochabako"
"Beherit","10215","Beherit","91680","660","1504","1","6","0","0","138.91","Beherit"
"Mars: War Logs","10216","Mars: War Logs","91680","22140","100","2","60","0","0","4.14","Mars: War Logs"
"ZomDay","10217","ZomDay","91620","16080","154","4","77","0","0","5.7","ZomDay"
"Mountain Crime: Requital","10218","Mountain Crime: Requital","91620","900","1229","1","6","0","0","101.8","Mountain Crime: Requital"
"Wayward Souls","10219","Wayward Souls","91560","10380","901","3","39","0","0","8.82","Wayward Souls"
"UEFA Champions League Season 1999/2000","10220","UEFA Champions League Season 1999/2000","91560","660","1128","1","4","0","0","138.73","UEFA Champions League Season 1999/2000"
"Kameo: Elements of Power","10221","Kameo: Elements of Power","91500","28860","277","2","115","0","0","3.17","Kameo: Elements of Power"
"Hexcells Infinite","10222","Hexcells Infinite","91440","24300","78","2","82","0","0","3.76","Hexcells Infinite"
"Kawa no Nushi Tsuri 2","10223","Kawa no Nushi Tsuri 2","91320","300","1555","1","2","0","0","304.4","Kawa no Nushi Tsuri 2"
"Last Window: The Secret of Cape West","10224","Last Window: The Secret of Cape West","91320","7560","93","1","7","0","0","12.08","Last Window: The Secret of Cape West"
"LuckCatchers","10225","LuckCatchers","91320","4020","159","2","3","0","0","22.72","LuckCatchers"
"Songbringer","10226","Songbringer","91320","12720","167","2","47","0","0","7.18","Songbringer"
"Transpose","10227","Transpose","91260","3540","886","2","23","0","0","25.78","Transpose"
"Super Robot Wars Operation Extend","10228","Super Robot Wars Operation Extend","91260","9240","33","1","2","0","0","9.88","Super Robot Wars Operation Extend"
"Trespasser: Jurassic Park","10229","Trespasser: Jurassic Park","91200","16080","35","2","39","0","0","5.67","Trespasser: Jurassic Park"
"Music 3000","10230","Music 3000","91200","6600","100","1","25","0","0","13.82","Music 3000"
"FIFA Manager 10","10231","FIFA Manager 10","91140","1200","745","2","4","0","0","75.95","FIFA Manager 10"
"Tester Phase One","10232","Tester Phase One","91140","212700","63","4","549","0","0","0.43","Tester Phase One"
"NBA Live Mobile","10233","NBA Live Mobile","90960","24900","162","3","127","0","0","3.65","NBA Live Mobile"
"Red Ball","10234","Red Ball","90960","30780","95","3","35","0","0","2.96","Red Ball"
"SILKROAD","10235","SILKROAD","90900","17460","328","2","67","0","0","5.21","SILKROAD"
"Zuma's Revenge","10236","Zuma's Revenge","90900","22980","130","2","140","0","0","3.96","Zuma's Revenge"
"Today is my Birthday","10237","Today is my Birthday","90840","3720","947","1","19","0","0","24.42","Today is my Birthday"
"The Adventures of Shuggy","10238","The Adventures of Shuggy","90840","3780","574","2","13","0","0","24.03","The Adventures of Shuggy"
"The Game Maker","10239","The Game Maker","90780","13920","404","1","19","0","0","6.52","The Game Maker"
"The Mighty Quest for Epic Loot","10240","The Mighty Quest for Epic Loot","90780","6060","165","3","35","0","0","14.98","The Mighty Quest for Epic Loot"
"Dynasty Warriors 8","10241","Dynasty Warriors 8","90720","19200","49","3","78","0","0","4.73","Dynasty Warriors 8"
"Brink of Consciousness: Dorian Gray Syndrome","10242","Brink of Consciousness: Dorian Gray Syndrome","90720","2160","268","1","7","0","0","42","Brink of Consciousness: Dorian Gray Syndrome"
"Hive Jump","10243","Hive Jump","90660","9360","318","3","59","0","0","9.69","Hive Jump"
"Monument Valley","10244","Monument Valley","90600","6900","300","1","47","0","0","13.13","Monument Valley"
"Crimzon Clover: World Ignition","10245","Crimzon Clover: World Ignition","90600","32460","58","3","80","0","0","2.79","Crimzon Clover: World Ignition"
"Evergarden","10246","Evergarden","90600","11400","220","3","77","0","0","7.95","Evergarden"
"Touhou 17 - Wily Beast and Weakest Creature","10247","Touhou 17 - Wily Beast and Weakest Creature","90540","37020","47","5","181","0","0","2.45","Touhou 17 - Wily Beast and Weakest Creature"
"Warspear Online","10248","Warspear Online","90480","65940","108","3","157","0","0","1.37","Warspear Online"
"Gremlins 2: The New Batch","10249","Gremlins 2: The New Batch","90480","9300","352","2","38","0","0","9.73","Gremlins 2: The New Batch"
"Gubble 2","10250","Gubble 2","90480","180","701","1","1","0","0","502.67","Gubble 2"
"Mega Man: The Power Battle","10251","Mega Man: The Power Battle","90420","3540","831","1","17","0","0","25.54","Mega Man: The Power Battle"
"Neon Chrome","10252","Neon Chrome","90420","36540","87","2","171","0","0","2.47","Neon Chrome"
"Move it","10253","Move it","90360","4740","1032","1","4","0","0","19.06","Move it"
"The Sims: Pet Stories","10254","The Sims: Pet Stories","90360","5100","103","1","12","0","0","17.72","The Sims: Pet Stories"
"Romance of the Three Kingdoms V","10255","Romance of the Three Kingdoms V","90300","4860","170","1","12","0","0","18.58","Romance of the Three Kingdoms V"
"Ghost Files: The Face of Guilt","10256","Ghost Files: The Face of Guilt","90240","4800","280","1","14","0","0","18.8","Ghost Files: The Face of Guilt"
"The 4th Coming","10257","The 4th Coming","90240","23100","40","2","20","0","0","3.91","The 4th Coming"
"Tony Hawk's Pro Skater 5","10258","Tony Hawk's Pro Skater 5","90240","51900","61","3","270","0","0","1.74","Tony Hawk's Pro Skater 5"
"Re.Poly","10259","Re.Poly","90180","3420","468","2","7","0","0","26.37","Re.Poly"
"Omerta: City of Gangsters","10260","Omerta: City of Gangsters","90180","26100","28","2","78","0","0","3.46","Omerta: City of Gangsters"
"The Witch and the Hundred Knight","10261","The Witch and the Hundred Knight","90120","40020","33","2","51","0","0","2.25","The Witch and the Hundred Knight"
"Metal Fatigue","10262","Metal Fatigue","90060","4680","762","2","24","0","0","19.24","Metal Fatigue"
"Shironeko Project","10263","Shironeko Project","90060","27540","495","2","26","0","0","3.27","Shironeko Project"
"Blair Witch, Volume III: The Elly Kedward Tale","10264","Blair Witch, Volume III: The Elly Kedward Tale","90000","2220","147","1","10","0","0","40.54","Blair Witch, Volume III: The Elly Kedward Tale"
"Buffy the Vampire Slayer","10265","Buffy the Vampire Slayer","89940","10560","80","2","25","0","0","8.52","Buffy the Vampire Slayer"
"Sniper Elite: Nazi Zombie Army 2","10266","Sniper Elite: Nazi Zombie Army 2","89940","30540","50","4","175","0","0","2.94","Sniper Elite: Nazi Zombie Army 2"
"The Black Rose","10267","The Black Rose","89820","2280","1015","2","22","0","0","39.39","The Black Rose"
"Super Puzzle Fighter II Turbo","10268","Super Puzzle Fighter II Turbo","89760","14940","821","2","90","0","0","6.01","Super Puzzle Fighter II Turbo"
"Tokyo Xtreme Racer Drift 2","10269","Tokyo Xtreme Racer Drift 2","89760","11160","53","2","25","0","0","8.04","Tokyo Xtreme Racer Drift 2"
"Bumpy's Arcade Fantasy","10270","Bumpy's Arcade Fantasy","89700","2580","115","1","5","0","0","34.77","Bumpy's Arcade Fantasy"
"Flight Rising","10271","Flight Rising","89640","17220","75","2","10","0","0","5.21","Flight Rising"
"Etrian Odyssey 2 Untold: The Fafnir Knight","10272","Etrian Odyssey 2 Untold: The Fafnir Knight","89640","15120","99","2","10","0","0","5.93","Etrian Odyssey 2 Untold: The Fafnir Knight"
"One Piece: Unlimited World RED","10273","One Piece: Unlimited World RED","89520","22080","76","2","84","0","0","4.05","One Piece: Unlimited World RED"
"Virtual Rides 3","10274","Virtual Rides 3","89520","11940","564","2","60","0","0","7.5","Virtual Rides 3"
"Fantasy","10275","Fantasy","89460","11280","81","2","42","0","0","7.93","Fantasy"
"P.N.03","10276","P.N.03","89460","4380","953","1","18","0","0","20.42","P.N.03"
"Monster Rancher Hop-A-Bout","10277","Monster Rancher Hop-A-Bout","89400","2340","298","4","13","0","0","38.21","Monster Rancher Hop-A-Bout"
"Cefore","10278","Cefore","89400","2640","431","1","19","0","0","33.86","Cefore"
"Sol Bianca","10279","Sol Bianca","89340","60","1489","1","1","0","0","1489","Sol Bianca"
"Police Quest 3: The Kindred","10280","Police Quest 3: The Kindred","89340","7380","140","1","15","0","0","12.11","Police Quest 3: The Kindred"
"Euro Fishing","10281","Euro Fishing","89340","67920","484","3","243","0","0","1.32","Euro Fishing"
"WarioWare Twisted!","10282","WarioWare Twisted!","89280","1440","437","2","12","0","0","62","WarioWare Twisted!"
"Realm","10283","Realm","89280","17880","123","2","109","0","0","4.99","Realm"
"The Witcher Adventure Game","10284","The Witcher Adventure Game","89220","18780","97","2","95","0","0","4.75","The Witcher Adventure Game"
"Battle City","10285","Battle City","89220","19920","154","3","50","0","0","4.48","Battle City"
"Medusa's Labyrinth","10286","Medusa's Labyrinth","89220","9000","637","2","94","0","0","9.91","Medusa's Labyrinth"
"Goal!","10287","Goal!","89160","840","785","1","5","0","0","106.14","Goal!"
"Catastronauts","10288","Catastronauts","89160","8520","212","2","46","0","0","10.46","Catastronauts"
"SpongeBob SquarePants: Atlantis Squarepantis","10289","SpongeBob SquarePants: Atlantis Squarepantis","89160","6120","283","2","19","0","0","14.57","SpongeBob SquarePants: Atlantis Squarepantis"
"Iron League","10290","Iron League","89100","30660","50","2","94","0","0","2.91","Iron League"
"Quiz Magic Academy","10291","Quiz Magic Academy","89040","22860","73","2","25","0","0","3.9","Quiz Magic Academy"
"Deception IV: The Nightmare Princess","10292","Deception IV: The Nightmare Princess","89040","23040","117","2","67","0","0","3.86","Deception IV: The Nightmare Princess"
"Solitare","10293","Solitare","89040","44580","194","3","140","0","0","2","Solitare"
"Hugo III: Jungle of Doom","10294","Hugo III: Jungle of Doom","89040","420","359","1","2","0","0","212","Hugo III: Jungle of Doom"
"Dragon Quest Characters: Torneko no Daibouken 3 - Fushigi no Dungeon","10295","Dragon Quest Characters: Torneko no Daibouken 3 - Fushigi no Dungeon","88980","15960","45","2","18","0","0","5.58","Dragon Quest Characters: Torneko no Daibouken 3 - Fushigi no Dungeon"
"Gradius V","10296","Gradius V","88980","15120","96","1","33","0","0","5.88","Gradius V"
"Manchester United Premier League Champions","10297","Manchester United Premier League Champions","88980","1380","720","1","13","0","0","64.48","Manchester United Premier League Champions"
"GASP","10298","GASP","88980","2700","220","2","13","0","0","32.96","GASP"
"PixelJunk Monsters 2","10299","PixelJunk Monsters 2","88920","12660","96","2","80","0","0","7.02","PixelJunk Monsters 2"
"Patriotic Pinball","10300","Patriotic Pinball","88920","60","1523","1","1","0","0","1482","Patriotic Pinball"