"","","Game","Watch time","Stream time","Peak viewers","Peak channels","Streamers","Average viewers","Average channels","Average viewer ratio",""
"From Next Door","4501","From Next Door","975240","2940","5946","1","19","1","0","331.71","From Next Door"
"Goemon's Great Adventure","4502","Goemon's Great Adventure","975180","27600","460","2","71","1","0","35.33","Goemon's Great Adventure"
"Shinobi Master Senran Kagura: New Link","4503","Shinobi Master Senran Kagura: New Link","974340","28560","6159","5","61","1","0","34.12","Shinobi Master Senran Kagura: New Link"
"Way of the Samurai 2","4504","Way of the Samurai 2","973320","5940","1243","1","17","1","0","163.86","Way of the Samurai 2"
"Shin Megami Tensei: Devil Summoner - Raidou Kuzunoha vs. the Soulless Army","4505","Shin Megami Tensei: Devil Summoner - Raidou Kuzunoha vs. the Soulless Army","973200","39420","355","2","63","1","0","24.69","Shin Megami Tensei: Devil Summoner - Raidou Kuzunoha vs. the Soulless Army"
"Bubble Fighter","4506","Bubble Fighter","973080","60840","3650","4","292","1","0","15.99","Bubble Fighter"
"King's Bounty: Warriors of the North","4507","King's Bounty: Warriors of the North","971820","62640","276","3","41","1","0","15.51","King's Bounty: Warriors of the North"
"Epitasis","4508","Epitasis","971640","10140","10491","5","54","1","0","95.82","Epitasis"
"WRC","4509","WRC","971580","2940","5700","1","20","1","0","330.47","WRC"
"Defiance 2050","4510","Defiance 2050","970200","563460","891","10","1722","1","1","1.72","Defiance 2050"
"Asghan: The Dragon Slayer","4511","Asghan: The Dragon Slayer","969060","6120","15742","5","11","1","0","158.34","Asghan: The Dragon Slayer"
"Dungeons of Dredmor","4512","Dungeons of Dredmor","968880","61500","2568","3","183","1","0","15.75","Dungeons of Dredmor"
"Haunted House","4513","Haunted House","968880","82440","4156","2","17","1","0","11.75","Haunted House"
"Gears of Eden","4514","Gears of Eden","968640","7740","6815","2","25","1","0","125.15","Gears of Eden"
"Kabounce","4515","Kabounce","968220","76260","7011","20","558","1","0","12.7","Kabounce"
"The Goatman","4516","The Goatman","967620","8520","5028","2","59","1","0","113.57","The Goatman"
"Wheel of Fortune","4517","Wheel of Fortune","967260","58500","1679","3","418","1","0","16.53","Wheel of Fortune"
"OMON Simulator","4518","OMON Simulator","966780","4560","5651","3","52","1","0","212.01","OMON Simulator"
"Black Survival: Eternal Return","4519","Black Survival: Eternal Return","966480","63120","960","20","219","1","0","15.31","Black Survival: Eternal Return"
"Tenhou","4520","Tenhou","965760","172260","247","5","203","1","0","5.61","Tenhou"
"SolSeraph","4521","SolSeraph","965460","18000","1803","9","101","1","0","53.64","SolSeraph"
"Dragon Fang Z: The Rose & Dungeon of Time","4522","Dragon Fang Z: The Rose & Dungeon of Time","964200","81720","2341","6","60","1","0","11.8","Dragon Fang Z: The Rose & Dungeon of Time"
"Out of This World","4523","Out of This World","964140","35340","5445","3","117","1","0","27.28","Out of This World"
"Tom Clancy's Splinter Cell: Conviction","4524","Tom Clancy's Splinter Cell: Conviction","964140","216660","858","4","805","1","0","4.45","Tom Clancy's Splinter Cell: Conviction"
"The Bridge","4525","The Bridge","963600","50580","4682","3","303","1","0","19.05","The Bridge"
"Kahoots","4526","Kahoots","962820","128340","1478","10","769","1","0","7.5","Kahoots"
"Micro Mages","4527","Micro Mages","962700","31680","5060","14","158","1","0","30.39","Micro Mages"
"Giants: Citizen Kabuto","4528","Giants: Citizen Kabuto","962580","10200","4029","2","32","1","0","94.37","Giants: Citizen Kabuto"
"Tales of Maj'Eyal","4529","Tales of Maj'Eyal","962520","226320","246","6","212","1","0","4.25","Tales of Maj'Eyal"
"Soul at Stake","4530","Soul at Stake","961080","52380","2791","5","103","1","0","18.35","Soul at Stake"
"Guild Wars 2: Path of Fire","4531","Guild Wars 2: Path of Fire","959880","371520","454","13","969","1","0","2.58","Guild Wars 2: Path of Fire"
"Mario Bros.","4532","Mario Bros.","959280","43260","1898","3","271","1","0","22.17","Mario Bros."
"The Lord of the Rings: The Third Age","4533","The Lord of the Rings: The Third Age","958800","91920","740","3","172","1","0","10.43","The Lord of the Rings: The Third Age"
"Resident Evil: Operation Raccoon City","4534","Resident Evil: Operation Raccoon City","958680","130140","1004","5","469","1","0","7.37","Resident Evil: Operation Raccoon City"
"Pokémon Puzzle League","4535","Pokémon Puzzle League","958380","122460","1183","5","265","1","0","7.83","Pokémon Puzzle League"
"Lone Echo","4536","Lone Echo","958380","70740","1923","3","326","1","0","13.55","Lone Echo"
"Stronghold Crusader II","4537","Stronghold Crusader II","957540","167700","866","5","689","1","0","5.71","Stronghold Crusader II"
"BFF or Die","4538","BFF or Die","957300","3720","2521","1","17","1","0","257.34","BFF or Die"
"Coffee Pot Terrarium","4539","Coffee Pot Terrarium","957060","780","2391","1","3","1","0","1227","Coffee Pot Terrarium"
"Pirate101","4540","Pirate101","956340","194760","816","6","276","1","0","4.91","Pirate101"
"Kopanito All-Stars Soccer","4541","Kopanito All-Stars Soccer","955860","19680","8564","4","140","1","0","48.57","Kopanito All-Stars Soccer"
"The Colonists","4542","The Colonists","955620","48180","6533","5","147","1","0","19.83","The Colonists"
"WWE SmackDown! Here Comes the Pain","4543","WWE SmackDown! Here Comes the Pain","955380","45900","1001","3","160","1","0","20.81","WWE SmackDown! Here Comes the Pain"
"Billiards","4544","Billiards","954900","573240","1451","4","106","1","1","1.67","Billiards"
"LEGO Island","4545","LEGO Island","954480","9240","4199","2","54","1","0","103.3","LEGO Island"
"The First Tree","4546","The First Tree","954000","137520","438","7","947","1","0","6.94","The First Tree"
"Shinobi Refle: Senran Kagura","4547","Shinobi Refle: Senran Kagura","953820","8700","7659","3","55","1","0","109.63","Shinobi Refle: Senran Kagura"
"The Oregon Trail","4548","The Oregon Trail","953460","34440","1451","2","204","1","0","27.68","The Oregon Trail"
"Gravity Rush","4549","Gravity Rush","953400","198780","2099","5","1009","1","0","4.8","Gravity Rush"
"Saint Hazel's Horsepital","4550","Saint Hazel's Horsepital","951180","5100","2750","2","27","1","0","186.51","Saint Hazel's Horsepital"
"Lost Horizon","4551","Lost Horizon","950340","8460","5249","2","15","1","0","112.33","Lost Horizon"
"Trauma Center: Second Opinion","4552","Trauma Center: Second Opinion","948720","31800","1804","3","71","1","0","29.83","Trauma Center: Second Opinion"
"Tiny Toon Adventures: Buster Busts Loose!","4553","Tiny Toon Adventures: Buster Busts Loose!","948480","12060","14900","3","73","1","0","78.65","Tiny Toon Adventures: Buster Busts Loose!"
"Super Cane Magic Zero","4554","Super Cane Magic Zero","948000","31860","2291","4","117","1","0","29.76","Super Cane Magic Zero"
"Not Without My Poop","4555","Not Without My Poop","948000","4020","2502","2","30","1","0","235.82","Not Without My Poop"
"Madden NFL 2005","4556","Madden NFL 2005","947520","7020","2876","3","13","1","0","134.97","Madden NFL 2005"
"Dr. Mario World","4557","Dr. Mario World","946860","31200","1511","11","191","1","0","30.35","Dr. Mario World"
"Invisible, Inc.","4558","Invisible, Inc.","945960","111600","14162","3","260","1","0","8.48","Invisible, Inc."
"Forgetful Dictator","4559","Forgetful Dictator","945840","6540","5095","1","23","1","0","144.62","Forgetful Dictator"
"Driveclub","4560","Driveclub","945240","263100","677","5","1253","1","0","3.59","Driveclub"
"Neighbours From Hell","4561","Neighbours From Hell","944220","51840","809","3","339","1","0","18.21","Neighbours From Hell"
"Utawarerumono: Itsuwari no Kamen","4562","Utawarerumono: Itsuwari no Kamen","943380","74760","254","5","51","1","0","12.62","Utawarerumono: Itsuwari no Kamen"
"Tomba!","4563","Tomba!","942660","86340","975","4","219","1","0","10.92","Tomba!"
"Total Extreme Wrestling 2016","4564","Total Extreme Wrestling 2016","942660","92940","132","4","103","1","0","10.14","Total Extreme Wrestling 2016"
"Border Break","4565","Border Break","941760","386160","258","10","402","1","0","2.44","Border Break"
"DDTANK","4566","DDTANK","941580","83820","4778","3","212","1","0","11.23","DDTANK"
"Nekopara Vol.1","4567","Nekopara Vol.1","941340","143280","855","4","398","1","0","6.57","Nekopara Vol.1"
"Devil May Cry 3: Dante's Awakening","4568","Devil May Cry 3: Dante's Awakening","941280","111660","1080","3","348","1","0","8.43","Devil May Cry 3: Dante's Awakening"
"Ape Escape 3","4569","Ape Escape 3","941220","87000","2502","3","163","1","0","10.82","Ape Escape 3"
"Moss","4570","Moss","941100","139200","1980","4","788","1","0","6.76","Moss"
"NFL Blitz 20-02","4571","NFL Blitz 20-02","940980","2820","7996","2","13","1","0","333.68","NFL Blitz 20-02"
"Pool Nation FX","4572","Pool Nation FX","940260","43500","1959","3","234","1","0","21.62","Pool Nation FX"
"Memorrha","4573","Memorrha","939840","12960","4060","4","58","1","0","72.52","Memorrha"
"Shenzhen I/O","4574","Shenzhen I/O","939660","40920","1430","4","170","1","0","22.96","Shenzhen I/O"
"Zero Caliber VR","4575","Zero Caliber VR","939600","162360","1581","5","1054","1","0","5.79","Zero Caliber VR"
"Monopoly Family Fun Pack","4576","Monopoly Family Fun Pack","939540","261000","784","12","1462","1","0","3.6","Monopoly Family Fun Pack"
"LEGO Racers","4577","LEGO Racers","939420","20160","3509","5","116","1","0","46.6","LEGO Racers"
"Red Faction","4578","Red Faction","939360","115080","2007","4","354","1","0","8.16","Red Faction"
"Dragon Warrior Monsters 2","4579","Dragon Warrior Monsters 2","939240","37680","4247","3","34","1","0","24.93","Dragon Warrior Monsters 2"
"Potato Thriller","4580","Potato Thriller","939000","16440","1930","2","105","1","0","57.12","Potato Thriller"
"Snooker Live Pro","4581","Snooker Live Pro","938520","22320","699","1","3","1","0","42.05","Snooker Live Pro"
"Dungeon Of Dragon Knight","4582","Dungeon Of Dragon Knight","937860","31920","2234","5","80","1","0","29.38","Dungeon Of Dragon Knight"
"Onmyoji Arena","4583","Onmyoji Arena","937200","284700","171","5","442","1","0","3.29","Onmyoji Arena"
"Digimon Adventure","4584","Digimon Adventure","936720","46320","1855","3","67","1","0","20.22","Digimon Adventure"
"The Warriors","4585","The Warriors","936420","207480","541","5","818","1","0","4.51","The Warriors"
"Empires of the Undergrowth","4586","Empires of the Undergrowth","935940","79620","1604","4","251","1","0","11.76","Empires of the Undergrowth"
"Battlestar Galactica Deadlock","4587","Battlestar Galactica Deadlock","935820","104940","257","4","209","1","0","8.92","Battlestar Galactica Deadlock"
"Angry Birds 2","4588","Angry Birds 2","935580","24600","4750","3","152","1","0","38.03","Angry Birds 2"
"Slot Machine","4589","Slot Machine","935460","74160","2974","4","224","1","0","12.61","Slot Machine"
"Door Kickers","4590","Door Kickers","935160","64620","2453","3","409","1","0","14.47","Door Kickers"
"Asterix & Obelix XXL 3","4591","Asterix & Obelix XXL 3","934620","32040","4619","12","151","1","0","29.17","Asterix & Obelix XXL 3"
"Bingo","4592","Bingo","934320","66120","3917","4","88","1","0","14.13","Bingo"
"Senran Kagura: Shinovi Versus","4593","Senran Kagura: Shinovi Versus","933900","20400","4070","2","66","1","0","45.78","Senran Kagura: Shinovi Versus"
"Tennis World Tour","4594","Tennis World Tour","933900","119100","9439","4","502","1","0","7.84","Tennis World Tour"
"NCAA Basketball 09 March Madness Edition","4595","NCAA Basketball 09 March Madness Edition","933000","4500","1234","3","17","1","0","207.33","NCAA Basketball 09 March Madness Edition"
"Jailbreak","4596","Jailbreak","932040","11460","4106","2","30","1","0","81.33","Jailbreak"
"Rise of Kingdoms","4597","Rise of Kingdoms","931200","291420","378","11","459","1","0","3.2","Rise of Kingdoms"
"SimCity 4","4598","SimCity 4","930480","178260","855","5","450","1","0","5.22","SimCity 4"
"Barkley, Shut Up and Jam: Gaiden","4599","Barkley, Shut Up and Jam: Gaiden","929880","21240","4978","3","71","1","0","43.78","Barkley, Shut Up and Jam: Gaiden"
"Hold Your Own","4600","Hold Your Own","929160","50160","156","3","78","1","0","18.52","Hold Your Own"