"","","Game","Watch time","Stream time","Peak viewers","Peak channels","Streamers","Average viewers","Average channels","Average viewer ratio",""
"Flowpaper","5101","Flowpaper","719520","480","9466","1","3","1","0","1499","Flowpaper"
"Ice Hockey","5102","Ice Hockey","719160","19560","3011","3","92","1","0","36.77","Ice Hockey"
"Neo Turf Masters","5103","Neo Turf Masters","718860","83700","832","7","200","1","0","8.59","Neo Turf Masters"
"Adventure Time: Pirates of the Enchiridion","5104","Adventure Time: Pirates of the Enchiridion","717900","284160","284","24","1701","1","0","2.53","Adventure Time: Pirates of the Enchiridion"
"Disgaea: Afternoon of Darkness","5105","Disgaea: Afternoon of Darkness","717720","103380","296","3","203","1","0","6.94","Disgaea: Afternoon of Darkness"
"The Last Door","5106","The Last Door","717180","36000","3821","2","125","1","0","19.92","The Last Door"
"Cars","5107","Cars","716820","58560","2014","5","202","1","0","12.24","Cars"
"Modern War","5108","Modern War","716580","194760","314","25","1077","1","0","3.68","Modern War"
"Rampage Knights","5109","Rampage Knights","716400","80640","1843","3","321","1","0","8.88","Rampage Knights"
"Alone in the Dark: The New Nightmare","5110","Alone in the Dark: The New Nightmare","716400","66840","509","3","154","1","0","10.72","Alone in the Dark: The New Nightmare"
"Hamsters","5111","Hamsters","715860","195180","88","3","11","1","0","3.67","Hamsters"
"TimeSplitters","5112","TimeSplitters","715800","16920","2423","1","49","1","0","42.3","TimeSplitters"
"Camp W","5113","Camp W","715620","1860","1872","1","6","1","0","384.74","Camp W"
"Downwell","5114","Downwell","715320","129240","588","4","933","1","0","5.53","Downwell"
"Insaniquarium Deluxe","5115","Insaniquarium Deluxe","715020","64680","1108","3","308","1","0","11.05","Insaniquarium Deluxe"
"The Final Fantasy Legend","5116","The Final Fantasy Legend","714900","18420","1438","2","35","1","0","38.81","The Final Fantasy Legend"
"Sengoku Rance","5117","Sengoku Rance","714660","26100","503","2","27","1","0","27.38","Sengoku Rance"
"Bill & Ted's Excellent Video Game Adventure","5118","Bill & Ted's Excellent Video Game Adventure","714480","2580","2298","2","9","1","0","276.93","Bill & Ted's Excellent Video Game Adventure"
"Lawn Mower","5119","Lawn Mower","714360","75360","551","14","139","1","0","9.48","Lawn Mower"
"Tech Support: Error Unknown","5120","Tech Support: Error Unknown","714180","47940","1894","10","251","1","0","14.9","Tech Support: Error Unknown"
"Gun Club VR","5121","Gun Club VR","713760","118860","95","4","736","1","0","6.01","Gun Club VR"
"Pajama Sam: No Need to Hide When It's Dark Outside","5122","Pajama Sam: No Need to Hide When It's Dark Outside","713460","49920","2193","3","330","1","0","14.29","Pajama Sam: No Need to Hide When It's Dark Outside"
"Tametsi","5123","Tametsi","713160","10800","322","1","19","1","0","66.03","Tametsi"
"Dragon Ball XenoVerse","5124","Dragon Ball XenoVerse","712860","416760","582","9","2093","1","0","1.71","Dragon Ball XenoVerse"
"Joggernauts","5125","Joggernauts","712860","6000","4188","2","34","1","0","118.81","Joggernauts"
"Crystal Crisis","5126","Crystal Crisis","712740","30480","2220","8","121","1","0","23.38","Crystal Crisis"
"Gex 3: Deep Cover Gecko","5127","Gex 3: Deep Cover Gecko","712500","67980","512","2","59","1","0","10.48","Gex 3: Deep Cover Gecko"
"Cubeworld","5128","Cubeworld","712080","100800","2262","22","526","1","0","7.06","Cubeworld"
"The Crooked Man","5129","The Crooked Man","712020","76620","240","3","248","1","0","9.29","The Crooked Man"
"Slap Shot","5130","Slap Shot","711840","30780","6027","6","239","1","0","23.13","Slap Shot"
"Scribble+","5131","Scribble+","711660","85380","1272","4","786","1","0","8.34","Scribble+"
"Sonic and the Black Knight","5132","Sonic and the Black Knight","711540","27840","2187","2","89","1","0","25.56","Sonic and the Black Knight"
"Dynasty Warriors","5133","Dynasty Warriors","711300","2280","11719","1","10","1","0","311.97","Dynasty Warriors"
"Nantucket","5134","Nantucket","710940","15900","963","5","47","1","0","44.71","Nantucket"
"Adventure Maker","5135","Adventure Maker","710580","1620","6518","1","4","1","0","438.63","Adventure Maker"
"Unlimited SaGa","5136","Unlimited SaGa","710400","89760","545","5","40","1","0","7.91","Unlimited SaGa"
"StarTropics","5137","StarTropics","710220","78180","1217","5","205","1","0","9.08","StarTropics"
"Trickster VR","5138","Trickster VR","709500","26220","2078","5","115","1","0","27.06","Trickster VR"
"Captain Commando","5139","Captain Commando","709080","8760","6614","3","67","1","0","80.95","Captain Commando"
"SteamWorld Dig","5140","SteamWorld Dig","708360","83460","5526","4","388","1","0","8.49","SteamWorld Dig"
"Ace Attorney Investigations: Miles Edgeworth","5141","Ace Attorney Investigations: Miles Edgeworth","708300","109260","232","3","85","1","0","6.48","Ace Attorney Investigations: Miles Edgeworth"
"Phase Shift","5142","Phase Shift","708240","82260","899","4","214","1","0","8.61","Phase Shift"
"Super Baseball Simulator 1.000","5143","Super Baseball Simulator 1.000","708240","1560","35873","1","9","1","0","454","Super Baseball Simulator 1.000"
"Two Worlds II","5144","Two Worlds II","708180","80100","338","3","152","1","0","8.84","Two Worlds II"
"Resident Evil: Gaiden","5145","Resident Evil: Gaiden","708060","19440","1051","2","64","1","0","36.42","Resident Evil: Gaiden"
"Mothergunship","5146","Mothergunship","707880","139800","1246","6","732","1","0","5.06","Mothergunship"
"Torchlight","5147","Torchlight","707700","255720","127","23","1148","1","0","2.77","Torchlight"
"Castlevania: Harmony of Dissonance","5148","Castlevania: Harmony of Dissonance","707520","73140","1360","3","163","1","0","9.67","Castlevania: Harmony of Dissonance"
"Knives Out","5149","Knives Out","707160","310920","309","8","905","1","0","2.27","Knives Out"
"Stranger of Sword City","5150","Stranger of Sword City","706800","48480","737","2","44","1","0","14.58","Stranger of Sword City"
"Tekken: Dark Resurrection","5151","Tekken: Dark Resurrection","706140","9780","4234","3","58","1","0","72.2","Tekken: Dark Resurrection"
"Sport Sport","5152","Sport Sport","705720","26940","5063","3","62","1","0","26.2","Sport Sport"
"Vs.","5153","Vs.","705300","5400","11728","2","44","1","0","130.61","Vs."
"Sojourn","5154","Sojourn","705120","34800","379","7","111","1","0","20.26","Sojourn"
"Bejeweled 3","5155","Bejeweled 3","703560","70620","709","4","316","1","0","9.96","Bejeweled 3"
"Country Friends","5156","Country Friends","703080","168180","17","2","12","1","0","4.18","Country Friends"
"Pac-Man World 3","5157","Pac-Man World 3","701760","5520","3372","5","23","1","0","127.13","Pac-Man World 3"
"Warhammer: End Times – Vermintide","5158","Warhammer: End Times – Vermintide","701520","167400","338","5","680","1","0","4.19","Warhammer: End Times – Vermintide"
"Let's Sing 2016","5159","Let's Sing 2016","701340","1920","11143","1","17","1","0","365.28","Let's Sing 2016"
"Umihara Kawase","5160","Umihara Kawase","700740","32820","184","2","71","1","0","21.35","Umihara Kawase"
"Heir of Light","5161","Heir of Light","699960","105060","143","5","96","1","0","6.66","Heir of Light"
"Coloring Pixels","5162","Coloring Pixels","699780","125760","155","4","534","1","0","5.56","Coloring Pixels"
"Heliborne","5163","Heliborne","699780","59280","23042","4","169","1","0","11.8","Heliborne"
"LEGO Worlds","5164","LEGO Worlds","699660","114120","2290","4","1174","1","0","6.13","LEGO Worlds"
"Together VR","5165","Together VR","699420","3360","6217","1","27","1","0","208.16","Together VR"
"Environmental Station Alpha","5166","Environmental Station Alpha","699360","63360","1945","3","106","1","0","11.04","Environmental Station Alpha"
"Metal Slug XX","5167","Metal Slug XX","698640","51180","2399","2","353","1","0","13.65","Metal Slug XX"
"Alice Gear Aegis","5168","Alice Gear Aegis","698460","109380","1870","4","50","1","0","6.39","Alice Gear Aegis"
"Wii Party","5169","Wii Party","697980","25620","3206","2","73","1","0","27.24","Wii Party"
"Gitaroo Man","5170","Gitaroo Man","697740","22740","4897","2","122","1","0","30.68","Gitaroo Man"
"Shining Resonance","5171","Shining Resonance","697620","198960","303","5","381","1","0","3.51","Shining Resonance"
"Bowling Over It","5172","Bowling Over It","697620","2340","2622","2","20","1","0","298.13","Bowling Over It"
"STRAFE","5173","STRAFE","697320","87240","806","6","461","1","0","7.99","STRAFE"
"Board Game Classics","5174","Board Game Classics","697200","6360","5026","3","12","1","0","109.62","Board Game Classics"
"A Normal Lost Phone","5175","A Normal Lost Phone","697200","21840","2913","3","128","1","0","31.92","A Normal Lost Phone"
"Samurai Shodown!","5176","Samurai Shodown!","696300","4200","4514","2","29","1","0","165.79","Samurai Shodown!"
"Yahtzee","5177","Yahtzee","695460","5580","3939","2","31","1","0","124.63","Yahtzee"
"Wurm Unlimited","5178","Wurm Unlimited","695220","107340","985","5","169","1","0","6.48","Wurm Unlimited"
"Lost Saga","5179","Lost Saga","694740","71640","2142","5","237","1","0","9.7","Lost Saga"
"Xenonauts","5180","Xenonauts","694200","166260","1244","3","191","1","0","4.18","Xenonauts"
"Perfect Stride","5181","Perfect Stride","693660","480","15103","4","6","1","0","1445.13","Perfect Stride"
"Cytus II","5182","Cytus II","693240","100020","1739","5","456","1","0","6.93","Cytus II"
"Re:Birthday Song ~Koi wo Utau Shinigami~","5183","Re:Birthday Song ~Koi wo Utau Shinigami~","693120","3300","19215","1","3","1","0","210.04","Re:Birthday Song ~Koi wo Utau Shinigami~"
"Volleyball","5184","Volleyball","691680","39780","617","2","67","1","0","17.39","Volleyball"
"Hack n' Slash","5185","Hack n' Slash","690240","10320","11078","2","31","1","0","66.88","Hack n' Slash"
"Sam & Max Episode 205: What's New, Beelzebub?","5186","Sam & Max Episode 205: What's New, Beelzebub?","689700","2220","3494","1","10","1","0","310.68","Sam & Max Episode 205: What's New, Beelzebub?"
"Savage: The Shard of Gosen","5187","Savage: The Shard of Gosen","689700","27360","378","5","51","1","0","25.21","Savage: The Shard of Gosen"
"Overlord II","5188","Overlord II","689640","124200","722","4","340","1","0","5.55","Overlord II"
"Chicory: A Colorful Tale","5189","Chicory: A Colorful Tale","689460","10140","2018","3","97","1","0","67.99","Chicory: A Colorful Tale"
"Airline Tycoon Deluxe","5190","Airline Tycoon Deluxe","689160","3120","862","1","14","1","0","220.88","Airline Tycoon Deluxe"
"Riptide GP: Renegade","5191","Riptide GP: Renegade","688980","16140","40770","4","95","1","0","42.69","Riptide GP: Renegade"
"Vampire: The Masquerade - Bloodlines 2","5192","Vampire: The Masquerade - Bloodlines 2","688740","3840","2932","2","11","1","0","179.36","Vampire: The Masquerade - Bloodlines 2"
"Legend of the Five Rings","5193","Legend of the Five Rings","687960","76860","126","4","64","1","0","8.95","Legend of the Five Rings"
"Camelot Unchained","5194","Camelot Unchained","687300","17580","226","1","4","1","0","39.1","Camelot Unchained"
"Shin Megami Tensei","5195","Shin Megami Tensei","687120","67080","350","3","91","1","0","10.24","Shin Megami Tensei"
"CarX Drift Racing Online","5196","CarX Drift Racing Online","687060","252480","462","5","1024","1","0","2.72","CarX Drift Racing Online"
"Densha De D: Burning Stage","5197","Densha De D: Burning Stage","686760","3660","5162","2","10","1","0","187.64","Densha De D: Burning Stage"
"Broken Sword II: The Smoking Mirror","5198","Broken Sword II: The Smoking Mirror","686580","35220","1800","3","79","1","0","19.49","Broken Sword II: The Smoking Mirror"
"Donkey Kong: Jungle Beat","5199","Donkey Kong: Jungle Beat","685740","11580","2175","7","63","1","0","59.22","Donkey Kong: Jungle Beat"
"Pocket Mirror","5200","Pocket Mirror","685680","63060","287","3","154","1","0","10.87","Pocket Mirror"