"","","Game","Watch time","Stream time","Peak viewers","Peak channels","Streamers","Average viewers","Average channels","Average viewer ratio",""
"Blood Bowl: Chaos Edition","14401","Blood Bowl: Chaos Edition","27360","9540","70","2","41","0","0","2.87","Blood Bowl: Chaos Edition"
"Nancy Drew 75th Anniversary Edition","14402","Nancy Drew 75th Anniversary Edition","27360","660","86","1","1","0","0","41.45","Nancy Drew 75th Anniversary Edition"
"Don't Look Down","14403","Don't Look Down","27300","1020","132","1","6","0","0","26.76","Don't Look Down"
"Árida: Backland`s Awakening","14404","Árida: Backland`s Awakening","27300","5220","146","2","33","0","0","5.23","Árida: Backland`s Awakening"
"Fame Academy: Dance Edition","14405","Fame Academy: Dance Edition","27300","120","283","1","2","0","0","227.5","Fame Academy: Dance Edition"
"She Is An ""Anal"" Slave","14406","She Is An ""Anal"" Slave","27300","3240","88","1","6","0","0","8.43","She Is An ""Anal"" Slave"
"Hell's Kitchen","14407","Hell's Kitchen","27300","3120","167","1","13","0","0","8.75","Hell's Kitchen"
"Silent Hill: The Arcade","14408","Silent Hill: The Arcade","27300","2040","109","1","8","0","0","13.38","Silent Hill: The Arcade"
"Robopon: Sun Version","14409","Robopon: Sun Version","27300","4260","18","1","5","0","0","6.41","Robopon: Sun Version"
"Spongebob SquarePants: Diner Dash","14410","Spongebob SquarePants: Diner Dash","27300","1380","354","1","7","0","0","19.78","Spongebob SquarePants: Diner Dash"
"NHL 97","14411","NHL 97","27300","1560","101","1","8","0","0","17.5","NHL 97"
"Gift","14412","Gift","27300","3000","63","1","10","0","0","9.1","Gift"
"Odyssey","14413","Odyssey","27300","14400","33","1","57","0","0","1.9","Odyssey"
"PaintballNET","14414","PaintballNET","27240","1020","115","1","5","0","0","26.71","PaintballNET"
"WarTorn","14415","WarTorn","27240","240","172","1","2","0","0","113.5","WarTorn"
"Aritana and the Harpy's Feather","14416","Aritana and the Harpy's Feather","27240","360","840","1","5","0","0","75.67","Aritana and the Harpy's Feather"
"Rage of the Dragons","14417","Rage of the Dragons","27240","1380","242","1","8","0","0","19.74","Rage of the Dragons"
"Spider-Man: Friend or Foe","14418","Spider-Man: Friend or Foe","27240","6780","20","1","25","0","0","4.02","Spider-Man: Friend or Foe"
"NBA Live 98","14419","NBA Live 98","27240","13260","18","2","5","0","0","2.05","NBA Live 98"
"Team Buddies","14420","Team Buddies","27240","6900","51","2","29","0","0","3.95","Team Buddies"
"Brawl","14421","Brawl","27240","11160","34","2","92","0","0","2.44","Brawl"
"Halo Infinite","14422","Halo Infinite","27240","4560","238","14","28","0","0","5.97","Halo Infinite"
"Four Seals","14423","Four Seals","27180","600","208","2","5","0","0","45.3","Four Seals"
"Arcade Classics Anniversary Collection","14424","Arcade Classics Anniversary Collection","27180","13980","50","3","61","0","0","1.94","Arcade Classics Anniversary Collection"
"RDF 1985","14425","RDF 1985","27180","60","876","2","1","0","0","453","RDF 1985"
"Gunman Taco Truck","14426","Gunman Taco Truck","27180","1560","198","1","11","0","0","17.42","Gunman Taco Truck"
"Madden NFL 07","14427","Madden NFL 07","27180","3420","183","1","15","0","0","7.95","Madden NFL 07"
"King of Colosseum II","14428","King of Colosseum II","27180","3660","214","1","6","0","0","7.43","King of Colosseum II"
"Star X","14429","Star X","27180","120","260","1","1","0","0","226.5","Star X"
"Tip of the Spear: Task Force Elite","14430","Tip of the Spear: Task Force Elite","27120","5520","201","3","44","0","0","4.91","Tip of the Spear: Task Force Elite"
"Mario Kart Wii U (Working Title)","14431","Mario Kart Wii U (Working Title)","27120","4500","74","1","8","0","0","6.03","Mario Kart Wii U (Working Title)"
"Descent II","14432","Descent II","27120","17160","29","2","37","0","0","1.58","Descent II"
"King's Quest II: Romancing the Throne","14433","King's Quest II: Romancing the Throne","27120","4200","25","2","17","0","0","6.46","King's Quest II: Romancing the Throne"
"Deep Space","14434","Deep Space","27120","3960","252","2","14","0","0","6.85","Deep Space"
"Pursuit Force","14435","Pursuit Force","27120","1260","64","1","3","0","0","21.52","Pursuit Force"
"Dead Dungeon","14436","Dead Dungeon","27120","3420","58","1","18","0","0","7.93","Dead Dungeon"
"Jack N' Jill DX","14437","Jack N' Jill DX","27120","4380","135","1","39","0","0","6.19","Jack N' Jill DX"
"Kitten Madness","14438","Kitten Madness","27120","18360","38","1","3","0","0","1.48","Kitten Madness"
"//Todo: today","14439","//Todo: today","27060","25020","10","3","40","0","0","1.08","//Todo: today"
"Tom Clancy's Ghost Recon: Island Thunder","14440","Tom Clancy's Ghost Recon: Island Thunder","27060","2220","69","2","9","0","0","12.19","Tom Clancy's Ghost Recon: Island Thunder"
"FIFA Soccer Manager","14441","FIFA Soccer Manager","27060","300","373","1","3","0","0","90.2","FIFA Soccer Manager"
"Survivalist","14442","Survivalist","27060","9540","44","2","59","0","0","2.84","Survivalist"
"World of Tanks Generals","14443","World of Tanks Generals","27060","3360","443","1","9","0","0","8.05","World of Tanks Generals"
"Norpon","14444","Norpon","27000","3300","49","2","19","0","0","8.18","Norpon"
"Snuggle Truck","14445","Snuggle Truck","27000","660","128","1","7","0","0","40.91","Snuggle Truck"
"Monday Night Combat","14446","Monday Night Combat","27000","18360","63","4","41","0","0","1.47","Monday Night Combat"
"Crookz: The Big Heist","14447","Crookz: The Big Heist","27000","7320","25","1","15","0","0","3.69","Crookz: The Big Heist"
"King's Bounty","14448","King's Bounty","27000","11520","19","2","23","0","0","2.34","King's Bounty"
"Bumpy","14449","Bumpy","27000","420","439","1","3","0","0","64.29","Bumpy"
"Bookstore Dream","14450","Bookstore Dream","27000","600","79","1","2","0","0","45","Bookstore Dream"
"MXGP2 - The Official Motocross Videogame","14451","MXGP2 - The Official Motocross Videogame","27000","25200","41","2","149","0","0","1.07","MXGP2 - The Official Motocross Videogame"
"Rayman: Raving Rabbids","14452","Rayman: Raving Rabbids","27000","5460","84","2","30","0","0","4.95","Rayman: Raving Rabbids"
"Ponx","14453","Ponx","26940","600","132","1","2","0","0","44.9","Ponx"
"The Gold of the Aztecs","14454","The Gold of the Aztecs","26940","240","295","3","3","0","0","112.25","The Gold of the Aztecs"
"Cookie Run","14455","Cookie Run","26940","4800","107","2","24","0","0","5.61","Cookie Run"
"Brass Tactics","14456","Brass Tactics","26940","19740","9","2","78","0","0","1.36","Brass Tactics"
"Crystal Hammer","14457","Crystal Hammer","26940","180","215","1","1","0","0","149.67","Crystal Hammer"
"Superbowl Sunday","14458","Superbowl Sunday","26940","840","233","4","10","0","0","32.07","Superbowl Sunday"
"China Warrior","14459","China Warrior","26940","1620","84","1","9","0","0","16.63","China Warrior"
"Enola","14460","Enola","26940","2100","104","1","10","0","0","12.83","Enola"
"Croixleur Sigma","14461","Croixleur Sigma","26940","9240","105","2","48","0","0","2.92","Croixleur Sigma"
"Touhou 13 Ten Desires","14462","Touhou 13 Ten Desires","26940","15420","16","2","104","0","0","1.75","Touhou 13 Ten Desires"
"Gokujou Parodius","14463","Gokujou Parodius","26940","1620","98","1","13","0","0","16.63","Gokujou Parodius"
"Nibû","14464","Nibû","26880","240","158","1","1","0","0","112","Nibû"
"Dai 3-Ji Super Robot Taisen Z Tengoku-hen","14465","Dai 3-Ji Super Robot Taisen Z Tengoku-hen","26880","9600","26","1","10","0","0","2.8","Dai 3-Ji Super Robot Taisen Z Tengoku-hen"
"Warlock II: The Exiled","14466","Warlock II: The Exiled","26880","13320","19","2","13","0","0","2.02","Warlock II: The Exiled"
"Boom Boom Rocket","14467","Boom Boom Rocket","26880","5460","102","2","34","0","0","4.92","Boom Boom Rocket"
"Ufouria: The Saga","14468","Ufouria: The Saga","26880","4200","25","1","16","0","0","6.4","Ufouria: The Saga"
"Black Closet","14469","Black Closet","26880","3840","112","2","11","0","0","7","Black Closet"
"Syndicate Plus","14470","Syndicate Plus","26880","3540","21","1","9","0","0","7.59","Syndicate Plus"
"Space Food Truck","14471","Space Food Truck","26880","9300","63","2","29","0","0","2.89","Space Food Truck"
"Super Sportmatchen","14472","Super Sportmatchen","26820","3000","162","1","17","0","0","8.94","Super Sportmatchen"
"DASH: Danger Action Speed Heroes","14473","DASH: Danger Action Speed Heroes","26820","9360","38","2","32","0","0","2.87","DASH: Danger Action Speed Heroes"
"Gradius III and IV","14474","Gradius III and IV","26820","3660","125","1","8","0","0","7.33","Gradius III and IV"
"Resident Evil: The Mercenaries 3D","14475","Resident Evil: The Mercenaries 3D","26820","4140","21","1","10","0","0","6.48","Resident Evil: The Mercenaries 3D"
"Krautscape","14476","Krautscape","26820","660","200","1","4","0","0","40.64","Krautscape"
"Lightening Force: Quest for the Darkstar","14477","Lightening Force: Quest for the Darkstar","26820","6300","38","2","29","0","0","4.26","Lightening Force: Quest for the Darkstar"
"Pac-Man World Rally","14478","Pac-Man World Rally","26820","5880","62","2","26","0","0","4.56","Pac-Man World Rally"
"Adventure Island II","14479","Adventure Island II","26760","6420","232","1","35","0","0","4.17","Adventure Island II"
"Gravity Ghost","14480","Gravity Ghost","26760","5340","103","2","29","0","0","5.01","Gravity Ghost"
"Neptunia","14481","Neptunia","26760","11100","82","2","40","0","0","2.41","Neptunia"
"Zoop","14482","Zoop","26760","4440","222","1","12","0","0","6.03","Zoop"
"Panic!","14483","Panic!","26760","4920","59","2","10","0","0","5.44","Panic!"
"Flywrench","14484","Flywrench","26760","6540","78","1","29","0","0","4.09","Flywrench"
"Dig-N-Rig","14485","Dig-N-Rig","26760","1080","427","1","10","0","0","24.78","Dig-N-Rig"
"Garfield Lasagna World Tour","14486","Garfield Lasagna World Tour","26760","6660","42","1","19","0","0","4.02","Garfield Lasagna World Tour"
"Tonic Trouble","14487","Tonic Trouble","26760","13140","15","2","28","0","0","2.04","Tonic Trouble"
"Rhythm Horizon","14488","Rhythm Horizon","26760","4020","23","1","7","0","0","6.66","Rhythm Horizon"
"Dragon Spear","14489","Dragon Spear","26760","4800","62","1","26","0","0","5.58","Dragon Spear"
"Septentrion: Out of the Blue","14490","Septentrion: Out of the Blue","26760","1080","65","1","4","0","0","24.78","Septentrion: Out of the Blue"
"Final Fantasy XV: A New Empire","14491","Final Fantasy XV: A New Empire","26760","8760","99","1","33","0","0","3.05","Final Fantasy XV: A New Empire"
"Force 21","14492","Force 21","26760","60","446","1","0","0","0","446","Force 21"
"The Snowboard Game","14493","The Snowboard Game","26700","15720","20","2","27","0","0","1.7","The Snowboard Game"
"Luxor","14494","Luxor","26700","2520","220","1","16","0","0","10.6","Luxor"
"Mind Portal","14495","Mind Portal","26640","120","325","1","1","0","0","222","Mind Portal"
"Grand Brix Shooter","14496","Grand Brix Shooter","26640","2040","216","1","11","0","0","13.06","Grand Brix Shooter"
"Hoard","14497","Hoard","26640","720","239","1","12","0","0","37","Hoard"
"Alien Breed: Impact","14498","Alien Breed: Impact","26640","14100","85","2","51","0","0","1.89","Alien Breed: Impact"
"Doraemon 2: Nobita no Toys Land Daibouken","14499","Doraemon 2: Nobita no Toys Land Daibouken","26640","5220","21","1","4","0","0","5.1","Doraemon 2: Nobita no Toys Land Daibouken"
"Second Sight","14500","Second Sight","26640","11160","14","2","32","0","0","2.39","Second Sight"