"","","Game","Watch time","Stream time","Peak viewers","Peak channels","Streamers","Average viewers","Average channels","Average viewer ratio",""
"Las Vegas Casino","1401","Las Vegas Casino","9905100","52080","5960","4","98","18","0","190.19","Las Vegas Casino"
"The Hobbit","1402","The Hobbit","9900840","62760","108338","12","149","18","0","157.76","The Hobbit"
"Gibbous - A Cthulhu Adventure","1403","Gibbous - A Cthulhu Adventure","9891240","204480","19911","21","512","18","0","48.37","Gibbous - A Cthulhu Adventure"
"Love, Sam","1404","Love, Sam","9880860","71100","22265","6","416","18","0","138.97","Love, Sam"
"Haunting Ground","1405","Haunting Ground","9875040","163260","6922","5","308","18","0","60.49","Haunting Ground"
"Breath of Fire IV","1406","Breath of Fire IV","9858120","124140","16769","6","130","18","0","79.41","Breath of Fire IV"
"Metal Wolf Chaos XD","1407","Metal Wolf Chaos XD","9802560","205380","16135","47","891","18","0","47.73","Metal Wolf Chaos XD"
"Shin Megami Tensei: Nocturne","1408","Shin Megami Tensei: Nocturne","9800760","462600","1513","7","469","18","0","21.19","Shin Megami Tensei: Nocturne"
"Echo Combat","1409","Echo Combat","9785760","95640","13454","7","192","18","0","102.32","Echo Combat"
"Angvik","1410","Angvik","9783600","314460","3306","8","1506","18","0","31.11","Angvik"
"Postal 4: No Regerts","1411","Postal 4: No Regerts","9778920","76980","24100","26","665","18","0","127.03","Postal 4: No Regerts"
"Game of Thrones: A Telltale Game Series","1412","Game of Thrones: A Telltale Game Series","9776160","283320","9139","13","802","18","0","34.51","Game of Thrones: A Telltale Game Series"
"Salt and Sanctuary","1413","Salt and Sanctuary","9774720","727200","10911","11","2143","18","1","13.44","Salt and Sanctuary"
"Farmer's Dynasty","1414","Farmer's Dynasty","9773760","266460","86318","14","461","18","0","36.68","Farmer's Dynasty"
"Crash Team Racing","1415","Crash Team Racing","9772620","656820","16920","27","2502","18","1","14.88","Crash Team Racing"
"Dikembe Mutombo's 4 1/2 Weeks to Save the World","1416","Dikembe Mutombo's 4 1/2 Weeks to Save the World","9772380","88620","813","3","22","18","0","110.27","Dikembe Mutombo's 4 1/2 Weeks to Save the World"
"Medal of Honor: Airborne","1417","Medal of Honor: Airborne","9756360","63060","106839","11","353","18","0","154.72","Medal of Honor: Airborne"
"Harry Potter and the Philosopher's Stone","1418","Harry Potter and the Philosopher's Stone","9732420","436140","6928","9","1156","18","0","22.31","Harry Potter and the Philosopher's Stone"
"Condemned: Criminal Origins","1419","Condemned: Criminal Origins","9731460","222420","6360","8","813","18","0","43.75","Condemned: Criminal Origins"
"Founders' Fortune","1420","Founders' Fortune","9722040","97740","19059","8","292","18","0","99.47","Founders' Fortune"
"Quiz Show","1421","Quiz Show","9720720","47040","9722","3","114","18","0","206.65","Quiz Show"
"theFisher Online","1422","theFisher Online","9704760","630300","20371","34","425","18","1","15.4","theFisher Online"
"Slapshot","1423","Slapshot","9703020","214680","36613","13","1267","18","0","45.2","Slapshot"
"The Exorcist: Legion VR","1424","The Exorcist: Legion VR","9692040","74040","23154","5","426","18","0","130.9","The Exorcist: Legion VR"
"Chasm: The Rift","1425","Chasm: The Rift","9685680","9900","103123","10","28","18","0","978.35","Chasm: The Rift"
"Metal Slug 3","1426","Metal Slug 3","9675240","221340","81721","8","1731","18","0","43.71","Metal Slug 3"
"Dreamcast Collection","1427","Dreamcast Collection","9658440","16260","10799","4","66","18","0","594","Dreamcast Collection"
"Border Officer","1428","Border Officer","9637440","46020","13377","4","278","18","0","209.42","Border Officer"
"Dragon: Marked for Death","1429","Dragon: Marked for Death","9616800","293340","10717","34","556","18","0","32.78","Dragon: Marked for Death"
"Shrek 2","1430","Shrek 2","9602700","147060","56989","5","693","18","0","65.3","Shrek 2"
"Crazy Arcade","1431","Crazy Arcade","9580140","191820","7651","11","1049","18","0","49.94","Crazy Arcade"
"Mario Party 7","1432","Mario Party 7","9578580","188820","10623","9","895","18","0","50.73","Mario Party 7"
"Overcooked!","1433","Overcooked!","9568200","769740","8977","43","10769","18","1","12.43","Overcooked!"
"Pokkén Tournament","1434","Pokkén Tournament","9564180","501300","8282","8","743","18","0","19.08","Pokkén Tournament"
"Kingdoms and Castles","1435","Kingdoms and Castles","9547140","425220","13780","16","1897","18","0","22.45","Kingdoms and Castles"
"AMID EVIL","1436","AMID EVIL","9541980","232560","22259","14","940","18","0","41.03","AMID EVIL"
"Neo Cab","1437","Neo Cab","9536340","60660","20537","10","317","18","0","157.21","Neo Cab"
"Sayonara Wild Hearts","1438","Sayonara Wild Hearts","9532200","113280","22045","15","912","18","0","84.15","Sayonara Wild Hearts"
"SD Gundam G Generation Cross Rays","1439","SD Gundam G Generation Cross Rays","9524460","744360","1681","79","604","18","1","12.8","SD Gundam G Generation Cross Rays"
"MudRunner","1440","MudRunner","9513900","1727640","5186","23","6399","18","3","5.51","MudRunner"
"Unheard","1441","Unheard","9512400","141780","12065","7","634","18","0","67.09","Unheard"
"GRID","1442","GRID","9507840","562020","9476","68","1906","18","1","16.92","GRID"
"God's Basement","1443","God's Basement","9505200","135480","4409","4","622","18","0","70.16","God's Basement"
"Thief","1444","Thief","9501300","641940","5714","9","2493","18","1","14.8","Thief"
"Sonic 3D Blast","1445","Sonic 3D Blast","9484740","75180","88763","11","191","18","0","126.16","Sonic 3D Blast"
"Slender: The Arrival","1446","Slender: The Arrival","9443760","444000","14025","24","4805","17","0","21.27","Slender: The Arrival"
"Rogue Legacy","1447","Rogue Legacy","9441120","478080","8509","7","2253","17","0","19.75","Rogue Legacy"
"Castlevania II: Simon's Quest","1448","Castlevania II: Simon's Quest","9412740","123480","162596","17","258","17","0","76.23","Castlevania II: Simon's Quest"
"Citadel: Forged with Fire","1449","Citadel: Forged with Fire","9408360","776160","11665","34","1588","17","1","12.12","Citadel: Forged with Fire"
"CrossCode","1450","CrossCode","9378480","1186440","5797","19","2010","17","2","7.9","CrossCode"
"Dungeons & Dragons Online","1451","Dungeons & Dragons Online","9377340","1628880","557","16","1261","17","3","5.76","Dungeons & Dragons Online"
"Halo 2","1452","Halo 2","9368640","683580","14676","12","1942","17","1","13.71","Halo 2"
"Super Smash Bros. Brawl","1453","Super Smash Bros. Brawl","9340860","492420","8269","8","1773","17","0","18.97","Super Smash Bros. Brawl"
"Outland","1454","Outland","9313560","44280","112983","11","171","17","0","210.33","Outland"
"Tick Tock: A Tale for Two","1455","Tick Tock: A Tale for Two","9298440","171540","25520","13","1087","17","0","54.21","Tick Tock: A Tale for Two"
"Survival Frenzy","1456","Survival Frenzy","9293760","30780","15415","11","107","17","0","301.94","Survival Frenzy"
"Final Fantasy III","1457","Final Fantasy III","9281220","594300","2969","8","955","17","1","15.62","Final Fantasy III"
"Divinity: Original Sin","1458","Divinity: Original Sin","9276360","1537020","1535","17","3001","17","2","6.04","Divinity: Original Sin"
"Sherlock Holmes: Crimes and Punishments","1459","Sherlock Holmes: Crimes and Punishments","9270600","227100","3677","5","572","17","0","40.82","Sherlock Holmes: Crimes and Punishments"
"Mirror's Edge","1460","Mirror's Edge","9268380","486240","16685","7","2705","17","0","19.06","Mirror's Edge"
"Sid Meier's Civilization VI: Rise & Fall","1461","Sid Meier's Civilization VI: Rise & Fall","9245100","445380","6715","15","908","17","0","20.76","Sid Meier's Civilization VI: Rise & Fall"
"Metroid","1462","Metroid","9242820","306480","92730","7","481","17","0","30.16","Metroid"
"Dream Daddy: A Dad Dating Simulator","1463","Dream Daddy: A Dad Dating Simulator","9234000","633900","4198","74","2512","17","1","14.57","Dream Daddy: A Dad Dating Simulator"
"Hand Simulator: Survival","1464","Hand Simulator: Survival","9229980","84840","24795","17","908","17","0","108.79","Hand Simulator: Survival"
"Shrek Extra Large","1465","Shrek Extra Large","9190320","18600","116715","11","31","17","0","494.1","Shrek Extra Large"
"World of Warships: Legends","1466","World of Warships: Legends","9182400","2978700","708","63","6371","17","5","3.08","World of Warships: Legends"
"Mindustry","1467","Mindustry","9180180","295980","7545","11","793","17","0","31.02","Mindustry"
"Uncharted: Drake's Fortune","1468","Uncharted: Drake's Fortune","9160800","292440","110046","12","846","17","0","31.33","Uncharted: Drake's Fortune"
"Steel Circus","1469","Steel Circus","9147720","450900","21625","60","2617","17","0","20.29","Steel Circus"
"Bright Memory","1470","Bright Memory","9124320","110040","37055","10","1197","17","0","82.92","Bright Memory"
"Kirby Air Ride","1471","Kirby Air Ride","9116340","131700","90322","8","524","17","0","69.22","Kirby Air Ride"
"Princess Maker: Go! Go! Princess","1472","Princess Maker: Go! Go! Princess","9101280","4800","15453","3","28","17","0","1896.1","Princess Maker: Go! Go! Princess"
"Streets of Rage","1473","Streets of Rage","9095340","102360","141601","8","467","17","0","88.86","Streets of Rage"
"Hotline Miami","1474","Hotline Miami","9088980","680340","20598","11","5349","17","1","13.36","Hotline Miami"
"SteamWorld Quest: Hand of Gilgamech","1475","SteamWorld Quest: Hand of Gilgamech","9085200","329880","4725","21","764","17","0","27.54","SteamWorld Quest: Hand of Gilgamech"
"Golfing Over It with Alva Majo","1476","Golfing Over It with Alva Majo","9058500","172680","7332","5","1166","17","0","52.46","Golfing Over It with Alva Majo"
"Baldur's Gate","1477","Baldur's Gate","9051000","842820","7454","18","1413","17","1","10.74","Baldur's Gate"
"Legal Dungeon","1478","Legal Dungeon","9047940","50340","14754","15","146","17","0","179.74","Legal Dungeon"
"Rebel Inc: Escalation","1479","Rebel Inc: Escalation","9046620","39840","20898","8","227","17","0","227.07","Rebel Inc: Escalation"
"Duck Game","1480","Duck Game","9039120","546360","30934","20","4016","17","1","16.54","Duck Game"
"Journey","1481","Journey","9034680","703800","9430","42","3128","17","1","12.84","Journey"
"Shenmue","1482","Shenmue","9030240","749460","1074","12","1964","17","1","12.05","Shenmue"
"Call of Duty: World at War","1483","Call of Duty: World at War","9027960","1234980","16143","13","7049","17","2","7.31","Call of Duty: World at War"
"LifeAfter","1484","LifeAfter","8973120","1021560","13209","36","1333","17","1","8.78","LifeAfter"
"Resident Evil Zero HD","1485","Resident Evil Zero HD","8971500","549480","2592","17","1412","17","1","16.33","Resident Evil Zero HD"
"Found Horror Game 11.exe","1486","Found Horror Game 11.exe","8954100","5580","20007","3","33","17","0","1604.68","Found Horror Game 11.exe"
"Party Panic","1487","Party Panic","8950080","129840","13240","12","965","17","0","68.93","Party Panic"
"Volcanoids","1488","Volcanoids","8926380","153180","22357","18","607","16","0","58.27","Volcanoids"
"The Hong Kong Massacre","1489","The Hong Kong Massacre","8925480","157020","30969","42","947","16","0","56.84","The Hong Kong Massacre"
"Kingdom Rush Frontiers","1490","Kingdom Rush Frontiers","8883300","49740","5159","3","155","16","0","178.59","Kingdom Rush Frontiers"
"Need for Speed: The Run","1491","Need for Speed: The Run","8870700","300000","21419","9","721","16","0","29.57","Need for Speed: The Run"
"Superhot VR","1492","Superhot VR","8856300","440940","19010","11","5082","16","0","20.09","Superhot VR"
"Dead Rising 2: Off the Record","1493","Dead Rising 2: Off the Record","8851320","194940","8981","5","710","16","0","45.41","Dead Rising 2: Off the Record"
"Lucius","1494","Lucius","8846160","219120","27587","5","927","16","0","40.37","Lucius"
"Animal Crossing: City Folk","1495","Animal Crossing: City Folk","8832480","213540","16209","5","450","16","0","41.36","Animal Crossing: City Folk"
"Romancing SaGa 2","1496","Romancing SaGa 2","8830680","121080","11645","4","108","16","0","72.93","Romancing SaGa 2"
"Assassin's Creed: Brotherhood","1497","Assassin's Creed: Brotherhood","8821980","851760","2040","10","1771","16","1","10.36","Assassin's Creed: Brotherhood"
"When the Darkness comes","1498","When the Darkness comes","8802780","204120","28503","18","2046","16","0","43.13","When the Darkness comes"
"Unreal Tournament","1499","Unreal Tournament","8796960","728700","28313","16","2358","16","1","12.07","Unreal Tournament"
"Spookys Jump Scare Mansion HD Renovation","1500","Spookys Jump Scare Mansion HD Renovation","8790780","281400","10566","21","2041","16","0","31.24","Spookys Jump Scare Mansion HD Renovation"