"","","Game","Watch time","Stream time","Peak viewers","Peak channels","Streamers","Average viewers","Average channels","Average viewer ratio",""
"Blobby Volley","9401","Blobby Volley","121200","3600","381","2","42","0","0","33.67","Blobby Volley"
"Prisoner of Ice","9402","Prisoner of Ice","121140","14760","384","2","17","0","0","8.21","Prisoner of Ice"
"Avernum: Escape from the Pit","9403","Avernum: Escape from the Pit","121140","20460","403","2","28","0","0","5.92","Avernum: Escape from the Pit"
"The Legend of Spyro: A New Beginning","9404","The Legend of Spyro: A New Beginning","121080","26400","93","2","78","0","0","4.59","The Legend of Spyro: A New Beginning"
"Street Fighter 25th Anniversary Collector's Set","9405","Street Fighter 25th Anniversary Collector's Set","121080","3360","297","1","25","0","0","36.04","Street Fighter 25th Anniversary Collector's Set"
"Prince of Persia 3D","9406","Prince of Persia 3D","121080","16080","88","3","33","0","0","7.53","Prince of Persia 3D"
"Citizens of Space","9407","Citizens of Space","121080","14460","227","4","31","0","0","8.37","Citizens of Space"
"Twisted Metal 4","9408","Twisted Metal 4","120960","8880","816","2","44","0","0","13.62","Twisted Metal 4"
"Greetings","9409","Greetings","120840","4560","282","2","55","0","0","26.5","Greetings"
"Silent Hunter 4: Wolves of the Pacific","9410","Silent Hunter 4: Wolves of the Pacific","120780","48420","27","2","64","0","0","2.49","Silent Hunter 4: Wolves of the Pacific"
"Cytus a","9411","Cytus a","120660","10320","256","2","41","0","0","11.69","Cytus a"
"Curious Cases","9412","Curious Cases","120660","10440","476","3","62","0","0","11.56","Curious Cases"
"Crackdown 2","9413","Crackdown 2","120600","34140","93","4","137","0","0","3.53","Crackdown 2"
"SINoALICE","9414","SINoALICE","120600","22260","55","3","59","0","0","5.42","SINoALICE"
"Ord.","9415","Ord.","120600","2460","640","1","17","0","0","49.02","Ord."
"Sacred Underworld","9416","Sacred Underworld","120540","50700","35","3","104","0","0","2.38","Sacred Underworld"
"Chicken Run","9417","Chicken Run","120480","7380","174","1","23","0","0","16.33","Chicken Run"
"Super Robot Wars OG: Original Generations","9418","Super Robot Wars OG: Original Generations","120300","22200","58","2","25","0","0","5.42","Super Robot Wars OG: Original Generations"
"Supercross","9419","Supercross","120240","8880","278","2","36","0","0","13.54","Supercross"
"Veil of Crows","9420","Veil of Crows","120180","1020","2095","1","5","0","0","117.82","Veil of Crows"
"Second Life","9421","Second Life","120120","44880","358","4","110","0","0","2.68","Second Life"
"Hack the Box","9422","Hack the Box","120120","22800","80","2","46","0","0","5.27","Hack the Box"
"Eek! the Cat","9423","Eek! the Cat","120120","49200","287","2","9","0","0","2.44","Eek! the Cat"
"O2Jam","9424","O2Jam","119880","40380","79","2","154","0","0","2.97","O2Jam"
"Warhammer 40,000: Dawn of War - Winter Assault","9425","Warhammer 40,000: Dawn of War - Winter Assault","119820","29100","107","2","82","0","0","4.12","Warhammer 40,000: Dawn of War - Winter Assault"
"Rugrats: Royal Ransom","9426","Rugrats: Royal Ransom","119820","3180","470","2","15","0","0","37.68","Rugrats: Royal Ransom"
"World Soccer Winning Eleven 9","9427","World Soccer Winning Eleven 9","119820","10380","40","2","6","0","0","11.54","World Soccer Winning Eleven 9"
"Drop Alive","9428","Drop Alive","119760","9960","255","2","88","0","0","12.02","Drop Alive"
"Gauntlet 4","9429","Gauntlet 4","119760","1080","757","2","6","0","0","110.89","Gauntlet 4"
"Star Wars: Bounty Hunter","9430","Star Wars: Bounty Hunter","119700","34260","62","3","360","0","0","3.49","Star Wars: Bounty Hunter"
"Sonic Boom: Rise of Lyric","9431","Sonic Boom: Rise of Lyric","119700","16200","143","2","51","0","0","7.39","Sonic Boom: Rise of Lyric"
"World of Warcraft: Shadowlands","9432","World of Warcraft: Shadowlands","119700","32340","478","4","117","0","0","3.7","World of Warcraft: Shadowlands"
"Cube Escape: Arles","9433","Cube Escape: Arles","119640","4500","783","1","45","0","0","26.59","Cube Escape: Arles"
"A Place for the Unwilling","9434","A Place for the Unwilling","119640","7380","168","2","29","0","0","16.21","A Place for the Unwilling"
"Chessaria: The Tactical Adventure","9435","Chessaria: The Tactical Adventure","119580","3300","233","2","22","0","0","36.24","Chessaria: The Tactical Adventure"
"The Age of Decadence","9436","The Age of Decadence","119580","25260","161","3","69","0","0","4.73","The Age of Decadence"
"Pandora's Tower","9437","Pandora's Tower","119520","35340","41","3","52","0","0","3.38","Pandora's Tower"
"Sound Voltex IV: Heavenly Haven","9438","Sound Voltex IV: Heavenly Haven","119520","154320","116","5","50","0","0","0.77","Sound Voltex IV: Heavenly Haven"
"Cinderella Phenomenon","9439","Cinderella Phenomenon","119460","42660","23","3","98","0","0","2.8","Cinderella Phenomenon"
"Avatar: The Last Airbender","9440","Avatar: The Last Airbender","119460","14400","1059","2","48","0","0","8.3","Avatar: The Last Airbender"
"Nancy Drew: Message in a Haunted Mansion","9441","Nancy Drew: Message in a Haunted Mansion","119460","17520","192","2","64","0","0","6.82","Nancy Drew: Message in a Haunted Mansion"
"Classic Game","9442","Classic Game","119460","40740","45","3","179","0","0","2.93","Classic Game"
"Silence: The Whispered World 2","9443","Silence: The Whispered World 2","119400","19560","171","2","109","0","0","6.1","Silence: The Whispered World 2"
"Real Lives","9444","Real Lives","119340","464520","393","4","142","0","0","0.26","Real Lives"
"Breaking Point","9445","Breaking Point","119340","31380","146","4","67","0","0","3.8","Breaking Point"
"Love Letter","9446","Love Letter","119340","5460","390","2","42","0","0","21.86","Love Letter"
"Hidden: Source","9447","Hidden: Source","119280","4860","367","3","34","0","0","24.54","Hidden: Source"
"White Knight Chronicles: International Edition","9448","White Knight Chronicles: International Edition","119280","21180","39","2","24","0","0","5.63","White Knight Chronicles: International Edition"
"Alien Hominid","9449","Alien Hominid","119160","14940","506","3","110","0","0","7.98","Alien Hominid"
"Yu-Gi-Oh! Worldwide Edition: Stairway to the Destined Duel","9450","Yu-Gi-Oh! Worldwide Edition: Stairway to the Destined Duel","119100","17280","143","3","37","0","0","6.89","Yu-Gi-Oh! Worldwide Edition: Stairway to the Destined Duel"
"Root Rexx","9451","Root Rexx","119100","24540","11","1","1","0","0","4.85","Root Rexx"
"Warriors All-Stars","9452","Warriors All-Stars","119040","36420","446","3","125","0","0","3.27","Warriors All-Stars"
"Phantom Breaker: Battle Grounds","9453","Phantom Breaker: Battle Grounds","119040","24000","120","3","148","0","0","4.96","Phantom Breaker: Battle Grounds"
"NFL Blitz 20-03","9454","NFL Blitz 20-03","118980","2160","933","1","15","0","0","55.08","NFL Blitz 20-03"
"Hyper Duel","9455","Hyper Duel","118980","2100","781","1","6","0","0","56.66","Hyper Duel"
"Collective","9456","Collective","118920","26280","22","3","26","0","0","4.53","Collective"
"OkunoKA","9457","OkunoKA","118920","2100","310","1","7","0","0","56.63","OkunoKA"
"Hunting Simulator","9458","Hunting Simulator","118860","51060","137","3","229","0","0","2.33","Hunting Simulator"
"Tempest 4000","9459","Tempest 4000","118800","3480","1402","2","23","0","0","34.14","Tempest 4000"
"Gray Matter","9460","Gray Matter","118800","15180","228","2","23","0","0","7.83","Gray Matter"
"Fortress Forever","9461","Fortress Forever","118680","7740","621","2","22","0","0","15.33","Fortress Forever"
"Myst V: End of Ages","9462","Myst V: End of Ages","118680","12840","1296","2","28","0","0","9.24","Myst V: End of Ages"
"Project Nimbus","9463","Project Nimbus","118680","20760","144","3","120","0","0","5.72","Project Nimbus"
"The House in Fata Morgana: A Requiem for Innocence","9464","The House in Fata Morgana: A Requiem for Innocence","118680","18960","116","2","28","0","0","6.26","The House in Fata Morgana: A Requiem for Innocence"
"Dragon Ball Z: Burst Limit","9465","Dragon Ball Z: Burst Limit","118620","4200","370","1","25","0","0","28.24","Dragon Ball Z: Burst Limit"
"Blackwell Unbound","9466","Blackwell Unbound","118560","15360","173","5","49","0","0","7.72","Blackwell Unbound"
"NBA 2K15","9467","NBA 2K15","118500","87780","147","3","295","0","0","1.35","NBA 2K15"
"Rockman EXE 4.5 Real Operation","9468","Rockman EXE 4.5 Real Operation","118440","6660","990","2","24","0","0","17.78","Rockman EXE 4.5 Real Operation"
"Frost","9469","Frost","118440","5400","441","1","30","0","0","21.93","Frost"
"Halloween Forever","9470","Halloween Forever","118380","7500","201","2","45","0","0","15.78","Halloween Forever"
"The Matrix Online","9471","The Matrix Online","118320","33300","140","2","7","0","0","3.55","The Matrix Online"
"Doodle Date","9472","Doodle Date","118200","12660","126","2","81","0","0","9.34","Doodle Date"
"Something Ate My Alien","9473","Something Ate My Alien","118200","960","1950","1","6","0","0","123.13","Something Ate My Alien"
"Jikkyō Powerful Pro Yakkyu","9474","Jikkyō Powerful Pro Yakkyu","118200","5220","384","2","16","0","0","22.64","Jikkyō Powerful Pro Yakkyu"
"Mega Man III","9475","Mega Man III","118140","19440","121","2","74","0","0","6.08","Mega Man III"
"Cube 2: Sauerbraten","9476","Cube 2: Sauerbraten","118140","27300","37","3","84","0","0","4.33","Cube 2: Sauerbraten"
"Fromto","9477","Fromto","118140","1620","1086","3","18","0","0","72.93","Fromto"
"Outcast II: The Lost Paradise","9478","Outcast II: The Lost Paradise","118080","360","1012","1","3","0","0","328","Outcast II: The Lost Paradise"
"NASCAR 2005: Chase for the Cup","9479","NASCAR 2005: Chase for the Cup","118020","10200","36","1","20","0","0","11.57","NASCAR 2005: Chase for the Cup"
"Battle Garegga","9480","Battle Garegga","117960","10740","103","4","51","0","0","10.98","Battle Garegga"
"Bullet Force","9481","Bullet Force","117960","88440","227","4","414","0","0","1.33","Bullet Force"
"The Sims: Hot Date","9482","The Sims: Hot Date","117900","3780","474","2","19","0","0","31.19","The Sims: Hot Date"
"Crash: Mind Over Mutant","9483","Crash: Mind Over Mutant","117900","10080","123","1","37","0","0","11.7","Crash: Mind Over Mutant"
"Curse of the Dead Gods","9484","Curse of the Dead Gods","117840","5340","243","2","24","0","0","22.07","Curse of the Dead Gods"
"Batman: Arkham Origins Blackgate","9485","Batman: Arkham Origins Blackgate","117720","23220","164","2","57","0","0","5.07","Batman: Arkham Origins Blackgate"
"Computer Space","9486","Computer Space","117540","41220","150","2","16","0","0","2.85","Computer Space"
"Achievement Lurker: Dad Jokes","9487","Achievement Lurker: Dad Jokes","117480","120","2008","1","2","0","0","979","Achievement Lurker: Dad Jokes"
"Xuanyuan Jian Waizhuan: Cang zhi Tao","9488","Xuanyuan Jian Waizhuan: Cang zhi Tao","117360","2340","806","1","2","0","0","50.15","Xuanyuan Jian Waizhuan: Cang zhi Tao"
"JoJo's Venture","9489","JoJo's Venture","117360","25500","532","4","165","0","0","4.6","JoJo's Venture"
"Art of War: Red Tides","9490","Art of War: Red Tides","117360","41040","85","4","124","0","0","2.86","Art of War: Red Tides"
"World of Glue","9491","World of Glue","117360","7500","99","1","1","0","0","15.65","World of Glue"
"Iron Sight","9492","Iron Sight","117360","36300","392","5","218","0","0","3.23","Iron Sight"
"Colorzzle","9493","Colorzzle","117360","1380","1852","1","9","0","0","85.04","Colorzzle"
"Yo' Bro","9494","Yo' Bro","117300","5460","957","1","14","0","0","21.48","Yo' Bro"
"Onirim","9495","Onirim","117240","1320","1912","1","11","0","0","88.82","Onirim"
"Shadows Peak","9496","Shadows Peak","117240","5520","330","1","23","0","0","21.24","Shadows Peak"
"Newfound Courage","9497","Newfound Courage","117240","5340","409","2","19","0","0","21.96","Newfound Courage"
"NBA 2K6","9498","NBA 2K6","117180","3180","1761","1","6","0","0","36.85","NBA 2K6"
"One Late Night","9499","One Late Night","117120","14640","376","2","129","0","0","8","One Late Night"
"Leisure Suit Larry 1:  In the Land of the Lounge Lizards","9500","Leisure Suit Larry 1:  In the Land of the Lounge Lizards","117060","14520","211","2","66","0","0","8.06","Leisure Suit Larry 1:  In the Land of the Lounge Lizards"