"","","Game","Watch time","Stream time","Peak viewers","Peak channels","Streamers","Average viewers","Average channels","Average viewer ratio",""
"Rick and Morty: Virtual Rick-ality","4101","Rick and Morty: Virtual Rick-ality","1210680","143880","2293","4","968","2","0","8.41","Rick and Morty: Virtual Rick-ality"
"Star Ocean: Till the End of Time","4102","Star Ocean: Till the End of Time","1209840","179280","418","5","422","2","0","6.75","Star Ocean: Till the End of Time"
"Mechanic Miner","4103","Mechanic Miner","1209480","14100","10864","6","74","2","0","85.78","Mechanic Miner"
"Mario Artist: Talent Studio","4104","Mario Artist: Talent Studio","1209300","120","10287","1","1","2","0","10077.5","Mario Artist: Talent Studio"
"Knockout League","4105","Knockout League","1208940","11880","8387","1","100","2","0","101.76","Knockout League"
"Lemmings","4106","Lemmings","1208700","38040","2021","3","146","2","0","31.77","Lemmings"
"Christmas NiGHTS into Dreams...","4107","Christmas NiGHTS into Dreams...","1208640","3900","8841","3","30","2","0","309.91","Christmas NiGHTS into Dreams..."
"X-Men: Legends","4108","X-Men: Legends","1208520","38640","8553","3","57","2","0","31.28","X-Men: Legends"
"Not Tetris 2","4109","Not Tetris 2","1207740","24840","2148","2","78","2","0","48.62","Not Tetris 2"
"Breath of Fire","4110","Breath of Fire","1207140","151680","1466","6","257","2","0","7.96","Breath of Fire"
"Metroid: Other M","4111","Metroid: Other M","1206660","70020","721","3","145","2","0","17.23","Metroid: Other M"
"Paper Mario: Color Splash","4112","Paper Mario: Color Splash","1205940","100680","728","3","144","2","0","11.98","Paper Mario: Color Splash"
"The House of the Dead 2","4113","The House of the Dead 2","1205520","16800","13838","3","113","2","0","71.76","The House of the Dead 2"
"Neon Drive","4114","Neon Drive","1205160","43020","6850","3","271","2","0","28.01","Neon Drive"
"The Walking Dead: Michonne","4115","The Walking Dead: Michonne","1203540","144180","1334","4","684","2","0","8.35","The Walking Dead: Michonne"
"Star Ocean: The Second Story","4116","Star Ocean: The Second Story","1201980","127440","249","4","115","2","0","9.43","Star Ocean: The Second Story"
"Destructions","4117","Destructions","1201620","1560","5374","2","8","2","0","770.27","Destructions"
"NES Open Tournament Golf","4118","NES Open Tournament Golf","1201200","11640","15769","7","79","2","0","103.2","NES Open Tournament Golf"
"Mega Man 8: Anniversary Edition","4119","Mega Man 8: Anniversary Edition","1201140","71340","1619","4","216","2","0","16.84","Mega Man 8: Anniversary Edition"
"Chaos Wars","4120","Chaos Wars","1200960","10500","1083","1","10","2","0","114.38","Chaos Wars"
"Puella Magi Madoka Magica Side Story: Magia Record","4121","Puella Magi Madoka Magica Side Story: Magia Record","1200900","144600","276","13","225","2","0","8.3","Puella Magi Madoka Magica Side Story: Magia Record"
"Infinifactory","4122","Infinifactory","1200660","77160","896","5","240","2","0","15.56","Infinifactory"
"Final Fantasy Tactics Advance","4123","Final Fantasy Tactics Advance","1199940","187260","824","4","306","2","0","6.41","Final Fantasy Tactics Advance"
"Tomato Way","4124","Tomato Way","1199640","8040","8917","1","57","2","0","149.21","Tomato Way"
"Diluvion","4125","Diluvion","1198860","16380","2901","4","55","2","0","73.19","Diluvion"
"Akudaikan Manyuuki","4126","Akudaikan Manyuuki","1198500","480","13956","2","3","2","0","2496.88","Akudaikan Manyuuki"
"Medieval 2","4127","Medieval 2","1195020","30060","19242","2","101","2","0","39.75","Medieval 2"
"Apotheon","4128","Apotheon","1194420","42780","6663","3","190","2","0","27.92","Apotheon"
"428: In the Blocked City, Shibuya","4129","428: In the Blocked City, Shibuya","1194360","102540","1446","4","138","2","0","11.65","428: In the Blocked City, Shibuya"
"Rise of Legions","4130","Rise of Legions","1193040","187140","988","9","837","2","0","6.38","Rise of Legions"
"Beyblade Metal Fusion: Cyber Pegasus","4131","Beyblade Metal Fusion: Cyber Pegasus","1192440","840","2404","1","3","2","0","1419.57","Beyblade Metal Fusion: Cyber Pegasus"
"FIFA 14","4132","FIFA 14","1192320","90900","25192","3","331","2","0","13.12","FIFA 14"
"Confess My Love","4133","Confess My Love","1191540","16140","4162","2","93","2","0","73.83","Confess My Love"
"D2","4134","D2","1191060","28920","881","2","59","2","0","41.18","D2"
"Delicious Deluxe","4135","Delicious Deluxe","1190400","3180","1331","1","15","2","0","374.34","Delicious Deluxe"
"Call of Duty: World at War: Zombies","4136","Call of Duty: World at War: Zombies","1190340","402720","1997","9","2279","2","0","2.96","Call of Duty: World at War: Zombies"
"Rhapsody: A Musical Adventure","4137","Rhapsody: A Musical Adventure","1190160","18360","3100","2","28","2","0","64.82","Rhapsody: A Musical Adventure"
"Serious Sam HD: The First Encounter","4138","Serious Sam HD: The First Encounter","1189320","197820","2483","7","913","2","0","6.01","Serious Sam HD: The First Encounter"
"Bulletstorm: Full Clip Edition","4139","Bulletstorm: Full Clip Edition","1189260","410640","225","7","1735","2","0","2.9","Bulletstorm: Full Clip Edition"
"Idle Miner Tycoon","4140","Idle Miner Tycoon","1189260","11100","8974","3","37","2","0","107.14","Idle Miner Tycoon"
"Muv-Luv Alternative","4141","Muv-Luv Alternative","1188420","22440","1326","2","16","2","0","52.96","Muv-Luv Alternative"
"El Tango de la Muerte","4142","El Tango de la Muerte","1188180","5700","3333","2","47","2","0","208.45","El Tango de la Muerte"
"Lara Croft: Go","4143","Lara Croft: Go","1187880","38340","3537","3","199","2","0","30.98","Lara Croft: Go"
"Power Stone 2","4144","Power Stone 2","1185240","40500","7775","3","89","2","0","29.27","Power Stone 2"
"Oddworld: Abe's Oddysee New 'n' Tasty!","4145","Oddworld: Abe's Oddysee New 'n' Tasty!","1184220","257100","411","6","653","2","0","4.61","Oddworld: Abe's Oddysee New 'n' Tasty!"
"Atelier Sophie: The Alchemist of the Mysterious Book","4146","Atelier Sophie: The Alchemist of the Mysterious Book","1184040","222420","391","4","371","2","0","5.32","Atelier Sophie: The Alchemist of the Mysterious Book"
"Crash Bandicoot: The Wrath of Cortex","4147","Crash Bandicoot: The Wrath of Cortex","1183560","114180","294","8","286","2","0","10.37","Crash Bandicoot: The Wrath of Cortex"
"Broken Sword II: The Smoking Mirror - Remastered","4148","Broken Sword II: The Smoking Mirror - Remastered","1183320","27420","1713","2","67","2","0","43.16","Broken Sword II: The Smoking Mirror - Remastered"
"Dig Or Die","4149","Dig Or Die","1181760","124260","4877","5","287","2","0","9.51","Dig Or Die"
"From Dust","4150","From Dust","1181580","26580","2443","3","139","2","0","44.45","From Dust"
"Ride 3","4151","Ride 3","1180860","432000","1113","11","1361","2","0","2.73","Ride 3"
"Just Dance 2014","4152","Just Dance 2014","1180800","17160","7411","2","120","2","0","68.81","Just Dance 2014"
"MachiaVillain","4153","MachiaVillain","1177920","57960","1037","6","120","2","0","20.32","MachiaVillain"
"Tavern Tycoon","4154","Tavern Tycoon","1177920","41520","2584","5","201","2","0","28.37","Tavern Tycoon"
"YORG.io","4155","YORG.io","1176060","8340","10048","1","48","2","0","141.01","YORG.io"
"Dominions 5: Warriors of the Faith","4156","Dominions 5: Warriors of the Faith","1175880","47640","1210","3","81","2","0","24.68","Dominions 5: Warriors of the Faith"
"The Sims","4157","The Sims","1175700","78360","2122","3","277","2","0","15","The Sims"
"Below","4158","Below","1172940","142380","1953","9","630","2","0","8.24","Below"
"Remember Me","4159","Remember Me","1170480","238020","684","5","692","2","0","4.92","Remember Me"
"CHIKARA: Action Arcade Wrestling","4160","CHIKARA: Action Arcade Wrestling","1170120","15180","8232","9","79","2","0","77.08","CHIKARA: Action Arcade Wrestling"
"Trine 3: The Artifacts of Power","4161","Trine 3: The Artifacts of Power","1169100","130680","1711","5","525","2","0","8.95","Trine 3: The Artifacts of Power"
"Edge of Eternity","4162","Edge of Eternity","1168680","158880","2511","7","705","2","0","7.36","Edge of Eternity"
"Dying Reborn","4163","Dying Reborn","1168560","15360","1496","2","91","2","0","76.08","Dying Reborn"
"Dragon Age: Origins - Awakening","4164","Dragon Age: Origins - Awakening","1167780","150720","1045","3","259","2","0","7.75","Dragon Age: Origins - Awakening"
"NITE Team 4","4165","NITE Team 4","1167300","172140","959","7","354","2","0","6.78","NITE Team 4"
"Casino FunPak","4166","Casino FunPak","1166940","10140","869","2","40","2","0","115.08","Casino FunPak"
"Garfield Kart","4167","Garfield Kart","1166160","128460","1219","9","950","2","0","9.08","Garfield Kart"
"Jupiter Hell","4168","Jupiter Hell","1165800","37200","1643","6","112","2","0","31.34","Jupiter Hell"
"Commandos: Behind Enemy Lines","4169","Commandos: Behind Enemy Lines","1163280","44880","1496","3","126","2","0","25.92","Commandos: Behind Enemy Lines"
"Kingdom","4170","Kingdom","1162620","149940","805","10","713","2","0","7.75","Kingdom"
"Mega Man Battle Network","4171","Mega Man Battle Network","1162380","124380","570","4","257","2","0","9.35","Mega Man Battle Network"
"Claw","4172","Claw","1162140","40740","2757","3","61","2","0","28.53","Claw"
"Park Bound","4173","Park Bound","1162080","21300","4501","4","95","2","0","54.56","Park Bound"
"Last Cloudia","4174","Last Cloudia","1161360","76860","953","7","126","2","0","15.11","Last Cloudia"
"Naruto: Ultimate Ninja Storm","4175","Naruto: Ultimate Ninja Storm","1160160","162480","1426","5","901","2","0","7.14","Naruto: Ultimate Ninja Storm"
"BlindGiRl2","4176","BlindGiRl2","1159980","480","5821","1","3","2","0","2416.63","BlindGiRl2"
"Sid Meier's Civilization IV","4177","Sid Meier's Civilization IV","1158600","145680","1652","4","438","2","0","7.95","Sid Meier's Civilization IV"
"True Crime: New York City","4178","True Crime: New York City","1158480","19440","4367","3","64","2","0","59.59","True Crime: New York City"
"Please, Don't Touch Anything","4179","Please, Don't Touch Anything","1158120","47220","1489","3","343","2","0","24.53","Please, Don't Touch Anything"
"Professor Layton vs. Phoenix Wright: Ace Attorney","4180","Professor Layton vs. Phoenix Wright: Ace Attorney","1156860","57600","382","4","50","2","0","20.08","Professor Layton vs. Phoenix Wright: Ace Attorney"
"Kuon","4181","Kuon","1155840","42780","507","3","94","2","0","27.02","Kuon"
"Daytona USA","4182","Daytona USA","1155360","14940","9021","2","102","2","0","77.33","Daytona USA"
"QWOP","4183","QWOP","1155180","14760","15095","2","103","2","0","78.26","QWOP"
"God Eater 2: Rage Burst","4184","God Eater 2: Rage Burst","1154940","392160","1209","11","971","2","0","2.95","God Eater 2: Rage Burst"
"Oddworld: Abe's Oddysee","4185","Oddworld: Abe's Oddysee","1153740","133680","660","4","395","2","0","8.63","Oddworld: Abe's Oddysee"
"hhGregg's Quest for Coupons","4186","hhGregg's Quest for Coupons","1153080","1620","18757","7","15","2","0","711.78","hhGregg's Quest for Coupons"
"Zombotron","4187","Zombotron","1152600","29640","1935","8","154","2","0","38.89","Zombotron"
"Amnesia: Collection","4188","Amnesia: Collection","1152360","234480","258","6","3234","2","0","4.91","Amnesia: Collection"
"Dude, Stop","4189","Dude, Stop","1152240","28140","1481","5","177","2","0","40.95","Dude, Stop"
"My Child Lebensborn","4190","My Child Lebensborn","1152180","960","2378","1","2","2","0","1200.19","My Child Lebensborn"
"Jade Empire","4191","Jade Empire","1151040","167460","2571","4","323","2","0","6.87","Jade Empire"
"Medal of Honor: Allied Assault","4192","Medal of Honor: Allied Assault","1150920","289080","2645","4","318","2","0","3.98","Medal of Honor: Allied Assault"
"de Blob","4193","de Blob","1149720","46740","5569","3","201","2","0","24.6","de Blob"
"Bladed Fury","4194","Bladed Fury","1149180","61320","3980","4","281","2","0","18.74","Bladed Fury"
"Animal Crossing: Amiibo Festival","4195","Animal Crossing: Amiibo Festival","1148940","11040","5875","2","57","2","0","104.07","Animal Crossing: Amiibo Festival"
"Door Kickers: Action Squad","4196","Door Kickers: Action Squad","1148160","85920","2835","4","470","2","0","13.36","Door Kickers: Action Squad"
"Randal's Monday","4197","Randal's Monday","1147980","109500","162","4","221","2","0","10.48","Randal's Monday"
"Nekopara vol. 3","4198","Nekopara vol. 3","1147920","22080","1189","2","65","2","0","51.99","Nekopara vol. 3"
"Virginia","4199","Virginia","1145880","44640","3495","2","276","2","0","25.67","Virginia"
"Roberta Williams' Phantasmagoria","4200","Roberta Williams' Phantasmagoria","1145400","43080","745","4","98","2","0","26.59","Roberta Williams' Phantasmagoria"