"","","Game","Watch time","Stream time","Peak viewers","Peak channels","Streamers","Average viewers","Average channels","Average viewer ratio",""
"Deadfall Adventures","5501","Deadfall Adventures","592800","21360","1843","2","61","1","0","27.75","Deadfall Adventures"
"Yoshi's Island DS","5502","Yoshi's Island DS","592560","27300","3791","3","53","1","0","21.71","Yoshi's Island DS"
"Pingu : Sekai de ichiban genki na penguin","5503","Pingu : Sekai de ichiban genki na penguin","592500","6960","9464","2","18","1","0","85.13","Pingu : Sekai de ichiban genki na penguin"
"False Front","5504","False Front","592080","4200","14490","3","26","1","0","140.97","False Front"
"Le Fantabulous Game","5505","Le Fantabulous Game","592020","2040","11370","4","17","1","0","290.21","Le Fantabulous Game"
"Bridge","5506","Bridge","591600","135180","146","3","38","1","0","4.38","Bridge"
"Egress","5507","Egress","591000","8280","9308","2","47","1","0","71.38","Egress"
"Mega Man X Anniversary Collection 2","5508","Mega Man X Anniversary Collection 2","590880","60900","258","3","207","1","0","9.7","Mega Man X Anniversary Collection 2"
"Agatha Christie: The ABC Murders","5509","Agatha Christie: The ABC Murders","590820","64560","398","4","194","1","0","9.15","Agatha Christie: The ABC Murders"
"Hunted: The Demon's Forge","5510","Hunted: The Demon's Forge","590700","17520","2663","2","70","1","0","33.72","Hunted: The Demon's Forge"
"Caravan Stories EN","5511","Caravan Stories EN","590640","160560","408","8","244","1","0","3.68","Caravan Stories EN"
"Exos Heroes","5512","Exos Heroes","590640","41520","293","5","47","1","0","14.23","Exos Heroes"
"Stoneshard","5513","Stoneshard","590580","36120","257","4","139","1","0","16.35","Stoneshard"
"Nancy Drew: The Phantom of Venice","5514","Nancy Drew: The Phantom of Venice","590400","27180","516","2","71","1","0","21.72","Nancy Drew: The Phantom of Venice"
"Sentinels of the Multiverse: The Video Game","5515","Sentinels of the Multiverse: The Video Game","590400","65820","92","3","107","1","0","8.97","Sentinels of the Multiverse: The Video Game"
"Bear With Me","5516","Bear With Me","590160","67140","208","3","233","1","0","8.79","Bear With Me"
"Mega Man Zero 4","5517","Mega Man Zero 4","589560","31260","2666","3","74","1","0","18.86","Mega Man Zero 4"
"Digital Devil Monogatari: Megami Tensei II","5518","Digital Devil Monogatari: Megami Tensei II","589080","3900","280","1","3","1","0","151.05","Digital Devil Monogatari: Megami Tensei II"
"OutRun 2","5519","OutRun 2","588900","23760","9171","2","24","1","0","24.79","OutRun 2"
"Saru! Get You! SaruSaru Big Mission","5520","Saru! Get You! SaruSaru Big Mission","588360","3180","3510","2","10","1","0","185.02","Saru! Get You! SaruSaru Big Mission"
"Medieval Shopkeeper Simulator","5521","Medieval Shopkeeper Simulator","588300","7800","982","4","52","1","0","75.42","Medieval Shopkeeper Simulator"
"Rogue Warrior","5522","Rogue Warrior","588180","12960","2817","2","67","1","0","45.38","Rogue Warrior"
"Night Warriors: Darkstalkers' Revenge","5523","Night Warriors: Darkstalkers' Revenge","588120","4320","8585","1","19","1","0","136.14","Night Warriors: Darkstalkers' Revenge"
"Imperium: Galactic War","5524","Imperium: Galactic War","588060","159900","21","2","4","1","0","3.68","Imperium: Galactic War"
"Frog","5525","Frog","587880","15480","9220","2","11","1","0","37.98","Frog"
"Capcom Arcade Cabinet","5526","Capcom Arcade Cabinet","587760","18000","122","2","33","1","0","32.65","Capcom Arcade Cabinet"
"Screencheat","5527","Screencheat","587340","37740","3736","4","329","1","0","15.56","Screencheat"
"Tales of Phantasia","5528","Tales of Phantasia","587280","159180","255","4","147","1","0","3.69","Tales of Phantasia"
"TMNT","5529","TMNT","586980","57780","596","4","159","1","0","10.16","TMNT"
"Mega Man Zero","5530","Mega Man Zero","586740","55500","2530","3","190","1","0","10.57","Mega Man Zero"
"Iron Harvest","5531","Iron Harvest","586320","19980","1156","2","82","1","0","29.35","Iron Harvest"
"Halo Online","5532","Halo Online","586260","205380","232","7","811","1","0","2.85","Halo Online"
"Werewolves Within","5533","Werewolves Within","586080","35160","5904","3","149","1","0","16.67","Werewolves Within"
"MotoGP","5534","MotoGP","585480","69900","2811","13","124","1","0","8.38","MotoGP"
"Contrast","5535","Contrast","585360","63120","463","4","306","1","0","9.27","Contrast"
"Pool","5536","Pool","585000","137760","241","4","150","1","0","4.25","Pool"
"Deemo","5537","Deemo","585000","49740","696","3","254","1","0","11.76","Deemo"
"NBA Jam Tournament Edition","5538","NBA Jam Tournament Edition","584640","10800","2016","2","58","1","0","54.13","NBA Jam Tournament Edition"
"Botanicula","5539","Botanicula","584400","35760","1194","3","160","1","0","16.34","Botanicula"
"B.O.B.","5540","B.O.B.","584280","3420","3577","2","15","1","0","170.84","B.O.B."
"Metro","5541","Metro","583860","15840","5144","2","80","1","0","36.86","Metro"
"Jet Moto 3","5542","Jet Moto 3","583320","1380","9593","1","6","1","0","422.7","Jet Moto 3"
"Outcast: Second Contact","5543","Outcast: Second Contact","583020","42660","859","4","193","1","0","13.67","Outcast: Second Contact"
"Sayonara, Umihara Kawase","5544","Sayonara, Umihara Kawase","582720","3300","9547","1","17","1","0","176.58","Sayonara, Umihara Kawase"
"Super Bomberman 3","5545","Super Bomberman 3","582720","37380","897","7","95","1","0","15.59","Super Bomberman 3"
"Sam & Max Episode 3: The Mole, the Mob, and the Meatball","5546","Sam & Max Episode 3: The Mole, the Mob, and the Meatball","582180","4680","2947","1","30","1","0","124.4","Sam & Max Episode 3: The Mole, the Mob, and the Meatball"
"IOSoccer","5547","IOSoccer","582180","71040","96","3","83","1","0","8.2","IOSoccer"
"MOBA Legends","5548","MOBA Legends","581520","44520","3571","2","121","1","0","13.06","MOBA Legends"
"Serial Cleaner","5549","Serial Cleaner","581460","83700","450","6","506","1","0","6.95","Serial Cleaner"
"Painkiller Hell & Damnation","5550","Painkiller Hell & Damnation","581460","47340","1868","2","233","1","0","12.28","Painkiller Hell & Damnation"
"Mother Russia Bleeds","5551","Mother Russia Bleeds","581340","70080","4094","3","349","1","0","8.3","Mother Russia Bleeds"
"Old School","5552","Old School","581160","95400","156","3","146","1","0","6.09","Old School"
"Travian","5553","Travian","580860","24120","4092","2","41","1","0","24.08","Travian"
"Dots & Co.","5554","Dots & Co.","580740","120","9679","1","1","1","0","4839.5","Dots & Co."
"Koi","5555","Koi","580560","5640","3474","2","49","1","0","102.94","Koi"
"Nancy Drew: Last Train to Blue Moon Canyon","5556","Nancy Drew: Last Train to Blue Moon Canyon","580140","16260","1198","2","52","1","0","35.68","Nancy Drew: Last Train to Blue Moon Canyon"
"Minds Eyes","5557","Minds Eyes","579960","34800","2745","2","348","1","0","16.67","Minds Eyes"
"UFC 2009 Undisputed","5558","UFC 2009 Undisputed","579060","3660","7029","2","18","1","0","158.21","UFC 2009 Undisputed"
"Rangers of Oblivion","5559","Rangers of Oblivion","578700","56040","2826","5","180","1","0","10.33","Rangers of Oblivion"
"Mushroom Wars 2","5560","Mushroom Wars 2","578460","66840","378","3","117","1","0","8.65","Mushroom Wars 2"
"I Am Setsuna","5561","I Am Setsuna","578460","152100","292","4","358","1","0","3.8","I Am Setsuna"
"Tokyo 42","5562","Tokyo 42","578220","17280","4728","2","110","1","0","33.46","Tokyo 42"
"Doodle God","5563","Doodle God","578100","11160","580","3","81","1","0","51.8","Doodle God"
"Shaiya","5564","Shaiya","577920","112680","138","4","205","1","0","5.13","Shaiya"
"Harvest Moon: A Wonderful Life","5565","Harvest Moon: A Wonderful Life","577800","80640","288","3","202","1","0","7.17","Harvest Moon: A Wonderful Life"
"Interstellar Rift","5566","Interstellar Rift","577680","76680","665","3","102","1","0","7.53","Interstellar Rift"
"Circle Empires","5567","Circle Empires","577380","36660","1543","4","204","1","0","15.75","Circle Empires"
"FIFA Soccer 08","5568","FIFA Soccer 08","577080","2040","11566","2","18","1","0","282.88","FIFA Soccer 08"
"Bust A Groove","5569","Bust A Groove","576540","9000","9039","2","55","1","0","64.06","Bust A Groove"
"Drug Wars","5570","Drug Wars","576540","960","3729","1","8","1","0","600.56","Drug Wars"
"Players Unknown Battle Grand","5571","Players Unknown Battle Grand","576300","264960","1370","5","1476","1","0","2.18","Players Unknown Battle Grand"
"Destroy All Humans!","5572","Destroy All Humans!","576180","163080","1442","6","891","1","0","3.53","Destroy All Humans!"
"Mashed: Drive to Survive","5573","Mashed: Drive to Survive","575880","2940","5989","1","11","1","0","195.88","Mashed: Drive to Survive"
"Space Pirate Trainer","5574","Space Pirate Trainer","575700","49260","2143","3","402","1","0","11.69","Space Pirate Trainer"
"Syobon Action","5575","Syobon Action","575340","17460","2319","2","101","1","0","32.95","Syobon Action"
"Project Jump Scare","5576","Project Jump Scare","575280","6120","274","2","5","1","0","94","Project Jump Scare"
"Don't Play With Dolls","5577","Don't Play With Dolls","575220","3120","1931","2","26","1","0","184.37","Don't Play With Dolls"
"Star Ocean: Integrity and Faithlessness","5578","Star Ocean: Integrity and Faithlessness","574980","203820","167","5","433","1","0","2.82","Star Ocean: Integrity and Faithlessness"
"Dungeon Defenders: Awakened","5579","Dungeon Defenders: Awakened","574680","63660","267","15","234","1","0","9.03","Dungeon Defenders: Awakened"
"Crashday","5580","Crashday","574560","4200","4033","1","26","1","0","136.8","Crashday"
"Cube Escape: The Lake","5581","Cube Escape: The Lake","574200","7800","6983","1","67","1","0","73.62","Cube Escape: The Lake"
"The Hidden: Source","5582","The Hidden: Source","574140","41400","1330","4","73","1","0","13.87","The Hidden: Source"
"7th Sector","5583","7th Sector","573660","34020","756","4","111","1","0","16.86","7th Sector"
"Chariot","5584","Chariot","573420","31620","446","3","52","1","0","18.13","Chariot"
"Death to Spies","5585","Death to Spies","573060","6120","1331","1","20","1","0","93.64","Death to Spies"
"Asheron's Call","5586","Asheron's Call","572160","203040","138","4","72","1","0","2.82","Asheron's Call"
"Mario & Sonic at the Olympic Winter Games","5587","Mario & Sonic at the Olympic Winter Games","572040","6900","4524","2","43","1","0","82.9","Mario & Sonic at the Olympic Winter Games"
"Sorcery! 2","5588","Sorcery! 2","571860","9180","869","1","16","1","0","62.29","Sorcery! 2"
"Immure","5589","Immure","571680","7920","12469","2","52","1","0","72.18","Immure"
"Furidashi: Drift Cyber Sport","5590","Furidashi: Drift Cyber Sport","571680","68160","4042","3","211","1","0","8.39","Furidashi: Drift Cyber Sport"
"Tales of Destiny","5591","Tales of Destiny","571680","84060","208","2","64","1","0","6.8","Tales of Destiny"
"Valgrave Immortal Plains","5592","Valgrave Immortal Plains","571380","16020","7450","3","86","1","0","35.67","Valgrave Immortal Plains"
"Lock 'n' Chase","5593","Lock 'n' Chase","571200","4920","193","1","1","1","0","116.1","Lock 'n' Chase"
"Cardfight!! Vanguard EX","5594","Cardfight!! Vanguard EX","570780","48360","135","5","73","1","0","11.8","Cardfight!! Vanguard EX"
"Killer is Dead","5595","Killer is Dead","570420","121140","300","4","449","1","0","4.71","Killer is Dead"
"Decathlete","5596","Decathlete","569580","180","9509","1","2","1","0","3164.33","Decathlete"
"Oregon Trail II","5597","Oregon Trail II","567840","26400","516","3","100","1","0","21.51","Oregon Trail II"
"Trivial Pursuit Live!","5598","Trivial Pursuit Live!","567600","79140","1631","3","476","1","0","7.17","Trivial Pursuit Live!"
"Golden Axe: The Revenge of Death Adder","5599","Golden Axe: The Revenge of Death Adder","567600","10740","9029","2","14","1","0","52.85","Golden Axe: The Revenge of Death Adder"
"Hong Kong 97","5600","Hong Kong 97","566340","42420","12707","2","20","1","0","13.35","Hong Kong 97"