"","","Game","Watch time","Stream time","Peak viewers","Peak channels","Streamers","Average viewers","Average channels","Average viewer ratio",""
"7.62mm","7501","7.62mm","249240","1380","7857","1","2","0","0","180.61","7.62mm"
"DeadCore","7502","DeadCore","249240","34620","703","3","154","0","0","7.2","DeadCore"
"Red Orchestra: Rising Storm","7503","Red Orchestra: Rising Storm","249120","45840","569","2","233","0","0","5.43","Red Orchestra: Rising Storm"
"Higurashi When They Cry Hou","7504","Higurashi When They Cry Hou","249120","71580","128","3","93","0","0","3.48","Higurashi When They Cry Hou"
"The Pinball Arcade","7505","The Pinball Arcade","249060","60000","197","3","176","0","0","4.15","The Pinball Arcade"
"FIFA 06: Road To FIFA World Cup","7506","FIFA 06: Road To FIFA World Cup","249060","1440","779","1","2","0","0","172.96","FIFA 06: Road To FIFA World Cup"
"KISS: Psycho Circus - The Nightmare Child","7507","KISS: Psycho Circus - The Nightmare Child","249000","8460","155","1","11","0","0","29.43","KISS: Psycho Circus - The Nightmare Child"
"Buoyancy","7508","Buoyancy","248940","29640","532","4","116","0","0","8.4","Buoyancy"
"The Book of Unwritten Tales: The Critter Chronicles","7509","The Book of Unwritten Tales: The Critter Chronicles","248940","13020","248","2","35","0","0","19.12","The Book of Unwritten Tales: The Critter Chronicles"
"Megadimension Neptunia VIIR","7510","Megadimension Neptunia VIIR","248880","112140","82","4","183","0","0","2.22","Megadimension Neptunia VIIR"
"A Lenda do Herói","7511","A Lenda do Herói","248640","33300","110","2","111","0","0","7.47","A Lenda do Herói"
"Otokomizu～漢水～","7512","Otokomizu～漢水～","248280","3900","1039","2","25","0","0","63.66","Otokomizu～漢水～"
"Dog's Life","7513","Dog's Life","248160","25920","199","3","77","0","0","9.57","Dog's Life"
"Atelier Rorona: Alchemist of Arland","7514","Atelier Rorona: Alchemist of Arland","247920","62580","41","4","101","0","0","3.96","Atelier Rorona: Alchemist of Arland"
"Another Lost Phone: Laura's Story","7515","Another Lost Phone: Laura's Story","247800","12060","450","2","67","0","0","20.55","Another Lost Phone: Laura's Story"
"Race the Sun","7516","Race the Sun","247620","57900","787","4","438","0","0","4.28","Race the Sun"
"The Novelist","7517","The Novelist","247500","4560","1110","1","25","0","0","54.28","The Novelist"
"Bud Spencer & Terence Hill: Slaps and Beans","7518","Bud Spencer & Terence Hill: Slaps and Beans","247440","38340","147","3","236","0","0","6.45","Bud Spencer & Terence Hill: Slaps and Beans"
"Blackwater","7519","Blackwater","247380","180","4120","1","3","0","0","1374.33","Blackwater"
"Enter the Matrix","7520","Enter the Matrix","247380","35280","128","2","108","0","0","7.01","Enter the Matrix"
"Action Biker","7521","Action Biker","247320","4560","856","2","19","0","0","54.24","Action Biker"
"Mega Man Star Force","7522","Mega Man Star Force","247260","29760","107","2","43","0","0","8.31","Mega Man Star Force"
"Assault Spy","7523","Assault Spy","247020","39540","818","3","121","0","0","6.25","Assault Spy"
"Overcrowd: A Commute 'Em Up","7524","Overcrowd: A Commute 'Em Up","246960","32760","392","6","108","0","0","7.54","Overcrowd: A Commute 'Em Up"
"Travel Adventures with Hello Kitty","7525","Travel Adventures with Hello Kitty","246840","1080","2774","1","4","0","0","228.56","Travel Adventures with Hello Kitty"
"Top Gear","7526","Top Gear","246540","41880","1148","5","139","0","0","5.89","Top Gear"
"Sports Party","7527","Sports Party","246480","12360","1805","2","35","0","0","19.94","Sports Party"
"Command & Conquer Red Alert 3: Uprising","7528","Command & Conquer Red Alert 3: Uprising","246480","65640","261","4","240","0","0","3.76","Command & Conquer Red Alert 3: Uprising"
"1999","7529","1999","246480","60","4108","1","3","0","0","4108","1999"
"QuackShot starring Donald Duck","7530","QuackShot starring Donald Duck","246420","9240","1576","2","41","0","0","26.67","QuackShot starring Donald Duck"
"Silver","7531","Silver","246360","26880","178","2","66","0","0","9.17","Silver"
"Pro Evolution Soccer 6","7532","Pro Evolution Soccer 6","246180","57660","831","3","133","0","0","4.27","Pro Evolution Soccer 6"
"Liverpool","7533","Liverpool","246120","3360","1088","2","33","0","0","73.25","Liverpool"
"SAW II: Flesh & Blood","7534","SAW II: Flesh & Blood","246120","12900","798","2","28","0","0","19.08","SAW II: Flesh & Blood"
"MixMaster","7535","MixMaster","245940","10200","1445","2","35","0","0","24.11","MixMaster"
"FIFA World Cup: Germany 2006","7536","FIFA World Cup: Germany 2006","245880","3060","388","1","10","0","0","80.35","FIFA World Cup: Germany 2006"
"Chocobo's Dungeon 2","7537","Chocobo's Dungeon 2","245700","19080","125","1","34","0","0","12.88","Chocobo's Dungeon 2"
"Deiland","7538","Deiland","245700","49560","243","3","144","0","0","4.96","Deiland"
"Hero-U: Rogue to Redemption","7539","Hero-U: Rogue to Redemption","245520","14700","2367","2","35","0","0","16.7","Hero-U: Rogue to Redemption"
"Angry Video Game Nerd II: ASSimilation","7540","Angry Video Game Nerd II: ASSimilation","245400","8280","519","2","44","0","0","29.64","Angry Video Game Nerd II: ASSimilation"
"Brigador","7541","Brigador","244860","31080","341","2","113","0","0","7.88","Brigador"
"Super Cyborg","7542","Super Cyborg","244800","13680","638","2","42","0","0","17.89","Super Cyborg"
"LiveGame.Show - Mini Games Live with Friends And Streamer","7543","LiveGame.Show - Mini Games Live with Friends And Streamer","244740","3660","511","2","20","0","0","66.87","LiveGame.Show - Mini Games Live with Friends And Streamer"
"Ogre Battle: The March of the Black Queen","7544","Ogre Battle: The March of the Black Queen","244740","34320","74","3","50","0","0","7.13","Ogre Battle: The March of the Black Queen"
"Castle Woodwarf 2","7545","Castle Woodwarf 2","244680","4860","894","2","33","0","0","50.35","Castle Woodwarf 2"
"Doodle WHAT?!","7546","Doodle WHAT?!","244140","6480","2635","1","29","0","0","37.68","Doodle WHAT?!"
"Bloody Roar Extreme","7547","Bloody Roar Extreme","244140","18780","678","2","19","0","0","13","Bloody Roar Extreme"
"Fly Simulator","7548","Fly Simulator","244080","9720","1798","2","96","0","0","25.11","Fly Simulator"
"DK Online","7549","DK Online","244020","78540","149","9","151","0","0","3.11","DK Online"
"Pandemic: The Board Game","7550","Pandemic: The Board Game","244020","28860","355","3","108","0","0","8.46","Pandemic: The Board Game"
"Matter","7551","Matter","244020","2940","1514","1","18","0","0","83","Matter"
"Everybody's Golf VR","7552","Everybody's Golf VR","243900","54300","244","8","334","0","0","4.49","Everybody's Golf VR"
"Eiyuu Densetsu: Sen no Kiseki III","7553","Eiyuu Densetsu: Sen no Kiseki III","243780","75420","85","4","42","0","0","3.23","Eiyuu Densetsu: Sen no Kiseki III"
"Holy Potatoes! A Weapon Shop?!","7554","Holy Potatoes! A Weapon Shop?!","243720","24120","424","2","114","0","0","10.1","Holy Potatoes! A Weapon Shop?!"
"Star Wars: Masters of Teräs Käsi","7555","Star Wars: Masters of Teräs Käsi","243720","2040","854","1","17","0","0","119.47","Star Wars: Masters of Teräs Käsi"
"Virgo vs the Zodiac","7556","Virgo vs the Zodiac","243480","31140","265","6","78","0","0","7.82","Virgo vs the Zodiac"
"1080° Snowboarding","7557","1080° Snowboarding","243360","28980","370","3","63","0","0","8.4","1080° Snowboarding"
"Hidden & Dangerous 2","7558","Hidden & Dangerous 2","243360","13620","882","3","50","0","0","17.87","Hidden & Dangerous 2"
"Romancing SaGa Re: Universe","7559","Romancing SaGa Re: Universe","243300","30960","410","3","27","0","0","7.86","Romancing SaGa Re: Universe"
"Kabus 22","7560","Kabus 22","243180","1860","2037","2","10","0","0","130.74","Kabus 22"
"Narcos","7561","Narcos","243120","16260","1194","5","85","0","0","14.95","Narcos"
"The Subject","7562","The Subject","242880","12600","939","2","58","0","0","19.28","The Subject"
"The Pagemaster","7563","The Pagemaster","242880","2100","4519","1","12","0","0","115.66","The Pagemaster"
"Counter-Strike 2D","7564","Counter-Strike 2D","242820","14040","1018","2","61","0","0","17.29","Counter-Strike 2D"
"Sonic & Sega All-Stars Racing","7565","Sonic & Sega All-Stars Racing","242760","39240","184","3","203","0","0","6.19","Sonic & Sega All-Stars Racing"
"Mission: Impossible","7566","Mission: Impossible","242760","10080","238","1","37","0","0","24.08","Mission: Impossible"
"Screamer 2","7567","Screamer 2","242520","960","2113","1","4","0","0","252.63","Screamer 2"
"No Time to Explain","7568","No Time to Explain","242400","23400","944","2","177","0","0","10.36","No Time to Explain"
"Marchen Forest: Mylne and the Forest Gift","7569","Marchen Forest: Mylne and the Forest Gift","242220","31620","695","3","112","0","0","7.66","Marchen Forest: Mylne and the Forest Gift"
"8088 Othello","7570","8088 Othello","241920","50220","1355","2","2","0","0","4.82","8088 Othello"
"Spider-Man: Web of Shadows","7571","Spider-Man: Web of Shadows","241920","35760","1075","2","141","0","0","6.77","Spider-Man: Web of Shadows"
"Escape Goat","7572","Escape Goat","241920","7500","3594","1","23","0","0","32.26","Escape Goat"
"Dr. Robotnik's Mean Bean Machine","7573","Dr. Robotnik's Mean Bean Machine","241860","25860","746","3","133","0","0","9.35","Dr. Robotnik's Mean Bean Machine"
"Bridge Constructor","7574","Bridge Constructor","241740","31800","814","3","228","0","0","7.6","Bridge Constructor"
"Big Bumpin'","7575","Big Bumpin'","241680","1260","1810","1","9","0","0","191.81","Big Bumpin'"
"Garfield","7576","Garfield","241680","11160","1135","2","44","0","0","21.66","Garfield"
"Lord of Dwarves","7577","Lord of Dwarves","241620","10440","144","2","12","0","0","23.14","Lord of Dwarves"
"People's General","7578","People's General","241620","24240","433","2","19","0","0","9.97","People's General"
"Doom Eternal","7579","Doom Eternal","241620","13380","1196","10","60","0","0","18.06","Doom Eternal"
"Supercar Challenge","7580","Supercar Challenge","241620","2220","1056","1","2","0","0","108.84","Supercar Challenge"
"Series Maker Tycoon","7581","Series Maker Tycoon","241560","8340","341","2","44","0","0","28.96","Series Maker Tycoon"
"Atom FIshing 2","7582","Atom FIshing 2","241560","49560","302","4","111","0","0","4.87","Atom FIshing 2"
"Balls of Fury","7583","Balls of Fury","241560","780","1963","3","8","0","0","309.69","Balls of Fury"
"PAW Patrol: On a Roll","7584","PAW Patrol: On a Roll","241500","15300","2787","2","141","0","0","15.78","PAW Patrol: On a Roll"
"Duck Dynasty","7585","Duck Dynasty","241440","3600","1346","2","25","0","0","67.07","Duck Dynasty"
"StarWheels","7586","StarWheels","241260","6660","1026","8","24","0","0","36.23","StarWheels"
"FreeStyle Football","7587","FreeStyle Football","241200","11640","470","2","33","0","0","20.72","FreeStyle Football"
"Cocoron","7588","Cocoron","241080","8460","2881","7","20","0","0","28.5","Cocoron"
"Music Quiz","7589","Music Quiz","241020","19800","106","2","41","0","0","12.17","Music Quiz"
"Angels with Scaly Wings","7590","Angels with Scaly Wings","241020","22260","310","3","49","0","0","10.83","Angels with Scaly Wings"
"Tales of Legendia","7591","Tales of Legendia","240840","34740","135","2","34","0","0","6.93","Tales of Legendia"
"Prodeus","7592","Prodeus","240780","27960","111","2","4","0","0","8.61","Prodeus"
"Street Warriors Online","7593","Street Warriors Online","240720","2280","973","3","14","0","0","105.58","Street Warriors Online"
"Advance Wars 2: Black Hole Rising","7594","Advance Wars 2: Black Hole Rising","240660","62520","50","2","90","0","0","3.85","Advance Wars 2: Black Hole Rising"
"Pokémon Pinball: Ruby & Sapphire","7595","Pokémon Pinball: Ruby & Sapphire","240420","27960","692","3","113","0","0","8.6","Pokémon Pinball: Ruby & Sapphire"
"Shiren the Wanderer","7596","Shiren the Wanderer","240420","33720","219","2","24","0","0","7.13","Shiren the Wanderer"
"Xardion","7597","Xardion","240420","900","1171","1","6","0","0","267.13","Xardion"
"UAYEB","7598","UAYEB","240420","1440","2271","1","9","0","0","166.96","UAYEB"
"Skelly Selest","7599","Skelly Selest","240360","6360","2050","2","38","0","0","37.79","Skelly Selest"
"Albert Odyssey: Legend of Eldean","7600","Albert Odyssey: Legend of Eldean","240360","6360","212","1","9","0","0","37.79","Albert Odyssey: Legend of Eldean"