"","","Game","Watch time","Stream time","Peak viewers","Peak channels","Streamers","Average viewers","Average channels","Average viewer ratio",""
"Pure","10901","Pure","73560","8940","154","1","46","0","0","8.23","Pure"
"Blackstone","10902","Blackstone","73560","780","255","1","3","0","0","94.31","Blackstone"
"Frozen Flame","10903","Frozen Flame","73500","5580","202","2","30","0","0","13.17","Frozen Flame"
"Knights of the Temple: Infernal Crusade","10904","Knights of the Temple: Infernal Crusade","73440","9540","276","1","18","0","0","7.7","Knights of the Temple: Infernal Crusade"
"Pink Sweets ~Ibara Sorekara~","10905","Pink Sweets ~Ibara Sorekara~","73440","2220","93","1","7","0","0","33.08","Pink Sweets ~Ibara Sorekara~"
"Baten Kaitos Origins","10906","Baten Kaitos Origins","73440","28320","17","2","42","0","0","2.59","Baten Kaitos Origins"
"Sister Slave: Faithful Girl's Slave Training","10907","Sister Slave: Faithful Girl's Slave Training","73380","540","1259","1","3","0","0","135.89","Sister Slave: Faithful Girl's Slave Training"
"International Superstar Soccer","10908","International Superstar Soccer","73320","1440","960","1","11","0","0","50.92","International Superstar Soccer"
"Operation 7","10909","Operation 7","73260","45240","148","3","123","0","0","1.62","Operation 7"
"Naruto: Ninja Council","10910","Naruto: Ninja Council","73260","1200","592","1","7","0","0","61.05","Naruto: Ninja Council"
"Ballistic Overkill","10911","Ballistic Overkill","73260","27660","248","3","117","0","0","2.65","Ballistic Overkill"
"Talisman: The Horus Heresy","10912","Talisman: The Horus Heresy","73140","1860","272","1","14","0","0","39.32","Talisman: The Horus Heresy"
"Yu-Gi-Oh! World Championship 2008","10913","Yu-Gi-Oh! World Championship 2008","73140","4380","178","1","10","0","0","16.7","Yu-Gi-Oh! World Championship 2008"
"The Flintstones","10914","The Flintstones","73140","2400","415","2","12","0","0","30.48","The Flintstones"
"Jenga World Tour","10915","Jenga World Tour","73080","1980","562","1","16","0","0","36.91","Jenga World Tour"
"Skee-Ball","10916","Skee-Ball","73080","2580","96","1","6","0","0","28.33","Skee-Ball"
"Bets","10917","Bets","73080","39120","73","3","43","0","0","1.87","Bets"
"Super Wagyan Land","10918","Super Wagyan Land","73080","2280","217","1","4","0","0","32.05","Super Wagyan Land"
"LOGistICAL","10919","LOGistICAL","73080","900","204","1","4","0","0","81.2","LOGistICAL"
"Music Man (Music Soul)","10920","Music Man (Music Soul)","73020","35700","29","3","51","0","0","2.05","Music Man (Music Soul)"
"Aqua Teen Hunger Force: Zombie Ninja Pro-Am","10921","Aqua Teen Hunger Force: Zombie Ninja Pro-Am","72960","960","705","1","9","0","0","76","Aqua Teen Hunger Force: Zombie Ninja Pro-Am"
"1701 A.D.","10922","1701 A.D.","72960","20400","76","2","64","0","0","3.58","1701 A.D."
"BLADENET","10923","BLADENET","72960","2220","312","3","19","0","0","32.86","BLADENET"
"Myst Online: Uru Live","10924","Myst Online: Uru Live","72900","12420","43","2","18","0","0","5.87","Myst Online: Uru Live"
"Oniken","10925","Oniken","72900","10560","116","4","60","0","0","6.9","Oniken"
"Yu-Gi-Oh! Power of Chaos: Yugi the Destiny","10926","Yu-Gi-Oh! Power of Chaos: Yugi the Destiny","72900","22800","281","2","106","0","0","3.2","Yu-Gi-Oh! Power of Chaos: Yugi the Destiny"
"Hidden Object: Wonderland","10927","Hidden Object: Wonderland","72900","3840","36","1","2","0","0","18.98","Hidden Object: Wonderland"
"Penny Arcade's On the Rain-Slick Precipice of Darkness 4","10928","Penny Arcade's On the Rain-Slick Precipice of Darkness 4","72840","1800","371","1","4","0","0","40.47","Penny Arcade's On the Rain-Slick Precipice of Darkness 4"
"DJMAX Trilogy","10929","DJMAX Trilogy","72840","30060","82","3","110","0","0","2.42","DJMAX Trilogy"
"Jonathan","10930","Jonathan","72840","660","464","1","2","0","0","110.36","Jonathan"
"The Piano","10931","The Piano","72840","40560","275","2","136","0","0","1.8","The Piano"
"The War of Genesis: Battle of Antaria","10932","The War of Genesis: Battle of Antaria","72840","13020","100","2","6","0","0","5.59","The War of Genesis: Battle of Antaria"
"Trap Labs","10933","Trap Labs","72780","5160","76","2","21","0","0","14.1","Trap Labs"
"Animation Throwdown: The Quest for Cards","10934","Animation Throwdown: The Quest for Cards","72780","43380","22","3","135","0","0","1.68","Animation Throwdown: The Quest for Cards"
"Escape Plan","10935","Escape Plan","72780","4800","551","2","33","0","0","15.16","Escape Plan"
"Tobu Tobu Girl Deluxe","10936","Tobu Tobu Girl Deluxe","72780","1080","418","1","5","0","0","67.39","Tobu Tobu Girl Deluxe"
"Maximo: Ghosts to Glory","10937","Maximo: Ghosts to Glory","72720","20640","40","2","72","0","0","3.52","Maximo: Ghosts to Glory"
"Espgaluda","10938","Espgaluda","72720","13320","96","4","43","0","0","5.46","Espgaluda"
"Bucket Detective","10939","Bucket Detective","72720","2820","264","1","21","0","0","25.79","Bucket Detective"
"Airheart - Tales of broken Wings","10940","Airheart - Tales of broken Wings","72660","8340","248","3","53","0","0","8.71","Airheart - Tales of broken Wings"
"QP Shooting - Dangerous!!","10941","QP Shooting - Dangerous!!","72660","8040","462","1","38","0","0","9.04","QP Shooting - Dangerous!!"
"Super Pitfall","10942","Super Pitfall","72600","1560","369","2","9","0","0","46.54","Super Pitfall"
"The Unspoken","10943","The Unspoken","72600","12000","509","3","37","0","0","6.05","The Unspoken"
"Hello Kitty Cutie World","10944","Hello Kitty Cutie World","72540","66660","393","3","57","0","0","1.09","Hello Kitty Cutie World"
"Compound","10945","Compound","72420","18720","134","3","101","0","0","3.87","Compound"
"Shantae 5","10946","Shantae 5","72420","3120","282","2","14","0","0","23.21","Shantae 5"
"Pantsylvania","10947","Pantsylvania","72360","2040","345","1","4","0","0","35.47","Pantsylvania"
"Community Pom","10948","Community Pom","72300","1860","131","1","5","0","0","38.87","Community Pom"
"Astonia 3","10949","Astonia 3","72300","126300","16","2","10","0","0","0.57","Astonia 3"
"ESPN NFL 2K5","10950","ESPN NFL 2K5","72300","18900","97","2","57","0","0","3.83","ESPN NFL 2K5"
"From Other Suns","10951","From Other Suns","72300","17880","166","2","70","0","0","4.04","From Other Suns"
"Shin Nippon Pro Wrestling: Toukon Retsuden 3","10952","Shin Nippon Pro Wrestling: Toukon Retsuden 3","72300","4620","639","1","2","0","0","15.65","Shin Nippon Pro Wrestling: Toukon Retsuden 3"
"The One We Found","10953","The One We Found","72240","1320","314","1","8","0","0","54.73","The One We Found"
"Frostbite: Deadly Climate","10954","Frostbite: Deadly Climate","72240","17820","96","2","149","0","0","4.05","Frostbite: Deadly Climate"
"Monster Hunter X","10955","Monster Hunter X","72240","12720","279","2","36","0","0","5.68","Monster Hunter X"
"DTXMania AL","10956","DTXMania AL","72240","9960","23","1","5","0","0","7.25","DTXMania AL"
"Pokémon Typing Adventure","10957","Pokémon Typing Adventure","72180","5220","371","2","24","0","0","13.83","Pokémon Typing Adventure"
"Boxing Legends of the Ring","10958","Boxing Legends of the Ring","72180","840","749","2","7","0","0","85.93","Boxing Legends of the Ring"
"Computer Chess","10959","Computer Chess","72180","139140","10","2","6","0","0","0.52","Computer Chess"
"Train Sim World: CSX Heavy Haul","10960","Train Sim World: CSX Heavy Haul","72120","25020","91","2","110","0","0","2.88","Train Sim World: CSX Heavy Haul"
"Dungeon Master","10961","Dungeon Master","72120","10140","150","1","21","0","0","7.11","Dungeon Master"
"Kairo","10962","Kairo","72120","8400","274","2","44","0","0","8.59","Kairo"
"Airships: Conquer the Skies","10963","Airships: Conquer the Skies","72120","18360","56","2","72","0","0","3.93","Airships: Conquer the Skies"
"Dynasty Warriors 7: Xtreme Legends","10964","Dynasty Warriors 7: Xtreme Legends","72120","24420","46","2","80","0","0","2.95","Dynasty Warriors 7: Xtreme Legends"
"Critters for Sale","10965","Critters for Sale","72120","420","723","1","4","0","0","171.71","Critters for Sale"
"Nightmare Creatures II","10966","Nightmare Creatures II","72060","7800","99","1","22","0","0","9.24","Nightmare Creatures II"
"XING: The Land Beyond","10967","XING: The Land Beyond","72060","15960","28","3","46","0","0","4.52","XING: The Land Beyond"
"Woolfe: The Red Hood Diaries","10968","Woolfe: The Red Hood Diaries","72000","16080","186","2","90","0","0","4.48","Woolfe: The Red Hood Diaries"
"Rocketbirds: Hardboiled Chicken","10969","Rocketbirds: Hardboiled Chicken","72000","14520","70","2","80","0","0","4.96","Rocketbirds: Hardboiled Chicken"
"The Amazing Spider-Man 2","10970","The Amazing Spider-Man 2","72000","36720","62","3","357","0","0","1.96","The Amazing Spider-Man 2"
"IndyCar Series","10971","IndyCar Series","72000","1380","600","4","9","0","0","52.17","IndyCar Series"
"Minesweeper Genius","10972","Minesweeper Genius","72000","7440","347","2","34","0","0","9.68","Minesweeper Genius"
"Seven: Enhanced Edition","10973","Seven: Enhanced Edition","72000","21840","221","3","57","0","0","3.3","Seven: Enhanced Edition"
"The Ball","10974","The Ball","71940","11700","87","2","39","0","0","6.15","The Ball"
"Touhou 11 - Subterranean Animism","10975","Touhou 11 - Subterranean Animism","71940","33600","79","2","141","0","0","2.14","Touhou 11 - Subterranean Animism"
"Sneakers","10976","Sneakers","71940","14700","336","2","13","0","0","4.89","Sneakers"
"Q","10977","Q","71880","7800","292","2","38","0","0","9.22","Q"
"Freedom Fighters","10978","Freedom Fighters","71880","21240","125","2","75","0","0","3.38","Freedom Fighters"
"Thunder Force","10979","Thunder Force","71880","360","1133","1","4","0","0","199.67","Thunder Force"
"Biped","10980","Biped","71880","600","202","2","3","0","0","119.8","Biped"
"Design Home","10981","Design Home","71820","47940","26","2","120","0","0","1.5","Design Home"
"ShineG Has Nightmares","10982","ShineG Has Nightmares","71820","300","463","1","2","0","0","239.4","ShineG Has Nightmares"
"Vampires Dawn 3: The Crimson Realm","10983","Vampires Dawn 3: The Crimson Realm","71760","2040","783","1","8","0","0","35.18","Vampires Dawn 3: The Crimson Realm"
"Hard Reset","10984","Hard Reset","71760","25500","65","2","99","0","0","2.81","Hard Reset"
"Hyperdimension Neptunia U: Action Unleashed","10985","Hyperdimension Neptunia U: Action Unleashed","71760","33600","69","2","100","0","0","2.14","Hyperdimension Neptunia U: Action Unleashed"
"Super Robot Wars F","10986","Super Robot Wars F","71760","19920","32","1","14","0","0","3.6","Super Robot Wars F"
"Alucinod","10987","Alucinod","71760","600","354","1","6","0","0","119.6","Alucinod"
"Riddled Corpses","10988","Riddled Corpses","71700","7500","136","1","43","0","0","9.56","Riddled Corpses"
"Demon Front","10989","Demon Front","71700","2100","430","1","14","0","0","34.14","Demon Front"
"Batman Arkham City Lockdown","10990","Batman Arkham City Lockdown","71640","24660","129","2","119","0","0","2.91","Batman Arkham City Lockdown"
"The Purring Quest","10991","The Purring Quest","71640","9000","274","3","53","0","0","7.96","The Purring Quest"
"Nefarious","10992","Nefarious","71640","17220","380","2","64","0","0","4.16","Nefarious"
"Tiny Room Stories: Town Mystery","10993","Tiny Room Stories: Town Mystery","71640","3360","824","1","14","0","0","21.32","Tiny Room Stories: Town Mystery"
"Supreme Ruler Ultimate","10994","Supreme Ruler Ultimate","71580","29580","59","1","18","0","0","2.42","Supreme Ruler Ultimate"
"Half-Minute Hero: The Second Coming","10995","Half-Minute Hero: The Second Coming","71580","13080","120","2","43","0","0","5.47","Half-Minute Hero: The Second Coming"
"Skylanders Trap Team","10996","Skylanders Trap Team","71520","14520","162","2","66","0","0","4.93","Skylanders Trap Team"
"Bouncing Over It with Friends","10997","Bouncing Over It with Friends","71520","9600","41","3","52","0","0","7.45","Bouncing Over It with Friends"
"Lordz.io","10998","Lordz.io","71460","14940","223","2","107","0","0","4.78","Lordz.io"
"Moon Crystal","10999","Moon Crystal","71460","6060","75","3","19","0","0","11.79","Moon Crystal"
"Spider-Man: The Videogame","11000","Spider-Man: The Videogame","71460","13500","317","3","75","0","0","5.29","Spider-Man: The Videogame"