"","","Game","Watch time","Stream time","Peak viewers","Peak channels","Streamers","Average viewers","Average channels","Average viewer ratio",""
"John Romero's Daikatana","7001","John Romero's Daikatana","302760","25920","311","3","62","0","0","11.68","John Romero's Daikatana"
"KartKraft","7002","KartKraft","302700","37620","692","3","239","0","0","8.05","KartKraft"
"Castlevania II: Belmont's Revenge","7003","Castlevania II: Belmont's Revenge","302400","32340","161","2","53","0","0","9.35","Castlevania II: Belmont's Revenge"
"DropMix","7004","DropMix","302040","15900","698","2","42","0","0","19","DropMix"
"Sparkster","7005","Sparkster","301740","6060","3141","2","37","0","0","49.79","Sparkster"
"Unko Enzan","7006","Unko Enzan","301500","48120","386","2","14","0","0","6.27","Unko Enzan"
"Copoka","7007","Copoka","301500","2400","1899","1","20","0","0","125.63","Copoka"
"JuicyRealm","7008","JuicyRealm","301320","2100","4934","2","13","0","0","143.49","JuicyRealm"
"Metal Slug Anthology","7009","Metal Slug Anthology","300840","35580","1637","3","462","0","0","8.46","Metal Slug Anthology"
"Quest for Glory IV: Shadows of Darkness","7010","Quest for Glory IV: Shadows of Darkness","300840","26160","1497","2","35","0","0","11.5","Quest for Glory IV: Shadows of Darkness"
"Panzer Dragoon Orta","7011","Panzer Dragoon Orta","300720","21180","642","3","94","0","0","14.2","Panzer Dragoon Orta"
"Godzilla: Save the Earth","7012","Godzilla: Save the Earth","300600","6000","2001","1","37","0","0","50.1","Godzilla: Save the Earth"
"Star Wars: Rogue Squadron III - Rebel Strike","7013","Star Wars: Rogue Squadron III - Rebel Strike","300480","4680","1793","2","29","0","0","64.21","Star Wars: Rogue Squadron III - Rebel Strike"
"Yakuza 2","7014","Yakuza 2","300420","42660","1843","2","47","0","0","7.04","Yakuza 2"
"Unbox","7015","Unbox","300420","19860","757","2","141","0","0","15.13","Unbox"
"Playcraft","7016","Playcraft","300300","13140","2176","3","113","0","0","22.85","Playcraft"
"Cockroach Simulator","7017","Cockroach Simulator","300240","23640","319","3","239","0","0","12.7","Cockroach Simulator"
"LEGO The Incredibles","7018","LEGO The Incredibles","300180","82260","186","3","339","0","0","3.65","LEGO The Incredibles"
"Solstice","7019","Solstice","300120","9300","261","2","26","0","0","32.27","Solstice"
"Oreshika: Tainted Bloodlines","7020","Oreshika: Tainted Bloodlines","300120","5400","148","1","5","0","0","55.58","Oreshika: Tainted Bloodlines"
"LEGO Dimensions","7021","LEGO Dimensions","300060","85380","433","4","165","0","0","3.51","LEGO Dimensions"
"Raven's Cry","7022","Raven's Cry","300000","4680","322","1","9","0","0","64.1","Raven's Cry"
"Half Life 2: Survivor","7023","Half Life 2: Survivor","299760","37560","447","3","213","0","0","7.98","Half Life 2: Survivor"
"Baldur's Gate II: Throne of Bhaal","7024","Baldur's Gate II: Throne of Bhaal","299700","46320","505","2","79","0","0","6.47","Baldur's Gate II: Throne of Bhaal"
"Pathological","7025","Pathological","299700","19800","312","2","66","0","0","15.14","Pathological"
"Divinity II: Ego Draconis","7026","Divinity II: Ego Draconis","299640","64860","103","3","156","0","0","4.62","Divinity II: Ego Draconis"
"Bishi Bashi Special","7027","Bishi Bashi Special","299640","1620","1357","1","9","0","0","184.96","Bishi Bashi Special"
"Chronomaster","7028","Chronomaster","299460","2880","165","1","3","0","0","103.98","Chronomaster"
"The Simpsons: Road Rage","7029","The Simpsons: Road Rage","299220","16380","2033","2","75","0","0","18.27","The Simpsons: Road Rage"
"Marenian Tavern Story: Patty and the Hungry God","7030","Marenian Tavern Story: Patty and the Hungry God","299160","19440","377","2","38","0","0","15.39","Marenian Tavern Story: Patty and the Hungry God"
"Race With Ryan","7031","Race With Ryan","299160","3360","1262","3","24","0","0","89.04","Race With Ryan"
"OMSI: The Bus Simulator","7032","OMSI: The Bus Simulator","299040","9420","2838","2","26","0","0","31.75","OMSI: The Bus Simulator"
"Elisa: the Innkeeper","7033","Elisa: the Innkeeper","298920","2460","2227","1","13","0","0","121.51","Elisa: the Innkeeper"
"Snacks 'n' Jaxson","7034","Snacks 'n' Jaxson","298740","240","3012","1","4","0","0","1244.75","Snacks 'n' Jaxson"
"James Cameron's Avatar: The Game","7035","James Cameron's Avatar: The Game","298740","16260","400","2","60","0","0","18.37","James Cameron's Avatar: The Game"
"Blood Omen: Legacy of Kain","7036","Blood Omen: Legacy of Kain","298740","78180","100","3","148","0","0","3.82","Blood Omen: Legacy of Kain"
"Rick and Morty's Rushed Licensed Adventure","7037","Rick and Morty's Rushed Licensed Adventure","298740","420","2248","1","3","0","0","711.29","Rick and Morty's Rushed Licensed Adventure"
"Neo Contra","7038","Neo Contra","298620","6360","1708","2","22","0","0","46.95","Neo Contra"
"Reactor","7039","Reactor","298560","28680","207","2","188","0","0","10.41","Reactor"
"Chocobo Racing","7040","Chocobo Racing","298320","10560","1160","1","61","0","0","28.25","Chocobo Racing"
"Earth Defense Force","7041","Earth Defense Force","298260","9840","1089","2","48","0","0","30.31","Earth Defense Force"
"Room 404","7042","Room 404","298020","1980","1649","1","17","0","0","150.52","Room 404"
"Lamplight City","7043","Lamplight City","297960","34380","153","2","60","0","0","8.67","Lamplight City"
"No Way Out - A Dead Realm Tale","7044","No Way Out - A Dead Realm Tale","297720","4440","1779","2","32","0","0","67.05","No Way Out - A Dead Realm Tale"
"The Fidelio Incident","7045","The Fidelio Incident","297660","6720","1124","1","36","0","0","44.29","The Fidelio Incident"
"Fury Unleashed","7046","Fury Unleashed","297600","20880","411","1","82","0","0","14.25","Fury Unleashed"
"Demolish & Build 2018","7047","Demolish & Build 2018","297480","34020","489","3","157","0","0","8.74","Demolish & Build 2018"
"The Guest","7048","The Guest","297300","23820","418","2","131","0","0","12.48","The Guest"
"Azure Striker Gunvolt 2","7049","Azure Striker Gunvolt 2","297300","18480","1010","2","35","0","0","16.09","Azure Striker Gunvolt 2"
"The Dwarves","7050","The Dwarves","297300","60660","251","4","215","0","0","4.9","The Dwarves"
"Oceanhorn: Monster of Uncharted Seas","7051","Oceanhorn: Monster of Uncharted Seas","297180","55080","1574","3","171","0","0","5.4","Oceanhorn: Monster of Uncharted Seas"
"WCW/nWo Thunder","7052","WCW/nWo Thunder","297000","1920","2373","1","7","0","0","154.69","WCW/nWo Thunder"
"Scene It? Box Office Smash","7053","Scene It? Box Office Smash","297000","480","4928","1","3","0","0","618.75","Scene It? Box Office Smash"
"Nintendo Labo Variety Kit","7054","Nintendo Labo Variety Kit","296940","15780","239","2","64","0","0","18.82","Nintendo Labo Variety Kit"
"NFL Street 2","7055","NFL Street 2","296880","22800","684","2","87","0","0","13.02","NFL Street 2"
"The Ark of Horizon","7056","The Ark of Horizon","296820","92460","246","8","345","0","0","3.21","The Ark of Horizon"
"Ants","7057","Ants","296760","197100","4184","2","17","0","0","1.51","Ants"
"OSK","7058","OSK","296700","300","5153","1","3","0","0","989","OSK"
"Russian Subway Dogs","7059","Russian Subway Dogs","296580","7320","622","2","34","0","0","40.52","Russian Subway Dogs"
"Tzar: The Burden of the Crown","7060","Tzar: The Burden of the Crown","296580","10320","2711","2","45","0","0","28.74","Tzar: The Burden of the Crown"
"Jigsaw Puzzle","7061","Jigsaw Puzzle","296460","50880","3877","3","101","0","0","5.83","Jigsaw Puzzle"
"WWE SmackDown! vs. RAW 2010","7062","WWE SmackDown! vs. RAW 2010","296160","8940","870","1","36","0","0","33.13","WWE SmackDown! vs. RAW 2010"
"Sudden Strike 4","7063","Sudden Strike 4","296160","111780","481","5","357","0","0","2.65","Sudden Strike 4"
"Bakusou Dekotora Densetsu: Otoko Hanamichi Yume Roman","7064","Bakusou Dekotora Densetsu: Otoko Hanamichi Yume Roman","296100","1380","408","1","3","0","0","214.57","Bakusou Dekotora Densetsu: Otoko Hanamichi Yume Roman"
"Chocobo's Mystery Dungeon: Every Buddy!","7065","Chocobo's Mystery Dungeon: Every Buddy!","296040","23700","77","3","57","0","0","12.49","Chocobo's Mystery Dungeon: Every Buddy!"
"Madden NFL 17","7066","Madden NFL 17","295560","293760","539","8","1240","0","0","1.01","Madden NFL 17"
"Dragon Ball Z: Sagas","7067","Dragon Ball Z: Sagas","295500","21120","556","2","65","0","0","13.99","Dragon Ball Z: Sagas"
"WWE 2K17","7068","WWE 2K17","295380","218760","293","4","703","0","0","1.35","WWE 2K17"
"Game Boy Gallery","7069","Game Boy Gallery","295260","6240","609","2","19","0","0","47.32","Game Boy Gallery"
"Inuyasha: The Secret of the Cursed Mask","7070","Inuyasha: The Secret of the Cursed Mask","295200","14820","366","1","18","0","0","19.92","Inuyasha: The Secret of the Cursed Mask"
"Streets of Rage 4","7071","Streets of Rage 4","294900","8340","192","1","8","0","0","35.36","Streets of Rage 4"
"MineRalph","7072","MineRalph","294600","4740","1932","4","24","0","0","62.15","MineRalph"
"Freddi Fish and Luther's Water Worries","7073","Freddi Fish and Luther's Water Worries","294420","720","2040","1","6","0","0","408.92","Freddi Fish and Luther's Water Worries"
"Garry Kitchen's Battletank","7074","Garry Kitchen's Battletank","294300","3000","421","1","6","0","0","98.1","Garry Kitchen's Battletank"
"Lucah: Born of a Dream","7075","Lucah: Born of a Dream","294000","24420","2179","2","78","0","0","12.04","Lucah: Born of a Dream"
"The Settlers: Rise of an Empire","7076","The Settlers: Rise of an Empire","293820","14880","374","2","54","0","0","19.75","The Settlers: Rise of an Empire"
"Overlight","7077","Overlight","293760","6360","220","2","3","0","0","46.19","Overlight"
"Puggsy","7078","Puggsy","293400","2040","3107","3","12","0","0","143.82","Puggsy"
"The Forbidden Arts","7079","The Forbidden Arts","293400","9540","1081","3","51","0","0","30.75","The Forbidden Arts"
"Loco Mania","7080","Loco Mania","293100","60","4885","1","1","0","0","4885","Loco Mania"
"Legend of Mir 3","7081","Legend of Mir 3","293100","98820","67","4","29","0","0","2.97","Legend of Mir 3"
"Koudelka","7082","Koudelka","293040","40260","922","2","74","0","0","7.28","Koudelka"
"Sniper Elite","7083","Sniper Elite","292980","49200","2712","3","177","0","0","5.95","Sniper Elite"
"The Misadventures of Tron Bonne","7084","The Misadventures of Tron Bonne","292980","27000","599","2","58","0","0","10.85","The Misadventures of Tron Bonne"
"Crackdown","7085","Crackdown","292920","67380","271","4","295","0","0","4.35","Crackdown"
"Winning Eleven: Pro Evolution Soccer 2007","7086","Winning Eleven: Pro Evolution Soccer 2007","292920","6960","3318","2","51","0","0","42.09","Winning Eleven: Pro Evolution Soccer 2007"
"Klonoa","7087","Klonoa","292740","10440","1643","1","45","0","0","28.04","Klonoa"
"Pixel Gun 3D","7088","Pixel Gun 3D","292560","201600","658","6","897","0","0","1.45","Pixel Gun 3D"
"Syberia II","7089","Syberia II","292440","54120","127","3","119","0","0","5.4","Syberia II"
"Black","7090","Black","292440","74940","182","7","320","0","0","3.9","Black"
"Duskers","7091","Duskers","292440","55380","576","3","252","0","0","5.28","Duskers"
"Guns of Icarus Online","7092","Guns of Icarus Online","292260","40260","1172","3","231","0","0","7.26","Guns of Icarus Online"
"BMX Pipe","7093","BMX Pipe","292260","119760","174","4","631","0","0","2.44","BMX Pipe"
"Black Paradox","7094","Black Paradox","292140","9360","740","4","61","0","0","31.21","Black Paradox"
"Heroes of Might and Magic II: The Succession Wars","7095","Heroes of Might and Magic II: The Succession Wars","292140","21600","429","2","47","0","0","13.53","Heroes of Might and Magic II: The Succession Wars"
"Super Robot Wars D","7096","Super Robot Wars D","292020","14940","329","2","14","0","0","19.55","Super Robot Wars D"
"Medieval II: Total War - Kingdoms","7097","Medieval II: Total War - Kingdoms","291960","104940","108","4","199","0","0","2.78","Medieval II: Total War - Kingdoms"
"The Videokid","7098","The Videokid","291900","5340","2042","2","28","0","0","54.66","The Videokid"
"Battletoads & Double Dragon: The Ultimate Team","7099","Battletoads & Double Dragon: The Ultimate Team","291840","49800","492","3","165","0","0","5.86","Battletoads & Double Dragon: The Ultimate Team"
"WWE Day of Reckoning 2","7100","WWE Day of Reckoning 2","291840","9360","2701","2","37","0","0","31.18","WWE Day of Reckoning 2"