"","","Game","Watch time","Stream time","Peak viewers","Peak channels","Streamers","Average viewers","Average channels","Average viewer ratio",""
"Gaia Online","12401","Gaia Online","47160","12300","27","2","36","0","0","3.83","Gaia Online"
"Naïca","12402","Naïca","47160","6180","163","3","34","0","0","7.63","Naïca"
"Overboard","12403","Overboard","47160","1440","152","1","9","0","0","32.75","Overboard"
"High School Musical 3: Senior Year","12404","High School Musical 3: Senior Year","47160","900","238","1","7","0","0","52.4","High School Musical 3: Senior Year"
"Wheel of Fortune Deluxe Edition","12405","Wheel of Fortune Deluxe Edition","47160","3000","347","2","27","0","0","15.72","Wheel of Fortune Deluxe Edition"
"Dragon's Prophet","12406","Dragon's Prophet","47160","32460","15","2","58","0","0","1.45","Dragon's Prophet"
"Alternate Reality Games","12407","Alternate Reality Games","47100","34500","42","2","18","0","0","1.37","Alternate Reality Games"
"Super Tennis","12408","Super Tennis","47100","6540","142","1","72","0","0","7.2","Super Tennis"
"Mobile Suit Gundam: Gundam vs. Zeta Gundam","12409","Mobile Suit Gundam: Gundam vs. Zeta Gundam","47100","7800","30","2","14","0","0","6.04","Mobile Suit Gundam: Gundam vs. Zeta Gundam"
"Dead or Alive 3","12410","Dead or Alive 3","47100","3420","169","1","18","0","0","13.77","Dead or Alive 3"
"Hamtaro: Ham-Ham Games","12411","Hamtaro: Ham-Ham Games","47100","5040","90","2","21","0","0","9.35","Hamtaro: Ham-Ham Games"
"The New Zealand Story","12412","The New Zealand Story","47100","5700","31","1","16","0","0","8.26","The New Zealand Story"
"We Know the Devil","12413","We Know the Devil","47100","5220","191","2","34","0","0","9.02","We Know the Devil"
"Tintin on the Moon","12414","Tintin on the Moon","47100","540","764","1","3","0","0","87.22","Tintin on the Moon"
"Red Comrades Save the Galaxy - Reloaded","12415","Red Comrades Save the Galaxy - Reloaded","47040","6240","177","2","27","0","0","7.54","Red Comrades Save the Galaxy - Reloaded"
"Fimbul","12416","Fimbul","47040","4020","122","3","27","0","0","11.7","Fimbul"
"Acron: Attack of the Squirrels!","12417","Acron: Attack of the Squirrels!","47040","4860","63","1","25","0","0","9.68","Acron: Attack of the Squirrels!"
"Ed, Edd n Eddy: Jawbreakers","12418","Ed, Edd n Eddy: Jawbreakers","47040","900","1308","2","11","0","0","52.27","Ed, Edd n Eddy: Jawbreakers"
"Heart & Slash","12419","Heart & Slash","47040","11940","86","2","79","0","0","3.94","Heart & Slash"
"Blockade 3D","12420","Blockade 3D","46980","27360","30","3","213","0","0","1.72","Blockade 3D"
"Backyard Baseball 2003","12421","Backyard Baseball 2003","46980","13860","85","2","29","0","0","3.39","Backyard Baseball 2003"
"Muppet Monster Adventure","12422","Muppet Monster Adventure","46980","10020","97","1","23","0","0","4.69","Muppet Monster Adventure"
"LocoRoco 2","12423","LocoRoco 2","46980","5820","283","1","28","0","0","8.07","LocoRoco 2"
"Wizardry: Bane of the Cosmic Forge","12424","Wizardry: Bane of the Cosmic Forge","46980","6660","80","1","13","0","0","7.05","Wizardry: Bane of the Cosmic Forge"
"Samba de Amigo","12425","Samba de Amigo","46980","1080","393","1","8","0","0","43.5","Samba de Amigo"
"Battle Tanks","12426","Battle Tanks","46980","25320","26","2","36","0","0","1.86","Battle Tanks"
"Majan Doujou","12427","Majan Doujou","46980","2820","112","2","11","0","0","16.66","Majan Doujou"
"Atomic Betty","12428","Atomic Betty","46980","360","388","1","2","0","0","130.5","Atomic Betty"
"Clash: Mutants Vs Pirates","12429","Clash: Mutants Vs Pirates","46920","1260","162","1","5","0","0","37.24","Clash: Mutants Vs Pirates"
"Major League Eating: The Game","12430","Major League Eating: The Game","46920","3060","688","1","15","0","0","15.33","Major League Eating: The Game"
"MLB Stickball","12431","MLB Stickball","46920","5640","23","1","4","0","0","8.32","MLB Stickball"
"THE iDOLM@STER: SideM","12432","THE iDOLM@STER: SideM","46920","4200","116","1","4","0","0","11.17","THE iDOLM@STER: SideM"
"Gobliiins","12433","Gobliiins","46920","2520","124","2","9","0","0","18.62","Gobliiins"
"Assassin's Creed Chronicles: Russia","12434","Assassin's Creed Chronicles: Russia","46920","20160","23","2","75","0","0","2.33","Assassin's Creed Chronicles: Russia"
"Burnout Legends","12435","Burnout Legends","46920","4500","170","1","20","0","0","10.43","Burnout Legends"
"Trip World","12436","Trip World","46920","9840","67","2","20","0","0","4.77","Trip World"
"Vegas","12437","Vegas","46860","8340","107","2","35","0","0","5.62","Vegas"
"World of Guns: Gun Disassembly","12438","World of Guns: Gun Disassembly","46860","17400","28","2","119","0","0","2.69","World of Guns: Gun Disassembly"
"Cosmochoria","12439","Cosmochoria","46860","1920","723","1","11","0","0","24.41","Cosmochoria"
"X-Kaliber 2097","12440","X-Kaliber 2097","46860","1440","319","3","10","0","0","32.54","X-Kaliber 2097"
"Afterlife","12441","Afterlife","46860","5400","312","1","29","0","0","8.68","Afterlife"
"Inindo: Way of the Ninja","12442","Inindo: Way of the Ninja","46800","2220","191","1","8","0","0","21.08","Inindo: Way of the Ninja"
"The Beatles: Rock Band","12443","The Beatles: Rock Band","46800","10620","41","2","54","0","0","4.41","The Beatles: Rock Band"
"Brain Age: Train Your Brain in Minutes a Day!","12444","Brain Age: Train Your Brain in Minutes a Day!","46800","2760","181","1","15","0","0","16.96","Brain Age: Train Your Brain in Minutes a Day!"
"Super Phantom Cat 2","12445","Super Phantom Cat 2","46800","3720","63","1","25","0","0","12.58","Super Phantom Cat 2"
"Yggdra Unison: Seiken Buyuuden","12446","Yggdra Unison: Seiken Buyuuden","46740","4740","27","1","3","0","0","9.86","Yggdra Unison: Seiken Buyuuden"
"Miracle Ropit's Adventure in 2100","12447","Miracle Ropit's Adventure in 2100","46740","3900","214","2","7","0","0","11.98","Miracle Ropit's Adventure in 2100"
"Windlands","12448","Windlands","46740","14460","80","1","86","0","0","3.23","Windlands"
"Faerie Solitaire","12449","Faerie Solitaire","46740","6120","60","1","24","0","0","7.64","Faerie Solitaire"
"Uninvited","12450","Uninvited","46740","5820","179","2","22","0","0","8.03","Uninvited"
"Viewtiful Joe 2","12451","Viewtiful Joe 2","46740","15540","52","2","27","0","0","3.01","Viewtiful Joe 2"
"Plants vs. Zombies 3","12452","Plants vs. Zombies 3","46680","960","382","2","7","0","0","48.63","Plants vs. Zombies 3"
"Super Smash Bros. for Wii U/Nintendo 3DS","12453","Super Smash Bros. for Wii U/Nintendo 3DS","46680","30420","25","2","73","0","0","1.53","Super Smash Bros. for Wii U/Nintendo 3DS"
"M&M's Shell Shocked","12454","M&M's Shell Shocked","46680","3420","269","2","16","0","0","13.65","M&M's Shell Shocked"
"Blinx the Time Sweeper","12455","Blinx the Time Sweeper","46680","15420","20","2","76","0","0","3.03","Blinx the Time Sweeper"
"Incoming","12456","Incoming","46680","600","139","1","3","0","0","77.8","Incoming"
"Sega Vintage Collection: Streets of Rage","12457","Sega Vintage Collection: Streets of Rage","46680","36240","124","3","198","0","0","1.29","Sega Vintage Collection: Streets of Rage"
"Disney's Pocahontas","12458","Disney's Pocahontas","46680","5220","261","2","13","0","0","8.94","Disney's Pocahontas"
"Beastly","12459","Beastly","46620","960","567","1","3","0","0","48.56","Beastly"
"Friends: The One with All the Trivia","12460","Friends: The One with All the Trivia","46620","960","286","1","6","0","0","48.56","Friends: The One with All the Trivia"
"Ys I & II: Complete","12461","Ys I & II: Complete","46620","7020","49","1","23","0","0","6.64","Ys I & II: Complete"
"Monster Hunter 2","12462","Monster Hunter 2","46620","5640","40","1","11","0","0","8.27","Monster Hunter 2"
"Guild Ball","12463","Guild Ball","46620","13320","32","1","14","0","0","3.5","Guild Ball"
"TransRoad: USA","12464","TransRoad: USA","46560","8640","207","2","22","0","0","5.39","TransRoad: USA"
"WarWest","12465","WarWest","46560","7200","22","3","20","0","0","6.47","WarWest"
"SimCity 4: Rush Hour","12466","SimCity 4: Rush Hour","46560","6180","260","2","33","0","0","7.53","SimCity 4: Rush Hour"
"Ninja Pizza Girl","12467","Ninja Pizza Girl","46560","5820","208","2","31","0","0","8","Ninja Pizza Girl"
"Prehistorik","12468","Prehistorik","46500","2100","471","2","18","0","0","22.14","Prehistorik"
"Ridge Racer 6","12469","Ridge Racer 6","46500","2160","122","1","9","0","0","21.53","Ridge Racer 6"
"Advance Wars: Days of Ruin","12470","Advance Wars: Days of Ruin","46500","9660","51","2","24","0","0","4.81","Advance Wars: Days of Ruin"
"Mizuiro Blood","12471","Mizuiro Blood","46500","720","83","1","1","0","0","64.58","Mizuiro Blood"
"TurtlePop: Journey to Freedom","12472","TurtlePop: Journey to Freedom","46440","360","399","1","2","0","0","129","TurtlePop: Journey to Freedom"
"Arclight Cascade","12473","Arclight Cascade","46440","420","140","1","1","0","0","110.57","Arclight Cascade"
"Umineko no Naku Koro ni Episode 1: Legend of the Golden Witch","12474","Umineko no Naku Koro ni Episode 1: Legend of the Golden Witch","46380","15480","19","2","25","0","0","3","Umineko no Naku Koro ni Episode 1: Legend of the Golden Witch"
"Jill of the Jungle","12475","Jill of the Jungle","46380","3540","89","1","17","0","0","13.1","Jill of the Jungle"
"Sunrider: Mask of Arcadius","12476","Sunrider: Mask of Arcadius","46380","8880","58","2","22","0","0","5.22","Sunrider: Mask of Arcadius"
"Les Portes du Temps","12477","Les Portes du Temps","46380","420","768","1","6","0","0","110.43","Les Portes du Temps"
"Mittelborg: City of Mages","12478","Mittelborg: City of Mages","46320","2520","156","2","19","0","0","18.38","Mittelborg: City of Mages"
"Blood & Magic","12479","Blood & Magic","46320","2340","766","1","6","0","0","19.79","Blood & Magic"
"Peggle Extreme","12480","Peggle Extreme","46320","5460","253","2","53","0","0","8.48","Peggle Extreme"
"Ragnarok Battle Offline","12481","Ragnarok Battle Offline","46320","5280","306","1","33","0","0","8.77","Ragnarok Battle Offline"
"Pure Hold'em","12482","Pure Hold'em","46320","26700","71","3","120","0","0","1.73","Pure Hold'em"
"Trials HD","12483","Trials HD","46260","12780","71","2","85","0","0","3.62","Trials HD"
"The Journey Down: Chapter Three","12484","The Journey Down: Chapter Three","46260","7260","58","2","28","0","0","6.37","The Journey Down: Chapter Three"
"The Collaborative: Automaton #0059","12485","The Collaborative: Automaton #0059","46260","379920","183","2","14","0","0","0.12","The Collaborative: Automaton #0059"
"Escape From Earth","12486","Escape From Earth","46200","3540","48","2","16","0","0","13.05","Escape From Earth"
"Extreme Meatpunks Forever","12487","Extreme Meatpunks Forever","46200","3540","200","1","16","0","0","13.05","Extreme Meatpunks Forever"
"Star Shelter","12488","Star Shelter","46200","13260","76","2","53","0","0","3.48","Star Shelter"
"Red Faction II","12489","Red Faction II","46200","25920","50","4","110","0","0","1.78","Red Faction II"
"Crash Bandicoot Purple: Ripto's Rampage","12490","Crash Bandicoot Purple: Ripto's Rampage","46200","3780","158","1","14","0","0","12.22","Crash Bandicoot Purple: Ripto's Rampage"
"crossbeats REV. Sunrise","12491","crossbeats REV. Sunrise","46140","10440","23","2","8","0","0","4.42","crossbeats REV. Sunrise"
"Greedy Goblins","12492","Greedy Goblins","46140","300","202","1","2","0","0","153.8","Greedy Goblins"
"Xanadu Next","12493","Xanadu Next","46140","22500","15","2","40","0","0","2.05","Xanadu Next"
"Digimon World Re: Digitize","12494","Digimon World Re: Digitize","46140","13140","28","2","19","0","0","3.51","Digimon World Re: Digitize"
"Forge of Empires","12495","Forge of Empires","46140","40380","45","3","104","0","0","1.14","Forge of Empires"
"Bombergirl","12496","Bombergirl","46140","34080","22","2","7","0","0","1.35","Bombergirl"
"Eventide: Slavic Fable","12497","Eventide: Slavic Fable","46140","9720","31","2","34","0","0","4.75","Eventide: Slavic Fable"
"Emergency 5","12498","Emergency 5","46140","11460","145","3","62","0","0","4.03","Emergency 5"
"King of Retail","12499","King of Retail","46080","3840","130","2","18","0","0","12","King of Retail"
"Epic Battle Fantasy 3","12500","Epic Battle Fantasy 3","46080","16440","100","1","59","0","0","2.8","Epic Battle Fantasy 3"