"","","Game","Watch time","Stream time","Peak viewers","Peak channels","Streamers","Average viewers","Average channels","Average viewer ratio",""
"LEGO Marvel's Avengers","5901","LEGO Marvel's Avengers","495240","200640","240","5","869","0","0","2.47","LEGO Marvel's Avengers"
"Omikron: The Nomad Soul","5902","Omikron: The Nomad Soul","495000","20280","1043","2","58","0","0","24.41","Omikron: The Nomad Soul"
"Memento Mori 2","5903","Memento Mori 2","494880","1440","4250","1","5","0","0","343.67","Memento Mori 2"
"Virtual Virtual Reality","5904","Virtual Virtual Reality","494580","29760","1136","3","175","0","0","16.62","Virtual Virtual Reality"
"Guitar Hero: Warriors of Rock","5905","Guitar Hero: Warriors of Rock","493980","52440","704","3","220","0","0","9.42","Guitar Hero: Warriors of Rock"
"Russian Fool","5906","Russian Fool","493860","1140","8005","1","9","0","0","433.21","Russian Fool"
"Pro Evolution Soccer 2017","5907","Pro Evolution Soccer 2017","493860","98220","4993","3","407","0","0","5.03","Pro Evolution Soccer 2017"
"Kirby: Planet Robobot","5908","Kirby: Planet Robobot","493800","19440","540","2","52","0","0","25.4","Kirby: Planet Robobot"
"Dead Age","5909","Dead Age","493620","21060","856","4","87","0","0","23.44","Dead Age"
"Skyworld","5910","Skyworld","493440","13680","3377","2","62","0","0","36.07","Skyworld"
"Hammerwatch","5911","Hammerwatch","493140","112200","709","4","448","0","0","4.4","Hammerwatch"
"Ninja Kid","5912","Ninja Kid","492840","900","1742","1","5","0","0","547.6","Ninja Kid"
"Qasir Al-Wasat: A Night in-Between","5913","Qasir Al-Wasat: A Night in-Between","492600","8400","7289","1","2","0","0","58.64","Qasir Al-Wasat: A Night in-Between"
"Island 359","5914","Island 359","492540","3900","4099","1","19","0","0","126.29","Island 359"
"Super Smash","5915","Super Smash","491580","3960","7785","2","41","0","0","124.14","Super Smash"
"Penumbra: Requiem","5916","Penumbra: Requiem","491460","28980","1951","2","125","0","0","16.96","Penumbra: Requiem"
"Driftland: The Magic Revival","5917","Driftland: The Magic Revival","490920","29760","1260","3","140","0","0","16.5","Driftland: The Magic Revival"
"Ninja Gaiden 3: Razor's Edge","5918","Ninja Gaiden 3: Razor's Edge","490860","118140","219","6","285","0","0","4.15","Ninja Gaiden 3: Razor's Edge"
"Real Pool 3D - Poolians","5919","Real Pool 3D - Poolians","490440","72840","430","4","494","0","0","6.73","Real Pool 3D - Poolians"
"Resident Evil: The Darkside Chronicles","5920","Resident Evil: The Darkside Chronicles","489840","38460","365","2","108","0","0","12.74","Resident Evil: The Darkside Chronicles"
"Lethe - Episode One","5921","Lethe - Episode One","489780","17460","2379","2","73","0","0","28.05","Lethe - Episode One"
"OverStep","5922","OverStep","489720","21180","7141","7","140","0","0","23.12","OverStep"
"Freddi Fish 3: The Case of the Stolen Conch Shell","5923","Freddi Fish 3: The Case of the Stolen Conch Shell","489540","16740","2761","2","130","0","0","29.24","Freddi Fish 3: The Case of the Stolen Conch Shell"
"Phineas and Ferb Ride Again","5924","Phineas and Ferb Ride Again","489420","1440","4486","2","5","0","0","339.88","Phineas and Ferb Ride Again"
"The House of the Dead","5925","The House of the Dead","489240","6060","7805","2","52","0","0","80.73","The House of the Dead"
"Muv-Luv","5926","Muv-Luv","489060","33660","277","3","29","0","0","14.53","Muv-Luv"
"Profane","5927","Profane","489060","7500","905","6","48","0","0","65.21","Profane"
"Alone in the Dark 3","5928","Alone in the Dark 3","489000","4020","3937","1","16","0","0","121.64","Alone in the Dark 3"
"Wolverine","5929","Wolverine","489000","4200","1475","2","18","0","0","116.43","Wolverine"
"Wild Arms Alter Code: F","5930","Wild Arms Alter Code: F","488940","52860","155","3","29","0","0","9.25","Wild Arms Alter Code: F"
"Monster Hunter","5931","Monster Hunter","488820","55740","229","2","188","0","0","8.77","Monster Hunter"
"Zak McKracken and the Alien Mindbenders","5932","Zak McKracken and the Alien Mindbenders","488700","13500","1115","2","36","0","0","36.2","Zak McKracken and the Alien Mindbenders"
"Dreamfall: The Longest Journey","5933","Dreamfall: The Longest Journey","488580","76860","433","4","129","0","0","6.36","Dreamfall: The Longest Journey"
"Neon Beats","5934","Neon Beats","488460","35940","4564","4","440","0","0","13.59","Neon Beats"
"Rolling Bird","5935","Rolling Bird","488460","3540","2688","2","34","0","0","137.98","Rolling Bird"
"Snake's Revenge","5936","Snake's Revenge","488460","6900","2693","1","13","0","0","70.79","Snake's Revenge"
"Until You Fall","5937","Until You Fall","488340","46860","424","4","216","0","0","10.42","Until You Fall"
"Batman: The Video Game","5938","Batman: The Video Game","487860","43020","997","3","98","0","0","11.34","Batman: The Video Game"
"Katamari Forever","5939","Katamari Forever","487500","33060","663","2","103","0","0","14.75","Katamari Forever"
"Car Mechanic Simulator 2015","5940","Car Mechanic Simulator 2015","487320","101400","1647","3","616","0","0","4.81","Car Mechanic Simulator 2015"
"Necropolis","5941","Necropolis","487320","118560","230","5","511","0","0","4.11","Necropolis"
"Superflight","5942","Superflight","487140","76140","4788","3","557","0","0","6.4","Superflight"
"Runescape Classic","5943","Runescape Classic","486540","253140","258","7","1139","0","0","1.92","Runescape Classic"
"Block'hood","5944","Block'hood","485880","12660","840","5","72","0","0","38.38","Block'hood"
"Fallout Tactics: Brotherhood of Steel","5945","Fallout Tactics: Brotherhood of Steel","485400","63780","202","2","89","0","0","7.61","Fallout Tactics: Brotherhood of Steel"
"Pepper's Puzzles","5946","Pepper's Puzzles","485220","7620","233","1","14","0","0","63.68","Pepper's Puzzles"
"Starfall Online","5947","Starfall Online","484920","48060","1232","3","55","0","0","10.09","Starfall Online"
"Farpoint","5948","Farpoint","484320","132780","82","4","761","0","0","3.65","Farpoint"
"Blue Reflection","5949","Blue Reflection","484320","109320","134","4","284","0","0","4.43","Blue Reflection"
"Sherlock Holmes: Nemesis","5950","Sherlock Holmes: Nemesis","484320","12900","2197","2","29","0","0","37.54","Sherlock Holmes: Nemesis"
"Uizuno Blade VR","5951","Uizuno Blade VR","484020","17400","13179","2","99","0","0","27.82","Uizuno Blade VR"
"A Chair in a Room: Greenwater","5952","A Chair in a Room: Greenwater","483480","29040","621","3","154","0","0","16.65","A Chair in a Room: Greenwater"
"King's Bounty: Armored Princess","5953","King's Bounty: Armored Princess","483480","45000","149","2","58","0","0","10.74","King's Bounty: Armored Princess"
"Back to the Future: The Game","5954","Back to the Future: The Game","483420","100980","1122","3","250","0","0","4.79","Back to the Future: The Game"
"skate.","5955","skate.","483240","49620","815","4","192","0","0","9.74","skate."
"Sonic Lost World","5956","Sonic Lost World","482940","90180","161","3","293","0","0","5.36","Sonic Lost World"
"Groove Coaster: Wai Wai Party!!!!","5957","Groove Coaster: Wai Wai Party!!!!","482580","37860","2376","5","128","0","0","12.75","Groove Coaster: Wai Wai Party!!!!"
"LEGO Batman 2: DC Super Heroes","5958","LEGO Batman 2: DC Super Heroes","482580","136380","187","10","697","0","0","3.54","LEGO Batman 2: DC Super Heroes"
"The Long Journey Home","5959","The Long Journey Home","482400","39060","329","3","127","0","0","12.35","The Long Journey Home"
"Toy Story 3","5960","Toy Story 3","482280","58440","668","5","303","0","0","8.25","Toy Story 3"
"Call of Duty: Black Ops Zombies","5961","Call of Duty: Black Ops Zombies","482220","202560","150","6","1082","0","0","2.38","Call of Duty: Black Ops Zombies"
"Counter Fight","5962","Counter Fight","482160","4860","2180","1","45","0","0","99.21","Counter Fight"
"River City Ransom: Underground","5963","River City Ransom: Underground","482100","65640","256","4","214","0","0","7.34","River City Ransom: Underground"
"Fruit Ninja Tournament Edition","5964","Fruit Ninja Tournament Edition","481740","360","3692","1","3","0","0","1338.17","Fruit Ninja Tournament Edition"
"Shadow Man","5965","Shadow Man","481380","59040","93","2","85","0","0","8.15","Shadow Man"
"WWE 2K14","5966","WWE 2K14","481320","22320","2893","2","55","0","0","21.56","WWE 2K14"
"Black Clover: Quartet Knights","5967","Black Clover: Quartet Knights","481200","73860","515","6","321","0","0","6.52","Black Clover: Quartet Knights"
"Riverbond","5968","Riverbond","481140","54120","1715","7","384","0","0","8.89","Riverbond"
"Dance Dance Revolution 2ndMIX","5969","Dance Dance Revolution 2ndMIX","480960","540","8001","1","3","0","0","890.67","Dance Dance Revolution 2ndMIX"
"Sleep Is Death","5970","Sleep Is Death","480960","1800","7981","1","9","0","0","267.2","Sleep Is Death"
"Inmates","5971","Inmates","480300","6780","2568","2","42","0","0","70.84","Inmates"
"Clan Lord","5972","Clan Lord","480300","21420","82","2","6","0","0","22.42","Clan Lord"
"Heartbeat","5973","Heartbeat","480240","75900","190","4","145","0","0","6.33","Heartbeat"
"Pacybits","5974","Pacybits","480060","47940","255","4","144","0","0","10.01","Pacybits"
"Master of Pottery","5975","Master of Pottery","480000","2700","6257","1","13","0","0","177.78","Master of Pottery"
"FIA Truck Racing Championship","5976","FIA Truck Racing Championship","479880","34620","959","14","160","0","0","13.86","FIA Truck Racing Championship"
"Rugby","5977","Rugby","479880","27600","1286","10","110","0","0","17.39","Rugby"
"Tiny Toon Adventures","5978","Tiny Toon Adventures","479880","9840","5965","2","68","0","0","48.77","Tiny Toon Adventures"
"Rory McIlroy PGA Tour","5979","Rory McIlroy PGA Tour","479280","208560","666","6","778","0","0","2.3","Rory McIlroy PGA Tour"
"Fire Emblem Echoes: Shadows of Valentia","5980","Fire Emblem Echoes: Shadows of Valentia","479040","56940","374","3","79","0","0","8.41","Fire Emblem Echoes: Shadows of Valentia"
"Thief: Deadly Shadows","5981","Thief: Deadly Shadows","478920","80760","175","2","152","0","0","5.93","Thief: Deadly Shadows"
"Festival","5982","Festival","478920","13020","4091","2","21","0","0","36.78","Festival"
"LSD","5983","LSD","478380","18060","504","3","65","0","0","26.49","LSD"
"Supreme Commander","5984","Supreme Commander","478320","54180","890","2","138","0","0","8.83","Supreme Commander"
"Abasralsa","5985","Abasralsa","478320","3480","5710","1","23","0","0","137.45","Abasralsa"
"SEGA Bass Fishing","5986","SEGA Bass Fishing","477960","18420","1501","4","143","0","0","25.95","SEGA Bass Fishing"
"Oscar","5987","Oscar","477480","9060","4317","35","57","0","0","52.7","Oscar"
"Kingsway","5988","Kingsway","477420","88440","332","4","484","0","0","5.4","Kingsway"
"Breath of Fire: Dragon Quarter","5989","Breath of Fire: Dragon Quarter","477000","44400","162","3","37","0","0","10.74","Breath of Fire: Dragon Quarter"
"Super Worldbox","5990","Super Worldbox","476880","6840","1958","3","57","0","0","69.72","Super Worldbox"
"Exorcise The Demons","5991","Exorcise The Demons","476880","9660","3553","3","47","0","0","49.37","Exorcise The Demons"
"Kid Icarus","5992","Kid Icarus","476220","53400","505","5","137","0","0","8.92","Kid Icarus"
"The Friends of Ringo Ishikawa","5993","The Friends of Ringo Ishikawa","476040","38940","912","2","161","0","0","12.22","The Friends of Ringo Ishikawa"
"Creepy Road","5994","Creepy Road","475980","19500","982","4","134","0","0","24.41","Creepy Road"
"Beach Buggy Racing","5995","Beach Buggy Racing","475980","27120","6022","3","117","0","0","17.55","Beach Buggy Racing"
"Monster Energy Supercross: The Official Videogame","5996","Monster Energy Supercross: The Official Videogame","475920","103920","372","9","2667","0","0","4.58","Monster Energy Supercross: The Official Videogame"
"Pogyo","5997","Pogyo","475800","59460","70","2","15","0","0","8","Pogyo"
"The 9th Gate","5998","The 9th Gate","475500","4800","1686","2","34","0","0","99.06","The 9th Gate"
"NeosVR","5999","NeosVR","475080","91020","107","4","83","0","0","5.22","NeosVR"
"The Wardrobe","6000","The Wardrobe","474960","13080","863","2","51","0","0","36.31","The Wardrobe"