"","","Game","Watch time","Stream time","Peak viewers","Peak channels","Streamers","Average viewers","Average channels","Average viewer ratio",""
"Pac-Man 256","9301","Pac-Man 256","125580","56460","615","3","200","0","0","2.22","Pac-Man 256"
"Crusaders of the Lost Idols","9302","Crusaders of the Lost Idols","125580","47700","116","2","33","0","0","2.63","Crusaders of the Lost Idols"
"Choices: Stories You Play","9303","Choices: Stories You Play","125580","7920","1972","2","12","0","0","15.86","Choices: Stories You Play"
"Blue's Clues: Blue's Birthday Adventure","9304","Blue's Clues: Blue's Birthday Adventure","125520","1200","754","1","7","0","0","104.6","Blue's Clues: Blue's Birthday Adventure"
"Science Visual Novel","9305","Science Visual Novel","125520","6420","553","2","25","0","0","19.55","Science Visual Novel"
"Draw a Stickman: EPIC 2","9306","Draw a Stickman: EPIC 2","125520","5100","218","1","30","0","0","24.61","Draw a Stickman: EPIC 2"
"Table Top Racing: World Tour","9307","Table Top Racing: World Tour","125460","31140","113","2","171","0","0","4.03","Table Top Racing: World Tour"
"Nancy Drew: Ghost Dogs of Moon Lake","9308","Nancy Drew: Ghost Dogs of Moon Lake","125460","20580","27","2","65","0","0","6.1","Nancy Drew: Ghost Dogs of Moon Lake"
"Bloody Rally Show","9309","Bloody Rally Show","125340","1140","2048","1","6","0","0","109.95","Bloody Rally Show"
"WET","9310","WET","125280","10500","529","1","43","0","0","11.93","WET"
"LocoRoco","9311","LocoRoco","125220","13140","194","3","105","0","0","9.53","LocoRoco"
"The Disappearing of Gensokyo","9312","The Disappearing of Gensokyo","125220","26640","722","3","113","0","0","4.7","The Disappearing of Gensokyo"
"Race","9313","Race","125160","61320","651","2","111","0","0","2.04","Race"
"htoL#NiQ: The Firefly Diary","9314","htoL#NiQ: The Firefly Diary","125100","25140","106","2","85","0","0","4.98","htoL#NiQ: The Firefly Diary"
"Spy Fox 2: Some Assembly Required","9315","Spy Fox 2: Some Assembly Required","125100","11100","331","2","73","0","0","11.27","Spy Fox 2: Some Assembly Required"
"Kung Fu Panda","9316","Kung Fu Panda","124980","10980","401","1","38","0","0","11.38","Kung Fu Panda"
"Hexcells Plus","9317","Hexcells Plus","124920","14520","178","2","32","0","0","8.6","Hexcells Plus"
"Dreamwalker: Never Fall Asleep","9318","Dreamwalker: Never Fall Asleep","124920","4260","253","2","16","0","0","29.32","Dreamwalker: Never Fall Asleep"
"Karnov's Revenge","9319","Karnov's Revenge","124860","11820","431","2","40","0","0","10.56","Karnov's Revenge"
"Abyss Horizon","9320","Abyss Horizon","124740","15120","203","3","36","0","0","8.25","Abyss Horizon"
"Madden NFL 11","9321","Madden NFL 11","124680","9960","49","2","11","0","0","12.52","Madden NFL 11"
"Raccoo Venture","9322","Raccoo Venture","124680","10200","106","6","54","0","0","12.22","Raccoo Venture"
"Madden NFL 12","9323","Madden NFL 12","124560","1980","833","1","13","0","0","62.91","Madden NFL 12"
"Disney's The Little Mermaid II","9324","Disney's The Little Mermaid II","124500","540","642","1","3","0","0","230.56","Disney's The Little Mermaid II"
"Sniper: Ghost Warrior","9325","Sniper: Ghost Warrior","124380","47040","111","3","261","0","0","2.64","Sniper: Ghost Warrior"
"Dungeon Hack","9326","Dungeon Hack","124320","7800","283","2","21","0","0","15.94","Dungeon Hack"
"Pu-Li-Ru-La","9327","Pu-Li-Ru-La","124260","1980","1385","1","15","0","0","62.76","Pu-Li-Ru-La"
"Candy Crush Soda Saga","9328","Candy Crush Soda Saga","124200","54660","498","2","116","0","0","2.27","Candy Crush Soda Saga"
"RuneScape: Idle Adventures","9329","RuneScape: Idle Adventures","124080","10140","799","1","22","0","0","12.24","RuneScape: Idle Adventures"
"Mega Man Battle Network 5: Double Team DS","9330","Mega Man Battle Network 5: Double Team DS","124020","19860","79","2","27","0","0","6.24","Mega Man Battle Network 5: Double Team DS"
"Fortix 2","9331","Fortix 2","124020","18720","94","2","11","0","0","6.63","Fortix 2"
"Muchi Muchi Pork! & Pink Sweets","9332","Muchi Muchi Pork! & Pink Sweets","124020","2940","142","1","5","0","0","42.18","Muchi Muchi Pork! & Pink Sweets"
"Simply Minesweeper","9333","Simply Minesweeper","124020","15840","179","2","102","0","0","7.83","Simply Minesweeper"
"Skate 2","9334","Skate 2","123960","25500","264","2","85","0","0","4.86","Skate 2"
"Microcosmum: Survival of Cells","9335","Microcosmum: Survival of Cells","123840","7800","62","1","5","0","0","15.88","Microcosmum: Survival of Cells"
"Spooky Ghosts Dot Com","9336","Spooky Ghosts Dot Com","123840","4980","312","2","24","0","0","24.87","Spooky Ghosts Dot Com"
"DayD: Through Time","9337","DayD: Through Time","123840","300","748","1","2","0","0","412.8","DayD: Through Time"
"The Bouncer","9338","The Bouncer","123780","18900","134","2","77","0","0","6.55","The Bouncer"
"Fawnix","9339","Fawnix","123720","600","317","1","1","0","0","206.2","Fawnix"
"Darkness Within: In Pursuit of Loath Nolder","9340","Darkness Within: In Pursuit of Loath Nolder","123600","20280","174","2","56","0","0","6.09","Darkness Within: In Pursuit of Loath Nolder"
"Crash of the Titans","9341","Crash of the Titans","123540","23100","348","2","97","0","0","5.35","Crash of the Titans"
"Grand Theft Auto: London 1969","9342","Grand Theft Auto: London 1969","123540","5760","581","1","20","0","0","21.45","Grand Theft Auto: London 1969"
"Zooba","9343","Zooba","123540","21660","1032","4","80","0","0","5.7","Zooba"
"Family Guy: Back to the Multiverse","9344","Family Guy: Back to the Multiverse","123480","9120","568","2","37","0","0","13.54","Family Guy: Back to the Multiverse"
"Ace Combat Assault Horizon","9345","Ace Combat Assault Horizon","123480","29520","275","3","130","0","0","4.18","Ace Combat Assault Horizon"
"Trauma Center: New Blood","9346","Trauma Center: New Blood","123420","16440","127","2","30","0","0","7.51","Trauma Center: New Blood"
"Rush'n Attack","9347","Rush'n Attack","123420","2700","2003","1","15","0","0","45.71","Rush'n Attack"
"Yu-Gi-Oh! 5D's World Championship 2011: Over the Nexus","9348","Yu-Gi-Oh! 5D's World Championship 2011: Over the Nexus","123420","10980","159","1","24","0","0","11.24","Yu-Gi-Oh! 5D's World Championship 2011: Over the Nexus"
"Nicktoons: Battle for Volcano Island","9349","Nicktoons: Battle for Volcano Island","123360","4140","3206","2","20","0","0","29.8","Nicktoons: Battle for Volcano Island"
"Fausts Alptraum","9350","Fausts Alptraum","123360","31140","99","3","102","0","0","3.96","Fausts Alptraum"
"Heroes and Castles","9351","Heroes and Castles","123300","38580","125","2","7","0","0","3.2","Heroes and Castles"
"Pure Pool","9352","Pure Pool","123300","23040","132","2","242","0","0","5.35","Pure Pool"
"The Settlers","9353","The Settlers","123120","20280","383","2","47","0","0","6.07","The Settlers"
"Bubsy Two-Fur","9354","Bubsy Two-Fur","123120","3420","131","1","12","0","0","36","Bubsy Two-Fur"
"BrantSteele","9355","BrantSteele","123120","6360","346","2","19","0","0","19.36","BrantSteele"
"Detective Gallo","9356","Detective Gallo","123060","10380","253","2","25","0","0","11.86","Detective Gallo"
"Blair Witch, Volume II: The Legend of Coffin Rock","9357","Blair Witch, Volume II: The Legend of Coffin Rock","123000","2520","167","1","8","0","0","48.81","Blair Witch, Volume II: The Legend of Coffin Rock"
"Paper Mario: Sticker Star","9358","Paper Mario: Sticker Star","123000","20460","78","3","26","0","0","6.01","Paper Mario: Sticker Star"
"Final Fantasy Fables: Chocobo's Dungeon","9359","Final Fantasy Fables: Chocobo's Dungeon","123000","20280","102","4","27","0","0","6.07","Final Fantasy Fables: Chocobo's Dungeon"
"The Legend of Kyrandia","9360","The Legend of Kyrandia","122880","14460","425","2","49","0","0","8.5","The Legend of Kyrandia"
"Kirby Adventure","9361","Kirby Adventure","122820","10560","856","1","69","0","0","11.63","Kirby Adventure"
"Naruto x Boruto: Ninja Borutage","9362","Naruto x Boruto: Ninja Borutage","122820","43380","91","2","58","0","0","2.83","Naruto x Boruto: Ninja Borutage"
"Asagao Academy: Normal Boots Club","9363","Asagao Academy: Normal Boots Club","122760","12120","146","1","24","0","0","10.13","Asagao Academy: Normal Boots Club"
"Where's My Mommy?","9364","Where's My Mommy?","122700","2100","1958","1","8","0","0","58.43","Where's My Mommy?"
"Starship Troopers","9365","Starship Troopers","122700","14400","462","1","61","0","0","8.52","Starship Troopers"
"Quest For Infamy","9366","Quest For Infamy","122640","11400","48","1","10","0","0","10.76","Quest For Infamy"
"MLB '98","9367","MLB '98","122640","660","543","1","2","0","0","185.82","MLB '98"
"Act It Out! A Game of Charades","9368","Act It Out! A Game of Charades","122580","5520","158","1","31","0","0","22.21","Act It Out! A Game of Charades"
"Our World is Ended","9369","Our World is Ended","122520","10080","210","1","46","0","0","12.15","Our World is Ended"
"Tecmo Bowl","9370","Tecmo Bowl","122220","10800","687","2","88","0","0","11.32","Tecmo Bowl"
"MDK","9371","MDK","122160","12720","193","1","39","0","0","9.6","MDK"
"Kid Dracula","9372","Kid Dracula","122160","12000","350","4","56","0","0","10.18","Kid Dracula"
"Nobunaga no Yabou: Bushouhuunroku","9373","Nobunaga no Yabou: Bushouhuunroku","122160","2940","83","1","1","0","0","41.55","Nobunaga no Yabou: Bushouhuunroku"
"Totally Rad","9374","Totally Rad","122100","1800","523","1","7","0","0","67.83","Totally Rad"
"Galerians","9375","Galerians","122040","20460","47","2","47","0","0","5.96","Galerians"
"Fear of Clowns","9376","Fear of Clowns","122040","4080","637","1","30","0","0","29.91","Fear of Clowns"
"Elea","9377","Elea","121980","4980","457","1","31","0","0","24.49","Elea"
"DoDonPachi Resurrection","9378","DoDonPachi Resurrection","121980","46440","98","3","135","0","0","2.63","DoDonPachi Resurrection"
"DEFCON: Everybody Dies","9379","DEFCON: Everybody Dies","121920","10440","752","2","78","0","0","11.68","DEFCON: Everybody Dies"
"Taz-Mania","9380","Taz-Mania","121920","3720","774","3","23","0","0","32.77","Taz-Mania"
"Impossible Creatures","9381","Impossible Creatures","121800","36480","136","2","125","0","0","3.34","Impossible Creatures"
"Angry Birds","9382","Angry Birds","121800","12180","688","2","104","0","0","10","Angry Birds"
"Create","9383","Create","121800","58020","132","3","179","0","0","2.1","Create"
".hack//MUTATION - Part 2","9384",".hack//MUTATION - Part 2","121680","42900","36","3","49","0","0","2.84",".hack//MUTATION - Part 2"
"Virtua Tennis","9385","Virtua Tennis","121680","10380","249","3","49","0","0","11.72","Virtua Tennis"
"OLDTV","9386","OLDTV","121620","10320","636","2","88","0","0","11.78","OLDTV"
"Tempest","9387","Tempest","121560","65100","116","2","51","0","0","1.87","Tempest"
"Disney's Lilo & Stitch","9388","Disney's Lilo & Stitch","121560","6240","1042","2","16","0","0","19.48","Disney's Lilo & Stitch"
"Bookworm Adventures","9389","Bookworm Adventures","121560","74640","225","3","56","0","0","1.63","Bookworm Adventures"
"Teenage Mutant Ninja Turtles: Mutants in Manhattan","9390","Teenage Mutant Ninja Turtles: Mutants in Manhattan","121500","45420","432","4","152","0","0","2.68","Teenage Mutant Ninja Turtles: Mutants in Manhattan"
"Neon Genesis Evangelion","9391","Neon Genesis Evangelion","121440","6240","770","1","32","0","0","19.46","Neon Genesis Evangelion"
"Super Bomberman 4","9392","Super Bomberman 4","121380","14160","321","2","69","0","0","8.57","Super Bomberman 4"
"Cuckwork: Mama pays for her useless son's failures with her body","9393","Cuckwork: Mama pays for her useless son's failures with her body","121380","1680","988","1","8","0","0","72.25","Cuckwork: Mama pays for her useless son's failures with her body"
"Damned Daniel","9394","Damned Daniel","121380","11100","198","1","53","0","0","10.94","Damned Daniel"
"StarBlox, Inc.","9395","StarBlox, Inc.","121380","1080","906","2","7","0","0","112.39","StarBlox, Inc."
"Eye of the Beholder","9396","Eye of the Beholder","121260","16440","185","2","39","0","0","7.38","Eye of the Beholder"
"Attack on Titan Tribute","9397","Attack on Titan Tribute","121260","66060","40","4","304","0","0","1.84","Attack on Titan Tribute"
"Sanctum","9398","Sanctum","121260","15720","402","2","68","0","0","7.71","Sanctum"
"FIFA 99","9399","FIFA 99","121260","4200","1587","1","25","0","0","28.87","FIFA 99"
"Bugs Must Die","9400","Bugs Must Die","121260","4020","1076","1","22","0","0","30.16","Bugs Must Die"