"","","Game","Watch time","Stream time","Peak viewers","Peak channels","Streamers","Average viewers","Average channels","Average viewer ratio",""
"Super Mario Party","601","Super Mario Party","39036000","630540","34346","19","3815","74","1","61.91","Super Mario Party"
"CLOP","602","CLOP","38822220","127800","17320","18","773","73","0","303.77","CLOP"
"Mafia","603","Mafia","38388600","937020","15269","15","1987","73","1","40.97","Mafia"
"PlanetSide 2","604","PlanetSide 2","38357580","5135280","5102","44","8033","72","9","7.47","PlanetSide 2"
"Silent Hill 3","605","Silent Hill 3","38355900","652020","143568","15","1198","72","1","58.83","Silent Hill 3"
"Dragalia Lost","606","Dragalia Lost","38117940","1350360","8422","41","1043","72","2","28.23","Dragalia Lost"
"Darksiders Genesis","607","Darksiders Genesis","38093100","936360","25443","265","2516","72","1","40.68","Darksiders Genesis"
"Mario Kart Wii","608","Mario Kart Wii","37954560","3373860","4931","39","2517","72","6","11.25","Mario Kart Wii"
"Black Squad","609","Black Squad","37929000","7513020","1930","47","10604","72","14","5.05","Black Squad"
"The Evil Within 2","610","The Evil Within 2","37908720","2442060","18442","25","8250","72","4","15.52","The Evil Within 2"
"Prison Architect","611","Prison Architect","37898340","1590840","12414","25","5945","72","3","23.82","Prison Architect"
"Telling Lies","612","Telling Lies","37797360","218040","34822","39","897","71","0","173.35","Telling Lies"
"Project Zomboid","613","Project Zomboid","37741740","2303220","5691","24","4542","71","4","16.39","Project Zomboid"
"Undermine","614","Undermine","37656540","705120","26395","37","1788","71","1","53.4","Undermine"
"Wargroove","615","Wargroove","37564620","1275300","30241","156","3958","71","2","29.46","Wargroove"
"Creative Destruction","616","Creative Destruction","37379640","8486700","7482","100","16840","71","16","4.4","Creative Destruction"
"Borderlands: The Pre-Sequel!","617","Borderlands: The Pre-Sequel!","37036140","4987620","12848","65","16521","70","9","7.43","Borderlands: The Pre-Sequel!"
"GetAmped","618","GetAmped","36946560","335100","15296","12","624","70","0","110.26","GetAmped"
"Skylanders Ring of Heroes","619","Skylanders Ring of Heroes","36787980","1231980","10208","28","663","70","2","29.86","Skylanders Ring of Heroes"
"Shadow of the Tomb Raider","620","Shadow of the Tomb Raider","36752880","7829400","2843","75","22216","69","14","4.69","Shadow of the Tomb Raider"
"Warhammer: Chaosbane","621","Warhammer: Chaosbane","36703440","1181820","24285","188","3140","69","2","31.06","Warhammer: Chaosbane"
"MechWarrior 5: Mercenaries","622","MechWarrior 5: Mercenaries","36665640","1143480","19401","162","1765","69","2","32.06","MechWarrior 5: Mercenaries"
"Black Mesa","623","Black Mesa","36576600","1135140","9132","37","3697","69","2","32.22","Black Mesa"
"Domina","624","Domina","36502980","480600","16358","11","1809","69","0","75.95","Domina"
"Trine 4","625","Trine 4","36474000","531960","21468","83","1640","69","1","68.57","Trine 4"
"This War of Mine","626","This War of Mine","36408960","1724220","10373","35","6950","69","3","21.12","This War of Mine"
"XCOM 2","627","XCOM 2","36345120","3128100","17168","27","6516","69","5","11.62","XCOM 2"
"The Legend of Zelda: Skyward Sword","628","The Legend of Zelda: Skyward Sword","36269400","1189500","11497","17","1006","69","2","30.49","The Legend of Zelda: Skyward Sword"
"Black Survival","629","Black Survival","36251160","2220960","1303","19","1142","68","4","16.32","Black Survival"
"Daymare: 1998","630","Daymare: 1998","36139680","506040","26518","76","1795","68","0","71.42","Daymare: 1998"
"The Legend of Zelda: The Minish Cap","631","The Legend of Zelda: The Minish Cap","36125880","746880","152020","14","1280","68","1","48.37","The Legend of Zelda: The Minish Cap"
"The Joy Of Sex","632","The Joy Of Sex","36078540","67860","31847","13","346","68","0","531.66","The Joy Of Sex"
"X-Plane 11","633","X-Plane 11","36070440","4530480","10512","30","4089","68","8","7.96","X-Plane 11"
"Silver Chains","634","Silver Chains","36047940","294780","26167","50","1457","68","0","122.29","Silver Chains"
"Disco Elysium","635","Disco Elysium","36038340","765780","25405","46","2340","68","1","47.06","Disco Elysium"
"Resident Evil","636","Resident Evil","36026280","1088040","134533","19","5999","68","2","33.11","Resident Evil"
"Pagan Online","637","Pagan Online","36022080","1292400","28830","75","2303","68","2","27.87","Pagan Online"
"Far Cry 5","638","Far Cry 5","36004380","7716960","2466","85","34083","68","14","4.67","Far Cry 5"
"The Witness","639","The Witness","35795640","3192780","14657","138","12466","68","6","11.21","The Witness"
"Pro Evolution Soccer 2019","640","Pro Evolution Soccer 2019","35728500","4996080","6775","44","9679","67","9","7.15","Pro Evolution Soccer 2019"
"Monster Boy and The Cursed Kingdom","641","Monster Boy and The Cursed Kingdom","35677800","449100","105003","27","890","67","0","79.44","Monster Boy and The Cursed Kingdom"
"Portal","642","Portal","35648700","1539960","171880","17","9947","67","2","23.15","Portal"
"Yakuza Kiwami","643","Yakuza Kiwami","35319060","2857020","5457","90","5131","67","5","12.36","Yakuza Kiwami"
"Mass Effect 3","644","Mass Effect 3","35294640","2896800","4277","26","2696","67","5","12.18","Mass Effect 3"
"Just Dance 2020","645","Just Dance 2020","35195160","474300","31855","39","1361","66","0","74.2","Just Dance 2020"
"Earth Defense Forces 5","646","Earth Defense Forces 5","34980240","1393620","23317","57","2135","66","2","25.1","Earth Defense Forces 5"
"APB Reloaded","647","APB Reloaded","34763760","4475640","769","30","3892","66","8","7.77","APB Reloaded"
"Generation Zero","648","Generation Zero","34564260","3225660","24289","368","10246","65","6","10.72","Generation Zero"
"Mega Man X","649","Mega Man X","34557120","1107720","12618","18","2498","65","2","31.2","Mega Man X"
"Dreams","650","Dreams","34411560","807660","26516","34","2273","65","1","42.61","Dreams"
"Pavlov VR","651","Pavlov VR","34367580","2012100","27044","24","9233","65","3","17.08","Pavlov VR"
"Final Fantasy VI","652","Final Fantasy VI","34357920","2042760","18621","19","1988","65","3","16.82","Final Fantasy VI"
"KurtzPel","653","KurtzPel","34289400","4540260","7338","267","12633","65","8","7.55","KurtzPel"
"Trash","654","Trash","34127880","244440","12029","10","538","64","0","139.62","Trash"
"The Elder Scrolls III: Morrowind","655","The Elder Scrolls III: Morrowind","34077060","1962420","115183","33","3708","64","3","17.36","The Elder Scrolls III: Morrowind"
"Last Epoch","656","Last Epoch","33862380","926760","7664","88","1233","64","1","36.54","Last Epoch"
"Destiny","657","Destiny","33789420","6258000","14559","49","15048","64","11","5.4","Destiny"
"Darkwood","658","Darkwood","33628260","988800","11590","18","3032","63","1","34.01","Darkwood"
"Hellblade","659","Hellblade","33544080","3103440","27170","43","13577","63","5","10.81","Hellblade"
"GRIS","660","GRIS","33438120","1486560","19347","32","7539","63","2","22.49","GRIS"
"The Legend of Bum-bo","661","The Legend of Bum-bo","33356220","589080","18131","248","2022","63","1","56.62","The Legend of Bum-bo"
"Half Dead 2","662","Half Dead 2","33349920","281160","25494","16","2132","63","0","118.62","Half Dead 2"
"HITMAN","663","HITMAN","33304620","3142680","14807","104","17189","63","5","10.6","HITMAN"
"Pokémon Stadium 2","664","Pokémon Stadium 2","33237480","295980","6443","18","609","63","0","112.3","Pokémon Stadium 2"
"Barotrauma","665","Barotrauma","33021720","448620","17814","43","1433","62","0","73.61","Barotrauma"
"Lost In Vivo","666","Lost In Vivo","33015240","331980","20664","10","1402","62","0","99.45","Lost In Vivo"
"Marvel Ultimate Alliance 3: The Black Order","667","Marvel Ultimate Alliance 3: The Black Order","32993580","1188900","18104","275","2637","62","2","27.75","Marvel Ultimate Alliance 3: The Black Order"
"Yu-Gi-Oh! Forbidden Memories","668","Yu-Gi-Oh! Forbidden Memories","32785200","1208520","15145","41","854","62","2","27.13","Yu-Gi-Oh! Forbidden Memories"
"Metal Gear Solid 4: Guns of the Patriots","669","Metal Gear Solid 4: Guns of the Patriots","32766960","470280","5292","9","678","62","0","69.68","Metal Gear Solid 4: Guns of the Patriots"
"Two Point Hospital","670","Two Point Hospital","32681700","1763940","5100","78","5630","62","3","18.53","Two Point Hospital"
"EarthBound","671","EarthBound","32587200","1512720","14409","19","2094","62","2","21.54","EarthBound"
"Middle-earth: Shadow of War","672","Middle-earth: Shadow of War","32461200","3306360","5270","28","12297","61","6","9.82","Middle-earth: Shadow of War"
"Mega Man 11","673","Mega Man 11","32351400","626940","124320","11","2319","61","1","51.6","Mega Man 11"
"Donkey Kong Country 2: Diddy's Kong Quest","674","Donkey Kong Country 2: Diddy's Kong Quest","32303580","967860","156333","12","1637","61","1","33.38","Donkey Kong Country 2: Diddy's Kong Quest"
"Crossout","675","Crossout","32278440","6693960","38619","46","9112","61","12","4.82","Crossout"
"Spore","676","Spore","32068860","768960","17434","13","4480","61","1","41.7","Spore"
"Mabinogi","677","Mabinogi","31934400","3644100","2851","28","2304","60","6","8.76","Mabinogi"
"Lineage: The Blood Pledge","678","Lineage: The Blood Pledge","31932060","2333700","7980","19","275","60","4","13.68","Lineage: The Blood Pledge"
"Plants vs. Zombies: Battle for Neighborville","679","Plants vs. Zombies: Battle for Neighborville","31742040","1305360","30686","54","5721","60","2","24.32","Plants vs. Zombies: Battle for Neighborville"
"GuJian","680","GuJian","31726440","183420","7122","7","210","60","0","172.97","GuJian"
"Naruto Shippuden: Ultimate Ninja Storm 4","681","Naruto Shippuden: Ultimate Ninja Storm 4","31628100","2276580","26197","21","10791","60","4","13.89","Naruto Shippuden: Ultimate Ninja Storm 4"
"Prominence Poker","682","Prominence Poker","31618560","1527120","25841","24","5969","60","2","20.7","Prominence Poker"
"BioShock","683","BioShock","31401000","3741720","5543","29","12526","59","7","8.39","BioShock"
"What the Golf?","684","What the Golf?","31359960","132180","26889","15","739","59","0","237.25","What the Golf?"
"Warhammer","685","Warhammer","31305120","841860","6264","15","751","59","1","37.19","Warhammer"
"XCOM: Enemy Within","686","XCOM: Enemy Within","31295640","1445100","5851","15","1463","59","2","21.66","XCOM: Enemy Within"
"Sonic Adventure 2: Battle","687","Sonic Adventure 2: Battle","31266060","1419720","11389","21","3774","59","2","22.02","Sonic Adventure 2: Battle"
"Donkey Kong Country: Tropical Freeze","688","Donkey Kong Country: Tropical Freeze","31221360","400860","166736","21","1210","59","0","77.89","Donkey Kong Country: Tropical Freeze"
"Mass Effect 2","689","Mass Effect 2","31166520","3001680","5861","26","3708","59","5","10.38","Mass Effect 2"
"Pokémon Black/White","690","Pokémon Black/White","30970800","1615440","18193","18","4268","58","3","19.17","Pokémon Black/White"
"Final Fantasy","691","Final Fantasy","30955920","1398480","15878","35","1246","58","2","22.14","Final Fantasy"
"South Park: The Fractured But Whole","692","South Park: The Fractured But Whole","30927240","2112420","25048","23","7752","58","4","14.64","South Park: The Fractured But Whole"
"Call of Duty: Ghosts","693","Call of Duty: Ghosts","30925020","2672580","28447","59","9102","58","5","11.57","Call of Duty: Ghosts"
"Reventure","694","Reventure","30915240","363900","20569","22","1734","58","0","84.96","Reventure"
"The Walking Dead: Season Two","695","The Walking Dead: Season Two","30862080","1006560","20262","16","2783","58","1","30.66","The Walking Dead: Season Two"
"The Witcher 2: Assassins of Kings","696","The Witcher 2: Assassins of Kings","30825120","1777680","5670","35","3450","58","3","17.34","The Witcher 2: Assassins of Kings"
"Devil May Cry 3: Special Edition","697","Devil May Cry 3: Special Edition","30699900","590100","33879","22","1564","58","1","52.02","Devil May Cry 3: Special Edition"
"Foundation","698","Foundation","30622020","894480","29078","40","2382","58","1","34.23","Foundation"
"Fitness Boxing","699","Fitness Boxing","30503160","116760","7335","6","253","58","0","261.25","Fitness Boxing"
"Heave Ho","700","Heave Ho","30331260","138120","35284","11","883","57","0","219.6","Heave Ho"