"","","Game","Watch time","Stream time","Peak viewers","Peak channels","Streamers","Average viewers","Average channels","Average viewer ratio",""
"Finding Teddy","14101","Finding Teddy","29640","3060","110","2","21","0","0","9.69","Finding Teddy"
"Bloody Roar 3","14102","Bloody Roar 3","29640","5460","24","1","16","0","0","5.43","Bloody Roar 3"
"The Residents: Bad Day on the Midway","14103","The Residents: Bad Day on the Midway","29640","240","149","1","1","0","0","123.5","The Residents: Bad Day on the Midway"
"Chronicles of Teddy: Harmony of Exidus","14104","Chronicles of Teddy: Harmony of Exidus","29640","15300","20","2","81","0","0","1.94","Chronicles of Teddy: Harmony of Exidus"
"Mainlining","14105","Mainlining","29640","8640","106","2","41","0","0","3.43","Mainlining"
"Pokémon Play It!","14106","Pokémon Play It!","29640","8040","19","2","35","0","0","3.69","Pokémon Play It!"
"Sudoku Relax","14107","Sudoku Relax","29580","1740","299","1","20","0","0","17","Sudoku Relax"
"7,62 High Calibre","14108","7,62 High Calibre","29580","3540","37","1","8","0","0","8.36","7,62 High Calibre"
"Tetraminos","14109","Tetraminos","29580","6420","223","2","39","0","0","4.61","Tetraminos"
"Orake 2D","14110","Orake 2D","29580","4620","22","1","4","0","0","6.4","Orake 2D"
"Yousician","14111","Yousician","29580","12720","39","2","38","0","0","2.33","Yousician"
"Monster Hunter G","14112","Monster Hunter G","29580","3000","31","1","8","0","0","9.86","Monster Hunter G"
"The Last Tinker: City of Colors","14113","The Last Tinker: City of Colors","29580","8880","24","2","34","0","0","3.33","The Last Tinker: City of Colors"
"Alphadia Genesis","14114","Alphadia Genesis","29580","6240","74","1","7","0","0","4.74","Alphadia Genesis"
"Might and Magic: Heroes VII - Trial by Fire","14115","Might and Magic: Heroes VII - Trial by Fire","29520","3600","370","1","21","0","0","8.2","Might and Magic: Heroes VII - Trial by Fire"
"MetalMech: Man & Machine","14116","MetalMech: Man & Machine","29520","240","292","2","3","0","0","123","MetalMech: Man & Machine"
"Elefunk","14117","Elefunk","29520","60","492","1","1","0","0","492","Elefunk"
"Exalted","14118","Exalted","29520","8580","24","2","13","0","0","3.44","Exalted"
"AirCars","14119","AirCars","29520","1920","308","2","28","0","0","15.38","AirCars"
"America's Greatest Game Shows: Wheel of Fortune & Jeopardy!","14120","America's Greatest Game Shows: Wheel of Fortune & Jeopardy!","29520","5580","246","1","30","0","0","5.29","America's Greatest Game Shows: Wheel of Fortune & Jeopardy!"
"Candy Crush Jelly Saga","14121","Candy Crush Jelly Saga","29520","7800","97","1","33","0","0","3.78","Candy Crush Jelly Saga"
"Gachimuchi Arcade: Lustful Boys ♂","14122","Gachimuchi Arcade: Lustful Boys ♂","29460","5280","546","2","38","0","0","5.58","Gachimuchi Arcade: Lustful Boys ♂"
".T.E.S.T: Expected Behaviour — Sci-Fi 3D Puzzle Quest","14123",".T.E.S.T: Expected Behaviour — Sci-Fi 3D Puzzle Quest","29460","3000","121","1","20","0","0","9.82",".T.E.S.T: Expected Behaviour — Sci-Fi 3D Puzzle Quest"
"Eagle Eye Mysteries","14124","Eagle Eye Mysteries","29460","1260","54","1","1","0","0","23.38","Eagle Eye Mysteries"
"Family Guy: Uncensored","14125","Family Guy: Uncensored","29460","480","78","1","1","0","0","61.38","Family Guy: Uncensored"
"Who's That Flying?!","14126","Who's That Flying?!","29460","1260","86","1","5","0","0","23.38","Who's That Flying?!"
"Hatsune Miku: Project DIVA Arcade","14127","Hatsune Miku: Project DIVA Arcade","29460","10860","13","2","40","0","0","2.71","Hatsune Miku: Project DIVA Arcade"
"VR Ping Pong Pro","14128","VR Ping Pong Pro","29400","1020","250","1","14","0","0","28.82","VR Ping Pong Pro"
"Truth or Lies","14129","Truth or Lies","29400","540","194","1","6","0","0","54.44","Truth or Lies"
"Scaler","14130","Scaler","29400","11280","21","2","22","0","0","2.61","Scaler"
"Hatris","14131","Hatris","29400","4560","234","3","13","0","0","6.45","Hatris"
"Playboy: The Mansion","14132","Playboy: The Mansion","29400","1920","107","1","13","0","0","15.31","Playboy: The Mansion"
"Kinect Adventures!","14133","Kinect Adventures!","29400","600","451","1","4","0","0","49","Kinect Adventures!"
"Meine Tierklinik","14134","Meine Tierklinik","29400","600","224","1","2","0","0","49","Meine Tierklinik"
"Stern Pinball Arcade","14135","Stern Pinball Arcade","29400","22560","24","2","94","0","0","1.3","Stern Pinball Arcade"
"deeeep.io","14136","deeeep.io","29400","13440","57","1","99","0","0","2.19","deeeep.io"
"Super Real Mahjong P7","14137","Super Real Mahjong P7","29340","1140","51","1","3","0","0","25.74","Super Real Mahjong P7"
"Fushigi no Dungeon: Fuurai no Shiren 5 - Fortune Tower to Unmei no Dice","14138","Fushigi no Dungeon: Fuurai no Shiren 5 - Fortune Tower to Unmei no Dice","29340","7920","40","2","12","0","0","3.7","Fushigi no Dungeon: Fuurai no Shiren 5 - Fortune Tower to Unmei no Dice"
"CosmoTank","14139","CosmoTank","29340","900","75","1","7","0","0","32.6","CosmoTank"
"Marine Park Empire","14140","Marine Park Empire","29340","180","372","1","2","0","0","163","Marine Park Empire"
"OK K.O.! Let's Be Heroes","14141","OK K.O.! Let's Be Heroes","29340","11880","38","1","24","0","0","2.47","OK K.O.! Let's Be Heroes"
"Naruto Gekitou Ninja Taisen Ex","14142","Naruto Gekitou Ninja Taisen Ex","29340","900","62","1","3","0","0","32.6","Naruto Gekitou Ninja Taisen Ex"
"Guwange","14143","Guwange","29340","20160","44","2","22","0","0","1.46","Guwange"
"Mighty Final Fight","14144","Mighty Final Fight","29340","5700","197","1","28","0","0","5.15","Mighty Final Fight"
"beatmania IIDX 16 EMPRESS","14145","beatmania IIDX 16 EMPRESS","29340","9900","180","2","30","0","0","2.96","beatmania IIDX 16 EMPRESS"
"Grand Ages: Rome","14146","Grand Ages: Rome","29340","4500","78","1","11","0","0","6.52","Grand Ages: Rome"
"Madouou Granzort","14147","Madouou Granzort","29280","420","116","1","2","0","0","69.71","Madouou Granzort"
"Wanking Simulator","14148","Wanking Simulator","29280","600","204","1","3","0","0","48.8","Wanking Simulator"
"Nexuiz","14149","Nexuiz","29280","31440","34","2","100","0","0","0.93","Nexuiz"
"Fantasy General","14150","Fantasy General","29280","11760","103","1","17","0","0","2.49","Fantasy General"
"Art World","14151","Art World","29280","19560","25","2","37","0","0","1.5","Art World"
"Voices from the Sea","14152","Voices from the Sea","29280","2160","129","1","11","0","0","13.56","Voices from the Sea"
"Little Adventure on the Prairie","14153","Little Adventure on the Prairie","29280","4260","191","2","38","0","0","6.87","Little Adventure on the Prairie"
"Bottle","14154","Bottle","29280","1020","197","1","10","0","0","28.71","Bottle"
"LongStory","14155","LongStory","29220","3300","36","2","6","0","0","8.85","LongStory"
"Brick","14156","Brick","29220","32100","9","1","2","0","0","0.91","Brick"
"Doctor Hauzer","14157","Doctor Hauzer","29220","420","474","1","4","0","0","69.57","Doctor Hauzer"
"Switch 'n' Shoot","14158","Switch 'n' Shoot","29220","1020","112","1","6","0","0","28.65","Switch 'n' Shoot"
"The Unholy War","14159","The Unholy War","29220","2580","150","1","11","0","0","11.33","The Unholy War"
"Savage","14160","Savage","29220","540","335","2","4","0","0","54.11","Savage"
"Mystic Defender","14161","Mystic Defender","29220","2760","102","3","9","0","0","10.59","Mystic Defender"
"Joy Ride Turbo","14162","Joy Ride Turbo","29220","13200","53","2","82","0","0","2.21","Joy Ride Turbo"
"The Terminator: Dawn of Fate","14163","The Terminator: Dawn of Fate","29220","1560","88","1","8","0","0","18.73","The Terminator: Dawn of Fate"
"Fat Princess","14164","Fat Princess","29220","2640","171","1","17","0","0","11.07","Fat Princess"
"NES Remix Pack","14165","NES Remix Pack","29220","6300","45","2","44","0","0","4.64","NES Remix Pack"
"Fail to Win","14166","Fail to Win","29160","2880","350","1","6","0","0","10.13","Fail to Win"
"Crey","14167","Crey","29160","11460","14","2","9","0","0","2.54","Crey"
"Child of Eden","14168","Child of Eden","29160","8220","102","2","37","0","0","3.55","Child of Eden"
"The Land Before Time","14169","The Land Before Time","29160","720","477","1","4","0","0","40.5","The Land Before Time"
"Stay Alive: Apocalypse","14170","Stay Alive: Apocalypse","29160","1800","291","1","8","0","0","16.2","Stay Alive: Apocalypse"
"Hot Shots Tennis","14171","Hot Shots Tennis","29160","8580","137","2","49","0","0","3.4","Hot Shots Tennis"
"Max, an Autistic Journey","14172","Max, an Autistic Journey","29160","7680","25","1","17","0","0","3.8","Max, an Autistic Journey"
"Crazy Taxi: Fare Wars","14173","Crazy Taxi: Fare Wars","29160","300","164","1","2","0","0","97.2","Crazy Taxi: Fare Wars"
"Legend of Success Joe","14174","Legend of Success Joe","29100","120","249","1","1","0","0","242.5","Legend of Success Joe"
"Angelo and Deemon: One Hell of a Quest","14175","Angelo and Deemon: One Hell of a Quest","29100","4260","49","2","18","0","0","6.83","Angelo and Deemon: One Hell of a Quest"
"Kindred Spirits on the Roof","14176","Kindred Spirits on the Roof","29100","5580","25","1","18","0","0","5.22","Kindred Spirits on the Roof"
"Shalnor Legends: Sacred Lands","14177","Shalnor Legends: Sacred Lands","29100","15060","28","2","44","0","0","1.93","Shalnor Legends: Sacred Lands"
"Helichopper","14178","Helichopper","29100","240","202","2","2","0","0","121.25","Helichopper"
"Story of the Survivor","14179","Story of the Survivor","29100","2160","31","1","7","0","0","13.47","Story of the Survivor"
"Lines","14180","Lines","29100","3060","152","1","27","0","0","9.51","Lines"
"Doorways","14181","Doorways","29100","7260","27","2","52","0","0","4.01","Doorways"
"Mighty Morphin Power Rangers: The Fighting Edition","14182","Mighty Morphin Power Rangers: The Fighting Edition","29040","3120","300","1","27","0","0","9.31","Mighty Morphin Power Rangers: The Fighting Edition"
"Taishou x Alice","14183","Taishou x Alice","29040","7800","10","1","5","0","0","3.72","Taishou x Alice"
"Disney's Treasure Planet: Battle at Procyon","14184","Disney's Treasure Planet: Battle at Procyon","29040","3360","56","1","13","0","0","8.64","Disney's Treasure Planet: Battle at Procyon"
"LiEat II","14185","LiEat II","29040","6780","26","1","37","0","0","4.28","LiEat II"
"Bocce Revolution","14186","Bocce Revolution","28980","360","129","1","2","0","0","80.5","Bocce Revolution"
"Las Vegas Roulette","14187","Las Vegas Roulette","28980","600","121","1","4","0","0","48.3","Las Vegas Roulette"
"Gunhouse","14188","Gunhouse","28980","16380","32","3","108","0","0","1.77","Gunhouse"
"Sister Princess 2","14189","Sister Princess 2","28980","420","83","1","1","0","0","69","Sister Princess 2"
"Insurgency 2","14190","Insurgency 2","28980","19260","20","3","104","0","0","1.5","Insurgency 2"
"Family Guy: The Quest for Stuff","14191","Family Guy: The Quest for Stuff","28980","1680","72","1","4","0","0","17.25","Family Guy: The Quest for Stuff"
"Who Wants To Be A Millionaire: 1st Edition","14192","Who Wants To Be A Millionaire: 1st Edition","28980","1920","354","1","14","0","0","15.09","Who Wants To Be A Millionaire: 1st Edition"
"Imperium Galactica","14193","Imperium Galactica","28980","9720","32","1","11","0","0","2.98","Imperium Galactica"
"Speed Racer in My Most Dangerous Adventures","14194","Speed Racer in My Most Dangerous Adventures","28920","300","171","1","2","0","0","96.4","Speed Racer in My Most Dangerous Adventures"
"Man vs. Wild","14195","Man vs. Wild","28920","1920","153","1","4","0","0","15.06","Man vs. Wild"
"Dragon Ball Z: Legacy of Goku II","14196","Dragon Ball Z: Legacy of Goku II","28920","7620","35","2","32","0","0","3.8","Dragon Ball Z: Legacy of Goku II"
"Nicktoons Unite!","14197","Nicktoons Unite!","28920","6300","48","2","24","0","0","4.59","Nicktoons Unite!"
"Guns of Glory","14198","Guns of Glory","28920","22380","25","2","29","0","0","1.29","Guns of Glory"
"Stream Legends","14199","Stream Legends","28920","13260","14","2","66","0","0","2.18","Stream Legends"
"How to be a Hero","14200","How to be a Hero","28920","840","430","2","3","0","0","34.43","How to be a Hero"