"","","Game","Watch time","Stream time","Peak viewers","Peak channels","Streamers","Average viewers","Average channels","Average viewer ratio",""
"Eschatos","8701","Eschatos","156780","7980","1483","2","34","0","0","19.65","Eschatos"
"Gloom","8702","Gloom","156780","16920","291","2","100","0","0","9.27","Gloom"
"Anna","8703","Anna","156720","21840","72","3","81","0","0","7.18","Anna"
"Disney's Pooh and Tigger's Hunny Safari","8704","Disney's Pooh and Tigger's Hunny Safari","156660","300","2607","1","5","0","0","522.2","Disney's Pooh and Tigger's Hunny Safari"
"Forsaken World","8705","Forsaken World","156600","32400","267","3","81","0","0","4.83","Forsaken World"
"Chef: A Restaurant Tycoon Game","8706","Chef: A Restaurant Tycoon Game","156540","16500","232","2","73","0","0","9.49","Chef: A Restaurant Tycoon Game"
"MX vs. ATV All Out","8707","MX vs. ATV All Out","156480","113220","79","4","683","0","0","1.38","MX vs. ATV All Out"
"Wizard's Symphony","8708","Wizard's Symphony","156420","8520","331","2","11","0","0","18.36","Wizard's Symphony"
"Renegade X","8709","Renegade X","156300","46200","1228","4","106","0","0","3.38","Renegade X"
"Gunman Chronicles","8710","Gunman Chronicles","156300","7020","148","1","21","0","0","22.26","Gunman Chronicles"
"Rumble League","8711","Rumble League","156300","22200","87","4","43","0","0","7.04","Rumble League"
"Resident Evil Revelations Collection","8712","Resident Evil Revelations Collection","156240","32220","172","3","98","0","0","4.85","Resident Evil Revelations Collection"
"WCW: World Championship Wrestling","8713","WCW: World Championship Wrestling","156240","1140","501","1","6","0","0","137.05","WCW: World Championship Wrestling"
"Dragon Champions","8714","Dragon Champions","156180","13140","193","3","38","0","0","11.89","Dragon Champions"
"ShadowCaster","8715","ShadowCaster","156120","1800","154","1","3","0","0","86.73","ShadowCaster"
"Pokémon Card GB2: GR-dan Sanjou!","8716","Pokémon Card GB2: GR-dan Sanjou!","156000","22200","96","3","32","0","0","7.03","Pokémon Card GB2: GR-dan Sanjou!"
"Frets on Fire","8717","Frets on Fire","155820","17880","450","2","67","0","0","8.71","Frets on Fire"
"Darts vs. Zombies","8718","Darts vs. Zombies","155820","3480","508","2","4","0","0","44.78","Darts vs. Zombies"
"Bonk.io","8719","Bonk.io","155760","34500","93","3","216","0","0","4.51","Bonk.io"
"Apex Construct","8720","Apex Construct","155760","41100","156","5","243","0","0","3.79","Apex Construct"
"Falcon 4.0 BMS","8721","Falcon 4.0 BMS","155760","102840","33","4","107","0","0","1.51","Falcon 4.0 BMS"
"Witchaven II: Blood Vengeance","8722","Witchaven II: Blood Vengeance","155640","1740","170","1","2","0","0","89.45","Witchaven II: Blood Vengeance"
"Robert Ludlum's The Bourne Conspiracy","8723","Robert Ludlum's The Bourne Conspiracy","155520","2340","420","1","8","0","0","66.46","Robert Ludlum's The Bourne Conspiracy"
"Metal Storm","8724","Metal Storm","155460","4740","1067","2","24","0","0","32.8","Metal Storm"
"Banjo-Kazooie: Grunty's Revenge","8725","Banjo-Kazooie: Grunty's Revenge","155340","18240","251","2","52","0","0","8.52","Banjo-Kazooie: Grunty's Revenge"
"Brothers in Arms: Road to Hill 30","8726","Brothers in Arms: Road to Hill 30","155340","38520","372","3","153","0","0","4.03","Brothers in Arms: Road to Hill 30"
"Bishoujo Senshi Sailor Moon S","8727","Bishoujo Senshi Sailor Moon S","155280","3600","1755","2","17","0","0","43.13","Bishoujo Senshi Sailor Moon S"
"RemiLore: Lost Girl in the Lands of Lore","8728","RemiLore: Lost Girl in the Lands of Lore","155280","20640","277","5","106","0","0","7.52","RemiLore: Lost Girl in the Lands of Lore"
"Mad Cow Man and Deep Fried Beef Fat Boy","8729","Mad Cow Man and Deep Fried Beef Fat Boy","155220","22260","25","1","4","0","0","6.97","Mad Cow Man and Deep Fried Beef Fat Boy"
"Xianjian Qixia Zhuan 2","8730","Xianjian Qixia Zhuan 2","155100","3540","474","1","5","0","0","43.81","Xianjian Qixia Zhuan 2"
"Blair Witch, Volume I: Rustin Parr","8731","Blair Witch, Volume I: Rustin Parr","155040","4800","184","1","18","0","0","32.3","Blair Witch, Volume I: Rustin Parr"
"Trauma Center: Under the Knife","8732","Trauma Center: Under the Knife","154980","12000","408","2","39","0","0","12.92","Trauma Center: Under the Knife"
"EverStopped","8733","EverStopped","154920","11640","307","3","45","0","0","13.31","EverStopped"
"Beauty and the Beast","8734","Beauty and the Beast","154740","2940","569","1","16","0","0","52.63","Beauty and the Beast"
"The Adventures of Batman and Robin","8735","The Adventures of Batman and Robin","154680","42900","1465","2","68","0","0","3.61","The Adventures of Batman and Robin"
"Hakuoki: Kyoto Winds","8736","Hakuoki: Kyoto Winds","154620","36720","39","2","52","0","0","4.21","Hakuoki: Kyoto Winds"
"The Last Story","8737","The Last Story","154380","34140","56","2","63","0","0","4.52","The Last Story"
"Eternal Senia","8738","Eternal Senia","154320","23400","738","2","88","0","0","6.59","Eternal Senia"
"Age of Wushu","8739","Age of Wushu","154140","53280","95","3","75","0","0","2.89","Age of Wushu"
"Savage Lands","8740","Savage Lands","154140","45000","70","4","154","0","0","3.43","Savage Lands"
"The Dishwasher: Vampire Smile","8741","The Dishwasher: Vampire Smile","154140","32580","328","3","150","0","0","4.73","The Dishwasher: Vampire Smile"
"Robin Hood: The Legend of Sherwood","8742","Robin Hood: The Legend of Sherwood","154080","13080","854","1","43","0","0","11.78","Robin Hood: The Legend of Sherwood"
"On the Ball","8743","On the Ball","154020","780","1980","1","9","0","0","197.46","On the Ball"
"Incredipede","8744","Incredipede","153840","3180","1414","1","12","0","0","48.38","Incredipede"
"AFL Evolution","8745","AFL Evolution","153840","25740","396","3","133","0","0","5.98","AFL Evolution"
"Time Gal","8746","Time Gal","153780","1740","1282","1","7","0","0","88.38","Time Gal"
"Just, Bearly","8747","Just, Bearly","153720","5880","1020","2","27","0","0","26.14","Just, Bearly"
"Total Annihilation","8748","Total Annihilation","153660","54300","193","3","94","0","0","2.83","Total Annihilation"
"Kelipot","8749","Kelipot","153660","3360","628","2","15","0","0","45.73","Kelipot"
"Casino Kid 2","8750","Casino Kid 2","153540","6600","500","2","16","0","0","23.26","Casino Kid 2"
"Bellator: MMA Onslaught","8751","Bellator: MMA Onslaught","153480","7260","743","3","34","0","0","21.14","Bellator: MMA Onslaught"
"Super Robot Wars","8752","Super Robot Wars","153420","50220","233","5","77","0","0","3.05","Super Robot Wars"
"Wing Commander: Privateer","8753","Wing Commander: Privateer","153360","2940","166","1","11","0","0","52.16","Wing Commander: Privateer"
"Dragon Ball Z: Budokai","8754","Dragon Ball Z: Budokai","153360","25260","312","2","116","0","0","6.07","Dragon Ball Z: Budokai"
"Dark Strokes: Sins of the Fathers","8755","Dark Strokes: Sins of the Fathers","153240","3780","627","1","14","0","0","40.54","Dark Strokes: Sins of the Fathers"
"Sonic Battle","8756","Sonic Battle","153180","23520","737","3","85","0","0","6.51","Sonic Battle"
"Bird Game","8757","Bird Game","153180","4380","1050","1","59","0","0","34.97","Bird Game"
"Eve: Echoes","8758","Eve: Echoes","153060","18480","257","3","39","0","0","8.28","Eve: Echoes"
"A Game Where You Become A Girl And Betrayed By Ones You Trusted","8759","A Game Where You Become A Girl And Betrayed By Ones You Trusted","153000","1020","1360","1","4","0","0","150","A Game Where You Become A Girl And Betrayed By Ones You Trusted"
"Battlefleet Gothic: Armada","8760","Battlefleet Gothic: Armada","153000","47280","67","5","140","0","0","3.24","Battlefleet Gothic: Armada"
"La Pucelle: Tactics","8761","La Pucelle: Tactics","152880","10380","651","2","14","0","0","14.73","La Pucelle: Tactics"
"X2: Wolverine's Revenge","8762","X2: Wolverine's Revenge","152760","6720","201","1","21","0","0","22.73","X2: Wolverine's Revenge"
"Descent","8763","Descent","152700","41940","135","4","121","0","0","3.64","Descent"
"Lost Kingdoms","8764","Lost Kingdoms","152520","39780","125","3","61","0","0","3.83","Lost Kingdoms"
"Gods Will Be Watching","8765","Gods Will Be Watching","152520","32160","75","2","111","0","0","4.74","Gods Will Be Watching"
"Table Tennis","8766","Table Tennis","152400","47100","1387","2","23","0","0","3.24","Table Tennis"
"Frosty Nights","8767","Frosty Nights","152400","9360","599","2","68","0","0","16.28","Frosty Nights"
"Inside My Radio","8768","Inside My Radio","152340","249000","38","3","74","0","0","0.61","Inside My Radio"
"Starsky & Hutch","8769","Starsky & Hutch","152340","13800","948","3","24","0","0","11.04","Starsky & Hutch"
"Yu-Gi-Oh! The Dawn of Destiny","8770","Yu-Gi-Oh! The Dawn of Destiny","152340","13080","81","1","23","0","0","11.65","Yu-Gi-Oh! The Dawn of Destiny"
"Conan Chop Chop","8771","Conan Chop Chop","152340","60","2539","1","1","0","0","2539","Conan Chop Chop"
"Bunker","8772","Bunker","152280","1620","668","1","15","0","0","94","Bunker"
"Legacy of Kain: Soul Reaver 2","8773","Legacy of Kain: Soul Reaver 2","152220","46020","98","3","121","0","0","3.31","Legacy of Kain: Soul Reaver 2"
"Battlefield: Bad Company","8774","Battlefield: Bad Company","152100","26580","242","2","118","0","0","5.72","Battlefield: Bad Company"
"Counter Terrorist Agency","8775","Counter Terrorist Agency","152040","20580","456","3","32","0","0","7.39","Counter Terrorist Agency"
"Hiveswap Friendsim","8776","Hiveswap Friendsim","151980","36540","190","5","106","0","0","4.16","Hiveswap Friendsim"
"Savage Worlds","8777","Savage Worlds","151800","45900","105","3","46","0","0","3.31","Savage Worlds"
"DomiNations","8778","DomiNations","151800","10680","518","2","25","0","0","14.21","DomiNations"
"Bishoujo Senshi Sailor Moon S: Jougai Ranto!? Shuyaku Soudatsusen","8779","Bishoujo Senshi Sailor Moon S: Jougai Ranto!? Shuyaku Soudatsusen","151800","11220","339","3","23","0","0","13.53","Bishoujo Senshi Sailor Moon S: Jougai Ranto!? Shuyaku Soudatsusen"
"BlazBlue: Calamity Trigger","8780","BlazBlue: Calamity Trigger","151800","22860","414","2","92","0","0","6.64","BlazBlue: Calamity Trigger"
"Magic Duels","8781","Magic Duels","151680","136800","27","4","480","0","0","1.11","Magic Duels"
"Big Buck HD","8782","Big Buck HD","151680","12300","497","2","10","0","0","12.33","Big Buck HD"
"Starship Theory","8783","Starship Theory","151680","8280","768","1","27","0","0","18.32","Starship Theory"
"Drelbs","8784","Drelbs","151620","1740","505","3","4","0","0","87.14","Drelbs"
"Hamtaro: Rainbow Rescue","8785","Hamtaro: Rainbow Rescue","151620","8460","137","2","22","0","0","17.92","Hamtaro: Rainbow Rescue"
"Illusion: A Tale of the Mind","8786","Illusion: A Tale of the Mind","151560","4800","365","2","14","0","0","31.58","Illusion: A Tale of the Mind"
"Sunless City","8787","Sunless City","151500","3000","174","2","19","0","0","50.5","Sunless City"
"One Way Heroics","8788","One Way Heroics","151380","37740","248","2","130","0","0","4.01","One Way Heroics"
"Dead Maze","8789","Dead Maze","151320","93960","56","3","207","0","0","1.61","Dead Maze"
"Network","8790","Network","151200","91200","46","2","24","0","0","1.66","Network"
"Medal of Honor: Frontline","8791","Medal of Honor: Frontline","151140","18660","868","2","57","0","0","8.1","Medal of Honor: Frontline"
"American Idol","8792","American Idol","151080","960","1339","1","9","0","0","157.38","American Idol"
"Raw Data","8793","Raw Data","151080","57660","566","3","431","0","0","2.62","Raw Data"
"Slave Zero","8794","Slave Zero","151020","4200","307","2","13","0","0","35.96","Slave Zero"
"Unity of Command II","8795","Unity of Command II","151020","8280","139","3","26","0","0","18.24","Unity of Command II"
"Dragon Quest Heroes: Rocket Slime","8796","Dragon Quest Heroes: Rocket Slime","150840","20160","149","2","37","0","0","7.48","Dragon Quest Heroes: Rocket Slime"
"The Escape","8797","The Escape","150780","1560","1260","2","15","0","0","96.65","The Escape"
"Groove Coaster 2","8798","Groove Coaster 2","150780","5160","2505","2","47","0","0","29.22","Groove Coaster 2"
"Portal: Still Alive","8799","Portal: Still Alive","150720","108420","57","11","899","0","0","1.39","Portal: Still Alive"
"Wizardry: Proving Grounds of the Mad Overlord","8800","Wizardry: Proving Grounds of the Mad Overlord","150600","5340","313","2","9","0","0","28.2","Wizardry: Proving Grounds of the Mad Overlord"