"","","Game","Watch time","Stream time","Peak viewers","Peak channels","Streamers","Average viewers","Average channels","Average viewer ratio",""
"Crash Bandicoot 2: Cortex Strikes Back","2201","Crash Bandicoot 2: Cortex Strikes Back","4431240","272400","7905","9","584","8","0","16.27","Crash Bandicoot 2: Cortex Strikes Back"
"The Island: In To The Mist","2202","The Island: In To The Mist","4416300","40740","11492","10","154","8","0","108.4","The Island: In To The Mist"
"WRC 8","2203","WRC 8","4413660","143280","7874","10","493","8","0","30.8","WRC 8"
"Pikmin 2","2204","Pikmin 2","4412160","437640","1349","11","632","8","0","10.08","Pikmin 2"
"Pac-Man: Championship Edition 2","2205","Pac-Man: Championship Edition 2","4406160","23880","112936","12","246","8","0","184.51","Pac-Man: Championship Edition 2"
"Sound Voltex Vivid Wave","2206","Sound Voltex Vivid Wave","4405380","96180","3582","3","96","8","0","45.8","Sound Voltex Vivid Wave"
"Party Hard 2","2207","Party Hard 2","4402200","110160","11491","7","652","8","0","39.96","Party Hard 2"
"Just Dance 2018","2208","Just Dance 2018","4401300","87300","12368","3","524","8","0","50.42","Just Dance 2018"
"Cosmos","2209","Cosmos","4399680","3660","10358","3","17","8","0","1202.1","Cosmos"
"Naruto Shippuden: Ultimate Ninja Storm 2","2210","Naruto Shippuden: Ultimate Ninja Storm 2","4399500","201060","6037","5","821","8","0","21.88","Naruto Shippuden: Ultimate Ninja Storm 2"
"Neverwinter Nights: Enhanced Edition","2211","Neverwinter Nights: Enhanced Edition","4393440","447480","7643","8","679","8","0","9.82","Neverwinter Nights: Enhanced Edition"
"7 Billion Humans","2212","7 Billion Humans","4392000","91020","1348","6","318","8","0","48.25","7 Billion Humans"
"Crysis 2","2213","Crysis 2","4390440","311460","4710","8","1151","8","0","14.1","Crysis 2"
"Tourist Bus Simulator","2214","Tourist Bus Simulator","4385940","114060","2812","5","318","8","0","38.45","Tourist Bus Simulator"
"Rock of Ages","2215","Rock of Ages","4375200","21840","8672","3","144","8","0","200.33","Rock of Ages"
"Wolfenstein: The Old Blood","2216","Wolfenstein: The Old Blood","4367940","505320","2844","11","2118","8","0","8.64","Wolfenstein: The Old Blood"
"Star Wars: Empire at War - Forces of Corruption","2217","Star Wars: Empire at War - Forces of Corruption","4366800","426540","1598","9","1179","8","0","10.24","Star Wars: Empire at War - Forces of Corruption"
"Hand of Fate 2","2218","Hand of Fate 2","4363020","371400","1837","8","1117","8","0","11.75","Hand of Fate 2"
"Shadow Tactics: Blades of the Shogun","2219","Shadow Tactics: Blades of the Shogun","4361400","534000","1449","25","1776","8","1","8.17","Shadow Tactics: Blades of the Shogun"
"Goemon: Bouken Jidai Katsugeki","2220","Goemon: Bouken Jidai Katsugeki","4356540","22620","20207","3","13","8","0","192.6","Goemon: Bouken Jidai Katsugeki"
"Fortress","2221","Fortress","4350720","13560","5142","2","66","8","0","320.85","Fortress"
"Valkyria Chronicles","2222","Valkyria Chronicles","4345380","666120","6275","9","1298","8","1","6.52","Valkyria Chronicles"
"Hockey TV","2223","Hockey TV","4343460","41340","6790","14","107","8","0","105.07","Hockey TV"
"The Awesome Adventures of Captain Spirit","2224","The Awesome Adventures of Captain Spirit","4340880","319200","2533","13","2680","8","0","13.6","The Awesome Adventures of Captain Spirit"
"Split/Second","2225","Split/Second","4333500","112560","82377","12","489","8","0","38.5","Split/Second"
"Headliner","2226","Headliner","4333020","25380","9726","3","188","8","0","170.73","Headliner"
"Godhood","2227","Godhood","4322160","38160","11870","10","185","8","0","113.26","Godhood"
"WWE 2K18","2228","WWE 2K18","4310760","549540","2852","9","2210","8","1","7.84","WWE 2K18"
"Digimon Masters","2229","Digimon Masters","4307700","633600","5031","9","1004","8","1","6.8","Digimon Masters"
"Cannon Spike","2230","Cannon Spike","4304820","6180","97152","9","37","8","0","696.57","Cannon Spike"
"Kingdoms of Amalur: Reckoning","2231","Kingdoms of Amalur: Reckoning","4303440","687600","10271","11","1645","8","1","6.26","Kingdoms of Amalur: Reckoning"
"Climb With Wheelbarrow","2232","Climb With Wheelbarrow","4301700","8640","21655","4","88","8","0","497.88","Climb With Wheelbarrow"
"Lisa","2233","Lisa","4295640","318960","2152","7","859","8","0","13.47","Lisa"
"Paca Plus","2234","Paca Plus","4294560","10080","13920","3","42","8","0","426.05","Paca Plus"
"World of Myths","2235","World of Myths","4292340","46980","9210","8","102","8","0","91.37","World of Myths"
"Mega Man 7","2236","Mega Man 7","4289520","137100","3376","6","321","8","0","31.29","Mega Man 7"
"Earthlock","2237","Earthlock","4270080","51180","16321","7","124","8","0","83.43","Earthlock"
"News Tycoon","2238","News Tycoon","4268580","1667820","1097","7","54","8","3","2.56","News Tycoon"
"Assassin's Creed Syndicate","2239","Assassin's Creed Syndicate","4261440","1462680","771","15","4873","8","2","2.91","Assassin's Creed Syndicate"
"Monster Rancher","2240","Monster Rancher","4258920","18360","11606","3","38","8","0","231.97","Monster Rancher"
"Grandia","2241","Grandia","4258860","321720","8004","14","353","8","0","13.24","Grandia"
"Valiant Hearts: The Great War","2242","Valiant Hearts: The Great War","4257780","312960","3683","5","1119","8","0","13.6","Valiant Hearts: The Great War"
"Kritika Online","2243","Kritika Online","4256580","628140","403","40","1006","8","1","6.78","Kritika Online"
"Weed Shop 2","2244","Weed Shop 2","4253340","120240","6307","13","333","8","0","35.37","Weed Shop 2"
"Escape the Ayuwoki","2245","Escape the Ayuwoki","4243860","18660","26928","4","134","8","0","227.43","Escape the Ayuwoki"
"Tropico 5","2246","Tropico 5","4240620","511560","4498","10","2070","8","0","8.29","Tropico 5"
"Jumper: Griffin's Story","2247","Jumper: Griffin's Story","4238940","4620","72775","9","16","8","0","917.52","Jumper: Griffin's Story"
"Pit People","2248","Pit People","4238280","167880","4728","5","652","8","0","25.25","Pit People"
"Age of Empires III","2249","Age of Empires III","4232700","331020","14728","8","1614","8","0","12.79","Age of Empires III"
"NFL GameDay","2250","NFL GameDay","4230660","361380","1779","27","560","8","0","11.71","NFL GameDay"
"Apparition","2251","Apparition","4228260","17100","20449","2","117","8","0","247.27","Apparition"
"Child of Light","2252","Child of Light","4227300","461040","3820","9","1451","8","0","9.17","Child of Light"
"Hobo: Tough Life","2253","Hobo: Tough Life","4220760","79860","4840","4","254","8","0","52.85","Hobo: Tough Life"
"Phantasy Star Online Episode I & II","2254","Phantasy Star Online Episode I & II","4213800","220680","10487","5","225","8","0","19.09","Phantasy Star Online Episode I & II"
"The Werewolf Hills","2255","The Werewolf Hills","4209300","540","24355","5","7","8","0","7795","The Werewolf Hills"
"Hired Ops","2256","Hired Ops","4207260","233220","21196","37","1054","8","0","18.04","Hired Ops"
"ELEX","2257","ELEX","4201980","645060","2447","11","1347","7","1","6.51","ELEX"
"Shellshock","2258","Shellshock","4189500","40620","33797","2","229","7","0","103.14","Shellshock"
"Fatal Fury Special","2259","Fatal Fury Special","4187100","17820","10658","2","72","7","0","234.97","Fatal Fury Special"
"Five Nights at Freddy's 4: The Final Chapter","2260","Five Nights at Freddy's 4: The Final Chapter","4180500","140760","16721","7","1175","7","0","29.7","Five Nights at Freddy's 4: The Final Chapter"
"Flower","2261","Flower","4177860","68820","7548","5","524","7","0","60.71","Flower"
"Rain World","2262","Rain World","4160940","403620","2362","6","946","7","0","10.31","Rain World"
"Interpoint","2263","Interpoint","4153860","10620","20681","5","97","7","0","391.14","Interpoint"
"Dirty Bomb","2264","Dirty Bomb","4152540","709620","35284","16","2006","7","1","5.85","Dirty Bomb"
"Flashback: The Quest for Identity","2265","Flashback: The Quest for Identity","4152120","13020","42659","5","54","7","0","318.9","Flashback: The Quest for Identity"
"Sonic Heroes","2266","Sonic Heroes","4138380","336780","1396","7","891","7","0","12.29","Sonic Heroes"
"Sea Salt","2267","Sea Salt","4138200","25560","20237","4","148","7","0","161.9","Sea Salt"
"This Is the Police","2268","This Is the Police","4122420","293280","5723","7","967","7","0","14.06","This Is the Police"
"Watchers","2269","Watchers","4119960","49560","21918","27","352","7","0","83.13","Watchers"
"Minecraft: Story Mode - Season Two","2270","Minecraft: Story Mode - Season Two","4116600","101040","7577","3","439","7","0","40.74","Minecraft: Story Mode - Season Two"
"Power Rangers","2271","Power Rangers","4102260","42600","2879","3","59","7","0","96.3","Power Rangers"
"Fishing: Barents Sea","2272","Fishing: Barents Sea","4099260","168540","18696","8","414","7","0","24.32","Fishing: Barents Sea"
"The Legend of Heroes: Trails of Cold Steel II","2273","The Legend of Heroes: Trails of Cold Steel II","4098360","823260","769","15","487","7","1","4.98","The Legend of Heroes: Trails of Cold Steel II"
"Marble Madness","2274","Marble Madness","4088580","53340","103946","10","80","7","0","76.65","Marble Madness"
"Need for Speed: Undercover","2275","Need for Speed: Undercover","4086540","118020","2451","3","489","7","0","34.63","Need for Speed: Undercover"
"Unravel","2276","Unravel","4086540","386460","5804","7","1957","7","0","10.57","Unravel"
"CityBattle: Virtual Earth","2277","CityBattle: Virtual Earth","4074360","113160","3650","8","204","7","0","36.01","CityBattle: Virtual Earth"
"Metal Gear Solid V: The Definitive Experience","2278","Metal Gear Solid V: The Definitive Experience","4074000","538920","2226","7","1322","7","1","7.56","Metal Gear Solid V: The Definitive Experience"
"West of Loathing","2279","West of Loathing","4073640","234360","2890","6","856","7","0","17.38","West of Loathing"
"100% Orange Juice","2280","100% Orange Juice","4072080","625380","2797","12","2445","7","1","6.51","100% Orange Juice"
"Sylvester and Tweety in Cagey Capers","2281","Sylvester and Tweety in Cagey Capers","4065600","2520","102375","11","18","7","0","1613.33","Sylvester and Tweety in Cagey Capers"
"Pony Island","2282","Pony Island","4057500","161880","3257","5","1001","7","0","25.06","Pony Island"
"Melty Blood: Actress Again: Current Code","2283","Melty Blood: Actress Again: Current Code","4057200","213000","3864","6","656","7","0","19.05","Melty Blood: Actress Again: Current Code"
"Tiny Tanks","2284","Tiny Tanks","4052160","26160","31524","5","94","7","0","154.9","Tiny Tanks"
"AO Tennis","2285","AO Tennis","4047120","1134000","155","5","131","7","2","3.57","AO Tennis"
"Light Fall","2286","Light Fall","4045020","31620","116892","16","76","7","0","127.93","Light Fall"
"Absolver","2287","Absolver","4043880","823740","958","21","3759","7","1","4.91","Absolver"
"Caesar III","2288","Caesar III","4034100","91260","3226","4","169","7","0","44.2","Caesar III"
"Nippon Marathon","2289","Nippon Marathon","4030500","39960","6384","3","219","7","0","100.86","Nippon Marathon"
"Goat Simulator","2290","Goat Simulator","4029600","385140","3490","7","3879","7","0","10.46","Goat Simulator"
"Jazzpunk","2291","Jazzpunk","4028400","65280","13378","5","365","7","0","61.71","Jazzpunk"
"The Legend of Heroes: Trails in the Sky","2292","The Legend of Heroes: Trails in the Sky","4028100","492720","685","8","614","7","0","8.18","The Legend of Heroes: Trails in the Sky"
"Never Split The Party","2293","Never Split The Party","4019640","148200","34720","8","1030","7","0","27.12","Never Split The Party"
"Metal Gear","2294","Metal Gear","4017900","54780","105852","9","168","7","0","73.35","Metal Gear"
"Overland","2295","Overland","4015740","75480","6586","12","317","7","0","53.2","Overland"
"Breath of Fire III","2296","Breath of Fire III","4006320","266280","3571","5","259","7","0","15.05","Breath of Fire III"
"The Dark Occult","2297","The Dark Occult","4003620","138900","2672","9","388","7","0","28.82","The Dark Occult"
"Falcon Age","2298","Falcon Age","3997440","43920","25871","6","244","7","0","91.02","Falcon Age"
"Rec Room","2299","Rec Room","3995940","2269740","6807","21","10072","7","4","1.76","Rec Room"
"The Guild 2: Renaissance","2300","The Guild 2: Renaissance","3994500","76740","5725","4","250","7","0","52.05","The Guild 2: Renaissance"