"","","Game","Watch time","Stream time","Peak viewers","Peak channels","Streamers","Average viewers","Average channels","Average viewer ratio",""
"EVE: Valkyrie – Warzone","13301","EVE: Valkyrie – Warzone","36720","22560","103","2","48","0","0","1.63","EVE: Valkyrie – Warzone"
"Arcade & Puzzle Games","13302","Arcade & Puzzle Games","36720","13440","39","2","65","0","0","2.73","Arcade & Puzzle Games"
"Wuxia Master","13303","Wuxia Master","36720","2220","249","1","5","0","0","16.54","Wuxia Master"
"Free Enterprise","13304","Free Enterprise","36720","11340","299","1","16","0","0","3.24","Free Enterprise"
"Anime Freak FX Vol. 3","13305","Anime Freak FX Vol. 3","36720","540","315","1","2","0","0","68","Anime Freak FX Vol. 3"
"Kamen Rider Black: Taiketsu Shadow Moon","13306","Kamen Rider Black: Taiketsu Shadow Moon","36720","2700","570","2","4","0","0","13.6","Kamen Rider Black: Taiketsu Shadow Moon"
"Seterra","13307","Seterra","36660","3060","297","2","21","0","0","11.98","Seterra"
"Pony World 3","13308","Pony World 3","36660","8220","80","2","28","0","0","4.46","Pony World 3"
"Fist of the North Star:  Ken's Rage","13309","Fist of the North Star:  Ken's Rage","36660","10440","39","1","20","0","0","3.51","Fist of the North Star:  Ken's Rage"
"Stay Cool, Kobayashi-San!: A River City Ransom Story","13310","Stay Cool, Kobayashi-San!: A River City Ransom Story","36600","1800","242","2","16","0","0","20.33","Stay Cool, Kobayashi-San!: A River City Ransom Story"
"Ryu ga Gotoku Kenzan!","13311","Ryu ga Gotoku Kenzan!","36600","13020","19","2","10","0","0","2.81","Ryu ga Gotoku Kenzan!"
"Iron Throne","13312","Iron Throne","36600","7560","25","1","6","0","0","4.84","Iron Throne"
"Death Trash","13313","Death Trash","36600","300","159","1","1","0","0","122","Death Trash"
"3030 Deathwar Redux","13314","3030 Deathwar Redux","36600","8040","106","1","27","0","0","4.55","3030 Deathwar Redux"
"Zup!","13315","Zup!","36540","9360","87","1","82","0","0","3.9","Zup!"
"Demon Gaze II","13316","Demon Gaze II","36540","18660","15","2","35","0","0","1.96","Demon Gaze II"
"TTV2","13317","TTV2","36540","660","367","1","6","0","0","55.36","TTV2"
"Gran Skrea Online","13318","Gran Skrea Online","36540","8940","30","1","21","0","0","4.09","Gran Skrea Online"
"Godzilla 2: War of the Monsters","13319","Godzilla 2: War of the Monsters","36540","1680","156","1","5","0","0","21.75","Godzilla 2: War of the Monsters"
"Secret of the Magic Crystals","13320","Secret of the Magic Crystals","36540","7140","77","2","43","0","0","5.12","Secret of the Magic Crystals"
"One Piece: Pirate Warriors 2","13321","One Piece: Pirate Warriors 2","36540","9900","29","2","25","0","0","3.69","One Piece: Pirate Warriors 2"
"Aarklash: Legacy","13322","Aarklash: Legacy","36540","4800","71","1","9","0","0","7.61","Aarklash: Legacy"
"Def Jam: Icon","13323","Def Jam: Icon","36480","2340","98","1","17","0","0","15.59","Def Jam: Icon"
"Name That Tune","13324","Name That Tune","36480","3900","25","1","4","0","0","9.35","Name That Tune"
"Magician's Quest: Mysterious Times","13325","Magician's Quest: Mysterious Times","36480","3900","85","2","11","0","0","9.35","Magician's Quest: Mysterious Times"
"Marble Saga: Kororinpa","13326","Marble Saga: Kororinpa","36480","1320","324","1","7","0","0","27.64","Marble Saga: Kororinpa"
"Mutant Mudds Collection","13327","Mutant Mudds Collection","36480","2400","246","1","19","0","0","15.2","Mutant Mudds Collection"
"Eagle Eye Mysteries in London","13328","Eagle Eye Mysteries in London","36420","1860","44","2","3","0","0","19.58","Eagle Eye Mysteries in London"
"Raiden V","13329","Raiden V","36420","13080","12","2","58","0","0","2.78","Raiden V"
"Shogun: Total War","13330","Shogun: Total War","36420","22920","37","2","77","0","0","1.59","Shogun: Total War"
"Hocus Pocus","13331","Hocus Pocus","36420","5880","79","1","20","0","0","6.19","Hocus Pocus"
"Galactic Attack","13332","Galactic Attack","36420","3360","131","1","12","0","0","10.84","Galactic Attack"
"Poem, Poem!","13333","Poem, Poem!","36360","2940","244","1","19","0","0","12.37","Poem, Poem!"
"Pixel","13334","Pixel","36360","17100","61","2","50","0","0","2.13","Pixel"
"Scary House","13335","Scary House","36360","4080","111","1","31","0","0","8.91","Scary House"
".flow","13336",".flow","36300","12780","32","2","49","0","0","2.84",".flow"
"Love Ribbon","13337","Love Ribbon","36300","4800","84","2","15","0","0","7.56","Love Ribbon"
"Ultimate Racing 2D","13338","Ultimate Racing 2D","36300","2460","254","1","19","0","0","14.76","Ultimate Racing 2D"
"Operation Thunderstorm","13339","Operation Thunderstorm","36300","5400","104","1","18","0","0","6.72","Operation Thunderstorm"
"Greg Hastings Paintball 2","13340","Greg Hastings Paintball 2","36300","3840","408","1","10","0","0","9.45","Greg Hastings Paintball 2"
"Virtua Racing","13341","Virtua Racing","36240","7020","73","2","51","0","0","5.16","Virtua Racing"
"Super Stardust HD","13342","Super Stardust HD","36240","2400","299","1","18","0","0","15.1","Super Stardust HD"
"Layton Brothers: Mystery Room","13343","Layton Brothers: Mystery Room","36240","1860","69","1","3","0","0","19.48","Layton Brothers: Mystery Room"
"Circa Infinity","13344","Circa Infinity","36240","2580","123","1","15","0","0","14.05","Circa Infinity"
"Tom and Jerry: War of the Whiskers","13345","Tom and Jerry: War of the Whiskers","36240","2220","270","1","16","0","0","16.32","Tom and Jerry: War of the Whiskers"
"Theotown","13346","Theotown","36240","6840","89","3","35","0","0","5.3","Theotown"
"Pankapu: The Dreamkeeper","13347","Pankapu: The Dreamkeeper","36180","11160","24","1","32","0","0","3.24","Pankapu: The Dreamkeeper"
"Rescue 911","13348","Rescue 911","36180","1440","141","1","12","0","0","25.13","Rescue 911"
"Hearts of Iron 3: For the Motherland","13349","Hearts of Iron 3: For the Motherland","36180","1200","145","1","3","0","0","30.15","Hearts of Iron 3: For the Motherland"
"Adventure of Little Ralph","13350","Adventure of Little Ralph","36120","2460","70","2","11","0","0","14.68","Adventure of Little Ralph"
"Deadly Duck","13351","Deadly Duck","36120","120","315","1","1","0","0","301","Deadly Duck"
"Mace Griffin: Bounty Hunter","13352","Mace Griffin: Bounty Hunter","36120","3540","30","1","9","0","0","10.2","Mace Griffin: Bounty Hunter"
"Fireplace","13353","Fireplace","36120","1980","103","1","13","0","0","18.24","Fireplace"
"Mafiaspillet.no","13354","Mafiaspillet.no","36120","840","187","1","7","0","0","43","Mafiaspillet.no"
"Delicious! Pretty Girls Mahjong Solitaire","13355","Delicious! Pretty Girls Mahjong Solitaire","36060","3420","170","1","20","0","0","10.54","Delicious! Pretty Girls Mahjong Solitaire"
"Hello Kitty Cube World","13356","Hello Kitty Cube World","36060","2820","295","2","5","0","0","12.79","Hello Kitty Cube World"
"Snake Game","13357","Snake Game","36060","7020","167","2","59","0","0","5.14","Snake Game"
"Homescapes","13358","Homescapes","36000","20760","91","2","73","0","0","1.73","Homescapes"
"Metal Max 2 Reloaded","13359","Metal Max 2 Reloaded","36000","6660","26","2","4","0","0","5.41","Metal Max 2 Reloaded"
"Star Trek Timelines","13360","Star Trek Timelines","36000","32580","29","2","43","0","0","1.1","Star Trek Timelines"
"Luminous Arc","13361","Luminous Arc","36000","3360","28","1","6","0","0","10.71","Luminous Arc"
"Dfragmente","13362","Dfragmente","36000","2280","647","1","7","0","0","15.79","Dfragmente"
"Radical Heights","13363","Radical Heights","36000","10560","40","1","61","0","0","3.41","Radical Heights"
"Star Wars: Force Arena","13364","Star Wars: Force Arena","35940","8160","13","2","14","0","0","4.4","Star Wars: Force Arena"
"Super Hang-On","13365","Super Hang-On","35940","3240","166","1","13","0","0","11.09","Super Hang-On"
"Chiller","13366","Chiller","35940","15540","30","2","56","0","0","2.31","Chiller"
"Bible Adventures","13367","Bible Adventures","35940","2700","98","1","17","0","0","13.31","Bible Adventures"
"The Simpsons: Bart vs. the Space Mutants","13368","The Simpsons: Bart vs. the Space Mutants","35940","6360","48","3","32","0","0","5.65","The Simpsons: Bart vs. the Space Mutants"
"Super Street Fighter II Turbo HD Remix","13369","Super Street Fighter II Turbo HD Remix","35940","4680","214","2","24","0","0","7.68","Super Street Fighter II Turbo HD Remix"
"King Rabbit","13370","King Rabbit","35880","9660","20","2","56","0","0","3.71","King Rabbit"
"Tribes 2","13371","Tribes 2","35880","10200","192","2","18","0","0","3.52","Tribes 2"
"Saturday Morning RPG","13372","Saturday Morning RPG","35880","9120","43","2","38","0","0","3.93","Saturday Morning RPG"
"Jeopady!","13373","Jeopady!","35880","4560","79","3","22","0","0","7.87","Jeopady!"
"Vietcong: Fist Alpha","13374","Vietcong: Fist Alpha","35880","3900","91","1","16","0","0","9.2","Vietcong: Fist Alpha"
"Woodle Tree Adventures","13375","Woodle Tree Adventures","35880","16920","32","2","45","0","0","2.12","Woodle Tree Adventures"
"Scorn","13376","Scorn","35880","660","222","1","8","0","0","54.36","Scorn"
"Campfire Cooking","13377","Campfire Cooking","35880","3600","54","1","9","0","0","9.97","Campfire Cooking"
"Conduct Deluxe!","13378","Conduct Deluxe!","35820","3900","63","1","14","0","0","9.18","Conduct Deluxe!"
"Solidus","13379","Solidus","35820","14280","9","2","6","0","0","2.51","Solidus"
"We Are The Dwarves","13380","We Are The Dwarves","35820","6360","79","1","47","0","0","5.63","We Are The Dwarves"
"Pop'n Music 11","13381","Pop'n Music 11","35820","600","702","1","5","0","0","59.7","Pop'n Music 11"
"Mitsurugi Kamui Hikae","13382","Mitsurugi Kamui Hikae","35820","18780","26","1","99","0","0","1.91","Mitsurugi Kamui Hikae"
"Hotel Mario","13383","Hotel Mario","35760","5100","34","1","21","0","0","7.01","Hotel Mario"
"Mortadelo y Filemón 2","13384","Mortadelo y Filemón 2","35760","120","340","1","1","0","0","298","Mortadelo y Filemón 2"
"Mega Man 64","13385","Mega Man 64","35760","4380","23","1","17","0","0","8.16","Mega Man 64"
"Co-op SNEK Online","13386","Co-op SNEK Online","35760","360","275","1","3","0","0","99.33","Co-op SNEK Online"
"Mindball Play","13387","Mindball Play","35760","1500","160","2","14","0","0","23.84","Mindball Play"
"Bird of Passage","13388","Bird of Passage","35700","1200","548","1","11","0","0","29.75","Bird of Passage"
"Bygg hus med Mulle Meck","13389","Bygg hus med Mulle Meck","35700","120","365","1","1","0","0","297.5","Bygg hus med Mulle Meck"
"Eventide 3: Legacy of Legends","13390","Eventide 3: Legacy of Legends","35700","4740","66","1","19","0","0","7.53","Eventide 3: Legacy of Legends"
"The Avengers","13391","The Avengers","35700","7920","71","2","24","0","0","4.51","The Avengers"
"Zombies.","13392","Zombies.","35700","24480","22","2","110","0","0","1.46","Zombies."
"Counter Force","13393","Counter Force","35700","3960","229","1","36","0","0","9.02","Counter Force"
"Cid the Dummy","13394","Cid the Dummy","35640","240","346","1","2","0","0","148.5","Cid the Dummy"
"The Sims 3 Seasons","13395","The Sims 3 Seasons","35640","15180","83","2","46","0","0","2.35","The Sims 3 Seasons"
"Super Robot Wars MX","13396","Super Robot Wars MX","35640","23160","56","2","6","0","0","1.54","Super Robot Wars MX"
"SUGURI","13397","SUGURI","35640","3600","94","1","12","0","0","9.9","SUGURI"
"Mystery Case Files: 13th Skull","13398","Mystery Case Files: 13th Skull","35640","4320","60","1","12","0","0","8.25","Mystery Case Files: 13th Skull"
"Musical Zoo","13399","Musical Zoo","35640","10320","83","1","24","0","0","3.45","Musical Zoo"
"Franky the Bumwalker","13400","Franky the Bumwalker","35640","540","103","1","2","0","0","66","Franky the Bumwalker"