"","","Game","Watch time","Stream time","Peak viewers","Peak channels","Streamers","Average viewers","Average channels","Average viewer ratio",""
"Atelier Lulua: The Scion of Arland","2301","Atelier Lulua: The Scion of Arland","3993720","430740","957","22","454","7","0","9.27","Atelier Lulua: The Scion of Arland"
"Retimed","2302","Retimed","3988080","11700","23904","5","95","7","0","340.86","Retimed"
"Odd Realm","2303","Odd Realm","3986820","36600","8129","3","121","7","0","108.93","Odd Realm"
"Deponia: The Complete Journey","2304","Deponia: The Complete Journey","3984780","521460","10118","18","1276","7","0","7.64","Deponia: The Complete Journey"
"Warhammer 40,000: Mechanicus","2305","Warhammer 40,000: Mechanicus","3984720","246240","1980","8","600","7","0","16.18","Warhammer 40,000: Mechanicus"
"Solomon's Key","2306","Solomon's Key","3984060","26460","94813","5","50","7","0","150.57","Solomon's Key"
"One Finger Death Punch 2","2307","One Finger Death Punch 2","3979080","352380","10999","46","2152","7","0","11.29","One Finger Death Punch 2"
"Far Cry","2308","Far Cry","3978360","293760","2571","6","857","7","0","13.54","Far Cry"
"Contradiction: Spot The Liar!","2309","Contradiction: Spot The Liar!","3974340","63360","4632","3","156","7","0","62.73","Contradiction: Spot The Liar!"
"slither.io","2310","slither.io","3972480","243840","5641","8","2083","7","0","16.29","slither.io"
"Fishing Sim World","2311","Fishing Sim World","3971520","438060","7979","12","1038","7","0","9.07","Fishing Sim World"
"Kingdom: New Lands","2312","Kingdom: New Lands","3967860","631680","9923","48","3096","7","1","6.28","Kingdom: New Lands"
"Dungeon Hunter Champions","2313","Dungeon Hunter Champions","3966540","301320","5345","9","413","7","0","13.16","Dungeon Hunter Champions"
"Diesel Brothers: The Game","2314","Diesel Brothers: The Game","3964260","203820","26418","30","649","7","0","19.45","Diesel Brothers: The Game"
"Amagami","2315","Amagami","3959880","21900","2540","3","39","7","0","180.82","Amagami"
"Chess Rush","2316","Chess Rush","3951660","388680","7138","14","837","7","0","10.17","Chess Rush"
"Monolith","2317","Monolith","3951240","129480","2631","11","290","7","0","30.52","Monolith"
"Rusty Lake: Roots","2318","Rusty Lake: Roots","3944460","145620","4140","4","500","7","0","27.09","Rusty Lake: Roots"
"Blood & Truth","2319","Blood & Truth","3928920","320520","7796","30","1846","7","0","12.26","Blood & Truth"
"Dragon Ball Z: Budokai Tenkaichi 3","2320","Dragon Ball Z: Budokai Tenkaichi 3","3925860","204840","458","6","946","7","0","19.17","Dragon Ball Z: Budokai Tenkaichi 3"
"Rise to Ruins","2321","Rise to Ruins","3925260","289680","1476","10","811","7","0","13.55","Rise to Ruins"
"Assassin's Creed: Revelations","2322","Assassin's Creed: Revelations","3917460","438600","3084","7","985","7","0","8.93","Assassin's Creed: Revelations"
"Koumajou Densetsu II: Yougen no Chingonka","2323","Koumajou Densetsu II: Yougen no Chingonka","3914220","8220","97044","10","31","7","0","476.18","Koumajou Densetsu II: Yougen no Chingonka"
"Mike Tyson's Punch-Out!!","2324","Mike Tyson's Punch-Out!!","3909360","228120","7324","6","387","7","0","17.14","Mike Tyson's Punch-Out!!"
"Garena Speed Drifters","2325","Garena Speed Drifters","3908760","266220","8389","8","596","7","0","14.68","Garena Speed Drifters"
"Jimmy and the Pulsating Mass","2326","Jimmy and the Pulsating Mass","3903840","61260","4968","3","68","7","0","63.73","Jimmy and the Pulsating Mass"
"Ben and Ed","2327","Ben and Ed","3903600","63780","5939","3","357","7","0","61.2","Ben and Ed"
"SWAT 4","2328","SWAT 4","3897000","156360","14089","7","848","7","0","24.92","SWAT 4"
"Harvest Moon: Friends of Mineral Town","2329","Harvest Moon: Friends of Mineral Town","3894000","145080","1534","13","157","7","0","26.84","Harvest Moon: Friends of Mineral Town"
"Just Cause 3","2330","Just Cause 3","3890220","1598160","743","23","8847","7","3","2.43","Just Cause 3"
"Mortal Kombat: Armageddon","2331","Mortal Kombat: Armageddon","3889020","32040","11454","3","131","7","0","121.38","Mortal Kombat: Armageddon"
"Blazing Chrome","2332","Blazing Chrome","3888660","169020","2292","25","1048","7","0","23.01","Blazing Chrome"
"Everlasting Summer","2333","Everlasting Summer","3884400","448800","1245","9","995","7","0","8.66","Everlasting Summer"
"Distraint 2","2334","Distraint 2","3883020","63060","3735","5","307","7","0","61.58","Distraint 2"
"Obduction","2335","Obduction","3881580","254400","2623","13","509","7","0","15.26","Obduction"
"Romancing SaGa 3","2336","Romancing SaGa 3","3881520","262320","1241","25","310","7","0","14.8","Romancing SaGa 3"
"Lunar: Dragon Song","2337","Lunar: Dragon Song","3872940","7020","16012","5","11","7","0","551.7","Lunar: Dragon Song"
"The 7th Guest","2338","The 7th Guest","3867300","56280","6665","5","130","7","0","68.72","The 7th Guest"
"Need for Speed: ProStreet","2339","Need for Speed: ProStreet","3865320","141180","1356","5","419","7","0","27.38","Need for Speed: ProStreet"
"Rock of Ages II: Bigger & Boulder","2340","Rock of Ages II: Bigger & Boulder","3861000","76680","5835","4","462","7","0","50.35","Rock of Ages II: Bigger & Boulder"
"Tetris Attack","2341","Tetris Attack","3860460","200820","49895","5","406","7","0","19.22","Tetris Attack"
"FRAMED Collection","2342","FRAMED Collection","3856980","28380","4852","6","157","7","0","135.9","FRAMED Collection"
"Re:Legend","2343","Re:Legend","3848820","279120","19993","79","904","7","0","13.79","Re:Legend"
"Hot Dogs, Horseshoes & Hand Grenades","2344","Hot Dogs, Horseshoes & Hand Grenades","3846960","467280","14248","14","2016","7","0","8.23","Hot Dogs, Horseshoes & Hand Grenades"
"Warhammer 40,000: Gladius - Relics of War","2345","Warhammer 40,000: Gladius - Relics of War","3845340","125700","2872","8","239","7","0","30.59","Warhammer 40,000: Gladius - Relics of War"
"Fatal Frame III: The Tormented","2346","Fatal Frame III: The Tormented","3844680","162120","1074","5","224","7","0","23.72","Fatal Frame III: The Tormented"
"A Story About My Uncle","2347","A Story About My Uncle","3842400","641460","10256","81","5036","7","1","5.99","A Story About My Uncle"
"The Settlers III","2348","The Settlers III","3828960","177960","2693","7","239","7","0","21.52","The Settlers III"
"Stonehearth","2349","Stonehearth","3827040","444120","525","8","1211","7","0","8.62","Stonehearth"
"Fallout","2350","Fallout","3823980","495840","1301","7","1514","7","0","7.71","Fallout"
"DreadOut","2351","DreadOut","3822960","181500","3949","6","856","7","0","21.06","DreadOut"
"Need for Speed: Hot Pursuit","2352","Need for Speed: Hot Pursuit","3822000","296580","4020","5","1389","7","0","12.89","Need for Speed: Hot Pursuit"
"Revenant Saga","2353","Revenant Saga","3818340","8400","7371","2","15","7","0","454.56","Revenant Saga"
"Ascendant One","2354","Ascendant One","3818280","156060","6963","7","96","7","0","24.47","Ascendant One"
"Super Punch-Out!!","2355","Super Punch-Out!!","3816720","76980","48993","4","363","7","0","49.58","Super Punch-Out!!"
"Dragon Warrior I & II","2356","Dragon Warrior I & II","3810960","187140","504","6","165","7","0","20.36","Dragon Warrior I & II"
"Dragon Nest","2357","Dragon Nest","3809460","826380","529","16","1268","7","1","4.61","Dragon Nest"
"Pikmin","2358","Pikmin","3803580","262380","18133","8","717","7","0","14.5","Pikmin"
"Hey You, Pikachu!","2359","Hey You, Pikachu!","3803220","33420","19165","3","50","7","0","113.8","Hey You, Pikachu!"
"That Dragon, Cancer","2360","That Dragon, Cancer","3800700","29940","8801","2","181","7","0","126.94","That Dragon, Cancer"
"Duke Nukem 3D","2361","Duke Nukem 3D","3798420","167340","13524","5","629","7","0","22.7","Duke Nukem 3D"
"The Red Strings Club","2362","The Red Strings Club","3796500","166440","5676","5","670","7","0","22.81","The Red Strings Club"
"Come on Baby!","2363","Come on Baby!","3796080","1800","24187","3","14","7","0","2108.93","Come on Baby!"
"Five Nights at Freddy's 2","2364","Five Nights at Freddy's 2","3789900","255360","16605","10","2086","7","0","14.84","Five Nights at Freddy's 2"
"Octodad: Dadliest Catch","2365","Octodad: Dadliest Catch","3789780","221700","9749","19","1614","7","0","17.09","Octodad: Dadliest Catch"
"Mega Man 4","2366","Mega Man 4","3785760","207360","18077","7","367","7","0","18.26","Mega Man 4"
"The King of Fighters '97","2367","The King of Fighters '97","3784620","27780","10879","2","146","7","0","136.24","The King of Fighters '97"
"Spark the Electric Jester 2","2368","Spark the Electric Jester 2","3780720","34980","38158","6","96","7","0","108.08","Spark the Electric Jester 2"
"Yakuza","2369","Yakuza","3772440","63960","12764","4","151","7","0","58.98","Yakuza"
"Squids from Space","2370","Squids from Space","3771660","70980","6272","7","285","7","0","53.14","Squids from Space"
"Silent Hill: 0rigins","2371","Silent Hill: 0rigins","3770040","111000","9199","3","248","7","0","33.96","Silent Hill: 0rigins"
"Wandersong","2372","Wandersong","3767520","335940","571","9","958","7","0","11.21","Wandersong"
"Notmycar","2373","Notmycar","3767040","273360","2474","36","1361","7","0","13.78","Notmycar"
"Temtem","2374","Temtem","3763860","320340","756","36","761","7","0","11.75","Temtem"
"Krunker.io","2375","Krunker.io","3763140","879240","2166","19","9082","7","1","4.28","Krunker.io"
"Don't Knock Twice","2376","Don't Knock Twice","3761460","113640","12979","6","765","7","0","33.1","Don't Knock Twice"
"Octodad","2377","Octodad","3759900","54840","18390","4","153","7","0","68.56","Octodad"
"Bouncing Duck Simulator","2378","Bouncing Duck Simulator","3759240","3360","22543","2","19","7","0","1118.82","Bouncing Duck Simulator"
"Finding Bigfoot","2379","Finding Bigfoot","3752280","20280","20732","4","141","7","0","185.02","Finding Bigfoot"
"KKuTu Korea","2380","KKuTu Korea","3750300","235740","7759","18","1331","7","0","15.91","KKuTu Korea"
"Diablo II","2381","Diablo II","3749220","192600","5360","6","698","7","0","19.47","Diablo II"
"Magic: The Gathering Online","2382","Magic: The Gathering Online","3746460","1139940","5715","24","4024","7","2","3.29","Magic: The Gathering Online"
"Risen","2383","Risen","3746400","372120","4461","7","548","7","0","10.07","Risen"
"Songbird Symphony","2384","Songbird Symphony","3745560","59220","3289","8","297","7","0","63.25","Songbird Symphony"
"Wii Sports Resort","2385","Wii Sports Resort","3741840","136140","6304","6","393","7","0","27.49","Wii Sports Resort"
"PlanetSide Arena","2386","PlanetSide Arena","3735780","287280","5507","64","1140","7","0","13","PlanetSide Arena"
"Torchlight II","2387","Torchlight II","3725520","882240","766","36","2588","7","1","4.22","Torchlight II"
"Owlboy","2388","Owlboy","3724320","231240","15990","6","770","7","0","16.11","Owlboy"
"Stonekeep","2389","Stonekeep","3722340","19560","1211","2","26","7","0","190.3","Stonekeep"
"Vecter","2390","Vecter","3714240","10620","61661","2","63","7","0","349.74","Vecter"
"Brütal Legend","2391","Brütal Legend","3700980","339540","12627","6","1324","7","0","10.9","Brütal Legend"
"Skyrim: Very Special Edition","2392","Skyrim: Very Special Edition","3693840","865620","1653","10","3362","7","1","4.27","Skyrim: Very Special Edition"
"Metal Gear Solid 3: Subsistence","2393","Metal Gear Solid 3: Subsistence","3691440","133080","2216","4","259","7","0","27.74","Metal Gear Solid 3: Subsistence"
"Final Fantasy Adventure","2394","Final Fantasy Adventure","3688020","66480","9193","4","133","7","0","55.48","Final Fantasy Adventure"
"Fault","2395","Fault","3687900","325380","1142","73","418","7","0","11.33","Fault"
"Summer Sports Games","2396","Summer Sports Games","3683760","4020","21051","3","24","7","0","916.36","Summer Sports Games"
"Cold Waters","2397","Cold Waters","3682920","129420","1219","4","302","7","0","28.46","Cold Waters"
"The Curious Expedition","2398","The Curious Expedition","3680940","84600","5935","3","227","7","0","43.51","The Curious Expedition"
"Overwatch 2","2399","Overwatch 2","3676920","86460","16722","7","435","6","0","42.53","Overwatch 2"
"Nostale","2400","Nostale","3676260","422460","11510","11","828","6","0","8.7","Nostale"