"","","Game","Watch time","Stream time","Peak viewers","Peak channels","Streamers","Average viewers","Average channels","Average viewer ratio",""
"Kingdom Classic","7601","Kingdom Classic","240060","67440","136","4","368","0","0","3.56","Kingdom Classic"
"eXceed 3rd JADE PENETRATE","7602","eXceed 3rd JADE PENETRATE","239760","5340","1930","2","27","0","0","44.9","eXceed 3rd JADE PENETRATE"
"Chocobo Stallion","7603","Chocobo Stallion","239760","600","1677","1","4","0","0","399.6","Chocobo Stallion"
"Dragon Warrior Monsters","7604","Dragon Warrior Monsters","239700","44460","84","3","58","0","0","5.39","Dragon Warrior Monsters"
"Haunt","7605","Haunt","239700","780","3963","1","7","0","0","307.31","Haunt"
"BloodRayne 2","7606","BloodRayne 2","239640","32580","362","2","113","0","0","7.36","BloodRayne 2"
"G-Force","7607","G-Force","239640","26340","936","2","85","0","0","9.1","G-Force"
"To the Top","7608","To the Top","239640","35040","104","2","214","0","0","6.84","To the Top"
"Neutopia II","7609","Neutopia II","239580","6180","1881","2","8","0","0","38.77","Neutopia II"
"Garshasp: The Monster Slayer","7610","Garshasp: The Monster Slayer","239460","12720","1584","3","7","0","0","18.83","Garshasp: The Monster Slayer"
"Legend of the Ghost Lion","7611","Legend of the Ghost Lion","239460","660","1132","1","3","0","0","362.82","Legend of the Ghost Lion"
"Dragon Power","7612","Dragon Power","239280","840","2009","1","7","0","0","284.86","Dragon Power"
"Crosswords","7613","Crosswords","239220","34500","99","3","51","0","0","6.93","Crosswords"
"God of War: Chains of Olympus","7614","God of War: Chains of Olympus","239160","43380","91","3","136","0","0","5.51","God of War: Chains of Olympus"
"3rd Eye","7615","3rd Eye","239160","7260","335","3","39","0","0","32.94","3rd Eye"
"Valkyrie Crusade","7616","Valkyrie Crusade","239100","23760","188","2","12","0","0","10.06","Valkyrie Crusade"
"Spirit Hunter: Death Mark","7617","Spirit Hunter: Death Mark","239100","45720","82","5","70","0","0","5.23","Spirit Hunter: Death Mark"
"Planet Nomads","7618","Planet Nomads","239040","65160","87","3","139","0","0","3.67","Planet Nomads"
"Penn & Teller VR: Frankly Unfair, Unkind, Unnecessary & Underhanded","7619","Penn & Teller VR: Frankly Unfair, Unkind, Unnecessary & Underhanded","239040","720","2837","1","12","0","0","332","Penn & Teller VR: Frankly Unfair, Unkind, Unnecessary & Underhanded"
"Legend of the North: Konung","7620","Legend of the North: Konung","238980","2940","700","2","2","0","0","81.29","Legend of the North: Konung"
"Blitz: The League","7621","Blitz: The League","238980","5640","1208","1","27","0","0","42.37","Blitz: The League"
"League Challenge","7622","League Challenge","238920","21300","1234","3","120","0","0","11.22","League Challenge"
"Super Dodgeball Beats","7623","Super Dodgeball Beats","238620","8280","1675","4","76","0","0","28.82","Super Dodgeball Beats"
"Mr. Nutz","7624","Mr. Nutz","238440","4920","3741","2","25","0","0","48.46","Mr. Nutz"
"Shinobi","7625","Shinobi","238260","38460","797","2","97","0","0","6.2","Shinobi"
"Darkstalkers Resurrection","7626","Darkstalkers Resurrection","238140","14340","483","3","37","0","0","16.61","Darkstalkers Resurrection"
"Hell Yeah! Wrath of the Dead Rabbit","7627","Hell Yeah! Wrath of the Dead Rabbit","238080","30180","253","2","136","0","0","7.89","Hell Yeah! Wrath of the Dead Rabbit"
"Cosplay Fetish Academy","7628","Cosplay Fetish Academy","238080","2280","951","1","11","0","0","104.42","Cosplay Fetish Academy"
"Doom VFR","7629","Doom VFR","238080","104880","924","5","765","0","0","2.27","Doom VFR"
"Kraven Manor","7630","Kraven Manor","237660","15660","499","2","131","0","0","15.18","Kraven Manor"
"Under Defeat","7631","Under Defeat","237600","3540","1134","1","6","0","0","67.12","Under Defeat"
"Gauntlet: Dark Legacy","7632","Gauntlet: Dark Legacy","237540","75720","87","3","199","0","0","3.14","Gauntlet: Dark Legacy"
"Enigmatis: The Ghosts Of Maple Creek","7633","Enigmatis: The Ghosts Of Maple Creek","237540","26580","342","3","92","0","0","8.94","Enigmatis: The Ghosts Of Maple Creek"
"Alchemic Dungeons","7634","Alchemic Dungeons","237420","3360","618","2","10","0","0","70.66","Alchemic Dungeons"
"Dark Arcana: The Carnival","7635","Dark Arcana: The Carnival","237240","6600","1198","2","29","0","0","35.95","Dark Arcana: The Carnival"
"Umbrella Corps","7636","Umbrella Corps","237120","28860","605","2","197","0","0","8.22","Umbrella Corps"
"Counter Fight Samurai Edition","7637","Counter Fight Samurai Edition","237120","7740","488","1","50","0","0","30.64","Counter Fight Samurai Edition"
"Kaiser","7638","Kaiser","237000","1920","2112","1","6","0","0","123.44","Kaiser"
"Corpse Party The Anthology: Sachiko's Game of Love Hysteric Birthday 2U","7639","Corpse Party The Anthology: Sachiko's Game of Love Hysteric Birthday 2U","237000","34140","841","3","58","0","0","6.94","Corpse Party The Anthology: Sachiko's Game of Love Hysteric Birthday 2U"
"Takeshi no Chousenjou","7640","Takeshi no Chousenjou","236880","3060","1014","1","11","0","0","77.41","Takeshi no Chousenjou"
"Klonoa 2: Lunatea's Veil","7641","Klonoa 2: Lunatea's Veil","236880","38820","123","4","102","0","0","6.1","Klonoa 2: Lunatea's Veil"
"The Incredibles","7642","The Incredibles","236880","15240","656","2","58","0","0","15.54","The Incredibles"
"Might & Magic: Clash of Heroes","7643","Might & Magic: Clash of Heroes","236880","38040","76","2","146","0","0","6.23","Might & Magic: Clash of Heroes"
"Tormentum: Dark Sorrow","7644","Tormentum: Dark Sorrow","236820","24360","151","3","82","0","0","9.72","Tormentum: Dark Sorrow"
"Pro Evolution Soccer 2012","7645","Pro Evolution Soccer 2012","236640","5400","4020","2","27","0","0","43.82","Pro Evolution Soccer 2012"
"Oh...Sir! The Insult Simulator","7646","Oh...Sir! The Insult Simulator","236640","36540","668","4","305","0","0","6.48","Oh...Sir! The Insult Simulator"
"Grand Theft Auto: Chinatown Wars","7647","Grand Theft Auto: Chinatown Wars","236580","20340","423","2","66","0","0","11.63","Grand Theft Auto: Chinatown Wars"
"Legends of Wrestling","7648","Legends of Wrestling","236460","720","1204","1","5","0","0","328.42","Legends of Wrestling"
"Old School Racer 2","7649","Old School Racer 2","236340","360","2332","1","2","0","0","656.5","Old School Racer 2"
"The Bugs Bunny Birthday Blowout","7650","The Bugs Bunny Birthday Blowout","236160","4080","4717","1","16","0","0","57.88","The Bugs Bunny Birthday Blowout"
"Super Indie Karts Grand Prix","7651","Super Indie Karts Grand Prix","236160","5760","809","1","33","0","0","41","Super Indie Karts Grand Prix"
"DJ Hero","7652","DJ Hero","236040","26700","353","2","105","0","0","8.84","DJ Hero"
"Futurama","7653","Futurama","235980","11640","473","2","49","0","0","20.27","Futurama"
"Smash Cops","7654","Smash Cops","235980","1140","3638","1","5","0","0","207","Smash Cops"
"Nintendo Labo Vehicle Kit","7655","Nintendo Labo Vehicle Kit","235980","8460","330","1","27","0","0","27.89","Nintendo Labo Vehicle Kit"
"Police Simulator","7656","Police Simulator","235920","9300","680","7","62","0","0","25.37","Police Simulator"
"Where the Water Tastes Like Wine","7657","Where the Water Tastes Like Wine","235800","36840","360","4","127","0","0","6.4","Where the Water Tastes Like Wine"
"Hare in the Hat","7658","Hare in the Hat","235740","660","1624","1","5","0","0","357.18","Hare in the Hat"
"Changed","7659","Changed","235560","34740","48","3","98","0","0","6.78","Changed"
"Tales of Pirates","7660","Tales of Pirates","235500","39600","166","3","55","0","0","5.95","Tales of Pirates"
"Heroes of Might and Magic III: In the wake of gods","7661","Heroes of Might and Magic III: In the wake of gods","235440","24480","1014","3","87","0","0","9.62","Heroes of Might and Magic III: In the wake of gods"
"Sylvio","7662","Sylvio","235440","16560","97","2","40","0","0","14.22","Sylvio"
"Inversion","7663","Inversion","235020","13920","518","2","37","0","0","16.88","Inversion"
"Area-51","7664","Area-51","234960","13980","3373","2","76","0","0","16.81","Area-51"
"SkyWeaver","7665","SkyWeaver","234900","47820","71","4","85","0","0","4.91","SkyWeaver"
"Bomberman","7666","Bomberman","234840","32460","763","2","147","0","0","7.23","Bomberman"
"Paranoia: Happiness is Mandatory","7667","Paranoia: Happiness is Mandatory","234840","17040","553","4","62","0","0","13.78","Paranoia: Happiness is Mandatory"
"Ultimate Arena","7668","Ultimate Arena","234600","3420","1779","1","27","0","0","68.6","Ultimate Arena"
"Sword Art Online: Integral Factor","7669","Sword Art Online: Integral Factor","234540","112680","49","3","191","0","0","2.08","Sword Art Online: Integral Factor"
"Shark Attack Deathmatch 2","7670","Shark Attack Deathmatch 2","234540","11640","1086","3","85","0","0","20.15","Shark Attack Deathmatch 2"
"Zeno Clash II","7671","Zeno Clash II","234540","18000","1622","2","39","0","0","13.03","Zeno Clash II"
"Re: A Week In The Countryside: Kissing Cousins","7672","Re: A Week In The Countryside: Kissing Cousins","234540","180","2286","1","2","0","0","1303","Re: A Week In The Countryside: Kissing Cousins"
"Hidden my game by mom 3","7673","Hidden my game by mom 3","234480","1080","473","1","4","0","0","217.11","Hidden my game by mom 3"
"Mining Rail","7674","Mining Rail","234360","2100","277","1","4","0","0","111.6","Mining Rail"
"Bad Mojo","7675","Bad Mojo","234300","1200","588","1","5","0","0","195.25","Bad Mojo"
"F1 2013","7676","F1 2013","234240","15480","1182","2","65","0","0","15.13","F1 2013"
"Divide by Sheep","7677","Divide by Sheep","234180","33120","947","5","222","0","0","7.07","Divide by Sheep"
"Total Club Manager 2004","7678","Total Club Manager 2004","234120","180","1517","1","1","0","0","1300.67","Total Club Manager 2004"
"Himno","7679","Himno","234000","38760","937","4","413","0","0","6.04","Himno"
"Style Savvy","7680","Style Savvy","233880","600","1376","1","3","0","0","389.8","Style Savvy"
"Danmaku Unlimited 3","7681","Danmaku Unlimited 3","233820","6840","1593","1","38","0","0","34.18","Danmaku Unlimited 3"
"The Dark Eye: Chains of Satinav","7682","The Dark Eye: Chains of Satinav","233760","40620","118","2","71","0","0","5.75","The Dark Eye: Chains of Satinav"
"Disney Heroes: Battle Mode","7683","Disney Heroes: Battle Mode","233700","6120","3791","1","48","0","0","38.19","Disney Heroes: Battle Mode"
"Shrek: Hassle at the Castle","7684","Shrek: Hassle at the Castle","233460","1020","1653","1","7","0","0","228.88","Shrek: Hassle at the Castle"
"Street Fighter 2010: The Final Fight","7685","Street Fighter 2010: The Final Fight","233340","5580","516","2","14","0","0","41.82","Street Fighter 2010: The Final Fight"
"Castelo Rá-Tim-Bum","7686","Castelo Rá-Tim-Bum","233160","300","3177","2","4","0","0","777.2","Castelo Rá-Tim-Bum"
"NeonCode","7687","NeonCode","232980","2640","1822","1","21","0","0","88.25","NeonCode"
"Super Robot Wars F Final","7688","Super Robot Wars F Final","232920","23880","80","2","13","0","0","9.75","Super Robot Wars F Final"
"E.Y.E: Divine Cybermancy","7689","E.Y.E: Divine Cybermancy","232920","53040","200","4","250","0","0","4.39","E.Y.E: Divine Cybermancy"
"Tom Clancy's Ghost Recon: Future Soldier","7690","Tom Clancy's Ghost Recon: Future Soldier","232500","65340","129","4","286","0","0","3.56","Tom Clancy's Ghost Recon: Future Soldier"
"Winds of Change","7691","Winds of Change","232500","33840","160","3","83","0","0","6.87","Winds of Change"
"Jingle","7692","Jingle","232320","720","2316","1","7","0","0","322.67","Jingle"
"Scribblenauts Showdown","7693","Scribblenauts Showdown","232260","7560","1381","1","50","0","0","30.72","Scribblenauts Showdown"
"Sinespace","7694","Sinespace","232260","4620","332","2","5","0","0","50.27","Sinespace"
"Eliza","7695","Eliza","232260","16320","205","2","40","0","0","14.23","Eliza"
"Conventions & Seminars","7696","Conventions & Seminars","232200","11940","446","3","22","0","0","19.45","Conventions & Seminars"
"Atelier Escha & Logy: Alchemists of the Dusk Sky","7697","Atelier Escha & Logy: Alchemists of the Dusk Sky","232140","21480","138","2","20","0","0","10.81","Atelier Escha & Logy: Alchemists of the Dusk Sky"
"Naruto Gekitou Ninja Taisen 4","7698","Naruto Gekitou Ninja Taisen 4","232140","41760","422","3","49","0","0","5.56","Naruto Gekitou Ninja Taisen 4"
"Might & Magic X Legacy","7699","Might & Magic X Legacy","231960","51780","83","3","65","0","0","4.48","Might & Magic X Legacy"
"My Exotic Farm","7700","My Exotic Farm","231960","120","2167","1","1","0","0","1933","My Exotic Farm"