"","","Game","Watch time","Stream time","Peak viewers","Peak channels","Streamers","Average viewers","Average channels","Average viewer ratio",""
"Styx: Shards of Darkness","3901","Styx: Shards of Darkness","1361100","264120","2445","7","924","2","0","5.15","Styx: Shards of Darkness"
"The Last Remnant","3902","The Last Remnant","1361040","287880","336","6","448","2","0","4.73","The Last Remnant"
"Dangerous Driving","3903","Dangerous Driving","1358160","86580","3874","23","435","2","0","15.69","Dangerous Driving"
"Crawl","3904","Crawl","1358100","80160","992","5","576","2","0","16.94","Crawl"
"AvoCuddle","3905","AvoCuddle","1358040","1740","22440","1","14","2","0","780.48","AvoCuddle"
"Will To Live Online","3906","Will To Live Online","1356720","323160","1416","13","611","2","0","4.2","Will To Live Online"
"Castle of Illusion starring Mickey Mouse","3907","Castle of Illusion starring Mickey Mouse","1356660","66180","3311","4","384","2","0","20.5","Castle of Illusion starring Mickey Mouse"
"Evoland: Legendary Edition","3908","Evoland: Legendary Edition","1356600","201060","314","6","629","2","0","6.75","Evoland: Legendary Edition"
"Guardians of the Galaxy: The Telltale Series","3909","Guardians of the Galaxy: The Telltale Series","1355760","112140","1964","4","355","2","0","12.09","Guardians of the Galaxy: The Telltale Series"
"Final Fantasy XII: Revenant Wings","3910","Final Fantasy XII: Revenant Wings","1355640","16200","676","2","19","2","0","83.68","Final Fantasy XII: Revenant Wings"
"Trine","3911","Trine","1354440","268620","792","9","1150","2","0","5.04","Trine"
"Hellion","3912","Hellion","1353840","261780","412","7","363","2","0","5.17","Hellion"
"Dreamfall Chapters","3913","Dreamfall Chapters","1353600","201060","161","4","384","2","0","6.73","Dreamfall Chapters"
"Priston Tale","3914","Priston Tale","1353300","260820","3647","5","313","2","0","5.19","Priston Tale"
"OPUS: Rocket of Whispers","3915","OPUS: Rocket of Whispers","1352880","9420","3335","2","35","2","0","143.62","OPUS: Rocket of Whispers"
"D","3916","D","1350600","66240","3254","5","275","2","0","20.39","D"
"Clue","3917","Clue","1350120","22260","5999","3","116","2","0","60.65","Clue"
"Beware","3918","Beware","1349160","17820","5465","2","153","2","0","75.71","Beware"
"Black Mirror 3: The Final Fear","3919","Black Mirror 3: The Final Fear","1348320","24660","1803","2","32","2","0","54.68","Black Mirror 3: The Final Fear"
"Monster Strike","3920","Monster Strike","1348200","184020","3261","6","150","2","0","7.33","Monster Strike"
"Westerado: Double Barreled","3921","Westerado: Double Barreled","1347780","29520","3456","3","179","2","0","45.66","Westerado: Double Barreled"
"13 Sentinels: Aegis Rim","3922","13 Sentinels: Aegis Rim","1346640","47280","7951","12","58","2","0","28.48","13 Sentinels: Aegis Rim"
"Seasons After Fall","3923","Seasons After Fall","1346520","172620","295","6","645","2","0","7.8","Seasons After Fall"
"The Crown of Leaves","3924","The Crown of Leaves","1346280","13860","5649","2","68","2","0","97.13","The Crown of Leaves"
"Eternal City","3925","Eternal City","1346220","53640","3632","3","90","2","0","25.1","Eternal City"
"Q*Bert","3926","Q*Bert","1345860","7920","474","1","19","2","0","169.93","Q*Bert"
"Black Rose","3927","Black Rose","1345800","26760","18931","3","217","2","0","50.29","Black Rose"
"Hexen","3928","Hexen","1344360","79860","8883","4","171","2","0","16.83","Hexen"
"Fictorum","3929","Fictorum","1344360","34560","1021","4","141","2","0","38.9","Fictorum"
"Deponia 2: Chaos on Deponia","3930","Deponia 2: Chaos on Deponia","1344120","63600","4259","3","155","2","0","21.13","Deponia 2: Chaos on Deponia"
"Rogue Singularity","3931","Rogue Singularity","1343640","1260","21778","2","8","2","0","1066.38","Rogue Singularity"
"Ark: Survival Of The Fittest","3932","Ark: Survival Of The Fittest","1342080","261960","2097","7","1142","2","0","5.12","Ark: Survival Of The Fittest"
"Lawnmower Game","3933","Lawnmower Game","1341780","6060","19986","2","51","2","0","221.42","Lawnmower Game"
"Star Ocean: First Departure","3934","Star Ocean: First Departure","1340460","142140","1218","16","245","2","0","9.43","Star Ocean: First Departure"
"Eternal Magic","3935","Eternal Magic","1338420","195660","220","11","398","2","0","6.84","Eternal Magic"
"Dragon's Lair","3936","Dragon's Lair","1336800","14760","5812","2","107","2","0","90.57","Dragon's Lair"
"Shift happens","3937","Shift happens","1336200","44400","2513","3","146","2","0","30.09","Shift happens"
"Senran Kagura: Estival Versus","3938","Senran Kagura: Estival Versus","1335660","175680","887","4","851","2","0","7.6","Senran Kagura: Estival Versus"
"Sub Rosa","3939","Sub Rosa","1335480","56820","4051","6","227","2","0","23.5","Sub Rosa"
"OpenRCT2","3940","OpenRCT2","1335180","182700","293","3","296","2","0","7.31","OpenRCT2"
"Mario is Missing!","3941","Mario is Missing!","1334760","9540","2950","2","48","2","0","139.91","Mario is Missing!"
"Battle Breakers","3942","Battle Breakers","1333800","204960","413","18","802","2","0","6.51","Battle Breakers"
"Craft The World","3943","Craft The World","1333680","269940","228","6","567","2","0","4.94","Craft The World"
"Plug & Play","3944","Plug & Play","1332360","23040","4028","4","304","2","0","57.83","Plug & Play"
"Aven Colony","3945","Aven Colony","1330740","75720","1070","3","253","2","0","17.57","Aven Colony"
"Mega Man & Bass","3946","Mega Man & Bass","1330680","54660","583","6","122","2","0","24.34","Mega Man & Bass"
"Splatoon","3947","Splatoon","1330560","257340","292","7","585","2","0","5.17","Splatoon"
"Quake III Arena","3948","Quake III Arena","1330020","232620","1146","6","636","2","0","5.72","Quake III Arena"
"Shin Megami Tensei: Digital Devil Saga","3949","Shin Megami Tensei: Digital Devil Saga","1328940","109920","476","3","157","2","0","12.09","Shin Megami Tensei: Digital Devil Saga"
"Vikings: Wolves of Midgard","3950","Vikings: Wolves of Midgard","1328940","141120","3291","4","460","2","0","9.42","Vikings: Wolves of Midgard"
"Infestation: Survivor Stories","3951","Infestation: Survivor Stories","1327800","86400","1198","9","267","2","0","15.37","Infestation: Survivor Stories"
"Halo 4","3952","Halo 4","1327380","136140","1033","4","503","2","0","9.75","Halo 4"
"Neopets","3953","Neopets","1326120","74340","3527","3","325","2","0","17.84","Neopets"
"Overpass","3954","Overpass","1325760","10740","13938","4","53","2","0","123.44","Overpass"
"Star Trek: Deep Space Nine - Harbinger","3955","Star Trek: Deep Space Nine - Harbinger","1325340","1800","1613","1","3","2","0","736.3","Star Trek: Deep Space Nine - Harbinger"
"Lego Marvel Super Heroes 2","3956","Lego Marvel Super Heroes 2","1324860","179700","1369","5","1309","2","0","7.37","Lego Marvel Super Heroes 2"
"Xin Xianjian Qixia Zhuan","3957","Xin Xianjian Qixia Zhuan","1324680","27000","251","2","6","2","0","49.06","Xin Xianjian Qixia Zhuan"
"TV Sports: Football","3958","TV Sports: Football","1324380","72180","4674","3","77","2","0","18.35","TV Sports: Football"
"SpaceChem","3959","SpaceChem","1323960","25800","5815","2","68","2","0","51.32","SpaceChem"
"Kangokutou Mary Skelter 2","3960","Kangokutou Mary Skelter 2","1323780","86520","427","4","54","2","0","15.3","Kangokutou Mary Skelter 2"
"Good Night, Knight","3961","Good Night, Knight","1323420","4980","6678","1","28","2","0","265.75","Good Night, Knight"
"UnEpic","3962","UnEpic","1320360","154380","561","5","383","2","0","8.55","UnEpic"
"Killer Queen","3963","Killer Queen","1319940","172980","854","7","64","2","0","7.63","Killer Queen"
"Where's Waldo?","3964","Where's Waldo?","1318080","22860","4560","3","43","2","0","57.66","Where's Waldo?"
"Exo Racing","3965","Exo Racing","1316940","60","21949","1","1","2","0","21949","Exo Racing"
"Rise of Nations: Rise of Legends","3966","Rise of Nations: Rise of Legends","1315140","12540","6024","2","48","2","0","104.88","Rise of Nations: Rise of Legends"
"NW2Online","3967","NW2Online","1315140","90300","156","6","87","2","0","14.56","NW2Online"
"Pokémon Super Mystery Dungeon","3968","Pokémon Super Mystery Dungeon","1309800","70920","1936","3","147","2","0","18.47","Pokémon Super Mystery Dungeon"
"Shin Hayarigami 2","3969","Shin Hayarigami 2","1309500","10320","1089","2","13","2","0","126.89","Shin Hayarigami 2"
"Illbleed","3970","Illbleed","1309440","39540","538","5","75","2","0","33.12","Illbleed"
"Dezzan","3971","Dezzan","1309260","1200","21403","4","13","2","0","1091.05","Dezzan"
"Away: Journey to the Unexpected","3972","Away: Journey to the Unexpected","1308660","22500","5791","8","130","2","0","58.16","Away: Journey to the Unexpected"
"Football!","3973","Football!","1308120","64560","4978","4","103","2","0","20.26","Football!"
"The Banner Saga 3","3974","The Banner Saga 3","1306980","68160","1305","3","125","2","0","19.18","The Banner Saga 3"
"New Super Mario Bros. 2","3975","New Super Mario Bros. 2","1306920","61380","1035","4","157","2","0","21.29","New Super Mario Bros. 2"
"The Final Station","3976","The Final Station","1306200","144900","3013","8","772","2","0","9.01","The Final Station"
"Game Party","3977","Game Party","1306020","121080","2552","7","386","2","0","10.79","Game Party"
"MicroTown","3978","MicroTown","1305780","9960","10491","2","40","2","0","131.1","MicroTown"
"Mega Man Battle Network 6","3979","Mega Man Battle Network 6","1305240","116580","1800","7","111","2","0","11.2","Mega Man Battle Network 6"
"What Are You Stupid","3980","What Are You Stupid","1305120","24240","2107","2","19","2","0","53.84","What Are You Stupid"
"Blizzard","3981","Blizzard","1305060","47280","5249","44","139","2","0","27.6","Blizzard"
"Norman's Night in the Cave","3982","Norman's Night in the Cave","1305060","660","21827","3","5","2","0","1977.36","Norman's Night in the Cave"
"Bullet Witch","3983","Bullet Witch","1304580","15600","3804","2","64","2","0","83.63","Bullet Witch"
"BirdGut","3984","BirdGut","1303380","58800","2927","4","382","2","0","22.17","BirdGut"
"Dead Effect","3985","Dead Effect","1302060","18600","5927","2","94","2","0","70","Dead Effect"
"Kingdom Hearts HD 1.5 ReMIX","3986","Kingdom Hearts HD 1.5 ReMIX","1301640","247500","1671","8","489","2","0","5.26","Kingdom Hearts HD 1.5 ReMIX"
"Tank Mechanic Simulator","3987","Tank Mechanic Simulator","1301460","19020","4513","2","62","2","0","68.43","Tank Mechanic Simulator"
"Vectronom","3988","Vectronom","1301340","22620","4564","5","78","2","0","57.53","Vectronom"
"Castlevania: Bloodlines","3989","Castlevania: Bloodlines","1300260","61620","5745","6","256","2","0","21.1","Castlevania: Bloodlines"
"Source Filmmaker","3990","Source Filmmaker","1300140","275040","733","7","667","2","0","4.73","Source Filmmaker"
"Counter-Strike: Condition Zero","3991","Counter-Strike: Condition Zero","1298640","206520","1330","5","1050","2","0","6.29","Counter-Strike: Condition Zero"
"Altered Beast","3992","Altered Beast","1298580","24360","5793","2","133","2","0","53.31","Altered Beast"
"The Settlers: History Collection","3993","The Settlers: History Collection","1298580","92220","3957","5","153","2","0","14.08","The Settlers: History Collection"
"Bomberman Hero","3994","Bomberman Hero","1297560","41820","3134","7","104","2","0","31.03","Bomberman Hero"
"Predecessor","3995","Predecessor","1297560","20880","744","8","33","2","0","62.14","Predecessor"
"Drakengard 3","3996","Drakengard 3","1296240","132120","377","4","177","2","0","9.81","Drakengard 3"
"Ninja Gaiden II: The Dark Sword of Chaos","3997","Ninja Gaiden II: The Dark Sword of Chaos","1295940","42540","4741","2","64","2","0","30.46","Ninja Gaiden II: The Dark Sword of Chaos"
"Black the Fall","3998","Black the Fall","1295400","46320","1775","2","178","2","0","27.97","Black the Fall"
"Silver Surfer","3999","Silver Surfer","1294800","4020","21014","3","23","2","0","322.09","Silver Surfer"
"Touhou 08 - Imperishable Night","4000","Touhou 08 - Imperishable Night","1294560","44400","19624","2","263","2","0","29.16","Touhou 08 - Imperishable Night"