"","","Game","Watch time","Stream time","Peak viewers","Peak channels","Streamers","Average viewers","Average channels","Average viewer ratio",""
"Secret Files 2: Puritas Cordis","10801","Secret Files 2: Puritas Cordis","75960","7500","185","2","15","0","0","10.13","Secret Files 2: Puritas Cordis"
"Rollergames","10802","Rollergames","75900","9480","38","2","18","0","0","8.01","Rollergames"
"Pink Heaven","10803","Pink Heaven","75900","300","1317","1","6","0","0","253","Pink Heaven"
"Moving Day","10804","Moving Day","75900","8280","936","1","12","0","0","9.17","Moving Day"
"Honshogi: Naitou Kudan Shogi Hiden","10805","Honshogi: Naitou Kudan Shogi Hiden","75900","4500","391","5","9","0","0","16.87","Honshogi: Naitou Kudan Shogi Hiden"
"Airline Simulation","10806","Airline Simulation","75840","660","469","1","6","0","0","114.91","Airline Simulation"
"Steel Harbinger","10807","Steel Harbinger","75840","1080","181","1","1","0","0","70.22","Steel Harbinger"
"The Elder Scrolls Anthology","10808","The Elder Scrolls Anthology","75840","2280","230","2","9","0","0","33.26","The Elder Scrolls Anthology"
"League of Angels III","10809","League of Angels III","75780","42720","336","3","134","0","0","1.77","League of Angels III"
"Superhot: Mind Control Delete","10810","Superhot: Mind Control Delete","75720","24780","40","2","144","0","0","3.06","Superhot: Mind Control Delete"
"The Truth About Game Development","10811","The Truth About Game Development","75720","54540","23","3","63","0","0","1.39","The Truth About Game Development"
"Rome: Total War - Barbarian Invasion","10812","Rome: Total War - Barbarian Invasion","75720","22800","60","1","35","0","0","3.32","Rome: Total War - Barbarian Invasion"
"Silent Hunter III","10813","Silent Hunter III","75720","37920","44","3","80","0","0","2","Silent Hunter III"
"Spyro Orange: The Cortex Conspiracy","10814","Spyro Orange: The Cortex Conspiracy","75720","5040","461","2","11","0","0","15.02","Spyro Orange: The Cortex Conspiracy"
"Card of Darkness","10815","Card of Darkness","75720","300","1301","1","4","0","0","252.4","Card of Darkness"
"X-Blades","10816","X-Blades","75600","19020","590","2","95","0","0","3.97","X-Blades"
"Conductor","10817","Conductor","75600","2160","375","1","13","0","0","35","Conductor"
"Dimension Jump","10818","Dimension Jump","75540","1200","2322","1","8","0","0","62.95","Dimension Jump"
"Star Wars: Rebellion","10819","Star Wars: Rebellion","75540","15660","224","2","54","0","0","4.82","Star Wars: Rebellion"
"Nonet Sympathia","10820","Nonet Sympathia","75540","8820","2236","2","80","0","0","8.56","Nonet Sympathia"
"Jewel Master","10821","Jewel Master","75480","18480","473","2","10","0","0","4.08","Jewel Master"
"The Twisted Tales of Spike McFang","10822","The Twisted Tales of Spike McFang","75480","5640","444","1","15","0","0","13.38","The Twisted Tales of Spike McFang"
"West Legends","10823","West Legends","75480","1560","132","1","3","0","0","48.38","West Legends"
"Horrorfield","10824","Horrorfield","75480","67140","41","4","327","0","0","1.12","Horrorfield"
"Forced","10825","Forced","75420","21960","39","3","93","0","0","3.43","Forced"
"Stellatum","10826","Stellatum","75420","7080","77","2","38","0","0","10.65","Stellatum"
"Elevator Action Returns","10827","Elevator Action Returns","75360","3600","102","1","10","0","0","20.93","Elevator Action Returns"
"Kagero: Deception II","10828","Kagero: Deception II","75360","4200","187","2","15","0","0","17.94","Kagero: Deception II"
"Perfect Heist","10829","Perfect Heist","75360","5820","925","3","45","0","0","12.95","Perfect Heist"
"Star Sonata 2","10830","Star Sonata 2","75300","10080","108","2","18","0","0","7.47","Star Sonata 2"
"Outscape","10831","Outscape","75300","19080","24","3","22","0","0","3.95","Outscape"
"Lotus","10832","Lotus","75240","900","3137","1","5","0","0","83.6","Lotus"
"Summer Athletics","10833","Summer Athletics","75240","120","700","1","1","0","0","627","Summer Athletics"
"The Addams Family","10834","The Addams Family","75240","4140","455","1","27","0","0","18.17","The Addams Family"
"Franchise Hockey Manager 6","10835","Franchise Hockey Manager 6","75240","8340","86","3","14","0","0","9.02","Franchise Hockey Manager 6"
"Jet Kave Adventure","10836","Jet Kave Adventure","75240","2940","225","2","10","0","0","25.59","Jet Kave Adventure"
"Age of Pirates 2: City of Abandoned Ships","10837","Age of Pirates 2: City of Abandoned Ships","75180","11280","33","2","16","0","0","6.66","Age of Pirates 2: City of Abandoned Ships"
"The Race for the White House","10838","The Race for the White House","75180","480","370","1","2","0","0","156.63","The Race for the White House"
"Disney/Pixar Cars: Mater-National Championship","10839","Disney/Pixar Cars: Mater-National Championship","75180","7740","271","2","27","0","0","9.71","Disney/Pixar Cars: Mater-National Championship"
"Holy Diver","10840","Holy Diver","75060","3420","900","1","13","0","0","21.95","Holy Diver"
"Rhythm Tengoku","10841","Rhythm Tengoku","75060","9720","58","2","53","0","0","7.72","Rhythm Tengoku"
"Heart of China","10842","Heart of China","75000","240","1285","1","3","0","0","312.5","Heart of China"
"Devils Share","10843","Devils Share","74940","900","1193","1","7","0","0","83.27","Devils Share"
"World to the West","10844","World to the West","74880","16500","191","2","53","0","0","4.54","World to the West"
"Monsterpocalypse","10845","Monsterpocalypse","74880","15000","27","1","7","0","0","4.99","Monsterpocalypse"
"Starve.io","10846","Starve.io","74880","19980","281","2","117","0","0","3.75","Starve.io"
"WWE Raw 2","10847","WWE Raw 2","74880","10560","587","2","18","0","0","7.09","WWE Raw 2"
"YU-NO: A Girl Who Chants Love at the Bound of This World","10848","YU-NO: A Girl Who Chants Love at the Bound of This World","74880","20460","42","3","29","0","0","3.66","YU-NO: A Girl Who Chants Love at the Bound of This World"
"Bomber Boing","10849","Bomber Boing","74820","60","1328","1","1","0","0","1247","Bomber Boing"
"Art Style: Precipice","10850","Art Style: Precipice","74820","180","1244","1","3","0","0","415.67","Art Style: Precipice"
"Autobahn Police Simulator","10851","Autobahn Police Simulator","74820","1860","567","1","15","0","0","40.23","Autobahn Police Simulator"
"Debris","10852","Debris","74760","2760","332","2","16","0","0","27.09","Debris"
"Echo Night","10853","Echo Night","74760","12300","36","2","27","0","0","6.08","Echo Night"
"Home Sheep Home 2","10854","Home Sheep Home 2","74700","2760","355","1","17","0","0","27.07","Home Sheep Home 2"
"Armored Core: Last Raven","10855","Armored Core: Last Raven","74700","17460","41","2","33","0","0","4.28","Armored Core: Last Raven"
"Coloring Book","10856","Coloring Book","74700","23340","31","2","83","0","0","3.2","Coloring Book"
"Goodgame Empire","10857","Goodgame Empire","74580","8820","904","2","54","0","0","8.46","Goodgame Empire"
"Papa's Burgeria","10858","Papa's Burgeria","74580","25560","243","3","214","0","0","2.92","Papa's Burgeria"
"Lizard","10859","Lizard","74580","7560","184","2","12","0","0","9.87","Lizard"
"Berserk: Millennium Falcon Hen Seima Senki no Shou","10860","Berserk: Millennium Falcon Hen Seima Senki no Shou","74580","12900","115","2","49","0","0","5.78","Berserk: Millennium Falcon Hen Seima Senki no Shou"
"Five Nights at Freddy's World","10861","Five Nights at Freddy's World","74460","27300","47","2","124","0","0","2.73","Five Nights at Freddy's World"
"Plantera","10862","Plantera","74460","49980","59","2","86","0","0","1.49","Plantera"
"Klaus","10863","Klaus","74460","4560","252","2","32","0","0","16.33","Klaus"
"Jurassic World: Alive","10864","Jurassic World: Alive","74460","17700","57","2","37","0","0","4.21","Jurassic World: Alive"
"ShockRods","10865","ShockRods","74460","7680","351","5","57","0","0","9.7","ShockRods"
"No Rules: Get Phat","10866","No Rules: Get Phat","74400","1560","918","1","6","0","0","47.69","No Rules: Get Phat"
"Jack Keane 2","10867","Jack Keane 2","74400","1380","100","1","3","0","0","53.91","Jack Keane 2"
"Sam & Max Save the World","10868","Sam & Max Save the World","74400","15300","27","2","34","0","0","4.86","Sam & Max Save the World"
"MVP Baseball 2005","10869","MVP Baseball 2005","74400","35880","94","2","27","0","0","2.07","MVP Baseball 2005"
"Slayaway Camp","10870","Slayaway Camp","74340","20040","83","2","95","0","0","3.71","Slayaway Camp"
"Simple Planes","10871","Simple Planes","74280","24180","132","2","170","0","0","3.07","Simple Planes"
"Titanfall 3","10872","Titanfall 3","74280","3600","834","5","21","0","0","20.63","Titanfall 3"
"Tokimeki Memorial","10873","Tokimeki Memorial","74280","3480","1011","1","10","0","0","21.34","Tokimeki Memorial"
"Avarice","10874","Avarice","74280","1740","897","2","22","0","0","42.69","Avarice"
"A.I.M. 2 Clan Wars","10875","A.I.M. 2 Clan Wars","74220","2340","708","1","10","0","0","31.72","A.I.M. 2 Clan Wars"
"Warhammer Quest","10876","Warhammer Quest","74160","16140","85","2","51","0","0","4.59","Warhammer Quest"
"Super Smash Bros. for Nintendo 3DS","10877","Super Smash Bros. for Nintendo 3DS","74160","22500","64","3","104","0","0","3.3","Super Smash Bros. for Nintendo 3DS"
"Midnight Resistance","10878","Midnight Resistance","74040","900","865","1","5","0","0","82.27","Midnight Resistance"
"Retro Royale","10879","Retro Royale","74040","6420","61","1","4","0","0","11.53","Retro Royale"
"Mega Man Zero Collection","10880","Mega Man Zero Collection","73980","8880","103","2","33","0","0","8.33","Mega Man Zero Collection"
"Red Faction: Armageddon","10881","Red Faction: Armageddon","73980","30960","71","2","130","0","0","2.39","Red Faction: Armageddon"
"KKND2: Krossfire","10882","KKND2: Krossfire","73980","11400","92","1","24","0","0","6.49","KKND2: Krossfire"
"Duke Nukem: Manhattan Project","10883","Duke Nukem: Manhattan Project","73920","11100","43","2","41","0","0","6.66","Duke Nukem: Manhattan Project"
"DragonHeart","10884","DragonHeart","73920","1620","1281","1","4","0","0","45.63","DragonHeart"
"Arcturus: The Curse and Loss of Divinity","10885","Arcturus: The Curse and Loss of Divinity","73920","6960","328","1","13","0","0","10.62","Arcturus: The Curse and Loss of Divinity"
"Copy Kitty","10886","Copy Kitty","73860","19860","133","2","44","0","0","3.72","Copy Kitty"
"Silent Line: Armored Core","10887","Silent Line: Armored Core","73860","9900","76","2","20","0","0","7.46","Silent Line: Armored Core"
"Tokyo Ghoul:re invoke","10888","Tokyo Ghoul:re invoke","73860","5460","93","2","13","0","0","13.53","Tokyo Ghoul:re invoke"
"My Name is Mayo","10889","My Name is Mayo","73800","26280","120","2","167","0","0","2.81","My Name is Mayo"
"SimAnt: The Electronic Ant Colony","10890","SimAnt: The Electronic Ant Colony","73800","2700","501","1","15","0","0","27.33","SimAnt: The Electronic Ant Colony"
"Yu-Gi-Oh! The Eternal Duelist Soul","10891","Yu-Gi-Oh! The Eternal Duelist Soul","73740","13560","256","2","38","0","0","5.44","Yu-Gi-Oh! The Eternal Duelist Soul"
"Space Quest 6: Roger Wilco in the Spinal Frontier","10892","Space Quest 6: Roger Wilco in the Spinal Frontier","73740","11700","120","1","34","0","0","6.3","Space Quest 6: Roger Wilco in the Spinal Frontier"
"Cory in the House","10893","Cory in the House","73680","10440","333","2","26","0","0","7.06","Cory in the House"
"Magicmaker","10894","Magicmaker","73680","8280","133","1","29","0","0","8.9","Magicmaker"
"Sega Bass Fishing 2","10895","Sega Bass Fishing 2","73680","1680","108","2","9","0","0","43.86","Sega Bass Fishing 2"
"NCAA Championship Basketball","10896","NCAA Championship Basketball","73680","900","405","3","9","0","0","81.87","NCAA Championship Basketball"
"Warlocks 2: God Slayers","10897","Warlocks 2: God Slayers","73620","6420","255","3","37","0","0","11.47","Warlocks 2: God Slayers"
"Hyperdevotion Noire: Goddess Black Heart","10898","Hyperdevotion Noire: Goddess Black Heart","73620","29580","14","2","37","0","0","2.49","Hyperdevotion Noire: Goddess Black Heart"
"Starwhal","10899","Starwhal","73620","9360","328","2","92","0","0","7.87","Starwhal"
"Eternium","10900","Eternium","73620","27600","174","3","83","0","0","2.67","Eternium"