"","","Game","Watch time","Stream time","Peak viewers","Peak channels","Streamers","Average viewers","Average channels","Average viewer ratio",""
"Infra","6001","Infra","474900","61080","553","3","98","0","0","7.78","Infra"
"Nancy Drew: Curse of Blackmoor Manor","6002","Nancy Drew: Curse of Blackmoor Manor","474300","37200","474","2","84","0","0","12.75","Nancy Drew: Curse of Blackmoor Manor"
"VTOL VR","6003","VTOL VR","473640","72060","2281","3","310","0","0","6.57","VTOL VR"
"Ys: The Ark of Napishtim","6004","Ys: The Ark of Napishtim","473520","89520","180","3","122","0","0","5.29","Ys: The Ark of Napishtim"
"Forza Horizon","6005","Forza Horizon","473160","102120","799","4","419","0","0","4.63","Forza Horizon"
"Marble Blast","6006","Marble Blast","473040","39780","129","2","65","0","0","11.89","Marble Blast"
"Fission Superstar X","6007","Fission Superstar X","472800","14340","854","3","71","0","0","32.97","Fission Superstar X"
"Frostbite","6008","Frostbite","472560","2280","5565","1","15","0","0","207.26","Frostbite"
"LINCH","6009","LINCH","472320","1020","3582","2","14","0","0","463.06","LINCH"
"Suikoden V","6010","Suikoden V","472320","80340","80","4","54","0","0","5.88","Suikoden V"
"Endless Battle","6011","Endless Battle","472140","75300","248","15","222","0","0","6.27","Endless Battle"
"Bahamut Lagoon","6012","Bahamut Lagoon","472020","15240","333","2","20","0","0","30.97","Bahamut Lagoon"
"Hitman 2: Silent Assassin","6013","Hitman 2: Silent Assassin","471720","82140","256","3","276","0","0","5.74","Hitman 2: Silent Assassin"
"Day of Infamy","6014","Day of Infamy","471660","167640","1082","5","682","0","0","2.81","Day of Infamy"
"Horror Zombies from the Crypt","6015","Horror Zombies from the Crypt","471240","3300","2651","1","16","0","0","142.8","Horror Zombies from the Crypt"
"Ready 2 Rumble Boxing","6016","Ready 2 Rumble Boxing","470880","3780","8085","2","16","0","0","124.57","Ready 2 Rumble Boxing"
"Privates","6017","Privates","470520","267960","36","4","40","0","0","1.76","Privates"
"Obscuritas","6018","Obscuritas","470340","23580","695","2","73","0","0","19.95","Obscuritas"
"The Sims 2: Pets","6019","The Sims 2: Pets","470100","41220","1887","2","186","0","0","11.4","The Sims 2: Pets"
"Sword of Vermilion","6020","Sword of Vermilion","469860","6420","2143","2","15","0","0","73.19","Sword of Vermilion"
"Animals Memory: Birds","6021","Animals Memory: Birds","469680","334320","28","2","6","0","0","1.4","Animals Memory: Birds"
"Human Resource Machine","6022","Human Resource Machine","469380","70020","583","4","282","0","0","6.7","Human Resource Machine"
"Laplace no Ma","6023","Laplace no Ma","469080","5700","3071","1","22","0","0","82.29","Laplace no Ma"
"Dark Future: Blood Red States","6024","Dark Future: Blood Red States","468960","16860","713","4","63","0","0","27.81","Dark Future: Blood Red States"
"Vandal Hearts II","6025","Vandal Hearts II","468900","11640","134","2","12","0","0","40.28","Vandal Hearts II"
"Margonem","6026","Margonem","468900","68760","213","3","152","0","0","6.82","Margonem"
"Wario Land: Shake It!","6027","Wario Land: Shake It!","468720","26040","2305","2","70","0","0","18","Wario Land: Shake It!"
"Candy Crush Saga","6028","Candy Crush Saga","468720","73440","1203","3","315","0","0","6.38","Candy Crush Saga"
"Burnout Revenge","6029","Burnout Revenge","468720","77700","899","3","233","0","0","6.03","Burnout Revenge"
"FIM Speedway Grand Prix","6030","FIM Speedway Grand Prix","468360","2160","3043","1","1","0","0","216.83","FIM Speedway Grand Prix"
"Just Dance 2016","6031","Just Dance 2016","468300","25560","1426","3","150","0","0","18.32","Just Dance 2016"
"Mario Kart 7","6032","Mario Kart 7","467160","94260","471","4","223","0","0","4.96","Mario Kart 7"
"Scary New Year","6033","Scary New Year","467100","2400","4433","3","10","0","0","194.63","Scary New Year"
"Attack of the Earthlings","6034","Attack of the Earthlings","466920","8340","1049","3","40","0","0","55.99","Attack of the Earthlings"
"Hardland","6035","Hardland","466740","25440","1105","6","133","0","0","18.35","Hardland"
"Lydia","6036","Lydia","466620","6000","2772","1","36","0","0","77.77","Lydia"
"Samurai Shodown II","6037","Samurai Shodown II","466560","13080","2784","2","97","0","0","35.67","Samurai Shodown II"
"SiN","6038","SiN","466440","9120","4010","1","19","0","0","51.14","SiN"
"Solitairica","6039","Solitairica","466380","5580","930","2","21","0","0","83.58","Solitairica"
"Family Man","6040","Family Man","466200","4620","1534","6","40","0","0","100.91","Family Man"
"Viscera Cleanup Detail: Shadow Warrior","6041","Viscera Cleanup Detail: Shadow Warrior","466080","26220","2564","3","204","0","0","17.78","Viscera Cleanup Detail: Shadow Warrior"
"Ultimate Fishing Simulator VR","6042","Ultimate Fishing Simulator VR","465180","7260","4666","3","43","0","0","64.07","Ultimate Fishing Simulator VR"
"Way of the Passive Fist","6043","Way of the Passive Fist","465060","11100","938","5","62","0","0","41.9","Way of the Passive Fist"
"Final Fantasy IV: The Complete Collection","6044","Final Fantasy IV: The Complete Collection","465000","78840","61","3","94","0","0","5.9","Final Fantasy IV: The Complete Collection"
"American Dream","6045","American Dream","464760","1020","3067","1","8","0","0","455.65","American Dream"
"Smoke and Sacrifice","6046","Smoke and Sacrifice","464520","61080","620","4","192","0","0","7.61","Smoke and Sacrifice"
"Double Dragon II: The Revenge","6047","Double Dragon II: The Revenge","464100","26520","5023","2","102","0","0","17.5","Double Dragon II: The Revenge"
"Sig.null","6048","Sig.null","464040","2280","342","1","6","0","0","203.53","Sig.null"
"FIFA 11","6049","FIFA 11","463740","34380","1073","3","95","0","0","13.49","FIFA 11"
"Robocop","6050","Robocop","463620","9420","5794","2","41","0","0","49.22","Robocop"
"Cube Escape: Harvey's Box","6051","Cube Escape: Harvey's Box","463620","5160","5612","2","46","0","0","89.85","Cube Escape: Harvey's Box"
"Spectrobes","6052","Spectrobes","463560","9300","3941","2","14","0","0","49.85","Spectrobes"
"Donkey Konga 2","6053","Donkey Konga 2","463260","3120","7514","1","20","0","0","148.48","Donkey Konga 2"
"Mario Strikers Charged","6054","Mario Strikers Charged","463140","22200","1954","2","114","0","0","20.86","Mario Strikers Charged"
"Destiny Connect","6055","Destiny Connect","462960","31800","442","4","79","0","0","14.56","Destiny Connect"
"Survivor","6056","Survivor","462600","9000","4126","2","63","0","0","51.4","Survivor"
"Darkened Skye","6057","Darkened Skye","462540","5100","3321","2","13","0","0","90.69","Darkened Skye"
"King's Quest VI: Heir Today, Gone Tomorrow","6058","King's Quest VI: Heir Today, Gone Tomorrow","462120","43140","451","3","71","0","0","10.71","King's Quest VI: Heir Today, Gone Tomorrow"
"Flappy Bird","6059","Flappy Bird","462060","13560","5786","2","103","0","0","34.08","Flappy Bird"
"The Wanderer: Frankenstein's Creature","6060","The Wanderer: Frankenstein's Creature","462000","3660","1437","2","20","0","0","126.23","The Wanderer: Frankenstein's Creature"
"Prince of Tennis: Form the Strongest Team","6061","Prince of Tennis: Form the Strongest Team","461820","120","4035","1","2","0","0","3848.5","Prince of Tennis: Form the Strongest Team"
"Mesel","6062","Mesel","461820","840","2774","1","6","0","0","549.79","Mesel"
"Interplanetary","6063","Interplanetary","461700","23520","674","4","116","0","0","19.63","Interplanetary"
"Final Fantasy Digital Card Game","6064","Final Fantasy Digital Card Game","461580","12960","186","2","13","0","0","35.62","Final Fantasy Digital Card Game"
"Card City Nights","6065","Card City Nights","460920","6600","1018","1","18","0","0","69.84","Card City Nights"
"Tail Concerto","6066","Tail Concerto","460860","19680","2565","2","29","0","0","23.42","Tail Concerto"
"Marooners","6067","Marooners","460860","39840","6285","4","413","0","0","11.57","Marooners"
"Pixel Puzzles Ultimate","6068","Pixel Puzzles Ultimate","460800","39000","208","2","75","0","0","11.82","Pixel Puzzles Ultimate"
"Healer's Quest","6069","Healer's Quest","460800","10140","2501","2","36","0","0","45.44","Healer's Quest"
"Might and Magic: Heroes VII","6070","Might and Magic: Heroes VII","460080","129840","289","4","311","0","0","3.54","Might and Magic: Heroes VII"
"PokéPark Wii: Pikachu's Adventure","6071","PokéPark Wii: Pikachu's Adventure","460020","46920","292","6","82","0","0","9.8","PokéPark Wii: Pikachu's Adventure"
"Need for Speed III: Hot Pursuit","6072","Need for Speed III: Hot Pursuit","459840","29100","815","3","167","0","0","15.8","Need for Speed III: Hot Pursuit"
"Girls und Panzer: Dream Tank Match","6073","Girls und Panzer: Dream Tank Match","459780","72660","419","4","62","0","0","6.33","Girls und Panzer: Dream Tank Match"
"Fate/Unlimited Codes","6074","Fate/Unlimited Codes","459300","13320","1558","2","59","0","0","34.48","Fate/Unlimited Codes"
"Anvil of Dawn","6075","Anvil of Dawn","459060","6840","196","1","5","0","0","67.11","Anvil of Dawn"
"Teenage Mutant Ninja Turtles III: Radical Rescue","6076","Teenage Mutant Ninja Turtles III: Radical Rescue","458220","2520","5071","2","10","0","0","181.83","Teenage Mutant Ninja Turtles III: Radical Rescue"
"Code Name: Viper","6077","Code Name: Viper","458100","1560","15545","7","15","0","0","293.65","Code Name: Viper"
"Silhouette Mirage","6078","Silhouette Mirage","457980","7800","2848","3","23","0","0","58.72","Silhouette Mirage"
"Dark Orbit","6079","Dark Orbit","457680","175440","364","4","465","0","0","2.61","Dark Orbit"
"Dragon Cliff","6080","Dragon Cliff","457680","70860","193","6","151","0","0","6.46","Dragon Cliff"
"The Incredible Adventures of Van Helsing Final Cut","6081","The Incredible Adventures of Van Helsing Final Cut","457620","100800","437","6","206","0","0","4.54","The Incredible Adventures of Van Helsing Final Cut"
"Angels Fall First","6082","Angels Fall First","457620","12900","1999","4","95","0","0","35.47","Angels Fall First"
"Resident Evil: Code: Veronica","6083","Resident Evil: Code: Veronica","457260","62640","325","2","140","0","0","7.3","Resident Evil: Code: Veronica"
"Overlord: Raising Hell","6084","Overlord: Raising Hell","457140","93360","269","3","208","0","0","4.9","Overlord: Raising Hell"
"WWE SmackDown! vs. RAW 2009","6085","WWE SmackDown! vs. RAW 2009","456720","8160","3544","2","33","0","0","55.97","WWE SmackDown! vs. RAW 2009"
"Grim Tales: The Stone Queen","6086","Grim Tales: The Stone Queen","456480","3300","1148","1","10","0","0","138.33","Grim Tales: The Stone Queen"
"Age of Pirates: Caribbean Tales","6087","Age of Pirates: Caribbean Tales","456060","5460","538","2","9","0","0","83.53","Age of Pirates: Caribbean Tales"
"Sairento VR","6088","Sairento VR","455280","66360","2065","3","372","0","0","6.86","Sairento VR"
"SkyScrappers","6089","SkyScrappers","455220","1440","3818","1","9","0","0","316.13","SkyScrappers"
"Grandia III","6090","Grandia III","455160","25320","961","2","40","0","0","17.98","Grandia III"
"Kynseed","6091","Kynseed","455100","57480","309","4","275","0","0","7.92","Kynseed"
"Seven Knights","6092","Seven Knights","454800","114420","212","6","201","0","0","3.97","Seven Knights"
"Bounty Train","6093","Bounty Train","454680","25860","1000","4","58","0","0","17.58","Bounty Train"
"Play With Me","6094","Play With Me","454020","17280","1332","2","102","0","0","26.27","Play With Me"
"Cartoon Wars - Gunner","6095","Cartoon Wars - Gunner","453780","540","18118","2","3","0","0","840.33","Cartoon Wars - Gunner"
"Sonic Riders","6096","Sonic Riders","453720","73020","789","3","352","0","0","6.21","Sonic Riders"
"Bad Mojo Redux","6097","Bad Mojo Redux","453180","7500","793","1","30","0","0","60.42","Bad Mojo Redux"
"Warhammer 40,000: Dawn of War II","6098","Warhammer 40,000: Dawn of War II","452700","134640","340","5","399","0","0","3.36","Warhammer 40,000: Dawn of War II"
"We Wish You A Merry Christmas","6099","We Wish You A Merry Christmas","452640","1920","690","1","6","0","0","235.75","We Wish You A Merry Christmas"
"Puzznic","6100","Puzznic","452400","2100","398","1","4","0","0","215.43","Puzznic"