"","","Game","Watch time","Stream time","Peak viewers","Peak channels","Streamers","Average viewers","Average channels","Average viewer ratio",""
"Amazing Island","6501","Amazing Island","377520","8880","2017","1","33","0","0","42.51","Amazing Island"
"Mutazione","6502","Mutazione","377400","18420","1092","4","79","0","0","20.49","Mutazione"
"Hercules","6503","Hercules","377340","29580","365","4","151","0","0","12.76","Hercules"
"Dragon's Dogma","6504","Dragon's Dogma","377280","19920","2338","3","60","0","0","18.94","Dragon's Dogma"
"Vigilantes","6505","Vigilantes","377100","4980","944","4","14","0","0","75.72","Vigilantes"
"21 Days","6506","21 Days","376860","600","1266","1","3","0","0","628.1","21 Days"
"Cold Fear","6507","Cold Fear","376800","42060","845","2","144","0","0","8.96","Cold Fear"
"Harry Potter: Quidditch World Cup","6508","Harry Potter: Quidditch World Cup","376740","22260","1626","3","99","0","0","16.92","Harry Potter: Quidditch World Cup"
"Star Wars: Battlefront","6509","Star Wars: Battlefront","376560","67140","683","7","2631","0","0","5.61","Star Wars: Battlefront"
"The Temple of Elemental Evil: A Classic Greyhawk Adventure","6510","The Temple of Elemental Evil: A Classic Greyhawk Adventure","376440","13560","341","2","30","0","0","27.76","The Temple of Elemental Evil: A Classic Greyhawk Adventure"
"Gundam Breaker 3","6511","Gundam Breaker 3","376320","78420","204","3","152","0","0","4.8","Gundam Breaker 3"
"The Wonderful End of the World","6512","The Wonderful End of the World","376140","4020","1670","2","16","0","0","93.57","The Wonderful End of the World"
"Nocturne","6513","Nocturne","375540","14280","192","2","24","0","0","26.3","Nocturne"
"BlazeRush","6514","BlazeRush","375120","26220","1049","3","89","0","0","14.31","BlazeRush"
"Shining Force III Scenario 3","6515","Shining Force III Scenario 3","374760","6480","128","1","2","0","0","57.83","Shining Force III Scenario 3"
"Sail and Sacrifice","6516","Sail and Sacrifice","374580","7740","2344","2","63","0","0","48.4","Sail and Sacrifice"
"Spooks","6517","Spooks","374280","2820","3133","1","14","0","0","132.72","Spooks"
"Dreamscaper","6518","Dreamscaper","374220","24780","262","5","153","0","0","15.1","Dreamscaper"
"The Deer","6519","The Deer","374100","1260","2704","1","8","0","0","296.9","The Deer"
"The Adventures of Jimmy Neutron: Boy Genius - Attack of the Twonkies","6520","The Adventures of Jimmy Neutron: Boy Genius - Attack of the Twonkies","373860","15000","2169","2","34","0","0","24.92","The Adventures of Jimmy Neutron: Boy Genius - Attack of the Twonkies"
"Ctrl CV","6521","Ctrl CV","373680","4020","2895","2","38","0","0","92.96","Ctrl CV"
"Bad Dream: Fever","6522","Bad Dream: Fever","373320","32160","231","3","116","0","0","11.61","Bad Dream: Fever"
"Brave Frontier","6523","Brave Frontier","372960","93360","135","5","147","0","0","3.99","Brave Frontier"
"Ikaruga","6524","Ikaruga","372900","52140","1166","2","291","0","0","7.15","Ikaruga"
"Star Trek Fleet Command","6525","Star Trek Fleet Command","372360","32400","1435","3","55","0","0","11.49","Star Trek Fleet Command"
"Alchemy Story","6526","Alchemy Story","372180","25200","286","8","93","0","0","14.77","Alchemy Story"
"Waku Waku Puyo Puyo Dungeon","6527","Waku Waku Puyo Puyo Dungeon","372120","2580","274","1","2","0","0","144.23","Waku Waku Puyo Puyo Dungeon"
"The Granstream Saga","6528","The Granstream Saga","371880","8880","386","1","12","0","0","41.88","The Granstream Saga"
"One Deck Dungeon","6529","One Deck Dungeon","371760","17400","457","2","45","0","0","21.37","One Deck Dungeon"
"Tetris Plus","6530","Tetris Plus","371640","11160","874","9","51","0","0","33.3","Tetris Plus"
"Starmade","6531","Starmade","371460","34320","4633","3","107","0","0","10.82","Starmade"
"Satellite Reign","6532","Satellite Reign","371400","57000","939","3","206","0","0","6.52","Satellite Reign"
"National Geographic Challenge!","6533","National Geographic Challenge!","371100","840","3171","1","4","0","0","441.79","National Geographic Challenge!"
"Shaq Fu: A Legend Reborn","6534","Shaq Fu: A Legend Reborn","370560","32040","3507","2","153","0","0","11.57","Shaq Fu: A Legend Reborn"
"Space Robinson","6535","Space Robinson","370020","20100","1209","5","125","0","0","18.41","Space Robinson"
"Might and Magic VIII: Day of the Destroyer","6536","Might and Magic VIII: Day of the Destroyer","369720","68640","71","3","66","0","0","5.39","Might and Magic VIII: Day of the Destroyer"
"Mugsters","6537","Mugsters","369660","6240","772","4","25","0","0","59.24","Mugsters"
"Harvest Moon: Magical Melody","6538","Harvest Moon: Magical Melody","369600","48600","132","3","102","0","0","7.6","Harvest Moon: Magical Melody"
"Princess Maker","6539","Princess Maker","369480","22920","1799","2","97","0","0","16.12","Princess Maker"
"Digimon World DS","6540","Digimon World DS","369420","18240","2530","3","46","0","0","20.25","Digimon World DS"
"Tap Titans 2","6541","Tap Titans 2","369360","62520","1293","3","117","0","0","5.91","Tap Titans 2"
"Lost","6542","Lost","369240","3960","5238","1","29","0","0","93.24","Lost"
"Kingdom Hearts Re:coded","6543","Kingdom Hearts Re:coded","369180","45300","171","4","123","0","0","8.15","Kingdom Hearts Re:coded"
"Woven","6544","Woven","368940","25920","480","9","147","0","0","14.23","Woven"
"Nemo Dungeon","6545","Nemo Dungeon","368940","2880","1903","1","26","0","0","128.1","Nemo Dungeon"
"Swords and Serpents","6546","Swords and Serpents","368820","3540","1212","2","6","0","0","104.19","Swords and Serpents"
"Raging Justice","6547","Raging Justice","368760","10380","857","4","49","0","0","35.53","Raging Justice"
"You Deserve","6548","You Deserve","368640","2580","2217","1","17","0","0","142.88","You Deserve"
"Star Wars: The Empire Strikes Back","6549","Star Wars: The Empire Strikes Back","368640","4320","508","2","15","0","0","85.33","Star Wars: The Empire Strikes Back"
"Shin Megami Tensei: Devil Summoner 2 - Raidou Kuzunoha vs. King Abaddon","6550","Shin Megami Tensei: Devil Summoner 2 - Raidou Kuzunoha vs. King Abaddon","368580","30420","65","2","22","0","0","12.12","Shin Megami Tensei: Devil Summoner 2 - Raidou Kuzunoha vs. King Abaddon"
"Desperados: Wanted Dead or Alive","6551","Desperados: Wanted Dead or Alive","368400","56940","950","3","150","0","0","6.47","Desperados: Wanted Dead or Alive"
"Occupy White Walls","6552","Occupy White Walls","368100","63240","708","4","149","0","0","5.82","Occupy White Walls"
"Baldur's Gate: Dark Alliance","6553","Baldur's Gate: Dark Alliance","368040","54540","400","3","151","0","0","6.75","Baldur's Gate: Dark Alliance"
"Primordia","6554","Primordia","367860","27540","692","3","74","0","0","13.36","Primordia"
"Legacy of Kain: Blood Omen 2","6555","Legacy of Kain: Blood Omen 2","367500","46080","160","3","97","0","0","7.98","Legacy of Kain: Blood Omen 2"
"Contract J.A.C.K.","6556","Contract J.A.C.K.","367260","4380","877","1","10","0","0","83.85","Contract J.A.C.K."
"Identity","6557","Identity","367140","21780","849","3","161","0","0","16.86","Identity"
"Lottery Simulator","6558","Lottery Simulator","367080","361920","129","3","15","0","0","1.01","Lottery Simulator"
"Premiere","6559","Premiere","366960","21120","2441","2","106","0","0","17.38","Premiere"
"Rainbow","6560","Rainbow","366900","217800","304","6","1187","0","0","1.68","Rainbow"
"Armikrog","6561","Armikrog","366660","24480","702","2","105","0","0","14.98","Armikrog"
"Boxing Star","6562","Boxing Star","366540","59460","824","3","76","0","0","6.16","Boxing Star"
"Mônica no Castelo do Dragão","6563","Mônica no Castelo do Dragão","366540","1200","2351","1","4","0","0","305.45","Mônica no Castelo do Dragão"
"Ise Shima Mystery Annai: Itsuwari no Kuro Shinju","6564","Ise Shima Mystery Annai: Itsuwari no Kuro Shinju","366120","2340","509","1","7","0","0","156.46","Ise Shima Mystery Annai: Itsuwari no Kuro Shinju"
"Your Turn to Die","6565","Your Turn to Die","366060","70380","382","6","127","0","0","5.2","Your Turn to Die"
"Putt-Putt Travels Through Time","6566","Putt-Putt Travels Through Time","365760","15180","2597","2","100","0","0","24.09","Putt-Putt Travels Through Time"
"City Game Studio","6567","City Game Studio","365700","20760","258","4","91","0","0","17.62","City Game Studio"
"FIFA Soccer 06","6568","FIFA Soccer 06","365580","6720","1902","1","18","0","0","54.4","FIFA Soccer 06"
"Stars Without Number","6569","Stars Without Number","365160","51000","129","3","36","0","0","7.16","Stars Without Number"
"CarnEvil","6570","CarnEvil","365100","3000","3392","1","12","0","0","121.7","CarnEvil"
"Delver","6571","Delver","364920","41220","759","3","217","0","0","8.85","Delver"
"Freddi Fish 4: The Case of the Hogfish Rustlers of Briny Gulch","6572","Freddi Fish 4: The Case of the Hogfish Rustlers of Briny Gulch","364800","7200","734","1","55","0","0","50.67","Freddi Fish 4: The Case of the Hogfish Rustlers of Briny Gulch"
"Gex: Enter the Gecko","6573","Gex: Enter the Gecko","364560","52740","1335","3","139","0","0","6.91","Gex: Enter the Gecko"
"Glass","6574","Glass","364200","48120","84","6","20","0","0","7.57","Glass"
"I Spend An Erotic Month in My Aunt's House in Old Town","6575","I Spend An Erotic Month in My Aunt's House in Old Town","364200","360","1125","1","1","0","0","1011.67","I Spend An Erotic Month in My Aunt's House in Old Town"
"The Bard's Tale","6576","The Bard's Tale","363600","55080","185","3","119","0","0","6.6","The Bard's Tale"
"Texas Hold 'Em Poker","6577","Texas Hold 'Em Poker","363600","264900","161","4","275","0","0","1.37","Texas Hold 'Em Poker"
"Pokémon Puzzle Challenge","6578","Pokémon Puzzle Challenge","363480","67560","546","5","80","0","0","5.38","Pokémon Puzzle Challenge"
"Titanfall","6579","Titanfall","363180","301320","209","5","844","0","0","1.21","Titanfall"
"Majesty 2: The Fantasy Kingdom Sim","6580","Majesty 2: The Fantasy Kingdom Sim","362820","47820","1089","3","104","0","0","7.59","Majesty 2: The Fantasy Kingdom Sim"
"Chain Saw","6581","Chain Saw","362520","900","2094","1","10","0","0","402.8","Chain Saw"
"Princess Princess: Himetachi no Abunai Houkago","6582","Princess Princess: Himetachi no Abunai Houkago","362400","780","5173","1","6","0","0","464.62","Princess Princess: Himetachi no Abunai Houkago"
"IL-2 Sturmovik Great Battles","6583","IL-2 Sturmovik Great Battles","362340","81000","329","5","107","0","0","4.47","IL-2 Sturmovik Great Battles"
"Comix Zone","6584","Comix Zone","362340","36960","571","2","167","0","0","9.8","Comix Zone"
"Hello Charlotte: Childhood's End","6585","Hello Charlotte: Childhood's End","362280","46800","244","3","108","0","0","7.74","Hello Charlotte: Childhood's End"
"Cell to Singularity - Evolution Never Ends","6586","Cell to Singularity - Evolution Never Ends","362160","14880","2362","2","95","0","0","24.34","Cell to Singularity - Evolution Never Ends"
"Zaku","6587","Zaku","362100","360","3188","1","3","0","0","1005.83","Zaku"
"Nancy Drew: The Haunting of Castle Malloy","6588","Nancy Drew: The Haunting of Castle Malloy","361860","33420","676","2","76","0","0","10.83","Nancy Drew: The Haunting of Castle Malloy"
"Aaero","6589","Aaero","361800","81420","377","4","532","0","0","4.44","Aaero"
"Misadventures of Laura Silver","6590","Misadventures of Laura Silver","361680","8100","4252","2","46","0","0","44.65","Misadventures of Laura Silver"
"Quiz Nanairo Dreams","6591","Quiz Nanairo Dreams","361680","780","1267","1","4","0","0","463.69","Quiz Nanairo Dreams"
"Carrier","6592","Carrier","361560","14640","305","2","21","0","0","24.7","Carrier"
"Blacklight Retribution","6593","Blacklight Retribution","361440","57240","220","7","2003","0","0","6.31","Blacklight Retribution"
"Warmachine & Hordes","6594","Warmachine & Hordes","361140","48720","209","3","48","0","0","7.41","Warmachine & Hordes"
"GoldenEye","6595","GoldenEye","361140","9720","1217","1","36","0","0","37.15","GoldenEye"
"Storyteller","6596","Storyteller","360900","425400","57","3","77","0","0","0.85","Storyteller"
"Steins;Gate 0","6597","Steins;Gate 0","360720","112740","189","3","123","0","0","3.2","Steins;Gate 0"
"Aerobiz","6598","Aerobiz","360600","3300","742","1","9","0","0","109.27","Aerobiz"
"Dungeon Siege","6599","Dungeon Siege","360480","104220","151","5","215","0","0","3.46","Dungeon Siege"
"Adventures of Rad Gravity","6600","Adventures of Rad Gravity","360420","2760","3028","1","7","0","0","130.59","Adventures of Rad Gravity"