"","","Game","Watch time","Stream time","Peak viewers","Peak channels","Streamers","Average viewers","Average channels","Average viewer ratio",""
"Army Men: Air Attack","8301","Army Men: Air Attack","183900","2040","365","1","5","0","0","90.15","Army Men: Air Attack"
"Impulse of War","8302","Impulse of War","183900","300","1237","1","1","0","0","613","Impulse of War"
"Amazing Princess Sarah","8303","Amazing Princess Sarah","183660","1140","2995","1","6","0","0","161.11","Amazing Princess Sarah"
"Metal Slug 5","8304","Metal Slug 5","183660","9600","191","2","70","0","0","19.13","Metal Slug 5"
"Epic 7","8305","Epic 7","183660","46980","94","4","182","0","0","3.91","Epic 7"
"Devil Engine","8306","Devil Engine","183540","23700","140","2","101","0","0","7.74","Devil Engine"
"Trivial Pursuit","8307","Trivial Pursuit","183480","14820","462","2","104","0","0","12.38","Trivial Pursuit"
"Just Sing","8308","Just Sing","183420","13380","320","3","89","0","0","13.71","Just Sing"
"Orwell: Ignorance is Strength","8309","Orwell: Ignorance is Strength","183300","37140","226","2","154","0","0","4.94","Orwell: Ignorance is Strength"
"Raze's Hell","8310","Raze's Hell","183060","480","1575","1","4","0","0","381.38","Raze's Hell"
"Mxsimulator","8311","Mxsimulator","182880","57600","157","4","118","0","0","3.18","Mxsimulator"
"Yume 2kki","8312","Yume 2kki","182820","47340","45","2","55","0","0","3.86","Yume 2kki"
"Home","8313","Home","182760","26220","982","3","213","0","0","6.97","Home"
"Space Hulk","8314","Space Hulk","182760","5100","1469","2","26","0","0","35.84","Space Hulk"
"ECW Anarchy Rulz","8315","ECW Anarchy Rulz","182760","600","2725","1","5","0","0","304.6","ECW Anarchy Rulz"
"Runaway: A Road Adventure","8316","Runaway: A Road Adventure","182640","22200","225","2","53","0","0","8.23","Runaway: A Road Adventure"
"Gotham City Impostors","8317","Gotham City Impostors","182580","43740","203","3","248","0","0","4.17","Gotham City Impostors"
"Discworld Noir","8318","Discworld Noir","182520","9960","185","2","13","0","0","18.33","Discworld Noir"
"Tim Burton's The Nightmare Before Christmas: Oogie's Revenge","8319","Tim Burton's The Nightmare Before Christmas: Oogie's Revenge","182340","20940","163","4","65","0","0","8.71","Tim Burton's The Nightmare Before Christmas: Oogie's Revenge"
"Microsoft Solitaire Collection","8320","Microsoft Solitaire Collection","182280","217980","406","4","300","0","0","0.84","Microsoft Solitaire Collection"
"Sweet Home","8321","Sweet Home","182160","24780","112","2","59","0","0","7.35","Sweet Home"
"Dragon Ball Z: Infinite World","8322","Dragon Ball Z: Infinite World","182100","13380","579","2","72","0","0","13.61","Dragon Ball Z: Infinite World"
"Thrillville: Off the Rails","8323","Thrillville: Off the Rails","182040","26520","518","2","134","0","0","6.86","Thrillville: Off the Rails"
"Battle for Wesnoth","8324","Battle for Wesnoth","182040","74460","34","3","163","0","0","2.44","Battle for Wesnoth"
"Goetia","8325","Goetia","182040","30600","182","2","101","0","0","5.95","Goetia"
"Science Papa","8326","Science Papa","181980","840","1530","1","4","0","0","216.64","Science Papa"
"Coin Crypt","8327","Coin Crypt","181980","4200","203","1","15","0","0","43.33","Coin Crypt"
"Castlevania: The Dracula X Chronicles","8328","Castlevania: The Dracula X Chronicles","181980","21120","370","2","75","0","0","8.62","Castlevania: The Dracula X Chronicles"
"GraalOnline Era","8329","GraalOnline Era","181800","5100","589","2","25","0","0","35.65","GraalOnline Era"
"Redneck Deer Huntin'","8330","Redneck Deer Huntin'","181680","120","1578","1","1","0","0","1514","Redneck Deer Huntin'"
"Kid Pix Deluxe","8331","Kid Pix Deluxe","181680","2940","1358","1","15","0","0","61.8","Kid Pix Deluxe"
"A Nightmare on Elm Street","8332","A Nightmare on Elm Street","181200","10980","380","2","39","0","0","16.5","A Nightmare on Elm Street"
"Midnight Club 3: DUB Edition Remix","8333","Midnight Club 3: DUB Edition Remix","181080","51300","105","3","197","0","0","3.53","Midnight Club 3: DUB Edition Remix"
"King Kong","8334","King Kong","180840","6840","921","2","39","0","0","26.44","King Kong"
"Pilot Brothers: On the Track of Striped Elephant","8335","Pilot Brothers: On the Track of Striped Elephant","180840","8580","577","2","40","0","0","21.08","Pilot Brothers: On the Track of Striped Elephant"
"Daryl F. Gates' Police Quest: SWAT","8336","Daryl F. Gates' Police Quest: SWAT","180840","1800","2497","1","11","0","0","100.47","Daryl F. Gates' Police Quest: SWAT"
"Bulk Slash","8337","Bulk Slash","180660","4920","133","1","6","0","0","36.72","Bulk Slash"
"Rumble Fighter","8338","Rumble Fighter","180540","63900","51","3","129","0","0","2.83","Rumble Fighter"
"SOS","8339","SOS","180540","8640","2413","2","39","0","0","20.9","SOS"
"Kid Kool","8340","Kid Kool","180420","2580","262","1","4","0","0","69.93","Kid Kool"
"Kine","8341","Kine","180360","6600","510","3","40","0","0","27.33","Kine"
"Melbits World","8342","Melbits World","180360","2700","510","2","29","0","0","66.8","Melbits World"
"One Final Breath","8343","One Final Breath","180240","60","3004","1","1","0","0","3004","One Final Breath"
"Dino Run DX","8344","Dino Run DX","180120","2460","2901","2","24","0","0","73.22","Dino Run DX"
"Hitman Go","8345","Hitman Go","180120","11940","414","2","67","0","0","15.09","Hitman Go"
"Buck Bumble","8346","Buck Bumble","179940","6000","1924","4","34","0","0","29.99","Buck Bumble"
"Neverwinter Nights: Hordes of the Underdark","8347","Neverwinter Nights: Hordes of the Underdark","179940","12120","73","1","13","0","0","14.85","Neverwinter Nights: Hordes of the Underdark"
"Boogeyman 2","8348","Boogeyman 2","179880","14820","505","3","126","0","0","12.14","Boogeyman 2"
"Concluse","8349","Concluse","179880","16080","449","2","99","0","0","11.19","Concluse"
"Big Sister's Ass","8350","Big Sister's Ass","179760","960","979","1","7","0","0","187.25","Big Sister's Ass"
"Poochy & Yoshi's Woolly World","8351","Poochy & Yoshi's Woolly World","179760","4200","1373","2","20","0","0","42.8","Poochy & Yoshi's Woolly World"
"Hanging With Friends","8352","Hanging With Friends","179760","92280","315","3","343","0","0","1.95","Hanging With Friends"
"TNA iMPACT: Cross the Line","8353","TNA iMPACT: Cross the Line","179700","240","863","1","1","0","0","748.75","TNA iMPACT: Cross the Line"
"Door","8354","Door","179640","6420","462","1","44","0","0","27.98","Door"
"Helam: A Stripling Warrior Quest","8355","Helam: A Stripling Warrior Quest","179580","1080","1500","2","3","0","0","166.28","Helam: A Stripling Warrior Quest"
"Escape from Pleasure Planet","8356","Escape from Pleasure Planet","179520","1380","1357","1","4","0","0","130.09","Escape from Pleasure Planet"
"Yo-Kai Watch 2","8357","Yo-Kai Watch 2","179520","9300","169","2","20","0","0","19.3","Yo-Kai Watch 2"
"Chaos Legion","8358","Chaos Legion","179460","24000","477","2","51","0","0","7.48","Chaos Legion"
"F1 2010","8359","F1 2010","179460","11940","90","2","31","0","0","15.03","F1 2010"
"Task Force","8360","Task Force","179460","33720","53","8","40","0","0","5.32","Task Force"
"Gunslinger","8361","Gunslinger","179400","120","2990","1","1","0","0","1495","Gunslinger"
"Caretaker","8362","Caretaker","179400","8700","902","2","62","0","0","20.62","Caretaker"
"Zoo Tycoon: Marine Mania","8363","Zoo Tycoon: Marine Mania","179340","2640","2980","1","15","0","0","67.93","Zoo Tycoon: Marine Mania"
"Hannah Montana: The Movie","8364","Hannah Montana: The Movie","179220","10620","628","1","17","0","0","16.88","Hannah Montana: The Movie"
"The House of the Dead: OVERKILL","8365","The House of the Dead: OVERKILL","179220","14880","323","2","59","0","0","12.04","The House of the Dead: OVERKILL"
"Ecco the Dolphin","8366","Ecco the Dolphin","179220","21780","492","2","74","0","0","8.23","Ecco the Dolphin"
"Naruto Shippuden: Ultimate Ninja Storm Revolution","8367","Naruto Shippuden: Ultimate Ninja Storm Revolution","179100","45000","213","3","234","0","0","3.98","Naruto Shippuden: Ultimate Ninja Storm Revolution"
"Bratz: Forever Diamondz","8368","Bratz: Forever Diamondz","179100","4740","1103","1","20","0","0","37.78","Bratz: Forever Diamondz"
"The Sword And The Fox","8369","The Sword And The Fox","178920","31680","22","1","3","0","0","5.65","The Sword And The Fox"
"Pixel Piracy","8370","Pixel Piracy","178860","25740","504","3","143","0","0","6.95","Pixel Piracy"
"Tokimeki Memorial: Forever With You","8371","Tokimeki Memorial: Forever With You","178800","4620","842","1","4","0","0","38.7","Tokimeki Memorial: Forever With You"
"Nin Online","8372","Nin Online","178800","20820","73","3","44","0","0","8.59","Nin Online"
"Disney's Timon & Pumbaa's Jungle Games","8373","Disney's Timon & Pumbaa's Jungle Games","178680","1440","1759","1","10","0","0","124.08","Disney's Timon & Pumbaa's Jungle Games"
"If You Became A Girl Who Was Abducted By A Pervert Man When You Woke Up","8374","If You Became A Girl Who Was Abducted By A Pervert Man When You Woke Up","178680","180","1047","1","1","0","0","992.67","If You Became A Girl Who Was Abducted By A Pervert Man When You Woke Up"
"Dead Effect 2","8375","Dead Effect 2","178680","49920","1258","3","181","0","0","3.58","Dead Effect 2"
"They Bleed Pixels","8376","They Bleed Pixels","178680","23520","270","2","103","0","0","7.6","They Bleed Pixels"
"DJ Hero 2","8377","DJ Hero 2","178620","16020","321","2","86","0","0","11.15","DJ Hero 2"
"Ground Control Anthology","8378","Ground Control Anthology","178320","780","385","1","3","0","0","228.62","Ground Control Anthology"
"Ogre Battle 64: Person of Lordly Caliber","8379","Ogre Battle 64: Person of Lordly Caliber","178260","40980","47","2","56","0","0","4.35","Ogre Battle 64: Person of Lordly Caliber"
"Guilty Gear XX #Reload","8380","Guilty Gear XX #Reload","178260","15960","137","2","35","0","0","11.17","Guilty Gear XX #Reload"
"Stubbs the Zombie in Rebel Without a Pulse","8381","Stubbs the Zombie in Rebel Without a Pulse","178260","43920","70","4","82","0","0","4.06","Stubbs the Zombie in Rebel Without a Pulse"
"River City Super Sports Challenge","8382","River City Super Sports Challenge","178200","5400","1131","2","33","0","0","33","River City Super Sports Challenge"
"F.E.A.R.: Perseus Mandate","8383","F.E.A.R.: Perseus Mandate","178200","44340","129","3","139","0","0","4.02","F.E.A.R.: Perseus Mandate"
"Human-powered spacecraft","8384","Human-powered spacecraft","178200","1560","3077","1","15","0","0","114.23","Human-powered spacecraft"
"Tribe XR","8385","Tribe XR","178140","30360","1423","2","75","0","0","5.87","Tribe XR"
"Paramanya","8386","Paramanya","178140","2280","251","1","11","0","0","78.13","Paramanya"
"Might & Magic Heroes VI","8387","Might & Magic Heroes VI","178080","75540","66","4","183","0","0","2.36","Might & Magic Heroes VI"
"Disney Move","8388","Disney Move","177960","900","1403","1","9","0","0","197.73","Disney Move"
"Puppy Love","8389","Puppy Love","177960","174240","18","2","11","0","0","1.02","Puppy Love"
"TribeXR DJ School","8390","TribeXR DJ School","177720","38640","370","3","87","0","0","4.6","TribeXR DJ School"
"Mr. Pumpkin Adventure","8391","Mr. Pumpkin Adventure","177660","960","1516","1","5","0","0","185.06","Mr. Pumpkin Adventure"
"Bonk 3: Bonk's Big Adventure","8392","Bonk 3: Bonk's Big Adventure","177600","180","2998","1","2","0","0","986.67","Bonk 3: Bonk's Big Adventure"
"Under Night In-Birth","8393","Under Night In-Birth","177480","21360","1559","2","118","0","0","8.31","Under Night In-Birth"
"Planescape: Torment","8394","Planescape: Torment","177300","41700","183","3","62","0","0","4.25","Planescape: Torment"
"100ft Robot Golf","8395","100ft Robot Golf","177180","12600","96","3","66","0","0","14.06","100ft Robot Golf"
"Bass Pro Shops: The Strike - Championship Edition","8396","Bass Pro Shops: The Strike - Championship Edition","177180","720","1593","1","3","0","0","246.08","Bass Pro Shops: The Strike - Championship Edition"
"Final Fantasy Explorers","8397","Final Fantasy Explorers","177120","11820","223","2","21","0","0","14.98","Final Fantasy Explorers"
"Twisted Metal","8398","Twisted Metal","177060","18240","206","2","81","0","0","9.71","Twisted Metal"
"Digimon Rumble Arena 2","8399","Digimon Rumble Arena 2","177000","9900","990","2","69","0","0","17.88","Digimon Rumble Arena 2"
"Sword Art Online: Memory Defrag","8400","Sword Art Online: Memory Defrag","176940","69900","36","3","137","0","0","2.53","Sword Art Online: Memory Defrag"