"","","Game","Watch time","Stream time","Peak viewers","Peak channels","Streamers","Average viewers","Average channels","Average viewer ratio",""
"Clockwork Knight","9601","Clockwork Knight","112860","2700","786","1","15","0","0","41.8","Clockwork Knight"
"Which girl should I choose?","9602","Which girl should I choose?","112800","480","578","1","1","0","0","235","Which girl should I choose?"
"Dungeon Master II: The Legend of Skullkeep","9603","Dungeon Master II: The Legend of Skullkeep","112740","2580","141","2","9","0","0","43.7","Dungeon Master II: The Legend of Skullkeep"
"Action","9604","Action","112680","216840","66","4","199","0","0","0.52","Action"
"Mulaka","9605","Mulaka","112680","20280","251","2","54","0","0","5.56","Mulaka"
"Tales of Monkey Island","9606","Tales of Monkey Island","112620","17640","93","2","35","0","0","6.38","Tales of Monkey Island"
"Dragon Ball: Advanced Adventure","9607","Dragon Ball: Advanced Adventure","112500","14760","353","4","63","0","0","7.62","Dragon Ball: Advanced Adventure"
"Space Pirates and Zombies","9608","Space Pirates and Zombies","112500","24180","494","2","40","0","0","4.65","Space Pirates and Zombies"
"Torn City","9609","Torn City","112500","10380","38","1","10","0","0","10.84","Torn City"
"Azrael's Tear","9610","Azrael's Tear","112500","1080","157","1","1","0","0","104.17","Azrael's Tear"
"The Oregon Trail Deluxe","9611","The Oregon Trail Deluxe","112440","9540","1601","2","55","0","0","11.79","The Oregon Trail Deluxe"
"The Adventures of Bertram Fiddle","9612","The Adventures of Bertram Fiddle","112440","11340","125","2","41","0","0","9.92","The Adventures of Bertram Fiddle"
"Red Stone Online","9613","Red Stone Online","112380","47700","40","2","50","0","0","2.36","Red Stone Online"
"Anno 1602: Creation of a New World","9614","Anno 1602: Creation of a New World","112380","7740","1458","1","28","0","0","14.52","Anno 1602: Creation of a New World"
"Walt Disney's The Jungle Book","9615","Walt Disney's The Jungle Book","112380","1920","319","1","13","0","0","58.53","Walt Disney's The Jungle Book"
"Secret of the Stars","9616","Secret of the Stars","112320","13440","46","2","11","0","0","8.36","Secret of the Stars"
"The Sims 3: Pets","9617","The Sims 3: Pets","112320","24660","276","2","75","0","0","4.55","The Sims 3: Pets"
"London 2012: Official Mobile Game","9618","London 2012: Official Mobile Game","112320","120","1450","1","1","0","0","936","London 2012: Official Mobile Game"
"Wally and the Fantastic Predators","9619","Wally and the Fantastic Predators","112140","22200","84","2","18","0","0","5.05","Wally and the Fantastic Predators"
"Hytale","9620","Hytale","112140","17880","351","2","48","0","0","6.27","Hytale"
"Dead Nation","9621","Dead Nation","112140","27780","217","3","473","0","0","4.04","Dead Nation"
"Captain Planet and the Planeteers","9622","Captain Planet and the Planeteers","112140","420","1269","2","5","0","0","267","Captain Planet and the Planeteers"
"Backyard Wrestling 2: There Goes the Neighborhood","9623","Backyard Wrestling 2: There Goes the Neighborhood","111960","1800","797","2","9","0","0","62.2","Backyard Wrestling 2: There Goes the Neighborhood"
"The Evil Dead","9624","The Evil Dead","111960","300","2082","1","4","0","0","373.2","The Evil Dead"
"Outbreak","9625","Outbreak","111900","8520","698","1","40","0","0","13.13","Outbreak"
"ChuChu Rocket!","9626","ChuChu Rocket!","111900","4080","999","1","25","0","0","27.43","ChuChu Rocket!"
"Ace Combat 2","9627","Ace Combat 2","111900","10380","274","2","47","0","0","10.78","Ace Combat 2"
"Case Closed: The Mirapolis Investigation","9628","Case Closed: The Mirapolis Investigation","111840","2760","219","1","7","0","0","40.52","Case Closed: The Mirapolis Investigation"
"Calcio Championship","9629","Calcio Championship","111840","2040","890","1","15","0","0","54.82","Calcio Championship"
"Emily is Away <3","9630","Emily is Away <3","111780","2160","760","1","19","0","0","51.75","Emily is Away <3"
"Happy Feet","9631","Happy Feet","111780","3300","1702","1","14","0","0","33.87","Happy Feet"
"Shardbound","9632","Shardbound","111720","15540","123","2","59","0","0","7.19","Shardbound"
"Bethesda @ PAX","9633","Bethesda @ PAX","111720","3600","736","1","3","0","0","31.03","Bethesda @ PAX"
"Revhead","9634","Revhead","111660","3540","210","1","13","0","0","31.54","Revhead"
"NBA 2K11","9635","NBA 2K11","111660","5400","1378","1","22","0","0","20.68","NBA 2K11"
"The Amazing Spider-Man","9636","The Amazing Spider-Man","111660","40560","128","2","189","0","0","2.75","The Amazing Spider-Man"
"Micro Machines V4","9637","Micro Machines V4","111660","1320","997","1","10","0","0","84.59","Micro Machines V4"
"Hard Truck 2","9638","Hard Truck 2","111660","10380","260","2","46","0","0","10.76","Hard Truck 2"
"Learn Japanese To Survive: Hiragana Battle","9639","Learn Japanese To Survive: Hiragana Battle","111600","35400","37","3","153","0","0","3.15","Learn Japanese To Survive: Hiragana Battle"
"Jaws Of Extinction™","9640","Jaws Of Extinction™","111540","12000","516","4","69","0","0","9.3","Jaws Of Extinction™"
"Battle Traverse","9641","Battle Traverse","111480","5460","77","1","7","0","0","20.42","Battle Traverse"
"Ittle Dew","9642","Ittle Dew","111480","20340","157","2","73","0","0","5.48","Ittle Dew"
"Astyanax","9643","Astyanax","111480","1560","363","1","8","0","0","71.46","Astyanax"
"Award Winners","9644","Award Winners","111420","13620","516","28","83","0","0","8.18","Award Winners"
"MLB 14: The Show","9645","MLB 14: The Show","111360","3960","242","2","54","0","0","28.12","MLB 14: The Show"
"Warlords III: Darklords Rising","9646","Warlords III: Darklords Rising","111360","3900","1005","1","5","0","0","28.55","Warlords III: Darklords Rising"
"FutureGrind","9647","FutureGrind","111300","10200","218","4","67","0","0","10.91","FutureGrind"
"My Oasis - Relaxing Sanctuary","9648","My Oasis - Relaxing Sanctuary","111240","7980","157","1","10","0","0","13.94","My Oasis - Relaxing Sanctuary"
"Pro Evolution Soccer 2016","9649","Pro Evolution Soccer 2016","111240","39360","974","2","166","0","0","2.83","Pro Evolution Soccer 2016"
"Dave Mirra Freestyle BMX 2","9650","Dave Mirra Freestyle BMX 2","111240","4920","1011","1","28","0","0","22.61","Dave Mirra Freestyle BMX 2"
"BloodNet","9651","BloodNet","111240","1140","626","1","5","0","0","97.58","BloodNet"
"Soul Nomad & the World Eaters","9652","Soul Nomad & the World Eaters","111240","16980","33","2","18","0","0","6.55","Soul Nomad & the World Eaters"
"Touhou 15: Legacy of Lunatic Kingdom","9653","Touhou 15: Legacy of Lunatic Kingdom","111180","39600","60","2","161","0","0","2.81","Touhou 15: Legacy of Lunatic Kingdom"
"The Beggar's Ride","9654","The Beggar's Ride","111120","3600","166","1","7","0","0","30.87","The Beggar's Ride"
"Bionicle Heroes","9655","Bionicle Heroes","111120","28080","126","4","73","0","0","3.96","Bionicle Heroes"
"Fullmetal Alchemist and the Broken Angel","9656","Fullmetal Alchemist and the Broken Angel","111120","5760","158","1","22","0","0","19.29","Fullmetal Alchemist and the Broken Angel"
"Bill Laimbeer's Combat Basketball","9657","Bill Laimbeer's Combat Basketball","111120","1500","1557","8","14","0","0","74.08","Bill Laimbeer's Combat Basketball"
"Killing Time","9658","Killing Time","111120","15480","311","2","20","0","0","7.18","Killing Time"
"Tower Defence","9659","Tower Defence","110940","19740","209","2","74","0","0","5.62","Tower Defence"
"Gran Turismo 5","9660","Gran Turismo 5","110940","28560","229","2","61","0","0","3.88","Gran Turismo 5"
"RPGolf","9661","RPGolf","110880","1140","1859","2","9","0","0","97.26","RPGolf"
"Bouncing Hero","9662","Bouncing Hero","110760","300","1974","1","3","0","0","369.2","Bouncing Hero"
"Mini Battlegrounds","9663","Mini Battlegrounds","110760","7740","126","2","17","0","0","14.31","Mini Battlegrounds"
"Silent Storm","9664","Silent Storm","110700","16800","61","3","27","0","0","6.59","Silent Storm"
"Batman Forever: The Arcade Game","9665","Batman Forever: The Arcade Game","110640","1140","848","1","12","0","0","97.05","Batman Forever: The Arcade Game"
"Jimmy Neutron: Boy Genius","9666","Jimmy Neutron: Boy Genius","110580","7560","569","2","36","0","0","14.63","Jimmy Neutron: Boy Genius"
"Master Reboot","9667","Master Reboot","110520","4800","860","2","20","0","0","23.03","Master Reboot"
"Immortal Darkness: Curse of the Pale King","9668","Immortal Darkness: Curse of the Pale King","110520","2100","259","1","8","0","0","52.63","Immortal Darkness: Curse of the Pale King"
"Tales of Hearts R","9669","Tales of Hearts R","110460","16860","22","1","10","0","0","6.55","Tales of Hearts R"
"Subterrain","9670","Subterrain","110460","45360","53","2","101","0","0","2.44","Subterrain"
"Story of a Gladiator","9671","Story of a Gladiator","110400","6720","954","4","42","0","0","16.43","Story of a Gladiator"
"Paranoiac","9672","Paranoiac","110400","6180","316","2","33","0","0","17.86","Paranoiac"
"Dream","9673","Dream","110340","12780","165","2","22","0","0","8.63","Dream"
"Dark Tales: Edgar Allan Poe's The Masque of the Red Death","9674","Dark Tales: Edgar Allan Poe's The Masque of the Red Death","110340","5280","244","2","10","0","0","20.9","Dark Tales: Edgar Allan Poe's The Masque of the Red Death"
"Pocket Mortys","9675","Pocket Mortys","110280","29340","1323","2","114","0","0","3.76","Pocket Mortys"
"Medal of Honor: Allied Assault - Breakthrough","9676","Medal of Honor: Allied Assault - Breakthrough","110160","5700","1697","1","22","0","0","19.33","Medal of Honor: Allied Assault - Breakthrough"
"Riff Racer","9677","Riff Racer","110100","35520","364","2","198","0","0","3.1","Riff Racer"
"Madden NFL 08","9678","Madden NFL 08","110040","48480","136","4","59","0","0","2.27","Madden NFL 08"
"Prototype Mansion - Used No Cover","9679","Prototype Mansion - Used No Cover","110040","2760","433","2","16","0","0","39.87","Prototype Mansion - Used No Cover"
"Valkyria Chronicles II","9680","Valkyria Chronicles II","109980","34080","49","3","23","0","0","3.23","Valkyria Chronicles II"
"Wardner","9681","Wardner","109980","1500","833","3","9","0","0","73.32","Wardner"
"Love Thyself - A Horatio Story","9682","Love Thyself - A Horatio Story","109920","6420","365","2","38","0","0","17.12","Love Thyself - A Horatio Story"
"Jersey Devil","9683","Jersey Devil","109920","19500","118","2","36","0","0","5.64","Jersey Devil"
"The Tomb Raider Trilogy","9684","The Tomb Raider Trilogy","109920","1200","438","1","4","0","0","91.6","The Tomb Raider Trilogy"
"SpellForce: The Order of Dawn","9685","SpellForce: The Order of Dawn","109920","48660","46","3","69","0","0","2.26","SpellForce: The Order of Dawn"
"Simple 1500 Series Vol. 58: The Sumō","9686","Simple 1500 Series Vol. 58: The Sumō","109860","180","729","1","1","0","0","610.33","Simple 1500 Series Vol. 58: The Sumō"
"Dragon Ball Z: Budokai 2","9687","Dragon Ball Z: Budokai 2","109860","21360","257","2","91","0","0","5.14","Dragon Ball Z: Budokai 2"
"Adam Wolfe","9688","Adam Wolfe","109860","30720","72","3","103","0","0","3.58","Adam Wolfe"
"Ascenxion","9689","Ascenxion","109680","180","1961","1","2","0","0","609.33","Ascenxion"
"Slenderman: The Video Game","9690","Slenderman: The Video Game","109680","15000","655","2","131","0","0","7.31","Slenderman: The Video Game"
"Mother 1+2","9691","Mother 1+2","109680","26280","159","2","58","0","0","4.17","Mother 1+2"
"Beat Hazard","9692","Beat Hazard","109680","37560","83","2","253","0","0","2.92","Beat Hazard"
"Pole Position","9693","Pole Position","109680","720","1800","1","7","0","0","152.33","Pole Position"
"The Deadly Tower of Monsters","9694","The Deadly Tower of Monsters","109620","18720","120","2","78","0","0","5.86","The Deadly Tower of Monsters"
"Bullet Girls Phantasia","9695","Bullet Girls Phantasia","109620","43140","60","2","84","0","0","2.54","Bullet Girls Phantasia"
"Gradius","9696","Gradius","109560","10320","362","2","60","0","0","10.62","Gradius"
"Gnomoria","9697","Gnomoria","109500","29700","129","2","51","0","0","3.69","Gnomoria"
"Cube Life: Pixel Action Heroes","9698","Cube Life: Pixel Action Heroes","109500","540","596","1","3","0","0","202.78","Cube Life: Pixel Action Heroes"
"The Hanged Man","9699","The Hanged Man","109440","17760","41","2","38","0","0","6.16","The Hanged Man"
"Cthulhu Saves the World","9700","Cthulhu Saves the World","109380","21000","110","2","88","0","0","5.21","Cthulhu Saves the World"