"","","Game","Watch time","Stream time","Peak viewers","Peak channels","Streamers","Average viewers","Average channels","Average viewer ratio",""
"Catrap","12701","Catrap","43740","1440","80","1","4","0","0","30.38","Catrap"
"Rock Man","12702","Rock Man","43680","1980","259","1","12","0","0","22.06","Rock Man"
"Animal Planet: Vet Life","12703","Animal Planet: Vet Life","43680","780","369","1","4","0","0","56","Animal Planet: Vet Life"
"Aimgod","12704","Aimgod","43680","10440","149","1","8","0","0","4.18","Aimgod"
"Legacy of Discord - Furious Wings","12705","Legacy of Discord - Furious Wings","43620","12660","81","2","22","0","0","3.45","Legacy of Discord - Furious Wings"
"Speed Rumbler","12706","Speed Rumbler","43620","1440","164","1","7","0","0","30.29","Speed Rumbler"
"Drag Racer USA","12707","Drag Racer USA","43620","900","90","1","1","0","0","48.47","Drag Racer USA"
"Leprechaun Shadow","12708","Leprechaun Shadow","43620","3540","51","1","7","0","0","12.32","Leprechaun Shadow"
"Infinite Minigolf","12709","Infinite Minigolf","43560","14640","35","4","87","0","0","2.98","Infinite Minigolf"
"Tower 57","12710","Tower 57","43500","9720","81","2","56","0","0","4.48","Tower 57"
"VOI","12711","VOI","43500","1200","293","1","8","0","0","36.25","VOI"
"The Dark Inside Me","12712","The Dark Inside Me","43500","2520","198","1","19","0","0","17.26","The Dark Inside Me"
"2nd Super Robot Wars Original Generation","12713","2nd Super Robot Wars Original Generation","43500","17640","43","2","6","0","0","2.47","2nd Super Robot Wars Original Generation"
"CSC","12714","CSC","43500","80280","23","4","35","0","0","0.54","CSC"
"Final Fantasy: The 4 Heroes of Light","12715","Final Fantasy: The 4 Heroes of Light","43440","8700","111","1","10","0","0","4.99","Final Fantasy: The 4 Heroes of Light"
"Hide Online","12716","Hide Online","43440","36240","74","2","186","0","0","1.2","Hide Online"
"Math Workshop","12717","Math Workshop","43440","11820","102","1","15","0","0","3.68","Math Workshop"
"Due Process","12718","Due Process","43380","960","306","1","10","0","0","45.19","Due Process"
"Madden NFL 2003","12719","Madden NFL 2003","43380","420","471","1","2","0","0","103.29","Madden NFL 2003"
"G-Police","12720","G-Police","43380","4260","58","1","11","0","0","10.18","G-Police"
"River City Melee Mach!!","12721","River City Melee Mach!!","43380","2880","168","2","22","0","0","15.06","River City Melee Mach!!"
"Phantasy Star Portable 2 Infinity","12722","Phantasy Star Portable 2 Infinity","43320","12540","128","2","11","0","0","3.45","Phantasy Star Portable 2 Infinity"
"Majyuuou","12723","Majyuuou","43320","1620","321","1","8","0","0","26.74","Majyuuou"
"Raptor: Call of the Shadows","12724","Raptor: Call of the Shadows","43320","6360","156","1","38","0","0","6.81","Raptor: Call of the Shadows"
"Demon Peak","12725","Demon Peak","43320","2460","452","1","11","0","0","17.61","Demon Peak"
"Assassin's Creed IV: Black Flag/Assassin's Creed Rogue","12726","Assassin's Creed IV: Black Flag/Assassin's Creed Rogue","43320","12060","48","2","43","0","0","3.59","Assassin's Creed IV: Black Flag/Assassin's Creed Rogue"
"Dungeon Warfare","12727","Dungeon Warfare","43260","10920","31","1","28","0","0","3.96","Dungeon Warfare"
"Mortal Royale","12728","Mortal Royale","43260","5340","92","2","38","0","0","8.1","Mortal Royale"
"Streamfest","12729","Streamfest","43260","4320","296","3","25","0","0","10.01","Streamfest"
"Lunar: Sanpo-suru Gakuen","12730","Lunar: Sanpo-suru Gakuen","43260","300","162","1","1","0","0","144.2","Lunar: Sanpo-suru Gakuen"
"Dangon Ronpa","12731","Dangon Ronpa","43260","5400","108","2","21","0","0","8.01","Dangon Ronpa"
"International Ninja Rabbits","12732","International Ninja Rabbits","43260","300","373","3","3","0","0","144.2","International Ninja Rabbits"
"NBA Live 2005","12733","NBA Live 2005","43200","6720","42","1","7","0","0","6.43","NBA Live 2005"
"Warsim RPG","12734","Warsim RPG","43200","11460","49","2","54","0","0","3.77","Warsim RPG"
"Dream Quest","12735","Dream Quest","43200","1680","383","1","4","0","0","25.71","Dream Quest"
"Clix","12736","Clix","43200","2220","133","3","5","0","0","19.46","Clix"
"Carpe Diem","12737","Carpe Diem","43140","2640","507","1","32","0","0","16.34","Carpe Diem"
"Half-Life: Uplink","12738","Half-Life: Uplink","43140","1740","405","1","12","0","0","24.79","Half-Life: Uplink"
"Pitfall: The Lost Expedition","12739","Pitfall: The Lost Expedition","43140","8880","35","2","28","0","0","4.86","Pitfall: The Lost Expedition"
"School Days","12740","School Days","43140","77580","16","2","60","0","0","0.56","School Days"
"Naruto Shippuden: Ultimate Ninja Storm Generations","12741","Naruto Shippuden: Ultimate Ninja Storm Generations","43140","14520","39","2","41","0","0","2.97","Naruto Shippuden: Ultimate Ninja Storm Generations"
"Knights of the Round","12742","Knights of the Round","43140","9180","152","2","53","0","0","4.7","Knights of the Round"
"Very Little Nightmares","12743","Very Little Nightmares","43140","1500","612","1","9","0","0","28.76","Very Little Nightmares"
"AI War: Fleet Command","12744","AI War: Fleet Command","43080","12960","54","2","33","0","0","3.32","AI War: Fleet Command"
"Black & White 2: Battle of the Gods","12745","Black & White 2: Battle of the Gods","43080","14280","59","2","41","0","0","3.02","Black & White 2: Battle of the Gods"
"Soccer Stars","12746","Soccer Stars","43080","8280","244","2","57","0","0","5.2","Soccer Stars"
"Kamihime Project R","12747","Kamihime Project R","43080","19380","20","2","22","0","0","2.22","Kamihime Project R"
"Where the Bees Make Honey","12748","Where the Bees Make Honey","43080","6240","80","2","43","0","0","6.9","Where the Bees Make Honey"
"Empires & Puzzles","12749","Empires & Puzzles","43080","26220","34","2","59","0","0","1.64","Empires & Puzzles"
"The Forge Arena","12750","The Forge Arena","43020","10080","41","5","25","0","0","4.27","The Forge Arena"
"Art of Murder: FBI Confidential","12751","Art of Murder: FBI Confidential","43020","4320","59","1","9","0","0","9.96","Art of Murder: FBI Confidential"
"Ad Infinitum","12752","Ad Infinitum","43020","960","423","1","3","0","0","44.81","Ad Infinitum"
"Robox","12753","Robox","42960","43140","15","3","199","0","0","1","Robox"
"Drunken Robot Pornography","12754","Drunken Robot Pornography","42960","10920","96","2","67","0","0","3.93","Drunken Robot Pornography"
"Paperboy 2","12755","Paperboy 2","42960","5640","188","2","21","0","0","7.62","Paperboy 2"
"BalanCity","12756","BalanCity","42960","5160","96","1","43","0","0","8.33","BalanCity"
"Radio Hammer Station","12757","Radio Hammer Station","42960","122220","79","2","18","0","0","0.35","Radio Hammer Station"
"Ethereal","12758","Ethereal","42900","6780","66","2","35","0","0","6.33","Ethereal"
"Heroes Chronicles: Masters of the Elements","12759","Heroes Chronicles: Masters of the Elements","42900","2820","53","1","4","0","0","15.21","Heroes Chronicles: Masters of the Elements"
"Heathcliff : the Fast and the Furriest","12760","Heathcliff : the Fast and the Furriest","42900","420","356","1","2","0","0","102.14","Heathcliff : the Fast and the Furriest"
"Monsters, Inc. Scream Team","12761","Monsters, Inc. Scream Team","42900","7440","42","2","33","0","0","5.77","Monsters, Inc. Scream Team"
"Pajama Sam: Life is Rough When You Lose Your Stuff","12762","Pajama Sam: Life is Rough When You Lose Your Stuff","42900","1920","152","1","16","0","0","22.34","Pajama Sam: Life is Rough When You Lose Your Stuff"
"Beats","12763","Beats","42900","27420","19","3","149","0","0","1.56","Beats"
"Astro Plumber","12764","Astro Plumber","42840","120","609","1","1","0","0","357","Astro Plumber"
"Incantation","12765","Incantation","42840","1260","355","1","2","0","0","34","Incantation"
"Digital Combat Simulator: A-10C Warthog","12766","Digital Combat Simulator: A-10C Warthog","42840","25500","131","2","65","0","0","1.68","Digital Combat Simulator: A-10C Warthog"
"Game, Set & Match","12767","Game, Set & Match","42840","45120","34","2","138","0","0","0.95","Game, Set & Match"
"Aliens: Alien 2","12768","Aliens: Alien 2","42840","1560","381","4","7","0","0","27.46","Aliens: Alien 2"
"Art of Murder: Hunt for the Puppeteer","12769","Art of Murder: Hunt for the Puppeteer","42780","4260","46","2","10","0","0","10.04","Art of Murder: Hunt for the Puppeteer"
"Legend of Dungeon","12770","Legend of Dungeon","42780","10140","30","2","60","0","0","4.22","Legend of Dungeon"
"House of 1000 Doors: Family Secrets","12771","House of 1000 Doors: Family Secrets","42720","5220","56","2","19","0","0","8.18","House of 1000 Doors: Family Secrets"
"Kizuna Encounter: Super Tag Battle","12772","Kizuna Encounter: Super Tag Battle","42720","2040","292","1","10","0","0","20.94","Kizuna Encounter: Super Tag Battle"
"Tumblestone","12773","Tumblestone","42720","9900","167","2","70","0","0","4.32","Tumblestone"
"Slammed!","12774","Slammed!","42720","1020","55","1","1","0","0","41.88","Slammed!"
"Dragon Slayers","12775","Dragon Slayers","42720","4320","256","2","16","0","0","9.89","Dragon Slayers"
"Vampires Dawn: Reign of Blood","12776","Vampires Dawn: Reign of Blood","42660","15660","19","2","29","0","0","2.72","Vampires Dawn: Reign of Blood"
"Racing Lagoon","12777","Racing Lagoon","42660","8220","32","2","9","0","0","5.19","Racing Lagoon"
"Let's Talk About Me","12778","Let's Talk About Me","42600","26160","13","2","145","0","0","1.63","Let's Talk About Me"
"Mind Games","12779","Mind Games","42600","11820","106","2","26","0","0","3.6","Mind Games"
"Hohokum","12780","Hohokum","42600","4260","97","2","23","0","0","10","Hohokum"
"Bubble Bobble: Part 2","12781","Bubble Bobble: Part 2","42600","5580","587","1","6","0","0","7.63","Bubble Bobble: Part 2"
"Moonrise Fall","12782","Moonrise Fall","42600","3000","123","1","13","0","0","14.2","Moonrise Fall"
"MotorStorm","12783","MotorStorm","42540","3420","172","1","15","0","0","12.44","MotorStorm"
"Colin McRae Rally 2005","12784","Colin McRae Rally 2005","42540","11700","84","2","28","0","0","3.64","Colin McRae Rally 2005"
"Afterpulse","12785","Afterpulse","42540","9720","99","2","22","0","0","4.38","Afterpulse"
"Egg Returns Home","12786","Egg Returns Home","42540","7320","115","4","19","0","0","5.81","Egg Returns Home"
"Dragon Raja","12787","Dragon Raja","42480","12780","55","3","22","0","0","3.32","Dragon Raja"
"The Legend of Heroes: Trails in the Sky FC Kai HD Edition","12788","The Legend of Heroes: Trails in the Sky FC Kai HD Edition","42480","5340","31","1","8","0","0","7.96","The Legend of Heroes: Trails in the Sky FC Kai HD Edition"
"Iji","12789","Iji","42480","11940","111","2","30","0","0","3.56","Iji"
"Progress Quest","12790","Progress Quest","42480","76320","45","2","37","0","0","0.56","Progress Quest"
"Sega Soccer Slam","12791","Sega Soccer Slam","42420","420","312","3","7","0","0","101","Sega Soccer Slam"
"Fun House","12792","Fun House","42420","1680","360","2","6","0","0","25.25","Fun House"
"Tenchu: Fatal Shadows","12793","Tenchu: Fatal Shadows","42420","17640","79","2","35","0","0","2.4","Tenchu: Fatal Shadows"
"Dealer's Choice","12794","Dealer's Choice","42420","540","153","1","2","0","0","78.56","Dealer's Choice"
"Secret Weapons Over Normandy","12795","Secret Weapons Over Normandy","42360","2520","80","1","6","0","0","16.81","Secret Weapons Over Normandy"
"SpaceBourne","12796","SpaceBourne","42360","6240","126","2","22","0","0","6.79","SpaceBourne"
"Tiny Bubbles","12797","Tiny Bubbles","42360","300","317","1","3","0","0","141.2","Tiny Bubbles"
"Stunt Race FX","12798","Stunt Race FX","42360","6420","85","4","65","0","0","6.6","Stunt Race FX"
"Jackie Chan in Fists of Fire","12799","Jackie Chan in Fists of Fire","42360","1140","553","1","10","0","0","37.16","Jackie Chan in Fists of Fire"
"Blazing Dragons","12800","Blazing Dragons","42360","4560","170","1","18","0","0","9.29","Blazing Dragons"