"","","Game","Watch time","Stream time","Peak viewers","Peak channels","Streamers","Average viewers","Average channels","Average viewer ratio",""
"Citizens of Earth","3401","Citizens of Earth","1852260","23940","17053","6","64","3","0","77.37","Citizens of Earth"
"Rambo","3402","Rambo","1850340","3660","43100","4","16","3","0","505.56","Rambo"
"KeyForge","3403","KeyForge","1848000","206880","489","5","205","3","0","8.93","KeyForge"
"Professor Layton and the Miracle Mask","3404","Professor Layton and the Miracle Mask","1847700","25260","1004","2","43","3","0","73.15","Professor Layton and the Miracle Mask"
"Them's Fightin' Herds","3405","Them's Fightin' Herds","1844940","154080","1162","7","282","3","0","11.97","Them's Fightin' Herds"
"Magicka 2","3406","Magicka 2","1842120","247200","2027","7","1648","3","0","7.45","Magicka 2"
"Samurai Shodown V Special","3407","Samurai Shodown V Special","1841880","93300","1985","5","352","3","0","19.74","Samurai Shodown V Special"
"Duke Nukem","3408","Duke Nukem","1841820","20280","4740","4","65","3","0","90.82","Duke Nukem"
"Neutopia","3409","Neutopia","1839240","8040","12224","4","30","3","0","228.76","Neutopia"
"Dragon Quest V: Hand of the Heavenly Bride","3410","Dragon Quest V: Hand of the Heavenly Bride","1837020","264960","241","5","170","3","0","6.93","Dragon Quest V: Hand of the Heavenly Bride"
"Final Fantasy Legend II","3411","Final Fantasy Legend II","1834980","53160","3371","4","50","3","0","34.52","Final Fantasy Legend II"
"Zero: Tsukihami no Kamen","3412","Zero: Tsukihami no Kamen","1833840","62520","740","3","80","3","0","29.33","Zero: Tsukihami no Kamen"
"Stuntman: Ignition","3413","Stuntman: Ignition","1833600","10620","4351","5","44","3","0","172.66","Stuntman: Ignition"
"Super Neptunia RPG","3414","Super Neptunia RPG","1832700","186780","1010","22","458","3","0","9.81","Super Neptunia RPG"
"Assassin's Creed: The Ezio Collection","3415","Assassin's Creed: The Ezio Collection","1828800","313500","459","6","2609","3","0","5.83","Assassin's Creed: The Ezio Collection"
"Back to Gaya","3416","Back to Gaya","1826340","3120","15323","3","7","3","0","585.37","Back to Gaya"
"Secret Hitler","3417","Secret Hitler","1825860","27120","5320","6","156","3","0","67.33","Secret Hitler"
"Rusty Lake Hotel","3418","Rusty Lake Hotel","1825380","97260","3046","4","546","3","0","18.77","Rusty Lake Hotel"
"Caveblazers","3419","Caveblazers","1825320","87600","3261","4","371","3","0","20.84","Caveblazers"
"Chasm","3420","Chasm","1817400","148620","5648","6","432","3","0","12.23","Chasm"
"Half-Life: Blue Shift","3421","Half-Life: Blue Shift","1814340","100500","3537","4","529","3","0","18.05","Half-Life: Blue Shift"
"Madcap Castle","3422","Madcap Castle","1813620","1140","2596","2","6","3","0","1590.89","Madcap Castle"
"SPINTIRES","3423","SPINTIRES","1810200","335040","3451","10","1739","3","0","5.4","SPINTIRES"
"Alien vs Predator","3424","Alien vs Predator","1809900","41460","7532","3","222","3","0","43.65","Alien vs Predator"
"Ice Age: Scrat's Nutty Adventure","3425","Ice Age: Scrat's Nutty Adventure","1809900","28140","2908","8","119","3","0","64.32","Ice Age: Scrat's Nutty Adventure"
"Superman","3426","Superman","1809240","32700","1602","3","84","3","0","55.33","Superman"
"Trials of Fire","3427","Trials of Fire","1807740","30600","1048","2","71","3","0","59.08","Trials of Fire"
"Might and Magic VI: The Mandate of Heaven","3428","Might and Magic VI: The Mandate of Heaven","1805460","214620","708","5","161","3","0","8.41","Might and Magic VI: The Mandate of Heaven"
"Mages of Mystralia","3429","Mages of Mystralia","1805340","62040","7380","4","112","3","0","29.1","Mages of Mystralia"
"Vader Immortal: A Star Wars VR Series","3430","Vader Immortal: A Star Wars VR Series","1805100","80220","12914","5","548","3","0","22.5","Vader Immortal: A Star Wars VR Series"
"Sims Freeplay","3431","Sims Freeplay","1805040","121440","5748","4","695","3","0","14.86","Sims Freeplay"
"Winning Post 9","3432","Winning Post 9","1802880","69000","2155","7","63","3","0","26.13","Winning Post 9"
"Heartbound","3433","Heartbound","1800900","58200","7906","5","319","3","0","30.94","Heartbound"
"Blaster Master Zero","3434","Blaster Master Zero","1796460","100860","2711","16","279","3","0","17.81","Blaster Master Zero"
"SEGA Mega Drive & Genesis Classics","3435","SEGA Mega Drive & Genesis Classics","1796340","178320","1628","6","810","3","0","10.07","SEGA Mega Drive & Genesis Classics"
"The Disney Afternoon Collection","3436","The Disney Afternoon Collection","1796280","77280","9297","3","464","3","0","23.24","The Disney Afternoon Collection"
"Evoland 2: A Slight Case of Spacetime Continuum Disorder","3437","Evoland 2: A Slight Case of Spacetime Continuum Disorder","1795440","205320","606","5","387","3","0","8.74","Evoland 2: A Slight Case of Spacetime Continuum Disorder"
"Daylight","3438","Daylight","1794000","90180","3717","7","582","3","0","19.89","Daylight"
"PewDiePie: Legend of Brofist","3439","PewDiePie: Legend of Brofist","1793040","39300","11239","4","143","3","0","45.62","PewDiePie: Legend of Brofist"
"Pumped BMX Pro","3440","Pumped BMX Pro","1791840","44460","3116","7","259","3","0","40.3","Pumped BMX Pro"
"Gran Turismo 4","3441","Gran Turismo 4","1790040","169920","550","4","352","3","0","10.53","Gran Turismo 4"
"Street Fighter II': Champion Edition","3442","Street Fighter II': Champion Edition","1789980","248580","803","3","112","3","0","7.2","Street Fighter II': Champion Edition"
"Magic: The Gathering - Duels of the Planeswalkers 2013","3443","Magic: The Gathering - Duels of the Planeswalkers 2013","1789740","4140","4601","3","25","3","0","432.3","Magic: The Gathering - Duels of the Planeswalkers 2013"
"Mashinky","3444","Mashinky","1789500","83160","1116","6","206","3","0","21.52","Mashinky"
"X-Men vs. Street Fighter","3445","X-Men vs. Street Fighter","1786380","14640","9597","3","81","3","0","122.02","X-Men vs. Street Fighter"
"Minecraft: Story Mode","3446","Minecraft: Story Mode","1781940","248940","2010","6","1255","3","0","7.16","Minecraft: Story Mode"
"Valley","3447","Valley","1781400","116640","3697","4","515","3","0","15.27","Valley"
"Tony Hawk's Underground","3448","Tony Hawk's Underground","1778880","149700","2523","4","466","3","0","11.88","Tony Hawk's Underground"
"The Settlers II","3449","The Settlers II","1775940","55140","1144","3","164","3","0","32.21","The Settlers II"
"Kingdom Hearts Re:Chain of Memories","3450","Kingdom Hearts Re:Chain of Memories","1775280","301980","872","9","498","3","0","5.88","Kingdom Hearts Re:Chain of Memories"
"Beavis and Butt-head in Virtual Stupidity","3451","Beavis and Butt-head in Virtual Stupidity","1775040","4980","1979","2","17","3","0","356.43","Beavis and Butt-head in Virtual Stupidity"
"F-Zero","3452","F-Zero","1774980","82680","6003","6","427","3","0","21.47","F-Zero"
"IMVU","3453","IMVU","1774440","125460","4286","4","402","3","0","14.14","IMVU"
"Electronic Super Joy II","3454","Electronic Super Joy II","1774140","36060","16891","7","244","3","0","49.2","Electronic Super Joy II"
"Tiger Knight","3455","Tiger Knight","1772880","3660","15649","2","25","3","0","484.39","Tiger Knight"
"Ultra Off-Road Simulator 2019: Alaska","3456","Ultra Off-Road Simulator 2019: Alaska","1772400","1500","29389","2","16","3","0","1181.6","Ultra Off-Road Simulator 2019: Alaska"
"Deadly Days","3457","Deadly Days","1770420","36540","3625","4","121","3","0","48.45","Deadly Days"
"Drakensang: The Dark Eye","3458","Drakensang: The Dark Eye","1770000","43500","2353","3","38","3","0","40.69","Drakensang: The Dark Eye"
"Old Man's Journey","3459","Old Man's Journey","1769040","97320","5365","3","731","3","0","18.18","Old Man's Journey"
"The Legend Of Zelda: Four Swords Anniversary Edition","3460","The Legend Of Zelda: Four Swords Anniversary Edition","1768800","7980","9274","2","17","3","0","221.65","The Legend Of Zelda: Four Swords Anniversary Edition"
"Fate Seeker","3461","Fate Seeker","1767900","68400","1116","4","92","3","0","25.85","Fate Seeker"
"Silent Hill: Shattered Memories","3462","Silent Hill: Shattered Memories","1767180","66480","1191","3","195","3","0","26.58","Silent Hill: Shattered Memories"
"American Conquest","3463","American Conquest","1766640","1920","3793","1","10","3","0","920.13","American Conquest"
"Rebel Cops","3464","Rebel Cops","1765500","51540","2594","12","185","3","0","34.25","Rebel Cops"
"Final Fantasy Type-0 HD","3465","Final Fantasy Type-0 HD","1765140","208560","8858","7","605","3","0","8.46","Final Fantasy Type-0 HD"
"Sniper: Ghost Warrior 3","3466","Sniper: Ghost Warrior 3","1763040","291240","4425","5","1654","3","0","6.05","Sniper: Ghost Warrior 3"
"Peggle","3467","Peggle","1762980","126840","1486","6","765","3","0","13.9","Peggle"
"Winning Post 8 2017","3468","Winning Post 8 2017","1762620","3900","2262","1","7","3","0","451.95","Winning Post 8 2017"
"Train Valley 2","3469","Train Valley 2","1761360","51300","20264","5","210","3","0","34.33","Train Valley 2"
"Mable & The Wood","3470","Mable & The Wood","1760640","23640","5093","4","179","3","0","74.48","Mable & The Wood"
"Taiko no Tatsujin: Session de Dodon ga Don!","3471","Taiko no Tatsujin: Session de Dodon ga Don!","1760400","133260","2682","4","299","3","0","13.21","Taiko no Tatsujin: Session de Dodon ga Don!"
"Nether: The Untold Chapter","3472","Nether: The Untold Chapter","1758900","34620","25662","14","96","3","0","50.81","Nether: The Untold Chapter"
"Cossacks 3","3473","Cossacks 3","1758600","240480","3627","6","586","3","0","7.31","Cossacks 3"
"Summer Lesson","3474","Summer Lesson","1755960","4620","13318","2","20","3","0","380.08","Summer Lesson"
"Puzzle Pirates","3475","Puzzle Pirates","1755480","100200","9260","4","149","3","0","17.52","Puzzle Pirates"
"Alien Shooter","3476","Alien Shooter","1754040","16440","4827","2","111","3","0","106.69","Alien Shooter"
"Decay of Logos","3477","Decay of Logos","1751760","98700","1598","15","517","3","0","17.75","Decay of Logos"
"Apollo 11 VR","3478","Apollo 11 VR","1750320","13020","17277","2","70","3","0","134.43","Apollo 11 VR"
"Noobow","3479","Noobow","1748940","5640","16107","7","21","3","0","310.1","Noobow"
"Mr. President!","3480","Mr. President!","1745340","26640","3573","2","209","3","0","65.52","Mr. President!"
"Sonic CD","3481","Sonic CD","1745280","123720","4074","4","531","3","0","14.11","Sonic CD"
"Madden NFL 18","3482","Madden NFL 18","1745220","985620","1592","27","4337","3","1","1.77","Madden NFL 18"
"Monster Hunter 3 Ultimate","3483","Monster Hunter 3 Ultimate","1744740","181140","448","5","176","3","0","9.63","Monster Hunter 3 Ultimate"
"Escaped Chasm","3484","Escaped Chasm","1743780","21060","8027","3","190","3","0","82.8","Escaped Chasm"
"Aliens vs. Predator","3485","Aliens vs. Predator","1742400","158580","5651","6","687","3","0","10.99","Aliens vs. Predator"
"Incubo","3486","Incubo","1741140","17280","5510","2","62","3","0","100.76","Incubo"
"Farming Simulator 15","3487","Farming Simulator 15","1736220","178800","19853","4","608","3","0","9.71","Farming Simulator 15"
"Little Town Hero","3488","Little Town Hero","1735980","71400","1459","24","203","3","0","24.31","Little Town Hero"
"Wuppo","3489","Wuppo","1735560","78180","2219","3","284","3","0","22.2","Wuppo"
"Collapsed","3490","Collapsed","1734780","40560","10830","6","191","3","0","42.77","Collapsed"
"Ink","3491","Ink","1734120","14580","19758","7","95","3","0","118.94","Ink"
"Asphalt 9: Legends","3492","Asphalt 9: Legends","1732140","311040","1479","9","1380","3","0","5.57","Asphalt 9: Legends"
"Until Dawn: Rush of Blood","3493","Until Dawn: Rush of Blood","1731720","32700","2530","2","1305","3","0","52.96","Until Dawn: Rush of Blood"
"Pokémon Mystery Dungeon: Explorers of Darkness/Time","3494","Pokémon Mystery Dungeon: Explorers of Darkness/Time","1730760","59760","702","3","146","3","0","28.96","Pokémon Mystery Dungeon: Explorers of Darkness/Time"
"Muscle March","3495","Muscle March","1730160","2580","53954","4","17","3","0","670.6","Muscle March"
"Devil May Cry 4","3496","Devil May Cry 4","1729620","134220","7659","8","501","3","0","12.89","Devil May Cry 4"
"Might and Magic: Book I","3497","Might and Magic: Book I","1728060","16020","503","1","12","3","0","107.87","Might and Magic: Book I"
"Marvel Super Heroes Vs. Street Fighter","3498","Marvel Super Heroes Vs. Street Fighter","1727040","13140","8119","2","62","3","0","131.43","Marvel Super Heroes Vs. Street Fighter"
"Chinese Parents","3499","Chinese Parents","1725180","68640","1892","7","257","3","0","25.13","Chinese Parents"
"Super Monkey Ball","3500","Super Monkey Ball","1721940","131520","1756","5","408","3","0","13.09","Super Monkey Ball"