"","","Game","Watch time","Stream time","Peak viewers","Peak channels","Streamers","Average viewers","Average channels","Average viewer ratio",""
"Fell Seal: Arbiter's Mark","1501","Fell Seal: Arbiter's Mark","8786760","375120","4902","16","687","16","0","23.42","Fell Seal: Arbiter's Mark"
"Schlag den Star","1502","Schlag den Star","8778960","7620","7538","2","28","16","0","1152.09","Schlag den Star"
"Harry Potter and the Chamber of Secrets","1503","Harry Potter and the Chamber of Secrets","8771760","381060","5478","8","867","16","0","23.02","Harry Potter and the Chamber of Secrets"
"Kingdom Rush","1504","Kingdom Rush","8759160","65640","6014","3","238","16","0","133.44","Kingdom Rush"
"NBA Live 19","1505","NBA Live 19","8737380","3535500","832","34","5814","16","6","2.47","NBA Live 19"
"Overdungeon","1506","Overdungeon","8737380","80040","10981","6","237","16","0","109.16","Overdungeon"
"T.R.A.G.: Tactical Rescue Assault Group","1507","T.R.A.G.: Tactical Rescue Assault Group","8736360","6900","118916","11","22","16","0","1266.14","T.R.A.G.: Tactical Rescue Assault Group"
"N++","1508","N++","8731260","151860","133233","13","378","16","0","57.5","N++"
"Motorsport Manager","1509","Motorsport Manager","8731020","433440","2812","7","867","16","0","20.14","Motorsport Manager"
"Catlateral Damage","1510","Catlateral Damage","8717100","38220","106185","13","282","16","0","228.08","Catlateral Damage"
"TerraTech","1511","TerraTech","8708160","441780","7555","15","1233","16","0","19.71","TerraTech"
"Deadly Premonition: The Director's Cut","1512","Deadly Premonition: The Director's Cut","8707740","241680","12860","7","519","16","0","36.03","Deadly Premonition: The Director's Cut"
"3D Movie Maker","1513","3D Movie Maker","8698260","14640","4181","3","34","16","0","594.14","3D Movie Maker"
"Scribblenauts Unlimited","1514","Scribblenauts Unlimited","8694840","214560","26363","8","1205","16","0","40.52","Scribblenauts Unlimited"
"Tony Hawk's Pro Skater 2x","1515","Tony Hawk's Pro Skater 2x","8686620","9300","110791","11","49","16","0","934.05","Tony Hawk's Pro Skater 2x"
"Sudden Attack","1516","Sudden Attack","8671740","581940","19808","16","1881","16","1","14.9","Sudden Attack"
"Battletoads","1517","Battletoads","8669820","88800","16435","7","359","16","0","97.63","Battletoads"
"Final Fantasy II","1518","Final Fantasy II","8650500","300720","15439","5","311","16","0","28.77","Final Fantasy II"
"Freestyle Street Basketball 2","1519","Freestyle Street Basketball 2","8633460","1169640","1620","13","1318","16","2","7.38","Freestyle Street Basketball 2"
"Watch Dogs","1520","Watch Dogs","8627400","1286820","2334","16","5682","16","2","6.7","Watch Dogs"
"I hate this game","1521","I hate this game","8617740","99420","6874","7","465","16","0","86.68","I hate this game"
"Minesweeper","1522","Minesweeper","8616600","363960","6074","6","2197","16","0","23.67","Minesweeper"
"Show do Milhão","1523","Show do Milhão","8612880","3660","11714","2","23","16","0","2353.25","Show do Milhão"
"To the Moon","1524","To the Moon","8604900","481620","7639","9","1968","16","0","17.87","To the Moon"
"Worms Reloaded","1525","Worms Reloaded","8594460","64500","39503","5","376","16","0","133.25","Worms Reloaded"
"Cyber Hunter","1526","Cyber Hunter","8592540","2268480","3008","28","4985","16","4","3.79","Cyber Hunter"
"Area 51","1527","Area 51","8582760","63480","23307","45","374","16","0","135.2","Area 51"
"Cookie Run: OvenBreak","1528","Cookie Run: OvenBreak","8569560","92880","5513","3","204","16","0","92.26","Cookie Run: OvenBreak"
"Tomb Raider (1996)","1529","Tomb Raider (1996)","8567160","469740","1459","9","715","16","0","18.24","Tomb Raider (1996)"
"Monster World IV","1530","Monster World IV","8556900","15300","99453","10","50","16","0","559.27","Monster World IV"
"Krampus is Home","1531","Krampus is Home","8552220","37380","6651","5","208","16","0","228.79","Krampus is Home"
"World of Tanks Blitz","1532","World of Tanks Blitz","8526240","3085080","12397","25","4134","16","5","2.76","World of Tanks Blitz"
"Need for Speed Underground","1533","Need for Speed Underground","8514300","436080","4659","8","1486","16","0","19.52","Need for Speed Underground"
"Weird Dreams","1534","Weird Dreams","8501280","13860","11050","2","21","16","0","613.37","Weird Dreams"
"Kingdom Rush Origins","1535","Kingdom Rush Origins","8472060","55380","4318","4","174","16","0","152.98","Kingdom Rush Origins"
"PULSAR: Lost Colony","1536","PULSAR: Lost Colony","8469660","223140","7121","9","746","16","0","37.96","PULSAR: Lost Colony"
"Final Fantasy XIII-2","1537","Final Fantasy XIII-2","8448180","486120","4102","6","613","16","0","17.38","Final Fantasy XIII-2"
"Among Us","1538","Among Us","8439480","419460","25971","12","1898","16","0","20.12","Among Us"
"Bloody Spell","1539","Bloody Spell","8434320","61680","24015","7","300","16","0","136.74","Bloody Spell"
"The Legend of Dragoon","1540","The Legend of Dragoon","8431260","878340","2563","12","847","16","1","9.6","The Legend of Dragoon"
"Plants vs. Zombies: Garden Warfare 2","1541","Plants vs. Zombies: Garden Warfare 2","8418780","2109540","3853","45","12686","16","4","3.99","Plants vs. Zombies: Garden Warfare 2"
"The Lord of the Rings: The Battle for Middle-earth","1542","The Lord of the Rings: The Battle for Middle-earth","8417340","246900","12187","6","433","16","0","34.09","The Lord of the Rings: The Battle for Middle-earth"
"Vice: Project Doom","1543","Vice: Project Doom","8409000","9840","117632","12","55","16","0","854.57","Vice: Project Doom"
"It Lurks Below","1544","It Lurks Below","8393340","338100","2621","23","500","15","0","24.83","It Lurks Below"
"Disaster Report 4: Summer Memories","1545","Disaster Report 4: Summer Memories","8391420","34380","6045","4","59","15","0","244.08","Disaster Report 4: Summer Memories"
"Metroid: Zero Mission","1546","Metroid: Zero Mission","8370060","393600","8595","8","823","15","0","21.27","Metroid: Zero Mission"
"Rage in Peace","1547","Rage in Peace","8365560","50760","7827","3","187","15","0","164.81","Rage in Peace"
"Tomb Raider III: Adventures of Lara Croft","1548","Tomb Raider III: Adventures of Lara Croft","8342520","337680","16227","8","327","15","0","24.71","Tomb Raider III: Adventures of Lara Croft"
"Looney Tunes","1549","Looney Tunes","8311320","7200","74999","9","41","15","0","1154.35","Looney Tunes"
"Plague Inc: Evolved","1550","Plague Inc: Evolved","8303220","392160","22266","8","2782","15","0","21.17","Plague Inc: Evolved"
"Tennis Elbow","1551","Tennis Elbow","8301240","4800","8785","2","17","15","0","1729.43","Tennis Elbow"
"King's Raid","1552","King's Raid","8298960","908040","724","13","629","15","1","9.14","King's Raid"
"Desert Skies","1553","Desert Skies","8296560","30000","12840","3","144","15","0","276.55","Desert Skies"
"Eastshade","1554","Eastshade","8287380","259740","24715","12","950","15","0","31.91","Eastshade"
"Pokémon Diamond/Pearl","1555","Pokémon Diamond/Pearl","8273160","579540","6072","9","1596","15","1","14.28","Pokémon Diamond/Pearl"
"Middle-earth: Shadow of Mordor","1556","Middle-earth: Shadow of Mordor","8240820","1745400","4034","18","6464","15","3","4.72","Middle-earth: Shadow of Mordor"
"Final Doom","1557","Final Doom","8222220","101220","124326","10","276","15","0","81.23","Final Doom"
"Total Lockdown","1558","Total Lockdown","8212980","542640","30017","59","1718","15","1","15.14","Total Lockdown"
"Quake II","1559","Quake II","8209260","277800","10024","16","1126","15","0","29.55","Quake II"
"Abzû","1560","Abzû","8199240","488580","12249","26","3889","15","0","16.78","Abzû"
"Basketball","1561","Basketball","8198520","679740","12417","11","387","15","1","12.06","Basketball"
"WolfQuest","1562","WolfQuest","8186640","25140","18801","4","138","15","0","325.64","WolfQuest"
"Growtopia","1563","Growtopia","8169540","1782900","17015","21","2838","15","3","4.58","Growtopia"
"Gremlins, Inc.","1564","Gremlins, Inc.","8166900","153540","8916","6","512","15","0","53.19","Gremlins, Inc."
"Tony Hawk's Pro Skater","1565","Tony Hawk's Pro Skater","8151000","72180","22503","6","359","15","0","112.93","Tony Hawk's Pro Skater"
"inFamous: Second Son","1566","inFamous: Second Son","8143680","336780","26923","6","3862","15","0","24.18","inFamous: Second Son"
"Stream Raiders","1567","Stream Raiders","8125800","329760","4066","9","301","15","0","24.64","Stream Raiders"
"Divekick","1568","Divekick","8102400","12180","122443","8","94","15","0","665.22","Divekick"
"Phantasmagoria: A Puzzle of Flesh","1569","Phantasmagoria: A Puzzle of Flesh","8099820","51840","5849","4","119","15","0","156.25","Phantasmagoria: A Puzzle of Flesh"
"Alice: Madness Returns","1570","Alice: Madness Returns","8090520","963600","1269","13","2761","15","1","8.4","Alice: Madness Returns"
"Rabi-Ribi","1571","Rabi-Ribi","8079660","631320","4668","9","1030","15","1","12.8","Rabi-Ribi"
"Forbidden Siren 2","1572","Forbidden Siren 2","8072820","34380","8453","2","59","15","0","234.81","Forbidden Siren 2"
"One Hour One Life","1573","One Hour One Life","8067240","456960","4905","8","557","15","0","17.65","One Hour One Life"
"Mario Party 6","1574","Mario Party 6","8044860","181800","8012","6","729","15","0","44.25","Mario Party 6"
"StopotS","1575","StopotS","8038800","122280","14302","6","1005","15","0","65.74","StopotS"
"God Hand","1576","God Hand","8036160","210900","4003","5","510","15","0","38.1","God Hand"
"Chip 'N Dale: Rescue Rangers","1577","Chip 'N Dale: Rescue Rangers","8028360","65400","75223","6","253","15","0","122.76","Chip 'N Dale: Rescue Rangers"
"TV and Cinema 101: Trivia from Talkies to Trekkies","1578","TV and Cinema 101: Trivia from Talkies to Trekkies","8024220","283800","974","12","380","15","0","28.27","TV and Cinema 101: Trivia from Talkies to Trekkies"
"Ninja Gaiden Black","1579","Ninja Gaiden Black","8008500","383340","8458","6","737","15","0","20.89","Ninja Gaiden Black"
"Lorelai","1580","Lorelai","8007840","136020","18984","12","391","15","0","58.87","Lorelai"
"Phantasy Star IV: The End of the Millennium","1581","Phantasy Star IV: The End of the Millennium","8005980","172440","15747","5","163","15","0","46.43","Phantasy Star IV: The End of the Millennium"
"The iDOLM@STER Cinderella Girls: Starlight Stage","1582","The iDOLM@STER Cinderella Girls: Starlight Stage","7991580","697620","3263","16","582","15","1","11.46","The iDOLM@STER Cinderella Girls: Starlight Stage"
"Afterparty","1583","Afterparty","7984260","288000","28603","50","1465","15","0","27.72","Afterparty"
"Session","1584","Session","7980840","375420","22590","41","1710","15","0","21.26","Session"
"Nex Machina: Death Machine","1585","Nex Machina: Death Machine","7980180","93120","121296","14","258","15","0","85.7","Nex Machina: Death Machine"
"Emily Is Away Too","1586","Emily Is Away Too","7975440","51300","26365","4","294","15","0","155.47","Emily Is Away Too"
"Unturned","1587","Unturned","7948140","2615460","17124","23","11422","15","4","3.04","Unturned"
"Victoria II","1588","Victoria II","7938900","299880","1460","7","437","15","0","26.47","Victoria II"
"Among The Sleep","1589","Among The Sleep","7927020","330720","17827","20","2330","15","0","23.97","Among The Sleep"
"Shortest Trip to Earth","1590","Shortest Trip to Earth","7908300","169440","11090","14","357","15","0","46.67","Shortest Trip to Earth"
"The Thrill of the Fight","1591","The Thrill of the Fight","7905780","30060","21984","4","167","15","0","263","The Thrill of the Fight"
"Sonic the Hedgehog 3","1592","Sonic the Hedgehog 3","7880580","345900","6179","6","1014","14","0","22.78","Sonic the Hedgehog 3"
"Mario Golf","1593","Mario Golf","7875060","82500","13079","4","204","14","0","95.46","Mario Golf"
"Guitar Hero","1594","Guitar Hero","7854120","526920","9109","9","3148","14","1","14.91","Guitar Hero"
"Monster Prom","1595","Monster Prom","7845240","715320","5288","75","3562","14","1","10.97","Monster Prom"
"Shenmue II","1596","Shenmue II","7829520","536520","6222","9","853","14","1","14.59","Shenmue II"
"Dead or Alive Xtreme 3: Fortune","1597","Dead or Alive Xtreme 3: Fortune","7819980","346500","14235","6","444","14","0","22.57","Dead or Alive Xtreme 3: Fortune"
"Batman: Arkham Origins","1598","Batman: Arkham Origins","7812060","977220","3866","14","2797","14","1","7.99","Batman: Arkham Origins"
"Night Call","1599","Night Call","7804440","80640","17169","20","402","14","0","96.78","Night Call"
"Bad Dream: Coma","1600","Bad Dream: Coma","7795920","110520","8236","4","409","14","0","70.54","Bad Dream: Coma"