"","","Game","Watch time","Stream time","Peak viewers","Peak channels","Streamers","Average viewers","Average channels","Average viewer ratio",""
"Valentino Rossi The Game","5201","Valentino Rossi The Game","685320","19860","2528","2","91","1","0","34.51","Valentino Rossi The Game"
"Lunar 2: Eternal Blue Complete","5202","Lunar 2: Eternal Blue Complete","685200","110280","209","4","68","1","0","6.21","Lunar 2: Eternal Blue Complete"
"Nancy Drew: Ghost of Thornton Hall","5203","Nancy Drew: Ghost of Thornton Hall","685140","33240","616","2","81","1","0","20.61","Nancy Drew: Ghost of Thornton Hall"
"Berserk and the Band of the Hawk","5204","Berserk and the Band of the Hawk","685020","200640","1179","4","577","1","0","3.41","Berserk and the Band of the Hawk"
"Beat Da Beat","5205","Beat Da Beat","684960","4560","3821","2","37","1","0","150.21","Beat Da Beat"
"Abobo's Big Adventure","5206","Abobo's Big Adventure","684660","9360","5807","2","38","1","0","73.15","Abobo's Big Adventure"
"Worms 2: Armageddon","5207","Worms 2: Armageddon","683760","5640","2569","2","36","1","0","121.23","Worms 2: Armageddon"
"My Little Pony - Friendship is Magic","5208","My Little Pony - Friendship is Magic","683700","59160","5066","3","133","1","0","11.56","My Little Pony - Friendship is Magic"
"This Is the Police 2","5209","This Is the Police 2","683460","154020","134","4","422","1","0","4.44","This Is the Police 2"
"Night Trap","5210","Night Trap","683100","64440","1295","3","164","1","0","10.6","Night Trap"
"Homesick","5211","Homesick","682920","24360","1307","3","136","1","0","28.03","Homesick"
"Misao","5212","Misao","682920","78180","600","3","314","1","0","8.74","Misao"
"Alex Kidd in Miracle World","5213","Alex Kidd in Miracle World","682800","19860","2989","2","95","1","0","34.38","Alex Kidd in Miracle World"
"Sasuke","5214","Sasuke","682800","4260","6106","3","6","1","0","160.28","Sasuke"
"Vangers","5215","Vangers","682500","7620","8613","2","35","1","0","89.57","Vangers"
"The Lord of the Rings Living Card Game","5216","The Lord of the Rings Living Card Game","681840","33540","3281","3","113","1","0","20.33","The Lord of the Rings Living Card Game"
"Pepsi Man","5217","Pepsi Man","681420","11700","8115","2","110","1","0","58.24","Pepsi Man"
"SVC Chaos: SNK vs. Capcom","5218","SVC Chaos: SNK vs. Capcom","680460","10020","9607","1","39","1","0","67.91","SVC Chaos: SNK vs. Capcom"
"The Legend of Oasis","5219","The Legend of Oasis","680400","4740","1669","1","8","1","0","143.54","The Legend of Oasis"
"Transformers: Fall of Cybertron","5220","Transformers: Fall of Cybertron","680160","75420","1502","3","253","1","0","9.02","Transformers: Fall of Cybertron"
"beatmania","5221","beatmania","679980","11100","849","2","40","1","0","61.26","beatmania"
"Hard West","5222","Hard West","679680","61200","2500","2","172","1","0","11.11","Hard West"
"Just For Killing Time R(-18)PG","5223","Just For Killing Time R(-18)PG","678540","3960","7621","1","18","1","0","171.35","Just For Killing Time R(-18)PG"
"Survived By","5224","Survived By","677700","97020","131","8","357","1","0","6.99","Survived By"
"BattleForge","5225","BattleForge","677340","126300","160","5","200","1","0","5.36","BattleForge"
"Ashes Cricket","5226","Ashes Cricket","676860","163860","742","5","398","1","0","4.13","Ashes Cricket"
"Space Crusade","5227","Space Crusade","676740","3240","466","1","6","1","0","208.87","Space Crusade"
"Reel Fishing: Road Trip Adventure","5228","Reel Fishing: Road Trip Adventure","676560","4320","10674","2","16","1","0","156.61","Reel Fishing: Road Trip Adventure"
"Sword Art Online: Alicization Rising Steel","5229","Sword Art Online: Alicization Rising Steel","676380","78000","261","12","187","1","0","8.67","Sword Art Online: Alicization Rising Steel"
"Ariel","5230","Ariel","676380","41280","1616","2","12","1","0","16.39","Ariel"
"Tokyo Warfare","5231","Tokyo Warfare","676200","1440","10973","1","15","1","0","469.58","Tokyo Warfare"
"Hidden Survivor","5232","Hidden Survivor","675960","960","4689","3","8","1","0","704.13","Hidden Survivor"
"Spider-Man: Shattered Dimensions","5233","Spider-Man: Shattered Dimensions","675420","58500","2277","4","197","1","0","11.55","Spider-Man: Shattered Dimensions"
"Jumanji: The Video Game","5234","Jumanji: The Video Game","674340","12360","4071","4","103","1","0","54.56","Jumanji: The Video Game"
"Toukiden 2","5235","Toukiden 2","674280","98640","2958","3","254","1","0","6.84","Toukiden 2"
"Star Trek: Klingon","5236","Star Trek: Klingon","673920","780","2421","1","5","1","0","864","Star Trek: Klingon"
"The Tiny Bang Story","5237","The Tiny Bang Story","673920","31320","1692","3","142","1","0","21.52","The Tiny Bang Story"
"Crea","5238","Crea","673740","58080","805","6","228","1","0","11.6","Crea"
"Cute Pets","5239","Cute Pets","673200","1144440","41","7","70","1","2","0.59","Cute Pets"
"Henry","5240","Henry","672600","540","4130","1","3","1","0","1245.56","Henry"
"Try Not to Fart","5241","Try Not to Fart","672300","1740","22245","4","11","1","0","386.38","Try Not to Fart"
"Dead Secret","5242","Dead Secret","672300","20220","4021","2","87","1","0","33.25","Dead Secret"
"Pony Town","5243","Pony Town","672060","19740","6420","2","95","1","0","34.05","Pony Town"
"Circuit","5244","Circuit","672060","480","4562","1","2","1","0","1400.13","Circuit"
"Harvest Moon: Back to Nature","5245","Harvest Moon: Back to Nature","672060","99000","184","3","151","1","0","6.79","Harvest Moon: Back to Nature"
"Batman Forever","5246","Batman Forever","671580","5760","9675","1","32","1","0","116.59","Batman Forever"
"Darkwing Duck","5247","Darkwing Duck","671160","38220","2001","4","104","1","0","17.56","Darkwing Duck"
"Mount & Blade Warband: Napoleonic Wars","5248","Mount & Blade Warband: Napoleonic Wars","670980","53280","8207","4","227","1","0","12.59","Mount & Blade Warband: Napoleonic Wars"
"Moving Out","5249","Moving Out","670920","3180","19305","5","51","1","0","210.98","Moving Out"
"Warparty","5250","Warparty","670740","36900","748","7","176","1","0","18.18","Warparty"
"Castlevania: Curse of Darkness","5251","Castlevania: Curse of Darkness","670320","111900","623","4","186","1","0","5.99","Castlevania: Curse of Darkness"
"Slain!","5252","Slain!","670080","45120","771","4","270","1","0","14.85","Slain!"
"Uncraft World","5253","Uncraft World","669480","1080","1953","1","8","1","0","619.89","Uncraft World"
"Galaxy Trucker","5254","Galaxy Trucker","669060","3360","5679","2","14","1","0","199.13","Galaxy Trucker"
"The Legend of Zelda: Ocarina of Time / Master Quest","5255","The Legend of Zelda: Ocarina of Time / Master Quest","668700","153900","176","5","312","1","0","4.35","The Legend of Zelda: Ocarina of Time / Master Quest"
"Islands of Nyne: Battle Royale","5256","Islands of Nyne: Battle Royale","667920","51060","7875","8","324","1","0","13.08","Islands of Nyne: Battle Royale"
"Minimax Tinyverse","5257","Minimax Tinyverse","667500","90240","723","4","324","1","0","7.4","Minimax Tinyverse"
"Syberia III","5258","Syberia III","667260","80520","831","3","169","1","0","8.29","Syberia III"
"Dragon Quest Monsters: Terry no Wonderland 3D","5259","Dragon Quest Monsters: Terry no Wonderland 3D","667200","10920","429","2","22","1","0","61.1","Dragon Quest Monsters: Terry no Wonderland 3D"
"Vaporum","5260","Vaporum","667080","55740","545","3","149","1","0","11.97","Vaporum"
"Onrush","5261","Onrush","666660","178020","314","9","2888","1","0","3.74","Onrush"
"Lands of Lore: The Throne of Chaos","5262","Lands of Lore: The Throne of Chaos","666300","35040","182","2","46","1","0","19.02","Lands of Lore: The Throne of Chaos"
"SURV1V3","5263","SURV1V3","665820","28440","4435","3","94","1","0","23.41","SURV1V3"
"MX Bikes","5264","MX Bikes","665760","67800","642","6","163","1","0","9.82","MX Bikes"
"Curious George Learns Phonics","5265","Curious George Learns Phonics","665100","480","2351","1","3","1","0","1385.63","Curious George Learns Phonics"
"Horror Stories","5266","Horror Stories","665040","81060","1049","3","242","1","0","8.2","Horror Stories"
"Heart's Medicine: Hospital Heat","5267","Heart's Medicine: Hospital Heat","664440","8460","1753","2","24","1","0","78.54","Heart's Medicine: Hospital Heat"
"Gladiabots","5268","Gladiabots","664200","46740","4274","4","112","1","0","14.21","Gladiabots"
"Midnight Club II","5269","Midnight Club II","663540","97740","563","4","160","1","0","6.79","Midnight Club II"
"Retro Garbage","5270","Retro Garbage","663120","85260","624","3","90","1","0","7.78","Retro Garbage"
"Disciples II: Dark Prophecy","5271","Disciples II: Dark Prophecy","662880","52980","521","3","57","1","0","12.51","Disciples II: Dark Prophecy"
"Persona 4: Dancing All Night","5272","Persona 4: Dancing All Night","662340","220440","389","5","917","1","0","3","Persona 4: Dancing All Night"
"Stay Out","5273","Stay Out","662220","133440","446","12","685","1","0","4.96","Stay Out"
"Atelier Meruru: The Apprentice of Arland","5274","Atelier Meruru: The Apprentice of Arland","662220","84480","107","2","66","1","0","7.84","Atelier Meruru: The Apprentice of Arland"
"Tv star","5275","Tv star","662100","32220","590","2","20","1","0","20.55","Tv star"
"Titan Quest: Ragnarök","5276","Titan Quest: Ragnarök","662040","130620","195","4","234","1","0","5.07","Titan Quest: Ragnarök"
"Live for Speed","5277","Live for Speed","661800","192420","4685","6","751","1","0","3.44","Live for Speed"
"Ice Lakes","5278","Ice Lakes","661680","21000","1125","3","96","1","0","31.51","Ice Lakes"
"Jumbo Ozaki no Hole in One Professional","5279","Jumbo Ozaki no Hole in One Professional","661560","3780","11269","2","5","1","0","175.02","Jumbo Ozaki no Hole in One Professional"
"Battle of the Defenders","5280","Battle of the Defenders","661380","93600","4332","4","192","1","0","7.07","Battle of the Defenders"
"PlayStation VR Worlds","5281","PlayStation VR Worlds","660900","19860","2552","2","1512","1","0","33.28","PlayStation VR Worlds"
"Rule The Waves","5282","Rule The Waves","660600","48780","153","4","34","1","0","13.54","Rule The Waves"
"Kitty Powers' Matchmaker","5283","Kitty Powers' Matchmaker","660540","29700","1176","6","153","1","0","22.24","Kitty Powers' Matchmaker"
"Catacomb Kids","5284","Catacomb Kids","659580","48480","1162","2","48","1","0","13.61","Catacomb Kids"
"Shinobi III : Return of the Ninja Master","5285","Shinobi III : Return of the Ninja Master","658740","23820","2575","4","127","1","0","27.65","Shinobi III : Return of the Ninja Master"
"WWE WrestleMania","5286","WWE WrestleMania","658620","11820","7289","28","81","1","0","55.72","WWE WrestleMania"
"Rise of Nightmares","5287","Rise of Nightmares","657540","2100","3899","2","8","1","0","313.11","Rise of Nightmares"
"Star Stable","5288","Star Stable","656760","148200","510","5","428","1","0","4.43","Star Stable"
"Star Wars: Episode I - Jedi Power Battles","5289","Star Wars: Episode I - Jedi Power Battles","656100","11700","9653","1","46","1","0","56.08","Star Wars: Episode I - Jedi Power Battles"
"Adr1ft","5290","Adr1ft","656100","50340","919","3","270","1","0","13.03","Adr1ft"
"Gyakuten Kenji 2","5291","Gyakuten Kenji 2","655800","70260","278","2","57","1","0","9.33","Gyakuten Kenji 2"
"Varnir of the Dragon Star","5292","Varnir of the Dragon Star","655620","107160","360","4","143","1","0","6.12","Varnir of the Dragon Star"
"Protolife","5293","Protolife","654720","9780","1292","3","35","1","0","66.94","Protolife"
"Super Bunny","5294","Super Bunny","654300","420","3799","1","3","1","0","1557.86","Super Bunny"
"Lost Planet 2","5295","Lost Planet 2","654180","143040","279","6","473","1","0","4.57","Lost Planet 2"
"Border Force","5296","Border Force","653760","3000","3891","1","28","1","0","217.92","Border Force"
"Super Bomberman","5297","Super Bomberman","653700","19140","4288","2","119","1","0","34.15","Super Bomberman"
"Chameleon","5298","Chameleon","653580","7920","1416","1","11","1","0","82.52","Chameleon"
"Curve Fever Pro","5299","Curve Fever Pro","653160","21300","2913","3","175","1","0","30.66","Curve Fever Pro"
"CardLife","5300","CardLife","652740","87660","264","5","340","1","0","7.45","CardLife"