"","","Game","Watch time","Stream time","Peak viewers","Peak channels","Streamers","Average viewers","Average channels","Average viewer ratio",""
"Deathstate","7701","Deathstate","231840","12900","1940","4","47","0","0","17.97","Deathstate"
"Nanotale - Typing Chronicles","7702","Nanotale - Typing Chronicles","231720","9900","2426","7","59","0","0","23.41","Nanotale - Typing Chronicles"
"Psychiatrist Simulator","7703","Psychiatrist Simulator","231660","4020","644","1","22","0","0","57.63","Psychiatrist Simulator"
"Dragon Quest Monsters: Joker 3","7704","Dragon Quest Monsters: Joker 3","231480","12660","157","2","15","0","0","18.28","Dragon Quest Monsters: Joker 3"
"LOTUS Simulator","7705","LOTUS Simulator","231420","28080","237","3","40","0","0","8.24","LOTUS Simulator"
"Digimon World 4","7706","Digimon World 4","231420","52320","58","2","96","0","0","4.42","Digimon World 4"
"Chessmaster","7707","Chessmaster","231360","3840","1642","1","18","0","0","60.25","Chessmaster"
"Backyard Football","7708","Backyard Football","231300","8160","2024","2","25","0","0","28.35","Backyard Football"
"UFC Undisputed 2010","7709","UFC Undisputed 2010","231300","4860","672","4","35","0","0","47.59","UFC Undisputed 2010"
"Might & Magic Duel of Champions","7710","Might & Magic Duel of Champions","231240","38340","58","3","72","0","0","6.03","Might & Magic Duel of Champions"
"Dragon Egg","7711","Dragon Egg","231240","600","4228","1","3","0","0","385.4","Dragon Egg"
"Videoball","7712","Videoball","231180","2460","979","1","14","0","0","93.98","Videoball"
"Shining in the Darkness","7713","Shining in the Darkness","231060","20520","212","2","42","0","0","11.26","Shining in the Darkness"
"Starpoint Gemini","7714","Starpoint Gemini","230940","2520","1677","3","9","0","0","91.64","Starpoint Gemini"
"The Jungle Book: Mowgli's Run","7715","The Jungle Book: Mowgli's Run","230940","180","3108","2","3","0","0","1283","The Jungle Book: Mowgli's Run"
"Magicite","7716","Magicite","230880","61320","813","3","379","0","0","3.77","Magicite"
"Gary Gadget: Building Cars","7717","Gary Gadget: Building Cars","230580","1440","1535","1","8","0","0","160.13","Gary Gadget: Building Cars"
"Zone of the Enders","7718","Zone of the Enders","230220","16440","261","2","63","0","0","14","Zone of the Enders"
"Final Fantasy Legend III","7719","Final Fantasy Legend III","230160","9720","601","2","17","0","0","23.68","Final Fantasy Legend III"
"Jagged Alliance","7720","Jagged Alliance","230160","11280","636","2","11","0","0","20.4","Jagged Alliance"
"Kal Online","7721","Kal Online","230160","69600","79","3","72","0","0","3.31","Kal Online"
"Rising Hell","7722","Rising Hell","229920","9360","566","3","61","0","0","24.56","Rising Hell"
"Half-Life: Decay","7723","Half-Life: Decay","229860","9180","1994","2","37","0","0","25.04","Half-Life: Decay"
"Utawarerumono Zan","7724","Utawarerumono Zan","229860","12660","1160","3","57","0","0","18.16","Utawarerumono Zan"
"Jazz Jackrabbit 2: The Secret Files","7725","Jazz Jackrabbit 2: The Secret Files","229260","4860","576","1","19","0","0","47.17","Jazz Jackrabbit 2: The Secret Files"
"Titus the Fox: To Marrakech and Back","7726","Titus the Fox: To Marrakech and Back","229020","2220","1789","1","7","0","0","103.16","Titus the Fox: To Marrakech and Back"
"Shin Megami Tensei: Persona 3","7727","Shin Megami Tensei: Persona 3","229020","63360","29","3","158","0","0","3.61","Shin Megami Tensei: Persona 3"
"FlatOut 3: Chaos & Destruction","7728","FlatOut 3: Chaos & Destruction","229020","4140","1849","2","33","0","0","55.32","FlatOut 3: Chaos & Destruction"
"Ninja Warrior","7729","Ninja Warrior","228960","4140","502","2","7","0","0","55.3","Ninja Warrior"
"Joust","7730","Joust","228900","5700","1859","1","24","0","0","40.16","Joust"
"Super Mustache","7731","Super Mustache","228900","4260","1838","1","14","0","0","53.73","Super Mustache"
"Super Robot Wars Alpha Gaiden","7732","Super Robot Wars Alpha Gaiden","228780","19800","61","2","12","0","0","11.55","Super Robot Wars Alpha Gaiden"
"BloodRayne","7733","BloodRayne","228780","37740","561","3","124","0","0","6.06","BloodRayne"
"Spy Fox in ""Dry Cereal""","7734","Spy Fox in ""Dry Cereal""","228780","33060","507","3","187","0","0","6.92","Spy Fox in ""Dry Cereal"""
"Dragon Knight 4","7735","Dragon Knight 4","228720","4500","328","2","4","0","0","50.83","Dragon Knight 4"
"Receiver","7736","Receiver","228660","26340","1052","4","183","0","0","8.68","Receiver"
"Dungeons & Dragons: Chronicles of Mystara","7737","Dungeons & Dragons: Chronicles of Mystara","228600","34920","294","3","167","0","0","6.55","Dungeons & Dragons: Chronicles of Mystara"
"Deus Ex: Invisible War","7738","Deus Ex: Invisible War","228540","60660","88","4","112","0","0","3.77","Deus Ex: Invisible War"
"Deliverance","7739","Deliverance","228540","4800","2032","1","5","0","0","47.61","Deliverance"
"Clock Tower 2: The Struggle Within","7740","Clock Tower 2: The Struggle Within","228480","17460","110","2","46","0","0","13.09","Clock Tower 2: The Struggle Within"
"Shatterhand","7741","Shatterhand","228420","11220","1174","2","50","0","0","20.36","Shatterhand"
"Gundam Battle: Gunpla Warfare","7742","Gundam Battle: Gunpla Warfare","228360","31620","231","7","86","0","0","7.22","Gundam Battle: Gunpla Warfare"
"rFactor","7743","rFactor","228360","92460","225","6","238","0","0","2.47","rFactor"
"Candle","7744","Candle","228360","27120","277","2","71","0","0","8.42","Candle"
"Christmas Prayers","7745","Christmas Prayers","228300","360","2360","1","2","0","0","634.17","Christmas Prayers"
"FIFA Manager 06","7746","FIFA Manager 06","228180","1560","1440","1","5","0","0","146.27","FIFA Manager 06"
"Maui Mallard in Cold Shadow","7747","Maui Mallard in Cold Shadow","228000","10380","356","2","57","0","0","21.97","Maui Mallard in Cold Shadow"
"LSD: Dream Emulator","7748","LSD: Dream Emulator","227880","21480","468","3","100","0","0","10.61","LSD: Dream Emulator"
"Healthy Breakfast","7749","Healthy Breakfast","227880","3720","329","1","11","0","0","61.26","Healthy Breakfast"
"Spear of Destiny","7750","Spear of Destiny","227880","5040","741","2","17","0","0","45.21","Spear of Destiny"
"Animaniacs","7751","Animaniacs","227820","5220","1438","2","33","0","0","43.64","Animaniacs"
"Empires Apart","7752","Empires Apart","227820","57000","506","4","236","0","0","4","Empires Apart"
"Psychic Isolation","7753","Psychic Isolation","227760","120","2226","1","1","0","0","1898","Psychic Isolation"
"Endless League","7754","Endless League","227580","900","3762","1","4","0","0","252.87","Endless League"
"Photo Kano","7755","Photo Kano","227460","2340","1101","1","2","0","0","97.21","Photo Kano"
"Dengeki Bunko: Fighting Climax","7756","Dengeki Bunko: Fighting Climax","227340","10080","83","2","22","0","0","22.55","Dengeki Bunko: Fighting Climax"
"Effie","7757","Effie","227280","21060","328","7","83","0","0","10.79","Effie"
"The Nothing","7758","The Nothing","227280","117900","159","3","130","0","0","1.93","The Nothing"
"Whipseey and the Lost Atlas","7759","Whipseey and the Lost Atlas","227220","10560","1005","4","42","0","0","21.52","Whipseey and the Lost Atlas"
"Champions of Norrath","7760","Champions of Norrath","227220","38220","873","2","117","0","0","5.95","Champions of Norrath"
"Pac-Man Championship Edition DX","7761","Pac-Man Championship Edition DX","227160","47760","175","3","300","0","0","4.76","Pac-Man Championship Edition DX"
"Commander Keen","7762","Commander Keen","227040","10740","172","2","61","0","0","21.14","Commander Keen"
"Virtual-On: Cyber Troopers","7763","Virtual-On: Cyber Troopers","226980","7380","992","2","29","0","0","30.76","Virtual-On: Cyber Troopers"
"Gradius III","7764","Gradius III","226920","40800","112","2","101","0","0","5.56","Gradius III"
"Wacky Races","7765","Wacky Races","226800","7920","1387","6","46","0","0","28.64","Wacky Races"
"Gryphon Knight Epic","7766","Gryphon Knight Epic","226800","1740","3886","1","11","0","0","130.34","Gryphon Knight Epic"
"Fantasy Life","7767","Fantasy Life","226680","43140","162","3","69","0","0","5.25","Fantasy Life"
"The Black Death","7768","The Black Death","226560","25260","312","3","105","0","0","8.97","The Black Death"
"Wayward Terran Frontier: Zero Falls","7769","Wayward Terran Frontier: Zero Falls","226500","6300","217","2","22","0","0","35.95","Wayward Terran Frontier: Zero Falls"
"The Dame Was Loaded","7770","The Dame Was Loaded","226440","1980","1770","1","11","0","0","114.36","The Dame Was Loaded"
"JESUS","7771","JESUS","226380","33420","90","2","23","0","0","6.77","JESUS"
"Verlet Swing","7772","Verlet Swing","226200","23040","216","7","122","0","0","9.82","Verlet Swing"
"Sonic the Hedgehog 4: Episode I","7773","Sonic the Hedgehog 4: Episode I","226140","24900","432","2","159","0","0","9.08","Sonic the Hedgehog 4: Episode I"
"Magical Pop'n","7774","Magical Pop'n","226080","21960","429","2","21","0","0","10.3","Magical Pop'n"
"Worms 3D","7775","Worms 3D","225960","6120","1815","1","33","0","0","36.92","Worms 3D"
"1001 Spikes","7776","1001 Spikes","225960","29640","665","2","90","0","0","7.62","1001 Spikes"
"Dominion Online","7777","Dominion Online","225900","46200","85","2","102","0","0","4.89","Dominion Online"
"iCarly 2: iJoin the Click!","7778","iCarly 2: iJoin the Click!","225900","8520","276","1","13","0","0","26.51","iCarly 2: iJoin the Click!"
"Labyrinthine Dreams","7779","Labyrinthine Dreams","225840","720","1750","1","6","0","0","313.67","Labyrinthine Dreams"
"Mario & Luigi: Superstar Saga + Bowser's Minions","7780","Mario & Luigi: Superstar Saga + Bowser's Minions","225720","39960","48","3","61","0","0","5.65","Mario & Luigi: Superstar Saga + Bowser's Minions"
"Life is Hard","7781","Life is Hard","225600","26100","128","3","24","0","0","8.64","Life is Hard"
"Mashed: Fully Loaded","7782","Mashed: Fully Loaded","225600","1380","3120","1","8","0","0","163.48","Mashed: Fully Loaded"
"Aquaria","7783","Aquaria","225480","30900","79","2","52","0","0","7.3","Aquaria"
"Topps KICK","7784","Topps KICK","225480","11880","89","2","3","0","0","18.98","Topps KICK"
"Prime Time","7785","Prime Time","225180","13680","537","2","7","0","0","16.46","Prime Time"
"Monster Hunter Freedom 2","7786","Monster Hunter Freedom 2","225060","9540","133","2","7","0","0","23.59","Monster Hunter Freedom 2"
"Descent: Freespace - The Great War","7787","Descent: Freespace - The Great War","225060","8220","2940","2","21","0","0","27.38","Descent: Freespace - The Great War"
"Train Valley","7788","Train Valley","224940","30960","616","4","149","0","0","7.27","Train Valley"
"Golf Blitz","7789","Golf Blitz","224880","19380","181","2","40","0","0","11.6","Golf Blitz"
"Sky Racket","7790","Sky Racket","224880","13740","259","3","71","0","0","16.37","Sky Racket"
"Putty","7791","Putty","224880","1560","1921","1","6","0","0","144.15","Putty"
"Dora the Explorer","7792","Dora the Explorer","224880","1860","3075","2","11","0","0","120.9","Dora the Explorer"
"Star Wars: X-Wing Alliance","7793","Star Wars: X-Wing Alliance","224880","21600","2090","2","59","0","0","10.41","Star Wars: X-Wing Alliance"
"Lifeless Planet","7794","Lifeless Planet","224700","29400","274","2","104","0","0","7.64","Lifeless Planet"
"Blinx 2: Masters of Time and Space","7795","Blinx 2: Masters of Time and Space","224580","3960","881","2","12","0","0","56.71","Blinx 2: Masters of Time and Space"
"Millennium 3 - Cry Wolf","7796","Millennium 3 - Cry Wolf","224460","480","3721","1","4","0","0","467.63","Millennium 3 - Cry Wolf"
"Thai Boxing","7797","Thai Boxing","224400","720","6097","1","6","0","0","311.67","Thai Boxing"
"Poker Tournament","7798","Poker Tournament","223980","60540","361","6","145","0","0","3.7","Poker Tournament"
"FIFA Soccer 2005","7799","FIFA Soccer 2005","223980","8580","641","2","24","0","0","26.1","FIFA Soccer 2005"
"Call to Arms","7800","Call to Arms","223800","61680","654","4","278","0","0","3.63","Call to Arms"