"","","Game","Watch time","Stream time","Peak viewers","Peak channels","Streamers","Average viewers","Average channels","Average viewer ratio",""
"Zooter FPS","7901","Zooter FPS","215820","3420","2237","1","22","0","0","63.11","Zooter FPS"
"Onimusha 3: Demon Siege","7902","Onimusha 3: Demon Siege","215820","62940","154","3","125","0","0","3.43","Onimusha 3: Demon Siege"
"Cheesy","7903","Cheesy","215820","720","1581","2","6","0","0","299.75","Cheesy"
"Xuanyuan Jian 3: Yun he Shan de Bi Duan","7904","Xuanyuan Jian 3: Yun he Shan de Bi Duan","215820","4200","169","1","4","0","0","51.39","Xuanyuan Jian 3: Yun he Shan de Bi Duan"
"LEGO Land","7905","LEGO Land","215760","5220","3900","2","13","0","0","41.33","LEGO Land"
"Demon Pit","7906","Demon Pit","215460","7800","399","3","74","0","0","27.62","Demon Pit"
"Pac-Man: Adventures in Time","7907","Pac-Man: Adventures in Time","215460","6600","343","1","13","0","0","32.65","Pac-Man: Adventures in Time"
"Seven","7908","Seven","215460","26880","609","5","94","0","0","8.02","Seven"
"Ratchet & Clank Future: Tools of Destruction","7909","Ratchet & Clank Future: Tools of Destruction","215400","49140","71","3","66","0","0","4.38","Ratchet & Clank Future: Tools of Destruction"
"Dekaron","7910","Dekaron","215400","83700","163","5","105","0","0","2.57","Dekaron"
"Zoombinis","7911","Zoombinis","215340","19620","389","2","116","0","0","10.98","Zoombinis"
"Adventures of Yogi Bear","7912","Adventures of Yogi Bear","215280","1020","917","1","4","0","0","211.06","Adventures of Yogi Bear"
"Paintball Heroes","7913","Paintball Heroes","215160","6720","111","2","6","0","0","32.02","Paintball Heroes"
"StarCrawlers","7914","StarCrawlers","215100","24180","124","2","42","0","0","8.9","StarCrawlers"
"Tender Loving Care","7915","Tender Loving Care","215040","8940","206","1","23","0","0","24.05","Tender Loving Care"
"My Aquarium","7916","My Aquarium","214980","208140","17","2","6","0","0","1.03","My Aquarium"
"The Typing of the Dead II","7917","The Typing of the Dead II","214920","1260","2129","1","8","0","0","170.57","The Typing of the Dead II"
"The Simpsons: Bart's Nightmare","7918","The Simpsons: Bart's Nightmare","214500","3480","715","1","24","0","0","61.64","The Simpsons: Bart's Nightmare"
"3D Pinball: Space Cadet","7919","3D Pinball: Space Cadet","214320","27600","368","2","195","0","0","7.77","3D Pinball: Space Cadet"
"Nancy Drew: Warnings at Waverly Academy","7920","Nancy Drew: Warnings at Waverly Academy","214320","29940","80","3","77","0","0","7.16","Nancy Drew: Warnings at Waverly Academy"
"Eldritch","7921","Eldritch","214260","23220","411","2","149","0","0","9.23","Eldritch"
"Hillsfar","7922","Hillsfar","214020","1140","394","1","4","0","0","187.74","Hillsfar"
"Metal Max Xeno","7923","Metal Max Xeno","214020","35460","410","2","51","0","0","6.04","Metal Max Xeno"
"Badland","7924","Badland","213960","19140","945","2","129","0","0","11.18","Badland"
"2048","7925","2048","213900","60360","859","2","166","0","0","3.54","2048"
"Hard Corps: Uprising","7926","Hard Corps: Uprising","213900","9720","951","2","50","0","0","22.01","Hard Corps: Uprising"
"Skyblazer","7927","Skyblazer","213780","10140","996","2","35","0","0","21.08","Skyblazer"
"Puzzle Games","7928","Puzzle Games","213780","17220","979","3","69","0","0","12.41","Puzzle Games"
"Zumba Fitness","7929","Zumba Fitness","213720","840","3297","1","6","0","0","254.43","Zumba Fitness"
"Inside / Limbo","7930","Inside / Limbo","213540","21360","435","3","99","0","0","10","Inside / Limbo"
"Patrician IV: Rise of a Dynasty","7931","Patrician IV: Rise of a Dynasty","213300","6240","1160","1","26","0","0","34.18","Patrician IV: Rise of a Dynasty"
"White Night","7932","White Night","213180","24000","210","2","80","0","0","8.88","White Night"
"Daily Quizz","7933","Daily Quizz","213180","2220","226","1","5","0","0","96.03","Daily Quizz"
"Teslagrad","7934","Teslagrad","213120","65460","76","3","228","0","0","3.26","Teslagrad"
"Marvel Ultimate Alliance 2","7935","Marvel Ultimate Alliance 2","213120","86040","64","4","315","0","0","2.48","Marvel Ultimate Alliance 2"
"Hack","7936","Hack","212820","11040","183","2","40","0","0","19.28","Hack"
"Power Rangers: Time Force","7937","Power Rangers: Time Force","212820","2220","1950","1","11","0","0","95.86","Power Rangers: Time Force"
"Wasteland 3","7938","Wasteland 3","212700","3000","1929","3","22","0","0","70.9","Wasteland 3"
"Galaga","7939","Galaga","212580","63420","1425","3","301","0","0","3.35","Galaga"
"Amplitude","7940","Amplitude","212580","104940","126","4","479","0","0","2.03","Amplitude"
"Rumble Stars","7941","Rumble Stars","212520","33180","102","4","82","0","0","6.41","Rumble Stars"
"Aquarium","7942","Aquarium","212340","510780","32","4","81","0","0","0.42","Aquarium"
"HardCube","7943","HardCube","212280","720","3602","2","7","0","0","294.83","HardCube"
"Doodle God: Evolution","7944","Doodle God: Evolution","212100","2760","881","1","18","0","0","76.85","Doodle God: Evolution"
"Pool Panic","7945","Pool Panic","212100","25620","226","3","197","0","0","8.28","Pool Panic"
"Crazy Test!","7946","Crazy Test!","212040","24900","1612","2","41","0","0","8.52","Crazy Test!"
"Worms Forts: Under Siege","7947","Worms Forts: Under Siege","212040","5100","1189","1","17","0","0","41.58","Worms Forts: Under Siege"
"Bombing Bastards","7948","Bombing Bastards","211920","480","810","1","2","0","0","441.5","Bombing Bastards"
"SimCity Classic","7949","SimCity Classic","211920","8940","164","2","19","0","0","23.7","SimCity Classic"
"Call of Duty 3","7950","Call of Duty 3","211860","48900","780","2","174","0","0","4.33","Call of Duty 3"
"The Way","7951","The Way","211860","38820","129","2","118","0","0","5.46","The Way"
"Revolution 60","7952","Revolution 60","211800","780","1758","1","5","0","0","271.54","Revolution 60"
"Mario & Wario","7953","Mario & Wario","211740","8820","1947","2","12","0","0","24.01","Mario & Wario"
"Guardian's Crusade","7954","Guardian's Crusade","211620","14640","588","2","29","0","0","14.45","Guardian's Crusade"
"DragonStrike","7955","DragonStrike","211500","1680","466","1","5","0","0","125.89","DragonStrike"
"Stay! Stay! Democratic People's Republic of Korea! My First (and only) Trip to Korea","7956","Stay! Stay! Democratic People's Republic of Korea! My First (and only) Trip to Korea","211380","9660","226","1","21","0","0","21.88","Stay! Stay! Democratic People's Republic of Korea! My First (and only) Trip to Korea"
"Dx2 Shin Megami Tensei: Liberation","7957","Dx2 Shin Megami Tensei: Liberation","211200","22620","88","2","46","0","0","9.34","Dx2 Shin Megami Tensei: Liberation"
"The Wizard of Oz","7958","The Wizard of Oz","211200","3000","838","2","11","0","0","70.4","The Wizard of Oz"
"Monster Hunter Freedom","7959","Monster Hunter Freedom","211140","25440","118","2","53","0","0","8.3","Monster Hunter Freedom"
"Empire of Sin","7960","Empire of Sin","211080","120","1897","1","1","0","0","1759","Empire of Sin"
"Electronic Super Joy","7961","Electronic Super Joy","211080","34560","1620","2","192","0","0","6.11","Electronic Super Joy"
"Ikari no Yousai 2","7962","Ikari no Yousai 2","211080","7740","115","2","2","0","0","27.27","Ikari no Yousai 2"
"Beyond Eyes","7963","Beyond Eyes","210960","27000","151","2","171","0","0","7.81","Beyond Eyes"
"Doodle","7964","Doodle","210900","5580","662","2","27","0","0","37.8","Doodle"
"On A Roll 3D","7965","On A Roll 3D","210900","5160","1362","3","12","0","0","40.87","On A Roll 3D"
"Just Ignore Them","7966","Just Ignore Them","210840","21300","194","3","122","0","0","9.9","Just Ignore Them"
"The Initiate","7967","The Initiate","210780","18000","250","2","58","0","0","11.71","The Initiate"
"Field of Glory II","7968","Field of Glory II","210720","10200","100","2","17","0","0","20.66","Field of Glory II"
"Shoppe Keep","7969","Shoppe Keep","210720","41580","789","3","148","0","0","5.07","Shoppe Keep"
"3D Mania","7970","3D Mania","210600","114600","14","2","27","0","0","1.84","3D Mania"
"Stronghold Legends","7971","Stronghold Legends","210480","53760","319","3","162","0","0","3.92","Stronghold Legends"
"Shot Online","7972","Shot Online","210420","68400","300","3","120","0","0","3.08","Shot Online"
"Shiness","7973","Shiness","210300","41040","107","2","122","0","0","5.12","Shiness"
"Earthworm Jim 3D","7974","Earthworm Jim 3D","210180","7860","1117","1","25","0","0","26.74","Earthworm Jim 3D"
"Notyet","7975","Notyet","210000","4200","400","3","8","0","0","50","Notyet"
"Star Wars: Monopoly","7976","Star Wars: Monopoly","209880","1080","1796","3","7","0","0","194.33","Star Wars: Monopoly"
"Dragon Quest Heroes","7977","Dragon Quest Heroes","209880","66240","82","4","256","0","0","3.17","Dragon Quest Heroes"
"Love Language Japanese","7978","Love Language Japanese","209820","16860","837","2","58","0","0","12.44","Love Language Japanese"
"Winning Post 8 2018","7979","Winning Post 8 2018","209820","58740","298","2","30","0","0","3.57","Winning Post 8 2018"
"Keplerth","7980","Keplerth","209640","23340","213","2","54","0","0","8.98","Keplerth"
"Super Adventure Island II","7981","Super Adventure Island II","209580","13140","312","5","35","0","0","15.95","Super Adventure Island II"
"Lazer Tag","7982","Lazer Tag","209400","15180","98","2","12","0","0","13.79","Lazer Tag"
"Enigmatis 3: The Shadow of Karkhala","7983","Enigmatis 3: The Shadow of Karkhala","209400","17940","376","2","63","0","0","11.67","Enigmatis 3: The Shadow of Karkhala"
"Disgaea 4: A Promise Unforgotten","7984","Disgaea 4: A Promise Unforgotten","209340","22200","405","5","39","0","0","9.43","Disgaea 4: A Promise Unforgotten"
"Challenge ProMode Arena","7985","Challenge ProMode Arena","209340","70020","61","4","67","0","0","2.99","Challenge ProMode Arena"
"Everest","7986","Everest","209220","1800","1773","1","6","0","0","116.23","Everest"
"Sonic the Fighters","7987","Sonic the Fighters","209220","16860","853","3","109","0","0","12.41","Sonic the Fighters"
"Nancy Drew: The Deadly Device","7988","Nancy Drew: The Deadly Device","209160","25680","148","2","60","0","0","8.14","Nancy Drew: The Deadly Device"
"Lemma","7989","Lemma","209100","5040","3381","1","12","0","0","41.49","Lemma"
"Makai Kingdom: Chronicles of the Sacred Tome","7990","Makai Kingdom: Chronicles of the Sacred Tome","208800","10500","140","2","13","0","0","19.89","Makai Kingdom: Chronicles of the Sacred Tome"
"Worse Than Death","7991","Worse Than Death","208620","7380","414","2","31","0","0","28.27","Worse Than Death"
"Ash of Gods","7992","Ash of Gods","208440","40860","149","2","98","0","0","5.1","Ash of Gods"
"Grand Chase M: Action RPG","7993","Grand Chase M: Action RPG","208380","17580","475","2","73","0","0","11.85","Grand Chase M: Action RPG"
"Simon","7994","Simon","208320","780","1370","1","3","0","0","267.08","Simon"
"Alien Swarm","7995","Alien Swarm","208020","57180","132","3","414","0","0","3.64","Alien Swarm"
"Costume Quest 2","7996","Costume Quest 2","207840","57120","72","5","202","0","0","3.64","Costume Quest 2"
"Sylvan Tale","7997","Sylvan Tale","207780","2340","1756","2","2","0","0","88.79","Sylvan Tale"
"Onimusha 2: Samurai's Destiny","7998","Onimusha 2: Samurai's Destiny","207720","64800","37","3","116","0","0","3.21","Onimusha 2: Samurai's Destiny"
"Barney's Hide and Seek Game","7999","Barney's Hide and Seek Game","207360","6060","3257","2","29","0","0","34.22","Barney's Hide and Seek Game"
"Friday the 13th: Killer Puzzle","8000","Friday the 13th: Killer Puzzle","207240","50640","99","5","332","0","0","4.09","Friday the 13th: Killer Puzzle"