"","","Game","Watch time","Stream time","Peak viewers","Peak channels","Streamers","Average viewers","Average channels","Average viewer ratio",""
"RaceRoom Racing Experience","2401","RaceRoom Racing Experience","3674160","633300","712","18","1648","6","1","5.8","RaceRoom Racing Experience"
"Uncharted 3: Drake's Deception","2402","Uncharted 3: Drake's Deception","3669720","302460","557","13","693","6","0","12.13","Uncharted 3: Drake's Deception"
"Bola","2403","Bola","3668640","2820","41222","3","11","6","0","1300.94","Bola"
"Call of Duty: Advanced Warfare","2404","Call of Duty: Advanced Warfare","3668220","1226220","1263","16","6813","6","2","2.99","Call of Duty: Advanced Warfare"
"Zwift","2405","Zwift","3661920","786840","1832","23","547","6","1","4.65","Zwift"
"Fox Hunt","2406","Fox Hunt","3661860","112140","29121","3","19","6","0","32.65","Fox Hunt"
"The Magical Quest Starring Mickey Mouse","2407","The Magical Quest Starring Mickey Mouse","3659760","23400","109307","14","112","6","0","156.4","The Magical Quest Starring Mickey Mouse"
"The Settlers IV: The Trojans and the Elixir of Power","2408","The Settlers IV: The Trojans and the Elixir of Power","3651660","53580","5260","6","96","6","0","68.15","The Settlers IV: The Trojans and the Elixir of Power"
"Strange Brigade","2409","Strange Brigade","3650700","587280","2939","15","2313","6","1","6.22","Strange Brigade"
"X3: Albion Prelude","2410","X3: Albion Prelude","3649980","65700","2331","2","90","6","0","55.56","X3: Albion Prelude"
"Final Fantasy Mystic Quest","2411","Final Fantasy Mystic Quest","3647880","179880","3345","7","283","6","0","20.28","Final Fantasy Mystic Quest"
"Etterna","2412","Etterna","3643740","835680","5295","10","1053","6","1","4.36","Etterna"
"Secret of Evermore","2413","Secret of Evermore","3637380","201360","2352","7","205","6","0","18.06","Secret of Evermore"
"Turok 2: Seeds of Evil","2414","Turok 2: Seeds of Evil","3632520","174780","2772","5","490","6","0","20.78","Turok 2: Seeds of Evil"
"Beat Cop","2415","Beat Cop","3622500","111840","6435","4","516","6","0","32.39","Beat Cop"
"Happy Wheels","2416","Happy Wheels","3619860","107880","9951","5","968","6","0","33.55","Happy Wheels"
"Persona 4: Arena Ultimax","2417","Persona 4: Arena Ultimax","3614760","161760","590","5","185","6","0","22.35","Persona 4: Arena Ultimax"
"Wario Land 4","2418","Wario Land 4","3613260","58440","7724","3","165","6","0","61.83","Wario Land 4"
"The Scroll of Taiwu","2419","The Scroll of Taiwu","3613200","85440","871","3","63","6","0","42.29","The Scroll of Taiwu"
"Ninja Gaiden II","2420","Ninja Gaiden II","3609600","249840","13749","9","443","6","0","14.45","Ninja Gaiden II"
"Prince of Persia","2421","Prince of Persia","3608700","163140","7895","5","499","6","0","22.12","Prince of Persia"
"JoJo's Bizarre Adventure","2422","JoJo's Bizarre Adventure","3605400","190080","12029","6","702","6","0","18.97","JoJo's Bizarre Adventure"
"Bomber Crew","2423","Bomber Crew","3598380","256680","1762","7","1211","6","0","14.02","Bomber Crew"
"1000 Days to Escape","2424","1000 Days to Escape","3596820","10920","14447","3","81","6","0","329.38","1000 Days to Escape"
"Reiko's Fragments","2425","Reiko's Fragments","3594840","19020","18390","6","171","6","0","189","Reiko's Fragments"
"Fate Hunters","2426","Fate Hunters","3591240","76740","4344","4","241","6","0","46.8","Fate Hunters"
"Mortal Kombat: Shaolin Monks","2427","Mortal Kombat: Shaolin Monks","3588240","89460","12036","4","275","6","0","40.11","Mortal Kombat: Shaolin Monks"
"SCP: Unity","2428","SCP: Unity","3587700","62220","5768","4","461","6","0","57.66","SCP: Unity"
"ArcheAge: Unchained","2429","ArcheAge: Unchained","3587460","374760","5343","34","1035","6","0","9.57","ArcheAge: Unchained"
"Project Resistance","2430","Project Resistance","3587160","90540","8087","47","503","6","0","39.62","Project Resistance"
"Mist Survival","2431","Mist Survival","3580920","541620","470","16","1311","6","1","6.61","Mist Survival"
"Kao the Kangaroo Round 2","2432","Kao the Kangaroo Round 2","3574860","121500","4129","22","715","6","0","29.42","Kao the Kangaroo Round 2"
"FIFA Manager 13","2433","FIFA Manager 13","3571620","34080","891","3","71","6","0","104.8","FIFA Manager 13"
"Slither","2434","Slither","3570120","110400","5449","4","802","6","0","32.34","Slither"
"Dino Crisis 2","2435","Dino Crisis 2","3569220","129300","1262","5","416","6","0","27.6","Dino Crisis 2"
"Drunken Wrestlers 2","2436","Drunken Wrestlers 2","3564480","116820","8103","10","1085","6","0","30.51","Drunken Wrestlers 2"
"Jurassic Park","2437","Jurassic Park","3558660","66900","43577","4","264","6","0","53.19","Jurassic Park"
"Radiant One","2438","Radiant One","3553860","6360","14468","2","53","6","0","558.78","Radiant One"
"Chronicon","2439","Chronicon","3553320","126540","1176","13","271","6","0","28.08","Chronicon"
"Music Soul","2440","Music Soul","3552540","39840","893","4","99","6","0","89.17","Music Soul"
"Tower of Saviors","2441","Tower of Saviors","3546360","195660","6394","11","250","6","0","18.13","Tower of Saviors"
"Sinner: Sacrifice for Redemption","2442","Sinner: Sacrifice for Redemption","3540420","184200","7130","8","993","6","0","19.22","Sinner: Sacrifice for Redemption"
"Blaster Master Zero 2","2443","Blaster Master Zero 2","3536640","69720","5540","7","154","6","0","50.73","Blaster Master Zero 2"
"Batman: The Enemy Within - The Telltale Series","2444","Batman: The Enemy Within - The Telltale Series","3529260","315720","721","6","837","6","0","11.18","Batman: The Enemy Within - The Telltale Series"
"Worms Ultimate Mayhem","2445","Worms Ultimate Mayhem","3528300","71220","6651","4","422","6","0","49.54","Worms Ultimate Mayhem"
"Dragon's Crown","2446","Dragon's Crown","3525000","146820","5117","5","329","6","0","24.01","Dragon's Crown"
"Don't Forget Our Esports Dream","2447","Don't Forget Our Esports Dream","3523020","5220","9206","2","20","6","0","674.91","Don't Forget Our Esports Dream"
"Hardcore Mecha","2448","Hardcore Mecha","3520560","104580","4891","19","382","6","0","33.66","Hardcore Mecha"
"Madness","2449","Madness","3518820","3780","4210","2","12","6","0","930.9","Madness"
"Phoenix Wright: Ace Attorney - Justice For All","2450","Phoenix Wright: Ace Attorney - Justice For All","3517980","123840","1695","4","141","6","0","28.41","Phoenix Wright: Ace Attorney - Justice For All"
"WWF SmackDown! 2: Know Your Role","2451","WWF SmackDown! 2: Know Your Role","3515520","17580","14909","2","66","6","0","199.97","WWF SmackDown! 2: Know Your Role"
"Still There","2452","Still There","3513720","16800","27699","6","76","6","0","209.15","Still There"
"The 13th Doll","2453","The 13th Doll","3513540","25140","5831","10","65","6","0","139.76","The 13th Doll"
"Family Feud","2454","Family Feud","3513420","19740","5016","2","96","6","0","177.98","Family Feud"
"Flash","2455","Flash","3511920","138540","90058","4","283","6","0","25.35","Flash"
"Star Wars: Galaxies - An Empire Divided","2456","Star Wars: Galaxies - An Empire Divided","3510600","450900","569","7","479","6","0","7.79","Star Wars: Galaxies - An Empire Divided"
"Fire Emblem: Path of Radiance","2457","Fire Emblem: Path of Radiance","3509640","522060","1194","12","762","6","0","6.72","Fire Emblem: Path of Radiance"
"Extraordinary Ones","2458","Extraordinary Ones","3499920","304260","8868","10","231","6","0","11.5","Extraordinary Ones"
"Thea 2: The Shattering","2459","Thea 2: The Shattering","3497160","216900","2691","8","216","6","0","16.12","Thea 2: The Shattering"
"Reality","2460","Reality","3487080","467700","1597","5","197","6","0","7.46","Reality"
"Princess Maker 2","2461","Princess Maker 2","3482100","105420","2853","4","350","6","0","33.03","Princess Maker 2"
"Minoria","2462","Minoria","3477060","151980","4835","26","561","6","0","22.88","Minoria"
"Lovers in a Dangerous Spacetime","2463","Lovers in a Dangerous Spacetime","3475080","107280","10306","6","694","6","0","32.39","Lovers in a Dangerous Spacetime"
"Far Cry 3: Blood Dragon","2464","Far Cry 3: Blood Dragon","3468840","201900","12718","6","1014","6","0","17.18","Far Cry 3: Blood Dragon"
"Ghosts 'N Goblins","2465","Ghosts 'N Goblins","3467700","46500","6056","3","170","6","0","74.57","Ghosts 'N Goblins"
"Dragon Quest Monsters: Joker","2466","Dragon Quest Monsters: Joker","3460740","22380","13760","3","49","6","0","154.64","Dragon Quest Monsters: Joker"
"Mega Man 6","2467","Mega Man 6","3456300","111960","9069","5","226","6","0","30.87","Mega Man 6"
"The Hunter","2468","The Hunter","3454680","677100","324","11","1096","6","1","5.1","The Hunter"
"Golden Sun","2469","Golden Sun","3451800","344580","768","6","557","6","0","10.02","Golden Sun"
"S4 League","2470","S4 League","3448620","638940","826","11","919","6","1","5.4","S4 League"
"Yooka-Laylee","2471","Yooka-Laylee","3444780","525120","9993","8","1901","6","0","6.56","Yooka-Laylee"
"The X-Files: Resist or Serve","2472","The X-Files: Resist or Serve","3441300","13680","5510","2","24","6","0","251.56","The X-Files: Resist or Serve"
"Paper Dolls: Original","2473","Paper Dolls: Original","3439920","31800","12483","3","176","6","0","108.17","Paper Dolls: Original"
"Burning Daylight","2474","Burning Daylight","3438600","49920","26355","6","588","6","0","68.88","Burning Daylight"
"Ratchet & Clank Collection","2475","Ratchet & Clank Collection","3436920","214860","5459","5","290","6","0","16","Ratchet & Clank Collection"
"Serious Sam 3: BFE","2476","Serious Sam 3: BFE","3434700","281640","19266","16","1249","6","0","12.2","Serious Sam 3: BFE"
"SpellForce 3: Soul Harvest","2477","SpellForce 3: Soul Harvest","3434640","93120","2377","14","233","6","0","36.88","SpellForce 3: Soul Harvest"
"The Legend of Heroes: Trails in the Sky SC","2478","The Legend of Heroes: Trails in the Sky SC","3433800","326100","846","6","171","6","0","10.53","The Legend of Heroes: Trails in the Sky SC"
"Romance of the Three Kingdoms XI","2479","Romance of the Three Kingdoms XI","3432720","51900","3996","2","59","6","0","66.14","Romance of the Three Kingdoms XI"
"FIFA Soccer 97","2480","FIFA Soccer 97","3431880","18900","3269","3","14","6","0","181.58","FIFA Soccer 97"
"Full Metal Furies","2481","Full Metal Furies","3430800","220440","6036","9","839","6","0","15.56","Full Metal Furies"
"F.E.A.R. 2: Project Origin","2482","F.E.A.R. 2: Project Origin","3430440","284400","946","7","1026","6","0","12.06","F.E.A.R. 2: Project Origin"
"Tony Hawk's American Wasteland","2483","Tony Hawk's American Wasteland","3426780","86760","16242","5","343","6","0","39.5","Tony Hawk's American Wasteland"
"Mortal Kombat Trilogy","2484","Mortal Kombat Trilogy","3424200","52920","13363","3","154","6","0","64.71","Mortal Kombat Trilogy"
"Cards Against Humanity","2485","Cards Against Humanity","3421980","460800","1533","50","4088","6","0","7.43","Cards Against Humanity"
"Lords of the Fallen","2486","Lords of the Fallen","3421800","536280","2881","10","2039","6","1","6.38","Lords of the Fallen"
"Project Warlock","2487","Project Warlock","3421260","116640","4802","4","462","6","0","29.33","Project Warlock"
"Dollhouse","2488","Dollhouse","3419760","66120","21794","7","503","6","0","51.72","Dollhouse"
"Surgeon Simulator: Experience Reality","2489","Surgeon Simulator: Experience Reality","3411240","98700","16269","4","907","6","0","34.56","Surgeon Simulator: Experience Reality"
"The Elder Scrolls: Blades","2490","The Elder Scrolls: Blades","3410520","86700","19929","12","395","6","0","39.34","The Elder Scrolls: Blades"
"Metal Gear Solid 2: Substance","2491","Metal Gear Solid 2: Substance","3408300","150780","3372","4","356","6","0","22.6","Metal Gear Solid 2: Substance"
"Turok: Dinosaur Hunter","2492","Turok: Dinosaur Hunter","3405120","102720","1649","6","329","6","0","33.15","Turok: Dinosaur Hunter"
"Aero the Acro-Bat 2","2493","Aero the Acro-Bat 2","3403800","5820","74960","9","24","6","0","584.85","Aero the Acro-Bat 2"
"Helldivers","2494","Helldivers","3401940","375120","6727","12","1764","6","0","9.07","Helldivers"
"Fantasy Blacksmith","2495","Fantasy Blacksmith","3400140","66180","2942","6","342","6","0","51.38","Fantasy Blacksmith"
"Griftlands","2496","Griftlands","3397020","96480","17700","11","283","6","0","35.21","Griftlands"
"The Joy of Creation","2497","The Joy of Creation","3395160","152940","15916","5","1000","6","0","22.2","The Joy of Creation"
"TAPSONIC BOLD","2498","TAPSONIC BOLD","3393900","193800","2657","7","806","6","0","17.51","TAPSONIC BOLD"
"Urban Yeti!","2499","Urban Yeti!","3393900","1140","82686","7","11","6","0","2977.11","Urban Yeti!"
"Rule of Rose","2500","Rule of Rose","3388860","105840","3616","4","232","6","0","32.02","Rule of Rose"