"","","Game","Watch time","Stream time","Peak viewers","Peak channels","Streamers","Average viewers","Average channels","Average viewer ratio",""
"Lornsword Winter Chronicle","10401","Lornsword Winter Chronicle","86340","3660","339","2","16","0","0","23.59","Lornsword Winter Chronicle"
"Where in Time is Carmen Sandiego?","10402","Where in Time is Carmen Sandiego?","86340","4020","668","1","17","0","0","21.48","Where in Time is Carmen Sandiego?"
"Killer Frequency","10403","Killer Frequency","86220","2340","643","2","21","0","0","36.85","Killer Frequency"
"Infested Planet","10404","Infested Planet","86220","14520","116","2","53","0","0","5.94","Infested Planet"
"Badlands","10405","Badlands","86160","1140","1425","1","7","0","0","75.58","Badlands"
"Awsome Metal Detecting","10406","Awsome Metal Detecting","86160","720","415","1","2","0","0","119.67","Awsome Metal Detecting"
"NHL 2K10","10407","NHL 2K10","86100","2400","309","1","6","0","0","35.88","NHL 2K10"
"Pink Hour","10408","Pink Hour","86100","1800","703","1","18","0","0","47.83","Pink Hour"
"The Golf Club","10409","The Golf Club","86040","41040","227","3","172","0","0","2.1","The Golf Club"
"Serena","10410","Serena","86040","17160","198","2","163","0","0","5.01","Serena"
"Grim Legends 3: The Dark City","10411","Grim Legends 3: The Dark City","86040","14580","52","2","46","0","0","5.9","Grim Legends 3: The Dark City"
"Egypt Old Kingdom","10412","Egypt Old Kingdom","86040","6180","216","2","27","0","0","13.92","Egypt Old Kingdom"
"Direct","10413","Direct","85980","12420","649","10","30","0","0","6.92","Direct"
"Super Mario Maker for Nintendo 3DS","10414","Super Mario Maker for Nintendo 3DS","85980","5100","187","1","26","0","0","16.86","Super Mario Maker for Nintendo 3DS"
"Florensia","10415","Florensia","85980","28920","139","3","60","0","0","2.97","Florensia"
"Disc Golf","10416","Disc Golf","85980","15060","515","2","17","0","0","5.71","Disc Golf"
"Summer Pockets","10417","Summer Pockets","85920","22020","265","2","20","0","0","3.9","Summer Pockets"
"klocki","10418","klocki","85860","5160","401","1","54","0","0","16.64","klocki"
"Bleach: Soul Carnival","10419","Bleach: Soul Carnival","85860","540","351","1","2","0","0","159","Bleach: Soul Carnival"
"Luna Online","10420","Luna Online","85860","19140","101","4","37","0","0","4.49","Luna Online"
"Juke Box","10421","Juke Box","85800","1140","185","1","5","0","0","75.26","Juke Box"
"Pantsu Hunter: Back to the 90s","10422","Pantsu Hunter: Back to the 90s","85740","10260","392","3","51","0","0","8.36","Pantsu Hunter: Back to the 90s"
"Happy Holidays: Halloween","10423","Happy Holidays: Halloween","85740","1500","106","1","1","0","0","57.16","Happy Holidays: Halloween"
"F1 World Championship Edition","10424","F1 World Championship Edition","85620","20100","181","2","5","0","0","4.26","F1 World Championship Edition"
"Kunio-Kun: The World Classics","10425","Kunio-Kun: The World Classics","85620","7260","589","1","26","0","0","11.79","Kunio-Kun: The World Classics"
"Wangan Midnight Maximum Tune 6","10426","Wangan Midnight Maximum Tune 6","85620","3660","1279","1","10","0","0","23.39","Wangan Midnight Maximum Tune 6"
"Indiana Jones and the Last Crusade: The Action Game","10427","Indiana Jones and the Last Crusade: The Action Game","85620","2940","1298","1","13","0","0","29.12","Indiana Jones and the Last Crusade: The Action Game"
"Street Legal Racing: Redline","10428","Street Legal Racing: Redline","85560","35220","382","3","153","0","0","2.43","Street Legal Racing: Redline"
"Suikoden Tactics","10429","Suikoden Tactics","85500","16620","29","3","15","0","0","5.14","Suikoden Tactics"
"RAID: World War II","10430","RAID: World War II","85500","13920","935","2","59","0","0","6.14","RAID: World War II"
"Nebula Realms","10431","Nebula Realms","85440","75600","16","3","257","0","0","1.13","Nebula Realms"
"Xeodrifter","10432","Xeodrifter","85440","9840","260","2","71","0","0","8.68","Xeodrifter"
"Wonder Boy III: The Dragon's Trap","10433","Wonder Boy III: The Dragon's Trap","85440","10680","222","2","52","0","0","8","Wonder Boy III: The Dragon's Trap"
"Quadrilateral Cowboy","10434","Quadrilateral Cowboy","85440","9780","314","2","46","0","0","8.74","Quadrilateral Cowboy"
"Sportsball","10435","Sportsball","85380","5040","461","2","12","0","0","16.94","Sportsball"
"Captain America: Super Soldier","10436","Captain America: Super Soldier","85320","6720","311","2","20","0","0","12.7","Captain America: Super Soldier"
"Stronghold 3","10437","Stronghold 3","85320","17940","299","2","75","0","0","4.76","Stronghold 3"
"Deathsmiles","10438","Deathsmiles","85260","22500","89","3","93","0","0","3.79","Deathsmiles"
"Alone?","10439","Alone?","85260","2220","654","1","18","0","0","38.41","Alone?"
"Cayne: A Stasis Story","10440","Cayne: A Stasis Story","85260","13860","232","4","71","0","0","6.15","Cayne: A Stasis Story"
"The Chemist","10441","The Chemist","85200","4260","644","1","22","0","0","20","The Chemist"
"Train Mechanic Simulator 2017","10442","Train Mechanic Simulator 2017","85140","16020","86","2","76","0","0","5.31","Train Mechanic Simulator 2017"
"Fury","10443","Fury","85140","14940","408","4","75","0","0","5.7","Fury"
"Little King's Story","10444","Little King's Story","85080","26940","107","2","52","0","0","3.16","Little King's Story"
"Atelier Iris 3: Grand Phantasm","10445","Atelier Iris 3: Grand Phantasm","85080","19440","72","1","10","0","0","4.38","Atelier Iris 3: Grand Phantasm"
"Red Comrades 3: Return of Alaska. Reloaded","10446","Red Comrades 3: Return of Alaska. Reloaded","85020","8640","92","2","25","0","0","9.84","Red Comrades 3: Return of Alaska. Reloaded"
"Dance Dance Revolution EXTREME 2","10447","Dance Dance Revolution EXTREME 2","85020","5760","348","1","29","0","0","14.76","Dance Dance Revolution EXTREME 2"
"Remote Control","10448","Remote Control","85020","2700","60","2","6","0","0","31.49","Remote Control"
"Wild Guns Reloaded","10449","Wild Guns Reloaded","85020","23580","74","2","107","0","0","3.61","Wild Guns Reloaded"
"Supercross 2000","10450","Supercross 2000","84960","1200","329","1","6","0","0","70.8","Supercross 2000"
"Treasure Adventure World","10451","Treasure Adventure World","84960","16560","38","1","33","0","0","5.13","Treasure Adventure World"
"Romance Detective","10452","Romance Detective","84960","1320","491","1","10","0","0","64.36","Romance Detective"
"Sin & Punishment:  Star Successor","10453","Sin & Punishment:  Star Successor","84900","13620","193","2","32","0","0","6.23","Sin & Punishment:  Star Successor"
"UEFA Champions League 1996/97","10454","UEFA Champions League 1996/97","84840","540","1518","2","6","0","0","157.11","UEFA Champions League 1996/97"
"Super Bike","10455","Super Bike","84840","300","491","1","2","0","0","282.8","Super Bike"
"Reverie","10456","Reverie","84840","10380","85","1","39","0","0","8.17","Reverie"
"Hakoniwa Explorer Plus","10457","Hakoniwa Explorer Plus","84660","10380","265","2","46","0","0","8.16","Hakoniwa Explorer Plus"
"Shadow Dancer: The Secret of Shinobi","10458","Shadow Dancer: The Secret of Shinobi","84660","7440","532","4","39","0","0","11.38","Shadow Dancer: The Secret of Shinobi"
"M.C. Kids","10459","M.C. Kids","84600","9660","246","2","32","0","0","8.76","M.C. Kids"
"Curve Fever","10460","Curve Fever","84540","6360","504","2","77","0","0","13.29","Curve Fever"
"Lethal Weapon","10461","Lethal Weapon","84540","900","303","1","5","0","0","93.93","Lethal Weapon"
"Little Samson","10462","Little Samson","84480","7020","254","2","33","0","0","12.03","Little Samson"
"Toukiden Kiwami","10463","Toukiden Kiwami","84480","30960","164","2","113","0","0","2.73","Toukiden Kiwami"
"Rain","10464","Rain","84480","9300","50","1","35","0","0","9.08","Rain"
"Cultris II","10465","Cultris II","84420","25860","155","2","81","0","0","3.26","Cultris II"
"Cyber Troopers Virtual-On Marz","10466","Cyber Troopers Virtual-On Marz","84360","2880","776","1","3","0","0","29.29","Cyber Troopers Virtual-On Marz"
"Blobby Online","10467","Blobby Online","84300","540","422","1","6","0","0","156.11","Blobby Online"
"Warzone 2100","10468","Warzone 2100","84300","25620","179","3","78","0","0","3.29","Warzone 2100"
"Natsuki Chronicle","10469","Natsuki Chronicle","84240","2340","314","2","10","0","0","36","Natsuki Chronicle"
"Multiplay","10470","Multiplay","84240","50940","58","3","159","0","0","1.65","Multiplay"
"EmergeNYC","10471","EmergeNYC","84240","28620","112","2","130","0","0","2.94","EmergeNYC"
"Rift Keeper","10472","Rift Keeper","84180","7740","267","2","46","0","0","10.88","Rift Keeper"
"The King of Fighters-i 002","10473","The King of Fighters-i 002","84180","360","1405","1","4","0","0","233.83","The King of Fighters-i 002"
"Marble Drop","10474","Marble Drop","84120","840","381","1","7","0","0","100.14","Marble Drop"
"Mystery Case Files: The Black Veil","10475","Mystery Case Files: The Black Veil","84060","660","299","1","3","0","0","127.36","Mystery Case Files: The Black Veil"
"Nobunaga's Ambition: Sphere of Influence - Ascension","10476","Nobunaga's Ambition: Sphere of Influence - Ascension","84060","15240","83","2","47","0","0","5.52","Nobunaga's Ambition: Sphere of Influence - Ascension"
"Giana Sisters: Twisted Dreams","10477","Giana Sisters: Twisted Dreams","84060","25380","32","2","120","0","0","3.31","Giana Sisters: Twisted Dreams"
"Interstellar Marines","10478","Interstellar Marines","83940","12480","753","3","61","0","0","6.73","Interstellar Marines"
"Stray Cat Crossing","10479","Stray Cat Crossing","83940","11460","107","2","44","0","0","7.32","Stray Cat Crossing"
"Nancy Drew: The Haunted Carousel","10480","Nancy Drew: The Haunted Carousel","83880","15240","42","2","48","0","0","5.5","Nancy Drew: The Haunted Carousel"
"Distant Worlds: Universe","10481","Distant Worlds: Universe","83820","12840","118","1","33","0","0","6.53","Distant Worlds: Universe"
"Gujian 3","10482","Gujian 3","83760","13080","53","4","25","0","0","6.4","Gujian 3"
"It's About The Journey","10483","It's About The Journey","83760","1440","388","1","3","0","0","58.17","It's About The Journey"
"Valis: The Fantasm Soldier","10484","Valis: The Fantasm Soldier","83760","1980","145","1","9","0","0","42.3","Valis: The Fantasm Soldier"
"New Retro Arcade: Neon","10485","New Retro Arcade: Neon","83700","13860","171","2","23","0","0","6.04","New Retro Arcade: Neon"
"Root Letter","10486","Root Letter","83640","14580","115","1","23","0","0","5.74","Root Letter"
"Farming Simulator","10487","Farming Simulator","83640","10500","274","1","58","0","0","7.97","Farming Simulator"
"Densha de Go! Pocket","10488","Densha de Go! Pocket","83640","1380","122","1","3","0","0","60.61","Densha de Go! Pocket"
"Isaac the Adventurer","10489","Isaac the Adventurer","83580","15840","255","2","100","0","0","5.28","Isaac the Adventurer"
"Wooden Battles","10490","Wooden Battles","83580","840","413","1","6","0","0","99.5","Wooden Battles"
"Joe's Diner","10491","Joe's Diner","83520","3120","221","1","22","0","0","26.77","Joe's Diner"
"Wizardry V: Heart of the Maelstrom","10492","Wizardry V: Heart of the Maelstrom","83520","8940","90","1","8","0","0","9.34","Wizardry V: Heart of the Maelstrom"
"Scribblenauts","10493","Scribblenauts","83520","6900","463","2","45","0","0","12.1","Scribblenauts"
"Super Life (RPG)","10494","Super Life (RPG)","83460","16020","130","3","54","0","0","5.21","Super Life (RPG)"
"RPG Jinsei Game","10495","RPG Jinsei Game","83400","7080","458","1","13","0","0","11.78","RPG Jinsei Game"
"The White Labratory","10496","The White Labratory","83340","3000","261","1","11","0","0","27.78","The White Labratory"
"Hidden Object Bundle 5 in 1","10497","Hidden Object Bundle 5 in 1","83340","6060","163","2","12","0","0","13.75","Hidden Object Bundle 5 in 1"
"Worms: Battle Islands","10498","Worms: Battle Islands","83340","2640","70","1","5","0","0","31.57","Worms: Battle Islands"
"Alienation","10499","Alienation","83280","28740","245","2","476","0","0","2.9","Alienation"
"Sega Rally Championship","10500","Sega Rally Championship","83280","8100","80","2","42","0","0","10.28","Sega Rally Championship"