"","","Game","Watch time","Stream time","Peak viewers","Peak channels","Streamers","Average viewers","Average channels","Average viewer ratio",""
"Star Wars Episode I","5001","Star Wars Episode I","752820","4500","6874","2","31","1","0","167.29","Star Wars Episode I"
"Rockman","5002","Rockman","752580","23400","1837","2","80","1","0","32.16","Rockman"
"Harry Potter and the Deathly Hallows: Part 2","5003","Harry Potter and the Deathly Hallows: Part 2","751980","27240","4812","3","72","1","0","27.61","Harry Potter and the Deathly Hallows: Part 2"
"Commodore","5004","Commodore","751800","51240","70","3","48","1","0","14.67","Commodore"
"Tetris The Grand Master 3: Terror Instinct","5005","Tetris The Grand Master 3: Terror Instinct","751380","78960","14126","5","94","1","0","9.52","Tetris The Grand Master 3: Terror Instinct"
"Ninja Smasher!","5006","Ninja Smasher!","750960","1260","10834","4","10","1","0","596","Ninja Smasher!"
"Eldervale","5007","Eldervale","750900","10020","4165","3","34","1","0","74.94","Eldervale"
"Battle Ground","5008","Battle Ground","750720","436920","436","13","1482","1","0","1.72","Battle Ground"
"Age of Empires Online","5009","Age of Empires Online","750000","162360","116","4","165","1","0","4.62","Age of Empires Online"
"The Mummy","5010","The Mummy","749880","3240","1593","1","13","1","0","231.44","The Mummy"
"The King of Fighters '98: Ultimate Match Online","5011","The King of Fighters '98: Ultimate Match Online","749880","63360","4937","3","122","1","0","11.84","The King of Fighters '98: Ultimate Match Online"
"Second Galaxy","5012","Second Galaxy","749820","115500","342","8","192","1","0","6.49","Second Galaxy"
"Sekaiju no Meikyū X","5013","Sekaiju no Meikyū X","749220","61080","207","4","23","1","0","12.27","Sekaiju no Meikyū X"
"Pro Cycling Manager 2018","5014","Pro Cycling Manager 2018","749100","56160","2965","5","133","1","0","13.34","Pro Cycling Manager 2018"
"Reign Of Kings","5015","Reign Of Kings","748560","89640","6884","5","310","1","0","8.35","Reign Of Kings"
"The Experiment","5016","The Experiment","748320","29760","1894","5","170","1","0","25.15","The Experiment"
"Star Traders: Frontiers","5017","Star Traders: Frontiers","747960","72780","372","3","123","1","0","10.28","Star Traders: Frontiers"
"A Mortician's Tale","5018","A Mortician's Tale","746700","2580","11227","1","18","1","0","289.42","A Mortician's Tale"
"God of War Saga","5019","God of War Saga","746580","51060","727","3","117","1","0","14.62","God of War Saga"
"Disassembly VR","5020","Disassembly VR","746520","2040","3779","1","10","1","0","365.94","Disassembly VR"
"Shrek","5021","Shrek","744660","11520","1543","2","60","1","0","64.64","Shrek"
"Xenosaga: Episode III - Also Sprach Zarathustra","5022","Xenosaga: Episode III - Also Sprach Zarathustra","744660","75060","986","3","52","1","0","9.92","Xenosaga: Episode III - Also Sprach Zarathustra"
"Baten Kaitos: Eternal Wings and the Lost Ocean","5023","Baten Kaitos: Eternal Wings and the Lost Ocean","744240","122160","1216","4","122","1","0","6.09","Baten Kaitos: Eternal Wings and the Lost Ocean"
"The Works of Mercy","5024","The Works of Mercy","742860","7620","5344","2","51","1","0","97.49","The Works of Mercy"
"Ultratron","5025","Ultratron","742800","4260","6204","1","33","1","0","174.37","Ultratron"
"Fire Emblem Warriors","5026","Fire Emblem Warriors","742740","149340","687","4","442","1","0","4.97","Fire Emblem Warriors"
"Bunker Punks","5027","Bunker Punks","742680","6780","912","4","46","1","0","109.54","Bunker Punks"
"Westworld Awakening","5028","Westworld Awakening","742560","8100","5120","2","28","1","0","91.67","Westworld Awakening"
"Arena of Evolution: Red Tides","5029","Arena of Evolution: Red Tides","742320","87180","4598","6","121","1","0","8.51","Arena of Evolution: Red Tides"
"Beyond Good & Evil 2","5030","Beyond Good & Evil 2","742260","2280","9672","8","15","1","0","325.55","Beyond Good & Evil 2"
"Academia: School Simulator","5031","Academia: School Simulator","742080","45360","966","2","174","1","0","16.36","Academia: School Simulator"
"NASCAR Racing 2003 Season","5032","NASCAR Racing 2003 Season","741960","192060","134","8","184","1","0","3.86","NASCAR Racing 2003 Season"
"Bust-A-Move 2: Arcade Edition","5033","Bust-A-Move 2: Arcade Edition","740940","9660","9959","2","43","1","0","76.7","Bust-A-Move 2: Arcade Edition"
"Mickey Mania","5034","Mickey Mania","740820","18000","2612","2","85","1","0","41.16","Mickey Mania"
"Devolver Bootleg","5035","Devolver Bootleg","740520","19980","11072","7","199","1","0","37.06","Devolver Bootleg"
"Shadowrun Returns","5036","Shadowrun Returns","740460","190800","114","4","515","1","0","3.88","Shadowrun Returns"
"Vaccine","5037","Vaccine","740340","2400","6297","1","15","1","0","308.48","Vaccine"
"Crashday Redline Edition","5038","Crashday Redline Edition","740280","13140","3879","2","53","1","0","56.34","Crashday Redline Edition"
"West of Dead","5039","West of Dead","740040","60","12334","1","1","1","0","12334","West of Dead"
"PBA Pro Bowling","5040","PBA Pro Bowling","739980","42360","4314","7","128","1","0","17.47","PBA Pro Bowling"
"The Bard's Tale Trilogy","5041","The Bard's Tale Trilogy","739740","31440","783","4","116","1","0","23.53","The Bard's Tale Trilogy"
"Clatter","5042","Clatter","739440","3360","12216","1","26","1","0","220.07","Clatter"
"Ulala: Idle Adventure","5043","Ulala: Idle Adventure","739380","81720","1755","5","113","1","0","9.05","Ulala: Idle Adventure"
"Extreme Warfare Revenge","5044","Extreme Warfare Revenge","739140","9060","972","2","24","1","0","81.58","Extreme Warfare Revenge"
"Kingspray Graffiti VR","5045","Kingspray Graffiti VR","738600","96780","584","3","268","1","0","7.63","Kingspray Graffiti VR"
"Super Bowl","5046","Super Bowl","737880","8460","5566","33","111","1","0","87.22","Super Bowl"
"Virtua Fighter 2","5047","Virtua Fighter 2","737760","18180","5583","2","47","1","0","40.58","Virtua Fighter 2"
"Roulette Simulator","5048","Roulette Simulator","737100","2280","12094","1","14","1","0","323.29","Roulette Simulator"
"Wave Race 64","5049","Wave Race 64","737040","98820","1238","6","143","1","0","7.46","Wave Race 64"
"MTV Celebrity Deathmatch","5050","MTV Celebrity Deathmatch","736320","3120","8805","1","22","1","0","236","MTV Celebrity Deathmatch"
"Infectonator 3: Apocalypse","5051","Infectonator 3: Apocalypse","736140","14580","1177","4","68","1","0","50.49","Infectonator 3: Apocalypse"
"Crap Attack","5052","Crap Attack","735780","2640","4146","1","7","1","0","278.7","Crap Attack"
"Feel the Snow","5053","Feel the Snow","735780","68280","5176","4","298","1","0","10.78","Feel the Snow"
"Grow Home","5054","Grow Home","735780","50460","2297","3","315","1","0","14.58","Grow Home"
"Professor Layton and the Unwound Future","5055","Professor Layton and the Unwound Future","735780","42060","401","2","56","1","0","17.49","Professor Layton and the Unwound Future"
"Pachinko","5056","Pachinko","735720","56580","692","4","30","1","0","13","Pachinko"
"BAFL - Brakes Are For Losers","5057","BAFL - Brakes Are For Losers","735600","23700","151","2","5","1","0","31.04","BAFL - Brakes Are For Losers"
"TheNightfall","5058","TheNightfall","735480","20400","1947","2","74","1","0","36.05","TheNightfall"
"Ratz Instagib","5059","Ratz Instagib","734100","30780","7337","3","218","1","0","23.85","Ratz Instagib"
"Tanki X","5060","Tanki X","733920","32160","2595","4","91","1","0","22.82","Tanki X"
"Anew: The Distant Light","5061","Anew: The Distant Light","733440","1440","18627","1","12","1","0","509.33","Anew: The Distant Light"
"Wizardry: Llylgamyn Saga","5062","Wizardry: Llylgamyn Saga","732600","4380","393","1","4","1","0","167.26","Wizardry: Llylgamyn Saga"
"Die Siedler: Das Erbe der Könige (Gold Edition)","5063","Die Siedler: Das Erbe der Könige (Gold Edition)","732240","45300","5913","3","152","1","0","16.16","Die Siedler: Das Erbe der Könige (Gold Edition)"
"4Story","5064","4Story","732060","173460","575","5","244","1","0","4.22","4Story"
"Blood: Fresh Supply","5065","Blood: Fresh Supply","731820","61860","1209","8","242","1","0","11.83","Blood: Fresh Supply"
"Board Game Online","5066","Board Game Online","731280","65880","2167","4","352","1","0","11.1","Board Game Online"
"Atelier Totori: The Adventurer of Arland","5067","Atelier Totori: The Adventurer of Arland","731100","112380","151","4","91","1","0","6.51","Atelier Totori: The Adventurer of Arland"
"Pinstripe","5068","Pinstripe","728520","104760","225","8","490","1","0","6.95","Pinstripe"
"Agents of Mayhem","5069","Agents of Mayhem","728520","254580","162","5","754","1","0","2.86","Agents of Mayhem"
"Shower With Your Dad Simulator 2015: Do You Still Shower With Your Dad?","5070","Shower With Your Dad Simulator 2015: Do You Still Shower With Your Dad?","728280","35340","3235","3","242","1","0","20.61","Shower With Your Dad Simulator 2015: Do You Still Shower With Your Dad?"
"America","5071","America","727860","780","4108","3","7","1","0","933.15","America"
"Cube Escape: The Cave","5072","Cube Escape: The Cave","727620","7020","4423","1","38","1","0","103.65","Cube Escape: The Cave"
"Box","5073","Box","727560","2040","3202","2","13","1","0","356.65","Box"
"Hiking Simulator 2017","5074","Hiking Simulator 2017","726420","1380","5017","2","14","1","0","526.39","Hiking Simulator 2017"
"DayBreak Online","5075","DayBreak Online","726300","18300","5601","4","29","1","0","39.69","DayBreak Online"
"Tennis","5076","Tennis","726240","283740","2324","6","186","1","0","2.56","Tennis"
"103","5077","103","726060","12000","4654","2","88","1","0","60.51","103"
"DmC Devil May Cry: Definitive Edition","5078","DmC Devil May Cry: Definitive Edition","726000","254280","465","8","1795","1","0","2.86","DmC Devil May Cry: Definitive Edition"
"The Vagrant","5079","The Vagrant","725880","118740","373","3","317","1","0","6.11","The Vagrant"
"Gunvolt Chronicles: Luminous Avenger iX","5080","Gunvolt Chronicles: Luminous Avenger iX","725460","91980","1736","15","299","1","0","7.89","Gunvolt Chronicles: Luminous Avenger iX"
"Swords and Souls","5081","Swords and Souls","725400","11520","1676","2","54","1","0","62.97","Swords and Souls"
"Planetbase","5082","Planetbase","725100","203160","763","5","546","1","0","3.57","Planetbase"
"Five Nights at Freddy's 3","5083","Five Nights at Freddy's 3","724860","96180","602","4","752","1","0","7.54","Five Nights at Freddy's 3"
"Day of Defeat: Source","5084","Day of Defeat: Source","724680","220800","474","8","642","1","0","3.28","Day of Defeat: Source"
"Newgrounds Rumble","5085","Newgrounds Rumble","724620","2760","2726","1","15","1","0","262.54","Newgrounds Rumble"
"Condemned 2: Bloodshot","5086","Condemned 2: Bloodshot","724500","22680","510","2","48","1","0","31.94","Condemned 2: Bloodshot"
"VR the Diner Duo","5087","VR the Diner Duo","723900","13260","7167","2","92","1","0","54.59","VR the Diner Duo"
"Ripper","5088","Ripper","723780","4560","4556","1","9","1","0","158.72","Ripper"
"Imperium AO","5089","Imperium AO","723660","62160","806","6","141","1","0","11.64","Imperium AO"
"Quake 4","5090","Quake 4","723300","93300","2420","3","304","1","0","7.75","Quake 4"
"Zombi","5091","Zombi","723000","264900","635","7","1328","1","0","2.73","Zombi"
"AereA","5092","AereA","723000","12780","2050","2","46","1","0","56.57","AereA"
"Red Faction: Guerrilla","5093","Red Faction: Guerrilla","722580","176580","1316","6","732","1","0","4.09","Red Faction: Guerrilla"
"An Elder Scrolls Legend: Battlespire","5094","An Elder Scrolls Legend: Battlespire","722460","3360","411","1","4","1","0","215.02","An Elder Scrolls Legend: Battlespire"
"Driver","5095","Driver","722220","39360","496","3","150","1","0","18.35","Driver"
"Cuckoldry Festival: Former Pro Wrestler Mother Trifled by the Huge Dick of her Son's Friend","5096","Cuckoldry Festival: Former Pro Wrestler Mother Trifled by the Huge Dick of her Son's Friend","722100","1380","24007","3","10","1","0","523.26","Cuckoldry Festival: Former Pro Wrestler Mother Trifled by the Huge Dick of her Son's Friend"
"Hard Truck: Apocalypse","5097","Hard Truck: Apocalypse","721740","37260","5252","3","78","1","0","19.37","Hard Truck: Apocalypse"
"River City Ransom","5098","River City Ransom","721140","29580","5703","3","145","1","0","24.38","River City Ransom"
"Pro Evolution Soccer 5","5099","Pro Evolution Soccer 5","719640","21000","5268","2","45","1","0","34.27","Pro Evolution Soccer 5"
"Mario & Luigi: Partners in Time","5100","Mario & Luigi: Partners in Time","719580","116460","195","4","139","1","0","6.18","Mario & Luigi: Partners in Time"