"","","Game","Watch time","Stream time","Peak viewers","Peak channels","Streamers","Average viewers","Average channels","Average viewer ratio",""
"Need for Drink","9001","Need for Drink","140940","7440","543","2","66","0","0","18.94","Need for Drink"
"Awesome Pea","9002","Awesome Pea","140820","16200","516","4","122","0","0","8.69","Awesome Pea"
"Will: A Wonderful World","9003","Will: A Wonderful World","140820","28020","104","2","83","0","0","5.03","Will: A Wonderful World"
"Cinema Tycoon 2: Movie Mania","9004","Cinema Tycoon 2: Movie Mania","140820","5580","419","1","26","0","0","25.24","Cinema Tycoon 2: Movie Mania"
"Etrian Odyssey III: The Drowned City","9005","Etrian Odyssey III: The Drowned City","140820","23280","53","2","21","0","0","6.05","Etrian Odyssey III: The Drowned City"
"The Land Before Time: Great Valley Racing Adventure","9006","The Land Before Time: Great Valley Racing Adventure","140760","180","1199","1","2","0","0","782","The Land Before Time: Great Valley Racing Adventure"
"Hot Wheels: Turbo Racing","9007","Hot Wheels: Turbo Racing","140760","2820","995","3","22","0","0","49.91","Hot Wheels: Turbo Racing"
"Front Mission","9008","Front Mission","140640","15360","93","2","29","0","0","9.16","Front Mission"
"Assassin's Creed: Freedom Cry","9009","Assassin's Creed: Freedom Cry","140640","38220","149","2","436","0","0","3.68","Assassin's Creed: Freedom Cry"
"Tekken 2","9010","Tekken 2","140580","12240","532","1","82","0","0","11.49","Tekken 2"
"Shadow of Destiny","9011","Shadow of Destiny","140520","15180","189","2","40","0","0","9.26","Shadow of Destiny"
"Sonic Drift 2","9012","Sonic Drift 2","140460","15480","144","2","33","0","0","9.07","Sonic Drift 2"
"Arkanoid","9013","Arkanoid","140400","12720","1315","2","29","0","0","11.04","Arkanoid"
"Mstar","9014","Mstar","140280","27420","236","2","85","0","0","5.12","Mstar"
"Armored Core 3","9015","Armored Core 3","140160","22140","122","2","53","0","0","6.33","Armored Core 3"
"Gyruss","9016","Gyruss","140160","11040","135","2","10","0","0","12.7","Gyruss"
"Nexus: The Jupiter Incident","9017","Nexus: The Jupiter Incident","140160","10920","192","1","36","0","0","12.84","Nexus: The Jupiter Incident"
"Xuanyuan Jian 3 Waizhuan: Tian zhi Hen","9018","Xuanyuan Jian 3 Waizhuan: Tian zhi Hen","140160","3900","167","1","4","0","0","35.94","Xuanyuan Jian 3 Waizhuan: Tian zhi Hen"
"Nickelodeon Kart Racers","9019","Nickelodeon Kart Racers","140100","24240","581","2","134","0","0","5.78","Nickelodeon Kart Racers"
"TNA iMPACT!","9020","TNA iMPACT!","140040","3480","243","1","8","0","0","40.24","TNA iMPACT!"
"Shadow of Yserbius","9021","Shadow of Yserbius","139980","2400","108","2","5","0","0","58.33","Shadow of Yserbius"
"MU Origin","9022","MU Origin","139920","36060","131","3","88","0","0","3.88","MU Origin"
"Pet the Pup at the Party","9023","Pet the Pup at the Party","139860","5520","250","1","37","0","0","25.34","Pet the Pup at the Party"
"Midair","9024","Midair","139860","58920","23","5","52","0","0","2.37","Midair"
"Murder Miners","9025","Murder Miners","139860","32160","154","3","181","0","0","4.35","Murder Miners"
"Fatal Fury 3: Road to the Final Victory!","9026","Fatal Fury 3: Road to the Final Victory!","139800","6000","1437","1","17","0","0","23.3","Fatal Fury 3: Road to the Final Victory!"
"TrumPiñata","9027","TrumPiñata","139740","3120","2565","1","2","0","0","44.79","TrumPiñata"
"Star Fox 64 3D","9028","Star Fox 64 3D","139740","7800","848","2","49","0","0","17.92","Star Fox 64 3D"
"Dot.","9029","Dot.","139620","19560","119","2","107","0","0","7.14","Dot."
"She Remembered Caterpillars","9030","She Remembered Caterpillars","139500","23400","64","2","122","0","0","5.96","She Remembered Caterpillars"
"Climby","9031","Climby","139500","7920","1310","2","53","0","0","17.61","Climby"
"Take On Mars","9032","Take On Mars","139440","76080","150","3","96","0","0","1.83","Take On Mars"
"Majesty: The Fantasy Kingdom Sim","9033","Majesty: The Fantasy Kingdom Sim","139380","29880","98","3","93","0","0","4.66","Majesty: The Fantasy Kingdom Sim"
"Bubsy In: Fractured Furry Tales","9034","Bubsy In: Fractured Furry Tales","139320","4560","500","4","12","0","0","30.55","Bubsy In: Fractured Furry Tales"
"The Mooseman","9035","The Mooseman","139260","11160","528","3","66","0","0","12.48","The Mooseman"
"beatmaniaIIDX substream","9036","beatmaniaIIDX substream","139260","292860","21","2","4","0","0","0.48","beatmaniaIIDX substream"
"Masters of the Universe: The Movie","9037","Masters of the Universe: The Movie","139260","1800","3770","1","4","0","0","77.37","Masters of the Universe: The Movie"
"Alliance: Heroes of the Spire","9038","Alliance: Heroes of the Spire","139200","7140","47","2","8","0","0","19.5","Alliance: Heroes of the Spire"
"It Moves","9039","It Moves","139140","19200","414","3","159","0","0","7.25","It Moves"
"Top Gear 3000","9040","Top Gear 3000","139140","27180","80","4","31","0","0","5.12","Top Gear 3000"
"Xianjian Qixia Zhuan 3","9041","Xianjian Qixia Zhuan 3","139140","2520","158","2","2","0","0","55.21","Xianjian Qixia Zhuan 3"
"Elo Hell","9042","Elo Hell","139080","3060","479","2","21","0","0","45.45","Elo Hell"
"Fighting Fantasy Legends","9043","Fighting Fantasy Legends","139020","2700","473","1","14","0","0","51.49","Fighting Fantasy Legends"
"Nekopara Vol.0","9044","Nekopara Vol.0","138960","24660","107","2","199","0","0","5.64","Nekopara Vol.0"
"Tales from Candlekeep: Tomb of Annihilation","9045","Tales from Candlekeep: Tomb of Annihilation","138900","21600","208","2","91","0","0","6.43","Tales from Candlekeep: Tomb of Annihilation"
"Hoyeonjigi","9046","Hoyeonjigi","138840","2820","603","1","22","0","0","49.23","Hoyeonjigi"
"PlayStation Home","9047","PlayStation Home","138660","29760","220","3","96","0","0","4.66","PlayStation Home"
"Crimsonland","9048","Crimsonland","138600","29880","378","3","148","0","0","4.64","Crimsonland"
"Pyramid","9049","Pyramid","138480","1320","1956","2","8","0","0","104.91","Pyramid"
"Cologne","9050","Cologne","138420","240","764","1","1","0","0","576.75","Cologne"
"Mario & Sonic at the London 2012 Olympic Games","9051","Mario & Sonic at the London 2012 Olympic Games","138420","7260","1071","2","36","0","0","19.07","Mario & Sonic at the London 2012 Olympic Games"
"Albion","9052","Albion","138420","33120","145","5","156","0","0","4.18","Albion"
"Yogho Yogho spel","9053","Yogho Yogho spel","138360","360","1127","2","4","0","0","384.33","Yogho Yogho spel"
"NBA Jam","9054","NBA Jam","138180","18960","922","2","130","0","0","7.29","NBA Jam"
"Burnout Dominator","9055","Burnout Dominator","138180","6960","269","2","27","0","0","19.85","Burnout Dominator"
"Team","9056","Team","138180","35220","355","4","307","0","0","3.92","Team"
"Equinox","9057","Equinox","138120","9060","370","1","19","0","0","15.25","Equinox"
"Metroid Prime: Hunters","9058","Metroid Prime: Hunters","138120","12600","581","2","31","0","0","10.96","Metroid Prime: Hunters"
"Midnight","9059","Midnight","138120","4560","2147","2","32","0","0","30.29","Midnight"
"Danganronpa Trilogy","9060","Danganronpa Trilogy","138060","4740","420","1","20","0","0","29.13","Danganronpa Trilogy"
"Dragon Quest Monsters 1 & 2","9061","Dragon Quest Monsters 1 & 2","138060","17100","287","2","20","0","0","8.07","Dragon Quest Monsters 1 & 2"
"Sea World: Shamu's Deep Sea Adventures","9062","Sea World: Shamu's Deep Sea Adventures","138060","1140","1540","2","7","0","0","121.11","Sea World: Shamu's Deep Sea Adventures"
"Up","9063","Up","138000","2160","2184","1","12","0","0","63.89","Up"
"Bravely Default: Flying Fairy","9064","Bravely Default: Flying Fairy","138000","19860","93","2","16","0","0","6.95","Bravely Default: Flying Fairy"
"SkiFree","9065","SkiFree","138000","2160","1035","1","16","0","0","63.89","SkiFree"
"Blasto","9066","Blasto","138000","19860","352","4","32","0","0","6.95","Blasto"
"Ultima IV: Quest of the Avatar","9067","Ultima IV: Quest of the Avatar","138000","11340","239","2","22","0","0","12.17","Ultima IV: Quest of the Avatar"
"Cowboy: Attack of Wild Animal","9068","Cowboy: Attack of Wild Animal","137940","60","2589","1","1","0","0","2299","Cowboy: Attack of Wild Animal"
"Trash Panic","9069","Trash Panic","137940","2460","661","1","11","0","0","56.07","Trash Panic"
"Lords of the Realm II","9070","Lords of the Realm II","137940","9960","968","2","32","0","0","13.85","Lords of the Realm II"
"Driv3r","9071","Driv3r","137820","20220","393","3","63","0","0","6.82","Driv3r"
"Post Mortem","9072","Post Mortem","137820","7500","137","2","19","0","0","18.38","Post Mortem"
"Gambler Jiko Chuushinha","9073","Gambler Jiko Chuushinha","137820","660","1239","1","6","0","0","208.82","Gambler Jiko Chuushinha"
"Change","9074","Change","137580","4800","243","1","24","0","0","28.66","Change"
"The Black Watchmen","9075","The Black Watchmen","137520","22440","307","2","83","0","0","6.13","The Black Watchmen"
"Circuits","9076","Circuits","137460","5160","605","2","29","0","0","26.64","Circuits"
"Hardware Engineers","9077","Hardware Engineers","137460","10560","382","3","46","0","0","13.02","Hardware Engineers"
"Metal Revolution","9078","Metal Revolution","137400","11100","444","4","61","0","0","12.38","Metal Revolution"
"Nancy Drew: The Secret of Shadow Ranch","9079","Nancy Drew: The Secret of Shadow Ranch","137400","17640","104","1","52","0","0","7.79","Nancy Drew: The Secret of Shadow Ranch"
"Farming Simulator 2013","9080","Farming Simulator 2013","137340","20880","462","2","79","0","0","6.58","Farming Simulator 2013"
"The Last Door: Complete Edition","9081","The Last Door: Complete Edition","137220","23040","207","3","80","0","0","5.96","The Last Door: Complete Edition"
"Snoopy's Silly Sports Spectacular","9082","Snoopy's Silly Sports Spectacular","137220","2580","1552","1","8","0","0","53.19","Snoopy's Silly Sports Spectacular"
"Space Rangers 2: Reboot","9083","Space Rangers 2: Reboot","137220","7260","133","2","14","0","0","18.9","Space Rangers 2: Reboot"
"Mr. Driller","9084","Mr. Driller","137160","6840","101","2","29","0","0","20.05","Mr. Driller"
"ReWorld Online","9085","ReWorld Online","137100","120","2274","1","2","0","0","1142.5","ReWorld Online"
"BE-A Walker","9086","BE-A Walker","136980","720","844","1","8","0","0","190.25","BE-A Walker"
"TV Sports Basketball","9087","TV Sports Basketball","136980","2580","720","2","12","0","0","53.09","TV Sports Basketball"
"Session Seven","9088","Session Seven","136860","5760","1117","2","25","0","0","23.76","Session Seven"
"Horse World","9089","Horse World","136800","60420","1244","3","7","0","0","2.26","Horse World"
"Spek","9090","Spek","136740","240","1213","1","2","0","0","569.75","Spek"
"DragonBall Fusions","9091","DragonBall Fusions","136680","9360","482","2","34","0","0","14.6","DragonBall Fusions"
"Bubsy: Paws on Fire!","9092","Bubsy: Paws on Fire!","136620","10140","588","4","63","0","0","13.47","Bubsy: Paws on Fire!"
"Sydney Hunter and the Curse of the Mayans","9093","Sydney Hunter and the Curse of the Mayans","136560","6000","255","2","24","0","0","22.76","Sydney Hunter and the Curse of the Mayans"
"Voodoo Vince","9094","Voodoo Vince","136560","42180","115","2","119","0","0","3.24","Voodoo Vince"
"Forest of Drizzling Rain","9095","Forest of Drizzling Rain","136500","3180","540","1","12","0","0","42.92","Forest of Drizzling Rain"
"Dark Quest 2","9096","Dark Quest 2","136500","9420","410","2","39","0","0","14.49","Dark Quest 2"
"Small Radios Big Televisions","9097","Small Radios Big Televisions","136380","992340","126","4","26","0","1","0.14","Small Radios Big Televisions"
"Dragon Ball Z: Super Butoden","9098","Dragon Ball Z: Super Butoden","136380","480","1224","1","5","0","0","284.13","Dragon Ball Z: Super Butoden"
"Hatsune Miku: Project DIVA F","9099","Hatsune Miku: Project DIVA F","136380","48780","62","3","149","0","0","2.8","Hatsune Miku: Project DIVA F"
"Kings of Lorn: The Fall of Ebris","9100","Kings of Lorn: The Fall of Ebris","136320","4260","309","1","20","0","0","32","Kings of Lorn: The Fall of Ebris"