"","","Game","Watch time","Stream time","Peak viewers","Peak channels","Streamers","Average viewers","Average channels","Average viewer ratio",""
"Paratopic","3201","Paratopic","2120520","37680","18608","4","344","4","0","56.28","Paratopic"
"Curse of the Azure Bonds","3202","Curse of the Azure Bonds","2120340","7620","14960","4","12","4","0","278.26","Curse of the Azure Bonds"
"Shiin","3203","Shiin","2120160","46560","1410","3","50","4","0","45.54","Shiin"
"Super Mario 64 DS","3204","Super Mario 64 DS","2119500","151260","4009","5","218","4","0","14.01","Super Mario 64 DS"
"God's Trigger","3205","God's Trigger","2118960","72180","17975","9","369","4","0","29.36","God's Trigger"
"Goodbye Deponia","3206","Goodbye Deponia","2117520","109020","643","5","194","4","0","19.42","Goodbye Deponia"
"Heroes of Might and Magic II: The Price of Loyalty","3207","Heroes of Might and Magic II: The Price of Loyalty","2117280","54840","4658","2","98","4","0","38.61","Heroes of Might and Magic II: The Price of Loyalty"
"RIP","3208","RIP","2115180","840","17246","1","9","4","0","2518.07","RIP"
"Budget Cuts","3209","Budget Cuts","2114940","91620","12812","5","559","4","0","23.08","Budget Cuts"
"The Lion King","3210","The Lion King","2113980","101160","6418","7","433","4","0","20.9","The Lion King"
"Hoshi wo Miru Hito","3211","Hoshi wo Miru Hito","2109720","4980","17579","2","7","4","0","423.64","Hoshi wo Miru Hito"
"Kona","3212","Kona","2109480","144360","888","8","606","4","0","14.61","Kona"
"Dengeki Bunko: Crossing Void","3213","Dengeki Bunko: Crossing Void","2108760","88020","5860","14","224","4","0","23.96","Dengeki Bunko: Crossing Void"
"Everland","3214","Everland","2108580","3000","23980","5","11","4","0","702.86","Everland"
"Spec Ops: The Line","3215","Spec Ops: The Line","2105100","314400","942","6","1488","4","0","6.7","Spec Ops: The Line"
"Command & Conquer: Tiberian Sun","3216","Command & Conquer: Tiberian Sun","2104440","130680","1495","4","182","4","0","16.1","Command & Conquer: Tiberian Sun"
"Ashes of Creation","3217","Ashes of Creation","2103900","68880","2352","25","175","4","0","30.54","Ashes of Creation"
"LAMO: The Game","3218","LAMO: The Game","2100780","4980","32550","8","50","3","0","421.84","LAMO: The Game"
"Nintendo Land","3219","Nintendo Land","2098440","22920","5352","3","129","3","0","91.55","Nintendo Land"
"Eleven: Table Tennis VR","3220","Eleven: Table Tennis VR","2097480","27540","20631","2","143","3","0","76.16","Eleven: Table Tennis VR"
"Blackwake","3221","Blackwake","2095200","254460","2865","11","1429","3","0","8.23","Blackwake"
"Timberman","3222","Timberman","2094840","23880","28498","4","192","3","0","87.72","Timberman"
"Might and Magic VII: For Blood and Honor","3223","Might and Magic VII: For Blood and Honor","2094480","109680","2485","4","119","3","0","19.1","Might and Magic VII: For Blood and Honor"
"Road Redemption","3224","Road Redemption","2093940","179760","7649","8","1039","3","0","11.65","Road Redemption"
"Tom Clancy's Rainbow Six","3225","Tom Clancy's Rainbow Six","2092260","551700","3759","20","4005","3","1","3.79","Tom Clancy's Rainbow Six"
"Tekken 7: Fated Retribution","3226","Tekken 7: Fated Retribution","2090340","95160","3144","4","290","3","0","21.97","Tekken 7: Fated Retribution"
"Sailor Moon S","3227","Sailor Moon S","2089800","7080","5869","2","40","3","0","295.17","Sailor Moon S"
"Human Rocket Person","3228","Human Rocket Person","2088960","16860","4803","4","74","3","0","123.9","Human Rocket Person"
"Soulfire","3229","Soulfire","2085660","14760","12345","3","52","3","0","141.3","Soulfire"
"ChatChat","3230","ChatChat","2085180","494700","8419","8","3229","3","0","4.22","ChatChat"
"Maximum Action","3231","Maximum Action","2084400","40800","13142","4","343","3","0","51.09","Maximum Action"
"Ultima IX: Ascension","3232","Ultima IX: Ascension","2084220","12660","16741","5","23","3","0","164.63","Ultima IX: Ascension"
"Digimon ReArise","3233","Digimon ReArise","2083320","113460","967","11","198","3","0","18.36","Digimon ReArise"
"Lockheed Martin: Prepar3D","3234","Lockheed Martin: Prepar3D","2079840","966600","1714","13","796","3","1","2.15","Lockheed Martin: Prepar3D"
"Breath of Fire II","3235","Breath of Fire II","2077380","171960","759","5","130","3","0","12.08","Breath of Fire II"
"Phantasy Star","3236","Phantasy Star","2076300","54420","14007","4","107","3","0","38.15","Phantasy Star"
"Kingdom Hearts HD 1.5 + 2.5 Remix","3237","Kingdom Hearts HD 1.5 + 2.5 Remix","2074260","228000","558","9","19510","3","0","9.1","Kingdom Hearts HD 1.5 + 2.5 Remix"
"Impulsion","3238","Impulsion","2072940","10080","15916","4","54","3","0","205.65","Impulsion"
"The Suffering:  Ties That Bind","3239","The Suffering:  Ties That Bind","2072760","26040","2987","2","68","3","0","79.6","The Suffering:  Ties That Bind"
"Shadow the Hedgehog","3240","Shadow the Hedgehog","2069940","181200","3550","5","460","3","0","11.42","Shadow the Hedgehog"
"The Last Door: Season 2","3241","The Last Door: Season 2","2069880","35400","6974","2","90","3","0","58.47","The Last Door: Season 2"
"Railroad Corporation","3242","Railroad Corporation","2069880","53940","1345","8","119","3","0","38.37","Railroad Corporation"
"Seal Online","3243","Seal Online","2065200","271140","428","4","113","3","0","7.62","Seal Online"
"GunZ The Duel","3244","GunZ The Duel","2064120","313380","9906","7","564","3","0","6.59","GunZ The Duel"
"LEGO The Lord of the Rings","3245","LEGO The Lord of the Rings","2063460","323220","450","9","1407","3","0","6.38","LEGO The Lord of the Rings"
"F1 2017","3246","F1 2017","2061780","224700","1576","7","1642","3","0","9.18","F1 2017"
"Bloody Trapland","3247","Bloody Trapland","2061600","115380","4866","7","722","3","0","17.87","Bloody Trapland"
"Prince of Persia: The Forgotten Sands","3248","Prince of Persia: The Forgotten Sands","2060880","75720","4462","3","236","3","0","27.22","Prince of Persia: The Forgotten Sands"
"Love Live! School Idol Festival All Stars","3249","Love Live! School Idol Festival All Stars","2057640","98820","465","22","227","3","0","20.82","Love Live! School Idol Festival All Stars"
"Captain Tsubasa: Dream Team","3250","Captain Tsubasa: Dream Team","2057160","246420","279","5","191","3","0","8.35","Captain Tsubasa: Dream Team"
"Obscure","3251","Obscure","2054880","113820","4180","4","476","3","0","18.05","Obscure"
"Nostos","3252","Nostos","2051580","70260","26260","48","333","3","0","29.2","Nostos"
"Contra Anniversary Collection","3253","Contra Anniversary Collection","2047440","108420","3907","10","571","3","0","18.88","Contra Anniversary Collection"
"Bless Unleashed","3254","Bless Unleashed","2047320","130860","4589","18","431","3","0","15.65","Bless Unleashed"
"Hover!","3255","Hover!","2045820","20640","4556","3","191","3","0","99.12","Hover!"
"Sid Meier's Civilization V: Gods & Kings","3256","Sid Meier's Civilization V: Gods & Kings","2043540","38100","11462","3","141","3","0","53.64","Sid Meier's Civilization V: Gods & Kings"
"Nauticrawl: 20,000 Atmospheres","3257","Nauticrawl: 20,000 Atmospheres","2041560","10320","8013","4","64","3","0","197.83","Nauticrawl: 20,000 Atmospheres"
"Kirby: Squeak Squad","3258","Kirby: Squeak Squad","2039280","43560","15062","3","66","3","0","46.82","Kirby: Squeak Squad"
"Critical Ops","3259","Critical Ops","2039280","821220","227","14","2782","3","1","2.48","Critical Ops"
"Princess Maker 3: Yumemiru Yousei","3260","Princess Maker 3: Yumemiru Yousei","2039100","27660","2701","2","93","3","0","73.72","Princess Maker 3: Yumemiru Yousei"
"Super Amazing Wagon Adventure","3261","Super Amazing Wagon Adventure","2038920","20940","13366","5","147","3","0","97.37","Super Amazing Wagon Adventure"
"Kursk","3262","Kursk","2037060","11700","7584","2","68","3","0","174.11","Kursk"
"Treasure Hunter Simulator","3263","Treasure Hunter Simulator","2036700","33300","1757","5","157","3","0","61.16","Treasure Hunter Simulator"
"Stories: The Path of Destinies","3264","Stories: The Path of Destinies","2035560","118020","4335","4","466","3","0","17.25","Stories: The Path of Destinies"
"Pyre","3265","Pyre","2034060","210660","2857","7","676","3","0","9.66","Pyre"
"September 1999","3266","September 1999","2029500","14640","13308","2","193","3","0","138.63","September 1999"
"Fahrenheit","3267","Fahrenheit","2029440","93600","912","6","342","3","0","21.68","Fahrenheit"
"Simon the Sorcerer","3268","Simon the Sorcerer","2028000","22680","1639","2","55","3","0","89.42","Simon the Sorcerer"
"slot!","3269","slot!","2027580","66120","1555","3","214","3","0","30.67","slot!"
"Mini Motorways","3270","Mini Motorways","2026620","4080","1392","1","17","3","0","496.72","Mini Motorways"
"Magicka","3271","Magicka","2024400","218400","4272","6","1438","3","0","9.27","Magicka"
"Gylt","3272","Gylt","2023680","16020","12465","4","64","3","0","126.32","Gylt"
"Skyhill","3273","Skyhill","2023560","82860","3215","4","369","3","0","24.42","Skyhill"
"Startup Company","3274","Startup Company","2023260","136200","1681","6","566","3","0","14.86","Startup Company"
"Aftercharge","3275","Aftercharge","2021880","88320","2718","17","374","3","0","22.89","Aftercharge"
"Skul: The Hero Slayer","3276","Skul: The Hero Slayer","2021580","31140","2760","14","219","3","0","64.92","Skul: The Hero Slayer"
"Halo 3","3277","Halo 3","2020740","308040","2466","7","1501","3","0","6.56","Halo 3"
"Vietcong","3278","Vietcong","2020500","54000","1795","3","132","3","0","37.42","Vietcong"
"Nightwolf: Survive the Megadome","3279","Nightwolf: Survive the Megadome","2019780","1380","27517","4","14","3","0","1463.61","Nightwolf: Survive the Megadome"
"Paradigm","3280","Paradigm","2019300","121380","2659","7","388","3","0","16.64","Paradigm"
"Kirby's Dream Land","3281","Kirby's Dream Land","2019000","106920","3988","12","391","3","0","18.88","Kirby's Dream Land"
"Color-Changing: Tingle's Balloon Trip of Love","3282","Color-Changing: Tingle's Balloon Trip of Love","2017920","15120","5875","2","16","3","0","133.46","Color-Changing: Tingle's Balloon Trip of Love"
"Castlevania: Rondo of Blood","3283","Castlevania: Rondo of Blood","2017440","94320","4311","5","331","3","0","21.39","Castlevania: Rondo of Blood"
"Starcom: Nexus","3284","Starcom: Nexus","2016780","16380","1943","4","38","3","0","123.12","Starcom: Nexus"
"Super Star Wars","3285","Super Star Wars","2016180","28140","9767","5","187","3","0","71.65","Super Star Wars"
"Final Fantasy: Record Keeper","3286","Final Fantasy: Record Keeper","2014740","259320","1456","8","204","3","0","7.77","Final Fantasy: Record Keeper"
"Doom 64","3287","Doom 64","2013840","114000","6672","6","343","3","0","17.67","Doom 64"
"Forza Horizon 3","3288","Forza Horizon 3","2012760","1086360","616","13","6454","3","2","1.85","Forza Horizon 3"
"Rakuen","3289","Rakuen","2012460","145980","1806","6","333","3","0","13.79","Rakuen"
"Steel Division: Normandy 44","3290","Steel Division: Normandy 44","2012160","89220","1588","13","333","3","0","22.55","Steel Division: Normandy 44"
"Orcs Must Die! 2","3291","Orcs Must Die! 2","2011800","211020","5776","6","902","3","0","9.53","Orcs Must Die! 2"
"The Watson-Scott Test","3292","The Watson-Scott Test","2009760","23040","9431","2","254","3","0","87.23","The Watson-Scott Test"
"Hot Shot Burn","3293","Hot Shot Burn","2009760","11460","23068","5","63","3","0","175.37","Hot Shot Burn"
"Kirby's Adventure","3294","Kirby's Adventure","2009100","148980","1815","7","719","3","0","13.49","Kirby's Adventure"
"Live a Live","3295","Live a Live","2007780","117060","3773","4","98","3","0","17.15","Live a Live"
"System Shock","3296","System Shock","2007060","106440","18415","10","386","3","0","18.86","System Shock"
"Foreveracers","3297","Foreveracers","2005560","840","35524","5","11","3","0","2387.57","Foreveracers"
"Star Wars: Jedi Knight - Dark Forces II","3298","Star Wars: Jedi Knight - Dark Forces II","2005500","90180","9754","3","232","3","0","22.24","Star Wars: Jedi Knight - Dark Forces II"
"Mahjong Soul","3299","Mahjong Soul","2004960","305040","193","8","474","3","0","6.57","Mahjong Soul"
"Half-Minute Hero: Super Mega Neo Climax","3300","Half-Minute Hero: Super Mega Neo Climax","2001420","27960","3728","3","110","3","0","71.58","Half-Minute Hero: Super Mega Neo Climax"