"","","Game","Watch time","Stream time","Peak viewers","Peak channels","Streamers","Average viewers","Average channels","Average viewer ratio",""
"Panzer Battles","14001","Panzer Battles","30480","1560","37","1","2","0","0","19.54","Panzer Battles"
"Aurora 4x","14002","Aurora 4x","30480","9240","19","2","21","0","0","3.3","Aurora 4x"
"Super Tekkyuu Fight!","14003","Super Tekkyuu Fight!","30480","720","366","3","4","0","0","42.33","Super Tekkyuu Fight!"
"Ben Jordan: Paranormal Investigator Case 6 - Scourge of the Sea People","14004","Ben Jordan: Paranormal Investigator Case 6 - Scourge of the Sea People","30480","300","145","1","1","0","0","101.6","Ben Jordan: Paranormal Investigator Case 6 - Scourge of the Sea People"
"Blood Strike","14005","Blood Strike","30480","20760","28","2","54","0","0","1.47","Blood Strike"
"My Monster Rancher","14006","My Monster Rancher","30420","360","117","1","1","0","0","84.5","My Monster Rancher"
"Johnny Test","14007","Johnny Test","30420","8640","93","2","28","0","0","3.52","Johnny Test"
"Alchemists Awakening","14008","Alchemists Awakening","30420","7680","58","2","27","0","0","3.96","Alchemists Awakening"
"Hong Kong","14009","Hong Kong","30420","3900","28","2","8","0","0","7.8","Hong Kong"
"Collapse: The Rage","14010","Collapse: The Rage","30420","2160","288","1","9","0","0","14.08","Collapse: The Rage"
"Don't Shit Your Pants","14011","Don't Shit Your Pants","30420","7260","290","2","26","0","0","4.19","Don't Shit Your Pants"
"CounterSpy","14012","CounterSpy","30420","6300","43","2","79","0","0","4.83","CounterSpy"
"Mortal Kombat & Mortal Kombat II","14013","Mortal Kombat & Mortal Kombat II","30420","6840","56","3","45","0","0","4.45","Mortal Kombat & Mortal Kombat II"
"Lanternium","14014","Lanternium","30360","2400","70","2","4","0","0","12.65","Lanternium"
"Hello Kitty: Happy Party Pals","14015","Hello Kitty: Happy Party Pals","30360","14760","10","2","14","0","0","2.06","Hello Kitty: Happy Party Pals"
"Geneforge 2","14016","Geneforge 2","30360","11460","13","2","4","0","0","2.65","Geneforge 2"
"Gon","14017","Gon","30360","11100","12","1","2","0","0","2.74","Gon"
"Enemy Zero","14018","Enemy Zero","30360","1020","313","1","9","0","0","29.76","Enemy Zero"
"Dai 3-Ji Super Robot Taisen Z Jigoku-hen","14019","Dai 3-Ji Super Robot Taisen Z Jigoku-hen","30360","17880","12","1","5","0","0","1.7","Dai 3-Ji Super Robot Taisen Z Jigoku-hen"
"Sonic the Hedgehog: Pocket Adventure","14020","Sonic the Hedgehog: Pocket Adventure","30360","2580","66","2","14","0","0","11.77","Sonic the Hedgehog: Pocket Adventure"
"Candice DeBébé's Incredibly Trick Lifestyle","14021","Candice DeBébé's Incredibly Trick Lifestyle","30360","3840","42","1","20","0","0","7.91","Candice DeBébé's Incredibly Trick Lifestyle"
"Point Blank: Strike","14022","Point Blank: Strike","30360","9960","24","2","53","0","0","3.05","Point Blank: Strike"
"Lizzie McGuire 3: Homecoming Havoc","14023","Lizzie McGuire 3: Homecoming Havoc","30360","180","318","1","2","0","0","168.67","Lizzie McGuire 3: Homecoming Havoc"
"Adam's Venture: Origins","14024","Adam's Venture: Origins","30300","19680","16","2","78","0","0","1.54","Adam's Venture: Origins"
"Kenyuu Densetsu Yaiba","14025","Kenyuu Densetsu Yaiba","30300","420","135","1","2","0","0","72.14","Kenyuu Densetsu Yaiba"
"Dragon Ball","14026","Dragon Ball","30300","15600","42","2","87","0","0","1.94","Dragon Ball"
"SD Gundam Capsule Fighter","14027","SD Gundam Capsule Fighter","30300","19680","11","2","35","0","0","1.54","SD Gundam Capsule Fighter"
"Jung Rhythm","14028","Jung Rhythm","30240","420","163","1","1","0","0","72","Jung Rhythm"
"Heroes of Might and Magic IV: Winds of War","14029","Heroes of Might and Magic IV: Winds of War","30240","12720","42","2","39","0","0","2.38","Heroes of Might and Magic IV: Winds of War"
"Lupin the 3rd: Treasure of the Sorcerer King","14030","Lupin the 3rd: Treasure of the Sorcerer King","30240","10440","36","1","10","0","0","2.9","Lupin the 3rd: Treasure of the Sorcerer King"
"Meitantei Conan & Kindaichi Shounen no Jikenbo: Meguriau Futari no Meitantei","14031","Meitantei Conan & Kindaichi Shounen no Jikenbo: Meguriau Futari no Meitantei","30240","1440","35","1","1","0","0","21","Meitantei Conan & Kindaichi Shounen no Jikenbo: Meguriau Futari no Meitantei"
"Morphite","14032","Morphite","30180","3120","344","2","19","0","0","9.67","Morphite"
"Maximum Football","14033","Maximum Football","30180","4500","80","8","22","0","0","6.71","Maximum Football"
"Spyro: Shadow Legacy","14034","Spyro: Shadow Legacy","30180","1440","69","1","4","0","0","20.96","Spyro: Shadow Legacy"
"Quest for Camelot","14035","Quest for Camelot","30180","1620","164","1","3","0","0","18.63","Quest for Camelot"
"Keepers Dungeon","14036","Keepers Dungeon","30120","840","247","1","5","0","0","35.86","Keepers Dungeon"
"Open World Game: the Open World Game","14037","Open World Game: the Open World Game","30120","5880","290","4","49","0","0","5.12","Open World Game: the Open World Game"
"Aiyoku no Eustia","14038","Aiyoku no Eustia","30120","5700","15","1","2","0","0","5.28","Aiyoku no Eustia"
"Espgaluda II","14039","Espgaluda II","30120","1500","78","1","12","0","0","20.08","Espgaluda II"
"Defend The Keep","14040","Defend The Keep","30060","1920","274","1","12","0","0","15.66","Defend The Keep"
"Overclocked","14041","Overclocked","30060","10920","26","2","74","0","0","2.75","Overclocked"
"Tropico","14042","Tropico","30060","11580","81","1","39","0","0","2.6","Tropico"
"Super R-Type","14043","Super R-Type","30060","5640","35","5","28","0","0","5.33","Super R-Type"
"DDRMAX 2 Dance Dance Revolution","14044","DDRMAX 2 Dance Dance Revolution","30060","13500","61","2","26","0","0","2.23","DDRMAX 2 Dance Dance Revolution"
"Adventure Time: Finn and Jake Investigations","14045","Adventure Time: Finn and Jake Investigations","30060","14640","13","2","48","0","0","2.05","Adventure Time: Finn and Jake Investigations"
"Final Fight: Streetwise","14046","Final Fight: Streetwise","30060","5340","83","2","27","0","0","5.63","Final Fight: Streetwise"
"Beans: The Coffee Shop Simulator","14047","Beans: The Coffee Shop Simulator","30060","2460","105","1","15","0","0","12.22","Beans: The Coffee Shop Simulator"
"Road Runner and Wile E. Coyote","14048","Road Runner and Wile E. Coyote","30060","1680","142","1","1","0","0","17.89","Road Runner and Wile E. Coyote"
"Robot War","14049","Robot War","30060","2340","193","1","6","0","0","12.85","Robot War"
"Westworld","14050","Westworld","30060","5580","126","3","22","0","0","5.39","Westworld"
"Party Arcade","14051","Party Arcade","30060","3600","58","1","23","0","0","8.35","Party Arcade"
"Winx Sirenix Power","14052","Winx Sirenix Power","30000","60","500","1","1","0","0","500","Winx Sirenix Power"
"One Piece: Pirate Warriors 4","14053","One Piece: Pirate Warriors 4","30000","540","149","1","3","0","0","55.56","One Piece: Pirate Warriors 4"
"CivilContractRPG","14054","CivilContractRPG","30000","300","491","1","5","0","0","100","CivilContractRPG"
"Bababadalgharaghtakamminarronnkonnbronntonnerronntuonnthunntrovarrhounawnskawntoohoohoordenenthurnuk","14055","Bababadalgharaghtakamminarronnkonnbronntonnerronntuonnthunntrovarrhounawnskawntoohoohoordenenthurnuk","30000","3420","81","1","11","0","0","8.77","Bababadalgharaghtakamminarronnkonnbronntonnerronntuonnthunntrovarrhounawnskawntoohoohoordenenthurnuk"
"Turbo Pug","14056","Turbo Pug","30000","7440","50","2","73","0","0","4.03","Turbo Pug"
"My Forged Wedding","14057","My Forged Wedding","30000","4020","15","1","1","0","0","7.46","My Forged Wedding"
"Care Bears: Care Quest","14058","Care Bears: Care Quest","30000","180","500","1","2","0","0","166.67","Care Bears: Care Quest"
"GrimGrimoire","14059","GrimGrimoire","30000","2820","76","1","11","0","0","10.64","GrimGrimoire"
"FlightGear","14060","FlightGear","30000","36480","95","3","59","0","0","0.82","FlightGear"
"Ty the Tasmanian Tiger 3: Night of the Quinkan","14061","Ty the Tasmanian Tiger 3: Night of the Quinkan","30000","12540","29","2","39","0","0","2.39","Ty the Tasmanian Tiger 3: Night of the Quinkan"
"Medabots: Rokusho/Metabee","14062","Medabots: Rokusho/Metabee","30000","7680","49","2","30","0","0","3.91","Medabots: Rokusho/Metabee"
"Deus Ex: The Fall","14063","Deus Ex: The Fall","30000","13500","38","1","46","0","0","2.22","Deus Ex: The Fall"
"Black Rock Shooter","14064","Black Rock Shooter","30000","8100","25","2","16","0","0","3.7","Black Rock Shooter"
"Backpack Twins","14065","Backpack Twins","29940","5100","57","2","12","0","0","5.87","Backpack Twins"
"NBA 2K13","14066","NBA 2K13","29940","9780","105","2","40","0","0","3.06","NBA 2K13"
"Umineko no Naku Koro ni Episode 3 Banquet of the Golden Witch","14067","Umineko no Naku Koro ni Episode 3 Banquet of the Golden Witch","29940","8940","19","1","5","0","0","3.35","Umineko no Naku Koro ni Episode 3 Banquet of the Golden Witch"
"Ninja Clowns","14068","Ninja Clowns","29940","600","316","2","6","0","0","49.9","Ninja Clowns"
"Kaizou Choujin Shubibinman","14069","Kaizou Choujin Shubibinman","29940","600","301","2","5","0","0","49.9","Kaizou Choujin Shubibinman"
"Xuanyuan Jian 5: Yi Jian Ling Yun Shan Hai Qing","14070","Xuanyuan Jian 5: Yi Jian Ling Yun Shan Hai Qing","29940","780","378","1","4","0","0","38.38","Xuanyuan Jian 5: Yi Jian Ling Yun Shan Hai Qing"
"Daddy","14071","Daddy","29940","1500","105","1","14","0","0","19.96","Daddy"
"Corma","14072","Corma","29880","8580","81","2","70","0","0","3.48","Corma"
"Lucky Panda","14073","Lucky Panda","29880","2880","30","1","0","0","0","10.38","Lucky Panda"
"The Chosen RPG","14074","The Chosen RPG","29880","50460","10","2","8","0","0","0.59","The Chosen RPG"
"Spoxel","14075","Spoxel","29880","2160","138","2","12","0","0","13.83","Spoxel"
"Feral Fury","14076","Feral Fury","29880","4380","42","1","12","0","0","6.82","Feral Fury"
"Super Sidekicks","14077","Super Sidekicks","29880","780","403","1","7","0","0","38.31","Super Sidekicks"
"Oracle","14078","Oracle","29880","900","116","1","4","0","0","33.2","Oracle"
"Motocross","14079","Motocross","29880","2340","137","2","13","0","0","12.77","Motocross"
"Gumby vs. the Astrobots","14080","Gumby vs. the Astrobots","29880","900","471","1","6","0","0","33.2","Gumby vs. the Astrobots"
"Dark Parables: The Exiled Prince","14081","Dark Parables: The Exiled Prince","29880","2520","59","1","8","0","0","11.86","Dark Parables: The Exiled Prince"
"Flockers","14082","Flockers","29880","2100","111","1","14","0","0","14.23","Flockers"
"Penguins Arena: Sedna's World","14083","Penguins Arena: Sedna's World","29880","1500","327","2","13","0","0","19.92","Penguins Arena: Sedna's World"
"Cognition: An Erica Reed Thriller","14084","Cognition: An Erica Reed Thriller","29820","13620","29","1","24","0","0","2.19","Cognition: An Erica Reed Thriller"
"Collapse","14085","Collapse","29820","6840","61","1","24","0","0","4.36","Collapse"
"Bugs Bunny Rabbit Rampage","14086","Bugs Bunny Rabbit Rampage","29820","1320","280","1","8","0","0","22.59","Bugs Bunny Rabbit Rampage"
"Zoda's Revenge: Star Tropics II","14087","Zoda's Revenge: Star Tropics II","29820","7260","32","1","22","0","0","4.11","Zoda's Revenge: Star Tropics II"
"Fortified!","14088","Fortified!","29820","12060","17","2","67","0","0","2.47","Fortified!"
"Loco Dojo","14089","Loco Dojo","29820","2520","139","2","17","0","0","11.83","Loco Dojo"
"Beyond","14090","Beyond","29820","2100","103","1","9","0","0","14.2","Beyond"
"Doka 2: Kishki Edition","14091","Doka 2: Kishki Edition","29760","13200","81","2","41","0","0","2.25","Doka 2: Kishki Edition"
"TrackMania² Lagoon","14092","TrackMania² Lagoon","29760","6240","152","2","42","0","0","4.77","TrackMania² Lagoon"
"Steel Talons","14093","Steel Talons","29760","540","111","1","1","0","0","55.11","Steel Talons"
"JYDGE","14094","JYDGE","29700","9420","62","2","40","0","0","3.15","JYDGE"
"Risk Urban Assault","14095","Risk Urban Assault","29700","4680","123","1","21","0","0","6.35","Risk Urban Assault"
"Golvellius: Valley of Doom","14096","Golvellius: Valley of Doom","29700","4440","45","1","12","0","0","6.69","Golvellius: Valley of Doom"
"Pew Pew Pod","14097","Pew Pew Pod","29700","1020","492","1","8","0","0","29.12","Pew Pew Pod"
"Pac-Man: Championship Edition","14098","Pac-Man: Championship Edition","29700","8220","48","2","76","0","0","3.61","Pac-Man: Championship Edition"
"WarPlan","14099","WarPlan","29640","1200","90","1","3","0","0","24.7","WarPlan"
"Osu! Tatakae! Ouendan","14100","Osu! Tatakae! Ouendan","29640","15540","24","2","102","0","0","1.91","Osu! Tatakae! Ouendan"