"","","Game","Watch time","Stream time","Peak viewers","Peak channels","Streamers","Average viewers","Average channels","Average viewer ratio",""
"Lumber Island","5701","Lumber Island","536700","2340","3184","1","15","1","0","229.36","Lumber Island"
"Turok 3: Shadow of Oblivion","5702","Turok 3: Shadow of Oblivion","536340","13380","535","2","21","1","0","40.09","Turok 3: Shadow of Oblivion"
"Last Chaos","5703","Last Chaos","536340","98820","148","4","156","1","0","5.43","Last Chaos"
"Distorted Travesty 3: Saved Game","5704","Distorted Travesty 3: Saved Game","535860","45660","471","4","29","1","0","11.74","Distorted Travesty 3: Saved Game"
"Façade","5705","Façade","535800","14640","4149","2","107","1","0","36.6","Façade"
"Block N Load","5706","Block N Load","535620","60240","1184","5","189","1","0","8.89","Block N Load"
"Chulip","5707","Chulip","535500","30660","218","2","55","1","0","17.47","Chulip"
"Gundam Battle Assault","5708","Gundam Battle Assault","535500","4500","8770","1","17","1","0","119","Gundam Battle Assault"
"Extinction","5709","Extinction","535380","37080","1057","5","231","1","0","14.44","Extinction"
"Stalker Online","5710","Stalker Online","535380","241140","260","7","278","1","0","2.22","Stalker Online"
"Wilmot's Warehouse","5711","Wilmot's Warehouse","535080","17220","1375","4","95","1","0","31.07","Wilmot's Warehouse"
"Battlelands Royale","5712","Battlelands Royale","534900","244140","61","5","638","1","0","2.19","Battlelands Royale"
"Brutal Sports Football","5713","Brutal Sports Football","534600","180","9955","1","2","1","0","2970","Brutal Sports Football"
"Pirates of the Caribbean Online","5714","Pirates of the Caribbean Online","534360","88440","347","4","252","1","0","6.04","Pirates of the Caribbean Online"
"Music & Circuit","5715","Music & Circuit","533700","11340","2877","2","29","1","0","47.06","Music & Circuit"
"Pokémon Ranger: Shadows of Almia","5716","Pokémon Ranger: Shadows of Almia","533580","27120","177","2","51","1","0","19.67","Pokémon Ranger: Shadows of Almia"
"Titeuf méga-compet'","5717","Titeuf méga-compet'","533280","1980","4118","2","17","1","0","269.33","Titeuf méga-compet'"
"Eador: Genesis","5718","Eador: Genesis","533040","43740","114","2","18","1","0","12.19","Eador: Genesis"
"Car Builder","5719","Car Builder","532740","1020","2877","2","5","1","0","522.29","Car Builder"
"Ball 3D","5720","Ball 3D","532620","44400","960","4","248","1","0","12","Ball 3D"
"Ratatouille","5721","Ratatouille","532620","56640","1327","3","113","1","0","9.4","Ratatouille"
"Nom Nom Galaxy","5722","Nom Nom Galaxy","532380","19080","4447","4","103","1","0","27.9","Nom Nom Galaxy"
"Animorphs","5723","Animorphs","532200","3180","4152","2","9","1","0","167.36","Animorphs"
"Battlefield 2","5724","Battlefield 2","531840","222120","808","7","413","1","0","2.39","Battlefield 2"
"Rogue Galaxy","5725","Rogue Galaxy","531720","126060","59","3","401","1","0","4.22","Rogue Galaxy"
"Atlantica Online","5726","Atlantica Online","531720","99420","720","3","105","1","0","5.35","Atlantica Online"
"Metroid: Samus Returns","5727","Metroid: Samus Returns","531660","76500","140","2","134","1","0","6.95","Metroid: Samus Returns"
"Jet Force Gemini","5728","Jet Force Gemini","531420","62760","2608","3","133","1","0","8.47","Jet Force Gemini"
"Ys SEVEN","5729","Ys SEVEN","531420","117420","87","3","104","1","0","4.53","Ys SEVEN"
"WRC 7","5730","WRC 7","531360","100560","1264","5","446","1","0","5.28","WRC 7"
"Planet of the Apes: Last Frontier","5731","Planet of the Apes: Last Frontier","531120","33600","1145","2","124","1","0","15.81","Planet of the Apes: Last Frontier"
"Age of Civilizations II","5732","Age of Civilizations II","530580","69300","2475","3","326","1","0","7.66","Age of Civilizations II"
"SCP Blackout","5733","SCP Blackout","530280","13560","4655","2","107","1","0","39.11","SCP Blackout"
"Lord of the Sword","5734","Lord of the Sword","529500","2700","4320","1","9","1","0","196.11","Lord of the Sword"
"Sin & Punishment","5735","Sin & Punishment","529260","8460","4107","2","33","1","0","62.56","Sin & Punishment"
"ZeroRanger","5736","ZeroRanger","529200","84840","807","6","268","1","0","6.24","ZeroRanger"
"The Last Leviathan","5737","The Last Leviathan","529140","1380","2569","1","12","1","0","383.43","The Last Leviathan"
"Yo-kai Watch","5738","Yo-kai Watch","529080","34620","210","2","65","1","0","15.28","Yo-kai Watch"
"Standoff 2","5739","Standoff 2","528960","304020","121","9","993","1","0","1.74","Standoff 2"
"Stardust Galaxy Warriors: Stellar Climax","5740","Stardust Galaxy Warriors: Stellar Climax","528840","5460","1365","4","26","1","0","96.86","Stardust Galaxy Warriors: Stellar Climax"
"Sketchful.io","5741","Sketchful.io","528660","29460","1171","5","177","1","0","17.95","Sketchful.io"
"Figment","5742","Figment","528240","64920","160","4","258","1","0","8.14","Figment"
"Guacamelee!","5743","Guacamelee!","527940","64320","2068","4","163","1","0","8.21","Guacamelee!"
"World of Subways Vol.3: Circle Line","5744","World of Subways Vol.3: Circle Line","527760","12900","2492","1","40","1","0","40.91","World of Subways Vol.3: Circle Line"
"Tabletopia","5745","Tabletopia","527580","17880","2937","3","111","1","0","29.51","Tabletopia"
"Nancy Drew: Shadow at the Water's Edge","5746","Nancy Drew: Shadow at the Water's Edge","527520","56220","590","3","122","1","0","9.38","Nancy Drew: Shadow at the Water's Edge"
"Ahegao Academy","5747","Ahegao Academy","527160","3060","1196","2","11","1","0","172.27","Ahegao Academy"
"Bot Land","5748","Bot Land","526800","12240","8254","3","41","1","0","43.04","Bot Land"
"Mario Party Fushigi no Challenge World","5749","Mario Party Fushigi no Challenge World","526680","1020","6355","1","6","1","0","516.35","Mario Party Fushigi no Challenge World"
"Wario World","5750","Wario World","526620","58740","674","3","210","1","0","8.97","Wario World"
"Holy Potatoes! A Spy Story?!","5751","Holy Potatoes! A Spy Story?!","526380","7140","989","4","32","1","0","73.72","Holy Potatoes! A Spy Story?!"
"CORE","5752","CORE","526020","12960","650","6","37","1","0","40.59","CORE"
"New Life","5753","New Life","525900","2340","10106","7","22","1","0","224.74","New Life"
"Airport CEO","5754","Airport CEO","525840","95040","686","5","288","1","0","5.53","Airport CEO"
"Cooking Mama 2: Dinner with Friends","5755","Cooking Mama 2: Dinner with Friends","525420","4860","2159","1","21","0","0","108.11","Cooking Mama 2: Dinner with Friends"
"DeFRaG","5756","DeFRaG","525300","31140","693","6","48","0","0","16.87","DeFRaG"
"Wario Land: Super Mario Land 3","5757","Wario Land: Super Mario Land 3","525180","37560","2060","3","127","0","0","13.98","Wario Land: Super Mario Land 3"
"Top Rank Tennis","5758","Top Rank Tennis","524940","300","2471","1","1","0","0","1749.8","Top Rank Tennis"
"Monster Super League","5759","Monster Super League","524880","131340","302","4","139","0","0","4","Monster Super League"
"Panzar: Forged By Chaos","5760","Panzar: Forged By Chaos","524520","341280","76","8","195","0","0","1.54","Panzar: Forged By Chaos"
"Last Bronx","5761","Last Bronx","524280","300","8000","2","4","0","0","1747.6","Last Bronx"
"Homefront: The Revolution","5762","Homefront: The Revolution","524220","260880","258","8","1055","0","0","2.01","Homefront: The Revolution"
"Border Zone","5763","Border Zone","524220","60","8737","1","1","0","0","8737","Border Zone"
"Umfend","5764","Umfend","523800","6300","1231","1","46","0","0","83.14","Umfend"
"Sparc","5765","Sparc","523620","52500","2541","3","158","0","0","9.97","Sparc"
"Risen 3: Titan Lords","5766","Risen 3: Titan Lords","523620","105000","183","4","165","0","0","4.99","Risen 3: Titan Lords"
"Goblins Quest 3","5767","Goblins Quest 3","523380","1680","2540","1","8","0","0","311.54","Goblins Quest 3"
"Injection","5768","Injection","523380","2580","3943","1","14","0","0","202.86","Injection"
"Saints Row","5769","Saints Row","522720","125760","978","4","294","0","0","4.16","Saints Row"
"FusionFall Retro","5770","FusionFall Retro","522660","179520","222","4","480","0","0","2.91","FusionFall Retro"
"Dunk Lords","5771","Dunk Lords","522480","900","4940","1","5","0","0","580.53","Dunk Lords"
"Street Fighter Alpha: Warriors' Dreams","5772","Street Fighter Alpha: Warriors' Dreams","522360","2580","8573","1","20","0","0","202.47","Street Fighter Alpha: Warriors' Dreams"
"Genetic Species","5773","Genetic Species","522240","240","3269","1","2","0","0","2176","Genetic Species"
"Chaos Code: New Sign of Catastrophe","5774","Chaos Code: New Sign of Catastrophe","522120","21060","5894","3","110","0","0","24.79","Chaos Code: New Sign of Catastrophe"
"Anarcute","5775","Anarcute","521880","21060","1701","2","98","0","0","24.78","Anarcute"
"The Technomancer","5776","The Technomancer","521820","185640","547","13","896","0","0","2.81","The Technomancer"
"Fight Angels","5777","Fight Angels","521820","2820","3836","1","12","0","0","185.04","Fight Angels"
"Mr. Shifty","5778","Mr. Shifty","521700","69900","858","3","230","0","0","7.46","Mr. Shifty"
"Road to Eden","5779","Road to Eden","521700","45300","288","5","89","0","0","11.52","Road to Eden"
"Hearts of Iron III: Their Finest Hour","5780","Hearts of Iron III: Their Finest Hour","521640","35040","157","2","24","0","0","14.89","Hearts of Iron III: Their Finest Hour"
"Backbone","5781","Backbone","521400","36900","1454","3","312","0","0","14.13","Backbone"
"Rumble Roses XX","5782","Rumble Roses XX","521040","19380","253","2","32","0","0","26.89","Rumble Roses XX"
"F.E.A.R.: Extraction Point","5783","F.E.A.R.: Extraction Point","520920","60420","1244","3","229","0","0","8.62","F.E.A.R.: Extraction Point"
"Zanzarah: The Hidden Portal","5784","Zanzarah: The Hidden Portal","520920","31380","631","3","71","0","0","16.6","Zanzarah: The Hidden Portal"
"Monsters of Little Haven","5785","Monsters of Little Haven","520920","8700","3267","2","48","0","0","59.88","Monsters of Little Haven"
"Brick Rigs","5786","Brick Rigs","520320","43200","600","3","252","0","0","12.04","Brick Rigs"
"GachiTora! Abarenbou Kyoushi in High School","5787","GachiTora! Abarenbou Kyoushi in High School","519600","120","8659","1","1","0","0","4330","GachiTora! Abarenbou Kyoushi in High School"
"Persona 2: Innocent Sin","5788","Persona 2: Innocent Sin","519360","91620","108","4","133","0","0","5.67","Persona 2: Innocent Sin"
"Xenosaga: Episode II - Jenseits von Gut und Böse","5789","Xenosaga: Episode II - Jenseits von Gut und Böse","519300","73920","220","3","61","0","0","7.03","Xenosaga: Episode II - Jenseits von Gut und Böse"
"Golden Axe The Duel","5790","Golden Axe The Duel","519120","960","7813","1","9","0","0","540.75","Golden Axe The Duel"
"Tales of Symphonia: Dawn of the New World","5791","Tales of Symphonia: Dawn of the New World","517920","43620","783","2","36","0","0","11.87","Tales of Symphonia: Dawn of the New World"
"The Swapper","5792","The Swapper","517380","60840","636","4","269","0","0","8.5","The Swapper"
"Phantasy Star Universe: Ambition of the Illuminous","5793","Phantasy Star Universe: Ambition of the Illuminous","517320","145500","822","9","174","0","0","3.56","Phantasy Star Universe: Ambition of the Illuminous"
"Aria's Story","5794","Aria's Story","517200","29220","669","2","97","0","0","17.7","Aria's Story"
"Hello Kitty: Roller Rescue","5795","Hello Kitty: Roller Rescue","516960","12900","2491","2","45","0","0","40.07","Hello Kitty: Roller Rescue"
"Profane - Last Herald","5796","Profane - Last Herald","516480","5220","793","2","24","0","0","98.94","Profane - Last Herald"
"WWE SmackDown! vs. RAW 2006","5797","WWE SmackDown! vs. RAW 2006","516300","38460","3328","3","116","0","0","13.42","WWE SmackDown! vs. RAW 2006"
"Lurking in the Shadows","5798","Lurking in the Shadows","516120","35220","94","3","78","0","0","14.65","Lurking in the Shadows"
"Seven: The Days Long Gone","5799","Seven: The Days Long Gone","515820","46140","1558","3","165","0","0","11.18","Seven: The Days Long Gone"
"Syphon Filter 2","5800","Syphon Filter 2","515820","40320","786","2","66","0","0","12.79","Syphon Filter 2"