"","","Game","Watch time","Stream time","Peak viewers","Peak channels","Streamers","Average viewers","Average channels","Average viewer ratio",""
"Don't Die, Minerva!","7101","Don't Die, Minerva!","291720","24960","238","6","118","0","0","11.69","Don't Die, Minerva!"
"dfc934bd-6032-4fb3-910e-f2074d7f76ed","7102","dfc934bd-6032-4fb3-910e-f2074d7f76ed","291600","79020","25","4","25","0","0","3.69","dfc934bd-6032-4fb3-910e-f2074d7f76ed"
"The Strangers","7103","The Strangers","291540","720","2738","1","8","0","0","404.92","The Strangers"
"Bedlamball","7104","Bedlamball","291480","3300","4524","1","5","0","0","88.33","Bedlamball"
"Transformers: Devastation","7105","Transformers: Devastation","291420","109860","139","3","477","0","0","2.65","Transformers: Devastation"
"Urban Rivals","7106","Urban Rivals","291240","36240","72","3","50","0","0","8.04","Urban Rivals"
"Ultima VII: The Black Gate","7107","Ultima VII: The Black Gate","291180","20520","592","2","33","0","0","14.19","Ultima VII: The Black Gate"
"Lester the Unlikely","7108","Lester the Unlikely","291120","6240","623","4","20","0","0","46.65","Lester the Unlikely"
"The Last Hex","7109","The Last Hex","291060","13020","674","3","38","0","0","22.35","The Last Hex"
"Witchkin","7110","Witchkin","291000","3240","2504","1","26","0","0","89.81","Witchkin"
"Quest for Glory V: Dragon Fire","7111","Quest for Glory V: Dragon Fire","290820","13260","1591","2","19","0","0","21.93","Quest for Glory V: Dragon Fire"
"Titanic: Adventure Out of Time","7112","Titanic: Adventure Out of Time","290820","13500","268","2","50","0","0","21.54","Titanic: Adventure Out of Time"
"Disgaea 2: Cursed Memories","7113","Disgaea 2: Cursed Memories","290580","78600","152","3","99","0","0","3.7","Disgaea 2: Cursed Memories"
"Mega Man Xtreme 2","7114","Mega Man Xtreme 2","290460","10920","3381","3","29","0","0","26.6","Mega Man Xtreme 2"
"You Don't Know Jack","7115","You Don't Know Jack","290400","34080","901","3","200","0","0","8.52","You Don't Know Jack"
"Disgaea 2: Dark Hero Days","7116","Disgaea 2: Dark Hero Days","290400","50460","98","2","63","0","0","5.76","Disgaea 2: Dark Hero Days"
"Fairune Collection","7117","Fairune Collection","290400","14880","898","1","22","0","0","19.52","Fairune Collection"
"Original War","7118","Original War","290340","32400","248","2","52","0","0","8.96","Original War"
"Rawmen","7119","Rawmen","290280","4980","1086","5","24","0","0","58.29","Rawmen"
"Badiya","7120","Badiya","289980","8820","2380","1","65","0","0","32.88","Badiya"
"Hundred Soul","7121","Hundred Soul","289920","69960","523","6","61","0","0","4.14","Hundred Soul"
"Intelligent Qube","7122","Intelligent Qube","289620","17100","1641","2","50","0","0","16.94","Intelligent Qube"
"SNOW","7123","SNOW","289620","33000","2336","3","249","0","0","8.78","SNOW"
"Dr. Langeskov, The Tiger, and The Terribly Cursed Emerald: A Whirlwind Heist","7124","Dr. Langeskov, The Tiger, and The Terribly Cursed Emerald: A Whirlwind Heist","289560","16140","1201","2","182","0","0","17.94","Dr. Langeskov, The Tiger, and The Terribly Cursed Emerald: A Whirlwind Heist"
"My Beautiful Paper Smile","7125","My Beautiful Paper Smile","289500","3600","2186","4","36","0","0","80.42","My Beautiful Paper Smile"
"Zoo Rampage","7126","Zoo Rampage","289440","420","2002","1","2","0","0","689.14","Zoo Rampage"
"Stairs","7127","Stairs","289320","22320","993","2","114","0","0","12.96","Stairs"
"Orb-3D","7128","Orb-3D","289320","2220","553","2","7","0","0","130.32","Orb-3D"
"Cooking Mama","7129","Cooking Mama","289200","19200","2146","2","102","0","0","15.06","Cooking Mama"
"Tarzan","7130","Tarzan","289140","7680","2276","2","56","0","0","37.65","Tarzan"
"Bubsy II","7131","Bubsy II","288960","3000","3214","2","16","0","0","96.32","Bubsy II"
"Looney Tunes: Sheep Raider","7132","Looney Tunes: Sheep Raider","288960","31980","286","4","102","0","0","9.04","Looney Tunes: Sheep Raider"
"Drac's Night Out","7133","Drac's Night Out","288960","480","2430","2","6","0","0","602","Drac's Night Out"
"Star Control: Origins","7134","Star Control: Origins","288900","64860","134","3","140","0","0","4.45","Star Control: Origins"
"Date A Live: Twin Edition Rio Reincarnation","7135","Date A Live: Twin Edition Rio Reincarnation","288780","40500","301","8","101","0","0","7.13","Date A Live: Twin Edition Rio Reincarnation"
"Star Fox Zero","7136","Star Fox Zero","288540","18480","880","2","83","0","0","15.61","Star Fox Zero"
"Dad Beat Dads","7137","Dad Beat Dads","288360","360","1691","1","3","0","0","801","Dad Beat Dads"
"The Lost Vikings","7138","The Lost Vikings","288300","46440","271","3","116","0","0","6.21","The Lost Vikings"
"Flashback","7139","Flashback","288300","21840","1621","2","93","0","0","13.2","Flashback"
"My Girlfriend is a Mermaid!?","7140","My Girlfriend is a Mermaid!?","288300","6240","3291","2","16","0","0","46.2","My Girlfriend is a Mermaid!?"
"Final Zone","7141","Final Zone","288180","300","4391","1","2","0","0","960.6","Final Zone"
"The LEGO Ninjago Movie Video Game","7142","The LEGO Ninjago Movie Video Game","288060","45420","267","3","273","0","0","6.34","The LEGO Ninjago Movie Video Game"
"Robbie Swifthand and the Orb of Mysteries","7143","Robbie Swifthand and the Orb of Mysteries","287940","4680","1093","1","15","0","0","61.53","Robbie Swifthand and the Orb of Mysteries"
"Hidden my game by mom","7144","Hidden my game by mom","287940","1860","893","1","18","0","0","154.81","Hidden my game by mom"
"Tales of the Rays","7145","Tales of the Rays","287760","25980","59","2","39","0","0","11.08","Tales of the Rays"
"Polizeihubschrauber Simulator","7146","Polizeihubschrauber Simulator","287760","2040","1285","1","12","0","0","141.06","Polizeihubschrauber Simulator"
"Thrusty Ship","7147","Thrusty Ship","287700","37440","131","5","98","0","0","7.68","Thrusty Ship"
"Spy vs Spy","7148","Spy vs Spy","287700","2940","5803","1","11","0","0","97.86","Spy vs Spy"
"Supreme Commander 2","7149","Supreme Commander 2","287640","130380","197","4","626","0","0","2.21","Supreme Commander 2"
"Sid Meier's Civilization","7150","Sid Meier's Civilization","287340","12120","338","2","38","0","0","23.71","Sid Meier's Civilization"
"Battle Princess Madelyn","7151","Battle Princess Madelyn","287340","30060","371","4","129","0","0","9.56","Battle Princess Madelyn"
"Taiko no Tatsujin","7152","Taiko no Tatsujin","286980","32820","2321","2","136","0","0","8.74","Taiko no Tatsujin"
"Monster Jam: Steel Titans","7153","Monster Jam: Steel Titans","286980","34980","731","7","238","0","0","8.2","Monster Jam: Steel Titans"
"Digimon Digital Card Battle","7154","Digimon Digital Card Battle","286920","37620","189","2","72","0","0","7.63","Digimon Digital Card Battle"
"The Silver Case","7155","The Silver Case","286860","23400","223","2","72","0","0","12.26","The Silver Case"
"Zettai Zetsumei Toshi 4: Summer Memories","7156","Zettai Zetsumei Toshi 4: Summer Memories","286740","5700","454","2","10","0","0","50.31","Zettai Zetsumei Toshi 4: Summer Memories"
"Cat Lady","7157","Cat Lady","286740","15660","419","6","79","0","0","18.31","Cat Lady"
"Doom 4","7158","Doom 4","286620","113880","88","3","481","0","0","2.52","Doom 4"
"Mario Super Sluggers","7159","Mario Super Sluggers","286500","34200","344","2","100","0","0","8.38","Mario Super Sluggers"
"Bygg Bilar Med Mulle Meck","7160","Bygg Bilar Med Mulle Meck","286320","3600","1461","2","22","0","0","79.53","Bygg Bilar Med Mulle Meck"
"Pokémon: Masters Arena","7161","Pokémon: Masters Arena","286200","28080","605","8","159","0","0","10.19","Pokémon: Masters Arena"
"Rune Factory: Tides of Destiny","7162","Rune Factory: Tides of Destiny","286200","53820","53","3","46","0","0","5.32","Rune Factory: Tides of Destiny"
"Fatal Fury 2","7163","Fatal Fury 2","285960","7560","1548","1","23","0","0","37.83","Fatal Fury 2"
"Gemfire","7164","Gemfire","285900","38820","882","3","23","0","0","7.36","Gemfire"
"3D Dot Game Heroes","7165","3D Dot Game Heroes","285900","18180","450","2","40","0","0","15.73","3D Dot Game Heroes"
"Blockpost","7166","Blockpost","285720","99660","134","5","800","0","0","2.87","Blockpost"
"WRC: FIA World Rally Championship","7167","WRC: FIA World Rally Championship","285480","2280","921","1","9","0","0","125.21","WRC: FIA World Rally Championship"
"Knight Rider 2: The Game","7168","Knight Rider 2: The Game","285300","2820","6490","2","8","0","0","101.17","Knight Rider 2: The Game"
"Sdorica -sunset-","7169","Sdorica -sunset-","285300","40080","612","3","88","0","0","7.12","Sdorica -sunset-"
"Batman: Arkham VR","7170","Batman: Arkham VR","285240","13140","3079","2","359","0","0","21.71","Batman: Arkham VR"
"EA Sports MMA","7171","EA Sports MMA","285180","4620","1130","4","40","0","0","61.73","EA Sports MMA"
"Jets'n'Guns","7172","Jets'n'Guns","284760","25200","300","2","75","0","0","11.3","Jets'n'Guns"
"Ace of Spades","7173","Ace of Spades","284700","12480","3904","2","80","0","0","22.81","Ace of Spades"
"Fire","7174","Fire","284580","18120","838","2","28","0","0","15.71","Fire"
"Odallus: The Dark Call","7175","Odallus: The Dark Call","284580","20820","481","2","79","0","0","13.67","Odallus: The Dark Call"
"Digimon RPG","7176","Digimon RPG","284520","119040","1106","4","50","0","0","2.39","Digimon RPG"
"Tekken 6","7177","Tekken 6","284280","50700","619","2","171","0","0","5.61","Tekken 6"
"Mega Man Battle Network 4","7178","Mega Man Battle Network 4","284220","33180","124","2","53","0","0","8.57","Mega Man Battle Network 4"
"Silent Hill 2: Restless Dreams","7179","Silent Hill 2: Restless Dreams","284040","32220","505","3","77","0","0","8.82","Silent Hill 2: Restless Dreams"
"Way of the Samurai 3","7180","Way of the Samurai 3","283980","23940","1001","2","71","0","0","11.86","Way of the Samurai 3"
"10000000","7181","10000000","283980","10980","744","2","57","0","0","25.86","10000000"
"Sunset Riders","7182","Sunset Riders","283920","29340","1002","3","195","0","0","9.68","Sunset Riders"
"Sports Scramble","7183","Sports Scramble","283860","4140","2007","1","9","0","0","68.57","Sports Scramble"
"The Curse of Blackwater","7184","The Curse of Blackwater","283680","3000","3704","2","22","0","0","94.56","The Curse of Blackwater"
"Spellbreaker","7185","Spellbreaker","283680","19800","3546","3","163","0","0","14.33","Spellbreaker"
"Disc Creatures","7186","Disc Creatures","283680","13680","308","6","56","0","0","20.74","Disc Creatures"
"VelociDrone","7187","VelociDrone","283440","83520","62","3","146","0","0","3.39","VelociDrone"
"Juiced","7188","Juiced","282900","21060","467","3","55","0","0","13.43","Juiced"
"Dragonica","7189","Dragonica","282600","84120","194","4","136","0","0","3.36","Dragonica"
"The Last Federation","7190","The Last Federation","282360","1680","851","3","10","0","0","168.07","The Last Federation"
"Kitten'd","7191","Kitten'd","282060","10380","376","2","60","0","0","27.17","Kitten'd"
"Twilight Struggle","7192","Twilight Struggle","281760","17100","629","2","57","0","0","16.48","Twilight Struggle"
"Three Kingdoms: The Last Warlord","7193","Three Kingdoms: The Last Warlord","281700","17400","235","2","33","0","0","16.19","Three Kingdoms: The Last Warlord"
"Wild Arms 2","7194","Wild Arms 2","281700","72000","31","3","53","0","0","3.91","Wild Arms 2"
"Gargoyles","7195","Gargoyles","281040","7560","3481","3","25","0","0","37.17","Gargoyles"
"Heretic","7196","Heretic","280440","98220","43","3","194","0","0","2.86","Heretic"
"NothingElse","7197","NothingElse","280440","269100","208","5","747","0","0","1.04","NothingElse"
"AirMech","7198","AirMech","280320","48720","123","4","172","0","0","5.75","AirMech"
"Back to the Future: The Game - Episode 4: Double Visions","7199","Back to the Future: The Game - Episode 4: Double Visions","280320","4080","2530","1","18","0","0","68.71","Back to the Future: The Game - Episode 4: Double Visions"
"Clicker Heroes II","7200","Clicker Heroes II","280320","233220","192","5","168","0","0","1.2","Clicker Heroes II"