"","","Game","Watch time","Stream time","Peak viewers","Peak channels","Streamers","Average viewers","Average channels","Average viewer ratio",""
"NCIS","12301","NCIS","48480","1080","96","1","3","0","0","44.89","NCIS"
"Sorry, James","12302","Sorry, James","48480","6420","95","2","28","0","0","7.55","Sorry, James"
"Forza Street","12303","Forza Street","48480","33480","59","4","206","0","0","1.45","Forza Street"
"Dance Central 3","12304","Dance Central 3","48420","8640","30","1","33","0","0","5.6","Dance Central 3"
"Cauldron II: The Pumpkin Strikes Back","12305","Cauldron II: The Pumpkin Strikes Back","48420","300","242","2","2","0","0","161.4","Cauldron II: The Pumpkin Strikes Back"
"Nitro Type","12306","Nitro Type","48420","26400","81","2","167","0","0","1.83","Nitro Type"
"Don't Give Up: A Cynical Tale","12307","Don't Give Up: A Cynical Tale","48420","5640","314","2","23","0","0","8.59","Don't Give Up: A Cynical Tale"
"A Trip to Yugoslavia","12308","A Trip to Yugoslavia","48360","2280","135","1","20","0","0","21.21","A Trip to Yugoslavia"
"Foul Play","12309","Foul Play","48360","21960","28","2","126","0","0","2.2","Foul Play"
"112 Operator","12310","112 Operator","48360","3540","313","1","32","0","0","13.66","112 Operator"
"Elma's Erotic Sleep Training","12311","Elma's Erotic Sleep Training","48360","3840","153","1","3","0","0","12.59","Elma's Erotic Sleep Training"
"Mega Man Battle Network Chrono X","12312","Mega Man Battle Network Chrono X","48300","7560","115","2","26","0","0","6.39","Mega Man Battle Network Chrono X"
"Soukyugurentai","12313","Soukyugurentai","48300","1320","106","1","6","0","0","36.59","Soukyugurentai"
"Kingpin: Life of Crime","12314","Kingpin: Life of Crime","48300","14880","48","2","53","0","0","3.25","Kingpin: Life of Crime"
"RollerCoaster Tycoon 2: Wacky Worlds","12315","RollerCoaster Tycoon 2: Wacky Worlds","48300","8700","148","2","45","0","0","5.55","RollerCoaster Tycoon 2: Wacky Worlds"
"Pic-a-Pix Color","12316","Pic-a-Pix Color","48300","3000","712","1","21","0","0","16.1","Pic-a-Pix Color"
"Steep Slope Sliders","12317","Steep Slope Sliders","48300","1320","766","1","8","0","0","36.59","Steep Slope Sliders"
"Let Them Come","12318","Let Them Come","48240","9540","114","2","61","0","0","5.06","Let Them Come"
"Escape from the Princess","12319","Escape from the Princess","48240","1200","136","1","4","0","0","40.2","Escape from the Princess"
"The Adventures of Rocky and Bullwinkle and Friends","12320","The Adventures of Rocky and Bullwinkle and Friends","48240","1800","291","5","15","0","0","26.8","The Adventures of Rocky and Bullwinkle and Friends"
"Entity","12321","Entity","48240","2100","410","1","17","0","0","22.97","Entity"
"FUEL","12322","FUEL","48240","10980","41","2","29","0","0","4.39","FUEL"
"TradeOff","12323","TradeOff","48240","2160","302","1","10","0","0","22.33","TradeOff"
"Ghosts","12324","Ghosts","48180","31320","120","2","13","0","0","1.54","Ghosts"
"Hello Kitty Online","12325","Hello Kitty Online","48180","18300","294","2","45","0","0","2.63","Hello Kitty Online"
"Star Wars: Super Bombad Racing","12326","Star Wars: Super Bombad Racing","48180","540","382","1","5","0","0","89.22","Star Wars: Super Bombad Racing"
"Ax Battler: A Legend of Golden Axe","12327","Ax Battler: A Legend of Golden Axe","48180","1200","774","1","6","0","0","40.15","Ax Battler: A Legend of Golden Axe"
"Little Britain: The Video Game","12328","Little Britain: The Video Game","48180","540","398","1","5","0","0","89.22","Little Britain: The Video Game"
"Strong Bad's Cool Game for Attractive People","12329","Strong Bad's Cool Game for Attractive People","48180","12540","26","2","35","0","0","3.84","Strong Bad's Cool Game for Attractive People"
"Soundboxing","12330","Soundboxing","48180","12960","27","1","28","0","0","3.72","Soundboxing"
"E.Z","12331","E.Z","48180","1740","729","1","15","0","0","27.69","E.Z"
"Skylanders Imaginators","12332","Skylanders Imaginators","48120","44940","34","3","171","0","0","1.07","Skylanders Imaginators"
"Protect Me Knight","12333","Protect Me Knight","48120","660","328","1","2","0","0","72.91","Protect Me Knight"
"The Settlers IV: Mission CD","12334","The Settlers IV: Mission CD","48120","14700","88","2","56","0","0","3.27","The Settlers IV: Mission CD"
"Conker's Pocket Tales","12335","Conker's Pocket Tales","48120","1680","120","1","5","0","0","28.64","Conker's Pocket Tales"
"Stadium Events","12336","Stadium Events","48120","5340","266","1","4","0","0","9.01","Stadium Events"
"Game Character Hub","12337","Game Character Hub","48120","7740","21","1","12","0","0","6.22","Game Character Hub"
"Saturday Night Slam Masters","12338","Saturday Night Slam Masters","48060","2940","831","1","22","0","0","16.35","Saturday Night Slam Masters"
"Solatorobo: Red the Hunter","12339","Solatorobo: Red the Hunter","48060","14160","50","2","21","0","0","3.39","Solatorobo: Red the Hunter"
"Chaos","12340","Chaos","48060","3720","391","1","13","0","0","12.92","Chaos"
"Vikings: War of Clans","12341","Vikings: War of Clans","48060","20820","80","2","39","0","0","2.31","Vikings: War of Clans"
"Hell","12342","Hell","48060","5280","375","1","26","0","0","9.1","Hell"
"Ghostory","12343","Ghostory","48060","8220","89","1","39","0","0","5.85","Ghostory"
"Chocobo Racing 3D","12344","Chocobo Racing 3D","48060","60","801","1","1","0","0","801","Chocobo Racing 3D"
"SwordBounce","12345","SwordBounce","48000","600","137","1","2","0","0","80","SwordBounce"
"El Matador","12346","El Matador","48000","2160","250","1","13","0","0","22.22","El Matador"
"DubWars","12347","DubWars","48000","8220","115","1","62","0","0","5.84","DubWars"
"Boiling Point: Road to Hell","12348","Boiling Point: Road to Hell","47940","13560","53","2","23","0","0","3.54","Boiling Point: Road to Hell"
"League of Angels","12349","League of Angels","47940","24180","115","3","149","0","0","1.98","League of Angels"
"Barbie Superpack","12350","Barbie Superpack","47940","3840","350","1","12","0","0","12.48","Barbie Superpack"
"Klonoa: Empire of Dreams","12351","Klonoa: Empire of Dreams","47880","10260","41","4","36","0","0","4.67","Klonoa: Empire of Dreams"
"Invector","12352","Invector","47880","15840","45","3","86","0","0","3.02","Invector"
"Gegege no Kitarou - Fukkatsu! Tenma Daiou","12353","Gegege no Kitarou - Fukkatsu! Tenma Daiou","47880","180","798","1","0","0","0","266","Gegege no Kitarou - Fukkatsu! Tenma Daiou"
"Roundguard","12354","Roundguard","47880","4260","164","2","22","0","0","11.24","Roundguard"
"Salmon Run","12355","Salmon Run","47820","11940","39","2","9","0","0","4.01","Salmon Run"
"Freedom Wars","12356","Freedom Wars","47820","7920","27","1","13","0","0","6.04","Freedom Wars"
"The Terminator","12357","The Terminator","47760","2940","305","2","20","0","0","16.24","The Terminator"
"Rainbow Islands","12358","Rainbow Islands","47760","5640","193","2","31","0","0","8.47","Rainbow Islands"
"SpongeBob SquigglePants","12359","SpongeBob SquigglePants","47760","720","555","1","5","0","0","66.33","SpongeBob SquigglePants"
"Solitaire Collection","12360","Solitaire Collection","47760","11100","352","2","101","0","0","4.3","Solitaire Collection"
"The Path of Motus","12361","The Path of Motus","47700","840","216","1","7","0","0","56.79","The Path of Motus"
"I and Me","12362","I and Me","47700","6780","62","2","33","0","0","7.04","I and Me"
"God Eater","12363","God Eater","47700","8100","42","2","25","0","0","5.89","God Eater"
"NASCAR Rumble","12364","NASCAR Rumble","47700","7860","36","1","19","0","0","6.07","NASCAR Rumble"
"Battlegrounds 3","12365","Battlegrounds 3","47700","19260","48","2","143","0","0","2.48","Battlegrounds 3"
"Epic","12366","Epic","47640","12180","519","2","52","0","0","3.91","Epic"
"Ocean Commander","12367","Ocean Commander","47640","300","386","1","2","0","0","158.8","Ocean Commander"
"DJMAX Portable","12368","DJMAX Portable","47640","4140","188","1","7","0","0","11.51","DJMAX Portable"
"World's Dawn","12369","World's Dawn","47640","13320","64","2","39","0","0","3.58","World's Dawn"
"Ironwolf VR","12370","Ironwolf VR","47640","19200","127","3","105","0","0","2.48","Ironwolf VR"
"Speedball 2100","12371","Speedball 2100","47580","660","127","1","1","0","0","72.09","Speedball 2100"
"VR Furballs: Demolition","12372","VR Furballs: Demolition","47580","1740","337","1","10","0","0","27.34","VR Furballs: Demolition"
"Flight of the Amazon Queen","12373","Flight of the Amazon Queen","47580","6360","145","2","14","0","0","7.48","Flight of the Amazon Queen"
"Dance Dance Revolution X","12374","Dance Dance Revolution X","47580","4740","315","1","17","0","0","10.04","Dance Dance Revolution X"
"Golden Axe Warrior","12375","Golden Axe Warrior","47580","6660","182","2","17","0","0","7.14","Golden Axe Warrior"
"Jade Dynasty","12376","Jade Dynasty","47580","36180","26","2","38","0","0","1.32","Jade Dynasty"
"PiiSim","12377","PiiSim","47580","480","397","1","6","0","0","99.13","PiiSim"
"Warm Up!","12378","Warm Up!","47520","7440","77","1","14","0","0","6.39","Warm Up!"
"Grandma Bethlinda's Variety Box","12379","Grandma Bethlinda's Variety Box","47520","20580","48","1","10","0","0","2.31","Grandma Bethlinda's Variety Box"
"Interstate '76: Nitro Pack","12380","Interstate '76: Nitro Pack","47520","15420","10","2","5","0","0","3.08","Interstate '76: Nitro Pack"
"Avakin Life","12381","Avakin Life","47460","58440","13","3","134","0","0","0.81","Avakin Life"
"Pandora's Box","12382","Pandora's Box","47460","9600","123","2","12","0","0","4.94","Pandora's Box"
"Nintendo Puzzle Collection","12383","Nintendo Puzzle Collection","47460","16620","34","2","20","0","0","2.86","Nintendo Puzzle Collection"
"Toy Story 3: The Video Game","12384","Toy Story 3: The Video Game","47460","15000","93","2","56","0","0","3.16","Toy Story 3: The Video Game"
"Harvest Moon: Mad Dash","12385","Harvest Moon: Mad Dash","47460","4620","113","2","24","0","0","10.27","Harvest Moon: Mad Dash"
"Hold the Fort","12386","Hold the Fort","47400","4380","294","2","20","0","0","10.82","Hold the Fort"
"Bloody Roar: Primal Fury","12387","Bloody Roar: Primal Fury","47340","5340","203","2","42","0","0","8.87","Bloody Roar: Primal Fury"
"RAID","12388","RAID","47340","33360","68","3","191","0","0","1.42","RAID"
"Iggy's Reckin' Balls","12389","Iggy's Reckin' Balls","47340","10980","258","2","18","0","0","4.31","Iggy's Reckin' Balls"
"StepManiaX","12390","StepManiaX","47340","18360","43","2","26","0","0","2.58","StepManiaX"
"In Other Waters","12391","In Other Waters","47340","300","480","1","3","0","0","157.8","In Other Waters"
"Tiger-Heli","12392","Tiger-Heli","47280","1320","452","1","3","0","0","35.82","Tiger-Heli"
"Gods","12393","Gods","47280","3360","276","4","19","0","0","14.07","Gods"
"Super Ninja Boy","12394","Super Ninja Boy","47280","6660","59","1","6","0","0","7.1","Super Ninja Boy"
"Letter Quest: Grimm's Journey","12395","Letter Quest: Grimm's Journey","47220","9420","48","1","53","0","0","5.01","Letter Quest: Grimm's Journey"
"Yu-Gi-Oh! Ultimate Masters: World Championship Tournament 2006","12396","Yu-Gi-Oh! Ultimate Masters: World Championship Tournament 2006","47220","13920","20","3","20","0","0","3.39","Yu-Gi-Oh! Ultimate Masters: World Championship Tournament 2006"
"Zombie Shooter","12397","Zombie Shooter","47220","3960","275","2","20","0","0","11.92","Zombie Shooter"
"PES Club Manager","12398","PES Club Manager","47220","12600","611","2","37","0","0","3.75","PES Club Manager"
"Aground","12399","Aground","47220","16920","94","2","43","0","0","2.79","Aground"
"At Home Alone","12400","At Home Alone","47220","11400","111","2","93","0","0","4.14","At Home Alone"