"","","Game","Watch time","Stream time","Peak viewers","Peak channels","Streamers","Average viewers","Average channels","Average viewer ratio",""
"Atelier Iris 2: The Azoth of Destiny","8901","Atelier Iris 2: The Azoth of Destiny","145500","19440","67","2","12","0","0","7.48","Atelier Iris 2: The Azoth of Destiny"
"The Boogie Man","8902","The Boogie Man","145500","24300","56","2","60","0","0","5.99","The Boogie Man"
"Parodius","8903","Parodius","145320","6180","1649","2","41","0","0","23.51","Parodius"
"Future Cop LAPD","8904","Future Cop LAPD","145320","8160","1691","2","37","0","0","17.81","Future Cop LAPD"
"GIRP","8905","GIRP","145260","1080","601","1","9","0","0","134.5","GIRP"
"Dark Years","8906","Dark Years","145260","1980","881","2","13","0","0","73.36","Dark Years"
"Spot the Differences!","8907","Spot the Differences!","145200","840","2413","1","5","0","0","172.86","Spot the Differences!"
"Phantasy Star Universe","8908","Phantasy Star Universe","145140","53700","117","5","117","0","0","2.7","Phantasy Star Universe"
"Live Draft Tracker","8909","Live Draft Tracker","145140","1860","538","1","4","0","0","78.03","Live Draft Tracker"
"Hagane: The Final Conflict","8910","Hagane: The Final Conflict","144960","4620","422","1","19","0","0","31.38","Hagane: The Final Conflict"
"Will Rock","8911","Will Rock","144960","9480","603","2","45","0","0","15.29","Will Rock"
"Pilot Sports","8912","Pilot Sports","144960","3120","527","1","15","0","0","46.46","Pilot Sports"
"Road to Guangdong","8913","Road to Guangdong","144780","4320","511","2","41","0","0","33.51","Road to Guangdong"
"Duke of Defense","8914","Duke of Defense","144780","5640","1682","3","33","0","0","25.67","Duke of Defense"
"Killzone 2","8915","Killzone 2","144600","13320","333","2","45","0","0","10.86","Killzone 2"
"Shit Storm","8916","Shit Storm","144600","5400","1119","1","22","0","0","26.78","Shit Storm"
"Deep Space Waifu","8917","Deep Space Waifu","144540","15900","817","2","128","0","0","9.09","Deep Space Waifu"
"Perimeter 2: New Earth","8918","Perimeter 2: New Earth","144540","300","1234","2","3","0","0","481.8","Perimeter 2: New Earth"
"Delete","8919","Delete","144540","2820","632","1","19","0","0","51.26","Delete"
"Hay Day","8920","Hay Day","144540","88800","96","3","185","0","0","1.63","Hay Day"
"Samorost 2","8921","Samorost 2","144540","7740","222","2","65","0","0","18.67","Samorost 2"
"Kane & Lynch 2: Dog Days","8922","Kane & Lynch 2: Dog Days","144480","45540","199","4","263","0","0","3.17","Kane & Lynch 2: Dog Days"
"Tom Clancy's EndWar","8923","Tom Clancy's EndWar","144420","22140","1459","2","65","0","0","6.52","Tom Clancy's EndWar"
"Chip's Challenge","8924","Chip's Challenge","144360","11280","1417","1","65","0","0","12.8","Chip's Challenge"
"Plunge","8925","Plunge","144360","3840","330","2","27","0","0","37.59","Plunge"
"My Lovely Daughter","8926","My Lovely Daughter","144360","15420","649","2","56","0","0","9.36","My Lovely Daughter"
"Brain / Out","8927","Brain / Out","144300","37860","330","2","214","0","0","3.81","Brain / Out"
"Harvest Moon: Tree of Tranquility","8928","Harvest Moon: Tree of Tranquility","144300","25020","113","2","24","0","0","5.77","Harvest Moon: Tree of Tranquility"
"Nightmare","8929","Nightmare","144300","3420","1946","2","20","0","0","42.19","Nightmare"
"Super C","8930","Super C","144300","18480","252","6","93","0","0","7.81","Super C"
"Ice Climber","8931","Ice Climber","144180","15660","197","2","71","0","0","9.21","Ice Climber"
"Terra Nova: Strike Force Centauri","8932","Terra Nova: Strike Force Centauri","144180","2760","161","1","7","0","0","52.24","Terra Nova: Strike Force Centauri"
"Squirbs","8933","Squirbs","144180","1560","1185","1","8","0","0","92.42","Squirbs"
"The Spongebob Squarepants Movie Game","8934","The Spongebob Squarepants Movie Game","144180","6660","852","2","30","0","0","21.65","The Spongebob Squarepants Movie Game"
"Naruto Arena","8935","Naruto Arena","144120","23820","179","4","48","0","0","6.05","Naruto Arena"
"SimCity: Cities of Tomorrow","8936","SimCity: Cities of Tomorrow","144060","60360","26","3","211","0","0","2.39","SimCity: Cities of Tomorrow"
"Running with Rifles","8937","Running with Rifles","144060","48300","239","3","239","0","0","2.98","Running with Rifles"
"Ace Combat Zero: The Belkan War","8938","Ace Combat Zero: The Belkan War","144000","48840","53","3","136","0","0","2.95","Ace Combat Zero: The Belkan War"
"Shadow Complex","8939","Shadow Complex","143940","56520","161","3","145","0","0","2.55","Shadow Complex"
"Techwars: Global Conflict","8940","Techwars: Global Conflict","143940","9780","1265","2","39","0","0","14.72","Techwars: Global Conflict"
"Tree Simulator 2020","8941","Tree Simulator 2020","143940","8220","201","2","41","0","0","17.51","Tree Simulator 2020"
"Ace Combat 04: Shattered Skies","8942","Ace Combat 04: Shattered Skies","143880","40020","89","4","132","0","0","3.6","Ace Combat 04: Shattered Skies"
"Lyne","8943","Lyne","143820","17280","193","2","96","0","0","8.32","Lyne"
"Road Runner's Death Valley Rally","8944","Road Runner's Death Valley Rally","143760","1920","1648","1","11","0","0","74.88","Road Runner's Death Valley Rally"
"Harvest Moon: Save the Homeland","8945","Harvest Moon: Save the Homeland","143640","24840","268","2","79","0","0","5.78","Harvest Moon: Save the Homeland"
"Arpiel Online","8946","Arpiel Online","143520","77160","35","5","57","0","0","1.86","Arpiel Online"
"Nekomimi Vampire","8947","Nekomimi Vampire","143460","180","1020","1","1","0","0","797","Nekomimi Vampire"
"Private Lessons","8948","Private Lessons","143400","13260","108","2","15","0","0","10.81","Private Lessons"
"Football Drama","8949","Football Drama","143400","3000","898","2","21","0","0","47.8","Football Drama"
"Food Fantasy","8950","Food Fantasy","143280","23700","54","2","73","0","0","6.05","Food Fantasy"
"Wide Cross","8951","Wide Cross","143280","1320","1514","1","12","0","0","108.55","Wide Cross"
"Fluffy Horde","8952","Fluffy Horde","143100","15060","176","2","109","0","0","9.5","Fluffy Horde"
"Phantasy Star Online Episode III: C.A.R.D. Revolution","8953","Phantasy Star Online Episode III: C.A.R.D. Revolution","143100","19560","1094","1","30","0","0","7.32","Phantasy Star Online Episode III: C.A.R.D. Revolution"
"Tales of Destiny 2","8954","Tales of Destiny 2","142980","24000","105","2","34","0","0","5.96","Tales of Destiny 2"
"Snow Bros. Nick & Tom","8955","Snow Bros. Nick & Tom","142920","11460","1099","2","72","0","0","12.47","Snow Bros. Nick & Tom"
"Minion Master","8956","Minion Master","142860","18600","316","2","120","0","0","7.68","Minion Master"
"Conception II: Children of the Seven Stars","8957","Conception II: Children of the Seven Stars","142860","45000","67","3","74","0","0","3.17","Conception II: Children of the Seven Stars"
"ShadowSide","8958","ShadowSide","142860","12780","257","3","57","0","0","11.18","ShadowSide"
"Venture Kid","8959","Venture Kid","142860","3540","1001","2","21","0","0","40.36","Venture Kid"
"Godzilla: Monster of Monsters","8960","Godzilla: Monster of Monsters","142800","2760","485","1","16","0","0","51.74","Godzilla: Monster of Monsters"
"Dark Sun: Shattered Lands","8961","Dark Sun: Shattered Lands","142740","8340","486","2","16","0","0","17.12","Dark Sun: Shattered Lands"
"Castlevania: The Adventure","8962","Castlevania: The Adventure","142680","11220","1245","2","42","0","0","12.72","Castlevania: The Adventure"
"NG","8963","NG","142680","34740","63","5","71","0","0","4.11","NG"
"M.A.S.S. Builder","8964","M.A.S.S. Builder","142680","27480","206","3","160","0","0","5.19","M.A.S.S. Builder"
"The Amazing Virtual Sea Monkeys","8965","The Amazing Virtual Sea Monkeys","142620","600","469","2","3","0","0","237.7","The Amazing Virtual Sea Monkeys"
"Spellstone","8966","Spellstone","142560","25260","38","1","8","0","0","5.64","Spellstone"
"Shinseiki GPX Cyber Formula SIN VIER","8967","Shinseiki GPX Cyber Formula SIN VIER","142560","14160","1052","5","18","0","0","10.07","Shinseiki GPX Cyber Formula SIN VIER"
"Nightmare Creatures","8968","Nightmare Creatures","142440","12660","724","2","74","0","0","11.25","Nightmare Creatures"
"Death to Spies: Moment of Truth","8969","Death to Spies: Moment of Truth","142380","2700","1137","1","12","0","0","52.73","Death to Spies: Moment of Truth"
"Neighbors from Hell 2: On Vacation","8970","Neighbors from Hell 2: On Vacation","142380","5460","201","1","38","0","0","26.08","Neighbors from Hell 2: On Vacation"
"V","8971","V","142320","8760","383","2","1267","0","0","16.25","V"
"Camera Obscura","8972","Camera Obscura","142200","28020","496","2","20","0","0","5.07","Camera Obscura"
"Age of Barbarian","8973","Age of Barbarian","142140","4680","852","1","16","0","0","30.37","Age of Barbarian"
"Total War: ARENA","8974","Total War: ARENA","142140","18600","226","5","69","0","0","7.64","Total War: ARENA"
"Gothic 3 : Forsaken Gods","8975","Gothic 3 : Forsaken Gods","142080","25800","513","3","61","0","0","5.51","Gothic 3 : Forsaken Gods"
"Detective Grimoire","8976","Detective Grimoire","141960","8100","416","2","38","0","0","17.53","Detective Grimoire"
"Okage: Shadow King","8977","Okage: Shadow King","141960","52800","40","3","144","0","0","2.69","Okage: Shadow King"
"Romance of the Three Kingdoms VI: Awakening of the Dragon","8978","Romance of the Three Kingdoms VI: Awakening of the Dragon","141900","5280","208","1","6","0","0","26.88","Romance of the Three Kingdoms VI: Awakening of the Dragon"
"FNaF World: Halloween Edition","8979","FNaF World: Halloween Edition","141900","63540","297","4","302","0","0","2.23","FNaF World: Halloween Edition"
"The Endless Mission","8980","The Endless Mission","141900","5340","287","5","37","0","0","26.57","The Endless Mission"
"Giga Wrecker","8981","Giga Wrecker","141840","15540","581","3","52","0","0","9.13","Giga Wrecker"
"Shady's Poopong: 22nd Anniversary Edition","8982","Shady's Poopong: 22nd Anniversary Edition","141780","1260","525","1","4","0","0","112.52","Shady's Poopong: 22nd Anniversary Edition"
"Drakan: The Ancients' Gates","8983","Drakan: The Ancients' Gates","141780","19080","131","2","32","0","0","7.43","Drakan: The Ancients' Gates"
"Dinosaur Hunting","8984","Dinosaur Hunting","141720","1380","1170","1","21","0","0","102.7","Dinosaur Hunting"
"Papo & Yo","8985","Papo & Yo","141720","10920","482","2","49","0","0","12.98","Papo & Yo"
"Way of the Samurai","8986","Way of the Samurai","141660","8880","310","2","35","0","0","15.95","Way of the Samurai"
"Re-Volt","8987","Re-Volt","141660","69180","76","4","134","0","0","2.05","Re-Volt"
"Golden Treasure: The Great Green","8988","Golden Treasure: The Great Green","141600","10860","1614","2","25","0","0","13.04","Golden Treasure: The Great Green"
"Gex","8989","Gex","141540","19200","874","2","61","0","0","7.37","Gex"
"Darksburg","8990","Darksburg","141480","8160","592","5","48","0","0","17.34","Darksburg"
"Simulator SIMT MHD","8991","Simulator SIMT MHD","141420","6540","160","2","29","0","0","21.62","Simulator SIMT MHD"
"Dragon Quest Monsters: Joker 3 Professional","8992","Dragon Quest Monsters: Joker 3 Professional","141360","1620","608","1","3","0","0","87.26","Dragon Quest Monsters: Joker 3 Professional"
"Half-Life 2: Deathmatch","8993","Half-Life 2: Deathmatch","141300","61500","657","3","230","0","0","2.3","Half-Life 2: Deathmatch"
"Divinity II: Flames of Vengeance","8994","Divinity II: Flames of Vengeance","141300","18420","383","2","25","0","0","7.67","Divinity II: Flames of Vengeance"
"Onechanbara Z2: Chaos","8995","Onechanbara Z2: Chaos","141180","49620","170","3","236","0","0","2.85","Onechanbara Z2: Chaos"
"Wormate.io","8996","Wormate.io","141180","34560","215","3","143","0","0","4.09","Wormate.io"
"Are You Smarter Than A 5th Grader","8997","Are You Smarter Than A 5th Grader","141180","4320","321","2","37","0","0","32.68","Are You Smarter Than A 5th Grader"
"Hard Reset: Redux","8998","Hard Reset: Redux","141180","40380","89","3","168","0","0","3.5","Hard Reset: Redux"
"Carmageddon: Max Damage","8999","Carmageddon: Max Damage","141060","53160","519","3","228","0","0","2.65","Carmageddon: Max Damage"
"Pokémon Rumble Blast","9000","Pokémon Rumble Blast","141000","6120","677","2","16","0","0","23.04","Pokémon Rumble Blast"