"","","Game","Watch time","Stream time","Peak viewers","Peak channels","Streamers","Average viewers","Average channels","Average viewer ratio",""
"Family Feud 2012 Edition","3001","Family Feud 2012 Edition","2428500","900","8881","1","5","4","0","2698.33","Family Feud 2012 Edition"
"SD Gundam Capsule Fighter Online","3002","SD Gundam Capsule Fighter Online","2427420","376620","172","16","198","4","0","6.45","SD Gundam Capsule Fighter Online"
"Grandia HD Collection","3003","Grandia HD Collection","2426580","160200","1826","17","228","4","0","15.15","Grandia HD Collection"
"Lunatic Rave 2","3004","Lunatic Rave 2","2422980","433260","2581","6","438","4","0","5.59","Lunatic Rave 2"
"Harry Potter and the Half-Blood Prince","3005","Harry Potter and the Half-Blood Prince","2422500","67980","3263","3","149","4","0","35.64","Harry Potter and the Half-Blood Prince"
"Skylar & Plux: Adventure on Clover Island","3006","Skylar & Plux: Adventure on Clover Island","2422320","10320","68341","10","42","4","0","234.72","Skylar & Plux: Adventure on Clover Island"
"SteamWorld Dig 2","3007","SteamWorld Dig 2","2421660","144480","16370","7","484","4","0","16.76","SteamWorld Dig 2"
"Lost Castle","3008","Lost Castle","2420700","227760","1707","6","820","4","0","10.63","Lost Castle"
"Hayarigami: Toshi Densetsu Kaii Jiken","3009","Hayarigami: Toshi Densetsu Kaii Jiken","2419500","7080","6228","1","3","4","0","341.74","Hayarigami: Toshi Densetsu Kaii Jiken"
"Magic Knight Rayearth","3010","Magic Knight Rayearth","2417100","10620","12030","4","34","4","0","227.6","Magic Knight Rayearth"
"Abandon Ship","3011","Abandon Ship","2416200","47880","6740","8","177","4","0","50.46","Abandon Ship"
"Touhou: Scarlet Curiosity","3012","Touhou: Scarlet Curiosity","2415840","36900","16294","8","155","4","0","65.47","Touhou: Scarlet Curiosity"
"Mountain","3013","Mountain","2414700","112080","21297","4","255","4","0","21.54","Mountain"
"Ultimate Mortal Kombat 3","3014","Ultimate Mortal Kombat 3","2414640","87180","13735","4","263","4","0","27.7","Ultimate Mortal Kombat 3"
"Faceless","3015","Faceless","2411760","8160","28796","7","50","4","0","295.56","Faceless"
"Pokémon Battle Revolution","3016","Pokémon Battle Revolution","2406420","122400","16997","5","382","4","0","19.66","Pokémon Battle Revolution"
"Tetris Worlds","3017","Tetris Worlds","2405940","8580","20196","3","50","4","0","280.41","Tetris Worlds"
"Life is Feudal: Your Own","3018","Life is Feudal: Your Own","2404080","368760","753","7","613","4","0","6.52","Life is Feudal: Your Own"
"Wrath: Aeon of Ruin","3019","Wrath: Aeon of Ruin","2403900","34680","5900","13","241","4","0","69.32","Wrath: Aeon of Ruin"
"Soccer Life!","3020","Soccer Life!","2401920","6480","12540","2","20","4","0","370.67","Soccer Life!"
"Oculus VR","3021","Oculus VR","2400480","247980","6135","7","1057","4","0","9.68","Oculus VR"
"Super Hydlide","3022","Super Hydlide","2396700","10140","18746","5","17","4","0","236.36","Super Hydlide"
"Extra Life","3023","Extra Life","2393160","58260","4768","8","312","4","0","41.08","Extra Life"
"Fear the Night","3024","Fear the Night","2392740","180480","2510","34","358","4","0","13.26","Fear the Night"
"EA Sports UFC 2","3025","EA Sports UFC 2","2390820","750660","3837","10","3857","4","1","3.18","EA Sports UFC 2"
"Fez","3026","Fez","2389200","348060","1256","23","2257","4","0","6.86","Fez"
"Bus Driver Simulator 2018","3027","Bus Driver Simulator 2018","2388900","29580","2566","3","183","4","0","80.76","Bus Driver Simulator 2018"
"Anarchy Online","3028","Anarchy Online","2386020","293160","659","8","235","4","0","8.14","Anarchy Online"
"Virtua Fighter 5 Final Showdown","3029","Virtua Fighter 5 Final Showdown","2384700","140040","9631","3","162","4","0","17.03","Virtua Fighter 5 Final Showdown"
"Creatures Inc","3030","Creatures Inc","2382960","20520","26557","4","138","4","0","116.13","Creatures Inc"
"Insurgency","3031","Insurgency","2382540","825660","1524","10","5275","4","1","2.89","Insurgency"
"Ys: Memories of Celceta","3032","Ys: Memories of Celceta","2381100","150420","16012","7","168","4","0","15.83","Ys: Memories of Celceta"
"Golf Clash","3033","Golf Clash","2380800","713940","584","129","619","4","1","3.33","Golf Clash"
"Toejam & Earl","3034","Toejam & Earl","2380740","102420","3860","7","280","4","0","23.24","Toejam & Earl"
"Shakedown Hawaii","3035","Shakedown Hawaii","2380500","64680","3212","13","376","4","0","36.8","Shakedown Hawaii"
"Icewind Dale: Enhanced Edition","3036","Icewind Dale: Enhanced Edition","2379540","145320","16827","4","204","4","0","16.37","Icewind Dale: Enhanced Edition"
"The King of Fighters '98 Ultimate Match","3037","The King of Fighters '98 Ultimate Match","2378160","65940","8074","3","260","4","0","36.07","The King of Fighters '98 Ultimate Match"
"Cricket","3038","Cricket","2375880","273480","3983","5","124","4","0","8.69","Cricket"
"Tabletop Gods","3039","Tabletop Gods","2375460","119580","1013","32","566","4","0","19.87","Tabletop Gods"
"Dungeon of the Endless","3040","Dungeon of the Endless","2374260","298980","2719","10","1156","4","0","7.94","Dungeon of the Endless"
"Arknights","3041","Arknights","2372940","218520","546","28","329","4","0","10.86","Arknights"
"Hide and Shriek","3042","Hide and Shriek","2368560","118440","28182","8","1100","4","0","20","Hide and Shriek"
"Neo Scavenger","3043","Neo Scavenger","2365740","55380","2258","4","181","4","0","42.72","Neo Scavenger"
"Iron Marines","3044","Iron Marines","2365140","20820","6283","5","82","4","0","113.6","Iron Marines"
"Depraved","3045","Depraved","2365080","52320","3208","10","169","4","0","45.2","Depraved"
"The Great Perhaps","3046","The Great Perhaps","2364000","13140","7709","4","73","4","0","179.91","The Great Perhaps"
"The End is Nigh","3047","The End is Nigh","2358960","273720","2143","12","1216","4","0","8.62","The End is Nigh"
"Alien Swarm: Reactive Drop","3048","Alien Swarm: Reactive Drop","2358480","193800","4317","7","1169","4","0","12.17","Alien Swarm: Reactive Drop"
"Final Fantasy Tactics: The War of the Lions","3049","Final Fantasy Tactics: The War of the Lions","2356680","270060","707","6","353","4","0","8.73","Final Fantasy Tactics: The War of the Lions"
"VVVVVV","3050","VVVVVV","2355720","203700","20643","12","758","4","0","11.56","VVVVVV"
"Murderous Pursuits","3051","Murderous Pursuits","2352780","54420","23171","8","335","4","0","43.23","Murderous Pursuits"
"Morels: The Hunt","3052","Morels: The Hunt","2347140","10740","17520","3","58","4","0","218.54","Morels: The Hunt"
"Niffelheim","3053","Niffelheim","2345580","80340","5746","5","351","4","0","29.2","Niffelheim"
"Assassin's Creed: Rogue","3054","Assassin's Creed: Rogue","2345580","538920","525","8","1539","4","1","4.35","Assassin's Creed: Rogue"
"The Infectious Madness of Doctor Dekker","3055","The Infectious Madness of Doctor Dekker","2344620","94800","2089","4","228","4","0","24.73","The Infectious Madness of Doctor Dekker"
"Hokuto no Ken","3056","Hokuto no Ken","2343960","17820","5432","2","41","4","0","131.54","Hokuto no Ken"
"Viscera Cleanup Detail: Santa's Rampage","3057","Viscera Cleanup Detail: Santa's Rampage","2340960","96540","14032","17","696","4","0","24.25","Viscera Cleanup Detail: Santa's Rampage"
"The Guild 3","3058","The Guild 3","2338320","75900","2698","7","245","4","0","30.81","The Guild 3"
"Suite 776","3059","Suite 776","2337240","12360","10914","5","108","4","0","189.1","Suite 776"
"Gorogoa","3060","Gorogoa","2336640","73620","4605","3","442","4","0","31.74","Gorogoa"
"Echo of Soul Online","3061","Echo of Soul Online","2336580","332160","3573","8","300","4","0","7.03","Echo of Soul Online"
"Harry Potter: Wizards Unite","3062","Harry Potter: Wizards Unite","2336460","59100","3709","11","238","4","0","39.53","Harry Potter: Wizards Unite"
"Overhit","3063","Overhit","2334060","158220","667","14","286","4","0","14.75","Overhit"
"Deep Sky Derelicts","3064","Deep Sky Derelicts","2334060","99540","1063","4","271","4","0","23.45","Deep Sky Derelicts"
"Luigi's Mansion: Dark Moon","3065","Luigi's Mansion: Dark Moon","2333580","127860","1196","6","143","4","0","18.25","Luigi's Mansion: Dark Moon"
"Pump It Up XX: 20th Anniversary Edition","3066","Pump It Up XX: 20th Anniversary Edition","2332500","361080","455","6","124","4","0","6.46","Pump It Up XX: 20th Anniversary Edition"
"Horror Legends","3067","Horror Legends","2331960","10200","7912","3","44","4","0","228.62","Horror Legends"
"Hidden Folks","3068","Hidden Folks","2330340","118560","1451","4","765","4","0","19.66","Hidden Folks"
"Jet Grind Radio","3069","Jet Grind Radio","2326620","228840","3327","9","889","4","0","10.17","Jet Grind Radio"
"Avorion","3070","Avorion","2326320","516300","1047","9","712","4","0","4.51","Avorion"
"Generations Lost","3071","Generations Lost","2320620","420","107918","8","13","4","0","5525.29","Generations Lost"
"Pantheon: Rise of the Fallen","3072","Pantheon: Rise of the Fallen","2316840","10860","11546","4","13","4","0","213.34","Pantheon: Rise of the Fallen"
"Tarot","3073","Tarot","2316540","176340","2096","5","214","4","0","13.14","Tarot"
"Farland Symphony","3074","Farland Symphony","2314200","2700","3760","1","5","4","0","857.11","Farland Symphony"
"Wasteland 2","3075","Wasteland 2","2314080","366840","819","6","649","4","0","6.31","Wasteland 2"
"Shadowgun Legends","3076","Shadowgun Legends","2309640","96480","508","4","251","4","0","23.94","Shadowgun Legends"
"Space Junkies","3077","Space Junkies","2309520","90780","13795","13","412","4","0","25.44","Space Junkies"
"Golf","3078","Golf","2309460","62580","17697","3","208","4","0","36.9","Golf"
"Sonic & All-Stars Racing Transformed","3079","Sonic & All-Stars Racing Transformed","2308140","277320","3973","10","1324","4","0","8.32","Sonic & All-Stars Racing Transformed"
"The Operative: No One Lives Forever","3080","The Operative: No One Lives Forever","2299440","63000","755","3","93","4","0","36.5","The Operative: No One Lives Forever"
"Wurm Online","3081","Wurm Online","2298660","245040","172","5","97","4","0","9.38","Wurm Online"
"Monster Energy Supercross - The Official Videogame 2","3082","Monster Energy Supercross - The Official Videogame 2","2297220","233100","1431","13","1352","4","0","9.86","Monster Energy Supercross - The Official Videogame 2"
"Fire Emblem: Seisen no Keifu","3083","Fire Emblem: Seisen no Keifu","2295060","184500","1257","5","198","4","0","12.44","Fire Emblem: Seisen no Keifu"
"Contra: Rogue Corps","3084","Contra: Rogue Corps","2293620","52380","5965","13","250","4","0","43.79","Contra: Rogue Corps"
"Dragon Warrior VII","3085","Dragon Warrior VII","2292360","63540","395","3","29","4","0","36.08","Dragon Warrior VII"
"Vagante","3086","Vagante","2292060","287580","1056","6","795","4","0","7.97","Vagante"
"Digimon World 3","3087","Digimon World 3","2289240","216960","2484","5","279","4","0","10.55","Digimon World 3"
"Azure Dreams","3088","Azure Dreams","2289240","198720","760","8","145","4","0","11.52","Azure Dreams"
"Fire Emblem: Awakening","3089","Fire Emblem: Awakening","2286240","233520","608","6","365","4","0","9.79","Fire Emblem: Awakening"
"The Bradwell Conspiracy","3090","The Bradwell Conspiracy","2285040","12900","8395","4","66","4","0","177.13","The Bradwell Conspiracy"
"A Gummy's Life","3091","A Gummy's Life","2283540","4740","21136","4","34","4","0","481.76","A Gummy's Life"
"Legend of Grimrock 2","3092","Legend of Grimrock 2","2280720","175920","5549","4","274","4","0","12.96","Legend of Grimrock 2"
"Thief II: The Metal Age","3093","Thief II: The Metal Age","2280420","238740","2717","6","157","4","0","9.55","Thief II: The Metal Age"
"OrbusVR","3094","OrbusVR","2280300","172260","9925","11","539","4","0","13.24","OrbusVR"
"Teenage Mutant Ninja Turtles","3095","Teenage Mutant Ninja Turtles","2278680","119580","6285","5","357","4","0","19.06","Teenage Mutant Ninja Turtles"
"Monkey King: Hero Is Back The Game","3096","Monkey King: Hero Is Back The Game","2277540","41640","8607","12","165","4","0","54.7","Monkey King: Hero Is Back The Game"
"Ninja Spirit","3097","Ninja Spirit","2276160","2520","109138","9","22","4","0","903.24","Ninja Spirit"
"LEGO Star Wars: The Video Game","3098","LEGO Star Wars: The Video Game","2275860","79620","3188","3","213","4","0","28.58","LEGO Star Wars: The Video Game"
"Woodwork Simulator","3099","Woodwork Simulator","2275200","7680","7457","2","55","4","0","296.25","Woodwork Simulator"
"WWF No Mercy","3100","WWF No Mercy","2273700","60720","9180","3","192","4","0","37.45","WWF No Mercy"