"","","Game","Watch time","Stream time","Peak viewers","Peak channels","Streamers","Average viewers","Average channels","Average viewer ratio",""
"Ys I & II Chronicles","3801","Ys I & II Chronicles","1447860","144660","1292","6","218","2","0","10.01","Ys I & II Chronicles"
"Mana Spark","3802","Mana Spark","1446540","33420","1717","5","153","2","0","43.28","Mana Spark"
"Halo Wars","3803","Halo Wars","1446000","314040","648","7","1303","2","0","4.6","Halo Wars"
"Sacred 2: Ice and Blood","3804","Sacred 2: Ice and Blood","1445400","52860","1498","2","126","2","0","27.34","Sacred 2: Ice and Blood"
"Alone in the Dark","3805","Alone in the Dark","1444500","101100","1709","3","239","2","0","14.29","Alone in the Dark"
"Castlevania: Harmony of Despair","3806","Castlevania: Harmony of Despair","1442940","137400","2700","9","240","2","0","10.5","Castlevania: Harmony of Despair"
"Fallout Shelter","3807","Fallout Shelter","1442880","591780","1343","8","2892","2","1","2.44","Fallout Shelter"
"Doom 3: Resurrection of Evil","3808","Doom 3: Resurrection of Evil","1442220","54180","3296","3","210","2","0","26.62","Doom 3: Resurrection of Evil"
"Zoo Tycoon: Ultimate Animal Collection","3809","Zoo Tycoon: Ultimate Animal Collection","1442220","184800","1483","5","1158","2","0","7.8","Zoo Tycoon: Ultimate Animal Collection"
"Opus Magnum","3810","Opus Magnum","1440420","95460","949","4","366","2","0","15.09","Opus Magnum"
"The Guild 2","3811","The Guild 2","1440360","15780","6068","3","55","2","0","91.28","The Guild 2"
"Need for Speed Rivals","3812","Need for Speed Rivals","1437960","545220","2765","7","3244","2","1","2.64","Need for Speed Rivals"
"THE iDOLM@STER PLATINUM STARS","3813","THE iDOLM@STER PLATINUM STARS","1436280","19800","7049","2","38","2","0","72.54","THE iDOLM@STER PLATINUM STARS"
"Haven","3814","Haven","1435800","3420","20279","4","56","2","0","419.82","Haven"
"Inferna","3815","Inferna","1435140","88020","2102","55","260","2","0","16.3","Inferna"
"Boku no Natsuyasumi","3816","Boku no Natsuyasumi","1434660","2220","2028","1","5","2","0","646.24","Boku no Natsuyasumi"
"Peace, Death!","3817","Peace, Death!","1433100","30420","3062","3","191","2","0","47.11","Peace, Death!"
"Sara Is Missing","3818","Sara Is Missing","1432860","11640","7763","2","92","2","0","123.1","Sara Is Missing"
"Zoo Tycoon","3819","Zoo Tycoon","1432260","102180","2979","4","580","2","0","14.02","Zoo Tycoon"
"My Singing Monsters","3820","My Singing Monsters","1431660","17040","10223","2","43","2","0","84.02","My Singing Monsters"
"Idle Heroes","3821","Idle Heroes","1430400","48960","427","3","150","2","0","29.22","Idle Heroes"
"Overgrowth","3822","Overgrowth","1430160","93420","2096","5","485","2","0","15.31","Overgrowth"
"Legendary","3823","Legendary","1429860","20280","4064","2","65","2","0","70.51","Legendary"
"Zombie Night Terror","3824","Zombie Night Terror","1429500","43740","5601","5","205","2","0","32.68","Zombie Night Terror"
"eJay ClubWorld","3825","eJay ClubWorld","1428000","3360","3520","2","5","2","0","425","eJay ClubWorld"
"Fatal Fury: Wild Ambition","3826","Fatal Fury: Wild Ambition","1424820","1080","9340","1","7","2","0","1319.28","Fatal Fury: Wild Ambition"
"Mega Man X8","3827","Mega Man X8","1423800","69960","3621","4","199","2","0","20.35","Mega Man X8"
"Hell is Other Demons","3828","Hell is Other Demons","1423800","23880","1694","3","103","2","0","59.62","Hell is Other Demons"
"Bugdom","3829","Bugdom","1423500","3900","20924","7","15","2","0","365","Bugdom"
"The Quiet Man","3830","The Quiet Man","1422060","51180","1935","3","205","2","0","27.79","The Quiet Man"
"Saints Row IV: Re-Elected","3831","Saints Row IV: Re-Elected","1421100","555240","6066","8","2403","2","1","2.56","Saints Row IV: Re-Elected"
"Cyberdimension Neptunia: 4 Goddesses Online","3832","Cyberdimension Neptunia: 4 Goddesses Online","1420920","163980","747","5","473","2","0","8.67","Cyberdimension Neptunia: 4 Goddesses Online"
"Fight of Gods","3833","Fight of Gods","1420200","19140","8924","2","110","2","0","74.2","Fight of Gods"
"Defection","3834","Defection","1419840","300","24639","3","3","2","0","4732.8","Defection"
"Rise of Nations: Extended Edition","3835","Rise of Nations: Extended Edition","1419840","204600","7034","6","677","2","0","6.94","Rise of Nations: Extended Edition"
"Fantasy Grounds","3836","Fantasy Grounds","1419120","456540","320","8","247","2","0","3.11","Fantasy Grounds"
"The X-Files Game","3837","The X-Files Game","1417620","12240","1183","2","30","2","0","115.82","The X-Files Game"
"EXAPUNKS","3838","EXAPUNKS","1417560","51060","1996","4","138","2","0","27.76","EXAPUNKS"
"Hyperdimension Neptunia Re;Birth1","3839","Hyperdimension Neptunia Re;Birth1","1416840","368640","365","7","880","2","0","3.84","Hyperdimension Neptunia Re;Birth1"
"Touhou Hisoutensoku - Choudokyuu Ginyoru no Nazo o Oe","3840","Touhou Hisoutensoku - Choudokyuu Ginyoru no Nazo o Oe","1416780","94680","9169","3","199","2","0","14.96","Touhou Hisoutensoku - Choudokyuu Ginyoru no Nazo o Oe"
"SpongeBob SquarePants: The Movie","3841","SpongeBob SquarePants: The Movie","1414920","75600","3956","3","253","2","0","18.72","SpongeBob SquarePants: The Movie"
"ICO","3842","ICO","1414680","62280","3167","2","146","2","0","22.71","ICO"
"Legend of Keepers","3843","Legend of Keepers","1413660","41580","1475","7","304","2","0","34","Legend of Keepers"
"Bomb Chicken","3844","Bomb Chicken","1413300","30300","2979","3","120","2","0","46.64","Bomb Chicken"
"Hearts of Iron III","3845","Hearts of Iron III","1411560","46260","2065","3","63","2","0","30.51","Hearts of Iron III"
"Sacrifice","3846","Sacrifice","1411500","19440","2819","3","40","2","0","72.61","Sacrifice"
"Backgammon","3847","Backgammon","1411440","95940","425","5","67","2","0","14.71","Backgammon"
"Total War Saga: Thrones of Britannia","3848","Total War Saga: Thrones of Britannia","1409100","227160","1110","6","562","2","0","6.2","Total War Saga: Thrones of Britannia"
"Evergrace","3849","Evergrace","1407180","11220","1527","1","23","2","0","125.42","Evergrace"
"I Am Not a Monster","3850","I Am Not a Monster","1406340","16200","4068","3","85","2","0","86.81","I Am Not a Monster"
"War Robots","3851","War Robots","1405500","378180","434","6","519","2","0","3.72","War Robots"
"SimAirport","3852","SimAirport","1405500","111480","485","4","291","2","0","12.61","SimAirport"
"Alan Wake's American Nightmare","3853","Alan Wake's American Nightmare","1404660","216720","2410","17","1294","2","0","6.48","Alan Wake's American Nightmare"
"The Lucky Dime Caper starring Donald Duck","3854","The Lucky Dime Caper starring Donald Duck","1402680","4380","12491","4","21","2","0","320.25","The Lucky Dime Caper starring Donald Duck"
"Need for Speed: Hot Pursuit 2","3855","Need for Speed: Hot Pursuit 2","1400820","47940","2879","3","161","2","0","29.22","Need for Speed: Hot Pursuit 2"
"Toonstruck","3856","Toonstruck","1400760","46680","1882","6","124","2","0","30.01","Toonstruck"
"Destroy All Humans! 2","3857","Destroy All Humans! 2","1399860","93660","1417","4","384","2","0","14.95","Destroy All Humans! 2"
"Legendary Eleven","3858","Legendary Eleven","1399500","3780","9439","2","32","2","0","370.24","Legendary Eleven"
"AVARIAvs","3859","AVARIAvs","1399500","29880","1953","18","71","2","0","46.84","AVARIAvs"
"Survive the Nights","3860","Survive the Nights","1395900","76740","2196","7","241","2","0","18.19","Survive the Nights"
"San Francisco Rush: Extreme Racing","3861","San Francisco Rush: Extreme Racing","1395780","65400","978","3","29","2","0","21.34","San Francisco Rush: Extreme Racing"
"Koral","3862","Koral","1395300","11820","4494","2","80","2","0","118.05","Koral"
"The Banner Saga 2","3863","The Banner Saga 2","1395240","98640","1385","3","197","2","0","14.14","The Banner Saga 2"
"Adventures of Mana","3864","Adventures of Mana","1394940","4800","9267","4","12","2","0","290.61","Adventures of Mana"
"Affected: The Manor","3865","Affected: The Manor","1393200","37560","4078","4","332","2","0","37.09","Affected: The Manor"
"Handy Andy","3866","Handy Andy","1392960","180","23212","1","3","2","0","7738.67","Handy Andy"
"Chronicle Keepers: The Dreaming Garden","3867","Chronicle Keepers: The Dreaming Garden","1392660","1560","6020","2","5","2","0","892.73","Chronicle Keepers: The Dreaming Garden"
"Combat Arms","3868","Combat Arms","1391580","368460","3274","8","1424","2","0","3.78","Combat Arms"
"Euro Truck Simulator","3869","Euro Truck Simulator","1391400","58140","5497","4","338","2","0","23.93","Euro Truck Simulator"
"God of War: Ascension","3870","God of War: Ascension","1389960","102900","540","5","193","2","0","13.51","God of War: Ascension"
"Contagion","3871","Contagion","1389720","66180","4627","4","402","2","0","21","Contagion"
"Kamiko","3872","Kamiko","1388460","22800","5153","2","103","2","0","60.9","Kamiko"
"Frostborn","3873","Frostborn","1387920","55500","732","4","50","2","0","25.01","Frostborn"
"Simulacrum: Chapter One","3874","Simulacrum: Chapter One","1387680","25140","5062","3","116","2","0","55.2","Simulacrum: Chapter One"
"King's Bounty: The Legend","3875","King's Bounty: The Legend","1387320","176340","1179","5","181","2","0","7.87","King's Bounty: The Legend"
"Sorcery!","3876","Sorcery!","1387200","14220","2342","2","58","2","0","97.55","Sorcery!"
"Rift","3877","Rift","1387140","446100","125","8","679","2","0","3.11","Rift"
"Wizardry 8","3878","Wizardry 8","1385940","92160","313","5","71","2","0","15.04","Wizardry 8"
"Blood of Steel","3879","Blood of Steel","1385460","7620","2774","3","66","2","0","181.82","Blood of Steel"
"Simulacra: Pipe Dreams","3880","Simulacra: Pipe Dreams","1385280","21780","6750","2","150","2","0","63.6","Simulacra: Pipe Dreams"
"Hack 'n' Slash","3881","Hack 'n' Slash","1385280","46560","3794","24","137","2","0","29.75","Hack 'n' Slash"
"Wolfenstein 3D","3882","Wolfenstein 3D","1382400","112560","2751","4","491","2","0","12.28","Wolfenstein 3D"
"Legend of Grimrock","3883","Legend of Grimrock","1381980","139080","715","4","317","2","0","9.94","Legend of Grimrock"
"Our House","3884","Our House","1381260","60","23021","1","1","2","0","23021","Our House"
"Club Penguin Rewritten","3885","Club Penguin Rewritten","1380480","194940","1223","5","1518","2","0","7.08","Club Penguin Rewritten"
"MarZ Rising","3886","MarZ Rising","1379040","47580","1079","5","162","2","0","28.98","MarZ Rising"
"Dustforce","3887","Dustforce","1376580","234240","1278","6","237","2","0","5.88","Dustforce"
"Caves of Qud","3888","Caves of Qud","1376280","182580","504","4","253","2","0","7.54","Caves of Qud"
"Ghouls 'N Ghosts","3889","Ghouls 'N Ghosts","1372380","34260","2280","4","130","2","0","40.06","Ghouls 'N Ghosts"
"Kingdom Hearts 358/2 Days","3890","Kingdom Hearts 358/2 Days","1371780","129660","376","6","236","2","0","10.58","Kingdom Hearts 358/2 Days"
"Goof Troop","3891","Goof Troop","1371660","82500","1767","4","235","2","0","16.63","Goof Troop"
"Sushi Striker: The Way of Sushido","3892","Sushi Striker: The Way of Sushido","1370040","18840","1963","2","46","2","0","72.72","Sushi Striker: The Way of Sushido"
"Quest 64","3893","Quest 64","1369140","82560","1383","4","122","2","0","16.58","Quest 64"
"Strategic Command WWII: World at War","3894","Strategic Command WWII: World at War","1369080","15900","393","2","13","2","0","86.11","Strategic Command WWII: World at War"
"Stormland","3895","Stormland","1367340","36840","2955","11","156","2","0","37.12","Stormland"
"Epistory","3896","Epistory","1366920","88380","2666","5","429","2","0","15.47","Epistory"
"Butt","3897","Butt","1363200","14100","22537","5","21","2","0","96.68","Butt"
"Rabbids Go Home: A Comedy Adventure","3898","Rabbids Go Home: A Comedy Adventure","1362600","5700","4604","1","21","2","0","239.05","Rabbids Go Home: A Comedy Adventure"
"Far Cry 2","3899","Far Cry 2","1362300","220920","1298","6","976","2","0","6.17","Far Cry 2"
"Resonance of Fate","3900","Resonance of Fate","1361640","237540","374","8","384","2","0","5.73","Resonance of Fate"