"","","Game","Watch time","Stream time","Peak viewers","Peak channels","Streamers","Average viewers","Average channels","Average viewer ratio",""
"Autonauts","1201","Autonauts","12887820","423240","11600","39","961","24","0","30.45","Autonauts"
"Quake","1202","Quake","12871080","516540","107152","12","1290","24","0","24.92","Quake"
"BioShock 2","1203","BioShock 2","12858540","1199700","7322","13","3486","24","2","10.72","BioShock 2"
"Don't Escape: 4 Days in a Wasteland","1204","Don't Escape: 4 Days in a Wasteland","12853920","67500","18947","8","183","24","0","190.43","Don't Escape: 4 Days in a Wasteland"
"Scary Tales","1205","Scary Tales","12786360","12660","28818","4","78","24","0","1009.98","Scary Tales"
"Pogo","1206","Pogo","12750060","14280","15305","6","62","24","0","892.86","Pogo"
"Unreal Engine","1207","Unreal Engine","12736920","2002920","3098","17","1925","24","3","6.36","Unreal Engine"
"Touhou","1208","Touhou","12703500","1569900","6174","20","1742","24","2","8.09","Touhou"
"Wolcen: Lords of Mayhem","1209","Wolcen: Lords of Mayhem","12690360","998460","6060","42","1982","24","1","12.71","Wolcen: Lords of Mayhem"
"Operencia: The Stolen Sun","1210","Operencia: The Stolen Sun","12677580","247920","15070","15","545","24","0","51.14","Operencia: The Stolen Sun"
"Blacksad","1211","Blacksad","12663600","306000","4903","45","832","24","0","41.38","Blacksad"
"Bomberman 64","1212","Bomberman 64","12647160","72900","115519","9","174","24","0","173.49","Bomberman 64"
"The Legend of Zelda: Four Swords Adventures","1213","The Legend of Zelda: Four Swords Adventures","12627420","124920","12732","6","254","24","0","101.08","The Legend of Zelda: Four Swords Adventures"
"Assassin's Creed IV: Black Flag","1214","Assassin's Creed IV: Black Flag","12620400","2984340","1269","20","8464","24","5","4.23","Assassin's Creed IV: Black Flag"
"ActRaiser 2","1215","ActRaiser 2","12616200","21120","156398","12","43","24","0","597.36","ActRaiser 2"
"Timespinner","1216","Timespinner","12592260","266700","136846","10","718","23","0","47.22","Timespinner"
"Starbound","1217","Starbound","12575700","2738880","1338","37","8145","23","5","4.59","Starbound"
"Muse Dash","1218","Muse Dash","12571140","1153920","6837","53","6772","23","2","10.89","Muse Dash"
"The Universim","1219","The Universim","12568800","528300","13434","11","1563","23","1","23.79","The Universim"
"Donkey Kong Country 3: Dixie Kong's Double Trouble!","1220","Donkey Kong Country 3: Dixie Kong's Double Trouble!","12566820","547020","6335","10","813","23","1","22.97","Donkey Kong Country 3: Dixie Kong's Double Trouble!"
"River City Girls","1221","River City Girls","12541800","644760","9783","89","2255","23","1","19.45","River City Girls"
"Five Nights at Freddy's","1222","Five Nights at Freddy's","12539520","1027140","17233","28","6927","23","1","12.21","Five Nights at Freddy's"
"Lethal League Blaze","1223","Lethal League Blaze","12533940","353340","126171","15","1678","23","0","35.47","Lethal League Blaze"
"Ghostbusters: The Video Game","1224","Ghostbusters: The Video Game","12531480","436620","9834","48","1492","23","0","28.7","Ghostbusters: The Video Game"
"Chrono Cross","1225","Chrono Cross","12512340","613980","3890","8","548","23","1","20.38","Chrono Cross"
"Tales of Berseria","1226","Tales of Berseria","12502500","2063940","3407","20","3297","23","3","6.06","Tales of Berseria"
"Fire Emblem: Thracia 776","1227","Fire Emblem: Thracia 776","12492240","166260","2982","10","173","23","0","75.14","Fire Emblem: Thracia 776"
"We Love Katamari","1228","We Love Katamari","12475140","51240","113425","10","168","23","0","243.46","We Love Katamari"
"Hyrule Warriors","1229","Hyrule Warriors","12471180","537660","10187","9","1206","23","1","23.2","Hyrule Warriors"
"World War 3","1230","World War 3","12451320","1112280","22967","49","3377","23","2","11.19","World War 3"
"Space Station 13","1231","Space Station 13","12440100","332400","3564","7","588","23","0","37.43","Space Station 13"
"Nova Drift","1232","Nova Drift","12432000","459420","6667","23","1681","23","0","27.06","Nova Drift"
"Digimon World 2","1233","Digimon World 2","12430500","129600","5260","4","121","23","0","95.91","Digimon World 2"
"Sonic Mania","1234","Sonic Mania","12360420","1259760","14980","54","10376","23","2","9.81","Sonic Mania"
"Good Pizza, Great Pizza","1235","Good Pizza, Great Pizza","12360360","63960","18247","3","286","23","0","193.25","Good Pizza, Great Pizza"
"The Painscreek Killings","1236","The Painscreek Killings","12346980","175620","14582","6","446","23","0","70.31","The Painscreek Killings"
"Tree of Savior","1237","Tree of Savior","12338940","1609560","9294","25","2017","23","3","7.67","Tree of Savior"
"Pokémon Masters","1238","Pokémon Masters","12329340","515760","5214","59","1375","23","0","23.91","Pokémon Masters"
"Steam","1239","Steam","12328080","590460","6683","9","2469","23","1","20.88","Steam"
"The Binding of Isaac","1240","The Binding of Isaac","12317520","422400","5871","8","2580","23","0","29.16","The Binding of Isaac"
"Dark Deception","1241","Dark Deception","12304680","334560","19818","10","2816","23","0","36.78","Dark Deception"
"DragonBall Xenoverse 2","1242","DragonBall Xenoverse 2","12264120","2358000","1138","28","20203","23","4","5.2","DragonBall Xenoverse 2"
"Black Desert Mobile","1243","Black Desert Mobile","12259980","1460520","2476","78","1688","23","2","8.39","Black Desert Mobile"
"Police Simulator: Patrol Duty","1244","Police Simulator: Patrol Duty","12240720","146280","27613","23","721","23","0","83.68","Police Simulator: Patrol Duty"
"The King of Fighters XIV","1245","The King of Fighters XIV","12237000","423480","11426","6","1109","23","0","28.9","The King of Fighters XIV"
"Mahjong","1246","Mahjong","12215940","752460","7732","13","853","23","1","16.23","Mahjong"
"The Great Merchant","1247","The Great Merchant","12212280","815400","3309","12","194","23","1","14.98","The Great Merchant"
"Portal Knights","1248","Portal Knights","12160620","2749500","1024","100","9177","23","5","4.42","Portal Knights"
"Pocky & Rocky","1249","Pocky & Rocky","12154800","12360","128414","15","84","23","0","983.4","Pocky & Rocky"
"Closers Online","1250","Closers Online","12125220","3000780","243","39","2080","23","5","4.04","Closers Online"
"Others","1251","Others","12103920","1116000","3736","12","1992","23","2","10.85","Others"
"VA-11 HALL-A","1252","VA-11 HALL-A","12075480","647340","2268","10","2085","22","1","18.65","VA-11 HALL-A"
"Weedcraft Inc","1253","Weedcraft Inc","12042840","313080","22801","39","998","22","0","38.47","Weedcraft Inc"
"Lara Croft and the Guardian of Light","1254","Lara Croft and the Guardian of Light","12034680","85740","124843","14","317","22","0","140.36","Lara Croft and the Guardian of Light"
"Garden Paws","1255","Garden Paws","12026100","743760","2351","18","1230","22","1","16.17","Garden Paws"
"Resident Evil: Outbreak","1256","Resident Evil: Outbreak","12015900","368340","15486","9","546","22","0","32.62","Resident Evil: Outbreak"
"Touhou Luna Nights","1257","Touhou Luna Nights","11998860","539400","16163","23","2028","22","1","22.24","Touhou Luna Nights"
"Boxing","1258","Boxing","11996340","202620","66078","77","972","22","0","59.21","Boxing"
"Mosaic","1259","Mosaic","11977980","30660","37396","10","183","22","0","390.67","Mosaic"
"Honkai Impact 3","1260","Honkai Impact 3","11955060","1379460","2773","21","1578","22","2","8.67","Honkai Impact 3"
"Supreme Commander: Forged Alliance","1261","Supreme Commander: Forged Alliance","11934600","934260","2598","10","1060","22","1","12.77","Supreme Commander: Forged Alliance"
"Futebol","1262","Futebol","11925360","126720","8682","8","475","22","0","94.11","Futebol"
"One Piece: World Seeker","1263","One Piece: World Seeker","11906160","803700","11475","133","3346","22","1","14.81","One Piece: World Seeker"
"Elite Beat Agents","1264","Elite Beat Agents","11896920","9600","16116","2","40","22","0","1239.26","Elite Beat Agents"
"Nuclear Throne","1265","Nuclear Throne","11892480","801360","134211","17","2845","22","1","14.84","Nuclear Throne"
"Star Fox 64","1266","Star Fox 64","11859480","271680","97133","12","1008","22","0","43.65","Star Fox 64"
"Perfect Dark","1267","Perfect Dark","11854440","307260","151375","13","656","22","0","38.58","Perfect Dark"
"The Legend of Zelda: Link's Awakening DX","1268","The Legend of Zelda: Link's Awakening DX","11851560","684420","11725","29","1415","22","1","17.32","The Legend of Zelda: Link's Awakening DX"
"Open Transport Tycoon Deluxe","1269","Open Transport Tycoon Deluxe","11841900","166380","44618","5","347","22","0","71.17","Open Transport Tycoon Deluxe"
"Naruto Shippuden: Ultimate Ninja Storm 3 Full Burst","1270","Naruto Shippuden: Ultimate Ninja Storm 3 Full Burst","11838300","185460","20094","5","974","22","0","63.83","Naruto Shippuden: Ultimate Ninja Storm 3 Full Burst"
"Lufia II: Rise of the Sinistrals","1271","Lufia II: Rise of the Sinistrals","11833200","480180","2892","9","287","22","0","24.64","Lufia II: Rise of the Sinistrals"
"Ashen","1272","Ashen","11808840","1019580","4026","27","3568","22","1","11.58","Ashen"
"Rage","1273","Rage","11798640","670860","14341","33","1998","22","1","17.59","Rage"
"Never Again","1274","Never Again","11783580","133440","13201","11","650","22","0","88.31","Never Again"
"Pamali: Indonesian Folklore Horror","1275","Pamali: Indonesian Folklore Horror","11781840","85320","21883","6","438","22","0","138.09","Pamali: Indonesian Folklore Horror"
"She Sees Red","1276","She Sees Red","11777220","61800","14420","7","564","22","0","190.57","She Sees Red"
"Hurtworld","1277","Hurtworld","11770920","1196040","8778","52","2615","22","2","9.84","Hurtworld"
"The Room Three","1278","The Room Three","11763720","507360","5639","11","1856","22","0","23.19","The Room Three"
"Worms Revolution","1279","Worms Revolution","11745960","223140","33088","7","1263","22","0","52.64","Worms Revolution"
"Indiana Jones and the Fate of Atlantis","1280","Indiana Jones and the Fate of Atlantis","11654040","85860","20993","5","219","22","0","135.73","Indiana Jones and the Fate of Atlantis"
"Sally Face","1281","Sally Face","11648400","447960","8006","35","1560","22","0","26","Sally Face"
"Echo Arena","1282","Echo Arena","11647020","471540","18055","10","440","22","0","24.7","Echo Arena"
"Halo Wars 2","1283","Halo Wars 2","11646960","1647000","478","16","3513","22","3","7.07","Halo Wars 2"
"Mario Party 3","1284","Mario Party 3","11611920","277560","5190","24","748","22","0","41.84","Mario Party 3"
"Sherlock Holmes: The Devil's Daughter","1285","Sherlock Holmes: The Devil's Daughter","11608740","561120","6625","11","1943","22","1","20.69","Sherlock Holmes: The Devil's Daughter"
"Totally Reliable Delivery Service","1286","Totally Reliable Delivery Service","11599320","166140","21404","25","1634","22","0","69.82","Totally Reliable Delivery Service"
"Transistor","1287","Transistor","11583060","667860","105032","38","4012","22","1","17.34","Transistor"
"Chex Quest","1288","Chex Quest","11560080","15360","140553","9","93","21","0","752.61","Chex Quest"
"Ben and Ed: Blood Party","1289","Ben and Ed: Blood Party","11557080","174120","19071","10","1024","21","0","66.37","Ben and Ed: Blood Party"
"Guild Wars","1290","Guild Wars","11550180","1514220","2081","17","1280","21","2","7.63","Guild Wars"
"Momodora: Reverie Under the Moonlight","1291","Momodora: Reverie Under the Moonlight","11527140","459600","152458","17","1788","21","0","25.08","Momodora: Reverie Under the Moonlight"
"Zero Escape: Virtue's Last Reward","1292","Zero Escape: Virtue's Last Reward","11523780","427920","11487","7","365","21","0","26.93","Zero Escape: Virtue's Last Reward"
"Icarus Online","1293","Icarus Online","11516760","920700","2760","35","1110","21","1","12.51","Icarus Online"
"Deal or No Deal","1294","Deal or No Deal","11516220","27780","8309","2","118","21","0","414.55","Deal or No Deal"
"Tomb Raider: The Last Revelation","1295","Tomb Raider: The Last Revelation","11489100","583320","18028","10","299","21","1","19.7","Tomb Raider: The Last Revelation"
"Escape First","1296","Escape First","11470500","122520","16858","6","687","21","0","93.62","Escape First"
"Ultra Street Fighter IV","1297","Ultra Street Fighter IV","11434500","985860","4843","10","2735","21","1","11.6","Ultra Street Fighter IV"
"Protocol","1298","Protocol","11431020","43620","15393","8","143","21","0","262.06","Protocol"
"The Game of Life","1299","The Game of Life","11430120","114660","41672","7","877","21","0","99.69","The Game of Life"
"Bomberman 64: The Second Attack","1300","Bomberman 64: The Second Attack","11420700","17760","101498","8","39","21","0","643.06","Bomberman 64: The Second Attack"