"","","Game","Watch time","Stream time","Peak viewers","Peak channels","Streamers","Average viewers","Average channels","Average viewer ratio",""
"Persona Q: Shadow of the Labyrinth","5401","Persona Q: Shadow of the Labyrinth","621900","85140","173","4","88","1","0","7.3","Persona Q: Shadow of the Labyrinth"
"Tour de France 2019","5402","Tour de France 2019","621600","74400","425","7","144","1","0","8.35","Tour de France 2019"
"Rune Factory: A Fantasy Harvest Moon","5403","Rune Factory: A Fantasy Harvest Moon","621360","30720","4034","3","31","1","0","20.23","Rune Factory: A Fantasy Harvest Moon"
"Hyperdimension Neptunia mk2","5404","Hyperdimension Neptunia mk2","620700","13860","471","1","9","1","0","44.78","Hyperdimension Neptunia mk2"
"Buscaminas","5405","Buscaminas","620400","41460","1736","3","305","1","0","14.96","Buscaminas"
"Rise of Agon","5406","Rise of Agon","620040","83880","139","3","75","1","0","7.39","Rise of Agon"
"Golden Axe III","5407","Golden Axe III","619920","10560","4550","2","40","1","0","58.7","Golden Axe III"
"Geometry Wars 3: Dimensions","5408","Geometry Wars 3: Dimensions","619620","58980","972","6","375","1","0","10.51","Geometry Wars 3: Dimensions"
"Dance Dance Revolution A","5409","Dance Dance Revolution A","619020","40320","505","2","45","1","0","15.35","Dance Dance Revolution A"
"Scarface: The World is Yours","5410","Scarface: The World is Yours","618900","63000","191","3","125","1","0","9.82","Scarface: The World is Yours"
"Laser League","5411","Laser League","618840","147480","1475","7","473","1","0","4.2","Laser League"
"Mosh Pit Simulator","5412","Mosh Pit Simulator","618420","3180","2907","2","27","1","0","194.47","Mosh Pit Simulator"
"SpellForce: Shadow of the Phoenix","5413","SpellForce: Shadow of the Phoenix","618240","30480","374","2","63","1","0","20.28","SpellForce: Shadow of the Phoenix"
"Shadows: Awakening","5414","Shadows: Awakening","617460","107340","216","4","268","1","0","5.75","Shadows: Awakening"
"Tecmo Super Bowl","5415","Tecmo Super Bowl","617400","142800","84","5","145","1","0","4.32","Tecmo Super Bowl"
"Transformers: Earth Wars","5416","Transformers: Earth Wars","617220","7560","4182","2","19","1","0","81.64","Transformers: Earth Wars"
"Burly Men at Sea","5417","Burly Men at Sea","617100","33960","3192","3","259","1","0","18.17","Burly Men at Sea"
"Imperium Galactica II: Alliances","5418","Imperium Galactica II: Alliances","616920","21300","116","1","18","1","0","28.96","Imperium Galactica II: Alliances"
"Sam & Max Episode 202: Moai Better Blues","5419","Sam & Max Episode 202: Moai Better Blues","616500","2940","2937","1","13","1","0","209.69","Sam & Max Episode 202: Moai Better Blues"
"Godzilla!","5420","Godzilla!","616440","3900","3509","1","10","1","0","158.06","Godzilla!"
"Kingdom Story: Brave Legion","5421","Kingdom Story: Brave Legion","616380","35340","617","2","22","1","0","17.44","Kingdom Story: Brave Legion"
"Anodyne 2: Return to Dust","5422","Anodyne 2: Return to Dust","616200","52800","725","7","151","1","0","11.67","Anodyne 2: Return to Dust"
"Sagebrush","5423","Sagebrush","616020","15840","1306","2","101","1","0","38.89","Sagebrush"
"Mario Party 9","5424","Mario Party 9","615780","25920","780","2","91","1","0","23.76","Mario Party 9"
"Brunch Club","5425","Brunch Club","615600","2100","2879","2","20","1","0","293.14","Brunch Club"
"State of Decay: Year-One Survival Edition","5426","State of Decay: Year-One Survival Edition","614700","259020","147","5","914","1","0","2.37","State of Decay: Year-One Survival Edition"
"Double Cross","5427","Double Cross","613920","21900","764","3","104","1","0","28.03","Double Cross"
"Alien vs. Predator","5428","Alien vs. Predator","613380","29880","1606","3","144","1","0","20.53","Alien vs. Predator"
"X-Men","5429","X-Men","613260","9960","8306","4","60","1","0","61.57","X-Men"
"Orcs Must Die!","5430","Orcs Must Die!","611940","51900","488","3","212","1","0","11.79","Orcs Must Die!"
"MINDNIGHT","5431","MINDNIGHT","611460","125940","394","7","685","1","0","4.86","MINDNIGHT"
"The Lost World: Jurassic Park","5432","The Lost World: Jurassic Park","611400","6960","9553","1","31","1","0","87.84","The Lost World: Jurassic Park"
"Santa Claws","5433","Santa Claws","610560","1440","12186","2","18","1","0","424","Santa Claws"
"Omega Boost","5434","Omega Boost","610260","2880","9226","1","17","1","0","211.9","Omega Boost"
"Secrets of Grindea","5435","Secrets of Grindea","610080","182580","145","5","519","1","0","3.34","Secrets of Grindea"
"The Impossible Game","5436","The Impossible Game","609720","21600","1197","3","182","1","0","28.23","The Impossible Game"
"Croc 2","5437","Croc 2","609360","26520","5818","2","57","1","0","22.98","Croc 2"
"WWE Mayhem","5438","WWE Mayhem","609360","42300","1440","3","33","1","0","14.41","WWE Mayhem"
"Catan Universe","5439","Catan Universe","608700","87720","660","3","294","1","0","6.94","Catan Universe"
"Devil Slayer - Raksasi","5440","Devil Slayer - Raksasi","608640","17400","853","3","39","1","0","34.98","Devil Slayer - Raksasi"
"King's Field II","5441","King's Field II","608580","42180","620","2","25","1","0","14.43","King's Field II"
"Mario vs. Donkey Kong","5442","Mario vs. Donkey Kong","608580","30420","2888","3","52","1","0","20.01","Mario vs. Donkey Kong"
"Heat Signature","5443","Heat Signature","608520","102780","558","4","572","1","0","5.92","Heat Signature"
"Space Beast Terror Fright","5444","Space Beast Terror Fright","608220","38160","905","9","225","1","0","15.94","Space Beast Terror Fright"
"Grandia Xtreme","5445","Grandia Xtreme","607920","5760","1258","2","11","1","0","105.54","Grandia Xtreme"
"8-Bit Armies","5446","8-Bit Armies","607260","29220","1598","4","141","1","0","20.78","8-Bit Armies"
"Megadimension Neptunia VII","5447","Megadimension Neptunia VII","607140","222060","164","5","462","1","0","2.73","Megadimension Neptunia VII"
"Ty the Tasmanian Tiger","5448","Ty the Tasmanian Tiger","606720","163560","329","4","481","1","0","3.71","Ty the Tasmanian Tiger"
"FPS Aim Trainer","5449","FPS Aim Trainer","606000","97680","464","7","573","1","0","6.2","FPS Aim Trainer"
"Spooky Bonus","5450","Spooky Bonus","606000","840","3865","1","7","1","0","721.43","Spooky Bonus"
"Ninja Gaiden: Dragon Sword","5451","Ninja Gaiden: Dragon Sword","605820","1620","1277","1","5","1","0","373.96","Ninja Gaiden: Dragon Sword"
"Disney's Donald Duck: Goin' Quackers","5452","Disney's Donald Duck: Goin' Quackers","605460","41280","1258","4","116","1","0","14.67","Disney's Donald Duck: Goin' Quackers"
"RPG Maker 2000","5453","RPG Maker 2000","604920","67320","99","3","124","1","0","8.99","RPG Maker 2000"
"FIFA Street 2","5454","FIFA Street 2","604800","10020","1022","1","62","1","0","60.36","FIFA Street 2"
"Swarm","5455","Swarm","604740","1980","10704","3","11","1","0","305.42","Swarm"
"Petoons Party","5456","Petoons Party","604380","1800","1360","1","10","1","0","335.77","Petoons Party"
"Patapon","5457","Patapon","604260","42360","708","3","189","1","0","14.26","Patapon"
"Peria Chronicles","5458","Peria Chronicles","603960","36000","873","47","137","1","0","16.78","Peria Chronicles"
"Agony Unrated","5459","Agony Unrated","603360","121080","157","3","556","1","0","4.98","Agony Unrated"
"Doraemon","5460","Doraemon","603120","9300","3368","5","42","1","0","64.85","Doraemon"
"Looking for Heals","5461","Looking for Heals","602700","9300","6643","2","51","1","0","64.81","Looking for Heals"
"Life is Feudal: Forest Village","5462","Life is Feudal: Forest Village","602580","167760","884","4","349","1","0","3.59","Life is Feudal: Forest Village"
"FIFA Online 3","5463","FIFA Online 3","602280","33780","1687","2","149","1","0","17.83","FIFA Online 3"
"Rambo: The Video Game","5464","Rambo: The Video Game","602100","7560","3723","1","40","1","0","79.64","Rambo: The Video Game"
"Tentacle-kun","5465","Tentacle-kun","601920","420","7220","2","3","1","0","1433.14","Tentacle-kun"
"Adventure","5466","Adventure","601560","42240","9319","3","155","1","0","14.24","Adventure"
"Sword of Mana","5467","Sword of Mana","601440","28800","2632","2","50","1","0","20.88","Sword of Mana"
"Lapis x Labyrinth","5468","Lapis x Labyrinth","601140","40920","1444","8","163","1","0","14.69","Lapis x Labyrinth"
"Capcom vs. SNK: Millennium Fight 2000","5469","Capcom vs. SNK: Millennium Fight 2000","600120","7020","7180","1","55","1","0","85.49","Capcom vs. SNK: Millennium Fight 2000"
"Mary Skelter: Nightmares","5470","Mary Skelter: Nightmares","599700","109860","164","4","131","1","0","5.46","Mary Skelter: Nightmares"
"Horror House","5471","Horror House","599400","35820","1419","2","178","1","0","16.73","Horror House"
"Attack on Titan","5472","Attack on Titan","598980","227160","2308","5","1106","1","0","2.64","Attack on Titan"
"Ghost Trick: Phantom Detective","5473","Ghost Trick: Phantom Detective","598620","59940","371","3","112","1","0","9.99","Ghost Trick: Phantom Detective"
"TagPro","5474","TagPro","598500","82740","786","8","103","1","0","7.23","TagPro"
"Shuyan Saga","5475","Shuyan Saga","598320","3660","1036","4","20","1","0","163.48","Shuyan Saga"
"The Legend of the Mystical Ninja","5476","The Legend of the Mystical Ninja","598260","33000","1015","3","89","1","0","18.13","The Legend of the Mystical Ninja"
"Karaoke Party","5477","Karaoke Party","598080","44340","381","3","159","1","0","13.49","Karaoke Party"
"Drone Racing League Simulator","5478","Drone Racing League Simulator","597960","151740","129","4","204","1","0","3.94","Drone Racing League Simulator"
"Zone of the Enders: The 2nd Runner","5479","Zone of the Enders: The 2nd Runner","597840","98880","298","3","384","1","0","6.05","Zone of the Enders: The 2nd Runner"
"I'm not a Monster","5480","I'm not a Monster","597180","20460","1264","2","130","1","0","29.19","I'm not a Monster"
"Solo","5481","Solo","597000","25200","8254","4","106","1","0","23.69","Solo"
"It Came from the Desert","5482","It Came from the Desert","596640","1800","1252","1","5","1","0","331.47","It Came from the Desert"
"Custom Order Maid 3D2 It's a Night Magic","5483","Custom Order Maid 3D2 It's a Night Magic","596340","420","3092","2","2","1","0","1419.86","Custom Order Maid 3D2 It's a Night Magic"
"Wheel of Fortune: Big Money","5484","Wheel of Fortune: Big Money","595800","1020","4834","1","8","1","0","584.12","Wheel of Fortune: Big Money"
"RWBY: Amity Arena","5485","RWBY: Amity Arena","595560","82920","110","4","76","1","0","7.18","RWBY: Amity Arena"
"Christmas Tale","5486","Christmas Tale","595200","1380","2434","1","6","1","0","431.3","Christmas Tale"
"Metal Gear: Ghost Babel","5487","Metal Gear: Ghost Babel","595140","37740","1993","3","34","1","0","15.77","Metal Gear: Ghost Babel"
"Dungeons & Dragons: Shadow Over Mystara","5488","Dungeons & Dragons: Shadow Over Mystara","595140","16680","2222","2","93","1","0","35.68","Dungeons & Dragons: Shadow Over Mystara"
"Azur Lane: Crosswave","5489","Azur Lane: Crosswave","594780","55380","530","10","110","1","0","10.74","Azur Lane: Crosswave"
"Every Day The Same Dream","5490","Every Day The Same Dream","594600","420","5353","1","4","1","0","1415.71","Every Day The Same Dream"
"Ultrawings","5491","Ultrawings","594600","29520","99","2","93","1","0","20.14","Ultrawings"
"Cube Escape: Theatre","5492","Cube Escape: Theatre","594540","4800","4440","2","37","1","0","123.86","Cube Escape: Theatre"
"WWE","5493","WWE","594540","30180","2076","16","137","1","0","19.7","WWE"
"Resident Evil: Deadly Silence","5494","Resident Evil: Deadly Silence","594480","16920","1899","1","36","1","0","35.13","Resident Evil: Deadly Silence"
"WWE SmackDown! vs. RAW 2011","5495","WWE SmackDown! vs. RAW 2011","594120","17220","3151","2","64","1","0","34.5","WWE SmackDown! vs. RAW 2011"
"Up Left Out","5496","Up Left Out","594060","720","5032","1","7","1","0","825.08","Up Left Out"
"Star Conflict","5497","Star Conflict","593940","195420","1388","5","474","1","0","3.04","Star Conflict"
"Blood and Bacon","5498","Blood and Bacon","593940","88080","2153","4","732","1","0","6.74","Blood and Bacon"
"Disney's Hercules: Action Game","5499","Disney's Hercules: Action Game","593340","21720","2144","2","94","1","0","27.32","Disney's Hercules: Action Game"
"Langrisser IV","5500","Langrisser IV","593160","4620","653","1","7","1","0","128.39","Langrisser IV"