"","","Game","Watch time","Stream time","Peak viewers","Peak channels","Streamers","Average viewers","Average channels","Average viewer ratio",""
"Age of Mythology","701","Age of Mythology","30240120","1464420","5700","13","2563","57","2","20.65","Age of Mythology"
"Politics","702","Politics","30141780","417600","26255","35","395","57","0","72.18","Politics"
"Killer Instinct","703","Killer Instinct","29995800","1038540","13319","43","2988","57","1","28.88","Killer Instinct"
"Pokémon Gold/Silver","704","Pokémon Gold/Silver","29985300","698580","164672","13","1707","57","1","42.92","Pokémon Gold/Silver"
"Dissidia: Final Fantasy Opera Omnia","705","Dissidia: Final Fantasy Opera Omnia","29840760","1560720","5054","27","737","56","2","19.12","Dissidia: Final Fantasy Opera Omnia"
"Mystery Science Theater 3000","706","Mystery Science Theater 3000","29769300","99000","5943","2","12","56","0","300.7","Mystery Science Theater 3000"
"Yakuza Kiwami 2","707","Yakuza Kiwami 2","29507760","2001120","4715","61","2907","56","3","14.75","Yakuza Kiwami 2"
"Power Rangers: Battle for the Grid","708","Power Rangers: Battle for the Grid","29506080","481560","12937","30","1887","56","0","61.27","Power Rangers: Battle for the Grid"
"CABAL Online","709","CABAL Online","29505780","3463380","1055","23","1781","56","6","8.52","CABAL Online"
"Final Fantasy V","710","Final Fantasy V","29436540","1420740","22400","53","1221","56","2","20.72","Final Fantasy V"
"Gran Turismo Sport","711","Gran Turismo Sport","29418480","3022380","6758","33","3687","55","5","9.73","Gran Turismo Sport"
"Call of Duty: Modern Warfare 3","712","Call of Duty: Modern Warfare 3","29331840","2375220","26359","21","10322","55","4","12.35","Call of Duty: Modern Warfare 3"
"Phoenix Wright: Ace Attorney Trilogy","713","Phoenix Wright: Ace Attorney Trilogy","29192160","1178160","13806","45","2301","55","2","24.78","Phoenix Wright: Ace Attorney Trilogy"
"WWE 2K20","714","WWE 2K20","28817880","1914600","18023","141","3401","54","3","15.05","WWE 2K20"
"BanG Dream! Girls Band Party!","715","BanG Dream! Girls Band Party!","28782720","1199460","11499","15","1514","54","2","24","BanG Dream! Girls Band Party!"
"Don't Starve","716","Don't Starve","28691940","2594820","6965","21","7146","54","4","11.06","Don't Starve"
"Beauty & Body Art","717","Beauty & Body Art","28603020","1779600","10221","26","6081","54","3","16.07","Beauty & Body Art"
"Pokémon Go","718","Pokémon Go","28587300","1682280","13689","34","2677","54","3","16.99","Pokémon Go"
"The Blackout Club","719","The Blackout Club","28585320","1254180","23989","40","3965","54","2","22.79","The Blackout Club"
"Diablo","720","Diablo","28521600","1399800","7260","37","2472","54","2","20.38","Diablo"
"Battlerite Royale","721","Battlerite Royale","28492680","1659840","5973","44","4712","54","3","17.17","Battlerite Royale"
"Intruder","722","Intruder","28331880","135720","32687","14","567","53","0","208.75","Intruder"
"Pathologic 2","723","Pathologic 2","28320900","756060","21661","71","2139","53","1","37.46","Pathologic 2"
"Trover Saves the Universe","724","Trover Saves the Universe","28313400","943320","33114","105","4433","53","1","30.01","Trover Saves the Universe"
"Project CARS 2","725","Project CARS 2","28099920","3096840","11123","38","8242","53","5","9.07","Project CARS 2"
"L.A. Noire","726","L.A. Noire","28050180","1721220","15290","17","4676","53","3","16.3","L.A. Noire"
"Balancelot","727","Balancelot","28011480","56940","22070","9","264","53","0","491.95","Balancelot"
"Virtual Casino","728","Virtual Casino","27954300","2022600","6208","19","1049","53","3","13.82","Virtual Casino"
"The Surge","729","The Surge","27923100","2517000","17363","80","8919","53","4","11.09","The Surge"
"Deliver Us The Moon","730","Deliver Us The Moon","27899400","267240","24301","54","967","53","0","104.4","Deliver Us The Moon"
"Super Mario Bros.","731","Super Mario Bros.","27885840","1208160","49829","25","3036","53","2","23.08","Super Mario Bros."
"Outlaws of the Old West","732","Outlaws of the Old West","27874680","2574720","8127","116","3370","53","4","10.83","Outlaws of the Old West"
"Throne of Lies: The Online Game of Deceit","733","Throne of Lies: The Online Game of Deceit","27791820","658140","7514","12","478","52","1","42.23","Throne of Lies: The Online Game of Deceit"
"BattleTech","734","BattleTech","27747720","2356800","2733","28","2529","52","4","11.77","BattleTech"
"Batman: Arkham Knight","735","Batman: Arkham Knight","27747240","7284420","5983","137","23431","52","13","3.81","Batman: Arkham Knight"
"Amnesia: The Dark Descent","736","Amnesia: The Dark Descent","27641580","2156220","4747","85","10934","52","4","12.82","Amnesia: The Dark Descent"
"Jikkyou Powerful Pro Yakyuu 2018","737","Jikkyou Powerful Pro Yakyuu 2018","27628500","129300","4643","5","132","52","0","213.68","Jikkyou Powerful Pro Yakyuu 2018"
"Surviving Mars","738","Surviving Mars","27466560","2655540","6035","72","7607","52","5","10.34","Surviving Mars"
"Age of Empires III: The Asian Dynasties","739","Age of Empires III: The Asian Dynasties","27422460","1440720","2534","15","1708","52","2","19.03","Age of Empires III: The Asian Dynasties"
"Shin Megami Tensei: Persona 3 FES","740","Shin Megami Tensei: Persona 3 FES","27295980","1245300","4976","17","1398","51","2","21.92","Shin Megami Tensei: Persona 3 FES"
"Music For Everyone","741","Music For Everyone","27159720","8532420","2387","55","5963","51","16","3.18","Music For Everyone"
"Dragon Age: Inquisition","742","Dragon Age: Inquisition","27129780","5093040","1704","36","8433","51","9","5.33","Dragon Age: Inquisition"
"NBA G League","743","NBA G League","27094680","47040","23737","56","144","51","0","575.99","NBA G League"
"Home Sweet Home","744","Home Sweet Home","26792100","664320","12367","17","2874","50","1","40.33","Home Sweet Home"
"Doom II: Hell on Earth","745","Doom II: Hell on Earth","26777520","1871400","138836","17","3252","50","3","14.31","Doom II: Hell on Earth"
"Hyper Jam","746","Hyper Jam","26606940","49320","31122","11","303","50","0","539.48","Hyper Jam"
"Mortal Kombat","747","Mortal Kombat","26586720","413400","14223","14","2111","50","0","64.31","Mortal Kombat"
"LEGO Star Wars: The Complete Saga","748","LEGO Star Wars: The Complete Saga","26538540","932820","30871","32","3700","50","1","28.45","LEGO Star Wars: The Complete Saga"
"Assetto Corsa","749","Assetto Corsa","26507460","4839660","5484","39","12207","50","9","5.48","Assetto Corsa"
"Identity V","750","Identity V","26483940","2923680","2401","22","2834","50","5","9.06","Identity V"
"surviv.io","751","surviv.io","26383680","3244080","2193","25","6299","50","6","8.13","surviv.io"
"Super Bunny Man","752","Super Bunny Man","26326740","296100","19341","14","1710","50","0","88.91","Super Bunny Man"
"Mario & Sonic at the Tokyo 2020 Olympic Games","753","Mario & Sonic at the Tokyo 2020 Olympic Games","26293620","126360","26435","26","567","50","0","208.08","Mario & Sonic at the Tokyo 2020 Olympic Games"
"Rise of the Tomb Raider","754","Rise of the Tomb Raider","26290320","4908480","16129","39","14214","50","9","5.36","Rise of the Tomb Raider"
"Final Fantasy: Brave Exvius","755","Final Fantasy: Brave Exvius","26151420","1225860","1227","13","688","49","2","21.33","Final Fantasy: Brave Exvius"
"Dead Rising","756","Dead Rising","26097780","577200","138803","10","1694","49","1","45.21","Dead Rising"
"World of Tanks Console","757","World of Tanks Console","26070900","2708340","581","18","908","49","5","9.63","World of Tanks Console"
"Super Robot Taisen T","758","Super Robot Taisen T","26047320","1047840","14142","76","502","49","1","24.86","Super Robot Taisen T"
"WWE SuperCard","759","WWE SuperCard","26037120","1516680","6795","22","985","49","2","17.17","WWE SuperCard"
"Rebel Galaxy Outlaw","760","Rebel Galaxy Outlaw","25961040","365160","28382","60","897","49","0","71.09","Rebel Galaxy Outlaw"
"H1Z1","761","H1Z1","25894080","2510640","23886","32","4006","49","4","10.31","H1Z1"
"Realm of the Mad God","762","Realm of the Mad God","25797420","3519660","1895","25","4982","49","6","7.33","Realm of the Mad God"
"Dirt Rally 2.0","763","Dirt Rally 2.0","25733100","3286140","16197","94","6870","48","6","7.83","Dirt Rally 2.0"
"The King of Fighters All Star","764","The King of Fighters All Star","25701660","441840","41497","18","569","48","0","58.17","The King of Fighters All Star"
"Donkey Kong Country","765","Donkey Kong Country","25670880","838440","173420","17","2668","48","1","30.62","Donkey Kong Country"
"Bloodborne: The Old Hunters","766","Bloodborne: The Old Hunters","25632540","251580","14302","6","1436","48","0","101.89","Bloodborne: The Old Hunters"
"Zula","767","Zula","25607100","2460180","4938","22","6130","48","4","10.41","Zula"
"State of Decay 2","768","State of Decay 2","25597740","5324760","4422","50","14054","48","10","4.81","State of Decay 2"
"Fallout 3","769","Fallout 3","25553100","2738640","11800","23","5825","48","5","9.33","Fallout 3"
"Silent Hill 4: The Room","770","Silent Hill 4: The Room","25435440","451680","13545","9","687","48","0","56.31","Silent Hill 4: The Room"
"Ashes of Creation Apocalypse","771","Ashes of Creation Apocalypse","25392180","501000","32063","90","1477","48","0","50.68","Ashes of Creation Apocalypse"
"God Eater 3","772","God Eater 3","25349040","1985100","29835","144","5796","48","3","12.77","God Eater 3"
"Bully: Scholarship Edition","773","Bully: Scholarship Edition","25343520","862140","8284","12","2970","48","1","29.4","Bully: Scholarship Edition"
"The Legend of Zelda: Twilight Princess HD","774","The Legend of Zelda: Twilight Princess HD","25339380","1279080","8467","13","1543","48","2","19.81","The Legend of Zelda: Twilight Princess HD"
"Heroes & Generals","775","Heroes & Generals","25230540","3396240","1770","26","6437","48","6","7.43","Heroes & Generals"
"Dragon Age: Origins","776","Dragon Age: Origins","25158180","3159960","3518","26","4792","47","6","7.96","Dragon Age: Origins"
"Star Wars: Knights of the Old Republic","777","Star Wars: Knights of the Old Republic","25118520","1541220","3110","38","4038","47","2","16.3","Star Wars: Knights of the Old Republic"
"Gothic","778","Gothic","25059480","1081140","19852","59","2200","47","2","23.18","Gothic"
"My Twin Brother Made Me Crossdress As Him and Now I Have to Deal with a Geeky Stalker and a Domme Beauty Who Want Me in a Bind!!","779","My Twin Brother Made Me Crossdress As Him and Now I Have to Deal with a Geeky Stalker and a Domme Beauty Who Want Me in a Bind!!","24929100","22800","38184","10","79","47","0","1093.38","My Twin Brother Made Me Crossdress As Him and Now I Have to Deal with a Geeky Stalker and a Domme Beauty Who Want Me in a Bind!!"
"Rock Band 4","780","Rock Band 4","24877860","5027520","31243","34","4463","47","9","4.95","Rock Band 4"
"MediEvil","781","MediEvil","24877620","1366860","8934","209","4369","47","2","18.2","MediEvil"
"Breathedge","782","Breathedge","24794040","471060","14922","28","1611","47","0","52.63","Breathedge"
"The Cycle","783","The Cycle","24784620","2683860","24216","54","9263","47","5","9.23","The Cycle"
"Desolate","784","Desolate","24777660","564000","41835","36","1867","47","1","43.93","Desolate"
"Mutant Year Zero: Road to Eden","785","Mutant Year Zero: Road to Eden","24387060","2313600","13297","84","7625","46","4","10.54","Mutant Year Zero: Road to Eden"
"MISTOVER","786","MISTOVER","24330780","490740","14747","68","1081","46","0","49.58","MISTOVER"
"Yakuza 3","787","Yakuza 3","24298620","365460","4799","16","432","46","0","66.49","Yakuza 3"
"Inside","788","Inside","24296100","1686060","11821","73","9998","46","3","14.41","Inside"
"The Golf Club 2019 Featuring PGA Tour","789","The Golf Club 2019 Featuring PGA Tour","24247620","1722900","7080","37","3240","46","3","14.07","The Golf Club 2019 Featuring PGA Tour"
"Final Fantasy XIII","790","Final Fantasy XIII","24222180","1991940","2340","17","2905","46","3","12.16","Final Fantasy XIII"
"Resident Evil: Code: Veronica X","791","Resident Evil: Code: Veronica X","24130980","685980","7135","12","1989","45","1","35.18","Resident Evil: Code: Veronica X"
"Crunchyroll Anime Awards","792","Crunchyroll Anime Awards","24102000","56280","61079","353","398","45","0","428.25","Crunchyroll Anime Awards"
"Battlerite","793","Battlerite","24030000","3113760","7500","38","8445","45","5","7.72","Battlerite"
"The Wolf Among Us","794","The Wolf Among Us","24013380","1078560","11437","47","3752","45","2","22.26","The Wolf Among Us"
"Business Tour","795","Business Tour","23991120","1819260","8067","26","15088","45","3","13.19","Business Tour"
"Soccer","796","Soccer","23944740","705300","33930","28","2528","45","1","33.95","Soccer"
"THE iDOLM@STER MILLION LIVE! THEATER DAYS","797","THE iDOLM@STER MILLION LIVE! THEATER DAYS","23897760","938100","12304","28","455","45","1","25.47","THE iDOLM@STER MILLION LIVE! THEATER DAYS"
"Marvel Strike Force","798","Marvel Strike Force","23865840","672660","2494","10","519","45","1","35.48","Marvel Strike Force"
"The Lord of the Rings Online","799","The Lord of the Rings Online","23865600","2431560","1268","24","1871","45","4","9.81","The Lord of the Rings Online"
"Watch Dogs 2","800","Watch Dogs 2","23855460","2478960","12015","38","15816","45","4","9.62","Watch Dogs 2"