"","","Game","Watch time","Stream time","Peak viewers","Peak channels","Streamers","Average viewers","Average channels","Average viewer ratio",""
"Super Fantasy Zone","6201","Super Fantasy Zone","432540","4980","547","1","15","0","0","86.86","Super Fantasy Zone"
"Ace Combat 5: The Unsung War","6202","Ace Combat 5: The Unsung War","432240","126120","114","8","897","0","0","3.43","Ace Combat 5: The Unsung War"
"Rockman Complete Works: Rockman","6203","Rockman Complete Works: Rockman","432120","780","1078","1","2","0","0","554","Rockman Complete Works: Rockman"
"CrownFall","6204","CrownFall","431880","3240","3622","2","7","0","0","133.3","CrownFall"
"Disgaea DS","6205","Disgaea DS","431640","10320","318","2","30","0","0","41.83","Disgaea DS"
"Gran Turismo 2","6206","Gran Turismo 2","431580","118920","66","4","239","0","0","3.63","Gran Turismo 2"
"Total War: Shogun 2: Fall of the Samurai","6207","Total War: Shogun 2: Fall of the Samurai","431580","56640","558","4","153","0","0","7.62","Total War: Shogun 2: Fall of the Samurai"
"Flash Flash Revolution","6208","Flash Flash Revolution","431400","127140","421","5","368","0","0","3.39","Flash Flash Revolution"
"Wonder Boy in Monster World","6209","Wonder Boy in Monster World","431160","16200","1526","3","50","0","0","26.61","Wonder Boy in Monster World"
"The King of Fighters '94","6210","The King of Fighters '94","431100","12960","1551","2","61","0","0","33.26","The King of Fighters '94"
"Soda Drinker Pro","6211","Soda Drinker Pro","430980","10380","5037","2","78","0","0","41.52","Soda Drinker Pro"
"Enforcer: Police Crime Action","6212","Enforcer: Police Crime Action","430920","7260","1410","1","34","0","0","59.36","Enforcer: Police Crime Action"
"Crazy Bus","6213","Crazy Bus","430380","5640","3779","1","5","0","0","76.31","Crazy Bus"
"Spirit of the North","6214","Spirit of the North","430140","39120","396","6","123","0","0","11","Spirit of the North"
"Audiosurf","6215","Audiosurf","430020","106080","287","4","542","0","0","4.05","Audiosurf"
"Vegas Party","6216","Vegas Party","429420","2160","4125","1","14","0","0","198.81","Vegas Party"
"Here They Lie","6217","Here They Lie","429360","109020","256","4","824","0","0","3.94","Here They Lie"
"Pro Cycling Manager","6218","Pro Cycling Manager","429180","4800","669","4","13","0","0","89.41","Pro Cycling Manager"
"Hugo Safari","6219","Hugo Safari","429120","1200","3696","1","3","0","0","357.6","Hugo Safari"
"Fire 'n Ice","6220","Fire 'n Ice","428640","4380","473","3","17","0","0","97.86","Fire 'n Ice"
"Pokémon Mystery Dungeon: Gates to Infinity","6221","Pokémon Mystery Dungeon: Gates to Infinity","428580","31500","73","2","32","0","0","13.61","Pokémon Mystery Dungeon: Gates to Infinity"
"Marvelous: Mouhitotsu no Takarajima","6222","Marvelous: Mouhitotsu no Takarajima","428580","6360","1658","1","8","0","0","67.39","Marvelous: Mouhitotsu no Takarajima"
"Kingdoms","6223","Kingdoms","428580","14940","3105","3","65","0","0","28.69","Kingdoms"
"Shadowcrypt","6224","Shadowcrypt","428220","840","3230","1","6","0","0","509.79","Shadowcrypt"
"Adventure Island III","6225","Adventure Island III","428160","9000","510","2","30","0","0","47.57","Adventure Island III"
"Laplace M","6226","Laplace M","427140","79080","423","5","144","0","0","5.4","Laplace M"
"Alex the Allegator 4","6227","Alex the Allegator 4","427140","180","2576","1","1","0","0","2373","Alex the Allegator 4"
"Soldier of Fortune","6228","Soldier of Fortune","427020","35460","374","2","120","0","0","12.04","Soldier of Fortune"
"Cat Notebook","6229","Cat Notebook","426720","960","6307","1","9","0","0","444.5","Cat Notebook"
"Please, Don't Touch Anything 3D","6230","Please, Don't Touch Anything 3D","426660","25800","1455","2","152","0","0","16.54","Please, Don't Touch Anything 3D"
"Takedown: Red Sabre","6231","Takedown: Red Sabre","426360","23520","5532","3","83","0","0","18.13","Takedown: Red Sabre"
"Fortune Street","6232","Fortune Street","426060","80520","270","4","164","0","0","5.29","Fortune Street"
"Meteorfall: Krumit's Tale","6233","Meteorfall: Krumit's Tale","425940","9240","1115","2","40","0","0","46.1","Meteorfall: Krumit's Tale"
"Republique","6234","Republique","424800","81180","835","4","318","0","0","5.23","Republique"
"Sonic Blast","6235","Sonic Blast","424560","3480","5440","2","15","0","0","122","Sonic Blast"
"Bugs Bunny Lost in Time","6236","Bugs Bunny Lost in Time","424140","39420","195","3","104","0","0","10.76","Bugs Bunny Lost in Time"
"ESPN NFL Football","6237","ESPN NFL Football","423900","9780","1558","5","51","0","0","43.34","ESPN NFL Football"
"Netflix Infinite Runner","6238","Netflix Infinite Runner","423240","38520","1259","3","142","0","0","10.99","Netflix Infinite Runner"
"Demonheart","6239","Demonheart","423120","8400","1120","1","12","0","0","50.37","Demonheart"
"Big Brain Academy","6240","Big Brain Academy","422400","22620","3740","1","12","0","0","18.67","Big Brain Academy"
"Peter Jackson's King Kong: The Official Game of the Movie","6241","Peter Jackson's King Kong: The Official Game of the Movie","421800","26100","540","6","122","0","0","16.16","Peter Jackson's King Kong: The Official Game of the Movie"
"Calm Down, Stalin","6242","Calm Down, Stalin","421680","6240","2367","2","40","0","0","67.58","Calm Down, Stalin"
"Street Fighter EX2 Plus","6243","Street Fighter EX2 Plus","421560","12300","1203","2","41","0","0","34.27","Street Fighter EX2 Plus"
"Test Drive Unlimited 2","6244","Test Drive Unlimited 2","421500","73740","263","4","226","0","0","5.72","Test Drive Unlimited 2"
"VR Kanojo","6245","VR Kanojo","421500","5040","4764","1","45","0","0","83.63","VR Kanojo"
"Next Day: Survival","6246","Next Day: Survival","420480","87900","733","6","375","0","0","4.78","Next Day: Survival"
"Final Fantasy Crystal Chronicles: The Crystal Bearers","6247","Final Fantasy Crystal Chronicles: The Crystal Bearers","420480","11520","1484","2","21","0","0","36.5","Final Fantasy Crystal Chronicles: The Crystal Bearers"
"Trident's Wake","6248","Trident's Wake","420360","4920","788","4","25","0","0","85.44","Trident's Wake"
"Hamtaro: Ham-Ham Heartbreak","6249","Hamtaro: Ham-Ham Heartbreak","420240","37680","160","3","118","0","0","11.15","Hamtaro: Ham-Ham Heartbreak"
"Force Of Nature","6250","Force Of Nature","420060","74100","186","5","165","0","0","5.67","Force Of Nature"
"Eden Rising","6251","Eden Rising","419760","97200","460","14","479","0","0","4.32","Eden Rising"
"A Bird Story","6252","A Bird Story","419400","39360","402","2","300","0","0","10.66","A Bird Story"
"Must Dash Amigos","6253","Must Dash Amigos","419160","1740","6523","1","16","0","0","240.9","Must Dash Amigos"
"BloodLust 2: Nemesis","6254","BloodLust 2: Nemesis","419160","3780","2430","1","14","0","0","110.89","BloodLust 2: Nemesis"
"Toram Online","6255","Toram Online","419040","131640","21","3","157","0","0","3.18","Toram Online"
"80 Days","6256","80 Days","418740","14580","1418","2","63","0","0","28.72","80 Days"
"Sudeki","6257","Sudeki","418560","40740","2167","2","110","0","0","10.27","Sudeki"
"Nobunaga's Ambition: Taishi","6258","Nobunaga's Ambition: Taishi","418380","45840","450","4","45","0","0","9.13","Nobunaga's Ambition: Taishi"
"Pixel Worlds","6259","Pixel Worlds","418380","103320","200","3","203","0","0","4.05","Pixel Worlds"
"Tetrisphere","6260","Tetrisphere","418320","20280","2799","2","44","0","0","20.63","Tetrisphere"
"Obscure: The Aftermath","6261","Obscure: The Aftermath","418020","62700","205","5","173","0","0","6.67","Obscure: The Aftermath"
"Golden Tee","6262","Golden Tee","417900","46560","787","2","15","0","0","8.98","Golden Tee"
"Chicken Invaders","6263","Chicken Invaders","417120","4020","3138","1","24","0","0","103.76","Chicken Invaders"
"Mario Party 10","6264","Mario Party 10","417120","28440","382","3","169","0","0","14.67","Mario Party 10"
"Saints Row: Gat Out of Hell","6265","Saints Row: Gat Out of Hell","417120","137940","882","4","681","0","0","3.02","Saints Row: Gat Out of Hell"
"8-Bit Invaders!","6266","8-Bit Invaders!","417000","4200","891","3","35","0","0","99.29","8-Bit Invaders!"
"Harvest Moon","6267","Harvest Moon","416880","43620","355","3","116","0","0","9.56","Harvest Moon"
"Miami Vice","6268","Miami Vice","416640","5280","315","2","13","0","0","78.91","Miami Vice"
"Football Manager 2018","6269","Football Manager 2018","416640","149820","145","5","406","0","0","2.78","Football Manager 2018"
"Disney/Pixar's Buzz Lightyear of Star Command","6270","Disney/Pixar's Buzz Lightyear of Star Command","416040","8580","2268","3","19","0","0","48.49","Disney/Pixar's Buzz Lightyear of Star Command"
"Dark Fall: The Journal","6271","Dark Fall: The Journal","415980","5700","3019","1","16","0","0","72.98","Dark Fall: The Journal"
"The Unicorn Princess","6272","The Unicorn Princess","415860","4620","1454","2","11","0","0","90.01","The Unicorn Princess"
"Rolled Out!","6273","Rolled Out!","415260","12840","462","4","36","0","0","32.34","Rolled Out!"
"Pigeons Attack","6274","Pigeons Attack","415200","9060","1187","3","59","0","0","45.83","Pigeons Attack"
"Ironpants","6275","Ironpants","415200","720","12341","1","2","0","0","576.67","Ironpants"
"Knock-Knock","6276","Knock-Knock","415080","49680","653","4","279","0","0","8.36","Knock-Knock"
"NFL Street 3","6277","NFL Street 3","414780","1560","4260","1","14","0","0","265.88","NFL Street 3"
"Barbie Super Model","6278","Barbie Super Model","414600","25500","5453","2","55","0","0","16.26","Barbie Super Model"
"Tekken 5","6279","Tekken 5","414360","24420","480","3","139","0","0","16.97","Tekken 5"
"FlatOut: Ultimate Carnage","6280","FlatOut: Ultimate Carnage","414240","50700","500","3","155","0","0","8.17","FlatOut: Ultimate Carnage"
"Hyperdimension Neptunia Re;Birth 3: V Century","6281","Hyperdimension Neptunia Re;Birth 3: V Century","414000","116280","372","3","140","0","0","3.56","Hyperdimension Neptunia Re;Birth 3: V Century"
"Argentum Online","6282","Argentum Online","413820","65460","292","3","126","0","0","6.32","Argentum Online"
"The Inpatient","6283","The Inpatient","413700","60720","875","3","384","0","0","6.81","The Inpatient"
"FaceRig","6284","FaceRig","413580","18480","1079","2","142","0","0","22.38","FaceRig"
"NHL Stanley Cup","6285","NHL Stanley Cup","413400","3360","2671","4","16","0","0","123.04","NHL Stanley Cup"
"Age of Defense","6286","Age of Defense","413280","1680","2095","1","9","0","0","246","Age of Defense"
"ArmA II","6287","ArmA II","413280","47040","1567","3","183","0","0","8.79","ArmA II"
"Root of Evil: The Tailor","6288","Root of Evil: The Tailor","412680","22560","1100","2","115","0","0","18.29","Root of Evil: The Tailor"
"Fight Night","6289","Fight Night","412260","2220","2502","4","28","0","0","185.7","Fight Night"
"Wizards & Warriors","6290","Wizards & Warriors","412020","15660","279","7","56","0","0","26.31","Wizards & Warriors"
"Etrian Odyssey","6291","Etrian Odyssey","411540","75960","62","5","71","0","0","5.42","Etrian Odyssey"
"Super Daryl Deluxe","6292","Super Daryl Deluxe","411540","62160","1581","4","149","0","0","6.62","Super Daryl Deluxe"
"Tardy","6293","Tardy","411480","6420","849","4","33","0","0","64.09","Tardy"
"Marble Skies","6294","Marble Skies","411420","18120","248","2","80","0","0","22.71","Marble Skies"
"Regular Human Basketball","6295","Regular Human Basketball","411420","6780","1310","2","66","0","0","60.68","Regular Human Basketball"
"Cybarian: The Time Travelling Warrior","6296","Cybarian: The Time Travelling Warrior","411360","8580","893","2","71","0","0","47.94","Cybarian: The Time Travelling Warrior"
"Floor Kids","6297","Floor Kids","411360","10200","5501","1","53","0","0","40.33","Floor Kids"
"FIFA International Soccer","6298","FIFA International Soccer","411240","6600","833","1","12","0","0","62.31","FIFA International Soccer"
"inFamous: First Light","6299","inFamous: First Light","410880","43800","1190","3","548","0","0","9.38","inFamous: First Light"
"Dune: The Battle for Arrakis","6300","Dune: The Battle for Arrakis","410760","23760","2873","2","45","0","0","17.29","Dune: The Battle for Arrakis"