"","","Game","Watch time","Stream time","Peak viewers","Peak channels","Streamers","Average viewers","Average channels","Average viewer ratio",""
"Lunar Pool","4301","Lunar Pool","1083180","5400","613","2","12","2","0","200.59","Lunar Pool"
"Pizza Dude","4302","Pizza Dude","1082820","4800","9088","2","23","2","0","225.59","Pizza Dude"
"Heavenly Sword","4303","Heavenly Sword","1081560","21480","2342","3","54","2","0","50.35","Heavenly Sword"
"Brain Games","4304","Brain Games","1081500","13620","518","2","57","2","0","79.41","Brain Games"
"Yu-Gi-Oh! Duelists of the Roses","4305","Yu-Gi-Oh! Duelists of the Roses","1080840","122820","366","5","266","2","0","8.8","Yu-Gi-Oh! Duelists of the Roses"
"SNK 40th Anniversary Collection","4306","SNK 40th Anniversary Collection","1079760","26940","3724","3","125","2","0","40.08","SNK 40th Anniversary Collection"
"Creature in the Well","4307","Creature in the Well","1079520","79620","1860","14","471","2","0","13.56","Creature in the Well"
"Fortix","4308","Fortix","1079460","15300","17100","4","19","2","0","70.55","Fortix"
"Education Series: General Knowledge Builder","4309","Education Series: General Knowledge Builder","1079100","389400","180","4","142","2","0","2.77","Education Series: General Knowledge Builder"
"Wonder Boy","4310","Wonder Boy","1078920","10020","5728","6","47","2","0","107.68","Wonder Boy"
"Crystar","4311","Crystar","1078740","263940","804","13","435","2","0","4.09","Crystar"
"Super Lumi Live","4312","Super Lumi Live","1077660","34080","3513","3","24","2","0","31.62","Super Lumi Live"
"Serious Sam: The First Encounter","4313","Serious Sam: The First Encounter","1077420","100920","6764","6","326","2","0","10.68","Serious Sam: The First Encounter"
"Sins of a Solar Empire: Rebellion","4314","Sins of a Solar Empire: Rebellion","1077300","251280","814","6","664","2","0","4.29","Sins of a Solar Empire: Rebellion"
"The Punisher","4315","The Punisher","1077120","69720","3585","3","231","2","0","15.45","The Punisher"
"The Coma","4316","The Coma","1076340","86040","599","6","361","2","0","12.51","The Coma"
"NASCAR","4317","NASCAR","1076280","31140","554","6","62","2","0","34.56","NASCAR"
"Faith of Danschant","4318","Faith of Danschant","1075380","16920","726","2","16","2","0","63.56","Faith of Danschant"
"Pro Evolution Soccer 2018","4319","Pro Evolution Soccer 2018","1073340","264480","3602","5","941","2","0","4.06","Pro Evolution Soccer 2018"
"Warriors' Wrath","4320","Warriors' Wrath","1073280","960","3722","2","5","2","0","1118","Warriors' Wrath"
"Nosferatu: The Wrath of Malachi","4321","Nosferatu: The Wrath of Malachi","1071960","28860","2091","2","149","2","0","37.14","Nosferatu: The Wrath of Malachi"
"35mm","4322","35mm","1071720","38580","3728","3","176","2","0","27.78","35mm"
"One Piece: Pirate Warriors 3","4323","One Piece: Pirate Warriors 3","1071600","346200","473","8","1379","2","0","3.1","One Piece: Pirate Warriors 3"
"Fight Night Champion","4324","Fight Night Champion","1071300","437040","342","7","1290","2","0","2.45","Fight Night Champion"
"The Running Man","4325","The Running Man","1071180","2580","5985","1","7","2","0","415.19","The Running Man"
"Re-Legion","4326","Re-Legion","1069680","12600","2816","10","77","2","0","84.9","Re-Legion"
"Tale of Wuxia","4327","Tale of Wuxia","1069080","41580","1028","3","31","2","0","25.71","Tale of Wuxia"
"Peggle 2","4328","Peggle 2","1068240","73440","1445","4","412","2","0","14.55","Peggle 2"
"Even the Ocean","4329","Even the Ocean","1066860","37020","2548","2","26","2","0","28.82","Even the Ocean"
"Football, Tactics & Glory","4330","Football, Tactics & Glory","1066320","53160","1550","2","100","2","0","20.06","Football, Tactics & Glory"
"Pharaoh","4331","Pharaoh","1065960","94920","802","4","151","2","0","11.23","Pharaoh"
"Summon Night","4332","Summon Night","1065720","300","4873","1","2","2","0","3552.4","Summon Night"
"Talk to Strangers","4333","Talk to Strangers","1065300","55500","3170","3","417","2","0","19.19","Talk to Strangers"
"Seeking Dawn","4334","Seeking Dawn","1065300","39420","1723","3","195","2","0","27.02","Seeking Dawn"
"Orwell","4335","Orwell","1065240","159300","672","5","749","2","0","6.69","Orwell"
"Bean Battles","4336","Bean Battles","1064580","73860","2599","7","471","2","0","14.41","Bean Battles"
"Mega Man Star Force 3","4337","Mega Man Star Force 3","1064580","16860","3457","3","32","2","0","63.14","Mega Man Star Force 3"
"Premium Bowling","4338","Premium Bowling","1064100","6840","4077","2","28","2","0","155.57","Premium Bowling"
"ShootMania Storm","4339","ShootMania Storm","1063920","137700","1458","5","113","2","0","7.73","ShootMania Storm"
"Redeemer","4340","Redeemer","1062900","59160","2123","8","296","2","0","17.97","Redeemer"
"Archero","4341","Archero","1062360","58200","1583","4","372","2","0","18.25","Archero"
"Press Your Luck","4342","Press Your Luck","1062300","8700","1528","2","9","2","0","122.1","Press Your Luck"
"X-17","4343","X-17","1060440","900","17731","4","6","2","0","1178.27","X-17"
"Lovecraft's Untold Stories","4344","Lovecraft's Untold Stories","1060080","62340","2647","3","229","2","0","17","Lovecraft's Untold Stories"
"Karnov","4345","Karnov","1060020","13500","15032","6","48","2","0","78.52","Karnov"
"Virtua Cop 2","4346","Virtua Cop 2","1058040","3300","8668","2","23","2","0","320.62","Virtua Cop 2"
"Stronghold 2","4347","Stronghold 2","1057980","92760","8370","3","404","2","0","11.41","Stronghold 2"
"Ratchet & Clank: Into the Nexus","4348","Ratchet & Clank: Into the Nexus","1057680","13920","5196","2","31","2","0","75.98","Ratchet & Clank: Into the Nexus"
"Dance Dance Revolution","4349","Dance Dance Revolution","1057620","90480","1359","3","143","2","0","11.69","Dance Dance Revolution"
"Kingdom Hearts: Chain of Memories","4350","Kingdom Hearts: Chain of Memories","1057260","101760","1268","4","186","2","0","10.39","Kingdom Hearts: Chain of Memories"
"Sword and Shield","4351","Sword and Shield","1056780","264240","1336","52","818","2","0","4","Sword and Shield"
"F-Zero X","4352","F-Zero X","1056660","44580","13306","4","215","2","0","23.7","F-Zero X"
"Crazy Taxi 3: High Roller","4353","Crazy Taxi 3: High Roller","1056120","3720","8901","1","25","2","0","283.9","Crazy Taxi 3: High Roller"
"Vintage Story","4354","Vintage Story","1056000","46140","522","5","56","2","0","22.89","Vintage Story"
"Jagged Alliance 2","4355","Jagged Alliance 2","1055640","101580","529","3","93","2","0","10.39","Jagged Alliance 2"
"Steambirds Alliance","4356","Steambirds Alliance","1055280","149040","725","12","666","2","0","7.08","Steambirds Alliance"
"Arx Fatalis","4357","Arx Fatalis","1054380","84300","631","4","187","2","0","12.51","Arx Fatalis"
"The Darkness II","4358","The Darkness II","1054200","226920","548","6","1070","2","0","4.65","The Darkness II"
"Dragon Warrior II","4359","Dragon Warrior II","1054140","107220","458","5","139","2","0","9.83","Dragon Warrior II"
"Mighty Switch Force! Collection","4360","Mighty Switch Force! Collection","1053300","8820","9324","2","36","2","0","119.42","Mighty Switch Force! Collection"
"LEGO Island 2: The Brickster's Revenge","4361","LEGO Island 2: The Brickster's Revenge","1053240","11340","4436","2","44","2","0","92.88","LEGO Island 2: The Brickster's Revenge"
"1 vs 100","4362","1 vs 100","1053000","3780","8793","1","5","2","0","278.57","1 vs 100"
"Fatal Fury","4363","Fatal Fury","1052700","8880","10227","2","45","2","0","118.55","Fatal Fury"
"Toy Story 2: Buzz Lightyear to the Rescue!","4364","Toy Story 2: Buzz Lightyear to the Rescue!","1051740","106260","665","5","281","2","0","9.9","Toy Story 2: Buzz Lightyear to the Rescue!"
"NeoGeo Battle Coliseum","4365","NeoGeo Battle Coliseum","1051320","7860","7931","1","35","2","0","133.76","NeoGeo Battle Coliseum"
"Audition Online","4366","Audition Online","1050660","185280","1285","5","484","1","0","5.67","Audition Online"
"L.A. Noire: The VR Case Files","4367","L.A. Noire: The VR Case Files","1050060","44100","3864","4","204","1","0","23.81","L.A. Noire: The VR Case Files"
"Basement","4368","Basement","1049400","13140","2229","3","78","1","0","79.86","Basement"
"Welcome to Hanwell","4369","Welcome to Hanwell","1049280","71640","2404","4","265","1","0","14.65","Welcome to Hanwell"
"Schlag den Raab: Das 3. Spiel","4370","Schlag den Raab: Das 3. Spiel","1049220","2280","2841","1","7","1","0","460.18","Schlag den Raab: Das 3. Spiel"
"Medieval Kingdom Wars","4371","Medieval Kingdom Wars","1049160","27540","4067","5","131","1","0","38.1","Medieval Kingdom Wars"
"Into the Dead 2","4372","Into the Dead 2","1048860","11460","2231","2","87","1","0","91.52","Into the Dead 2"
"Empire: Total War","4373","Empire: Total War","1048440","200460","1550","5","582","1","0","5.23","Empire: Total War"
"American McGee's Alice","4374","American McGee's Alice","1048080","106080","683","3","281","1","0","9.88","American McGee's Alice"
"Star Fox Assault","4375","Star Fox Assault","1048020","43020","2072","3","198","1","0","24.36","Star Fox Assault"
"Racing","4376","Racing","1047600","272100","2374","6","717","1","0","3.85","Racing"
"Sacred","4377","Sacred","1046640","72960","5451","4","185","1","0","14.35","Sacred"
"Star Ocean Anamnesis","4378","Star Ocean Anamnesis","1046340","126120","327","4","101","1","0","8.3","Star Ocean Anamnesis"
"WWF WrestleMania 2000","4379","WWF WrestleMania 2000","1046220","10800","2735","2","56","1","0","96.87","WWF WrestleMania 2000"
"Mount and Blade: With Fire & Sword","4380","Mount and Blade: With Fire & Sword","1046220","134460","4446","3","393","1","0","7.78","Mount and Blade: With Fire & Sword"
"RISE: Race The Future","4381","RISE: Race The Future","1044660","5280","15750","1","30","1","0","197.85","RISE: Race The Future"
"Anime Music Quiz","4382","Anime Music Quiz","1044300","140760","672","5","363","1","0","7.42","Anime Music Quiz"
"Take","4383","Take","1042200","900","15295","2","11","1","0","1158","Take"
"Trio The Punch – Never Forget Me...","4384","Trio The Punch – Never Forget Me...","1041780","2700","9267","5","17","1","0","385.84","Trio The Punch – Never Forget Me..."
"Tales of the Abyss","4385","Tales of the Abyss","1040760","95760","237","3","106","1","0","10.87","Tales of the Abyss"
"Street Fighter EX Plus Alpha","4386","Street Fighter EX Plus Alpha","1040580","6240","8512","1","33","1","0","166.76","Street Fighter EX Plus Alpha"
"Nancy Drew: Secrets Can Kill","4387","Nancy Drew: Secrets Can Kill","1040580","29340","4725","2","103","1","0","35.47","Nancy Drew: Secrets Can Kill"
"Mechanika","4388","Mechanika","1040100","14400","4761","3","70","1","0","72.23","Mechanika"
"Medieval Engineers","4389","Medieval Engineers","1039800","171420","670","7","360","1","0","6.07","Medieval Engineers"
"Kingdom Hearts HD II.5 Remix","4390","Kingdom Hearts HD II.5 Remix","1039260","228180","831","9","327","1","0","4.55","Kingdom Hearts HD II.5 Remix"
"Urban Reign","4391","Urban Reign","1039140","15420","8221","3","55","1","0","67.39","Urban Reign"
"StarBreak","4392","StarBreak","1038360","25680","2913","3","69","1","0","40.43","StarBreak"
"Deemo Reborn","4393","Deemo Reborn","1037820","51300","3038","10","264","1","0","20.23","Deemo Reborn"
"Kirby Tilt 'n' Tumble","4394","Kirby Tilt 'n' Tumble","1037400","15480","17611","3","13","1","0","67.02","Kirby Tilt 'n' Tumble"
"Waku Waku Sweets","4395","Waku Waku Sweets","1037280","1560","7165","1","10","1","0","664.92","Waku Waku Sweets"
"Wolfenstein","4396","Wolfenstein","1036080","113400","1724","5","306","1","0","9.14","Wolfenstein"
"Alundra","4397","Alundra","1035960","139680","226","4","146","1","0","7.42","Alundra"
"Moon Hunters","4398","Moon Hunters","1035120","120960","4568","4","614","1","0","8.56","Moon Hunters"
"Ancient Domains of Mystery","4399","Ancient Domains of Mystery","1035060","121560","207","3","64","1","0","8.51","Ancient Domains of Mystery"
"The SpongeBob SquarePants Movie","4400","The SpongeBob SquarePants Movie","1035060","142980","711","7","99","1","0","7.24","The SpongeBob SquarePants Movie"