"","","Game","Watch time","Stream time","Peak viewers","Peak channels","Streamers","Average viewers","Average channels","Average viewer ratio",""
"Meteor 60 Seconds!","6101","Meteor 60 Seconds!","452280","8400","2501","1","90","0","0","53.84","Meteor 60 Seconds!"
"Kirby's Avalanche","6102","Kirby's Avalanche","452100","10500","1351","1","57","0","0","43.06","Kirby's Avalanche"
"Mad TV","6103","Mad TV","452100","5520","933","1","6","0","0","81.9","Mad TV"
"Stop","6104","Stop","451920","17160","1589","2","166","0","0","26.34","Stop"
"Cossacks: European Wars","6105","Cossacks: European Wars","451200","7260","3259","1","15","0","0","62.15","Cossacks: European Wars"
"Coming Out On Top","6106","Coming Out On Top","451200","14460","953","3","64","0","0","31.2","Coming Out On Top"
"Juiced 2: Hot Import Nights","6107","Juiced 2: Hot Import Nights","451020","17400","590","2","52","0","0","25.92","Juiced 2: Hot Import Nights"
"Oops!!! I Slept With Your Mom","6108","Oops!!! I Slept With Your Mom","450900","6900","1861","2","27","0","0","65.35","Oops!!! I Slept With Your Mom"
"Space Station Silicon Valley","6109","Space Station Silicon Valley","450540","42600","354","2","57","0","0","10.58","Space Station Silicon Valley"
"IS Defense","6110","IS Defense","450360","2520","2174","1","12","0","0","178.71","IS Defense"
"SaGa Frontier 2","6111","SaGa Frontier 2","450300","46380","747","2","36","0","0","9.71","SaGa Frontier 2"
"Pure Farming 2018","6112","Pure Farming 2018","450180","41580","907","5","148","0","0","10.83","Pure Farming 2018"
"Monkey Island: Special Edition Collection","6113","Monkey Island: Special Edition Collection","450000","37980","625","3","138","0","0","11.85","Monkey Island: Special Edition Collection"
"Secret Agent Barbie","6114","Secret Agent Barbie","449760","3540","3758","1","17","0","0","127.05","Secret Agent Barbie"
"You Don't Have Time","6115","You Don't Have Time","449640","2880","1431","2","18","0","0","156.13","You Don't Have Time"
"Dragon Fighter","6116","Dragon Fighter","449160","1980","3779","2","11","0","0","226.85","Dragon Fighter"
"Dissidia: Final Fantasy","6117","Dissidia: Final Fantasy","448920","28800","2994","2","102","0","0","15.59","Dissidia: Final Fantasy"
"Sudoku","6118","Sudoku","448560","52500","3436","3","283","0","0","8.54","Sudoku"
"Make-Up and Style","6119","Make-Up and Style","448380","45360","679","6","245","0","0","9.88","Make-Up and Style"
"Harry Potter and the Deathly Hallows: Part 1","6120","Harry Potter and the Deathly Hallows: Part 1","448320","36240","373","2","105","0","0","12.37","Harry Potter and the Deathly Hallows: Part 1"
"Transport Tycoon","6121","Transport Tycoon","448260","114000","561","5","426","0","0","3.93","Transport Tycoon"
"007: Everything or Nothing","6122","007: Everything or Nothing","448080","21540","286","2","58","0","0","20.8","007: Everything or Nothing"
"SharpShooter3D","6123","SharpShooter3D","447540","5400","3838","1","30","0","0","82.88","SharpShooter3D"
"WWE Day of Reckoning","6124","WWE Day of Reckoning","447480","9480","2900","1","31","0","0","47.2","WWE Day of Reckoning"
"Scooby Doo","6125","Scooby Doo","447420","11580","1949","2","38","0","0","38.64","Scooby Doo"
"Battle Planet - Judgement Day","6126","Battle Planet - Judgement Day","447360","6120","1629","7","37","0","0","73.1","Battle Planet - Judgement Day"
"Chameleon Twist","6127","Chameleon Twist","447240","37020","509","3","49","0","0","12.08","Chameleon Twist"
"Typical Nightmare","6128","Typical Nightmare","447240","3300","2719","2","30","0","0","135.53","Typical Nightmare"
"Virtual Pro Wrestling 2: Ōdō Keishō","6129","Virtual Pro Wrestling 2: Ōdō Keishō","447180","7620","3141","2","23","0","0","58.69","Virtual Pro Wrestling 2: Ōdō Keishō"
"Project CARS","6130","Project CARS","446640","289440","185","5","1438","0","0","1.54","Project CARS"
"Aviary Attorney","6131","Aviary Attorney","446640","58260","328","3","184","0","0","7.67","Aviary Attorney"
"The Lord of the Rings: The Return of the King","6132","The Lord of the Rings: The Return of the King","446520","75960","1779","3","188","0","0","5.88","The Lord of the Rings: The Return of the King"
"Garage","6133","Garage","446220","4920","778","5","29","0","0","90.7","Garage"
"Wrack","6134","Wrack","445680","40920","570","7","67","0","0","10.89","Wrack"
"Rocket: Robot on Wheels","6135","Rocket: Robot on Wheels","445200","18420","411","2","45","0","0","24.17","Rocket: Robot on Wheels"
"Dead Realm","6136","Dead Realm","445080","12360","4610","3","106","0","0","36.01","Dead Realm"
"Ratchet & Clank Future: A Crack in Time","6137","Ratchet & Clank Future: A Crack in Time","444840","52740","382","3","106","0","0","8.43","Ratchet & Clank Future: A Crack in Time"
"Outlaw","6138","Outlaw","444300","1680","2846","1","11","0","0","264.46","Outlaw"
"Replica","6139","Replica","443880","48660","656","5","177","0","0","9.12","Replica"
"Balloon Fight","6140","Balloon Fight","443760","13380","1886","2","62","0","0","33.17","Balloon Fight"
"Chroma Squad","6141","Chroma Squad","443460","91980","112","4","281","0","0","4.82","Chroma Squad"
"Zeno Clash","6142","Zeno Clash","442500","10620","1726","1","49","0","0","41.67","Zeno Clash"
"No More Heroes 2: Desperate Struggle","6143","No More Heroes 2: Desperate Struggle","442440","57660","463","3","111","0","0","7.67","No More Heroes 2: Desperate Struggle"
"Dead Rising: Chop Till You Drop","6144","Dead Rising: Chop Till You Drop","442380","3600","4567","1","7","0","0","122.88","Dead Rising: Chop Till You Drop"
"Mogeko Castle","6145","Mogeko Castle","442200","42840","277","3","164","0","0","10.32","Mogeko Castle"
"Rogue Glitch","6146","Rogue Glitch","442080","3360","3627","2","16","0","0","131.57","Rogue Glitch"
"Viridi","6147","Viridi","441540","48660","4346","3","66","0","0","9.07","Viridi"
"Cytus","6148","Cytus","441480","23400","2572","4","160","0","0","18.87","Cytus"
"Paranoid","6149","Paranoid","441300","3600","3948","2","44","0","0","122.58","Paranoid"
"Sophie's Curse","6150","Sophie's Curse","440940","22320","924","2","195","0","0","19.76","Sophie's Curse"
"Rocketbirds 2: Evolution","6151","Rocketbirds 2: Evolution","440820","21060","1605","2","104","0","0","20.93","Rocketbirds 2: Evolution"
"Family Gameshow","6152","Family Gameshow","440760","8820","2148","2","18","0","0","49.97","Family Gameshow"
"Romance of the Three Kingdoms XIV","6153","Romance of the Three Kingdoms XIV","440640","3360","2831","2","17","0","0","131.14","Romance of the Three Kingdoms XIV"
"RESORT BOSS: GOLF","6154","RESORT BOSS: GOLF","440580","9480","2017","3","71","0","0","46.47","RESORT BOSS: GOLF"
"Bubble Bobble","6155","Bubble Bobble","440400","29640","1691","3","174","0","0","14.86","Bubble Bobble"
"Hexcells","6156","Hexcells","440100","10980","2619","2","67","0","0","40.08","Hexcells"
"Elmo's Number Journey","6157","Elmo's Number Journey","439320","9780","2751","3","26","0","0","44.92","Elmo's Number Journey"
"Batman","6158","Batman","439320","227520","179","5","990","0","0","1.93","Batman"
"The Whispered World","6159","The Whispered World","439260","67680","91","4","138","0","0","6.49","The Whispered World"
"The Land of Pain","6160","The Land of Pain","439260","28500","2560","2","129","0","0","15.41","The Land of Pain"
"The Adventure of a Blue-haired Girl","6161","The Adventure of a Blue-haired Girl","439200","1020","8613","1","4","0","0","430.59","The Adventure of a Blue-haired Girl"
"Dear Esther","6162","Dear Esther","439200","55380","565","3","466","0","0","7.93","Dear Esther"
"Dragon Quest Heroes II","6163","Dragon Quest Heroes II","439140","158940","415","4","354","0","0","2.76","Dragon Quest Heroes II"
"Tiny and Big: Grandpa's Leftovers","6164","Tiny and Big: Grandpa's Leftovers","438960","9420","2908","1","64","0","0","46.6","Tiny and Big: Grandpa's Leftovers"
"Broomstick League","6165","Broomstick League","438900","10200","25213","14","75","0","0","43.03","Broomstick League"
"Convoy","6166","Convoy","438780","21900","827","4","80","0","0","20.04","Convoy"
"Space Jam","6167","Space Jam","438780","1920","7274","1","11","0","0","228.53","Space Jam"
"Ace Combat 6: Fires of Liberation","6168","Ace Combat 6: Fires of Liberation","438660","68040","1932","5","186","0","0","6.45","Ace Combat 6: Fires of Liberation"
"GoldenEye 007 Reloaded","6169","GoldenEye 007 Reloaded","438180","22860","2300","2","28","0","0","19.17","GoldenEye 007 Reloaded"
"LEGO Indiana Jones: The Original Adventures","6170","LEGO Indiana Jones: The Original Adventures","438060","91980","783","4","307","0","0","4.76","LEGO Indiana Jones: The Original Adventures"
"Valkyrie Anatomia: The Origin","6171","Valkyrie Anatomia: The Origin","438060","40320","178","8","68","0","0","10.86","Valkyrie Anatomia: The Origin"
"The Grinch","6172","The Grinch","438000","22140","1387","4","60","0","0","19.78","The Grinch"
"Michael Jackson: The Experience","6173","Michael Jackson: The Experience","437940","2880","4072","1","25","0","0","152.06","Michael Jackson: The Experience"
"Rise of Titans","6174","Rise of Titans","437700","9960","759","3","17","0","0","43.95","Rise of Titans"
"Tomba! 2: The Evil Swine Return","6175","Tomba! 2: The Evil Swine Return","437400","56160","256","3","138","0","0","7.79","Tomba! 2: The Evil Swine Return"
"Spareware","6176","Spareware","437220","180","3868","1","1","0","0","2429","Spareware"
"Trash Squad","6177","Trash Squad","437100","8220","3043","1","11","0","0","53.18","Trash Squad"
"Dawn of Magic","6178","Dawn of Magic","436920","600","7270","1","6","0","0","728.2","Dawn of Magic"
"Double Dragon Neon","6179","Double Dragon Neon","436320","46500","1093","3","246","0","0","9.38","Double Dragon Neon"
"Tekken","6180","Tekken","435900","45180","1014","3","250","0","0","9.65","Tekken"
"Ranma 1/2","6181","Ranma 1/2","435780","540","4947","1","7","0","0","807","Ranma 1/2"
"Red Dead Redemption: Undead Nightmare","6182","Red Dead Redemption: Undead Nightmare","435780","64320","781","3","180","0","0","6.78","Red Dead Redemption: Undead Nightmare"
"Tetris: The Grand Master","6183","Tetris: The Grand Master","435360","57420","2185","3","94","0","0","7.58","Tetris: The Grand Master"
"Paranormal","6184","Paranormal","435300","30480","1520","3","102","0","0","14.28","Paranormal"
"Strider","6185","Strider","435240","106500","2963","4","454","0","0","4.09","Strider"
"SEGA Bass Fishing Duel","6186","SEGA Bass Fishing Duel","435180","240","7325","1","5","0","0","1813.25","SEGA Bass Fishing Duel"
"Teenage Mutant Ninja Turtles: Tournament Fighters","6187","Teenage Mutant Ninja Turtles: Tournament Fighters","435120","18540","1856","2","77","0","0","23.47","Teenage Mutant Ninja Turtles: Tournament Fighters"
"KillStreak.tv","6188","KillStreak.tv","434820","40560","323","7","220","0","0","10.72","KillStreak.tv"
"Baroque","6189","Baroque","434760","19200","1232","2","25","0","0","22.64","Baroque"
"Zueirama","6190","Zueirama","434640","9720","1416","2","64","0","0","44.72","Zueirama"
"Ratchet & Clank: Size Matters","6191","Ratchet & Clank: Size Matters","434460","53400","5417","3","56","0","0","8.14","Ratchet & Clank: Size Matters"
"The Solus Project","6192","The Solus Project","434340","79260","392","4","218","0","0","5.48","The Solus Project"
"Alien vs Predator: The Last of His Clan","6193","Alien vs Predator: The Last of His Clan","433980","4020","365","1","4","0","0","107.96","Alien vs Predator: The Last of His Clan"
"Anarchy Arcade","6194","Anarchy Arcade","433860","150420","15","5","22","0","0","2.88","Anarchy Arcade"
"Continent of the Ninth Seal","6195","Continent of the Ninth Seal","433620","67500","1064","3","111","0","0","6.42","Continent of the Ninth Seal"
"Street Fighter X Tekken","6196","Street Fighter X Tekken","433500","43620","922","3","189","0","0","9.94","Street Fighter X Tekken"
"The Spiral Scouts","6197","The Spiral Scouts","433440","48600","336","4","138","0","0","8.92","The Spiral Scouts"
"Pot Farm","6198","Pot Farm","433260","3240","263","1","6","0","0","133.72","Pot Farm"
"Bonk's Revenge","6199","Bonk's Revenge","432780","3300","4045","2","19","0","0","131.15","Bonk's Revenge"
"Crusader: No Remorse","6200","Crusader: No Remorse","432660","15300","224","2","25","0","0","28.28","Crusader: No Remorse"