"","","Game","Watch time","Stream time","Peak viewers","Peak channels","Streamers","Average viewers","Average channels","Average viewer ratio",""
"Pinball FX3","2501","Pinball FX3","3384600","352320","2143","7","978","6","0","9.61","Pinball FX3"
"Shantae: Half-Genie Hero","2502","Shantae: Half-Genie Hero","3381600","346200","2009","7","1168","6","0","9.77","Shantae: Half-Genie Hero"
"Game of Thrones Winter is Coming","2503","Game of Thrones Winter is Coming","3381180","241380","6696","9","337","6","0","14.01","Game of Thrones Winter is Coming"
"Transference","2504","Transference","3380760","61920","7263","3","383","6","0","54.6","Transference"
"Warcraft: Orcs & Humans","2505","Warcraft: Orcs & Humans","3380400","109320","4153","7","327","6","0","30.92","Warcraft: Orcs & Humans"
"Spooky's House of Jump Scares","2506","Spooky's House of Jump Scares","3376140","219960","4971","11","1761","6","0","15.35","Spooky's House of Jump Scares"
"SCP: Blackout","2507","SCP: Blackout","3372420","32340","23945","5","259","6","0","104.28","SCP: Blackout"
"Boundless","2508","Boundless","3371280","716040","305","15","549","6","1","4.71","Boundless"
"Eryi's Action","2509","Eryi's Action","3370800","62160","4856","3","272","6","0","54.23","Eryi's Action"
"Penumbra: Overture","2510","Penumbra: Overture","3368400","191820","19593","5","837","6","0","17.56","Penumbra: Overture"
"Ys VIII: Lacrimosa of Dana","2511","Ys VIII: Lacrimosa of Dana","3367140","574860","1754","9","836","6","1","5.86","Ys VIII: Lacrimosa of Dana"
"The Hex","2512","The Hex","3362940","59520","2458","5","174","6","0","56.5","The Hex"
"9Dragons: Kung Fu Arena","2513","9Dragons: Kung Fu Arena","3362340","58320","12622","9","218","6","0","57.65","9Dragons: Kung Fu Arena"
"Power Drill Massacre","2514","Power Drill Massacre","3359520","15720","27126","2","124","6","0","213.71","Power Drill Massacre"
"Legion TD 2","2515","Legion TD 2","3355860","369600","1796","9","628","6","0","9.08","Legion TD 2"
"Ratchet & Clank","2516","Ratchet & Clank","3354120","428880","5312","6","3312","6","0","7.82","Ratchet & Clank"
"FlowScape","2517","FlowScape","3351300","16140","22060","4","84","6","0","207.64","FlowScape"
"Guilty Gear XX Accent Core Plus R","2518","Guilty Gear XX Accent Core Plus R","3347820","72300","8302","4","216","6","0","46.3","Guilty Gear XX Accent Core Plus R"
"Mega Man 5","2519","Mega Man 5","3345000","119220","8688","9","230","6","0","28.06","Mega Man 5"
"Digimon World: Next Order","2520","Digimon World: Next Order","3343020","560280","449","10","1064","6","1","5.97","Digimon World: Next Order"
"Age of Wonders III","2521","Age of Wonders III","3338400","349800","12797","18","995","6","0","9.54","Age of Wonders III"
"The Shrouded Isle","2522","The Shrouded Isle","3334200","20460","7041","3","106","6","0","162.96","The Shrouded Isle"
"Crash Bandicoot","2523","Crash Bandicoot","3330300","237720","4544","13","933","6","0","14.01","Crash Bandicoot"
"Delivery from the Pain","2524","Delivery from the Pain","3328320","41580","4136","3","88","6","0","80.05","Delivery from the Pain"
"Project Hospital","2525","Project Hospital","3327420","165240","1510","4","497","6","0","20.14","Project Hospital"
"Naruto: Ultimate Ninja","2526","Naruto: Ultimate Ninja","3325980","12660","6476","3","56","6","0","262.72","Naruto: Ultimate Ninja"
"Miner Ultra Adventures","2527","Miner Ultra Adventures","3320700","24600","7577","3","171","6","0","134.99","Miner Ultra Adventures"
"NASCAR Heat 3","2528","NASCAR Heat 3","3320100","1029420","4394","24","2328","6","1","3.23","NASCAR Heat 3"
"Megaquarium","2529","Megaquarium","3320040","126120","4010","5","419","6","0","26.32","Megaquarium"
"Star Fox Adventures","2530","Star Fox Adventures","3319620","229620","1270","5","378","6","0","14.46","Star Fox Adventures"
"Duolingo","2531","Duolingo","3319320","243720","5119","6","649","6","0","13.62","Duolingo"
"Witch Hunt","2532","Witch Hunt","3318840","144060","2281","8","675","6","0","23.04","Witch Hunt"
"John Woo presents Stranglehold","2533","John Woo presents Stranglehold","3318240","23220","5311","3","92","6","0","142.9","John Woo presents Stranglehold"
"Apollo Justice: Ace Attorney","2534","Apollo Justice: Ace Attorney","3317580","93960","1305","3","101","6","0","35.31","Apollo Justice: Ace Attorney"
"Warcraft II: Beyond the Dark Portal","2535","Warcraft II: Beyond the Dark Portal","3316320","86220","3848","3","136","6","0","38.46","Warcraft II: Beyond the Dark Portal"
"The Neverhood","2536","The Neverhood","3314880","22980","8826","2","81","6","0","144.25","The Neverhood"
"Tactics Ogre: Let Us Cling Together","2537","Tactics Ogre: Let Us Cling Together","3311160","106140","1617","3","85","6","0","31.2","Tactics Ogre: Let Us Cling Together"
"Pro Wrestling","2538","Pro Wrestling","3308880","79440","4989","9","84","6","0","41.65","Pro Wrestling"
"Battle Chef Brigade","2539","Battle Chef Brigade","3308340","219840","15260","6","826","6","0","15.05","Battle Chef Brigade"
"Turok: Escape from Lost Valley","2540","Turok: Escape from Lost Valley","3303900","7020","9789","4","32","6","0","470.64","Turok: Escape from Lost Valley"
"Mawaza","2541","Mawaza","3301740","720","54835","5","7","6","0","4585.75","Mawaza"
"Cube Escape: Paradox","2542","Cube Escape: Paradox","3299820","135600","2828","4","632","6","0","24.33","Cube Escape: Paradox"
"Arms","2543","Arms","3298200","155760","5965","5","345","6","0","21.17","Arms"
"Soul Blazer","2544","Soul Blazer","3291360","174360","5078","13","185","6","0","18.88","Soul Blazer"
"Mother Simulator","2545","Mother Simulator","3290040","73800","5966","3","310","6","0","44.58","Mother Simulator"
"Felix The Reaper","2546","Felix The Reaper","3287880","51600","4385","15","364","6","0","63.72","Felix The Reaper"
"RollerCoaster Tycoon","2547","RollerCoaster Tycoon","3287040","270180","3539","7","932","6","0","12.17","RollerCoaster Tycoon"
"Death's Gambit","2548","Death's Gambit","3284760","277800","3504","7","1005","6","0","11.82","Death's Gambit"
"Disney's Aladdin","2549","Disney's Aladdin","3281640","144060","5874","8","564","6","0","22.78","Disney's Aladdin"
"Shogo: Mobile Armor Division","2550","Shogo: Mobile Armor Division","3277320","9060","35315","5","34","6","0","361.74","Shogo: Mobile Armor Division"
"Blade of Darkness","2551","Blade of Darkness","3275340","61260","2672","3","105","6","0","53.47","Blade of Darkness"
"Deadly Premonition","2552","Deadly Premonition","3273900","187260","4088","8","406","6","0","17.48","Deadly Premonition"
"Xenoblade Chronicles 2: Torna - The Golden Country","2553","Xenoblade Chronicles 2: Torna - The Golden Country","3267420","234840","9719","5","357","6","0","13.91","Xenoblade Chronicles 2: Torna - The Golden Country"
"Crystalis","2554","Crystalis","3266640","169380","12419","8","169","6","0","19.29","Crystalis"
"Snooker 19","2555","Snooker 19","3266640","333000","11409","18","575","6","0","9.81","Snooker 19"
"Golf Story","2556","Golf Story","3258300","93180","13662","4","235","6","0","34.97","Golf Story"
"Rubik's Cube","2557","Rubik's Cube","3253920","230280","2320","6","450","6","0","14.13","Rubik's Cube"
"Get To The Orange Door","2558","Get To The Orange Door","3247800","51900","24168","4","287","6","0","62.58","Get To The Orange Door"
"Unruly Heroes","2559","Unruly Heroes","3246360","94080","8204","13","402","6","0","34.51","Unruly Heroes"
"The King of Fighters 2002 Unlimited Match","2560","The King of Fighters 2002 Unlimited Match","3241620","86040","9470","3","382","6","0","37.68","The King of Fighters 2002 Unlimited Match"
"Grisaia no Kajitsu","2561","Grisaia no Kajitsu","3239340","18480","1476","2","34","6","0","175.29","Grisaia no Kajitsu"
"Shadow Warrior 2","2562","Shadow Warrior 2","3238200","617640","8335","11","2681","6","1","5.24","Shadow Warrior 2"
"Steven Universe Save the Light","2563","Steven Universe Save the Light","3234780","123240","14275","6","356","6","0","26.25","Steven Universe Save the Light"
"Grip","2564","Grip","3233100","155580","20245","8","782","6","0","20.78","Grip"
"Parasite Eve II","2565","Parasite Eve II","3229380","271500","3507","5","331","6","0","11.89","Parasite Eve II"
"Mother","2566","Mother","3228840","96720","1646","5","190","6","0","33.38","Mother"
"Adventure Quest 3D","2567","Adventure Quest 3D","3227040","317580","496","11","588","6","0","10.16","Adventure Quest 3D"
"Odin Sphere Leifthrasir","2568","Odin Sphere Leifthrasir","3221760","403500","10960","6","649","6","0","7.98","Odin Sphere Leifthrasir"
"The Amazing Frog?","2569","The Amazing Frog?","3220980","19740","10108","2","104","6","0","163.17","The Amazing Frog?"
"Precipice","2570","Precipice","3219840","42840","19460","3","434","6","0","75.16","Precipice"
"Pac-Man","2571","Pac-Man","3219480","2104140","1750","26","12534","6","4","1.53","Pac-Man"
"Warhammer 40,000: Dawn of War II - Retribution","2572","Warhammer 40,000: Dawn of War II - Retribution","3218640","311100","369","7","460","6","0","10.35","Warhammer 40,000: Dawn of War II - Retribution"
"Kirby: Star Allies","2573","Kirby: Star Allies","3213780","195960","2505","5","803","6","0","16.4","Kirby: Star Allies"
"Shoppe Keep 2","2574","Shoppe Keep 2","3213420","80760","9471","6","313","6","0","39.79","Shoppe Keep 2"
"Peach Ball: Senran Kagura","2575","Peach Ball: Senran Kagura","3211380","33360","10399","11","144","6","0","96.26","Peach Ball: Senran Kagura"
"Game of Thrones","2576","Game of Thrones","3211200","324660","13491","41","1203","6","0","9.89","Game of Thrones"
"Durango: Wild Lands","2577","Durango: Wild Lands","3209880","323760","6248","18","559","6","0","9.91","Durango: Wild Lands"
"Omensight","2578","Omensight","3208860","116940","11241","4","315","6","0","27.44","Omensight"
"Battlefield Hardline","2579","Battlefield Hardline","3208560","859680","7233","12","3498","6","1","3.73","Battlefield Hardline"
"The Void","2580","The Void","3204360","22740","3020","3","66","6","0","140.91","The Void"
"Creeper World 3: Arc Eternal","2581","Creeper World 3: Arc Eternal","3198120","97320","3846","3","210","6","0","32.86","Creeper World 3: Arc Eternal"
"Medieval II: Total War","2582","Medieval II: Total War","3197280","244740","2361","5","621","6","0","13.06","Medieval II: Total War"
"Irritating Stick","2583","Irritating Stick","3192420","1800","52786","6","13","6","0","1773.57","Irritating Stick"
"Starlink: Battle for Atlas","2584","Starlink: Battle for Atlas","3186300","259980","5321","11","900","6","0","12.26","Starlink: Battle for Atlas"
"New Super Luigi U","2585","New Super Luigi U","3185880","98400","3884","5","273","6","0","32.38","New Super Luigi U"
"Monster Hunter Freedom Unite","2586","Monster Hunter Freedom Unite","3184920","319320","594","7","414","6","0","9.97","Monster Hunter Freedom Unite"
"Mad Games Tycoon","2587","Mad Games Tycoon","3183660","89580","3446","4","327","6","0","35.54","Mad Games Tycoon"
"Seaman","2588","Seaman","3182460","9300","6018","2","21","6","0","342.2","Seaman"
"7'scarlet","2589","7'scarlet","3179280","32760","2822","4","47","6","0","97.05","7'scarlet"
"Antichamber","2590","Antichamber","3179040","176820","3750","5","899","6","0","17.98","Antichamber"
"That's You!","2591","That's You!","3176640","8100","18658","3","161","6","0","392.18","That's You!"
"Rush Wars","2592","Rush Wars","3176640","98700","1992","13","266","6","0","32.18","Rush Wars"
"Wolfenstein: Enemy Territory","2593","Wolfenstein: Enemy Territory","3175080","286920","17265","9","386","6","0","11.07","Wolfenstein: Enemy Territory"
"Ultimate Fishing Simulator","2594","Ultimate Fishing Simulator","3174780","194340","3639","6","643","6","0","16.34","Ultimate Fishing Simulator"
"Dark Cloud 2","2595","Dark Cloud 2","3173700","353100","522","7","677","6","0","8.99","Dark Cloud 2"
"Deus Ex: Human Revolution","2596","Deus Ex: Human Revolution","3172920","473160","4147","7","1125","6","0","6.71","Deus Ex: Human Revolution"
"Amnesia: A Machine for Pigs","2597","Amnesia: A Machine for Pigs","3171360","393060","1227","14","2164","6","0","8.07","Amnesia: A Machine for Pigs"
"Mirador","2598","Mirador","3169320","17100","23922","8","107","6","0","185.34","Mirador"
"Last Cloudia","2599","Last Cloudia","3168180","129180","1011","19","176","6","0","24.53","Last Cloudia"
"Super Monkey Ball: Banana Blitz HD","2600","Super Monkey Ball: Banana Blitz HD","3168120","83940","8300","27","440","6","0","37.74","Super Monkey Ball: Banana Blitz HD"