"","","Game","Watch time","Stream time","Peak viewers","Peak channels","Streamers","Average viewers","Average channels","Average viewer ratio",""
"Cyberpunk 2077","901","Cyberpunk 2077","19844520","361620","313234","238","436","37","0","54.88","Cyberpunk 2077"
"Dishonored 2","902","Dishonored 2","19828380","2343420","13601","23","7881","37","4","8.46","Dishonored 2"
"Puzzle & Dragons","903","Puzzle & Dragons","19817640","832320","1957","12","600","37","1","23.81","Puzzle & Dragons"
"Streets of Rogue","904","Streets of Rogue","19774440","707940","12118","27","2989","37","1","27.93","Streets of Rogue"
"Trove","905","Trove","19768920","4617960","970","34","10782","37","8","4.28","Trove"
"Mario Kart: Double Dash!!","906","Mario Kart: Double Dash!!","19713060","421560","141142","10","1604","37","0","46.76","Mario Kart: Double Dash!!"
"Mass Effect: Andromeda","907","Mass Effect: Andromeda","19676460","2140680","2935","22","5851","37","4","9.19","Mass Effect: Andromeda"
"Mobile Suit Gundam: Battle Operation 2","908","Mobile Suit Gundam: Battle Operation 2","19617240","1249920","2707","20","2377","37","2","15.69","Mobile Suit Gundam: Battle Operation 2"
"Assassin's Creed II","909","Assassin's Creed II","19596120","1459080","4929","13","3162","37","2","13.43","Assassin's Creed II"
"DC Universe Online","910","DC Universe Online","19569960","3986280","1609","25","6024","37","7","4.91","DC Universe Online"
"Northgard","911","Northgard","19540440","1800300","6968","20","4983","37","3","10.85","Northgard"
"Zelda II: The Adventure of Link","912","Zelda II: The Adventure of Link","19499880","854040","30042","20","1086","37","1","22.83","Zelda II: The Adventure of Link"
"Bloodstained: Curse of the Moon","913","Bloodstained: Curse of the Moon","19489620","419580","162710","18","2128","37","0","46.45","Bloodstained: Curse of the Moon"
"Trauma Center: Under the Knife 2","914","Trauma Center: Under the Knife 2","19481160","7980","119012","8","24","37","0","2441.25","Trauma Center: Under the Knife 2"
"Kingdom Two Crowns","915","Kingdom Two Crowns","19438500","810300","12246","23","2443","36","1","23.99","Kingdom Two Crowns"
"Monstrum","916","Monstrum","19428780","344340","22817","13","1763","36","0","56.42","Monstrum"
"The Legend of Zelda: Oracle of Seasons","917","The Legend of Zelda: Oracle of Seasons","19401960","375120","8744","12","471","36","0","51.72","The Legend of Zelda: Oracle of Seasons"
"Darksiders III","918","Darksiders III","19382820","3506760","7796","111","11299","36","6","5.53","Darksiders III"
"Tetris Effect","919","Tetris Effect","19376940","528840","128324","36","4398","36","1","36.64","Tetris Effect"
"Guardians of Ember","920","Guardians of Ember","19348560","348360","5457","34","1063","36","0","55.54","Guardians of Ember"
"Warhammer 40,000: Inquisitor - Prophecy","921","Warhammer 40,000: Inquisitor - Prophecy","19317360","137700","18992","14","226","36","0","140.29","Warhammer 40,000: Inquisitor - Prophecy"
"Fran Bow","922","Fran Bow","19293000","695940","6061","18","2092","36","1","27.72","Fran Bow"
"Dead Space 3","923","Dead Space 3","19225680","1697580","8048","19","5380","36","3","11.33","Dead Space 3"
"Hide Or Die","924","Hide Or Die","19198500","412380","25733","135","1435","36","0","46.56","Hide Or Die"
"Pineview Drive","925","Pineview Drive","19158240","138720","29824","12","529","36","0","138.11","Pineview Drive"
"London 2012 - The Official Video Game of the Olympic Games","926","London 2012 - The Official Video Game of the Olympic Games","19113900","24480","11556","5","96","36","0","780.8","London 2012 - The Official Video Game of the Olympic Games"
"Mother 3","927","Mother 3","19093020","428220","8744","10","766","36","0","44.59","Mother 3"
"Erica","928","Erica","19083780","216000","29480","35","1367","36","0","88.35","Erica"
"","929","","19077060","4620240","30919","5804","23403","36","8","4.13",""
"Empyrion: Galactic Survival","930","Empyrion: Galactic Survival","19071120","2615220","23528","28","2591","36","4","7.29","Empyrion: Galactic Survival"
"Bus Simulator 18","931","Bus Simulator 18","19050960","540600","7410","16","2043","36","1","35.24","Bus Simulator 18"
"What Remains of Edith Finch","932","What Remains of Edith Finch","19036920","1504860","23599","60","11995","36","2","12.65","What Remains of Edith Finch"
"Astellia","933","Astellia","19001160","1456620","5353","88","1930","36","2","13.04","Astellia"
"Quiplash","934","Quiplash","18991920","901380","11304","21","5475","36","1","21.07","Quiplash"
"Mega Man Zero 2","935","Mega Man Zero 2","18982920","42600","159257","10","115","36","0","445.61","Mega Man Zero 2"
"Worms Armageddon","936","Worms Armageddon","18870360","180840","16182","5","764","35","0","104.35","Worms Armageddon"
"Crypt of the NecroDancer","937","Crypt of the NecroDancer","18867480","1270380","137444","24","5335","35","2","14.85","Crypt of the NecroDancer"
"Boxing Fight","938","Boxing Fight","18800460","157800","67155","57","1107","35","0","119.14","Boxing Fight"
"Do Not Feed the Monkeys","939","Do Not Feed the Monkeys","18790860","246900","14887","11","1302","35","0","76.11","Do Not Feed the Monkeys"
"Slaves to Armok II: Dwarf Fortress","940","Slaves to Armok II: Dwarf Fortress","18770940","1416660","3950","12","1279","35","2","13.25","Slaves to Armok II: Dwarf Fortress"
"Super Ghouls 'N Ghosts","941","Super Ghouls 'N Ghosts","18741600","226920","147620","13","533","35","0","82.59","Super Ghouls 'N Ghosts"
"Darq","942","Darq","18720000","176280","25712","19","1196","35","0","106.19","Darq"
"999: 9 Hours, 9 Persons, 9 Doors","943","999: 9 Hours, 9 Persons, 9 Doors","18654060","299040","17919","7","448","35","0","62.38","999: 9 Hours, 9 Persons, 9 Doors"
"Star Trek Online","944","Star Trek Online","18592200","2722920","418","21","3198","35","5","6.83","Star Trek Online"
"zombsroyale.io","945","zombsroyale.io","18577020","2344140","4840","21","4513","35","4","7.92","zombsroyale.io"
"Mega Man","946","Mega Man","18576300","499380","112769","10","1054","35","0","37.2","Mega Man"
"Atelier Ryza: Ever Darkness & the Secret Hideout","947","Atelier Ryza: Ever Darkness & the Secret Hideout","18565800","841980","8317","44","1112","35","1","22.05","Atelier Ryza: Ever Darkness & the Secret Hideout"
"Corruption","948","Corruption","18546840","100500","12380","3","60","35","0","184.55","Corruption"
"FIFA 18","949","FIFA 18","18531180","4884900","14127","35","15562","35","9","3.79","FIFA 18"
"Workers & Resources: Soviet Republic","950","Workers & Resources: Soviet Republic","18500940","590880","11510","21","853","35","1","31.31","Workers & Resources: Soviet Republic"
"Deltarune","951","Deltarune","18481800","730260","148788","22","4088","35","1","25.31","Deltarune"
"Parkitect","952","Parkitect","18456480","559020","7791","17","1354","35","1","33.02","Parkitect"
"Tomb Raider II","953","Tomb Raider II","18432600","453660","97296","14","549","35","0","40.63","Tomb Raider II"
"Devil May Cry","954","Devil May Cry","18421560","246420","146112","11","943","35","0","74.76","Devil May Cry"
"Fallout 2","955","Fallout 2","18420300","559020","18707","8","860","35","1","32.95","Fallout 2"
"Cat Goes Fishing","956","Cat Goes Fishing","18406380","69960","22614","8","392","35","0","263.1","Cat Goes Fishing"
"Monopoly","957","Monopoly","18395040","242520","41735","10","1573","35","0","75.85","Monopoly"
"Lost Ember","958","Lost Ember","18378600","312960","90299","55","1473","34","0","58.73","Lost Ember"
"Detention","959","Detention","18329160","404760","12692","13","2007","34","0","45.28","Detention"
"Final Fantasy Tactics","960","Final Fantasy Tactics","18291120","681240","17254","8","672","34","1","26.85","Final Fantasy Tactics"
"Immortal Redneck","961","Immortal Redneck","18289200","612960","21168","11","2479","34","1","29.84","Immortal Redneck"
"Post Scriptum: The Bloody Seventh","962","Post Scriptum: The Bloody Seventh","18233400","1071060","6168","29","2057","34","2","17.02","Post Scriptum: The Bloody Seventh"
"Disc Jam","963","Disc Jam","18228960","255120","22106","28","1296","34","0","71.45","Disc Jam"
"Richman 10","964","Richman 10","18204420","148380","11392","30","526","34","0","122.69","Richman 10"
"Farm Together","965","Farm Together","18186480","1294020","10695","17","3713","34","2","14.05","Farm Together"
"South Park: The Stick of Truth","966","South Park: The Stick of Truth","18183300","1288980","5334","16","5663","34","2","14.11","South Park: The Stick of Truth"
"Warcraft III: Reign of Chaos","967","Warcraft III: Reign of Chaos","18150600","668160","152147","14","1820","34","1","27.17","Warcraft III: Reign of Chaos"
"Simulacra","968","Simulacra","18106440","196920","23129","5","767","34","0","91.95","Simulacra"
"Streamer's Life","969","Streamer's Life","18043620","65160","27303","13","378","34","0","276.91","Streamer's Life"
"Football","970","Football","18029700","498660","30906","18","1728","34","0","36.16","Football"
"Gothic 3","971","Gothic 3","18028620","726840","4297","13","893","34","1","24.8","Gothic 3"
"Castlevania: Portrait of Ruin","972","Castlevania: Portrait of Ruin","17997960","103620","159783","13","184","34","0","173.69","Castlevania: Portrait of Ruin"
"Just Shapes & Beats","973","Just Shapes & Beats","17985660","513720","16039","10","3198","34","0","35.01","Just Shapes & Beats"
"BBO2 Online","974","BBO2 Online","17925900","272460","6128","7","176","34","0","65.79","BBO2 Online"
"Bendy and the Ink Machine","975","Bendy and the Ink Machine","17846460","1016400","14618","27","4930","33","1","17.56","Bendy and the Ink Machine"
"Choice Chamber","976","Choice Chamber","17811720","449160","9705","7","2773","33","0","39.66","Choice Chamber"
"Pinball","977","Pinball","17793960","992880","13206","17","591","33","1","17.92","Pinball"
"Descenders","978","Descenders","17786400","438000","26799","18","2596","33","0","40.61","Descenders"
"Rocksmith 2014","979","Rocksmith 2014","17755800","2979480","5564","23","4304","33","5","5.96","Rocksmith 2014"
"Concrete Genie","980","Concrete Genie","17752140","219600","22425","36","871","33","0","80.84","Concrete Genie"
"Rivals of Aether","981","Rivals of Aether","17740800","837000","44783","16","2698","33","1","21.2","Rivals of Aether"
"Eco","982","Eco","17739780","1310700","3183","22","2086","33","2","13.53","Eco"
"Metal Gear Rising: Revengeance","983","Metal Gear Rising: Revengeance","17727060","941880","5561","18","3808","33","1","18.82","Metal Gear Rising: Revengeance"
"Metroid Fusion","984","Metroid Fusion","17663940","318300","131274","14","796","33","0","55.49","Metroid Fusion"
"Toontown Online","985","Toontown Online","17648760","1732620","37811","20","2861","33","3","10.19","Toontown Online"
"BlazBlue: Central Fiction","986","BlazBlue: Central Fiction","17564520","716640","7560","11","2571","33","1","24.51","BlazBlue: Central Fiction"
"Swag & Sorcery","987","Swag & Sorcery","17533500","404520","25094","104","1179","33","0","43.34","Swag & Sorcery"
"Rayman 2: The Great Escape","988","Rayman 2: The Great Escape","17509380","159060","155283","19","453","33","0","110.08","Rayman 2: The Great Escape"
"Batman: Arkham City","989","Batman: Arkham City","17505540","1874460","24315","39","5498","33","3","9.34","Batman: Arkham City"
"Metro Redux","990","Metro Redux","17443680","1602900","5307","44","6421","33","3","10.88","Metro Redux"
"Lara Croft Tomb Raider: Legend","991","Lara Croft Tomb Raider: Legend","17404680","186780","108558","9","505","33","0","93.18","Lara Croft Tomb Raider: Legend"
"Dealer's Life","992","Dealer's Life","17365200","114060","13256","7","457","33","0","152.25","Dealer's Life"
"Super Mario World 2: Yoshi's Island","993","Super Mario World 2: Yoshi's Island","17350500","701100","17547","21","2021","33","1","24.75","Super Mario World 2: Yoshi's Island"
"We Were Here","994","We Were Here","17344740","773400","28243","20","6555","33","1","22.43","We Were Here"
"Sniper Elite 4","995","Sniper Elite 4","17292960","4603020","2052","160","20063","32","8","3.76","Sniper Elite 4"
"Valfaris","996","Valfaris","17284320","210120","25291","21","901","32","0","82.26","Valfaris"
"Driven Out","997","Driven Out","17239020","42600","16284","9","196","32","0","404.67","Driven Out"
"Assassin's Creed Origins","998","Assassin's Creed Origins","17215800","4310400","1939","37","15208","32","8","3.99","Assassin's Creed Origins"
"Need for Speed Underground 2","999","Need for Speed Underground 2","17157600","802440","10364","10","3227","32","1","21.38","Need for Speed Underground 2"
"Shadow of the Colossus","1000","Shadow of the Colossus","17144760","1315020","13060","19","5849","32","2","13.04","Shadow of the Colossus"