"","","Game","Watch time","Stream time","Peak viewers","Peak channels","Streamers","Average viewers","Average channels","Average viewer ratio",""
"My Name is You","8501","My Name is You","170520","5160","1140","2","45","0","0","33.05","My Name is You"
"Xin Juedai Shuangjiao 3","8502","Xin Juedai Shuangjiao 3","170520","2400","164","1","2","0","0","71.05","Xin Juedai Shuangjiao 3"
"The Myth Seekers: The Legacy of Vulcan","8503","The Myth Seekers: The Legacy of Vulcan","170460","2820","269","1","11","0","0","60.45","The Myth Seekers: The Legacy of Vulcan"
"Atelier Iris: Eternal Mana","8504","Atelier Iris: Eternal Mana","170220","31860","67","2","28","0","0","5.34","Atelier Iris: Eternal Mana"
"dev_me","8505","dev_me","170160","5880","847","2","21","0","0","28.94","dev_me"
"Dead Trigger 2","8506","Dead Trigger 2","170040","18600","310","2","108","0","0","9.14","Dead Trigger 2"
"Billy Bob's Huntin' and Fishin'","8507","Billy Bob's Huntin' and Fishin'","169980","300","1568","1","3","0","0","566.6","Billy Bob's Huntin' and Fishin'"
"Yu-Gi-Oh! The Sacred Cards","8508","Yu-Gi-Oh! The Sacred Cards","169800","13200","235","2","48","0","0","12.86","Yu-Gi-Oh! The Sacred Cards"
"TT Isle Of Man","8509","TT Isle Of Man","169680","69900","263","4","238","0","0","2.43","TT Isle Of Man"
"Gabe Newell Simulator","8510","Gabe Newell Simulator","169680","1860","672","1","6","0","0","91.23","Gabe Newell Simulator"
"Mighty Gunvolt","8511","Mighty Gunvolt","169620","8040","2065","2","36","0","0","21.1","Mighty Gunvolt"
"Youtubers Clicker","8512","Youtubers Clicker","169440","156420","57","4","433","0","0","1.08","Youtubers Clicker"
"Condor: The Competition Soaring Simulator","8513","Condor: The Competition Soaring Simulator","169320","130800","11","3","33","0","0","1.29","Condor: The Competition Soaring Simulator"
"Planet Alcatraz","8514","Planet Alcatraz","169320","19320","96","2","27","0","0","8.76","Planet Alcatraz"
"Watch Dogs Legion","8515","Watch Dogs Legion","169320","3660","3709","6","16","0","0","46.26","Watch Dogs Legion"
"If My Heart Had Wings","8516","If My Heart Had Wings","169200","27600","111","2","86","0","0","6.13","If My Heart Had Wings"
"Deer Hunter Reloaded","8517","Deer Hunter Reloaded","169200","1320","1327","1","17","0","0","128.18","Deer Hunter Reloaded"
"Deck Hunter","8518","Deck Hunter","169200","13680","188","5","64","0","0","12.37","Deck Hunter"
"Sex Games","8519","Sex Games","169140","960","1596","1","9","0","0","176.19","Sex Games"
"Broken Sword: The Angel of Death","8520","Broken Sword: The Angel of Death","168960","26340","166","2","32","0","0","6.41","Broken Sword: The Angel of Death"
"TapTap Heroes","8521","TapTap Heroes","168960","41280","79","2","31","0","0","4.09","TapTap Heroes"
"Umineko When They Cry: Answer Arcs","8522","Umineko When They Cry: Answer Arcs","168900","46020","19","3","27","0","0","3.67","Umineko When They Cry: Answer Arcs"
"Tokyo 7th Sisters","8523","Tokyo 7th Sisters","168900","24540","95","2","22","0","0","6.88","Tokyo 7th Sisters"
"Ultima V: Warriors of Destiny","8524","Ultima V: Warriors of Destiny","168840","13800","146","2","10","0","0","12.23","Ultima V: Warriors of Destiny"
"Street Smart","8525","Street Smart","168780","360","1416","1","3","0","0","468.83","Street Smart"
"Frankenstein: Through the Eyes of the Monster","8526","Frankenstein: Through the Eyes of the Monster","168720","1020","281","1","2","0","0","165.41","Frankenstein: Through the Eyes of the Monster"
"Cursed Mountain","8527","Cursed Mountain","168480","5280","400","2","15","0","0","31.91","Cursed Mountain"
"Starpoint Gemini Warlords","8528","Starpoint Gemini Warlords","168240","41160","54","3","93","0","0","4.09","Starpoint Gemini Warlords"
"Batman Returns","8529","Batman Returns","168180","10200","377","2","72","0","0","16.49","Batman Returns"
"Supremacy MMA","8530","Supremacy MMA","168060","1320","1289","2","12","0","0","127.32","Supremacy MMA"
"R-COIL","8531","R-COIL","168000","120","2800","1","1","0","0","1400","R-COIL"
"Syndicate","8532","Syndicate","167880","39600","179","2","176","0","0","4.24","Syndicate"
"Resistance: Fall of Man","8533","Resistance: Fall of Man","167880","38340","440","3","67","0","0","4.38","Resistance: Fall of Man"
"Touhou 12.5: Double Spoiler","8534","Touhou 12.5: Double Spoiler","167880","4860","1453","2","20","0","0","34.54","Touhou 12.5: Double Spoiler"
"Driver 2: The Wheelman is Back","8535","Driver 2: The Wheelman is Back","167640","32220","90","2","94","0","0","5.2","Driver 2: The Wheelman is Back"
"Craft Legend","8536","Craft Legend","167640","2820","2448","2","10","0","0","59.45","Craft Legend"
"Eradicator","8537","Eradicator","167580","3900","1304","1","8","0","0","42.97","Eradicator"
"Mario Tennis: Power Tour","8538","Mario Tennis: Power Tour","167580","13980","835","2","47","0","0","11.99","Mario Tennis: Power Tour"
"Disassembled","8539","Disassembled","167580","600","429","1","3","0","0","279.3","Disassembled"
"Franchise Hockey Manager 5","8540","Franchise Hockey Manager 5","167460","18960","113","3","33","0","0","8.83","Franchise Hockey Manager 5"
"Atelier Shallie: Alchemists of the Dusk Sea","8541","Atelier Shallie: Alchemists of the Dusk Sea","167280","12480","85","2","8","0","0","13.4","Atelier Shallie: Alchemists of the Dusk Sea"
"Stacking","8542","Stacking","167280","25560","99","3","73","0","0","6.54","Stacking"
"Power Blade II","8543","Power Blade II","167220","2220","426","1","13","0","0","75.32","Power Blade II"
"Nothing to God","8544","Nothing to God","167040","105840","21","2","139","0","0","1.58","Nothing to God"
"HexaCycle","8545","HexaCycle","166860","2100","716","1","6","0","0","79.46","HexaCycle"
"Sonic Shuffle","8546","Sonic Shuffle","166680","16500","184","3","62","0","0","10.1","Sonic Shuffle"
"Opening Night","8547","Opening Night","166500","1380","644","3","7","0","0","120.65","Opening Night"
"Millennium: A New Hope","8548","Millennium: A New Hope","166380","13800","162","2","6","0","0","12.06","Millennium: A New Hope"
"Mario & Luigi: Dream Team","8549","Mario & Luigi: Dream Team","166380","39840","64","2","45","0","0","4.18","Mario & Luigi: Dream Team"
"Hexen II","8550","Hexen II","166380","17880","190","2","46","0","0","9.31","Hexen II"
"Pianista","8551","Pianista","166380","11520","244","2","63","0","0","14.44","Pianista"
"Techwars Online 2","8552","Techwars Online 2","166200","6240","636","3","31","0","0","26.63","Techwars Online 2"
"Dragon Ball Z: Budokai HD Collection","8553","Dragon Ball Z: Budokai HD Collection","166200","19440","272","2","42","0","0","8.55","Dragon Ball Z: Budokai HD Collection"
"Bratz: Rock Angelz","8554","Bratz: Rock Angelz","166140","8280","371","2","31","0","0","20.07","Bratz: Rock Angelz"
"The Rake","8555","The Rake","166140","4500","693","2","39","0","0","36.92","The Rake"
"A Date in the Park","8556","A Date in the Park","166140","3060","1156","1","23","0","0","54.29","A Date in the Park"
"Super Star Wars: The Empire Strikes Back","8557","Super Star Wars: The Empire Strikes Back","166080","7980","1136","2","25","0","0","20.81","Super Star Wars: The Empire Strikes Back"
"Assault Android Cactus","8558","Assault Android Cactus","166020","60480","279","8","260","0","0","2.75","Assault Android Cactus"
"CryptoKitties","8559","CryptoKitties","165960","7680","79","1","9","0","0","21.61","CryptoKitties"
"Jagged Alliance: Rage!","8560","Jagged Alliance: Rage!","165900","15000","456","1","48","0","0","11.06","Jagged Alliance: Rage!"
"Grim Legends: The Forsaken Bride","8561","Grim Legends: The Forsaken Bride","165900","26400","104","2","72","0","0","6.28","Grim Legends: The Forsaken Bride"
"Tekken 4","8562","Tekken 4","165840","15960","356","2","79","0","0","10.39","Tekken 4"
"Tracks: The Train Set Game","8563","Tracks: The Train Set Game","165840","20340","551","3","182","0","0","8.15","Tracks: The Train Set Game"
"MagiCat","8564","MagiCat","165840","20100","474","2","71","0","0","8.25","MagiCat"
"Twin Saga","8565","Twin Saga","165780","51060","106","3","142","0","0","3.25","Twin Saga"
"Gemini Rue","8566","Gemini Rue","165780","23760","92","3","59","0","0","6.98","Gemini Rue"
"Pokémon Quest","8567","Pokémon Quest","165720","39540","421","3","178","0","0","4.19","Pokémon Quest"
"Ravva and the Cyclops Curse","8568","Ravva and the Cyclops Curse","165720","19200","104","3","65","0","0","8.63","Ravva and the Cyclops Curse"
"Cattle and Crops","8569","Cattle and Crops","165600","35400","127","3","92","0","0","4.68","Cattle and Crops"
"Animorphs: Shattered Reality","8570","Animorphs: Shattered Reality","165540","8760","985","5","17","0","0","18.9","Animorphs: Shattered Reality"
"MediEvil II","8571","MediEvil II","165360","35940","145","3","97","0","0","4.6","MediEvil II"
"Game Room","8572","Game Room","165360","81660","159","5","262","0","0","2.02","Game Room"
"Witchaven","8573","Witchaven","165360","2940","155","2","4","0","0","56.24","Witchaven"
"New Dawn","8574","New Dawn","165180","31080","436","4","144","0","0","5.31","New Dawn"
"Gauntlet Legends","8575","Gauntlet Legends","165180","28980","89","2","85","0","0","5.7","Gauntlet Legends"
"Battle Royale","8576","Battle Royale","164940","140940","374","5","445","0","0","1.17","Battle Royale"
"Sword of the New World: Granado Espada","8577","Sword of the New World: Granado Espada","164940","68880","12","3","16","0","0","2.39","Sword of the New World: Granado Espada"
"Hyper Universe","8578","Hyper Universe","164940","83280","37","4","188","0","0","1.98","Hyper Universe"
"The Lion's Song","8579","The Lion's Song","164820","22740","252","2","90","0","0","7.25","The Lion's Song"
"Driver: Parallel Lines","8580","Driver: Parallel Lines","164700","26760","466","3","89","0","0","6.15","Driver: Parallel Lines"
"Rage of Mages","8581","Rage of Mages","164700","3300","190","1","6","0","0","49.91","Rage of Mages"
"Chester Cheetah: Too Cool to Fool","8582","Chester Cheetah: Too Cool to Fool","164640","1440","2697","1","6","0","0","114.33","Chester Cheetah: Too Cool to Fool"
"Spyro: A Hero's Tail","8583","Spyro: A Hero's Tail","164640","27660","83","2","73","0","0","5.95","Spyro: A Hero's Tail"
"Orcs Must Die! Unchained","8584","Orcs Must Die! Unchained","164640","75120","41","5","312","0","0","2.19","Orcs Must Die! Unchained"
"Road Trip","8585","Road Trip","164580","28380","443","3","70","0","0","5.8","Road Trip"
"What The Heck, Dude?","8586","What The Heck, Dude?","164460","2580","2782","1","17","0","0","63.74","What The Heck, Dude?"
"Beacon","8587","Beacon","164340","8280","255","2","49","0","0","19.85","Beacon"
"Wing Commander","8588","Wing Commander","164340","9240","274","1","25","0","0","17.79","Wing Commander"
"Valkyrie Drive: Bhikkhuni","8589","Valkyrie Drive: Bhikkhuni","164280","25860","82","3","58","0","0","6.35","Valkyrie Drive: Bhikkhuni"
"DiRT","8590","DiRT","164280","20100","320","3","111","0","0","8.17","DiRT"
"Simon the Sorcerer II: The Lion, the Wizard and the Wardrobe","8591","Simon the Sorcerer II: The Lion, the Wizard and the Wardrobe","164160","9000","223","2","18","0","0","18.24","Simon the Sorcerer II: The Lion, the Wizard and the Wardrobe"
"P.T. Barnum's Acrobats!","8592","P.T. Barnum's Acrobats!","164160","1020","1434","1","7","0","0","160.94","P.T. Barnum's Acrobats!"
"Yono and the Celestial Elephants","8593","Yono and the Celestial Elephants","164160","10380","1656","1","33","0","0","15.82","Yono and the Celestial Elephants"
"Endless Space","8594","Endless Space","164040","68700","25","6","201","0","0","2.39","Endless Space"
"Power Rangers: Legacy Wars","8595","Power Rangers: Legacy Wars","163920","61680","234","3","53","0","0","2.66","Power Rangers: Legacy Wars"
"Trauma Team","8596","Trauma Team","163740","21960","50","2","33","0","0","7.46","Trauma Team"
"Call of Duty: United Offensive","8597","Call of Duty: United Offensive","163740","70200","829","3","180","0","0","2.33","Call of Duty: United Offensive"
"Atlas","8598","Atlas","163740","1980","2729","33","501","0","0","82.7","Atlas"
"Dynasty Warriors 4","8599","Dynasty Warriors 4","163680","16500","971","2","45","0","0","9.92","Dynasty Warriors 4"
"Just Dance 3","8600","Just Dance 3","163680","4020","640","2","30","0","0","40.72","Just Dance 3"