"","","Game","Watch time","Stream time","Peak viewers","Peak channels","Streamers","Average viewers","Average channels","Average viewer ratio",""
"League of Legends","1","League of Legends","67106132760","1467818880","1782765","6392","903868","127689","2792","45.72","League of Legends"
"Fortnite","2","Fortnite","63247725480","4315942680","1611930","67544","3140505","120348","8212","14.65","Fortnite"
"Just Chatting","3","Just Chatting","45583983300","685053600","287294","3315","793331","86737","1303","66.54","Just Chatting"
"Grand Theft Auto V","4","Grand Theft Auto V","34734951840","468496620","304053","2729","522072","66093","891","74.14","Grand Theft Auto V"
"Dota 2","5","Dota 2","30181354200","342919740","1045985","1601","199382","57429","652","88.01","Dota 2"
"Counter-Strike: Global Offensive","6","Counter-Strike: Global Offensive","27472484100","651743700","833440","2895","772307","52274","1240","42.15","Counter-Strike: Global Offensive"
"World of Warcraft","7","World of Warcraft","25294419540","699906660","1103295","19085","318030","48130","1331","36.14","World of Warcraft"
"Apex Legends","8","Apex Legends","20839256940","1315442460","666868","18932","1360598","39653","2503","15.84","Apex Legends"
"Overwatch","9","Overwatch","17045290620","577819020","321314","2813","543819","32433","1099","29.5","Overwatch"
"Hearthstone","10","Hearthstone","15012961500","101190900","278075","1572","113116","28566","192","148.36","Hearthstone"
"PLAYERUNKNOWN'S BATTLEGROUNDS","11","PLAYERUNKNOWN'S BATTLEGROUNDS","14898951660","645480600","271355","2604","458157","28349","1228","23.08","PLAYERUNKNOWN'S BATTLEGROUNDS"
"Minecraft","12","Minecraft","10648633980","497376540","233472","2979","762104","20262","946","21.41","Minecraft"
"Teamfight Tactics","13","Teamfight Tactics","10575252300","171328380","358190","2966","217194","20122","326","61.73","Teamfight Tactics"
"Tom Clancy's Rainbow Six: Siege","14","Tom Clancy's Rainbow Six: Siege","7618289040","568925220","223099","2486","706455","14496","1082","13.39","Tom Clancy's Rainbow Six: Siege"
"Dead by Daylight","15","Dead by Daylight","6400908660","320072820","61337","1678","243092","12179","609","20","Dead by Daylight"
"Slots","16","Slots","5974577880","38596860","200521","174","22804","11368","73","154.79","Slots"
"Call of Duty: Black Ops 4","17","Call of Duty: Black Ops 4","5645824440","531893340","220935","4593","494062","10742","1012","10.61","Call of Duty: Black Ops 4"
"Path of Exile","18","Path of Exile","5538617280","134383140","257319","3094","86463","10538","255","41.22","Path of Exile"
"FIFA 20","19","FIFA 20","5044951020","74978100","249600","2047","101918","9599","142","67.29","FIFA 20"
"Call of Duty: Modern Warfare","20","Call of Duty: Modern Warfare","4963310040","218690880","387902","13276","398587","9444","416","22.7","Call of Duty: Modern Warfare"
"Escape From Tarkov","21","Escape From Tarkov","4942730040","166898160","224062","1347","75672","9405","317","29.62","Escape From Tarkov"
"FIFA 19","22","FIFA 19","4872780900","123647160","284483","1434","195911","9271","235","39.41","FIFA 19"
"Magic: The Gathering","23","Magic: The Gathering","4420343400","59089740","155987","431","51834","8411","112","74.81","Magic: The Gathering"
"Destiny 2","24","Destiny 2","4269475260","322450920","228980","7288","263157","8123","613","13.24","Destiny 2"
"Old School RuneScape","25","Old School RuneScape","3653203680","73843860","83930","332","50933","6951","140","49.47","Old School RuneScape"
"Music & Performing Arts","26","Music & Performing Arts","3540259200","170572320","82015","557","83004","6736","324","20.76","Music & Performing Arts"
"StarCraft II","27","StarCraft II","3481510140","45639780","85514","170","35029","6624","86","76.28","StarCraft II"
"Rocket League","28","Rocket League","3461691420","195053040","240598","881","333984","6586","371","17.75","Rocket League"
"Super Smash Bros. Ultimate","29","Super Smash Bros. Ultimate","3377422620","72622260","271926","799","59996","6426","138","46.51","Super Smash Bros. Ultimate"
"Special Events","30","Special Events","3369287460","14444340","1561858","5125","40445","6411","27","233.26","Special Events"
"Talk Shows & Podcasts","31","Talk Shows & Podcasts","3128706360","45803580","295875","609","71572","5953","87","68.31","Talk Shows & Podcasts"
"Art","32","Art","3056252760","189758640","26437","593","148676","5815","361","16.11","Art"
"Sea of Thieves","33","Sea of Thieves","3014058960","111073200","125641","1538","137037","5735","211","27.14","Sea of Thieves"
"Poker","34","Poker","2970523320","39896700","52745","223","20646","5652","75","74.46","Poker"
"Sekiro: Shadows Die Twice","35","Sekiro: Shadows Die Twice","2707693140","68421960","279037","4679","145142","5152","130","39.57","Sekiro: Shadows Die Twice"
"Super Mario Maker 2","36","Super Mario Maker 2","2593169160","31629180","84896","1028","23653","4934","60","81.99","Super Mario Maker 2"
"Pokémon Sword/Shield","37","Pokémon Sword/Shield","2286194520","47700960","187166","4414","41796","4350","90","47.93","Pokémon Sword/Shield"
"World of Tanks","38","World of Tanks","2269084080","88021080","61123","499","55668","4317","167","25.78","World of Tanks"
"Auto Chess","39","Auto Chess","2212101180","30225900","65070","348","33170","4209","57","73.19","Auto Chess"
"ASMR","40","ASMR","2083922880","30983100","22549","96","10888","3965","58","67.26","ASMR"
"Black Desert Online","41","Black Desert Online","2013288660","92563560","62360","377","50653","3830","176","21.75","Black Desert Online"
"FINAL FANTASY XIV Online","42","FINAL FANTASY XIV Online","1926634200","144201840","132239","2439","71694","3666","274","13.36","FINAL FANTASY XIV Online"
"Rust","43","Rust","1878266400","88247220","41730","484","92969","3573","167","21.28","Rust"
"Resident Evil 2","44","Resident Evil 2","1854480660","77936160","314244","6488","150055","3528","148","23.79","Resident Evil 2"
"Monster Hunter World","45","Monster Hunter World","1714765620","101269200","75752","1113","121464","3262","192","16.93","Monster Hunter World"
"Games + Demos","46","Games + Demos","1596827220","27288060","205693","142","47731","3038","51","58.52","Games + Demos"
"Warcraft III","47","Warcraft III","1590070800","26388420","38299","130","16049","3025","50","60.26","Warcraft III"
"The Elder Scrolls Online","48","The Elder Scrolls Online","1584982620","52084800","151951","331","48567","3015","99","30.43","The Elder Scrolls Online"
"Tom Clancy's The Division 2","49","Tom Clancy's The Division 2","1565110320","100529160","139221","3544","159268","2978","191","15.57","Tom Clancy's The Division 2"
"Borderlands 3","50","Borderlands 3","1376336700","67357020","360940","7217","95332","2618","128","20.43","Borderlands 3"
"Tibia","51","Tibia","1356379020","50886360","17655","219","17875","2580","96","26.66","Tibia"
"Death Stranding","52","Death Stranding","1336587420","23634120","290087","2230","37855","2543","44","56.55","Death Stranding"
"Street Fighter V","53","Street Fighter V","1305839760","21884220","194951","154","18005","2484","41","59.67","Street Fighter V"
"Chess","54","Chess","1246032300","11598300","35609","74","9459","2370","22","107.43","Chess"
"Mortal Kombat 11","55","Mortal Kombat 11","1241327220","33459960","202719","2195","70707","2362","63","37.1","Mortal Kombat 11"
"Smite","56","Smite","1240876080","77683200","46442","349","72816","2361","147","15.97","Smite"
"Dota Underlords","57","Dota Underlords","1238297700","23275020","62860","611","38856","2356","44","53.2","Dota Underlords"
"DayZ","58","DayZ","1228659360","62493900","47011","413","62791","2337","118","19.66","DayZ"
"World of Warships","59","World of Warships","1212028020","39239700","17142","170","25230","2306","74","30.89","World of Warships"
"ATLAS","60","ATLAS","1210946400","29934840","69614","637","17099","2304","56","40.45","ATLAS"
"Dungeons & Dragons","61","Dungeons & Dragons","1194937080","27935340","68207","232","16082","2273","53","42.78","Dungeons & Dragons"
"NBA 2K19","62","NBA 2K19","1186441560","112710720","43230","893","151084","2257","214","10.53","NBA 2K19"
"Tekken 7","63","Tekken 7","1179205080","30769260","236556","200","37993","2243","58","38.32","Tekken 7"
"Retro","64","Retro","1165648860","61317960","86249","211","28273","2218","116","19.01","Retro"
"Heroes of the Storm","65","Heroes of the Storm","1161084360","50941380","26111","205","40399","2209","96","22.79","Heroes of the Storm"
"Warframe","66","Warframe","1134275640","86661180","419066","359","94431","2158","164","13.09","Warframe"
"ARK","67","ARK","1109602260","83812380","33736","445","71912","2111","159","13.24","ARK"
"Diablo III: Reaper of Souls","68","Diablo III: Reaper of Souls","1093828500","61888620","41511","2018","76990","2081","117","17.67","Diablo III: Reaper of Souls"
"Red Dead Redemption 2","69","Red Dead Redemption 2","994129440","94316280","128607","1898","151006","1891","179","10.54","Red Dead Redemption 2"
"NBA 2K20","70","NBA 2K20","975829440","55691940","57229","3034","65705","1856","105","17.52","NBA 2K20"
"Anthem","71","Anthem","923456160","45026340","328923","4275","81298","1757","85","20.51","Anthem"
"Dark Souls III","72","Dark Souls III","913732620","54922800","275893","311","90259","1738","104","16.64","Dark Souls III"
"Heroes of Might and Magic III: The Shadow of Death","73","Heroes of Might and Magic III: The Shadow of Death","870156300","7441260","18959","45","4066","1655","14","116.94","Heroes of Might and Magic III: The Shadow of Death"
"Star Wars Jedi: Fallen Order","74","Star Wars Jedi: Fallen Order","850067520","24931140","200398","2908","69886","1617","47","34.1","Star Wars Jedi: Fallen Order"
"Marbles On Stream","75","Marbles On Stream","774333360","22106640","33925","119","26925","1473","42","35.03","Marbles On Stream"
"Dark Souls","76","Dark Souls","773153580","25781340","142283","163","36257","1471","49","29.99","Dark Souls"
"Legends of Runeterra","77","Legends of Runeterra","764954400","6446100","236450","1098","16554","1455","12","118.67","Legends of Runeterra"
"Battlefield V","78","Battlefield V","744202260","60176160","144098","1739","145494","1416","114","12.37","Battlefield V"
"Travel & Outdoors","79","Travel & Outdoors","727926540","39502920","107430","239","172019","1385","75","18.43","Travel & Outdoors"
"VRChat","80","VRChat","691690320","39160620","21051","281","34180","1316","74","17.66","VRChat"
"osu!","81","osu!","690713820","98602740","20411","386","131035","1314","187","7.01","osu!"
"Lineage II","82","Lineage II","679679700","23145360","24857","253","9854","1293","44","29.37","Lineage II"
"Always On","83","Always On","679452120","3086760","25501","17","117","1292","5","220.12","Always On"
"Food & Drink","84","Food & Drink","671276760","9943980","34264","70","28287","1277","18","67.51","Food & Drink"
"Science & Technology","85","Science & Technology","667840560","49849140","15470","221","38918","1270","94","13.4","Science & Technology"
"The Sims 4","86","The Sims 4","628045560","34907760","31058","260","67621","1195","66","17.99","The Sims 4"
"Summoners War: Sky Arena","87","Summoners War: Sky Arena","625929240","12800280","70725","64","5230","1191","24","48.9","Summoners War: Sky Arena"
"7 Days to Die","88","7 Days to Die","623685180","43939440","28001","307","40412","1186","83","14.19","7 Days to Die"
"Star Citizen","89","Star Citizen","621133320","20583300","44758","199","14947","1181","39","30.18","Star Citizen"
"PUBG MOBILE","90","PUBG MOBILE","620830380","72190860","37821","380","93157","1181","137","8.6","PUBG MOBILE"
"Lost Ark Online","91","Lost Ark Online","601511280","25332480","21370","643","15241","1144","48","23.74","Lost Ark Online"
"Borderlands 2","92","Borderlands 2","600143100","41776200","164765","834","92954","1141","79","14.37","Borderlands 2"
"Madden NFL 20","93","Madden NFL 20","597649140","47896740","119051","879","54426","1137","91","12.48","Madden NFL 20"
"Days Gone","94","Days Gone","593328000","27540660","132741","1857","45223","1128","52","21.54","Days Gone"
"The Elder Scrolls V: Skyrim","95","The Elder Scrolls V: Skyrim","589960200","45189900","128073","184","76142","1122","85","13.06","The Elder Scrolls V: Skyrim"
"Super Smash Bros. Melee","96","Super Smash Bros. Melee","581273400","7915380","163773","55","9173","1106","15","73.44","Super Smash Bros. Melee"
"The Legend of Zelda: Ocarina of Time","97","The Legend of Zelda: Ocarina of Time","575146800","20115180","158726","176","13183","1094","38","28.59","The Legend of Zelda: Ocarina of Time"
"Mordhau","98","Mordhau","567939180","18671820","87400","544","44172","1080","35","30.42","Mordhau"
"Total War: Three Kingdoms","99","Total War: Three Kingdoms","566561040","7212180","62063","514","8639","1078","13","78.56","Total War: Three Kingdoms"
"Jump King","100","Jump King","565418400","1760940","72015","78","7399","1075","3","321.09","Jump King"