"","","Game","Watch time","Stream time","Peak viewers","Peak channels","Streamers","Average viewers","Average channels","Average viewer ratio",""
"Dreaming Mary","10001","Dreaming Mary","98340","9360","271","1","58","0","0","10.51","Dreaming Mary"
"See No Evil","10002","See No Evil","98340","3060","845","1","7","0","0","32.14","See No Evil"
"Turok 2","10003","Turok 2","98280","1680","718","1","14","0","0","58.5","Turok 2"
"Caladrius","10004","Caladrius","98280","10680","117","2","43","0","0","9.2","Caladrius"
"Garfield and his Nine Lives","10005","Garfield and his Nine Lives","98280","3060","901","4","15","0","0","32.12","Garfield and his Nine Lives"
"Xexyz","10006","Xexyz","98220","1320","512","1","8","0","0","74.41","Xexyz"
"inFamous 2","10007","inFamous 2","98160","33420","27","2","61","0","0","2.94","inFamous 2"
"Super Street Fighter IV","10008","Super Street Fighter IV","98160","30060","158","2","217","0","0","3.27","Super Street Fighter IV"
"The Wendigo","10009","The Wendigo","98160","840","1304","1","8","0","0","116.86","The Wendigo"
"Final Blade","10010","Final Blade","98100","9360","61","2","26","0","0","10.48","Final Blade"
"Mope.io","10011","Mope.io","98100","49740","776","3","228","0","0","1.97","Mope.io"
"TaleSpire","10012","TaleSpire","98040","15240","262","3","36","0","0","6.43","TaleSpire"
"Kismet","10013","Kismet","97980","600","1614","1","6","0","0","163.3","Kismet"
"Rumu","10014","Rumu","97980","11400","95","2","60","0","0","8.59","Rumu"
"The Amazing Spider-Man vs. The Kingpin","10015","The Amazing Spider-Man vs. The Kingpin","97980","2520","1243","1","11","0","0","38.88","The Amazing Spider-Man vs. The Kingpin"
"Nancy Drew: Ransom of the Seven Ships","10016","Nancy Drew: Ransom of the Seven Ships","97980","20040","28","2","42","0","0","4.89","Nancy Drew: Ransom of the Seven Ships"
"Chäos;HEAd","10017","Chäos;HEAd","97920","21240","111","2","23","0","0","4.61","Chäos;HEAd"
"Twelve Sky 2","10018","Twelve Sky 2","97860","21900","137","3","30","0","0","4.47","Twelve Sky 2"
"Mario Golf: Advance Tour","10019","Mario Golf: Advance Tour","97860","12540","177","2","31","0","0","7.8","Mario Golf: Advance Tour"
"Touhou 16: Hidden Star in Four Seasons","10020","Touhou 16: Hidden Star in Four Seasons","97740","30240","188","2","174","0","0","3.23","Touhou 16: Hidden Star in Four Seasons"
"Xin Juedai Shuangjiao 2","10021","Xin Juedai Shuangjiao 2","97740","1260","107","1","1","0","0","77.57","Xin Juedai Shuangjiao 2"
"Globesweeper","10022","Globesweeper","97680","18360","30","2","35","0","0","5.32","Globesweeper"
"Warlords Awakening","10023","Warlords Awakening","97620","10200","62","3","33","0","0","9.57","Warlords Awakening"
"Newt One","10024","Newt One","97560","9300","105","1","40","0","0","10.49","Newt One"
"Brigandine: The Legend of Forsena","10025","Brigandine: The Legend of Forsena","97500","34620","25","2","31","0","0","2.82","Brigandine: The Legend of Forsena"
"Richie's Plank Experience","10026","Richie's Plank Experience","97440","2220","1521","1","21","0","0","43.89","Richie's Plank Experience"
"Bad Rats Show","10027","Bad Rats Show","97440","8820","356","2","64","0","0","11.05","Bad Rats Show"
"Mario Party: Star Rush","10028","Mario Party: Star Rush","97440","1920","347","1","6","0","0","50.75","Mario Party: Star Rush"
"KeeperRL","10029","KeeperRL","97380","24960","59","3","55","0","0","3.9","KeeperRL"
"The Ignition Factor","10030","The Ignition Factor","97380","720","770","1","7","0","0","135.25","The Ignition Factor"
"Invisigun Reloaded","10031","Invisigun Reloaded","97320","12000","179","2","61","0","0","8.11","Invisigun Reloaded"
"Devil Kings","10032","Devil Kings","97320","5220","340","1","14","0","0","18.64","Devil Kings"
"Bedtime Blues","10033","Bedtime Blues","97260","1800","252","1","14","0","0","54.03","Bedtime Blues"
"Radical Rex","10034","Radical Rex","97260","1440","4675","1","10","0","0","67.54","Radical Rex"
"GoGo's Crazy Bones","10035","GoGo's Crazy Bones","97260","6780","51","1","3","0","0","14.35","GoGo's Crazy Bones"
"Soccer America International Cup","10036","Soccer America International Cup","97200","1200","264","1","2","0","0","81","Soccer America International Cup"
"Ben 10: Protector of Earth","10037","Ben 10: Protector of Earth","97200","14940","516","2","79","0","0","6.51","Ben 10: Protector of Earth"
"Star Wars: Galactic Battlegrounds","10038","Star Wars: Galactic Battlegrounds","97140","24960","179","2","117","0","0","3.89","Star Wars: Galactic Battlegrounds"
"Pathology","10039","Pathology","97140","3060","473","1","11","0","0","31.75","Pathology"
"Absolute Drift","10040","Absolute Drift","97140","31440","70","2","184","0","0","3.09","Absolute Drift"
"Inversus","10041","Inversus","97080","3360","1776","2","36","0","0","28.89","Inversus"
"Z9 Star","10042","Z9 Star","97080","5580","129","1","30","0","0","17.4","Z9 Star"
"The Pit of Doom","10043","The Pit of Doom","97080","5340","602","2","26","0","0","18.18","The Pit of Doom"
"Lizzie McGuire 2: Lizzie Diaries","10044","Lizzie McGuire 2: Lizzie Diaries","97020","960","809","1","4","0","0","101.06","Lizzie McGuire 2: Lizzie Diaries"
"Nightshade","10045","Nightshade","97020","16380","115","2","32","0","0","5.92","Nightshade"
"The Coma: Recut","10046","The Coma: Recut","96960","14340","124","4","62","0","0","6.76","The Coma: Recut"
"Kamen Rider: Climax Fighters","10047","Kamen Rider: Climax Fighters","96960","3600","266","2","28","0","0","26.93","Kamen Rider: Climax Fighters"
"Age of Magic","10048","Age of Magic","96900","17640","28","2","50","0","0","5.49","Age of Magic"
"Kid Klown in Crazy Chase","10049","Kid Klown in Crazy Chase","96900","1260","417","1","12","0","0","76.9","Kid Klown in Crazy Chase"
"pop'n music Sunny Park","10050","pop'n music Sunny Park","96840","1140","393","1","4","0","0","84.95","pop'n music Sunny Park"
"Atom Zombie Smasher","10051","Atom Zombie Smasher","96840","5460","666","2","31","0","0","17.74","Atom Zombie Smasher"
"St Jude PLAY LIVE","10052","St Jude PLAY LIVE","96780","9420","83","2","4","0","0","10.27","St Jude PLAY LIVE"
"Tierras del Sur","10053","Tierras del Sur","96780","6300","97","2","16","0","0","15.36","Tierras del Sur"
"Blind","10054","Blind","96780","17460","111","2","97","0","0","5.54","Blind"
"Cyberpunk 2020","10055","Cyberpunk 2020","96720","23880","115","3","50","0","0","4.05","Cyberpunk 2020"
"Bob Was Hungry","10056","Bob Was Hungry","96720","16260","92","3","84","0","0","5.95","Bob Was Hungry"
"Super Robot Wars Alpha","10057","Super Robot Wars Alpha","96720","19680","26","1","11","0","0","4.91","Super Robot Wars Alpha"
"Curve Fever 2","10058","Curve Fever 2","96720","21180","183","3","84","0","0","4.57","Curve Fever 2"
"Cutthroat Island","10059","Cutthroat Island","96660","1800","602","2","10","0","0","53.7","Cutthroat Island"
"Sneak King","10060","Sneak King","96660","5220","271","2","33","0","0","18.52","Sneak King"
"Lost Planet: Extreme Condition - Colonies Edition","10061","Lost Planet: Extreme Condition - Colonies Edition","96600","26520","62","2","113","0","0","3.64","Lost Planet: Extreme Condition - Colonies Edition"
"Tomato Way 2","10062","Tomato Way 2","96540","1140","1281","1","12","0","0","84.68","Tomato Way 2"
"Grief Syndrome","10063","Grief Syndrome","96540","13500","95","2","43","0","0","7.15","Grief Syndrome"
"Switch!","10064","Switch!","96540","30900","92","2","104","0","0","3.12","Switch!"
"Dream C Club","10065","Dream C Club","96480","960","834","1","5","0","0","100.5","Dream C Club"
"Torneko no Daibouken: Fushigi no Dungeon","10066","Torneko no Daibouken: Fushigi no Dungeon","96480","18240","210","2","20","0","0","5.29","Torneko no Daibouken: Fushigi no Dungeon"
"Muv-Luv Photonflowers","10067","Muv-Luv Photonflowers","96480","5520","212","1","6","0","0","17.48","Muv-Luv Photonflowers"
"Ride 2","10068","Ride 2","96420","71100","144","4","424","0","0","1.36","Ride 2"
"Zombidle","10069","Zombidle","96420","115920","10","2","18","0","0","0.83","Zombidle"
"Soulcalibur V","10070","Soulcalibur V","96420","15660","100","2","82","0","0","6.16","Soulcalibur V"
"Metal Gear Solid: VR Missions","10071","Metal Gear Solid: VR Missions","96420","24600","41","3","50","0","0","3.92","Metal Gear Solid: VR Missions"
"Yesterday","10072","Yesterday","96360","14940","102","2","52","0","0","6.45","Yesterday"
"PlayStation All-Stars Battle Royale","10073","PlayStation All-Stars Battle Royale","96300","10860","171","2","53","0","0","8.87","PlayStation All-Stars Battle Royale"
"Code: Realize: Guardian of Rebirth","10074","Code: Realize: Guardian of Rebirth","96240","10920","55","2","18","0","0","8.81","Code: Realize: Guardian of Rebirth"
"Cosmic Trip","10075","Cosmic Trip","96240","5040","2673","2","24","0","0","19.1","Cosmic Trip"
"Thief of Thieves: Season One","10076","Thief of Thieves: Season One","96180","23700","131","2","120","0","0","4.06","Thief of Thieves: Season One"
"Flipping Death","10077","Flipping Death","96000","15900","40","2","93","0","0","6.04","Flipping Death"
"Destruction Derby 2","10078","Destruction Derby 2","96000","7380","1163","2","28","0","0","13.01","Destruction Derby 2"
"Fantasia","10079","Fantasia","95940","2700","450","3","19","0","0","35.53","Fantasia"
"The Snack World: Trejarers","10080","The Snack World: Trejarers","95940","13620","103","3","15","0","0","7.04","The Snack World: Trejarers"
"Era of Legends","10081","Era of Legends","95820","37560","97","5","97","0","0","2.55","Era of Legends"
"Evergate","10082","Evergate","95820","6600","170","2","31","0","0","14.52","Evergate"
"Virtuverse","10083","Virtuverse","95820","14520","117","9","28","0","0","6.6","Virtuverse"
"Mystery Case Files: Ravenhearst","10084","Mystery Case Files: Ravenhearst","95820","6240","152","1","12","0","0","15.36","Mystery Case Files: Ravenhearst"
"Britney's Dance Beat","10085","Britney's Dance Beat","95820","1980","1445","1","14","0","0","48.39","Britney's Dance Beat"
"Icewind Dale II","10086","Icewind Dale II","95820","29100","25","2","26","0","0","3.29","Icewind Dale II"
"Treasure Stack","10087","Treasure Stack","95760","7860","148","5","52","0","0","12.18","Treasure Stack"
"The Balcony","10088","The Balcony","95700","420","1187","2","6","0","0","227.86","The Balcony"
"The Uncertain: Episode 1 - The Last Quiet Day","10089","The Uncertain: Episode 1 - The Last Quiet Day","95700","11100","172","2","52","0","0","8.62","The Uncertain: Episode 1 - The Last Quiet Day"
"Valentine Panic","10090","Valentine Panic","95640","600","1134","2","5","0","0","159.4","Valentine Panic"
"Top Shop","10091","Top Shop","95640","4680","432","2","13","0","0","20.44","Top Shop"
"Disney's Aladdin in Nasira's Revenge","10092","Disney's Aladdin in Nasira's Revenge","95640","5520","118","2","23","0","0","17.33","Disney's Aladdin in Nasira's Revenge"
"The Chronicles of Riddick: Assault on Dark Athena","10093","The Chronicles of Riddick: Assault on Dark Athena","95580","22740","58","2","52","0","0","4.2","The Chronicles of Riddick: Assault on Dark Athena"
"There's Poop In My Soup","10094","There's Poop In My Soup","95580","11220","224","2","113","0","0","8.52","There's Poop In My Soup"
"Strategic Command World War I: The Great War 1914-1918","10095","Strategic Command World War I: The Great War 1914-1918","95520","3660","129","1","8","0","0","26.1","Strategic Command World War I: The Great War 1914-1918"
"Cat Burglar: A Tail of Purrsuit","10096","Cat Burglar: A Tail of Purrsuit","95460","3240","744","1","31","0","0","29.46","Cat Burglar: A Tail of Purrsuit"
"1942","10097","1942","95400","6720","325","1","36","0","0","14.2","1942"
"40 Winks","10098","40 Winks","95340","12960","420","1","31","0","0","7.36","40 Winks"
"Paper Sorcerer","10099","Paper Sorcerer","95340","9360","79","1","24","0","0","10.19","Paper Sorcerer"
"Marlow Briggs and the Mask of Death","10100","Marlow Briggs and the Mask of Death","95340","10980","192","1","28","0","0","8.68","Marlow Briggs and the Mask of Death"