"","","Game","Watch time","Stream time","Peak viewers","Peak channels","Streamers","Average viewers","Average channels","Average viewer ratio",""
"Backyard Wrestling: Don't Try This at Home","6401","Backyard Wrestling: Don't Try This at Home","392400","3720","3528","1","11","0","0","105.48","Backyard Wrestling: Don't Try This at Home"
"Sir, You Are Being Hunted","6402","Sir, You Are Being Hunted","392100","22500","1795","2","155","0","0","17.43","Sir, You Are Being Hunted"
"Bola-Way","6403","Bola-Way","392100","240","6533","1","2","0","0","1633.75","Bola-Way"
"The Alliance Alive","6404","The Alliance Alive","392040","67320","401","6","84","0","0","5.82","The Alliance Alive"
"Dance Dance Revolution EXTREME","6405","Dance Dance Revolution EXTREME","391980","34620","393","3","76","0","0","11.32","Dance Dance Revolution EXTREME"
"FIFA Online 2","6406","FIFA Online 2","391800","2640","1861","1","13","0","0","148.41","FIFA Online 2"
"Mega Man II","6407","Mega Man II","391680","45720","1023","3","185","0","0","8.57","Mega Man II"
"Shin Megami Tensei II","6408","Shin Megami Tensei II","391620","23040","1999","2","34","0","0","17","Shin Megami Tensei II"
"Last Alert","6409","Last Alert","391560","5760","1483","4","16","0","0","67.98","Last Alert"
"The Dark Room","6410","The Dark Room","391140","8820","2468","2","61","0","0","44.35","The Dark Room"
"Windjammers 2","6411","Windjammers 2","390720","480","3126","1","3","0","0","814","Windjammers 2"
"HD Poker","6412","HD Poker","390540","93300","182","5","299","0","0","4.19","HD Poker"
"Force of Will - TCG","6413","Force of Will - TCG","390480","24720","475","4","37","0","0","15.8","Force of Will - TCG"
"Monday Night Raw","6414","Monday Night Raw","390420","8280","234","2","10","0","0","47.15","Monday Night Raw"
"Strike","6415","Strike","390360","300","3320","1","3","0","0","1301.2","Strike"
"Auto Chess Legends","6416","Auto Chess Legends","390060","23820","4743","4","86","0","0","16.38","Auto Chess Legends"
"Romance of the Three Kingdoms IX","6417","Romance of the Three Kingdoms IX","390000","16740","300","1","13","0","0","23.3","Romance of the Three Kingdoms IX"
"Traum","6418","Traum","389940","3900","2520","2","23","0","0","99.98","Traum"
"Love Nikki-Dress UP Queen","6419","Love Nikki-Dress UP Queen","389340","30360","362","4","71","0","0","12.82","Love Nikki-Dress UP Queen"
"Outbuddies","6420","Outbuddies","389340","5220","5722","2","23","0","0","74.59","Outbuddies"
"Secret of the Silver Blades","6421","Secret of the Silver Blades","389280","2520","1638","3","4","0","0","154.48","Secret of the Silver Blades"
"Thea: The Awakening","6422","Thea: The Awakening","389160","70980","436","3","148","0","0","5.48","Thea: The Awakening"
"Bishoujo Senshi Sailor Moon","6423","Bishoujo Senshi Sailor Moon","389040","16440","1371","2","46","0","0","23.66","Bishoujo Senshi Sailor Moon"
"Warhammer 40,000: Dawn of War II: Chaos Rising","6424","Warhammer 40,000: Dawn of War II: Chaos Rising","388800","45900","128","3","118","0","0","8.47","Warhammer 40,000: Dawn of War II: Chaos Rising"
"Warhammer 40,000: Space Wolf","6425","Warhammer 40,000: Space Wolf","388800","6840","1024","3","29","0","0","56.84","Warhammer 40,000: Space Wolf"
"Gary Grigsby's War in the Pacific","6426","Gary Grigsby's War in the Pacific","388740","29760","98","2","11","0","0","13.06","Gary Grigsby's War in the Pacific"
"The Mummy Demastered","6427","The Mummy Demastered","388740","34560","994","3","105","0","0","11.25","The Mummy Demastered"
"Exoplanet: First Contact","6428","Exoplanet: First Contact","388380","6300","706","4","30","0","0","61.65","Exoplanet: First Contact"
"Sonic and the Secret Rings","6429","Sonic and the Secret Rings","388140","32880","1663","3","76","0","0","11.8","Sonic and the Secret Rings"
"Vectorman 2","6430","Vectorman 2","387720","4620","5592","1","14","0","0","83.92","Vectorman 2"
"School Girl/Zombie Hunter","6431","School Girl/Zombie Hunter","387600","16500","1067","3","195","0","0","23.49","School Girl/Zombie Hunter"
"LEGO Pirates of the Caribbean: The Video Game","6432","LEGO Pirates of the Caribbean: The Video Game","387420","94200","142","3","292","0","0","4.11","LEGO Pirates of the Caribbean: The Video Game"
"Putt-Putt Goes to the Moon","6433","Putt-Putt Goes to the Moon","387360","10620","3149","2","84","0","0","36.47","Putt-Putt Goes to the Moon"
"Bus Simulator 16","6434","Bus Simulator 16","387300","31560","2072","3","204","0","0","12.27","Bus Simulator 16"
"Darkstone","6435","Darkstone","387060","17280","204","2","45","0","0","22.4","Darkstone"
"WWE '13","6436","WWE '13","387000","13560","2860","2","32","0","0","28.54","WWE '13"
"Killzone: Shadow Fall","6437","Killzone: Shadow Fall","386820","163080","1439","4","693","0","0","2.37","Killzone: Shadow Fall"
"Lands of Lore: Guardians of Destiny","6438","Lands of Lore: Guardians of Destiny","386760","8100","293","2","14","0","0","47.75","Lands of Lore: Guardians of Destiny"
"Aurora","6439","Aurora","386700","1980","3468","1","13","0","0","195.3","Aurora"
"Schlag den Raab – Das 2. Spiel","6440","Schlag den Raab – Das 2. Spiel","386700","1440","2223","1","5","0","0","268.54","Schlag den Raab – Das 2. Spiel"
"Super Time Force","6441","Super Time Force","386520","11520","5818","6","59","0","0","33.55","Super Time Force"
"Victor Vran","6442","Victor Vran","386400","140880","303","5","430","0","0","2.74","Victor Vran"
"Superbowl","6443","Superbowl","386400","3240","3956","15","45","0","0","119.26","Superbowl"
"Ground Branch","6444","Ground Branch","386280","84780","199","4","342","0","0","4.56","Ground Branch"
"Disgaea 4: A Promise Revisited","6445","Disgaea 4: A Promise Revisited","386220","43980","254","4","61","0","0","8.78","Disgaea 4: A Promise Revisited"
"Your Toy","6446","Your Toy","386160","9120","948","2","38","0","0","42.34","Your Toy"
"Chook & Sosig: Walk the Plank","6447","Chook & Sosig: Walk the Plank","386040","6240","1410","2","27","0","0","61.87","Chook & Sosig: Walk the Plank"
"Disney's The Little Mermaid","6448","Disney's The Little Mermaid","385920","7020","4734","4","43","0","0","54.97","Disney's The Little Mermaid"
"Drill Dozer","6449","Drill Dozer","385920","9720","2024","2","34","0","0","39.7","Drill Dozer"
"Keep in Mind","6450","Keep in Mind","385860","4560","6312","2","53","0","0","84.62","Keep in Mind"
"Warhammer 40,000: Dawn of War III","6451","Warhammer 40,000: Dawn of War III","385740","132600","85","4","425","0","0","2.91","Warhammer 40,000: Dawn of War III"
"Xenon Racer","6452","Xenon Racer","385740","27720","740","7","175","0","0","13.92","Xenon Racer"
"VR Ping Pong","6453","VR Ping Pong","385680","1920","4555","1","22","0","0","200.88","VR Ping Pong"
"Prison Boss VR","6454","Prison Boss VR","385200","38820","169","2","152","0","0","9.92","Prison Boss VR"
"The Fifth Element","6455","The Fifth Element","384780","5640","2383","1","13","0","0","68.22","The Fifth Element"
"Atelier Ayesha: The Alchemist of Dusk","6456","Atelier Ayesha: The Alchemist of Dusk","384720","20040","136","3","25","0","0","19.2","Atelier Ayesha: The Alchemist of Dusk"
"Game & Wario","6457","Game & Wario","384660","7860","4518","2","31","0","0","48.94","Game & Wario"
"Inazuma Eleven","6458","Inazuma Eleven","384240","24300","238","2","64","0","0","15.81","Inazuma Eleven"
"Wai Wai World 2: SOS Parsley-jou!","6459","Wai Wai World 2: SOS Parsley-jou!","384120","360","6751","1","3","0","0","1067","Wai Wai World 2: SOS Parsley-jou!"
"Grand Prix 2","6460","Grand Prix 2","384000","4380","349","2","7","0","0","87.67","Grand Prix 2"
"JoJo's Bizarre Adventure: All Star Battle","6461","JoJo's Bizarre Adventure: All Star Battle","383820","52200","1455","2","150","0","0","7.35","JoJo's Bizarre Adventure: All Star Battle"
"Sphinx and the Cursed Mummy","6462","Sphinx and the Cursed Mummy","383280","71040","203","3","139","0","0","5.4","Sphinx and the Cursed Mummy"
"EpicDuel","6463","EpicDuel","383220","11880","183","2","22","0","0","32.26","EpicDuel"
"Rogue Heist","6464","Rogue Heist","383160","21720","1248","12","204","0","0","17.64","Rogue Heist"
"Jigsaw Puzzles","6465","Jigsaw Puzzles","383040","49020","235","3","109","0","0","7.81","Jigsaw Puzzles"
"Frog Fractions","6466","Frog Fractions","382800","10020","1091","2","67","0","0","38.2","Frog Fractions"
"Oddworld: Stranger's Wrath","6467","Oddworld: Stranger's Wrath","382800","64740","922","3","221","0","0","5.91","Oddworld: Stranger's Wrath"
"The Path","6468","The Path","382500","8640","441","2","39","0","0","44.27","The Path"
"Calm Time","6469","Calm Time","382500","5280","560","2","14","0","0","72.44","Calm Time"
"Dragon Ball Online","6470","Dragon Ball Online","382440","129120","148","5","275","0","0","2.96","Dragon Ball Online"
"Onmyoji","6471","Onmyoji","382380","129000","211","4","225","0","0","2.96","Onmyoji"
"BoxVR","6472","BoxVR","382320","68700","139","3","268","0","0","5.57","BoxVR"
"Civilization: Beyond Earth - Rising Tide","6473","Civilization: Beyond Earth - Rising Tide","381900","26700","886","4","96","0","0","14.3","Civilization: Beyond Earth - Rising Tide"
"Monster Party","6474","Monster Party","381780","3900","5993","2","29","0","0","97.89","Monster Party"
"OCTGN","6475","OCTGN","381780","39960","119","4","49","0","0","9.55","OCTGN"
"Star Wars: Galaxies - Jump to Light Speed","6476","Star Wars: Galaxies - Jump to Light Speed","381660","15780","347","2","40","0","0","24.19","Star Wars: Galaxies - Jump to Light Speed"
"Waku Waku 7","6477","Waku Waku 7","381300","3540","1997","1","25","0","0","107.71","Waku Waku 7"
"Mirror","6478","Mirror","380520","35400","1175","2","194","0","0","10.75","Mirror"
"MageQuit","6479","MageQuit","380520","58920","1355","10","103","0","0","6.46","MageQuit"
"Wing Commander III: Heart of the Tiger","6480","Wing Commander III: Heart of the Tiger","380100","10080","1733","2","27","0","0","37.71","Wing Commander III: Heart of the Tiger"
"Arc Rise Fantasia","6481","Arc Rise Fantasia","380040","16320","349","2","18","0","0","23.29","Arc Rise Fantasia"
"Fate/Extra CCC","6482","Fate/Extra CCC","379980","4800","615","1","11","0","0","79.16","Fate/Extra CCC"
"Kung Fu","6483","Kung Fu","379560","12300","5240","2","41","0","0","30.86","Kung Fu"
"Season's Beatings","6484","Season's Beatings","379440","3000","5609","1","19","0","0","126.48","Season's Beatings"
"Random Heroes","6485","Random Heroes","379140","24300","4421","2","105","0","0","15.6","Random Heroes"
"Hazardous Space","6486","Hazardous Space","379080","7440","819","2","54","0","0","50.95","Hazardous Space"
"State of Decay","6487","State of Decay","379020","121620","228","4","452","0","0","3.12","State of Decay"
"TimeSplitters: Future Perfect","6488","TimeSplitters: Future Perfect","378960","58980","232","3","178","0","0","6.43","TimeSplitters: Future Perfect"
"Unreal","6489","Unreal","378660","92280","143","3","206","0","0","4.1","Unreal"
"Hide-And-Seek","6490","Hide-And-Seek","378480","18540","1749","6","169","0","0","20.41","Hide-And-Seek"
"Farm Manager 2018","6491","Farm Manager 2018","378240","52080","358","3","134","0","0","7.26","Farm Manager 2018"
"Hero Cantare","6492","Hero Cantare","378240","15000","370","3","14","0","0","25.22","Hero Cantare"
"Gensokyo Night Festival","6493","Gensokyo Night Festival","377880","13680","4100","6","151","0","0","27.62","Gensokyo Night Festival"
"Year Walk","6494","Year Walk","377820","16800","1537","2","103","0","0","22.49","Year Walk"
"Nayuta no Kiseki","6495","Nayuta no Kiseki","377760","17040","797","2","14","0","0","22.17","Nayuta no Kiseki"
"Winx Club","6496","Winx Club","377760","31920","2072","3","104","0","0","11.83","Winx Club"
"Runes of Magic","6497","Runes of Magic","377700","93180","62","3","181","0","0","4.05","Runes of Magic"
"SCRAM","6498","SCRAM","377640","57660","938","5","605","0","0","6.55","SCRAM"
"Ticket to Ride","6499","Ticket to Ride","377580","105900","314","4","222","0","0","3.57","Ticket to Ride"
"Persona 2: Eternal Punishment","6500","Persona 2: Eternal Punishment","377520","51540","155","3","52","0","0","7.32","Persona 2: Eternal Punishment"