"","","Game","Watch time","Stream time","Peak viewers","Peak channels","Streamers","Average viewers","Average channels","Average viewer ratio",""
"Fibbage","4401","Fibbage","1034580","132540","229","6","915","1","0","7.81","Fibbage"
"Audiosurf 2","4402","Audiosurf 2","1033620","224520","696","5","783","1","0","4.6","Audiosurf 2"
"pop'n music","4403","pop'n music","1033260","256260","3280","3","47","1","0","4.03","pop'n music"
"Duke Nukem Forever","4404","Duke Nukem Forever","1032300","123840","1632","3","468","1","0","8.34","Duke Nukem Forever"
"Tekken Tag Tournament","4405","Tekken Tag Tournament","1032120","28800","1057","3","117","1","0","35.84","Tekken Tag Tournament"
"Blue Dragon","4406","Blue Dragon","1030680","153360","204","5","212","1","0","6.72","Blue Dragon"
"League of Maidens","4407","League of Maidens","1030140","11880","1432","2","56","1","0","86.71","League of Maidens"
"Path to Mnemosyne","4408","Path to Mnemosyne","1029780","7380","5831","2","46","1","0","139.54","Path to Mnemosyne"
"Gravity Rush 2","4409","Gravity Rush 2","1029600","207600","457","5","1167","1","0","4.96","Gravity Rush 2"
"Enslaved: Odyssey to the West","4410","Enslaved: Odyssey to the West","1029420","120600","524","4","315","1","0","8.54","Enslaved: Odyssey to the West"
"Real Bout Fatal Fury 2: The Newcomers","4411","Real Bout Fatal Fury 2: The Newcomers","1029420","4560","9092","1","23","1","0","225.75","Real Bout Fatal Fury 2: The Newcomers"
"Real Drift Car Racing","4412","Real Drift Car Racing","1028820","2700","17052","1","12","1","0","381.04","Real Drift Car Racing"
"Dungeon Siege II","4413","Dungeon Siege II","1027800","85860","1044","4","127","1","0","11.97","Dungeon Siege II"
"Offworld Trading Company","4414","Offworld Trading Company","1026420","113760","528","7","440","1","0","9.02","Offworld Trading Company"
"My Big Sister","4415","My Big Sister","1026300","63120","947","4","291","1","0","16.26","My Big Sister"
"Onigiri","4416","Onigiri","1026120","474720","224","8","1139","1","0","2.16","Onigiri"
"FortressCraft Evolved!","4417","FortressCraft Evolved!","1025700","203220","1031","5","155","1","0","5.05","FortressCraft Evolved!"
"The Longest Journey","4418","The Longest Journey","1025640","108960","1428","4","163","1","0","9.41","The Longest Journey"
"Escape from Monkey Island","4419","Escape from Monkey Island","1025220","52860","2692","2","112","1","0","19.4","Escape from Monkey Island"
"Street Fighter: Anniversary Collection","4420","Street Fighter: Anniversary Collection","1024920","6000","9373","4","39","1","0","170.82","Street Fighter: Anniversary Collection"
"Lucid Dream","4421","Lucid Dream","1024740","16320","18198","3","60","1","0","62.79","Lucid Dream"
"Professor Layton and the Last Specter","4422","Professor Layton and the Last Specter","1024200","32160","1189","2","49","1","0","31.85","Professor Layton and the Last Specter"
"Cattails","4423","Cattails","1023780","72420","1251","4","224","1","0","14.14","Cattails"
"Karaoke Joysound","4424","Karaoke Joysound","1023060","45240","2187","3","63","1","0","22.61","Karaoke Joysound"
"Android: Netrunner","4425","Android: Netrunner","1021980","177120","239","4","60","1","0","5.77","Android: Netrunner"
"Bases Loaded","4426","Bases Loaded","1021680","5940","415","2","6","1","0","172","Bases Loaded"
"Out of the Park Baseball 20","4427","Out of the Park Baseball 20","1020660","179820","316","9","199","1","0","5.68","Out of the Park Baseball 20"
"Dead Island Riptide","4428","Dead Island Riptide","1020660","300300","236","7","1251","1","0","3.4","Dead Island Riptide"
"Overlord","4429","Overlord","1020540","195840","932","5","547","1","0","5.21","Overlord"
"Pac-Man World 2","4430","Pac-Man World 2","1020300","102840","1291","12","216","1","0","9.92","Pac-Man World 2"
"Vampire: The Masquerade - Redemption","4431","Vampire: The Masquerade - Redemption","1020180","115920","366","4","177","1","0","8.8","Vampire: The Masquerade - Redemption"
"Project 5: Sightseer","4432","Project 5: Sightseer","1020060","90900","23001","7","110","1","0","11.22","Project 5: Sightseer"
"The Park","4433","The Park","1019580","86580","928","7","641","1","0","11.78","The Park"
"Fuzion Frenzy","4434","Fuzion Frenzy","1016700","13980","7935","2","190","1","0","72.73","Fuzion Frenzy"
"Coven and Labyrinth of Refrain","4435","Coven and Labyrinth of Refrain","1016580","226320","185","5","223","1","0","4.49","Coven and Labyrinth of Refrain"
"Pool of Radiance","4436","Pool of Radiance","1016520","35160","441","2","37","1","0","28.91","Pool of Radiance"
"The Touryst","4437","The Touryst","1015500","16620","3609","5","65","1","0","61.1","The Touryst"
"White Noise 2","4438","White Noise 2","1015140","181860","7667","6","1240","1","0","5.58","White Noise 2"
"Street Fighter Alpha 3","4439","Street Fighter Alpha 3","1012680","31680","8001","2","174","1","0","31.97","Street Fighter Alpha 3"
"Yu-Gi-Oh!: GX Tag Force","4440","Yu-Gi-Oh!: GX Tag Force","1011480","34320","938","3","93","1","0","29.47","Yu-Gi-Oh!: GX Tag Force"
"Hamsterdam: Paws of Justice","4441","Hamsterdam: Paws of Justice","1011420","12480","18032","3","78","1","0","81.04","Hamsterdam: Paws of Justice"
"Catan","4442","Catan","1010880","50040","4521","5","238","1","0","20.2","Catan"
"Fishing Star World Tour","4443","Fishing Star World Tour","1010460","10140","3834","2","38","1","0","99.65","Fishing Star World Tour"
"VCB: Why City - The Ballad Of Drunk Khovansky","4444","VCB: Why City - The Ballad Of Drunk Khovansky","1010100","10680","3412","2","85","1","0","94.58","VCB: Why City - The Ballad Of Drunk Khovansky"
"Ages of Mages : The Last Keeper","4445","Ages of Mages : The Last Keeper","1008600","5100","2920","1","36","1","0","197.76","Ages of Mages : The Last Keeper"
"Spyfall","4446","Spyfall","1008480","26760","3491","6","183","1","0","37.69","Spyfall"
"The Saboteur","4447","The Saboteur","1007640","98880","1421","3","240","1","0","10.19","The Saboteur"
"Shio","4448","Shio","1007040","7140","3736","2","27","1","0","141.04","Shio"
"Shin Megami Tensei: Devil Summoner: Soul Hackers","4449","Shin Megami Tensei: Devil Summoner: Soul Hackers","1006500","14100","575","1","8","1","0","71.38","Shin Megami Tensei: Devil Summoner: Soul Hackers"
"Solitaire","4450","Solitaire","1005360","115680","4121","4","730","1","0","8.69","Solitaire"
"Jumping Over It With Kang KiYun","4451","Jumping Over It With Kang KiYun","1004580","11280","2377","2","50","1","0","89.06","Jumping Over It With Kang KiYun"
"Cube Escape: Case 23","4452","Cube Escape: Case 23","1004220","9120","5590","2","49","1","0","110.11","Cube Escape: Case 23"
"Ultima III: Exodus","4453","Ultima III: Exodus","1003620","16620","542","2","16","1","0","60.39","Ultima III: Exodus"
"WhiteDay: a labyrinth named School","4454","WhiteDay: a labyrinth named School","1003440","39420","3375","3","447","1","0","25.46","WhiteDay: a labyrinth named School"
"Witold The Game","4455","Witold The Game","1002900","180","6233","1","1","1","0","5571.67","Witold The Game"
"Never Give Up","4456","Never Give Up","1002300","33480","2008","7","121","1","0","29.94","Never Give Up"
"Hatsune Miku: Project DIVA F 2nd","4457","Hatsune Miku: Project DIVA F 2nd","1002120","65640","1062","3","182","1","0","15.27","Hatsune Miku: Project DIVA F 2nd"
"Persona 3: Dancing in Moonlight","4458","Persona 3: Dancing in Moonlight","1001760","257040","2259","7","1230","1","0","3.9","Persona 3: Dancing in Moonlight"
"Nightwatch","4459","Nightwatch","1000920","180","16678","1","2","1","0","5560.67","Nightwatch"
"Need for Speed: High Stakes","4460","Need for Speed: High Stakes","999720","24120","920","2","61","1","0","41.45","Need for Speed: High Stakes"
"Gungrave VR","4461","Gungrave VR","998580","2100","16325","1","17","1","0","475.51","Gungrave VR"
"One Step from Eden","4462","One Step from Eden","998100","50220","1723","5","228","1","0","19.87","One Step from Eden"
"Volgarr the Viking","4463","Volgarr the Viking","997740","47520","2496","4","220","1","0","21","Volgarr the Viking"
"Primal Pursuit","4464","Primal Pursuit","997620","900","5967","4","10","1","0","1108.47","Primal Pursuit"
"The TV Show","4465","The TV Show","997440","1023600","3444","11","126","1","1","0.97","The TV Show"
"LEGO City Undercover","4466","LEGO City Undercover","997200","192060","1100","5","1254","1","0","5.19","LEGO City Undercover"
"Hitman: Codename 47","4467","Hitman: Codename 47","997080","91740","2970","4","266","1","0","10.87","Hitman: Codename 47"
"Great Clips 500","4468","Great Clips 500","996840","163740","31","2","7","1","0","6.09","Great Clips 500"
"Shining Force","4469","Shining Force","996660","126120","196","5","200","1","0","7.9","Shining Force"
"Duke Nukem 3D: 20th Anniversary World Tour","4470","Duke Nukem 3D: 20th Anniversary World Tour","995160","138600","1537","4","579","1","0","7.18","Duke Nukem 3D: 20th Anniversary World Tour"
"Solasta: Crown of the Magister","4471","Solasta: Crown of the Magister","995040","8460","4064","3","60","1","0","117.62","Solasta: Crown of the Magister"
"Ranger X","4472","Ranger X","994800","3300","11159","6","21","1","0","301.45","Ranger X"
"Haven & Hearth","4473","Haven & Hearth","994740","166260","412","12","111","1","0","5.98","Haven & Hearth"
"Tom Clancy's Rainbow Six: Vegas 2","4474","Tom Clancy's Rainbow Six: Vegas 2","994380","120300","2356","4","782","1","0","8.27","Tom Clancy's Rainbow Six: Vegas 2"
"Shadow Hearts","4475","Shadow Hearts","994260","122880","174","3","127","1","0","8.09","Shadow Hearts"
"Mini World: Block Art","4476","Mini World: Block Art","994260","137160","696","4","317","1","0","7.25","Mini World: Block Art"
"Battleship","4477","Battleship","993840","14760","1603","2","152","1","0","67.33","Battleship"
"RollerCoaster Tycoon 3","4478","RollerCoaster Tycoon 3","992820","149520","762","4","669","1","0","6.64","RollerCoaster Tycoon 3"
"Walking Zombie 2","4479","Walking Zombie 2","988680","43260","1460","6","217","1","0","22.85","Walking Zombie 2"
"Guardian Heroes","4480","Guardian Heroes","987900","9000","7122","2","48","1","0","109.77","Guardian Heroes"
"Hordes.io","4481","Hordes.io","987540","111600","385","10","306","1","0","8.85","Hordes.io"
"Feed & Grow Fish","4482","Feed & Grow Fish","987540","48660","7056","3","274","1","0","20.29","Feed & Grow Fish"
"Shoujo Kageki Revue Starlight -Re LIVE-","4483","Shoujo Kageki Revue Starlight -Re LIVE-","986940","84720","1222","9","163","1","0","11.65","Shoujo Kageki Revue Starlight -Re LIVE-"
"Battletoads in Ragnarok's World","4484","Battletoads in Ragnarok's World","986160","360","8021","1","4","1","0","2739.33","Battletoads in Ragnarok's World"
"Out of Space","4485","Out of Space","984780","57480","5039","8","251","1","0","17.13","Out of Space"
"Theme Hospital","4486","Theme Hospital","983160","65820","1408","3","242","1","0","14.94","Theme Hospital"
"Press X to Not Die","4487","Press X to Not Die","982920","18360","2190","2","184","1","0","53.54","Press X to Not Die"
"b","4488","b","982800","351840","462","3","83","1","0","2.79","b"
"Stars End","4489","Stars End","981000","38040","8679","10","153","1","0","25.79","Stars End"
"Drink Pro Tycoon","4490","Drink Pro Tycoon","980160","240","8262","2","4","1","0","4084","Drink Pro Tycoon"
"Lineage 2M","4491","Lineage 2M","979860","148140","352","14","110","1","0","6.61","Lineage 2M"
"Speedway","4492","Speedway","979320","8760","2154","2","8","1","0","111.79","Speedway"
"Robo Recall","4493","Robo Recall","979260","144660","5311","4","1196","1","0","6.77","Robo Recall"
"Metroid Prime Trilogy","4494","Metroid Prime Trilogy","978720","174360","4114","5","279","1","0","5.61","Metroid Prime Trilogy"
"Astro Bot Rescue Mission","4495","Astro Bot Rescue Mission","978480","154020","2258","5","1286","1","0","6.35","Astro Bot Rescue Mission"
"Tales of Xillia","4496","Tales of Xillia","977820","107040","1724","3","101","1","0","9.14","Tales of Xillia"
"Mario Party-e","4497","Mario Party-e","976980","600","12616","3","5","1","0","1628.3","Mario Party-e"
"Aggelos","4498","Aggelos","976500","60180","1612","4","166","1","0","16.23","Aggelos"
"Ultra Fight Da! Kyanta 2","4499","Ultra Fight Da! Kyanta 2","976020","150780","591","5","119","1","0","6.47","Ultra Fight Da! Kyanta 2"
"War Selection","4500","War Selection","975900","132180","606","8","450","1","0","7.38","War Selection"