"","","Game","Watch time","Stream time","Peak viewers","Peak channels","Streamers","Average viewers","Average channels","Average viewer ratio",""
"Final Fantasy VII Remake","1901","Final Fantasy VII Remake","5725020","19860","15260","10","81","10","0","288.27","Final Fantasy VII Remake"
"Break the G̵ame","1902","Break the G̵ame","5723820","19320","17833","7","108","10","0","296.26","Break the G̵ame"
"Home Alone 2: Lost in New York","1903","Home Alone 2: Lost in New York","5718480","3480","99976","10","34","10","0","1643.24","Home Alone 2: Lost in New York"
"Invitation","1904","Invitation","5714400","19560","22701","5","118","10","0","292.15","Invitation"
"Pro Yakyū Spirits 2019","1905","Pro Yakyū Spirits 2019","5714100","41340","1007","7","51","10","0","138.22","Pro Yakyū Spirits 2019"
"Guilty Gear","1906","Guilty Gear","5711280","13260","16302","9","84","10","0","430.71","Guilty Gear"
"The Walking Dead: The Telltale Definitive Series","1907","The Walking Dead: The Telltale Definitive Series","5706060","444180","2624","19","880","10","0","12.85","The Walking Dead: The Telltale Definitive Series"
"Death end re;Quest","1908","Death end re;Quest","5698020","460500","1687","22","668","10","0","12.37","Death end re;Quest"
"Serious Sam Classics: Revolution","1909","Serious Sam Classics: Revolution","5695980","44880","14693","5","144","10","0","126.92","Serious Sam Classics: Revolution"
"The Battle Cats","1910","The Battle Cats","5695680","61500","7703","2","144","10","0","92.61","The Battle Cats"
"Mohawk & Headphone Jack","1911","Mohawk & Headphone Jack","5693100","2820","89976","9","21","10","0","2018.83","Mohawk & Headphone Jack"
"Roller Coaster Tycoon Classic","1912","Roller Coaster Tycoon Classic","5678100","113160","4316","4","476","10","0","50.18","Roller Coaster Tycoon Classic"
"Plane Mechanic Simulator","1913","Plane Mechanic Simulator","5667480","88620","22635","11","403","10","0","63.95","Plane Mechanic Simulator"
"Railway Empire","1914","Railway Empire","5664600","349320","1753","14","726","10","0","16.22","Railway Empire"
"Stranded Sails: Explorers of the Cursed Islands","1915","Stranded Sails: Explorers of the Cursed Islands","5664420","135720","18294","44","466","10","0","41.74","Stranded Sails: Explorers of the Cursed Islands"
"R2 Online: Reign of Revolution","1916","R2 Online: Reign of Revolution","5664360","741360","421","10","335","10","1","7.64","R2 Online: Reign of Revolution"
"Valkyria Chronicles 4","1917","Valkyria Chronicles 4","5656860","1038540","1679","17","1579","10","1","5.45","Valkyria Chronicles 4"
"DiRT Rally","1918","DiRT Rally","5652000","1237740","4358","38","7071","10","2","4.57","DiRT Rally"
"Castlevania: Circle of the Moon","1919","Castlevania: Circle of the Moon","5649180","111720","58653","5","232","10","0","50.57","Castlevania: Circle of the Moon"
"Streets of Rage 2","1920","Streets of Rage 2","5646120","192060","32844","5","630","10","0","29.4","Streets of Rage 2"
"Quern: Undying Thoughts","1921","Quern: Undying Thoughts","5638740","112860","6176","5","224","10","0","49.96","Quern: Undying Thoughts"
"Assassin's Creed","1922","Assassin's Creed","5635260","1059240","1132","12","3300","10","2","5.32","Assassin's Creed"
"Mega Man Battle Network 3","1923","Mega Man Battle Network 3","5624280","146520","12134","8","180","10","0","38.39","Mega Man Battle Network 3"
"Murdered: Soul Suspect","1924","Murdered: Soul Suspect","5621100","595020","3833","12","2301","10","1","9.45","Murdered: Soul Suspect"
"Pokémon Snap","1925","Pokémon Snap","5613360","185760","13642","7","761","10","0","30.22","Pokémon Snap"
"Mad Machines","1926","Mad Machines","5598600","105960","5008","40","343","10","0","52.84","Mad Machines"
"Tales of the Neon Sea","1927","Tales of the Neon Sea","5596740","69120","18330","10","249","10","0","80.97","Tales of the Neon Sea"
"Asgard's Wrath","1928","Asgard's Wrath","5596140","81300","10682","7","313","10","0","68.83","Asgard's Wrath"
"System Shock 2","1929","System Shock 2","5591640","273480","4002","7","718","10","0","20.45","System Shock 2"
"Final Fantasy XIV: Shadowbringers","1930","Final Fantasy XIV: Shadowbringers","5589840","851520","6658","435","1853","10","1","6.56","Final Fantasy XIV: Shadowbringers"
"Mega Man X2","1931","Mega Man X2","5589240","263340","8876","6","707","10","0","21.22","Mega Man X2"
"Train Sim World","1932","Train Sim World","5584800","858120","1834","17","2154","10","1","6.51","Train Sim World"
"Habbo Hotel","1933","Habbo Hotel","5581620","251220","4321","7","1568","10","0","22.22","Habbo Hotel"
"Pokémon Channel","1934","Pokémon Channel","5578980","516360","2727","13","793","10","0","10.8","Pokémon Channel"
"Manifold Garden","1935","Manifold Garden","5573160","50280","7140","13","192","10","0","110.84","Manifold Garden"
"Black Future '88","1936","Black Future '88","5565660","47760","32801","11","274","10","0","116.53","Black Future '88"
"Creativerse","1937","Creativerse","5563860","921420","225","10","1735","10","1","6.04","Creativerse"
"Undead Horde","1938","Undead Horde","5559780","69840","20458","6","296","10","0","79.61","Undead Horde"
"S.T.A.L.K.E.R.: Lost Alpha","1939","S.T.A.L.K.E.R.: Lost Alpha","5546340","174780","4031","6","355","10","0","31.73","S.T.A.L.K.E.R.: Lost Alpha"
"Transport Fever","1940","Transport Fever","5538600","747180","2579","12","1280","10","1","7.41","Transport Fever"
"Professor Layton and the Diabolical Box","1941","Professor Layton and the Diabolical Box","5531220","71340","3826","3","136","10","0","77.53","Professor Layton and the Diabolical Box"
"Suikoden","1942","Suikoden","5526120","183360","16954","7","235","10","0","30.14","Suikoden"
"The Elder Scrolls II: Daggerfall","1943","The Elder Scrolls II: Daggerfall","5524020","230400","873","5","372","10","0","23.98","The Elder Scrolls II: Daggerfall"
"Far Cry 4","1944","Far Cry 4","5519040","1590060","1676","16","5659","10","3","3.47","Far Cry 4"
"Fight of Animals: Legend of the Strongest Creature","1945","Fight of Animals: Legend of the Strongest Creature","5517060","21000","13026","9","192","10","0","262.72","Fight of Animals: Legend of the Strongest Creature"
"GORN","1946","GORN","5514360","182880","17912","6","1544","10","0","30.15","GORN"
"No Time to Relax","1947","No Time to Relax","5511720","45180","9199","5","210","10","0","121.99","No Time to Relax"
"Drone Strike Force","1948","Drone Strike Force","5499480","23160","31520","9","132","10","0","237.46","Drone Strike Force"
"Super Mario Land 2: 6 Golden Coins","1949","Super Mario Land 2: 6 Golden Coins","5498700","103740","7438","4","351","10","0","53","Super Mario Land 2: 6 Golden Coins"
"Dragon Age II","1950","Dragon Age II","5498220","787860","1194","10","923","10","1","6.98","Dragon Age II"
"Pilgrims","1951","Pilgrims","5491380","23160","7886","5","222","10","0","237.11","Pilgrims"
"Vane","1952","Vane","5486520","40200","23804","10","236","10","0","136.48","Vane"
"Job Simulator: The 2050 Archives","1953","Job Simulator: The 2050 Archives","5483280","147540","17629","5","1148","10","0","37.16","Job Simulator: The 2050 Archives"
"Star Wars: Empire at War","1954","Star Wars: Empire at War","5483100","133500","13014","7","573","10","0","41.07","Star Wars: Empire at War"
"Special Force","1955","Special Force","5479440","117360","4284","4","265","10","0","46.69","Special Force"
"MMA Arena","1956","MMA Arena","5475420","19980","38059","7","112","10","0","274.05","MMA Arena"
"rFactor 2","1957","rFactor 2","5474700","521700","2615","15","805","10","0","10.49","rFactor 2"
"Metal Gear Survive","1958","Metal Gear Survive","5472180","780000","2876","32","2087","10","1","7.02","Metal Gear Survive"
"Hitman: Absolution","1959","Hitman: Absolution","5471040","436380","3415","8","1938","10","0","12.54","Hitman: Absolution"
"Arcade Tycoon","1960","Arcade Tycoon","5459460","5520","20244","3","43","10","0","989.03","Arcade Tycoon"
"Harvester","1961","Harvester","5457300","76380","2488","4","224","10","0","71.45","Harvester"
"Pixel Painter Story","1962","Pixel Painter Story","5457120","36540","8328","4","165","10","0","149.35","Pixel Painter Story"
"Remothered: Tormented Fathers","1963","Remothered: Tormented Fathers","5453880","342540","4854","12","1427","10","0","15.92","Remothered: Tormented Fathers"
"Eternal Ring","1964","Eternal Ring","5451600","26040","4833","2","51","10","0","209.35","Eternal Ring"
"Hitman: Blood Money","1965","Hitman: Blood Money","5449620","320160","2163","6","1189","10","0","17.02","Hitman: Blood Money"
"Yume Kōjō: Doki Doki Panic","1966","Yume Kōjō: Doki Doki Panic","5441160","4980","125728","12","32","10","0","1092.6","Yume Kōjō: Doki Doki Panic"
"The Legend of Zelda: Tri Force Heroes","1967","The Legend of Zelda: Tri Force Heroes","5435520","26760","9726","3","63","10","0","203.12","The Legend of Zelda: Tri Force Heroes"
"Call of Duty","1968","Call of Duty","5429820","1723860","4317","37","9739","10","3","3.15","Call of Duty"
"Sundered","1969","Sundered","5427060","430800","9828","11","1515","10","0","12.6","Sundered"
"Men of War: Assault Squad 2","1970","Men of War: Assault Squad 2","5423940","371940","6399","7","1258","10","0","14.58","Men of War: Assault Squad 2"
"Jump Off The Bridge","1971","Jump Off The Bridge","5420400","11040","32173","3","65","10","0","490.98","Jump Off The Bridge"
"ToeJam & Earl: Back in the Groove!","1972","ToeJam & Earl: Back in the Groove!","5410080","293460","3832","70","1200","10","0","18.44","ToeJam & Earl: Back in the Groove!"
"Earthworm Jim 2","1973","Earthworm Jim 2","5408940","16260","123771","14","96","10","0","332.65","Earthworm Jim 2"
"Total War: Shogun 2","1974","Total War: Shogun 2","5406060","476040","2463","9","1331","10","0","11.36","Total War: Shogun 2"
"Marble It Up!","1975","Marble It Up!","5403300","95580","9635","4","334","10","0","56.53","Marble It Up!"
"Daemon X Machina","1976","Daemon X Machina","5401260","424200","8386","69","1508","10","0","12.73","Daemon X Machina"
"Clock Tower","1977","Clock Tower","5398620","57960","5376","5","190","10","0","93.14","Clock Tower"
"Day of Dragons","1978","Day of Dragons","5395920","123540","38925","54","299","10","0","43.68","Day of Dragons"
"Rayman Legends","1979","Rayman Legends","5392200","614880","7714","31","4781","10","1","8.77","Rayman Legends"
"NBA 2K18","1980","NBA 2K18","5387040","2218680","3587","25","8338","10","4","2.43","NBA 2K18"
"Thronebreaker: The Witcher Tales","1981","Thronebreaker: The Witcher Tales","5385540","670200","1317","17","1413","10","1","8.04","Thronebreaker: The Witcher Tales"
"Naval Action","1982","Naval Action","5384820","584700","2289","8","476","10","1","9.21","Naval Action"
"Mario Kart Tour","1983","Mario Kart Tour","5384520","397560","73160","51","1963","10","0","13.54","Mario Kart Tour"
"Castlevania: Lords of Shadow","1984","Castlevania: Lords of Shadow","5380260","393360","4484","7","1037","10","0","13.68","Castlevania: Lords of Shadow"
"BeamNG.Drive","1985","BeamNG.Drive","5377140","618300","13515","10","4105","10","1","8.7","BeamNG.Drive"
"Slender: The Eight Pages","1986","Slender: The Eight Pages","5349660","90600","22399","8","944","10","0","59.05","Slender: The Eight Pages"
"Ecco: The Tides of Time","1987","Ecco: The Tides of Time","5348700","19020","105727","12","42","10","0","281.21","Ecco: The Tides of Time"
"The Dig","1988","The Dig","5345880","52920","11077","3","125","10","0","101.02","The Dig"
"The Lord of the Rings: The Battle for Middle-earth II - The Rise of the Witch-King","1989","The Lord of the Rings: The Battle for Middle-earth II - The Rise of the Witch-King","5345160","360300","691","7","479","10","0","14.84","The Lord of the Rings: The Battle for Middle-earth II - The Rise of the Witch-King"
"Bless Online","1990","Bless Online","5344740","243060","8960","7","496","10","0","21.99","Bless Online"
"Crusaders Quest","1991","Crusaders Quest","5339400","464040","2953","8","234","10","0","11.51","Crusaders Quest"
"Dragon Warrior III","1992","Dragon Warrior III","5332800","302460","4975","5","254","10","0","17.63","Dragon Warrior III"
"The Room","1993","The Room","5328180","349020","2027","8","2074","10","0","15.27","The Room"
"Pikmin 3","1994","Pikmin 3","5327400","135660","3137","5","274","10","0","39.27","Pikmin 3"
"Barnyard","1995","Barnyard","5326800","39000","16318","3","134","10","0","136.58","Barnyard"
"Werewolves 狼人殺","1996","Werewolves 狼人殺","5326020","159480","2621","5","93","10","0","33.4","Werewolves 狼人殺"
"Quantum Break","1997","Quantum Break","5322840","729360","2534","10","2738","10","1","7.3","Quantum Break"
"Battlefield: Bad Company 2","1998","Battlefield: Bad Company 2","5317380","503400","22690","8","2221","10","0","10.56","Battlefield: Bad Company 2"
"Uncharted 2: Among Thieves","1999","Uncharted 2: Among Thieves","5312580","371820","1745","6","845","10","0","14.29","Uncharted 2: Among Thieves"
"Mini Metro","2000","Mini Metro","5310300","136260","10963","4","818","10","0","38.97","Mini Metro"