"","","Game","Watch time","Stream time","Peak viewers","Peak channels","Streamers","Average viewers","Average channels","Average viewer ratio",""
"Test Drive","10301","Test Drive","88920","63420","123","4","533","0","0","1.4","Test Drive"
"Superbrothers: Sword & Sworcery EP","10302","Superbrothers: Sword & Sworcery EP","88920","13020","295","2","53","0","0","6.83","Superbrothers: Sword & Sworcery EP"
"Monster in My Pocket","10303","Monster in My Pocket","88920","6120","474","5","35","0","0","14.53","Monster in My Pocket"
"The Weakest Link","10304","The Weakest Link","88920","2460","265","1","14","0","0","36.15","The Weakest Link"
"Gensei Suikoden","10305","Gensei Suikoden","88860","1800","338","1","6","0","0","49.37","Gensei Suikoden"
"Let's See What You Got","10306","Let's See What You Got","88860","3900","348","3","7","0","0","22.78","Let's See What You Got"
"Bookworm Adventures Volume 2","10307","Bookworm Adventures Volume 2","88800","10260","376","2","24","0","0","8.65","Bookworm Adventures Volume 2"
"Postal III","10308","Postal III","88800","13440","318","2","56","0","0","6.61","Postal III"
"Path of Sin: Greed","10309","Path of Sin: Greed","88800","10740","234","2","22","0","0","8.27","Path of Sin: Greed"
"Sid Meier's Civilization III: Conquests","10310","Sid Meier's Civilization III: Conquests","88740","38160","63","2","27","0","0","2.33","Sid Meier's Civilization III: Conquests"
"bit Dungeon II","10311","bit Dungeon II","88740","5640","1016","1","39","0","0","15.73","bit Dungeon II"
"Pro Evolution Soccer 2009","10312","Pro Evolution Soccer 2009","88740","4140","2802","2","26","0","0","21.43","Pro Evolution Soccer 2009"
"Police Quest: In Pursuit of the Death Angel","10313","Police Quest: In Pursuit of the Death Angel","88680","12300","318","2","32","0","0","7.21","Police Quest: In Pursuit of the Death Angel"
"Lost Technology","10314","Lost Technology","88680","18900","80","2","10","0","0","4.69","Lost Technology"
"The Orange Box","10315","The Orange Box","88620","104280","21","4","375","0","0","0.85","The Orange Box"
"Jackie Chan's Action Kung Fu","10316","Jackie Chan's Action Kung Fu","88560","8460","485","5","29","0","0","10.47","Jackie Chan's Action Kung Fu"
"Bullet Heaven 2","10317","Bullet Heaven 2","88560","17700","204","2","37","0","0","5","Bullet Heaven 2"
"ISLAND","10318","ISLAND","88500","17460","501","2","24","0","0","5.07","ISLAND"
"Relic Hunters Legend","10319","Relic Hunters Legend","88500","16620","77","4","51","0","0","5.32","Relic Hunters Legend"
"Break Point","10320","Break Point","88500","41520","195","9","235","0","0","2.13","Break Point"
"The History Channel: Battle for the Pacific","10321","The History Channel: Battle for the Pacific","88440","240","860","1","3","0","0","368.5","The History Channel: Battle for the Pacific"
"Warsong","10322","Warsong","88440","36540","28","3","37","0","0","2.42","Warsong"
"1602 A.D.","10323","1602 A.D.","88440","6780","383","1","24","0","0","13.04","1602 A.D."
"Spirit Animal Survival","10324","Spirit Animal Survival","88380","15840","33","3","35","0","0","5.58","Spirit Animal Survival"
"Street Outlaws: The List","10325","Street Outlaws: The List","88380","7080","234","3","55","0","0","12.48","Street Outlaws: The List"
"Thief Simulator VR","10326","Thief Simulator VR","88380","4680","718","3","43","0","0","18.88","Thief Simulator VR"
"Valthirian Arc: Hero School Story","10327","Valthirian Arc: Hero School Story","88320","34920","85","4","105","0","0","2.53","Valthirian Arc: Hero School Story"
"Assassin's Creed: Bloodlines","10328","Assassin's Creed: Bloodlines","88320","4920","761","1","22","0","0","17.95","Assassin's Creed: Bloodlines"
"TaleSpin","10329","TaleSpin","88260","7080","256","4","35","0","0","12.47","TaleSpin"
"Spawn","10330","Spawn","88260","2280","904","3","13","0","0","38.71","Spawn"
"Command & Conquer: Tiberian Sun Firestorm","10331","Command & Conquer: Tiberian Sun Firestorm","88260","29700","69","2","64","0","0","2.97","Command & Conquer: Tiberian Sun Firestorm"
"Eggggg: The Platform Puker","10332","Eggggg: The Platform Puker","88260","1620","780","1","9","0","0","54.48","Eggggg: The Platform Puker"
"Infernium","10333","Infernium","88260","14160","121","2","63","0","0","6.23","Infernium"
"The Last Blade 2","10334","The Last Blade 2","88200","16620","230","2","108","0","0","5.31","The Last Blade 2"
"Rokko Chan","10335","Rokko Chan","88140","2460","286","2","12","0","0","35.83","Rokko Chan"
"LMA Manager 2007","10336","LMA Manager 2007","88140","240","1088","1","1","0","0","367.25","LMA Manager 2007"
"Heroes Rise: The Prodigy","10337","Heroes Rise: The Prodigy","88140","1140","1463","1","4","0","0","77.32","Heroes Rise: The Prodigy"
"Top Gear 2","10338","Top Gear 2","88080","24540","102","5","48","0","0","3.59","Top Gear 2"
"Chiptune Champion","10339","Chiptune Champion","88080","1560","432","1","14","0","0","56.46","Chiptune Champion"
"Proteus","10340","Proteus","88020","6480","628","1","46","0","0","13.58","Proteus"
"I Get This Call Every Day","10341","I Get This Call Every Day","88020","240","704","1","2","0","0","366.75","I Get This Call Every Day"
"Dungeon Escape","10342","Dungeon Escape","88020","5220","871","2","47","0","0","16.86","Dungeon Escape"
"BallisticNG","10343","BallisticNG","87960","32340","263","2","114","0","0","2.72","BallisticNG"
"Eternal Fighter Zero","10344","Eternal Fighter Zero","87900","16380","40","1","29","0","0","5.37","Eternal Fighter Zero"
"Blue Revolver","10345","Blue Revolver","87840","9360","439","2","49","0","0","9.38","Blue Revolver"
"Wenjia","10346","Wenjia","87780","15780","61","2","90","0","0","5.56","Wenjia"
"Rifter","10347","Rifter","87780","2640","660","1","15","0","0","33.25","Rifter"
"Dragonsphere","10348","Dragonsphere","87780","10440","121","1","7","0","0","8.41","Dragonsphere"
"Abrams Battle Tank","10349","Abrams Battle Tank","87780","240","402","1","1","0","0","365.75","Abrams Battle Tank"
"SD Gundam G Generation Overworld","10350","SD Gundam G Generation Overworld","87720","25680","60","2","49","0","0","3.42","SD Gundam G Generation Overworld"
"Naruto Shippūden: Gekitō Ninja Taisen! Special","10351","Naruto Shippūden: Gekitō Ninja Taisen! Special","87600","4140","102","2","13","0","0","21.16","Naruto Shippūden: Gekitō Ninja Taisen! Special"
"Cosmic Express","10352","Cosmic Express","87600","19440","38","2","99","0","0","4.51","Cosmic Express"
"Son of a Witch","10353","Son of a Witch","87540","24240","63","3","45","0","0","3.61","Son of a Witch"
"Venetica","10354","Venetica","87540","20460","117","2","39","0","0","4.28","Venetica"
"Ganbare Goemon 2","10355","Ganbare Goemon 2","87480","1200","369","1","4","0","0","72.9","Ganbare Goemon 2"
"Black Sails: Das Geisterschiff","10356","Black Sails: Das Geisterschiff","87480","4860","153","1","17","0","0","18","Black Sails: Das Geisterschiff"
"Devilry","10357","Devilry","87480","2400","1940","1","18","0","0","36.45","Devilry"
"Crusaders of Light","10358","Crusaders of Light","87480","28020","126","2","82","0","0","3.12","Crusaders of Light"
"Cloudberry Kingdom","10359","Cloudberry Kingdom","87420","23640","140","2","61","0","0","3.7","Cloudberry Kingdom"
"Dink Smallwood","10360","Dink Smallwood","87360","16380","149","2","16","0","0","5.33","Dink Smallwood"
"Steel Beasts Pro (Personal Edition)","10361","Steel Beasts Pro (Personal Edition)","87300","23940","70","3","19","0","0","3.65","Steel Beasts Pro (Personal Edition)"
"Goken","10362","Goken","87300","3060","526","1","11","0","0","28.53","Goken"
"Puzzle Clubhouse: Episode 0 -- LAZOR FROGS","10363","Puzzle Clubhouse: Episode 0 -- LAZOR FROGS","87180","840","332","1","2","0","0","103.79","Puzzle Clubhouse: Episode 0 -- LAZOR FROGS"
"Ferrari Grand Prix Challenge","10364","Ferrari Grand Prix Challenge","87180","240","430","1","2","0","0","363.25","Ferrari Grand Prix Challenge"
"Bram Stoker's Dracula","10365","Bram Stoker's Dracula","87180","3900","666","1","24","0","0","22.35","Bram Stoker's Dracula"
"The Magic Circle","10366","The Magic Circle","87180","17640","235","2","74","0","0","4.94","The Magic Circle"
"Art of Murder: Cards of Destiny","10367","Art of Murder: Cards of Destiny","87180","5640","134","1","11","0","0","15.46","Art of Murder: Cards of Destiny"
"Uncanny Valley","10368","Uncanny Valley","87120","36240","34","3","243","0","0","2.4","Uncanny Valley"
"Battle Fantasia","10369","Battle Fantasia","87120","2580","292","3","21","0","0","33.77","Battle Fantasia"
"The Yawhg","10370","The Yawhg","87060","10860","102","3","76","0","0","8.02","The Yawhg"
"Artemis: Spaceship Bridge Simulator","10371","Artemis: Spaceship Bridge Simulator","86940","87060","19","5","31","0","0","1","Artemis: Spaceship Bridge Simulator"
"Anime Studio Simulator","10372","Anime Studio Simulator","86880","37620","10","3","23","0","0","2.31","Anime Studio Simulator"
"The Holy Bible","10373","The Holy Bible","86880","99840","27","3","19","0","0","0.87","The Holy Bible"
"I Hate Running Backwards","10374","I Hate Running Backwards","86880","8160","219","2","53","0","0","10.65","I Hate Running Backwards"
"MidBoss","10375","MidBoss","86820","10860","99","2","25","0","0","7.99","MidBoss"
"FIFA Soccer 96","10376","FIFA Soccer 96","86760","31800","210","2","14","0","0","2.73","FIFA Soccer 96"
"Nancy Drew: Danger on Deception Island","10377","Nancy Drew: Danger on Deception Island","86760","15960","38","2","46","0","0","5.44","Nancy Drew: Danger on Deception Island"
"R-Type","10378","R-Type","86760","12840","50","2","29","0","0","6.76","R-Type"
"Surgeon Simulator 2","10379","Surgeon Simulator 2","86760","1080","1390","1","7","0","0","80.33","Surgeon Simulator 2"
"CreativeBuild","10380","CreativeBuild","86760","43200","46","4","101","0","0","2.01","CreativeBuild"
"Cue Club","10381","Cue Club","86700","3360","1200","2","15","0","0","25.8","Cue Club"
"Gitaroo Man Lives!","10382","Gitaroo Man Lives!","86700","12840","188","2","51","0","0","6.75","Gitaroo Man Lives!"
"Just Dance Kids 2014","10383","Just Dance Kids 2014","86700","420","1511","1","7","0","0","206.43","Just Dance Kids 2014"
"Titanic","10384","Titanic","86700","5640","284","1","25","0","0","15.37","Titanic"
"Wasted: A First-Person Post-Apocalyptic Pub Crawler","10385","Wasted: A First-Person Post-Apocalyptic Pub Crawler","86640","17520","119","1","66","0","0","4.95","Wasted: A First-Person Post-Apocalyptic Pub Crawler"
"Morphine","10386","Morphine","86640","3720","163","2","30","0","0","23.29","Morphine"
"Pilotwings Resort","10387","Pilotwings Resort","86580","600","388","1","4","0","0","144.3","Pilotwings Resort"
"Sega Dreamcast Web Browser","10388","Sega Dreamcast Web Browser","86580","4080","369","2","15","0","0","21.22","Sega Dreamcast Web Browser"
"Hunter x Hunter: Greed Adventure","10389","Hunter x Hunter: Greed Adventure","86580","7320","36","2","17","0","0","11.83","Hunter x Hunter: Greed Adventure"
"Bases Loaded II: Second Season","10390","Bases Loaded II: Second Season","86520","2220","163","2","6","0","0","38.97","Bases Loaded II: Second Season"
"NBA 2K3","10391","NBA 2K3","86520","600","1226","2","5","0","0","144.2","NBA 2K3"
"Elli","10392","Elli","86520","4440","232","1","13","0","0","19.49","Elli"
"Manhattan","10393","Manhattan","86520","393780","66","2","3","0","0","0.22","Manhattan"
"Super Phantom Cat: Remake","10394","Super Phantom Cat: Remake","86520","6300","173","1","39","0","0","13.73","Super Phantom Cat: Remake"
"Fit For A King","10395","Fit For A King","86520","3420","364","2","16","0","0","25.3","Fit For A King"
"Gravity Bone","10396","Gravity Bone","86460","1680","594","1","17","0","0","51.46","Gravity Bone"
"ROSE Online","10397","ROSE Online","86460","26760","68","3","49","0","0","3.23","ROSE Online"
"DoDonPachi Saidaioujou","10398","DoDonPachi Saidaioujou","86460","16800","89","1","20","0","0","5.15","DoDonPachi Saidaioujou"
"Z","10399","Z","86400","108600","66","2","135","0","0","0.8","Z"
"Labyrinth of Touhou 2","10400","Labyrinth of Touhou 2","86400","26640","11","2","17","0","0","3.24","Labyrinth of Touhou 2"