"","","Game","Watch time","Stream time","Peak viewers","Peak channels","Streamers","Average viewers","Average channels","Average viewer ratio",""
"Vagrant Story","2701","Vagrant Story","2940240","135420","14687","4","205","5","0","21.71","Vagrant Story"
"Metaverse Keeper","2702","Metaverse Keeper","2935500","23220","8323","5","88","5","0","126.42","Metaverse Keeper"
"Resident Evil: Director's Cut","2703","Resident Evil: Director's Cut","2932740","188640","1448","6","465","5","0","15.55","Resident Evil: Director's Cut"
"Red Orchestra 2: Heroes of Stalingrad","2704","Red Orchestra 2: Heroes of Stalingrad","2927700","204000","16992","6","514","5","0","14.35","Red Orchestra 2: Heroes of Stalingrad"
"Garfield Kart: Furious Racing","2705","Garfield Kart: Furious Racing","2924520","27240","4724","7","221","5","0","107.36","Garfield Kart: Furious Racing"
"World of Warplanes","2706","World of Warplanes","2924280","978240","272","12","1432","5","1","2.99","World of Warplanes"
"Havocado","2707","Havocado","2923860","12600","19761","4","82","5","0","232.05","Havocado"
"My Hero One's Justice","2708","My Hero One's Justice","2921760","614220","668","17","1953","5","1","4.76","My Hero One's Justice"
"Hatoful Boyfriend","2709","Hatoful Boyfriend","2920560","231960","2004","24","1315","5","0","12.59","Hatoful Boyfriend"
"in My MIND.","2710","in My MIND.","2917320","420","25175","2","5","5","0","6946","in My MIND."
"Dragon Quest VII: Eden no Senshitachi","2711","Dragon Quest VII: Eden no Senshitachi","2913840","97500","24742","3","51","5","0","29.89","Dragon Quest VII: Eden no Senshitachi"
"Yoku's Island Express","2712","Yoku's Island Express","2911140","173340","1231","5","650","5","0","16.79","Yoku's Island Express"
"Sky Noon","2713","Sky Noon","2910540","18660","26132","4","124","5","0","155.98","Sky Noon"
"Breach & Clear","2714","Breach & Clear","2909340","6180","8525","3","48","5","0","470.77","Breach & Clear"
"RPG Maker VX Ace","2715","RPG Maker VX Ace","2907480","178320","6309","4","391","5","0","16.3","RPG Maker VX Ace"
"Animal Super Squad","2716","Animal Super Squad","2906640","15840","26464","2","126","5","0","183.5","Animal Super Squad"
"Yu-Gi-Oh! Online","2717","Yu-Gi-Oh! Online","2906580","220440","797","6","510","5","0","13.19","Yu-Gi-Oh! Online"
"Nemesis","2718","Nemesis","2904240","2760","26369","1","7","5","0","1052.26","Nemesis"
"Mario Golf: Toadstool Tour","2719","Mario Golf: Toadstool Tour","2900520","146340","3038","4","314","5","0","19.82","Mario Golf: Toadstool Tour"
"Mega Man X6","2720","Mega Man X6","2900400","152160","2274","5","350","5","0","19.06","Mega Man X6"
"Wrestling Mpire","2721","Wrestling Mpire","2900160","9360","2937","2","28","5","0","309.85","Wrestling Mpire"
"Totally Accurate Battlegrounds","2722","Totally Accurate Battlegrounds","2899320","354480","19995","7","2201","5","0","8.18","Totally Accurate Battlegrounds"
"Battleborn","2723","Battleborn","2899080","340980","2673","10","629","5","0","8.5","Battleborn"
"NiGHTS into Dreams...","2724","NiGHTS into Dreams...","2897820","34080","34915","5","197","5","0","85.03","NiGHTS into Dreams..."
"Ultimate Epic Battle Simulator","2725","Ultimate Epic Battle Simulator","2895660","56580","9014","3","432","5","0","51.18","Ultimate Epic Battle Simulator"
"Golden Sun: The Lost Age","2726","Golden Sun: The Lost Age","2893200","182700","3607","4","159","5","0","15.84","Golden Sun: The Lost Age"
"Hello Neighbor: Hide and Seek","2727","Hello Neighbor: Hide and Seek","2890080","69780","4454","4","373","5","0","41.42","Hello Neighbor: Hide and Seek"
"Ghost of a Tale","2728","Ghost of a Tale","2889960","419040","1063","18","1336","5","0","6.9","Ghost of a Tale"
"Trials of Mana","2729","Trials of Mana","2887860","142260","806","7","213","5","0","20.3","Trials of Mana"
"Chill","2730","Chill","2887200","952920","928","13","4905","5","1","3.03","Chill"
"Spike Hike","2731","Spike Hike","2886540","840","92685","3","9","5","0","3436.36","Spike Hike"
"Wattam","2732","Wattam","2884740","39480","14891","19","284","5","0","73.07","Wattam"
"Soccer Spirits","2733","Soccer Spirits","2884560","222300","1884","7","214","5","0","12.98","Soccer Spirits"
"Love Beat","2734","Love Beat","2883420","60120","4091","5","261","5","0","47.96","Love Beat"
"Sheltered","2735","Sheltered","2881920","131340","2834","4","474","5","0","21.94","Sheltered"
"Pictopix","2736","Pictopix","2880420","15240","4473","3","60","5","0","189","Pictopix"
"Anno 2205","2737","Anno 2205","2880300","297660","2089","9","855","5","0","9.68","Anno 2205"
"Onirism","2738","Onirism","2879580","26580","27225","3","78","5","0","108.34","Onirism"
"Later Alligator","2739","Later Alligator","2878860","65520","11041","18","279","5","0","43.94","Later Alligator"
"Cardpocalypse","2740","Cardpocalypse","2878500","15300","6220","6","51","5","0","188.14","Cardpocalypse"
"Suicide Guy","2741","Suicide Guy","2877720","46860","3348","3","254","5","0","61.41","Suicide Guy"
"Storm Chasers","2742","Storm Chasers","2875500","44460","13112","3","151","5","0","64.68","Storm Chasers"
"Fantasy Earth Zero","2743","Fantasy Earth Zero","2873520","498360","118","11","227","5","0","5.77","Fantasy Earth Zero"
"Dungeon Keeper","2744","Dungeon Keeper","2868060","130140","2041","4","216","5","0","22.04","Dungeon Keeper"
"OFF","2745","OFF","2867220","116220","1958","3","353","5","0","24.67","OFF"
"WWE 2K16","2746","WWE 2K16","2866980","161040","9762","4","669","5","0","17.8","WWE 2K16"
"Knights and Bikes","2747","Knights and Bikes","2866620","46440","14068","7","147","5","0","61.73","Knights and Bikes"
"PUSS!","2748","PUSS!","2866260","56460","10271","6","375","5","0","50.77","PUSS!"
"Them & Us","2749","Them & Us","2864040","22440","6678","4","104","5","0","127.63","Them & Us"
"Left 4 Dead","2750","Left 4 Dead","2863260","674640","481","11","3461","5","1","4.24","Left 4 Dead"
"Degrees of Separation","2751","Degrees of Separation","2862840","84300","5207","7","365","5","0","33.96","Degrees of Separation"
"Maka Maka","2752","Maka Maka","2856900","480","12497","1","3","5","0","5951.88","Maka Maka"
"The Lord of the Rings: The Battle for Middle-earth II","2753","The Lord of the Rings: The Battle for Middle-earth II","2855040","174780","1321","6","378","5","0","16.34","The Lord of the Rings: The Battle for Middle-earth II"
"Bit Heroes","2754","Bit Heroes","2854620","291600","180","11","290","5","0","9.79","Bit Heroes"
"Trine 2","2755","Trine 2","2848860","357300","2129","8","1318","5","0","7.97","Trine 2"
"Peekaboo","2756","Peekaboo","2845200","29220","23497","7","174","5","0","97.37","Peekaboo"
"Tomodachi Life","2757","Tomodachi Life","2842440","93180","6567","4","205","5","0","30.5","Tomodachi Life"
"Damned","2758","Damned","2841960","46320","20177","4","267","5","0","61.35","Damned"
"Tyranny","2759","Tyranny","2839920","225360","1196","5","556","5","0","12.6","Tyranny"
"Professor Layton and the Curious Village","2760","Professor Layton and the Curious Village","2833680","132900","1450","5","276","5","0","21.32","Professor Layton and the Curious Village"
"Dead Rising 4","2761","Dead Rising 4","2831760","610680","1595","24","3001","5","1","4.64","Dead Rising 4"
"Rescue HQ - The Tycoon","2762","Rescue HQ - The Tycoon","2830980","78660","18676","18","349","5","0","35.99","Rescue HQ - The Tycoon"
"Endless Space 2","2763","Endless Space 2","2829840","440460","1571","12","1074","5","0","6.42","Endless Space 2"
"K-Shoot Mania","2764","K-Shoot Mania","2826660","262920","4152","5","538","5","0","10.75","K-Shoot Mania"
"Sonic Adventure 2","2765","Sonic Adventure 2","2825520","282180","1865","7","1657","5","0","10.01","Sonic Adventure 2"
"Xenoblade Chronicles X","2766","Xenoblade Chronicles X","2824380","321180","1244","6","383","5","0","8.79","Xenoblade Chronicles X"
"Bloody Trapland 2: Curiosity","2767","Bloody Trapland 2: Curiosity","2823840","45360","5846","4","217","5","0","62.25","Bloody Trapland 2: Curiosity"
"Hard Time","2768","Hard Time","2823780","12600","5607","2","64","5","0","224.11","Hard Time"
"Barbie Game Girl","2769","Barbie Game Girl","2823300","16260","28364","11","66","5","0","173.63","Barbie Game Girl"
"Bubble Bobble 4 Friends","2770","Bubble Bobble 4 Friends","2823240","5940","13706","2","42","5","0","475.29","Bubble Bobble 4 Friends"
"The Idolmaster: Shiny Colors","2771","The Idolmaster: Shiny Colors","2822400","221280","1145","11","296","5","0","12.75","The Idolmaster: Shiny Colors"
"Wonder Boy: The Dragon's Trap","2772","Wonder Boy: The Dragon's Trap","2815740","131460","2894","6","610","5","0","21.42","Wonder Boy: The Dragon's Trap"
"Braid","2773","Braid","2815740","84420","2402","3","383","5","0","33.35","Braid"
"Dust: An Elysian Tail","2774","Dust: An Elysian Tail","2812920","328020","3672","7","890","5","0","8.58","Dust: An Elysian Tail"
"Super Mario Kart","2775","Super Mario Kart","2812200","189960","9112","7","1048","5","0","14.8","Super Mario Kart"
"Command & Conquer: Red Alert","2776","Command & Conquer: Red Alert","2807220","233220","3840","4","276","5","0","12.04","Command & Conquer: Red Alert"
"Shadowrun","2777","Shadowrun","2806320","154380","11373","6","212","5","0","18.18","Shadowrun"
"Pizza Game","2778","Pizza Game","2803620","28920","9031","5","117","5","0","96.94","Pizza Game"
"Audica","2779","Audica","2802900","211740","8742","23","1010","5","0","13.24","Audica"
"Metal Gear Solid: The Legacy Collection 1987-2012","2780","Metal Gear Solid: The Legacy Collection 1987-2012","2802600","19380","1935","2","34","5","0","144.61","Metal Gear Solid: The Legacy Collection 1987-2012"
"Mafia LIVE!","2781","Mafia LIVE!","2798460","56160","1296","6","85","5","0","49.83","Mafia LIVE!"
"Project Nightmares","2782","Project Nightmares","2796900","35820","5225","3","254","5","0","78.08","Project Nightmares"
"Mount & Blade II: Bannerlord","2783","Mount & Blade II: Bannerlord","2795400","138060","6643","12","492","5","0","20.25","Mount & Blade II: Bannerlord"
"Spyro: Year of the Dragon","2784","Spyro: Year of the Dragon","2794560","222780","5633","5","358","5","0","12.54","Spyro: Year of the Dragon"
"MapleStory M","2785","MapleStory M","2794020","250440","3427","6","270","5","0","11.16","MapleStory M"
"Need for Speed: Most Wanted","2786","Need for Speed: Most Wanted","2792640","325680","8141","7","2049","5","0","8.57","Need for Speed: Most Wanted"
"Spyro: Enter the Dragonfly","2787","Spyro: Enter the Dragonfly","2791380","32340","14062","6","109","5","0","86.31","Spyro: Enter the Dragonfly"
"Faeria","2788","Faeria","2791080","281340","417","5","298","5","0","9.92","Faeria"
"Clam Man","2789","Clam Man","2790540","3540","17443","4","19","5","0","788.29","Clam Man"
"Project Justice","2790","Project Justice","2789220","12540","9562","2","62","5","0","222.43","Project Justice"
"Emily is Away","2791","Emily is Away","2785860","42000","26369","3","361","5","0","66.33","Emily is Away"
"Out of The Box","2792","Out of The Box","2781600","10200","13698","2","47","5","0","272.71","Out of The Box"
"Zelda: The Wand of Gamelon","2793","Zelda: The Wand of Gamelon","2779740","10800","10807","2","42","5","0","257.38","Zelda: The Wand of Gamelon"
"Dr. Mario","2794","Dr. Mario","2779740","157380","9333","8","427","5","0","17.66","Dr. Mario"
"Another Eden","2795","Another Eden","2778240","306540","468","10","338","5","0","9.06","Another Eden"
"Fable III","2796","Fable III","2772480","405960","1622","6","1185","5","0","6.83","Fable III"
"Call of Juarez: Gunslinger","2797","Call of Juarez: Gunslinger","2770020","138960","3302","4","675","5","0","19.93","Call of Juarez: Gunslinger"
"Dungeon Crawl Stone Soup","2798","Dungeon Crawl Stone Soup","2769900","269880","909","6","255","5","0","10.26","Dungeon Crawl Stone Soup"
"Space Channel 5: Part 2","2799","Space Channel 5: Part 2","2767800","63060","4326","3","397","5","0","43.89","Space Channel 5: Part 2"
"Zero Time Dilemma","2800","Zero Time Dilemma","2766420","247020","591","6","340","5","0","11.2","Zero Time Dilemma"