"","","Game","Watch time","Stream time","Peak viewers","Peak channels","Streamers","Average viewers","Average channels","Average viewer ratio",""
"I Am Fish","1601","I Am Fish","7770780","23700","24219","5","240","14","0","327.88","I Am Fish"
"City Car Driving","1602","City Car Driving","7765740","126720","13069","5","789","14","0","61.28","City Car Driving"
"Super Monkey Ball 2","1603","Super Monkey Ball 2","7740900","402480","5935","8","670","14","0","19.23","Super Monkey Ball 2"
"Vectorman","1604","Vectorman","7737540","12480","103621","9","72","14","0","620","Vectorman"
"MotoGP 19","1605","MotoGP 19","7726620","348120","2300","23","1231","14","0","22.2","MotoGP 19"
"Armello","1606","Armello","7715160","673320","6341","21","2229","14","1","11.46","Armello"
"World of Final Fantasy","1607","World of Final Fantasy","7700580","1155240","503","16","2066","14","2","6.67","World of Final Fantasy"
"Tools Up!","1608","Tools Up!","7699080","30600","27709","8","238","14","0","251.6","Tools Up!"
"Worlds Adrift","1609","Worlds Adrift","7696560","635040","5947","22","1058","14","1","12.12","Worlds Adrift"
"Star Wars: Episode I - The Phantom Menace","1610","Star Wars: Episode I - The Phantom Menace","7691220","30960","88206","7","86","14","0","248.42","Star Wars: Episode I - The Phantom Menace"
"Tales of Symphonia","1611","Tales of Symphonia","7690740","807240","1171","11","1261","14","1","9.53","Tales of Symphonia"
"Hulu Has Live Sports '20: The Video Game","1612","Hulu Has Live Sports '20: The Video Game","7674120","10920","12637","5","170","14","0","702.76","Hulu Has Live Sports '20: The Video Game"
"Dragon Quest Walk","1613","Dragon Quest Walk","7666260","15000","1139","2","9","14","0","511.08","Dragon Quest Walk"
"Anime Land","1614","Anime Land","7660920","740160","5850","8","1088","14","1","10.35","Anime Land"
"Horace","1615","Horace","7658100","82200","4793","6","159","14","0","93.16","Horace"
"Project Highrise","1616","Project Highrise","7650000","124380","15085","11","493","14","0","61.51","Project Highrise"
"Warsaw","1617","Warsaw","7646940","70620","5003","35","254","14","0","108.28","Warsaw"
"Tony Hawk's Pro Skater 2","1618","Tony Hawk's Pro Skater 2","7640100","84240","13686","3","415","14","0","90.69","Tony Hawk's Pro Skater 2"
"Train Simulator 2019","1619","Train Simulator 2019","7623960","697740","3070","12","1060","14","1","10.93","Train Simulator 2019"
"Death Road to Canada","1620","Death Road to Canada","7623240","515880","2169","12","1965","14","0","14.78","Death Road to Canada"
"Borderlands: The Handsome Collection","1621","Borderlands: The Handsome Collection","7613700","3916020","1484","107","34998","14","7","1.94","Borderlands: The Handsome Collection"
"The Occupation","1622","The Occupation","7608600","101820","10223","34","477","14","0","74.73","The Occupation"
"Half-Life 2: Episode One","1623","Half-Life 2: Episode One","7607940","221760","11123","6","1124","14","0","34.31","Half-Life 2: Episode One"
"DmC Devil May Cry","1624","DmC Devil May Cry","7593780","538080","10810","18","2287","14","1","14.11","DmC Devil May Cry"
"Palmyra Orphanage","1625","Palmyra Orphanage","7584780","143700","8621","8","983","14","0","52.78","Palmyra Orphanage"
"Angels of Death","1626","Angels of Death","7581120","139680","5217","4","420","14","0","54.27","Angels of Death"
"This Land Is My Land","1627","This Land Is My Land","7579500","224400","29042","12","419","14","0","33.78","This Land Is My Land"
"Warhammer 40,000: Dawn of War - Soulstorm","1628","Warhammer 40,000: Dawn of War - Soulstorm","7578000","403740","4460","7","994","14","0","18.77","Warhammer 40,000: Dawn of War - Soulstorm"
"Virtual Reality","1629","Virtual Reality","7552680","514380","7205","13","947","14","0","14.68","Virtual Reality"
"Fist of the North Star","1630","Fist of the North Star","7548840","193800","2678","7","345","14","0","38.95","Fist of the North Star"
"The Legend of Zelda: Majora's Mask 3D","1631","The Legend of Zelda: Majora's Mask 3D","7547580","231960","3979","5","336","14","0","32.54","The Legend of Zelda: Majora's Mask 3D"
"No More Heroes","1632","No More Heroes","7546380","110520","6805","5","217","14","0","68.28","No More Heroes"
"RISK: Factions","1633","RISK: Factions","7528500","37500","29985","5","160","14","0","200.76","RISK: Factions"
"Araya","1634","Araya","7527840","116040","13127","4","485","14","0","64.87","Araya"
"Tales of Zestiria","1635","Tales of Zestiria","7526820","623100","19595","9","1098","14","1","12.08","Tales of Zestiria"
"Illusion of Gaia","1636","Illusion of Gaia","7525860","235500","19349","6","244","14","0","31.96","Illusion of Gaia"
"Recettear: An Item Shop's Tale","1637","Recettear: An Item Shop's Tale","7525200","186420","4353","4","454","14","0","40.37","Recettear: An Item Shop's Tale"
"Veterans Online","1638","Veterans Online","7490880","56640","6006","6","136","14","0","132.25","Veterans Online"
"Stone Story RPG","1639","Stone Story RPG","7489920","53460","11187","8","166","14","0","140.1","Stone Story RPG"
"Refunct","1640","Refunct","7488120","170400","17717","8","737","14","0","43.94","Refunct"
"Faith","1641","Faith","7470300","70440","13491","13","430","14","0","106.05","Faith"
"Glover","1642","Glover","7465860","119220","106830","11","172","14","0","62.62","Glover"
"The Wild Eight","1643","The Wild Eight","7464360","303360","14562","16","1096","14","0","24.61","The Wild Eight"
"Princess Maker 5","1644","Princess Maker 5","7464240","30120","2549","2","60","14","0","247.82","Princess Maker 5"
"Game of War: Fire Age","1645","Game of War: Fire Age","7438560","40260","1234","2","10","14","0","184.76","Game of War: Fire Age"
"Into the Breach","1646","Into the Breach","7438380","560760","6230","13","2114","14","1","13.26","Into the Breach"
"Steins;Gate","1647","Steins;Gate","7431600","230580","5321","5","399","14","0","32.23","Steins;Gate"
"Klonoa: Door to Phantomile","1648","Klonoa: Door to Phantomile","7403160","68400","111093","15","211","14","0","108.23","Klonoa: Door to Phantomile"
"Creed: Rise to Glory","1649","Creed: Rise to Glory","7397520","68160","7945","5","1165","14","0","108.53","Creed: Rise to Glory"
"Torchlight III","1650","Torchlight III","7393560","298920","7568","53","690","14","0","24.73","Torchlight III"
"Genesis Alpha One","1651","Genesis Alpha One","7387980","380340","21963","28","1042","14","0","19.42","Genesis Alpha One"
"Cat Quest II","1652","Cat Quest II","7386960","256980","30589","22","953","14","0","28.75","Cat Quest II"
"Life is Feudal: MMO","1653","Life is Feudal: MMO","7381680","1034640","1410","25","937","14","1","7.13","Life is Feudal: MMO"
"Doraemon Story of Seasons","1654","Doraemon Story of Seasons","7378680","219540","6873","20","400","14","0","33.61","Doraemon Story of Seasons"
"Honor of Kings","1655","Honor of Kings","7376280","195000","1824","6","42","14","0","37.83","Honor of Kings"
"Super Mario 3D World","1656","Super Mario 3D World","7370880","355920","1357","9","1138","14","0","20.71","Super Mario 3D World"
"Hatsune Miku: Project Diva Future Tone","1657","Hatsune Miku: Project Diva Future Tone","7366320","1287480","3140","12","2781","14","2","5.72","Hatsune Miku: Project Diva Future Tone"
"Capcom vs. SNK 2: Mark of the Millennium","1658","Capcom vs. SNK 2: Mark of the Millennium","7354740","107340","9526","4","297","13","0","68.52","Capcom vs. SNK 2: Mark of the Millennium"
"Max Payne 2: The Fall of Max Payne","1659","Max Payne 2: The Fall of Max Payne","7348800","270360","5298","5","983","13","0","27.18","Max Payne 2: The Fall of Max Payne"
"ChronoArk","1660","ChronoArk","7314240","29460","14149","8","80","13","0","248.28","ChronoArk"
"Kid Icarus: Uprising","1661","Kid Icarus: Uprising","7307700","22920","7220","2","60","13","0","318.84","Kid Icarus: Uprising"
"Mafia III","1662","Mafia III","7307460","2123760","6287","19","6870","13","4","3.44","Mafia III"
"Draugen","1663","Draugen","7297260","137160","18855","23","734","13","0","53.2","Draugen"
"Praey for the Gods","1664","Praey for the Gods","7293960","65640","26321","50","393","13","0","111.12","Praey for the Gods"
"Infestation","1665","Infestation","7290180","56820","7015","14","157","13","0","128.3","Infestation"
"Deus Ex: Mankind Divided","1666","Deus Ex: Mankind Divided","7287300","1059720","3946","11","3930","13","2","6.88","Deus Ex: Mankind Divided"
"Final Fantasy X-2","1667","Final Fantasy X-2","7278600","169080","17056","6","226","13","0","43.05","Final Fantasy X-2"
"Michigan: Report from Hell","1668","Michigan: Report from Hell","7274280","20700","7146","2","66","13","0","351.41","Michigan: Report from Hell"
"TV Station Manager","1669","TV Station Manager","7270800","2420880","4440","11","112","13","4","3","TV Station Manager"
"Rune II","1670","Rune II","7268160","121680","8017","20","524","13","0","59.73","Rune II"
"Wakfu","1671","Wakfu","7251900","965220","933","13","1314","13","1","7.51","Wakfu"
"Words On Stream","1672","Words On Stream","7242300","246060","8201","11","1014","13","0","29.43","Words On Stream"
"Gloomhaven","1673","Gloomhaven","7221840","268440","5454","27","629","13","0","26.9","Gloomhaven"
"Digimon World","1674","Digimon World","7205100","326220","7275","9","435","13","0","22.09","Digimon World"
"New Super Mario Bros. Wii","1675","New Super Mario Bros. Wii","7201680","356820","50914","8","999","13","0","20.18","New Super Mario Bros. Wii"
"Half-Life 2: Episode Two","1676","Half-Life 2: Episode Two","7199400","258540","6714","6","972","13","0","27.85","Half-Life 2: Episode Two"
"Automachef","1677","Automachef","7198860","159720","4417","14","673","13","0","45.07","Automachef"
"Superhot","1678","Superhot","7187220","645420","21641","30","7114","13","1","11.14","Superhot"
"Spacelords","1679","Spacelords","7184220","1375080","401","13","2212","13","2","5.22","Spacelords"
"BlackOut","1680","BlackOut","7183080","472980","28338","9","1016","13","0","15.19","BlackOut"
"Crying Suns","1681","Crying Suns","7182780","151620","9274","22","471","13","0","47.37","Crying Suns"
"Star Wars: The Force Unleashed","1682","Star Wars: The Force Unleashed","7174500","483120","8636","22","2242","13","0","14.85","Star Wars: The Force Unleashed"
"Software Inc","1683","Software Inc","7173600","131340","1243","5","305","13","0","54.62","Software Inc"
"Heroes of Might and Magic V: Hammers of Fate","1684","Heroes of Might and Magic V: Hammers of Fate","7164120","42840","6291","3","63","13","0","167.23","Heroes of Might and Magic V: Hammers of Fate"
"Kingdom Hearts: Birth by Sleep","1685","Kingdom Hearts: Birth by Sleep","7152060","645540","10739","20","1236","13","1","11.08","Kingdom Hearts: Birth by Sleep"
"Super Castlevania IV","1686","Super Castlevania IV","7150080","267180","5764","8","773","13","0","26.76","Super Castlevania IV"
"Diablo: Hellfire","1687","Diablo: Hellfire","7148280","80100","12996","5","189","13","0","89.24","Diablo: Hellfire"
"Cat Bird","1688","Cat Bird","7147620","12840","96594","8","48","13","0","556.67","Cat Bird"
"Fire Emblem: Fuuin no Tsurugi","1689","Fire Emblem: Fuuin no Tsurugi","7139400","180900","16117","4","236","13","0","39.47","Fire Emblem: Fuuin no Tsurugi"
"The Room Two","1690","The Room Two","7127520","277440","6080","7","1381","13","0","25.69","The Room Two"
"Warcraft III: Reforged","1691","Warcraft III: Reforged","7104900","29640","46778","31","127","13","0","239.71","Warcraft III: Reforged"
"Food","1692","Food","7101240","119340","9517","5","866","13","0","59.5","Food"
"Dragon Quest X: Mezameshi Itsutsu no Shuzoku Online","1693","Dragon Quest X: Mezameshi Itsutsu no Shuzoku Online","7075260","411780","1465","8","256","13","0","17.18","Dragon Quest X: Mezameshi Itsutsu no Shuzoku Online"
"Fire Emblem: Radiant Dawn","1694","Fire Emblem: Radiant Dawn","7068360","394920","1384","8","334","13","0","17.9","Fire Emblem: Radiant Dawn"
"Feudal Alloy","1695","Feudal Alloy","7066320","90000","28282","25","409","13","0","78.51","Feudal Alloy"
"SnakeyBus","1696","SnakeyBus","7064220","42240","30325","6","373","13","0","167.24","SnakeyBus"
"Awesomenauts","1697","Awesomenauts","7055340","792360","588","10","1140","13","1","8.9","Awesomenauts"
"Total War: Rome II","1698","Total War: Rome II","7052280","1357920","1047","15","2882","13","2","5.19","Total War: Rome II"
"Iconoclasts","1699","Iconoclasts","7042080","418320","10222","11","1191","13","0","16.83","Iconoclasts"
"Last Day of June","1700","Last Day of June","7035180","417720","4151","38","2575","13","0","16.84","Last Day of June"