"","","Game","Watch time","Stream time","Peak viewers","Peak channels","Streamers","Average viewers","Average channels","Average viewer ratio",""
"Haydee","3601","Haydee","1623240","29580","9229","2","125","3","0","54.88","Haydee"
"The Four Kings Casino & Slots","3602","The Four Kings Casino & Slots","1623180","89280","1325","4","895","3","0","18.18","The Four Kings Casino & Slots"
"Mad Father","3603","Mad Father","1622040","175440","485","6","696","3","0","9.25","Mad Father"
"Metroid II: Return of Samus","3604","Metroid II: Return of Samus","1621200","167220","821","5","356","3","0","9.7","Metroid II: Return of Samus"
"New Super Mario Bros.","3605","New Super Mario Bros.","1621080","225240","334","6","451","3","0","7.2","New Super Mario Bros."
"No Players Online","3606","No Players Online","1619820","10980","4717","5","121","3","0","147.52","No Players Online"
"Sherlock Holmes: Crimes & Punishments","3607","Sherlock Holmes: Crimes & Punishments","1618200","55200","3129","4","187","3","0","29.32","Sherlock Holmes: Crimes & Punishments"
"The Typing of the Dead","3608","The Typing of the Dead","1618020","20520","16306","6","118","3","0","78.85","The Typing of the Dead"
"Pokémon Rumble","3609","Pokémon Rumble","1617300","87240","634","5","165","3","0","18.54","Pokémon Rumble"
"Tomodachi Collection","3610","Tomodachi Collection","1615980","8340","1732","1","25","3","0","193.76","Tomodachi Collection"
"Universe Sandbox²","3611","Universe Sandbox²","1615440","84060","5021","4","577","3","0","19.22","Universe Sandbox²"
"Momotaro Dentetsu 16","3612","Momotaro Dentetsu 16","1613760","600","5486","1","2","3","0","2689.6","Momotaro Dentetsu 16"
"Boogeyman","3613","Boogeyman","1613700","21540","21152","3","155","3","0","74.92","Boogeyman"
"Tomb Raider: Chronicles","3614","Tomb Raider: Chronicles","1613700","94740","596","3","118","3","0","17.03","Tomb Raider: Chronicles"
"A Bastard's Tale","3615","A Bastard's Tale","1611960","18840","3284","2","110","3","0","85.56","A Bastard's Tale"
"With Your Destiny","3616","With Your Destiny","1611180","104400","1283","5","104","3","0","15.43","With Your Destiny"
"Lost Orbit","3617","Lost Orbit","1610940","2340","16445","2","17","3","0","688.44","Lost Orbit"
"Decay: The Mare - Episode 1","3618","Decay: The Mare - Episode 1","1610280","29760","4894","3","184","3","0","54.11","Decay: The Mare - Episode 1"
"Oni","3619","Oni","1610100","64920","7120","4","140","3","0","24.8","Oni"
"Nintendogs","3620","Nintendogs","1607820","13080","20121","8","70","3","0","122.92","Nintendogs"
"Tower of Time","3621","Tower of Time","1606800","94740","1119","5","208","3","0","16.96","Tower of Time"
"Maize","3622","Maize","1606080","58140","2003","3","237","3","0","27.62","Maize"
"Tenchu: Wrath of Heaven","3623","Tenchu: Wrath of Heaven","1605480","37860","1580","2","110","3","0","42.41","Tenchu: Wrath of Heaven"
"CART Racing","3624","CART Racing","1604280","7620","14101","3","58","3","0","210.54","CART Racing"
"Space Hulk: Tactics","3625","Space Hulk: Tactics","1604280","36000","2863","2","146","3","0","44.56","Space Hulk: Tactics"
"Contra: Hard Corps","3626","Contra: Hard Corps","1604220","43080","7029","2","155","3","0","37.24","Contra: Hard Corps"
"Phantom Rose","3627","Phantom Rose","1603920","30780","5712","12","145","3","0","52.11","Phantom Rose"
"Neverending Nightmares","3628","Neverending Nightmares","1602480","71940","1247","4","434","3","0","22.28","Neverending Nightmares"
"Ninja Warriors","3629","Ninja Warriors","1599900","7800","8710","2","32","3","0","205.12","Ninja Warriors"
"Onimusha: Dawn of Dreams","3630","Onimusha: Dawn of Dreams","1599000","58260","8778","2","57","3","0","27.45","Onimusha: Dawn of Dreams"
"The Simpsons Game","3631","The Simpsons Game","1598880","42180","12729","3","115","3","0","37.91","The Simpsons Game"
"Reading Simulator","3632","Reading Simulator","1595460","21660","3310","2","86","3","0","73.66","Reading Simulator"
"Mitsumete Knight","3633","Mitsumete Knight","1595280","5160","2318","2","4","3","0","309.16","Mitsumete Knight"
"Devil May Cry 1 - HD","3634","Devil May Cry 1 - HD","1594440","121440","1294","4","403","3","0","13.13","Devil May Cry 1 - HD"
"Fibrillation","3635","Fibrillation","1592760","5220","12277","2","34","3","0","305.13","Fibrillation"
"Nevermind","3636","Nevermind","1592040","37320","3779","3","146","3","0","42.66","Nevermind"
"White Album","3637","White Album","1591440","1800","3180","1","6","3","0","884.13","White Album"
"Cookie Clicker","3638","Cookie Clicker","1591320","273060","7175","4","658","3","0","5.83","Cookie Clicker"
"World of Kings","3639","World of Kings","1591080","308340","617","21","378","3","0","5.16","World of Kings"
"Storm Area 51: September 20th 2019","3640","Storm Area 51: September 20th 2019","1590180","6120","25367","3","64","3","0","259.83","Storm Area 51: September 20th 2019"
"Hell Warders","3641","Hell Warders","1589160","30420","21099","4","144","3","0","52.24","Hell Warders"
"Light Crusader","3642","Light Crusader","1588800","12960","5162","2","30","3","0","122.59","Light Crusader"
"QuizQuizQuiz","3643","QuizQuizQuiz","1587420","9300","6694","2","38","3","0","170.69","QuizQuizQuiz"
"X-COM: Terror from the Deep","3644","X-COM: Terror from the Deep","1587180","104460","2072","3","56","3","0","15.19","X-COM: Terror from the Deep"
"Life Lessons","3645","Life Lessons","1586160","65880","107","2","18","3","0","24.08","Life Lessons"
"Skul","3646","Skul","1584720","18120","4388","4","162","3","0","87.46","Skul"
"Conker: Live & Reloaded","3647","Conker: Live & Reloaded","1582680","50400","2768","2","143","3","0","31.4","Conker: Live & Reloaded"
"How Visual Novels Changed My Life","3648","How Visual Novels Changed My Life","1582140","9720","610","1","15","3","0","162.77","How Visual Novels Changed My Life"
"Let's Sing 2019","3649","Let's Sing 2019","1580580","4320","9182","1","30","3","0","365.88","Let's Sing 2019"
"Mystery Dungeon: Shiren the Wanderer","3650","Mystery Dungeon: Shiren the Wanderer","1580580","100380","296","2","40","3","0","15.75","Mystery Dungeon: Shiren the Wanderer"
"Nobunaga's Ambition","3651","Nobunaga's Ambition","1579260","3660","1252","1","6","3","0","431.49","Nobunaga's Ambition"
"SNK HEROINES Tag Team Frenzy","3652","SNK HEROINES Tag Team Frenzy","1578540","28440","6762","2","168","3","0","55.5","SNK HEROINES Tag Team Frenzy"
"Roah","3653","Roah","1577280","24060","1188","9","32","3","0","65.56","Roah"
"Tom Clancy's Rainbow Six: Vegas","3654","Tom Clancy's Rainbow Six: Vegas","1576680","690300","519","10","3859","3","1","2.28","Tom Clancy's Rainbow Six: Vegas"
"I Have No Mouth, and I Must Scream","3655","I Have No Mouth, and I Must Scream","1576500","54180","1759","3","163","2","0","29.1","I Have No Mouth, and I Must Scream"
"Dante's Inferno","3656","Dante's Inferno","1576320","163800","885","5","785","2","0","9.62","Dante's Inferno"
"The Ship","3657","The Ship","1575120","32160","7997","7","231","2","0","48.98","The Ship"
"Dungeon Keeper 2","3658","Dungeon Keeper 2","1573440","81840","1177","3","195","2","0","19.23","Dungeon Keeper 2"
"Train Simulator 2020","3659","Train Simulator 2020","1572960","138420","232","8","359","2","0","11.36","Train Simulator 2020"
"Mega Man Network Transmission","3660","Mega Man Network Transmission","1572540","25860","13828","4","62","2","0","60.81","Mega Man Network Transmission"
"Super Friends Party","3661","Super Friends Party","1572300","13080","20276","7","118","2","0","120.21","Super Friends Party"
"Bushido Blade 2","3662","Bushido Blade 2","1572180","3900","10297","2","31","2","0","403.12","Bushido Blade 2"
"Space Channel 5","3663","Space Channel 5","1572120","14460","7965","2","104","2","0","108.72","Space Channel 5"
"Guitar Hero Live","3664","Guitar Hero Live","1571520","74460","6964","3","438","2","0","21.11","Guitar Hero Live"
"The Swords of Ditto","3665","The Swords of Ditto","1570920","214020","2996","9","976","2","0","7.34","The Swords of Ditto"
"Planet Alpha","3666","Planet Alpha","1569180","74040","2440","6","350","2","0","21.19","Planet Alpha"
"Schlag den Raab","3667","Schlag den Raab","1568400","2400","3296","1","10","2","0","653.5","Schlag den Raab"
"World Flipper","3668","World Flipper","1566900","69060","657","10","158","2","0","22.69","World Flipper"
"I'm Only Sleeping","3669","I'm Only Sleeping","1566840","44400","1734","3","87","2","0","35.29","I'm Only Sleeping"
"Tokyo Mirage Sessions ♯FE","3670","Tokyo Mirage Sessions ♯FE","1563960","200700","517","5","196","2","0","7.79","Tokyo Mirage Sessions ♯FE"
"X-Men: Legends II - Rise of Apocalypse","3671","X-Men: Legends II - Rise of Apocalypse","1563540","23640","8636","2","36","2","0","66.14","X-Men: Legends II - Rise of Apocalypse"
"The King of Fighters '96","3672","The King of Fighters '96","1561380","13320","9531","2","45","2","0","117.22","The King of Fighters '96"
"Wii Music","3673","Wii Music","1561320","9720","5131","2","43","2","0","160.63","Wii Music"
"Thief: The Dark Project","3674","Thief: The Dark Project","1557900","210780","376","4","262","2","0","7.39","Thief: The Dark Project"
"Space Engine","3675","Space Engine","1557420","67320","3670","4","284","2","0","23.13","Space Engine"
"Judgment: Apocalypse Survival Simulation","3676","Judgment: Apocalypse Survival Simulation","1556940","86280","2133","4","214","2","0","18.05","Judgment: Apocalypse Survival Simulation"
"Robot Vacuum Simulator 2013","3677","Robot Vacuum Simulator 2013","1556220","720","16123","3","8","2","0","2161.42","Robot Vacuum Simulator 2013"
"Dai Gyakuten Saiban: Naruhodou Ryuunosuke no Bouken","3678","Dai Gyakuten Saiban: Naruhodou Ryuunosuke no Bouken","1554840","80880","309","5","71","2","0","19.22","Dai Gyakuten Saiban: Naruhodou Ryuunosuke no Bouken"
"Axis & Allies 1942 Online","3679","Axis & Allies 1942 Online","1554240","20340","2932","5","81","2","0","76.41","Axis & Allies 1942 Online"
"Little Witch Academia: Toki no Maho to Nana Fushigi","3680","Little Witch Academia: Toki no Maho to Nana Fushigi","1553760","75720","2815","2","232","2","0","20.52","Little Witch Academia: Toki no Maho to Nana Fushigi"
"Risen 2: Dark Waters","3681","Risen 2: Dark Waters","1553640","149760","4450","6","180","2","0","10.37","Risen 2: Dark Waters"
"Warhammer 40,000: Dawn of War - Dark Crusade","3682","Warhammer 40,000: Dawn of War - Dark Crusade","1553400","160800","5374","4","454","2","0","9.66","Warhammer 40,000: Dawn of War - Dark Crusade"
"Yo! Noid","3683","Yo! Noid","1552800","29580","9501","3","97","2","0","52.49","Yo! Noid"
"Prismata","3684","Prismata","1551660","98820","999","3","92","2","0","15.7","Prismata"
"Pigeon Simulator","3685","Pigeon Simulator","1550640","18840","2231","4","220","2","0","82.31","Pigeon Simulator"
"All-Pro Football 2K8","3686","All-Pro Football 2K8","1549860","23220","9863","3","21","2","0","66.75","All-Pro Football 2K8"
"Derail Valley","3687","Derail Valley","1547280","78540","1377","4","220","2","0","19.7","Derail Valley"
"Thunder Rally","3688","Thunder Rally","1544100","3600","2727","1","4","2","0","428.92","Thunder Rally"
"XIII","3689","XIII","1543560","83520","2569","5","233","2","0","18.48","XIII"
"Gensou Skydrift","3690","Gensou Skydrift","1542960","11880","4017","3","80","2","0","129.88","Gensou Skydrift"
"FIFA 12","3691","FIFA 12","1541760","14400","28189","2","63","2","0","107.07","FIFA 12"
"Animus - Stand Alone","3692","Animus - Stand Alone","1539900","6840","25835","3","44","2","0","225.13","Animus - Stand Alone"
"Layton's Mystery Journey: Katrielle and the Millionaires' Conspiracy","3693","Layton's Mystery Journey: Katrielle and the Millionaires' Conspiracy","1538160","91920","1289","8","213","2","0","16.73","Layton's Mystery Journey: Katrielle and the Millionaires' Conspiracy"
"Fear the Wolves","3694","Fear the Wolves","1537200","98520","8834","12","466","2","0","15.6","Fear the Wolves"
"Broken Reality","3695","Broken Reality","1535460","47880","1333","3","165","2","0","32.07","Broken Reality"
"Tacoma","3696","Tacoma","1534860","145800","9554","8","813","2","0","10.53","Tacoma"
"Starfinder","3697","Starfinder","1532640","208980","312","8","146","2","0","7.33","Starfinder"
"Enemy on Board","3698","Enemy on Board","1531860","47280","3763","8","96","2","0","32.4","Enemy on Board"
"198X","3699","198X","1528980","44820","2307","5","335","2","0","34.11","198X"
"The Beast Within: A Gabriel Knight Mystery","3700","The Beast Within: A Gabriel Knight Mystery","1528920","50700","556","3","81","2","0","30.16","The Beast Within: A Gabriel Knight Mystery"