"","","Game","Watch time","Stream time","Peak viewers","Peak channels","Streamers","Average viewers","Average channels","Average viewer ratio",""
"Scooby-Doo!: Night of 100 Frights","4701","Scooby-Doo!: Night of 100 Frights","880200","87180","825","3","163","1","0","10.1","Scooby-Doo!: Night of 100 Frights"
"Aliens Versus Predator","4702","Aliens Versus Predator","879600","139380","4517","5","387","1","0","6.31","Aliens Versus Predator"
"Rock Band","4703","Rock Band","879060","33720","2290","2","136","1","0","26.07","Rock Band"
"Blackbox","4704","Blackbox","879060","4020","542","1","7","1","0","218.67","Blackbox"
"Dance Central","4705","Dance Central","878220","7560","5493","2","34","1","0","116.17","Dance Central"
"Dragon Ball Z: Collectible Card Game","4706","Dragon Ball Z: Collectible Card Game","877860","16500","2853","2","24","1","0","53.2","Dragon Ball Z: Collectible Card Game"
"Mario & Luigi: Bowser's Inside Story","4707","Mario & Luigi: Bowser's Inside Story","875580","59400","3470","3","107","1","0","14.74","Mario & Luigi: Bowser's Inside Story"
"Barbie Magic Hair Styler","4708","Barbie Magic Hair Styler","874980","7620","2607","2","28","1","0","114.83","Barbie Magic Hair Styler"
"Armajet","4709","Armajet","874500","210900","162","5","297","1","0","4.15","Armajet"
"Miitopia","4710","Miitopia","873960","66240","1056","4","81","1","0","13.19","Miitopia"
"Dying Light 2","4711","Dying Light 2","873720","21120","17049","14","130","1","0","41.37","Dying Light 2"
"Mushihime-Sama","4712","Mushihime-Sama","873480","23160","3925","2","110","1","0","37.72","Mushihime-Sama"
"Lady Bug","4713","Lady Bug","873060","1800","29902","5","10","1","0","485.03","Lady Bug"
"Ymir","4714","Ymir","872100","63660","2307","6","130","1","0","13.7","Ymir"
"Unforeseen Incidents","4715","Unforeseen Incidents","871980","43560","515","2","80","1","0","20.02","Unforeseen Incidents"
"The Playroom","4716","The Playroom","870840","543660","1061","9","0","1","1","1.6","The Playroom"
"Last Will","4717","Last Will","870420","14160","3796","3","53","1","0","61.47","Last Will"
"Dreadnought","4718","Dreadnought","870000","315780","373","9","1002","1","0","2.76","Dreadnought"
"Risk II","4719","Risk II","869460","1860","1335","1","6","1","0","467.45","Risk II"
"Shantae","4720","Shantae","869160","40680","1556","2","79","1","0","21.37","Shantae"
"Pangya: Fantasy Golf","4721","Pangya: Fantasy Golf","868560","49860","2876","3","111","1","0","17.42","Pangya: Fantasy Golf"
"Super Robot Taisen OG: The Moon Dwellers","4722","Super Robot Taisen OG: The Moon Dwellers","867780","104520","364","4","69","1","0","8.3","Super Robot Taisen OG: The Moon Dwellers"
"Knights of Pen & Paper II","4723","Knights of Pen & Paper II","867720","52260","5184","4","198","1","0","16.6","Knights of Pen & Paper II"
"The Enigma Machine","4724","The Enigma Machine","866940","1260","7091","2","13","1","0","688.05","The Enigma Machine"
"Awareness Rooms","4725","Awareness Rooms","866760","51420","72","2","25","1","0","16.86","Awareness Rooms"
"Back to the Future Part II & III","4726","Back to the Future Part II & III","865560","2160","2072","1","4","1","0","400.72","Back to the Future Part II & III"
"Mad Skills Motocross 2","4727","Mad Skills Motocross 2","865500","18540","4110","2","8","1","0","46.68","Mad Skills Motocross 2"
"Wick","4728","Wick","865320","40080","1385","3","305","1","0","21.59","Wick"
"Phobia","4729","Phobia","864960","6300","4572","2","21","1","0","137.3","Phobia"
"Syphon Filter 3","4730","Syphon Filter 3","864840","14700","8870","2","35","1","0","58.83","Syphon Filter 3"
"Star Trek: Bridge Commander","4731","Star Trek: Bridge Commander","864240","7140","2057","2","38","1","0","121.04","Star Trek: Bridge Commander"
"Otogirisou","4732","Otogirisou","864060","2580","1895","1","13","1","0","334.91","Otogirisou"
"Moon","4733","Moon","863820","23040","723","7","50","1","0","37.49","Moon"
"Computer War","4734","Computer War","863760","1620","4866","1","5","1","0","533.19","Computer War"
"Farming Simulator 18","4735","Farming Simulator 18","863580","5820","7652","1","35","1","0","148.38","Farming Simulator 18"
"Gravitas","4736","Gravitas","863280","42720","14733","5","464","1","0","20.21","Gravitas"
"Golden Axe","4737","Golden Axe","863040","39960","5637","4","219","1","0","21.6","Golden Axe"
"Pressured","4738","Pressured","861900","360","4536","1","2","1","0","2394.17","Pressured"
"CASE: Animatronics","4739","CASE: Animatronics","861840","91380","5717","3","645","1","0","9.43","CASE: Animatronics"
"Team Fortress Classic","4740","Team Fortress Classic","861720","142500","2559","5","130","1","0","6.05","Team Fortress Classic"
"Alien: Blackout","4741","Alien: Blackout","861420","6660","4863","3","55","1","0","129.34","Alien: Blackout"
"Test Drive Unlimited","4742","Test Drive Unlimited","861120","134040","1001","4","499","1","0","6.42","Test Drive Unlimited"
"Ride to Hell: Retribution","4743","Ride to Hell: Retribution","860700","20040","2392","2","55","1","0","42.95","Ride to Hell: Retribution"
"BIT.TRIP Presents: Runner2: Future Legend of Rhythm Alien","4744","BIT.TRIP Presents: Runner2: Future Legend of Rhythm Alien","860580","19020","1250","2","132","1","0","45.25","BIT.TRIP Presents: Runner2: Future Legend of Rhythm Alien"
"Treadnauts","4745","Treadnauts","859440","10200","4537","3","47","1","0","84.26","Treadnauts"
"Sport Games","4746","Sport Games","858540","10200","11911","2","35","1","0","84.17","Sport Games"
"Alt-Frequencies","4747","Alt-Frequencies","858060","3660","4803","1","22","1","0","234.44","Alt-Frequencies"
"TimeShift","4748","TimeShift","857760","34680","11858","3","105","1","0","24.73","TimeShift"
"Styx: Master of Shadows","4749","Styx: Master of Shadows","857280","234900","458","5","645","1","0","3.65","Styx: Master of Shadows"
"Dokapon Kingdom","4750","Dokapon Kingdom","856980","197280","122","5","227","1","0","4.34","Dokapon Kingdom"
"Guild of Dungeoneering","4751","Guild of Dungeoneering","856560","87120","1598","3","356","1","0","9.83","Guild of Dungeoneering"
"Broken Sword: The Serpent's Curse","4752","Broken Sword: The Serpent's Curse","855780","70200","584","3","116","1","0","12.19","Broken Sword: The Serpent's Curse"
"Swag and Sorcery","4753","Swag and Sorcery","855060","62160","753","11","258","1","0","13.76","Swag and Sorcery"
"Pro Evolution Soccer 4","4754","Pro Evolution Soccer 4","854880","2460","8449","1","18","1","0","347.51","Pro Evolution Soccer 4"
"Policenauts","4755","Policenauts","854220","37860","732","3","68","1","0","22.56","Policenauts"
"Storm Boy: The Game","4756","Storm Boy: The Game","853320","2880","3909","1","24","1","0","296.29","Storm Boy: The Game"
"Cube Escape: Seasons","4757","Cube Escape: Seasons","852840","16080","5775","2","112","1","0","53.04","Cube Escape: Seasons"
"Legrand Legacy","4758","Legrand Legacy","852420","27780","1327","3","67","1","0","30.68","Legrand Legacy"
"SingStar","4759","SingStar","851460","14940","6224","3","72","1","0","56.99","SingStar"
"Alter Ego","4760","Alter Ego","850020","5040","3915","2","19","1","0","168.65","Alter Ego"
"The Sims: Makin' Magic","4761","The Sims: Makin' Magic","849780","16680","1450","2","68","1","0","50.95","The Sims: Makin' Magic"
"Desert Child","4762","Desert Child","848940","7860","8867","4","71","1","0","108.01","Desert Child"
"Eiyuu Densetsu: Zero no Kiseki","4763","Eiyuu Densetsu: Zero no Kiseki","847860","153360","148","3","77","1","0","5.53","Eiyuu Densetsu: Zero no Kiseki"
"Turkey Stuffin'","4764","Turkey Stuffin'","847620","1380","3690","1","6","1","0","614.22","Turkey Stuffin'"
"Densha de Go!","4765","Densha de Go!","847620","1080","14047","1","10","1","0","784.83","Densha de Go!"
"Blood Card","4766","Blood Card","847320","23640","1809","3","98","1","0","35.84","Blood Card"
"Syphon Filter","4767","Syphon Filter","847020","55560","1716","3","139","1","0","15.25","Syphon Filter"
"Submerged","4768","Submerged","846600","65280","2480","4","328","1","0","12.97","Submerged"
"Homeworld Remastered Collection","4769","Homeworld Remastered Collection","846480","144540","1024","6","431","1","0","5.86","Homeworld Remastered Collection"
"Dance of Death: Du Lac & Fey","4770","Dance of Death: Du Lac & Fey","845820","11640","1386","4","42","1","0","72.66","Dance of Death: Du Lac & Fey"
"Monopoly for Nintendo Switch","4771","Monopoly for Nintendo Switch","845760","33060","4516","4","127","1","0","25.58","Monopoly for Nintendo Switch"
"Exception","4772","Exception","844740","6000","7362","2","40","1","0","140.79","Exception"
"Dead or Alive Xtreme Beach Volleyball","4773","Dead or Alive Xtreme Beach Volleyball","844380","101220","2460","2","76","1","0","8.34","Dead or Alive Xtreme Beach Volleyball"
"SCP-087","4774","SCP-087","843780","25680","4623","2","247","1","0","32.86","SCP-087"
"Musynx","4775","Musynx","843480","182280","2541","5","775","1","0","4.63","Musynx"
"Guns of Boom","4776","Guns of Boom","841620","256860","264","5","688","1","0","3.28","Guns of Boom"
"The Settlers: Fourth Edition","4777","The Settlers: Fourth Edition","840600","37380","10700","3","77","1","0","22.49","The Settlers: Fourth Edition"
"Enderal: The Shards of Order","4778","Enderal: The Shards of Order","840480","87660","1649","5","164","1","0","9.59","Enderal: The Shards of Order"
"Fatty Bear's Birthday Surprise","4779","Fatty Bear's Birthday Surprise","840060","4740","5417","1","46","1","0","177.23","Fatty Bear's Birthday Surprise"
"Empire Earth","4780","Empire Earth","839940","76920","1382","3","154","1","0","10.92","Empire Earth"
"They Can't Stop All Of Us","4781","They Can't Stop All Of Us","839820","25080","6031","4","221","1","0","33.49","They Can't Stop All Of Us"
"Mortal Kombat Arcade Kollection","4782","Mortal Kombat Arcade Kollection","839520","32580","1281","3","113","1","0","25.77","Mortal Kombat Arcade Kollection"
"Driving Essentials","4783","Driving Essentials","839340","1740","4892","3","13","1","0","482.38","Driving Essentials"
"Corpse Party 2: Dead Patient","4784","Corpse Party 2: Dead Patient","838680","32100","1306","8","169","1","0","26.13","Corpse Party 2: Dead Patient"
"Viewtiful Joe","4785","Viewtiful Joe","837900","74400","1912","4","233","1","0","11.26","Viewtiful Joe"
"Gal*Gun 2","4786","Gal*Gun 2","837780","79260","3239","3","317","1","0","10.57","Gal*Gun 2"
"Snowboard Kids","4787","Snowboard Kids","837360","28200","3416","4","91","1","0","29.69","Snowboard Kids"
"WipEout Omega Collection","4788","WipEout Omega Collection","837180","116580","2492","10","2450","1","0","7.18","WipEout Omega Collection"
"Sam & Max Episode 1: Culture Shock","4789","Sam & Max Episode 1: Culture Shock","836820","16620","3130","2","89","1","0","50.35","Sam & Max Episode 1: Culture Shock"
"The Eternal Castle [Remastered]","4790","The Eternal Castle [Remastered]","836820","25560","2915","4","130","1","0","32.74","The Eternal Castle [Remastered]"
"Detroit","4791","Detroit","836160","9300","1017","2","58","1","0","89.91","Detroit"
"Kio's Adventure","4792","Kio's Adventure","836160","16440","1613","2","66","1","0","50.86","Kio's Adventure"
"Senran Kagura Peach Ball","4793","Senran Kagura Peach Ball","835380","32760","1715","5","174","1","0","25.5","Senran Kagura Peach Ball"
"Echo","4794","Echo","835080","101160","623","5","390","1","0","8.26","Echo"
"Earthfall","4795","Earthfall","834840","113460","950","9","588","1","0","7.36","Earthfall"
"LEGO Star Wars: The Force Awakens","4796","LEGO Star Wars: The Force Awakens","834300","220860","1095","9","1007","1","0","3.78","LEGO Star Wars: The Force Awakens"
"X-COM: Apocalypse","4797","X-COM: Apocalypse","832860","24120","982","2","25","1","0","34.53","X-COM: Apocalypse"
"Hurricane","4798","Hurricane","832800","44220","371","10","29","1","0","18.83","Hurricane"
"Bleed","4799","Bleed","832560","20640","7136","2","106","1","0","40.34","Bleed"
"Mega Man ZX Advent","4800","Mega Man ZX Advent","831360","17460","4054","2","55","1","0","47.62","Mega Man ZX Advent"