"","","Game","Watch time","Stream time","Peak viewers","Peak channels","Streamers","Average viewers","Average channels","Average viewer ratio",""
"Caliber","2601","Caliber","3167580","752640","665","24","1163","6","1","4.21","Caliber"
"Mario + Rabbids Kingdom Battle","2602","Mario + Rabbids Kingdom Battle","3162000","413820","899","8","973","6","0","7.64","Mario + Rabbids Kingdom Battle"
"Blue Stinger","2603","Blue Stinger","3161940","20220","9077","2","51","6","0","156.38","Blue Stinger"
"Sonic Adventure","2604","Sonic Adventure","3159480","258780","8799","24","1054","6","0","12.21","Sonic Adventure"
"Sven Co-Op","2605","Sven Co-Op","3158580","225300","5389","6","1198","6","0","14.02","Sven Co-Op"
"Sunset Overdrive","2606","Sunset Overdrive","3156300","501960","4262","9","2579","6","0","6.29","Sunset Overdrive"
"Undefeated","2607","Undefeated","3153060","40380","23995","6","536","5","0","78.08","Undefeated"
"Trapped","2608","Trapped","3152820","2040","26777","3","23","5","0","1545.5","Trapped"
"Dark Cloud","2609","Dark Cloud","3145980","402180","1293","6","1170","5","0","7.82","Dark Cloud"
"Production Line","2610","Production Line","3144900","79680","5230","6","258","5","0","39.47","Production Line"
"Demon's Crest","2611","Demon's Crest","3139560","80400","6290","6","258","5","0","39.05","Demon's Crest"
"Senran Kagura","2612","Senran Kagura","3138240","8820","11100","3","60","5","0","355.81","Senran Kagura"
"Mortal Kombat vs. DC Universe","2613","Mortal Kombat vs. DC Universe","3138060","9960","11938","2","39","5","0","315.07","Mortal Kombat vs. DC Universe"
"OMSI 2","2614","OMSI 2","3136620","599760","1290","10","1041","5","1","5.23","OMSI 2"
"Digimon Story: Cyber Sleuth","2615","Digimon Story: Cyber Sleuth","3136080","494820","597","37","1310","5","0","6.34","Digimon Story: Cyber Sleuth"
"Tom Clancy's Splinter Cell: Chaos Theory","2616","Tom Clancy's Splinter Cell: Chaos Theory","3134040","145080","3177","4","530","5","0","21.6","Tom Clancy's Splinter Cell: Chaos Theory"
"Castlevania: Legacy of Darkness","2617","Castlevania: Legacy of Darkness","3126720","88380","10312","3","127","5","0","35.38","Castlevania: Legacy of Darkness"
"Telekinetic","2618","Telekinetic","3125280","1020","25968","1","6","5","0","3064","Telekinetic"
"Warhammer 40,000: Inquisitor Martyr","2619","Warhammer 40,000: Inquisitor Martyr","3117960","484860","1551","13","1433","5","0","6.43","Warhammer 40,000: Inquisitor Martyr"
"Kards: The World War II Collectible Card Game","2620","Kards: The World War II Collectible Card Game","3115620","396420","2165","8","577","5","0","7.86","Kards: The World War II Collectible Card Game"
"Long Live the Queen","2621","Long Live the Queen","3111420","58380","3298","2","265","5","0","53.3","Long Live the Queen"
"Super Kirby Clash","2622","Super Kirby Clash","3111240","286320","7906","97","1512","5","0","10.87","Super Kirby Clash"
"Fallen Bird","2623","Fallen Bird","3108300","5640","5092","2","30","5","0","551.12","Fallen Bird"
"Burnout Paradise","2624","Burnout Paradise","3105540","398820","3819","8","2433","5","0","7.79","Burnout Paradise"
"Raw Danger","2625","Raw Danger","3104940","11520","4373","2","30","5","0","269.53","Raw Danger"
"Wiiwaa","2626","Wiiwaa","3100020","480","11335","3","4","5","0","6458.38","Wiiwaa"
"Loco Parentis","2627","Loco Parentis","3094680","41700","6854","5","189","5","0","74.21","Loco Parentis"
"Agent A: A Puzzle In Disguise","2628","Agent A: A Puzzle In Disguise","3089520","27240","5300","5","109","5","0","113.42","Agent A: A Puzzle In Disguise"
"Nier","2629","Nier","3088380","289980","1069","5","368","5","0","10.65","Nier"
"Deponia Doomsday","2630","Deponia Doomsday","3087360","157440","1707","5","287","5","0","19.61","Deponia Doomsday"
"Whispers of a Machine","2631","Whispers of a Machine","3086880","63900","2923","12","184","5","0","48.31","Whispers of a Machine"
"Mega Man 9","2632","Mega Man 9","3085320","169140","9678","5","260","5","0","18.24","Mega Man 9"
"Old School Musical","2633","Old School Musical","3084060","111480","2875","5","505","5","0","27.66","Old School Musical"
"Super Robot Taisen V","2634","Super Robot Taisen V","3081540","319200","13032","12","208","5","0","9.65","Super Robot Taisen V"
"Shining Force II","2635","Shining Force II","3077940","177120","2935","5","185","5","0","17.38","Shining Force II"
"Nidhogg II","2636","Nidhogg II","3076260","32940","21294","4","298","5","0","93.39","Nidhogg II"
"Ibb & Obb","2637","Ibb & Obb","3072840","148620","23983","6","717","5","0","20.68","Ibb & Obb"
"Cook, Serve, Delicious!","2638","Cook, Serve, Delicious!","3072240","94980","8858","3","496","5","0","32.35","Cook, Serve, Delicious!"
"Blitz: The League II","2639","Blitz: The League II","3071340","4500","4718","2","20","5","0","682.52","Blitz: The League II"
"ActRaiser","2640","ActRaiser","3066600","128940","2606","5","167","5","0","23.78","ActRaiser"
"Fitness Fun","2641","Fitness Fun","3062820","327480","1581","3","106","5","0","9.35","Fitness Fun"
"Finding Paradise","2642","Finding Paradise","3061920","215580","1200","5","692","5","0","14.2","Finding Paradise"
"DanMachi: Memoria Freese","2643","DanMachi: Memoria Freese","3061860","212280","450","8","257","5","0","14.42","DanMachi: Memoria Freese"
"John Wick Hex","2644","John Wick Hex","3060480","74400","18923","36","517","5","0","41.14","John Wick Hex"
"Total Overdose","2645","Total Overdose","3055020","24960","15115","4","109","5","0","122.4","Total Overdose"
"Wolfy","2646","Wolfy","3053100","89400","4904","5","499","5","0","34.15","Wolfy"
"Saints Row 2","2647","Saints Row 2","3048600","372840","2538","8","1198","5","0","8.18","Saints Row 2"
"Mega Man Battle Network 2","2648","Mega Man Battle Network 2","3045660","120420","3940","6","125","5","0","25.29","Mega Man Battle Network 2"
"Chrome","2649","Chrome","3044580","141240","17242","4","491","5","0","21.56","Chrome"
"Yaga","2650","Yaga","3042120","45000","2987","13","196","5","0","67.6","Yaga"
"Meeple Station","2651","Meeple Station","3041820","60060","27576","10","280","5","0","50.65","Meeple Station"
"Mario & Luigi: Superstar Saga","2652","Mario & Luigi: Superstar Saga","3039540","230580","3358","5","480","5","0","13.18","Mario & Luigi: Superstar Saga"
"WGT Golf","2653","WGT Golf","3037740","602820","182","7","148","5","1","5.04","WGT Golf"
"Last Origin","2654","Last Origin","3036840","300420","414","7","158","5","0","10.11","Last Origin"
"Jotun","2655","Jotun","3035820","245280","2010","19","1498","5","0","12.38","Jotun"
"Ninja Gaiden","2656","Ninja Gaiden","3033900","100380","6563","3","443","5","0","30.22","Ninja Gaiden"
"Andromalius","2657","Andromalius","3027360","15060","20297","2","124","5","0","201.02","Andromalius"
"Dragon Quest Builders","2658","Dragon Quest Builders","3027180","549060","313","10","1011","5","1","5.51","Dragon Quest Builders"
"Unforgiving: A Northern Hymn","2659","Unforgiving: A Northern Hymn","3026280","148140","2101","6","730","5","0","20.43","Unforgiving: A Northern Hymn"
"THE iDOLM@STER","2660","THE iDOLM@STER","3024540","95280","5575","2","78","5","0","31.74","THE iDOLM@STER"
"Babysitter Bloodbath","2661","Babysitter Bloodbath","3014940","6900","26669","2","48","5","0","436.95","Babysitter Bloodbath"
"Love","2662","Love","3013800","20160","33057","2","86","5","0","149.49","Love"
"Legend of Hero Tonma","2663","Legend of Hero Tonma","3013260","1080","43008","5","9","5","0","2790.06","Legend of Hero Tonma"
"Mortal Kombat: Deadly Alliance","2664","Mortal Kombat: Deadly Alliance","3012840","21540","10808","2","82","5","0","139.87","Mortal Kombat: Deadly Alliance"
"Tom Clancy's Splinter Cell","2665","Tom Clancy's Splinter Cell","3012840","273720","2496","6","768","5","0","11.01","Tom Clancy's Splinter Cell"
"Another Brick in the Mall","2666","Another Brick in the Mall","3010680","94680","5963","3","263","5","0","31.8","Another Brick in the Mall"
"Heroes of Might and Magic V","2667","Heroes of Might and Magic V","3010620","388620","483","7","706","5","0","7.75","Heroes of Might and Magic V"
"The Treehouse Man","2668","The Treehouse Man","3001560","10560","18723","4","38","5","0","284.24","The Treehouse Man"
"At the Gates","2669","At the Gates","3000360","23460","3985","9","79","5","0","127.89","At the Gates"
"Need for Speed World","2670","Need for Speed World","3000240","176400","8883","5","602","5","0","17.01","Need for Speed World"
"Pharaoh Rebirth","2671","Pharaoh Rebirth","2997780","6360","5106","1","14","5","0","471.35","Pharaoh Rebirth"
"Maelstrom","2672","Maelstrom","2995500","389820","4196","23","1072","5","0","7.68","Maelstrom"
"Haxball","2673","Haxball","2991900","150480","8100","4","741","5","0","19.88","Haxball"
"Dungeon Nightmares II : The Memory","2674","Dungeon Nightmares II : The Memory","2991660","26820","11363","2","170","5","0","111.55","Dungeon Nightmares II : The Memory"
"Monster Hunter 4 Ultimate","2675","Monster Hunter 4 Ultimate","2990820","143100","532","5","155","5","0","20.9","Monster Hunter 4 Ultimate"
"Lost Odyssey","2676","Lost Odyssey","2990640","230460","1558","6","307","5","0","12.98","Lost Odyssey"
"Robots","2677","Robots","2990100","32160","760","4","45","5","0","92.98","Robots"
"Prince of Persia: The Sands of Time","2678","Prince of Persia: The Sands of Time","2988660","295740","1386","6","827","5","0","10.11","Prince of Persia: The Sands of Time"
"Sword Art Online: Hollow Realization","2679","Sword Art Online: Hollow Realization","2985480","737040","1254","10","1990","5","1","4.05","Sword Art Online: Hollow Realization"
"Super Mario Land","2680","Super Mario Land","2981700","50580","6279","4","304","5","0","58.95","Super Mario Land"
"The Price is Right","2681","The Price is Right","2980740","11580","5667","2","25","5","0","257.4","The Price is Right"
"Resident Evil: Survivor","2682","Resident Evil: Survivor","2976480","44220","2602","2","167","5","0","67.31","Resident Evil: Survivor"
"Taiko no Tatsujin: Nintendo Switch Version","2683","Taiko no Tatsujin: Nintendo Switch Version","2976060","101640","7417","4","551","5","0","29.28","Taiko no Tatsujin: Nintendo Switch Version"
"Feather","2684","Feather","2975580","9360","24874","4","74","5","0","317.9","Feather"
"Prince of Persia Classic","2685","Prince of Persia Classic","2973540","17340","6952","3","69","5","0","171.48","Prince of Persia Classic"
"Firewall Zero Hour","2686","Firewall Zero Hour","2972760","1308180","1597","22","2735","5","2","2.27","Firewall Zero Hour"
"Prince of Persia: The Two Thrones","2687","Prince of Persia: The Two Thrones","2971260","130620","19378","9","321","5","0","22.75","Prince of Persia: The Two Thrones"
"Vambrace: Cold Soul","2688","Vambrace: Cold Soul","2969340","123840","7464","18","429","5","0","23.98","Vambrace: Cold Soul"
"Gay World","2689","Gay World","2964000","56400","6429","3","170","5","0","52.55","Gay World"
"War of Rights","2690","War of Rights","2963940","373080","8504","9","767","5","0","7.94","War of Rights"
"Nancy Drew: Sea of Darkness","2691","Nancy Drew: Sea of Darkness","2962140","35040","4563","3","79","5","0","84.54","Nancy Drew: Sea of Darkness"
"Kubifaktorium","2692","Kubifaktorium","2960640","72840","8524","7","279","5","0","40.65","Kubifaktorium"
"Wanna Survive","2693","Wanna Survive","2959920","7020","4925","2","21","5","0","421.64","Wanna Survive"
"Bermuda - Lost Survival","2694","Bermuda - Lost Survival","2956860","22440","14207","3","63","5","0","131.77","Bermuda - Lost Survival"
"Final Fantasy Crystal Chronicles: Ring of Fates","2695","Final Fantasy Crystal Chronicles: Ring of Fates","2955720","3780","16818","2","9","5","0","781.94","Final Fantasy Crystal Chronicles: Ring of Fates"
"The Walking Dead: The Telltale Series Collection","2696","The Walking Dead: The Telltale Series Collection","2955660","200940","3691","8","890","5","0","14.71","The Walking Dead: The Telltale Series Collection"
"Roblox Studio","2697","Roblox Studio","2944800","349440","961","7","1387","5","0","8.43","Roblox Studio"
"Agatha Knife","2698","Agatha Knife","2943840","29700","6542","3","90","5","0","99.12","Agatha Knife"
"Last Action Hero","2699","Last Action Hero","2943840","1740","97804","8","15","5","0","1691.86","Last Action Hero"
"Grand Theft Auto: Liberty City Stories","2700","Grand Theft Auto: Liberty City Stories","2941680","152520","4111","7","209","5","0","19.29","Grand Theft Auto: Liberty City Stories"