"","","Game","Watch time","Stream time","Peak viewers","Peak channels","Streamers","Average viewers","Average channels","Average viewer ratio",""
"Grim Tales: The Vengeance","9201","Grim Tales: The Vengeance","130200","3120","275","1","9","0","0","41.73","Grim Tales: The Vengeance"
"A New Beginning","9202","A New Beginning","130200","28560","107","3","53","0","0","4.56","A New Beginning"
"Lofi Ping Pong","9203","Lofi Ping Pong","130140","9000","325","2","34","0","0","14.46","Lofi Ping Pong"
"Tomb Raider: The Golden Mask","9204","Tomb Raider: The Golden Mask","130140","9540","120","1","21","0","0","13.64","Tomb Raider: The Golden Mask"
"Sonic Pinball Party","9205","Sonic Pinball Party","130020","1860","1181","1","8","0","0","69.9","Sonic Pinball Party"
"Fight Club","9206","Fight Club","129960","3840","1290","1","13","0","0","33.84","Fight Club"
"Valhalla Hills","9207","Valhalla Hills","129960","16980","544","2","68","0","0","7.65","Valhalla Hills"
"Paranoia","9208","Paranoia","129840","5400","214","1","19","0","0","24.04","Paranoia"
"I Wanna Kill The Guy","9209","I Wanna Kill The Guy","129840","18240","195","2","86","0","0","7.12","I Wanna Kill The Guy"
"Superdimension Neptune vs Sega Hard Girls","9210","Superdimension Neptune vs Sega Hard Girls","129780","42600","69","2","72","0","0","3.05","Superdimension Neptune vs Sega Hard Girls"
"Dere Evil .Exe","9211","Dere Evil .Exe","129780","12600","691","2","85","0","0","10.3","Dere Evil .Exe"
"Wild West and Wizards","9212","Wild West and Wizards","129720","7380","339","2","36","0","0","17.58","Wild West and Wizards"
"Music GunGun!","9213","Music GunGun!","129720","4140","136","1","14","0","0","31.33","Music GunGun!"
"Forged  of Blood","9214","Forged  of Blood","129660","5880","335","3","21","0","0","22.05","Forged  of Blood"
"Carrier Deck","9215","Carrier Deck","129660","7080","295","1","42","0","0","18.31","Carrier Deck"
"Hot Dog King: A Fast Food Empire","9216","Hot Dog King: A Fast Food Empire","129660","2820","244","1","7","0","0","45.98","Hot Dog King: A Fast Food Empire"
"Just Cause","9217","Just Cause","129660","58200","54","3","174","0","0","2.23","Just Cause"
"The Norwood Suite","9218","The Norwood Suite","129600","12000","989","2","73","0","0","10.8","The Norwood Suite"
"Omega Quintet","9219","Omega Quintet","129540","77880","50","3","147","0","0","1.66","Omega Quintet"
"Wave Circles","9220","Wave Circles","129480","4140","264","2","38","0","0","31.28","Wave Circles"
"Guilty Gear XX Λ Core Plus","9221","Guilty Gear XX Λ Core Plus","129420","9000","148","2","51","0","0","14.38","Guilty Gear XX Λ Core Plus"
"Linelight","9222","Linelight","129420","8160","1561","2","41","0","0","15.86","Linelight"
"AION: Legions of War","9223","AION: Legions of War","129360","18240","524","2","68","0","0","7.09","AION: Legions of War"
"Wargame: AirLand Battle","9224","Wargame: AirLand Battle","129360","12540","128","2","47","0","0","10.32","Wargame: AirLand Battle"
"Star Ocean:  Second Evolution","9225","Star Ocean:  Second Evolution","129300","32160","23","2","46","0","0","4.02","Star Ocean:  Second Evolution"
"Blackwell Epiphany","9226","Blackwell Epiphany","129300","22380","97","2","34","0","0","5.78","Blackwell Epiphany"
"Icarus","9227","Icarus","129240","13140","808","3","38","0","0","9.84","Icarus"
"Erika","9228","Erika","129180","1680","716","2","8","0","0","76.89","Erika"
"An American Tail: Fievel Goes West","9229","An American Tail: Fievel Goes West","129120","420","531","1","4","0","0","307.43","An American Tail: Fievel Goes West"
"Marvel Super Heroes in War of the Gems","9230","Marvel Super Heroes in War of the Gems","129060","6240","285","2","37","0","0","20.68","Marvel Super Heroes in War of the Gems"
"Another Perspective","9231","Another Perspective","128940","28260","427","14","41","0","0","4.56","Another Perspective"
"Meat Boy","9232","Meat Boy","128940","6360","738","2","39","0","0","20.27","Meat Boy"
"World in Conflict: Soviet Assault","9233","World in Conflict: Soviet Assault","128880","24420","109","3","70","0","0","5.28","World in Conflict: Soviet Assault"
"Sniper Elite: Nazi Zombie Army","9234","Sniper Elite: Nazi Zombie Army","128760","43020","396","4","232","0","0","2.99","Sniper Elite: Nazi Zombie Army"
"Math Blaster: Episode 1 - In Search of Spot","9235","Math Blaster: Episode 1 - In Search of Spot","128760","2700","905","2","12","0","0","47.69","Math Blaster: Episode 1 - In Search of Spot"
"Megalith","9236","Megalith","128700","19440","578","4","49","0","0","6.62","Megalith"
"Pokémon Ranger: Guardian Signs","9237","Pokémon Ranger: Guardian Signs","128700","10260","96","2","30","0","0","12.54","Pokémon Ranger: Guardian Signs"
"The Pink Panther Passport to Peril","9238","The Pink Panther Passport to Peril","128580","6120","456","2","19","0","0","21.01","The Pink Panther Passport to Peril"
"Ultra Street Fighter II: The Final Challengers","9239","Ultra Street Fighter II: The Final Challengers","128580","21960","222","2","93","0","0","5.86","Ultra Street Fighter II: The Final Challengers"
"The Brookhaven Experiment","9240","The Brookhaven Experiment","128580","11940","671","2","87","0","0","10.77","The Brookhaven Experiment"
"Yesterday Origins","9241","Yesterday Origins","128520","25020","228","3","63","0","0","5.14","Yesterday Origins"
"Back to Bed","9242","Back to Bed","128520","12360","213","2","81","0","0","10.4","Back to Bed"
"WWF WrestleMania: The Arcade Game","9243","WWF WrestleMania: The Arcade Game","128520","4860","1543","3","38","0","0","26.44","WWF WrestleMania: The Arcade Game"
"Super Bubsy","9244","Super Bubsy","128400","120","1147","1","2","0","0","1070","Super Bubsy"
"Think of the Children!","9245","Think of the Children!","128400","11160","247","2","116","0","0","11.51","Think of the Children!"
"SwarmZ","9246","SwarmZ","128340","2280","562","1","18","0","0","56.29","SwarmZ"
"Tetris Ultimate","9247","Tetris Ultimate","128220","71460","39","5","451","0","0","1.79","Tetris Ultimate"
"Accel World VS Sword Art Online: Chitose no Tasogare","9248","Accel World VS Sword Art Online: Chitose no Tasogare","128160","54480","32","3","137","0","0","2.35","Accel World VS Sword Art Online: Chitose no Tasogare"
"Kunio-kun no Dodge Ball da yo: Zenin Shuugo","9249","Kunio-kun no Dodge Ball da yo: Zenin Shuugo","128100","1080","339","1","4","0","0","118.61","Kunio-kun no Dodge Ball da yo: Zenin Shuugo"
"Handsome Mr. Frog","9250","Handsome Mr. Frog","127920","1140","2157","1","10","0","0","112.21","Handsome Mr. Frog"
"Harvest Moon: More Friends of Mineral Town","9251","Harvest Moon: More Friends of Mineral Town","127860","28920","64","4","57","0","0","4.42","Harvest Moon: More Friends of Mineral Town"
"Mario Kart: Arcade GP DX","9252","Mario Kart: Arcade GP DX","127800","7080","790","2","25","0","0","18.05","Mario Kart: Arcade GP DX"
"The Horny Maid and the Daughter are Futanari","9253","The Horny Maid and the Daughter are Futanari","127800","960","1095","1","2","0","0","133.13","The Horny Maid and the Daughter are Futanari"
"Casper","9254","Casper","127740","3300","1068","1","14","0","0","38.71","Casper"
"Osu!! Karate Bu","9255","Osu!! Karate Bu","127680","15420","37","2","24","0","0","8.28","Osu!! Karate Bu"
"Ultima Underworld II: Labyrinth of Worlds","9256","Ultima Underworld II: Labyrinth of Worlds","127680","7440","149","1","12","0","0","17.16","Ultima Underworld II: Labyrinth of Worlds"
"Iron Brigade","9257","Iron Brigade","127620","19680","1106","2","71","0","0","6.48","Iron Brigade"
"Bedlam","9258","Bedlam","127620","6960","347","1","32","0","0","18.34","Bedlam"
"Battle Realms: Winter of the Wolf","9259","Battle Realms: Winter of the Wolf","127560","13740","1395","2","54","0","0","9.28","Battle Realms: Winter of the Wolf"
"Chemically Bonded","9260","Chemically Bonded","127440","2040","494","2","4","0","0","62.47","Chemically Bonded"
"CrownTrick","9261","CrownTrick","127440","2580","628","2","20","0","0","49.4","CrownTrick"
"Zwei II","9262","Zwei II","127380","27120","99","2","27","0","0","4.7","Zwei II"
"Investigator","9263","Investigator","127380","11580","316","2","66","0","0","11","Investigator"
"MechWarrior 2: Mercenaries","9264","MechWarrior 2: Mercenaries","127320","4260","175","2","12","0","0","29.89","MechWarrior 2: Mercenaries"
"Retro Game Challenge","9265","Retro Game Challenge","127200","72540","38","3","107","0","0","1.75","Retro Game Challenge"
"Etrian Odyssey V","9266","Etrian Odyssey V","127200","28740","19","2","40","0","0","4.43","Etrian Odyssey V"
"Firestorm","9267","Firestorm","127080","67440","123","7","203","0","0","1.88","Firestorm"
"One Piece","9268","One Piece","127020","25200","420","4","87","0","0","5.04","One Piece"
"Utawarerumono: Chiriyuku Mono e no Komoriuta","9269","Utawarerumono: Chiriyuku Mono e no Komoriuta","127020","26580","36","2","25","0","0","4.78","Utawarerumono: Chiriyuku Mono e no Komoriuta"
"Pocketbike Racer","9270","Pocketbike Racer","126960","2820","459","1","9","0","0","45.02","Pocketbike Racer"
"Yoshi's Island: Super Mario Advance 3","9271","Yoshi's Island: Super Mario Advance 3","126780","26700","148","3","99","0","0","4.75","Yoshi's Island: Super Mario Advance 3"
"Soul Knight","9272","Soul Knight","126720","92640","298","3","553","0","0","1.37","Soul Knight"
"Lunia: Record of Lunia War","9273","Lunia: Record of Lunia War","126660","36240","37","2","36","0","0","3.5","Lunia: Record of Lunia War"
"Order of Battle: World War II","9274","Order of Battle: World War II","126660","10080","153","2","26","0","0","12.57","Order of Battle: World War II"
"Shelter","9275","Shelter","126660","14940","185","2","114","0","0","8.48","Shelter"
"Little League Baseball: Championship Series","9276","Little League Baseball: Championship Series","126660","1260","449","1","6","0","0","100.52","Little League Baseball: Championship Series"
"Superheroes","9277","Superheroes","126600","20820","57","1","7","0","0","6.08","Superheroes"
"MorphX","9278","MorphX","126600","1860","2156","1","5","0","0","68.06","MorphX"
"Frontier Pilot Simulator","9279","Frontier Pilot Simulator","126600","14880","466","2","56","0","0","8.51","Frontier Pilot Simulator"
"Yet Another Exhausting Day","9280","Yet Another Exhausting Day","126600","2820","1113","2","20","0","0","44.89","Yet Another Exhausting Day"
"Nowhere Near Single","9281","Nowhere Near Single","126540","1320","1677","1","7","0","0","95.86","Nowhere Near Single"
"Forsaken","9282","Forsaken","126480","6720","252","2","38","0","0","18.82","Forsaken"
"The Sand Man","9283","The Sand Man","126300","16380","57","2","45","0","0","7.71","The Sand Man"
"Blackshot","9284","Blackshot","126240","79560","122","4","224","0","0","1.59","Blackshot"
"Tahn","9285","Tahn","126180","2220","268","2","5","0","0","56.84","Tahn"
"King's Field","9286","King's Field","126120","32340","46","3","58","0","0","3.9","King's Field"
"Soulcalibur IV","9287","Soulcalibur IV","126120","26760","97","3","173","0","0","4.71","Soulcalibur IV"
"ESP Ra.De.","9288","ESP Ra.De.","126120","10260","166","4","46","0","0","12.29","ESP Ra.De."
"Hatsune Miku: Project DIVA 2nd","9289","Hatsune Miku: Project DIVA 2nd","126060","16200","815","2","75","0","0","7.78","Hatsune Miku: Project DIVA 2nd"
"Saint Seiya: The Sanctuary","9290","Saint Seiya: The Sanctuary","126060","83880","13","2","15","0","0","1.5","Saint Seiya: The Sanctuary"
"Blush Blush","9291","Blush Blush","125940","18600","288","2","136","0","0","6.77","Blush Blush"
"Marvin's Mittens","9292","Marvin's Mittens","125940","4260","1699","3","21","0","0","29.56","Marvin's Mittens"
"Fatal Art","9293","Fatal Art","125940","1020","425","1","3","0","0","123.47","Fatal Art"
"FRAG: Pro Shooter","9294","FRAG: Pro Shooter","125880","16560","581","2","103","0","0","7.6","FRAG: Pro Shooter"
"Disney/Pixar's Monsters Inc.","9295","Disney/Pixar's Monsters Inc.","125880","5280","627","1","25","0","0","23.84","Disney/Pixar's Monsters Inc."
"Universe Sandbox","9296","Universe Sandbox","125820","5640","1612","2","54","0","0","22.31","Universe Sandbox"
"Boku no Natsuyasumi 2: Umi no Dai Bouken","9297","Boku no Natsuyasumi 2: Umi no Dai Bouken","125760","7500","129","2","6","0","0","16.77","Boku no Natsuyasumi 2: Umi no Dai Bouken"
"Casino Mogul","9298","Casino Mogul","125760","6300","427","1","43","0","0","19.96","Casino Mogul"
"Papa's Scooperia","9299","Papa's Scooperia","125640","16200","465","2","129","0","0","7.76","Papa's Scooperia"
"Choices: Stories You Play","9300","Choices: Stories You Play","125580","7920","1972","2","12","0","0","15.86","Choices: Stories You Play"