"","","Game","Watch time","Stream time","Peak viewers","Peak channels","Streamers","Average viewers","Average channels","Average viewer ratio",""
"Building & Co","5601","Building & Co","565620","27000","991","2","47","1","0","20.95","Building & Co"
"Blackwood Crossing","5602","Blackwood Crossing","565440","17520","1168","2","90","1","0","32.27","Blackwood Crossing"
"Tales of Graces F","5603","Tales of Graces F","565380","75420","227","3","64","1","0","7.5","Tales of Graces F"
"Dragon Ball Z: Super Saiya Densetsu","5604","Dragon Ball Z: Super Saiya Densetsu","564960","11940","1119","2","24","1","0","47.32","Dragon Ball Z: Super Saiya Densetsu"
"Bloody Roar","5605","Bloody Roar","563940","6600","8783","1","38","1","0","85.45","Bloody Roar"
"Sword of the Stars: The Pit","5606","Sword of the Stars: The Pit","563880","77760","228","3","87","1","0","7.25","Sword of the Stars: The Pit"
"Outlast Trinity","5607","Outlast Trinity","563520","34560","2879","3","156","1","0","16.31","Outlast Trinity"
"Super Blood Hockey","5608","Super Blood Hockey","563280","59460","4322","3","222","1","0","9.47","Super Blood Hockey"
"World of Horror","5609","World of Horror","563160","15060","1493","2","128","1","0","37.39","World of Horror"
"Snake","5610","Snake","563160","44880","4253","2","293","1","0","12.55","Snake"
"Speed Dating for Ghosts","5611","Speed Dating for Ghosts","562920","9420","2068","2","48","1","0","59.76","Speed Dating for Ghosts"
"Krampus","5612","Krampus","562200","2520","2477","1","23","1","0","223.1","Krampus"
"Tutti Frutti","5613","Tutti Frutti","562140","22980","5060","3","201","1","0","24.46","Tutti Frutti"
"Grand Fantasia","5614","Grand Fantasia","562080","165540","113","4","332","1","0","3.4","Grand Fantasia"
"Akiba's Trip: Undead & Undressed","5615","Akiba's Trip: Undead & Undressed","561720","65520","1002","3","377","1","0","8.57","Akiba's Trip: Undead & Undressed"
"Guitar Hero II","5616","Guitar Hero II","561600","31380","926","3","175","1","0","17.9","Guitar Hero II"
"B\Horror of the Deep","5617","B\Horror of the Deep","561480","5340","8936","1","20","1","0","105.15","B\Horror of the Deep"
"The 7th Saga","5618","The 7th Saga","561300","43140","457","3","44","1","0","13.01","The 7th Saga"
"Pepsiman","5619","Pepsiman","561300","27180","709","4","186","1","0","20.65","Pepsiman"
"Sky: Children of the Light","5620","Sky: Children of the Light","561180","28440","3982","3","111","1","0","19.73","Sky: Children of the Light"
"NFL Street","5621","NFL Street","561060","11400","8118","2","49","1","0","49.22","NFL Street"
"Wii Fit Plus","5622","Wii Fit Plus","560760","15180","1341","3","63","1","0","36.94","Wii Fit Plus"
"Ultimate Custom Night","5623","Ultimate Custom Night","560760","208380","334","5","1790","1","0","2.69","Ultimate Custom Night"
"Ski Region Simulator 2012","5624","Ski Region Simulator 2012","560700","4380","850","2","21","1","0","128.01","Ski Region Simulator 2012"
"Rainswept","5625","Rainswept","560400","25680","1016","4","72","1","0","21.82","Rainswept"
"High Hell","5626","High Hell","560280","22620","1165","4","146","1","0","24.77","High Hell"
"RosenkreuzStilette Freudenstachel","5627","RosenkreuzStilette Freudenstachel","560280","49140","3441","25","85","1","0","11.4","RosenkreuzStilette Freudenstachel"
"Enclave","5628","Enclave","559980","36000","2150","2","137","1","0","15.56","Enclave"
"Wrench","5629","Wrench","559680","33960","1714","2","142","1","0","16.48","Wrench"
"Astrologaster","5630","Astrologaster","559500","20580","770","2","63","1","0","27.19","Astrologaster"
"Ethereal Enigma","5631","Ethereal Enigma","559260","2160","2517","1","11","1","0","258.92","Ethereal Enigma"
"Proxy Blade Zero","5632","Proxy Blade Zero","559140","720","3281","2","6","1","0","776.58","Proxy Blade Zero"
"Sid Meier's Colonization","5633","Sid Meier's Colonization","559140","14880","1624","2","44","1","0","37.58","Sid Meier's Colonization"
"Snowman from Russia","5634","Snowman from Russia","558780","480","4227","1","2","1","0","1164.13","Snowman from Russia"
"NEKOPARA Vol. 2","5635","NEKOPARA Vol. 2","558300","25980","3238","2","96","1","0","21.49","NEKOPARA Vol. 2"
"Shrek the Third","5636","Shrek the Third","558120","7020","1129","2","38","1","0","79.5","Shrek the Third"
"Kirara Fantasia","5637","Kirara Fantasia","558060","218040","26","3","32","1","0","2.56","Kirara Fantasia"
"Black Mirror","5638","Black Mirror","558060","112680","287","5","403","1","0","4.95","Black Mirror"
"FIFA Street 3","5639","FIFA Street 3","557880","600","4987","1","6","1","0","929.8","FIFA Street 3"
"Toilet Run","5640","Toilet Run","557820","2220","4716","1","24","1","0","251.27","Toilet Run"
"Future Unfolding","5641","Future Unfolding","557640","44460","220","2","12","1","0","12.54","Future Unfolding"
"Embark","5642","Embark","557340","74820","173","7","162","1","0","7.45","Embark"
"Omega Labyrinth","5643","Omega Labyrinth","557340","6960","291","1","5","1","0","80.08","Omega Labyrinth"
"The Last Player","5644","The Last Player","557340","71280","687","9","146","1","0","7.82","The Last Player"
"Deadlight","5645","Deadlight","556860","107400","818","4","550","1","0","5.18","Deadlight"
"Event[0]","5646","Event[0]","556680","36720","1673","2","177","1","0","15.16","Event[0]"
"NitorInc.: Touhou Microgames!","5647","NitorInc.: Touhou Microgames!","555720","3600","1005","1","32","1","0","154.37","NitorInc.: Touhou Microgames!"
"NFL Blitz 2000","5648","NFL Blitz 2000","555600","4680","8837","2","27","1","0","118.72","NFL Blitz 2000"
"Tokyo Xtreme Racer","5649","Tokyo Xtreme Racer","555180","6300","8915","2","11","1","0","88.12","Tokyo Xtreme Racer"
"Harvest Moon: Animal Parade","5650","Harvest Moon: Animal Parade","554880","58800","561","3","68","1","0","9.44","Harvest Moon: Animal Parade"
"Rage Racer","5651","Rage Racer","554820","7800","8854","1","22","1","0","71.13","Rage Racer"
"Twinsen's Odyssey","5652","Twinsen's Odyssey","554400","62280","356","4","98","1","0","8.9","Twinsen's Odyssey"
"Contagion: Outbreak","5653","Contagion: Outbreak","554160","39480","14983","2","266","1","0","14.04","Contagion: Outbreak"
"The Eyes of Ara","5654","The Eyes of Ara","554040","42600","270","3","79","1","0","13.01","The Eyes of Ara"
"Troubleshooter","5655","Troubleshooter","553980","65040","447","3","133","1","0","8.52","Troubleshooter"
"OPUS: The Day We Found Earth","5656","OPUS: The Day We Found Earth","553980","6240","3511","1","34","1","0","88.78","OPUS: The Day We Found Earth"
"Mobile Suit Gundam Extreme VS. Full Boost","5657","Mobile Suit Gundam Extreme VS. Full Boost","553320","60420","1172","3","78","1","0","9.16","Mobile Suit Gundam Extreme VS. Full Boost"
"Gran Turismo 3 A-Spec","5658","Gran Turismo 3 A-Spec","553140","83460","225","3","136","1","0","6.63","Gran Turismo 3 A-Spec"
"Paint the Town Red","5659","Paint the Town Red","553080","59220","1862","3","444","1","0","9.34","Paint the Town Red"
"X-Men: Mutant Academy 2","5660","X-Men: Mutant Academy 2","552780","1020","9217","1","6","1","0","541.94","X-Men: Mutant Academy 2"
"The You Testament","5661","The You Testament","552180","2460","2655","2","16","1","0","224.46","The You Testament"
"Conception: Ore no Kodomo wo Undekure!","5662","Conception: Ore no Kodomo wo Undekure!","552060","36720","221","3","28","1","0","15.03","Conception: Ore no Kodomo wo Undekure!"
"Milanoir","5663","Milanoir","551340","6360","946","3","30","1","0","86.69","Milanoir"
"Yomawari: The Long Night Collection","5664","Yomawari: The Long Night Collection","550140","47340","412","4","193","1","0","11.62","Yomawari: The Long Night Collection"
"TypeRacer","5665","TypeRacer","550140","96960","406","5","552","1","0","5.67","TypeRacer"
"Santa Claus in Trouble","5666","Santa Claus in Trouble","550080","5040","4549","2","40","1","0","109.14","Santa Claus in Trouble"
"Harvest Moon 64","5667","Harvest Moon 64","550020","60660","413","3","104","1","0","9.07","Harvest Moon 64"
"Dragon Ball Z: Budokai 3","5668","Dragon Ball Z: Budokai 3","549960","71160","419","3","284","1","0","7.73","Dragon Ball Z: Budokai 3"
"Lego Creator","5669","Lego Creator","549900","20220","948","4","62","1","0","27.2","Lego Creator"
"Demon's Tilt","5670","Demon's Tilt","549360","53160","619","5","279","1","0","10.33","Demon's Tilt"
"Long Live Santa!","5671","Long Live Santa!","549060","19020","3944","4","199","1","0","28.87","Long Live Santa!"
"Valkyrie Profile: Covenant of the Plume","5672","Valkyrie Profile: Covenant of the Plume","548100","13320","3698","2","10","1","0","41.15","Valkyrie Profile: Covenant of the Plume"
"Frog Detective 2: The Case of the Invisible Wizard","5673","Frog Detective 2: The Case of the Invisible Wizard","548100","17100","1338","7","132","1","0","32.05","Frog Detective 2: The Case of the Invisible Wizard"
"The Incredible Adventures of Van Helsing","5674","The Incredible Adventures of Van Helsing","547620","144300","193","12","518","1","0","3.8","The Incredible Adventures of Van Helsing"
"Rides With Strangers","5675","Rides With Strangers","547140","2940","4222","1","31","1","0","186.1","Rides With Strangers"
"Need for Speed: Carbon - Own the City","5676","Need for Speed: Carbon - Own the City","546960","12120","852","3","43","1","0","45.13","Need for Speed: Carbon - Own the City"
"The Deed","5677","The Deed","546840","10080","2299","2","66","1","0","54.25","The Deed"
"The Chronicles of Riddick: Escape from Butcher Bay","5678","The Chronicles of Riddick: Escape from Butcher Bay","543840","33900","1724","2","100","1","0","16.04","The Chronicles of Riddick: Escape from Butcher Bay"
"Tokyo Dark","5679","Tokyo Dark","543660","85200","254","3","266","1","0","6.38","Tokyo Dark"
"Musō Orochi 3 Ultimate","5680","Musō Orochi 3 Ultimate","543420","11760","754","4","15","1","0","46.21","Musō Orochi 3 Ultimate"
"Picross Touch","5681","Picross Touch","542820","21420","2905","2","74","1","0","25.34","Picross Touch"
"Nintendo Labo Robot Kit","5682","Nintendo Labo Robot Kit","542760","3900","1909","2","19","1","0","139.17","Nintendo Labo Robot Kit"
"Blades of Time","5683","Blades of Time","542340","34500","3383","2","114","1","0","15.72","Blades of Time"
"Video Casino Games","5684","Video Casino Games","540540","55380","301","3","68","1","0","9.76","Video Casino Games"
"X-Men: Next Dimension","5685","X-Men: Next Dimension","540060","1560","9111","1","7","1","0","346.19","X-Men: Next Dimension"
"MapleRoyals","5686","MapleRoyals","539940","21180","1914","2","53","1","0","25.49","MapleRoyals"
"Half Dead","5687","Half Dead","539940","43260","830","4","392","1","0","12.48","Half Dead"
"Kirby's Return to Dream Land","5688","Kirby's Return to Dream Land","539460","93540","271","6","236","1","0","5.77","Kirby's Return to Dream Land"
"Tilesweeper","5689","Tilesweeper","539400","24660","2169","2","94","1","0","21.87","Tilesweeper"
"Heroes of Might and Magic III: Armageddon's Blade","5690","Heroes of Might and Magic III: Armageddon's Blade","539160","48780","1944","3","172","1","0","11.05","Heroes of Might and Magic III: Armageddon's Blade"
"Bibi & Tina: Adventures with Horses","5691","Bibi & Tina: Adventures with Horses","538680","2220","3232","1","15","1","0","242.65","Bibi & Tina: Adventures with Horses"
"Serious Sam: The Second Encounter","5692","Serious Sam: The Second Encounter","538620","61140","694","4","196","1","0","8.81","Serious Sam: The Second Encounter"
"Draw Chilly","5693","Draw Chilly","538620","8580","1074","4","31","1","0","62.78","Draw Chilly"
"Mega Man X Collection","5694","Mega Man X Collection","538560","110580","204","4","364","1","0","4.87","Mega Man X Collection"
"Ephemeral Fantasia","5695","Ephemeral Fantasia","538200","9840","209","1","8","1","0","54.7","Ephemeral Fantasia"
"The Ward","5696","The Ward","538200","1080","26822","3","7","1","0","498.33","The Ward"
"The Book of Unwritten Tales","5697","The Book of Unwritten Tales","538140","75840","195","3","123","1","0","7.1","The Book of Unwritten Tales"
"Fat Princess Adventures","5698","Fat Princess Adventures","537900","10380","23848","3","102","1","0","51.82","Fat Princess Adventures"
"Lightseekers","5699","Lightseekers","537360","89640","315","5","130","1","0","5.99","Lightseekers"
"Memories of Mars","5700","Memories of Mars","536820","52320","848","3","98","1","0","10.26","Memories of Mars"