"","","Game","Watch time","Stream time","Peak viewers","Peak channels","Streamers","Average viewers","Average channels","Average viewer ratio",""
"Spy Fox: Operation Ozone","8101","Spy Fox: Operation Ozone","199200","7500","542","2","51","0","0","26.56","Spy Fox: Operation Ozone"
"Mr. Gimmick","8102","Mr. Gimmick","199200","19440","132","4","34","0","0","10.25","Mr. Gimmick"
"The Godfather: The Game","8103","The Godfather: The Game","199020","65220","149","3","123","0","0","3.05","The Godfather: The Game"
"Street Fighter II: The World Warrior","8104","Street Fighter II: The World Warrior","199020","21360","2356","2","107","0","0","9.32","Street Fighter II: The World Warrior"
"Quantum of Solace","8105","Quantum of Solace","198960","12600","447","1","40","0","0","15.79","Quantum of Solace"
"Respawn Man","8106","Respawn Man","198960","360","1819","1","3","0","0","552.67","Respawn Man"
"Dragon's Lair Trilogy","8107","Dragon's Lair Trilogy","198840","23760","317","2","148","0","0","8.37","Dragon's Lair Trilogy"
"Portal Stories: VR","8108","Portal Stories: VR","198780","8100","573","2","72","0","0","24.54","Portal Stories: VR"
"Blackhole","8109","Blackhole","198600","25380","975","2","107","0","0","7.83","Blackhole"
"South Park","8110","South Park","198540","76860","153","3","195","0","0","2.58","South Park"
"Street Fighter: The Movie","8111","Street Fighter: The Movie","198540","6420","540","2","36","0","0","30.93","Street Fighter: The Movie"
"Sakura MMO","8112","Sakura MMO","198540","1680","2034","1","5","0","0","118.18","Sakura MMO"
"Immortal Planet","8113","Immortal Planet","198480","14100","225","3","84","0","0","14.08","Immortal Planet"
"Freddi Fish 2: The Case of the Haunted School House","8114","Freddi Fish 2: The Case of the Haunted School House","198300","19260","520","2","115","0","0","10.3","Freddi Fish 2: The Case of the Haunted School House"
"Casual Games Collection","8115","Casual Games Collection","198300","106620","333","4","259","0","0","1.86","Casual Games Collection"
"Farland Saga: Toki no Michishirube","8116","Farland Saga: Toki no Michishirube","198240","5400","266","1","10","0","0","36.71","Farland Saga: Toki no Michishirube"
"Runestone Heroes","8117","Runestone Heroes","198240","240","3231","1","2","0","0","826","Runestone Heroes"
"Krunkerio","8118","Krunkerio","198240","56280","536","6","568","0","0","3.52","Krunkerio"
"Disney's Chicken Little","8119","Disney's Chicken Little","198180","16080","673","2","83","0","0","12.32","Disney's Chicken Little"
"Dragon Force","8120","Dragon Force","198120","58680","61","3","32","0","0","3.38","Dragon Force"
"Beatmania GB","8121","Beatmania GB","198120","720","1811","1","3","0","0","275.17","Beatmania GB"
"It's Spring Again","8122","It's Spring Again","198120","540","3152","1","5","0","0","366.89","It's Spring Again"
"Diesel Railcar Simulator","8123","Diesel Railcar Simulator","198000","3420","807","1","13","0","0","57.89","Diesel Railcar Simulator"
"Bullet League","8124","Bullet League","197940","40320","161","2","40","0","0","4.91","Bullet League"
"The Sims: Life Stories","8125","The Sims: Life Stories","197820","6240","311","1","16","0","0","31.7","The Sims: Life Stories"
"Fruit Ninja","8126","Fruit Ninja","197700","4860","3175","1","34","0","0","40.68","Fruit Ninja"
"Aimtastic","8127","Aimtastic","197640","59400","307","2","448","0","0","3.33","Aimtastic"
"Fluid","8128","Fluid","197640","1080","311","1","3","0","0","183","Fluid"
"Petka and Vasily Ivanovich save the galaxy","8129","Petka and Vasily Ivanovich save the galaxy","197580","4320","564","1","14","0","0","45.74","Petka and Vasily Ivanovich save the galaxy"
"Runner3","8130","Runner3","197520","23820","362","2","86","0","0","8.29","Runner3"
"Dragon Ball Z: Buu's Fury","8131","Dragon Ball Z: Buu's Fury","197460","28140","335","2","64","0","0","7.02","Dragon Ball Z: Buu's Fury"
"Disney Princess","8132","Disney Princess","197340","1080","1658","1","7","0","0","182.72","Disney Princess"
"X-Men: The Official Game","8133","X-Men: The Official Game","197280","2700","502","1","10","0","0","73.07","X-Men: The Official Game"
"Musicology","8134","Musicology","197220","148200","144","4","134","0","0","1.33","Musicology"
"Ultimate I Spy","8135","Ultimate I Spy","197220","1500","1602","1","4","0","0","131.48","Ultimate I Spy"
"Cardfight!! Vanguard Zero","8136","Cardfight!! Vanguard Zero","197220","17100","270","6","31","0","0","11.53","Cardfight!! Vanguard Zero"
"Resistance 3","8137","Resistance 3","197100","18240","958","2","37","0","0","10.81","Resistance 3"
"Still Life","8138","Still Life","197040","18600","124","2","39","0","0","10.59","Still Life"
"Monaco","8139","Monaco","197040","46860","137","3","230","0","0","4.2","Monaco"
"SQUIDS Odyssey","8140","SQUIDS Odyssey","197040","1740","1566","1","3","0","0","113.24","SQUIDS Odyssey"
"Terraforming Mars","8141","Terraforming Mars","196980","45060","249","3","107","0","0","4.37","Terraforming Mars"
"Super Dyna'mix Badminton","8142","Super Dyna'mix Badminton","196920","3420","1407","1","9","0","0","57.58","Super Dyna'mix Badminton"
"Bad Rats: the Rats' Revenge","8143","Bad Rats: the Rats' Revenge","196920","30900","485","3","196","0","0","6.37","Bad Rats: the Rats' Revenge"
"Fallen Lords: Condemnation","8144","Fallen Lords: Condemnation","196860","600","1016","1","3","0","0","328.1","Fallen Lords: Condemnation"
"Medal of Honor: Underground","8145","Medal of Honor: Underground","196680","20460","816","2","54","0","0","9.61","Medal of Honor: Underground"
"The Legend of Zelda: A Link to the Past & Four Swords","8146","The Legend of Zelda: A Link to the Past & Four Swords","196680","24060","243","2","83","0","0","8.17","The Legend of Zelda: A Link to the Past & Four Swords"
"12 Is Better Than 6","8147","12 Is Better Than 6","196680","29160","440","3","147","0","0","6.74","12 Is Better Than 6"
"Streets of Rage Remake","8148","Streets of Rage Remake","196560","42060","213","2","156","0","0","4.67","Streets of Rage Remake"
"Cube Escape: The Mill","8149","Cube Escape: The Mill","196380","3840","1283","2","38","0","0","51.14","Cube Escape: The Mill"
"DoReMi Fantasy: Milon's DokiDoki Adventure","8150","DoReMi Fantasy: Milon's DokiDoki Adventure","196320","14040","350","4","30","0","0","13.98","DoReMi Fantasy: Milon's DokiDoki Adventure"
"LEGO Indiana Jones 2: The Adventure Continues","8151","LEGO Indiana Jones 2: The Adventure Continues","196140","38700","547","2","111","0","0","5.07","LEGO Indiana Jones 2: The Adventure Continues"
"Sleep Tight","8152","Sleep Tight","195960","9660","353","1","44","0","0","20.29","Sleep Tight"
"One Piece: Burning Blood","8153","One Piece: Burning Blood","195960","52980","238","4","555","0","0","3.7","One Piece: Burning Blood"
"Akatsuki Blitzkampf","8154","Akatsuki Blitzkampf","195900","9900","633","2","44","0","0","19.79","Akatsuki Blitzkampf"
"Pesterquest","8155","Pesterquest","195840","18420","154","4","55","0","0","10.63","Pesterquest"
"Scooby-Doo 2: Monsters Unleashed","8156","Scooby-Doo 2: Monsters Unleashed","195780","1860","1205","1","7","0","0","105.26","Scooby-Doo 2: Monsters Unleashed"
"Terminal Velocity","8157","Terminal Velocity","195720","1920","3433","1","6","0","0","101.94","Terminal Velocity"
"7th Dragon III Code: VFD","8158","7th Dragon III Code: VFD","195720","13080","400","3","12","0","0","14.96","7th Dragon III Code: VFD"
"Spark The Electric Jester","8159","Spark The Electric Jester","195480","28560","287","7","112","0","0","6.84","Spark The Electric Jester"
"Madou Monogatari 1-2-3","8160","Madou Monogatari 1-2-3","195480","3780","182","1","4","0","0","51.71","Madou Monogatari 1-2-3"
"Myst IV: Revelation","8161","Myst IV: Revelation","195300","40380","359","3","60","0","0","4.84","Myst IV: Revelation"
"Shining Force CD","8162","Shining Force CD","195300","18120","179","2","24","0","0","10.78","Shining Force CD"
"BS F-Zero 2 Grand Prix","8163","BS F-Zero 2 Grand Prix","195060","720","1708","1","7","0","0","270.92","BS F-Zero 2 Grand Prix"
"Pro Pilkki 2","8164","Pro Pilkki 2","195060","27780","115","6","108","0","0","7.02","Pro Pilkki 2"
"Lost Region","8165","Lost Region","194940","10860","873","8","58","0","0","17.95","Lost Region"
"Initial D Arcade Stage 7 AAX","8166","Initial D Arcade Stage 7 AAX","194700","22800","1279","2","92","0","0","8.54","Initial D Arcade Stage 7 AAX"
"The Sims: Bustin' Out","8167","The Sims: Bustin' Out","194700","39420","109","2","79","0","0","4.94","The Sims: Bustin' Out"
"Super Stardust Ultra","8168","Super Stardust Ultra","194520","6360","108","1","76","0","0","30.58","Super Stardust Ultra"
"JoJo no Kimyou na Bouken: Ougon no Kaze","8169","JoJo no Kimyou na Bouken: Ougon no Kaze","194460","27240","234","3","125","0","0","7.14","JoJo no Kimyou na Bouken: Ougon no Kaze"
"Divinity II: The Dragon Knight Saga","8170","Divinity II: The Dragon Knight Saga","194160","40620","77","2","74","0","0","4.78","Divinity II: The Dragon Knight Saga"
"NCAA Football 13","8171","NCAA Football 13","194100","19800","135","2","22","0","0","9.8","NCAA Football 13"
"The Simpsons: Bart vs. the World","8172","The Simpsons: Bart vs. the World","193980","1860","1037","2","9","0","0","104.29","The Simpsons: Bart vs. the World"
"Dai Gyakuten Saiban 2: Naruhodo Ryunosuke no Kakugo","8173","Dai Gyakuten Saiban 2: Naruhodo Ryunosuke no Kakugo","193980","9120","193","1","9","0","0","21.27","Dai Gyakuten Saiban 2: Naruhodo Ryunosuke no Kakugo"
"Monster Hunter Generations","8174","Monster Hunter Generations","193920","18540","176","3","42","0","0","10.46","Monster Hunter Generations"
"Urban Terror","8175","Urban Terror","193920","192900","107","4","143","0","0","1.01","Urban Terror"
"Might and Magic III: Isles of Terra","8176","Might and Magic III: Isles of Terra","193860","22020","72","2","21","0","0","8.8","Might and Magic III: Isles of Terra"
"Star Fox 2","8177","Star Fox 2","193740","13680","303","2","96","0","0","14.16","Star Fox 2"
"Skull","8178","Skull","193740","1500","2285","1","15","0","0","129.16","Skull"
"Quantum League","8179","Quantum League","193740","27120","73","4","85","0","0","7.14","Quantum League"
"Retro Game Crunch","8180","Retro Game Crunch","193680","7560","2974","1","47","0","0","25.62","Retro Game Crunch"
"Momodora III","8181","Momodora III","193620","18720","733","2","82","0","0","10.34","Momodora III"
"Pandora Saga: Weapons of Balance","8182","Pandora Saga: Weapons of Balance","193620","36000","226","3","26","0","0","5.38","Pandora Saga: Weapons of Balance"
"Darkestville Castle","8183","Darkestville Castle","193560","19680","107","2","56","0","0","9.84","Darkestville Castle"
"Project Reality: BF2","8184","Project Reality: BF2","193560","135060","59","9","141","0","0","1.43","Project Reality: BF2"
"Scooby Doo! Case File #3: Frights, Camera, Mystery!","8185","Scooby Doo! Case File #3: Frights, Camera, Mystery!","193440","780","1006","1","6","0","0","248","Scooby Doo! Case File #3: Frights, Camera, Mystery!"
"Parker & Lane: Criminal Justice","8186","Parker & Lane: Criminal Justice","193380","2700","771","1","5","0","0","71.62","Parker & Lane: Criminal Justice"
"Gonner","8187","Gonner","193320","26520","1357","2","212","0","0","7.29","Gonner"
"Pang Adventures","8188","Pang Adventures","193200","22380","368","2","79","0","0","8.63","Pang Adventures"
"Merry Gear Solid 2: Ghosts of Christmas Past","8189","Merry Gear Solid 2: Ghosts of Christmas Past","193200","3420","950","2","16","0","0","56.49","Merry Gear Solid 2: Ghosts of Christmas Past"
"Alice Mystery Garden","8190","Alice Mystery Garden","193140","3360","3130","1","25","0","0","57.48","Alice Mystery Garden"
"Extricate","8191","Extricate","193020","20760","606","3","42","0","0","9.3","Extricate"
"Phoning Home","8192","Phoning Home","192900","27900","434","2","93","0","0","6.91","Phoning Home"
"Tales of Xillia 2","8193","Tales of Xillia 2","192900","54660","28","3","50","0","0","3.53","Tales of Xillia 2"
"ZombiU","8194","ZombiU","192840","36720","530","3","142","0","0","5.25","ZombiU"
"Sherlock Holmes vs. Jack the Ripper","8195","Sherlock Holmes vs. Jack the Ripper","192720","30660","165","2","67","0","0","6.29","Sherlock Holmes vs. Jack the Ripper"
"Monopoly Party","8196","Monopoly Party","192720","8160","941","2","60","0","0","23.62","Monopoly Party"
"Garfield: Caught in the Act","8197","Garfield: Caught in the Act","192720","4860","1464","1","20","0","0","39.65","Garfield: Caught in the Act"
"Beatbuddy: Tale of the Guardians","8198","Beatbuddy: Tale of the Guardians","192300","10560","6771","1","49","0","0","18.21","Beatbuddy: Tale of the Guardians"
"9Dragons","8199","9Dragons","192300","58920","43","2","58","0","0","3.26","9Dragons"
"Good Company","8200","Good Company","192120","6600","569","3","12","0","0","29.11","Good Company"