"","","Game","Watch time","Stream time","Peak viewers","Peak channels","Streamers","Average viewers","Average channels","Average viewer ratio",""
"Supremacy (Your Will Be Done)","12001","Supremacy (Your Will Be Done)","52680","360","359","1","3","0","0","146.33","Supremacy (Your Will Be Done)"
"You Died but a Necromancer revived you","12002","You Died but a Necromancer revived you","52680","4140","447","2","29","0","0","12.72","You Died but a Necromancer revived you"
"Dragon Ball Heroes: Ultimate Mission","12003","Dragon Ball Heroes: Ultimate Mission","52620","18720","63","4","72","0","0","2.81","Dragon Ball Heroes: Ultimate Mission"
"Tokyo Ghoul :re birth","12004","Tokyo Ghoul :re birth","52620","10140","43","2","40","0","0","5.19","Tokyo Ghoul :re birth"
"Doors","12005","Doors","52620","1680","485","1","11","0","0","31.32","Doors"
"Final Fantasy Crystal Chronicles: My Life as a King","12006","Final Fantasy Crystal Chronicles: My Life as a King","52620","7020","172","1","21","0","0","7.5","Final Fantasy Crystal Chronicles: My Life as a King"
"Age of Wonders: Shadow Magic","12007","Age of Wonders: Shadow Magic","52620","18420","40","2","16","0","0","2.86","Age of Wonders: Shadow Magic"
"Baby Felix Halloween","12008","Baby Felix Halloween","52620","480","765","4","5","0","0","109.63","Baby Felix Halloween"
"Destiny of an Emperor","12009","Destiny of an Emperor","52560","11160","39","2","20","0","0","4.71","Destiny of an Emperor"
"The Expendabros","12010","The Expendabros","52560","20880","61","2","199","0","0","2.52","The Expendabros"
"Surge","12011","Surge","52560","15840","100","2","59","0","0","3.32","Surge"
"Brief Karate Foolish","12012","Brief Karate Foolish","52500","1980","764","1","28","0","0","26.52","Brief Karate Foolish"
"Princess Evangile","12013","Princess Evangile","52500","8220","23","1","13","0","0","6.39","Princess Evangile"
"Might and Magic: World of Xeen","12014","Might and Magic: World of Xeen","52500","12480","67","2","14","0","0","4.21","Might and Magic: World of Xeen"
"Ghoul Patrol","12015","Ghoul Patrol","52500","1620","634","1","10","0","0","32.41","Ghoul Patrol"
"Mushroom Wars","12016","Mushroom Wars","52440","6480","208","4","25","0","0","8.09","Mushroom Wars"
"Dragon Valor","12017","Dragon Valor","52440","12300","32","2","33","0","0","4.26","Dragon Valor"
"Agents: Biohunters","12018","Agents: Biohunters","52440","8580","130","21","92","0","0","6.11","Agents: Biohunters"
"Bionic Commando Rearmed","12019","Bionic Commando Rearmed","52380","10980","38","2","44","0","0","4.77","Bionic Commando Rearmed"
"Bomberman: Act Zero","12020","Bomberman: Act Zero","52380","8400","130","2","5","0","0","6.24","Bomberman: Act Zero"
"Home Behind","12021","Home Behind","52380","11640","84","1","36","0","0","4.5","Home Behind"
"I Picked Up a Mysterious Smartphone That You Can Change Everything as You Like","12022","I Picked Up a Mysterious Smartphone That You Can Change Everything as You Like","52380","240","863","1","2","0","0","218.25","I Picked Up a Mysterious Smartphone That You Can Change Everything as You Like"
"Worbital","12023","Worbital","52380","12300","87","3","58","0","0","4.26","Worbital"
"Siege of Centauri","12024","Siege of Centauri","52380","6840","144","2","40","0","0","7.66","Siege of Centauri"
"Yet Another Zombie Defense","12025","Yet Another Zombie Defense","52320","19440","45","3","167","0","0","2.69","Yet Another Zombie Defense"
"Ironsword: Wizards & Warriors II","12026","Ironsword: Wizards & Warriors II","52320","4860","45","1","24","0","0","10.77","Ironsword: Wizards & Warriors II"
"Planet Explorers","12027","Planet Explorers","52260","36000","19","3","64","0","0","1.45","Planet Explorers"
"Hatsune Miku: Project DIVA","12028","Hatsune Miku: Project DIVA","52260","16620","18","2","67","0","0","3.14","Hatsune Miku: Project DIVA"
"Automobili Lamborghini","12029","Automobili Lamborghini","52260","660","426","1","5","0","0","79.18","Automobili Lamborghini"
"War Builder League","12030","War Builder League","52260","9600","16","2","17","0","0","5.44","War Builder League"
"Fun with Ragdolls: The Game","12031","Fun with Ragdolls: The Game","52260","3180","129","1","30","0","0","16.43","Fun with Ragdolls: The Game"
"Trailer Park Boys: The Mobile Game","12032","Trailer Park Boys: The Mobile Game","52200","5700","180","1","29","0","0","9.16","Trailer Park Boys: The Mobile Game"
"Dream Rose","12033","Dream Rose","52200","1680","85","1","6","0","0","31.07","Dream Rose"
"12 Labours of Hercules","12034","12 Labours of Hercules","52140","7020","167","2","29","0","0","7.43","12 Labours of Hercules"
"Wulverblade","12035","Wulverblade","52140","5640","137","1","23","0","0","9.24","Wulverblade"
"AtmaSphere","12036","AtmaSphere","52140","1860","421","1","8","0","0","28.03","AtmaSphere"
"Tommy Tronic","12037","Tommy Tronic","52140","900","436","1","3","0","0","57.93","Tommy Tronic"
"New York City","12038","New York City","52140","203160","53","2","8","0","0","0.26","New York City"
"Battle Arena Toshinden 2","12039","Battle Arena Toshinden 2","52140","1320","733","1","10","0","0","39.5","Battle Arena Toshinden 2"
"SuperTux","12040","SuperTux","52080","28740","48","2","44","0","0","1.81","SuperTux"
"Disney-Pixar Brave","12041","Disney-Pixar Brave","52080","13620","70","2","48","0","0","3.82","Disney-Pixar Brave"
"HuniePop","12042","HuniePop","52080","15360","78","3","104","0","0","3.39","HuniePop"
"A Sky Full of Stars","12043","A Sky Full of Stars","52080","6000","25","1","12","0","0","8.68","A Sky Full of Stars"
"RGX: Showdown","12044","RGX: Showdown","52080","1320","894","1","10","0","0","39.45","RGX: Showdown"
"Atomic Robo-Kid","12045","Atomic Robo-Kid","52080","900","814","1","4","0","0","57.87","Atomic Robo-Kid"
"Fort Triumph","12046","Fort Triumph","52080","4980","76","2","24","0","0","10.46","Fort Triumph"
"Seiken Densetsu Collection","12047","Seiken Densetsu Collection","52080","4320","37","3","9","0","0","12.06","Seiken Densetsu Collection"
"Dead and Buried","12048","Dead and Buried","52080","18600","45","3","134","0","0","2.8","Dead and Buried"
"Dragon Ball Z Gaiden: Saiyajin Zetsumetsu Keikaku","12049","Dragon Ball Z Gaiden: Saiyajin Zetsumetsu Keikaku","52020","1800","203","1","3","0","0","28.9","Dragon Ball Z Gaiden: Saiyajin Zetsumetsu Keikaku"
"Cars 3","12050","Cars 3","52020","5760","376","2","24","0","0","9.03","Cars 3"
"Realm Grinder","12051","Realm Grinder","52020","29700","96","2","102","0","0","1.75","Realm Grinder"
"The Underground Man","12052","The Underground Man","52020","11400","84","1","45","0","0","4.56","The Underground Man"
"Melty Blood: Actress Again","12053","Melty Blood: Actress Again","52020","3840","277","2","25","0","0","13.55","Melty Blood: Actress Again"
"Heathen: The Sons of the Law","12054","Heathen: The Sons of the Law","52020","7200","131","1","31","0","0","7.23","Heathen: The Sons of the Law"
"Potata: Chapter One","12055","Potata: Chapter One","52020","2880","174","2","12","0","0","18.06","Potata: Chapter One"
"Onechanbara: Bikini Samurai Squad","12056","Onechanbara: Bikini Samurai Squad","51960","2760","242","1","7","0","0","18.83","Onechanbara: Bikini Samurai Squad"
"NEStalgia","12057","NEStalgia","51960","16380","118","3","82","0","0","3.17","NEStalgia"
"Strong Bad's Cool Game for Attractive People Episode 1: Homestar Ruiner","12058","Strong Bad's Cool Game for Attractive People Episode 1: Homestar Ruiner","51960","5400","129","1","27","0","0","9.62","Strong Bad's Cool Game for Attractive People Episode 1: Homestar Ruiner"
"Xenonauts 2","12059","Xenonauts 2","51960","2700","114","1","13","0","0","19.24","Xenonauts 2"
"Red Tractor Tycoon","12060","Red Tractor Tycoon","51960","5580","77","2","32","0","0","9.31","Red Tractor Tycoon"
"Princess Tomato in the Salad Kingdom","12061","Princess Tomato in the Salad Kingdom","51900","8100","73","2","25","0","0","6.41","Princess Tomato in the Salad Kingdom"
"Zork I: The Great Underground Empire","12062","Zork I: The Great Underground Empire","51840","9780","185","2","50","0","0","5.3","Zork I: The Great Underground Empire"
"Beer Pong League","12063","Beer Pong League","51840","3240","134","1","14","0","0","16","Beer Pong League"
"Love Plus Every","12064","Love Plus Every","51840","1560","842","2","10","0","0","33.23","Love Plus Every"
"Taphouse VR","12065","Taphouse VR","51840","3900","604","1","43","0","0","13.29","Taphouse VR"
"Dreadeye","12066","Dreadeye","51780","3540","122","1","23","0","0","14.63","Dreadeye"
"Sonic X","12067","Sonic X","51780","2520","97","1","9","0","0","20.55","Sonic X"
"Super Versus","12068","Super Versus","51780","6300","95","7","39","0","0","8.22","Super Versus"
"Ellen","12069","Ellen","51780","7200","119","2","28","0","0","7.19","Ellen"
"Crystal's Pony Tale","12070","Crystal's Pony Tale","51720","600","819","1","8","0","0","86.2","Crystal's Pony Tale"
"Kyatto Ninden Teyandee","12071","Kyatto Ninden Teyandee","51720","3360","325","4","24","0","0","15.39","Kyatto Ninden Teyandee"
"Downward Spiral: Horus Station","12072","Downward Spiral: Horus Station","51720","5400","727","2","31","0","0","9.58","Downward Spiral: Horus Station"
"Night of the Blood Moon","12073","Night of the Blood Moon","51720","3060","477","1","21","0","0","16.9","Night of the Blood Moon"
"Front Mission Evolved","12074","Front Mission Evolved","51660","7860","86","2","28","0","0","6.57","Front Mission Evolved"
"Project Gotham Racing 4","12075","Project Gotham Racing 4","51660","5280","116","1","20","0","0","9.78","Project Gotham Racing 4"
"Daedalus: The Awakening of Golden Jazz","12076","Daedalus: The Awakening of Golden Jazz","51660","8760","60","3","30","0","0","5.9","Daedalus: The Awakening of Golden Jazz"
"Half-Life 2: Lost Coast","12077","Half-Life 2: Lost Coast","51600","10080","150","2","118","0","0","5.12","Half-Life 2: Lost Coast"
"Darkstalkers: The Night Warriors","12078","Darkstalkers: The Night Warriors","51600","6120","160","2","31","0","0","8.43","Darkstalkers: The Night Warriors"
"Little Big Snake","12079","Little Big Snake","51600","18360","55","2","68","0","0","2.81","Little Big Snake"
"Omega Strike","12080","Omega Strike","51540","11940","64","2","40","0","0","4.32","Omega Strike"
"Gene Rain","12081","Gene Rain","51540","540","318","1","6","0","0","95.44","Gene Rain"
"Burn the Trash!","12082","Burn the Trash!","51540","300","201","1","1","0","0","171.8","Burn the Trash!"
"Walt Disney's The Jungle Book: Mowgli's Wild Adventure","12083","Walt Disney's The Jungle Book: Mowgli's Wild Adventure","51480","480","164","1","1","0","0","107.25","Walt Disney's The Jungle Book: Mowgli's Wild Adventure"
"New Mobile Report Gundam Wing: Endless Duel","12084","New Mobile Report Gundam Wing: Endless Duel","51480","3720","269","1","15","0","0","13.84","New Mobile Report Gundam Wing: Endless Duel"
"Gauntlet II","12085","Gauntlet II","51420","1140","380","1","10","0","0","45.11","Gauntlet II"
"Mega Man Battle Chip Challenge","12086","Mega Man Battle Chip Challenge","51420","8880","46","4","19","0","0","5.79","Mega Man Battle Chip Challenge"
"Criminal Case","12087","Criminal Case","51420","3240","182","1","12","0","0","15.87","Criminal Case"
"Reveal the Deep","12088","Reveal the Deep","51420","7860","164","2","57","0","0","6.54","Reveal the Deep"
"Warmode","12089","Warmode","51360","34380","38","3","309","0","0","1.49","Warmode"
"Tearaway","12090","Tearaway","51360","2160","326","2","13","0","0","23.78","Tearaway"
"Champions: Return to Arms","12091","Champions: Return to Arms","51300","18720","33","3","42","0","0","2.74","Champions: Return to Arms"
"Where The Wild Things Are","12092","Where The Wild Things Are","51300","900","269","1","1","0","0","57","Where The Wild Things Are"
"Bongo","12093","Bongo","51240","240","858","2","3","0","0","213.5","Bongo"
"Tecmo's Deception","12094","Tecmo's Deception","51240","2460","178","1","11","0","0","20.83","Tecmo's Deception"
"Super Monkey Ball: Banana Blitz","12095","Super Monkey Ball: Banana Blitz","51180","10860","24","2","37","0","0","4.71","Super Monkey Ball: Banana Blitz"
"Trainz: A New Era","12096","Trainz: A New Era","51180","37200","10","2","66","0","0","1.38","Trainz: A New Era"
"Snooker Nation Championship","12097","Snooker Nation Championship","51120","11280","30","2","49","0","0","4.53","Snooker Nation Championship"
"Lost Dimension","12098","Lost Dimension","51120","17400","19","2","24","0","0","2.94","Lost Dimension"
"Die Hard: Nakatomi Plaza","12099","Die Hard: Nakatomi Plaza","51120","3300","497","2","12","0","0","15.49","Die Hard: Nakatomi Plaza"
"Beverly Hills Cop","12100","Beverly Hills Cop","51060","1440","209","1","4","0","0","35.46","Beverly Hills Cop"