"","","Game","Watch time","Stream time","Peak viewers","Peak channels","Streamers","Average viewers","Average channels","Average viewer ratio",""
"Let's Draw!","9801","Let's Draw!","105000","51720","25","2","141","0","0","2.03","Let's Draw!"
"Barbarian","9802","Barbarian","105000","1620","378","1","5","0","0","64.81","Barbarian"
"Lifestream","9803","Lifestream","104880","108600","90","3","185","0","0","0.97","Lifestream"
"DreamWorks' Shark Tale","9804","DreamWorks' Shark Tale","104880","4980","886","1","31","0","0","21.06","DreamWorks' Shark Tale"
"Bite The Bullet","9805","Bite The Bullet","104700","2100","307","1","7","0","0","49.86","Bite The Bullet"
"Flower Knight Girl Online","9806","Flower Knight Girl Online","104640","65340","22","2","21","0","0","1.6","Flower Knight Girl Online"
"Slay","9807","Slay","104640","12300","575","2","71","0","0","8.51","Slay"
"Drakengard 2","9808","Drakengard 2","104640","15060","184","1","21","0","0","6.95","Drakengard 2"
"Soldat","9809","Soldat","104640","75900","85","5","82","0","0","1.38","Soldat"
"The King of Fighters 2003","9810","The King of Fighters 2003","104520","3360","789","1","26","0","0","31.11","The King of Fighters 2003"
"Stikbold!","9811","Stikbold!","104520","15240","499","2","119","0","0","6.86","Stikbold!"
"3x3 Eyes: Seima Densetsu","9812","3x3 Eyes: Seima Densetsu","104460","7980","33","1","2","0","0","13.09","3x3 Eyes: Seima Densetsu"
"Deadstep","9813","Deadstep","104400","5400","258","1","44","0","0","19.33","Deadstep"
"DiRT 2","9814","DiRT 2","104400","41880","182","2","140","0","0","2.49","DiRT 2"
"Marvel vs. Capcom 3: Fate of Two Worlds","9815","Marvel vs. Capcom 3: Fate of Two Worlds","104340","18420","526","2","142","0","0","5.66","Marvel vs. Capcom 3: Fate of Two Worlds"
"Bulletstorm","9816","Bulletstorm","104280","41880","140","3","181","0","0","2.49","Bulletstorm"
"Pringles Game","9817","Pringles Game","104280","10020","1497","2","46","0","0","10.41","Pringles Game"
"OutRun","9818","OutRun","104220","26580","102","5","84","0","0","3.92","OutRun"
"Dance Dance Revolution A20","9819","Dance Dance Revolution A20","104160","22440","115","3","18","0","0","4.64","Dance Dance Revolution A20"
"Halo: Spartan Strike","9820","Halo: Spartan Strike","104040","8700","540","2","54","0","0","11.96","Halo: Spartan Strike"
"The Yakuza Remastered Collection","9821","The Yakuza Remastered Collection","104040","16320","24","1","7","0","0","6.38","The Yakuza Remastered Collection"
"Shift Quantum","9822","Shift Quantum","103980","7740","112","2","37","0","0","13.43","Shift Quantum"
"Shadows of Adam","9823","Shadows of Adam","103980","19920","41","2","26","0","0","5.22","Shadows of Adam"
"Dragons: Dawn of New Riders","9824","Dragons: Dawn of New Riders","103980","15180","296","3","71","0","0","6.85","Dragons: Dawn of New Riders"
"Karnage Chronicles","9825","Karnage Chronicles","103920","23460","112","2","115","0","0","4.43","Karnage Chronicles"
"Wizardry IV: The Return of Werdna","9826","Wizardry IV: The Return of Werdna","103920","960","275","1","3","0","0","108.25","Wizardry IV: The Return of Werdna"
"Earth Defense Force 2025","9827","Earth Defense Force 2025","103920","52920","43","5","192","0","0","1.96","Earth Defense Force 2025"
"Xianjian Qixia Zhuan 4","9828","Xianjian Qixia Zhuan 4","103860","9600","261","2","10","0","0","10.82","Xianjian Qixia Zhuan 4"
"Biker Mice from Mars","9829","Biker Mice from Mars","103860","8040","461","1","47","0","0","12.92","Biker Mice from Mars"
"Asphalt 8: Airborne","9830","Asphalt 8: Airborne","103860","131160","231","3","353","0","0","0.79","Asphalt 8: Airborne"
"Another Sight","9831","Another Sight","103860","12000","80","2","46","0","0","8.66","Another Sight"
"Warhammer: Chaos & Conquest","9832","Warhammer: Chaos & Conquest","103860","14580","97","2","26","0","0","7.12","Warhammer: Chaos & Conquest"
"Le Mans 24","9833","Le Mans 24","103740","1560","295","2","8","0","0","66.5","Le Mans 24"
"Dr.Brain Nonogram PC","9834","Dr.Brain Nonogram PC","103740","2820","906","2","9","0","0","36.79","Dr.Brain Nonogram PC"
"Bunny Hop League","9835","Bunny Hop League","103740","6960","495","2","67","0","0","14.91","Bunny Hop League"
"Hungry Shark World","9836","Hungry Shark World","103680","14640","876","2","215","0","0","7.08","Hungry Shark World"
"MixMaster Online","9837","MixMaster Online","103680","10920","406","2","40","0","0","9.49","MixMaster Online"
"Super Bomberman 5","9838","Super Bomberman 5","103620","16020","305","1","70","0","0","6.47","Super Bomberman 5"
"Blackwell Deception","9839","Blackwell Deception","103620","16980","80","2","37","0","0","6.1","Blackwell Deception"
"Bucky O'Hare","9840","Bucky O'Hare","103560","17460","320","4","54","0","0","5.93","Bucky O'Hare"
"Blitzkrieg Anthology","9841","Blitzkrieg Anthology","103560","18120","59","2","13","0","0","5.72","Blitzkrieg Anthology"
"Rythm","9842","Rythm","103560","17820","753","1","68","0","0","5.81","Rythm"
"THE iDOLM@STER 2","9843","THE iDOLM@STER 2","103500","8580","95","2","13","0","0","12.06","THE iDOLM@STER 2"
"Conquer Online","9844","Conquer Online","103440","46560","112","3","122","0","0","2.22","Conquer Online"
"Lost Kingdoms II","9845","Lost Kingdoms II","103440","26100","150","2","27","0","0","3.96","Lost Kingdoms II"
"Super Baseball 2020","9846","Super Baseball 2020","103440","2400","687","1","22","0","0","43.1","Super Baseball 2020"
"Armored Core 4","9847","Armored Core 4","103320","13620","88","1","30","0","0","7.59","Armored Core 4"
"Rugrats in Paris","9848","Rugrats in Paris","103260","3600","369","1","24","0","0","28.68","Rugrats in Paris"
"Shin Megami Tensei: Imagine","9849","Shin Megami Tensei: Imagine","103260","24780","35","2","64","0","0","4.17","Shin Megami Tensei: Imagine"
"Closed Nightmare","9850","Closed Nightmare","103260","5100","658","1","16","0","0","20.25","Closed Nightmare"
"Hunt","9851","Hunt","103200","30060","668","2","134","0","0","3.43","Hunt"
"Magic: The Gathering - Duels of the Planeswalkers","9852","Magic: The Gathering - Duels of the Planeswalkers","103200","8580","813","2","39","0","0","12.03","Magic: The Gathering - Duels of the Planeswalkers"
"Tecmo Super Bowl III: Final Edition","9853","Tecmo Super Bowl III: Final Edition","103200","15480","26","2","7","0","0","6.67","Tecmo Super Bowl III: Final Edition"
"Skullgirls Mobile","9854","Skullgirls Mobile","103200","25920","97","3","59","0","0","3.98","Skullgirls Mobile"
"Infinite Undiscovery","9855","Infinite Undiscovery","102960","32340","28","2","51","0","0","3.18","Infinite Undiscovery"
"Knights of Pen and Paper","9856","Knights of Pen and Paper","102960","29040","48","3","119","0","0","3.55","Knights of Pen and Paper"
"WazHack","9857","WazHack","102960","13860","79","2","26","0","0","7.43","WazHack"
"Castle Clash","9858","Castle Clash","102960","51540","48","4","146","0","0","2","Castle Clash"
"Anatomy","9859","Anatomy","102960","9120","337","2","83","0","0","11.29","Anatomy"
"Ant-gravity: Tiny's Adventure","9860","Ant-gravity: Tiny's Adventure","102960","240","988","1","2","0","0","429","Ant-gravity: Tiny's Adventure"
"Germs.io","9861","Germs.io","102960","7440","196","2","34","0","0","13.84","Germs.io"
"Mighty Switch Force!","9862","Mighty Switch Force!","102900","6000","342","3","29","0","0","17.15","Mighty Switch Force!"
"Sonic the Hedgehog's Gameworld","9863","Sonic the Hedgehog's Gameworld","102900","3960","868","2","5","0","0","25.98","Sonic the Hedgehog's Gameworld"
"The House of the Dead 4","9864","The House of the Dead 4","102900","6180","107","1","29","0","0","16.65","The House of the Dead 4"
"Lady Sia","9865","Lady Sia","102840","2100","1111","3","12","0","0","48.97","Lady Sia"
"Might and Magic II: Gates to Another World","9866","Might and Magic II: Gates to Another World","102840","6960","42","2","10","0","0","14.78","Might and Magic II: Gates to Another World"
"Heart of the Woods","9867","Heart of the Woods","102840","13080","65","1","25","0","0","7.86","Heart of the Woods"
"Wave Race: Blue Storm","9868","Wave Race: Blue Storm","102780","7620","777","3","32","0","0","13.49","Wave Race: Blue Storm"
"Vigilance","9869","Vigilance","102780","660","1726","1","2","0","0","155.73","Vigilance"
"The Oregon Trail: 5th Edition","9870","The Oregon Trail: 5th Edition","102720","2820","536","1","15","0","0","36.43","The Oregon Trail: 5th Edition"
"Battle Girl High School","9871","Battle Girl High School","102720","14400","138","5","25","0","0","7.13","Battle Girl High School"
"Musaic Box","9872","Musaic Box","102660","8400","64","2","11","0","0","12.22","Musaic Box"
"Nancy Drew: Secret of the Old Clock","9873","Nancy Drew: Secret of the Old Clock","102660","13260","113","2","41","0","0","7.74","Nancy Drew: Secret of the Old Clock"
"Youkai Club","9874","Youkai Club","102660","1500","1330","1","3","0","0","68.44","Youkai Club"
"The Blackwell Legacy","9875","The Blackwell Legacy","102540","18600","64","2","65","0","0","5.51","The Blackwell Legacy"
"SegaNet Mahjong: MJ","9876","SegaNet Mahjong: MJ","102540","20760","55","3","55","0","0","4.94","SegaNet Mahjong: MJ"
"Pathfinder Adventures","9877","Pathfinder Adventures","102480","31260","138","3","87","0","0","3.28","Pathfinder Adventures"
"HHG Megami no Shuuen","9878","HHG Megami no Shuuen","102420","480","1506","1","3","0","0","213.38","HHG Megami no Shuuen"
"Santa Claus Saves the Earth","9879","Santa Claus Saves the Earth","102420","1440","1454","2","9","0","0","71.13","Santa Claus Saves the Earth"
"Animal Jam","9880","Animal Jam","102420","49500","95","3","249","0","0","2.07","Animal Jam"
"World of Dragon Warrior: Torneko: The Last Hope","9881","World of Dragon Warrior: Torneko: The Last Hope","102420","8820","85","1","12","0","0","11.61","World of Dragon Warrior: Torneko: The Last Hope"
"Penny Arcade Adventures: On the Rain-Slick Precipice of Darkness - Episode One","9882","Penny Arcade Adventures: On the Rain-Slick Precipice of Darkness - Episode One","102360","5700","800","1","22","0","0","17.96","Penny Arcade Adventures: On the Rain-Slick Precipice of Darkness - Episode One"
"Kinect Star Wars","9883","Kinect Star Wars","102240","2700","443","1","17","0","0","37.87","Kinect Star Wars"
"Terrors","9884","Terrors","102240","16740","403","3","130","0","0","6.11","Terrors"
"Void Memory","9885","Void Memory","102240","15420","78","3","37","0","0","6.63","Void Memory"
"NaissanceE","9886","NaissanceE","102180","25860","51","2","123","0","0","3.95","NaissanceE"
"Wheel of Fortune: Family Edition","9887","Wheel of Fortune: Family Edition","102000","8040","275","2","34","0","0","12.69","Wheel of Fortune: Family Edition"
"Ace Combat 3: Electrosphere","9888","Ace Combat 3: Electrosphere","102000","28860","52","2","63","0","0","3.53","Ace Combat 3: Electrosphere"
"Indie Pogo","9889","Indie Pogo","102000","10740","137","5","38","0","0","9.5","Indie Pogo"
"Caveman Games","9890","Caveman Games","101940","1020","553","3","7","0","0","99.94","Caveman Games"
"Whizz","9891","Whizz","101820","660","336","1","4","0","0","154.27","Whizz"
"Outbreak: The New Nightmare","9892","Outbreak: The New Nightmare","101820","6060","157","3","42","0","0","16.8","Outbreak: The New Nightmare"
"Gravel","9893","Gravel","101700","34140","45","2","120","0","0","2.98","Gravel"
"Ms. Pac-Man","9894","Ms. Pac-Man","101640","26700","198","2","130","0","0","3.81","Ms. Pac-Man"
"Palamedes","9895","Palamedes","101580","960","889","2","8","0","0","105.81","Palamedes"
"Dungeon Quest","9896","Dungeon Quest","101520","36420","40","3","83","0","0","2.79","Dungeon Quest"
"Climb","9897","Climb","101520","3240","697","2","30","0","0","31.33","Climb"
"Genshin Impact","9898","Genshin Impact","101520","12900","142","9","47","0","0","7.87","Genshin Impact"
"Halcyon 6: Starbase Commander","9899","Halcyon 6: Starbase Commander","101460","16440","151","2","68","0","0","6.17","Halcyon 6: Starbase Commander"
"Dating Sims: The Visual Novel","9900","Dating Sims: The Visual Novel","101460","15900","248","3","88","0","0","6.38","Dating Sims: The Visual Novel"