"","","Game","Watch time","Stream time","Peak viewers","Peak channels","Streamers","Average viewers","Average channels","Average viewer ratio",""
"Imperium","12601","Imperium","44940","3480","59","1","14","0","0","12.91","Imperium"
"Freedom Force","12602","Freedom Force","44940","14580","32","2","34","0","0","3.08","Freedom Force"
"Deadly Towers","12603","Deadly Towers","44940","5820","389","1","12","0","0","7.72","Deadly Towers"
"Fastest 1","12604","Fastest 1","44940","60","828","1","0","0","0","749","Fastest 1"
"Zamb! Endless Extermination","12605","Zamb! Endless Extermination","44940","540","711","1","6","0","0","83.22","Zamb! Endless Extermination"
"Hidden & Dangerous 2: Courage Under Fire","12606","Hidden & Dangerous 2: Courage Under Fire","44880","5160","76","1","18","0","0","8.7","Hidden & Dangerous 2: Courage Under Fire"
"Mini Yonku Shining Scorpion: Let's & Go!!","12607","Mini Yonku Shining Scorpion: Let's & Go!!","44880","1140","141","1","2","0","0","39.37","Mini Yonku Shining Scorpion: Let's & Go!!"
"Unrect","12608","Unrect","44820","60","755","1","1","0","0","747","Unrect"
"Jagged Alliance 2: Wildfire","12609","Jagged Alliance 2: Wildfire","44820","12960","382","2","24","0","0","3.46","Jagged Alliance 2: Wildfire"
"Desert Demolition Starring Road Runner and  Wile E. Coyote","12610","Desert Demolition Starring Road Runner and  Wile E. Coyote","44820","1680","152","1","6","0","0","26.68","Desert Demolition Starring Road Runner and  Wile E. Coyote"
"Call of Duty 2: Big Red One","12611","Call of Duty 2: Big Red One","44820","7980","231","2","33","0","0","5.62","Call of Duty 2: Big Red One"
"Grand Theft Auto Advance","12612","Grand Theft Auto Advance","44760","4680","125","1","22","0","0","9.56","Grand Theft Auto Advance"
"The Dark Eye: Demonicon","12613","The Dark Eye: Demonicon","44760","1800","123","1","8","0","0","24.87","The Dark Eye: Demonicon"
"Sleeping Prince","12614","Sleeping Prince","44760","4620","222","1","10","0","0","9.69","Sleeping Prince"
"Dead Island 2","12615","Dead Island 2","44700","3780","602","1","24","0","0","11.83","Dead Island 2"
"Laura Bow 2: The Dagger of Amon-Ra","12616","Laura Bow 2: The Dagger of Amon-Ra","44700","8100","87","2","18","0","0","5.52","Laura Bow 2: The Dagger of Amon-Ra"
"Creeper World 2","12617","Creeper World 2","44700","9900","32","2","23","0","0","4.52","Creeper World 2"
"High School Dreams","12618","High School Dreams","44700","2040","271","1","9","0","0","21.91","High School Dreams"
"Depths of Fear: Knossos","12619","Depths of Fear: Knossos","44640","1560","178","2","10","0","0","28.62","Depths of Fear: Knossos"
"Armored Core 2: Another Age","12620","Armored Core 2: Another Age","44640","5640","74","1","13","0","0","7.91","Armored Core 2: Another Age"
"Parsec","12621","Parsec","44640","15960","80","2","83","0","0","2.8","Parsec"
"Vzerthos: The Heir of Thunder","12622","Vzerthos: The Heir of Thunder","44580","420","720","1","3","0","0","106.14","Vzerthos: The Heir of Thunder"
"Reign of Guilds","12623","Reign of Guilds","44580","240","455","1","1","0","0","185.75","Reign of Guilds"
"Zero-4 Champ RR","12624","Zero-4 Champ RR","44580","1440","45","1","1","0","0","30.96","Zero-4 Champ RR"
"Sexy Adventures on Porn Island","12625","Sexy Adventures on Porn Island","44580","18660","13","2","32","0","0","2.39","Sexy Adventures on Porn Island"
"Train Fever","12626","Train Fever","44580","11520","335","2","51","0","0","3.87","Train Fever"
"Void Mine","12627","Void Mine","44580","900","206","1","4","0","0","49.53","Void Mine"
"Fracter","12628","Fracter","44580","1680","293","1","11","0","0","26.54","Fracter"
"White Knight Chronicles II","12629","White Knight Chronicles II","44520","6420","44","1","16","0","0","6.93","White Knight Chronicles II"
"Splatterhouse 3","12630","Splatterhouse 3","44520","5760","71","2","28","0","0","7.73","Splatterhouse 3"
"TRIVIAL PURSUIT & Friends","12631","TRIVIAL PURSUIT & Friends","44520","780","270","1","6","0","0","57.08","TRIVIAL PURSUIT & Friends"
"Age of Gladiators","12632","Age of Gladiators","44520","4440","112","1","16","0","0","10.03","Age of Gladiators"
"Dissolution","12633","Dissolution","44520","8580","103","2","24","0","0","5.19","Dissolution"
"Argo","12634","Argo","44460","36240","41","2","189","0","0","1.23","Argo"
"Grim Tales: The Wishes","12635","Grim Tales: The Wishes","44460","3840","59","1","10","0","0","11.58","Grim Tales: The Wishes"
"Sonic's Schoolhouse","12636","Sonic's Schoolhouse","44460","5760","187","2","23","0","0","7.72","Sonic's Schoolhouse"
"SpongeBob SquarePants: Employee of the Month","12637","SpongeBob SquarePants: Employee of the Month","44400","6000","103","1","38","0","0","7.4","SpongeBob SquarePants: Employee of the Month"
"Arena","12638","Arena","44400","27900","28","2","56","0","0","1.59","Arena"
"Startopia","12639","Startopia","44400","13560","112","2","40","0","0","3.27","Startopia"
"Daxter","12640","Daxter","44400","17940","20","2","62","0","0","2.47","Daxter"
"Scrap Garden","12641","Scrap Garden","44400","5940","113","1","35","0","0","7.47","Scrap Garden"
"Sticks And Bones","12642","Sticks And Bones","44400","3960","123","1","40","0","0","11.21","Sticks And Bones"
"Casino De Luxe","12643","Casino De Luxe","44340","12420","114","2","46","0","0","3.57","Casino De Luxe"
"Bring to Light","12644","Bring to Light","44340","6360","64","1","32","0","0","6.97","Bring to Light"
"Moonbase Alpha","12645","Moonbase Alpha","44340","15900","64","3","118","0","0","2.79","Moonbase Alpha"
"I Shall Remain","12646","I Shall Remain","44340","300","386","1","2","0","0","147.8","I Shall Remain"
"SpellForce 2: Shadow Wars","12647","SpellForce 2: Shadow Wars","44340","17940","21","3","34","0","0","2.47","SpellForce 2: Shadow Wars"
"VeggieTales: LarryBoy and the Bad Apple","12648","VeggieTales: LarryBoy and the Bad Apple","44280","4620","172","3","15","0","0","9.58","VeggieTales: LarryBoy and the Bad Apple"
"Adventures in the Magic Kingdom","12649","Adventures in the Magic Kingdom","44280","4140","381","3","22","0","0","10.7","Adventures in the Magic Kingdom"
"Joe Dever's Lone Wolf HD Remastered","12650","Joe Dever's Lone Wolf HD Remastered","44280","12840","38","1","38","0","0","3.45","Joe Dever's Lone Wolf HD Remastered"
"Mr. Massagy","12651","Mr. Massagy","44280","5400","128","2","53","0","0","8.2","Mr. Massagy"
"Hollow Knight: Silksong","12652","Hollow Knight: Silksong","44280","2820","611","1","23","0","0","15.7","Hollow Knight: Silksong"
"Phantaruk","12653","Phantaruk","44220","6420","92","1","42","0","0","6.89","Phantaruk"
"Tokimeki Memorial 2: Music Video Clips: Circus de Ai Imashou","12654","Tokimeki Memorial 2: Music Video Clips: Circus de Ai Imashou","44220","600","134","1","1","0","0","73.7","Tokimeki Memorial 2: Music Video Clips: Circus de Ai Imashou"
"Okinawa Rush","12655","Okinawa Rush","44220","13200","12","2","4","0","0","3.35","Okinawa Rush"
"Picross NP","12656","Picross NP","44220","3120","352","1","8","0","0","14.17","Picross NP"
"Swordsman","12657","Swordsman","44220","13380","172","2","27","0","0","3.3","Swordsman"
"Gang Wars","12658","Gang Wars","44220","660","371","1","6","0","0","67","Gang Wars"
"Medal of Honor: Allied Assault - Spearhead","12659","Medal of Honor: Allied Assault - Spearhead","44220","13320","30","2","28","0","0","3.32","Medal of Honor: Allied Assault - Spearhead"
"Quake II Mission Pack: The Reckoning","12660","Quake II Mission Pack: The Reckoning","44160","4140","63","1","16","0","0","10.67","Quake II Mission Pack: The Reckoning"
"Verdant Skies","12661","Verdant Skies","44160","7500","39","1","26","0","0","5.89","Verdant Skies"
"Earthlock: Festival Of Magic","12662","Earthlock: Festival Of Magic","44160","17760","23","2","55","0","0","2.49","Earthlock: Festival Of Magic"
"Vos en Haas: Het plan van Haas","12663","Vos en Haas: Het plan van Haas","44160","60","758","1","1","0","0","736","Vos en Haas: Het plan van Haas"
"Demon Driver: Time to Burn Rubber!","12664","Demon Driver: Time to Burn Rubber!","44160","120","370","1","1","0","0","368","Demon Driver: Time to Burn Rubber!"
"Disney's Darkwing Duck","12665","Disney's Darkwing Duck","44100","1560","122","1","6","0","0","28.27","Disney's Darkwing Duck"
"Eroico","12666","Eroico","44100","5280","121","1","43","0","0","8.35","Eroico"
"Age of Empires II: The Forgotten","12667","Age of Empires II: The Forgotten","44100","22260","23","2","65","0","0","1.98","Age of Empires II: The Forgotten"
"Haimrik","12668","Haimrik","44100","6240","70","1","25","0","0","7.07","Haimrik"
"Forza Motorsport","12669","Forza Motorsport","44100","6360","81","2","24","0","0","6.93","Forza Motorsport"
"Air Zonk","12670","Air Zonk","44100","3480","110","1","11","0","0","12.67","Air Zonk"
"Front Mission 4","12671","Front Mission 4","44040","11820","44","2","25","0","0","3.73","Front Mission 4"
"Camp Sunshine","12672","Camp Sunshine","44040","10140","21","2","44","0","0","4.34","Camp Sunshine"
"Easy Piano","12673","Easy Piano","44040","4440","185","1","19","0","0","9.92","Easy Piano"
"Mega Man Xtreme","12674","Mega Man Xtreme","43980","6600","37","2","27","0","0","6.66","Mega Man Xtreme"
"Where in the World is Carmen Sandiego?","12675","Where in the World is Carmen Sandiego?","43920","7080","62","1","38","0","0","6.2","Where in the World is Carmen Sandiego?"
"Floigan Brothers: Episode 1","12676","Floigan Brothers: Episode 1","43920","660","278","1","4","0","0","66.55","Floigan Brothers: Episode 1"
"Rayman: Hoodlum's Revenge","12677","Rayman: Hoodlum's Revenge","43920","780","393","1","5","0","0","56.31","Rayman: Hoodlum's Revenge"
"Metal Max 4: Moonlight Diva","12678","Metal Max 4: Moonlight Diva","43920","4020","17","1","1","0","0","10.93","Metal Max 4: Moonlight Diva"
"Prank Call","12679","Prank Call","43920","59280","111","2","28","0","0","0.74","Prank Call"
"Whac-A-Mole","12680","Whac-A-Mole","43860","120","369","1","1","0","0","365.5","Whac-A-Mole"
"Munich Bus Simulator","12681","Munich Bus Simulator","43860","480","172","1","2","0","0","91.38","Munich Bus Simulator"
"Arc the Lad: Twilight of the Spirits","12682","Arc the Lad: Twilight of the Spirits","43860","24600","36","2","76","0","0","1.78","Arc the Lad: Twilight of the Spirits"
"Touch Online","12683","Touch Online","43860","23100","41","2","64","0","0","1.9","Touch Online"
"Muchi Muchi Pork!","12684","Muchi Muchi Pork!","43860","2580","88","1","12","0","0","17","Muchi Muchi Pork!"
"Monkey Poo","12685","Monkey Poo","43860","21480","260","2","9","0","0","2.04","Monkey Poo"
"The Miskatonic","12686","The Miskatonic","43800","7380","449","2","34","0","0","5.93","The Miskatonic"
"Taiko Drum Master","12687","Taiko Drum Master","43800","5760","189","1","38","0","0","7.6","Taiko Drum Master"
"Marvel vs. Capcom Origins","12688","Marvel vs. Capcom Origins","43800","7680","487","2","41","0","0","5.7","Marvel vs. Capcom Origins"
"Lords of Magic","12689","Lords of Magic","43800","2460","249","1","14","0","0","17.8","Lords of Magic"
"Hex","12690","Hex","43800","2280","125","1","9","0","0","19.21","Hex"
"Tapsonic TOP","12691","Tapsonic TOP","43800","15000","132","2","93","0","0","2.92","Tapsonic TOP"
"Sudden Strike","12692","Sudden Strike","43800","8400","28","1","24","0","0","5.21","Sudden Strike"
"Super Rude Bear Resurrection","12693","Super Rude Bear Resurrection","43800","11400","23","2","39","0","0","3.84","Super Rude Bear Resurrection"
"Ovivo","12694","Ovivo","43740","11160","74","2","76","0","0","3.92","Ovivo"
"Opera Omnia","12695","Opera Omnia","43740","7020","170","1","106","0","0","6.23","Opera Omnia"
"WarioWare Gold","12696","WarioWare Gold","43740","5940","133","2","19","0","0","7.36","WarioWare Gold"
"DeathCrank","12697","DeathCrank","43740","120","374","1","0","0","0","364.5","DeathCrank"
"Road Rash II","12698","Road Rash II","43740","9480","123","2","41","0","0","4.61","Road Rash II"
"404Sight","12699","404Sight","43740","1500","473","2","20","0","0","29.16","404Sight"
"Friday The 13th: The Computer Game","12700","Friday The 13th: The Computer Game","43740","3240","230","1","27","0","0","13.5","Friday The 13th: The Computer Game"