"","","Game","Watch time","Stream time","Peak viewers","Peak channels","Streamers","Average viewers","Average channels","Average viewer ratio",""
"Yu-Gi-Oh! Duel Monsters II: Dark Duel Stories","13701","Yu-Gi-Oh! Duel Monsters II: Dark Duel Stories","32880","3780","33","4","10","0","0","8.7","Yu-Gi-Oh! Duel Monsters II: Dark Duel Stories"
"Jikkyou Powerful Pro Yakyuu 14","13702","Jikkyou Powerful Pro Yakyuu 14","32880","3540","17","1","3","0","0","9.29","Jikkyou Powerful Pro Yakyuu 14"
"Eldevin","13703","Eldevin","32880","14340","83","2","37","0","0","2.29","Eldevin"
"Disney Sports Soccer","13704","Disney Sports Soccer","32880","240","344","1","2","0","0","137","Disney Sports Soccer"
"Time Tunnel","13705","Time Tunnel","32880","300","154","1","2","0","0","109.6","Time Tunnel"
"A Christmas Carol","13706","A Christmas Carol","32880","2220","143","2","8","0","0","14.81","A Christmas Carol"
"Fire ProWrestling D","13707","Fire ProWrestling D","32880","120","280","1","1","0","0","274","Fire ProWrestling D"
"Deadstorm Pirates","13708","Deadstorm Pirates","32820","1260","90","1","3","0","0","26.05","Deadstorm Pirates"
"Crime Life: Gang Wars","13709","Crime Life: Gang Wars","32820","6480","35","1","19","0","0","5.06","Crime Life: Gang Wars"
"Bubble Ghost","13710","Bubble Ghost","32820","1980","503","2","10","0","0","16.58","Bubble Ghost"
"Voxatron","13711","Voxatron","32820","840","405","1","3","0","0","39.07","Voxatron"
"Neo ATLAS 1469","13712","Neo ATLAS 1469","32820","4740","68","2","10","0","0","6.92","Neo ATLAS 1469"
"PriPara","13713","PriPara","32820","11820","37","2","17","0","0","2.78","PriPara"
"Invasher","13714","Invasher","32760","1140","101","1","3","0","0","28.74","Invasher"
"Majestic: The Card Game","13715","Majestic: The Card Game","32760","660","281","1","2","0","0","49.64","Majestic: The Card Game"
"Virtual Bart","13716","Virtual Bart","32760","2820","295","3","18","0","0","11.62","Virtual Bart"
"Clash at Demonhead","13717","Clash at Demonhead","32760","2820","50","1","10","0","0","11.62","Clash at Demonhead"
"Dungeon Hunter 5","13718","Dungeon Hunter 5","32760","27360","61","2","99","0","0","1.2","Dungeon Hunter 5"
"Kong","13719","Kong","32760","1680","517","1","3","0","0","19.5","Kong"
"Inazuma Eleven GO: Galaxy","13720","Inazuma Eleven GO: Galaxy","32760","7380","104","1","18","0","0","4.44","Inazuma Eleven GO: Galaxy"
"Subdivision Infinity DX","13721","Subdivision Infinity DX","32700","5220","105","3","31","0","0","6.26","Subdivision Infinity DX"
"Poker Pretty Girls Battle: Texas Hold'em","13722","Poker Pretty Girls Battle: Texas Hold'em","32700","2700","154","1","14","0","0","12.11","Poker Pretty Girls Battle: Texas Hold'em"
"Dragon Ball Z: Idainaru Dragon Ball Densetsu","13723","Dragon Ball Z: Idainaru Dragon Ball Densetsu","32700","3000","75","2","12","0","0","10.9","Dragon Ball Z: Idainaru Dragon Ball Densetsu"
"Vexx","13724","Vexx","32700","10440","23","2","28","0","0","3.13","Vexx"
"Rigs of Rods","13725","Rigs of Rods","32700","7440","402","1","33","0","0","4.4","Rigs of Rods"
"Pilotwings 64","13726","Pilotwings 64","32700","8820","59","3","41","0","0","3.71","Pilotwings 64"
"Doodle Mafia","13727","Doodle Mafia","32700","240","400","1","3","0","0","136.25","Doodle Mafia"
"EndCycle","13728","EndCycle","32640","3600","119","4","9","0","0","9.07","EndCycle"
"MechWarrior 4: Mercenaries","13729","MechWarrior 4: Mercenaries","32640","15480","18","1","52","0","0","2.11","MechWarrior 4: Mercenaries"
"Painkiller: Overdose","13730","Painkiller: Overdose","32640","11100","34","2","51","0","0","2.94","Painkiller: Overdose"
"Farm Frenzy","13731","Farm Frenzy","32640","4560","153","1","24","0","0","7.16","Farm Frenzy"
"MTX Mototrax","13732","MTX Mototrax","32640","3900","262","2","13","0","0","8.37","MTX Mototrax"
"Gauntlet III: The Final Quest","13733","Gauntlet III: The Final Quest","32580","120","319","1","1","0","0","271.5","Gauntlet III: The Final Quest"
"Shooting Love 10th Anniversary","13734","Shooting Love 10th Anniversary","32580","720","147","1","4","0","0","45.25","Shooting Love 10th Anniversary"
"Rayman Designer","13735","Rayman Designer","32580","1680","237","2","6","0","0","19.39","Rayman Designer"
"Magical Starsign","13736","Magical Starsign","32580","10080","14","2","12","0","0","3.23","Magical Starsign"
"OffRoad","13737","OffRoad","32580","1440","185","1","8","0","0","22.63","OffRoad"
"Styx","13738","Styx","32580","1800","523","1","15","0","0","18.1","Styx"
"Star Trek: Deep Space Nine - The Fallen","13739","Star Trek: Deep Space Nine - The Fallen","32580","4140","58","1","6","0","0","7.87","Star Trek: Deep Space Nine - The Fallen"
"Starters Orders 6","13740","Starters Orders 6","32580","4500","19","1","9","0","0","7.24","Starters Orders 6"
"Alien Rage","13741","Alien Rage","32520","14940","32","2","74","0","0","2.18","Alien Rage"
"Arc the Lad II","13742","Arc the Lad II","32520","11220","13","1","10","0","0","2.9","Arc the Lad II"
"Madou Monogatari ARS","13743","Madou Monogatari ARS","32520","420","110","1","1","0","0","77.43","Madou Monogatari ARS"
"TM Network Live in Power Bowl","13744","TM Network Live in Power Bowl","32460","60","541","1","0","0","0","541","TM Network Live in Power Bowl"
"Chronology","13745","Chronology","32460","4440","77","1","20","0","0","7.31","Chronology"
"Dynasty Warriors 6","13746","Dynasty Warriors 6","32460","9840","31","1","35","0","0","3.3","Dynasty Warriors 6"
"A Game of Thrones: Genesis","13747","A Game of Thrones: Genesis","32460","9120","28","2","11","0","0","3.56","A Game of Thrones: Genesis"
"Dogz","13748","Dogz","32460","2520","386","1","9","0","0","12.88","Dogz"
"Disgaea D2: A Brighter Darkness","13749","Disgaea D2: A Brighter Darkness","32460","15300","18","3","26","0","0","2.12","Disgaea D2: A Brighter Darkness"
"Ridge Racer","13750","Ridge Racer","32460","9420","165","2","46","0","0","3.45","Ridge Racer"
"Heroes of Annihilated Empires","13751","Heroes of Annihilated Empires","32460","8220","52","2","24","0","0","3.95","Heroes of Annihilated Empires"
"Shaman King: Master of Spirits","13752","Shaman King: Master of Spirits","32460","9360","133","2","17","0","0","3.47","Shaman King: Master of Spirits"
"Aero the Acro-Bat","13753","Aero the Acro-Bat","32460","3060","135","1","18","0","0","10.61","Aero the Acro-Bat"
"Helen's Mysterious Castle","13754","Helen's Mysterious Castle","32460","7260","63","2","21","0","0","4.47","Helen's Mysterious Castle"
"Dogs Playing Poker","13755","Dogs Playing Poker","32460","2880","525","1","3","0","0","11.27","Dogs Playing Poker"
"Dick Wilde","13756","Dick Wilde","32460","4380","213","1","22","0","0","7.41","Dick Wilde"
"Direwolf","13757","Direwolf","32400","4680","42","2","18","0","0","6.92","Direwolf"
"Gekido Advance: Kintaro's Revenge","13758","Gekido Advance: Kintaro's Revenge","32400","3720","112","1","28","0","0","8.71","Gekido Advance: Kintaro's Revenge"
"Looney Tunes B-Ball","13759","Looney Tunes B-Ball","32400","720","275","1","7","0","0","45","Looney Tunes B-Ball"
"Shining Tears","13760","Shining Tears","32400","6420","353","1","21","0","0","5.05","Shining Tears"
"Def Jam: Fight for NY: The Takeover","13761","Def Jam: Fight for NY: The Takeover","32400","6000","263","2","28","0","0","5.4","Def Jam: Fight for NY: The Takeover"
"Umineko no Naku Koro ni Episode 2 Turn of the Golden Witch","13762","Umineko no Naku Koro ni Episode 2 Turn of the Golden Witch","32400","10320","19","2","9","0","0","3.14","Umineko no Naku Koro ni Episode 2 Turn of the Golden Witch"
"Dizzy's Excellent Adventures","13763","Dizzy's Excellent Adventures","32400","2160","41","1","4","0","0","15","Dizzy's Excellent Adventures"
"Get in the Car, Loser!","13764","Get in the Car, Loser!","32340","600","93","1","3","0","0","53.9","Get in the Car, Loser!"
"The Perfect Tower","13765","The Perfect Tower","32340","7860","35","3","8","0","0","4.11","The Perfect Tower"
"Pac-Man Fever","13766","Pac-Man Fever","32340","2640","95","2","13","0","0","12.25","Pac-Man Fever"
"Fantastic Four: Rise of the Silver Surfer","13767","Fantastic Four: Rise of the Silver Surfer","32340","840","427","1","6","0","0","38.5","Fantastic Four: Rise of the Silver Surfer"
"Second Samurai","13768","Second Samurai","32340","120","537","1","1","0","0","269.5","Second Samurai"
"Guilty Gear X2","13769","Guilty Gear X2","32340","4800","32","1","27","0","0","6.74","Guilty Gear X2"
"Van Helsing","13770","Van Helsing","32340","16320","32","2","73","0","0","1.98","Van Helsing"
"FarSky","13771","FarSky","32340","9300","77","2","68","0","0","3.48","FarSky"
"Kickboxing","13772","Kickboxing","32340","960","191","1","5","0","0","33.69","Kickboxing"
"The Watchers","13773","The Watchers","32280","540","312","1","6","0","0","59.78","The Watchers"
"Smashbox Arena","13774","Smashbox Arena","32280","8640","213","2","25","0","0","3.74","Smashbox Arena"
"Journey to the Planets","13775","Journey to the Planets","32280","120","367","2","2","0","0","269","Journey to the Planets"
"Sigi - A Fart for Melusina","13776","Sigi - A Fart for Melusina","32280","9600","55","2","75","0","0","3.36","Sigi - A Fart for Melusina"
"Rayman 3","13777","Rayman 3","32280","10680","70","3","64","0","0","3.02","Rayman 3"
"Littlewargame","13778","Littlewargame","32280","12840","29","2","24","0","0","2.51","Littlewargame"
"Portal of Evil: Stolen Runes","13779","Portal of Evil: Stolen Runes","32280","3900","39","1","11","0","0","8.28","Portal of Evil: Stolen Runes"
"Time Mysteries 2: The Ancient Spectres","13780","Time Mysteries 2: The Ancient Spectres","32220","2460","54","1","5","0","0","13.1","Time Mysteries 2: The Ancient Spectres"
"Jerry Rice and Nitus' Dog Football","13781","Jerry Rice and Nitus' Dog Football","32220","1260","94","1","9","0","0","25.57","Jerry Rice and Nitus' Dog Football"
"Back to the Future: The Game - Episode 3: Citizen Brown","13782","Back to the Future: The Game - Episode 3: Citizen Brown","32220","6480","27","1","24","0","0","4.97","Back to the Future: The Game - Episode 3: Citizen Brown"
"Chris Sawyer's Locomotion","13783","Chris Sawyer's Locomotion","32220","4800","32","1","18","0","0","6.71","Chris Sawyer's Locomotion"
"Blank Dream","13784","Blank Dream","32220","8580","30","1","34","0","0","3.76","Blank Dream"
"Master Miner","13785","Master Miner","32220","420","105","1","1","0","0","76.71","Master Miner"
"House of the Dying Sun","13786","House of the Dying Sun","32220","13200","198","2","56","0","0","2.44","House of the Dying Sun"
"(Don't) Open Your Eyes","13787","(Don't) Open Your Eyes","32160","3600","78","2","28","0","0","8.93","(Don't) Open Your Eyes"
"Candoo Ninja","13788","Candoo Ninja","32160","240","278","2","2","0","0","134","Candoo Ninja"
"Designasaurus II","13789","Designasaurus II","32160","600","174","1","3","0","0","53.6","Designasaurus II"
"Anime Workshop","13790","Anime Workshop","32160","18060","13","2","26","0","0","1.78","Anime Workshop"
"Touhou 15.5 - Antinomy of Common Flowers","13791","Touhou 15.5 - Antinomy of Common Flowers","32160","7200","93","2","50","0","0","4.47","Touhou 15.5 - Antinomy of Common Flowers"
"Skeletal Dance Party","13792","Skeletal Dance Party","32160","4800","33","2","24","0","0","6.7","Skeletal Dance Party"
"VEGA Conflict","13793","VEGA Conflict","32160","15300","43","2","59","0","0","2.1","VEGA Conflict"
"Skylanders SWAP Force","13794","Skylanders SWAP Force","32160","12060","134","2","39","0","0","2.67","Skylanders SWAP Force"
"Generals & Rulers","13795","Generals & Rulers","32100","960","210","1","5","0","0","33.44","Generals & Rulers"
"Touhou 12 - Undefined Fantastic Object","13796","Touhou 12 - Undefined Fantastic Object","32100","15660","53","2","85","0","0","2.05","Touhou 12 - Undefined Fantastic Object"
"World Heroes Perfect","13797","World Heroes Perfect","32100","19380","48","2","18","0","0","1.66","World Heroes Perfect"
"Body of Evidence","13798","Body of Evidence","32100","420","146","1","4","0","0","76.43","Body of Evidence"
"Conga Master","13799","Conga Master","32100","4560","55","1","13","0","0","7.04","Conga Master"
"DragonBall Heroes: Ultimate Mission X","13800","DragonBall Heroes: Ultimate Mission X","32040","2580","104","1","14","0","0","12.42","DragonBall Heroes: Ultimate Mission X"