"","","Game","Watch time","Stream time","Peak viewers","Peak channels","Streamers","Average viewers","Average channels","Average viewer ratio",""
"NHL 99","11501","NHL 99","60960","5220","162","1","10","0","0","11.68","NHL 99"
"Gruntz","11502","Gruntz","60960","2880","451","2","8","0","0","21.17","Gruntz"
"Dragon Saga","11503","Dragon Saga","60960","23340","71","3","75","0","0","2.61","Dragon Saga"
"Guilty Gear Xrd -SIGN-","11504","Guilty Gear Xrd -SIGN-","60960","22740","30","2","141","0","0","2.68","Guilty Gear Xrd -SIGN-"
"Waterworld","11505","Waterworld","60960","1920","525","1","5","0","0","31.75","Waterworld"
"Berlin Connection","11506","Berlin Connection","60960","1080","133","1","1","0","0","56.44","Berlin Connection"
"Dragon Blaze","11507","Dragon Blaze","60900","13500","15","1","31","0","0","4.51","Dragon Blaze"
"The Sims 3: Into the Future","11508","The Sims 3: Into the Future","60900","21120","36","2","51","0","0","2.88","The Sims 3: Into the Future"
"Beast Quest","11509","Beast Quest","60900","19140","426","2","67","0","0","3.18","Beast Quest"
"Sky","11510","Sky","60900","14280","102","3","73","0","0","4.26","Sky"
"Bratz: Girlz Really Rock!","11511","Bratz: Girlz Really Rock!","60900","1620","110","1","4","0","0","37.59","Bratz: Girlz Really Rock!"
"Korix","11512","Korix","60840","4560","34","2","7","0","0","13.34","Korix"
"Planetoid Pioneers","11513","Planetoid Pioneers","60840","6420","152","4","32","0","0","9.48","Planetoid Pioneers"
"NHL Hitz Pro","11514","NHL Hitz Pro","60780","1920","977","1","9","0","0","31.66","NHL Hitz Pro"
"I Wanna Take the Time Machine","11515","I Wanna Take the Time Machine","60780","2880","239","2","10","0","0","21.1","I Wanna Take the Time Machine"
"Quick Yoga Training","11516","Quick Yoga Training","60780","7380","446","2","18","0","0","8.24","Quick Yoga Training"
"Vandals","11517","Vandals","60780","1080","512","1","8","0","0","56.28","Vandals"
"Subway Surfers","11518","Subway Surfers","60720","39060","669","2","261","0","0","1.55","Subway Surfers"
"Iris and the Giant","11519","Iris and the Giant","60720","300","516","1","2","0","0","202.4","Iris and the Giant"
"Akiba's Trip: Hellbound & Debriefed","11520","Akiba's Trip: Hellbound & Debriefed","60720","360","377","1","4","0","0","168.67","Akiba's Trip: Hellbound & Debriefed"
"GFL Championship Football","11521","GFL Championship Football","60660","300","883","1","6","0","0","202.2","GFL Championship Football"
"Sacred Earth - Promise","11522","Sacred Earth - Promise","60660","720","233","1","2","0","0","84.25","Sacred Earth - Promise"
"Trillion: God of Destruction","11523","Trillion: God of Destruction","60660","18960","45","3","40","0","0","3.2","Trillion: God of Destruction"
"Sukashika Shipanman DS","11524","Sukashika Shipanman DS","60600","1080","73","1","1","0","0","56.11","Sukashika Shipanman DS"
"The Sims Mobile","11525","The Sims Mobile","60600","18780","66","2","98","0","0","3.23","The Sims Mobile"
"Contra: Shattered Soldier","11526","Contra: Shattered Soldier","60600","7020","119","2","24","0","0","8.63","Contra: Shattered Soldier"
"Scarlet Blade","11527","Scarlet Blade","60600","10500","118","2","37","0","0","5.77","Scarlet Blade"
"Games Explosion!","11528","Games Explosion!","60600","23700","382","3","77","0","0","2.56","Games Explosion!"
"Doom and Destiny","11529","Doom and Destiny","60540","6900","92","2","17","0","0","8.77","Doom and Destiny"
"Blade","11530","Blade","60540","4800","426","2","18","0","0","12.61","Blade"
"Sprint Vector","11531","Sprint Vector","60540","16620","100","2","118","0","0","3.64","Sprint Vector"
"Xenon Valkyrie","11532","Xenon Valkyrie","60540","6300","195","2","64","0","0","9.61","Xenon Valkyrie"
"City Climber","11533","City Climber","60540","1680","396","1","16","0","0","36.04","City Climber"
"Sakura Taisen 1 & 2","11534","Sakura Taisen 1 & 2","60480","8880","64","1","8","0","0","6.81","Sakura Taisen 1 & 2"
"Recursion Deluxe","11535","Recursion Deluxe","60480","900","840","1","6","0","0","67.2","Recursion Deluxe"
"Panzer Dragoon II: Zwei","11536","Panzer Dragoon II: Zwei","60480","14880","111","1","24","0","0","4.06","Panzer Dragoon II: Zwei"
"League of Legends: Wild Rift","11537","League of Legends: Wild Rift","60480","38520","149","4","177","0","0","1.57","League of Legends: Wild Rift"
"Warriors of Fate","11538","Warriors of Fate","60420","4200","168","1","18","0","0","14.39","Warriors of Fate"
"Convoy no Nazo","11539","Convoy no Nazo","60420","1560","344","5","8","0","0","38.73","Convoy no Nazo"
"Overturn: Mecha Wars","11540","Overturn: Mecha Wars","60420","180","1006","1","3","0","0","335.67","Overturn: Mecha Wars"
"Neofeud","11541","Neofeud","60420","12960","60","2","32","0","0","4.66","Neofeud"
"Game Builder","11542","Game Builder","60420","11640","472","3","59","0","0","5.19","Game Builder"
"Spitkiss","11543","Spitkiss","60420","1200","356","1","11","0","0","50.35","Spitkiss"
"EarthX","11544","EarthX","60420","4260","207","1","32","0","0","14.18","EarthX"
"All Night Nippon Super Mario Bros.","11545","All Night Nippon Super Mario Bros.","60360","4680","174","1","14","0","0","12.9","All Night Nippon Super Mario Bros."
"NASCAR 08","11546","NASCAR 08","60360","4680","125","2","3","0","0","12.9","NASCAR 08"
"Nancy Drew: Danger by Design","11547","Nancy Drew: Danger by Design","60360","13080","34","2","41","0","0","4.61","Nancy Drew: Danger by Design"
"Trouble Witches Neo!","11548","Trouble Witches Neo!","60360","1440","128","1","4","0","0","41.92","Trouble Witches Neo!"
"Contra ReBirth","11549","Contra ReBirth","60360","4200","459","2","26","0","0","14.37","Contra ReBirth"
"Go! Go! Nippon! ~My First Trip to Japan~","11550","Go! Go! Nippon! ~My First Trip to Japan~","60360","6720","305","1","26","0","0","8.98","Go! Go! Nippon! ~My First Trip to Japan~"
"Legacy of the Wizard","11551","Legacy of the Wizard","60300","5520","64","3","20","0","0","10.92","Legacy of the Wizard"
"Yu-Gi-Oh! Dungeondice Monsters","11552","Yu-Gi-Oh! Dungeondice Monsters","60300","480","532","1","5","0","0","125.63","Yu-Gi-Oh! Dungeondice Monsters"
"The Lost Crown: A Ghost-Hunting Adventure","11553","The Lost Crown: A Ghost-Hunting Adventure","60240","13680","109","2","31","0","0","4.4","The Lost Crown: A Ghost-Hunting Adventure"
"The Corridor: On Behalf Of The Dead","11554","The Corridor: On Behalf Of The Dead","60240","2100","148","1","12","0","0","28.69","The Corridor: On Behalf Of The Dead"
"Brimstone Brawlers","11555","Brimstone Brawlers","60240","10020","35","6","21","0","0","6.01","Brimstone Brawlers"
"AFL","11556","AFL","60240","2760","66","1","6","0","0","21.83","AFL"
"Delicious: Emily's Taste of Fame","11557","Delicious: Emily's Taste of Fame","60240","1080","619","1","4","0","0","55.78","Delicious: Emily's Taste of Fame"
"SuperEpic: The Entertainment War","11558","SuperEpic: The Entertainment War","60240","3240","162","2","15","0","0","18.59","SuperEpic: The Entertainment War"
"How to Cope with Boredom & Loneliness","11559","How to Cope with Boredom & Loneliness","60180","1680","333","1","18","0","0","35.82","How to Cope with Boredom & Loneliness"
"Battlezone: Combat Commander","11560","Battlezone: Combat Commander","60180","16440","189","2","38","0","0","3.66","Battlezone: Combat Commander"
"Sword With Sauce","11561","Sword With Sauce","60180","20940","166","2","160","0","0","2.87","Sword With Sauce"
"Space Quest I: Roger Wilco in the Sarien Encounter","11562","Space Quest I: Roger Wilco in the Sarien Encounter","60180","10200","46","1","38","0","0","5.9","Space Quest I: Roger Wilco in the Sarien Encounter"
"Knytt Stories","11563","Knytt Stories","60120","20460","23","2","13","0","0","2.94","Knytt Stories"
"Mighty Morphin Power Rangers: Mega Battle","11564","Mighty Morphin Power Rangers: Mega Battle","60120","9240","168","2","48","0","0","6.51","Mighty Morphin Power Rangers: Mega Battle"
"Beat the House","11565","Beat the House","60120","1440","152","1","6","0","0","41.75","Beat the House"
"Chasing Dead","11566","Chasing Dead","60060","120","515","1","1","0","0","500.5","Chasing Dead"
"Exploding Kittens","11567","Exploding Kittens","60060","10260","177","5","62","0","0","5.85","Exploding Kittens"
"Vicious Attack Llama Apocalypse","11568","Vicious Attack Llama Apocalypse","60000","960","889","1","7","0","0","62.5","Vicious Attack Llama Apocalypse"
"McDonald's Treasure Land Adventure","11569","McDonald's Treasure Land Adventure","60000","4860","156","3","27","0","0","12.35","McDonald's Treasure Land Adventure"
"Colosseum: Road to Freedom","11570","Colosseum: Road to Freedom","59940","4260","161","1","12","0","0","14.07","Colosseum: Road to Freedom"
"Tyrian 2000","11571","Tyrian 2000","59940","11760","120","2","58","0","0","5.1","Tyrian 2000"
"Lunar: Silver Star Harmony","11572","Lunar: Silver Star Harmony","59940","13920","23","1","22","0","0","4.31","Lunar: Silver Star Harmony"
"Coffin Dodgers","11573","Coffin Dodgers","59940","16020","180","3","82","0","0","3.74","Coffin Dodgers"
"Vanishing Realms","11574","Vanishing Realms","59940","10260","82","2","54","0","0","5.84","Vanishing Realms"
"Trinoline: Genesis","11575","Trinoline: Genesis","59940","3060","47","1","4","0","0","19.59","Trinoline: Genesis"
"Grim Tales: Color of Fright","11576","Grim Tales: Color of Fright","59880","1680","131","1","4","0","0","35.64","Grim Tales: Color of Fright"
"Mystery Quest","11577","Mystery Quest","59880","3420","156","2","14","0","0","17.51","Mystery Quest"
"Rashlander","11578","Rashlander","59880","4860","65","3","34","0","0","12.32","Rashlander"
"Zone of the Enders HD Collection","11579","Zone of the Enders HD Collection","59820","18720","58","2","51","0","0","3.2","Zone of the Enders HD Collection"
"Burning Rangers","11580","Burning Rangers","59820","4500","326","4","26","0","0","13.29","Burning Rangers"
"Ys II: Ancient Ys Vanished: The Final Chapter","11581","Ys II: Ancient Ys Vanished: The Final Chapter","59820","9540","411","1","19","0","0","6.27","Ys II: Ancient Ys Vanished: The Final Chapter"
"Horse Racing","11582","Horse Racing","59820","62340","58","2","38","0","0","0.96","Horse Racing"
"Pro Evolution Soccer 2","11583","Pro Evolution Soccer 2","59820","4560","438","1","23","0","0","13.12","Pro Evolution Soccer 2"
"Herc's Adventures","11584","Herc's Adventures","59820","5220","472","2","30","0","0","11.46","Herc's Adventures"
"Pocket League Story","11585","Pocket League Story","59820","3540","82","1","6","0","0","16.9","Pocket League Story"
"Boiling Steel","11586","Boiling Steel","59820","5580","489","1","41","0","0","10.72","Boiling Steel"
"Mirage Realms","11587","Mirage Realms","59760","12060","48","2","21","0","0","4.96","Mirage Realms"
"Hentai Arcade: Lustful Girls","11588","Hentai Arcade: Lustful Girls","59760","14100","377","2","37","0","0","4.24","Hentai Arcade: Lustful Girls"
"Dynamix","11589","Dynamix","59760","15120","42","2","65","0","0","3.95","Dynamix"
"Scavenger","11590","Scavenger","59700","300","905","1","2","0","0","199","Scavenger"
"Gameday Live","11591","Gameday Live","59700","57360","198","5","155","0","0","1.04","Gameday Live"
"Review: Jashin Fukkatsu","11592","Review: Jashin Fukkatsu","59700","540","991","1","1","0","0","110.56","Review: Jashin Fukkatsu"
"The Gallery: Heart of the Emberstone","11593","The Gallery: Heart of the Emberstone","59700","5280","134","1","29","0","0","11.31","The Gallery: Heart of the Emberstone"
"LostWinds","11594","LostWinds","59700","10260","77","2","54","0","0","5.82","LostWinds"
"Bombastic","11595","Bombastic","59700","1080","559","1","11","0","0","55.28","Bombastic"
"Deadliest Catch: Sea of Chaos","11596","Deadliest Catch: Sea of Chaos","59700","1800","375","1","4","0","0","33.17","Deadliest Catch: Sea of Chaos"
"Dragon View","11597","Dragon View","59700","5100","254","1","14","0","0","11.71","Dragon View"
"Penarium","11598","Penarium","59640","5940","706","2","25","0","0","10.04","Penarium"
"Bob The Builder: Bob's Busy Day","11599","Bob The Builder: Bob's Busy Day","59640","1980","333","1","7","0","0","30.12","Bob The Builder: Bob's Busy Day"
"Football Manager","11600","Football Manager","59640","12000","209","1","75","0","0","4.97","Football Manager"