"","","Game","Watch time","Stream time","Peak viewers","Peak channels","Streamers","Average viewers","Average channels","Average viewer ratio",""
"Ghost in the Shell: Stand Alone Complex","12501","Ghost in the Shell: Stand Alone Complex","46080","5820","105","2","14","0","0","7.92","Ghost in the Shell: Stand Alone Complex"
"Drakan: Order of the Flame","12502","Drakan: Order of the Flame","46080","9540","151","1","22","0","0","4.83","Drakan: Order of the Flame"
"Uniracers","12503","Uniracers","46080","11640","57","2","38","0","0","3.96","Uniracers"
"Musashi: Samurai Legend","12504","Musashi: Samurai Legend","46080","9060","34","2","19","0","0","5.09","Musashi: Samurai Legend"
"Fiesta","12505","Fiesta","46080","18000","24","2","29","0","0","2.56","Fiesta"
"The Consuming Shadow","12506","The Consuming Shadow","46080","8520","97","1","29","0","0","5.41","The Consuming Shadow"
"Imagine Wedding Designer","12507","Imagine Wedding Designer","46080","120","394","1","1","0","0","384","Imagine Wedding Designer"
"Forced Showdown","12508","Forced Showdown","46080","10200","187","3","44","0","0","4.52","Forced Showdown"
"King of Retail","12509","King of Retail","46080","3840","130","2","18","0","0","12","King of Retail"
"Caesar II","12510","Caesar II","46020","1320","99","1","5","0","0","34.86","Caesar II"
"A Dark Room","12511","A Dark Room","46020","5160","180","2","23","0","0","8.92","A Dark Room"
"Amorous","12512","Amorous","46020","16380","19","2","99","0","0","2.81","Amorous"
"Another Century's Episode","12513","Another Century's Episode","46020","2100","52","1","3","0","0","21.91","Another Century's Episode"
"Arcania: Fall of Setarrif","12514","Arcania: Fall of Setarrif","45960","4500","245","1","15","0","0","10.21","Arcania: Fall of Setarrif"
"Abracadabra","12515","Abracadabra","45960","120","391","1","2","0","0","383","Abracadabra"
"Christmas Adventure: Candy Storm","12516","Christmas Adventure: Candy Storm","45960","1320","159","2","7","0","0","34.82","Christmas Adventure: Candy Storm"
"Kouryu Densetsu Villgust Gaiden","12517","Kouryu Densetsu Villgust Gaiden","45960","4560","84","1","3","0","0","10.08","Kouryu Densetsu Villgust Gaiden"
"Bubbles the Cat","12518","Bubbles the Cat","45960","5640","51","2","28","0","0","8.15","Bubbles the Cat"
"Wheel of Fortune: Featuring Vanna White","12519","Wheel of Fortune: Featuring Vanna White","45900","960","398","1","8","0","0","47.81","Wheel of Fortune: Featuring Vanna White"
"Front Mission 5: Scars of the War","12520","Front Mission 5: Scars of the War","45900","9960","38","1","19","0","0","4.61","Front Mission 5: Scars of the War"
"Super Marisa Land","12521","Super Marisa Land","45900","1560","216","1","9","0","0","29.42","Super Marisa Land"
"Samorost","12522","Samorost","45900","2460","200","1","23","0","0","18.66","Samorost"
"Forge Quest","12523","Forge Quest","45900","4740","112","2","17","0","0","9.68","Forge Quest"
"Geometry Wars: Retro Evolved","12524","Geometry Wars: Retro Evolved","45840","12840","261","2","96","0","0","3.57","Geometry Wars: Retro Evolved"
"Goal! Two","12525","Goal! Two","45840","180","760","1","2","0","0","254.67","Goal! Two"
"Speed Racer: The Videogame","12526","Speed Racer: The Videogame","45840","960","407","2","10","0","0","47.75","Speed Racer: The Videogame"
"Monster Rancher EVO","12527","Monster Rancher EVO","45840","4260","289","1","6","0","0","10.76","Monster Rancher EVO"
"Realm of Valor","12528","Realm of Valor","45840","36780","48","2","84","0","0","1.25","Realm of Valor"
"Love Ritmo","12529","Love Ritmo","45840","7320","65","2","37","0","0","6.26","Love Ritmo"
"Mahjong Shanghai","12530","Mahjong Shanghai","45840","1140","173","1","2","0","0","40.21","Mahjong Shanghai"
"Project Rhombus","12531","Project Rhombus","45840","12300","127","2","108","0","0","3.73","Project Rhombus"
"Strike of Kings","12532","Strike of Kings","45780","26040","11","2","14","0","0","1.76","Strike of Kings"
"Countdown Vampires","12533","Countdown Vampires","45780","9300","25","2","23","0","0","4.92","Countdown Vampires"
"The King of Dragons","12534","The King of Dragons","45780","7020","204","2","43","0","0","6.52","The King of Dragons"
"Zero Gear","12535","Zero Gear","45780","2400","253","2","16","0","0","19.08","Zero Gear"
"Dragon City","12536","Dragon City","45720","6840","656","2","59","0","0","6.68","Dragon City"
"YuYu Hakusho Final","12537","YuYu Hakusho Final","45720","1800","362","1","8","0","0","25.4","YuYu Hakusho Final"
"Chocobo no Fushigina Dungeon","12538","Chocobo no Fushigina Dungeon","45720","8640","127","2","14","0","0","5.29","Chocobo no Fushigina Dungeon"
"World of Sea Battle","12539","World of Sea Battle","45720","16200","127","2","16","0","0","2.82","World of Sea Battle"
"Dragon Nest M","12540","Dragon Nest M","45720","33180","21","3","86","0","0","1.38","Dragon Nest M"
"Mini-Mario & Friends: amiibo Challenge","12541","Mini-Mario & Friends: amiibo Challenge","45660","720","757","2","5","0","0","63.42","Mini-Mario & Friends: amiibo Challenge"
"God Eater 2","12542","God Eater 2","45660","15360","173","3","95","0","0","2.97","God Eater 2"
"Crimson Skies","12543","Crimson Skies","45660","5100","84","2","10","0","0","8.95","Crimson Skies"
"Donkey Kong Land III","12544","Donkey Kong Land III","45660","3660","74","1","11","0","0","12.48","Donkey Kong Land III"
"Disney's Beauty and the Beast","12545","Disney's Beauty and the Beast","45600","1920","110","1","5","0","0","23.75","Disney's Beauty and the Beast"
"Bot Vice","12546","Bot Vice","45600","4860","174","2","28","0","0","9.38","Bot Vice"
"Rose of Winter","12547","Rose of Winter","45600","2280","222","2","8","0","0","20","Rose of Winter"
"Adibou et les saisons magiques","12548","Adibou et les saisons magiques","45600","17700","132","2","35","0","0","2.58","Adibou et les saisons magiques"
"Great eSports Manager","12549","Great eSports Manager","45540","3180","256","1","20","0","0","14.32","Great eSports Manager"
"Reflec Beat Limelight","12550","Reflec Beat Limelight","45540","3600","103","1","1","0","0","12.65","Reflec Beat Limelight"
"Mahoutsukai no Yoru","12551","Mahoutsukai no Yoru","45540","7500","200","1","11","0","0","6.07","Mahoutsukai no Yoru"
"Hard Truck Apocalypse: Rise of the Clans","12552","Hard Truck Apocalypse: Rise of the Clans","45540","4020","150","1","13","0","0","11.33","Hard Truck Apocalypse: Rise of the Clans"
"Magic 2015","12553","Magic 2015","45540","9540","250","2","44","0","0","4.77","Magic 2015"
"Record of Agarest War Zero","12554","Record of Agarest War Zero","45480","7860","337","2","11","0","0","5.79","Record of Agarest War Zero"
"Mind Snares: Alice's Journey","12555","Mind Snares: Alice's Journey","45480","4620","150","1","19","0","0","9.84","Mind Snares: Alice's Journey"
"Serf City: Life is Feudal","12556","Serf City: Life is Feudal","45480","600","379","1","4","0","0","75.8","Serf City: Life is Feudal"
"CHiLD","12557","CHiLD","45480","540","335","1","4","0","0","84.22","CHiLD"
"Flash Point","12558","Flash Point","45420","2700","106","1","7","0","0","16.82","Flash Point"
"Bardbarian","12559","Bardbarian","45420","3480","602","1","19","0","0","13.05","Bardbarian"
"SanctuaryRPG","12560","SanctuaryRPG","45420","14820","52","2","47","0","0","3.06","SanctuaryRPG"
"Comet Crash","12561","Comet Crash","45360","180","753","1","2","0","0","252","Comet Crash"
"Test Drive: Off-Road","12562","Test Drive: Off-Road","45360","29580","60","3","122","0","0","1.53","Test Drive: Off-Road"
"Clandestine","12563","Clandestine","45360","12000","40","3","55","0","0","3.78","Clandestine"
"Drake of the 99 Dragons","12564","Drake of the 99 Dragons","45360","7620","145","2","15","0","0","5.95","Drake of the 99 Dragons"
"Root Double: Before Crime * After Days","12565","Root Double: Before Crime * After Days","45360","11100","15","2","16","0","0","4.09","Root Double: Before Crime * After Days"
"BatMUD","12566","BatMUD","45360","13740","28","5","14","0","0","3.3","BatMUD"
"Werewolves of London","12567","Werewolves of London","45300","600","217","1","2","0","0","75.5","Werewolves of London"
"First Strike: Final Hour","12568","First Strike: Final Hour","45300","5580","120","1","25","0","0","8.12","First Strike: Final Hour"
"The Lord of the Rings: War of the Ring","12569","The Lord of the Rings: War of the Ring","45300","7500","59","1","22","0","0","6.04","The Lord of the Rings: War of the Ring"
"Radical Dreamers: Nusumenai Houseki","12570","Radical Dreamers: Nusumenai Houseki","45300","3780","244","1","12","0","0","11.98","Radical Dreamers: Nusumenai Houseki"
"Brothers in Arms: Earned in Blood","12571","Brothers in Arms: Earned in Blood","45300","12780","426","1","53","0","0","3.54","Brothers in Arms: Earned in Blood"
"Music on: Electric Guitar","12572","Music on: Electric Guitar","45240","34320","44","2","96","0","0","1.32","Music on: Electric Guitar"
"Velvet Assassin","12573","Velvet Assassin","45240","12960","102","2","43","0","0","3.49","Velvet Assassin"
"King of Kings: The Early Years","12574","King of Kings: The Early Years","45240","1560","718","1","3","0","0","29","King of Kings: The Early Years"
"Prosperous Universe","12575","Prosperous Universe","45240","1140","170","1","5","0","0","39.68","Prosperous Universe"
"Charlie Chaplin","12576","Charlie Chaplin","45180","660","742","1","6","0","0","68.45","Charlie Chaplin"
"The Basement Collection","12577","The Basement Collection","45180","4680","130","1","25","0","0","9.65","The Basement Collection"
"Tak and the Power of Juju","12578","Tak and the Power of Juju","45180","15360","39","2","48","0","0","2.94","Tak and the Power of Juju"
"Tembo the Badass Elephant","12579","Tembo the Badass Elephant","45180","30180","18","4","196","0","0","1.5","Tembo the Badass Elephant"
"Hero Defense - Haunted Island","12580","Hero Defense - Haunted Island","45180","2940","426","2","23","0","0","15.37","Hero Defense - Haunted Island"
"Smashing Pumpkins into Small Piles of Putrid Debris","12581","Smashing Pumpkins into Small Piles of Putrid Debris","45180","1980","220","1","8","0","0","22.82","Smashing Pumpkins into Small Piles of Putrid Debris"
"Cat Quest II: The Lupus Empire","12582","Cat Quest II: The Lupus Empire","45180","8460","39","2","24","0","0","5.34","Cat Quest II: The Lupus Empire"
"Acid Tetris","12583","Acid Tetris","45120","300","368","1","2","0","0","150.4","Acid Tetris"
"Manchester United Championship Soccer","12584","Manchester United Championship Soccer","45060","600","371","2","7","0","0","75.1","Manchester United Championship Soccer"
"American McGee presents SCRAPLAND","12585","American McGee presents SCRAPLAND","45060","5700","34","1","13","0","0","7.91","American McGee presents SCRAPLAND"
"Rodina","12586","Rodina","45060","7080","88","1","41","0","0","6.36","Rodina"
"Prime World: Defenders","12587","Prime World: Defenders","45060","10140","163","2","53","0","0","4.44","Prime World: Defenders"
"Little Busters!","12588","Little Busters!","45060","28740","17","2","33","0","0","1.57","Little Busters!"
"Super Mega Baseball","12589","Super Mega Baseball","45000","39180","51","3","264","0","0","1.15","Super Mega Baseball"
"Skylanders: Spyro's Adventure","12590","Skylanders: Spyro's Adventure","45000","13200","104","2","37","0","0","3.41","Skylanders: Spyro's Adventure"
"Elevator Action Deluxe","12591","Elevator Action Deluxe","45000","900","132","1","3","0","0","50","Elevator Action Deluxe"
"Barbie: Magic Genie Adventure","12592","Barbie: Magic Genie Adventure","45000","5940","481","2","24","0","0","7.58","Barbie: Magic Genie Adventure"
"The Wizards","12593","The Wizards","45000","23700","45","3","127","0","0","1.9","The Wizards"
"Starbo","12594","Starbo","45000","7080","322","1","10","0","0","6.36","Starbo"
"Teddy Floppy Ear Mountain Adventure","12595","Teddy Floppy Ear Mountain Adventure","45000","1980","423","2","14","0","0","22.73","Teddy Floppy Ear Mountain Adventure"
"The Long Return","12596","The Long Return","45000","4440","147","2","24","0","0","10.14","The Long Return"
"The Banner Saga Trilogy","12597","The Banner Saga Trilogy","44940","21480","89","2","55","0","0","2.09","The Banner Saga Trilogy"
"YuYu Hakusho Forever","12598","YuYu Hakusho Forever","44940","420","297","1","4","0","0","107","YuYu Hakusho Forever"
"Project X Zone 2","12599","Project X Zone 2","44940","7680","79","2","15","0","0","5.85","Project X Zone 2"
"Crow","12600","Crow","44940","600","893","1","6","0","0","74.9","Crow"