"","","Game","Watch time","Stream time","Peak viewers","Peak channels","Streamers","Average viewers","Average channels","Average viewer ratio",""
"Kirby's Dream Course","2101","Kirby's Dream Course","4861440","89340","7721","8","554","9","0","54.42","Kirby's Dream Course"
"The Beginner's Guide","2102","The Beginner's Guide","4856760","70500","23375","3","482","9","0","68.89","The Beginner's Guide"
"Command & Conquer: Generals - Zero Hour","2103","Command & Conquer: Generals - Zero Hour","4849560","396060","13653","8","948","9","0","12.24","Command & Conquer: Generals - Zero Hour"
"The House of Da Vinci","2104","The House of Da Vinci","4848360","148920","7650","9","375","9","0","32.56","The House of Da Vinci"
"Final Fantasy XII","2105","Final Fantasy XII","4836180","387960","1384","5","614","9","0","12.47","Final Fantasy XII"
"Eiyuu Densetsu: Sen no Kiseki IV","2106","Eiyuu Densetsu: Sen no Kiseki IV","4834500","435900","541","20","133","9","0","11.09","Eiyuu Densetsu: Sen no Kiseki IV"
"Thimbleweed Park","2107","Thimbleweed Park","4832880","671280","1458","41","2592","9","1","7.2","Thimbleweed Park"
"Deadliest Catch: The Game","2108","Deadliest Catch: The Game","4822440","45540","28330","13","256","9","0","105.89","Deadliest Catch: The Game"
"Slipstream","2109","Slipstream","4818660","50700","75114","12","321","9","0","95.04","Slipstream"
"I Am Bread","2110","I Am Bread","4818420","181740","21992","7","1581","9","0","26.51","I Am Bread"
"Parasite Eve","2111","Parasite Eve","4813200","405960","4566","8","699","9","0","11.86","Parasite Eve"
"Dungeon Munchies","2112","Dungeon Munchies","4805700","54000","7291","8","252","9","0","88.99","Dungeon Munchies"
"Asura's Wrath","2113","Asura's Wrath","4803240","125700","3971","4","376","9","0","38.21","Asura's Wrath"
"WolfTeam","2114","WolfTeam","4799700","79080","17940","4","393","9","0","60.69","WolfTeam"
"Silent Hill HD Collection","2115","Silent Hill HD Collection","4781100","69420","1016","4","326","9","0","68.87","Silent Hill HD Collection"
"Lucius II","2116","Lucius II","4771620","67560","6248","3","209","9","0","70.63","Lucius II"
"Ion Maiden","2117","Ion Maiden","4769820","298140","5611","47","1088","9","0","16","Ion Maiden"
"Accounting","2118","Accounting","4762680","62940","31686","3","753","9","0","75.67","Accounting"
"Total War: WARHAMMER","2119","Total War: WARHAMMER","4761060","455340","3591","10","1216","9","0","10.46","Total War: WARHAMMER"
"Manual Samuel","2120","Manual Samuel","4759560","122640","6131","3","880","9","0","38.81","Manual Samuel"
"Gauntlet","2121","Gauntlet","4748700","209580","79592","8","1375","9","0","22.66","Gauntlet"
"Movie Challenge","2122","Movie Challenge","4744500","193200","868","3","232","9","0","24.56","Movie Challenge"
"Giraffe Town","2123","Giraffe Town","4734180","21180","11570","4","95","9","0","223.52","Giraffe Town"
"Zero-K","2124","Zero-K","4720740","79500","6691","4","164","8","0","59.38","Zero-K"
"Kingdom Hearts 3D: Dream Drop Distance","2125","Kingdom Hearts 3D: Dream Drop Distance","4716420","269700","7227","14","490","8","0","17.49","Kingdom Hearts 3D: Dream Drop Distance"
"Her Story","2126","Her Story","4714260","147120","4859","5","737","8","0","32.04","Her Story"
"Hylics","2127","Hylics","4707720","26760","107440","13","115","8","0","175.92","Hylics"
"Clock Tower 3","2128","Clock Tower 3","4707120","81060","4698","3","136","8","0","58.07","Clock Tower 3"
"10 Miles to Safety","2129","10 Miles to Safety","4705440","39180","22227","6","176","8","0","120.1","10 Miles to Safety"
"Uncharted Waters Online","2130","Uncharted Waters Online","4703280","279600","2637","6","150","8","0","16.82","Uncharted Waters Online"
"Hand Dic","2131","Hand Dic","4697040","10200","2458","2","21","8","0","460.49","Hand Dic"
"Bloodstone Online: The Ancient Curse","2132","Bloodstone Online: The Ancient Curse","4690320","300780","2095","13","250","8","0","15.59","Bloodstone Online: The Ancient Curse"
"Just Dance Now","2133","Just Dance Now","4688400","150300","3701","4","666","8","0","31.19","Just Dance Now"
"Stand Out","2134","Stand Out","4688040","292200","22979","6","615","8","0","16.04","Stand Out"
"Titan Souls","2135","Titan Souls","4684200","252600","12806","6","1462","8","0","18.54","Titan Souls"
"The Curse of Monkey Island","2136","The Curse of Monkey Island","4682220","203580","2002","7","570","8","0","23","The Curse of Monkey Island"
"The Secret of Monkey Island","2137","The Secret of Monkey Island","4680840","276720","17787","7","881","8","0","16.92","The Secret of Monkey Island"
"Yakuza 6: The Song of Life","2138","Yakuza 6: The Song of Life","4678440","481980","1591","6","818","8","0","9.71","Yakuza 6: The Song of Life"
"Sid Meier's Civilization V: Brave New World","2139","Sid Meier's Civilization V: Brave New World","4677180","158520","11788","6","397","8","0","29.51","Sid Meier's Civilization V: Brave New World"
"Shantae and the Pirate's Curse","2140","Shantae and the Pirate's Curse","4671840","231300","15435","6","562","8","0","20.2","Shantae and the Pirate's Curse"
"Elune","2141","Elune","4669500","238740","945","13","231","8","0","19.56","Elune"
"LEGO Harry Potter: Years 1-4","2142","LEGO Harry Potter: Years 1-4","4662240","449160","5144","8","1717","8","0","10.38","LEGO Harry Potter: Years 1-4"
"Darkstalkers 3","2143","Darkstalkers 3","4647120","72300","8166","4","171","8","0","64.28","Darkstalkers 3"
"My Little Riding Champion","2144","My Little Riding Champion","4639380","5820","24617","2","37","8","0","797.14","My Little Riding Champion"
"Mortal Kombat: Deception","2145","Mortal Kombat: Deception","4637220","37680","11280","2","136","8","0","123.07","Mortal Kombat: Deception"
"Danganronpa Another Episode: Ultra Despair Girls","2146","Danganronpa Another Episode: Ultra Despair Girls","4634760","311160","10970","7","469","8","0","14.9","Danganronpa Another Episode: Ultra Despair Girls"
"Indiana Jones and the Emperor's Tomb","2147","Indiana Jones and the Emperor's Tomb","4634460","47520","7350","2","111","8","0","97.53","Indiana Jones and the Emperor's Tomb"
"EverQuest II","2148","EverQuest II","4633560","844980","300","20","587","8","1","5.48","EverQuest II"
"Star Wars: Battlefront II","2149","Star Wars: Battlefront II","4616700","568920","15452","25","3476","8","1","8.11","Star Wars: Battlefront II"
"Yoshi's Story","2150","Yoshi's Story","4611840","98400","18020","7","370","8","0","46.87","Yoshi's Story"
"Fable II","2151","Fable II","4611600","375120","1014","7","859","8","0","12.29","Fable II"
"Prince of Persia: Warrior Within","2152","Prince of Persia: Warrior Within","4606440","265140","4072","9","570","8","0","17.37","Prince of Persia: Warrior Within"
"Crash Bash","2153","Crash Bash","4604160","164940","2723","13","351","8","0","27.91","Crash Bash"
"Monster Rancher 4","2154","Monster Rancher 4","4597020","25740","4281","2","33","8","0","178.59","Monster Rancher 4"
"Modoo Marble","2155","Modoo Marble","4594920","19080","7393","4","110","8","0","240.82","Modoo Marble"
"TV Superstars","2156","TV Superstars","4591860","84180","886","3","31","8","0","54.55","TV Superstars"
"Dead In Vinland","2157","Dead In Vinland","4587780","152160","649","6","257","8","0","30.15","Dead In Vinland"
"Ib","2158","Ib","4585980","157620","8443","7","767","8","0","29.1","Ib"
"Immortal: Unchained","2159","Immortal: Unchained","4583820","132900","12572","4","387","8","0","34.49","Immortal: Unchained"
"Grand Theft Auto 2","2160","Grand Theft Auto 2","4572720","118680","14074","7","175","8","0","38.53","Grand Theft Auto 2"
"Shin Megami Tensei: Persona 4","2161","Shin Megami Tensei: Persona 4","4559700","565440","601","9","671","8","1","8.06","Shin Megami Tensei: Persona 4"
"Mario Party 2","2162","Mario Party 2","4553160","225600","2480","8","848","8","0","20.18","Mario Party 2"
"Zombie Army Trilogy","2163","Zombie Army Trilogy","4543920","689640","1458","12","3307","8","1","6.59","Zombie Army Trilogy"
"Chernobyl: The Untold Story","2164","Chernobyl: The Untold Story","4542900","49620","15383","98","215","8","0","91.55","Chernobyl: The Untold Story"
"Crysis","2165","Crysis","4535100","1344120","3166","10","1477","8","2","3.37","Crysis"
"Fear & Hunger","2166","Fear & Hunger","4534740","36600","1232","2","94","8","0","123.9","Fear & Hunger"
"Harry Potter and the Prisoner of Azkaban","2167","Harry Potter and the Prisoner of Azkaban","4532400","190920","5746","6","493","8","0","23.74","Harry Potter and the Prisoner of Azkaban"
"FlatOut 2","2168","FlatOut 2","4532400","193680","17226","5","943","8","0","23.4","FlatOut 2"
"Unavowed","2169","Unavowed","4528680","101820","2230","4","182","8","0","44.48","Unavowed"
"Saints Row: The Third","2170","Saints Row: The Third","4525500","876180","1574","12","4042","8","1","5.17","Saints Row: The Third"
"Killer Chambers","2171","Killer Chambers","4518360","11400","14310","3","55","8","0","396.35","Killer Chambers"
"High Rollers Casino","2172","High Rollers Casino","4515480","13020","12076","2","8","8","0","346.81","High Rollers Casino"
"Metal Gear Solid: The Twin Snakes","2173","Metal Gear Solid: The Twin Snakes","4513560","221760","2827","5","544","8","0","20.35","Metal Gear Solid: The Twin Snakes"
"Destiny Child","2174","Destiny Child","4513080","397140","3587","9","454","8","0","11.36","Destiny Child"
"Star Ocean: The Last Hope","2175","Star Ocean: The Last Hope","4506420","263460","16540","5","356","8","0","17.1","Star Ocean: The Last Hope"
"Everybody's Golf","2176","Everybody's Golf","4503960","385800","10315","16","1009","8","0","11.67","Everybody's Golf"
"Gold Express","2177","Gold Express","4499820","199860","12778","31","736","8","0","22.51","Gold Express"
"700,000 Games","2178","700,000 Games","4497420","2460","6225","5","13","8","0","1828.22","700,000 Games"
"Little Friends: Dogs & Cats","2179","Little Friends: Dogs & Cats","4492800","20940","13520","6","136","8","0","214.56","Little Friends: Dogs & Cats"
"Automation Empire","2180","Automation Empire","4487760","250020","1337","30","460","8","0","17.95","Automation Empire"
"Stories Untold","2181","Stories Untold","4484640","420360","3288","36","2873","8","0","10.67","Stories Untold"
"Super Smash Bros. for Wii U","2182","Super Smash Bros. for Wii U","4480920","279780","8001","7","1019","8","0","16.02","Super Smash Bros. for Wii U"
"Contra","2183","Contra","4480560","150360","13650","7","600","8","0","29.8","Contra"
"Donut County","2184","Donut County","4479360","177540","2982","7","1170","8","0","25.23","Donut County"
"Bethesda @ QuakeCon","2185","Bethesda @ QuakeCon","4474260","18420","25113","11","17","8","0","242.9","Bethesda @ QuakeCon"
"Conarium","2186","Conarium","4473060","565800","2048","73","3475","8","1","7.91","Conarium"
"Rayman","2187","Rayman","4472640","189180","2847","6","377","8","0","23.64","Rayman"
"Warhammer: Age of Sigmar - Champions","2188","Warhammer: Age of Sigmar - Champions","4470660","156060","1230","6","186","8","0","28.65","Warhammer: Age of Sigmar - Champions"
"Winnie the Pooh's Home Run Derby!","2189","Winnie the Pooh's Home Run Derby!","4468560","69240","4143","12","302","8","0","64.54","Winnie the Pooh's Home Run Derby!"
"Persona Q2","2190","Persona Q2","4466580","175740","1378","19","160","8","0","25.42","Persona Q2"
"Broforce","2191","Broforce","4465800","581280","4379","24","4095","8","1","7.68","Broforce"
"Drakensang Online","2192","Drakensang Online","4460520","1127040","1135","13","1217","8","2","3.96","Drakensang Online"
"HellSign","2193","HellSign","4460100","118320","5197","7","436","8","0","37.7","HellSign"
"Hitman: Contracts","2194","Hitman: Contracts","4458840","60300","3975","3","191","8","0","73.94","Hitman: Contracts"
"Who's Your Daddy","2195","Who's Your Daddy","4453020","113100","17415","7","1232","8","0","39.37","Who's Your Daddy"
"Praey for the Gods","2196","Praey for the Gods","4451100","211260","4073","16","1004","8","0","21.07","Praey for the Gods"
"Gundam Online Wars","2197","Gundam Online Wars","4441260","464160","3341","12","240","8","0","9.57","Gundam Online Wars"
"Rico","2198","Rico","4441200","112020","24871","19","765","8","0","39.65","Rico"
"Duelyst","2199","Duelyst","4439040","385020","80","6","440","8","0","11.53","Duelyst"
"Grim Fandango","2200","Grim Fandango","4434240","275460","1691","10","975","8","0","16.1","Grim Fandango"