"","","Game","Watch time","Stream time","Peak viewers","Peak channels","Streamers","Average viewers","Average channels","Average viewer ratio",""
"Paladin","11601","Paladin","59580","24960","57","2","180","0","0","2.39","Paladin"
"Sakura Taisen 3: Pari wa Moete iru ka?","11602","Sakura Taisen 3: Pari wa Moete iru ka?","59580","18600","44","2","14","0","0","3.2","Sakura Taisen 3: Pari wa Moete iru ka?"
"Deathsmiles Mega Black Label","11603","Deathsmiles Mega Black Label","59520","8340","36","1","24","0","0","7.14","Deathsmiles Mega Black Label"
"Zoids: Chuuou Tairiku no Tatakai","11604","Zoids: Chuuou Tairiku no Tatakai","59520","240","630","2","1","0","0","248","Zoids: Chuuou Tairiku no Tatakai"
"UNLOVED","11605","UNLOVED","59460","23100","27","2","119","0","0","2.57","UNLOVED"
"Adoption","11606","Adoption","59460","2220","189","2","14","0","0","26.78","Adoption"
"MechWarrior: Living Legends","11607","MechWarrior: Living Legends","59460","22440","51","4","44","0","0","2.65","MechWarrior: Living Legends"
"Hercules: The Legendary Journeys","11608","Hercules: The Legendary Journeys","59460","1320","286","1","6","0","0","45.05","Hercules: The Legendary Journeys"
"Star Trek","11609","Star Trek","59460","18840","50","2","61","0","0","3.16","Star Trek"
"5 Days a Stranger","11610","5 Days a Stranger","59460","8700","127","2","32","0","0","6.83","5 Days a Stranger"
"Two Heads of the Coin","11611","Two Heads of the Coin","59460","360","615","1","3","0","0","165.17","Two Heads of the Coin"
"Aselia the Eternal","11612","Aselia the Eternal","59400","1080","581","1","2","0","0","55","Aselia the Eternal"
"Shining Force: Resurrection of the Dark Dragon","11613","Shining Force: Resurrection of the Dark Dragon","59400","20640","33","2","27","0","0","2.88","Shining Force: Resurrection of the Dark Dragon"
"Mary-Kate and Ashley: Sweet 16: Licensed to Drive","11614","Mary-Kate and Ashley: Sweet 16: Licensed to Drive","59400","4140","375","1","26","0","0","14.35","Mary-Kate and Ashley: Sweet 16: Licensed to Drive"
"The Ren & Stimpy Show: Stimpy's Invention","11615","The Ren & Stimpy Show: Stimpy's Invention","59400","960","479","1","8","0","0","61.88","The Ren & Stimpy Show: Stimpy's Invention"
"Arslan Senki","11616","Arslan Senki","59400","1680","810","1","5","0","0","35.36","Arslan Senki"
"Police Force 2","11617","Police Force 2","59340","420","1317","1","6","0","0","141.29","Police Force 2"
"Psychic 5","11618","Psychic 5","59340","540","212","1","2","0","0","109.89","Psychic 5"
"Battle of the Bulge","11619","Battle of the Bulge","59340","4380","56","2","4","0","0","13.55","Battle of the Bulge"
"Robotics;Notes DaSH","11620","Robotics;Notes DaSH","59280","11400","29","5","15","0","0","5.2","Robotics;Notes DaSH"
"Micro Machines World Series","11621","Micro Machines World Series","59280","8460","158","3","52","0","0","7.01","Micro Machines World Series"
"Panzer General","11622","Panzer General","59280","6600","138","2","6","0","0","8.98","Panzer General"
"bit Dungeon III","11623","bit Dungeon III","59280","7260","204","3","33","0","0","8.17","bit Dungeon III"
"IndyCar Racing II","11624","IndyCar Racing II","59220","300","356","1","2","0","0","197.4","IndyCar Racing II"
"NecroVisioN","11625","NecroVisioN","59220","15840","108","2","59","0","0","3.74","NecroVisioN"
"Kao the Kangaroo","11626","Kao the Kangaroo","59160","4980","339","1","37","0","0","11.88","Kao the Kangaroo"
"Desktop Dungeons","11627","Desktop Dungeons","59160","25260","107","2","78","0","0","2.34","Desktop Dungeons"
"Fire Emblem: Ankoku Ryu to Hikari no Tsurugi","11628","Fire Emblem: Ankoku Ryu to Hikari no Tsurugi","59160","29820","18","2","48","0","0","1.98","Fire Emblem: Ankoku Ryu to Hikari no Tsurugi"
"Mission Runway","11629","Mission Runway","59160","1860","334","1","5","0","0","31.81","Mission Runway"
"8Bit Fiesta","11630","8Bit Fiesta","59160","3840","302","1","36","0","0","15.41","8Bit Fiesta"
"AxE: Alliance Vs Empire","11631","AxE: Alliance Vs Empire","59160","18900","105","3","76","0","0","3.13","AxE: Alliance Vs Empire"
"Choice of Robots","11632","Choice of Robots","59100","3540","70","2","10","0","0","16.69","Choice of Robots"
"Pode","11633","Pode","59100","7320","146","3","29","0","0","8.07","Pode"
"Mind's Eye","11634","Mind's Eye","59100","5280","816","1","54","0","0","11.19","Mind's Eye"
"Giana Sisters: Dream Runners","11635","Giana Sisters: Dream Runners","59100","540","525","1","4","0","0","109.44","Giana Sisters: Dream Runners"
"Steredenn","11636","Steredenn","59100","20580","49","2","101","0","0","2.87","Steredenn"
"Turbo Dismount","11637","Turbo Dismount","59100","10020","212","1","83","0","0","5.9","Turbo Dismount"
"Pneuma: Breath of Life","11638","Pneuma: Breath of Life","59040","10200","116","3","68","0","0","5.79","Pneuma: Breath of Life"
"The Fall","11639","The Fall","59040","13560","98","2","61","0","0","4.35","The Fall"
"Ed, Edd n Eddy: The Mis-Edventures","11640","Ed, Edd n Eddy: The Mis-Edventures","59040","20100","40","3","69","0","0","2.94","Ed, Edd n Eddy: The Mis-Edventures"
"Phantasy Star Online Ver. 2","11641","Phantasy Star Online Ver. 2","59040","17100","194","3","42","0","0","3.45","Phantasy Star Online Ver. 2"
"Bad Smell","11642","Bad Smell","59040","1140","1914","1","5","0","0","51.79","Bad Smell"
"Three Dirty Dwarves","11643","Three Dirty Dwarves","59040","1200","935","1","6","0","0","49.2","Three Dirty Dwarves"
"Hakuoki: Edo Blossoms","11644","Hakuoki: Edo Blossoms","59040","11640","24","2","17","0","0","5.07","Hakuoki: Edo Blossoms"
"Hard Head","11645","Hard Head","59040","2400","564","1","7","0","0","24.6","Hard Head"
"Paws: A Shelter 2 Game","11646","Paws: A Shelter 2 Game","59040","4620","177","2","31","0","0","12.78","Paws: A Shelter 2 Game"
"Pastel Chime","11647","Pastel Chime","59040","46620","71","2","5","0","0","1.27","Pastel Chime"
"Tantei Jinguuji Saburo: Innocent Black","11648","Tantei Jinguuji Saburo: Innocent Black","58980","4140","61","2","2","0","0","14.25","Tantei Jinguuji Saburo: Innocent Black"
"Awkward Dimensions Redux","11649","Awkward Dimensions Redux","58980","4800","364","1","41","0","0","12.29","Awkward Dimensions Redux"
"Aeon's End","11650","Aeon's End","58980","8880","29","1","16","0","0","6.64","Aeon's End"
"Cryptract","11651","Cryptract","58920","50760","33","3","188","0","0","1.16","Cryptract"
"Undercards","11652","Undercards","58920","16080","19","2","56","0","0","3.66","Undercards"
"Space Quest V: The Next Mutation","11653","Space Quest V: The Next Mutation","58920","10260","100","2","29","0","0","5.74","Space Quest V: The Next Mutation"
"Luftrausers","11654","Luftrausers","58860","57540","191","2","63","0","0","1.02","Luftrausers"
"Monster Hunter Explore","11655","Monster Hunter Explore","58860","3480","225","1","8","0","0","16.91","Monster Hunter Explore"
"Daemonica","11656","Daemonica","58860","660","512","1","4","0","0","89.18","Daemonica"
"Pooper Deluxe","11657","Pooper Deluxe","58740","18900","452","3","51","0","0","3.11","Pooper Deluxe"
"Super Ledgehop: Double Laser","11658","Super Ledgehop: Double Laser","58740","10260","81","2","47","0","0","5.73","Super Ledgehop: Double Laser"
"Lance A Lot","11659","Lance A Lot","58680","540","906","1","7","0","0","108.67","Lance A Lot"
"Potatoman Seeks The Troof","11660","Potatoman Seeks The Troof","58680","12240","220","2","43","0","0","4.79","Potatoman Seeks The Troof"
"F-Zero X Expansion Kit","11661","F-Zero X Expansion Kit","58680","3900","491","1","14","0","0","15.05","F-Zero X Expansion Kit"
"Dai-2-Ji Super Robot Taisen Z Hakai-hen","11662","Dai-2-Ji Super Robot Taisen Z Hakai-hen","58680","18120","37","2","10","0","0","3.24","Dai-2-Ji Super Robot Taisen Z Hakai-hen"
"Memory","11663","Memory","58620","900","953","1","5","0","0","65.13","Memory"
"Wii Sports Club","11664","Wii Sports Club","58620","9960","102","2","42","0","0","5.89","Wii Sports Club"
"DLC Quest","11665","DLC Quest","58560","10140","151","1","71","0","0","5.78","DLC Quest"
"Squidlit","11666","Squidlit","58560","16020","243","2","47","0","0","3.66","Squidlit"
"Lair","11667","Lair","58500","1680","246","1","5","0","0","34.82","Lair"
"The Swindle","11668","The Swindle","58440","12060","58","2","64","0","0","4.85","The Swindle"
"Pump It Up!","11669","Pump It Up!","58440","34560","104","2","87","0","0","1.69","Pump It Up!"
"Vlak","11670","Vlak","58440","540","213","1","2","0","0","108.22","Vlak"
"DK: King of Swing","11671","DK: King of Swing","58440","7800","210","3","25","0","0","7.49","DK: King of Swing"
"Nancy Drew","11672","Nancy Drew","58380","14100","22","2","25","0","0","4.14","Nancy Drew"
"Amidar","11673","Amidar","58380","2880","112","1","3","0","0","20.27","Amidar"
"World Series","11674","World Series","58380","180","640","2","2","0","0","324.33","World Series"
"Mario Sports Mix","11675","Mario Sports Mix","58320","11940","167","3","48","0","0","4.88","Mario Sports Mix"
"FIFA World","11676","FIFA World","58320","1740","745","2","16","0","0","33.52","FIFA World"
"Pax Romana","11677","Pax Romana","58320","1260","293","1","8","0","0","46.29","Pax Romana"
"THE iDOLM@STER Cinderella Girls: Gravure For You! Vol. 8","11678","THE iDOLM@STER Cinderella Girls: Gravure For You! Vol. 8","58260","720","246","1","4","0","0","80.92","THE iDOLM@STER Cinderella Girls: Gravure For You! Vol. 8"
"I-Ninja","11679","I-Ninja","58260","28800","46","2","106","0","0","2.02","I-Ninja"
"Toki Tori 2","11680","Toki Tori 2","58260","8580","194","1","26","0","0","6.79","Toki Tori 2"
"Joe & Mac: Caveman Ninja","11681","Joe & Mac: Caveman Ninja","58260","9360","292","5","54","0","0","6.22","Joe & Mac: Caveman Ninja"
"The Lord of the Rings","11682","The Lord of the Rings","58200","6840","98","2","27","0","0","8.51","The Lord of the Rings"
"Itadaki Street Special","11683","Itadaki Street Special","58140","960","144","1","5","0","0","60.56","Itadaki Street Special"
"WRC 3","11684","WRC 3","58080","5640","48","1","9","0","0","10.3","WRC 3"
"KKND: Krush Kill 'n Destroy Xtreme","11685","KKND: Krush Kill 'n Destroy Xtreme","58080","5220","101","1","13","0","0","11.13","KKND: Krush Kill 'n Destroy Xtreme"
"Firefighter F.D. 18","11686","Firefighter F.D. 18","58080","6180","100","1","11","0","0","9.4","Firefighter F.D. 18"
"Groove on Fight: Gouketsuji Ichizoku 3","11687","Groove on Fight: Gouketsuji Ichizoku 3","58080","1260","863","1","4","0","0","46.1","Groove on Fight: Gouketsuji Ichizoku 3"
"Fruit Ninja VR","11688","Fruit Ninja VR","58080","11460","358","2","227","0","0","5.07","Fruit Ninja VR"
"Nexomon","11689","Nexomon","58080","14100","170","3","60","0","0","4.12","Nexomon"
"Denki Groove Jigoku V","11690","Denki Groove Jigoku V","58020","2820","48","1","4","0","0","20.57","Denki Groove Jigoku V"
"Ys: The Vanished Omens","11691","Ys: The Vanished Omens","58020","11460","228","2","34","0","0","5.06","Ys: The Vanished Omens"
"Evil Dead: Regeneration","11692","Evil Dead: Regeneration","57960","16560","63","2","55","0","0","3.5","Evil Dead: Regeneration"
"Bloodbath Kavkaz","11693","Bloodbath Kavkaz","57960","8280","191","2","54","0","0","7","Bloodbath Kavkaz"
"Chickens","11694","Chickens","57960","20280","416","1","11","0","0","2.86","Chickens"
"Splinter Cell Trilogy","11695","Splinter Cell Trilogy","57960","14340","96","2","31","0","0","4.04","Splinter Cell Trilogy"
"Miner 2049er Volume II","11696","Miner 2049er Volume II","57900","720","790","1","9","0","0","80.42","Miner 2049er Volume II"
"Depression Quest","11697","Depression Quest","57840","22980","335","2","47","0","0","2.52","Depression Quest"
"Charlie and the Chocolate Factory","11698","Charlie and the Chocolate Factory","57840","3360","383","1","22","0","0","17.21","Charlie and the Chocolate Factory"
"NASCAR Heat 2","11699","NASCAR Heat 2","57840","85020","17","5","255","0","0","0.68","NASCAR Heat 2"
"Pika Pop","11700","Pika Pop","57840","120","963","1","1","0","0","482","Pika Pop"