"","","Game","Watch time","Stream time","Peak viewers","Peak channels","Streamers","Average viewers","Average channels","Average viewer ratio",""
"King's Quest","2901","King's Quest","2585400","211140","1998","5","434","4","0","12.24","King's Quest"
"JSRF: Jet Set Radio Future","2902","JSRF: Jet Set Radio Future","2584380","265920","3273","6","370","4","0","9.72","JSRF: Jet Set Radio Future"
"911 Operator","2903","911 Operator","2583480","216240","11410","7","1676","4","0","11.95","911 Operator"
"Global Champion","2904","Global Champion","2582940","960","9211","2","10","4","0","2690.56","Global Champion"
"F-Zero GX","2905","F-Zero GX","2579280","106860","2803","8","376","4","0","24.14","F-Zero GX"
"MOAI: Build Your Dream","2906","MOAI: Build Your Dream","2578500","2220","5610","1","5","4","0","1161.49","MOAI: Build Your Dream"
"Arcade Spirits","2907","Arcade Spirits","2575860","154800","1738","15","333","4","0","16.64","Arcade Spirits"
"X4: Foundations","2908","X4: Foundations","2573940","439320","569","13","610","4","0","5.86","X4: Foundations"
"A Year Of Rain","2909","A Year Of Rain","2573460","35040","10597","10","147","4","0","73.44","A Year Of Rain"
"Command & Conquer: Yuri's Revenge","2910","Command & Conquer: Yuri's Revenge","2571000","316620","448","6","342","4","0","8.12","Command & Conquer: Yuri's Revenge"
"DuckTales: Remastered","2911","DuckTales: Remastered","2570700","199020","2771","17","1148","4","0","12.92","DuckTales: Remastered"
"SteamWorld Heist","2912","SteamWorld Heist","2569740","89340","3327","4","250","4","0","28.76","SteamWorld Heist"
"Speed Brawl","2913","Speed Brawl","2568960","117060","1469","46","492","4","0","21.95","Speed Brawl"
"Axiom Verge","2914","Axiom Verge","2568600","525480","414","19","1895","4","0","4.89","Axiom Verge"
"Stifled","2915","Stifled","2566260","26640","7381","3","140","4","0","96.33","Stifled"
"Mystical Ninja Starring Goemon","2916","Mystical Ninja Starring Goemon","2564760","128340","1477","5","205","4","0","19.98","Mystical Ninja Starring Goemon"
"Elasto Mania","2917","Elasto Mania","2563920","21240","19194","2","29","4","0","120.71","Elasto Mania"
"PaRappa the Rapper","2918","PaRappa the Rapper","2563320","39360","11695","3","279","4","0","65.13","PaRappa the Rapper"
"Riders of Icarus","2919","Riders of Icarus","2560920","528540","524","9","839","4","1","4.85","Riders of Icarus"
"Parkasaurus","2920","Parkasaurus","2560740","77700","19298","4","300","4","0","32.96","Parkasaurus"
"NetHack","2921","NetHack","2558280","90420","1318","5","137","4","0","28.29","NetHack"
"Psychosis","2922","Psychosis","2558220","6960","22155","1","13","4","0","367.56","Psychosis"
"Deus Ex: Human Revolution Director's Cut","2923","Deus Ex: Human Revolution Director's Cut","2556000","550680","750","10","1049","4","1","4.64","Deus Ex: Human Revolution Director's Cut"
"Headliner: NoviNews","2924","Headliner: NoviNews","2554980","40500","5989","4","183","4","0","63.09","Headliner: NoviNews"
"Super Mario Bros. 3: Super Mario Advance 4","2925","Super Mario Bros. 3: Super Mario Advance 4","2554680","12420","7081","2","61","4","0","205.69","Super Mario Bros. 3: Super Mario Advance 4"
"Dengeki Bunko: Fighting Climax Ignition","2926","Dengeki Bunko: Fighting Climax Ignition","2553900","92400","2546","4","117","4","0","27.64","Dengeki Bunko: Fighting Climax Ignition"
"Quick Draw","2927","Quick Draw","2553420","22260","5868","2","139","4","0","114.71","Quick Draw"
"Battle Chasers: Nightwar","2928","Battle Chasers: Nightwar","2553240","491220","1759","8","1085","4","0","5.2","Battle Chasers: Nightwar"
"Robocraft","2929","Robocraft","2551860","626040","1853","12","1656","4","1","4.08","Robocraft"
"Jeopardy!","2930","Jeopardy!","2549640","45180","6659","3","279","4","0","56.43","Jeopardy!"
"MXGP 2019","2931","MXGP 2019","2547960","83640","1325","10","269","4","0","30.46","MXGP 2019"
"Heart of Darkness","2932","Heart of Darkness","2545560","23640","2167","2","90","4","0","107.68","Heart of Darkness"
"The Stillness of the Wind","2933","The Stillness of the Wind","2545080","49620","22703","9","286","4","0","51.29","The Stillness of the Wind"
"Ys: The Oath in Felghana","2934","Ys: The Oath in Felghana","2535060","132360","5400","4","202","4","0","19.15","Ys: The Oath in Felghana"
"Sands of Destruction","2935","Sands of Destruction","2534400","10080","7528","2","12","4","0","251.43","Sands of Destruction"
"Riven: The Sequel to Myst","2936","Riven: The Sequel to Myst","2532240","92580","6887","4","205","4","0","27.35","Riven: The Sequel to Myst"
"Vanquish","2937","Vanquish","2532120","212520","5232","8","997","4","0","11.91","Vanquish"
"Despotism 3k","2938","Despotism 3k","2531460","28080","5248","5","150","4","0","90.15","Despotism 3k"
"Guilty Gear Xrd -Revelator-","2939","Guilty Gear Xrd -Revelator-","2527260","389280","3309","8","1000","4","0","6.49","Guilty Gear Xrd -Revelator-"
"Metal Slug X: Super Vehicle - 001","2940","Metal Slug X: Super Vehicle - 001","2525520","82260","7623","3","628","4","0","30.7","Metal Slug X: Super Vehicle - 001"
"Windjammers","2941","Windjammers","2524200","65460","4743","4","239","4","0","38.56","Windjammers"
"Hunter x Hunter: World Hunt","2942","Hunter x Hunter: World Hunt","2523900","7320","1992","3","7","4","0","344.8","Hunter x Hunter: World Hunt"
"Crysis 3","2943","Crysis 3","2523240","259200","3169","6","1347","4","0","9.73","Crysis 3"
"Castlevania: Order of Ecclesia","2944","Castlevania: Order of Ecclesia","2522760","116400","3652","3","207","4","0","21.67","Castlevania: Order of Ecclesia"
"Unfortunate Spacemen","2945","Unfortunate Spacemen","2522040","19260","6096","10","62","4","0","130.95","Unfortunate Spacemen"
"Lineage M","2946","Lineage M","2519700","684000","2391","14","316","4","1","3.68","Lineage M"
"Paunch","2947","Paunch","2517900","38280","26484","8","700","4","0","65.78","Paunch"
"Zelda's Adventure","2948","Zelda's Adventure","2517780","6660","10482","3","42","4","0","378.05","Zelda's Adventure"
"Rayman Origins","2949","Rayman Origins","2517660","136980","3081","4","646","4","0","18.38","Rayman Origins"
".hack//INFECTION - Part 1","2950",".hack//INFECTION - Part 1","2508720","122340","15202","4","211","4","0","20.51",".hack//INFECTION - Part 1"
"Punch Line","2951","Punch Line","2508600","16080","1604","2","66","4","0","156.01","Punch Line"
"Natsuiro High School: Seishun Hakusho","2952","Natsuiro High School: Seishun Hakusho","2507640","5640","22803","3","12","4","0","444.62","Natsuiro High School: Seishun Hakusho"
"Return to Zork","2953","Return to Zork","2502600","9600","50938","6","29","4","0","260.69","Return to Zork"
"Pumpkin Days","2954","Pumpkin Days","2499060","60720","18559","6","115","4","0","41.16","Pumpkin Days"
".hack//G.U. Last Recode","2955",".hack//G.U. Last Recode","2498460","908460","751","14","1575","4","1","2.75",".hack//G.U. Last Recode"
"Shotgun Farmers","2956","Shotgun Farmers","2498400","60720","14912","5","273","4","0","41.15","Shotgun Farmers"
"F1","2957","F1","2498400","61560","5363","8","269","4","0","40.58","F1"
"Saints Row IV","2958","Saints Row IV","2497860","572280","521","9","2635","4","1","4.36","Saints Row IV"
"No More Room In Hell","2959","No More Room In Hell","2496780","286440","20159","8","1814","4","0","8.72","No More Room In Hell"
"Everspace","2960","Everspace","2495460","389760","1154","8","1650","4","0","6.4","Everspace"
"The Last of Us: Left Behind","2961","The Last of Us: Left Behind","2494680","105720","4358","4","616","4","0","23.6","The Last of Us: Left Behind"
"I Will Eat You","2962","I Will Eat You","2490660","2700","14923","3","22","4","0","922.47","I Will Eat You"
"ArmA II: Operation Arrowhead","2963","ArmA II: Operation Arrowhead","2490060","700560","864","10","871","4","1","3.55","ArmA II: Operation Arrowhead"
"Snakebird","2964","Snakebird","2490060","15960","26407","5","70","4","0","156.02","Snakebird"
"The Last Ninja","2965","The Last Ninja","2488620","3120","47289","7","22","4","0","797.63","The Last Ninja"
"Tender","2966","Tender","2488500","2040","14221","3","10","4","0","1219.85","Tender"
"Vignettes","2967","Vignettes","2487780","4680","6105","2","28","4","0","531.58","Vignettes"
"Neoverse","2968","Neoverse","2486340","102240","2004","4","294","4","0","24.32","Neoverse"
"Everspace 2","2969","Everspace 2","2482800","9780","10893","4","44","4","0","253.87","Everspace 2"
"Tekken 3","2970","Tekken 3","2482320","58260","11504","2","392","4","0","42.61","Tekken 3"
"Harry Potter and the Order of the Phoenix","2971","Harry Potter and the Order of the Phoenix","2481900","105900","2293","5","214","4","0","23.44","Harry Potter and the Order of the Phoenix"
"Tower Wars","2972","Tower Wars","2480400","3600","7534","4","27","4","0","689","Tower Wars"
"Hentai","2973","Hentai","2477160","29520","5208","3","130","4","0","83.91","Hentai"
"MegaMan Unlimited","2974","MegaMan Unlimited","2475180","21780","4033","2","99","4","0","113.64","MegaMan Unlimited"
"Automation","2975","Automation","2474760","201300","1996","5","748","4","0","12.29","Automation"
"Phoenix Wright: Ace Attorney - Dual Destinies","2976","Phoenix Wright: Ace Attorney - Dual Destinies","2474580","95520","2113","3","74","4","0","25.91","Phoenix Wright: Ace Attorney - Dual Destinies"
"GUN","2977","GUN","2472660","37500","5638","2","144","4","0","65.94","GUN"
"In Verbis Virtus","2978","In Verbis Virtus","2472480","67080","3483","3","218","4","0","36.86","In Verbis Virtus"
"Apartment 327","2979","Apartment 327","2468880","14220","26491","3","64","4","0","173.62","Apartment 327"
"Forgotton Anne","2980","Forgotton Anne","2468700","203340","1474","5","564","4","0","12.14","Forgotton Anne"
"Crash Bandicoot: Warped","2981","Crash Bandicoot: Warped","2467920","195960","5278","5","534","4","0","12.59","Crash Bandicoot: Warped"
"Drunkn Bar Fight","2982","Drunkn Bar Fight","2467260","34560","11373","3","787","4","0","71.39","Drunkn Bar Fight"
"Sonic & Knuckles","2983","Sonic & Knuckles","2464920","103860","2858","4","429","4","0","23.73","Sonic & Knuckles"
"Injustice: Gods Among Us","2984","Injustice: Gods Among Us","2460780","156060","7840","4","1051","4","0","15.77","Injustice: Gods Among Us"
"Garou: Mark of the Wolves","2985","Garou: Mark of the Wolves","2459640","62760","7234","3","302","4","0","39.19","Garou: Mark of the Wolves"
"Rhino Rumble","2986","Rhino Rumble","2459100","4260","74702","9","19","4","0","577.25","Rhino Rumble"
"Alaska","2987","Alaska","2458260","4380","13896","4","23","4","0","561.25","Alaska"
"Super Mega Baseball 2","2988","Super Mega Baseball 2","2457120","308940","5475","7","1284","4","0","7.95","Super Mega Baseball 2"
"LEGO Batman: The Videogame","2989","LEGO Batman: The Videogame","2456700","377820","2730","28","2452","4","0","6.5","LEGO Batman: The Videogame"
"Nightmare Reaper","2990","Nightmare Reaper","2452560","27480","17568","6","102","4","0","89.25","Nightmare Reaper"
"Marvel Contest of Champions","2991","Marvel Contest of Champions","2448840","412380","538","8","417","4","0","5.94","Marvel Contest of Champions"
"Disciples II: Rise of the Elves","2992","Disciples II: Rise of the Elves","2446440","212340","891","8","203","4","0","11.52","Disciples II: Rise of the Elves"
"Yoshi's Woolly World","2993","Yoshi's Woolly World","2442900","133800","5103","9","442","4","0","18.26","Yoshi's Woolly World"
"Are You Smarter Than a 5th Grader?","2994","Are You Smarter Than a 5th Grader?","2442300","900","23320","2","7","4","0","2713.67","Are You Smarter Than a 5th Grader?"
"Medivia Online","2995","Medivia Online","2442120","266580","174","7","240","4","0","9.16","Medivia Online"
"Viva Piñata","2996","Viva Piñata","2441340","105480","9210","4","383","4","0","23.15","Viva Piñata"
"Beyond Good & Evil","2997","Beyond Good & Evil","2440140","245580","2929","5","669","4","0","9.94","Beyond Good & Evil"
"Dragon Quest Rivals","2998","Dragon Quest Rivals","2436840","95340","565","3","135","4","0","25.56","Dragon Quest Rivals"
"Nintendo Labo Toy-Con 04: VR Kit","2999","Nintendo Labo Toy-Con 04: VR Kit","2431200","22020","4140","6","96","4","0","110.41","Nintendo Labo Toy-Con 04: VR Kit"
"Return to Castle Wolfenstein","3000","Return to Castle Wolfenstein","2430720","251940","2103","6","793","4","0","9.65","Return to Castle Wolfenstein"