"","","Game","Watch time","Stream time","Peak viewers","Peak channels","Streamers","Average viewers","Average channels","Average viewer ratio",""
"Beyond Castle Wolfenstein","12201","Beyond Castle Wolfenstein","49800","480","863","1","3","0","0","103.75","Beyond Castle Wolfenstein"
"Executive Assault 2","12202","Executive Assault 2","49740","13440","33","2","66","0","0","3.7","Executive Assault 2"
"The Seller","12203","The Seller","49740","180","1193","1","2","0","0","276.33","The Seller"
"X-It","12204","X-It","49740","120","856","1","1","0","0","414.5","X-It"
"Gunman Clive HD Collection","12205","Gunman Clive HD Collection","49680","4380","202","1","22","0","0","11.34","Gunman Clive HD Collection"
"Arc the Lad","12206","Arc the Lad","49680","10080","110","1","17","0","0","4.93","Arc the Lad"
"War of the Visions","12207","War of the Visions","49680","3660","193","1","7","0","0","13.57","War of the Visions"
"Nelson Tethers: Puzzle Agent","12208","Nelson Tethers: Puzzle Agent","49620","10140","29","1","36","0","0","4.89","Nelson Tethers: Puzzle Agent"
"Romance of the Three Kingdoms IV: Wall of Fire","12209","Romance of the Three Kingdoms IV: Wall of Fire","49620","4200","533","1","7","0","0","11.81","Romance of the Three Kingdoms IV: Wall of Fire"
"Ashi Wash","12210","Ashi Wash","49620","840","492","1","7","0","0","59.07","Ashi Wash"
"Windows Solitaire","12211","Windows Solitaire","49620","13260","123","1","78","0","0","3.74","Windows Solitaire"
"Bloody Vampire","12212","Bloody Vampire","49620","180","585","1","1","0","0","275.67","Bloody Vampire"
"Bonsai Barber","12213","Bonsai Barber","49620","180","431","1","1","0","0","275.67","Bonsai Barber"
"Elevenses","12214","Elevenses","49620","1200","226","2","4","0","0","41.35","Elevenses"
"One Punch Man: The Strongest Man","12215","One Punch Man: The Strongest Man","49620","10080","156","2","25","0","0","4.92","One Punch Man: The Strongest Man"
"Uchukeibitai SDF","12216","Uchukeibitai SDF","49560","780","491","1","4","0","0","63.54","Uchukeibitai SDF"
"#Compass","12217","#Compass","49560","9480","57","2","20","0","0","5.23","#Compass"
"Vs. Super Mario Bros.","12218","Vs. Super Mario Bros.","49560","6660","240","2","30","0","0","7.44","Vs. Super Mario Bros."
"A Tale in the Desert","12219","A Tale in the Desert","49560","6360","34","2","13","0","0","7.79","A Tale in the Desert"
"Battlefield 1943","12220","Battlefield 1943","49560","16320","101","2","154","0","0","3.04","Battlefield 1943"
"Money Puzzle Exchanger","12221","Money Puzzle Exchanger","49560","9060","196","1","32","0","0","5.47","Money Puzzle Exchanger"
"Stray Cat Doors","12222","Stray Cat Doors","49560","2520","179","1","16","0","0","19.67","Stray Cat Doors"
"Apocalypse","12223","Apocalypse","49500","13500","376","2","41","0","0","3.67","Apocalypse"
"Old Skool Classics","12224","Old Skool Classics","49500","15900","23","3","58","0","0","3.11","Old Skool Classics"
"Zombie Master: Reborn","12225","Zombie Master: Reborn","49500","3000","232","1","11","0","0","16.5","Zombie Master: Reborn"
"The Witch and the Hundred Knight 2","12226","The Witch and the Hundred Knight 2","49440","28440","33","2","43","0","0","1.74","The Witch and the Hundred Knight 2"
"Alisia Dragoon","12227","Alisia Dragoon","49440","3960","235","1","19","0","0","12.48","Alisia Dragoon"
"Guitar Hero 5","12228","Guitar Hero 5","49440","15000","50","2","95","0","0","3.3","Guitar Hero 5"
"Pid","12229","Pid","49440","10620","56","2","41","0","0","4.66","Pid"
"Paint it Back","12230","Paint it Back","49440","4740","68","1","16","0","0","10.43","Paint it Back"
"Mobile Suit Gundam: Crossfire","12231","Mobile Suit Gundam: Crossfire","49380","8280","84","1","6","0","0","5.96","Mobile Suit Gundam: Crossfire"
"Cards and Castles","12232","Cards and Castles","49380","4740","298","1","25","0","0","10.42","Cards and Castles"
"Eyes - The Horror Game","12233","Eyes - The Horror Game","49380","12960","201","1","112","0","0","3.81","Eyes - The Horror Game"
"International Superstar Soccer Deluxe","12234","International Superstar Soccer Deluxe","49380","7260","247","1","38","0","0","6.8","International Superstar Soccer Deluxe"
"Crimson Keep","12235","Crimson Keep","49380","1560","344","2","16","0","0","31.65","Crimson Keep"
"Imperivm: Great Battles of Rome","12236","Imperivm: Great Battles of Rome","49380","9000","98","2","31","0","0","5.49","Imperivm: Great Battles of Rome"
"Fear Less!","12237","Fear Less!","49320","600","1859","1","4","0","0","82.2","Fear Less!"
"Buffy the Vampire Slayer: Wrath of the Darkhul King","12238","Buffy the Vampire Slayer: Wrath of the Darkhul King","49320","360","824","2","4","0","0","137","Buffy the Vampire Slayer: Wrath of the Darkhul King"
"Time Commando","12239","Time Commando","49320","4020","224","1","15","0","0","12.27","Time Commando"
"Dead or Alive","12240","Dead or Alive","49320","6180","252","2","35","0","0","7.98","Dead or Alive"
"Klax","12241","Klax","49260","5100","82","1","11","0","0","9.66","Klax"
"Evil Dead: Hail to the King","12242","Evil Dead: Hail to the King","49260","7140","121","2","25","0","0","6.9","Evil Dead: Hail to the King"
"Asterix & Obelix XXL 2: Mission: Wifix","12243","Asterix & Obelix XXL 2: Mission: Wifix","49260","7980","100","2","51","0","0","6.17","Asterix & Obelix XXL 2: Mission: Wifix"
"Outdoor Cosplay","12244","Outdoor Cosplay","49260","21060","36","2","16","0","0","2.34","Outdoor Cosplay"
"Crayon Physics","12245","Crayon Physics","49200","1740","393","1","12","0","0","28.28","Crayon Physics"
"RoboCo","12246","RoboCo","49200","180","448","2","0","0","0","273.33","RoboCo"
"Planet of the Apes","12247","Planet of the Apes","49140","9660","435","2","13","0","0","5.09","Planet of the Apes"
"Streets of Red","12248","Streets of Red","49140","3120","107","2","16","0","0","15.75","Streets of Red"
"No70: Eye of Basir","12249","No70: Eye of Basir","49140","6480","75","1","36","0","0","7.58","No70: Eye of Basir"
"Cave Digger","12250","Cave Digger","49080","4680","182","2","44","0","0","10.49","Cave Digger"
"Fester Mudd: Curse of the Gold","12251","Fester Mudd: Curse of the Gold","49080","1020","130","1","2","0","0","48.12","Fester Mudd: Curse of the Gold"
"Within a Deep Forest","12252","Within a Deep Forest","49020","2460","192","2","12","0","0","19.93","Within a Deep Forest"
"Rayman Forever","12253","Rayman Forever","49020","11160","168","2","39","0","0","4.39","Rayman Forever"
"Tower of the Sorcerer","12254","Tower of the Sorcerer","49020","1260","64","1","2","0","0","38.9","Tower of the Sorcerer"
"Stitched","12255","Stitched","49020","7980","99","2","22","0","0","6.14","Stitched"
"A-Tech Cybernetic","12256","A-Tech Cybernetic","48960","9960","151","2","69","0","0","4.92","A-Tech Cybernetic"
"WarpThrough","12257","WarpThrough","48960","840","331","1","4","0","0","58.29","WarpThrough"
"The Blair Witch Experience","12258","The Blair Witch Experience","48900","7200","134","3","45","0","0","6.79","The Blair Witch Experience"
"Star Trek: The Next Generation - A Final Unity","12259","Star Trek: The Next Generation - A Final Unity","48900","4140","214","1","15","0","0","11.81","Star Trek: The Next Generation - A Final Unity"
"Dynasty Warriors 7","12260","Dynasty Warriors 7","48840","23460","12","2","37","0","0","2.08","Dynasty Warriors 7"
"Quiver Dick's Terrible Tale For Terrible Parents To Read To Their Equally Terrible Children","12261","Quiver Dick's Terrible Tale For Terrible Parents To Read To Their Equally Terrible Children","48840","9000","47","2","58","0","0","5.43","Quiver Dick's Terrible Tale For Terrible Parents To Read To Their Equally Terrible Children"
"Oh Shit!","12262","Oh Shit!","48840","10860","87","1","8","0","0","4.5","Oh Shit!"
"Northbury Grove: King's Comfort","12263","Northbury Grove: King's Comfort","48840","1140","381","1","10","0","0","42.84","Northbury Grove: King's Comfort"
"In Between","12264","In Between","48780","2400","122","1","15","0","0","20.33","In Between"
"Space Bob vs. The Replicons","12265","Space Bob vs. The Replicons","48780","3060","43","1","7","0","0","15.94","Space Bob vs. The Replicons"
"Everyday Shooter","12266","Everyday Shooter","48780","55860","27","3","168","0","0","0.87","Everyday Shooter"
"Fujii","12267","Fujii","48780","4260","97","2","31","0","0","11.45","Fujii"
"Ghostbusters II","12268","Ghostbusters II","48720","1680","338","2","13","0","0","29","Ghostbusters II"
"Star Soldier","12269","Star Soldier","48720","1860","753","1","18","0","0","26.19","Star Soldier"
"Journey to Silius","12270","Journey to Silius","48720","6540","161","2","25","0","0","7.45","Journey to Silius"
"Beer!","12271","Beer!","48720","70620","34","3","41","0","0","0.69","Beer!"
"Depixtion","12272","Depixtion","48720","840","110","1","4","0","0","58","Depixtion"
"Hunger Dungeon","12273","Hunger Dungeon","48660","2220","96","2","14","0","0","21.92","Hunger Dungeon"
"Horizon Source","12274","Horizon Source","48660","7080","80","3","43","0","0","6.87","Horizon Source"
"Azure Reflections","12275","Azure Reflections","48660","9180","214","1","50","0","0","5.3","Azure Reflections"
"Perfect Dark Zero","12276","Perfect Dark Zero","48660","18000","55","3","90","0","0","2.7","Perfect Dark Zero"
"The Elder Scrolls IV: Shivering Isles","12277","The Elder Scrolls IV: Shivering Isles","48660","9420","26","1","14","0","0","5.17","The Elder Scrolls IV: Shivering Isles"
"Sins of a Solar Empire","12278","Sins of a Solar Empire","48660","29940","18","3","107","0","0","1.63","Sins of a Solar Empire"
"The Journey Down: Chapter One","12279","The Journey Down: Chapter One","48660","10080","61","2","53","0","0","4.83","The Journey Down: Chapter One"
"Space Invaders Extreme","12280","Space Invaders Extreme","48660","2040","570","1","22","0","0","23.85","Space Invaders Extreme"
"Dark","12281","Dark","48660","16020","98","2","77","0","0","3.04","Dark"
"Bump 'N' Jump","12282","Bump 'N' Jump","48660","2940","436","2","8","0","0","16.55","Bump 'N' Jump"
"Haunted Castle","12283","Haunted Castle","48660","3420","79","1","26","0","0","14.23","Haunted Castle"
"Run!","12284","Run!","48600","6780","995","2","55","0","0","7.17","Run!"
"Statues","12285","Statues","48600","5220","199","2","28","0","0","9.31","Statues"
"Wonder Project J: Kikai no Shounen Pino","12286","Wonder Project J: Kikai no Shounen Pino","48600","3720","58","1","7","0","0","13.06","Wonder Project J: Kikai no Shounen Pino"
"GunZ 2: The Second Duel","12287","GunZ 2: The Second Duel","48600","15120","82","2","86","0","0","3.21","GunZ 2: The Second Duel"
"Mutant Rampage: Bodyslam","12288","Mutant Rampage: Bodyslam","48600","240","283","1","1","0","0","202.5","Mutant Rampage: Bodyslam"
"SimCity 3000","12289","SimCity 3000","48540","24600","34","2","42","0","0","1.97","SimCity 3000"
"Gold Rush!","12290","Gold Rush!","48540","9120","96","2","30","0","0","5.32","Gold Rush!"
"Racing Live","12291","Racing Live","48540","15000","983","2","32","0","0","3.24","Racing Live"
"Pugmire","12292","Pugmire","48540","4800","23","1","4","0","0","10.11","Pugmire"
"Megalit","12293","Megalit","48540","60","809","1","1","0","0","809","Megalit"
"Battlebit","12294","Battlebit","48480","5160","60","6","17","0","0","9.4","Battlebit"
"Flight Control","12295","Flight Control","48480","480","411","1","4","0","0","101","Flight Control"
"Berzerk","12296","Berzerk","48480","4440","70","1","15","0","0","10.92","Berzerk"
"Relic Hunters Zero","12297","Relic Hunters Zero","48480","19980","49","3","147","0","0","2.43","Relic Hunters Zero"
"Back to the Future: The Game - Episode 1: It's About Time","12298","Back to the Future: The Game - Episode 1: It's About Time","48480","13800","22","2","60","0","0","3.51","Back to the Future: The Game - Episode 1: It's About Time"
"Shadow Dancer","12299","Shadow Dancer","48480","4680","130","2","15","0","0","10.36","Shadow Dancer"
"Dangerous Dave","12300","Dangerous Dave","48480","1440","408","1","7","0","0","33.67","Dangerous Dave"