"","","Game","Watch time","Stream time","Peak viewers","Peak channels","Streamers","Average viewers","Average channels","Average viewer ratio",""
"Cyberdillo","12101","Cyberdillo","51060","300","335","1","2","0","0","170.2","Cyberdillo"
"Spyro: Season of Ice","12102","Spyro: Season of Ice","51060","7440","104","1","23","0","0","6.86","Spyro: Season of Ice"
"Space Quest III: The Pirates of Pestulon","12103","Space Quest III: The Pirates of Pestulon","51060","8220","39","1","28","0","0","6.21","Space Quest III: The Pirates of Pestulon"
"Black Black","12104","Black Black","51060","3300","40","2","9","0","0","15.47","Black Black"
"Infinite Flight","12105","Infinite Flight","51060","64140","17","3","123","0","0","0.8","Infinite Flight"
"Snakebird Primer","12106","Snakebird Primer","51000","2340","173","1","14","0","0","21.79","Snakebird Primer"
"Road Rage Royale","12107","Road Rage Royale","51000","9900","22","1","2","0","0","5.15","Road Rage Royale"
"I Am The Hero","12108","I Am The Hero","51000","7740","183","2","47","0","0","6.59","I Am The Hero"
"Nobodies","12109","Nobodies","51000","5400","113","2","18","0","0","9.44","Nobodies"
"Rocket Boots Mania","12110","Rocket Boots Mania","51000","2940","392","1","15","0","0","17.35","Rocket Boots Mania"
"TRI: Of Friendship and Madness","12111","TRI: Of Friendship and Madness","51000","13560","408","2","36","0","0","3.76","TRI: Of Friendship and Madness"
"Pokémon Box","12112","Pokémon Box","51000","13320","49","3","38","0","0","3.83","Pokémon Box"
"Donkey Kong Land","12113","Donkey Kong Land","51000","6240","99","1","28","0","0","8.17","Donkey Kong Land"
"Piko Piko","12114","Piko Piko","50940","2220","341","1","16","0","0","22.95","Piko Piko"
"World Cup","12115","World Cup","50880","4080","257","2","18","0","0","12.47","World Cup"
"Prinny: Can I Really Be the Hero?","12116","Prinny: Can I Really Be the Hero?","50880","10080","147","2","24","0","0","5.05","Prinny: Can I Really Be the Hero?"
"Fish & Trip","12117","Fish & Trip","50820","300","317","1","1","0","0","169.4","Fish & Trip"
"Our End of the World","12118","Our End of the World","50820","3480","38","1","5","0","0","14.6","Our End of the World"
"Space Quest II: Chapter II - Vohaul's Revenge","12119","Space Quest II: Chapter II - Vohaul's Revenge","50820","8280","32","1","28","0","0","6.14","Space Quest II: Chapter II - Vohaul's Revenge"
"DoomRL","12120","DoomRL","50820","13800","17","2","25","0","0","3.68","DoomRL"
"Too Human","12121","Too Human","50820","23220","90","3","79","0","0","2.19","Too Human"
"Donkey Kong Land 2","12122","Donkey Kong Land 2","50820","7020","36","2","23","0","0","7.24","Donkey Kong Land 2"
"Special Tee Shot","12123","Special Tee Shot","50760","240","440","1","2","0","0","211.5","Special Tee Shot"
"Cybernator","12124","Cybernator","50760","4560","297","2","24","0","0","11.13","Cybernator"
"Melissa K. and the Heart of Gold","12125","Melissa K. and the Heart of Gold","50760","1920","107","1","7","0","0","26.44","Melissa K. and the Heart of Gold"
"AntVentor","12126","AntVentor","50700","7200","202","2","43","0","0","7.04","AntVentor"
"Plug Me","12127","Plug Me","50700","7920","315","1","13","0","0","6.4","Plug Me"
"OlliOlli 2: Welcome to OlliWood","12128","OlliOlli 2: Welcome to OlliWood","50700","17820","85","2","155","0","0","2.85","OlliOlli 2: Welcome to OlliWood"
"Cabal","12129","Cabal","50700","39000","34","2","132","0","0","1.3","Cabal"
"Dragon Ball Z: Attack of the Saiyans","12130","Dragon Ball Z: Attack of the Saiyans","50700","13620","44","1","30","0","0","3.72","Dragon Ball Z: Attack of the Saiyans"
"Dracula Love Kills","12131","Dracula Love Kills","50700","2040","234","1","7","0","0","24.85","Dracula Love Kills"
"Pirates of the Caribbean: The Legend of Jack Sparrow","12132","Pirates of the Caribbean: The Legend of Jack Sparrow","50700","3300","359","1","13","0","0","15.36","Pirates of the Caribbean: The Legend of Jack Sparrow"
"Grim Earth","12133","Grim Earth","50640","5460","195","2","47","0","0","9.27","Grim Earth"
"Steins;Gate: Senkei Kousoku no Phenogram","12134","Steins;Gate: Senkei Kousoku no Phenogram","50640","16800","20","2","16","0","0","3.01","Steins;Gate: Senkei Kousoku no Phenogram"
"Wrath of the Black Manta","12135","Wrath of the Black Manta","50640","1200","252","2","8","0","0","42.2","Wrath of the Black Manta"
"Street Fighter III: Double Impact","12136","Street Fighter III: Double Impact","50640","2700","325","1","6","0","0","18.76","Street Fighter III: Double Impact"
"Magical Diary","12137","Magical Diary","50640","6540","42","1","20","0","0","7.74","Magical Diary"
"Pro Evolution Soccer 2008","12138","Pro Evolution Soccer 2008","50640","10860","208","1","32","0","0","4.66","Pro Evolution Soccer 2008"
"Las Vegas Casino Party","12139","Las Vegas Casino Party","50580","840","248","1","5","0","0","60.21","Las Vegas Casino Party"
"Happy Wars","12140","Happy Wars","50580","32760","37","3","187","0","0","1.54","Happy Wars"
"The Realm Online","12141","The Realm Online","50580","15600","47","2","26","0","0","3.24","The Realm Online"
"HedgeWars","12142","HedgeWars","50580","4680","150","3","20","0","0","10.81","HedgeWars"
"Brukel","12143","Brukel","50520","1260","214","1","9","0","0","40.1","Brukel"
"Rescue: The Embassy Mission","12144","Rescue: The Embassy Mission","50520","1380","376","1","7","0","0","36.61","Rescue: The Embassy Mission"
"Duke Nukem: Time to Kill","12145","Duke Nukem: Time to Kill","50460","15780","95","2","37","0","0","3.2","Duke Nukem: Time to Kill"
"Looney Tunes World of Mayhem","12146","Looney Tunes World of Mayhem","50460","9120","132","1","49","0","0","5.53","Looney Tunes World of Mayhem"
"NEKOPARA Extra","12147","NEKOPARA Extra","50400","9960","59","1","60","0","0","5.06","NEKOPARA Extra"
"Leaving Lyndow","12148","Leaving Lyndow","50400","5520","243","1","51","0","0","9.13","Leaving Lyndow"
"Midnight Club 3: DUB Edition","12149","Midnight Club 3: DUB Edition","50400","22020","27","2","94","0","0","2.29","Midnight Club 3: DUB Edition"
"Battle Stadium D.O.N","12150","Battle Stadium D.O.N","50400","1320","491","1","14","0","0","38.18","Battle Stadium D.O.N"
"Cross Fire","12151","Cross Fire","50400","37800","233","3","139","0","0","1.33","Cross Fire"
"MegaTagmension Blanc + Neptune VS Zombies","12152","MegaTagmension Blanc + Neptune VS Zombies","50400","24600","57","2","72","0","0","2.05","MegaTagmension Blanc + Neptune VS Zombies"
"TS Online Mobile","12153","TS Online Mobile","50340","7200","193","2","12","0","0","6.99","TS Online Mobile"
"Daze Before Christmas","12154","Daze Before Christmas","50340","4920","160","8","39","0","0","10.23","Daze Before Christmas"
"Xena: Warrior Princess","12155","Xena: Warrior Princess","50340","4080","247","1","24","0","0","12.34","Xena: Warrior Princess"
"Greyfox","12156","Greyfox","50340","1020","427","1","7","0","0","49.35","Greyfox"
"Fox's Peter Pan & The Pirates: The Revenge of Captain Hook","12157","Fox's Peter Pan & The Pirates: The Revenge of Captain Hook","50340","1020","431","1","4","0","0","49.35","Fox's Peter Pan & The Pirates: The Revenge of Captain Hook"
"Heliophobia","12158","Heliophobia","50340","3180","116","1","14","0","0","15.83","Heliophobia"
"Refight: The Last Warship","12159","Refight: The Last Warship","50280","14640","52","3","40","0","0","3.43","Refight: The Last Warship"
"Tear Ring Saga: Berwick Saga","12160","Tear Ring Saga: Berwick Saga","50280","13260","16","2","9","0","0","3.79","Tear Ring Saga: Berwick Saga"
"Pixel Dungeon","12161","Pixel Dungeon","50280","24300","68","2","93","0","0","2.07","Pixel Dungeon"
"Senran Kagura Burst","12162","Senran Kagura Burst","50280","2520","183","1","14","0","0","19.95","Senran Kagura Burst"
"The Sims 3: Late Night","12163","The Sims 3: Late Night","50280","4500","203","1","17","0","0","11.17","The Sims 3: Late Night"
"Lumines II","12164","Lumines II","50220","1800","358","1","15","0","0","27.9","Lumines II"
"Top Spin 4","12165","Top Spin 4","50220","4380","305","1","10","0","0","11.47","Top Spin 4"
"Black Belt","12166","Black Belt","50220","900","264","2","6","0","0","55.8","Black Belt"
"Online Soccer Manager (OSM)","12167","Online Soccer Manager (OSM)","50220","5520","117","1","38","0","0","9.1","Online Soccer Manager (OSM)"
"Asdivine Hearts","12168","Asdivine Hearts","50220","16620","136","2","41","0","0","3.02","Asdivine Hearts"
"Pimpin 2.0","12169","Pimpin 2.0","50220","8040","178","1","1","0","0","6.25","Pimpin 2.0"
"Schwarzesmarken","12170","Schwarzesmarken","50100","3180","28","1","1","0","0","15.75","Schwarzesmarken"
"Project Lux","12171","Project Lux","50100","1980","176","1","15","0","0","25.3","Project Lux"
"S.U.B.","12172","S.U.B.","50100","1080","156","1","10","0","0","46.39","S.U.B."
"Grand Ages: Medieval","12173","Grand Ages: Medieval","50100","47580","15","3","136","0","0","1.05","Grand Ages: Medieval"
"Space Hulk Ascension","12174","Space Hulk Ascension","50100","8820","25","1","28","0","0","5.68","Space Hulk Ascension"
"MechWarrior 3","12175","MechWarrior 3","50100","9060","49","1","18","0","0","5.53","MechWarrior 3"
"Redneck Rampage","12176","Redneck Rampage","50040","8340","249","1","28","0","0","6","Redneck Rampage"
"Segagaga","12177","Segagaga","50040","840","173","1","2","0","0","59.57","Segagaga"
"Disney/Pixar's Finding Nemo","12178","Disney/Pixar's Finding Nemo","50040","600","246","1","5","0","0","83.4","Disney/Pixar's Finding Nemo"
"Jikkyou Powerful Pro Yakyuu: Success Special","12179","Jikkyou Powerful Pro Yakyuu: Success Special","50040","16500","368","2","11","0","0","3.03","Jikkyou Powerful Pro Yakyuu: Success Special"
"Bohemian Killing","12180","Bohemian Killing","50040","4440","590","1","28","0","0","11.27","Bohemian Killing"
"Legends of Equestria","12181","Legends of Equestria","49980","7440","134","3","30","0","0","6.72","Legends of Equestria"
"City of Mist","12182","City of Mist","49980","6540","69","1","8","0","0","7.64","City of Mist"
"Another Century's Episode 2","12183","Another Century's Episode 2","49980","3480","35","1","4","0","0","14.36","Another Century's Episode 2"
"Dragon Ball Z: The Legacy of Goku II","12184","Dragon Ball Z: The Legacy of Goku II","49980","15480","40","2","54","0","0","3.23","Dragon Ball Z: The Legacy of Goku II"
"Escape from Labyrinth","12185","Escape from Labyrinth","49920","1260","126","1","9","0","0","39.62","Escape from Labyrinth"
"Disney's Tarzan","12186","Disney's Tarzan","49920","10680","55","2","44","0","0","4.67","Disney's Tarzan"
"RoboCop 3","12187","RoboCop 3","49920","1740","488","2","11","0","0","28.69","RoboCop 3"
"Rock","12188","Rock","49920","30420","42","2","64","0","0","1.64","Rock"
"Gabriel Knight 3: Blood of the Sacred, Blood of the Damned","12189","Gabriel Knight 3: Blood of the Sacred, Blood of the Damned","49920","11220","24","2","23","0","0","4.45","Gabriel Knight 3: Blood of the Sacred, Blood of the Damned"
"Dragon Force II: Kamisarishi Daichi ni","12190","Dragon Force II: Kamisarishi Daichi ni","49920","3420","60","1","4","0","0","14.6","Dragon Force II: Kamisarishi Daichi ni"
"Pirates: All Aboard!","12191","Pirates: All Aboard!","49920","420","414","1","3","0","0","118.86","Pirates: All Aboard!"
"The Game Awards 2016","12192","The Game Awards 2016","49920","240","645","2","3","0","0","208","The Game Awards 2016"
"Save Jesus","12193","Save Jesus","49920","4920","248","1","40","0","0","10.15","Save Jesus"
"2084","12194","2084","49860","3060","131","2","30","0","0","16.29","2084"
"Babyz: Your Virtual Bundle of Joy","12195","Babyz: Your Virtual Bundle of Joy","49860","7020","129","1","7","0","0","7.1","Babyz: Your Virtual Bundle of Joy"
"Kitty Powers' Love Life","12196","Kitty Powers' Love Life","49860","5520","123","2","35","0","0","9.03","Kitty Powers' Love Life"
"Fushigi no Dungeon: Furai no Shiren GB2: Sabaku no Majou","12197","Fushigi no Dungeon: Furai no Shiren GB2: Sabaku no Majou","49860","2100","291","1","3","0","0","23.74","Fushigi no Dungeon: Furai no Shiren GB2: Sabaku no Majou"
"pop'n music 10","12198","pop'n music 10","49860","420","179","1","2","0","0","118.71","pop'n music 10"
"Dungeons","12199","Dungeons","49860","17280","210","2","45","0","0","2.89","Dungeons"
"Soul Gambler","12200","Soul Gambler","49800","3360","185","1","23","0","0","14.82","Soul Gambler"