"","","Game","Watch time","Stream time","Peak viewers","Peak channels","Streamers","Average viewers","Average channels","Average viewer ratio",""
"Magic Sword","14301","Magic Sword","28140","4020","46","1","10","0","0","7","Magic Sword"
"AtWar","14302","AtWar","28140","9480","197","3","29","0","0","2.97","AtWar"
"Bio-Hazard Battle","14303","Bio-Hazard Battle","28140","2700","98","3","16","0","0","10.42","Bio-Hazard Battle"
"Fantastic Creatures","14304","Fantastic Creatures","28140","2040","193","2","8","0","0","13.79","Fantastic Creatures"
"Dora's Big Birthday Adventure","14305","Dora's Big Birthday Adventure","28140","120","469","1","1","0","0","234.5","Dora's Big Birthday Adventure"
"Super Monkey Ball Adventure","14306","Super Monkey Ball Adventure","28080","7620","26","2","25","0","0","3.69","Super Monkey Ball Adventure"
"Darkfall","14307","Darkfall","28080","9960","36","2","35","0","0","2.82","Darkfall"
"Sherlock Holmes and the Hound of the Baskervilles","14308","Sherlock Holmes and the Hound of the Baskervilles","28080","2400","85","1","9","0","0","11.7","Sherlock Holmes and the Hound of the Baskervilles"
"Resonance","14309","Resonance","28080","5400","51","1","8","0","0","5.2","Resonance"
"War of Omens","14310","War of Omens","28080","6780","100","4","28","0","0","4.14","War of Omens"
"Dark Messiah of Might and Magic: Elements","14311","Dark Messiah of Might and Magic: Elements","28080","7680","90","1","23","0","0","3.66","Dark Messiah of Might and Magic: Elements"
"Jesus Christ RPG Trilogy","14312","Jesus Christ RPG Trilogy","28080","7080","79","1","42","0","0","3.97","Jesus Christ RPG Trilogy"
"Political Animals","14313","Political Animals","28080","11340","98","2","34","0","0","2.48","Political Animals"
"LogicBots","14314","LogicBots","28080","1860","442","2","7","0","0","15.1","LogicBots"
"0ad","14315","0ad","28080","13500","15","2","50","0","0","2.08","0ad"
"Bugaboo (The Flea)","14316","Bugaboo (The Flea)","28080","360","144","1","1","0","0","78","Bugaboo (The Flea)"
"Holedown","14317","Holedown","28020","780","252","1","3","0","0","35.92","Holedown"
"Slasher's Keep","14318","Slasher's Keep","28020","10080","30","2","38","0","0","2.78","Slasher's Keep"
"Endless Frontier","14319","Endless Frontier","28020","8820","14","2","21","0","0","3.18","Endless Frontier"
"Metal Gear Solid: Portable Ops Plus","14320","Metal Gear Solid: Portable Ops Plus","28020","2160","351","1","13","0","0","12.97","Metal Gear Solid: Portable Ops Plus"
"Caster","14321","Caster","28020","3480","254","1","21","0","0","8.05","Caster"
"Super Buster Bros.","14322","Super Buster Bros.","28020","5520","116","2","15","0","0","5.08","Super Buster Bros."
"Nederland","14323","Nederland","28020","36120","7","2","57","0","0","0.78","Nederland"
"The Incredible Machine","14324","The Incredible Machine","28020","2700","76","2","16","0","0","10.38","The Incredible Machine"
"You Are The Umpire","14325","You Are The Umpire","28020","120","448","1","1","0","0","233.5","You Are The Umpire"
"Taz: Wanted","14326","Taz: Wanted","27960","20340","72","2","30","0","0","1.37","Taz: Wanted"
"Brain Drain","14327","Brain Drain","27960","1380","64","1","4","0","0","20.26","Brain Drain"
"Cargo! The Quest for Gravity","14328","Cargo! The Quest for Gravity","27960","1140","90","1","6","0","0","24.53","Cargo! The Quest for Gravity"
"ERIE","14329","ERIE","27960","2100","243","1","21","0","0","13.31","ERIE"
"The Quest","14330","The Quest","27960","2400","66","1","6","0","0","11.65","The Quest"
"Scribbled Arena","14331","Scribbled Arena","27960","1500","91","1","11","0","0","18.64","Scribbled Arena"
"Flatspace","14332","Flatspace","27960","6900","18","1","3","0","0","4.05","Flatspace"
"The Talos Principle 2","14333","The Talos Principle 2","27960","2640","141","1","7","0","0","10.59","The Talos Principle 2"
"GearStorm","14334","GearStorm","27960","4920","80","3","30","0","0","5.68","GearStorm"
"My Hero Academia: Smash Tap","14335","My Hero Academia: Smash Tap","27900","4440","143","2","21","0","0","6.28","My Hero Academia: Smash Tap"
"Delicious: Emily's Home Sweet Home","14336","Delicious: Emily's Home Sweet Home","27900","3780","152","1","10","0","0","7.38","Delicious: Emily's Home Sweet Home"
"Zoo Tycoon 2: Zookeeper Collection","14337","Zoo Tycoon 2: Zookeeper Collection","27900","9900","18","2","48","0","0","2.82","Zoo Tycoon 2: Zookeeper Collection"
"Echo Night 2","14338","Echo Night 2","27900","6780","19","2","9","0","0","4.12","Echo Night 2"
"Dragon's Lair 3D: Return to the Lair","14339","Dragon's Lair 3D: Return to the Lair","27900","2760","114","1","10","0","0","10.11","Dragon's Lair 3D: Return to the Lair"
"Spindizzy Worlds","14340","Spindizzy Worlds","27900","1440","212","1","3","0","0","19.38","Spindizzy Worlds"
"Fire Pro Wrestling","14341","Fire Pro Wrestling","27900","1500","131","1","9","0","0","18.6","Fire Pro Wrestling"
"Elegy for a Dead World","14342","Elegy for a Dead World","27840","1800","62","1","8","0","0","15.47","Elegy for a Dead World"
"Lost in Shadow","14343","Lost in Shadow","27840","2160","90","1","3","0","0","12.89","Lost in Shadow"
"Real Racing 3","14344","Real Racing 3","27840","61560","10","2","342","0","0","0.45","Real Racing 3"
"Deisim","14345","Deisim","27840","7320","60","2","43","0","0","3.8","Deisim"
"Endless Fables 2: Frozen Path","14346","Endless Fables 2: Frozen Path","27840","1980","113","1","8","0","0","14.06","Endless Fables 2: Frozen Path"
"WonderKing Online","14347","WonderKing Online","27840","1500","57","2","3","0","0","18.56","WonderKing Online"
"Pokémon Play It! 2","14348","Pokémon Play It! 2","27840","1320","442","1","10","0","0","21.09","Pokémon Play It! 2"
"LiEat III","14349","LiEat III","27780","6240","26","1","28","0","0","4.45","LiEat III"
"Lucky's Tale","14350","Lucky's Tale","27780","8220","95","2","61","0","0","3.38","Lucky's Tale"
"Evie","14351","Evie","27780","1800","103","1","18","0","0","15.43","Evie"
"Hellfront: Honeymoon","14352","Hellfront: Honeymoon","27780","5760","43","3","39","0","0","4.82","Hellfront: Honeymoon"
"Vanguard: Saga of Heroes","14353","Vanguard: Saga of Heroes","27780","6480","43","2","17","0","0","4.29","Vanguard: Saga of Heroes"
"Secret Ponchos","14354","Secret Ponchos","27780","7920","13","3","13","0","0","3.51","Secret Ponchos"
"The Death and Return of Superman","14355","The Death and Return of Superman","27780","2040","180","1","15","0","0","13.62","The Death and Return of Superman"
"GRAV","14356","GRAV","27780","12660","19","2","29","0","0","2.19","GRAV"
"Mushroom Men: The Spore Wars","14357","Mushroom Men: The Spore Wars","27780","1800","163","1","7","0","0","15.43","Mushroom Men: The Spore Wars"
"Big Mutha Truckers","14358","Big Mutha Truckers","27780","1500","374","1","10","0","0","18.52","Big Mutha Truckers"
"PLAYNE : The Meditation Game","14359","PLAYNE : The Meditation Game","27780","4380","141","2","20","0","0","6.34","PLAYNE : The Meditation Game"
"Metal Unit","14360","Metal Unit","27780","1320","343","2","9","0","0","21.05","Metal Unit"
"7th Dragon 2020","14361","7th Dragon 2020","27720","13140","11","2","16","0","0","2.11","7th Dragon 2020"
"Operation Flashpoint: Dragon Rising","14362","Operation Flashpoint: Dragon Rising","27720","19560","10","2","74","0","0","1.42","Operation Flashpoint: Dragon Rising"
"Kidgames","14363","Kidgames","27720","4260","27","1","3","0","0","6.51","Kidgames"
"Miles & Kilo","14364","Miles & Kilo","27720","4740","200","2","25","0","0","5.85","Miles & Kilo"
"Eximius: Seize the Frontline","14365","Eximius: Seize the Frontline","27720","12960","50","3","30","0","0","2.14","Eximius: Seize the Frontline"
"Pop'n Music éclale","14366","Pop'n Music éclale","27720","75720","46","2","13","0","0","0.37","Pop'n Music éclale"
"Necrosphere","14367","Necrosphere","27720","4080","40","1","31","0","0","6.79","Necrosphere"
"Syndrome","14368","Syndrome","27720","11520","15","2","29","0","0","2.41","Syndrome"
"Crazy Oafish Ultra Blocks: Big Sale","14369","Crazy Oafish Ultra Blocks: Big Sale","27720","960","244","1","9","0","0","28.88","Crazy Oafish Ultra Blocks: Big Sale"
"Battle Royale Trainer","14370","Battle Royale Trainer","27660","3540","183","1","31","0","0","7.81","Battle Royale Trainer"
"Jagged Alliance: Back in Action","14371","Jagged Alliance: Back in Action","27660","8640","30","2","19","0","0","3.2","Jagged Alliance: Back in Action"
"Medieval: Total War","14372","Medieval: Total War","27660","12600","49","2","31","0","0","2.2","Medieval: Total War"
"Scooby-Doo: Mystery Mayhem","14373","Scooby-Doo: Mystery Mayhem","27660","8040","27","1","37","0","0","3.44","Scooby-Doo: Mystery Mayhem"
"Monkey Hero","14374","Monkey Hero","27600","11460","52","1","9","0","0","2.41","Monkey Hero"
"The Hive","14375","The Hive","27600","4380","36","2","26","0","0","6.3","The Hive"
"Super Adventure Rockman","14376","Super Adventure Rockman","27600","840","162","1","4","0","0","32.86","Super Adventure Rockman"
"Fragments of Him","14377","Fragments of Him","27600","4020","46","2","18","0","0","6.87","Fragments of Him"
"Victorious: Taking the Lead","14378","Victorious: Taking the Lead","27540","120","473","1","2","0","0","229.5","Victorious: Taking the Lead"
"Shaman King: Chou Senjiryokketsu 3","14379","Shaman King: Chou Senjiryokketsu 3","27540","1080","148","1","1","0","0","25.5","Shaman King: Chou Senjiryokketsu 3"
"Asheron's Call: Throne of Destiny","14380","Asheron's Call: Throne of Destiny","27540","11160","8","2","5","0","0","2.47","Asheron's Call: Throne of Destiny"
"Naruto: Rise of a Ninja","14381","Naruto: Rise of a Ninja","27540","15000","9","1","18","0","0","1.84","Naruto: Rise of a Ninja"
"Yandere-Chan","14382","Yandere-Chan","27540","7620","232","2","66","0","0","3.61","Yandere-Chan"
"Cabbage Patch Kids Adventures in the Park","14383","Cabbage Patch Kids Adventures in the Park","27540","240","240","1","3","0","0","114.75","Cabbage Patch Kids Adventures in the Park"
"A way up!","14384","A way up!","27540","960","404","1","7","0","0","28.69","A way up!"
"Nightfall","14385","Nightfall","27480","2520","146","1","13","0","0","10.9","Nightfall"
"Versailles 1685","14386","Versailles 1685","27480","1140","99","1","3","0","0","24.11","Versailles 1685"
"Star Wars: Galactic Battlegrounds - Clone Campaigns","14387","Star Wars: Galactic Battlegrounds - Clone Campaigns","27480","13140","18","1","57","0","0","2.09","Star Wars: Galactic Battlegrounds - Clone Campaigns"
"Anime Melee","14388","Anime Melee","27480","27840","15","2","33","0","0","0.99","Anime Melee"
"Car & Driver Presents: Grand Tour Racing '98","14389","Car & Driver Presents: Grand Tour Racing '98","27420","360","135","1","2","0","0","76.17","Car & Driver Presents: Grand Tour Racing '98"
"My Candy Love","14390","My Candy Love","27420","3840","90","1","13","0","0","7.14","My Candy Love"
"Karma: Incarnation 1","14391","Karma: Incarnation 1","27420","1320","96","1","7","0","0","20.77","Karma: Incarnation 1"
"Herald: An Interactive Period Drama","14392","Herald: An Interactive Period Drama","27420","1680","66","1","7","0","0","16.32","Herald: An Interactive Period Drama"
"Dragon's Lair II: TimeWarp","14393","Dragon's Lair II: TimeWarp","27420","900","209","1","10","0","0","30.47","Dragon's Lair II: TimeWarp"
"Minstrel Man","14394","Minstrel Man","27420","1140","90","1","2","0","0","24.05","Minstrel Man"
"Heavy Shreddin'","14395","Heavy Shreddin'","27360","660","403","1","5","0","0","41.45","Heavy Shreddin'"
"Fly!","14396","Fly!","27360","900","166","1","7","0","0","30.4","Fly!"
"Adult Film Cameraman","14397","Adult Film Cameraman","27360","32760","7","3","70","0","0","0.84","Adult Film Cameraman"
"DDRMAX Dance Dance Revolution","14398","DDRMAX Dance Dance Revolution","27360","6120","193","2","27","0","0","4.47","DDRMAX Dance Dance Revolution"
"Mickey Mousecapade","14399","Mickey Mousecapade","27360","4020","67","8","25","0","0","6.81","Mickey Mousecapade"
"Blood Bowl: Chaos Edition","14400","Blood Bowl: Chaos Edition","27360","9540","70","2","41","0","0","2.87","Blood Bowl: Chaos Edition"