"","","Game","Watch time","Stream time","Peak viewers","Peak channels","Streamers","Average viewers","Average channels","Average viewer ratio",""
"Dread of Laughter","7401","Dread of Laughter","260580","4080","2149","1","29","0","0","63.87","Dread of Laughter"
"The Caverns of Hammerfest","7402","The Caverns of Hammerfest","260340","55500","38","3","23","0","0","4.69","The Caverns of Hammerfest"
"Dungeons 2","7403","Dungeons 2","260340","62640","294","3","195","0","0","4.16","Dungeons 2"
"Mechstermination Force","7404","Mechstermination Force","260280","7740","474","4","39","0","0","33.63","Mechstermination Force"
"Save Koch","7405","Save Koch","260220","16080","361","4","105","0","0","16.18","Save Koch"
"Spellweaver","7406","Spellweaver","260220","19260","104","2","17","0","0","13.51","Spellweaver"
"Doorways: The Underworld","7407","Doorways: The Underworld","260220","5520","2093","1","29","0","0","47.14","Doorways: The Underworld"
"Blade Stranger","7408","Blade Stranger","260160","22380","596","2","108","0","0","11.62","Blade Stranger"
"WWE Legends of WrestleMania","7409","WWE Legends of WrestleMania","259980","960","3398","2","7","0","0","270.81","WWE Legends of WrestleMania"
"Nameless ~The One Thing You Must Recall~","7410","Nameless ~The One Thing You Must Recall~","259920","38520","95","2","58","0","0","6.75","Nameless ~The One Thing You Must Recall~"
"NHL 09","7411","NHL 09","259860","202920","16","4","119","0","0","1.28","NHL 09"
"Rugby League Live 4","7412","Rugby League Live 4","259740","31380","1905","3","141","0","0","8.28","Rugby League Live 4"
"Hugs & Cuddles","7413","Hugs & Cuddles","259500","21540","739","2","10","0","0","12.05","Hugs & Cuddles"
"Sega Rally 2","7414","Sega Rally 2","259500","8040","461","1","13","0","0","32.28","Sega Rally 2"
"Yu-Gi-Oh! Capsule Monster Coliseum","7415","Yu-Gi-Oh! Capsule Monster Coliseum","259320","27660","129","2","55","0","0","9.38","Yu-Gi-Oh! Capsule Monster Coliseum"
"Command: Modern Air / Naval Operations","7416","Command: Modern Air / Naval Operations","259020","26100","236","3","49","0","0","9.92","Command: Modern Air / Naval Operations"
"Tokyo Ghoul: re Call to Exist","7417","Tokyo Ghoul: re Call to Exist","258840","53280","172","11","411","0","0","4.86","Tokyo Ghoul: re Call to Exist"
"Knockout Kings","7418","Knockout Kings","258840","840","1874","1","8","0","0","308.14","Knockout Kings"
"Armored Core: for Answer","7419","Armored Core: for Answer","258780","22860","104","2","44","0","0","11.32","Armored Core: for Answer"
"Metal Arms: Glitch in the System","7420","Metal Arms: Glitch in the System","258540","41100","852","4","57","0","0","6.29","Metal Arms: Glitch in the System"
"Unworthy","7421","Unworthy","258240","28320","280","2","77","0","0","9.12","Unworthy"
"Spike Volleyball","7422","Spike Volleyball","258060","18600","1275","5","86","0","0","13.87","Spike Volleyball"
"Barbie's Team Gymnastics","7423","Barbie's Team Gymnastics","258060","4020","3504","2","22","0","0","64.19","Barbie's Team Gymnastics"
"Zombie Panic: Source","7424","Zombie Panic: Source","258000","29460","877","3","123","0","0","8.76","Zombie Panic: Source"
"Puyo Puyo","7425","Puyo Puyo","258000","22800","1161","2","90","0","0","11.32","Puyo Puyo"
"Lagoon","7426","Lagoon","257880","12960","372","3","30","0","0","19.9","Lagoon"
"Dispersio","7427","Dispersio","257880","3660","3285","2","9","0","0","70.46","Dispersio"
"Uplink: Hacker Elite","7428","Uplink: Hacker Elite","257280","28560","248","2","94","0","0","9.01","Uplink: Hacker Elite"
"Puzzle","7429","Puzzle","257220","51540","240","4","157","0","0","4.99","Puzzle"
"Codename Cure","7430","Codename Cure","257160","24480","3360","3","187","0","0","10.5","Codename Cure"
"Chinese Paladin: Sword and Fairy 6","7431","Chinese Paladin: Sword and Fairy 6","257160","12600","130","2","27","0","0","20.41","Chinese Paladin: Sword and Fairy 6"
"Fall of Light","7432","Fall of Light","256980","11520","1482","3","56","0","0","22.31","Fall of Light"
"Corpse Killer","7433","Corpse Killer","256680","5400","2176","1","29","0","0","47.53","Corpse Killer"
"Utawarerumono","7434","Utawarerumono","256680","13620","367","3","24","0","0","18.85","Utawarerumono"
"Disney's Extreme Skate Adventure","7435","Disney's Extreme Skate Adventure","256560","22860","1627","2","71","0","0","11.22","Disney's Extreme Skate Adventure"
"Digital Combat Simulator: Black Shark","7436","Digital Combat Simulator: Black Shark","255840","296760","36","7","640","0","0","0.86","Digital Combat Simulator: Black Shark"
"Siege","7437","Siege","255780","174300","442","5","839","0","0","1.47","Siege"
"Star Realms","7438","Star Realms","255720","48480","847","9","108","0","0","5.27","Star Realms"
"Petka 3: The Return of Alaska","7439","Petka 3: The Return of Alaska","255420","2400","477","1","6","0","0","106.43","Petka 3: The Return of Alaska"
"Pirates Outlaws","7440","Pirates Outlaws","255360","4740","420","2","16","0","0","53.87","Pirates Outlaws"
"Instruments of Chaos Starring Young Indiana Jones","7441","Instruments of Chaos Starring Young Indiana Jones","255300","840","2103","1","4","0","0","303.93","Instruments of Chaos Starring Young Indiana Jones"
"Speed","7442","Speed","255240","5280","4163","2","21","0","0","48.34","Speed"
"Claire","7443","Claire","255240","40680","151","3","218","0","0","6.27","Claire"
"Hello Kitty and Sanrio Friends Racing","7444","Hello Kitty and Sanrio Friends Racing","255060","1740","3995","1","16","0","0","146.59","Hello Kitty and Sanrio Friends Racing"
"Busy Scissors","7445","Busy Scissors","255000","900","1150","1","5","0","0","283.33","Busy Scissors"
"Twinkle Star Sprites","7446","Twinkle Star Sprites","254940","10560","3062","2","69","0","0","24.14","Twinkle Star Sprites"
"Lost Planet: Extreme Condition","7447","Lost Planet: Extreme Condition","254880","52680","615","3","187","0","0","4.84","Lost Planet: Extreme Condition"
"Konung 2: Blood of Titans","7448","Konung 2: Blood of Titans","254700","3000","469","1","7","0","0","84.9","Konung 2: Blood of Titans"
"Blast Zone! Tournament","7449","Blast Zone! Tournament","254640","21420","488","6","203","0","0","11.89","Blast Zone! Tournament"
"The Golf Club 2","7450","The Golf Club 2","254520","84240","115","5","437","0","0","3.02","The Golf Club 2"
"Metal as Phuk","7451","Metal as Phuk","254460","29040","295","3","88","0","0","8.76","Metal as Phuk"
"Tottemo! Lucky Man: Lucky Cookie Roulette de Totsugeki","7452","Tottemo! Lucky Man: Lucky Cookie Roulette de Totsugeki","254160","60","4383","1","1","0","0","4236","Tottemo! Lucky Man: Lucky Cookie Roulette de Totsugeki"
"Tiny Metal: Full Metal Rumble","7453","Tiny Metal: Full Metal Rumble","254160","13200","574","4","77","0","0","19.25","Tiny Metal: Full Metal Rumble"
"CastleMiner Z","7454","CastleMiner Z","254100","65340","1196","4","415","0","0","3.89","CastleMiner Z"
"Theseus","7455","Theseus","254040","2940","2055","2","18","0","0","86.41","Theseus"
"Theatrhythm Final Fantasy: Curtain Call","7456","Theatrhythm Final Fantasy: Curtain Call","253980","8700","679","2","32","0","0","29.19","Theatrhythm Final Fantasy: Curtain Call"
"Revelations: Persona","7457","Revelations: Persona","253920","34980","112","2","95","0","0","7.26","Revelations: Persona"
"Nairi","7458","Nairi","253860","30660","140","3","110","0","0","8.28","Nairi"
"Stratego","7459","Stratego","253800","3480","1605","2","18","0","0","72.93","Stratego"
"The Wall","7460","The Wall","253620","4920","1386","2","21","0","0","51.55","The Wall"
"Gran Turismo","7461","Gran Turismo","253560","62760","210","3","189","0","0","4.04","Gran Turismo"
"7Days","7462","7Days","253440","90780","143","4","260","0","0","2.79","7Days"
"The Princess Guide","7463","The Princess Guide","253320","13140","1583","3","46","0","0","19.28","The Princess Guide"
"Intruders Hide and Seek","7464","Intruders Hide and Seek","253320","9120","1211","2","104","0","0","27.78","Intruders Hide and Seek"
"Crossniq+","7465","Crossniq+","253320","6480","1606","4","49","0","0","39.09","Crossniq+"
"Dry Drowning","7466","Dry Drowning","252780","9900","294","3","32","0","0","25.53","Dry Drowning"
"Pokémon Pinball","7467","Pokémon Pinball","252660","26760","604","2","67","0","0","9.44","Pokémon Pinball"
"Super Bust-A-Move","7468","Super Bust-A-Move","252420","120","4285","2","2","0","0","2103.5","Super Bust-A-Move"
"Dead Man's Journey","7469","Dead Man's Journey","252360","3660","4046","1","14","0","0","68.95","Dead Man's Journey"
"Densha De D: Lightning Stage","7470","Densha De D: Lightning Stage","251820","4860","1378","4","18","0","0","51.81","Densha De D: Lightning Stage"
"Mercenaries: Playground of Destruction","7471","Mercenaries: Playground of Destruction","251820","48540","809","4","161","0","0","5.19","Mercenaries: Playground of Destruction"
"Renegade Ops","7472","Renegade Ops","251640","8340","962","1","33","0","0","30.17","Renegade Ops"
"Super Boy III","7473","Super Boy III","251640","1020","2270","1","3","0","0","246.71","Super Boy III"
"Looterkings","7474","Looterkings","251460","8220","1182","3","47","0","0","30.59","Looterkings"
"Mario Kart: Super Circuit","7475","Mario Kart: Super Circuit","251460","19140","1029","4","105","0","0","13.14","Mario Kart: Super Circuit"
"Hover: Revolt of Gamers","7476","Hover: Revolt of Gamers","251400","25200","532","3","126","0","0","9.98","Hover: Revolt of Gamers"
"Montaro","7477","Montaro","251280","28620","560","3","258","0","0","8.78","Montaro"
"Ghost 1.0","7478","Ghost 1.0","251160","51840","110","3","114","0","0","4.84","Ghost 1.0"
"Dragon Ball Z: Budokai Tenkaichi 2","7479","Dragon Ball Z: Budokai Tenkaichi 2","251160","29940","2609","2","104","0","0","8.39","Dragon Ball Z: Budokai Tenkaichi 2"
"Gregory Horror Show","7480","Gregory Horror Show","251160","26220","1040","2","64","0","0","9.58","Gregory Horror Show"
"The Fortress of Dr. Radiaki","7481","The Fortress of Dr. Radiaki","251100","2520","154","1","1","0","0","99.64","The Fortress of Dr. Radiaki"
"Gran Turismo 6","7482","Gran Turismo 6","250920","30480","80","2","56","0","0","8.23","Gran Turismo 6"
"SD Gundam G Generation Neo","7483","SD Gundam G Generation Neo","250860","2040","5412","1","7","0","0","122.97","SD Gundam G Generation Neo"
"Castlevania Judgment","7484","Castlevania Judgment","250800","5640","1946","2","34","0","0","44.47","Castlevania Judgment"
"Lost Artifacts: Soulstone","7485","Lost Artifacts: Soulstone","250500","660","792","1","4","0","0","379.55","Lost Artifacts: Soulstone"
"MicroVolts","7486","MicroVolts","250500","80520","336","4","143","0","0","3.11","MicroVolts"
"Star Wars: X-Wing","7487","Star Wars: X-Wing","250440","62700","86","3","78","0","0","3.99","Star Wars: X-Wing"
"Roots of Insanity","7488","Roots of Insanity","250440","5280","3129","1","31","0","0","47.43","Roots of Insanity"
"Psi-Ops: The Mindgate Conspiracy","7489","Psi-Ops: The Mindgate Conspiracy","250380","11760","1987","2","39","0","0","21.29","Psi-Ops: The Mindgate Conspiracy"
"One Punch Man: A Hero Nobody Knows","7490","One Punch Man: A Hero Nobody Knows","250080","25200","514","28","108","0","0","9.92","One Punch Man: A Hero Nobody Knows"
"Kirby's Epic Yarn","7491","Kirby's Epic Yarn","250080","48540","116","4","152","0","0","5.15","Kirby's Epic Yarn"
"Virtual Reality Studio","7492","Virtual Reality Studio","250080","28980","841","2","71","0","0","8.63","Virtual Reality Studio"
"The Chronicles of Quiver Dick","7493","The Chronicles of Quiver Dick","250020","25020","198","3","117","0","0","9.99","The Chronicles of Quiver Dick"
"Saint Seiya Online","7494","Saint Seiya Online","249900","35340","706","2","97","0","0","7.07","Saint Seiya Online"
"Bus Driver","7495","Bus Driver","249900","12360","1282","2","67","0","0","20.22","Bus Driver"
"Dead Frontier","7496","Dead Frontier","249840","121500","139","3","158","0","0","2.06","Dead Frontier"
"Milk Paradise: My sister will die if I can't get the milk!","7497","Milk Paradise: My sister will die if I can't get the milk!","249840","720","1284","1","3","0","0","347","Milk Paradise: My sister will die if I can't get the milk!"
"MechWarrior 2: 31st Century Combat","7498","MechWarrior 2: 31st Century Combat","249660","12240","183","2","23","0","0","20.4","MechWarrior 2: 31st Century Combat"
"Star Trek: The Next Generation","7499","Star Trek: The Next Generation","249600","3180","648","1","7","0","0","78.49","Star Trek: The Next Generation"
"MySims","7500","MySims","249300","30000","296","2","114","0","0","8.31","MySims"