"","","Game","Watch time","Stream time","Peak viewers","Peak channels","Streamers","Average viewers","Average channels","Average viewer ratio",""
"Pokémon Trading Card Game Online","501","Pokémon Trading Card Game Online","53651640","3847560","2139","28","5178","102","7","13.94","Pokémon Trading Card Game Online"
"The Jackbox Party Pack 4","502","The Jackbox Party Pack 4","53478720","3108420","18634","56","11823","101","5","17.2","The Jackbox Party Pack 4"
"Doki Doki Literature Club","503","Doki Doki Literature Club","53411400","2581380","14881","33","9964","101","4","20.69","Doki Doki Literature Club"
"Slime Rancher","504","Slime Rancher","52911600","6176700","23423","251","26155","100","11","8.57","Slime Rancher"
"Yakuza 4","505","Yakuza 4","52743660","424800","24452","28","413","100","0","124.16","Yakuza 4"
"Azur Lane","506","Azur Lane","52681020","3922980","5616","79","3123","100","7","13.43","Azur Lane"
"Final Fantasy X","507","Final Fantasy X","52637940","1210560","18430","13","1915","100","2","43.48","Final Fantasy X"
"Girls Frontline","508","Girls Frontline","52593060","3918120","4984","50","2139","100","7","13.42","Girls Frontline"
"Half-Life","509","Half-Life","52552140","2161260","118201","28","8062","99","4","24.32","Half-Life"
"Graveyard Keeper","510","Graveyard Keeper","52110420","3289920","6884","58","6066","99","6","15.84","Graveyard Keeper"
"Super Seducer","511","Super Seducer","51749640","305340","44450","16","1542","98","0","169.48","Super Seducer"
"Grand Theft Auto IV","512","Grand Theft Auto IV","51512040","1855200","21556","20","5188","98","3","27.77","Grand Theft Auto IV"
"A Hat in Time","513","A Hat in Time","51500880","4160760","9716","181","11473","97","7","12.38","A Hat in Time"
"Neverwinter","514","Neverwinter","51474000","8219340","7491","52","10553","97","15","6.26","Neverwinter"
"Pokémon Emerald","515","Pokémon Emerald","51438000","3013260","8068","31","7251","97","5","17.07","Pokémon Emerald"
"Superliminal","516","Superliminal","51424260","261360","66435","30","1710","97","0","196.76","Superliminal"
"The Messenger","517","The Messenger","51033480","2155920","151270","30","5326","97","4","23.67","The Messenger"
"Ratropolis","518","Ratropolis","50861820","445380","19053","46","1040","96","0","114.2","Ratropolis"
"Battlefield 1","519","Battlefield 1","50781000","11464440","7012","70","37024","96","21","4.43","Battlefield 1"
"Final Fantasy IV","520","Final Fantasy IV","50529600","2471700","146533","58","1699","96","4","20.44","Final Fantasy IV"
"Mass Effect","521","Mass Effect","50337180","3600060","24724","32","6225","95","6","13.98","Mass Effect"
"Deep Rock Galactic","522","Deep Rock Galactic","50272080","4411500","22372","107","11115","95","8","11.4","Deep Rock Galactic"
"SOMA","523","SOMA","50125020","4144680","16931","155","15646","95","7","12.09","SOMA"
"Monster Hunter Generations Ultimate","524","Monster Hunter Generations Ultimate","50045700","4427760","2603","31","3077","95","8","11.3","Monster Hunter Generations Ultimate"
"Call of Duty: Black Ops","525","Call of Duty: Black Ops","49950420","4858920","20748","33","13812","95","9","10.28","Call of Duty: Black Ops"
"Vainglory","526","Vainglory","49872180","4186320","1873","33","4133","94","7","11.91","Vainglory"
"Keep Talking and Nobody Explodes","527","Keep Talking and Nobody Explodes","49449720","1458240","27878","19","6434","94","2","33.91","Keep Talking and Nobody Explodes"
"Layers of Fear","528","Layers of Fear","49428600","3549900","10692","284","20545","94","6","13.92","Layers of Fear"
"Diablo IV","529","Diablo IV","49342080","101280","47472","21","252","93","0","487.18","Diablo IV"
"Castlevania: Symphony of the Night","530","Castlevania: Symphony of the Night","49295580","1387980","169166","19","3038","93","2","35.52","Castlevania: Symphony of the Night"
"Ace Combat 7","531","Ace Combat 7","49273500","2872380","28690","269","7145","93","5","17.15","Ace Combat 7"
"Gothic II: Night of the Raven","532","Gothic II: Night of the Raven","49155240","2128620","4199","20","1332","93","4","23.09","Gothic II: Night of the Raven"
"SCP: Secret Laboratory","533","SCP: Secret Laboratory","48899760","4759320","23019","43","14400","93","9","10.27","SCP: Secret Laboratory"
"Super Seducer 2","534","Super Seducer 2","48830220","376920","28243","23","1772","92","0","129.55","Super Seducer 2"
"Worms W.M.D","535","Worms W.M.D","48802020","643560","28860","41","3692","92","1","75.83","Worms W.M.D"
"Pokémon Red/Blue","536","Pokémon Red/Blue","48603900","2584920","13645","24","3964","92","4","18.8","Pokémon Red/Blue"
"Tales of Vesperia","537","Tales of Vesperia","48472260","4138020","8935","211","4246","92","7","11.71","Tales of Vesperia"
"Yuppie Psycho","538","Yuppie Psycho","48469920","444720","33399","29","1183","92","0","108.99","Yuppie Psycho"
"Mafia II","539","Mafia II","48325260","1584000","19704","22","4973","91","3","30.51","Mafia II"
"Gang Beasts","540","Gang Beasts","48280680","2438520","34755","43","19195","91","4","19.8","Gang Beasts"
"Kageroh: Shadow Corridor","541","Kageroh: Shadow Corridor","48085020","556260","21236","28","1438","91","1","86.44","Kageroh: Shadow Corridor"
"Danganronpa 2: Goodbye Despair","542","Danganronpa 2: Goodbye Despair","48027300","1715580","9840","16","1729","91","3","27.99","Danganronpa 2: Goodbye Despair"
"Jurassic World Evolution","543","Jurassic World Evolution","47979300","4480740","20439","53","12852","91","8","10.71","Jurassic World Evolution"
"Need for Speed: Most Wanted (2005)","544","Need for Speed: Most Wanted (2005)","47937060","1369680","5992","20","4433","91","2","35","Need for Speed: Most Wanted (2005)"
"Otaku's Adventure","545","Otaku's Adventure","47654100","208260","22487","26","709","90","0","228.82","Otaku's Adventure"
"Metro 2033","546","Metro 2033","47641080","3314460","18024","56","13794","90","6","14.37","Metro 2033"
"Transport Fever 2","547","Transport Fever 2","47596140","1039020","26412","150","1713","90","1","45.81","Transport Fever 2"
"Pacify","548","Pacify","47493000","1327860","30657","49","13667","90","2","35.77","Pacify"
"The Legend of Zelda","549","The Legend of Zelda","47216700","2209860","53778","42","2360","89","4","21.37","The Legend of Zelda"
"Metal Gear Solid 3: Snake Eater","550","Metal Gear Solid 3: Snake Eater","46947600","731040","5780","13","1250","89","1","64.22","Metal Gear Solid 3: Snake Eater"
"Poly Bridge","551","Poly Bridge","46842300","578160","28104","13","3592","89","1","81.02","Poly Bridge"
"Danganronpa: Trigger Happy Havoc","552","Danganronpa: Trigger Happy Havoc","46798920","2204880","11600","28","3314","89","4","21.23","Danganronpa: Trigger Happy Havoc"
"Supraland","553","Supraland","46758060","640620","27524","32","2057","88","1","72.99","Supraland"
"Insurgency: Sandstorm","554","Insurgency: Sandstorm","46747080","5844960","23642","111","18328","88","11","8","Insurgency: Sandstorm"
"Fútbol","555","Fútbol","46434420","464940","15872","15","988","88","0","99.87","Fútbol"
"Mafia.gg","556","Mafia.gg","46353600","217560","8399","12","347","88","0","213.06","Mafia.gg"
"BioShock Infinite","557","BioShock Infinite","46351560","2784780","16259","25","8168","88","5","16.64","BioShock Infinite"
"Final Fantasy XV","558","Final Fantasy XV","46282800","8179740","24986","97","16761","88","15","5.66","Final Fantasy XV"
"Tricky Towers","559","Tricky Towers","45786540","981960","31352","24","6346","87","1","46.63","Tricky Towers"
"Kingdom Under Fire II","560","Kingdom Under Fire II","45757620","539460","18369","30","736","87","1","84.82","Kingdom Under Fire II"
"I Wanna Be The Guy","561","I Wanna Be The Guy","45725220","2253900","6424","22","1216","87","4","20.29","I Wanna Be The Guy"
"Aion","562","Aion","45694380","5460780","3104","46","3495","86","10","8.37","Aion"
"Half-Life: Counter-Strike","563","Half-Life: Counter-Strike","45487140","4217040","10678","29","7044","86","8","10.79","Half-Life: Counter-Strike"
"Luigi's Mansion","564","Luigi's Mansion","45420900","1285320","157306","59","3303","86","2","35.34","Luigi's Mansion"
"Devil May Cry 4: Special Edition","565","Devil May Cry 4: Special Edition","45202560","1819500","21426","90","6123","86","3","24.84","Devil May Cry 4: Special Edition"
"DCS World","566","DCS World","44818500","4904880","7271","59","3770","85","9","9.14","DCS World"
"Mobile Legends: Bang bang","567","Mobile Legends: Bang bang","44781120","8594220","3807","47","14759","85","16","5.21","Mobile Legends: Bang bang"
"New Super Mario Bros. U","568","New Super Mario Bros. U","44655300","1049100","23701","92","3623","84","1","42.57","New Super Mario Bros. U"
"Return of the Obra Dinn","569","Return of the Obra Dinn","44587500","770640","11955","15","2394","84","1","57.86","Return of the Obra Dinn"
"Song of Horror","570","Song of Horror","44564400","449280","49860","70","1153","84","0","99.19","Song of Horror"
"Paper Mario: The Thousand-Year Door","571","Paper Mario: The Thousand-Year Door","44301060","1786740","53167","20","2530","84","3","24.79","Paper Mario: The Thousand-Year Door"
"Internet Cafe Simulator","572","Internet Cafe Simulator","44086800","321360","35892","55","1714","83","0","137.19","Internet Cafe Simulator"
"Age of Wonders: Planetfall","573","Age of Wonders: Planetfall","43947540","864300","11622","153","1745","83","1","50.85","Age of Wonders: Planetfall"
"MapleStory 2","574","MapleStory 2","43814820","3964080","7455","88","6192","83","7","11.05","MapleStory 2"
"Geometry Dash","575","Geometry Dash","43664280","8289060","30193","55","19183","83","15","5.27","Geometry Dash"
"Paper Mario","576","Paper Mario","43551660","1322700","37238","67","1851","82","2","32.93","Paper Mario"
"Killing Floor 2","577","Killing Floor 2","43454280","7451640","78960","53","22555","82","14","5.83","Killing Floor 2"
"Little Nightmares","578","Little Nightmares","43236240","2632200","6624","62","12329","82","5","16.43","Little Nightmares"
"Resident Evil 6","579","Resident Evil 6","42864120","4289940","7265","48","11709","81","8","9.99","Resident Evil 6"
"Call of Duty: WWII","580","Call of Duty: WWII","42689700","7045920","5033","55","43966","81","13","6.06","Call of Duty: WWII"
"Miracle Snack Shop","581","Miracle Snack Shop","42643140","527040","30789","43","1601","81","1","80.91","Miracle Snack Shop"
"Super Mario Galaxy 2","582","Super Mario Galaxy 2","42562920","525480","133887","13","900","80","0","81","Super Mario Galaxy 2"
"Mu Online","583","Mu Online","42333840","1832640","3235","18","1350","80","3","23.1","Mu Online"
"Fire Emblem Mobile","584","Fire Emblem Mobile","42118260","1272540","1567","24","847","80","2","33.1","Fire Emblem Mobile"
"Judgement","585","Judgement","42000180","621600","7755","33","812","79","1","67.57","Judgement"
"Dawn of Man","586","Dawn of Man","41953620","1386060","31980","110","3509","79","2","30.27","Dawn of Man"
"Last Year","587","Last Year","41896020","1429920","33924","90","3462","79","2","29.3","Last Year"
"Iratus: Lord of the Dead","588","Iratus: Lord of the Dead","41891040","525060","19308","54","1067","79","0","79.78","Iratus: Lord of the Dead"
"Go","589","Go","41812740","671460","9633","9","485","79","1","62.27","Go"
"Silkroad Online","590","Silkroad Online","41721960","2859120","1002","30","1471","79","5","14.59","Silkroad Online"
"Star Wars: Knights of the Old Republic II - The Sith Lords","591","Star Wars: Knights of the Old Republic II - The Sith Lords","41418960","884160","13259","17","1981","78","1","46.85","Star Wars: Knights of the Old Republic II - The Sith Lords"
"Resident Evil 5","592","Resident Evil 5","41346960","4225620","10652","42","14638","78","8","9.78","Resident Evil 5"
"Wizard101","593","Wizard101","41225220","5607360","5039","39","6586","78","10","7.35","Wizard101"
"Witch It","594","Witch It","41098440","392460","27969","20","2397","78","0","104.72","Witch It"
"Raid: Shadow Legends","595","Raid: Shadow Legends","40769700","1639140","10324","18","1292","77","3","24.87","Raid: Shadow Legends"
"The Legend of Zelda: A Link Between Worlds","596","The Legend of Zelda: A Link Between Worlds","40680600","239280","147535","14","362","77","0","170.01","The Legend of Zelda: A Link Between Worlds"
"Metal Gear Solid","597","Metal Gear Solid","40151580","995040","7171","11","2207","76","1","40.35","Metal Gear Solid"
"Indivisible","598","Indivisible","40133100","1323960","19248","197","2655","76","2","30.31","Indivisible"
"Penn And Teller's Smoke And Mirrors","599","Penn And Teller's Smoke And Mirrors","40118280","35400","5862","3","34","76","0","1133.28","Penn And Teller's Smoke And Mirrors"
"Ultimate Chicken Horse","600","Ultimate Chicken Horse","39202260","1060740","44965","23","7449","74","2","36.96","Ultimate Chicken Horse"