"","","Game","Watch time","Stream time","Peak viewers","Peak channels","Streamers","Average viewers","Average channels","Average viewer ratio",""
"Ninja Gaiden: Shadow","4601","Ninja Gaiden: Shadow","928860","9960","1151","1","47","1","0","93.26","Ninja Gaiden: Shadow"
"The King of Fighters '95","4602","The King of Fighters '95","928860","14580","2682","2","48","1","0","63.71","The King of Fighters '95"
"Battle Monsters","4603","Battle Monsters","928680","360","7530","1","4","1","0","2579.67","Battle Monsters"
"Wild Animal Racing","4604","Wild Animal Racing","928320","12960","3543","2","94","1","0","71.63","Wild Animal Racing"
"Oddworld: Abe's Exoddus","4605","Oddworld: Abe's Exoddus","928260","101340","452","5","182","1","0","9.16","Oddworld: Abe's Exoddus"
"Fighting Vipers","4606","Fighting Vipers","927600","2220","7919","1","13","1","0","417.84","Fighting Vipers"
"007: Nightfire","4607","007: Nightfire","926640","82140","2866","3","177","1","0","11.28","007: Nightfire"
"AdventureQuest Worlds","4608","AdventureQuest Worlds","926460","233580","96","5","437","1","0","3.97","AdventureQuest Worlds"
"PICO PARK","4609","PICO PARK","925980","300","5501","1","2","1","0","3086.6","PICO PARK"
"Game Dev Studio","4610","Game Dev Studio","925860","49380","795","5","190","1","0","18.75","Game Dev Studio"
"Animal Crossing: Wild World","4611","Animal Crossing: Wild World","925560","55860","532","2","190","1","0","16.57","Animal Crossing: Wild World"
"ReCore","4612","ReCore","924720","313740","193","5","1299","1","0","2.95","ReCore"
"God Eater Resurrection","4613","God Eater Resurrection","924660","380220","2477","9","972","1","0","2.43","God Eater Resurrection"
"Romance of the Three Kingdoms: The Legend of Cao Cao","4614","Romance of the Three Kingdoms: The Legend of Cao Cao","923820","28200","553","3","23","1","0","32.76","Romance of the Three Kingdoms: The Legend of Cao Cao"
"Kinect Disneyland Adventures","4615","Kinect Disneyland Adventures","923700","55200","2625","3","265","1","0","16.73","Kinect Disneyland Adventures"
"Monster Slayers","4616","Monster Slayers","922860","33420","1036","5","121","1","0","27.61","Monster Slayers"
"Entertainment Hero","4617","Entertainment Hero","922860","946980","837","6","127","1","1","0.97","Entertainment Hero"
"Scrabble","4618","Scrabble","921120","47700","1738","3","124","1","0","19.31","Scrabble"
"Saturn Bomberman","4619","Saturn Bomberman","920460","2880","9129","2","18","1","0","319.6","Saturn Bomberman"
"testinggame","4620","testinggame","920220","861960","229","19","4999","1","1","1.07","testinggame"
"Saint Seiya: Soldiers' Soul","4621","Saint Seiya: Soldiers' Soul","920160","137400","4976","5","530","1","0","6.7","Saint Seiya: Soldiers' Soul"
"Journey of Life","4622","Journey of Life","920100","119460","756","15","448","1","0","7.7","Journey of Life"
"beatmania IIDX INFINITAS","4623","beatmania IIDX INFINITAS","920040","224460","375","5","183","1","0","4.1","beatmania IIDX INFINITAS"
"Age of Conan: Unchained","4624","Age of Conan: Unchained","919800","253260","268","6","206","1","0","3.63","Age of Conan: Unchained"
"Pajama Sam 3: You Are What You Eat From Your Head To Your Feet","4625","Pajama Sam 3: You Are What You Eat From Your Head To Your Feet","919680","20580","4538","2","145","1","0","44.69","Pajama Sam 3: You Are What You Eat From Your Head To Your Feet"
"Sparklite","4626","Sparklite","919560","56220","4564","19","272","1","0","16.36","Sparklite"
"True Fear: Forsaken Souls","4627","True Fear: Forsaken Souls","919380","85320","408","4","260","1","0","10.78","True Fear: Forsaken Souls"
"Need for Speed: SHIFT","4628","Need for Speed: SHIFT","918720","47220","827","2","182","1","0","19.46","Need for Speed: SHIFT"
"FIFA 16","4629","FIFA 16","918480","215400","2193","5","1156","1","0","4.26","FIFA 16"
"LOL","4630","LOL","918360","254580","2275","5","1305","1","0","3.61","LOL"
"Forgotten Realms: Demon Stone","4631","Forgotten Realms: Demon Stone","917760","5520","2668","1","21","1","0","166.26","Forgotten Realms: Demon Stone"
"Spellforce 3","4632","Spellforce 3","916800","180480","468","6","455","1","0","5.08","Spellforce 3"
"Fistful of Frags","4633","Fistful of Frags","916680","133740","1522","5","965","1","0","6.85","Fistful of Frags"
"Northbury Grove","4634","Northbury Grove","915780","12180","2865","2","93","1","0","75.19","Northbury Grove"
"Sid Meier's Civilization IV: Beyond the Sword","4635","Sid Meier's Civilization IV: Beyond the Sword","915660","92220","376","3","143","1","0","9.93","Sid Meier's Civilization IV: Beyond the Sword"
"Champion League","4636","Champion League","915600","14100","2482","11","129","1","0","64.94","Champion League"
"Jet Island","4637","Jet Island","915360","26880","3817","3","160","1","0","34.05","Jet Island"
"Let's Tap","4638","Let's Tap","914520","1140","15425","5","10","1","0","802.21","Let's Tap"
"Irony Curtain: From Matryoshka with Love","4639","Irony Curtain: From Matryoshka with Love","913620","35220","2652","6","93","1","0","25.94","Irony Curtain: From Matryoshka with Love"
"Brave Fencer Musashi","4640","Brave Fencer Musashi","913500","129660","1254","4","180","1","0","7.05","Brave Fencer Musashi"
"Gnog","4641","Gnog","913320","100560","3457","19","990","1","0","9.08","Gnog"
"Crusader of Centy","4642","Crusader of Centy","912600","35700","6255","5","55","1","0","25.56","Crusader of Centy"
"Chef","4643","Chef","912120","21660","6250","3","85","1","0","42.11","Chef"
"Stayin' Alive","4644","Stayin' Alive","911400","6000","1261","2","25","1","0","151.9","Stayin' Alive"
"Tales of Eternia","4645","Tales of Eternia","911100","78540","860","3","59","1","0","11.6","Tales of Eternia"
"The Typing of The Dead: Overkill","4646","The Typing of The Dead: Overkill","910380","55800","2734","4","349","1","0","16.32","The Typing of The Dead: Overkill"
"Turok","4647","Turok","909600","91740","1312","12","341","1","0","9.91","Turok"
"Real Bout Fatal Fury","4648","Real Bout Fatal Fury","908400","3480","8894","1","27","1","0","261.03","Real Bout Fatal Fury"
"Crystal Defense","4649","Crystal Defense","908340","480","15881","3","5","1","0","1892.38","Crystal Defense"
"Agony","4650","Agony","908100","143760","1084","6","701","1","0","6.32","Agony"
"Tap Sonic","4651","Tap Sonic","907920","25680","5193","5","152","1","0","35.36","Tap Sonic"
"Ark Box Unlimited","4652","Ark Box Unlimited","907920","420","4148","1","2","1","0","2161.71","Ark Box Unlimited"
"Kathy Rain","4653","Kathy Rain","907860","96120","485","7","265","1","0","9.45","Kathy Rain"
"Gray Dawn","4654","Gray Dawn","907440","48240","996","4","192","1","0","18.81","Gray Dawn"
"Distrust","4655","Distrust","906600","83760","954","5","375","1","0","10.82","Distrust"
"A totally my type Angel came, so I made her an otaku & began an lovey erotic life!","4656","A totally my type Angel came, so I made her an otaku & began an lovey erotic life!","906480","6420","1811","2","11","1","0","141.2","A totally my type Angel came, so I made her an otaku & began an lovey erotic life!"
"Reigns","4657","Reigns","906180","92940","716","3","698","1","0","9.75","Reigns"
"Edna & Harvey: Harvey's New Eyes","4658","Edna & Harvey: Harvey's New Eyes","905820","103320","326","4","276","1","0","8.77","Edna & Harvey: Harvey's New Eyes"
"Pocket Build","4659","Pocket Build","905700","360","15071","1","7","1","0","2515.83","Pocket Build"
"Freddi Fish 5: The Case of the Creature of Coral Cove","4660","Freddi Fish 5: The Case of the Creature of Coral Cove","905700","14160","3124","2","60","1","0","63.96","Freddi Fish 5: The Case of the Creature of Coral Cove"
"Hamtaro: Ham-Hams Unite!","4661","Hamtaro: Ham-Hams Unite!","904560","11880","1466","1","48","1","0","76.14","Hamtaro: Ham-Hams Unite!"
"Smile For Me","4662","Smile For Me","904260","34680","2110","3","138","1","0","26.07","Smile For Me"
"Bleed 2","4663","Bleed 2","903960","85080","5001","4","253","1","0","10.62","Bleed 2"
"Mighty No. 9","4664","Mighty No. 9","902460","93480","879","3","453","1","0","9.65","Mighty No. 9"
"Xenosaga: Episode I - Der Wille zur Macht","4665","Xenosaga: Episode I - Der Wille zur Macht","901980","171120","222","4","176","1","0","5.27","Xenosaga: Episode I - Der Wille zur Macht"
"Allods Online","4666","Allods Online","901200","332340","722","7","397","1","0","2.71","Allods Online"
"Wild Arms","4667","Wild Arms","901020","137940","261","5","151","1","0","6.53","Wild Arms"
"Ultima VI: The False Prophet","4668","Ultima VI: The False Prophet","898440","18540","314","1","13","1","0","48.46","Ultima VI: The False Prophet"
"Power Stone","4669","Power Stone","898440","11100","5731","2","66","1","0","80.94","Power Stone"
"True Fear: Forsaken Souls Part 2","4670","True Fear: Forsaken Souls Part 2","898080","73200","720","3","143","1","0","12.27","True Fear: Forsaken Souls Part 2"
"Radiata Stories","4671","Radiata Stories","898020","63360","290","3","90","1","0","14.17","Radiata Stories"
"Mario Party 8","4672","Mario Party 8","897000","67260","792","5","298","1","0","13.34","Mario Party 8"
"Clumsy Knights : Threats of Dragon","4673","Clumsy Knights : Threats of Dragon","896880","420","4262","1","2","1","0","2135.43","Clumsy Knights : Threats of Dragon"
"The Warhorn","4674","The Warhorn","896700","59460","2812","6","97","1","0","15.08","The Warhorn"
"The Ninja Warriors Once Again","4675","The Ninja Warriors Once Again","896580","30120","1565","5","71","1","0","29.77","The Ninja Warriors Once Again"
"Intralism","4676","Intralism","896400","207480","1027","10","949","1","0","4.32","Intralism"
"SpongeBob SquarePants: Revenge of the Flying Dutchman","4677","SpongeBob SquarePants: Revenge of the Flying Dutchman","896220","26820","582","3","65","1","0","33.42","SpongeBob SquarePants: Revenge of the Flying Dutchman"
"Scheming Through The Zombie Apocalypse: The Beginning","4678","Scheming Through The Zombie Apocalypse: The Beginning","895800","15420","1110","2","100","1","0","58.09","Scheming Through The Zombie Apocalypse: The Beginning"
"Command & Conquer 3: Tiberium Wars","4679","Command & Conquer 3: Tiberium Wars","895200","197760","285","6","646","1","0","4.53","Command & Conquer 3: Tiberium Wars"
"The Revenge of Shinobi","4680","The Revenge of Shinobi","893580","20040","1229","2","74","1","0","44.59","The Revenge of Shinobi"
"Syberia","4681","Syberia","893520","110880","612","4","286","1","0","8.06","Syberia"
"Super Scribblenauts","4682","Super Scribblenauts","893280","3000","8356","3","12","1","0","297.76","Super Scribblenauts"
"Neverwinter Nights 2","4683","Neverwinter Nights 2","892200","140220","530","4","195","1","0","6.36","Neverwinter Nights 2"
"Plants vs. Zombies 2: It's About Time","4684","Plants vs. Zombies 2: It's About Time","892200","93120","710","4","201","1","0","9.58","Plants vs. Zombies 2: It's About Time"
"Macrotis: A Mother's Journey","4685","Macrotis: A Mother's Journey","891120","37320","1863","6","140","1","0","23.88","Macrotis: A Mother's Journey"
"Project Gorgon","4686","Project Gorgon","890940","159060","70","5","166","1","0","5.6","Project Gorgon"
"Richman Fight","4687","Richman Fight","889200","10560","1827","15","53","1","0","84.2","Richman Fight"
"Barony","4688","Barony","888000","162060","573","6","543","1","0","5.48","Barony"
"X-Men Origins: Wolverine","4689","X-Men Origins: Wolverine","887520","40020","3829","2","124","1","0","22.18","X-Men Origins: Wolverine"
"Under Development","4690","Under Development","887520","360600","574","6","421","1","0","2.46","Under Development"
"Through the Woods","4691","Through the Woods","886800","94140","245","4","457","1","0","9.42","Through the Woods"
"Pokémon Duel","4692","Pokémon Duel","886500","109380","278","5","144","1","0","8.1","Pokémon Duel"
"Typoman","4693","Typoman","886380","39540","971","2","173","1","0","22.42","Typoman"
"Heroes of Might and Magic IV","4694","Heroes of Might and Magic IV","885780","124260","299","4","153","1","0","7.13","Heroes of Might and Magic IV"
"Narcosis","4695","Narcosis","883680","75840","498","4","412","1","0","11.65","Narcosis"
"Fight'N Rage","4696","Fight'N Rage","883320","125400","1358","4","496","1","0","7.04","Fight'N Rage"
"Carcassonne","4697","Carcassonne","882900","34200","515","4","120","1","0","25.82","Carcassonne"
"Atlas Reactor","4698","Atlas Reactor","882000","144360","1609","6","261","1","0","6.11","Atlas Reactor"
"Ria's Hook","4699","Ria's Hook","881040","27060","4531","3","150","1","0","32.56","Ria's Hook"
"Kú","4700","Kú","880440","2280","10782","1","3","1","0","386.16","Kú"