"","","Game","Watch time","Stream time","Peak viewers","Peak channels","Streamers","Average viewers","Average channels","Average viewer ratio",""
"Battlefield Heroes","8001","Battlefield Heroes","206820","99060","23","4","250","0","0","2.09","Battlefield Heroes"
"TowerClimb","8002","TowerClimb","206760","41220","141","3","57","0","0","5.02","TowerClimb"
"Star Wars","8003","Star Wars","206760","21720","343","4","297","0","0","9.52","Star Wars"
"Murder","8004","Murder","206640","1140","1735","1","6","0","0","181.26","Murder"
"Stream Games","8005","Stream Games","206640","69600","242","5","221","0","0","2.97","Stream Games"
"Florence","8006","Florence","206520","2400","834","2","22","0","0","86.05","Florence"
"Stupid Invaders","8007","Stupid Invaders","206280","2580","3303","1","8","0","0","79.95","Stupid Invaders"
"King's Field: The Ancient City","8008","King's Field: The Ancient City","206220","27780","798","2","36","0","0","7.42","King's Field: The Ancient City"
"A Bug's Life","8009","A Bug's Life","206160","17280","422","5","75","0","0","11.93","A Bug's Life"
"Leviathan: The Last Day of the Decade","8010","Leviathan: The Last Day of the Decade","206160","13860","206","2","31","0","0","14.87","Leviathan: The Last Day of the Decade"
"WWE SmackDown! vs. RAW 2008","8011","WWE SmackDown! vs. RAW 2008","206160","12900","2381","2","55","0","0","15.98","WWE SmackDown! vs. RAW 2008"
"Backlash","8012","Backlash","206160","4080","147","1","2","0","0","50.53","Backlash"
"Mace and Grace","8013","Mace and Grace","206160","2160","1254","1","22","0","0","95.44","Mace and Grace"
"Street Fighter X Mega Man","8014","Street Fighter X Mega Man","206100","9780","1456","2","39","0","0","21.07","Street Fighter X Mega Man"
"Ultima VII: The Forge of Virtue","8015","Ultima VII: The Forge of Virtue","205980","4320","746","1","10","0","0","47.68","Ultima VII: The Forge of Virtue"
"The Little Acre","8016","The Little Acre","205980","22320","492","3","149","0","0","9.23","The Little Acre"
"Frog Climbers","8017","Frog Climbers","205860","2160","2420","1","11","0","0","95.31","Frog Climbers"
"Air","8018","Air","205740","47760","1589","36","216","0","0","4.31","Air"
"Shelter 2","8019","Shelter 2","205560","22620","540","2","147","0","0","9.09","Shelter 2"
"Magic Pengel: The Quest for Color","8020","Magic Pengel: The Quest for Color","205440","8100","420","2","19","0","0","25.36","Magic Pengel: The Quest for Color"
"Real Madrid: The Game","8021","Real Madrid: The Game","205260","1260","1297","1","9","0","0","162.9","Real Madrid: The Game"
"Muppet RaceMania","8022","Muppet RaceMania","205080","6060","1626","2","17","0","0","33.84","Muppet RaceMania"
"Save Your Mother","8023","Save Your Mother","205020","600","1740","1","3","0","0","341.7","Save Your Mother"
"The Inner World: The Last Wind Monk","8024","The Inner World: The Last Wind Monk","205020","27540","67","3","61","0","0","7.44","The Inner World: The Last Wind Monk"
"Star Wars: Jedi Knight - Mysteries of the Sith","8025","Star Wars: Jedi Knight - Mysteries of the Sith","204960","20280","683","2","52","0","0","10.11","Star Wars: Jedi Knight - Mysteries of the Sith"
"Denarius Avaricius Sextus","8026","Denarius Avaricius Sextus","204900","3480","1671","1","5","0","0","58.88","Denarius Avaricius Sextus"
"Deadbolt","8027","Deadbolt","204780","67740","70","3","316","0","0","3.02","Deadbolt"
"Cardfight!! Online","8028","Cardfight!! Online","204660","26880","159","4","67","0","0","7.61","Cardfight!! Online"
"Organ Trail: Director's Cut","8029","Organ Trail: Director's Cut","204660","36480","142","3","165","0","0","5.61","Organ Trail: Director's Cut"
"Power & Revolution","8030","Power & Revolution","204540","15120","351","2","62","0","0","13.53","Power & Revolution"
"Antigraviator","8031","Antigraviator","204480","4680","459","2","28","0","0","43.69","Antigraviator"
"Outlaws","8032","Outlaws","204240","16860","2196","3","55","0","0","12.11","Outlaws"
"City Connection","8033","City Connection","204240","26880","231","3","24","0","0","7.6","City Connection"
"Lufia & the Fortress of Doom","8034","Lufia & the Fortress of Doom","204120","38220","188","3","59","0","0","5.34","Lufia & the Fortress of Doom"
"Standoff Multiplayer","8035","Standoff Multiplayer","204120","152220","105","5","610","0","0","1.34","Standoff Multiplayer"
"Dracula Unleashed","8036","Dracula Unleashed","204120","780","1710","1","6","0","0","261.69","Dracula Unleashed"
"Spider-Man: Homecoming - Virtual Reality Experience","8037","Spider-Man: Homecoming - Virtual Reality Experience","204120","6540","1503","3","71","0","0","31.21","Spider-Man: Homecoming - Virtual Reality Experience"
"Dead to Rights","8038","Dead to Rights","204060","9360","405","2","29","0","0","21.8","Dead to Rights"
"Mario & Luigi: Paper Jam","8039","Mario & Luigi: Paper Jam","204000","21540","143","2","28","0","0","9.47","Mario & Luigi: Paper Jam"
"Fame","8040","Fame","204000","960","2926","1","7","0","0","212.5","Fame"
"Door in the Woods","8041","Door in the Woods","204000","8220","1317","3","29","0","0","24.82","Door in the Woods"
"Pump It Up Prime 2","8042","Pump It Up Prime 2","203820","30960","300","4","42","0","0","6.58","Pump It Up Prime 2"
"Furious Seas","8043","Furious Seas","203820","7140","1084","2","52","0","0","28.55","Furious Seas"
"Darkness Within 2: The Dark Lineage","8044","Darkness Within 2: The Dark Lineage","203760","7260","135","1","23","0","0","28.07","Darkness Within 2: The Dark Lineage"
"Grimshade","8045","Grimshade","203760","25620","276","4","107","0","0","7.95","Grimshade"
"The Labyrinth of Time","8046","The Labyrinth of Time","203700","720","2081","1","5","0","0","282.92","The Labyrinth of Time"
"Grow Up","8047","Grow Up","203640","47100","213","2","249","0","0","4.32","Grow Up"
"Organ Quarter","8048","Organ Quarter","203640","11760","1567","2","62","0","0","17.32","Organ Quarter"
"Asgard","8049","Asgard","203580","15420","366","3","28","0","0","13.2","Asgard"
"Enigmatis: The Mists of Ravenwood","8050","Enigmatis: The Mists of Ravenwood","203460","16440","296","2","54","0","0","12.38","Enigmatis: The Mists of Ravenwood"
"Kid Icarus: Of Myths and Monsters","8051","Kid Icarus: Of Myths and Monsters","203460","720","1827","1","4","0","0","282.58","Kid Icarus: Of Myths and Monsters"
"Neon Noodles","8052","Neon Noodles","203340","1560","717","1","9","0","0","130.35","Neon Noodles"
"Let's Sing","8053","Let's Sing","203220","2580","1440","1","20","0","0","78.77","Let's Sing"
"The Adventures of Tintin","8054","The Adventures of Tintin","203040","4860","1265","1","17","0","0","41.78","The Adventures of Tintin"
"Mappy Land","8055","Mappy Land","202800","26820","227","4","23","0","0","7.56","Mappy Land"
"Night","8056","Night","202800","4440","2015","2","17","0","0","45.68","Night"
"Suikoden IV","8057","Suikoden IV","202740","36360","41","2","45","0","0","5.58","Suikoden IV"
"Langrisser I & II","8058","Langrisser I & II","202680","16620","246","2","36","0","0","12.19","Langrisser I & II"
"Krusty's Fun House","8059","Krusty's Fun House","202500","5580","306","2","14","0","0","36.29","Krusty's Fun House"
"TheWaveVR","8060","TheWaveVR","202320","24780","2396","5","32","0","0","8.16","TheWaveVR"
"Calling","8061","Calling","202260","9660","217","2","26","0","0","20.94","Calling"
"Outcast","8062","Outcast","202200","6960","1670","1","32","0","0","29.05","Outcast"
"Pandemonium!","8063","Pandemonium!","202200","11340","167","4","58","0","0","17.83","Pandemonium!"
"Defiance","8064","Defiance","202200","97620","370","4","305","0","0","2.07","Defiance"
"Breakers Revenge","8065","Breakers Revenge","202140","13320","309","2","51","0","0","15.18","Breakers Revenge"
"F1 Race Stars","8066","F1 Race Stars","202080","24060","571","5","130","0","0","8.4","F1 Race Stars"
"Naruto: Ultimate Ninja 3","8067","Naruto: Ultimate Ninja 3","201900","11460","2734","2","61","0","0","17.62","Naruto: Ultimate Ninja 3"
"Gotcha Force","8068","Gotcha Force","201900","24960","1781","2","75","0","0","8.09","Gotcha Force"
"Guitar Flash","8069","Guitar Flash","201900","89160","80","4","609","0","0","2.26","Guitar Flash"
"Strawberry Shortcake: The Sweet Dreams Game","8070","Strawberry Shortcake: The Sweet Dreams Game","201720","1320","1620","1","7","0","0","152.82","Strawberry Shortcake: The Sweet Dreams Game"
"Sonic the Hedgehog: Triple Trouble","8071","Sonic the Hedgehog: Triple Trouble","201720","2880","573","1","20","0","0","70.04","Sonic the Hedgehog: Triple Trouble"
"Daytona Racing","8072","Daytona Racing","201600","1860","1398","2","7","0","0","108.39","Daytona Racing"
"The Adventures of Cookie & Cream","8073","The Adventures of Cookie & Cream","201540","3060","1480","1","12","0","0","65.86","The Adventures of Cookie & Cream"
"Digimon World Re:Digitize","8074","Digimon World Re:Digitize","201420","16740","148","2","32","0","0","12.03","Digimon World Re:Digitize"
"1bitHeart","8075","1bitHeart","201360","23760","257","2","73","0","0","8.47","1bitHeart"
"Radiant Historia","8076","Radiant Historia","201300","41340","317","2","31","0","0","4.87","Radiant Historia"
"Yendorian Tales: The Tyrants of Thaine","8077","Yendorian Tales: The Tyrants of Thaine","201300","660","1949","1","2","0","0","305","Yendorian Tales: The Tyrants of Thaine"
"SSX","8078","SSX","201240","53160","245","3","221","0","0","3.79","SSX"
"Ultima VII, Part Two: Serpent Isle","8079","Ultima VII, Part Two: Serpent Isle","201180","9660","56","1","5","0","0","20.83","Ultima VII, Part Two: Serpent Isle"
"Shadowgun War Games","8080","Shadowgun War Games","201120","780","515","1","1","0","0","257.85","Shadowgun War Games"
"Din's Legacy","8081","Din's Legacy","201120","19680","448","4","22","0","0","10.22","Din's Legacy"
"Shank","8082","Shank","201000","27060","1438","3","124","0","0","7.43","Shank"
"Butterfly Soup","8083","Butterfly Soup","200760","15180","222","2","49","0","0","13.23","Butterfly Soup"
"Double Dragon III: The Sacred Stones","8084","Double Dragon III: The Sacred Stones","200700","5160","1287","1","20","0","0","38.9","Double Dragon III: The Sacred Stones"
"Alchemy Garden","8085","Alchemy Garden","200700","12120","613","4","106","0","0","16.56","Alchemy Garden"
"The Movies: Stunts & Effects","8086","The Movies: Stunts & Effects","200520","19500","372","2","76","0","0","10.28","The Movies: Stunts & Effects"
"SRS: Street Racing Syndicate","8087","SRS: Street Racing Syndicate","200460","22620","426","2","83","0","0","8.86","SRS: Street Racing Syndicate"
"The New York Times Crossword Puzzles","8088","The New York Times Crossword Puzzles","200460","39180","101","3","18","0","0","5.12","The New York Times Crossword Puzzles"
"PROZE: Enlightenment","8089","PROZE: Enlightenment","200460","9960","746","2","39","0","0","20.13","PROZE: Enlightenment"
"Outwar","8090","Outwar","200340","900","3223","1","9","0","0","222.6","Outwar"
"Mushihime-sama Futari","8091","Mushihime-sama Futari","200160","17460","1004","2","32","0","0","11.46","Mushihime-sama Futari"
"King under the Mountain","8092","King under the Mountain","200040","3600","328","2","13","0","0","55.57","King under the Mountain"
"Wrath of the Gods","8093","Wrath of the Gods","199980","840","2395","1","5","0","0","238.07","Wrath of the Gods"
"Code of Princess","8094","Code of Princess","199920","3780","1332","1","25","0","0","52.89","Code of Princess"
"The Inner World","8095","The Inner World","199920","36540","51","2","112","0","0","5.47","The Inner World"
"Astérix & Obélix XXL 2: Mission: Las Vegum","8096","Astérix & Obélix XXL 2: Mission: Las Vegum","199800","46020","98","3","185","0","0","4.34","Astérix & Obélix XXL 2: Mission: Las Vegum"
"Kero Blaster","8097","Kero Blaster","199500","106860","628","3","119","0","0","1.87","Kero Blaster"
"Amberskull","8098","Amberskull","199320","3360","985","1","24","0","0","59.32","Amberskull"
"Nekojishi","8099","Nekojishi","199260","18540","605","2","91","0","0","10.75","Nekojishi"
"In Death","8100","In Death","199200","53340","383","3","295","0","0","3.73","In Death"