"","","Game","Watch time","Stream time","Peak viewers","Peak channels","Streamers","Average viewers","Average channels","Average viewer ratio",""
"Teleglitch","11001","Teleglitch","71400","18240","86","2","89","0","0","3.91","Teleglitch"
"UpBreakers","11002","UpBreakers","71340","1200","481","4","8","0","0","59.45","UpBreakers"
"Battlecode","11003","Battlecode","71280","2040","136","1","2","0","0","34.94","Battlecode"
"Mugen no Frontier EXCEED: Super Robot Wars OG Saga","11004","Mugen no Frontier EXCEED: Super Robot Wars OG Saga","71220","7020","75","2","6","0","0","10.15","Mugen no Frontier EXCEED: Super Robot Wars OG Saga"
"TRAIN SIMULATOR 2018","11005","TRAIN SIMULATOR 2018","71220","10020","140","2","38","0","0","7.11","TRAIN SIMULATOR 2018"
"Fox n Forests","11006","Fox n Forests","71160","21900","40","2","64","0","0","3.25","Fox n Forests"
"World in Conflict","11007","World in Conflict","71160","22860","102","2","97","0","0","3.11","World in Conflict"
"WCW/nWo Revenge","11008","WCW/nWo Revenge","71160","10620","352","2","53","0","0","6.7","WCW/nWo Revenge"
"Cyberia","11009","Cyberia","71100","1620","987","1","10","0","0","43.89","Cyberia"
"The Gallery: Call of the Starseed","11010","The Gallery: Call of the Starseed","71100","6360","229","2","40","0","0","11.18","The Gallery: Call of the Starseed"
"FIFA 10","11011","FIFA 10","71040","6780","282","1","38","0","0","10.48","FIFA 10"
"D'Lirium","11012","D'Lirium","71040","2400","506","1","14","0","0","29.6","D'Lirium"
"The Smurfs","11013","The Smurfs","70980","6960","362","3","21","0","0","10.2","The Smurfs"
"Poker Night at the Inventory","11014","Poker Night at the Inventory","70980","28620","37","3","198","0","0","2.48","Poker Night at the Inventory"
"Of Orcs and Men","11015","Of Orcs and Men","70980","12120","263","2","25","0","0","5.86","Of Orcs and Men"
"Titan Quest: Immortal Throne","11016","Titan Quest: Immortal Throne","70920","20040","78","2","67","0","0","3.54","Titan Quest: Immortal Throne"
"Mighty Max","11017","Mighty Max","70920","600","718","1","4","0","0","118.2","Mighty Max"
"Indoor Sports","11018","Indoor Sports","70920","6960","160","1","10","0","0","10.19","Indoor Sports"
"My Bones","11019","My Bones","70920","660","554","1","7","0","0","107.45","My Bones"
"The Pillars of the Earth","11020","The Pillars of the Earth","70920","19260","34","2","55","0","0","3.68","The Pillars of the Earth"
"Caligula","11021","Caligula","70860","20700","54","2","32","0","0","3.42","Caligula"
"Minotaur","11022","Minotaur","70860","5760","112","2","21","0","0","12.3","Minotaur"
"Fisher-Price: Perfect Fit","11023","Fisher-Price: Perfect Fit","70860","540","394","1","4","0","0","131.22","Fisher-Price: Perfect Fit"
"Space Harrier","11024","Space Harrier","70800","1140","1152","1","9","0","0","62.11","Space Harrier"
"Freestyle Street Basketball","11025","Freestyle Street Basketball","70800","39600","23","3","35","0","0","1.79","Freestyle Street Basketball"
"Programming CTF","11026","Programming CTF","70800","29940","59","3","105","0","0","2.36","Programming CTF"
"Super Benbo Quest: Turbo Deluxe","11027","Super Benbo Quest: Turbo Deluxe","70800","2940","279","1","18","0","0","24.08","Super Benbo Quest: Turbo Deluxe"
"Make Me Laugh","11028","Make Me Laugh","70740","15360","72","3","14","0","0","4.61","Make Me Laugh"
"Yarudora Series Vol. 4: Yukiwari no Hana","11029","Yarudora Series Vol. 4: Yukiwari no Hana","70680","660","358","1","4","0","0","107.09","Yarudora Series Vol. 4: Yukiwari no Hana"
"Star Wars Math: Jabba's Game Galaxy","11030","Star Wars Math: Jabba's Game Galaxy","70680","540","336","1","2","0","0","130.89","Star Wars Math: Jabba's Game Galaxy"
"Serious Sam VR: The Last Hope","11031","Serious Sam VR: The Last Hope","70680","11700","224","2","79","0","0","6.04","Serious Sam VR: The Last Hope"
"Pix the Cat","11032","Pix the Cat","70680","3900","220","1","39","0","0","18.12","Pix the Cat"
"Boxes Inc.","11033","Boxes Inc.","70620","1680","531","1","14","0","0","42.04","Boxes Inc."
"Meow Motors","11034","Meow Motors","70620","12000","210","2","73","0","0","5.89","Meow Motors"
"ARTé: Mecenas","11035","ARTé: Mecenas","70560","3240","180","1","8","0","0","21.78","ARTé: Mecenas"
"PBA Bowling","11036","PBA Bowling","70560","6240","213","6","32","0","0","11.31","PBA Bowling"
"Flight Simulation","11037","Flight Simulation","70560","64800","18","4","160","0","0","1.09","Flight Simulation"
"Dora the Explorer: Animal Adventures","11038","Dora the Explorer: Animal Adventures","70560","9480","750","2","16","0","0","7.44","Dora the Explorer: Animal Adventures"
"Prehistorik 2","11039","Prehistorik 2","70500","2520","574","1","14","0","0","27.98","Prehistorik 2"
"The Sims: Unleashed","11040","The Sims: Unleashed","70500","5040","353","2","17","0","0","13.99","The Sims: Unleashed"
"Dora the Explorer: Dora's Fix-it Adventure","11041","Dora the Explorer: Dora's Fix-it Adventure","70500","60","1177","1","1","0","0","1175","Dora the Explorer: Dora's Fix-it Adventure"
"WACCA","11042","WACCA","70500","1800","251","1","6","0","0","39.17","WACCA"
"Spin Rhythm","11043","Spin Rhythm","70440","240","973","1","4","0","0","293.5","Spin Rhythm"
"de Blob 2","11044","de Blob 2","70440","28260","50","5","56","0","0","2.49","de Blob 2"
"Viro Move","11045","Viro Move","70440","1860","507","1","8","0","0","37.87","Viro Move"
"Cossacks: Back to War","11046","Cossacks: Back to War","70380","19260","67","2","62","0","0","3.65","Cossacks: Back to War"
"Woodpunk","11047","Woodpunk","70380","4560","142","2","35","0","0","15.43","Woodpunk"
"Animyst","11048","Animyst","70380","12900","35","2","18","0","0","5.46","Animyst"
"Catmaze","11049","Catmaze","70380","13740","34","2","34","0","0","5.12","Catmaze"
"Dead Space Extraction","11050","Dead Space Extraction","70320","10440","91","2","37","0","0","6.74","Dead Space Extraction"
"Zenith","11051","Zenith","70320","14520","120","2","43","0","0","4.84","Zenith"
"UFO 50","11052","UFO 50","70320","5280","49","1","1","0","0","13.32","UFO 50"
"Shin Megami Tensei: Devil Survivor","11053","Shin Megami Tensei: Devil Survivor","70260","6960","195","1","13","0","0","10.09","Shin Megami Tensei: Devil Survivor"
"EEP 15","11054","EEP 15","70260","11160","68","2","6","0","0","6.3","EEP 15"
"Krew.io","11055","Krew.io","70260","360","661","1","5","0","0","195.17","Krew.io"
"Dynasty Warriors Online: Dance of the Divine General","11056","Dynasty Warriors Online: Dance of the Divine General","70200","8100","32","1","5","0","0","8.67","Dynasty Warriors Online: Dance of the Divine General"
"EZ2ON","11057","EZ2ON","70200","37800","27","3","116","0","0","1.86","EZ2ON"
"DJMAX Technika 3: Crew Challenge","11058","DJMAX Technika 3: Crew Challenge","70140","5640","139","3","10","0","0","12.44","DJMAX Technika 3: Crew Challenge"
"Konami Krazy Racers","11059","Konami Krazy Racers","70080","2100","188","1","13","0","0","33.37","Konami Krazy Racers"
"The Blackwell Convergence","11060","The Blackwell Convergence","70080","12900","45","1","36","0","0","5.43","The Blackwell Convergence"
"SuperTuxKart","11061","SuperTuxKart","70080","19860","328","3","91","0","0","3.53","SuperTuxKart"
"High Seas Havoc","11062","High Seas Havoc","70080","5100","100","5","17","0","0","13.74","High Seas Havoc"
"The Experiment: Escape Room","11063","The Experiment: Escape Room","70080","8520","68","3","46","0","0","8.23","The Experiment: Escape Room"
"Deity Empires","11064","Deity Empires","70080","5160","44","1","5","0","0","13.58","Deity Empires"
"Monochroma","11065","Monochroma","70020","6720","83","1","31","0","0","10.42","Monochroma"
"Ys: Book I & II","11066","Ys: Book I & II","70020","16320","122","2","27","0","0","4.29","Ys: Book I & II"
"Outlaw Golf","11067","Outlaw Golf","70020","240","1174","1","3","0","0","291.75","Outlaw Golf"
"Baseball!","11068","Baseball!","69960","3300","92","2","7","0","0","21.2","Baseball!"
"Move It!","11069","Move It!","69960","1560","1415","1","7","0","0","44.85","Move It!"
"Spades","11070","Spades","69960","4320","1038","1","25","0","0","16.19","Spades"
"Anime Girls VR","11071","Anime Girls VR","69960","22500","39","2","45","0","0","3.11","Anime Girls VR"
"Disney's Extremely Goofy Skateboarding","11072","Disney's Extremely Goofy Skateboarding","69900","12360","50","3","19","0","0","5.66","Disney's Extremely Goofy Skateboarding"
"Akiba's Beat","11073","Akiba's Beat","69840","53340","17","3","133","0","0","1.31","Akiba's Beat"
"InnerSpace","11074","InnerSpace","69840","29940","180","3","176","0","0","2.33","InnerSpace"
"Chalvo 55","11075","Chalvo 55","69840","300","1281","1","2","0","0","232.8","Chalvo 55"
"Marble Blast Ultra","11076","Marble Blast Ultra","69840","8760","72","2","45","0","0","7.97","Marble Blast Ultra"
"Simulcra","11077","Simulcra","69780","8580","63","2","43","0","0","8.13","Simulcra"
"windowframe","11078","windowframe","69780","4560","729","2","33","0","0","15.3","windowframe"
"Star Wars: Jedi Math","11079","Star Wars: Jedi Math","69720","480","382","1","3","0","0","145.25","Star Wars: Jedi Math"
"Cyber-Cop","11080","Cyber-Cop","69720","240","416","1","2","0","0","290.5","Cyber-Cop"
"Test Yourself: Psychology","11081","Test Yourself: Psychology","69720","17520","49","2","52","0","0","3.98","Test Yourself: Psychology"
"Rumble Roses","11082","Rumble Roses","69660","6480","843","1","26","0","0","10.75","Rumble Roses"
"Yandere School","11083","Yandere School","69660","28380","59","3","158","0","0","2.45","Yandere School"
"Turmoill","11084","Turmoill","69660","2640","217","2","15","0","0","26.39","Turmoill"
"Minecraft: Dungeons","11085","Minecraft: Dungeons","69600","38580","455","2","133","0","0","1.8","Minecraft: Dungeons"
"Indie Game Battle","11086","Indie Game Battle","69600","6960","260","4","50","0","0","10","Indie Game Battle"
"Primal","11087","Primal","69600","16140","57","2","113","0","0","4.31","Primal"
"Dungeon Lords","11088","Dungeon Lords","69600","25860","85","3","42","0","0","2.69","Dungeon Lords"
"Defense Grid 2","11089","Defense Grid 2","69540","25140","75","2","107","0","0","2.77","Defense Grid 2"
"Mr. Bones","11090","Mr. Bones","69540","6660","105","6","25","0","0","10.44","Mr. Bones"
"Slots - Vegas Royale","11091","Slots - Vegas Royale","69480","5580","423","2","31","0","0","12.45","Slots - Vegas Royale"
"AstronTycoon","11092","AstronTycoon","69480","660","395","1","4","0","0","105.27","AstronTycoon"
"Prey 2","11093","Prey 2","69480","9360","59","2","28","0","0","7.42","Prey 2"
"Dragon: A Game About a Dragon","11094","Dragon: A Game About a Dragon","69480","1560","390","1","14","0","0","44.54","Dragon: A Game About a Dragon"
"Highway Blossoms","11095","Highway Blossoms","69360","13140","53","2","36","0","0","5.28","Highway Blossoms"
"Jackie Chan - The Kung-Fu Master","11096","Jackie Chan - The Kung-Fu Master","69360","1740","522","1","10","0","0","39.86","Jackie Chan - The Kung-Fu Master"
"Low Magic Age","11097","Low Magic Age","69300","8460","231","1","28","0","0","8.19","Low Magic Age"
"Rhythm","11098","Rhythm","69180","16860","182","2","71","0","0","4.1","Rhythm"
"TenkaHyakken -ZAN-","11099","TenkaHyakken -ZAN-","69180","11760","56","2","22","0","0","5.88","TenkaHyakken -ZAN-"
"Railroad Tycoon 3","11100","Railroad Tycoon 3","69180","14100","326","2","35","0","0","4.91","Railroad Tycoon 3"