"","","Game","Watch time","Stream time","Peak viewers","Peak channels","Streamers","Average viewers","Average channels","Average viewer ratio",""
"Don't Bite Me Bro!","6601","Don't Bite Me Bro!","360420","87000","996","3","638","0","0","4.14","Don't Bite Me Bro!"
"Chernobyl","6602","Chernobyl","360300","13740","1039","3","53","0","0","26.22","Chernobyl"
"HyperParasite","6603","HyperParasite","360180","19680","477","5","71","0","0","18.3","HyperParasite"
"Obocchama-kun","6604","Obocchama-kun","360180","120","3139","1","1","0","0","3001.5","Obocchama-kun"
"Crash Nitro Kart","6605","Crash Nitro Kart","360120","54780","709","4","206","0","0","6.57","Crash Nitro Kart"
"Music Composer","6606","Music Composer","360000","194820","172","6","785","0","0","1.85","Music Composer"
"Royal Quest","6607","Royal Quest","359940","135240","197","5","188","0","0","2.66","Royal Quest"
"Binary Domain","6608","Binary Domain","359400","62880","1210","4","183","0","0","5.72","Binary Domain"
"The Legend of Korra","6609","The Legend of Korra","358800","49440","592","3","239","0","0","7.26","The Legend of Korra"
"WWF Attitude","6610","WWF Attitude","358620","5280","2866","1","19","0","0","67.92","WWF Attitude"
"Manic Miner","6611","Manic Miner","358320","7140","2674","2","16","0","0","50.18","Manic Miner"
"Ultimate Admiral: Dreadnoughts","6612","Ultimate Admiral: Dreadnoughts","358020","9840","2415","2","35","0","0","36.38","Ultimate Admiral: Dreadnoughts"
"NBA 2K16","6613","NBA 2K16","357840","210540","995","4","819","0","0","1.7","NBA 2K16"
"Warhammer 40,000: Glory in Death","6614","Warhammer 40,000: Glory in Death","357780","960","501","1","1","0","0","372.69","Warhammer 40,000: Glory in Death"
"Spaceland","6615","Spaceland","357720","22080","1895","4","136","0","0","16.2","Spaceland"
"GemCraft Chapter Two: Chasing Shadows","6616","GemCraft Chapter Two: Chasing Shadows","357600","45120","806","3","88","0","0","7.93","GemCraft Chapter Two: Chasing Shadows"
"Supaplex","6617","Supaplex","357480","17340","1012","2","25","0","0","20.62","Supaplex"
"Panzermadels: Tank Dating Simulator","6618","Panzermadels: Tank Dating Simulator","357360","22860","594","3","109","0","0","15.63","Panzermadels: Tank Dating Simulator"
"Poker Night 2","6619","Poker Night 2","357240","64800","423","3","411","0","0","5.51","Poker Night 2"
"Viva Piñata: Trouble in Paradise","6620","Viva Piñata: Trouble in Paradise","357120","38040","540","2","126","0","0","9.39","Viva Piñata: Trouble in Paradise"
"Gofungo no Sekai: Five Minutes from nowhere","6621","Gofungo no Sekai: Five Minutes from nowhere","357120","180","3239","1","1","0","0","1984","Gofungo no Sekai: Five Minutes from nowhere"
"Jojo no Kimyou na Bouken","6622","Jojo no Kimyou na Bouken","357000","25320","1374","2","78","0","0","14.1","Jojo no Kimyou na Bouken"
"Toki","6623","Toki","356880","36660","247","4","138","0","0","9.73","Toki"
"Modern Combat Versus","6624","Modern Combat Versus","356820","254700","122","5","895","0","0","1.4","Modern Combat Versus"
"Bomberman: Users Battle","6625","Bomberman: Users Battle","356580","720","9304","1","4","0","0","495.25","Bomberman: Users Battle"
"LEGO Technic Cybermaster","6626","LEGO Technic Cybermaster","356460","5940","2567","3","12","0","0","60.01","LEGO Technic Cybermaster"
"Fantasy Sports","6627","Fantasy Sports","356400","20340","265","5","48","0","0","17.52","Fantasy Sports"
"Storm","6628","Storm","356340","1380","2265","1","12","0","0","258.22","Storm"
"The iDOLM@STER Cinderella Girls","6629","The iDOLM@STER Cinderella Girls","356280","20460","129","3","47","0","0","17.41","The iDOLM@STER Cinderella Girls"
"Tom Clancy's Splinter Cell: Double Agent","6630","Tom Clancy's Splinter Cell: Double Agent","356040","49320","786","3","197","0","0","7.22","Tom Clancy's Splinter Cell: Double Agent"
"Ziggurat","6631","Ziggurat","355980","73620","272","3","326","0","0","4.84","Ziggurat"
"Alwa's Awakening","6632","Alwa's Awakening","355560","43500","600","2","143","0","0","8.17","Alwa's Awakening"
"The Legend of Heroes: Zero no Kiseki Evolution","6633","The Legend of Heroes: Zero no Kiseki Evolution","355260","44580","592","2","34","0","0","7.97","The Legend of Heroes: Zero no Kiseki Evolution"
"Pax Nova","6634","Pax Nova","355260","7980","406","4","30","0","0","44.52","Pax Nova"
"Mortal Online","6635","Mortal Online","355200","173460","76","4","87","0","0","2.05","Mortal Online"
"Taking Care of Business","6636","Taking Care of Business","355200","4320","349","1","11","0","0","82.22","Taking Care of Business"
"Aika Online","6637","Aika Online","355140","95220","134","4","115","0","0","3.73","Aika Online"
"Battlefront","6638","Battlefront","354960","69360","7730","4","433","0","0","5.12","Battlefront"
"Kinect Rush: A Disney/Pixar Adventure","6639","Kinect Rush: A Disney/Pixar Adventure","354900","12060","4208","2","89","0","0","29.43","Kinect Rush: A Disney/Pixar Adventure"
"140","6640","140","354900","42420","1625","3","220","0","0","8.37","140"
"Ribbit King","6641","Ribbit King","353400","18960","2969","2","59","0","0","18.64","Ribbit King"
"CHKN","6642","CHKN","353280","32580","1067","5","129","0","0","10.84","CHKN"
"Touhou 06 - The Embodiment of Scarlet Devil","6643","Touhou 06 - The Embodiment of Scarlet Devil","353040","70860","744","4","396","0","0","4.98","Touhou 06 - The Embodiment of Scarlet Devil"
"Curse: The Eye of Isis","6644","Curse: The Eye of Isis","352800","5940","992","2","17","0","0","59.39","Curse: The Eye of Isis"
"Merchant of the Skies","6645","Merchant of the Skies","352800","8640","1486","3","44","0","0","40.83","Merchant of the Skies"
"Simulacrum","6646","Simulacrum","352680","7080","928","3","39","0","0","49.81","Simulacrum"
"Castle of the Winds","6647","Castle of the Winds","352140","7620","2967","2","13","0","0","46.21","Castle of the Winds"
"Aqua Rally","6648","Aqua Rally","351960","240","23438","3","6","0","0","1466.5","Aqua Rally"
"Bowling","6649","Bowling","351900","31020","1222","3","78","0","0","11.34","Bowling"
"Caveman World: Mountains of Unga Boonga","6650","Caveman World: Mountains of Unga Boonga","351900","840","5837","1","6","0","0","418.93","Caveman World: Mountains of Unga Boonga"
"Pool Nation","6651","Pool Nation","351840","20460","1852","3","99","0","0","17.2","Pool Nation"
"The LEGO Movie Videogame","6652","The LEGO Movie Videogame","351540","119280","560","6","646","0","0","2.95","The LEGO Movie Videogame"
"Scott Pilgrim vs. The World: The Game","6653","Scott Pilgrim vs. The World: The Game","351420","46860","259","3","226","0","0","7.5","Scott Pilgrim vs. The World: The Game"
"WWE WrestleMania X8","6654","WWE WrestleMania X8","351300","3240","278","2","9","0","0","108.43","WWE WrestleMania X8"
"Pang","6655","Pang","350940","3600","544","2","15","0","0","97.48","Pang"
"Sword Art Online: Lost Song","6656","Sword Art Online: Lost Song","350700","220680","86","5","632","0","0","1.59","Sword Art Online: Lost Song"
"Kentucky Route Zero","6657","Kentucky Route Zero","350460","33720","793","2","124","0","0","10.39","Kentucky Route Zero"
"Arena Stars","6658","Arena Stars","350400","35460","312","4","78","0","0","9.88","Arena Stars"
"The Dream Machine","6659","The Dream Machine","350340","36480","174","2","92","0","0","9.6","The Dream Machine"
"Poptropica","6660","Poptropica","350340","70860","1093","3","448","0","0","4.94","Poptropica"
"The Wonderful 101","6661","The Wonderful 101","350220","44820","310","3","65","0","0","7.81","The Wonderful 101"
"Killing Floor: Incursion","6662","Killing Floor: Incursion","350220","153660","211","4","1016","0","0","2.28","Killing Floor: Incursion"
"Tasukete Tako-San: Save me Mr Tako!","6663","Tasukete Tako-San: Save me Mr Tako!","350100","13260","287","2","31","0","0","26.4","Tasukete Tako-San: Save me Mr Tako!"
"The Goonies II","6664","The Goonies II","349920","14580","839","2","37","0","0","24","The Goonies II"
"Vigilante 8: 2nd Offense","6665","Vigilante 8: 2nd Offense","349860","17400","1662","2","49","0","0","20.11","Vigilante 8: 2nd Offense"
"Tony Tough and the Night of Roasted Moths","6666","Tony Tough and the Night of Roasted Moths","349860","1560","547","1","2","0","0","224.27","Tony Tough and the Night of Roasted Moths"
"Genesis Noir","6667","Genesis Noir","349860","780","4108","1","10","0","0","448.54","Genesis Noir"
"Super Spy Hunter","6668","Super Spy Hunter","349740","1920","1814","1","12","0","0","182.16","Super Spy Hunter"
"Xianjian Qixia Zhuan","6669","Xianjian Qixia Zhuan","349680","11940","455","2","8","0","0","29.29","Xianjian Qixia Zhuan"
"Sorcery! 4 - The Crown of Kings","6670","Sorcery! 4 - The Crown of Kings","349680","2160","306","1","3","0","0","161.89","Sorcery! 4 - The Crown of Kings"
"RoboWarrior","6671","RoboWarrior","349620","1740","452","1","4","0","0","200.93","RoboWarrior"
"Carnivores: Dinosaur Hunter HD","6672","Carnivores: Dinosaur Hunter HD","349140","3420","862","2","24","0","0","102.09","Carnivores: Dinosaur Hunter HD"
"Your Royal Gayness","6673","Your Royal Gayness","348540","9360","1492","2","26","0","0","37.24","Your Royal Gayness"
"Threads of Fate","6674","Threads of Fate","348420","41100","167","2","61","0","0","8.48","Threads of Fate"
"The Elder Scrolls Travels: Shadowkey","6675","The Elder Scrolls Travels: Shadowkey","348360","1320","524","1","1","0","0","263.91","The Elder Scrolls Travels: Shadowkey"
"Draft Day Sports: Pro Football 2016","6676","Draft Day Sports: Pro Football 2016","348300","14760","76","1","3","0","0","23.6","Draft Day Sports: Pro Football 2016"
"Family Guy Video Game!","6677","Family Guy Video Game!","348120","9000","574","2","30","0","0","38.68","Family Guy Video Game!"
"Final Fight","6678","Final Fight","347880","42600","611","2","181","0","0","8.17","Final Fight"
"Disciples III: Reincarnation","6679","Disciples III: Reincarnation","347640","41880","663","3","76","0","0","8.3","Disciples III: Reincarnation"
"Locked-in Syndrome","6680","Locked-in Syndrome","347460","3420","191","1","4","0","0","101.6","Locked-in Syndrome"
"Hedon","6681","Hedon","347460","24720","357","2","84","0","0","14.06","Hedon"
"Yakuza: Dead Souls","6682","Yakuza: Dead Souls","347340","35580","918","3","44","0","0","9.76","Yakuza: Dead Souls"
"Sonic Chronicles: The Dark Brotherhood","6683","Sonic Chronicles: The Dark Brotherhood","347280","18540","1076","2","28","0","0","18.73","Sonic Chronicles: The Dark Brotherhood"
"Advance Wars","6684","Advance Wars","347100","44460","306","3","124","0","0","7.81","Advance Wars"
"Street Fighter IV","6685","Street Fighter IV","347100","49680","933","4","307","0","0","6.99","Street Fighter IV"
"Pangya","6686","Pangya","346980","31980","365","2","115","0","0","10.85","Pangya"
"Blameless","6687","Blameless","346920","42060","2084","3","412","0","0","8.25","Blameless"
"Leisure Suit Larry: Magna Cum Laude","6688","Leisure Suit Larry: Magna Cum Laude","346560","20520","406","3","72","0","0","16.89","Leisure Suit Larry: Magna Cum Laude"
"Realms of the Haunting","6689","Realms of the Haunting","346560","17820","432","2","44","0","0","19.45","Realms of the Haunting"
"The Guardian Legend","6690","The Guardian Legend","345900","31860","345","3","73","0","0","10.86","The Guardian Legend"
"Blade Arcus Rebellion from Shining","6691","Blade Arcus Rebellion from Shining","345840","13500","3543","7","43","0","0","25.62","Blade Arcus Rebellion from Shining"
"LandStalker: The Treasures of King Nole","6692","LandStalker: The Treasures of King Nole","345780","59400","191","3","53","0","0","5.82","LandStalker: The Treasures of King Nole"
"A Glider's Journey","6693","A Glider's Journey","345780","1980","5084","1","19","0","0","174.64","A Glider's Journey"
"Need for Speed II","6694","Need for Speed II","345720","7380","1003","2","39","0","0","46.85","Need for Speed II"
"SSX Tricky","6695","SSX Tricky","345660","48360","635","2","219","0","0","7.15","SSX Tricky"
"I Am Alive","6696","I Am Alive","345600","55440","993","3","232","0","0","6.23","I Am Alive"
"Nights of Azure","6697","Nights of Azure","345540","66000","157","3","127","0","0","5.24","Nights of Azure"
"Splatterhouse","6698","Splatterhouse","345360","29820","240","5","98","0","0","11.58","Splatterhouse"
"Neighbors from Hell","6699","Neighbors from Hell","345300","12240","1050","2","77","0","0","28.21","Neighbors from Hell"
"Club Penguin: Game Day!","6700","Club Penguin: Game Day!","345300","9180","3351","2","41","0","0","37.61","Club Penguin: Game Day!"