"","","Game","Watch time","Stream time","Peak viewers","Peak channels","Streamers","Average viewers","Average channels","Average viewer ratio",""
"Higurashi no Naku Koro ni: Watanagashi-hen","11201","Higurashi no Naku Koro ni: Watanagashi-hen","67140","24000","20","2","31","0","0","2.8","Higurashi no Naku Koro ni: Watanagashi-hen"
"WCW vs. the World","11202","WCW vs. the World","67080","1260","481","1","4","0","0","53.24","WCW vs. the World"
"18 Wheels of Steel: Extreme Trucker","11203","18 Wheels of Steel: Extreme Trucker","67020","1980","475","1","13","0","0","33.85","18 Wheels of Steel: Extreme Trucker"
"Squishy the Suicidal Pig","11204","Squishy the Suicidal Pig","66960","11100","65","2","43","0","0","6.03","Squishy the Suicidal Pig"
"Conquests of the Longbow: The Legend of Robin Hood","11205","Conquests of the Longbow: The Legend of Robin Hood","66960","6360","130","2","17","0","0","10.53","Conquests of the Longbow: The Legend of Robin Hood"
"Barbie Explorer","11206","Barbie Explorer","66900","15840","338","2","44","0","0","4.22","Barbie Explorer"
"Family Igo: Super Strong","11207","Family Igo: Super Strong","66900","240","290","1","1","0","0","278.75","Family Igo: Super Strong"
"Command: Modern Operations","11208","Command: Modern Operations","66900","2400","103","1","7","0","0","27.88","Command: Modern Operations"
"ReBoot","11209","ReBoot","66840","5220","64","1","9","0","0","12.8","ReBoot"
"Pink Panther Hocus Pocus Pink","11210","Pink Panther Hocus Pocus Pink","66840","2580","319","1","10","0","0","25.91","Pink Panther Hocus Pocus Pink"
"Super Puzzle Fighter II Turbo HD Remix","11211","Super Puzzle Fighter II Turbo HD Remix","66840","7620","351","2","44","0","0","8.77","Super Puzzle Fighter II Turbo HD Remix"
"The Incredible Hulk: Ultimate Destruction","11212","The Incredible Hulk: Ultimate Destruction","66780","10140","281","1","35","0","0","6.59","The Incredible Hulk: Ultimate Destruction"
"Model Builder","11213","Model Builder","66780","12900","246","2","40","0","0","5.18","Model Builder"
"Emerald Dragon","11214","Emerald Dragon","66720","6420","158","1","6","0","0","10.39","Emerald Dragon"
"Retro Atari Classics","11215","Retro Atari Classics","66720","23880","109","3","39","0","0","2.79","Retro Atari Classics"
"Willow","11216","Willow","66660","17100","41","2","25","0","0","3.9","Willow"
"Inner Chains","11217","Inner Chains","66660","5160","292","2","29","0","0","12.92","Inner Chains"
"Assault Suits Valken 2","11218","Assault Suits Valken 2","66660","60","1129","1","1","0","0","1111","Assault Suits Valken 2"
"Serious Sam: Tormental","11219","Serious Sam: Tormental","66660","6420","264","2","19","0","0","10.38","Serious Sam: Tormental"
"White Day: Swan Song","11220","White Day: Swan Song","66600","1020","582","1","8","0","0","65.29","White Day: Swan Song"
"Heretic II","11221","Heretic II","66600","9180","146","2","12","0","0","7.25","Heretic II"
"Paranormal Syndrome","11222","Paranormal Syndrome","66600","10440","36","2","30","0","0","6.38","Paranormal Syndrome"
"Run For Cover","11223","Run For Cover","66600","2220","133","1","13","0","0","30","Run For Cover"
"Arcana","11224","Arcana","66540","7980","192","1","11","0","0","8.34","Arcana"
"刀塔傳奇 Dota Legend","11225","刀塔傳奇 Dota Legend","66540","33480","131","2","52","0","0","1.99","刀塔傳奇 Dota Legend"
"Barbie's Ocean Discovery","11226","Barbie's Ocean Discovery","66480","28080","48","2","40","0","0","2.37","Barbie's Ocean Discovery"
"Skate It","11227","Skate It","66480","1260","161","1","6","0","0","52.76","Skate It"
"Super Robot Taisen Original Generation 2","11228","Super Robot Taisen Original Generation 2","66480","24780","16","2","10","0","0","2.68","Super Robot Taisen Original Generation 2"
"007: From Russia with Love","11229","007: From Russia with Love","66480","8640","120","2","31","0","0","7.69","007: From Russia with Love"
"Toby: The Secret Mine","11230","Toby: The Secret Mine","66480","11460","50","2","67","0","0","5.8","Toby: The Secret Mine"
"LaGrange Point","11231","LaGrange Point","66480","4920","49","1","10","0","0","13.51","LaGrange Point"
"Disney's Bolt","11232","Disney's Bolt","66480","16020","202","3","74","0","0","4.15","Disney's Bolt"
"100","11233","100","66480","2760","798","1","29","0","0","24.09","100"
"Citystate","11234","Citystate","66360","16140","93","4","72","0","0","4.11","Citystate"
"Jettomero: Hero of the Universe","11235","Jettomero: Hero of the Universe","66360","4740","199","1","21","0","0","14","Jettomero: Hero of the Universe"
"GraalOnline Classic","11236","GraalOnline Classic","66360","5880","140","2","29","0","0","11.29","GraalOnline Classic"
"Midnight Club: Los Angeles","11237","Midnight Club: Los Angeles","66360","27180","23","2","111","0","0","2.44","Midnight Club: Los Angeles"
"Ozzy & Drix","11238","Ozzy & Drix","66360","840","341","4","5","0","0","79","Ozzy & Drix"
"Decay: The Mare - Episode 2","11239","Decay: The Mare - Episode 2","66300","6780","120","2","44","0","0","9.78","Decay: The Mare - Episode 2"
"Betrayer","11240","Betrayer","66300","24540","33","2","113","0","0","2.7","Betrayer"
"Grand Kingdom","11241","Grand Kingdom","66300","39420","56","2","153","0","0","1.68","Grand Kingdom"
"King Neptune's Adventure","11242","King Neptune's Adventure","66300","480","678","4","4","0","0","138.13","King Neptune's Adventure"
"Stormbound: Kingdom Wars","11243","Stormbound: Kingdom Wars","66240","32040","27","3","104","0","0","2.07","Stormbound: Kingdom Wars"
"Blood Bowl","11244","Blood Bowl","66240","24000","74","2","43","0","0","2.76","Blood Bowl"
"Tetris & Dr. Mario","11245","Tetris & Dr. Mario","66240","13680","237","2","76","0","0","4.84","Tetris & Dr. Mario"
"Pocky & Rocky 2","11246","Pocky & Rocky 2","66240","5400","237","2","15","0","0","12.27","Pocky & Rocky 2"
"Garden Golf","11247","Garden Golf","66240","1320","575","1","4","0","0","50.18","Garden Golf"
"MotorStorm: Pacific Rift","11248","MotorStorm: Pacific Rift","66180","9060","35","1","10","0","0","7.3","MotorStorm: Pacific Rift"
"Sim Theme Park","11249","Sim Theme Park","66180","8280","413","1","29","0","0","7.99","Sim Theme Park"
"Beethoven: The Ultimate Canine Caper","11250","Beethoven: The Ultimate Canine Caper","66180","1380","346","1","11","0","0","47.96","Beethoven: The Ultimate Canine Caper"
"Othello","11251","Othello","66180","19440","40","2","22","0","0","3.4","Othello"
"Nosferatu","11252","Nosferatu","66120","6660","288","6","25","0","0","9.93","Nosferatu"
"Dustwind","11253","Dustwind","66120","6180","233","2","30","0","0","10.7","Dustwind"
"Infra Arcana","11254","Infra Arcana","66120","4980","63","1","12","0","0","13.28","Infra Arcana"
"Unexplored","11255","Unexplored","66120","16140","177","3","65","0","0","4.1","Unexplored"
"ESPN Sports Connection","11256","ESPN Sports Connection","66120","1800","272","1","8","0","0","36.73","ESPN Sports Connection"
"Crossroad Mysteries: The Broken Deal","11257","Crossroad Mysteries: The Broken Deal","66060","1440","244","1","5","0","0","45.88","Crossroad Mysteries: The Broken Deal"
"The Sims 3: World Adventures","11258","The Sims 3: World Adventures","66060","6300","40","2","16","0","0","10.49","The Sims 3: World Adventures"
"Sorcer Striker","11259","Sorcer Striker","66060","2220","373","1","10","0","0","29.76","Sorcer Striker"
"CRYPTARK","11260","CRYPTARK","66060","16740","140","2","88","0","0","3.95","CRYPTARK"
"Monster High: New Ghoul in School","11261","Monster High: New Ghoul in School","66000","2400","105","1","9","0","0","27.5","Monster High: New Ghoul in School"
"Vay","11262","Vay","66000","3660","81","2","4","0","0","18.03","Vay"
"Psycho-Pass: Mandatory Happiness","11263","Psycho-Pass: Mandatory Happiness","66000","21360","47","2","80","0","0","3.09","Psycho-Pass: Mandatory Happiness"
"Ao Oni 2","11264","Ao Oni 2","66000","1560","383","1","6","0","0","42.31","Ao Oni 2"
"Golf Galore","11265","Golf Galore","66000","16500","24","4","109","0","0","4","Golf Galore"
"Wanted: Weapons of Fate","11266","Wanted: Weapons of Fate","65880","5760","279","2","29","0","0","11.44","Wanted: Weapons of Fate"
"Moon Eater","11267","Moon Eater","65880","420","393","1","4","0","0","156.86","Moon Eater"
"Scratches","11268","Scratches","65820","17100","45","2","51","0","0","3.85","Scratches"
"Jubeat","11269","Jubeat","65820","326280","55","2","30","0","0","0.2","Jubeat"
"Hollow","11270","Hollow","65820","15420","78","2","123","0","0","4.27","Hollow"
"Grim Tales: The Final Suspect","11271","Grim Tales: The Final Suspect","65820","3540","124","2","7","0","0","18.59","Grim Tales: The Final Suspect"
"Mystery Case Files: Shadow Lake","11272","Mystery Case Files: Shadow Lake","65820","3660","133","2","5","0","0","17.98","Mystery Case Files: Shadow Lake"
"Tanzia","11273","Tanzia","65820","7440","202","2","28","0","0","8.85","Tanzia"
"The Adventures of Lomax","11274","The Adventures of Lomax","65760","4320","408","1","14","0","0","15.22","The Adventures of Lomax"
"Rise of Flight: The First Great Air War","11275","Rise of Flight: The First Great Air War","65760","19740","68","2","39","0","0","3.33","Rise of Flight: The First Great Air War"
"Eternal Champions","11276","Eternal Champions","65700","2700","850","2","19","0","0","24.33","Eternal Champions"
"Dirt Showdown","11277","Dirt Showdown","65700","25740","87","2","166","0","0","2.55","Dirt Showdown"
"Ken Griffey Jr Presents Major League Baseball","11278","Ken Griffey Jr Presents Major League Baseball","65700","3480","189","2","22","0","0","18.88","Ken Griffey Jr Presents Major League Baseball"
"Tanglewood","11279","Tanglewood","65700","8940","98","2","25","0","0","7.35","Tanglewood"
"Paladins Strike","11280","Paladins Strike","65640","39240","142","3","180","0","0","1.67","Paladins Strike"
"Blues & Bullets","11281","Blues & Bullets","65640","4620","158","2","21","0","0","14.21","Blues & Bullets"
"Jikkyou Powerful Pro Yakyuu 2014","11282","Jikkyou Powerful Pro Yakyuu 2014","65580","2520","55","1","2","0","0","26.02","Jikkyou Powerful Pro Yakyuu 2014"
"Resident Evil: Survivor 2 - Code: Veronica","11283","Resident Evil: Survivor 2 - Code: Veronica","65580","7140","231","2","42","0","0","9.18","Resident Evil: Survivor 2 - Code: Veronica"
"Black Beard","11284","Black Beard","65520","540","578","1","3","0","0","121.33","Black Beard"
"Age of Empires: The Rise of Rome","11285","Age of Empires: The Rise of Rome","65520","18660","32","3","37","0","0","3.51","Age of Empires: The Rise of Rome"
"Catechumen","11286","Catechumen","65520","1200","121","1","2","0","0","54.6","Catechumen"
"Rumble Arena","11287","Rumble Arena","65520","16500","41","3","28","0","0","3.97","Rumble Arena"
"ReThink","11288","ReThink","65400","12960","336","2","29","0","0","5.05","ReThink"
"Nancy Drew: The Final Scene","11289","Nancy Drew: The Final Scene","65400","12420","30","2","39","0","0","5.27","Nancy Drew: The Final Scene"
"ToeJam & Earl in Panic on Funkotron","11290","ToeJam & Earl in Panic on Funkotron","65400","9480","114","2","50","0","0","6.9","ToeJam & Earl in Panic on Funkotron"
"Super Double Dragon","11291","Super Double Dragon","65400","21180","160","2","51","0","0","3.09","Super Double Dragon"
"Project Arrhythmia","11292","Project Arrhythmia","65400","14040","325","2","40","0","0","4.66","Project Arrhythmia"
"Higurashi no Naku Koro ni: Tatarigoroshi-hen","11293","Higurashi no Naku Koro ni: Tatarigoroshi-hen","65340","13920","29","2","16","0","0","4.69","Higurashi no Naku Koro ni: Tatarigoroshi-hen"
"CSI: Deadly Intent","11294","CSI: Deadly Intent","65340","4380","97","1","9","0","0","14.92","CSI: Deadly Intent"
"Ever Oasis","11295","Ever Oasis","65340","14640","42","2","15","0","0","4.46","Ever Oasis"
"Streamer Simulator","11296","Streamer Simulator","65280","16020","462","2","70","0","0","4.07","Streamer Simulator"
"Trigger Heart Exelica","11297","Trigger Heart Exelica","65280","1860","76","1","7","0","0","35.1","Trigger Heart Exelica"
"Powerstar Golf","11298","Powerstar Golf","65280","14580","147","2","93","0","0","4.48","Powerstar Golf"
"Stunt Kite Party","11299","Stunt Kite Party","65280","420","1060","1","4","0","0","155.43","Stunt Kite Party"
"Super Robot Wars Impact","11300","Super Robot Wars Impact","65220","19200","13","2","7","0","0","3.4","Super Robot Wars Impact"