"","","Game","Watch time","Stream time","Peak viewers","Peak channels","Streamers","Average viewers","Average channels","Average viewer ratio",""
"The California Raisins","13201","The California Raisins","37680","540","334","1","2","0","0","69.78","The California Raisins"
"Fate: The Traitor Soul","13202","Fate: The Traitor Soul","37680","11220","144","1","44","0","0","3.36","Fate: The Traitor Soul"
"Shipped","13203","Shipped","37620","1620","108","3","17","0","0","23.22","Shipped"
"Vasara HD Collection","13204","Vasara HD Collection","37620","11340","154","3","28","0","0","3.32","Vasara HD Collection"
"Rally Bike","13205","Rally Bike","37620","1140","96","1","4","0","0","33","Rally Bike"
"The Walking Dead: No Man's Land","13206","The Walking Dead: No Man's Land","37620","11100","368","2","30","0","0","3.39","The Walking Dead: No Man's Land"
"Strikers 1945 III","13207","Strikers 1945 III","37620","1680","251","1","14","0","0","22.39","Strikers 1945 III"
"Shachou Eiyuuden: The Eagle Shooting Heroes","13208","Shachou Eiyuuden: The Eagle Shooting Heroes","37620","4980","30","1","4","0","0","7.55","Shachou Eiyuuden: The Eagle Shooting Heroes"
"Pixel Ripped 1989","13209","Pixel Ripped 1989","37620","11760","58","3","76","0","0","3.2","Pixel Ripped 1989"
"Grand Theft Auto: London 1961","13210","Grand Theft Auto: London 1961","37620","1380","59","1","3","0","0","27.26","Grand Theft Auto: London 1961"
"Xin Juedai Shuangjiao: Qianzhuan","13211","Xin Juedai Shuangjiao: Qianzhuan","37560","2400","82","1","3","0","0","15.65","Xin Juedai Shuangjiao: Qianzhuan"
"Ending","13212","Ending","37560","600","602","1","12","0","0","62.6","Ending"
"Wacki: Kosmiczna Rozgrywka","13213","Wacki: Kosmiczna Rozgrywka","37560","360","882","1","3","0","0","104.33","Wacki: Kosmiczna Rozgrywka"
"Kara no Shoujo","13214","Kara no Shoujo","37560","15840","12","2","23","0","0","2.37","Kara no Shoujo"
"Pandora: First Contact","13215","Pandora: First Contact","37560","3780","518","2","3","0","0","9.94","Pandora: First Contact"
"Outlaws: Handful of Missions","13216","Outlaws: Handful of Missions","37560","9900","134","2","31","0","0","3.79","Outlaws: Handful of Missions"
"Mari0","13217","Mari0","37560","8520","151","2","62","0","0","4.41","Mari0"
"Darkarta: A Broken Heart's Quest","13218","Darkarta: A Broken Heart's Quest","37500","4080","41","1","12","0","0","9.19","Darkarta: A Broken Heart's Quest"
"Reality-On-The-Norm: The Affair of the Weirdo","13219","Reality-On-The-Norm: The Affair of the Weirdo","37500","540","237","1","1","0","0","69.44","Reality-On-The-Norm: The Affair of the Weirdo"
"Guitar Hero: Metallica","13220","Guitar Hero: Metallica","37500","17340","25","2","95","0","0","2.16","Guitar Hero: Metallica"
"Charlotte's Web","13221","Charlotte's Web","37500","1380","206","1","9","0","0","27.17","Charlotte's Web"
"Color a Dinosaur","13222","Color a Dinosaur","37500","1320","559","3","11","0","0","28.41","Color a Dinosaur"
"Overlander","13223","Overlander","37500","1560","362","2","18","0","0","24.04","Overlander"
"Guinea-Pig","13224","Guinea-Pig","37500","292500","6","3","8","0","0","0.13","Guinea-Pig"
"Glorious Companions","13225","Glorious Companions","37440","1320","140","1","5","0","0","28.36","Glorious Companions"
"The Big Journey","13226","The Big Journey","37440","6960","29","2","34","0","0","5.38","The Big Journey"
"Marble Madness Construction Set","13227","Marble Madness Construction Set","37440","360","263","1","1","0","0","104","Marble Madness Construction Set"
"50 Cent: Bulletproof","13228","50 Cent: Bulletproof","37440","10080","79","2","29","0","0","3.71","50 Cent: Bulletproof"
"DJMAX Technika","13229","DJMAX Technika","37440","60","624","1","2","0","0","624","DJMAX Technika"
"ZZT","13230","ZZT","37440","5280","18","1","7","0","0","7.09","ZZT"
"Rollers of the Realm","13231","Rollers of the Realm","37440","4920","335","1","27","0","0","7.61","Rollers of the Realm"
"Kung Fury: Street Rage","13232","Kung Fury: Street Rage","37440","19500","23","2","122","0","0","1.92","Kung Fury: Street Rage"
"The Sims: Castaway Stories","13233","The Sims: Castaway Stories","37380","5460","198","1","24","0","0","6.85","The Sims: Castaway Stories"
"The Simpsons: Bart's House of Weirdness","13234","The Simpsons: Bart's House of Weirdness","37380","300","347","1","2","0","0","124.6","The Simpsons: Bart's House of Weirdness"
"Kendo Rage","13235","Kendo Rage","37380","1140","305","1","9","0","0","32.79","Kendo Rage"
"Bad Cats","13236","Bad Cats","37380","840","426","2","4","0","0","44.5","Bad Cats"
"123 Slaughter Me Street","13237","123 Slaughter Me Street","37380","12960","257","1","19","0","0","2.88","123 Slaughter Me Street"
"Behind the Screen","13238","Behind the Screen","37320","3720","41","1","17","0","0","10.03","Behind the Screen"
"Planetary Dustoff","13239","Planetary Dustoff","37320","3540","311","2","17","0","0","10.54","Planetary Dustoff"
"Lock on: Flaming Cliffs 3","13240","Lock on: Flaming Cliffs 3","37320","8760","138","1","4","0","0","4.26","Lock on: Flaming Cliffs 3"
"Mad Libs","13241","Mad Libs","37320","2220","322","1","19","0","0","16.81","Mad Libs"
"Seafight","13242","Seafight","37320","10320","141","2","42","0","0","3.62","Seafight"
"Ironcast","13243","Ironcast","37320","7680","45","2","24","0","0","4.86","Ironcast"
"Ougon Musou Kyoku Cross","13244","Ougon Musou Kyoku Cross","37320","17760","55","2","21","0","0","2.1","Ougon Musou Kyoku Cross"
"Cannon Fodder","13245","Cannon Fodder","37320","5580","31","1","22","0","0","6.69","Cannon Fodder"
"Brawl Brothers","13246","Brawl Brothers","37260","7380","70","2","51","0","0","5.05","Brawl Brothers"
"Dynamite Cop!","13247","Dynamite Cop!","37260","2700","132","1","26","0","0","13.8","Dynamite Cop!"
"Jones in the Fast Lane","13248","Jones in the Fast Lane","37260","1740","202","1","13","0","0","21.41","Jones in the Fast Lane"
"AirMech Arena","13249","AirMech Arena","37260","29880","56","2","170","0","0","1.25","AirMech Arena"
"KFC The Hard Way","13250","KFC The Hard Way","37260","8820","355","2","31","0","0","4.22","KFC The Hard Way"
"Isabelle","13251","Isabelle","37260","900","342","2","9","0","0","41.4","Isabelle"
"Scrabble Blast!","13252","Scrabble Blast!","37260","900","512","1","3","0","0","41.4","Scrabble Blast!"
"Jumpaï","13253","Jumpaï","37200","8820","21","2","12","0","0","4.22","Jumpaï"
"F1 2014","13254","F1 2014","37200","20280","25","3","110","0","0","1.83","F1 2014"
"Port Royale 3: Pirates & Merchants","13255","Port Royale 3: Pirates & Merchants","37140","19920","19","2","47","0","0","1.86","Port Royale 3: Pirates & Merchants"
"Ball","13256","Ball","37140","15000","312","2","22","0","0","2.48","Ball"
"Counter-Strike Online 2","13257","Counter-Strike Online 2","37140","6900","301","1","40","0","0","5.38","Counter-Strike Online 2"
"Rick and Morty Presents: Jerry's Game","13258","Rick and Morty Presents: Jerry's Game","37140","1860","376","1","8","0","0","19.97","Rick and Morty Presents: Jerry's Game"
"Tcheco in the Castle of Lucio","13259","Tcheco in the Castle of Lucio","37140","3960","346","1","27","0","0","9.38","Tcheco in the Castle of Lucio"
"The Hardest Dungeon","13260","The Hardest Dungeon","37080","780","319","1","8","0","0","47.54","The Hardest Dungeon"
"Cardinal Quest II","13261","Cardinal Quest II","37080","540","562","1","3","0","0","68.67","Cardinal Quest II"
"Realms of Arkania: Blade of Destiny","13262","Realms of Arkania: Blade of Destiny","37080","7020","60","1","11","0","0","5.28","Realms of Arkania: Blade of Destiny"
"Real Boxing","13263","Real Boxing","37080","8700","864","2","42","0","0","4.26","Real Boxing"
"Ghoul Panic","13264","Ghoul Panic","37080","540","603","1","5","0","0","68.67","Ghoul Panic"
"Tamagotchi","13265","Tamagotchi","37020","2640","92","1","19","0","0","14.02","Tamagotchi"
"Rockman EXE Operate Shooting Star","13266","Rockman EXE Operate Shooting Star","37020","14160","26","3","31","0","0","2.61","Rockman EXE Operate Shooting Star"
"Mixed Messages","13267","Mixed Messages","37020","3060","443","2","26","0","0","12.1","Mixed Messages"
"Nostalgic Train","13268","Nostalgic Train","37020","5040","49","1","20","0","0","7.35","Nostalgic Train"
"Beyond Atlantis II","13269","Beyond Atlantis II","37020","2400","43","1","7","0","0","15.43","Beyond Atlantis II"
"Splendor","13270","Splendor","37020","5280","144","1","38","0","0","7.01","Splendor"
"軒轅劍外傳穹之扉(The Gate of Firmament)","13271","軒轅劍外傳穹之扉(The Gate of Firmament)","37020","11460","28","1","26","0","0","3.23","軒轅劍外傳穹之扉(The Gate of Firmament)"
"7 Mages","13272","7 Mages","36960","3480","21","1","4","0","0","10.62","7 Mages"
"RUSH","13273","RUSH","36960","7440","52","2","54","0","0","4.97","RUSH"
"Harry Potter: Hogwarts Mystery","13274","Harry Potter: Hogwarts Mystery","36960","14880","176","2","56","0","0","2.48","Harry Potter: Hogwarts Mystery"
"100% Hidden Objects","13275","100% Hidden Objects","36960","4680","18","1","4","0","0","7.9","100% Hidden Objects"
"Vampire Legends: The True Story of Kisilova","13276","Vampire Legends: The True Story of Kisilova","36960","4140","48","1","15","0","0","8.93","Vampire Legends: The True Story of Kisilova"
"Tera M","13277","Tera M","36960","10500","452","4","24","0","0","3.52","Tera M"
"One Piece: Unlimited Adventure","13278","One Piece: Unlimited Adventure","36960","6240","18","1","11","0","0","5.92","One Piece: Unlimited Adventure"
"Astérix","13279","Astérix","36960","8220","49","2","21","0","0","4.5","Astérix"
"Delta Force: Black Hawk Down","13280","Delta Force: Black Hawk Down","36960","15480","38","2","70","0","0","2.39","Delta Force: Black Hawk Down"
"Slender Man's Shadow","13281","Slender Man's Shadow","36960","7140","56","2","56","0","0","5.18","Slender Man's Shadow"
"Yume Meikyuu: Kigurumi no Daibouken","13282","Yume Meikyuu: Kigurumi no Daibouken","36900","2100","32","1","2","0","0","17.57","Yume Meikyuu: Kigurumi no Daibouken"
"Shattered Light","13283","Shattered Light","36900","3900","273","1","42","0","0","9.46","Shattered Light"
"Spinmaster","13284","Spinmaster","36900","720","319","1","11","0","0","51.25","Spinmaster"
"Chaos Seed: Fuusui Kairoki","13285","Chaos Seed: Fuusui Kairoki","36900","4440","19","1","6","0","0","8.31","Chaos Seed: Fuusui Kairoki"
"The Old City: Leviathan","13286","The Old City: Leviathan","36900","5040","100","1","20","0","0","7.32","The Old City: Leviathan"
"Best of PlayStation Network Vol. 1","13287","Best of PlayStation Network Vol. 1","36900","3840","187","1","16","0","0","9.61","Best of PlayStation Network Vol. 1"
"Christopher Columbus is an Idiot","13288","Christopher Columbus is an Idiot","36900","300","245","1","2","0","0","123","Christopher Columbus is an Idiot"
"Enki","13289","Enki","36900","540","250","1","8","0","0","68.33","Enki"
"Knightin'+","13290","Knightin'+","36840","6480","71","2","28","0","0","5.69","Knightin'+"
"Fidel Dungeon Rescue","13291","Fidel Dungeon Rescue","36840","2580","154","1","16","0","0","14.28","Fidel Dungeon Rescue"
"Farland Odyssey","13292","Farland Odyssey","36840","3840","83","1","9","0","0","9.59","Farland Odyssey"
"Cybergenic Ranger: Secret of the 7th Planet","13293","Cybergenic Ranger: Secret of the 7th Planet","36780","660","589","1","3","0","0","55.73","Cybergenic Ranger: Secret of the 7th Planet"
"Garfield's Typing Pal","13294","Garfield's Typing Pal","36780","660","166","1","4","0","0","55.73","Garfield's Typing Pal"
"NHL Legacy Edition","13295","NHL Legacy Edition","36780","15720","13","1","6","0","0","2.34","NHL Legacy Edition"
"Midnight Scenes: The Highway","13296","Midnight Scenes: The Highway","36780","1500","132","1","17","0","0","24.52","Midnight Scenes: The Highway"
"Gravity Falls: Legend of the Gnome Gemulets","13297","Gravity Falls: Legend of the Gnome Gemulets","36780","1320","883","1","3","0","0","27.86","Gravity Falls: Legend of the Gnome Gemulets"
"Peter Pan in Disney's Return to Neverland","13298","Peter Pan in Disney's Return to Neverland","36780","3240","122","1","14","0","0","11.35","Peter Pan in Disney's Return to Neverland"
"Metro Nexus","13299","Metro Nexus","36720","600","598","1","6","0","0","61.2","Metro Nexus"
"Bamba","13300","Bamba","36720","300","316","1","2","0","0","122.4","Bamba"