"","","Game","Watch time","Stream time","Peak viewers","Peak channels","Streamers","Average viewers","Average channels","Average viewer ratio",""
"Major\Minor","12901","Major\Minor","41220","12060","31","2","30","0","0","3.42","Major\Minor"
"Brilliant Bob","12902","Brilliant Bob","41160","5880","231","4","25","0","0","7","Brilliant Bob"
".hack//G.U. Vol. 2: Reminisce","12903",".hack//G.U. Vol. 2: Reminisce","41160","20220","45","2","42","0","0","2.04",".hack//G.U. Vol. 2: Reminisce"
"NBA Jam: On Fire Edition","12904","NBA Jam: On Fire Edition","41160","20700","87","3","121","0","0","1.99","NBA Jam: On Fire Edition"
"Pen Pen Tri-Icelon","12905","Pen Pen Tri-Icelon","41160","7380","49","5","16","0","0","5.58","Pen Pen Tri-Icelon"
"Soul of the Ultimate Nation","12906","Soul of the Ultimate Nation","41100","900","454","1","4","0","0","45.67","Soul of the Ultimate Nation"
"Akumajou Special: Boku Dracula-kun!","12907","Akumajou Special: Boku Dracula-kun!","41100","4380","184","2","18","0","0","9.38","Akumajou Special: Boku Dracula-kun!"
"Deathtrap","12908","Deathtrap","41100","21180","11","4","74","0","0","1.94","Deathtrap"
"Vertigo","12909","Vertigo","41100","3060","342","1","19","0","0","13.43","Vertigo"
"Superfighters Deluxe","12910","Superfighters Deluxe","41100","7680","217","2","53","0","0","5.35","Superfighters Deluxe"
"Crucible Falls: Together Forever","12911","Crucible Falls: Together Forever","41100","1080","370","2","6","0","0","38.06","Crucible Falls: Together Forever"
"LEAVES - The Journey","12912","LEAVES - The Journey","41100","4080","45","1","12","0","0","10.07","LEAVES - The Journey"
"Beware of Trains","12913","Beware of Trains","41100","10740","223","2","16","0","0","3.83","Beware of Trains"
"When The Night Comes","12914","When The Night Comes","41100","6600","41","2","14","0","0","6.23","When The Night Comes"
"Transference: The Walter Test Case","12915","Transference: The Walter Test Case","41040","3300","135","1","36","0","0","12.44","Transference: The Walter Test Case"
"E.T. The Extra-Terrestrial","12916","E.T. The Extra-Terrestrial","41040","5400","176","1","35","0","0","7.6","E.T. The Extra-Terrestrial"
"Forward to the sky","12917","Forward to the sky","41040","9780","70","2","58","0","0","4.2","Forward to the sky"
"Inherit the Earth: Quest for the Orb","12918","Inherit the Earth: Quest for the Orb","41040","5400","121","1","15","0","0","7.6","Inherit the Earth: Quest for the Orb"
"Euclidean Skies","12919","Euclidean Skies","41040","2100","575","2","18","0","0","19.54","Euclidean Skies"
"Fortune Summoners: Secret of the Elemental Stone","12920","Fortune Summoners: Secret of the Elemental Stone","40980","8280","498","2","20","0","0","4.95","Fortune Summoners: Secret of the Elemental Stone"
"Analogue: A Hate Story","12921","Analogue: A Hate Story","40980","6660","123","2","24","0","0","6.15","Analogue: A Hate Story"
"SkidStorm","12922","SkidStorm","40980","4980","151","1","16","0","0","8.23","SkidStorm"
"Fisher-Price: Learning in Toyland","12923","Fisher-Price: Learning in Toyland","40980","180","383","1","2","0","0","227.67","Fisher-Price: Learning in Toyland"
"Arc of Alchemist","12924","Arc of Alchemist","40980","9360","35","3","14","0","0","4.38","Arc of Alchemist"
"Armored Core: Nine Breaker","12925","Armored Core: Nine Breaker","40920","9720","57","3","11","0","0","4.21","Armored Core: Nine Breaker"
".hack//QUARANTINE - Part 4","12926",".hack//QUARANTINE - Part 4","40920","21900","39","1","18","0","0","1.87",".hack//QUARANTINE - Part 4"
"Samurai Shodown V","12927","Samurai Shodown V","40920","4680","188","2","34","0","0","8.74","Samurai Shodown V"
"Okamiden","12928","Okamiden","40920","13800","19","1","19","0","0","2.97","Okamiden"
"Snowcat Simulator","12929","Snowcat Simulator","40860","360","697","1","4","0","0","113.5","Snowcat Simulator"
"Monkey Mischief! Party Time","12930","Monkey Mischief! Party Time","40860","420","379","1","4","0","0","97.29","Monkey Mischief! Party Time"
"Downward","12931","Downward","40860","12960","65","2","51","0","0","3.15","Downward"
"Voltron","12932","Voltron","40860","3240","584","1","10","0","0","12.61","Voltron"
"Dance:UK","12933","Dance:UK","40860","3540","52","1","8","0","0","11.54","Dance:UK"
"Pike and Shot: Campaigns","12934","Pike and Shot: Campaigns","40860","2940","84","2","6","0","0","13.9","Pike and Shot: Campaigns"
"Dab on 'em Haterz","12935","Dab on 'em Haterz","40800","2880","149","1","9","0","0","14.17","Dab on 'em Haterz"
"SkyRoads","12936","SkyRoads","40800","3240","113","1","12","0","0","12.59","SkyRoads"
"Deus Ex Machina","12937","Deus Ex Machina","40800","1140","637","1","9","0","0","35.79","Deus Ex Machina"
"Lennus II: Fuuin no Shito","12938","Lennus II: Fuuin no Shito","40800","3900","28","1","4","0","0","10.46","Lennus II: Fuuin no Shito"
"Three Fourths Home","12939","Three Fourths Home","40800","1560","145","1","13","0","0","26.15","Three Fourths Home"
"Contra: Legacy of War","12940","Contra: Legacy of War","40740","1980","399","2","9","0","0","20.58","Contra: Legacy of War"
"Gun.Smoke","12941","Gun.Smoke","40740","2400","104","3","13","0","0","16.98","Gun.Smoke"
"Gun Godz","12942","Gun Godz","40740","1200","339","1","15","0","0","33.95","Gun Godz"
"Master Spy","12943","Master Spy","40740","2940","208","1","13","0","0","13.86","Master Spy"
"NASCAR Racing 3","12944","NASCAR Racing 3","40740","2220","324","1","7","0","0","18.35","NASCAR Racing 3"
"RONIN","12945","RONIN","40740","15840","112","2","64","0","0","2.57","RONIN"
"Rise of Venice","12946","Rise of Venice","40740","900","404","1","5","0","0","45.27","Rise of Venice"
"Pac 'n Roll","12947","Pac 'n Roll","40680","3000","237","2","10","0","0","13.56","Pac 'n Roll"
"Eagle Flight","12948","Eagle Flight","40680","9180","567","2","73","0","0","4.43","Eagle Flight"
"Dungeon Nightmares","12949","Dungeon Nightmares","40680","11040","99","2","66","0","0","3.68","Dungeon Nightmares"
"WRC 4: The Official Game of the FIA World Rally Championship","12950","WRC 4: The Official Game of the FIA World Rally Championship","40680","3240","43","1","13","0","0","12.56","WRC 4: The Official Game of the FIA World Rally Championship"
"D.R.O.N.E. The Game","12951","D.R.O.N.E. The Game","40680","16740","63","8","67","0","0","2.43","D.R.O.N.E. The Game"
"Ding Dong XL","12952","Ding Dong XL","40620","3720","263","1","34","0","0","10.92","Ding Dong XL"
"SuperStar JYPNation","12953","SuperStar JYPNation","40620","13380","31","2","55","0","0","3.04","SuperStar JYPNation"
"The Fall of Lazarus","12954","The Fall of Lazarus","40620","540","216","1","4","0","0","75.22","The Fall of Lazarus"
"Doorways: Holy Mountains of Flesh","12955","Doorways: Holy Mountains of Flesh","40620","9000","31","1","30","0","0","4.51","Doorways: Holy Mountains of Flesh"
"fault -milestone one-","12956","fault -milestone one-","40560","8220","30","2","34","0","0","4.93","fault -milestone one-"
"Alpha Polaris","12957","Alpha Polaris","40560","5400","38","2","19","0","0","7.51","Alpha Polaris"
"Thief Town","12958","Thief Town","40560","300","691","1","5","0","0","135.2","Thief Town"
"Toren","12959","Toren","40560","7020","66","1","49","0","0","5.78","Toren"
"SCP-087: Recovered Document","12960","SCP-087: Recovered Document","40560","3360","61","1","43","0","0","12.07","SCP-087: Recovered Document"
"NBA All-Star Challenge","12961","NBA All-Star Challenge","40560","1080","668","5","12","0","0","37.56","NBA All-Star Challenge"
"City of Heroes: Going Rogue","12962","City of Heroes: Going Rogue","40560","16440","23","2","49","0","0","2.47","City of Heroes: Going Rogue"
"Fantasy Farming: Orange Season","12963","Fantasy Farming: Orange Season","40560","8400","33","2","27","0","0","4.83","Fantasy Farming: Orange Season"
"Neon","12964","Neon","40560","3300","286","2","26","0","0","12.29","Neon"
"Avatar Fighter","12965","Avatar Fighter","40560","120","379","1","1","0","0","338","Avatar Fighter"
"Give It Up! 2","12966","Give It Up! 2","40500","1260","314","1","10","0","0","32.14","Give It Up! 2"
"Blackguards 2","12967","Blackguards 2","40500","11220","43","2","41","0","0","3.61","Blackguards 2"
"Island Peril","12968","Island Peril","40500","120","347","1","1","0","0","337.5","Island Peril"
"Blender Bros.","12969","Blender Bros.","40500","24900","37","2","108","0","0","1.63","Blender Bros."
"Redo!","12970","Redo!","40500","4500","106","2","28","0","0","9","Redo!"
"Bleach Soul Resurrección","12971","Bleach Soul Resurrección","40440","6600","121","2","25","0","0","6.13","Bleach Soul Resurrección"
"Sparkle 2","12972","Sparkle 2","40380","22080","16","2","119","0","0","1.83","Sparkle 2"
"The Settlers: Rise of an Empire – The Eastern Realm","12973","The Settlers: Rise of an Empire – The Eastern Realm","40380","5340","118","2","31","0","0","7.56","The Settlers: Rise of an Empire – The Eastern Realm"
"Super Dany","12974","Super Dany","40380","300","673","1","2","0","0","134.6","Super Dany"
"Castle Wolfenstein","12975","Castle Wolfenstein","40380","2640","809","1","8","0","0","15.3","Castle Wolfenstein"
"Touhou 16.5 - Violet Detector","12976","Touhou 16.5 - Violet Detector","40380","8580","50","1","35","0","0","4.71","Touhou 16.5 - Violet Detector"
"Project Genesis","12977","Project Genesis","40380","7200","131","5","38","0","0","5.61","Project Genesis"
"Tetsumo Party","12978","Tetsumo Party","40380","2460","259","2","28","0","0","16.41","Tetsumo Party"
"Zaxxon","12979","Zaxxon","40320","1560","655","1","5","0","0","25.85","Zaxxon"
"Swimmer","12980","Swimmer","40320","1020","113","1","2","0","0","39.53","Swimmer"
"Batman: Rise of Sin Tzu","12981","Batman: Rise of Sin Tzu","40320","3540","45","1","15","0","0","11.39","Batman: Rise of Sin Tzu"
"Mickey's Speedway USA","12982","Mickey's Speedway USA","40320","9360","86","2","38","0","0","4.31","Mickey's Speedway USA"
"Brian the Lion","12983","Brian the Lion","40320","540","364","3","4","0","0","74.67","Brian the Lion"
"Stick It to the Man!","12984","Stick It to the Man!","40320","13320","26","2","62","0","0","3.03","Stick It to the Man!"
"Theme Park","12985","Theme Park","40320","10260","57","2","47","0","0","3.93","Theme Park"
"Touhou 09 - Phantasmagoria of Flower View","12986","Touhou 09 - Phantasmagoria of Flower View","40260","10860","136","2","67","0","0","3.71","Touhou 09 - Phantasmagoria of Flower View"
"The Promised Land","12987","The Promised Land","40260","960","80","1","1","0","0","41.94","The Promised Land"
"Demon Gaze","12988","Demon Gaze","40260","2580","43","2","7","0","0","15.6","Demon Gaze"
"Armored Core: Project Phantasma","12989","Armored Core: Project Phantasma","40260","5340","82","1","13","0","0","7.54","Armored Core: Project Phantasma"
"The Warlock of Firetop Mountain","12990","The Warlock of Firetop Mountain","40260","7920","112","1","35","0","0","5.08","The Warlock of Firetop Mountain"
"Away","12991","Away","40200","13140","63","2","38","0","0","3.06","Away"
"Hearth","12992","Hearth","40200","10860","140","1","102","0","0","3.7","Hearth"
"Evo's Space Adventures","12993","Evo's Space Adventures","40200","600","321","3","5","0","0","67","Evo's Space Adventures"
"Contraption Maker","12994","Contraption Maker","40200","6780","102","1","41","0","0","5.93","Contraption Maker"
"Quake Mission Pack No 1: Scourge of Armagon","12995","Quake Mission Pack No 1: Scourge of Armagon","40200","5940","43","1","21","0","0","6.77","Quake Mission Pack No 1: Scourge of Armagon"
"Icewind Dale","12996","Icewind Dale","40200","7860","46","1","14","0","0","5.11","Icewind Dale"
"Barely Afloat","12997","Barely Afloat","40200","240","392","1","3","0","0","167.5","Barely Afloat"
"Sewer Sam","12998","Sewer Sam","40200","360","312","1","3","0","0","111.67","Sewer Sam"
"MJ","12999","MJ","40200","15540","48","2","41","0","0","2.59","MJ"
"The Peace Keepers","13000","The Peace Keepers","40140","2880","150","2","9","0","0","13.94","The Peace Keepers"