"","","Game","Watch time","Stream time","Peak viewers","Peak channels","Streamers","Average viewers","Average channels","Average viewer ratio",""
"Mystery Fun House","1701","Mystery Fun House","7034700","188160","5381","9","110","13","0","37.39","Mystery Fun House"
"Captain Toad: Treasure Tracker","1702","Captain Toad: Treasure Tracker","7033920","258180","16519","12","837","13","0","27.24","Captain Toad: Treasure Tracker"
"Exanima","1703","Exanima","7024800","226920","13963","6","732","13","0","30.96","Exanima"
"Skater XL","1704","Skater XL","7021740","862080","3663","13","2196","13","1","8.15","Skater XL"
"Injustice 2","1705","Injustice 2","7007040","1335120","2573","18","6490","13","2","5.25","Injustice 2"
"Boogerman: A Pick and Flick Adventure","1706","Boogerman: A Pick and Flick Adventure","7006260","9600","109937","11","62","13","0","729.82","Boogerman: A Pick and Flick Adventure"
"Bad North","1707","Bad North","7006020","369000","7801","32","2306","13","0","18.99","Bad North"
"Super Bomberman 2","1708","Super Bomberman 2","6987480","27240","79253","9","79","13","0","256.52","Super Bomberman 2"
"Onset","1709","Onset","6985020","185280","6902","42","340","13","0","37.7","Onset"
"Alpha Protocol","1710","Alpha Protocol","6966000","115560","14372","3","232","13","0","60.28","Alpha Protocol"
"Company of Heroes","1711","Company of Heroes","6960600","379440","14747","8","925","13","0","18.34","Company of Heroes"
"Counter-Strike: Source","1712","Counter-Strike: Source","6938460","1731960","8300","17","11951","13","3","4.01","Counter-Strike: Source"
"Fable: The Lost Chapters","1713","Fable: The Lost Chapters","6937620","294780","18511","6","793","13","0","23.53","Fable: The Lost Chapters"
"Pokémon Colosseum","1714","Pokémon Colosseum","6932040","656820","1190","8","1137","13","1","10.55","Pokémon Colosseum"
"DuckTales 2","1715","DuckTales 2","6931260","11760","103260","11","68","13","0","589.39","DuckTales 2"
"Overload","1716","Overload","6909420","196800","119714","12","231","13","0","35.11","Overload"
"Mario Party","1717","Mario Party","6908400","220860","5455","6","719","13","0","31.28","Mario Party"
"The Last Guardian","1718","The Last Guardian","6906840","320880","5756","6","1823","13","0","21.52","The Last Guardian"
"Aragami","1719","Aragami","6905880","353820","10037","15","1760","13","0","19.52","Aragami"
"Pac-Man World","1720","Pac-Man World","6898680","35580","111683","10","109","13","0","193.89","Pac-Man World"
"Kids","1721","Kids","6886500","103260","30824","4","340","13","0","66.69","Kids"
"Contractors","1722","Contractors","6883680","254700","30699","11","750","13","0","27.03","Contractors"
"Uncharted: The Lost Legacy","1723","Uncharted: The Lost Legacy","6876540","418200","2033","7","2877","13","0","16.44","Uncharted: The Lost Legacy"
"Dark Messiah of Might & Magic","1724","Dark Messiah of Might & Magic","6872460","265620","4555","6","831","13","0","25.87","Dark Messiah of Might & Magic"
"NCAA Football 14","1725","NCAA Football 14","6872100","424500","2587","10","359","13","0","16.19","NCAA Football 14"
"Darksiders","1726","Darksiders","6871260","1149060","1912","17","3132","13","2","5.98","Darksiders"
"Titan Quest: Anniversary Edition","1727","Titan Quest: Anniversary Edition","6865200","1048800","1146","35","2021","13","1","6.55","Titan Quest: Anniversary Edition"
"Dungeon Defenders II","1728","Dungeon Defenders II","6859320","1538940","743","14","3158","13","2","4.46","Dungeon Defenders II"
"Diddy Kong Racing","1729","Diddy Kong Racing","6855600","314160","6753","7","729","13","0","21.82","Diddy Kong Racing"
"Oninaki","1730","Oninaki","6844260","413400","22520","49","1230","13","0","16.56","Oninaki"
"Super Street Fighter II Turbo","1731","Super Street Fighter II Turbo","6837540","293160","6259","5","341","13","0","23.32","Super Street Fighter II Turbo"
"Five Nights at Freddy's: Sister Location","1732","Five Nights at Freddy's: Sister Location","6820440","144300","31939","6","1020","12","0","47.27","Five Nights at Freddy's: Sister Location"
"Roll20 Virtual Tabletop","1733","Roll20 Virtual Tabletop","6818580","1202100","2047","19","1184","12","2","5.67","Roll20 Virtual Tabletop"
"Dino Crisis","1734","Dino Crisis","6793440","279180","1818","6","661","12","0","24.33","Dino Crisis"
"Redout","1735","Redout","6793080","126720","33742","8","594","12","0","53.61","Redout"
"MX Simulator","1736","MX Simulator","6792180","709140","3178","15","697","12","1","9.58","MX Simulator"
"Armored Warfare","1737","Armored Warfare","6789000","1892460","282","17","1546","12","3","3.59","Armored Warfare"
"The Legend of Heroes: Trails of Cold Steel","1738","The Legend of Heroes: Trails of Cold Steel","6776760","1391400","2503","23","1249","12","2","4.87","The Legend of Heroes: Trails of Cold Steel"
"Flashing Lights","1739","Flashing Lights","6770100","201000","26413","6","1136","12","0","33.68","Flashing Lights"
"Splatterhouse: Wanpaku Graffiti","1740","Splatterhouse: Wanpaku Graffiti","6749520","3960","109165","13","32","12","0","1704.42","Splatterhouse: Wanpaku Graffiti"
"Banished","1741","Banished","6741060","820080","2188","12","2739","12","1","8.22","Banished"
"Sunless Sea","1742","Sunless Sea","6737460","205140","2602","5","549","12","0","32.84","Sunless Sea"
"Plants vs. Zombies: Heroes","1743","Plants vs. Zombies: Heroes","6724260","150540","481","4","167","12","0","44.67","Plants vs. Zombies: Heroes"
"Guts and Glory","1744","Guts and Glory","6717780","130980","4174","4","883","12","0","51.29","Guts and Glory"
"Bloody Wolf","1745","Bloody Wolf","6715020","2100","111855","11","21","12","0","3197.63","Bloody Wolf"
"Knowledge is Power","1746","Knowledge is Power","6711000","18660","16347","3","195","12","0","359.65","Knowledge is Power"
"Quake Live","1747","Quake Live","6704700","1241400","6657","12","1366","12","2","5.4","Quake Live"
"Attack on Titan 2","1748","Attack on Titan 2","6702180","752580","4015","18","2345","12","1","8.91","Attack on Titan 2"
"Grand Theft Auto: Vice City Stories","1749","Grand Theft Auto: Vice City Stories","6693120","165060","12587","6","249","12","0","40.55","Grand Theft Auto: Vice City Stories"
"Mount Your Friends 3D: A Hard Man Is Good to Climb","1750","Mount Your Friends 3D: A Hard Man Is Good to Climb","6687840","35640","30006","4","252","12","0","187.65","Mount Your Friends 3D: A Hard Man Is Good to Climb"
"ATOM RPG: Post-apocalyptic indie game","1751","ATOM RPG: Post-apocalyptic indie game","6686520","483600","7140","20","890","12","0","13.83","ATOM RPG: Post-apocalyptic indie game"
"Fable","1752","Fable","6685320","175800","5459","6","563","12","0","38.03","Fable"
"Basic Programming","1753","Basic Programming","6681480","1219800","3502","13","3885","12","2","5.48","Basic Programming"
"The King of Fighters 2002: Challenge to Ultimate Battle","1754","The King of Fighters 2002: Challenge to Ultimate Battle","6671700","173940","8009","4","430","12","0","38.36","The King of Fighters 2002: Challenge to Ultimate Battle"
"Hokuto ga Gotoku","1755","Hokuto ga Gotoku","6669180","63300","3595","2","96","12","0","105.36","Hokuto ga Gotoku"
"Fight Crab","1756","Fight Crab","6660540","17700","26630","7","92","12","0","376.3","Fight Crab"
"Contra III: The Alien Wars","1757","Contra III: The Alien Wars","6658800","66000","107656","10","342","12","0","100.89","Contra III: The Alien Wars"
"Kill la Kill - If","1758","Kill la Kill - If","6657360","182280","23733","26","731","12","0","36.52","Kill la Kill - If"
"RPG Maker","1759","RPG Maker","6646560","682560","5669","9","1376","12","1","9.74","RPG Maker"
"Fernbus Coach Simulator","1760","Fernbus Coach Simulator","6645420","189000","3919","6","661","12","0","35.16","Fernbus Coach Simulator"
"The Thing","1761","The Thing","6643560","60120","5260","3","124","12","0","110.5","The Thing"
"Crowfall","1762","Crowfall","6633480","538920","5092","9","576","12","1","12.31","Crowfall"
"Super Mario Bros. Deluxe","1763","Super Mario Bros. Deluxe","6632100","139740","32526","10","734","12","0","47.46","Super Mario Bros. Deluxe"
"Persona 5: The Royal","1764","Persona 5: The Royal","6610440","477000","1271","32","242","12","0","13.86","Persona 5: The Royal"
"NBA","1765","NBA","6608760","344940","10014","25","645","12","0","19.16","NBA"
"Lara Croft Tomb Raider: Anniversary","1766","Lara Croft Tomb Raider: Anniversary","6605220","238140","43411","6","606","12","0","27.74","Lara Croft Tomb Raider: Anniversary"
"Try To Fall Asleep","1767","Try To Fall Asleep","6603720","18660","38789","8","140","12","0","353.9","Try To Fall Asleep"
"Tom Clancy's Splinter Cell: Blacklist","1768","Tom Clancy's Splinter Cell: Blacklist","6595800","361080","4463","7","1471","12","0","18.27","Tom Clancy's Splinter Cell: Blacklist"
"Fatal Frame II: Crimson Butterfly","1769","Fatal Frame II: Crimson Butterfly","6582480","249900","6164","10","513","12","0","26.34","Fatal Frame II: Crimson Butterfly"
"The Witch's House","1770","The Witch's House","6582480","180240","7128","6","904","12","0","36.52","The Witch's House"
"Oxenfree","1771","Oxenfree","6582420","921480","3116","66","4992","12","1","7.14","Oxenfree"
"Sword Art Online: Fatal Bullet","1772","Sword Art Online: Fatal Bullet","6577620","2168460","3206","27","6125","12","4","3.03","Sword Art Online: Fatal Bullet"
"Stranger Things 3: The Game","1773","Stranger Things 3: The Game","6575940","202860","13589","14","867","12","0","32.42","Stranger Things 3: The Game"
"Drag Racing","1774","Drag Racing","6566340","17280","3070","2","24","12","0","380","Drag Racing"
"dWARf","1775","dWARf","6557700","60420","13239","27","411","12","0","108.54","dWARf"
"Granny: Chapter Two","1776","Granny: Chapter Two","6537600","4140","25062","5","43","12","0","1579.13","Granny: Chapter Two"
"Suikoden II","1777","Suikoden II","6535440","272520","7396","5","228","12","0","23.98","Suikoden II"
"Spyro the Dragon","1778","Spyro the Dragon","6533640","407160","5395","15","731","12","0","16.05","Spyro the Dragon"
"Fire Emblem","1779","Fire Emblem","6530400","545820","856","10","937","12","1","11.96","Fire Emblem"
"StepMania","1780","StepMania","6524460","999000","3600","12","2161","12","1","6.53","StepMania"
"Warcraft II: Tides of Darkness","1781","Warcraft II: Tides of Darkness","6518040","427800","3492","9","526","12","0","15.24","Warcraft II: Tides of Darkness"
"Swords & Souls: Neverseen","1782","Swords & Souls: Neverseen","6514560","128820","25311","14","481","12","0","50.57","Swords & Souls: Neverseen"
"Rhythm Heaven Fever","1783","Rhythm Heaven Fever","6509760","99720","18726","4","396","12","0","65.28","Rhythm Heaven Fever"
"Postal 2","1784","Postal 2","6508020","424380","16603","13","2219","12","0","15.34","Postal 2"
"Fire Pro Wrestling World","1785","Fire Pro Wrestling World","6507000","919980","4553","13","1130","12","1","7.07","Fire Pro Wrestling World"
"Bully","1786","Bully","6506280","489900","4913","9","1818","12","0","13.28","Bully"
"Metal Gear Solid V: Ground Zeroes","1787","Metal Gear Solid V: Ground Zeroes","6497640","281640","20292","5","1520","12","0","23.07","Metal Gear Solid V: Ground Zeroes"
"Baldi's Basics in Education and Learning","1788","Baldi's Basics in Education and Learning","6494100","113280","17530","8","747","12","0","57.33","Baldi's Basics in Education and Learning"
"Devil May Cry 2","1789","Devil May Cry 2","6480960","156600","9377","5","461","12","0","41.39","Devil May Cry 2"
"Def Jam: Fight for NY","1790","Def Jam: Fight for NY","6470040","151380","8763","5","592","12","0","42.74","Def Jam: Fight for NY"
"Voxel Tycoon","1791","Voxel Tycoon","6465300","35520","20986","4","82","12","0","182.02","Voxel Tycoon"
"Teenage Mutant Ninja Turtles IV: Turtles in Time","1792","Teenage Mutant Ninja Turtles IV: Turtles in Time","6462360","95040","86252","9","476","12","0","68","Teenage Mutant Ninja Turtles IV: Turtles in Time"
"Granny Simulator","1793","Granny Simulator","6457800","112380","10910","6","997","12","0","57.46","Granny Simulator"
"The Idolm@ster: Stella Stage","1794","The Idolm@ster: Stella Stage","6456060","76500","5474","4","130","12","0","84.39","The Idolm@ster: Stella Stage"
"Rocket Arena","1795","Rocket Arena","6451500","239460","17346","177","1446","12","0","26.94","Rocket Arena"
"Romance of the Three Kingdoms XII","1796","Romance of the Three Kingdoms XII","6442800","123960","483","3","43","12","0","51.97","Romance of the Three Kingdoms XII"
"Riddlord: The Consequence","1797","Riddlord: The Consequence","6440640","12600","31633","7","56","12","0","511.16","Riddlord: The Consequence"
"Goat of Duty","1798","Goat of Duty","6440520","106140","20777","11","787","12","0","60.68","Goat of Duty"
"Not Tonight","1799","Not Tonight","6431040","124440","9173","5","478","12","0","51.68","Not Tonight"
"Stronghold Crusader","1800","Stronghold Crusader","6417960","455700","7193","10","1533","12","0","14.08","Stronghold Crusader"