"","","Game","Watch time","Stream time","Peak viewers","Peak channels","Streamers","Average viewers","Average channels","Average viewer ratio",""
"Flat Heroes","14201","Flat Heroes","28860","7860","53","2","50","0","0","3.67","Flat Heroes"
"I See Your Pain","14202","I See Your Pain","28860","600","187","1","2","0","0","48.1","I See Your Pain"
"Vietnam","14203","Vietnam","28860","1980","452","2","12","0","0","14.58","Vietnam"
"Waking Mars","14204","Waking Mars","28860","6360","115","1","17","0","0","4.54","Waking Mars"
"The Stalin Subway","14205","The Stalin Subway","28860","4200","113","2","16","0","0","6.87","The Stalin Subway"
"Constantine","14206","Constantine","28800","6420","82","1","20","0","0","4.49","Constantine"
"Drake & Josh","14207","Drake & Josh","28800","960","376","1","8","0","0","30","Drake & Josh"
"The Last Express","14208","The Last Express","28800","7020","62","2","23","0","0","4.1","The Last Express"
"Mystery of Neuschwanstein","14209","Mystery of Neuschwanstein","28800","2220","39","1","5","0","0","12.97","Mystery of Neuschwanstein"
"Wow! Wow! Wubzy","14210","Wow! Wow! Wubzy","28800","20280","42","2","42","0","0","1.42","Wow! Wow! Wubzy"
"Ice Cold Beer","14211","Ice Cold Beer","28800","4500","22","1","4","0","0","6.4","Ice Cold Beer"
"Holodance","14212","Holodance","28800","5460","166","1","10","0","0","5.27","Holodance"
"Battlegrounds of Eldhelm","14213","Battlegrounds of Eldhelm","28740","43560","29","2","26","0","0","0.66","Battlegrounds of Eldhelm"
"Masha Rescues Grandma","14214","Masha Rescues Grandma","28740","540","138","1","4","0","0","53.22","Masha Rescues Grandma"
"3D Frog Frenzy","14215","3D Frog Frenzy","28740","660","240","1","3","0","0","43.55","3D Frog Frenzy"
"Crime Secrets: Crimson Lily","14216","Crime Secrets: Crimson Lily","28740","5160","29","1","18","0","0","5.57","Crime Secrets: Crimson Lily"
"The Burning Wheel","14217","The Burning Wheel","28740","12360","32","1","9","0","0","2.33","The Burning Wheel"
"Blockland","14218","Blockland","28740","30420","14","2","62","0","0","0.94","Blockland"
"Metal Slug: Super Vehicle - 001","14219","Metal Slug: Super Vehicle - 001","28740","12240","22","2","45","0","0","2.35","Metal Slug: Super Vehicle - 001"
"Carmageddon TDR 2000","14220","Carmageddon TDR 2000","28740","2340","77","2","12","0","0","12.28","Carmageddon TDR 2000"
"Echo Night: Beyond","14221","Echo Night: Beyond","28740","5400","26","1","11","0","0","5.32","Echo Night: Beyond"
"The Adventures of Bayou Billy","14222","The Adventures of Bayou Billy","28740","5640","37","1","10","0","0","5.1","The Adventures of Bayou Billy"
"Batsugun","14223","Batsugun","28740","1320","79","1","6","0","0","21.77","Batsugun"
"Dark Ages: Online Roleplaying","14224","Dark Ages: Online Roleplaying","28740","30720","16","1","13","0","0","0.94","Dark Ages: Online Roleplaying"
"Hyss","14225","Hyss","28740","2400","133","1","11","0","0","11.98","Hyss"
"Bleach: Dark Souls","14226","Bleach: Dark Souls","28680","5160","35","2","14","0","0","5.56","Bleach: Dark Souls"
"Sniper Fury","14227","Sniper Fury","28680","31680","7","2","92","0","0","0.91","Sniper Fury"
"Cosmo's Cosmic Adventure: Forbidden Planet","14228","Cosmo's Cosmic Adventure: Forbidden Planet","28680","4560","24","1","13","0","0","6.29","Cosmo's Cosmic Adventure: Forbidden Planet"
"Wyv and Keep: The Temple of the Lost Idol","14229","Wyv and Keep: The Temple of the Lost Idol","28680","2700","68","1","3","0","0","10.62","Wyv and Keep: The Temple of the Lost Idol"
"Chicken Assassin: Reloaded","14230","Chicken Assassin: Reloaded","28680","9600","38","2","64","0","0","2.99","Chicken Assassin: Reloaded"
"Gundam Side Story 0079:  Rise from the Ashes","14231","Gundam Side Story 0079:  Rise from the Ashes","28680","3180","38","1","12","0","0","9.02","Gundam Side Story 0079:  Rise from the Ashes"
"Mobile Suit Gundam","14232","Mobile Suit Gundam","28680","2460","244","2","12","0","0","11.66","Mobile Suit Gundam"
"Talking Tom Gold Run","14233","Talking Tom Gold Run","28680","6960","178","2","45","0","0","4.12","Talking Tom Gold Run"
"Agi Gongnyong Dooly","14234","Agi Gongnyong Dooly","28680","240","311","3","3","0","0","119.5","Agi Gongnyong Dooly"
"The Mini-Skirt Police","14235","The Mini-Skirt Police","28620","540","80","1","1","0","0","53","The Mini-Skirt Police"
"Congo the Movie: Descent into Zinj","14236","Congo the Movie: Descent into Zinj","28620","600","163","1","2","0","0","47.7","Congo the Movie: Descent into Zinj"
"Sipho","14237","Sipho","28620","1620","255","1","5","0","0","17.67","Sipho"
"Cadria Item Shop","14238","Cadria Item Shop","28620","10320","44","2","45","0","0","2.77","Cadria Item Shop"
"Battle Islands","14239","Battle Islands","28620","15720","52","2","95","0","0","1.82","Battle Islands"
"Hungry Ghosts","14240","Hungry Ghosts","28620","6480","27","3","5","0","0","4.42","Hungry Ghosts"
"Tear Ring Saga","14241","Tear Ring Saga","28620","9480","11","1","14","0","0","3.02","Tear Ring Saga"
"Warship Gunner 2","14242","Warship Gunner 2","28620","5940","12","1","8","0","0","4.82","Warship Gunner 2"
"Fright Night","14243","Fright Night","28620","120","264","1","2","0","0","238.5","Fright Night"
"Space Ace","14244","Space Ace","28620","3960","206","1","20","0","0","7.23","Space Ace"
"Koihime Enbu RyoRaiRai","14245","Koihime Enbu RyoRaiRai","28620","4440","52","2","24","0","0","6.45","Koihime Enbu RyoRaiRai"
"Lighthouse: The Dark Being","14246","Lighthouse: The Dark Being","28560","2460","287","1","8","0","0","11.61","Lighthouse: The Dark Being"
"The Bizarre Adventures of Woodruff and the Schnibble","14247","The Bizarre Adventures of Woodruff and the Schnibble","28560","3600","42","1","12","0","0","7.93","The Bizarre Adventures of Woodruff and the Schnibble"
"Xbox Live Labs","14248","Xbox Live Labs","28560","38700","14","4","33","0","0","0.74","Xbox Live Labs"
"Stray Souls: Dollhouse Story","14249","Stray Souls: Dollhouse Story","28560","3900","265","1","14","0","0","7.32","Stray Souls: Dollhouse Story"
"The Adventures of Gilligan's Island","14250","The Adventures of Gilligan's Island","28560","360","257","1","2","0","0","79.33","The Adventures of Gilligan's Island"
"Zeroptian Invasion","14251","Zeroptian Invasion","28560","2160","377","2","25","0","0","13.22","Zeroptian Invasion"
"Ms. Splosion Man","14252","Ms. Splosion Man","28500","8820","34","2","36","0","0","3.23","Ms. Splosion Man"
"Lethis - Path of Progress","14253","Lethis - Path of Progress","28500","6840","95","1","29","0","0","4.17","Lethis - Path of Progress"
"The Legend of Legacy","14254","The Legend of Legacy","28500","6300","24","1","6","0","0","4.52","The Legend of Legacy"
"Koi-Koi Japan: Hanafuda Playing Cards","14255","Koi-Koi Japan: Hanafuda Playing Cards","28500","8940","37","1","36","0","0","3.19","Koi-Koi Japan: Hanafuda Playing Cards"
"Koloro","14256","Koloro","28500","5820","37","2","25","0","0","4.9","Koloro"
"Tiger Knight: Empire War","14257","Tiger Knight: Empire War","28500","8940","43","3","32","0","0","3.19","Tiger Knight: Empire War"
"Hare Raising Havoc","14258","Hare Raising Havoc","28500","360","279","2","3","0","0","79.17","Hare Raising Havoc"
"Princess Maker Collection","14259","Princess Maker Collection","28440","2580","33","1","7","0","0","11.02","Princess Maker Collection"
"Below Zero","14260","Below Zero","28440","9300","43","3","48","0","0","3.06","Below Zero"
"Dark Fear","14261","Dark Fear","28440","1380","114","1","3","0","0","20.61","Dark Fear"
"Alice Mare","14262","Alice Mare","28440","5700","20","1","23","0","0","4.99","Alice Mare"
"Team Indie","14263","Team Indie","28440","9300","86","1","16","0","0","3.06","Team Indie"
"The Dog Island","14264","The Dog Island","28440","6780","27","1","17","0","0","4.19","The Dog Island"
"Dracula 3: The Path of the Dragon","14265","Dracula 3: The Path of the Dragon","28440","2100","147","2","8","0","0","13.54","Dracula 3: The Path of the Dragon"
"Drunken Fist Totally Accurate Beat 'em up","14266","Drunken Fist Totally Accurate Beat 'em up","28440","3600","36","1","24","0","0","7.9","Drunken Fist Totally Accurate Beat 'em up"
"Gaijin Charenji 1: Kiss Or Kill - A Punk Narative Shoot-Them-Up","14267","Gaijin Charenji 1: Kiss Or Kill - A Punk Narative Shoot-Them-Up","28440","780","237","1","4","0","0","36.46","Gaijin Charenji 1: Kiss Or Kill - A Punk Narative Shoot-Them-Up"
"Cave Noire","14268","Cave Noire","28380","3120","153","2","7","0","0","9.1","Cave Noire"
"Roll Away","14269","Roll Away","28380","4320","60","1","19","0","0","6.57","Roll Away"
"SimTower: The Vertical Empire","14270","SimTower: The Vertical Empire","28380","7560","44","2","23","0","0","3.75","SimTower: The Vertical Empire"
"Alekhine's Gun","14271","Alekhine's Gun","28380","10620","19","1","36","0","0","2.67","Alekhine's Gun"
"Prologue","14272","Prologue","28380","1200","151","2","5","0","0","23.65","Prologue"
"Wailing Heights","14273","Wailing Heights","28320","6840","33","2","19","0","0","4.14","Wailing Heights"
"BLYM","14274","BLYM","28320","3660","142","1","5","0","0","7.74","BLYM"
"Zula Brasil","14275","Zula Brasil","28320","23760","13","2","144","0","0","1.19","Zula Brasil"
"NBA 2K10","14276","NBA 2K10","28320","1140","248","1","9","0","0","24.84","NBA 2K10"
"Yu-Gi-Oh! Arc-V: Tag Force Special","14277","Yu-Gi-Oh! Arc-V: Tag Force Special","28320","11700","22","1","29","0","0","2.42","Yu-Gi-Oh! Arc-V: Tag Force Special"
"Beyblade G-Revolution","14278","Beyblade G-Revolution","28320","2040","164","1","11","0","0","13.88","Beyblade G-Revolution"
"Jumanji","14279","Jumanji","28320","1200","192","1","15","0","0","23.6","Jumanji"
"Salem","14280","Salem","28320","10560","12","2","17","0","0","2.68","Salem"
"Pony Friends: Mini Breeds Edition","14281","Pony Friends: Mini Breeds Edition","28320","9000","36","1","7","0","0","3.15","Pony Friends: Mini Breeds Edition"
"Gears Tactics","14282","Gears Tactics","28320","480","369","3","4","0","0","59","Gears Tactics"
"Saboteur","14283","Saboteur","28260","14280","41","2","43","0","0","1.98","Saboteur"
"Tom Clancy's H.A.W.X","14284","Tom Clancy's H.A.W.X","28260","11760","71","2","54","0","0","2.4","Tom Clancy's H.A.W.X"
"Albedo: Eyes from Outer Space","14285","Albedo: Eyes from Outer Space","28260","2640","289","2","14","0","0","10.7","Albedo: Eyes from Outer Space"
"NORTH","14286","NORTH","28260","6600","108","1","52","0","0","4.28","NORTH"
"Spellspire","14287","Spellspire","28260","1620","314","1","12","0","0","17.44","Spellspire"
"Flintstones/Jetsons: Timewarp","14288","Flintstones/Jetsons: Timewarp","28260","120","287","1","1","0","0","235.5","Flintstones/Jetsons: Timewarp"
"Knights of Valour","14289","Knights of Valour","28200","43980","16","3","137","0","0","0.64","Knights of Valour"
"Subject 13","14290","Subject 13","28200","4920","36","2","19","0","0","5.73","Subject 13"
"Empires","14291","Empires","28200","24000","11","3","22","0","0","1.18","Empires"
"Hugo's House of Horrors","14292","Hugo's House of Horrors","28200","2520","167","1","17","0","0","11.19","Hugo's House of Horrors"
"Ampu-Tea","14293","Ampu-Tea","28200","3000","145","1","27","0","0","9.4","Ampu-Tea"
"The Fear","14294","The Fear","28200","1980","90","1","6","0","0","14.24","The Fear"
"Act of Aggression","14295","Act of Aggression","28200","11880","39","2","41","0","0","2.37","Act of Aggression"
"Torvak the Warrior","14296","Torvak the Warrior","28200","780","52","1","1","0","0","36.15","Torvak the Warrior"
"Final Fantasy VII/Final Fantasy VIII Remastered Twin Pack","14297","Final Fantasy VII/Final Fantasy VIII Remastered Twin Pack","28200","7620","26","2","23","0","0","3.7","Final Fantasy VII/Final Fantasy VIII Remastered Twin Pack"
"The Path To Die","14298","The Path To Die","28200","1860","115","1","6","0","0","15.16","The Path To Die"
"IL-2 Sturmovik","14299","IL-2 Sturmovik","28140","9780","35","2","33","0","0","2.88","IL-2 Sturmovik"
"Eleusis","14300","Eleusis","28140","2220","115","1","11","0","0","12.68","Eleusis"