"","","Game","Watch time","Stream time","Peak viewers","Peak channels","Streamers","Average viewers","Average channels","Average viewer ratio",""
"Jetstream","13901","Jetstream","31200","1320","80","1","10","0","0","23.64","Jetstream"
"Sky: Light Awaits","13902","Sky: Light Awaits","31200","3900","196","2","14","0","0","8","Sky: Light Awaits"
"Blue's Treasure Hunt","13903","Blue's Treasure Hunt","31200","300","263","1","2","0","0","104","Blue's Treasure Hunt"
"Age of Empires III: The WarChiefs","13904","Age of Empires III: The WarChiefs","31200","12720","88","2","64","0","0","2.45","Age of Empires III: The WarChiefs"
"Hearts of Iron","13905","Hearts of Iron","31200","1140","500","1","10","0","0","27.37","Hearts of Iron"
"Capture the Flag","13906","Capture the Flag","31200","13320","15","2","15","0","0","2.34","Capture the Flag"
"Asuka 120% Limited Burning Fest.","13907","Asuka 120% Limited Burning Fest.","31140","9540","17","1","5","0","0","3.26","Asuka 120% Limited Burning Fest."
"...Iru!","13908","...Iru!","31140","22740","69","2","23","0","0","1.37","...Iru!"
"Geo-Political Simulator","13909","Geo-Political Simulator","31140","17820","13","2","23","0","0","1.75","Geo-Political Simulator"
"Blade Symphony","13910","Blade Symphony","31140","10140","193","3","101","0","0","3.07","Blade Symphony"
"Alternate Reality: The Dungeon","13911","Alternate Reality: The Dungeon","31140","33720","4","1","1","0","0","0.92","Alternate Reality: The Dungeon"
"Space Pilgrim Episode I: Alpha Centauri","13912","Space Pilgrim Episode I: Alpha Centauri","31080","6120","56","1","17","0","0","5.08","Space Pilgrim Episode I: Alpha Centauri"
"Age of Conquest IV","13913","Age of Conquest IV","31080","9240","20","3","42","0","0","3.36","Age of Conquest IV"
"Wormix","13914","Wormix","31080","7980","103","2","45","0","0","3.89","Wormix"
"Pump it up Infinity","13915","Pump it up Infinity","31080","1800","137","1","8","0","0","17.27","Pump it up Infinity"
"Keepsake","13916","Keepsake","31080","10260","14","2","23","0","0","3.03","Keepsake"
"Time Fcuk","13917","Time Fcuk","31080","480","149","1","4","0","0","64.75","Time Fcuk"
"Power","13918","Power","31080","3300","275","2","10","0","0","9.42","Power"
"Jet Moto 2","13919","Jet Moto 2","31020","1260","464","1","14","0","0","24.62","Jet Moto 2"
"Lumines Plus","13920","Lumines Plus","31020","1620","231","1","12","0","0","19.15","Lumines Plus"
"SOCOM: U.S. Navy SEALs - Confrontation","13921","SOCOM: U.S. Navy SEALs - Confrontation","31020","21720","9","1","7","0","0","1.43","SOCOM: U.S. Navy SEALs - Confrontation"
"Dance Dance Revolution Disney MIX","13922","Dance Dance Revolution Disney MIX","31020","1560","234","1","15","0","0","19.88","Dance Dance Revolution Disney MIX"
"Turtles","13923","Turtles","31020","58860","48","2","21","0","0","0.53","Turtles"
"E. V. O.: Search for Eden","13924","E. V. O.: Search for Eden","31020","5940","103","2","26","0","0","5.22","E. V. O.: Search for Eden"
"Darkmere: The Nightmare's Begun","13925","Darkmere: The Nightmare's Begun","31020","240","147","1","1","0","0","129.25","Darkmere: The Nightmare's Begun"
"Sellswords: Ashen Company","13926","Sellswords: Ashen Company","30960","720","244","1","7","0","0","43","Sellswords: Ashen Company"
"Omen of Sorrow","13927","Omen of Sorrow","30960","10380","38","2","57","0","0","2.98","Omen of Sorrow"
"I Want My Mommy","13928","I Want My Mommy","30960","4740","13","2","3","0","0","6.53","I Want My Mommy"
"Marvel Powers United VR","13929","Marvel Powers United VR","30960","9060","59","2","68","0","0","3.42","Marvel Powers United VR"
"Crazy Taxi: City Rush","13930","Crazy Taxi: City Rush","30960","300","506","1","4","0","0","103.2","Crazy Taxi: City Rush"
"Slendy!","13931","Slendy!","30960","12240","17","2","87","0","0","2.53","Slendy!"
"Pimp My Ride","13932","Pimp My Ride","30960","2280","91","1","16","0","0","13.58","Pimp My Ride"
"Batman: The Animated Series","13933","Batman: The Animated Series","30960","1380","81","1","9","0","0","22.43","Batman: The Animated Series"
"Wizardry: Tale of the Forsaken Land","13934","Wizardry: Tale of the Forsaken Land","30960","3840","120","1","10","0","0","8.06","Wizardry: Tale of the Forsaken Land"
"Tony Hawk: RIDE","13935","Tony Hawk: RIDE","30900","960","73","1","6","0","0","32.19","Tony Hawk: RIDE"
"Rise of Heroes","13936","Rise of Heroes","30900","4200","37","2","10","0","0","7.36","Rise of Heroes"
"Where's Waldo?: The Fantastic Journey","13937","Where's Waldo?: The Fantastic Journey","30900","1860","104","1","8","0","0","16.61","Where's Waldo?: The Fantastic Journey"
"Ford Racing 3","13938","Ford Racing 3","30900","3180","439","1","22","0","0","9.72","Ford Racing 3"
"Jackie Chan Adventures","13939","Jackie Chan Adventures","30900","2640","37","1","14","0","0","11.7","Jackie Chan Adventures"
"The Lost Files of Sherlock Holmes: The Case of the Serrated Scalpel","13940","The Lost Files of Sherlock Holmes: The Case of the Serrated Scalpel","30900","3780","46","2","8","0","0","8.17","The Lost Files of Sherlock Holmes: The Case of the Serrated Scalpel"
"State of Anarchy: Master of Mayhem","13941","State of Anarchy: Master of Mayhem","30900","3960","329","2","19","0","0","7.8","State of Anarchy: Master of Mayhem"
"Rainbow Duck","13942","Rainbow Duck","30900","960","506","1","8","0","0","32.19","Rainbow Duck"
"Cast of the Seven Godsends - Redux","13943","Cast of the Seven Godsends - Redux","30900","2760","417","1","22","0","0","11.2","Cast of the Seven Godsends - Redux"
"Pokémon Project Studio Red/Blue Version","13944","Pokémon Project Studio Red/Blue Version","30840","1860","459","1","10","0","0","16.58","Pokémon Project Studio Red/Blue Version"
"TORN","13945","TORN","30840","8220","33","2","43","0","0","3.75","TORN"
"Coma","13946","Coma","30840","2760","121","1","17","0","0","11.17","Coma"
"Monster Hunter Frontier","13947","Monster Hunter Frontier","30840","4200","59","2","15","0","0","7.34","Monster Hunter Frontier"
"F.E.A.R. Online","13948","F.E.A.R. Online","30840","3360","190","2","22","0","0","9.18","F.E.A.R. Online"
"Metal Wolf Chaos","13949","Metal Wolf Chaos","30840","2760","146","1","18","0","0","11.17","Metal Wolf Chaos"
"Total Recall","13950","Total Recall","30840","1920","74","1","8","0","0","16.06","Total Recall"
"College Hoops 2K8","13951","College Hoops 2K8","30840","6300","31","2","15","0","0","4.9","College Hoops 2K8"
"DarkMaus","13952","DarkMaus","30780","3900","55","1","21","0","0","7.89","DarkMaus"
"Romance of the Three Kingdoms III: Dragon of Destiny","13953","Romance of the Three Kingdoms III: Dragon of Destiny","30780","22920","93","2","7","0","0","1.34","Romance of the Three Kingdoms III: Dragon of Destiny"
"Alex Kidd in Shinobi World","13954","Alex Kidd in Shinobi World","30780","2040","140","1","12","0","0","15.09","Alex Kidd in Shinobi World"
"Genji: Dawn of the Samurai","13955","Genji: Dawn of the Samurai","30780","8040","31","2","21","0","0","3.83","Genji: Dawn of the Samurai"
"Gladius","13956","Gladius","30780","15600","54","2","37","0","0","1.97","Gladius"
"Popful Mail","13957","Popful Mail","30780","7140","34","1","20","0","0","4.31","Popful Mail"
"Border Break: Sega Network Robot Wars","13958","Border Break: Sega Network Robot Wars","30780","9600","10","2","11","0","0","3.21","Border Break: Sega Network Robot Wars"
"Imagine Fashion Designer","13959","Imagine Fashion Designer","30780","180","209","1","1","0","0","171","Imagine Fashion Designer"
"Super Multitasking","13960","Super Multitasking","30780","720","189","2","10","0","0","42.75","Super Multitasking"
"Queen's Quest: Tower of Darkness","13961","Queen's Quest: Tower of Darkness","30720","4680","31","1","15","0","0","6.56","Queen's Quest: Tower of Darkness"
"Kung Food","13962","Kung Food","30720","120","286","1","1","0","0","256","Kung Food"
"Return of the Tentacle: Prologue","13963","Return of the Tentacle: Prologue","30720","3300","86","1","17","0","0","9.31","Return of the Tentacle: Prologue"
"0000","13964","0000","30720","22800","29","2","58","0","0","1.35","0000"
"NoLimits Roller Coaster Simulation","13965","NoLimits Roller Coaster Simulation","30720","10380","35","2","34","0","0","2.96","NoLimits Roller Coaster Simulation"
"G-Senjou no Maou","13966","G-Senjou no Maou","30720","9300","10","1","10","0","0","3.3","G-Senjou no Maou"
"Super International Cricket","13967","Super International Cricket","30720","17160","30","2","6","0","0","1.79","Super International Cricket"
"Chromehounds","13968","Chromehounds","30720","2220","38","1","4","0","0","13.84","Chromehounds"
"Tales of Monkey Island Chapter 5: Rise of the Pirate God","13969","Tales of Monkey Island Chapter 5: Rise of the Pirate God","30720","4980","25","2","17","0","0","6.17","Tales of Monkey Island Chapter 5: Rise of the Pirate God"
"Rogue Bit","13970","Rogue Bit","30660","900","282","1","7","0","0","34.07","Rogue Bit"
"Islands of Wakfu","13971","Islands of Wakfu","30660","300","142","1","1","0","0","102.2","Islands of Wakfu"
"Kunio-Kun Nekketsu Collection","13972","Kunio-Kun Nekketsu Collection","30660","900","195","1","4","0","0","34.07","Kunio-Kun Nekketsu Collection"
"Disney Infinity","13973","Disney Infinity","30660","9900","52","2","51","0","0","3.1","Disney Infinity"
"Nuclear Dawn","13974","Nuclear Dawn","30660","23640","6","2","15","0","0","1.3","Nuclear Dawn"
"Ghost Rider","13975","Ghost Rider","30660","6660","60","1","27","0","0","4.6","Ghost Rider"
"EDGE","13976","EDGE","30660","3960","135","1","38","0","0","7.74","EDGE"
"Retro City Rampage","13977","Retro City Rampage","30660","9360","21","1","56","0","0","3.28","Retro City Rampage"
"Power Blade","13978","Power Blade","30660","7140","54","2","30","0","0","4.29","Power Blade"
"Mario's Brewery","13979","Mario's Brewery","30660","960","305","1","5","0","0","31.94","Mario's Brewery"
"Scion","13980","Scion","30660","3240","23","1","2","0","0","9.46","Scion"
"Disney Th!nk Fast","13981","Disney Th!nk Fast","30660","840","144","1","1","0","0","36.5","Disney Th!nk Fast"
"Worlds Apart","13982","Worlds Apart","30660","840","243","1","3","0","0","36.5","Worlds Apart"
"Battlezone 98 Redux","13983","Battlezone 98 Redux","30600","16200","12","2","40","0","0","1.89","Battlezone 98 Redux"
"Air Missions: HIND","13984","Air Missions: HIND","30600","4920","256","2","22","0","0","6.22","Air Missions: HIND"
"Pax Imperia: Eminent Domain","13985","Pax Imperia: Eminent Domain","30600","480","202","1","3","0","0","63.75","Pax Imperia: Eminent Domain"
"Toki: Going Ape Spit","13986","Toki: Going Ape Spit","30600","1500","287","3","8","0","0","20.4","Toki: Going Ape Spit"
"Mystery Case Files: Return to Ravenhearst","13987","Mystery Case Files: Return to Ravenhearst","30600","3420","51","1","11","0","0","8.95","Mystery Case Files: Return to Ravenhearst"
"Spy Fiction","13988","Spy Fiction","30600","9420","18","1","11","0","0","3.25","Spy Fiction"
"Barca B.C.","13989","Barca B.C.","30540","660","629","1","6","0","0","46.27","Barca B.C."
"Neon Abyss","13990","Neon Abyss","30540","4200","166","1","32","0","0","7.27","Neon Abyss"
"The King of Fighters Collection: The Orochi Saga","13991","The King of Fighters Collection: The Orochi Saga","30540","28560","28","3","121","0","0","1.07","The King of Fighters Collection: The Orochi Saga"
"Total Miner","13992","Total Miner","30540","4080","461","1","19","0","0","7.49","Total Miner"
"Hell: A Cyberpunk Thriller","13993","Hell: A Cyberpunk Thriller","30540","600","608","1","3","0","0","50.9","Hell: A Cyberpunk Thriller"
"Fireworks","13994","Fireworks","30540","5160","104","8","38","0","0","5.92","Fireworks"
"Monster Bash","13995","Monster Bash","30540","3900","39","1","10","0","0","7.83","Monster Bash"
"Crazy Economy Craft","13996","Crazy Economy Craft","30480","1980","58","1","3","0","0","15.39","Crazy Economy Craft"
"Timberborn","13997","Timberborn","30480","1380","147","2","6","0","0","22.09","Timberborn"
"Downhill Domination","13998","Downhill Domination","30480","5700","200","1","44","0","0","5.35","Downhill Domination"
"Warhammer: Mark of Chaos","13999","Warhammer: Mark of Chaos","30480","3840","38","1","13","0","0","7.94","Warhammer: Mark of Chaos"
"Refrain Love","14000","Refrain Love","30480","660","293","1","2","0","0","46.18","Refrain Love"