"","","Game","Watch time","Stream time","Peak viewers","Peak channels","Streamers","Average viewers","Average channels","Average viewer ratio",""
"Deceit","301","Deceit","119513820","6612300","57509","96","31163","227","12","18.07","Deceit"
"The Surge 2","302","The Surge 2","118899540","1633920","52272","218","2902","226","3","72.77","The Surge 2"
"Project Winter","303","Project Winter","118865880","1286880","32367","27","3200","226","2","92.37","Project Winter"
"Splitgate: Arena Warfare","304","Splitgate: Arena Warfare","118680240","5605500","87050","768","25064","225","10","21.17","Splitgate: Arena Warfare"
"F1 2019","305","F1 2019","118674300","5766240","24231","122","13002","225","10","20.58","F1 2019"
"Soulcalibur VI","306","Soulcalibur VI","118386840","4516800","41853","60","7728","225","8","26.21","Soulcalibur VI"
"Ragnarok Online","307","Ragnarok Online","118377120","8289660","8003","66","4396","225","15","14.28","Ragnarok Online"
"Cuphead","308","Cuphead","117507540","6055200","184477","74","27068","223","11","19.41","Cuphead"
"Star Wars: The Old Republic","309","Star Wars: The Old Republic","115196280","13317540","3765","133","12425","219","25","8.65","Star Wars: The Old Republic"
"GTFO","310","GTFO","115063740","2899440","57986","368","11258","218","5","39.68","GTFO"
"WWE 2K19","311","WWE 2K19","114897720","11431440","26187","91","15020","218","21","10.05","WWE 2K19"
"Welcome to the Game II","312","Welcome to the Game II","114492900","953460","24355","15","3602","217","1","120.08","Welcome to the Game II"
"The Legend of Zelda: The Wind Waker HD","313","The Legend of Zelda: The Wind Waker HD","114119280","1705680","160170","17","2505","217","3","66.91","The Legend of Zelda: The Wind Waker HD"
"Board Games","314","Board Games","113925480","2310780","20647","60","3611","216","4","49.3","Board Games"
"House Flipper","315","House Flipper","113567520","3805800","42312","83","13415","216","7","29.84","House Flipper"
"SCUM","316","SCUM","113310420","12839100","26118","97","14224","215","24","8.83","SCUM"
"Tom Clancy's The Division","317","Tom Clancy's The Division","113121060","19017060","6797","259","36322","215","36","5.95","Tom Clancy's The Division"
"Devotion","318","Devotion","113120880","1141560","106816","564","5587","215","2","99.09","Devotion"
"Super Metroid","319","Super Metroid","111486420","5058120","183636","68","3859","212","9","22.04","Super Metroid"
"Super Mario Sunshine","320","Super Mario Sunshine","110893740","2923260","159179","27","4247","211","5","37.93","Super Mario Sunshine"
"theHunter: Call of the Wild","321","theHunter: Call of the Wild","110405280","9745860","28702","70","17738","210","18","11.33","theHunter: Call of the Wild"
"Resident Evil 4","322","Resident Evil 4","109782600","8194680","20983","86","19362","208","15","13.4","Resident Evil 4"
"Blasphemous","323","Blasphemous","108896400","2543460","22993","255","6792","207","4","42.81","Blasphemous"
"We Were Here Together","324","We Were Here Together","108686220","1273680","44222","103","4229","206","2","85.33","We Were Here Together"
"Dying Light","325","Dying Light","107564400","12595320","18790","79","40460","204","23","8.54","Dying Light"
"Grim Dawn","326","Grim Dawn","107212500","7093980","12774","161","8027","204","13","15.11","Grim Dawn"
"Doom","327","Doom","106444620","9500760","14080","71","36117","202","18","11.2","Doom"
"NieR Automata","328","NieR Automata","106193520","6824940","109116","40","20890","202","12","15.56","NieR Automata"
"Blackjack","329","Blackjack","106007820","1691880","25354","16","2155","201","3","62.66","Blackjack"
"Pokémon Crystal","330","Pokémon Crystal","104246220","1793460","168236","49","2818","198","3","58.13","Pokémon Crystal"
"Clash of Clans","331","Clash of Clans","103462920","5424300","18081","37","6885","196","10","19.07","Clash of Clans"
"Heroes of Newerth","332","Heroes of Newerth","103095480","4320060","2367","32","2668","196","8","23.86","Heroes of Newerth"
"Overcooked! 2","333","Overcooked! 2","102821640","3913440","34706","39","18852","195","7","26.27","Overcooked! 2"
"Krunker","334","Krunker","102385980","10778400","30697","80","27582","194","20","9.5","Krunker"
"American Truck Simulator","335","American Truck Simulator","102037380","11443680","9697","153","16999","194","21","8.92","American Truck Simulator"
"GeoGuessr","336","GeoGuessr","100545600","1102080","19623","21","4116","191","2","91.23","GeoGuessr"
"Infestation: The New Z","337","Infestation: The New Z","100028820","5847660","6754","56","3971","190","11","17.11","Infestation: The New Z"
"Dark Souls II","338","Dark Souls II","99212280","2787960","160027","27","5872","188","5","35.59","Dark Souls II"
"Totally Accurate Battle Simulator","339","Totally Accurate Battle Simulator","99026280","1041780","33236","34","6266","188","1","95.05","Totally Accurate Battle Simulator"
"Pathfinder: Kingmaker","340","Pathfinder: Kingmaker","98280420","2031840","15692","25","2248","187","3","48.37","Pathfinder: Kingmaker"
"Samurai Shodown","341","Samurai Shodown","98098380","1600140","74167","138","3260","186","3","61.31","Samurai Shodown"
"Space Engineers","342","Space Engineers","97843440","8435280","6805","91","10251","186","16","11.6","Space Engineers"
"Modern Warfare 2","343","Modern Warfare 2","97185300","4865460","48777","47","20901","184","9","19.97","Modern Warfare 2"
"The Jackbox Party Pack 6","344","The Jackbox Party Pack 6","96700140","2735820","29140","204","7177","184","5","35.35","The Jackbox Party Pack 6"
"Battle Brothers","345","Battle Brothers","96200400","2214660","4894","44","1432","183","4","43.44","Battle Brothers"
"Warhammer: Vermintide 2","346","Warhammer: Vermintide 2","96093420","9971940","21529","116","21795","182","18","9.64","Warhammer: Vermintide 2"
"Artifact","347","Artifact","96092100","3422880","21208","268","8223","182","6","28.07","Artifact"
"BaBa Is You","348","BaBa Is You","95890320","2292300","25842","55","7518","182","4","41.83","BaBa Is You"
"Octopath Traveler","349","Octopath Traveler","95742660","3828300","167827","97","5253","182","7","25.01","Octopath Traveler"
"Astral Chain","350","Astral Chain","95643180","3081180","30811","391","4747","181","5","31.04","Astral Chain"
"Stream Avatars","351","Stream Avatars","95530440","82980","15852","3","195","181","0","1151.25","Stream Avatars"
"Final Fantasy VIII","352","Final Fantasy VIII","94194660","5213100","11259","321","6237","179","9","18.07","Final Fantasy VIII"
"Spellbreak","353","Spellbreak","93635400","5791320","52012","433","15574","178","11","16.17","Spellbreak"
"The Jackbox Party Pack 5","354","The Jackbox Party Pack 5","92868840","4370100","26335","90","12892","176","8","21.25","The Jackbox Party Pack 5"
"skribbl.io","355","skribbl.io","92740800","4189980","57173","82","32057","176","7","22.13","skribbl.io"
"Outlast 2","356","Outlast 2","92165880","7012740","18858","173","38867","175","13","13.14","Outlast 2"
"Saint Seiya: Awakening","357","Saint Seiya: Awakening","91686960","1813620","4569","29","1372","174","3","50.55","Saint Seiya: Awakening"
"FIFA 17","358","FIFA 17","91652040","1392120","18095","11","3434","174","2","65.84","FIFA 17"
"Undertale","359","Undertale","91362660","6086280","18368","44","19945","173","11","15.01","Undertale"
"Yakuza 0","360","Yakuza 0","91321620","6020940","9371","41","9204","173","11","15.17","Yakuza 0"
"Phoenix Point","361","Phoenix Point","91252320","1307640","37599","158","1945","173","2","69.78","Phoenix Point"
"Subnautica: Below Zero","362","Subnautica: Below Zero","90974820","3321120","71067","656","11658","173","6","27.39","Subnautica: Below Zero"
"Judgment","363","Judgment","90636420","2903700","18686","98","3262","172","5","31.21","Judgment"
"Monopoly Plus","364","Monopoly Plus","90034980","2269860","64551","38","12508","171","4","39.67","Monopoly Plus"
"Marvel's Spider-Man","365","Marvel's Spider-Man","89869320","18479580","34636","181","55459","171","35","4.86","Marvel's Spider-Man"
"Halo 5: Guardians","366","Halo 5: Guardians","89375640","15171180","6714","102","20492","170","28","5.89","Halo 5: Guardians"
"Company of Heroes 2","367","Company of Heroes 2","88825320","5926200","4304","37","5711","169","11","14.99","Company of Heroes 2"
"Call of Duty: Mobile","368","Call of Duty: Mobile","88736340","10380120","15371","307","35079","168","19","8.55","Call of Duty: Mobile"
"Kingdom Come: Deliverance","369","Kingdom Come: Deliverance","88577400","7305300","30758","55","13199","168","13","12.13","Kingdom Come: Deliverance"
"Dungeon Fighter Online","370","Dungeon Fighter Online","88512660","7116300","15212","50","3126","168","13","12.44","Dungeon Fighter Online"
"Cadence of Hyrule – Crypt of the NecroDancer Featuring The Legend of Zelda","371","Cadence of Hyrule – Crypt of the NecroDancer Featuring The Legend of Zelda","87711420","1405380","41401","302","4500","166","2","62.41","Cadence of Hyrule – Crypt of the NecroDancer Featuring The Legend of Zelda"
"Yakuza 5","372","Yakuza 5","86338320","513780","25040","40","273","164","0","168.05","Yakuza 5"
"The Walking Dead - The Final Season","373","The Walking Dead - The Final Season","84685920","1853400","24728","174","7869","161","3","45.69","The Walking Dead - The Final Season"
"Wolfenstein: Youngblood","374","Wolfenstein: Youngblood","84326700","2807940","49242","453","9145","160","5","30.03","Wolfenstein: Youngblood"
"NHL 17","375","NHL 17","84113280","536520","2954","3","398","160","1","156.78","NHL 17"
"Crash Bandicoot: N. Sane Trilogy","376","Crash Bandicoot: N. Sane Trilogy","83849280","3646260","159634","36","20070","159","6","23","Crash Bandicoot: N. Sane Trilogy"
"Secret Neighbor","377","Secret Neighbor","83551200","1654800","33971","76","9047","158","3","50.49","Secret Neighbor"
"Catherine","378","Catherine","83236680","1505160","23418","51","3999","158","2","55.3","Catherine"
"Until Dawn","379","Until Dawn","83146860","1936920","8465","39","11027","158","3","42.93","Until Dawn"
"The King of Fighters '98: The Slugfest","380","The King of Fighters '98: The Slugfest","82814160","685380","23365","12","620","157","1","120.83","The King of Fighters '98: The Slugfest"
"Stellaris","381","Stellaris","82764180","5496060","5466","68","8948","157","10","15.06","Stellaris"
"Ring Fit Adventure","382","Ring Fit Adventure","82373820","656580","27148","28","1809","156","1","125.46","Ring Fit Adventure"
"Deathgarden","383","Deathgarden","81751620","4768140","30187","268","13201","155","9","17.15","Deathgarden"
"Chrono Trigger","384","Chrono Trigger","81458760","2037120","143113","21","3355","155","3","39.99","Chrono Trigger"
"Dicey Dungeons","385","Dicey Dungeons","81373740","1124820","36793","44","3353","154","2","72.34","Dicey Dungeons"
"A Dance of Fire and Ice","386","A Dance of Fire and Ice","80956980","1908540","23856","62","10400","154","3","42.42","A Dance of Fire and Ice"
"Hitman 2","387","Hitman 2","80431980","3953160","25746","37","17448","153","7","20.35","Hitman 2"
"Dead or Alive 6","388","Dead or Alive 6","79837440","3498240","30823","139","5934","151","6","22.82","Dead or Alive 6"
"Hades","389","Hades","79345440","2107920","16365","58","5613","150","4","37.64","Hades"
"Barbie and the Magic of Pegasus","390","Barbie and the Magic of Pegasus","79076040","149880","34964","8","588","150","0","527.6","Barbie and the Magic of Pegasus"
"Miscreated","391","Miscreated","78632880","2792220","26915","53","4505","149","5","28.16","Miscreated"
"Thief Simulator","392","Thief Simulator","78540660","1069800","24651","16","5325","149","2","73.42","Thief Simulator"
"Hell Let Loose","393","Hell Let Loose","78410580","3112080","31481","98","6888","149","5","25.2","Hell Let Loose"
"Nioh 2","394","Nioh 2","77710800","675480","42913","98","2022","147","1","115.05","Nioh 2"
"Super Mario Bros. 3","395","Super Mario Bros. 3","77356020","1375380","156837","23","3760","147","2","56.24","Super Mario Bros. 3"
"Tabletop RPGs","396","Tabletop RPGs","76844040","3304920","41869","52","2527","146","6","23.25","Tabletop RPGs"
"Friends Marble","397","Friends Marble","76688880","97980","29099","8","152","145","0","782.7","Friends Marble"
"60 Seconds!","398","60 Seconds!","76511580","509640","41049","15","3510","145","0","150.13","60 Seconds!"
"Spyro Reignited Trilogy","399","Spyro Reignited Trilogy","76186800","9219900","134470","238","23923","144","17","8.26","Spyro Reignited Trilogy"
"Banjo-Kazooie","400","Banjo-Kazooie","76186140","2135460","142486","45","4376","144","4","35.68","Banjo-Kazooie"