"","","Game","Watch time","Stream time","Peak viewers","Peak channels","Streamers","Average viewers","Average channels","Average viewer ratio",""
"Metal Gear Solid 5","9701","Metal Gear Solid 5","109380","19620","124","3","132","0","0","5.57","Metal Gear Solid 5"
"Vinylove","9702","Vinylove","109320","27420","58","2","6","0","0","3.99","Vinylove"
"10 Second Ninja X","9703","10 Second Ninja X","109260","25800","176","2","165","0","0","4.23","10 Second Ninja X"
"Cryostasis","9704","Cryostasis","109260","28200","86","3","70","0","0","3.87","Cryostasis"
"Body Harvest","9705","Body Harvest","109260","24780","351","2","19","0","0","4.41","Body Harvest"
"Barbie: Super Sports","9706","Barbie: Super Sports","109260","3300","1553","2","15","0","0","33.11","Barbie: Super Sports"
"Nancy Drew: Treasure in the Royal Tower","9707","Nancy Drew: Treasure in the Royal Tower","109200","14100","538","1","45","0","0","7.74","Nancy Drew: Treasure in the Royal Tower"
"Ninjin: Clash of Carrots","9708","Ninjin: Clash of Carrots","109200","15300","353","2","108","0","0","7.14","Ninjin: Clash of Carrots"
"Road Rash","9709","Road Rash","109140","10860","795","1","70","0","0","10.05","Road Rash"
"Final Fantasy Crystal Chronicles: Echoes of Time","9710","Final Fantasy Crystal Chronicles: Echoes of Time","109140","5100","124","1","10","0","0","21.4","Final Fantasy Crystal Chronicles: Echoes of Time"
"Halo 2600","9711","Halo 2600","109080","2760","1043","1","8","0","0","39.52","Halo 2600"
"Tower Hunter: Erza's Trial","9712","Tower Hunter: Erza's Trial","109080","27420","151","3","132","0","0","3.98","Tower Hunter: Erza's Trial"
"Nitroplus Blasterz: Heroines Infinite Duel","9713","Nitroplus Blasterz: Heroines Infinite Duel","109020","24240","297","2","183","0","0","4.5","Nitroplus Blasterz: Heroines Infinite Duel"
"Jade Cocoon 2","9714","Jade Cocoon 2","108960","39660","33","2","39","0","0","2.75","Jade Cocoon 2"
"The Unfinished Swan","9715","The Unfinished Swan","108960","31140","103","3","172","0","0","3.5","The Unfinished Swan"
"Trojan","9716","Trojan","108900","2700","1141","2","9","0","0","40.33","Trojan"
"DoDonPachi","9717","DoDonPachi","108840","32160","73","2","44","0","0","3.38","DoDonPachi"
".hack//G.U. Vol. 1: Rebirth","9718",".hack//G.U. Vol. 1: Rebirth","108780","39660","51","2","94","0","0","2.74",".hack//G.U. Vol. 1: Rebirth"
"City Builder","9719","City Builder","108780","6360","773","1","16","0","0","17.1","City Builder"
"Knight Squad","9720","Knight Squad","108720","21000","434","4","140","0","0","5.18","Knight Squad"
"The King of Fighters 02/03","9721","The King of Fighters 02/03","108600","2100","376","1","7","0","0","51.71","The King of Fighters 02/03"
"IMDb Live Viewing Party","9722","IMDb Live Viewing Party","108600","4500","235","1","10","0","0","24.13","IMDb Live Viewing Party"
"Vestaria Saga I: War of the Scions","9723","Vestaria Saga I: War of the Scions","108600","27240","78","5","36","0","0","3.99","Vestaria Saga I: War of the Scions"
"Yggdra Union: We'll Never Fight Alone","9724","Yggdra Union: We'll Never Fight Alone","108540","20640","63","2","29","0","0","5.26","Yggdra Union: We'll Never Fight Alone"
"Rascal","9725","Rascal","108480","1920","1677","1","12","0","0","56.5","Rascal"
"Ran Online","9726","Ran Online","108420","13500","352","1","56","0","0","8.03","Ran Online"
"Bug Academy","9727","Bug Academy","108360","480","1138","1","6","0","0","225.75","Bug Academy"
"Shadows 2: Perfidia","9728","Shadows 2: Perfidia","108300","7140","532","2","53","0","0","15.17","Shadows 2: Perfidia"
"ChromaGun VR","9729","ChromaGun VR","108300","240","1056","1","1","0","0","451.25","ChromaGun VR"
"World War II Online: Battleground Europe","9730","World War II Online: Battleground Europe","108240","74400","173","3","83","0","0","1.45","World War II Online: Battleground Europe"
"Kaizou Choujin Shubibinman Zero","9731","Kaizou Choujin Shubibinman Zero","108120","7080","317","2","11","0","0","15.27","Kaizou Choujin Shubibinman Zero"
"The Low Road","9732","The Low Road","108120","9180","338","1","32","0","0","11.78","The Low Road"
"Carnival","9733","Carnival","108120","5280","1324","1","6","0","0","20.48","Carnival"
"Vinyl Reality","9734","Vinyl Reality","108120","10380","577","3","31","0","0","10.42","Vinyl Reality"
"Silent Hill: Play Novel","9735","Silent Hill: Play Novel","108060","3240","223","1","14","0","0","33.35","Silent Hill: Play Novel"
"Dungeon Siege II: Broken World","9736","Dungeon Siege II: Broken World","108060","11040","199","2","19","0","0","9.79","Dungeon Siege II: Broken World"
"Contract Wars","9737","Contract Wars","108000","47400","274","2","148","0","0","2.28","Contract Wars"
"James Pond 2: Codename: RoboCod","9738","James Pond 2: Codename: RoboCod","107940","5160","269","1","24","0","0","20.92","James Pond 2: Codename: RoboCod"
"Shawl","9739","Shawl","107880","480","1431","1","2","0","0","224.75","Shawl"
"Dying Light: Bad Blood","9740","Dying Light: Bad Blood","107760","27660","294","3","152","0","0","3.9","Dying Light: Bad Blood"
"Asphalt 8","9741","Asphalt 8","107760","63540","94","2","347","0","0","1.7","Asphalt 8"
"MOLEK-SYNTEZ","9742","MOLEK-SYNTEZ","107760","7260","337","2","23","0","0","14.84","MOLEK-SYNTEZ"
"Scribblenauts Unmasked: A DC Comics Adventure","9743","Scribblenauts Unmasked: A DC Comics Adventure","107700","16860","199","2","101","0","0","6.39","Scribblenauts Unmasked: A DC Comics Adventure"
"Countdown","9744","Countdown","107700","24840","176","6","49","0","0","4.34","Countdown"
"Brief Battles","9745","Brief Battles","107700","6720","589","2","46","0","0","16.03","Brief Battles"
"Has-Been Heroes","9746","Has-Been Heroes","107700","18900","221","2","53","0","0","5.7","Has-Been Heroes"
"Space Quest IV: Roger Wilco and the Time Rippers","9747","Space Quest IV: Roger Wilco and the Time Rippers","107640","10680","364","2","33","0","0","10.08","Space Quest IV: Roger Wilco and the Time Rippers"
"Disney Epic Mickey","9748","Disney Epic Mickey","107640","24900","46","3","52","0","0","4.32","Disney Epic Mickey"
"Super Robot Wars Z","9749","Super Robot Wars Z","107520","23040","59","3","18","0","0","4.67","Super Robot Wars Z"
"Michael Jordan:  Chaos in the Windy City","9750","Michael Jordan:  Chaos in the Windy City","107520","5280","722","1","19","0","0","20.36","Michael Jordan:  Chaos in the Windy City"
"Heist","9751","Heist","107340","5640","213","2","30","0","0","19.03","Heist"
"Vegas Casino","9752","Vegas Casino","107340","26040","259","2","31","0","0","4.12","Vegas Casino"
"Little Briar Rose","9753","Little Briar Rose","107280","2400","390","1","11","0","0","44.7","Little Briar Rose"
"Chess Ultra","9754","Chess Ultra","107160","38520","88","3","169","0","0","2.78","Chess Ultra"
"Bloons Adventure Time TD","9755","Bloons Adventure Time TD","107100","31920","427","2","131","0","0","3.36","Bloons Adventure Time TD"
"Without A Roof (W.A.R.)","9756","Without A Roof (W.A.R.)","107100","660","1035","1","2","0","0","162.27","Without A Roof (W.A.R.)"
"Monica e a Guarda dos Coelhos","9757","Monica e a Guarda dos Coelhos","106920","3600","945","1","4","0","0","29.7","Monica e a Guarda dos Coelhos"
"Dracula: The Resurrection","9758","Dracula: The Resurrection","106920","13620","137","3","50","0","0","7.85","Dracula: The Resurrection"
"Nights of Azure 2: Bride of the New Moon","9759","Nights of Azure 2: Bride of the New Moon","106860","56160","33","2","102","0","0","1.9","Nights of Azure 2: Bride of the New Moon"
"Action Pachio","9760","Action Pachio","106800","480","293","1","1","0","0","222.5","Action Pachio"
"Rugby World Cup 2015","9761","Rugby World Cup 2015","106800","2820","323","1","21","0","0","37.87","Rugby World Cup 2015"
"Knights of Honor","9762","Knights of Honor","106680","18660","496","2","56","0","0","5.72","Knights of Honor"
"Dinomaster Party","9763","Dinomaster Party","106680","120","1077","1","1","0","0","889","Dinomaster Party"
"The X-Files","9764","The X-Files","106620","4980","394","2","16","0","0","21.41","The X-Files"
"Inazuma Eleven 3: Sekai e no Chousen","9765","Inazuma Eleven 3: Sekai e no Chousen","106620","6360","105","2","21","0","0","16.76","Inazuma Eleven 3: Sekai e no Chousen"
"John Saul's Blackstone Chronicles: An Adventure in Terror","9766","John Saul's Blackstone Chronicles: An Adventure in Terror","106560","840","186","1","1","0","0","126.86","John Saul's Blackstone Chronicles: An Adventure in Terror"
"Null Vector","9767","Null Vector","106560","2400","540","1","13","0","0","44.4","Null Vector"
"Mario Party Advance","9768","Mario Party Advance","106500","7680","1104","4","30","0","0","13.87","Mario Party Advance"
"Nancy Drew: The Shattered Medallion","9769","Nancy Drew: The Shattered Medallion","106500","13080","34","2","34","0","0","8.14","Nancy Drew: The Shattered Medallion"
"Escape From Bug Island","9770","Escape From Bug Island","106440","3540","149","2","11","0","0","30.07","Escape From Bug Island"
"Music Racer","9771","Music Racer","106440","15000","373","2","76","0","0","7.1","Music Racer"
"Sonic Rivals","9772","Sonic Rivals","106380","2580","1451","2","15","0","0","41.23","Sonic Rivals"
"Maitetsu","9773","Maitetsu","106380","13080","71","2","13","0","0","8.13","Maitetsu"
"Before the Echo","9774","Before the Echo","106260","9180","318","2","35","0","0","11.58","Before the Echo"
"CSI: Fatal Conspiracy","9775","CSI: Fatal Conspiracy","106200","4500","113","1","11","0","0","23.6","CSI: Fatal Conspiracy"
"Romance of the Three Kingdoms X","9776","Romance of the Three Kingdoms X","106200","3900","265","1","11","0","0","27.23","Romance of the Three Kingdoms X"
"BuildRoyale.io","9777","BuildRoyale.io","106140","27600","193","3","181","0","0","3.85","BuildRoyale.io"
"Sound Voltex III Gravity Wars e-Amusement Cloud","9778","Sound Voltex III Gravity Wars e-Amusement Cloud","106140","34980","376","3","84","0","0","3.03","Sound Voltex III Gravity Wars e-Amusement Cloud"
"Brigandine: Grand Edition","9779","Brigandine: Grand Edition","106020","30420","22","2","21","0","0","3.49","Brigandine: Grand Edition"
"Story of Seasons: Friends of Mineral Town","9780","Story of Seasons: Friends of Mineral Town","106020","22800","148","3","36","0","0","4.65","Story of Seasons: Friends of Mineral Town"
"Don't Chat With Strangers","9781","Don't Chat With Strangers","105960","4020","427","2","21","0","0","26.36","Don't Chat With Strangers"
"Ar tonelico: Melody of Elemia","9782","Ar tonelico: Melody of Elemia","105960","45960","32","3","42","0","0","2.31","Ar tonelico: Melody of Elemia"
"Ultrastar Deluxe","9783","Ultrastar Deluxe","105960","26100","46","3","71","0","0","4.06","Ultrastar Deluxe"
"Kickball","9784","Kickball","105960","1140","264","1","2","0","0","92.95","Kickball"
"SaaP2003","9785","SaaP2003","105900","240","1337","1","2","0","0","441.25","SaaP2003"
"Don't Make Love","9786","Don't Make Love","105900","3060","441","1","22","0","0","34.61","Don't Make Love"
"Sengoku Basara 3 Utage","9787","Sengoku Basara 3 Utage","105840","6720","45","1","5","0","0","15.75","Sengoku Basara 3 Utage"
"EGG: Elemental Gimmick Gear","9788","EGG: Elemental Gimmick Gear","105780","3660","349","1","9","0","0","28.9","EGG: Elemental Gimmick Gear"
"Twisted Metal: Black","9789","Twisted Metal: Black","105720","19080","212","2","203","0","0","5.54","Twisted Metal: Black"
"Secret Agent Barbie: Royal Jewels Mission","9790","Secret Agent Barbie: Royal Jewels Mission","105660","3900","814","1","15","0","0","27.09","Secret Agent Barbie: Royal Jewels Mission"
"Majesty: The Northern Expansion","9791","Majesty: The Northern Expansion","105600","12900","42","2","18","0","0","8.19","Majesty: The Northern Expansion"
"Sega Heroes","9792","Sega Heroes","105600","9780","341","2","31","0","0","10.8","Sega Heroes"
"Space Crusade: The Voyage Beyond","9793","Space Crusade: The Voyage Beyond","105540","540","611","1","4","0","0","195.44","Space Crusade: The Voyage Beyond"
"Yoshi's Cookie","9794","Yoshi's Cookie","105360","10560","364","3","45","0","0","9.98","Yoshi's Cookie"
"Ciconia no Naku Koro ni","9795","Ciconia no Naku Koro ni","105300","19920","261","4","29","0","0","5.29","Ciconia no Naku Koro ni"
"African Safari","9796","African Safari","105240","960","501","1","5","0","0","109.63","African Safari"
"Armored Core: Nexus","9797","Armored Core: Nexus","105060","11760","125","2","24","0","0","8.93","Armored Core: Nexus"
"Assassin's Creed III: Liberation","9798","Assassin's Creed III: Liberation","105060","31560","69","3","128","0","0","3.33","Assassin's Creed III: Liberation"
"Super Real Mahjong PV","9799","Super Real Mahjong PV","105060","1740","101","1","1","0","0","60.38","Super Real Mahjong PV"
"Cyberbots: Fullmetal Madness","9800","Cyberbots: Fullmetal Madness","105000","2580","905","1","19","0","0","40.7","Cyberbots: Fullmetal Madness"