"","","Game","Watch time","Stream time","Peak viewers","Peak channels","Streamers","Average viewers","Average channels","Average viewer ratio",""
"ISLANDERS","1001","ISLANDERS","17144280","334800","26822","21","2010","32","0","51.21","ISLANDERS"
"Assetto Corsa Competizione","1002","Assetto Corsa Competizione","17118660","1715880","3812","73","2584","32","3","9.98","Assetto Corsa Competizione"
"The Grand Tour Game","1003","The Grand Tour Game","17016480","158580","12312","13","663","32","0","107.31","The Grand Tour Game"
"Hypnospace Outlaw","1004","Hypnospace Outlaw","16954620","189180","21843","16","679","32","0","89.62","Hypnospace Outlaw"
"Assassin's Creed III","1005","Assassin's Creed III","16946220","1768680","113479","97","4807","32","3","9.58","Assassin's Creed III"
"Kingdom Hearts HD II.8: Final Chapter Prologue","1006","Kingdom Hearts HD II.8: Final Chapter Prologue","16939920","1260960","5892","73","2198","32","2","13.43","Kingdom Hearts HD II.8: Final Chapter Prologue"
"Auto Chess Mobile","1007","Auto Chess Mobile","16924800","597000","4980","40","1313","32","1","28.35","Auto Chess Mobile"
"MLB The Show 18","1008","MLB The Show 18","16859100","1929660","3503","62","4513","32","3","8.74","MLB The Show 18"
"GRID 2","1009","GRID 2","16839180","1091880","19387","91","6019","32","2","15.42","GRID 2"
"Ultima Online","1010","Ultima Online","16816800","1417080","2807","14","729","31","2","11.87","Ultima Online"
"GoldenEye 007","1011","GoldenEye 007","16710660","1028580","6560","10","1068","31","1","16.25","GoldenEye 007"
"Castlevania III: Dracula's Curse","1012","Castlevania III: Dracula's Curse","16702380","165000","167002","14","357","31","0","101.23","Castlevania III: Dracula's Curse"
"We Were Here Too","1013","We Were Here Too","16700400","719640","22077","18","3377","31","1","23.21","We Were Here Too"
"Metroid Prime 2: Echoes","1014","Metroid Prime 2: Echoes","16675440","532680","115247","12","565","31","1","31.3","Metroid Prime 2: Echoes"
"Doraemon: Nobita no Bokujō Monogatari","1015","Doraemon: Nobita no Bokujō Monogatari","16670700","216660","7030","15","228","31","0","76.94","Doraemon: Nobita no Bokujō Monogatari"
"Foxhole","1016","Foxhole","16625580","1163760","4964","19","1534","31","2","14.29","Foxhole"
"Kindergarten","1017","Kindergarten","16617840","225780","31904","16","924","31","0","73.6","Kindergarten"
"Naruto to Boruto: Shinobi Striker","1018","Naruto to Boruto: Shinobi Striker","16614720","4339440","847","39","9068","31","8","3.83","Naruto to Boruto: Shinobi Striker"
"Zanki Zero","1019","Zanki Zero","16604520","460800","3113","21","434","31","0","36.03","Zanki Zero"
"X-COM: UFO Defense","1020","X-COM: UFO Defense","16598460","432000","3200","7","294","31","0","38.42","X-COM: UFO Defense"
"Perfect World","1021","Perfect World","16588200","2058780","2321","21","1602","31","3","8.06","Perfect World"
"Ōkami","1022","Ōkami","16526880","1712880","23673","16","2489","31","3","9.65","Ōkami"
"Cataclysm: Dark Days Ahead","1023","Cataclysm: Dark Days Ahead","16523700","590160","2423","7","475","31","1","28","Cataclysm: Dark Days Ahead"
"Steep","1024","Steep","16500360","3809700","19644","160","25820","31","7","4.33","Steep"
"Tales from the Borderlands","1025","Tales from the Borderlands","16491300","923040","10195","25","2706","31","1","17.87","Tales from the Borderlands"
"Mario Party 4","1026","Mario Party 4","16487460","224160","12287","8","954","31","0","73.55","Mario Party 4"
"Battlefield 3","1027","Battlefield 3","16468260","1877400","18145","18","6905","31","3","8.77","Battlefield 3"
"Metro Sim Hustle","1028","Metro Sim Hustle","16460220","10920","77676","4","64","31","0","1507.35","Metro Sim Hustle"
"Kirby & The Amazing Mirror","1029","Kirby & The Amazing Mirror","16452060","136500","159439","10","237","31","0","120.53","Kirby & The Amazing Mirror"
"Silent Hill: Homecoming","1030","Silent Hill: Homecoming","16394700","228480","43226","4","707","31","0","71.76","Silent Hill: Homecoming"
"Pillars of Eternity","1031","Pillars of Eternity","16344420","958860","995","10","1784","31","1","17.05","Pillars of Eternity"
"Super Smash Bros.","1032","Super Smash Bros.","16315980","510420","69465","15","1667","31","0","31.97","Super Smash Bros."
"Puyo Puyo Champions","1033","Puyo Puyo Champions","16303920","483240","4813","28","861","31","0","33.74","Puyo Puyo Champions"
"Town of Salem","1034","Town of Salem","16267620","1964760","8542","21","7771","30","3","8.28","Town of Salem"
"Cry Of Fear","1035","Cry Of Fear","16257000","718140","26784","21","4766","30","1","22.64","Cry Of Fear"
"Onward","1036","Onward","16255080","531120","15505","11","2016","30","1","30.61","Onward"
"Phantasy Star Online 2","1037","Phantasy Star Online 2","16240680","3436500","988","42","3676","30","6","4.73","Phantasy Star Online 2"
"Call of Cthulhu - The Video Game","1038","Call of Cthulhu - The Video Game","16225800","981060","7243","23","3164","30","1","16.54","Call of Cthulhu - The Video Game"
"Deus Ex","1039","Deus Ex","16180740","524760","8165","7","1005","30","0","30.83","Deus Ex"
"60 Parsecs!","1040","60 Parsecs!","16160160","138360","12220","7","827","30","0","116.8","60 Parsecs!"
"Casino Inc","1041","Casino Inc","16155180","109560","3245","5","388","30","0","147.46","Casino Inc"
"CryoFall","1042","CryoFall","16112340","296700","30557","16","533","30","0","54.31","CryoFall"
"Anno 1404","1043","Anno 1404","16080060","527160","23360","17","1541","30","1","30.5","Anno 1404"
"Dark Devotion","1044","Dark Devotion","16074780","320160","22920","35","1035","30","0","50.21","Dark Devotion"
"Sonic Forces","1045","Sonic Forces","16074600","322620","162369","16","1834","30","0","49.83","Sonic Forces"
"Cave Story","1046","Cave Story","16057500","289620","92143","11","971","30","0","55.44","Cave Story"
"Home Run Derby VR","1047","Home Run Derby VR","16051440","1680","85354","3","9","30","0","9554.43","Home Run Derby VR"
"Fade to Silence","1048","Fade to Silence","16045560","459600","22491","39","1490","30","0","34.91","Fade to Silence"
"Observer","1049","Observer","15963120","1434540","3978","75","7108","30","2","11.13","Observer"
"Star Wars: Jedi Knight II - Jedi Outcast","1050","Star Wars: Jedi Knight II - Jedi Outcast","15955020","322920","13266","11","1261","30","0","49.41","Star Wars: Jedi Knight II - Jedi Outcast"
"Granblue Fantasy: Versus","1051","Granblue Fantasy: Versus","15920460","294840","26081","449","1180","30","0","54","Granblue Fantasy: Versus"
"Arizona Sunshine","1052","Arizona Sunshine","15916080","551760","33424","10","3782","30","1","28.85","Arizona Sunshine"
"The Sims 3","1053","The Sims 3","15910080","1281360","9850","16","4255","30","2","12.42","The Sims 3"
"Pathway","1054","Pathway","15880260","301500","14516","78","1056","30","0","52.67","Pathway"
"Battlefleet Gothic: Armada II","1055","Battlefleet Gothic: Armada II","15873900","772080","7245","58","1276","30","1","20.56","Battlefleet Gothic: Armada II"
"Emily Wants to Play Too","1056","Emily Wants to Play Too","15870720","216840","33887","9","1460","30","0","73.19","Emily Wants to Play Too"
"Factory Town","1057","Factory Town","15869820","519840","28417","41","1234","30","0","30.53","Factory Town"
"Ascent: Infinite Realm","1058","Ascent: Infinite Realm","15865560","657000","14784","77","942","30","1","24.15","Ascent: Infinite Realm"
"TrackMania Turbo","1059","TrackMania Turbo","15855000","493920","25437","10","1770","30","0","32.1","TrackMania Turbo"
"SpeedRunners","1060","SpeedRunners","15837060","778200","44973","14","5196","30","1","20.35","SpeedRunners"
"Sonic Rush","1061","Sonic Rush","15826200","11940","161685","9","54","30","0","1325.48","Sonic Rush"
"Metal Gear Solid: Peace Walker","1062","Metal Gear Solid: Peace Walker","15759120","247080","4528","5","338","29","0","63.78","Metal Gear Solid: Peace Walker"
"Earth Defense Force: Iron Rain","1063","Earth Defense Force: Iron Rain","15752400","447180","13259","97","1063","29","0","35.23","Earth Defense Force: Iron Rain"
"SpyParty","1064","SpyParty","15700560","180900","39884","6","527","29","0","86.79","SpyParty"
"Moonlighter","1065","Moonlighter","15681600","2678520","3034","74","10397","29","5","5.85","Moonlighter"
"Mega Man 2","1066","Mega Man 2","15669480","447420","116051","11","971","29","0","35.02","Mega Man 2"
"Pillars of Eternity II: Deadfire","1067","Pillars of Eternity II: Deadfire","15651420","867420","13622","12","1294","29","1","18.04","Pillars of Eternity II: Deadfire"
"One Piece Treasure Cruise","1068","One Piece Treasure Cruise","15641280","669060","5162","12","572","29","1","23.38","One Piece Treasure Cruise"
"Furi","1069","Furi","15636900","821220","129390","17","4232","29","1","19.04","Furi"
"The Textorcist","1070","The Textorcist","15621660","102960","62883","12","541","29","0","151.73","The Textorcist"
"Lobotomy Corporation | Monster Management Simulation","1071","Lobotomy Corporation | Monster Management Simulation","15587040","1023540","2888","12","1587","29","1","15.23","Lobotomy Corporation | Monster Management Simulation"
"Tales Runner","1072","Tales Runner","15565080","671580","12188","18","1861","29","1","23.18","Tales Runner"
"Dusk","1073","Dusk","15564960","531660","11188","12","2351","29","1","29.28","Dusk"
"Little Big Workshop","1074","Little Big Workshop","15506220","351120","16393","32","911","29","0","44.16","Little Big Workshop"
"Sly Cooper and the Thievius Raccoonus","1075","Sly Cooper and the Thievius Raccoonus","15478260","376380","106504","13","690","29","0","41.12","Sly Cooper and the Thievius Raccoonus"
"Mega Man 10","1076","Mega Man 10","15445620","121440","137151","12","191","29","0","127.19","Mega Man 10"
"The Shapeshifting Detective","1077","The Shapeshifting Detective","15441000","92280","11593","5","403","29","0","167.33","The Shapeshifting Detective"
"Infliction","1078","Infliction","15437940","207420","12073","8","962","29","0","74.43","Infliction"
"Let It Die","1079","Let It Die","15425340","2737080","4109","26","3682","29","5","5.64","Let It Die"
"The Jackbox Party Pack 2","1080","The Jackbox Party Pack 2","15422580","1139400","14441","25","7887","29","2","13.54","The Jackbox Party Pack 2"
"Shell Shockers","1081","Shell Shockers","15406140","1593840","517","18","3489","29","3","9.67","Shell Shockers"
"WolfPack","1082","WolfPack","15402840","256860","31075","13","477","29","0","59.97","WolfPack"
"Penumbra: Black Plague","1083","Penumbra: Black Plague","15369960","155520","15609","7","505","29","0","98.83","Penumbra: Black Plague"
"Scrap Mechanic","1084","Scrap Mechanic","15326160","492360","39133","9","2203","29","0","31.13","Scrap Mechanic"
"Might & Magic: Elemental Guardians","1085","Might & Magic: Elemental Guardians","15323880","410520","1289","8","175","29","0","37.33","Might & Magic: Elemental Guardians"
"Ratchet & Clank: Up Your Arsenal","1086","Ratchet & Clank: Up Your Arsenal","15296400","236640","121907","15","270","29","0","64.64","Ratchet & Clank: Up Your Arsenal"
"Siren","1087","Siren","15276960","137580","10371","4","344","29","0","111.04","Siren"
"The Ultimate Doom","1088","The Ultimate Doom","15238560","430860","144017","14","1909","28","0","35.37","The Ultimate Doom"
"Pikuniku","1089","Pikuniku","15236940","260640","28617","25","1578","28","0","58.46","Pikuniku"
"The Cursed Forest","1090","The Cursed Forest","15236700","103260","25045","9","526","28","0","147.56","The Cursed Forest"
"Command & Conquer: Rivals","1091","Command & Conquer: Rivals","15206760","691500","16182","7","299","28","1","21.99","Command & Conquer: Rivals"
"Resident Evil: Revelations 2","1092","Resident Evil: Revelations 2","15162060","1021320","6677","18","5558","28","1","14.85","Resident Evil: Revelations 2"
"Passpartout: The Starving Artist","1093","Passpartout: The Starving Artist","15113400","157500","29831","4","995","28","0","95.96","Passpartout: The Starving Artist"
"Drawful 2","1094","Drawful 2","15056340","535320","16509","11","3549","28","1","28.13","Drawful 2"
"Forza Motorsport 7","1095","Forza Motorsport 7","15034740","3310200","3817","37","7011","28","6","4.54","Forza Motorsport 7"
"Card Game","1096","Card Game","15027360","45300","6922","6","210","28","0","331.73","Card Game"
"Kingdom Hearts II","1097","Kingdom Hearts II","15005100","936960","9164","29","1840","28","1","16.01","Kingdom Hearts II"
"Enigma","1098","Enigma","14972100","13020","9018","4","50","28","0","1149.93","Enigma"
"Terminator: Resistance","1099","Terminator: Resistance","14937960","367680","32117","39","1142","28","0","40.63","Terminator: Resistance"
"Katamari Damacy","1100","Katamari Damacy","14879040","535680","9230","15","2754","28","1","27.78","Katamari Damacy"