"","","Game","Watch time","Stream time","Peak viewers","Peak channels","Streamers","Average viewers","Average channels","Average viewer ratio",""
"Hugo","5301","Hugo","652620","9540","2069","1","33","1","0","68.41","Hugo"
"Lollipop Chainsaw","5302","Lollipop Chainsaw","652620","56700","1607","3","158","1","0","11.51","Lollipop Chainsaw"
"Tesla vs Lovecraft","5303","Tesla vs Lovecraft","652200","34200","671","5","138","1","0","19.07","Tesla vs Lovecraft"
"Mewnbase","5304","Mewnbase","652080","38580","332","2","145","1","0","16.9","Mewnbase"
"Darwin's Test","5305","Darwin's Test","651720","10260","2610","2","49","1","0","63.52","Darwin's Test"
"Guitar Hero World Tour","5306","Guitar Hero World Tour","651720","55560","4764","3","284","1","0","11.73","Guitar Hero World Tour"
"Invaxion","5307","Invaxion","651540","87960","4267","4","397","1","0","7.41","Invaxion"
"Tony Hawk's Pro Skater 4","5308","Tony Hawk's Pro Skater 4","650880","74040","1089","4","308","1","0","8.79","Tony Hawk's Pro Skater 4"
"The Matrix: Path of Neo","5309","The Matrix: Path of Neo","650040","48660","2183","2","152","1","0","13.36","The Matrix: Path of Neo"
"Can't Drive This","5310","Can't Drive This","649980","3900","2245","2","34","1","0","166.66","Can't Drive This"
"Munchkin","5311","Munchkin","649380","21300","2991","4","148","1","0","30.49","Munchkin"
"Manhunt","5312","Manhunt","649080","197280","145","5","657","1","0","3.29","Manhunt"
"Way of the Samurai 4","5313","Way of the Samurai 4","648780","42120","1198","2","137","1","0","15.4","Way of the Samurai 4"
"The Pirate's Fate","5314","The Pirate's Fate","648660","7080","3308","2","17","1","0","91.62","The Pirate's Fate"
"Biotope","5315","Biotope","648420","2100","2397","1","16","1","0","308.77","Biotope"
"Tales of Symphonia Chronicles","5316","Tales of Symphonia Chronicles","648420","28800","701","2","39","1","0","22.51","Tales of Symphonia Chronicles"
"Underworld Ascendant","5317","Underworld Ascendant","648180","24840","1985","3","86","1","0","26.09","Underworld Ascendant"
"Disney's Tarzan Untamed","5318","Disney's Tarzan Untamed","646320","3060","3627","2","13","1","0","211.22","Disney's Tarzan Untamed"
"Airsoft","5319","Airsoft","646200","30660","4637","3","62","1","0","21.08","Airsoft"
"Ultimate Admiral: Age of Sail","5320","Ultimate Admiral: Age of Sail","646140","11340","2256","2","29","1","0","56.98","Ultimate Admiral: Age of Sail"
"Fate/Extella","5321","Fate/Extella","646140","145980","277","5","501","1","0","4.43","Fate/Extella"
"Monster Hunter Stories","5322","Monster Hunter Stories","645900","35760","338","3","90","1","0","18.06","Monster Hunter Stories"
"Pilotwings","5323","Pilotwings","645240","19260","3589","3","136","1","0","33.5","Pilotwings"
"Screeps","5324","Screeps","644460","129060","914","4","60","1","0","4.99","Screeps"
"Evil Bank Manager","5325","Evil Bank Manager","644280","16080","546","3","68","1","0","40.07","Evil Bank Manager"
"Forged Battalion","5326","Forged Battalion","644040","6660","1025","4","37","1","0","96.7","Forged Battalion"
"Betrayal at Krondor","5327","Betrayal at Krondor","643680","10380","231","1","13","1","0","62.01","Betrayal at Krondor"
"Wii Fit U","5328","Wii Fit U","643320","15060","4306","2","33","1","0","42.72","Wii Fit U"
"Battletoads in Battlemaniacs","5329","Battletoads in Battlemaniacs","643320","14340","1182","2","73","1","0","44.86","Battletoads in Battlemaniacs"
"SpongeBob SquarePants: Lights, Camera, Pants!","5330","SpongeBob SquarePants: Lights, Camera, Pants!","643080","22320","610","3","90","1","0","28.81","SpongeBob SquarePants: Lights, Camera, Pants!"
"Super Chicken Catchers","5331","Super Chicken Catchers","642480","6660","9391","6","41","1","0","96.47","Super Chicken Catchers"
"SSX 3","5332","SSX 3","642480","126660","256","7","359","1","0","5.07","SSX 3"
"Command & Conquer","5333","Command & Conquer","642480","126060","430","4","311","1","0","5.1","Command & Conquer"
"Spookyman","5334","Spookyman","642420","11220","3950","2","9","1","0","57.26","Spookyman"
"Heavy Metal: F.A.K.K. 2","5335","Heavy Metal: F.A.K.K. 2","641940","8940","3462","2","18","1","0","71.81","Heavy Metal: F.A.K.K. 2"
"Demon Hunter 4: Riddles of Light","5336","Demon Hunter 4: Riddles of Light","641700","3420","1673","2","12","1","0","187.63","Demon Hunter 4: Riddles of Light"
"Legaia 2: Duel Saga","5337","Legaia 2: Duel Saga","641580","36240","234","2","33","1","0","17.7","Legaia 2: Duel Saga"
"Little Dragons Cafe","5338","Little Dragons Cafe","641400","77400","228","3","187","1","0","8.29","Little Dragons Cafe"
"Enigmo","5339","Enigmo","641340","420","4414","1","1","1","0","1527","Enigmo"
"Death Trips","5340","Death Trips","641220","10920","4316","2","154","1","0","58.72","Death Trips"
"You Are Empty","5341","You Are Empty","641160","9180","11127","3","40","1","0","69.84","You Are Empty"
"Wizards & Warriors III: Kuros: Visions of Power","5342","Wizards & Warriors III: Kuros: Visions of Power","641040","10980","1364","2","26","1","0","58.38","Wizards & Warriors III: Kuros: Visions of Power"
"Video Blogger Story","5343","Video Blogger Story","640620","91860","563","3","256","1","0","6.97","Video Blogger Story"
"Shin Megami Tensei: Digital Devil Saga 2","5344","Shin Megami Tensei: Digital Devil Saga 2","640020","52440","435","3","47","1","0","12.2","Shin Megami Tensei: Digital Devil Saga 2"
"King's Bounty: Crossworlds","5345","King's Bounty: Crossworlds","639540","149880","60","4","68","1","0","4.27","King's Bounty: Crossworlds"
"One Troll Army","5346","One Troll Army","639420","22140","1097","3","150","1","0","28.88","One Troll Army"
"Tecmo World Cup '98","5347","Tecmo World Cup '98","639240","2280","4081","1","16","1","0","280.37","Tecmo World Cup '98"
"Tron: Evolution","5348","Tron: Evolution","639000","63960","1563","4","62","1","0","9.99","Tron: Evolution"
"Chronicles of Elyria","5349","Chronicles of Elyria","638220","22800","700","2","25","1","0","27.99","Chronicles of Elyria"
"i saw her standing there","5350","i saw her standing there","638160","360","10628","1","2","1","0","1772.67","i saw her standing there"
"Wargame: European Escalation","5351","Wargame: European Escalation","636960","14220","528","1","23","1","0","44.79","Wargame: European Escalation"
"X-Morph: Defense","5352","X-Morph: Defense","636420","54720","899","4","151","1","0","11.63","X-Morph: Defense"
"Indiana Jones and The Last Crusade: The Graphic Adventure","5353","Indiana Jones and The Last Crusade: The Graphic Adventure","636360","10440","8153","3","43","1","0","60.95","Indiana Jones and The Last Crusade: The Graphic Adventure"
"Roof Rage","5354","Roof Rage","636240","9600","4084","2","66","1","0","66.28","Roof Rage"
"Pool Billiard","5355","Pool Billiard","636060","61020","94","3","66","1","0","10.42","Pool Billiard"
"N","5356","N","635820","22920","11936","2","98","1","0","27.74","N"
"Final Fantasy IV: The After Years","5357","Final Fantasy IV: The After Years","635580","122940","170","3","91","1","0","5.17","Final Fantasy IV: The After Years"
"Clicker Heroes","5358","Clicker Heroes","634920","1025820","117","9","902","1","1","0.62","Clicker Heroes"
"Freedom Finger","5359","Freedom Finger","634860","6660","2546","4","40","1","0","95.32","Freedom Finger"
"Just Dance 2015","5360","Just Dance 2015","634380","19140","949","2","123","1","0","33.14","Just Dance 2015"
"Last Man Standing","5361","Last Man Standing","634080","18420","3606","7","214","1","0","34.42","Last Man Standing"
"Lakeview Valley","5362","Lakeview Valley","633960","14040","1354","3","58","1","0","45.15","Lakeview Valley"
"Sally's Law","5363","Sally's Law","633900","8160","3431","2","53","1","0","77.68","Sally's Law"
"Mario and Luigi: Bowser's Inside Story + Bowser Jr.'s Journey","5364","Mario and Luigi: Bowser's Inside Story + Bowser Jr.'s Journey","633840","68760","427","4","112","1","0","9.22","Mario and Luigi: Bowser's Inside Story + Bowser Jr.'s Journey"
"Persona 4 Arena","5365","Persona 4 Arena","633420","25200","1024","2","86","1","0","25.14","Persona 4 Arena"
"Aliens: Colonial Marines","5366","Aliens: Colonial Marines","633300","142800","273","5","468","1","0","4.43","Aliens: Colonial Marines"
"Dragon's Dogma Online","5367","Dragon's Dogma Online","633300","120480","663","10","139","1","0","5.26","Dragon's Dogma Online"
"Mario Superstar Baseball","5368","Mario Superstar Baseball","633000","61620","1587","4","241","1","0","10.27","Mario Superstar Baseball"
"Sports Mix","5369","Sports Mix","632940","17340","5515","2","17","1","0","36.5","Sports Mix"
"Nancy Drew: Labyrinth of Lies","5370","Nancy Drew: Labyrinth of Lies","632280","21780","590","2","45","1","0","29.03","Nancy Drew: Labyrinth of Lies"
"Rock Band 2","5371","Rock Band 2","631680","25500","521","2","95","1","0","24.77","Rock Band 2"
"Elmo's Letter Adventure","5372","Elmo's Letter Adventure","631620","2940","9881","3","24","1","0","214.84","Elmo's Letter Adventure"
"Fear Effect 2: Retro Helix","5373","Fear Effect 2: Retro Helix","630600","10140","8739","1","18","1","0","62.19","Fear Effect 2: Retro Helix"
"Crysis Warhead","5374","Crysis Warhead","630120","54300","788","3","192","1","0","11.6","Crysis Warhead"
"The Last of Us Part II","5375","The Last of Us Part II","629880","15540","1658","38","79","1","0","40.53","The Last of Us Part II"
"Fighters Megamix","5376","Fighters Megamix","628860","3120","9258","2","23","1","0","201.56","Fighters Megamix"
"Beowulf: The Game","5377","Beowulf: The Game","628380","7860","3798","1","6","1","0","79.95","Beowulf: The Game"
"Paddle Up","5378","Paddle Up","627720","1140","6096","1","9","1","0","550.63","Paddle Up"
"Evospace","5379","Evospace","627060","24600","1445","2","55","1","0","25.49","Evospace"
"Sleeping Dawn","5380","Sleeping Dawn","627060","13800","3856","3","81","1","0","45.44","Sleeping Dawn"
"Dead End Job","5381","Dead End Job","626880","11220","1881","4","77","1","0","55.87","Dead End Job"
"Riot: Civil Unrest","5382","Riot: Civil Unrest","626820","16740","3570","2","95","1","0","37.44","Riot: Civil Unrest"
"Etherlords II","5383","Etherlords II","626640","14340","330","2","21","1","0","43.7","Etherlords II"
"Shin Megami Tensei: Persona","5384","Shin Megami Tensei: Persona","625800","94620","123","4","136","1","0","6.61","Shin Megami Tensei: Persona"
"Metal Gear Solid: Portable Ops","5385","Metal Gear Solid: Portable Ops","625740","32940","1278","3","45","1","0","19","Metal Gear Solid: Portable Ops"
"The Final Specimen: Arrival","5386","The Final Specimen: Arrival","625620","360","2044","1","1","1","0","1737.83","The Final Specimen: Arrival"
"Slender-Man","5387","Slender-Man","625500","46740","6114","3","523","1","0","13.38","Slender-Man"
"Kirby: Triple Deluxe","5388","Kirby: Triple Deluxe","625260","18780","2712","2","57","1","0","33.29","Kirby: Triple Deluxe"
"Need for Speed: Most Wanted 5-1-0","5389","Need for Speed: Most Wanted 5-1-0","625080","9240","965","2","37","1","0","67.65","Need for Speed: Most Wanted 5-1-0"
"Nancy Drew: The Captive Curse","5390","Nancy Drew: The Captive Curse","624960","23040","845","2","56","1","0","27.13","Nancy Drew: The Captive Curse"
"Sam & Max Episode 201: Ice Station Santa","5391","Sam & Max Episode 201: Ice Station Santa","624420","4440","3053","2","21","1","0","140.64","Sam & Max Episode 201: Ice Station Santa"
"Process","5392","Process","624360","13620","607","1","4","1","0","45.84","Process"
"Freddi Fish and the Case of the Missing Kelp Seeds","5393","Freddi Fish and the Case of the Missing Kelp Seeds","624240","19380","944","3","166","1","0","32.21","Freddi Fish and the Case of the Missing Kelp Seeds"
"The Mystery of the Druids","5394","The Mystery of the Druids","623220","5040","637","1","11","1","0","123.65","The Mystery of the Druids"
"Afghanistan '11","5395","Afghanistan '11","623160","4860","3801","1","10","1","0","128.22","Afghanistan '11"
"The Riftbreaker","5396","The Riftbreaker","623100","10800","440","3","19","1","0","57.69","The Riftbreaker"
"Castlevania: Dracula X","5397","Castlevania: Dracula X","622680","75780","1572","3","162","1","0","8.22","Castlevania: Dracula X"
"Sonic the Hedgehog: Spinball","5398","Sonic the Hedgehog: Spinball","622620","30900","1003","3","154","1","0","20.15","Sonic the Hedgehog: Spinball"
"Majotori","5399","Majotori","622560","22500","1223","3","99","1","0","27.67","Majotori"
"Art of Conquest","5400","Art of Conquest","622020","11580","7073","2","33","1","0","53.72","Art of Conquest"