"","","Game","Watch time","Stream time","Peak viewers","Peak channels","Streamers","Average viewers","Average channels","Average viewer ratio",""
"Braveland","10501","Braveland","83280","21240","242","4","130","0","0","3.92","Braveland"
"Paranormal State: Poison Spring","10502","Paranormal State: Poison Spring","83220","3660","202","1","11","0","0","22.74","Paranormal State: Poison Spring"
"We Are the Champions","10503","We Are the Champions","83220","60","1387","1","1","0","0","1387","We Are the Champions"
"M&M's Kart Racing","10504","M&M's Kart Racing","83220","7560","492","2","10","0","0","11.01","M&M's Kart Racing"
"Top Gear Rally","10505","Top Gear Rally","83220","10800","31","1","17","0","0","7.71","Top Gear Rally"
"Valkyria: Azure Revolution","10506","Valkyria: Azure Revolution","83220","30420","64","3","51","0","0","2.74","Valkyria: Azure Revolution"
"Arcade Classics","10507","Arcade Classics","83220","43980","58","3","119","0","0","1.89","Arcade Classics"
"Shadwen","10508","Shadwen","83160","22140","60","2","95","0","0","3.76","Shadwen"
"Farm Frenzy 3","10509","Farm Frenzy 3","83160","1980","1246","2","11","0","0","42","Farm Frenzy 3"
"Daryl F. Gates' Police Quest: Open Season","10510","Daryl F. Gates' Police Quest: Open Season","83160","9540","185","2","14","0","0","8.72","Daryl F. Gates' Police Quest: Open Season"
"Evil Zone","10511","Evil Zone","83160","6720","397","2","28","0","0","12.38","Evil Zone"
"Windward","10512","Windward","83160","37380","39","3","128","0","0","2.22","Windward"
"Tiny Brains","10513","Tiny Brains","83160","6660","335","3","43","0","0","12.49","Tiny Brains"
"Massive Chalice","10514","Massive Chalice","83100","25800","48","2","86","0","0","3.22","Massive Chalice"
"Final Fight 2","10515","Final Fight 2","83100","15300","422","2","49","0","0","5.43","Final Fight 2"
"Boxing Champions","10516","Boxing Champions","83100","1800","455","3","21","0","0","46.17","Boxing Champions"
"Defector","10517","Defector","83040","16080","80","6","96","0","0","5.16","Defector"
"Moss Destruction","10518","Moss Destruction","83040","7260","228","2","64","0","0","11.44","Moss Destruction"
"Chaotic: Shadow Warriors","10519","Chaotic: Shadow Warriors","83040","1620","459","1","7","0","0","51.26","Chaotic: Shadow Warriors"
"Kelvin and the Infamous Machine","10520","Kelvin and the Infamous Machine","83040","10020","168","2","40","0","0","8.29","Kelvin and the Infamous Machine"
"Tiny Echo","10521","Tiny Echo","83040","5880","610","2","46","0","0","14.12","Tiny Echo"
"Daggerhood","10522","Daggerhood","82980","15480","226","3","87","0","0","5.36","Daggerhood"
"The Metronomicon","10523","The Metronomicon","82980","27480","50","2","177","0","0","3.02","The Metronomicon"
"Unreal II: The Awakening","10524","Unreal II: The Awakening","82980","17400","53","1","49","0","0","4.77","Unreal II: The Awakening"
"Bitcoin Trading Master: Simulator","10525","Bitcoin Trading Master: Simulator","82920","21420","93","2","43","0","0","3.87","Bitcoin Trading Master: Simulator"
"Slashy Souls","10526","Slashy Souls","82920","240","1375","1","2","0","0","345.5","Slashy Souls"
"A Song in the Void","10527","A Song in the Void","82860","3960","305","2","22","0","0","20.92","A Song in the Void"
"Panzer Dragoon Saga","10528","Panzer Dragoon Saga","82860","24480","25","2","45","0","0","3.38","Panzer Dragoon Saga"
"Dragon Ball Z: Budokai Tenkaichi","10529","Dragon Ball Z: Budokai Tenkaichi","82860","7200","428","2","34","0","0","11.51","Dragon Ball Z: Budokai Tenkaichi"
"Divinity: Dragon Commander","10530","Divinity: Dragon Commander","82800","20580","147","2","64","0","0","4.02","Divinity: Dragon Commander"
"Ratty Catty","10531","Ratty Catty","82800","1560","1012","2","15","0","0","53.08","Ratty Catty"
"Tecmo Cup Soccer Game","10532","Tecmo Cup Soccer Game","82740","960","1915","1","6","0","0","86.19","Tecmo Cup Soccer Game"
"Zombie Kill of the Week - Reborn","10533","Zombie Kill of the Week - Reborn","82740","1200","1373","1","10","0","0","68.95","Zombie Kill of the Week - Reborn"
"Ever17: The Out of Infinity","10534","Ever17: The Out of Infinity","82680","17400","37","2","21","0","0","4.75","Ever17: The Out of Infinity"
"Flix and Chill","10535","Flix and Chill","82680","24720","113","2","91","0","0","3.34","Flix and Chill"
"Horns of Fear","10536","Horns of Fear","82680","4080","134","2","23","0","0","20.26","Horns of Fear"
"Fractured Lands","10537","Fractured Lands","82620","18900","98","12","44","0","0","4.37","Fractured Lands"
"Blade Kitten","10538","Blade Kitten","82620","8940","912","1","28","0","0","9.24","Blade Kitten"
"Earth 2150","10539","Earth 2150","82560","720","493","1","6","0","0","114.67","Earth 2150"
"Pulseman","10540","Pulseman","82560","3960","363","7","21","0","0","20.85","Pulseman"
"The Walking Vegetables","10541","The Walking Vegetables","82560","8040","310","1","31","0","0","10.27","The Walking Vegetables"
"Shaman King: Master of Spirits 2","10542","Shaman King: Master of Spirits 2","82500","2340","478","1","8","0","0","35.26","Shaman King: Master of Spirits 2"
"Prince of Persia Trilogy","10543","Prince of Persia Trilogy","82500","8040","156","2","26","0","0","10.26","Prince of Persia Trilogy"
"Starsiege: Tribes","10544","Starsiege: Tribes","82500","55200","10","3","38","0","0","1.49","Starsiege: Tribes"
"Terrorarium","10545","Terrorarium","82380","5880","191","1","48","0","0","14.01","Terrorarium"
"NEO AQUARIUM - The King of Crustaceans -","10546","NEO AQUARIUM - The King of Crustaceans -","82380","3840","548","2","32","0","0","21.45","NEO AQUARIUM - The King of Crustaceans -"
"Disney's Magic Artist","10547","Disney's Magic Artist","82320","360","291","1","1","0","0","228.67","Disney's Magic Artist"
"Street Fighter","10548","Street Fighter","82320","14520","134","2","55","0","0","5.67","Street Fighter"
"Style Savvy: Styling Star","10549","Style Savvy: Styling Star","82320","5220","51","1","9","0","0","15.77","Style Savvy: Styling Star"
"Skeleton Boomerang","10550","Skeleton Boomerang","82320","1140","413","1","8","0","0","72.21","Skeleton Boomerang"
"Touhou 15.5: Antinomy of Common Flowers","10551","Touhou 15.5: Antinomy of Common Flowers","82260","21180","35","2","79","0","0","3.88","Touhou 15.5: Antinomy of Common Flowers"
"Madden NFL 15","10552","Madden NFL 15","82260","44160","437","2","210","0","0","1.86","Madden NFL 15"
"Micro Machines 64 Turbo","10553","Micro Machines 64 Turbo","82260","960","283","1","5","0","0","85.69","Micro Machines 64 Turbo"
"The End","10554","The End","82260","2220","139","1","11","0","0","37.05","The End"
"Super Robot Wars UX","10555","Super Robot Wars UX","82200","17760","91","2","11","0","0","4.63","Super Robot Wars UX"
"Drakkhen","10556","Drakkhen","82140","4740","380","2","17","0","0","17.33","Drakkhen"
"Resistance 2","10557","Resistance 2","82080","15360","232","2","28","0","0","5.34","Resistance 2"
"Clouds & Sheep 2","10558","Clouds & Sheep 2","82080","2940","275","1","16","0","0","27.92","Clouds & Sheep 2"
"Masquerada: Songs and Shadows","10559","Masquerada: Songs and Shadows","82020","10860","45","2","21","0","0","7.55","Masquerada: Songs and Shadows"
"ACE Online","10560","ACE Online","82020","35340","105","2","46","0","0","2.32","ACE Online"
"Kya: Dark Lineage","10561","Kya: Dark Lineage","82020","23700","75","2","22","0","0","3.46","Kya: Dark Lineage"
"Scooby-Doo! Classic Creep Capers","10562","Scooby-Doo! Classic Creep Capers","82020","7440","252","1","29","0","0","11.02","Scooby-Doo! Classic Creep Capers"
"Armed With Wings: Rearmed","10563","Armed With Wings: Rearmed","81960","3660","755","1","15","0","0","22.39","Armed With Wings: Rearmed"
"AVIVII Invector","10564","AVIVII Invector","81900","6840","381","2","44","0","0","11.97","AVIVII Invector"
"Dr. Jekyll and Mr. Hyde","10565","Dr. Jekyll and Mr. Hyde","81900","5880","90","2","24","0","0","13.93","Dr. Jekyll and Mr. Hyde"
"Wild Guns","10566","Wild Guns","81840","6240","249","2","40","0","0","13.12","Wild Guns"
"Skunny: Back to the Forest","10567","Skunny: Back to the Forest","81840","720","741","3","4","0","0","113.67","Skunny: Back to the Forest"
"Selma and the Wisp","10568","Selma and the Wisp","81780","3840","616","1","25","0","0","21.3","Selma and the Wisp"
"Defend the Cake","10569","Defend the Cake","81780","1440","609","2","7","0","0","56.79","Defend the Cake"
"Pollen","10570","Pollen","81780","1080","371","1","7","0","0","75.72","Pollen"
"Pump it up StepF2","10571","Pump it up StepF2","81780","50100","30","3","96","0","0","1.63","Pump it up StepF2"
"The Pandora Directive","10572","The Pandora Directive","81780","12480","117","1","16","0","0","6.55","The Pandora Directive"
"FIFA Manager 07: Extra Time","10573","FIFA Manager 07: Extra Time","81780","300","409","1","1","0","0","272.6","FIFA Manager 07: Extra Time"
"The Land Before Time Return to the Great Valley","10574","The Land Before Time Return to the Great Valley","81780","1560","726","1","5","0","0","52.42","The Land Before Time Return to the Great Valley"
"Disney's Bonkers","10575","Disney's Bonkers","81720","2040","295","2","7","0","0","40.06","Disney's Bonkers"
"FIFA 2000","10576","FIFA 2000","81720","4920","236","1","18","0","0","16.61","FIFA 2000"
"Elsinore","10577","Elsinore","81720","10800","52","2","27","0","0","7.57","Elsinore"
"Aegis Defenders","10578","Aegis Defenders","81660","31920","72","2","191","0","0","2.56","Aegis Defenders"
"Golden Krone Hotel","10579","Golden Krone Hotel","81660","6600","214","2","17","0","0","12.37","Golden Krone Hotel"
"Video Reflex","10580","Video Reflex","81660","21540","352","2","81","0","0","3.79","Video Reflex"
"Armed Police Batrider","10581","Armed Police Batrider","81600","15720","117","5","25","0","0","5.19","Armed Police Batrider"
"!WOW!","10582","!WOW!","81540","28860","280","2","330","0","0","2.83","!WOW!"
"Disney's That's So Raven","10583","Disney's That's So Raven","81540","660","521","1","5","0","0","123.55","Disney's That's So Raven"
"Disconnected","10584","Disconnected","81480","3900","1096","1","19","0","0","20.89","Disconnected"
"Neo Bomberman","10585","Neo Bomberman","81480","4380","279","1","34","0","0","18.6","Neo Bomberman"
"Die Fugger II","10586","Die Fugger II","81480","420","661","1","1","0","0","194","Die Fugger II"
"Vegas Stakes","10587","Vegas Stakes","81480","7500","96","4","22","0","0","10.86","Vegas Stakes"
"Anno 1503: Königs-Edition","10588","Anno 1503: Königs-Edition","81420","7200","457","2","28","0","0","11.31","Anno 1503: Königs-Edition"
"Afro Samurai 2: Revenge of Kuma","10589","Afro Samurai 2: Revenge of Kuma","81420","2040","308","1","5","0","0","39.91","Afro Samurai 2: Revenge of Kuma"
"Superbeat: Xonic","10590","Superbeat: Xonic","81360","40140","38","2","176","0","0","2.03","Superbeat: Xonic"
"Deception III: Dark Delusion","10591","Deception III: Dark Delusion","81360","3600","232","1","20","0","0","22.6","Deception III: Dark Delusion"
"Special Sampler","10592","Special Sampler","81360","300","1429","1","4","0","0","271.2","Special Sampler"
"Octogeddon","10593","Octogeddon","81360","6540","215","1","22","0","0","12.44","Octogeddon"
"Earthworm Jim 1 & 2","10594","Earthworm Jim 1 & 2","81300","2280","287","1","12","0","0","35.66","Earthworm Jim 1 & 2"
"Art of Fighting","10595","Art of Fighting","81300","5760","949","2","29","0","0","14.11","Art of Fighting"
"Some Distant Memory","10596","Some Distant Memory","81180","9960","98","4","39","0","0","8.15","Some Distant Memory"
"Host Master and the Conquest of Humor","10597","Host Master and the Conquest of Humor","81180","4920","75","1","7","0","0","16.5","Host Master and the Conquest of Humor"
"EOS Online","10598","EOS Online","81120","33480","31","3","47","0","0","2.42","EOS Online"
"Discord Times","10599","Discord Times","81060","56220","42","3","359","0","0","1.44","Discord Times"
"Aztec Challenge","10600","Aztec Challenge","81060","540","358","1","3","0","0","150.11","Aztec Challenge"