"","","Game","Watch time","Stream time","Peak viewers","Peak channels","Streamers","Average viewers","Average channels","Average viewer ratio",""
"Plasticity","12801","Plasticity","42300","6300","127","2","80","0","0","6.71","Plasticity"
"Hell Cab","12802","Hell Cab","42300","240","198","1","1","0","0","176.25","Hell Cab"
"Battle Pirates","12803","Battle Pirates","42300","43320","11","2","14","0","0","0.98","Battle Pirates"
"RPG Tsukuru MV","12804","RPG Tsukuru MV","42300","7800","245","2","23","0","0","5.42","RPG Tsukuru MV"
"SC2VN","12805","SC2VN","42300","7560","149","1","39","0","0","5.6","SC2VN"
"Shin Atelier Rorona: Hajimari no Monogatari The Alchemist of Arland","12806","Shin Atelier Rorona: Hajimari no Monogatari The Alchemist of Arland","42300","11580","12","2","5","0","0","3.65","Shin Atelier Rorona: Hajimari no Monogatari The Alchemist of Arland"
"Pixel Gear","12807","Pixel Gear","42300","1980","54","1","5","0","0","21.36","Pixel Gear"
"CalcioBit","12808","CalcioBit","42240","2100","123","1","11","0","0","20.11","CalcioBit"
"Super Destronaut DX","12809","Super Destronaut DX","42240","3600","304","1","36","0","0","11.73","Super Destronaut DX"
"Zombie Driver","12810","Zombie Driver","42240","9840","88","3","71","0","0","4.29","Zombie Driver"
"Bit Blaster XL","12811","Bit Blaster XL","42180","5100","515","2","64","0","0","8.27","Bit Blaster XL"
"Dragon Seeds","12812","Dragon Seeds","42180","2700","329","1","12","0","0","15.62","Dragon Seeds"
"Moonshot","12813","Moonshot","42180","60","703","1","1","0","0","703","Moonshot"
"1979 Revolution","12814","1979 Revolution","42120","6240","92","1","37","0","0","6.75","1979 Revolution"
"Assassin's Creed: Rebellion","12815","Assassin's Creed: Rebellion","42120","9960","137","2","48","0","0","4.23","Assassin's Creed: Rebellion"
"MX vs. ATV Supercross Encore","12816","MX vs. ATV Supercross Encore","42120","122640","9","3","369","0","0","0.34","MX vs. ATV Supercross Encore"
"Enemy Front","12817","Enemy Front","42120","23280","20","2","83","0","0","1.81","Enemy Front"
"Wildlife Park","12818","Wildlife Park","42060","6240","43","1","23","0","0","6.74","Wildlife Park"
"Kill to Collect","12819","Kill to Collect","42060","8040","169","2","37","0","0","5.23","Kill to Collect"
"OGame","12820","OGame","42060","9180","156","2","45","0","0","4.58","OGame"
"I Wanna Be the Co-Op","12821","I Wanna Be the Co-Op","42000","15540","284","2","54","0","0","2.7","I Wanna Be the Co-Op"
"Urban Trial Playground","12822","Urban Trial Playground","42000","6360","81","3","45","0","0","6.6","Urban Trial Playground"
"The Simpsons: Bartman Meets Radioactive Man","12823","The Simpsons: Bartman Meets Radioactive Man","42000","540","688","2","6","0","0","77.78","The Simpsons: Bartman Meets Radioactive Man"
"WWE WrestleMania XIX","12824","WWE WrestleMania XIX","42000","4380","131","2","29","0","0","9.59","WWE WrestleMania XIX"
"Guilty Gear 2: Overture","12825","Guilty Gear 2: Overture","42000","11820","18","2","39","0","0","3.55","Guilty Gear 2: Overture"
"Buzz! Quiz World","12826","Buzz! Quiz World","42000","840","185","1","3","0","0","50","Buzz! Quiz World"
"In Cold Blood","12827","In Cold Blood","42000","900","87","1","3","0","0","46.67","In Cold Blood"
"Muscles And Bullets","12828","Muscles And Bullets","41940","360","357","1","4","0","0","116.5","Muscles And Bullets"
"Twice Go! Go! Fightin'","12829","Twice Go! Go! Fightin'","41940","7740","17","1","4","0","0","5.42","Twice Go! Go! Fightin'"
"Star Wars: Racer Revenge","12830","Star Wars: Racer Revenge","41940","7740","85","3","120","0","0","5.42","Star Wars: Racer Revenge"
"Dragon Ball Z: Legendary Super Warriors","12831","Dragon Ball Z: Legendary Super Warriors","41940","10980","71","2","24","0","0","3.82","Dragon Ball Z: Legendary Super Warriors"
"Niji no Silkroad","12832","Niji no Silkroad","41940","780","750","1","1","0","0","53.77","Niji no Silkroad"
"KoGaMa","12833","KoGaMa","41940","22500","225","3","81","0","0","1.86","KoGaMa"
"Evidence of Life","12834","Evidence of Life","41880","7620","32","3","8","0","0","5.5","Evidence of Life"
"Death Carnival","12835","Death Carnival","41880","4680","191","1","10","0","0","8.95","Death Carnival"
"NBA Ballers: Phenom","12836","NBA Ballers: Phenom","41880","2580","126","1","7","0","0","16.23","NBA Ballers: Phenom"
"Dance With Memes","12837","Dance With Memes","41880","15720","249","1","32","0","0","2.66","Dance With Memes"
"Chaos Reborn","12838","Chaos Reborn","41880","7800","52","2","28","0","0","5.37","Chaos Reborn"
"Ace Combat X: Skies of Deception","12839","Ace Combat X: Skies of Deception","41880","10140","23","2","29","0","0","4.13","Ace Combat X: Skies of Deception"
"American Pro Football","12840","American Pro Football","41820","7800","1130","2","6","0","0","5.36","American Pro Football"
"Heroes Chronicles: Warlords of the Wastelands","12841","Heroes Chronicles: Warlords of the Wastelands","41820","3000","74","2","7","0","0","13.94","Heroes Chronicles: Warlords of the Wastelands"
"Shalom: Knightmare III","12842","Shalom: Knightmare III","41820","180","356","1","1","0","0","232.33","Shalom: Knightmare III"
"99Vidas","12843","99Vidas","41820","19980","42","2","107","0","0","2.09","99Vidas"
"A King's Tale: Final Fantasy XV","12844","A King's Tale: Final Fantasy XV","41820","34440","16","2","223","0","0","1.21","A King's Tale: Final Fantasy XV"
"Polyball","12845","Polyball","41760","5280","131","2","12","0","0","7.91","Polyball"
"Rolisteam","12846","Rolisteam","41760","15720","177","2","6","0","0","2.66","Rolisteam"
"VA-11 HALL-A Prologue","12847","VA-11 HALL-A Prologue","41760","7140","75","1","37","0","0","5.85","VA-11 HALL-A Prologue"
"Choplifter III","12848","Choplifter III","41760","1800","361","1","5","0","0","23.2","Choplifter III"
"Aero Fighters","12849","Aero Fighters","41760","5100","391","3","35","0","0","8.19","Aero Fighters"
"Anniversary Edition","12850","Anniversary Edition","41700","1260","77","1","7","0","0","33.1","Anniversary Edition"
"Elden Ring","12851","Elden Ring","41700","1620","196","1","6","0","0","25.74","Elden Ring"
"Tactics Ogre: The Knight of Lodis","12852","Tactics Ogre: The Knight of Lodis","41700","8220","28","2","17","0","0","5.07","Tactics Ogre: The Knight of Lodis"
"Toaru Majutsu no Index","12853","Toaru Majutsu no Index","41700","2700","227","1","21","0","0","15.44","Toaru Majutsu no Index"
"Retro/Grade","12854","Retro/Grade","41700","4440","243","2","17","0","0","9.39","Retro/Grade"
"Soldier Front 2","12855","Soldier Front 2","41700","31560","47","2","125","0","0","1.32","Soldier Front 2"
"Spelunker","12856","Spelunker","41700","10260","63","2","31","0","0","4.06","Spelunker"
"Sam & Max: The Devil's Playhouse","12857","Sam & Max: The Devil's Playhouse","41700","12840","18","2","21","0","0","3.25","Sam & Max: The Devil's Playhouse"
"Linda³ Again","12858","Linda³ Again","41700","600","123","1","2","0","0","69.5","Linda³ Again"
"Dredgers","12859","Dredgers","41640","4320","46","2","17","0","0","9.64","Dredgers"
"Ikari Warriors II: Victory Road","12860","Ikari Warriors II: Victory Road","41640","180","692","1","3","0","0","231.33","Ikari Warriors II: Victory Road"
"Crossbow","12861","Crossbow","41640","240","370","2","3","0","0","173.5","Crossbow"
"Metal Gear Ac!d 2","12862","Metal Gear Ac!d 2","41640","8640","56","1","13","0","0","4.82","Metal Gear Ac!d 2"
"Decisive Campaigns: Barbarossa","12863","Decisive Campaigns: Barbarossa","41640","2760","92","1","6","0","0","15.09","Decisive Campaigns: Barbarossa"
"Sphere This!","12864","Sphere This!","41640","16560","16","1","1","0","0","2.51","Sphere This!"
"Revulsion","12865","Revulsion","41580","15180","120","2","21","0","0","2.74","Revulsion"
"OutDrive","12866","OutDrive","41580","12720","68","2","99","0","0","3.27","OutDrive"
"Next Up Hero","12867","Next Up Hero","41580","16620","279","2","111","0","0","2.5","Next Up Hero"
"Syd of Valis","12868","Syd of Valis","41580","540","271","1","4","0","0","77","Syd of Valis"
"Call of Cthulhu: Shadow of the Comet","12869","Call of Cthulhu: Shadow of the Comet","41580","5520","36","2","15","0","0","7.53","Call of Cthulhu: Shadow of the Comet"
"Fossil Fighters","12870","Fossil Fighters","41580","9420","192","2","32","0","0","4.41","Fossil Fighters"
"Civilian Justice League 2","12871","Civilian Justice League 2","41520","60","1058","1","1","0","0","692","Civilian Justice League 2"
"Virtual Reality Studio 2.0","12872","Virtual Reality Studio 2.0","41520","2580","51","1","7","0","0","16.09","Virtual Reality Studio 2.0"
"Super Dodge Ball","12873","Super Dodge Ball","41520","10620","62","1","64","0","0","3.91","Super Dodge Ball"
"Darkest of Days","12874","Darkest of Days","41520","5100","46","1","21","0","0","8.14","Darkest of Days"
"BH Trials","12875","BH Trials","41460","960","241","1","4","0","0","43.19","BH Trials"
"Telefrag VR","12876","Telefrag VR","41460","1380","498","2","18","0","0","30.04","Telefrag VR"
"The Legend of Spyro: Dawn of the Dragon","12877","The Legend of Spyro: Dawn of the Dragon","41460","16620","50","2","39","0","0","2.49","The Legend of Spyro: Dawn of the Dragon"
"Warhawk","12878","Warhawk","41460","2940","188","2","13","0","0","14.1","Warhawk"
"WarGames","12879","WarGames","41460","19920","84","2","28","0","0","2.08","WarGames"
"Infinite Space","12880","Infinite Space","41460","6420","68","2","10","0","0","6.46","Infinite Space"
"Shadowhand","12881","Shadowhand","41460","7200","97","1","23","0","0","5.76","Shadowhand"
"PornFactory","12882","PornFactory","41400","14100","72","2","48","0","0","2.94","PornFactory"
"Achtung! Cthulhu Tactics","12883","Achtung! Cthulhu Tactics","41400","3660","125","1","21","0","0","11.31","Achtung! Cthulhu Tactics"
"Slime-san","12884","Slime-san","41400","14220","31","2","68","0","0","2.91","Slime-san"
"Bandai Golf: Challenge Pebble Beach","12885","Bandai Golf: Challenge Pebble Beach","41400","600","349","1","3","0","0","69","Bandai Golf: Challenge Pebble Beach"
"Toki Tori","12886","Toki Tori","41340","7020","56","2","30","0","0","5.89","Toki Tori"
"Green Elephant 2D","12887","Green Elephant 2D","41340","420","366","1","3","0","0","98.43","Green Elephant 2D"
"PRICE","12888","PRICE","41340","11340","59","2","72","0","0","3.65","PRICE"
"Archeo: Shinar","12889","Archeo: Shinar","41280","2580","168","2","18","0","0","16","Archeo: Shinar"
"Thunder Chase","12890","Thunder Chase","41280","240","244","1","1","0","0","172","Thunder Chase"
"Yakuman DS","12891","Yakuman DS","41280","360","562","1","2","0","0","114.67","Yakuman DS"
"Soul Sacrifice Delta","12892","Soul Sacrifice Delta","41280","5220","87","2","19","0","0","7.91","Soul Sacrifice Delta"
"Symphony","12893","Symphony","41280","10920","48","1","50","0","0","3.78","Symphony"
"Shinobido: Way of the Ninja","12894","Shinobido: Way of the Ninja","41280","16440","14","2","23","0","0","2.51","Shinobido: Way of the Ninja"
"Vigilante 8","12895","Vigilante 8","41280","6720","146","1","29","0","0","6.14","Vigilante 8"
"EXO Squad","12896","EXO Squad","41280","120","357","1","1","0","0","344","EXO Squad"
"Assassin's Creed Chronicles: India","12897","Assassin's Creed Chronicles: India","41280","23520","25","2","94","0","0","1.76","Assassin's Creed Chronicles: India"
"Warcraft Adventures: Lord of the Clans","12898","Warcraft Adventures: Lord of the Clans","41220","4020","190","1","16","0","0","10.25","Warcraft Adventures: Lord of the Clans"
"X-Plane 10","12899","X-Plane 10","41220","25020","32","2","54","0","0","1.65","X-Plane 10"
"Flight Sim World","12900","Flight Sim World","41220","18840","186","2","46","0","0","2.19","Flight Sim World"