"","","Game","Watch time","Stream time","Peak viewers","Peak channels","Streamers","Average viewers","Average channels","Average viewer ratio",""
"I/O","13101","I/O","39060","8820","10","1","3","0","0","4.43","I/O"
"Dalek Attack","13102","Dalek Attack","39060","420","291","2","2","0","0","93","Dalek Attack"
"The Hitchhiker's Guide to the Galaxy","13103","The Hitchhiker's Guide to the Galaxy","39060","2100","152","1","11","0","0","18.6","The Hitchhiker's Guide to the Galaxy"
"Castle","13104","Castle","39060","139980","13","2","6","0","0","0.28","Castle"
"Wars and Warriors: Joan of Arc","13105","Wars and Warriors: Joan of Arc","39000","3660","145","1","14","0","0","10.66","Wars and Warriors: Joan of Arc"
"Flamebreak","13106","Flamebreak","39000","3060","87","2","17","0","0","12.75","Flamebreak"
"Microsoft Train Simulator","13107","Microsoft Train Simulator","39000","25320","38","2","45","0","0","1.54","Microsoft Train Simulator"
"The Executioner","13108","The Executioner","39000","9780","467","4","46","0","0","3.99","The Executioner"
"Train Simulator Plus: Kyoto City Subway Karasuma Line and Kintetsu Kyoto Line","13109","Train Simulator Plus: Kyoto City Subway Karasuma Line and Kintetsu Kyoto Line","39000","960","407","1","4","0","0","40.63","Train Simulator Plus: Kyoto City Subway Karasuma Line and Kintetsu Kyoto Line"
"Puchiguru Love Live!","13110","Puchiguru Love Live!","39000","1920","76","1","5","0","0","20.31","Puchiguru Love Live!"
"Bangkok Knights","13111","Bangkok Knights","39000","180","483","1","1","0","0","216.67","Bangkok Knights"
"Operation Apex","13112","Operation Apex","38940","3780","141","1","19","0","0","10.3","Operation Apex"
"Shikhondo: Soul Eater","13113","Shikhondo: Soul Eater","38940","10740","204","2","74","0","0","3.63","Shikhondo: Soul Eater"
"Demon","13114","Demon","38940","10980","28","1","12","0","0","3.55","Demon"
"Umineko no Naku Koro ni Episode 4 Alliance of the Golden Witch","13115","Umineko no Naku Koro ni Episode 4 Alliance of the Golden Witch","38940","4860","24","1","7","0","0","8.01","Umineko no Naku Koro ni Episode 4 Alliance of the Golden Witch"
"Yume Penguin Monogatari","13116","Yume Penguin Monogatari","38940","4020","347","3","20","0","0","9.69","Yume Penguin Monogatari"
"Megami no Etsubo","13117","Megami no Etsubo","38940","1500","596","2","1","0","0","25.96","Megami no Etsubo"
"Chou Jigen Taisen Neptune vs. Sega Hard Girls: Yume no Gattai Special (Working Title)","13118","Chou Jigen Taisen Neptune vs. Sega Hard Girls: Yume no Gattai Special (Working Title)","38880","14220","19","1","3","0","0","2.73","Chou Jigen Taisen Neptune vs. Sega Hard Girls: Yume no Gattai Special (Working Title)"
"The Legend of Zelda: Collector's Edition","13119","The Legend of Zelda: Collector's Edition","38880","12120","18","2","27","0","0","3.21","The Legend of Zelda: Collector's Edition"
"The Baconing","13120","The Baconing","38880","1020","328","1","4","0","0","38.12","The Baconing"
"Codingame.com","13121","Codingame.com","38880","13380","35","2","55","0","0","2.91","Codingame.com"
"Big City Stories","13122","Big City Stories","38880","46440","10","3","354","0","0","0.84","Big City Stories"
"Seers Isle","13123","Seers Isle","38880","3240","104","1","14","0","0","12","Seers Isle"
"Neo XYX","13124","Neo XYX","38820","11340","16","1","4","0","0","3.42","Neo XYX"
"NHL 15","13125","NHL 15","38820","7080","78","3","88","0","0","5.48","NHL 15"
"Mystic Ark","13126","Mystic Ark","38820","8160","68","1","7","0","0","4.76","Mystic Ark"
"Spider","13127","Spider","38820","8280","189","2","31","0","0","4.69","Spider"
"Wimmelbild-Box Mystery","13128","Wimmelbild-Box Mystery","38760","13560","21","2","21","0","0","2.86","Wimmelbild-Box Mystery"
"Billy the Wizard: Rocket Broomstick Racing","13129","Billy the Wizard: Rocket Broomstick Racing","38760","1080","350","5","8","0","0","35.89","Billy the Wizard: Rocket Broomstick Racing"
"Esper Boukentai","13130","Esper Boukentai","38760","600","121","1","2","0","0","64.6","Esper Boukentai"
"Geneforge","13131","Geneforge","38760","12180","13","2","19","0","0","3.18","Geneforge"
"Vampire Rain: Altered Species","13132","Vampire Rain: Altered Species","38760","780","165","1","5","0","0","49.69","Vampire Rain: Altered Species"
"Super Tennis Blast","13133","Super Tennis Blast","38760","4620","179","1","29","0","0","8.39","Super Tennis Blast"
"Science Fiction Classics","13134","Science Fiction Classics","38700","2520","80","1","8","0","0","15.36","Science Fiction Classics"
"Crusader: No Regret","13135","Crusader: No Regret","38700","4200","144","1","7","0","0","9.21","Crusader: No Regret"
"Donald Land","13136","Donald Land","38700","1380","171","1","5","0","0","28.04","Donald Land"
"Scarlett Mysteries: Cursed Child","13137","Scarlett Mysteries: Cursed Child","38640","4380","120","2","14","0","0","8.82","Scarlett Mysteries: Cursed Child"
"Nightmares from the Deep 2: The Siren`s Call","13138","Nightmares from the Deep 2: The Siren`s Call","38640","10440","35","2","37","0","0","3.7","Nightmares from the Deep 2: The Siren`s Call"
"Evil Genome","13139","Evil Genome","38580","1260","54","1","3","0","0","30.62","Evil Genome"
"The War of Genesis II","13140","The War of Genesis II","38580","14760","15","1","5","0","0","2.61","The War of Genesis II"
"Bots","13141","Bots","38580","138960","69","3","44","0","0","0.28","Bots"
"Along the Edge","13142","Along the Edge","38580","3000","348","1","9","0","0","12.86","Along the Edge"
"Animal Crossing: New Horizons","13143","Animal Crossing: New Horizons","38580","1140","335","2","7","0","0","33.84","Animal Crossing: New Horizons"
"Attack of the Gigant Zombie vs Unity chan","13144","Attack of the Gigant Zombie vs Unity chan","38580","540","168","1","2","0","0","71.44","Attack of the Gigant Zombie vs Unity chan"
"Déraciné","13145","Déraciné","38520","7920","58","2","94","0","0","4.86","Déraciné"
"Grim Soul: Dark Fantasy Survival","13146","Grim Soul: Dark Fantasy Survival","38520","19020","31","2","40","0","0","2.03","Grim Soul: Dark Fantasy Survival"
"The Witcher: Rise of the White Wolf","13147","The Witcher: Rise of the White Wolf","38520","19320","46","2","33","0","0","1.99","The Witcher: Rise of the White Wolf"
"Little Fighter 2","13148","Little Fighter 2","38520","10740","35","2","77","0","0","3.59","Little Fighter 2"
"Puzzle Quest 2","13149","Puzzle Quest 2","38460","4320","137","1","8","0","0","8.9","Puzzle Quest 2"
"Dungeon Travelers 2: The Royal Library & The Monster Seal","13150","Dungeon Travelers 2: The Royal Library & The Monster Seal","38460","4980","44","1","7","0","0","7.72","Dungeon Travelers 2: The Royal Library & The Monster Seal"
"Haven: Call of the King","13151","Haven: Call of the King","38460","4200","174","1","8","0","0","9.16","Haven: Call of the King"
"Wetrix","13152","Wetrix","38400","7860","296","1","13","0","0","4.89","Wetrix"
"Ecchi Sketch: Draw Cute Girls Every Day!","13153","Ecchi Sketch: Draw Cute Girls Every Day!","38400","18120","8","1","4","0","0","2.12","Ecchi Sketch: Draw Cute Girls Every Day!"
"Lumina","13154","Lumina","38400","4200","79","2","13","0","0","9.14","Lumina"
"Ghost Mania","13155","Ghost Mania","38340","1200","103","1","4","0","0","31.95","Ghost Mania"
"25 to Life","13156","25 to Life","38340","5040","248","1","26","0","0","7.61","25 to Life"
"The Sims 3: University Life","13157","The Sims 3: University Life","38340","18540","60","2","62","0","0","2.07","The Sims 3: University Life"
"The Legend of Kyrandia: Hand of Fate","13158","The Legend of Kyrandia: Hand of Fate","38340","9360","96","2","35","0","0","4.1","The Legend of Kyrandia: Hand of Fate"
"Gargoyle's Quest","13159","Gargoyle's Quest","38340","8100","133","2","22","0","0","4.73","Gargoyle's Quest"
"Thunder Force V: Perfect System","13160","Thunder Force V: Perfect System","38340","1560","80","1","6","0","0","24.58","Thunder Force V: Perfect System"
"Selfie Games: A TV Party Game","13161","Selfie Games: A TV Party Game","38340","600","346","1","5","0","0","63.9","Selfie Games: A TV Party Game"
"Turok: Evolution","13162","Turok: Evolution","38280","17220","26","2","51","0","0","2.22","Turok: Evolution"
"World Neverland: Daily Life in the Elnea Kingdom","13163","World Neverland: Daily Life in the Elnea Kingdom","38280","5820","43","1","7","0","0","6.58","World Neverland: Daily Life in the Elnea Kingdom"
"Arcus","13164","Arcus","38220","120","390","1","1","0","0","318.5","Arcus"
"Europa Universalis III: Divine Wind","13165","Europa Universalis III: Divine Wind","38220","7260","88","1","10","0","0","5.26","Europa Universalis III: Divine Wind"
"Tweety and the Magic Gems","13166","Tweety and the Magic Gems","38220","240","330","1","2","0","0","159.25","Tweety and the Magic Gems"
"Appointment with F.E.A.R.","13167","Appointment with F.E.A.R.","38220","120","386","1","1","0","0","318.5","Appointment with F.E.A.R."
"Test Drive: Eve of Destruction","13168","Test Drive: Eve of Destruction","38160","6420","39","2","34","0","0","5.94","Test Drive: Eve of Destruction"
"Party Mix","13169","Party Mix","38160","15000","48","3","24","0","0","2.54","Party Mix"
"The Powder Toy","13170","The Powder Toy","38160","6000","120","1","34","0","0","6.36","The Powder Toy"
"Gleaner Heights","13171","Gleaner Heights","38160","14040","33","3","44","0","0","2.72","Gleaner Heights"
"Loria","13172","Loria","38160","5820","82","1","20","0","0","6.56","Loria"
"The Descendant","13173","The Descendant","38100","10140","19","2","35","0","0","3.76","The Descendant"
"Anyland","13174","Anyland","38100","9120","45","2","24","0","0","4.18","Anyland"
"Arcana Heart 3: LOVE MAX!!!!!","13175","Arcana Heart 3: LOVE MAX!!!!!","38100","9720","47","2","58","0","0","3.92","Arcana Heart 3: LOVE MAX!!!!!"
"Firebugs","13176","Firebugs","38100","120","634","1","1","0","0","317.5","Firebugs"
"MXrider","13177","MXrider","38100","2040","592","1","3","0","0","18.68","MXrider"
"Galcon","13178","Galcon","38100","349740","6","2","7","0","0","0.11","Galcon"
"Eastside Hockey Manager","13179","Eastside Hockey Manager","38040","10260","19","2","34","0","0","3.71","Eastside Hockey Manager"
"Stealth Inc. 2: A Game of Clones","13180","Stealth Inc. 2: A Game of Clones","38040","12120","32","3","83","0","0","3.14","Stealth Inc. 2: A Game of Clones"
"Sinistron","13181","Sinistron","38040","240","492","1","1","0","0","158.5","Sinistron"
"Showdown","13182","Showdown","38040","12000","44","3","81","0","0","3.17","Showdown"
"Weapon Shop Fantasy","13183","Weapon Shop Fantasy","37980","7500","171","2","25","0","0","5.06","Weapon Shop Fantasy"
"IL-2 Sturmovik: Cliffs of Dover","13184","IL-2 Sturmovik: Cliffs of Dover","37980","15600","19","5","34","0","0","2.43","IL-2 Sturmovik: Cliffs of Dover"
"Bonk's Adventure","13185","Bonk's Adventure","37920","13740","32","2","41","0","0","2.76","Bonk's Adventure"
"Red Comrades 2: For the Great Justice - Reloaded","13186","Red Comrades 2: For the Great Justice - Reloaded","37920","6900","147","2","21","0","0","5.5","Red Comrades 2: For the Great Justice - Reloaded"
"Mstar Online","13187","Mstar Online","37860","16620","26","2","52","0","0","2.28","Mstar Online"
"Sid Meier's Pirates!: Live the Life","13188","Sid Meier's Pirates!: Live the Life","37860","14160","22","2","58","0","0","2.67","Sid Meier's Pirates!: Live the Life"
"Armies of Armageddon: WDK-2K","13189","Armies of Armageddon: WDK-2K","37860","1680","362","1","3","0","0","22.54","Armies of Armageddon: WDK-2K"
"Call of Duty: Modern Warfare: Mobilized","13190","Call of Duty: Modern Warfare: Mobilized","37800","16140","152","2","43","0","0","2.34","Call of Duty: Modern Warfare: Mobilized"
"Sub-Terrania","13191","Sub-Terrania","37800","2820","67","2","10","0","0","13.4","Sub-Terrania"
"Tom and Jerry: The Movie","13192","Tom and Jerry: The Movie","37800","480","378","3","5","0","0","78.75","Tom and Jerry: The Movie"
"Turtle Rush","13193","Turtle Rush","37800","60","630","1","1","0","0","630","Turtle Rush"
"Progear","13194","Progear","37740","4620","24","1","8","0","0","8.17","Progear"
"Tales of Monkey Island Chapter 1: Launch of the Screaming Narwhal","13195","Tales of Monkey Island Chapter 1: Launch of the Screaming Narwhal","37740","7680","33","2","38","0","0","4.91","Tales of Monkey Island Chapter 1: Launch of the Screaming Narwhal"
"Star Wars: X-Wing Vs. TIE Fighter - Balance of Power Campaigns","13196","Star Wars: X-Wing Vs. TIE Fighter - Balance of Power Campaigns","37740","3900","93","2","12","0","0","9.68","Star Wars: X-Wing Vs. TIE Fighter - Balance of Power Campaigns"
"Queen's Quest 2: Stories of Forgotten Past","13197","Queen's Quest 2: Stories of Forgotten Past","37740","4260","76","2","17","0","0","8.86","Queen's Quest 2: Stories of Forgotten Past"
"Moments Out of Time","13198","Moments Out of Time","37740","120","556","1","1","0","0","314.5","Moments Out of Time"
"Day:40","13199","Day:40","37740","2820","117","2","21","0","0","13.38","Day:40"
"Infected Shelter","13200","Infected Shelter","37740","2040","214","1","16","0","0","18.5","Infected Shelter"