"","","Game","Watch time","Stream time","Peak viewers","Peak channels","Streamers","Average viewers","Average channels","Average viewer ratio",""
"Black Mirror II: Reigning Evil","7301","Black Mirror II: Reigning Evil","271020","38460","72","3","40","0","0","7.05","Black Mirror II: Reigning Evil"
"Ostriv","7302","Ostriv","270720","44160","561","5","109","0","0","6.13","Ostriv"
"Caravan","7303","Caravan","270660","37500","581","3","46","0","0","7.22","Caravan"
"Scribble It!","7304","Scribble It!","270540","13860","3424","4","136","0","0","19.52","Scribble It!"
"Colin McRae Rally 2.0","7305","Colin McRae Rally 2.0","270540","22860","1590","3","65","0","0","11.83","Colin McRae Rally 2.0"
"Amnesia: Memories","7306","Amnesia: Memories","270540","57780","68","3","158","0","0","4.68","Amnesia: Memories"
"Ultimate Ghosts 'N' Goblins","7307","Ultimate Ghosts 'N' Goblins","270540","8580","205","2","19","0","0","31.53","Ultimate Ghosts 'N' Goblins"
"Jack In the Box","7308","Jack In the Box","270360","38580","216","4","251","0","0","7.01","Jack In the Box"
"Beyond Oasis","7309","Beyond Oasis","270360","22080","500","2","69","0","0","12.24","Beyond Oasis"
"Don Bluth Presents Dragon's Lair 20th Anniversary Special Edition","7310","Don Bluth Presents Dragon's Lair 20th Anniversary Special Edition","270360","120","4519","1","2","0","0","2253","Don Bluth Presents Dragon's Lair 20th Anniversary Special Edition"
"Super Mecha Champions","7311","Super Mecha Champions","270120","172380","89","7","430","0","0","1.57","Super Mecha Champions"
"Red Zone","7312","Red Zone","269880","900","2207","1","5","0","0","299.87","Red Zone"
"Audioshield","7313","Audioshield","269760","20520","1243","2","64","0","0","13.15","Audioshield"
"Taiko no Tatsujin: Tatacon de Dodon ga Don","7314","Taiko no Tatsujin: Tatacon de Dodon ga Don","269700","6540","2171","2","49","0","0","41.24","Taiko no Tatsujin: Tatacon de Dodon ga Don"
"Front Mission 3","7315","Front Mission 3","269700","76380","53","3","94","0","0","3.53","Front Mission 3"
"Automata Empire","7316","Automata Empire","269460","10560","5338","17","33","0","0","25.52","Automata Empire"
"Technobabylon","7317","Technobabylon","269460","33240","189","2","58","0","0","8.11","Technobabylon"
"Nightmares From The Deep: The Cursed Heart","7318","Nightmares From The Deep: The Cursed Heart","269400","24540","342","2","86","0","0","10.98","Nightmares From The Deep: The Cursed Heart"
"Box Out!","7319","Box Out!","269280","420","2482","1","2","0","0","641.14","Box Out!"
"Townsmen","7320","Townsmen","269100","16200","496","4","79","0","0","16.61","Townsmen"
"Reus","7321","Reus","268980","28860","978","4","176","0","0","9.32","Reus"
"Arabian Nights","7322","Arabian Nights","268800","2160","1805","1","11","0","0","124.44","Arabian Nights"
"Daffy Duck in Hollywood","7323","Daffy Duck in Hollywood","268800","900","2534","1","6","0","0","298.67","Daffy Duck in Hollywood"
"Halo: Combat Evolved Anniversary","7324","Halo: Combat Evolved Anniversary","268740","87720","156","3","328","0","0","3.06","Halo: Combat Evolved Anniversary"
"Coffee Talk","7325","Coffee Talk","268620","31080","2430","2","172","0","0","8.64","Coffee Talk"
"Candleman","7326","Candleman","268560","29100","121","3","105","0","0","9.23","Candleman"
"Wheelman","7327","Wheelman","268500","5460","1422","1","27","0","0","49.18","Wheelman"
"Romance of the Three Kingdoms","7328","Romance of the Three Kingdoms","268200","51240","3170","3","20","0","0","5.23","Romance of the Three Kingdoms"
"Nigel Mansell's World Championship","7329","Nigel Mansell's World Championship","268080","1140","352","1","3","0","0","235.16","Nigel Mansell's World Championship"
"Epic Card Game","7330","Epic Card Game","267900","4080","2107","2","8","0","0","65.66","Epic Card Game"
"Krosmaga","7331","Krosmaga","267900","94260","57","4","234","0","0","2.84","Krosmaga"
"Save Your Nuts","7332","Save Your Nuts","267900","3900","5784","4","24","0","0","68.69","Save Your Nuts"
"Rage Wars","7333","Rage Wars","267600","180","1618","1","1","0","0","1486.67","Rage Wars"
"Alien Storm","7334","Alien Storm","267600","2880","4388","1","18","0","0","92.92","Alien Storm"
"Call of Juarez: Bound in Blood","7335","Call of Juarez: Bound in Blood","267360","38520","135","2","123","0","0","6.94","Call of Juarez: Bound in Blood"
"Spider-Man: The Movie","7336","Spider-Man: The Movie","267120","39600","379","2","95","0","0","6.75","Spider-Man: The Movie"
"Bio Force Ape","7337","Bio Force Ape","266940","1140","2298","1","5","0","0","234.16","Bio Force Ape"
"Desert Nightmare","7338","Desert Nightmare","266820","2280","930","1","7","0","0","117.03","Desert Nightmare"
"Heart's Medicine: Time to Heal","7339","Heart's Medicine: Time to Heal","266760","13560","707","2","40","0","0","19.67","Heart's Medicine: Time to Heal"
"The Persistence","7340","The Persistence","266400","40620","1119","4","161","0","0","6.56","The Persistence"
"Barbie & Her Sisters: Puppy Rescue","7341","Barbie & Her Sisters: Puppy Rescue","266040","18120","1112","2","86","0","0","14.68","Barbie & Her Sisters: Puppy Rescue"
"Spooky Cats","7342","Spooky Cats","265980","16440","1548","2","24","0","0","16.18","Spooky Cats"
"Soviet","7343","Soviet","265800","1140","1784","2","9","0","0","233.16","Soviet"
"Checkers","7344","Checkers","265740","11760","2383","2","76","0","0","22.6","Checkers"
"Naruto Shippuden: Ultimate Ninja Storm Collection","7345","Naruto Shippuden: Ultimate Ninja Storm Collection","265140","43260","285","4","1388","0","0","6.13","Naruto Shippuden: Ultimate Ninja Storm Collection"
"Disney Castle of Illusion Starring Mickey Mouse","7346","Disney Castle of Illusion Starring Mickey Mouse","265080","7500","2271","2","43","0","0","35.34","Disney Castle of Illusion Starring Mickey Mouse"
"Lone Survivor","7347","Lone Survivor","264780","36420","238","3","200","0","0","7.27","Lone Survivor"
"Lichdom: Battlemage","7348","Lichdom: Battlemage","264720","52980","550","3","194","0","0","5","Lichdom: Battlemage"
"Edge of Nowhere","7349","Edge of Nowhere","264660","7860","735","1","31","0","0","33.67","Edge of Nowhere"
"Granado Espada","7350","Granado Espada","264660","100920","73","3","76","0","0","2.62","Granado Espada"
"FIFA Soccer 07","7351","FIFA Soccer 07","264540","7260","684","2","38","0","0","36.44","FIFA Soccer 07"
"Sonic Drift","7352","Sonic Drift","264480","27300","517","2","51","0","0","9.69","Sonic Drift"
"Touhou: Genso Wanderer","7353","Touhou: Genso Wanderer","264480","88800","163","4","146","0","0","2.98","Touhou: Genso Wanderer"
"Armored Battle Crew","7354","Armored Battle Crew","264420","9660","1113","3","50","0","0","27.37","Armored Battle Crew"
"Kalaban","7355","Kalaban","264360","1200","4558","1","8","0","0","220.3","Kalaban"
"High School Musical","7356","High School Musical","264180","6600","880","1","10","0","0","40.03","High School Musical"
"Sportsfriends","7357","Sportsfriends","264000","6600","963","2","38","0","0","40","Sportsfriends"
"Hasbro Game Night","7358","Hasbro Game Night","263880","1620","919","3","7","0","0","162.89","Hasbro Game Night"
"Waltz of the Wizard","7359","Waltz of the Wizard","263640","15060","742","2","117","0","0","17.51","Waltz of the Wizard"
"AeternoBlade II","7360","AeternoBlade II","263280","12720","405","4","45","0","0","20.7","AeternoBlade II"
"Growlanser II: The Sense of Justice","7361","Growlanser II: The Sense of Justice","263280","4320","993","1","11","0","0","60.94","Growlanser II: The Sense of Justice"
"Commandos 2: Men of Courage","7362","Commandos 2: Men of Courage","263220","42960","231","2","105","0","0","6.13","Commandos 2: Men of Courage"
"Myst III: Exile","7363","Myst III: Exile","263220","48180","236","3","101","0","0","5.46","Myst III: Exile"
"Grand Prix","7364","Grand Prix","263220","7500","833","1","6","0","0","35.1","Grand Prix"
"Tetsuwan Atom","7365","Tetsuwan Atom","262800","480","4448","1","3","0","0","547.5","Tetsuwan Atom"
"Quest for Glory III: Wages of War","7366","Quest for Glory III: Wages of War","262740","9120","1599","1","23","0","0","28.81","Quest for Glory III: Wages of War"
"Hektor","7367","Hektor","262680","17880","547","2","116","0","0","14.69","Hektor"
"Puzzle Quest: Challenge of the Warlords","7368","Puzzle Quest: Challenge of the Warlords","262680","20220","239","2","56","0","0","12.99","Puzzle Quest: Challenge of the Warlords"
"Excitebike","7369","Excitebike","262680","10440","1667","2","73","0","0","25.16","Excitebike"
"Locked Fears","7370","Locked Fears","262680","2100","1639","1","11","0","0","125.09","Locked Fears"
"Dawn of Discovery","7371","Dawn of Discovery","262560","28020","87","2","96","0","0","9.37","Dawn of Discovery"
"Gold's Gym: Cardio Workout","7372","Gold's Gym: Cardio Workout","262500","780","4338","1","7","0","0","336.54","Gold's Gym: Cardio Workout"
"inFamous","7373","inFamous","262380","63540","214","4","140","0","0","4.13","inFamous"
"SOUND VOLTEX","7374","SOUND VOLTEX","262380","57180","168","2","167","0","0","4.59","SOUND VOLTEX"
"Happy Words","7375","Happy Words","262320","960","918","1","6","0","0","273.25","Happy Words"
"Mega Man X: Command Mission","7376","Mega Man X: Command Mission","262320","55440","130","3","104","0","0","4.73","Mega Man X: Command Mission"
"Bomberman Fantasy Race","7377","Bomberman Fantasy Race","262320","10020","1020","4","27","0","0","26.18","Bomberman Fantasy Race"
"FIFA Soccer 64","7378","FIFA Soccer 64","262320","3420","1100","1","11","0","0","76.7","FIFA Soccer 64"
"Shogi","7379","Shogi","262260","52200","399","3","64","0","0","5.02","Shogi"
"Answer Knot","7380","Answer Knot","262200","1500","2006","1","16","0","0","174.8","Answer Knot"
"Zapper: One Wicked Cricket!","7381","Zapper: One Wicked Cricket!","262200","4020","4076","1","18","0","0","65.22","Zapper: One Wicked Cricket!"
"Hook","7382","Hook","262080","24780","2372","2","101","0","0","10.58","Hook"
"Donkey Konga","7383","Donkey Konga","261840","8580","1014","1","62","0","0","30.52","Donkey Konga"
"Skies of Arcadia","7384","Skies of Arcadia","261780","66300","309","3","89","0","0","3.95","Skies of Arcadia"
"Azure Striker Gunvolt: Striker Pack","7385","Azure Striker Gunvolt: Striker Pack","261720","36060","138","2","91","0","0","7.26","Azure Striker Gunvolt: Striker Pack"
"Die Hard","7386","Die Hard","261660","3360","1464","1","15","0","0","77.88","Die Hard"
"Darkness Rises","7387","Darkness Rises","261480","161280","228","4","338","0","0","1.62","Darkness Rises"
"Cool Spot","7388","Cool Spot","261300","10680","1188","6","54","0","0","24.47","Cool Spot"
"War Brokers","7389","War Brokers","261060","70800","45","4","125","0","0","3.69","War Brokers"
"GunZ: The Duel","7390","GunZ: The Duel","261000","79680","148","4","221","0","0","3.28","GunZ: The Duel"
"Duck Dodgers","7391","Duck Dodgers","260940","12120","1395","2","21","0","0","21.53","Duck Dodgers"
"Jackie Chan Stuntmaster","7392","Jackie Chan Stuntmaster","260880","21780","1435","2","102","0","0","11.98","Jackie Chan Stuntmaster"
"Firefall","7393","Firefall","260820","25980","202","2","20","0","0","10.04","Firefall"
"Games&Girls","7394","Games&Girls","260820","69300","148","4","223","0","0","3.76","Games&Girls"
"A Dump in the Dark","7395","A Dump in the Dark","260820","6960","2522","1","45","0","0","37.47","A Dump in the Dark"
"Frogger","7396","Frogger","260760","26820","4544","3","80","0","0","9.72","Frogger"
"Broken Sword: The Sleeping Dragon","7397","Broken Sword: The Sleeping Dragon","260700","34500","201","2","61","0","0","7.56","Broken Sword: The Sleeping Dragon"
"Mega Man Anniversary Collection","7398","Mega Man Anniversary Collection","260700","24660","257","2","63","0","0","10.57","Mega Man Anniversary Collection"
"Final Fantasy Origins","7399","Final Fantasy Origins","260700","57900","114","3","84","0","0","4.5","Final Fantasy Origins"
"Uncharted: Golden Abyss","7400","Uncharted: Golden Abyss","260580","7140","497","1","18","0","0","36.5","Uncharted: Golden Abyss"