"","","Game","Watch time","Stream time","Peak viewers","Peak channels","Streamers","Average viewers","Average channels","Average viewer ratio",""
"Ultima Underworld: The Stygian Abyss","5401","Ultima Underworld: The Stygian Abyss","284340","7140","189","1","20","0","0","39.82","Ultima Underworld: The Stygian Abyss"
"Desert Strike: Return to the Gulf","5402","Desert Strike: Return to the Gulf","284220","7200","1285","1","26","0","0","39.48","Desert Strike: Return to the Gulf"
"8-Bit Armies","5403","8-Bit Armies","284100","42120","423","4","125","0","0","6.75","8-Bit Armies"
"Shadowhand","5404","Shadowhand","284100","4980","841","2","0","0","0","57.05","Shadowhand"
"Diep.io","5405","Diep.io","284040","148800","109","4","505","0","0","1.91","Diep.io"
"htoL#NiQ: The Firefly Diary","5406","htoL#NiQ: The Firefly Diary","284040","22860","412","2","65","0","0","12.43","htoL#NiQ: The Firefly Diary"
"Adventure","5407","Adventure","283980","32100","1872","2","83","0","0","8.85","Adventure"
"ode","5408","ode","283980","5160","1006","3","11","0","0","55.03","ode"
"Jurassic: The Hunted","5409","Jurassic: The Hunted","283920","420","2459","1","3","0","0","676","Jurassic: The Hunted"
"TouchFish","5410","TouchFish","283920","1565400","40","4","11","0","2","0.18","TouchFish"
"The Smurfs","5411","The Smurfs","283860","6960","1563","3","28","0","0","40.78","The Smurfs"
"Agatha Christie: The ABC Murders","5412","Agatha Christie: The ABC Murders","283860","73020","366","3","186","0","0","3.89","Agatha Christie: The ABC Murders"
"Drive","5413","Drive","283800","4080","2365","1","22","0","0","69.56","Drive"
"Hagane: The Final Conflict","5414","Hagane: The Final Conflict","283800","5820","2296","3","30","0","0","48.76","Hagane: The Final Conflict"
"Tv star","5415","Tv star","283500","17940","543","2","13","0","0","15.8","Tv star"
"Super Black Bass","5416","Super Black Bass","283440","2520","1705","1","6","0","0","112.48","Super Black Bass"
"Torchlight","5417","Torchlight","283380","98460","83","3","272","0","0","2.88","Torchlight"
"Tower! 3D Pro","5418","Tower! 3D Pro","283320","59100","316","3","102","0","0","4.79","Tower! 3D Pro"
"Open Bar","5419","Open Bar","283140","900","1691","1","3","0","0","314.6","Open Bar"
"Ashes of the Singularity","5420","Ashes of the Singularity","283020","89940","226","4","233","0","0","3.15","Ashes of the Singularity"
"Star Trek: Deep Space Nine - The Fallen","5421","Star Trek: Deep Space Nine - The Fallen","282900","5280","102","1","3","0","0","53.58","Star Trek: Deep Space Nine - The Fallen"
"Blood Will Tell: Tezuka Osamu's Dororo","5422","Blood Will Tell: Tezuka Osamu's Dororo","282840","15780","316","2","17","0","0","17.92","Blood Will Tell: Tezuka Osamu's Dororo"
"Doraemon: Nobita to Yousei no Kuni","5423","Doraemon: Nobita to Yousei no Kuni","282600","900","2720","1","3","0","0","314","Doraemon: Nobita to Yousei no Kuni"
"Capriders: Euro Soccer","5424","Capriders: Euro Soccer","282600","120","2394","1","2","0","0","2355","Capriders: Euro Soccer"
"Jikkyou Powerful Pro Yakyuu 2012","5425","Jikkyou Powerful Pro Yakyuu 2012","282420","2100","2397","1","1","0","0","134.49","Jikkyou Powerful Pro Yakyuu 2012"
"Icons: Combat Arena","5426","Icons: Combat Arena","282360","960","1573","2","4","0","0","294.13","Icons: Combat Arena"
"Serious Sam: Double D","5427","Serious Sam: Double D","282300","3480","1266","1","10","0","0","81.12","Serious Sam: Double D"
"Dreamcast Collection","5428","Dreamcast Collection","282300","9480","5124","2","30","0","0","29.78","Dreamcast Collection"
"Cookie Dozer","5429","Cookie Dozer","281820","900","835","1","1","0","0","313.13","Cookie Dozer"
"Dino Dini's Kick Off Revival","5430","Dino Dini's Kick Off Revival","281760","53160","23","2","4","0","0","5.3","Dino Dini's Kick Off Revival"
"Magical Diary","5431","Magical Diary","281700","12900","401","2","31","0","0","21.84","Magical Diary"
"Particle Fleet: Emergence","5432","Particle Fleet: Emergence","281580","21480","412","2","24","0","0","13.11","Particle Fleet: Emergence"
"DJ Hero","5433","DJ Hero","281520","15060","1146","2","78","0","0","18.69","DJ Hero"
"Alias","5434","Alias","281460","10560","747","1","9","0","0","26.65","Alias"
"Shards Online","5435","Shards Online","281340","27300","174","4","42","0","0","10.31","Shards Online"
"Armed With Wings: Rearmed","5436","Armed With Wings: Rearmed","281220","11040","271","2","23","0","0","25.47","Armed With Wings: Rearmed"
"Pink Goes to Hollywood","5437","Pink Goes to Hollywood","281100","4020","329","1","6","0","0","69.93","Pink Goes to Hollywood"
"Quarterback Attack","5438","Quarterback Attack","280920","8160","63","1","1","0","0","34.43","Quarterback Attack"
"Tale of Toast","5439","Tale of Toast","280920","51360","60","6","84","0","0","5.47","Tale of Toast"
"Vanishing Realms","5440","Vanishing Realms","280740","26880","830","2","115","0","0","10.44","Vanishing Realms"
"Mysteriet på Greveholm","5441","Mysteriet på Greveholm","280380","240","2370","1","1","0","0","1168.25","Mysteriet på Greveholm"
"Super Bomberman 4","5442","Super Bomberman 4","280320","9540","1903","2","38","0","0","29.38","Super Bomberman 4"
"Divinity II: The Dragon Knight Saga","5443","Divinity II: The Dragon Knight Saga","280320","33900","720","2","51","0","0","8.27","Divinity II: The Dragon Knight Saga"
"Tales from Candlekeep: Tomb of Annihilation","5444","Tales from Candlekeep: Tomb of Annihilation","280320","21060","382","3","57","0","0","13.31","Tales from Candlekeep: Tomb of Annihilation"
"TimeSplitters: Future Perfect","5445","TimeSplitters: Future Perfect","280260","60780","369","3","150","0","0","4.61","TimeSplitters: Future Perfect"
"Joe & Mac: Caveman Ninja","5446","Joe & Mac: Caveman Ninja","280020","8760","2854","2","45","0","0","31.97","Joe & Mac: Caveman Ninja"
"Fur Fighters","5447","Fur Fighters","279960","2460","1898","1","8","0","0","113.8","Fur Fighters"
"pop'n music","5448","pop'n music","279780","47520","125","2","22","0","0","5.89","pop'n music"
"Hatsune Miku: Project Mirai DX","5449","Hatsune Miku: Project Mirai DX","279420","21660","151","2","56","0","0","12.9","Hatsune Miku: Project Mirai DX"
"Alien Trilogy","5450","Alien Trilogy","279240","11760","1857","2","38","0","0","23.74","Alien Trilogy"
"Puzzle Games","5451","Puzzle Games","279180","46860","405","3","138","0","0","5.96","Puzzle Games"
"Windscape","5452","Windscape","279180","5760","1512","1","21","0","0","48.47","Windscape"
"Blockland","5453","Blockland","279060","113640","686","3","83","0","0","2.46","Blockland"
"Trauma Center: Second Opinion","5454","Trauma Center: Second Opinion","279060","18780","512","1","42","0","0","14.86","Trauma Center: Second Opinion"
"Falcon 4.0 BMS","5455","Falcon 4.0 BMS","278820","119400","61","5","103","0","0","2.34","Falcon 4.0 BMS"
"Strong Bad's Cool Game for Attractive People Episode 1: Homestar Ruiner","5456","Strong Bad's Cool Game for Attractive People Episode 1: Homestar Ruiner","278760","10140","1854","2","54","0","0","27.49","Strong Bad's Cool Game for Attractive People Episode 1: Homestar Ruiner"
"Crazy Machines","5457","Crazy Machines","278760","4080","1964","1","29","0","0","68.32","Crazy Machines"
"Resident Evil: Gaiden","5458","Resident Evil: Gaiden","278700","10620","982","2","32","0","0","26.24","Resident Evil: Gaiden"
"Bubsy II","5459","Bubsy II","278700","9900","757","4","37","0","0","28.15","Bubsy II"
"Sword With Sauce","5460","Sword With Sauce","278700","51060","840","3","367","0","0","5.46","Sword With Sauce"
"Need for Speed: SHIFT","5461","Need for Speed: SHIFT","278580","36360","325","2","121","0","0","7.66","Need for Speed: SHIFT"
"Atelier Lydie & Suelle: The Alchemists and the Mysterious Paintings","5462","Atelier Lydie & Suelle: The Alchemists and the Mysterious Paintings","278220","31200","688","7","0","0","0","8.92","Atelier Lydie & Suelle: The Alchemists and the Mysterious Paintings"
"Convoy","5463","Convoy","278100","23040","574","4","88","0","0","12.07","Convoy"
"Kick Master","5464","Kick Master","277980","2880","329","1","11","0","0","96.52","Kick Master"
"Bloody Roar","5465","Bloody Roar","277980","4980","5982","2","26","0","0","55.82","Bloody Roar"
"Shinobi Legions","5466","Shinobi Legions","277920","3960","2546","1","14","0","0","70.18","Shinobi Legions"
"Battle Garegga","5467","Battle Garegga","277920","46680","146","2","41","0","0","5.95","Battle Garegga"
"Dex","5468","Dex","277860","66660","73","3","169","0","0","4.17","Dex"
"Mighty Bomb Jack","5469","Mighty Bomb Jack","277860","1020","627","1","5","0","0","272.41","Mighty Bomb Jack"
"Beat Hazard","5470","Beat Hazard","277620","89700","836","3","446","0","0","3.09","Beat Hazard"
"Puyo Pop Fever","5471","Puyo Pop Fever","277440","10140","1523","2","39","0","0","27.36","Puyo Pop Fever"
"Amplitude","5472","Amplitude","277320","138480","436","4","558","0","0","2","Amplitude"
"Electronic Super Joy","5473","Electronic Super Joy","277080","60180","342","3","297","0","0","4.6","Electronic Super Joy"
"Rome: Total War","5474","Rome: Total War","277080","119460","166","4","351","0","0","2.32","Rome: Total War"
"Pankapu: The Dreamkeeper","5475","Pankapu: The Dreamkeeper","277020","31620","776","3","77","0","0","8.76","Pankapu: The Dreamkeeper"
"Drunken Robot Pornography","5476","Drunken Robot Pornography","276960","9300","1952","2","50","0","0","29.78","Drunken Robot Pornography"
"Dirty Harry","5477","Dirty Harry","276900","1380","381","1","4","0","0","200.65","Dirty Harry"
"Mort the Chicken","5478","Mort the Chicken","276840","2280","2256","1","6","0","0","121.42","Mort the Chicken"
"Virtual Hydlide","5479","Virtual Hydlide","276840","3120","1971","1","9","0","0","88.73","Virtual Hydlide"
"Tail of the Sun","5480","Tail of the Sun","276780","1500","483","1","5","0","0","184.52","Tail of the Sun"
"Lazaretto","5481","Lazaretto","276120","4260","1320","1","16","0","0","64.82","Lazaretto"
"Donkey Kong Land III","5482","Donkey Kong Land III","275940","3180","846","3","11","0","0","86.77","Donkey Kong Land III"
"MediEvil Resurrection","5483","MediEvil Resurrection","275880","10980","539","1","33","0","0","25.13","MediEvil Resurrection"
"Influent","5484","Influent","275820","3900","1649","1","16","0","0","70.72","Influent"
"Stable Orbit","5485","Stable Orbit","275820","15600","495","3","70","0","0","17.68","Stable Orbit"
"Disney's Donald Duck: Goin' Quackers","5486","Disney's Donald Duck: Goin' Quackers","275700","12540","1451","2","27","0","0","21.99","Disney's Donald Duck: Goin' Quackers"
"Medal of Honor: Warfighter","5487","Medal of Honor: Warfighter","275580","61680","740","3","235","0","0","4.47","Medal of Honor: Warfighter"
"Barbie: Fashion Pack Games","5488","Barbie: Fashion Pack Games","275580","1500","1608","1","9","0","0","183.72","Barbie: Fashion Pack Games"
"Touhou 15: Legacy of Lunatic Kingdom","5489","Touhou 15: Legacy of Lunatic Kingdom","275160","43740","1038","2","190","0","0","6.29","Touhou 15: Legacy of Lunatic Kingdom"
"Youyou Kengeki Musou","5490","Youyou Kengeki Musou","274860","7020","197","2","8","0","0","39.15","Youyou Kengeki Musou"
"Etrian Odyssey","5491","Etrian Odyssey","274740","17940","370","2","22","0","0","15.31","Etrian Odyssey"
"Splitgate: Arena Warfare","5492","Splitgate: Arena Warfare","274740","12240","371","7","31","0","0","22.45","Splitgate: Arena Warfare"
"2 Ninjas 1 Cup","5493","2 Ninjas 1 Cup","274680","5100","1785","1","18","0","0","53.86","2 Ninjas 1 Cup"
"12HourChallenge","5494","12HourChallenge","274680","14040","289","9","30","0","0","19.56","12HourChallenge"
"Rise of Nations: Extended Edition","5495","Rise of Nations: Extended Edition","274560","75660","458","4","379","0","0","3.63","Rise of Nations: Extended Edition"
"SingStar Celebration","5496","SingStar Celebration","274500","1020","4466","2","2","0","0","269.12","SingStar Celebration"
"Spider-Man and the X-Men: Arcade's Revenge","5497","Spider-Man and the X-Men: Arcade's Revenge","274440","3600","2107","1","20","0","0","76.23","Spider-Man and the X-Men: Arcade's Revenge"
"The Tomorrow Children","5498","The Tomorrow Children","274320","35460","160","2","533","0","0","7.74","The Tomorrow Children"
"Etrian Odyssey IV: Legends of the Titan","5499","Etrian Odyssey IV: Legends of the Titan","274260","19320","112","2","16","0","0","14.2","Etrian Odyssey IV: Legends of the Titan"
"Intralism","5500","Intralism","274260","36600","1714","2","124","0","0","7.49","Intralism"