"","","Game","Watch time","Stream time","Peak viewers","Peak channels","Streamers","Average viewers","Average channels","Average viewer ratio",""
"Magical Taruruuto-kun","7901","Magical Taruruuto-kun","91080","2400","484","1","8","0","0","37.95","Magical Taruruuto-kun"
"Subject 13","7902","Subject 13","91020","8760","190","2","55","0","0","10.39","Subject 13"
"Mega Man 3: The Robots are Revolting","7903","Mega Man 3: The Robots are Revolting","91020","1380","867","2","6","0","0","65.96","Mega Man 3: The Robots are Revolting"
"Guitar Hero: Smash Hits","7904","Guitar Hero: Smash Hits","91020","9780","339","2","38","0","0","9.31","Guitar Hero: Smash Hits"
"Touhou 09.5 - Shoot the Bullet","7905","Touhou 09.5 - Shoot the Bullet","90960","6420","1145","2","17","0","0","14.17","Touhou 09.5 - Shoot the Bullet"
"Tropico 3","7906","Tropico 3","90900","14640","39","2","50","0","0","6.21","Tropico 3"
"Brave Prove","7907","Brave Prove","90900","2520","94","1","2","0","0","36.07","Brave Prove"
"Nancy Drew: Labyrinth of Lies","7908","Nancy Drew: Labyrinth of Lies","90900","10200","67","2","18","0","0","8.91","Nancy Drew: Labyrinth of Lies"
"Superbowl","7909","Superbowl","90720","420","2016","3","3","0","0","216","Superbowl"
"The Adventures of Captain Comic","7910","The Adventures of Captain Comic","90660","120","1486","1","1","0","0","755.5","The Adventures of Captain Comic"
"Frogger","7911","Frogger","90600","16020","65","2","59","0","0","5.66","Frogger"
"Dispatcher","7912","Dispatcher","90600","7440","515","2","41","0","0","12.18","Dispatcher"
"Popeye 2","7913","Popeye 2","90480","1500","808","2","9","0","0","60.32","Popeye 2"
"Tierras del Sur","7914","Tierras del Sur","90480","6240","72","2","6","0","0","14.5","Tierras del Sur"
"Super Beat Sports","7915","Super Beat Sports","90480","4140","156","1","20","0","0","21.86","Super Beat Sports"
"Sublevel Zero","7916","Sublevel Zero","90480","19020","437","4","58","0","0","4.76","Sublevel Zero"
"Space Quest IV: Roger Wilco and the Time Rippers","7917","Space Quest IV: Roger Wilco and the Time Rippers","90420","7200","68","2","18","0","0","12.56","Space Quest IV: Roger Wilco and the Time Rippers"
"Hyperdimension Neptunia Victory II","7918","Hyperdimension Neptunia Victory II","90420","23580","21","3","21","0","0","3.83","Hyperdimension Neptunia Victory II"
"Dragon Quest Monster Super Light","7919","Dragon Quest Monster Super Light","90360","3120","446","1","4","0","0","28.96","Dragon Quest Monster Super Light"
"The Fifth Element","7920","The Fifth Element","90300","1620","1466","1","6","0","0","55.74","The Fifth Element"
"The Three Stooges","7921","The Three Stooges","90300","1320","331","1","8","0","0","68.41","The Three Stooges"
"The Battle of Olympus","7922","The Battle of Olympus","90240","10140","102","1","19","0","0","8.9","The Battle of Olympus"
"Ryu ga Gotoku 1&2 HD EDITION","7923","Ryu ga Gotoku 1&2 HD EDITION","90180","14220","233","2","20","0","0","6.34","Ryu ga Gotoku 1&2 HD EDITION"
"Titus the Fox: To Marrakech and Back","7924","Titus the Fox: To Marrakech and Back","90120","13200","209","2","7","0","0","6.83","Titus the Fox: To Marrakech and Back"
"Delta Force: Black Hawk Down","7925","Delta Force: Black Hawk Down","90120","22380","982","2","32","0","0","4.03","Delta Force: Black Hawk Down"
"Mitsurugi Kamui Hikae","7926","Mitsurugi Kamui Hikae","90120","30600","96","5","154","0","0","2.95","Mitsurugi Kamui Hikae"
"SimCity: Cities of Tomorrow","7927","SimCity: Cities of Tomorrow","90120","31200","32","3","86","0","0","2.89","SimCity: Cities of Tomorrow"
"Dust 514","7928","Dust 514","90120","420","1507","1","1","0","0","214.57","Dust 514"
"Grand Prix 3","7929","Grand Prix 3","90060","19380","20","1","1","0","0","4.65","Grand Prix 3"
"Hangman","7930","Hangman","90000","3180","446","2","19","0","0","28.3","Hangman"
"World of Subways Vol.3: Circle Line","7931","World of Subways Vol.3: Circle Line","90000","6780","462","2","26","0","0","13.27","World of Subways Vol.3: Circle Line"
"Need for Speed Edge","7932","Need for Speed Edge","90000","24060","77","8","0","0","0","3.74","Need for Speed Edge"
"Richman Fight","7933","Richman Fight","89940","4140","621","2","4","0","0","21.72","Richman Fight"
"RECYCLE","7934","RECYCLE","89940","2820","210","1","8","0","0","31.89","RECYCLE"
"The Ico & Shadow of the Colossus Collection","7935","The Ico & Shadow of the Colossus Collection","89940","18360","313","2","28","0","0","4.9","The Ico & Shadow of the Colossus Collection"
"Judge Dredd: Dredd vs Death","7936","Judge Dredd: Dredd vs Death","89880","10740","165","1","46","0","0","8.37","Judge Dredd: Dredd vs Death"
"Discworld Noir","7937","Discworld Noir","89880","5700","54","1","6","0","0","15.77","Discworld Noir"
"LEGO Island","7938","LEGO Island","89820","5640","342","1","25","0","0","15.93","LEGO Island"
"Shadow Tower","7939","Shadow Tower","89760","18300","47","1","23","0","0","4.9","Shadow Tower"
"The Other 99","7940","The Other 99","89760","2400","356","1","5","0","0","37.4","The Other 99"
"Climbey","7941","Climbey","89700","18480","739","2","93","0","0","4.85","Climbey"
"Tumble Pop","7942","Tumble Pop","89700","20460","602","1","7","0","0","4.38","Tumble Pop"
"Outpost 2: Divided Destiny","7943","Outpost 2: Divided Destiny","89640","2460","182","1","7","0","0","36.44","Outpost 2: Divided Destiny"
"War of the Monsters","7944","War of the Monsters","89580","3900","432","1","123","0","0","22.97","War of the Monsters"
"Hearts of Iron II","7945","Hearts of Iron II","89460","10140","42","2","13","0","0","8.82","Hearts of Iron II"
"Grand Theft Auto Advance","7946","Grand Theft Auto Advance","89400","6720","528","2","28","0","0","13.3","Grand Theft Auto Advance"
"Tarot","7947","Tarot","89400","11220","87","2","23","0","0","7.97","Tarot"
"Rochard","7948","Rochard","89340","7800","513","1","28","0","0","11.45","Rochard"
"Moonbase Alpha","7949","Moonbase Alpha","89340","29820","180","3","230","0","0","3","Moonbase Alpha"
"Contra ReBirth","7950","Contra ReBirth","89340","2820","392","4","12","0","0","31.68","Contra ReBirth"
"Dungeon Punks","7951","Dungeon Punks","89280","50880","44","7","246","0","0","1.75","Dungeon Punks"
"Codingame.com","7952","Codingame.com","89280","22800","40","2","68","0","0","3.92","Codingame.com"
"Warhammer 40,000: Dawn of War - Winter Assault","7953","Warhammer 40,000: Dawn of War - Winter Assault","89220","20940","142","2","46","0","0","4.26","Warhammer 40,000: Dawn of War - Winter Assault"
"Lethis - Path of Progress","7954","Lethis - Path of Progress","89220","15240","188","2","56","0","0","5.85","Lethis - Path of Progress"
"Tales of Legendia","7955","Tales of Legendia","89100","31260","36","3","33","0","0","2.85","Tales of Legendia"
"Kid Icarus: Uprising","7956","Kid Icarus: Uprising","89040","13500","59","2","30","0","0","6.6","Kid Icarus: Uprising"
"Codename Cure","7957","Codename Cure","89040","52980","56","3","310","0","0","1.68","Codename Cure"
"Chomp","7958","Chomp","88980","120","1727","1","1","0","0","741.5","Chomp"
"Chaos Legion","7959","Chaos Legion","88920","16560","115","2","43","0","0","5.37","Chaos Legion"
"Ballance","7960","Ballance","88920","4380","1484","1","6","0","0","20.3","Ballance"
"Hearts","7961","Hearts","88860","7020","155","1","33","0","0","12.66","Hearts"
"The Elder Scrolls IV: Shivering Isles","7962","The Elder Scrolls IV: Shivering Isles","88860","4260","111","1","11","0","0","20.86","The Elder Scrolls IV: Shivering Isles"
"Alpha Mission II","7963","Alpha Mission II","88860","1020","842","1","7","0","0","87.12","Alpha Mission II"
"Caligula","7964","Caligula","88860","7680","232","2","12","0","0","11.57","Caligula"
"Ovivo","7965","Ovivo","88860","4680","962","1","19","0","0","18.99","Ovivo"
"Naruto Arena","7966","Naruto Arena","88800","23340","160","2","67","0","0","3.8","Naruto Arena"
"Suikoden Tierkreis","7967","Suikoden Tierkreis","88800","9600","31","1","9","0","0","9.25","Suikoden Tierkreis"
"Worms 3D","7968","Worms 3D","88740","4020","389","1","18","0","0","22.07","Worms 3D"
"Itadaki Street Special","7969","Itadaki Street Special","88680","360","330","1","1","0","0","246.33","Itadaki Street Special"
"Drug Wars","7970","Drug Wars","88620","1560","563","1","5","0","0","56.81","Drug Wars"
"Please Stay Calm","7971","Please Stay Calm","88620","540","1712","1","5","0","0","164.11","Please Stay Calm"
"Soldier Front","7972","Soldier Front","88620","28740","326","3","54","0","0","3.08","Soldier Front"
"Sociable Soccer","7973","Sociable Soccer","88560","4920","484","3","14","0","0","18","Sociable Soccer"
"Crypt of the Serpent King","7974","Crypt of the Serpent King","88560","32280","166","3","218","0","0","2.74","Crypt of the Serpent King"
"Bloodline Champions","7975","Bloodline Champions","88500","10680","133","3","43","0","0","8.29","Bloodline Champions"
"Stranded","7976","Stranded","88500","1500","434","1","12","0","0","59","Stranded"
"Closure","7977","Closure","88440","10140","51","2","22","0","0","8.72","Closure"
"Amberskull","7978","Amberskull","88440","1140","744","1","8","0","0","77.58","Amberskull"
"Planet X2","7979","Planet X2","88380","180","840","1","0","0","0","491","Planet X2"
"TimeZero","7980","TimeZero","88260","5820","210","2","9","0","0","15.16","TimeZero"
"Dragon Quest Collection 25th Anniversary","7981","Dragon Quest Collection 25th Anniversary","88200","2820","776","1","3","0","0","31.28","Dragon Quest Collection 25th Anniversary"
"MegaMari","7982","MegaMari","88140","9960","71","2","24","0","0","8.85","MegaMari"
"Renegade Ops","7983","Renegade Ops","88020","13560","326","2","52","0","0","6.49","Renegade Ops"
"Fishing Simulator 2010","7984","Fishing Simulator 2010","88020","2520","583","2","12","0","0","34.93","Fishing Simulator 2010"
"Polarity","7985","Polarity","87960","11400","265","2","63","0","0","7.72","Polarity"
"Heroine Anthem Zero","7986","Heroine Anthem Zero","87840","25140","94","3","76","0","0","3.49","Heroine Anthem Zero"
"Dragon Ball Z: The Legacy of Goku II","7987","Dragon Ball Z: The Legacy of Goku II","87780","20160","51","2","47","0","0","4.35","Dragon Ball Z: The Legacy of Goku II"
"The Dark Eye","7988","The Dark Eye","87720","7320","139","2","11","0","0","11.98","The Dark Eye"
"Pac-Man Collection","7989","Pac-Man Collection","87480","13200","39","2","12","0","0","6.63","Pac-Man Collection"
"Pro Cycling Manager","7990","Pro Cycling Manager","87480","11700","71","3","13","0","0","7.48","Pro Cycling Manager"
"Train Simulator Real: The Keihin Kyuko","7991","Train Simulator Real: The Keihin Kyuko","87420","720","173","1","1","0","0","121.42","Train Simulator Real: The Keihin Kyuko"
"Rogue Stache","7992","Rogue Stache","87300","1620","821","1","8","0","0","53.89","Rogue Stache"
"Frankenstein: Master of Death","7993","Frankenstein: Master of Death","87300","5340","233","1","23","0","0","16.35","Frankenstein: Master of Death"
"Babysitter Bloodbath","7994","Babysitter Bloodbath","87300","4200","364","2","17","0","0","20.79","Babysitter Bloodbath"
"BlazBlue Continuum Shift Extend","7995","BlazBlue Continuum Shift Extend","87300","29460","226","3","84","0","0","2.96","BlazBlue Continuum Shift Extend"
"Music Composer","7996","Music Composer","87300","49620","127","3","155","0","0","1.76","Music Composer"
"Bratz: Forever Diamondz","7997","Bratz: Forever Diamondz","87180","1980","1317","1","9","0","0","44.03","Bratz: Forever Diamondz"
"Dark Witch Music Episode: Rudymical","7998","Dark Witch Music Episode: Rudymical","87180","4440","222","2","31","0","0","19.64","Dark Witch Music Episode: Rudymical"
"Conga Master","7999","Conga Master","87060","5640","547","2","32","0","0","15.44","Conga Master"
"Saru! Get You! SaruSaru Big Mission","8000","Saru! Get You! SaruSaru Big Mission","87000","3300","66","1","4","0","0","26.36","Saru! Get You! SaruSaru Big Mission"