"","","Game","Watch time","Stream time","Peak viewers","Peak channels","Streamers","Average viewers","Average channels","Average viewer ratio",""
"Mario Party 2","901","Mario Party 2","12945780","314220","16649","13","976","24","0","41.2","Mario Party 2"
"Clone Drone in the Danger Zone","902","Clone Drone in the Danger Zone","12921240","745560","15132","14","2028","24","1","17.33","Clone Drone in the Danger Zone"
"Crash Bandicoot","903","Crash Bandicoot","12917820","573420","151156","18","2019","24","1","22.53","Crash Bandicoot"
"Ylands","904","Ylands","12858360","692220","33598","56","199","24","1","18.58","Ylands"
"Unturned","905","Unturned","12833040","3586440","13429","38","12803","24","6","3.58","Unturned"
"Monstrum","906","Monstrum","12791220","246180","22994","12","1121","24","0","51.96","Monstrum"
"Mafia III","907","Mafia III","12739920","4255920","1511","40","13077","24","8","2.99","Mafia III"
"SteamWorld Dig 2","908","SteamWorld Dig 2","12728760","224880","33879","34","702","24","0","56.6","SteamWorld Dig 2"
"Secret World Legends","909","Secret World Legends","12711900","2038980","1728","75","2922","24","3","6.23","Secret World Legends"
"Mega Man X3","910","Mega Man X3","12694500","295200","142126","9","482","24","0","43","Mega Man X3"
"Breakaway","911","Breakaway","12688080","313260","6333","29","861","24","0","40.5","Breakaway"
"Fallout 2","912","Fallout 2","12675540","552840","2867","7","829","24","1","22.93","Fallout 2"
"System Shock 2","913","System Shock 2","12662820","217620","190159","14","622","24","0","58.19","System Shock 2"
"The Legend of Zelda: A Link Between Worlds","914","The Legend of Zelda: A Link Between Worlds","12648600","218580","13801","8","282","24","0","57.87","The Legend of Zelda: A Link Between Worlds"
"Jazzpunk","915","Jazzpunk","12637020","105780","17793","7","486","24","0","119.47","Jazzpunk"
"Dungeon of the Endless","916","Dungeon of the Endless","12624900","325200","34222","14","1145","24","0","38.82","Dungeon of the Endless"
"Tales from the Borderlands","917","Tales from the Borderlands","12623220","1842600","2805","53","6937","24","3","6.85","Tales from the Borderlands"
"Project Zomboid","918","Project Zomboid","12621900","828480","6408","11","2475","24","1","15.24","Project Zomboid"
"Alice: Madness Returns","919","Alice: Madness Returns","12613980","871380","4426","12","2551","24","1","14.48","Alice: Madness Returns"
"Far Cry 4","920","Far Cry 4","12549600","3453720","4742","28","12515","23","6","3.63","Far Cry 4"
"Streets of Rogue","921","Streets of Rogue","12529260","373920","34934","21","1790","23","0","33.51","Streets of Rogue"
"Seum: Speedrunners from Hell","922","Seum: Speedrunners from Hell","12499260","96000","122886","10","393","23","0","130.2","Seum: Speedrunners from Hell"
"GRID 2","923","GRID 2","12463140","296100","4648","7","1277","23","0","42.09","GRID 2"
"Super Mario 3D Land","924","Super Mario 3D Land","12383700","69240","143362","11","166","23","0","178.85","Super Mario 3D Land"
"Shin Megami Tensei: Nocturne","925","Shin Megami Tensei: Nocturne","12376380","376740","2822","6","378","23","0","32.85","Shin Megami Tensei: Nocturne"
"Atlas Reactor","926","Atlas Reactor","12374640","1602960","3965","25","2220","23","3","7.72","Atlas Reactor"
"Batman: Return of the Joker","927","Batman: Return of the Joker","12358680","7260","158083","14","40","23","0","1702.3","Batman: Return of the Joker"
"Syberia III","928","Syberia III","12344340","389520","26775","86","741","23","0","31.69","Syberia III"
"The Addams Family: Pugsley's Scavenger Hunt","929","The Addams Family: Pugsley's Scavenger Hunt","12322320","8220","101616","7","24","23","0","1499.07","The Addams Family: Pugsley's Scavenger Hunt"
"E.V.O.: Search for Eden","930","E.V.O.: Search for Eden","12318300","54900","112634","16","78","23","0","224.38","E.V.O.: Search for Eden"
"The Turing Test","931","The Turing Test","12261600","530640","123846","46","2890","23","1","23.11","The Turing Test"
"Assassin's Creed Syndicate","932","Assassin's Creed Syndicate","12195780","3261840","5207","27","10912","23","6","3.74","Assassin's Creed Syndicate"
"Rise of Agon","933","Rise of Agon","12106380","536940","8632","32","342","23","1","22.55","Rise of Agon"
"Jak and Daxter: The Precursor Legacy","934","Jak and Daxter: The Precursor Legacy","12081120","526620","144386","12","1889","22","1","22.94","Jak and Daxter: The Precursor Legacy"
"Guts and Glory","935","Guts and Glory","12041040","102660","19074","8","688","22","0","117.29","Guts and Glory"
"Slaves to Armok II: Dwarf Fortress","936","Slaves to Armok II: Dwarf Fortress","12004080","753540","3406","11","804","22","1","15.93","Slaves to Armok II: Dwarf Fortress"
"Fran Bow","937","Fran Bow","11981400","496440","7713","21","1397","22","0","24.13","Fran Bow"
"Last Day of June","938","Last Day of June","11967180","171720","26527","19","724","22","0","69.69","Last Day of June"
"Tale of Wuxia","939","Tale of Wuxia","11867520","104100","6543","5","119","22","0","114","Tale of Wuxia"
"Counter-Strike: Source","940","Counter-Strike: Source","11865420","1186440","31432","24","6177","22","2","10","Counter-Strike: Source"
"Lufia II: Rise of the Sinistrals","941","Lufia II: Rise of the Sinistrals","11843640","418380","2227","9","268","22","0","28.31","Lufia II: Rise of the Sinistrals"
"TrackMania² Lagoon","942","TrackMania² Lagoon","11832120","36660","26481","7","121","22","0","322.75","TrackMania² Lagoon"
"Limbo","943","Limbo","11803440","942540","27328","23","5717","22","1","12.52","Limbo"
"Castlevania III: Dracula's Curse","944","Castlevania III: Dracula's Curse","11801400","128700","126130","10","349","22","0","91.7","Castlevania III: Dracula's Curse"
"Pokémon X/Y","945","Pokémon X/Y","11801220","264300","9811","9","455","22","0","44.65","Pokémon X/Y"
"Darksiders","946","Darksiders","11773920","1473900","3030","31","3937","22","2","7.99","Darksiders"
"Need for Speed","947","Need for Speed","11743080","4603680","7664","40","22558","22","8","2.55","Need for Speed"
"Quake","948","Quake","11735100","441960","179223","8","1036","22","0","26.55","Quake"
"Total War: ARENA","949","Total War: ARENA","11626680","1071960","4233","38","1329","22","2","10.85","Total War: ARENA"
"Hellion","950","Hellion","11599320","506700","9752","54","840","22","0","22.89","Hellion"
"Pokémon Ruby/Sapphire","951","Pokémon Ruby/Sapphire","11586120","394620","11664","7","900","22","0","29.36","Pokémon Ruby/Sapphire"
"Dead or Alive Xtreme 3: Fortune","952","Dead or Alive Xtreme 3: Fortune","11577120","225300","12470","5","680","22","0","51.39","Dead or Alive Xtreme 3: Fortune"
"Catechumen","953","Catechumen","11564400","4260","113029","12","15","22","0","2714.65","Catechumen"
"To the Moon","954","To the Moon","11534400","411000","5748","8","1371","21","0","28.06","To the Moon"
"Tom Clancy's Ghost Recon","955","Tom Clancy's Ghost Recon","11531100","1412520","10870","152","6301","21","2","8.16","Tom Clancy's Ghost Recon"
"Darwin Project","956","Darwin Project","11507220","252720","7629","114","365","21","0","45.53","Darwin Project"
"Osiris: New Dawn","957","Osiris: New Dawn","11465460","931680","23172","16","2759","21","1","12.31","Osiris: New Dawn"
"Remothered: Tormented Fathers","958","Remothered: Tormented Fathers","11441340","107880","25768","24","490","21","0","106.06","Remothered: Tormented Fathers"
"Ultimate Epic Battle Simulator","959","Ultimate Epic Battle Simulator","11418900","132780","22211","7","830","21","0","86","Ultimate Epic Battle Simulator"
"Pokémon Black/White Version 2","960","Pokémon Black/White Version 2","11404860","451740","2489","8","912","21","0","25.25","Pokémon Black/White Version 2"
"Borderlands: The Pre-Sequel!","961","Borderlands: The Pre-Sequel!","11400420","1913640","1355","17","6466","21","3","5.96","Borderlands: The Pre-Sequel!"
"StepMania","962","StepMania","11378340","1269600","3588","16","2658","21","2","8.96","StepMania"
"Hotline Miami","963","Hotline Miami","11376360","646980","16725","10","4282","21","1","17.58","Hotline Miami"
"Castlevania: Legacy of Darkness","964","Castlevania: Legacy of Darkness","11371860","42060","130466","7","65","21","0","270.37","Castlevania: Legacy of Darkness"
"Battle Kid: Fortress of Peril","965","Battle Kid: Fortress of Peril","11268960","25920","154617","10","69","21","0","434.76","Battle Kid: Fortress of Peril"
"Mega Man 4","966","Mega Man 4","11252340","228060","109552","13","379","21","0","49.34","Mega Man 4"
"Full Throttle","967","Full Throttle","11224620","171840","16541","26","702","21","0","65.32","Full Throttle"
"Elsword","968","Elsword","11174220","2005680","779","18","2336","21","3","5.57","Elsword"
"THE iDOLM@STER MILLION LIVE! THEATER DAYS","969","THE iDOLM@STER MILLION LIVE! THEATER DAYS","11153940","202920","10019","9","165","21","0","54.97","THE iDOLM@STER MILLION LIVE! THEATER DAYS"
"Kritika Online","970","Kritika Online","11135760","1397580","2579","61","2352","21","2","7.97","Kritika Online"
"Tattletail","971","Tattletail","11132460","134280","32471","8","986","21","0","82.9","Tattletail"
"Line of Sight","972","Line of Sight","11127600","577980","24855","21","2007","21","1","19.25","Line of Sight"
"Metal Slug 3","973","Metal Slug 3","11108040","226020","100154","19","1254","21","0","49.15","Metal Slug 3"
"Don't Knock Twice","974","Don't Knock Twice","11102400","127560","34758","17","870","21","0","87.04","Don't Knock Twice"
"Bleach Brave Souls","975","Bleach Brave Souls","11082480","972900","945","15","485","21","1","11.39","Bleach Brave Souls"
"Shardbound","976","Shardbound","11079300","609060","5493","23","1083","21","1","18.19","Shardbound"
"Barbie Horse Adventures: Riding Camp","977","Barbie Horse Adventures: Riding Camp","11058360","12780","42837","6","57","21","0","865.29","Barbie Horse Adventures: Riding Camp"
"Batman: Arkham Asylum","978","Batman: Arkham Asylum","11034300","858540","9572","11","2499","20","1","12.85","Batman: Arkham Asylum"
"The House of Da Vinci","979","The House of Da Vinci","11001420","45420","8470","6","39","20","0","242.22","The House of Da Vinci"
"Snake Pass","980","Snake Pass","10972440","241680","37463","28","1162","20","0","45.4","Snake Pass"
"Stationeers","981","Stationeers","10938240","205920","7329","24","9","20","0","53.12","Stationeers"
"Mystery Fun House","982","Mystery Fun House","10935900","164280","161047","22","156","20","0","66.57","Mystery Fun House"
"VA-11 HALL-A","983","VA-11 HALL-A","10902360","454620","11295","8","1437","20","0","23.98","VA-11 HALL-A"
"Half-Life: Blue Shift","984","Half-Life: Blue Shift","10896720","70620","156246","10","324","20","0","154.3","Half-Life: Blue Shift"
"Besiege","985","Besiege","10883460","252120","31663","9","1267","20","0","43.17","Besiege"
"Antihero","986","Antihero","10875480","84780","7105","12","314","20","0","128.28","Antihero"
"Uncharted 3: Drake's Deception","987","Uncharted 3: Drake's Deception","10863240","273420","6375","6","597","20","0","39.73","Uncharted 3: Drake's Deception"
"F1 2016","988","F1 2016","10856400","1305600","4530","24","6069","20","2","8.32","F1 2016"
"Sonic & All-Stars Racing Transformed","989","Sonic & All-Stars Racing Transformed","10810080","340680","8605","9","1597","20","0","31.73","Sonic & All-Stars Racing Transformed"
"Metroid: Samus Returns","990","Metroid: Samus Returns","10801980","240720","5003","47","484","20","0","44.87","Metroid: Samus Returns"
"Assassin's Creed: Brotherhood","991","Assassin's Creed: Brotherhood","10770660","610500","7063","9","1265","20","1","17.64","Assassin's Creed: Brotherhood"
"Russian Fishing 4","992","Russian Fishing 4","10767960","996060","538","24","390","20","1","10.81","Russian Fishing 4"
"theHunter: Call of the Wild","993","theHunter: Call of the Wild","10765380","704700","40499","30","1194","20","1","15.28","theHunter: Call of the Wild"
"Party Hard Tycoon","994","Party Hard Tycoon","10759920","21420","31892","7","131","20","0","502.33","Party Hard Tycoon"
"Zero Escape: Virtue's Last Reward","995","Zero Escape: Virtue's Last Reward","10739100","290280","2512","6","224","20","0","37","Zero Escape: Virtue's Last Reward"
"Sonic R","996","Sonic R","10736280","37740","166166","13","178","20","0","284.48","Sonic R"
"Narcosis","997","Narcosis","10723140","128340","37127","12","633","20","0","83.55","Narcosis"
"Senran Kagura: Estival Versus","998","Senran Kagura: Estival Versus","10709820","488460","5921","12","2254","20","0","21.93","Senran Kagura: Estival Versus"
"Half-Life: Counter-Strike","999","Half-Life: Counter-Strike","10681200","1229820","21837","14","2081","20","2","8.69","Half-Life: Counter-Strike"
"Quake Live","1000","Quake Live","10679820","1028220","2860","15","1545","20","1","10.39","Quake Live"