"","","Game","Watch time","Stream time","Peak viewers","Peak channels","Streamers","Average viewers","Average channels","Average viewer ratio",""
"Akatsuki Blitzkampf","7401","Akatsuki Blitzkampf","111360","7020","149","1","18","0","0","15.86","Akatsuki Blitzkampf"
"Train Simulator Real: The Yamanote Line","7402","Train Simulator Real: The Yamanote Line","111240","960","251","1","2","0","0","115.88","Train Simulator Real: The Yamanote Line"
"Might and Magic III: Isles of Terra","7403","Might and Magic III: Isles of Terra","111180","16260","57","2","21","0","0","6.84","Might and Magic III: Isles of Terra"
"Neverwinter Nights: Shadows of Undrentide","7404","Neverwinter Nights: Shadows of Undrentide","111120","13260","136","1","12","0","0","8.38","Neverwinter Nights: Shadows of Undrentide"
"Bakugan Battle Brawlers","7405","Bakugan Battle Brawlers","111120","10560","383","2","44","0","0","10.52","Bakugan Battle Brawlers"
"Monument Valley II","7406","Monument Valley II","111120","5760","624","2","37","0","0","19.29","Monument Valley II"
"Kôna","7407","Kôna","111060","7740","112","1","22","0","0","14.35","Kôna"
"Evil Night","7408","Evil Night","111000","420","950","1","4","0","0","264.29","Evil Night"
"Wacky Races","7409","Wacky Races","110940","12420","180","3","30","0","0","8.93","Wacky Races"
"My Little Pony: Fighting is Magic","7410","My Little Pony: Fighting is Magic","110940","36540","85","3","104","0","0","3.04","My Little Pony: Fighting is Magic"
"Colony Odyssey","7411","Colony Odyssey","110880","960","582","1","1","0","0","115.5","Colony Odyssey"
"Rogalia","7412","Rogalia","110820","12180","1771","2","28","0","0","9.1","Rogalia"
"Nyan Cat!","7413","Nyan Cat!","110820","1320","1803","1","8","0","0","83.95","Nyan Cat!"
"Sonic Rush","7414","Sonic Rush","110820","19080","188","2","61","0","0","5.81","Sonic Rush"
"Galcon Fusion","7415","Galcon Fusion","110820","5460","555","1","6","0","0","20.3","Galcon Fusion"
"R-Type","7416","R-Type","110760","13320","525","2","34","0","0","8.32","R-Type"
"Ratatouille","7417","Ratatouille","110700","11460","188","1","48","0","0","9.66","Ratatouille"
"Mute Crimson+","7418","Mute Crimson+","110640","7260","369","2","18","0","0","15.24","Mute Crimson+"
"Soft Body","7419","Soft Body","110640","1620","469","3","8","0","0","68.3","Soft Body"
"Tenchu 2: Birth of the Stealth Assassins","7420","Tenchu 2: Birth of the Stealth Assassins","110640","11040","335","2","37","0","0","10.02","Tenchu 2: Birth of the Stealth Assassins"
"Secret of the Magic Crystals","7421","Secret of the Magic Crystals","110640","16440","253","2","75","0","0","6.73","Secret of the Magic Crystals"
"Gamers Choice","7422","Gamers Choice","110580","28920","992","2","37","0","0","3.82","Gamers Choice"
"Madden NFL 2001","7423","Madden NFL 2001","110580","1320","1701","1","5","0","0","83.77","Madden NFL 2001"
"Kung Fury: Street Rage","7424","Kung Fury: Street Rage","110520","40920","850","2","210","0","0","2.7","Kung Fury: Street Rage"
"ONE","7425","ONE","110280","1260","1775","1","5","0","0","87.52","ONE"
"King's Quest (tentative title)","7426","King's Quest (tentative title)","110280","4200","244","1","16","0","0","26.26","King's Quest (tentative title)"
"Stranger Things: The Game","7427","Stranger Things: The Game","110280","23520","149","2","88","0","0","4.69","Stranger Things: The Game"
"PixelJunk Monsters: Ultimate HD","7428","PixelJunk Monsters: Ultimate HD","110220","7620","437","2","25","0","0","14.46","PixelJunk Monsters: Ultimate HD"
"Dangerous Dave in the Haunted Mansion","7429","Dangerous Dave in the Haunted Mansion","110160","4080","586","1","14","0","0","27","Dangerous Dave in the Haunted Mansion"
"Haunted Castle","7430","Haunted Castle","110040","3240","1540","2","13","0","0","33.96","Haunted Castle"
"Roberta Williams' King's Quest VII: The Princeless Bride","7431","Roberta Williams' King's Quest VII: The Princeless Bride","110040","16260","242","2","31","0","0","6.77","Roberta Williams' King's Quest VII: The Princeless Bride"
"Rollergames","7432","Rollergames","109980","14940","136","7","27","0","0","7.36","Rollergames"
"Hydorah","7433","Hydorah","109980","9480","171","2","21","0","0","11.6","Hydorah"
"splix.io","7434","splix.io","109920","34800","114","3","194","0","0","3.16","splix.io"
"Supreme Warrior","7435","Supreme Warrior","109860","120","1830","1","2","0","0","915.5","Supreme Warrior"
"Dungeon Warfare","7436","Dungeon Warfare","109800","11820","141","2","25","0","0","9.29","Dungeon Warfare"
"Collar x Malice","7437","Collar x Malice","109800","4200","69","1","4","0","0","26.14","Collar x Malice"
"Marble Blast Ultra","7438","Marble Blast Ultra","109680","13800","408","3","55","0","0","7.95","Marble Blast Ultra"
"Rocksmith","7439","Rocksmith","109620","31080","81","2","121","0","0","3.53","Rocksmith"
"Baldur's Gate: Tales of the Sword Coast","7440","Baldur's Gate: Tales of the Sword Coast","109560","19920","197","2","36","0","0","5.5","Baldur's Gate: Tales of the Sword Coast"
"Real Racing","7441","Real Racing","109500","660","3202","1","3","0","0","165.91","Real Racing"
"Fallout Trilogy","7442","Fallout Trilogy","109440","12780","370","2","43","0","0","8.56","Fallout Trilogy"
"Eternal Senia","7443","Eternal Senia","109440","33900","91","2","114","0","0","3.23","Eternal Senia"
"Paragraph 78","7444","Paragraph 78","109440","420","656","1","2","0","0","260.57","Paragraph 78"
"Dragon's Dogma","7445","Dragon's Dogma","109200","34080","49","2","103","0","0","3.2","Dragon's Dogma"
"Battle Tanks","7446","Battle Tanks","109200","1500","414","1","6","0","0","72.8","Battle Tanks"
"FAST Racing League","7447","FAST Racing League","109140","900","1636","1","7","0","0","121.27","FAST Racing League"
"Civilization: Beyond Earth - Rising Tide","7448","Civilization: Beyond Earth - Rising Tide","109140","16800","177","2","39","0","0","6.5","Civilization: Beyond Earth - Rising Tide"
"Shock Troopers","7449","Shock Troopers","109140","3660","137","1","24","0","0","29.82","Shock Troopers"
"The Gallery: Heart of the Emberstone","7450","The Gallery: Heart of the Emberstone","109140","4920","277","2","15","0","0","22.18","The Gallery: Heart of the Emberstone"
"Cricket","7451","Cricket","109080","5940","190","1","13","0","0","18.36","Cricket"
"Muppet RaceMania","7452","Muppet RaceMania","109020","3360","1530","1","12","0","0","32.45","Muppet RaceMania"
"ISLAND","7453","ISLAND","109020","5700","193","2","11","0","0","19.13","ISLAND"
"Yggdra Union: We'll Never Fight Alone","7454","Yggdra Union: We'll Never Fight Alone","108840","8580","76","2","13","0","0","12.69","Yggdra Union: We'll Never Fight Alone"
"Kinetica","7455","Kinetica","108780","4920","1919","1","39","0","0","22.11","Kinetica"
"Orcish Inn","7456","Orcish Inn","108780","7020","196","2","25","0","0","15.5","Orcish Inn"
"Fur Fighters: Viggo's Revenge","7457","Fur Fighters: Viggo's Revenge","108780","3060","96","2","7","0","0","35.55","Fur Fighters: Viggo's Revenge"
"LocoCycle","7458","LocoCycle","108660","6360","356","1","23","0","0","17.08","LocoCycle"
"Light Apprentice","7459","Light Apprentice","108600","7200","74","2","27","0","0","15.08","Light Apprentice"
"Hunger Dungeon","7460","Hunger Dungeon","108600","18840","365","3","130","0","0","5.76","Hunger Dungeon"
"War of Genesis III","7461","War of Genesis III","108600","5040","196","1","5","0","0","21.55","War of Genesis III"
"Doshin the Giant","7462","Doshin the Giant","108480","6180","540","2","18","0","0","17.55","Doshin the Giant"
"Riptale","7463","Riptale","108420","16080","82","4","85","0","0","6.74","Riptale"
"Californium","7464","Californium","108300","840","705","1","4","0","0","128.93","Californium"
"TIS-100","7465","TIS-100","108180","25020","200","3","89","0","0","4.32","TIS-100"
"Leo's Fortune","7466","Leo's Fortune","108180","38700","120","3","82","0","0","2.8","Leo's Fortune"
"Big Brother: The Game","7467","Big Brother: The Game","108180","7440","74","3","4","0","0","14.54","Big Brother: The Game"
"Mario Teaches Typing","7468","Mario Teaches Typing","108180","1980","1344","2","21","0","0","54.64","Mario Teaches Typing"
"Toki","7469","Toki","108180","8220","847","2","12","0","0","13.16","Toki"
"Spy Chameleon RGB Agent","7470","Spy Chameleon RGB Agent","108120","48900","151","6","371","0","0","2.21","Spy Chameleon RGB Agent"
"DragonHeart: Fire & Steel","7471","DragonHeart: Fire & Steel","108000","240","725","1","1","0","0","450","DragonHeart: Fire & Steel"
"CyClones","7472","CyClones","108000","2160","143","1","2","0","0","50","CyClones"
"Hell Hole","7473","Hell Hole","108000","720","468","1","2","0","0","150","Hell Hole"
"X4: Foundations","7474","X4: Foundations","108000","180","955","1","1","0","0","600","X4: Foundations"
"Zombies Monsters Robots","7475","Zombies Monsters Robots","107940","35040","57","3","104","0","0","3.08","Zombies Monsters Robots"
"fault -milestone one-","7476","fault -milestone one-","107940","12540","239","2","58","0","0","8.61","fault -milestone one-"
"Populous II: Trials of the Olympian Gods","7477","Populous II: Trials of the Olympian Gods","107760","2400","216","1","5","0","0","44.9","Populous II: Trials of the Olympian Gods"
"O2Jam","7478","O2Jam","107700","41100","38","2","119","0","0","2.62","O2Jam"
"WWE '12","7479","WWE '12","107700","5880","184","1","13","0","0","18.32","WWE '12"
"Heretic II","7480","Heretic II","107640","6720","92","1","8","0","0","16.02","Heretic II"
"Deus Ex: Invisible War","7481","Deus Ex: Invisible War","107580","34140","31","2","60","0","0","3.15","Deus Ex: Invisible War"
"Pencil Sharpening Simulator","7482","Pencil Sharpening Simulator","107580","3840","277","2","14","0","0","28.02","Pencil Sharpening Simulator"
"Tiny Troopers 2: Special Ops","7483","Tiny Troopers 2: Special Ops","107580","780","903","1","4","0","0","137.92","Tiny Troopers 2: Special Ops"
"Contraption Zack","7484","Contraption Zack","107520","180","622","1","1","0","0","597.33","Contraption Zack"
"Extreme Exorcism","7485","Extreme Exorcism","107520","1260","990","1","10","0","0","85.33","Extreme Exorcism"
"Alpha Polaris","7486","Alpha Polaris","107520","6420","178","1","21","0","0","16.75","Alpha Polaris"
"Adventures in the Magic Kingdom","7487","Adventures in the Magic Kingdom","107460","4200","441","7","27","0","0","25.59","Adventures in the Magic Kingdom"
"Hello Kitty Online","7488","Hello Kitty Online","107400","62220","124","4","89","0","0","1.73","Hello Kitty Online"
"Marooners","7489","Marooners","107340","10800","191","2","73","0","0","9.94","Marooners"
"Serious Sam Classics: Revolution","7490","Serious Sam Classics: Revolution","107280","31440","82","3","104","0","0","3.41","Serious Sam Classics: Revolution"
"Ghost Master","7491","Ghost Master","107280","22620","123","2","85","0","0","4.74","Ghost Master"
"Rock Revolution","7492","Rock Revolution","107040","1020","338","1","3","0","0","104.94","Rock Revolution"
"Alchemist code","7493","Alchemist code","107040","12780","240","3","22","0","0","8.38","Alchemist code"
"DinoCity","7494","DinoCity","106980","4140","159","1","11","0","0","25.84","DinoCity"
"Forbidden Siren 2","7495","Forbidden Siren 2","106920","8400","213","2","21","0","0","12.73","Forbidden Siren 2"
"Billiards","7496","Billiards","106800","34860","39","2","52","0","0","3.06","Billiards"
"La Tale","7497","La Tale","106740","33600","48","5","77","0","0","3.18","La Tale"
"The Goonies II","7498","The Goonies II","106740","10560","91","3","23","0","0","10.11","The Goonies II"
"Ys: The Vanished Omens","7499","Ys: The Vanished Omens","106740","17100","211","2","47","0","0","6.24","Ys: The Vanished Omens"
"The Sims 3: Pets","7500","The Sims 3: Pets","106680","20580","61","2","72","0","0","5.18","The Sims 3: Pets"