"","","Game","Watch time","Stream time","Peak viewers","Peak channels","Streamers","Average viewers","Average channels","Average viewer ratio",""
"Knights of the Round","6801","Knights of the Round","144840","13560","476","2","42","0","0","10.68","Knights of the Round"
"Moto Racer 4","6802","Moto Racer 4","144780","13620","305","2","79","0","0","10.63","Moto Racer 4"
"Unearned Bounty","6803","Unearned Bounty","144540","8220","587","5","29","0","0","17.58","Unearned Bounty"
"LocoRoco 2","6804","LocoRoco 2","144420","6900","1727","2","12","0","0","20.93","LocoRoco 2"
"Full Mojo Rampage","6805","Full Mojo Rampage","144300","31260","338","4","128","0","0","4.62","Full Mojo Rampage"
"Pinball Quest","6806","Pinball Quest","144240","6360","168","2","4","0","0","22.68","Pinball Quest"
"Turbo Pug","6807","Turbo Pug","144240","26220","253","2","202","0","0","5.5","Turbo Pug"
"Tetris Evolution","6808","Tetris Evolution","144180","360","1714","1","0","0","0","400.5","Tetris Evolution"
"Doom and Destiny","6809","Doom and Destiny","144120","19560","65","2","24","0","0","7.37","Doom and Destiny"
"Adventures of Lolo 3","6810","Adventures of Lolo 3","144000","7200","95","1","10","0","0","20","Adventures of Lolo 3"
"No One Can Stop Mr. Domino","6811","No One Can Stop Mr. Domino","144000","1440","2213","1","11","0","0","100","No One Can Stop Mr. Domino"
"Pac-Man World 3","6812","Pac-Man World 3","143940","21240","212","3","19","0","0","6.78","Pac-Man World 3"
"In Case of Emergency, Release Raptor","6813","In Case of Emergency, Release Raptor","143880","960","1725","1","4","0","0","149.88","In Case of Emergency, Release Raptor"
"Fight Night Champion","6814","Fight Night Champion","143820","23700","382","2","52","0","0","6.07","Fight Night Champion"
"Wurm Online","6815","Wurm Online","143700","75540","25","2","60","0","0","1.9","Wurm Online"
"Them's Fightin' Herds","6816","Them's Fightin' Herds","143700","13860","213","5","39","0","0","10.37","Them's Fightin' Herds"
"Friday The 13th: The Computer Game","6817","Friday The 13th: The Computer Game","143580","47520","271","4","87","0","0","3.02","Friday The 13th: The Computer Game"
"Peggle Nights","6818","Peggle Nights","143340","17760","916","3","72","0","0","8.07","Peggle Nights"
"Graceful Explosion Machine","6819","Graceful Explosion Machine","143280","12720","301","3","69","0","0","11.26","Graceful Explosion Machine"
"Midnight Club 3: DUB Edition Remix","6820","Midnight Club 3: DUB Edition Remix","143100","11820","313","2","41","0","0","12.11","Midnight Club 3: DUB Edition Remix"
"Party Mix","6821","Party Mix","142920","23760","98","2","46","0","0","6.02","Party Mix"
"Chivalry: Deadliest Warrior","6822","Chivalry: Deadliest Warrior","142860","28260","319","3","153","0","0","5.06","Chivalry: Deadliest Warrior"
"Lupin the 3rd: Treasure of the Sorcerer King","6823","Lupin the 3rd: Treasure of the Sorcerer King","142860","2220","315","1","8","0","0","64.35","Lupin the 3rd: Treasure of the Sorcerer King"
"Trulon: The Shadow Engine","6824","Trulon: The Shadow Engine","142860","7020","190","2","26","0","0","20.35","Trulon: The Shadow Engine"
"Unreal Tournament 3","6825","Unreal Tournament 3","142800","62580","123","3","224","0","0","2.28","Unreal Tournament 3"
"Retro City Rampage","6826","Retro City Rampage","142800","22620","309","2","124","0","0","6.31","Retro City Rampage"
"Cat on a Diet","6827","Cat on a Diet","142740","12240","363","2","45","0","0","11.66","Cat on a Diet"
"Team Fortress Classic","6828","Team Fortress Classic","142680","51000","322","3","102","0","0","2.8","Team Fortress Classic"
"Social City","6829","Social City","142680","25740","220","2","90","0","0","5.54","Social City"
"MediEvil II","6830","MediEvil II","142440","31440","66","2","65","0","0","4.53","MediEvil II"
"Catan Universe","6831","Catan Universe","142380","43680","348","3","116","0","0","3.26","Catan Universe"
"Eden Star","6832","Eden Star","142260","29580","84","3","112","0","0","4.81","Eden Star"
"Just Dance 2","6833","Just Dance 2","142260","2580","844","1","18","0","0","55.14","Just Dance 2"
"Chicken Run","6834","Chicken Run","142260","4920","672","1","22","0","0","28.91","Chicken Run"
"Indiana Jones' Greatest Adventures","6835","Indiana Jones' Greatest Adventures","142200","10080","923","2","17","0","0","14.11","Indiana Jones' Greatest Adventures"
"Red Rope: Don't Fall Behind","6836","Red Rope: Don't Fall Behind","142020","2160","1229","1","10","0","0","65.75","Red Rope: Don't Fall Behind"
"King's Field: The Ancient City","6837","King's Field: The Ancient City","141840","30180","48","3","34","0","0","4.7","King's Field: The Ancient City"
"Escape Plan","6838","Escape Plan","141780","13560","415","2","52","0","0","10.46","Escape Plan"
"Terminator Salvation","6839","Terminator Salvation","141720","5460","2014","2","23","0","0","25.96","Terminator Salvation"
"The Blues Brothers","6840","The Blues Brothers","141600","1380","1986","1","9","0","0","102.61","The Blues Brothers"
"Super Stone Legacy","6841","Super Stone Legacy","141600","720","966","1","5","0","0","196.67","Super Stone Legacy"
"Fire 'n Ice","6842","Fire 'n Ice","141540","63300","505","3","16","0","0","2.24","Fire 'n Ice"
"Alone","6843","Alone","141480","4200","984","1","32","0","0","33.69","Alone"
"GRIDD: Retroenhanced","6844","GRIDD: Retroenhanced","141480","7500","357","2","62","0","0","18.86","GRIDD: Retroenhanced"
"Lair","6845","Lair","141420","1380","2262","1","6","0","0","102.48","Lair"
"Star Traders: Frontiers","6846","Star Traders: Frontiers","141240","13200","416","2","9","0","0","10.7","Star Traders: Frontiers"
"The Incredibles: Rise of the Underminer","6847","The Incredibles: Rise of the Underminer","141180","2220","1350","1","9","0","0","63.59","The Incredibles: Rise of the Underminer"
"Shark Attack","6848","Shark Attack","141180","660","2396","1","3","0","0","213.91","Shark Attack"
"Driver: Parallel Lines","6849","Driver: Parallel Lines","141120","10260","544","2","36","0","0","13.75","Driver: Parallel Lines"
"Quest RPG: Brian's Journey","6850","Quest RPG: Brian's Journey","141120","3360","739","1","4","0","0","42","Quest RPG: Brian's Journey"
"Last Chaos","6851","Last Chaos","141120","54480","36","3","109","0","0","2.59","Last Chaos"
"Lemmings","6852","Lemmings","141060","24780","573","2","81","0","0","5.69","Lemmings"
"Super Robot Wars Alpha 3","6853","Super Robot Wars Alpha 3","141060","24240","53","2","19","0","0","5.82","Super Robot Wars Alpha 3"
"All the Delicate Duplicates","6854","All the Delicate Duplicates","141060","2340","667","3","24","0","0","60.28","All the Delicate Duplicates"
"Yodanji","6855","Yodanji","141060","840","822","1","0","0","0","167.93","Yodanji"
"DiRT 2","6856","DiRT 2","141000","24000","190","2","79","0","0","5.88","DiRT 2"
"Roller Coaster Factory 2","6857","Roller Coaster Factory 2","141000","2400","1060","1","12","0","0","58.75","Roller Coaster Factory 2"
"Train Fever","6858","Train Fever","140520","32760","755","3","75","0","0","4.29","Train Fever"
"Hunt: Showdown","6859","Hunt: Showdown","140400","1140","411","2","3","0","0","123.16","Hunt: Showdown"
"Her Majesty's SPIFFING","6860","Her Majesty's SPIFFING","140400","14700","137","2","74","0","0","9.55","Her Majesty's SPIFFING"
"Commodore","6861","Commodore","140280","15060","75","2","24","0","0","9.31","Commodore"
"Tetris Giant","6862","Tetris Giant","140280","3300","783","1","15","0","0","42.51","Tetris Giant"
"Atelier Shallie: Alchemists of the Dusk Sea","6863","Atelier Shallie: Alchemists of the Dusk Sea","140160","25440","70","2","25","0","0","5.51","Atelier Shallie: Alchemists of the Dusk Sea"
"OCTGN","6864","OCTGN","140100","30240","42","3","44","0","0","4.63","OCTGN"
"Lizzie McGuire 2: Lizzie Diaries","6865","Lizzie McGuire 2: Lizzie Diaries","140100","900","828","1","3","0","0","155.67","Lizzie McGuire 2: Lizzie Diaries"
"Who Wants To Be A Millionaire? Special Editions","6866","Who Wants To Be A Millionaire? Special Editions","139980","2280","306","1","7","0","0","61.39","Who Wants To Be A Millionaire? Special Editions"
"Space Channel 5: Ulala's Cosmic Attack","6867","Space Channel 5: Ulala's Cosmic Attack","139920","1860","1854","1","8","0","0","75.23","Space Channel 5: Ulala's Cosmic Attack"
"You Are Empty","6868","You Are Empty","139860","8400","336","1","21","0","0","16.65","You Are Empty"
"BurgerTime","6869","BurgerTime","139800","3840","2128","2","22","0","0","36.41","BurgerTime"
"Wand Wars","6870","Wand Wars","139740","5580","290","1","34","0","0","25.04","Wand Wars"
"Spectrobes","6871","Spectrobes","139680","3600","921","1","10","0","0","38.8","Spectrobes"
"King's Quest VI: Heir Today, Gone Tomorrow","6872","King's Quest VI: Heir Today, Gone Tomorrow","139500","29640","35","3","71","0","0","4.71","King's Quest VI: Heir Today, Gone Tomorrow"
"The King of Fighters '94","6873","The King of Fighters '94","139500","5820","711","1","20","0","0","23.97","The King of Fighters '94"
"Casino Inc","6874","Casino Inc","139440","1200","1737","1","8","0","0","116.2","Casino Inc"
"Asphalt 8","6875","Asphalt 8","139440","242640","80","8","1306","0","0","0.57","Asphalt 8"
"Ork","6876","Ork","139440","660","853","1","2","0","0","211.27","Ork"
"Home","6877","Home","139320","33120","186","3","164","0","0","4.21","Home"
"Pacer","6878","Pacer","139320","27420","302","4","82","0","0","5.08","Pacer"
"Frederic: Resurrection of Music","6879","Frederic: Resurrection of Music","139320","3420","299","1","25","0","0","40.74","Frederic: Resurrection of Music"
"Star Wars: Racer Revenge","6880","Star Wars: Racer Revenge","139200","6240","2006","2","104","0","0","22.31","Star Wars: Racer Revenge"
"Star Trek: Elite Force II","6881","Star Trek: Elite Force II","139140","7320","145","2","19","0","0","19.01","Star Trek: Elite Force II"
"The Great Waldo Search","6882","The Great Waldo Search","139140","1320","1743","1","7","0","0","105.41","The Great Waldo Search"
"Just Dance 3","6883","Just Dance 3","139020","6360","382","1","27","0","0","21.86","Just Dance 3"
"Fruit Ninja VR","6884","Fruit Ninja VR","138900","9840","811","2","152","0","0","14.12","Fruit Ninja VR"
"Staxel","6885","Staxel","138840","5280","294","1","13","0","0","26.3","Staxel"
"Graffiti Kingdom","6886","Graffiti Kingdom","138840","4560","603","1","16","0","0","30.45","Graffiti Kingdom"
"Project Zero 2: Wii Edition","6887","Project Zero 2: Wii Edition","138840","23940","74","2","31","0","0","5.8","Project Zero 2: Wii Edition"
"Slendy!","6888","Slendy!","138840","5520","387","1","38","0","0","25.15","Slendy!"
"Dark","6889","Dark","138780","24180","483","2","130","0","0","5.74","Dark"
"Yaiba: Ninja Gaiden Z","6890","Yaiba: Ninja Gaiden Z","138720","19020","329","2","67","0","0","7.29","Yaiba: Ninja Gaiden Z"
"Anna's Quest","6891","Anna's Quest","138720","3720","756","2","0","0","0","37.29","Anna's Quest"
"Super Street Fighter IV","6892","Super Street Fighter IV","138660","66240","128","4","283","0","0","2.09","Super Street Fighter IV"
"1954: Alcatraz","6893","1954: Alcatraz","138360","14400","1063","2","50","0","0","9.61","1954: Alcatraz"
"Schoolgirl Strikers: Twinkle Melodies","6894","Schoolgirl Strikers: Twinkle Melodies","138360","10740","52","2","8","0","0","12.88","Schoolgirl Strikers: Twinkle Melodies"
"Bot Vice","6895","Bot Vice","138240","9120","305","2","28","0","0","15.16","Bot Vice"
"Norse by Norse West: The Return of the Lost Vikings","6896","Norse by Norse West: The Return of the Lost Vikings","138240","4680","362","1","13","0","0","29.54","Norse by Norse West: The Return of the Lost Vikings"
"MetaTron","6897","MetaTron","138180","10560","169","6","47","0","0","13.09","MetaTron"
"Liftoff","6898","Liftoff","138060","72060","99","3","196","0","0","1.92","Liftoff"
"1979 Revolution","6899","1979 Revolution","137820","24360","381","3","129","0","0","5.66","1979 Revolution"
"BS Zelda no Densetsu","6900","BS Zelda no Densetsu","137700","7140","605","1","21","0","0","19.29","BS Zelda no Densetsu"