"","","Game","Watch time","Stream time","Peak viewers","Peak channels","Streamers","Average viewers","Average channels","Average viewer ratio",""
"Deponia","1701","Deponia","3986400","314040","1910","8","1137","7","0","12.69","Deponia"
"Refunct","1702","Refunct","3984060","187380","89946","7","696","7","0","21.26","Refunct"
"Barbie as the Island Princess","1703","Barbie as the Island Princess","3979860","51960","34516","5","124","7","0","76.59","Barbie as the Island Princess"
"Asura's Wrath","1704","Asura's Wrath","3976020","74280","2840","2","154","7","0","53.53","Asura's Wrath"
"Steins;Gate 0","1705","Steins;Gate 0","3968280","109920","2077","3","202","7","0","36.1","Steins;Gate 0"
"Saints Row: The Third","1706","Saints Row: The Third","3962100","759300","2726","12","3043","7","1","5.22","Saints Row: The Third"
"Halo Online","1707","Halo Online","3952440","254520","32987","18","1010","7","0","15.53","Halo Online"
"SimCity","1708","SimCity","3947340","304260","4237","7","1128","7","0","12.97","SimCity"
"Startopia","1709","Startopia","3943920","17100","3350","3","45","7","0","230.64","Startopia"
"MX Nitro","1710","MX Nitro","3922500","12360","32406","6","73","7","0","317.35","MX Nitro"
"Ghosts'n Demons","1711","Ghosts'n Demons","3920160","4740","93302","9","20","7","0","827.04","Ghosts'n Demons"
"NEKOPARA Vol. 2","1712","NEKOPARA Vol. 2","3916440","66000","17543","9","231","7","0","59.34","NEKOPARA Vol. 2"
"Monster Hunter Stories","1713","Monster Hunter Stories","3915120","212100","1165","17","218","7","0","18.46","Monster Hunter Stories"
"Mega Man 5","1714","Mega Man 5","3915060","145560","5310","9","272","7","0","26.9","Mega Man 5"
"Tomb Raider: The Last Revelation","1715","Tomb Raider: The Last Revelation","3911400","312360","311","7","219","7","0","12.52","Tomb Raider: The Last Revelation"
"Rock Band","1716","Rock Band","3909360","36180","10017","3","149","7","0","108.05","Rock Band"
"Dragon Quest V: Hand of the Heavenly Bride","1717","Dragon Quest V: Hand of the Heavenly Bride","3902820","94380","7854","4","83","7","0","41.35","Dragon Quest V: Hand of the Heavenly Bride"
"Dead Rising 2: Off the Record","1718","Dead Rising 2: Off the Record","3900060","292200","3990","6","905","7","0","13.35","Dead Rising 2: Off the Record"
"Blackhole","1719","Blackhole","3899880","16860","5074","2","59","7","0","231.31","Blackhole"
"Final Fantasy Tactics: The War of the Lions","1720","Final Fantasy Tactics: The War of the Lions","3894660","189180","1060","5","233","7","0","20.59","Final Fantasy Tactics: The War of the Lions"
"The Addams Family","1721","The Addams Family","3889980","13620","117817","9","42","7","0","285.61","The Addams Family"
"Guns of Icarus: Alliance","1722","Guns of Icarus: Alliance","3888000","157920","42494","42","392","7","0","24.62","Guns of Icarus: Alliance"
"Arrow Heads","1723","Arrow Heads","3882480","4860","36007","4","34","7","0","798.86","Arrow Heads"
"Soul Worker Online","1724","Soul Worker Online","3882240","785460","2230","27","904","7","1","4.94","Soul Worker Online"
"Feed & Grow Fish","1725","Feed & Grow Fish","3881640","23580","11596","3","106","7","0","164.62","Feed & Grow Fish"
"Lightning Returns: Final Fantasy XIII","1726","Lightning Returns: Final Fantasy XIII","3871080","421980","3546","9","587","7","0","9.17","Lightning Returns: Final Fantasy XIII"
"Slender: The Arrival","1727","Slender: The Arrival","3868380","401280","2856","19","4248","7","0","9.64","Slender: The Arrival"
"The Book of Unwritten Tales 2","1728","The Book of Unwritten Tales 2","3841200","101160","3462","3","165","7","0","37.97","The Book of Unwritten Tales 2"
"Tom and Jerry","1729","Tom and Jerry","3841020","6960","118899","10","30","7","0","551.87","Tom and Jerry"
"Igromir","1730","Igromir","3835620","5400","6785","6","11","7","0","710.3","Igromir"
"SIMCITY (2013)","1731","SIMCITY (2013)","3835140","476760","2081","8","1522","7","0","8.04","SIMCITY (2013)"
"Tsuihou Senkyo","1732","Tsuihou Senkyo","3833340","11760","4115","4","16","7","0","325.96","Tsuihou Senkyo"
"Crowtel","1733","Crowtel","3827280","6360","112629","9","35","7","0","601.77","Crowtel"
"Pikmin 2","1734","Pikmin 2","3825480","324000","2852","6","440","7","0","11.81","Pikmin 2"
"Might and Magic VI: The Mandate of Heaven","1735","Might and Magic VI: The Mandate of Heaven","3822360","138840","110055","7","108","7","0","27.53","Might and Magic VI: The Mandate of Heaven"
"Eco","1736","Eco","3814620","265080","989","7","296","7","0","14.39","Eco"
"The Dream Machine","1737","The Dream Machine","3813300","59760","3596","3","116","7","0","63.81","The Dream Machine"
"The Legend of Zelda: Tri Force Heroes","1738","The Legend of Zelda: Tri Force Heroes","3813300","60120","5817","4","104","7","0","63.43","The Legend of Zelda: Tri Force Heroes"
"Metal Gear","1739","Metal Gear","3812880","60900","2156","3","159","7","0","62.61","Metal Gear"
"Capcom vs. SNK 2: Mark of the Millennium","1740","Capcom vs. SNK 2: Mark of the Millennium","3812580","84000","7675","4","168","7","0","45.39","Capcom vs. SNK 2: Mark of the Millennium"
"Realm of Valor","1741","Realm of Valor","3810660","186180","1820","6","359","7","0","20.47","Realm of Valor"
"Need for Speed: The Run","1742","Need for Speed: The Run","3809940","157080","617","4","450","7","0","24.25","Need for Speed: The Run"
"Knytt Stories","1743","Knytt Stories","3797820","41580","91615","13","35","7","0","91.34","Knytt Stories"
"Siren","1744","Siren","3795660","102660","3853","3","202","7","0","36.97","Siren"
"Fable II","1745","Fable II","3790440","320280","7536","6","755","7","0","11.83","Fable II"
"Shinobi III : Return of the Ninja Master","1746","Shinobi III : Return of the Ninja Master","3787380","31080","108355","3","115","7","0","121.86","Shinobi III : Return of the Ninja Master"
"Moon Crystal","1747","Moon Crystal","3786060","14100","121717","10","44","7","0","268.51","Moon Crystal"
"Aven Colony","1748","Aven Colony","3786060","194280","1915","34","579","7","0","19.49","Aven Colony"
"Lego Marvel Super Heroes 2","1749","Lego Marvel Super Heroes 2","3784200","120600","9073","19","406","7","0","31.38","Lego Marvel Super Heroes 2"
"Tesla Effect","1750","Tesla Effect","3782760","54000","4307","3","101","7","0","70.05","Tesla Effect"
"Evoland 2: A Slight Case of Spacetime Continuum Disorder","1751","Evoland 2: A Slight Case of Spacetime Continuum Disorder","3779160","459240","438","11","1007","7","0","8.23","Evoland 2: A Slight Case of Spacetime Continuum Disorder"
"Simon the Sorcerer II: The Lion, the Wizard and the Wardrobe","1752","Simon the Sorcerer II: The Lion, the Wizard and the Wardrobe","3774300","15840","4430","2","18","7","0","238.28","Simon the Sorcerer II: The Lion, the Wizard and the Wardrobe"
"Star Wars: Jedi Knight II - Jedi Outcast","1753","Star Wars: Jedi Knight II - Jedi Outcast","3774060","228600","13067","6","504","7","0","16.51","Star Wars: Jedi Knight II - Jedi Outcast"
"Final Fantasy X-2","1754","Final Fantasy X-2","3773400","221040","2396","6","219","7","0","17.07","Final Fantasy X-2"
"Soccer Spirits","1755","Soccer Spirits","3772500","378300","799","7","237","7","0","9.97","Soccer Spirits"
"Anime Land","1756","Anime Land","3766980","467760","3589","11","768","7","0","8.05","Anime Land"
"Wayne's World","1757","Wayne's World","3764340","1320","119334","6","18","7","0","2851.77","Wayne's World"
"The Saboteur","1758","The Saboteur","3756120","100740","3112","3","229","7","0","37.29","The Saboteur"
"Crysis","1759","Crysis","3752880","1208820","3774","9","994","7","2","3.1","Crysis"
"WWE 2K16","1760","WWE 2K16","3747660","735840","6098","14","3741","7","1","5.09","WWE 2K16"
"Maize","1761","Maize","3731220","172680","8672","8","751","7","0","21.61","Maize"
"Planet Nomads","1762","Planet Nomads","3731160","112380","22537","9","237","7","0","33.2","Planet Nomads"
"TrackMania Turbo","1763","TrackMania Turbo","3723540","546960","2922","20","3230","7","1","6.81","TrackMania Turbo"
"Heroes of Might and Magic V: Tribes of the East","1764","Heroes of Might and Magic V: Tribes of the East","3722880","303540","4019","7","304","7","0","12.26","Heroes of Might and Magic V: Tribes of the East"
"Black & White","1765","Black & White","3710280","50520","6935","3","70","7","0","73.44","Black & White"
"Star Wars: Knights of the Old Republic II - The Sith Lords","1766","Star Wars: Knights of the Old Republic II - The Sith Lords","3702360","590460","1011","11","1162","7","1","6.27","Star Wars: Knights of the Old Republic II - The Sith Lords"
"BeamNG.Drive","1767","BeamNG.Drive","3701040","364080","4760","8","2097","7","0","10.17","BeamNG.Drive"
"Thief","1768","Thief","3700140","594660","1645","9","2371","7","1","6.22","Thief"
"Aporia: Beyond The Valley","1769","Aporia: Beyond The Valley","3698400","53760","35254","12","209","7","0","68.79","Aporia: Beyond The Valley"
"Looterkings","1770","Looterkings","3684720","52320","22800","6","194","7","0","70.43","Looterkings"
"Crazy Arcade","1771","Crazy Arcade","3683340","23460","7014","2","119","7","0","157.01","Crazy Arcade"
"Digimon World","1772","Digimon World","3682380","211500","479","5","265","7","0","17.41","Digimon World"
"Castlevania: Order of Ecclesia","1773","Castlevania: Order of Ecclesia","3682200","105540","2179","4","132","7","0","34.89","Castlevania: Order of Ecclesia"
"Grip","1774","Grip","3678480","49920","38915","7","262","6","0","73.69","Grip"
"Opus Magnum","1775","Opus Magnum","3676920","91200","5131","7","179","6","0","40.32","Opus Magnum"
"Wuppo","1776","Wuppo","3672360","94260","1672","4","255","6","0","38.96","Wuppo"
"Everlasting Summer","1777","Everlasting Summer","3666360","339480","2745","7","919","6","0","10.8","Everlasting Summer"
"Pokémon Duel","1778","Pokémon Duel","3664440","250980","536","10","408","6","0","14.6","Pokémon Duel"
"Bully","1779","Bully","3658680","473160","3494","8","1878","6","0","7.73","Bully"
"Naruto Shippuden: Narutimate Blazing","1780","Naruto Shippuden: Narutimate Blazing","3658380","439980","1639","12","294","6","0","8.31","Naruto Shippuden: Narutimate Blazing"
"Sonic Adventure 2","1781","Sonic Adventure 2","3658200","260160","5906","8","1120","6","0","14.06","Sonic Adventure 2"
"Ninja Gaiden 3","1782","Ninja Gaiden 3","3657840","7980","116048","6","16","6","0","458.38","Ninja Gaiden 3"
"RaceRoom Racing Experience","1783","RaceRoom Racing Experience","3655500","371160","792","13","809","6","0","9.85","RaceRoom Racing Experience"
"Stronghold Crusader","1784","Stronghold Crusader","3654060","286800","9832","10","788","6","0","12.74","Stronghold Crusader"
"Burger Burger","1785","Burger Burger","3653880","2460","2839","1","2","6","0","1485.32","Burger Burger"
"Syberia","1786","Syberia","3652680","174420","2587","6","384","6","0","20.94","Syberia"
"Super Paper Mario","1787","Super Paper Mario","3652200","207360","1483","5","304","6","0","17.61","Super Paper Mario"
"Baldur's Gate","1788","Baldur's Gate","3648480","498840","3412","8","764","6","0","7.31","Baldur's Gate"
"Bloody Trapland","1789","Bloody Trapland","3646560","111180","16488","4","659","6","0","32.8","Bloody Trapland"
"Grand Theft Auto","1790","Grand Theft Auto","3640980","158100","2852","5","540","6","0","23.03","Grand Theft Auto"
"Pokémon XD: Gale of Darkness","1791","Pokémon XD: Gale of Darkness","3637080","281460","956","7","533","6","0","12.92","Pokémon XD: Gale of Darkness"
"Disney's Extreme Skate Adventure","1792","Disney's Extreme Skate Adventure","3632040","15600","119170","12","60","6","0","232.82","Disney's Extreme Skate Adventure"
"Skate 3","1793","Skate 3","3626580","1108020","2304","20","7243","6","2","3.27","Skate 3"
"King of Kings: The Early Years","1794","King of Kings: The Early Years","3621240","2940","119350","4","6","6","0","1231.71","King of Kings: The Early Years"
"Pikmin","1795","Pikmin","3617400","201060","3087","5","457","6","0","17.99","Pikmin"
"Fatal Frame II: Crimson Butterfly","1796","Fatal Frame II: Crimson Butterfly","3612600","169500","1488","9","309","6","0","21.31","Fatal Frame II: Crimson Butterfly"
"Pinstripe","1797","Pinstripe","3610560","91860","4928","8","353","6","0","39.31","Pinstripe"
"DuckTales","1798","DuckTales","3605700","83580","68633","17","346","6","0","43.14","DuckTales"
"Just Dance 2016","1799","Just Dance 2016","3604200","79200","2528","3","414","6","0","45.51","Just Dance 2016"
"Pokémon Snap","1800","Pokémon Snap","3600360","147660","5736","5","525","6","0","24.38","Pokémon Snap"