"","","Game","Watch time","Stream time","Peak viewers","Peak channels","Streamers","Average viewers","Average channels","Average viewer ratio",""
"Fire & Ice","10801","Fire & Ice","30300","720","63","1","2","0","0","42.08","Fire & Ice"
"Horse Life","10802","Horse Life","30300","3060","33","1","9","0","0","9.9","Horse Life"
"0000","10803","0000","30300","14640","87","1","12","0","0","2.07","0000"
"James Pond 3: Operation Starfish","10804","James Pond 3: Operation Starfish","30240","660","396","1","2","0","0","45.82","James Pond 3: Operation Starfish"
"Oh Snap","10805","Oh Snap","30240","120","502","1","1","0","0","252","Oh Snap"
"Super Pac-Man","10806","Super Pac-Man","30240","1440","47","1","3","0","0","21","Super Pac-Man"
"Make-Up and Style","10807","Make-Up and Style","30240","4080","78","1","24","0","0","7.41","Make-Up and Style"
"Space Colony","10808","Space Colony","30240","6240","85","1","22","0","0","4.85","Space Colony"
"Scania Truck Driving Simulator: The Game","10809","Scania Truck Driving Simulator: The Game","30240","10080","74","2","49","0","0","3","Scania Truck Driving Simulator: The Game"
"Robin Hood: The Legend of Sherwood","10810","Robin Hood: The Legend of Sherwood","30240","9120","19","1","22","0","0","3.32","Robin Hood: The Legend of Sherwood"
"Aero the Acro-Bat","10811","Aero the Acro-Bat","30240","3000","217","1","11","0","0","10.08","Aero the Acro-Bat"
"Eternal Ring","10812","Eternal Ring","30240","14640","34","3","44","0","0","2.07","Eternal Ring"
"Mob Rule","10813","Mob Rule","30240","2820","439","1","11","0","0","10.72","Mob Rule"
"Metal Slug 5","10814","Metal Slug 5","30180","15840","14","1","52","0","0","1.91","Metal Slug 5"
"Zeliard","10815","Zeliard","30180","2760","245","1","6","0","0","10.93","Zeliard"
"Capitalism Lab","10816","Capitalism Lab","30180","16560","13","1","14","0","0","1.82","Capitalism Lab"
"Air Control","10817","Air Control","30180","1680","130","1","8","0","0","17.96","Air Control"
"Witanlore: Dreamtime","10818","Witanlore: Dreamtime","30180","900","60","1","1","0","0","33.53","Witanlore: Dreamtime"
"WWE WrestleMania 21","10819","WWE WrestleMania 21","30180","1320","112","1","3","0","0","22.86","WWE WrestleMania 21"
"Rogue Wizards","10820","Rogue Wizards","30180","7320","40","3","29","0","0","4.12","Rogue Wizards"
"ReBoot","10821","ReBoot","30120","2520","46","1","8","0","0","11.95","ReBoot"
"Test Drive: Off-Road: Wide Open","10822","Test Drive: Off-Road: Wide Open","30120","418560","958","3","61","0","0","0.07","Test Drive: Off-Road: Wide Open"
"Spacebound","10823","Spacebound","30120","1500","147","1","11","0","0","20.08","Spacebound"
"Call of Cthulhu - The Video Game","10824","Call of Cthulhu - The Video Game","30120","8820","54","1","23","0","0","3.41","Call of Cthulhu - The Video Game"
"Stuntman","10825","Stuntman","30060","3840","43","1","11","0","0","7.83","Stuntman"
"Ship Simulator Extremes","10826","Ship Simulator Extremes","30060","9360","29","1","43","0","0","3.21","Ship Simulator Extremes"
"The Adventures of Bertram Fiddle","10827","The Adventures of Bertram Fiddle","30060","5760","43","2","18","0","0","5.22","The Adventures of Bertram Fiddle"
"Super Time Force","10828","Super Time Force","30060","16140","80","2","65","0","0","1.86","Super Time Force"
"Racing","10829","Racing","30060","38700","47","2","90","0","0","0.78","Racing"
"American Truck","10830","American Truck","30060","5340","216","1","26","0","0","5.63","American Truck"
"Outcry","10831","Outcry","30060","720","495","1","4","0","0","41.75","Outcry"
"BrantSteele","10832","BrantSteele","30060","720","135","1","7","0","0","41.75","BrantSteele"
"Never Stop Sneakin'","10833","Never Stop Sneakin'","30000","2520","43","2","0","0","0","11.9","Never Stop Sneakin'"
"Pacific","10834","Pacific","30000","780","479","2","5","0","0","38.46","Pacific"
"SkiFree","10835","SkiFree","30000","2100","129","1","10","0","0","14.29","SkiFree"
"Santa Claus is Comin' to Town","10836","Santa Claus is Comin' to Town","30000","660","293","2","2","0","0","45.45","Santa Claus is Comin' to Town"
"TASTEE: Lethal Tactics","10837","TASTEE: Lethal Tactics","30000","6300","124","1","17","0","0","4.76","TASTEE: Lethal Tactics"
"ACE Online","10838","ACE Online","30000","19680","20","2","34","0","0","1.52","ACE Online"
"Power Rangers: Dino Thunder","10839","Power Rangers: Dino Thunder","30000","5100","70","2","11","0","0","5.88","Power Rangers: Dino Thunder"
"The Beatles: Rock Band","10840","The Beatles: Rock Band","30000","7200","245","2","33","0","0","4.17","The Beatles: Rock Band"
"Super Galaxy Squadron","10841","Super Galaxy Squadron","30000","10320","45","2","52","0","0","2.91","Super Galaxy Squadron"
"Heroes of Might and Magic: A Strategic Quest","10842","Heroes of Might and Magic: A Strategic Quest","30000","9600","22","2","21","0","0","3.12","Heroes of Might and Magic: A Strategic Quest"
"Nexuiz","10843","Nexuiz","30000","39060","11","2","184","0","0","0.77","Nexuiz"
"Fallen Earth","10844","Fallen Earth","29940","28140","13","3","91","0","0","1.06","Fallen Earth"
"N","10845","N","29940","20520","45","2","45","0","0","1.46","N"
"Luftrausers","10846","Luftrausers","29880","15000","101","2","88","0","0","1.99","Luftrausers"
"Spider Solitaire","10847","Spider Solitaire","29880","7860","78","2","45","0","0","3.8","Spider Solitaire"
"Shards of War","10848","Shards of War","29880","9000","66","2","5","0","0","3.32","Shards of War"
"Small Soldiers","10849","Small Soldiers","29880","2580","365","1","11","0","0","11.58","Small Soldiers"
"Heroine's Quest: The Herald of Ragnarok","10850","Heroine's Quest: The Herald of Ragnarok","29880","9240","59","1","19","0","0","3.23","Heroine's Quest: The Herald of Ragnarok"
"Railroad Tycoon II","10851","Railroad Tycoon II","29880","4560","120","2","20","0","0","6.55","Railroad Tycoon II"
"Blazing Lazers","10852","Blazing Lazers","29880","2700","173","1","16","0","0","11.07","Blazing Lazers"
"Psychic Force 2012","10853","Psychic Force 2012","29880","9180","63","1","4","0","0","3.25","Psychic Force 2012"
"Gals Panic","10854","Gals Panic","29880","17580","108","2","11","0","0","1.7","Gals Panic"
"Match Day","10855","Match Day","29880","60","498","1","1","0","0","498","Match Day"
"Drive Girls","10856","Drive Girls","29880","6660","61","1","11","0","0","4.49","Drive Girls"
"Mario Party: Star Rush","10857","Mario Party: Star Rush","29880","7620","139","1","13","0","0","3.92","Mario Party: Star Rush"
"Wonderland Online","10858","Wonderland Online","29880","9240","44","2","28","0","0","3.23","Wonderland Online"
"Who Wants To Be a Millionaire: Party Edition","10859","Who Wants To Be a Millionaire: Party Edition","29880","540","160","1","2","0","0","55.33","Who Wants To Be a Millionaire: Party Edition"
"Krazy Ivan","10860","Krazy Ivan","29820","780","122","1","4","0","0","38.23","Krazy Ivan"
"beatmania IIDX 19 Lincle","10861","beatmania IIDX 19 Lincle","29820","3480","89","1","1","0","0","8.57","beatmania IIDX 19 Lincle"
"Powerhouse","10862","Powerhouse","29820","180","290","1","1","0","0","165.67","Powerhouse"
"Seiken Densetsu Collection","10863","Seiken Densetsu Collection","29820","5220","245","1","15","0","0","5.71","Seiken Densetsu Collection"
"PickCrafter","10864","PickCrafter","29820","5160","228","2","3","0","0","5.78","PickCrafter"
"The Incredible Adventures of Van Helsing Final Cut","10865","The Incredible Adventures of Van Helsing Final Cut","29820","12600","16","3","21","0","0","2.37","The Incredible Adventures of Van Helsing Final Cut"
"Ultimate Stuntman","10866","Ultimate Stuntman","29820","1260","95","1","1","0","0","23.67","Ultimate Stuntman"
"Double Dare","10867","Double Dare","29760","1200","444","1","12","0","0","24.8","Double Dare"
"Gun: Showdown","10868","Gun: Showdown","29760","3060","79","1","7","0","0","9.73","Gun: Showdown"
"Rival Turf","10869","Rival Turf","29760","6840","109","2","13","0","0","4.35","Rival Turf"
"Command & Conquer 4:  Tiberian Twilight","10870","Command & Conquer 4:  Tiberian Twilight","29760","11880","28","2","66","0","0","2.51","Command & Conquer 4:  Tiberian Twilight"
"King Arthur's Gold","10871","King Arthur's Gold","29760","15180","44","3","70","0","0","1.96","King Arthur's Gold"
"Bleach: Paradise Lost","10872","Bleach: Paradise Lost","29760","2940","52","2","7","0","0","10.12","Bleach: Paradise Lost"
"The House in Fata Morgana: A Requiem for Innocence","10873","The House in Fata Morgana: A Requiem for Innocence","29700","4080","62","1","11","0","0","7.28","The House in Fata Morgana: A Requiem for Innocence"
"Cards and Castles","10874","Cards and Castles","29700","18000","20","2","31","0","0","1.65","Cards and Castles"
"FootLOL","10875","FootLOL","29700","6120","285","2","30","0","0","4.85","FootLOL"
"Cities in Motion 2","10876","Cities in Motion 2","29700","13560","46","3","51","0","0","2.19","Cities in Motion 2"
"Rurouni Kenshin: Kansei","10877","Rurouni Kenshin: Kansei","29700","480","98","1","1","0","0","61.88","Rurouni Kenshin: Kansei"
"Lands of Lore III","10878","Lands of Lore III","29700","5460","40","1","7","0","0","5.44","Lands of Lore III"
"Rogue's Tale","10879","Rogue's Tale","29700","2580","33","1","7","0","0","11.51","Rogue's Tale"
"Angels Online","10880","Angels Online","29640","14820","18","2","7","0","0","2","Angels Online"
"Don't Shit Your Pants","10881","Don't Shit Your Pants","29640","1380","183","1","7","0","0","21.48","Don't Shit Your Pants"
"Akiba's Trip","10882","Akiba's Trip","29640","7020","48","2","34","0","0","4.22","Akiba's Trip"
"Gladiator Begins","10883","Gladiator Begins","29640","2100","55","1","5","0","0","14.11","Gladiator Begins"
"Hot Lava","10884","Hot Lava","29640","240","322","1","2","0","0","123.5","Hot Lava"
"Far Beyond: A Space Odyssey","10885","Far Beyond: A Space Odyssey","29640","1440","146","1","6","0","0","20.58","Far Beyond: A Space Odyssey"
"Cooking Mama: Watashi no Sweets Shop","10886","Cooking Mama: Watashi no Sweets Shop","29640","4140","41","1","8","0","0","7.16","Cooking Mama: Watashi no Sweets Shop"
"Ape Out","10887","Ape Out","29580","4320","109","2","11","0","0","6.85","Ape Out"
"Unavowed","10888","Unavowed","29580","960","56","1","1","0","0","30.81","Unavowed"
"Dx2 Shin Megami Tensei: Liberation","10889","Dx2 Shin Megami Tensei: Liberation","29580","240","399","1","0","0","0","123.25","Dx2 Shin Megami Tensei: Liberation"
"TrackMania Nations ESWC","10890","TrackMania Nations ESWC","29580","2040","293","1","12","0","0","14.5","TrackMania Nations ESWC"
"Claymates","10891","Claymates","29580","1500","205","1","12","0","0","19.72","Claymates"
"Valhalla","10892","Valhalla","29580","6000","59","1","5","0","0","4.93","Valhalla"
"Cooking Mama 5: Bon Appétit!","10893","Cooking Mama 5: Bon Appétit!","29580","7080","77","1","8","0","0","4.18","Cooking Mama 5: Bon Appétit!"
"Horse Master","10894","Horse Master","29580","660","85","1","1","0","0","44.82","Horse Master"
"Shadow Fight 2","10895","Shadow Fight 2","29520","17520","101","2","78","0","0","1.68","Shadow Fight 2"
"Small World 2","10896","Small World 2","29520","9540","66","1","35","0","0","3.09","Small World 2"
"Transcendence","10897","Transcendence","29520","6840","23","1","6","0","0","4.32","Transcendence"
"Ninja Warriors","10898","Ninja Warriors","29520","3180","90","1","17","0","0","9.28","Ninja Warriors"
"Cinderella Escape! R12","10899","Cinderella Escape! R12","29520","1980","71","1","9","0","0","14.91","Cinderella Escape! R12"
"Battleground Collection 1","10900","Battleground Collection 1","29520","24840","13","2","71","0","0","1.19","Battleground Collection 1"