"","","Game","Watch time","Stream time","Peak viewers","Peak channels","Streamers","Average viewers","Average channels","Average viewer ratio",""
"Kick-Ass 2","3601","Kick-Ass 2","789060","720","3107","1","3","1","0","1095.92","Kick-Ass 2"
"Kirby: Squeak Squad","3602","Kirby: Squeak Squad","788820","28500","1552","3","63","1","0","27.68","Kirby: Squeak Squad"
"Serious Sam's Bogus Detour","3603","Serious Sam's Bogus Detour","788100","23580","5449","5","114","1","0","33.42","Serious Sam's Bogus Detour"
"Hot Dogs, Horseshoes & Hand Grenades","3604","Hot Dogs, Horseshoes & Hand Grenades","787980","73680","6483","4","314","1","0","10.69","Hot Dogs, Horseshoes & Hand Grenades"
"Valkyrie Profile","3605","Valkyrie Profile","787740","127080","199","4","129","1","0","6.2","Valkyrie Profile"
"Daytona USA","3606","Daytona USA","787680","21180","4833","4","116","1","0","37.19","Daytona USA"
"Dead Alliance","3607","Dead Alliance","787200","68520","2754","15","442","1","0","11.49","Dead Alliance"
"Colony","3608","Colony","787020","2520","5111","4","16","1","0","312.31","Colony"
"Bravely Default","3609","Bravely Default","786420","71580","304","3","84","1","0","10.99","Bravely Default"
"Rare Replay","3610","Rare Replay","786180","268560","404","8","1448","1","0","2.93","Rare Replay"
"Chaos on Deponia","3611","Chaos on Deponia","785880","78060","387","3","168","1","0","10.07","Chaos on Deponia"
"Kameo: Elements of Power","3612","Kameo: Elements of Power","785820","41880","2415","3","165","1","0","18.76","Kameo: Elements of Power"
"Intelligent Qube","3613","Intelligent Qube","785700","7920","6086","1","34","1","0","99.2","Intelligent Qube"
"Ultimate Block Party","3614","Ultimate Block Party","785340","120","6785","1","1","1","0","6544.5","Ultimate Block Party"
"Koihime Enbu","3615","Koihime Enbu","785100","28920","3356","3","48","1","0","27.15","Koihime Enbu"
"Bomberman","3616","Bomberman","784860","15720","6125","2","81","1","0","49.93","Bomberman"
"LEGO Harry Potter Collection","3617","LEGO Harry Potter Collection","784140","47940","604","3","782","1","0","16.36","LEGO Harry Potter Collection"
"PewDiePie: Legend of Brofist","3618","PewDiePie: Legend of Brofist","783120","16380","3045","2","49","1","0","47.81","PewDiePie: Legend of Brofist"
"Homeworld Remastered Collection","3619","Homeworld Remastered Collection","782340","112740","2725","4","330","1","0","6.94","Homeworld Remastered Collection"
"Harry Potter and the Goblet of Fire","3620","Harry Potter and the Goblet of Fire","781140","48480","730","3","112","1","0","16.11","Harry Potter and the Goblet of Fire"
"Tomba!","3621","Tomba!","780780","80280","5752","3","192","1","0","9.73","Tomba!"
"Nom Nom Galaxy","3622","Nom Nom Galaxy","780660","47040","1878","2","166","1","0","16.6","Nom Nom Galaxy"
"AER: Memories of Old","3623","AER: Memories of Old","780540","34620","776","13","158","1","0","22.55","AER: Memories of Old"
"The Fall","3624","The Fall","778860","30780","5219","2","124","1","0","25.3","The Fall"
"IRONSIGHT","3625","IRONSIGHT","777720","96960","1023","19","250","1","0","8.02","IRONSIGHT"
"Ys: The Oath in Felghana","3626","Ys: The Oath in Felghana","777060","97740","243","3","161","1","0","7.95","Ys: The Oath in Felghana"
"Deep Sky Derelicts","3627","Deep Sky Derelicts","776160","18480","1549","5","56","1","0","42","Deep Sky Derelicts"
"Alone in the Dark: The New Nightmare","3628","Alone in the Dark: The New Nightmare","775740","30000","1050","2","60","1","0","25.86","Alone in the Dark: The New Nightmare"
"Mind Games","3629","Mind Games","775380","1260","5666","1","7","1","0","615.38","Mind Games"
"Mickey Mania","3630","Mickey Mania","775200","30060","2004","2","71","1","0","25.79","Mickey Mania"
"Might and Magic VIII: Day of the Destroyer","3631","Might and Magic VIII: Day of the Destroyer","775080","44940","678","2","46","1","0","17.25","Might and Magic VIII: Day of the Destroyer"
"LEGO Harry Potter: Years 5-7","3632","LEGO Harry Potter: Years 5-7","774480","107580","263","5","239","1","0","7.2","LEGO Harry Potter: Years 5-7"
"Fire Emblem: Thracia 776","3633","Fire Emblem: Thracia 776","773340","54960","3588","3","51","1","0","14.07","Fire Emblem: Thracia 776"
"Logical Journey of the Zoombinis","3634","Logical Journey of the Zoombinis","772620","14460","2709","2","41","1","0","53.43","Logical Journey of the Zoombinis"
"Giana Sisters: Twisted Dreams","3635","Giana Sisters: Twisted Dreams","772260","133320","342","17","979","1","0","5.79","Giana Sisters: Twisted Dreams"
"I Have No Mouth, and I Must Scream","3636","I Have No Mouth, and I Must Scream","771960","34980","1284","2","110","1","0","22.07","I Have No Mouth, and I Must Scream"
"Titanic","3637","Titanic","771720","2460","3488","2","18","1","0","313.71","Titanic"
"World of Goo","3638","World of Goo","771600","51480","1229","2","189","1","0","14.99","World of Goo"
"Xenosaga: Episode II - Jenseits von Gut und Böse","3639","Xenosaga: Episode II - Jenseits von Gut und Böse","771420","38100","272","3","32","1","0","20.25","Xenosaga: Episode II - Jenseits von Gut und Böse"
"Transformice","3640","Transformice","770580","144360","1330","5","689","1","0","5.34","Transformice"
"Run Saber","3641","Run Saber","770520","7020","5995","2","17","1","0","109.76","Run Saber"
"Dreamfall: The Longest Journey","3642","Dreamfall: The Longest Journey","770280","79200","717","3","124","1","0","9.73","Dreamfall: The Longest Journey"
"The Urbz: Sims in the City","3643","The Urbz: Sims in the City","770160","18180","612","2","45","1","0","42.36","The Urbz: Sims in the City"
"Submerged","3644","Submerged","769980","90900","991","9","414","1","0","8.47","Submerged"
"Stifled","3645","Stifled","769800","4620","4953","2","25","1","0","166.62","Stifled"
"Iji","3646","Iji","768120","23940","1691","2","43","1","0","32.09","Iji"
"Deponia 2: Chaos on Deponia","3647","Deponia 2: Chaos on Deponia","767640","63120","212","3","115","1","0","12.16","Deponia 2: Chaos on Deponia"
"Zombie Night Terror","3648","Zombie Night Terror","767040","60900","1899","4","261","1","0","12.6","Zombie Night Terror"
"Two Worlds II","3649","Two Worlds II","766800","98100","2425","6","197","1","0","7.82","Two Worlds II"
"Not a Hero","3650","Not a Hero","766620","229860","593","21","1914","1","0","3.34","Not a Hero"
"Phoenix Wright: Ace Attorney - Dual Destinies","3651","Phoenix Wright: Ace Attorney - Dual Destinies","766080","42900","543","2","56","1","0","17.86","Phoenix Wright: Ace Attorney - Dual Destinies"
"Wild Guns Reloaded","3652","Wild Guns Reloaded","766020","49020","4374","3","229","1","0","15.63","Wild Guns Reloaded"
"The Nothing","3653","The Nothing","765900","13320","11723","3","35","1","0","57.5","The Nothing"
"Train Mechanic Simulator 2017","3654","Train Mechanic Simulator 2017","765600","11580","1138","2","44","1","0","66.11","Train Mechanic Simulator 2017"
"Takeshi no Chousenjou","3655","Takeshi no Chousenjou","765360","3120","3678","1","11","1","0","245.31","Takeshi no Chousenjou"
"Sexy Hiking","3656","Sexy Hiking","765360","8280","8070","3","31","1","0","92.43","Sexy Hiking"
"Tales of Maj'Eyal","3657","Tales of Maj'Eyal","765000","255660","592","4","208","1","0","2.99","Tales of Maj'Eyal"
"Bubsy: The Woolies Strike Back","3658","Bubsy: The Woolies Strike Back","762840","25920","1401","14","169","1","0","29.43","Bubsy: The Woolies Strike Back"
"Twelve Sky 2","3659","Twelve Sky 2","762300","155280","70","3","31","1","0","4.91","Twelve Sky 2"
"The Shrouded Isle","3660","The Shrouded Isle","762240","40680","657","5","203","1","0","18.74","The Shrouded Isle"
"The Incredibles","3661","The Incredibles","762060","11100","8307","4","43","1","0","68.65","The Incredibles"
"Sangoku Musou Blast","3662","Sangoku Musou Blast","760980","540","5225","1","3","1","0","1409.22","Sangoku Musou Blast"
"Star Wars: Jedi Knight - Dark Forces II","3663","Star Wars: Jedi Knight - Dark Forces II","760740","76140","1659","3","78","1","0","9.99","Star Wars: Jedi Knight - Dark Forces II"
"Dominions 5: Warriors of the Faith","3664","Dominions 5: Warriors of the Faith","760500","31680","185","5","14","1","0","24.01","Dominions 5: Warriors of the Faith"
"Legacy of Kain: Defiance","3665","Legacy of Kain: Defiance","760020","80580","611","4","110","1","0","9.43","Legacy of Kain: Defiance"
"Baseball","3666","Baseball","759420","12840","2232","2","34","1","0","59.14","Baseball"
"Constructor","3667","Constructor","759360","50160","986","7","209","1","0","15.14","Constructor"
"Barkley, Shut Up and Jam: Gaiden","3668","Barkley, Shut Up and Jam: Gaiden","759240","51420","1378","3","75","1","0","14.77","Barkley, Shut Up and Jam: Gaiden"
"Slain!","3669","Slain!","758640","60900","520","2","416","1","0","12.46","Slain!"
"Hitman 2: Silent Assassin","3670","Hitman 2: Silent Assassin","757680","92160","395","4","182","1","0","8.22","Hitman 2: Silent Assassin"
"DoomRL","3671","DoomRL","757320","4620","6105","2","19","1","0","163.92","DoomRL"
"Spider-Man","3672","Spider-Man","757080","43380","895","3","167","1","0","17.45","Spider-Man"
"Shrek the Third","3673","Shrek the Third","756600","10200","3261","2","20","1","0","74.18","Shrek the Third"
"Kirby's Dream Land","3674","Kirby's Dream Land","755760","87120","1448","5","246","1","0","8.67","Kirby's Dream Land"
"Rise to Ruins","3675","Rise to Ruins","754740","70380","464","4","162","1","0","10.72","Rise to Ruins"
"Monster Hunter Frontier G","3676","Monster Hunter Frontier G","753480","217860","550","7","130","1","0","3.46","Monster Hunter Frontier G"
"Half-Minute Hero: Super Mega Neo Climax","3677","Half-Minute Hero: Super Mega Neo Climax","752880","18720","2654","2","87","1","0","40.22","Half-Minute Hero: Super Mega Neo Climax"
"DreadOut: Keepers of The Dark","3678","DreadOut: Keepers of The Dark","752880","33480","1895","3","143","1","0","22.49","DreadOut: Keepers of The Dark"
"Alan Wake's American Nightmare","3679","Alan Wake's American Nightmare","752760","119220","419","5","505","1","0","6.31","Alan Wake's American Nightmare"
"Saint Seiya Online","3680","Saint Seiya Online","752520","108660","290","10","221","1","0","6.93","Saint Seiya Online"
"Star Ocean","3681","Star Ocean","752340","26820","3245","2","44","1","0","28.05","Star Ocean"
"Zombie Vikings","3682","Zombie Vikings","752160","34260","1366","4","163","1","0","21.95","Zombie Vikings"
"Anime Studio Story","3683","Anime Studio Story","751140","34140","1114","3","65","1","0","22","Anime Studio Story"
"Disney Castle of Illusion Starring Mickey Mouse","3684","Disney Castle of Illusion Starring Mickey Mouse","750960","16380","3940","2","39","1","0","45.85","Disney Castle of Illusion Starring Mickey Mouse"
"Deadbolt","3685","Deadbolt","750120","90480","983","4","397","1","0","8.29","Deadbolt"
"Quiz RPG: The World of Mystic Wiz","3686","Quiz RPG: The World of Mystic Wiz","749940","34980","2111","4","29","1","0","21.44","Quiz RPG: The World of Mystic Wiz"
"Street Fighter IV","3687","Street Fighter IV","748080","80880","2453","5","441","1","0","9.25","Street Fighter IV"
"Pharaoh","3688","Pharaoh","747540","54900","1694","2","106","1","0","13.62","Pharaoh"
"DropMix","3689","DropMix","747420","65040","991","4","45","1","0","11.49","DropMix"
"Pac-Man: Championship Edition 2","3690","Pac-Man: Championship Edition 2","747360","28320","2247","3","208","1","0","26.39","Pac-Man: Championship Edition 2"
"Sara Is Missing","3691","Sara Is Missing","746760","16020","4184","2","107","1","0","46.61","Sara Is Missing"
"Home Behind","3692","Home Behind","746160","21600","1103","2","68","1","0","34.54","Home Behind"
"Spider-Man: Web of Shadows","3693","Spider-Man: Web of Shadows","746160","32280","1723","2","98","1","0","23.12","Spider-Man: Web of Shadows"
"TMNT","3694","TMNT","745440","50160","514","4","163","1","0","14.86","TMNT"
"Tales of Symphonia: Dawn of the New World","3695","Tales of Symphonia: Dawn of the New World","745440","39060","529","3","36","1","0","19.08","Tales of Symphonia: Dawn of the New World"
"Just Dance 2015","3696","Just Dance 2015","745080","14880","2633","2","119","1","0","50.07","Just Dance 2015"
"Infinifactory","3697","Infinifactory","744840","82680","1276","3","208","1","0","9.01","Infinifactory"
"Jackie Chan Stuntmaster","3698","Jackie Chan Stuntmaster","744840","22560","2838","2","76","1","0","33.02","Jackie Chan Stuntmaster"
"Street Fighter III: Double Impact","3699","Street Fighter III: Double Impact","743940","1080","6341","1","5","1","0","688.83","Street Fighter III: Double Impact"
"Commander Keen","3700","Commander Keen","743880","6660","10225","1","26","1","0","111.69","Commander Keen"