"","","Game","Watch time","Stream time","Peak viewers","Peak channels","Streamers","Average viewers","Average channels","Average viewer ratio",""
"Starship Troopers","8401","Starship Troopers","74100","10140","463","2","34","0","0","7.31","Starship Troopers"
"Grim Tales: The Bride","8402","Grim Tales: The Bride","74040","6360","297","1","17","0","0","11.64","Grim Tales: The Bride"
"Discord Times","8403","Discord Times","74040","52260","19","3","190","0","0","1.42","Discord Times"
"Petz Sports: Dog Playground","8404","Petz Sports: Dog Playground","74040","660","381","1","2","0","0","112.18","Petz Sports: Dog Playground"
"Aegism","8405","Aegism","74040","12660","74","4","11","0","0","5.85","Aegism"
"Basic Programming","8406","Basic Programming","73980","10800","78","2","25","0","0","6.85","Basic Programming"
"Bob the Builder: Festival of Fun","8407","Bob the Builder: Festival of Fun","73980","300","505","2","2","0","0","246.6","Bob the Builder: Festival of Fun"
"Cat Attack","8408","Cat Attack","73860","120","1228","1","2","0","0","615.5","Cat Attack"
"Donkey Konga","8409","Donkey Konga","73800","5700","141","1","33","0","0","12.95","Donkey Konga"
"Outlaws","8410","Outlaws","73740","7380","148","2","29","0","0","9.99","Outlaws"
"Terminator 2: Judgement Day","8411","Terminator 2: Judgement Day","73740","900","839","1","8","0","0","81.93","Terminator 2: Judgement Day"
"Creeper World","8412","Creeper World","73740","11760","127","2","24","0","0","6.27","Creeper World"
"Rogue Warrior","8413","Rogue Warrior","73740","15360","55","2","71","0","0","4.8","Rogue Warrior"
"FIFA Soccer 08","8414","FIFA Soccer 08","73740","2880","1191","1","16","0","0","25.6","FIFA Soccer 08"
"Gal Gun","8415","Gal Gun","73620","18840","135","2","81","0","0","3.91","Gal Gun"
"Backyard Wrestling 2: There Goes the Neighborhood","8416","Backyard Wrestling 2: There Goes the Neighborhood","73620","1860","592","2","4","0","0","39.58","Backyard Wrestling 2: There Goes the Neighborhood"
"Mortal Kombat 4","8417","Mortal Kombat 4","73560","13920","88","2","54","0","0","5.28","Mortal Kombat 4"
"SC2VN","8418","SC2VN","73560","21960","58","2","44","0","0","3.35","SC2VN"
"Sam & Max Beyond Time and Space","8419","Sam & Max Beyond Time and Space","73500","14520","38","2","28","0","0","5.06","Sam & Max Beyond Time and Space"
"Ninja Blade","8420","Ninja Blade","73500","16560","49","2","53","0","0","4.44","Ninja Blade"
"Rise of Flight: The First Great Air War","8421","Rise of Flight: The First Great Air War","73440","28020","169","2","41","0","0","2.62","Rise of Flight: The First Great Air War"
"The Incredible Adventures of Van Helsing III","8422","The Incredible Adventures of Van Helsing III","73380","16500","86","4","37","0","0","4.45","The Incredible Adventures of Van Helsing III"
"Tropix!","8423","Tropix!","73380","360","484","1","1","0","0","203.83","Tropix!"
"Spy vs. Spy","8424","Spy vs. Spy","73260","6300","320","1","8","0","0","11.63","Spy vs. Spy"
"The Way","8425","The Way","73260","18600","57","3","38","0","0","3.94","The Way"
"Incubation: Time Is Running Out","8426","Incubation: Time Is Running Out","73140","3900","132","1","3","0","0","18.75","Incubation: Time Is Running Out"
"My Name is Mayo","8427","My Name is Mayo","73080","33600","204","3","256","0","0","2.18","My Name is Mayo"
"Worm.is","8428","Worm.is","73020","24420","288","3","127","0","0","2.99","Worm.is"
"Nickelodeon GUTS","8429","Nickelodeon GUTS","73020","1440","526","1","11","0","0","50.71","Nickelodeon GUTS"
"Shrek: Swamp Kart Speedway","8430","Shrek: Swamp Kart Speedway","72960","660","461","1","2","0","0","110.55","Shrek: Swamp Kart Speedway"
"Samurai Gunn","8431","Samurai Gunn","72960","3600","385","1","18","0","0","20.27","Samurai Gunn"
"Zen of Sudoku","8432","Zen of Sudoku","72960","720","307","1","3","0","0","101.33","Zen of Sudoku"
"Spell Fighter VR","8433","Spell Fighter VR","72900","660","632","1","3","0","0","110.45","Spell Fighter VR"
"Might and Magic IX","8434","Might and Magic IX","72900","4440","142","2","6","0","0","16.42","Might and Magic IX"
"A Good Snowman Is Hard To Build","8435","A Good Snowman Is Hard To Build","72840","3960","180","1","16","0","0","18.39","A Good Snowman Is Hard To Build"
"Rusty","8436","Rusty","72780","4440","256","1","13","0","0","16.39","Rusty"
"The Last Ninja","8437","The Last Ninja","72780","1320","264","1","7","0","0","55.14","The Last Ninja"
"Microsoft Entertainment Pack for Windows","8438","Microsoft Entertainment Pack for Windows","72720","15900","68","2","6","0","0","4.57","Microsoft Entertainment Pack for Windows"
"Rex Rocket","8439","Rex Rocket","72720","3360","166","1","11","0","0","21.64","Rex Rocket"
"SuperPower 2","8440","SuperPower 2","72720","10680","57","2","41","0","0","6.81","SuperPower 2"
"The Emperor's New Groove","8441","The Emperor's New Groove","72660","13920","134","2","26","0","0","5.22","The Emperor's New Groove"
"Kururin Squash!","8442","Kururin Squash!","72660","2880","219","1","8","0","0","25.23","Kururin Squash!"
"Medal of Honor: Underground","8443","Medal of Honor: Underground","72600","11340","213","2","28","0","0","6.4","Medal of Honor: Underground"
"Metro Conflict","8444","Metro Conflict","72600","2580","671","2","7","0","0","28.14","Metro Conflict"
"Jeanne d'Arc","8445","Jeanne d'Arc","72420","11880","55","2","19","0","0","6.1","Jeanne d'Arc"
"Jimmy Neutron: Boy Genius","8446","Jimmy Neutron: Boy Genius","72420","8580","240","2","41","0","0","8.44","Jimmy Neutron: Boy Genius"
"Splatterhouse 2","8447","Splatterhouse 2","72360","5820","180","2","29","0","0","12.43","Splatterhouse 2"
"Lex Mortis","8448","Lex Mortis","72360","1860","465","1","9","0","0","38.9","Lex Mortis"
"Final Fantasy Dimensions","8449","Final Fantasy Dimensions","72360","12900","174","2","13","0","0","5.61","Final Fantasy Dimensions"
"Corpse of Discovery","8450","Corpse of Discovery","72240","960","208","1","3","0","0","75.25","Corpse of Discovery"
"Pet the Pup at the Party","8451","Pet the Pup at the Party","72180","10680","82","4","40","0","0","6.76","Pet the Pup at the Party"
"Grandia: Parallel Trippers","8452","Grandia: Parallel Trippers","72180","1260","376","1","4","0","0","57.29","Grandia: Parallel Trippers"
"Lili: Child of Geos","8453","Lili: Child of Geos","72120","10140","395","2","44","0","0","7.11","Lili: Child of Geos"
"Mercenaries: Playground of Destruction","8454","Mercenaries: Playground of Destruction","72120","27300","34","3","42","0","0","2.64","Mercenaries: Playground of Destruction"
"Dinner Date","8455","Dinner Date","72060","12000","390","2","29","0","0","6.01","Dinner Date"
"Tumble VR","8456","Tumble VR","72060","18900","916","2","97","0","0","3.81","Tumble VR"
"Walk The Light","8457","Walk The Light","72060","960","1082","1","4","0","0","75.06","Walk The Light"
"Smoking Guns: Shooting Gallery!","8458","Smoking Guns: Shooting Gallery!","72000","300","1172","1","1","0","0","240","Smoking Guns: Shooting Gallery!"
"Yu-Gi-Oh! GX Duel Academy","8459","Yu-Gi-Oh! GX Duel Academy","72000","16620","209","2","46","0","0","4.33","Yu-Gi-Oh! GX Duel Academy"
"Trivia Trove","8460","Trivia Trove","71760","1140","167","1","4","0","0","62.95","Trivia Trove"
"Spacewars: Interstellar Empire","8461","Spacewars: Interstellar Empire","71700","3240","814","2","3","0","0","22.13","Spacewars: Interstellar Empire"
"Space Food Truck","8462","Space Food Truck","71700","9660","111","3","39","0","0","7.42","Space Food Truck"
"Durango: Wild Lands","8463","Durango: Wild Lands","71700","21240","37","3","58","0","0","3.38","Durango: Wild Lands"
"Tony Hawk's Project 8","8464","Tony Hawk's Project 8","71700","6900","929","1","26","0","0","10.39","Tony Hawk's Project 8"
"Echo Night: Beyond","8465","Echo Night: Beyond","71700","4740","201","1","11","0","0","15.13","Echo Night: Beyond"
"Toki: Going Ape Spit","8466","Toki: Going Ape Spit","71640","1380","829","3","7","0","0","51.91","Toki: Going Ape Spit"
"Devastation","8467","Devastation","71580","840","636","1","5","0","0","85.21","Devastation"
"UFO: Aftermath","8468","UFO: Aftermath","71580","12900","34","2","9","0","0","5.55","UFO: Aftermath"
"Shining Force Gaiden: Final Conflict","8469","Shining Force Gaiden: Final Conflict","71520","1800","147","1","4","0","0","39.73","Shining Force Gaiden: Final Conflict"
"Trivia 101","8470","Trivia 101","71460","1380","253","1","6","0","0","51.78","Trivia 101"
"Armored Core 4","8471","Armored Core 4","71460","16260","77","1","24","0","0","4.39","Armored Core 4"
"Clockwork Tales: Of Glass and Ink","8472","Clockwork Tales: Of Glass and Ink","71400","15000","231","1","59","0","0","4.76","Clockwork Tales: Of Glass and Ink"
"The Escape","8473","The Escape","71400","420","1167","1","0","0","0","170","The Escape"
"San Francisco Rush 2049","8474","San Francisco Rush 2049","71340","18060","39","2","23","0","0","3.95","San Francisco Rush 2049"
"White Knight Chronicles: International Edition","8475","White Knight Chronicles: International Edition","71280","9900","65","2","15","0","0","7.2","White Knight Chronicles: International Edition"
"Twilight Syndrome: The Forbidden Urban Legend","8476","Twilight Syndrome: The Forbidden Urban Legend","71280","840","119","1","1","0","0","84.86","Twilight Syndrome: The Forbidden Urban Legend"
"Messiah","8477","Messiah","71280","2160","353","1","8","0","0","33","Messiah"
"Ace of Spades","8478","Ace of Spades","71220","35880","83","2","181","0","0","1.98","Ace of Spades"
"Ni no Kuni II: Revenant Kingdom","8479","Ni no Kuni II: Revenant Kingdom","71220","540","614","2","3","0","0","131.89","Ni no Kuni II: Revenant Kingdom"
"Le Tour de France 2017","8480","Le Tour de France 2017","71160","8580","130","2","18","0","0","8.29","Le Tour de France 2017"
"Home Alone","8481","Home Alone","71160","8580","200","3","29","0","0","8.29","Home Alone"
"Calvin Tucker's Redneck Jamboree","8482","Calvin Tucker's Redneck Jamboree","71100","180","417","1","1","0","0","395","Calvin Tucker's Redneck Jamboree"
"I Want It!","8483","I Want It!","71040","180","469","1","1","0","0","394.67","I Want It!"
"Mario Clash","8484","Mario Clash","71040","1020","603","1","4","0","0","69.65","Mario Clash"
"Braveland","8485","Braveland","71040","8160","57","2","14","0","0","8.71","Braveland"
"Omerta: City of Gangsters","8486","Omerta: City of Gangsters","71040","32700","101","2","54","0","0","2.17","Omerta: City of Gangsters"
"Poptropica","8487","Poptropica","70980","23340","98","2","118","0","0","3.04","Poptropica"
"Frederik Pohl's Gateway","8488","Frederik Pohl's Gateway","70920","1560","83","1","1","0","0","45.46","Frederik Pohl's Gateway"
"Marathon 2: Durandal","8489","Marathon 2: Durandal","70860","18300","222","2","16","0","0","3.87","Marathon 2: Durandal"
"Shatter","8490","Shatter","70800","3960","639","2","20","0","0","17.88","Shatter"
"Dragon Ball Z: Collectible Card Game","8491","Dragon Ball Z: Collectible Card Game","70800","10320","70","3","21","0","0","6.86","Dragon Ball Z: Collectible Card Game"
"Cubeworld","8492","Cubeworld","70800","27900","118","2","133","0","0","2.54","Cubeworld"
"Operation C","8493","Operation C","70800","5400","195","1","18","0","0","13.11","Operation C"
"Super Turbo Demon Busters!","8494","Super Turbo Demon Busters!","70800","120","1294","1","0","0","0","590","Super Turbo Demon Busters!"
"Silver Jiken","8495","Silver Jiken","70740","33600","100","2","22","0","0","2.11","Silver Jiken"
"Titanic Mystery","8496","Titanic Mystery","70740","1260","161","1","2","0","0","56.14","Titanic Mystery"
"Hard Reset","8497","Hard Reset","70740","30480","24","2","116","0","0","2.32","Hard Reset"
"Hydrophobia","8498","Hydrophobia","70740","1320","414","1","4","0","0","53.59","Hydrophobia"
"Dynasty Warriors: Gundam Reborn","8499","Dynasty Warriors: Gundam Reborn","70680","5460","252","2","19","0","0","12.95","Dynasty Warriors: Gundam Reborn"
"Robot Soccer Challenge","8500","Robot Soccer Challenge","70680","1080","507","1","6","0","0","65.44","Robot Soccer Challenge"