"","","Game","Watch time","Stream time","Peak viewers","Peak channels","Streamers","Average viewers","Average channels","Average viewer ratio",""
"The Infectious Madness of Doctor Dekker","801","The Infectious Madness of Doctor Dekker","15517920","153720","33579","8","323","29","0","100.95","The Infectious Madness of Doctor Dekker"
"The Jackbox Party Pack 2","802","The Jackbox Party Pack 2","15421740","1077960","18257","33","6133","29","2","14.31","The Jackbox Party Pack 2"
"Last Man Standing","803","Last Man Standing","15400860","3379260","8820","58","10459","29","6","4.56","Last Man Standing"
"Bomber Crew","804","Bomber Crew","15395940","294240","40036","31","936","29","0","52.32","Bomber Crew"
"Conarium","805","Conarium","15391800","205380","48592","19","816","29","0","74.94","Conarium"
"Old Spice Games","806","Old Spice Games","15309840","10260","28784","5","26","29","0","1492.19","Old Spice Games"
"The Legend of Korra","807","The Legend of Korra","15273060","120480","155744","19","508","29","0","126.77","The Legend of Korra"
"Bionic Commando Rearmed","808","Bionic Commando Rearmed","15258300","15240","148605","12","62","29","0","1001.2","Bionic Commando Rearmed"
"Entropia Universe","809","Entropia Universe","15168960","2285520","163","27","699","28","4","6.64","Entropia Universe"
"Mirror's Edge Catalyst","810","Mirror's Edge Catalyst","15154320","529620","155959","13","4190","28","1","28.61","Mirror's Edge Catalyst"
"The Long Journey Home","811","The Long Journey Home","15112380","241740","28972","46","631","28","0","62.52","The Long Journey Home"
"Freedom Planet","812","Freedom Planet","15108120","236880","179353","16","631","28","0","63.78","Freedom Planet"
"NBA Live 18","813","NBA Live 18","15099060","1024020","9323","53","2495","28","1","14.74","NBA Live 18"
"Steam","814","Steam","15037680","357060","5969","7","1389","28","0","42.12","Steam"
"We Need to Go Deeper","815","We Need to Go Deeper","15012600","187320","17835","8","773","28","0","80.14","We Need to Go Deeper"
"Spyro the Dragon","816","Spyro the Dragon","14987100","627660","3377","17","1267","28","1","23.88","Spyro the Dragon"
"Guacamelee! Gold Edition","817","Guacamelee! Gold Edition","14876340","79440","143685","8","240","28","0","187.27","Guacamelee! Gold Edition"
"Super Mario 3D World","818","Super Mario 3D World","14857140","546060","3785","9","1459","28","1","27.21","Super Mario 3D World"
"Cry Of Fear","819","Cry Of Fear","14854560","512340","11318","12","3064","28","0","28.99","Cry Of Fear"
"Pokémon Omega Ruby/Alpha Sapphire","820","Pokémon Omega Ruby/Alpha Sapphire","14832600","617220","1313","7","865","28","1","24.03","Pokémon Omega Ruby/Alpha Sapphire"
"Rivals of Aether","821","Rivals of Aether","14831040","1069080","20081","34","2500","28","2","13.87","Rivals of Aether"
"Game of Thrones: A Telltale Game Series","822","Game of Thrones: A Telltale Game Series","14804820","830820","8854","22","2544","28","1","17.82","Game of Thrones: A Telltale Game Series"
"Assetto Corsa","823","Assetto Corsa","14731860","3330120","2381","29","7405","28","6","4.42","Assetto Corsa"
"Phantasy Star Online 2","824","Phantasy Star Online 2","14723700","3204660","1108","27","4151","28","6","4.59","Phantasy Star Online 2"
"The Idolm@ster: Stella Stage","825","The Idolm@ster: Stella Stage","14718840","163680","16440","35","0","28","0","89.92","The Idolm@ster: Stella Stage"
"Scrap Mechanic","826","Scrap Mechanic","14714520","555360","42529","12","1912","27","1","26.5","Scrap Mechanic"
"King's Raid","827","King's Raid","14687700","766560","551","17","375","27","1","19.16","King's Raid"
"Banished","828","Banished","14682480","1054260","10311","12","3185","27","2","13.93","Banished"
"Hatsune Miku: Project Diva Future Tone","829","Hatsune Miku: Project Diva Future Tone","14659380","2002140","2952","48","4355","27","3","7.32","Hatsune Miku: Project Diva Future Tone"
"Banjo-Tooie","830","Banjo-Tooie","14657820","580800","3167","11","903","27","1","25.24","Banjo-Tooie"
"Trauma Center: New Blood","831","Trauma Center: New Blood","14655300","15420","138690","17","43","27","0","950.41","Trauma Center: New Blood"
"Cook, Serve, Delicious! 2!!","832","Cook, Serve, Delicious! 2!!","14648640","314220","21068","48","1060","27","0","46.62","Cook, Serve, Delicious! 2!!"
"Transport Fever","833","Transport Fever","14618280","794460","3452","11","1084","27","1","18.4","Transport Fever"
"Lethal League","834","Lethal League","14617200","193440","33907","12","1318","27","0","75.56","Lethal League"
"DCS World","835","DCS World","14562180","1623480","3191","21","1520","27","3","8.97","DCS World"
"Spellforce 3","836","Spellforce 3","14521080","409980","11538","84","265","27","0","35.42","Spellforce 3"
"Youtubers Life","837","Youtubers Life","14509020","358320","64093","22","1773","27","0","40.49","Youtubers Life"
"Beat Cop","838","Beat Cop","14488560","236460","26295","13","1018","27","0","61.27","Beat Cop"
"Pokémon Puzzle League","839","Pokémon Puzzle League","14485920","184920","160958","9","249","27","0","78.34","Pokémon Puzzle League"
"Rules of Survival","840","Rules of Survival","14480280","639300","28482","45","268","27","1","22.65","Rules of Survival"
"DC Universe Online","841","DC Universe Online","14472300","4247460","1666","36","8753","27","8","3.41","DC Universe Online"
"Bigfoot","842","Bigfoot","14446440","128100","31331","8","734","27","0","112.77","Bigfoot"
"King's Quest","843","King's Quest","14433900","320460","24666","8","829","27","0","45.04","King's Quest"
"Mega Man Network Transmission","844","Mega Man Network Transmission","14359980","20100","170125","10","59","27","0","714.43","Mega Man Network Transmission"
"Hob","845","Hob","14343540","585480","39805","78","1634","27","1","24.5","Hob"
"Turok: Dinosaur Hunter","846","Turok: Dinosaur Hunter","14315640","148020","125926","17","481","27","0","96.71","Turok: Dinosaur Hunter"
"Kona","847","Kona","14280600","349680","35430","31","1337","27","0","40.84","Kona"
"Tooth and Tail","848","Tooth and Tail","14269800","362880","10804","32","915","27","0","39.32","Tooth and Tail"
"Sonic Colors","849","Sonic Colors","14247180","76140","170779","11","245","27","0","187.12","Sonic Colors"
"Gundam Online Wars","850","Gundam Online Wars","14237760","1029120","493","12","374","27","1","13.83","Gundam Online Wars"
"Total War: Rome II","851","Total War: Rome II","14215740","1293420","2308","22","2613","27","2","10.99","Total War: Rome II"
"Exploration","852","Exploration","14174940","7500","90872","13","25","26","0","1889.99","Exploration"
"Cyphers Online","853","Cyphers Online","14159820","766680","659","15","573","26","1","18.47","Cyphers Online"
"Warcraft III: Reign of Chaos","854","Warcraft III: Reign of Chaos","14130420","567780","16756","8","1373","26","1","24.89","Warcraft III: Reign of Chaos"
"Senran Kagura: Peach Beach Splash","855","Senran Kagura: Peach Beach Splash","14122020","338100","15140","23","1450","26","0","41.77","Senran Kagura: Peach Beach Splash"
"The Letter","856","The Letter","14098080","168000","18537","12","263","26","0","83.92","The Letter"
"Touhou","857","Touhou","14031840","1479360","7514","15","1358","26","2","9.49","Touhou"
"Emily Wants to Play","858","Emily Wants to Play","14030700","460200","25895","19","4006","26","0","30.49","Emily Wants to Play"
"Shadow Tactics: Blades of the Shogun","859","Shadow Tactics: Blades of the Shogun","13980360","607380","19635","10","1530","26","1","23.02","Shadow Tactics: Blades of the Shogun"
"Final Fantasy Tactics","860","Final Fantasy Tactics","13975740","616740","8864","9","623","26","1","22.66","Final Fantasy Tactics"
"Bendy and the Ink Machine","861","Bendy and the Ink Machine","13963680","401940","38816","26","3141","26","0","34.74","Bendy and the Ink Machine"
"Yonder: The Cloud Catcher Chronicles","862","Yonder: The Cloud Catcher Chronicles","13939680","499920","46318","60","1722","26","0","27.88","Yonder: The Cloud Catcher Chronicles"
"Golf Story","863","Golf Story","13930200","184020","41518","36","536","26","0","75.7","Golf Story"
"Sundered","864","Sundered","13860960","469860","27130","67","1354","26","0","29.5","Sundered"
"This Is the Police","865","This Is the Police","13831740","396960","36886","9","1394","26","0","34.84","This Is the Police"
"Mario Party","866","Mario Party","13755900","202140","8681","8","535","26","0","68.05","Mario Party"
"Perception","867","Perception","13755060","253800","36938","18","1284","26","0","54.2","Perception"
"Train Simulator 2017","868","Train Simulator 2017","13724460","780780","6390","11","1150","26","1","17.58","Train Simulator 2017"
"Awesomenauts","869","Awesomenauts","13718520","1483500","15344","21","2647","26","2","9.25","Awesomenauts"
"Secrets of Grindea","870","Secrets of Grindea","13713480","295140","123137","11","896","26","0","46.46","Secrets of Grindea"
"Dragon Quest VIII: Journey of the Cursed King","871","Dragon Quest VIII: Journey of the Cursed King","13689000","449760","1762","10","443","26","0","30.44","Dragon Quest VIII: Journey of the Cursed King"
"Vampire: The Masquerade - Bloodlines","872","Vampire: The Masquerade - Bloodlines","13674060","711420","6850","14","1189","26","1","19.22","Vampire: The Masquerade - Bloodlines"
"Sparkster","873","Sparkster","13672740","22080","153550","10","69","26","0","619.24","Sparkster"
"CrossFire","874","CrossFire","13636680","1506420","2333","16","2401","25","2","9.05","CrossFire"
"Sherlock Holmes: The Devil's Daughter","875","Sherlock Holmes: The Devil's Daughter","13597260","526260","3574","10","1416","25","1","25.84","Sherlock Holmes: The Devil's Daughter"
"Poi","876","Poi","13545060","63600","111219","10","231","25","0","212.97","Poi"
"Lisa","877","Lisa","13512180","438240","21217","16","1354","25","0","30.83","Lisa"
"Kenshi","878","Kenshi","13501920","366000","4209","7","385","25","0","36.89","Kenshi"
"Kingsway","879","Kingsway","13488060","190560","6534","20","740","25","0","70.78","Kingsway"
"Darksiders II","880","Darksiders II","13470600","2381460","9315","76","4459","25","4","5.66","Darksiders II"
"Oxenfree","881","Oxenfree","13449420","815460","17849","37","4064","25","1","16.49","Oxenfree"
"Paradigm","882","Paradigm","13419240","126300","37173","7","368","25","0","106.25","Paradigm"
"Crusaders Quest","883","Crusaders Quest","13417680","529980","2834","9","305","25","1","25.32","Crusaders Quest"
"Romance of the Three Kingdoms","884","Romance of the Three Kingdoms","13350420","49320","4523","3","38","25","0","270.69","Romance of the Three Kingdoms"
"The Legend of Zelda: The Wind Waker","885","The Legend of Zelda: The Wind Waker","13328340","1120380","1996","14","2533","25","2","11.9","The Legend of Zelda: The Wind Waker"
"Sleeping Dogs","886","Sleeping Dogs","13321740","814980","4322","11","3943","25","1","16.35","Sleeping Dogs"
"Ys Origin","887","Ys Origin","13319280","390060","104728","11","800","25","0","34.15","Ys Origin"
"Project CARS","888","Project CARS","13285860","2683920","4653","52","10464","25","5","4.95","Project CARS"
"Mobile Legends: Bang bang","889","Mobile Legends: Bang bang","13217580","1566780","585","15","2202","25","2","8.44","Mobile Legends: Bang bang"
"The Lion King","890","The Lion King","13177020","81540","124031","14","277","25","0","161.6","The Lion King"
"Die Young","891","Die Young","13162860","116160","36777","9","391","25","0","113.32","Die Young"
"I Am Bread","892","I Am Bread","13129260","281160","137718","8","2149","24","0","46.7","I Am Bread"
"Kirby's Dream Land 2","893","Kirby's Dream Land 2","13109760","36240","142325","13","98","24","0","361.75","Kirby's Dream Land 2"
"Doom II: Hell on Earth","894","Doom II: Hell on Earth","13099740","939480","5979","15","1999","24","1","13.94","Doom II: Hell on Earth"
"Emily Is Away Too","895","Emily Is Away Too","13089540","117900","41929","9","663","24","0","111.02","Emily Is Away Too"
"Forge of Gods (RPG)","896","Forge of Gods (RPG)","13080060","1095420","260","13","99","24","2","11.94","Forge of Gods (RPG)"
"Age of Mythology","897","Age of Mythology","13053240","580980","9381","8","482","24","1","22.47","Age of Mythology"
"Duke Nukem Forever","898","Duke Nukem Forever","13004580","130080","18349","7","458","24","0","99.97","Duke Nukem Forever"
"Kingdom Hearts HD 1.5 ReMIX","899","Kingdom Hearts HD 1.5 ReMIX","12985380","613140","9272","12","968","24","1","21.18","Kingdom Hearts HD 1.5 ReMIX"
"Rocket: Robot on Wheels","900","Rocket: Robot on Wheels","12982860","17040","160445","9","38","24","0","761.9","Rocket: Robot on Wheels"