"","","Game","Watch time","Stream time","Peak viewers","Peak channels","Streamers","Average viewers","Average channels","Average viewer ratio",""
"Thrillville","9001","Thrillville","58440","2820","468","1","6","0","0","20.72","Thrillville"
"Nancy Drew: The Haunted Carousel","9002","Nancy Drew: The Haunted Carousel","58440","7320","132","1","22","0","0","7.98","Nancy Drew: The Haunted Carousel"
"Arc the Lad: Twilight of the Spirits","9003","Arc the Lad: Twilight of the Spirits","58440","23100","20","2","79","0","0","2.53","Arc the Lad: Twilight of the Spirits"
"Commander Keen 1: Marooned on Mars","9004","Commander Keen 1: Marooned on Mars","58380","10560","105","1","42","0","0","5.53","Commander Keen 1: Marooned on Mars"
"Kung Fu Panda","9005","Kung Fu Panda","58380","4320","134","1","13","0","0","13.51","Kung Fu Panda"
"World War Toons","9006","World War Toons","58380","36600","205","3","197","0","0","1.6","World War Toons"
"Terrors","9007","Terrors","58380","1200","136","1","5","0","0","48.65","Terrors"
"Johann Sebastian Joust","9008","Johann Sebastian Joust","58380","180","409","1","2","0","0","324.33","Johann Sebastian Joust"
"MechCommander Gold","9009","MechCommander Gold","58320","7140","156","1","13","0","0","8.17","MechCommander Gold"
"Neopets Petpet Adventures: The Wand of Wishing","9010","Neopets Petpet Adventures: The Wand of Wishing","58320","4680","95","2","27","0","0","12.46","Neopets Petpet Adventures: The Wand of Wishing"
"Naruto: Clash of Ninja 2","9011","Naruto: Clash of Ninja 2","58320","7560","373","2","53","0","0","7.71","Naruto: Clash of Ninja 2"
"Gnog","9012","Gnog","58320","13140","167","5","80","0","0","4.44","Gnog"
"Deep Six","9013","Deep Six","58260","60","971","1","1","0","0","971","Deep Six"
"Portal: Still Alive","9014","Portal: Still Alive","58200","31620","149","2","149","0","0","1.84","Portal: Still Alive"
"Lupin Sansei: Densetsu No Hihou wo Oe!","9015","Lupin Sansei: Densetsu No Hihou wo Oe!","58200","480","1880","2","3","0","0","121.25","Lupin Sansei: Densetsu No Hihou wo Oe!"
"Namco x Capcom","9016","Namco x Capcom","58140","22500","33","2","18","0","0","2.58","Namco x Capcom"
"Pumped BMX+","9017","Pumped BMX+","58140","46800","320","3","285","0","0","1.24","Pumped BMX+"
"NBA 2K10","9018","NBA 2K10","58080","4440","125","1","13","0","0","13.08","NBA 2K10"
"Super Dungeon Tactics","9019","Super Dungeon Tactics","58020","11340","520","2","28","0","0","5.12","Super Dungeon Tactics"
"Star Trek: Bridge Commander","9020","Star Trek: Bridge Commander","57960","7680","245","2","31","0","0","7.55","Star Trek: Bridge Commander"
"RPG Tsukuru 2003","9021","RPG Tsukuru 2003","57960","6360","116","1","16","0","0","9.11","RPG Tsukuru 2003"
"Marvel","9022","Marvel","57960","26220","345","2","67","0","0","2.21","Marvel"
"Cory in the House","9023","Cory in the House","57960","11340","43","1","34","0","0","5.11","Cory in the House"
"Synthesia","9024","Synthesia","57900","8280","194","1","33","0","0","6.99","Synthesia"
"Sonic Riders: Zero Gravity","9025","Sonic Riders: Zero Gravity","57900","14880","68","2","71","0","0","3.89","Sonic Riders: Zero Gravity"
"Special Forces","9026","Special Forces","57840","35280","79","3","33","0","0","1.64","Special Forces"
"Fate/Grand Order VR feat. Mashu Kyrielight","9027","Fate/Grand Order VR feat. Mashu Kyrielight","57840","1380","902","1","0","0","0","41.91","Fate/Grand Order VR feat. Mashu Kyrielight"
"Hello Kitty's Big Fun Piano","9028","Hello Kitty's Big Fun Piano","57780","24540","568","2","33","0","0","2.35","Hello Kitty's Big Fun Piano"
"Geometry Wars: Retro Evolved 2","9029","Geometry Wars: Retro Evolved 2","57780","12240","144","2","60","0","0","4.72","Geometry Wars: Retro Evolved 2"
"DJMAX Technika Q","9030","DJMAX Technika Q","57780","9420","149","2","19","0","0","6.13","DJMAX Technika Q"
"F.E.A.R. Files","9031","F.E.A.R. Files","57720","19920","134","2","66","0","0","2.9","F.E.A.R. Files"
"Bubsy Two-Fur","9032","Bubsy Two-Fur","57720","3960","186","2","16","0","0","14.58","Bubsy Two-Fur"
"SoundStage","9033","SoundStage","57720","4560","461","1","23","0","0","12.66","SoundStage"
"Mobile Suit Gundam: Climax U.C.","9034","Mobile Suit Gundam: Climax U.C.","57720","480","281","1","2","0","0","120.25","Mobile Suit Gundam: Climax U.C."
"Dies Irae ~Amantes Amentes~","9035","Dies Irae ~Amantes Amentes~","57660","26340","21","2","34","0","0","2.19","Dies Irae ~Amantes Amentes~"
"Farming Simulator 2013","9036","Farming Simulator 2013","57660","42180","61","3","114","0","0","1.37","Farming Simulator 2013"
"BeyBlade VForce: Super Tournament Battle","9037","BeyBlade VForce: Super Tournament Battle","57660","5700","164","2","26","0","0","10.12","BeyBlade VForce: Super Tournament Battle"
"SimsVille","9038","SimsVille","57660","21600","122","3","56","0","0","2.67","SimsVille"
"Tigger's Honey Hunt","9039","Tigger's Honey Hunt","57600","23460","190","3","28","0","0","2.46","Tigger's Honey Hunt"
"Toren","9040","Toren","57600","13260","122","2","77","0","0","4.34","Toren"
"American Conquest: Fight Back","9041","American Conquest: Fight Back","57600","1200","404","1","4","0","0","48","American Conquest: Fight Back"
"Puyo Puyo","9042","Puyo Puyo","57600","12180","121","2","65","0","0","4.73","Puyo Puyo"
"Super Magnetic Neo","9043","Super Magnetic Neo","57600","2580","412","1","9","0","0","22.33","Super Magnetic Neo"
"Mario Sports Superstars","9044","Mario Sports Superstars","57600","7020","181","2","23","0","0","8.21","Mario Sports Superstars"
"Behind Closed Doors","9045","Behind Closed Doors","57540","300","976","1","3","0","0","191.8","Behind Closed Doors"
"50 Years","9046","50 Years","57540","4860","208","1","30","0","0","11.84","50 Years"
"Frogger 3D","9047","Frogger 3D","57540","1920","347","1","6","0","0","29.97","Frogger 3D"
"F1 2014","9048","F1 2014","57540","37620","75","3","144","0","0","1.53","F1 2014"
"NHL '94","9049","NHL '94","57540","8640","81","2","24","0","0","6.66","NHL '94"
"Flower Knight Girl Online","9050","Flower Knight Girl Online","57480","28260","85","2","27","0","0","2.03","Flower Knight Girl Online"
"Little Briar Rose","9051","Little Briar Rose","57420","840","225","1","4","0","0","68.36","Little Briar Rose"
"Darkwatch","9052","Darkwatch","57420","6420","205","1","21","0","0","8.94","Darkwatch"
"Of Orcs and Men","9053","Of Orcs and Men","57420","26700","20","2","52","0","0","2.15","Of Orcs and Men"
"Alice in Wonderland","9054","Alice in Wonderland","57420","5700","160","2","26","0","0","10.07","Alice in Wonderland"
"Boob Wars: Big Breasts vs Flat Chests","9055","Boob Wars: Big Breasts vs Flat Chests","57420","5100","56","2","7","0","0","11.26","Boob Wars: Big Breasts vs Flat Chests"
"X-Men: Legends","9056","X-Men: Legends","57360","13200","36","2","26","0","0","4.35","X-Men: Legends"
"8-Bit Armies: Arena","9057","8-Bit Armies: Arena","57360","10680","76","2","28","0","0","5.37","8-Bit Armies: Arena"
"Haque","9058","Haque","57360","2640","144","3","10","0","0","21.73","Haque"
"Mario's Picross","9059","Mario's Picross","57300","16080","44","4","25","0","0","3.56","Mario's Picross"
"Law And Order: Los Angeles","9060","Law And Order: Los Angeles","57300","600","483","1","4","0","0","95.5","Law And Order: Los Angeles"
"428: In the Blocked City, Shibuya","9061","428: In the Blocked City, Shibuya","57240","11160","52","1","7","0","0","5.13","428: In the Blocked City, Shibuya"
"Final Exam","9062","Final Exam","57240","24120","45","4","105","0","0","2.37","Final Exam"
"Dragon Front","9063","Dragon Front","57240","27420","10","2","13","0","0","2.09","Dragon Front"
"Shin Megami Tensei if...","9064","Shin Megami Tensei if...","57240","7440","41","1","7","0","0","7.69","Shin Megami Tensei if..."
"Tecmo Super Bowl III: Final Edition","9065","Tecmo Super Bowl III: Final Edition","57180","11520","23","2","6","0","0","4.96","Tecmo Super Bowl III: Final Edition"
"Power Blade","9066","Power Blade","57180","5820","181","7","17","0","0","9.82","Power Blade"
"Namco Museum","9067","Namco Museum","57120","7260","125","2","48","0","0","7.87","Namco Museum"
"Paladins Strike","9068","Paladins Strike","57120","14040","72","3","56","0","0","4.07","Paladins Strike"
"Depth Hunter 2: Deep Dive","9069","Depth Hunter 2: Deep Dive","57060","7260","408","1","42","0","0","7.86","Depth Hunter 2: Deep Dive"
"Premiere","9070","Premiere","57060","10920","138","1","43","0","0","5.23","Premiere"
"OZMAFIA!!","9071","OZMAFIA!!","57000","14160","62","2","32","0","0","4.03","OZMAFIA!!"
"Lost Labyrinth","9072","Lost Labyrinth","56940","540","413","1","2","0","0","105.44","Lost Labyrinth"
"Sherlock Holmes Consulting Detective: Collection","9073","Sherlock Holmes Consulting Detective: Collection","56880","2460","234","1","10","0","0","23.12","Sherlock Holmes Consulting Detective: Collection"
"Eisenhorn: XENOS","9074","Eisenhorn: XENOS","56880","6960","61","2","18","0","0","8.17","Eisenhorn: XENOS"
"Adam's Venture: Origins","9075","Adam's Venture: Origins","56880","24300","49","3","78","0","0","2.34","Adam's Venture: Origins"
"Uncharted: Fight for Fortune","9076","Uncharted: Fight for Fortune","56880","3120","165","1","6","0","0","18.23","Uncharted: Fight for Fortune"
"Killer Elite - Time to Die","9077","Killer Elite - Time to Die","56880","180","948","1","1","0","0","316","Killer Elite - Time to Die"
"Lords of Football","9078","Lords of Football","56820","2880","440","1","7","0","0","19.73","Lords of Football"
"ClayFighter 2: Judgement Clay","9079","ClayFighter 2: Judgement Clay","56820","360","495","1","3","0","0","157.83","ClayFighter 2: Judgement Clay"
"Ceville","9080","Ceville","56760","3840","111","1","6","0","0","14.78","Ceville"
"The Island of Dr. Brain","9081","The Island of Dr. Brain","56760","3720","49","1","6","0","0","15.26","The Island of Dr. Brain"
"Nightfall","9082","Nightfall","56760","2580","713","1","11","0","0","22","Nightfall"
"Star Wars: Galaxies - Jump to Light Speed","9083","Star Wars: Galaxies - Jump to Light Speed","56760","19320","29","2","42","0","0","2.94","Star Wars: Galaxies - Jump to Light Speed"
"EDGE","9084","EDGE","56760","9840","90","2","63","0","0","5.77","EDGE"
"Digimon Adventure","9085","Digimon Adventure","56700","23220","32","3","34","0","0","2.44","Digimon Adventure"
"Ushinawareta Mirai wo Motomete","9086","Ushinawareta Mirai wo Motomete","56700","3420","67","2","5","0","0","16.58","Ushinawareta Mirai wo Motomete"
"X2: Wolverine's Revenge","9087","X2: Wolverine's Revenge","56700","1620","338","1","9","0","0","35","X2: Wolverine's Revenge"
"Dino Frontier","9088","Dino Frontier","56640","8880","308","3","36","0","0","6.38","Dino Frontier"
"Bullet Girls","9089","Bullet Girls","56640","3900","44","1","4","0","0","14.52","Bullet Girls"
"Cooking Mama 4: Kitchen Magic","9090","Cooking Mama 4: Kitchen Magic","56580","4680","306","1","14","0","0","12.09","Cooking Mama 4: Kitchen Magic"
"Touken Ranbu","9091","Touken Ranbu","56580","22500","28","2","54","0","0","2.51","Touken Ranbu"
"Rockman & Forte: Mirai kara no Chousensha","9092","Rockman & Forte: Mirai kara no Chousensha","56580","5160","572","2","15","0","0","10.97","Rockman & Forte: Mirai kara no Chousensha"
"Shadow of Destiny","9093","Shadow of Destiny","56580","12060","48","2","32","0","0","4.69","Shadow of Destiny"
"C.A.T.S.: Crash Arena Turbo Star","9094","C.A.T.S.: Crash Arena Turbo Star","56580","3000","722","1","12","0","0","18.86","C.A.T.S.: Crash Arena Turbo Star"
"Fragmental","9095","Fragmental","56580","143460","8","2","4","0","0","0.39","Fragmental"
"pop'n music 7","9096","pop'n music 7","56580","420","176","1","2","0","0","134.71","pop'n music 7"
"Within a Deep Forest","9097","Within a Deep Forest","56520","4920","535","1","13","0","0","11.49","Within a Deep Forest"
"Blades of Vengeance","9098","Blades of Vengeance","56520","2640","109","1","9","0","0","21.41","Blades of Vengeance"
"Gradius IV Fukkatsu","9099","Gradius IV Fukkatsu","56520","1620","72","1","4","0","0","34.89","Gradius IV Fukkatsu"
"Cobalt","9100","Cobalt","56460","11580","304","2","41","0","0","4.88","Cobalt"