"","","Game","Watch time","Stream time","Peak viewers","Peak channels","Streamers","Average viewers","Average channels","Average viewer ratio",""
"The SKIES","9801","The SKIES","43200","14040","193","2","72","0","0","3.08","The SKIES"
"In Fear I Trust","9802","In Fear I Trust","43200","840","360","1","5","0","0","51.43","In Fear I Trust"
"Suikoden Tactics","9803","Suikoden Tactics","43140","8640","13","1","6","0","0","4.99","Suikoden Tactics"
"Kaizou Choujin Shubibinman Zero","9804","Kaizou Choujin Shubibinman Zero","43140","1320","296","1","8","0","0","32.68","Kaizou Choujin Shubibinman Zero"
"D2","9805","D2","43140","11160","91","2","37","0","0","3.87","D2"
"Bejeweled","9806","Bejeweled","43140","9960","184","1","19","0","0","4.33","Bejeweled"
"Echo of the Wilds","9807","Echo of the Wilds","43080","4080","149","1","18","0","0","10.56","Echo of the Wilds"
"Asterix and Obelix","9808","Asterix and Obelix","43080","5880","174","3","21","0","0","7.33","Asterix and Obelix"
"Vanguard Bandits","9809","Vanguard Bandits","43080","18960","23","2","22","0","0","2.27","Vanguard Bandits"
"Hyperdimension Neptunia mk2","9810","Hyperdimension Neptunia mk2","43080","11400","142","2","16","0","0","3.78","Hyperdimension Neptunia mk2"
"Taz-Mania","9811","Taz-Mania","43020","5520","121","3","26","0","0","7.79","Taz-Mania"
"Choujin Sentai Jetman","9812","Choujin Sentai Jetman","43020","3900","503","1","17","0","0","11.03","Choujin Sentai Jetman"
"Gunshoot","9813","Gunshoot","43020","1020","345","1","4","0","0","42.18","Gunshoot"
"Fleet Command","9814","Fleet Command","42960","2460","106","1","6","0","0","17.46","Fleet Command"
"Asdivine Hearts","9815","Asdivine Hearts","42960","25800","41","3","58","0","0","1.67","Asdivine Hearts"
"Seraph","9816","Seraph","42960","20400","27","2","96","0","0","2.11","Seraph"
"Ougon Musoukyoku X","9817","Ougon Musoukyoku X","42960","3000","203","1","3","0","0","14.32","Ougon Musoukyoku X"
"Virtua Fighter 4: Evolution","9818","Virtua Fighter 4: Evolution","42960","3840","165","1","13","0","0","11.19","Virtua Fighter 4: Evolution"
"Double Dribble","9819","Double Dribble","42960","3120","294","1","19","0","0","13.77","Double Dribble"
"Blade Kitten","9820","Blade Kitten","42900","9360","55","2","39","0","0","4.58","Blade Kitten"
"Colin McRae Rally","9821","Colin McRae Rally","42900","19320","14","4","55","0","0","2.22","Colin McRae Rally"
"Beach Buggy Racing","9822","Beach Buggy Racing","42900","35520","28","3","142","0","0","1.21","Beach Buggy Racing"
"Phantom Brave","9823","Phantom Brave","42900","18780","26","2","62","0","0","2.28","Phantom Brave"
"Kung Fu Chaos","9824","Kung Fu Chaos","42900","1800","202","1","4","0","0","23.83","Kung Fu Chaos"
"Joust","9825","Joust","42900","14220","100","2","19","0","0","3.02","Joust"
"Quackshot","9826","Quackshot","42840","9180","78","2","38","0","0","4.67","Quackshot"
"Predynastic Egypt","9827","Predynastic Egypt","42840","2400","230","1","11","0","0","17.85","Predynastic Egypt"
"Shin Megami Tensei: Persona","9828","Shin Megami Tensei: Persona","42780","17700","16","2","59","0","0","2.42","Shin Megami Tensei: Persona"
"Card Games for Windows","9829","Card Games for Windows","42780","1800","108","2","15","0","0","23.77","Card Games for Windows"
"NightSky","9830","NightSky","42780","9780","100","2","30","0","0","4.37","NightSky"
"Child of Eden","9831","Child of Eden","42780","14100","29","5","23","0","0","3.03","Child of Eden"
"PixelJunk Shooter Ultimate","9832","PixelJunk Shooter Ultimate","42720","6420","298","1","51","0","0","6.65","PixelJunk Shooter Ultimate"
"Kid Niki: Radical Ninja","9833","Kid Niki: Radical Ninja","42720","5520","92","2","11","0","0","7.74","Kid Niki: Radical Ninja"
"Sam & Max Episode 204: Chariots of the Dogs","9834","Sam & Max Episode 204: Chariots of the Dogs","42720","3780","74","1","15","0","0","11.3","Sam & Max Episode 204: Chariots of the Dogs"
"Brawl","9835","Brawl","42720","10920","72","1","62","0","0","3.91","Brawl"
"Mana-Khemia 2: Fall of Alchemy","9836","Mana-Khemia 2: Fall of Alchemy","42720","12540","22","2","9","0","0","3.41","Mana-Khemia 2: Fall of Alchemy"
"Putt-Putt Joins the Parade","9837","Putt-Putt Joins the Parade","42660","10200","116","2","30","0","0","4.18","Putt-Putt Joins the Parade"
"Start-Up","9838","Start-Up","42660","7140","51","1","6","0","0","5.97","Start-Up"
"Age of Empires III: The WarChiefs","9839","Age of Empires III: The WarChiefs","42660","14040","23","2","57","0","0","3.04","Age of Empires III: The WarChiefs"
"Toy Story 3","9840","Toy Story 3","42660","15420","124","3","81","0","0","2.77","Toy Story 3"
"Star Vikings","9841","Star Vikings","42660","1380","217","1","5","0","0","30.91","Star Vikings"
"Avatarika","9842","Avatarika","42600","1560","434","1","12","0","0","27.31","Avatarika"
"Boring Man: Online Tactical Stickman Combat","9843","Boring Man: Online Tactical Stickman Combat","42600","12840","502","2","78","0","0","3.32","Boring Man: Online Tactical Stickman Combat"
"Hearts of Iron","9844","Hearts of Iron","42600","2280","298","1","11","0","0","18.68","Hearts of Iron"
"Mystery House","9845","Mystery House","42540","3120","171","1","10","0","0","13.63","Mystery House"
"Wizardry: Proving Grounds of the Mad Overlord","9846","Wizardry: Proving Grounds of the Mad Overlord","42540","7740","22","1","10","0","0","5.5","Wizardry: Proving Grounds of the Mad Overlord"
"Tethered","9847","Tethered","42540","14220","257","2","61","0","0","2.99","Tethered"
"Pastel Chime","9848","Pastel Chime","42480","13320","10","1","4","0","0","3.19","Pastel Chime"
"The King of Fighters '97 OL","9849","The King of Fighters '97 OL","42480","2760","293","1","9","0","0","15.39","The King of Fighters '97 OL"
"Doctor Who: Legacy","9850","Doctor Who: Legacy","42480","600","103","1","1","0","0","70.8","Doctor Who: Legacy"
"The Ninja Warriors","9851","The Ninja Warriors","42480","2700","353","2","16","0","0","15.73","The Ninja Warriors"
"Star Wars: Jedi Knight - Mysteries of the Sith","9852","Star Wars: Jedi Knight - Mysteries of the Sith","42480","8100","64","1","22","0","0","5.24","Star Wars: Jedi Knight - Mysteries of the Sith"
"Kreatives Gehirntraining","9853","Kreatives Gehirntraining","42480","16080","47","2","54","0","0","2.64","Kreatives Gehirntraining"
"High School Musical 3: Senior Year","9854","High School Musical 3: Senior Year","42480","1260","611","1","3","0","0","33.71","High School Musical 3: Senior Year"
"College Hoops 2K8","9855","College Hoops 2K8","42480","6180","80","1","7","0","0","6.87","College Hoops 2K8"
"Sam & Max Episode 6: Bright Side of the Moon","9856","Sam & Max Episode 6: Bright Side of the Moon","42420","4380","73","2","20","0","0","9.68","Sam & Max Episode 6: Bright Side of the Moon"
"Arena Gods","9857","Arena Gods","42420","2520","229","2","17","0","0","16.83","Arena Gods"
"LOUD on Planet X","9858","LOUD on Planet X","42420","1140","365","1","5","0","0","37.21","LOUD on Planet X"
"Inside / Limbo","9859","Inside / Limbo","42420","13500","46","3","44","0","0","3.14","Inside / Limbo"
"Walt Disney World Quest Magical Racing Tour","9860","Walt Disney World Quest Magical Racing Tour","42360","3060","186","3","14","0","0","13.84","Walt Disney World Quest Magical Racing Tour"
"Final Fantasy Crystal Chronicles: Ring of Fates","9861","Final Fantasy Crystal Chronicles: Ring of Fates","42300","6600","89","2","7","0","0","6.41","Final Fantasy Crystal Chronicles: Ring of Fates"
"Star Wars: Episode I - Jedi Power Battles","9862","Star Wars: Episode I - Jedi Power Battles","42300","8340","34","2","23","0","0","5.07","Star Wars: Episode I - Jedi Power Battles"
"Army Men: Sarge's Heroes","9863","Army Men: Sarge's Heroes","42240","11280","63","2","26","0","0","3.74","Army Men: Sarge's Heroes"
"The Pink Panther Passport to Peril","9864","The Pink Panther Passport to Peril","42240","3060","143","1","7","0","0","13.8","The Pink Panther Passport to Peril"
"Firestorm","9865","Firestorm","42240","39240","20","2","103","0","0","1.08","Firestorm"
"Dynasty Warriors 3","9866","Dynasty Warriors 3","42240","16080","77","2","28","0","0","2.63","Dynasty Warriors 3"
"The Expendabros","9867","The Expendabros","42240","21900","27","2","163","0","0","1.93","The Expendabros"
"Fugl","9868","Fugl","42240","2700","179","2","21","0","0","15.64","Fugl"
"Gauntlet: The Third Encounter","9869","Gauntlet: The Third Encounter","42180","420","148","1","1","0","0","100.43","Gauntlet: The Third Encounter"
"Might and Magic: Book I","9870","Might and Magic: Book I","42180","4800","92","1","14","0","0","8.79","Might and Magic: Book I"
"LEGO Rock Band","9871","LEGO Rock Band","42180","5700","237","1","21","0","0","7.4","LEGO Rock Band"
"Sam & Max Episode 4: Abe Lincoln Must Die!","9872","Sam & Max Episode 4: Abe Lincoln Must Die!","42180","6480","68","2","28","0","0","6.51","Sam & Max Episode 4: Abe Lincoln Must Die!"
"King Kong 2: Ikari no Megaton Punch","9873","King Kong 2: Ikari no Megaton Punch","42120","1980","505","1","9","0","0","21.27","King Kong 2: Ikari no Megaton Punch"
"TinHead","9874","TinHead","42120","1560","446","1","3","0","0","27","TinHead"
"Amagami","9875","Amagami","42120","12900","68","1","13","0","0","3.27","Amagami"
"AI War: Fleet Command","9876","AI War: Fleet Command","42120","24960","19","2","47","0","0","1.69","AI War: Fleet Command"
"B.C.E.","9877","B.C.E.","42120","300","678","1","4","0","0","140.4","B.C.E."
"Riding Club Championships","9878","Riding Club Championships","42120","1800","167","1","11","0","0","23.4","Riding Club Championships"
"Blood Strike","9879","Blood Strike","42060","13980","66","2","27","0","0","3.01","Blood Strike"
"Tom Clancy's EndWar","9880","Tom Clancy's EndWar","42060","11820","154","2","39","0","0","3.56","Tom Clancy's EndWar"
"Gungage","9881","Gungage","42060","900","352","1","3","0","0","46.73","Gungage"
"Populous: The Beginning: Undiscovered Worlds","9882","Populous: The Beginning: Undiscovered Worlds","42060","840","85","1","1","0","0","50.07","Populous: The Beginning: Undiscovered Worlds"
"Dreamland","9883","Dreamland","42000","4740","30","1","2","0","0","8.86","Dreamland"
"Ran Online","9884","Ran Online","42000","18300","34","2","37","0","0","2.3","Ran Online"
"Samurai Shodown II","9885","Samurai Shodown II","41940","9660","309","3","57","0","0","4.34","Samurai Shodown II"
"Alien Shooter","9886","Alien Shooter","41940","21480","42","2","89","0","0","1.95","Alien Shooter"
"musika","9887","musika","41940","26460","27","2","97","0","0","1.59","musika"
"OlliOlli 2: Welcome to OlliWood","9888","OlliOlli 2: Welcome to OlliWood","41940","12780","114","2","126","0","0","3.28","OlliOlli 2: Welcome to OlliWood"
"Gladiator School","9889","Gladiator School","41940","1920","125","1","5","0","0","21.84","Gladiator School"
"Insurgency 2","9890","Insurgency 2","41880","11280","44","2","47","0","0","3.71","Insurgency 2"
"Konami Wai Wai World","9891","Konami Wai Wai World","41820","2040","93","1","6","0","0","20.5","Konami Wai Wai World"
"Franchise Hockey Manager 3","9892","Franchise Hockey Manager 3","41820","10560","35","1","12","0","0","3.96","Franchise Hockey Manager 3"
"Broken Dreams","9893","Broken Dreams","41820","780","153","1","3","0","0","53.62","Broken Dreams"
"Green Eggs and Ham","9894","Green Eggs and Ham","41760","600","317","1","3","0","0","69.6","Green Eggs and Ham"
"Xenomorph","9895","Xenomorph","41760","8220","88","1","1","0","0","5.08","Xenomorph"
"EverWing","9896","EverWing","41760","53940","51","3","150","0","0","0.77","EverWing"
"War Builder League","9897","War Builder League","41760","3120","382","2","12","0","0","13.38","War Builder League"
"BloodLust Shadowhunter","9898","BloodLust Shadowhunter","41760","3480","291","2","9","0","0","12","BloodLust Shadowhunter"
"Crayon Physics Deluxe","9899","Crayon Physics Deluxe","41760","7440","84","1","24","0","0","5.61","Crayon Physics Deluxe"
"FIFA 12","9900","FIFA 12","41760","9000","295","1","46","0","0","4.64","FIFA 12"