"","","Game","Watch time","Stream time","Peak viewers","Peak channels","Streamers","Average viewers","Average channels","Average viewer ratio",""
"I, Zombie","9101","I, Zombie","56460","8700","158","2","54","0","0","6.49","I, Zombie"
"So Many Me","9102","So Many Me","56400","12540","83","2","58","0","0","4.5","So Many Me"
"Spider-Man: Return of the Sinister Six","9103","Spider-Man: Return of the Sinister Six","56400","3360","215","2","9","0","0","16.79","Spider-Man: Return of the Sinister Six"
"Anno 1602: Creation of a New World","9104","Anno 1602: Creation of a New World","56400","14100","112","2","19","0","0","4","Anno 1602: Creation of a New World"
"Dark Legions","9105","Dark Legions","56400","480","487","2","3","0","0","117.5","Dark Legions"
"NaissanceE","9106","NaissanceE","56340","20640","34","4","53","0","0","2.73","NaissanceE"
"Talisman","9107","Talisman","56340","14100","97","2","57","0","0","4","Talisman"
"Mortal Kombat: Armageddon","9108","Mortal Kombat: Armageddon","56280","14160","79","1","43","0","0","3.97","Mortal Kombat: Armageddon"
"Osu! Tatakae! Ouendan","9109","Osu! Tatakae! Ouendan","56220","12660","199","2","39","0","0","4.44","Osu! Tatakae! Ouendan"
"Earnest Evans","9110","Earnest Evans","56220","1140","464","1","7","0","0","49.32","Earnest Evans"
"Fisher-Price: Firehouse Rescue","9111","Fisher-Price: Firehouse Rescue","56220","2940","87","4","10","0","0","19.12","Fisher-Price: Firehouse Rescue"
"Arcfall","9112","Arcfall","56100","16140","146","4","21","0","0","3.48","Arcfall"
"Anyland","9113","Anyland","56100","22980","28","2","17","0","0","2.44","Anyland"
"ESPN NFL 2K5","9114","ESPN NFL 2K5","56100","18240","38","2","28","0","0","3.08","ESPN NFL 2K5"
"Space Quest III: The Pirates of Pestulon","9115","Space Quest III: The Pirates of Pestulon","56040","4740","198","2","16","0","0","11.82","Space Quest III: The Pirates of Pestulon"
"Time Clickers","9116","Time Clickers","56040","28260","144","2","74","0","0","1.98","Time Clickers"
"Snow White in Happily Ever After","9117","Snow White in Happily Ever After","56040","1260","297","2","7","0","0","44.48","Snow White in Happily Ever After"
"Operation 7","9118","Operation 7","55980","34680","77","3","80","0","0","1.61","Operation 7"
"Doodle God 2","9119","Doodle God 2","55980","600","684","1","4","0","0","93.3","Doodle God 2"
"Duke Nukem II","9120","Duke Nukem II","55920","5220","382","1","16","0","0","10.71","Duke Nukem II"
"Art Academy: Home Studio","9121","Art Academy: Home Studio","55920","2820","377","2","11","0","0","19.83","Art Academy: Home Studio"
"Asemblance","9122","Asemblance","55920","17100","113","3","106","0","0","3.27","Asemblance"
"Reveal the Deep","9123","Reveal the Deep","55860","10200","217","2","56","0","0","5.48","Reveal the Deep"
"Defend the Cake","9124","Defend the Cake","55800","3060","225","2","10","0","0","18.24","Defend the Cake"
"eXceed 3rd JADE PENETRATE","9125","eXceed 3rd JADE PENETRATE","55800","14400","307","2","40","0","0","3.88","eXceed 3rd JADE PENETRATE"
"Capsule","9126","Capsule","55800","240","928","1","2","0","0","232.5","Capsule"
"Urban Runner","9127","Urban Runner","55740","1260","271","1","2","0","0","44.24","Urban Runner"
"World Cup 98","9128","World Cup 98","55740","720","311","1","3","0","0","77.42","World Cup 98"
"I Wanna Kill The Guy","9129","I Wanna Kill The Guy","55740","16740","49","2","53","0","0","3.33","I Wanna Kill The Guy"
"DeathSpank","9130","DeathSpank","55740","15000","23","2","36","0","0","3.72","DeathSpank"
"Zeus Official Expansion: Poseidon","9131","Zeus Official Expansion: Poseidon","55680","7140","229","1","20","0","0","7.8","Zeus Official Expansion: Poseidon"
"GoldenEye 007 Reloaded","9132","GoldenEye 007 Reloaded","55680","12120","106","2","23","0","0","4.59","GoldenEye 007 Reloaded"
"Iggy's Reckin' Balls","9133","Iggy's Reckin' Balls","55680","3300","295","2","15","0","0","16.87","Iggy's Reckin' Balls"
"Shaiya","9134","Shaiya","55620","29520","59","2","94","0","0","1.88","Shaiya"
"Metal Gear Solid: The Legacy Collection 1987-2012","9135","Metal Gear Solid: The Legacy Collection 1987-2012","55620","13080","39","1","15","0","0","4.25","Metal Gear Solid: The Legacy Collection 1987-2012"
"Panty Raider: From Here to Immaturity","9136","Panty Raider: From Here to Immaturity","55620","1740","703","2","13","0","0","31.97","Panty Raider: From Here to Immaturity"
"Wulverblade","9137","Wulverblade","55620","3420","214","2","22","0","0","16.26","Wulverblade"
"Brigandine: The Legend of Forsena","9138","Brigandine: The Legend of Forsena","55500","15480","26","2","27","0","0","3.59","Brigandine: The Legend of Forsena"
"R-Type II","9139","R-Type II","55500","2100","518","1","5","0","0","26.43","R-Type II"
"ShadowPlay","9140","ShadowPlay","55440","1020","571","1","5","0","0","54.35","ShadowPlay"
"Golf for Workgroups","9141","Golf for Workgroups","55440","2880","730","2","17","0","0","19.25","Golf for Workgroups"
"Soccer Stars","9142","Soccer Stars","55380","7140","432","2","41","0","0","7.76","Soccer Stars"
"Puzzle & Dragons X","9143","Puzzle & Dragons X","55380","960","102","1","3","0","0","57.69","Puzzle & Dragons X"
"Conquests of the Longbow: The Legend of Robin Hood","9144","Conquests of the Longbow: The Legend of Robin Hood","55380","2700","84","1","5","0","0","20.51","Conquests of the Longbow: The Legend of Robin Hood"
"Art of Fighting 2","9145","Art of Fighting 2","55380","3120","359","1","3","0","0","17.75","Art of Fighting 2"
"Gardenscapes","9146","Gardenscapes","55380","5520","275","1","26","0","0","10.03","Gardenscapes"
"Bloody Roar II","9147","Bloody Roar II","55380","13560","110","1","59","0","0","4.08","Bloody Roar II"
"Blockade","9148","Blockade","55380","25020","234","3","165","0","0","2.21","Blockade"
"Impossible Mission","9149","Impossible Mission","55320","1380","408","1","8","0","0","40.09","Impossible Mission"
"Dead Synchronicity: Tomorrow Comes Today","9150","Dead Synchronicity: Tomorrow Comes Today","55320","14760","32","3","55","0","0","3.75","Dead Synchronicity: Tomorrow Comes Today"
"Raw Danger","9151","Raw Danger","55260","8940","36","1","26","0","0","6.18","Raw Danger"
"The Sims 3 Seasons","9152","The Sims 3 Seasons","55260","10620","95","2","33","0","0","5.2","The Sims 3 Seasons"
"Penarium","9153","Penarium","55200","9240","210","2","40","0","0","5.97","Penarium"
"RogueStormers","9154","RogueStormers","55200","15780","129","2","77","0","0","3.5","RogueStormers"
"The Lost Files of Sherlock Holmes: The Case of the Rose Tattoo","9155","The Lost Files of Sherlock Holmes: The Case of the Rose Tattoo","55200","2820","94","1","3","0","0","19.57","The Lost Files of Sherlock Holmes: The Case of the Rose Tattoo"
"Soulcalibur: Broken Destiny","9156","Soulcalibur: Broken Destiny","55140","2940","442","1","10","0","0","18.76","Soulcalibur: Broken Destiny"
"AquaNox","9157","AquaNox","55140","3000","348","1","12","0","0","18.38","AquaNox"
"Freddi Fish 5: The Case of the Creature of Coral Cove","9158","Freddi Fish 5: The Case of the Creature of Coral Cove","55080","3000","299","1","20","0","0","18.36","Freddi Fish 5: The Case of the Creature of Coral Cove"
"Lock's Quest","9159","Lock's Quest","55080","12600","91","2","62","0","0","4.37","Lock's Quest"
"Karaoke Revolution Party","9160","Karaoke Revolution Party","55080","3600","588","1","15","0","0","15.3","Karaoke Revolution Party"
"Coffin of Ashes","9161","Coffin of Ashes","55080","8400","52","2","22","0","0","6.56","Coffin of Ashes"
"Times of Lore","9162","Times of Lore","55020","480","470","1","2","0","0","114.63","Times of Lore"
"Galactic Warriors","9163","Galactic Warriors","55020","300","947","1","1","0","0","183.4","Galactic Warriors"
"Tenchu: Fatal Shadows","9164","Tenchu: Fatal Shadows","55020","21360","91","2","21","0","0","2.58","Tenchu: Fatal Shadows"
"Metal Slug 4","9165","Metal Slug 4","55020","7620","178","2","42","0","0","7.22","Metal Slug 4"
"Naruto: Rise of a Ninja","9166","Naruto: Rise of a Ninja","55020","5640","56","1","14","0","0","9.76","Naruto: Rise of a Ninja"
"Tom and Jerry in House Trap","9167","Tom and Jerry in House Trap","55020","3060","282","2","12","0","0","17.98","Tom and Jerry in House Trap"
"Tyrian 2000","9168","Tyrian 2000","54960","9900","147","1","42","0","0","5.55","Tyrian 2000"
"Someone's in the Kitchen!","9169","Someone's in the Kitchen!","54960","51720","18","2","10","0","0","1.06","Someone's in the Kitchen!"
"The Wizards","9170","The Wizards","54960","2280","798","2","11","0","0","24.11","The Wizards"
"RUSH","9171","RUSH","54900","3300","137","1","17","0","0","16.64","RUSH"
"The Legend of Alon D'ar","9172","The Legend of Alon D'ar","54900","2160","428","1","2","0","0","25.42","The Legend of Alon D'ar"
"Blade","9173","Blade","54840","19140","71","2","99","0","0","2.87","Blade"
"Melty Blood: Act Cadenza","9174","Melty Blood: Act Cadenza","54840","1260","180","1","7","0","0","43.52","Melty Blood: Act Cadenza"
"Klax","9175","Klax","54840","3660","293","1","8","0","0","14.98","Klax"
"Jungle Book","9176","Jungle Book","54840","5460","108","3","25","0","0","10.04","Jungle Book"
"Road Rash 64","9177","Road Rash 64","54780","6720","265","1","36","0","0","8.15","Road Rash 64"
"KiKi KaiKai","9178","KiKi KaiKai","54780","780","272","1","3","0","0","70.23","KiKi KaiKai"
"Fantastic Four: Rise of the Silver Surfer","9179","Fantastic Four: Rise of the Silver Surfer","54780","480","177","1","3","0","0","114.13","Fantastic Four: Rise of the Silver Surfer"
"Desert Demolition Starring Road Runner and  Wile E. Coyote","9180","Desert Demolition Starring Road Runner and  Wile E. Coyote","54780","1320","899","1","6","0","0","41.5","Desert Demolition Starring Road Runner and  Wile E. Coyote"
"Dodonpachi Dai-Ou-Jou","9181","Dodonpachi Dai-Ou-Jou","54720","19620","19","2","16","0","0","2.79","Dodonpachi Dai-Ou-Jou"
"Higurashi no Naku Koro ni: Watanagashi-hen","9182","Higurashi no Naku Koro ni: Watanagashi-hen","54720","14280","29","2","13","0","0","3.83","Higurashi no Naku Koro ni: Watanagashi-hen"
"BlackSoul: Extended Edition","9183","BlackSoul: Extended Edition","54720","420","528","1","2","0","0","130.29","BlackSoul: Extended Edition"
"Porno Party - Sailor Fuku to Yakyuken: The Yakyuken Game","9184","Porno Party - Sailor Fuku to Yakyuken: The Yakyuken Game","54660","40080","33","2","79","0","0","1.36","Porno Party - Sailor Fuku to Yakyuken: The Yakyuken Game"
"Blue's Clues: Blue's Birthday Adventure","9185","Blue's Clues: Blue's Birthday Adventure","54660","600","351","1","6","0","0","91.1","Blue's Clues: Blue's Birthday Adventure"
"Candleman","9186","Candleman","54660","19440","30","2","75","0","0","2.81","Candleman"
"Watchmen: The End is Nigh Part 2","9187","Watchmen: The End is Nigh Part 2","54600","1020","265","1","7","0","0","53.53","Watchmen: The End is Nigh Part 2"
"Reflec Beat Limelight","9188","Reflec Beat Limelight","54540","2040","61","1","1","0","0","26.74","Reflec Beat Limelight"
"Apache","9189","Apache","54480","60","909","1","1","0","0","908","Apache"
"The Last Crown: Midnight Horror","9190","The Last Crown: Midnight Horror","54480","3180","179","2","15","0","0","17.13","The Last Crown: Midnight Horror"
"Earth Defense Force 2017 Portable","9191","Earth Defense Force 2017 Portable","54480","300","492","1","1","0","0","181.6","Earth Defense Force 2017 Portable"
"Caveman Games","9192","Caveman Games","54480","1020","429","1","6","0","0","53.41","Caveman Games"
"SpellForce 2: Shadow Wars","9193","SpellForce 2: Shadow Wars","54420","22320","50","2","40","0","0","2.44","SpellForce 2: Shadow Wars"
"Sid Meier's Alpha Centauri","9194","Sid Meier's Alpha Centauri","54420","8580","85","1","22","0","0","6.34","Sid Meier's Alpha Centauri"
"Gradius: The Interstellar Assault","9195","Gradius: The Interstellar Assault","54360","780","308","1","2","0","0","69.69","Gradius: The Interstellar Assault"
"Guardians of the Galaxy: The Universal Weapon","9196","Guardians of the Galaxy: The Universal Weapon","54360","1140","314","1","8","0","0","47.68","Guardians of the Galaxy: The Universal Weapon"
"Mega Man 64","9197","Mega Man 64","54360","5700","509","1","17","0","0","9.54","Mega Man 64"
"Dr. Langeskov, The Tiger, and The Terribly Cursed Emerald: A Whirlwind Heist","9198","Dr. Langeskov, The Tiger, and The Terribly Cursed Emerald: A Whirlwind Heist","54360","2520","641","1","5","0","0","21.57","Dr. Langeskov, The Tiger, and The Terribly Cursed Emerald: A Whirlwind Heist"
"Nicktoons: Battle for Volcano Island","9199","Nicktoons: Battle for Volcano Island","54300","27660","16","5","33","0","0","1.96","Nicktoons: Battle for Volcano Island"
"Anodyne","9200","Anodyne","54300","10680","234","1","39","0","0","5.08","Anodyne"