"","","Game","Watch time","Stream time","Peak viewers","Peak channels","Streamers","Average viewers","Average channels","Average viewer ratio",""
"Meadow","4101","Meadow","573300","46980","4141","3","260","1","0","12.2","Meadow"
"Dragon Ball Z: Budokai Tenkaichi 3","4102","Dragon Ball Z: Budokai Tenkaichi 3","573300","145800","439","4","599","1","0","3.93","Dragon Ball Z: Budokai Tenkaichi 3"
"Fort Boyard","4103","Fort Boyard","572700","5220","1910","1","14","1","0","109.71","Fort Boyard"
"Phantom Breaker: Battle Grounds","4104","Phantom Breaker: Battle Grounds","572520","49560","1907","5","235","1","0","11.55","Phantom Breaker: Battle Grounds"
"Silent Hunter V: Battle of the Atlantic","4105","Silent Hunter V: Battle of the Atlantic","571800","80100","2186","3","129","1","0","7.14","Silent Hunter V: Battle of the Atlantic"
"Pathfinder: Kingmaker","4106","Pathfinder: Kingmaker","571800","3060","832","3","6","1","0","186.86","Pathfinder: Kingmaker"
"The Inner World: The Last Wind Monk","4107","The Inner World: The Last Wind Monk","571680","30780","649","5","63","1","0","18.57","The Inner World: The Last Wind Monk"
"Wheelman","4108","Wheelman","571320","12000","2407","3","29","1","0","47.61","Wheelman"
"Gears of War","4109","Gears of War","571080","301620","220","7","1146","1","0","1.89","Gears of War"
"Pokémon Channel","4110","Pokémon Channel","570900","89760","673","3","305","1","0","6.36","Pokémon Channel"
"The Eyes of Ara","4111","The Eyes of Ara","570480","15360","1209","3","31","1","0","37.14","The Eyes of Ara"
"Distance","4112","Distance","570360","145800","1096","4","579","1","0","3.91","Distance"
"Naruto to Boruto: Shinobi Striker","4113","Naruto to Boruto: Shinobi Striker","569940","28740","2812","40","4","1","0","19.83","Naruto to Boruto: Shinobi Striker"
"Spheroids","4114","Spheroids","569460","5940","2040","2","28","1","0","95.87","Spheroids"
"Toy Story 2: Buzz Lightyear to the Rescue!","4115","Toy Story 2: Buzz Lightyear to the Rescue!","568740","59700","1851","3","144","1","0","9.53","Toy Story 2: Buzz Lightyear to the Rescue!"
"Alien vs. Predator","4116","Alien vs. Predator","568560","60300","1764","3","262","1","0","9.43","Alien vs. Predator"
"Ghostbusters","4117","Ghostbusters","567960","65940","2028","4","278","1","0","8.61","Ghostbusters"
"Curse of the Azure Bonds","4118","Curse of the Azure Bonds","567900","2100","885","1","3","1","0","270.43","Curse of the Azure Bonds"
"SEGA Mega Drive & Genesis Classics","4119","SEGA Mega Drive & Genesis Classics","567840","42780","1480","3","218","1","0","13.27","SEGA Mega Drive & Genesis Classics"
"DLC Quest","4120","DLC Quest","567480","17940","3638","2","118","1","0","31.63","DLC Quest"
"Tekken 2","4121","Tekken 2","567180","14520","8386","2","62","1","0","39.06","Tekken 2"
"SanctuaryRPG","4122","SanctuaryRPG","566640","20220","2831","2","71","1","0","28.02","SanctuaryRPG"
"The Matrix: Path of Neo","4123","The Matrix: Path of Neo","565920","32040","1005","2","95","1","0","17.66","The Matrix: Path of Neo"
"U.N. Squadron","4124","U.N. Squadron","564120","22440","4428","2","81","1","0","25.14","U.N. Squadron"
"Mega Man: The Wily Wars","4125","Mega Man: The Wily Wars","564060","12420","2005","2","36","1","0","45.42","Mega Man: The Wily Wars"
"The King of Fighters 2006","4126","The King of Fighters 2006","564000","1200","4730","1","7","1","0","470","The King of Fighters 2006"
"Aviary Attorney","4127","Aviary Attorney","563700","33300","682","3","78","1","0","16.93","Aviary Attorney"
"Please, Don't Touch Anything","4128","Please, Don't Touch Anything","563520","36360","670","2","187","1","0","15.5","Please, Don't Touch Anything"
"Thy Sword","4129","Thy Sword","563220","1620","2267","1","6","1","0","347.67","Thy Sword"
"Azure Striker Gunvolt","4130","Azure Striker Gunvolt","563160","68580","317","3","207","1","0","8.21","Azure Striker Gunvolt"
"Star Stable","4131","Star Stable","562740","99840","3390","3","224","1","0","5.64","Star Stable"
"The Last of Us: Left Behind","4132","The Last of Us: Left Behind","562680","36840","1079","3","179","1","0","15.27","The Last of Us: Left Behind"
"Animal Crossing: City Folk","4133","Animal Crossing: City Folk","562260","75660","450","3","171","1","0","7.43","Animal Crossing: City Folk"
"Stasis","4134","Stasis","561720","35040","710","4","87","1","0","16.03","Stasis"
"Desperate Housewives: The Game","4135","Desperate Housewives: The Game","561420","2760","694","1","7","1","0","203.41","Desperate Housewives: The Game"
"Whacked!","4136","Whacked!","561360","840","8448","1","7","1","0","668.29","Whacked!"
"Pokémon Conquest","4137","Pokémon Conquest","561060","25320","2148","3","61","1","0","22.16","Pokémon Conquest"
"LiEat","4138","LiEat","561060","39240","995","2","180","1","0","14.3","LiEat"
"Slither","4139","Slither","560460","16200","2717","2","84","1","0","34.6","Slither"
"Pink Panther Hocus Pocus Pink","4140","Pink Panther Hocus Pocus Pink","559800","3060","1513","1","14","1","0","182.94","Pink Panther Hocus Pocus Pink"
"Wizardry 8","4141","Wizardry 8","559080","75180","649","3","51","1","0","7.44","Wizardry 8"
"Cogmind","4142","Cogmind","558960","40860","1471","5","79","1","0","13.68","Cogmind"
"Arpiel Online","4143","Arpiel Online","557820","152280","541","12","195","1","0","3.66","Arpiel Online"
"Chill","4144","Chill","557760","173040","259","5","525","1","0","3.22","Chill"
"Space Tyrant","4145","Space Tyrant","557580","7500","4061","2","30","1","0","74.34","Space Tyrant"
"XIII","4146","XIII","557460","36300","1776","2","87","1","0","15.36","XIII"
"Master Spy","4147","Master Spy","557340","8220","6736","2","21","1","0","67.8","Master Spy"
"Hearts of Iron III","4148","Hearts of Iron III","556920","21420","385","2","40","1","0","26","Hearts of Iron III"
"The King of Fighters '95","4149","The King of Fighters '95","556020","4320","1437","1","24","1","0","128.71","The King of Fighters '95"
"Lunar: The Silver Star","4150","Lunar: The Silver Star","555660","27720","1028","2","29","1","0","20.05","Lunar: The Silver Star"
"Mario Strikers Charged","4151","Mario Strikers Charged","555600","27000","1797","2","103","1","0","20.58","Mario Strikers Charged"
"Brut@l","4152","Brut@l","555360","23400","4094","6","98","1","0","23.73","Brut@l"
"Purrfect Date","4153","Purrfect Date","555120","15660","1106","5","0","1","0","35.45","Purrfect Date"
"TV Superstars","4154","TV Superstars","554640","1020","3272","1","4","1","0","543.76","TV Superstars"
"Wacky Funsters! The Geekwad's Guide to Gaming","4155","Wacky Funsters! The Geekwad's Guide to Gaming","554280","2100","5403","1","1","1","0","263.94","Wacky Funsters! The Geekwad's Guide to Gaming"
"Titanfall: Assault","4156","Titanfall: Assault","554220","19320","1241","3","40","1","0","28.69","Titanfall: Assault"
"A King's Tale: Final Fantasy XV","4157","A King's Tale: Final Fantasy XV","553980","229620","332","20","1651","1","0","2.41","A King's Tale: Final Fantasy XV"
"Beyblade","4158","Beyblade","553740","5280","2536","1","39","1","0","104.88","Beyblade"
"Kingdom of Loot","4159","Kingdom of Loot","553380","23340","3101","3","74","1","0","23.71","Kingdom of Loot"
"Anarchy Online","4160","Anarchy Online","553020","148320","42","5","117","1","0","3.73","Anarchy Online"
"Mega Man V","4161","Mega Man V","552480","26580","935","2","64","1","0","20.79","Mega Man V"
"Jagged Alliance 2","4162","Jagged Alliance 2","552240","100800","1034","4","80","1","0","5.48","Jagged Alliance 2"
"The West","4163","The West","551460","12240","321","3","7","1","0","45.05","The West"
"Sacred","4164","Sacred","551160","53640","3481","3","112","1","0","10.28","Sacred"
"ArmA II","4165","ArmA II","550440","62760","2744","3","267","1","0","8.77","ArmA II"
"Omikron: The Nomad Soul","4166","Omikron: The Nomad Soul","550080","10980","1831","1","29","1","0","50.1","Omikron: The Nomad Soul"
"Wave Race 64","4167","Wave Race 64","549900","108960","1510","4","100","1","0","5.05","Wave Race 64"
"140","4168","140","549480","59940","2081","6","239","1","0","9.17","140"
"Ironwolf VR","4169","Ironwolf VR","549240","5400","3274","2","18","1","0","101.71","Ironwolf VR"
"Nosferatu: The Wrath of Malachi","4170","Nosferatu: The Wrath of Malachi","548880","26040","1684","3","131","1","0","21.08","Nosferatu: The Wrath of Malachi"
"Tecmo Super Bowl","4171","Tecmo Super Bowl","548820","80280","1022","5","124","1","0","6.84","Tecmo Super Bowl"
"Ghost of a Tale","4172","Ghost of a Tale","548220","53580","396","3","185","1","0","10.23","Ghost of a Tale"
"Yu-Gi-Oh! Duel Monsters","4173","Yu-Gi-Oh! Duel Monsters","547980","33360","2765","2","95","1","0","16.43","Yu-Gi-Oh! Duel Monsters"
"Uncharted Water Online: Cruz del Sur","4174","Uncharted Water Online: Cruz del Sur","547980","52080","1182","2","9","1","0","10.52","Uncharted Water Online: Cruz del Sur"
"Zoombinis: Island Odyssey","4175","Zoombinis: Island Odyssey","547560","9300","1928","2","52","1","0","58.88","Zoombinis: Island Odyssey"
"Gunstar Heroes","4176","Gunstar Heroes","546840","45300","1468","3","204","1","0","12.07","Gunstar Heroes"
"Shop Heroes","4177","Shop Heroes","546420","102900","102","3","143","1","0","5.31","Shop Heroes"
"Live for Speed","4178","Live for Speed","546300","230100","290","8","689","1","0","2.37","Live for Speed"
"Auto Modellista","4179","Auto Modellista","546300","3360","5052","1","13","1","0","162.59","Auto Modellista"
"Driver 2: The Wheelman is Back","4180","Driver 2: The Wheelman is Back","545760","20880","3181","2","55","1","0","26.14","Driver 2: The Wheelman is Back"
"SpongeBob SquarePants: Revenge of the Flying Dutchman","4181","SpongeBob SquarePants: Revenge of the Flying Dutchman","545100","15900","326","2","46","1","0","34.28","SpongeBob SquarePants: Revenge of the Flying Dutchman"
"Rayman 3","4182","Rayman 3","544860","11040","741","3","50","1","0","49.35","Rayman 3"
"Subterrain","4183","Subterrain","544500","67440","204","5","170","1","0","8.07","Subterrain"
"Breakdown","4184","Breakdown","544380","3660","6432","2","13","1","0","148.74","Breakdown"
"SCP-087","4185","SCP-087","544260","20400","1830","2","154","1","0","26.68","SCP-087"
"Batman Arkham City Lockdown","4186","Batman Arkham City Lockdown","544080","39360","1923","3","163","1","0","13.82","Batman Arkham City Lockdown"
"Marvel Super Heroes Vs. Street Fighter","4187","Marvel Super Heroes Vs. Street Fighter","542640","8640","7791","3","52","1","0","62.81","Marvel Super Heroes Vs. Street Fighter"
"Back to Bed","4188","Back to Bed","542580","28920","6315","3","202","1","0","18.76","Back to Bed"
"Super Robot Wars Z","4189","Super Robot Wars Z","542280","78180","63","3","36","1","0","6.94","Super Robot Wars Z"
"Super Star Wars","4190","Super Star Wars","542160","48480","1624","5","215","1","0","11.18","Super Star Wars"
"Sharkey's 3D Pool","4191","Sharkey's 3D Pool","542040","180","13928","3","2","1","0","3011.33","Sharkey's 3D Pool"
"This Strange Realm Of Mine","4192","This Strange Realm Of Mine","541440","10080","2602","2","40","1","0","53.71","This Strange Realm Of Mine"
"Toby: The Secret Mine","4193","Toby: The Secret Mine","541080","23400","2158","4","131","1","0","23.12","Toby: The Secret Mine"
"Winnie the Pooh's Home Run Derby!","4194","Winnie the Pooh's Home Run Derby!","540660","23640","846","5","91","1","0","22.87","Winnie the Pooh's Home Run Derby!"
"Unexplored","4195","Unexplored","540000","32520","906","2","105","1","0","16.61","Unexplored"
"Jaws","4196","Jaws","539580","6240","1029","1","25","1","0","86.47","Jaws"
"Earthlock: Festival Of Magic","4197","Earthlock: Festival Of Magic","539220","144900","278","4","430","1","0","3.72","Earthlock: Festival Of Magic"
"The Cat Games","4198","The Cat Games","539100","8580","6808","2","65","1","0","62.83","The Cat Games"
"The Journeyman Project: Pegasus Prime","4199","The Journeyman Project: Pegasus Prime","538020","4860","1084","2","11","1","0","110.7","The Journeyman Project: Pegasus Prime"
"Disney Art Academy","4200","Disney Art Academy","537960","720","1517","1","2","1","0","747.17","Disney Art Academy"