"","","Game","Watch time","Stream time","Peak viewers","Peak channels","Streamers","Average viewers","Average channels","Average viewer ratio",""
"Bugs Bunny Lost in Time","2801","Bugs Bunny Lost in Time","1385940","31380","2063","2","72","2","0","44.17","Bugs Bunny Lost in Time"
"Necropolis","2802","Necropolis","1385700","314700","1514","9","1213","2","0","4.4","Necropolis"
"Hektor","2803","Hektor","1385460","43200","1742","3","225","2","0","32.07","Hektor"
"Frostpunk","2804","Frostpunk","1384020","2820","8665","1","13","2","0","490.79","Frostpunk"
"The Mean Greens: Plastic Warfare","2805","The Mean Greens: Plastic Warfare","1383840","61740","2087","9","234","2","0","22.41","The Mean Greens: Plastic Warfare"
"Perfect Dark","2806","Perfect Dark","1382700","225840","1685","5","650","2","0","6.12","Perfect Dark"
"Shrek","2807","Shrek","1382520","8460","6522","4","50","2","0","163.42","Shrek"
"Starpoint Gemini Warlords","2808","Starpoint Gemini Warlords","1371660","90780","1696","6","213","2","0","15.11","Starpoint Gemini Warlords"
"Icarus Online","2809","Icarus Online","1371000","243780","679","24","422","2","0","5.62","Icarus Online"
"Earthworm Jim","2810","Earthworm Jim","1370640","56700","2139","3","253","2","0","24.17","Earthworm Jim"
"THE iDOLM@STER","2811","THE iDOLM@STER","1369920","128580","312","4","45","2","0","10.65","THE iDOLM@STER"
"Glover","2812","Glover","1369800","57480","2227","6","104","2","0","23.83","Glover"
"Kart Racer","2813","Kart Racer","1369080","960","21680","1","6","2","0","1426.13","Kart Racer"
"Monopoly for Nintendo Switch","2814","Monopoly for Nintendo Switch","1367940","21120","2349","5","32","2","0","64.77","Monopoly for Nintendo Switch"
"Baten Kaitos: Eternal Wings and the Lost Ocean","2815","Baten Kaitos: Eternal Wings and the Lost Ocean","1367160","80280","516","3","104","2","0","17.03","Baten Kaitos: Eternal Wings and the Lost Ocean"
"Sophie's Curse","2816","Sophie's Curse","1365540","32160","3533","3","232","2","0","42.46","Sophie's Curse"
"Cookie Clicker","2817","Cookie Clicker","1365360","168420","10733","4","381","2","0","8.11","Cookie Clicker"
"Virtua Fighter 2","2818","Virtua Fighter 2","1363800","8460","5682","1","36","2","0","161.21","Virtua Fighter 2"
"Senran Kagura Bon Appétit!","2819","Senran Kagura Bon Appétit!","1363140","54420","2074","3","209","2","0","25.05","Senran Kagura Bon Appétit!"
"Niche - a genetics survival game","2820","Niche - a genetics survival game","1362060","81240","33997","8","386","2","0","16.77","Niche - a genetics survival game"
"Boku no Natsuyasumi 2: Umi no Dai Bouken","2821","Boku no Natsuyasumi 2: Umi no Dai Bouken","1360560","1620","2745","1","1","2","0","839.85","Boku no Natsuyasumi 2: Umi no Dai Bouken"
"Event[0]","2822","Event[0]","1360020","96600","1453","5","467","2","0","14.08","Event[0]"
"The Legend of Zelda: A Link to the Past & Four Swords","2823","The Legend of Zelda: A Link to the Past & Four Swords","1356780","17460","5639","2","62","2","0","77.71","The Legend of Zelda: A Link to the Past & Four Swords"
"Saboteur","2824","Saboteur","1356600","19680","6497","2","56","2","0","68.93","Saboteur"
"Mu Online","2825","Mu Online","1356540","187020","2684","4","290","2","0","7.25","Mu Online"
"Go Diego! Go: Save the Animal Families!","2826","Go Diego! Go: Save the Animal Families!","1356480","120","15559","2","2","2","0","11304","Go Diego! Go: Save the Animal Families!"
"Double Dragon IV","2827","Double Dragon IV","1356480","48660","2137","17","288","2","0","27.88","Double Dragon IV"
"Hue","2828","Hue","1352520","301020","855","14","1698","2","0","4.49","Hue"
"Goof Troop","2829","Goof Troop","1352280","77040","3866","5","188","2","0","17.55","Goof Troop"
"F.E.A.R. 3","2830","F.E.A.R. 3","1351860","309840","692","8","1142","2","0","4.36","F.E.A.R. 3"
"Need for Speed Rivals","2831","Need for Speed Rivals","1350540","733560","637","12","3989","2","1","1.84","Need for Speed Rivals"
"Marvel vs. Capcom 3: Fate of Two Worlds","2832","Marvel vs. Capcom 3: Fate of Two Worlds","1350300","45120","6948","3","250","2","0","29.93","Marvel vs. Capcom 3: Fate of Two Worlds"
"Star Fox","2833","Star Fox","1350240","66120","6602","5","386","2","0","20.42","Star Fox"
"Red Dead Redemption: Undead Nightmare","2834","Red Dead Redemption: Undead Nightmare","1350120","35160","2272","4","105","2","0","38.4","Red Dead Redemption: Undead Nightmare"
"WWE SmackDown! Shut Your Mouth","2835","WWE SmackDown! Shut Your Mouth","1350000","14520","1011","2","38","2","0","92.98","WWE SmackDown! Shut Your Mouth"
"Kirby's Dream Course","2836","Kirby's Dream Course","1348980","49440","1729","7","235","2","0","27.29","Kirby's Dream Course"
"Mario & Luigi: Superstar Saga + Bowser's Minions","2837","Mario & Luigi: Superstar Saga + Bowser's Minions","1347120","53940","1952","13","101","2","0","24.97","Mario & Luigi: Superstar Saga + Bowser's Minions"
"Rival Schools: United by Fate","2838","Rival Schools: United by Fate","1346280","7560","7663","2","40","2","0","178.08","Rival Schools: United by Fate"
"Her Story","2839","Her Story","1346220","106080","583","5","444","2","0","12.69","Her Story"
"Headmaster","2840","Headmaster","1345500","10680","8994","2","61","2","0","125.98","Headmaster"
"Dragon Ball Z: Budokai 3","2841","Dragon Ball Z: Budokai 3","1343880","71880","6515","3","258","2","0","18.7","Dragon Ball Z: Budokai 3"
"Hatsune Miku: Project Diva X","2842","Hatsune Miku: Project Diva X","1343700","327720","824","8","1353","2","0","4.1","Hatsune Miku: Project Diva X"
"Who Wants To Be A Millionaire","2843","Who Wants To Be A Millionaire","1342200","6240","6066","2","18","2","0","215.1","Who Wants To Be A Millionaire"
"Fútbol","2844","Fútbol","1341780","28260","4429","5","72","2","0","47.48","Fútbol"
"Teenage Mutant Ninja Turtles: Tournament Fighters","2845","Teenage Mutant Ninja Turtles: Tournament Fighters","1341360","27240","7068","2","65","2","0","49.24","Teenage Mutant Ninja Turtles: Tournament Fighters"
"Nancy Drew: Sea of Darkness","2846","Nancy Drew: Sea of Darkness","1340400","10620","1611","2","26","2","0","126.21","Nancy Drew: Sea of Darkness"
"Tales of Xillia","2847","Tales of Xillia","1339200","101280","1076","4","101","2","0","13.22","Tales of Xillia"
"Chaos Code: New Sign of Catastrophe","2848","Chaos Code: New Sign of Catastrophe","1339140","39300","5456","6","173","2","0","34.07","Chaos Code: New Sign of Catastrophe"
"Sally Face","2849","Sally Face","1339140","47760","1526","4","225","2","0","28.04","Sally Face"
"Cool World","2850","Cool World","1339020","2880","109203","8","15","2","0","464.94","Cool World"
"Prince of Persia","2851","Prince of Persia","1338960","153780","1003","4","485","2","0","8.71","Prince of Persia"
"Stick RPG 2","2852","Stick RPG 2","1336980","5760","3572","2","31","2","0","232.11","Stick RPG 2"
"Street Fighter II Turbo: Hyper Fighting","2853","Street Fighter II Turbo: Hyper Fighting","1336920","44280","2452","3","241","2","0","30.19","Street Fighter II Turbo: Hyper Fighting"
"Senran Kagura","2854","Senran Kagura","1335420","7080","5087","3","28","2","0","188.62","Senran Kagura"
"Grimoire: Heralds of the Winged Exemplar","2855","Grimoire: Heralds of the Winged Exemplar","1333680","41880","1020","6","55","2","0","31.85","Grimoire: Heralds of the Winged Exemplar"
"Crash Bandicoot: The Wrath of Cortex","2856","Crash Bandicoot: The Wrath of Cortex","1332540","105960","2834","3","424","2","0","12.58","Crash Bandicoot: The Wrath of Cortex"
"Shadowrun Returns","2857","Shadowrun Returns","1332120","162480","1106","5","367","2","0","8.2","Shadowrun Returns"
"Lagoon","2858","Lagoon","1331460","16860","2166","2","32","2","0","78.97","Lagoon"
"Pokémon Battle Revolution","2859","Pokémon Battle Revolution","1331220","81120","936","4","200","2","0","16.41","Pokémon Battle Revolution"
"TagPro","2860","TagPro","1328700","105000","2212","7","126","2","0","12.65","TagPro"
"Batman","2861","Batman","1327320","418800","2512","11","1733","2","0","3.17","Batman"
"Metal Gear Solid: Digital Graphic Novel","2862","Metal Gear Solid: Digital Graphic Novel","1326120","2160","1726","1","5","2","0","613.94","Metal Gear Solid: Digital Graphic Novel"
"Dragon's Prophet","2863","Dragon's Prophet","1324260","51840","2055","3","125","2","0","25.55","Dragon's Prophet"
"Fantasy Strike","2864","Fantasy Strike","1324140","44160","5292","10","176","2","0","29.99","Fantasy Strike"
"Impact Winter","2865","Impact Winter","1323840","52560","1209","19","184","2","0","25.19","Impact Winter"
"Lockheed Martin: Prepar3D","2866","Lockheed Martin: Prepar3D","1323240","634440","200","15","463","2","1","2.09","Lockheed Martin: Prepar3D"
"Dirt Showdown","2867","Dirt Showdown","1321500","135060","4493","21","892","2","0","9.78","Dirt Showdown"
"Gregory Horror Show","2868","Gregory Horror Show","1320780","11400","5618","2","35","2","0","115.86","Gregory Horror Show"
"Enslaved: Odyssey to the West","2869","Enslaved: Odyssey to the West","1320120","142800","597","4","385","2","0","9.24","Enslaved: Odyssey to the West"
"Echo of Soul Online","2870","Echo of Soul Online","1317600","253980","851","6","291","2","0","5.19","Echo of Soul Online"
"BloodRayne","2871","BloodRayne","1317300","39780","11260","5","80","2","0","33.11","BloodRayne"
"New Super Mario Bros.","2872","New Super Mario Bros.","1316700","91500","5990","4","264","2","0","14.39","New Super Mario Bros."
"Retro Game Challenge","2873","Retro Game Challenge","1316700","114660","180","2","67","2","0","11.48","Retro Game Challenge"
"Grand Theft Auto: Chinatown Wars","2874","Grand Theft Auto: Chinatown Wars","1316700","8460","1920","1","33","2","0","155.64","Grand Theft Auto: Chinatown Wars"
"The Last Door","2875","The Last Door","1316520","64500","1826","3","152","2","0","20.41","The Last Door"
"Mad Skills Motocross 2","2876","Mad Skills Motocross 2","1315740","16080","5373","2","9","2","0","81.82","Mad Skills Motocross 2"
"Capcom vs. SNK: Millennium Fight 2000","2877","Capcom vs. SNK: Millennium Fight 2000","1315620","6960","6583","2","39","2","0","189.03","Capcom vs. SNK: Millennium Fight 2000"
"Ruin of the Reckless","2878","Ruin of the Reckless","1314900","30060","2208","6","123","2","0","43.74","Ruin of the Reckless"
"Jack In the Box","2879","Jack In the Box","1312920","27360","10017","3","137","2","0","47.99","Jack In the Box"
"911 Fire Rescue","2880","911 Fire Rescue","1309140","10620","20640","2","54","2","0","123.27","911 Fire Rescue"
"Etrian Odyssey Untold: The Millennium Girl","2881","Etrian Odyssey Untold: The Millennium Girl","1308540","23520","293","1","21","2","0","55.64","Etrian Odyssey Untold: The Millennium Girl"
"Modern Combat Versus","2882","Modern Combat Versus","1307880","47400","22320","7","70","2","0","27.59","Modern Combat Versus"
"Sid Meier's Civilization: Beyond Earth","2883","Sid Meier's Civilization: Beyond Earth","1305420","104100","3242","4","285","2","0","12.54","Sid Meier's Civilization: Beyond Earth"
"Spaceplan","2884","Spaceplan","1303080","22320","4152","3","66","2","0","58.38","Spaceplan"
"Timberman","2885","Timberman","1301940","21660","5575","2","158","2","0","60.11","Timberman"
"Shenmue II","2886","Shenmue II","1301880","135600","990","4","117","2","0","9.6","Shenmue II"
"Nevermind","2887","Nevermind","1301340","77340","1045","6","286","2","0","16.83","Nevermind"
"Metroid: Other M","2888","Metroid: Other M","1301040","107880","990","4","166","2","0","12.06","Metroid: Other M"
"Mega Man II","2889","Mega Man II","1300680","27180","5197","4","103","2","0","47.85","Mega Man II"
"Kagero: Deception II","2890","Kagero: Deception II","1300080","3840","2078","1","8","2","0","338.56","Kagero: Deception II"
"Yakuza 5","2891","Yakuza 5","1299360","150360","595","5","100","2","0","8.64","Yakuza 5"
"Itadaki Street: Dragon Quest & Final Fantasy 30th Anniversary","2892","Itadaki Street: Dragon Quest & Final Fantasy 30th Anniversary","1299180","26940","1179","5","31","2","0","48.22","Itadaki Street: Dragon Quest & Final Fantasy 30th Anniversary"
"Micro Machines World Series","2893","Micro Machines World Series","1298040","79980","3082","26","476","2","0","16.23","Micro Machines World Series"
"Suicide Mission","2894","Suicide Mission","1297560","12000","21936","3","14","2","0","108.13","Suicide Mission"
"Sonic Advance","2895","Sonic Advance","1296780","32220","28165","4","155","2","0","40.25","Sonic Advance"
"The Night of the Rabbit","2896","The Night of the Rabbit","1295880","85140","687","3","201","2","0","15.22","The Night of the Rabbit"
"Chou Jigen Taisen Neptune vs. Sega Hard Girls: Yume no Gattai Special (Working Title)","2897","Chou Jigen Taisen Neptune vs. Sega Hard Girls: Yume no Gattai Special (Working Title)","1295820","29820","1514","6","49","2","0","43.45","Chou Jigen Taisen Neptune vs. Sega Hard Girls: Yume no Gattai Special (Working Title)"
"Singularity","2898","Singularity","1293300","116580","1175","4","329","2","0","11.09","Singularity"
"Kirby's Return to Dream Land","2899","Kirby's Return to Dream Land","1292880","82440","3265","4","227","2","0","15.68","Kirby's Return to Dream Land"
"The Whispered World","2900","The Whispered World","1292040","71280","1025","3","141","2","0","18.13","The Whispered World"