"","","Game","Watch time","Stream time","Peak viewers","Peak channels","Streamers","Average viewers","Average channels","Average viewer ratio",""
"Kane & Lynch: Dead Men","8201","Kane & Lynch: Dead Men","80040","23940","567","2","80","0","0","3.34","Kane & Lynch: Dead Men"
"Baldur's Gate: Dark Alliance II","8202","Baldur's Gate: Dark Alliance II","80040","17160","93","2","43","0","0","4.66","Baldur's Gate: Dark Alliance II"
"Nobunaga no Yabo: Ōshi","8203","Nobunaga no Yabo: Ōshi","80040","7260","94","4","7","0","0","11.02","Nobunaga no Yabo: Ōshi"
"Requiem: Memento Mori","8204","Requiem: Memento Mori","79980","13020","61","2","22","0","0","6.14","Requiem: Memento Mori"
"The Great Circus Mystery starring Mickey and Minnie","8205","The Great Circus Mystery starring Mickey and Minnie","79980","7860","170","3","37","0","0","10.18","The Great Circus Mystery starring Mickey and Minnie"
"Championship Manager: Season 01/02","8206","Championship Manager: Season 01/02","79920","5580","72","1","17","0","0","14.32","Championship Manager: Season 01/02"
"Space Race","8207","Space Race","79920","1500","1290","1","3","0","0","53.28","Space Race"
"Bloons Monkey City","8208","Bloons Monkey City","79860","12300","77","1","37","0","0","6.49","Bloons Monkey City"
"Dai-2-Ji Super Robot Taisen Original Generations","8209","Dai-2-Ji Super Robot Taisen Original Generations","79800","14040","21","2","4","0","0","5.68","Dai-2-Ji Super Robot Taisen Original Generations"
"Bunny Must Die","8210","Bunny Must Die","79800","14220","82","2","43","0","0","5.61","Bunny Must Die"
"Sniper Fury","8211","Sniper Fury","79800","14820","482","3","78","0","0","5.38","Sniper Fury"
"Warzone","8212","Warzone","79740","10200","50","2","15","0","0","7.82","Warzone"
"Mabinogi Duel","8213","Mabinogi Duel","79680","16680","182","3","42","0","0","4.78","Mabinogi Duel"
"Alicemare","8214","Alicemare","79620","22980","41","2","83","0","0","3.46","Alicemare"
"Magical Taluluto-kun","8215","Magical Taluluto-kun","79380","660","766","1","5","0","0","120.27","Magical Taluluto-kun"
"Dream","8216","Dream","79380","14520","63","2","55","0","0","5.47","Dream"
"NBA Street V3","8217","NBA Street V3","79380","3420","1451","2","31","0","0","23.21","NBA Street V3"
"Sacred Citadel","8218","Sacred Citadel","79380","14820","279","2","52","0","0","5.36","Sacred Citadel"
"Pin*Bot","8219","Pin*Bot","79380","2100","653","1","7","0","0","37.8","Pin*Bot"
"Boxing Champions","8220","Boxing Champions","79320","840","1063","1","7","0","0","94.43","Boxing Champions"
"PC Building Simulator","8221","PC Building Simulator","79260","12180","656","2","57","0","0","6.51","PC Building Simulator"
"Ztype: Typing Game","8222","Ztype: Typing Game","79260","3720","1483","1","24","0","0","21.31","Ztype: Typing Game"
"Husky Express","8223","Husky Express","79200","2580","555","4","13","0","0","30.7","Husky Express"
"Rooster","8224","Rooster","79200","9360","83","1","1","0","0","8.46","Rooster"
"Kung-Fu Master","8225","Kung-Fu Master","79200","4500","395","2","17","0","0","17.6","Kung-Fu Master"
"Whiplash","8226","Whiplash","79200","4620","530","2","19","0","0","17.14","Whiplash"
"Pokémon Pinball","8227","Pokémon Pinball","79140","55740","87","2","50","0","0","1.42","Pokémon Pinball"
"Science Papa","8228","Science Papa","79140","720","457","1","4","0","0","109.92","Science Papa"
"Mega Man Powered Up","8229","Mega Man Powered Up","79080","10140","93","2","41","0","0","7.8","Mega Man Powered Up"
"Oniken","8230","Oniken","79020","15780","77","2","49","0","0","5.01","Oniken"
"Fight Night Round 4","8231","Fight Night Round 4","78960","3480","1088","1","16","0","0","22.69","Fight Night Round 4"
"Pat & Mat: The Game","8232","Pat & Mat: The Game","78900","2400","1085","1","8","0","0","32.88","Pat & Mat: The Game"
"Tenchu: Time of the Assassins","8233","Tenchu: Time of the Assassins","78840","4200","57","1","2","0","0","18.77","Tenchu: Time of the Assassins"
"Styx","8234","Styx","78840","8520","260","2","25","0","0","9.25","Styx"
"Aurion: Legacy of the Kori-Odan","8235","Aurion: Legacy of the Kori-Odan","78780","8280","108","1","26","0","0","9.51","Aurion: Legacy of the Kori-Odan"
"Lucid9: Inciting Incident","8236","Lucid9: Inciting Incident","78780","6420","99","1","24","0","0","12.27","Lucid9: Inciting Incident"
"DarkMaus","8237","DarkMaus","78720","9060","259","2","42","0","0","8.69","DarkMaus"
"Toybox Turbos","8238","Toybox Turbos","78720","14220","266","2","64","0","0","5.54","Toybox Turbos"
"Zen Pinball 2","8239","Zen Pinball 2","78720","114480","20","4","381","0","0","0.69","Zen Pinball 2"
"Samurai Shodown","8240","Samurai Shodown","78720","6900","870","1","17","0","0","11.41","Samurai Shodown"
"Tetris & Dr. Mario","8241","Tetris & Dr. Mario","78660","19560","62","2","58","0","0","4.02","Tetris & Dr. Mario"
"Gran Turismo 5","8242","Gran Turismo 5","78660","20220","42","1","49","0","0","3.89","Gran Turismo 5"
"IO","8243","IO","78660","11400","237","3","59","0","0","6.9","IO"
"Big Brain Academy","8244","Big Brain Academy","78660","360","680","1","3","0","0","218.5","Big Brain Academy"
"Crimsonland","8245","Crimsonland","78540","39960","213","3","139","0","0","1.97","Crimsonland"
"Sonic Dash","8246","Sonic Dash","78540","7140","107","1","42","0","0","11","Sonic Dash"
"Hide-And-Seek","8247","Hide-And-Seek","78540","25440","1718","4","46","0","0","3.09","Hide-And-Seek"
"UniBall","8248","UniBall","78480","2340","252","2","11","0","0","33.54","UniBall"
"The Legend of Kage","8249","The Legend of Kage","78480","600","1271","1","4","0","0","130.8","The Legend of Kage"
"Stick Run","8250","Stick Run","78480","2460","154","2","10","0","0","31.9","Stick Run"
"Jack and Casie","8251","Jack and Casie","78480","2520","815","2","11","0","0","31.14","Jack and Casie"
"Circuit Breakers","8252","Circuit Breakers","78420","4620","192","3","30","0","0","16.97","Circuit Breakers"
"Connect Four","8253","Connect Four","78300","24300","228","2","17","0","0","3.22","Connect Four"
"Creatorverse","8254","Creatorverse","78300","1800","113","2","6","0","0","43.5","Creatorverse"
"John Saul's Blackstone Chronicles: An Adventure in Terror","8255","John Saul's Blackstone Chronicles: An Adventure in Terror","78300","1200","135","1","1","0","0","65.25","John Saul's Blackstone Chronicles: An Adventure in Terror"
"Kairo","8256","Kairo","78300","8340","252","2","37","0","0","9.39","Kairo"
"Adventures of Lolo 2","8257","Adventures of Lolo 2","78240","3600","65","9","17","0","0","21.73","Adventures of Lolo 2"
"The Battle Cats","8258","The Battle Cats","78180","21720","96","2","62","0","0","3.6","The Battle Cats"
"Hell: A Cyberpunk Thriller","8259","Hell: A Cyberpunk Thriller","78120","8940","69","1","2","0","0","8.74","Hell: A Cyberpunk Thriller"
"NARC","8260","NARC","78120","2940","333","2","17","0","0","26.57","NARC"
"Proteus","8261","Proteus","78120","16860","416","2","82","0","0","4.63","Proteus"
"School of Dragons","8262","School of Dragons","78120","7800","579","1","29","0","0","10.02","School of Dragons"
"Tropico 3: Absolute Power","8263","Tropico 3: Absolute Power","78120","6480","257","1","18","0","0","12.06","Tropico 3: Absolute Power"
"Overload","8264","Overload","78000","36240","177","3","78","0","0","2.15","Overload"
"beatmania IIDX INFINITAS","8265","beatmania IIDX INFINITAS","77940","45000","109","3","65","0","0","1.73","beatmania IIDX INFINITAS"
"Shin Megami Tensei II","8266","Shin Megami Tensei II","77940","10800","94","1","24","0","0","7.22","Shin Megami Tensei II"
"Picross NP","8267","Picross NP","77880","3660","113","1","6","0","0","21.28","Picross NP"
"Filthy Lucre","8268","Filthy Lucre","77880","9120","231","2","27","0","0","8.54","Filthy Lucre"
"IOSoccer","8269","IOSoccer","77820","6300","39","2","4","0","0","12.35","IOSoccer"
"Super Smash Bros. for Wii U/Nintendo 3DS","8270","Super Smash Bros. for Wii U/Nintendo 3DS","77820","23640","60","3","89","0","0","3.29","Super Smash Bros. for Wii U/Nintendo 3DS"
"Hanging With Friends","8271","Hanging With Friends","77820","10740","143","3","40","0","0","7.25","Hanging With Friends"
"Batman: Arkham Origins Blackgate","8272","Batman: Arkham Origins Blackgate","77700","20640","69","2","60","0","0","3.76","Batman: Arkham Origins Blackgate"
"Gardening Mama","8273","Gardening Mama","77700","360","507","1","3","0","0","215.83","Gardening Mama"
"Pixel Puzzles Ultimate","8274","Pixel Puzzles Ultimate","77700","37560","36","3","105","0","0","2.07","Pixel Puzzles Ultimate"
"Uninvited","8275","Uninvited","77640","5520","58","1","21","0","0","14.07","Uninvited"
"Spy Fox 2: Some Assembly Required","8276","Spy Fox 2: Some Assembly Required","77640","8400","176","2","36","0","0","9.24","Spy Fox 2: Some Assembly Required"
"Tiny Toon Adventures 2: Trouble in Wackyland","8277","Tiny Toon Adventures 2: Trouble in Wackyland","77640","1200","495","1","8","0","0","64.7","Tiny Toon Adventures 2: Trouble in Wackyland"
"Heavenly Sword","8278","Heavenly Sword","77580","15540","106","2","47","0","0","4.99","Heavenly Sword"
"Cloudberry Kingdom","8279","Cloudberry Kingdom","77580","14880","326","2","68","0","0","5.21","Cloudberry Kingdom"
"Dragon Ball Z: Budokai 2","8280","Dragon Ball Z: Budokai 2","77580","25860","54","3","113","0","0","3","Dragon Ball Z: Budokai 2"
"Master Rallye","8281","Master Rallye","77520","540","721","1","4","0","0","143.56","Master Rallye"
"Zenge","8282","Zenge","77340","10560","244","2","65","0","0","7.32","Zenge"
"Hexcells","8283","Hexcells","77340","13020","102","2","65","0","0","5.94","Hexcells"
"Solar Jetman: Hunt for the Golden Warpship","8284","Solar Jetman: Hunt for the Golden Warpship","77280","1740","1095","1","7","0","0","44.41","Solar Jetman: Hunt for the Golden Warpship"
"Lunar: Eternal Blue","8285","Lunar: Eternal Blue","77280","11520","59","2","10","0","0","6.71","Lunar: Eternal Blue"
"FIFA Manager 12","8286","FIFA Manager 12","77280","9360","471","2","17","0","0","8.26","FIFA Manager 12"
"Rayman Raving Rabbids TV Party","8287","Rayman Raving Rabbids TV Party","77280","720","481","1","3","0","0","107.33","Rayman Raving Rabbids TV Party"
"Executive Assault","8288","Executive Assault","77280","6360","437","2","35","0","0","12.15","Executive Assault"
"Grapple","8289","Grapple","77220","9000","159","3","23","0","0","8.58","Grapple"
"Darkness Within: In Pursuit of Loath Nolder","8290","Darkness Within: In Pursuit of Loath Nolder","77220","17520","386","2","58","0","0","4.41","Darkness Within: In Pursuit of Loath Nolder"
"Freespace 2","8291","Freespace 2","77220","29160","204","2","52","0","0","2.65","Freespace 2"
"Call of Duty 3","8292","Call of Duty 3","77100","36240","41","3","119","0","0","2.13","Call of Duty 3"
"Return to Mysterious Island","8293","Return to Mysterious Island","77100","3900","159","2","14","0","0","19.77","Return to Mysterious Island"
"Acorn Assault: Rodent Revolution","8294","Acorn Assault: Rodent Revolution","77100","2880","197","2","14","0","0","26.77","Acorn Assault: Rodent Revolution"
"Werewolf: The Forsaken","8295","Werewolf: The Forsaken","77040","20640","191","2","7","0","0","3.73","Werewolf: The Forsaken"
"Kirby Mass Attack","8296","Kirby Mass Attack","76980","5100","168","1","8","0","0","15.09","Kirby Mass Attack"
"Birthday Mania","8297","Birthday Mania","76980","2040","181","1","1","0","0","37.74","Birthday Mania"
"Syndicate Plus","8298","Syndicate Plus","76980","2880","271","1","6","0","0","26.73","Syndicate Plus"
"Hermie Hopperhead: Scrap Panic","8299","Hermie Hopperhead: Scrap Panic","76920","900","172","1","3","0","0","85.47","Hermie Hopperhead: Scrap Panic"
"Sudoku","8300","Sudoku","76920","17820","142","2","84","0","0","4.32","Sudoku"