"","","Game","Watch time","Stream time","Peak viewers","Peak channels","Streamers","Average viewers","Average channels","Average viewer ratio",""
"Fist of the North Star","5501","Fist of the North Star","273840","4980","1552","1","28","0","0","54.99","Fist of the North Star"
"Fable","5502","Fable","273780","38040","487","3","114","0","0","7.2","Fable"
"88 Heroes","5503","88 Heroes","273780","11040","539","2","64","0","0","24.8","88 Heroes"
"Shrouded in Sanity","5504","Shrouded in Sanity","273360","10800","1065","2","47","0","0","25.31","Shrouded in Sanity"
"Nancy Drew: Warnings at Waverly Academy","5505","Nancy Drew: Warnings at Waverly Academy","273360","14040","545","2","36","0","0","19.47","Nancy Drew: Warnings at Waverly Academy"
"Arcade USA","5506","Arcade USA","273300","420","1930","2","3","0","0","650.71","Arcade USA"
"Chain Chronicle","5507","Chain Chronicle","273300","37140","71","3","30","0","0","7.36","Chain Chronicle"
"Conception II: Children of the Seven Stars","5508","Conception II: Children of the Seven Stars","273300","39960","127","3","79","0","0","6.84","Conception II: Children of the Seven Stars"
"Crystal Caves","5509","Crystal Caves","273180","5820","1772","2","15","0","0","46.94","Crystal Caves"
"Out of the Park Baseball 18","5510","Out of the Park Baseball 18","272880","82920","109","3","104","0","0","3.29","Out of the Park Baseball 18"
"Dead Purge: Outbreak","5511","Dead Purge: Outbreak","272880","5880","1793","3","49","0","0","46.41","Dead Purge: Outbreak"
"Peak Angle: Drift Online","5512","Peak Angle: Drift Online","272640","14340","1417","1","48","0","0","19.01","Peak Angle: Drift Online"
"The Journey Down: Chapter Two","5513","The Journey Down: Chapter Two","272520","22620","203","3","59","0","0","12.05","The Journey Down: Chapter Two"
"Viva Piñata: Party Animals","5514","Viva Piñata: Party Animals","272220","5040","1225","1","9","0","0","54.01","Viva Piñata: Party Animals"
"Star Trek: Klingon","5515","Star Trek: Klingon","272160","900","1629","1","5","0","0","302.4","Star Trek: Klingon"
"Sid Meier's Civilization VI: Rise & Fall","5516","Sid Meier's Civilization VI: Rise & Fall","271740","960","1415","1","0","0","0","283.06","Sid Meier's Civilization VI: Rise & Fall"
"Numenera","5517","Numenera","271740","44280","285","3","46","0","0","6.14","Numenera"
"Journey to Silius","5518","Journey to Silius","271500","7800","355","2","38","0","0","34.81","Journey to Silius"
"Lovely Planet","5519","Lovely Planet","271320","44280","391","3","204","0","0","6.13","Lovely Planet"
"Tecmo World Cup '98","5520","Tecmo World Cup '98","271260","660","923","1","4","0","0","411","Tecmo World Cup '98"
"Orcs Must Die!","5521","Orcs Must Die!","271140","58680","314","3","172","0","0","4.62","Orcs Must Die!"
"Rainbow Islands","5522","Rainbow Islands","270900","4500","631","2","12","0","0","60.2","Rainbow Islands"
"Torneko no Daibouken: Fushigi no Dungeon","5523","Torneko no Daibouken: Fushigi no Dungeon","270720","7860","1222","2","8","0","0","34.44","Torneko no Daibouken: Fushigi no Dungeon"
"Monster Rancher","5524","Monster Rancher","270480","10080","596","2","21","0","0","26.83","Monster Rancher"
"Kwirk","5525","Kwirk","270480","16980","1314","3","25","0","0","15.93","Kwirk"
"The X-Files","5526","The X-Files","270420","5400","1872","1","17","0","0","50.08","The X-Files"
"Magical Starsign","5527","Magical Starsign","270060","10680","545","2","19","0","0","25.29","Magical Starsign"
"Mount & Blade","5528","Mount & Blade","269940","63840","377","3","209","0","0","4.23","Mount & Blade"
"The Amazing Frog?","5529","The Amazing Frog?","269940","8100","1118","2","31","0","0","33.33","The Amazing Frog?"
"Overlord: Raising Hell","5530","Overlord: Raising Hell","269820","40140","1264","2","112","0","0","6.72","Overlord: Raising Hell"
"Taikou Risshiden","5531","Taikou Risshiden","269700","4260","474","1","6","0","0","63.31","Taikou Risshiden"
"Dungeon Nightmares","5532","Dungeon Nightmares","269100","10740","566","2","67","0","0","25.06","Dungeon Nightmares"
"The Uncertain: Episode 1 - The Last Quiet Day","5533","The Uncertain: Episode 1 - The Last Quiet Day","269100","28740","412","2","105","0","0","9.36","The Uncertain: Episode 1 - The Last Quiet Day"
"Tangledeep","5534","Tangledeep","269040","40140","193","4","98","0","0","6.7","Tangledeep"
"Epic Card Game","5535","Epic Card Game","268920","33960","458","5","47","0","0","7.92","Epic Card Game"
"Blitzkrieg 3","5536","Blitzkrieg 3","268800","31080","566","6","110","0","0","8.65","Blitzkrieg 3"
"Sam & Max Hit the Road","5537","Sam & Max Hit the Road","268500","19140","287","2","64","0","0","14.03","Sam & Max Hit the Road"
"Kentucky Route Zero","5538","Kentucky Route Zero","268440","68100","410","5","306","0","0","3.94","Kentucky Route Zero"
"King's Field","5539","King's Field","268380","43080","139","3","55","0","0","6.23","King's Field"
"Fire Emblem Gaiden","5540","Fire Emblem Gaiden","268380","43020","154","3","65","0","0","6.24","Fire Emblem Gaiden"
"Enclave","5541","Enclave","268320","48000","1555","3","143","0","0","5.59","Enclave"
"Sonic Labyrinth","5542","Sonic Labyrinth","268200","2880","683","1","15","0","0","93.13","Sonic Labyrinth"
"Big Pharma","5543","Big Pharma","267960","47880","105","3","154","0","0","5.6","Big Pharma"
"Top Gear 3000","5544","Top Gear 3000","267960","19140","1389","3","21","0","0","14","Top Gear 3000"
"Derby Stallion III","5545","Derby Stallion III","267900","240","1758","1","0","0","0","1116.25","Derby Stallion III"
"BalanCity","5546","BalanCity","267840","11700","661","2","60","0","0","22.89","BalanCity"
"Street Legal Racing: Redline","5547","Street Legal Racing: Redline","267780","41880","729","3","171","0","0","6.39","Street Legal Racing: Redline"
"Battlestar Galactica","5548","Battlestar Galactica","267480","33660","1142","2","29","0","0","7.95","Battlestar Galactica"
"Premium Pool","5549","Premium Pool","267360","5820","2193","2","36","0","0","45.94","Premium Pool"
"Dead or Alive Xtreme: Venus Vacation","5550","Dead or Alive Xtreme: Venus Vacation","267360","28680","2328","4","51","0","0","9.32","Dead or Alive Xtreme: Venus Vacation"
"Rogue System","5551","Rogue System","267300","2940","2272","1","14","0","0","90.92","Rogue System"
"Double Dragon II","5552","Double Dragon II","267060","21840","990","2","78","0","0","12.23","Double Dragon II"
"Fate/Extra","5553","Fate/Extra","266940","62460","99","3","103","0","0","4.27","Fate/Extra"
"Resonance of Fate","5554","Resonance of Fate","266460","55200","397","3","59","0","0","4.83","Resonance of Fate"
"Dog's Life","5555","Dog's Life","266280","8880","284","3","20","0","0","29.99","Dog's Life"
"Lucha Libre AAA Heroes del Ring","5556","Lucha Libre AAA Heroes del Ring","266100","1620","2317","1","6","0","0","164.26","Lucha Libre AAA Heroes del Ring"
"Phantasy Star Online","5557","Phantasy Star Online","266040","30420","780","3","69","0","0","8.75","Phantasy Star Online"
"Hammer & Sickle","5558","Hammer & Sickle","265740","1260","469","1","3","0","0","210.9","Hammer & Sickle"
"Guitar Hero 5","5559","Guitar Hero 5","265740","16980","574","2","77","0","0","15.65","Guitar Hero 5"
"Greedy Guns","5560","Greedy Guns","265440","2580","1241","2","12","0","0","102.88","Greedy Guns"
"Dark Echo","5561","Dark Echo","265200","8340","2159","1","39","0","0","31.8","Dark Echo"
"Mindjack","5562","Mindjack","265200","1080","2210","1","3","0","0","245.56","Mindjack"
"Rayman Raving Rabbids","5563","Rayman Raving Rabbids","265080","11040","1242","2","42","0","0","24.01","Rayman Raving Rabbids"
"Sega Genesis Collection","5564","Sega Genesis Collection","265080","42000","455","3","199","0","0","6.31","Sega Genesis Collection"
"Test Drive Unlimited","5565","Test Drive Unlimited","265080","48480","457","3","140","0","0","5.47","Test Drive Unlimited"
"DoReMi Fantasy: Milon's DokiDoki Adventure","5566","DoReMi Fantasy: Milon's DokiDoki Adventure","264840","9960","1576","4","31","0","0","26.59","DoReMi Fantasy: Milon's DokiDoki Adventure"
"Splody","5567","Splody","264600","5280","1334","4","47","0","0","50.11","Splody"
"Lost Planet: Extreme Condition","5568","Lost Planet: Extreme Condition","264420","45720","496","2","106","0","0","5.78","Lost Planet: Extreme Condition"
"Cat President","5569","Cat President","264300","4800","1890","2","22","0","0","55.06","Cat President"
"Just In Time Incorporated","5570","Just In Time Incorporated","264120","2940","1129","1","15","0","0","89.84","Just In Time Incorporated"
"12 Is Better Than 6","5571","12 Is Better Than 6","264000","32280","761","2","127","0","0","8.18","12 Is Better Than 6"
"OverBlood","5572","OverBlood","264000","4800","554","1","15","0","0","55","OverBlood"
"Mega Man Battle Network 5: Double Team DS","5573","Mega Man Battle Network 5: Double Team DS","263940","20280","225","2","18","0","0","13.01","Mega Man Battle Network 5: Double Team DS"
"Darkened Skye","5574","Darkened Skye","263880","9960","348","1","16","0","0","26.49","Darkened Skye"
"Hardline","5575","Hardline","263880","5760","1308","1","12","0","0","45.81","Hardline"
"Angry Video Game Nerd Adventures","5576","Angry Video Game Nerd Adventures","263820","52200","178","3","183","0","0","5.05","Angry Video Game Nerd Adventures"
"All Walls Must Fall","5577","All Walls Must Fall","263340","23340","314","4","121","0","0","11.28","All Walls Must Fall"
"Ys V: Lost Kefin, Kingdom of Sand","5578","Ys V: Lost Kefin, Kingdom of Sand","263160","13500","257","2","18","0","0","19.49","Ys V: Lost Kefin, Kingdom of Sand"
"The Curse of Blackwater","5579","The Curse of Blackwater","262980","5820","3978","1","29","0","0","45.19","The Curse of Blackwater"
"Spider-Man 3","5580","Spider-Man 3","262920","11460","900","2","41","0","0","22.94","Spider-Man 3"
"WWE SmackDown! vs. RAW 2006","5581","WWE SmackDown! vs. RAW 2006","262860","15720","747","2","40","0","0","16.72","WWE SmackDown! vs. RAW 2006"
"Street Fighter: The Movie","5582","Street Fighter: The Movie","262680","5700","7788","2","12","0","0","46.08","Street Fighter: The Movie"
"Kirby: Triple Deluxe","5583","Kirby: Triple Deluxe","262500","24420","1060","2","60","0","0","10.75","Kirby: Triple Deluxe"
"CSI: Crime Scene Investigation","5584","CSI: Crime Scene Investigation","262380","960","1782","1","5","0","0","273.31","CSI: Crime Scene Investigation"
"Oreshika: Tainted Bloodlines","5585","Oreshika: Tainted Bloodlines","262320","8520","112","2","3","0","0","30.79","Oreshika: Tainted Bloodlines"
"Cossacks: Back to War","5586","Cossacks: Back to War","262260","10680","1847","2","58","0","0","24.56","Cossacks: Back to War"
"Refrain Love","5587","Refrain Love","262200","1860","434","1","3","0","0","140.97","Refrain Love"
"Doraemon 4: Nobita to Tsuki no Oukoku","5588","Doraemon 4: Nobita to Tsuki no Oukoku","262140","2340","4846","1","6","0","0","112.03","Doraemon 4: Nobita to Tsuki no Oukoku"
"Star Wars: X-Wing Alliance","5589","Star Wars: X-Wing Alliance","262080","15540","588","2","48","0","0","16.86","Star Wars: X-Wing Alliance"
"Touhou: Scarlet Curiosity","5590","Touhou: Scarlet Curiosity","262020","32340","114","3","94","0","0","8.1","Touhou: Scarlet Curiosity"
"Star Fox Zero","5591","Star Fox Zero","261840","31620","272","2","132","0","0","8.28","Star Fox Zero"
"Memories Off","5592","Memories Off","261780","2460","340","1","4","0","0","106.41","Memories Off"
"Tennis","5593","Tennis","261180","15180","844","3","34","0","0","17.21","Tennis"
"Harry Potter and the Deathly Hallows: Part 2","5594","Harry Potter and the Deathly Hallows: Part 2","261000","15000","638","1","45","0","0","17.4","Harry Potter and the Deathly Hallows: Part 2"
"Red Faction","5595","Red Faction","260820","100920","198","4","332","0","0","2.58","Red Faction"
"Homeworld: Deserts of Kharak","5596","Homeworld: Deserts of Kharak","260760","76740","130","4","165","0","0","3.4","Homeworld: Deserts of Kharak"
"Grand Fantasia","5597","Grand Fantasia","260520","100140","146","4","177","0","0","2.6","Grand Fantasia"
"Judas Code","5598","Judas Code","260520","1800","965","1","10","0","0","144.73","Judas Code"
"News Tycoon","5599","News Tycoon","260520","10140","772","2","16","0","0","25.69","News Tycoon"
"Exoplanet: First Contact","5600","Exoplanet: First Contact","259920","11340","2283","2","62","0","0","22.92","Exoplanet: First Contact"