"","","Game","Watch time","Stream time","Peak viewers","Peak channels","Streamers","Average viewers","Average channels","Average viewer ratio",""
"Spot Goes to Hollywood","11301","Spot Goes to Hollywood","25680","600","425","1","3","0","0","42.8","Spot Goes to Hollywood"
"Samba de Amigo ver. 2000","11302","Samba de Amigo ver. 2000","25680","1200","226","1","2","0","0","21.4","Samba de Amigo ver. 2000"
"Lunia: Record of Lunia War","11303","Lunia: Record of Lunia War","25620","14280","44","2","19","0","0","1.79","Lunia: Record of Lunia War"
"Runers","11304","Runers","25620","4440","46","1","15","0","0","5.77","Runers"
"Stuntman: Ignition","11305","Stuntman: Ignition","25620","6480","95","2","46","0","0","3.95","Stuntman: Ignition"
"Decay: The Mare - Episode 2","11306","Decay: The Mare - Episode 2","25560","3900","81","2","23","0","0","6.55","Decay: The Mare - Episode 2"
"Siralim","11307","Siralim","25560","8820","28","2","31","0","0","2.9","Siralim"
"Backyard Baseball 2001","11308","Backyard Baseball 2001","25560","6300","38","1","13","0","0","4.06","Backyard Baseball 2001"
"SingStar: Ultimate Party","11309","SingStar: Ultimate Party","25560","1560","102","1","5","0","0","16.38","SingStar: Ultimate Party"
"Naruto: The Broken Bond","11310","Naruto: The Broken Bond","25560","3720","31","1","8","0","0","6.87","Naruto: The Broken Bond"
"Summer Carnival '92: Recca","11311","Summer Carnival '92: Recca","25560","2820","26","1","10","0","0","9.06","Summer Carnival '92: Recca"
"Lion","11312","Lion","25500","11460","12","1","2","0","0","2.23","Lion"
"Crimson Skies","11313","Crimson Skies","25500","5040","85","2","15","0","0","5.06","Crimson Skies"
"Tales of Monkey Island Chapter 4: The Trial and Execution of Guybrush Threepwood","11314","Tales of Monkey Island Chapter 4: The Trial and Execution of Guybrush Threepwood","25500","5760","22","1","16","0","0","4.43","Tales of Monkey Island Chapter 4: The Trial and Execution of Guybrush Threepwood"
"Flockers","11315","Flockers","25500","4560","51","2","23","0","0","5.59","Flockers"
"Mouse Trap","11316","Mouse Trap","25500","1380","35","1","3","0","0","18.48","Mouse Trap"
"YuYu Hakusho Forever","11317","YuYu Hakusho Forever","25500","1440","63","1","3","0","0","17.71","YuYu Hakusho Forever"
"HedgeWars","11318","HedgeWars","25440","5520","128","1","20","0","0","4.61","HedgeWars"
"Robotics;Notes","11319","Robotics;Notes","25440","6660","29","2","8","0","0","3.82","Robotics;Notes"
"Battle Splash","11320","Battle Splash","25440","3540","334","2","19","0","0","7.19","Battle Splash"
"Detective Grimoire","11321","Detective Grimoire","25440","5280","64","1","22","0","0","4.82","Detective Grimoire"
"WWE SmackDown! vs. RAW 2008","11322","WWE SmackDown! vs. RAW 2008","25440","6840","173","1","33","0","0","3.72","WWE SmackDown! vs. RAW 2008"
"Kromaia","11323","Kromaia","25440","3600","129","1","11","0","0","7.07","Kromaia"
"Plumbers Don't Wear Ties","11324","Plumbers Don't Wear Ties","25440","1800","141","1","12","0","0","14.13","Plumbers Don't Wear Ties"
"PoxNora","11325","PoxNora","25440","5940","24","2","58","0","0","4.28","PoxNora"
"Izuna: Legend of the Unemployed Ninja","11326","Izuna: Legend of the Unemployed Ninja","25440","2400","39","1","5","0","0","10.6","Izuna: Legend of the Unemployed Ninja"
"Little Pink Best Buds","11327","Little Pink Best Buds","25380","3480","31","1","3","0","0","7.29","Little Pink Best Buds"
"Star Wars: Rogue Squadron III - Rebel Strike","11328","Star Wars: Rogue Squadron III - Rebel Strike","25380","4980","61","2","16","0","0","5.1","Star Wars: Rogue Squadron III - Rebel Strike"
"Momonga Pinball Adventures","11329","Momonga Pinball Adventures","25380","1800","136","1","8","0","0","14.1","Momonga Pinball Adventures"
"Haven: Call of the King","11330","Haven: Call of the King","25320","1920","31","1","5","0","0","13.19","Haven: Call of the King"
"Draw a Stickman: EPIC","11331","Draw a Stickman: EPIC","25320","6840","99","2","47","0","0","3.7","Draw a Stickman: EPIC"
"Puzzle","11332","Puzzle","25260","8340","41","2","28","0","0","3.03","Puzzle"
"Drakan: Order of the Flame","11333","Drakan: Order of the Flame","25260","3060","142","1","9","0","0","8.25","Drakan: Order of the Flame"
"Wario Blast","11334","Wario Blast","25260","3060","115","2","13","0","0","8.25","Wario Blast"
"Dungeon Siege: Legends of Aranna","11335","Dungeon Siege: Legends of Aranna","25260","10980","28","2","22","0","0","2.3","Dungeon Siege: Legends of Aranna"
"Memento Mori","11336","Memento Mori","25260","7440","20","1","11","0","0","3.4","Memento Mori"
"Secret Agent Barbie","11337","Secret Agent Barbie","25260","2040","68","1","8","0","0","12.38","Secret Agent Barbie"
"Kaet Must Die!","11338","Kaet Must Die!","25260","6120","15","2","5","0","0","4.13","Kaet Must Die!"
"Bakumatsu Jinchuu Houkoku Resshiden Miburo","11339","Bakumatsu Jinchuu Houkoku Resshiden Miburo","25260","900","53","1","0","0","0","28.07","Bakumatsu Jinchuu Houkoku Resshiden Miburo"
"CAT Interstellar","11340","CAT Interstellar","25200","660","206","1","3","0","0","38.18","CAT Interstellar"
"Botlike - a robot's rampage","11341","Botlike - a robot's rampage","25200","2040","99","2","13","0","0","12.35","Botlike - a robot's rampage"
"Your Shape Fitness Evolved 2013","11342","Your Shape Fitness Evolved 2013","25200","600","211","1","2","0","0","42","Your Shape Fitness Evolved 2013"
"Reksio i Wehikuł Czasu","11343","Reksio i Wehikuł Czasu","25200","3600","27","1","4","0","0","7","Reksio i Wehikuł Czasu"
"Planetfall","11344","Planetfall","25200","1020","51","1","2","0","0","24.71","Planetfall"
"Town With No Name","11345","Town With No Name","25200","60","447","1","1","0","0","420","Town With No Name"
"Alpha Zylon","11346","Alpha Zylon","25200","360","213","1","4","0","0","70","Alpha Zylon"
"Bill & Ted's Excellent Adventure","11347","Bill & Ted's Excellent Adventure","25200","1380","140","2","5","0","0","18.26","Bill & Ted's Excellent Adventure"
"Barbie: Groovy Games","11348","Barbie: Groovy Games","25200","13260","28","2","40","0","0","1.9","Barbie: Groovy Games"
"Nintendo Badge Arcade","11349","Nintendo Badge Arcade","25140","780","179","1","5","0","0","32.23","Nintendo Badge Arcade"
"After the End","11350","After the End","25140","1920","70","3","13","0","0","13.09","After the End"
"Magna Carta 2","11351","Magna Carta 2","25140","5520","37","1","4","0","0","4.55","Magna Carta 2"
"HYPERCHARGE: Unboxed","11352","HYPERCHARGE: Unboxed","25080","1860","192","2","12","0","0","13.48","HYPERCHARGE: Unboxed"
"A Duel Hand Disaster: Trackher","11353","A Duel Hand Disaster: Trackher","25080","7980","25","2","9","0","0","3.14","A Duel Hand Disaster: Trackher"
"Defenders Of Ekron","11354","Defenders Of Ekron","25080","2460","32","3","10","0","0","10.2","Defenders Of Ekron"
"Photon: The Ultimate Game on Planet Earth","11355","Photon: The Ultimate Game on Planet Earth","25080","960","368","1","3","0","0","26.13","Photon: The Ultimate Game on Planet Earth"
"Sword of the Stars","11356","Sword of the Stars","25080","5700","56","2","10","0","0","4.4","Sword of the Stars"
"Alien Breed 2: Assault","11357","Alien Breed 2: Assault","25080","8160","38","2","26","0","0","3.07","Alien Breed 2: Assault"
"Samorost","11358","Samorost","25080","5520","130","1","31","0","0","4.54","Samorost"
"Band Hero","11359","Band Hero","25020","5160","40","1","27","0","0","4.85","Band Hero"
"M&M's Shell Shocked","11360","M&M's Shell Shocked","25020","4320","65","3","12","0","0","5.79","M&M's Shell Shocked"
"Super Fire Pro Wrestling Special","11361","Super Fire Pro Wrestling Special","25020","360","319","1","3","0","0","69.5","Super Fire Pro Wrestling Special"
"Disgaea D2: A Brighter Darkness","11362","Disgaea D2: A Brighter Darkness","24960","10980","29","1","22","0","0","2.27","Disgaea D2: A Brighter Darkness"
"Swordsman","11363","Swordsman","24960","15420","22","2","47","0","0","1.62","Swordsman"
"Ragnarok Odyssey Ace","11364","Ragnarok Odyssey Ace","24960","8040","16","1","11","0","0","3.1","Ragnarok Odyssey Ace"
"Solar Winds: The Escape","11365","Solar Winds: The Escape","24960","420","142","1","2","0","0","59.43","Solar Winds: The Escape"
"Tearaway","11366","Tearaway","24960","4560","37","2","29","0","0","5.47","Tearaway"
"Stalin vs. Martians: The Unknown Pages of the Second World War","11367","Stalin vs. Martians: The Unknown Pages of the Second World War","24960","1740","225","1","7","0","0","14.34","Stalin vs. Martians: The Unknown Pages of the Second World War"
"Dragon Fin Soup","11368","Dragon Fin Soup","24900","18240","20","2","71","0","0","1.37","Dragon Fin Soup"
"Sol 0","11369","Sol 0","24900","1680","79","1","9","0","0","14.82","Sol 0"
"Hugo Bukkazoom!","11370","Hugo Bukkazoom!","24900","240","207","1","2","0","0","103.75","Hugo Bukkazoom!"
"F-Zero: Maximum Velocity","11371","F-Zero: Maximum Velocity","24900","8400","223","1","11","0","0","2.96","F-Zero: Maximum Velocity"
"Johnny 5","11372","Johnny 5","24900","240","245","1","2","0","0","103.75","Johnny 5"
"Super Blue Boy Planet","11373","Super Blue Boy Planet","24900","8940","271","2","48","0","0","2.79","Super Blue Boy Planet"
"DomiNations","11374","DomiNations","24900","10560","40","2","27","0","0","2.36","DomiNations"
"Sasuke","11375","Sasuke","24840","1500","188","1","5","0","0","16.56","Sasuke"
"Otogirisou","11376","Otogirisou","24840","720","86","1","5","0","0","34.5","Otogirisou"
"Mothlight","11377","Mothlight","24840","5940","33","2","19","0","0","4.18","Mothlight"
"Ghost in the Shell","11378","Ghost in the Shell","24840","12480","39","2","29","0","0","1.99","Ghost in the Shell"
"Kirby Blowout Blast","11379","Kirby Blowout Blast","24840","6960","74","3","16","0","0","3.57","Kirby Blowout Blast"
"Sonic the Hedgehog: Triple Trouble","11380","Sonic the Hedgehog: Triple Trouble","24840","3540","61","3","20","0","0","7.02","Sonic the Hedgehog: Triple Trouble"
"Hot Shots Golf 3","11381","Hot Shots Golf 3","24840","4320","27","1","13","0","0","5.75","Hot Shots Golf 3"
"Skulls of the Shogun","11382","Skulls of the Shogun","24840","14220","22","2","63","0","0","1.75","Skulls of the Shogun"
"Shin Megami Tensei: Devil Survivor","11383","Shin Megami Tensei: Devil Survivor","24840","5700","17","2","10","0","0","4.36","Shin Megami Tensei: Devil Survivor"
"Arcana","11384","Arcana","24840","10320","14","2","16","0","0","2.41","Arcana"
"Dungeon Lords","11385","Dungeon Lords","24840","12840","20","2","35","0","0","1.93","Dungeon Lords"
"Buffy the Vampire Slayer: Chaos Bleeds","11386","Buffy the Vampire Slayer: Chaos Bleeds","24840","8040","28","2","22","0","0","3.09","Buffy the Vampire Slayer: Chaos Bleeds"
"Silent Hill: Book of Memories","11387","Silent Hill: Book of Memories","24840","4200","49","1","4","0","0","5.91","Silent Hill: Book of Memories"
"Racing Lagoon","11388","Racing Lagoon","24780","8880","14","2","7","0","0","2.79","Racing Lagoon"
"Danbol Senki","11389","Danbol Senki","24780","3120","28","1","4","0","0","7.94","Danbol Senki"
"Nikopol: Secrets of the Immortals","11390","Nikopol: Secrets of the Immortals","24780","2280","175","1","11","0","0","10.87","Nikopol: Secrets of the Immortals"
"Waking Mars","11391","Waking Mars","24780","6720","44","1","24","0","0","3.69","Waking Mars"
"Medabots: Rokusho/Metabee","11392","Medabots: Rokusho/Metabee","24720","10740","10","1","24","0","0","2.3","Medabots: Rokusho/Metabee"
"Xexyz","11393","Xexyz","24720","4500","34","1","11","0","0","5.49","Xexyz"
"Loki: Heroes of Mythology","11394","Loki: Heroes of Mythology","24720","2700","79","1","9","0","0","9.16","Loki: Heroes of Mythology"
"Rusty Hearts","11395","Rusty Hearts","24660","7320","15","1","15","0","0","3.37","Rusty Hearts"
"Monty Python & The Quest for the Holy Grail","11396","Monty Python & The Quest for the Holy Grail","24660","2160","47","1","5","0","0","11.42","Monty Python & The Quest for the Holy Grail"
"Brick-Force","11397","Brick-Force","24660","9900","19","4","37","0","0","2.49","Brick-Force"
"Star Wars: Rebel Assault","11398","Star Wars: Rebel Assault","24660","3600","83","2","18","0","0","6.85","Star Wars: Rebel Assault"
"Cannon Fodder","11399","Cannon Fodder","24660","5040","72","2","22","0","0","4.89","Cannon Fodder"
"Martian Gothic: Unification","11400","Martian Gothic: Unification","24660","3600","31","1","8","0","0","6.85","Martian Gothic: Unification"