"","","Game","Watch time","Stream time","Peak viewers","Peak channels","Streamers","Average viewers","Average channels","Average viewer ratio",""
"Kirby's Epic Yarn","3701","Kirby's Epic Yarn","742020","52980","1021","4","157","1","0","14.01","Kirby's Epic Yarn"
"Magic: The Gathering Online","3702","Magic: The Gathering Online","741420","334260","229","7","914","1","0","2.22","Magic: The Gathering Online"
"The Legend of the Dragonflame High School: Youth Battle Story","3703","The Legend of the Dragonflame High School: Youth Battle Story","740220","60","12337","1","1","1","0","12337","The Legend of the Dragonflame High School: Youth Battle Story"
"WWF WrestleMania 2000","3704","WWF WrestleMania 2000","740100","8760","7017","2","33","1","0","84.49","WWF WrestleMania 2000"
"Haze","3705","Haze","739920","2520","2693","1","7","1","0","293.62","Haze"
"LEGO The Hobbit","3706","LEGO The Hobbit","739800","97620","1937","4","449","1","0","7.58","LEGO The Hobbit"
"Albino Lullaby","3707","Albino Lullaby","738180","10260","1644","2","46","1","0","71.95","Albino Lullaby"
"Super Dragon Ball Z","3708","Super Dragon Ball Z","737520","4080","6553","3","17","1","0","180.76","Super Dragon Ball Z"
"Donkey Kong: Jungle Beat","3709","Donkey Kong: Jungle Beat","737460","14820","1603","2","48","1","0","49.76","Donkey Kong: Jungle Beat"
"The Elder Scrolls Adventures: Redguard","3710","The Elder Scrolls Adventures: Redguard","737220","6480","427","1","8","1","0","113.77","The Elder Scrolls Adventures: Redguard"
"Nights of Azure","3711","Nights of Azure","736860","190260","551","6","479","1","0","3.87","Nights of Azure"
"Great eSports Manager","3712","Great eSports Manager","736620","6240","2027","2","30","1","0","118.05","Great eSports Manager"
"Brave Fencer Musashi","3713","Brave Fencer Musashi","736500","94440","446","4","114","1","0","7.8","Brave Fencer Musashi"
"Doodle God","3714","Doodle God","736380","11880","2318","2","59","1","0","61.98","Doodle God"
"Luigi's Mansion: Dark Moon","3715","Luigi's Mansion: Dark Moon","736200","42180","1686","5","88","1","0","17.45","Luigi's Mansion: Dark Moon"
"Ristar","3716","Ristar","735600","70260","2243","5","101","1","0","10.47","Ristar"
"Academia: School Simulator","3717","Academia: School Simulator","735420","12480","2239","3","70","1","0","58.93","Academia: School Simulator"
"Debris","3718","Debris","734760","12780","2396","2","50","1","0","57.49","Debris"
"Digital Devil Monogatari: Megami Tensei","3719","Digital Devil Monogatari: Megami Tensei","734640","3540","670","1","3","1","0","207.53","Digital Devil Monogatari: Megami Tensei"
"Rebel Galaxy","3720","Rebel Galaxy","734640","300120","124","7","971","1","0","2.45","Rebel Galaxy"
"The Id@lmaster: Gravure for You! Vol. 8","3721","The Id@lmaster: Gravure for You! Vol. 8","734220","4680","2572","1","18","1","0","156.88","The Id@lmaster: Gravure for You! Vol. 8"
"Metal Gear Solid HD Collection","3722","Metal Gear Solid HD Collection","732960","83940","645","4","111","1","0","8.73","Metal Gear Solid HD Collection"
"Crystalline","3723","Crystalline","731340","10620","2209","2","23","1","0","68.86","Crystalline"
"Nine Parchments","3724","Nine Parchments","730500","59880","1910","14","11","1","0","12.2","Nine Parchments"
"Ark: Survival Of The Fittest","3725","Ark: Survival Of The Fittest","730440","57780","792","5","351","1","0","12.64","Ark: Survival Of The Fittest"
"Michael Jackson's Moonwalker","3726","Michael Jackson's Moonwalker","729780","19260","5641","3","102","1","0","37.89","Michael Jackson's Moonwalker"
"Idle Champions of the Forgotten Realms","3727","Idle Champions of the Forgotten Realms","729420","126360","9788","4","114","1","0","5.77","Idle Champions of the Forgotten Realms"
"The Witch's House","3728","The Witch's House","729000","58560","896","3","220","1","0","12.45","The Witch's House"
"Tower of Guns","3729","Tower of Guns","728880","60780","1528","2","300","1","0","11.99","Tower of Guns"
"Soul Searching","3730","Soul Searching","727860","3180","5443","2","20","1","0","228.89","Soul Searching"
"Midair","3731","Midair","727800","218220","216","12","167","1","0","3.34","Midair"
"Zero: Tsukihami no Kamen","3732","Zero: Tsukihami no Kamen","727260","42840","173","2","56","1","0","16.98","Zero: Tsukihami no Kamen"
"Ninja Gaiden Sigma","3733","Ninja Gaiden Sigma","726840","52620","5071","3","76","1","0","13.81","Ninja Gaiden Sigma"
"2064: Read Only Memories","3734","2064: Read Only Memories","726840","87360","723","4","200","1","0","8.32","2064: Read Only Memories"
"Simple Planes","3735","Simple Planes","726600","40140","2092","5","251","1","0","18.1","Simple Planes"
"LEGO Island 2: The Brickster's Revenge","3736","LEGO Island 2: The Brickster's Revenge","726240","11340","1520","2","43","1","0","64.04","LEGO Island 2: The Brickster's Revenge"
"The Playroom VR","3737","The Playroom VR","726000","82200","2882","4","547","1","0","8.83","The Playroom VR"
"Sunset Overdrive","3738","Sunset Overdrive","724380","338220","690","7","1824","1","0","2.14","Sunset Overdrive"
"In the Groove 2","3739","In the Groove 2","724320","236760","1454","6","131","1","0","3.06","In the Groove 2"
"Ib","3740","Ib","724200","85260","613","4","335","1","0","8.49","Ib"
"Phoenix Wright: Ace Attorney - Trials and Tribulations","3741","Phoenix Wright: Ace Attorney - Trials and Tribulations","723360","100860","122","3","88","1","0","7.17","Phoenix Wright: Ace Attorney - Trials and Tribulations"
"Flash","3742","Flash","722880","116640","1681","4","302","1","0","6.2","Flash"
"Saint Seiya: Soldiers' Soul","3743","Saint Seiya: Soldiers' Soul","722040","158700","449","5","501","1","0","4.55","Saint Seiya: Soldiers' Soul"
"Syndrome","3744","Syndrome","721980","23520","552","2","72","1","0","30.7","Syndrome"
"Wilson's Heart","3745","Wilson's Heart","721140","21000","1851","2","70","1","0","34.34","Wilson's Heart"
"Sango Fighter","3746","Sango Fighter","720660","420","7050","2","4","1","0","1715.86","Sango Fighter"
"Blood Omen: Legacy of Kain","3747","Blood Omen: Legacy of Kain","720540","43800","631","2","99","1","0","16.45","Blood Omen: Legacy of Kain"
"Guitar Hero World Tour","3748","Guitar Hero World Tour","720540","99360","1695","4","322","1","0","7.25","Guitar Hero World Tour"
"Road Rash","3749","Road Rash","720420","14340","6192","2","63","1","0","50.24","Road Rash"
"Wild Animal Racing","3750","Wild Animal Racing","720360","13500","7097","4","87","1","0","53.36","Wild Animal Racing"
"Automobilista","3751","Automobilista","720240","111840","378","6","223","1","0","6.44","Automobilista"
"Devil May Cry 2","3752","Devil May Cry 2","720180","31620","6625","2","72","1","0","22.78","Devil May Cry 2"
"WGT Golf","3753","WGT Golf","720060","159960","169","4","68","1","0","4.5","WGT Golf"
"Harry Potter and the Half-Blood Prince","3754","Harry Potter and the Half-Blood Prince","719580","42120","740","2","87","1","0","17.08","Harry Potter and the Half-Blood Prince"
"Quake 4","3755","Quake 4","718200","72300","994","4","199","1","0","9.93","Quake 4"
"Asgard Run","3756","Asgard Run","717420","2100","1178","2","5","1","0","341.63","Asgard Run"
"Tom Clancy's Splinter Cell","3757","Tom Clancy's Splinter Cell","716940","162120","294","4","505","1","0","4.42","Tom Clancy's Splinter Cell"
"Evil Genius","3758","Evil Genius","716580","74760","628","3","172","1","0","9.59","Evil Genius"
"Gems of War","3759","Gems of War","716400","463140","206","7","1088","1","0","1.55","Gems of War"
"Phantom Jump","3760","Phantom Jump","715680","5520","1277","3","0","1","0","129.65","Phantom Jump"
"Robotrek","3761","Robotrek","715620","19140","1960","2","25","1","0","37.39","Robotrek"
"Dungeon World","3762","Dungeon World","715380","48060","709","3","52","1","0","14.89","Dungeon World"
"On Rusty Trails","3763","On Rusty Trails","715140","2760","6056","1","7","1","0","259.11","On Rusty Trails"
"WWE: Champions","3764","WWE: Champions","715080","54300","375","4","82","1","0","13.17","WWE: Champions"
"Costume Quest","3765","Costume Quest","714660","98760","475","20","372","1","0","7.24","Costume Quest"
"Mario & Luigi: Bowser's Inside Story","3766","Mario & Luigi: Bowser's Inside Story","714300","32940","961","3","63","1","0","21.68","Mario & Luigi: Bowser's Inside Story"
"Romance of the Three Kingdoms XI","3767","Romance of the Three Kingdoms XI","713760","26700","463","2","38","1","0","26.73","Romance of the Three Kingdoms XI"
"Naruto Shippuden: Ultimate Ninja Storm 2","3768","Naruto Shippuden: Ultimate Ninja Storm 2","713340","90420","325","5","247","1","0","7.89","Naruto Shippuden: Ultimate Ninja Storm 2"
"Harry Potter and the Deathly Hallows: Part 1","3769","Harry Potter and the Deathly Hallows: Part 1","712920","21240","1400","2","61","1","0","33.56","Harry Potter and the Deathly Hallows: Part 1"
"Radiant Historia","3770","Radiant Historia","712140","21720","179","2","23","1","0","32.79","Radiant Historia"
"Panzer Dragoon Saga","3771","Panzer Dragoon Saga","711720","26280","1482","2","37","1","0","27.08","Panzer Dragoon Saga"
"Mario Kart DS","3772","Mario Kart DS","710700","37560","2172","2","139","1","0","18.92","Mario Kart DS"
"WarioWare: Touched!","3773","WarioWare: Touched!","709980","2460","4425","1","14","1","0","288.61","WarioWare: Touched!"
"Oni","3774","Oni","708420","49500","892","2","109","1","0","14.31","Oni"
"Final Fantasy I & II: Dawn of Souls","3775","Final Fantasy I & II: Dawn of Souls","708360","130500","114","4","186","1","0","5.43","Final Fantasy I & II: Dawn of Souls"
"Stocks And Bonds","3776","Stocks And Bonds","708300","115680","88","3","56","1","0","6.12","Stocks And Bonds"
"Sailor Moon S","3777","Sailor Moon S","708120","7140","6219","1","22","1","0","99.18","Sailor Moon S"
"Caves of Qud","3778","Caves of Qud","708120","97380","580","4","194","1","0","7.27","Caves of Qud"
"Hamtaro: Ham-Ham Heartbreak","3779","Hamtaro: Ham-Ham Heartbreak","707580","39300","862","5","110","1","0","18","Hamtaro: Ham-Ham Heartbreak"
"Shironeko Project","3780","Shironeko Project","707340","81780","826","5","44","1","0","8.65","Shironeko Project"
"Final Fantasy IV: The Complete Collection","3781","Final Fantasy IV: The Complete Collection","706020","45540","391","3","63","1","0","15.5","Final Fantasy IV: The Complete Collection"
"Twister","3782","Twister","705900","1140","4503","1","6","1","0","619.21","Twister"
"Ostriv","3783","Ostriv","705840","28620","661","4","61","1","0","24.66","Ostriv"
"Skate 2","3784","Skate 2","705600","26460","2027","2","58","1","0","26.67","Skate 2"
"The Simpsons: Road Rage","3785","The Simpsons: Road Rage","705600","14520","6897","2","42","1","0","48.6","The Simpsons: Road Rage"
"NightCry","3786","NightCry","705300","29880","505","3","71","1","0","23.6","NightCry"
"Lifeless Planet","3787","Lifeless Planet","705120","70860","1861","4","243","1","0","9.95","Lifeless Planet"
"Magicians Dead","3788","Magicians Dead","704880","2460","2980","3","6","1","0","286.54","Magicians Dead"
"Stray Cat Crossing","3789","Stray Cat Crossing","704340","15480","915","2","67","1","0","45.5","Stray Cat Crossing"
"Freshly-Picked: Tingle's Rosy Rupeeland","3790","Freshly-Picked: Tingle's Rosy Rupeeland","704160","25620","548","2","30","1","0","27.48","Freshly-Picked: Tingle's Rosy Rupeeland"
"Lakeview Cabin Collection","3791","Lakeview Cabin Collection","704100","63660","738","4","289","1","0","11.06","Lakeview Cabin Collection"
"Quantum Conundrum","3792","Quantum Conundrum","704040","71160","1257","5","186","1","0","9.89","Quantum Conundrum"
"Shattered Skies","3793","Shattered Skies","703080","99300","88","6","216","1","0","7.08","Shattered Skies"
"Street Fighter X Mega Man","3794","Street Fighter X Mega Man","702180","16380","1505","3","62","1","0","42.87","Street Fighter X Mega Man"
"Xianjian Qixia Zhuan","3795","Xianjian Qixia Zhuan","701940","38160","704","2","25","1","0","18.39","Xianjian Qixia Zhuan"
"Xenosaga: Episode III - Also Sprach Zarathustra","3796","Xenosaga: Episode III - Also Sprach Zarathustra","701700","48240","397","2","31","1","0","14.55","Xenosaga: Episode III - Also Sprach Zarathustra"
"Ticket to Ride","3797","Ticket to Ride","701220","36000","1610","4","128","1","0","19.48","Ticket to Ride"
"Double Action: Boogaloo","3798","Double Action: Boogaloo","699900","58320","1812","4","348","1","0","12","Double Action: Boogaloo"
"Mortal Online","3799","Mortal Online","699300","119400","202","5","132","1","0","5.86","Mortal Online"
"Priston Tale","3800","Priston Tale","699300","126240","1013","4","132","1","0","5.54","Priston Tale"