"","","Game","Watch time","Stream time","Peak viewers","Peak channels","Streamers","Average viewers","Average channels","Average viewer ratio",""
"Yono and the Celestial Elephants","3801","Yono and the Celestial Elephants","699120","33660","1109","5","81","1","0","20.77","Yono and the Celestial Elephants"
"Pilotwings","3802","Pilotwings","698580","27300","2992","3","74","1","0","25.59","Pilotwings"
"Earthworm Jim 2","3803","Earthworm Jim 2","697980","19680","1069","2","82","1","0","35.47","Earthworm Jim 2"
"Predator: Concrete Jungle","3804","Predator: Concrete Jungle","697560","3000","6490","2","12","1","0","232.52","Predator: Concrete Jungle"
"Mario is Missing!","3805","Mario is Missing!","697020","14520","1773","5","62","1","0","48","Mario is Missing!"
"Warhammer 40,000: Armageddon","3806","Warhammer 40,000: Armageddon","696360","8460","1656","1","21","1","0","82.31","Warhammer 40,000: Armageddon"
"AirportCEO","3807","AirportCEO","695460","22320","2253","4","60","1","0","31.16","AirportCEO"
"Digimon World 4","3808","Digimon World 4","694980","45660","2675","2","62","1","0","15.22","Digimon World 4"
"Plants vs. Zombies: Garden Warfare","3809","Plants vs. Zombies: Garden Warfare","694680","117180","687","4","1345","1","0","5.93","Plants vs. Zombies: Garden Warfare"
"Castlevania: Harmony of Dissonance","3810","Castlevania: Harmony of Dissonance","694080","81060","951","4","141","1","0","8.56","Castlevania: Harmony of Dissonance"
"If My Heart Had Wings","3811","If My Heart Had Wings","693780","37080","6232","2","79","1","0","18.71","If My Heart Had Wings"
"Golf Clash","3812","Golf Clash","693060","38700","309","2","101","1","0","17.91","Golf Clash"
"Flame vs Blaze","3813","Flame vs Blaze","693000","2040","6215","1","6","1","0","339.71","Flame vs Blaze"
"Arc the Lad","3814","Arc the Lad","692700","10800","2529","1","19","1","0","64.14","Arc the Lad"
"Chrono Clock","3815","Chrono Clock","692460","8820","1935","2","12","1","0","78.51","Chrono Clock"
"Idle Heroes","3816","Idle Heroes","692160","36240","739","2","74","1","0","19.1","Idle Heroes"
"Saints Row: Gat Out of Hell","3817","Saints Row: Gat Out of Hell","691560","291660","499","5","1400","1","0","2.37","Saints Row: Gat Out of Hell"
"Halo 4","3818","Halo 4","691020","225960","156","10","550","1","0","3.06","Halo 4"
"Hawken","3819","Hawken","690720","396000","112","7","1930","1","0","1.74","Hawken"
"Pro Evolution Soccer 5","3820","Pro Evolution Soccer 5","690600","4680","844","1","16","1","0","147.56","Pro Evolution Soccer 5"
"Pressure Overdrive","3821","Pressure Overdrive","690480","7680","9005","2","46","1","0","89.91","Pressure Overdrive"
"The Pillars of the Earth","3822","The Pillars of the Earth","690360","32880","780","11","110","1","0","21","The Pillars of the Earth"
"Grief Syndrome","3823","Grief Syndrome","689460","23100","5546","5","55","1","0","29.85","Grief Syndrome"
"Klonoa: Door to Phantomile","3824","Klonoa: Door to Phantomile","688140","70440","1603","3","123","1","0","9.77","Klonoa: Door to Phantomile"
"The Frostrune","3825","The Frostrune","687780","9060","2844","3","42","1","0","75.91","The Frostrune"
"The Darkside Detective","3826","The Darkside Detective","687720","26400","4349","3","111","1","0","26.05","The Darkside Detective"
"Super Star Wars: The Empire Strikes Back","3827","Super Star Wars: The Empire Strikes Back","687480","23280","2021","4","28","1","0","29.53","Super Star Wars: The Empire Strikes Back"
"Blazing Dragons","3828","Blazing Dragons","687420","4320","2732","2","12","1","0","159.13","Blazing Dragons"
"Winning Putt","3829","Winning Putt","687180","140160","702","5","316","1","0","4.9","Winning Putt"
"Trials of the Blood Dragon","3830","Trials of the Blood Dragon","686880","35460","525","2","117","1","0","19.37","Trials of the Blood Dragon"
"Bernackels' Shoggoth","3831","Bernackels' Shoggoth","685920","1680","9722","2","9","1","0","408.29","Bernackels' Shoggoth"
"Dust: A Tale of the Wired West","3832","Dust: A Tale of the Wired West","685680","2040","2738","1","8","1","0","336.12","Dust: A Tale of the Wired West"
"Dominion Online","3833","Dominion Online","685440","68940","579","3","86","1","0","9.94","Dominion Online"
"Unlimited SaGa","3834","Unlimited SaGa","685260","23400","3613","3","21","1","0","29.28","Unlimited SaGa"
"The House of the Dead 4","3835","The House of the Dead 4","684660","2340","5803","2","13","1","0","292.59","The House of the Dead 4"
"Gunbound","3836","Gunbound","684420","32580","4780","3","99","1","0","21.01","Gunbound"
"Garfield Kart","3837","Garfield Kart","684000","30000","2740","2","155","1","0","22.8","Garfield Kart"
"Super Blood Hockey","3838","Super Blood Hockey","683580","17520","3818","4","125","1","0","39.02","Super Blood Hockey"
"GRID","3839","GRID","683160","97020","624","3","426","1","0","7.04","GRID"
"Kathy Rain","3840","Kathy Rain","682680","72480","639","4","199","1","0","9.42","Kathy Rain"
"Wild Arms","3841","Wild Arms","681960","99420","265","3","100","1","0","6.86","Wild Arms"
"Enforcer: Police Crime Action","3842","Enforcer: Police Crime Action","681780","9480","2991","2","54","1","0","71.92","Enforcer: Police Crime Action"
"Asta Online","3843","Asta Online","681780","163440","95","11","365","1","0","4.17","Asta Online"
"Deception IV: The Nightmare Princess","3844","Deception IV: The Nightmare Princess","681660","57780","1645","5","177","1","0","11.8","Deception IV: The Nightmare Princess"
"The Longest Journey","3845","The Longest Journey","681300","84600","143","3","121","1","0","8.05","The Longest Journey"
"Phantom Trigger","3846","Phantom Trigger","680700","21720","1054","7","124","1","0","31.34","Phantom Trigger"
"Mstar","3847","Mstar","680280","51000","622","3","124","1","0","13.34","Mstar"
"Lara Croft: Go","3848","Lara Croft: Go","679800","30480","1018","2","184","1","0","22.3","Lara Croft: Go"
"Beast War","3849","Beast War","679260","180","6991","1","1","1","0","3773.67","Beast War"
"Dragon Ball Z: Hyper Dimension","3850","Dragon Ball Z: Hyper Dimension","679020","5340","5997","3","26","1","0","127.16","Dragon Ball Z: Hyper Dimension"
"The Warriors","3851","The Warriors","678780","227460","327","5","815","1","0","2.98","The Warriors"
"Dusk","3852","Dusk","678720","55500","1390","7","217","1","0","12.23","Dusk"
"Rogue Trooper Redux","3853","Rogue Trooper Redux","677640","23940","1205","8","102","1","0","28.31","Rogue Trooper Redux"
"Boundless","3854","Boundless","676920","100440","132","4","123","1","0","6.74","Boundless"
"Tony Hawk's Pro Skater","3855","Tony Hawk's Pro Skater","676380","53580","1441","3","229","1","0","12.62","Tony Hawk's Pro Skater"
"Far Cry 2","3856","Far Cry 2","676380","178920","362","4","499","1","0","3.78","Far Cry 2"
"Unearthed: Trail of Ibn Battuta","3857","Unearthed: Trail of Ibn Battuta","676320","2580","3434","1","13","1","0","262.14","Unearthed: Trail of Ibn Battuta"
"Just Cause 2","3858","Just Cause 2","675600","271320","470","6","1303","1","0","2.49","Just Cause 2"
"Bible Adventures","3859","Bible Adventures","675360","5160","1958","1","20","1","0","130.88","Bible Adventures"
"The Banner Saga 2","3860","The Banner Saga 2","674880","106860","620","4","253","1","0","6.32","The Banner Saga 2"
"Kid Icarus","3861","Kid Icarus","674700","22380","390","2","70","1","0","30.15","Kid Icarus"
"Napoleon: Total War","3862","Napoleon: Total War","674580","142980","434","3","398","1","0","4.72","Napoleon: Total War"
"Ballistic Mini Golf","3863","Ballistic Mini Golf","674460","10080","6581","3","63","1","0","66.91","Ballistic Mini Golf"
"Gurgamoth","3864","Gurgamoth","674340","840","8461","1","3","1","0","802.79","Gurgamoth"
"Nier Replicant","3865","Nier Replicant","673020","41880","261","2","35","1","0","16.07","Nier Replicant"
"Wii Fit U","3866","Wii Fit U","672900","18000","2036","2","29","1","0","37.38","Wii Fit U"
"Silver","3867","Silver","672300","30180","1223","3","86","1","0","22.28","Silver"
"Dungeons","3868","Dungeons","671880","18300","2698","2","55","1","0","36.71","Dungeons"
"Boiling Point: Road to Hell","3869","Boiling Point: Road to Hell","671880","3660","3671","1","18","1","0","183.57","Boiling Point: Road to Hell"
"Fighters Megamix","3870","Fighters Megamix","671700","3000","6034","2","15","1","0","223.9","Fighters Megamix"
"FlatOut 3: Chaos & Destruction","3871","FlatOut 3: Chaos & Destruction","669540","3780","4326","2","23","1","0","177.13","FlatOut 3: Chaos & Destruction"
"Astray","3872","Astray","668460","5820","3427","2","28","1","0","114.86","Astray"
"Mogeko Castle","3873","Mogeko Castle","668220","22980","935","2","82","1","0","29.08","Mogeko Castle"
"Tales of Destiny","3874","Tales of Destiny","666420","48540","1179","3","62","1","0","13.73","Tales of Destiny"
"Paranormal","3875","Paranormal","665940","16260","1246","3","103","1","0","40.96","Paranormal"
"Tanki X","3876","Tanki X","665880","59820","1625","5","221","1","0","11.13","Tanki X"
"Animal Crossing: Amiibo Festival","3877","Animal Crossing: Amiibo Festival","665640","24900","588","2","78","1","0","26.73","Animal Crossing: Amiibo Festival"
"Draw Something","3878","Draw Something","665040","67140","2526","4","241","1","0","9.91","Draw Something"
"Medieval II: Total War - Kingdoms","3879","Medieval II: Total War - Kingdoms","664740","78060","412","4","158","1","0","8.52","Medieval II: Total War - Kingdoms"
"LEGO Marvel's Avengers","3880","LEGO Marvel's Avengers","664740","256020","906","5","951","1","0","2.6","LEGO Marvel's Avengers"
"TrackMania² Valley","3881","TrackMania² Valley","664560","35160","194","3","79","1","0","18.9","TrackMania² Valley"
"Drod RPG","3882","Drod RPG","664440","15360","134","2","8","1","0","43.26","Drod RPG"
"Train Station Simulator","3883","Train Station Simulator","663720","1920","1503","2","0","1","0","345.69","Train Station Simulator"
"Who Wants To Be A Millionaire: UK Edition","3884","Who Wants To Be A Millionaire: UK Edition","663540","1080","9181","2","8","1","0","614.39","Who Wants To Be A Millionaire: UK Edition"
"Tempest","3885","Tempest","663480","51180","1367","3","155","1","0","12.96","Tempest"
"Etrian Odyssey V","3886","Etrian Odyssey V","663480","58860","175","6","46","1","0","11.27","Etrian Odyssey V"
"Star Wars: Empire at War - Forces of Corruption","3887","Star Wars: Empire at War - Forces of Corruption","663420","116940","3168","5","405","1","0","5.67","Star Wars: Empire at War - Forces of Corruption"
"Rocketbirds: Hardboiled Chicken","3888","Rocketbirds: Hardboiled Chicken","663360","30960","1378","3","144","1","0","21.43","Rocketbirds: Hardboiled Chicken"
"Shadowrun: Hong Kong","3889","Shadowrun: Hong Kong","663060","126540","997","5","268","1","0","5.24","Shadowrun: Hong Kong"
"Shining the Holy Ark","3890","Shining the Holy Ark","662940","15540","397","2","13","1","0","42.66","Shining the Holy Ark"
"SOCOM II: U.S. Navy SEALs","3891","SOCOM II: U.S. Navy SEALs","661620","156180","78","7","75","1","0","4.24","SOCOM II: U.S. Navy SEALs"
"Star Ocean: The Second Story","3892","Star Ocean: The Second Story","661020","95580","440","3","92","1","0","6.92","Star Ocean: The Second Story"
"Galaxy of Pen & Paper","3893","Galaxy of Pen & Paper","661020","36840","1454","6","144","1","0","17.94","Galaxy of Pen & Paper"
"Odallus: The Dark Call","3894","Odallus: The Dark Call","660360","46140","1762","3","165","1","0","14.31","Odallus: The Dark Call"
"Black Mirror II: Reigning Evil","3895","Black Mirror II: Reigning Evil","660000","43620","272","3","52","1","0","15.13","Black Mirror II: Reigning Evil"
"Dr. Robotnik's Mean Bean Machine","3896","Dr. Robotnik's Mean Bean Machine","659700","47100","628","3","176","1","0","14.01","Dr. Robotnik's Mean Bean Machine"
"Marvel Heroes 2016","3897","Marvel Heroes 2016","659400","78000","1231","8","267","1","0","8.45","Marvel Heroes 2016"
"Broken Sword: The Serpent's Curse","3898","Broken Sword: The Serpent's Curse","658680","76500","2168","3","168","1","0","8.61","Broken Sword: The Serpent's Curse"
"CRYPTARK","3899","CRYPTARK","658440","61800","1039","6","242","1","0","10.65","CRYPTARK"
"Real Heroes: Firefighter","3900","Real Heroes: Firefighter","658320","2340","2553","1","9","1","0","281.33","Real Heroes: Firefighter"