"","","Game","Watch time","Stream time","Peak viewers","Peak channels","Streamers","Average viewers","Average channels","Average viewer ratio",""
"Backstage Pass","6901","Backstage Pass","137640","8760","138","1","15","0","0","15.71","Backstage Pass"
"The Adventures of Batman and Robin","6902","The Adventures of Batman and Robin","137580","13020","765","2","43","0","0","10.57","The Adventures of Batman and Robin"
"Pix the Cat","6903","Pix the Cat","137520","12000","228","2","63","0","0","11.46","Pix the Cat"
"Survivalist","6904","Survivalist","137400","22680","1412","2","87","0","0","6.06","Survivalist"
"Hylics","6905","Hylics","137400","15240","242","2","63","0","0","9.02","Hylics"
"Rune Factory: Frontier","6906","Rune Factory: Frontier","137280","33240","49","2","44","0","0","4.13","Rune Factory: Frontier"
"Sam & Max Save the World","6907","Sam & Max Save the World","137160","20520","64","3","34","0","0","6.68","Sam & Max Save the World"
"Lines","6908","Lines","137160","10920","1124","3","61","0","0","12.56","Lines"
"Super Panda Adventures","6909","Super Panda Adventures","137100","19560","127","2","56","0","0","7.01","Super Panda Adventures"
"Divinity: Dragon Commander","6910","Divinity: Dragon Commander","136980","21720","182","2","63","0","0","6.31","Divinity: Dragon Commander"
"Surgeon Simulator: Experience Reality","6911","Surgeon Simulator: Experience Reality","136920","30420","1274","3","207","0","0","4.5","Surgeon Simulator: Experience Reality"
"Legends of Eisenwald","6912","Legends of Eisenwald","136860","19080","1529","2","34","0","0","7.17","Legends of Eisenwald"
"Soul Blade","6913","Soul Blade","136860","10080","483","2","32","0","0","13.58","Soul Blade"
"The Blackwell Convergence","6914","The Blackwell Convergence","136800","6240","330","2","21","0","0","21.92","The Blackwell Convergence"
"Star Trek: Judgment Rites","6915","Star Trek: Judgment Rites","136680","8760","101","1","12","0","0","15.6","Star Trek: Judgment Rites"
"The Fish Fillets II","6916","The Fish Fillets II","136620","300","2278","1","3","0","0","455.4","The Fish Fillets II"
"Radiata Stories","6917","Radiata Stories","136500","49140","18","4","65","0","0","2.78","Radiata Stories"
"Cutthroat Island","6918","Cutthroat Island","136380","1380","886","2","4","0","0","98.83","Cutthroat Island"
"Destiny of an Emperor","6919","Destiny of an Emperor","136380","22500","53","2","13","0","0","6.06","Destiny of an Emperor"
"Super Mario Bros. 3: Super Mario Advance 4","6920","Super Mario Bros. 3: Super Mario Advance 4","136260","10560","188","1","38","0","0","12.9","Super Mario Bros. 3: Super Mario Advance 4"
"Lunar Pool","6921","Lunar Pool","136200","2040","1084","1","6","0","0","66.76","Lunar Pool"
"Absolute Drift","6922","Absolute Drift","136140","66300","209","2","366","0","0","2.05","Absolute Drift"
"Hold Your Own","6923","Hold Your Own","136140","32160","231","9","0","0","0","4.23","Hold Your Own"
"Super Dungeon Bros","6924","Super Dungeon Bros","136080","34680","610","5","215","0","0","3.92","Super Dungeon Bros"
"Mickey Mouse","6925","Mickey Mouse","136020","7080","564","2","31","0","0","19.21","Mickey Mouse"
"Rune Factory: Tides of Destiny","6926","Rune Factory: Tides of Destiny","135960","37020","37","3","36","0","0","3.67","Rune Factory: Tides of Destiny"
"The Granstream Saga","6927","The Granstream Saga","135840","6600","324","2","11","0","0","20.58","The Granstream Saga"
"The Journey Down: Chapter Three","6928","The Journey Down: Chapter Three","135840","13320","131","2","49","0","0","10.2","The Journey Down: Chapter Three"
"Five Nights at Freddy's World","6929","Five Nights at Freddy's World","135720","32460","612","2","129","0","0","4.18","Five Nights at Freddy's World"
"Florensia","6930","Florensia","135660","61620","40","3","66","0","0","2.2","Florensia"
"Robot Odyssey","6931","Robot Odyssey","135660","3720","96","1","2","0","0","36.47","Robot Odyssey"
"Make America Great Again: The Trump Presidency","6932","Make America Great Again: The Trump Presidency","135600","6540","1103","2","62","0","0","20.73","Make America Great Again: The Trump Presidency"
"Quake II Mission Pack: Ground Zero","6933","Quake II Mission Pack: Ground Zero","135600","5040","736","1","16","0","0","26.9","Quake II Mission Pack: Ground Zero"
"The Orange Box","6934","The Orange Box","135600","187560","21","5","782","0","0","0.72","The Orange Box"
"Langrisser II","6935","Langrisser II","135420","5760","188","1","6","0","0","23.51","Langrisser II"
"Q.U.B.E. Director's Cut","6936","Q.U.B.E. Director's Cut","135240","46800","66","3","171","0","0","2.89","Q.U.B.E. Director's Cut"
"The Yawhg","6937","The Yawhg","135120","14580","419","2","92","0","0","9.27","The Yawhg"
"Conductor","6938","Conductor","135060","240","1337","1","2","0","0","562.75","Conductor"
"The Pandora Directive","6939","The Pandora Directive","135000","18420","112","1","16","0","0","7.33","The Pandora Directive"
"Wizardry I-II-III: Story of Llylgamyn","6940","Wizardry I-II-III: Story of Llylgamyn","134820","2760","94","1","1","0","0","48.85","Wizardry I-II-III: Story of Llylgamyn"
"Super Exploding Zoo","6941","Super Exploding Zoo","134760","1020","246","1","9","0","0","132.12","Super Exploding Zoo"
"Project Remedium","6942","Project Remedium","134700","2040","900","2","11","0","0","66.03","Project Remedium"
"Turtles","6943","Turtles","134580","189300","20","2","14","0","0","0.71","Turtles"
"GunFleet","6944","GunFleet","134520","30720","512","3","48","0","0","4.38","GunFleet"
"Lichtspeer","6945","Lichtspeer","134460","6840","499","1","36","0","0","19.66","Lichtspeer"
"Hunted: The Demon's Forge","6946","Hunted: The Demon's Forge","134460","35520","88","2","88","0","0","3.79","Hunted: The Demon's Forge"
"Shadwen","6947","Shadwen","134340","42720","50","2","119","0","0","3.14","Shadwen"
"Masquerada: Songs and Shadows","6948","Masquerada: Songs and Shadows","134280","24540","125","2","47","0","0","5.47","Masquerada: Songs and Shadows"
"Quest of Dungeons","6949","Quest of Dungeons","134280","23760","278","3","101","0","0","5.65","Quest of Dungeons"
"Battle Beast","6950","Battle Beast","134220","660","1193","1","4","0","0","203.36","Battle Beast"
"GS Mikami: Joreishi wa Nice Body","6951","GS Mikami: Joreishi wa Nice Body","134220","7080","1381","3","15","0","0","18.96","GS Mikami: Joreishi wa Nice Body"
"Maximo: Ghosts to Glory","6952","Maximo: Ghosts to Glory","134160","18540","701","2","50","0","0","7.24","Maximo: Ghosts to Glory"
"Dementium Remastered","6953","Dementium Remastered","134040","3840","111","1","5","0","0","34.91","Dementium Remastered"
"Touhou 10 - Mountain of Faith","6954","Touhou 10 - Mountain of Faith","133860","28740","504","3","141","0","0","4.66","Touhou 10 - Mountain of Faith"
"Sid Meier's Civilization III","6955","Sid Meier's Civilization III","133860","38340","134","4","146","0","0","3.49","Sid Meier's Civilization III"
"Stella Glow","6956","Stella Glow","133740","30540","37","2","15","0","0","4.38","Stella Glow"
"Chrome","6957","Chrome","133740","58140","253","4","214","0","0","2.3","Chrome"
"Dragon Ball Z: Buu's Fury","6958","Dragon Ball Z: Buu's Fury","133680","29940","79","5","44","0","0","4.46","Dragon Ball Z: Buu's Fury"
"Football Superstars","6959","Football Superstars","133680","75600","42","3","26","0","0","1.77","Football Superstars"
"Touhou 08 - Imperishable Night","6960","Touhou 08 - Imperishable Night","133680","55380","79","2","228","0","0","2.41","Touhou 08 - Imperishable Night"
"Dark Quest 2","6961","Dark Quest 2","133680","3120","187","2","9","0","0","42.85","Dark Quest 2"
"Tennis Elbow 2013","6962","Tennis Elbow 2013","133680","17580","1821","2","29","0","0","7.6","Tennis Elbow 2013"
"Bot Land","6963","Bot Land","133620","1080","633","3","6","0","0","123.72","Bot Land"
"Biko 3","6964","Biko 3","133500","60","2225","1","0","0","0","2225","Biko 3"
"Stick Fighter II","6965","Stick Fighter II","133440","5640","619","6","47","0","0","23.66","Stick Fighter II"
"Forsaken World","6966","Forsaken World","133440","41820","310","3","85","0","0","3.19","Forsaken World"
"Escape Dead Island","6967","Escape Dead Island","133320","28740","306","2","79","0","0","4.64","Escape Dead Island"
"Higurashi no Naku Koro ni: Onikakushi-hen","6968","Higurashi no Naku Koro ni: Onikakushi-hen","133140","24180","140","3","35","0","0","5.51","Higurashi no Naku Koro ni: Onikakushi-hen"
"Cartoon Network: Punch Time Explosion","6969","Cartoon Network: Punch Time Explosion","133140","1860","2158","1","8","0","0","71.58","Cartoon Network: Punch Time Explosion"
"Ghoul Patrol","6970","Ghoul Patrol","133140","2160","1725","1","8","0","0","61.64","Ghoul Patrol"
"Android One","6971","Android One","133080","2820","769","1","20","0","0","47.19","Android One"
"Clock Tower: The First Fear","6972","Clock Tower: The First Fear","133080","13920","94","2","44","0","0","9.56","Clock Tower: The First Fear"
"Copoka","6973","Copoka","133020","5100","498","2","39","0","0","26.08","Copoka"
"ShadowCaster","6974","ShadowCaster","132960","2100","124","1","2","0","0","63.31","ShadowCaster"
"Ittle Dew","6975","Ittle Dew","132960","19740","351","2","68","0","0","6.74","Ittle Dew"
"Team Buddies","6976","Team Buddies","132900","4440","393","1","24","0","0","29.93","Team Buddies"
"ATV Renegades","6977","ATV Renegades","132900","1980","233","1","8","0","0","67.12","ATV Renegades"
"Banjo-Kazooie: Grunty's Revenge","6978","Banjo-Kazooie: Grunty's Revenge","132780","10440","216","1","24","0","0","12.72","Banjo-Kazooie: Grunty's Revenge"
"Dementium II","6979","Dementium II","132660","10020","125","1","42","0","0","13.24","Dementium II"
"Empire Earth II: The Art of Supremacy","6980","Empire Earth II: The Art of Supremacy","132360","4860","1971","1","24","0","0","27.23","Empire Earth II: The Art of Supremacy"
"Galactic Keep","6981","Galactic Keep","132360","120","1180","1","1","0","0","1103","Galactic Keep"
"Alien Incident","6982","Alien Incident","132180","660","449","1","3","0","0","200.27","Alien Incident"
"Creeper World 3: Arc Eternal","6983","Creeper World 3: Arc Eternal","132180","35460","141","3","72","0","0","3.73","Creeper World 3: Arc Eternal"
"Primedice","6984","Primedice","132120","12000","125","2","16","0","0","11.01","Primedice"
"WaveLand","6985","WaveLand","131880","25440","360","7","45","0","0","5.18","WaveLand"
"Ultima VI: The False Prophet","6986","Ultima VI: The False Prophet","131820","8280","80","1","10","0","0","15.92","Ultima VI: The False Prophet"
"Home Improvement: Power Tool Pursuit","6987","Home Improvement: Power Tool Pursuit","131820","3300","1806","1","17","0","0","39.95","Home Improvement: Power Tool Pursuit"
"NetHack","6988","NetHack","131760","55440","58","3","101","0","0","2.38","NetHack"
"Terminator","6989","Terminator","131700","3300","731","1","14","0","0","39.91","Terminator"
"Double Dragon II: The Revenge","6990","Double Dragon II: The Revenge","131580","19500","420","2","71","0","0","6.75","Double Dragon II: The Revenge"
"EmergeNYC","6991","EmergeNYC","131580","25140","508","2","83","0","0","5.23","EmergeNYC"
"Sonic Boom","6992","Sonic Boom","131460","2940","1076","1","15","0","0","44.71","Sonic Boom"
"Brogue","6993","Brogue","131400","17100","123","2","23","0","0","7.68","Brogue"
"Exist Archive: The Other Side of the Sky","6994","Exist Archive: The Other Side of the Sky","131340","15780","781","2","46","0","0","8.32","Exist Archive: The Other Side of the Sky"
"Elona - Eternal League of Nefia","6995","Elona - Eternal League of Nefia","131220","109860","20","3","87","0","0","1.19","Elona - Eternal League of Nefia"
"Lion and the King","6996","Lion and the King","131220","2520","768","1","15","0","0","52.07","Lion and the King"
"E. V. O.: Search for Eden","6997","E. V. O.: Search for Eden","131100","12300","96","2","28","0","0","10.66","E. V. O.: Search for Eden"
"Life Is Strange 2","6998","Life Is Strange 2","130980","13560","262","3","57","0","0","9.66","Life Is Strange 2"
"Gun Gun Pixies","6999","Gun Gun Pixies","130920","12540","176","3","12","0","0","10.44","Gun Gun Pixies"
"Delver","7000","Delver","130920","32040","183","2","146","0","0","4.09","Delver"