"","","Game","Watch time","Stream time","Peak viewers","Peak channels","Streamers","Average viewers","Average channels","Average viewer ratio",""
"Pixel Piracy","4201","Pixel Piracy","537780","70080","820","6","295","1","0","7.67","Pixel Piracy"
"Draw Stuff","4202","Draw Stuff","536820","105300","2342","5","343","1","0","5.1","Draw Stuff"
"Dead and Buried","4203","Dead and Buried","536040","41040","1127","3","150","1","0","13.06","Dead and Buried"
"Fire Emblem: Shin Monshou no Nazo - Hikari to Kage no Eiyuu","4204","Fire Emblem: Shin Monshou no Nazo - Hikari to Kage no Eiyuu","535440","44760","965","3","45","1","0","11.96","Fire Emblem: Shin Monshou no Nazo - Hikari to Kage no Eiyuu"
"Shadows of War","4205","Shadows of War","535260","73800","5560","19","264","1","0","7.25","Shadows of War"
"Spy Games: Elevator Mission","4206","Spy Games: Elevator Mission","535080","240","2425","1","1","1","0","2229.5","Spy Games: Elevator Mission"
"Shogun: Total War","4207","Shogun: Total War","534840","34560","770","2","105","1","0","15.48","Shogun: Total War"
"Warhammer 40,000: Space Wolf","4208","Warhammer 40,000: Space Wolf","534360","16800","1425","2","47","1","0","31.81","Warhammer 40,000: Space Wolf"
"Turok: Evolution","4209","Turok: Evolution","534000","12780","472","2","32","1","0","41.78","Turok: Evolution"
"Rune Factory 4","4210","Rune Factory 4","533880","37860","349","2","31","1","0","14.1","Rune Factory 4"
"mono","4211","mono","533700","5820","1264","2","38","1","0","91.7","mono"
"Popeye Beach Volley Ball","4212","Popeye Beach Volley Ball","533640","6840","138","1","1","1","0","78.02","Popeye Beach Volley Ball"
"YamaYama","4213","YamaYama","533640","1320","3798","4","10","1","0","404.27","YamaYama"
"Legacy of the Wizard","4214","Legacy of the Wizard","533520","27840","144","4","31","1","0","19.16","Legacy of the Wizard"
"Random Heroes","4215","Random Heroes","533460","17820","15632","2","71","1","0","29.94","Random Heroes"
"Legacy of Kain: Soul Reaver 2","4216","Legacy of Kain: Soul Reaver 2","533460","35340","607","3","84","1","0","15.1","Legacy of Kain: Soul Reaver 2"
"Unfortunate Spacemen","4217","Unfortunate Spacemen","533220","11280","530","4","32","1","0","47.27","Unfortunate Spacemen"
"Rise of Insanity","4218","Rise of Insanity","532560","7200","1157","2","44","1","0","73.97","Rise of Insanity"
"Homesick","4219","Homesick","532140","24300","731","2","111","1","0","21.9","Homesick"
"Star Trek: The Next Generation - A Final Unity","4220","Star Trek: The Next Generation - A Final Unity","532020","4800","1947","1","10","1","0","110.84","Star Trek: The Next Generation - A Final Unity"
"beatmania IIDX","4221","beatmania IIDX","530880","64800","400","2","58","1","0","8.19","beatmania IIDX"
"Dig Dug II: Trouble in Paradise","4222","Dig Dug II: Trouble in Paradise","530760","960","4366","1","7","1","0","552.88","Dig Dug II: Trouble in Paradise"
"TrackMania","4223","TrackMania","530280","38880","961","3","181","1","0","13.64","TrackMania"
"X-COM: Apocalypse","4224","X-COM: Apocalypse","530040","10680","1745","1","16","1","0","49.63","X-COM: Apocalypse"
"Die Hard Arcade","4225","Die Hard Arcade","529560","4140","7449","1","13","1","0","127.91","Die Hard Arcade"
"Gran Turismo 6","4226","Gran Turismo 6","529380","91860","746","3","127","1","0","5.76","Gran Turismo 6"
"Toy Odyssey: The Lost and The Found","4227","Toy Odyssey: The Lost and The Found","528960","7380","8423","1","21","1","0","71.67","Toy Odyssey: The Lost and The Found"
"Soldier of Fortune","4228","Soldier of Fortune","528660","24000","458","2","56","1","0","22.03","Soldier of Fortune"
"NFL Blitz 2001","4229","NFL Blitz 2001","528480","1800","5526","2","11","1","0","293.6","NFL Blitz 2001"
"WRC World Rally Championship","4230","WRC World Rally Championship","528300","8760","2240","10","49","1","0","60.31","WRC World Rally Championship"
"Dai-3-Ji Super Robot Taisen","4231","Dai-3-Ji Super Robot Taisen","527940","12420","208","2","13","1","0","42.51","Dai-3-Ji Super Robot Taisen"
"Rokko Chan","4232","Rokko Chan","527040","4260","2440","1","12","1","0","123.72","Rokko Chan"
"The Typing of the Dead","4233","The Typing of the Dead","526620","11940","5473","2","59","1","0","44.11","The Typing of the Dead"
"Barbie Dreamhouse Party","4234","Barbie Dreamhouse Party","526320","12600","4381","3","75","1","0","41.77","Barbie Dreamhouse Party"
"ChromaGun","4235","ChromaGun","526200","28320","1252","5","116","1","0","18.58","ChromaGun"
"Resident Evil: Deadly Silence","4236","Resident Evil: Deadly Silence","526020","7080","732","1","14","1","0","74.3","Resident Evil: Deadly Silence"
"Disney's Hercules: Action Game","4237","Disney's Hercules: Action Game","525780","8220","3491","2","33","1","0","63.96","Disney's Hercules: Action Game"
"Ratchet & Clank: Into the Nexus","4238","Ratchet & Clank: Into the Nexus","525480","13260","1297","2","26","0","0","39.63","Ratchet & Clank: Into the Nexus"
"Marvelous: Mouhitotsu no Takarajima","4239","Marvelous: Mouhitotsu no Takarajima","525420","6180","2029","1","12","0","0","85.02","Marvelous: Mouhitotsu no Takarajima"
"Legacy of Kain: Blood Omen 2","4240","Legacy of Kain: Blood Omen 2","525300","30540","407","2","52","0","0","17.2","Legacy of Kain: Blood Omen 2"
"The Plan","4241","The Plan","525180","5880","8358","2","49","0","0","89.32","The Plan"
"Chocobo Racing","4242","Chocobo Racing","524220","15360","2049","3","44","0","0","34.13","Chocobo Racing"
"Red Orchestra: Rising Storm","4243","Red Orchestra: Rising Storm","524160","117360","630","9","552","0","0","4.47","Red Orchestra: Rising Storm"
"Sid Meier's Civilization IV: Beyond the Sword","4244","Sid Meier's Civilization IV: Beyond the Sword","524100","48180","462","3","72","0","0","10.88","Sid Meier's Civilization IV: Beyond the Sword"
"Ufouria: The Saga","4245","Ufouria: The Saga","523740","6780","5976","2","25","0","0","77.25","Ufouria: The Saga"
"The Crooked Man","4246","The Crooked Man","523680","34080","346","2","102","0","0","15.37","The Crooked Man"
"Happy Dungeons","4247","Happy Dungeons","523680","352200","50","10","1407","0","0","1.49","Happy Dungeons"
"Yoostar 2: In The Movies","4248","Yoostar 2: In The Movies","523560","480","3300","1","4","0","0","1090.75","Yoostar 2: In The Movies"
"Inner Voices","4249","Inner Voices","523560","11220","1190","2","56","0","0","46.66","Inner Voices"
"Catlateral Damage","4250","Catlateral Damage","523200","57720","1746","3","355","0","0","9.06","Catlateral Damage"
"Star Wars: Dark Forces","4251","Star Wars: Dark Forces","521280","70320","3085","4","189","0","0","7.41","Star Wars: Dark Forces"
"Audioshield","4252","Audioshield","521100","104280","765","3","341","0","0","5","Audioshield"
"Test Drive Unlimited 2","4253","Test Drive Unlimited 2","520560","79140","634","3","222","0","0","6.58","Test Drive Unlimited 2"
"Pool Nation","4254","Pool Nation","519780","25020","7636","3","129","0","0","20.77","Pool Nation"
"Ganbare Goemon 2: Kiteretsu Shogun Magginesu","4255","Ganbare Goemon 2: Kiteretsu Shogun Magginesu","519720","4200","2620","2","13","0","0","123.74","Ganbare Goemon 2: Kiteretsu Shogun Magginesu"
"Bear With Me","4256","Bear With Me","519540","54840","486","3","177","0","0","9.47","Bear With Me"
"WRC 7","4257","WRC 7","519480","49620","757","4","147","0","0","10.47","WRC 7"
"Mario Artist: Talent Studio","4258","Mario Artist: Talent Studio","519240","420","3131","1","1","0","0","1236.29","Mario Artist: Talent Studio"
"The Signal from Tölva","4259","The Signal from Tölva","518880","29820","609","6","131","0","0","17.4","The Signal from Tölva"
"Unreal Tournament 2004","4260","Unreal Tournament 2004","518460","136440","795","5","454","0","0","3.8","Unreal Tournament 2004"
"The Great Giana Sisters","4261","The Great Giana Sisters","517680","1860","16167","3","17","0","0","278.32","The Great Giana Sisters"
"Pocket Fighter","4262","Pocket Fighter","517500","8520","8260","2","38","0","0","60.74","Pocket Fighter"
"OFF","4263","OFF","517320","74880","296","3","238","0","0","6.91","OFF"
"Shadows of Adam","4264","Shadows of Adam","517200","31980","573","5","44","0","0","16.17","Shadows of Adam"
"Bermuda","4265","Bermuda","516960","8040","1872","3","34","0","0","64.3","Bermuda"
"Board Game Online","4266","Board Game Online","516840","74340","675","3","337","0","0","6.95","Board Game Online"
"Sportsball","4267","Sportsball","516720","3240","3523","1","13","0","0","159.48","Sportsball"
"Echo Arena","4268","Echo Arena","516660","217260","1319","14","254","0","0","2.38","Echo Arena"
"Claw","4269","Claw","516600","45060","3243","2","42","0","0","11.46","Claw"
"Monster Hunter Freedom","4270","Monster Hunter Freedom","515940","29400","338","3","51","0","0","17.55","Monster Hunter Freedom"
"Monkey Pirates","4271","Monkey Pirates","515340","300","2157","1","1","0","0","1717.8","Monkey Pirates"
"Hyper Knights","4272","Hyper Knights","514860","20160","795","5","107","0","0","25.54","Hyper Knights"
"Sonic & Sega All-Stars Racing","4273","Sonic & Sega All-Stars Racing","514380","18720","1565","3","85","0","0","27.48","Sonic & Sega All-Stars Racing"
"BlazBlue: Chrono Phantasma Extend","4274","BlazBlue: Chrono Phantasma Extend","514020","240780","111","5","968","0","0","2.13","BlazBlue: Chrono Phantasma Extend"
"Pixel Worlds","4275","Pixel Worlds","513480","54360","144","4","137","0","0","9.45","Pixel Worlds"
"Assassin's Creed: Freedom Cry","4276","Assassin's Creed: Freedom Cry","513360","105780","139","14","4712","0","0","4.85","Assassin's Creed: Freedom Cry"
"Sword Art Online: Lost Song","4277","Sword Art Online: Lost Song","512820","311280","170","7","1135","0","0","1.65","Sword Art Online: Lost Song"
"Mega Man Maverick Hunter X","4278","Mega Man Maverick Hunter X","512760","32820","1628","3","93","0","0","15.62","Mega Man Maverick Hunter X"
"Sonic Shuffle","4279","Sonic Shuffle","512460","11880","5331","1","39","0","0","43.14","Sonic Shuffle"
"Killer Queen","4280","Killer Queen","512160","43740","90","3","18","0","0","11.71","Killer Queen"
"Command & Conquer: Yuri's Revenge","4281","Command & Conquer: Yuri's Revenge","511500","140700","110","4","125","0","0","3.64","Command & Conquer: Yuri's Revenge"
"Bound","4282","Bound","510660","167460","538","20","1261","0","0","3.05","Bound"
"Bezier","4283","Bezier","510480","1200","4678","2","3","0","0","425.4","Bezier"
"Resident Evil: The Darkside Chronicles","4284","Resident Evil: The Darkside Chronicles","510420","19860","1398","2","55","0","0","25.7","Resident Evil: The Darkside Chronicles"
"BLADENET","4285","BLADENET","510300","2820","2194","4","16","0","0","180.96","BLADENET"
"Heretic","4286","Heretic","510000","54300","1502","5","145","0","0","9.39","Heretic"
"Lego Batman 3: Beyond Gotham","4287","Lego Batman 3: Beyond Gotham","509280","74340","1737","3","518","0","0","6.85","Lego Batman 3: Beyond Gotham"
"Fifa Online","4288","Fifa Online","509280","4620","1643","4","16","0","0","110.23","Fifa Online"
"Shin Megami Tensei: Synchronicity Prologue","4289","Shin Megami Tensei: Synchronicity Prologue","509280","36600","637","13","144","0","0","13.91","Shin Megami Tensei: Synchronicity Prologue"
"Ninja Gaiden 3: Razor's Edge","4290","Ninja Gaiden 3: Razor's Edge","508860","77460","103","3","60","0","0","6.57","Ninja Gaiden 3: Razor's Edge"
"Scott Pilgrim vs. The World: The Game","4291","Scott Pilgrim vs. The World: The Game","508800","20280","1452","2","107","0","0","25.09","Scott Pilgrim vs. The World: The Game"
"Sky Break","4292","Sky Break","508500","6600","1677","1","34","0","0","77.05","Sky Break"
"GemCraft Chapter Two: Chasing Shadows","4293","GemCraft Chapter Two: Chasing Shadows","508380","23580","535","2","66","0","0","21.56","GemCraft Chapter Two: Chasing Shadows"
"Risen 3: Titan Lords","4294","Risen 3: Titan Lords","508260","153900","337","4","276","0","0","3.3","Risen 3: Titan Lords"
"Poker Night 2","4295","Poker Night 2","508260","73380","887","3","441","0","0","6.93","Poker Night 2"
"Games of Glory","4296","Games of Glory","508080","123540","1056","12","568","0","0","4.11","Games of Glory"
"The Pinball Arcade","4297","The Pinball Arcade","507960","106800","199","5","151","0","0","4.76","The Pinball Arcade"
"Twin Saga","4298","Twin Saga","507420","144060","186","6","446","0","0","3.52","Twin Saga"
"Worms World Party","4299","Worms World Party","506640","15600","2116","3","78","0","0","32.48","Worms World Party"
"Serious Sam II","4300","Serious Sam II","506580","101040","523","4","458","0","0","5.01","Serious Sam II"