"","","Game","Watch time","Stream time","Peak viewers","Peak channels","Streamers","Average viewers","Average channels","Average viewer ratio",""
"Android Attack","4301","Android Attack","506580","600","1263","1","1","0","0","844.3","Android Attack"
"Badland","4302","Badland","506280","49380","3511","3","258","0","0","10.25","Badland"
"Digimon Heroes!","4303","Digimon Heroes!","505740","3120","2662","1","16","0","0","162.1","Digimon Heroes!"
"Marc Ecko's Getting Up: Contents Under Pressure","4304","Marc Ecko's Getting Up: Contents Under Pressure","505620","41940","3273","4","116","0","0","12.06","Marc Ecko's Getting Up: Contents Under Pressure"
"Ancient Domains of Mystery","4305","Ancient Domains of Mystery","505560","94260","3446","4","102","0","0","5.36","Ancient Domains of Mystery"
"Nancy Drew: Ghost of Thornton Hall","4306","Nancy Drew: Ghost of Thornton Hall","505560","13320","720","2","31","0","0","37.95","Nancy Drew: Ghost of Thornton Hall"
"Ground Zero: Texas","4307","Ground Zero: Texas","505500","1260","2200","1","5","0","0","401.19","Ground Zero: Texas"
"Shin Megami Tensei IV","4308","Shin Megami Tensei IV","505200","44760","664","3","40","0","0","11.29","Shin Megami Tensei IV"
"The Dark Eye: Chains of Satinav","4309","The Dark Eye: Chains of Satinav","504900","35400","436","2","69","0","0","14.26","The Dark Eye: Chains of Satinav"
"Onefog Xonix","4310","Onefog Xonix","504660","60","8411","1","0","0","0","8411","Onefog Xonix"
"Zombidle","4311","Zombidle","504540","35040","250","3","30","0","0","14.4","Zombidle"
"MXGP2 - The Official Motocross Videogame","4312","MXGP2 - The Official Motocross Videogame","504180","156180","1134","7","716","0","0","3.23","MXGP2 - The Official Motocross Videogame"
"Spycraft: The Great Game","4313","Spycraft: The Great Game","503760","1440","1980","1","5","0","0","349.83","Spycraft: The Great Game"
"Save Jesus","4314","Save Jesus","502980","26640","2715","2","170","0","0","18.88","Save Jesus"
"Automation","4315","Automation","502620","20280","190","2","85","0","0","24.78","Automation"
"Outcast: Second Contact","4316","Outcast: Second Contact","502560","12840","892","2","37","0","0","39.14","Outcast: Second Contact"
"Community Inc","4317","Community Inc","502380","20100","1248","4","116","0","0","24.99","Community Inc"
"The Settlers III","4318","The Settlers III","502380","95520","294","3","55","0","0","5.26","The Settlers III"
"Street Fighter Series","4319","Street Fighter Series","502200","2940","1597","1","10","0","0","170.82","Street Fighter Series"
"Jade Empire","4320","Jade Empire","501060","145440","94","5","251","0","0","3.45","Jade Empire"
"Crypto","4321","Crypto","500640","138120","364","6","5","0","0","3.62","Crypto"
"Scene It? Twilight","4322","Scene It? Twilight","500400","180","15835","1","2","0","0","2780","Scene It? Twilight"
"Persona 2: Innocent Sin","4323","Persona 2: Innocent Sin","500340","47640","195","2","88","0","0","10.5","Persona 2: Innocent Sin"
"Learn to Fly 3","4324","Learn to Fly 3","499980","41580","1942","4","287","0","0","12.02","Learn to Fly 3"
"Wii Karaoke U by JOYSOUND","4325","Wii Karaoke U by JOYSOUND","499920","26640","194","2","16","0","0","18.77","Wii Karaoke U by JOYSOUND"
"Criminal Girls 2: Party Favors","4326","Criminal Girls 2: Party Favors","499740","4620","352","1","9","0","0","108.17","Criminal Girls 2: Party Favors"
"The Painscreek Killings","4327","The Painscreek Killings","499380","11040","1454","3","13","0","0","45.23","The Painscreek Killings"
"Sky Rogue","4328","Sky Rogue","499020","17460","1261","3","82","0","0","28.58","Sky Rogue"
"Rick and Morty's Rushed Licensed Adventure","4329","Rick and Morty's Rushed Licensed Adventure","498780","8160","2870","3","20","0","0","61.13","Rick and Morty's Rushed Licensed Adventure"
"Spider-Man & Venom: Separation Anxiety","4330","Spider-Man & Venom: Separation Anxiety","498240","3360","7754","1","22","0","0","148.29","Spider-Man & Venom: Separation Anxiety"
"Hatoful Boyfriend: Holiday Star","4331","Hatoful Boyfriend: Holiday Star","498060","22920","1998","4","59","0","0","21.73","Hatoful Boyfriend: Holiday Star"
"Drakengard","4332","Drakengard","497220","73260","489","3","142","0","0","6.79","Drakengard"
"Earth Defense Force: Insect Armageddon","4333","Earth Defense Force: Insect Armageddon","497160","18420","1300","2","51","0","0","26.99","Earth Defense Force: Insect Armageddon"
"Tenchu: Wrath of Heaven","4334","Tenchu: Wrath of Heaven","496680","27660","1629","2","58","0","0","17.96","Tenchu: Wrath of Heaven"
"Persona 4 Arena","4335","Persona 4 Arena","496440","25020","767","3","62","0","0","19.84","Persona 4 Arena"
"Mighty Gunvolt","4336","Mighty Gunvolt","496320","11220","6667","6","53","0","0","44.24","Mighty Gunvolt"
"Euro Truck Simulator","4337","Euro Truck Simulator","495600","51540","1699","2","276","0","0","9.62","Euro Truck Simulator"
"Mount and Blade: With Fire & Sword","4338","Mount and Blade: With Fire & Sword","494760","104220","989","4","351","0","0","4.75","Mount and Blade: With Fire & Sword"
"Shantae","4339","Shantae","494640","40260","648","4","96","0","0","12.29","Shantae"
"Pokémon Ranger: Shadows of Almia","4340","Pokémon Ranger: Shadows of Almia","493740","19740","1384","2","35","0","0","25.01","Pokémon Ranger: Shadows of Almia"
"Megaton Rainfall","4341","Megaton Rainfall","493440","36180","1998","9","215","0","0","13.64","Megaton Rainfall"
"World of Fishing","4342","World of Fishing","493020","11400","1140","2","44","0","0","43.25","World of Fishing"
"Regions of Ruin","4343","Regions of Ruin","492180","15900","860","6","50","0","0","30.95","Regions of Ruin"
"Evil Zone","4344","Evil Zone","491580","3600","6290","1","17","0","0","136.55","Evil Zone"
"Ys I & II: Complete","4345","Ys I & II: Complete","491460","10800","1868","2","29","0","0","45.51","Ys I & II: Complete"
"John Romero's Daikatana","4346","John Romero's Daikatana","491340","7680","1548","2","13","0","0","63.98","John Romero's Daikatana"
"Tales of Monkey Island","4347","Tales of Monkey Island","491160","39540","295","3","56","0","0","12.42","Tales of Monkey Island"
"Fight Knight","4348","Fight Knight","490200","3660","2159","2","26","0","0","133.93","Fight Knight"
"Lester the Unlikely","4349","Lester the Unlikely","490140","6240","3335","5","27","0","0","78.55","Lester the Unlikely"
"Space Channel 5: Part 2","4350","Space Channel 5: Part 2","490140","39840","972","3","179","0","0","12.3","Space Channel 5: Part 2"
"Sword and Shield","4351","Sword and Shield","489780","2340","8340","1","3","0","0","209.31","Sword and Shield"
"Red Dead Redemption 2","4352","Red Dead Redemption 2","489180","4200","10144","13","28","0","0","116.47","Red Dead Redemption 2"
"LoveKami -Divinity Stage-","4353","LoveKami -Divinity Stage-","488880","6780","986","2","17","0","0","72.11","LoveKami -Divinity Stage-"
"Fairly OddParents: Breakin' Da Rules","4354","Fairly OddParents: Breakin' Da Rules","488880","18600","2526","2","36","0","0","26.28","Fairly OddParents: Breakin' Da Rules"
"Around the World in 80 Days","4355","Around the World in 80 Days","488760","540","3386","1","3","0","0","905.11","Around the World in 80 Days"
"Backyard Baseball","4356","Backyard Baseball","488640","34440","1200","3","58","0","0","14.19","Backyard Baseball"
"Blue Blood Lagoon","4357","Blue Blood Lagoon","488460","25920","99","5","9","0","0","18.84","Blue Blood Lagoon"
"Sphinx and the Cursed Mummy","4358","Sphinx and the Cursed Mummy","488280","31800","968","3","61","0","0","15.35","Sphinx and the Cursed Mummy"
"Akiba's Beat","4359","Akiba's Beat","487860","157140","275","12","302","0","0","3.1","Akiba's Beat"
"Holy Diver","4360","Holy Diver","487740","19440","810","5","28","0","0","25.09","Holy Diver"
"Tony Hawk's Pro Skater HD","4361","Tony Hawk's Pro Skater HD","487380","82320","460","5","475","0","0","5.92","Tony Hawk's Pro Skater HD"
"Killzone: Shadow Fall","4362","Killzone: Shadow Fall","486960","342420","193","8","1484","0","0","1.42","Killzone: Shadow Fall"
"Transformers: War For Cybertron","4363","Transformers: War For Cybertron","486660","75300","480","6","216","0","0","6.46","Transformers: War For Cybertron"
"Empire Earth","4364","Empire Earth","486540","29880","3341","4","88","0","0","16.28","Empire Earth"
"Land of the Dead: Road to Fiddler's Green","4365","Land of the Dead: Road to Fiddler's Green","486300","8820","2125","2","30","0","0","55.14","Land of the Dead: Road to Fiddler's Green"
"Fight Night","4366","Fight Night","486240","2100","2355","2","13","0","0","231.54","Fight Night"
"Zoo Tycoon: Ultimate Animal Collection","4367","Zoo Tycoon: Ultimate Animal Collection","486000","21300","642","5","78","0","0","22.82","Zoo Tycoon: Ultimate Animal Collection"
"Wonder Boy in Monster Land","4368","Wonder Boy in Monster Land","485820","32940","1011","4","45","0","0","14.75","Wonder Boy in Monster Land"
"The Operative: No One Lives Forever","4369","The Operative: No One Lives Forever","485760","33960","245","2","49","0","0","14.3","The Operative: No One Lives Forever"
"Memoria","4370","Memoria","484560","44760","387","3","90","0","0","10.83","Memoria"
"Rage of Mages II: Necromancer","4371","Rage of Mages II: Necromancer","484560","6240","2060","1","9","0","0","77.65","Rage of Mages II: Necromancer"
"Offensive Combat: Redux!","4372","Offensive Combat: Redux!","484320","34920","1319","7","202","0","0","13.87","Offensive Combat: Redux!"
"Apollo Justice: Ace Attorney","4373","Apollo Justice: Ace Attorney","484140","66600","301","3","77","0","0","7.27","Apollo Justice: Ace Attorney"
"Marvel Ultimate Alliance 2","4374","Marvel Ultimate Alliance 2","483240","98400","487","6","340","0","0","4.91","Marvel Ultimate Alliance 2"
"Downfall","4375","Downfall","483240","47160","687","3","122","0","0","10.25","Downfall"
"Lacuna Passage","4376","Lacuna Passage","483000","14280","907","8","99","0","0","33.82","Lacuna Passage"
"Xuanyuan Jian 3 Waizhuan: Tian zhi Hen","4377","Xuanyuan Jian 3 Waizhuan: Tian zhi Hen","482640","6900","227","1","6","0","0","69.95","Xuanyuan Jian 3 Waizhuan: Tian zhi Hen"
"Computer Space","4378","Computer Space","482340","110700","76","3","22","0","0","4.36","Computer Space"
"Fate/Unlimited Codes","4379","Fate/Unlimited Codes","481680","7860","3770","2","28","0","0","61.28","Fate/Unlimited Codes"
"Underrail","4380","Underrail","481680","96420","159","4","91","0","0","5","Underrail"
"World in Conflict","4381","World in Conflict","481620","34920","6380","5","59","0","0","13.79","World in Conflict"
"Kid Kool","4382","Kid Kool","481620","8580","212","2","7","0","0","56.13","Kid Kool"
"Teenage Mutant Ninja Turtles","4383","Teenage Mutant Ninja Turtles","481560","59760","1358","3","209","0","0","8.06","Teenage Mutant Ninja Turtles"
"Neighbors from Hell 2: On Vacation","4384","Neighbors from Hell 2: On Vacation","481380","5100","2463","2","26","0","0","94.39","Neighbors from Hell 2: On Vacation"
"Shin Megami Tensei: Persona 3","4385","Shin Megami Tensei: Persona 3","480600","89220","153","3","146","0","0","5.39","Shin Megami Tensei: Persona 3"
"Psi-Ops: The Mindgate Conspiracy","4386","Psi-Ops: The Mindgate Conspiracy","480120","7260","7339","2","28","0","0","66.13","Psi-Ops: The Mindgate Conspiracy"
"Quiz Show","4387","Quiz Show","479220","13380","847","2","27","0","0","35.82","Quiz Show"
"Kingdom","4388","Kingdom","478860","116220","212","20","241","0","0","4.12","Kingdom"
"Phantasy Star","4389","Phantasy Star","478560","47160","322","3","65","0","0","10.15","Phantasy Star"
"Stalker Online","4390","Stalker Online","478320","117780","395","4","128","0","0","4.06","Stalker Online"
"Black Mirror 3: The Final Fear","4391","Black Mirror 3: The Final Fear","478260","19800","362","3","24","0","0","24.15","Black Mirror 3: The Final Fear"
"Cloudlands: VR Minigolf","4392","Cloudlands: VR Minigolf","477960","4440","3438","1","28","0","0","107.65","Cloudlands: VR Minigolf"
"Slender Man's Shadow","4393","Slender Man's Shadow","477780","4620","4055","1","40","0","0","103.42","Slender Man's Shadow"
"Law & Order Legacies","4394","Law & Order Legacies","477540","6000","759","1","14","0","0","79.59","Law & Order Legacies"
"Albion","4395","Albion","477480","53700","1122","4","197","0","0","8.89","Albion"
"Heroes of Might and Magic II: The Price of Loyalty","4396","Heroes of Might and Magic II: The Price of Loyalty","476940","26400","779","2","50","0","0","18.07","Heroes of Might and Magic II: The Price of Loyalty"
"McDonald's Treasure Land Adventure","4397","McDonald's Treasure Land Adventure","475920","36240","1853","4","45","0","0","13.13","McDonald's Treasure Land Adventure"
"G-Force","4398","G-Force","475800","7980","914","1","23","0","0","59.62","G-Force"
"BitStream","4399","BitStream","475200","960","7911","1","7","0","0","495","BitStream"
"Blacklight Retribution","4400","Blacklight Retribution","475140","162780","185","4","5089","0","0","2.92","Blacklight Retribution"