"","","Game","Watch time","Stream time","Peak viewers","Peak channels","Streamers","Average viewers","Average channels","Average viewer ratio",""
"Renowned Explorers: International Society","3501","Renowned Explorers: International Society","845700","91320","902","6","254","1","0","9.26","Renowned Explorers: International Society"
"Art of Fighting","3502","Art of Fighting","845580","6180","7395","1","23","1","0","136.83","Art of Fighting"
"The Deed","3503","The Deed","845160","8280","2396","2","49","1","0","102.07","The Deed"
"Tower 57","3504","Tower 57","844200","23160","1727","6","117","1","0","36.45","Tower 57"
"Nobunaga's Ambition","3505","Nobunaga's Ambition","843960","10200","876","2","15","1","0","82.74","Nobunaga's Ambition"
"Worm","3506","Worm","843540","2040","17299","1","5","1","0","413.5","Worm"
"Captain Toad: Treasure Tracker","3507","Captain Toad: Treasure Tracker","843540","86880","638","3","229","1","0","9.71","Captain Toad: Treasure Tracker"
"Fortress Forever","3508","Fortress Forever","843120","6060","1913","1","18","1","0","139.13","Fortress Forever"
"Escape","3509","Escape","843060","28440","32140","2","121","1","0","29.64","Escape"
"Driver: San Francisco","3510","Driver: San Francisco","842220","37920","3269","3","139","1","0","22.21","Driver: San Francisco"
"Wii Sports","3511","Wii Sports","842040","35460","2384","3","133","1","0","23.75","Wii Sports"
"Ace Attorney Investigations: Miles Edgeworth","3512","Ace Attorney Investigations: Miles Edgeworth","841860","74220","199","3","66","1","0","11.34","Ace Attorney Investigations: Miles Edgeworth"
"WWE SmackDown! Here Comes the Pain","3513","WWE SmackDown! Here Comes the Pain","841740","39420","1441","2","87","1","0","21.35","WWE SmackDown! Here Comes the Pain"
"Bad Rats: the Rats' Revenge","3514","Bad Rats: the Rats' Revenge","841440","48420","1036","5","235","1","0","17.38","Bad Rats: the Rats' Revenge"
"Boogerman: A Pick and Flick Adventure","3515","Boogerman: A Pick and Flick Adventure","841320","15420","1637","2","46","1","0","54.56","Boogerman: A Pick and Flick Adventure"
"Tetris DX","3516","Tetris DX","840840","19140","4728","2","51","1","0","43.93","Tetris DX"
"Omen of Sorrow","3517","Omen of Sorrow","839820","1080","7295","2","1","1","0","777.61","Omen of Sorrow"
"Animation Throwdown: The Quest for Cards","3518","Animation Throwdown: The Quest for Cards","838800","127440","878","7","362","1","0","6.58","Animation Throwdown: The Quest for Cards"
"Fatal Frame III: The Tormented","3519","Fatal Frame III: The Tormented","838680","86460","264","3","132","1","0","9.7","Fatal Frame III: The Tormented"
"Black Bass","3520","Black Bass","838380","240","7842","1","2","1","0","3493.25","Black Bass"
"M.U.S.H.A.","3521","M.U.S.H.A.","837300","3300","5067","1","14","1","0","253.73","M.U.S.H.A."
"JoJo's Bizarre Adventure: Eyes of Heaven","3522","JoJo's Bizarre Adventure: Eyes of Heaven","837240","237780","847","6","1125","1","0","3.52","JoJo's Bizarre Adventure: Eyes of Heaven"
"Wii Sports Resort","3523","Wii Sports Resort","837060","24900","2764","2","96","1","0","33.62","Wii Sports Resort"
"Song of Memories","3524","Song of Memories","837000","6840","763","2","11","1","0","122.37","Song of Memories"
"Where's My Mommy?","3525","Where's My Mommy?","836820","1680","14015","1","12","1","0","498.11","Where's My Mommy?"
"Stupid Invaders","3526","Stupid Invaders","836700","4560","1623","1","11","1","0","183.49","Stupid Invaders"
"Hearthlands","3527","Hearthlands","836700","28380","5138","4","77","1","0","29.48","Hearthlands"
"Five Nights at Freddy's 2","3528","Five Nights at Freddy's 2","835920","121740","1017","6","665","1","0","6.87","Five Nights at Freddy's 2"
"Share","3529","Share","834900","4800","2736","2","22","1","0","173.94","Share"
"Super Mario Run","3530","Super Mario Run","834840","70200","2994","6","364","1","0","11.89","Super Mario Run"
"Kamen Rider: Climax Fighters","3531","Kamen Rider: Climax Fighters","834600","10920","6263","3","2","1","0","76.43","Kamen Rider: Climax Fighters"
"Rugrats: Search for Reptar","3532","Rugrats: Search for Reptar","833700","39780","522","3","58","1","0","20.96","Rugrats: Search for Reptar"
"Mighty Morphin Power Rangers: The Fighting Edition","3533","Mighty Morphin Power Rangers: The Fighting Edition","833400","8340","6578","2","44","1","0","99.93","Mighty Morphin Power Rangers: The Fighting Edition"
"One Night Stand","3534","One Night Stand","833100","15120","1917","2","81","1","0","55.1","One Night Stand"
"Siren: Blood Curse","3535","Siren: Blood Curse","832920","20280","558","2","51","1","0","41.07","Siren: Blood Curse"
"Backgammon","3536","Backgammon","831720","27480","658","3","45","1","0","30.27","Backgammon"
"Total War: Shogun 2: Fall of the Samurai","3537","Total War: Shogun 2: Fall of the Samurai","831420","65820","742","3","159","1","0","12.63","Total War: Shogun 2: Fall of the Samurai"
"Raiden","3538","Raiden","831420","4560","6110","1","23","1","0","182.33","Raiden"
"Adventure Island III","3539","Adventure Island III","830580","7800","1498","2","25","1","0","106.48","Adventure Island III"
"Medivia Online","3540","Medivia Online","829500","83880","1445","4","134","1","0","9.89","Medivia Online"
"Fahrenheit","3541","Fahrenheit","829200","48420","1678","3","266","1","0","17.13","Fahrenheit"
"Software Inc","3542","Software Inc","828540","110100","421","4","328","1","0","7.53","Software Inc"
"The Joy of Creation","3543","The Joy of Creation","827520","64500","900","7","364","1","0","12.83","The Joy of Creation"
"ClayFighter: Sculptor's Cut","3544","ClayFighter: Sculptor's Cut","826920","2520","6057","1","14","1","0","328.14","ClayFighter: Sculptor's Cut"
"Hentai","3545","Hentai","825180","6780","12596","2","19","1","0","121.71","Hentai"
"Disgaea 2: Cursed Memories","3546","Disgaea 2: Cursed Memories","822240","151260","264","12","262","1","0","5.44","Disgaea 2: Cursed Memories"
"StarCrawlers","3547","StarCrawlers","822060","56520","3399","5","84","1","0","14.54","StarCrawlers"
"Senran Kagura Shinovi Versus","3548","Senran Kagura Shinovi Versus","822000","96660","6262","6","264","1","0","8.5","Senran Kagura Shinovi Versus"
"Crash Tag Team Racing","3549","Crash Tag Team Racing","821220","35280","6274","2","122","1","0","23.28","Crash Tag Team Racing"
"TowerClimb","3550","TowerClimb","821160","133200","347","7","89","1","0","6.16","TowerClimb"
"Superflight","3551","Superflight","820380","43560","23456","5","193","1","0","18.83","Superflight"
"Loons: The Fight for Fame","3552","Loons: The Fight for Fame","820020","120","6924","1","1","1","0","6833.5","Loons: The Fight for Fame"
"Arcania: Gothic 4","3553","Arcania: Gothic 4","819540","37920","1127","2","97","1","0","21.61","Arcania: Gothic 4"
"2Dark","3554","2Dark","819240","69420","493","4","256","1","0","11.8","2Dark"
"Psycho Fox","3555","Psycho Fox","816360","4020","7034","4","13","1","0","203.07","Psycho Fox"
"Pillars of Eternity II: Deadfire","3556","Pillars of Eternity II: Deadfire","816120","8520","1869","4","23","1","0","95.79","Pillars of Eternity II: Deadfire"
"Shin Megami Tensei: Digital Devil Saga 2","3557","Shin Megami Tensei: Digital Devil Saga 2","815820","47040","654","2","28","1","0","17.34","Shin Megami Tensei: Digital Devil Saga 2"
"Deep Fear","3558","Deep Fear","814620","5880","2217","2","22","1","0","138.54","Deep Fear"
"Counter-Strike: Condition Zero","3559","Counter-Strike: Condition Zero","814440","191280","3415","4","915","1","0","4.26","Counter-Strike: Condition Zero"
"Ether One","3560","Ether One","813360","49260","2329","3","178","1","0","16.51","Ether One"
"Ghosts 'N Goblins","3561","Ghosts 'N Goblins","813300","42780","2771","2","136","1","0","19.01","Ghosts 'N Goblins"
"Black & White 2","3562","Black & White 2","812640","55380","1157","3","131","1","0","14.67","Black & White 2"
"Digimon World: Dusk/Dawn","3563","Digimon World: Dusk/Dawn","812460","36420","680","3","62","1","0","22.31","Digimon World: Dusk/Dawn"
"Pro Gamer Manager","3564","Pro Gamer Manager","812100","13260","3693","2","59","1","0","61.24","Pro Gamer Manager"
"Yo-Kai Watch 2","3565","Yo-Kai Watch 2","811800","42480","1357","4","55","1","0","19.11","Yo-Kai Watch 2"
"Fairy Fencer F: Advent Dark Force","3566","Fairy Fencer F: Advent Dark Force","811680","221340","2339","7","654","1","0","3.67","Fairy Fencer F: Advent Dark Force"
"Sports Bar VR","3567","Sports Bar VR","810720","8700","2199","2","53","1","0","93.19","Sports Bar VR"
"Metal Slug X: Super Vehicle - 001","3568","Metal Slug X: Super Vehicle - 001","808800","60060","3884","3","297","1","0","13.47","Metal Slug X: Super Vehicle - 001"
"CHKN","3569","CHKN","808500","18960","1401","3","68","1","0","42.64","CHKN"
"Detroit","3570","Detroit","808260","540","6877","1","3","1","0","1496.78","Detroit"
"Afterpulse","3571","Afterpulse","807240","6180","338","1","6","1","0","130.62","Afterpulse"
"Pump It Up Prime","3572","Pump It Up Prime","806880","260280","272","4","45","1","0","3.1","Pump It Up Prime"
"Offensive Combat","3573","Offensive Combat","806100","6420","6619","2","26","1","0","125.56","Offensive Combat"
"SAW II: Flesh & Blood","3574","SAW II: Flesh & Blood","805920","16020","2584","2","21","1","0","50.31","SAW II: Flesh & Blood"
"Rake","3575","Rake","805260","38280","3415","3","263","1","0","21.04","Rake"
"Hyperdevotion Noire: Goddess Black Heart","3576","Hyperdevotion Noire: Goddess Black Heart","805080","44520","1592","2","78","1","0","18.08","Hyperdevotion Noire: Goddess Black Heart"
"Pinball FX3","3577","Pinball FX3","804480","138900","3026","9","417","1","0","5.79","Pinball FX3"
"Sportsfriends","3578","Sportsfriends","804120","8100","4650","2","59","1","0","99.27","Sportsfriends"
"Please, Don't Touch Anything 3D","3579","Please, Don't Touch Anything 3D","803520","13800","3846","2","73","1","0","58.23","Please, Don't Touch Anything 3D"
"BIT.TRIP Presents: Runner2: Future Legend of Rhythm Alien","3580","BIT.TRIP Presents: Runner2: Future Legend of Rhythm Alien","803220","57540","1288","2","220","1","0","13.96","BIT.TRIP Presents: Runner2: Future Legend of Rhythm Alien"
"Vaporum","3581","Vaporum","803160","40620","519","4","61","1","0","19.77","Vaporum"
"Def Jam: Fight for NY","3582","Def Jam: Fight for NY","802920","65880","908","2","250","1","0","12.19","Def Jam: Fight for NY"
"World to the West","3583","World to the West","800820","52980","4375","6","174","1","0","15.12","World to the West"
"Syphon Filter","3584","Syphon Filter","799680","40320","710","3","91","1","0","19.83","Syphon Filter"
"Hyperdimension Neptunia Re;Birth 3: V Century","3585","Hyperdimension Neptunia Re;Birth 3: V Century","799560","190440","160","4","210","1","0","4.2","Hyperdimension Neptunia Re;Birth 3: V Century"
"Kid Chameleon","3586","Kid Chameleon","799260","54420","247","8","101","1","0","14.69","Kid Chameleon"
"Spelunker","3587","Spelunker","798780","11940","7034","2","53","1","0","66.9","Spelunker"
"Tom Clancy's Splinter Cell: Conviction","3588","Tom Clancy's Splinter Cell: Conviction","797460","108420","1755","4","335","1","0","7.36","Tom Clancy's Splinter Cell: Conviction"
"Rocketbirds 2: Evolution","3589","Rocketbirds 2: Evolution","797340","21960","1258","5","77","1","0","36.31","Rocketbirds 2: Evolution"
"Potatoman Seeks The Troof","3590","Potatoman Seeks The Troof","796740","13500","4361","2","75","1","0","59.02","Potatoman Seeks The Troof"
"Labyrinth","3591","Labyrinth","795600","11880","2117","2","29","1","0","66.97","Labyrinth"
"Crash Twinsanity","3592","Crash Twinsanity","795240","74820","164","3","188","1","0","10.63","Crash Twinsanity"
"Freelancer","3593","Freelancer","795120","96660","274","3","177","1","0","8.23","Freelancer"
"Dragon Quest Heroes: Rocket Slime","3594","Dragon Quest Heroes: Rocket Slime","793920","11580","1344","2","28","1","0","68.56","Dragon Quest Heroes: Rocket Slime"
"Christmas Carnage","3595","Christmas Carnage","792960","1260","7669","2","1","1","0","629.33","Christmas Carnage"
"Nightmares From The Deep: The Cursed Heart","3596","Nightmares From The Deep: The Cursed Heart","791820","28740","1882","2","83","1","0","27.55","Nightmares From The Deep: The Cursed Heart"
"Marvel Ultimate Alliance","3597","Marvel Ultimate Alliance","790740","157740","1257","7","479","1","0","5.01","Marvel Ultimate Alliance"
"Latale","3598","Latale","789780","189840","972","7","176","1","0","4.16","Latale"
"Star Conflict","3599","Star Conflict","789720","203280","1234","5","527","1","0","3.88","Star Conflict"
"Invisible, Inc.","3600","Invisible, Inc.","789120","153780","131","5","411","1","0","5.13","Invisible, Inc."