"","","Game","Watch time","Stream time","Peak viewers","Peak channels","Streamers","Average viewers","Average channels","Average viewer ratio",""
"The Settlers","12601","The Settlers","16380","5460","15","1","16","0","0","3","The Settlers"
"Jill of the Jungle","12602","Jill of the Jungle","16380","2820","106","1","12","0","0","5.81","Jill of the Jungle"
"Geo-Political Simulator","12603","Geo-Political Simulator","16380","6960","29","1","10","0","0","2.35","Geo-Political Simulator"
"English Training: Have Fun Improving Your Skills","12604","English Training: Have Fun Improving Your Skills","16380","4020","15","1","6","0","0","4.07","English Training: Have Fun Improving Your Skills"
"The Hunt","12605","The Hunt","16380","3480","64","1","11","0","0","4.71","The Hunt"
"Merge Dragons","12606","Merge Dragons","16380","420","135","1","2","0","0","39","Merge Dragons"
"Flipping Death","12607","Flipping Death","16320","180","170","1","2","0","0","90.67","Flipping Death"
"5 Minutes Rage","12608","5 Minutes Rage","16320","1620","51","2","8","0","0","10.07","5 Minutes Rage"
"Trials of Azra","12609","Trials of Azra","16320","1920","54","1","6","0","0","8.5","Trials of Azra"
"Port of Call","12610","Port of Call","16320","6300","34","1","26","0","0","2.59","Port of Call"
"Slayin","12611","Slayin","16320","6060","21","1","3","0","0","2.69","Slayin"
"Christmas Wonderland","12612","Christmas Wonderland","16320","2820","32","3","2","0","0","5.79","Christmas Wonderland"
"I Wanna Take the Time Machine","12613","I Wanna Take the Time Machine","16320","3900","87","2","9","0","0","4.18","I Wanna Take the Time Machine"
"Batsugun","12614","Batsugun","16320","3720","33","2","12","0","0","4.39","Batsugun"
"Super Robot Wars 2","12615","Super Robot Wars 2","16320","2640","56","1","2","0","0","6.18","Super Robot Wars 2"
"Tetris Battle Gaiden","12616","Tetris Battle Gaiden","16320","4020","58","1","14","0","0","4.06","Tetris Battle Gaiden"
"Combat Mission: Fortress Italy","12617","Combat Mission: Fortress Italy","16260","960","93","1","3","0","0","16.94","Combat Mission: Fortress Italy"
"Pirates of the Caribbean: At World's End","12618","Pirates of the Caribbean: At World's End","16260","4380","27","2","26","0","0","3.71","Pirates of the Caribbean: At World's End"
"Interstate '76","12619","Interstate '76","16260","2760","28","1","8","0","0","5.89","Interstate '76"
"Donkey","12620","Donkey","16260","4560","100","1","8","0","0","3.57","Donkey"
"Building & Co","12621","Building & Co","16260","5940","31","2","15","0","0","2.74","Building & Co"
"Cosmo's Cosmic Adventure: Forbidden Planet","12622","Cosmo's Cosmic Adventure: Forbidden Planet","16260","3600","34","1","15","0","0","4.52","Cosmo's Cosmic Adventure: Forbidden Planet"
"International Superstar Soccer Deluxe","12623","International Superstar Soccer Deluxe","16260","2760","81","2","24","0","0","5.89","International Superstar Soccer Deluxe"
"de Blob 2","12624","de Blob 2","16260","12540","19","2","46","0","0","1.3","de Blob 2"
"Freddi Fish and Luther's Water Worries","12625","Freddi Fish and Luther's Water Worries","16260","3060","163","1","6","0","0","5.31","Freddi Fish and Luther's Water Worries"
"Time Machine VR","12626","Time Machine VR","16260","9600","62","2","47","0","0","1.69","Time Machine VR"
"Escape the Game","12627","Escape the Game","16260","6180","19","1","39","0","0","2.63","Escape the Game"
"Waking the Glares - Chapter I and II","12628","Waking the Glares - Chapter I and II","16260","1500","102","2","9","0","0","10.84","Waking the Glares - Chapter I and II"
"Hoyle Casino","12629","Hoyle Casino","16260","60","289","1","1","0","0","271","Hoyle Casino"
"The Great Battle III","12630","The Great Battle III","16260","240","140","1","2","0","0","67.75","The Great Battle III"
"Elite Darts","12631","Elite Darts","16260","180","280","1","2","0","0","90.33","Elite Darts"
"Levels: Addictive Puzzle Game","12632","Levels: Addictive Puzzle Game","16260","1020","136","1","5","0","0","15.94","Levels: Addictive Puzzle Game"
"Wild Wolf","12633","Wild Wolf","16260","120","270","1","0","0","0","135.5","Wild Wolf"
"Millennium: Return to Earth","12634","Millennium: Return to Earth","16200","1260","62","1","2","0","0","12.86","Millennium: Return to Earth"
"Pochi and Nyaa","12635","Pochi and Nyaa","16200","120","179","1","1","0","0","135","Pochi and Nyaa"
"Krush Kill 'n' Destroy Xtreme","12636","Krush Kill 'n' Destroy Xtreme","16200","1080","105","1","3","0","0","15","Krush Kill 'n' Destroy Xtreme"
"Supreme Ruler: Cold War","12637","Supreme Ruler: Cold War","16200","1080","28","1","2","0","0","15","Supreme Ruler: Cold War"
"The Settlers II: Veni, Vidi, Vici","12638","The Settlers II: Veni, Vidi, Vici","16200","4920","26","2","8","0","0","3.29","The Settlers II: Veni, Vidi, Vici"
"Table Soccer","12639","Table Soccer","16200","3600","25","2","5","0","0","4.5","Table Soccer"
"Rain","12640","Rain","16200","5880","17","1","23","0","0","2.76","Rain"
"Scarlet Blade","12641","Scarlet Blade","16200","7200","29","1","14","0","0","2.25","Scarlet Blade"
"Chiller","12642","Chiller","16140","8280","13","2","33","0","0","1.95","Chiller"
"Lethal Enforcers","12643","Lethal Enforcers","16140","2340","153","1","9","0","0","6.9","Lethal Enforcers"
"Seven Kingdoms II: The Fryhtan Wars","12644","Seven Kingdoms II: The Fryhtan Wars","16140","1140","76","1","4","0","0","14.16","Seven Kingdoms II: The Fryhtan Wars"
"Ultratron","12645","Ultratron","16140","18660","15","2","80","0","0","0.86","Ultratron"
"Velocity 2X","12646","Velocity 2X","16140","4920","38","1","40","0","0","3.28","Velocity 2X"
"Attack of the Killer Tomatoes","12647","Attack of the Killer Tomatoes","16140","1200","182","1","4","0","0","13.45","Attack of the Killer Tomatoes"
"Metal Gear Solid Mobile","12648","Metal Gear Solid Mobile","16140","840","55","1","2","0","0","19.21","Metal Gear Solid Mobile"
"Wallace & Gromit in Project Zoo","12649","Wallace & Gromit in Project Zoo","16140","3360","37","2","12","0","0","4.8","Wallace & Gromit in Project Zoo"
"Battlefield Vietnam","12650","Battlefield Vietnam","16140","16080","87","2","49","0","0","1","Battlefield Vietnam"
"The Grim Adventures of Billy & Mandy","12651","The Grim Adventures of Billy & Mandy","16140","2940","141","2","14","0","0","5.49","The Grim Adventures of Billy & Mandy"
"Mr. Driller","12652","Mr. Driller","16140","3300","32","2","15","0","0","4.89","Mr. Driller"
"Learn Japanese to Survive! Katakana War","12653","Learn Japanese to Survive! Katakana War","16140","5880","13","2","21","0","0","2.74","Learn Japanese to Survive! Katakana War"
"Creepy Castle","12654","Creepy Castle","16140","8940","14","1","11","0","0","1.81","Creepy Castle"
"Yeah Jam Fury: U, Me, Everybody!","12655","Yeah Jam Fury: U, Me, Everybody!","16140","1380","55","2","0","0","0","11.7","Yeah Jam Fury: U, Me, Everybody!"
"Think to Die","12656","Think to Die","16140","1560","47","1","15","0","0","10.35","Think to Die"
"Visions of Zosimos","12657","Visions of Zosimos","16080","3240","16","2","2","0","0","4.96","Visions of Zosimos"
"Fairy Tale Mysteries: The Puppet Thief","12658","Fairy Tale Mysteries: The Puppet Thief","16080","540","63","1","1","0","0","29.78","Fairy Tale Mysteries: The Puppet Thief"
"Industry Giant II","12659","Industry Giant II","16080","11880","16","1","31","0","0","1.35","Industry Giant II"
"Ace Ventura","12660","Ace Ventura","16080","2940","36","1","8","0","0","5.47","Ace Ventura"
"Kamen Rider Battride War","12661","Kamen Rider Battride War","16080","5280","20","1","13","0","0","3.05","Kamen Rider Battride War"
"Kazook","12662","Kazook","16080","1740","17","1","2","0","0","9.24","Kazook"
"Ganpuru: Gunman's Proof","12663","Ganpuru: Gunman's Proof","16080","4500","18","2","16","0","0","3.57","Ganpuru: Gunman's Proof"
"Madden NFL 11","12664","Madden NFL 11","16080","960","236","1","5","0","0","16.75","Madden NFL 11"
"Battle Stadium D.O.N","12665","Battle Stadium D.O.N","16080","9360","24","2","25","0","0","1.72","Battle Stadium D.O.N"
"Mighty Switch Force! 2","12666","Mighty Switch Force! 2","16020","4740","79","2","9","0","0","3.38","Mighty Switch Force! 2"
"Pressure","12667","Pressure","16020","6960","15","1","36","0","0","2.3","Pressure"
"Family Guy","12668","Family Guy","16020","10980","10","1","45","0","0","1.46","Family Guy"
"Darius Twin","12669","Darius Twin","16020","5040","90","1","24","0","0","3.18","Darius Twin"
"In the Hunt","12670","In the Hunt","16020","480","127","1","5","0","0","33.38","In the Hunt"
"Magic: The Gathering - Duels of the Planeswalkers 2013","12671","Magic: The Gathering - Duels of the Planeswalkers 2013","16020","10800","18","2","32","0","0","1.48","Magic: The Gathering - Duels of the Planeswalkers 2013"
"Arena: Cyber Evolution","12672","Arena: Cyber Evolution","16020","1920","18","1","3","0","0","8.34","Arena: Cyber Evolution"
"Top Eleven","12673","Top Eleven","16020","8580","15","1","18","0","0","1.87","Top Eleven"
"AirMech Arena","12674","AirMech Arena","16020","25020","43","2","135","0","0","0.64","AirMech Arena"
"Dead Maze","12675","Dead Maze","16020","4380","48","2","0","0","0","3.66","Dead Maze"
"Backyard Baseball 2007","12676","Backyard Baseball 2007","16020","60","299","1","1","0","0","267","Backyard Baseball 2007"
"Evil Turtlebot","12677","Evil Turtlebot","16020","11580","5","1","3","0","0","1.38","Evil Turtlebot"
"Straimium Immortaly","12678","Straimium Immortaly","15960","8220","66","1","19","0","0","1.94","Straimium Immortaly"
"Sword Master VR","12679","Sword Master VR","15960","1200","230","1","6","0","0","13.3","Sword Master VR"
"NCAA Football 2003","12680","NCAA Football 2003","15960","1140","42","2","0","0","0","14","NCAA Football 2003"
"Get To The Orange Door","12681","Get To The Orange Door","15960","1320","233","1","7","0","0","12.09","Get To The Orange Door"
"Blinx 2: Masters of Time and Space","12682","Blinx 2: Masters of Time and Space","15960","3480","48","1","5","0","0","4.59","Blinx 2: Masters of Time and Space"
"Might and Magic: Clouds of Xeen","12683","Might and Magic: Clouds of Xeen","15960","4680","16","1","5","0","0","3.41","Might and Magic: Clouds of Xeen"
"Tentacles","12684","Tentacles","15960","3540","36","1","13","0","0","4.51","Tentacles"
"Samurai Shodown Anthology","12685","Samurai Shodown Anthology","15960","600","65","1","3","0","0","26.6","Samurai Shodown Anthology"
"Dynasty Warriors: Gundam 3","12686","Dynasty Warriors: Gundam 3","15960","4740","30","1","16","0","0","3.37","Dynasty Warriors: Gundam 3"
"Prehistorik","12687","Prehistorik","15960","540","148","1","3","0","0","29.56","Prehistorik"
"Family Feud 2012 Edition","12688","Family Feud 2012 Edition","15900","360","178","2","4","0","0","44.17","Family Feud 2012 Edition"
"The Lucky Dime Caper starring Donald Duck","12689","The Lucky Dime Caper starring Donald Duck","15900","1680","43","1","9","0","0","9.46","The Lucky Dime Caper starring Donald Duck"
"Zafehouse: Diaries","12690","Zafehouse: Diaries","15900","2280","27","1","15","0","0","6.97","Zafehouse: Diaries"
"Future Cop LAPD","12691","Future Cop LAPD","15900","8100","24","1","34","0","0","1.96","Future Cop LAPD"
"TimeSplitters","12692","TimeSplitters","15900","7260","31","2","35","0","0","2.19","TimeSplitters"
"Star Command: Galaxies","12693","Star Command: Galaxies","15900","3300","30","1","11","0","0","4.82","Star Command: Galaxies"
"Concrete Jungle","12694","Concrete Jungle","15900","3420","51","1","19","0","0","4.65","Concrete Jungle"
"Nova Blitz","12695","Nova Blitz","15900","5280","17","2","14","0","0","3.01","Nova Blitz"
"Hotshot","12696","Hotshot","15900","1500","121","1","9","0","0","10.6","Hotshot"
"Press Your Luck 2010","12697","Press Your Luck 2010","15900","960","120","1","3","0","0","16.56","Press Your Luck 2010"
"Ken's Labyrinth","12698","Ken's Labyrinth","15900","3240","65","5","22","0","0","4.91","Ken's Labyrinth"
"The Hanged Man","12699","The Hanged Man","15900","8040","15","2","20","0","0","1.98","The Hanged Man"
"Chase H.Q. II: Special Criminal Investigation","12700","Chase H.Q. II: Special Criminal Investigation","15900","780","34","1","2","0","0","20.38","Chase H.Q. II: Special Criminal Investigation"