"","","Game","Watch time","Stream time","Peak viewers","Peak channels","Streamers","Average viewers","Average channels","Average viewer ratio",""
"Unmechanical","11901","Unmechanical","20460","12600","31","2","56","0","0","1.62","Unmechanical"
"Disney Epic Mickey 2: The Power of Two","11902","Disney Epic Mickey 2: The Power of Two","20460","11520","18","2","39","0","0","1.78","Disney Epic Mickey 2: The Power of Two"
"Bit.Trip Beat","11903","Bit.Trip Beat","20460","4320","75","1","29","0","0","4.74","Bit.Trip Beat"
"Bad Eggs Online","11904","Bad Eggs Online","20460","4620","65","2","26","0","0","4.43","Bad Eggs Online"
"Dragon Ball Z: The Legacy of Goku","11905","Dragon Ball Z: The Legacy of Goku","20460","9300","36","2","31","0","0","2.2","Dragon Ball Z: The Legacy of Goku"
"Ninjabread Man","11906","Ninjabread Man","20460","180","338","1","2","0","0","113.67","Ninjabread Man"
"The Ren & Stimpy Show: Buckaroo$!","11907","The Ren & Stimpy Show: Buckaroo$!","20460","660","164","2","4","0","0","31","The Ren & Stimpy Show: Buckaroo$!"
"Asterix Mega Madness","11908","Asterix Mega Madness","20460","3180","76","5","20","0","0","6.43","Asterix Mega Madness"
"Tokimeki Memorial Girl's Side: 3rd Story","11909","Tokimeki Memorial Girl's Side: 3rd Story","20460","5160","18","1","11","0","0","3.97","Tokimeki Memorial Girl's Side: 3rd Story"
"Total Recall","11910","Total Recall","20460","1920","96","2","9","0","0","10.66","Total Recall"
"You Have 10 Seconds","11911","You Have 10 Seconds","20460","6720","34","3","56","0","0","3.04","You Have 10 Seconds"
"Trailmakers","11912","Trailmakers","20460","3240","22","1","7","0","0","6.31","Trailmakers"
"Crush Your Enemies","11913","Crush Your Enemies","20460","3480","28","1","11","0","0","5.88","Crush Your Enemies"
"Ensemble Stars","11914","Ensemble Stars","20460","2040","47","1","12","0","0","10.03","Ensemble Stars"
"Rogue Empire","11915","Rogue Empire","20400","5040","27","1","5","0","0","4.05","Rogue Empire"
"Battle Rush: Build Up Robot Tournament","11916","Battle Rush: Build Up Robot Tournament","20400","1920","135","2","0","0","0","10.63","Battle Rush: Build Up Robot Tournament"
"Soul Knight","11917","Soul Knight","20400","17460","24","2","67","0","0","1.17","Soul Knight"
"Faery: Legends of Avalon","11918","Faery: Legends of Avalon","20400","6360","16","2","23","0","0","3.21","Faery: Legends of Avalon"
"Hunter X Hunter: Greed Island","11919","Hunter X Hunter: Greed Island","20400","1980","178","2","9","0","0","10.3","Hunter X Hunter: Greed Island"
"Super Godzilla","11920","Super Godzilla","20400","1200","289","1","6","0","0","17","Super Godzilla"
"Panic Bomber","11921","Panic Bomber","20400","1860","169","1","7","0","0","10.97","Panic Bomber"
"Queens Blade","11922","Queens Blade","20400","240","177","1","2","0","0","85","Queens Blade"
"Cossacks: European Wars","11923","Cossacks: European Wars","20400","3060","26","2","10","0","0","6.67","Cossacks: European Wars"
"Sengoku Blade: Sengoku Ace Episode II","11924","Sengoku Blade: Sengoku Ace Episode II","20340","1320","47","1","3","0","0","15.41","Sengoku Blade: Sengoku Ace Episode II"
"Fotonica","11925","Fotonica","20340","2700","234","1","23","0","0","7.53","Fotonica"
"Tetris Worlds","11926","Tetris Worlds","20340","6780","113","2","31","0","0","3","Tetris Worlds"
"Dragon Ball Z: The Legacy of Goku I & II","11927","Dragon Ball Z: The Legacy of Goku I & II","20340","5040","67","2","15","0","0","4.04","Dragon Ball Z: The Legacy of Goku I & II"
"Konami's Baseball","11928","Konami's Baseball","20340","3240","19","1","1","0","0","6.28","Konami's Baseball"
"Infinity: Battlescape","11929","Infinity: Battlescape","20340","2820","98","2","7","0","0","7.21","Infinity: Battlescape"
"Football Limited","11930","Football Limited","20340","540","377","1","2","0","0","37.67","Football Limited"
"Toaru Majutsu no Virtual-On","11931","Toaru Majutsu no Virtual-On","20280","3240","77","4","0","0","0","6.26","Toaru Majutsu no Virtual-On"
"Cabela's Big Game Hunter","11932","Cabela's Big Game Hunter","20280","1680","219","1","9","0","0","12.07","Cabela's Big Game Hunter"
"Strong Bad's Cool Game for Attractive People Episode 3: Baddest of the Bands","11933","Strong Bad's Cool Game for Attractive People Episode 3: Baddest of the Bands","20280","3180","42","1","11","0","0","6.38","Strong Bad's Cool Game for Attractive People Episode 3: Baddest of the Bands"
"Raiders of the Lost Ark","11934","Raiders of the Lost Ark","20280","1080","294","1","4","0","0","18.78","Raiders of the Lost Ark"
"Twisted Metal 4","11935","Twisted Metal 4","20280","8580","31","2","29","0","0","2.36","Twisted Metal 4"
"King's Quest II: Romancing the Stones","11936","King's Quest II: Romancing the Stones","20280","5100","28","1","21","0","0","3.98","King's Quest II: Romancing the Stones"
"Tap Titans","11937","Tap Titans","20280","1380","125","1","10","0","0","14.7","Tap Titans"
"World Series of Poker","11938","World Series of Poker","20220","5820","58","2","33","0","0","3.47","World Series of Poker"
"Frederic: Evil Strikes Back","11939","Frederic: Evil Strikes Back","20220","1440","142","1","9","0","0","14.04","Frederic: Evil Strikes Back"
"Nearwood","11940","Nearwood","20220","2460","148","1","8","0","0","8.22","Nearwood"
"A Christmas Carol","11941","A Christmas Carol","20220","1080","40","1","1","0","0","18.72","A Christmas Carol"
"Quell","11942","Quell","20220","2280","58","1","9","0","0","8.87","Quell"
"Men of War","11943","Men of War","20220","13620","24","2","41","0","0","1.48","Men of War"
"The King of Dragons","11944","The King of Dragons","20220","5040","101","1","32","0","0","4.01","The King of Dragons"
"Aces Wild","11945","Aces Wild","20220","3120","75","1","18","0","0","6.48","Aces Wild"
"Disciples II: Servants of the Dark","11946","Disciples II: Servants of the Dark","20220","2940","48","1","6","0","0","6.88","Disciples II: Servants of the Dark"
"Ninja: Shadow of Darkness","11947","Ninja: Shadow of Darkness","20220","3480","54","2","13","0","0","5.81","Ninja: Shadow of Darkness"
"Barbie Beauty Boutique","11948","Barbie Beauty Boutique","20220","1200","152","1","7","0","0","16.85","Barbie Beauty Boutique"
"Panzer Dragoon Orta","11949","Panzer Dragoon Orta","20160","4980","56","2","21","0","0","4.05","Panzer Dragoon Orta"
"Hunter","11950","Hunter","20160","13620","11","2","47","0","0","1.48","Hunter"
"Wizardry V: Heart of the Maelstrom","11951","Wizardry V: Heart of the Maelstrom","20160","3600","51","1","4","0","0","5.6","Wizardry V: Heart of the Maelstrom"
"MLB 15: The Show","11952","MLB 15: The Show","20160","25020","73","2","262","0","0","0.81","MLB 15: The Show"
"Altitude","11953","Altitude","20160","4980","114","2","25","0","0","4.05","Altitude"
"Prodigy","11954","Prodigy","20160","1800","253","1","18","0","0","11.2","Prodigy"
"Spider: Rite of the Shrouded Moon","11955","Spider: Rite of the Shrouded Moon","20160","3480","28","1","10","0","0","5.79","Spider: Rite of the Shrouded Moon"
"Maken X","11956","Maken X","20160","4320","24","1","17","0","0","4.67","Maken X"
"A Mortician's Tale","11957","A Mortician's Tale","20160","3660","32","2","25","0","0","5.51","A Mortician's Tale"
"The Herbalist","11958","The Herbalist","20160","1860","105","1","7","0","0","10.84","The Herbalist"
"Shooting Stars!","11959","Shooting Stars!","20160","5520","54","1","23","0","0","3.65","Shooting Stars!"
"The Grey Garden","11960","The Grey Garden","20160","4500","27","2","9","0","0","4.48","The Grey Garden"
"Super Kaiju","11961","Super Kaiju","20160","480","324","2","4","0","0","42","Super Kaiju"
"Indie Game Sim","11962","Indie Game Sim","20100","7920","22","1","46","0","0","2.54","Indie Game Sim"
"Afghanistan '11","11963","Afghanistan '11","20100","8040","52","1","9","0","0","2.5","Afghanistan '11"
"Stories: The Hidden Path","11964","Stories: The Hidden Path","20100","1020","68","1","3","0","0","19.71","Stories: The Hidden Path"
"GunboundM","11965","GunboundM","20100","3720","59","1","15","0","0","5.4","GunboundM"
"Umineko no Naku Koro ni Episode 2 Turn of the Golden Witch","11966","Umineko no Naku Koro ni Episode 2 Turn of the Golden Witch","20100","14580","14","2","9","0","0","1.38","Umineko no Naku Koro ni Episode 2 Turn of the Golden Witch"
"Space Jam","11967","Space Jam","20100","5460","47","2","19","0","0","3.68","Space Jam"
"Tetrobot and Co.","11968","Tetrobot and Co.","20100","3960","46","1","6","0","0","5.08","Tetrobot and Co."
"Puyo Puyo!! 20th Anniversary","11969","Puyo Puyo!! 20th Anniversary","20100","7200","55","1","22","0","0","2.79","Puyo Puyo!! 20th Anniversary"
"Other Worlds","11970","Other Worlds","20100","17580","41","2","53","0","0","1.14","Other Worlds"
"BVE","11971","BVE","20100","16200","13","2","22","0","0","1.24","BVE"
"Street Fighter III: 2nd Impact","11972","Street Fighter III: 2nd Impact","20100","2040","259","2","11","0","0","9.85","Street Fighter III: 2nd Impact"
"Domination","11973","Domination","20040","1560","88","1","10","0","0","12.85","Domination"
"Rastan Saga II","11974","Rastan Saga II","20040","780","42","1","2","0","0","25.69","Rastan Saga II"
"Everblue","11975","Everblue","20040","300","338","1","3","0","0","66.8","Everblue"
"Rapid Angel","11976","Rapid Angel","20040","360","342","1","3","0","0","55.67","Rapid Angel"
"Dynamite Fishing: World Games","11977","Dynamite Fishing: World Games","20040","240","167","1","5","0","0","83.5","Dynamite Fishing: World Games"
"Medarot 2 Kabuto/Kuwagata","11978","Medarot 2 Kabuto/Kuwagata","19980","600","81","1","2","0","0","33.3","Medarot 2 Kabuto/Kuwagata"
"Knightfall","11979","Knightfall","19980","1680","51","1","10","0","0","11.89","Knightfall"
"Atelier Iris 3: Grand Phantasm","11980","Atelier Iris 3: Grand Phantasm","19980","5100","15","2","8","0","0","3.92","Atelier Iris 3: Grand Phantasm"
"Mystic Ark","11981","Mystic Ark","19980","6420","61","1","11","0","0","3.11","Mystic Ark"
"Motocross Maniacs","11982","Motocross Maniacs","19980","2640","62","5","3","0","0","7.57","Motocross Maniacs"
"NBA Hangtime","11983","NBA Hangtime","19980","6060","64","1","22","0","0","3.3","NBA Hangtime"
"Digital Combat Simulator: UH-1H Huey","11984","Digital Combat Simulator: UH-1H Huey","19980","5520","61","2","13","0","0","3.62","Digital Combat Simulator: UH-1H Huey"
"Tiger Woods PGA Tour 14","11985","Tiger Woods PGA Tour 14","19980","1800","33","1","3","0","0","11.1","Tiger Woods PGA Tour 14"
"Super Robot Taisen Original Generation","11986","Super Robot Taisen Original Generation","19920","11220","10","2","19","0","0","1.78","Super Robot Taisen Original Generation"
"LittleBigPlanet Karting","11987","LittleBigPlanet Karting","19920","3600","79","1","21","0","0","5.53","LittleBigPlanet Karting"
"KISS: Psycho Circus - The Nightmare Child","11988","KISS: Psycho Circus - The Nightmare Child","19920","3300","28","1","8","0","0","6.04","KISS: Psycho Circus - The Nightmare Child"
"Arcade Classics Volume 1","11989","Arcade Classics Volume 1","19920","8460","65","2","17","0","0","2.35","Arcade Classics Volume 1"
"Growl","11990","Growl","19920","2460","25","5","15","0","0","8.1","Growl"
"Law & Order II: Double or Nothing","11991","Law & Order II: Double or Nothing","19920","1320","136","1","3","0","0","15.09","Law & Order II: Double or Nothing"
"Zup! 4","11992","Zup! 4","19920","1620","118","1","17","0","0","12.3","Zup! 4"
"Dragon Rage","11993","Dragon Rage","19920","780","130","1","9","0","0","25.54","Dragon Rage"
"Pac-Land","11994","Pac-Land","19920","1680","231","3","6","0","0","11.86","Pac-Land"
"Menace Beach","11995","Menace Beach","19860","840","134","3","4","0","0","23.64","Menace Beach"
"Twisty's Asylum Escapades","11996","Twisty's Asylum Escapades","19860","900","130","1","5","0","0","22.07","Twisty's Asylum Escapades"
"Adventure Time: The Secret of Nameless Kingdom","11997","Adventure Time: The Secret of Nameless Kingdom","19860","5160","43","1","28","0","0","3.85","Adventure Time: The Secret of Nameless Kingdom"
"Orbox C","11998","Orbox C","19860","4920","90","1","28","0","0","4.04","Orbox C"
"DDRMAX 2 Dance Dance Revolution","11999","DDRMAX 2 Dance Dance Revolution","19860","4860","34","1","23","0","0","4.09","DDRMAX 2 Dance Dance Revolution"
"Knight Rider","12000","Knight Rider","19860","1020","98","3","6","0","0","19.47","Knight Rider"