"","","Game","Watch time","Stream time","Peak viewers","Peak channels","Streamers","Average viewers","Average channels","Average viewer ratio",""
"State of Emergency","5701","State of Emergency","246900","2100","2098","1","14","0","0","117.57","State of Emergency"
"Prey 2","5702","Prey 2","246840","75720","774","11","348","0","0","3.26","Prey 2"
"Trivial Pursuit Live!","5703","Trivial Pursuit Live!","246420","77700","186","4","406","0","0","3.17","Trivial Pursuit Live!"
"Dead State","5704","Dead State","246360","16920","1968","2","40","0","0","14.56","Dead State"
"Caravan","5705","Caravan","246300","4920","705","1","16","0","0","50.06","Caravan"
"Dynasty Warriors Next","5706","Dynasty Warriors Next","246180","120","4200","1","1","0","0","2051.5","Dynasty Warriors Next"
"Lost Saga","5707","Lost Saga","246120","77340","201","3","136","0","0","3.18","Lost Saga"
"Epic Battle Fantasy 4","5708","Epic Battle Fantasy 4","245940","51540","141","2","113","0","0","4.77","Epic Battle Fantasy 4"
"Technobabylon","5709","Technobabylon","245760","37740","87","3","56","0","0","6.51","Technobabylon"
"Drone Racing League Simulator","5710","Drone Racing League Simulator","245760","70440","1470","4","180","0","0","3.49","Drone Racing League Simulator"
"Holodrive","5711","Holodrive","245580","21240","354","3","112","0","0","11.56","Holodrive"
"Hello Kitty to Issho! Block Crash Z","5712","Hello Kitty to Issho! Block Crash Z","245340","5100","1593","2","23","0","0","48.11","Hello Kitty to Issho! Block Crash Z"
"Tenhou","5713","Tenhou","245220","65820","115","3","121","0","0","3.73","Tenhou"
"CryptoKitties","5714","CryptoKitties","245040","8640","160","3","0","0","0","28.36","CryptoKitties"
"Kamaitachi no Yoru: Rinne Saisei","5715","Kamaitachi no Yoru: Rinne Saisei","244860","1980","204","1","2","0","0","123.67","Kamaitachi no Yoru: Rinne Saisei"
"Rune Story","5716","Rune Story","244620","22980","59","3","24","0","0","10.64","Rune Story"
"Brigador","5717","Brigador","244620","51780","830","6","246","0","0","4.72","Brigador"
"Rend","5718","Rend","244380","40320","156","5","46","0","0","6.06","Rend"
"Dino Crisis 3","5719","Dino Crisis 3","244320","2940","661","1","5","0","0","83.1","Dino Crisis 3"
"King of the Hill","5720","King of the Hill","244140","115680","231","8","389","0","0","2.11","King of the Hill"
"Strike Vector EX","5721","Strike Vector EX","244140","84660","202","9","619","0","0","2.88","Strike Vector EX"
"Fatal Rewind","5722","Fatal Rewind","244080","660","1223","1","3","0","0","369.82","Fatal Rewind"
"Sword Art Online: Hollow Fragment","5723","Sword Art Online: Hollow Fragment","243960","60420","41","3","748","0","0","4.04","Sword Art Online: Hollow Fragment"
"Meme Run","5724","Meme Run","243840","36120","1433","2","113","0","0","6.75","Meme Run"
"Torin's Passage","5725","Torin's Passage","243720","10680","771","2","24","0","0","22.82","Torin's Passage"
"3D Ultra Minigolf Adventures","5726","3D Ultra Minigolf Adventures","243600","4200","1794","2","19","0","0","58","3D Ultra Minigolf Adventures"
"The Repopulation","5727","The Repopulation","243480","27780","405","7","39","0","0","8.76","The Repopulation"
"Atlantica Online","5728","Atlantica Online","243360","90360","39","3","83","0","0","2.69","Atlantica Online"
"Starwhal","5729","Starwhal","243360","53160","761","5","444","0","0","4.58","Starwhal"
"Bomberman Generation","5730","Bomberman Generation","243000","13080","1631","2","39","0","0","18.58","Bomberman Generation"
"Cooking Witch","5731","Cooking Witch","243000","18060","885","4","176","0","0","13.46","Cooking Witch"
"Carmageddon: Max Damage","5732","Carmageddon: Max Damage","242940","87060","517","3","311","0","0","2.79","Carmageddon: Max Damage"
"Dungeonmans","5733","Dungeonmans","242940","40980","68","3","72","0","0","5.93","Dungeonmans"
"Quest for Glory III: Wages of War","5734","Quest for Glory III: Wages of War","242820","13860","1730","2","15","0","0","17.52","Quest for Glory III: Wages of War"
"Bloons","5735","Bloons","242760","5340","1993","2","17","0","0","45.46","Bloons"
"Pirate101","5736","Pirate101","242700","88860","93","4","150","0","0","2.73","Pirate101"
"Starpoint Gemini 2","5737","Starpoint Gemini 2","242460","26460","249","5","136","0","0","9.16","Starpoint Gemini 2"
"Isaac the Adventurer","5738","Isaac the Adventurer","242400","46680","640","2","244","0","0","5.19","Isaac the Adventurer"
"Eldritch","5739","Eldritch","242340","35100","964","4","231","0","0","6.9","Eldritch"
"Mini Ninjas","5740","Mini Ninjas","242160","37620","251","3","120","0","0","6.44","Mini Ninjas"
"Knights of Pen & Paper II","5741","Knights of Pen & Paper II","242160","38340","600","3","130","0","0","6.32","Knights of Pen & Paper II"
"Grow Up","5742","Grow Up","242160","54900","181","6","331","0","0","4.41","Grow Up"
"Tom Clancy's Rainbow Six: Vegas 2","5743","Tom Clancy's Rainbow Six: Vegas 2","241920","108180","393","5","458","0","0","2.24","Tom Clancy's Rainbow Six: Vegas 2"
"One Late Night","5744","One Late Night","241800","18660","1141","1","116","0","0","12.96","One Late Night"
"Corpse Killer","5745","Corpse Killer","241680","1800","1324","2","6","0","0","134.27","Corpse Killer"
"King's Quest IV: The Perils of Rosella","5746","King's Quest IV: The Perils of Rosella","241620","6120","527","2","22","0","0","39.48","King's Quest IV: The Perils of Rosella"
"Space Quest I: Roger Wilco in the Sarien Encounter","5747","Space Quest I: Roger Wilco in the Sarien Encounter","241500","7980","1264","1","25","0","0","30.26","Space Quest I: Roger Wilco in the Sarien Encounter"
"Shio","5748","Shio","241500","15540","5342","4","72","0","0","15.54","Shio"
"Street Fighter Collection","5749","Street Fighter Collection","241440","1560","3983","1","8","0","0","154.77","Street Fighter Collection"
"Shenzhen I/O","5750","Shenzhen I/O","241260","50700","331","3","133","0","0","4.76","Shenzhen I/O"
"Jackie Chan in Fists of Fire","5751","Jackie Chan in Fists of Fire","241200","3960","1817","1","18","0","0","60.91","Jackie Chan in Fists of Fire"
"Drakkhen","5752","Drakkhen","241080","6720","1827","2","19","0","0","35.88","Drakkhen"
"The Wild Eternal","5753","The Wild Eternal","240900","11400","249","2","30","0","0","21.13","The Wild Eternal"
"Massive Chalice","5754","Massive Chalice","240840","59880","126","3","176","0","0","4.02","Massive Chalice"
"Sine Mora","5755","Sine Mora","240720","38340","494","4","139","0","0","6.28","Sine Mora"
"Skylanders Imaginators","5756","Skylanders Imaginators","240720","144060","332","7","509","0","0","1.67","Skylanders Imaginators"
"Mr. Nutz","5757","Mr. Nutz","240360","3420","1677","2","19","0","0","70.28","Mr. Nutz"
"Dragon Ball: Advanced Adventure","5758","Dragon Ball: Advanced Adventure","240180","27360","1223","5","65","0","0","8.78","Dragon Ball: Advanced Adventure"
"Beats Fever","5759","Beats Fever","240060","420","1687","1","2","0","0","571.57","Beats Fever"
"Tiny Toon Adventures: Buster's Hidden Treasure","5760","Tiny Toon Adventures: Buster's Hidden Treasure","240000","7620","1294","2","28","0","0","31.5","Tiny Toon Adventures: Buster's Hidden Treasure"
"Tony Hawk's Downhill Jam","5761","Tony Hawk's Downhill Jam","239880","540","2027","1","2","0","0","444.22","Tony Hawk's Downhill Jam"
"Dead Moon","5762","Dead Moon","239700","420","2614","1","0","0","0","570.71","Dead Moon"
"Bram Stoker's Dracula","5763","Bram Stoker's Dracula","239580","6000","1681","3","21","0","0","39.93","Bram Stoker's Dracula"
"NBA Jam Tournament Edition","5764","NBA Jam Tournament Edition","239580","10800","1535","2","41","0","0","22.18","NBA Jam Tournament Edition"
"Loadout","5765","Loadout","239520","214440","134","5","1353","0","0","1.12","Loadout"
"Einhänder","5766","Einhänder","239460","18360","1081","3","63","0","0","13.04","Einhänder"
"Starhawk","5767","Starhawk","239280","1320","2181","1","6","0","0","181.27","Starhawk"
"Ultimate Fighting Championship","5768","Ultimate Fighting Championship","239220","1680","1425","1","12","0","0","142.39","Ultimate Fighting Championship"
"Majotori","5769","Majotori","239160","13440","204","2","52","0","0","17.79","Majotori"
"Ascension VR","5770","Ascension VR","239040","240","2651","1","1","0","0","996","Ascension VR"
"Island 359","5771","Island 359","238920","6120","641","1","31","0","0","39.04","Island 359"
"Catan","5772","Catan","238860","37020","273","3","149","0","0","6.45","Catan"
"Nimbatus","5773","Nimbatus","238680","11640","1030","3","56","0","0","20.51","Nimbatus"
"Shadow Man","5774","Shadow Man","238620","27180","2354","2","71","0","0","8.78","Shadow Man"
"Track & Field","5775","Track & Field","238620","3960","448","1","16","0","0","60.26","Track & Field"
"Bonbon","5776","Bonbon","238380","7020","792","2","56","0","0","33.96","Bonbon"
"Carnivores: Cityscape","5777","Carnivores: Cityscape","238320","360","2331","1","1","0","0","662","Carnivores: Cityscape"
"Fantasy War Tactics","5778","Fantasy War Tactics","238260","63240","82","5","53","0","0","3.77","Fantasy War Tactics"
"Soundodger+","5779","Soundodger+","238140","33960","161","3","124","0","0","7.01","Soundodger+"
"Artemis: Spaceship Bridge Simulator","5780","Artemis: Spaceship Bridge Simulator","238080","9480","2232","3","41","0","0","25.11","Artemis: Spaceship Bridge Simulator"
"Dangan Ronpa 1 & 2 Reload","5781","Dangan Ronpa 1 & 2 Reload","238080","73680","28","6","1052","0","0","3.23","Dangan Ronpa 1 & 2 Reload"
"Deathtrap","5782","Deathtrap","237720","50460","106","6","189","0","0","4.71","Deathtrap"
"Valis IV","5783","Valis IV","237720","12720","318","1","6","0","0","18.69","Valis IV"
"NBA 2K","5784","NBA 2K","237660","18480","821","2","72","0","0","12.86","NBA 2K"
"Apotheon","5785","Apotheon","237480","72300","303","3","278","0","0","3.28","Apotheon"
"Road Runner's Death Valley Rally","5786","Road Runner's Death Valley Rally","237300","5340","266","3","14","0","0","44.44","Road Runner's Death Valley Rally"
"Metroid Prime: Hunters","5787","Metroid Prime: Hunters","237240","14640","872","2","41","0","0","16.2","Metroid Prime: Hunters"
"Skies of Arcadia","5788","Skies of Arcadia","237240","45840","288","2","52","0","0","5.18","Skies of Arcadia"
"Beach Fun: Summer Challenge","5789","Beach Fun: Summer Challenge","236700","1380","1272","1","1","0","0","171.52","Beach Fun: Summer Challenge"
"Burning Rangers","5790","Burning Rangers","236520","4260","1743","1","13","0","0","55.52","Burning Rangers"
"Code Vein","5791","Code Vein","236460","720","673","2","3","0","0","328.42","Code Vein"
"Double Dragon","5792","Double Dragon","236400","33720","1839","3","145","0","0","7.01","Double Dragon"
"Pajama Sam: No Need to Hide When It's Dark Outside","5793","Pajama Sam: No Need to Hide When It's Dark Outside","236160","35280","421","3","187","0","0","6.69","Pajama Sam: No Need to Hide When It's Dark Outside"
"Atelier Ayesha: The Alchemist of Dusk","5794","Atelier Ayesha: The Alchemist of Dusk","236160","20520","1077","2","19","0","0","11.51","Atelier Ayesha: The Alchemist of Dusk"
"Emergency 5","5795","Emergency 5","236160","20460","132","3","81","0","0","11.54","Emergency 5"
"You Deserve","5796","You Deserve","235740","5760","1669","1","25","0","0","40.93","You Deserve"
"Status: Insane","5797","Status: Insane","235680","3240","1933","2","2","0","0","72.74","Status: Insane"
"Kingdom Hearts Re:coded","5798","Kingdom Hearts Re:coded","235680","19860","827","3","38","0","0","11.87","Kingdom Hearts Re:coded"
"Need for Speed II","5799","Need for Speed II","235560","6600","880","1","41","0","0","35.69","Need for Speed II"
"Five Nights at Freddy's 3","5800","Five Nights at Freddy's 3","235500","48780","474","3","265","0","0","4.83","Five Nights at Freddy's 3"