"","","Game","Watch time","Stream time","Peak viewers","Peak channels","Streamers","Average viewers","Average channels","Average viewer ratio",""
"Shadowbane: Throne of Oblivion","9301","Shadowbane: Throne of Oblivion","52020","28080","44","2","22","0","0","1.85","Shadowbane: Throne of Oblivion"
"Amazon: Guardians of Eden","9302","Amazon: Guardians of Eden","52020","1440","216","1","7","0","0","36.13","Amazon: Guardians of Eden"
"Bomberman Tournament","9303","Bomberman Tournament","51960","7800","44","2","19","0","0","6.66","Bomberman Tournament"
"IndyCar Series","9304","IndyCar Series","51960","540","1234","1","3","0","0","96.22","IndyCar Series"
"Guilty Gear XX #Reload","9305","Guilty Gear XX #Reload","51900","9300","163","4","38","0","0","5.58","Guilty Gear XX #Reload"
"Cabal 2","9306","Cabal 2","51840","25260","93","2","73","0","0","2.05","Cabal 2"
"Gradius Galaxies","9307","Gradius Galaxies","51780","2580","465","1","9","0","0","20.07","Gradius Galaxies"
"Ellipsis","9308","Ellipsis","51780","6000","174","2","32","0","0","8.63","Ellipsis"
"Dark Colony","9309","Dark Colony","51780","300","906","1","2","0","0","172.6","Dark Colony"
"Darkfall","9310","Darkfall","51720","21840","62","2","72","0","0","2.37","Darkfall"
"Commander Keen 5: The Armageddon Machine","9311","Commander Keen 5: The Armageddon Machine","51720","6060","169","1","16","0","0","8.53","Commander Keen 5: The Armageddon Machine"
"Intrusion 2","9312","Intrusion 2","51660","7320","273","2","26","0","0","7.06","Intrusion 2"
"Shadow Tower Abyss","9313","Shadow Tower Abyss","51660","9960","49","2","17","0","0","5.19","Shadow Tower Abyss"
"ARGO Online","9314","ARGO Online","51660","28080","668","9","205","0","0","1.84","ARGO Online"
"Skylanders: Spyro's Adventure","9315","Skylanders: Spyro's Adventure","51660","12300","29","2","16","0","0","4.2","Skylanders: Spyro's Adventure"
"Jet Gunner","9316","Jet Gunner","51660","2220","156","1","10","0","0","23.27","Jet Gunner"
"Reflec Beat","9317","Reflec Beat","51660","600","727","1","5","0","0","86.1","Reflec Beat"
"Zula Brasil","9318","Zula Brasil","51660","17940","90","3","50","0","0","2.88","Zula Brasil"
"Kirby's Pinball Land","9319","Kirby's Pinball Land","51600","4200","173","1","16","0","0","12.29","Kirby's Pinball Land"
"BattleTanx: Global Assault","9320","BattleTanx: Global Assault","51600","3660","750","1","17","0","0","14.1","BattleTanx: Global Assault"
"Shin Megami Tensei: Devil Summoner: Soul Hackers","9321","Shin Megami Tensei: Devil Summoner: Soul Hackers","51600","7740","44","2","8","0","0","6.67","Shin Megami Tensei: Devil Summoner: Soul Hackers"
"RBI Baseball","9322","RBI Baseball","51540","2160","141","2","15","0","0","23.86","RBI Baseball"
"Chicken Invaders","9323","Chicken Invaders","51540","6600","251","2","37","0","0","7.81","Chicken Invaders"
"Mageslayer","9324","Mageslayer","51540","420","460","1","1","0","0","122.71","Mageslayer"
"Dorke and Ymp","9325","Dorke and Ymp","51540","240","1056","1","1","0","0","214.75","Dorke and Ymp"
"Quick Draw McGraw","9326","Quick Draw McGraw","51480","3960","410","1","29","0","0","13","Quick Draw McGraw"
"Ganbare Goemon 2","9327","Ganbare Goemon 2","51480","2820","113","1","8","0","0","18.26","Ganbare Goemon 2"
"Shin Megami Tensei: Devil Summoner","9328","Shin Megami Tensei: Devil Summoner","51420","7500","38","1","8","0","0","6.86","Shin Megami Tensei: Devil Summoner"
"Jingo Jango","9329","Jingo Jango","51420","24900","8","1","2","0","0","2.07","Jingo Jango"
"Tales of Graces","9330","Tales of Graces","51420","22140","16","2","32","0","0","2.32","Tales of Graces"
"Triplicity","9331","Triplicity","51420","60","1669","1","0","0","0","857","Triplicity"
"The Ultimatest Battle","9332","The Ultimatest Battle","51360","8520","235","3","64","0","0","6.03","The Ultimatest Battle"
"The Incredible Machine","9333","The Incredible Machine","51360","3540","111","1","11","0","0","14.51","The Incredible Machine"
"Alley Cat","9334","Alley Cat","51300","900","202","1","7","0","0","57","Alley Cat"
"Warzone 2100","9335","Warzone 2100","51300","22800","119","2","71","0","0","2.25","Warzone 2100"
"Let's Sing","9336","Let's Sing","51300","4440","154","2","23","0","0","11.55","Let's Sing"
"Shu","9337","Shu","51300","14400","130","1","43","0","0","3.56","Shu"
"The Hunger Games Adventures","9338","The Hunger Games Adventures","51300","1620","361","1","4","0","0","31.67","The Hunger Games Adventures"
"Steambirds Alliance","9339","Steambirds Alliance","51300","8100","37","5","13","0","0","6.33","Steambirds Alliance"
"Programming CTF","9340","Programming CTF","51240","21060","60","2","38","0","0","2.43","Programming CTF"
"MoneyMania","9341","MoneyMania","51240","2460","527","1","4","0","0","20.83","MoneyMania"
"Dong Dong Never Die","9342","Dong Dong Never Die","51240","14880","219","2","28","0","0","3.44","Dong Dong Never Die"
"50 Cent: Bulletproof","9343","50 Cent: Bulletproof","51180","3360","69","2","9","0","0","15.23","50 Cent: Bulletproof"
"Quad Desert Fury","9344","Quad Desert Fury","51180","120","609","1","1","0","0","426.5","Quad Desert Fury"
"RollerCoaster Tycoon 3: Soaked!","9345","RollerCoaster Tycoon 3: Soaked!","51180","12840","90","2","60","0","0","3.99","RollerCoaster Tycoon 3: Soaked!"
"Diablo: Hellfire","9346","Diablo: Hellfire","51120","24780","58","2","42","0","0","2.06","Diablo: Hellfire"
"Duke Nukem: Manhattan Project","9347","Duke Nukem: Manhattan Project","51120","6300","82","2","20","0","0","8.11","Duke Nukem: Manhattan Project"
"Dungetris","9348","Dungetris","51120","5700","100","2","33","0","0","8.97","Dungetris"
"BlobCat","9349","BlobCat","51060","960","209","1","5","0","0","53.19","BlobCat"
"Stronghold Legends","9350","Stronghold Legends","51060","16020","107","2","86","0","0","3.19","Stronghold Legends"
"Ice Climber","9351","Ice Climber","51000","18540","166","2","28","0","0","2.75","Ice Climber"
"Town & Country 2: Thrilla's Surfari","9352","Town & Country 2: Thrilla's Surfari","51000","4080","60","1","5","0","0","12.5","Town & Country 2: Thrilla's Surfari"
"D.D. Crew","9353","D.D. Crew","50940","3120","73","1","4","0","0","16.33","D.D. Crew"
"6180 the moon","9354","6180 the moon","50940","4500","211","1","22","0","0","11.32","6180 the moon"
"Utawarerumono: Futari no Hakuoro","9355","Utawarerumono: Futari no Hakuoro","50940","28860","21","3","24","0","0","1.77","Utawarerumono: Futari no Hakuoro"
"Sam & Max Episode 2: Situation: Comedy","9356","Sam & Max Episode 2: Situation: Comedy","50880","9900","67","2","39","0","0","5.14","Sam & Max Episode 2: Situation: Comedy"
"Kinect Star Wars","9357","Kinect Star Wars","50880","1860","241","2","8","0","0","27.35","Kinect Star Wars"
"Ben 10","9358","Ben 10","50880","3060","104","2","17","0","0","16.63","Ben 10"
"Gravity Bone","9359","Gravity Bone","50820","660","427","1","4","0","0","77","Gravity Bone"
"Radiation Island","9360","Radiation Island","50820","7020","365","1","33","0","0","7.24","Radiation Island"
"Tales of Destiny 2","9361","Tales of Destiny 2","50820","21660","44","2","25","0","0","2.35","Tales of Destiny 2"
"Dual Hearts","9362","Dual Hearts","50820","5940","55","1","8","0","0","8.56","Dual Hearts"
"Hardland","9363","Hardland","50820","6720","123","1","20","0","0","7.56","Hardland"
"Hair Salon","9364","Hair Salon","50820","960","685","1","5","0","0","52.94","Hair Salon"
"Sonic Runners Adventure","9365","Sonic Runners Adventure","50760","540","158","1","0","0","0","94","Sonic Runners Adventure"
"Curse: The Eye of Isis","9366","Curse: The Eye of Isis","50760","2280","189","1","8","0","0","22.26","Curse: The Eye of Isis"
"Mastermind","9367","Mastermind","50760","360","873","2","4","0","0","141","Mastermind"
"Volume","9368","Volume","50700","16560","82","2","82","0","0","3.06","Volume"
"Fist of Jesus: The Bloody Gospel of Judas","9369","Fist of Jesus: The Bloody Gospel of Judas","50700","10380","70","1","68","0","0","4.88","Fist of Jesus: The Bloody Gospel of Judas"
"Apocalypse","9370","Apocalypse","50640","6480","294","1","23","0","0","7.81","Apocalypse"
"Anno 1701: Dawn of Discovery","9371","Anno 1701: Dawn of Discovery","50640","11040","176","2","47","0","0","4.59","Anno 1701: Dawn of Discovery"
"Disgaea 4: A Promise Unforgotten","9372","Disgaea 4: A Promise Unforgotten","50520","12840","41","2","17","0","0","3.93","Disgaea 4: A Promise Unforgotten"
"Anno 1602: Erschaffung einer neuen Welt - Im Namen des Königs","9373","Anno 1602: Erschaffung einer neuen Welt - Im Namen des Königs","50520","7680","213","1","12","0","0","6.58","Anno 1602: Erschaffung einer neuen Welt - Im Namen des Königs"
"Sengoku Basara HD Collection","9374","Sengoku Basara HD Collection","50460","4380","66","1","1","0","0","11.52","Sengoku Basara HD Collection"
"A Game of Hockey","9375","A Game of Hockey","50460","240","378","1","1","0","0","210.25","A Game of Hockey"
"Wargame: AirLand Battle","9376","Wargame: AirLand Battle","50460","21120","56","2","58","0","0","2.39","Wargame: AirLand Battle"
"Watchmen: The End is Nigh","9377","Watchmen: The End is Nigh","50400","3420","193","1","16","0","0","14.74","Watchmen: The End is Nigh"
"Hugo's House of Horrors","9378","Hugo's House of Horrors","50400","1020","267","1","8","0","0","49.41","Hugo's House of Horrors"
"Mystery Dungeon: Shiren the Wanderer","9379","Mystery Dungeon: Shiren the Wanderer","50400","10260","34","1","15","0","0","4.91","Mystery Dungeon: Shiren the Wanderer"
"Tadpole Treble","9380","Tadpole Treble","50400","3300","273","1","19","0","0","15.27","Tadpole Treble"
"Super Mario World: Super Mario Advance 2","9381","Super Mario World: Super Mario Advance 2","50340","14280","154","2","43","0","0","3.53","Super Mario World: Super Mario Advance 2"
"RIDE","9382","RIDE","50340","64500","60","3","227","0","0","0.78","RIDE"
"Siegecraft Commander","9383","Siegecraft Commander","50340","5760","143","2","37","0","0","8.74","Siegecraft Commander"
"Ecco: The Tides of Time","9384","Ecco: The Tides of Time","50280","9540","98","3","25","0","0","5.27","Ecco: The Tides of Time"
"Umihara Kawase Shun","9385","Umihara Kawase Shun","50280","7560","52","2","10","0","0","6.65","Umihara Kawase Shun"
"Etrian Mystery Dungeon","9386","Etrian Mystery Dungeon","50220","8520","92","2","8","0","0","5.89","Etrian Mystery Dungeon"
"WCW Backstage Assault","9387","WCW Backstage Assault","50220","660","210","1","4","0","0","76.09","WCW Backstage Assault"
"Grisaia Phantom Trigger Vol. 1","9388","Grisaia Phantom Trigger Vol. 1","50220","5880","92","2","14","0","0","8.54","Grisaia Phantom Trigger Vol. 1"
"Hasbro Family Fun Pack","9389","Hasbro Family Fun Pack","50160","35340","47","2","134","0","0","1.42","Hasbro Family Fun Pack"
"Ace Combat: Assault Horizon Legacy","9390","Ace Combat: Assault Horizon Legacy","50160","8940","505","2","34","0","0","5.61","Ace Combat: Assault Horizon Legacy"
"Eternal Lands","9391","Eternal Lands","50160","18720","14","2","11","0","0","2.68","Eternal Lands"
"Dog Sled Saga","9392","Dog Sled Saga","50160","5460","156","1","20","0","0","9.19","Dog Sled Saga"
"Rocket Knight","9393","Rocket Knight","50100","2940","313","2","15","0","0","17.04","Rocket Knight"
"Lost Kingdoms II","9394","Lost Kingdoms II","50100","18600","60","2","22","0","0","2.69","Lost Kingdoms II"
"Blast Out","9395","Blast Out","50100","5340","171","7","23","0","0","9.38","Blast Out"
"The Wonderful End of the World","9396","The Wonderful End of the World","49980","2460","154","1","16","0","0","20.32","The Wonderful End of the World"
"Powerstar Golf","9397","Powerstar Golf","49980","28380","32","3","154","0","0","1.76","Powerstar Golf"
"Yatagarasu: Attack on Cataclysm","9398","Yatagarasu: Attack on Cataclysm","49920","13380","96","2","23","0","0","3.73","Yatagarasu: Attack on Cataclysm"
"Gradius V","9399","Gradius V","49920","8400","34","1","28","0","0","5.94","Gradius V"
"Zero the Kamikaze Squirrel","9400","Zero the Kamikaze Squirrel","49920","2160","168","3","14","0","0","23.11","Zero the Kamikaze Squirrel"