"","","Game","Watch time","Stream time","Peak viewers","Peak channels","Streamers","Average viewers","Average channels","Average viewer ratio",""
"Yu-Gi-Oh! Duelists of the Roses","3401","Yu-Gi-Oh! Duelists of the Roses","900840","78720","531","3","152","1","0","11.44","Yu-Gi-Oh! Duelists of the Roses"
"LEGO Marvel Super Heroes","3402","LEGO Marvel Super Heroes","898860","311940","266","8","1312","1","0","2.88","LEGO Marvel Super Heroes"
"The Unspoken","3403","The Unspoken","898800","72480","3351","5","119","1","0","12.4","The Unspoken"
"Wolverine: Adamantium Rage","3404","Wolverine: Adamantium Rage","898200","2220","6927","1","9","1","0","404.59","Wolverine: Adamantium Rage"
"Chroma Squad","3405","Chroma Squad","897180","173820","544","5","504","1","0","5.16","Chroma Squad"
"Rhythm Tengoku","3406","Rhythm Tengoku","897000","31260","533","3","95","1","0","28.69","Rhythm Tengoku"
"A Game of Thrones: Genesis","3407","A Game of Thrones: Genesis","895920","134940","1309","5","516","1","0","6.64","A Game of Thrones: Genesis"
"Killer7","3408","Killer7","895080","97740","719","3","114","1","0","9.16","Killer7"
"Final Fantasy IV: The After Years","3409","Final Fantasy IV: The After Years","893940","95400","848","3","90","1","0","9.37","Final Fantasy IV: The After Years"
"The Magical Quest Starring Mickey Mouse","3410","The Magical Quest Starring Mickey Mouse","893520","37620","2275","2","93","1","0","23.75","The Magical Quest Starring Mickey Mouse"
"Sentinels of the Multiverse: The Video Game","3411","Sentinels of the Multiverse: The Video Game","893400","61620","1307","5","96","1","0","14.5","Sentinels of the Multiverse: The Video Game"
"King of Dragon Pass","3412","King of Dragon Pass","891720","23640","456","2","38","1","0","37.72","King of Dragon Pass"
"Overland","3413","Overland","889800","15720","2105","2","48","1","0","56.6","Overland"
"Adr1ft","3414","Adr1ft","888660","100440","5521","6","510","1","0","8.85","Adr1ft"
"Dragon's Crown","3415","Dragon's Crown","888060","57600","1595","3","100","1","0","15.42","Dragon's Crown"
"The Hobbit","3416","The Hobbit","887340","44760","887","2","87","1","0","19.82","The Hobbit"
"Alone in the Dark: Illumination","3417","Alone in the Dark: Illumination","887280","2160","2661","2","10","1","0","410.78","Alone in the Dark: Illumination"
"Jesus in Space","3418","Jesus in Space","887160","1200","6743","1","3","1","0","739.3","Jesus in Space"
"Wurm Unlimited","3419","Wurm Unlimited","887040","207000","554","6","253","1","0","4.29","Wurm Unlimited"
"Asura","3420","Asura","886740","41940","2269","5","155","1","0","21.14","Asura"
"Pac-Man Fever","3421","Pac-Man Fever","886020","2160","7556","2","13","1","0","410.19","Pac-Man Fever"
"Godzilla: Destroy All Monsters Melee","3422","Godzilla: Destroy All Monsters Melee","885660","4140","6745","1","29","1","0","213.93","Godzilla: Destroy All Monsters Melee"
"Final Fantasy Tactics Advance","3423","Final Fantasy Tactics Advance","885000","146700","134","5","256","1","0","6.03","Final Fantasy Tactics Advance"
"Dragon View","3424","Dragon View","884340","9300","1678","1","11","1","0","95.09","Dragon View"
"DND","3425","DND","882780","158940","9557","5","269","1","0","5.55","DND"
"TimeShift","3426","TimeShift","882660","33420","1872","2","107","1","0","26.41","TimeShift"
"WarioWare D.I.Y.","3427","WarioWare D.I.Y.","882240","660","6161","1","4","1","0","1336.73","WarioWare D.I.Y."
"imscared","3428","imscared","882000","33600","4294","7","168","1","0","26.25","imscared"
"Point Blank: Strike","3429","Point Blank: Strike","880500","3840","3370","2","14","1","0","229.3","Point Blank: Strike"
"ShootMania Storm","3430","ShootMania Storm","879780","118260","3914","4","130","1","0","7.44","ShootMania Storm"
"Stayin' Alive","3431","Stayin' Alive","878880","4080","8789","7","0","1","0","215.41","Stayin' Alive"
"Resident Evil: Operation Raccoon City","3432","Resident Evil: Operation Raccoon City","878700","99900","820","3","284","1","0","8.8","Resident Evil: Operation Raccoon City"
"Moonlight Blade","3433","Moonlight Blade","878580","210000","196","12","218","1","0","4.18","Moonlight Blade"
"Galaxy Online 2","3434","Galaxy Online 2","878340","142500","27","2","4","1","0","6.16","Galaxy Online 2"
"Shadow Bug","3435","Shadow Bug","877740","14940","4486","4","67","1","0","58.75","Shadow Bug"
"Eternal Champions: Challenge from the Dark Side","3436","Eternal Champions: Challenge from the Dark Side","877440","1380","4460","1","6","1","0","635.83","Eternal Champions: Challenge from the Dark Side"
"Toejam & Earl","3437","Toejam & Earl","877260","60900","1723","7","136","1","0","14.4","Toejam & Earl"
"deeeep.io","3438","deeeep.io","877200","16740","10234","4","98","1","0","52.4","deeeep.io"
"Chicken Shoot","3439","Chicken Shoot","876360","720","14589","1","4","1","0","1217.17","Chicken Shoot"
"Cosmoteer","3440","Cosmoteer","875520","47280","1847","5","180","1","0","18.52","Cosmoteer"
"ESPN Extreme Games","3441","ESPN Extreme Games","875100","480","7360","1","2","1","0","1823.13","ESPN Extreme Games"
"Paint it Back","3442","Paint it Back","874560","14640","2971","2","41","1","0","59.74","Paint it Back"
"Barony","3443","Barony","873360","80640","3308","4","288","1","0","10.83","Barony"
"Empire: Total War","3444","Empire: Total War","872820","162360","377","4","422","1","0","5.38","Empire: Total War"
"Guacamelee!: Super Turbo Championship Edition","3445","Guacamelee!: Super Turbo Championship Edition","871080","102360","1920","3","319","1","0","8.51","Guacamelee!: Super Turbo Championship Edition"
"Aura Kingdom","3446","Aura Kingdom","870720","296040","490","6","776","1","0","2.94","Aura Kingdom"
"Pac-Man and the Ghostly Adventures 2","3447","Pac-Man and the Ghostly Adventures 2","870240","960","1920","1","3","1","0","906.5","Pac-Man and the Ghostly Adventures 2"
"Devil May Cry HD Collection","3448","Devil May Cry HD Collection","869700","44040","485","3","104","1","0","19.75","Devil May Cry HD Collection"
"Dead Island Riptide","3449","Dead Island Riptide","869640","256560","2807","6","919","1","0","3.39","Dead Island Riptide"
"We Love Katamari","3450","We Love Katamari","869280","52260","3055","2","147","1","0","16.63","We Love Katamari"
"The Legend of Zelda: Ocarina of Time / Master Quest","3451","The Legend of Zelda: Ocarina of Time / Master Quest","868140","110820","1022","5","204","1","0","7.83","The Legend of Zelda: Ocarina of Time / Master Quest"
"Sanctum 2","3452","Sanctum 2","867780","184320","4893","14","781","1","0","4.71","Sanctum 2"
"Gold Rush","3453","Gold Rush","867060","16800","1490","3","75","1","0","51.61","Gold Rush"
"Drifting Lands","3454","Drifting Lands","866880","48360","1947","7","185","1","0","17.93","Drifting Lands"
"CART Racing","3455","CART Racing","865740","4320","3759","3","35","1","0","200.4","CART Racing"
"Blade Ballet","3456","Blade Ballet","865500","5160","5755","3","16","1","0","167.73","Blade Ballet"
"Gradius III","3457","Gradius III","865440","27060","7267","4","117","1","0","31.98","Gradius III"
"Broken Sword: The Shadow of the Templars","3458","Broken Sword: The Shadow of the Templars","864840","126720","1079","4","234","1","0","6.82","Broken Sword: The Shadow of the Templars"
"Tekken Hybrid","3459","Tekken Hybrid","864840","420","8522","2","3","1","0","2059.14","Tekken Hybrid"
"Twinkle Star Sprites","3460","Twinkle Star Sprites","863700","24600","6763","2","52","1","0","35.11","Twinkle Star Sprites"
"Jinyong Qunxia Zhuan","3461","Jinyong Qunxia Zhuan","863520","7800","581","1","7","1","0","110.71","Jinyong Qunxia Zhuan"
"The Lord of the Rings: The Battle for Middle-earth","3462","The Lord of the Rings: The Battle for Middle-earth","863460","114360","475","3","168","1","0","7.55","The Lord of the Rings: The Battle for Middle-earth"
"Fable Fortune","3463","Fable Fortune","862980","197160","431","11","267","1","0","4.38","Fable Fortune"
"D4: Dark Dreams Don't Die","3464","D4: Dark Dreams Don't Die","861120","88620","1530","4","382","1","0","9.72","D4: Dark Dreams Don't Die"
"Chip 'N Dale: Rescue Rangers","3465","Chip 'N Dale: Rescue Rangers","861000","85080","1049","13","290","1","0","10.12","Chip 'N Dale: Rescue Rangers"
"Rat Simulator","3466","Rat Simulator","860940","6780","2243","2","43","1","0","126.98","Rat Simulator"
"Earth Defense Force","3467","Earth Defense Force","860640","9840","1919","2","40","1","0","87.46","Earth Defense Force"
"Segata Sanshirou Shinken Yuugi","3468","Segata Sanshirou Shinken Yuugi","860580","240","7374","1","1","1","0","3585.75","Segata Sanshirou Shinken Yuugi"
"Virtua Cop","3469","Virtua Cop","860100","1380","7394","1","7","1","0","623.26","Virtua Cop"
"Dungeon Keeper 2","3470","Dungeon Keeper 2","859860","48300","1497","3","104","1","0","17.8","Dungeon Keeper 2"
"Punch Planet","3471","Punch Planet","859140","19260","6732","7","53","1","0","44.61","Punch Planet"
"Barbie Superpack: Secret Agent / Groovy Games","3472","Barbie Superpack: Secret Agent / Groovy Games","859080","6480","5344","3","38","1","0","132.57","Barbie Superpack: Secret Agent / Groovy Games"
"Mega Man Battle Network","3473","Mega Man Battle Network","858480","108180","388","3","181","1","0","7.94","Mega Man Battle Network"
"The Testament of Sherlock Holmes","3474","The Testament of Sherlock Holmes","858240","60900","380","3","116","1","0","14.09","The Testament of Sherlock Holmes"
"Shadowgun Legends","3475","Shadowgun Legends","857820","10980","3647","3","14","1","0","78.13","Shadowgun Legends"
"Sonic Lost World","3476","Sonic Lost World","856800","92640","380","3","341","1","0","9.25","Sonic Lost World"
"Tales of Graces F","3477","Tales of Graces F","856680","82680","1085","3","56","1","0","10.36","Tales of Graces F"
"The Punisher","3478","The Punisher","856680","48420","4375","3","174","1","0","17.69","The Punisher"
"Vectorman","3479","Vectorman","855660","9480","6126","2","59","1","0","90.26","Vectorman"
"Prototype 2","3480","Prototype 2","853980","164220","3295","4","859","1","0","5.2","Prototype 2"
"Clash of Kings","3481","Clash of Kings","853920","9240","4697","2","32","1","0","92.42","Clash of Kings"
"Let's Sing 2016","3482","Let's Sing 2016","853440","9240","4746","1","31","1","0","92.36","Let's Sing 2016"
"Saturday Morning RPG","3483","Saturday Morning RPG","853320","26220","6330","4","114","1","0","32.54","Saturday Morning RPG"
"WarioWare, Inc.: Mega Party Game$","3484","WarioWare, Inc.: Mega Party Game$","853020","11820","3337","2","77","1","0","72.17","WarioWare, Inc.: Mega Party Game$"
"Dragon Ball: Raging Blast 2","3485","Dragon Ball: Raging Blast 2","851820","8880","4702","2","26","1","0","95.93","Dragon Ball: Raging Blast 2"
"Gran Turismo 2","3486","Gran Turismo 2","851520","79620","7948","3","145","1","0","10.69","Gran Turismo 2"
"Legends of Aria","3487","Legends of Aria","851160","91020","361","8","96","1","0","9.35","Legends of Aria"
"Lara Croft Tomb Raider: The Angel of Darkness","3488","Lara Croft Tomb Raider: The Angel of Darkness","850740","66060","601","3","87","1","0","12.88","Lara Croft Tomb Raider: The Angel of Darkness"
"Call of Duty: Black Ops Zombies","3489","Call of Duty: Black Ops Zombies","850440","167340","2145","4","761","1","0","5.08","Call of Duty: Black Ops Zombies"
"Mega Man Battle Network 6","3490","Mega Man Battle Network 6","849960","61560","1905","6","100","1","0","13.81","Mega Man Battle Network 6"
"Phantom Dust","3491","Phantom Dust","849840","116160","423","22","326","1","0","7.32","Phantom Dust"
"Cublast HD","3492","Cublast HD","849840","5640","13146","2","34","1","0","150.68","Cublast HD"
"Zone of the Enders HD Collection","3493","Zone of the Enders HD Collection","849300","32040","1559","2","83","1","0","26.51","Zone of the Enders HD Collection"
"Snake Rattle 'n Roll","3494","Snake Rattle 'n Roll","849120","8520","1765","2","37","1","0","99.66","Snake Rattle 'n Roll"
"Fire Emblem: Monshou no Nazo","3495","Fire Emblem: Monshou no Nazo","848400","28080","3451","3","28","1","0","30.21","Fire Emblem: Monshou no Nazo"
"Phoenix Wright: Ace Attorney - Justice For All","3496","Phoenix Wright: Ace Attorney - Justice For All","847980","99960","134","4","117","1","0","8.48","Phoenix Wright: Ace Attorney - Justice For All"
"Aliens: Colonial Marines","3497","Aliens: Colonial Marines","847680","113520","1794","6","369","1","0","7.47","Aliens: Colonial Marines"
"Eryi's Action","3498","Eryi's Action","847680","25560","1664","2","97","1","0","33.16","Eryi's Action"
"Lara Croft and the Temple of Osiris","3499","Lara Croft and the Temple of Osiris","847620","238500","1668","18","1507","1","0","3.55","Lara Croft and the Temple of Osiris"
"Shadowrun: Dragonfall - Director's Cut","3500","Shadowrun: Dragonfall - Director's Cut","846540","152820","122","4","247","1","0","5.54","Shadowrun: Dragonfall - Director's Cut"