"","","Game","Watch time","Stream time","Peak viewers","Peak channels","Streamers","Average viewers","Average channels","Average viewer ratio",""
"Diablo","601","Diablo","24383160","583620","9871","11","1130","46","1","41.78","Diablo"
"Sly Cooper and the Thievius Raccoonus","602","Sly Cooper and the Thievius Raccoonus","24126240","287880","151385","13","436","45","0","83.81","Sly Cooper and the Thievius Raccoonus"
"The Witness","603","The Witness","24104940","1511160","22596","22","4036","45","2","15.95","The Witness"
"Inside","604","Inside","24016080","1321500","12738","17","6760","45","2","18.17","Inside"
"Choice Chamber","605","Choice Chamber","23977560","869820","10396","21","4593","45","1","27.57","Choice Chamber"
"Vindictus","606","Vindictus","23912760","3329820","2583","35","2520","45","6","7.18","Vindictus"
"Tomb Raider","607","Tomb Raider","23900580","3069120","8286","27","9815","45","5","7.79","Tomb Raider"
"Sniper: Ghost Warrior 3","608","Sniper: Ghost Warrior 3","23874180","786960","32466","67","4232","45","1","30.34","Sniper: Ghost Warrior 3"
"Sonic Adventure 2: Battle","609","Sonic Adventure 2: Battle","23819340","1213320","176472","18","2441","45","2","19.63","Sonic Adventure 2: Battle"
"Everybody's Golf","610","Everybody's Golf","23780040","735000","42271","79","2134","45","1","32.35","Everybody's Golf"
"ShellShock Live","611","ShellShock Live","23730420","2414460","32234","31","8088","45","4","9.83","ShellShock Live"
"Spyro: Year of the Dragon","612","Spyro: Year of the Dragon","23716980","453660","157711","15","683","45","0","52.28","Spyro: Year of the Dragon"
"Alan Wake","613","Alan Wake","23693220","1536420","7855","44","4912","45","2","15.42","Alan Wake"
"Tetris: The Grand Master","614","Tetris: The Grand Master","23688660","91560","148613","9","119","45","0","258.72","Tetris: The Grand Master"
"Mafia II","615","Mafia II","23688360","886200","5701","12","2443","45","1","26.73","Mafia II"
"Donkey Kong Country","616","Donkey Kong Country","23670780","795240","6733","23","2289","45","1","29.77","Donkey Kong Country"
"Metroid Fusion","617","Metroid Fusion","23648940","393720","158618","14","849","44","0","60.07","Metroid Fusion"
"RiME","618","RiME","23631360","709980","16483","84","2742","44","1","33.28","RiME"
"Beholder","619","Beholder","23614740","380940","24439","9","1855","44","0","61.99","Beholder"
"Cards Against Humanity","620","Cards Against Humanity","23573460","1562100","34376","30","9624","44","2","15.09","Cards Against Humanity"
"Forza Motorsport 7","621","Forza Motorsport 7","23447580","2464560","29514","114","5488","44","4","9.51","Forza Motorsport 7"
"Resident Evil HD Remaster","622","Resident Evil HD Remaster","23445120","1271100","11707","19","3356","44","2","18.44","Resident Evil HD Remaster"
"Mad Max","623","Mad Max","23285760","3239340","14353","26","9369","44","6","7.19","Mad Max"
"Plants vs. Zombies: Heroes","624","Plants vs. Zombies: Heroes","23223420","463200","1997","7","279","44","0","50.14","Plants vs. Zombies: Heroes"
"Ys VIII: Lacrimosa of Dana","625","Ys VIII: Lacrimosa of Dana","23133240","781500","6311","36","1165","44","1","29.6","Ys VIII: Lacrimosa of Dana"
"Portal","626","Portal","23099880","1052700","169494","34","6013","43","2","21.94","Portal"
"Worms Armageddon","627","Worms Armageddon","22964940","177300","16959","7","553","43","0","129.53","Worms Armageddon"
"Bethesda at E3","628","Bethesda at E3","22890000","11100","394645","177","187","43","0","2062.16","Bethesda at E3"
"Super Mario World 2: Yoshi's Island","629","Super Mario World 2: Yoshi's Island","22859280","657720","33966","13","1272","43","1","34.76","Super Mario World 2: Yoshi's Island"
"Dishonored","630","Dishonored","22820760","2181600","28596","22","8180","43","4","10.46","Dishonored"
"Super Robot Taisen V","631","Super Robot Taisen V","22795860","1034400","10166","66","462","43","1","22.04","Super Robot Taisen V"
"Skyforge","632","Skyforge","22729080","6209820","44226","142","12667","43","11","3.66","Skyforge"
"Monster Hunter Generations","633","Monster Hunter Generations","22487400","1373280","1764","13","673","42","2","16.37","Monster Hunter Generations"
"Legion TD 2","634","Legion TD 2","22474980","775860","37519","37","797","42","1","28.97","Legion TD 2"
"Donkey Kong Country 2: Diddy's Kong Quest","635","Donkey Kong Country 2: Diddy's Kong Quest","22448400","844200","14964","25","1326","42","1","26.59","Donkey Kong Country 2: Diddy's Kong Quest"
"Halo: Combat Evolved","636","Halo: Combat Evolved","22380900","630480","160097","12","1509","42","1","35.5","Halo: Combat Evolved"
"Berserk and the Band of the Hawk","637","Berserk and the Band of the Hawk","22310460","1091340","45429","108","2782","42","2","20.44","Berserk and the Band of the Hawk"
"Kindergarten","638","Kindergarten","22309200","210540","33777","10","1180","42","0","105.96","Kindergarten"
"Minion Masters","639","Minion Masters","22205280","1290420","12379","29","2701","42","2","17.21","Minion Masters"
"Yu-Gi-Oh! Legacy of the Duelist","640","Yu-Gi-Oh! Legacy of the Duelist","22202520","2200200","19612","25","7879","42","4","10.09","Yu-Gi-Oh! Legacy of the Duelist"
"Fire Emblem","641","Fire Emblem","22126860","617640","123437","16","1062","42","1","35.82","Fire Emblem"
"The Legend of Zelda: Link's Awakening DX","642","The Legend of Zelda: Link's Awakening DX","22101960","471720","92947","14","582","42","0","46.85","The Legend of Zelda: Link's Awakening DX"
"Kirby's Dream Land 3","643","Kirby's Dream Land 3","22092420","44340","159503","15","185","42","0","498.25","Kirby's Dream Land 3"
"Ratchet & Clank","644","Ratchet & Clank","22071600","491580","135703","12","4863","41","0","44.9","Ratchet & Clank"
"Thimbleweed Park","645","Thimbleweed Park","21988800","525060","10566","29","1075","41","0","41.88","Thimbleweed Park"
"Age of Empires","646","Age of Empires","21975960","319260","2559","6","260","41","0","68.83","Age of Empires"
"NBA Playgrounds","647","NBA Playgrounds","21920280","612420","39807","96","3959","41","1","35.79","NBA Playgrounds"
"Get Even","648","Get Even","21908520","447240","37566","46","1677","41","0","48.99","Get Even"
"Cosmos","649","Cosmos","21819900","34980","20325","25","89","41","0","623.78","Cosmos"
"Diddy Kong Racing","650","Diddy Kong Racing","21807780","382680","148459","14","639","41","0","56.99","Diddy Kong Racing"
"Agents of Mayhem","651","Agents of Mayhem","21786960","838200","33811","126","2580","41","1","25.99","Agents of Mayhem"
"Catherine","652","Catherine","21765540","439320","7701","11","1041","41","0","49.54","Catherine"
"Tetris with Cardcaptor Sakura: Eternal Heart","653","Tetris with Cardcaptor Sakura: Eternal Heart","21742440","8280","181376","10","34","41","0","2625.9","Tetris with Cardcaptor Sakura: Eternal Heart"
"Furi","654","Furi","21690000","1014360","92088","13","5031","41","1","21.38","Furi"
"Dishonored: Death of the Outsider","655","Dishonored: Death of the Outsider","21646200","611160","11403","98","1824","41","1","35.42","Dishonored: Death of the Outsider"
"Pokémon Gold/Silver","656","Pokémon Gold/Silver","21607440","756900","2428","37","1271","41","1","28.55","Pokémon Gold/Silver"
"Street Fighter III: 3rd Strike","657","Street Fighter III: 3rd Strike","21541680","503640","18246","9","872","40","0","42.77","Street Fighter III: 3rd Strike"
"Shantae: Half-Genie Hero","658","Shantae: Half-Genie Hero","21494880","694800","89639","21","2106","40","1","30.94","Shantae: Half-Genie Hero"
"THE iDOLM@STER PLATINUM STARS","659","THE iDOLM@STER PLATINUM STARS","21410160","283260","4661","8","232","40","0","75.58","THE iDOLM@STER PLATINUM STARS"
"Nidhogg II","660","Nidhogg II","21409140","69000","39214","11","556","40","0","310.28","Nidhogg II"
"Dead Space 2","661","Dead Space 2","21394740","1097940","7963","19","3298","40","2","19.49","Dead Space 2"
"Monopoly Plus","662","Monopoly Plus","21355560","426000","37063","12","2254","40","0","50.13","Monopoly Plus"
"Mario Kart 64","663","Mario Kart 64","21329580","430800","148955","14","1521","40","0","49.51","Mario Kart 64"
"Alliance of Valiant Arms","664","Alliance of Valiant Arms","21239100","2662620","23245","25","2144","40","5","7.98","Alliance of Valiant Arms"
"Final Fantasy XI Online","665","Final Fantasy XI Online","21196140","2515680","1236","21","1081","40","4","8.43","Final Fantasy XI Online"
"Gothic","666","Gothic","21156900","508920","8765","9","818","40","0","41.57","Gothic"
"Warhammer: End Times – Vermintide","667","Warhammer: End Times – Vermintide","21073800","1888980","30508","24","5050","40","3","11.16","Warhammer: End Times – Vermintide"
"We Were Here","668","We Were Here","21048480","399240","49190","17","2519","40","0","52.72","We Were Here"
"Borderlands","669","Borderlands","20994120","2503020","2944","24","5572","39","4","8.39","Borderlands"
"Crash Bandicoot 2: Cortex Strikes Back","670","Crash Bandicoot 2: Cortex Strikes Back","20857200","543540","158305","19","1408","39","1","38.37","Crash Bandicoot 2: Cortex Strikes Back"
"Digimon Story: Cyber Sleuth Hacker's Memory","671","Digimon Story: Cyber Sleuth Hacker's Memory","20852700","125520","10314","23","16","39","0","166.13","Digimon Story: Cyber Sleuth Hacker's Memory"
"The Lord of the Rings Online","672","The Lord of the Rings Online","20796960","1842900","1095","19","1374","39","3","11.28","The Lord of the Rings Online"
"Silent Hill 3","673","Silent Hill 3","20749800","415200","8091","10","737","39","0","49.98","Silent Hill 3"
"The Sims 3","674","The Sims 3","20563560","1254720","6007","15","4107","39","2","16.39","The Sims 3"
"Devil May Cry","675","Devil May Cry","20534940","145860","149625","7","463","39","0","140.79","Devil May Cry"
"Everspace","676","Everspace","20532960","579240","39643","24","1802","39","1","35.45","Everspace"
"Tekken Tag Tournament 2","677","Tekken Tag Tournament 2","20479680","1186260","7590","16","2194","38","2","17.26","Tekken Tag Tournament 2"
"Age of Empires III: The Asian Dynasties","678","Age of Empires III: The Asian Dynasties","20410200","1173720","3094","11","1329","38","2","17.39","Age of Empires III: The Asian Dynasties"
"Dragon Age: Inquisition","679","Dragon Age: Inquisition","20397540","5841240","4738","41","11571","38","11","3.49","Dragon Age: Inquisition"
"Miitopia","680","Miitopia","20356380","157680","7359","11","180","38","0","129.1","Miitopia"
"Castlevania: Rondo of Blood","681","Castlevania: Rondo of Blood","20329320","53220","157319","10","167","38","0","381.99","Castlevania: Rondo of Blood"
"Drawful 2","682","Drawful 2","20195280","1038840","24989","24","5868","38","1","19.44","Drawful 2"
"Pro Evolution Soccer 2017","683","Pro Evolution Soccer 2017","20141640","2883360","24353","32","5779","38","5","6.99","Pro Evolution Soccer 2017"
"Spore","684","Spore","20109420","465600","13717","12","2288","38","0","43.19","Spore"
"Metroid Prime 2: Echoes","685","Metroid Prime 2: Echoes","20059920","267480","152037","12","373","38","0","75","Metroid Prime 2: Echoes"
"Kirby: Planet Robobot","686","Kirby: Planet Robobot","20003220","36360","145781","11","109","38","0","550.14","Kirby: Planet Robobot"
"The Last Guardian","687","The Last Guardian","19947660","678840","3909","15","6343","37","1","29.38","The Last Guardian"
"Super Senso","688","Super Senso","19915860","41340","18940","7","75","37","0","481.76","Super Senso"
"Brothers: A Tale of Two Sons","689","Brothers: A Tale of Two Sons","19686240","326400","165519","19","1732","37","0","60.31","Brothers: A Tale of Two Sons"
"Call of Duty 2","690","Call of Duty 2","19679040","663720","34914","13","1631","37","1","29.65","Call of Duty 2"
"Ape Escape","691","Ape Escape","19660320","166260","163153","11","309","37","0","118.25","Ape Escape"
"Kingdom Hearts HD II.8: Final Chapter Prologue","692","Kingdom Hearts HD II.8: Final Chapter Prologue","19590060","1341960","4238","179","3108","37","2","14.6","Kingdom Hearts HD II.8: Final Chapter Prologue"
"Dark Age of Camelot","693","Dark Age of Camelot","19539300","1784460","1827","43","921","37","3","10.95","Dark Age of Camelot"
"Toontown Online","694","Toontown Online","19525800","1608780","11820","23","2474","37","3","12.14","Toontown Online"
"Mighty No. 9","695","Mighty No. 9","19424460","218040","176744","15","921","36","0","89.09","Mighty No. 9"
"Mirror's Edge","696","Mirror's Edge","19381440","547200","167641","13","1992","36","1","35.42","Mirror's Edge"
"Sonic Forces","697","Sonic Forces","19322160","844800","34692","233","3049","36","1","22.87","Sonic Forces"
"Left 4 Dead","698","Left 4 Dead","19306860","574560","140433","18","2474","36","1","33.6","Left 4 Dead"
"Dirty Bomb","699","Dirty Bomb","19273800","3464580","1364","39","8023","36","6","5.56","Dirty Bomb"
"RUINER","700","RUINER","19189740","442920","45997","81","1831","36","0","43.33","RUINER"