"","","Game","Watch time","Stream time","Peak viewers","Peak channels","Streamers","Average viewers","Average channels","Average viewer ratio",""
"FIFA 14","1901","FIFA 14","3179880","633060","6381","11","1654","6","1","5.02","FIFA 14"
"Street Fighter Alpha 2","1902","Street Fighter Alpha 2","3172440","40080","7627","3","117","6","0","79.15","Street Fighter Alpha 2"
"Rhythm Heaven","1903","Rhythm Heaven","3164040","18840","12950","3","117","6","0","167.94","Rhythm Heaven"
"Reflex Arena","1904","Reflex Arena","3155460","348180","1519","11","566","6","0","9.06","Reflex Arena"
"Brawlout","1905","Brawlout","3137940","96420","39442","15","287","5","0","32.54","Brawlout"
"Killing Room","1906","Killing Room","3137880","190680","7762","5","893","5","0","16.46","Killing Room"
"Dragon Nest","1907","Dragon Nest","3132000","874740","939","12","1505","5","1","3.58","Dragon Nest"
"Axiom Verge","1908","Axiom Verge","3131280","442020","9906","8","1303","5","0","7.08","Axiom Verge"
"Life is Feudal: Forest Village","1909","Life is Feudal: Forest Village","3122580","334200","5870","14","660","5","0","9.34","Life is Feudal: Forest Village"
"Mario Golf: Toadstool Tour","1910","Mario Golf: Toadstool Tour","3111120","125940","2552","8","226","5","0","24.7","Mario Golf: Toadstool Tour"
"Zombi","1911","Zombi","3110520","382440","3981","10","1954","5","0","8.13","Zombi"
"In Verbis Virtus","1912","In Verbis Virtus","3108120","89820","4847","4","316","5","0","34.6","In Verbis Virtus"
"Serious Sam HD: The Second Encounter","1913","Serious Sam HD: The Second Encounter","3107580","56640","9118","4","326","5","0","54.87","Serious Sam HD: The Second Encounter"
"Half-Life 2: Episode Two","1914","Half-Life 2: Episode Two","3107340","190380","7007","5","591","5","0","16.32","Half-Life 2: Episode Two"
"Rayman 2: The Great Escape","1915","Rayman 2: The Great Escape","3105000","118680","2916","4","286","5","0","26.16","Rayman 2: The Great Escape"
"Star Ocean: Till the End of Time","1916","Star Ocean: Till the End of Time","3103920","208980","8107","9","715","5","0","14.85","Star Ocean: Till the End of Time"
"Dawn of Discovery","1917","Dawn of Discovery","3100980","167160","3023","5","370","5","0","18.55","Dawn of Discovery"
"Knowledge is Power","1918","Knowledge is Power","3095040","4020","12308","3","24","5","0","769.91","Knowledge is Power"
"Far Cry 3: Blood Dragon","1919","Far Cry 3: Blood Dragon","3092340","216600","6209","6","1009","5","0","14.28","Far Cry 3: Blood Dragon"
"Yoshi's Woolly World","1920","Yoshi's Woolly World","3088200","171840","1770","4","462","5","0","17.97","Yoshi's Woolly World"
"Way of Redemption","1921","Way of Redemption","3086580","3660","13833","3","18","5","0","843.33","Way of Redemption"
"Judgment: Apocalypse Survival Simulation","1922","Judgment: Apocalypse Survival Simulation","3084060","69060","2907","3","131","5","0","44.66","Judgment: Apocalypse Survival Simulation"
"Warhammer 40,000: Dawn of War - Soulstorm","1923","Warhammer 40,000: Dawn of War - Soulstorm","3078480","374220","5555","6","556","5","0","8.23","Warhammer 40,000: Dawn of War - Soulstorm"
"FIFA Street","1924","FIFA Street","3077100","9000","7624","2","30","5","0","341.9","FIFA Street"
"Board Game Classics","1925","Board Game Classics","3074940","12060","6751","5","6","5","0","254.97","Board Game Classics"
"Dead Realm","1926","Dead Realm","3071820","51120","3879","7","354","5","0","60.09","Dead Realm"
"Need for Speed: ProStreet","1927","Need for Speed: ProStreet","3069060","83340","838","4","254","5","0","36.83","Need for Speed: ProStreet"
"Sword of the Stars: The Pit","1928","Sword of the Stars: The Pit","3062760","134400","747","4","124","5","0","22.79","Sword of the Stars: The Pit"
"Kahoots","1929","Kahoots","3058260","44220","29749","3","290","5","0","69.16","Kahoots"
"Killing Floor","1930","Killing Floor","3057960","617100","27528","24","3158","5","1","4.96","Killing Floor"
"Flatout 4: Total Insanity","1931","Flatout 4: Total Insanity","3053700","159900","13490","12","628","5","0","19.1","Flatout 4: Total Insanity"
"Sudeki","1932","Sudeki","3053280","33360","2826","2","73","5","0","91.53","Sudeki"
"Through the Woods","1933","Through the Woods","3049380","99300","6541","6","417","5","0","30.71","Through the Woods"
"The Survey","1934","The Survey","3047640","37380","13372","3","158","5","0","81.53","The Survey"
"Torment: Tides Of Numenera","1935","Torment: Tides Of Numenera","3044640","344880","1408","48","756","5","0","8.83","Torment: Tides Of Numenera"
"Company of Heroes","1936","Company of Heroes","3043980","438060","236","8","939","5","0","6.95","Company of Heroes"
"Mega Man 8: Anniversary Edition","1937","Mega Man 8: Anniversary Edition","3043020","101700","3385","3","240","5","0","29.92","Mega Man 8: Anniversary Edition"
"Shin Hayarigami","1938","Shin Hayarigami","3040440","23940","2865","2","15","5","0","127","Shin Hayarigami"
"True or False","1939","True or False","3036360","4440","25264","4","24","5","0","683.86","True or False"
"Train Valley","1940","Train Valley","3030600","36780","16820","3","120","5","0","82.4","Train Valley"
"Animal Super Squad","1941","Animal Super Squad","3021540","8700","39288","5","55","5","0","347.3","Animal Super Squad"
"Marvel Contest of Champions","1942","Marvel Contest of Champions","3019260","206700","4228","4","169","5","0","14.61","Marvel Contest of Champions"
"Zwei II","1943","Zwei II","3018360","35220","3858","6","53","5","0","85.7","Zwei II"
"Pokémon Diamond/Pearl","1944","Pokémon Diamond/Pearl","3018180","259500","983","7","638","5","0","11.63","Pokémon Diamond/Pearl"
"Shippuu! Iron Leaguer","1945","Shippuu! Iron Leaguer","3018120","720","96963","6","9","5","0","4191.83","Shippuu! Iron Leaguer"
"Kitty Powers' Matchmaker","1946","Kitty Powers' Matchmaker","3015360","67860","6247","7","271","5","0","44.44","Kitty Powers' Matchmaker"
"Sonic CD","1947","Sonic CD","3012660","190260","2933","8","911","5","0","15.83","Sonic CD"
"Call of Juarez: Gunslinger","1948","Call of Juarez: Gunslinger","3012600","138900","6000","4","560","5","0","21.69","Call of Juarez: Gunslinger"
"Marble Madness","1949","Marble Madness","3008520","45000","115253","5","81","5","0","66.86","Marble Madness"
"Deadpool","1950","Deadpool","3006360","540960","1933","11","2514","5","1","5.56","Deadpool"
"Tom Clancy's Rainbow 6: Patriots","1951","Tom Clancy's Rainbow 6: Patriots","3003900","1266120","2770","19","8299","5","2","2.37","Tom Clancy's Rainbow 6: Patriots"
"Warhammer 40,000: Space Marine","1952","Warhammer 40,000: Space Marine","3001020","149220","3087","5","526","5","0","20.11","Warhammer 40,000: Space Marine"
"DJ MAX Respect","1953","DJ MAX Respect","2999820","21780","3419","2","70","5","0","137.73","DJ MAX Respect"
"Mega Man Legacy Collection 2","1954","Mega Man Legacy Collection 2","2996340","349260","1650","41","1081","5","0","8.58","Mega Man Legacy Collection 2"
"Gravity Rush","1955","Gravity Rush","2995800","231120","2701","9","1148","5","0","12.96","Gravity Rush"
"Caveblazers","1956","Caveblazers","2994960","178320","3465","10","652","5","0","16.8","Caveblazers"
"The Secret World","1957","The Secret World","2989440","341760","3233","66","770","5","0","8.75","The Secret World"
"Dead Rising 2","1958","Dead Rising 2","2987220","505080","3585","8","1956","5","0","5.91","Dead Rising 2"
"God Eater 2: Rage Burst","1959","God Eater 2: Rage Burst","2986740","707040","3719","12","2068","5","1","4.22","God Eater 2: Rage Burst"
"Future Unfolding","1960","Future Unfolding","2974560","230280","356","3","28","5","0","12.92","Future Unfolding"
"PWND","1961","PWND","2972820","46800","21155","7","163","5","0","63.52","PWND"
"Rampage Knights","1962","Rampage Knights","2970060","145920","24132","4","553","5","0","20.35","Rampage Knights"
"LEGO Star Wars: The Complete Saga","1963","LEGO Star Wars: The Complete Saga","2969460","402180","4024","25","1459","5","0","7.38","LEGO Star Wars: The Complete Saga"
"Family Feud","1964","Family Feud","2964180","15600","6259","3","72","5","0","190.01","Family Feud"
"Root of Evil: The Tailor","1965","Root of Evil: The Tailor","2959680","32580","21202","3","176","5","0","90.84","Root of Evil: The Tailor"
"Fire Emblem: Radiant Dawn","1966","Fire Emblem: Radiant Dawn","2955600","289620","1577","6","242","5","0","10.21","Fire Emblem: Radiant Dawn"
"911 Paramedic","1967","911 Paramedic","2952900","35160","18482","5","188","5","0","83.98","911 Paramedic"
"Mortal Kombat Mythologies: Sub-Zero","1968","Mortal Kombat Mythologies: Sub-Zero","2951940","20040","7635","4","66","5","0","147.3","Mortal Kombat Mythologies: Sub-Zero"
"Cossacks 3","1969","Cossacks 3","2951880","380760","817","7","714","5","0","7.75","Cossacks 3"
"Max Payne 2: The Fall of Max Payne","1970","Max Payne 2: The Fall of Max Payne","2951640","164280","1826","5","497","5","0","17.97","Max Payne 2: The Fall of Max Payne"
"Syberia II","1971","Syberia II","2948280","108300","3138","9","261","5","0","27.22","Syberia II"
"Space Pirates and Zombies 2","1972","Space Pirates and Zombies 2","2947620","66120","2730","6","156","5","0","44.58","Space Pirates and Zombies 2"
"Castlevania II: Simon's Quest","1973","Castlevania II: Simon's Quest","2945640","118620","9766","5","198","5","0","24.83","Castlevania II: Simon's Quest"
"Lifeline","1974","Lifeline","2941080","38160","2134","2","48","5","0","77.07","Lifeline"
"The Guild 2: Renaissance","1975","The Guild 2: Renaissance","2935800","111060","5841","4","285","5","0","26.43","The Guild 2: Renaissance"
"Magicka 2","1976","Magicka 2","2934840","168660","12046","8","1127","5","0","17.4","Magicka 2"
"Quern: Undying Thoughts","1977","Quern: Undying Thoughts","2934120","94020","3833","4","134","5","0","31.21","Quern: Undying Thoughts"
"Jet Grind Radio","1978","Jet Grind Radio","2929020","244380","7276","6","832","5","0","11.99","Jet Grind Radio"
"The Cat Lady","1979","The Cat Lady","2925780","164580","3969","6","398","5","0","17.78","The Cat Lady"
"Machinarium","1980","Machinarium","2923200","137760","4893","4","471","5","0","21.22","Machinarium"
"The Secret of Monkey Island","1981","The Secret of Monkey Island","2920620","223500","2353","5","616","5","0","13.07","The Secret of Monkey Island"
"Kingdom Hearts Union χ[Cross]","1982","Kingdom Hearts Union χ[Cross]","2920320","330480","3789","8","285","5","0","8.84","Kingdom Hearts Union χ[Cross]"
"Kingdom Hearts 3D: Dream Drop Distance","1983","Kingdom Hearts 3D: Dream Drop Distance","2915340","132600","2237","6","310","5","0","21.99","Kingdom Hearts 3D: Dream Drop Distance"
"Dante's Inferno","1984","Dante's Inferno","2912520","63840","3743","2","119","5","0","45.62","Dante's Inferno"
"Titan Quest: Immortal Throne","1985","Titan Quest: Immortal Throne","2910180","339000","9881","15","775","5","0","8.58","Titan Quest: Immortal Throne"
"PaRappa the Rapper 2","1986","PaRappa the Rapper 2","2909640","45900","13863","3","491","5","0","63.39","PaRappa the Rapper 2"
"Blue Horizon","1987","Blue Horizon","2904900","1200","3837","1","3","5","0","2420.75","Blue Horizon"
"South Park: Phone Destroyer","1988","South Park: Phone Destroyer","2903100","165360","1846","12","362","5","0","17.56","South Park: Phone Destroyer"
"SpongeBob SquarePants: The Movie","1989","SpongeBob SquarePants: The Movie","2902980","108960","3093","5","194","5","0","26.64","SpongeBob SquarePants: The Movie"
"Jotun","1990","Jotun","2892960","462480","2032","30","2672","5","0","6.26","Jotun"
"Bloons TD 5","1991","Bloons TD 5","2887980","334860","3700","7","1607","5","0","8.62","Bloons TD 5"
"Donkey Kong Country Returns","1992","Donkey Kong Country Returns","2880300","118620","7988","5","226","5","0","24.28","Donkey Kong Country Returns"
"Heroes Arena","1993","Heroes Arena","2879640","22620","6199","2","70","5","0","127.31","Heroes Arena"
"Monster Hunter X","1994","Monster Hunter X","2876640","102360","5526","7","136","5","0","28.1","Monster Hunter X"
"Volgarr the Viking","1995","Volgarr the Viking","2874000","179280","11689","6","574","5","0","16.03","Volgarr the Viking"
"Angels of Death","1996","Angels of Death","2871360","45720","2306","3","109","5","0","62.8","Angels of Death"
"Worms Clan Wars","1997","Worms Clan Wars","2869620","100680","15351","6","522","5","0","28.5","Worms Clan Wars"
"Street Fighter Alpha 3","1998","Street Fighter Alpha 3","2869620","42840","8457","2","164","5","0","66.98","Street Fighter Alpha 3"
"Half-Minute Hero: The Second Coming","1999","Half-Minute Hero: The Second Coming","2866380","32040","6312","3","91","5","0","89.46","Half-Minute Hero: The Second Coming"
"LEGO Harry Potter: Years 1-4","2000","LEGO Harry Potter: Years 1-4","2860560","284940","1876","7","826","5","0","10.04","LEGO Harry Potter: Years 1-4"