"","","Game","Watch time","Stream time","Peak viewers","Peak channels","Streamers","Average viewers","Average channels","Average viewer ratio",""
"Independence Day","401","Independence Day","45445560","9360","22110","4","27","86","0","4855.29","Independence Day"
"Pokémon Trading Card Game","402","Pokémon Trading Card Game","44955120","352800","22779","12","893","85","0","127.42","Pokémon Trading Card Game"
"Dream Daddy: A Dad Dating Simulator","403","Dream Daddy: A Dad Dating Simulator","44748360","1366800","30084","256","5481","85","2","32.74","Dream Daddy: A Dad Dating Simulator"
"Duelyst","404","Duelyst","44701380","1108320","12487","12","1348","85","2","40.33","Duelyst"
"Comedy Night","405","Comedy Night","44265120","712200","32797","39","2858","84","1","62.15","Comedy Night"
"Shovel Knight","406","Shovel Knight","44128560","1647360","191303","55","5190","83","3","26.79","Shovel Knight"
"Tekken 7: Fated Retribution","407","Tekken 7: Fated Retribution","43766820","464700","25991","16","557","83","0","94.18","Tekken 7: Fated Retribution"
"WWE 2K18","408","WWE 2K18","43470960","4090140","45898","204","6449","82","7","10.63","WWE 2K18"
"Mega Man X2","409","Mega Man X2","43380180","469440","146913","10","708","82","0","92.41","Mega Man X2"
"XCOM: Enemy Within","410","XCOM: Enemy Within","42692760","1439100","2469","14","1613","81","2","29.67","XCOM: Enemy Within"
"Tales of Berseria","411","Tales of Berseria","42308880","4788900","8984","182","7348","80","9","8.83","Tales of Berseria"
"Metal Gear Solid 3: Snake Eater","412","Metal Gear Solid 3: Snake Eater","42268740","457920","4666","7","675","80","0","92.31","Metal Gear Solid 3: Snake Eater"
"Final Fantasy VI","413","Final Fantasy VI","41962260","1904040","33524","22","1792","79","3","22.04","Final Fantasy VI"
"Heavy Rain","414","Heavy Rain","41776740","444420","16383","10","2545","79","0","94","Heavy Rain"
"What Remains of Edith Finch","415","What Remains of Edith Finch","41605920","509580","45323","26","2972","79","0","81.65","What Remains of Edith Finch"
"Call of Duty: Black Ops","416","Call of Duty: Black Ops","41569800","4572660","34830","48","9226","79","8","9.09","Call of Duty: Black Ops"
"The Legend of Zelda","417","The Legend of Zelda","41567520","2023800","30956","36","2327","79","3","20.54","The Legend of Zelda"
"Fallout 3","418","Fallout 3","41506500","3032400","7221","21","6228","78","5","13.69","Fallout 3"
"Luigi's Mansion","419","Luigi's Mansion","41421960","1077780","146962","46","1888","78","2","38.43","Luigi's Mansion"
"Dishonored 2","420","Dishonored 2","41323740","4593540","180946","46","15327","78","8","9","Dishonored 2"
"Resident Evil 2 (1998)","421","Resident Evil 2 (1998)","41290260","1271580","11877","15","1905","78","2","32.47","Resident Evil 2 (1998)"
"For the King","422","For the King","41194920","728760","9922","23","1587","78","1","56.53","For the King"
"MU Legend","423","MU Legend","41129160","3024060","6090","276","3709","78","5","13.6","MU Legend"
"Kingdom Hearts II","424","Kingdom Hearts II","40945320","1035120","148031","20","1906","77","1","39.56","Kingdom Hearts II"
"PlanetSide 2","425","PlanetSide 2","40912740","5795520","4505","39","9986","77","11","7.06","PlanetSide 2"
"S.T.A.L.K.E.R.: Call of Pripyat","426","S.T.A.L.K.E.R.: Call of Pripyat","40643340","1950420","11190","23","4083","77","3","20.84","S.T.A.L.K.E.R.: Call of Pripyat"
"Half-Life 2","427","Half-Life 2","40409640","1557720","142862","20","5540","76","2","25.94","Half-Life 2"
"Metal Gear Solid","428","Metal Gear Solid","40328760","753120","27204","12","1472","76","1","53.55","Metal Gear Solid"
"Aion","429","Aion","40213740","3683340","3437","27","2766","76","7","10.92","Aion"
"Werewolves 狼人殺","430","Werewolves 狼人殺","40197360","124920","7684","6","39","76","0","321.78","Werewolves 狼人殺"
"Donkey Kong 64","431","Donkey Kong 64","40135920","677520","160813","14","826","76","1","59.24","Donkey Kong 64"
"Beyond: Two Souls","432","Beyond: Two Souls","40128600","511620","13982","8","2791","76","0","78.43","Beyond: Two Souls"
"Just Survive","433","Just Survive","39988380","4376280","11667","52","8066","76","8","9.14","Just Survive"
"Penn And Teller's Smoke And Mirrors","434","Penn And Teller's Smoke And Mirrors","39950280","14640","8395","3","22","76","0","2728.84","Penn And Teller's Smoke And Mirrors"
"Pokémon Go","435","Pokémon Go","39894480","709020","49306","22","1332","75","1","56.27","Pokémon Go"
"This War of Mine","436","This War of Mine","39670080","1755720","17603","29","6088","75","3","22.59","This War of Mine"
"Star Wars Battlefront","437","Star Wars Battlefront","39485880","10934280","22815","127","39205","75","20","3.61","Star Wars Battlefront"
"Crusader Kings II","438","Crusader Kings II","39484980","1553160","6406","18","2283","75","2","25.42","Crusader Kings II"
"Splatoon","439","Splatoon","39449340","4112940","3020","64","3277","75","7","9.59","Splatoon"
"Divinity: Original Sin","440","Divinity: Original Sin","39191460","2434680","120880","29","4875","74","4","16.1","Divinity: Original Sin"
"F1 2017","441","F1 2017","38967060","1512600","46173","86","5075","74","2","25.76","F1 2017"
"Dead Space","442","Dead Space","38954640","2202060","20788","51","7008","74","4","17.69","Dead Space"
"Rise of the Tomb Raider","443","Rise of the Tomb Raider","38940360","7446060","22921","72","21073","74","14","5.23","Rise of the Tomb Raider"
"Gold Rush: The Game","444","Gold Rush: The Game","38846520","1315320","42726","105","2111","73","2","29.53","Gold Rush: The Game"
"Super Mario Bros.","445","Super Mario Bros.","38528220","1355580","212544","16","2282","73","2","28.42","Super Mario Bros."
"Modern Warfare 2","446","Modern Warfare 2","38395200","2743200","8783","35","9705","73","5","14","Modern Warfare 2"
"Watch Dogs 2","447","Watch Dogs 2","38334660","3139800","6064","53","25601","72","5","12.21","Watch Dogs 2"
"Layers of Fear","448","Layers of Fear","38095020","4690140","12513","307","23819","72","8","8.12","Layers of Fear"
"Space Engineers","449","Space Engineers","37569780","3839880","6367","30","5688","71","7","9.78","Space Engineers"
"Bridge Constructor Portal","450","Bridge Constructor Portal","37459500","185400","29171","41","0","71","0","202.05","Bridge Constructor Portal"
"Bayonetta","451","Bayonetta","37073160","1805520","24966","71","5976","70","3","20.53","Bayonetta"
"Foxhole","452","Foxhole","36958260","1534800","47777","55","3008","70","2","24.08","Foxhole"
"Metro: Last Light","453","Metro: Last Light","36918900","1438740","14338","28","5152","70","2","25.66","Metro: Last Light"
"Fire Emblem Mobile","454","Fire Emblem Mobile","36843120","1124820","5628","47","1488","70","2","32.75","Fire Emblem Mobile"
"Granblue Fantasy","455","Granblue Fantasy","36775680","3167280","1259","34","2136","69","6","11.61","Granblue Fantasy"
"Super Meat Boy","456","Super Meat Boy","36714660","1044240","164982","17","5724","69","1","35.16","Super Meat Boy"
"NBA 2K16","457","NBA 2K16","36600420","8589600","4961","92","22725","69","16","4.26","NBA 2K16"
"Yakuza Kiwami","458","Yakuza Kiwami","36565080","1616640","6517","93","2289","69","3","22.62","Yakuza Kiwami"
"Marvel Future Fight","459","Marvel Future Fight","36500580","317280","17451","6","196","69","0","115.04","Marvel Future Fight"
"APB Reloaded","460","APB Reloaded","35996400","5187660","23277","37","6219","68","9","6.94","APB Reloaded"
"The Walking Dead: Season Two","461","The Walking Dead: Season Two","35913780","2433060","9564","50","7823","68","4","14.76","The Walking Dead: Season Two"
"HEX: Shards of Fate","462","HEX: Shards of Fate","35382900","1278360","708","21","483","67","2","27.68","HEX: Shards of Fate"
"DragonBall Xenoverse 2","463","DragonBall Xenoverse 2","35207040","3313200","10204","30","24365","66","6","10.63","DragonBall Xenoverse 2"
"Star Trek: Bridge Crew","464","Star Trek: Bridge Crew","35142540","261540","45145","39","1493","66","0","134.37","Star Trek: Bridge Crew"
"Naruto Shippuden: Ultimate Ninja Storm 4","465","Naruto Shippuden: Ultimate Ninja Storm 4","35139300","4536420","19689","77","19135","66","8","7.75","Naruto Shippuden: Ultimate Ninja Storm 4"
"Car Mechanic Simulator 2018","466","Car Mechanic Simulator 2018","35110500","1253100","37783","63","2983","66","2","28.02","Car Mechanic Simulator 2018"
"S.T.A.L.K.E.R.: Shadow of Chernobyl","467","S.T.A.L.K.E.R.: Shadow of Chernobyl","35092740","1884540","13890","18","3942","66","3","18.62","S.T.A.L.K.E.R.: Shadow of Chernobyl"
"Night in the Woods","468","Night in the Woods","35009160","1280700","38858","59","3471","66","2","27.34","Night in the Woods"
"Virtual Reality","469","Virtual Reality","34940880","1834920","22400","16","2078","66","3","19.04","Virtual Reality"
"Grand Theft Auto IV","470","Grand Theft Auto IV","34846200","1446840","12628","39","4975","66","2","24.08","Grand Theft Auto IV"
"Duck Game","471","Duck Game","34771980","648300","38118","20","3961","66","1","53.64","Duck Game"
"Hand of Fate","472","Hand of Fate","34760280","570000","36902","11","2237","66","1","60.98","Hand of Fate"
"Disc Jam","473","Disc Jam","34486020","923880","41028","26","6698","65","1","37.33","Disc Jam"
"Northgard","474","Northgard","34474080","1273200","35853","27","3475","65","2","27.08","Northgard"
"Super Mario Galaxy","475","Super Mario Galaxy","34472880","928740","5311","31","1344","65","1","37.12","Super Mario Galaxy"
"Wrestling","476","Wrestling","34346340","177900","71724","10","110","65","0","193.07","Wrestling"
"Revelation Online","477","Revelation Online","34292280","4758660","10916","181","5559","65","9","7.21","Revelation Online"
"Castlevania: Symphony of the Night","478","Castlevania: Symphony of the Night","34100400","839820","152275","15","1756","64","1","40.6","Castlevania: Symphony of the Night"
"Stranded Deep","479","Stranded Deep","34057680","514020","23799","10","2067","64","0","66.26","Stranded Deep"
"Cat Goes Fishing","480","Cat Goes Fishing","33980400","113100","21912","7","557","64","0","300.45","Cat Goes Fishing"
"Super Mario RPG: Legend of the Seven Stars","481","Super Mario RPG: Legend of the Seven Stars","33808620","966780","12593","21","1600","64","1","34.97","Super Mario RPG: Legend of the Seven Stars"
"Assassin's Creed II","482","Assassin's Creed II","33640560","1360740","33045","22","3039","64","2","24.72","Assassin's Creed II"
"The King of Fighters '98: The Slugfest","483","The King of Fighters '98: The Slugfest","33535740","136560","8289","5","207","63","0","245.58","The King of Fighters '98: The Slugfest"
"The Legend of Zelda: Ocarina of Time 3D","484","The Legend of Zelda: Ocarina of Time 3D","33507420","261420","209526","13","328","63","0","128.17","The Legend of Zelda: Ocarina of Time 3D"
"Ben and Ed: Blood Party","485","Ben and Ed: Blood Party","33422460","240000","60235","14","1175","63","0","139.26","Ben and Ed: Blood Party"
"Resident Evil: Code: Veronica X","486","Resident Evil: Code: Veronica X","33191580","410400","111628","9","1481","63","0","80.88","Resident Evil: Code: Veronica X"
"Star Wars: Force Arena","487","Star Wars: Force Arena","33124740","385020","29759","12","401","63","0","86.03","Star Wars: Force Arena"
"The Legend of Zelda: Skyward Sword","488","The Legend of Zelda: Skyward Sword","32980020","859920","6625","19","889","62","1","38.35","The Legend of Zelda: Skyward Sword"
"Romance of the Three Kingdoms XIII","489","Romance of the Three Kingdoms XIII","32969160","415200","4381","11","277","62","0","79.41","Romance of the Three Kingdoms XIII"
"Rising Storm 2: Vietnam","490","Rising Storm 2: Vietnam","32798880","2079600","43582","203","7320","62","3","15.77","Rising Storm 2: Vietnam"
"Tricky Towers","491","Tricky Towers","32599260","558780","29489","30","3004","62","1","58.34","Tricky Towers"
"Dungeon Fighter Online","492","Dungeon Fighter Online","32490660","5086980","8816","39","3207","61","9","6.39","Dungeon Fighter Online"
"FIFA Online 3","493","FIFA Online 3","32455680","502440","4884","10","1014","61","0","64.6","FIFA Online 3"
"God of War III","494","God of War III","32358900","470160","17489","9","5608","61","0","68.83","God of War III"
"Super Mario Bros.: The Lost Levels","495","Super Mario Bros.: The Lost Levels","32265180","303720","217603","9","290","61","0","106.23","Super Mario Bros.: The Lost Levels"
"Amnesia: The Dark Descent","496","Amnesia: The Dark Descent","32172360","1738860","16619","90","8520","61","3","18.5","Amnesia: The Dark Descent"
"Final Fantasy IV","497","Final Fantasy IV","31987800","1094340","28435","67","1160","60","2","29.23","Final Fantasy IV"
"TrackMania² Canyon","498","TrackMania² Canyon","31950660","124200","32933","5","342","60","0","257.25","TrackMania² Canyon"
"Danganronpa: Trigger Happy Havoc","499","Danganronpa: Trigger Happy Havoc","31900080","1549740","5220","17","2104","60","2","20.58","Danganronpa: Trigger Happy Havoc"
"Gothic II: Night of the Raven","500","Gothic II: Night of the Raven","31831140","1060380","9174","13","698","60","2","30.02","Gothic II: Night of the Raven"