"","","Game","Watch time","Stream time","Peak viewers","Peak channels","Streamers","Average viewers","Average channels","Average viewer ratio",""
"Hidden: Source","12401","Hidden: Source","17340","6060","21","3","32","0","0","2.86","Hidden: Source"
"Wrack","12402","Wrack","17340","3420","55","1","22","0","0","5.07","Wrack"
"Namco Museum 50th Anniversary","12403","Namco Museum 50th Anniversary","17340","1140","105","2","8","0","0","15.21","Namco Museum 50th Anniversary"
"Inherit the Earth: Quest for the Orb","12404","Inherit the Earth: Quest for the Orb","17340","3120","82","1","8","0","0","5.56","Inherit the Earth: Quest for the Orb"
"Fox Hunt","12405","Fox Hunt","17340","2400","50","1","6","0","0","7.23","Fox Hunt"
"Pinocchio","12406","Pinocchio","17340","3120","54","1","13","0","0","5.56","Pinocchio"
"Castle Wolfenstein","12407","Castle Wolfenstein","17340","2040","106","1","8","0","0","8.5","Castle Wolfenstein"
"BlazBlue Cross Tag Battle","12408","BlazBlue Cross Tag Battle","17340","1740","68","1","7","0","0","9.97","BlazBlue Cross Tag Battle"
"Bugs Bunny Collection","12409","Bugs Bunny Collection","17340","5340","9","1","1","0","0","3.25","Bugs Bunny Collection"
"Cookie Run: OvenBreak","12410","Cookie Run: OvenBreak","17280","14160","76","3","24","0","0","1.22","Cookie Run: OvenBreak"
"The Boogie Man","12411","The Boogie Man","17280","5280","35","1","16","0","0","3.27","The Boogie Man"
"Dangerous Waters","12412","Dangerous Waters","17280","8580","24","2","16","0","0","2.01","Dangerous Waters"
"SORA","12413","SORA","17280","9840","20","1","25","0","0","1.76","SORA"
"Belladonna","12414","Belladonna","17280","3240","24","1","19","0","0","5.33","Belladonna"
"Innocent Life: A Futuristic Harvest Moon","12415","Innocent Life: A Futuristic Harvest Moon","17280","2100","20","1","5","0","0","8.23","Innocent Life: A Futuristic Harvest Moon"
"Phantasy Star Nova","12416","Phantasy Star Nova","17280","6600","8","1","1","0","0","2.62","Phantasy Star Nova"
"Kinect Party","12417","Kinect Party","17280","900","37","1","3","0","0","19.2","Kinect Party"
"The Idolmaster: Gravure for You! Vol. 3","12418","The Idolmaster: Gravure for You! Vol. 3","17280","300","310","1","3","0","0","57.6","The Idolmaster: Gravure for You! Vol. 3"
"Enviro-Bear 2010","12419","Enviro-Bear 2010","17280","900","97","2","5","0","0","19.2","Enviro-Bear 2010"
"Acceleration Of SUGURI 2","12420","Acceleration Of SUGURI 2","17280","8220","15","3","13","0","0","2.1","Acceleration Of SUGURI 2"
"Barbie Superpack","12421","Barbie Superpack","17220","4020","96","2","17","0","0","4.28","Barbie Superpack"
"Z","12422","Z","17220","14880","46","2","186","0","0","1.16","Z"
"Magic: The Gathering - Duels of the Planeswalkers","12423","Magic: The Gathering - Duels of the Planeswalkers","17220","18660","18","2","35","0","0","0.92","Magic: The Gathering - Duels of the Planeswalkers"
"All is Dust","12424","All is Dust","17220","4320","64","1","34","0","0","3.99","All is Dust"
"Sherlock Holmes: Secret of the Silver Earring","12425","Sherlock Holmes: Secret of the Silver Earring","17220","4140","48","2","8","0","0","4.16","Sherlock Holmes: Secret of the Silver Earring"
"Video Action","12426","Video Action","17220","5700","47","1","15","0","0","3.02","Video Action"
"Pegasus","12427","Pegasus","17220","3780","22","1","9","0","0","4.56","Pegasus"
"Demon Peak","12428","Demon Peak","17220","4020","27","1","15","0","0","4.28","Demon Peak"
"Kim","12429","Kim","17220","720","104","1","3","0","0","23.92","Kim"
"Inotia 4: Assassin of Berkel","12430","Inotia 4: Assassin of Berkel","17220","4440","87","1","8","0","0","3.88","Inotia 4: Assassin of Berkel"
"Bullet Sorrow VR","12431","Bullet Sorrow VR","17220","1260","89","1","8","0","0","13.67","Bullet Sorrow VR"
"Soulless","12432","Soulless","17220","4860","35","2","30","0","0","3.54","Soulless"
"BrainBread 2","12433","BrainBread 2","17160","11580","19","2","68","0","0","1.48","BrainBread 2"
"Disney's Mulan","12434","Disney's Mulan","17160","1200","138","1","3","0","0","14.3","Disney's Mulan"
"Kynseed","12435","Kynseed","17160","3120","126","3","22","0","0","5.5","Kynseed"
"VMX Racing","12436","VMX Racing","17160","28260","3","1","1","0","0","0.61","VMX Racing"
"Castelian","12437","Castelian","17160","720","159","3","5","0","0","23.83","Castelian"
"Vigilante","12438","Vigilante","17160","11040","57","1","3","0","0","1.55","Vigilante"
"Elemental Gearbolt","12439","Elemental Gearbolt","17160","300","115","1","3","0","0","57.2","Elemental Gearbolt"
"Spawn: In the Demon's Hand","12440","Spawn: In the Demon's Hand","17160","3180","25","2","17","0","0","5.4","Spawn: In the Demon's Hand"
"Galerians: Ash","12441","Galerians: Ash","17160","3060","95","1","4","0","0","5.61","Galerians: Ash"
"Tom Clancy's H.A.W.X. 2","12442","Tom Clancy's H.A.W.X. 2","17160","5880","27","2","22","0","0","2.92","Tom Clancy's H.A.W.X. 2"
"CrossMe","12443","CrossMe","17100","420","85","1","1","0","0","40.71","CrossMe"
"Dead or Alive","12444","Dead or Alive","17100","1860","79","1","9","0","0","9.19","Dead or Alive"
"Mega Man 2: The Power Fighters","12445","Mega Man 2: The Power Fighters","17100","1860","247","2","13","0","0","9.19","Mega Man 2: The Power Fighters"
"WipEout HD","12446","WipEout HD","17100","7260","14","2","21","0","0","2.36","WipEout HD"
"Tetris Battle Fusion","12447","Tetris Battle Fusion","17100","5520","54","2","25","0","0","3.1","Tetris Battle Fusion"
"QuizQuizQuiz","12448","QuizQuizQuiz","17100","1440","63","1","5","0","0","11.88","QuizQuizQuiz"
"Putt-Putt Joins the Circus","12449","Putt-Putt Joins the Circus","17100","4020","35","1","21","0","0","4.25","Putt-Putt Joins the Circus"
"Dark Strokes: Sins of the Fathers","12450","Dark Strokes: Sins of the Fathers","17100","3780","22","1","8","0","0","4.52","Dark Strokes: Sins of the Fathers"
"Scooby-Doo 2: Monsters Unleashed","12451","Scooby-Doo 2: Monsters Unleashed","17100","1020","118","1","4","0","0","16.76","Scooby-Doo 2: Monsters Unleashed"
"Disney Princess","12452","Disney Princess","17100","1680","47","1","5","0","0","10.18","Disney Princess"
"World's Dawn","12453","World's Dawn","17100","5460","97","2","25","0","0","3.13","World's Dawn"
"Phantom Fighter","12454","Phantom Fighter","17100","660","53","1","1","0","0","25.91","Phantom Fighter"
"Pokémon Picross","12455","Pokémon Picross","17100","360","94","1","2","0","0","47.5","Pokémon Picross"
"Choro Q","12456","Choro Q","17100","1560","39","1","8","0","0","10.96","Choro Q"
"Puppy Luv: Spa and Resort","12457","Puppy Luv: Spa and Resort","17100","180","105","1","1","0","0","95","Puppy Luv: Spa and Resort"
"A Bastard's Tale","12458","A Bastard's Tale","17100","11760","48","2","57","0","0","1.45","A Bastard's Tale"
"Battle Group","12459","Battle Group","17100","660","130","1","4","0","0","25.91","Battle Group"
"Prison Run and Gun","12460","Prison Run and Gun","17100","4560","28","1","24","0","0","3.75","Prison Run and Gun"
"SkyKeepers","12461","SkyKeepers","17040","3120","41","1","16","0","0","5.46","SkyKeepers"
"Gihren no Yabou","12462","Gihren no Yabou","17040","2160","34","1","2","0","0","7.89","Gihren no Yabou"
"Watch This!","12463","Watch This!","17040","2520","59","1","10","0","0","6.76","Watch This!"
"OutRun 2","12464","OutRun 2","17040","4200","54","1","23","0","0","4.06","OutRun 2"
"Siege of Avalon","12465","Siege of Avalon","17040","720","68","1","2","0","0","23.67","Siege of Avalon"
"Floating Runner: Quest for the 7 Crystals","12466","Floating Runner: Quest for the 7 Crystals","17040","300","73","1","1","0","0","56.8","Floating Runner: Quest for the 7 Crystals"
"Candy Box 2","12467","Candy Box 2","17040","1620","87","1","9","0","0","10.52","Candy Box 2"
"DrawRace","12468","DrawRace","17040","540","135","1","4","0","0","31.56","DrawRace"
"8bit Killer","12469","8bit Killer","17040","960","218","1","8","0","0","17.75","8bit Killer"
"Teenage Mutant Ninja Turtles 2: Battle Nexus","12470","Teenage Mutant Ninja Turtles 2: Battle Nexus","16980","5520","23","2","18","0","0","3.08","Teenage Mutant Ninja Turtles 2: Battle Nexus"
"Tokyo Xtreme Racer 3","12471","Tokyo Xtreme Racer 3","16980","19560","20","2","38","0","0","0.87","Tokyo Xtreme Racer 3"
"Shannara","12472","Shannara","16980","1020","44","1","3","0","0","16.65","Shannara"
"Hatsune Miku: Project Diva Dreamy Theater 2nd","12473","Hatsune Miku: Project Diva Dreamy Theater 2nd","16980","3300","50","2","8","0","0","5.15","Hatsune Miku: Project Diva Dreamy Theater 2nd"
"Light Crusader","12474","Light Crusader","16980","5220","21","1","16","0","0","3.25","Light Crusader"
"DeathSpank: Thongs of Virtue","12475","DeathSpank: Thongs of Virtue","16980","5880","11","1","15","0","0","2.89","DeathSpank: Thongs of Virtue"
"Auro: A Monster Bumping Adventure","12476","Auro: A Monster Bumping Adventure","16980","780","93","1","2","0","0","21.77","Auro: A Monster Bumping Adventure"
"Armored Core V","12477","Armored Core V","16980","6180","10","1","14","0","0","2.75","Armored Core V"
"Super Solvers: OutNumbered!","12478","Super Solvers: OutNumbered!","16980","360","281","1","3","0","0","47.17","Super Solvers: OutNumbered!"
"Hoyle Puzzle & Board Games 2005","12479","Hoyle Puzzle & Board Games 2005","16980","480","206","1","2","0","0","35.38","Hoyle Puzzle & Board Games 2005"
"Tekken Card Challenge","12480","Tekken Card Challenge","16980","1440","143","1","3","0","0","11.79","Tekken Card Challenge"
"Zeran's Folly","12481","Zeran's Folly","16980","5100","14","2","7","0","0","3.33","Zeran's Folly"
"Pop'n Music Lapistoria","12482","Pop'n Music Lapistoria","16980","8820","20","1","8","0","0","1.93","Pop'n Music Lapistoria"
"K-Pop Dance Festival","12483","K-Pop Dance Festival","16980","1500","43","1","8","0","0","11.32","K-Pop Dance Festival"
"GreenFace","12484","GreenFace","16980","300","205","1","1","0","0","56.6","GreenFace"
"Paper-io","12485","Paper-io","16920","8880","32","1","65","0","0","1.91","Paper-io"
"Istrolid","12486","Istrolid","16920","9060","12","2","49","0","0","1.87","Istrolid"
"Phantom of the Kill","12487","Phantom of the Kill","16920","7320","45","1","18","0","0","2.31","Phantom of the Kill"
"Gunheart","12488","Gunheart","16920","10800","37","2","19","0","0","1.57","Gunheart"
"ESPN Final Round Golf 2002","12489","ESPN Final Round Golf 2002","16920","840","59","1","1","0","0","20.14","ESPN Final Round Golf 2002"
"Star Wars: The Clone Wars","12490","Star Wars: The Clone Wars","16920","3780","43","1","10","0","0","4.48","Star Wars: The Clone Wars"
"Eternal Eyes","12491","Eternal Eyes","16920","4200","58","1","8","0","0","4.03","Eternal Eyes"
"Crowntakers","12492","Crowntakers","16920","4920","61","1","19","0","0","3.44","Crowntakers"
"Nonamed","12493","Nonamed","16920","11340","22","2","23","0","0","1.49","Nonamed"
"Cooking Mama 2: Dinner with Friends","12494","Cooking Mama 2: Dinner with Friends","16920","2400","28","2","14","0","0","7.05","Cooking Mama 2: Dinner with Friends"
"Xianjian Qixia Zhuan 3 Waizhuan: Wen Qing Pian","12495","Xianjian Qixia Zhuan 3 Waizhuan: Wen Qing Pian","16920","7080","16","1","2","0","0","2.39","Xianjian Qixia Zhuan 3 Waizhuan: Wen Qing Pian"
"Sheep","12496","Sheep","16920","960","70","1","4","0","0","17.63","Sheep"
"Waveform","12497","Waveform","16920","2220","81","1","16","0","0","7.62","Waveform"
"Black & White 2: Battle of the Gods","12498","Black & White 2: Battle of the Gods","16860","10020","9","2","32","0","0","1.68","Black & White 2: Battle of the Gods"
"High Speed","12499","High Speed","16860","1800","53","1","2","0","0","9.37","High Speed"
"Inspector Gadget Mad Robots Invasion","12500","Inspector Gadget Mad Robots Invasion","16860","1560","24","2","4","0","0","10.81","Inspector Gadget Mad Robots Invasion"