"","","Game","Watch time","Stream time","Peak viewers","Peak channels","Streamers","Average viewers","Average channels","Average viewer ratio",""
"Bully: Scholarship Edition","701","Bully: Scholarship Edition","19106640","484560","12742","8","1525","36","0","39.43","Bully: Scholarship Edition"
"Digimon World: Next Order","702","Digimon World: Next Order","19087620","2015040","1830","104","3427","36","3","9.47","Digimon World: Next Order"
"Kirby Super Star","703","Kirby Super Star","19080240","191460","157590","17","743","36","0","99.66","Kirby Super Star"
"Call of Duty: Modern Warfare 3","704","Call of Duty: Modern Warfare 3","19042080","1756920","8527","28","5534","36","3","10.84","Call of Duty: Modern Warfare 3"
"Far Cry 3","705","Far Cry 3","19018560","1193400","7263","13","3752","36","2","15.94","Far Cry 3"
"Krosmaga","706","Krosmaga","18965640","725640","6031","12","1013","36","1","26.14","Krosmaga"
"Super Monkey Ball 2","707","Super Monkey Ball 2","18960840","362940","173458","13","603","36","0","52.24","Super Monkey Ball 2"
"MudRunner","708","MudRunner","18872580","966060","36489","127","2548","35","1","19.54","MudRunner"
"The Elder Scrolls III: Morrowind","709","The Elder Scrolls III: Morrowind","18857700","1313040","6291","14","2564","35","2","14.36","The Elder Scrolls III: Morrowind"
"Puyo Puyo Tetris","710","Puyo Puyo Tetris","18717000","863820","6020","38","1882","35","1","21.67","Puyo Puyo Tetris"
"The Simpsons: Hit & Run","711","The Simpsons: Hit & Run","18645840","340140","8758","9","726","35","0","54.82","The Simpsons: Hit & Run"
"Gundam Versus","712","Gundam Versus","18633300","1021560","8311","44","1150","35","1","18.24","Gundam Versus"
"Uncharted: The Nathan Drake Collection","713","Uncharted: The Nathan Drake Collection","18461340","1092420","3653","12","8459","35","2","16.9","Uncharted: The Nathan Drake Collection"
"Super Monkey Ball Deluxe","714","Super Monkey Ball Deluxe","18395700","57420","182262","14","84","35","0","320.37","Super Monkey Ball Deluxe"
"Paper Mario","715","Paper Mario","18390420","927120","9753","40","1465","34","1","19.84","Paper Mario"
"Gravity Rush 2","716","Gravity Rush 2","18381840","608520","34351","43","3408","34","1","30.21","Gravity Rush 2"
"Crash Team Racing","717","Crash Team Racing","18376320","393180","157261","16","1059","34","0","46.74","Crash Team Racing"
"Stories Untold","718","Stories Untold","18338940","195000","37433","11","947","34","0","94.05","Stories Untold"
"Persona 4 Golden","719","Persona 4 Golden","18280320","583620","8977","9","643","34","1","31.32","Persona 4 Golden"
"Super Smash Bros.","720","Super Smash Bros.","18264720","612480","36806","10","1413","34","1","29.82","Super Smash Bros."
"The Legend of Zelda: Twilight Princess","721","The Legend of Zelda: Twilight Princess","18241140","1155720","7055","16","1947","34","2","15.78","The Legend of Zelda: Twilight Princess"
"Monster Hunter 3 Ultimate","722","Monster Hunter 3 Ultimate","18225060","503100","7577","12","460","34","0","36.23","Monster Hunter 3 Ultimate"
"Styx: Shards of Darkness","723","Styx: Shards of Darkness","18219420","618720","10389","75","1768","34","1","29.45","Styx: Shards of Darkness"
"Blaster Master","724","Blaster Master","18187200","38400","159616","11","105","34","0","473.63","Blaster Master"
"Brawl of Ages","725","Brawl of Ages","18183120","163800","19093","8","409","34","0","111.01","Brawl of Ages"
"GetAmped","726","GetAmped","18165960","104520","9485","3","194","34","0","173.8","GetAmped"
"Mario Party 7","727","Mario Party 7","18059640","219420","21155","8","770","34","0","82.31","Mario Party 7"
"Azure Striker Gunvolt 2","728","Azure Striker Gunvolt 2","17935320","21960","142476","8","45","34","0","816.73","Azure Striker Gunvolt 2"
"Mega Man 2","729","Mega Man 2","17926860","559980","8935","13","1489","34","1","32.01","Mega Man 2"
"Onimusha: Warlords","730","Onimusha: Warlords","17897160","75960","120646","17","180","34","0","235.61","Onimusha: Warlords"
"Lost Castle","731","Lost Castle","17897040","343080","12152","11","912","34","0","52.17","Lost Castle"
"JSRF: Jet Set Radio Future","732","JSRF: Jet Set Radio Future","17872140","179160","105679","9","153","34","0","99.76","JSRF: Jet Set Radio Future"
"Halo 3","733","Halo 3","17788620","990180","5690","57","2110","33","1","17.97","Halo 3"
"Dungeon Defenders II","734","Dungeon Defenders II","17748360","2726400","5050","37","6398","33","5","6.51","Dungeon Defenders II"
"Shadow of the Colossus","735","Shadow of the Colossus","17747460","356160","147930","12","776","33","0","49.83","Shadow of the Colossus"
"Plague Inc: Evolved","736","Plague Inc: Evolved","17708460","456120","22815","10","2748","33","0","38.82","Plague Inc: Evolved"
"BATMAN - The Telltale Series","737","BATMAN - The Telltale Series","17707980","1081920","5194","21","3713","33","2","16.37","BATMAN - The Telltale Series"
"DJMAX Respect","738","DJMAX Respect","17663160","1001280","10957","80","2534","33","1","17.64","DJMAX Respect"
"Mega Man Legends","739","Mega Man Legends","17620500","164460","125626","11","273","33","0","107.14","Mega Man Legends"
"Super Mario All-Stars","740","Super Mario All-Stars","17586240","321540","6775","17","859","33","0","54.69","Super Mario All-Stars"
"Black Survival","741","Black Survival","17518200","930480","6254","17","385","33","1","18.83","Black Survival"
"Clustertruck","742","Clustertruck","17504400","545220","112224","13","4251","33","1","32.11","Clustertruck"
"Closers Online","743","Closers Online","17473260","2937240","5541","55","2411","33","5","5.95","Closers Online"
"Hitman: Blood Money","744","Hitman: Blood Money","17463840","230460","126706","8","770","33","0","75.78","Hitman: Blood Money"
"Dragon Age: Origins","745","Dragon Age: Origins","17303460","2392560","1572","21","4245","32","4","7.23","Dragon Age: Origins"
"Mount Your Friends","746","Mount Your Friends","17293260","286920","28522","9","2066","32","0","60.27","Mount Your Friends"
"Tree of Savior","747","Tree of Savior","17212320","2331120","941","21","2589","32","4","7.38","Tree of Savior"
"Psychonauts","748","Psychonauts","17146860","499860","176119","14","1759","32","0","34.3","Psychonauts"
"Point Blank","749","Point Blank","17131200","617640","3851","10","1596","32","1","27.74","Point Blank"
"Yu-Gi-Oh! Online","750","Yu-Gi-Oh! Online","17074260","900180","1406","13","1455","32","1","18.97","Yu-Gi-Oh! Online"
"Splasher","751","Splasher","17057400","151080","98866","14","337","32","0","112.9","Splasher"
"Stick Fight: The Game","752","Stick Fight: The Game","16933440","723120","25296","29","4228","32","1","23.42","Stick Fight: The Game"
"Harvester","753","Harvester","16913760","95460","12953","5","215","32","0","177.18","Harvester"
"S.T.A.L.K.E.R.: Clear Sky","754","S.T.A.L.K.E.R.: Clear Sky","16852500","454920","13345","12","1182","32","0","37.04","S.T.A.L.K.E.R.: Clear Sky"
"Metal Gear Solid: Peace Walker","755","Metal Gear Solid: Peace Walker","16728240","183780","2316","5","214","31","0","91.02","Metal Gear Solid: Peace Walker"
"Mega Man 6","756","Mega Man 6","16705200","99600","168426","17","280","31","0","167.72","Mega Man 6"
"Just Cause 3","757","Just Cause 3","16597620","5114400","32242","168","26474","31","9","3.25","Just Cause 3"
"Risk of Rain","758","Risk of Rain","16545000","759960","5898","12","3601","31","1","21.77","Risk of Rain"
"Game Dev Tycoon","759","Game Dev Tycoon","16493520","422280","17314","10","2163","31","0","39.06","Game Dev Tycoon"
"Silent Hill","760","Silent Hill","16445160","511620","5468","11","1069","31","0","32.14","Silent Hill"
"Battletoads","761","Battletoads","16443660","193620","31483","5","423","31","0","84.93","Battletoads"
"Blackjack","762","Blackjack","16363140","383220","6477","7","605","31","0","42.7","Blackjack"
"Grand Theft Auto III","763","Grand Theft Auto III","16357440","717180","3363","14","1930","31","1","22.81","Grand Theft Auto III"
"Final Fantasy XIII","764","Final Fantasy XIII","16325940","1325280","5091","14","2004","31","2","12.32","Final Fantasy XIII"
"London 2012 - The Official Video Game of the Olympic Games","765","London 2012 - The Official Video Game of the Olympic Games","16311780","23640","8146","6","86","31","0","690.01","London 2012 - The Official Video Game of the Olympic Games"
"House Party","766","House Party","16285440","34020","45417","9","225","30","0","478.7","House Party"
"Ni no Kuni: Wrath of the White Witch","767","Ni no Kuni: Wrath of the White Witch","16267920","445140","22714","8","382","30","0","36.55","Ni no Kuni: Wrath of the White Witch"
"Yu-Gi-Oh! Forbidden Memories","768","Yu-Gi-Oh! Forbidden Memories","16262520","517440","2320","10","392","30","0","31.43","Yu-Gi-Oh! Forbidden Memories"
"Guardians of the Galaxy: The Telltale Series","769","Guardians of the Galaxy: The Telltale Series","16192620","538500","7472","65","2267","30","1","30.07","Guardians of the Galaxy: The Telltale Series"
"Hyper Light Drifter","770","Hyper Light Drifter","16182960","930540","143841","16","4146","30","1","17.39","Hyper Light Drifter"
"Dead Rising 4","771","Dead Rising 4","16149300","1424220","8252","47","5939","30","2","11.34","Dead Rising 4"
"Rocksmith 2014","772","Rocksmith 2014","16122360","2325000","8106","19","3322","30","4","6.93","Rocksmith 2014"
"Sonic the Hedgehog","773","Sonic the Hedgehog","16107300","763440","9387","19","2599","30","1","21.1","Sonic the Hedgehog"
"Ratchet & Clank: Going Commando","774","Ratchet & Clank: Going Commando","16070340","187560","151072","12","199","30","0","85.68","Ratchet & Clank: Going Commando"
"The Talos Principle","775","The Talos Principle","16053420","781740","139966","19","1853","30","1","20.54","The Talos Principle"
"Super Mario Kart","776","Super Mario Kart","16047300","149220","184452","11","779","30","0","107.54","Super Mario Kart"
"Metro Redux","777","Metro Redux","15990180","1472340","8144","26","5649","30","2","10.86","Metro Redux"
"Pit People","778","Pit People","15988080","475560","43407","26","2193","30","0","33.62","Pit People"
"Jak II","779","Jak II","15979800","323640","131602","19","239","30","0","49.38","Jak II"
"World of Final Fantasy","780","World of Final Fantasy","15966120","1841760","39380","40","3494","30","3","8.67","World of Final Fantasy"
"Portal Knights","781","Portal Knights","15962340","1668960","6978","51","5005","30","3","9.56","Portal Knights"
"Dikembe Mutombo's 4 1/2 Weeks to Save the World","782","Dikembe Mutombo's 4 1/2 Weeks to Save the World","15949200","46080","1957","2","22","30","0","346.12","Dikembe Mutombo's 4 1/2 Weeks to Save the World"
"Mario Party 4","783","Mario Party 4","15944760","230040","8871","8","747","30","0","69.31","Mario Party 4"
"Prince of Persia: The Sands of Time","784","Prince of Persia: The Sands of Time","15941160","191760","142096","18","473","30","0","83.13","Prince of Persia: The Sands of Time"
"Ultra Street Fighter IV","785","Ultra Street Fighter IV","15923580","802980","8989","11","2624","30","1","19.83","Ultra Street Fighter IV"
"Pokémon Crystal","786","Pokémon Crystal","15892140","824880","3343","13","1396","30","1","19.27","Pokémon Crystal"
"Castlevania","787","Castlevania","15888840","414060","156516","18","1062","30","0","38.37","Castlevania"
"StarTropics","788","StarTropics","15852180","84480","150150","14","155","30","0","187.64","StarTropics"
"Vanquish","789","Vanquish","15844740","412440","39075","89","1819","30","0","38.42","Vanquish"
"Sonic Advance 2","790","Sonic Advance 2","15835980","32400","159885","11","138","30","0","488.76","Sonic Advance 2"
"Corruption","791","Corruption","15834540","27120","9237","3","111","30","0","583.87","Corruption"
"Mario Party 3","792","Mario Party 3","15811500","251940","4782","9","645","30","0","62.76","Mario Party 3"
"Fire Emblem Echoes: Shadows of Valentia","793","Fire Emblem Echoes: Shadows of Valentia","15790860","343140","8495","36","363","30","0","46.02","Fire Emblem Echoes: Shadows of Valentia"
"RPG Maker XP","794","RPG Maker XP","15790680","55200","9201","4","163","30","0","286.06","RPG Maker XP"
"Punch Club","795","Punch Club","15782160","282060","13630","13","1053","30","0","55.95","Punch Club"
"Death Road to Canada","796","Death Road to Canada","15771780","608160","17298","16","2028","30","1","25.93","Death Road to Canada"
"Secret of Mana","797","Secret of Mana","15747360","494040","11771","8","994","29","0","31.87","Secret of Mana"
"Sonic Generations","798","Sonic Generations","15691860","417960","166056","14","1795","29","0","37.54","Sonic Generations"
"Dropzone","799","Dropzone","15657600","226560","19968","34","654","29","0","69.11","Dropzone"
"VVVVVV","800","VVVVVV","15562260","211440","154523","14","698","29","0","73.6","VVVVVV"