"","","Game","Watch time","Stream time","Peak viewers","Peak channels","Streamers","Average viewers","Average channels","Average viewer ratio",""
"The Dishwasher: Vampire Smile","2901","The Dishwasher: Vampire Smile","1291500","49800","3054","5","217","2","0","25.93","The Dishwasher: Vampire Smile"
"Race the Sun","2902","Race the Sun","1290540","64800","15569","3","398","2","0","19.92","Race the Sun"
"Banjo-Kazooie: Nuts & Bolts","2903","Banjo-Kazooie: Nuts & Bolts","1287960","49620","1050","3","83","2","0","25.96","Banjo-Kazooie: Nuts & Bolts"
"TumbleSeed","2904","TumbleSeed","1285140","64020","5146","8","246","2","0","20.07","TumbleSeed"
"Fantasy Grounds","2905","Fantasy Grounds","1282860","326100","175","7","158","2","0","3.93","Fantasy Grounds"
"Year Walk","2906","Year Walk","1282620","36480","3192","3","131","2","0","35.16","Year Walk"
"Switch!","2907","Switch!","1281300","13920","8519","5","61","2","0","92.05","Switch!"
"Resident Evil: Code: Veronica","2908","Resident Evil: Code: Veronica","1281300","40860","1345","3","114","2","0","31.36","Resident Evil: Code: Veronica"
"Solitaire","2909","Solitaire","1281240","95160","11593","3","416","2","0","13.46","Solitaire"
"Ratty Catty","2910","Ratty Catty","1280580","3840","7978","4","34","2","0","333.48","Ratty Catty"
"Chess Ultra","2911","Chess Ultra","1280100","30420","2029","4","118","2","0","42.08","Chess Ultra"
"Tales of Xillia 2","2912","Tales of Xillia 2","1279620","47700","1558","3","36","2","0","26.83","Tales of Xillia 2"
"Yakuza 4","2913","Yakuza 4","1277100","89520","543","3","65","2","0","14.27","Yakuza 4"
"N++","2914","N++","1275780","202560","4079","6","623","2","0","6.3","N++"
"Legacy of Kain: Soul Reaver","2915","Legacy of Kain: Soul Reaver","1274220","121920","885","4","289","2","0","10.45","Legacy of Kain: Soul Reaver"
"Bomberman 64","2916","Bomberman 64","1273920","100080","1280","6","179","2","0","12.73","Bomberman 64"
"Streets of Rage","2917","Streets of Rage","1271820","67440","6844","4","343","2","0","18.86","Streets of Rage"
"MidBoss","2918","MidBoss","1270260","20700","2823","6","69","2","0","61.37","MidBoss"
"Transformers: Devastation","2919","Transformers: Devastation","1269900","212100","6155","5","996","2","0","5.99","Transformers: Devastation"
"Legend of Legaia","2920","Legend of Legaia","1269900","180060","223","4","193","2","0","7.05","Legend of Legaia"
"Super Rude Bear Resurrection","2921","Super Rude Bear Resurrection","1268760","53940","1187","9","248","2","0","23.52","Super Rude Bear Resurrection"
"Crazy Strike Bowling","2922","Crazy Strike Bowling","1268160","2220","2599","2","8","2","0","571.24","Crazy Strike Bowling"
"Silent Hill HD Collection","2923","Silent Hill HD Collection","1267980","56520","557","2","69","2","0","22.43","Silent Hill HD Collection"
"LEGO Pirates of the Caribbean: The Video Game","2924","LEGO Pirates of the Caribbean: The Video Game","1267260","177420","2671","12","730","2","0","7.14","LEGO Pirates of the Caribbean: The Video Game"
"God of War: Ghost of Sparta","2925","God of War: Ghost of Sparta","1267140","41160","1899","2","95","2","0","30.79","God of War: Ghost of Sparta"
"Beyblade VForce: Ultimate Blader Jam","2926","Beyblade VForce: Ultimate Blader Jam","1266660","9240","2637","2","11","2","0","137.08","Beyblade VForce: Ultimate Blader Jam"
"Leisure Suit Larry's Casino","2927","Leisure Suit Larry's Casino","1266120","1080","4225","1","4","2","0","1172.33","Leisure Suit Larry's Casino"
"Arx Fatalis","2928","Arx Fatalis","1265400","75840","9674","4","126","2","0","16.69","Arx Fatalis"
"UFC: Tapout 2","2929","UFC: Tapout 2","1265340","50400","5276","3","200","2","0","25.11","UFC: Tapout 2"
"Forced","2930","Forced","1264200","40380","6920","4","159","2","0","31.31","Forced"
"Skies of Arcadia: Legends","2931","Skies of Arcadia: Legends","1264020","180660","491","5","179","2","0","7","Skies of Arcadia: Legends"
"Etrian Odyssey 2 Untold: The Fafnir Knight","2932","Etrian Odyssey 2 Untold: The Fafnir Knight","1263840","38100","564","3","19","2","0","33.17","Etrian Odyssey 2 Untold: The Fafnir Knight"
"Project Justice","2933","Project Justice","1263540","9060","6720","1","32","2","0","139.46","Project Justice"
"Infra","2934","Infra","1262040","60000","1087","4","86","2","0","21.03","Infra"
"Crusaders of Light","2935","Crusaders of Light","1261320","135780","2143","6","169","2","0","9.29","Crusaders of Light"
"Contra: Hard Corps","2936","Contra: Hard Corps","1259220","20640","7712","2","101","2","0","61.01","Contra: Hard Corps"
"The Wonderful 101","2937","The Wonderful 101","1257540","43140","1974","4","72","2","0","29.15","The Wonderful 101"
"Earth Defense Forces 5","2938","Earth Defense Forces 5","1257420","68160","936","8","0","2","0","18.45","Earth Defense Forces 5"
"Metal Gear Solid: Portable Ops","2939","Metal Gear Solid: Portable Ops","1256280","13680","1503","2","24","2","0","91.83","Metal Gear Solid: Portable Ops"
"Edna & Harvey: Harvey's New Eyes","2940","Edna & Harvey: Harvey's New Eyes","1256160","91740","1105","4","238","2","0","13.69","Edna & Harvey: Harvey's New Eyes"
"Nostale","2941","Nostale","1256040","321120","795","8","598","2","0","3.91","Nostale"
"Digimon Masters","2942","Digimon Masters","1255800","319200","374","5","534","2","0","3.93","Digimon Masters"
"G.I. Joe: The Atlantis Factor","2943","G.I. Joe: The Atlantis Factor","1255380","1380","124215","10","13","2","0","909.7","G.I. Joe: The Atlantis Factor"
"Star Fox 2","2944","Star Fox 2","1255140","47460","6572","14","283","2","0","26.45","Star Fox 2"
"Gangs of Space","2945","Gangs of Space","1254660","52680","18392","7","125","2","0","23.82","Gangs of Space"
"Yakuza 3","2946","Yakuza 3","1253220","59280","4314","2","58","2","0","21.14","Yakuza 3"
"Lucius II","2947","Lucius II","1249140","68460","3021","3","222","2","0","18.25","Lucius II"
"X-Plane 10","2948","X-Plane 10","1247880","248400","483","11","395","2","0","5.02","X-Plane 10"
"Dungeon Defenders","2949","Dungeon Defenders","1247640","227760","2253","6","515","2","0","5.48","Dungeon Defenders"
"Vagrant Story","2950","Vagrant Story","1246680","106680","7037","4","154","2","0","11.69","Vagrant Story"
"Mega Man Battle Network 3","2951","Mega Man Battle Network 3","1246200","100200","299","7","104","2","0","12.44","Mega Man Battle Network 3"
"ACE Academy","2952","ACE Academy","1245600","18420","1538","2","29","2","0","67.62","ACE Academy"
"Hard West","2953","Hard West","1244940","116400","631","3","337","2","0","10.7","Hard West"
"Yoshi's Story","2954","Yoshi's Story","1243320","52920","1879","2","251","2","0","23.49","Yoshi's Story"
"The Movies: Stunts & Effects","2955","The Movies: Stunts & Effects","1243200","10680","3594","2","34","2","0","116.4","The Movies: Stunts & Effects"
"Mega Man X: Command Mission","2956","Mega Man X: Command Mission","1239420","52920","1238","2","85","2","0","23.42","Mega Man X: Command Mission"
"Kingdom Come: Deliverance","2957","Kingdom Come: Deliverance","1237680","30480","5223","3","140","2","0","40.61","Kingdom Come: Deliverance"
"Crazy Taxi","2958","Crazy Taxi","1235580","64500","3844","3","355","2","0","19.16","Crazy Taxi"
"Argo","2959","Argo","1234920","307860","2533","19","1612","2","0","4.01","Argo"
"Payday: The Heist","2960","Payday: The Heist","1234320","120660","2759","9","453","2","0","10.23","Payday: The Heist"
"It Came from the Desert","2961","It Came from the Desert","1233480","1560","9157","2","10","2","0","790.69","It Came from the Desert"
"What the box?","2962","What the box?","1232580","31800","6112","4","193","2","0","38.76","What the box?"
"Bequest","2963","Bequest","1230960","2940","19863","2","37","2","0","418.69","Bequest"
"Trine 3: The Artifacts of Power","2964","Trine 3: The Artifacts of Power","1230960","115200","2661","5","446","2","0","10.69","Trine 3: The Artifacts of Power"
"ICO","2965","ICO","1229820","72120","1272","4","153","2","0","17.05","ICO"
"Resident Evil: Director's Cut","2966","Resident Evil: Director's Cut","1229160","73980","1047","3","183","2","0","16.61","Resident Evil: Director's Cut"
"Five Nights at Freddy's: Sister Location","2967","Five Nights at Freddy's: Sister Location","1228320","164040","619","7","941","2","0","7.49","Five Nights at Freddy's: Sister Location"
"Barbie & Her Sisters: Puppy Rescue","2968","Barbie & Her Sisters: Puppy Rescue","1227180","12600","40765","8","72","2","0","97.4","Barbie & Her Sisters: Puppy Rescue"
"Final Fantasy Adventure","2969","Final Fantasy Adventure","1226700","40800","1645","2","50","2","0","30.07","Final Fantasy Adventure"
"Tender Loving Care","2970","Tender Loving Care","1224240","13800","1704","2","27","2","0","88.71","Tender Loving Care"
"Smash TV","2971","Smash TV","1221720","74040","6460","6","94","2","0","16.5","Smash TV"
"Alienation","2972","Alienation","1221000","164460","847","10","3764","2","0","7.42","Alienation"
"Puyo Puyo Chronicle","2973","Puyo Puyo Chronicle","1220520","36180","751","3","21","2","0","33.73","Puyo Puyo Chronicle"
"Avenging Spirit","2974","Avenging Spirit","1219740","6360","54032","5","19","2","0","191.78","Avenging Spirit"
"Teenage Mutant Ninja Turtles III: The Manhattan Project","2975","Teenage Mutant Ninja Turtles III: The Manhattan Project","1219320","25200","10688","5","78","2","0","48.39","Teenage Mutant Ninja Turtles III: The Manhattan Project"
"MechWarrior","2976","MechWarrior","1218360","73320","1408","37","236","2","0","16.62","MechWarrior"
"Neighbours from Hell 2: On Vacation","2977","Neighbours from Hell 2: On Vacation","1217220","4380","3223","2","20","2","0","277.9","Neighbours from Hell 2: On Vacation"
"Blizzard","2978","Blizzard","1216920","91200","2442","14","78","2","0","13.34","Blizzard"
"Wick","2979","Wick","1215720","112500","7822","6","655","2","0","10.81","Wick"
"Men of War: Assault Squad 2","2980","Men of War: Assault Squad 2","1215300","310860","863","6","899","2","0","3.91","Men of War: Assault Squad 2"
"Organ Trail: Director's Cut","2981","Organ Trail: Director's Cut","1214460","63720","10371","4","259","2","0","19.06","Organ Trail: Director's Cut"
"Picross S","2982","Picross S","1213800","24840","1468","6","73","2","0","48.86","Picross S"
"Special Force","2983","Special Force","1212600","204780","756","5","312","2","0","5.92","Special Force"
"Peggle Extreme","2984","Peggle Extreme","1212540","42180","13437","3","187","2","0","28.75","Peggle Extreme"
"Super Toss the Turtle","2985","Super Toss the Turtle","1212300","5040","4861","3","25","2","0","240.54","Super Toss the Turtle"
"Crash Fever","2986","Crash Fever","1211880","78900","1116","3","163","2","0","15.36","Crash Fever"
"Tekken 4","2987","Tekken 4","1209540","16860","7594","2","90","2","0","71.74","Tekken 4"
"Cosmic Star Heroine","2988","Cosmic Star Heroine","1209360","154740","2071","17","368","2","0","7.82","Cosmic Star Heroine"
"Dino Crisis 2","2989","Dino Crisis 2","1208520","80640","710","4","220","2","0","14.99","Dino Crisis 2"
"Edna & Harvey: The Breakout","2990","Edna & Harvey: The Breakout","1207860","101400","422","3","228","2","0","11.91","Edna & Harvey: The Breakout"
"Command & Conquer: Generals","2991","Command & Conquer: Generals","1207560","51900","16110","3","203","2","0","23.27","Command & Conquer: Generals"
"MegaMan Unlimited","2992","MegaMan Unlimited","1206000","49020","1935","3","144","2","0","24.6","MegaMan Unlimited"
"Hurricane","2993","Hurricane","1205880","52320","2815","21","70","2","0","23.05","Hurricane"
"Caesar III","2994","Caesar III","1204860","48720","777","2","78","2","0","24.73","Caesar III"
"Mortal Kombat Trilogy","2995","Mortal Kombat Trilogy","1204680","26580","6660","2","98","2","0","45.32","Mortal Kombat Trilogy"
"Bubsy 3D","2996","Bubsy 3D","1203360","27540","1368","2","80","2","0","43.69","Bubsy 3D"
"Puzzle Pirates","2997","Puzzle Pirates","1202760","209040","6575","5","248","2","0","5.75","Puzzle Pirates"
"Figment","2998","Figment","1202760","30660","2365","9","120","2","0","39.23","Figment"
"Christmas NiGHTS into Dreams...","2999","Christmas NiGHTS into Dreams...","1200660","2940","8210","2","2","2","0","408.39","Christmas NiGHTS into Dreams..."
"LEGO Jurassic World","3000","LEGO Jurassic World","1200420","311040","827","8","1062","2","0","3.86","LEGO Jurassic World"