"","","Game","Watch time","Stream time","Peak viewers","Peak channels","Streamers","Average viewers","Average channels","Average viewer ratio",""
"Sunset Rangers","6701","Sunset Rangers","152700","4140","1461","2","11","0","0","36.88","Sunset Rangers"
"Summons Board","6702","Summons Board","152580","10500","99","2","10","0","0","14.53","Summons Board"
"Embric of Wulfhammer's Castle","6703","Embric of Wulfhammer's Castle","152580","2220","288","1","3","0","0","68.73","Embric of Wulfhammer's Castle"
"The Book of Unwritten Tales: The Critter Chronicles","6704","The Book of Unwritten Tales: The Critter Chronicles","152400","11580","174","2","18","0","0","13.16","The Book of Unwritten Tales: The Critter Chronicles"
"Hard Reset: Redux","6705","Hard Reset: Redux","152400","49980","93","4","187","0","0","3.05","Hard Reset: Redux"
"Novus Inceptio","6706","Novus Inceptio","152340","30240","784","3","90","0","0","5.04","Novus Inceptio"
"Marble Blast","6707","Marble Blast","152220","19920","387","2","52","0","0","7.64","Marble Blast"
"Nancy Drew: The White Wolf of Icicle Creek","6708","Nancy Drew: The White Wolf of Icicle Creek","152220","16980","188","2","34","0","0","8.96","Nancy Drew: The White Wolf of Icicle Creek"
"Family Guy Video Game!","6709","Family Guy Video Game!","152040","4620","346","1","18","0","0","32.91","Family Guy Video Game!"
"Hard Truck: Apocalypse","6710","Hard Truck: Apocalypse","151920","12600","600","2","36","0","0","12.06","Hard Truck: Apocalypse"
"Baja: Edge of Control","6711","Baja: Edge of Control","151920","15540","144","2","52","0","0","9.78","Baja: Edge of Control"
"Trauma Center: Under the Knife","6712","Trauma Center: Under the Knife","151860","9120","229","1","16","0","0","16.65","Trauma Center: Under the Knife"
"Tropico 6","6713","Tropico 6","151560","120","2593","1","1","0","0","1263","Tropico 6"
"The Amazing Race","6714","The Amazing Race","151440","540","401","1","2","0","0","280.44","The Amazing Race"
"Ascendancy","6715","Ascendancy","151320","1140","913","1","4","0","0","132.74","Ascendancy"
"Normy's Beach Babe-O-Rama","6716","Normy's Beach Babe-O-Rama","151200","1920","1064","1","6","0","0","78.75","Normy's Beach Babe-O-Rama"
"Jetpack Joyride","6717","Jetpack Joyride","151140","18000","2281","2","106","0","0","8.4","Jetpack Joyride"
"Age of Wushu","6718","Age of Wushu","151020","62820","57","3","67","0","0","2.4","Age of Wushu"
"DJMAX Trilogy","6719","DJMAX Trilogy","150960","77940","128","3","199","0","0","1.94","DJMAX Trilogy"
"EZ2ON","6720","EZ2ON","150900","10740","110","1","8","0","0","14.05","EZ2ON"
"Survivor","6721","Survivor","150840","11280","407","2","57","0","0","13.37","Survivor"
"Push Me Pull You","6722","Push Me Pull You","150780","2520","1018","1","17","0","0","59.83","Push Me Pull You"
"Witchaven II: Blood Vengeance","6723","Witchaven II: Blood Vengeance","150300","1500","287","1","1","0","0","100.2","Witchaven II: Blood Vengeance"
"WRC 6","6724","WRC 6","150180","44580","223","4","151","0","0","3.37","WRC 6"
"Samurai Warriors 4-II","6725","Samurai Warriors 4-II","150000","93660","184","3","267","0","0","1.6","Samurai Warriors 4-II"
"Bound By Flame","6726","Bound By Flame","150000","102540","145","3","284","0","0","1.46","Bound By Flame"
"Stay Dead","6727","Stay Dead","149940","480","2381","1","3","0","0","312.38","Stay Dead"
"Inspector Gadget: Gadget's Crazy Maze","6728","Inspector Gadget: Gadget's Crazy Maze","149940","180","1289","1","2","0","0","833","Inspector Gadget: Gadget's Crazy Maze"
"V","6729","V","149940","6840","1471","4","109","0","0","21.92","V"
"Simulator SIMT MHD","6730","Simulator SIMT MHD","149820","4080","491","1","20","0","0","36.72","Simulator SIMT MHD"
"Sword of the New World: Granado Espada","6731","Sword of the New World: Granado Espada","149580","46080","25","3","45","0","0","3.25","Sword of the New World: Granado Espada"
"EA Sports UFC","6732","EA Sports UFC","149580","17460","519","3","1055","0","0","8.57","EA Sports UFC"
"Snake's Revenge","6733","Snake's Revenge","149460","3300","1270","1","10","0","0","45.29","Snake's Revenge"
"Jim Henson's Muppets Party Cruise","6734","Jim Henson's Muppets Party Cruise","149460","360","1286","1","4","0","0","415.17","Jim Henson's Muppets Party Cruise"
"Power Blade II","6735","Power Blade II","149280","3060","1068","1","14","0","0","48.78","Power Blade II"
"Legends of Callasia","6736","Legends of Callasia","149100","24840","32","2","37","0","0","6","Legends of Callasia"
"In the Groove","6737","In the Groove","149040","14340","123","2","22","0","0","10.39","In the Groove"
"Gemstone IV","6738","Gemstone IV","148980","22440","66","2","22","0","0","6.64","Gemstone IV"
"Lethal Enforcers I & II","6739","Lethal Enforcers I & II","148920","300","1392","1","1","0","0","496.4","Lethal Enforcers I & II"
"Tom Clancy's Splinter Cell: Pandora Tomorrow","6740","Tom Clancy's Splinter Cell: Pandora Tomorrow","148860","24720","193","2","55","0","0","6.02","Tom Clancy's Splinter Cell: Pandora Tomorrow"
"Mario vs. Donkey Kong","6741","Mario vs. Donkey Kong","148860","25560","493","2","41","0","0","5.82","Mario vs. Donkey Kong"
"Pid","6742","Pid","148740","27180","146","2","80","0","0","5.47","Pid"
"Marvel Puzzle Quest: Dark Reign","6743","Marvel Puzzle Quest: Dark Reign","148740","40740","268","3","69","0","0","3.65","Marvel Puzzle Quest: Dark Reign"
"Just Dance 4","6744","Just Dance 4","148680","8280","328","2","37","0","0","17.96","Just Dance 4"
"Afro Samurai","6745","Afro Samurai","148680","7200","461","1","20","0","0","20.65","Afro Samurai"
"Golden Tee","6746","Golden Tee","148620","29640","439","2","12","0","0","5.01","Golden Tee"
"Dating Sims: The Visual Novel","6747","Dating Sims: The Visual Novel","148380","16380","421","1","66","0","0","9.06","Dating Sims: The Visual Novel"
"Blackwell Epiphany","6748","Blackwell Epiphany","148320","14940","89","2","34","0","0","9.93","Blackwell Epiphany"
"Police Quest 3: The Kindred","6749","Police Quest 3: The Kindred","148320","3240","275","1","8","0","0","45.78","Police Quest 3: The Kindred"
"Garbage Truck Simulator","6750","Garbage Truck Simulator","148320","8040","1695","1","24","0","0","18.45","Garbage Truck Simulator"
"Daffy Duck: The Marvin Missions","6751","Daffy Duck: The Marvin Missions","148200","2700","1501","2","12","0","0","54.89","Daffy Duck: The Marvin Missions"
"Zak McKracken and the Alien Mindbenders","6752","Zak McKracken and the Alien Mindbenders","148080","4980","674","2","14","0","0","29.73","Zak McKracken and the Alien Mindbenders"
"Dark Savior","6753","Dark Savior","147960","2100","256","1","6","0","0","70.46","Dark Savior"
"Crystal Beans From Dungeon Explorer","6754","Crystal Beans From Dungeon Explorer","147960","2040","1848","2","6","0","0","72.53","Crystal Beans From Dungeon Explorer"
"Dreams","6755","Dreams","147840","1200","731","1","5","0","0","123.2","Dreams"
"The Last Story","6756","The Last Story","147780","42660","108","2","62","0","0","3.46","The Last Story"
"Ninja Baseball Bat Man","6757","Ninja Baseball Bat Man","147540","7140","597","1","30","0","0","20.66","Ninja Baseball Bat Man"
"Metal Slug 2: Super Vehicle - 001/II","6758","Metal Slug 2: Super Vehicle - 001/II","147420","27480","185","2","134","0","0","5.36","Metal Slug 2: Super Vehicle - 001/II"
"Out of the Park Baseball 2017","6759","Out of the Park Baseball 2017","147420","31320","80","3","56","0","0","4.71","Out of the Park Baseball 2017"
"MicroVolts","6760","MicroVolts","147360","52980","123","3","116","0","0","2.78","MicroVolts"
"Super Arcade Football","6761","Super Arcade Football","147300","900","757","1","4","0","0","163.67","Super Arcade Football"
"Superhot: Mind Control Delete","6762","Superhot: Mind Control Delete","147120","5700","757","3","0","0","0","25.81","Superhot: Mind Control Delete"
"Killing Zone","6763","Killing Zone","146940","300","2440","1","2","0","0","489.8","Killing Zone"
"Sid Meier's Civilization","6764","Sid Meier's Civilization","146940","8400","1063","2","25","0","0","17.49","Sid Meier's Civilization"
"Subsurface Circular","6765","Subsurface Circular","146880","8520","1437","1","45","0","0","17.24","Subsurface Circular"
"Laura Bow: Colonel's Bequest","6766","Laura Bow: Colonel's Bequest","146820","4800","174","1","11","0","0","30.59","Laura Bow: Colonel's Bequest"
"Jungle no Ouja Tar-chan: Sekai Manyuu Dai Kakutou no Maki","6767","Jungle no Ouja Tar-chan: Sekai Manyuu Dai Kakutou no Maki","146760","3300","397","1","9","0","0","44.47","Jungle no Ouja Tar-chan: Sekai Manyuu Dai Kakutou no Maki"
"Muv-Luv Alternative","6768","Muv-Luv Alternative","146760","16020","40","2","14","0","0","9.16","Muv-Luv Alternative"
"League of Evil","6769","League of Evil","146760","21660","256","2","21","0","0","6.78","League of Evil"
"All-Pro Football 2K8","6770","All-Pro Football 2K8","146700","16740","855","2","9","0","0","8.76","All-Pro Football 2K8"
"Haunted: Halloween '85","6771","Haunted: Halloween '85","146700","180","1736","1","1","0","0","815","Haunted: Halloween '85"
"Star Wars: Galactic Battlegrounds","6772","Star Wars: Galactic Battlegrounds","146640","13920","2087","2","48","0","0","10.53","Star Wars: Galactic Battlegrounds"
"Jak X: Combat Racing","6773","Jak X: Combat Racing","146580","39780","85","6","31","0","0","3.68","Jak X: Combat Racing"
"Garfield's Wild Ride","6774","Garfield's Wild Ride","146580","1500","464","1","3","0","0","97.72","Garfield's Wild Ride"
"Rogue Islands","6775","Rogue Islands","146580","14220","326","4","61","0","0","10.31","Rogue Islands"
"The Sims Medieval: Pirates and Nobles","6776","The Sims Medieval: Pirates and Nobles","146520","20940","358","2","57","0","0","7","The Sims Medieval: Pirates and Nobles"
"The Chronicles of Riddick: Assault on Dark Athena","6777","The Chronicles of Riddick: Assault on Dark Athena","146460","31260","409","3","54","0","0","4.69","The Chronicles of Riddick: Assault on Dark Athena"
"Naruto: Ninja Council","6778","Naruto: Ninja Council","146460","5640","1273","1","6","0","0","25.97","Naruto: Ninja Council"
"Demon Gaze II","6779","Demon Gaze II","146460","45660","101","5","47","0","0","3.21","Demon Gaze II"
"Butcher","6780","Butcher","146400","28380","177","4","170","0","0","5.16","Butcher"
"Rampage","6781","Rampage","146400","3960","501","3","24","0","0","36.97","Rampage"
"Radical Dreamers: Nusumenai Houseki","6782","Radical Dreamers: Nusumenai Houseki","146340","3720","2977","1","9","0","0","39.34","Radical Dreamers: Nusumenai Houseki"
"Mario & Sonic at the Olympic Winter Games","6783","Mario & Sonic at the Olympic Winter Games","146160","3840","596","2","17","0","0","38.06","Mario & Sonic at the Olympic Winter Games"
"Guilty Gear Xrd -SIGN-","6784","Guilty Gear Xrd -SIGN-","146160","83040","110","4","380","0","0","1.76","Guilty Gear Xrd -SIGN-"
"Herc's Adventures","6785","Herc's Adventures","146100","7200","451","2","23","0","0","20.29","Herc's Adventures"
"NecroVisioN","6786","NecroVisioN","146040","15780","255","2","48","0","0","9.25","NecroVisioN"
"Digimon Digital Card Battle","6787","Digimon Digital Card Battle","145980","32940","61","6","45","0","0","4.43","Digimon Digital Card Battle"
"On a Roll","6788","On a Roll","145920","15060","318","3","41","0","0","9.69","On a Roll"
"Adventure Pop","6789","Adventure Pop","145860","21420","214","4","296","0","0","6.81","Adventure Pop"
"Tomato Adventure","6790","Tomato Adventure","145860","2760","2114","1","14","0","0","52.85","Tomato Adventure"
"Rockin' Kats","6791","Rockin' Kats","145620","13020","720","8","37","0","0","11.18","Rockin' Kats"
"Mewnbase","6792","Mewnbase","145620","3300","611","1","14","0","0","44.13","Mewnbase"
"Special Delivery: Santa's Christmas Chaos","6793","Special Delivery: Santa's Christmas Chaos","145560","360","2276","1","2","0","0","404.33","Special Delivery: Santa's Christmas Chaos"
"Powerslave","6794","Powerslave","145500","17100","110","2","30","0","0","8.51","Powerslave"
"I Wanna Be The Guy: Gaiden","6795","I Wanna Be The Guy: Gaiden","145380","6180","790","1","24","0","0","23.52","I Wanna Be The Guy: Gaiden"
"Bastard Bonds","6796","Bastard Bonds","145200","8700","593","2","22","0","0","16.69","Bastard Bonds"
"Wartile","6797","Wartile","145200","10500","236","2","53","0","0","13.83","Wartile"
"Energy Breaker","6798","Energy Breaker","145080","11100","116","1","4","0","0","13.07","Energy Breaker"
"Yoshi's New Island","6799","Yoshi's New Island","145020","7080","205","2","15","0","0","20.48","Yoshi's New Island"
"Stick It to the Man!","6800","Stick It to the Man!","145020","19080","663","2","73","0","0","7.6","Stick It to the Man!"