"","","Game","Watch time","Stream time","Peak viewers","Peak channels","Streamers","Average viewers","Average channels","Average viewer ratio",""
"Kami","8301","Kami","76920","4260","633","1","18","0","0","18.06","Kami"
"Heart & Slash","8302","Heart & Slash","76860","20100","172","2","136","0","0","3.82","Heart & Slash"
"Extinction","8303","Extinction","76860","8640","38","1","21","0","0","8.9","Extinction"
"Ballz 3D: Fighting at its Ballziest","8304","Ballz 3D: Fighting at its Ballziest","76860","1380","1222","1","6","0","0","55.7","Ballz 3D: Fighting at its Ballziest"
"AmsterDoom","8305","AmsterDoom","76860","1140","357","1","5","0","0","67.42","AmsterDoom"
"Cycling Manager","8306","Cycling Manager","76800","840","326","1","2","0","0","91.43","Cycling Manager"
"Stern Pinball Arcade","8307","Stern Pinball Arcade","76740","65940","165","3","158","0","0","1.16","Stern Pinball Arcade"
"HackyZack","8308","HackyZack","76740","7620","186","3","51","0","0","10.07","HackyZack"
"Duolingo","8309","Duolingo","76680","23160","183","2","79","0","0","3.31","Duolingo"
"GoldenEye: Rogue Agent","8310","GoldenEye: Rogue Agent","76680","14160","181","2","18","0","0","5.42","GoldenEye: Rogue Agent"
"Guinness World Records: The Video Game","8311","Guinness World Records: The Video Game","76680","600","367","1","4","0","0","127.8","Guinness World Records: The Video Game"
"Bronkie The Bronchiasaurus","8312","Bronkie The Bronchiasaurus","76620","1320","1232","1","8","0","0","58.05","Bronkie The Bronchiasaurus"
"Armored Core 2","8313","Armored Core 2","76620","12720","83","2","30","0","0","6.02","Armored Core 2"
"GDC 2016","8314","GDC 2016","76560","180","923","1","2","0","0","425.33","GDC 2016"
"Sword of Sodan","8315","Sword of Sodan","76320","2340","317","3","10","0","0","32.62","Sword of Sodan"
"YOUFIGHT","8316","YOUFIGHT","76320","120","653","1","1","0","0","636","YOUFIGHT"
"MixMaster","8317","MixMaster","76320","2280","441","7","0","0","0","33.47","MixMaster"
"Fun House","8318","Fun House","76320","1560","290","2","8","0","0","48.92","Fun House"
"Sonic Gems Collection","8319","Sonic Gems Collection","76260","12180","152","2","67","0","0","6.26","Sonic Gems Collection"
"Tank Force","8320","Tank Force","76260","33060","190","3","41","0","0","2.31","Tank Force"
"Stack-Up","8321","Stack-Up","76260","1620","97","1","1","0","0","47.07","Stack-Up"
"Semispheres","8322","Semispheres","76260","4620","145","2","21","0","0","16.51","Semispheres"
"Star Crusade CCG","8323","Star Crusade CCG","76200","22740","118","3","36","0","0","3.35","Star Crusade CCG"
"Koi to Senkyo to Chocolate","8324","Koi to Senkyo to Chocolate","76200","6720","30","1","6","0","0","11.34","Koi to Senkyo to Chocolate"
"Total Miner","8325","Total Miner","76140","8820","771","4","8","0","0","8.63","Total Miner"
"Jagged Alliance: Back in Action","8326","Jagged Alliance: Back in Action","76140","17700","37","2","26","0","0","4.3","Jagged Alliance: Back in Action"
"Hashire Hebereke","8327","Hashire Hebereke","76140","2640","1069","5","9","0","0","28.84","Hashire Hebereke"
"Dragon Quest Swords: The Masked Queen and The Tower Of Mirrors","8328","Dragon Quest Swords: The Masked Queen and The Tower Of Mirrors","76020","5400","110","1","7","0","0","14.08","Dragon Quest Swords: The Masked Queen and The Tower Of Mirrors"
"Green Lantern: Rise of the Manhunters","8329","Green Lantern: Rise of the Manhunters","76020","1320","173","1","4","0","0","57.59","Green Lantern: Rise of the Manhunters"
"Savant","8330","Savant","75900","10980","302","2","70","0","0","6.91","Savant"
"F1 2013","8331","F1 2013","75840","29580","130","2","131","0","0","2.56","F1 2013"
"Terra Battle 2","8332","Terra Battle 2","75840","13020","107","4","27","0","0","5.82","Terra Battle 2"
"Dragon Power","8333","Dragon Power","75780","1800","326","3","11","0","0","42.1","Dragon Power"
"Zwei!!","8334","Zwei!!","75780","3660","551","2","13","0","0","20.7","Zwei!!"
"Barbie Explorer","8335","Barbie Explorer","75720","11760","117","3","44","0","0","6.44","Barbie Explorer"
"Planet Minigolf","8336","Planet Minigolf","75660","240","1260","1","2","0","0","315.25","Planet Minigolf"
"Eye of the Beholder","8337","Eye of the Beholder","75660","10620","88","2","32","0","0","7.12","Eye of the Beholder"
"Age of Wulin","8338","Age of Wulin","75660","10500","159","3","18","0","0","7.21","Age of Wulin"
"Gunman Clive","8339","Gunman Clive","75660","5280","381","1","20","0","0","14.33","Gunman Clive"
"SimCity 3000 Unlimited","8340","SimCity 3000 Unlimited","75540","7680","134","1","24","0","0","9.84","SimCity 3000 Unlimited"
"Muv-Luv","8341","Muv-Luv","75540","17700","34","2","23","0","0","4.27","Muv-Luv"
"Picross Touch","8342","Picross Touch","75540","18060","126","2","61","0","0","4.18","Picross Touch"
"Reaction Game: Hit the color!","8343","Reaction Game: Hit the color!","75480","2760","96","1","1","0","0","27.35","Reaction Game: Hit the color!"
"Super Arabian","8344","Super Arabian","75480","300","1267","1","2","0","0","251.6","Super Arabian"
"The Guided Fate Paradox","8345","The Guided Fate Paradox","75420","7560","57","1","9","0","0","9.98","The Guided Fate Paradox"
"The Graveyard","8346","The Graveyard","75420","1740","1124","1","7","0","0","43.34","The Graveyard"
"Crash Bandicoot: The Huge Adventure","8347","Crash Bandicoot: The Huge Adventure","75420","16080","148","3","64","0","0","4.69","Crash Bandicoot: The Huge Adventure"
"Doritos VR Battle","8348","Doritos VR Battle","75360","300","457","1","2","0","0","251.2","Doritos VR Battle"
"Mahjong Police","8349","Mahjong Police","75300","8520","32","2","4","0","0","8.84","Mahjong Police"
"Pony Town","8350","Pony Town","75240","22740","163","2","58","0","0","3.31","Pony Town"
"Hello Kitty and Sanrio Friends Racing","8351","Hello Kitty and Sanrio Friends Racing","75240","3060","205","1","20","0","0","24.59","Hello Kitty and Sanrio Friends Racing"
"Mirrors","8352","Mirrors","75240","1380","623","1","11","0","0","54.52","Mirrors"
"Tabletopia","8353","Tabletopia","75240","23400","30","4","126","0","0","3.22","Tabletopia"
"Double Dragon Advance","8354","Double Dragon Advance","75180","1140","740","1","10","0","0","65.95","Double Dragon Advance"
"Tekken: Dark Resurrection","8355","Tekken: Dark Resurrection","75180","12300","122","2","39","0","0","6.11","Tekken: Dark Resurrection"
"Colin McRae Rally 2.0","8356","Colin McRae Rally 2.0","75180","18900","56","2","43","0","0","3.98","Colin McRae Rally 2.0"
"Headliner","8357","Headliner","75180","3660","210","2","21","0","0","20.54","Headliner"
"Life Of Black Tiger","8358","Life Of Black Tiger","75120","3600","319","1","21","0","0","20.87","Life Of Black Tiger"
"XenoMiner","8359","XenoMiner","75120","9240","41","1","3","0","0","8.13","XenoMiner"
"Silver Surfer","8360","Silver Surfer","75120","8280","188","3","34","0","0","9.07","Silver Surfer"
"ZombieRun","8361","ZombieRun","75060","60","1251","1","1","0","0","1251","ZombieRun"
"Constantine","8362","Constantine","74940","10260","261","1","27","0","0","7.3","Constantine"
"Clue: Murder at Boddy Mansion","8363","Clue: Murder at Boddy Mansion","74940","780","279","1","3","0","0","96.08","Clue: Murder at Boddy Mansion"
"Star Fox 64 3D","8364","Star Fox 64 3D","74940","7020","113","1","35","0","0","10.68","Star Fox 64 3D"
"Project Mekuru (working title)","8365","Project Mekuru (working title)","74880","120","633","1","1","0","0","624","Project Mekuru (working title)"
"Initial D Arcade Stage 7 AAX","8366","Initial D Arcade Stage 7 AAX","74820","4800","305","2","1","0","0","15.59","Initial D Arcade Stage 7 AAX"
"Flicky","8367","Flicky","74820","6780","398","1","17","0","0","11.04","Flicky"
"Duke Nukem: Zero Hour","8368","Duke Nukem: Zero Hour","74760","3600","91","1","14","0","0","20.77","Duke Nukem: Zero Hour"
"Lost Eden","8369","Lost Eden","74760","3000","115","1","5","0","0","24.92","Lost Eden"
"Penguin Adventure","8370","Penguin Adventure","74700","840","1217","1","5","0","0","88.93","Penguin Adventure"
"Crimzon Clover","8371","Crimzon Clover","74700","13500","239","2","40","0","0","5.53","Crimzon Clover"
"Aftercharge","8372","Aftercharge","74700","7020","233","12","5","0","0","10.64","Aftercharge"
"Karnov","8373","Karnov","74640","7080","451","2","25","0","0","10.54","Karnov"
"Miracle Girls Festival","8374","Miracle Girls Festival","74640","9300","41","2","25","0","0","8.03","Miracle Girls Festival"
"Sébastien Loeb Rally Evo","8375","Sébastien Loeb Rally Evo","74520","69120","38","3","238","0","0","1.08","Sébastien Loeb Rally Evo"
"Pilot Brothers: On the Track of Striped Elephant","8376","Pilot Brothers: On the Track of Striped Elephant","74520","4740","189","2","19","0","0","15.72","Pilot Brothers: On the Track of Striped Elephant"
"Sacred Underworld","8377","Sacred Underworld","74520","24420","39","2","57","0","0","3.05","Sacred Underworld"
"Creeper World 3","8378","Creeper World 3","74520","8700","63","1","26","0","0","8.57","Creeper World 3"
"Gruntz","8379","Gruntz","74460","1080","490","1","6","0","0","68.94","Gruntz"
"Grim Legends 3: The Dark City","8380","Grim Legends 3: The Dark City","74460","9240","221","2","26","0","0","8.06","Grim Legends 3: The Dark City"
"Miner Meltdown","8381","Miner Meltdown","74460","6360","524","2","46","0","0","11.71","Miner Meltdown"
"WWF European Rampage","8382","WWF European Rampage","74460","120","697","1","1","0","0","620.5","WWF European Rampage"
"Paws: A Shelter 2 Game","8383","Paws: A Shelter 2 Game","74400","5700","179","1","27","0","0","13.05","Paws: A Shelter 2 Game"
"Pryzm Chapter One: The Dark Unicorn","8384","Pryzm Chapter One: The Dark Unicorn","74400","1500","322","1","4","0","0","49.6","Pryzm Chapter One: The Dark Unicorn"
"Battleship","8385","Battleship","74400","9120","479","2","77","0","0","8.16","Battleship"
"Quadrant","8386","Quadrant","74400","9960","134","2","35","0","0","7.47","Quadrant"
"Scooby-Doo and the Cyber Chase","8387","Scooby-Doo and the Cyber Chase","74400","10140","237","1","18","0","0","7.34","Scooby-Doo and the Cyber Chase"
"Mega Coin Squad","8388","Mega Coin Squad","74340","8760","304","2","53","0","0","8.49","Mega Coin Squad"
"RISK: The Game of Global Domination","8389","RISK: The Game of Global Domination","74340","7800","424","2","32","0","0","9.53","RISK: The Game of Global Domination"
"flOw","8390","flOw","74340","10200","697","2","58","0","0","7.29","flOw"
"Wild Arms Alter Code: F","8391","Wild Arms Alter Code: F","74280","26940","20","2","17","0","0","2.76","Wild Arms Alter Code: F"
"Swarm","8392","Swarm","74280","2040","478","1","4","0","0","36.41","Swarm"
"Wargroove","8393","Wargroove","74280","300","412","1","1","0","0","247.6","Wargroove"
"Tactical Intervention","8394","Tactical Intervention","74160","14040","209","2","34","0","0","5.28","Tactical Intervention"
"Lufia: The Ruins of Lore","8395","Lufia: The Ruins of Lore","74160","4800","66","1","5","0","0","15.45","Lufia: The Ruins of Lore"
"Jones in the Fast Lane","8396","Jones in the Fast Lane","74160","4140","319","1","11","0","0","17.91","Jones in the Fast Lane"
"Barbie: Magic Genie Adventure","8397","Barbie: Magic Genie Adventure","74160","5100","572","2","27","0","0","14.54","Barbie: Magic Genie Adventure"
"Al-Qadim: The Genie's Curse","8398","Al-Qadim: The Genie's Curse","74160","2160","141","1","4","0","0","34.33","Al-Qadim: The Genie's Curse"
"Nancy Drew: The Deadly Device","8399","Nancy Drew: The Deadly Device","74100","10320","104","2","20","0","0","7.18","Nancy Drew: The Deadly Device"
"Icarus","8400","Icarus","74100","35100","154","5","74","0","0","2.11","Icarus"