"","","Game","Watch time","Stream time","Peak viewers","Peak channels","Streamers","Average viewers","Average channels","Average viewer ratio",""
"Long Live Santa!","3001","Long Live Santa!","1199160","16860","7438","7","0","2","0","71.12","Long Live Santa!"
"Oddworld: Abe's Oddysee New 'n' Tasty!","3002","Oddworld: Abe's Oddysee New 'n' Tasty!","1198560","311280","666","8","1254","2","0","3.85","Oddworld: Abe's Oddysee New 'n' Tasty!"
"Batman: The Video Game","3003","Batman: The Video Game","1198500","70500","2984","4","105","2","0","17","Batman: The Video Game"
"Force of Will - TCG","3004","Force of Will - TCG","1197180","75180","288","4","75","2","0","15.92","Force of Will - TCG"
"Dragon Quest X: Mezameshi Itsutsu no Shuzoku Online","3005","Dragon Quest X: Mezameshi Itsutsu no Shuzoku Online","1196340","164340","174","7","138","2","0","7.28","Dragon Quest X: Mezameshi Itsutsu no Shuzoku Online"
"Tokyo 42","3006","Tokyo 42","1195500","59280","7768","11","318","2","0","20.17","Tokyo 42"
"Contrast","3007","Contrast","1194060","111900","662","4","394","2","0","10.67","Contrast"
"Slay.one","3008","Slay.one","1193220","13560","671","2","37","2","0","88","Slay.one"
"Archangel","3009","Archangel","1192200","20340","9459","6","93","2","0","58.61","Archangel"
"One Piece: Burning Blood","3010","One Piece: Burning Blood","1192080","204840","2776","4","1651","2","0","5.82","One Piece: Burning Blood"
"Far Cry 5","3011","Far Cry 5","1189500","3660","5030","6","14","2","0","325","Far Cry 5"
"Dragon Quest VI: Realms of Revelation","3012","Dragon Quest VI: Realms of Revelation","1187040","58560","1330","3","40","2","0","20.27","Dragon Quest VI: Realms of Revelation"
"Pepsiman","3013","Pepsiman","1186020","23880","3101","3","105","2","0","49.67","Pepsiman"
"Chronicon","3014","Chronicon","1186020","90780","860","9","197","2","0","13.06","Chronicon"
"Scooby Doo","3015","Scooby Doo","1184340","7440","2474","2","35","2","0","159.19","Scooby Doo"
"Star Wars: The Force Unleashed II","3016","Star Wars: The Force Unleashed II","1184220","316800","1179","38","1813","2","0","3.74","Star Wars: The Force Unleashed II"
"The Town of Light","3017","The Town of Light","1183860","139800","772","10","593","2","0","8.47","The Town of Light"
"Serious Sam HD: The First Encounter","3018","Serious Sam HD: The First Encounter","1182780","100860","3124","7","591","2","0","11.73","Serious Sam HD: The First Encounter"
"NCAA Football 07","3019","NCAA Football 07","1182240","1320","12373","1","5","2","0","895.64","NCAA Football 07"
"Age of Mythology","3020","Age of Mythology","1181580","54540","6679","4","176","2","0","21.66","Age of Mythology"
"Deluxe Ski Jump 4","3021","Deluxe Ski Jump 4","1180500","16800","7143","2","42","2","0","70.27","Deluxe Ski Jump 4"
"Botanicula","3022","Botanicula","1179540","53100","6067","3","197","2","0","22.21","Botanicula"
"Tony Hawk's American Wasteland","3023","Tony Hawk's American Wasteland","1178280","83760","1780","3","259","2","0","14.07","Tony Hawk's American Wasteland"
"Skylar & Plux: Adventure on Clover Island","3024","Skylar & Plux: Adventure on Clover Island","1177980","47460","5581","10","230","2","0","24.82","Skylar & Plux: Adventure on Clover Island"
"Romancing SaGa 2","3025","Romancing SaGa 2","1177920","68400","1452","11","15","2","0","17.22","Romancing SaGa 2"
"Near Death","3026","Near Death","1174860","26700","2878","3","118","2","0","44","Near Death"
"Mount & Blade Warband: Napoleonic Wars","3027","Mount & Blade Warband: Napoleonic Wars","1174680","66000","2107","4","281","2","0","17.8","Mount & Blade Warband: Napoleonic Wars"
"Bus Simulator 16","3028","Bus Simulator 16","1173900","84960","4517","3","324","2","0","13.82","Bus Simulator 16"
"Ultimate Muscle: Legends vs. New Generation","3029","Ultimate Muscle: Legends vs. New Generation","1173720","2580","7631","3","14","2","0","454.93","Ultimate Muscle: Legends vs. New Generation"
"GoldenEye","3030","GoldenEye","1171320","25740","5065","3","87","2","0","45.51","GoldenEye"
"Chef","3031","Chef","1170600","1140","19439","3","6","2","0","1026.84","Chef"
"Hook","3032","Hook","1170360","46560","1149","4","144","2","0","25.14","Hook"
"Castle Miner Z","3033","Castle Miner Z","1167180","22920","10305","2","115","2","0","50.92","Castle Miner Z"
"Fabulous - Angela's Fashion Fever","3034","Fabulous - Angela's Fashion Fever","1166760","7260","1740","1","17","2","0","160.71","Fabulous - Angela's Fashion Fever"
"Oddworld: Abe's Exoddus","3035","Oddworld: Abe's Exoddus","1165860","186180","265","7","148","2","0","6.26","Oddworld: Abe's Exoddus"
"Warhammer 40,000: Dawn of War II","3036","Warhammer 40,000: Dawn of War II","1165320","126960","1850","5","376","2","0","9.18","Warhammer 40,000: Dawn of War II"
"Naruto Shippuden: Ultimate Ninja Storm 3 Full Burst","3037","Naruto Shippuden: Ultimate Ninja Storm 3 Full Burst","1164360","173940","595","5","702","2","0","6.69","Naruto Shippuden: Ultimate Ninja Storm 3 Full Burst"
"Aftermath","3038","Aftermath","1161360","166860","211","6","216","2","0","6.96","Aftermath"
"Desync","3039","Desync","1158240","43080","15290","7","214","2","0","26.89","Desync"
"Tales Runner","3040","Tales Runner","1157820","84240","1838","5","226","2","0","13.74","Tales Runner"
"The Trail","3041","The Trail","1156620","14580","5743","3","73","2","0","79.33","The Trail"
"Space Hulk: Deathwing","3042","Space Hulk: Deathwing","1155720","201180","4541","8","927","2","0","5.74","Space Hulk: Deathwing"
"Bad Smell","3043","Bad Smell","1155480","12060","2255","1","8","2","0","95.81","Bad Smell"
"NASCAR Heat 2","3044","NASCAR Heat 2","1155360","354240","1014","44","772","2","0","3.26","NASCAR Heat 2"
"Yu-Gi-Oh! The Sacred Cards","3045","Yu-Gi-Oh! The Sacred Cards","1154340","17220","9307","6","63","2","0","67.03","Yu-Gi-Oh! The Sacred Cards"
"Call of Duty: World at War: Zombies","3046","Call of Duty: World at War: Zombies","1154280","307080","359","7","1517","2","0","3.76","Call of Duty: World at War: Zombies"
"Thomas Was Alone","3047","Thomas Was Alone","1154040","55860","2826","3","256","2","0","20.66","Thomas Was Alone"
"Zero: Nuregarasu no Miko","3048","Zero: Nuregarasu no Miko","1152120","65160","593","4","95","2","0","17.68","Zero: Nuregarasu no Miko"
"Dissidia 012 Final Fantasy","3049","Dissidia 012 Final Fantasy","1151700","112380","5582","6","269","2","0","10.25","Dissidia 012 Final Fantasy"
"Outland","3050","Outland","1150680","193200","2149","20","1066","2","0","5.96","Outland"
"iCarly","3051","iCarly","1150680","1440","18069","1","10","2","0","799.08","iCarly"
"Galactic Civilizations III","3052","Galactic Civilizations III","1149480","60720","2739","3","187","2","0","18.93","Galactic Civilizations III"
"FortressCraft Evolved!","3053","FortressCraft Evolved!","1148520","259260","159","5","161","2","0","4.43","FortressCraft Evolved!"
"Thief: The Dark Project","3054","Thief: The Dark Project","1148100","135600","2871","4","179","2","0","8.47","Thief: The Dark Project"
"Serious Sam: The First Encounter","3055","Serious Sam: The First Encounter","1147560","170520","1357","6","576","2","0","6.73","Serious Sam: The First Encounter"
"Tatsunoko vs. Capcom:  Cross Generation of Heroes","3056","Tatsunoko vs. Capcom:  Cross Generation of Heroes","1147500","2400","7390","1","14","2","0","478.13","Tatsunoko vs. Capcom:  Cross Generation of Heroes"
"Guild of Dungeoneering","3057","Guild of Dungeoneering","1146840","108180","1472","6","452","2","0","10.6","Guild of Dungeoneering"
"Rock of Ages","3058","Rock of Ages","1146720","30120","1408","3","170","2","0","38.07","Rock of Ages"
"God of War: Chains of Olympus","3059","God of War: Chains of Olympus","1145460","29340","2079","2","72","2","0","39.04","God of War: Chains of Olympus"
"Legaia 2: Duel Saga","3060","Legaia 2: Duel Saga","1145400","42600","1580","2","40","2","0","26.89","Legaia 2: Duel Saga"
"Red Orchestra 2: Heroes of Stalingrad","3061","Red Orchestra 2: Heroes of Stalingrad","1144680","254400","3231","8","1095","2","0","4.5","Red Orchestra 2: Heroes of Stalingrad"
"Bubble Fighter","3062","Bubble Fighter","1143540","122280","2254","6","113","2","0","9.35","Bubble Fighter"
"MXGP3 - The Official Motocross Videogame","3063","MXGP3 - The Official Motocross Videogame","1141560","209280","2615","12","730","2","0","5.45","MXGP3 - The Official Motocross Videogame"
"Tony Hawk's Pro Skater 4","3064","Tony Hawk's Pro Skater 4","1137600","113220","5820","10","246","2","0","10.05","Tony Hawk's Pro Skater 4"
"Infestation: Survivor Stories","3065","Infestation: Survivor Stories","1135560","118020","2209","7","406","2","0","9.62","Infestation: Survivor Stories"
"Railroad Tycoon 3","3066","Railroad Tycoon 3","1133880","10140","2146","1","33","2","0","111.82","Railroad Tycoon 3"
"Giga Wing 2","3067","Giga Wing 2","1133160","2460","5181","2","8","2","0","460.63","Giga Wing 2"
"Lunar 2: Eternal Blue Complete","3068","Lunar 2: Eternal Blue Complete","1133040","71580","612","3","52","2","0","15.83","Lunar 2: Eternal Blue Complete"
"Digital Devil Monogatari: Megami Tensei II","3069","Digital Devil Monogatari: Megami Tensei II","1132740","3780","548","1","1","2","0","299.67","Digital Devil Monogatari: Megami Tensei II"
"Ever Oasis","3070","Ever Oasis","1131480","65940","3326","5","116","2","0","17.16","Ever Oasis"
"The Legend of Heroes: Trails in the Sky the 3rd","3071","The Legend of Heroes: Trails in the Sky the 3rd","1131360","178320","560","12","111","2","0","6.34","The Legend of Heroes: Trails in the Sky the 3rd"
"Aim Hero","3072","Aim Hero","1131060","65160","1956","4","299","2","0","17.36","Aim Hero"
"Lara Croft Tomb Raider: Legend","3073","Lara Croft Tomb Raider: Legend","1130040","121740","785","5","273","2","0","9.28","Lara Croft Tomb Raider: Legend"
"Soulcalibur II HD Online","3074","Soulcalibur II HD Online","1129380","20640","7095","2","85","2","0","54.72","Soulcalibur II HD Online"
"Soulcalibur IV","3075","Soulcalibur IV","1126620","27480","8279","2","71","2","0","41","Soulcalibur IV"
"Heroes of Might and Magic III: Armageddon's Blade","3076","Heroes of Might and Magic III: Armageddon's Blade","1120260","54180","1284","3","131","2","0","20.68","Heroes of Might and Magic III: Armageddon's Blade"
"Rig'n'Roll","3077","Rig'n'Roll","1119900","2040","4155","1","14","2","0","548.97","Rig'n'Roll"
"Suikoden","3078","Suikoden","1119720","150000","176","4","151","2","0","7.46","Suikoden"
"Tales of Vesperia","3079","Tales of Vesperia","1119600","152040","853","4","126","2","0","7.36","Tales of Vesperia"
"PAKO - Car Chase Simulator","3080","PAKO - Car Chase Simulator","1119240","3840","20380","4","30","2","0","291.47","PAKO - Car Chase Simulator"
"Monster Hunter","3081","Monster Hunter","1119180","53880","7861","3","135","2","0","20.77","Monster Hunter"
"Democracy 3","3082","Democracy 3","1119000","58860","2222","3","309","2","0","19.01","Democracy 3"
"The Settlers II","3083","The Settlers II","1117440","29520","1550","2","84","2","0","37.85","The Settlers II"
"No More Heroes","3084","No More Heroes","1116240","77280","1054","5","124","2","0","14.44","No More Heroes"
"Tactics Ogre: Let Us Cling Together","3085","Tactics Ogre: Let Us Cling Together","1116000","100860","298","3","110","2","0","11.06","Tactics Ogre: Let Us Cling Together"
"Soulcalibur III","3086","Soulcalibur III","1115040","41880","8872","3","88","2","0","26.62","Soulcalibur III"
"GameBlast17","3087","GameBlast17","1114080","76320","2071","39","85","2","0","14.6","GameBlast17"
"The Ultimate Doom","3088","The Ultimate Doom","1113960","190500","761","5","622","2","0","5.85","The Ultimate Doom"
"Dynasty Warriors: Unleashed","3089","Dynasty Warriors: Unleashed","1112640","78480","325","7","81","2","0","14.18","Dynasty Warriors: Unleashed"
"The Last Blade 2","3090","The Last Blade 2","1112580","25020","6033","2","95","2","0","44.47","The Last Blade 2"
"Rebuild 3: Gangs of Deadsville","3091","Rebuild 3: Gangs of Deadsville","1112100","18480","3289","3","53","2","0","60.18","Rebuild 3: Gangs of Deadsville"
"Rock N' Roll Racing","3092","Rock N' Roll Racing","1109940","33180","6204","4","106","2","0","33.45","Rock N' Roll Racing"
"Nekopara Vol.0","3093","Nekopara Vol.0","1109520","67140","9306","3","492","2","0","16.53","Nekopara Vol.0"
"Tormentum: Dark Sorrow","3094","Tormentum: Dark Sorrow","1108800","39120","1387","3","122","2","0","28.34","Tormentum: Dark Sorrow"
"Evil Factory","3095","Evil Factory","1107660","1500","8690","1","9","2","0","738.44","Evil Factory"
"Recettear: An Item Shop's Tale","3096","Recettear: An Item Shop's Tale","1107600","199020","145","4","503","2","0","5.57","Recettear: An Item Shop's Tale"
"Crysis Warhead","3097","Crysis Warhead","1106700","28440","2743","2","104","2","0","38.91","Crysis Warhead"
"Final Fantasy Crystal Chronicles","3098","Final Fantasy Crystal Chronicles","1105800","91860","2216","3","188","2","0","12.04","Final Fantasy Crystal Chronicles"
"Samurai Warriors: Spirit of Sanada","3099","Samurai Warriors: Spirit of Sanada","1104840","128160","287","10","235","2","0","8.62","Samurai Warriors: Spirit of Sanada"
"Neo Turf Masters","3100","Neo Turf Masters","1103940","54120","526","4","144","2","0","20.4","Neo Turf Masters"