"","","Game","Watch time","Stream time","Peak viewers","Peak channels","Streamers","Average viewers","Average channels","Average viewer ratio",""
"League of Legends","1","League of Legends","61343915700","909828060","1084257","3235","587084","116725","1731","67.42","League of Legends"
"PLAYERUNKNOWN'S BATTLEGROUNDS","2","PLAYERUNKNOWN'S BATTLEGROUNDS","32389814100","861987000","450958","4821","531818","61631","1640","37.58","PLAYERUNKNOWN'S BATTLEGROUNDS"
"Dota 2","3","Dota 2","26992770180","231840960","845577","1228","148660","51361","441","116.43","Dota 2"
"Hearthstone","4","Hearthstone","26565153240","135675180","277440","1538","147275","50548","258","195.8","Hearthstone"
"Counter-Strike: Global Offensive","5","Counter-Strike: Global Offensive","25188135540","451309800","1233293","2177","529109","47928","858","55.81","Counter-Strike: Global Offensive"
"Overwatch","6","Overwatch","14383602840","619563420","329834","3561","665386","27369","1178","23.22","Overwatch"
"IRL","7","IRL","10950122100","145144800","213906","1123","194124","20835","276","75.44","IRL"
"World of Warcraft","8","World of Warcraft","8083275540","350996220","114050","3142","182309","15380","667","23.03","World of Warcraft"
"Grand Theft Auto V","9","Grand Theft Auto V","7333931160","225185700","146629","1320","398048","13955","428","32.57","Grand Theft Auto V"
"Z1 Battle Royale","10","Z1 Battle Royale","5385147720","209576940","145097","1184","162230","10246","398","25.7","Z1 Battle Royale"
"Fortnite","11","Fortnite","4892738700","237793320","147556","3848","303945","9309","452","20.58","Fortnite"
"Heroes of the Storm","12","Heroes of the Storm","4176629760","100783020","126179","718","96839","7947","191","41.44","Heroes of the Storm"
"Minecraft","13","Minecraft","4166290320","196273140","104992","1134","316273","7927","373","21.23","Minecraft"
"RuneScape","14","RuneScape","3743255880","66331980","94782","244","50861","7122","126","56.43","RuneScape"
"Talk Shows & Podcasts","15","Talk Shows & Podcasts","3624068940","40193640","314999","697","68166","6895","76","90.17","Talk Shows & Podcasts"
"Tom Clancy's Rainbow Six: Siege","16","Tom Clancy's Rainbow Six: Siege","3480558900","277893300","82332","1409","391450","6622","528","12.52","Tom Clancy's Rainbow Six: Siege"
"FIFA 17","17","FIFA 17","3021016800","73907940","144454","717","133653","5748","140","40.88","FIFA 17"
"Path of Exile","18","Path of Exile","2917133760","75832860","85576","1522","48338","5550","144","38.47","Path of Exile"
"Destiny 2","19","Destiny 2","2892412560","229582680","465627","14140","252832","5503","436","12.6","Destiny 2"
"Creative","20","Creative","2859031380","159862320","51358","561","131349","5440","304","17.88","Creative"
"StarCraft II","21","StarCraft II","2856273780","39905340","102646","183","29830","5434","75","71.58","StarCraft II"
"World of Tanks","22","World of Tanks","2758073280","84179880","109108","430","60546","5248","160","32.76","World of Tanks"
"Destiny","23","Destiny","2673190440","381312420","107657","4818","223892","5086","725","7.01","Destiny"
"FIFA 18","24","FIFA 18","2491437000","44170860","89011","1550","77816","4740","84","56.4","FIFA 18"
"Poker","25","Poker","2379860700","26561640","42697","173","13198","4528","50","89.6","Poker"
"Rocket League","26","Rocket League","2329267860","108486060","207485","639","213145","4432","206","21.47","Rocket League"
"Smite","27","Smite","2319570660","80448660","103551","405","81735","4413","153","28.83","Smite"
"Dead by Daylight","28","Dead by Daylight","2260802220","103981680","42683","819","78544","4301","197","21.74","Dead by Daylight"
"Casino_old","29","Casino_old","2019776400","9462240","36379","54","3775","3843","18","213.46","Casino_old"
"Black Desert Online","30","Black Desert Online","1858136100","70039920","45596","343","44811","3535","133","26.53","Black Desert Online"
"Call of Duty: WWII","31","Call of Duty: WWII","1783628760","54407700","170705","2811","151038","3393","103","32.78","Call of Duty: WWII"
"For Honor","32","For Honor","1715939700","54317760","146765","2064","109343","3265","103","31.59","For Honor"
"Street Fighter V","33","Street Fighter V","1589341680","21159780","205793","149","22552","3024","40","75.11","Street Fighter V"
"Magic: The Gathering","34","Magic: The Gathering","1460797260","11571420","44857","74","6092","2779","22","126.24","Magic: The Gathering"
"Warframe","35","Warframe","1397243940","72502980","88701","718","95186","2658","137","19.27","Warframe"
"Arma 3","36","Arma 3","1376747580","55391940","45593","422","45589","2619","105","24.85","Arma 3"
"The Legend of Zelda: Breath of the Wild","37","The Legend of Zelda: Breath of the Wild","1300488300","31448760","188399","1408","23265","2474","59","41.35","The Legend of Zelda: Breath of the Wild"
"Rust","38","Rust","1299035520","49211100","56947","299","54048","2471","93","26.4","Rust"
"ARK","39","ARK","1251429540","92307600","57668","694","100248","2381","175","13.56","ARK"
"Dark Souls III","40","Dark Souls III","1240028640","65721180","271174","1109","111085","2359","125","18.87","Dark Souls III"
"Friday the 13th: The Game","41","Friday the 13th: The Game","1166252520","47606100","125328","1499","100272","2219","90","24.5","Friday the 13th: The Game"
"Clash Royale","42","Clash Royale","1158963840","15778560","74923","107","25974","2205","30","73.45","Clash Royale"
"Resident Evil 7 biohazard","43","Resident Evil 7 biohazard","1119852420","45903480","224481","3497","122704","2130","87","24.4","Resident Evil 7 biohazard"
"Diablo III: Reaper of Souls","44","Diablo III: Reaper of Souls","1031950620","67624440","43336","1424","87622","1963","128","15.26","Diablo III: Reaper of Souls"
"NBA 2K17","45","NBA 2K17","987661680","89178000","23852","1295","139820","1879","169","11.08","NBA 2K17"
"Gwent: The Witcher Card Game","46","Gwent: The Witcher Card Game","953050620","15549900","49264","228","19134","1813","29","61.29","Gwent: The Witcher Card Game"
"Super Smash Bros. Melee","47","Super Smash Bros. Melee","942705180","9606000","152438","68","11372","1793","18","98.14","Super Smash Bros. Melee"
"Call of Duty: Infinite Warfare","48","Call of Duty: Infinite Warfare","906018780","77284200","116685","776","148205","1723","147","11.72","Call of Duty: Infinite Warfare"
"Music & Performing Arts","49","Music & Performing Arts","892914960","36361560","21308","184","31638","1699","69","24.56","Music & Performing Arts"
"Tekken 7","50","Tekken 7","868613940","17061000","142873","508","42188","1652","32","50.91","Tekken 7"
"E3 2017","51","E3 2017","860261340","1657500","1105343","2142","5210","1636","3","519.01","E3 2017"
"The Elder Scrolls: Legends","52","The Elder Scrolls: Legends","846399840","8741760","19205","63","6720","1610","16","96.82","The Elder Scrolls: Legends"
"Conan Exiles","53","Conan Exiles","820651740","15203220","174794","847","18180","1561","28","53.98","Conan Exiles"
"Nioh","54","Nioh","810804600","26470860","93044","1211","36795","1542","50","30.63","Nioh"
"Super Smash Bros. for Wii U","55","Super Smash Bros. for Wii U","767042520","10599600","142104","77","8004","1459","20","72.37","Super Smash Bros. for Wii U"
"Pokémon Sun/Moon","56","Pokémon Sun/Moon","760968240","18216900","34589","103","9834","1447","34","41.77","Pokémon Sun/Moon"
"Darkest Dungeon","57","Darkest Dungeon","753661260","14787480","56136","199","22636","1434","28","50.97","Darkest Dungeon"
"Call of Duty: Black Ops III","58","Call of Duty: Black Ops III","732842460","159233940","44101","2517","340206","1394","302","4.6","Call of Duty: Black Ops III"
"Warcraft III","59","Warcraft III","723357180","14654580","24842","69","7699","1376","27","49.36","Warcraft III"
"The Binding of Isaac: Afterbirth","60","The Binding of Isaac: Afterbirth","715888320","15253380","65155","382","23045","1362","29","46.93","The Binding of Isaac: Afterbirth"
"Dungeons & Dragons","61","Dungeons & Dragons","683261700","14848440","40150","146","7766","1300","28","46.02","Dungeons & Dragons"
"Paladins","62","Paladins","675453360","51275220","45152","331","111397","1285","97","13.17","Paladins"
"Super Mario Odyssey","63","Super Mario Odyssey","667474260","10246380","60755","1047","11760","1270","19","65.14","Super Mario Odyssey"
"Lineage II","64","Lineage II","650433300","25333680","13649","158","9125","1237","48","25.67","Lineage II"
"Super Mario Maker","65","Super Mario Maker","628967100","8289420","18154","53","3972","1196","15","75.88","Super Mario Maker"
"Tom Clancy's The Division","66","Tom Clancy's The Division","623217180","67904880","37112","595","79460","1185","129","9.18","Tom Clancy's The Division"
"FINAL FANTASY XIV Online","67","FINAL FANTASY XIV Online","617282640","47321040","36847","1396","31291","1174","90","13.04","FINAL FANTASY XIV Online"
"Battlefield 1","68","Battlefield 1","614719200","92893140","29758","717","215829","1169","176","6.62","Battlefield 1"
"Escape From Tarkov","69","Escape From Tarkov","595316100","22437540","50897","396","13727","1132","42","26.53","Escape From Tarkov"
"Horizon Zero Dawn","70","Horizon Zero Dawn","589541340","16877580","143742","880","75672","1121","32","34.93","Horizon Zero Dawn"
"Summoners War: Sky Arena","71","Summoners War: Sky Arena","553295820","11808720","57021","59","4787","1052","22","46.85","Summoners War: Sky Arena"
"Getting Over It","72","Getting Over It","545039820","4229160","86187","233","6946","1037","8","128.88","Getting Over It"
"Cuphead","73","Cuphead","543321660","15976920","106835","900","58501","1033","30","34.01","Cuphead"
"Shadowverse","74","Shadowverse","537602880","11918580","26516","123","10934","1022","22","45.11","Shadowverse"
"DayZ","75","DayZ","518544780","23328000","41308","174","21697","986","44","22.23","DayZ"
"Super Mario 64","76","Super Mario 64","506844300","9410400","219476","63","9350","964","17","53.86","Super Mario 64"
"7 Days to Die","77","7 Days to Die","498310920","43608300","39478","266","51082","948","82","11.43","7 Days to Die"
"Retro","78","Retro","495209280","26855820","16517","123","12082","942","51","18.44","Retro"
"Tibia","79","Tibia","493508580","18476280","21317","90","8688","939","35","26.71","Tibia"
"The Witcher 3: Wild Hunt","80","The Witcher 3: Wild Hunt","492199620","31774680","21902","158","54441","936","60","15.49","The Witcher 3: Wild Hunt"
"Halo 5: Guardians","81","Halo 5: Guardians","487688220","30315240","65207","189","38419","927","57","16.09","Halo 5: Guardians"
"Power Rangers","82","Power Rangers","485869620","583080","71017","101","1089","924","1","833.28","Power Rangers"
"Star Wars Battlefront II","83","Star Wars Battlefront II","473992920","12001800","121333","1065","35951","901","22","39.49","Star Wars Battlefront II"
"Paragon","84","Paragon","470273880","45173040","38339","351","40770","894","85","10.41","Paragon"
"The Evil Within 2","85","The Evil Within 2","460111740","7756140","157125","890","18650","875","14","59.32","The Evil Within 2"
"South Park: The Fractured But Whole","86","South Park: The Fractured But Whole","457470180","8235360","161626","1059","21884","870","15","55.55","South Park: The Fractured But Whole"
"The Elder Scrolls V: Skyrim","87","The Elder Scrolls V: Skyrim","457314720","46710840","29039","207","83761","870","88","9.79","The Elder Scrolls V: Skyrim"
"Call of Duty: Modern Warfare Remastered","88","Call of Duty: Modern Warfare Remastered","456446460","40884360","19383","444","107062","868","77","11.16","Call of Duty: Modern Warfare Remastered"
"Injustice 2","89","Injustice 2","448984200","11830020","64375","947","29048","854","22","37.95","Injustice 2"
"Bloodborne","90","Bloodborne","443190720","26135520","16804","146","47280","843","49","16.96","Bloodborne"
"Twitch Presents","91","Twitch Presents","441339180","211140","43035","14","141","839","0","2090.27","Twitch Presents"
"Dark Souls","92","Dark Souls","431832540","18064800","204556","93","25060","821","34","23.9","Dark Souls"
"NBA 2K18","93","NBA 2K18","431001600","31733400","43330","1847","45873","820","60","13.58","NBA 2K18"
"World of Warships","94","World of Warships","425784420","24310260","8295","109","18609","810","46","17.51","World of Warships"
"RimWorld","95","RimWorld","422378280","13505160","19095","89","12696","803","25","31.28","RimWorld"
"Assassin's Creed Origins","96","Assassin's Creed Origins","416705280","11399160","80844","755","31322","792","21","36.56","Assassin's Creed Origins"
"Games + Demos","97","Games + Demos","414610920","8187420","86250","84","13819","788","15","50.64","Games + Demos"
"Outlast 2","98","Outlast 2","410257920","12174660","212319","1589","46246","780","23","33.7","Outlast 2"
"osu!","99","osu!","400830240","53728620","18701","237","71955","762","102","7.46","osu!"
"Mario Kart 8","100","Mario Kart 8","397342380","8414700","59013","377","13869","756","16","47.22","Mario Kart 8"