"","","Game","Watch time","Stream time","Peak viewers","Peak channels","Streamers","Average viewers","Average channels","Average viewer ratio",""
"Hitman Go","8101","Hitman Go","83280","12000","245","2","66","0","0","6.94","Hitman Go"
"God Wars: Toki wo Koete","8102","God Wars: Toki wo Koete","83280","11880","41","2","12","0","0","7.01","God Wars: Toki wo Koete"
"Reality","8103","Reality","83280","20760","149","2","89","0","0","4.01","Reality"
"Conan: The Cimmerian","8104","Conan: The Cimmerian","83220","2100","122","1","2","0","0","39.63","Conan: The Cimmerian"
"Sumotori Dreams","8105","Sumotori Dreams","83220","1740","492","1","9","0","0","47.83","Sumotori Dreams"
"Crazy Taxi: Catch a Ride","8106","Crazy Taxi: Catch a Ride","83220","360","1541","1","2","0","0","231.17","Crazy Taxi: Catch a Ride"
"Yoshi's Cookie","8107","Yoshi's Cookie","83160","13620","328","2","45","0","0","6.11","Yoshi's Cookie"
"MotorStorm: Apocalypse","8108","MotorStorm: Apocalypse","83100","2160","1240","1","11","0","0","38.47","MotorStorm: Apocalypse"
"Hebereke's Popoon","8109","Hebereke's Popoon","83100","360","1456","1","2","0","0","230.83","Hebereke's Popoon"
"Helltown","8110","Helltown","83040","960","271","1","4","0","0","86.5","Helltown"
"Enigmatis: The Mists of Ravenwood","8111","Enigmatis: The Mists of Ravenwood","83040","15420","45","2","40","0","0","5.39","Enigmatis: The Mists of Ravenwood"
"beatmania IIDX 16 EMPRESS","8112","beatmania IIDX 16 EMPRESS","83040","9000","314","1","25","0","0","9.23","beatmania IIDX 16 EMPRESS"
"Monaco: What's Yours Is Mine","8113","Monaco: What's Yours Is Mine","82980","30540","104","6","189","0","0","2.72","Monaco: What's Yours Is Mine"
"Game Room","8114","Game Room","82980","30300","360","3","127","0","0","2.74","Game Room"
"One Piece Thousand Storm","8115","One Piece Thousand Storm","82980","17040","162","2","39","0","0","4.87","One Piece Thousand Storm"
"WWE SLAM: Card Trader","8116","WWE SLAM: Card Trader","82920","9960","25","2","10","0","0","8.33","WWE SLAM: Card Trader"
"Baseball Superstars 2012","8117","Baseball Superstars 2012","82920","900","193","1","3","0","0","92.13","Baseball Superstars 2012"
"King's Quest III: To Heir is Human","8118","King's Quest III: To Heir is Human","82860","10380","43","1","25","0","0","7.98","King's Quest III: To Heir is Human"
"Elite","8119","Elite","82860","24840","140","2","75","0","0","3.34","Elite"
"Hexen: Deathkings of the Dark Citadel","8120","Hexen: Deathkings of the Dark Citadel","82800","8520","90","1","10","0","0","9.72","Hexen: Deathkings of the Dark Citadel"
"COPS 2170: The Power of Law","8121","COPS 2170: The Power of Law","82740","3000","43","1","3","0","0","27.58","COPS 2170: The Power of Law"
"Haunt the House: Terrortown","8122","Haunt the House: Terrortown","82560","8640","372","5","54","0","0","9.56","Haunt the House: Terrortown"
"Blade II","8123","Blade II","82560","3720","454","1","10","0","0","22.19","Blade II"
"The 11th Hour","8124","The 11th Hour","82500","15720","25","2","16","0","0","5.25","The 11th Hour"
"Tiny Brains","8125","Tiny Brains","82440","17940","95","2","71","0","0","4.6","Tiny Brains"
"Fur Up","8126","Fur Up","82440","5400","280","2","41","0","0","15.27","Fur Up"
"Forza Motorsport 3","8127","Forza Motorsport 3","82380","18960","60","2","27","0","0","4.34","Forza Motorsport 3"
"WWF Royal Rumble","8128","WWF Royal Rumble","82380","3180","637","1","23","0","0","25.91","WWF Royal Rumble"
"Bridge Constructor Playground","8129","Bridge Constructor Playground","82320","900","409","1","6","0","0","91.47","Bridge Constructor Playground"
"Badiya","8130","Badiya","82320","4260","390","1","8","0","0","19.32","Badiya"
"Field of Glory","8131","Field of Glory","82260","4500","146","2","12","0","0","18.28","Field of Glory"
"Dragon Force","8132","Dragon Force","82260","22440","35","2","28","0","0","3.67","Dragon Force"
"Detective Barbie in The Mystery of the Carnival Caper","8133","Detective Barbie in The Mystery of the Carnival Caper","82260","1740","518","1","6","0","0","47.28","Detective Barbie in The Mystery of the Carnival Caper"
"Gundam Battle Assault 2","8134","Gundam Battle Assault 2","82200","11160","258","1","31","0","0","7.37","Gundam Battle Assault 2"
"Dead Space Extraction","8135","Dead Space Extraction","82200","9000","75","1","27","0","0","9.13","Dead Space Extraction"
"Digimon Rumble Arena 2","8136","Digimon Rumble Arena 2","82200","6300","375","1","30","0","0","13.05","Digimon Rumble Arena 2"
"Airline Tycoon Deluxe","8137","Airline Tycoon Deluxe","82200","1740","343","1","7","0","0","47.24","Airline Tycoon Deluxe"
"Odin Sphere","8138","Odin Sphere","82140","33480","33","2","63","0","0","2.45","Odin Sphere"
"Girl Zone","8139","Girl Zone","82080","900","1401","1","5","0","0","91.2","Girl Zone"
"Rec Room Games","8140","Rec Room Games","82080","9180","518","2","42","0","0","8.94","Rec Room Games"
"Elitserien 96","8141","Elitserien 96","82020","120","713","1","0","0","0","683.5","Elitserien 96"
"SD Gundam G Generation Overworld","8142","SD Gundam G Generation Overworld","82020","36060","14","2","37","0","0","2.27","SD Gundam G Generation Overworld"
"The Path","8143","The Path","82020","11160","189","1","45","0","0","7.35","The Path"
"Aero Fighters","8144","Aero Fighters","81960","3300","1451","1","23","0","0","24.84","Aero Fighters"
"Kitten Rampage","8145","Kitten Rampage","81960","900","969","2","12","0","0","91.07","Kitten Rampage"
"God of Word","8146","God of Word","81960","2340","1342","1","12","0","0","35.03","God of Word"
"Stop","8147","Stop","81900","7860","373","2","37","0","0","10.42","Stop"
"Senko no Ronde 2","8148","Senko no Ronde 2","81900","24120","45","6","40","0","0","3.4","Senko no Ronde 2"
"Hyperdimension Neptunia Victory","8149","Hyperdimension Neptunia Victory","81900","21720","154","2","19","0","0","3.77","Hyperdimension Neptunia Victory"
"Riviera: The Promised Land","8150","Riviera: The Promised Land","81840","14640","177","2","15","0","0","5.59","Riviera: The Promised Land"
"Name That Tune","8151","Name That Tune","81840","7920","102","1","8","0","0","10.33","Name That Tune"
"Talent Not Included","8152","Talent Not Included","81840","3180","221","1","19","0","0","25.74","Talent Not Included"
"Rad Rodgers","8153","Rad Rodgers","81780","7980","200","1","36","0","0","10.25","Rad Rodgers"
"Conqueror","8154","Conqueror","81780","480","692","2","4","0","0","170.38","Conqueror"
"Vs. Super Mario Bros.","8155","Vs. Super Mario Bros.","81780","5400","444","3","16","0","0","15.14","Vs. Super Mario Bros."
"Navy Field","8156","Navy Field","81780","31680","31","2","48","0","0","2.58","Navy Field"
"Critter Crunch","8157","Critter Crunch","81600","1920","341","1","11","0","0","42.5","Critter Crunch"
"M.E.R.C.","8158","M.E.R.C.","81600","1560","360","2","9","0","0","52.31","M.E.R.C."
"Medieval: Total War","8159","Medieval: Total War","81480","10200","263","2","21","0","0","7.99","Medieval: Total War"
"Blood Bowl II","8160","Blood Bowl II","81480","4740","213","2","19","0","0","17.19","Blood Bowl II"
"Chess With Friends","8161","Chess With Friends","81420","2820","649","1","22","0","0","28.87","Chess With Friends"
"Timber & Stone","8162","Timber & Stone","81420","6000","1206","1","17","0","0","13.57","Timber & Stone"
"Michael Jordan:  Chaos in the Windy City","8163","Michael Jordan:  Chaos in the Windy City","81420","7860","546","5","20","0","0","10.36","Michael Jordan:  Chaos in the Windy City"
"Barbie Horse Adventure: Wild Horse Rescue","8164","Barbie Horse Adventure: Wild Horse Rescue","81360","30720","53","3","31","0","0","2.65","Barbie Horse Adventure: Wild Horse Rescue"
"Neverwinter Nights 2: Mask of the Betrayer","8165","Neverwinter Nights 2: Mask of the Betrayer","81360","3660","66","1","5","0","0","22.23","Neverwinter Nights 2: Mask of the Betrayer"
"SpongeBob SquarePants: SuperSponge","8166","SpongeBob SquarePants: SuperSponge","81360","4860","420","2","23","0","0","16.74","SpongeBob SquarePants: SuperSponge"
"Pandemonium!","8167","Pandemonium!","81360","14040","409","5","53","0","0","5.79","Pandemonium!"
"Ragnarok Online 2: Legend of the Second","8168","Ragnarok Online 2: Legend of the Second","81300","30540","81","2","68","0","0","2.66","Ragnarok Online 2: Legend of the Second"
"Dig Dug","8169","Dig Dug","81240","41760","260","2","281","0","0","1.95","Dig Dug"
"The Neverhood","8170","The Neverhood","81120","13080","273","2","51","0","0","6.2","The Neverhood"
"Helbreath","8171","Helbreath","81060","13920","803","2","24","0","0","5.82","Helbreath"
"maximum override","8172","maximum override","81060","540","732","1","4","0","0","150.11","maximum override"
"Project Runway","8173","Project Runway","81060","480","375","1","3","0","0","168.88","Project Runway"
"Hyper Lode Runner","8174","Hyper Lode Runner","81000","420","486","1","2","0","0","192.86","Hyper Lode Runner"
"Star Wars: Bounty Hunter","8175","Star Wars: Bounty Hunter","81000","14640","91","3","275","0","0","5.53","Star Wars: Bounty Hunter"
"Lugaru","8176","Lugaru","80940","1680","325","1","14","0","0","48.18","Lugaru"
"Berserk: Millennium Falcon Hen Seima Senki no Shou","8177","Berserk: Millennium Falcon Hen Seima Senki no Shou","80880","11220","62","2","31","0","0","7.21","Berserk: Millennium Falcon Hen Seima Senki no Shou"
"Trashmania After Dark","8178","Trashmania After Dark","80880","1740","826","1","5","0","0","46.48","Trashmania After Dark"
"We Are The Dwarves","8179","We Are The Dwarves","80820","15240","139","2","64","0","0","5.3","We Are The Dwarves"
"Klonoa: Empire of Dreams","8180","Klonoa: Empire of Dreams","80820","12480","57","2","24","0","0","6.48","Klonoa: Empire of Dreams"
"Family Game Night Fun Pack","8181","Family Game Night Fun Pack","80760","780","1227","1","4","0","0","103.54","Family Game Night Fun Pack"
"DreamWorks Voltron VR Chronicles","8182","DreamWorks Voltron VR Chronicles","80760","3060","614","3","23","0","0","26.39","DreamWorks Voltron VR Chronicles"
"Fade to Black","8183","Fade to Black","80700","2100","107","1","6","0","0","38.43","Fade to Black"
"Kingdom Rush Origins","8184","Kingdom Rush Origins","80700","10860","483","1","12","0","0","7.43","Kingdom Rush Origins"
"Titanic: Adventure Out of Time","8185","Titanic: Adventure Out of Time","80700","4980","160","1","17","0","0","16.2","Titanic: Adventure Out of Time"
"Game Show Wizard","8186","Game Show Wizard","80640","3000","592","1","22","0","0","26.88","Game Show Wizard"
"Blackbay Asylum","8187","Blackbay Asylum","80580","8460","85","1","42","0","0","9.52","Blackbay Asylum"
"Earth Defense Force 2025","8188","Earth Defense Force 2025","80580","28800","52","3","41","0","0","2.8","Earth Defense Force 2025"
"The Sun and Moon","8189","The Sun and Moon","80580","3900","224","2","31","0","0","20.66","The Sun and Moon"
"Escape Goat","8190","Escape Goat","80520","5280","250","1","18","0","0","15.25","Escape Goat"
"Freddi Fish 3: The Case of the Stolen Conch Shell","8191","Freddi Fish 3: The Case of the Stolen Conch Shell","80520","7620","430","1","45","0","0","10.57","Freddi Fish 3: The Case of the Stolen Conch Shell"
"Worldwide Soccer Manager 2006","8192","Worldwide Soccer Manager 2006","80520","2280","68","1","1","0","0","35.32","Worldwide Soccer Manager 2006"
"Gone with the Demon","8193","Gone with the Demon","80520","2940","166","1","14","0","0","27.39","Gone with the Demon"
"Tower","8194","Tower","80460","10800","523","2","59","0","0","7.45","Tower"
"Second Sight","8195","Second Sight","80340","11700","278","2","35","0","0","6.87","Second Sight"
"Balloon Fight","8196","Balloon Fight","80280","10380","152","2","52","0","0","7.73","Balloon Fight"
"Act of Aggression","8197","Act of Aggression","80220","18120","121","2","65","0","0","4.43","Act of Aggression"
"MiniDayZ","8198","MiniDayZ","80220","6900","1176","2","41","0","0","11.63","MiniDayZ"
"Shrek SuperSlam","8199","Shrek SuperSlam","80220","13980","240","3","58","0","0","5.74","Shrek SuperSlam"
"Karate Master 2 Knock Down Blow","8200","Karate Master 2 Knock Down Blow","80160","4020","263","1","16","0","0","19.94","Karate Master 2 Knock Down Blow"