"","","Game","Watch time","Stream time","Peak viewers","Peak channels","Streamers","Average viewers","Average channels","Average viewer ratio",""
"Miscreated","201","Miscreated","123973560","5616300","38430","63","10392","235","10","22.07","Miscreated"
"Total War: WARHAMMER","202","Total War: WARHAMMER","123780480","4763820","18897","79","6921","235","9","25.98","Total War: WARHAMMER"
"Outlast","203","Outlast","123419940","11124360","16854","197","64396","234","21","11.09","Outlast"
"Don't Starve Together","204","Don't Starve Together","122551680","11155140","8871","68","22477","233","21","10.99","Don't Starve Together"
"Kerbal Space Program","205","Kerbal Space Program","122248500","5985900","5899","36","8722","232","11","20.42","Kerbal Space Program"
"Twitch Plays","206","Twitch Plays","121665780","6418200","5270","24","648","231","12","18.96","Twitch Plays"
"Super Mario Sunshine","207","Super Mario Sunshine","121087920","2669880","194094","25","3976","230","5","45.35","Super Mario Sunshine"
"Throne of Lies: The Online Game of Deceit","208","Throne of Lies: The Online Game of Deceit","120713460","906780","34248","23","929","229","1","133.12","Throne of Lies: The Online Game of Deceit"
"SOS","209","SOS","118070640","1793040","53982","222","2546","224","3","65.85","SOS"
"Prime World","210","Prime World","117376920","4349280","2216","27","1118","223","8","26.99","Prime World"
"Squad","211","Squad","117327900","5360940","43467","94","9496","223","10","21.89","Squad"
"Dying Light","212","Dying Light","117183480","11407380","33202","79","41894","222","21","10.27","Dying Light"
"Girls Frontline","213","Girls Frontline","116727000","4033680","5974","62","1965","222","7","28.94","Girls Frontline"
"Final Fantasy XV","214","Final Fantasy XV","114273060","27384900","8586","492","59793","217","52","4.17","Final Fantasy XV"
"Life Is Strange","215","Life Is Strange","113135880","7189620","14417","62","27421","215","13","15.74","Life Is Strange"
"Kingdom Hearts HD I.5 + II.5 Remix","216","Kingdom Hearts HD I.5 + II.5 Remix","112738920","6692100","14744","139","6436","214","12","16.85","Kingdom Hearts HD I.5 + II.5 Remix"
"Hellblade","217","Hellblade","112368240","3862860","83708","545","12227","213","7","29.09","Hellblade"
"My Summer Car","218","My Summer Car","111618300","2299920","21179","21","4661","212","4","48.53","My Summer Car"
"The Legend of Zelda: The Wind Waker HD","219","The Legend of Zelda: The Wind Waker HD","111333900","1502280","247477","28","2012","211","2","74.11","The Legend of Zelda: The Wind Waker HD"
"Darkwood","220","Darkwood","111310620","1070160","39458","40","3049","211","2","104.01","Darkwood"
"Doom","221","Doom","111152640","9552000","169268","80","37335","211","18","11.64","Doom"
"Left 4 Dead 2","222","Left 4 Dead 2","110060820","11191140","33264","77","34702","209","21","9.83","Left 4 Dead 2"
"Alien: Isolation","223","Alien: Isolation","107238600","6076920","14512","104","19720","204","11","17.65","Alien: Isolation"
"Worlds Adrift","224","Worlds Adrift","106698060","1797960","43814","53","2078","203","3","59.34","Worlds Adrift"
"Monster Hunter Generations Ultimate","225","Monster Hunter Generations Ultimate","106399620","2820660","13084","58","1245","202","5","37.72","Monster Hunter Generations Ultimate"
"Mass Effect 2","226","Mass Effect 2","104637960","4881960","24686","75","7746","199","9","21.43","Mass Effect 2"
"Uncharted: The Lost Legacy","227","Uncharted: The Lost Legacy","104482920","1396020","59504","211","9486","198","2","74.84","Uncharted: The Lost Legacy"
"ELEX","228","ELEX","102941700","2827440","56864","331","3973","195","5","36.41","ELEX"
"Until Dawn","229","Until Dawn","101960460","2177220","36274","58","30433","194","4","46.83","Until Dawn"
"The Surge","230","The Surge","100928580","2984340","48444","365","8168","192","5","33.82","The Surge"
"Danganronpa V3: Killing Harmony","231","Danganronpa V3: Killing Harmony","100500060","2679600","15306","156","2560","191","5","37.51","Danganronpa V3: Killing Harmony"
"ArcheAge","232","ArcheAge","99392280","4739280","6637","45","4890","189","9","20.97","ArcheAge"
"Titanfall 2","233","Titanfall 2","98796360","10993920","138129","109","46727","187","20","8.99","Titanfall 2"
"Ragnarok Online","234","Ragnarok Online","98573760","6472860","13479","38","3623","187","12","15.23","Ragnarok Online"
"Enter the Gungeon","235","Enter the Gungeon","98502420","4826880","10620","50","14542","187","9","20.41","Enter the Gungeon"
"Blood Bowl 2","236","Blood Bowl 2","97438320","2845020","6594","27","2342","185","5","34.25","Blood Bowl 2"
"Hand of Fate 2","237","Hand of Fate 2","97339440","1066560","45824","91","2326","185","2","91.26","Hand of Fate 2"
"Gigantic","238","Gigantic","97185360","4950660","37184","133","11994","184","9","19.63","Gigantic"
"Clash of Clans","239","Clash of Clans","96963540","4106460","14728","37","5692","184","7","23.61","Clash of Clans"
"WWE 2K17","240","WWE 2K17","95890200","10327080","36357","92","17363","182","19","9.29","WWE 2K17"
"The Walking Dead: A New Frontier","241","The Walking Dead: A New Frontier","94631880","2385720","24093","134","7857","180","4","39.67","The Walking Dead: A New Frontier"
"The Jackbox Party Pack 4","242","The Jackbox Party Pack 4","94391940","1956060","50917","123","3763","179","3","48.26","The Jackbox Party Pack 4"
"Human: Fall Flat","243","Human: Fall Flat","93706620","2042460","73386","78","4880","178","3","45.88","Human: Fall Flat"
"Fallout: New Vegas","244","Fallout: New Vegas","93706560","6403140","182517","40","12521","178","12","14.63","Fallout: New Vegas"
"Geometry Dash","245","Geometry Dash","93302280","10097100","11995","76","13205","177","19","9.24","Geometry Dash"
"Mario + Rabbids Kingdom Battle","246","Mario + Rabbids Kingdom Battle","92963760","1449720","47707","170","2665","176","2","64.13","Mario + Rabbids Kingdom Battle"
"Barbie and the Magic of Pegasus","247","Barbie and the Magic of Pegasus","92820300","108180","58119","10","447","176","0","858.02","Barbie and the Magic of Pegasus"
"Payday 2","248","Payday 2","92779500","15272760","37545","294","45168","176","29","6.07","Payday 2"
"Doki Doki Literature Club","249","Doki Doki Literature Club","92447040","4027080","29839","115","8302","175","7","22.96","Doki Doki Literature Club"
"Guilty Gear Xrd REV 2","250","Guilty Gear Xrd REV 2","92301840","1509480","44515","26","3051","175","2","61.15","Guilty Gear Xrd REV 2"
"Mister Rogers' Neighborhood","251","Mister Rogers' Neighborhood","92299380","82320","12304","15","130","175","0","1121.23","Mister Rogers' Neighborhood"
"RPG Maker","252","RPG Maker","91596420","808560","9554","11","1404","174","1","113.28","RPG Maker"
"Crossout","253","Crossout","90857400","9303360","23661","137","20281","172","17","9.77","Crossout"
"I Wanna Be The Boshy","254","I Wanna Be The Boshy","90761400","729720","15049","11","1731","172","1","124.38","I Wanna Be The Boshy"
"Hearts of Iron IV","255","Hearts of Iron IV","90407220","3662880","19365","33","5422","172","6","24.68","Hearts of Iron IV"
"Age of Empires II: HD Edition","256","Age of Empires II: HD Edition","90321600","2529000","23859","29","6851","171","4","35.71","Age of Empires II: HD Edition"
"Infestation: The New Z","257","Infestation: The New Z","90131820","9411120","12741","105","10026","171","17","9.58","Infestation: The New Z"
"Metal Gear Solid V: The Phantom Pain","258","Metal Gear Solid V: The Phantom Pain","89585100","11541300","6353","149","29049","170","21","7.76","Metal Gear Solid V: The Phantom Pain"
"Uno","259","Uno","89307180","548220","53619","15","3402","169","1","162.9","Uno"
"Portal 2","260","Portal 2","88693380","4985100","175214","63","20742","168","9","17.79","Portal 2"
"L.A. Noire","261","L.A. Noire","88010220","2038260","39455","58","3944","167","3","43.18","L.A. Noire"
"iRacing.com","262","iRacing.com","87810960","7609500","2220","149","3764","167","14","11.54","iRacing.com"
"Domina","263","Domina","87751020","1125360","34274","29","3230","166","2","77.98","Domina"
"Middle-earth: Shadow of Mordor","264","Middle-earth: Shadow of Mordor","87559980","8536560","16743","138","28975","166","16","10.26","Middle-earth: Shadow of Mordor"
"Kartrider","265","Kartrider","87322080","2302560","8214","23","2415","166","4","37.92","Kartrider"
"South Park: The Stick of Truth","266","South Park: The Stick of Truth","87298680","3326520","17070","91","11726","166","6","26.24","South Park: The Stick of Truth"
"60 Seconds!","267","60 Seconds!","86679000","354960","31311","10","1867","164","0","244.19","60 Seconds!"
"Xenoblade Chronicles 2","268","Xenoblade Chronicles 2","85841940","2912340","12563","246","137","163","5","29.48","Xenoblade Chronicles 2"
"Resident Evil 4","269","Resident Evil 4","85656780","6587940","14735","52","15308","162","12","13","Resident Evil 4"
"Uncharted 4: A Thief's End","270","Uncharted 4: A Thief's End","85268880","13709160","11747","112","29129","162","26","6.22","Uncharted 4: A Thief's End"
"Battlefield 4","271","Battlefield 4","84907200","22150560","6801","122","67134","161","42","3.83","Battlefield 4"
"Mass Effect 3","272","Mass Effect 3","83993700","4543380","13631","108","6211","159","8","18.49","Mass Effect 3"
"Dragon Quest XI","273","Dragon Quest XI","82216560","1153740","15066","47","1096","156","2","71.26","Dragon Quest XI"
"Mount & Blade: Warband","274","Mount & Blade: Warband","82115820","3481440","12969","28","8294","156","6","23.59","Mount & Blade: Warband"
"Rock Band 4","275","Rock Band 4","81356880","9252300","13130","67","10227","154","17","8.79","Rock Band 4"
"Need for Speed Payback","276","Need for Speed Payback","81002340","2538480","42462","182","4556","154","4","31.91","Need for Speed Payback"
"Star Wars: The Old Republic","277","Star Wars: The Old Republic","80908320","10046400","3608","82","8938","153","19","8.05","Star Wars: The Old Republic"
"Warhammer 40,000: Dawn of War III","278","Warhammer 40,000: Dawn of War III","80838060","2271540","28233","249","3520","153","4","35.59","Warhammer 40,000: Dawn of War III"
"The Game Awards","279","The Game Awards","80729580","239100","439693","1134","0","153","0","337.64","The Game Awards"
"The Escapists 2","280","The Escapists 2","80553900","1302120","54879","138","4791","153","2","61.86","The Escapists 2"
"Ultimate Marvel vs. Capcom 3","281","Ultimate Marvel vs. Capcom 3","80358300","1645260","88274","138","6252","152","3","48.84","Ultimate Marvel vs. Capcom 3"
"Kantai Collection","282","Kantai Collection","80337240","6506220","10941","97","2325","152","12","12.35","Kantai Collection"
"Board Games","283","Board Games","79697520","1129020","38637","40","1217","151","2","70.59","Board Games"
"Mortal Kombat X","284","Mortal Kombat X","79578000","6165900","8140","51","25287","151","11","12.91","Mortal Kombat X"
"Life Is Strange: Before the Storm","285","Life Is Strange: Before the Storm","78912600","3806820","40338","872","10123","150","7","20.73","Life Is Strange: Before the Storm"
"EarthBound","286","EarthBound","78882840","1410600","159596","20","1532","150","2","55.92","EarthBound"
"Lineage 2: Revolution","287","Lineage 2: Revolution","77631180","2017140","59839","82","1713","147","3","38.49","Lineage 2: Revolution"
"Mass Effect","288","Mass Effect","76813800","4460880","7716","65","8925","146","8","17.22","Mass Effect"
"Stellaris","289","Stellaris","76717320","4771260","4636","68","7154","145","9","16.08","Stellaris"
"Planet Coaster","290","Planet Coaster","76591020","4081680","13465","40","8292","145","7","18.76","Planet Coaster"
"Killing Floor 2","291","Killing Floor 2","76555680","15920340","33999","351","57568","145","30","4.81","Killing Floor 2"
"Tera","292","Tera","75758340","10378800","17358","88","10940","144","19","7.3","Tera"
"Hand of the Gods","293","Hand of the Gods","75482100","1944660","18660","38","2476","143","3","38.82","Hand of the Gods"
"Neverwinter","294","Neverwinter","75446700","10547160","3177","52","14798","143","20","7.15","Neverwinter"
"Pokémon Trading Card Game Online","295","Pokémon Trading Card Game Online","75279960","4563000","2668","37","5584","143","8","16.5","Pokémon Trading Card Game Online"
"Forza Horizon 3","296","Forza Horizon 3","75177300","12488040","43679","214","37244","143","23","6.02","Forza Horizon 3"
"Forts","297","Forts","75030000","265920","55081","13","955","142","0","282.15","Forts"
"Chrono Trigger","298","Chrono Trigger","74664000","1245960","140953","18","1791","142","2","59.92","Chrono Trigger"
"Poly Bridge","299","Poly Bridge","74446080","554400","37121","10","2066","141","1","134.28","Poly Bridge"
"Pokémon Emerald","300","Pokémon Emerald","73662000","1426260","203536","26","3325","140","2","51.65","Pokémon Emerald"