"","","Game","Watch time","Stream time","Peak viewers","Peak channels","Streamers","Average viewers","Average channels","Average viewer ratio",""
"Warhammer Online: Age of Reckoning","2301","Warhammer Online: Age of Reckoning","2143380","435120","177","7","402","4","0","4.93","Warhammer Online: Age of Reckoning"
"The Sims","2302","The Sims","2142360","126960","1003","5","458","4","0","16.87","The Sims"
"Viscera Cleanup Detail: Santa's Rampage","2303","Viscera Cleanup Detail: Santa's Rampage","2139540","94680","6398","16","276","4","0","22.6","Viscera Cleanup Detail: Santa's Rampage"
"Death Coming","2304","Death Coming","2138400","27840","7518","5","108","4","0","76.81","Death Coming"
"Harry Potter and the Order of the Phoenix","2305","Harry Potter and the Order of the Phoenix","2135940","57720","5432","3","133","4","0","37.01","Harry Potter and the Order of the Phoenix"
"Hero Siege","2306","Hero Siege","2132520","538980","1443","13","2148","4","1","3.96","Hero Siege"
"Corroded","2307","Corroded","2128860","2580","13629","3","14","4","0","825.14","Corroded"
"Cataclysm: Dark Days Ahead","2308","Cataclysm: Dark Days Ahead","2126100","261240","472","6","220","4","0","8.14","Cataclysm: Dark Days Ahead"
"Dawn of Discovery: Venice","2309","Dawn of Discovery: Venice","2124180","131460","1923","5","331","4","0","16.16","Dawn of Discovery: Venice"
"Blood and Bacon","2310","Blood and Bacon","2120340","178320","5159","7","1219","4","0","11.89","Blood and Bacon"
"Gran Turismo","2311","Gran Turismo","2114460","77820","5660","19","280","4","0","27.17","Gran Turismo"
"The Legend of Heroes: Trails in the Sky","2312","The Legend of Heroes: Trails in the Sky","2113140","421860","350","7","572","4","0","5.01","The Legend of Heroes: Trails in the Sky"
"Tales of Phantasia","2313","Tales of Phantasia","2112060","133800","2395","5","120","4","0","15.79","Tales of Phantasia"
"The Park","2314","The Park","2108820","150240","3136","7","1020","4","0","14.04","The Park"
"NES Open Tournament Golf","2315","NES Open Tournament Golf","2108220","18060","2346","2","20","4","0","116.73","NES Open Tournament Golf"
"The Guild 2","2316","The Guild 2","2108040","19800","1911","3","67","4","0","106.47","The Guild 2"
"Dynasty Warriors 7: Empires","2317","Dynasty Warriors 7: Empires","2107980","6360","2758","2","12","4","0","331.44","Dynasty Warriors 7: Empires"
"P.A.M.E.L.A.","2318","P.A.M.E.L.A.","2106960","72240","2550","5","262","4","0","29.17","P.A.M.E.L.A."
"UFC Undisputed 3","2319","UFC Undisputed 3","2106480","19440","3660","6","65","4","0","108.36","UFC Undisputed 3"
"The Beginner's Guide","2320","The Beginner's Guide","2104200","79680","15571","3","463","4","0","26.41","The Beginner's Guide"
"The Banner Saga","2321","The Banner Saga","2102640","242700","1629","8","740","4","0","8.66","The Banner Saga"
"Dragon Warrior I & II","2322","Dragon Warrior I & II","2101920","148560","1296","5","90","3","0","14.15","Dragon Warrior I & II"
"The Wild","2323","The Wild","2101140","1620","25545","1","10","3","0","1297","The Wild"
"Panzermadels: Tank Dating Simulator","2324","Panzermadels: Tank Dating Simulator","2094480","40680","8629","4","177","3","0","51.49","Panzermadels: Tank Dating Simulator"
"The Disney Afternoon Collection","2325","The Disney Afternoon Collection","2092260","163320","3121","17","774","3","0","12.81","The Disney Afternoon Collection"
"The Final Station","2326","The Final Station","2089920","222960","3642","15","1097","3","0","9.37","The Final Station"
"Sly 3: Honor Among Thieves","2327","Sly 3: Honor Among Thieves","2089320","133620","244","4","141","3","0","15.64","Sly 3: Honor Among Thieves"
"Oregon Trail II","2328","Oregon Trail II","2088660","31560","1928","3","124","3","0","66.18","Oregon Trail II"
"Art of War: Red Tides","2329","Art of War: Red Tides","2086980","471960","1399","21","1030","3","0","4.42","Art of War: Red Tides"
"F1 Race Stars","2330","F1 Race Stars","2086500","23640","5513","5","88","3","0","88.26","F1 Race Stars"
"Tony Hawk's Underground","2331","Tony Hawk's Underground","2080200","171600","2347","5","355","3","0","12.12","Tony Hawk's Underground"
"Taiko no Tatsujin","2332","Taiko no Tatsujin","2079660","24360","12103","6","71","3","0","85.37","Taiko no Tatsujin"
"Teenage Mutant Ninja Turtles IV: Turtles in Time","2333","Teenage Mutant Ninja Turtles IV: Turtles in Time","2077200","85560","11146","4","416","3","0","24.28","Teenage Mutant Ninja Turtles IV: Turtles in Time"
"Old Man's Journey","2334","Old Man's Journey","2077140","28740","7214","4","171","3","0","72.27","Old Man's Journey"
"LittleBigPlanet 2","2335","LittleBigPlanet 2","2070900","18600","5678","2","48","3","0","111.34","LittleBigPlanet 2"
"Disgaea: Hour of Darkness","2336","Disgaea: Hour of Darkness","2070240","236040","4765","5","412","3","0","8.77","Disgaea: Hour of Darkness"
"Nightmare","2337","Nightmare","2066280","3960","9509","2","21","3","0","521.79","Nightmare"
"The Flintstones: The Surprise at Dinosaur Peak!","2338","The Flintstones: The Surprise at Dinosaur Peak!","2059680","6480","1427","2","13","3","0","317.85","The Flintstones: The Surprise at Dinosaur Peak!"
"Return to Castle Wolfenstein","2339","Return to Castle Wolfenstein","2059200","239400","1347","6","685","3","0","8.6","Return to Castle Wolfenstein"
"Mario Kart 7","2340","Mario Kart 7","2055840","176280","891","5","333","3","0","11.66","Mario Kart 7"
"BioShock: The Collection","2341","BioShock: The Collection","2049960","802560","952","11","4616","3","1","2.55","BioShock: The Collection"
"Nox","2342","Nox","2049120","84240","1521","3","231","3","0","24.32","Nox"
"Game Party","2343","Game Party","2048940","59460","15165","5","187","3","0","34.46","Game Party"
"Metroid Prime 3: Corruption","2344","Metroid Prime 3: Corruption","2046300","146940","258","4","128","3","0","13.93","Metroid Prime 3: Corruption"
"Medieval II: Total War","2345","Medieval II: Total War","2045460","172080","661","5","465","3","0","11.89","Medieval II: Total War"
"Wheel of Fortune: Family Edition","2346","Wheel of Fortune: Family Edition","2039340","2340","17639","1","16","3","0","871.51","Wheel of Fortune: Family Edition"
"LEGO Star Wars: The Force Awakens","2347","LEGO Star Wars: The Force Awakens","2036040","386400","1797","15","1606","3","0","5.27","LEGO Star Wars: The Force Awakens"
"Hitman: Contracts","2348","Hitman: Contracts","2032740","59820","1950","3","135","3","0","33.98","Hitman: Contracts"
"Tekken 3","2349","Tekken 3","2030640","64740","8864","3","312","3","0","31.37","Tekken 3"
"Persona Q: Shadow of the Labyrinth","2350","Persona Q: Shadow of the Labyrinth","2027940","34560","1330","2","28","3","0","58.68","Persona Q: Shadow of the Labyrinth"
"Family Feud 2010 Edition","2351","Family Feud 2010 Edition","2026800","2280","19905","3","7","3","0","888.95","Family Feud 2010 Edition"
"F-Zero GX","2352","F-Zero GX","2026020","146640","4830","4","312","3","0","13.82","F-Zero GX"
"Madagascar","2353","Madagascar","2025000","37620","3525","2","89","3","0","53.83","Madagascar"
"Chainsaw Warrior","2354","Chainsaw Warrior","2021760","2040","10264","2","4","3","0","991.06","Chainsaw Warrior"
"The Bureau: XCOM Declassified","2355","The Bureau: XCOM Declassified","2020320","172620","2074","19","236","3","0","11.7","The Bureau: XCOM Declassified"
"Resident Evil: Survivor","2356","Resident Evil: Survivor","2019180","40020","2687","4","89","3","0","50.45","Resident Evil: Survivor"
"Dragon Warrior II","2357","Dragon Warrior II","2017860","50700","2497","2","47","3","0","39.8","Dragon Warrior II"
"NCAA Football 14","2358","NCAA Football 14","2015400","136560","2964","4","124","3","0","14.76","NCAA Football 14"
"Tony Hawk's Underground 2","2359","Tony Hawk's Underground 2","2014620","183780","8157","5","542","3","0","10.96","Tony Hawk's Underground 2"
"Gods Will Be Watching","2360","Gods Will Be Watching","2014080","47040","2131","3","172","3","0","42.82","Gods Will Be Watching"
"Persona 4: Arena Ultimax","2361","Persona 4: Arena Ultimax","2009460","333960","3494","4","162","3","0","6.02","Persona 4: Arena Ultimax"
"Scuttlers","2362","Scuttlers","2008800","300","21263","1","3","3","0","6696","Scuttlers"
"Trials Evolution","2363","Trials Evolution","2008320","70200","3321","6","250","3","0","28.61","Trials Evolution"
"Seal Online","2364","Seal Online","2004300","186060","995","5","126","3","0","10.77","Seal Online"
"Pictionary: Ultimate Edition","2365","Pictionary: Ultimate Edition","2002860","3480","6597","2","25","3","0","575.53","Pictionary: Ultimate Edition"
"Battlefleet Gothic: Armada","2366","Battlefleet Gothic: Armada","1999320","88860","1885","3","279","3","0","22.5","Battlefleet Gothic: Armada"
"WWE 2K14","2367","WWE 2K14","1998960","68760","2121","3","67","3","0","29.07","WWE 2K14"
"Hyperdimension Neptunia Re;Birth1","2368","Hyperdimension Neptunia Re;Birth1","1997100","435180","490","7","945","3","0","4.59","Hyperdimension Neptunia Re;Birth1"
"SSX 3","2369","SSX 3","1997100","145440","7911","4","233","3","0","13.73","SSX 3"
"Metal Slug","2370","Metal Slug","1995360","61980","11998","3","380","3","0","32.19","Metal Slug"
"Survarium","2371","Survarium","1995300","489780","444","13","1455","3","0","4.07","Survarium"
"Ghost Trick: Phantom Detective","2372","Ghost Trick: Phantom Detective","1994820","48360","1053","2","75","3","0","41.25","Ghost Trick: Phantom Detective"
"Wasteland 2","2373","Wasteland 2","1993860","420540","443","6","757","3","0","4.74","Wasteland 2"
"Metal Gear Solid 2: Substance","2374","Metal Gear Solid 2: Substance","1986540","111120","1977","3","189","3","0","17.88","Metal Gear Solid 2: Substance"
"inFamous","2375","inFamous","1985400","75240","8865","5","134","3","0","26.39","inFamous"
"Plants vs. Zombies","2376","Plants vs. Zombies","1980000","262140","1628","6","1165","3","0","7.55","Plants vs. Zombies"
"#killallzombies","2377","#killallzombies","1978260","132780","3602","4","403","3","0","14.9","#killallzombies"
"Kirby 64: The Crystal Shards","2378","Kirby 64: The Crystal Shards","1976820","137280","1533","3","394","3","0","14.4","Kirby 64: The Crystal Shards"
"Contagion","2379","Contagion","1973040","146880","9179","5","756","3","0","13.43","Contagion"
"Quake II","2380","Quake II","1970880","240000","7068","5","443","3","0","8.21","Quake II"
"Senran Kagura: Shinovi Versus","2381","Senran Kagura: Shinovi Versus","1969980","75300","1530","4","273","3","0","26.16","Senran Kagura: Shinovi Versus"
"Glittermitten Grove","2382","Glittermitten Grove","1967160","40620","1974","5","139","3","0","48.43","Glittermitten Grove"
"My Time at Portia","2383","My Time at Portia","1965060","84540","1584","5","197","3","0","23.24","My Time at Portia"
"Streamline","2384","Streamline","1963200","100320","1357","10","334","3","0","19.57","Streamline"
"Legend of Grimrock","2385","Legend of Grimrock","1962240","168780","6202","4","326","3","0","11.63","Legend of Grimrock"
"Castlevania: Bloodlines","2386","Castlevania: Bloodlines","1961700","47520","5840","2","161","3","0","41.28","Castlevania: Bloodlines"
"Ratchet & Clank Future: A Crack in Time","2387","Ratchet & Clank Future: A Crack in Time","1961040","55440","4290","2","65","3","0","35.37","Ratchet & Clank Future: A Crack in Time"
"Saints Row IV: Re-Elected","2388","Saints Row IV: Re-Elected","1959660","931920","214","19","4154","3","1","2.1","Saints Row IV: Re-Elected"
"rFactor 2","2389","rFactor 2","1958340","199800","559","7","339","3","0","9.8","rFactor 2"
"Tannenberg","2390","Tannenberg","1954560","45120","37361","9","134","3","0","43.32","Tannenberg"
"Ape Escape 3","2391","Ape Escape 3","1953060","117060","1317","3","125","3","0","16.68","Ape Escape 3"
"Football","2392","Football","1952760","47160","7565","4","119","3","0","41.41","Football"
"Kingdom Hearts III","2393","Kingdom Hearts III","1950540","6180","27697","26","45","3","0","315.62","Kingdom Hearts III"
"Guitar Hero","2394","Guitar Hero","1946220","93240","1488","4","336","3","0","20.87","Guitar Hero"
"Days of War","2395","Days of War","1945800","111600","16812","30","417","3","0","17.44","Days of War"
"The LEGO Ninjago Movie Video Game","2396","The LEGO Ninjago Movie Video Game","1941180","21120","3880","3","107","3","0","91.91","The LEGO Ninjago Movie Video Game"
"St Jude PLAY LIVE","2397","St Jude PLAY LIVE","1939380","58380","1235","11","48","3","0","33.22","St Jude PLAY LIVE"
"No More Room In Hell","2398","No More Room In Hell","1938360","341160","4026","6","2010","3","0","5.68","No More Room In Hell"
"Return to Zork","2399","Return to Zork","1936860","9120","2362","1","12","3","0","212.38","Return to Zork"
"Hunting Simulator","2400","Hunting Simulator","1935480","130560","10768","8","565","3","0","14.82","Hunting Simulator"