"","","Game","Watch time","Stream time","Peak viewers","Peak channels","Streamers","Average viewers","Average channels","Average viewer ratio",""
"Saturday Night Slam Masters","5101","Saturday Night Slam Masters","331980","2640","5412","1","19","0","0","125.75","Saturday Night Slam Masters"
"Blur","5102","Blur","331500","45780","360","3","146","0","0","7.24","Blur"
"SSX","5103","SSX","331380","99240","2615","4","459","0","0","3.34","SSX"
"Disciples II: Dark Prophecy","5104","Disciples II: Dark Prophecy","331140","44220","43","2","36","0","0","7.49","Disciples II: Dark Prophecy"
"Vaccine","5105","Vaccine","330960","9480","2874","2","47","0","0","34.91","Vaccine"
"Gas Guzzlers Extreme","5106","Gas Guzzlers Extreme","330660","31200","320","3","143","0","0","10.6","Gas Guzzlers Extreme"
"Challenger","5107","Challenger","330420","1140","3002","2","4","0","0","289.84","Challenger"
"Enviro-Bear 2000","5108","Enviro-Bear 2000","330060","3960","2260","2","16","0","0","83.35","Enviro-Bear 2000"
"Malkyrs: Arenas Of Eternity","5109","Malkyrs: Arenas Of Eternity","329580","24000","1679","3","43","0","0","13.73","Malkyrs: Arenas Of Eternity"
"Heroes of Might and Magic III: In the wake of gods","5110","Heroes of Might and Magic III: In the wake of gods","329460","36660","6893","3","84","0","0","8.99","Heroes of Might and Magic III: In the wake of gods"
"Arcana Heart 3: LOVE MAX SIX STARS!!!!!!","5111","Arcana Heart 3: LOVE MAX SIX STARS!!!!!!","329400","24960","351","10","21","0","0","13.2","Arcana Heart 3: LOVE MAX SIX STARS!!!!!!"
"Yu-No: Kono Yo no Hate de Koi o Utau Shoujo","5112","Yu-No: Kono Yo no Hate de Koi o Utau Shoujo","328980","28980","64","2","10","0","0","11.35","Yu-No: Kono Yo no Hate de Koi o Utau Shoujo"
"Noctropolis","5113","Noctropolis","328980","6360","1194","1","11","0","0","51.73","Noctropolis"
"Injustice 2 Mobile","5114","Injustice 2 Mobile","328740","27060","300","5","79","0","0","12.15","Injustice 2 Mobile"
"Dance Dance Revolution","5115","Dance Dance Revolution","328560","70080","143","3","73","0","0","4.69","Dance Dance Revolution"
"Chakan","5116","Chakan","328500","2580","6772","2","10","0","0","127.33","Chakan"
"Battlegrounds of Eldhelm","5117","Battlegrounds of Eldhelm","328260","148560","2974","5","321","0","0","2.21","Battlegrounds of Eldhelm"
"Hey You, Pikachu!","5118","Hey You, Pikachu!","327960","6480","678","2","31","0","0","50.61","Hey You, Pikachu!"
"Blockstorm","5119","Blockstorm","327900","18840","4648","3","100","0","0","17.4","Blockstorm"
"The Amazing Spider-Man 2","5120","The Amazing Spider-Man 2","327480","51360","300","3","600","0","0","6.38","The Amazing Spider-Man 2"
"Def Jam: Icon","5121","Def Jam: Icon","327120","840","2817","1","4","0","0","389.43","Def Jam: Icon"
"Naruto Shippuden: Ultimate Ninja Storm Collection","5122","Naruto Shippuden: Ultimate Ninja Storm Collection","327060","30480","453","3","599","0","0","10.73","Naruto Shippuden: Ultimate Ninja Storm Collection"
"Professor Layton and the Unwound Future","5123","Professor Layton and the Unwound Future","326880","44100","112","3","54","0","0","7.41","Professor Layton and the Unwound Future"
"Shining Force III Scenario 2","5124","Shining Force III Scenario 2","326700","11040","109","2","6","0","0","29.59","Shining Force III Scenario 2"
"Ni no Kuni: Shikkoku no Madoshi","5125","Ni no Kuni: Shikkoku no Madoshi","326460","8520","4549","1","13","0","0","38.32","Ni no Kuni: Shikkoku no Madoshi"
"Batman: Return to Arkham","5126","Batman: Return to Arkham","326100","75060","79","3","451","0","0","4.34","Batman: Return to Arkham"
"CastleMiner Z","5127","CastleMiner Z","326040","50400","407","3","269","0","0","6.47","CastleMiner Z"
"Spy Fox in ""Dry Cereal""","5128","Spy Fox in ""Dry Cereal""","326040","19260","1413","2","87","0","0","16.93","Spy Fox in ""Dry Cereal"""
"Destruction Derby 64","5129","Destruction Derby 64","326040","900","3087","1","3","0","0","362.27","Destruction Derby 64"
"Xianjian Qixia Zhuan 3","5130","Xianjian Qixia Zhuan 3","325860","9900","1023","3","6","0","0","32.92","Xianjian Qixia Zhuan 3"
"Magical Pop'n","5131","Magical Pop'n","325860","25080","312","4","34","0","0","12.99","Magical Pop'n"
"Arcana Heart 3: LOVE MAX!!!!!","5132","Arcana Heart 3: LOVE MAX!!!!!","325800","54960","891","3","107","0","0","5.93","Arcana Heart 3: LOVE MAX!!!!!"
"American Gladiators","5133","American Gladiators","325800","4860","1795","1","18","0","0","67.04","American Gladiators"
"Kung Fu Panda: Showdown of Legendary Legends the Video Game","5134","Kung Fu Panda: Showdown of Legendary Legends the Video Game","325800","15720","877","4","16","0","0","20.73","Kung Fu Panda: Showdown of Legendary Legends the Video Game"
"MechWarrior: Living Legends","5135","MechWarrior: Living Legends","325680","76140","66","4","82","0","0","4.28","MechWarrior: Living Legends"
"Mysterium","5136","Mysterium","325560","18060","502","3","77","0","0","18.03","Mysterium"
"Frogger's Adventures: Temple of the Frog","5137","Frogger's Adventures: Temple of the Frog","325560","13140","4196","2","13","0","0","24.78","Frogger's Adventures: Temple of the Frog"
"Takedown: Red Sabre","5138","Takedown: Red Sabre","325080","14040","4915","2","88","0","0","23.15","Takedown: Red Sabre"
"Vanish","5139","Vanish","325080","15720","494","2","107","0","0","20.68","Vanish"
"Pokémon Ranger","5140","Pokémon Ranger","325020","15300","410","2","38","0","0","21.24","Pokémon Ranger"
"Weekly Shonen Jump Ore Collection","5141","Weekly Shonen Jump Ore Collection","325020","12720","1449","3","18","0","0","25.55","Weekly Shonen Jump Ore Collection"
"eJay ClubWorld","5142","eJay ClubWorld","324900","180","2374","1","1","0","0","1805","eJay ClubWorld"
"Shin Megami Tensei","5143","Shin Megami Tensei","324900","49620","399","4","104","0","0","6.55","Shin Megami Tensei"
"Emperor: Rise of the Middle Kingdom","5144","Emperor: Rise of the Middle Kingdom","324840","12240","714","2","22","0","0","26.54","Emperor: Rise of the Middle Kingdom"
"Soulworker","5145","Soulworker","324840","126840","275","14","328","0","0","2.56","Soulworker"
"Beast Wrestler","5146","Beast Wrestler","324720","3360","520","1","2","0","0","96.64","Beast Wrestler"
"Way of the Samurai 4","5147","Way of the Samurai 4","324600","63120","289","4","171","0","0","5.14","Way of the Samurai 4"
"Sega Rally 3","5148","Sega Rally 3","324000","60","5514","2","2","0","0","5400","Sega Rally 3"
"Tekken Revolution","5149","Tekken Revolution","323940","17220","2507","3","43","0","0","18.81","Tekken Revolution"
"Ace of Seafood","5150","Ace of Seafood","323340","25020","940","3","102","0","0","12.92","Ace of Seafood"
"Hattrick!","5151","Hattrick!","323280","30900","51","2","16","0","0","10.46","Hattrick!"
"Final Fantasy Tactics A2: Grimoire of the Rift","5152","Final Fantasy Tactics A2: Grimoire of the Rift","323160","34020","96","2","75","0","0","9.5","Final Fantasy Tactics A2: Grimoire of the Rift"
"Gunman Taco Truck","5153","Gunman Taco Truck","322800","6480","470","2","30","0","0","49.81","Gunman Taco Truck"
"Dragon Age: Origins - Awakening","5154","Dragon Age: Origins - Awakening","322680","101280","106","4","166","0","0","3.19","Dragon Age: Origins - Awakening"
"Rune","5155","Rune","322680","45900","1183","3","243","0","0","7.03","Rune"
"Metal Slug: Super Vehicle - 001","5156","Metal Slug: Super Vehicle - 001","322560","27660","1653","2","136","0","0","11.66","Metal Slug: Super Vehicle - 001"
"Museum Madness","5157","Museum Madness","322560","1200","2744","1","4","0","0","268.8","Museum Madness"
"Mario Golf: Advance Tour","5158","Mario Golf: Advance Tour","322380","17700","1811","3","68","0","0","18.21","Mario Golf: Advance Tour"
"Bunny Hop League","5159","Bunny Hop League","322260","55020","4371","2","117","0","0","5.86","Bunny Hop League"
"The Old City: Leviathan","5160","The Old City: Leviathan","322140","5760","1136","1","31","0","0","55.93","The Old City: Leviathan"
"Dr. Mario 64","5161","Dr. Mario 64","322140","15660","1212","2","32","0","0","20.57","Dr. Mario 64"
"Valis III","5162","Valis III","322080","5760","752","4","17","0","0","55.92","Valis III"
"Sonic and the Secret Rings","5163","Sonic and the Secret Rings","321480","18480","408","2","53","0","0","17.4","Sonic and the Secret Rings"
"Pathfinder Online","5164","Pathfinder Online","321420","83760","37","3","100","0","0","3.84","Pathfinder Online"
"Computer Tycoon","5165","Computer Tycoon","321120","13380","344","4","46","0","0","24","Computer Tycoon"
"Devil May Cry 3: Dante's Awakening","5166","Devil May Cry 3: Dante's Awakening","320940","45540","628","3","116","0","0","7.05","Devil May Cry 3: Dante's Awakening"
"軒轅劍外傳穹之扉(The Gate of Firmament)","5167","軒轅劍外傳穹之扉(The Gate of Firmament)","320700","43200","107","2","50","0","0","7.42","軒轅劍外傳穹之扉(The Gate of Firmament)"
"Serious Sam","5168","Serious Sam","320460","25920","1217","2","99","0","0","12.36","Serious Sam"
"Sniper: Ghost Warrior 2","5169","Sniper: Ghost Warrior 2","320340","109860","170","5","603","0","0","2.92","Sniper: Ghost Warrior 2"
"The Oregon Trail","5170","The Oregon Trail","320220","18240","576","2","91","0","0","17.56","The Oregon Trail"
"Strife","5171","Strife","319740","87360","64","6","277","0","0","3.66","Strife"
"KeeperRL","5172","KeeperRL","319620","8220","714","2","40","0","0","38.88","KeeperRL"
"Bedlam","5173","Bedlam","319260","24600","894","2","86","0","0","12.98","Bedlam"
"Tomodachi Collection","5174","Tomodachi Collection","318960","5880","815","2","21","0","0","54.24","Tomodachi Collection"
"Monaco","5175","Monaco","318900","96600","510","14","595","0","0","3.3","Monaco"
"Ratchet & Clank: Size Matters","5176","Ratchet & Clank: Size Matters","318900","19920","2953","2","33","0","0","16.01","Ratchet & Clank: Size Matters"
"Emergency 4: Global Fighters for Life","5177","Emergency 4: Global Fighters for Life","318720","65580","408","4","184","0","0","4.86","Emergency 4: Global Fighters for Life"
"A New Beginning","5178","A New Beginning","317880","22800","280","2","43","0","0","13.94","A New Beginning"
"Ridge Racer V","5179","Ridge Racer V","317880","3180","3580","1","10","0","0","99.96","Ridge Racer V"
"Kreedz Climbing","5180","Kreedz Climbing","317820","33780","1756","3","180","0","0","9.41","Kreedz Climbing"
"Hotel Mario","5181","Hotel Mario","317820","6780","1906","1","31","0","0","46.88","Hotel Mario"
"Blade of Darkness","5182","Blade of Darkness","317400","28740","452","2","62","0","0","11.04","Blade of Darkness"
"The King of Fighters 02/03","5183","The King of Fighters 02/03","316980","4560","2945","2","21","0","0","69.51","The King of Fighters 02/03"
"Steredenn","5184","Steredenn","316740","38580","830","2","135","0","0","8.21","Steredenn"
"Call of Duty Online","5185","Call of Duty Online","316620","53520","605","3","260","0","0","5.92","Call of Duty Online"
"Rodina","5186","Rodina","316560","7440","1326","2","45","0","0","42.55","Rodina"
"Forza Horizon","5187","Forza Horizon","316560","240300","90","7","1232","0","0","1.32","Forza Horizon"
"Hero of the Kingdom","5188","Hero of the Kingdom","316320","7200","996","2","25","0","0","43.93","Hero of the Kingdom"
"Space Quest II: Chapter II - Vohaul's Revenge","5189","Space Quest II: Chapter II - Vohaul's Revenge","316260","3180","952","2","11","0","0","99.45","Space Quest II: Chapter II - Vohaul's Revenge"
"GAMES Interactive","5190","GAMES Interactive","316200","443100","673","4","108","0","0","0.71","GAMES Interactive"
"Sonic the Hedgehog 4: Episode I","5191","Sonic the Hedgehog 4: Episode I","316200","32880","536","4","191","0","0","9.62","Sonic the Hedgehog 4: Episode I"
"Tembo the Badass Elephant","5192","Tembo the Badass Elephant","315960","21480","1896","2","99","0","0","14.71","Tembo the Badass Elephant"
"Gamer Pack","5193","Gamer Pack","315720","1920","409","2","8","0","0","164.44","Gamer Pack"
"Chaos Seed: Fuusui Kairoki","5194","Chaos Seed: Fuusui Kairoki","315600","12720","146","2","3","0","0","24.81","Chaos Seed: Fuusui Kairoki"
"The Legend of Kyrandia: Malcolm's Revenge","5195","The Legend of Kyrandia: Malcolm's Revenge","315540","2400","867","1","7","0","0","131.48","The Legend of Kyrandia: Malcolm's Revenge"
"Brandish","5196","Brandish","315540","9120","1946","4","14","0","0","34.6","Brandish"
"Pokémon Mystery Dungeon: Gates to Infinity","5197","Pokémon Mystery Dungeon: Gates to Infinity","315360","13140","774","2","18","0","0","24","Pokémon Mystery Dungeon: Gates to Infinity"
"Backbreaker","5198","Backbreaker","315060","300","2781","1","2","0","0","1050.2","Backbreaker"
"Rides With Strangers","5199","Rides With Strangers","314760","5340","949","2","39","0","0","58.94","Rides With Strangers"
"Abobo's Big Adventure","5200","Abobo's Big Adventure","314580","9480","885","2","45","0","0","33.18","Abobo's Big Adventure"