"","","Game","Watch time","Stream time","Peak viewers","Peak channels","Streamers","Average viewers","Average channels","Average viewer ratio",""
"Yu-Gi-Oh! 7 Trials to Glory: World Championship Tournament 2005","12201","Yu-Gi-Oh! 7 Trials to Glory: World Championship Tournament 2005","18360","3180","28","1","7","0","0","5.77","Yu-Gi-Oh! 7 Trials to Glory: World Championship Tournament 2005"
"Darkest Hour: Europe 44-45","12202","Darkest Hour: Europe 44-45","18360","13260","14","2","37","0","0","1.38","Darkest Hour: Europe 44-45"
"The Sims 3: Supernatural","12203","The Sims 3: Supernatural","18360","5520","53","2","21","0","0","3.33","The Sims 3: Supernatural"
"Rodea the Sky Soldier","12204","Rodea the Sky Soldier","18360","9420","14","2","19","0","0","1.95","Rodea the Sky Soldier"
"King Oddball","12205","King Oddball","18360","2640","46","1","15","0","0","6.95","King Oddball"
"L. A. Rush","12206","L. A. Rush","18360","1440","72","1","6","0","0","12.75","L. A. Rush"
"Koumajou Densetsu: Akeiro no Koukyoukyoku","12207","Koumajou Densetsu: Akeiro no Koukyoukyoku","18360","3240","29","1","9","0","0","5.67","Koumajou Densetsu: Akeiro no Koukyoukyoku"
"Boxxle","12208","Boxxle","18360","5280","18","1","6","0","0","3.48","Boxxle"
"Warriors Orochi Z","12209","Warriors Orochi Z","18360","12600","13","2","21","0","0","1.46","Warriors Orochi Z"
"P.N.03","12210","P.N.03","18360","4200","20","1","11","0","0","4.37","P.N.03"
"Delta Force: Task Force Dagger","12211","Delta Force: Task Force Dagger","18360","8460","67","2","4","0","0","2.17","Delta Force: Task Force Dagger"
"Princess Remedy in a Heap of Trouble","12212","Princess Remedy in a Heap of Trouble","18360","5580","19","2","23","0","0","3.29","Princess Remedy in a Heap of Trouble"
"Castle Crush: Epic Strategy Game","12213","Castle Crush: Epic Strategy Game","18360","9420","19","2","35","0","0","1.95","Castle Crush: Epic Strategy Game"
"WWE Road to WrestleMania X8","12214","WWE Road to WrestleMania X8","18360","600","299","1","5","0","0","30.6","WWE Road to WrestleMania X8"
"Demon Hunter: Chronicles From Beyond","12215","Demon Hunter: Chronicles From Beyond","18360","2820","27","1","9","0","0","6.51","Demon Hunter: Chronicles From Beyond"
"Chocolatier 2","12216","Chocolatier 2","18300","1140","56","1","4","0","0","16.05","Chocolatier 2"
"Der Langrisser","12217","Der Langrisser","18300","1620","85","1","5","0","0","11.3","Der Langrisser"
"Myth: The Fallen Lords","12218","Myth: The Fallen Lords","18300","2160","22","1","3","0","0","8.47","Myth: The Fallen Lords"
"Jets'n'Guns","12219","Jets'n'Guns","18300","7560","74","1","23","0","0","2.42","Jets'n'Guns"
"Fire Pro Wrestling","12220","Fire Pro Wrestling","18300","1260","154","1","6","0","0","14.52","Fire Pro Wrestling"
"Hello Kitty Seasons","12221","Hello Kitty Seasons","18300","360","309","1","4","0","0","50.83","Hello Kitty Seasons"
"Game Party Champions","12222","Game Party Champions","18300","300","165","1","2","0","0","61","Game Party Champions"
"Chasm","12223","Chasm","18300","1800","75","1","9","0","0","10.17","Chasm"
"Earthdawn","12224","Earthdawn","18300","1080","63","1","3","0","0","16.94","Earthdawn"
"Drity Bomb","12225","Drity Bomb","18300","4560","48","2","25","0","0","4.01","Drity Bomb"
"NBA Live 15","12226","NBA Live 15","18300","24300","23","2","106","0","0","0.75","NBA Live 15"
"Dark Rift","12227","Dark Rift","18300","480","198","1","7","0","0","38.13","Dark Rift"
"MySims Agents","12228","MySims Agents","18300","4140","43","2","9","0","0","4.42","MySims Agents"
"New Vegas Games","12229","New Vegas Games","18300","2340","96","1","10","0","0","7.82","New Vegas Games"
"Space Quest: The Sarien Encounter","12230","Space Quest: The Sarien Encounter","18300","4800","22","2","13","0","0","3.81","Space Quest: The Sarien Encounter"
"Dracula: The Resurrection","12231","Dracula: The Resurrection","18240","5040","39","2","21","0","0","3.62","Dracula: The Resurrection"
"Pocky & Rocky 2","12232","Pocky & Rocky 2","18240","2460","38","1","18","0","0","7.41","Pocky & Rocky 2"
"Mind: Path to Thalamus","12233","Mind: Path to Thalamus","18240","8880","14","1","24","0","0","2.05","Mind: Path to Thalamus"
"Solar 2","12234","Solar 2","18240","7680","36","2","42","0","0","2.38","Solar 2"
"Solitaire: Ultimate Collection","12235","Solitaire: Ultimate Collection","18240","480","236","1","5","0","0","38","Solitaire: Ultimate Collection"
"Disney Princess: My Fairytale Adventure","12236","Disney Princess: My Fairytale Adventure","18240","780","58","1","6","0","0","23.38","Disney Princess: My Fairytale Adventure"
"R.B.I. Baseball","12237","R.B.I. Baseball","18240","1500","141","1","6","0","0","12.16","R.B.I. Baseball"
"MegaZeux","12238","MegaZeux","18240","3840","78","2","6","0","0","4.75","MegaZeux"
"ilomilo","12239","ilomilo","18240","6000","44","1","31","0","0","3.04","ilomilo"
"Steel Panthers: World at War","12240","Steel Panthers: World at War","18240","37500","10","1","2","0","0","0.49","Steel Panthers: World at War"
"Melbourne Cup Challenge","12241","Melbourne Cup Challenge","18240","2040","21","1","1","0","0","8.94","Melbourne Cup Challenge"
"Mai-HiME: Unmei no Keitouju","12242","Mai-HiME: Unmei no Keitouju","18240","7860","5","1","1","0","0","2.32","Mai-HiME: Unmei no Keitouju"
"Inner Chains","12243","Inner Chains","18180","4020","81","1","12","0","0","4.52","Inner Chains"
"Ukiyo no Shishi","12244","Ukiyo no Shishi","18180","3000","14","1","1","0","0","6.06","Ukiyo no Shishi"
"Fate by Numbers","12245","Fate by Numbers","18180","180","132","1","1","0","0","101","Fate by Numbers"
"Iron Man / X-O Manowar in Heavy Metal","12246","Iron Man / X-O Manowar in Heavy Metal","18180","360","63","1","1","0","0","50.5","Iron Man / X-O Manowar in Heavy Metal"
"Word Whiz","12247","Word Whiz","18180","900","53","1","4","0","0","20.2","Word Whiz"
"Death Tales","12248","Death Tales","18180","16080","70","2","122","0","0","1.13","Death Tales"
"Space Marines","12249","Space Marines","18180","6660","90","1","32","0","0","2.73","Space Marines"
"Sleepy Head","12250","Sleepy Head","18180","2040","72","1","7","0","0","8.91","Sleepy Head"
"Mega Twins","12251","Mega Twins","18120","9180","65","1","11","0","0","1.97","Mega Twins"
"Prehistorik Man","12252","Prehistorik Man","18120","1560","44","1","7","0","0","11.62","Prehistorik Man"
"Football Manager 2009","12253","Football Manager 2009","18120","780","244","1","5","0","0","23.23","Football Manager 2009"
"Particle Mace","12254","Particle Mace","18120","3900","60","1","16","0","0","4.65","Particle Mace"
"Fort Defense","12255","Fort Defense","18120","3360","102","1","13","0","0","5.39","Fort Defense"
"Brothers in Arms: Earned in Blood","12256","Brothers in Arms: Earned in Blood","18120","9360","14","2","25","0","0","1.94","Brothers in Arms: Earned in Blood"
"Irisu Syndrome","12257","Irisu Syndrome","18120","4980","17","1","18","0","0","3.64","Irisu Syndrome"
"Dragons and Titans","12258","Dragons and Titans","18120","8580","30","1","38","0","0","2.11","Dragons and Titans"
"Obelix","12259","Obelix","18120","120","164","1","1","0","0","151","Obelix"
"Tales of Hearts","12260","Tales of Hearts","18120","7560","8","2","3","0","0","2.4","Tales of Hearts"
"Donald's Alphabet Chase","12261","Donald's Alphabet Chase","18120","660","59","1","3","0","0","27.45","Donald's Alphabet Chase"
"Sonic Boom: Shattered Crystal","12262","Sonic Boom: Shattered Crystal","18120","1080","40","1","3","0","0","16.78","Sonic Boom: Shattered Crystal"
"The Idolm@ster: Must Songs Akaban/Aoban","12263","The Idolm@ster: Must Songs Akaban/Aoban","18060","1620","46","1","4","0","0","11.15","The Idolm@ster: Must Songs Akaban/Aoban"
"Quattro Adventure","12264","Quattro Adventure","18060","180","126","1","1","0","0","100.33","Quattro Adventure"
"Championship Pool","12265","Championship Pool","18060","4380","25","2","5","0","0","4.12","Championship Pool"
"Dennis the Menace","12266","Dennis the Menace","18060","600","88","1","6","0","0","30.1","Dennis the Menace"
"Warhammer 40,000: Dark Millennium Online","12267","Warhammer 40,000: Dark Millennium Online","18060","2100","88","1","7","0","0","8.6","Warhammer 40,000: Dark Millennium Online"
"Max and the Magic Marker","12268","Max and the Magic Marker","18060","1800","39","1","9","0","0","10.03","Max and the Magic Marker"
"Eufloria","12269","Eufloria","18060","8820","18","1","32","0","0","2.05","Eufloria"
"Viktor","12270","Viktor","18060","2220","73","1","12","0","0","8.14","Viktor"
"Jet Car Stunts","12271","Jet Car Stunts","18000","7440","54","1","28","0","0","2.42","Jet Car Stunts"
"World Heroes 2","12272","World Heroes 2","18000","3480","83","1","8","0","0","5.17","World Heroes 2"
"Hyphen","12273","Hyphen","18000","840","63","1","5","0","0","21.43","Hyphen"
"Boson X","12274","Boson X","18000","9300","37","2","46","0","0","1.94","Boson X"
"Super Robot Wars J","12275","Super Robot Wars J","18000","8580","9","2","13","0","0","2.1","Super Robot Wars J"
"Hanafuda Ou","12276","Hanafuda Ou","18000","360","150","1","3","0","0","50","Hanafuda Ou"
"GAMES Interactive 2","12277","GAMES Interactive 2","18000","9240","112","1","4","0","0","1.95","GAMES Interactive 2"
"NASCAR Thunder 2003","12278","NASCAR Thunder 2003","18000","16920","12","1","7","0","0","1.06","NASCAR Thunder 2003"
"Frontlines: Fuel of War","12279","Frontlines: Fuel of War","18000","4020","40","1","17","0","0","4.48","Frontlines: Fuel of War"
"E3 2016","12280","E3 2016","18000","8160","40","2","12","0","0","2.21","E3 2016"
"Bunker Punks","12281","Bunker Punks","18000","8640","20","2","48","0","0","2.08","Bunker Punks"
"Queen's Blade: Spiral Chaos","12282","Queen's Blade: Spiral Chaos","17940","1020","43","1","3","0","0","17.59","Queen's Blade: Spiral Chaos"
"Deer Hunt Challenge","12283","Deer Hunt Challenge","17940","2040","141","1","4","0","0","8.79","Deer Hunt Challenge"
"Ducks Ahoy!","12284","Ducks Ahoy!","17940","4800","12","1","1","0","0","3.74","Ducks Ahoy!"
"Post Scriptum: The Bloody Seventh","12285","Post Scriptum: The Bloody Seventh","17940","180","139","1","1","0","0","99.67","Post Scriptum: The Bloody Seventh"
"Find You","12286","Find You","17940","6600","30","2","39","0","0","2.72","Find You"
"Along the Edge","12287","Along the Edge","17940","2400","38","1","8","0","0","7.48","Along the Edge"
"Mechanic Miner","12288","Mechanic Miner","17940","600","61","1","1","0","0","29.9","Mechanic Miner"
"Naruto: Ultimate Ninja Heroes 2: Phantom Fortress","12289","Naruto: Ultimate Ninja Heroes 2: Phantom Fortress","17940","840","38","1","3","0","0","21.36","Naruto: Ultimate Ninja Heroes 2: Phantom Fortress"
"Duke Caribbean: Life's A Beach","12290","Duke Caribbean: Life's A Beach","17940","960","176","1","6","0","0","18.69","Duke Caribbean: Life's A Beach"
"Ka 2: Let's Go Hawaii","12291","Ka 2: Let's Go Hawaii","17940","1560","42","1","3","0","0","11.5","Ka 2: Let's Go Hawaii"
"Rugrats: Scavenger Hunt","12292","Rugrats: Scavenger Hunt","17940","1500","166","1","12","0","0","11.96","Rugrats: Scavenger Hunt"
"Bratz: Rock Angelz","12293","Bratz: Rock Angelz","17940","3360","21","1","14","0","0","5.34","Bratz: Rock Angelz"
"Company of Heroes: Opposing Fronts","12294","Company of Heroes: Opposing Fronts","17940","9360","71","2","23","0","0","1.92","Company of Heroes: Opposing Fronts"
"Actual Sunlight","12295","Actual Sunlight","17940","2760","40","1","13","0","0","6.5","Actual Sunlight"
"Kaiju-A-GoGo","12296","Kaiju-A-GoGo","17940","4920","21","1","7","0","0","3.65","Kaiju-A-GoGo"
"Britney's Dance Beat","12297","Britney's Dance Beat","17940","20040","9","2","6","0","0","0.9","Britney's Dance Beat"
"True Lies","12298","True Lies","17880","6720","126","2","17","0","0","2.66","True Lies"
"Call of Duty 2: Big Red One","12299","Call of Duty 2: Big Red One","17880","10080","54","2","36","0","0","1.77","Call of Duty 2: Big Red One"
"Iron Aces","12300","Iron Aces","17880","360","105","1","2","0","0","49.67","Iron Aces"