"","","Game","Watch time","Stream time","Peak viewers","Peak channels","Streamers","Average viewers","Average channels","Average viewer ratio",""
"1001 Spikes","1101","1001 Spikes","9030300","45120","141877","11","154","17","0","200.14","1001 Spikes"
"Araya","1102","Araya","9019740","142440","21406","7","565","17","0","63.32","Araya"
"Kero Blaster","1103","Kero Blaster","9014520","54360","96920","10","187","17","0","165.83","Kero Blaster"
"Dokapon Kingdom","1104","Dokapon Kingdom","9011640","70440","4478","5","128","17","0","127.93","Dokapon Kingdom"
"BioShock 2","1105","BioShock 2","8972760","771960","4100","9","2335","17","1","11.62","BioShock 2"
"Descent II","1106","Descent II","8969280","9660","135670","10","27","17","0","928.5","Descent II"
"Stronghold","1107","Stronghold","8964720","109740","10553","8","342","17","0","81.69","Stronghold"
"Monster Super League","1108","Monster Super League","8947800","736980","350","10","423","17","1","12.14","Monster Super League"
"Assassin's Creed","1109","Assassin's Creed","8943240","889080","4081","16","2678","17","1","10.06","Assassin's Creed"
"Open Transport Tycoon Deluxe","1110","Open Transport Tycoon Deluxe","8918100","334020","51495","5","271","16","0","26.7","Open Transport Tycoon Deluxe"
"Holy Potatoes! We're in Space?!","1111","Holy Potatoes! We're in Space?!","8915640","49260","26967","11","198","16","0","180.99","Holy Potatoes! We're in Space?!"
"Lobotomy Corporation | Monster Management Simulation","1112","Lobotomy Corporation | Monster Management Simulation","8888700","147660","10942","10","271","16","0","60.2","Lobotomy Corporation | Monster Management Simulation"
"Castle of Illusion starring Mickey Mouse","1113","Castle of Illusion starring Mickey Mouse","8861760","65820","128085","9","242","16","0","134.64","Castle of Illusion starring Mickey Mouse"
"Monster Hunter Portable 3rd","1114","Monster Hunter Portable 3rd","8850240","515940","3299","10","792","16","0","17.15","Monster Hunter Portable 3rd"
"House Flipper","1115","House Flipper","8836680","23880","32900","5","68","16","0","370.05","House Flipper"
"Fable Anniversary","1116","Fable Anniversary","8831940","721440","5427","11","1894","16","1","12.24","Fable Anniversary"
"Freddy Fazbear's Pizzeria Simulator","1117","Freddy Fazbear's Pizzeria Simulator","8814780","142500","38225","45","0","16","0","61.86","Freddy Fazbear's Pizzeria Simulator"
"Blitz Breaker","1118","Blitz Breaker","8813580","5640","121776","10","30","16","0","1562.69","Blitz Breaker"
"Call of Duty 4: Modern Warfare","1119","Call of Duty 4: Modern Warfare","8796720","1454220","4333","18","6629","16","2","6.05","Call of Duty 4: Modern Warfare"
"Terranigma","1120","Terranigma","8787780","288600","9853","9","319","16","0","30.45","Terranigma"
"Onward","1121","Onward","8776500","450540","40693","15","974","16","0","19.48","Onward"
"Quantum Break","1122","Quantum Break","8760420","826140","4082","16","2667","16","1","10.6","Quantum Break"
"Black the Fall","1123","Black the Fall","8759040","77040","22939","12","324","16","0","113.69","Black the Fall"
"Resident Evil: Revelations","1124","Resident Evil: Revelations","8751480","527340","8739","13","1940","16","1","16.6","Resident Evil: Revelations"
"Chivalry: Medieval Warfare","1125","Chivalry: Medieval Warfare","8743200","937980","10174","26","5238","16","1","9.32","Chivalry: Medieval Warfare"
"Titan Souls","1126","Titan Souls","8737860","565560","105102","17","3768","16","1","15.45","Titan Souls"
"Armello","1127","Armello","8728980","643440","7544","21","1940","16","1","13.57","Armello"
"Pictionary","1128","Pictionary","8718960","64680","8203","5","320","16","0","134.8","Pictionary"
"DiRT Rally","1129","DiRT Rally","8704560","2128860","3217","28","7942","16","4","4.09","DiRT Rally"
"Super Smash Bros. Brawl","1130","Super Smash Bros. Brawl","8694540","429960","17026","9","1596","16","0","20.22","Super Smash Bros. Brawl"
"Metroid: Zero Mission","1131","Metroid: Zero Mission","8653740","422160","13664","9","898","16","0","20.5","Metroid: Zero Mission"
"Startup Company","1132","Startup Company","8642160","101160","37004","16","432","16","0","85.43","Startup Company"
"Mordhau","1133","Mordhau","8621580","103440","40411","27","199","16","0","83.35","Mordhau"
"X-COM: UFO Defense","1134","X-COM: UFO Defense","8619480","312000","4121","6","295","16","0","27.63","X-COM: UFO Defense"
"Silent Hill: Downpour","1135","Silent Hill: Downpour","8606100","90000","9824","4","114","16","0","95.62","Silent Hill: Downpour"
"Pavlov VR","1136","Pavlov VR","8602380","169200","34059","10","392","16","0","50.84","Pavlov VR"
"Lucius","1137","Lucius","8572080","277020","8351","8","1080","16","0","30.94","Lucius"
"Nier","1138","Nier","8563860","456840","1386","10","578","16","0","18.75","Nier"
"Halo: Reach","1139","Halo: Reach","8551320","1799580","3922","22","5294","16","3","4.75","Halo: Reach"
"Patapon","1140","Patapon","8520720","87780","19432","8","369","16","0","97.07","Patapon"
"Batman Forever","1141","Batman Forever","8494740","12180","142627","10","44","16","0","697.43","Batman Forever"
"Endless Space 2","1142","Endless Space 2","8474460","551220","6309","27","1232","16","1","15.37","Endless Space 2"
"F.E.A.R.: First Encounter Assault Recon","1143","F.E.A.R.: First Encounter Assault Recon","8458020","517860","4097","11","1794","16","0","16.33","F.E.A.R.: First Encounter Assault Recon"
"Day of Infamy","1144","Day of Infamy","8456520","646620","4811","33","2425","16","1","13.08","Day of Infamy"
"Grand Theft Auto: Episodes from Liberty City","1145","Grand Theft Auto: Episodes from Liberty City","8448900","199020","4111","8","542","16","0","42.45","Grand Theft Auto: Episodes from Liberty City"
"RosenkreuzStilette Freudenstachel","1146","RosenkreuzStilette Freudenstachel","8445240","27660","98992","9","67","16","0","305.32","RosenkreuzStilette Freudenstachel"
"Kingdom Rush Frontiers","1147","Kingdom Rush Frontiers","8442660","80460","17237","6","198","16","0","104.93","Kingdom Rush Frontiers"
"Aion: Echoes of Eternity","1148","Aion: Echoes of Eternity","8433360","204960","4147","7","403","16","0","41.15","Aion: Echoes of Eternity"
"Skullgirls","1149","Skullgirls","8433240","619680","8226","9","2469","16","1","13.61","Skullgirls"
"Donkey Kong Country 3: Dixie Kong's Double Trouble!","1150","Donkey Kong Country 3: Dixie Kong's Double Trouble!","8418840","420480","4248","16","546","16","0","20.02","Donkey Kong Country 3: Dixie Kong's Double Trouble!"
"Lords Mobile","1151","Lords Mobile","8410020","269040","11650","6","357","16","0","31.26","Lords Mobile"
"Marvel vs. Capcom 2: New Age of Heroes","1152","Marvel vs. Capcom 2: New Age of Heroes","8397840","117480","8958","4","246","15","0","71.48","Marvel vs. Capcom 2: New Age of Heroes"
"Mario Party 5","1153","Mario Party 5","8391000","194880","9004","12","648","15","0","43.06","Mario Party 5"
"Star Wars: Knights of the Old Republic","1154","Star Wars: Knights of the Old Republic","8385720","942180","2376","16","2048","15","1","8.9","Star Wars: Knights of the Old Republic"
"DmC Devil May Cry","1155","DmC Devil May Cry","8385000","755520","4149","13","3044","15","1","11.1","DmC Devil May Cry"
"Yet Another Zombie Defense","1156","Yet Another Zombie Defense","8362380","51720","25063","5","362","15","0","161.69","Yet Another Zombie Defense"
"Postal 2","1157","Postal 2","8358180","322680","7718","6","1551","15","0","25.9","Postal 2"
"Flinthook","1158","Flinthook","8349540","263340","9831","25","1069","15","0","31.71","Flinthook"
"Warriors All-Stars","1159","Warriors All-Stars","8313960","249840","4759","23","607","15","0","33.28","Warriors All-Stars"
"Vikings: Wolves of Midgard","1160","Vikings: Wolves of Midgard","8304660","523020","24549","87","1331","15","0","15.88","Vikings: Wolves of Midgard"
"Condemned: Criminal Origins","1161","Condemned: Criminal Origins","8299980","187740","9107","7","653","15","0","44.21","Condemned: Criminal Origins"
"Resident Evil: Revelations 2","1162","Resident Evil: Revelations 2","8292480","1025160","1810","16","6212","15","1","8.09","Resident Evil: Revelations 2"
"Hitman: Absolution","1163","Hitman: Absolution","8276040","598800","3904","20","2791","15","1","13.82","Hitman: Absolution"
"Metal Gear Solid V: Ground Zeroes","1164","Metal Gear Solid V: Ground Zeroes","8269560","353040","4038","5","2231","15","0","23.42","Metal Gear Solid V: Ground Zeroes"
"Yu-Gi-Oh! TRADING CARD GAME","1165","Yu-Gi-Oh! TRADING CARD GAME","8257560","132420","4015","6","217","15","0","62.36","Yu-Gi-Oh! TRADING CARD GAME"
"Prominence Poker","1166","Prominence Poker","8237580","1160040","8077","16","4658","15","2","7.1","Prominence Poker"
"Everything","1167","Everything","8229420","464400","44382","17","1069","15","0","17.72","Everything"
"Delicious Deluxe","1168","Delicious Deluxe","8227560","13080","2393","2","20","15","0","629.02","Delicious Deluxe"
"Super Adventure Island II","1169","Super Adventure Island II","8222280","12960","94179","16","37","15","0","634.44","Super Adventure Island II"
"Ape Escape 2","1170","Ape Escape 2","8206260","103620","126091","5","577","15","0","79.2","Ape Escape 2"
"Super Bomberman R","1171","Super Bomberman R","8204640","185160","4841","29","842","15","0","44.31","Super Bomberman R"
"WolfQuest","1172","WolfQuest","8199240","12600","95057","13","74","15","0","650.73","WolfQuest"
"Super Star Wars: Return of the Jedi","1173","Super Star Wars: Return of the Jedi","8175780","10320","88466","14","43","15","0","792.23","Super Star Wars: Return of the Jedi"
"Final Fantasy Mystic Quest","1174","Final Fantasy Mystic Quest","8143800","265860","7568","14","302","15","0","30.63","Final Fantasy Mystic Quest"
"Deus Ex: Human Revolution","1175","Deus Ex: Human Revolution","8112900","448380","3541","8","1145","15","0","18.09","Deus Ex: Human Revolution"
"Counter-Strike Online","1176","Counter-Strike Online","8105340","502500","23020","10","2309","15","0","16.13","Counter-Strike Online"
"Plants vs. Zombies: Garden Warfare 2","1177","Plants vs. Zombies: Garden Warfare 2","8094840","1869420","6757","24","9612","15","3","4.33","Plants vs. Zombies: Garden Warfare 2"
"Ludum Dare","1178","Ludum Dare","8087160","464580","3074","90","344","15","0","17.41","Ludum Dare"
"Under Night In-Birth Exe:Late[st]","1179","Under Night In-Birth Exe:Late[st]","8085600","424140","7235","43","1026","15","0","19.06","Under Night In-Birth Exe:Late[st]"
"La-Mulana","1180","La-Mulana","8073600","349980","102715","10","341","15","0","23.07","La-Mulana"
"Gorogoa","1181","Gorogoa","8072340","23820","27850","7","0","15","0","338.89","Gorogoa"
"Star Wars: Shadows of the Empire","1182","Star Wars: Shadows of the Empire","8064360","58740","90712","14","210","15","0","137.29","Star Wars: Shadows of the Empire"
"Final Fantasy: Record Keeper","1183","Final Fantasy: Record Keeper","8052780","517800","465","8","276","15","0","15.55","Final Fantasy: Record Keeper"
"Freestyle Street Basketball 2","1184","Freestyle Street Basketball 2","8052240","1009740","2547","10","921","15","1","7.97","Freestyle Street Basketball 2"
"Suicide Guy","1185","Suicide Guy","8031480","52260","10933","4","220","15","0","153.68","Suicide Guy"
"SPINTIRES","1186","SPINTIRES","8022000","1250100","3082","20","3873","15","2","6.42","SPINTIRES"
"MLB The Show 16","1187","MLB The Show 16","8016180","443940","509","16","3080","15","0","18.06","MLB The Show 16"
"Mario Kart: Double Dash!!","1188","Mario Kart: Double Dash!!","8013360","366840","6943","11","1536","15","0","21.84","Mario Kart: Double Dash!!"
"Max Payne 3","1189","Max Payne 3","8001960","464940","3650","7","1558","15","0","17.21","Max Payne 3"
"Big Nose the Caveman","1190","Big Nose the Caveman","8001000","3720","101146","9","17","15","0","2150.81","Big Nose the Caveman"
"World of Tanks Blitz","1191","World of Tanks Blitz","7967460","1928820","3263","20","2357","15","3","4.13","World of Tanks Blitz"
"Ninja Gaiden","1192","Ninja Gaiden","7962780","140040","152665","10","433","15","0","56.86","Ninja Gaiden"
"Simulacra","1193","Simulacra","7962240","40980","20709","8","61","15","0","194.3","Simulacra"
"X-COM: Terror from the Deep","1194","X-COM: Terror from the Deep","7939620","95280","2845","4","64","15","0","83.33","X-COM: Terror from the Deep"
"My Candy Love","1195","My Candy Love","7937700","4860","7883","2","10","15","0","1633.27","My Candy Love"
"PaRappa the Rapper","1196","PaRappa the Rapper","7918860","61800","38532","8","418","15","0","128.14","PaRappa the Rapper"
"Teenage Mutant Ninja Turtles III: Radical Rescue","1197","Teenage Mutant Ninja Turtles III: Radical Rescue","7916460","2940","86688","8","17","15","0","2692.67","Teenage Mutant Ninja Turtles III: Radical Rescue"
"Valkyria Chronicles","1198","Valkyria Chronicles","7909380","843780","3517","10","1981","15","1","9.37","Valkyria Chronicles"
"Gauntlet","1199","Gauntlet","7898220","312780","124429","13","2034","15","0","25.25","Gauntlet"
"BattleBlock Theater","1200","BattleBlock Theater","7883340","877920","6985","14","5606","15","1","8.98","BattleBlock Theater"