"","","Game","Watch time","Stream time","Peak viewers","Peak channels","Streamers","Average viewers","Average channels","Average viewer ratio",""
"The Flash","7001","The Flash","130920","14820","146","2","12","0","0","8.83","The Flash"
"Digimon Battle Spirit 2","7002","Digimon Battle Spirit 2","130920","1320","1969","1","9","0","0","99.18","Digimon Battle Spirit 2"
"Kizuna Encounter: Super Tag Battle","7003","Kizuna Encounter: Super Tag Battle","130860","2460","1134","2","9","0","0","53.2","Kizuna Encounter: Super Tag Battle"
"Animorphs: Shattered Reality","7004","Animorphs: Shattered Reality","130860","3540","161","1","8","0","0","36.97","Animorphs: Shattered Reality"
"Asagao Academy: Normal Boots Club","7005","Asagao Academy: Normal Boots Club","130860","20100","207","2","60","0","0","6.51","Asagao Academy: Normal Boots Club"
"Sid Meier's Civilization V: Brave New World","7006","Sid Meier's Civilization V: Brave New World","130800","59880","169","3","89","0","0","2.18","Sid Meier's Civilization V: Brave New World"
"Ravenloft: Stone Prophet","7007","Ravenloft: Stone Prophet","130740","4020","153","1","5","0","0","32.52","Ravenloft: Stone Prophet"
"Bomberman 64: The Second Attack","7008","Bomberman 64: The Second Attack","130680","22020","127","2","30","0","0","5.93","Bomberman 64: The Second Attack"
"Wells","7009","Wells","130680","3960","161","3","16","0","0","33","Wells"
"Burrito Bison: Launcha Libre","7010","Burrito Bison: Launcha Libre","130620","5100","319","1","25","0","0","25.61","Burrito Bison: Launcha Libre"
"The Godfather II","7011","The Godfather II","130620","26400","744","2","69","0","0","4.95","The Godfather II"
"Cranks & Goggles","7012","Cranks & Goggles","130500","1680","258","1","7","0","0","77.68","Cranks & Goggles"
"Retro Game Crunch","7013","Retro Game Crunch","130380","13260","482","2","62","0","0","9.83","Retro Game Crunch"
"The Ball","7014","The Ball","130320","21060","355","2","61","0","0","6.19","The Ball"
"Don't open the doors!","7015","Don't open the doors!","130320","4500","908","1","16","0","0","28.96","Don't open the doors!"
"Clandestine","7016","Clandestine","130260","40200","35","3","124","0","0","3.24","Clandestine"
"BattleZone","7017","BattleZone","130260","24600","412","2","184","0","0","5.3","BattleZone"
"SiN Episodes: Emergence","7018","SiN Episodes: Emergence","130200","8760","494","2","20","0","0","14.86","SiN Episodes: Emergence"
"Pier Solar and the Great Architects","7019","Pier Solar and the Great Architects","130200","16800","218","1","41","0","0","7.75","Pier Solar and the Great Architects"
"Vampires Dawn: Reign of Blood","7020","Vampires Dawn: Reign of Blood","130080","12300","157","2","21","0","0","10.58","Vampires Dawn: Reign of Blood"
"The Powerpuff Girls: Chemical X-Traction","7021","The Powerpuff Girls: Chemical X-Traction","129960","960","1183","1","8","0","0","135.38","The Powerpuff Girls: Chemical X-Traction"
"The Underground Man","7022","The Underground Man","129960","33840","134","2","108","0","0","3.84","The Underground Man"
"Overclocked","7023","Overclocked","129960","3600","992","1","18","0","0","36.1","Overclocked"
"Mega Man Star Force","7024","Mega Man Star Force","129900","23160","89","5","31","0","0","5.61","Mega Man Star Force"
"Hero's Quest I: So You Want To Be A Hero","7025","Hero's Quest I: So You Want To Be A Hero","129720","15480","77","2","34","0","0","8.38","Hero's Quest I: So You Want To Be A Hero"
"Freddi Fish 2: The Case of the Haunted School House","7026","Freddi Fish 2: The Case of the Haunted School House","129540","6840","357","1","51","0","0","18.94","Freddi Fish 2: The Case of the Haunted School House"
"Anachronox","7027","Anachronox","129420","18960","203","2","30","0","0","6.83","Anachronox"
"Saints Row","7028","Saints Row","129300","30600","88","3","42","0","0","4.23","Saints Row"
"The Simpsons: Bart vs. the World","7029","The Simpsons: Bart vs. the World","129300","1200","328","3","6","0","0","107.75","The Simpsons: Bart vs. the World"
"The King of Fighters '98 Ultimate Match","7030","The King of Fighters '98 Ultimate Match","129120","22920","215","2","78","0","0","5.63","The King of Fighters '98 Ultimate Match"
"Eye of the Beholder II: The Legend of Darkmoon","7031","Eye of the Beholder II: The Legend of Darkmoon","129060","4140","171","2","10","0","0","31.17","Eye of the Beholder II: The Legend of Darkmoon"
"Albert & Otto","7032","Albert & Otto","129060","21180","151","3","48","0","0","6.09","Albert & Otto"
"LostWinds","7033","LostWinds","129000","9360","343","2","34","0","0","13.78","LostWinds"
"Rugrats in Paris","7034","Rugrats in Paris","129000","7440","350","2","28","0","0","17.34","Rugrats in Paris"
"Snakebird","7035","Snakebird","128940","18180","164","2","51","0","0","7.09","Snakebird"
"The Temple of Elemental Evil: A Classic Greyhawk Adventure","7036","The Temple of Elemental Evil: A Classic Greyhawk Adventure","128940","48840","38","2","29","0","0","2.64","The Temple of Elemental Evil: A Classic Greyhawk Adventure"
"Dora the Explorer: Barnyard Buddies","7037","Dora the Explorer: Barnyard Buddies","128940","3660","419","1","14","0","0","35.23","Dora the Explorer: Barnyard Buddies"
"Nightmare Grotto","7038","Nightmare Grotto","128940","660","1472","1","2","0","0","195.36","Nightmare Grotto"
"Wii Party U","7039","Wii Party U","128880","11160","114","2","46","0","0","11.55","Wii Party U"
"Nation Red","7040","Nation Red","128700","21840","458","2","103","0","0","5.89","Nation Red"
"VR the Diner Duo","7041","VR the Diner Duo","128700","7740","376","1","24","0","0","16.63","VR the Diner Duo"
"Alicia Online","7042","Alicia Online","128580","82380","55","4","164","0","0","1.56","Alicia Online"
"Sensible World of Soccer","7043","Sensible World of Soccer","128580","9480","83","1","8","0","0","13.56","Sensible World of Soccer"
"Iron Snout","7044","Iron Snout","128520","36420","428","2","268","0","0","3.53","Iron Snout"
"Fracture","7045","Fracture","128460","840","1673","1","3","0","0","152.93","Fracture"
"Sin & Punishment:  Star Successor","7046","Sin & Punishment:  Star Successor","128460","7560","698","1","21","0","0","16.99","Sin & Punishment:  Star Successor"
"Orake 2D","7047","Orake 2D","128400","49920","18","5","84","0","0","2.57","Orake 2D"
"Lucky's Tale","7048","Lucky's Tale","128280","13440","542","3","78","0","0","9.54","Lucky's Tale"
"Samurai Shodown IV: Amakusa's Revenge","7049","Samurai Shodown IV: Amakusa's Revenge","128160","3120","994","2","23","0","0","41.08","Samurai Shodown IV: Amakusa's Revenge"
"Oddworld: Munch's Oddysee","7050","Oddworld: Munch's Oddysee","128160","33780","559","3","85","0","0","3.79","Oddworld: Munch's Oddysee"
"Golgo 13: Top Secret Episode","7051","Golgo 13: Top Secret Episode","128100","2100","298","2","7","0","0","61","Golgo 13: Top Secret Episode"
"Super Street Fighter II","7052","Super Street Fighter II","128040","10680","446","1","56","0","0","11.99","Super Street Fighter II"
"LEGO Batman 2: DC Super Heroes","7053","LEGO Batman 2: DC Super Heroes","128040","32880","116","2","100","0","0","3.89","LEGO Batman 2: DC Super Heroes"
"Fortune Summoners: Secret of the Elemental Stone","7054","Fortune Summoners: Secret of the Elemental Stone","127920","21720","186","2","30","0","0","5.89","Fortune Summoners: Secret of the Elemental Stone"
"The Amazing Spider-Man","7055","The Amazing Spider-Man","127920","34020","274","3","112","0","0","3.76","The Amazing Spider-Man"
"Darius Burst","7056","Darius Burst","127920","31260","69","2","100","0","0","4.09","Darius Burst"
"Japan Scenery Disk","7057","Japan Scenery Disk","127920","27720","93","2","7","0","0","4.61","Japan Scenery Disk"
"Warhammer: Vermintide 2","7058","Warhammer: Vermintide 2","127920","1140","409","1","8","0","0","112.21","Warhammer: Vermintide 2"
"Order of Battle: World War II","7059","Order of Battle: World War II","127800","12180","270","3","22","0","0","10.49","Order of Battle: World War II"
"Final Fantasy XI: Seekers of Adoulin","7060","Final Fantasy XI: Seekers of Adoulin","127800","20760","87","2","16","0","0","6.16","Final Fantasy XI: Seekers of Adoulin"
"Athena","7061","Athena","127680","4380","394","3","11","0","0","29.15","Athena"
"Game of War: Fire Age","7062","Game of War: Fire Age","127620","23400","364","3","25","0","0","5.45","Game of War: Fire Age"
"Cars Supercharged","7063","Cars Supercharged","127620","780","891","1","6","0","0","163.62","Cars Supercharged"
"Destroy All Humans! 2","7064","Destroy All Humans! 2","127500","106800","95","3","334","0","0","1.19","Destroy All Humans! 2"
"Dracula 3: The Path of the Dragon","7065","Dracula 3: The Path of the Dragon","127440","6360","100","2","11","0","0","20.04","Dracula 3: The Path of the Dragon"
"Mansion of Hidden Souls","7066","Mansion of Hidden Souls","127260","1080","1864","1","10","0","0","117.83","Mansion of Hidden Souls"
"Silent Bomber","7067","Silent Bomber","127200","4980","710","2","19","0","0","25.54","Silent Bomber"
"TRI: Of Friendship and Madness","7068","TRI: Of Friendship and Madness","127140","17520","428","2","31","0","0","7.26","TRI: Of Friendship and Madness"
"Lead and Gold: Gangs of the Wild West","7069","Lead and Gold: Gangs of the Wild West","127140","7920","441","4","29","0","0","16.05","Lead and Gold: Gangs of the Wild West"
"HAL's Hole In One Golf","7070","HAL's Hole In One Golf","127080","3600","2049","2","9","0","0","35.3","HAL's Hole In One Golf"
"Prize Fighter","7071","Prize Fighter","127080","120","2118","1","1","0","0","1059","Prize Fighter"
"Pharaoh Rebirth","7072","Pharaoh Rebirth","126960","22020","110","2","40","0","0","5.77","Pharaoh Rebirth"
"A Lenda do Herói","7073","A Lenda do Herói","126960","17520","237","3","51","0","0","7.25","A Lenda do Herói"
"Omega Strike","7074","Omega Strike","126720","12840","264","3","50","0","0","9.87","Omega Strike"
"Lands of Lore: The Throne of Chaos","7075","Lands of Lore: The Throne of Chaos","126720","17580","122","2","36","0","0","7.21","Lands of Lore: The Throne of Chaos"
"Mario's Time Machine","7076","Mario's Time Machine","126720","4140","513","2","22","0","0","30.61","Mario's Time Machine"
"Sakura Taisen","7077","Sakura Taisen","126600","6600","87","1","8","0","0","19.18","Sakura Taisen"
"Jeopardy! Deluxe Edition","7078","Jeopardy! Deluxe Edition","126600","1200","2076","1","9","0","0","105.5","Jeopardy! Deluxe Edition"
"Heart's Medicine: Hospital Heat","7079","Heart's Medicine: Hospital Heat","126540","6480","219","2","22","0","0","19.53","Heart's Medicine: Hospital Heat"
"Fantastic Contraption","7080","Fantastic Contraption","126540","16140","484","3","71","0","0","7.84","Fantastic Contraption"
"Pause Ahead","7081","Pause Ahead","126480","9180","569","1","41","0","0","13.78","Pause Ahead"
"Splatterhouse","7082","Splatterhouse","126360","20040","87","2","75","0","0","6.31","Splatterhouse"
"Darknet","7083","Darknet","126360","15060","930","4","79","0","0","8.39","Darknet"
"Grey's Anatomy","7084","Grey's Anatomy","126300","1440","828","1","4","0","0","87.71","Grey's Anatomy"
"Dungeon Keeper: The Deeper Dungeons","7085","Dungeon Keeper: The Deeper Dungeons","126120","6480","262","2","6","0","0","19.46","Dungeon Keeper: The Deeper Dungeons"
"Warhawk","7086","Warhawk","126060","13560","948","2","21","0","0","9.3","Warhawk"
"Mortal Kombat Gold","7087","Mortal Kombat Gold","126060","2940","676","1","13","0","0","42.88","Mortal Kombat Gold"
"VRog","7088","VRog","126060","420","2083","1","2","0","0","300.14","VRog"
"Freeway","7089","Freeway","126000","3660","1102","1","6","0","0","34.43","Freeway"
"UFC Personal Trainer","7090","UFC Personal Trainer","126000","4200","1750","3","12","0","0","30","UFC Personal Trainer"
"Four Sided Fantasy","7091","Four Sided Fantasy","125940","11160","556","3","58","0","0","11.28","Four Sided Fantasy"
"The Polar Express","7092","The Polar Express","125820","4740","420","2","8","0","0","26.54","The Polar Express"
"Landmark","7093","Landmark","125820","10860","100","4","24","0","0","11.59","Landmark"
"The 3rd Birthday","7094","The 3rd Birthday","125820","24720","77","2","53","0","0","5.09","The 3rd Birthday"
"Geist","7095","Geist","125820","12060","345","2","29","0","0","10.43","Geist"
"Trickster Online","7096","Trickster Online","125760","36480","79","3","55","0","0","3.45","Trickster Online"
"No Heroes Allowed! VR","7097","No Heroes Allowed! VR","125760","3000","241","3","17","0","0","41.92","No Heroes Allowed! VR"
"Strikey Sisters","7098","Strikey Sisters","125640","8460","199","2","28","0","0","14.85","Strikey Sisters"
"Drift Streets Japan","7099","Drift Streets Japan","125460","74220","118","3","244","0","0","1.69","Drift Streets Japan"
"Legend of Valkyrie","7100","Legend of Valkyrie","125400","600","726","1","4","0","0","209","Legend of Valkyrie"