"","","Game","Watch time","Stream time","Peak viewers","Peak channels","Streamers","Average viewers","Average channels","Average viewer ratio",""
"BattleBots: Design & Destroy","11101","BattleBots: Design & Destroy","27540","780","427","1","6","0","0","35.31","BattleBots: Design & Destroy"
"Cybernator","11102","Cybernator","27540","4680","210","1","18","0","0","5.88","Cybernator"
"Smart Games Puzzle Challenge 2","11103","Smart Games Puzzle Challenge 2","27540","360","94","1","1","0","0","76.5","Smart Games Puzzle Challenge 2"
"Trainz: A New Era","11104","Trainz: A New Era","27540","20160","35","2","44","0","0","1.37","Trainz: A New Era"
"Frogger's Journey: The Forgotten Relic","11105","Frogger's Journey: The Forgotten Relic","27480","7740","129","2","6","0","0","3.55","Frogger's Journey: The Forgotten Relic"
"Heroes of Annihilated Empires","11106","Heroes of Annihilated Empires","27480","8520","106","2","20","0","0","3.23","Heroes of Annihilated Empires"
"Chill Manor","11107","Chill Manor","27480","9120","40","2","13","0","0","3.01","Chill Manor"
"Bubsy In: Fractured Furry Tales","11108","Bubsy In: Fractured Furry Tales","27480","1800","125","1","7","0","0","15.27","Bubsy In: Fractured Furry Tales"
"Goblins Quest 3","11109","Goblins Quest 3","27480","4260","51","1","10","0","0","6.45","Goblins Quest 3"
"Wild 9","11110","Wild 9","27420","2160","67","1","12","0","0","12.69","Wild 9"
"Noite Animal","11111","Noite Animal","27420","7260","13","1","2","0","0","3.78","Noite Animal"
"Zero-K","11112","Zero-K","27420","10080","21","2","16","0","0","2.72","Zero-K"
"Onion Force","11113","Onion Force","27420","4320","58","1","9","0","0","6.35","Onion Force"
"Replika","11114","Replika","27420","960","157","1","5","0","0","28.56","Replika"
"2048","11115","2048","27360","17280","33","3","71","0","0","1.58","2048"
"Brute Force","11116","Brute Force","27360","1800","257","2","6","0","0","15.2","Brute Force"
"Rigs of Rods","11117","Rigs of Rods","27360","9900","17","2","24","0","0","2.76","Rigs of Rods"
"Samurai Warriors 2","11118","Samurai Warriors 2","27360","9060","16","2","13","0","0","3.02","Samurai Warriors 2"
"Xenimus","11119","Xenimus","27300","25200","9","3","18","0","0","1.08","Xenimus"
"Mind Snares: Alice's Journey","11120","Mind Snares: Alice's Journey","27300","3300","45","1","10","0","0","8.27","Mind Snares: Alice's Journey"
"Snow Moto Racing Freedom","11121","Snow Moto Racing Freedom","27300","3420","273","1","15","0","0","7.98","Snow Moto Racing Freedom"
"Recession","11122","Recession","27300","2400","117","3","19","0","0","11.38","Recession"
"Puzzle Bobble Online","11123","Puzzle Bobble Online","27240","780","416","1","4","0","0","34.92","Puzzle Bobble Online"
"Monstania","11124","Monstania","27240","1620","70","1","3","0","0","16.81","Monstania"
"Mobile Suit Gundam","11125","Mobile Suit Gundam","27240","9540","15","1","18","0","0","2.86","Mobile Suit Gundam"
"3D Movie Maker","11126","3D Movie Maker","27240","2580","83","1","12","0","0","10.56","3D Movie Maker"
"Shining Force III Scenario 3","11127","Shining Force III Scenario 3","27240","11820","17","2","6","0","0","2.3","Shining Force III Scenario 3"
"Mean City","11128","Mean City","27240","420","87","1","1","0","0","64.86","Mean City"
"General Chaos","11129","General Chaos","27240","2220","211","1","13","0","0","12.27","General Chaos"
"Blues Brothers 2000","11130","Blues Brothers 2000","27240","5160","162","2","8","0","0","5.28","Blues Brothers 2000"
"Bio Force Ape","11131","Bio Force Ape","27240","2340","143","1","3","0","0","11.64","Bio Force Ape"
"AtWar","11132","AtWar","27240","8940","44","1","29","0","0","3.05","AtWar"
"Puzzle Dimension","11133","Puzzle Dimension","27240","1260","68","1","4","0","0","21.62","Puzzle Dimension"
"Ultima VII, Part Two: Serpent Isle","11134","Ultima VII, Part Two: Serpent Isle","27240","13140","20","1","6","0","0","2.07","Ultima VII, Part Two: Serpent Isle"
"R-Type III: The Third Lightning","11135","R-Type III: The Third Lightning","27240","3780","76","2","16","0","0","7.21","R-Type III: The Third Lightning"
"Solar Striker","11136","Solar Striker","27180","1200","183","1","8","0","0","22.65","Solar Striker"
"NASCAR 2005: Chase for the Cup","11137","NASCAR 2005: Chase for the Cup","27180","8580","28","1","8","0","0","3.17","NASCAR 2005: Chase for the Cup"
"MechCommander 2","11138","MechCommander 2","27180","2640","317","1","8","0","0","10.3","MechCommander 2"
"Ninpu Sentai Hurricanger","11139","Ninpu Sentai Hurricanger","27180","300","227","1","3","0","0","90.6","Ninpu Sentai Hurricanger"
"Block Wars","11140","Block Wars","27180","120","250","1","1","0","0","226.5","Block Wars"
"Masked Shooters 2","11141","Masked Shooters 2","27120","3480","343","2","15","0","0","7.79","Masked Shooters 2"
"Major\Minor","11142","Major\Minor","27120","7740","31","2","28","0","0","3.5","Major\Minor"
"Homeworld","11143","Homeworld","27120","7680","37","1","25","0","0","3.53","Homeworld"
"ERIE","11144","ERIE","27120","1800","176","1","14","0","0","15.07","ERIE"
"1080° Avalanche","11145","1080° Avalanche","27060","5040","81","1","17","0","0","5.37","1080° Avalanche"
"Video Olympics","11146","Video Olympics","27060","11520","21","2","3","0","0","2.35","Video Olympics"
"Rockman EXE 4.5 Real Operation","11147","Rockman EXE 4.5 Real Operation","27060","1440","108","1","6","0","0","18.79","Rockman EXE 4.5 Real Operation"
"Dreaming Mary","11148","Dreaming Mary","27060","5280","114","1","31","0","0","5.13","Dreaming Mary"
"Shiny","11149","Shiny","27060","1080","128","2","9","0","0","25.06","Shiny"
"Take-out Weight Curling","11150","Take-out Weight Curling","27000","420","78","1","1","0","0","64.29","Take-out Weight Curling"
"Castlevania Legends","11151","Castlevania Legends","27000","7860","40","2","22","0","0","3.44","Castlevania Legends"
"Toonsylvania","11152","Toonsylvania","27000","300","166","2","2","0","0","90","Toonsylvania"
"Tuff E Nuff","11153","Tuff E Nuff","27000","5640","207","1","5","0","0","4.79","Tuff E Nuff"
"Tester Phase One","11154","Tester Phase One","27000","23340","16","2","121","0","0","1.16","Tester Phase One"
"Cortex Command","11155","Cortex Command","26940","9300","14","1","33","0","0","2.9","Cortex Command"
"FIFA 10","11156","FIFA 10","26940","10860","407","2","14","0","0","2.48","FIFA 10"
"Painkiller: Overdose","11157","Painkiller: Overdose","26940","8460","69","1","31","0","0","3.18","Painkiller: Overdose"
"Family Dog","11158","Family Dog","26940","2880","50","1","7","0","0","9.35","Family Dog"
"Dynasty Warriors 4: Empires","11159","Dynasty Warriors 4: Empires","26940","2640","51","1","5","0","0","10.2","Dynasty Warriors 4: Empires"
"Smashing the Battle","11160","Smashing the Battle","26940","8820","46","2","37","0","0","3.05","Smashing the Battle"
"Criminal Girls","11161","Criminal Girls","26940","6000","32","2","19","0","0","4.49","Criminal Girls"
"QuiVr","11162","QuiVr","26880","13260","82","2","59","0","0","2.03","QuiVr"
"Pollen","11163","Pollen","26880","5700","41","1","22","0","0","4.72","Pollen"
"Street Fighter Online: Mouse Generation","11164","Street Fighter Online: Mouse Generation","26880","540","242","1","3","0","0","49.78","Street Fighter Online: Mouse Generation"
"Dicing Knight.","11165","Dicing Knight.","26880","1800","398","1","3","0","0","14.93","Dicing Knight."
"Zettai Hero Project: Unlosing Ranger vs. Darkdeath Evilman","11166","Zettai Hero Project: Unlosing Ranger vs. Darkdeath Evilman","26880","6060","23","1","12","0","0","4.44","Zettai Hero Project: Unlosing Ranger vs. Darkdeath Evilman"
"Dynasty Warriors 4","11167","Dynasty Warriors 4","26820","10800","20","2","35","0","0","2.48","Dynasty Warriors 4"
"Rez","11168","Rez","26820","5400","86","1","36","0","0","4.97","Rez"
"The Sims 2: Open for Business","11169","The Sims 2: Open for Business","26820","2460","110","1","10","0","0","10.9","The Sims 2: Open for Business"
"Soukyugurentai","11170","Soukyugurentai","26820","420","395","1","4","0","0","63.86","Soukyugurentai"
"Atelier Meruru: The Apprentice of Arland","11171","Atelier Meruru: The Apprentice of Arland","26820","8880","39","2","7","0","0","3.02","Atelier Meruru: The Apprentice of Arland"
"Flying Shark","11172","Flying Shark","26820","1560","35","1","2","0","0","17.19","Flying Shark"
"BallisticNG","11173","BallisticNG","26760","16680","19","2","67","0","0","1.6","BallisticNG"
"Mark McMorris Infinite Air","11174","Mark McMorris Infinite Air","26760","36420","18","3","113","0","0","0.73","Mark McMorris Infinite Air"
"RoboCop 3","11175","RoboCop 3","26760","2640","150","2","11","0","0","10.14","RoboCop 3"
"Tobal 2","11176","Tobal 2","26760","7560","16","1","8","0","0","3.54","Tobal 2"
"Naruto: Ultimate Ninja 3","11177","Naruto: Ultimate Ninja 3","26760","12660","28","2","48","0","0","2.11","Naruto: Ultimate Ninja 3"
"Blitzkrieg","11178","Blitzkrieg","26700","12540","19","2","21","0","0","2.13","Blitzkrieg"
"Phantasy Star Online Ver. 2","11179","Phantasy Star Online Ver. 2","26700","13680","21","2","15","0","0","1.95","Phantasy Star Online Ver. 2"
"Super Crate Box","11180","Super Crate Box","26700","10440","157","2","77","0","0","2.56","Super Crate Box"
"RaiderZ","11181","RaiderZ","26700","23400","13","2","38","0","0","1.14","RaiderZ"
"Mappy","11182","Mappy","26700","2700","236","1","13","0","0","9.89","Mappy"
"Princess.Loot.Pixels.Repeat","11183","Princess.Loot.Pixels.Repeat","26700","8460","82","2","66","0","0","3.16","Princess.Loot.Pixels.Repeat"
"Binaries","11184","Binaries","26700","19560","19","2","89","0","0","1.37","Binaries"
"Glass Masquerade","11185","Glass Masquerade","26640","2820","70","2","12","0","0","9.45","Glass Masquerade"
"Assault Suits Valken 2","11186","Assault Suits Valken 2","26640","60","444","1","0","0","0","444","Assault Suits Valken 2"
"Kessen II","11187","Kessen II","26640","5040","25","2","4","0","0","5.29","Kessen II"
"Neon Struct: Die Augen der Welt","11188","Neon Struct: Die Augen der Welt","26640","2760","62","2","15","0","0","9.65","Neon Struct: Die Augen der Welt"
"Dead or Alive 5 Ultimate","11189","Dead or Alive 5 Ultimate","26640","7920","20","2","13","0","0","3.36","Dead or Alive 5 Ultimate"
"Soul Nomad & the World Eaters","11190","Soul Nomad & the World Eaters","26580","14940","22","2","14","0","0","1.78","Soul Nomad & the World Eaters"
"Army of Two: The Devil's Cartel","11191","Army of Two: The Devil's Cartel","26580","8700","21","1","28","0","0","3.06","Army of Two: The Devil's Cartel"
"Wallace & Gromit's Grand Adventures Episode 2: The Last Resort","11192","Wallace & Gromit's Grand Adventures Episode 2: The Last Resort","26580","1920","140","1","8","0","0","13.84","Wallace & Gromit's Grand Adventures Episode 2: The Last Resort"
"Cooking Mama 3: Shop and Chop","11193","Cooking Mama 3: Shop and Chop","26580","4440","197","1","17","0","0","5.99","Cooking Mama 3: Shop and Chop"
"Pokémon Ranger: Guardian Signs","11194","Pokémon Ranger: Guardian Signs","26580","6780","24","2","15","0","0","3.92","Pokémon Ranger: Guardian Signs"
"Earth Atlantis","11195","Earth Atlantis","26580","660","154","1","6","0","0","40.27","Earth Atlantis"
"I Am The Hero","11196","I Am The Hero","26520","10680","26","2","57","0","0","2.48","I Am The Hero"
"Secret Files 2: Puritas Cordis","11197","Secret Files 2: Puritas Cordis","26520","5400","18","1","5","0","0","4.91","Secret Files 2: Puritas Cordis"
"Dragon Fighter","11198","Dragon Fighter","26520","3900","49","3","15","0","0","6.8","Dragon Fighter"
"Code Name: Viper","11199","Code Name: Viper","26520","1440","74","1","5","0","0","18.42","Code Name: Viper"
"Age of Pirates 2: City of Abandoned Ships","11200","Age of Pirates 2: City of Abandoned Ships","26520","11100","13","2","13","0","0","2.39","Age of Pirates 2: City of Abandoned Ships"