"","","Game","Watch time","Stream time","Peak viewers","Peak channels","Streamers","Average viewers","Average channels","Average viewer ratio",""
"Wario Land: Shake It!","6101","Wario Land: Shake It!","204420","13200","151","2","37","0","0","15.49","Wario Land: Shake It!"
"Quantum Gate","6102","Quantum Gate","204300","300","1250","2","3","0","0","681","Quantum Gate"
"The Swindle","6103","The Swindle","204240","76860","130","7","392","0","0","2.66","The Swindle"
"Wizard of Legend","6104","Wizard of Legend","204120","6000","1013","2","21","0","0","34.02","Wizard of Legend"
"Tiny Barbarian DX","6105","Tiny Barbarian DX","204000","5820","184","3","17","0","0","35.05","Tiny Barbarian DX"
"Lucius Demake","6106","Lucius Demake","203880","4980","862","1","19","0","0","40.94","Lucius Demake"
"Fear Effect","6107","Fear Effect","203700","16920","273","2","43","0","0","12.04","Fear Effect"
"Armikrog","6108","Armikrog","203700","22860","378","2","91","0","0","8.91","Armikrog"
"Initial D Arcade Stage 6 AA","6109","Initial D Arcade Stage 6 AA","203640","40620","86","3","108","0","0","5.01","Initial D Arcade Stage 6 AA"
"Paca Plus","6110","Paca Plus","203640","7560","651","1","28","0","0","26.94","Paca Plus"
"Sonic Rush Adventure","6111","Sonic Rush Adventure","203340","9060","628","2","22","0","0","22.44","Sonic Rush Adventure"
"H-Hour: World's Elite","6112","H-Hour: World's Elite","203280","56160","52","3","107","0","0","3.62","H-Hour: World's Elite"
"Dungeon Souls","6113","Dungeon Souls","203280","57420","269","3","262","0","0","3.54","Dungeon Souls"
"Baldur's Gate: Siege of Dragonspear","6114","Baldur's Gate: Siege of Dragonspear","203280","46440","60","2","46","0","0","4.38","Baldur's Gate: Siege of Dragonspear"
"Pictopix","6115","Pictopix","203100","9600","171","1","30","0","0","21.16","Pictopix"
"The Void","6116","The Void","203040","25920","262","3","59","0","0","7.83","The Void"
"Thomas the Tank Engine & Friends","6117","Thomas the Tank Engine & Friends","202980","5160","3250","1","8","0","0","39.34","Thomas the Tank Engine & Friends"
"Golden Axe II","6118","Golden Axe II","202860","10560","701","2","49","0","0","19.21","Golden Axe II"
"Wario Land II","6119","Wario Land II","202800","27300","104","2","47","0","0","7.43","Wario Land II"
"Alex Kidd in Miracle World","6120","Alex Kidd in Miracle World","202800","21540","787","4","84","0","0","9.42","Alex Kidd in Miracle World"
"Dead Rising: Chop Till You Drop","6121","Dead Rising: Chop Till You Drop","202680","3960","1296","1","10","0","0","51.18","Dead Rising: Chop Till You Drop"
"Eventide: Slavic Fable","6122","Eventide: Slavic Fable","202620","11820","383","1","51","0","0","17.14","Eventide: Slavic Fable"
"Eagle Flight","6123","Eagle Flight","202560","30120","2504","2","160","0","0","6.73","Eagle Flight"
"Uta Macross Sma-Pho De-Culture","6124","Uta Macross Sma-Pho De-Culture","202560","17880","134","3","23","0","0","11.33","Uta Macross Sma-Pho De-Culture"
"SOUND VOLTEX III GRAVITY WARS","6125","SOUND VOLTEX III GRAVITY WARS","202560","29640","2399","5","116","0","0","6.83","SOUND VOLTEX III GRAVITY WARS"
"Captain America: Super Soldier","6126","Captain America: Super Soldier","202380","2880","1729","2","7","0","0","70.27","Captain America: Super Soldier"
"Gakuen Club ~Houkago no Himitsu~","6127","Gakuen Club ~Houkago no Himitsu~","202320","1320","419","1","2","0","0","153.27","Gakuen Club ~Houkago no Himitsu~"
"Weiss Schwarz Portable","6128","Weiss Schwarz Portable","202200","56640","28","2","34","0","0","3.57","Weiss Schwarz Portable"
"Santa Ride!","6129","Santa Ride!","202140","840","383","1","0","0","0","240.64","Santa Ride!"
"The Wendigo","6130","The Wendigo","201840","4680","2072","1","32","0","0","43.13","The Wendigo"
"TalesWeaver","6131","TalesWeaver","201780","28560","357","2","59","0","0","7.07","TalesWeaver"
"FreeStyle 2 Online","6132","FreeStyle 2 Online","201660","26460","2010","3","66","0","0","7.62","FreeStyle 2 Online"
"Freedom Wars","6133","Freedom Wars","201660","45000","260","2","24","0","0","4.48","Freedom Wars"
"The Terminator: Future Shock","6134","The Terminator: Future Shock","201600","2460","142","1","2","0","0","81.95","The Terminator: Future Shock"
"Yu-Gi-Oh! Capsule Monster Coliseum","6135","Yu-Gi-Oh! Capsule Monster Coliseum","201540","15900","240","2","37","0","0","12.68","Yu-Gi-Oh! Capsule Monster Coliseum"
"911 TS","6136","911 TS","201540","15480","809","3","63","0","0","13.02","911 TS"
"Knights of Pen and Paper","6137","Knights of Pen and Paper","201480","29460","265","3","115","0","0","6.84","Knights of Pen and Paper"
"White Night","6138","White Night","201420","45000","233","3","160","0","0","4.48","White Night"
"Jikkyou Oshaberi Parodius","6139","Jikkyou Oshaberi Parodius","201360","2160","1700","1","9","0","0","93.22","Jikkyou Oshaberi Parodius"
"Sea of Thieves","6140","Sea of Thieves","201360","21240","1071","5","104","0","0","9.48","Sea of Thieves"
"Command & Conquer: Renegade","6141","Command & Conquer: Renegade","201180","34440","1039","2","74","0","0","5.84","Command & Conquer: Renegade"
"A Wild Catgirl Appears!","6142","A Wild Catgirl Appears!","201120","1260","1336","1","7","0","0","159.62","A Wild Catgirl Appears!"
"Pizza Tycoon","6143","Pizza Tycoon","201060","3780","1315","1","17","0","0","53.19","Pizza Tycoon"
"On the Ball","6144","On the Ball","200880","1920","1779","1","4","0","0","104.63","On the Ball"
"Battle Islands: Commanders","6145","Battle Islands: Commanders","200820","88560","170","7","348","0","0","2.27","Battle Islands: Commanders"
"Blazing Beaks","6146","Blazing Beaks","200820","3120","1164","2","7","0","0","64.37","Blazing Beaks"
"Cliffhanger","6147","Cliffhanger","200760","2340","2017","3","8","0","0","85.79","Cliffhanger"
"Bishoujo Senshi Sailor Moon: Another Story","6148","Bishoujo Senshi Sailor Moon: Another Story","200400","27840","93","2","38","0","0","7.2","Bishoujo Senshi Sailor Moon: Another Story"
"The Ship: Remasted","6149","The Ship: Remasted","200100","15120","251","3","83","0","0","13.23","The Ship: Remasted"
"Opoona","6150","Opoona","199800","6180","2853","2","5","0","0","32.33","Opoona"
"Pirates, Vikings and Knights II","6151","Pirates, Vikings and Knights II","199800","28980","2537","3","125","0","0","6.89","Pirates, Vikings and Knights II"
"Monster Truck Madness 64","6152","Monster Truck Madness 64","199560","1560","1658","1","9","0","0","127.92","Monster Truck Madness 64"
"Color a Dinosaur","6153","Color a Dinosaur","199440","3120","3002","1","14","0","0","63.92","Color a Dinosaur"
"Naruto x Boruto: Ninja Borutage","6154","Naruto x Boruto: Ninja Borutage","199440","34560","89","3","22","0","0","5.77","Naruto x Boruto: Ninja Borutage"
"Curve Fever 3","6155","Curve Fever 3","199380","16260","1678","2","100","0","0","12.26","Curve Fever 3"
"Sniper Elite: Nazi Zombie Army","6156","Sniper Elite: Nazi Zombie Army","199260","48180","346","3","251","0","0","4.14","Sniper Elite: Nazi Zombie Army"
"Hello Kitty: Roller Rescue","6157","Hello Kitty: Roller Rescue","199200","14340","3195","3","28","0","0","13.89","Hello Kitty: Roller Rescue"
"Win, Lose, or Draw","6158","Win, Lose, or Draw","199020","180","1932","1","2","0","0","1105.67","Win, Lose, or Draw"
"FIFA Online 2","6159","FIFA Online 2","198480","2040","1104","2","14","0","0","97.29","FIFA Online 2"
"JYDGE","6160","JYDGE","198300","21660","1073","3","69","0","0","9.16","JYDGE"
"Superbrothers: Sword & Sworcery EP","6161","Superbrothers: Sword & Sworcery EP","198120","22020","1737","2","79","0","0","9","Superbrothers: Sword & Sworcery EP"
"Seaman","6162","Seaman","198060","11100","1673","1","14","0","0","17.84","Seaman"
"Attack on Titan Tribute","6163","Attack on Titan Tribute","198060","73320","941","3","300","0","0","2.7","Attack on Titan Tribute"
"MapleStory DS","6164","MapleStory DS","197760","5640","4608","1","19","0","0","35.06","MapleStory DS"
"Legend of Dungeon","6165","Legend of Dungeon","197640","21300","448","2","138","0","0","9.28","Legend of Dungeon"
"DemiKids: Dark Version","6166","DemiKids: Dark Version","197580","4860","1089","1","5","0","0","40.65","DemiKids: Dark Version"
"Sparc","6167","Sparc","197400","45420","1190","5","166","0","0","4.35","Sparc"
"Bomb Squad","6168","Bomb Squad","197280","3540","752","2","17","0","0","55.73","Bomb Squad"
"SpongeBob SquarePants: Creature From the Krusty Krab","6169","SpongeBob SquarePants: Creature From the Krusty Krab","197280","11160","267","2","30","0","0","17.68","SpongeBob SquarePants: Creature From the Krusty Krab"
"ōdi∙um","6170","ōdi∙um","196800","9480","765","1","14","0","0","20.76","ōdi∙um"
"Adventures of Pip","6171","Adventures of Pip","196800","15660","423","2","55","0","0","12.57","Adventures of Pip"
"Ultimate Ghosts 'N' Goblins","6172","Ultimate Ghosts 'N' Goblins","196740","6660","291","1","19","0","0","29.54","Ultimate Ghosts 'N' Goblins"
"Sengoku","6173","Sengoku","196740","3000","1563","1","14","0","0","65.58","Sengoku"
"Beat The Game","6174","Beat The Game","196740","6240","1030","3","48","0","0","31.53","Beat The Game"
"Antihorror","6175","Antihorror","196620","1800","1538","1","12","0","0","109.23","Antihorror"
"Eador: Genesis","6176","Eador: Genesis","196380","44400","72","3","15","0","0","4.42","Eador: Genesis"
"From Dust","6177","From Dust","196200","22680","1015","1","86","0","0","8.65","From Dust"
"Lost Planet 3","6178","Lost Planet 3","196140","55980","127","3","154","0","0","3.5","Lost Planet 3"
"Tetris 64","6179","Tetris 64","196020","360","6527","1","6","0","0","544.5","Tetris 64"
"King of Kings","6180","King of Kings","195900","34800","27","2","4","0","0","5.63","King of Kings"
"Boom Blox","6181","Boom Blox","195780","840","1611","1","6","0","0","233.07","Boom Blox"
"Discworld II: Mortality Bytes!","6182","Discworld II: Mortality Bytes!","195780","5640","186","2","10","0","0","34.71","Discworld II: Mortality Bytes!"
"Ehrgeiz: God Bless the Ring","6183","Ehrgeiz: God Bless the Ring","195540","17340","587","2","39","0","0","11.28","Ehrgeiz: God Bless the Ring"
"Lichdom: Battlemage","6184","Lichdom: Battlemage","195480","74160","74","3","259","0","0","2.64","Lichdom: Battlemage"
"Aidyn Chronicles: The First Mage","6185","Aidyn Chronicles: The First Mage","195480","22980","119","1","11","0","0","8.51","Aidyn Chronicles: The First Mage"
"Bushido Blade","6186","Bushido Blade","195420","5580","1457","2","35","0","0","35.02","Bushido Blade"
"Kung Fu Rider","6187","Kung Fu Rider","195360","900","4273","2","6","0","0","217.07","Kung Fu Rider"
"Alien³","6188","Alien³","195240","10080","1732","1","35","0","0","19.37","Alien³"
"Act It Out! A Game of Charades","6189","Act It Out! A Game of Charades","195180","80160","36","2","11","0","0","2.43","Act It Out! A Game of Charades"
"DJ Hero 2","6190","DJ Hero 2","195000","19440","245","2","71","0","0","10.03","DJ Hero 2"
"Putt-Putt Goes to the Moon","6191","Putt-Putt Goes to the Moon","194880","7920","1046","2","50","0","0","24.61","Putt-Putt Goes to the Moon"
"The Hat Man: Shadow Ward","6192","The Hat Man: Shadow Ward","194880","21540","645","2","182","0","0","9.05","The Hat Man: Shadow Ward"
"Fly'N","6193","Fly'N","194640","4980","1133","1","20","0","0","39.08","Fly'N"
"Orion Trail","6194","Orion Trail","194640","6180","604","1","30","0","0","31.5","Orion Trail"
"Dragon Quest Monsters: Joker","6195","Dragon Quest Monsters: Joker","194460","11100","125","1","18","0","0","17.52","Dragon Quest Monsters: Joker"
"Spy Fox in: Hold the Mustard","6196","Spy Fox in: Hold the Mustard","194460","1080","525","1","2","0","0","180.06","Spy Fox in: Hold the Mustard"
"One Piece: Unlimited World RED","6197","One Piece: Unlimited World RED","194460","31920","270","4","108","0","0","6.09","One Piece: Unlimited World RED"
"IL-2 Sturmovik: 1946","6198","IL-2 Sturmovik: 1946","194400","16440","468","2","51","0","0","11.82","IL-2 Sturmovik: 1946"
"The Sandman","6199","The Sandman","194340","6480","409","1","24","0","0","29.99","The Sandman"
"Broken Sword: The Angel of Death","6200","Broken Sword: The Angel of Death","194280","17220","137","2","27","0","0","11.28","Broken Sword: The Angel of Death"