"","","Game","Watch time","Stream time","Peak viewers","Peak channels","Streamers","Average viewers","Average channels","Average viewer ratio",""
"Zombie Sniper HD","12101","Zombie Sniper HD","19200","300","136","1","3","0","0","64","Zombie Sniper HD"
"Molemen Must Die","12102","Molemen Must Die","19140","1680","51","1","11","0","0","11.39","Molemen Must Die"
"Polaris Sector","12103","Polaris Sector","19140","4080","51","2","6","0","0","4.69","Polaris Sector"
"Last Will","12104","Last Will","19140","3420","83","2","6","0","0","5.6","Last Will"
"Sega Rally 2006","12105","Sega Rally 2006","19140","480","156","1","5","0","0","39.88","Sega Rally 2006"
"Yu-Gi-Oh! Dungeondice Monsters","12106","Yu-Gi-Oh! Dungeondice Monsters","19140","360","340","1","3","0","0","53.17","Yu-Gi-Oh! Dungeondice Monsters"
"NHLPA Hockey '93","12107","NHLPA Hockey '93","19140","4920","31","1","11","0","0","3.89","NHLPA Hockey '93"
"Cosmo Police Galivan","12108","Cosmo Police Galivan","19140","2640","56","1","5","0","0","7.25","Cosmo Police Galivan"
"G Darius","12109","G Darius","19140","3120","26","1","10","0","0","6.13","G Darius"
"Pony Luv","12110","Pony Luv","19140","12120","152","1","10","0","0","1.58","Pony Luv"
"Chicken Invaders 2: The Next Wave","12111","Chicken Invaders 2: The Next Wave","19140","3900","98","2","14","0","0","4.91","Chicken Invaders 2: The Next Wave"
"Jungle Strike","12112","Jungle Strike","19080","5940","54","1","14","0","0","3.21","Jungle Strike"
"Battlezone II: Combat Commander","12113","Battlezone II: Combat Commander","19080","6780","96","1","16","0","0","2.81","Battlezone II: Combat Commander"
"Dragon Ball Heroes","12114","Dragon Ball Heroes","19080","2220","104","1","9","0","0","8.59","Dragon Ball Heroes"
"Angeldust","12115","Angeldust","19080","6480","54","2","36","0","0","2.94","Angeldust"
"Distorted Travesty","12116","Distorted Travesty","19080","9600","8","2","9","0","0","1.99","Distorted Travesty"
"Disney's PK: Out of the Shadows","12117","Disney's PK: Out of the Shadows","19020","4020","25","1","9","0","0","4.73","Disney's PK: Out of the Shadows"
"Humans Must Answer","12118","Humans Must Answer","19020","420","131","1","3","0","0","45.29","Humans Must Answer"
"Lunar Knights","12119","Lunar Knights","19020","3480","54","1","5","0","0","5.47","Lunar Knights"
"Killzone Mercenary","12120","Killzone Mercenary","19020","11640","20","2","4","0","0","1.63","Killzone Mercenary"
"SOCOM 3: U.S. Navy SEALs","12121","SOCOM 3: U.S. Navy SEALs","19020","3300","43","2","8","0","0","5.76","SOCOM 3: U.S. Navy SEALs"
"Samurai Warriors 2: Empires","12122","Samurai Warriors 2: Empires","19020","6060","23","1","9","0","0","3.14","Samurai Warriors 2: Empires"
"Metropolis Street Racer","12123","Metropolis Street Racer","18960","4380","14","1","8","0","0","4.33","Metropolis Street Racer"
"Strikers 1945","12124","Strikers 1945","18960","4500","32","1","13","0","0","4.21","Strikers 1945"
"Starborne: Sovereign Space","12125","Starborne: Sovereign Space","18960","2400","164","2","9","0","0","7.9","Starborne: Sovereign Space"
"TransOcean 2: Rivals","12126","TransOcean 2: Rivals","18960","5340","40","1","20","0","0","3.55","TransOcean 2: Rivals"
"Planet Delta","12127","Planet Delta","18900","1260","47","1","0","0","0","15","Planet Delta"
"WiLD","12128","WiLD","18900","1140","107","1","5","0","0","16.58","WiLD"
"Star Wars: Yoda Stories","12129","Star Wars: Yoda Stories","18900","2220","40","1","8","0","0","8.51","Star Wars: Yoda Stories"
"Shadowgrounds","12130","Shadowgrounds","18900","9960","70","2","33","0","0","1.9","Shadowgrounds"
"Rock Band Blitz","12131","Rock Band Blitz","18900","4380","68","1","14","0","0","4.32","Rock Band Blitz"
"FIFA 2000","12132","FIFA 2000","18900","6600","37","1","10","0","0","2.86","FIFA 2000"
"Rex Nebular and the Cosmic Gender Bender","12133","Rex Nebular and the Cosmic Gender Bender","18840","1260","49","1","3","0","0","14.95","Rex Nebular and the Cosmic Gender Bender"
"Dragon Ball Z: Super Butoden 3","12134","Dragon Ball Z: Super Butoden 3","18840","4560","17","1","4","0","0","4.13","Dragon Ball Z: Super Butoden 3"
"Mortal Kombat: Special Forces","12135","Mortal Kombat: Special Forces","18840","2040","39","1","8","0","0","9.24","Mortal Kombat: Special Forces"
"Rascal","12136","Rascal","18840","7920","61","2","14","0","0","2.38","Rascal"
"NBA 2K9","12137","NBA 2K9","18840","1500","113","1","4","0","0","12.56","NBA 2K9"
"Warp","12138","Warp","18840","5760","63","1","15","0","0","3.27","Warp"
"Wild Arms XF","12139","Wild Arms XF","18840","4860","15","1","4","0","0","3.88","Wild Arms XF"
"Airport Firefighter Simulator","12140","Airport Firefighter Simulator","18840","2700","85","1","6","0","0","6.98","Airport Firefighter Simulator"
"MechoEcho","12141","MechoEcho","18840","600","300","1","2","0","0","31.4","MechoEcho"
"TRIVIAL PURSUIT & Friends","12142","TRIVIAL PURSUIT & Friends","18840","1680","130","2","14","0","0","11.21","TRIVIAL PURSUIT & Friends"
"Samurai Riot","12143","Samurai Riot","18840","4500","86","2","18","0","0","4.19","Samurai Riot"
"The Proud Family","12144","The Proud Family","18780","60","313","1","0","0","0","313","The Proud Family"
"Smash Up","12145","Smash Up","18780","4440","115","1","17","0","0","4.23","Smash Up"
"Carnival Games VR","12146","Carnival Games VR","18780","12060","56","2","72","0","0","1.56","Carnival Games VR"
"Slavistan","12147","Slavistan","18780","2460","153","2","23","0","0","7.63","Slavistan"
"Lightseekers","12148","Lightseekers","18780","13920","21","1","9","0","0","1.35","Lightseekers"
"Gundam Breaker 2","12149","Gundam Breaker 2","18780","6480","20","1","3","0","0","2.9","Gundam Breaker 2"
"Restaurant Empire 2","12150","Restaurant Empire 2","18780","6420","26","2","12","0","0","2.93","Restaurant Empire 2"
"Déjà Vu: A Nightmare Comes True","12151","Déjà Vu: A Nightmare Comes True","18720","5940","25","1","21","0","0","3.15","Déjà Vu: A Nightmare Comes True"
"Mushihime-sama HD","12152","Mushihime-sama HD","18720","6120","53","2","40","0","0","3.06","Mushihime-sama HD"
"Spiderman Cartoon Maker","12153","Spiderman Cartoon Maker","18720","2760","130","1","18","0","0","6.78","Spiderman Cartoon Maker"
"FIVE: Guardians of David","12154","FIVE: Guardians of David","18720","5640","21","1","11","0","0","3.32","FIVE: Guardians of David"
"Yu-Gi-Oh! 5D's World Championship 2010 Reverse of Arcadia","12155","Yu-Gi-Oh! 5D's World Championship 2010 Reverse of Arcadia","18720","5760","13","2","8","0","0","3.25","Yu-Gi-Oh! 5D's World Championship 2010 Reverse of Arcadia"
"Goodbye! BoxBoy!","12156","Goodbye! BoxBoy!","18720","12300","25","2","3","0","0","1.52","Goodbye! BoxBoy!"
"Montezuma's Revenge","12157","Montezuma's Revenge","18720","660","158","1","3","0","0","28.36","Montezuma's Revenge"
"Cloud","12158","Cloud","18720","480","161","1","4","0","0","39","Cloud"
"Animated Puzzles Star","12159","Animated Puzzles Star","18660","540","110","1","4","0","0","34.56","Animated Puzzles Star"
"Tesla vs Lovecraft","12160","Tesla vs Lovecraft","18660","960","109","1","5","0","0","19.44","Tesla vs Lovecraft"
"White Knight Chronicles: Origins","12161","White Knight Chronicles: Origins","18660","1560","26","1","1","0","0","11.96","White Knight Chronicles: Origins"
"Guilty Gear XX Slash","12162","Guilty Gear XX Slash","18660","1200","149","1","3","0","0","15.55","Guilty Gear XX Slash"
"Videoball","12163","Videoball","18660","4200","34","2","30","0","0","4.44","Videoball"
"Metal Storm","12164","Metal Storm","18660","6840","48","1","31","0","0","2.73","Metal Storm"
"Real Bout Fatal Fury 2: The Newcomers","12165","Real Bout Fatal Fury 2: The Newcomers","18660","3540","38","1","18","0","0","5.27","Real Bout Fatal Fury 2: The Newcomers"
"Blade & Sword","12166","Blade & Sword","18660","8040","18","2","12","0","0","2.32","Blade & Sword"
"Football Manager 2012","12167","Football Manager 2012","18600","5280","29","1","12","0","0","3.52","Football Manager 2012"
"Muchi Muchi Pork! & Pink Sweets","12168","Muchi Muchi Pork! & Pink Sweets","18600","1920","31","1","5","0","0","9.69","Muchi Muchi Pork! & Pink Sweets"
"EverQuest II: Kunark Ascending","12169","EverQuest II: Kunark Ascending","18600","11700","29","2","26","0","0","1.59","EverQuest II: Kunark Ascending"
"Mutants","12170","Mutants","18600","1200","82","1","3","0","0","15.5","Mutants"
"Sport 10 Pack","12171","Sport 10 Pack","18600","1200","777","1","3","0","0","15.5","Sport 10 Pack"
"King of Clubs","12172","King of Clubs","18600","60","316","1","0","0","0","310","King of Clubs"
"The Misfits","12173","The Misfits","18540","4860","40","10","20","0","0","3.81","The Misfits"
"Langrisser IV","12174","Langrisser IV","18540","1440","180","1","2","0","0","12.88","Langrisser IV"
"Ms. Pac-Man: Maze Madness","12175","Ms. Pac-Man: Maze Madness","18540","3660","42","1","11","0","0","5.07","Ms. Pac-Man: Maze Madness"
"Babo Violent 2","12176","Babo Violent 2","18540","11340","41","2","5","0","0","1.63","Babo Violent 2"
"Killzone 2","12177","Killzone 2","18540","5700","22","1","19","0","0","3.25","Killzone 2"
"Jump Ultimate Stars","12178","Jump Ultimate Stars","18480","4680","33","1","17","0","0","3.95","Jump Ultimate Stars"
"Ghost 'n Goblins Exceed","12179","Ghost 'n Goblins Exceed","18480","1500","66","1","7","0","0","12.32","Ghost 'n Goblins Exceed"
"WhoDunnit?","12180","WhoDunnit?","18480","180","110","1","1","0","0","102.67","WhoDunnit?"
"Prehistoric Kingdoms","12181","Prehistoric Kingdoms","18480","1740","220","2","10","0","0","10.62","Prehistoric Kingdoms"
"Disney's Meet the Robinsons","12182","Disney's Meet the Robinsons","18480","10200","66","2","3","0","0","1.81","Disney's Meet the Robinsons"
"Retro Shooting","12183","Retro Shooting","18480","3600","143","1","10","0","0","5.13","Retro Shooting"
"Robotica","12184","Robotica","18480","3120","47","1","6","0","0","5.92","Robotica"
"Cats are Liquid","12185","Cats are Liquid","18480","13080","21","2","30","0","0","1.41","Cats are Liquid"
"Re-Loaded","12186","Re-Loaded","18420","180","301","1","3","0","0","102.33","Re-Loaded"
"Lies of Astaroth","12187","Lies of Astaroth","18420","16020","20","2","73","0","0","1.15","Lies of Astaroth"
"TRON RUN/r","12188","TRON RUN/r","18420","12420","23","2","82","0","0","1.48","TRON RUN/r"
"Hockey League Simulator","12189","Hockey League Simulator","18420","2880","35","1","4","0","0","6.4","Hockey League Simulator"
"Metal Mutant","12190","Metal Mutant","18420","6540","35","1","4","0","0","2.82","Metal Mutant"
"Exile","12191","Exile","18420","2460","287","1","15","0","0","7.49","Exile"
"9 Clues: The Secret of Serpent Creek","12192","9 Clues: The Secret of Serpent Creek","18420","4560","18","2","15","0","0","4.04","9 Clues: The Secret of Serpent Creek"
"Pure","12193","Pure","18420","11520","27","2","59","0","0","1.6","Pure"
"Rush 2: Extreme Racing USA","12194","Rush 2: Extreme Racing USA","18420","10560","20","2","26","0","0","1.74","Rush 2: Extreme Racing USA"
"Spy Fox: Operation Ozone","12195","Spy Fox: Operation Ozone","18420","4260","53","1","21","0","0","4.32","Spy Fox: Operation Ozone"
"Postal","12196","Postal","18420","6300","98","1","37","0","0","2.92","Postal"
"Alto's Adventure","12197","Alto's Adventure","18420","7380","165","1","45","0","0","2.5","Alto's Adventure"
"Army Men 3D","12198","Army Men 3D","18420","3180","97","1","8","0","0","5.79","Army Men 3D"
"Dragon Quest Monsters: Joker 2","12199","Dragon Quest Monsters: Joker 2","18420","8520","15","1","19","0","0","2.16","Dragon Quest Monsters: Joker 2"
"Shin Megami Tensei: Devil Survivor 2","12200","Shin Megami Tensei: Devil Survivor 2","18360","2580","33","1","5","0","0","7.12","Shin Megami Tensei: Devil Survivor 2"