"","","Game","Watch time","Stream time","Peak viewers","Peak channels","Streamers","Average viewers","Average channels","Average viewer ratio",""
"DiRT","7301","DiRT","115680","17400","217","2","91","0","0","6.65","DiRT"
"Star Wars: Rebellion","7302","Star Wars: Rebellion","115680","20280","437","2","30","0","0","5.7","Star Wars: Rebellion"
"Xonotic","7303","Xonotic","115620","35160","152","3","68","0","0","3.29","Xonotic"
"Stock Market: The Game","7304","Stock Market: The Game","115620","29460","34","2","18","0","0","3.92","Stock Market: The Game"
"Cricket Captain 2017","7305","Cricket Captain 2017","115560","1020","649","2","5","0","0","113.29","Cricket Captain 2017"
"Fist's Elimination Tower","7306","Fist's Elimination Tower","115500","1320","894","1","4","0","0","87.5","Fist's Elimination Tower"
"Verdict Guilty","7307","Verdict Guilty","115500","2280","807","1","20","0","0","50.66","Verdict Guilty"
"Age of War","7308","Age of War","115500","4260","750","2","31","0","0","27.11","Age of War"
"Rygar","7309","Rygar","115500","14760","157","2","35","0","0","7.83","Rygar"
"White Gold: War in Paradise","7310","White Gold: War in Paradise","115440","1800","600","1","5","0","0","64.13","White Gold: War in Paradise"
"Freddy Pharkas: Frontier Pharmacist","7311","Freddy Pharkas: Frontier Pharmacist","115380","4980","113","1","9","0","0","23.17","Freddy Pharkas: Frontier Pharmacist"
"Multiplay","7312","Multiplay","115380","55680","50","3","75","0","0","2.07","Multiplay"
"Tower Defence","7313","Tower Defence","115380","6720","939","1","41","0","0","17.17","Tower Defence"
"TenkaHyakken -ZAN-","7314","TenkaHyakken -ZAN-","115380","16200","263","2","24","0","0","7.12","TenkaHyakken -ZAN-"
"Eternal Champions","7315","Eternal Champions","115260","900","1943","1","5","0","0","128.07","Eternal Champions"
"Masochisia","7316","Masochisia","115140","9420","148","2","44","0","0","12.22","Masochisia"
"Hourai Gakuen no Bouken! Tenkousei Scramble","7317","Hourai Gakuen no Bouken! Tenkousei Scramble","115140","4500","133","1","6","0","0","25.59","Hourai Gakuen no Bouken! Tenkousei Scramble"
"Junk Jack","7318","Junk Jack","115020","8760","371","2","31","0","0","13.13","Junk Jack"
"Mr. Massagy","7319","Mr. Massagy","115020","15120","349","2","101","0","0","7.61","Mr. Massagy"
"MX vs. ATV: Reflex","7320","MX vs. ATV: Reflex","115020","54360","210","4","256","0","0","2.12","MX vs. ATV: Reflex"
"Columns III: Revenge of Columns","7321","Columns III: Revenge of Columns","114960","5640","152","1","13","0","0","20.38","Columns III: Revenge of Columns"
"Wii Party","7322","Wii Party","114960","8820","455","2","32","0","0","13.03","Wii Party"
"Jeopardy! 2nd Edition","7323","Jeopardy! 2nd Edition","114900","360","1868","1","3","0","0","319.17","Jeopardy! 2nd Edition"
"Heart of Crown PC","7324","Heart of Crown PC","114900","6780","97","3","0","0","0","16.95","Heart of Crown PC"
"Squishy the Suicidal Pig","7325","Squishy the Suicidal Pig","114840","14940","104","2","89","0","0","7.69","Squishy the Suicidal Pig"
"Deer Hunter Reloaded","7326","Deer Hunter Reloaded","114660","2400","124","1","7","0","0","47.78","Deer Hunter Reloaded"
"HIT: Heroes of Incredible Tales","7327","HIT: Heroes of Incredible Tales","114660","27360","97","2","35","0","0","4.19","HIT: Heroes of Incredible Tales"
"Deae Tonosama Appare Ichiban","7328","Deae Tonosama Appare Ichiban","114660","840","1859","1","2","0","0","136.5","Deae Tonosama Appare Ichiban"
"Bakugan Battle Brawlers: Defenders of the Core","7329","Bakugan Battle Brawlers: Defenders of the Core","114540","4980","406","3","8","0","0","23","Bakugan Battle Brawlers: Defenders of the Core"
"The Enchanted Cave 2","7330","The Enchanted Cave 2","114480","3840","188","2","12","0","0","29.81","The Enchanted Cave 2"
"Farming Simulator 2011","7331","Farming Simulator 2011","114480","6240","722","2","20","0","0","18.35","Farming Simulator 2011"
"Street Warriors Online","7332","Street Warriors Online","114480","19380","143","4","141","0","0","5.91","Street Warriors Online"
"DJMAX Portable 3","7333","DJMAX Portable 3","114420","8820","1793","1","25","0","0","12.97","DJMAX Portable 3"
"The Impossible Quiz","7334","The Impossible Quiz","114420","11940","485","2","71","0","0","9.58","The Impossible Quiz"
"Way of the Samurai 3","7335","Way of the Samurai 3","114360","28260","149","2","78","0","0","4.05","Way of the Samurai 3"
"World of Speed","7336","World of Speed","114360","20940","1486","4","42","0","0","5.46","World of Speed"
"Penguins' Journey","7337","Penguins' Journey","114360","300","641","2","3","0","0","381.2","Penguins' Journey"
"WWE SmackDown! vs. RAW 2011","7338","WWE SmackDown! vs. RAW 2011","114300","10920","426","1","37","0","0","10.47","WWE SmackDown! vs. RAW 2011"
"Dark Summit","7339","Dark Summit","114240","1560","1696","1","6","0","0","73.23","Dark Summit"
"Infinite Realms","7340","Infinite Realms","114180","3300","1172","1","13","0","0","34.6","Infinite Realms"
"Sanguosha","7341","Sanguosha","114120","47520","19","2","22","0","0","2.4","Sanguosha"
"Doodle WHAT?!","7342","Doodle WHAT?!","114060","4380","196","2","17","0","0","26.04","Doodle WHAT?!"
"Feist","7343","Feist","114060","16020","167","2","70","0","0","7.12","Feist"
"Barbie Horse Adventures: Summer Camp","7344","Barbie Horse Adventures: Summer Camp","114060","4680","537","2","21","0","0","24.37","Barbie Horse Adventures: Summer Camp"
"Oedo BlackSmith","7345","Oedo BlackSmith","114000","1920","212","1","3","0","0","59.38","Oedo BlackSmith"
"Investigator","7346","Investigator","114000","12540","1140","2","60","0","0","9.09","Investigator"
"Mario Hoops 3 on 3","7347","Mario Hoops 3 on 3","113760","1260","1959","1","4","0","0","90.29","Mario Hoops 3 on 3"
"Starwinder: The Ultimate Space Race","7348","Starwinder: The Ultimate Space Race","113760","480","410","1","1","0","0","237","Starwinder: The Ultimate Space Race"
"Alien Storm","7349","Alien Storm","113700","2940","839","1","16","0","0","38.67","Alien Storm"
"Queen of Hearts","7350","Queen of Hearts","113640","240","1111","1","2","0","0","473.5","Queen of Hearts"
"Crush Crush","7351","Crush Crush","113520","39360","118","3","220","0","0","2.88","Crush Crush"
"Wimmelbild-Box Mystery","7352","Wimmelbild-Box Mystery","113520","33360","26","3","35","0","0","3.4","Wimmelbild-Box Mystery"
"Who Shot Johnny Rock?","7353","Who Shot Johnny Rock?","113460","480","1875","1","4","0","0","236.38","Who Shot Johnny Rock?"
"Picto Image","7354","Picto Image","113460","1200","1149","1","3","0","0","94.55","Picto Image"
"Double Switch","7355","Double Switch","113400","1440","1868","1","5","0","0","78.75","Double Switch"
"Nancy Drew: The Secret of Shadow Ranch","7356","Nancy Drew: The Secret of Shadow Ranch","113400","9960","140","2","19","0","0","11.39","Nancy Drew: The Secret of Shadow Ranch"
"Astebreed","7357","Astebreed","113400","30180","243","2","113","0","0","3.76","Astebreed"
"Dungeon Rushers","7358","Dungeon Rushers","113280","16200","87","2","65","0","0","6.99","Dungeon Rushers"
"Task Force","7359","Task Force","113280","15360","126","9","26","0","0","7.38","Task Force"
"PriPara","7360","PriPara","113220","7980","39","1","4","0","0","14.19","PriPara"
"WET","7361","WET","113220","6420","431","2","24","0","0","17.64","WET"
"Robert Ludlum's The Bourne Conspiracy","7362","Robert Ludlum's The Bourne Conspiracy","113220","1320","1994","1","6","0","0","85.77","Robert Ludlum's The Bourne Conspiracy"
"Hamtaro: Ham-Ham Games","7363","Hamtaro: Ham-Ham Games","113160","3780","1148","1","18","0","0","29.94","Hamtaro: Ham-Ham Games"
"Solitare","7364","Solitare","113100","17280","217","2","101","0","0","6.55","Solitare"
"Rezrog","7365","Rezrog","113100","18120","93","3","43","0","0","6.24","Rezrog"
"Digimon World Re:Digitize","7366","Digimon World Re:Digitize","113100","9000","146","1","29","0","0","12.57","Digimon World Re:Digitize"
"SD Gundam Gaiden: Knight Gundam Monogatari: Ooinaru Isan","7367","SD Gundam Gaiden: Knight Gundam Monogatari: Ooinaru Isan","112980","1140","178","1","1","0","0","99.11","SD Gundam Gaiden: Knight Gundam Monogatari: Ooinaru Isan"
"Q.U.I.R.K.","7368","Q.U.I.R.K.","112980","16320","54","5","44","0","0","6.92","Q.U.I.R.K."
"Crackdown 3","7369","Crackdown 3","112980","660","419","1","7","0","0","171.18","Crackdown 3"
"F-Zero X Expansion Kit","7370","F-Zero X Expansion Kit","112920","2820","274","1","8","0","0","40.04","F-Zero X Expansion Kit"
"Death Rally","7371","Death Rally","112680","8460","196","9","38","0","0","13.32","Death Rally"
"Sword of Mana","7372","Sword of Mana","112680","42240","21","2","62","0","0","2.67","Sword of Mana"
"Jak and Daxter: The Lost Frontier","7373","Jak and Daxter: The Lost Frontier","112500","5160","214","2","19","0","0","21.8","Jak and Daxter: The Lost Frontier"
"Aliens Versus Predator","7374","Aliens Versus Predator","112500","36240","126","2","93","0","0","3.1","Aliens Versus Predator"
"Tiny and Big: Grandpa's Leftovers","7375","Tiny and Big: Grandpa's Leftovers","112500","21240","179","4","96","0","0","5.3","Tiny and Big: Grandpa's Leftovers"
"Out of Gas","7376","Out of Gas","112440","4140","486","2","10","0","0","27.16","Out of Gas"
"The Voice: I Want You","7377","The Voice: I Want You","112440","480","1856","2","5","0","0","234.25","The Voice: I Want You"
".hack//OUTBREAK - Part 3","7378",".hack//OUTBREAK - Part 3","112380","29640","37","2","41","0","0","3.79",".hack//OUTBREAK - Part 3"
"Shin Megami Tensei: Devil Summoner - Raidou Kuzunoha vs. the Soulless Army","7379","Shin Megami Tensei: Devil Summoner - Raidou Kuzunoha vs. the Soulless Army","112380","37560","25","2","51","0","0","2.99","Shin Megami Tensei: Devil Summoner - Raidou Kuzunoha vs. the Soulless Army"
"Music For Everyone","7380","Music For Everyone","112320","99300","36","5","256","0","0","1.13","Music For Everyone"
"VOEZ","7381","VOEZ","112320","21480","211","2","117","0","0","5.23","VOEZ"
"StarBlade","7382","StarBlade","112260","1320","1861","1","3","0","0","85.05","StarBlade"
"Cafeteria Nipponica","7383","Cafeteria Nipponica","112260","900","253","1","2","0","0","124.73","Cafeteria Nipponica"
"Sports Party","7384","Sports Party","112260","8100","418","2","23","0","0","13.86","Sports Party"
"Hatsune Miku: Project DIVA","7385","Hatsune Miku: Project DIVA","112200","16680","1552","2","54","0","0","6.73","Hatsune Miku: Project DIVA"
"Firefall","7386","Firefall","112200","101520","34","2","87","0","0","1.11","Firefall"
"Pocket Mortys","7387","Pocket Mortys","112140","30240","57","2","147","0","0","3.71","Pocket Mortys"
"Wayward Terran Frontier: Zero Falls","7388","Wayward Terran Frontier: Zero Falls","112080","6780","146","1","11","0","0","16.53","Wayward Terran Frontier: Zero Falls"
"HarmoKnight","7389","HarmoKnight","112020","1140","271","1","4","0","0","98.26","HarmoKnight"
"Darkstalkers Resurrection","7390","Darkstalkers Resurrection","111900","5160","1331","2","30","0","0","21.69","Darkstalkers Resurrection"
"Sherlock Holmes: The Awakened","7391","Sherlock Holmes: The Awakened","111900","15060","114","2","39","0","0","7.43","Sherlock Holmes: The Awakened"
"Sub-Terrania","7392","Sub-Terrania","111900","3780","470","2","10","0","0","29.6","Sub-Terrania"
"Mystery House II","7393","Mystery House II","111900","1680","377","1","8","0","0","66.61","Mystery House II"
"Total Annihilation","7394","Total Annihilation","111840","51300","56","3","63","0","0","2.18","Total Annihilation"
"Space Quest 6: Roger Wilco in the Spinal Frontier","7395","Space Quest 6: Roger Wilco in the Spinal Frontier","111720","6300","296","1","20","0","0","17.73","Space Quest 6: Roger Wilco in the Spinal Frontier"
"Stunt Race FX","7396","Stunt Race FX","111720","2400","1752","1","16","0","0","46.55","Stunt Race FX"
"Noobow","7397","Noobow","111720","4500","462","2","14","0","0","24.83","Noobow"
"Angels Fall First","7398","Angels Fall First","111660","25920","379","4","96","0","0","4.31","Angels Fall First"
"Sega Bass Fishing 2","7399","Sega Bass Fishing 2","111600","1320","1822","1","5","0","0","84.55","Sega Bass Fishing 2"
"Call of Cthulhu: Shadow of the Comet","7400","Call of Cthulhu: Shadow of the Comet","111540","8400","168","1","26","0","0","13.28","Call of Cthulhu: Shadow of the Comet"