"","","Game","Watch time","Stream time","Peak viewers","Peak channels","Streamers","Average viewers","Average channels","Average viewer ratio",""
"The Girl and the Robot","10701","The Girl and the Robot","31320","6780","60","1","35","0","0","4.62","The Girl and the Robot"
"Pikuniku","10702","Pikuniku","31320","600","240","1","2","0","0","52.2","Pikuniku"
"Radical Rex","10703","Radical Rex","31260","900","109","1","5","0","0","34.73","Radical Rex"
"PewDiePie's Tuber Simulator","10704","PewDiePie's Tuber Simulator","31260","13800","60","2","31","0","0","2.27","PewDiePie's Tuber Simulator"
"Hercules: The Legendary Journeys","10705","Hercules: The Legendary Journeys","31260","4920","33","1","8","0","0","6.35","Hercules: The Legendary Journeys"
"Tenchu Z","10706","Tenchu Z","31260","18960","36","2","21","0","0","1.65","Tenchu Z"
"Zapper: One Wicked Cricket!","10707","Zapper: One Wicked Cricket!","31260","4020","172","2","17","0","0","7.78","Zapper: One Wicked Cricket!"
"Tales of Monkey Island Chapter 3: Lair of the Leviathan","10708","Tales of Monkey Island Chapter 3: Lair of the Leviathan","31260","5460","52","1","18","0","0","5.73","Tales of Monkey Island Chapter 3: Lair of the Leviathan"
"Magi Nation","10709","Magi Nation","31260","4140","162","1","6","0","0","7.55","Magi Nation"
"Secret Agent Clank","10710","Secret Agent Clank","31260","5040","27","1","13","0","0","6.2","Secret Agent Clank"
"The Deer God","10711","The Deer God","31260","19740","29","2","95","0","0","1.58","The Deer God"
"Noct","10712","Noct","31260","2340","151","2","21","0","0","13.36","Noct"
"Blair Witch, Volume I: Rustin Parr","10713","Blair Witch, Volume I: Rustin Parr","31200","7080","76","1","7","0","0","4.41","Blair Witch, Volume I: Rustin Parr"
"Worlds of Magic","10714","Worlds of Magic","31200","480","154","1","3","0","0","65","Worlds of Magic"
"Lothgar Online","10715","Lothgar Online","31200","8820","23","3","14","0","0","3.54","Lothgar Online"
"Lernen leicht gemacht! Für Junggebliebene","10716","Lernen leicht gemacht! Für Junggebliebene","31200","3660","439","1","3","0","0","8.52","Lernen leicht gemacht! Für Junggebliebene"
"Burst The Game","10717","Burst The Game","31200","7320","69","3","69","0","0","4.26","Burst The Game"
"DownTown","10718","DownTown","31140","780","511","1","1","0","0","39.92","DownTown"
"Kamen Rider: Battride War Creation","10719","Kamen Rider: Battride War Creation","31140","5160","25","2","11","0","0","6.03","Kamen Rider: Battride War Creation"
"Overfall","10720","Overfall","31140","5940","53","1","23","0","0","5.24","Overfall"
"Atlantic Fleet","10721","Atlantic Fleet","31140","6660","41","2","28","0","0","4.68","Atlantic Fleet"
"Fragmented","10722","Fragmented","31140","13200","26","3","45","0","0","2.36","Fragmented"
"MANDAGON","10723","MANDAGON","31140","12900","57","3","106","0","0","2.41","MANDAGON"
"Golden Krone Hotel","10724","Golden Krone Hotel","31140","3720","33","2","10","0","0","8.37","Golden Krone Hotel"
"Deadly 30","10725","Deadly 30","31140","2580","128","1","13","0","0","12.07","Deadly 30"
"The Legend of Spyro: Dawn of the Dragon","10726","The Legend of Spyro: Dawn of the Dragon","31140","10320","25","2","21","0","0","3.02","The Legend of Spyro: Dawn of the Dragon"
"Evil Dead: A Fistful of Boomstick","10727","Evil Dead: A Fistful of Boomstick","31140","8100","279","2","22","0","0","3.84","Evil Dead: A Fistful of Boomstick"
"Commander Keen 2: The Earth Explodes","10728","Commander Keen 2: The Earth Explodes","31140","4140","133","1","12","0","0","7.52","Commander Keen 2: The Earth Explodes"
"Hexen II Mission Pack: Portal of Praevus","10729","Hexen II Mission Pack: Portal of Praevus","31140","660","94","1","2","0","0","47.18","Hexen II Mission Pack: Portal of Praevus"
"Dragonstone","10730","Dragonstone","31140","120","516","1","1","0","0","259.5","Dragonstone"
"Boktai 2: Solar Boy Django","10731","Boktai 2: Solar Boy Django","31080","11580","24","1","12","0","0","2.68","Boktai 2: Solar Boy Django"
"Not Tetris 2","10732","Not Tetris 2","31080","9120","44","2","36","0","0","3.41","Not Tetris 2"
"Sex","10733","Sex","31080","9360","194","1","18","0","0","3.32","Sex"
"Soul Seeker","10734","Soul Seeker","31080","8100","16","1","9","0","0","3.84","Soul Seeker"
"The Miracle Piano Teaching System","10735","The Miracle Piano Teaching System","31080","3360","148","1","2","0","0","9.25","The Miracle Piano Teaching System"
"MLB 12: The Show","10736","MLB 12: The Show","31020","2100","76","1","3","0","0","14.77","MLB 12: The Show"
"Formicide","10737","Formicide","31020","10800","68","3","58","0","0","2.87","Formicide"
"Dr. Seuss Toddler","10738","Dr. Seuss Toddler","31020","120","315","1","1","0","0","258.5","Dr. Seuss Toddler"
"Card City Nights","10739","Card City Nights","31020","13620","56","3","37","0","0","2.28","Card City Nights"
"Mario's Super Picross","10740","Mario's Super Picross","31020","8100","30","2","21","0","0","3.83","Mario's Super Picross"
"Phantasy Star Portable 2","10741","Phantasy Star Portable 2","31020","12840","44","2","21","0","0","2.42","Phantasy Star Portable 2"
"Shogi","10742","Shogi","31020","13800","20","2","35","0","0","2.25","Shogi"
"Cargo! The Quest for Gravity","10743","Cargo! The Quest for Gravity","31020","1980","551","1","6","0","0","15.67","Cargo! The Quest for Gravity"
"Myst V: End of Ages","10744","Myst V: End of Ages","30960","9420","16","2","20","0","0","3.29","Myst V: End of Ages"
"Woodcutter Simulator 2013","10745","Woodcutter Simulator 2013","30960","840","286","1","8","0","0","36.86","Woodcutter Simulator 2013"
"SpongeBob's Truth or Square","10746","SpongeBob's Truth or Square","30960","13620","42","2","11","0","0","2.27","SpongeBob's Truth or Square"
"Verlies II","10747","Verlies II","30960","540","510","1","3","0","0","57.33","Verlies II"
"Gravity Ghost","10748","Gravity Ghost","30960","2520","89","2","9","0","0","12.29","Gravity Ghost"
"Area 51","10749","Area 51","30960","13440","54","2","43","0","0","2.3","Area 51"
"Treasure Cove!","10750","Treasure Cove!","30960","1740","209","1","5","0","0","17.79","Treasure Cove!"
"Jelly no Puzzle","10751","Jelly no Puzzle","30900","3060","28","1","5","0","0","10.1","Jelly no Puzzle"
"Ragnarok Battle Offline: Extra Scenario 3","10752","Ragnarok Battle Offline: Extra Scenario 3","30900","4260","69","2","19","0","0","7.25","Ragnarok Battle Offline: Extra Scenario 3"
"Gradius II","10753","Gradius II","30900","4200","29","1","20","0","0","7.36","Gradius II"
"Gladius","10754","Gladius","30900","12480","46","1","24","0","0","2.48","Gladius"
"Cannon Spike","10755","Cannon Spike","30900","6360","25","1","22","0","0","4.86","Cannon Spike"
"House of 1000 Doors: The Palm of Zoroaster","10756","House of 1000 Doors: The Palm of Zoroaster","30900","4380","54","1","13","0","0","7.05","House of 1000 Doors: The Palm of Zoroaster"
"Download","10757","Download","30840","2280","99","1","10","0","0","13.53","Download"
"We Know the Devil","10758","We Know the Devil","30840","5940","47","1","23","0","0","5.19","We Know the Devil"
"Quintet","10759","Quintet","30840","1020","516","2","10","0","0","30.24","Quintet"
"Sam & Max Episode 202: Moai Better Blues","10760","Sam & Max Episode 202: Moai Better Blues","30840","3480","87","1","17","0","0","8.86","Sam & Max Episode 202: Moai Better Blues"
"Spinner","10761","Spinner","30840","1020","331","1","10","0","0","30.24","Spinner"
"Mad Age and This Guy","10762","Mad Age and This Guy","30840","600","481","1","5","0","0","51.4","Mad Age and This Guy"
"Let's Dance","10763","Let's Dance","30780","600","210","1","1","0","0","51.3","Let's Dance"
"Blueprint Tycoon","10764","Blueprint Tycoon","30780","6360","64","1","30","0","0","4.84","Blueprint Tycoon"
"Clash King","10765","Clash King","30780","1020","330","1","2","0","0","30.18","Clash King"
"Disney Infinity","10766","Disney Infinity","30780","15420","41","2","35","0","0","2","Disney Infinity"
"A Virus Named Tom","10767","A Virus Named Tom","30780","4380","112","2","19","0","0","7.03","A Virus Named Tom"
"Cabela's Dangerous Hunts 2011","10768","Cabela's Dangerous Hunts 2011","30780","780","90","1","3","0","0","39.46","Cabela's Dangerous Hunts 2011"
"Boggle","10769","Boggle","30780","3720","44","2","21","0","0","8.27","Boggle"
"Golf Resort Tycoon","10770","Golf Resort Tycoon","30720","120","370","1","1","0","0","256","Golf Resort Tycoon"
"Hugo II: Whodunit?","10771","Hugo II: Whodunit?","30720","480","328","1","5","0","0","64","Hugo II: Whodunit?"
"Videokid","10772","Videokid","30720","3300","193","1","14","0","0","9.31","Videokid"
"Yo-Kai Watch Wibble Wobble","10773","Yo-Kai Watch Wibble Wobble","30720","5100","37","1","14","0","0","6.02","Yo-Kai Watch Wibble Wobble"
"Castle of no Escape 2","10774","Castle of no Escape 2","30720","900","237","1","4","0","0","34.13","Castle of no Escape 2"
"Swim Out","10775","Swim Out","30720","360","207","1","3","0","0","85.33","Swim Out"
"Lust for Darkness","10776","Lust for Darkness","30660","720","512","1","5","0","0","42.58","Lust for Darkness"
"Twin Caliber","10777","Twin Caliber","30660","180","550","1","2","0","0","170.33","Twin Caliber"
"Eternal City","10778","Eternal City","30660","18900","29","2","17","0","0","1.62","Eternal City"
"Hexic","10779","Hexic","30660","5880","186","2","37","0","0","5.21","Hexic"
"GTR 2: FIA GT Racing Game","10780","GTR 2: FIA GT Racing Game","30660","18660","33","2","31","0","0","1.64","GTR 2: FIA GT Racing Game"
"Shoot Many Robots","10781","Shoot Many Robots","30600","11040","20","2","43","0","0","2.77","Shoot Many Robots"
"Blizzard Pass","10782","Blizzard Pass","30600","1080","150","3","4","0","0","28.33","Blizzard Pass"
"Dogies","10783","Dogies","30600","30300","16","2","1","0","0","1.01","Dogies"
"Deadliest Warrior: Ancient Combat","10784","Deadliest Warrior: Ancient Combat","30600","240","223","1","1","0","0","127.5","Deadliest Warrior: Ancient Combat"
"Strikers 1945 II","10785","Strikers 1945 II","30540","2400","236","5","6","0","0","12.73","Strikers 1945 II"
"Evil Dead: Regeneration","10786","Evil Dead: Regeneration","30540","8820","26","2","28","0","0","3.46","Evil Dead: Regeneration"
"Texas Hold'em","10787","Texas Hold'em","30540","15180","32","2","36","0","0","2.01","Texas Hold'em"
"Hatsune Miku: Project DIVA Extend","10788","Hatsune Miku: Project DIVA Extend","30480","20820","25","2","67","0","0","1.46","Hatsune Miku: Project DIVA Extend"
"Pretty Soldier Sailor Moon","10789","Pretty Soldier Sailor Moon","30480","5220","87","1","20","0","0","5.84","Pretty Soldier Sailor Moon"
"Civilization II: Test of Time","10790","Civilization II: Test of Time","30480","2220","92","1","7","0","0","13.73","Civilization II: Test of Time"
"MJ4 Evolution","10791","MJ4 Evolution","30480","5820","35","2","9","0","0","5.24","MJ4 Evolution"
"Age of Wonders II: The Wizard's Throne","10792","Age of Wonders II: The Wizard's Throne","30480","8280","15","1","5","0","0","3.68","Age of Wonders II: The Wizard's Throne"
"Caromble!","10793","Caromble!","30480","480","557","2","4","0","0","63.5","Caromble!"
"Zombie Training Simulator","10794","Zombie Training Simulator","30420","8760","61","1","48","0","0","3.47","Zombie Training Simulator"
"The Sims: House Party","10795","The Sims: House Party","30420","2220","190","1","7","0","0","13.7","The Sims: House Party"
"War Wind","10796","War Wind","30420","600","255","1","4","0","0","50.7","War Wind"
"Dungeon Master","10797","Dungeon Master","30420","5220","51","1","11","0","0","5.83","Dungeon Master"
"Metal Dead","10798","Metal Dead","30420","4080","32","1","16","0","0","7.46","Metal Dead"
"Rollers of the Realm","10799","Rollers of the Realm","30420","10680","53","3","44","0","0","2.85","Rollers of the Realm"
"Money Puzzle Exchanger","10800","Money Puzzle Exchanger","30360","2880","106","1","17","0","0","10.54","Money Puzzle Exchanger"