"","","Game","Watch time","Stream time","Peak viewers","Peak channels","Streamers","Average viewers","Average channels","Average viewer ratio",""
"The Simpsons: Bart's Nightmare","6501","The Simpsons: Bart's Nightmare","166800","4080","1822","3","27","0","0","40.88","The Simpsons: Bart's Nightmare"
"Crimzon Clover: World Ignition","6502","Crimzon Clover: World Ignition","166800","46620","81","2","77","0","0","3.58","Crimzon Clover: World Ignition"
"Dai-2-Ji Super Robot Taisen Z Hakai-hen","6503","Dai-2-Ji Super Robot Taisen Z Hakai-hen","166740","38700","46","3","22","0","0","4.31","Dai-2-Ji Super Robot Taisen Z Hakai-hen"
"Paranormal State: Poison Spring","6504","Paranormal State: Poison Spring","166620","3120","516","1","7","0","0","53.4","Paranormal State: Poison Spring"
"Flashback: The Quest for Identity","6505","Flashback: The Quest for Identity","166500","15300","133","2","52","0","0","10.88","Flashback: The Quest for Identity"
"Little Nemo: The Dream Master","6506","Little Nemo: The Dream Master","166440","17760","119","6","77","0","0","9.37","Little Nemo: The Dream Master"
"Metal Slug Defense","6507","Metal Slug Defense","166380","3780","567","2","14","0","0","44.02","Metal Slug Defense"
"One Dog Story","6508","One Dog Story","166380","10860","125","2","45","0","0","15.32","One Dog Story"
"Cat Girl Without Salad","6509","Cat Girl Without Salad","166380","2400","2682","1","18","0","0","69.33","Cat Girl Without Salad"
"Tyler: Model-005","6510","Tyler: Model-005","166260","1320","860","1","6","0","0","125.95","Tyler: Model-005"
"Fidget Spinner Simulator","6511","Fidget Spinner Simulator","166140","11640","615","2","88","0","0","14.27","Fidget Spinner Simulator"
"Gran Turismo 3 A-Spec","6512","Gran Turismo 3 A-Spec","166140","46980","38","2","99","0","0","3.54","Gran Turismo 3 A-Spec"
"Dekaron","6513","Dekaron","166080","57480","50","2","83","0","0","2.89","Dekaron"
"Caster","6514","Caster","166080","4320","1873","2","24","0","0","38.44","Caster"
"Emergency 2016","6515","Emergency 2016","166080","21960","269","2","70","0","0","7.56","Emergency 2016"
"Carmageddon 64","6516","Carmageddon 64","165780","780","1578","1","5","0","0","212.54","Carmageddon 64"
"Table Tennis","6517","Table Tennis","165660","3180","1419","1","14","0","0","52.09","Table Tennis"
"Flight Simulation","6518","Flight Simulation","165600","60000","98","3","115","0","0","2.76","Flight Simulation"
"Condor: The Competition Soaring Simulator","6519","Condor: The Competition Soaring Simulator","165540","184860","22","5","17","0","0","0.9","Condor: The Competition Soaring Simulator"
"King Kong","6520","King Kong","165540","2760","1119","1","19","0","0","59.98","King Kong"
"All Night Nippon Super Mario Bros.","6521","All Night Nippon Super Mario Bros.","165480","6240","825","11","22","0","0","26.52","All Night Nippon Super Mario Bros."
"Age of Barbarian","6522","Age of Barbarian","165420","3420","859","1","16","0","0","48.37","Age of Barbarian"
"The Walking Dead: The Telltale Series Collection","6523","The Walking Dead: The Telltale Series Collection","165360","10440","116","6","4","0","0","15.84","The Walking Dead: The Telltale Series Collection"
"Yoshi's Island DS","6524","Yoshi's Island DS","165300","17340","358","3","31","0","0","9.53","Yoshi's Island DS"
"Miner Ultra Shooter","6525","Miner Ultra Shooter","165240","1740","412","5","8","0","0","94.97","Miner Ultra Shooter"
"Ravenloft: Strahd's Possession","6526","Ravenloft: Strahd's Possession","165000","8100","175","1","8","0","0","20.37","Ravenloft: Strahd's Possession"
"MapleRoyals","6527","MapleRoyals","164640","32400","69","4","67","0","0","5.08","MapleRoyals"
"Descent II: Vertigo Series","6528","Descent II: Vertigo Series","164520","1800","1443","1","3","0","0","91.4","Descent II: Vertigo Series"
"Dora the Explorer: Dora Saves the Crystal Kingdom","6529","Dora the Explorer: Dora Saves the Crystal Kingdom","164460","2400","880","1","10","0","0","68.53","Dora the Explorer: Dora Saves the Crystal Kingdom"
"Dream Quest","6530","Dream Quest","164400","4680","244","1","10","0","0","35.13","Dream Quest"
"Anno 1503: Königs-Edition","6531","Anno 1503: Königs-Edition","164340","12060","221","2","45","0","0","13.63","Anno 1503: Königs-Edition"
"Day of Defeat","6532","Day of Defeat","164280","46080","169","2","154","0","0","3.57","Day of Defeat"
"Silent Hunter 4: Wolves of the Pacific","6533","Silent Hunter 4: Wolves of the Pacific","164280","46260","524","2","61","0","0","3.55","Silent Hunter 4: Wolves of the Pacific"
"Spear of Destiny","6534","Spear of Destiny","164100","10740","1150","2","28","0","0","15.28","Spear of Destiny"
"Homeworld 2","6535","Homeworld 2","164100","12540","611","1","41","0","0","13.09","Homeworld 2"
"Dragon Ball Z: Legacy of Goku II","6536","Dragon Ball Z: Legacy of Goku II","164040","12900","198","1","30","0","0","12.72","Dragon Ball Z: Legacy of Goku II"
"Elevator... to the Moon!","6537","Elevator... to the Moon!","163980","1020","876","1","2","0","0","160.76","Elevator... to the Moon!"
"Lords of New York","6538","Lords of New York","163800","1560","533","1","10","0","0","105","Lords of New York"
"Fuck You","6539","Fuck You","163800","51720","76","3","75","0","0","3.17","Fuck You"
"Beetle Adventure Racing!","6540","Beetle Adventure Racing!","163740","5340","913","1","20","0","0","30.66","Beetle Adventure Racing!"
"MXGP","6541","MXGP","163680","10920","715","7","70","0","0","14.99","MXGP"
"Claire","6542","Claire","163680","51780","91","3","206","0","0","3.16","Claire"
"The Low Road","6543","The Low Road","163620","3660","1166","1","18","0","0","44.7","The Low Road"
"The Getaway: Black Monday","6544","The Getaway: Black Monday","163500","4860","571","1","8","0","0","33.64","The Getaway: Black Monday"
"Bomberman Collection","6545","Bomberman Collection","163320","300","1474","1","2","0","0","544.4","Bomberman Collection"
"The Fog","6546","The Fog","163260","540","448","1","0","0","0","302.33","The Fog"
"Digital Combat Simulator: Black Shark","6547","Digital Combat Simulator: Black Shark","163140","226920","22","5","463","0","0","0.72","Digital Combat Simulator: Black Shark"
"Learn to Fly 2","6548","Learn to Fly 2","163020","10260","431","2","39","0","0","15.89","Learn to Fly 2"
"Lost Sphear","6549","Lost Sphear","162960","32160","186","4","34","0","0","5.07","Lost Sphear"
"Hard Corps: Uprising","6550","Hard Corps: Uprising","162840","14220","207","2","45","0","0","11.45","Hard Corps: Uprising"
"Knuckles' Chaotix","6551","Knuckles' Chaotix","162720","19080","432","2","75","0","0","8.53","Knuckles' Chaotix"
"Hatris","6552","Hatris","162660","2220","954","1","8","0","0","73.27","Hatris"
"Call to Arms","6553","Call to Arms","162540","40380","186","3","174","0","0","4.03","Call to Arms"
"Puyo Pop","6554","Puyo Pop","162540","9060","632","1","35","0","0","17.94","Puyo Pop"
"Root Double: Before Crime * After Days","6555","Root Double: Before Crime * After Days","162540","28620","347","2","36","0","0","5.68","Root Double: Before Crime * After Days"
"Star Trek: Voyager - Elite Force","6556","Star Trek: Voyager - Elite Force","162480","16320","294","2","40","0","0","9.96","Star Trek: Voyager - Elite Force"
"Music on: Acoustic Guitar","6557","Music on: Acoustic Guitar","162420","11160","80","3","34","0","0","14.55","Music on: Acoustic Guitar"
"Front Mission","6558","Front Mission","162360","20340","138","2","20","0","0","7.98","Front Mission"
"Harvest Moon: Save the Homeland","6559","Harvest Moon: Save the Homeland","162240","27000","139","3","71","0","0","6.01","Harvest Moon: Save the Homeland"
"Renegade Line","6560","Renegade Line","162240","25440","624","43","95","0","0","6.38","Renegade Line"
"Evil Bane","6561","Evil Bane","161880","180","1422","1","6","0","0","899.33","Evil Bane"
"Graveyard Keeper","6562","Graveyard Keeper","161820","120","1429","1","1","0","0","1348.5","Graveyard Keeper"
"Metal Gear: Ghost Babel","6563","Metal Gear: Ghost Babel","161760","13860","78","2","22","0","0","11.67","Metal Gear: Ghost Babel"
"Riptide GP: Renegade","6564","Riptide GP: Renegade","161760","30600","234","6","134","0","0","5.29","Riptide GP: Renegade"
"Shark Attack Deathmatch","6565","Shark Attack Deathmatch","161760","13680","1227","3","97","0","0","11.82","Shark Attack Deathmatch"
"Hamtaro: Ham-Hams Unite!","6566","Hamtaro: Ham-Hams Unite!","161760","13920","520","2","46","0","0","11.62","Hamtaro: Ham-Hams Unite!"
"Tak and the Power of Juju","6567","Tak and the Power of Juju","161700","41760","94","3","52","0","0","3.87","Tak and the Power of Juju"
"Dezaemon 2","6568","Dezaemon 2","161700","34920","940","1","2","0","0","4.63","Dezaemon 2"
"Hexcells Plus","6569","Hexcells Plus","161640","13920","315","2","47","0","0","11.61","Hexcells Plus"
"Front Mission 3","6570","Front Mission 3","161640","52560","73","3","70","0","0","3.08","Front Mission 3"
"Final Fantasy Origins","6571","Final Fantasy Origins","161580","64680","21","4","79","0","0","2.5","Final Fantasy Origins"
"To the Top","6572","To the Top","161460","21180","2021","2","49","0","0","7.62","To the Top"
"Skywanderers","6573","Skywanderers","161400","23580","292","3","31","0","0","6.84","Skywanderers"
"The Bouncer","6574","The Bouncer","161400","18060","309","2","77","0","0","8.94","The Bouncer"
"Project Genom","6575","Project Genom","161340","27060","104","2","89","0","0","5.96","Project Genom"
"LEGO Star Wars: The Video Game","6576","LEGO Star Wars: The Video Game","161280","48240","151","3","92","0","0","3.34","LEGO Star Wars: The Video Game"
"Rayman Arena","6577","Rayman Arena","161220","12900","380","3","28","0","0","12.5","Rayman Arena"
"MotoGP","6578","MotoGP","161160","10200","757","4","50","0","0","15.8","MotoGP"
"Alien Legacy","6579","Alien Legacy","160860","3480","147","1","4","0","0","46.22","Alien Legacy"
"Mechanika","6580","Mechanika","160800","8580","152","2","40","0","0","18.74","Mechanika"
"TV Sports Basketball","6581","TV Sports Basketball","160740","12000","213","2","3","0","0","13.4","TV Sports Basketball"
"Hydro Thunder Hurricane","6582","Hydro Thunder Hurricane","160680","50700","876","3","78","0","0","3.17","Hydro Thunder Hurricane"
"Made Man: Confessions of the Family Blood","6583","Made Man: Confessions of the Family Blood","160560","4740","2359","2","8","0","0","33.87","Made Man: Confessions of the Family Blood"
"The Blackwell Legacy","6584","The Blackwell Legacy","160560","15780","322","2","51","0","0","10.17","The Blackwell Legacy"
"'n Verlore Verstand","6585","'n Verlore Verstand","160560","6960","261","2","26","0","0","23.07","'n Verlore Verstand"
"Arabian Nights","6586","Arabian Nights","160500","6180","241","5","12","0","0","25.97","Arabian Nights"
"Root of All Evil","6587","Root of All Evil","160440","2400","742","1","12","0","0","66.85","Root of All Evil"
"The Sims 2 Castaway","6588","The Sims 2 Castaway","160260","12300","392","2","22","0","0","13.03","The Sims 2 Castaway"
"Blue Estate","6589","Blue Estate","160200","40680","346","2","179","0","0","3.94","Blue Estate"
"Goblins of Elderstone","6590","Goblins of Elderstone","160020","1080","672","1","7","0","0","148.17","Goblins of Elderstone"
"CyberMage: Darklight Awakening","6591","CyberMage: Darklight Awakening","159900","2460","98","1","1","0","0","65","CyberMage: Darklight Awakening"
"Trick or Treat","6592","Trick or Treat","159900","10920","893","2","70","0","0","14.64","Trick or Treat"
"NBA 2K11","6593","NBA 2K11","159840","6180","798","2","24","0","0","25.86","NBA 2K11"
"Hooked on Bass Fishing","6594","Hooked on Bass Fishing","159840","24240","22","2","3","0","0","6.59","Hooked on Bass Fishing"
"Mercenary","6595","Mercenary","159660","300","810","1","2","0","0","532.2","Mercenary"
"Fantasy Zone: The Maze","6596","Fantasy Zone: The Maze","159600","120","1696","1","2","0","0","1330","Fantasy Zone: The Maze"
"Descenders","6597","Descenders","159540","420","855","1","3","0","0","379.86","Descenders"
"Etterna","6598","Etterna","159480","58020","48","4","56","0","0","2.75","Etterna"
"Adam Wolfe","6599","Adam Wolfe","159420","16320","122","2","49","0","0","9.77","Adam Wolfe"
"Kings and Heroes","6600","Kings and Heroes","159360","44280","400","4","83","0","0","3.6","Kings and Heroes"