"","","Game","Watch time","Stream time","Peak viewers","Peak channels","Streamers","Average viewers","Average channels","Average viewer ratio",""
"GORN","1501","GORN","5013660","75720","31679","5","384","9","0","66.21","GORN"
"Silent Hill: Shattered Memories","1502","Silent Hill: Shattered Memories","5008740","47820","17226","3","127","9","0","104.74","Silent Hill: Shattered Memories"
"God of War II","1503","God of War II","5003580","129600","8570","4","243","9","0","38.61","God of War II"
"Woolfe: The Red Hood Diaries","1504","Woolfe: The Red Hood Diaries","5003280","22800","79396","9","83","9","0","219.44","Woolfe: The Red Hood Diaries"
"SimAirport","1505","SimAirport","4996500","156780","8192","8","431","9","0","31.87","SimAirport"
"The Adventures of Rocky and Bullwinkle and Friends","1506","The Adventures of Rocky and Bullwinkle and Friends","4988100","1500","129844","6","13","9","0","3325.4","The Adventures of Rocky and Bullwinkle and Friends"
"Golden Sun: The Lost Age","1507","Golden Sun: The Lost Age","4984800","136740","8376","6","96","9","0","36.45","Golden Sun: The Lost Age"
"We Happy Few","1508","We Happy Few","4981260","298620","12961","9","1269","9","0","16.68","We Happy Few"
"Yomawari","1509","Yomawari","4978560","154500","5100","11","579","9","0","32.22","Yomawari"
"Jeopardy!","1510","Jeopardy!","4973580","29220","18955","3","97","9","0","170.21","Jeopardy!"
"Hyrule Warriors","1511","Hyrule Warriors","4972860","202200","4537","6","524","9","0","24.59","Hyrule Warriors"
"Commandos: Behind Enemy Lines","1512","Commandos: Behind Enemy Lines","4953960","46740","3164","3","128","9","0","105.99","Commandos: Behind Enemy Lines"
"Rise & Shine","1513","Rise & Shine","4952760","109800","27701","13","606","9","0","45.11","Rise & Shine"
"Subsistence","1514","Subsistence","4943160","322680","30984","9","654","9","0","15.32","Subsistence"
"Rift","1515","Rift","4941720","787800","1842","12","1121","9","1","6.27","Rift"
"Antichamber","1516","Antichamber","4929600","197520","8493","7","933","9","0","24.96","Antichamber"
"A Chair in a Room: Greenwater","1517","A Chair in a Room: Greenwater","4927380","20700","21606","6","100","9","0","238.04","A Chair in a Room: Greenwater"
"Breath of Fire II","1518","Breath of Fire II","4913460","167880","2286","5","101","9","0","29.27","Breath of Fire II"
"Adventure Island: The Beginning","1519","Adventure Island: The Beginning","4908060","900","163534","10","12","9","0","5453.4","Adventure Island: The Beginning"
"Vietcong","1520","Vietcong","4906500","17760","4012","2","56","9","0","276.27","Vietcong"
"Birthdays the Beginning","1521","Birthdays the Beginning","4904820","111720","8724","15","366","9","0","43.9","Birthdays the Beginning"
"City Car Driving","1522","City Car Driving","4888140","59520","10503","6","319","9","0","82.13","City Car Driving"
"A Nightmare on Elm Street","1523","A Nightmare on Elm Street","4870200","10020","107963","6","51","9","0","486.05","A Nightmare on Elm Street"
"Resident Evil Zero","1524","Resident Evil Zero","4858020","894540","5159","12","3281","9","1","5.43","Resident Evil Zero"
"inFamous: Second Son","1525","inFamous: Second Son","4853160","462480","3833","15","10353","9","0","10.49","inFamous: Second Son"
"Shadow Warrior 2","1526","Shadow Warrior 2","4832160","875580","7342","30","3501","9","1","5.52","Shadow Warrior 2"
"Assassin's Creed: Revelations","1527","Assassin's Creed: Revelations","4830540","377700","3353","6","953","9","0","12.79","Assassin's Creed: Revelations"
"Fate/Extella","1528","Fate/Extella","4827060","423780","16379","22","2094","9","0","11.39","Fate/Extella"
"Alundra","1529","Alundra","4823640","142320","7263","5","130","9","0","33.89","Alundra"
"Stay Close","1530","Stay Close","4820700","91560","8864","7","471","9","0","52.65","Stay Close"
"Broforce","1531","Broforce","4810980","718380","5519","25","5055","9","1","6.7","Broforce"
"Decap Attack","1532","Decap Attack","4802580","2460","131602","9","22","9","0","1952.27","Decap Attack"
"Metroid","1533","Metroid","4802460","224280","715","8","473","9","0","21.41","Metroid"
"The Witch and the Hundred Knight 2","1534","The Witch and the Hundred Knight 2","4798320","70380","3787","5","70","9","0","68.18","The Witch and the Hundred Knight 2"
"Uncharted Waters","1535","Uncharted Waters","4793940","22980","6426","3","22","9","0","208.61","Uncharted Waters"
"OrbusVR","1536","OrbusVR","4788540","85320","38004","12","54","9","0","56.12","OrbusVR"
"Cook, Serve, Delicious!","1537","Cook, Serve, Delicious!","4787880","236340","10390","7","1062","9","0","20.26","Cook, Serve, Delicious!"
"Dead Rising 3","1538","Dead Rising 3","4780500","837840","4143","12","3504","9","1","5.71","Dead Rising 3"
"River City Ransom: Underground","1539","River City Ransom: Underground","4772400","247380","7978","42","718","9","0","19.29","River City Ransom: Underground"
"Raiders of the Broken Planet","1540","Raiders of the Broken Planet","4769160","196080","10170","21","943","9","0","24.32","Raiders of the Broken Planet"
"Dragon Warrior","1541","Dragon Warrior","4764660","222180","2157","10","184","9","0","21.45","Dragon Warrior"
"Mini Metro","1542","Mini Metro","4756200","144120","11148","4","751","9","0","33","Mini Metro"
"Final Fantasy XIII-2","1543","Final Fantasy XIII-2","4753560","357480","5775","8","421","9","0","13.3","Final Fantasy XIII-2"
"Stand Out","1544","Stand Out","4747800","58980","39488","10","20","9","0","80.5","Stand Out"
"Earthfall","1545","Earthfall","4730760","72600","21639","12","316","9","0","65.16","Earthfall"
"Mario Golf","1546","Mario Golf","4729320","125700","6429","5","160","8","0","37.62","Mario Golf"
"OneShot","1547","OneShot","4728600","372540","3447","11","1144","8","0","12.69","OneShot"
"Ninja Gaiden II: The Dark Sword of Chaos","1548","Ninja Gaiden II: The Dark Sword of Chaos","4719300","35040","140753","6","64","8","0","134.68","Ninja Gaiden II: The Dark Sword of Chaos"
"Darkwing Duck","1549","Darkwing Duck","4714620","54840","126287","18","141","8","0","85.97","Darkwing Duck"
"Bob Was Hungry","1550","Bob Was Hungry","4697940","30180","19816","4","94","8","0","155.66","Bob Was Hungry"
"Command & Conquer: Red Alert 2","1551","Command & Conquer: Red Alert 2","4692360","287400","4182","5","454","8","0","16.33","Command & Conquer: Red Alert 2"
"Far Cry","1552","Far Cry","4690620","197040","27783","5","499","8","0","23.81","Far Cry"
"PULSAR: Lost Colony","1553","PULSAR: Lost Colony","4675740","217740","8943","7","742","8","0","21.47","PULSAR: Lost Colony"
"Love Beat","1554","Love Beat","4669440","23760","9702","3","77","8","0","196.53","Love Beat"
"Dynasty Warriors 8: Xtreme Legends","1555","Dynasty Warriors 8: Xtreme Legends","4654080","267840","3032","7","585","8","0","17.38","Dynasty Warriors 8: Xtreme Legends"
"Sheltered","1556","Sheltered","4645320","201660","5504","6","705","8","0","23.04","Sheltered"
"Need for Speed Underground","1557","Need for Speed Underground","4641600","237180","3858","6","765","8","0","19.57","Need for Speed Underground"
"Battlefield Hardline","1558","Battlefield Hardline","4622280","2498640","1182","28","10969","8","4","1.85","Battlefield Hardline"
"Pilotwings 64","1559","Pilotwings 64","4621560","16200","5498","2","50","8","0","285.28","Pilotwings 64"
"Star Wars: Battlefront II","1560","Star Wars: Battlefront II","4620540","550800","9621","38","4347","8","1","8.39","Star Wars: Battlefront II"
"Super Ghouls 'N Ghosts","1561","Super Ghouls 'N Ghosts","4616640","152640","20462","6","434","8","0","30.25","Super Ghouls 'N Ghosts"
"Urban Empire","1562","Urban Empire","4616100","90360","2538","71","359","8","0","51.09","Urban Empire"
"slither.io","1563","slither.io","4608900","331440","9425","6","2048","8","0","13.91","slither.io"
"Total War: Shogun 2","1564","Total War: Shogun 2","4604340","395340","3741","8","1008","8","0","11.65","Total War: Shogun 2"
"Breath of Fire","1565","Breath of Fire","4602900","137640","3986","6","157","8","0","33.44","Breath of Fire"
"Mega Man Zero 3","1566","Mega Man Zero 3","4602240","78240","2475","4","104","8","0","58.82","Mega Man Zero 3"
"8 Ball Pool","1567","8 Ball Pool","4597500","177540","22067","6","656","8","0","25.9","8 Ball Pool"
"Amazon","1568","Amazon","4581240","2400","19987","5","7","8","0","1908.85","Amazon"
"Haunted House","1569","Haunted House","4573860","3120","33317","3","10","8","0","1465.98","Haunted House"
"Guitar Hero Live","1570","Guitar Hero Live","4568700","310020","2179","6","694","8","0","14.74","Guitar Hero Live"
"Taiko no Tatsujin: Session de Dodon ga Don!","1571","Taiko no Tatsujin: Session de Dodon ga Don!","4566300","75120","8064","17","159","8","0","60.79","Taiko no Tatsujin: Session de Dodon ga Don!"
"Tacoma","1572","Tacoma","4559940","84720","37233","15","406","8","0","53.82","Tacoma"
"Pineview Drive","1573","Pineview Drive","4559760","106380","10954","5","331","8","0","42.86","Pineview Drive"
"Dragon Warrior III","1574","Dragon Warrior III","4553400","251160","8573","6","141","8","0","18.13","Dragon Warrior III"
"Amnesia: A Machine for Pigs","1575","Amnesia: A Machine for Pigs","4543380","235620","9539","15","1140","8","0","19.28","Amnesia: A Machine for Pigs"
"Car Mechanic Simulator 2015","1576","Car Mechanic Simulator 2015","4541400","450240","9282","12","1940","8","0","10.09","Car Mechanic Simulator 2015"
"Resident Evil: Outbreak","1577","Resident Evil: Outbreak","4539840","181320","2214","6","299","8","0","25.04","Resident Evil: Outbreak"
"I Am Setsuna","1578","I Am Setsuna","4534140","354480","9707","8","1128","8","0","12.79","I Am Setsuna"
"Earth Defense Force 4.1: The Shadow of New Despair","1579","Earth Defense Force 4.1: The Shadow of New Despair","4533300","623580","5540","11","2155","8","1","7.27","Earth Defense Force 4.1: The Shadow of New Despair"
"Invisigun Reloaded","1580","Invisigun Reloaded","4532400","33900","34620","7","118","8","0","133.7","Invisigun Reloaded"
"Guts","1581","Guts","4531920","4800","38216","5","33","8","0","944.15","Guts"
"Command & Conquer: Red Alert","1582","Command & Conquer: Red Alert","4531860","121380","34718","3","137","8","0","37.34","Command & Conquer: Red Alert"
"Gal Gun: Double Peace","1583","Gal Gun: Double Peace","4525740","127920","12078","10","736","8","0","35.38","Gal Gun: Double Peace"
"Shenmue","1584","Shenmue","4522620","213000","3063","5","277","8","0","21.23","Shenmue"
"Barbie's Ocean Discovery","1585","Barbie's Ocean Discovery","4515120","67680","46651","3","198","8","0","66.71","Barbie's Ocean Discovery"
"That's You!","1586","That's You!","4513800","31620","8367","3","718","8","0","142.75","That's You!"
"The Game of Life","1587","The Game of Life","4512720","44040","25082","6","169","8","0","102.47","The Game of Life"
"Tales of Zestiria","1588","Tales of Zestiria","4511880","1123800","1055","17","2566","8","2","4.01","Tales of Zestiria"
"Silent Hunter III","1589","Silent Hunter III","4501020","74940","3432","3","101","8","0","60.06","Silent Hunter III"
"Wario Land 4","1590","Wario Land 4","4494180","75660","21734","5","172","8","0","59.4","Wario Land 4"
"Sonic & Knuckles","1591","Sonic & Knuckles","4487460","152580","6348","7","638","8","0","29.41","Sonic & Knuckles"
"X-Men: Mutant Apocalypse","1592","X-Men: Mutant Apocalypse","4485840","22140","97428","9","69","8","0","202.61","X-Men: Mutant Apocalypse"
"Obduction","1593","Obduction","4476000","167580","2201","6","409","8","0","26.71","Obduction"
"F.E.A.R. 2: Project Origin","1594","F.E.A.R. 2: Project Origin","4470900","254160","32587","7","884","8","0","17.59","F.E.A.R. 2: Project Origin"
"Talisman Digital Edition","1595","Talisman Digital Edition","4469640","227820","3997","6","636","8","0","19.62","Talisman Digital Edition"
"Total War: Attila","1596","Total War: Attila","4460820","530520","559","8","1130","8","1","8.41","Total War: Attila"
"Cave Story","1597","Cave Story","4441620","381540","3734","8","1151","8","0","11.64","Cave Story"
"RISK: Factions","1598","RISK: Factions","4441140","16860","37926","5","85","8","0","263.41","RISK: Factions"
"S.K.I.L.L.: Special Force 2","1599","S.K.I.L.L.: Special Force 2","4438020","811440","711","12","1598","8","1","5.47","S.K.I.L.L.: Special Force 2"
"Rayman","1600","Rayman","4435260","188340","12744","10","320","8","0","23.55","Rayman"