"","","Game","Watch time","Stream time","Peak viewers","Peak channels","Streamers","Average viewers","Average channels","Average viewer ratio",""
"Rock Paper Scissors Champion","10001","Rock Paper Scissors Champion","40200","5100","588","1","16","0","0","7.88","Rock Paper Scissors Champion"
"Vernon's Legacy","10002","Vernon's Legacy","40200","4680","35","2","23","0","0","8.59","Vernon's Legacy"
"Blue Angels: Formation Flight Simulation","10003","Blue Angels: Formation Flight Simulation","40200","600","111","1","1","0","0","67","Blue Angels: Formation Flight Simulation"
"Until None Remain VR","10004","Until None Remain VR","40200","6900","319","3","4","0","0","5.83","Until None Remain VR"
"Afterfall: InSanity","10005","Afterfall: InSanity","40140","15600","88","2","49","0","0","2.57","Afterfall: InSanity"
"Tango Fiesta","10006","Tango Fiesta","40140","1440","120","1","12","0","0","27.88","Tango Fiesta"
"Pacman for GEM","10007","Pacman for GEM","40080","8520","199","2","44","0","0","4.7","Pacman for GEM"
"Sid Meier's Railroads!","10008","Sid Meier's Railroads!","40080","26460","27","2","69","0","0","1.51","Sid Meier's Railroads!"
"Ys: Book I & II","10009","Ys: Book I & II","40080","7980","36","2","18","0","0","5.02","Ys: Book I & II"
"Handball 16","10010","Handball 16","40080","5940","253","2","40","0","0","6.75","Handball 16"
"Run Like Hell!","10011","Run Like Hell!","40080","900","585","1","3","0","0","44.53","Run Like Hell!"
"Higurashi When They Cry Hou","10012","Higurashi When They Cry Hou","40020","13620","50","2","30","0","0","2.94","Higurashi When They Cry Hou"
"Atomic 79","10013","Atomic 79","40020","7800","29","2","29","0","0","5.13","Atomic 79"
"Final Approach","10014","Final Approach","40020","2160","249","1","5","0","0","18.53","Final Approach"
"Shinobi Master Senran Kagura: New Link","10015","Shinobi Master Senran Kagura: New Link","40020","7980","180","3","2","0","0","5.02","Shinobi Master Senran Kagura: New Link"
"Toy Story 3: The Video Game","10016","Toy Story 3: The Video Game","40020","12000","84","2","38","0","0","3.34","Toy Story 3: The Video Game"
"Sam & Max Episode 201: Ice Station Santa","10017","Sam & Max Episode 201: Ice Station Santa","40020","5460","80","2","24","0","0","7.33","Sam & Max Episode 201: Ice Station Santa"
"Halo: Spartan Assault","10018","Halo: Spartan Assault","39960","29940","25","2","167","0","0","1.33","Halo: Spartan Assault"
"OverKill","10019","OverKill","39960","3420","541","2","19","0","0","11.68","OverKill"
"A Step Into Darkness","10020","A Step Into Darkness","39960","4500","277","2","40","0","0","8.88","A Step Into Darkness"
"Soccer Tsuku DS: World Challenge 2010","10021","Soccer Tsuku DS: World Challenge 2010","39960","120","757","1","1","0","0","333","Soccer Tsuku DS: World Challenge 2010"
"LEGO Indiana Jones 2: The Adventure Continues","10022","LEGO Indiana Jones 2: The Adventure Continues","39900","16380","27","1","33","0","0","2.44","LEGO Indiana Jones 2: The Adventure Continues"
"ArmA: Cold War Assault","10023","ArmA: Cold War Assault","39900","18840","34","2","57","0","0","2.12","ArmA: Cold War Assault"
"The Da Vinci Code","10024","The Da Vinci Code","39840","3840","220","1","10","0","0","10.38","The Da Vinci Code"
"Burnout Dominator","10025","Burnout Dominator","39840","12600","36","2","20","0","0","3.16","Burnout Dominator"
"Crossfire 2","10026","Crossfire 2","39840","7680","102","2","20","0","0","5.19","Crossfire 2"
"Pickers","10027","Pickers","39840","3120","100","1","4","0","0","12.77","Pickers"
"Wii Fit","10028","Wii Fit","39840","1380","212","1","6","0","0","28.87","Wii Fit"
"Donald Land","10029","Donald Land","39840","3120","99","1","8","0","0","12.77","Donald Land"
"SpongeBob SquarePants: Employee of the Month","10030","SpongeBob SquarePants: Employee of the Month","39840","1620","648","1","11","0","0","24.59","SpongeBob SquarePants: Employee of the Month"
"Industrial Spy: Operation Espionage","10031","Industrial Spy: Operation Espionage","39840","2940","246","2","5","0","0","13.55","Industrial Spy: Operation Espionage"
"Reservoir Dogs","10032","Reservoir Dogs","39780","1800","470","1","11","0","0","22.1","Reservoir Dogs"
"Zork: Grand Inquisitor","10033","Zork: Grand Inquisitor","39780","6480","50","1","18","0","0","6.14","Zork: Grand Inquisitor"
"Sherlock Holmes and the Hound of the Baskervilles","10034","Sherlock Holmes and the Hound of the Baskervilles","39780","2460","113","2","6","0","0","16.17","Sherlock Holmes and the Hound of the Baskervilles"
"Hex","10035","Hex","39780","8160","185","1","27","0","0","4.88","Hex"
"Virtua Tennis 3","10036","Virtua Tennis 3","39720","1440","98","1","6","0","0","27.58","Virtua Tennis 3"
"Mario Golf: World Tour","10037","Mario Golf: World Tour","39720","8400","73","2","18","0","0","4.73","Mario Golf: World Tour"
"Scarface: Money. Power. Respect.","10038","Scarface: Money. Power. Respect.","39720","2580","92","1","5","0","0","15.4","Scarface: Money. Power. Respect."
"Dujanah","10039","Dujanah","39720","1980","200","2","7","0","0","20.06","Dujanah"
"Refrain no Chika Meikyuu to Majo no Ryodan","10040","Refrain no Chika Meikyuu to Majo no Ryodan","39660","4800","25","2","3","0","0","8.26","Refrain no Chika Meikyuu to Majo no Ryodan"
"Dreamstones","10041","Dreamstones","39660","3840","67","4","14","0","0","10.33","Dreamstones"
"Star Wars: Episode III - Revenge of the Sith","10042","Star Wars: Episode III - Revenge of the Sith","39660","9780","44","2","38","0","0","4.06","Star Wars: Episode III - Revenge of the Sith"
"Clue","10043","Clue","39660","6780","41","1","19","0","0","5.85","Clue"
"The Novelist","10044","The Novelist","39600","5400","95","1","28","0","0","7.33","The Novelist"
"Celestial Command","10045","Celestial Command","39600","3720","160","1","15","0","0","10.65","Celestial Command"
"Prime Target","10046","Prime Target","39600","1320","500","1","2","0","0","30","Prime Target"
"Adventure of Little Ralph","10047","Adventure of Little Ralph","39540","1260","176","1","7","0","0","31.38","Adventure of Little Ralph"
"Bone: Out from Boneville","10048","Bone: Out from Boneville","39540","6840","656","1","16","0","0","5.78","Bone: Out from Boneville"
"Sound Shapes","10049","Sound Shapes","39540","30540","22","2","126","0","0","1.29","Sound Shapes"
"Tales of Hearts R","10050","Tales of Hearts R","39480","10920","20","2","8","0","0","3.62","Tales of Hearts R"
"Gary Grigsby's War in the East","10051","Gary Grigsby's War in the East","39480","14400","80","2","19","0","0","2.74","Gary Grigsby's War in the East"
"Cardfight!! Vanguard: Ride to Victory!!","10052","Cardfight!! Vanguard: Ride to Victory!!","39480","9360","20","3","11","0","0","4.22","Cardfight!! Vanguard: Ride to Victory!!"
"Kirby's Block Ball","10053","Kirby's Block Ball","39480","7200","49","1","15","0","0","5.48","Kirby's Block Ball"
"Shining Force: Resurrection of the Dark Dragon","10054","Shining Force: Resurrection of the Dark Dragon","39480","6960","51","2","18","0","0","5.67","Shining Force: Resurrection of the Dark Dragon"
"Nancy Drew","10055","Nancy Drew","39480","9660","26","3","14","0","0","4.09","Nancy Drew"
"The Consuming Shadow","10056","The Consuming Shadow","39480","9480","57","2","33","0","0","4.16","The Consuming Shadow"
"Barunba","10057","Barunba","39480","360","685","1","3","0","0","109.67","Barunba"
"The Black Cauldron","10058","The Black Cauldron","39420","1080","79","1","1","0","0","36.5","The Black Cauldron"
"Fjong","10059","Fjong","39360","6780","68","2","63","0","0","5.81","Fjong"
"Micro Machines","10060","Micro Machines","39300","7680","197","1","32","0","0","5.12","Micro Machines"
"Dynasty Warriors 5","10061","Dynasty Warriors 5","39300","10380","20","1","29","0","0","3.79","Dynasty Warriors 5"
"Black Rock Shooter","10062","Black Rock Shooter","39300","11940","21","1","26","0","0","3.29","Black Rock Shooter"
"Snake","10063","Snake","39240","8460","85","2","47","0","0","4.64","Snake"
"Touhou Sky Arena","10064","Touhou Sky Arena","39240","1620","504","1","6","0","0","24.22","Touhou Sky Arena"
"Anubis II","10065","Anubis II","39240","600","344","1","5","0","0","65.4","Anubis II"
"Rolan's Curse 2","10066","Rolan's Curse 2","39180","1200","409","2","3","0","0","32.65","Rolan's Curse 2"
"Dark Years","10067","Dark Years","39180","660","119","1","1","0","0","59.36","Dark Years"
"Death Trap","10068","Death Trap","39180","4800","465","3","30","0","0","8.16","Death Trap"
"Heads Up!","10069","Heads Up!","39180","960","132","1","4","0","0","40.81","Heads Up!"
"Fight The Dragon","10070","Fight The Dragon","39180","10080","55","2","38","0","0","3.89","Fight The Dragon"
"Color Guardians","10071","Color Guardians","39180","24540","58","2","130","0","0","1.6","Color Guardians"
"Test Drive 4","10072","Test Drive 4","39180","31200","178","2","51","0","0","1.26","Test Drive 4"
"Archeblade","10073","Archeblade","39120","8220","129","5","43","0","0","4.76","Archeblade"
"WWF Attitude","10074","WWF Attitude","39120","4920","386","2","15","0","0","7.95","WWF Attitude"
"Horse Racing","10075","Horse Racing","39120","34440","167","2","11","0","0","1.14","Horse Racing"
"Syobon Action","10076","Syobon Action","39060","6960","111","2","47","0","0","5.61","Syobon Action"
"Star Wars: DroidWorks","10077","Star Wars: DroidWorks","39060","540","604","1","0","0","0","72.33","Star Wars: DroidWorks"
"Snowball Run","10078","Snowball Run","39060","60","674","1","1","0","0","651","Snowball Run"
"Shooty Fruity","10079","Shooty Fruity","39000","4740","360","2","1","0","0","8.23","Shooty Fruity"
"The Journeyman Project 3: Legacy of Time","10080","The Journeyman Project 3: Legacy of Time","39000","2220","59","1","3","0","0","17.57","The Journeyman Project 3: Legacy of Time"
"Horsez","10081","Horsez","39000","2340","337","1","12","0","0","16.67","Horsez"
"Jersey Devil","10082","Jersey Devil","38940","15480","21","2","20","0","0","2.52","Jersey Devil"
"Free Realms","10083","Free Realms","38940","7800","50","2","10","0","0","4.99","Free Realms"
"Hazelnut Bastille","10084","Hazelnut Bastille","38940","1200","270","1","10","0","0","32.45","Hazelnut Bastille"
"Sheila Rae the Brave","10085","Sheila Rae the Brave","38820","120","358","1","1","0","0","323.5","Sheila Rae the Brave"
"Eiyuu Senki: The World Conquest","10086","Eiyuu Senki: The World Conquest","38820","13800","39","2","19","0","0","2.81","Eiyuu Senki: The World Conquest"
"Retro Atari Classics","10087","Retro Atari Classics","38820","3360","306","1","11","0","0","11.55","Retro Atari Classics"
"Iron Brigade","10088","Iron Brigade","38820","32520","20","2","114","0","0","1.19","Iron Brigade"
"MotorStorm: Pacific Rift","10089","MotorStorm: Pacific Rift","38820","1080","252","1","4","0","0","35.94","MotorStorm: Pacific Rift"
"Dragon Ball Z: Budokai HD Collection","10090","Dragon Ball Z: Budokai HD Collection","38820","12840","58","2","41","0","0","3.02","Dragon Ball Z: Budokai HD Collection"
"Our Darker Purpose","10091","Our Darker Purpose","38760","14580","87","2","51","0","0","2.66","Our Darker Purpose"
"Cabela's Dangerous Hunts 2","10092","Cabela's Dangerous Hunts 2","38760","1020","123","1","3","0","0","38","Cabela's Dangerous Hunts 2"
"Samurai Jack: The Shadow of Aku","10093","Samurai Jack: The Shadow of Aku","38760","4740","596","1","21","0","0","8.18","Samurai Jack: The Shadow of Aku"
"P.T.O.: Pacific Theater of Operations","10094","P.T.O.: Pacific Theater of Operations","38760","3420","68","1","1","0","0","11.33","P.T.O.: Pacific Theater of Operations"
"Garry Kitchen's Super Battletank: War in the Gulf","10095","Garry Kitchen's Super Battletank: War in the Gulf","38700","1020","99","1","5","0","0","37.94","Garry Kitchen's Super Battletank: War in the Gulf"
"Argentum Online","10096","Argentum Online","38700","8580","228","2","20","0","0","4.51","Argentum Online"
"Die Siedler: Das Erbe der Könige (Gold Edition)","10097","Die Siedler: Das Erbe der Könige (Gold Edition)","38700","11100","127","2","49","0","0","3.49","Die Siedler: Das Erbe der Könige (Gold Edition)"
"Tactics Ogre: The Knight of Lodis","10098","Tactics Ogre: The Knight of Lodis","38700","9600","37","2","22","0","0","4.03","Tactics Ogre: The Knight of Lodis"
"Drakan: The Ancients' Gates","10099","Drakan: The Ancients' Gates","38640","4680","30","2","13","0","0","8.26","Drakan: The Ancients' Gates"
"Bad Mojo Redux","10100","Bad Mojo Redux","38640","2700","84","1","12","0","0","14.31","Bad Mojo Redux"