"","","Game","Watch time","Stream time","Peak viewers","Peak channels","Streamers","Average viewers","Average channels","Average viewer ratio",""
"8Ball Allstars","8701","8Ball Allstars","65400","1980","666","1","14","0","0","33.03","8Ball Allstars"
"Build-A-Bear Workshop","8702","Build-A-Bear Workshop","65340","540","379","1","2","0","0","121","Build-A-Bear Workshop"
"Aikatsu Photo on Stage","8703","Aikatsu Photo on Stage","65280","15720","26","2","8","0","0","4.15","Aikatsu Photo on Stage"
"Bubble Bobble also featuring Rainbow Islands","8704","Bubble Bobble also featuring Rainbow Islands","65220","840","363","1","6","0","0","77.64","Bubble Bobble also featuring Rainbow Islands"
"Armored Core: Verdict Day","8705","Armored Core: Verdict Day","65220","22680","70","2","19","0","0","2.88","Armored Core: Verdict Day"
"Shadow of Rome","8706","Shadow of Rome","65160","4500","121","1","10","0","0","14.48","Shadow of Rome"
"Transmissions: Element 120","8707","Transmissions: Element 120","65160","26040","48","2","189","0","0","2.5","Transmissions: Element 120"
"Defense Grid 2","8708","Defense Grid 2","65100","61680","45","3","165","0","0","1.06","Defense Grid 2"
"Prince of Persia 2: The Shadow & The Flame","8709","Prince of Persia 2: The Shadow & The Flame","65040","6840","110","1","25","0","0","9.51","Prince of Persia 2: The Shadow & The Flame"
"Batman: Rise of Sin Tzu","8710","Batman: Rise of Sin Tzu","65040","2280","213","2","14","0","0","28.53","Batman: Rise of Sin Tzu"
"New York Mysteries: Secrets of the Mafia","8711","New York Mysteries: Secrets of the Mafia","65040","11040","47","1","12","0","0","5.89","New York Mysteries: Secrets of the Mafia"
"Fishie Fishie","8712","Fishie Fishie","65040","780","395","2","2","0","0","83.38","Fishie Fishie"
"Rapid Reload","8713","Rapid Reload","64980","3780","61","1","7","0","0","17.19","Rapid Reload"
"Theatrhythm Final Fantasy","8714","Theatrhythm Final Fantasy","64980","1980","484","1","12","0","0","32.82","Theatrhythm Final Fantasy"
"Gear Up","8715","Gear Up","64980","21840","59","3","137","0","0","2.98","Gear Up"
"The Next Penelope: Race to Odysseus","8716","The Next Penelope: Race to Odysseus","64920","1140","526","1","5","0","0","56.95","The Next Penelope: Race to Odysseus"
"WWF WrestleMania Challenge","8717","WWF WrestleMania Challenge","64920","840","349","1","6","0","0","77.29","WWF WrestleMania Challenge"
"Harry Potter: Quidditch World Cup","8718","Harry Potter: Quidditch World Cup","64860","9780","94","2","48","0","0","6.63","Harry Potter: Quidditch World Cup"
"The Valley","8719","The Valley","64860","3420","161","2","11","0","0","18.96","The Valley"
"Champions of Regnum","8720","Champions of Regnum","64800","41160","26","2","49","0","0","1.57","Champions of Regnum"
"Wacky Wheels","8721","Wacky Wheels","64740","3240","586","1","17","0","0","19.98","Wacky Wheels"
"Daze Before Christmas","8722","Daze Before Christmas","64680","7020","194","10","6","0","0","9.21","Daze Before Christmas"
"Metamorphic Force","8723","Metamorphic Force","64680","2280","242","1","4","0","0","28.37","Metamorphic Force"
"NCAA Football 13","8724","NCAA Football 13","64560","2460","122","1","8","0","0","26.24","NCAA Football 13"
"Culdcept Revolt","8725","Culdcept Revolt","64560","8880","32","3","6","0","0","7.27","Culdcept Revolt"
"Milkmaid of the Milky Way","8726","Milkmaid of the Milky Way","64560","4380","224","1","17","0","0","14.74","Milkmaid of the Milky Way"
"Livelock","8727","Livelock","64500","36420","49","3","134","0","0","1.77","Livelock"
"Sam & Max: The Devil's Playhouse","8728","Sam & Max: The Devil's Playhouse","64500","7560","87","2","13","0","0","8.53","Sam & Max: The Devil's Playhouse"
"Schlag den Raab – Das 2. Spiel","8729","Schlag den Raab – Das 2. Spiel","64500","1140","263","1","6","0","0","56.58","Schlag den Raab – Das 2. Spiel"
"Mary-Kate and Ashley: Sweet 16: Licensed to Drive","8730","Mary-Kate and Ashley: Sweet 16: Licensed to Drive","64440","780","426","1","8","0","0","82.62","Mary-Kate and Ashley: Sweet 16: Licensed to Drive"
"Expeditions: Conquistador","8731","Expeditions: Conquistador","64440","11340","264","1","22","0","0","5.68","Expeditions: Conquistador"
"NoLimits Roller Coaster Simulation","8732","NoLimits Roller Coaster Simulation","64440","17520","75","6","50","0","0","3.68","NoLimits Roller Coaster Simulation"
"Juggernaut","8733","Juggernaut","64380","3180","47","1","5","0","0","20.25","Juggernaut"
"Madden NFL 06","8734","Madden NFL 06","64380","2040","96","1","3","0","0","31.56","Madden NFL 06"
"Commandos: Beyond the Call of Duty","8735","Commandos: Beyond the Call of Duty","64320","6480","397","2","15","0","0","9.93","Commandos: Beyond the Call of Duty"
"Implosion","8736","Implosion","64320","5220","190","2","38","0","0","12.32","Implosion"
"The Flower Shop: Summer in Fairbrook","8737","The Flower Shop: Summer in Fairbrook","64320","2280","95","1","3","0","0","28.21","The Flower Shop: Summer in Fairbrook"
"Gun.Smoke","8738","Gun.Smoke","64260","4860","103","4","24","0","0","13.22","Gun.Smoke"
"Glare","8739","Glare","64260","1020","1089","1","3","0","0","63","Glare"
"SpongeBob SquarePants","8740","SpongeBob SquarePants","64200","11460","502","2","28","0","0","5.6","SpongeBob SquarePants"
"Yume 2kki","8741","Yume 2kki","64200","17580","106","2","31","0","0","3.65","Yume 2kki"
"Track & Field II","8742","Track & Field II","64200","1020","369","1","8","0","0","62.94","Track & Field II"
"Battle of Britain","8743","Battle of Britain","64200","540","503","1","2","0","0","118.89","Battle of Britain"
"Osu!! Karate Bu","8744","Osu!! Karate Bu","64140","25200","54","2","79","0","0","2.55","Osu!! Karate Bu"
"Black","8745","Black","64140","13740","305","2","77","0","0","4.67","Black"
"Before the Echo","8746","Before the Echo","64080","8820","272","2","29","0","0","7.27","Before the Echo"
"Doctor Who: The Eternity Clock","8747","Doctor Who: The Eternity Clock","64080","8580","59","2","23","0","0","7.47","Doctor Who: The Eternity Clock"
"Race 07: The Official WTCC Game","8748","Race 07: The Official WTCC Game","64020","40080","16","3","61","0","0","1.6","Race 07: The Official WTCC Game"
"Space Hulk Ascension","8749","Space Hulk Ascension","64020","15600","144","1","41","0","0","4.1","Space Hulk Ascension"
"Mobile Suit Gundam: Federation vs. Zeon","8750","Mobile Suit Gundam: Federation vs. Zeon","64020","15660","13","1","24","0","0","4.09","Mobile Suit Gundam: Federation vs. Zeon"
"Operation Abyss: New Tokyo Legacy","8751","Operation Abyss: New Tokyo Legacy","64020","19320","26","2","41","0","0","3.31","Operation Abyss: New Tokyo Legacy"
"Yoru no Nai Kuni","8752","Yoru no Nai Kuni","64020","8220","48","1","13","0","0","7.79","Yoru no Nai Kuni"
"Madden NFL Arcade","8753","Madden NFL Arcade","63960","1020","153","1","3","0","0","62.71","Madden NFL Arcade"
"007: The World is Not Enough","8754","007: The World is Not Enough","63960","17940","264","3","40","0","0","3.57","007: The World is Not Enough"
"Nancy Drew: The Secret of the Scarlet Hand","8755","Nancy Drew: The Secret of the Scarlet Hand","63900","5580","119","1","9","0","0","11.45","Nancy Drew: The Secret of the Scarlet Hand"
"Super Mustache","8756","Super Mustache","63900","8880","304","1","55","0","0","7.2","Super Mustache"
"Tiny Echo","8757","Tiny Echo","63900","9240","91","2","58","0","0","6.92","Tiny Echo"
"Space Run Galaxy","8758","Space Run Galaxy","63840","24120","38","3","78","0","0","2.65","Space Run Galaxy"
"Relic Hunters Zero","8759","Relic Hunters Zero","63840","28740","64","3","162","0","0","2.22","Relic Hunters Zero"
"Countdown","8760","Countdown","63840","7380","737","2","25","0","0","8.65","Countdown"
"Myst IV: Revelation","8761","Myst IV: Revelation","63780","16140","42","2","13","0","0","3.95","Myst IV: Revelation"
"Guilty Gear XX Λ Core","8762","Guilty Gear XX Λ Core","63780","1740","217","1","7","0","0","36.66","Guilty Gear XX Λ Core"
"Dead Horde","8763","Dead Horde","63720","1020","409","2","3","0","0","62.47","Dead Horde"
"Fighters Uncaged","8764","Fighters Uncaged","63720","660","1036","1","4","0","0","96.55","Fighters Uncaged"
"Knight 'n' Grail","8765","Knight 'n' Grail","63720","68280","10","1","2","0","0","0.93","Knight 'n' Grail"
"Ar tonelico Qoga: Knell of Ar Ciel","8766","Ar tonelico Qoga: Knell of Ar Ciel","63720","45300","20","2","12","0","0","1.41","Ar tonelico Qoga: Knell of Ar Ciel"
"Speed Demons","8767","Speed Demons","63720","2400","58","1","1","0","0","26.55","Speed Demons"
"King's Field II","8768","King's Field II","63600","13200","33","2","24","0","0","4.82","King's Field II"
"Chicken","8769","Chicken","63600","37380","156","2","13","0","0","1.7","Chicken"
"WazHack","8770","WazHack","63600","30900","34","2","39","0","0","2.06","WazHack"
"Wallace & Gromit's Grand Adventures Episode 1: Fright of the Bumblebees","8771","Wallace & Gromit's Grand Adventures Episode 1: Fright of the Bumblebees","63540","9120","129","1","20","0","0","6.97","Wallace & Gromit's Grand Adventures Episode 1: Fright of the Bumblebees"
"Mario Bros. II","8772","Mario Bros. II","63540","10140","288","2","38","0","0","6.27","Mario Bros. II"
"Hollywood Squares","8773","Hollywood Squares","63540","1680","430","1","8","0","0","37.82","Hollywood Squares"
"RAID","8774","RAID","63540","7860","29","2","27","0","0","8.08","RAID"
"Frozen State","8775","Frozen State","63540","4560","415","2","26","0","0","13.93","Frozen State"
"46 Okunen Monogatari: The Shinka Ron","8776","46 Okunen Monogatari: The Shinka Ron","63540","3840","108","4","10","0","0","16.55","46 Okunen Monogatari: The Shinka Ron"
"Touhou: Genso Wanderer","8777","Touhou: Genso Wanderer","63540","33000","24","2","79","0","0","1.93","Touhou: Genso Wanderer"
"Sega Classics Collection","8778","Sega Classics Collection","63480","32940","43","2","141","0","0","1.93","Sega Classics Collection"
"Sonic Mega Collection","8779","Sonic Mega Collection","63480","18720","61","4","81","0","0","3.39","Sonic Mega Collection"
"Senran Kagura Burst","8780","Senran Kagura Burst","63480","3480","161","1","10","0","0","18.24","Senran Kagura Burst"
"Kal Online","8781","Kal Online","63420","35280","56","3","46","0","0","1.8","Kal Online"
"Indiana Jones and the Infernal Machine","8782","Indiana Jones and the Infernal Machine","63420","8460","41","1","13","0","0","7.5","Indiana Jones and the Infernal Machine"
"Stream Avatars","8783","Stream Avatars","63360","60900","21","2","15","0","0","1.04","Stream Avatars"
"Pirates of the Caribbean","8784","Pirates of the Caribbean","63300","21600","73","3","56","0","0","2.93","Pirates of the Caribbean"
"Hay Day","8785","Hay Day","63300","44160","55","2","94","0","0","1.43","Hay Day"
"Anomaly 2","8786","Anomaly 2","63300","6000","294","1","24","0","0","10.55","Anomaly 2"
"F1 2012","8787","F1 2012","63240","28320","58","3","106","0","0","2.23","F1 2012"
"Crystal Rift","8788","Crystal Rift","63240","12000","670","2","51","0","0","5.27","Crystal Rift"
"VATSIM","8789","VATSIM","63240","51180","16","3","46","0","0","1.24","VATSIM"
"Double Kick Heroes","8790","Double Kick Heroes","63120","1560","661","2","12","0","0","40.46","Double Kick Heroes"
"Rugrats Studio Tour","8791","Rugrats Studio Tour","63120","3420","855","1","13","0","0","18.46","Rugrats Studio Tour"
"Musaic Box","8792","Musaic Box","63120","2100","106","2","5","0","0","30.06","Musaic Box"
"Rohan Online: Blood Feud","8793","Rohan Online: Blood Feud","63120","16740","158","3","33","0","0","3.77","Rohan Online: Blood Feud"
"Catwoman","8794","Catwoman","63120","3660","198","1","20","0","0","17.25","Catwoman"
"Qbeh-1: The Atlas Cube","8795","Qbeh-1: The Atlas Cube","63060","8220","303","1","25","0","0","7.67","Qbeh-1: The Atlas Cube"
"Anno 1800","8796","Anno 1800","63000","420","622","2","1","0","0","150","Anno 1800"
"Sadness","8797","Sadness","62940","26460","61","2","15","0","0","2.38","Sadness"
"Doorways: The Underworld","8798","Doorways: The Underworld","62880","10440","97","1","43","0","0","6.02","Doorways: The Underworld"
"Flowers","8799","Flowers","62880","7620","279","2","15","0","0","8.25","Flowers"
"Space Rangers 2: Reboot","8800","Space Rangers 2: Reboot","62820","17880","25","2","33","0","0","3.51","Space Rangers 2: Reboot"