"","","Game","Watch time","Stream time","Peak viewers","Peak channels","Streamers","Average viewers","Average channels","Average viewer ratio",""
"Night Shift","11001","Night Shift","28560","1140","154","1","8","0","0","25.05","Night Shift"
"Sword Master","11002","Sword Master","28560","3900","52","1","7","0","0","7.32","Sword Master"
"Monster Tale","11003","Monster Tale","28560","3360","28","1","7","0","0","8.5","Monster Tale"
"Umineko no Naku Koro ni Chiru ~Nocturne of Truth and Illusion~","11004","Umineko no Naku Koro ni Chiru ~Nocturne of Truth and Illusion~","28560","10740","23","1","5","0","0","2.66","Umineko no Naku Koro ni Chiru ~Nocturne of Truth and Illusion~"
"Angry Birds","11005","Angry Birds","28560","9900","93","1","48","0","0","2.88","Angry Birds"
"Bad Dudes","11006","Bad Dudes","28560","4920","83","2","26","0","0","5.8","Bad Dudes"
"Mother 1+2","11007","Mother 1+2","28560","13800","21","2","36","0","0","2.07","Mother 1+2"
"Alien Breed","11008","Alien Breed","28500","3420","125","1","18","0","0","8.33","Alien Breed"
"Planet of the Eyes","11009","Planet of the Eyes","28500","6480","118","1","35","0","0","4.4","Planet of the Eyes"
"pop'n music FEVER!","11010","pop'n music FEVER!","28500","3840","35","1","8","0","0","7.42","pop'n music FEVER!"
"The Last Airbender","11011","The Last Airbender","28500","1620","120","1","7","0","0","17.59","The Last Airbender"
"Trucks & Trailers","11012","Trucks & Trailers","28500","1740","158","1","13","0","0","16.38","Trucks & Trailers"
"Fragments of Him","11013","Fragments of Him","28500","7320","48","2","37","0","0","3.89","Fragments of Him"
"Alternative Girls","11014","Alternative Girls","28440","19920","23","2","24","0","0","1.43","Alternative Girls"
"Pink Hour","11015","Pink Hour","28440","6300","41","1","24","0","0","4.51","Pink Hour"
"Bomb Jack","11016","Bomb Jack","28440","2220","28","1","4","0","0","12.81","Bomb Jack"
"Atelier Iris 2: The Azoth of Destiny","11017","Atelier Iris 2: The Azoth of Destiny","28440","7080","18","1","6","0","0","4.02","Atelier Iris 2: The Azoth of Destiny"
"Rugby League Live 3","11018","Rugby League Live 3","28440","26400","64","2","58","0","0","1.08","Rugby League Live 3"
"Neutopia","11019","Neutopia","28380","7860","47","1","16","0","0","3.61","Neutopia"
"Lost Constellation","11020","Lost Constellation","28380","5820","58","1","37","0","0","4.88","Lost Constellation"
"Divide","11021","Divide","28380","5040","52","2","21","0","0","5.63","Divide"
"Piano Tiles 2","11022","Piano Tiles 2","28380","25380","20","2","113","0","0","1.12","Piano Tiles 2"
"Gods of Olympus","11023","Gods of Olympus","28380","2340","73","1","1","0","0","12.13","Gods of Olympus"
"Period Cube: Shackles of Amadeus","11024","Period Cube: Shackles of Amadeus","28320","780","165","1","2","0","0","36.31","Period Cube: Shackles of Amadeus"
"Galaxy Fight: Universal Warriors","11025","Galaxy Fight: Universal Warriors","28320","13200","14","1","7","0","0","2.15","Galaxy Fight: Universal Warriors"
"Prince of Persia Trilogy","11026","Prince of Persia Trilogy","28260","12840","24","2","26","0","0","2.2","Prince of Persia Trilogy"
"Dark Shadows - Army of Evil","11027","Dark Shadows - Army of Evil","28260","720","416","1","3","0","0","39.25","Dark Shadows - Army of Evil"
"TinStar","11028","TinStar","28260","5700","47","1","5","0","0","4.96","TinStar"
"Who Framed Roger Rabbit","11029","Who Framed Roger Rabbit","28260","2820","65","2","4","0","0","10.02","Who Framed Roger Rabbit"
"Disney Epic Mickey","11030","Disney Epic Mickey","28260","10260","31","2","25","0","0","2.75","Disney Epic Mickey"
"Kamen Rider Dragon Knight","11031","Kamen Rider Dragon Knight","28260","180","243","1","2","0","0","157","Kamen Rider Dragon Knight"
"Gyruss","11032","Gyruss","28200","6120","93","1","22","0","0","4.61","Gyruss"
"World of Zoo","11033","World of Zoo","28200","1140","385","1","7","0","0","24.74","World of Zoo"
"J.U.L.I.A. Among the Stars","11034","J.U.L.I.A. Among the Stars","28200","2520","74","1","5","0","0","11.19","J.U.L.I.A. Among the Stars"
"Exit","11035","Exit","28200","3480","36","2","9","0","0","8.1","Exit"
"Nancy Drew: The Shattered Medallion","11036","Nancy Drew: The Shattered Medallion","28200","4800","17","1","10","0","0","5.88","Nancy Drew: The Shattered Medallion"
"Twin Cobra","11037","Twin Cobra","28200","2460","47","1","10","0","0","11.46","Twin Cobra"
"WWF Betrayal","11038","WWF Betrayal","28140","1560","399","1","7","0","0","18.04","WWF Betrayal"
"Death by Degrees","11039","Death by Degrees","28140","6120","192","2","13","0","0","4.6","Death by Degrees"
"Skeleton Krew","11040","Skeleton Krew","28140","960","214","1","4","0","0","29.31","Skeleton Krew"
"Dwarfs!?","11041","Dwarfs!?","28140","14160","21","2","65","0","0","1.99","Dwarfs!?"
"Power Up","11042","Power Up","28140","600","171","2","3","0","0","46.9","Power Up"
"Remnants of Naezith","11043","Remnants of Naezith","28140","6540","22","1","15","0","0","4.3","Remnants of Naezith"
"OPUS: The Day We Found Earth","11044","OPUS: The Day We Found Earth","28140","2040","363","1","10","0","0","13.79","OPUS: The Day We Found Earth"
"S.C.A.R.S.","11045","S.C.A.R.S.","28080","1080","354","1","7","0","0","26","S.C.A.R.S."
"Pizza Delivery Boy","11046","Pizza Delivery Boy","28080","480","440","1","6","0","0","58.5","Pizza Delivery Boy"
"Europa 1400: The Guild","11047","Europa 1400: The Guild","28080","2820","68","1","11","0","0","9.96","Europa 1400: The Guild"
"Hidden & Dangerous Deluxe","11048","Hidden & Dangerous Deluxe","28020","1020","110","1","4","0","0","27.47","Hidden & Dangerous Deluxe"
"LIT","11049","LIT","28020","3960","136","1","16","0","0","7.08","LIT"
"Magical Drop V","11050","Magical Drop V","28020","3480","183","1","24","0","0","8.05","Magical Drop V"
"Drift","11051","Drift","28020","7500","188","2","34","0","0","3.74","Drift"
"Abadox: The Deadly Inner War","11052","Abadox: The Deadly Inner War","28020","1740","214","3","11","0","0","16.1","Abadox: The Deadly Inner War"
"Clicker Guild","11053","Clicker Guild","28020","13440","9","1","16","0","0","2.08","Clicker Guild"
"Factotum 90","11054","Factotum 90","28020","660","108","1","4","0","0","42.45","Factotum 90"
"Kono Subarashii Sekai ni Shukufuku o! In The Life","11055","Kono Subarashii Sekai ni Shukufuku o! In The Life","27960","2820","123","3","18","0","0","9.91","Kono Subarashii Sekai ni Shukufuku o! In The Life"
"Firefox","11056","Firefox","27960","9240","76","2","53","0","0","3.03","Firefox"
"Legendary Wings","11057","Legendary Wings","27960","1020","107","1","6","0","0","27.41","Legendary Wings"
"Wii Music","11058","Wii Music","27960","4140","108","1","17","0","0","6.75","Wii Music"
"Strong Bad's Cool Game for Attractive People","11059","Strong Bad's Cool Game for Attractive People","27900","4860","27","2","13","0","0","5.74","Strong Bad's Cool Game for Attractive People"
"Justice League Heroes: The Flash","11060","Justice League Heroes: The Flash","27900","1320","117","1","2","0","0","21.14","Justice League Heroes: The Flash"
"The Lion King: Simba's Big Adventure","11061","The Lion King: Simba's Big Adventure","27900","1500","171","3","9","0","0","18.6","The Lion King: Simba's Big Adventure"
"Battle Islands","11062","Battle Islands","27900","34860","13","2","136","0","0","0.8","Battle Islands"
"Starfall Online","11063","Starfall Online","27900","1620","29","1","3","0","0","17.22","Starfall Online"
"Ant-gravity: Tiny's Adventure","11064","Ant-gravity: Tiny's Adventure","27840","2820","126","1","4","0","0","9.87","Ant-gravity: Tiny's Adventure"
"Bit Evolution","11065","Bit Evolution","27840","5940","136","1","14","0","0","4.69","Bit Evolution"
"Yi and the Thousand Moons","11066","Yi and the Thousand Moons","27840","240","298","1","1","0","0","116","Yi and the Thousand Moons"
"Guardian's Crusade","11067","Guardian's Crusade","27840","8700","35","1","21","0","0","3.2","Guardian's Crusade"
"Futurama","11068","Futurama","27840","11640","26","2","38","0","0","2.39","Futurama"
"Blood of the Werewolf","11069","Blood of the Werewolf","27840","2220","137","1","17","0","0","12.54","Blood of the Werewolf"
"The Pirates of Dark Water","11070","The Pirates of Dark Water","27840","4020","116","1","18","0","0","6.93","The Pirates of Dark Water"
"Emergency Fire Response","11071","Emergency Fire Response","27780","23280","5","1","1","0","0","1.19","Emergency Fire Response"
"Disciples III: Renaissance","11072","Disciples III: Renaissance","27780","16140","40","2","16","0","0","1.72","Disciples III: Renaissance"
"F.E.A.R. 2: Reborn","11073","F.E.A.R. 2: Reborn","27780","7440","114","2","38","0","0","3.73","F.E.A.R. 2: Reborn"
"Where in the World is Carmen Sandiego?","11074","Where in the World is Carmen Sandiego?","27780","4320","105","1","27","0","0","6.43","Where in the World is Carmen Sandiego?"
"They","11075","They","27780","4560","137","2","1","0","0","6.09","They"
"Cat Simulator","11076","Cat Simulator","27780","780","277","1","3","0","0","35.62","Cat Simulator"
"Midnight at the Red Light : An Investigation","11077","Midnight at the Red Light : An Investigation","27720","480","137","1","0","0","0","57.75","Midnight at the Red Light : An Investigation"
"Steel Battalion: Line of Contact","11078","Steel Battalion: Line of Contact","27720","960","81","1","2","0","0","28.88","Steel Battalion: Line of Contact"
"Bomberman Live","11079","Bomberman Live","27720","3780","154","1","21","0","0","7.33","Bomberman Live"
"Suikoden I+II","11080","Suikoden I+II","27720","7560","21","1","10","0","0","3.67","Suikoden I+II"
"Samurai Shodown VI","11081","Samurai Shodown VI","27720","16680","107","2","98","0","0","1.66","Samurai Shodown VI"
"Koi-Koi Japan: Hanafuda Playing Cards","11082","Koi-Koi Japan: Hanafuda Playing Cards","27720","6600","76","2","29","0","0","4.2","Koi-Koi Japan: Hanafuda Playing Cards"
"Dead Man's Draw","11083","Dead Man's Draw","27720","1200","171","1","5","0","0","23.1","Dead Man's Draw"
"GameRoom","11084","GameRoom","27720","9000","24","2","22","0","0","3.08","GameRoom"
"Video Chess","11085","Video Chess","27660","15420","159","1","22","0","0","1.79","Video Chess"
"X-COM: Enforcer","11086","X-COM: Enforcer","27660","3840","146","1","8","0","0","7.2","X-COM: Enforcer"
"Lunar: Sanpo-suru Gakuen","11087","Lunar: Sanpo-suru Gakuen","27660","300","105","1","1","0","0","92.2","Lunar: Sanpo-suru Gakuen"
"Aladdin: Fate of Agrabah","11088","Aladdin: Fate of Agrabah","27660","3540","99","2","26","0","0","7.81","Aladdin: Fate of Agrabah"
"Chamber of the Sci-Mutant Priestess","11089","Chamber of the Sci-Mutant Priestess","27660","840","48","1","1","0","0","32.93","Chamber of the Sci-Mutant Priestess"
"Project Nimbus","11090","Project Nimbus","27660","4380","201","1","17","0","0","6.32","Project Nimbus"
"Elder Sign: Omens","11091","Elder Sign: Omens","27600","4980","101","1","13","0","0","5.54","Elder Sign: Omens"
"Smuggler's Run: Warzones","11092","Smuggler's Run: Warzones","27600","2040","88","1","2","0","0","13.53","Smuggler's Run: Warzones"
"Mickey's Speedway USA","11093","Mickey's Speedway USA","27600","11280","37","2","18","0","0","2.45","Mickey's Speedway USA"
"The Lawnmower Man","11094","The Lawnmower Man","27600","1020","174","2","7","0","0","27.06","The Lawnmower Man"
"Garfield Lasagna World Tour","11095","Garfield Lasagna World Tour","27540","1680","155","1","10","0","0","16.39","Garfield Lasagna World Tour"
"Armored Core: Last Raven","11096","Armored Core: Last Raven","27540","9480","27","2","17","0","0","2.91","Armored Core: Last Raven"
"Rocky Rodent","11097","Rocky Rodent","27540","2820","140","2","14","0","0","9.77","Rocky Rodent"
"Deadliest Warrior: The Game","11098","Deadliest Warrior: The Game","27540","1560","153","1","7","0","0","17.65","Deadliest Warrior: The Game"
"Dead Block","11099","Dead Block","27540","1020","205","1","6","0","0","27","Dead Block"
"inFamous: Festival of Blood","11100","inFamous: Festival of Blood","27540","2940","103","1","15","0","0","9.37","inFamous: Festival of Blood"