"","","Game","Watch time","Stream time","Peak viewers","Peak channels","Streamers","Average viewers","Average channels","Average viewer ratio",""
"Brunswick Pro Bowling","14201","Brunswick Pro Bowling","9840","5160","21","1","12","0","0","1.91","Brunswick Pro Bowling"
"NBA Live 96","14202","NBA Live 96","9840","1860","54","1","4","0","0","5.29","NBA Live 96"
"The Note","14203","The Note","9840","1980","20","1","15","0","0","4.97","The Note"
"Infernal","14204","Infernal","9840","1860","15","1","5","0","0","5.29","Infernal"
"League of Evil 2","14205","League of Evil 2","9840","10380","11","1","26","0","0","0.95","League of Evil 2"
"Obulis","14206","Obulis","9840","4140","19","2","12","0","0","2.38","Obulis"
"Judge Dredd","14207","Judge Dredd","9840","1800","42","1","8","0","0","5.47","Judge Dredd"
"Hot Wheels: Stunt Track Driver","14208","Hot Wheels: Stunt Track Driver","9840","2400","41","1","14","0","0","4.1","Hot Wheels: Stunt Track Driver"
"Anna's Gram","14209","Anna's Gram","9840","3180","21","1","7","0","0","3.09","Anna's Gram"
"Penny Arcade Adventures: On the Rain-Slick Precipice of Darkness - Episode One","14210","Penny Arcade Adventures: On the Rain-Slick Precipice of Darkness - Episode One","9840","3540","21","1","12","0","0","2.78","Penny Arcade Adventures: On the Rain-Slick Precipice of Darkness - Episode One"
"MechWarrior 4: Vengeance","14211","MechWarrior 4: Vengeance","9840","6180","7","1","13","0","0","1.59","MechWarrior 4: Vengeance"
"Dead Island: Epidemic","14212","Dead Island: Epidemic","9840","3360","72","2","25","0","0","2.93","Dead Island: Epidemic"
"F-Zero: GP Legend","14213","F-Zero: GP Legend","9780","3960","15","1","11","0","0","2.47","F-Zero: GP Legend"
"Tech Romancer","14214","Tech Romancer","9780","2280","20","1","10","0","0","4.29","Tech Romancer"
"Spore Creature Creator","14215","Spore Creature Creator","9780","3060","28","1","22","0","0","3.2","Spore Creature Creator"
"James Pond 2: Codename: RoboCod","14216","James Pond 2: Codename: RoboCod","9780","2460","18","2","10","0","0","3.98","James Pond 2: Codename: RoboCod"
"Penguins Arena: Sedna's World","14217","Penguins Arena: Sedna's World","9780","2220","52","1","16","0","0","4.41","Penguins Arena: Sedna's World"
"Hollywood Monsters","14218","Hollywood Monsters","9780","2280","19","1","5","0","0","4.29","Hollywood Monsters"
"Junk Jack X","14219","Junk Jack X","9780","1920","22","1","5","0","0","5.09","Junk Jack X"
"Twelve Sky","14220","Twelve Sky","9780","9600","4","1","4","0","0","1.02","Twelve Sky"
"Castlevania Judgment","14221","Castlevania Judgment","9780","2340","73","2","12","0","0","4.18","Castlevania Judgment"
"The Goonies","14222","The Goonies","9780","1920","18","1","7","0","0","5.09","The Goonies"
"Shivers 2: Harvest of Souls","14223","Shivers 2: Harvest of Souls","9780","1800","11","1","2","0","0","5.43","Shivers 2: Harvest of Souls"
"NEXT JUMP: Shmup Tactics","14224","NEXT JUMP: Shmup Tactics","9780","1800","38","1","7","0","0","5.43","NEXT JUMP: Shmup Tactics"
"Lazer Tag","14225","Lazer Tag","9780","120","85","1","0","0","0","81.5","Lazer Tag"
"Savage Reign","14226","Savage Reign","9780","12900","20","1","2","0","0","0.76","Savage Reign"
"Aya Go","14227","Aya Go","9780","2400","14","1","2","0","0","4.08","Aya Go"
"Bloody Roar Extreme","14228","Bloody Roar Extreme","9780","5220","10","1","13","0","0","1.87","Bloody Roar Extreme"
"Blobby Online","14229","Blobby Online","9720","900","47","1","4","0","0","10.8","Blobby Online"
"Don't Die, Mr. Robot!","14230","Don't Die, Mr. Robot!","9720","2100","67","1","149","0","0","4.63","Don't Die, Mr. Robot!"
"Music of the Spheres","14231","Music of the Spheres","9720","1440","50","1","12","0","0","6.75","Music of the Spheres"
"Spectral Force","14232","Spectral Force","9720","8700","76","2","7","0","0","1.12","Spectral Force"
"Alteric","14233","Alteric","9720","2580","42","2","13","0","0","3.77","Alteric"
"Girls' Fashion Shoot","14234","Girls' Fashion Shoot","9720","3120","13","1","4","0","0","3.12","Girls' Fashion Shoot"
"Rick and Morty Presents: Jerry's Game","14235","Rick and Morty Presents: Jerry's Game","9720","2760","20","1","7","0","0","3.52","Rick and Morty Presents: Jerry's Game"
"Pylon: Rogue","14236","Pylon: Rogue","9720","1860","18","1","11","0","0","5.23","Pylon: Rogue"
"Warhammer 40,000: Glory in Death","14237","Warhammer 40,000: Glory in Death","9720","660","19","1","0","0","0","14.73","Warhammer 40,000: Glory in Death"
"Witch!","14238","Witch!","9720","540","47","1","1","0","0","18","Witch!"
"Nightmares from the Deep 2: The Siren`s Call","14239","Nightmares from the Deep 2: The Siren`s Call","9720","2700","13","2","8","0","0","3.6","Nightmares from the Deep 2: The Siren`s Call"
"The Seven Deadly Sins: Knights of Britannia","14240","The Seven Deadly Sins: Knights of Britannia","9720","6480","10","2","5","0","0","1.5","The Seven Deadly Sins: Knights of Britannia"
"Dysan the Shapeshifter","14241","Dysan the Shapeshifter","9720","540","69","1","4","0","0","18","Dysan the Shapeshifter"
"Umineko no Naku Koro ni Chiru Episode 8: Twilight of the golden witch","14242","Umineko no Naku Koro ni Chiru Episode 8: Twilight of the golden witch","9720","4200","20","1","5","0","0","2.31","Umineko no Naku Koro ni Chiru Episode 8: Twilight of the golden witch"
"There Was A Caveman","14243","There Was A Caveman","9720","1860","24","1","9","0","0","5.23","There Was A Caveman"
"Spirits and Spells","14244","Spirits and Spells","9720","2580","31","1","9","0","0","3.77","Spirits and Spells"
"Donkey Kong Jr. Math","14245","Donkey Kong Jr. Math","9720","1740","127","1","9","0","0","5.59","Donkey Kong Jr. Math"
"GearCity","14246","GearCity","9720","1500","49","1","7","0","0","6.48","GearCity"
"Heavy Gear Assault","14247","Heavy Gear Assault","9720","2220","34","1","12","0","0","4.38","Heavy Gear Assault"
"Mega Man Battle Network Chrono X","14248","Mega Man Battle Network Chrono X","9720","2220","23","1","4","0","0","4.38","Mega Man Battle Network Chrono X"
"Final Fantasy Chronicles","14249","Final Fantasy Chronicles","9720","3360","58","1","7","0","0","2.89","Final Fantasy Chronicles"
"Croixleur Sigma","14250","Croixleur Sigma","9720","9180","11","2","48","0","0","1.06","Croixleur Sigma"
"Codename: Outbreak","14251","Codename: Outbreak","9660","2280","33","1","5","0","0","4.24","Codename: Outbreak"
"Pac-Man Museum","14252","Pac-Man Museum","9660","7920","23","2","53","0","0","1.22","Pac-Man Museum"
"Warehouse and Logistics Simulator","14253","Warehouse and Logistics Simulator","9660","3180","63","1","12","0","0","3.04","Warehouse and Logistics Simulator"
"Vice: Project Doom","14254","Vice: Project Doom","9660","3480","17","2","22","0","0","2.78","Vice: Project Doom"
"Doom Troopers: Mutant Chronicles","14255","Doom Troopers: Mutant Chronicles","9660","7620","18","1","7","0","0","1.27","Doom Troopers: Mutant Chronicles"
"La-Mulana 2","14256","La-Mulana 2","9660","2820","21","1","10","0","0","3.43","La-Mulana 2"
"CAFE 0 ~The Drowned Mermaid~","14257","CAFE 0 ~The Drowned Mermaid~","9660","240","60","1","2","0","0","40.25","CAFE 0 ~The Drowned Mermaid~"
"Bad Boys: Miami Takedown","14258","Bad Boys: Miami Takedown","9660","2640","20","1","7","0","0","3.66","Bad Boys: Miami Takedown"
"Hoard","14259","Hoard","9660","2100","38","1","13","0","0","4.6","Hoard"
"Scooby-Doo: Mystery Mayhem","14260","Scooby-Doo: Mystery Mayhem","9660","3720","10","2","11","0","0","2.6","Scooby-Doo: Mystery Mayhem"
"4x4 Dream Race","14261","4x4 Dream Race","9660","60","161","1","1","0","0","161","4x4 Dream Race"
"Fossil Fighters: Champions","14262","Fossil Fighters: Champions","9660","4620","8","2","11","0","0","2.09","Fossil Fighters: Champions"
"Dance Dance Revolution 5thMIX","14263","Dance Dance Revolution 5thMIX","9660","1800","41","1","8","0","0","5.37","Dance Dance Revolution 5thMIX"
"Voidspire Tactics","14264","Voidspire Tactics","9660","4260","7","2","6","0","0","2.27","Voidspire Tactics"
"Diabolik Lovers","14265","Diabolik Lovers","9660","3060","12","1","5","0","0","3.16","Diabolik Lovers"
"Farland Story: Daichi no Kizuna","14266","Farland Story: Daichi no Kizuna","9660","2040","153","1","1","0","0","4.74","Farland Story: Daichi no Kizuna"
"Titan Brawl","14267","Titan Brawl","9660","3720","23","2","19","0","0","2.6","Titan Brawl"
"Bentley's Hackpack","14268","Bentley's Hackpack","9660","960","48","1","2","0","0","10.06","Bentley's Hackpack"
"Splatter Master","14269","Splatter Master","9600","1140","60","1","7","0","0","8.42","Splatter Master"
"Xmas Puzzle","14270","Xmas Puzzle","9600","240","83","1","0","0","0","40","Xmas Puzzle"
"Sakura Spirit","14271","Sakura Spirit","9600","4020","16","2","21","0","0","2.39","Sakura Spirit"
"Le Tour de France 2016","14272","Le Tour de France 2016","9600","1920","23","1","6","0","0","5","Le Tour de France 2016"
"Sword Art Online: Integral Factor","14273","Sword Art Online: Integral Factor","9600","3960","12","2","0","0","0","2.42","Sword Art Online: Integral Factor"
"Snowman from Russia","14274","Snowman from Russia","9600","180","158","1","1","0","0","53.33","Snowman from Russia"
"RIVE: The Metal Wrecking, Robot Hacking Shooter","14275","RIVE: The Metal Wrecking, Robot Hacking Shooter","9600","1740","45","1","10","0","0","5.52","RIVE: The Metal Wrecking, Robot Hacking Shooter"
"Rayman Adventures","14276","Rayman Adventures","9600","5100","19","1","27","0","0","1.88","Rayman Adventures"
"Perfect Golf","14277","Perfect Golf","9600","6060","22","2","18","0","0","1.58","Perfect Golf"
"Picross 3D 2","14278","Picross 3D 2","9600","2760","26","1","8","0","0","3.48","Picross 3D 2"
"NFL Head Coach","14279","NFL Head Coach","9600","1500","30","1","2","0","0","6.4","NFL Head Coach"
"World Bowling","14280","World Bowling","9600","120","186","1","1","0","0","80","World Bowling"
"Ninety-Nine Nights II","14281","Ninety-Nine Nights II","9600","7500","16","1","6","0","0","1.28","Ninety-Nine Nights II"
"Kingdom of Paradise","14282","Kingdom of Paradise","9600","4740","28","1","6","0","0","2.03","Kingdom of Paradise"
"Dead Zone","14283","Dead Zone","9600","1620","44","1","5","0","0","5.93","Dead Zone"
"Bullet Witch","14284","Bullet Witch","9600","3300","20","1","13","0","0","2.91","Bullet Witch"
"Revenge of the Titans","14285","Revenge of the Titans","9600","4380","17","1","15","0","0","2.19","Revenge of the Titans"
"Ridge Racer 2","14286","Ridge Racer 2","9600","4620","20","1","16","0","0","2.08","Ridge Racer 2"
"Magic Carpet","14287","Magic Carpet","9600","2160","16","1","3","0","0","4.44","Magic Carpet"
"Might and Magic Heroes Online","14288","Might and Magic Heroes Online","9600","2520","111","1","11","0","0","3.81","Might and Magic Heroes Online"
"Earth & Beyond","14289","Earth & Beyond","9600","5520","20","1","9","0","0","1.74","Earth & Beyond"
"Command & Conquer Tiberium Alliances","14290","Command & Conquer Tiberium Alliances","9600","3780","42","1","13","0","0","2.54","Command & Conquer Tiberium Alliances"
"Dungeons & Dragons: Warriors of the Eternal Sun","14291","Dungeons & Dragons: Warriors of the Eternal Sun","9600","9300","23","1","10","0","0","1.03","Dungeons & Dragons: Warriors of the Eternal Sun"
"Command & Conquer Red Alert 3: Commander's Challenge","14292","Command & Conquer Red Alert 3: Commander's Challenge","9600","2580","17","1","11","0","0","3.72","Command & Conquer Red Alert 3: Commander's Challenge"
"Dragonfable","14293","Dragonfable","9600","4140","26","1","27","0","0","2.32","Dragonfable"
"Energy Hook","14294","Energy Hook","9540","240","69","1","2","0","0","39.75","Energy Hook"
"Robot Arena: Design & Destroy","14295","Robot Arena: Design & Destroy","9540","4560","9","1","13","0","0","2.09","Robot Arena: Design & Destroy"
"SimAnt: The Electronic Ant Colony","14296","SimAnt: The Electronic Ant Colony","9540","2880","13","1","18","0","0","3.31","SimAnt: The Electronic Ant Colony"
"Ray Gigant","14297","Ray Gigant","9540","3120","38","1","12","0","0","3.06","Ray Gigant"
"Tokyo Xtreme Racer Zero","14298","Tokyo Xtreme Racer Zero","9540","7020","11","1","19","0","0","1.36","Tokyo Xtreme Racer Zero"
"Dead Trigger 2","14299","Dead Trigger 2","9540","9120","10","2","43","0","0","1.05","Dead Trigger 2"
"GrimGrimoire","14300","GrimGrimoire","9540","1740","20","1","9","0","0","5.48","GrimGrimoire"