"","","Game","Watch time","Stream time","Peak viewers","Peak channels","Streamers","Average viewers","Average channels","Average viewer ratio",""
"Jimmy White's 2: Cueball","9401","Jimmy White's 2: Cueball","49920","60","874","1","1","0","0","832","Jimmy White's 2: Cueball"
"Aquapazza: Aquaplus Dream Match","9402","Aquapazza: Aquaplus Dream Match","49860","2760","276","1","11","0","0","18.07","Aquapazza: Aquaplus Dream Match"
"Legends","9403","Legends","49800","8880","257","1","16","0","0","5.61","Legends"
"Sands of Destruction","9404","Sands of Destruction","49800","2820","107","1","3","0","0","17.66","Sands of Destruction"
"Fitness Fun","9405","Fitness Fun","49800","2700","68","1","10","0","0","18.44","Fitness Fun"
"Night","9406","Night","49800","1980","294","1","9","0","0","25.15","Night"
"Fortress (working title)","9407","Fortress (working title)","49800","180","329","1","1","0","0","276.67","Fortress (working title)"
"Sanrio World Smash Ball!","9408","Sanrio World Smash Ball!","49740","2520","642","7","8","0","0","19.74","Sanrio World Smash Ball!"
"Dark Fall: Lights Out","9409","Dark Fall: Lights Out","49740","2580","63","1","4","0","0","19.28","Dark Fall: Lights Out"
"Tropico","9410","Tropico","49740","7980","72","1","27","0","0","6.23","Tropico"
"Soccer Brawl","9411","Soccer Brawl","49680","480","283","1","4","0","0","103.5","Soccer Brawl"
"Yu-Gi-Oh!: The Falsebound Kingdom","9412","Yu-Gi-Oh!: The Falsebound Kingdom","49620","29700","15","3","35","0","0","1.67","Yu-Gi-Oh!: The Falsebound Kingdom"
"Stormlord","9413","Stormlord","49620","2280","60","1","2","0","0","21.76","Stormlord"
"Eric the Unready","9414","Eric the Unready","49620","2100","71","1","3","0","0","23.63","Eric the Unready"
"Wrestling Mpire","9415","Wrestling Mpire","49620","5220","315","1","16","0","0","9.51","Wrestling Mpire"
"Guardians of Middle-earth","9416","Guardians of Middle-earth","49560","5040","790","1","5","0","0","9.83","Guardians of Middle-earth"
"Darkman","9417","Darkman","49560","1500","685","2","6","0","0","33.04","Darkman"
"Cadillacs and Dinosaurs","9418","Cadillacs and Dinosaurs","49560","13620","59","4","57","0","0","3.64","Cadillacs and Dinosaurs"
"Barbie Fashion Show: Eye for Style","9419","Barbie Fashion Show: Eye for Style","49560","41340","46","3","29","0","0","1.2","Barbie Fashion Show: Eye for Style"
"Frogs","9420","Frogs","49500","11160","499","1","2","0","0","4.44","Frogs"
"NHL 06","9421","NHL 06","49500","2280","311","1","10","0","0","21.71","NHL 06"
"Final Fantasy Explorers","9422","Final Fantasy Explorers","49500","12480","60","2","16","0","0","3.97","Final Fantasy Explorers"
"The Lurking Horror","9423","The Lurking Horror","49500","2040","56","1","3","0","0","24.26","The Lurking Horror"
"Sword of the Berserk: Guts' Rage","9424","Sword of the Berserk: Guts' Rage","49500","6420","109","2","31","0","0","7.71","Sword of the Berserk: Guts' Rage"
"Resident Evil Revelations Collection","9425","Resident Evil Revelations Collection","49500","13920","35","4","27","0","0","3.56","Resident Evil Revelations Collection"
"Nurse Love Addiction","9426","Nurse Love Addiction","49440","10920","37","2","11","0","0","4.53","Nurse Love Addiction"
"Summon Night: Swordcraft Story","9427","Summon Night: Swordcraft Story","49440","13500","34","2","31","0","0","3.66","Summon Night: Swordcraft Story"
"Beneath a Steel Sky","9428","Beneath a Steel Sky","49380","22560","29","2","35","0","0","2.19","Beneath a Steel Sky"
"Subsiege","9429","Subsiege","49380","2460","231","3","20","0","0","20.07","Subsiege"
"Criminal Girls: Invite Only","9430","Criminal Girls: Invite Only","49380","17340","29","4","46","0","0","2.85","Criminal Girls: Invite Only"
"River City: Tokyo Rumble","9431","River City: Tokyo Rumble","49320","1320","304","1","3","0","0","37.36","River City: Tokyo Rumble"
"DragonBall Heroes: Ultimate Mission X","9432","DragonBall Heroes: Ultimate Mission X","49320","3840","137","1","5","0","0","12.84","DragonBall Heroes: Ultimate Mission X"
"Pooyan","9433","Pooyan","49320","720","803","1","3","0","0","68.5","Pooyan"
"VR Dungeon Knight","9434","VR Dungeon Knight","49320","11040","77","2","48","0","0","4.47","VR Dungeon Knight"
"Judgement","9435","Judgement","49320","2880","202","1","12","0","0","17.13","Judgement"
"Saya no Uta","9436","Saya no Uta","49320","11220","31","2","37","0","0","4.4","Saya no Uta"
"Resistance 3","9437","Resistance 3","49260","8040","116","1","17","0","0","6.13","Resistance 3"
"Dungeon Master II: The Legend of Skullkeep","9438","Dungeon Master II: The Legend of Skullkeep","49260","2280","128","1","6","0","0","21.61","Dungeon Master II: The Legend of Skullkeep"
"Spelunker II: Yuusha e no Chousen","9439","Spelunker II: Yuusha e no Chousen","49260","660","164","1","1","0","0","74.64","Spelunker II: Yuusha e no Chousen"
"Bucket Detective","9440","Bucket Detective","49260","540","499","1","6","0","0","91.22","Bucket Detective"
"Modlands","9441","Modlands","49260","14220","35","1","15","0","0","3.46","Modlands"
"NFL Pro League Football","9442","NFL Pro League Football","49260","2880","199","2","10","0","0","17.1","NFL Pro League Football"
"Ball Raider II","9443","Ball Raider II","49200","180","528","1","1","0","0","273.33","Ball Raider II"
"Don't Chat With Strangers","9444","Don't Chat With Strangers","49140","3300","110","2","21","0","0","14.89","Don't Chat With Strangers"
"Jake Hunter: Detective Chronicles","9445","Jake Hunter: Detective Chronicles","49140","1200","224","1","1","0","0","40.95","Jake Hunter: Detective Chronicles"
"Indy 500","9446","Indy 500","49140","480","306","1","2","0","0","102.38","Indy 500"
"Cyborg Justice","9447","Cyborg Justice","49080","2880","315","1","11","0","0","17.04","Cyborg Justice"
"The Simpsons Wrestling","9448","The Simpsons Wrestling","49080","6660","71","1","16","0","0","7.37","The Simpsons Wrestling"
"Dominique Pamplemousse in ""It's All Over Once The Fat Lady Sings!""","9449","Dominique Pamplemousse in ""It's All Over Once The Fat Lady Sings!""","49080","1800","473","1","14","0","0","27.27","Dominique Pamplemousse in ""It's All Over Once The Fat Lady Sings!"""
"MySims Kingdom","9450","MySims Kingdom","49080","1620","435","1","9","0","0","30.3","MySims Kingdom"
"Space Farmers","9451","Space Farmers","49080","12780","64","2","89","0","0","3.84","Space Farmers"
"Avernum: Escape from the Pit","9452","Avernum: Escape from the Pit","49080","18480","24","1","26","0","0","2.66","Avernum: Escape from the Pit"
"Metal Slug 6","9453","Metal Slug 6","49080","5760","270","1","28","0","0","8.52","Metal Slug 6"
"Snowboard Kids Plus","9454","Snowboard Kids Plus","49020","9120","25","1","9","0","0","5.38","Snowboard Kids Plus"
"A Gummy's Life","9455","A Gummy's Life","48960","900","747","1","8","0","0","54.4","A Gummy's Life"
"Moonfall","9456","Moonfall","48960","1980","150","1","11","0","0","24.73","Moonfall"
"Septerra Core: Legacy of the Creator","9457","Septerra Core: Legacy of the Creator","48960","13320","67","2","29","0","0","3.68","Septerra Core: Legacy of the Creator"
"Galak-Z: The Dimensional","9458","Galak-Z: The Dimensional","48960","9060","188","2","41","0","0","5.4","Galak-Z: The Dimensional"
"Sneak King","9459","Sneak King","48960","6060","312","1","23","0","0","8.08","Sneak King"
"Mahjong Titans","9460","Mahjong Titans","48900","7200","496","2","21","0","0","6.79","Mahjong Titans"
"TrackMania Wii","9461","TrackMania Wii","48840","1080","168","1","2","0","0","45.22","TrackMania Wii"
"Rabbit Hole 3D","9462","Rabbit Hole 3D","48840","1380","784","1","3","0","0","35.39","Rabbit Hole 3D"
"Making History: The Great War","9463","Making History: The Great War","48780","1860","813","1","6","0","0","26.23","Making History: The Great War"
"Darkest Hour: A Hearts of Iron Game","9464","Darkest Hour: A Hearts of Iron Game","48780","13140","20","2","20","0","0","3.71","Darkest Hour: A Hearts of Iron Game"
"Valkyrie Connect","9465","Valkyrie Connect","48780","13260","37","2","37","0","0","3.68","Valkyrie Connect"
"Adventures of Mana","9466","Adventures of Mana","48780","5340","120","1","9","0","0","9.13","Adventures of Mana"
"Wadanohara and the Great Blue Sea","9467","Wadanohara and the Great Blue Sea","48720","13980","22","2","36","0","0","3.48","Wadanohara and the Great Blue Sea"
"Enemy Mind","9468","Enemy Mind","48720","3660","321","1","23","0","0","13.31","Enemy Mind"
"Rune Factory: A Fantasy Harvest Moon","9469","Rune Factory: A Fantasy Harvest Moon","48720","31140","20","2","18","0","0","1.56","Rune Factory: A Fantasy Harvest Moon"
"Copy Kitty","9470","Copy Kitty","48720","22560","17","2","33","0","0","2.16","Copy Kitty"
"Buzz! Quiz TV","9471","Buzz! Quiz TV","48660","780","653","1","5","0","0","62.38","Buzz! Quiz TV"
"Avatar: The Last Airbender - The Burning Earth","9472","Avatar: The Last Airbender - The Burning Earth","48660","5400","191","2","11","0","0","9.01","Avatar: The Last Airbender - The Burning Earth"
"Astérix & Obélix XXL 2: Mission: Las Vegum","9473","Astérix & Obélix XXL 2: Mission: Las Vegum","48660","6180","435","2","15","0","0","7.87","Astérix & Obélix XXL 2: Mission: Las Vegum"
"The Immortal","9474","The Immortal","48660","2460","196","1","8","0","0","19.78","The Immortal"
"Just Cause","9475","Just Cause","48600","18540","33","3","74","0","0","2.62","Just Cause"
"Lilo & Stitch: Trouble in Paradise","9476","Lilo & Stitch: Trouble in Paradise","48600","2940","241","1","15","0","0","16.53","Lilo & Stitch: Trouble in Paradise"
"Funhouse","9477","Funhouse","48600","1260","885","1","7","0","0","38.57","Funhouse"
"WarioWare Twisted!","9478","WarioWare Twisted!","48540","840","375","1","5","0","0","57.79","WarioWare Twisted!"
"Stardrift Nomads","9479","Stardrift Nomads","48540","3120","81","2","11","0","0","15.56","Stardrift Nomads"
"The Average Everyday Adventures of Samantha Browne","9480","The Average Everyday Adventures of Samantha Browne","48480","960","409","1","8","0","0","50.5","The Average Everyday Adventures of Samantha Browne"
"The Island of Dr. Frankenstein","9481","The Island of Dr. Frankenstein","48480","120","423","1","1","0","0","404","The Island of Dr. Frankenstein"
"The Ninja","9482","The Ninja","48480","840","324","1","3","0","0","57.71","The Ninja"
"Tail Gator","9483","Tail Gator","48420","1260","786","1","6","0","0","38.43","Tail Gator"
"Wilds.io","9484","Wilds.io","48420","1140","778","1","7","0","0","42.47","Wilds.io"
"Simple Spy","9485","Simple Spy","48360","240","279","1","1","0","0","201.5","Simple Spy"
"Final Fantasy Grandmasters","9486","Final Fantasy Grandmasters","48360","960","267","1","5","0","0","50.38","Final Fantasy Grandmasters"
"Football Manager Live","9487","Football Manager Live","48360","600","634","1","4","0","0","80.6","Football Manager Live"
"Deadline","9488","Deadline","48360","2100","60","1","3","0","0","23.03","Deadline"
"Cubivore: Survival of the Fittest","9489","Cubivore: Survival of the Fittest","48360","12120","22","2","28","0","0","3.99","Cubivore: Survival of the Fittest"
"Wild Arms 5","9490","Wild Arms 5","48300","21000","24","2","13","0","0","2.3","Wild Arms 5"
"Barbie: Race and Ride","9491","Barbie: Race and Ride","48300","11280","259","2","40","0","0","4.28","Barbie: Race and Ride"
"Retro-Pixel Castles","9492","Retro-Pixel Castles","48300","4800","501","2","14","0","0","10.06","Retro-Pixel Castles"
"Pooper Deluxe","9493","Pooper Deluxe","48300","22620","42","2","53","0","0","2.14","Pooper Deluxe"
"Caricature Artist","9494","Caricature Artist","48300","11940","11","1","1","0","0","4.05","Caricature Artist"
"Disciples II: Guardians of the Light","9495","Disciples II: Guardians of the Light","48240","6720","34","2","11","0","0","7.18","Disciples II: Guardians of the Light"
"Aerobiz Supersonic","9496","Aerobiz Supersonic","48240","2940","229","1","6","0","0","16.41","Aerobiz Supersonic"
"Style Savvy","9497","Style Savvy","48240","3240","82","1","5","0","0","14.89","Style Savvy"
"Defend Your Castle","9498","Defend Your Castle","48240","4740","375","1","11","0","0","10.18","Defend Your Castle"
"Breach & Clear","9499","Breach & Clear","48240","25920","45","3","140","0","0","1.86","Breach & Clear"
"Cruis'n USA","9500","Cruis'n USA","48180","18180","47","3","47","0","0","2.65","Cruis'n USA"