"","","Game","Watch time","Stream time","Peak viewers","Peak channels","Streamers","Average viewers","Average channels","Average viewer ratio",""
"Gods Eater Burst","13601","Gods Eater Burst","11880","7380","20","1","33","0","0","1.61","Gods Eater Burst"
"Destiny of the Doctors","13602","Destiny of the Doctors","11880","1560","20","1","7","0","0","7.62","Destiny of the Doctors"
"Banjo-Pilot","13603","Banjo-Pilot","11880","600","182","1","3","0","0","19.8","Banjo-Pilot"
"Godzilla: Domination","13604","Godzilla: Domination","11820","360","98","1","4","0","0","32.83","Godzilla: Domination"
"Doraemon 2: Nobita no Toys Land Daibouken","13605","Doraemon 2: Nobita no Toys Land Daibouken","11820","3780","29","1","4","0","0","3.13","Doraemon 2: Nobita no Toys Land Daibouken"
"Throne of Darkness","13606","Throne of Darkness","11820","2760","13","1","5","0","0","4.28","Throne of Darkness"
"Street Racer","13607","Street Racer","11820","1080","72","1","10","0","0","10.94","Street Racer"
"Dead Bits","13608","Dead Bits","11820","4380","60","1","29","0","0","2.7","Dead Bits"
"Wii Fit Plus","13609","Wii Fit Plus","11820","3540","38","1","17","0","0","3.34","Wii Fit Plus"
"Tallowmere","13610","Tallowmere","11820","6480","24","2","36","0","0","1.82","Tallowmere"
"Naruto Shippuden: Ultimate Ninja Storm Generations","13611","Naruto Shippuden: Ultimate Ninja Storm Generations","11820","6420","10","1","23","0","0","1.84","Naruto Shippuden: Ultimate Ninja Storm Generations"
"Medal of Honor: Rising Sun","13612","Medal of Honor: Rising Sun","11820","4860","25","1","21","0","0","2.43","Medal of Honor: Rising Sun"
"Shuffle!","13613","Shuffle!","11820","3720","21","1","8","0","0","3.18","Shuffle!"
"Paladin's Quest","13614","Paladin's Quest","11820","6420","10","1","13","0","0","1.84","Paladin's Quest"
"Uru: The Path of the Shell","13615","Uru: The Path of the Shell","11820","1320","21","1","1","0","0","8.95","Uru: The Path of the Shell"
"Memory's Dogma","13616","Memory's Dogma","11820","4200","15","1","13","0","0","2.81","Memory's Dogma"
"Mafiaspillet.no","13617","Mafiaspillet.no","11820","300","79","1","0","0","0","39.4","Mafiaspillet.no"
"PLUTONIUM","13618","PLUTONIUM","11760","840","69","1","7","0","0","14","PLUTONIUM"
"Night of Sacrifice","13619","Night of Sacrifice","11760","900","52","1","3","0","0","13.07","Night of Sacrifice"
"Tutti Frutti","13620","Tutti Frutti","11760","960","39","1","2","0","0","12.25","Tutti Frutti"
"Showdown","13621","Showdown","11760","5160","18","1","19","0","0","2.28","Showdown"
"Bullet Heaven 2","13622","Bullet Heaven 2","11760","8640","17","2","31","0","0","1.36","Bullet Heaven 2"
"Naruto Shippuden: The New Era","13623","Naruto Shippuden: The New Era","11760","540","123","1","3","0","0","21.78","Naruto Shippuden: The New Era"
"Fairy Bloom Freesia","13624","Fairy Bloom Freesia","11760","5640","24","1","24","0","0","2.09","Fairy Bloom Freesia"
"Neutopia II","13625","Neutopia II","11760","1980","48","1","4","0","0","5.94","Neutopia II"
"Twisted Metal III","13626","Twisted Metal III","11760","3480","29","1","16","0","0","3.38","Twisted Metal III"
"Tingle's Balloon Fight DS","13627","Tingle's Balloon Fight DS","11760","480","56","1","3","0","0","24.5","Tingle's Balloon Fight DS"
"Thunder Force II","13628","Thunder Force II","11760","1680","166","1","5","0","0","7","Thunder Force II"
"Aarklash: Legacy","13629","Aarklash: Legacy","11760","4980","13","1","15","0","0","2.36","Aarklash: Legacy"
"Super Robot Wars BX","13630","Super Robot Wars BX","11760","4740","9","1","1","0","0","2.48","Super Robot Wars BX"
"Punishment","13631","Punishment","11760","120","195","1","0","0","0","98","Punishment"
"Dragon Slayer: The Legend of Heroes","13632","Dragon Slayer: The Legend of Heroes","11760","4560","15","1","10","0","0","2.58","Dragon Slayer: The Legend of Heroes"
"Maths Circus Act 6","13633","Maths Circus Act 6","11760","900","22","1","2","0","0","13.07","Maths Circus Act 6"
"Zombie Zombie Zombie","13634","Zombie Zombie Zombie","11700","420","189","1","2","0","0","27.86","Zombie Zombie Zombie"
"Touhou 01 - Highly Responsive to Prayers","13635","Touhou 01 - Highly Responsive to Prayers","11700","5940","34","1","28","0","0","1.97","Touhou 01 - Highly Responsive to Prayers"
"Paranormal Syndrome","13636","Paranormal Syndrome","11700","2640","18","1","6","0","0","4.43","Paranormal Syndrome"
"Piglet's Big Game","13637","Piglet's Big Game","11700","1800","90","4","10","0","0","6.5","Piglet's Big Game"
"Pokémon Art Academy","13638","Pokémon Art Academy","11700","1800","41","1","11","0","0","6.5","Pokémon Art Academy"
"Syphon Filter: The Omega Strain","13639","Syphon Filter: The Omega Strain","11700","7200","10","1","10","0","0","1.63","Syphon Filter: The Omega Strain"
"Major League Baseball 2K12","13640","Major League Baseball 2K12","11700","8040","10","1","15","0","0","1.46","Major League Baseball 2K12"
"Zoo Tycoon 2: Marine Mania","13641","Zoo Tycoon 2: Marine Mania","11700","1200","129","1","4","0","0","9.75","Zoo Tycoon 2: Marine Mania"
"Taiko no Tatsujin: V Version","13642","Taiko no Tatsujin: V Version","11700","1560","25","1","7","0","0","7.5","Taiko no Tatsujin: V Version"
"Trivial Pursuit: Unhinged","13643","Trivial Pursuit: Unhinged","11700","1320","31","1","4","0","0","8.86","Trivial Pursuit: Unhinged"
"Love You to Bits","13644","Love You to Bits","11700","1800","35","2","8","0","0","6.5","Love You to Bits"
"Mercedes-Benz Truck Racing","13645","Mercedes-Benz Truck Racing","11700","360","96","1","1","0","0","32.5","Mercedes-Benz Truck Racing"
"F-1 World Grand Prix","13646","F-1 World Grand Prix","11700","8820","8","2","5","0","0","1.33","F-1 World Grand Prix"
"Graviteam Tactics: Mius Front","13647","Graviteam Tactics: Mius Front","11700","5940","10","1","13","0","0","1.97","Graviteam Tactics: Mius Front"
"I Spy Treasure Hunt","13648","I Spy Treasure Hunt","11700","1740","35","1","4","0","0","6.72","I Spy Treasure Hunt"
"Lightfield","13649","Lightfield","11700","2220","20","2","16","0","0","5.27","Lightfield"
"Wirtschaftsgiganten","13650","Wirtschaftsgiganten","11700","240","82","1","1","0","0","48.75","Wirtschaftsgiganten"
"tengai","13651","tengai","11640","540","131","1","3","0","0","21.56","tengai"
"Lassie","13652","Lassie","11640","300","55","1","0","0","0","38.8","Lassie"
"AFTERSHOCK","13653","AFTERSHOCK","11640","1020","43","2","2","0","0","11.41","AFTERSHOCK"
"Trevor Chan's Capitalism II","13654","Trevor Chan's Capitalism II","11640","360","68","1","3","0","0","32.33","Trevor Chan's Capitalism II"
"Tahira: Echoes of the Astral Empire","13655","Tahira: Echoes of the Astral Empire","11640","660","72","1","4","0","0","17.64","Tahira: Echoes of the Astral Empire"
"Frogger's Adventures 2: The Lost Wand","13656","Frogger's Adventures 2: The Lost Wand","11640","1860","46","1","4","0","0","6.26","Frogger's Adventures 2: The Lost Wand"
"Friendship Club","13657","Friendship Club","11640","12540","14","2","12","0","0","0.93","Friendship Club"
"Internet Spades","13658","Internet Spades","11640","1860","64","1","12","0","0","6.26","Internet Spades"
"NBA Live 14","13659","NBA Live 14","11640","13380","11","2","62","0","0","0.87","NBA Live 14"
"Dead Head Fred","13660","Dead Head Fred","11640","2040","61","1","4","0","0","5.71","Dead Head Fred"
"High Noon","13661","High Noon","11640","720","110","1","7","0","0","16.17","High Noon"
"Animaniacs Game Pack","13662","Animaniacs Game Pack","11640","300","178","1","1","0","0","38.8","Animaniacs Game Pack"
"Gish","13663","Gish","11640","1320","91","1","4","0","0","8.82","Gish"
"Ace Combat X: Skies of Deception","13664","Ace Combat X: Skies of Deception","11580","5040","24","2","15","0","0","2.3","Ace Combat X: Skies of Deception"
"Quest For Infamy","13665","Quest For Infamy","11580","3360","66","2","10","0","0","3.45","Quest For Infamy"
"Wildlife Zoo","13666","Wildlife Zoo","11580","3240","19","1","6","0","0","3.57","Wildlife Zoo"
"Shrek Super Party","13667","Shrek Super Party","11580","3000","22","1","14","0","0","3.86","Shrek Super Party"
"NS-Shaft","13668","NS-Shaft","11580","6180","6","1","1","0","0","1.87","NS-Shaft"
"DJ Life","13669","DJ Life","11580","12840","6","1","12","0","0","0.9","DJ Life"
"Nodiatis","13670","Nodiatis","11580","2700","21","1","7","0","0","4.29","Nodiatis"
"Probability 0","13671","Probability 0","11580","540","113","1","3","0","0","21.44","Probability 0"
"JFK Reloaded","13672","JFK Reloaded","11580","2100","47","1","15","0","0","5.51","JFK Reloaded"
"Amazing Princess Sarah","13673","Amazing Princess Sarah","11580","5400","10","2","24","0","0","2.14","Amazing Princess Sarah"
"Oozi Earth Adventure","13674","Oozi Earth Adventure","11580","4800","14","2","23","0","0","2.41","Oozi Earth Adventure"
"Luna's Wandering Stars","13675","Luna's Wandering Stars","11580","1500","133","1","9","0","0","7.72","Luna's Wandering Stars"
"Sengoku Basara: Sanada Yukimura-Den","13676","Sengoku Basara: Sanada Yukimura-Den","11580","3960","40","1","7","0","0","2.92","Sengoku Basara: Sanada Yukimura-Den"
"Shadow Realms","13677","Shadow Realms","11580","780","26","1","1","0","0","14.85","Shadow Realms"
"Magical Vacation","13678","Magical Vacation","11580","1920","20","1","7","0","0","6.03","Magical Vacation"
"Monsters & Monocles","13679","Monsters & Monocles","11580","2100","58","3","13","0","0","5.51","Monsters & Monocles"
"Weeds Social Club","13680","Weeds Social Club","11580","1980","43","1","11","0","0","5.85","Weeds Social Club"
"Smashing Four","13681","Smashing Four","11520","720","67","1","6","0","0","16","Smashing Four"
"Moon.","13682","Moon.","11520","24240","7","2","7","0","0","0.48","Moon."
"Grisaia no Meikyuu","13683","Grisaia no Meikyuu","11520","7440","19","1","10","0","0","1.55","Grisaia no Meikyuu"
"R.B.I. Baseball 2017","13684","R.B.I. Baseball 2017","11520","2280","80","1","10","0","0","5.05","R.B.I. Baseball 2017"
"Rain Blood Chronicles: Mirage","13685","Rain Blood Chronicles: Mirage","11520","3900","48","2","9","0","0","2.95","Rain Blood Chronicles: Mirage"
"Inquisitor","13686","Inquisitor","11520","4860","24","1","21","0","0","2.37","Inquisitor"
"Phantom Breaker","13687","Phantom Breaker","11520","3360","20","1","21","0","0","3.43","Phantom Breaker"
"Vortex","13688","Vortex","11520","5220","15","2","11","0","0","2.21","Vortex"
"Project Eden","13689","Project Eden","11520","4680","15","1","8","0","0","2.46","Project Eden"
"OpenBVE","13690","OpenBVE","11520","5640","11","2","15","0","0","2.04","OpenBVE"
"Alien Resurrection","13691","Alien Resurrection","11520","5280","12","1","16","0","0","2.18","Alien Resurrection"
"Disciples III: Resurrection","13692","Disciples III: Resurrection","11520","3780","14","1","9","0","0","3.05","Disciples III: Resurrection"
"Poncho","13693","Poncho","11520","4620","12","2","27","0","0","2.49","Poncho"
"Blue's Journey","13694","Blue's Journey","11520","540","180","1","3","0","0","21.33","Blue's Journey"
"Crosswords & Word Games","13695","Crosswords & Word Games","11520","4380","8","2","4","0","0","2.63","Crosswords & Word Games"
"Ski Jumping 2004","13696","Ski Jumping 2004","11520","4560","8","1","8","0","0","2.53","Ski Jumping 2004"
"Freekstyle","13697","Freekstyle","11520","3960","9","1","11","0","0","2.91","Freekstyle"
"Deep Space","13698","Deep Space","11460","2940","25","1","23","0","0","3.9","Deep Space"
"Super Scribblenauts","13699","Super Scribblenauts","11460","1080","24","1","3","0","0","10.61","Super Scribblenauts"
"Emerald Dragon","13700","Emerald Dragon","11460","1560","18","1","3","0","0","7.35","Emerald Dragon"