"","","Game","Watch time","Stream time","Peak viewers","Peak channels","Streamers","Average viewers","Average channels","Average viewer ratio",""
"Yo' Bro","13701","Yo' Bro","11460","3600","28","1","15","0","0","3.18","Yo' Bro"
"Sorry!","13702","Sorry!","11460","1080","32","1","6","0","0","10.61","Sorry!"
"Tom Clancy's H.A.W.X","13703","Tom Clancy's H.A.W.X","11460","9300","12","2","45","0","0","1.23","Tom Clancy's H.A.W.X"
"Wurm: Journey to the Center of the Earth","13704","Wurm: Journey to the Center of the Earth","11460","660","51","1","4","0","0","17.36","Wurm: Journey to the Center of the Earth"
"Marble Saga: Kororinpa","13705","Marble Saga: Kororinpa","11460","1680","36","1","6","0","0","6.82","Marble Saga: Kororinpa"
"99 Spirits","13706","99 Spirits","11460","4140","17","1","7","0","0","2.77","99 Spirits"
"Dragonette","13707","Dragonette","11460","240","51","1","2","0","0","47.75","Dragonette"
"The Spookening","13708","The Spookening","11460","120","190","1","2","0","0","95.5","The Spookening"
"What the Block","13709","What the Block","11460","4200","16","1","4","0","0","2.73","What the Block"
"Formula One: Built to Win","13710","Formula One: Built to Win","11460","540","37","1","1","0","0","21.22","Formula One: Built to Win"
"Swan Song","13711","Swan Song","11460","900","33","1","3","0","0","12.73","Swan Song"
"King's Knight: Wrath of the Dark Dragon","13712","King's Knight: Wrath of the Dark Dragon","11460","900","58","1","4","0","0","12.73","King's Knight: Wrath of the Dark Dragon"
"Rocking Pilot","13713","Rocking Pilot","11460","360","81","1","2","0","0","31.83","Rocking Pilot"
"Dora the Explorer: Adventures 3 Pack","13714","Dora the Explorer: Adventures 3 Pack","11460","300","175","1","1","0","0","38.2","Dora the Explorer: Adventures 3 Pack"
"Millennium Racer: Y2K Fighters","13715","Millennium Racer: Y2K Fighters","11460","2940","114","1","4","0","0","3.9","Millennium Racer: Y2K Fighters"
"Tsuki ni Yorisou Otome no Sahou","13716","Tsuki ni Yorisou Otome no Sahou","11400","1500","21","1","2","0","0","7.6","Tsuki ni Yorisou Otome no Sahou"
"Intrude","13717","Intrude","11400","2160","25","1","8","0","0","5.28","Intrude"
"Bird Mania 3D  Christmas","13718","Bird Mania 3D  Christmas","11400","2100","12","1","2","0","0","5.43","Bird Mania 3D  Christmas"
"TimeSplitters Rewind","13719","TimeSplitters Rewind","11400","1440","20","1","5","0","0","7.92","TimeSplitters Rewind"
"A House Of Many Doors","13720","A House Of Many Doors","11400","2100","58","1","9","0","0","5.43","A House Of Many Doors"
"Eternal Journey: New Atlantis","13721","Eternal Journey: New Atlantis","11400","1920","13","1","4","0","0","5.94","Eternal Journey: New Atlantis"
"Mana Spark","13722","Mana Spark","11400","2160","52","1","12","0","0","5.28","Mana Spark"
"Wild Metal","13723","Wild Metal","11400","1320","20","1","1","0","0","8.64","Wild Metal"
"Crazy Plant Shop","13724","Crazy Plant Shop","11400","1560","18","1","7","0","0","7.31","Crazy Plant Shop"
"Disney Universe","13725","Disney Universe","11400","1320","62","1","10","0","0","8.64","Disney Universe"
"Dangerous High School Girls In Trouble!","13726","Dangerous High School Girls In Trouble!","11400","2280","32","1","19","0","0","5","Dangerous High School Girls In Trouble!"
"Subway Surfers","13727","Subway Surfers","11400","13500","40","2","46","0","0","0.84","Subway Surfers"
"Dai Gyakuten Saiban: Naruhodou Ryuunosuke no Bouken","13728","Dai Gyakuten Saiban: Naruhodou Ryuunosuke no Bouken","11400","3480","16","1","7","0","0","3.28","Dai Gyakuten Saiban: Naruhodou Ryuunosuke no Bouken"
"Donald Trump's Real Estate Tycoon!","13729","Donald Trump's Real Estate Tycoon!","11400","1920","99","1","7","0","0","5.94","Donald Trump's Real Estate Tycoon!"
"Bomberman Jetters","13730","Bomberman Jetters","11400","7440","11","2","17","0","0","1.53","Bomberman Jetters"
"Donkey Konga 3: Tabe-houdai! Haru Mogitate 50 Kyoku","13731","Donkey Konga 3: Tabe-houdai! Haru Mogitate 50 Kyoku","11400","420","81","1","2","0","0","27.14","Donkey Konga 3: Tabe-houdai! Haru Mogitate 50 Kyoku"
"New Super Marisa Land","13732","New Super Marisa Land","11400","4080","20","1","11","0","0","2.79","New Super Marisa Land"
"Avatar - The Last Airbender: Into the Inferno","13733","Avatar - The Last Airbender: Into the Inferno","11400","3240","59","1","7","0","0","3.52","Avatar - The Last Airbender: Into the Inferno"
"Hexplore","13734","Hexplore","11400","2460","8","1","1","0","0","4.63","Hexplore"
"Pepe's Puzzles","13735","Pepe's Puzzles","11400","4500","20","1","4","0","0","2.53","Pepe's Puzzles"
"SEGA AGES 2500 Vol.17: Phantasy Star - Generation:2","13736","SEGA AGES 2500 Vol.17: Phantasy Star - Generation:2","11340","2280","29","1","3","0","0","4.97","SEGA AGES 2500 Vol.17: Phantasy Star - Generation:2"
"The Fantastic Adventures of Dizzy","13737","The Fantastic Adventures of Dizzy","11340","3420","46","3","9","0","0","3.32","The Fantastic Adventures of Dizzy"
"Reksio i Czarodzieje","13738","Reksio i Czarodzieje","11340","2520","16","1","4","0","0","4.5","Reksio i Czarodzieje"
"Freedom","13739","Freedom","11340","27180","10","3","15","0","0","0.42","Freedom"
"Iron Commando: Koutetsu no Senshi","13740","Iron Commando: Koutetsu no Senshi","11340","480","70","1","1","0","0","23.63","Iron Commando: Koutetsu no Senshi"
"Habitat","13741","Habitat","11340","1980","51","1","7","0","0","5.73","Habitat"
"Dream C Club Zero","13742","Dream C Club Zero","11340","420","74","1","3","0","0","27","Dream C Club Zero"
"Pirates of the Burning Sea","13743","Pirates of the Burning Sea","11340","9360","20","2","27","0","0","1.21","Pirates of the Burning Sea"
"X","13744","X","11340","8160","13","2","36","0","0","1.39","X"
"World of Tanks Generals","13745","World of Tanks Generals","11340","10620","17","2","46","0","0","1.07","World of Tanks Generals"
"Teenage Mutant Ninja Turtles: Out of the Shadows","13746","Teenage Mutant Ninja Turtles: Out of the Shadows","11340","3780","11","1","18","0","0","3","Teenage Mutant Ninja Turtles: Out of the Shadows"
"Raven's Cry","13747","Raven's Cry","11340","3960","24","1","8","0","0","2.86","Raven's Cry"
"Lords of Conquest","13748","Lords of Conquest","11340","600","34","1","1","0","0","18.9","Lords of Conquest"
"Death Stair","13749","Death Stair","11340","2640","31","2","20","0","0","4.3","Death Stair"
"Bit Siege","13750","Bit Siege","11340","1260","50","1","5","0","0","9","Bit Siege"
"Remember 11: The Age of Infinity","13751","Remember 11: The Age of Infinity","11340","14340","20","1","9","0","0","0.79","Remember 11: The Age of Infinity"
"Russian Subway Dogs","13752","Russian Subway Dogs","11340","60","189","1","1","0","0","189","Russian Subway Dogs"
"Backyard Football '10","13753","Backyard Football '10","11340","60","192","1","1","0","0","189","Backyard Football '10"
"Nitro Type","13754","Nitro Type","11340","3780","18","2","25","0","0","3","Nitro Type"
"Douche Defender","13755","Douche Defender","11280","420","97","1","3","0","0","26.86","Douche Defender"
"Ninja Shodown","13756","Ninja Shodown","11280","540","115","1","3","0","0","20.89","Ninja Shodown"
"Endless Frontier","13757","Endless Frontier","11280","107460","7","2","18","0","0","0.1","Endless Frontier"
"Hugo 2","13758","Hugo 2","11280","660","149","1","3","0","0","17.09","Hugo 2"
"Talewind","13759","Talewind","11280","1380","58","1","9","0","0","8.17","Talewind"
"Cube Runner","13760","Cube Runner","11280","3420","37","1","29","0","0","3.3","Cube Runner"
"Crazy Cars","13761","Crazy Cars","11280","300","83","1","2","0","0","37.6","Crazy Cars"
"Inuyasha: The Secret of the Cursed Mask","13762","Inuyasha: The Secret of the Cursed Mask","11280","2940","33","1","11","0","0","3.84","Inuyasha: The Secret of the Cursed Mask"
"Shogo: Mobile Armor Division","13763","Shogo: Mobile Armor Division","11280","7140","7","1","16","0","0","1.58","Shogo: Mobile Armor Division"
"Hydrophobia Prophecy","13764","Hydrophobia Prophecy","11280","4560","14","1","19","0","0","2.47","Hydrophobia Prophecy"
"Fighting Force 2","13765","Fighting Force 2","11280","1500","20","1","4","0","0","7.52","Fighting Force 2"
"Cosplay Fetish Academy","13766","Cosplay Fetish Academy","11280","1200","34","1","5","0","0","9.4","Cosplay Fetish Academy"
"Lola's Math Train","13767","Lola's Math Train","11280","3660","26","1","21","0","0","3.08","Lola's Math Train"
"Catz","13768","Catz","11280","15420","14","1","15","0","0","0.73","Catz"
"DwarfCorp","13769","DwarfCorp","11280","5520","25","2","20","0","0","2.04","DwarfCorp"
"Willy Wombat","13770","Willy Wombat","11280","8940","9","1","2","0","0","1.26","Willy Wombat"
"Jim Lee's WildC.A.T.S: Covert Action Teams","13771","Jim Lee's WildC.A.T.S: Covert Action Teams","11280","240","66","1","2","0","0","47","Jim Lee's WildC.A.T.S: Covert Action Teams"
"Hero Quest","13772","Hero Quest","11220","2760","45","1","8","0","0","4.07","Hero Quest"
"maimai","13773","maimai","11220","1620","21","1","4","0","0","6.93","maimai"
"Dark Side","13774","Dark Side","11220","120","103","1","1","0","0","93.5","Dark Side"
"Wheel of Fortune Deluxe Edition","13775","Wheel of Fortune Deluxe Edition","11220","1920","63","1","11","0","0","5.84","Wheel of Fortune Deluxe Edition"
"Gold Medal Challenge '92","13776","Gold Medal Challenge '92","11220","360","115","1","3","0","0","31.17","Gold Medal Challenge '92"
"EarthTongue","13777","EarthTongue","11220","660","51","1","4","0","0","17","EarthTongue"
"Corridor Z","13778","Corridor Z","11220","12900","12","2","69","0","0","0.87","Corridor Z"
"9.03m","13779","9.03m","11220","180","187","1","1","0","0","62.33","9.03m"
"Blitzkrieg Anthology","13780","Blitzkrieg Anthology","11220","1560","128","1","5","0","0","7.19","Blitzkrieg Anthology"
"Super Trench Attack","13781","Super Trench Attack","11220","6300","10","2","28","0","0","1.78","Super Trench Attack"
"Bible Buffet","13782","Bible Buffet","11220","480","167","1","3","0","0","23.38","Bible Buffet"
"Minigolf The Game","13783","Minigolf The Game","11220","2640","86","2","21","0","0","4.25","Minigolf The Game"
"Nigel Mansell's World Championship","13784","Nigel Mansell's World Championship","11220","1560","53","1","6","0","0","7.19","Nigel Mansell's World Championship"
"Ride the Tuft","13785","Ride the Tuft","11220","6720","6","1","1","0","0","1.67","Ride the Tuft"
"Handsome Mr. Frog","13786","Handsome Mr. Frog","11220","2880","21","1","5","0","0","3.9","Handsome Mr. Frog"
"Hidden & Dangerous Action Pack","13787","Hidden & Dangerous Action Pack","11220","180","69","1","1","0","0","62.33","Hidden & Dangerous Action Pack"
"Into the Stars","13788","Into the Stars","11220","4620","15","2","17","0","0","2.43","Into the Stars"
"Order Up!","13789","Order Up!","11160","1380","30","1","7","0","0","8.09","Order Up!"
"Pia Carrot e Youkoso!!","13790","Pia Carrot e Youkoso!!","11160","1080","19","1","3","0","0","10.33","Pia Carrot e Youkoso!!"
"Holopoint","13791","Holopoint","11160","4740","79","1","29","0","0","2.35","Holopoint"
"Griptape Backbone","13792","Griptape Backbone","11160","2100","46","1","18","0","0","5.31","Griptape Backbone"
"MLB The Show 18","13793","MLB The Show 18","11160","1380","52","3","1","0","0","8.09","MLB The Show 18"
"Pirates of Black Cove","13794","Pirates of Black Cove","11160","1560","38","1","7","0","0","7.15","Pirates of Black Cove"
"Mega Man Battle Chip Challenge","13795","Mega Man Battle Chip Challenge","11160","1500","154","1","8","0","0","7.44","Mega Man Battle Chip Challenge"
"Super Robot Wars Alpha 2","13796","Super Robot Wars Alpha 2","11160","3480","19","1","5","0","0","3.21","Super Robot Wars Alpha 2"
"CSI: Fatal Conspiracy","13797","CSI: Fatal Conspiracy","11160","1740","26","1","3","0","0","6.41","CSI: Fatal Conspiracy"
"Flame Over","13798","Flame Over","11160","9420","13","1","42","0","0","1.18","Flame Over"
"Eleusis","13799","Eleusis","11160","3480","26","1","11","0","0","3.21","Eleusis"
"Shadow President","13800","Shadow President","11160","2280","76","1","4","0","0","4.89","Shadow President"