"","","Game","Watch time","Stream time","Peak viewers","Peak channels","Streamers","Average viewers","Average channels","Average viewer ratio",""
"Courier Crisis","13901","Courier Crisis","10800","360","163","1","3","0","0","30","Courier Crisis"
"Raiden IV","13902","Raiden IV","10800","8640","7","2","41","0","0","1.25","Raiden IV"
"Barbie Magic Hair Styler","13903","Barbie Magic Hair Styler","10800","2580","42","1","12","0","0","4.19","Barbie Magic Hair Styler"
"Vanguard: Saga of Heroes","13904","Vanguard: Saga of Heroes","10740","2880","15","1","6","0","0","3.73","Vanguard: Saga of Heroes"
"King Arthur: The Role-Playing Wargame","13905","King Arthur: The Role-Playing Wargame","10740","2700","17","1","5","0","0","3.98","King Arthur: The Role-Playing Wargame"
"Mario's Early Years: Preschool Fun","13906","Mario's Early Years: Preschool Fun","10740","780","89","1","6","0","0","13.77","Mario's Early Years: Preschool Fun"
"Brave Story: New Traveler","13907","Brave Story: New Traveler","10740","2880","19","1","4","0","0","3.73","Brave Story: New Traveler"
"Legend of the Dragon","13908","Legend of the Dragon","10740","6540","9","2","26","0","0","1.64","Legend of the Dragon"
"Bomberman Land","13909","Bomberman Land","10740","1380","58","1","5","0","0","7.78","Bomberman Land"
"Blitzkrieg 2","13910","Blitzkrieg 2","10740","4920","20","1","17","0","0","2.18","Blitzkrieg 2"
"Red Steel","13911","Red Steel","10740","5580","21","1","16","0","0","1.92","Red Steel"
"Fallen Enchantress: Legendary Heroes","13912","Fallen Enchantress: Legendary Heroes","10740","3300","25","1","15","0","0","3.25","Fallen Enchantress: Legendary Heroes"
"Game & Watch Gallery 4","13913","Game & Watch Gallery 4","10740","2280","22","2","10","0","0","4.71","Game & Watch Gallery 4"
"Disney's Brother Bear","13914","Disney's Brother Bear","10740","540","126","1","3","0","0","19.89","Disney's Brother Bear"
"The Lord of the Rings: War of the Ring","13915","The Lord of the Rings: War of the Ring","10740","1920","34","1","9","0","0","5.59","The Lord of the Rings: War of the Ring"
"Knytt Underground","13916","Knytt Underground","10740","5220","12","1","16","0","0","2.06","Knytt Underground"
"Roger Clemens' MVP Baseball","13917","Roger Clemens' MVP Baseball","10740","1680","15","1","1","0","0","6.39","Roger Clemens' MVP Baseball"
"Battlebit","13918","Battlebit","10740","2580","55","2","6","0","0","4.16","Battlebit"
"Jazz and Faust","13919","Jazz and Faust","10740","420","168","1","2","0","0","25.57","Jazz and Faust"
"Densha de Go! Professional 2","13920","Densha de Go! Professional 2","10740","180","70","1","1","0","0","59.67","Densha de Go! Professional 2"
"Regnum","13921","Regnum","10740","2640","23","1","3","0","0","4.07","Regnum"
"A.V.A: Guns On Fire","13922","A.V.A: Guns On Fire","10740","1920","24","1","2","0","0","5.59","A.V.A: Guns On Fire"
"HIND: The Russian Combat Helicopter Simulation","13923","HIND: The Russian Combat Helicopter Simulation","10740","1140","35","1","6","0","0","9.42","HIND: The Russian Combat Helicopter Simulation"
"Rap Jam: Volume One","13924","Rap Jam: Volume One","10740","480","161","1","2","0","0","22.38","Rap Jam: Volume One"
"Mata Nui Online Game","13925","Mata Nui Online Game","10740","1740","19","1","5","0","0","6.17","Mata Nui Online Game"
"200% Mixed Juice!","13926","200% Mixed Juice!","10740","5580","32","2","24","0","0","1.92","200% Mixed Juice!"
"Fear Less!","13927","Fear Less!","10740","8220","20","1","4","0","0","1.31","Fear Less!"
"Dragon Knight","13928","Dragon Knight","10740","4140","50","1","24","0","0","2.59","Dragon Knight"
"Duke Nukem Advance","13929","Duke Nukem Advance","10740","1620","78","1","6","0","0","6.63","Duke Nukem Advance"
"Spooky Cats","13930","Spooky Cats","10740","4320","45","2","24","0","0","2.49","Spooky Cats"
"Dreamcatcher","13931","Dreamcatcher","10740","360","165","1","5","0","0","29.83","Dreamcatcher"
"Warriors: Legends of Troy","13932","Warriors: Legends of Troy","10680","600","179","1","3","0","0","17.8","Warriors: Legends of Troy"
"Fire Pro Wrestling G","13933","Fire Pro Wrestling G","10680","240","101","1","2","0","0","44.5","Fire Pro Wrestling G"
"Goats on a Bridge","13934","Goats on a Bridge","10680","2520","98","2","15","0","0","4.24","Goats on a Bridge"
"Uncharted: Fortune Hunter","13935","Uncharted: Fortune Hunter","10680","360","176","1","3","0","0","29.67","Uncharted: Fortune Hunter"
"Dungeons of Daggorath","13936","Dungeons of Daggorath","10680","180","107","1","2","0","0","59.33","Dungeons of Daggorath"
"EverQuest II: Rise of Kunark","13937","EverQuest II: Rise of Kunark","10680","4980","10","2","7","0","0","2.14","EverQuest II: Rise of Kunark"
"K-1 World Grand Prix: The Beast Attack!","13938","K-1 World Grand Prix: The Beast Attack!","10680","120","102","1","1","0","0","89","K-1 World Grand Prix: The Beast Attack!"
"Cold Hearts","13939","Cold Hearts","10680","2520","16","1","15","0","0","4.24","Cold Hearts"
"Footy Fanatic","13940","Footy Fanatic","10680","420","130","1","2","0","0","25.43","Footy Fanatic"
"Men in Black: Alien Crisis","13941","Men in Black: Alien Crisis","10680","60","178","1","1","0","0","178","Men in Black: Alien Crisis"
"beatmania IIDX 22 PENDUAL","13942","beatmania IIDX 22 PENDUAL","10680","4500","37","1","8","0","0","2.37","beatmania IIDX 22 PENDUAL"
"Peggle: World of Warcraft Edition","13943","Peggle: World of Warcraft Edition","10680","10200","8","2","6","0","0","1.05","Peggle: World of Warcraft Edition"
"Champions: Return to Arms","13944","Champions: Return to Arms","10680","5280","16","1","23","0","0","2.02","Champions: Return to Arms"
"Disney Tsum Tsum","13945","Disney Tsum Tsum","10680","6660","9","2","14","0","0","1.6","Disney Tsum Tsum"
"Kiai Resonance","13946","Kiai Resonance","10680","1380","90","2","14","0","0","7.74","Kiai Resonance"
"Star Wars: Battlefront III","13947","Star Wars: Battlefront III","10680","7800","32","3","37","0","0","1.37","Star Wars: Battlefront III"
"Timber","13948","Timber","10680","1140","93","1","2","0","0","9.37","Timber"
"Where Is My Heart?","13949","Where Is My Heart?","10680","1680","94","1","8","0","0","6.36","Where Is My Heart?"
"It Came From Space and Ate Our Brains","13950","It Came From Space and Ate Our Brains","10680","3240","13","3","14","0","0","3.3","It Came From Space and Ate Our Brains"
"Samurai Western","13951","Samurai Western","10620","1380","29","1","4","0","0","7.7","Samurai Western"
"Street Fighter Alpha: Warriors' Dreams","13952","Street Fighter Alpha: Warriors' Dreams","10620","5760","20","1","21","0","0","1.84","Street Fighter Alpha: Warriors' Dreams"
"Strikers 1945 III","13953","Strikers 1945 III","10620","1320","30","1","5","0","0","8.05","Strikers 1945 III"
"Internet Checkers","13954","Internet Checkers","10620","8700","19","2","23","0","0","1.22","Internet Checkers"
"The Jetsons: Invasion of the Planet Pirates","13955","The Jetsons: Invasion of the Planet Pirates","10620","1800","29","1","7","0","0","5.9","The Jetsons: Invasion of the Planet Pirates"
"Pajama Sam: Lost and Found","13956","Pajama Sam: Lost and Found","10620","3360","39","1","4","0","0","3.16","Pajama Sam: Lost and Found"
"Fantasy Farming: Orange Season","13957","Fantasy Farming: Orange Season","10620","4920","17","1","10","0","0","2.16","Fantasy Farming: Orange Season"
"Distorted Travesty 2: The Sequel to the Prequel","13958","Distorted Travesty 2: The Sequel to the Prequel","10620","4980","8","2","2","0","0","2.13","Distorted Travesty 2: The Sequel to the Prequel"
"Super Bugman Extreme Ultra","13959","Super Bugman Extreme Ultra","10620","3660","19","2","2","0","0","2.9","Super Bugman Extreme Ultra"
"Metal Assault","13960","Metal Assault","10620","1560","100","1","11","0","0","6.81","Metal Assault"
"SOLUS","13961","SOLUS","10620","6960","59","2","24","0","0","1.53","SOLUS"
"Gear Works","13962","Gear Works","10620","720","60","1","4","0","0","14.75","Gear Works"
"MilitAnt","13963","MilitAnt","10620","1200","58","1","8","0","0","8.85","MilitAnt"
"Wheels of Aurelia","13964","Wheels of Aurelia","10620","6180","20","2","29","0","0","1.72","Wheels of Aurelia"
"Buck","13965","Buck","10620","1440","40","2","11","0","0","7.38","Buck"
"Rooms the unsolvable puzzle","13966","Rooms the unsolvable puzzle","10560","1980","26","1","8","0","0","5.33","Rooms the unsolvable puzzle"
"O! My Genesis VR","13967","O! My Genesis VR","10560","4980","60","1","37","0","0","2.12","O! My Genesis VR"
"0eb4e6b0-5f78-4e52-8165-e5283a414db0","13968","0eb4e6b0-5f78-4e52-8165-e5283a414db0","10560","3120","117","1","3","0","0","3.38","0eb4e6b0-5f78-4e52-8165-e5283a414db0"
"Warspear Online","13969","Warspear Online","10560","9300","31","2","39","0","0","1.14","Warspear Online"
"Night Raid","13970","Night Raid","10560","540","57","1","1","0","0","19.56","Night Raid"
"Phantasy Star Zero","13971","Phantasy Star Zero","10560","2460","19","1","10","0","0","4.29","Phantasy Star Zero"
"Rocky","13972","Rocky","10560","2700","51","1","10","0","0","3.91","Rocky"
"World of Subways Vol.1: The Path","13973","World of Subways Vol.1: The Path","10560","8400","6","1","2","0","0","1.26","World of Subways Vol.1: The Path"
"Toilet Kids","13974","Toilet Kids","10560","3120","54","1","6","0","0","3.38","Toilet Kids"
"Jinks","13975","Jinks","10560","10080","5","1","1","0","0","1.05","Jinks"
"Lifeless","13976","Lifeless","10560","2580","29","1","13","0","0","4.09","Lifeless"
"The Rivers of Alice","13977","The Rivers of Alice","10560","1140","28","1","5","0","0","9.26","The Rivers of Alice"
"Judge","13978","Judge","10560","660","64","1","2","0","0","16","Judge"
"Sing Along","13979","Sing Along","10560","2280","47","1","11","0","0","4.63","Sing Along"
"Dragon Spirit: The New Legend","13980","Dragon Spirit: The New Legend","10560","1920","39","1","10","0","0","5.5","Dragon Spirit: The New Legend"
".hack//Link","13981",".hack//Link","10500","4680","13","1","14","0","0","2.24",".hack//Link"
"Roller Coaster","13982","Roller Coaster","10500","3780","22","2","15","0","0","2.78","Roller Coaster"
"C64 Classix","13983","C64 Classix","10500","6240","13","2","17","0","0","1.68","C64 Classix"
"Digimon All-Star Rumble","13984","Digimon All-Star Rumble","10500","420","71","1","1","0","0","25","Digimon All-Star Rumble"
"Bejeweled 2","13985","Bejeweled 2","10500","7800","11","1","37","0","0","1.35","Bejeweled 2"
"Chess Kids","13986","Chess Kids","10500","14640","12","1","4","0","0","0.72","Chess Kids"
"Crash Boom, Bang!","13987","Crash Boom, Bang!","10500","1440","61","1","8","0","0","7.29","Crash Boom, Bang!"
"Granada","13988","Granada","10500","1080","140","1","4","0","0","9.72","Granada"
"Freddi Fish & Luther's Maze Madness","13989","Freddi Fish & Luther's Maze Madness","10500","480","161","1","2","0","0","21.88","Freddi Fish & Luther's Maze Madness"
"Toy Soldiers: War Chest","13990","Toy Soldiers: War Chest","10500","10620","20","1","57","0","0","0.99","Toy Soldiers: War Chest"
"Princess Maker 4","13991","Princess Maker 4","10500","3780","15","1","9","0","0","2.78","Princess Maker 4"
"Ninja Boy 2","13992","Ninja Boy 2","10500","660","29","1","1","0","0","15.91","Ninja Boy 2"
"Hamsterball","13993","Hamsterball","10500","2100","51","1","12","0","0","5","Hamsterball"
"Medals of War","13994","Medals of War","10500","900","40","1","3","0","0","11.67","Medals of War"
"MiniBotz","13995","MiniBotz","10500","2820","18","1","11","0","0","3.72","MiniBotz"
"VR Ping Pong","13996","VR Ping Pong","10500","5280","38","1","30","0","0","1.99","VR Ping Pong"
"Sorcery! 2","13997","Sorcery! 2","10500","1680","55","1","6","0","0","6.25","Sorcery! 2"
"Inner Worlds","13998","Inner Worlds","10500","1020","36","1","6","0","0","10.29","Inner Worlds"
"Vietcong: Purple Haze","13999","Vietcong: Purple Haze","10440","1140","105","1","6","0","0","9.16","Vietcong: Purple Haze"
"Operation Body Count","14000","Operation Body Count","10440","1620","49","1","4","0","0","6.44","Operation Body Count"