"","","Game","Watch time","Stream time","Peak viewers","Peak channels","Streamers","Average viewers","Average channels","Average viewer ratio",""
"Sylvio 2","2601","Sylvio 2","1629120","7260","15858","3","30","3","0","224.4","Sylvio 2"
"Think of the Children!","2602","Think of the Children!","1627800","10560","19121","2","72","3","0","154.15","Think of the Children!"
"Homefront: The Revolution","2603","Homefront: The Revolution","1627380","700800","344","22","2847","3","1","2.32","Homefront: The Revolution"
"Mother 3","2604","Mother 3","1626540","214800","559","5","396","3","0","7.57","Mother 3"
"Door Kickers","2605","Door Kickers","1624200","68880","2475","4","290","3","0","23.58","Door Kickers"
"Guitar Flash","2606","Guitar Flash","1623900","51360","8472","4","222","3","0","31.62","Guitar Flash"
"Kingspray Graffiti VR","2607","Kingspray Graffiti VR","1621980","34620","724","3","98","3","0","46.85","Kingspray Graffiti VR"
"Super Puzzle Fighter II Turbo","2608","Super Puzzle Fighter II Turbo","1619760","23820","7732","3","72","3","0","68","Super Puzzle Fighter II Turbo"
"Duke Nukem 3D: 20th Anniversary World Tour","2609","Duke Nukem 3D: 20th Anniversary World Tour","1618380","196500","2233","6","749","3","0","8.24","Duke Nukem 3D: 20th Anniversary World Tour"
"The Silent Age","2610","The Silent Age","1616580","65880","3413","4","263","3","0","24.54","The Silent Age"
"Densha De D: Lightning Stage","2611","Densha De D: Lightning Stage","1616100","12900","25373","2","21","3","0","125.28","Densha De D: Lightning Stage"
"Crashday","2612","Crashday","1615740","16140","19565","6","92","3","0","100.11","Crashday"
"Penumbra: Overture","2613","Penumbra: Overture","1614720","196980","921","7","755","3","0","8.2","Penumbra: Overture"
"Slender: The Eight Pages","2614","Slender: The Eight Pages","1614060","72600","10539","5","549","3","0","22.23","Slender: The Eight Pages"
"Melty Blood: Actress Again: Current Code","2615","Melty Blood: Actress Again: Current Code","1612980","127980","2427","5","334","3","0","12.6","Melty Blood: Actress Again: Current Code"
"The Lord of the Rings: The Battle for Middle-earth II","2616","The Lord of the Rings: The Battle for Middle-earth II","1609740","102480","384","4","159","3","0","15.71","The Lord of the Rings: The Battle for Middle-earth II"
"S4 League","2617","S4 League","1609620","400500","124","6","540","3","0","4.02","S4 League"
"Programming","2618","Programming","1608360","400440","1204","12","681","3","0","4.02","Programming"
"Songbringer","2619","Songbringer","1608060","37020","5283","7","207","3","0","43.44","Songbringer"
"The Madness Of Little Emma","2620","The Madness Of Little Emma","1607280","10080","4018","2","23","3","0","159.45","The Madness Of Little Emma"
"Petka 3: The Return of Alaska","2621","Petka 3: The Return of Alaska","1604280","8580","3091","2","20","3","0","186.98","Petka 3: The Return of Alaska"
"Super Cloudbuilt","2622","Super Cloudbuilt","1604160","70740","5982","7","192","3","0","22.68","Super Cloudbuilt"
"Star Wars: Rogue Squadron","2623","Star Wars: Rogue Squadron","1603140","25560","4777","4","71","3","0","62.72","Star Wars: Rogue Squadron"
"Dengeki Bunko: Fighting Climax","2624","Dengeki Bunko: Fighting Climax","1602900","84780","6839","3","75","3","0","18.91","Dengeki Bunko: Fighting Climax"
"Command & Conquer","2625","Command & Conquer","1599420","82020","4104","5","209","3","0","19.5","Command & Conquer"
"Monkey Island 2:  LeChuck's Revenge","2626","Monkey Island 2:  LeChuck's Revenge","1598640","127680","736","3","281","3","0","12.52","Monkey Island 2:  LeChuck's Revenge"
"The Universim","2627","The Universim","1598400","68160","1982","4","230","3","0","23.45","The Universim"
"Seeking Evil: The Wendigo","2628","Seeking Evil: The Wendigo","1596660","4500","16531","2","44","3","0","354.81","Seeking Evil: The Wendigo"
"Verdun","2629","Verdun","1594260","456900","751","29","2573","3","0","3.49","Verdun"
"Tokimeki Memorial 2","2630","Tokimeki Memorial 2","1593840","3600","2465","1","5","3","0","442.73","Tokimeki Memorial 2"
"Sudden Attack","2631","Sudden Attack","1592700","187920","2335","6","492","3","0","8.48","Sudden Attack"
"Digimon Linkz","2632","Digimon Linkz","1591560","122700","648","11","195","3","0","12.97","Digimon Linkz"
"Bio Inc. Redemption","2633","Bio Inc. Redemption","1590960","42960","2775","3","170","3","0","37.03","Bio Inc. Redemption"
"MediEvil","2634","MediEvil","1587060","158760","5801","4","301","3","0","10","MediEvil"
"Mega Man Zero 4","2635","Mega Man Zero 4","1586760","55260","877","4","76","3","0","28.71","Mega Man Zero 4"
"Dark Messiah of Might and Magic: Elements","2636","Dark Messiah of Might and Magic: Elements","1586100","20280","13489","8","74","3","0","78.21","Dark Messiah of Might and Magic: Elements"
"Gears of War 2","2637","Gears of War 2","1586040","327240","3377","7","1123","3","0","4.85","Gears of War 2"
"Wheel of Fortune","2638","Wheel of Fortune","1583400","39960","2917","3","149","3","0","39.62","Wheel of Fortune"
"BattleTech","2639","BattleTech","1582260","92940","1338","8","201","3","0","17.02","BattleTech"
"Shinobi Refle: Senran Kagura","2640","Shinobi Refle: Senran Kagura","1581660","7620","9351","4","28","3","0","207.57","Shinobi Refle: Senran Kagura"
"Disaster Report","2641","Disaster Report","1579680","15600","2872","2","26","3","0","101.26","Disaster Report"
"Lufia & the Fortress of Doom","2642","Lufia & the Fortress of Doom","1578120","49380","2542","3","69","3","0","31.96","Lufia & the Fortress of Doom"
"Ashes of Creation","2643","Ashes of Creation","1577340","8520","1172","2","8","3","0","185.13","Ashes of Creation"
"Marvel vs. Capcom: Clash of Super Heroes","2644","Marvel vs. Capcom: Clash of Super Heroes","1576560","50340","7418","3","165","2","0","31.32","Marvel vs. Capcom: Clash of Super Heroes"
"Victor Vran","2645","Victor Vran","1575780","324360","924","9","1061","2","0","4.86","Victor Vran"
"Dungeons of Dredmor","2646","Dungeons of Dredmor","1574100","87420","1850","3","211","2","0","18.01","Dungeons of Dredmor"
"FAST RMX","2647","FAST RMX","1571700","71220","2878","10","407","2","0","22.07","FAST RMX"
"JoJo no Kimyo na Bouken: Eyes of Heaven","2648","JoJo no Kimyo na Bouken: Eyes of Heaven","1571100","14400","2268","2","53","2","0","109.1","JoJo no Kimyo na Bouken: Eyes of Heaven"
"Uncanny Valley","2649","Uncanny Valley","1570800","44160","5455","5","222","2","0","35.57","Uncanny Valley"
"SUPERFIGHT","2650","SUPERFIGHT","1569960","171300","4367","6","418","2","0","9.16","SUPERFIGHT"
"Dragon Warrior Monsters 2","2651","Dragon Warrior Monsters 2","1569780","31140","8269","2","32","2","0","50.41","Dragon Warrior Monsters 2"
"SoniComi","2652","SoniComi","1569540","26520","1714","2","86","2","0","59.18","SoniComi"
"Okhlos","2653","Okhlos","1569180","29700","4282","3","156","2","0","52.83","Okhlos"
"Pro Cycling Manager 2017","2654","Pro Cycling Manager 2017","1568340","117900","353","8","162","2","0","13.3","Pro Cycling Manager 2017"
"Spider-Man: Shattered Dimensions","2655","Spider-Man: Shattered Dimensions","1567620","56520","2397","3","147","2","0","27.74","Spider-Man: Shattered Dimensions"
"Roulette","2656","Roulette","1566600","67080","3034","3","218","2","0","23.35","Roulette"
"Mother Russia Bleeds","2657","Mother Russia Bleeds","1566180","153840","1310","4","764","2","0","10.18","Mother Russia Bleeds"
"Mega Man Anniversary Collection","2658","Mega Man Anniversary Collection","1565460","37560","1793","5","81","2","0","41.68","Mega Man Anniversary Collection"
"Little Inferno","2659","Little Inferno","1565280","75420","10815","3","363","2","0","20.75","Little Inferno"
"Katawa Shoujo","2660","Katawa Shoujo","1564980","151740","637","6","375","2","0","10.31","Katawa Shoujo"
"Under Night In-Birth","2661","Under Night In-Birth","1564260","100560","1630","4","316","2","0","15.56","Under Night In-Birth"
"It's Quiz Time","2662","It's Quiz Time","1560840","29940","6142","6","26","2","0","52.13","It's Quiz Time"
"A Magical High School Girl","2663","A Magical High School Girl","1560660","11340","1995","3","32","2","0","137.62","A Magical High School Girl"
"SpellForce: The Order of Dawn","2664","SpellForce: The Order of Dawn","1560600","101100","1334","4","84","2","0","15.44","SpellForce: The Order of Dawn"
"Lunacy","2665","Lunacy","1558920","2760","20219","2","21","2","0","564.83","Lunacy"
"Stars Without Number","2666","Stars Without Number","1558320","66180","665","7","47","2","0","23.55","Stars Without Number"
"Xenonauts","2667","Xenonauts","1558080","134520","371","5","171","2","0","11.58","Xenonauts"
"Evoland","2668","Evoland","1556580","116400","8270","5","466","2","0","13.37","Evoland"
"Baldur's Gate II: Shadows of Amn","2669","Baldur's Gate II: Shadows of Amn","1556040","277440","204","5","307","2","0","5.61","Baldur's Gate II: Shadows of Amn"
"Skyhill","2670","Skyhill","1554360","54360","1021","4","173","2","0","28.59","Skyhill"
"Growtopia","2671","Growtopia","1553220","375180","603","7","784","2","0","4.14","Growtopia"
"Shin Megami Tensei: Digital Devil Saga","2672","Shin Megami Tensei: Digital Devil Saga","1553160","116820","618","4","148","2","0","13.3","Shin Megami Tensei: Digital Devil Saga"
"Marvel Super Heroes","2673","Marvel Super Heroes","1552020","19080","6889","2","56","2","0","81.34","Marvel Super Heroes"
"Sins of a Solar Empire: Rebellion","2674","Sins of a Solar Empire: Rebellion","1548480","220680","5367","5","565","2","0","7.02","Sins of a Solar Empire: Rebellion"
"LSD","2675","LSD","1547700","25980","19682","2","112","2","0","59.57","LSD"
"Project Argo","2676","Project Argo","1547400","202740","9370","24","994","2","0","7.63","Project Argo"
"The Alchemist Code","2677","The Alchemist Code","1546980","88140","359","7","75","2","0","17.55","The Alchemist Code"
"Battle Pirates","2678","Battle Pirates","1546920","207960","340","4","45","2","0","7.44","Battle Pirates"
"Wargame: Red Dragon","2679","Wargame: Red Dragon","1546260","321720","1552","5","659","2","0","4.81","Wargame: Red Dragon"
"Street Fighter EX2 Plus","2680","Street Fighter EX2 Plus","1545480","9720","7540","2","35","2","0","159","Street Fighter EX2 Plus"
"Harvest Moon: Back to Nature","2681","Harvest Moon: Back to Nature","1545060","72300","461","3","104","2","0","21.37","Harvest Moon: Back to Nature"
"Battlefield 2142","2682","Battlefield 2142","1544820","227940","2452","5","196","2","0","6.78","Battlefield 2142"
"Street Fighter II': Hyper Fighting","2683","Street Fighter II': Hyper Fighting","1543920","6900","21706","2","42","2","0","223.76","Street Fighter II': Hyper Fighting"
"Heart's Medicine - Hospital Heat","2684","Heart's Medicine - Hospital Heat","1542420","13020","2602","3","32","2","0","118.47","Heart's Medicine - Hospital Heat"
"FIFA 15","2685","FIFA 15","1541940","484860","5418","9","2736","2","0","3.18","FIFA 15"
"Shiness","2686","Shiness","1540380","95400","889","19","301","2","0","16.15","Shiness"
"Bulb Boy","2687","Bulb Boy","1540380","34020","3581","2","187","2","0","45.28","Bulb Boy"
"Pot Farm","2688","Pot Farm","1540320","8700","583","1","7","2","0","177.05","Pot Farm"
"Distorted Travesty 3: Saved Game","2689","Distorted Travesty 3: Saved Game","1538160","75240","912","3","33","2","0","20.44","Distorted Travesty 3: Saved Game"
"Galactic Feud","2690","Galactic Feud","1535400","9600","18726","4","46","2","0","159.94","Galactic Feud"
"Mighty Morphin Power Rangers: Mega Battle","2691","Mighty Morphin Power Rangers: Mega Battle","1535100","48360","2786","15","257","2","0","31.74","Mighty Morphin Power Rangers: Mega Battle"
"Nintendo Land","2692","Nintendo Land","1532640","51000","8590","4","158","2","0","30.05","Nintendo Land"
"Teeworlds","2693","Teeworlds","1532220","92100","11992","4","399","2","0","16.64","Teeworlds"
"Grand Chase","2694","Grand Chase","1532160","154920","468","4","397","2","0","9.89","Grand Chase"
"Mother","2695","Mother","1531980","48780","8809","4","100","2","0","31.41","Mother"
"Resident Evil: The Umbrella Chronicles","2696","Resident Evil: The Umbrella Chronicles","1530840","21060","8649","2","71","2","0","72.69","Resident Evil: The Umbrella Chronicles"
"Sport Games","2697","Sport Games","1530660","3960","2149","2","9","2","0","386.53","Sport Games"
"TANGO 5: The Last Dance","2698","TANGO 5: The Last Dance","1529580","29640","7342","5","48","2","0","51.61","TANGO 5: The Last Dance"
"Professor Layton vs. Phoenix Wright: Ace Attorney","2699","Professor Layton vs. Phoenix Wright: Ace Attorney","1526820","27480","7871","4","31","2","0","55.56","Professor Layton vs. Phoenix Wright: Ace Attorney"
"DragonBall Fusions","2700","DragonBall Fusions","1526460","30600","1369","4","71","2","0","49.88","DragonBall Fusions"