"","","Game","Watch time","Stream time","Peak viewers","Peak channels","Streamers","Average viewers","Average channels","Average viewer ratio",""
"X-Plane","6601","X-Plane","159240","162000","35","4","377","0","0","0.98","X-Plane"
"Disney's Pocahontas","6602","Disney's Pocahontas","159180","1260","1339","1","3","0","0","126.33","Disney's Pocahontas"
"Karaoke Studio","6603","Karaoke Studio","159000","6480","634","2","41","0","0","24.54","Karaoke Studio"
"Monster Hunter Frontier","6604","Monster Hunter Frontier","158940","33600","32","3","34","0","0","4.73","Monster Hunter Frontier"
"Halloween","6605","Halloween","158880","16620","336","14","68","0","0","9.56","Halloween"
"True Crime: New York City","6606","True Crime: New York City","158820","15300","464","2","37","0","0","10.38","True Crime: New York City"
"Statik","6607","Statik","158820","40680","374","6","241","0","0","3.9","Statik"
"Fast Food Tycoon 2","6608","Fast Food Tycoon 2","158760","7380","303","1","23","0","0","21.51","Fast Food Tycoon 2"
"Robopon: Sun Version","6609","Robopon: Sun Version","158700","5460","179","1","11","0","0","29.07","Robopon: Sun Version"
"Patapon 3","6610","Patapon 3","158640","28380","671","2","84","0","0","5.59","Patapon 3"
"Chip's Challenge","6611","Chip's Challenge","158580","34920","142","3","59","0","0","4.54","Chip's Challenge"
"YOLO Life: The Beggining","6612","YOLO Life: The Beggining","158580","2280","555","1","9","0","0","69.55","YOLO Life: The Beggining"
"Montas","6613","Montas","158520","1020","924","1","7","0","0","155.41","Montas"
"Welcome to Boon Hill","6614","Welcome to Boon Hill","158340","120","2637","1","1","0","0","1319.5","Welcome to Boon Hill"
"Halfway","6615","Halfway","158160","2940","1105","1","12","0","0","53.8","Halfway"
"QuizUp","6616","QuizUp","158160","5520","1359","1","23","0","0","28.65","QuizUp"
"SimCity 3000","6617","SimCity 3000","158100","9900","132","2","20","0","0","15.97","SimCity 3000"
"Harvest Moon: Tree of Tranquility","6618","Harvest Moon: Tree of Tranquility","157740","25620","49","2","28","0","0","6.16","Harvest Moon: Tree of Tranquility"
"Flashback","6619","Flashback","157560","9120","799","2","39","0","0","17.28","Flashback"
"Choose an Enemy","6620","Choose an Enemy","157440","360","3028","1","3","0","0","437.33","Choose an Enemy"
"Planet Centauri","6621","Planet Centauri","157260","35700","133","3","82","0","0","4.41","Planet Centauri"
"Hidden & Dangerous 2: Sabre Squadron","6622","Hidden & Dangerous 2: Sabre Squadron","157200","1800","1145","1","7","0","0","87.33","Hidden & Dangerous 2: Sabre Squadron"
"Fisher-Price: Perfect Fit","6623","Fisher-Price: Perfect Fit","157080","1740","1089","1","7","0","0","90.28","Fisher-Price: Perfect Fit"
"Carmen Sandiego: The Secret of the Stolen Drums","6624","Carmen Sandiego: The Secret of the Stolen Drums","157080","120","1539","1","1","0","0","1309","Carmen Sandiego: The Secret of the Stolen Drums"
"Wild Ones","6625","Wild Ones","157080","1320","1036","1","7","0","0","119","Wild Ones"
"Escape Goat 2","6626","Escape Goat 2","157020","11100","216","2","32","0","0","14.15","Escape Goat 2"
"The Weakest Link","6627","The Weakest Link","157020","2340","266","3","9","0","0","67.1","The Weakest Link"
"Devil's Third","6628","Devil's Third","156840","5520","318","1","17","0","0","28.41","Devil's Third"
"Scooby-Doo Mystery","6629","Scooby-Doo Mystery","156600","7320","1582","3","37","0","0","21.39","Scooby-Doo Mystery"
"Kororinpa: Marble Mania","6630","Kororinpa: Marble Mania","156600","11400","891","2","11","0","0","13.74","Kororinpa: Marble Mania"
"Ys II: Ancient Ys Vanished: The Final Chapter","6631","Ys II: Ancient Ys Vanished: The Final Chapter","156540","16320","248","2","31","0","0","9.59","Ys II: Ancient Ys Vanished: The Final Chapter"
"SpaceChem","6632","SpaceChem","156540","29340","217","2","100","0","0","5.34","SpaceChem"
"Super Robot Wars MX","6633","Super Robot Wars MX","156540","14880","65","2","7","0","0","10.52","Super Robot Wars MX"
"Super Robot Wars OG: Original Generations","6634","Super Robot Wars OG: Original Generations","156480","26460","416","2","28","0","0","5.91","Super Robot Wars OG: Original Generations"
"The King of Fighters '96","6635","The King of Fighters '96","156480","5880","789","1","17","0","0","26.61","The King of Fighters '96"
"The Legend Of Zelda: Four Swords Anniversary Edition","6636","The Legend Of Zelda: Four Swords Anniversary Edition","156480","5160","1125","1","21","0","0","30.33","The Legend Of Zelda: Four Swords Anniversary Edition"
"Super Meat Boy: The Game","6637","Super Meat Boy: The Game","156420","1680","575","1","14","0","0","93.11","Super Meat Boy: The Game"
"Pokémon Mystery Dungeon: Explorers of Darkness/Time","6638","Pokémon Mystery Dungeon: Explorers of Darkness/Time","156420","31080","39","2","62","0","0","5.03","Pokémon Mystery Dungeon: Explorers of Darkness/Time"
"Incredible Crisis","6639","Incredible Crisis","156420","7560","330","2","45","0","0","20.69","Incredible Crisis"
"Overcast - Walden and the Werewolf","6640","Overcast - Walden and the Werewolf","156360","8160","1785","2","45","0","0","19.16","Overcast - Walden and the Werewolf"
"Ultimate General: Gettysburg","6641","Ultimate General: Gettysburg","156360","22140","319","2","34","0","0","7.06","Ultimate General: Gettysburg"
"Mario's Early Years: Fun with Numbers","6642","Mario's Early Years: Fun with Numbers","156240","720","1853","1","4","0","0","217","Mario's Early Years: Fun with Numbers"
"Raymond E. Feist's Return to Krondor","6643","Raymond E. Feist's Return to Krondor","156180","2700","109","1","3","0","0","57.84","Raymond E. Feist's Return to Krondor"
"Animorphs","6644","Animorphs","156180","5820","279","3","17","0","0","26.84","Animorphs"
"The Misadventures of Tron Bonne","6645","The Misadventures of Tron Bonne","156120","23280","132","3","33","0","0","6.71","The Misadventures of Tron Bonne"
"Seventh Dark","6646","Seventh Dark","156120","5760","272","2","10","0","0","27.1","Seventh Dark"
"NASCAR '15","6647","NASCAR '15","156060","34080","56","3","65","0","0","4.58","NASCAR '15"
"Animal","6648","Animal","155880","275280","44","3","24","0","0","0.57","Animal"
"BATTLECREW Space Pirates","6649","BATTLECREW Space Pirates","155880","7740","1899","2","55","0","0","20.14","BATTLECREW Space Pirates"
"Enki","6650","Enki","155880","4380","847","1","21","0","0","35.59","Enki"
"OutDrive","6651","OutDrive","155820","8220","1453","2","59","0","0","18.96","OutDrive"
"Supreme Ruler 2020","6652","Supreme Ruler 2020","155820","9840","129","3","12","0","0","15.84","Supreme Ruler 2020"
"Barbie Pet Rescue","6653","Barbie Pet Rescue","155820","35220","402","3","53","0","0","4.42","Barbie Pet Rescue"
"Resident Evil Archives: Resident Evil","6654","Resident Evil Archives: Resident Evil","155760","4560","665","2","23","0","0","34.16","Resident Evil Archives: Resident Evil"
"Tetris Classic","6655","Tetris Classic","155700","42300","177","2","131","0","0","3.68","Tetris Classic"
"GRAV","6656","GRAV","155580","52140","165","3","190","0","0","2.98","GRAV"
"Bus Driver","6657","Bus Driver","155580","9960","683","2","60","0","0","15.62","Bus Driver"
"American Idol","6658","American Idol","155520","1620","1512","2","7","0","0","96","American Idol"
"Xena: Warrior Princess - The Talisman of Fate","6659","Xena: Warrior Princess - The Talisman of Fate","155460","360","1657","1","3","0","0","431.83","Xena: Warrior Princess - The Talisman of Fate"
"Nightmares from the Deep 3: Davy Jones","6660","Nightmares from the Deep 3: Davy Jones","155460","12480","336","1","27","0","0","12.46","Nightmares from the Deep 3: Davy Jones"
"Triptych","6661","Triptych","155460","60","4831","1","0","0","0","2591","Triptych"
"Fear Equation","6662","Fear Equation","155460","2160","1101","1","9","0","0","71.97","Fear Equation"
"Black Knight Sword","6663","Black Knight Sword","155340","3060","140","1","5","0","0","50.76","Black Knight Sword"
"Virtual Bart","6664","Virtual Bart","155340","6540","879","3","22","0","0","23.75","Virtual Bart"
"Command & Conquer Red Alert 3: Uprising","6665","Command & Conquer Red Alert 3: Uprising","155280","52860","79","3","170","0","0","2.94","Command & Conquer Red Alert 3: Uprising"
"Super Buster Bros.","6666","Super Buster Bros.","155280","15960","1499","1","16","0","0","9.73","Super Buster Bros."
"Sacred 2: Ice and Blood","6667","Sacred 2: Ice and Blood","155220","52380","90","3","107","0","0","2.96","Sacred 2: Ice and Blood"
"else Heart.Break()","6668","else Heart.Break()","155160","32640","151","3","148","0","0","4.75","else Heart.Break()"
"Fatal Fury 2","6669","Fatal Fury 2","155100","1740","496","1","9","0","0","89.14","Fatal Fury 2"
"Host & Interview Workshop","6670","Host & Interview Workshop","155040","2520","702","8","10","0","0","61.52","Host & Interview Workshop"
"Monster in My Pocket","6671","Monster in My Pocket","154980","6180","879","3","28","0","0","25.08","Monster in My Pocket"
"Urban Terror","6672","Urban Terror","154920","32400","134","2","79","0","0","4.78","Urban Terror"
"Solstice Chronicles: MIA","6673","Solstice Chronicles: MIA","154920","15240","505","5","94","0","0","10.17","Solstice Chronicles: MIA"
"Harvest Moon DS","6674","Harvest Moon DS","154800","14580","72","2","24","0","0","10.62","Harvest Moon DS"
"Darkstone","6675","Darkstone","154800","8880","170","2","23","0","0","17.43","Darkstone"
"Streets of Rage 3","6676","Streets of Rage 3","154740","28260","245","2","103","0","0","5.48","Streets of Rage 3"
"Woodle Tree","6677","Woodle Tree","154680","1680","751","1","11","0","0","92.07","Woodle Tree"
"Riot","6678","Riot","154440","1860","1090","2","2","0","0","83.03","Riot"
"Camera Obscura","6679","Camera Obscura","154380","8520","1828","2","50","0","0","18.12","Camera Obscura"
"Last Resort","6680","Last Resort","154320","1620","1011","1","6","0","0","95.26","Last Resort"
"Squadd.io","6681","Squadd.io","154320","7800","818","2","23","0","0","19.78","Squadd.io"
"UNLOVED","6682","UNLOVED","154260","23760","1051","2","91","0","0","6.49","UNLOVED"
"Back to the Future: The Game - Episode 3: Citizen Brown","6683","Back to the Future: The Game - Episode 3: Citizen Brown","154080","22080","111","2","81","0","0","6.98","Back to the Future: The Game - Episode 3: Citizen Brown"
"Wheel of Fortune: Big Money","6684","Wheel of Fortune: Big Money","154020","780","516","1","5","0","0","197.46","Wheel of Fortune: Big Money"
"Flappy Special","6685","Flappy Special","154020","720","1630","1","2","0","0","213.92","Flappy Special"
"Assassin's Creed Chronicles: India","6686","Assassin's Creed Chronicles: India","153900","38100","237","2","119","0","0","4.04","Assassin's Creed Chronicles: India"
"Darkness Within 2: The Dark Lineage","6687","Darkness Within 2: The Dark Lineage","153780","6420","622","1","15","0","0","23.95","Darkness Within 2: The Dark Lineage"
"The Document of Metal Gear Solid 2","6688","The Document of Metal Gear Solid 2","153720","420","1246","1","2","0","0","366","The Document of Metal Gear Solid 2"
"FAST Racing Neo","6689","FAST Racing Neo","153540","11460","1445","3","37","0","0","13.4","FAST Racing Neo"
"ChatChat","6690","ChatChat","153540","40560","246","3","158","0","0","3.79","ChatChat"
"Siege","6691","Siege","153360","82560","569","3","307","0","0","1.86","Siege"
"Koudelka","6692","Koudelka","153240","37740","51","3","54","0","0","4.06","Koudelka"
"Outlast Trinity","6693","Outlast Trinity","153180","26940","103","3","115","0","0","5.69","Outlast Trinity"
"Archaica: The Path of Light","6694","Archaica: The Path of Light","153120","7080","929","4","29","0","0","21.63","Archaica: The Path of Light"
"Tonka Space Station","6695","Tonka Space Station","153060","240","1316","1","1","0","0","637.75","Tonka Space Station"
"Batman & Robin","6696","Batman & Robin","153060","3540","1536","2","17","0","0","43.24","Batman & Robin"
"Castlevania: The Dracula X Chronicles","6697","Castlevania: The Dracula X Chronicles","153000","31140","141","2","86","0","0","4.91","Castlevania: The Dracula X Chronicles"
"Dai-2-Ji Super Robot Taisen Z Saisei-hen","6698","Dai-2-Ji Super Robot Taisen Z Saisei-hen","152820","25440","45","3","14","0","0","6.01","Dai-2-Ji Super Robot Taisen Z Saisei-hen"
"Game of Dice","6699","Game of Dice","152820","49440","168","3","106","0","0","3.09","Game of Dice"
"Pangya","6700","Pangya","152820","20400","720","3","44","0","0","7.49","Pangya"