"","","Game","Watch time","Stream time","Peak viewers","Peak channels","Streamers","Average viewers","Average channels","Average viewer ratio",""
"Rise of the Robots","14401","Rise of the Robots","9240","900","66","1","6","0","0","10.27","Rise of the Robots"
"Spacewar!","14402","Spacewar!","9240","5160","19","1","26","0","0","1.79","Spacewar!"
"Melty Blood","14403","Melty Blood","9180","3180","34","1","18","0","0","2.89","Melty Blood"
"Frozen Cortex","14404","Frozen Cortex","9180","3120","13","2","11","0","0","2.94","Frozen Cortex"
"Pixel Hunter","14405","Pixel Hunter","9180","120","90","1","1","0","0","76.5","Pixel Hunter"
"Sinister City","14406","Sinister City","9180","2040","34","1","12","0","0","4.5","Sinister City"
"The Great Escape","14407","The Great Escape","9180","720","67","1","4","0","0","12.75","The Great Escape"
"Star Wars Commander","14408","Star Wars Commander","9180","17160","12","2","26","0","0","0.53","Star Wars Commander"
"Master Levels for Doom II","14409","Master Levels for Doom II","9180","3420","16","1","9","0","0","2.68","Master Levels for Doom II"
"Infinite Crisis","14410","Infinite Crisis","9180","4140","24","1","24","0","0","2.22","Infinite Crisis"
"Steven Seagal Is: The Final Option","14411","Steven Seagal Is: The Final Option","9180","7920","11","1","2","0","0","1.16","Steven Seagal Is: The Final Option"
"7 Grand Steps","14412","7 Grand Steps","9180","4320","16","1","16","0","0","2.13","7 Grand Steps"
"Rugby League Live","14413","Rugby League Live","9180","2520","14","2","9","0","0","3.64","Rugby League Live"
"Animorphs: Know the Secret","14414","Animorphs: Know the Secret","9180","240","76","1","2","0","0","38.25","Animorphs: Know the Secret"
"Grow Island","14415","Grow Island","9180","6840","12","1","6","0","0","1.34","Grow Island"
"Dynasty Warriors: Gundam 2","14416","Dynasty Warriors: Gundam 2","9180","3660","14","1","15","0","0","2.51","Dynasty Warriors: Gundam 2"
"Expand","14417","Expand","9180","3660","22","1","19","0","0","2.51","Expand"
"LostMagic","14418","LostMagic","9180","1620","14","1","3","0","0","5.67","LostMagic"
"SingStar Hottest Hits","14419","SingStar Hottest Hits","9180","3420","26","1","9","0","0","2.68","SingStar Hottest Hits"
"War Tech Fighters","14420","War Tech Fighters","9180","2100","31","2","15","0","0","4.37","War Tech Fighters"
"Engare","14421","Engare","9180","1200","35","1","8","0","0","7.65","Engare"
"Fat Mask","14422","Fat Mask","9180","420","144","1","4","0","0","21.86","Fat Mask"
"Densha De D: Climax Stage","14423","Densha De D: Climax Stage","9180","960","25","2","3","0","0","9.56","Densha De D: Climax Stage"
"Smarty Pants","14424","Smarty Pants","9180","540","129","1","4","0","0","17","Smarty Pants"
"Pirate Pop Plus","14425","Pirate Pop Plus","9180","720","55","1","7","0","0","12.75","Pirate Pop Plus"
"Secret Quest","14426","Secret Quest","9180","420","45","1","2","0","0","21.86","Secret Quest"
"Totemori","14427","Totemori","9120","2400","88","1","11","0","0","3.8","Totemori"
"From Next Door","14428","From Next Door","9120","1080","23","1","8","0","0","8.44","From Next Door"
"CounterAttack","14429","CounterAttack","9120","11460","6","2","29","0","0","0.8","CounterAttack"
"Princess Maker Collection","14430","Princess Maker Collection","9120","900","45","1","6","0","0","10.13","Princess Maker Collection"
"Fossil Echo","14431","Fossil Echo","9120","1980","12","1","10","0","0","4.61","Fossil Echo"
"Kaze no Klonoa: Moonlight Museum","14432","Kaze no Klonoa: Moonlight Museum","9120","900","30","1","2","0","0","10.13","Kaze no Klonoa: Moonlight Museum"
"Office Freakout","14433","Office Freakout","9120","240","117","1","3","0","0","38","Office Freakout"
"Pharmakon","14434","Pharmakon","9120","3120","41","1","4","0","0","2.92","Pharmakon"
"Camp Cadaver","14435","Camp Cadaver","9120","2760","12","1","4","0","0","3.3","Camp Cadaver"
"Sakura Dungeon","14436","Sakura Dungeon","9120","4740","36","2","23","0","0","1.92","Sakura Dungeon"
"Vida","14437","Vida","9120","4260","26","2","10","0","0","2.14","Vida"
"Fearless Night","14438","Fearless Night","9120","3960","14","1","4","0","0","2.3","Fearless Night"
"Samurai Shodown V","14439","Samurai Shodown V","9120","1440","49","1","9","0","0","6.33","Samurai Shodown V"
"Random Heroes 3","14440","Random Heroes 3","9120","2460","35","1","5","0","0","3.71","Random Heroes 3"
"Elf Bowling: Hawaiian Vacation","14441","Elf Bowling: Hawaiian Vacation","9120","720","21","1","1","0","0","12.67","Elf Bowling: Hawaiian Vacation"
"Strania: The Stella Machina","14442","Strania: The Stella Machina","9120","720","73","1","7","0","0","12.67","Strania: The Stella Machina"
"Ragnarok Online: Valkyrie Uprising","14443","Ragnarok Online: Valkyrie Uprising","9120","1020","38","1","5","0","0","8.94","Ragnarok Online: Valkyrie Uprising"
"Crazy Taxi 3: High Roller","14444","Crazy Taxi 3: High Roller","9120","3000","20","2","13","0","0","3.04","Crazy Taxi 3: High Roller"
"Money Mad","14445","Money Mad","9120","780","36","1","5","0","0","11.69","Money Mad"
"Newgrounds Rumble","14446","Newgrounds Rumble","9120","3840","14","2","18","0","0","2.38","Newgrounds Rumble"
"Karateka","14447","Karateka","9120","1680","35","1","8","0","0","5.43","Karateka"
"Power Rangers: Ninja Storm","14448","Power Rangers: Ninja Storm","9120","780","131","1","3","0","0","11.69","Power Rangers: Ninja Storm"
"Mountain Crime: Requital","14449","Mountain Crime: Requital","9120","1740","24","1","6","0","0","5.24","Mountain Crime: Requital"
"Bientôt l'été","14450","Bientôt l'été","9120","1020","42","1","4","0","0","8.94","Bientôt l'été"
"Ratchet & Clank: Before the Nexus","14451","Ratchet & Clank: Before the Nexus","9060","1020","30","1","3","0","0","8.88","Ratchet & Clank: Before the Nexus"
"Wizorb","14452","Wizorb","9060","3900","14","1","15","0","0","2.32","Wizorb"
"Space Giraffe","14453","Space Giraffe","9060","1500","42","1","9","0","0","6.04","Space Giraffe"
"Full Bore","14454","Full Bore","9060","2340","24","1","8","0","0","3.87","Full Bore"
"Seven Mysteries","14455","Seven Mysteries","9060","2340","24","1","8","0","0","3.87","Seven Mysteries"
"Date Warp","14456","Date Warp","9060","900","23","1","3","0","0","10.07","Date Warp"
"Three Dead Zed","14457","Three Dead Zed","9060","1800","38","1","12","0","0","5.03","Three Dead Zed"
"Allegiance","14458","Allegiance","9060","5580","27","2","17","0","0","1.62","Allegiance"
"Lovely x Cation 1 & 2","14459","Lovely x Cation 1 & 2","9060","1800","58","1","6","0","0","5.03","Lovely x Cation 1 & 2"
"Elven Legacy","14460","Elven Legacy","9060","1380","15","1","3","0","0","6.57","Elven Legacy"
"Frankenstein: Through the Eyes of the Monster","14461","Frankenstein: Through the Eyes of the Monster","9060","540","36","1","3","0","0","16.78","Frankenstein: Through the Eyes of the Monster"
"Corsair","14462","Corsair","9060","5460","7","1","15","0","0","1.66","Corsair"
"Ecchi Sketch: Draw Cute Girls Every Day!","14463","Ecchi Sketch: Draw Cute Girls Every Day!","9060","660","30","1","2","0","0","13.73","Ecchi Sketch: Draw Cute Girls Every Day!"
"Dungeon Chess","14464","Dungeon Chess","9060","600","54","1","1","0","0","15.1","Dungeon Chess"
"Beat Time","14465","Beat Time","9060","360","39","1","1","0","0","25.17","Beat Time"
"Astral Traveler","14466","Astral Traveler","9060","2280","56","1","10","0","0","3.97","Astral Traveler"
"Motocross Mania 3","14467","Motocross Mania 3","9060","300","154","1","3","0","0","30.2","Motocross Mania 3"
"Anime Workshop","14468","Anime Workshop","9060","5220","11","2","16","0","0","1.74","Anime Workshop"
"Endless Fables: The Minotaur's Curse","14469","Endless Fables: The Minotaur's Curse","9060","2040","25","1","5","0","0","4.44","Endless Fables: The Minotaur's Curse"
"Sengoku Musou 3Z","14470","Sengoku Musou 3Z","9060","480","69","1","1","0","0","18.88","Sengoku Musou 3Z"
"Tower Fortress","14471","Tower Fortress","9060","1560","39","1","7","0","0","5.81","Tower Fortress"
"Heroes of the Monkey Tavern","14472","Heroes of the Monkey Tavern","9000","5880","8","2","16","0","0","1.53","Heroes of the Monkey Tavern"
"Sometimes You Die","14473","Sometimes You Die","9000","1260","17","1","2","0","0","7.14","Sometimes You Die"
"Acaratus","14474","Acaratus","9000","1920","65","1","7","0","0","4.69","Acaratus"
"Budget Cuts","14475","Budget Cuts","9000","1920","125","1","17","0","0","4.69","Budget Cuts"
"Freestyle MetalX","14476","Freestyle MetalX","9000","2940","9","1","1","0","0","3.06","Freestyle MetalX"
"Jeopardy! New Sports Edition","14477","Jeopardy! New Sports Edition","9000","720","33","1","2","0","0","12.5","Jeopardy! New Sports Edition"
"Stuart Little 3: Big Photo Adventure","14478","Stuart Little 3: Big Photo Adventure","9000","2640","9","1","6","0","0","3.41","Stuart Little 3: Big Photo Adventure"
"Warhammer 40,000: Squad Command","14479","Warhammer 40,000: Squad Command","9000","2400","31","1","3","0","0","3.75","Warhammer 40,000: Squad Command"
"Black Closet","14480","Black Closet","9000","2940","11","1","8","0","0","3.06","Black Closet"
"Police 911","14481","Police 911","9000","3240","18","2","10","0","0","2.78","Police 911"
"Brave Battle Saga: Legend of the Magic Warrior","14482","Brave Battle Saga: Legend of the Magic Warrior","9000","2100","12","1","2","0","0","4.29","Brave Battle Saga: Legend of the Magic Warrior"
"Strong Bad's Cool Game for Attractive People Episode 5: 8-bit is Enough","14483","Strong Bad's Cool Game for Attractive People Episode 5: 8-bit is Enough","9000","2280","39","1","9","0","0","3.95","Strong Bad's Cool Game for Attractive People Episode 5: 8-bit is Enough"
"The Simpsons","14484","The Simpsons","9000","8700","20","2","29","0","0","1.03","The Simpsons"
"Mystery P.I.: The Lottery Ticket","14485","Mystery P.I.: The Lottery Ticket","9000","1080","25","2","7","0","0","8.33","Mystery P.I.: The Lottery Ticket"
"Risky Woods","14486","Risky Woods","9000","720","28","1","2","0","0","12.5","Risky Woods"
"Steambot Chronicles","14487","Steambot Chronicles","9000","6000","9","1","19","0","0","1.5","Steambot Chronicles"
"Table Top Racing","14488","Table Top Racing","9000","2460","17","1","13","0","0","3.66","Table Top Racing"
"Dance Dance Revolution 4thMIX","14489","Dance Dance Revolution 4thMIX","9000","1440","34","1","11","0","0","6.25","Dance Dance Revolution 4thMIX"
"Hong Kong 97","14490","Hong Kong 97","8940","4440","24","2","15","0","0","2.01","Hong Kong 97"
"Particulars","14491","Particulars","8940","1080","50","1","5","0","0","8.28","Particulars"
"Asterix and the Power of the Gods","14492","Asterix and the Power of the Gods","8940","120","93","1","1","0","0","74.5","Asterix and the Power of the Gods"
"Virtua Fighter 4","14493","Virtua Fighter 4","8940","540","246","1","5","0","0","16.56","Virtua Fighter 4"
"Adventure Time Battle Party","14494","Adventure Time Battle Party","8940","8760","6","1","10","0","0","1.02","Adventure Time Battle Party"
"GamersGoMakers","14495","GamersGoMakers","8940","1560","51","1","9","0","0","5.73","GamersGoMakers"
"Midnight Club: Street Racing","14496","Midnight Club: Street Racing","8940","3360","20","1","7","0","0","2.66","Midnight Club: Street Racing"
"DarkSide","14497","DarkSide","8940","840","48","1","3","0","0","10.64","DarkSide"
"Titan","14498","Titan","8940","3600","69","2","22","0","0","2.48","Titan"
"Smashing Pumpkins into Small Piles of Putrid Debris","14499","Smashing Pumpkins into Small Piles of Putrid Debris","8940","360","125","1","2","0","0","24.83","Smashing Pumpkins into Small Piles of Putrid Debris"
"Petz Beach","14500","Petz Beach","8940","180","77","1","1","0","0","49.67","Petz Beach"