"","","Game","Watch time","Stream time","Peak viewers","Peak channels","Streamers","Average viewers","Average channels","Average viewer ratio",""
"Zenonia 4","5301","Zenonia 4","296880","3060","227","1","6","0","0","97.02","Zenonia 4"
"Cutie Suzuki no Ringside Angel","5302","Cutie Suzuki no Ringside Angel","296640","120","4941","1","2","0","0","2472","Cutie Suzuki no Ringside Angel"
"Dragon Ball Heroes: Ultimate Mission","5303","Dragon Ball Heroes: Ultimate Mission","296400","5700","482","2","11","0","0","52","Dragon Ball Heroes: Ultimate Mission"
"Traverser","5304","Traverser","296340","5100","2098","1","16","0","0","58.11","Traverser"
"Teddy Floppy Ear","5305","Teddy Floppy Ear","296100","20220","453","2","87","0","0","14.64","Teddy Floppy Ear"
"Half-Life: Decay","5306","Half-Life: Decay","296100","9840","1700","2","23","0","0","30.09","Half-Life: Decay"
"Governor of Poker 3","5307","Governor of Poker 3","296040","82560","149","3","370","0","0","3.59","Governor of Poker 3"
"World of One","5308","World of One","295800","16380","480","3","65","0","0","18.06","World of One"
"NES Remix","5309","NES Remix","295800","22320","600","2","106","0","0","13.25","NES Remix"
"Pharaonic","5310","Pharaonic","295740","11520","1098","2","46","0","0","25.67","Pharaonic"
"Bubble Bobble","5311","Bubble Bobble","295680","30180","492","4","138","0","0","9.8","Bubble Bobble"
"The Exiled","5312","The Exiled","295560","18240","604","9","88","0","0","16.2","The Exiled"
"Spyro: A Hero's Tail","5313","Spyro: A Hero's Tail","295500","37440","126","3","87","0","0","7.89","Spyro: A Hero's Tail"
"Doraemon","5314","Doraemon","295200","1500","4756","2","7","0","0","196.8","Doraemon"
"Killing Time","5315","Killing Time","295140","7020","1868","1","20","0","0","42.04","Killing Time"
"Spider-Man & Venom: Maximum Carnage","5316","Spider-Man & Venom: Maximum Carnage","294840","16020","1986","2","63","0","0","18.4","Spider-Man & Venom: Maximum Carnage"
"Jade Cocoon: Story of the Tamamayu","5317","Jade Cocoon: Story of the Tamamayu","294780","27600","183","2","64","0","0","10.68","Jade Cocoon: Story of the Tamamayu"
"Legacy of Discord - Furious Wings","5318","Legacy of Discord - Furious Wings","294780","21060","3259","2","75","0","0","14","Legacy of Discord - Furious Wings"
"Superman Returns","5319","Superman Returns","294360","720","1572","1","2","0","0","408.83","Superman Returns"
"Dynasty Warriors 3: Xtreme Legends","5320","Dynasty Warriors 3: Xtreme Legends","294300","1200","1883","1","3","0","0","245.25","Dynasty Warriors 3: Xtreme Legends"
"Metal Gear Online","5321","Metal Gear Online","294300","104640","65","4","132","0","0","2.81","Metal Gear Online"
"Road Rage","5322","Road Rage","294060","12180","1513","4","56","0","0","24.14","Road Rage"
"Naruto Shippuden: Ultimate Ninja Storm 4 - Road to Boruto","5323","Naruto Shippuden: Ultimate Ninja Storm 4 - Road to Boruto","294060","23520","1956","3","1725","0","0","12.5","Naruto Shippuden: Ultimate Ninja Storm 4 - Road to Boruto"
"Little Witch Academia: Toki no Maho to Nana Fushigi","5324","Little Witch Academia: Toki no Maho to Nana Fushigi","293760","23520","77","4","4","0","0","12.49","Little Witch Academia: Toki no Maho to Nana Fushigi"
"Discworld","5325","Discworld","293760","14880","174","1","34","0","0","19.74","Discworld"
"Primal Prey","5326","Primal Prey","293640","120","2525","1","0","0","0","2447","Primal Prey"
"Bust-A-Move '99","5327","Bust-A-Move '99","293580","4140","4879","2","14","0","0","70.91","Bust-A-Move '99"
"Costume Quest 2","5328","Costume Quest 2","293580","78060","530","13","298","0","0","3.76","Costume Quest 2"
"Toukiden Kiwami","5329","Toukiden Kiwami","293520","101940","437","3","484","0","0","2.88","Toukiden Kiwami"
"King's Bounty: Dark Side","5330","King's Bounty: Dark Side","293400","24300","93","2","29","0","0","12.07","King's Bounty: Dark Side"
"Ink","5331","Ink","293160","33420","1107","3","127","0","0","8.77","Ink"
"Squids from Space","5332","Squids from Space","293160","31080","441","7","86","0","0","9.43","Squids from Space"
"Trauma Team","5333","Trauma Team","292860","15120","667","3","23","0","0","19.37","Trauma Team"
"Mermaid Swamp","5334","Mermaid Swamp","292800","4440","691","1","17","0","0","65.95","Mermaid Swamp"
"GraalOnline Era","5335","GraalOnline Era","292800","4680","946","1","6","0","0","62.56","GraalOnline Era"
"Biomutant","5336","Biomutant","292680","420","4979","2","4","0","0","696.86","Biomutant"
"Police Quest: In Pursuit of the Death Angel","5337","Police Quest: In Pursuit of the Death Angel","292620","9900","407","2","27","0","0","29.56","Police Quest: In Pursuit of the Death Angel"
"VEGA Conflict","5338","VEGA Conflict","292440","34320","196","2","70","0","0","8.52","VEGA Conflict"
"Die by the Sword","5339","Die by the Sword","292440","2580","2633","2","9","0","0","113.35","Die by the Sword"
"Gold Rush!","5340","Gold Rush!","292380","9060","686","2","26","0","0","32.27","Gold Rush!"
"Phoenix Wright: Ace Attorney Trilogy","5341","Phoenix Wright: Ace Attorney Trilogy","292380","50580","114","3","46","0","0","5.78","Phoenix Wright: Ace Attorney Trilogy"
"Final Doom","5342","Final Doom","292380","55140","79","3","99","0","0","5.3","Final Doom"
"Ironcast","5343","Ironcast","292260","10560","845","2","43","0","0","27.68","Ironcast"
"Scary Tales","5344","Scary Tales","292260","1860","1506","2","9","0","0","157.13","Scary Tales"
"Deluxe Ski Jump","5345","Deluxe Ski Jump","292200","14940","1229","3","40","0","0","19.56","Deluxe Ski Jump"
"Neptunia","5346","Neptunia","292200","34140","1099","4","63","0","0","8.56","Neptunia"
"Gears of War: Judgment","5347","Gears of War: Judgment","292200","159480","160","4","572","0","0","1.83","Gears of War: Judgment"
"Battlesloths 2025: The Great Pizza Wars","5348","Battlesloths 2025: The Great Pizza Wars","292140","5700","1513","6","33","0","0","51.25","Battlesloths 2025: The Great Pizza Wars"
"Pokémon Pinball: Ruby & Sapphire","5349","Pokémon Pinball: Ruby & Sapphire","292080","31740","842","3","124","0","0","9.2","Pokémon Pinball: Ruby & Sapphire"
"Nitroplus Blasterz: Heroines Infinite Duel","5350","Nitroplus Blasterz: Heroines Infinite Duel","292080","50280","822","4","422","0","0","5.81","Nitroplus Blasterz: Heroines Infinite Duel"
"Crash of the Titans","5351","Crash of the Titans","292020","15180","1375","2","47","0","0","19.24","Crash of the Titans"
"Delta Force: Black Hawk Down - Team Sabre","5352","Delta Force: Black Hawk Down - Team Sabre","291900","8400","1039","1","23","0","0","34.75","Delta Force: Black Hawk Down - Team Sabre"
"Caligo","5353","Caligo","291600","7920","551","3","54","0","0","36.82","Caligo"
"Pen Pen Tri-Icelon","5354","Pen Pen Tri-Icelon","291480","2160","1957","1","12","0","0","134.94","Pen Pen Tri-Icelon"
"Batman: The Brave and the Bold: The Videogame","5355","Batman: The Brave and the Bold: The Videogame","291420","1860","2068","1","6","0","0","156.68","Batman: The Brave and the Bold: The Videogame"
"Conan","5356","Conan","291360","37860","1169","4","145","0","0","7.7","Conan"
"Dragon Ball Online","5357","Dragon Ball Online","291120","137100","67","4","296","0","0","2.12","Dragon Ball Online"
"Advent Rising","5358","Advent Rising","290700","11040","1008","2","44","0","0","26.33","Advent Rising"
"Organ Trail","5359","Organ Trail","290640","28380","1355","4","129","0","0","10.24","Organ Trail"
"Claybook","5360","Claybook","290640","2340","2008","2","0","0","0","124.21","Claybook"
"Spore Galactic Adventures","5361","Spore Galactic Adventures","290580","50820","600","3","219","0","0","5.72","Spore Galactic Adventures"
"Supreme Commander 2","5362","Supreme Commander 2","290580","175560","171","6","700","0","0","1.66","Supreme Commander 2"
"Scooby-Doo!: Night of 100 Frights","5363","Scooby-Doo!: Night of 100 Frights","290340","83280","522","5","102","0","0","3.49","Scooby-Doo!: Night of 100 Frights"
"Cradle","5364","Cradle","290340","17400","611","2","56","0","0","16.69","Cradle"
"Bar Games","5365","Bar Games","290040","540","1938","1","4","0","0","537.11","Bar Games"
"Samurai Champloo: Sidetracked","5366","Samurai Champloo: Sidetracked","289800","3000","2165","1","9","0","0","96.6","Samurai Champloo: Sidetracked"
"Warriors Orochi 3","5367","Warriors Orochi 3","289560","213180","219","5","815","0","0","1.36","Warriors Orochi 3"
"Super Spy Hunter","5368","Super Spy Hunter","289440","1260","1919","1","5","0","0","229.71","Super Spy Hunter"
"1985: The Day After","5369","1985: The Day After","289440","600","1607","1","1","0","0","482.4","1985: The Day After"
"Flash Flash Revolution","5370","Flash Flash Revolution","288840","114480","558","4","264","0","0","2.52","Flash Flash Revolution"
"Harvest Moon 64","5371","Harvest Moon 64","288780","53340","143","2","86","0","0","5.41","Harvest Moon 64"
"Pursuit of Justice","5372","Pursuit of Justice","288600","300","1874","1","2","0","0","962","Pursuit of Justice"
"Planet Alcatraz","5373","Planet Alcatraz","288540","11400","552","2","23","0","0","25.31","Planet Alcatraz"
"Lost Dimension","5374","Lost Dimension","288480","29220","156","4","53","0","0","9.87","Lost Dimension"
"Disney's Toy Story","5375","Disney's Toy Story","288300","32760","225","4","36","0","0","8.8","Disney's Toy Story"
"Cannon Brawl","5376","Cannon Brawl","288060","8640","5585","2","45","0","0","33.34","Cannon Brawl"
"Jackass: The Game","5377","Jackass: The Game","288060","5640","553","1","23","0","0","51.07","Jackass: The Game"
"Neopets: The Darkest Faerie","5378","Neopets: The Darkest Faerie","288000","17280","969","2","68","0","0","16.67","Neopets: The Darkest Faerie"
"Cryostasis","5379","Cryostasis","287760","22740","381","2","71","0","0","12.65","Cryostasis"
"Cross Fire","5380","Cross Fire","287460","64980","563","2","180","0","0","4.42","Cross Fire"
"Life Goes On","5381","Life Goes On","287400","40980","668","5","151","0","0","7.01","Life Goes On"
"NFL Street 2","5382","NFL Street 2","286980","12240","1626","2","41","0","0","23.45","NFL Street 2"
"Omega Quintet","5383","Omega Quintet","286920","140220","138","5","222","0","0","2.05","Omega Quintet"
"Deemo","5384","Deemo","286800","57960","301","4","144","0","0","4.95","Deemo"
"Mega Man Battle Network 5","5385","Mega Man Battle Network 5","286800","36420","174","4","45","0","0","7.87","Mega Man Battle Network 5"
"Sniper: Ghost Warrior","5386","Sniper: Ghost Warrior","286740","35400","3639","3","181","0","0","8.1","Sniper: Ghost Warrior"
"Fairy Fencer F","5387","Fairy Fencer F","286560","104700","40","3","233","0","0","2.74","Fairy Fencer F"
"Biglands: A Game Made By Kids","5388","Biglands: A Game Made By Kids","286560","120","2437","1","1","0","0","2388","Biglands: A Game Made By Kids"
"Zone of the Enders","5389","Zone of the Enders","286080","18240","971","2","60","0","0","15.68","Zone of the Enders"
"ATOM RPG: Post-apocalyptic indie game","5390","ATOM RPG: Post-apocalyptic indie game","286080","13800","1252","7","24","0","0","20.73","ATOM RPG: Post-apocalyptic indie game"
"Tanki Online","5391","Tanki Online","285960","190380","369","4","431","0","0","1.5","Tanki Online"
"Fishing Master","5392","Fishing Master","285720","5400","1781","2","15","0","0","52.91","Fishing Master"
"Casual Games Collection","5393","Casual Games Collection","285420","41880","99","3","64","0","0","6.82","Casual Games Collection"
"Valkyria Chronicles II","5394","Valkyria Chronicles II","285420","47160","358","2","35","0","0","6.05","Valkyria Chronicles II"
"X-Morph: Defense","5395","X-Morph: Defense","285420","41700","368","6","179","0","0","6.84","X-Morph: Defense"
"Street Fighter IV Champion Edition","5396","Street Fighter IV Champion Edition","285420","360","2326","1","0","0","0","792.83","Street Fighter IV Champion Edition"
"Deep Space Waifu","5397","Deep Space Waifu","285180","17460","3686","3","74","0","0","16.33","Deep Space Waifu"
"Disgaea 4: A Promise Revisited","5398","Disgaea 4: A Promise Revisited","285120","18180","138","1","9","0","0","15.68","Disgaea 4: A Promise Revisited"
"The Legend of Heroes: Trails of Cold Steel III","5399","The Legend of Heroes: Trails of Cold Steel III","284880","43800","166","4","14","0","0","6.5","The Legend of Heroes: Trails of Cold Steel III"
"Samurai Warriors 4 Empires","5400","Samurai Warriors 4 Empires","284880","70320","1112","3","189","0","0","4.05","Samurai Warriors 4 Empires"