"","","Game","Watch time","Stream time","Peak viewers","Peak channels","Streamers","Average viewers","Average channels","Average viewer ratio",""
"Shovel Knight: Specter of Torment","2701","Shovel Knight: Specter of Torment","1522800","20040","4086","6","96","2","0","75.99","Shovel Knight: Specter of Torment"
"Valkyrie Profile 2: Silmeria","2702","Valkyrie Profile 2: Silmeria","1522380","63420","542","3","62","2","0","24","Valkyrie Profile 2: Silmeria"
"Super Lovely Planet","2703","Super Lovely Planet","1522020","4200","22402","3","16","2","0","362.39","Super Lovely Planet"
"Cabal","2704","Cabal","1521480","47760","2269","5","94","2","0","31.86","Cabal"
"Jazz Jackrabbit 2","2705","Jazz Jackrabbit 2","1521420","26400","2682","2","86","2","0","57.63","Jazz Jackrabbit 2"
"Zombillie","2706","Zombillie","1521060","900","6231","2","8","2","0","1690.07","Zombillie"
"Hot Shots Golf","2707","Hot Shots Golf","1520160","7740","3138","8","27","2","0","196.4","Hot Shots Golf"
"Lone Echo","2708","Lone Echo","1514520","78780","4332","6","232","2","0","19.22","Lone Echo"
"Ratchet & Clank Future: Tools of Destruction","2709","Ratchet & Clank Future: Tools of Destruction","1512600","48900","1635","2","61","2","0","30.93","Ratchet & Clank Future: Tools of Destruction"
"Trine","2710","Trine","1512000","187560","7242","5","789","2","0","8.06","Trine"
"Master X Master","2711","Master X Master","1505700","148500","31502","55","756","2","0","10.14","Master X Master"
"Shotgun Farmers","2712","Shotgun Farmers","1498440","48180","21288","8","215","2","0","31.1","Shotgun Farmers"
"Shadowgate","2713","Shadowgate","1498020","36360","2739","2","132","2","0","41.2","Shadowgate"
"Viking Squad","2714","Viking Squad","1495500","29460","2390","3","112","2","0","50.76","Viking Squad"
"Patrician IV: Rise of a Dynasty","2715","Patrician IV: Rise of a Dynasty","1494600","10920","514","1","13","2","0","136.87","Patrician IV: Rise of a Dynasty"
"Momodora","2716","Momodora","1493940","23040","5495","4","147","2","0","64.84","Momodora"
"Man O' War: Corsair","2717","Man O' War: Corsair","1491600","27540","2170","3","97","2","0","54.16","Man O' War: Corsair"
"Street Fighter EX Plus Alpha","2718","Street Fighter EX Plus Alpha","1490640","7440","7606","1","30","2","0","200.35","Street Fighter EX Plus Alpha"
"The Impossible Game","2719","The Impossible Game","1485720","29820","9457","2","180","2","0","49.82","The Impossible Game"
"Rumble Roses","2720","Rumble Roses","1484940","2760","7192","2","14","2","0","538.02","Rumble Roses"
"The Suffering","2721","The Suffering","1483860","62220","2567","3","153","2","0","23.85","The Suffering"
"Giant Machines 2017","2722","Giant Machines 2017","1482240","5040","11130","1","26","2","0","294.1","Giant Machines 2017"
"Ryu ga Gotoku Kenzan!","2723","Ryu ga Gotoku Kenzan!","1481940","7980","2835","2","16","2","0","185.71","Ryu ga Gotoku Kenzan!"
"God Eater Resurrection","2724","God Eater Resurrection","1481520","509580","596","11","1634","2","0","2.91","God Eater Resurrection"
"Genma Onimusha","2725","Genma Onimusha","1479660","5220","7019","1","14","2","0","283.46","Genma Onimusha"
"Robot Roller-Derby Disco Dodgeball","2726","Robot Roller-Derby Disco Dodgeball","1479360","102780","5316","8","638","2","0","14.39","Robot Roller-Derby Disco Dodgeball"
"Welcome to Hanwell","2727","Welcome to Hanwell","1478700","23220","4578","5","108","2","0","63.68","Welcome to Hanwell"
"Adventure Island","2728","Adventure Island","1477680","26160","7091","2","77","2","0","56.49","Adventure Island"
"DISTRAINT","2729","DISTRAINT","1476240","84660","3778","4","386","2","0","17.44","DISTRAINT"
"Driver","2730","Driver","1475160","22740","21313","2","80","2","0","64.87","Driver"
"Lara Croft Tomb Raider: Anniversary","2731","Lara Croft Tomb Raider: Anniversary","1474140","164700","546","5","379","2","0","8.95","Lara Croft Tomb Raider: Anniversary"
"True Fear: Forsaken Souls","2732","True Fear: Forsaken Souls","1471140","36300","1428","3","92","2","0","40.53","True Fear: Forsaken Souls"
"Wolcen: Lords of Mayhem","2733","Wolcen: Lords of Mayhem","1471080","131760","1829","7","420","2","0","11.16","Wolcen: Lords of Mayhem"
"Doom VFR","2734","Doom VFR","1470900","84180","4864","19","15","2","0","17.47","Doom VFR"
"Virginia","2735","Virginia","1469580","76680","1143","3","392","2","0","19.17","Virginia"
"Marathon","2736","Marathon","1465860","32700","1984","2","41","2","0","44.83","Marathon"
"Rokh","2737","Rokh","1463820","81720","1199","14","258","2","0","17.91","Rokh"
"Mega Man X5","2738","Mega Man X5","1463760","114420","1377","8","285","2","0","12.79","Mega Man X5"
"Root Letter","2739","Root Letter","1463700","44460","2727","2","93","2","0","32.92","Root Letter"
"Audiosurf 2","2740","Audiosurf 2","1463460","394260","774","8","1258","2","0","3.71","Audiosurf 2"
"Hacknet","2741","Hacknet","1461900","187560","4180","7","790","2","0","7.79","Hacknet"
"Samorost 3","2742","Samorost 3","1460880","92160","1134","4","304","2","0","15.85","Samorost 3"
"Hard Time","2743","Hard Time","1460100","14460","5672","2","73","2","0","100.98","Hard Time"
"Zelda's Adventure","2744","Zelda's Adventure","1459620","31200","5421","2","55","2","0","46.78","Zelda's Adventure"
"Tokyo Jungle","2745","Tokyo Jungle","1458840","29580","2564","2","102","2","0","49.32","Tokyo Jungle"
"Quake III Arena","2746","Quake III Arena","1456860","398640","852","5","477","2","0","3.65","Quake III Arena"
"Papo & Yo","2747","Papo & Yo","1456620","27420","15144","2","94","2","0","53.12","Papo & Yo"
"Stellar Overload","2748","Stellar Overload","1455300","33840","5876","3","126","2","0","43.01","Stellar Overload"
"Pro Evolution Soccer 2015","2749","Pro Evolution Soccer 2015","1453140","58860","18295","3","193","2","0","24.69","Pro Evolution Soccer 2015"
"Warhammer 40,000: Dawn of War II: Chaos Rising","2750","Warhammer 40,000: Dawn of War II: Chaos Rising","1452420","31080","1367","3","69","2","0","46.73","Warhammer 40,000: Dawn of War II: Chaos Rising"
"Might & Magic: Clash of Heroes","2751","Might & Magic: Clash of Heroes","1450740","35640","1025","2","79","2","0","40.71","Might & Magic: Clash of Heroes"
"Planet of the Apes: Last Frontier","2752","Planet of the Apes: Last Frontier","1450200","31380","3745","7","89","2","0","46.21","Planet of the Apes: Last Frontier"
"The Four Kings Casino & Slots","2753","The Four Kings Casino & Slots","1449660","55320","20088","3","810","2","0","26.2","The Four Kings Casino & Slots"
"Adventure Island II","2754","Adventure Island II","1447860","11880","109058","10","53","2","0","121.87","Adventure Island II"
"Dragon Quest IX: Sentinels of the Starry Skies","2755","Dragon Quest IX: Sentinels of the Starry Skies","1444860","78660","997","3","110","2","0","18.37","Dragon Quest IX: Sentinels of the Starry Skies"
"Rhythm Tengoku: The Best Plus","2756","Rhythm Tengoku: The Best Plus","1443900","14160","1127","2","33","2","0","101.97","Rhythm Tengoku: The Best Plus"
"Starmade","2757","Starmade","1440360","243360","146","5","266","2","0","5.92","Starmade"
"Kirby's Adventure","2758","Kirby's Adventure","1440000","117000","589","9","382","2","0","12.31","Kirby's Adventure"
"The Legend of Heroes: Trails in the Sky SC","2759","The Legend of Heroes: Trails in the Sky SC","1439760","239760","221","4","138","2","0","6.01","The Legend of Heroes: Trails in the Sky SC"
"Two Worlds","2760","Two Worlds","1435440","61260","2293","3","150","2","0","23.43","Two Worlds"
"Mega Man X8","2761","Mega Man X8","1434000","72780","1712","3","133","2","0","19.7","Mega Man X8"
"Deus Ex: Human Revolution Director's Cut","2762","Deus Ex: Human Revolution Director's Cut","1433760","286740","307","7","555","2","0","5","Deus Ex: Human Revolution Director's Cut"
"Onimusha 2: Samurai's Destiny","2763","Onimusha 2: Samurai's Destiny","1433700","51060","6604","3","96","2","0","28.08","Onimusha 2: Samurai's Destiny"
"The Inner World","2764","The Inner World","1433220","36900","7404","2","112","2","0","38.84","The Inner World"
"Typoman","2765","Typoman","1433040","89940","3367","5","351","2","0","15.93","Typoman"
"Tokyo Mirage Sessions ♯FE","2766","Tokyo Mirage Sessions ♯FE","1432140","268380","588","5","257","2","0","5.34","Tokyo Mirage Sessions ♯FE"
"Rory McIlroy PGA Tour","2767","Rory McIlroy PGA Tour","1430520","517620","1028","9","1912","2","0","2.76","Rory McIlroy PGA Tour"
"Battle Carnival","2768","Battle Carnival","1430280","151560","1281","8","458","2","0","9.44","Battle Carnival"
"Neverending Nightmares","2769","Neverending Nightmares","1430040","74460","2703","5","370","2","0","19.21","Neverending Nightmares"
"Children of Zodiarcs","2770","Children of Zodiarcs","1428840","94920","3572","15","289","2","0","15.05","Children of Zodiarcs"
"WipEout Omega Collection","2771","WipEout Omega Collection","1428180","96660","1559","21","1696","2","0","14.78","WipEout Omega Collection"
"Age of Empires II: The Age of Kings","2772","Age of Empires II: The Age of Kings","1428120","49680","8166","3","171","2","0","28.75","Age of Empires II: The Age of Kings"
"Kite","2773","Kite","1427700","600","7549","1","3","2","0","2379.5","Kite"
"Strike of Kings","2774","Strike of Kings","1427400","116280","7617","6","158","2","0","12.28","Strike of Kings"
"Driveclub","2775","Driveclub","1426020","862140","2362","13","4005","2","1","1.65","Driveclub"
"Ultimate Mortal Kombat 3","2776","Ultimate Mortal Kombat 3","1422720","51900","7285","3","103","2","0","27.41","Ultimate Mortal Kombat 3"
"Animallica","2777","Animallica","1422060","33540","38272","4","60","2","0","42.4","Animallica"
"ComPet","2778","ComPet","1420320","5700","1151","2","12","2","0","249.18","ComPet"
"Mario Tennis","2779","Mario Tennis","1418580","49920","3658","2","156","2","0","28.42","Mario Tennis"
"Castlevania: Circle of the Moon","2780","Castlevania: Circle of the Moon","1416060","102360","626","5","160","2","0","13.83","Castlevania: Circle of the Moon"
"Digimon World 3","2781","Digimon World 3","1414020","123840","297","3","170","2","0","11.42","Digimon World 3"
"That Dragon, Cancer","2782","That Dragon, Cancer","1412460","25140","1110","3","139","2","0","56.18","That Dragon, Cancer"
"Chaos Code","2783","Chaos Code","1411440","2820","5257","1","15","2","0","500.51","Chaos Code"
"WWF No Mercy","2784","WWF No Mercy","1409940","50160","3076","2","142","2","0","28.11","WWF No Mercy"
"Resonance","2785","Resonance","1409040","10380","2155","2","17","2","0","135.75","Resonance"
"Demon's Crest","2786","Demon's Crest","1408800","109500","1778","6","165","2","0","12.87","Demon's Crest"
"Ratchet: Deadlocked","2787","Ratchet: Deadlocked","1407300","65640","2473","3","92","2","0","21.44","Ratchet: Deadlocked"
"Ravenfield","2788","Ravenfield","1407300","77640","43084","3","459","2","0","18.13","Ravenfield"
"Heliborne","2789","Heliborne","1406400","85440","37757","7","253","2","0","16.46","Heliborne"
"The Last Remnant","2790","The Last Remnant","1404180","297360","633","5","387","2","0","4.72","The Last Remnant"
"Metroid Prime Trilogy","2791","Metroid Prime Trilogy","1404180","202500","911","6","285","2","0","6.93","Metroid Prime Trilogy"
"Crisis Core: Final Fantasy VII","2792","Crisis Core: Final Fantasy VII","1402980","204120","367","5","281","2","0","6.87","Crisis Core: Final Fantasy VII"
"Crapman","2793","Crapman","1402740","6960","2719","2","11","2","0","201.54","Crapman"
"Battlefield 2","2794","Battlefield 2","1402140","271200","3205","7","691","2","0","5.17","Battlefield 2"
"Locked Fears","2795","Locked Fears","1399680","5340","10349","1","30","2","0","262.11","Locked Fears"
"Chaos;Child","2796","Chaos;Child","1397940","73560","1696","5","76","2","0","19","Chaos;Child"
"The Wardrobe","2797","The Wardrobe","1397040","29880","1228","3","78","2","0","46.76","The Wardrobe"
"Bokida: Heartfelt Reunion","2798","Bokida: Heartfelt Reunion","1393680","10800","2682","4","56","2","0","129.04","Bokida: Heartfelt Reunion"
"Shadow the Hedgehog","2799","Shadow the Hedgehog","1387800","114960","459","5","325","2","0","12.07","Shadow the Hedgehog"
"Mighty Morphin Power Rangers","2800","Mighty Morphin Power Rangers","1387740","51960","2244","7","253","2","0","26.71","Mighty Morphin Power Rangers"