"","","Game","Watch time","Stream time","Peak viewers","Peak channels","Streamers","Average viewers","Average channels","Average viewer ratio",""
"Transport Tycoon","5001","Transport Tycoon","347280","90000","141","4","254","0","0","3.86","Transport Tycoon"
"Shinobi","5002","Shinobi","347280","30060","485","2","106","0","0","11.55","Shinobi"
"Gargoyles","5003","Gargoyles","346980","3180","5577","1","13","0","0","109.11","Gargoyles"
"Pajama Sam 3: You Are What You Eat From Your Head To Your Feet","5004","Pajama Sam 3: You Are What You Eat From Your Head To Your Feet","346860","12240","3825","2","71","0","0","28.34","Pajama Sam 3: You Are What You Eat From Your Head To Your Feet"
"Knights & Merchants","5005","Knights & Merchants","346560","69900","627","3","136","0","0","4.96","Knights & Merchants"
"Rambo","5006","Rambo","346500","2220","1565","2","10","0","0","156.08","Rambo"
"Warcraft: Orcs & Humans","5007","Warcraft: Orcs & Humans","346440","37740","3470","2","85","0","0","9.18","Warcraft: Orcs & Humans"
"Camp Sunshine","5008","Camp Sunshine","346440","16920","509","2","70","0","0","20.48","Camp Sunshine"
"Pink Panther","5009","Pink Panther","346380","900","1683","1","6","0","0","384.87","Pink Panther"
"Deliver Us The Moon","5010","Deliver Us The Moon","346320","1560","5385","1","6","0","0","222","Deliver Us The Moon"
"Shadow Hearts","5011","Shadow Hearts","346020","88440","71","3","89","0","0","3.91","Shadow Hearts"
"Mortal Kombat: Shaolin Monks","5012","Mortal Kombat: Shaolin Monks","345900","24060","449","2","83","0","0","14.38","Mortal Kombat: Shaolin Monks"
"Touhou 07 - Perfect Cherry Blossom","5013","Touhou 07 - Perfect Cherry Blossom","345720","72960","596","3","257","0","0","4.74","Touhou 07 - Perfect Cherry Blossom"
"Willow","5014","Willow","345720","6540","1496","2","22","0","0","52.86","Willow"
"Tomba! 2: The Evil Swine Return","5015","Tomba! 2: The Evil Swine Return","345540","49200","870","3","104","0","0","7.02","Tomba! 2: The Evil Swine Return"
"Golden Sun: Dark Dawn","5016","Golden Sun: Dark Dawn","345420","22020","350","2","32","0","0","15.69","Golden Sun: Dark Dawn"
"Who Wants to Beat Up a Millionaire","5017","Who Wants to Beat Up a Millionaire","344940","840","3015","1","6","0","0","410.64","Who Wants to Beat Up a Millionaire"
"F.E.A.R.: Extraction Point","5018","F.E.A.R.: Extraction Point","344880","68640","1228","3","249","0","0","5.02","F.E.A.R.: Extraction Point"
"Guns of Icarus Online","5019","Guns of Icarus Online","343860","128160","231","17","649","0","0","2.68","Guns of Icarus Online"
"Carmageddon II: Carpocalypse Now","5020","Carmageddon II: Carpocalypse Now","343680","3660","4971","1","14","0","0","93.9","Carmageddon II: Carpocalypse Now"
"Dungeons & Dragons: Shadow Over Mystara","5021","Dungeons & Dragons: Shadow Over Mystara","343560","26100","918","3","62","0","0","13.16","Dungeons & Dragons: Shadow Over Mystara"
"Universe Sandbox²","5022","Universe Sandbox²","343440","59640","285","3","327","0","0","5.76","Universe Sandbox²"
"Hugo - På Nye Eventyr","5023","Hugo - På Nye Eventyr","343440","1080","2217","1","2","0","0","318","Hugo - På Nye Eventyr"
"Desktop Dungeons","5024","Desktop Dungeons","343320","29880","1046","2","86","0","0","11.49","Desktop Dungeons"
"Vigilante 8","5025","Vigilante 8","343260","3720","5649","1","19","0","0","92.27","Vigilante 8"
"Yume Nikki","5026","Yume Nikki","343020","65280","494","6","244","0","0","5.25","Yume Nikki"
"Shrek Smash N' Crash Racing","5027","Shrek Smash N' Crash Racing","342900","2100","1389","1","11","0","0","163.29","Shrek Smash N' Crash Racing"
"Maui Mallard in Cold Shadow","5028","Maui Mallard in Cold Shadow","342720","8400","1314","3","44","0","0","40.8","Maui Mallard in Cold Shadow"
"Pokémon Rumble","5029","Pokémon Rumble","342480","14520","160","2","43","0","0","23.59","Pokémon Rumble"
"Suikoden III","5030","Suikoden III","342180","74820","35","4","45","0","0","4.57","Suikoden III"
"Special Force 2: Tale of the Truthful Pledge","5031","Special Force 2: Tale of the Truthful Pledge","341880","59820","697","3","150","0","0","5.72","Special Force 2: Tale of the Truthful Pledge"
"Test Drive","5032","Test Drive","341880","22860","4774","2","112","0","0","14.96","Test Drive"
"Groovy Bunch of Games","5033","Groovy Bunch of Games","341760","115200","221","2","34","0","0","2.97","Groovy Bunch of Games"
"Descent: Underground","5034","Descent: Underground","341580","11760","2375","2","19","0","0","29.05","Descent: Underground"
"Perfect World International","5035","Perfect World International","341460","205680","607","5","213","0","0","1.66","Perfect World International"
"Dynamite Headdy","5036","Dynamite Headdy","341460","30780","675","2","54","0","0","11.09","Dynamite Headdy"
"Shadows 2: Perfidia","5037","Shadows 2: Perfidia","341400","16740","1546","3","81","0","0","20.39","Shadows 2: Perfidia"
"Barney's Hide and Seek Game","5038","Barney's Hide and Seek Game","341340","9240","693","2","34","0","0","36.94","Barney's Hide and Seek Game"
"Guacamelee!","5039","Guacamelee!","341340","87480","1888","3","341","0","0","3.9","Guacamelee!"
"Cursed Castilla (Maldita Castilla EX)","5040","Cursed Castilla (Maldita Castilla EX)","341280","53400","247","5","145","0","0","6.39","Cursed Castilla (Maldita Castilla EX)"
"Slayaway Camp","5041","Slayaway Camp","341100","52500","206","5","220","0","0","6.5","Slayaway Camp"
"Microsoft Flight Simulator 2004: A Century of Flight","5042","Microsoft Flight Simulator 2004: A Century of Flight","341100","58140","76","2","32","0","0","5.87","Microsoft Flight Simulator 2004: A Century of Flight"
"NHL 16","5043","NHL 16","341040","234180","1007","7","1350","0","0","1.46","NHL 16"
"Hustle Cat","5044","Hustle Cat","341040","33780","731","3","102","0","0","10.1","Hustle Cat"
"JoJo's Bizarre Adventure: All Star Battle","5045","JoJo's Bizarre Adventure: All Star Battle","340920","21600","388","2","66","0","0","15.78","JoJo's Bizarre Adventure: All Star Battle"
"Disc","5046","Disc","340800","780","3044","1","8","0","0","436.92","Disc"
"Populous: The Beginning","5047","Populous: The Beginning","340560","146280","86","4","81","0","0","2.33","Populous: The Beginning"
"Tribes Ascend","5048","Tribes Ascend","340500","92700","1466","3","236","0","0","3.67","Tribes Ascend"
"Zafehouse Diaries 2","5049","Zafehouse Diaries 2","340500","4560","1915","2","25","0","0","74.67","Zafehouse Diaries 2"
"Hanjuku Eiyuu","5050","Hanjuku Eiyuu","340320","2400","3795","2","1","0","0","141.8","Hanjuku Eiyuu"
"Leisure Suit Larry 1:  In the Land of the Lounge Lizards","5051","Leisure Suit Larry 1:  In the Land of the Lounge Lizards","340260","10200","777","2","41","0","0","33.36","Leisure Suit Larry 1:  In the Land of the Lounge Lizards"
"Fiesta","5052","Fiesta","340080","139380","178","4","234","0","0","2.44","Fiesta"
"Monster Hunter Tri","5053","Monster Hunter Tri","340020","62040","499","3","120","0","0","5.48","Monster Hunter Tri"
"Risen 2: Dark Waters","5054","Risen 2: Dark Waters","339900","110940","127","4","159","0","0","3.06","Risen 2: Dark Waters"
"Tony Hawk's Pro Skater 3","5055","Tony Hawk's Pro Skater 3","339840","60720","790","4","231","0","0","5.6","Tony Hawk's Pro Skater 3"
"Katharsis","5056","Katharsis","339840","1440","1887","1","7","0","0","236","Katharsis"
"Hobo with a Shotgun","5057","Hobo with a Shotgun","339720","300","5641","1","3","0","0","1132.4","Hobo with a Shotgun"
"F-Zero X","5058","F-Zero X","339060","48900","555","3","187","0","0","6.93","F-Zero X"
"Trivia Whiz","5059","Trivia Whiz","339060","480","2889","1","3","0","0","706.38","Trivia Whiz"
"RollerCoaster Tycoon 3: Wild!","5060","RollerCoaster Tycoon 3: Wild!","338940","5220","2130","2","20","0","0","64.93","RollerCoaster Tycoon 3: Wild!"
"Zero Wing","5061","Zero Wing","338880","4920","1778","1","16","0","0","68.88","Zero Wing"
"Brick Rigs","5062","Brick Rigs","338820","40560","837","3","189","0","0","8.35","Brick Rigs"
"Cosmic Express","5063","Cosmic Express","338580","9420","798","2","20","0","0","35.94","Cosmic Express"
"skate.","5064","skate.","338400","17220","878","2","46","0","0","19.65","skate."
"Battle Bay","5065","Battle Bay","338100","60540","141","4","131","0","0","5.58","Battle Bay"
"Krampus","5066","Krampus","338040","1740","2632","2","4","0","0","194.28","Krampus"
"Battle Cars","5067","Battle Cars","337560","1200","5472","1","5","0","0","281.3","Battle Cars"
"The Guardian Legend","5068","The Guardian Legend","337440","21540","434","2","56","0","0","15.67","The Guardian Legend"
"That's So Raven: Psychic on the Scene","5069","That's So Raven: Psychic on the Scene","337320","720","1973","1","5","0","0","468.5","That's So Raven: Psychic on the Scene"
"Reassembly","5070","Reassembly","337020","41880","149","3","109","0","0","8.05","Reassembly"
"Tecmo Bowl","5071","Tecmo Bowl","337020","10380","4818","2","55","0","0","32.47","Tecmo Bowl"
"Fate/stay night","5072","Fate/stay night","336900","60420","327","3","91","0","0","5.58","Fate/stay night"
"Asuka 120% Maxima Burning Fest.","5073","Asuka 120% Maxima Burning Fest.","336840","60","5631","1","1","0","0","5614","Asuka 120% Maxima Burning Fest."
"Killing Floor: Incursion","5074","Killing Floor: Incursion","336360","29940","1336","5","135","0","0","11.23","Killing Floor: Incursion"
"Secret of the Stars","5075","Secret of the Stars","336000","16500","1204","2","13","0","0","20.36","Secret of the Stars"
"Pocahontas: Riverbend Adventures","5076","Pocahontas: Riverbend Adventures","335880","1200","5492","1","8","0","0","279.9","Pocahontas: Riverbend Adventures"
"Professor Layton and the Last Specter","5077","Professor Layton and the Last Specter","335760","42420","134","2","34","0","0","7.92","Professor Layton and the Last Specter"
"Lumo","5078","Lumo","335760","120120","128","10","627","0","0","2.8","Lumo"
"Blood II: The Chosen","5079","Blood II: The Chosen","335460","8880","510","3","15","0","0","37.78","Blood II: The Chosen"
"Pocket Rumble","5080","Pocket Rumble","335400","12900","1125","3","48","0","0","26","Pocket Rumble"
"Guitar Hero: Metallica","5081","Guitar Hero: Metallica","335100","23400","1557","2","106","0","0","14.32","Guitar Hero: Metallica"
"Garfield: Caught in the Act","5082","Garfield: Caught in the Act","335100","6660","1474","3","17","0","0","50.32","Garfield: Caught in the Act"
"Monster Hunter 4","5083","Monster Hunter 4","334740","6360","2419","2","13","0","0","52.63","Monster Hunter 4"
"AirMech","5084","AirMech","334680","119100","291","4","470","0","0","2.81","AirMech"
"Shady Brook","5085","Shady Brook","334620","360","1152","1","1","0","0","929.5","Shady Brook"
"Roguelands","5086","Roguelands","334560","145320","109","7","535","0","0","2.3","Roguelands"
"The King of Fighters '99","5087","The King of Fighters '99","334320","4020","824","2","21","0","0","83.16","The King of Fighters '99"
"X-Men 2: Clone Wars","5088","X-Men 2: Clone Wars","334260","6360","5245","1","25","0","0","52.56","X-Men 2: Clone Wars"
"Final Fantasy Fables: Chocobo's Dungeon","5089","Final Fantasy Fables: Chocobo's Dungeon","334260","40140","202","3","22","0","0","8.33","Final Fantasy Fables: Chocobo's Dungeon"
"NBA Jam: On Fire Edition","5090","NBA Jam: On Fire Edition","334140","53400","1892","4","262","0","0","6.26","NBA Jam: On Fire Edition"
".hack//G.U. Vol. 1: Rebirth","5091",".hack//G.U. Vol. 1: Rebirth","333720","96780","71","4","170","0","0","3.45",".hack//G.U. Vol. 1: Rebirth"
"Red Alert","5092","Red Alert","333720","14520","3278","2","45","0","0","22.98","Red Alert"
"Mega Man Zero Collection","5093","Mega Man Zero Collection","333240","62340","489","3","57","0","0","5.35","Mega Man Zero Collection"
"Windward","5094","Windward","333000","105060","110","7","373","0","0","3.17","Windward"
"LEGO Indiana Jones: The Original Adventures","5095","LEGO Indiana Jones: The Original Adventures","332820","52560","646","3","92","0","0","6.33","LEGO Indiana Jones: The Original Adventures"
"Kelvin and the Infamous Machine","5096","Kelvin and the Infamous Machine","332640","15480","367","2","49","0","0","21.49","Kelvin and the Infamous Machine"
"Pinball FX2","5097","Pinball FX2","332580","116760","337","4","467","0","0","2.85","Pinball FX2"
"Pro Wrestling","5098","Pro Wrestling","332520","3060","1685","2","12","0","0","108.67","Pro Wrestling"
"Space Run","5099","Space Run","332340","5340","1040","1","24","0","0","62.24","Space Run"
"Jack Bros.","5100","Jack Bros.","331980","14340","479","4","52","0","0","23.15","Jack Bros."