"","","Game","Watch time","Stream time","Peak viewers","Peak channels","Streamers","Average viewers","Average channels","Average viewer ratio",""
"Grim Dawn","301","Grim Dawn","73598340","4678860","4315","93","5265","140","8","15.73","Grim Dawn"
"LawBreakers","302","LawBreakers","72995460","4467960","48117","367","17274","138","8","16.34","LawBreakers"
"Slime Rancher","303","Slime Rancher","72561300","3467160","32055","147","14142","138","6","20.93","Slime Rancher"
"Observer","304","Observer","72126300","1261380","38710","152","3977","137","2","57.18","Observer"
"Company of Heroes 2","305","Company of Heroes 2","72088860","3802020","2867","34","3728","137","7","18.96","Company of Heroes 2"
"Hello Neighbor","306","Hello Neighbor","71953440","593940","49840","70","1356","136","1","121.15","Hello Neighbor"
"Fate/Grand Order","307","Fate/Grand Order","71804280","3057420","4257","45","1998","136","5","23.49","Fate/Grand Order"
"Sid Meier's Civilization VI","308","Sid Meier's Civilization VI","71752620","4396080","17504","39","8037","136","8","16.32","Sid Meier's Civilization VI"
"Trove","309","Trove","71749440","10827240","17482","83","24679","136","20","6.63","Trove"
"American Truck Simulator","310","American Truck Simulator","71085120","6241560","43034","79","9830","135","11","11.39","American Truck Simulator"
"Just Dance 2017","311","Just Dance 2017","70918620","729180","21879","14","1731","134","1","97.26","Just Dance 2017"
"Astroneer","312","Astroneer","69329040","3280500","29721","72","10097","131","6","21.13","Astroneer"
"Banjo-Kazooie","313","Banjo-Kazooie","69321600","1537080","176002","20","2993","131","2","45.1","Banjo-Kazooie"
"Wolfenstein: The New Order","314","Wolfenstein: The New Order","68961600","3125820","17026","49","10400","131","5","22.06","Wolfenstein: The New Order"
"Starbound","315","Starbound","67785000","3117120","26630","27","8356","128","5","21.75","Starbound"
"Absolver","316","Absolver","67610220","2478660","48064","690","8121","128","4","27.28","Absolver"
"Football Manager 2018","317","Football Manager 2018","67568460","1497420","8026","57","952","128","2","45.12","Football Manager 2018"
"Monopoly","318","Monopoly","67432080","621660","45570","25","3349","128","1","108.47","Monopoly"
"SpongeBob SquarePants: Battle for Bikini Bottom","319","SpongeBob SquarePants: Battle for Bikini Bottom","66831900","648120","151527","14","720","127","1","103.12","SpongeBob SquarePants: Battle for Bikini Bottom"
"MechWarrior Online","320","MechWarrior Online","66722400","5099580","3129","43","2759","126","9","13.08","MechWarrior Online"
"Town of Salem","321","Town of Salem","66081540","2930340","25195","23","9885","125","5","22.55","Town of Salem"
"Mega Man","322","Mega Man","65919840","1121160","191044","27","2048","125","2","58.8","Mega Man"
"NHL 17","323","NHL 17","65594760","4362180","6318","50","12092","124","8","15.04","NHL 17"
"The Legend of Zelda: Twilight Princess HD","324","The Legend of Zelda: Twilight Princess HD","65585460","1104000","142814","39","1372","124","2","59.41","The Legend of Zelda: Twilight Princess HD"
"Brawlhalla","325","Brawlhalla","65444400","8094360","6058","68","26070","124","15","8.09","Brawlhalla"
"Hand Simulator","326","Hand Simulator","64771980","637440","47292","57","495","123","1","101.61","Hand Simulator"
"Knight Online","327","Knight Online","64715760","1818420","4740","25","1500","123","3","35.59","Knight Online"
"Tower Unite","328","Tower Unite","64566720","627780","52739","18","2229","122","1","102.85","Tower Unite"
"No Man's Sky","329","No Man's Sky","64021500","6458880","45199","204","14924","121","12","9.91","No Man's Sky"
"Puzzle & Dragons","330","Puzzle & Dragons","63999600","2122080","3611","22","1175","121","4","30.16","Puzzle & Dragons"
"Guitar Hero III: Legends of Rock","331","Guitar Hero III: Legends of Rock","63899160","3088620","7397","32","5789","121","5","20.69","Guitar Hero III: Legends of Rock"
"Pokémon HeartGold/SoulSilver","332","Pokémon HeartGold/SoulSilver","63858840","1154040","183830","18","2524","121","2","55.34","Pokémon HeartGold/SoulSilver"
"Super Mario Galaxy 2","333","Super Mario Galaxy 2","63625740","589740","182322","20","873","121","1","107.89","Super Mario Galaxy 2"
"Sonic Mania","334","Sonic Mania","63488220","3451980","36144","438","14185","120","6","18.39","Sonic Mania"
"Final Fantasy","335","Final Fantasy","63366300","1336200","164287","21","1305","120","2","47.42","Final Fantasy"
"Sniper Elite 4","336","Sniper Elite 4","63312660","3491040","40373","158","9644","120","6","18.14","Sniper Elite 4"
"Metal Gear Solid 2: Sons of Liberty","337","Metal Gear Solid 2: Sons of Liberty","62858640","501840","177214","10","656","119","0","125.26","Metal Gear Solid 2: Sons of Liberty"
"Final Fantasy IX","338","Final Fantasy IX","62451120","4181100","8408","74","5616","118","7","14.94","Final Fantasy IX"
"Let It Die","339","Let It Die","62010360","5524800","10765","102","12820","117","10","11.22","Let It Die"
"The Walking Dead","340","The Walking Dead","61425900","4029240","10470","64","12013","116","7","15.25","The Walking Dead"
"Resident Evil 5","341","Resident Evil 5","61339020","3054120","24298","28","11375","116","5","20.08","Resident Evil 5"
"Super Mario Bros. 3","342","Super Mario Bros. 3","61324500","964200","13361","15","2547","116","1","63.6","Super Mario Bros. 3"
"DragonBall Z: Dokkan Battle","343","DragonBall Z: Dokkan Battle","61136760","2751360","6101","67","2080","116","5","22.22","DragonBall Z: Dokkan Battle"
"Final Fantasy XII: The Zodiac Age","344","Final Fantasy XII: The Zodiac Age","59847060","2414640","11865","163","3968","113","4","24.79","Final Fantasy XII: The Zodiac Age"
"Mega Man X","345","Mega Man X","59559120","1092360","180392","16","2434","113","2","54.52","Mega Man X"
"Angvik","346","Angvik","59316060","374940","16666","25","1277","112","0","158.2","Angvik"
"Quiplash","347","Quiplash","58981980","2196480","28610","34","9740","112","4","26.85","Quiplash"
"Ultimate Chicken Horse","348","Ultimate Chicken Horse","58803000","870840","36588","20","4839","111","1","67.52","Ultimate Chicken Horse"
"Killer Instinct","349","Killer Instinct","58518960","2481840","25372","36","7211","111","4","23.58","Killer Instinct"
"Witch It","350","Witch It","58478520","334200","54175","13","1486","111","0","174.98","Witch It"
"Home Sweet Home","351","Home Sweet Home","58310220","557100","40288","47","2047","110","1","104.67","Home Sweet Home"
"Arena of Valor","352","Arena of Valor","57513300","1302000","24127","29","1166","109","2","44.17","Arena of Valor"
"HITMAN","353","HITMAN","57466260","4277580","17238","40","15631","109","8","13.43","HITMAN"
"Gang Beasts","354","Gang Beasts","57266820","1233360","39517","56","6498","108","2","46.43","Gang Beasts"
"White Day: A Labyrinth Named School","355","White Day: A Labyrinth Named School","56866680","507600","34144","56","1079","108","0","112.03","White Day: A Labyrinth Named School"
"Spelunky","356","Spelunky","56473800","1688460","15893","16","3919","107","3","33.45","Spelunky"
"I Wanna Be The Guy","357","I Wanna Be The Guy","56391300","2555580","6719","20","1206","107","4","22.07","I Wanna Be The Guy"
"Citadel: Forged with Fire","358","Citadel: Forged with Fire","55768740","1465440","40189","185","3267","106","2","38.06","Citadel: Forged with Fire"
"Ori and the Blind Forest","359","Ori and the Blind Forest","55645860","4167360","154944","54","11463","105","7","13.35","Ori and the Blind Forest"
"Gamescom 2017","360","Gamescom 2017","55555860","93120","161292","52","194","105","0","596.61","Gamescom 2017"
"EverQuest","361","EverQuest","55431480","4590480","10327","57","1727","105","8","12.08","EverQuest"
"Final Fantasy X/X-2 HD Remaster","362","Final Fantasy X/X-2 HD Remaster","55061460","6868620","2829","40","9137","104","13","8.02","Final Fantasy X/X-2 HD Remaster"
"Final Fantasy: Brave Exvius","363","Final Fantasy: Brave Exvius","54472080","2089560","5145","22","1021","103","3","26.07","Final Fantasy: Brave Exvius"
"Paper Mario: The Thousand-Year Door","364","Paper Mario: The Thousand-Year Door","54405060","1337460","169832","17","1930","103","2","40.68","Paper Mario: The Thousand-Year Door"
"BlazBlue: Central Fiction","365","BlazBlue: Central Fiction","53142360","1091640","107546","21","3880","101","2","48.68","BlazBlue: Central Fiction"
"Detention","366","Detention","52908840","687900","38085","94","3188","100","1","76.91","Detention"
"The End is Nigh","367","The End is Nigh","52862580","698160","36051","120","1878","100","1","75.72","The End is Nigh"
"TwitchCon 2017","368","TwitchCon 2017","52739580","108060","86285","89","435","100","0","488.06","TwitchCon 2017"
"Battle Brothers","369","Battle Brothers","51904380","1234020","6219","16","985","98","2","42.06","Battle Brothers"
"EA Sports UFC 2","370","EA Sports UFC 2","51270480","8128440","27142","62","28427","97","15","6.31","EA Sports UFC 2"
"One Piece Treasure Cruise","371","One Piece Treasure Cruise","51258420","1288680","2984","13","661","97","2","39.78","One Piece Treasure Cruise"
"The Elder Scrolls IV: Oblivion","372","The Elder Scrolls IV: Oblivion","51141660","2286480","137396","21","3803","97","4","22.37","The Elder Scrolls IV: Oblivion"
"Late Shift","373","Late Shift","50723880","423960","61033","21","2331","96","0","119.64","Late Shift"
"Grand Theft Auto: Vice City","374","Grand Theft Auto: Vice City","50720520","1346820","161775","19","3342","96","2","37.66","Grand Theft Auto: Vice City"
"Final Fantasy VIII","375","Final Fantasy VIII","49708500","2138340","14725","17","2365","94","4","23.25","Final Fantasy VIII"
"MXM","376","MXM","49652880","2692140","31896","98","4305","94","5","18.44","MXM"
"Halo: The Master Chief Collection","377","Halo: The Master Chief Collection","49478040","8614260","2732","68","16329","94","16","5.74","Halo: The Master Chief Collection"
"Pokémon Red/Blue","378","Pokémon Red/Blue","49474800","2104920","5319","24","2836","94","4","23.5","Pokémon Red/Blue"
"Battle Chasers: Nightwar","379","Battle Chasers: Nightwar","49295700","1300620","31478","118","2339","93","2","37.9","Battle Chasers: Nightwar"
"Welcome to the Game","380","Welcome to the Game","49149960","346620","28533","17","1732","93","0","141.8","Welcome to the Game"
"Demon's Souls","381","Demon's Souls","49137360","847020","6142","9","878","93","1","58.01","Demon's Souls"
"Use Your Words","382","Use Your Words","48991680","503460","44273","14","1906","93","0","97.31","Use Your Words"
"Yooka-Laylee","383","Yooka-Laylee","48989700","2556420","36126","413","6722","93","4","19.16","Yooka-Laylee"
"Resident Evil","384","Resident Evil","48988560","1630080","128046","18","7056","93","3","30.05","Resident Evil"
"Lineage M","385","Lineage M","48607140","705240","7907","38","100","92","1","68.92","Lineage M"
"Half-Life","386","Half-Life","48509760","1345320","187175","25","4672","92","2","36.06","Half-Life"
"Immortal Redneck","387","Immortal Redneck","48331380","601740","39176","29","1745","91","1","80.32","Immortal Redneck"
"GeoGuessr","388","GeoGuessr","48233340","391440","31659","9","1439","91","0","123.22","GeoGuessr"
"A Hat in Time","389","A Hat in Time","48059340","2044320","28625","182","3812","91","3","23.51","A Hat in Time"
"Guilty Gear Xrd -Revelator-","390","Guilty Gear Xrd -Revelator-","47868480","1900620","9002","28","4135","91","3","25.19","Guilty Gear Xrd -Revelator-"
"The Culling","391","The Culling","47833980","1622940","35534","73","3365","91","3","29.47","The Culling"
"Warface","392","Warface","47771700","7386900","17468","45","12586","90","14","6.47","Warface"
"Ragnarok Online Mobile","393","Ragnarok Online Mobile","47543340","962520","7603","25","463","90","1","49.39","Ragnarok Online Mobile"
"Board Games Live","394","Board Games Live","46830960","395220","6953","17","534","89","0","118.49","Board Games Live"
"The King of Fighters XIV","395","The King of Fighters XIV","46823340","1264320","36802","30","2467","89","2","37.03","The King of Fighters XIV"
"Arms","396","Arms","46703460","1168200","40901","570","3635","88","2","39.98","Arms"
"Resident Evil 6","397","Resident Evil 6","46197780","4363440","10703","35","11764","87","8","10.59","Resident Evil 6"
"The Witcher","398","The Witcher","45767220","2388060","20502","22","4695","87","4","19.17","The Witcher"
"Trash","399","Trash","45619320","181080","10041","7","469","86","0","251.93","Trash"
"Life is Feudal: MMO","400","Life is Feudal: MMO","45462900","1323300","5606","51","504","86","2","34.36","Life is Feudal: MMO"