"","","Game","Watch time","Stream time","Peak viewers","Peak channels","Streamers","Average viewers","Average channels","Average viewer ratio",""
"LEGO Star Wars III: The Clone Wars","6401","LEGO Star Wars III: The Clone Wars","175380","38520","157","2","120","0","0","4.55","LEGO Star Wars III: The Clone Wars"
"Shadows of the Damned","6402","Shadows of the Damned","175260","60180","846","3","145","0","0","2.91","Shadows of the Damned"
"High School Dreams","6403","High School Dreams","175080","780","415","1","3","0","0","224.46","High School Dreams"
"Hyper V-Ball","6404","Hyper V-Ball","175080","120","1624","1","1","0","0","1459","Hyper V-Ball"
"Mindshow","6405","Mindshow","175020","720","706","1","2","0","0","243.08","Mindshow"
"Arcade Smash Hits","6406","Arcade Smash Hits","175020","2580","1046","1","7","0","0","67.84","Arcade Smash Hits"
"Wild Terra Online","6407","Wild Terra Online","174960","29340","197","2","61","0","0","5.96","Wild Terra Online"
"Star Trek: The Next Generation - Klingon Honor Guard","6408","Star Trek: The Next Generation - Klingon Honor Guard","174840","2580","117","1","1","0","0","67.77","Star Trek: The Next Generation - Klingon Honor Guard"
"Double Dragon Trilogy","6409","Double Dragon Trilogy","174840","6720","1119","2","45","0","0","26.02","Double Dragon Trilogy"
"Tengami","6410","Tengami","174780","8880","593","2","42","0","0","19.68","Tengami"
"Hatsune Miku: Project DIVA F","6411","Hatsune Miku: Project DIVA F","174720","35640","172","5","126","0","0","4.9","Hatsune Miku: Project DIVA F"
"Super House of Dead Ninjas","6412","Super House of Dead Ninjas","174660","21300","757","2","123","0","0","8.2","Super House of Dead Ninjas"
"Kao the Kangaroo","6413","Kao the Kangaroo","174660","1800","2065","1","11","0","0","97.03","Kao the Kangaroo"
"Dominions 4: Thrones of Ascension","6414","Dominions 4: Thrones of Ascension","174360","32340","138","5","67","0","0","5.39","Dominions 4: Thrones of Ascension"
"X Rebirth","6415","X Rebirth","174300","87840","176","4","109","0","0","1.98","X Rebirth"
"Madden NFL 15","6416","Madden NFL 15","174120","178440","97","7","820","0","0","0.98","Madden NFL 15"
"24: The Game","6417","24: The Game","174000","3180","257","1","7","0","0","54.72","24: The Game"
"Mickey's Safari In Letterland","6418","Mickey's Safari In Letterland","173820","660","1579","1","4","0","0","263.36","Mickey's Safari In Letterland"
"Wanted: A Wild Western Adventure","6419","Wanted: A Wild Western Adventure","173760","360","1162","1","2","0","0","482.67","Wanted: A Wild Western Adventure"
"Critical Path","6420","Critical Path","173700","240","977","1","1","0","0","723.75","Critical Path"
"SimCity 4: Rush Hour","6421","SimCity 4: Rush Hour","173340","20040","1384","2","46","0","0","8.65","SimCity 4: Rush Hour"
"Alien vs Predator","6422","Alien vs Predator","173340","38160","404","3","170","0","0","4.54","Alien vs Predator"
"Dragon Warrior Monsters","6423","Dragon Warrior Monsters","173220","34200","123","2","42","0","0","5.06","Dragon Warrior Monsters"
"The Journey Down: Chapter One","6424","The Journey Down: Chapter One","173160","24540","165","4","102","0","0","7.06","The Journey Down: Chapter One"
"Primordia","6425","Primordia","173160","30120","136","2","82","0","0","5.75","Primordia"
"Tom Clancy's Ghost Recon: Predator","6426","Tom Clancy's Ghost Recon: Predator","173040","19920","812","8","36","0","0","8.69","Tom Clancy's Ghost Recon: Predator"
"Emergency 20","6427","Emergency 20","173040","13080","151","2","24","0","0","13.23","Emergency 20"
"Demolition Man","6428","Demolition Man","172980","1800","1855","2","8","0","0","96.1","Demolition Man"
"Riff Racer","6429","Riff Racer","172980","47220","348","3","166","0","0","3.66","Riff Racer"
"Corpse Party: Blood Drive","6430","Corpse Party: Blood Drive","172980","26040","94","2","33","0","0","6.64","Corpse Party: Blood Drive"
"Dragon Ball Z: Infinite World","6431","Dragon Ball Z: Infinite World","172920","11400","754","2","44","0","0","15.17","Dragon Ball Z: Infinite World"
"Dudes with Attitude","6432","Dudes with Attitude","172920","240","1522","1","2","0","0","720.5","Dudes with Attitude"
"Xianjian Qixia Zhuan 2","6433","Xianjian Qixia Zhuan 2","172800","10200","377","2","7","0","0","16.94","Xianjian Qixia Zhuan 2"
"Aliens Versus Predator 2","6434","Aliens Versus Predator 2","172800","15720","97","2","43","0","0","10.99","Aliens Versus Predator 2"
"Blackwell Unbound","6435","Blackwell Unbound","172560","12000","340","1","36","0","0","14.38","Blackwell Unbound"
"Glover 2","6436","Glover 2","172500","540","497","1","2","0","0","319.44","Glover 2"
"Lost Planet 2","6437","Lost Planet 2","172320","75000","203","3","230","0","0","2.3","Lost Planet 2"
"3D Dot Game Heroes","6438","3D Dot Game Heroes","172320","25080","392","2","42","0","0","6.87","3D Dot Game Heroes"
"Captain Tsubasa III: Koutei no Chousen","6439","Captain Tsubasa III: Koutei no Chousen","172200","1500","645","1","8","0","0","114.8","Captain Tsubasa III: Koutei no Chousen"
"Metal Gear Solid: Snake Eater 3D","6440","Metal Gear Solid: Snake Eater 3D","172080","4200","948","1","15","0","0","40.97","Metal Gear Solid: Snake Eater 3D"
"Championship Manager '93","6441","Championship Manager '93","171900","360","658","1","1","0","0","477.5","Championship Manager '93"
"Hugo","6442","Hugo","171840","1980","704","1","12","0","0","86.79","Hugo"
".hack//G.U. Vol. 3: Redemption","6443",".hack//G.U. Vol. 3: Redemption","171660","43860","27","2","31","0","0","3.91",".hack//G.U. Vol. 3: Redemption"
"Infinite Undiscovery","6444","Infinite Undiscovery","171540","15360","423","2","15","0","0","11.17","Infinite Undiscovery"
"Super Skelemania","6445","Super Skelemania","171420","2700","1151","2","3","0","0","63.49","Super Skelemania"
"I.C.U.","6446","I.C.U.","171360","120","1468","1","1","0","0","1428","I.C.U."
"The Bug Butcher","6447","The Bug Butcher","171180","22800","628","3","108","0","0","7.51","The Bug Butcher"
"Sinistron","6448","Sinistron","171120","1020","1033","1","4","0","0","167.76","Sinistron"
"Tom Clancy's Splinter Cell: Double Agent","6449","Tom Clancy's Splinter Cell: Double Agent","171120","34200","300","3","105","0","0","5","Tom Clancy's Splinter Cell: Double Agent"
"Savage Resurrection","6450","Savage Resurrection","170640","6480","1122","1","26","0","0","26.33","Savage Resurrection"
"Broken Sword: The Sleeping Dragon","6451","Broken Sword: The Sleeping Dragon","170580","27720","52","2","43","0","0","6.15","Broken Sword: The Sleeping Dragon"
"World Heroes Perfect","6452","World Heroes Perfect","170460","3240","1173","2","10","0","0","52.61","World Heroes Perfect"
"Fighting Force","6453","Fighting Force","170280","8400","894","2","50","0","0","20.27","Fighting Force"
"Velvet Assassin","6454","Velvet Assassin","170280","13320","2417","2","46","0","0","12.78","Velvet Assassin"
"Final Fight CD","6455","Final Fight CD","170160","1380","1590","1","10","0","0","123.3","Final Fight CD"
"Hot Wheels: Turbo Racing","6456","Hot Wheels: Turbo Racing","170040","3000","1370","1","21","0","0","56.68","Hot Wheels: Turbo Racing"
"Uncharted Waters 2: New Horizons","6457","Uncharted Waters 2: New Horizons","169920","13380","1044","2","20","0","0","12.7","Uncharted Waters 2: New Horizons"
"Metal Slug XX","6458","Metal Slug XX","169860","21720","2457","2","150","0","0","7.82","Metal Slug XX"
"Sid Meier's Civilization IV: Colonization","6459","Sid Meier's Civilization IV: Colonization","169860","7800","120","2","10","0","0","21.78","Sid Meier's Civilization IV: Colonization"
"Iggy's Egg Adventure","6460","Iggy's Egg Adventure","169860","900","1324","1","9","0","0","188.73","Iggy's Egg Adventure"
"Terrordrome: Rise of the Boogeymen","6461","Terrordrome: Rise of the Boogeymen","169740","6120","1241","1","29","0","0","27.74","Terrordrome: Rise of the Boogeymen"
"Heavy Metal: F.A.K.K. 2","6462","Heavy Metal: F.A.K.K. 2","169560","2580","676","1","9","0","0","65.72","Heavy Metal: F.A.K.K. 2"
"Tron 2.0","6463","Tron 2.0","169500","22440","157","2","33","0","0","7.55","Tron 2.0"
"Alien","6464","Alien","169500","14820","135","1","66","0","0","11.44","Alien"
"Castaway Paradise","6465","Castaway Paradise","169500","4260","693","1","15","0","0","39.79","Castaway Paradise"
"Mount & Blade 2","6466","Mount & Blade 2","169440","2880","2861","1","14","0","0","58.83","Mount & Blade 2"
"Gradius","6467","Gradius","169380","9240","8232","3","45","0","0","18.33","Gradius"
"Doorways: Holy Mountains of Flesh","6468","Doorways: Holy Mountains of Flesh","169380","13080","388","2","50","0","0","12.95","Doorways: Holy Mountains of Flesh"
"Exalted","6469","Exalted","169200","25680","45","2","11","0","0","6.59","Exalted"
"Clock Tower 2: The Struggle Within","6470","Clock Tower 2: The Struggle Within","169080","10680","81","3","28","0","0","15.83","Clock Tower 2: The Struggle Within"
"Gunple: Gunman's Proof","6471","Gunple: Gunman's Proof","169020","23100","386","3","22","0","0","7.32","Gunple: Gunman's Proof"
"Sonic Free Riders","6472","Sonic Free Riders","169020","960","1386","1","7","0","0","176.06","Sonic Free Riders"
"Dungeons & Dragons: Chronicles of Mystara","6473","Dungeons & Dragons: Chronicles of Mystara","168840","25980","230","3","120","0","0","6.5","Dungeons & Dragons: Chronicles of Mystara"
"Need for Speed III: Hot Pursuit","6474","Need for Speed III: Hot Pursuit","168840","41460","237","3","163","0","0","4.07","Need for Speed III: Hot Pursuit"
"Initial D","6475","Initial D","168660","12300","520","2","56","0","0","13.71","Initial D"
"Ganbare Goemon 3: Shishijyuurokubei no Karakuri Manji Katame","6476","Ganbare Goemon 3: Shishijyuurokubei no Karakuri Manji Katame","168420","1200","1358","1","8","0","0","140.35","Ganbare Goemon 3: Shishijyuurokubei no Karakuri Manji Katame"
"Republique","6477","Republique","168300","62220","94","6","203","0","0","2.7","Republique"
"Interstellar Rift","6478","Interstellar Rift","168240","69720","65","3","135","0","0","2.41","Interstellar Rift"
"ROSE Online","6479","ROSE Online","168060","29280","87","2","40","0","0","5.74","ROSE Online"
"Voidrunner","6480","Voidrunner","168060","1020","2707","1","9","0","0","164.76","Voidrunner"
"Verde Station","6481","Verde Station","168000","6360","662","1","11","0","0","26.42","Verde Station"
"Mushihime-sama Futari","6482","Mushihime-sama Futari","168000","15000","335","2","27","0","0","11.2","Mushihime-sama Futari"
"Star Ocean:  Second Evolution","6483","Star Ocean:  Second Evolution","168000","55740","34","3","55","0","0","3.01","Star Ocean:  Second Evolution"
"Knights of Valour","6484","Knights of Valour","168000","63960","591","8","215","0","0","2.63","Knights of Valour"
"Devilry","6485","Devilry","167940","4680","1208","1","20","0","0","35.88","Devilry"
"The Sims: Castaway Stories","6486","The Sims: Castaway Stories","167880","3360","354","1","9","0","0","49.96","The Sims: Castaway Stories"
"Arson & Plunder","6487","Arson & Plunder","167820","180","1501","1","2","0","0","932.33","Arson & Plunder"
"Plight of the Zombie","6488","Plight of the Zombie","167580","300","1508","1","2","0","0","558.6","Plight of the Zombie"
"Yie Ar Kung-Fu","6489","Yie Ar Kung-Fu","167520","960","1135","1","7","0","0","174.5","Yie Ar Kung-Fu"
"DanceDanceRevolution","6490","DanceDanceRevolution","167460","37500","140","2","16","0","0","4.47","DanceDanceRevolution"
"Descent","6491","Descent","167460","34320","134","3","61","0","0","4.88","Descent"
"Dead or Alive Xtreme Beach Volleyball","6492","Dead or Alive Xtreme Beach Volleyball","167400","10680","733","2","44","0","0","15.67","Dead or Alive Xtreme Beach Volleyball"
"M.A.V.","6493","M.A.V.","167400","23100","57","3","38","0","0","7.25","M.A.V."
"Buscaminas","6494","Buscaminas","167340","24960","587","2","90","0","0","6.7","Buscaminas"
"SHIFT 2: Unleashed","6495","SHIFT 2: Unleashed","167220","37680","318","2","173","0","0","4.44","SHIFT 2: Unleashed"
"Jim Henson's Muppet Adventure No. 1: Chaos at the Carnival","6496","Jim Henson's Muppet Adventure No. 1: Chaos at the Carnival","167220","360","1464","1","3","0","0","464.5","Jim Henson's Muppet Adventure No. 1: Chaos at the Carnival"
"Anna","6497","Anna","167100","28020","89","3","102","0","0","5.96","Anna"
"Hidden Objects Collection","6498","Hidden Objects Collection","167040","20220","87","2","28","0","0","8.26","Hidden Objects Collection"
"Black Rose","6499","Black Rose","166920","30360","262","2","198","0","0","5.5","Black Rose"
"Touhou Hisoutensoku - Choudokyuu Ginyoru no Nazo o Oe","6500","Touhou Hisoutensoku - Choudokyuu Ginyoru no Nazo o Oe","166920","58860","54","3","161","0","0","2.84","Touhou Hisoutensoku - Choudokyuu Ginyoru no Nazo o Oe"