"","","Game","Watch time","Stream time","Peak viewers","Peak channels","Streamers","Average viewers","Average channels","Average viewer ratio",""
"Pony Island","1801","Pony Island","3592020","229980","2146","6","1284","6","0","15.62","Pony Island"
"Blackshot","1802","Blackshot","3582060","48960","18632","5","149","6","0","73.16","Blackshot"
"Kingdom Under Fire II","1803","Kingdom Under Fire II","3571320","281460","6508","18","342","6","0","12.69","Kingdom Under Fire II"
"Reign Of Kings","1804","Reign Of Kings","3570360","273300","7904","7","755","6","0","13.06","Reign Of Kings"
"Mutant Football League","1805","Mutant Football League","3570060","42120","26625","6","158","6","0","84.76","Mutant Football League"
"Game Dev Story","1806","Game Dev Story","3567360","6000","8013","2","17","6","0","594.56","Game Dev Story"
"Crowfall","1807","Crowfall","3566340","224580","3318","9","401","6","0","15.88","Crowfall"
"Rusty Lake: Roots","1808","Rusty Lake: Roots","3559980","75960","4484","4","213","6","0","46.87","Rusty Lake: Roots"
"Devil May Cry 3: Special Edition","1809","Devil May Cry 3: Special Edition","3544380","257220","6859","5","575","6","0","13.78","Devil May Cry 3: Special Edition"
"Mashinky","1810","Mashinky","3537000","93540","26757","25","244","6","0","37.81","Mashinky"
"Dino Crisis","1811","Dino Crisis","3534600","159960","6237","6","363","6","0","22.1","Dino Crisis"
"Werewolves Within","1812","Werewolves Within","3524820","155820","29825","7","356","6","0","22.62","Werewolves Within"
"America's Army: Proving Grounds","1813","America's Army: Proving Grounds","3522240","1418400","1717","35","5301","6","2","2.48","America's Army: Proving Grounds"
"Naval Action","1814","Naval Action","3520920","433680","695","8","447","6","0","8.12","Naval Action"
"RAID: World War II","1815","RAID: World War II","3519060","229860","31693","35","1406","6","0","15.31","RAID: World War II"
"Sly 2: Band of Thieves","1816","Sly 2: Band of Thieves","3518460","252420","157","6","299","6","0","13.94","Sly 2: Band of Thieves"
"Panty Party","1817","Panty Party","3517380","47340","17154","4","260","6","0","74.3","Panty Party"
"Space Station 13","1818","Space Station 13","3514560","136200","6064","4","300","6","0","25.8","Space Station 13"
"Golden Sun","1819","Golden Sun","3510720","244680","7463","5","398","6","0","14.35","Golden Sun"
"Gothic 3","1820","Gothic 3","3509340","427620","884","8","573","6","0","8.21","Gothic 3"
"Crash Bash","1821","Crash Bash","3508020","148140","6471","12","318","6","0","23.68","Crash Bash"
"Mr. President!","1822","Mr. President!","3507960","34140","10889","4","237","6","0","102.75","Mr. President!"
"Battlefield Heroes","1823","Battlefield Heroes","3501480","258780","1191","17","628","6","0","13.53","Battlefield Heroes"
"Grand Theft Auto 2","1824","Grand Theft Auto 2","3501420","40740","2507","3","118","6","0","85.95","Grand Theft Auto 2"
"Euro Fishing","1825","Euro Fishing","3500520","696000","2772","25","1613","6","1","5.03","Euro Fishing"
"SpongeBob SquarePants: Lights, Camera, Pants!","1826","SpongeBob SquarePants: Lights, Camera, Pants!","3492960","13740","22185","3","48","6","0","254.22","SpongeBob SquarePants: Lights, Camera, Pants!"
"The Krion Conquest","1827","The Krion Conquest","3488700","2940","110031","8","18","6","0","1186.63","The Krion Conquest"
"Fight of Gods","1828","Fight of Gods","3480480","38040","7983","9","268","6","0","91.5","Fight of Gods"
"Karaoke Party","1829","Karaoke Party","3479220","36300","4357","4","161","6","0","95.85","Karaoke Party"
"Tomb Raider (1996)","1830","Tomb Raider (1996)","3476640","249000","346","7","353","6","0","13.96","Tomb Raider (1996)"
"Dragon Quest IV: Chapters of the Chosen","1831","Dragon Quest IV: Chapters of the Chosen","3474420","110520","1235","4","68","6","0","31.44","Dragon Quest IV: Chapters of the Chosen"
"Duck Season","1832","Duck Season","3469140","25920","18061","5","133","6","0","133.84","Duck Season"
"Shadow Complex","1833","Shadow Complex","3467280","116520","93601","9","290","6","0","29.76","Shadow Complex"
"Super Mario 64 DS","1834","Super Mario 64 DS","3465120","86820","6124","4","157","6","0","39.91","Super Mario 64 DS"
"XCOM: Enemy Unknown","1835","XCOM: Enemy Unknown","3459180","617520","1291","9","1822","6","1","5.6","XCOM: Enemy Unknown"
"Spookys Jump Scare Mansion HD Renovation","1836","Spookys Jump Scare Mansion HD Renovation","3456300","118560","5807","14","712","6","0","29.15","Spookys Jump Scare Mansion HD Renovation"
"Blue Dragon","1837","Blue Dragon","3455700","224100","3175","5","326","6","0","15.42","Blue Dragon"
"Totally Accurate Battle Simulator","1838","Totally Accurate Battle Simulator","3449640","94680","19702","8","680","6","0","36.43","Totally Accurate Battle Simulator"
"OMSI 2","1839","OMSI 2","3443880","481980","1362","11","920","6","0","7.15","OMSI 2"
"Jumping Flash! 2","1840","Jumping Flash! 2","3440760","2640","105794","9","23","6","0","1303.32","Jumping Flash! 2"
"Genkai Tokki: Castle Panzers","1841","Genkai Tokki: Castle Panzers","3434940","16860","6910","3","8","6","0","203.73","Genkai Tokki: Castle Panzers"
"Murdered: Soul Suspect","1842","Murdered: Soul Suspect","3429300","585480","918","10","2363","6","1","5.86","Murdered: Soul Suspect"
"Project Highrise","1843","Project Highrise","3403320","142680","8608","5","494","6","0","23.85","Project Highrise"
"Street Fighter 2010: The Final Fight","1844","Street Fighter 2010: The Final Fight","3402840","3300","112078","10","21","6","0","1031.16","Street Fighter 2010: The Final Fight"
"White Album","1845","White Album","3402420","7920","2810","2","12","6","0","429.6","White Album"
"Husk","1846","Husk","3400800","69840","7055","10","339","6","0","48.69","Husk"
"The Golf","1847","The Golf","3394260","780","33884","4","7","6","0","4351.62","The Golf"
"Eternal Darkness: Sanity's Requiem","1848","Eternal Darkness: Sanity's Requiem","3393360","178680","1852","9","349","6","0","18.99","Eternal Darkness: Sanity's Requiem"
"The Sims 2","1849","The Sims 2","3393240","182220","2672","5","466","6","0","18.62","The Sims 2"
"Barbie","1850","Barbie","3392220","20640","38346","3","95","6","0","164.35","Barbie"
"Half-Life 2: Episode One","1851","Half-Life 2: Episode One","3389040","145440","9599","5","632","6","0","23.3","Half-Life 2: Episode One"
"Citadel","1852","Citadel","3382140","8700","37211","12","47","6","0","388.75","Citadel"
"Deadly Premonition: The Director's Cut","1853","Deadly Premonition: The Director's Cut","3368160","220500","2893","5","477","6","0","15.28","Deadly Premonition: The Director's Cut"
"God Hand","1854","God Hand","3366360","123420","4216","4","238","6","0","27.28","God Hand"
"Mad Games Tycoon","1855","Mad Games Tycoon","3366300","122100","1629","3","316","6","0","27.57","Mad Games Tycoon"
"Simon the Sorcerer","1856","Simon the Sorcerer","3359220","16680","4573","2","35","6","0","201.39","Simon the Sorcerer"
"Golf","1857","Golf","3347340","50700","8691","3","322","6","0","66.02","Golf"
"How to Survive 2","1858","How to Survive 2","3347220","912900","2044","30","3148","6","1","3.67","How to Survive 2"
"Mahjong","1859","Mahjong","3345720","188400","3702","4","237","6","0","17.76","Mahjong"
"Happy Wheels","1860","Happy Wheels","3340680","110400","5142","3","773","6","0","30.26","Happy Wheels"
"Gremlins, Inc.","1861","Gremlins, Inc.","3339900","171960","7488","7","375","6","0","19.42","Gremlins, Inc."
"Resident Evil: Outbreak - File #2","1862","Resident Evil: Outbreak - File #2","3333000","222720","1256","7","235","6","0","14.96","Resident Evil: Outbreak - File #2"
"Rusty Lake Hotel","1863","Rusty Lake Hotel","3331860","52380","3525","3","227","6","0","63.61","Rusty Lake Hotel"
"The Elder Scrolls II: Daggerfall","1864","The Elder Scrolls II: Daggerfall","3327120","123480","299","3","197","6","0","26.94","The Elder Scrolls II: Daggerfall"
"Mega Man 10","1865","Mega Man 10","3322860","97920","8776","4","246","6","0","33.93","Mega Man 10"
"inFamous: First Light","1866","inFamous: First Light","3322740","46680","26347","2","911","6","0","71.18","inFamous: First Light"
"Battlefield: Bad Company 2","1867","Battlefield: Bad Company 2","3318900","615420","2634","12","2363","6","1","5.39","Battlefield: Bad Company 2"
"Pokémon Stadium 2","1868","Pokémon Stadium 2","3313560","91620","7226","4","338","6","0","36.17","Pokémon Stadium 2"
"Distrust","1869","Distrust","3307860","54120","18043","6","196","6","0","61.12","Distrust"
"Bionic Commando","1870","Bionic Commando","3303240","59640","1326","5","153","6","0","55.39","Bionic Commando"
"Fortified Zone","1871","Fortified Zone","3301980","2520","105507","10","17","6","0","1310.31","Fortified Zone"
"Dropsy","1872","Dropsy","3291840","44280","8773","3","147","6","0","74.34","Dropsy"
"Buffy the Vampire Slayer","1873","Buffy the Vampire Slayer","3286560","20100","729","2","15","6","0","163.51","Buffy the Vampire Slayer"
"Magicka","1874","Magicka","3279360","316920","3839","8","1527","6","0","10.35","Magicka"
"Victoria II","1875","Victoria II","3277860","139980","1236","4","260","6","0","23.42","Victoria II"
"Stay! Stay! Democratic People's Republic of Korea! My First (and only) Trip to Korea","1876","Stay! Stay! Democratic People's Republic of Korea! My First (and only) Trip to Korea","3273720","27780","11740","5","116","6","0","117.84","Stay! Stay! Democratic People's Republic of Korea! My First (and only) Trip to Korea"
"Haydee","1877","Haydee","3272880","52740","14578","3","194","6","0","62.06","Haydee"
"Middle-earth: Shadow of War - The Mobile Game","1878","Middle-earth: Shadow of War - The Mobile Game","3259140","7320","14100","3","17","6","0","445.24","Middle-earth: Shadow of War - The Mobile Game"
"Everybody's Gone to the Rapture","1879","Everybody's Gone to the Rapture","3253620","108240","12341","4","1194","6","0","30.06","Everybody's Gone to the Rapture"
"Tekken 5","1880","Tekken 5","3251160","33240","12409","4","160","6","0","97.81","Tekken 5"
"Dark Cloud","1881","Dark Cloud","3249000","332820","481","6","994","6","0","9.76","Dark Cloud"
"Dungeons & Dragons Online","1882","Dungeons & Dragons Online","3248580","647820","604","12","705","6","1","5.01","Dungeons & Dragons Online"
"Disney's Aladdin","1883","Disney's Aladdin","3246480","106260","2496","9","314","6","0","30.55","Disney's Aladdin"
"Atelier Firis: The Alchemist of the Mysterious Journey","1884","Atelier Firis: The Alchemist of the Mysterious Journey","3243240","271080","886","9","287","6","0","11.96","Atelier Firis: The Alchemist of the Mysterious Journey"
"Obscure: The Aftermath","1885","Obscure: The Aftermath","3241920","32940","7282","3","86","6","0","98.42","Obscure: The Aftermath"
"Goat Simulator","1886","Goat Simulator","3238080","486120","3542","11","4539","6","0","6.66","Goat Simulator"
"Castlevania: Harmony of Despair","1887","Castlevania: Harmony of Despair","3228660","141660","3312","6","98","6","0","22.79","Castlevania: Harmony of Despair"
"Arcade Classics","1888","Arcade Classics","3225960","119700","1118","4","153","6","0","26.95","Arcade Classics"
"Guardians of Ember","1889","Guardians of Ember","3214920","195780","10655","7","441","6","0","16.42","Guardians of Ember"
"New Super Mario Bros. U","1890","New Super Mario Bros. U","3211620","171720","3252","4","515","6","0","18.7","New Super Mario Bros. U"
"Boogeyman","1891","Boogeyman","3207360","37860","21661","4","240","6","0","84.72","Boogeyman"
"Four Goddesses Online: Cyber Dimension Neptune","1892","Four Goddesses Online: Cyber Dimension Neptune","3206520","131460","1597","14","144","6","0","24.39","Four Goddesses Online: Cyber Dimension Neptune"
"Mischief Makers","1893","Mischief Makers","3204780","47220","3054","3","118","6","0","67.87","Mischief Makers"
"Seiken Densetsu 3","1894","Seiken Densetsu 3","3203580","177840","2335","5","229","6","0","18.01","Seiken Densetsu 3"
"Maniac Mansion: Day of the Tentacle","1895","Maniac Mansion: Day of the Tentacle","3201000","163080","3028","5","538","6","0","19.63","Maniac Mansion: Day of the Tentacle"
"DYE","1896","DYE","3198180","49200","2222","3","66","6","0","65","DYE"
"TheWaveVR","1897","TheWaveVR","3195480","4740","24651","9","4","6","0","674.15","TheWaveVR"
"Dungeon Nightmares II : The Memory","1898","Dungeon Nightmares II : The Memory","3191280","40980","19776","4","233","6","0","77.87","Dungeon Nightmares II : The Memory"
"Wings of Vi","1899","Wings of Vi","3183960","267600","3574","7","409","6","0","11.9","Wings of Vi"
"Super Hexagon","1900","Super Hexagon","3183360","161280","7343","6","1009","6","0","19.74","Super Hexagon"