"","","Game","Watch time","Stream time","Peak viewers","Peak channels","Streamers","Average viewers","Average channels","Average viewer ratio",""
"Electronic Super Joy Groove City","12301","Electronic Super Joy Groove City","17880","3480","69","1","14","0","0","5.14","Electronic Super Joy Groove City"
"Renegade","12302","Renegade","17880","7200","89","2","25","0","0","2.48","Renegade"
"Collapse","12303","Collapse","17880","8760","21","2","25","0","0","2.04","Collapse"
"Tenchu: Shadow Assassins","12304","Tenchu: Shadow Assassins","17880","8760","37","1","22","0","0","2.04","Tenchu: Shadow Assassins"
"Ace Combat Infinity","12305","Ace Combat Infinity","17880","9840","33","2","25","0","0","1.82","Ace Combat Infinity"
"Pro Cycling Manager 2015","12306","Pro Cycling Manager 2015","17880","10860","70","2","17","0","0","1.65","Pro Cycling Manager 2015"
"Tecmo World Wrestling","12307","Tecmo World Wrestling","17880","900","160","1","5","0","0","19.87","Tecmo World Wrestling"
"Guilty","12308","Guilty","17880","1860","121","1","8","0","0","9.61","Guilty"
"The Outfit","12309","The Outfit","17880","1440","59","1","3","0","0","12.42","The Outfit"
"Artemis: Space Ship Simulator","12310","Artemis: Space Ship Simulator","17880","3060","48","2","15","0","0","5.84","Artemis: Space Ship Simulator"
"Hyper Street Fighter II: The Anniversary Edition","12311","Hyper Street Fighter II: The Anniversary Edition","17820","3660","69","1","21","0","0","4.87","Hyper Street Fighter II: The Anniversary Edition"
"Europa Universalis III","12312","Europa Universalis III","17820","7380","42","1","17","0","0","2.41","Europa Universalis III"
"Enchanted Cavern","12313","Enchanted Cavern","17820","1020","39","1","2","0","0","17.47","Enchanted Cavern"
"Football Manager 2015","12314","Football Manager 2015","17820","15480","10","2","66","0","0","1.15","Football Manager 2015"
"Tsukihime","12315","Tsukihime","17820","4080","36","1","11","0","0","4.37","Tsukihime"
"Inazuma Eleven GO Chrono Stones","12316","Inazuma Eleven GO Chrono Stones","17820","1680","111","1","2","0","0","10.61","Inazuma Eleven GO Chrono Stones"
"Mighty Final Fight","12317","Mighty Final Fight","17820","5820","71","1","32","0","0","3.06","Mighty Final Fight"
"Forge Quest","12318","Forge Quest","17820","7020","14","2","30","0","0","2.54","Forge Quest"
"The Haunted: Hells Reach","12319","The Haunted: Hells Reach","17820","7980","22","1","25","0","0","2.23","The Haunted: Hells Reach"
"Gundam Side Story 0079:  Rise from the Ashes","12320","Gundam Side Story 0079:  Rise from the Ashes","17820","4380","10","1","9","0","0","4.07","Gundam Side Story 0079:  Rise from the Ashes"
"Summon Night 6: Lost Borders","12321","Summon Night 6: Lost Borders","17820","6840","19","2","29","0","0","2.61","Summon Night 6: Lost Borders"
"En-Eins Perfektewelt","12322","En-Eins Perfektewelt","17820","3900","21","1","1","0","0","4.57","En-Eins Perfektewelt"
"Tekken Bowl","12323","Tekken Bowl","17760","180","295","1","2","0","0","98.67","Tekken Bowl"
"Enigmatis 3: The Shadow of Karkhala","12324","Enigmatis 3: The Shadow of Karkhala","17760","3960","33","2","10","0","0","4.48","Enigmatis 3: The Shadow of Karkhala"
"Construct: Escape the System","12325","Construct: Escape the System","17760","840","145","1","3","0","0","21.14","Construct: Escape the System"
"Nicktoons Unite!","12326","Nicktoons Unite!","17760","7080","56","1","23","0","0","2.51","Nicktoons Unite!"
"Pirates of the Black Cove","12327","Pirates of the Black Cove","17760","900","113","1","6","0","0","19.73","Pirates of the Black Cove"
"Splatterhouse: Wanpaku Graffiti","12328","Splatterhouse: Wanpaku Graffiti","17760","4500","66","2","23","0","0","3.95","Splatterhouse: Wanpaku Graffiti"
"Comic Jumper","12329","Comic Jumper","17760","11220","66","2","56","0","0","1.58","Comic Jumper"
"Cabela's Big Game Hunter 2012","12330","Cabela's Big Game Hunter 2012","17760","1260","149","1","7","0","0","14.1","Cabela's Big Game Hunter 2012"
"Kendo Rage","12331","Kendo Rage","17760","1020","95","1","7","0","0","17.41","Kendo Rage"
"25 to Life","12332","25 to Life","17700","3240","27","3","15","0","0","5.46","25 to Life"
"X-Men: Legends II - Rise of Apocalypse","12333","X-Men: Legends II - Rise of Apocalypse","17700","13080","12","2","20","0","0","1.35","X-Men: Legends II - Rise of Apocalypse"
"Yuki Yuna wa Yusha de Aru: Jukai no Kioku","12334","Yuki Yuna wa Yusha de Aru: Jukai no Kioku","17700","420","376","1","3","0","0","42.14","Yuki Yuna wa Yusha de Aru: Jukai no Kioku"
"Driven to Destruction","12335","Driven to Destruction","17700","480","165","1","3","0","0","36.88","Driven to Destruction"
"Chronos","12336","Chronos","17700","10380","33","2","32","0","0","1.71","Chronos"
"Edge of Nowhere","12337","Edge of Nowhere","17700","7800","14","2","37","0","0","2.27","Edge of Nowhere"
"Pac-Man: Championship Edition 2 + ARCADE GAME SERIES","12338","Pac-Man: Championship Edition 2 + ARCADE GAME SERIES","17700","2940","98","2","54","0","0","6.02","Pac-Man: Championship Edition 2 + ARCADE GAME SERIES"
"Profane","12339","Profane","17640","7800","35","3","12","0","0","2.26","Profane"
"Schoolgirl Fighting","12340","Schoolgirl Fighting","17640","900","44","1","3","0","0","19.6","Schoolgirl Fighting"
"RuneScape: Idle Adventures","12341","RuneScape: Idle Adventures","17640","8940","23","1","30","0","0","1.97","RuneScape: Idle Adventures"
"Evo Explores","12342","Evo Explores","17640","2460","68","1","10","0","0","7.17","Evo Explores"
"Hack 'n' Slash","12343","Hack 'n' Slash","17640","7260","14","2","23","0","0","2.43","Hack 'n' Slash"
"PixelJunk Eden","12344","PixelJunk Eden","17640","6660","110","1","20","0","0","2.65","PixelJunk Eden"
"Densetsu no Stafy","12345","Densetsu no Stafy","17580","6600","51","1","10","0","0","2.66","Densetsu no Stafy"
"Might and Magic II: Gates to Another World","12346","Might and Magic II: Gates to Another World","17580","1200","101","1","6","0","0","14.65","Might and Magic II: Gates to Another World"
"Natural Doctrine","12347","Natural Doctrine","17580","14280","20","2","49","0","0","1.23","Natural Doctrine"
"Cogs","12348","Cogs","17580","2940","113","1","15","0","0","5.98","Cogs"
"Fighter Within","12349","Fighter Within","17580","2220","151","1","10","0","0","7.92","Fighter Within"
"Pajama Sam: Life is Rough When You Lose Your Stuff","12350","Pajama Sam: Life is Rough When You Lose Your Stuff","17580","1980","63","1","13","0","0","8.88","Pajama Sam: Life is Rough When You Lose Your Stuff"
"Legends of Wrestling II","12351","Legends of Wrestling II","17580","1080","269","1","6","0","0","16.28","Legends of Wrestling II"
"Keepsake","12352","Keepsake","17580","5340","91","1","8","0","0","3.29","Keepsake"
"Panzer Bandit","12353","Panzer Bandit","17580","1920","136","1","4","0","0","9.16","Panzer Bandit"
"Doraemon 3: Nobita to Toki no Hougyoku","12354","Doraemon 3: Nobita to Toki no Hougyoku","17580","1200","329","1","1","0","0","14.65","Doraemon 3: Nobita to Toki no Hougyoku"
"Day Dreamin' Davey","12355","Day Dreamin' Davey","17580","3720","136","2","4","0","0","4.73","Day Dreamin' Davey"
"NCAA Football 06","12356","NCAA Football 06","17580","12840","20","2","7","0","0","1.37","NCAA Football 06"
"Trash in Space","12357","Trash in Space","17580","5520","11","2","7","0","0","3.18","Trash in Space"
"Builder's Block","12358","Builder's Block","17580","2580","19","1","3","0","0","6.81","Builder's Block"
"Foes.io","12359","Foes.io","17580","6120","47","2","20","0","0","2.87","Foes.io"
"Taichi Panda 3: Dragon Hunter","12360","Taichi Panda 3: Dragon Hunter","17520","8220","13","2","11","0","0","2.13","Taichi Panda 3: Dragon Hunter"
"Bang! Howdy","12361","Bang! Howdy","17520","4200","17","2","17","0","0","4.17","Bang! Howdy"
"Joint Operations: Escalation","12362","Joint Operations: Escalation","17520","5520","12","2","12","0","0","3.17","Joint Operations: Escalation"
"Runewards","12363","Runewards","17520","3060","80","1","7","0","0","5.73","Runewards"
"Nexus: The Jupiter Incident","12364","Nexus: The Jupiter Incident","17520","7800","20","2","20","0","0","2.25","Nexus: The Jupiter Incident"
"Saga","12365","Saga","17520","3600","20","1","9","0","0","4.87","Saga"
"Gunman Clive 2","12366","Gunman Clive 2","17520","1500","134","1","5","0","0","11.68","Gunman Clive 2"
"DJMAX Portable: Black Square","12367","DJMAX Portable: Black Square","17520","5400","37","2","17","0","0","3.24","DJMAX Portable: Black Square"
"N+","12368","N+","17520","13740","15","2","77","0","0","1.28","N+"
"Ascension","12369","Ascension","17520","8340","15","2","26","0","0","2.1","Ascension"
"Donkey Kong Classics","12370","Donkey Kong Classics","17520","5940","60","2","30","0","0","2.95","Donkey Kong Classics"
"5 Days a Stranger","12371","5 Days a Stranger","17520","5040","22","2","25","0","0","3.48","5 Days a Stranger"
"Coma:Mortuary","12372","Coma:Mortuary","17460","3900","36","1","30","0","0","4.48","Coma:Mortuary"
"Take On Helicopters","12373","Take On Helicopters","17460","2520","33","1","12","0","0","6.93","Take On Helicopters"
"Virtua Tennis 4","12374","Virtua Tennis 4","17460","18480","20","2","39","0","0","0.94","Virtua Tennis 4"
"Secret Mission","12375","Secret Mission","17460","180","317","1","2","0","0","97","Secret Mission"
"The End","12376","The End","17460","2160","58","1","11","0","0","8.08","The End"
"NBA Live 06","12377","NBA Live 06","17460","1620","106","1","4","0","0","10.78","NBA Live 06"
"Armored ACORNs: Action Squirrel Squad","12378","Armored ACORNs: Action Squirrel Squad","17460","240","134","1","1","0","0","72.75","Armored ACORNs: Action Squirrel Squad"
"Chaos;Head Noah","12379","Chaos;Head Noah","17460","1080","48","1","1","0","0","16.17","Chaos;Head Noah"
"CSR Racing 2","12380","CSR Racing 2","17460","6900","43","1","23","0","0","2.53","CSR Racing 2"
"Radial-G: Racing Revolved","12381","Radial-G: Racing Revolved","17460","780","106","1","14","0","0","22.38","Radial-G: Racing Revolved"
"Crosswords","12382","Crosswords","17460","12720","21","2","12","0","0","1.37","Crosswords"
"Sweet fantasy","12383","Sweet fantasy","17400","2100","93","1","13","0","0","8.29","Sweet fantasy"
"Shark Attack Deathmatch 2","12384","Shark Attack Deathmatch 2","17400","3240","37","2","22","0","0","5.37","Shark Attack Deathmatch 2"
"Million Arthur Arcana Blood","12385","Million Arthur Arcana Blood","17400","1500","43","1","1","0","0","11.6","Million Arthur Arcana Blood"
"3D Frog Frenzy","12386","3D Frog Frenzy","17400","60","322","1","0","0","0","290","3D Frog Frenzy"
"The Vagrant","12387","The Vagrant","17400","3060","52","2","1","0","0","5.69","The Vagrant"
"Super Plexis","12388","Super Plexis","17400","4260","19","5","9","0","0","4.08","Super Plexis"
"The Political Machine 2016","12389","The Political Machine 2016","17400","7500","15","2","48","0","0","2.32","The Political Machine 2016"
"Sexy Demon Transformation!","12390","Sexy Demon Transformation!","17400","2700","33","1","3","0","0","6.44","Sexy Demon Transformation!"
"Avernum 2: Crystal Souls","12391","Avernum 2: Crystal Souls","17400","2520","25","1","5","0","0","6.9","Avernum 2: Crystal Souls"
"Delta Force","12392","Delta Force","17400","2880","93","1","13","0","0","6.04","Delta Force"
"Espgaluda II Black Label","12393","Espgaluda II Black Label","17400","2340","23","1","5","0","0","7.44","Espgaluda II Black Label"
"Blake Stone: Aliens of Gold","12394","Blake Stone: Aliens of Gold","17400","3180","54","1","11","0","0","5.47","Blake Stone: Aliens of Gold"
"Dr. Lunatic Supreme with Cheese","12395","Dr. Lunatic Supreme with Cheese","17400","960","54","1","5","0","0","18.13","Dr. Lunatic Supreme with Cheese"
"Captain Commando","12396","Captain Commando","17400","6420","23","1","37","0","0","2.71","Captain Commando"
"Magnetic: Cage Closed","12397","Magnetic: Cage Closed","17400","4020","26","1","15","0","0","4.33","Magnetic: Cage Closed"
"Ghosts","12398","Ghosts","17400","13080","10","2","39","0","0","1.33","Ghosts"
"Strike Suit Zero","12399","Strike Suit Zero","17400","12300","20","2","54","0","0","1.41","Strike Suit Zero"
"NAM-1975","12400","NAM-1975","17340","1260","25","1","2","0","0","13.76","NAM-1975"