"","","Game","Watch time","Stream time","Peak viewers","Peak channels","Streamers","Average viewers","Average channels","Average viewer ratio",""
"Soccer Boss","7701","Soccer Boss","97680","1740","315","1","5","0","0","56.14","Soccer Boss"
"Super Star","7702","Super Star","97620","6660","722","2","39","0","0","14.66","Super Star"
"Kid Klown in Night Mayor World","7703","Kid Klown in Night Mayor World","97620","2760","512","1","6","0","0","35.37","Kid Klown in Night Mayor World"
"Vampires Dawn 2: Ancient Blood","7704","Vampires Dawn 2: Ancient Blood","97500","12720","25","2","8","0","0","7.67","Vampires Dawn 2: Ancient Blood"
"Trainz Simulator 12","7705","Trainz Simulator 12","97500","41700","36","2","54","0","0","2.34","Trainz Simulator 12"
"Shardlight","7706","Shardlight","97500","18000","93","2","36","0","0","5.42","Shardlight"
"Tormentor X Punisher","7707","Tormentor X Punisher","97440","17100","353","5","85","0","0","5.7","Tormentor X Punisher"
"Conduct Deluxe!","7708","Conduct Deluxe!","97440","1560","827","1","0","0","0","62.46","Conduct Deluxe!"
"Pocket Kingdom","7709","Pocket Kingdom","97440","60","1624","1","1","0","0","1624","Pocket Kingdom"
"Disgaea 3: Absence of Detention","7710","Disgaea 3: Absence of Detention","97440","2400","67","1","2","0","0","40.6","Disgaea 3: Absence of Detention"
"You Don't Know Jack: Volume 2","7711","You Don't Know Jack: Volume 2","97380","1860","660","2","14","0","0","52.35","You Don't Know Jack: Volume 2"
"Harvest Moon: Magical Melody","7712","Harvest Moon: Magical Melody","97380","29520","35","2","71","0","0","3.3","Harvest Moon: Magical Melody"
"Synergy","7713","Synergy","97320","50640","43","3","255","0","0","1.92","Synergy"
"SkyNET","7714","SkyNET","97320","4860","128","1","8","0","0","20.02","SkyNET"
"Chronicle: RuneScape Legends","7715","Chronicle: RuneScape Legends","97320","27300","57","2","73","0","0","3.56","Chronicle: RuneScape Legends"
"Soccer Life II","7716","Soccer Life II","97320","5460","393","2","6","0","0","17.82","Soccer Life II"
"Secret Service","7717","Secret Service","97200","1500","373","1","4","0","0","64.8","Secret Service"
"Dungeon Boss","7718","Dungeon Boss","97080","18360","61","3","27","0","0","5.29","Dungeon Boss"
"Nancy Drew: Secret of the Old Clock","7719","Nancy Drew: Secret of the Old Clock","97080","8640","123","2","20","0","0","11.24","Nancy Drew: Secret of the Old Clock"
"Plants vs. Zombies Adventures","7720","Plants vs. Zombies Adventures","97020","4140","400","1","22","0","0","23.43","Plants vs. Zombies Adventures"
"Pole's Big Adventure","7721","Pole's Big Adventure","97020","1740","555","1","4","0","0","55.76","Pole's Big Adventure"
"Fort meow","7722","Fort meow","96900","9660","119","2","17","0","0","10.03","Fort meow"
"The Black Mirror","7723","The Black Mirror","96900","19440","340","2","28","0","0","4.98","The Black Mirror"
"Project Gorgon","7724","Project Gorgon","96900","46140","41","3","75","0","0","2.1","Project Gorgon"
"Castlevania: The Adventure ReBirth","7725","Castlevania: The Adventure ReBirth","96840","11160","54","2","30","0","0","8.68","Castlevania: The Adventure ReBirth"
"Putt-Putt Enters the Race","7726","Putt-Putt Enters the Race","96840","5700","342","2","38","0","0","16.99","Putt-Putt Enters the Race"
"GoatPunks","7727","GoatPunks","96840","1020","598","1","6","0","0","94.94","GoatPunks"
"Orc Slayer","7728","Orc Slayer","96840","11880","336","2","43","0","0","8.15","Orc Slayer"
"Evil Eye","7729","Evil Eye","96780","180","939","1","2","0","0","537.67","Evil Eye"
"Tales","7730","Tales","96780","2520","1227","1","10","0","0","38.4","Tales"
"High-Low","7731","High-Low","96780","240","2799","2","3","0","0","403.25","High-Low"
"Dynasty Warriors 7","7732","Dynasty Warriors 7","96720","4860","725","2","15","0","0","19.9","Dynasty Warriors 7"
"Nancy Drew: Alibi in Ashes","7733","Nancy Drew: Alibi in Ashes","96660","10500","124","2","20","0","0","9.21","Nancy Drew: Alibi in Ashes"
"Fru","7734","Fru","96660","2400","2203","1","12","0","0","40.28","Fru"
"Action Sport","7735","Action Sport","96600","240","992","1","1","0","0","402.5","Action Sport"
"Black Ice","7736","Black Ice","96480","13860","751","3","57","0","0","6.96","Black Ice"
"Supreme Ruler 2020: Global Crisis","7737","Supreme Ruler 2020: Global Crisis","96480","5040","159","1","5","0","0","19.14","Supreme Ruler 2020: Global Crisis"
"Dreamals","7738","Dreamals","96480","7920","324","2","19","0","0","12.18","Dreamals"
"Game Tengoku","7739","Game Tengoku","96420","3840","95","2","7","0","0","25.11","Game Tengoku"
"Aliens: Infestation","7740","Aliens: Infestation","96420","3780","205","1","9","0","0","25.51","Aliens: Infestation"
"Swamp Thing","7741","Swamp Thing","96360","480","712","2","5","0","0","200.75","Swamp Thing"
"Beauty and the Beast","7742","Beauty and the Beast","96360","3540","568","3","17","0","0","27.22","Beauty and the Beast"
"Sin & Punishment","7743","Sin & Punishment","96300","7320","1044","1","20","0","0","13.16","Sin & Punishment"
"Breakout","7744","Breakout","96240","4620","374","2","17","0","0","20.83","Breakout"
"The Misadventures of P.B. Winterbottom","7745","The Misadventures of P.B. Winterbottom","96240","3840","1466","2","18","0","0","25.06","The Misadventures of P.B. Winterbottom"
"Geometry Wars: Retro Evolved","7746","Geometry Wars: Retro Evolved","96180","17520","458","2","74","0","0","5.49","Geometry Wars: Retro Evolved"
"Strange Days","7747","Strange Days","96180","120","827","1","0","0","0","801.5","Strange Days"
"Everest","7748","Everest","96120","900","1570","1","7","0","0","106.8","Everest"
"Metal Tales: Fury of the Guitar Gods","7749","Metal Tales: Fury of the Guitar Gods","96060","1920","304","1","8","0","0","50.03","Metal Tales: Fury of the Guitar Gods"
"Gunman Chronicles","7750","Gunman Chronicles","95940","5700","170","1","16","0","0","16.83","Gunman Chronicles"
"Distant Worlds","7751","Distant Worlds","95940","20400","108","3","26","0","0","4.7","Distant Worlds"
"Rising Zan: The Samurai Gunman","7752","Rising Zan: The Samurai Gunman","95880","4260","323","1","16","0","0","22.51","Rising Zan: The Samurai Gunman"
"Inazuma Eleven GO: Galaxy","7753","Inazuma Eleven GO: Galaxy","95820","8100","75","1","6","0","0","11.83","Inazuma Eleven GO: Galaxy"
"Unreal Mission Pack 1: Return to Na Pali","7754","Unreal Mission Pack 1: Return to Na Pali","95700","3720","566","1","14","0","0","25.73","Unreal Mission Pack 1: Return to Na Pali"
"Flightless","7755","Flightless","95700","2040","715","1","13","0","0","46.91","Flightless"
"Tomb Raider: The Golden Mask","7756","Tomb Raider: The Golden Mask","95640","5820","493","4","14","0","0","16.43","Tomb Raider: The Golden Mask"
"Scribblenauts","7757","Scribblenauts","95640","3480","1568","1","23","0","0","27.48","Scribblenauts"
"My Stop Smoking Coach with Allen Carr","7758","My Stop Smoking Coach with Allen Carr","95640","360","1570","1","2","0","0","265.67","My Stop Smoking Coach with Allen Carr"
"Utawarerumono","7759","Utawarerumono","95520","25620","90","3","30","0","0","3.73","Utawarerumono"
"Sam & Max Episode 1: Culture Shock","7760","Sam & Max Episode 1: Culture Shock","95520","21960","82","2","106","0","0","4.35","Sam & Max Episode 1: Culture Shock"
"The Rainy Port Keelung","7761","The Rainy Port Keelung","95460","3840","814","1","9","0","0","24.86","The Rainy Port Keelung"
"Frozen Synapse","7762","Frozen Synapse","95400","10920","471","2","34","0","0","8.74","Frozen Synapse"
"Master of Orion II: Battle at Antares","7763","Master of Orion II: Battle at Antares","95400","13500","294","2","38","0","0","7.07","Master of Orion II: Battle at Antares"
"CastleStorm","7764","CastleStorm","95340","12060","378","1","60","0","0","7.91","CastleStorm"
"Dungeon Travelers 2: The Royal Library & The Monster Seal","7765","Dungeon Travelers 2: The Royal Library & The Monster Seal","95340","19980","21","1","10","0","0","4.77","Dungeon Travelers 2: The Royal Library & The Monster Seal"
"The Fairly OddParents: Shadow Showdown","7766","The Fairly OddParents: Shadow Showdown","95340","9180","114","2","19","0","0","10.39","The Fairly OddParents: Shadow Showdown"
"Bullets And More VR","7767","Bullets And More VR","95340","45840","91","5","96","0","0","2.08","Bullets And More VR"
"Disney's Villains' Revenge","7768","Disney's Villains' Revenge","95280","660","907","1","3","0","0","144.36","Disney's Villains' Revenge"
"MLB SlugFest 20-04","7769","MLB SlugFest 20-04","95280","600","804","1","5","0","0","158.8","MLB SlugFest 20-04"
"Maru's Mission","7770","Maru's Mission","95280","1560","621","1","9","0","0","61.08","Maru's Mission"
"Nicktoons Racing","7771","Nicktoons Racing","95280","7740","223","1","15","0","0","12.31","Nicktoons Racing"
"Adventures of Lolo","7772","Adventures of Lolo","95220","12060","503","3","50","0","0","7.9","Adventures of Lolo"
"Police Stories","7773","Police Stories","95220","3300","511","2","32","0","0","28.85","Police Stories"
"Serious Sam VR: The Last Hope","7774","Serious Sam VR: The Last Hope","95100","14040","293","3","56","0","0","6.77","Serious Sam VR: The Last Hope"
"Puzzle Quest: Challenge of the Warlords","7775","Puzzle Quest: Challenge of the Warlords","95100","30120","62","2","50","0","0","3.16","Puzzle Quest: Challenge of the Warlords"
"Icewind Dale","7776","Icewind Dale","95100","15660","168","2","16","0","0","6.07","Icewind Dale"
"Forward to the sky","7777","Forward to the sky","95100","15360","315","2","56","0","0","6.19","Forward to the sky"
"Death to Spies","7778","Death to Spies","95100","12360","781","2","29","0","0","7.69","Death to Spies"
"Crackdown","7779","Crackdown","95040","10080","353","2","31","0","0","9.43","Crackdown"
"Velocibox","7780","Velocibox","95040","7380","245","2","29","0","0","12.88","Velocibox"
"Metal Wolf Chaos","7781","Metal Wolf Chaos","95040","2400","820","2","8","0","0","39.6","Metal Wolf Chaos"
"Curse","7782","Curse","94980","5700","114","1","18","0","0","16.66","Curse"
"Zeno Clash","7783","Zeno Clash","94920","12060","230","3","50","0","0","7.87","Zeno Clash"
"The Adventures of Bayou Billy","7784","The Adventures of Bayou Billy","94920","4260","140","3","16","0","0","22.28","The Adventures of Bayou Billy"
"Pro Wrestling X","7785","Pro Wrestling X","94860","3600","592","1","5","0","0","26.35","Pro Wrestling X"
"Barbie Game Girl","7786","Barbie Game Girl","94800","12600","360","3","40","0","0","7.52","Barbie Game Girl"
"Letter Quest: Grimm's Journey","7787","Letter Quest: Grimm's Journey","94800","15480","131","2","49","0","0","6.12","Letter Quest: Grimm's Journey"
"The Simpsons Arcade","7788","The Simpsons Arcade","94800","10980","102","2","56","0","0","8.63","The Simpsons Arcade"
"Amateur Surgeon 4","7789","Amateur Surgeon 4","94800","1800","506","1","9","0","0","52.67","Amateur Surgeon 4"
"IA/VT Colorful","7790","IA/VT Colorful","94740","8220","236","2","21","0","0","11.53","IA/VT Colorful"
"Lumber Island","7791","Lumber Island","94620","3300","391","1","15","0","0","28.67","Lumber Island"
"CasinoRPG","7792","CasinoRPG","94560","10140","37","1","4","0","0","9.33","CasinoRPG"
"Spring","7793","Spring","94560","2760","99","1","8","0","0","34.26","Spring"
"Linelight","7794","Linelight","94560","24720","106","4","99","0","0","3.83","Linelight"
"Star Ocean: Blue Sphere","7795","Star Ocean: Blue Sphere","94560","3300","429","1","5","0","0","28.65","Star Ocean: Blue Sphere"
"Pimp My Ride","7796","Pimp My Ride","94500","2400","348","1","15","0","0","39.38","Pimp My Ride"
"Take Shape","7797","Take Shape","94440","4800","145","2","4","0","0","19.68","Take Shape"
"Arcane Legends","7798","Arcane Legends","94380","21120","77","2","35","0","0","4.47","Arcane Legends"
"Samurai Warriors 4","7799","Samurai Warriors 4","94380","71700","59","3","243","0","0","1.32","Samurai Warriors 4"
"Nitro","7800","Nitro","94380","900","222","1","1","0","0","104.87","Nitro"