"","","Game","Watch time","Stream time","Peak viewers","Peak channels","Streamers","Average viewers","Average channels","Average viewer ratio",""
"Strider","2201","Strider","2380740","232380","2667","6","955","4","0","10.25","Strider"
"Zula","2202","Zula","2380680","439620","1465","9","2011","4","0","5.42","Zula"
"Thumper","2203","Thumper","2378700","295020","22600","5","1660","4","0","8.06","Thumper"
"Sid Meier's Pirates!","2204","Sid Meier's Pirates!","2376960","95340","2658","4","334","4","0","24.93","Sid Meier's Pirates!"
"Who Wants To Be A Millionaire: Third Edition","2205","Who Wants To Be A Millionaire: Third Edition","2371260","1980","17332","3","14","4","0","1197.61","Who Wants To Be A Millionaire: Third Edition"
"Princess Maker 3: Yumemiru Yousei","2206","Princess Maker 3: Yumemiru Yousei","2370960","34440","2688","5","103","4","0","68.84","Princess Maker 3: Yumemiru Yousei"
"Jak 3","2207","Jak 3","2367480","152160","491","6","144","4","0","15.56","Jak 3"
"Fernbus Coach Simulator","2208","Fernbus Coach Simulator","2367180","142920","8377","4","362","4","0","16.56","Fernbus Coach Simulator"
"Donkey Kong Country: Tropical Freeze","2209","Donkey Kong Country: Tropical Freeze","2364780","181980","1713","4","424","4","0","12.99","Donkey Kong Country: Tropical Freeze"
"Titanfall","2210","Titanfall","2358360","875520","3711","15","3634","4","1","2.69","Titanfall"
"Parasite Eve II","2211","Parasite Eve II","2357220","154080","637","4","203","4","0","15.3","Parasite Eve II"
"Bad Dreams","2212","Bad Dreams","2349840","21180","3189","4","79","4","0","110.95","Bad Dreams"
"The King of Fighters '98: Ultimate Match Online","2213","The King of Fighters '98: Ultimate Match Online","2349060","34680","6374","2","74","4","0","67.74","The King of Fighters '98: Ultimate Match Online"
"Zelda: The Wand of Gamelon","2214","Zelda: The Wand of Gamelon","2346600","17520","5943","2","44","4","0","133.94","Zelda: The Wand of Gamelon"
"Fictorum","2215","Fictorum","2336640","32580","35579","8","175","4","0","71.72","Fictorum"
"Bloons TD Battles","2216","Bloons TD Battles","2331300","471840","931","8","1492","4","0","4.94","Bloons TD Battles"
"Long Live the Queen","2217","Long Live the Queen","2331060","74460","3037","3","323","4","0","31.31","Long Live the Queen"
"Family Feud Decades","2218","Family Feud Decades","2330280","1620","6126","2","9","4","0","1438.44","Family Feud Decades"
"Star Wars: The Force Unleashed","2219","Star Wars: The Force Unleashed","2329980","634980","3305","51","3288","4","1","3.67","Star Wars: The Force Unleashed"
"Cube World","2220","Cube World","2320200","178380","2209","5","704","4","0","13.01","Cube World"
"Super Punch-Out!!","2221","Super Punch-Out!!","2320080","68160","6563","5","351","4","0","34.04","Super Punch-Out!!"
"Final Fantasy Type-0 HD","2222","Final Fantasy Type-0 HD","2316240","408360","2872","6","1271","4","0","5.67","Final Fantasy Type-0 HD"
"Gundam Breaker 3","2223","Gundam Breaker 3","2314380","169680","8413","6","387","4","0","13.64","Gundam Breaker 3"
"Who Wants To Be A Millionaire?","2224","Who Wants To Be A Millionaire?","2310600","13620","14880","3","48","4","0","169.65","Who Wants To Be A Millionaire?"
"Grand Theft Auto: Vice City Stories","2225","Grand Theft Auto: Vice City Stories","2308500","69480","1837","3","136","4","0","33.23","Grand Theft Auto: Vice City Stories"
"Persona 4: Dancing All Night","2226","Persona 4: Dancing All Night","2307480","50340","554","3","102","4","0","45.84","Persona 4: Dancing All Night"
"Pikmin 3","2227","Pikmin 3","2306160","110400","932","5","240","4","0","20.89","Pikmin 3"
"Feel the Snow","2228","Feel the Snow","2306040","129960","2166","5","434","4","0","17.74","Feel the Snow"
"Never Alone","2229","Never Alone","2304060","179040","4459","4","883","4","0","12.87","Never Alone"
"TrackMania Nations Forever","2230","TrackMania Nations Forever","2299860","240540","3023","7","1102","4","0","9.56","TrackMania Nations Forever"
"State of Decay","2231","State of Decay","2298960","253560","3416","5","914","4","0","9.07","State of Decay"
"Seven Knights","2232","Seven Knights","2291640","303660","265","5","308","4","0","7.55","Seven Knights"
"Dungeons 2","2233","Dungeons 2","2285040","211140","4758","20","840","4","0","10.82","Dungeons 2"
"Theme Hospital","2234","Theme Hospital","2284860","120660","1993","4","388","4","0","18.94","Theme Hospital"
"Valkyria: Azure Revolution","2235","Valkyria: Azure Revolution","2280060","200220","1029","17","262","4","0","11.39","Valkyria: Azure Revolution"
"Grandia","2236","Grandia","2278800","209880","494","4","161","4","0","10.86","Grandia"
"The Swapper","2237","The Swapper","2276880","103920","7985","6","416","4","0","21.91","The Swapper"
"Romance of the Three Kingdoms V","2238","Romance of the Three Kingdoms V","2276340","2640","2094","1","7","4","0","862.25","Romance of the Three Kingdoms V"
"Ballistic Overkill","2239","Ballistic Overkill","2275560","241380","6166","8","775","4","0","9.43","Ballistic Overkill"
"Sanitarium","2240","Sanitarium","2271840","33840","3604","3","65","4","0","67.13","Sanitarium"
"Chowderchu","2241","Chowderchu","2270040","1680","4501","1","5","4","0","1351.21","Chowderchu"
"FIFA 16","2242","FIFA 16","2269620","1449600","2003","28","9291","4","2","1.57","FIFA 16"
"Mortal Kombat vs. DC Universe","2243","Mortal Kombat vs. DC Universe","2264940","4320","7217","2","19","4","0","524.29","Mortal Kombat vs. DC Universe"
"Star Ocean: The Last Hope","2244","Star Ocean: The Last Hope","2259180","321780","786","21","181","4","0","7.02","Star Ocean: The Last Hope"
"DuckTales: Remastered","2245","DuckTales: Remastered","2258520","148860","1945","4","671","4","0","15.17","DuckTales: Remastered"
"Neverwinter Nights","2246","Neverwinter Nights","2257440","287160","786","5","367","4","0","7.86","Neverwinter Nights"
"The Maitre D","2247","The Maitre D","2254320","480","110681","8","12","4","0","4696.5","The Maitre D"
"Kingdom Hearts HD 1.5 + 2.5 Remix","2248","Kingdom Hearts HD 1.5 + 2.5 Remix","2251620","318240","597","21","18246","4","0","7.08","Kingdom Hearts HD 1.5 + 2.5 Remix"
"Super Monkey Ball","2249","Super Monkey Ball","2250480","128880","2786","8","293","4","0","17.46","Super Monkey Ball"
"Gears of War 3","2250","Gears of War 3","2248680","596520","4399","10","2302","4","1","3.77","Gears of War 3"
"Virtua Fighter 5 Final Showdown","2251","Virtua Fighter 5 Final Showdown","2246220","115920","6115","4","128","4","0","19.38","Virtua Fighter 5 Final Showdown"
"Disgaea 2: Dark Hero Days","2252","Disgaea 2: Dark Hero Days","2240100","102600","8503","9","204","4","0","21.83","Disgaea 2: Dark Hero Days"
"Real Racing 3","2253","Real Racing 3","2237160","40980","21147","3","142","4","0","54.59","Real Racing 3"
"Game of Thrones","2254","Game of Thrones","2232240","1239900","446","59","4453","4","2","1.8","Game of Thrones"
"Combat Arms","2255","Combat Arms","2228940","590820","438","10","1372","4","1","3.77","Combat Arms"
"Capcom vs. SNK: Millennium Fight 2000 Pro","2256","Capcom vs. SNK: Millennium Fight 2000 Pro","2228880","2040","9515","2","15","4","0","1092.59","Capcom vs. SNK: Millennium Fight 2000 Pro"
"Game Development","2257","Game Development","2228400","461220","1732","12","684","4","0","4.83","Game Development"
"Shin Megami Tensei: Persona 3 Portable","2258","Shin Megami Tensei: Persona 3 Portable","2225340","282900","2718","4","357","4","0","7.87","Shin Megami Tensei: Persona 3 Portable"
"Eiyuu Densetsu: Sen no Kiseki III","2259","Eiyuu Densetsu: Sen no Kiseki III","2224020","208920","234","13","51","4","0","10.65","Eiyuu Densetsu: Sen no Kiseki III"
"FlatOut","2260","FlatOut","2223900","31680","3460","3","140","4","0","70.2","FlatOut"
"Paint the Town Red","2261","Paint the Town Red","2223420","67680","19363","5","436","4","0","32.85","Paint the Town Red"
"Planetbase","2262","Planetbase","2222400","310500","769","7","824","4","0","7.16","Planetbase"
"Warhammer 40,000: Dawn of War II - Retribution","2263","Warhammer 40,000: Dawn of War II - Retribution","2221320","202080","798","7","304","4","0","10.99","Warhammer 40,000: Dawn of War II - Retribution"
"Nex Machina: Death Machine","2264","Nex Machina: Death Machine","2220180","220320","2320","11","872","4","0","10.08","Nex Machina: Death Machine"
"Headlander","2265","Headlander","2219400","45120","10719","3","155","4","0","49.19","Headlander"
"Command & Conquer 3: Kane's Wrath","2266","Command & Conquer 3: Kane's Wrath","2219340","253560","133","6","259","4","0","8.75","Command & Conquer 3: Kane's Wrath"
"Overlord","2267","Overlord","2217300","177060","1437","6","441","4","0","12.52","Overlord"
"Monster Slayers","2268","Monster Slayers","2216340","39900","2206","3","97","4","0","55.55","Monster Slayers"
"TowerFall","2269","TowerFall","2213820","131880","5166","4","559","4","0","16.79","TowerFall"
"Animal Crossing: Happy Home Designer","2270","Animal Crossing: Happy Home Designer","2210880","64320","321","3","73","4","0","34.37","Animal Crossing: Happy Home Designer"
"Tiny Toon Adventures","2271","Tiny Toon Adventures","2206320","23580","119775","12","108","4","0","93.57","Tiny Toon Adventures"
"Farming Simulator 15","2272","Farming Simulator 15","2205600","636240","7591","11","2433","4","1","3.47","Farming Simulator 15"
"FIFA Manager 13","2273","FIFA Manager 13","2205420","46380","781","3","61","4","0","47.55","FIFA Manager 13"
"Hover: Revolt of Gamers","2274","Hover: Revolt of Gamers","2198100","83400","32925","10","381","4","0","26.36","Hover: Revolt of Gamers"
"Twilight Struggle","2275","Twilight Struggle","2198100","23460","4317","3","42","4","0","93.7","Twilight Struggle"
"GunZ The Duel","2276","GunZ The Duel","2194200","292860","2762","6","493","4","0","7.49","GunZ The Duel"
"Teslagrad","2277","Teslagrad","2187060","82920","16671","4","254","4","0","26.38","Teslagrad"
"Monopoly Family Fun Pack","2278","Monopoly Family Fun Pack","2185740","189660","4020","9","830","4","0","11.52","Monopoly Family Fun Pack"
"Drakensang Online","2279","Drakensang Online","2182080","593880","335","9","718","4","1","3.67","Drakensang Online"
"Old School RuneScape","2280","Old School RuneScape","2181180","941820","454","12","2847","4","1","2.32","Old School RuneScape"
"Professor Layton and the Diabolical Box","2281","Professor Layton and the Diabolical Box","2180880","51600","1682","3","66","4","0","42.27","Professor Layton and the Diabolical Box"
"Roots of Insanity","2282","Roots of Insanity","2180280","22680","7058","4","143","4","0","96.13","Roots of Insanity"
"Nexus: The Kingdom of the Winds","2283","Nexus: The Kingdom of the Winds","2180160","136260","2353","3","58","4","0","16","Nexus: The Kingdom of the Winds"
"The Firemen","2284","The Firemen","2179620","3720","103096","10","26","4","0","585.92","The Firemen"
"Calm Down, Stalin","2285","Calm Down, Stalin","2178000","7440","10608","2","53","4","0","292.74","Calm Down, Stalin"
"Split/Second","2286","Split/Second","2176620","42420","5461","3","185","4","0","51.31","Split/Second"
"Just Dance","2287","Just Dance","2170500","30720","2582","2","153","4","0","70.65","Just Dance"
"Gabriel Knight: Sins of the Fathers","2288","Gabriel Knight: Sins of the Fathers","2168520","37680","2986","3","78","4","0","57.55","Gabriel Knight: Sins of the Fathers"
"Fire Emblem: Path of Radiance","2289","Fire Emblem: Path of Radiance","2167740","398760","948","8","652","4","0","5.44","Fire Emblem: Path of Radiance"
"Prince of Persia: The Forgotten Sands","2290","Prince of Persia: The Forgotten Sands","2166480","57900","7791","4","132","4","0","37.42","Prince of Persia: The Forgotten Sands"
"Planetary Annihilation","2291","Planetary Annihilation","2165880","431880","1245","15","1397","4","0","5.02","Planetary Annihilation"
"Wreckfest","2292","Wreckfest","2159580","144960","1164","8","347","4","0","14.9","Wreckfest"
"LOL","2293","LOL","2157120","411600","2784","9","2236","4","0","5.24","LOL"
"Ys: Memories of Celceta","2294","Ys: Memories of Celceta","2151300","50580","7155","4","45","4","0","42.53","Ys: Memories of Celceta"
"WWE 2K15","2295","WWE 2K15","2150280","178200","2892","4","580","4","0","12.07","WWE 2K15"
"Pac-Man","2296","Pac-Man","2148840","1067700","3240","14","7705","4","2","2.01","Pac-Man"
"World of Tanks Console","2297","World of Tanks Console","2148000","127680","2077","8","78","4","0","16.82","World of Tanks Console"
"Drawn to Death","2298","Drawn to Death","2147340","117360","1165","23","2310","4","0","18.3","Drawn to Death"
"Bad Dream: Coma","2299","Bad Dream: Coma","2145060","54540","13435","4","171","4","0","39.33","Bad Dream: Coma"
"Sherlock Holmes: Crimes & Punishments","2300","Sherlock Holmes: Crimes & Punishments","2144400","113040","3099","5","276","4","0","18.97","Sherlock Holmes: Crimes & Punishments"