"","","Game","Watch time","Stream time","Peak viewers","Peak channels","Streamers","Average viewers","Average channels","Average viewer ratio",""
"Metal Combat: Falcon's Revenge","14301","Metal Combat: Falcon's Revenge","9540","1020","22","1","5","0","0","9.35","Metal Combat: Falcon's Revenge"
"Aqua Teen Hunger Force: Zombie Ninja Pro-Am","14302","Aqua Teen Hunger Force: Zombie Ninja Pro-Am","9540","2400","18","1","11","0","0","3.98","Aqua Teen Hunger Force: Zombie Ninja Pro-Am"
"A-Train 9","14303","A-Train 9","9540","1320","16","1","4","0","0","7.23","A-Train 9"
"Another Century's Episode R","14304","Another Century's Episode R","9540","1740","18","1","4","0","0","5.48","Another Century's Episode R"
"Electronica","14305","Electronica","9540","8100","20","1","18","0","0","1.18","Electronica"
"Petka 4: Independence Day","14306","Petka 4: Independence Day","9540","660","44","1","4","0","0","14.45","Petka 4: Independence Day"
"Heroes of Mana","14307","Heroes of Mana","9540","1740","13","1","2","0","0","5.48","Heroes of Mana"
"Sakura Swim Club","14308","Sakura Swim Club","9540","3360","9","1","15","0","0","2.84","Sakura Swim Club"
"Maison Ikkoku","14309","Maison Ikkoku","9540","1740","16","1","2","0","0","5.48","Maison Ikkoku"
"Bushido","14310","Bushido","9540","3360","39","1","7","0","0","2.84","Bushido"
"101 Pony Pets","14311","101 Pony Pets","9480","780","45","1","4","0","0","12.15","101 Pony Pets"
"Swapdoodle","14312","Swapdoodle","9480","1680","28","1","4","0","0","5.64","Swapdoodle"
"Ener-G Dance Squad","14313","Ener-G Dance Squad","9480","120","193","1","2","0","0","79","Ener-G Dance Squad"
"WCW Wrestling: The Main Event","14314","WCW Wrestling: The Main Event","9480","300","145","1","2","0","0","31.6","WCW Wrestling: The Main Event"
"Civil War","14315","Civil War","9480","1440","36","1","3","0","0","6.58","Civil War"
"Rhem","14316","Rhem","9480","1500","15","1","2","0","0","6.32","Rhem"
"Hidden Dragon: Legend","14317","Hidden Dragon: Legend","9480","1140","99","1","12","0","0","8.32","Hidden Dragon: Legend"
"Hokuto no Ken: Hokuto Kami Denshoumono no Michi","14318","Hokuto no Ken: Hokuto Kami Denshoumono no Michi","9480","60","174","1","1","0","0","158","Hokuto no Ken: Hokuto Kami Denshoumono no Michi"
"Under Siege","14319","Under Siege","9480","240","70","1","2","0","0","39.5","Under Siege"
"After Armageddon","14320","After Armageddon","9480","1200","17","1","1","0","0","7.9","After Armageddon"
"Assault Suit Leynos 2","14321","Assault Suit Leynos 2","9480","1200","97","1","4","0","0","7.9","Assault Suit Leynos 2"
"Space Siege","14322","Space Siege","9480","1620","20","1","5","0","0","5.85","Space Siege"
"Hatsune Miku and Future Stars: Project Mirai","14323","Hatsune Miku and Future Stars: Project Mirai","9480","3000","14","1","9","0","0","3.16","Hatsune Miku and Future Stars: Project Mirai"
"Heroes of a Broken Land","14324","Heroes of a Broken Land","9480","1860","17","1","6","0","0","5.1","Heroes of a Broken Land"
"Manga Collection","14325","Manga Collection","9480","6540","12","1","18","0","0","1.45","Manga Collection"
"Pop'n Twinbee","14326","Pop'n Twinbee","9480","2760","27","1","9","0","0","3.43","Pop'n Twinbee"
"Super Mario Wii U (Working Title)","14327","Super Mario Wii U (Working Title)","9480","2700","19","1","18","0","0","3.51","Super Mario Wii U (Working Title)"
"Hack, Slash, Loot","14328","Hack, Slash, Loot","9480","4200","9","1","10","0","0","2.26","Hack, Slash, Loot"
"Captain Skyhawk","14329","Captain Skyhawk","9480","1560","52","1","5","0","0","6.08","Captain Skyhawk"
"Puddle","14330","Puddle","9480","3840","81","1","14","0","0","2.47","Puddle"
"Umineko no Naku Koro ni Episode 4 Alliance of the Golden Witch","14331","Umineko no Naku Koro ni Episode 4 Alliance of the Golden Witch","9420","7620","7","1","5","0","0","1.24","Umineko no Naku Koro ni Episode 4 Alliance of the Golden Witch"
"Clash at Demonhead","14332","Clash at Demonhead","9420","1980","24","1","7","0","0","4.76","Clash at Demonhead"
"Hacker","14333","Hacker","9420","5640","23","2","24","0","0","1.67","Hacker"
"Under the Skin","14334","Under the Skin","9420","1500","21","1","9","0","0","6.28","Under the Skin"
"Pokémon Rumble Blast","14335","Pokémon Rumble Blast","9420","1440","22","1","5","0","0","6.54","Pokémon Rumble Blast"
"Dead or Alive: Paradise","14336","Dead or Alive: Paradise","9420","1920","15","1","7","0","0","4.91","Dead or Alive: Paradise"
"Evander Holyfield's ""Real Deal"" Boxing","14337","Evander Holyfield's ""Real Deal"" Boxing","9420","2880","17","1","6","0","0","3.27","Evander Holyfield's ""Real Deal"" Boxing"
"rRootage","14338","rRootage","9420","120","97","1","1","0","0","78.5","rRootage"
"Barney: Secret of the Rainbow","14339","Barney: Secret of the Rainbow","9420","840","67","2","5","0","0","11.21","Barney: Secret of the Rainbow"
"Drawn: The Painted Tower","14340","Drawn: The Painted Tower","9420","3000","13","1","11","0","0","3.14","Drawn: The Painted Tower"
"Buster Bros. Collection","14341","Buster Bros. Collection","9420","1740","20","1","5","0","0","5.41","Buster Bros. Collection"
"Spinzer.io","14342","Spinzer.io","9420","2040","70","2","19","0","0","4.62","Spinzer.io"
"Disputed Space","14343","Disputed Space","9420","2760","19","2","15","0","0","3.41","Disputed Space"
"Cyber Troopers Virtual-On Marz","14344","Cyber Troopers Virtual-On Marz","9420","4200","16","2","5","0","0","2.24","Cyber Troopers Virtual-On Marz"
"Mahjong Royal Towers","14345","Mahjong Royal Towers","9360","1440","24","1","6","0","0","6.5","Mahjong Royal Towers"
"Blair Witch, Volume II: The Legend of Coffin Rock","14346","Blair Witch, Volume II: The Legend of Coffin Rock","9360","540","58","1","1","0","0","17.33","Blair Witch, Volume II: The Legend of Coffin Rock"
"Rugrats: I Gotta Go Party","14347","Rugrats: I Gotta Go Party","9360","360","82","1","1","0","0","26","Rugrats: I Gotta Go Party"
"Playmobil Circus","14348","Playmobil Circus","9360","6180","26","1","7","0","0","1.51","Playmobil Circus"
"Room of Doom","14349","Room of Doom","9360","360","98","1","3","0","0","26","Room of Doom"
"NFL GameDay '99","14350","NFL GameDay '99","9360","360","30","1","1","0","0","26","NFL GameDay '99"
"Duke Grabowski, Mighty Swashbuckler","14351","Duke Grabowski, Mighty Swashbuckler","9360","1800","25","1","6","0","0","5.2","Duke Grabowski, Mighty Swashbuckler"
"Visions","14352","Visions","9360","780","22","1","1","0","0","12","Visions"
"Tomcat Alley","14353","Tomcat Alley","9360","240","82","1","3","0","0","39","Tomcat Alley"
"Derail Valley","14354","Derail Valley","9360","960","70","1","8","0","0","9.75","Derail Valley"
"Awesome Metal Detecting","14355","Awesome Metal Detecting","9360","240","66","1","0","0","0","39","Awesome Metal Detecting"
"System's Twilight","14356","System's Twilight","9360","1500","14","1","1","0","0","6.24","System's Twilight"
"SuperTux","14357","SuperTux","9360","2760","27","2","21","0","0","3.39","SuperTux"
"Universe at War: Earth Assault","14358","Universe at War: Earth Assault","9360","3000","12","1","11","0","0","3.12","Universe at War: Earth Assault"
"Dino Run: Marathon of Doom","14359","Dino Run: Marathon of Doom","9360","540","25","1","1","0","0","17.33","Dino Run: Marathon of Doom"
"Magician Lord","14360","Magician Lord","9360","3180","17","1","6","0","0","2.94","Magician Lord"
"Klonoa 2: Dream Champ Tournament","14361","Klonoa 2: Dream Champ Tournament","9360","1380","37","1","8","0","0","6.78","Klonoa 2: Dream Champ Tournament"
"Fate: The Cursed King","14362","Fate: The Cursed King","9360","5820","13","1","22","0","0","1.61","Fate: The Cursed King"
"Asterix","14363","Asterix","9360","1800","24","1","14","0","0","5.2","Asterix"
"Professor Layton and the Azran Legacy","14364","Professor Layton and the Azran Legacy","9360","2940","21","1","13","0","0","3.18","Professor Layton and the Azran Legacy"
"Back Street Soccer","14365","Back Street Soccer","9360","180","158","1","1","0","0","52","Back Street Soccer"
"Ultima I: The First Age of Darkness","14366","Ultima I: The First Age of Darkness","9360","3420","19","1","12","0","0","2.74","Ultima I: The First Age of Darkness"
"Age of Booty","14367","Age of Booty","9360","3900","30","1","11","0","0","2.4","Age of Booty"
"Deer Avenger 4: The Rednecks Strike Back","14368","Deer Avenger 4: The Rednecks Strike Back","9360","2040","45","1","6","0","0","4.59","Deer Avenger 4: The Rednecks Strike Back"
"Terraria 2","14369","Terraria 2","9360","5280","20","2","29","0","0","1.77","Terraria 2"
"Tales of Phantasia: Narikiri Dungeon X","14370","Tales of Phantasia: Narikiri Dungeon X","9360","2160","19","1","1","0","0","4.33","Tales of Phantasia: Narikiri Dungeon X"
"Tom Clancy's Ghost Recon: Advanced Warfighter 2","14371","Tom Clancy's Ghost Recon: Advanced Warfighter 2","9360","6180","10","1","16","0","0","1.51","Tom Clancy's Ghost Recon: Advanced Warfighter 2"
"Quake Mission Pack No 1: Scourge of Armagon","14372","Quake Mission Pack No 1: Scourge of Armagon","9360","6780","8","1","24","0","0","1.38","Quake Mission Pack No 1: Scourge of Armagon"
"Soma Bringer","14373","Soma Bringer","9360","2400","31","1","8","0","0","3.9","Soma Bringer"
"The UnderGarden","14374","The UnderGarden","9360","2220","25","1","6","0","0","4.22","The UnderGarden"
"Megabyte Punch","14375","Megabyte Punch","9360","7140","10","1","27","0","0","1.31","Megabyte Punch"
"The Desolate Hope","14376","The Desolate Hope","9300","5280","12","1","24","0","0","1.76","The Desolate Hope"
"X-Men: Destiny","14377","X-Men: Destiny","9300","3000","22","1","7","0","0","3.1","X-Men: Destiny"
"TOCA Race Driver 3","14378","TOCA Race Driver 3","9300","2880","37","1","11","0","0","3.23","TOCA Race Driver 3"
"Call of Juarez: The Cartel","14379","Call of Juarez: The Cartel","9300","8820","9","2","28","0","0","1.05","Call of Juarez: The Cartel"
"Warhammer: Battle March","14380","Warhammer: Battle March","9300","2100","15","1","4","0","0","4.43","Warhammer: Battle March"
"Salamander 2","14381","Salamander 2","9300","180","163","1","2","0","0","51.67","Salamander 2"
"ZZT","14382","ZZT","9300","2880","12","1","6","0","0","3.23","ZZT"
"Pandemonium 2","14383","Pandemonium 2","9300","1920","99","1","10","0","0","4.84","Pandemonium 2"
"Skeleton+","14384","Skeleton+","9300","1200","19","1","3","0","0","7.75","Skeleton+"
"3D Mania","14385","3D Mania","9300","12300","10","1","18","0","0","0.76","3D Mania"
"Ugh!","14386","Ugh!","9300","480","41","1","4","0","0","19.38","Ugh!"
"LaGrange Point","14387","LaGrange Point","9300","7920","8","2","8","0","0","1.17","LaGrange Point"
"A Way Out","14388","A Way Out","9300","3900","41","1","2","0","0","2.38","A Way Out"
"Joe Blade III","14389","Joe Blade III","9300","1560","142","1","2","0","0","5.96","Joe Blade III"
"Final Flames 2: Against the Dark World Crisis","14390","Final Flames 2: Against the Dark World Crisis","9240","720","103","1","5","0","0","12.83","Final Flames 2: Against the Dark World Crisis"
"Gordon Ramsay DASH","14391","Gordon Ramsay DASH","9240","3180","11","1","6","0","0","2.91","Gordon Ramsay DASH"
"City Builder","14392","City Builder","9240","2400","25","1","7","0","0","3.85","City Builder"
"You Have 10 Seconds 2","14393","You Have 10 Seconds 2","9240","5340","42","1","29","0","0","1.73","You Have 10 Seconds 2"
"Transcend","14394","Transcend","9240","960","35","1","0","0","0","9.63","Transcend"
"Crime Cities","14395","Crime Cities","9240","540","58","1","2","0","0","17.11","Crime Cities"
"Divine Gate","14396","Divine Gate","9240","2760","22","2","6","0","0","3.35","Divine Gate"
"Quest Hunter","14397","Quest Hunter","9240","2760","16","2","3","0","0","3.35","Quest Hunter"
"Last Hope","14398","Last Hope","9240","1560","19","1","9","0","0","5.92","Last Hope"
"Survival Arts","14399","Survival Arts","9240","3240","16","2","8","0","0","2.85","Survival Arts"
"Ship Simulator 2006","14400","Ship Simulator 2006","9240","1620","14","2","6","0","0","5.7","Ship Simulator 2006"