"","","Game","Watch time","Stream time","Peak viewers","Peak channels","Streamers","Average viewers","Average channels","Average viewer ratio",""
"Xuanyuan Jian Waizhuan: Han zhi Yun","8001","Xuanyuan Jian Waizhuan: Han zhi Yun","86940","11640","93","1","1","0","0","7.47","Xuanyuan Jian Waizhuan: Han zhi Yun"
"Mystic Messenger","8002","Mystic Messenger","86940","15300","47","1","38","0","0","5.68","Mystic Messenger"
"Touch Online","8003","Touch Online","86940","33360","51","2","95","0","0","2.61","Touch Online"
"Dancing Stage Universe 2","8004","Dancing Stage Universe 2","86940","180","587","1","1","0","0","483","Dancing Stage Universe 2"
"The Fall of the Dungeon Guardians","8005","The Fall of the Dungeon Guardians","86880","1080","301","1","2","0","0","80.44","The Fall of the Dungeon Guardians"
"Medal of Honor: Frontline","8006","Medal of Honor: Frontline","86820","17700","281","2","45","0","0","4.91","Medal of Honor: Frontline"
"Chantelise","8007","Chantelise","86820","14700","543","2","33","0","0","5.91","Chantelise"
"Sonic Battle","8008","Sonic Battle","86820","22800","46","3","56","0","0","3.81","Sonic Battle"
"World's Scariest Police Chases","8009","World's Scariest Police Chases","86760","1620","297","1","6","0","0","53.56","World's Scariest Police Chases"
"SpellForce 2: Dragon Storm","8010","SpellForce 2: Dragon Storm","86700","12300","41","2","32","0","0","7.05","SpellForce 2: Dragon Storm"
"Soldat","8011","Soldat","86640","44100","884","3","66","0","0","1.96","Soldat"
"Blue Stinger","8012","Blue Stinger","86640","12600","96","1","34","0","0","6.88","Blue Stinger"
"Disney's 102 Dalmatians: Puppies to the Rescue","8013","Disney's 102 Dalmatians: Puppies to the Rescue","86640","15000","50","2","24","0","0","5.78","Disney's 102 Dalmatians: Puppies to the Rescue"
"Utawarerumono: Itsuwari no Kamen","8014","Utawarerumono: Itsuwari no Kamen","86640","39960","61","3","33","0","0","2.17","Utawarerumono: Itsuwari no Kamen"
"Duel of Summoners: The Mabinogi Card Game","8015","Duel of Summoners: The Mabinogi Card Game","86640","18180","234","2","51","0","0","4.77","Duel of Summoners: The Mabinogi Card Game"
"Trillion: God of Destruction","8016","Trillion: God of Destruction","86580","35160","29","2","71","0","0","2.46","Trillion: God of Destruction"
"Barbie: Super Sports","8017","Barbie: Super Sports","86580","2460","1160","2","8","0","0","35.2","Barbie: Super Sports"
"Bahamut Lagoon","8018","Bahamut Lagoon","86580","20580","97","2","29","0","0","4.21","Bahamut Lagoon"
"Cultris II","8019","Cultris II","86580","23220","130","2","47","0","0","3.73","Cultris II"
"Shounen Ashibe: Goma-chan no Yuuenchi Daibouken","8020","Shounen Ashibe: Goma-chan no Yuuenchi Daibouken","86520","2040","2456","3","7","0","0","42.41","Shounen Ashibe: Goma-chan no Yuuenchi Daibouken"
"Extreme-G","8021","Extreme-G","86460","6360","161","2","20","0","0","13.59","Extreme-G"
"Nancy Drew: Ransom of the Seven Ships","8022","Nancy Drew: Ransom of the Seven Ships","86400","11160","106","1","16","0","0","7.74","Nancy Drew: Ransom of the Seven Ships"
"Unforgiven VR","8023","Unforgiven VR","86340","300","1420","1","4","0","0","287.8","Unforgiven VR"
"In Celebration of Violence","8024","In Celebration of Violence","86280","12600","52","2","10","0","0","6.85","In Celebration of Violence"
"Sproggiwood","8025","Sproggiwood","86280","13560","119","2","66","0","0","6.36","Sproggiwood"
"F.E.A.R. Online","8026","F.E.A.R. Online","86220","13800","162","3","49","0","0","6.25","F.E.A.R. Online"
"Nancy Drew: Secrets Can Kill","8027","Nancy Drew: Secrets Can Kill","86220","15180","94","1","39","0","0","5.68","Nancy Drew: Secrets Can Kill"
"ESSENCE","8028","ESSENCE","86160","3240","214","2","16","0","0","26.59","ESSENCE"
"Sniper Elite","8029","Sniper Elite","86100","25440","139","2","97","0","0","3.38","Sniper Elite"
"Neopets Puzzle Adventure","8030","Neopets Puzzle Adventure","85980","6540","168","2","38","0","0","13.15","Neopets Puzzle Adventure"
"Tokyo School Life","8031","Tokyo School Life","85920","13080","47","2","31","0","0","6.57","Tokyo School Life"
"Mystic Nights","8032","Mystic Nights","85920","120","756","1","0","0","0","716","Mystic Nights"
"Disney Sing It: Family Hits","8033","Disney Sing It: Family Hits","85860","180","648","1","2","0","0","477","Disney Sing It: Family Hits"
"The Walking Dead: Survival Instinct","8034","The Walking Dead: Survival Instinct","85800","25680","42","2","101","0","0","3.34","The Walking Dead: Survival Instinct"
"Goosebumps: The Game","8035","Goosebumps: The Game","85740","18960","254","2","89","0","0","4.52","Goosebumps: The Game"
"AereA","8036","AereA","85680","9960","79","2","41","0","0","8.6","AereA"
"Disney Infinity 3.0 Edition","8037","Disney Infinity 3.0 Edition","85620","55680","76","4","377","0","0","1.54","Disney Infinity 3.0 Edition"
"Madden NFL 08","8038","Madden NFL 08","85560","120540","29","5","64","0","0","0.71","Madden NFL 08"
"Deep Dungeons of Doom","8039","Deep Dungeons of Doom","85560","4800","249","1","29","0","0","17.83","Deep Dungeons of Doom"
"Zeno Clash II","8040","Zeno Clash II","85500","14520","113","2","61","0","0","5.89","Zeno Clash II"
"The Detail","8041","The Detail","85380","4800","541","2","18","0","0","17.79","The Detail"
"Hiouden: Mamonotachi to no Chikai","8042","Hiouden: Mamonotachi to no Chikai","85380","1260","96","1","1","0","0","67.76","Hiouden: Mamonotachi to no Chikai"
"Real Madrid: The Game","8043","Real Madrid: The Game","85380","900","362","2","4","0","0","94.87","Real Madrid: The Game"
"Eador: Imperium","8044","Eador: Imperium","85380","5940","338","1","14","0","0","14.37","Eador: Imperium"
"Gitaroo Man Lives!","8045","Gitaroo Man Lives!","85260","11160","304","2","45","0","0","7.64","Gitaroo Man Lives!"
"Sengoku Basara: Samurai Heroes","8046","Sengoku Basara: Samurai Heroes","85140","7140","105","2","13","0","0","11.92","Sengoku Basara: Samurai Heroes"
"Let's Draw!","8047","Let's Draw!","85140","10980","284","2","34","0","0","7.75","Let's Draw!"
"Threads of Fate","8048","Threads of Fate","85080","27900","30","3","60","0","0","3.05","Threads of Fate"
"Aquanox: Deep Descent","8049","Aquanox: Deep Descent","85080","660","1101","2","7","0","0","128.91","Aquanox: Deep Descent"
"Dune","8050","Dune","84900","15480","65","2","36","0","0","5.48","Dune"
"99Vidas","8051","99Vidas","84900","6960","218","2","40","0","0","12.2","99Vidas"
"Dance Dance Revolution EXTREME","8052","Dance Dance Revolution EXTREME","84840","18180","123","2","43","0","0","4.67","Dance Dance Revolution EXTREME"
"Sayonara, Umihara Kawase","8053","Sayonara, Umihara Kawase","84840","4860","117","1","19","0","0","17.46","Sayonara, Umihara Kawase"
"Viridi","8054","Viridi","84840","18600","206","2","78","0","0","4.56","Viridi"
"Circuits","8055","Circuits","84720","4320","110","2","18","0","0","19.61","Circuits"
"Atelier Iris: Eternal Mana","8056","Atelier Iris: Eternal Mana","84720","21600","102","2","22","0","0","3.92","Atelier Iris: Eternal Mana"
"Eat! Fat! FIGHT!","8057","Eat! Fat! FIGHT!","84720","1020","751","1","7","0","0","83.06","Eat! Fat! FIGHT!"
"Lilly Looking Through","8058","Lilly Looking Through","84660","2820","355","1","16","0","0","30.02","Lilly Looking Through"
"Football Manager 2013","8059","Football Manager 2013","84660","2400","326","1","7","0","0","35.28","Football Manager 2013"
"Leisure Suit Larry: Magna Cum Laude","8060","Leisure Suit Larry: Magna Cum Laude","84660","11640","217","2","33","0","0","7.27","Leisure Suit Larry: Magna Cum Laude"
"Ace Combat Zero: The Belkan War","8061","Ace Combat Zero: The Belkan War","84600","27540","124","2","79","0","0","3.07","Ace Combat Zero: The Belkan War"
"Shadow of the Ninja","8062","Shadow of the Ninja","84600","7440","293","6","19","0","0","11.37","Shadow of the Ninja"
"Excite Truck","8063","Excite Truck","84600","1680","189","1","10","0","0","50.36","Excite Truck"
"Theseus - Return of the Hero","8064","Theseus - Return of the Hero","84600","480","793","1","4","0","0","176.25","Theseus - Return of the Hero"
"Gauntlet of IRE","8065","Gauntlet of IRE","84600","6120","227","4","2","0","0","13.82","Gauntlet of IRE"
"Pingu : Sekai de ichiban genki na penguin","8066","Pingu : Sekai de ichiban genki na penguin","84540","1080","1280","2","2","0","0","78.28","Pingu : Sekai de ichiban genki na penguin"
"Player Manager","8067","Player Manager","84540","13560","1201","2","75","0","0","6.23","Player Manager"
"Shadowrun Chronicles: Boston Lockdown","8068","Shadowrun Chronicles: Boston Lockdown","84480","22260","56","2","54","0","0","3.8","Shadowrun Chronicles: Boston Lockdown"
"Morphine","8069","Morphine","84480","5100","312","1","28","0","0","16.56","Morphine"
"Wanted: Weapons of Fate","8070","Wanted: Weapons of Fate","84420","5460","200","1","25","0","0","15.46","Wanted: Weapons of Fate"
"Dead to Rights","8071","Dead to Rights","84420","10320","262","2","36","0","0","8.18","Dead to Rights"
"Dead Nation","8072","Dead Nation","84360","22920","116","2","693","0","0","3.68","Dead Nation"
"Dungeon Hack","8073","Dungeon Hack","84300","8700","93","2","28","0","0","9.69","Dungeon Hack"
"King's Quest II: Romancing the Throne","8074","King's Quest II: Romancing the Throne","84300","5520","114","2","19","0","0","15.27","King's Quest II: Romancing the Throne"
"Jump To Die!!","8075","Jump To Die!!","84300","420","1061","1","2","0","0","200.71","Jump To Die!!"
"Realpolitiks","8076","Realpolitiks","84240","17520","123","3","61","0","0","4.81","Realpolitiks"
"Just Sing","8077","Just Sing","84180","3420","280","1","18","0","0","24.61","Just Sing"
"Fog of War","8078","Fog of War","84120","5520","509","3","22","0","0","15.24","Fog of War"
"Beijing 2008: The Official Video Game of the Olympic Games","8079","Beijing 2008: The Official Video Game of the Olympic Games","84120","720","827","1","2","0","0","116.83","Beijing 2008: The Official Video Game of the Olympic Games"
"Farland Saga: Toki no Michishirube","8080","Farland Saga: Toki no Michishirube","84060","3600","187","1","6","0","0","23.35","Farland Saga: Toki no Michishirube"
"Godzilla 2: War of the Monsters","8081","Godzilla 2: War of the Monsters","84000","5400","288","2","10","0","0","15.56","Godzilla 2: War of the Monsters"
"Zezenia Online","8082","Zezenia Online","83940","38100","41","3","57","0","0","2.2","Zezenia Online"
"Postal III","8083","Postal III","83880","9540","200","2","38","0","0","8.79","Postal III"
"Fatal Fury Special","8084","Fatal Fury Special","83880","8400","387","2","23","0","0","9.99","Fatal Fury Special"
"Hour of Victory","8085","Hour of Victory","83880","4800","515","2","8","0","0","17.48","Hour of Victory"
"Trapper's Delight","8086","Trapper's Delight","83880","1860","564","1","14","0","0","45.1","Trapper's Delight"
"The Red Stare","8087","The Red Stare","83880","1200","1404","1","9","0","0","69.9","The Red Stare"
"Flight Unlimited","8088","Flight Unlimited","83820","420","569","1","5","0","0","199.57","Flight Unlimited"
"Porky Pig's Haunted Holiday","8089","Porky Pig's Haunted Holiday","83820","3900","1410","2","18","0","0","21.49","Porky Pig's Haunted Holiday"
"Star Wars Galaxies Trading Card Games : Champions of the Force","8090","Star Wars Galaxies Trading Card Games : Champions of the Force","83820","17580","247","2","57","0","0","4.77","Star Wars Galaxies Trading Card Games : Champions of the Force"
"BCV: Battle Construction Vehicles","8091","BCV: Battle Construction Vehicles","83760","480","503","1","4","0","0","174.5","BCV: Battle Construction Vehicles"
"Tales of Monkey Island Chapter 1: Launch of the Screaming Narwhal","8092","Tales of Monkey Island Chapter 1: Launch of the Screaming Narwhal","83700","13560","176","2","48","0","0","6.17","Tales of Monkey Island Chapter 1: Launch of the Screaming Narwhal"
"Brothers in Arms: Road to Hill 30","8093","Brothers in Arms: Road to Hill 30","83700","27960","65","2","92","0","0","2.99","Brothers in Arms: Road to Hill 30"
"Mari0","8094","Mari0","83640","7380","249","2","48","0","0","11.33","Mari0"
"Disney's Peter Pan - The Legend Of Never Land","8095","Disney's Peter Pan - The Legend Of Never Land","83580","480","340","1","2","0","0","174.13","Disney's Peter Pan - The Legend Of Never Land"
"Bizarre Earthquake","8096","Bizarre Earthquake","83520","1920","642","1","12","0","0","43.5","Bizarre Earthquake"
"Disgaea DS","8097","Disgaea DS","83460","12960","70","2","43","0","0","6.44","Disgaea DS"
"Aero the Acro-Bat 2","8098","Aero the Acro-Bat 2","83460","5340","577","1","11","0","0","15.63","Aero the Acro-Bat 2"
"Shank 2","8099","Shank 2","83340","27900","43","4","129","0","0","2.99","Shank 2"
"Dai 3-Ji Super Robot Taisen Z Tengoku-hen","8100","Dai 3-Ji Super Robot Taisen Z Tengoku-hen","83280","29340","92","2","9","0","0","2.84","Dai 3-Ji Super Robot Taisen Z Tengoku-hen"