"","","Game","Watch time","Stream time","Peak viewers","Peak channels","Streamers","Average viewers","Average channels","Average viewer ratio",""
"orbt xl","13201","orbt xl","13560","3060","79","3","30","0","0","4.43","orbt xl"
"Earth Defense Force 4.1: Wing Diver The Shooter","13202","Earth Defense Force 4.1: Wing Diver The Shooter","13560","3240","25","3","2","0","0","4.19","Earth Defense Force 4.1: Wing Diver The Shooter"
"Looney Tunes B-Ball","13203","Looney Tunes B-Ball","13560","1500","125","1","12","0","0","9.04","Looney Tunes B-Ball"
"Dawn of Mana","13204","Dawn of Mana","13560","5340","9","1","7","0","0","2.54","Dawn of Mana"
"Kinect Sports","13205","Kinect Sports","13560","2520","40","1","7","0","0","5.38","Kinect Sports"
"7th Dragon 2020","13206","7th Dragon 2020","13560","6240","17","1","13","0","0","2.17","7th Dragon 2020"
"Comic Party","13207","Comic Party","13560","4200","10","1","9","0","0","3.23","Comic Party"
"Tricky Kick","13208","Tricky Kick","13560","300","67","1","1","0","0","45.2","Tricky Kick"
"Persona 3DS","13209","Persona 3DS","13560","720","50","1","1","0","0","18.83","Persona 3DS"
"Implosion: Never Lose Hope","13210","Implosion: Never Lose Hope","13500","5220","22","2","30","0","0","2.59","Implosion: Never Lose Hope"
"Super Ninja-kun","13211","Super Ninja-kun","13500","900","101","2","7","0","0","15","Super Ninja-kun"
"Freddy Fish","13212","Freddy Fish","13500","3960","35","1","13","0","0","3.41","Freddy Fish"
"Base Wars - Cyber Stadium Series","13213","Base Wars - Cyber Stadium Series","13500","1200","62","1","9","0","0","11.25","Base Wars - Cyber Stadium Series"
"Zoids: Battle Legends","13214","Zoids: Battle Legends","13500","6300","17","1","29","0","0","2.14","Zoids: Battle Legends"
"Ar Nosurge: Ode to an Unborn Star","13215","Ar Nosurge: Ode to an Unborn Star","13500","7320","18","1","19","0","0","1.84","Ar Nosurge: Ode to an Unborn Star"
"Warriors Orochi 2","13216","Warriors Orochi 2","13500","3480","25","1","13","0","0","3.88","Warriors Orochi 2"
"Helium Rain","13217","Helium Rain","13500","4080","70","2","16","0","0","3.31","Helium Rain"
"The Peanuts Movie: Snoopy's Grand Adventure","13218","The Peanuts Movie: Snoopy's Grand Adventure","13500","5640","20","2","24","0","0","2.39","The Peanuts Movie: Snoopy's Grand Adventure"
"Kaiketsu Yanchamaru 2: Karakuri Land","13219","Kaiketsu Yanchamaru 2: Karakuri Land","13500","2820","19","2","3","0","0","4.79","Kaiketsu Yanchamaru 2: Karakuri Land"
"SD Gundam: Scad Hammer","13220","SD Gundam: Scad Hammer","13440","360","211","1","2","0","0","37.33","SD Gundam: Scad Hammer"
"The Firemen 2: Pete & Danny","13221","The Firemen 2: Pete & Danny","13440","420","57","1","2","0","0","32","The Firemen 2: Pete & Danny"
"The Sandbox Evolution","13222","The Sandbox Evolution","13440","2700","75","1","17","0","0","4.98","The Sandbox Evolution"
"A Second Before Us","13223","A Second Before Us","13440","840","58","1","4","0","0","16","A Second Before Us"
"Let The Cat In","13224","Let The Cat In","13440","1080","52","1","12","0","0","12.44","Let The Cat In"
"Parfait: Chocolat Second Brew","13225","Parfait: Chocolat Second Brew","13440","1260","21","1","1","0","0","10.67","Parfait: Chocolat Second Brew"
"Gungrave","13226","Gungrave","13440","4920","15","1","21","0","0","2.73","Gungrave"
"Super Solvers: Gizmos & Gadgets","13227","Super Solvers: Gizmos & Gadgets","13440","2280","16","2","8","0","0","5.89","Super Solvers: Gizmos & Gadgets"
"Airblade","13228","Airblade","13440","1800","31","1","5","0","0","7.47","Airblade"
"Mario & Sonic at the Olympic Games","13229","Mario & Sonic at the Olympic Games","13440","3720","22","1","17","0","0","3.61","Mario & Sonic at the Olympic Games"
"Dragon Ball: Revenge of King Piccolo","13230","Dragon Ball: Revenge of King Piccolo","13440","7740","23","3","18","0","0","1.74","Dragon Ball: Revenge of King Piccolo"
"DS Bimoji Training","13231","DS Bimoji Training","13380","540","41","1","1","0","0","24.78","DS Bimoji Training"
"NBA 2K1","13232","NBA 2K1","13380","1140","62","1","8","0","0","11.74","NBA 2K1"
"Dengeki Stryker","13233","Dengeki Stryker","13380","420","76","1","2","0","0","31.86","Dengeki Stryker"
"Antz","13234","Antz","13380","300","115","2","2","0","0","44.6","Antz"
"SimTower: The Vertical Empire","13235","SimTower: The Vertical Empire","13380","3000","23","1","15","0","0","4.46","SimTower: The Vertical Empire"
"Mystery P.I.: Stolen in San Francisco","13236","Mystery P.I.: Stolen in San Francisco","13380","3120","20","2","6","0","0","4.29","Mystery P.I.: Stolen in San Francisco"
"Mario & Sonic at the Sochi 2014 Winter Olympic Games","13237","Mario & Sonic at the Sochi 2014 Winter Olympic Games","13380","1020","73","1","4","0","0","13.12","Mario & Sonic at the Sochi 2014 Winter Olympic Games"
"Carrier","13238","Carrier","13380","4440","16","2","12","0","0","3.01","Carrier"
"Freedom Force","13239","Freedom Force","13380","6060","17","1","16","0","0","2.21","Freedom Force"
"Alpha Prime","13240","Alpha Prime","13380","6420","11","1","18","0","0","2.08","Alpha Prime"
"Dungeon Rustlers","13241","Dungeon Rustlers","13380","1740","25","1","6","0","0","7.69","Dungeon Rustlers"
"Hiragana Pixel Party","13242","Hiragana Pixel Party","13380","180","114","1","0","0","0","74.33","Hiragana Pixel Party"
"Paladin Quest Disk: The Scrolls of Talmouth","13243","Paladin Quest Disk: The Scrolls of Talmouth","13380","360","54","1","1","0","0","37.17","Paladin Quest Disk: The Scrolls of Talmouth"
"Minna de Wai Wai! Spelunker","13244","Minna de Wai Wai! Spelunker","13380","7080","17","3","16","0","0","1.89","Minna de Wai Wai! Spelunker"
"Geometry Dash World","13245","Geometry Dash World","13380","16140","10","2","89","0","0","0.83","Geometry Dash World"
"Polygod","13246","Polygod","13320","2340","39","1","10","0","0","5.69","Polygod"
"The Legend of the Dark Witch 2","13247","The Legend of the Dark Witch 2","13320","2880","71","2","9","0","0","4.63","The Legend of the Dark Witch 2"
"Demon Hunter 2: New Chapter","13248","Demon Hunter 2: New Chapter","13320","1620","39","1","6","0","0","8.22","Demon Hunter 2: New Chapter"
"Street Fighter Alpha 3 MAX","13249","Street Fighter Alpha 3 MAX","13320","6720","21","2","36","0","0","1.98","Street Fighter Alpha 3 MAX"
"Warlocks vs Shadows","13250","Warlocks vs Shadows","13320","2880","148","2","15","0","0","4.63","Warlocks vs Shadows"
"The Forest of Doom","13251","The Forest of Doom","13320","4260","15","1","27","0","0","3.13","The Forest of Doom"
"Drake of the 99 Dragons","13252","Drake of the 99 Dragons","13320","1740","18","1","5","0","0","7.66","Drake of the 99 Dragons"
"The Black Bass","13253","The Black Bass","13320","540","36","1","1","0","0","24.67","The Black Bass"
"Clowns","13254","Clowns","13320","1020","122","1","8","0","0","13.06","Clowns"
"Tengai Makyou Zero","13255","Tengai Makyou Zero","13320","3660","16","1","6","0","0","3.64","Tengai Makyou Zero"
"Harvest: Massive Encounter","13256","Harvest: Massive Encounter","13260","2160","44","1","8","0","0","6.14","Harvest: Massive Encounter"
"Epic Pinball","13257","Epic Pinball","13260","1500","94","1","4","0","0","8.84","Epic Pinball"
"Police Quest: SWAT 2","13258","Police Quest: SWAT 2","13260","1320","101","1","6","0","0","10.05","Police Quest: SWAT 2"
"Real Bout Fatal Fury","13259","Real Bout Fatal Fury","13260","2640","43","1","5","0","0","5.02","Real Bout Fatal Fury"
"Iris","13260","Iris","13260","1980","30","1","4","0","0","6.7","Iris"
"Shadowgun: DeadZone","13261","Shadowgun: DeadZone","13260","16800","20","1","49","0","0","0.79","Shadowgun: DeadZone"
"Dangerous Dave","13262","Dangerous Dave","13260","1260","53","1","9","0","0","10.52","Dangerous Dave"
"Dark Ages","13263","Dark Ages","13260","11340","10","2","13","0","0","1.17","Dark Ages"
"Jackie Chan's Action Kung Fu","13264","Jackie Chan's Action Kung Fu","13260","5940","14","4","29","0","0","2.23","Jackie Chan's Action Kung Fu"
"Galaxy on Fire 2","13265","Galaxy on Fire 2","13260","11940","17","1","25","0","0","1.11","Galaxy on Fire 2"
"A Kingdom for Keflings","13266","A Kingdom for Keflings","13260","12600","15","2","53","0","0","1.05","A Kingdom for Keflings"
"Wartune","13267","Wartune","13260","10740","21","2","26","0","0","1.23","Wartune"
"Tears to Tiara Gaiden: Avalon no Nazo","13268","Tears to Tiara Gaiden: Avalon no Nazo","13260","780","30","1","1","0","0","17","Tears to Tiara Gaiden: Avalon no Nazo"
"Chester Field","13269","Chester Field","13260","600","32","1","1","0","0","22.1","Chester Field"
"The Walking Dead - The Final Season","13270","The Walking Dead - The Final Season","13260","1680","39","1","10","0","0","7.89","The Walking Dead - The Final Season"
"Kuroshitsuji: Phantom & Ghost","13271","Kuroshitsuji: Phantom & Ghost","13260","1260","24","1","1","0","0","10.52","Kuroshitsuji: Phantom & Ghost"
"Supermagical","13272","Supermagical","13200","1320","76","1","8","0","0","10","Supermagical"
"Crossword","13273","Crossword","13200","5280","10","1","6","0","0","2.5","Crossword"
"Lost","13274","Lost","13200","3900","67","1","17","0","0","3.38","Lost"
"Chex Quest","13275","Chex Quest","13200","6060","77","2","27","0","0","2.18","Chex Quest"
"Sleep Is Death","13276","Sleep Is Death","13200","2160","106","2","6","0","0","6.11","Sleep Is Death"
"Warsong","13277","Warsong","13200","9060","18","2","20","0","0","1.46","Warsong"
"Framed","13278","Framed","13200","1860","62","1","8","0","0","7.1","Framed"
"Michael Jackson: The Experience","13279","Michael Jackson: The Experience","13200","1800","46","2","12","0","0","7.33","Michael Jackson: The Experience"
"Mystery Case Files: Ravenhearst","13280","Mystery Case Files: Ravenhearst","13200","4740","15","2","10","0","0","2.78","Mystery Case Files: Ravenhearst"
"Moto Racer","13281","Moto Racer","13200","960","196","1","9","0","0","13.75","Moto Racer"
"Aerobiz","13282","Aerobiz","13140","10020","7","2","10","0","0","1.31","Aerobiz"
"Art Academy: Lessons for Everyone!","13283","Art Academy: Lessons for Everyone!","13140","1860","27","1","8","0","0","7.06","Art Academy: Lessons for Everyone!"
"Ultima Online: Renaissance","13284","Ultima Online: Renaissance","13140","138000","20","2","8","0","0","0.1","Ultima Online: Renaissance"
"Final Fantasy Crystal Chronicles: The Crystal Bearers","13285","Final Fantasy Crystal Chronicles: The Crystal Bearers","13140","3480","26","1","7","0","0","3.78","Final Fantasy Crystal Chronicles: The Crystal Bearers"
"Quarth","13286","Quarth","13140","2040","94","1","6","0","0","6.44","Quarth"
"Hellfire","13287","Hellfire","13140","2040","15","1","3","0","0","6.44","Hellfire"
"SpongeBob SquarePants featuring Nicktoons: Globs of Doom","13288","SpongeBob SquarePants featuring Nicktoons: Globs of Doom","13140","5760","16","2","13","0","0","2.28","SpongeBob SquarePants featuring Nicktoons: Globs of Doom"
"Fract OSC","13289","Fract OSC","13140","7140","17","1","24","0","0","1.84","Fract OSC"
"Spectrum","13290","Spectrum","13140","2280","90","2","7","0","0","5.76","Spectrum"
"Easter Bunny's Big Day","13291","Easter Bunny's Big Day","13140","960","34","2","5","0","0","13.69","Easter Bunny's Big Day"
"Blind Trust","13292","Blind Trust","13140","5220","50","2","39","0","0","2.52","Blind Trust"
"Little War Online","13293","Little War Online","13140","9120","20","1","9","0","0","1.44","Little War Online"
"Söldner-X 2: Final Prototype","13294","Söldner-X 2: Final Prototype","13080","780","90","1","4","0","0","16.77","Söldner-X 2: Final Prototype"
"King Lucas","13295","King Lucas","13080","3060","16","1","7","0","0","4.27","King Lucas"
"Snoopy: The Cool Computer Game","13296","Snoopy: The Cool Computer Game","13080","180","214","1","2","0","0","72.67","Snoopy: The Cool Computer Game"
"BlazBlue: Continuum Shift","13297","BlazBlue: Continuum Shift","13080","4140","16","1","18","0","0","3.16","BlazBlue: Continuum Shift"
"EOS Online","13298","EOS Online","13080","10380","21","1","23","0","0","1.26","EOS Online"
"The Land Before Time: Great Valley Racing Adventure","13299","The Land Before Time: Great Valley Racing Adventure","13080","1320","106","1","4","0","0","9.91","The Land Before Time: Great Valley Racing Adventure"
"Valkyrie no Bouken: Toki no Kagi Densetsu","13300","Valkyrie no Bouken: Toki no Kagi Densetsu","13080","540","45","1","2","0","0","24.22","Valkyrie no Bouken: Toki no Kagi Densetsu"