"","","Game","Watch time","Stream time","Peak viewers","Peak channels","Streamers","Average viewers","Average channels","Average viewer ratio",""
"Sylvio","6301","Sylvio","185340","24720","168","5","88","0","0","7.5","Sylvio"
"Whispering Willows","6302","Whispering Willows","185160","25920","210","2","110","0","0","7.14","Whispering Willows"
"Touhou 12 - Undefined Fantastic Object","6303","Touhou 12 - Undefined Fantastic Object","185100","24660","130","2","83","0","0","7.51","Touhou 12 - Undefined Fantastic Object"
"RollerCoaster Tycoon 2: Time Twister","6304","RollerCoaster Tycoon 2: Time Twister","184800","2880","1240","2","18","0","0","64.17","RollerCoaster Tycoon 2: Time Twister"
"Between Me and The Night","6305","Between Me and The Night","184620","14220","672","2","78","0","0","12.98","Between Me and The Night"
"Sonic Boom: Fire & Ice","6306","Sonic Boom: Fire & Ice","184500","2940","716","1","12","0","0","62.76","Sonic Boom: Fire & Ice"
"Shot Online","6307","Shot Online","184500","34020","171","2","52","0","0","5.42","Shot Online"
"The Godfather: The Game","6308","The Godfather: The Game","184380","37260","223","3","75","0","0","4.95","The Godfather: The Game"
"Dungeon Siege","6309","Dungeon Siege","184380","65040","38","3","126","0","0","2.83","Dungeon Siege"
"Ace Combat Assault Horizon","6310","Ace Combat Assault Horizon","184260","58740","135","3","190","0","0","3.14","Ace Combat Assault Horizon"
"Conquer Online","6311","Conquer Online","184200","62940","461","3","122","0","0","2.93","Conquer Online"
"Monster Rancher Hop-A-Bout","6312","Monster Rancher Hop-A-Bout","184020","10560","425","4","22","0","0","17.43","Monster Rancher Hop-A-Bout"
"FIFA Soccer 07","6313","FIFA Soccer 07","183960","5100","2440","2","22","0","0","36.07","FIFA Soccer 07"
"The Unfinished Swan","6314","The Unfinished Swan","183900","47820","127","3","266","0","0","3.85","The Unfinished Swan"
"Clonk Rage","6315","Clonk Rage","183720","5760","295","1","17","0","0","31.9","Clonk Rage"
"Freestyle Street Basketball","6316","Freestyle Street Basketball","183720","40440","57","3","64","0","0","4.54","Freestyle Street Basketball"
"Backyard Baseball 2003","6317","Backyard Baseball 2003","183660","5640","673","2","20","0","0","32.56","Backyard Baseball 2003"
"Titan Quest: Anniversary Edition","6318","Titan Quest: Anniversary Edition","183600","49020","144","7","0","0","0","3.75","Titan Quest: Anniversary Edition"
"Soldier of Fortune II: Double Helix","6319","Soldier of Fortune II: Double Helix","183480","24600","109","2","44","0","0","7.46","Soldier of Fortune II: Double Helix"
"Back to the Future: The Game - Episode 2: Get Tannen!","6320","Back to the Future: The Game - Episode 2: Get Tannen!","183240","24540","221","2","95","0","0","7.47","Back to the Future: The Game - Episode 2: Get Tannen!"
"Sid Meier's Colonization","6321","Sid Meier's Colonization","183240","13800","612","1","33","0","0","13.28","Sid Meier's Colonization"
"Tiny Rails","6322","Tiny Rails","183240","8340","807","1","30","0","0","21.97","Tiny Rails"
"Yogi Bear: The Video Game","6323","Yogi Bear: The Video Game","183180","360","5850","1","3","0","0","508.83","Yogi Bear: The Video Game"
"Tokyo 7th Sisters","6324","Tokyo 7th Sisters","183000","9900","311","3","9","0","0","18.48","Tokyo 7th Sisters"
"Guns Up!","6325","Guns Up!","182940","75600","45","4","696","0","0","2.42","Guns Up!"
"Autobahn Police Simulator 2","6326","Autobahn Police Simulator 2","182940","2940","1323","2","0","0","0","62.22","Autobahn Police Simulator 2"
"Gargoyle's Quest","6327","Gargoyle's Quest","182880","11760","987","2","20","0","0","15.55","Gargoyle's Quest"
"Super Dodge Ball","6328","Super Dodge Ball","182520","9720","535","2","42","0","0","18.78","Super Dodge Ball"
"The Silver Case","6329","The Silver Case","182460","18720","212","2","57","0","0","9.75","The Silver Case"
"Draw a Stickman: EPIC 2","6330","Draw a Stickman: EPIC 2","182220","2520","740","1","15","0","0","72.31","Draw a Stickman: EPIC 2"
"Freedom Force vs The 3rd Reich","6331","Freedom Force vs The 3rd Reich","182100","7380","1816","1","8","0","0","24.67","Freedom Force vs The 3rd Reich"
"Dream Of Mirror Online","6332","Dream Of Mirror Online","181860","12120","429","2","19","0","0","15","Dream Of Mirror Online"
"Putt-Putt Travels Through Time","6333","Putt-Putt Travels Through Time","181800","12180","428","2","67","0","0","14.93","Putt-Putt Travels Through Time"
"Pixel Heroes: Byte & Magic","6334","Pixel Heroes: Byte & Magic","181560","14100","261","3","59","0","0","12.88","Pixel Heroes: Byte & Magic"
"Amy","6335","Amy","181440","5400","167","2","12","0","0","33.6","Amy"
"JoJo no Kimyou na Bouken: Ougon no Kaze","6336","JoJo no Kimyou na Bouken: Ougon no Kaze","181380","7440","449","2","29","0","0","24.38","JoJo no Kimyou na Bouken: Ougon no Kaze"
"Corsairs: Conquest at Sea","6337","Corsairs: Conquest at Sea","181260","2700","1059","2","13","0","0","67.13","Corsairs: Conquest at Sea"
"Test Drive 6","6338","Test Drive 6","181260","7980","2862","2","23","0","0","22.71","Test Drive 6"
"Wizardry: Tale of the Forsaken Land","6339","Wizardry: Tale of the Forsaken Land","181080","6240","121","1","9","0","0","29.02","Wizardry: Tale of the Forsaken Land"
"Phantasy Star Universe: Ambition of the Illuminous","6340","Phantasy Star Universe: Ambition of the Illuminous","181020","74940","66","4","129","0","0","2.42","Phantasy Star Universe: Ambition of the Illuminous"
"Tales of Escape","6341","Tales of Escape","181020","13020","864","4","55","0","0","13.9","Tales of Escape"
"Swords & Serpents","6342","Swords & Serpents","180840","480","1078","1","4","0","0","376.75","Swords & Serpents"
"Art of Gravity","6343","Art of Gravity","180780","3540","1487","1","17","0","0","51.07","Art of Gravity"
"Red Faction: Armageddon","6344","Red Faction: Armageddon","180660","108180","55","13","611","0","0","1.67","Red Faction: Armageddon"
"Burnout 2: Point of Impact","6345","Burnout 2: Point of Impact","180600","26880","709","2","52","0","0","6.72","Burnout 2: Point of Impact"
"Hooters Road Trip","6346","Hooters Road Trip","180420","420","1521","1","4","0","0","429.57","Hooters Road Trip"
"Kinect Disneyland Adventures","6347","Kinect Disneyland Adventures","180420","6780","223","2","16","0","0","26.61","Kinect Disneyland Adventures"
"Tony Hawk's Pro Skater 2x","6348","Tony Hawk's Pro Skater 2x","180360","7980","928","2","16","0","0","22.6","Tony Hawk's Pro Skater 2x"
"Chronicles of Teddy: Harmony of Exidus","6349","Chronicles of Teddy: Harmony of Exidus","180360","27360","161","2","111","0","0","6.59","Chronicles of Teddy: Harmony of Exidus"
"Last Dream: World Unknown","6350","Last Dream: World Unknown","180300","8580","248","3","26","0","0","21.01","Last Dream: World Unknown"
"Yume Kōjō: Doki Doki Panic","6351","Yume Kōjō: Doki Doki Panic","180300","5940","278","3","14","0","0","30.35","Yume Kōjō: Doki Doki Panic"
"BlazeRush","6352","BlazeRush","180180","22620","636","4","117","0","0","7.97","BlazeRush"
"Tom Clancy's Ghost Recon: Future Soldier","6353","Tom Clancy's Ghost Recon: Future Soldier","180120","53400","110","3","176","0","0","3.37","Tom Clancy's Ghost Recon: Future Soldier"
"Out There Somewhere","6354","Out There Somewhere","180120","24540","1738","2","128","0","0","7.34","Out There Somewhere"
"Ganbare Goemon Kirakira Douchuu: Boku ga Dancer ni Natta Wake","6355","Ganbare Goemon Kirakira Douchuu: Boku ga Dancer ni Natta Wake","180060","4980","1322","2","8","0","0","36.16","Ganbare Goemon Kirakira Douchuu: Boku ga Dancer ni Natta Wake"
"Heavy Weapon: Atomic Tank","6356","Heavy Weapon: Atomic Tank","180060","32400","1354","5","172","0","0","5.56","Heavy Weapon: Atomic Tank"
"NEStalgia","6357","NEStalgia","179880","31200","237","2","111","0","0","5.77","NEStalgia"
"Earth Defense Force 2017","6358","Earth Defense Force 2017","179640","12420","631","2","27","0","0","14.46","Earth Defense Force 2017"
"Captain Novolin","6359","Captain Novolin","179460","1440","1336","1","8","0","0","124.63","Captain Novolin"
"Fidel Dungeon Rescue","6360","Fidel Dungeon Rescue","179460","11760","274","5","41","0","0","15.26","Fidel Dungeon Rescue"
"Splendor","6361","Splendor","179400","3840","1671","1","22","0","0","46.72","Splendor"
"Extreme-G 2","6362","Extreme-G 2","179400","1680","1429","1","10","0","0","106.79","Extreme-G 2"
"The Bee Game","6363","The Bee Game","179340","540","2925","1","5","0","0","332.11","The Bee Game"
"Realm Grinder","6364","Realm Grinder","179220","50460","68","3","157","0","0","3.55","Realm Grinder"
"Lunar Legend","6365","Lunar Legend","179040","6480","401","3","8","0","0","27.63","Lunar Legend"
"God Mode","6366","God Mode","178980","17100","817","3","88","0","0","10.47","God Mode"
"Back to the Future: The Game - Episode 5: OUTATIME","6367","Back to the Future: The Game - Episode 5: OUTATIME","178920","19200","403","2","72","0","0","9.32","Back to the Future: The Game - Episode 5: OUTATIME"
"Survival","6368","Survival","178800","19380","593","3","85","0","0","9.23","Survival"
"Demetrios: The Big Cynical Adventure","6369","Demetrios: The Big Cynical Adventure","178680","14580","244","2","44","0","0","12.26","Demetrios: The Big Cynical Adventure"
"4Story","6370","4Story","178500","77400","60","4","93","0","0","2.31","4Story"
"Greg Hastings Paintball 2","6371","Greg Hastings Paintball 2","178440","1920","2813","2","9","0","0","92.94","Greg Hastings Paintball 2"
"ClickRaid","6372","ClickRaid","178440","24660","171","5","27","0","0","7.24","ClickRaid"
"Pirates!","6373","Pirates!","178140","10380","1441","2","43","0","0","17.16","Pirates!"
"Redneck Rampage","6374","Redneck Rampage","178080","8520","257","2","27","0","0","20.9","Redneck Rampage"
"Still Life","6375","Still Life","178020","14460","712","2","41","0","0","12.31","Still Life"
"Earthworm Jim 3D","6376","Earthworm Jim 3D","177780","11580","1390","2","24","0","0","15.35","Earthworm Jim 3D"
"Defender's Quest: Valley of the Forgotten","6377","Defender's Quest: Valley of the Forgotten","177660","20400","349","2","34","0","0","8.71","Defender's Quest: Valley of the Forgotten"
"Game Type","6378","Game Type","177480","8280","802","4","46","0","0","21.43","Game Type"
"Dangerous Golf","6379","Dangerous Golf","177300","30240","1687","2","160","0","0","5.86","Dangerous Golf"
"Twisted Metal","6380","Twisted Metal","177180","15300","671","2","56","0","0","11.58","Twisted Metal"
"Nekojishi","6381","Nekojishi","177000","30180","143","3","51","0","0","5.86","Nekojishi"
"Savage: The Shard of Gosen","6382","Savage: The Shard of Gosen","176940","3240","264","2","5","0","0","54.61","Savage: The Shard of Gosen"
"Spark The Electric Jester","6383","Spark The Electric Jester","176940","35700","836","6","103","0","0","4.96","Spark The Electric Jester"
"Old School","6384","Old School","176880","55020","533","2","105","0","0","3.21","Old School"
"Tetris 2","6385","Tetris 2","176880","10980","2694","3","27","0","0","16.11","Tetris 2"
"Legend of Kay Anniversary","6386","Legend of Kay Anniversary","176760","45240","1023","2","144","0","0","3.91","Legend of Kay Anniversary"
"Basement","6387","Basement","176700","15300","1706","2","77","0","0","11.55","Basement"
"Sonic Blast","6388","Sonic Blast","176700","2640","590","1","16","0","0","66.93","Sonic Blast"
"Magical Tetris Challenge","6389","Magical Tetris Challenge","176700","14040","753","5","34","0","0","12.59","Magical Tetris Challenge"
"RONIN","6390","RONIN","176520","29640","850","2","119","0","0","5.96","RONIN"
"Tengai Makyou: Daiyon no Mokushiroku: The Apocalypse IV","6391","Tengai Makyou: Daiyon no Mokushiroku: The Apocalypse IV","176280","4560","75","1","1","0","0","38.66","Tengai Makyou: Daiyon no Mokushiroku: The Apocalypse IV"
"David Crane's The Rescue of Princess Blobette","6392","David Crane's The Rescue of Princess Blobette","176220","120","1555","1","1","0","0","1468.5","David Crane's The Rescue of Princess Blobette"
"A Question of Sport","6393","A Question of Sport","176100","180","1114","1","1","0","0","978.33","A Question of Sport"
"NBA Street Homecourt","6394","NBA Street Homecourt","175920","240","1272","1","1","0","0","733","NBA Street Homecourt"
"Trickster","6395","Trickster","175860","9900","188","1","39","0","0","17.76","Trickster"
"Sorcery","6396","Sorcery","175860","360","2550","1","2","0","0","488.5","Sorcery"
"Create","6397","Create","175860","63900","122","3","190","0","0","2.75","Create"
"Etrian Odyssey III: The Drowned City","6398","Etrian Odyssey III: The Drowned City","175680","29880","36","3","38","0","0","5.88","Etrian Odyssey III: The Drowned City"
".hack//MUTATION - Part 2","6399",".hack//MUTATION - Part 2","175440","44880","85","2","77","0","0","3.91",".hack//MUTATION - Part 2"
"TransRoad: USA","6400","TransRoad: USA","175440","9720","276","2","33","0","0","18.05","TransRoad: USA"