"","","Game","Watch time","Stream time","Peak viewers","Peak channels","Streamers","Average viewers","Average channels","Average viewer ratio",""
"Wormate.io","10301","Wormate.io","36000","13980","74","2","60","0","0","2.58","Wormate.io"
"Kung Fu Kid","10302","Kung Fu Kid","35940","1140","575","1","6","0","0","31.53","Kung Fu Kid"
"Mental Asylum VR","10303","Mental Asylum VR","35940","60","599","1","1","0","0","599","Mental Asylum VR"
"Legend of Hand","10304","Legend of Hand","35940","1560","48","1","4","0","0","23.04","Legend of Hand"
"Mibibli's Quest","10305","Mibibli's Quest","35940","6360","61","1","13","0","0","5.65","Mibibli's Quest"
"Space Funeral","10306","Space Funeral","35940","7140","54","1","44","0","0","5.03","Space Funeral"
"Wallace & Gromit's Grand Adventures Episode 3: Muzzled","10307","Wallace & Gromit's Grand Adventures Episode 3: Muzzled","35940","2640","83","1","10","0","0","13.61","Wallace & Gromit's Grand Adventures Episode 3: Muzzled"
"Def Jam: Vendetta","10308","Def Jam: Vendetta","35940","7800","27","1","40","0","0","4.61","Def Jam: Vendetta"
"Bomberman Live: Battlefest","10309","Bomberman Live: Battlefest","35940","1080","1139","1","7","0","0","33.28","Bomberman Live: Battlefest"
"Little Britain: The Video Game","10310","Little Britain: The Video Game","35940","300","604","1","3","0","0","119.8","Little Britain: The Video Game"
"UFC: Sudden Impact","10311","UFC: Sudden Impact","35880","180","494","1","2","0","0","199.33","UFC: Sudden Impact"
"Monsters, Inc. Scream Team","10312","Monsters, Inc. Scream Team","35880","5580","208","3","29","0","0","6.43","Monsters, Inc. Scream Team"
"Blade Symphony","10313","Blade Symphony","35880","11820","43","2","63","0","0","3.04","Blade Symphony"
"School Girl/Zombie Hunter","10314","School Girl/Zombie Hunter","35880","8940","140","2","52","0","0","4.01","School Girl/Zombie Hunter"
"Circles","10315","Circles","35880","1800","282","1","11","0","0","19.93","Circles"
"Trade Empires","10316","Trade Empires","35880","20640","34","1","2","0","0","1.74","Trade Empires"
"Obsession","10317","Obsession","35820","480","230","1","2","0","0","74.63","Obsession"
"DreamBreak","10318","DreamBreak","35820","2580","124","2","18","0","0","13.88","DreamBreak"
"Commander Keen 3: Keen Must Die!","10319","Commander Keen 3: Keen Must Die!","35820","5220","145","1","10","0","0","6.86","Commander Keen 3: Keen Must Die!"
"Math Blaster!","10320","Math Blaster!","35820","9600","177","2","30","0","0","3.73","Math Blaster!"
"Naruto Shippuden Ultimate Ninja Heroes 3","10321","Naruto Shippuden Ultimate Ninja Heroes 3","35820","13860","89","2","53","0","0","2.58","Naruto Shippuden Ultimate Ninja Heroes 3"
"Leap of Fate","10322","Leap of Fate","35820","16200","162","3","66","0","0","2.21","Leap of Fate"
"Fishing Kings","10323","Fishing Kings","35760","120","620","1","2","0","0","298","Fishing Kings"
"Ace Combat 2","10324","Ace Combat 2","35760","5820","100","2","23","0","0","6.14","Ace Combat 2"
"Picross 3D","10325","Picross 3D","35760","2700","52","1","10","0","0","13.24","Picross 3D"
"Phantasy Star Portable","10326","Phantasy Star Portable","35760","9960","22","2","21","0","0","3.59","Phantasy Star Portable"
"Sick City","10327","Sick City","35760","3960","142","4","19","0","0","9.03","Sick City"
"Rocket Fist","10328","Rocket Fist","35760","1860","176","2","4","0","0","19.23","Rocket Fist"
"Raptor: Call of the Shadows","10329","Raptor: Call of the Shadows","35700","6240","110","1","31","0","0","5.72","Raptor: Call of the Shadows"
"beatmania IIDX 15 DJ TROOPERS","10330","beatmania IIDX 15 DJ TROOPERS","35700","2820","502","1","13","0","0","12.66","beatmania IIDX 15 DJ TROOPERS"
"Demolition Girl","10331","Demolition Girl","35640","1380","500","1","4","0","0","25.83","Demolition Girl"
"Bionic Dues","10332","Bionic Dues","35640","2340","83","1","10","0","0","15.23","Bionic Dues"
"Disney's Aladdin in Nasira's Revenge","10333","Disney's Aladdin in Nasira's Revenge","35640","4740","54","1","13","0","0","7.52","Disney's Aladdin in Nasira's Revenge"
"Fate/Extra CCC","10334","Fate/Extra CCC","35580","13320","60","2","30","0","0","2.67","Fate/Extra CCC"
"Coffin","10335","Coffin","35580","420","139","1","2","0","0","84.71","Coffin"
"Message Quest","10336","Message Quest","35580","2040","208","1","9","0","0","17.44","Message Quest"
"Iron Tides","10337","Iron Tides","35520","4080","52","1","17","0","0","8.71","Iron Tides"
"The Kingdom of Loathing","10338","The Kingdom of Loathing","35520","15660","22","1","18","0","0","2.27","The Kingdom of Loathing"
"Ghoul School","10339","Ghoul School","35520","3360","104","1","16","0","0","10.57","Ghoul School"
"Aces High","10340","Aces High","35520","33180","28","3","33","0","0","1.07","Aces High"
"Inversion","10341","Inversion","35520","12060","44","2","34","0","0","2.95","Inversion"
"Gabriel Knight 3: Blood of the Sacred, Blood of the Damned","10342","Gabriel Knight 3: Blood of the Sacred, Blood of the Damned","35460","7020","42","2","9","0","0","5.05","Gabriel Knight 3: Blood of the Sacred, Blood of the Damned"
"Planetoid Pioneers","10343","Planetoid Pioneers","35460","127620","94","2","15","0","0","0.28","Planetoid Pioneers"
"Xianjian Qixia Zhuan 4","10344","Xianjian Qixia Zhuan 4","35460","9420","58","2","9","0","0","3.76","Xianjian Qixia Zhuan 4"
"Zaga-33","10345","Zaga-33","35460","240","382","1","1","0","0","147.75","Zaga-33"
"Dustwind","10346","Dustwind","35460","1260","244","2","0","0","0","28.14","Dustwind"
"Nightmare Creatures II","10347","Nightmare Creatures II","35400","4320","60","2","22","0","0","8.19","Nightmare Creatures II"
"Blazing Star","10348","Blazing Star","35400","2700","129","1","20","0","0","13.11","Blazing Star"
"PAIN","10349","PAIN","35400","1260","431","1","9","0","0","28.1","PAIN"
"Monument Valley","10350","Monument Valley","35400","5340","216","1","32","0","0","6.63","Monument Valley"
"The California Raisins: The Grape Escape","10351","The California Raisins: The Grape Escape","35400","120","403","1","2","0","0","295","The California Raisins: The Grape Escape"
"Tilt","10352","Tilt","35340","2040","593","1","8","0","0","17.32","Tilt"
"Touhou 13 Ten Desires","10353","Touhou 13 Ten Desires","35340","18480","36","2","78","0","0","1.91","Touhou 13 Ten Desires"
"Crest","10354","Crest","35340","2760","283","1","9","0","0","12.8","Crest"
"Pony Friends","10355","Pony Friends","35340","900","174","1","9","0","0","39.27","Pony Friends"
"Swift*Stitch","10356","Swift*Stitch","35340","840","547","2","3","0","0","42.07","Swift*Stitch"
"Flying Hero","10357","Flying Hero","35340","360","205","1","1","0","0","98.17","Flying Hero"
"Youkai Watch 3","10358","Youkai Watch 3","35280","960","155","1","5","0","0","36.75","Youkai Watch 3"
"Emergency 2017","10359","Emergency 2017","35280","9420","46","3","32","0","0","3.75","Emergency 2017"
"Sonic Jam","10360","Sonic Jam","35280","7440","26","1","28","0","0","4.74","Sonic Jam"
"Lambda Wars","10361","Lambda Wars","35280","10980","35","2","44","0","0","3.21","Lambda Wars"
"Bookworm Adventures","10362","Bookworm Adventures","35280","12360","26","2","23","0","0","2.85","Bookworm Adventures"
"Ampu-Tea","10363","Ampu-Tea","35280","5580","136","1","44","0","0","6.32","Ampu-Tea"
"Eldevin","10364","Eldevin","35220","12120","207","2","40","0","0","2.91","Eldevin"
"Noitu Love 2: Devolution","10365","Noitu Love 2: Devolution","35220","5520","264","1","26","0","0","6.38","Noitu Love 2: Devolution"
"Atelier Escha & Logy: Alchemists of the Dusk Sky","10366","Atelier Escha & Logy: Alchemists of the Dusk Sky","35220","14580","28","1","12","0","0","2.42","Atelier Escha & Logy: Alchemists of the Dusk Sky"
"Space Channel 5","10367","Space Channel 5","35220","6540","89","1","38","0","0","5.39","Space Channel 5"
"Wallace & Gromit's Grand Adventures Episode 4: The Bogey Man","10368","Wallace & Gromit's Grand Adventures Episode 4: The Bogey Man","35220","2220","172","1","7","0","0","15.86","Wallace & Gromit's Grand Adventures Episode 4: The Bogey Man"
"GunZ 2: The Second Duel","10369","GunZ 2: The Second Duel","35160","14220","33","2","76","0","0","2.47","GunZ 2: The Second Duel"
"Logic Pro","10370","Logic Pro","35160","20040","29","2","57","0","0","1.75","Logic Pro"
"Mobile Suit Gundam: Battlefield Record U.C.0081","10371","Mobile Suit Gundam: Battlefield Record U.C.0081","35160","420","214","1","1","0","0","83.71","Mobile Suit Gundam: Battlefield Record U.C.0081"
"Champions of Anteria","10372","Champions of Anteria","35160","4020","282","1","20","0","0","8.75","Champions of Anteria"
"Might & Magic: Showdown","10373","Might & Magic: Showdown","35160","3900","111","3","16","0","0","9.02","Might & Magic: Showdown"
"Grace of Zordan","10374","Grace of Zordan","35100","2580","241","1","9","0","0","13.6","Grace of Zordan"
"Neighborhorde","10375","Neighborhorde","35100","3480","201","1","26","0","0","10.09","Neighborhorde"
"Hexagon","10376","Hexagon","35100","2700","346","1","24","0","0","13","Hexagon"
"Nancy Drew: Message in a Haunted Mansion","10377","Nancy Drew: Message in a Haunted Mansion","35040","7680","44","2","22","0","0","4.56","Nancy Drew: Message in a Haunted Mansion"
"Jinmu Denshou","10378","Jinmu Denshou","35040","13860","8","1","1","0","0","2.53","Jinmu Denshou"
"Snipes","10379","Snipes","34980","300","577","1","2","0","0","116.6","Snipes"
"WWE WrestleMania XIX","10380","WWE WrestleMania XIX","34980","1320","182","1","7","0","0","26.5","WWE WrestleMania XIX"
"Monster Hunter G","10381","Monster Hunter G","34980","5640","21","1","6","0","0","6.2","Monster Hunter G"
"Super Hang-On","10382","Super Hang-On","34980","4500","360","1","18","0","0","7.77","Super Hang-On"
"Angel Beats","10383","Angel Beats","34920","12720","19","2","18","0","0","2.75","Angel Beats"
"Demigod","10384","Demigod","34920","7740","464","1","22","0","0","4.51","Demigod"
"What Did I Do to Deserve This, My Lord!? 2","10385","What Did I Do to Deserve This, My Lord!? 2","34920","27420","20","1","8","0","0","1.27","What Did I Do to Deserve This, My Lord!? 2"
"The Legendary Axe","10386","The Legendary Axe","34920","6300","73","1","7","0","0","5.54","The Legendary Axe"
"Powerball","10387","Powerball","34920","60","582","1","1","0","0","582","Powerball"
"Laser Disco Defenders","10388","Laser Disco Defenders","34920","12240","103","2","106","0","0","2.85","Laser Disco Defenders"
"King Arthur's World","10389","King Arthur's World","34860","840","240","1","4","0","0","41.5","King Arthur's World"
"Klomanager - Spül mir das Lied vom Kot","10390","Klomanager - Spül mir das Lied vom Kot","34860","420","421","2","2","0","0","83","Klomanager - Spül mir das Lied vom Kot"
"Ninja Crusaders","10391","Ninja Crusaders","34860","4620","111","6","4","0","0","7.55","Ninja Crusaders"
"Yomi","10392","Yomi","34860","11820","45","2","30","0","0","2.95","Yomi"
"Eradicator","10393","Eradicator","34860","1560","260","1","5","0","0","22.35","Eradicator"
"Time Commando","10394","Time Commando","34800","2160","326","1","10","0","0","16.11","Time Commando"
"Operation Flashpoint: Red River","10395","Operation Flashpoint: Red River","34800","29460","26","4","104","0","0","1.18","Operation Flashpoint: Red River"
"WRC","10396","WRC","34800","2940","247","4","18","0","0","11.84","WRC"
"DragonBall Z: Buu's Fury/Dragon Ball GT: Transformation","10397","DragonBall Z: Buu's Fury/Dragon Ball GT: Transformation","34800","11520","84","1","23","0","0","3.02","DragonBall Z: Buu's Fury/Dragon Ball GT: Transformation"
"Templar Battleforce","10398","Templar Battleforce","34740","3240","117","1","12","0","0","10.72","Templar Battleforce"
"Burnout CRASH!","10399","Burnout CRASH!","34740","360","194","1","1","0","0","96.5","Burnout CRASH!"
"Shadow Watch","10400","Shadow Watch","34740","600","352","1","2","0","0","57.9","Shadow Watch"