"","","Game","Watch time","Stream time","Peak viewers","Peak channels","Streamers","Average viewers","Average channels","Average viewer ratio",""
"Fire Emblem: Awakening","2401","Fire Emblem: Awakening","1935360","116880","734","4","193","3","0","16.56","Fire Emblem: Awakening"
"Craft The World","2402","Craft The World","1935180","242640","367","8","573","3","0","7.98","Craft The World"
"Grand Theft Auto: Liberty City Stories","2403","Grand Theft Auto: Liberty City Stories","1930320","79440","1989","5","104","3","0","24.3","Grand Theft Auto: Liberty City Stories"
"Fishing Girl","2404","Fishing Girl","1929240","2220","22207","4","11","3","0","869.03","Fishing Girl"
"SINoALICE","2405","SINoALICE","1928520","89340","1814","15","183","3","0","21.59","SINoALICE"
"Starship Theory","2406","Starship Theory","1928460","82980","1871","9","213","3","0","23.24","Starship Theory"
"WarioWare: Smooth Moves","2407","WarioWare: Smooth Moves","1924620","13440","16679","3","78","3","0","143.2","WarioWare: Smooth Moves"
"Soulcalibur V","2408","Soulcalibur V","1923780","106560","8867","3","105","3","0","18.05","Soulcalibur V"
"Pantheon: Rise of the Fallen","2409","Pantheon: Rise of the Fallen","1923360","13980","8699","2","14","3","0","137.58","Pantheon: Rise of the Fallen"
"Polyball","2410","Polyball","1921860","9180","20866","4","15","3","0","209.35","Polyball"
"ActRaiser 2","2411","ActRaiser 2","1919040","21300","1261","4","35","3","0","90.1","ActRaiser 2"
"Pathfinder Adventures","2412","Pathfinder Adventures","1918860","206940","5041","7","286","3","0","9.27","Pathfinder Adventures"
"Lineage III","2413","Lineage III","1918200","58980","4884","4","82","3","0","32.52","Lineage III"
"Transformers: Fall of Cybertron","2414","Transformers: Fall of Cybertron","1917360","152220","7212","7","514","3","0","12.6","Transformers: Fall of Cybertron"
"Camelot Unchained","2415","Camelot Unchained","1915560","62040","154","2","6","3","0","30.88","Camelot Unchained"
"Scarface: The World is Yours","2416","Scarface: The World is Yours","1913220","37260","2161","3","72","3","0","51.35","Scarface: The World is Yours"
"Nintendogs + Cats","2417","Nintendogs + Cats","1913160","3180","7338","3","17","3","0","601.62","Nintendogs + Cats"
"Mark of the Ninja","2418","Mark of the Ninja","1912800","195600","3244","6","806","3","0","9.78","Mark of the Ninja"
"Wolfenstein: Enemy Territory","2419","Wolfenstein: Enemy Territory","1912260","225480","544","7","236","3","0","8.48","Wolfenstein: Enemy Territory"
"Emily is Away","2420","Emily is Away","1909980","72120","6773","4","554","3","0","26.48","Emily is Away"
"John Wick Chronicles","2421","John Wick Chronicles","1905720","6360","23807","2","40","3","0","299.64","John Wick Chronicles"
"Boxing Fight","2422","Boxing Fight","1905540","7020","21658","18","86","3","0","271.44","Boxing Fight"
"Hot Shots Golf Fore!","2423","Hot Shots Golf Fore!","1904400","38040","11348","43","145","3","0","50.06","Hot Shots Golf Fore!"
"Sub Rosa","2424","Sub Rosa","1903920","27900","3182","7","85","3","0","68.24","Sub Rosa"
"Shining Force III","2425","Shining Force III","1902960","48060","2058","3","31","3","0","39.6","Shining Force III"
"Devil May Cry 4","2426","Devil May Cry 4","1902660","129600","2552","5","367","3","0","14.68","Devil May Cry 4"
"RPG Maker VX Ace","2427","RPG Maker VX Ace","1902300","198720","416","6","480","3","0","9.57","RPG Maker VX Ace"
"Ninja Gaiden II","2428","Ninja Gaiden II","1900860","89460","6805","3","122","3","0","21.25","Ninja Gaiden II"
"Color-Changing: Tingle's Balloon Trip of Love","2429","Color-Changing: Tingle's Balloon Trip of Love","1898820","11340","5377","2","3","3","0","167.44","Color-Changing: Tingle's Balloon Trip of Love"
"Rockman","2430","Rockman","1898580","16140","3802","3","58","3","0","117.63","Rockman"
"Bingo","2431","Bingo","1895460","29940","1049","2","51","3","0","63.31","Bingo"
"Rubik's Cube","2432","Rubik's Cube","1895400","59520","3936","4","176","3","0","31.84","Rubik's Cube"
"Megadimension Neptunia VII","2433","Megadimension Neptunia VII","1893060","537720","1514","8","1095","3","1","3.52","Megadimension Neptunia VII"
"Critical Ops","2434","Critical Ops","1890840","372000","288","6","1147","3","0","5.08","Critical Ops"
"Haxball","2435","Haxball","1890420","117960","6066","5","257","3","0","16.03","Haxball"
"Half Life 2: Survivor","2436","Half Life 2: Survivor","1889100","83640","2262","3","371","3","0","22.59","Half Life 2: Survivor"
"The King of Fighters 2002: Challenge to Ultimate Battle","2437","The King of Fighters 2002: Challenge to Ultimate Battle","1889040","45900","2382","3","131","3","0","41.16","The King of Fighters 2002: Challenge to Ultimate Battle"
"Pixel Privateers","2438","Pixel Privateers","1887960","134760","12389","24","380","3","0","14.01","Pixel Privateers"
"Worms Ultimate Mayhem","2439","Worms Ultimate Mayhem","1880340","38340","9137","4","200","3","0","49.04","Worms Ultimate Mayhem"
"Punch-Out!!","2440","Punch-Out!!","1879320","61080","3885","3","213","3","0","30.77","Punch-Out!!"
"Hammerwatch","2441","Hammerwatch","1879260","241860","1163","12","803","3","0","7.77","Hammerwatch"
"Endless Legend","2442","Endless Legend","1877580","293340","597","11","851","3","0","6.4","Endless Legend"
"Death Squared","2443","Death Squared","1873380","31380","1996","3","125","3","0","59.7","Death Squared"
"Another Brick in the Mall","2444","Another Brick in the Mall","1872540","86760","690","5","274","3","0","21.58","Another Brick in the Mall"
"Son of a Witch","2445","Son of a Witch","1872480","16260","15267","4","29","3","0","115.16","Son of a Witch"
"Hyper Princess Pitch","2446","Hyper Princess Pitch","1872060","3600","114738","9","22","3","0","520.02","Hyper Princess Pitch"
"Crayon Physics","2447","Crayon Physics","1871760","4860","15970","4","21","3","0","385.14","Crayon Physics"
"Donkey Kong","2448","Donkey Kong","1869840","388200","3612","13","279","3","0","4.82","Donkey Kong"
"Mega Man Star Force 2","2449","Mega Man Star Force 2","1869360","17100","6111","5","22","3","0","109.32","Mega Man Star Force 2"
"Ogre Battle: The March of the Black Queen","2450","Ogre Battle: The March of the Black Queen","1869120","47100","7616","3","59","3","0","39.68","Ogre Battle: The March of the Black Queen"
"Final Fantasy Legend II","2451","Final Fantasy Legend II","1865940","35040","7271","6","30","3","0","53.25","Final Fantasy Legend II"
"Octodad","2452","Octodad","1863840","23580","2621","3","131","3","0","79.04","Octodad"
"Link: The Faces of Evil","2453","Link: The Faces of Evil","1863300","16560","5597","2","35","3","0","112.52","Link: The Faces of Evil"
"Scared Stiff","2454","Scared Stiff","1862880","1080","10930","2","6","3","0","1724.89","Scared Stiff"
"One Finger Death Punch","2455","One Finger Death Punch","1862580","197340","10477","4","1166","3","0","9.44","One Finger Death Punch"
"Google Go","2456","Google Go","1862400","19920","18639","2","107","3","0","93.49","Google Go"
"Lethe - Episode One","2457","Lethe - Episode One","1861620","30240","7348","3","121","3","0","61.56","Lethe - Episode One"
"NFL Blitz","2458","NFL Blitz","1859460","6060","8053","2","39","3","0","306.84","NFL Blitz"
"Monopoly Party","2459","Monopoly Party","1858920","5100","9104","2","33","3","0","364.49","Monopoly Party"
"Kingdom Hearts: Chain of Memories","2460","Kingdom Hearts: Chain of Memories","1857240","63120","9742","4","134","3","0","29.42","Kingdom Hearts: Chain of Memories"
"God of War: Ascension","2461","God of War: Ascension","1852800","72480","1472","3","132","3","0","25.56","God of War: Ascension"
"Accel World VS Sword Art Online: Chitose no Tasogare","2462","Accel World VS Sword Art Online: Chitose no Tasogare","1852500","253440","2256","11","431","3","0","7.31","Accel World VS Sword Art Online: Chitose no Tasogare"
"Saints Row 2","2463","Saints Row 2","1851720","324120","3116","12","1096","3","0","5.71","Saints Row 2"
"Layton's Mystery Journey: Katrielle and the Millionaires' Conspiracy","2464","Layton's Mystery Journey: Katrielle and the Millionaires' Conspiracy","1851300","38280","4791","7","61","3","0","48.36","Layton's Mystery Journey: Katrielle and the Millionaires' Conspiracy"
"The Magic Circle","2465","The Magic Circle","1848420","25620","5336","2","89","3","0","72.15","The Magic Circle"
"Breaking Point","2466","Breaking Point","1846620","110640","14470","5","190","3","0","16.69","Breaking Point"
"Valkyrie Drive: Bhikkhuni","2467","Valkyrie Drive: Bhikkhuni","1845720","91260","22837","11","252","3","0","20.22","Valkyrie Drive: Bhikkhuni"
"Phantasy Star Online: Blue Burst","2468","Phantasy Star Online: Blue Burst","1844940","349800","1192","9","383","3","0","5.27","Phantasy Star Online: Blue Burst"
"Battlestar Galactica Deadlock","2469","Battlestar Galactica Deadlock","1844460","87840","3702","11","170","3","0","21","Battlestar Galactica Deadlock"
"Q.U.B.E.","2470","Q.U.B.E.","1843320","17460","14983","2","78","3","0","105.57","Q.U.B.E."
"Pangya: Fantasy Golf","2471","Pangya: Fantasy Golf","1841040","103140","2170","4","135","3","0","17.85","Pangya: Fantasy Golf"
"SteamWorld Dig","2472","SteamWorld Dig","1838700","258480","1780","7","943","3","0","7.11","SteamWorld Dig"
"Remember Me","2473","Remember Me","1838340","300720","301","9","849","3","0","6.11","Remember Me"
"Epistory","2474","Epistory","1833420","117480","4943","6","382","3","0","15.61","Epistory"
"Breath of Fire: Dragon Quarter","2475","Breath of Fire: Dragon Quarter","1832700","55740","7666","4","39","3","0","32.88","Breath of Fire: Dragon Quarter"
"Tatsunoko vs. Capcom: Ultimate All Stars","2476","Tatsunoko vs. Capcom: Ultimate All Stars","1831920","43860","5863","4","84","3","0","41.77","Tatsunoko vs. Capcom: Ultimate All Stars"
"Streets of Rage 2","2477","Streets of Rage 2","1831680","122160","7669","4","442","3","0","14.99","Streets of Rage 2"
"Prince of Persia: The Two Thrones","2478","Prince of Persia: The Two Thrones","1824420","85560","4246","4","170","3","0","21.32","Prince of Persia: The Two Thrones"
"Rayman Origins","2479","Rayman Origins","1823640","193560","2922","7","878","3","0","9.42","Rayman Origins"
"Epic Battle Dude","2480","Epic Battle Dude","1822920","420","17456","5","6","3","0","4340.29","Epic Battle Dude"
"Lost Odyssey","2481","Lost Odyssey","1822020","296400","415","7","541","3","0","6.15","Lost Odyssey"
"Android: Netrunner","2482","Android: Netrunner","1821120","109200","294","4","110","3","0","16.68","Android: Netrunner"
"Tekken 6","2483","Tekken 6","1815600","136920","6697","5","615","3","0","13.26","Tekken 6"
"Kirby & The Amazing Mirror","2484","Kirby & The Amazing Mirror","1815000","81600","3090","4","211","3","0","22.24","Kirby & The Amazing Mirror"
"Zoo Vet","2485","Zoo Vet","1813500","480","14945","1","2","3","0","3778.13","Zoo Vet"
"Has-Been Heroes","2486","Has-Been Heroes","1807380","209580","768","13","516","3","0","8.62","Has-Been Heroes"
"Legend of Mana","2487","Legend of Mana","1805700","201300","4026","4","157","3","0","8.97","Legend of Mana"
"Heroes Evolved","2488","Heroes Evolved","1804740","414660","727","8","761","3","0","4.35","Heroes Evolved"
"Crawl","2489","Crawl","1804680","110700","12878","5","581","3","0","16.3","Crawl"
"Neighbors from Hell","2490","Neighbors from Hell","1803060","16380","3624","2","86","3","0","110.08","Neighbors from Hell"
"Sunless Sea","2491","Sunless Sea","1801080","228420","418","7","634","3","0","7.88","Sunless Sea"
"Expeditions: Viking","2492","Expeditions: Viking","1799400","131520","4542","12","285","3","0","13.68","Expeditions: Viking"
"Mad Father","2493","Mad Father","1798740","140760","2885","5","486","3","0","12.78","Mad Father"
"TANGO5","2494","TANGO5","1798560","3240","10390","6","19","3","0","555.11","TANGO5"
"Quest 64","2495","Quest 64","1797420","63360","2744","12","86","3","0","28.37","Quest 64"
"Microsoft Adventure","2496","Microsoft Adventure","1796520","4560","1832","2","9","3","0","393.97","Microsoft Adventure"
"Xanadu Next","2497","Xanadu Next","1795980","48240","1350","3","58","3","0","37.23","Xanadu Next"
"Mages of Mystralia","2498","Mages of Mystralia","1792980","111540","5761","10","312","3","0","16.07","Mages of Mystralia"
"Heart's Medicine - Time to Heal","2499","Heart's Medicine - Time to Heal","1791600","20700","2091","4","61","3","0","86.55","Heart's Medicine - Time to Heal"
"Double Dragon Neon","2500","Double Dragon Neon","1790880","54300","5010","3","265","3","0","32.98","Double Dragon Neon"