"","","Game","Watch time","Stream time","Peak viewers","Peak channels","Streamers","Average viewers","Average channels","Average viewer ratio",""
"Turbopug DX","12701","Turbopug DX","15900","7380","37","1","23","0","0","2.15","Turbopug DX"
"Trump Castle 3","12702","Trump Castle 3","15900","420","88","1","3","0","0","37.86","Trump Castle 3"
"Stampede","12703","Stampede","15900","540","270","1","5","0","0","29.44","Stampede"
"Hot Shots Tennis","12704","Hot Shots Tennis","15900","13080","10","2","50","0","0","1.22","Hot Shots Tennis"
"NHL 96","12705","NHL 96","15840","1080","86","1","10","0","0","14.67","NHL 96"
"Saihate no Ima","12706","Saihate no Ima","15840","9540","6","2","3","0","0","1.66","Saihate no Ima"
"Love Nikki-Dress UP Queen","12707","Love Nikki-Dress UP Queen","15840","1980","30","1","8","0","0","8","Love Nikki-Dress UP Queen"
"Buzz!: Brain of the UK","12708","Buzz!: Brain of the UK","15840","180","154","1","2","0","0","88","Buzz!: Brain of the UK"
"Relic Hunters Legend","12709","Relic Hunters Legend","15840","1020","51","2","7","0","0","15.53","Relic Hunters Legend"
"Slots","12710","Slots","15840","7980","28","2","30","0","0","1.98","Slots"
"Tokyo Xtreme Racer","12711","Tokyo Xtreme Racer","15840","5160","14","2","14","0","0","3.07","Tokyo Xtreme Racer"
"AquaNox 2: Revelation","12712","AquaNox 2: Revelation","15840","4680","12","1","9","0","0","3.38","AquaNox 2: Revelation"
"To Be or Not To Be","12713","To Be or Not To Be","15840","1380","92","1","11","0","0","11.48","To Be or Not To Be"
"Sega GT 2002","12714","Sega GT 2002","15840","3600","26","1","9","0","0","4.4","Sega GT 2002"
"Sigma Star Saga","12715","Sigma Star Saga","15840","1920","29","1","4","0","0","8.25","Sigma Star Saga"
"Daemon Bride","12716","Daemon Bride","15840","4140","17","1","3","0","0","3.83","Daemon Bride"
"Final Liberation: Warhammer Epic 40,000","12717","Final Liberation: Warhammer Epic 40,000","15840","600","144","1","3","0","0","26.4","Final Liberation: Warhammer Epic 40,000"
"Balloon Kid","12718","Balloon Kid","15840","1980","36","1","9","0","0","8","Balloon Kid"
"Star Wars: Galactic Battlegrounds - Clone Campaigns","12719","Star Wars: Galactic Battlegrounds - Clone Campaigns","15840","6420","68","2","21","0","0","2.47","Star Wars: Galactic Battlegrounds - Clone Campaigns"
"Battle Realms","12720","Battle Realms","15840","7200","37","1","22","0","0","2.2","Battle Realms"
"Toy Soldiers","12721","Toy Soldiers","15840","13980","14","2","64","0","0","1.13","Toy Soldiers"
"Blades of Steel","12722","Blades of Steel","15780","3960","46","1","28","0","0","3.98","Blades of Steel"
"Gundam Breaker","12723","Gundam Breaker","15780","4740","10","1","8","0","0","3.33","Gundam Breaker"
"Harvest Moon 3D: A New Beginning","12724","Harvest Moon 3D: A New Beginning","15780","1620","56","1","10","0","0","9.74","Harvest Moon 3D: A New Beginning"
"Forever Kingdom","12725","Forever Kingdom","15780","1260","19","1","2","0","0","12.52","Forever Kingdom"
"Shining Force: The Sword of Hajya","12726","Shining Force: The Sword of Hajya","15780","2880","73","1","5","0","0","5.48","Shining Force: The Sword of Hajya"
"The Legendary Starfy","12727","The Legendary Starfy","15780","2700","36","1","10","0","0","5.84","The Legendary Starfy"
"Neo Bomberman","12728","Neo Bomberman","15780","4680","50","2","18","0","0","3.37","Neo Bomberman"
"ViViD","12729","ViViD","15780","2940","16","4","4","0","0","5.37","ViViD"
"Project Wingman","12730","Project Wingman","15780","6240","24","2","28","0","0","2.53","Project Wingman"
"Grand Pigeon's Duty","12731","Grand Pigeon's Duty","15780","2940","23","1","22","0","0","5.37","Grand Pigeon's Duty"
"Watercolors","12732","Watercolors","15780","7080","13","1","11","0","0","2.23","Watercolors"
"Shivers","12733","Shivers","15780","5820","15","1","15","0","0","2.71","Shivers"
"Ian's Eyes","12734","Ian's Eyes","15780","2940","29","1","12","0","0","5.37","Ian's Eyes"
"Wheel of Fortune: 2nd Edition","12735","Wheel of Fortune: 2nd Edition","15720","960","93","1","5","0","0","16.38","Wheel of Fortune: 2nd Edition"
"Apollo 11 VR","12736","Apollo 11 VR","15720","12120","20","2","68","0","0","1.3","Apollo 11 VR"
"Luna and the Moonling","12737","Luna and the Moonling","15720","3480","16","2","13","0","0","4.52","Luna and the Moonling"
"Brave Dungeon + Dark Witch's Story: COMBAT","12738","Brave Dungeon + Dark Witch's Story: COMBAT","15720","5100","14","2","13","0","0","3.08","Brave Dungeon + Dark Witch's Story: COMBAT"
"Murder Mystery Case 3: Who Killed Brett Penance - The Environmental Surfer","12739","Murder Mystery Case 3: Who Killed Brett Penance - The Environmental Surfer","15720","300","141","1","2","0","0","52.4","Murder Mystery Case 3: Who Killed Brett Penance - The Environmental Surfer"
"Digimon World Championship","12740","Digimon World Championship","15720","3900","36","1","13","0","0","4.03","Digimon World Championship"
"Crimson Skies: High Road to Revenge","12741","Crimson Skies: High Road to Revenge","15720","6300","61","2","32","0","0","2.5","Crimson Skies: High Road to Revenge"
"Portal of Evil: Stolen Runes","12742","Portal of Evil: Stolen Runes","15720","2820","34","1","7","0","0","5.57","Portal of Evil: Stolen Runes"
"Cooking Dash","12743","Cooking Dash","15720","2580","58","2","20","0","0","6.09","Cooking Dash"
"Metal Gear Ac!d 2","12744","Metal Gear Ac!d 2","15720","2940","32","1","9","0","0","5.35","Metal Gear Ac!d 2"
"Code Name: S.T.E.A.M.","12745","Code Name: S.T.E.A.M.","15720","2760","19","1","5","0","0","5.7","Code Name: S.T.E.A.M."
"Music Quiz","12746","Music Quiz","15720","3240","16","1","12","0","0","4.85","Music Quiz"
"FIFA 2001","12747","FIFA 2001","15720","780","132","1","5","0","0","20.15","FIFA 2001"
"The Experiment","12748","The Experiment","15660","3420","21","2","7","0","0","4.58","The Experiment"
"Orphen: Scion of Sorcery","12749","Orphen: Scion of Sorcery","15660","4020","18","1","14","0","0","3.9","Orphen: Scion of Sorcery"
"Europa Universalis","12750","Europa Universalis","15660","3240","63","1","6","0","0","4.83","Europa Universalis"
"Spider-Man: Edge of Time","12751","Spider-Man: Edge of Time","15660","5820","15","1","9","0","0","2.69","Spider-Man: Edge of Time"
"Dynasty Warriors 5: Empires","12752","Dynasty Warriors 5: Empires","15660","4800","31","1","6","0","0","3.26","Dynasty Warriors 5: Empires"
"Soul Sacrifice Delta","12753","Soul Sacrifice Delta","15660","3900","67","2","11","0","0","4.02","Soul Sacrifice Delta"
"The Sacred Tears TRUE","12754","The Sacred Tears TRUE","15660","2460","15","1","5","0","0","6.37","The Sacred Tears TRUE"
"Worms Crazy Golf","12755","Worms Crazy Golf","15660","3360","73","2","22","0","0","4.66","Worms Crazy Golf"
"Gobs of Games","12756","Gobs of Games","15660","6060","20","1","15","0","0","2.58","Gobs of Games"
"Tetris 2   BomBliss","12757","Tetris 2   BomBliss","15660","3360","32","1","13","0","0","4.66","Tetris 2   BomBliss"
"God Eater","12758","God Eater","15660","5820","25","2","30","0","0","2.69","God Eater"
"Cadash","12759","Cadash","15660","3420","46","1","11","0","0","4.58","Cadash"
"Realmz","12760","Realmz","15660","5820","26","1","5","0","0","2.69","Realmz"
"Pixel Puzzles 2: Anime","12761","Pixel Puzzles 2: Anime","15660","6720","12","2","22","0","0","2.33","Pixel Puzzles 2: Anime"
"Monster Jam: Crush It!","12762","Monster Jam: Crush It!","15660","3780","52","2","65","0","0","4.14","Monster Jam: Crush It!"
"One Piece Treasure Battle","12763","One Piece Treasure Battle","15660","300","139","1","3","0","0","52.2","One Piece Treasure Battle"
"Atlas","12764","Atlas","15660","5880","49","1","30","0","0","2.66","Atlas"
"miniLAW : Ministry of Law","12765","miniLAW : Ministry of Law","15600","1440","28","1","10","0","0","10.83","miniLAW : Ministry of Law"
"Professional Farmer 2017","12766","Professional Farmer 2017","15600","7020","39","2","28","0","0","2.22","Professional Farmer 2017"
"Xenonauts 2","12767","Xenonauts 2","15600","1140","144","1","6","0","0","13.68","Xenonauts 2"
"Hollowed","12768","Hollowed","15600","2820","89","3","13","0","0","5.53","Hollowed"
"The House of the Dead","12769","The House of the Dead","15600","7080","14","2","27","0","0","2.2","The House of the Dead"
"Adventures of Rad Gravity","12770","Adventures of Rad Gravity","15600","840","141","2","5","0","0","18.57","Adventures of Rad Gravity"
"Worms 4: Mayhem","12771","Worms 4: Mayhem","15600","6960","21","1","30","0","0","2.24","Worms 4: Mayhem"
"Pocketbike Racer","12772","Pocketbike Racer","15600","1080","125","1","4","0","0","14.44","Pocketbike Racer"
"Midnight Club 3: DUB Edition","12773","Midnight Club 3: DUB Edition","15600","6720","25","2","39","0","0","2.32","Midnight Club 3: DUB Edition"
"Tales From Space: Mutant Blobs Attack","12774","Tales From Space: Mutant Blobs Attack","15540","4380","35","1","18","0","0","3.55","Tales From Space: Mutant Blobs Attack"
"The Lord of the Rings: Conquest","12775","The Lord of the Rings: Conquest","15540","8040","37","2","34","0","0","1.93","The Lord of the Rings: Conquest"
"Cyberbots: Fullmetal Madness","12776","Cyberbots: Fullmetal Madness","15540","2760","47","1","12","0","0","5.63","Cyberbots: Fullmetal Madness"
"Osmos","12777","Osmos","15540","5520","19","2","33","0","0","2.82","Osmos"
"Firo & Klawd","12778","Firo & Klawd","15540","360","75","1","3","0","0","43.17","Firo & Klawd"
"Chickens","12779","Chickens","15540","1320","111","1","3","0","0","11.77","Chickens"
"Super Troll Islands","12780","Super Troll Islands","15540","180","254","1","3","0","0","86.33","Super Troll Islands"
"Hidden Object Bundle 5 in 1","12781","Hidden Object Bundle 5 in 1","15540","4860","11","1","9","0","0","3.2","Hidden Object Bundle 5 in 1"
"Boggy '84","12782","Boggy '84","15540","4440","15","1","3","0","0","3.5","Boggy '84"
"Killers and Thieves","12783","Killers and Thieves","15540","3900","13","1","15","0","0","3.98","Killers and Thieves"
"Death Knights of Krynn","12784","Death Knights of Krynn","15540","2220","21","1","1","0","0","7","Death Knights of Krynn"
"Goemon: New Age Shutsudou!","12785","Goemon: New Age Shutsudou!","15540","1140","40","4","5","0","0","13.63","Goemon: New Age Shutsudou!"
"Even the Ocean","12786","Even the Ocean","15540","3900","19","2","12","0","0","3.98","Even the Ocean"
"Medieval Games","12787","Medieval Games","15540","720","254","1","5","0","0","21.58","Medieval Games"
"Mixed-Up Fairy Tales","12788","Mixed-Up Fairy Tales","15480","2520","86","1","2","0","0","6.14","Mixed-Up Fairy Tales"
"IS Defense","12789","IS Defense","15480","4260","75","1","21","0","0","3.63","IS Defense"
"Cupid","12790","Cupid","15480","7380","26","2","25","0","0","2.1","Cupid"
"Hurrican","12791","Hurrican","15480","900","81","1","3","0","0","17.2","Hurrican"
"Rance 5D: Hitoribocchi no Onnanoko","12792","Rance 5D: Hitoribocchi no Onnanoko","15480","4440","15","1","5","0","0","3.49","Rance 5D: Hitoribocchi no Onnanoko"
"Space Jammers","12793","Space Jammers","15480","1680","45","1","11","0","0","9.21","Space Jammers"
"Pokémon Play It!","12794","Pokémon Play It!","15480","6420","11","2","29","0","0","2.41","Pokémon Play It!"
"Dream Machine: The Game","12795","Dream Machine: The Game","15480","3720","16","1","14","0","0","4.16","Dream Machine: The Game"
"Darza's Dominion","12796","Darza's Dominion","15480","4620","28","1","9","0","0","3.35","Darza's Dominion"
"Access Denied","12797","Access Denied","15480","900","55","1","5","0","0","17.2","Access Denied"
"Well of Souls","12798","Well of Souls","15480","1980","55","2","8","0","0","7.82","Well of Souls"
"Lost Lands: Dark Overlord","12799","Lost Lands: Dark Overlord","15480","2820","28","1","9","0","0","5.49","Lost Lands: Dark Overlord"
"Boom Ball For Kinect","12800","Boom Ball For Kinect","15480","480","74","1","2","0","0","32.25","Boom Ball For Kinect"