"","","Game","Watch time","Stream time","Peak viewers","Peak channels","Streamers","Average viewers","Average channels","Average viewer ratio",""
"The Golf Club","3201","The Golf Club","1035180","357960","201","17","552","1","0","2.89","The Golf Club"
"Power Stone 2","3202","Power Stone 2","1034760","25020","5933","2","49","1","0","41.36","Power Stone 2"
"Bee Movie Game","3203","Bee Movie Game","1032540","10260","3570","2","45","1","0","100.64","Bee Movie Game"
"Virtua Fighter Remix","3204","Virtua Fighter Remix","1031220","360","6072","1","2","1","0","2864.5","Virtua Fighter Remix"
"Bloody Boobs","3205","Bloody Boobs","1031220","16440","7056","4","131","1","0","62.73","Bloody Boobs"
"Crusader of Centy","3206","Crusader of Centy","1030920","24960","10297","7","53","1","0","41.3","Crusader of Centy"
"Super Robot Taisen OG: The Moon Dwellers","3207","Super Robot Taisen OG: The Moon Dwellers","1030620","120720","227","3","85","1","0","8.54","Super Robot Taisen OG: The Moon Dwellers"
"Ghostbusters: The Video Game","3208","Ghostbusters: The Video Game","1030140","77280","1516","8","260","1","0","13.33","Ghostbusters: The Video Game"
"Bad Milk","3209","Bad Milk","1027980","600","5872","1","4","1","0","1713.3","Bad Milk"
"Unreal","3210","Unreal","1026660","116220","1201","3","240","1","0","8.83","Unreal"
"Princess Evangile","3211","Princess Evangile","1026300","7680","963","2","10","1","0","133.63","Princess Evangile"
"Supraball","3212","Supraball","1026000","49200","6368","5","193","1","0","20.85","Supraball"
"Power Stone","3213","Power Stone","1024980","13200","6129","2","44","1","0","77.65","Power Stone"
"City of Brass","3214","City of Brass","1024740","16800","8596","3","91","1","0","61","City of Brass"
"The Dwarves","3215","The Dwarves","1024440","66300","1180","4","222","1","0","15.45","The Dwarves"
"Screencheat","3216","Screencheat","1023120","49620","6397","6","366","1","0","20.62","Screencheat"
"Star Wars: Empire at War","3217","Star Wars: Empire at War","1022820","113400","2090","7","454","1","0","9.02","Star Wars: Empire at War"
"Card Games","3218","Card Games","1022520","82680","981","4","263","1","0","12.37","Card Games"
"Shining Force CD","3219","Shining Force CD","1022340","33300","1130","3","25","1","0","30.7","Shining Force CD"
"Goodbye Deponia","3220","Goodbye Deponia","1021800","76860","390","4","106","1","0","13.29","Goodbye Deponia"
"Tharsis","3221","Tharsis","1021260","45540","764","2","198","1","0","22.43","Tharsis"
"Sniper Elite: Nazi Zombie Army 2","3222","Sniper Elite: Nazi Zombie Army 2","1021020","50340","4098","3","291","1","0","20.28","Sniper Elite: Nazi Zombie Army 2"
"Knack","3223","Knack","1020960","295320","899","7","1058","1","0","3.46","Knack"
"The Sims 2: Pets","3224","The Sims 2: Pets","1020180","94380","2679","3","273","1","0","10.81","The Sims 2: Pets"
"Press Your Luck","3225","Press Your Luck","1020180","9360","691","1","13","1","0","108.99","Press Your Luck"
"Xenosaga: Episode I - Der Wille zur Macht","3226","Xenosaga: Episode I - Der Wille zur Macht","1018620","122640","221","3","125","1","0","8.31","Xenosaga: Episode I - Der Wille zur Macht"
"Dungeon Crawl Stone Soup","3227","Dungeon Crawl Stone Soup","1018620","120000","1526","4","189","1","0","8.49","Dungeon Crawl Stone Soup"
"Crusader: No Remorse","3228","Crusader: No Remorse","1017840","7260","1821","1","14","1","0","140.2","Crusader: No Remorse"
"Wario Land: Super Mario Land 3","3229","Wario Land: Super Mario Land 3","1015080","33360","604","2","104","1","0","30.43","Wario Land: Super Mario Land 3"
"Rick Dangerous","3230","Rick Dangerous","1012740","3540","16589","2","11","1","0","286.08","Rick Dangerous"
"Stuff and Nonsense","3231","Stuff and Nonsense","1012560","288000","5695","5","367","1","0","3.52","Stuff and Nonsense"
"Star Wars: Republic Commando","3232","Star Wars: Republic Commando","1011000","186300","2197","14","715","1","0","5.43","Star Wars: Republic Commando"
"Hidden in Plain Sight","3233","Hidden in Plain Sight","1008900","4620","3534","2","25","1","0","218.38","Hidden in Plain Sight"
"Mr. Gimmick","3234","Mr. Gimmick","1008840","29880","6218","3","55","1","0","33.76","Mr. Gimmick"
"SpongeBob's Surf & Skate Roadtrip","3235","SpongeBob's Surf & Skate Roadtrip","1008480","300","11459","3","2","1","0","3361.6","SpongeBob's Surf & Skate Roadtrip"
"Troll and I","3236","Troll and I","1008180","11340","3196","4","76","1","0","88.9","Troll and I"
"Death Skid Marks","3237","Death Skid Marks","1007460","17280","7923","2","58","1","0","58.3","Death Skid Marks"
"Ultimate General: Civil War","3238","Ultimate General: Civil War","1007220","123540","474","4","235","1","0","8.15","Ultimate General: Civil War"
"Orwell","3239","Orwell","1006680","131580","832","6","573","1","0","7.65","Orwell"
"Final Fight: Streetwise","3240","Final Fight: Streetwise","1006440","2580","6729","1","8","1","0","390.09","Final Fight: Streetwise"
"Soda Dungeon","3241","Soda Dungeon","1006320","251160","735","8","580","1","0","4.01","Soda Dungeon"
"Sweet Home","3242","Sweet Home","1005540","40860","6469","4","74","1","0","24.61","Sweet Home"
"Human Resource Machine","3243","Human Resource Machine","1005000","73680","1503","3","290","1","0","13.64","Human Resource Machine"
"PokéPark 2: Wonders Beyond","3244","PokéPark 2: Wonders Beyond","1003800","14160","15524","2","23","1","0","70.89","PokéPark 2: Wonders Beyond"
"Mr. Bones","3245","Mr. Bones","1003020","1620","7553","2","11","1","0","619.15","Mr. Bones"
"Pachinko!","3246","Pachinko!","1001580","4140","484","1","5","1","0","241.93","Pachinko!"
"Clive Barker's Undying","3247","Clive Barker's Undying","1001100","41340","2009","2","93","1","0","24.22","Clive Barker's Undying"
"Akiba's Trip: Undead & Undressed","3248","Akiba's Trip: Undead & Undressed","999540","163920","536","4","824","1","0","6.1","Akiba's Trip: Undead & Undressed"
"Beavis and Butt-head","3249","Beavis and Butt-head","999180","11880","6444","3","52","1","0","84.11","Beavis and Butt-head"
"The Legend of Heroes: Trails of Cold Steel II","3250","The Legend of Heroes: Trails of Cold Steel II","998700","188760","131","5","81","1","0","5.29","The Legend of Heroes: Trails of Cold Steel II"
"The Cave","3251","The Cave","998220","147780","2525","12","752","1","0","6.75","The Cave"
"Super Mario Bros. / Duck Hunt","3252","Super Mario Bros. / Duck Hunt","995100","21720","1084","3","66","1","0","45.81","Super Mario Bros. / Duck Hunt"
"Hannah Montana: Music Jam","3253","Hannah Montana: Music Jam","995100","960","8457","1","3","1","0","1036.56","Hannah Montana: Music Jam"
"Mega Man X7","3254","Mega Man X7","995040","37140","976","2","85","1","0","26.79","Mega Man X7"
"Niffelheim","3255","Niffelheim","995040","22440","2980","2","59","1","0","44.34","Niffelheim"
"Indivisible","3256","Indivisible","994560","32040","1012","8","123","1","0","31.04","Indivisible"
"Cooking Mama","3257","Cooking Mama","994440","13380","1633","2","78","1","0","74.32","Cooking Mama"
"Regalia: Of Men and Monarchs","3258","Regalia: Of Men and Monarchs","994080","34380","2146","5","94","1","0","28.91","Regalia: Of Men and Monarchs"
"Team Racing League","3259","Team Racing League","993720","6300","15161","3","29","1","0","157.73","Team Racing League"
"TRAIN SIMULATOR 2018","3260","TRAIN SIMULATOR 2018","993600","52020","1473","6","47","1","0","19.1","TRAIN SIMULATOR 2018"
"Zombies Ate My Neighbors","3261","Zombies Ate My Neighbors","993600","54660","2041","6","309","1","0","18.18","Zombies Ate My Neighbors"
"Commandos 2: Men of Courage","3262","Commandos 2: Men of Courage","993000","32160","6685","3","78","1","0","30.88","Commandos 2: Men of Courage"
"Wario World","3263","Wario World","992820","62760","1659","3","159","1","0","15.82","Wario World"
"American McGee's Alice","3264","American McGee's Alice","992580","68160","860","3","167","1","0","14.56","American McGee's Alice"
"Star Wars: Galaxies - An Empire Divided","3265","Star Wars: Galaxies - An Empire Divided","991980","237600","445","5","264","1","0","4.18","Star Wars: Galaxies - An Empire Divided"
"Lunar: Silver Star Story Complete","3266","Lunar: Silver Star Story Complete","991860","117660","592","4","110","1","0","8.43","Lunar: Silver Star Story Complete"
"Gray Matter","3267","Gray Matter","991260","17820","1202","2","28","1","0","55.63","Gray Matter"
"Tavern Tycoon","3268","Tavern Tycoon","990840","21660","1501","4","95","1","0","45.75","Tavern Tycoon"
"Please Knock on My Door","3269","Please Knock on My Door","989820","1680","4145","2","0","1","0","589.18","Please Knock on My Door"
"Capcom Fighting Evolution","3270","Capcom Fighting Evolution","988320","1320","7425","1","9","1","0","748.73","Capcom Fighting Evolution"
"Age of Empires Online","3271","Age of Empires Online","987720","134700","319","4","145","1","0","7.33","Age of Empires Online"
"Slot Machine","3272","Slot Machine","987420","16260","1679","2","33","1","0","60.73","Slot Machine"
"McPixel","3273","McPixel","987180","14100","8221","2","65","1","0","70.01","McPixel"
"Figureheads","3274","Figureheads","986580","82140","810","3","140","1","0","12.01","Figureheads"
"The Beast Within: A Gabriel Knight Mystery","3275","The Beast Within: A Gabriel Knight Mystery","985740","41040","563","3","52","1","0","24.02","The Beast Within: A Gabriel Knight Mystery"
"LogicBots","3276","LogicBots","985440","3720","3416","2","12","1","0","264.9","LogicBots"
"Gunpoint","3277","Gunpoint","985260","52020","11308","3","225","1","0","18.94","Gunpoint"
"Geometry Wars 3: Dimensions","3278","Geometry Wars 3: Dimensions","984660","61080","6593","3","386","1","0","16.12","Geometry Wars 3: Dimensions"
"Battletoads & Double Dragon: The Ultimate Team","3279","Battletoads & Double Dragon: The Ultimate Team","982200","37500","801","2","167","1","0","26.19","Battletoads & Double Dragon: The Ultimate Team"
"Scrabble","3280","Scrabble","981960","41580","1621","3","116","1","0","23.62","Scrabble"
"Fate","3281","Fate","981120","62580","3617","3","189","1","0","15.68","Fate"
"Rock -n- Rogue: A Boo Bunny Plague Adventure","3282","Rock -n- Rogue: A Boo Bunny Plague Adventure","980940","1260","8170","3","10","1","0","778.52","Rock -n- Rogue: A Boo Bunny Plague Adventure"
"Drakengard 3","3283","Drakengard 3","979980","94320","499","4","103","1","0","10.39","Drakengard 3"
"Millionaire","3284","Millionaire","979680","2220","7474","1","7","1","0","441.3","Millionaire"
"CASE: Animatronics","3285","CASE: Animatronics","979560","50820","1339","3","295","1","0","19.28","CASE: Animatronics"
"Rez Infinite","3286","Rez Infinite","979380","84420","31721","7","455","1","0","11.6","Rez Infinite"
"Advance Wars 2: Black Hole Rising","3287","Advance Wars 2: Black Hole Rising","979380","45840","738","2","67","1","0","21.37","Advance Wars 2: Black Hole Rising"
"NFL Football","3288","NFL Football","978900","5400","15020","3","22","1","0","181.28","NFL Football"
"Dance Central: Spotlight","3289","Dance Central: Spotlight","978900","6780","1931","1","26","1","0","144.38","Dance Central: Spotlight"
"Leisure Suit Larry: Love for Sail!","3290","Leisure Suit Larry: Love for Sail!","978840","10200","3118","2","30","1","0","95.96","Leisure Suit Larry: Love for Sail!"
"Production Line","3291","Production Line","977400","52560","2249","5","164","1","0","18.6","Production Line"
"Bomberman Hero","3292","Bomberman Hero","974220","52200","1873","3","117","1","0","18.66","Bomberman Hero"
"Action 52","3293","Action 52","973860","23940","1976","3","52","1","0","40.68","Action 52"
"Fighting Vipers","3294","Fighting Vipers","973740","2520","5624","1","13","1","0","386.4","Fighting Vipers"
"Take On Mars","3295","Take On Mars","971460","73620","1729","5","171","1","0","13.2","Take On Mars"
"Pac-Man 256","3296","Pac-Man 256","971280","66480","3709","4","247","1","0","14.61","Pac-Man 256"
"Battle Girl High School","3297","Battle Girl High School","971220","83820","848","6","98","1","0","11.59","Battle Girl High School"
"Trespasser: Jurassic Park","3298","Trespasser: Jurassic Park","970500","11760","2690","1","23","1","0","82.53","Trespasser: Jurassic Park"
"The Guild 3","3299","The Guild 3","969180","68460","2636","52","221","1","0","14.16","The Guild 3"
"Kingdom Rush","3300","Kingdom Rush","968100","63300","2050","3","166","1","0","15.29","Kingdom Rush"