"","","Game","Watch time","Stream time","Peak viewers","Peak channels","Streamers","Average viewers","Average channels","Average viewer ratio",""
"Battle of the Immortals","5201","Battle of the Immortals","314460","2880","674","1","17","0","0","109.19","Battle of the Immortals"
"The Sims Medieval","5202","The Sims Medieval","314340","20940","364","2","86","0","0","15.01","The Sims Medieval"
"Bebe's Kids","5203","Bebe's Kids","314340","7560","1321","3","19","0","0","41.58","Bebe's Kids"
"I Am Alive","5204","I Am Alive","314160","58980","245","4","229","0","0","5.33","I Am Alive"
"Basketball","5205","Basketball","314100","22500","1590","2","46","0","0","13.96","Basketball"
"Snowboard Kids","5206","Snowboard Kids","314040","22680","306","2","78","0","0","13.85","Snowboard Kids"
"Monster High: New Ghoul in School","5207","Monster High: New Ghoul in School","314040","9000","2441","1","17","0","0","34.89","Monster High: New Ghoul in School"
"Commander Blood","5208","Commander Blood","313920","540","1585","1","2","0","0","581.33","Commander Blood"
"Mysteryville","5209","Mysteryville","313680","1560","1029","1","9","0","0","201.08","Mysteryville"
"Superbeat: Xonic","5210","Superbeat: Xonic","313440","80160","177","8","242","0","0","3.91","Superbeat: Xonic"
"Harry Potter: Spells","5211","Harry Potter: Spells","313380","2220","2953","1","12","0","0","141.16","Harry Potter: Spells"
"Star Wars: X-Wing","5212","Star Wars: X-Wing","313200","45240","153","4","71","0","0","6.92","Star Wars: X-Wing"
"Guilty Gear X","5213","Guilty Gear X","313080","3780","5272","1","13","0","0","82.83","Guilty Gear X"
"Monster of the Deep: Final Fantasy XV","5214","Monster of the Deep: Final Fantasy XV","313080","25860","902","7","96","0","0","12.11","Monster of the Deep: Final Fantasy XV"
"China: The Forbidden City","5215","China: The Forbidden City","312900","1800","682","1","3","0","0","173.83","China: The Forbidden City"
"Dandelion: Wishes Brought to You","5216","Dandelion: Wishes Brought to You","312900","23100","954","2","55","0","0","13.55","Dandelion: Wishes Brought to You"
"Ken Griffey Jr Presents Major League Baseball","5217","Ken Griffey Jr Presents Major League Baseball","312900","9060","1880","1","21","0","0","34.54","Ken Griffey Jr Presents Major League Baseball"
"The Sims 2: Seasons","5218","The Sims 2: Seasons","312780","480","2322","1","3","0","0","651.63","The Sims 2: Seasons"
"Where's Waldo?","5219","Where's Waldo?","312780","17100","1432","3","25","0","0","18.29","Where's Waldo?"
"Quest for Glory I: So You Want To Be A Hero","5220","Quest for Glory I: So You Want To Be A Hero","312720","18360","1822","2","37","0","0","17.03","Quest for Glory I: So You Want To Be A Hero"
"Shelter 2","5221","Shelter 2","312240","41580","1059","3","253","0","0","7.51","Shelter 2"
"Shatterhand","5222","Shatterhand","312180","7800","1333","1","38","0","0","40.02","Shatterhand"
"The Butterfly Sign","5223","The Butterfly Sign","312000","8160","933","2","46","0","0","38.24","The Butterfly Sign"
"Battle Lode Runner","5224","Battle Lode Runner","311580","540","751","1","1","0","0","577","Battle Lode Runner"
"Bonk's Adventure","5225","Bonk's Adventure","311460","8880","1618","2","32","0","0","35.07","Bonk's Adventure"
"Vampire: The Masquerade - Redemption","5226","Vampire: The Masquerade - Redemption","311280","44640","584","2","74","0","0","6.97","Vampire: The Masquerade - Redemption"
"Panzar: Forged By Chaos","5227","Panzar: Forged By Chaos","311100","446940","1093","7","264","0","0","0.7","Panzar: Forged By Chaos"
"DeadCore","5228","DeadCore","310980","48900","356","4","218","0","0","6.36","DeadCore"
"Avatar: The Last Airbender","5229","Avatar: The Last Airbender","310860","10500","417","2","31","0","0","29.61","Avatar: The Last Airbender"
"Nancy Drew: Curse of Blackmoor Manor","5230","Nancy Drew: Curse of Blackmoor Manor","310860","15000","296","2","33","0","0","20.72","Nancy Drew: Curse of Blackmoor Manor"
"sZone-Online","5231","sZone-Online","310680","39960","1410","4","79","0","0","7.77","sZone-Online"
"Castlevania: Curse of Darkness","5232","Castlevania: Curse of Darkness","310500","91140","86","3","125","0","0","3.41","Castlevania: Curse of Darkness"
"Rayman Forever","5233","Rayman Forever","310440","6240","915","1","16","0","0","49.75","Rayman Forever"
"Ultimate Spider-Man","5234","Ultimate Spider-Man","310380","34980","254","3","149","0","0","8.87","Ultimate Spider-Man"
"Star Trek: Starfleet Academy","5235","Star Trek: Starfleet Academy","309900","1620","1727","2","9","0","0","191.3","Star Trek: Starfleet Academy"
"Farm for your Life","5236","Farm for your Life","309360","8400","1403","2","39","0","0","36.83","Farm for your Life"
"Sex Olympics","5237","Sex Olympics","309180","3540","1475","2","4","0","0","87.34","Sex Olympics"
"Sonic Advance 3","5238","Sonic Advance 3","309180","26280","398","2","66","0","0","11.76","Sonic Advance 3"
"Magic Knight Rayearth","5239","Magic Knight Rayearth","309180","14580","1616","2","25","0","0","21.21","Magic Knight Rayearth"
"Carmen Sandiego Word Detective","5240","Carmen Sandiego Word Detective","309060","240","1360","1","1","0","0","1287.75","Carmen Sandiego Word Detective"
"Burly Men at Sea","5241","Burly Men at Sea","308880","5760","2443","2","37","0","0","53.63","Burly Men at Sea"
"LEGO Batman: The Videogame","5242","LEGO Batman: The Videogame","308580","121620","162","4","369","0","0","2.54","LEGO Batman: The Videogame"
"Beyond the Beyond","5243","Beyond the Beyond","307920","13080","280","2","12","0","0","23.54","Beyond the Beyond"
"VOI","5244","VOI","307920","1980","2270","1","11","0","0","155.52","VOI"
"Desire","5245","Desire","307920","4800","961","1","17","0","0","64.15","Desire"
"Learn Japanese To Survive: Hiragana Battle","5246","Learn Japanese To Survive: Hiragana Battle","307920","32700","533","2","156","0","0","9.42","Learn Japanese To Survive: Hiragana Battle"
"Magicite","5247","Magicite","307320","81720","1059","3","389","0","0","3.76","Magicite"
"Naruto Mobile","5248","Naruto Mobile","307260","19380","152","3","28","0","0","15.85","Naruto Mobile"
"Notruf 112 – Die Feuerwehr Simulation","5249","Notruf 112 – Die Feuerwehr Simulation","307140","41460","313","3","172","0","0","7.41","Notruf 112 – Die Feuerwehr Simulation"
"de Blob","5250","de Blob","307140","21480","1486","2","91","0","0","14.3","de Blob"
"Day One: Garry's Incident","5251","Day One: Garry's Incident","307140","3960","2664","2","29","0","0","77.56","Day One: Garry's Incident"
"Flight of the Amazon Queen","5252","Flight of the Amazon Queen","306900","4080","380","1","9","0","0","75.22","Flight of the Amazon Queen"
"Star Ocean: First Departure","5253","Star Ocean: First Departure","306540","37560","454","2","42","0","0","8.16","Star Ocean: First Departure"
"Wonder Boy III: The Dragon's Trap","5254","Wonder Boy III: The Dragon's Trap","306420","29700","332","3","57","0","0","10.32","Wonder Boy III: The Dragon's Trap"
"Ve stínu havrana","5255","Ve stínu havrana","306420","3300","1176","1","11","0","0","92.85","Ve stínu havrana"
"Kirara Fantasia","5256","Kirara Fantasia","306180","29400","267","13","0","0","0","10.41","Kirara Fantasia"
"Robinson: The Journey","5257","Robinson: The Journey","305940","76440","468","4","393","0","0","4","Robinson: The Journey"
"Dragonica","5258","Dragonica","305460","53520","212","5","118","0","0","5.71","Dragonica"
"Empire Earth II","5259","Empire Earth II","305340","6240","1977","3","32","0","0","48.93","Empire Earth II"
"Lance A Lot","5260","Lance A Lot","304800","1260","1874","1","9","0","0","241.9","Lance A Lot"
"Sky Force Anniversary","5261","Sky Force Anniversary","304200","206040","90","14","1009","0","0","1.48","Sky Force Anniversary"
"Golden Axe","5262","Golden Axe","304200","33300","986","4","196","0","0","9.14","Golden Axe"
"Yu-Gi-Oh! GX: The Beginning of Destiny","5263","Yu-Gi-Oh! GX: The Beginning of Destiny","304080","21180","84","2","24","0","0","14.36","Yu-Gi-Oh! GX: The Beginning of Destiny"
"Flintstones","5264","Flintstones","303900","3180","643","1","18","0","0","95.57","Flintstones"
"Zombie Revenge","5265","Zombie Revenge","303660","4440","4787","1","22","0","0","68.39","Zombie Revenge"
"Theatrhythm Final Fantasy: Curtain Call","5266","Theatrhythm Final Fantasy: Curtain Call","303420","12240","620","2","45","0","0","24.79","Theatrhythm Final Fantasy: Curtain Call"
"Dynamite Cop!","5267","Dynamite Cop!","303120","6900","4220","1","20","0","0","43.93","Dynamite Cop!"
"Big Buck HD","5268","Big Buck HD","303060","14040","795","1","5","0","0","21.59","Big Buck HD"
"Elite Beat Agents","5269","Elite Beat Agents","302940","6660","986","2","25","0","0","45.49","Elite Beat Agents"
"The Little Acre","5270","The Little Acre","302760","24480","711","2","123","0","0","12.37","The Little Acre"
"World War II Online: Battleground Europe","5271","World War II Online: Battleground Europe","302340","84960","255","3","175","0","0","3.56","World War II Online: Battleground Europe"
"You Don't Know Jack","5272","You Don't Know Jack","301500","31620","1495","3","154","0","0","9.54","You Don't Know Jack"
"Cursed Mountain","5273","Cursed Mountain","301440","4020","1018","1","15","0","0","74.99","Cursed Mountain"
"King's Bounty: The Legend","5274","King's Bounty: The Legend","301380","88800","131","3","95","0","0","3.39","King's Bounty: The Legend"
"The Lord of the Rings: The Third Age","5275","The Lord of the Rings: The Third Age","301260","65880","521","3","100","0","0","4.57","The Lord of the Rings: The Third Age"
"Ninja Gaiden Sigma 2","5276","Ninja Gaiden Sigma 2","300960","26520","1779","2","51","0","0","11.35","Ninja Gaiden Sigma 2"
"Spooky Spirits","5277","Spooky Spirits","300720","1380","2201","1","9","0","0","217.91","Spooky Spirits"
"Commander Keen 6: Aliens Ate My Babysitter!","5278","Commander Keen 6: Aliens Ate My Babysitter!","300540","7200","1257","1","8","0","0","41.74","Commander Keen 6: Aliens Ate My Babysitter!"
"Gooch Grundy's X-Decathlon","5279","Gooch Grundy's X-Decathlon","300540","180","2158","1","1","0","0","1669.67","Gooch Grundy's X-Decathlon"
"Anticipation","5280","Anticipation","300480","4500","419","1","12","0","0","66.77","Anticipation"
"Quarantine","5281","Quarantine","300420","6360","988","3","45","0","0","47.24","Quarantine"
"Pepsi Man","5282","Pepsi Man","300360","14340","2227","2","78","0","0","20.95","Pepsi Man"
"Real Farm Sim","5283","Real Farm Sim","300180","7020","987","5","55","0","0","42.76","Real Farm Sim"
"Primal Carnage","5284","Primal Carnage","300120","24840","12676","3","131","0","0","12.08","Primal Carnage"
"Pure Hold'em","5285","Pure Hold'em","300060","45120","1412","3","149","0","0","6.65","Pure Hold'em"
"Out to Lunch","5286","Out to Lunch","300000","1800","1932","1","8","0","0","166.67","Out to Lunch"
"Lover Boy","5287","Lover Boy","300000","300","1794","1","2","0","0","1000","Lover Boy"
"Beatbuddy: Tale of the Guardians","5288","Beatbuddy: Tale of the Guardians","299760","15420","4163","2","62","0","0","19.44","Beatbuddy: Tale of the Guardians"
"Indiana Jones and the Emperor's Tomb","5289","Indiana Jones and the Emperor's Tomb","299640","22620","592","2","46","0","0","13.25","Indiana Jones and the Emperor's Tomb"
"Command & Conquer: Tiberian Sun","5290","Command & Conquer: Tiberian Sun","299280","58560","361","2","91","0","0","5.11","Command & Conquer: Tiberian Sun"
"Resistance 2","5291","Resistance 2","299280","37980","703","3","48","0","0","7.88","Resistance 2"
"Ratz Instagib","5292","Ratz Instagib","299100","52980","330","5","220","0","0","5.65","Ratz Instagib"
"Spellstone","5293","Spellstone","299040","12000","543","2","29","0","0","24.92","Spellstone"
"MagiCat","5294","MagiCat","298740","7440","1508","2","19","0","0","40.15","MagiCat"
"GRID Autosport","5295","GRID Autosport","298680","146100","132","5","592","0","0","2.04","GRID Autosport"
"Puzzle Agent 2","5296","Puzzle Agent 2","298260","46320","96","3","131","0","0","6.44","Puzzle Agent 2"
"Karnov's Revenge","5297","Karnov's Revenge","298080","10380","1630","2","40","0","0","28.72","Karnov's Revenge"
"Pool Nation FX","5298","Pool Nation FX","297960","58260","1517","3","325","0","0","5.11","Pool Nation FX"
"Riven: The Sequel to Myst","5299","Riven: The Sequel to Myst","297660","40260","97","2","78","0","0","7.39","Riven: The Sequel to Myst"
"Super Turrican","5300","Super Turrican","296880","8340","1957","2","25","0","0","35.6","Super Turrican"