"","","Game","Watch time","Stream time","Peak viewers","Peak channels","Streamers","Average viewers","Average channels","Average viewer ratio",""
"Sid Meier's Civilization Revolution","4701","Sid Meier's Civilization Revolution","405180","67320","81","5","132","0","0","6.02","Sid Meier's Civilization Revolution"
"Dawn of War II: Retribution – The Last Standalone","4702","Dawn of War II: Retribution – The Last Standalone","405060","77460","731","3","248","0","0","5.23","Dawn of War II: Retribution – The Last Standalone"
"Digimon World 2","4703","Digimon World 2","404820","62940","60","2","72","0","0","6.43","Digimon World 2"
"ZombiU","4704","ZombiU","404580","49740","589","3","143","0","0","8.13","ZombiU"
"Monster Party","4705","Monster Party","404400","8640","1678","7","64","0","0","46.81","Monster Party"
"Cold Fear","4706","Cold Fear","404220","19380","1995","2","76","0","0","20.86","Cold Fear"
"Infinity Wars","4707","Infinity Wars","404100","101340","66","7","94","0","0","3.99","Infinity Wars"
"Chime Sharp","4708","Chime Sharp","403980","6240","6270","2","35","0","0","64.74","Chime Sharp"
"Transformers: Beast Wars Transmetals","4709","Transformers: Beast Wars Transmetals","403080","600","6698","1","4","0","0","671.8","Transformers: Beast Wars Transmetals"
"Grandia III","4710","Grandia III","403080","49200","493","3","41","0","0","8.19","Grandia III"
"You Have to Win the Game","4711","You Have to Win the Game","402480","30900","2152","6","140","0","0","13.03","You Have to Win the Game"
"War of Rights","4712","War of Rights","402480","16620","3098","3","66","0","0","24.22","War of Rights"
"Nitronic Rush","4713","Nitronic Rush","401940","29280","779","7","86","0","0","13.73","Nitronic Rush"
"Maldita Castilla","4714","Maldita Castilla","401700","45120","626","6","94","0","0","8.9","Maldita Castilla"
"PokéPark Wii: Pikachu's Adventure","4715","PokéPark Wii: Pikachu's Adventure","401280","20400","1032","3","38","0","0","19.67","PokéPark Wii: Pikachu's Adventure"
"Tetris 4D","4716","Tetris 4D","400860","1560","4671","1","4","0","0","256.96","Tetris 4D"
"We Wish You A Merry Christmas","4717","We Wish You A Merry Christmas","400680","2100","2851","2","2","0","0","190.8","We Wish You A Merry Christmas"
"Mighty Morphin Power Rangers: The Movie","4718","Mighty Morphin Power Rangers: The Movie","400560","23520","1497","2","120","0","0","17.03","Mighty Morphin Power Rangers: The Movie"
"Battle Arena Toshinden Remix","4719","Battle Arena Toshinden Remix","400500","780","6674","1","4","0","0","513.46","Battle Arena Toshinden Remix"
"The Black Watchmen","4720","The Black Watchmen","400260","47460","272","4","75","0","0","8.43","The Black Watchmen"
"Dreaming Sarah","4721","Dreaming Sarah","400200","11760","6146","2","39","0","0","34.03","Dreaming Sarah"
"Dynasty Feud","4722","Dynasty Feud","400200","3960","1012","3","20","0","0","101.06","Dynasty Feud"
"Wild Woody","4723","Wild Woody","400140","2580","1883","1","13","0","0","155.09","Wild Woody"
"Anvil of Dawn","4724","Anvil of Dawn","399660","14820","181","2","13","0","0","26.97","Anvil of Dawn"
"King's Bounty: Crossworlds","4725","King's Bounty: Crossworlds","399600","47520","132","2","30","0","0","8.41","King's Bounty: Crossworlds"
"Snow Bros. Nick & Tom","4726","Snow Bros. Nick & Tom","399480","39540","1636","2","55","0","0","10.1","Snow Bros. Nick & Tom"
"Rampage World Tour","4727","Rampage World Tour","399300","4740","6427","2","23","0","0","84.24","Rampage World Tour"
"Amnesia: Collection","4728","Amnesia: Collection","399300","65640","151","9","10857","0","0","6.08","Amnesia: Collection"
"Miasmata","4729","Miasmata","399240","13380","2459","3","55","0","0","29.84","Miasmata"
"Axelay","4730","Axelay","399180","7620","2341","1","34","0","0","52.39","Axelay"
"Stacking","4731","Stacking","399060","24660","546","2","95","0","0","16.18","Stacking"
"Old Time Hockey","4732","Old Time Hockey","398460","30060","790","4","128","0","0","13.26","Old Time Hockey"
"Advance Wars: Days of Ruin","4733","Advance Wars: Days of Ruin","398160","15600","1765","2","29","0","0","25.52","Advance Wars: Days of Ruin"
"Oscar","4734","Oscar","397980","1320","3921","4","7","0","0","301.5","Oscar"
"Bionic Commando Rearmed 2","4735","Bionic Commando Rearmed 2","397320","5400","273","2","12","0","0","73.58","Bionic Commando Rearmed 2"
"Rocket Knight Adventures","4736","Rocket Knight Adventures","397140","24840","952","10","112","0","0","15.99","Rocket Knight Adventures"
"Jelly Boy","4737","Jelly Boy","397080","540","6648","1","6","0","0","735.33","Jelly Boy"
"Omegalodon","4738","Omegalodon","395640","1200","2936","2","7","0","0","329.7","Omegalodon"
"Nosferatu","4739","Nosferatu","395640","5640","2366","2","21","0","0","70.15","Nosferatu"
"Home Improvisation","4740","Home Improvisation","395580","11280","1557","2","65","0","0","35.07","Home Improvisation"
"The Metronomicon","4741","The Metronomicon","395580","42540","452","5","151","0","0","9.3","The Metronomicon"
"The Price is Right 2010","4742","The Price is Right 2010","395460","600","2428","1","4","0","0","659.1","The Price is Right 2010"
"TaleSpin","4743","TaleSpin","395100","6900","2032","7","30","0","0","57.26","TaleSpin"
"Let Them Come","4744","Let Them Come","395100","19620","1288","3","73","0","0","20.14","Let Them Come"
"Challenge ProMode Arena","4745","Challenge ProMode Arena","394920","78000","91","4","44","0","0","5.06","Challenge ProMode Arena"
"Vessel","4746","Vessel","394920","10860","2036","1","30","0","0","36.36","Vessel"
"E.Y.E: Divine Cybermancy","4747","E.Y.E: Divine Cybermancy","394800","51540","2281","3","192","0","0","7.66","E.Y.E: Divine Cybermancy"
"The Bizarre Adventures of Woodruff and the Schnibble","4748","The Bizarre Adventures of Woodruff and the Schnibble","394800","3420","1749","1","6","0","0","115.44","The Bizarre Adventures of Woodruff and the Schnibble"
"Darkstalkers: The Night Warriors","4749","Darkstalkers: The Night Warriors","394200","4620","3878","2","22","0","0","85.32","Darkstalkers: The Night Warriors"
"Table Top Racing: World Tour","4750","Table Top Racing: World Tour","394080","96060","534","6","518","0","0","4.1","Table Top Racing: World Tour"
"Food Network: Cook or Be Cooked","4751","Food Network: Cook or Be Cooked","393960","12720","1150","2","57","0","0","30.97","Food Network: Cook or Be Cooked"
"Uniracers","4752","Uniracers","393780","13980","1664","5","41","0","0","28.17","Uniracers"
"Dick Tracy","4753","Dick Tracy","393180","3840","536","1","15","0","0","102.39","Dick Tracy"
"Pac-Man World 2","4754","Pac-Man World 2","393120","91440","120","5","115","0","0","4.3","Pac-Man World 2"
"Prison Break: The Conspiracy","4755","Prison Break: The Conspiracy","393060","7860","2397","2","26","0","0","50.01","Prison Break: The Conspiracy"
"Streets of Rage Remake","4756","Streets of Rage Remake","392820","44880","901","3","136","0","0","8.75","Streets of Rage Remake"
"The Lost Vikings","4757","The Lost Vikings","392400","47280","924","2","104","0","0","8.3","The Lost Vikings"
"Conker: Live & Reloaded","4758","Conker: Live & Reloaded","391380","20700","1400","2","43","0","0","18.91","Conker: Live & Reloaded"
"Nightmares from the Deep 2: The Siren's Call","4759","Nightmares from the Deep 2: The Siren's Call","390960","12720","751","2","54","0","0","30.74","Nightmares from the Deep 2: The Siren's Call"
"Atom Zombie Smasher","4760","Atom Zombie Smasher","390780","6180","2091","1","29","0","0","63.23","Atom Zombie Smasher"
"Thunder Force III","4761","Thunder Force III","390540","1440","4035","1","9","0","0","271.21","Thunder Force III"
"Project 5: Sightseer","4762","Project 5: Sightseer","390540","24660","695","3","0","0","0","15.84","Project 5: Sightseer"
"Streets of Fury","4763","Streets of Fury","390000","10500","1553","2","54","0","0","37.14","Streets of Fury"
"Sir, You Are Being Hunted","4764","Sir, You Are Being Hunted","390000","51780","1987","3","280","0","0","7.53","Sir, You Are Being Hunted"
"Deadly Towers","4765","Deadly Towers","389760","5520","805","3","14","0","0","70.61","Deadly Towers"
"Revelations: Persona","4766","Revelations: Persona","389640","77580","134","4","104","0","0","5.02","Revelations: Persona"
"Digger HD","4767","Digger HD","389520","2820","1072","1","16","0","0","138.13","Digger HD"
"Veil of Crows","4768","Veil of Crows","389220","4800","4537","2","25","0","0","81.09","Veil of Crows"
"Decksplash","4769","Decksplash","389160","36000","1953","22","267","0","0","10.81","Decksplash"
"Jazz Jackrabbit 2: The Secret Files","4770","Jazz Jackrabbit 2: The Secret Files","389100","3720","3257","2","14","0","0","104.6","Jazz Jackrabbit 2: The Secret Files"
"Adventure Time: Finn and Jake Investigations","4771","Adventure Time: Finn and Jake Investigations","388740","59940","4821","3","246","0","0","6.49","Adventure Time: Finn and Jake Investigations"
"Attack on Titan 2: Future Coordinates","4772","Attack on Titan 2: Future Coordinates","388740","240","3675","1","3","0","0","1619.75","Attack on Titan 2: Future Coordinates"
"Ryu ga Gotoku Ishin!","4773","Ryu ga Gotoku Ishin!","388560","55020","103","2","48","0","0","7.06","Ryu ga Gotoku Ishin!"
"Montaro","4774","Montaro","388440","50640","488","4","364","0","0","7.67","Montaro"
"Sonic the Hedgehog Chaos","4775","Sonic the Hedgehog Chaos","388140","46620","610","3","45","0","0","8.33","Sonic the Hedgehog Chaos"
"Back to the Future: The Game - Episode 1: It's About Time","4776","Back to the Future: The Game - Episode 1: It's About Time","388020","53760","321","2","230","0","0","7.22","Back to the Future: The Game - Episode 1: It's About Time"
"Enigmatis: The Ghosts Of Maple Creek","4777","Enigmatis: The Ghosts Of Maple Creek","388020","41520","335","2","118","0","0","9.35","Enigmatis: The Ghosts Of Maple Creek"
"Rappelz","4778","Rappelz","387960","212820","373","5","154","0","0","1.82","Rappelz"
"Deception IV: Blood Ties","4779","Deception IV: Blood Ties","387900","4920","1180","1","11","0","0","78.84","Deception IV: Blood Ties"
"Mace: The Dark Age","4780","Mace: The Dark Age","387660","1860","6412","1","12","0","0","208.42","Mace: The Dark Age"
"Might and Magic: World of Xeen","4781","Might and Magic: World of Xeen","387600","9900","196","1","11","0","0","39.15","Might and Magic: World of Xeen"
"Another Lost Phone: Laura's Story","4782","Another Lost Phone: Laura's Story","387600","2520","1213","1","8","0","0","153.81","Another Lost Phone: Laura's Story"
"Winx Club","4783","Winx Club","387540","16980","1595","2","39","0","0","22.82","Winx Club"
"Beyond the Void","4784","Beyond the Void","387420","5940","1103","4","28","0","0","65.22","Beyond the Void"
"Unbox","4785","Unbox","387420","30960","1575","3","153","0","0","12.51","Unbox"
"Gloria Victis","4786","Gloria Victis","387060","94800","935","4","235","0","0","4.08","Gloria Victis"
"Seven: The Days Long Gone","4787","Seven: The Days Long Gone","386940","26520","1502","7","0","0","0","14.59","Seven: The Days Long Gone"
"Song of the Deep","4788","Song of the Deep","386580","99240","174","4","335","0","0","3.9","Song of the Deep"
"Yu-Gi-Oh! BAM","4789","Yu-Gi-Oh! BAM","386280","2580","6616","1","3","0","0","149.72","Yu-Gi-Oh! BAM"
"F1 2015","4790","F1 2015","385860","205860","856","7","924","0","0","1.87","F1 2015"
"Top Gear Overdrive","4791","Top Gear Overdrive","385740","720","6383","1","4","0","0","535.75","Top Gear Overdrive"
"Nagano Winter Olympics '98","4792","Nagano Winter Olympics '98","385620","1200","2448","1","5","0","0","321.35","Nagano Winter Olympics '98"
"Wrecking Crew","4793","Wrecking Crew","385500","61500","496","3","17","0","0","6.27","Wrecking Crew"
"rFactor","4794","rFactor","385320","132240","52","6","276","0","0","2.91","rFactor"
"The Room Tribute","4795","The Room Tribute","385140","6840","1150","2","27","0","0","56.31","The Room Tribute"
"WarRock","4796","WarRock","385080","187860","189","5","267","0","0","2.05","WarRock"
"Tearaway Unfolded","4797","Tearaway Unfolded","384780","61920","310","4","1125","0","0","6.21","Tearaway Unfolded"
"Mimic Arena","4798","Mimic Arena","384660","240","6407","1","1","0","0","1602.75","Mimic Arena"
"Rudra no Hihou","4799","Rudra no Hihou","383520","19500","1225","2","22","0","0","19.67","Rudra no Hihou"
"Sengoku Basara 4 Sumeragi","4800","Sengoku Basara 4 Sumeragi","383280","18000","151","2","30","0","0","21.29","Sengoku Basara 4 Sumeragi"