"","","Game","Watch time","Stream time","Peak viewers","Peak channels","Streamers","Average viewers","Average channels","Average viewer ratio",""
"Elite Lord of Alliance","12501","Elite Lord of Alliance","16860","12300","20","2","40","0","0","1.37","Elite Lord of Alliance"
"Japanese School Life","12502","Japanese School Life","16860","3660","21","2","11","0","0","4.61","Japanese School Life"
"Flat Kingdom","12503","Flat Kingdom","16860","2340","36","1","9","0","0","7.21","Flat Kingdom"
"Dragon Quest: Shounen Yangus to Fushigi no Dungeon","12504","Dragon Quest: Shounen Yangus to Fushigi no Dungeon","16860","12960","20","1","3","0","0","1.3","Dragon Quest: Shounen Yangus to Fushigi no Dungeon"
"Endless Online","12505","Endless Online","16860","7560","10","2","15","0","0","2.23","Endless Online"
"Strategic Command WWII: War in Europe","12506","Strategic Command WWII: War in Europe","16860","2160","53","1","4","0","0","7.81","Strategic Command WWII: War in Europe"
"Bellum.io","12507","Bellum.io","16800","4860","39","1","16","0","0","3.46","Bellum.io"
"Stick Ranger","12508","Stick Ranger","16800","7560","11","2","11","0","0","2.22","Stick Ranger"
"Daikaijuu Monogatari","12509","Daikaijuu Monogatari","16800","3840","11","1","1","0","0","4.38","Daikaijuu Monogatari"
"Totally Spies!","12510","Totally Spies!","16800","1440","63","3","6","0","0","11.67","Totally Spies!"
"Dovetail Games Flight School","12511","Dovetail Games Flight School","16800","3720","19","1","6","0","0","4.52","Dovetail Games Flight School"
"Sleeping Prince","12512","Sleeping Prince","16800","2640","160","1","6","0","0","6.36","Sleeping Prince"
"Tachyon Project","12513","Tachyon Project","16800","4620","48","2","13","0","0","3.64","Tachyon Project"
"Miracle Warriors: Seal of the Dark Lord","12514","Miracle Warriors: Seal of the Dark Lord","16800","11520","19","3","6","0","0","1.46","Miracle Warriors: Seal of the Dark Lord"
"Deus Ex: The Conspiracy","12515","Deus Ex: The Conspiracy","16800","2040","52","1","5","0","0","8.24","Deus Ex: The Conspiracy"
"Rolling Thunder 3","12516","Rolling Thunder 3","16800","780","81","1","3","0","0","21.54","Rolling Thunder 3"
"WWF In Your House","12517","WWF In Your House","16800","180","302","1","2","0","0","93.33","WWF In Your House"
"Firestriker","12518","Firestriker","16800","1740","29","1","8","0","0","9.66","Firestriker"
"Dead Rising 2: Case Zero","12519","Dead Rising 2: Case Zero","16800","5640","26","1","32","0","0","2.98","Dead Rising 2: Case Zero"
"World Zombination","12520","World Zombination","16800","2520","82","1","4","0","0","6.67","World Zombination"
"Spider-Man Unlimited","12521","Spider-Man Unlimited","16740","2940","27","2","13","0","0","5.69","Spider-Man Unlimited"
"VRC-PRO","12522","VRC-PRO","16740","11040","93","2","34","0","0","1.52","VRC-PRO"
"Hack","12523","Hack","16740","3480","102","2","22","0","0","4.81","Hack"
"Panic!","12524","Panic!","16740","5820","67","1","15","0","0","2.88","Panic!"
"Spectromancer","12525","Spectromancer","16740","1440","102","1","5","0","0","11.63","Spectromancer"
"Tetrisphere","12526","Tetrisphere","16740","5520","27","2","24","0","0","3.03","Tetrisphere"
"SimPark","12527","SimPark","16740","1500","60","1","5","0","0","11.16","SimPark"
"Mutant","12528","Mutant","16740","420","80","1","2","0","0","39.86","Mutant"
"Welkin Road","12529","Welkin Road","16740","1680","29","1","9","0","0","9.96","Welkin Road"
"Cooking Guide: Can't Decide What to Eat?","12530","Cooking Guide: Can't Decide What to Eat?","16740","3000","12","1","4","0","0","5.58","Cooking Guide: Can't Decide What to Eat?"
"Charlie the Unicorn Dating Simulator","12531","Charlie the Unicorn Dating Simulator","16740","360","183","1","3","0","0","46.5","Charlie the Unicorn Dating Simulator"
"Fun School 2: For the Over-8s","12532","Fun School 2: For the Over-8s","16740","1500","35","1","2","0","0","11.16","Fun School 2: For the Over-8s"
"EverQuest II: The Shadow Odyssey","12533","EverQuest II: The Shadow Odyssey","16740","2820","56","1","2","0","0","5.94","EverQuest II: The Shadow Odyssey"
"The Mask of Zorro","12534","The Mask of Zorro","16740","360","146","3","4","0","0","46.5","The Mask of Zorro"
"Wonder Boy Returns","12535","Wonder Boy Returns","16740","2760","63","1","22","0","0","6.07","Wonder Boy Returns"
"Ultima IX: Ascension","12536","Ultima IX: Ascension","16680","8580","10","2","14","0","0","1.94","Ultima IX: Ascension"
"Tic Tac Toe","12537","Tic Tac Toe","16680","4200","49","2","31","0","0","3.97","Tic Tac Toe"
"Captain Planet and the Planeteers","12538","Captain Planet and the Planeteers","16680","1140","85","1","8","0","0","14.63","Captain Planet and the Planeteers"
"Skylanders Giants","12539","Skylanders Giants","16680","8460","18","1","8","0","0","1.97","Skylanders Giants"
"Show do Milhão","12540","Show do Milhão","16680","1080","61","1","5","0","0","15.44","Show do Milhão"
"King's Bounty","12541","King's Bounty","16680","17220","10","2","32","0","0","0.97","King's Bounty"
"Aegis Wing","12542","Aegis Wing","16680","8700","87","2","42","0","0","1.92","Aegis Wing"
"Bloody Roar 3","12543","Bloody Roar 3","16620","7740","22","2","11","0","0","2.15","Bloody Roar 3"
"Syphon Filter 3","12544","Syphon Filter 3","16620","8760","14","1","23","0","0","1.9","Syphon Filter 3"
"Desert Golfing","12545","Desert Golfing","16620","1800","26","1","3","0","0","9.23","Desert Golfing"
"AR-K","12546","AR-K","16620","3300","21","1","12","0","0","5.04","AR-K"
"Labyrinth of Touhou 2","12547","Labyrinth of Touhou 2","16620","10680","10","1","18","0","0","1.56","Labyrinth of Touhou 2"
"Infinite Flight","12548","Infinite Flight","16620","16860","18","2","35","0","0","0.99","Infinite Flight"
"Codename: ICEMAN","12549","Codename: ICEMAN","16620","1260","96","1","2","0","0","13.19","Codename: ICEMAN"
"Deep Space: Operation Copernicus","12550","Deep Space: Operation Copernicus","16620","300","272","1","2","0","0","55.4","Deep Space: Operation Copernicus"
"Fun! Fun! Pingu","12551","Fun! Fun! Pingu","16560","240","336","1","2","0","0","69","Fun! Fun! Pingu"
"StarsOne","12552","StarsOne","16560","7500","15","2","16","0","0","2.21","StarsOne"
"Order & Chaos 2: Redemption","12553","Order & Chaos 2: Redemption","16560","3960","45","1","22","0","0","4.18","Order & Chaos 2: Redemption"
"BOOR","12554","BOOR","16560","1800","35","1","9","0","0","9.2","BOOR"
"Monster Rancher Explorer","12555","Monster Rancher Explorer","16560","420","116","1","2","0","0","39.43","Monster Rancher Explorer"
"Adiboo and the Energy Thieves","12556","Adiboo and the Energy Thieves","16560","3480","47","3","18","0","0","4.76","Adiboo and the Energy Thieves"
"Buffy the Vampire Slayer: Wrath of the Darkhul King","12557","Buffy the Vampire Slayer: Wrath of the Darkhul King","16560","120","146","2","2","0","0","138","Buffy the Vampire Slayer: Wrath of the Darkhul King"
"EvilQuest","12558","EvilQuest","16560","5640","23","1","8","0","0","2.94","EvilQuest"
"Warhammer: Dark Omen","12559","Warhammer: Dark Omen","16560","3900","28","1","7","0","0","4.25","Warhammer: Dark Omen"
"Mystery Of Time And Space","12560","Mystery Of Time And Space","16560","2040","31","2","7","0","0","8.12","Mystery Of Time And Space"
"Sudoku for Kids","12561","Sudoku for Kids","16560","3180","89","1","5","0","0","5.21","Sudoku for Kids"
"NBA Ballers","12562","NBA Ballers","16500","1620","84","1","7","0","0","10.19","NBA Ballers"
"Jackie Chan - The Kung-Fu Master","12563","Jackie Chan - The Kung-Fu Master","16500","1440","185","1","8","0","0","11.46","Jackie Chan - The Kung-Fu Master"
"S.T.A.L.K.E.R. 2","12564","S.T.A.L.K.E.R. 2","16500","8100","96","2","24","0","0","2.04","S.T.A.L.K.E.R. 2"
"Dragon Ball Z: Shin Budokai","12565","Dragon Ball Z: Shin Budokai","16500","7200","31","1","32","0","0","2.29","Dragon Ball Z: Shin Budokai"
"Batman: Vengeance","12566","Batman: Vengeance","16500","14940","13","3","58","0","0","1.1","Batman: Vengeance"
"Naruto Shippuden: Ultimate Ninja 4","12567","Naruto Shippuden: Ultimate Ninja 4","16500","7320","22","2","31","0","0","2.25","Naruto Shippuden: Ultimate Ninja 4"
"Alien Breed 3: Descent","12568","Alien Breed 3: Descent","16500","3000","46","1","7","0","0","5.5","Alien Breed 3: Descent"
"An Untitled Story","12569","An Untitled Story","16500","6000","21","4","16","0","0","2.75","An Untitled Story"
"Mobile Suit Gundam Side Stories","12570","Mobile Suit Gundam Side Stories","16500","1440","33","1","4","0","0","11.46","Mobile Suit Gundam Side Stories"
"Ground Control II: Operation Exodus","12571","Ground Control II: Operation Exodus","16500","3420","37","1","7","0","0","4.82","Ground Control II: Operation Exodus"
"Life of Pixel","12572","Life of Pixel","16500","3300","89","1","16","0","0","5","Life of Pixel"
"Cooking Mama: World Kitchen","12573","Cooking Mama: World Kitchen","16500","1980","59","1","11","0","0","8.33","Cooking Mama: World Kitchen"
"HyperZone","12574","HyperZone","16500","3660","27","2","10","0","0","4.51","HyperZone"
"J.J. & Jeff","12575","J.J. & Jeff","16500","420","257","1","3","0","0","39.29","J.J. & Jeff"
"Dragomon Hunter","12576","Dragomon Hunter","16500","9900","17","2","45","0","0","1.67","Dragomon Hunter"
"Patrician III","12577","Patrician III","16500","5340","21","1","17","0","0","3.09","Patrician III"
"Space 1889","12578","Space 1889","16500","420","83","1","3","0","0","39.29","Space 1889"
"Transformers: Forged to Fight","12579","Transformers: Forged to Fight","16500","6660","15","1","16","0","0","2.48","Transformers: Forged to Fight"
"Zombie Game","12580","Zombie Game","16500","4740","31","2","26","0","0","3.48","Zombie Game"
"Football Crazy Challenge","12581","Football Crazy Challenge","16500","60","275","1","0","0","0","275","Football Crazy Challenge"
"Touge Max 2","12582","Touge Max 2","16440","600","104","1","3","0","0","27.4","Touge Max 2"
"Carrier Deck","12583","Carrier Deck","16440","9120","27","2","35","0","0","1.8","Carrier Deck"
"Globetrotter 2","12584","Globetrotter 2","16440","420","91","1","2","0","0","39.14","Globetrotter 2"
"Dragon Ball Z: Shin Butoden","12585","Dragon Ball Z: Shin Butoden","16440","480","257","1","4","0","0","34.25","Dragon Ball Z: Shin Butoden"
"Future Wars","12586","Future Wars","16440","780","83","1","1","0","0","21.08","Future Wars"
"Mahjong Club","12587","Mahjong Club","16440","1440","34","1","1","0","0","11.42","Mahjong Club"
"Darkness Anomaly","12588","Darkness Anomaly","16440","960","63","1","6","0","0","17.13","Darkness Anomaly"
"Sakura Agent","12589","Sakura Agent","16440","5580","25","3","42","0","0","2.95","Sakura Agent"
"Operation Darkness","12590","Operation Darkness","16440","5580","76","1","7","0","0","2.95","Operation Darkness"
"Babysitting Mama","12591","Babysitting Mama","16440","900","85","1","6","0","0","18.27","Babysitting Mama"
"The Fancy Pants Adventures","12592","The Fancy Pants Adventures","16440","4980","56","2","14","0","0","3.3","The Fancy Pants Adventures"
"Run 8 Train Simulator","12593","Run 8 Train Simulator","16440","69240","15","2","14","0","0","0.24","Run 8 Train Simulator"
"Cooking Coach","12594","Cooking Coach","16440","2700","27","2","14","0","0","6.09","Cooking Coach"
"X-Kaliber 2097","12595","X-Kaliber 2097","16440","1620","246","1","6","0","0","10.15","X-Kaliber 2097"
"Lightening Force: Quest for the Darkstar","12596","Lightening Force: Quest for the Darkstar","16440","5520","61","1","19","0","0","2.98","Lightening Force: Quest for the Darkstar"
"Gun-Nac","12597","Gun-Nac","16380","3300","38","2","14","0","0","4.96","Gun-Nac"
"World of Subways 4 – New York Line 7","12598","World of Subways 4 – New York Line 7","16380","2700","90","1","16","0","0","6.07","World of Subways 4 – New York Line 7"
"Mystic Towers","12599","Mystic Towers","16380","840","77","1","3","0","0","19.5","Mystic Towers"
"Ketsui Death Label","12600","Ketsui Death Label","16380","3780","27","2","11","0","0","4.33","Ketsui Death Label"