"","","Game","Watch time","Stream time","Peak viewers","Peak channels","Streamers","Average viewers","Average channels","Average viewer ratio",""
"007: Licence to Kill","14001","007: Licence to Kill","10440","240","202","1","0","0","0","43.5","007: Licence to Kill"
"Enlightenment","14002","Enlightenment","10440","1020","112","2","12","0","0","10.24","Enlightenment"
"Age of Empires: The Age of Kings","14003","Age of Empires: The Age of Kings","10440","960","82","2","4","0","0","10.88","Age of Empires: The Age of Kings"
"Ibara","14004","Ibara","10440","6600","19","1","7","0","0","1.58","Ibara"
"Parallax","14005","Parallax","10440","3240","92","1","17","0","0","3.22","Parallax"
"Rakion","14006","Rakion","10440","5880","15","2","23","0","0","1.78","Rakion"
"Hidden & Dangerous 2","14007","Hidden & Dangerous 2","10440","9360","12","2","19","0","0","1.12","Hidden & Dangerous 2"
"Shadowgate 64: The Trials of the Four Towers","14008","Shadowgate 64: The Trials of the Four Towers","10440","2880","39","1","10","0","0","3.63","Shadowgate 64: The Trials of the Four Towers"
"FiNCK","14009","FiNCK","10440","3720","6","1","4","0","0","2.81","FiNCK"
"Shadow Dancer","14010","Shadow Dancer","10440","3180","53","1","7","0","0","3.28","Shadow Dancer"
"Zanac","14011","Zanac","10440","1260","44","1","5","0","0","8.29","Zanac"
"Burnout Legends","14012","Burnout Legends","10440","7020","9","1","12","0","0","1.49","Burnout Legends"
"The Chronicles of Narnia: The Lion, the Witch and the Wardrobe","14013","The Chronicles of Narnia: The Lion, the Witch and the Wardrobe","10380","6960","13","1","14","0","0","1.49","The Chronicles of Narnia: The Lion, the Witch and the Wardrobe"
"SimSafari","14014","SimSafari","10380","3180","82","1","23","0","0","3.26","SimSafari"
"Need for Speed Nitro","14015","Need for Speed Nitro","10380","5160","115","1","13","0","0","2.01","Need for Speed Nitro"
"The Mark of Kri","14016","The Mark of Kri","10380","1740","246","1","21","0","0","5.97","The Mark of Kri"
"Yu-Gi-Oh! 5D's Tag Force 5","14017","Yu-Gi-Oh! 5D's Tag Force 5","10380","5580","13","2","20","0","0","1.86","Yu-Gi-Oh! 5D's Tag Force 5"
"Wizardry: Crusaders of the Dark Savant","14018","Wizardry: Crusaders of the Dark Savant","10380","7860","20","1","10","0","0","1.32","Wizardry: Crusaders of the Dark Savant"
"Sexy Parodius","14019","Sexy Parodius","10380","2760","22","1","17","0","0","3.76","Sexy Parodius"
"Angband","14020","Angband","10380","8940","13","2","23","0","0","1.16","Angband"
"Neon Genesis Evangelion","14021","Neon Genesis Evangelion","10380","12240","16","2","21","0","0","0.85","Neon Genesis Evangelion"
"LSDJ","14022","LSDJ","10380","3780","23","1","12","0","0","2.75","LSDJ"
"Interstellar","14023","Interstellar","10380","5160","35","1","5","0","0","2.01","Interstellar"
"SUGURI","14024","SUGURI","10380","2400","39","1","13","0","0","4.33","SUGURI"
"Raiden Fighters","14025","Raiden Fighters","10380","900","26","1","4","0","0","11.53","Raiden Fighters"
"Untitled Prologue","14026","Untitled Prologue","10380","6540","19","1","13","0","0","1.59","Untitled Prologue"
"Cock'in","14027","Cock'in","10380","2340","50","2","11","0","0","4.44","Cock'in"
"Rendering Ranger: R2","14028","Rendering Ranger: R2","10380","2400","33","4","2","0","0","4.33","Rendering Ranger: R2"
"Amiga Champions","14029","Amiga Champions","10380","3420","11","2","2","0","0","3.04","Amiga Champions"
"Haunted Hotel II: Believe the Lies","14030","Haunted Hotel II: Believe the Lies","10380","180","60","1","1","0","0","57.67","Haunted Hotel II: Believe the Lies"
"Motocross","14031","Motocross","10380","3600","69","1","12","0","0","2.88","Motocross"
"Empress Of The Deep 2: Song of the Blue Whale","14032","Empress Of The Deep 2: Song of the Blue Whale","10380","1140","47","1","2","0","0","9.11","Empress Of The Deep 2: Song of the Blue Whale"
"Days Gone","14033","Days Gone","10380","4080","10","1","1","0","0","2.54","Days Gone"
"Magic Academy","14034","Magic Academy","10380","3120","10","1","1","0","0","3.33","Magic Academy"
"Pixel: ru²","14035","Pixel: ru²","10380","2160","32","1","8","0","0","4.81","Pixel: ru²"
"Just Sing!","14036","Just Sing!","10320","1860","28","1","18","0","0","5.55","Just Sing!"
"Null Vector","14037","Null Vector","10320","2040","55","1","12","0","0","5.06","Null Vector"
"Dark Parables: The Final Cinderella","14038","Dark Parables: The Final Cinderella","10320","2460","16","1","6","0","0","4.2","Dark Parables: The Final Cinderella"
"Soldiers: Heroes of World War II","14039","Soldiers: Heroes of World War II","10320","5040","114","1","15","0","0","2.05","Soldiers: Heroes of World War II"
"Hardball 5","14040","Hardball 5","10320","1380","44","1","1","0","0","7.48","Hardball 5"
"Dynasty Warriors: Gundam","14041","Dynasty Warriors: Gundam","10320","8040","13","2","10","0","0","1.28","Dynasty Warriors: Gundam"
"Constructor 2","14042","Constructor 2","10320","5040","41","2","12","0","0","2.05","Constructor 2"
"Tales of Asteria","14043","Tales of Asteria","10320","3300","32","1","2","0","0","3.13","Tales of Asteria"
"Fantastic 4","14044","Fantastic 4","10320","1140","55","1","6","0","0","9.05","Fantastic 4"
"Wiz 'n' Liz: The Frantic Wabbit Wescue","14045","Wiz 'n' Liz: The Frantic Wabbit Wescue","10320","3060","24","2","6","0","0","3.37","Wiz 'n' Liz: The Frantic Wabbit Wescue"
"Space Megaforce","14046","Space Megaforce","10320","3360","13","1","18","0","0","3.07","Space Megaforce"
"Dead Rising 2: Case West","14047","Dead Rising 2: Case West","10320","10980","14","3","60","0","0","0.94","Dead Rising 2: Case West"
"White Album 2: Shiawase no Mukougawa","14048","White Album 2: Shiawase no Mukougawa","10320","3300","21","1","5","0","0","3.13","White Album 2: Shiawase no Mukougawa"
"Conflict: Desert Storm","14049","Conflict: Desert Storm","10320","4740","14","1","27","0","0","2.18","Conflict: Desert Storm"
"Dead or Alive 4","14050","Dead or Alive 4","10320","3480","20","1","13","0","0","2.97","Dead or Alive 4"
"Super International Cricket","14051","Super International Cricket","10320","4680","11","2","6","0","0","2.21","Super International Cricket"
"LEGO Rock Raiders","14052","LEGO Rock Raiders","10320","6360","10","1","21","0","0","1.62","LEGO Rock Raiders"
"Taito Legends 2","14053","Taito Legends 2","10320","1620","44","1","7","0","0","6.37","Taito Legends 2"
"Forgotten Worlds","14054","Forgotten Worlds","10260","420","171","1","6","0","0","24.43","Forgotten Worlds"
"Ratchet & Clank: Full Frontal Assault","14055","Ratchet & Clank: Full Frontal Assault","10260","1980","29","1","8","0","0","5.18","Ratchet & Clank: Full Frontal Assault"
"Small Town Terrors: Pilgrim's Hook","14056","Small Town Terrors: Pilgrim's Hook","10260","2400","23","1","10","0","0","4.28","Small Town Terrors: Pilgrim's Hook"
"TRON 2.0: Killer App","14057","TRON 2.0: Killer App","10260","6660","9","2","17","0","0","1.54","TRON 2.0: Killer App"
"Gley Lancer","14058","Gley Lancer","10260","1380","27","1","5","0","0","7.43","Gley Lancer"
"Shifters","14059","Shifters","10260","960","61","1","2","0","0","10.69","Shifters"
"Kamen Rider: Battride War II","14060","Kamen Rider: Battride War II","10260","780","32","1","4","0","0","13.15","Kamen Rider: Battride War II"
"Dual Orb II","14061","Dual Orb II","10260","2100","17","1","6","0","0","4.89","Dual Orb II"
"Run 2","14062","Run 2","10260","5820","56","2","25","0","0","1.76","Run 2"
"Advanced Tactics Gold","14063","Advanced Tactics Gold","10260","3300","7","1","1","0","0","3.11","Advanced Tactics Gold"
"Football Frenzy","14064","Football Frenzy","10260","60","173","1","1","0","0","171","Football Frenzy"
"Realm: Walk of Soul","14065","Realm: Walk of Soul","10200","1740","25","1","7","0","0","5.86","Realm: Walk of Soul"
"Super Robot Wars UX","14066","Super Robot Wars UX","10200","3300","9","1","4","0","0","3.09","Super Robot Wars UX"
"Reksio i Ufo","14067","Reksio i Ufo","10200","1380","15","1","3","0","0","7.39","Reksio i Ufo"
"Taiko no Tatsujin: Dokodon! Mystery Adventure","14068","Taiko no Tatsujin: Dokodon! Mystery Adventure","10200","1860","19","1","12","0","0","5.48","Taiko no Tatsujin: Dokodon! Mystery Adventure"
"The Dark Queen of Krynn","14069","The Dark Queen of Krynn","10200","1440","15","1","1","0","0","7.08","The Dark Queen of Krynn"
"Crayon Shin-Chan","14070","Crayon Shin-Chan","10200","2700","31","1","5","0","0","3.78","Crayon Shin-Chan"
"PlayStation Home Arcade","14071","PlayStation Home Arcade","10200","17400","37","3","14","0","0","0.59","PlayStation Home Arcade"
"English Country Tune","14072","English Country Tune","10200","2040","16","2","10","0","0","5","English Country Tune"
"Bugs Bunny Crazy Castle 4","14073","Bugs Bunny Crazy Castle 4","10200","2520","10","1","7","0","0","4.05","Bugs Bunny Crazy Castle 4"
"Man of War","14074","Man of War","10200","4200","61","1","24","0","0","2.43","Man of War"
"Offspring Fling!","14075","Offspring Fling!","10200","3420","16","2","15","0","0","2.98","Offspring Fling!"
"Corpse Party 2: Dead Patient","14076","Corpse Party 2: Dead Patient","10200","2340","20","1","10","0","0","4.36","Corpse Party 2: Dead Patient"
"Unreal Tournament 2003","14077","Unreal Tournament 2003","10200","6180","8","1","26","0","0","1.65","Unreal Tournament 2003"
"Robot Unicorn Attack 2","14078","Robot Unicorn Attack 2","10200","1320","87","1","8","0","0","7.73","Robot Unicorn Attack 2"
"Waves","14079","Waves","10200","7440","31","2","49","0","0","1.37","Waves"
"FortressCraft","14080","FortressCraft","10200","9840","20","1","18","0","0","1.04","FortressCraft"
"Midnight Club: Los Angeles Remix","14081","Midnight Club: Los Angeles Remix","10200","3300","40","1","14","0","0","3.09","Midnight Club: Los Angeles Remix"
"Bus Simulator 2012","14082","Bus Simulator 2012","10140","5160","20","1","29","0","0","1.97","Bus Simulator 2012"
"Mission Against Terror","14083","Mission Against Terror","10140","6600","8","2","14","0","0","1.54","Mission Against Terror"
"Shadow Puppeteer","14084","Shadow Puppeteer","10140","1800","84","1","11","0","0","5.63","Shadow Puppeteer"
"Drawn to Life","14085","Drawn to Life","10140","5460","14","2","18","0","0","1.86","Drawn to Life"
"Starflight","14086","Starflight","10140","3600","27","1","9","0","0","2.82","Starflight"
"Culdcept Saga","14087","Culdcept Saga","10140","5520","21","2","6","0","0","1.84","Culdcept Saga"
"Arthur and the Invisibles 2","14088","Arthur and the Invisibles 2","10140","180","73","1","1","0","0","56.33","Arthur and the Invisibles 2"
"The Fool's Errand","14089","The Fool's Errand","10140","900","30","1","3","0","0","11.27","The Fool's Errand"
"Crimson Tears","14090","Crimson Tears","10140","2460","25","1","8","0","0","4.12","Crimson Tears"
"Level 22","14091","Level 22","10140","5340","20","2","21","0","0","1.9","Level 22"
"Mahjong Solitaire","14092","Mahjong Solitaire","10140","2460","22","1","15","0","0","4.12","Mahjong Solitaire"
"Pac-Man: Adventures in Time","14093","Pac-Man: Adventures in Time","10140","3000","23","2","5","0","0","3.38","Pac-Man: Adventures in Time"
"Riding Hero","14094","Riding Hero","10140","60","169","1","1","0","0","169","Riding Hero"
"Strike Tactics","14095","Strike Tactics","10140","2520","18","2","8","0","0","4.02","Strike Tactics"
"Doctor Kvorak","14096","Doctor Kvorak","10140","660","52","1","4","0","0","15.36","Doctor Kvorak"
"ccb82cae 9257 470c bd55 2742c1cbcde5","14097","ccb82cae 9257 470c bd55 2742c1cbcde5","10140","6960","4","1","1","0","0","1.46","ccb82cae 9257 470c bd55 2742c1cbcde5"
"36 Fragments of Midnight","14098","36 Fragments of Midnight","10140","1020","126","1","3","0","0","9.94","36 Fragments of Midnight"
"Abyss","14099","Abyss","10140","780","35","1","2","0","0","13","Abyss"
"Fight Night Round 2","14100","Fight Night Round 2","10140","5700","22","1","11","0","0","1.78","Fight Night Round 2"