"","","Game","Watch time","Stream time","Peak viewers","Peak channels","Streamers","Average viewers","Average channels","Average viewer ratio",""
"Dinopark Tycoon","11601","Dinopark Tycoon","22980","600","113","1","4","0","0","38.3","Dinopark Tycoon"
"Trackmania DS","11602","Trackmania DS","22980","300","167","1","2","0","0","76.6","Trackmania DS"
"Hot Date","11603","Hot Date","22980","1740","74","1","19","0","0","13.21","Hot Date"
"Endless Ocean: Blue World","11604","Endless Ocean: Blue World","22920","3660","40","1","9","0","0","6.26","Endless Ocean: Blue World"
"Last Action Hero","11605","Last Action Hero","22920","1320","88","2","6","0","0","17.36","Last Action Hero"
"Foldit","11606","Foldit","22920","7200","11","2","8","0","0","3.18","Foldit"
"Windosill","11607","Windosill","22920","1800","65","1","8","0","0","12.73","Windosill"
"Street Fighter EX Plus","11608","Street Fighter EX Plus","22920","2400","148","1","10","0","0","9.55","Street Fighter EX Plus"
"Dynasty Warriors 6","11609","Dynasty Warriors 6","22920","11160","32","1","22","0","0","2.05","Dynasty Warriors 6"
"Scarygirl","11610","Scarygirl","22920","3540","63","1","14","0","0","6.47","Scarygirl"
"WCW/nWo Thunder","11611","WCW/nWo Thunder","22920","1440","220","1","6","0","0","15.92","WCW/nWo Thunder"
"Spyro: Attack of the Rhynocs","11612","Spyro: Attack of the Rhynocs","22920","2160","38","1","7","0","0","10.61","Spyro: Attack of the Rhynocs"
"Dance On","11613","Dance On","22920","7560","169","2","27","0","0","3.03","Dance On"
"Numantia","11614","Numantia","22860","3900","118","2","9","0","0","5.86","Numantia"
"Kickster Online Street Soccer","11615","Kickster Online Street Soccer","22860","480","142","1","2","0","0","47.63","Kickster Online Street Soccer"
"Yu-Gi-Oh! Nightmare Troubadour","11616","Yu-Gi-Oh! Nightmare Troubadour","22860","8280","47","2","23","0","0","2.76","Yu-Gi-Oh! Nightmare Troubadour"
"Forsaken Isle","11617","Forsaken Isle","22800","6000","38","1","26","0","0","3.8","Forsaken Isle"
"Juiced 2: Hot Import Nights","11618","Juiced 2: Hot Import Nights","22800","6420","17","1","23","0","0","3.55","Juiced 2: Hot Import Nights"
"Transformers","11619","Transformers","22800","12180","21","2","52","0","0","1.87","Transformers"
"Alien Breed: Impact","11620","Alien Breed: Impact","22800","12480","17","2","55","0","0","1.83","Alien Breed: Impact"
"Yu-Gi-Oh!: GX Tag Force","11621","Yu-Gi-Oh!: GX Tag Force","22800","9720","24","2","30","0","0","2.35","Yu-Gi-Oh!: GX Tag Force"
"GoDai: Elemental Force","11622","GoDai: Elemental Force","22800","1080","128","1","3","0","0","21.11","GoDai: Elemental Force"
"The Legend of Heroes: A Tear of Vermillion","11623","The Legend of Heroes: A Tear of Vermillion","22740","11160","14","2","12","0","0","2.04","The Legend of Heroes: A Tear of Vermillion"
"Rules of the Game","11624","Rules of the Game","22740","300","110","1","1","0","0","75.8","Rules of the Game"
"Zombie Estate 2","11625","Zombie Estate 2","22740","12060","16","2","48","0","0","1.89","Zombie Estate 2"
"Kaiser","11626","Kaiser","22740","780","59","1","3","0","0","29.15","Kaiser"
"Bard's Gold","11627","Bard's Gold","22740","14160","26","1","75","0","0","1.61","Bard's Gold"
"Sagaia","11628","Sagaia","22740","2640","25","1","4","0","0","8.61","Sagaia"
"Big Nose Freaks Out","11629","Big Nose Freaks Out","22740","780","123","3","5","0","0","29.15","Big Nose Freaks Out"
"Mobile Suit Gundam: Battle Operation","11630","Mobile Suit Gundam: Battle Operation","22740","7740","10","1","8","0","0","2.94","Mobile Suit Gundam: Battle Operation"
"Dawngate","11631","Dawngate","22740","5280","54","2","14","0","0","4.31","Dawngate"
"LSD Revamped","11632","LSD Revamped","22680","6840","27","2","31","0","0","3.32","LSD Revamped"
"Virtua Fighter","11633","Virtua Fighter","22680","2520","124","1","10","0","0","9","Virtua Fighter"
"Ancient Space","11634","Ancient Space","22680","720","212","1","4","0","0","31.5","Ancient Space"
"Henry's House","11635","Henry's House","22680","600","110","3","3","0","0","37.8","Henry's House"
"F.A. Manager","11636","F.A. Manager","22680","480","63","1","1","0","0","47.25","F.A. Manager"
"Vroom","11637","Vroom","22680","3120","369","1","13","0","0","7.27","Vroom"
"Sangokushi Taisen","11638","Sangokushi Taisen","22680","3360","21","1","6","0","0","6.75","Sangokushi Taisen"
"Recursion Deluxe","11639","Recursion Deluxe","22680","4260","23","2","15","0","0","5.32","Recursion Deluxe"
"Turf Battles: Triumphus","11640","Turf Battles: Triumphus","22680","6720","28","2","11","0","0","3.38","Turf Battles: Triumphus"
"Tropico 2: Pirate Cove","11641","Tropico 2: Pirate Cove","22680","1440","124","1","6","0","0","15.75","Tropico 2: Pirate Cove"
"Rollerblade Racer","11642","Rollerblade Racer","22620","2100","123","3","8","0","0","10.77","Rollerblade Racer"
"Lost Dutchman's Gold","11643","Lost Dutchman's Gold","22560","240","115","1","1","0","0","94","Lost Dutchman's Gold"
"Rainbow Island - Candyland","11644","Rainbow Island - Candyland","22560","3420","236","1","11","0","0","6.6","Rainbow Island - Candyland"
"Battalion 1944","11645","Battalion 1944","22560","540","364","1","3","0","0","41.78","Battalion 1944"
"Prison Riot","11646","Prison Riot","22560","60","528","1","1","0","0","376","Prison Riot"
"Tiny Troopers: Joint Ops","11647","Tiny Troopers: Joint Ops","22560","22740","28","4","113","0","0","0.99","Tiny Troopers: Joint Ops"
"The Settlers: Rise of an Empire","11648","The Settlers: Rise of an Empire","22560","11280","19","2","26","0","0","2","The Settlers: Rise of an Empire"
"TV Show King","11649","TV Show King","22560","5040","361","1","16","0","0","4.48","TV Show King"
"Star Wars: Rebel Assault II - The Hidden Empire","11650","Star Wars: Rebel Assault II - The Hidden Empire","22500","5040","58","1","23","0","0","4.46","Star Wars: Rebel Assault II - The Hidden Empire"
"Overture","11651","Overture","22500","9240","14","2","48","0","0","2.44","Overture"
"Zuma's Revenge","11652","Zuma's Revenge","22500","16320","23","2","73","0","0","1.38","Zuma's Revenge"
"Heimdall","11653","Heimdall","22500","300","134","1","1","0","0","75","Heimdall"
"Corporate Lifestyle Simulator","11654","Corporate Lifestyle Simulator","22500","3300","113","1","31","0","0","6.82","Corporate Lifestyle Simulator"
"Neo Nectaris","11655","Neo Nectaris","22500","1560","24","1","1","0","0","14.42","Neo Nectaris"
"The Mage's Tale","11656","The Mage's Tale","22440","4200","142","1","16","0","0","5.34","The Mage's Tale"
"The Nutshack: The Game","11657","The Nutshack: The Game","22440","1140","315","1","6","0","0","19.68","The Nutshack: The Game"
"Spider-Man 3: Invasion of the Spider-Slayers","11658","Spider-Man 3: Invasion of the Spider-Slayers","22440","360","200","1","3","0","0","62.33","Spider-Man 3: Invasion of the Spider-Slayers"
"Counter Force","11659","Counter Force","22440","7200","23","2","34","0","0","3.12","Counter Force"
"Inside My Radio","11660","Inside My Radio","22440","6480","163","2","38","0","0","3.46","Inside My Radio"
"Spirited Heart","11661","Spirited Heart","22440","240","375","1","3","0","0","93.5","Spirited Heart"
"Final Fight 2","11662","Final Fight 2","22380","12660","34","2","35","0","0","1.77","Final Fight 2"
"Going Nowhere: The Dream","11663","Going Nowhere: The Dream","22380","600","138","1","3","0","0","37.3","Going Nowhere: The Dream"
"The F.A. Premier League Stars","11664","The F.A. Premier League Stars","22380","180","338","1","0","0","0","124.33","The F.A. Premier League Stars"
"Aa Yakyuu Jinsei Icchokusen","11665","Aa Yakyuu Jinsei Icchokusen","22320","120","204","1","1","0","0","186","Aa Yakyuu Jinsei Icchokusen"
"Nintendo World Cup","11666","Nintendo World Cup","22320","3960","75","1","20","0","0","5.64","Nintendo World Cup"
"Russian Dancing Men","11667","Russian Dancing Men","22320","2640","154","1","12","0","0","8.45","Russian Dancing Men"
"New Ghostbusters II","11668","New Ghostbusters II","22320","420","126","1","2","0","0","53.14","New Ghostbusters II"
"Fat Princess","11669","Fat Princess","22320","3780","78","2","20","0","0","5.9","Fat Princess"
"Ultima VII: The Black Gate","11670","Ultima VII: The Black Gate","22320","11400","38","2","17","0","0","1.96","Ultima VII: The Black Gate"
"Jojo no Kimyou na Bouken","11671","Jojo no Kimyou na Bouken","22320","7980","97","1","32","0","0","2.8","Jojo no Kimyou na Bouken"
"Henry Hatsworth in the Puzzling Adventure","11672","Henry Hatsworth in the Puzzling Adventure","22320","7740","11","2","6","0","0","2.88","Henry Hatsworth in the Puzzling Adventure"
"Imagine Earth","11673","Imagine Earth","22320","3120","118","2","15","0","0","7.15","Imagine Earth"
"Time Travelers","11674","Time Travelers","22260","660","77","1","1","0","0","33.73","Time Travelers"
"Eschatos","11675","Eschatos","22260","7980","20","1","20","0","0","2.79","Eschatos"
"Psychic Detective","11676","Psychic Detective","22260","360","159","1","4","0","0","61.83","Psychic Detective"
"Nintendo Puzzle Collection","11677","Nintendo Puzzle Collection","22260","5760","25","2","14","0","0","3.86","Nintendo Puzzle Collection"
"Taern","11678","Taern","22260","14580","30","2","11","0","0","1.53","Taern"
"Pawapuro Stadium","11679","Pawapuro Stadium","22260","600","119","1","3","0","0","37.1","Pawapuro Stadium"
"Gun Bombers","11680","Gun Bombers","22260","480","102","1","3","0","0","46.38","Gun Bombers"
"Star Wars: Assault Team","11681","Star Wars: Assault Team","22200","9660","25","1","2","0","0","2.3","Star Wars: Assault Team"
"Static Shock","11682","Static Shock","22200","120","201","1","1","0","0","185","Static Shock"
"Koumajou Densetsu II: Yougen no Chingonka","11683","Koumajou Densetsu II: Yougen no Chingonka","22200","9720","24","1","19","0","0","2.28","Koumajou Densetsu II: Yougen no Chingonka"
"Space Rogue (2015)","11684","Space Rogue (2015)","22200","2880","49","1","9","0","0","7.71","Space Rogue (2015)"
"Indiana Jones and The Fate of Atlantis: The Action Game","11685","Indiana Jones and The Fate of Atlantis: The Action Game","22200","3480","31","1","11","0","0","6.38","Indiana Jones and The Fate of Atlantis: The Action Game"
"Deathsmiles Mega Black Label","11686","Deathsmiles Mega Black Label","22200","3900","57","1","17","0","0","5.69","Deathsmiles Mega Black Label"
"Creatures 2","11687","Creatures 2","22140","720","360","1","4","0","0","30.75","Creatures 2"
"Magic: The Gathering - Duels of the Planeswalkers 2012","11688","Magic: The Gathering - Duels of the Planeswalkers 2012","22140","7560","37","2","10","0","0","2.93","Magic: The Gathering - Duels of the Planeswalkers 2012"
"Bardbarian","11689","Bardbarian","22140","10560","16","2","40","0","0","2.1","Bardbarian"
"Maia","11690","Maia","22140","3780","30","1","10","0","0","5.86","Maia"
"Gender Bender DNA Twister Extreme","11691","Gender Bender DNA Twister Extreme","22140","5400","14","1","12","0","0","4.1","Gender Bender DNA Twister Extreme"
"Metro","11692","Metro","22140","7380","32","1","27","0","0","3","Metro"
"Eventide 2: The Sorcerers Mirror","11693","Eventide 2: The Sorcerers Mirror","22140","2940","28","2","9","0","0","7.53","Eventide 2: The Sorcerers Mirror"
"Hunter: The Reckoning","11694","Hunter: The Reckoning","22080","5460","39","2","15","0","0","4.04","Hunter: The Reckoning"
"Chessmaster 9000","11695","Chessmaster 9000","22080","1440","98","1","5","0","0","15.33","Chessmaster 9000"
"The Sting!","11696","The Sting!","22080","6000","22","1","5","0","0","3.68","The Sting!"
"ZIP","11697","ZIP","22080","17280","20","1","2","0","0","1.28","ZIP"
"Goosebumps HorrorLand","11698","Goosebumps HorrorLand","22080","720","109","1","5","0","0","30.67","Goosebumps HorrorLand"
"Onimusha Tactics","11699","Onimusha Tactics","22020","7020","37","1","11","0","0","3.14","Onimusha Tactics"
"Scooby-Doo! Classic Creep Capers","11700","Scooby-Doo! Classic Creep Capers","22020","8040","25","2","21","0","0","2.74","Scooby-Doo! Classic Creep Capers"