"","","Game","Watch time","Stream time","Peak viewers","Peak channels","Streamers","Average viewers","Average channels","Average viewer ratio",""
"Ace Combat 04: Shattered Skies","8801","Ace Combat 04: Shattered Skies","62820","22860","82","2","70","0","0","2.75","Ace Combat 04: Shattered Skies"
"Ayakashi Gohan","8802","Ayakashi Gohan","62820","3960","42","1","3","0","0","15.86","Ayakashi Gohan"
"Futwatch","8803","Futwatch","62820","1620","114","1","4","0","0","38.78","Futwatch"
"New Retro Arcade: Neon","8804","New Retro Arcade: Neon","62760","5160","606","1","27","0","0","12.16","New Retro Arcade: Neon"
"Earth's Dawn","8805","Earth's Dawn","62760","33360","82","3","101","0","0","1.88","Earth's Dawn"
"MechWarrior 4: Mercenaries","8806","MechWarrior 4: Mercenaries","62760","14400","43","1","35","0","0","4.36","MechWarrior 4: Mercenaries"
"Toribash: Violence Perfected","8807","Toribash: Violence Perfected","62760","28800","113","3","121","0","0","2.18","Toribash: Violence Perfected"
"Bermuda Syndrome","8808","Bermuda Syndrome","62700","1140","596","1","4","0","0","55","Bermuda Syndrome"
"Gensokyo no Nazo","8809","Gensokyo no Nazo","62700","15360","28","2","9","0","0","4.08","Gensokyo no Nazo"
"pop'n music 8","8810","pop'n music 8","62700","780","200","1","3","0","0","80.38","pop'n music 8"
"Fortified!","8811","Fortified!","62640","10200","301","3","63","0","0","6.14","Fortified!"
"Starforge","8812","Starforge","62640","1320","488","2","10","0","0","47.45","Starforge"
"Zhu Zhu Pets Featuring the Wild Bunch","8813","Zhu Zhu Pets Featuring the Wild Bunch","62640","180","385","1","0","0","0","348","Zhu Zhu Pets Featuring the Wild Bunch"
"Fingered!","8814","Fingered!","62580","5700","81","1","35","0","0","10.98","Fingered!"
"Nightmare Creatures","8815","Nightmare Creatures","62520","11340","38","2","47","0","0","5.51","Nightmare Creatures"
"Guardians","8816","Guardians","62520","2460","222","1","8","0","0","25.41","Guardians"
"Blink","8817","Blink","62460","1860","314","1","11","0","0","33.58","Blink"
"Slayers","8818","Slayers","62400","6240","120","1","12","0","0","10","Slayers"
"Shining Force EXA","8819","Shining Force EXA","62400","13380","53","1","10","0","0","4.66","Shining Force EXA"
"Primal","8820","Primal","62400","14340","60","2","93","0","0","4.35","Primal"
"Scattergories","8821","Scattergories","62400","1860","251","1","11","0","0","33.55","Scattergories"
"Raft Rider","8822","Raft Rider","62280","6600","390","5","58","0","0","9.44","Raft Rider"
"Freecell Solitaire Cube","8823","Freecell Solitaire Cube","62280","120","602","1","1","0","0","519","Freecell Solitaire Cube"
"Skylanders SWAP Force","8824","Skylanders SWAP Force","62280","24300","66","2","68","0","0","2.56","Skylanders SWAP Force"
"Bloons TD","8825","Bloons TD","62280","9600","360","2","60","0","0","6.49","Bloons TD"
"Endless Sky","8826","Endless Sky","62280","48480","13","3","91","0","0","1.28","Endless Sky"
"Wave Race: Blue Storm","8827","Wave Race: Blue Storm","62280","5160","741","2","13","0","0","12.07","Wave Race: Blue Storm"
"Escape From Bug Island","8828","Escape From Bug Island","62220","1140","376","1","4","0","0","54.58","Escape From Bug Island"
"Contra: Shattered Soldier","8829","Contra: Shattered Soldier","62220","8580","102","2","21","0","0","7.25","Contra: Shattered Soldier"
"Koi Koi Mahjong","8830","Koi Koi Mahjong","62220","1140","358","1","5","0","0","54.58","Koi Koi Mahjong"
"House of 1000 Doors: Family Secrets","8831","House of 1000 Doors: Family Secrets","62160","8340","138","2","21","0","0","7.45","House of 1000 Doors: Family Secrets"
"Super Pinball: Behind the Mask","8832","Super Pinball: Behind the Mask","62160","1020","95","1","2","0","0","60.94","Super Pinball: Behind the Mask"
"Stronghold Crusader Extreme","8833","Stronghold Crusader Extreme","62160","24480","74","2","99","0","0","2.54","Stronghold Crusader Extreme"
"Extermination","8834","Extermination","62160","14820","33","2","28","0","0","4.19","Extermination"
"Sega Vintage Collection: Streets of Rage","8835","Sega Vintage Collection: Streets of Rage","62160","59040","41","3","298","0","0","1.05","Sega Vintage Collection: Streets of Rage"
"Dark Fall: The Journal","8836","Dark Fall: The Journal","62100","4740","89","2","13","0","0","13.1","Dark Fall: The Journal"
"DeFRaG","8837","DeFRaG","62100","26460","146","3","19","0","0","2.35","DeFRaG"
"Sparkster: Rocket Knight Adventures 2","8838","Sparkster: Rocket Knight Adventures 2","62100","4320","117","1","7","0","0","14.38","Sparkster: Rocket Knight Adventures 2"
"Supreme Commander","8839","Supreme Commander","62100","45960","62","3","113","0","0","1.35","Supreme Commander"
"Freedom Planet 2","8840","Freedom Planet 2","62100","16620","82","11","107","0","0","3.74","Freedom Planet 2"
"Life Forge ORPG","8841","Life Forge ORPG","62100","23640","18","4","32","0","0","2.63","Life Forge ORPG"
"Original Frisbee Disc Sports: Ultimate & Golf","8842","Original Frisbee Disc Sports: Ultimate & Golf","62040","420","837","1","3","0","0","147.71","Original Frisbee Disc Sports: Ultimate & Golf"
"Privates","8843","Privates","62040","23640","41","2","34","0","0","2.62","Privates"
"Excitebike 64","8844","Excitebike 64","62040","4800","379","2","8","0","0","12.93","Excitebike 64"
"AaaaaAAaaaAAAaaAAAAaAAAAA!!! for the Awesome","8845","AaaaaAAaaaAAAaaAAAAaAAAAA!!! for the Awesome","61980","22140","113","2","58","0","0","2.8","AaaaaAAaaaAAAaaAAAAaAAAAA!!! for the Awesome"
"Paper Sorcerer","8846","Paper Sorcerer","61920","8640","319","2","23","0","0","7.17","Paper Sorcerer"
"Xuanyuan Jian 4: Hei Long Wu xi Yun Fei Yang","8847","Xuanyuan Jian 4: Hei Long Wu xi Yun Fei Yang","61920","4920","50","1","1","0","0","12.59","Xuanyuan Jian 4: Hei Long Wu xi Yun Fei Yang"
"Shin Megami Tensei: Devil Survivor 2: Record Breaker","8848","Shin Megami Tensei: Devil Survivor 2: Record Breaker","61860","6720","656","2","7","0","0","9.21","Shin Megami Tensei: Devil Survivor 2: Record Breaker"
"Frozen Free Fall","8849","Frozen Free Fall","61860","57180","71","2","272","0","0","1.08","Frozen Free Fall"
"Cars 2: The Video Game","8850","Cars 2: The Video Game","61800","6180","378","1","33","0","0","10","Cars 2: The Video Game"
"Harvest Moon: Grand Bazaar","8851","Harvest Moon: Grand Bazaar","61800","180","1110","1","0","0","0","343.33","Harvest Moon: Grand Bazaar"
"Bomberman '93","8852","Bomberman '93","61800","9120","785","1","12","0","0","6.78","Bomberman '93"
"The Lord of the Rings: Aragorn's Quest","8853","The Lord of the Rings: Aragorn's Quest","61740","540","374","1","2","0","0","114.33","The Lord of the Rings: Aragorn's Quest"
"Heartbound","8854","Heartbound","61740","10980","396","2","55","0","0","5.62","Heartbound"
"Barbie in the 12 Dancing Princesses","8855","Barbie in the 12 Dancing Princesses","61680","10620","685","2","27","0","0","5.81","Barbie in the 12 Dancing Princesses"
"Samurai Siege","8856","Samurai Siege","61560","120","662","1","2","0","0","513","Samurai Siege"
"Enemy Front","8857","Enemy Front","61560","25680","31","2","97","0","0","2.4","Enemy Front"
"NHL 15","8858","NHL 15","61560","15240","599","2","244","0","0","4.04","NHL 15"
"Sangokushi Eiketsuden","8859","Sangokushi Eiketsuden","61560","14700","34","1","6","0","0","4.19","Sangokushi Eiketsuden"
"Mystik Belle","8860","Mystik Belle","61500","13500","109","2","40","0","0","4.56","Mystik Belle"
"Mario Pinball Land","8861","Mario Pinball Land","61500","2100","341","1","10","0","0","29.29","Mario Pinball Land"
"Arctic Adventure","8862","Arctic Adventure","61500","540","410","1","2","0","0","113.89","Arctic Adventure"
"Shining Soul II","8863","Shining Soul II","61440","16620","338","2","27","0","0","3.7","Shining Soul II"
"Prisma","8864","Prisma","61440","2700","321","2","11","0","0","22.76","Prisma"
"The Sad Story of Emmeline Burns","8865","The Sad Story of Emmeline Burns","61440","720","213","1","3","0","0","85.33","The Sad Story of Emmeline Burns"
"Symmetry","8866","Symmetry","61440","480","474","1","1","0","0","128","Symmetry"
"The Swords of Ditto","8867","The Swords of Ditto","61440","480","423","1","3","0","0","128","The Swords of Ditto"
"Planetarian: The Reverie of a Little Planet","8868","Planetarian: The Reverie of a Little Planet","61380","6660","334","1","23","0","0","9.22","Planetarian: The Reverie of a Little Planet"
"Happy Feet","8869","Happy Feet","61380","1800","325","1","13","0","0","34.1","Happy Feet"
"Broken Sword II: The Smoking Mirror - Remastered","8870","Broken Sword II: The Smoking Mirror - Remastered","61380","16560","77","2","36","0","0","3.71","Broken Sword II: The Smoking Mirror - Remastered"
"Touhou 14 - Double Dealing Character","8871","Touhou 14 - Double Dealing Character","61260","20820","85","2","96","0","0","2.94","Touhou 14 - Double Dealing Character"
"CPBL Real","8872","CPBL Real","61260","1680","239","1","3","0","0","36.46","CPBL Real"
"No Gravity","8873","No Gravity","61200","120","562","1","2","0","0","510","No Gravity"
"StarBreak","8874","StarBreak","61200","31800","31","3","97","0","0","1.92","StarBreak"
"Cooking Mama: Cook Off","8875","Cooking Mama: Cook Off","61140","3420","291","1","19","0","0","17.88","Cooking Mama: Cook Off"
"Hanako: Honor & Blade","8876","Hanako: Honor & Blade","61140","2580","234","3","15","0","0","23.7","Hanako: Honor & Blade"
"Trick & Treat","8877","Trick & Treat","61080","19980","74","3","109","0","0","3.06","Trick & Treat"
"SSX on Tour","8878","SSX on Tour","61080","18360","49","2","43","0","0","3.33","SSX on Tour"
"Castle of the Winds","8879","Castle of the Winds","61080","5460","114","1","11","0","0","11.19","Castle of the Winds"
"Heroes Charge","8880","Heroes Charge","61080","11700","112","3","39","0","0","5.22","Heroes Charge"
"DJ Star","8881","DJ Star","61020","5040","59","2","2","0","0","12.11","DJ Star"
"The Sopranos: Road to Respect","8882","The Sopranos: Road to Respect","61020","600","138","1","2","0","0","101.7","The Sopranos: Road to Respect"
"Garfield","8883","Garfield","60900","3060","134","1","16","0","0","19.9","Garfield"
"Tekken 6: Bloodline Rebellion","8884","Tekken 6: Bloodline Rebellion","60900","4560","205","2","15","0","0","13.36","Tekken 6: Bloodline Rebellion"
"Frontier Days: Founding Pioneers","8885","Frontier Days: Founding Pioneers","60900","1380","157","1","8","0","0","44.13","Frontier Days: Founding Pioneers"
"64.0","8886","64.0","60840","11400","140","2","70","0","0","5.34","64.0"
"Shotgun Legend","8887","Shotgun Legend","60840","4860","85","2","26","0","0","12.52","Shotgun Legend"
"Mercenaries 2: World in Flames","8888","Mercenaries 2: World in Flames","60840","18720","34","3","52","0","0","3.25","Mercenaries 2: World in Flames"
"SPARTAN","8889","SPARTAN","60840","1920","143","1","7","0","0","31.69","SPARTAN"
"Nocturne","8890","Nocturne","60840","5760","68","1","12","0","0","10.56","Nocturne"
"Dune II: The Building of a Dynasty","8891","Dune II: The Building of a Dynasty","60780","17700","53","2","31","0","0","3.43","Dune II: The Building of a Dynasty"
"Super Mario Bros. Special","8892","Super Mario Bros. Special","60780","6180","180","2","27","0","0","9.83","Super Mario Bros. Special"
"Armed Police Batrider","8893","Armed Police Batrider","60720","6000","62","1","9","0","0","10.12","Armed Police Batrider"
"Robotron: 2084","8894","Robotron: 2084","60720","11100","134","2","19","0","0","5.47","Robotron: 2084"
"Sky Knights","8895","Sky Knights","60720","6360","555","2","27","0","0","9.55","Sky Knights"
"NCAA Football 11","8896","NCAA Football 11","60660","6420","29","1","8","0","0","9.45","NCAA Football 11"
"RPG Tsukuru MV","8897","RPG Tsukuru MV","60660","36540","32","2","21","0","0","1.66","RPG Tsukuru MV"
"Christmas Shopping Simulator","8898","Christmas Shopping Simulator","60600","5700","177","2","7","0","0","10.63","Christmas Shopping Simulator"
"Downhill Domination","8899","Downhill Domination","60600","4200","353","1","23","0","0","14.43","Downhill Domination"
"Dr. Jekyll and Mr. Hyde","8900","Dr. Jekyll and Mr. Hyde","60600","5880","234","2","27","0","0","10.31","Dr. Jekyll and Mr. Hyde"