"","","Game","Watch time","Stream time","Peak viewers","Peak channels","Streamers","Average viewers","Average channels","Average viewer ratio",""
"Betasuppe","13101","Betasuppe","13980","1200","27","1","2","0","0","11.65","Betasuppe"
"My Ex-Boyfriend the Space Tyrant","13102","My Ex-Boyfriend the Space Tyrant","13980","780","106","1","5","0","0","17.92","My Ex-Boyfriend the Space Tyrant"
"Drawn to Life: The Next Chapter","13103","Drawn to Life: The Next Chapter","13980","4620","14","1","4","0","0","3.03","Drawn to Life: The Next Chapter"
"The Mafat Conspiracy","13104","The Mafat Conspiracy","13980","540","197","3","2","0","0","25.89","The Mafat Conspiracy"
"10 Second Ninja","13105","10 Second Ninja","13980","4440","14","1","24","0","0","3.15","10 Second Ninja"
"Flappy Bird","13106","Flappy Bird","13980","14340","64","2","49","0","0","0.97","Flappy Bird"
"Désiré","13107","Désiré","13980","5280","10","2","16","0","0","2.65","Désiré"
"Pokémon Party Mini","13108","Pokémon Party Mini","13980","1020","109","1","6","0","0","13.71","Pokémon Party Mini"
"A-Train","13109","A-Train","13980","2760","13","1","3","0","0","5.07","A-Train"
"Falcon","13110","Falcon","13980","1020","219","1","5","0","0","13.71","Falcon"
"RETSNOM","13111","RETSNOM","13920","2220","48","1","11","0","0","6.27","RETSNOM"
"Family Party: 30 Great Games - Obstacle Arcade","13112","Family Party: 30 Great Games - Obstacle Arcade","13920","120","140","1","1","0","0","116","Family Party: 30 Great Games - Obstacle Arcade"
"Hachiemon","13113","Hachiemon","13920","3060","14","1","3","0","0","4.55","Hachiemon"
"Max, an Autistic Journey","13114","Max, an Autistic Journey","13920","7620","15","1","10","0","0","1.83","Max, an Autistic Journey"
"Mega Overload","13115","Mega Overload","13920","120","232","1","2","0","0","116","Mega Overload"
"Touhou 14.5: Urban Legend in Limbo","13116","Touhou 14.5: Urban Legend in Limbo","13920","3780","62","2","17","0","0","3.68","Touhou 14.5: Urban Legend in Limbo"
"Magical Taluluto-kun: Magic Adventure","13117","Magical Taluluto-kun: Magic Adventure","13920","1440","39","1","2","0","0","9.67","Magical Taluluto-kun: Magic Adventure"
"A Hole New World","13118","A Hole New World","13920","11100","20","2","12","0","0","1.25","A Hole New World"
"Payday: The Heist 2","13119","Payday: The Heist 2","13920","4800","20","2","23","0","0","2.9","Payday: The Heist 2"
"Touhou Kobuto V: Burst Battle","13120","Touhou Kobuto V: Burst Battle","13920","6240","23","3","27","0","0","2.23","Touhou Kobuto V: Burst Battle"
"Puzzle Adventure Blockle","13121","Puzzle Adventure Blockle","13920","1320","80","1","4","0","0","10.55","Puzzle Adventure Blockle"
"Draw Your Game","13122","Draw Your Game","13920","3120","46","1","16","0","0","4.46","Draw Your Game"
"Poker Stacker","13123","Poker Stacker","13920","1380","73","1","4","0","0","10.09","Poker Stacker"
"Cel Damage HD","13124","Cel Damage HD","13920","10800","17","2","65","0","0","1.29","Cel Damage HD"
"Fist of Awesome","13125","Fist of Awesome","13920","1140","91","1","6","0","0","12.21","Fist of Awesome"
"Elebits","13126","Elebits","13920","4560","16","1","9","0","0","3.05","Elebits"
"1953: KGB Unleashed","13127","1953: KGB Unleashed","13920","3000","39","1","25","0","0","4.64","1953: KGB Unleashed"
"Turrican","13128","Turrican","13920","2700","27","1","12","0","0","5.16","Turrican"
"Galaxy Force II","13129","Galaxy Force II","13920","1020","31","1","6","0","0","13.65","Galaxy Force II"
"Army of Two: The 40th Day","13130","Army of Two: The 40th Day","13920","6120","20","1","16","0","0","2.27","Army of Two: The 40th Day"
"Amazon Trail 3rd Edition","13131","Amazon Trail 3rd Edition","13860","1860","69","1","7","0","0","7.45","Amazon Trail 3rd Edition"
"Quest for Glory II: Trial by Fire VGA","13132","Quest for Glory II: Trial by Fire VGA","13860","4260","10","1","8","0","0","3.25","Quest for Glory II: Trial by Fire VGA"
"Power Strike","13133","Power Strike","13860","1020","25","1","1","0","0","13.59","Power Strike"
"R.C. Pro-Am","13134","R.C. Pro-Am","13860","4680","26","1","23","0","0","2.96","R.C. Pro-Am"
"Littlewargame","13135","Littlewargame","13860","5400","12","1","16","0","0","2.57","Littlewargame"
"Etrian Odyssey II: Heroes of Lagaard","13136","Etrian Odyssey II: Heroes of Lagaard","13860","3240","20","1","9","0","0","4.28","Etrian Odyssey II: Heroes of Lagaard"
"Stealth Bastard Deluxe","13137","Stealth Bastard Deluxe","13860","5400","51","1","21","0","0","2.57","Stealth Bastard Deluxe"
"Darkness Assault","13138","Darkness Assault","13860","2280","85","1","12","0","0","6.08","Darkness Assault"
"Phantasmal","13139","Phantasmal","13860","1440","60","1","10","0","0","9.63","Phantasmal"
"Death Toll","13140","Death Toll","13860","1380","178","1","3","0","0","10.04","Death Toll"
"Himawari: The Sunflower -Pebble in the Sky-","13141","Himawari: The Sunflower -Pebble in the Sky-","13860","4800","15","1","4","0","0","2.89","Himawari: The Sunflower -Pebble in the Sky-"
"Zombie Shooter","13142","Zombie Shooter","13860","1860","163","1","14","0","0","7.45","Zombie Shooter"
"Vikings: War of Clans","13143","Vikings: War of Clans","13800","7380","125","1","24","0","0","1.87","Vikings: War of Clans"
"Coffee Tycoon","13144","Coffee Tycoon","13800","3240","26","1","25","0","0","4.26","Coffee Tycoon"
"Meikyuu Jiin Dababa","13145","Meikyuu Jiin Dababa","13800","240","61","1","1","0","0","57.5","Meikyuu Jiin Dababa"
"Nintendo 3DS Guide: Louvre","13146","Nintendo 3DS Guide: Louvre","13800","660","82","1","3","0","0","20.91","Nintendo 3DS Guide: Louvre"
"MVP 07 NCAA Baseball","13147","MVP 07 NCAA Baseball","13800","3900","12","1","2","0","0","3.54","MVP 07 NCAA Baseball"
"Conquest of Elysium 4","13148","Conquest of Elysium 4","13800","6360","10","1","13","0","0","2.17","Conquest of Elysium 4"
"Haven Moon","13149","Haven Moon","13800","2460","50","1","8","0","0","5.61","Haven Moon"
"Star Wreck","13150","Star Wreck","13800","1620","18","1","1","0","0","8.52","Star Wreck"
"Orbiter","13151","Orbiter","13800","8940","22","1","17","0","0","1.54","Orbiter"
"Drift City","13152","Drift City","13800","10620","10","2","20","0","0","1.3","Drift City"
"Sutte Hakkun","13153","Sutte Hakkun","13800","1920","80","3","9","0","0","7.19","Sutte Hakkun"
"Double Dragon V: The Shadow Falls","13154","Double Dragon V: The Shadow Falls","13800","480","160","1","6","0","0","28.75","Double Dragon V: The Shadow Falls"
"Aggressive Inline","13155","Aggressive Inline","13800","1680","165","1","9","0","0","8.21","Aggressive Inline"
"Sega Vintage Collection: Golden Axe","13156","Sega Vintage Collection: Golden Axe","13800","11820","20","2","73","0","0","1.17","Sega Vintage Collection: Golden Axe"
"FaceBreaker","13157","FaceBreaker","13800","840","214","1","4","0","0","16.43","FaceBreaker"
"Zombie Shooter 2","13158","Zombie Shooter 2","13740","2400","118","1","10","0","0","5.73","Zombie Shooter 2"
"Silent Scope","13159","Silent Scope","13740","480","106","1","4","0","0","28.63","Silent Scope"
"The Itchy & Scratchy Game","13160","The Itchy & Scratchy Game","13740","1380","85","1","4","0","0","9.96","The Itchy & Scratchy Game"
"FIFA Manager 07: Extra Time","13161","FIFA Manager 07: Extra Time","13740","300","149","1","1","0","0","45.8","FIFA Manager 07: Extra Time"
"Magic: The Gathering - Duels of the Planeswalkers 2014","13162","Magic: The Gathering - Duels of the Planeswalkers 2014","13740","7020","29","1","27","0","0","1.96","Magic: The Gathering - Duels of the Planeswalkers 2014"
"Guild Wars: Nightfall","13163","Guild Wars: Nightfall","13740","5460","19","1","17","0","0","2.52","Guild Wars: Nightfall"
"A Dark Room","13164","A Dark Room","13740","3540","20","1","16","0","0","3.88","A Dark Room"
"Eragon","13165","Eragon","13740","4980","21","2","11","0","0","2.76","Eragon"
"Dolphin Blue","13166","Dolphin Blue","13740","15120","10","2","75","0","0","0.91","Dolphin Blue"
"Unexpected End","13167","Unexpected End","13740","720","70","1","0","0","0","19.08","Unexpected End"
"Zettai Zetsumei Toshi 4: Summer Memories","13168","Zettai Zetsumei Toshi 4: Summer Memories","13740","840","74","1","2","0","0","16.36","Zettai Zetsumei Toshi 4: Summer Memories"
"Robot Wars: Arenas of Destruction","13169","Robot Wars: Arenas of Destruction","13740","3720","20","2","7","0","0","3.69","Robot Wars: Arenas of Destruction"
"Running High","13170","Running High","13740","480","116","1","1","0","0","28.63","Running High"
"Police Simulator 2","13171","Police Simulator 2","13680","300","225","1","1","0","0","45.6","Police Simulator 2"
"Chronicle of Innsmouth","13172","Chronicle of Innsmouth","13680","1920","52","1","6","0","0","7.13","Chronicle of Innsmouth"
"Clockwork Empires","13173","Clockwork Empires","13680","6780","12","1","12","0","0","2.02","Clockwork Empires"
"Port Royale 3: Pirates & Merchants","13174","Port Royale 3: Pirates & Merchants","13680","6660","39","2","34","0","0","2.05","Port Royale 3: Pirates & Merchants"
"Lemma","13175","Lemma","13680","3780","54","1","17","0","0","3.62","Lemma"
"Delta Force 2","13176","Delta Force 2","13680","2220","67","1","11","0","0","6.16","Delta Force 2"
"Wizardry II: The Knight of Diamonds","13177","Wizardry II: The Knight of Diamonds","13680","2700","19","1","2","0","0","5.07","Wizardry II: The Knight of Diamonds"
"Time and Eternity","13178","Time and Eternity","13680","5100","16","2","12","0","0","2.68","Time and Eternity"
"Oknytt","13179","Oknytt","13680","3960","19","1","14","0","0","3.45","Oknytt"
"Spore Creatures","13180","Spore Creatures","13680","3300","58","1","20","0","0","4.15","Spore Creatures"
"Dungeon Explorer II","13181","Dungeon Explorer II","13680","1260","29","1","4","0","0","10.86","Dungeon Explorer II"
"Sega Superstars Tennis","13182","Sega Superstars Tennis","13620","2520","43","1","10","0","0","5.4","Sega Superstars Tennis"
"Digimon RPG","13183","Digimon RPG","13620","2160","165","1","9","0","0","6.31","Digimon RPG"
"Champions of Krynn","13184","Champions of Krynn","13620","3120","21","1","9","0","0","4.37","Champions of Krynn"
"Rogue Trooper","13185","Rogue Trooper","13620","9000","14","2","30","0","0","1.51","Rogue Trooper"
"Spelunker HD","13186","Spelunker HD","13620","4380","12","2","11","0","0","3.11","Spelunker HD"
"Yu-Gi-Oh! Arc-V Tag Force Special","13187","Yu-Gi-Oh! Arc-V Tag Force Special","13620","5760","14","2","19","0","0","2.36","Yu-Gi-Oh! Arc-V Tag Force Special"
"Road Trip: Arcade Edition","13188","Road Trip: Arcade Edition","13620","2220","47","1","4","0","0","6.14","Road Trip: Arcade Edition"
"Spirits of Xanadu","13189","Spirits of Xanadu","13620","2700","38","1","12","0","0","5.04","Spirits of Xanadu"
"Three Fourths Home","13190","Three Fourths Home","13620","6240","14","2","42","0","0","2.18","Three Fourths Home"
"Framed 2","13191","Framed 2","13620","780","50","1","4","0","0","17.46","Framed 2"
"Soundboxing","13192","Soundboxing","13620","6960","25","2","15","0","0","1.96","Soundboxing"
"TwitchCon 2016","13193","TwitchCon 2016","13620","2040","340","1","7","0","0","6.68","TwitchCon 2016"
"Eclipse: New Dawn for the Galaxy","13194","Eclipse: New Dawn for the Galaxy","13620","1800","100","4","10","0","0","7.57","Eclipse: New Dawn for the Galaxy"
"Dystoria","13195","Dystoria","13620","3120","25","2","11","0","0","4.37","Dystoria"
"Langrisser I & II","13196","Langrisser I & II","13560","2760","74","1","8","0","0","4.91","Langrisser I & II"
"Gambler Jiko Chuushinha","13197","Gambler Jiko Chuushinha","13560","1020","55","1","3","0","0","13.29","Gambler Jiko Chuushinha"
"Reaching for Petals","13198","Reaching for Petals","13560","2040","25","1","13","0","0","6.65","Reaching for Petals"
"Kung Fu","13199","Kung Fu","13560","7860","34","2","28","0","0","1.73","Kung Fu"
"Tekken Pachi-Slot 3rd","13200","Tekken Pachi-Slot 3rd","13560","420","77","1","2","0","0","32.29","Tekken Pachi-Slot 3rd"