"","","Game","Watch time","Stream time","Peak viewers","Peak channels","Streamers","Average viewers","Average channels","Average viewer ratio",""
"Pac-Man and the Ghostly Adventures","11801","Pac-Man and the Ghostly Adventures","21060","4800","133","1","22","0","0","4.39","Pac-Man and the Ghostly Adventures"
"Casper","11802","Casper","21060","8820","41","2","22","0","0","2.39","Casper"
"Boulder Dash","11803","Boulder Dash","21060","2580","30","1","12","0","0","8.16","Boulder Dash"
"The Occupant","11804","The Occupant","21060","120","367","1","2","0","0","175.5","The Occupant"
"NBA 2K8","11805","NBA 2K8","21060","10560","36","2","34","0","0","1.99","NBA 2K8"
"Qb","11806","Qb","21000","240","319","1","1","0","0","87.5","Qb"
"Blanco","11807","Blanco","21000","360","336","1","4","0","0","58.33","Blanco"
"Gooka","11808","Gooka","21000","900","108","1","3","0","0","23.33","Gooka"
"Evolution","11809","Evolution","21000","3780","74","1","14","0","0","5.56","Evolution"
"Assault Suit Leynos","11810","Assault Suit Leynos","21000","10800","15","2","52","0","0","1.94","Assault Suit Leynos"
"Prinny 2: Dawn of Operation Panties, Dood!","11811","Prinny 2: Dawn of Operation Panties, Dood!","21000","5280","43","1","8","0","0","3.98","Prinny 2: Dawn of Operation Panties, Dood!"
"Moon","11812","Moon","21000","15180","20","2","35","0","0","1.38","Moon"
"Irritating Stick","11813","Irritating Stick","21000","2940","14","1","2","0","0","7.14","Irritating Stick"
"The Awakened Fate Ultimatum","11814","The Awakened Fate Ultimatum","21000","2880","66","1","3","0","0","7.29","The Awakened Fate Ultimatum"
"Audio Diagnostics","11815","Audio Diagnostics","21000","4380","104","2","14","0","0","4.79","Audio Diagnostics"
"NAM","11816","NAM","21000","1560","69","1","8","0","0","13.46","NAM"
"Fatal Labyrinth","11817","Fatal Labyrinth","21000","5820","163","2","22","0","0","3.61","Fatal Labyrinth"
"Alchemy Mysteries: Prague Legends","11818","Alchemy Mysteries: Prague Legends","20940","2940","125","1","16","0","0","7.12","Alchemy Mysteries: Prague Legends"
"Stealth Inc. 2: A Game of Clones","11819","Stealth Inc. 2: A Game of Clones","20940","8700","72","2","42","0","0","2.41","Stealth Inc. 2: A Game of Clones"
"Nobunaga no Yabou Online","11820","Nobunaga no Yabou Online","20940","10440","11","2","5","0","0","2.01","Nobunaga no Yabou Online"
"Heroes Reborn: Gemini","11821","Heroes Reborn: Gemini","20940","6720","41","1","26","0","0","3.12","Heroes Reborn: Gemini"
"Frogger 2","11822","Frogger 2","20940","1020","323","1","13","0","0","20.53","Frogger 2"
"Dark Sun: Shattered Lands","11823","Dark Sun: Shattered Lands","20940","5100","14","1","9","0","0","4.11","Dark Sun: Shattered Lands"
"Firefly","11824","Firefly","20940","4860","58","1","5","0","0","4.31","Firefly"
"Beach Bounce","11825","Beach Bounce","20940","1140","74","1","3","0","0","18.37","Beach Bounce"
"Klonoa Beach Volleyball","11826","Klonoa Beach Volleyball","20940","4560","54","1","7","0","0","4.59","Klonoa Beach Volleyball"
"Magic School Bus in Concert","11827","Magic School Bus in Concert","20940","120","196","1","0","0","0","174.5","Magic School Bus in Concert"
"Frogger Beyond","11828","Frogger Beyond","20940","1200","107","1","7","0","0","17.45","Frogger Beyond"
"Lost Lands: The Four Horsemen","11829","Lost Lands: The Four Horsemen","20940","3480","30","1","7","0","0","6.02","Lost Lands: The Four Horsemen"
"ChuChu Rocket!","11830","ChuChu Rocket!","20940","1920","129","1","13","0","0","10.91","ChuChu Rocket!"
"Stars in Shadow","11831","Stars in Shadow","20940","3600","93","1","11","0","0","5.82","Stars in Shadow"
"Dragon: A Game About a Dragon","11832","Dragon: A Game About a Dragon","20940","3960","31","2","23","0","0","5.29","Dragon: A Game About a Dragon"
"Children of Morta","11833","Children of Morta","20940","2340","74","1","12","0","0","8.95","Children of Morta"
"Star Wars: Armada","11834","Star Wars: Armada","20880","8820","19","2","6","0","0","2.37","Star Wars: Armada"
"Arktika.1","11835","Arktika.1","20880","13680","26","6","46","0","0","1.53","Arktika.1"
"The Rumble Fish 2","11836","The Rumble Fish 2","20880","1320","101","1","6","0","0","15.82","The Rumble Fish 2"
"La Pucelle: Tactics","11837","La Pucelle: Tactics","20880","9120","22","2","12","0","0","2.29","La Pucelle: Tactics"
"Krosmaster Arena","11838","Krosmaster Arena","20880","4980","55","1","24","0","0","4.19","Krosmaster Arena"
"No Limits 2","11839","No Limits 2","20880","10800","39","3","35","0","0","1.93","No Limits 2"
"Are You Smarter than a 5th Grader? Game Time","11840","Are You Smarter than a 5th Grader? Game Time","20880","660","163","1","2","0","0","31.64","Are You Smarter than a 5th Grader? Game Time"
"Frontiers","11841","Frontiers","20880","5580","36","2","37","0","0","3.74","Frontiers"
"Snuggle Truck","11842","Snuggle Truck","20880","1620","122","1","13","0","0","12.89","Snuggle Truck"
"Divinity II: Flames of Vengeance","11843","Divinity II: Flames of Vengeance","20820","9300","20","1","29","0","0","2.24","Divinity II: Flames of Vengeance"
"Tobal No. 1","11844","Tobal No. 1","20820","2700","41","1","7","0","0","7.71","Tobal No. 1"
"One Chance","11845","One Chance","20820","1140","128","1","9","0","0","18.26","One Chance"
"Crackdown 2","11846","Crackdown 2","20820","7500","18","1","13","0","0","2.78","Crackdown 2"
"Digimon World Data Squad","11847","Digimon World Data Squad","20820","11400","20","2","22","0","0","1.83","Digimon World Data Squad"
"Rockman EXE WS","11848","Rockman EXE WS","20820","3780","36","2","7","0","0","5.51","Rockman EXE WS"
"Starblast","11849","Starblast","20820","4200","177","1","13","0","0","4.96","Starblast"
"Jet Set Willy","11850","Jet Set Willy","20820","180","297","1","2","0","0","115.67","Jet Set Willy"
"Kindred Spirits on the Roof","11851","Kindred Spirits on the Roof","20820","5040","51","1","9","0","0","4.13","Kindred Spirits on the Roof"
"My Little Kitty Day Care","11852","My Little Kitty Day Care","20820","3660","56","1","5","0","0","5.69","My Little Kitty Day Care"
"The Saga of Ryzom","11853","The Saga of Ryzom","20760","19140","47","2","10","0","0","1.08","The Saga of Ryzom"
"Zombie Kill of the Week - Reborn","11854","Zombie Kill of the Week - Reborn","20760","8160","43","2","32","0","0","2.54","Zombie Kill of the Week - Reborn"
"Pong","11855","Pong","20760","5280","94","2","29","0","0","3.93","Pong"
"101-in-1 Explosive Megamix","11856","101-in-1 Explosive Megamix","20760","840","51","1","2","0","0","24.71","101-in-1 Explosive Megamix"
"Stitched","11857","Stitched","20760","1800","35","1","2","0","0","11.53","Stitched"
"Fire Emblem: Ankoku Ryu to Hikari no Tsurugi","11858","Fire Emblem: Ankoku Ryu to Hikari no Tsurugi","20760","13680","8","1","28","0","0","1.52","Fire Emblem: Ankoku Ryu to Hikari no Tsurugi"
"The Simpsons: Bartman Meets Radioactive Man","11859","The Simpsons: Bartman Meets Radioactive Man","20760","420","118","2","2","0","0","49.43","The Simpsons: Bartman Meets Radioactive Man"
"PacDoom III: Halloween Party","11860","PacDoom III: Halloween Party","20760","16200","4","2","2","0","0","1.28","PacDoom III: Halloween Party"
"Animal Jam","11861","Animal Jam","20760","19800","15","2","80","0","0","1.05","Animal Jam"
"Columns","11862","Columns","20760","14400","20","2","27","0","0","1.44","Columns"
"Sengoku Rance","11863","Sengoku Rance","20760","8400","14","2","10","0","0","2.47","Sengoku Rance"
"DoDonPachi Dai Ou Jou Black Label EXTRA","11864","DoDonPachi Dai Ou Jou Black Label EXTRA","20700","4140","21","2","9","0","0","5","DoDonPachi Dai Ou Jou Black Label EXTRA"
"SingStar Latino","11865","SingStar Latino","20700","360","167","1","2","0","0","57.5","SingStar Latino"
"Badlands","11866","Badlands","20700","2580","92","1","14","0","0","8.02","Badlands"
"Crisis Action","11867","Crisis Action","20700","1560","168","1","7","0","0","13.27","Crisis Action"
"Bubble Bath Babes","11868","Bubble Bath Babes","20640","12360","27","1","4","0","0","1.67","Bubble Bath Babes"
"Stellar Tactics","11869","Stellar Tactics","20640","4140","34","1","14","0","0","4.99","Stellar Tactics"
"Behold The Kickmen","11870","Behold The Kickmen","20640","5220","72","5","43","0","0","3.95","Behold The Kickmen"
"NEKO-NIN exHeart","11871","NEKO-NIN exHeart","20640","4320","22","2","22","0","0","4.78","NEKO-NIN exHeart"
"Revolution","11872","Revolution","20640","37140","24","3","145","0","0","0.56","Revolution"
"Ace Combat 3: Electrosphere","11873","Ace Combat 3: Electrosphere","20640","13320","20","2","40","0","0","1.55","Ace Combat 3: Electrosphere"
"Data Hacker: Initiation","11874","Data Hacker: Initiation","20640","2340","185","1","6","0","0","8.82","Data Hacker: Initiation"
"Medal of Honor: Allied Assault - Spearhead","11875","Medal of Honor: Allied Assault - Spearhead","20640","9240","50","1","26","0","0","2.23","Medal of Honor: Allied Assault - Spearhead"
"SRS: Street Racing Syndicate","11876","SRS: Street Racing Syndicate","20640","5880","27","1","24","0","0","3.51","SRS: Street Racing Syndicate"
"Solace","11877","Solace","20640","720","440","1","1","0","0","28.67","Solace"
"Towns","11878","Towns","20640","5280","33","1","19","0","0","3.91","Towns"
"10000000","11879","10000000","20640","9600","26","2","44","0","0","2.15","10000000"
"Vigilante 8: 2nd Offense","11880","Vigilante 8: 2nd Offense","20580","6300","36","2","26","0","0","3.27","Vigilante 8: 2nd Offense"
"Asda Story","11881","Asda Story","20580","4500","262","1","15","0","0","4.57","Asda Story"
"Lost Planet: Extreme Condition - Colonies Edition","11882","Lost Planet: Extreme Condition - Colonies Edition","20580","12960","8","2","27","0","0","1.59","Lost Planet: Extreme Condition - Colonies Edition"
"Dragon Quest Monsters 2: Iru to Ruka no Fushigi na Fushigi na Kagi","11883","Dragon Quest Monsters 2: Iru to Ruka no Fushigi na Fushigi na Kagi","20580","780","56","1","2","0","0","26.38","Dragon Quest Monsters 2: Iru to Ruka no Fushigi na Fushigi na Kagi"
"Demon Gaze","11884","Demon Gaze","20580","5280","11","1","4","0","0","3.9","Demon Gaze"
"Inferno Climber","11885","Inferno Climber","20580","6660","24","2","10","0","0","3.09","Inferno Climber"
"King under the Mountain","11886","King under the Mountain","20580","300","341","1","4","0","0","68.6","King under the Mountain"
"Oculus Medium","11887","Oculus Medium","20580","15720","18","2","37","0","0","1.31","Oculus Medium"
"NekopaLive","11888","NekopaLive","20520","2100","198","2","11","0","0","9.77","NekopaLive"
"Bomber","11889","Bomber","20520","3540","50","2","10","0","0","5.8","Bomber"
"Monster Rancher 3","11890","Monster Rancher 3","20520","4260","64","2","9","0","0","4.82","Monster Rancher 3"
"SpellForce: Shadow of the Phoenix","11891","SpellForce: Shadow of the Phoenix","20520","13140","11","1","23","0","0","1.56","SpellForce: Shadow of the Phoenix"
"Laghaim","11892","Laghaim","20520","10380","20","1","6","0","0","1.98","Laghaim"
"FIFA Manager 06","11893","FIFA Manager 06","20520","120","342","1","1","0","0","171","FIFA Manager 06"
"Dream C Club Gogo","11894","Dream C Club Gogo","20520","600","75","1","2","0","0","34.2","Dream C Club Gogo"
"Insecticide","11895","Insecticide","20520","1200","279","1","11","0","0","17.1","Insecticide"
"UNO & Friends","11896","UNO & Friends","20520","9780","34","3","66","0","0","2.1","UNO & Friends"
"Ikari Warriors","11897","Ikari Warriors","20520","7860","45","1","15","0","0","2.61","Ikari Warriors"
"Albatross18","11898","Albatross18","20520","7320","24","2","25","0","0","2.8","Albatross18"
"Unity of Command","11899","Unity of Command","20520","37380","19","2","56","0","0","0.55","Unity of Command"
"The idolm@ster: Shiny TV","11900","The idolm@ster: Shiny TV","20520","3360","21","1","8","0","0","6.11","The idolm@ster: Shiny TV"