"","","Game","Watch time","Stream time","Peak viewers","Peak channels","Streamers","Average viewers","Average channels","Average viewer ratio",""
"Chavez","10101","Chavez","38640","480","124","1","1","0","0","80.5","Chavez"
"Caveman Warriors","10102","Caveman Warriors","38580","3060","186","2","9","0","0","12.61","Caveman Warriors"
"Dungeons of Kremlin","10103","Dungeons of Kremlin","38580","420","331","1","4","0","0","91.86","Dungeons of Kremlin"
"Moero! Nekketsu Rhythm Damashii Osu! Tatakae! Ouendan 2","10104","Moero! Nekketsu Rhythm Damashii Osu! Tatakae! Ouendan 2","38580","720","181","1","3","0","0","53.58","Moero! Nekketsu Rhythm Damashii Osu! Tatakae! Ouendan 2"
"jubeat plus","10105","jubeat plus","38520","7380","50","1","26","0","0","5.22","jubeat plus"
"Tribal Wars 2","10106","Tribal Wars 2","38520","12480","11","2","7","0","0","3.09","Tribal Wars 2"
"Commandos 3: Destination Berlin","10107","Commandos 3: Destination Berlin","38520","4620","90","1","22","0","0","8.34","Commandos 3: Destination Berlin"
"Hooligans: Storm Over Europe","10108","Hooligans: Storm Over Europe","38520","60","642","1","1","0","0","642","Hooligans: Storm Over Europe"
"Beat Sneak Bandit","10109","Beat Sneak Bandit","38520","240","178","1","1","0","0","160.5","Beat Sneak Bandit"
"Dungeon of Zaar","10110","Dungeon of Zaar","38520","3480","35","2","16","0","0","11.07","Dungeon of Zaar"
"Oh Shit!","10111","Oh Shit!","38460","1080","322","1","8","0","0","35.61","Oh Shit!"
"Prime Arena","10112","Prime Arena","38460","5520","96","3","38","0","0","6.97","Prime Arena"
"Portal Stories: VR","10113","Portal Stories: VR","38460","4200","119","2","16","0","0","9.16","Portal Stories: VR"
"Boiling Bolt","10114","Boiling Bolt","38460","1620","104","1","0","0","0","23.74","Boiling Bolt"
"Cake Mania 2: Jill's Next Adventure!","10115","Cake Mania 2: Jill's Next Adventure!","38460","960","99","1","2","0","0","40.06","Cake Mania 2: Jill's Next Adventure!"
"Elevator Action Deluxe","10116","Elevator Action Deluxe","38460","360","181","1","2","0","0","106.83","Elevator Action Deluxe"
"Spyro 2: Season of Flame","10117","Spyro 2: Season of Flame","38460","3000","73","1","14","0","0","12.82","Spyro 2: Season of Flame"
"Blitz: The League II","10118","Blitz: The League II","38460","3120","50","1","7","0","0","12.33","Blitz: The League II"
"Outlaws: Handful of Missions","10119","Outlaws: Handful of Missions","38400","3420","141","2","8","0","0","11.23","Outlaws: Handful of Missions"
"Naruto: Uzumaki Chronicles","10120","Naruto: Uzumaki Chronicles","38400","4200","359","1","7","0","0","9.14","Naruto: Uzumaki Chronicles"
"Nintendo World Championships 1990","10121","Nintendo World Championships 1990","38400","6540","120","7","43","0","0","5.87","Nintendo World Championships 1990"
"Why Am I Dead At Sea","10122","Why Am I Dead At Sea","38400","9840","41","2","20","0","0","3.9","Why Am I Dead At Sea"
"hackmud","10123","hackmud","38340","10860","187","2","40","0","0","3.53","hackmud"
"Heroes of Might and Magic V: Hammers of Fate","10124","Heroes of Might and Magic V: Hammers of Fate","38340","11160","44","2","46","0","0","3.44","Heroes of Might and Magic V: Hammers of Fate"
"Pogo","10125","Pogo","38280","15300","34","1","15","0","0","2.5","Pogo"
"The Lost Crown: A Ghost-Hunting Adventure","10126","The Lost Crown: A Ghost-Hunting Adventure","38280","7320","21","1","12","0","0","5.23","The Lost Crown: A Ghost-Hunting Adventure"
"Lode Runner","10127","Lode Runner","38280","8760","178","2","24","0","0","4.37","Lode Runner"
"Sam & Max Episode 304: Beyond the Alley of the Dolls","10128","Sam & Max Episode 304: Beyond the Alley of the Dolls","38280","3660","59","1","12","0","0","10.46","Sam & Max Episode 304: Beyond the Alley of the Dolls"
"Dungeons & Dragons Collection","10129","Dungeons & Dragons Collection","38280","3600","174","1","8","0","0","10.63","Dungeons & Dragons Collection"
"Nova 9: Return of Gir Draxon","10130","Nova 9: Return of Gir Draxon","38280","2820","29","1","1","0","0","13.57","Nova 9: Return of Gir Draxon"
"N.E.R.O.: Nothing Ever Remains Obscure","10131","N.E.R.O.: Nothing Ever Remains Obscure","38280","9120","109","2","106","0","0","4.2","N.E.R.O.: Nothing Ever Remains Obscure"
"Hell Girls","10132","Hell Girls","38280","6720","390","1","27","0","0","5.7","Hell Girls"
"Try Hard Parking","10133","Try Hard Parking","38220","1260","150","1","13","0","0","30.33","Try Hard Parking"
"Splatter","10134","Splatter","38220","12360","123","3","63","0","0","3.09","Splatter"
"Evergrace","10135","Evergrace","38220","5160","60","1","12","0","0","7.41","Evergrace"
"1080° Snowboarding","10136","1080° Snowboarding","38220","8340","126","2","42","0","0","4.58","1080° Snowboarding"
"Morphopolis","10137","Morphopolis","38160","5820","69","1","36","0","0","6.56","Morphopolis"
"Space Rangers 2: Rise of the Dominators","10138","Space Rangers 2: Rise of the Dominators","38160","4620","82","2","11","0","0","8.26","Space Rangers 2: Rise of the Dominators"
"Vib-Ribbon","10139","Vib-Ribbon","38160","2340","165","1","15","0","0","16.31","Vib-Ribbon"
"Warlock II: The Exiled","10140","Warlock II: The Exiled","38160","6600","92","1","15","0","0","5.78","Warlock II: The Exiled"
"Pain Train","10141","Pain Train","38160","2700","172","2","17","0","0","14.13","Pain Train"
"House of the Dying Sun","10142","House of the Dying Sun","38160","13980","76","2","66","0","0","2.73","House of the Dying Sun"
"Pool of Radiance","10143","Pool of Radiance","38100","23640","20","2","24","0","0","1.61","Pool of Radiance"
"Sam & Max Episode 3: The Mole, the Mob, and the Meatball","10144","Sam & Max Episode 3: The Mole, the Mob, and the Meatball","38040","5460","97","1","32","0","0","6.97","Sam & Max Episode 3: The Mole, the Mob, and the Meatball"
"The Walking Dead: No Man's Land","10145","The Walking Dead: No Man's Land","38040","12660","66","2","28","0","0","3","The Walking Dead: No Man's Land"
"Life Force","10146","Life Force","38040","8880","84","5","41","0","0","4.28","Life Force"
"Demolition Company","10147","Demolition Company","38040","3060","157","1","13","0","0","12.43","Demolition Company"
"Yu-Gi-Oh! GX Tag Force 2","10148","Yu-Gi-Oh! GX Tag Force 2","38040","6300","82","1","17","0","0","6.04","Yu-Gi-Oh! GX Tag Force 2"
"Mighty Switch Force!","10149","Mighty Switch Force!","38040","9840","110","2","44","0","0","3.87","Mighty Switch Force!"
"Daxter","10150","Daxter","38040","15840","28","2","26","0","0","2.4","Daxter"
"Digimon World Re: Digitize","10151","Digimon World Re: Digitize","38040","11880","28","2","29","0","0","3.2","Digimon World Re: Digitize"
"Beetlejuice","10152","Beetlejuice","37980","2160","183","2","9","0","0","17.58","Beetlejuice"
"1602 A.D.","10153","1602 A.D.","37980","9540","172","2","21","0","0","3.98","1602 A.D."
"Pawarumi","10154","Pawarumi","37980","5220","52","1","22","0","0","7.28","Pawarumi"
"Densha de Go! Final","10155","Densha de Go! Final","37920","3240","138","1","10","0","0","11.7","Densha de Go! Final"
"Mario & Sonic at the London 2012 Olympic Games","10156","Mario & Sonic at the London 2012 Olympic Games","37920","3660","485","1","17","0","0","10.36","Mario & Sonic at the London 2012 Olympic Games"
"Legend of Mir 2","10157","Legend of Mir 2","37920","15540","62","2","26","0","0","2.44","Legend of Mir 2"
"Front Mission Evolved","10158","Front Mission Evolved","37860","7560","194","2","21","0","0","5.01","Front Mission Evolved"
"Samurai Warriors Chronicles","10159","Samurai Warriors Chronicles","37860","180","1020","1","2","0","0","210.33","Samurai Warriors Chronicles"
"Hatsune Miku: VR Future Live","10160","Hatsune Miku: VR Future Live","37860","8040","64","2","30","0","0","4.71","Hatsune Miku: VR Future Live"
"Radiohammer","10161","Radiohammer","37860","780","222","1","2","0","0","48.54","Radiohammer"
"Atomine","10162","Atomine","37860","8280","158","2","42","0","0","4.57","Atomine"
"3 Xtreme","10163","3 Xtreme","37800","720","325","1","3","0","0","52.5","3 Xtreme"
"Eisenwald: Blood of November","10164","Eisenwald: Blood of November","37800","7800","14","2","8","0","0","4.85","Eisenwald: Blood of November"
"Pro Cycling Manager 2016","10165","Pro Cycling Manager 2016","37800","11760","18","2","24","0","0","3.21","Pro Cycling Manager 2016"
"OutRun 2006: Coast 2 Coast","10166","OutRun 2006: Coast 2 Coast","37800","17760","67","2","71","0","0","2.13","OutRun 2006: Coast 2 Coast"
"Chris Sawyer's Locomotion","10167","Chris Sawyer's Locomotion","37800","2760","96","1","7","0","0","13.7","Chris Sawyer's Locomotion"
"Pocky & Rocky with Becky","10168","Pocky & Rocky with Becky","37800","240","638","1","3","0","0","157.5","Pocky & Rocky with Becky"
"Mayhem","10169","Mayhem","37800","8400","30","2","18","0","0","4.5","Mayhem"
"Space Pirates and Zombies","10170","Space Pirates and Zombies","37740","19320","98","2","54","0","0","1.95","Space Pirates and Zombies"
"Techwars Online 2","10171","Techwars Online 2","37740","9240","156","2","73","0","0","4.08","Techwars Online 2"
"UFC: Tapout","10172","UFC: Tapout","37680","3240","681","2","12","0","0","11.63","UFC: Tapout"
"Hyperdimension Neptunia: Producing Perfection","10173","Hyperdimension Neptunia: Producing Perfection","37680","3180","156","1","11","0","0","11.85","Hyperdimension Neptunia: Producing Perfection"
"Anno 1602: Erschaffung einer neuen Welt - Neue Inseln, Neue Abenteuer","10174","Anno 1602: Erschaffung einer neuen Welt - Neue Inseln, Neue Abenteuer","37620","6360","158","2","26","0","0","5.92","Anno 1602: Erschaffung einer neuen Welt - Neue Inseln, Neue Abenteuer"
"Super Pitfall","10175","Super Pitfall","37620","1020","596","1","4","0","0","36.88","Super Pitfall"
"Style Savvy: Styling Star","10176","Style Savvy: Styling Star","37620","6660","24","1","2","0","0","5.65","Style Savvy: Styling Star"
"Kritika Sea Online","10177","Kritika Sea Online","37560","5100","47","1","22","0","0","7.36","Kritika Sea Online"
"Power Shovel","10178","Power Shovel","37560","5160","28","1","8","0","0","7.28","Power Shovel"
"Mad TV","10179","Mad TV","37560","3360","65","1","7","0","0","11.18","Mad TV"
"Magic Duels: Origins","10180","Magic Duels: Origins","37560","14640","181","2","27","0","0","2.57","Magic Duels: Origins"
"StarDrive 2","10181","StarDrive 2","37560","6720","31","2","15","0","0","5.59","StarDrive 2"
"Dino Stalker","10182","Dino Stalker","37560","3060","27","2","7","0","0","12.27","Dino Stalker"
"Crash Bandicoot Purple: Ripto's Rampage","10183","Crash Bandicoot Purple: Ripto's Rampage","37560","7560","31","2","22","0","0","4.97","Crash Bandicoot Purple: Ripto's Rampage"
"Three Dirty Dwarves","10184","Three Dirty Dwarves","37500","780","157","1","3","0","0","48.08","Three Dirty Dwarves"
"Caesar IV","10185","Caesar IV","37500","5520","93","1","21","0","0","6.79","Caesar IV"
"Gamino","10186","Gamino","37500","7620","25","1","9","0","0","4.92","Gamino"
"Tetris DS","10187","Tetris DS","37500","5880","92","1","26","0","0","6.38","Tetris DS"
"Sam & Max Episode 203: Night of the Raving Dead","10188","Sam & Max Episode 203: Night of the Raving Dead","37500","3840","75","1","18","0","0","9.77","Sam & Max Episode 203: Night of the Raving Dead"
"The Escapists: The Walking Dead","10189","The Escapists: The Walking Dead","37500","17460","26","2","99","0","0","2.15","The Escapists: The Walking Dead"
"123 Animal Math Games For Kids","10190","123 Animal Math Games For Kids","37440","35040","10","2","29","0","0","1.07","123 Animal Math Games For Kids"
"Jesus Christ RPG Trilogy","10191","Jesus Christ RPG Trilogy","37440","11580","156","1","51","0","0","3.23","Jesus Christ RPG Trilogy"
"SOCOM: U.S. Navy SEALs - Combined Assault","10192","SOCOM: U.S. Navy SEALs - Combined Assault","37440","12840","28","3","19","0","0","2.92","SOCOM: U.S. Navy SEALs - Combined Assault"
"Puzzle Quest 2","10193","Puzzle Quest 2","37440","7500","109","1","17","0","0","4.99","Puzzle Quest 2"
"FPS Trainer","10194","FPS Trainer","37380","37680","13","3","88","0","0","0.99","FPS Trainer"
"Mega Turrican","10195","Mega Turrican","37380","4440","109","1","10","0","0","8.42","Mega Turrican"
"Wolfchild","10196","Wolfchild","37380","2580","121","2","12","0","0","14.49","Wolfchild"
"DragonSoul","10197","DragonSoul","37380","10800","60","1","16","0","0","3.46","DragonSoul"
"Banishing Racer","10198","Banishing Racer","37320","3480","24","1","4","0","0","10.72","Banishing Racer"
"ECW Anarchy Rulz","10199","ECW Anarchy Rulz","37320","240","294","1","2","0","0","155.5","ECW Anarchy Rulz"
"Aladdin's Wonders of the World","10200","Aladdin's Wonders of the World","37320","3000","329","1","25","0","0","12.44","Aladdin's Wonders of the World"