"","","Game","Watch time","Stream time","Peak viewers","Peak channels","Streamers","Average viewers","Average channels","Average viewer ratio",""
"Hidden Objects: Mystery Stories","10201","Hidden Objects: Mystery Stories","37320","2940","114","1","10","0","0","12.69","Hidden Objects: Mystery Stories"
"Eastside Hockey Manager","10202","Eastside Hockey Manager","37320","12300","76","2","43","0","0","3.03","Eastside Hockey Manager"
"Dead Pixels: An 8-Bit Zombie Sim","10203","Dead Pixels: An 8-Bit Zombie Sim","37320","10200","46","2","56","0","0","3.66","Dead Pixels: An 8-Bit Zombie Sim"
"Fantasy Life 2","10204","Fantasy Life 2","37260","2160","72","1","4","0","0","17.25","Fantasy Life 2"
"Elegy for a Dead World","10205","Elegy for a Dead World","37260","3420","92","1","22","0","0","10.89","Elegy for a Dead World"
"Duet","10206","Duet","37260","6900","159","1","31","0","0","5.4","Duet"
"The Stalin Subway","10207","The Stalin Subway","37260","1200","124","1","9","0","0","31.05","The Stalin Subway"
"Pac-Man & Galaga Dimensions","10208","Pac-Man & Galaga Dimensions","37260","360","383","1","3","0","0","103.5","Pac-Man & Galaga Dimensions"
"Star Wars: Pit Droids","10209","Star Wars: Pit Droids","37260","780","134","1","2","0","0","47.77","Star Wars: Pit Droids"
"Harvest Moon: Skytree Village","10210","Harvest Moon: Skytree Village","37260","2700","98","1","6","0","0","13.8","Harvest Moon: Skytree Village"
"Generals.io","10211","Generals.io","37200","39060","8","2","35","0","0","0.95","Generals.io"
"Team Kirby Clash Deluxe","10212","Team Kirby Clash Deluxe","37200","4200","71","2","21","0","0","8.86","Team Kirby Clash Deluxe"
"Companions of Xanth","10213","Companions of Xanth","37200","1080","66","1","3","0","0","34.44","Companions of Xanth"
"Space Rogue","10214","Space Rogue","37200","4500","48","2","10","0","0","8.27","Space Rogue"
"Ice Age 2: The Meltdown","10215","Ice Age 2: The Meltdown","37200","9180","79","2","26","0","0","4.05","Ice Age 2: The Meltdown"
"Splatterhouse 3","10216","Splatterhouse 3","37200","6660","132","1","30","0","0","5.59","Splatterhouse 3"
"WSOP","10217","WSOP","37200","7980","124","2","40","0","0","4.66","WSOP"
"Super Comboman","10218","Super Comboman","37200","1440","145","1","11","0","0","25.83","Super Comboman"
"Riptide GP2","10219","Riptide GP2","37200","13140","383","2","62","0","0","2.83","Riptide GP2"
"Snapshot","10220","Snapshot","37140","3960","34","1","9","0","0","9.38","Snapshot"
"Winning Post 8 2015","10221","Winning Post 8 2015","37140","960","87","1","1","0","0","38.69","Winning Post 8 2015"
"Mantis Burn Racing","10222","Mantis Burn Racing","37140","16260","54","2","67","0","0","2.28","Mantis Burn Racing"
"Super Caesar's Palace","10223","Super Caesar's Palace","37080","480","107","1","3","0","0","77.25","Super Caesar's Palace"
"Retro Garbage","10224","Retro Garbage","37080","7800","291","2","17","0","0","4.75","Retro Garbage"
"Jewel Master","10225","Jewel Master","37080","1440","380","1","7","0","0","25.75","Jewel Master"
"Vanguard Princess","10226","Vanguard Princess","37080","8760","153","1","47","0","0","4.23","Vanguard Princess"
"Megamania","10227","Megamania","37080","7740","59","1","35","0","0","4.79","Megamania"
"Sylvan Tale","10228","Sylvan Tale","37080","1260","122","1","3","0","0","29.43","Sylvan Tale"
"Generations Lost","10229","Generations Lost","37020","420","224","1","1","0","0","88.14","Generations Lost"
"Façade","10230","Façade","37020","9960","64","1","66","0","0","3.72","Façade"
"Online Chess Kingdoms","10231","Online Chess Kingdoms","37020","2340","197","1","5","0","0","15.82","Online Chess Kingdoms"
"Beatdown","10232","Beatdown","37020","1440","103","1","3","0","0","25.71","Beatdown"
"Paperboy 2","10233","Paperboy 2","36960","3840","125","2","22","0","0","9.63","Paperboy 2"
"Yoake no Mariko","10234","Yoake no Mariko","36960","240","181","1","1","0","0","154","Yoake no Mariko"
"Trapped Within","10235","Trapped Within","36900","180","330","1","2","0","0","205","Trapped Within"
"Math Blaster: Episode 1 - In Search of Spot","10236","Math Blaster: Episode 1 - In Search of Spot","36900","12360","39","2","8","0","0","2.99","Math Blaster: Episode 1 - In Search of Spot"
"Daigasso! Band Brothers","10237","Daigasso! Band Brothers","36900","480","240","1","2","0","0","76.88","Daigasso! Band Brothers"
"Fun Run Arena","10238","Fun Run Arena","36900","9420","28","2","29","0","0","3.92","Fun Run Arena"
"Spyro Orange: The Cortex Conspiracy","10239","Spyro Orange: The Cortex Conspiracy","36900","4620","72","1","6","0","0","7.99","Spyro Orange: The Cortex Conspiracy"
"GunLord","10240","GunLord","36900","2280","162","3","8","0","0","16.18","GunLord"
"Neverwinter Nights: Hordes of the Underdark","10241","Neverwinter Nights: Hordes of the Underdark","36840","8820","85","2","10","0","0","4.18","Neverwinter Nights: Hordes of the Underdark"
"Chou Jikuu Yousai Macross: Scrambled Valkyrie","10242","Chou Jikuu Yousai Macross: Scrambled Valkyrie","36840","840","211","1","3","0","0","43.86","Chou Jikuu Yousai Macross: Scrambled Valkyrie"
"Analogue: A Hate Story","10243","Analogue: A Hate Story","36780","7320","222","2","26","0","0","5.02","Analogue: A Hate Story"
"Nomad","10244","Nomad","36780","23100","25","3","101","0","0","1.59","Nomad"
"Wardner","10245","Wardner","36780","1320","180","1","3","0","0","27.86","Wardner"
"Yu-Gi-Oh! Reshef of Destruction","10246","Yu-Gi-Oh! Reshef of Destruction","36720","4980","105","1","19","0","0","7.37","Yu-Gi-Oh! Reshef of Destruction"
"Sakuna: Of Rice And Ruin","10247","Sakuna: Of Rice And Ruin","36720","240","449","1","1","0","0","153","Sakuna: Of Rice And Ruin"
"Football Fusion","10248","Football Fusion","36720","420","316","1","2","0","0","87.43","Football Fusion"
"Trashmania Remix 2012","10249","Trashmania Remix 2012","36720","300","143","1","1","0","0","122.4","Trashmania Remix 2012"
"Bots","10250","Bots","36660","11520","265","1","19","0","0","3.18","Bots"
"Cosmic Break","10251","Cosmic Break","36660","29880","23","2","35","0","0","1.23","Cosmic Break"
"Kirby Adventure","10252","Kirby Adventure","36600","7980","59","2","48","0","0","4.59","Kirby Adventure"
"Muumit Piilosilla","10253","Muumit Piilosilla","36600","22740","8","2","4","0","0","1.61","Muumit Piilosilla"
"Manhunter: New York","10254","Manhunter: New York","36600","900","89","1","2","0","0","40.67","Manhunter: New York"
"Supreme Ruler: The Great War","10255","Supreme Ruler: The Great War","36600","2820","111","3","6","0","0","12.98","Supreme Ruler: The Great War"
"bit Dungeon II","10256","bit Dungeon II","36540","18540","18","2","94","0","0","1.97","bit Dungeon II"
"The Sims 3: University Life","10257","The Sims 3: University Life","36540","7740","146","2","28","0","0","4.72","The Sims 3: University Life"
"Eyes - The Horror Game","10258","Eyes - The Horror Game","36480","9780","84","2","76","0","0","3.73","Eyes - The Horror Game"
"Barbie Sparkling Ice Show","10259","Barbie Sparkling Ice Show","36480","21900","27","2","14","0","0","1.67","Barbie Sparkling Ice Show"
"Pitfall: The Lost Expedition","10260","Pitfall: The Lost Expedition","36480","6660","72","2","22","0","0","5.48","Pitfall: The Lost Expedition"
"Boxing Legends of the Ring","10261","Boxing Legends of the Ring","36480","660","566","2","4","0","0","55.27","Boxing Legends of the Ring"
"Jeff the Killer Revenge","10262","Jeff the Killer Revenge","36480","720","184","1","3","0","0","50.67","Jeff the Killer Revenge"
"Up Yours","10263","Up Yours","36480","4920","19","1","3","0","0","7.41","Up Yours"
"Xenocide","10264","Xenocide","36480","7800","38","1","0","0","0","4.68","Xenocide"
"Hide & Hold Out - H2o","10265","Hide & Hold Out - H2o","36420","7740","155","2","26","0","0","4.71","Hide & Hold Out - H2o"
"Tak: The Great Juju Challenge","10266","Tak: The Great Juju Challenge","36420","8700","93","2","12","0","0","4.19","Tak: The Great Juju Challenge"
"Fist of the North Star: Ken's Rage 2","10267","Fist of the North Star: Ken's Rage 2","36420","6480","66","2","9","0","0","5.62","Fist of the North Star: Ken's Rage 2"
"Dead to Rights: Reckoning","10268","Dead to Rights: Reckoning","36420","1140","129","1","2","0","0","31.95","Dead to Rights: Reckoning"
"Motorbike","10269","Motorbike","36420","1140","162","1","6","0","0","31.95","Motorbike"
"Yu-Gi-Oh! Power of Chaos: Kaiba the Revenge","10270","Yu-Gi-Oh! Power of Chaos: Kaiba the Revenge","36420","4260","89","2","13","0","0","8.55","Yu-Gi-Oh! Power of Chaos: Kaiba the Revenge"
"Dark Fall: Lost Souls","10271","Dark Fall: Lost Souls","36360","2100","74","1","8","0","0","17.31","Dark Fall: Lost Souls"
"Might & Magic Duel of Champions","10272","Might & Magic Duel of Champions","36360","44880","45","2","113","0","0","0.81","Might & Magic Duel of Champions"
"First Samurai","10273","First Samurai","36360","2460","262","1","6","0","0","14.78","First Samurai"
"Paint Park","10274","Paint Park","36360","2100","246","1","13","0","0","17.31","Paint Park"
"Monopoly Streets","10275","Monopoly Streets","36300","1620","171","1","9","0","0","22.41","Monopoly Streets"
"Playing With Language: Games in English","10276","Playing With Language: Games in English","36300","3720","47","1","13","0","0","9.76","Playing With Language: Games in English"
"Super Turrican 2","10277","Super Turrican 2","36300","1680","158","4","11","0","0","21.61","Super Turrican 2"
"Chameleon Twist 2","10278","Chameleon Twist 2","36300","3480","170","1","14","0","0","10.43","Chameleon Twist 2"
"Friends: The One with All the Trivia","10279","Friends: The One with All the Trivia","36300","600","341","1","5","0","0","60.5","Friends: The One with All the Trivia"
"Runaway 2: The Dream of the Turtle","10280","Runaway 2: The Dream of the Turtle","36300","12420","27","2","18","0","0","2.92","Runaway 2: The Dream of the Turtle"
"Diddy Kong Racing DS","10281","Diddy Kong Racing DS","36300","15300","176","1","6","0","0","2.37","Diddy Kong Racing DS"
"Fighters Destiny","10282","Fighters Destiny","36300","6240","28","1","14","0","0","5.82","Fighters Destiny"
"NASA's Eyes","10283","NASA's Eyes","36300","480","262","1","3","0","0","75.63","NASA's Eyes"
"Looney Tunes Back in Action","10284","Looney Tunes Back in Action","36240","2760","170","2","11","0","0","13.13","Looney Tunes Back in Action"
"Deal or No Deal: The Banker is Back","10285","Deal or No Deal: The Banker is Back","36180","180","681","1","2","0","0","201","Deal or No Deal: The Banker is Back"
"Pocket Bomberman","10286","Pocket Bomberman","36180","5460","32","2","17","0","0","6.63","Pocket Bomberman"
"Rygar: The Legendary Adventure","10287","Rygar: The Legendary Adventure","36180","3420","60","1","6","0","0","10.58","Rygar: The Legendary Adventure"
"Uru: Ages Beyond Myst","10288","Uru: Ages Beyond Myst","36180","6780","20","1","10","0","0","5.34","Uru: Ages Beyond Myst"
"Popful Mail","10289","Popful Mail","36180","9960","17","1","23","0","0","3.63","Popful Mail"
"Player Manager 2000","10290","Player Manager 2000","36180","960","440","1","7","0","0","37.69","Player Manager 2000"
"Logic Machines","10291","Logic Machines","36180","60","696","1","1","0","0","603","Logic Machines"
"Avakin Life","10292","Avakin Life","36120","13260","86","2","19","0","0","2.72","Avakin Life"
"Joe Dever's Lone Wolf HD Remastered","10293","Joe Dever's Lone Wolf HD Remastered","36120","9900","33","1","28","0","0","3.65","Joe Dever's Lone Wolf HD Remastered"
"RUiN","10294","RUiN","36120","6180","105","11","25","0","0","5.84","RUiN"
"Saturn Bomberman","10295","Saturn Bomberman","36120","7500","119","2","23","0","0","4.82","Saturn Bomberman"
"Grand Prix 2","10296","Grand Prix 2","36120","11640","11","2","5","0","0","3.1","Grand Prix 2"
"The First Templar","10297","The First Templar","36060","13500","74","2","29","0","0","2.67","The First Templar"
"Forza Horizon 2 Presents Fast & Furious","10298","Forza Horizon 2 Presents Fast & Furious","36060","50340","15","3","258","0","0","0.72","Forza Horizon 2 Presents Fast & Furious"
"The Legendary Axe II","10299","The Legendary Axe II","36060","6240","216","1","1","0","0","5.78","The Legendary Axe II"
"DOFUS Pets","10300","DOFUS Pets","36060","1200","548","1","11","0","0","30.05","DOFUS Pets"