"","","Game","Watch time","Stream time","Peak viewers","Peak channels","Streamers","Average viewers","Average channels","Average viewer ratio",""
"Zoo Tycoon","3901","Zoo Tycoon","656760","66540","676","3","352","1","0","9.87","Zoo Tycoon"
"Blood","3902","Blood","656640","68880","607","5","188","1","0","9.53","Blood"
"Real Lives","3903","Real Lives","656460","72540","1077","3","265","1","0","9.05","Real Lives"
"Lollipop Chainsaw","3904","Lollipop Chainsaw","656340","37920","654","2","106","1","0","17.31","Lollipop Chainsaw"
"Salt","3905","Salt","655740","43140","1642","3","166","1","0","15.2","Salt"
"NFL Blitz 2000","3906","NFL Blitz 2000","655080","4320","5503","1","25","1","0","151.64","NFL Blitz 2000"
"Klonoa","3907","Klonoa","654780","21600","8242","2","54","1","0","30.31","Klonoa"
"Rise of Nations","3908","Rise of Nations","653520","75540","776","5","258","1","0","8.65","Rise of Nations"
".hack//INFECTION - Part 1","3909",".hack//INFECTION - Part 1","653220","148740","187","5","323","1","0","4.39",".hack//INFECTION - Part 1"
"Might & Magic X Legacy","3910","Might & Magic X Legacy","652560","91200","460","3","71","1","0","7.16","Might & Magic X Legacy"
"The Stanley Parable: HD Remix","3911","The Stanley Parable: HD Remix","651780","12720","1448","2","79","1","0","51.24","The Stanley Parable: HD Remix"
"Doorways","3912","Doorways","651480","11880","14565","2","69","1","0","54.84","Doorways"
"Guilty Gear","3913","Guilty Gear","651240","6660","6217","2","33","1","0","97.78","Guilty Gear"
"Guilty Gear XX Λ Core Plus","3914","Guilty Gear XX Λ Core Plus","650580","17940","3466","2","74","1","0","36.26","Guilty Gear XX Λ Core Plus"
"Master of Orion","3915","Master of Orion","649320","104160","602","4","247","1","0","6.23","Master of Orion"
"Mario Superstar Baseball","3916","Mario Superstar Baseball","649140","34560","1767","3","151","1","0","18.78","Mario Superstar Baseball"
"Dig Or Die","3917","Dig Or Die","648960","58860","532","2","164","1","0","11.03","Dig Or Die"
"Battle Ground","3918","Battle Ground","648960","397500","3544","13","843","1","0","1.63","Battle Ground"
"Vietcong: Fist Alpha","3919","Vietcong: Fist Alpha","648720","1680","3169","1","8","1","0","386.14","Vietcong: Fist Alpha"
"Welcome to the Ballroom","3920","Welcome to the Ballroom","648600","1560","11800","24","27","1","0","415.77","Welcome to the Ballroom"
"Gonner","3921","Gonner","648120","57420","3004","3","319","1","0","11.29","Gonner"
"Dead Island: Definitive Collection","3922","Dead Island: Definitive Collection","647760","132840","331","8","2330","1","0","4.88","Dead Island: Definitive Collection"
"Phase Shift","3923","Phase Shift","646620","179400","686","4","372","1","0","3.6","Phase Shift"
"Cool Spot","3924","Cool Spot","646080","11340","1019","3","37","1","0","56.97","Cool Spot"
"NeoGeo Battle Coliseum","3925","NeoGeo Battle Coliseum","645900","11460","5424","2","58","1","0","56.36","NeoGeo Battle Coliseum"
"slot!","3926","slot!","645780","10020","385","1","28","1","0","64.45","slot!"
"Blues & Bullets","3927","Blues & Bullets","645660","30780","1440","2","80","1","0","20.98","Blues & Bullets"
"Manhunt","3928","Manhunt","645600","144540","1794","4","507","1","0","4.47","Manhunt"
"Brain Games","3929","Brain Games","645480","4200","6175","2","12","1","0","153.69","Brain Games"
"Test Drive 5","3930","Test Drive 5","644940","2100","7909","2","11","1","0","307.11","Test Drive 5"
"Galactic Junk League","3931","Galactic Junk League","644160","100860","538","12","421","1","0","6.39","Galactic Junk League"
"Scorn","3932","Scorn","643560","10680","4635","5","100","1","0","60.26","Scorn"
"Haunted Childhood","3933","Haunted Childhood","643440","180","15733","3","3","1","0","3574.67","Haunted Childhood"
"Forza Horizon 2","3934","Forza Horizon 2","643260","491160","159","12","2193","1","0","1.31","Forza Horizon 2"
"Naruto Shippuden: Ultimate Ninja Storm 3","3935","Naruto Shippuden: Ultimate Ninja Storm 3","643140","81900","749","3","355","1","0","7.85","Naruto Shippuden: Ultimate Ninja Storm 3"
"Kuru Kuru Kururin","3936","Kuru Kuru Kururin","642960","51300","706","9","84","1","0","12.53","Kuru Kuru Kururin"
"Aliens vs. Predator","3937","Aliens vs. Predator","642360","350460","680","5","507","1","0","1.83","Aliens vs. Predator"
"Binary Domain","3938","Binary Domain","642300","81840","2378","3","211","1","0","7.85","Binary Domain"
"Mortal Blitz","3939","Mortal Blitz","642060","7440","5529","1","54","1","0","86.3","Mortal Blitz"
"64 Tamagotchi World!","3940","64 Tamagotchi World!","641820","180","3754","1","0","1","0","3565.67","64 Tamagotchi World!"
"Surf World Series","3941","Surf World Series","641400","12960","10539","3","74","1","0","49.49","Surf World Series"
"Super Amazing Wagon Adventure","3942","Super Amazing Wagon Adventure","639900","23040","1366","3","168","1","0","27.77","Super Amazing Wagon Adventure"
"Sailor Moon SuperS","3943","Sailor Moon SuperS","639720","2820","1117","1","14","1","0","226.85","Sailor Moon SuperS"
"Riot: Civil Unrest","3944","Riot: Civil Unrest","639300","13800","2175","10","2","1","0","46.33","Riot: Civil Unrest"
"Replica","3945","Replica","639300","22140","1078","6","132","1","0","28.88","Replica"
"NothingElse","3946","NothingElse","638400","350760","1577","7","1304","1","0","1.82","NothingElse"
"Story of Seasons","3947","Story of Seasons","638160","52440","298","5","69","1","0","12.17","Story of Seasons"
"Ys III: Wanderers from Ys","3948","Ys III: Wanderers from Ys","638040","31800","2328","2","57","1","0","20.06","Ys III: Wanderers from Ys"
"Dino D-Day","3949","Dino D-Day","637500","55260","2722","3","312","1","0","11.54","Dino D-Day"
"Seventh Cross Evolution","3950","Seventh Cross Evolution","636960","1260","6258","3","9","1","0","505.52","Seventh Cross Evolution"
"Little Kite","3951","Little Kite","636900","2760","2015","1","12","1","0","230.76","Little Kite"
"Dragon Ball Z: Attack of the Saiyans","3952","Dragon Ball Z: Attack of the Saiyans","636780","12120","3759","2","28","1","0","52.54","Dragon Ball Z: Attack of the Saiyans"
"Teenage Mutant Ninja Turtles: The HyperStone Heist","3953","Teenage Mutant Ninja Turtles: The HyperStone Heist","636720","17640","6113","2","61","1","0","36.1","Teenage Mutant Ninja Turtles: The HyperStone Heist"
"The Mooseman","3954","The Mooseman","636660","18720","1740","2","77","1","0","34.01","The Mooseman"
"Custom Robo","3955","Custom Robo","636600","70560","831","5","142","1","0","9.02","Custom Robo"
"Aaero","3956","Aaero","636300","72480","832","8","315","1","0","8.78","Aaero"
"TrackMania United Forever","3957","TrackMania United Forever","635640","116880","383","4","331","1","0","5.44","TrackMania United Forever"
"Zico Soccer","3958","Zico Soccer","634920","8700","404","1","1","1","0","72.98","Zico Soccer"
"Yakuza 2","3959","Yakuza 2","634860","93000","477","4","108","1","0","6.83","Yakuza 2"
"Tomb Raider: Chronicles","3960","Tomb Raider: Chronicles","634800","65340","209","3","88","1","0","9.72","Tomb Raider: Chronicles"
"The Warlock of Firetop Mountain","3961","The Warlock of Firetop Mountain","633600","21000","4661","3","96","1","0","30.17","The Warlock of Firetop Mountain"
"Yesterday","3962","Yesterday","633060","14700","1690","2","49","1","0","43.07","Yesterday"
"Misao","3963","Misao","633000","27600","1488","3","103","1","0","22.93","Misao"
"Superdimension Neptune vs Sega Hard Girls","3964","Superdimension Neptune vs Sega Hard Girls","632460","39060","928","4","52","1","0","16.19","Superdimension Neptune vs Sega Hard Girls"
"Nongünz","3965","Nongünz","632340","17340","1241","3","104","1","0","36.47","Nongünz"
"Space Engine","3966","Space Engine","631920","53520","6064","3","165","1","0","11.81","Space Engine"
"Eiyuu Densetsu: Ao no Kiseki","3967","Eiyuu Densetsu: Ao no Kiseki","631200","48720","166","2","16","1","0","12.96","Eiyuu Densetsu: Ao no Kiseki"
"Topps KICK","3968","Topps KICK","630600","35460","158","3","33","1","0","17.78","Topps KICK"
"Tales of Eternia","3969","Tales of Eternia","630540","49020","2366","3","52","1","0","12.86","Tales of Eternia"
"Collision Course","3970","Collision Course","630420","6060","2200","2","38","1","0","104.03","Collision Course"
"Cute Pets","3971","Cute Pets","630180","2340","2592","1","2","1","0","269.31","Cute Pets"
"Guild Wars 2: Path of Fire","3972","Guild Wars 2: Path of Fire","629460","132120","1558","55","377","1","0","4.76","Guild Wars 2: Path of Fire"
"Resident Evil Origins Collection","3973","Resident Evil Origins Collection","629100","407520","111","7","990","1","0","1.54","Resident Evil Origins Collection"
"The Invisible Hours","3974","The Invisible Hours","628680","6660","2466","2","14","1","0","94.4","The Invisible Hours"
"Planet Explorers","3975","Planet Explorers","627540","85200","1766","5","203","1","0","7.37","Planet Explorers"
"NBA Live 16","3976","NBA Live 16","626160","490140","117","9","1909","1","0","1.28","NBA Live 16"
"Guitar Hero: Warriors of Rock","3977","Guitar Hero: Warriors of Rock","626040","73980","1465","3","207","1","0","8.46","Guitar Hero: Warriors of Rock"
"Galaga","3978","Galaga","625860","65160","424","3","402","1","0","9.6","Galaga"
"Test Drive 2001","3979","Test Drive 2001","625440","42120","7072","2","160","1","0","14.85","Test Drive 2001"
"Gremlins 2: The New Batch","3980","Gremlins 2: The New Batch","625320","6960","9167","4","31","1","0","89.84","Gremlins 2: The New Batch"
"Cosmonautica","3981","Cosmonautica","624660","6480","5474","2","20","1","0","96.4","Cosmonautica"
"Hogs of War","3982","Hogs of War","624000","27180","2871","2","80","1","0","22.96","Hogs of War"
"Croc: Legend of the Gobbos","3983","Croc: Legend of the Gobbos","622380","60960","5581","5","151","1","0","10.21","Croc: Legend of the Gobbos"
"Silent Hill 2: Restless Dreams","3984","Silent Hill 2: Restless Dreams","622380","20520","624","2","43","1","0","30.33","Silent Hill 2: Restless Dreams"
"Battletoads in Battlemaniacs","3985","Battletoads in Battlemaniacs","622200","18480","3838","2","78","1","0","33.67","Battletoads in Battlemaniacs"
"Mega Man Legends 2","3986","Mega Man Legends 2","622020","73440","1935","3","113","1","0","8.47","Mega Man Legends 2"
"RosenkreuzStilette","3987","RosenkreuzStilette","621180","52560","684","3","163","1","0","11.82","RosenkreuzStilette"
"Haven & Hearth","3988","Haven & Hearth","620820","61620","1063","4","60","1","0","10.07","Haven & Hearth"
"Resogun","3989","Resogun","620400","277380","700","6","673","1","0","2.24","Resogun"
"Castlevania: Dracula X","3990","Castlevania: Dracula X","620280","46380","1157","3","146","1","0","13.37","Castlevania: Dracula X"
"Paranautical Activity","3991","Paranautical Activity","619860","20460","9047","2","135","1","0","30.3","Paranautical Activity"
"Virtua Tennis","3992","Virtua Tennis","619860","2520","4421","1","13","1","0","245.98","Virtua Tennis"
"Lanota","3993","Lanota","619860","6060","2034","2","26","1","0","102.29","Lanota"
"Wild Arms 3","3994","Wild Arms 3","619500","62640","109","2","190","1","0","9.89","Wild Arms 3"
"WarioWare, Inc.: Mega Microgame$!","3995","WarioWare, Inc.: Mega Microgame$!","619440","25560","1657","6","126","1","0","24.23","WarioWare, Inc.: Mega Microgame$!"
"Block N Load","3996","Block N Load","619380","180720","256","5","549","1","0","3.43","Block N Load"
"Cladun Returns: This Is Sengoku!","3997","Cladun Returns: This Is Sengoku!","619380","24420","3624","5","66","1","0","25.36","Cladun Returns: This Is Sengoku!"
"Pokémon Card GB2: GR-dan Sanjou!","3998","Pokémon Card GB2: GR-dan Sanjou!","619020","10260","1523","2","14","1","0","60.33","Pokémon Card GB2: GR-dan Sanjou!"
"Felix the Cat","3999","Felix the Cat","618300","14760","1861","3","58","1","0","41.89","Felix the Cat"
"NeuroVoider","4000","NeuroVoider","617460","41280","2106","3","160","1","0","14.96","NeuroVoider"