"","","Game","Watch time","Stream time","Peak viewers","Peak channels","Streamers","Average viewers","Average channels","Average viewer ratio",""
"Shape Up","4901","Shape Up","363660","5640","489","1","19","0","0","64.48","Shape Up"
"Bravely Second: End Layer","4902","Bravely Second: End Layer","363600","38280","347","2","33","0","0","9.5","Bravely Second: End Layer"
"SD Gundam G Generation","4903","SD Gundam G Generation","363600","34260","315","6","35","0","0","10.61","SD Gundam G Generation"
"Left Alone","4904","Left Alone","363360","30780","300","3","139","0","0","11.81","Left Alone"
"Oh My Godheads","4905","Oh My Godheads","362940","1980","1452","2","4","0","0","183.3","Oh My Godheads"
"Flower","4906","Flower","362940","39960","698","3","233","0","0","9.08","Flower"
"Mystery Quest","4907","Mystery Quest","362880","21540","418","3","31","0","0","16.85","Mystery Quest"
"Hexx: Heresy of the Wizard","4908","Hexx: Heresy of the Wizard","362820","4200","132","1","1","0","0","86.39","Hexx: Heresy of the Wizard"
"Destroy All Humans!","4909","Destroy All Humans!","362700","143700","561","7","592","0","0","2.52","Destroy All Humans!"
"Interstellar Marines","4910","Interstellar Marines","362460","25200","491","3","79","0","0","14.38","Interstellar Marines"
"Quake III: Revolution","4911","Quake III: Revolution","362460","600","6029","1","3","0","0","604.1","Quake III: Revolution"
"Oure","4912","Oure","362400","18420","285","6","68","0","0","19.67","Oure"
"Soccer","4913","Soccer","362340","11340","1561","2","40","0","0","31.95","Soccer"
"Viscera Cleanup Detail: Shadow Warrior","4914","Viscera Cleanup Detail: Shadow Warrior","362220","50580","1382","6","355","0","0","7.16","Viscera Cleanup Detail: Shadow Warrior"
"Super Princess Peach","4915","Super Princess Peach","362220","32700","697","2","44","0","0","11.08","Super Princess Peach"
"Uplink: Hacker Elite","4916","Uplink: Hacker Elite","361800","30480","719","2","123","0","0","11.87","Uplink: Hacker Elite"
"Folklore","4917","Folklore","361260","23100","545","1","31","0","0","15.64","Folklore"
"ClayFighter 63 1/3","4918","ClayFighter 63 1/3","361080","2640","6063","1","15","0","0","136.77","ClayFighter 63 1/3"
"Delicious: Emily's True Love","4919","Delicious: Emily's True Love","360960","5940","2399","2","4","0","0","60.77","Delicious: Emily's True Love"
"The Caribbean Sail","4920","The Caribbean Sail","360660","3120","1672","1","11","0","0","115.6","The Caribbean Sail"
"The Flintstones: The Rescue of Dino & Hoppy","4921","The Flintstones: The Rescue of Dino & Hoppy","360480","5340","1669","4","26","0","0","67.51","The Flintstones: The Rescue of Dino & Hoppy"
"Cabela's Big Game Hunter: Pro Hunts","4922","Cabela's Big Game Hunter: Pro Hunts","360420","13020","251","2","44","0","0","27.68","Cabela's Big Game Hunter: Pro Hunts"
"My Little Pony: Friendship is Magic","4923","My Little Pony: Friendship is Magic","360420","37860","376","3","42","0","0","9.52","My Little Pony: Friendship is Magic"
"Hitman: Codename 47","4924","Hitman: Codename 47","360420","55620","387","3","150","0","0","6.48","Hitman: Codename 47"
"After Burner","4925","After Burner","360300","960","5964","1","8","0","0","375.31","After Burner"
"Brutal Nature","4926","Brutal Nature","360300","780","5991","1","2","0","0","461.92","Brutal Nature"
"Bloodbath Kavkaz","4927","Bloodbath Kavkaz","360180","13740","2203","2","95","0","0","26.21","Bloodbath Kavkaz"
"Tzar: The Burden of the Crown","4928","Tzar: The Burden of the Crown","360180","11340","375","1","23","0","0","31.76","Tzar: The Burden of the Crown"
"QWOP","4929","QWOP","360060","8880","1874","1","70","0","0","40.55","QWOP"
"Comix Zone","4930","Comix Zone","360060","41520","260","3","207","0","0","8.67","Comix Zone"
"Ao Oni","4931","Ao Oni","359640","28680","524","2","108","0","0","12.54","Ao Oni"
"Samurai","4932","Samurai","359640","900","1676","1","5","0","0","399.6","Samurai"
"Devil's Attorney","4933","Devil's Attorney","359340","1140","550","1","2","0","0","315.21","Devil's Attorney"
"Ninja Senki","4934","Ninja Senki","359160","71700","1434","8","553","0","0","5.01","Ninja Senki"
"Gothos","4935","Gothos","359040","360","1159","1","1","0","0","997.33","Gothos"
"Oddworld: Stranger's Wrath","4936","Oddworld: Stranger's Wrath","359040","47400","2741","3","163","0","0","7.57","Oddworld: Stranger's Wrath"
"Tamagotchi","4937","Tamagotchi","358080","1380","2080","1","8","0","0","259.48","Tamagotchi"
"Dead or Alive 2","4938","Dead or Alive 2","357840","3180","5697","3","19","0","0","112.53","Dead or Alive 2"
"Vroom in the Night","4939","Vroom in the Night","357780","5820","2030","2","30","0","0","61.47","Vroom in the Night"
"Hellgate: London","4940","Hellgate: London","357720","152100","135","5","159","0","0","2.35","Hellgate: London"
"The Deadly Tower of Monsters","4941","The Deadly Tower of Monsters","357660","64500","935","3","301","0","0","5.55","The Deadly Tower of Monsters"
"Hounds: The Last Hope","4942","Hounds: The Last Hope","357600","26040","606","2","56","0","0","13.73","Hounds: The Last Hope"
"Genesia Legacy","4943","Genesia Legacy","357600","16680","383","3","19","0","0","21.44","Genesia Legacy"
"A Robot Named Fight!","4944","A Robot Named Fight!","357420","48300","1033","6","120","0","0","7.4","A Robot Named Fight!"
"Guilty Gear XX Accent Core Plus R","4945","Guilty Gear XX Accent Core Plus R","356880","40080","390","2","125","0","0","8.9","Guilty Gear XX Accent Core Plus R"
"Beyond Despair","4946","Beyond Despair","356820","30420","464","5","148","0","0","11.73","Beyond Despair"
"Laser League","4947","Laser League","356280","24060","1137","36","11","0","0","14.81","Laser League"
"Weeping Doll","4948","Weeping Doll","356220","7320","2915","2","44","0","0","48.66","Weeping Doll"
"Shelter","4949","Shelter","356100","31440","523","3","189","0","0","11.33","Shelter"
"Oriental Empires","4950","Oriental Empires","355560","29760","250","5","62","0","0","11.95","Oriental Empires"
"Dynasty Warriors 2","4951","Dynasty Warriors 2","355500","2220","5863","1","7","0","0","160.14","Dynasty Warriors 2"
"Golden Axe The Duel","4952","Golden Axe The Duel","355320","780","5925","1","6","0","0","455.54","Golden Axe The Duel"
"Bermuda - Lost Survival","4953","Bermuda - Lost Survival","355200","13740","1255","3","36","0","0","25.85","Bermuda - Lost Survival"
"Batman Returns","4954","Batman Returns","355080","14460","1580","3","74","0","0","24.56","Batman Returns"
"BloodRayne 2","4955","BloodRayne 2","355020","20100","919","2","64","0","0","17.66","BloodRayne 2"
"Chulip","4956","Chulip","354960","23160","1271","2","29","0","0","15.33","Chulip"
"Armored Core: for Answer","4957","Armored Core: for Answer","354780","29640","154","2","31","0","0","11.97","Armored Core: for Answer"
"Frosty Nights","4958","Frosty Nights","354600","5160","2348","2","0","0","0","68.72","Frosty Nights"
"Welcome to the Game II","4959","Welcome to the Game II","354360","14820","129","3","11","0","0","23.91","Welcome to the Game II"
"Harvest Moon","4960","Harvest Moon","354360","50700","664","3","105","0","0","6.99","Harvest Moon"
"Gex 3: Deep Cover Gecko","4961","Gex 3: Deep Cover Gecko","354060","26940","1611","4","58","0","0","13.14","Gex 3: Deep Cover Gecko"
"Reservoir Dogs Bloody Days","4962","Reservoir Dogs Bloody Days","353700","5340","660","2","37","0","0","66.24","Reservoir Dogs Bloody Days"
"Beastly","4963","Beastly","353640","480","1417","1","2","0","0","736.75","Beastly"
"N3: Ninety-Nine Nights","4964","N3: Ninety-Nine Nights","353460","600","1261","1","2","0","0","589.1","N3: Ninety-Nine Nights"
"Broke Protocol","4965","Broke Protocol","352980","17280","947","3","95","0","0","20.43","Broke Protocol"
"Sonic and the Black Knight","4966","Sonic and the Black Knight","352740","16920","517","2","57","0","0","20.85","Sonic and the Black Knight"
"A Normal Lost Phone","4967","A Normal Lost Phone","352680","16560","529","2","91","0","0","21.3","A Normal Lost Phone"
"Amnesia: Memories","4968","Amnesia: Memories","352500","64680","125","4","173","0","0","5.45","Amnesia: Memories"
"Rabbit","4969","Rabbit","352140","124680","5349","2","17","0","0","2.82","Rabbit"
"Puyo Puyo 2","4970","Puyo Puyo 2","352140","65400","382","5","78","0","0","5.38","Puyo Puyo 2"
"Illusoria","4971","Illusoria","352140","3840","479","2","26","0","0","91.7","Illusoria"
"Crazy Machines 3","4972","Crazy Machines 3","352080","14280","973","2","64","0","0","24.66","Crazy Machines 3"
"21 Days","4973","21 Days","351840","1680","1674","1","9","0","0","209.43","21 Days"
"Patapon 2: Art of War","4974","Patapon 2: Art of War","351300","1500","1793","1","7","0","0","234.2","Patapon 2: Art of War"
"Endless Space","4975","Endless Space","351180","78300","775","7","260","0","0","4.49","Endless Space"
"Forza Motorsport 4","4976","Forza Motorsport 4","351120","41460","392","2","58","0","0","8.47","Forza Motorsport 4"
"SCP: Secret Laboratory","4977","SCP: Secret Laboratory","350880","4380","8646","7","0","0","0","80.11","SCP: Secret Laboratory"
"Tomato Jones 2","4978","Tomato Jones 2","350640","2580","4097","1","13","0","0","135.91","Tomato Jones 2"
"Skara: The Blade Remains","4979","Skara: The Blade Remains","350580","12840","650","3","60","0","0","27.3","Skara: The Blade Remains"
"Reus","4980","Reus","350340","44760","523","3","221","0","0","7.83","Reus"
"Ginger Beyond the Crystal","4981","Ginger Beyond the Crystal","350340","10740","291","2","29","0","0","32.62","Ginger Beyond the Crystal"
"Animal Crossing: Wild World","4982","Animal Crossing: Wild World","350220","55260","242","3","106","0","0","6.34","Animal Crossing: Wild World"
"Gran Turismo 4","4983","Gran Turismo 4","350220","73440","160","3","183","0","0","4.77","Gran Turismo 4"
"Guitar Hero II","4984","Guitar Hero II","350100","34140","1015","2","141","0","0","10.25","Guitar Hero II"
"Neverwinter Nights 2","4985","Neverwinter Nights 2","350040","136980","107","4","213","0","0","2.56","Neverwinter Nights 2"
"Star Realms","4986","Star Realms","350040","53040","857","7","103","0","0","6.6","Star Realms"
"Wild Arms 2","4987","Wild Arms 2","349980","49260","66","3","33","0","0","7.1","Wild Arms 2"
"Iwaihime: Matsuri","4988","Iwaihime: Matsuri","349920","2580","215","1","1","0","0","135.63","Iwaihime: Matsuri"
"Session","4989","Session","349620","54600","1067","7","119","0","0","6.4","Session"
"Paranoia","4990","Paranoia","349380","5160","595","2","18","0","0","67.71","Paranoia"
"Trivial Pursuit","4991","Trivial Pursuit","349140","4560","1292","2","21","0","0","76.57","Trivial Pursuit"
"Asheron's Call","4992","Asheron's Call","349140","65220","208","14","77","0","0","5.35","Asheron's Call"
"Surgery Simulator","4993","Surgery Simulator","348960","2400","5440","1","19","0","0","145.4","Surgery Simulator"
"Mega Man ZX Advent","4994","Mega Man ZX Advent","348900","51360","197","4","49","0","0","6.79","Mega Man ZX Advent"
"Faxanadu","4995","Faxanadu","348780","30660","516","2","57","0","0","11.38","Faxanadu"
"Monster Hunter 2","4996","Monster Hunter 2","348600","35280","120","2","26","0","0","9.88","Monster Hunter 2"
"Medal of Honor","4997","Medal of Honor","348240","102120","184","3","380","0","0","3.41","Medal of Honor"
"Persona 2: Eternal Punishment","4998","Persona 2: Eternal Punishment","348120","28800","127","2","32","0","0","12.09","Persona 2: Eternal Punishment"
"The Sims 2: Super Collection","4999","The Sims 2: Super Collection","347460","29580","571","3","101","0","0","11.75","The Sims 2: Super Collection"
"Peggle 2","5000","Peggle 2","347400","87780","225","5","475","0","0","3.96","Peggle 2"