"","","Game","Watch time","Stream time","Peak viewers","Peak channels","Streamers","Average viewers","Average channels","Average viewer ratio",""
"Disciples III: Reincarnation","7101","Disciples III: Reincarnation","125400","24660","362","2","39","0","0","5.09","Disciples III: Reincarnation"
"Jak and Daxter Collection","7102","Jak and Daxter Collection","125340","32580","138","3","45","0","0","3.85","Jak and Daxter Collection"
"Go! Go! Nippon! ~My First Trip to Japan~","7103","Go! Go! Nippon! ~My First Trip to Japan~","125280","14580","224","2","50","0","0","8.59","Go! Go! Nippon! ~My First Trip to Japan~"
"Alien Hominid","7104","Alien Hominid","125280","15120","1584","2","84","0","0","8.29","Alien Hominid"
"Rainbow","7105","Rainbow","125220","81360","114","3","359","0","0","1.54","Rainbow"
"Rapala Pro Fishing","7106","Rapala Pro Fishing","125160","2040","214","2","10","0","0","61.35","Rapala Pro Fishing"
"Embers of Mirrim","7107","Embers of Mirrim","125160","18780","96","4","64","0","0","6.66","Embers of Mirrim"
"Tyd wag vir Niemand","7108","Tyd wag vir Niemand","124920","2040","808","1","16","0","0","61.24","Tyd wag vir Niemand"
"Destruction Derby 2","7109","Destruction Derby 2","124920","2700","1396","1","17","0","0","46.27","Destruction Derby 2"
"City of the Shroud","7110","City of the Shroud","124860","3120","234","4","4","0","0","40.02","City of the Shroud"
"Chaos Reborn","7111","Chaos Reborn","124800","20340","126","3","41","0","0","6.14","Chaos Reborn"
"Age of Conan: Unchained","7112","Age of Conan: Unchained","124680","57240","34","3","131","0","0","2.18","Age of Conan: Unchained"
"Ingress","7113","Ingress","124680","20160","1294","2","44","0","0","6.18","Ingress"
"Eggomania","7114","Eggomania","124620","2040","2058","1","4","0","0","61.09","Eggomania"
"Myst III: Exile","7115","Myst III: Exile","124560","12180","91","1","20","0","0","10.23","Myst III: Exile"
"Harvest Moon: Welcome to the Wind Bazaar","7116","Harvest Moon: Welcome to the Wind Bazaar","124440","3720","162","1","2","0","0","33.45","Harvest Moon: Welcome to the Wind Bazaar"
"House of Caravan","7117","House of Caravan","124320","17220","600","3","87","0","0","7.22","House of Caravan"
"Kindergarden","7118","Kindergarden","124260","11040","470","2","64","0","0","11.26","Kindergarden"
"Pang Adventures","7119","Pang Adventures","124200","15060","422","2","71","0","0","8.25","Pang Adventures"
"Tales of Symphonia Chronicles","7120","Tales of Symphonia Chronicles","124200","25920","37","2","33","0","0","4.79","Tales of Symphonia Chronicles"
"Super Mario Bros. / Duck Hunt / World Class Track Meet","7121","Super Mario Bros. / Duck Hunt / World Class Track Meet","124200","18180","343","2","16","0","0","6.83","Super Mario Bros. / Duck Hunt / World Class Track Meet"
"WWE SmackDown! vs. RAW","7122","WWE SmackDown! vs. RAW","124200","10140","475","1","28","0","0","12.25","WWE SmackDown! vs. RAW"
"Operation Logic Bomb","7123","Operation Logic Bomb","124140","2340","1970","2","9","0","0","53.05","Operation Logic Bomb"
"Icy Tower","7124","Icy Tower","124020","4500","1292","1","31","0","0","27.56","Icy Tower"
"The Combatribes","7125","The Combatribes","123900","1920","627","1","7","0","0","64.53","The Combatribes"
"Nightshade","7126","Nightshade","123900","17940","92","2","31","0","0","6.91","Nightshade"
"Wrongworld","7127","Wrongworld","123900","7860","192","2","12","0","0","15.76","Wrongworld"
"Super Knockoff Versus","7128","Super Knockoff Versus","123840","120","1525","1","0","0","0","1032","Super Knockoff Versus"
"Logical","7129","Logical","123840","720","1151","1","4","0","0","172","Logical"
"Naughty Bear","7130","Naughty Bear","123840","3480","1834","1","14","0","0","35.59","Naughty Bear"
"Horse Racing 2016","7131","Horse Racing 2016","123720","9840","764","2","68","0","0","12.57","Horse Racing 2016"
"DTXMania XG","7132","DTXMania XG","123660","34080","22","2","19","0","0","3.63","DTXMania XG"
"Dynamix","7133","Dynamix","123660","8400","210","2","26","0","0","14.72","Dynamix"
"Ninja Gaiden: Shadow","7134","Ninja Gaiden: Shadow","123660","2700","699","1","11","0","0","45.8","Ninja Gaiden: Shadow"
"Boys Only Club","7135","Boys Only Club","123600","540","1302","2","6","0","0","228.89","Boys Only Club"
"Soccer Kid","7136","Soccer Kid","123600","1860","1692","1","6","0","0","66.45","Soccer Kid"
"Kirby's Avalanche","7137","Kirby's Avalanche","123540","12660","246","3","68","0","0","9.76","Kirby's Avalanche"
"F.E.A.R.: Perseus Mandate","7138","F.E.A.R.: Perseus Mandate","123480","41760","53","3","110","0","0","2.96","F.E.A.R.: Perseus Mandate"
"Khimera: Destroy All Monster Girls","7139","Khimera: Destroy All Monster Girls","123480","24840","370","4","84","0","0","4.97","Khimera: Destroy All Monster Girls"
"Solitaire's Journey","7140","Solitaire's Journey","123420","2760","373","1","17","0","0","44.72","Solitaire's Journey"
"Momodora III","7141","Momodora III","123420","36660","67","2","135","0","0","3.37","Momodora III"
"ONRAID","7142","ONRAID","123360","51000","248","4","289","0","0","2.42","ONRAID"
"Where's Waldo?: The Fantastic Journey","7143","Where's Waldo?: The Fantastic Journey","123300","1980","360","1","5","0","0","62.27","Where's Waldo?: The Fantastic Journey"
"Quest for Camelot","7144","Quest for Camelot","123300","5340","752","2","5","0","0","23.09","Quest for Camelot"
"BlazBlue: Chrono Phantasma","7145","BlazBlue: Chrono Phantasma","123120","5220","2001","2","20","0","0","23.59","BlazBlue: Chrono Phantasma"
"Age of Conan: Rise of the Godslayer","7146","Age of Conan: Rise of the Godslayer","123060","75360","35","2","56","0","0","1.63","Age of Conan: Rise of the Godslayer"
"Majesty 2: Monster Kingdom","7147","Majesty 2: Monster Kingdom","123000","3660","312","1","13","0","0","33.61","Majesty 2: Monster Kingdom"
"League of Maidens","7148","League of Maidens","123000","9780","177","2","53","0","0","12.58","League of Maidens"
"Dragon Quest Heroes I・II for Nintendo Switch","7149","Dragon Quest Heroes I・II for Nintendo Switch","122940","9600","1034","2","17","0","0","12.81","Dragon Quest Heroes I・II for Nintendo Switch"
"Bonk.io","7150","Bonk.io","122820","24300","82","3","90","0","0","5.05","Bonk.io"
"The Howler","7151","The Howler","122820","5700","406","1","41","0","0","21.55","The Howler"
"Die Hard","7152","Die Hard","122760","2940","1650","1","9","0","0","41.76","Die Hard"
"Fisher-Price: I Can Remember","7153","Fisher-Price: I Can Remember","122760","2700","1893","1","5","0","0","45.47","Fisher-Price: I Can Remember"
"Fallen Legion","7154","Fallen Legion","122760","8040","399","4","33","0","0","15.27","Fallen Legion"
"Huge Bang Bang","7155","Huge Bang Bang","122760","14460","74","4","24","0","0","8.49","Huge Bang Bang"
"Tony Hawk's Proving Ground","7156","Tony Hawk's Proving Ground","122640","4020","529","1","10","0","0","30.51","Tony Hawk's Proving Ground"
"Rise of the Triad: Dark War","7157","Rise of the Triad: Dark War","122580","6120","508","2","13","0","0","20.03","Rise of the Triad: Dark War"
"Jurassic Park III: The DNA Factor","7158","Jurassic Park III: The DNA Factor","122580","180","708","1","1","0","0","681","Jurassic Park III: The DNA Factor"
"Foul Play","7159","Foul Play","122520","14100","338","3","61","0","0","8.69","Foul Play"
"Mario Bros.","7160","Mario Bros.","122460","29880","427","3","156","0","0","4.1","Mario Bros."
"Call of Juarez","7161","Call of Juarez","122460","32700","77","2","84","0","0","3.74","Call of Juarez"
"Forced Showdown","7162","Forced Showdown","122460","34200","121","4","111","0","0","3.58","Forced Showdown"
"Puppeteer","7163","Puppeteer","122400","14880","191","2","25","0","0","8.23","Puppeteer"
"Trainz Simulator","7164","Trainz Simulator","122400","20460","34","3","14","0","0","5.98","Trainz Simulator"
"Mario Party: Island Tour","7165","Mario Party: Island Tour","122340","5220","1753","2","17","0","0","23.44","Mario Party: Island Tour"
"SVC Chaos: SNK vs. Capcom","7166","SVC Chaos: SNK vs. Capcom","122220","4440","1587","2","34","0","0","27.53","SVC Chaos: SNK vs. Capcom"
"Journey of a Roach","7167","Journey of a Roach","122160","11460","428","2","58","0","0","10.66","Journey of a Roach"
"Shrek Treasure Hunt","7168","Shrek Treasure Hunt","122160","2040","1898","2","11","0","0","59.88","Shrek Treasure Hunt"
"Marble Racing","7169","Marble Racing","122160","20160","117","2","5","0","0","6.06","Marble Racing"
"Wing Commander: Privateer","7170","Wing Commander: Privateer","122100","12120","788","2","13","0","0","10.07","Wing Commander: Privateer"
"A Golden Wake","7171","A Golden Wake","122040","1800","300","1","5","0","0","67.8","A Golden Wake"
"TKO","7172","TKO","121980","4920","577","2","29","0","0","24.79","TKO"
"Cytus","7173","Cytus","121920","23880","255","2","116","0","0","5.11","Cytus"
"Wiblits","7174","Wiblits","121920","2400","447","1","14","0","0","50.8","Wiblits"
"Super Robot Wars F","7175","Super Robot Wars F","121860","7860","106","1","5","0","0","15.5","Super Robot Wars F"
"Cognition: An Erica Reed Thriller","7176","Cognition: An Erica Reed Thriller","121800","13980","78","2","21","0","0","8.71","Cognition: An Erica Reed Thriller"
"Survival Kids","7177","Survival Kids","121800","1260","1871","1","6","0","0","96.67","Survival Kids"
"Anarchy Reigns","7178","Anarchy Reigns","121800","16260","212","2","27","0","0","7.49","Anarchy Reigns"
"MouseCraft","7179","MouseCraft","121800","45120","101","2","19","0","0","2.7","MouseCraft"
"IL-2 Sturmovik","7180","IL-2 Sturmovik","121740","7200","721","2","19","0","0","16.91","IL-2 Sturmovik"
"Second Life","7181","Second Life","121740","64980","161","3","233","0","0","1.87","Second Life"
"Goodbye My King","7182","Goodbye My King","121680","2400","472","1","19","0","0","50.7","Goodbye My King"
"One Piece","7183","One Piece","121680","11940","452","2","55","0","0","10.19","One Piece"
"Wii Play","7184","Wii Play","121500","12180","284","2","44","0","0","9.98","Wii Play"
"Tony Hawk's Pro Skater 5","7185","Tony Hawk's Pro Skater 5","121380","96480","65","4","462","0","0","1.26","Tony Hawk's Pro Skater 5"
"Sonic Forces: Speed Battle","7186","Sonic Forces: Speed Battle","121380","3780","362","2","9","0","0","32.11","Sonic Forces: Speed Battle"
"Surgical Strike","7187","Surgical Strike","121260","60","2021","1","0","0","0","2021","Surgical Strike"
"Nancy Drew: Danger by Design","7188","Nancy Drew: Danger by Design","121140","9660","153","2","22","0","0","12.54","Nancy Drew: Danger by Design"
"Maze Runner","7189","Maze Runner","121140","420","650","1","2","0","0","288.43","Maze Runner"
"Road Rash: Jailbreak","7190","Road Rash: Jailbreak","121080","6840","1054","1","24","0","0","17.7","Road Rash: Jailbreak"
"Adventure Quest","7191","Adventure Quest","121080","41940","139","3","183","0","0","2.89","Adventure Quest"
"Infectonator: Survivors","7192","Infectonator: Survivors","121020","5580","541","1","30","0","0","21.69","Infectonator: Survivors"
"Commander Keen 4: Secret of the Oracle","7193","Commander Keen 4: Secret of the Oracle","120960","18900","172","2","41","0","0","6.4","Commander Keen 4: Secret of the Oracle"
"Vendetta","7194","Vendetta","120840","1320","447","1","10","0","0","91.55","Vendetta"
"Villagers and Heroes","7195","Villagers and Heroes","120780","19440","133","3","50","0","0","6.21","Villagers and Heroes"
"Final Fantasy Crystal Chronicles: My Life as a King","7196","Final Fantasy Crystal Chronicles: My Life as a King","120660","3540","1808","1","13","0","0","34.08","Final Fantasy Crystal Chronicles: My Life as a King"
"Patrician IV","7197","Patrician IV","120660","3960","364","2","14","0","0","30.47","Patrician IV"
"The Final Fantasy Legend","7198","The Final Fantasy Legend","120660","12600","81","1","17","0","0","9.58","The Final Fantasy Legend"
"Deadhold","7199","Deadhold","120660","21360","400","3","20","0","0","5.65","Deadhold"
"Nitro Family","7200","Nitro Family","120600","1800","605","1","7","0","0","67","Nitro Family"