"","","Game","Watch time","Stream time","Peak viewers","Peak channels","Streamers","Average viewers","Average channels","Average viewer ratio",""
"Boss Monster","10901","Boss Monster","29520","5820","123","2","36","0","0","5.07","Boss Monster"
"Destruction Derby Raw","10902","Destruction Derby Raw","29520","4020","194","1","9","0","0","7.34","Destruction Derby Raw"
"Mahoujin GuruGuru","10903","Mahoujin GuruGuru","29460","2820","40","1","5","0","0","10.45","Mahoujin GuruGuru"
"İstanbul Efsaneleri: Lale Savaşçıları","10904","İstanbul Efsaneleri: Lale Savaşçıları","29460","300","242","1","2","0","0","98.2","İstanbul Efsaneleri: Lale Savaşçıları"
"The House of the Dead 2","10905","The House of the Dead 2","29460","6240","89","2","39","0","0","4.72","The House of the Dead 2"
"Air Fortress","10906","Air Fortress","29460","1800","420","1","11","0","0","16.37","Air Fortress"
"Rival Kingdoms","10907","Rival Kingdoms","29460","1080","109","1","2","0","0","27.28","Rival Kingdoms"
"Bad Mojo","10908","Bad Mojo","29460","480","133","1","2","0","0","61.38","Bad Mojo"
"Captain Bible in the Dome of Darkness","10909","Captain Bible in the Dome of Darkness","29460","1800","52","1","7","0","0","16.37","Captain Bible in the Dome of Darkness"
"Grand Knights History","10910","Grand Knights History","29400","2400","119","1","7","0","0","12.25","Grand Knights History"
"Interview","10911","Interview","29400","6000","24","2","12","0","0","4.9","Interview"
"Silent Storm","10912","Silent Storm","29400","4200","63","2","8","0","0","7","Silent Storm"
"Undercards","10913","Undercards","29400","13800","50","3","35","0","0","2.13","Undercards"
"Faust: The Seven Games of the Soul","10914","Faust: The Seven Games of the Soul","29340","1620","62","3","4","0","0","18.11","Faust: The Seven Games of the Soul"
"Sound of Drop - fall into poison -","10915","Sound of Drop - fall into poison -","29340","10740","14","2","26","0","0","2.73","Sound of Drop - fall into poison -"
"Soul Axiom","10916","Soul Axiom","29340","13440","105","2","46","0","0","2.18","Soul Axiom"
"Saboten Bombers","10917","Saboten Bombers","29340","1980","29","1","1","0","0","14.82","Saboten Bombers"
"Mobile Suit Gundam Extreme VS.","10918","Mobile Suit Gundam Extreme VS.","29340","9060","14","2","7","0","0","3.24","Mobile Suit Gundam Extreme VS."
"Summon Night 4","10919","Summon Night 4","29340","5400","19","1","1","0","0","5.43","Summon Night 4"
"Astro Boy: Omega Factor","10920","Astro Boy: Omega Factor","29340","8520","72","3","20","0","0","3.44","Astro Boy: Omega Factor"
"Dungeons & Dragons: Tower of Doom","10921","Dungeons & Dragons: Tower of Doom","29340","16740","29","2","37","0","0","1.75","Dungeons & Dragons: Tower of Doom"
"The Legend of Kyrandia: Hand of Fate","10922","The Legend of Kyrandia: Hand of Fate","29280","4080","107","1","12","0","0","7.18","The Legend of Kyrandia: Hand of Fate"
"Sins of a Solar Empire","10923","Sins of a Solar Empire","29280","15480","92","2","53","0","0","1.89","Sins of a Solar Empire"
"Turrican II: The Final Fight","10924","Turrican II: The Final Fight","29280","2880","119","2","13","0","0","10.17","Turrican II: The Final Fight"
"The Mask","10925","The Mask","29220","2220","119","1","14","0","0","13.16","The Mask"
"Soccer Superstars","10926","Soccer Superstars","29220","180","264","1","2","0","0","162.33","Soccer Superstars"
"Asterix and the Secret Mission","10927","Asterix and the Secret Mission","29220","120","555","1","2","0","0","243.5","Asterix and the Secret Mission"
"The Final Specimen: Arrival","10928","The Final Specimen: Arrival","29220","480","444","1","4","0","0","60.88","The Final Specimen: Arrival"
"Hakuoki: Kyoto Winds","10929","Hakuoki: Kyoto Winds","29160","6900","25","2","11","0","0","4.23","Hakuoki: Kyoto Winds"
"The Karate Kid","10930","The Karate Kid","29160","2700","221","3","15","0","0","10.8","The Karate Kid"
"Radio Active","10931","Radio Active","29160","61020","14","2","70","0","0","0.48","Radio Active"
"Sacred 2: Fallen Angel","10932","Sacred 2: Fallen Angel","29100","15900","40","2","52","0","0","1.83","Sacred 2: Fallen Angel"
"SOUND VOLTEX","10933","SOUND VOLTEX","29100","30900","16","3","21","0","0","0.94","SOUND VOLTEX"
"Attractio","10934","Attractio","29100","7440","35","2","20","0","0","3.91","Attractio"
"Gex 3 Deep Pocket Gecko","10935","Gex 3 Deep Pocket Gecko","29040","660","159","1","3","0","0","44","Gex 3 Deep Pocket Gecko"
"Skylanders SuperChargers","10936","Skylanders SuperChargers","29040","15660","18","2","92","0","0","1.85","Skylanders SuperChargers"
"Code: Realize: Guardian of Rebirth","10937","Code: Realize: Guardian of Rebirth","29040","3180","39","1","4","0","0","9.13","Code: Realize: Guardian of Rebirth"
"Tomb Raider: The Lost Artifact","10938","Tomb Raider: The Lost Artifact","29040","2220","67","1","11","0","0","13.08","Tomb Raider: The Lost Artifact"
"Final Fantasy (working title)","10939","Final Fantasy (working title)","29040","2700","60","1","7","0","0","10.76","Final Fantasy (working title)"
"Rastan","10940","Rastan","29040","2700","31","1","8","0","0","10.76","Rastan"
"The Incredible Adventures of Van Helsing II","10941","The Incredible Adventures of Van Helsing II","29040","35040","20","3","86","0","0","0.83","The Incredible Adventures of Van Helsing II"
"Bonk's Revenge","10942","Bonk's Revenge","29040","4200","142","3","21","0","0","6.91","Bonk's Revenge"
"Hokuto no Ken: Shinpan no Sousousei Kengou Retsuden","10943","Hokuto no Ken: Shinpan no Sousousei Kengou Retsuden","29040","5100","44","1","10","0","0","5.69","Hokuto no Ken: Shinpan no Sousousei Kengou Retsuden"
"Magic Circle","10944","Magic Circle","29040","1500","381","1","7","0","0","19.36","Magic Circle"
"Stanley: The Search for Dr. Livingston","10945","Stanley: The Search for Dr. Livingston","29040","12720","65","2","51","0","0","2.28","Stanley: The Search for Dr. Livingston"
"Left-Hand Path","10946","Left-Hand Path","29040","1140","201","1","7","0","0","25.47","Left-Hand Path"
"Call of Duty: Infinite Warfare - Jackal Assault","10947","Call of Duty: Infinite Warfare - Jackal Assault","29040","12000","147","1","42","0","0","2.42","Call of Duty: Infinite Warfare - Jackal Assault"
"A Week of Garfield","10948","A Week of Garfield","29040","8040","71","1","8","0","0","3.61","A Week of Garfield"
"Spear of Destiny Mission Disks - Mission 3: Ultimate Challenge","10949","Spear of Destiny Mission Disks - Mission 3: Ultimate Challenge","29040","1740","81","1","5","0","0","16.69","Spear of Destiny Mission Disks - Mission 3: Ultimate Challenge"
"Hayarigami: Toshi Densetsu Kaii Jiken","10950","Hayarigami: Toshi Densetsu Kaii Jiken","29040","4440","30","1","6","0","0","6.54","Hayarigami: Toshi Densetsu Kaii Jiken"
"LiEat III","10951","LiEat III","28980","8100","37","2","38","0","0","3.58","LiEat III"
"Microsoft Arcade","10952","Microsoft Arcade","28980","480","479","1","3","0","0","60.38","Microsoft Arcade"
"Super Street Fighter II: The Tournament Battle","10953","Super Street Fighter II: The Tournament Battle","28980","480","175","1","3","0","0","60.38","Super Street Fighter II: The Tournament Battle"
"VelociDrone","10954","VelociDrone","28980","20880","17","2","48","0","0","1.39","VelociDrone"
"Anno-Online","10955","Anno-Online","28980","12000","88","2","37","0","0","2.42","Anno-Online"
"Jurassic Heart","10956","Jurassic Heart","28980","1140","267","2","11","0","0","25.42","Jurassic Heart"
"Redshirt","10957","Redshirt","28980","1740","415","1","6","0","0","16.66","Redshirt"
"Sam & Max Episode 305: The City That Dares Not Sleep","10958","Sam & Max Episode 305: The City That Dares Not Sleep","28920","2820","50","1","11","0","0","10.26","Sam & Max Episode 305: The City That Dares Not Sleep"
"The Legend of Kyrandia","10959","The Legend of Kyrandia","28920","4320","28","2","14","0","0","6.69","The Legend of Kyrandia"
"Mega Man: The Power Battle","10960","Mega Man: The Power Battle","28920","2160","228","2","14","0","0","13.39","Mega Man: The Power Battle"
"Operation Flashpoint: Dragon Rising","10961","Operation Flashpoint: Dragon Rising","28920","19380","22","2","76","0","0","1.49","Operation Flashpoint: Dragon Rising"
"Disney Fantasia: Music Evolved","10962","Disney Fantasia: Music Evolved","28920","22980","26","2","41","0","0","1.26","Disney Fantasia: Music Evolved"
"Battle Bugs","10963","Battle Bugs","28920","480","161","1","3","0","0","60.25","Battle Bugs"
"The Fall of Lazarus","10964","The Fall of Lazarus","28920","1980","147","1","6","0","0","14.61","The Fall of Lazarus"
"Cosmonator","10965","Cosmonator","28860","120","252","1","1","0","0","240.5","Cosmonator"
"Fata morgana no Yakata","10966","Fata morgana no Yakata","28860","7500","19","2","10","0","0","3.85","Fata morgana no Yakata"
"The Great Battle IV","10967","The Great Battle IV","28860","1800","187","1","3","0","0","16.03","The Great Battle IV"
"Gunstar Super Heroes","10968","Gunstar Super Heroes","28860","3720","323","2","13","0","0","7.76","Gunstar Super Heroes"
"BloodRayne: Betrayal","10969","BloodRayne: Betrayal","28860","6660","28","2","34","0","0","4.33","BloodRayne: Betrayal"
"Naruto: Ultimate Ninja 2","10970","Naruto: Ultimate Ninja 2","28860","1920","420","1","8","0","0","15.03","Naruto: Ultimate Ninja 2"
"The Land Before Time Return to the Great Valley","10971","The Land Before Time Return to the Great Valley","28860","4440","204","1","5","0","0","6.5","The Land Before Time Return to the Great Valley"
"Farm Frenzy 2","10972","Farm Frenzy 2","28860","1560","221","1","8","0","0","18.5","Farm Frenzy 2"
"Agatha Christie: And Then There Were None","10973","Agatha Christie: And Then There Were None","28860","3720","33","1","10","0","0","7.76","Agatha Christie: And Then There Were None"
"Chester Cheetah: Too Cool to Fool","10974","Chester Cheetah: Too Cool to Fool","28860","1440","165","2","8","0","0","20.04","Chester Cheetah: Too Cool to Fool"
"Lemony Snicket's A Series of Unfortunate Events","10975","Lemony Snicket's A Series of Unfortunate Events","28860","3420","185","2","16","0","0","8.44","Lemony Snicket's A Series of Unfortunate Events"
"Run Like Hell","10976","Run Like Hell","28860","4620","76","1","15","0","0","6.25","Run Like Hell"
"Duke Nukem 1+2","10977","Duke Nukem 1+2","28800","1800","105","1","7","0","0","16","Duke Nukem 1+2"
"Last Rebellion","10978","Last Rebellion","28800","1500","96","1","2","0","0","19.2","Last Rebellion"
"Tokyo Twilight Ghost Hunters","10979","Tokyo Twilight Ghost Hunters","28800","11280","42","2","32","0","0","2.55","Tokyo Twilight Ghost Hunters"
"EOE: Eve of Extinction","10980","EOE: Eve of Extinction","28800","2220","98","1","8","0","0","12.97","EOE: Eve of Extinction"
"The Moon Sliver","10981","The Moon Sliver","28800","2700","109","1","14","0","0","10.67","The Moon Sliver"
"Robot Unicorn Attack","10982","Robot Unicorn Attack","28800","7260","121","1","42","0","0","3.97","Robot Unicorn Attack"
"刀塔傳奇 Dota Legend","10983","刀塔傳奇 Dota Legend","28800","18360","16","2","4","0","0","1.57","刀塔傳奇 Dota Legend"
"Super Puzzle Fighter II Turbo HD Remix","10984","Super Puzzle Fighter II Turbo HD Remix","28740","4080","48","1","25","0","0","7.04","Super Puzzle Fighter II Turbo HD Remix"
"T.R.A.G.: Tactical Rescue Assault Group","10985","T.R.A.G.: Tactical Rescue Assault Group","28740","2520","71","1","5","0","0","11.4","T.R.A.G.: Tactical Rescue Assault Group"
"Crimson Clover: World Ignition","10986","Crimson Clover: World Ignition","28740","6540","143","1","38","0","0","4.39","Crimson Clover: World Ignition"
"Star Trek: 25th Anniversary","10987","Star Trek: 25th Anniversary","28740","5580","58","1","11","0","0","5.15","Star Trek: 25th Anniversary"
"Albedo: Eyes from Outer Space","10988","Albedo: Eyes from Outer Space","28740","4920","74","2","21","0","0","5.84","Albedo: Eyes from Outer Space"
"The Tape","10989","The Tape","28740","4140","107","1","32","0","0","6.94","The Tape"
"Children of a Dead Earth","10990","Children of a Dead Earth","28740","3360","157","1","16","0","0","8.55","Children of a Dead Earth"
"Time Paradox","10991","Time Paradox","28680","240","190","1","2","0","0","119.5","Time Paradox"
"Gyromancer","10992","Gyromancer","28680","2520","413","1","12","0","0","11.38","Gyromancer"
"WWE WrestleMania X8","10993","WWE WrestleMania X8","28680","900","238","1","6","0","0","31.87","WWE WrestleMania X8"
"Phelios","10994","Phelios","28680","660","165","1","4","0","0","43.45","Phelios"
"Tecmo Cup Soccer Game","10995","Tecmo Cup Soccer Game","28680","3240","29","1","6","0","0","8.85","Tecmo Cup Soccer Game"
"Mind's Eye","10996","Mind's Eye","28680","5580","79","2","32","0","0","5.14","Mind's Eye"
"Army Men","10997","Army Men","28620","1080","410","1","9","0","0","26.5","Army Men"
"Who Wants To Be A Millionaire: Second Edition","10998","Who Wants To Be A Millionaire: Second Edition","28620","1860","59","1","11","0","0","15.39","Who Wants To Be A Millionaire: Second Edition"
"Disney's Treasure Planet","10999","Disney's Treasure Planet","28560","6060","41","2","9","0","0","4.71","Disney's Treasure Planet"
"Final Fantasy: The 4 Heroes of Light","11000","Final Fantasy: The 4 Heroes of Light","28560","5580","26","1","8","0","0","5.12","Final Fantasy: The 4 Heroes of Light"