"","","Game","Watch time","Stream time","Peak viewers","Peak channels","Streamers","Average viewers","Average channels","Average viewer ratio",""
"Bless Online","1401","Bless Online","5857740","597120","1072","18","817","11","1","9.81","Bless Online"
"Go","1402","Go","5854380","272940","1462","6","178","11","0","21.45","Go"
"Jikkyou Powerful Pro Yakyuu 2016","1403","Jikkyou Powerful Pro Yakyuu 2016","5845560","52620","1036","3","312","11","0","111.09","Jikkyou Powerful Pro Yakyuu 2016"
"Michigan: Report from Hell","1404","Michigan: Report from Hell","5832780","13080","11035","4","46","11","0","445.93","Michigan: Report from Hell"
"Pac-Man World","1405","Pac-Man World","5826480","34140","121361","8","74","11","0","170.66","Pac-Man World"
"God of War","1406","God of War","5820300","194940","3569","5","415","11","0","29.86","God of War"
"Shoppe Keep","1407","Shoppe Keep","5807280","109440","24281","6","490","11","0","53.06","Shoppe Keep"
"Silkroad Online","1408","Silkroad Online","5803860","651840","1337","11","593","11","1","8.9","Silkroad Online"
"RollerCoaster Tycoon 2","1409","RollerCoaster Tycoon 2","5789880","278280","1830","5","890","11","0","20.81","RollerCoaster Tycoon 2"
"Pokémon Stadium","1410","Pokémon Stadium","5785560","183720","7167","8","474","11","0","31.49","Pokémon Stadium"
"The Order: 1886","1411","The Order: 1886","5777820","659340","4011","16","2943","10","1","8.76","The Order: 1886"
"Lords of the Fallen","1412","Lords of the Fallen","5750400","933000","3540","15","4127","10","1","6.16","Lords of the Fallen"
"FlatOut 2","1413","FlatOut 2","5748960","126300","4516","5","576","10","0","45.52","FlatOut 2"
"Survival Arena","1414","Survival Arena","5748000","8340","17030","3","43","10","0","689.21","Survival Arena"
"Dragon Quest Builders","1415","Dragon Quest Builders","5746500","931440","1256","17","2024","10","1","6.17","Dragon Quest Builders"
"Super Bunny","1416","Super Bunny","5743140","8820","10303","2","29","10","0","651.15","Super Bunny"
"Super Robot Wars Alpha","1417","Super Robot Wars Alpha","5739900","27360","639","2","8","10","0","209.79","Super Robot Wars Alpha"
"Star Wars: Jedi Knight - Jedi Academy","1418","Star Wars: Jedi Knight - Jedi Academy","5727120","442380","2831","17","1114","10","0","12.95","Star Wars: Jedi Knight - Jedi Academy"
"Last Day On Earth: Survival","1419","Last Day On Earth: Survival","5724180","422820","2124","10","868","10","0","13.54","Last Day On Earth: Survival"
"Zero Time Dilemma","1420","Zero Time Dilemma","5713860","201360","7994","5","269","10","0","28.38","Zero Time Dilemma"
"Alone in the Dark","1421","Alone in the Dark","5708040","53580","21667","5","152","10","0","106.53","Alone in the Dark"
"Five Nights at Freddy's","1422","Five Nights at Freddy's","5700600","451620","2333","23","2826","10","0","12.62","Five Nights at Freddy's"
"PHANTOMERS","1423","PHANTOMERS","5667360","45540","9270","7","176","10","0","124.45","PHANTOMERS"
"Animal Crossing","1424","Animal Crossing","5646540","339720","2082","7","787","10","0","16.62","Animal Crossing"
"Fractured Space","1425","Fractured Space","5636940","789180","4992","13","1342","10","1","7.14","Fractured Space"
"Tomb Raider III: Adventures of Lara Croft","1426","Tomb Raider III: Adventures of Lara Croft","5620860","283620","3753","5","259","10","0","19.82","Tomb Raider III: Adventures of Lara Croft"
"Romance of the Three Kingdoms XII","1427","Romance of the Three Kingdoms XII","5614320","66480","1268","3","32","10","0","84.45","Romance of the Three Kingdoms XII"
"Uncharted: Drake's Fortune","1428","Uncharted: Drake's Fortune","5613120","252540","6879","6","660","10","0","22.23","Uncharted: Drake's Fortune"
"Hobo: Tough Life","1429","Hobo: Tough Life","5595240","38100","38167","7","133","10","0","146.86","Hobo: Tough Life"
"Snipperclips: Cut It Out, Together!","1430","Snipperclips: Cut It Out, Together!","5589900","132300","3986","17","717","10","0","42.25","Snipperclips: Cut It Out, Together!"
"Kalimba","1431","Kalimba","5561220","49680","119829","13","93","10","0","111.94","Kalimba"
"Bloodborne: The Old Hunters","1432","Bloodborne: The Old Hunters","5551740","276540","2548","7","2573","10","0","20.08","Bloodborne: The Old Hunters"
"Job Simulator: The 2050 Archives","1433","Job Simulator: The 2050 Archives","5550840","90780","12250","3","478","10","0","61.15","Job Simulator: The 2050 Archives"
"DreadOut","1434","DreadOut","5542500","284700","5769","10","1402","10","0","19.47","DreadOut"
"The Legend of Dragoon","1435","The Legend of Dragoon","5541900","545940","1183","8","541","10","1","10.15","The Legend of Dragoon"
"Xenogears","1436","Xenogears","5522640","350280","1980","7","243","10","0","15.77","Xenogears"
"Unreal Tournament","1437","Unreal Tournament","5508000","748740","2812","13","2181","10","1","7.36","Unreal Tournament"
"Majesty 2: The Fantasy Kingdom Sim","1438","Majesty 2: The Fantasy Kingdom Sim","5504760","32760","9275","4","67","10","0","168.03","Majesty 2: The Fantasy Kingdom Sim"
"Fire Emblem: The Sacred Stones","1439","Fire Emblem: The Sacred Stones","5487540","292920","9191","6","531","10","0","18.73","Fire Emblem: The Sacred Stones"
"Tryrush Deppy","1440","Tryrush Deppy","5460240","1140","92347","9","13","10","0","4789.68","Tryrush Deppy"
"Shining Force","1441","Shining Force","5452080","162300","8160","5","212","10","0","33.59","Shining Force"
"Castlevania: Portrait of Ruin","1442","Castlevania: Portrait of Ruin","5450460","94020","4629","3","134","10","0","57.97","Castlevania: Portrait of Ruin"
"Gartic","1443","Gartic","5449440","161340","2559","9","855","10","0","33.78","Gartic"
"Heroes of Might and Magic III: The Restoration of Erathia","1444","Heroes of Might and Magic III: The Restoration of Erathia","5446140","150600","6857","5","357","10","0","36.16","Heroes of Might and Magic III: The Restoration of Erathia"
"WildStar","1445","WildStar","5438460","1089780","1505","15","1769","10","2","4.99","WildStar"
"Metal Gear 2: Solid Snake","1446","Metal Gear 2: Solid Snake","5435940","32340","2256","2","65","10","0","168.09","Metal Gear 2: Solid Snake"
"Overgrowth","1447","Overgrowth","5434860","117240","40894","8","655","10","0","46.36","Overgrowth"
"ArmA II: Operation Arrowhead","1448","ArmA II: Operation Arrowhead","5428140","1120680","25532","16","2238","10","2","4.84","ArmA II: Operation Arrowhead"
"Resident Evil Zero HD","1449","Resident Evil Zero HD","5417760","426960","3727","7","1046","10","0","12.69","Resident Evil Zero HD"
"Saints Row IV","1450","Saints Row IV","5411100","914400","3168","20","4293","10","1","5.92","Saints Row IV"
"Winning Post 8 2017","1451","Winning Post 8 2017","5410260","17160","3581","2","29","10","0","315.28","Winning Post 8 2017"
"Contra 4","1452","Contra 4","5403840","6960","128381","18","27","10","0","776.41","Contra 4"
"Monolith","1453","Monolith","5403540","93060","2441","5","198","10","0","58.07","Monolith"
"Trine 2","1454","Trine 2","5402520","363540","8559","9","1396","10","0","14.86","Trine 2"
"The Legend of Zelda: Oracle of Seasons","1455","The Legend of Zelda: Oracle of Seasons","5402400","251880","5560","7","308","10","0","21.45","The Legend of Zelda: Oracle of Seasons"
"Tropico 4","1456","Tropico 4","5401200","144600","3162","7","432","10","0","37.35","Tropico 4"
"Journey","1457","Journey","5398560","759480","2458","18","2405","10","1","7.11","Journey"
"The Walking Dead: Michonne","1458","The Walking Dead: Michonne","5396760","329940","4280","8","1439","10","0","16.36","The Walking Dead: Michonne"
"OmniBus","1459","OmniBus","5387280","28140","109119","10","75","10","0","191.45","OmniBus"
"Monster Hunter 4 Ultimate","1460","Monster Hunter 4 Ultimate","5373120","396900","603","6","239","10","0","13.54","Monster Hunter 4 Ultimate"
"Mario Party 8","1461","Mario Party 8","5349600","95280","6810","4","233","10","0","56.15","Mario Party 8"
"Joe & Mac 2: Lost in the Tropics","1462","Joe & Mac 2: Lost in the Tropics","5327940","1560","153313","10","19","10","0","3415.35","Joe & Mac 2: Lost in the Tropics"
"Air","1463","Air","5302860","68700","7815","77","2","10","0","77.19","Air"
"Metal Gear Solid: The Twin Snakes","1464","Metal Gear Solid: The Twin Snakes","5302620","198180","2167","5","382","10","0","26.76","Metal Gear Solid: The Twin Snakes"
"Pokémon Black/White","1465","Pokémon Black/White","5298600","437160","2817","9","1078","10","0","12.12","Pokémon Black/White"
"Echo","1466","Echo","5289180","133260","29580","20","539","10","0","39.69","Echo"
"Mega Man 9","1467","Mega Man 9","5285760","130080","9069","4","296","10","0","40.63","Mega Man 9"
"Atomega","1468","Atomega","5276880","23760","34286","5","107","10","0","222.09","Atomega"
"Princess Maker","1469","Princess Maker","5268180","20760","9637","5","85","10","0","253.77","Princess Maker"
"Child of Light","1470","Child of Light","5266500","675840","8263","21","2711","10","1","7.79","Child of Light"
"The Legend of Dark Witch","1471","The Legend of Dark Witch","5265360","19260","120086","7","56","10","0","273.38","The Legend of Dark Witch"
"Farmer's Dynasty","1472","Farmer's Dynasty","5241840","59340","39537","10","0","9","0","88.34","Farmer's Dynasty"
"Insurgency","1473","Insurgency","5240160","1621560","1880","18","8553","9","3","3.23","Insurgency"
"Counter-Strike Online 2","1474","Counter-Strike Online 2","5231340","162660","4043","34","570","9","0","32.16","Counter-Strike Online 2"
"Final Fantasy XV: A New Empire","1475","Final Fantasy XV: A New Empire","5228160","14640","7000","4","61","9","0","357.11","Final Fantasy XV: A New Empire"
"The Room","1476","The Room","5226120","214920","8606","6","1003","9","0","24.32","The Room"
"Seasons After Fall","1477","Seasons After Fall","5224080","191400","28920","7","651","9","0","27.29","Seasons After Fall"
"Yomawari: Midnight Shadows","1478","Yomawari: Midnight Shadows","5218680","124140","5145","13","335","9","0","42.04","Yomawari: Midnight Shadows"
"Crash Arena Turbo Stars","1479","Crash Arena Turbo Stars","5202240","26400","1299","3","63","9","0","197.05","Crash Arena Turbo Stars"
"Robots","1480","Robots","5186400","52380","1920","6","33","9","0","99.01","Robots"
"Sword Art Online: Memory Defrag","1481","Sword Art Online: Memory Defrag","5185200","447960","209","7","340","9","0","11.58","Sword Art Online: Memory Defrag"
"Professor Layton and the Curious Village","1482","Professor Layton and the Curious Village","5182560","141600","10260","5","162","9","0","36.6","Professor Layton and the Curious Village"
"Indigo Prophecy","1483","Indigo Prophecy","5173200","133620","3442","5","385","9","0","38.72","Indigo Prophecy"
"The Hunter","1484","The Hunter","5171940","673800","7129","10","1262","9","1","7.68","The Hunter"
"Paper Mario: Color Splash","1485","Paper Mario: Color Splash","5164860","230220","1651","8","314","9","0","22.43","Paper Mario: Color Splash"
"Nekopara Vol.1","1486","Nekopara Vol.1","5162280","146700","5720","4","638","9","0","35.19","Nekopara Vol.1"
"The King of Fighters XIII","1487","The King of Fighters XIII","5155380","111840","4667","3","371","9","0","46.1","The King of Fighters XIII"
"Shadowrun","1488","Shadowrun","5153280","289500","1676","9","336","9","0","17.8","Shadowrun"
"Counter-Strike Nexon: Zombies","1489","Counter-Strike Nexon: Zombies","5136960","80280","7397","4","320","9","0","63.99","Counter-Strike Nexon: Zombies"
"The Coma","1490","The Coma","5119440","53400","7705","5","188","9","0","95.87","The Coma"
"The Land of Pain","1491","The Land of Pain","5098500","44160","32306","7","145","9","0","115.46","The Land of Pain"
"Deep Rock Galactic","1492","Deep Rock Galactic","5083260","95820","34619","18","424","9","0","53.05","Deep Rock Galactic"
"Contradiction: Spot The Liar!","1493","Contradiction: Spot The Liar!","5075400","78600","2582","3","168","9","0","64.57","Contradiction: Spot The Liar!"
"Ball 3D","1494","Ball 3D","5075340","61140","9914","8","317","9","0","83.01","Ball 3D"
"Party Hard","1495","Party Hard","5072940","320820","3139","6","1809","9","0","15.81","Party Hard"
"Orcs Must Die! 2","1496","Orcs Must Die! 2","5071560","263820","8726","9","1126","9","0","19.22","Orcs Must Die! 2"
"Love Live! School Idol Festival","1497","Love Live! School Idol Festival","5052300","363240","1232","7","470","9","0","13.91","Love Live! School Idol Festival"
"SEGA Bass Fishing","1498","SEGA Bass Fishing","5033280","24600","153932","9","118","9","0","204.6","SEGA Bass Fishing"
"Unravel","1499","Unravel","5031300","704280","2061","12","3850","9","1","7.14","Unravel"
"Summer Lesson","1500","Summer Lesson","5016000","21720","9906","4","81","9","0","230.94","Summer Lesson"