"","","Game","Watch time","Stream time","Peak viewers","Peak channels","Streamers","Average viewers","Average channels","Average viewer ratio",""
"Capsized","12001","Capsized","19860","4500","37","2","32","0","0","4.41","Capsized"
"Rider","12002","Rider","19860","12060","66","3","41","0","0","1.65","Rider"
"Hitman: Sniper Challenge","12003","Hitman: Sniper Challenge","19800","8280","65","1","50","0","0","2.39","Hitman: Sniper Challenge"
"The Red Solstice","12004","The Red Solstice","19800","10080","16","2","37","0","0","1.96","The Red Solstice"
"Mushihime-sama Cave Matsuri Ver 1.5","12005","Mushihime-sama Cave Matsuri Ver 1.5","19800","3120","89","2","14","0","0","6.35","Mushihime-sama Cave Matsuri Ver 1.5"
"Crime Life: Gang Wars","12006","Crime Life: Gang Wars","19800","7200","14","1","13","0","0","2.75","Crime Life: Gang Wars"
"Grim Tales: The Legacy","12007","Grim Tales: The Legacy","19800","3360","31","1","9","0","0","5.89","Grim Tales: The Legacy"
"Hypernova: Escape from Hadea","12008","Hypernova: Escape from Hadea","19800","2760","28","1","7","0","0","7.17","Hypernova: Escape from Hadea"
"Sakura Nova","12009","Sakura Nova","19800","1800","91","1","10","0","0","11","Sakura Nova"
"8-Bit Invaders!","12010","8-Bit Invaders!","19740","9120","15","2","37","0","0","2.16","8-Bit Invaders!"
"Snowboarding","12011","Snowboarding","19740","360","330","1","3","0","0","54.83","Snowboarding"
"Dragon Ball Z: Idainaru Dragon Ball Densetsu","12012","Dragon Ball Z: Idainaru Dragon Ball Densetsu","19740","4260","62","1","12","0","0","4.63","Dragon Ball Z: Idainaru Dragon Ball Densetsu"
"Race On","12013","Race On","19740","1800","124","2","8","0","0","10.97","Race On"
"Top Secret","12014","Top Secret","19740","11760","10","2","4","0","0","1.68","Top Secret"
"Tonic Trouble","12015","Tonic Trouble","19740","4200","24","1","14","0","0","4.7","Tonic Trouble"
"Xbox Fitness","12016","Xbox Fitness","19740","11460","42","2","34","0","0","1.72","Xbox Fitness"
"Totally Rad","12017","Totally Rad","19740","3540","109","2","9","0","0","5.58","Totally Rad"
"The Music Machine","12018","The Music Machine","19740","3720","42","1","22","0","0","5.31","The Music Machine"
"Code of Princess","12019","Code of Princess","19740","6480","63","1","24","0","0","3.05","Code of Princess"
"Lineage Eternal: Twilight Resistance","12020","Lineage Eternal: Twilight Resistance","19740","4140","204","2","11","0","0","4.77","Lineage Eternal: Twilight Resistance"
"MechAssault","12021","MechAssault","19740","2880","81","1","12","0","0","6.85","MechAssault"
"Pure Chess","12022","Pure Chess","19680","14220","92","2","121","0","0","1.38","Pure Chess"
"ArkX","12023","ArkX","19680","2280","123","1","13","0","0","8.63","ArkX"
"SpellForce 2 - Demons of the Past","12024","SpellForce 2 - Demons of the Past","19680","9180","24","2","15","0","0","2.14","SpellForce 2 - Demons of the Past"
"Ranma 1/2","12025","Ranma 1/2","19680","2640","46","1","5","0","0","7.45","Ranma 1/2"
"Northland","12026","Northland","19680","1080","91","1","8","0","0","18.22","Northland"
"Cartoon Network: Battle Crashers","12027","Cartoon Network: Battle Crashers","19680","14280","27","3","74","0","0","1.38","Cartoon Network: Battle Crashers"
"Surfingers","12028","Surfingers","19680","4500","104","1","26","0","0","4.37","Surfingers"
"Legrand Legacy","12029","Legrand Legacy","19620","7380","27","2","20","0","0","2.66","Legrand Legacy"
"Room 404","12030","Room 404","19620","1440","49","1","6","0","0","13.63","Room 404"
"Petka 2: Judgment Day","12031","Petka 2: Judgment Day","19620","1620","90","1","10","0","0","12.11","Petka 2: Judgment Day"
"Jimmy Neutron: Jet Fusion","12032","Jimmy Neutron: Jet Fusion","19620","12120","20","2","11","0","0","1.62","Jimmy Neutron: Jet Fusion"
"Mutant Mudds","12033","Mutant Mudds","19620","8640","22","2","46","0","0","2.27","Mutant Mudds"
"A Wizard's Lizard","12034","A Wizard's Lizard","19620","1920","38","2","10","0","0","10.22","A Wizard's Lizard"
"Pokémon Shuffle","12035","Pokémon Shuffle","19620","5340","175","1","27","0","0","3.67","Pokémon Shuffle"
"Over the Hedge","12036","Over the Hedge","19560","3720","89","2","13","0","0","5.26","Over the Hedge"
"Zynga Poker","12037","Zynga Poker","19560","15780","17","2","89","0","0","1.24","Zynga Poker"
"Warlords: Battlecry II","12038","Warlords: Battlecry II","19560","2700","30","1","3","0","0","7.24","Warlords: Battlecry II"
"Dragon Ball Z: Shin Budokai - Another Road","12039","Dragon Ball Z: Shin Budokai - Another Road","19560","5820","29","1","26","0","0","3.36","Dragon Ball Z: Shin Budokai - Another Road"
"'Splosion Man","12040","'Splosion Man","19560","7620","25","2","15","0","0","2.57","'Splosion Man"
"Zork I: The Great Underground Empire","12041","Zork I: The Great Underground Empire","19560","3720","169","2","24","0","0","5.26","Zork I: The Great Underground Empire"
"Nerf N-Strike","12042","Nerf N-Strike","19560","360","323","1","1","0","0","54.33","Nerf N-Strike"
"Moorhuhn Kart Extra","12043","Moorhuhn Kart Extra","19560","1020","315","1","7","0","0","19.18","Moorhuhn Kart Extra"
"Asheron's Call 2: Legions","12044","Asheron's Call 2: Legions","19560","2220","83","2","3","0","0","8.81","Asheron's Call 2: Legions"
"Shadoan","12045","Shadoan","19560","660","55","1","1","0","0","29.64","Shadoan"
"Grim Tales: Bloody Mary","12046","Grim Tales: Bloody Mary","19560","3120","29","1","7","0","0","6.27","Grim Tales: Bloody Mary"
"Dungeon Rats","12047","Dungeon Rats","19500","4320","42","1","16","0","0","4.51","Dungeon Rats"
"Rose of Winter","12048","Rose of Winter","19500","1380","35","1","4","0","0","14.13","Rose of Winter"
"Hard to be a God","12049","Hard to be a God","19500","1800","86","1","7","0","0","10.83","Hard to be a God"
"Taiko no Tatsujin DS","12050","Taiko no Tatsujin DS","19500","600","177","1","4","0","0","32.5","Taiko no Tatsujin DS"
"Art Of Balance","12051","Art Of Balance","19500","15840","87","2","40","0","0","1.23","Art Of Balance"
"Star Wars: Obi-Wan","12052","Star Wars: Obi-Wan","19500","1740","37","1","7","0","0","11.21","Star Wars: Obi-Wan"
"Rugrats: Royal Ransom","12053","Rugrats: Royal Ransom","19500","3540","28","1","19","0","0","5.51","Rugrats: Royal Ransom"
"12","12054","12","19500","6180","109","2","32","0","0","3.16","12"
"Radio the Universe","12055","Radio the Universe","19500","5940","58","2","13","0","0","3.28","Radio the Universe"
"Side Pocket","12056","Side Pocket","19500","3480","14","1","5","0","0","5.6","Side Pocket"
"Warhammer 40,000: Chaos Gate","12057","Warhammer 40,000: Chaos Gate","19500","1380","162","1","7","0","0","14.13","Warhammer 40,000: Chaos Gate"
"Nobunaga's Ambition Online: Chapter Nova","12058","Nobunaga's Ambition Online: Chapter Nova","19440","12000","13","2","10","0","0","1.62","Nobunaga's Ambition Online: Chapter Nova"
"The Basement Collection","12059","The Basement Collection","19440","3780","51","1","19","0","0","5.14","The Basement Collection"
"Vancouver 2010","12060","Vancouver 2010","19440","1020","100","1","6","0","0","19.06","Vancouver 2010"
"Another Code: R - A Journey into Lost Memories","12061","Another Code: R - A Journey into Lost Memories","19440","5580","24","2","9","0","0","3.48","Another Code: R - A Journey into Lost Memories"
"Legion","12062","Legion","19440","5100","159","1","16","0","0","3.81","Legion"
"Millennia: Altered Destinies","12063","Millennia: Altered Destinies","19440","660","96","1","1","0","0","29.45","Millennia: Altered Destinies"
"60 Second Strike","12064","60 Second Strike","19440","2460","22","3","6","0","0","7.9","60 Second Strike"
"A Kiss for the Petals: Remembering How we Met","12065","A Kiss for the Petals: Remembering How we Met","19440","2580","36","2","6","0","0","7.53","A Kiss for the Petals: Remembering How we Met"
"Tetris Zone","12066","Tetris Zone","19440","720","154","1","4","0","0","27","Tetris Zone"
"Densha De D: Rising Stage","12067","Densha De D: Rising Stage","19380","4980","31","2","5","0","0","3.89","Densha De D: Rising Stage"
"Lemmings Paintball","12068","Lemmings Paintball","19380","1260","77","1","3","0","0","15.38","Lemmings Paintball"
"Touch Detective","12069","Touch Detective","19380","1920","22","1","5","0","0","10.09","Touch Detective"
"B.O.B.","12070","B.O.B.","19380","660","162","1","7","0","0","29.36","B.O.B."
"Last Word","12071","Last Word","19320","3900","23","1","15","0","0","4.95","Last Word"
"NHL 14","12072","NHL 14","19320","3540","43","2","14","0","0","5.46","NHL 14"
"Groove Coaster","12073","Groove Coaster","19320","4140","37","2","18","0","0","4.67","Groove Coaster"
"Touhou 10.5 - Scarlet Weather Rhapsody","12074","Touhou 10.5 - Scarlet Weather Rhapsody","19320","7920","29","1","31","0","0","2.44","Touhou 10.5 - Scarlet Weather Rhapsody"
"Classic Concentration","12075","Classic Concentration","19320","420","106","1","4","0","0","46","Classic Concentration"
"Menzoberranzan","12076","Menzoberranzan","19320","4500","99","1","4","0","0","4.29","Menzoberranzan"
"Eat Them!","12077","Eat Them!","19320","1860","181","1","13","0","0","10.39","Eat Them!"
"Unveil","12078","Unveil","19320","480","97","1","1","0","0","40.25","Unveil"
"Zup! 3","12079","Zup! 3","19320","3480","96","1","25","0","0","5.55","Zup! 3"
"Intrusion Protocol","12080","Intrusion Protocol","19320","3780","29","2","22","0","0","5.11","Intrusion Protocol"
"Blackwater","12081","Blackwater","19320","1080","78","1","4","0","0","17.89","Blackwater"
"Wheels","12082","Wheels","19320","1380","272","1","3","0","0","14","Wheels"
"Battleground: Ardennes","12083","Battleground: Ardennes","19260","17340","10","3","32","0","0","1.11","Battleground: Ardennes"
"Fury","12084","Fury","19260","3240","46","2","21","0","0","5.94","Fury"
"Super Hunchback","12085","Super Hunchback","19260","540","92","1","2","0","0","35.67","Super Hunchback"
"Bomberman Quest","12086","Bomberman Quest","19260","1920","34","1","6","0","0","10.03","Bomberman Quest"
"Hi no Tori: Gaou no Bouken","12087","Hi no Tori: Gaou no Bouken","19260","2760","51","1","3","0","0","6.98","Hi no Tori: Gaou no Bouken"
"Elemental Master","12088","Elemental Master","19260","1680","124","1","10","0","0","11.46","Elemental Master"
"Urban Reign","12089","Urban Reign","19260","8640","37","2","22","0","0","2.23","Urban Reign"
"ChoroQ","12090","ChoroQ","19260","3600","71","1","10","0","0","5.35","ChoroQ"
"Fullmetal Alchemist and the Broken Angel","12091","Fullmetal Alchemist and the Broken Angel","19260","10380","11","2","27","0","0","1.86","Fullmetal Alchemist and the Broken Angel"
"Umineko no Naku Koro ni Episode 6 Dawn of the Golden Witch","12092","Umineko no Naku Koro ni Episode 6 Dawn of the Golden Witch","19260","3180","26","1","2","0","0","6.06","Umineko no Naku Koro ni Episode 6 Dawn of the Golden Witch"
"NHL 95","12093","NHL 95","19260","4500","151","2","22","0","0","4.28","NHL 95"
"FlightGear","12094","FlightGear","19260","16500","20","2","36","0","0","1.17","FlightGear"
"Tremulous","12095","Tremulous","19260","1800","122","1","8","0","0","10.7","Tremulous"
"Chasm: The Rift","12096","Chasm: The Rift","19200","1980","261","1","8","0","0","9.7","Chasm: The Rift"
"Petz: Horsez 2","12097","Petz: Horsez 2","19200","1200","116","1","8","0","0","16","Petz: Horsez 2"
"Myst Online: Uru Live","12098","Myst Online: Uru Live","19200","11760","8","1","14","0","0","1.63","Myst Online: Uru Live"
"DJMAX Technika 3: Crew Challenge","12099","DJMAX Technika 3: Crew Challenge","19200","960","64","1","2","0","0","20","DJMAX Technika 3: Crew Challenge"
"Catrap","12100","Catrap","19200","1260","119","1","3","0","0","15.24","Catrap"