"","","Game","Watch time","Stream time","Peak viewers","Peak channels","Streamers","Average viewers","Average channels","Average viewer ratio",""
"Brain Lord","4001","Brain Lord","616440","19620","318","2","26","1","0","31.42","Brain Lord"
"Castle Clash","4002","Castle Clash","616140","186480","992","6","287","1","0","3.3","Castle Clash"
"No One Lives Forever 2: A Spy in H.A.R.M.'s Way","4003","No One Lives Forever 2: A Spy in H.A.R.M.'s Way","616080","32640","3478","3","86","1","0","18.88","No One Lives Forever 2: A Spy in H.A.R.M.'s Way"
"LandStalker: The Treasures of King Nole","4004","LandStalker: The Treasures of King Nole","614160","40860","393","2","48","1","0","15.03","LandStalker: The Treasures of King Nole"
"Taiko Drum Master","4005","Taiko Drum Master","612960","3240","4202","2","19","1","0","189.19","Taiko Drum Master"
"Onimusha: Blade Warriors","4006","Onimusha: Blade Warriors","612660","1800","5181","1","8","1","0","340.37","Onimusha: Blade Warriors"
"Cyberdimension Neptunia: 4 Goddesses Online","4007","Cyberdimension Neptunia: 4 Goddesses Online","612660","190920","368","17","447","1","0","3.21","Cyberdimension Neptunia: 4 Goddesses Online"
"Cthulhu Saves the World","4008","Cthulhu Saves the World","612540","36840","6002","3","105","1","0","16.63","Cthulhu Saves the World"
"The Simpsons Game","4009","The Simpsons Game","612300","17820","2063","3","61","1","0","34.36","The Simpsons Game"
"Sid Meier's Civilization IV","4010","Sid Meier's Civilization IV","612120","73560","316","3","236","1","0","8.32","Sid Meier's Civilization IV"
"Demise: Rise of the Ku'tan","4011","Demise: Rise of the Ku'tan","611760","5460","7513","1","6","1","0","112.04","Demise: Rise of the Ku'tan"
"The Last Express","4012","The Last Express","611220","5280","1478","1","17","1","0","115.76","The Last Express"
"Tinertia","4013","Tinertia","609600","38100","1516","16","115","1","0","16","Tinertia"
"Steven Universe Save the Light","4014","Steven Universe Save the Light","609600","39600","437","8","223","1","0","15.39","Steven Universe Save the Light"
"The Lord of the Rings: The Battle for Middle-earth II - The Rise of the Witch-King","4015","The Lord of the Rings: The Battle for Middle-earth II - The Rise of the Witch-King","609120","87540","242","3","148","1","0","6.96","The Lord of the Rings: The Battle for Middle-earth II - The Rise of the Witch-King"
"Flix and Chill","4016","Flix and Chill","608520","20340","793","2","126","1","0","29.92","Flix and Chill"
"Sven Co-Op","4017","Sven Co-Op","607500","193500","545","5","911","1","0","3.14","Sven Co-Op"
"Turbo Dismount","4018","Turbo Dismount","607080","14880","3885","2","94","1","0","40.8","Turbo Dismount"
"Tomb Raider: Unfinished Business","4019","Tomb Raider: Unfinished Business","606840","17700","8461","2","39","1","0","34.28","Tomb Raider: Unfinished Business"
"Sonic Boom: Rise of Lyric","4020","Sonic Boom: Rise of Lyric","606540","19620","917","2","46","1","0","30.91","Sonic Boom: Rise of Lyric"
"SG/ZH School Girl/Zombie Hunter","4021","SG/ZH School Girl/Zombie Hunter","606540","23100","936","5","56","1","0","26.26","SG/ZH School Girl/Zombie Hunter"
"Fight'N Rage","4022","Fight'N Rage","606180","33180","1187","4","81","1","0","18.27","Fight'N Rage"
"Putt-Putt Saves the Zoo","4023","Putt-Putt Saves the Zoo","605160","20940","3519","2","133","1","0","28.9","Putt-Putt Saves the Zoo"
"Command & Conquer: Red Alert 3","4024","Command & Conquer: Red Alert 3","604920","149940","118","6","487","1","0","4.03","Command & Conquer: Red Alert 3"
"The King of Fighters: Maximum Impact","4025","The King of Fighters: Maximum Impact","604620","1320","5188","1","5","1","0","458.05","The King of Fighters: Maximum Impact"
"NBA Live Mobile","4026","NBA Live Mobile","604200","35400","3365","2","83","1","0","17.07","NBA Live Mobile"
"Ninja Gaiden III: The Ancient Ship of Doom","4027","Ninja Gaiden III: The Ancient Ship of Doom","603600","22920","2529","2","64","1","0","26.34","Ninja Gaiden III: The Ancient Ship of Doom"
"Peregrin","4028","Peregrin","603240","7500","2304","4","28","1","0","80.43","Peregrin"
"Yakuza: Dead Souls","4029","Yakuza: Dead Souls","602160","45000","484","5","45","1","0","13.38","Yakuza: Dead Souls"
"Ghost 1.0","4030","Ghost 1.0","602100","61260","1497","3","129","1","0","9.83","Ghost 1.0"
"Zenith","4031","Zenith","601680","24540","824","3","98","1","0","24.52","Zenith"
"Knock-Knock","4032","Knock-Knock","601500","59640","1974","4","280","1","0","10.09","Knock-Knock"
"LittleBigPlanet","4033","LittleBigPlanet","601380","100440","1371","8","96","1","0","5.99","LittleBigPlanet"
"The Black Death","4034","The Black Death","600840","78660","314","4","184","1","0","7.64","The Black Death"
"J-Stars Victory Vs+","4035","J-Stars Victory Vs+","600420","281880","200","7","1531","1","0","2.13","J-Stars Victory Vs+"
"Kill the Bad Guy","4036","Kill the Bad Guy","599640","9900","2933","2","58","1","0","60.57","Kill the Bad Guy"
"DmC Devil May Cry: Definitive Edition","4037","DmC Devil May Cry: Definitive Edition","598860","354540","244","7","2836","1","0","1.69","DmC Devil May Cry: Definitive Edition"
"Legendary","4038","Legendary","598080","17640","2063","2","75","1","0","33.9","Legendary"
"Layton Brothers: Mystery Room","4039","Layton Brothers: Mystery Room","598080","4980","2380","2","13","1","0","120.1","Layton Brothers: Mystery Room"
"Cattails","4040","Cattails","597840","23400","1526","6","7","1","0","25.55","Cattails"
"Wave Race","4041","Wave Race","597120","2640","4669","2","13","1","0","226.18","Wave Race"
"Party Hard 2","4042","Party Hard 2","596820","13140","4480","3","121","1","0","45.42","Party Hard 2"
"Parkitect","4043","Parkitect","596520","43500","2218","2","125","1","0","13.71","Parkitect"
"Elysium","4044","Elysium","595080","142680","86","6","116","1","0","4.17","Elysium"
"Demon's Crystals","4045","Demon's Crystals","594540","8520","1313","3","58","1","0","69.78","Demon's Crystals"
"Sonic Chronicles: The Dark Brotherhood","4046","Sonic Chronicles: The Dark Brotherhood","594540","15300","1444","2","28","1","0","38.86","Sonic Chronicles: The Dark Brotherhood"
"Advance Wars: Dual Strike","4047","Advance Wars: Dual Strike","594540","37380","1455","3","35","1","0","15.91","Advance Wars: Dual Strike"
"Paladin","4048","Paladin","594540","75300","2925","3","374","1","0","7.9","Paladin"
"Celebrate","4049","Celebrate","594060","1200","3937","3","6","1","0","495.05","Celebrate"
"The Room Three","4050","The Room Three","594000","12480","1157","1","44","1","0","47.6","The Room Three"
"Tales of the Abyss","4051","Tales of the Abyss","593160","151320","45","5","132","1","0","3.92","Tales of the Abyss"
"Mashed: Fully Loaded","4052","Mashed: Fully Loaded","592800","780","1928","1","3","1","0","760","Mashed: Fully Loaded"
"Feral Fury","4053","Feral Fury","591660","12000","3078","2","40","1","0","49.31","Feral Fury"
"Die Hard Trilogy","4054","Die Hard Trilogy","591180","8400","1591","1","32","1","0","70.38","Die Hard Trilogy"
"Final Fantasy XII: Revenant Wings","4055","Final Fantasy XII: Revenant Wings","591000","15360","148","1","15","1","0","38.48","Final Fantasy XII: Revenant Wings"
"First Queen","4056","First Queen","591000","1020","1588","1","4","1","0","579.41","First Queen"
"Touhou 16: Hidden Star in Four Seasons","4057","Touhou 16: Hidden Star in Four Seasons","589560","65640","1622","8","348","1","0","8.98","Touhou 16: Hidden Star in Four Seasons"
"RPG Maker 2000","4058","RPG Maker 2000","589260","32820","861","3","98","1","0","17.95","RPG Maker 2000"
"Sonic Riders","4059","Sonic Riders","589200","50100","2039","3","225","1","0","11.76","Sonic Riders"
"Pokémon Super Mystery Dungeon","4060","Pokémon Super Mystery Dungeon","588600","49620","480","3","58","1","0","11.86","Pokémon Super Mystery Dungeon"
"Autobahn Police Simulator","4061","Autobahn Police Simulator","588360","5580","1391","2","24","1","0","105.44","Autobahn Police Simulator"
"Morphite","4062","Morphite","588240","12900","2849","3","53","1","0","45.6","Morphite"
"The Amazing Eternals","4063","The Amazing Eternals","587760","110460","1237","10","472","1","0","5.32","The Amazing Eternals"
"Fire Emblem: Seisen no Keifu","4064","Fire Emblem: Seisen no Keifu","586860","135540","105","5","164","1","0","4.33","Fire Emblem: Seisen no Keifu"
"Valhalla Hills","4065","Valhalla Hills","585780","46200","651","4","152","1","0","12.68","Valhalla Hills"
"Fear Effect 2: Retro Helix","4066","Fear Effect 2: Retro Helix","584640","5520","6462","1","10","1","0","105.91","Fear Effect 2: Retro Helix"
"Nobunaga no Yabou: Souzou","4067","Nobunaga no Yabou: Souzou","584520","46560","798","3","40","1","0","12.55","Nobunaga no Yabou: Souzou"
"Might & Magic Heroes VI","4068","Might & Magic Heroes VI","584400","113580","345","4","217","1","0","5.15","Might & Magic Heroes VI"
"Lara Croft and the Guardian of Light","4069","Lara Croft and the Guardian of Light","584160","54300","706","4","186","1","0","10.76","Lara Croft and the Guardian of Light"
"Audiosurf","4070","Audiosurf","583680","171480","651","5","744","1","0","3.4","Audiosurf"
"Prototype","4071","Prototype","583020","123900","592","4","626","1","0","4.71","Prototype"
"Fuzion Frenzy","4072","Fuzion Frenzy","582600","8160","7699","3","38","1","0","71.4","Fuzion Frenzy"
"What? Where? When?","4073","What? Where? When?","582600","4500","3048","1","8","1","0","129.47","What? Where? When?"
"The Darkness","4074","The Darkness","582420","20880","7859","2","50","1","0","27.89","The Darkness"
"Wild Guns","4075","Wild Guns","582360","14100","5744","4","52","1","0","41.3","Wild Guns"
"PRICE","4076","PRICE","581760","10080","3378","2","49","1","0","57.71","PRICE"
"Age of Wonders III","4077","Age of Wonders III","581700","126780","343","4","222","1","0","4.59","Age of Wonders III"
"LocoRoco","4078","LocoRoco","581340","26760","1513","4","152","1","0","21.72","LocoRoco"
"Runes of Magic","4079","Runes of Magic","580500","82200","812","4","117","1","0","7.06","Runes of Magic"
"Ridge Racer Unbounded","4080","Ridge Racer Unbounded","580500","7500","5177","2","32","1","0","77.4","Ridge Racer Unbounded"
"SSX Tricky","4081","SSX Tricky","580260","53400","1314","3","138","1","0","10.87","SSX Tricky"
"Tom Clancy's Rainbow Six","4082","Tom Clancy's Rainbow Six","580260","112020","1620","4","484","1","0","5.18","Tom Clancy's Rainbow Six"
"Nobunaga's Ambition: Sphere of Influence - Ascension","4083","Nobunaga's Ambition: Sphere of Influence - Ascension","579720","48360","186","3","83","1","0","11.99","Nobunaga's Ambition: Sphere of Influence - Ascension"
"Raw Data","4084","Raw Data","579000","102300","875","4","477","1","0","5.66","Raw Data"
"Drakensang: The Dark Eye","4085","Drakensang: The Dark Eye","578880","12540","825","2","21","1","0","46.16","Drakensang: The Dark Eye"
"Advance Wars","4086","Advance Wars","578760","42660","569","2","112","1","0","13.57","Advance Wars"
"FIFA 99","4087","FIFA 99","578640","7860","11964","1","23","1","0","73.62","FIFA 99"
"OLDTV","4088","OLDTV","578460","13560","3720","2","111","1","0","42.66","OLDTV"
"Disgaea: Afternoon of Darkness","4089","Disgaea: Afternoon of Darkness","577680","117120","4111","4","208","1","0","4.93","Disgaea: Afternoon of Darkness"
"Shadow Hearts: Covenant","4090","Shadow Hearts: Covenant","577620","70920","247","3","57","1","0","8.14","Shadow Hearts: Covenant"
"NASCAR Racing 2003 Season","4091","NASCAR Racing 2003 Season","577080","180300","62","9","144","1","0","3.2","NASCAR Racing 2003 Season"
"Shaq Fu","4092","Shaq Fu","576720","10320","6063","2","65","1","0","55.88","Shaq Fu"
"UFC 2009 Undisputed","4093","UFC 2009 Undisputed","575940","6360","1942","2","40","1","0","90.56","UFC 2009 Undisputed"
"Forza Motorsport 5","4094","Forza Motorsport 5","575760","528180","609","28","3332","1","1","1.09","Forza Motorsport 5"
"The Cursed Forest","4095","The Cursed Forest","575460","21600","1572","3","106","1","0","26.64","The Cursed Forest"
"SD Gundam G Generation Genesis","4096","SD Gundam G Generation Genesis","574980","126300","101","4","67","1","0","4.55","SD Gundam G Generation Genesis"
"Despicable Me: Minion Rush","4097","Despicable Me: Minion Rush","574260","3660","4832","1","16","1","0","156.9","Despicable Me: Minion Rush"
"Redie","4098","Redie","574080","1500","22065","3","12","1","0","382.72","Redie"
"A Boy and His Blob","4099","A Boy and His Blob","573960","39780","1631","2","116","1","0","14.43","A Boy and His Blob"
"The Crew 2","4100","The Crew 2","573600","5520","4146","2","20","1","0","103.91","The Crew 2"