"","","Game","Watch time","Stream time","Peak viewers","Peak channels","Streamers","Average viewers","Average channels","Average viewer ratio",""
"Orcs Must Die! Unchained","1201","Orcs Must Die! Unchained","7877700","1328700","1785","27","4011","14","2","5.93","Orcs Must Die! Unchained"
"Super Street Fighter II Turbo","1202","Super Street Fighter II Turbo","7859160","174420","6440","4","262","14","0","45.06","Super Street Fighter II Turbo"
"Breath of Fire III","1203","Breath of Fire III","7840620","389040","1932","6","284","14","0","20.15","Breath of Fire III"
"Pillars of Eternity","1204","Pillars of Eternity","7836360","870180","1817","11","1849","14","1","9.01","Pillars of Eternity"
"The Golf Club 2","1205","The Golf Club 2","7832280","482460","27578","24","781","14","0","16.23","The Golf Club 2"
"Fire Emblem Warriors","1206","Fire Emblem Warriors","7831380","560160","2261","89","1060","14","1","13.98","Fire Emblem Warriors"
"Sword Art Online: Hollow Realization","1207","Sword Art Online: Hollow Realization","7827780","1875060","1410","26","3849","14","3","4.17","Sword Art Online: Hollow Realization"
"Hurtworld","1208","Hurtworld","7825560","724440","1056","15","1814","14","1","10.8","Hurtworld"
"The Count Lucanor","1209","The Count Lucanor","7814880","33840","8056","3","128","14","0","230.94","The Count Lucanor"
"Valdis Story: Abyssal City","1210","Valdis Story: Abyssal City","7806540","127500","117485","17","236","14","0","61.23","Valdis Story: Abyssal City"
"Pyre","1211","Pyre","7801500","533820","34317","138","1938","14","1","14.61","Pyre"
"The Stanley Parable","1212","The Stanley Parable","7796580","341220","6459","6","2287","14","0","22.85","The Stanley Parable"
"Chrono Cross","1213","Chrono Cross","7794000","392940","8313","7","340","14","0","19.84","Chrono Cross"
"Defunct","1214","Defunct","7770240","25020","105683","11","55","14","0","310.56","Defunct"
"Shrek 2","1215","Shrek 2","7759020","64860","11690","6","279","14","0","119.63","Shrek 2"
"The Binding of Isaac","1216","The Binding of Isaac","7730880","422100","3140","7","2361","14","0","18.32","The Binding of Isaac"
"Life is Feudal: Your Own","1217","Life is Feudal: Your Own","7725300","1226700","1528","17","1499","14","2","6.3","Life is Feudal: Your Own"
"White Noise 2","1218","White Noise 2","7724760","259920","36096","24","1435","14","0","29.72","White Noise 2"
"999: 9 Hours, 9 Persons, 9 Doors","1219","999: 9 Hours, 9 Persons, 9 Doors","7669920","219060","2723","10","304","14","0","35.01","999: 9 Hours, 9 Persons, 9 Doors"
"Jazz Jackrabbit","1220","Jazz Jackrabbit","7660560","44100","117227","10","55","14","0","173.71","Jazz Jackrabbit"
"Rogue Legacy","1221","Rogue Legacy","7657440","617040","14043","11","2996","14","1","12.41","Rogue Legacy"
"The Ship","1222","The Ship","7648260","60480","12073","33","307","14","0","126.46","The Ship"
"Rick and Morty: Virtual Rick-ality","1223","Rick and Morty: Virtual Rick-ality","7627020","100260","28936","23","529","14","0","76.07","Rick and Morty: Virtual Rick-ality"
"Bishi Bashi Special","1224","Bishi Bashi Special","7618260","8040","119280","11","32","14","0","947.54","Bishi Bashi Special"
"New Super Hook Girl","1225","New Super Hook Girl","7616880","18240","118692","7","45","14","0","417.59","New Super Hook Girl"
"Battle of the Defenders","1226","Battle of the Defenders","7613220","96600","3943","4","118","14","0","78.81","Battle of the Defenders"
"Mirage: Arcane Warfare","1227","Mirage: Arcane Warfare","7612860","162540","39471","24","1102","14","0","46.84","Mirage: Arcane Warfare"
"Secret of Evermore","1228","Secret of Evermore","7603740","194280","19109","5","206","14","0","39.14","Secret of Evermore"
"Agar.io","1229","Agar.io","7599120","789960","1675","13","3575","14","1","9.62","Agar.io"
"Spooky's House of Jump Scares","1230","Spooky's House of Jump Scares","7597560","250200","6033","9","1641","14","0","30.37","Spooky's House of Jump Scares"
"Dragon's Lair","1231","Dragon's Lair","7586040","24480","104591","5","132","14","0","309.89","Dragon's Lair"
"Dungeons 3","1232","Dungeons 3","7582320","240480","26948","28","556","14","0","31.53","Dungeons 3"
"Little Samson","1233","Little Samson","7564680","15120","120872","14","67","14","0","500.31","Little Samson"
"Jackal","1234","Jackal","7557480","15180","120662","8","77","14","0","497.86","Jackal"
"Hatsune Miku: Project DIVA F 2nd","1235","Hatsune Miku: Project DIVA F 2nd","7553280","238320","2685","5","206","14","0","31.69","Hatsune Miku: Project DIVA F 2nd"
"Empires of the Undergrowth","1236","Empires of the Undergrowth","7549680","50640","34484","8","14","14","0","149.09","Empires of the Undergrowth"
"Toukiden 2","1237","Toukiden 2","7547280","896820","3585","48","1862","14","1","8.42","Toukiden 2"
"Clicker Heroes","1238","Clicker Heroes","7547100","2110380","527","21","2860","14","4","3.58","Clicker Heroes"
"Deformers","1239","Deformers","7522800","91560","47538","24","641","14","0","82.16","Deformers"
"Mickey's Dangerous Chase","1240","Mickey's Dangerous Chase","7511640","2400","116798","7","16","14","0","3129.85","Mickey's Dangerous Chase"
"Emily Wants to Play Too","1241","Emily Wants to Play Too","7484340","25860","13368","8","0","14","0","289.42","Emily Wants to Play Too"
"Cat Quest","1242","Cat Quest","7483380","296340","31899","11","745","14","0","25.25","Cat Quest"
"Reigns","1243","Reigns","7480320","162420","4730","8","1034","14","0","46.06","Reigns"
"Titan Quest","1244","Titan Quest","7453200","484680","4176","23","1159","14","0","15.38","Titan Quest"
"X-Plane 11","1245","X-Plane 11","7451760","1013880","3265","12","979","14","1","7.35","X-Plane 11"
"Spec Ops: The Line","1246","Spec Ops: The Line","7437780","273600","8234","9","1079","14","0","27.18","Spec Ops: The Line"
"Bucky O'Hare","1247","Bucky O'Hare","7436220","25560","119773","6","66","14","0","290.93","Bucky O'Hare"
"LEGO City Undercover","1248","LEGO City Undercover","7399080","259800","6139","18","942","14","0","28.48","LEGO City Undercover"
"Contra","1249","Contra","7380120","153900","126902","13","621","14","0","47.95","Contra"
"We Are Chicago","1250","We Are Chicago","7377360","6480","37043","6","46","14","0","1138.48","We Are Chicago"
"Sunset Riders","1251","Sunset Riders","7373940","31320","159181","12","176","14","0","235.44","Sunset Riders"
"Creativerse","1252","Creativerse","7362120","1566600","1229","28","3640","14","2","4.7","Creativerse"
"Surgeon Simulator 2013","1253","Surgeon Simulator 2013","7349520","171480","36486","6","1793","13","0","42.86","Surgeon Simulator 2013"
"20XX","1254","20XX","7349280","456000","6749","22","1606","13","0","16.12","20XX"
"The Crew","1255","The Crew","7338240","2389920","2757","26","15801","13","4","3.07","The Crew"
"Astal","1256","Astal","7335660","7500","91470","9","20","13","0","978.09","Astal"
"iOS Gaming","1257","iOS Gaming","7334820","116820","2234","4","233","13","0","62.79","iOS Gaming"
"The Jackbox Party Pack","1258","The Jackbox Party Pack","7332720","640140","4893","18","4293","13","1","11.45","The Jackbox Party Pack"
"GTA Online","1259","GTA Online","7314660","489120","2233","9","1409","13","0","14.95","GTA Online"
"Bleed","1260","Bleed","7295460","31740","90345","9","147","13","0","229.85","Bleed"
"The Curious Expedition","1261","The Curious Expedition","7289280","75600","6796","4","204","13","0","96.42","The Curious Expedition"
"Bridge Constructor","1262","Bridge Constructor","7283160","57240","23346","8","243","13","0","127.24","Bridge Constructor"
"Road Redemption","1263","Road Redemption","7282500","186660","34215","22","951","13","0","39.01","Road Redemption"
"Company of Heroes: Tales of Valor","1264","Company of Heroes: Tales of Valor","7282260","464520","253","7","296","13","0","15.68","Company of Heroes: Tales of Valor"
"Silent Hill: Homecoming","1265","Silent Hill: Homecoming","7275840","195600","4661","5","411","13","0","37.2","Silent Hill: Homecoming"
"The Legend of Zelda: Oracle of Ages","1266","The Legend of Zelda: Oracle of Ages","7267800","202680","8363","5","251","13","0","35.86","The Legend of Zelda: Oracle of Ages"
"EVE: Valkyrie – Warzone","1267","EVE: Valkyrie – Warzone","7241760","150780","8445","27","692","13","0","48.03","EVE: Valkyrie – Warzone"
"SWAT 4","1268","SWAT 4","7240620","168120","40671","9","754","13","0","43.07","SWAT 4"
"Serious Sam: The Second Encounter","1269","Serious Sam: The Second Encounter","7237560","106740","9231","6","402","13","0","67.81","Serious Sam: The Second Encounter"
"Heavy Metal Machines","1270","Heavy Metal Machines","7227540","186360","5905","9","721","13","0","38.78","Heavy Metal Machines"
"Rakuen","1271","Rakuen","7213860","80640","6741","5","158","13","0","89.46","Rakuen"
"Fallout Shelter","1272","Fallout Shelter","7211760","1093020","4210","42","4485","13","2","6.6","Fallout Shelter"
"Road Trip","1273","Road Trip","7210260","21060","116152","10","55","13","0","342.37","Road Trip"
"Super C","1274","Super C","7203720","31020","106769","12","113","13","0","232.23","Super C"
"Mario Party 6","1275","Mario Party 6","7173420","173760","5929","6","610","13","0","41.28","Mario Party 6"
"Pitfall: The Mayan Adventure","1276","Pitfall: The Mayan Adventure","7159320","8160","119274","13","27","13","0","877.37","Pitfall: The Mayan Adventure"
"Timecop","1277","Timecop","7158780","1320","116275","8","15","13","0","5423.32","Timecop"
"Dragon Quest Heroes II","1278","Dragon Quest Heroes II","7157640","818160","5520","47","1657","13","1","8.75","Dragon Quest Heroes II"
"Oh...Sir! The Insult Simulator","1279","Oh...Sir! The Insult Simulator","7157580","113340","43855","5","816","13","0","63.15","Oh...Sir! The Insult Simulator"
"Castlevania: Aria of Sorrow","1280","Castlevania: Aria of Sorrow","7151760","262560","29157","12","532","13","0","27.24","Castlevania: Aria of Sorrow"
"Tekken Tag Tournament","1281","Tekken Tag Tournament","7149000","61980","2162","3","98","13","0","115.34","Tekken Tag Tournament"
"Cobra Triangle","1282","Cobra Triangle","7148700","2880","115250","10","16","13","0","2482.19","Cobra Triangle"
"Attack on Titan","1283","Attack on Titan","7144800","1120380","8214","17","5637","13","2","6.38","Attack on Titan"
"Super Monkey Ball Adventure","1284","Super Monkey Ball Adventure","7130040","6720","180074","5","29","13","0","1061.02","Super Monkey Ball Adventure"
"Rise of the Triad","1285","Rise of the Triad","7128060","25920","118541","11","77","13","0","275","Rise of the Triad"
"Unforgiving: A Northern Hymn","1286","Unforgiving: A Northern Hymn","7119420","39960","37364","7","43","13","0","178.16","Unforgiving: A Northern Hymn"
"Survive the Nights","1287","Survive the Nights","7096440","184560","55084","166","6","13","0","38.45","Survive the Nights"
"Shift happens","1288","Shift happens","7092960","60600","20932","5","239","13","0","117.05","Shift happens"
"Alex Kidd in Shinobi World","1289","Alex Kidd in Shinobi World","7091340","20760","113525","9","22","13","0","341.59","Alex Kidd in Shinobi World"
"The Legend of Zelda: Phantom Hourglass","1290","The Legend of Zelda: Phantom Hourglass","7083840","112680","6539","4","141","13","0","62.87","The Legend of Zelda: Phantom Hourglass"
"Trojan","1291","Trojan","7080540","2160","117587","6","19","13","0","3278.03","Trojan"
"Aragami","1292","Aragami","7078500","474360","7733","15","2173","13","0","14.92","Aragami"
"Fire Pro Wrestling World","1293","Fire Pro Wrestling World","7077720","378780","29657","35","666","13","0","18.69","Fire Pro Wrestling World"
"Danganronpa Another Episode: Ultra Despair Girls","1294","Danganronpa Another Episode: Ultra Despair Girls","7077120","332220","3569","14","521","13","0","21.3","Danganronpa Another Episode: Ultra Despair Girls"
"Ninja Gaiden Black","1295","Ninja Gaiden Black","7075440","268020","7466","19","633","13","0","26.4","Ninja Gaiden Black"
"Reigns: Her Majesty","1296","Reigns: Her Majesty","7030980","26400","11637","6","1","13","0","266.33","Reigns: Her Majesty"
"Pokémon Colosseum","1297","Pokémon Colosseum","7022940","508860","617","9","719","13","0","13.8","Pokémon Colosseum"
"Dead Rising","1298","Dead Rising","7021020","734880","2355","11","2275","13","1","9.55","Dead Rising"
"Oculus VR","1299","Oculus VR","7016520","161640","13430","6","493","13","0","43.41","Oculus VR"
"Monster Strike","1300","Monster Strike","7014480","301080","1373","8","146","13","0","23.3","Monster Strike"