"","","Game","Watch time","Stream time","Peak viewers","Peak channels","Streamers","Average viewers","Average channels","Average viewer ratio",""
"Cubic Ninja","11701","Cubic Ninja","22020","600","183","1","3","0","0","36.7","Cubic Ninja"
"Europa Universalis III: Divine Wind","11702","Europa Universalis III: Divine Wind","22020","4740","32","2","10","0","0","4.65","Europa Universalis III: Divine Wind"
"Vegas Stakes","11703","Vegas Stakes","22020","3240","35","1","19","0","0","6.8","Vegas Stakes"
"Supaplex","11704","Supaplex","22020","6060","203","1","13","0","0","3.63","Supaplex"
"The Powder Toy","11705","The Powder Toy","22020","3840","62","2","19","0","0","5.73","The Powder Toy"
"Don't Be Nervous Talking to Girls","11706","Don't Be Nervous Talking to Girls","22020","11160","34","1","21","0","0","1.97","Don't Be Nervous Talking to Girls"
"Strange Brigade","11707","Strange Brigade","22020","120","306","1","2","0","0","183.5","Strange Brigade"
"Salammbo: Battle for Carthage","11708","Salammbo: Battle for Carthage","22020","120","228","1","1","0","0","183.5","Salammbo: Battle for Carthage"
"Virtua Fighter 5 R","11709","Virtua Fighter 5 R","22020","120","191","1","1","0","0","183.5","Virtua Fighter 5 R"
"Science Fiction Classics","11710","Science Fiction Classics","21960","3720","23","1","6","0","0","5.9","Science Fiction Classics"
"Farland Symphony","11711","Farland Symphony","21960","1680","32","1","2","0","0","13.07","Farland Symphony"
"Cardfight!! Vanguard: Stride to Victory!!","11712","Cardfight!! Vanguard: Stride to Victory!!","21960","14340","16","2","9","0","0","1.53","Cardfight!! Vanguard: Stride to Victory!!"
"Virtual Rides 3","11713","Virtual Rides 3","21960","4800","146","1","22","0","0","4.58","Virtual Rides 3"
"Pac-Man World Rally","11714","Pac-Man World Rally","21960","5940","25","3","20","0","0","3.7","Pac-Man World Rally"
"Touhou 14.3 - Impossible Spell Card","11715","Touhou 14.3 - Impossible Spell Card","21960","7680","16","2","23","0","0","2.86","Touhou 14.3 - Impossible Spell Card"
"KingsRoad","11716","KingsRoad","21960","13860","9","2","27","0","0","1.58","KingsRoad"
"FreeCell","11717","FreeCell","21960","8040","32","1","41","0","0","2.73","FreeCell"
"Fallout: Brotherhood of Steel","11718","Fallout: Brotherhood of Steel","21960","4860","31","1","14","0","0","4.52","Fallout: Brotherhood of Steel"
"Akane the Kunoichi","11719","Akane the Kunoichi","21960","1920","308","1","7","0","0","11.44","Akane the Kunoichi"
"Ascension to the Throne","11720","Ascension to the Throne","21900","6660","102","1","12","0","0","3.29","Ascension to the Throne"
"Mnemonic","11721","Mnemonic","21900","24360","3","1","1","0","0","0.9","Mnemonic"
"Eador: Masters of the Broken World","11722","Eador: Masters of the Broken World","21900","12240","11","2","16","0","0","1.79","Eador: Masters of the Broken World"
"Trials Frontier","11723","Trials Frontier","21900","7200","27","2","18","0","0","3.04","Trials Frontier"
"Teddy Terror","11724","Teddy Terror","21900","1620","32","1","6","0","0","13.52","Teddy Terror"
"Entwined","11725","Entwined","21900","3420","99","1","87","0","0","6.4","Entwined"
"Dirty Larry: Renegade Cop","11726","Dirty Larry: Renegade Cop","21900","120","241","1","1","0","0","182.5","Dirty Larry: Renegade Cop"
"Capcom Arcade Hits Volume 2","11727","Capcom Arcade Hits Volume 2","21900","420","371","1","3","0","0","52.14","Capcom Arcade Hits Volume 2"
"Stellar Smooch","11728","Stellar Smooch","21840","180","135","1","1","0","0","121.33","Stellar Smooch"
"Tiles","11729","Tiles","21840","5460","44","2","21","0","0","4","Tiles"
"Geo","11730","Geo","21840","3720","45","1","22","0","0","5.87","Geo"
"Bridge Constructor Stunts","11731","Bridge Constructor Stunts","21840","4800","72","1","25","0","0","4.55","Bridge Constructor Stunts"
"Keio Flying Squadron 2","11732","Keio Flying Squadron 2","21840","3120","158","1","6","0","0","7","Keio Flying Squadron 2"
"Tales of Monkey Island Chapter 5: Rise of the Pirate God","11733","Tales of Monkey Island Chapter 5: Rise of the Pirate God","21840","4680","28","1","16","0","0","4.67","Tales of Monkey Island Chapter 5: Rise of the Pirate God"
"UBERMOSH","11734","UBERMOSH","21780","9660","65","2","63","0","0","2.25","UBERMOSH"
"Otherland","11735","Otherland","21780","9420","70","1","34","0","0","2.31","Otherland"
"Mystery Case Files: Prime Suspects","11736","Mystery Case Files: Prime Suspects","21780","3720","213","1","15","0","0","5.85","Mystery Case Files: Prime Suspects"
"Terra Battle","11737","Terra Battle","21780","8580","50","1","21","0","0","2.54","Terra Battle"
"Yu-Gi-Oh! Dungeon Dice Monsters","11738","Yu-Gi-Oh! Dungeon Dice Monsters","21780","4380","36","2","16","0","0","4.97","Yu-Gi-Oh! Dungeon Dice Monsters"
"Phantasy Star Online Episode I & II Plus","11739","Phantasy Star Online Episode I & II Plus","21780","15480","25","2","44","0","0","1.41","Phantasy Star Online Episode I & II Plus"
"Bruce Lee","11740","Bruce Lee","21780","900","175","1","5","0","0","24.2","Bruce Lee"
"Epic Dumpster Bear","11741","Epic Dumpster Bear","21780","780","131","1","6","0","0","27.92","Epic Dumpster Bear"
"BattleCore Arena","11742","BattleCore Arena","21780","3540","90","2","11","0","0","6.15","BattleCore Arena"
"Disaster Report 4: Summer Memories","11743","Disaster Report 4: Summer Memories","21720","840","83","1","2","0","0","25.86","Disaster Report 4: Summer Memories"
"Krai Mira","11744","Krai Mira","21720","960","112","1","4","0","0","22.63","Krai Mira"
"Famicom Wars","11745","Famicom Wars","21720","540","102","1","2","0","0","40.22","Famicom Wars"
"Evil Dead: Hail to the King","11746","Evil Dead: Hail to the King","21720","3300","40","2","13","0","0","6.58","Evil Dead: Hail to the King"
"Man Of Prey","11747","Man Of Prey","21720","1260","50","1","3","0","0","17.24","Man Of Prey"
"Tails Adventure","11748","Tails Adventure","21660","2700","74","1","10","0","0","8.02","Tails Adventure"
"Secrets Of Rætikon","11749","Secrets Of Rætikon","21660","4800","28","1","29","0","0","4.51","Secrets Of Rætikon"
"Legend of Kay","11750","Legend of Kay","21660","3480","169","1","8","0","0","6.22","Legend of Kay"
"Duke Nukem","11751","Duke Nukem","21660","10260","31","2","54","0","0","2.11","Duke Nukem"
"Skipper","11752","Skipper","21660","3060","66","2","15","0","0","7.08","Skipper"
"Mutant Fighter","11753","Mutant Fighter","21660","840","202","1","1","0","0","25.79","Mutant Fighter"
"The Grid","11754","The Grid","21660","960","550","1","4","0","0","22.56","The Grid"
"F1 ROC: Race of Champions","11755","F1 ROC: Race of Champions","21660","600","148","1","3","0","0","36.1","F1 ROC: Race of Champions"
"Ants","11756","Ants","21600","154500","20","2","10","0","0","0.14","Ants"
"Candy Crush Soda Saga","11757","Candy Crush Soda Saga","21600","12480","32","1","74","0","0","1.73","Candy Crush Soda Saga"
"Farm Frenzy 4","11758","Farm Frenzy 4","21600","3120","37","1","12","0","0","6.92","Farm Frenzy 4"
"Sins of a Solar Empire: Entrenchment","11759","Sins of a Solar Empire: Entrenchment","21600","1020","87","1","4","0","0","21.18","Sins of a Solar Empire: Entrenchment"
"Zool","11760","Zool","21540","1500","209","1","10","0","0","14.36","Zool"
"Super Robot Wars OG Saga: Masou Kishin - The Lord of Elemental","11761","Super Robot Wars OG Saga: Masou Kishin - The Lord of Elemental","21540","6360","11","1","2","0","0","3.39","Super Robot Wars OG Saga: Masou Kishin - The Lord of Elemental"
"Fantasy","11762","Fantasy","21540","7740","13","1","19","0","0","2.78","Fantasy"
"Arcanoid","11763","Arcanoid","21540","1140","641","1","4","0","0","18.89","Arcanoid"
"Inexistence","11764","Inexistence","21540","4560","96","1","20","0","0","4.72","Inexistence"
"In Between","11765","In Between","21540","4440","30","1","14","0","0","4.85","In Between"
"Atari Flashback Classics vol. 1","11766","Atari Flashback Classics vol. 1","21540","6300","83","2","78","0","0","3.42","Atari Flashback Classics vol. 1"
"Midnight Club: Los Angeles","11767","Midnight Club: Los Angeles","21480","5400","45","2","29","0","0","3.98","Midnight Club: Los Angeles"
"Aria","11768","Aria","21480","300","185","1","2","0","0","71.6","Aria"
"The Flintstones: The Treasure of Sierra Madrock","11769","The Flintstones: The Treasure of Sierra Madrock","21480","1080","106","1","10","0","0","19.89","The Flintstones: The Treasure of Sierra Madrock"
"Dragon Ball Z: Budokai Tenkaichi","11770","Dragon Ball Z: Budokai Tenkaichi","21480","9420","16","2","24","0","0","2.28","Dragon Ball Z: Budokai Tenkaichi"
"Farm Frenzy","11771","Farm Frenzy","21420","1680","51","1","8","0","0","12.75","Farm Frenzy"
"Diehard Dungeon","11772","Diehard Dungeon","21420","2700","84","1","13","0","0","7.93","Diehard Dungeon"
"Super Bonk","11773","Super Bonk","21420","3960","186","1","11","0","0","5.41","Super Bonk"
"Ghost Rider","11774","Ghost Rider","21420","4320","51","2","14","0","0","4.96","Ghost Rider"
"Political Animals","11775","Political Animals","21420","6720","27","2","18","0","0","3.19","Political Animals"
"1bitHeart","11776","1bitHeart","21420","6960","21","2","22","0","0","3.08","1bitHeart"
"Tactical Monsters Rumble Arena","11777","Tactical Monsters Rumble Arena","21420","9180","12","2","14","0","0","2.33","Tactical Monsters Rumble Arena"
"Hayarigami 3: Toshidensetsu Kaii Jiken","11778","Hayarigami 3: Toshidensetsu Kaii Jiken","21360","120","206","1","0","0","0","178","Hayarigami 3: Toshidensetsu Kaii Jiken"
"QP Shooting - Dangerous!!","11779","QP Shooting - Dangerous!!","21360","10200","23","1","44","0","0","2.09","QP Shooting - Dangerous!!"
"Ganbare Goemon: Ooedo Daikaiten","11780","Ganbare Goemon: Ooedo Daikaiten","21360","2940","18","2","2","0","0","7.27","Ganbare Goemon: Ooedo Daikaiten"
"Ghost Blade","11781","Ghost Blade","21300","8940","27","3","34","0","0","2.38","Ghost Blade"
"Death Road","11782","Death Road","21240","1140","132","1","6","0","0","18.63","Death Road"
"The King of Fighters XII","11783","The King of Fighters XII","21240","3120","173","2","18","0","0","6.81","The King of Fighters XII"
"Hello Kitty to Issho! Block Crash 123!!","11784","Hello Kitty to Issho! Block Crash 123!!","21240","3540","235","2","6","0","0","6","Hello Kitty to Issho! Block Crash 123!!"
"Glorkian Warrior: Trials Of Glork","11785","Glorkian Warrior: Trials Of Glork","21240","540","331","1","4","0","0","39.33","Glorkian Warrior: Trials Of Glork"
"Ragnarok Battle Offline","11786","Ragnarok Battle Offline","21240","8400","20","1","32","0","0","2.53","Ragnarok Battle Offline"
"Barbie: Vacation Adventure","11787","Barbie: Vacation Adventure","21180","2580","108","1","18","0","0","8.21","Barbie: Vacation Adventure"
"Killzone 3","11788","Killzone 3","21180","6540","61","1","18","0","0","3.24","Killzone 3"
"Myself ; Yourself","11789","Myself ; Yourself","21180","26700","7","2","26","0","0","0.79","Myself ; Yourself"
"Charlie's Angels","11790","Charlie's Angels","21180","1560","47","1","10","0","0","13.58","Charlie's Angels"
"Magic Rush: Heroes","11791","Magic Rush: Heroes","21180","12360","13","2","23","0","0","1.71","Magic Rush: Heroes"
"DC Comics Legends","11792","DC Comics Legends","21180","1800","293","1","9","0","0","11.77","DC Comics Legends"
"Dead Island Retro Revenge","11793","Dead Island Retro Revenge","21180","18840","15","2","121","0","0","1.12","Dead Island Retro Revenge"
"Pac 'n Roll","11794","Pac 'n Roll","21180","4200","32","2","2","0","0","5.04","Pac 'n Roll"
"Star Sonata 2","11795","Star Sonata 2","21120","22920","10","2","25","0","0","0.92","Star Sonata 2"
"This Grand Life","11796","This Grand Life","21120","2760","78","1","9","0","0","7.65","This Grand Life"
"My Little Blacksmith Shop","11797","My Little Blacksmith Shop","21120","9720","45","2","33","0","0","2.17","My Little Blacksmith Shop"
"Police Simulator","11798","Police Simulator","21120","1320","90","1","10","0","0","16","Police Simulator"
"Fist of the North Star:  Ken's Rage","11799","Fist of the North Star:  Ken's Rage","21120","5100","21","2","19","0","0","4.14","Fist of the North Star:  Ken's Rage"
"Zen Bound 2","11800","Zen Bound 2","21120","2460","153","2","13","0","0","8.59","Zen Bound 2"