"","","Game","Watch time","Stream time","Peak viewers","Peak channels","Streamers","Average viewers","Average channels","Average viewer ratio",""
"Cypher","9201","Cypher","54240","15480","276","2","36","0","0","3.5","Cypher"
"Goliath","9202","Goliath","54180","7320","92","1","30","0","0","7.4","Goliath"
"Hellboy: The Science of Evil","9203","Hellboy: The Science of Evil","54120","1680","159","1","6","0","0","32.21","Hellboy: The Science of Evil"
"Anime Studio Simulator","9204","Anime Studio Simulator","54120","19560","32","2","53","0","0","2.77","Anime Studio Simulator"
"9Dragons","9205","9Dragons","54120","22020","20","3","31","0","0","2.46","9Dragons"
"Knight Squad","9206","Knight Squad","54120","26400","62","3","188","0","0","2.05","Knight Squad"
"Go Go Ackman","9207","Go Go Ackman","54060","6120","69","4","5","0","0","8.83","Go Go Ackman"
"Rockman EXE Operate Shooting Star","9208","Rockman EXE Operate Shooting Star","53940","7260","132","2","9","0","0","7.43","Rockman EXE Operate Shooting Star"
"The Daedalus Encounter","9209","The Daedalus Encounter","53880","1200","115","1","2","0","0","44.9","The Daedalus Encounter"
"Mystic Melee","9210","Mystic Melee","53820","2820","164","2","16","0","0","19.09","Mystic Melee"
"Contraption Maker","9211","Contraption Maker","53820","10080","52","2","60","0","0","5.34","Contraption Maker"
"Dolphin","9212","Dolphin","53820","34140","92","2","127","0","0","1.58","Dolphin"
"YuYu Hakusho: Spirit Detective","9213","YuYu Hakusho: Spirit Detective","53820","3120","128","1","4","0","0","17.25","YuYu Hakusho: Spirit Detective"
"Sam & Max Episode 302: The Tomb of Sammun-Mak","9214","Sam & Max Episode 302: The Tomb of Sammun-Mak","53820","5760","106","1","20","0","0","9.34","Sam & Max Episode 302: The Tomb of Sammun-Mak"
"Sherlock","9215","Sherlock","53760","1740","312","1","8","0","0","30.9","Sherlock"
"Dragon Ball Z: Budokai Tenkaichi 2","9216","Dragon Ball Z: Budokai Tenkaichi 2","53760","22080","26","2","68","0","0","2.43","Dragon Ball Z: Budokai Tenkaichi 2"
"Little Busters!","9217","Little Busters!","53700","14700","32","2","30","0","0","3.65","Little Busters!"
"Jeopady!","9218","Jeopady!","53700","5880","119","1","18","0","0","9.13","Jeopady!"
"Cardfight!! Online","9219","Cardfight!! Online","53700","16140","46","2","39","0","0","3.33","Cardfight!! Online"
"Dangun Feveron","9220","Dangun Feveron","53580","4860","107","2","15","0","0","11.02","Dangun Feveron"
"Holiday Island","9221","Holiday Island","53580","720","331","1","5","0","0","74.42","Holiday Island"
"Enchanted Arms","9222","Enchanted Arms","53580","8940","52","1","13","0","0","5.99","Enchanted Arms"
"Missing Translation","9223","Missing Translation","53580","9180","129","2","63","0","0","5.84","Missing Translation"
"Fuck Quest","9224","Fuck Quest","53520","18120","77","2","25","0","0","2.95","Fuck Quest"
"Nancy Drew: Trail of the Twister","9225","Nancy Drew: Trail of the Twister","53520","7680","65","1","19","0","0","6.97","Nancy Drew: Trail of the Twister"
"Another Perspective","9226","Another Perspective","53520","27480","59","17","38","0","0","1.95","Another Perspective"
"Blood & Magic","9227","Blood & Magic","53520","2580","501","1","3","0","0","20.74","Blood & Magic"
"Relic Raiders","9228","Relic Raiders","53520","900","120","3","3","0","0","59.47","Relic Raiders"
"Call to 10","9229","Call to 10","53460","1020","811","1","8","0","0","52.41","Call to 10"
"Rewrite","9230","Rewrite","53400","34560","20","2","33","0","0","1.55","Rewrite"
"NBA Street Vol. 2","9231","NBA Street Vol. 2","53400","12420","86","2","62","0","0","4.3","NBA Street Vol. 2"
"Manyland","9232","Manyland","53400","6240","34","1","15","0","0","8.56","Manyland"
"Blaster Master: Enemy Below","9233","Blaster Master: Enemy Below","53400","1440","71","1","4","0","0","37.08","Blaster Master: Enemy Below"
"MDK 2","9234","MDK 2","53340","7920","225","1","29","0","0","6.73","MDK 2"
"Out of Ammo","9235","Out of Ammo","53340","4140","724","2","25","0","0","12.88","Out of Ammo"
"Shephy","9236","Shephy","53340","4140","158","2","28","0","0","12.88","Shephy"
"Power Drill Massacre","9237","Power Drill Massacre","53340","4560","300","2","33","0","0","11.7","Power Drill Massacre"
"Captain America and the Avengers","9238","Captain America and the Avengers","53280","10080","119","2","39","0","0","5.29","Captain America and the Avengers"
"Star Wars: The Empire Strikes Back","9239","Star Wars: The Empire Strikes Back","53280","4440","153","2","5","0","0","12","Star Wars: The Empire Strikes Back"
"Draw Something 2","9240","Draw Something 2","53220","2820","727","2","17","0","0","18.87","Draw Something 2"
"Toy Story Mania!","9241","Toy Story Mania!","53220","1080","838","1","6","0","0","49.28","Toy Story Mania!"
"Hardware Engineers","9242","Hardware Engineers","53220","10380","67","1","29","0","0","5.13","Hardware Engineers"
"Touhou 14.5 - Urban Legend in Limbo","9243","Touhou 14.5 - Urban Legend in Limbo","53160","12720","130","3","51","0","0","4.18","Touhou 14.5 - Urban Legend in Limbo"
"Trax","9244","Trax","53160","3120","770","2","6","0","0","17.04","Trax"
"Alone in the Dark 2","9245","Alone in the Dark 2","53160","5340","131","1","11","0","0","9.96","Alone in the Dark 2"
"Monster Bash","9246","Monster Bash","53160","4320","117","1","8","0","0","12.31","Monster Bash"
"Whisper of a Rose","9247","Whisper of a Rose","53160","7020","855","2","6","0","0","7.57","Whisper of a Rose"
"Crash: Mind Over Mutant","9248","Crash: Mind Over Mutant","53160","6000","34","1","20","0","0","8.86","Crash: Mind Over Mutant"
"Pokémon Box","9249","Pokémon Box","53100","10980","173","2","20","0","0","4.84","Pokémon Box"
"Thrillville: Off the Rails","9250","Thrillville: Off the Rails","53100","19380","33","2","90","0","0","2.74","Thrillville: Off the Rails"
"Darkest of Days","9251","Darkest of Days","53100","5040","89","1","13","0","0","10.54","Darkest of Days"
"Elevator Action","9252","Elevator Action","53040","1260","96","1","7","0","0","42.1","Elevator Action"
"Crossing Souls","9253","Crossing Souls","52980","1140","606","2","5","0","0","46.47","Crossing Souls"
"Snooker Nation Championship","9254","Snooker Nation Championship","52920","7800","59","2","20","0","0","6.78","Snooker Nation Championship"
"Call of the Starseed","9255","Call of the Starseed","52920","5820","265","2","29","0","0","9.09","Call of the Starseed"
"Marble Void","9256","Marble Void","52920","1800","136","1","7","0","0","29.4","Marble Void"
"Continent of the Ninth Seal","9257","Continent of the Ninth Seal","52920","32760","37","2","98","0","0","1.62","Continent of the Ninth Seal"
"Demon Hunter 3: Revelation","9258","Demon Hunter 3: Revelation","52860","2220","156","1","7","0","0","23.81","Demon Hunter 3: Revelation"
"South Park Imaginationland","9259","South Park Imaginationland","52860","180","381","1","1","0","0","293.67","South Park Imaginationland"
"Jetbros","9260","Jetbros","52800","1380","81","1","1","0","0","38.26","Jetbros"
"Robocop","9261","Robocop","52800","7200","181","3","37","0","0","7.33","Robocop"
"Dance Central","9262","Dance Central","52800","4200","101","1","17","0","0","12.57","Dance Central"
"Puzzle Star Sweep","9263","Puzzle Star Sweep","52740","3360","39","1","5","0","0","15.7","Puzzle Star Sweep"
"Cartoon Network Universe: FusionFall","9264","Cartoon Network Universe: FusionFall","52740","8880","183","7","47","0","0","5.94","Cartoon Network Universe: FusionFall"
"A Walk In the Dark","9265","A Walk In the Dark","52740","4740","50","1","24","0","0","11.13","A Walk In the Dark"
"Saints of Virtue","9266","Saints of Virtue","52740","1200","844","1","3","0","0","43.95","Saints of Virtue"
"Fallout Online","9267","Fallout Online","52680","29640","31","2","51","0","0","1.78","Fallout Online"
"Addams Family Values","9268","Addams Family Values","52680","5400","199","1","18","0","0","9.76","Addams Family Values"
"Dogz 5","9269","Dogz 5","52680","720","320","1","3","0","0","73.17","Dogz 5"
"Dragon Quest Monsters 1 & 2","9270","Dragon Quest Monsters 1 & 2","52680","4620","115","1","7","0","0","11.4","Dragon Quest Monsters 1 & 2"
"Putt-Putt and Pep's Balloon-o-Rama","9271","Putt-Putt and Pep's Balloon-o-Rama","52620","1440","460","1","6","0","0","36.54","Putt-Putt and Pep's Balloon-o-Rama"
"Dyscourse","9272","Dyscourse","52620","2880","268","1","17","0","0","18.27","Dyscourse"
"Life in Bunker","9273","Life in Bunker","52620","7380","46","2","26","0","0","7.13","Life in Bunker"
"Antegods","9274","Antegods","52560","1380","494","4","6","0","0","38.09","Antegods"
"Tapper","9275","Tapper","52560","5400","104","1","10","0","0","9.73","Tapper"
"Indiana Jones and the Last Crusade: The Action Game","9276","Indiana Jones and the Last Crusade: The Action Game","52500","4380","333","3","17","0","0","11.99","Indiana Jones and the Last Crusade: The Action Game"
"SWAT Kats: The Radical Squadron","9277","SWAT Kats: The Radical Squadron","52500","3720","46","1","8","0","0","14.11","SWAT Kats: The Radical Squadron"
"Disgaea 3: Absence of Justice","9278","Disgaea 3: Absence of Justice","52440","4860","56","1","8","0","0","10.79","Disgaea 3: Absence of Justice"
"Mars: War Logs","9279","Mars: War Logs","52440","22380","42","2","53","0","0","2.34","Mars: War Logs"
"NHL Hitz 20-03","9280","NHL Hitz 20-03","52440","2820","796","1","13","0","0","18.6","NHL Hitz 20-03"
"Pokémon Bank","9281","Pokémon Bank","52440","4680","302","1","6","0","0","11.21","Pokémon Bank"
"Jidousha Shakai","9282","Jidousha Shakai","52440","900","218","1","1","0","0","58.27","Jidousha Shakai"
"Stardrop","9283","Stardrop","52380","9660","47","2","27","0","0","5.42","Stardrop"
"Luminous Arc Infinity","9284","Luminous Arc Infinity","52380","5820","29","1","1","0","0","9","Luminous Arc Infinity"
"Resident Evil 2","9285","Resident Evil 2","52380","36120","77","2","19","0","0","1.45","Resident Evil 2"
"Point Blank 2","9286","Point Blank 2","52380","2700","224","1","5","0","0","19.4","Point Blank 2"
"Urban Rivals","9287","Urban Rivals","52320","16860","18","2","40","0","0","3.1","Urban Rivals"
"PoPoLoCrois","9288","PoPoLoCrois","52320","9000","46","2","10","0","0","5.81","PoPoLoCrois"
"1 vs 100","9289","1 vs 100","52260","360","655","1","3","0","0","145.17","1 vs 100"
"ScreamRide","9290","ScreamRide","52260","21660","132","3","128","0","0","2.41","ScreamRide"
"Spyro: Season of Ice","9291","Spyro: Season of Ice","52260","5340","113","2","14","0","0","9.79","Spyro: Season of Ice"
"Original Journey","9292","Original Journey","52260","4860","101","2","22","0","0","10.75","Original Journey"
"Carnivores: Dinosaur Hunter HD","9293","Carnivores: Dinosaur Hunter HD","52200","3960","224","1","19","0","0","13.18","Carnivores: Dinosaur Hunter HD"
"Postal 2: Apocalypse Weekend","9294","Postal 2: Apocalypse Weekend","52200","23160","113","2","97","0","0","2.25","Postal 2: Apocalypse Weekend"
"H.E.R.O.","9295","H.E.R.O.","52140","3120","546","1","5","0","0","16.71","H.E.R.O."
"Ghostbusters II","9296","Ghostbusters II","52140","3240","168","2","17","0","0","16.09","Ghostbusters II"
"Asterix and Obelix: Kick Buttix","9297","Asterix and Obelix: Kick Buttix","52080","10860","96","2","8","0","0","4.8","Asterix and Obelix: Kick Buttix"
"Tear Ring Saga","9298","Tear Ring Saga","52080","12360","20","1","10","0","0","4.21","Tear Ring Saga"
"Record of Agarest War","9299","Record of Agarest War","52080","25200","69","2","58","0","0","2.07","Record of Agarest War"
"Anatomy","9300","Anatomy","52080","9120","74","2","64","0","0","5.71","Anatomy"