"","","Game","Watch time","Stream time","Peak viewers","Peak channels","Streamers","Average viewers","Average channels","Average viewer ratio",""
"Mall Empire","8501","Mall Empire","70620","2160","745","1","17","0","0","32.69","Mall Empire"
"Weed Shop 2","8502","Weed Shop 2","70620","3660","412","2","7","0","0","19.3","Weed Shop 2"
"Atelier Rorona Plus: The Alchemist of Arland","8503","Atelier Rorona Plus: The Alchemist of Arland","70620","26280","43","2","27","0","0","2.69","Atelier Rorona Plus: The Alchemist of Arland"
"Texas Hold'em Tournament","8504","Texas Hold'em Tournament","70620","13380","68","2","15","0","0","5.28","Texas Hold'em Tournament"
"James Cameron's Avatar","8505","James Cameron's Avatar","70560","3180","445","1","7","0","0","22.19","James Cameron's Avatar"
"Zanzarah: The Hidden Portal","8506","Zanzarah: The Hidden Portal","70560","18300","121","2","42","0","0","3.86","Zanzarah: The Hidden Portal"
"Ms. Pac-Man","8507","Ms. Pac-Man","70560","34980","169","2","152","0","0","2.02","Ms. Pac-Man"
"NBA 2K12","8508","NBA 2K12","70500","2640","828","1","14","0","0","26.7","NBA 2K12"
"I Am Overburdened","8509","I Am Overburdened","70440","900","597","1","0","0","0","78.27","I Am Overburdened"
"Fausts Alptraum","8510","Fausts Alptraum","70440","8760","270","3","14","0","0","8.04","Fausts Alptraum"
"Tokimeki Memorial Girl's Side: 2nd Kiss","8511","Tokimeki Memorial Girl's Side: 2nd Kiss","70380","2160","140","1","5","0","0","32.58","Tokimeki Memorial Girl's Side: 2nd Kiss"
"Trials HD","8512","Trials HD","70320","22140","81","2","130","0","0","3.18","Trials HD"
"Road to Ballhalla","8513","Road to Ballhalla","70320","16800","50","2","105","0","0","4.19","Road to Ballhalla"
"Hot Wheels: Velocity X","8514","Hot Wheels: Velocity X","70260","1560","543","1","9","0","0","45.04","Hot Wheels: Velocity X"
"Wildfire","8515","Wildfire","70200","8340","347","1","37","0","0","8.42","Wildfire"
"Animaniacs: The Great Edgar Hunt","8516","Animaniacs: The Great Edgar Hunt","70140","4080","515","2","9","0","0","17.19","Animaniacs: The Great Edgar Hunt"
"Tumblestone","8517","Tumblestone","70140","17700","165","2","111","0","0","3.96","Tumblestone"
"Mushroom 11","8518","Mushroom 11","70140","12360","143","2","58","0","0","5.67","Mushroom 11"
"Postal Redux","8519","Postal Redux","70140","9720","620","3","64","0","0","7.22","Postal Redux"
"Iron Fish","8520","Iron Fish","70140","480","457","1","2","0","0","146.13","Iron Fish"
"MVP Baseball 2005","8521","MVP Baseball 2005","70020","20880","80","2","8","0","0","3.35","MVP Baseball 2005"
"Touhou 11 - Subterranean Animism","8522","Touhou 11 - Subterranean Animism","69960","27660","49","2","148","0","0","2.53","Touhou 11 - Subterranean Animism"
"The Bible Game","8523","The Bible Game","69960","2100","279","1","12","0","0","33.31","The Bible Game"
"RunGunJumpGun","8524","RunGunJumpGun","69960","13860","302","7","137","0","0","5.05","RunGunJumpGun"
"MINDNIGHT","8525","MINDNIGHT","69900","7440","340","3","0","0","0","9.4","MINDNIGHT"
"Blasto","8526","Blasto","69840","4860","312","1","27","0","0","14.37","Blasto"
"FarSky","8527","FarSky","69840","15900","389","2","72","0","0","4.39","FarSky"
"Butt","8528","Butt","69780","21960","41","2","10","0","0","3.18","Butt"
"Skyborn","8529","Skyborn","69780","12060","34","2","31","0","0","5.79","Skyborn"
"Dragon Ball Z: Extreme Butouden","8530","Dragon Ball Z: Extreme Butouden","69780","2580","142","1","13","0","0","27.05","Dragon Ball Z: Extreme Butouden"
"Hatsune Miku: Project DIVA 2nd","8531","Hatsune Miku: Project DIVA 2nd","69720","20700","65","2","79","0","0","3.37","Hatsune Miku: Project DIVA 2nd"
"DDTANK","8532","DDTANK","69720","24660","117","3","50","0","0","2.83","DDTANK"
"Starward Rogue","8533","Starward Rogue","69720","9240","199","2","31","0","0","7.55","Starward Rogue"
"Warmode","8534","Warmode","69720","47040","47","3","237","0","0","1.48","Warmode"
"Mario Party Fushigi no Korokoro Catcher","8535","Mario Party Fushigi no Korokoro Catcher","69660","420","767","1","3","0","0","165.86","Mario Party Fushigi no Korokoro Catcher"
"MatterFall","8536","MatterFall","69660","19980","60","10","143","0","0","3.49","MatterFall"
"Battle for Wesnoth","8537","Battle for Wesnoth","69660","18780","222","3","56","0","0","3.71","Battle for Wesnoth"
"Rockstar Games presents Table Tennis","8538","Rockstar Games presents Table Tennis","69660","1320","287","1","5","0","0","52.77","Rockstar Games presents Table Tennis"
"Demon","8539","Demon","69600","6660","55","1","7","0","0","10.45","Demon"
"DOGOS","8540","DOGOS","69600","2400","705","2","19","0","0","29","DOGOS"
"Sunless Skies","8541","Sunless Skies","69540","5520","99","2","31","0","0","12.6","Sunless Skies"
"Phoenix Wright: Ace Attorney Trilogy HD","8542","Phoenix Wright: Ace Attorney Trilogy HD","69540","24660","79","2","46","0","0","2.82","Phoenix Wright: Ace Attorney Trilogy HD"
"Zombeer","8543","Zombeer","69540","10440","290","2","58","0","0","6.66","Zombeer"
"Vexx","8544","Vexx","69540","10500","225","2","34","0","0","6.62","Vexx"
"APB","8545","APB","69480","35580","36","2","129","0","0","1.95","APB"
"WRC 5","8546","WRC 5","69480","72120","20","3","304","0","0","0.96","WRC 5"
"Titan Quest: Ragnarök","8547","Titan Quest: Ragnarök","69480","13860","104","5","0","0","0","5.01","Titan Quest: Ragnarök"
"Demon Front","8548","Demon Front","69480","6300","319","1","6","0","0","11.03","Demon Front"
"Hungry Shark World","8549","Hungry Shark World","69420","5160","576","1","12","0","0","13.45","Hungry Shark World"
"The Typing of the Dead II","8550","The Typing of the Dead II","69420","1020","558","1","4","0","0","68.06","The Typing of the Dead II"
"Duke Nukem: Time to Kill","8551","Duke Nukem: Time to Kill","69420","7320","71","2","23","0","0","9.48","Duke Nukem: Time to Kill"
"OutRun Online Arcade","8552","OutRun Online Arcade","69420","6300","346","1","10","0","0","11.02","OutRun Online Arcade"
"Final Fantasy Type-0","8553","Final Fantasy Type-0","69420","7740","219","2","36","0","0","8.97","Final Fantasy Type-0"
"M&M's Kart Racing","8554","M&M's Kart Racing","69360","2040","351","2","9","0","0","34","M&M's Kart Racing"
"Collapse: The Rage","8555","Collapse: The Rage","69360","4080","333","1","8","0","0","17","Collapse: The Rage"
"1701 A.D.","8556","1701 A.D.","69360","23460","141","2","42","0","0","2.96","1701 A.D."
"BioForge","8557","BioForge","69360","1860","516","1","5","0","0","37.29","BioForge"
"Sea Monsters: A Prehistoric Adventure","8558","Sea Monsters: A Prehistoric Adventure","69360","180","419","1","1","0","0","385.33","Sea Monsters: A Prehistoric Adventure"
"PlayStation All-Stars Battle Royale","8559","PlayStation All-Stars Battle Royale","69300","11160","137","2","49","0","0","6.21","PlayStation All-Stars Battle Royale"
"Harvest Moon: Another Wonderful Life","8560","Harvest Moon: Another Wonderful Life","69240","15180","35","2","32","0","0","4.56","Harvest Moon: Another Wonderful Life"
"Sam & Max Episode 301: The Penal Zone","8561","Sam & Max Episode 301: The Penal Zone","69240","8820","78","2","37","0","0","7.85","Sam & Max Episode 301: The Penal Zone"
"Gladiator","8562","Gladiator","69180","1680","764","1","7","0","0","41.18","Gladiator"
"Corpse Party The Anthology: Sachiko's Game of Love Hysteric Birthday 2U","8563","Corpse Party The Anthology: Sachiko's Game of Love Hysteric Birthday 2U","69180","3060","59","1","3","0","0","22.61","Corpse Party The Anthology: Sachiko's Game of Love Hysteric Birthday 2U"
"Stash","8564","Stash","69120","15660","540","3","59","0","0","4.41","Stash"
"Valentino Rossi The Game","8565","Valentino Rossi The Game","69120","98460","58","4","287","0","0","0.7","Valentino Rossi The Game"
"XING: The Land Beyond","8566","XING: The Land Beyond","69120","8460","72","3","18","0","0","8.17","XING: The Land Beyond"
"Boid","8567","Boid","68940","2640","1090","2","19","0","0","26.11","Boid"
"Yu-Gi-Oh! Worldwide Edition: Stairway to the Destined Duel","8568","Yu-Gi-Oh! Worldwide Edition: Stairway to the Destined Duel","68880","9480","68","3","24","0","0","7.27","Yu-Gi-Oh! Worldwide Edition: Stairway to the Destined Duel"
"Abuse","8569","Abuse","68880","3780","237","1","13","0","0","18.22","Abuse"
"Nether","8570","Nether","68760","29520","86","2","108","0","0","2.33","Nether"
"Syndicate","8571","Syndicate","68760","25200","80","2","96","0","0","2.73","Syndicate"
"Sonny","8572","Sonny","68760","10260","355","2","38","0","0","6.7","Sonny"
"Small Radios Big Televisions","8573","Small Radios Big Televisions","68760","8460","167","2","56","0","0","8.13","Small Radios Big Televisions"
"Zombie Party","8574","Zombie Party","68700","16140","91","2","53","0","0","4.26","Zombie Party"
"300","8575","300","68700","6360","673","1","10","0","0","10.8","300"
"Shin Megami Tensei: Devil Summoner 2 - Raidou Kuzunoha vs. King Abaddon","8576","Shin Megami Tensei: Devil Summoner 2 - Raidou Kuzunoha vs. King Abaddon","68640","22080","27","3","26","0","0","3.11","Shin Megami Tensei: Devil Summoner 2 - Raidou Kuzunoha vs. King Abaddon"
"Star Wolves","8577","Star Wolves","68640","6480","2855","1","8","0","0","10.59","Star Wolves"
"Dynasty Warriors 8","8578","Dynasty Warriors 8","68640","14940","32","3","49","0","0","4.59","Dynasty Warriors 8"
"Galactic Conquest","8579","Galactic Conquest","68640","1140","130","1","1","0","0","60.21","Galactic Conquest"
"Red Obsidian Remnant","8580","Red Obsidian Remnant","68640","8040","382","2","24","0","0","8.54","Red Obsidian Remnant"
"Bishoujo Senshi Sailor Moon","8581","Bishoujo Senshi Sailor Moon","68580","15540","130","2","59","0","0","4.41","Bishoujo Senshi Sailor Moon"
"Metal Arms: Glitch in the System","8582","Metal Arms: Glitch in the System","68580","41820","19","3","50","0","0","1.64","Metal Arms: Glitch in the System"
"Milon's Secret Castle","8583","Milon's Secret Castle","68520","2700","237","1","12","0","0","25.38","Milon's Secret Castle"
"Sunset","8584","Sunset","68520","4980","213","1","12","0","0","13.76","Sunset"
"Tachyon: The Fringe","8585","Tachyon: The Fringe","68520","1920","334","1","7","0","0","35.69","Tachyon: The Fringe"
"Digimon World DS","8586","Digimon World DS","68460","14700","132","2","40","0","0","4.66","Digimon World DS"
"NBA 2K13","8587","NBA 2K13","68460","6300","771","2","38","0","0","10.87","NBA 2K13"
"MS Saga: A New Dawn","8588","MS Saga: A New Dawn","68460","24120","20","2","34","0","0","2.84","MS Saga: A New Dawn"
"Super Hydlide","8589","Super Hydlide","68460","420","1120","1","4","0","0","163","Super Hydlide"
"City Connection","8590","City Connection","68400","1140","238","1","5","0","0","60","City Connection"
"Die Hard: Nakatomi Plaza","8591","Die Hard: Nakatomi Plaza","68400","2100","258","1","4","0","0","32.57","Die Hard: Nakatomi Plaza"
"Sword of Vermilion","8592","Sword of Vermilion","68340","8700","224","1","15","0","0","7.86","Sword of Vermilion"
"The Legend of Spyro: The Eternal Night","8593","The Legend of Spyro: The Eternal Night","68280","31020","22","2","26","0","0","2.2","The Legend of Spyro: The Eternal Night"
"Bionicle Heroes","8594","Bionicle Heroes","68280","12360","168","1","37","0","0","5.52","Bionicle Heroes"
"Dora the Explorer","8595","Dora the Explorer","68280","4800","412","2","21","0","0","14.23","Dora the Explorer"
"The iDOLM@STER Cinderella Girls","8596","The iDOLM@STER Cinderella Girls","68280","6240","351","2","15","0","0","10.94","The iDOLM@STER Cinderella Girls"
"Blackguards","8597","Blackguards","68220","30540","82","2","52","0","0","2.23","Blackguards"
"Slenderman: The Video Game","8598","Slenderman: The Video Game","68220","13380","118","3","96","0","0","5.1","Slenderman: The Video Game"
"Education Series: General Knowledge Builder","8599","Education Series: General Knowledge Builder","68160","29940","40","2","62","0","0","2.28","Education Series: General Knowledge Builder"
"Pinobee: Wings of Adventure","8600","Pinobee: Wings of Adventure","68160","780","404","1","4","0","0","87.38","Pinobee: Wings of Adventure"