"","","Game","Watch time","Stream time","Peak viewers","Peak channels","Streamers","Average viewers","Average channels","Average viewer ratio",""
"Hitman HD Trilogy","13401","Hitman HD Trilogy","12660","4020","40","1","15","0","0","3.15","Hitman HD Trilogy"
"You Don't Know Jack: Volume 4: The Ride","13402","You Don't Know Jack: Volume 4: The Ride","12660","1680","59","1","7","0","0","7.54","You Don't Know Jack: Volume 4: The Ride"
"Hohokum","13403","Hohokum","12660","8640","23","1","48","0","0","1.47","Hohokum"
"The Wave VR","13404","The Wave VR","12660","3660","110","4","9","0","0","3.46","The Wave VR"
"Tibetan Quest: Beyond the World's End","13405","Tibetan Quest: Beyond the World's End","12660","540","42","1","1","0","0","23.44","Tibetan Quest: Beyond the World's End"
"Mini Ghost","13406","Mini Ghost","12660","1440","20","1","4","0","0","8.79","Mini Ghost"
"Kirby Puzzle","13407","Kirby Puzzle","12660","1140","199","1","6","0","0","11.11","Kirby Puzzle"
"Fatal Fury: Battle Archives Volume 2","13408","Fatal Fury: Battle Archives Volume 2","12600","2100","61","1","8","0","0","6","Fatal Fury: Battle Archives Volume 2"
"Imabikisō","13409","Imabikisō","12600","540","40","1","1","0","0","23.33","Imabikisō"
"Accele Brid","13410","Accele Brid","12600","540","81","2","2","0","0","23.33","Accele Brid"
"Baldr Sky DiveX ""Dream World""","13411","Baldr Sky DiveX ""Dream World""","12600","12180","5","2","5","0","0","1.03","Baldr Sky DiveX ""Dream World"""
"Prime World: Defenders","13412","Prime World: Defenders","12600","2400","40","1","10","0","0","5.25","Prime World: Defenders"
"Bobobo-bo Bo-bobo: Atsumare! Taikan Bo-bobo","13413","Bobobo-bo Bo-bobo: Atsumare! Taikan Bo-bobo","12600","19380","3","1","1","0","0","0.65","Bobobo-bo Bo-bobo: Atsumare! Taikan Bo-bobo"
"Faceball 2000","13414","Faceball 2000","12600","10440","4","1","1","0","0","1.21","Faceball 2000"
"Spectrobes: Origins","13415","Spectrobes: Origins","12600","7500","7","2","16","0","0","1.68","Spectrobes: Origins"
"Samba de Amigo","13416","Samba de Amigo","12600","1860","38","2","12","0","0","6.77","Samba de Amigo"
"Fight Club","13417","Fight Club","12540","900","186","1","6","0","0","13.93","Fight Club"
"Zone of the Enders: The Fist of Mars","13418","Zone of the Enders: The Fist of Mars","12540","2460","15","1","4","0","0","5.1","Zone of the Enders: The Fist of Mars"
"Idol Hands","13419","Idol Hands","12540","540","178","1","4","0","0","23.22","Idol Hands"
"Power Rangers: Lightspeed Rescue","13420","Power Rangers: Lightspeed Rescue","12540","2820","20","1","11","0","0","4.45","Power Rangers: Lightspeed Rescue"
"Heroes Chronicles: Warlords of the Wastelands","13421","Heroes Chronicles: Warlords of the Wastelands","12540","1980","23","1","4","0","0","6.33","Heroes Chronicles: Warlords of the Wastelands"
"OlliOlli","13422","OlliOlli","12540","10980","11","2","77","0","0","1.14","OlliOlli"
"Super Monday Night Combat","13423","Super Monday Night Combat","12540","7680","16","2","22","0","0","1.63","Super Monday Night Combat"
"Bass Masters Classic","13424","Bass Masters Classic","12540","1440","25","1","8","0","0","8.71","Bass Masters Classic"
"Spooky Manor","13425","Spooky Manor","12540","1140","107","1","7","0","0","11","Spooky Manor"
"Naruto: Ultimate Ninja","13426","Naruto: Ultimate Ninja","12540","7380","18","2","24","0","0","1.7","Naruto: Ultimate Ninja"
"Fate: The Traitor Soul","13427","Fate: The Traitor Soul","12540","9360","20","2","26","0","0","1.34","Fate: The Traitor Soul"
"Siralim 2","13428","Siralim 2","12540","7080","48","1","27","0","0","1.77","Siralim 2"
"Daikaiju no Gyakushu","13429","Daikaiju no Gyakushu","12540","12660","12","1","2","0","0","0.99","Daikaiju no Gyakushu"
"Yasai Ninja","13430","Yasai Ninja","12540","3600","24","2","17","0","0","3.48","Yasai Ninja"
"Pavilion","13431","Pavilion","12540","3480","32","1","12","0","0","3.6","Pavilion"
"Power Rangers: S.P.D.","13432","Power Rangers: S.P.D.","12480","1500","63","2","6","0","0","8.32","Power Rangers: S.P.D."
"StreetPass Mii Plaza","13433","StreetPass Mii Plaza","12480","4980","8","1","7","0","0","2.51","StreetPass Mii Plaza"
"Tigers on the Hunt","13434","Tigers on the Hunt","12480","1320","64","1","2","0","0","9.45","Tigers on the Hunt"
"Prospekt","13435","Prospekt","12480","3360","17","1","12","0","0","3.71","Prospekt"
"LEGO Ninjago: Wu Cru","13436","LEGO Ninjago: Wu Cru","12480","1620","23","1","3","0","0","7.7","LEGO Ninjago: Wu Cru"
"Zoo Park","13437","Zoo Park","12480","3780","36","1","10","0","0","3.3","Zoo Park"
"007 Legends","13438","007 Legends","12480","6960","17","2","24","0","0","1.79","007 Legends"
"Star Wars: Starfighter","13439","Star Wars: Starfighter","12480","4920","61","1","24","0","0","2.54","Star Wars: Starfighter"
"Jenga World Tour","13440","Jenga World Tour","12480","1380","136","1","8","0","0","9.04","Jenga World Tour"
"Kinect Sports: Rivals","13441","Kinect Sports: Rivals","12480","14580","10","1","69","0","0","0.86","Kinect Sports: Rivals"
"The Realm Online","13442","The Realm Online","12480","30000","6","2","11","0","0","0.42","The Realm Online"
"Three Kingdoms: Fate of the Dragon","13443","Three Kingdoms: Fate of the Dragon","12480","2340","17","1","3","0","0","5.33","Three Kingdoms: Fate of the Dragon"
"Kung Fu Panda 2: The Video Game","13444","Kung Fu Panda 2: The Video Game","12480","420","113","1","3","0","0","29.71","Kung Fu Panda 2: The Video Game"
"Midway Arcade Treasures","13445","Midway Arcade Treasures","12480","2100","46","1","13","0","0","5.94","Midway Arcade Treasures"
"Airport Simulator","13446","Airport Simulator","12420","4800","24","3","18","0","0","2.59","Airport Simulator"
"Minority Report: Everybody Runs","13447","Minority Report: Everybody Runs","12420","3780","28","1","4","0","0","3.29","Minority Report: Everybody Runs"
"Neverend","13448","Neverend","12420","2220","20","1","10","0","0","5.59","Neverend"
"Master of Magic","13449","Master of Magic","12420","5760","12","1","18","0","0","2.16","Master of Magic"
"Summer Games","13450","Summer Games","12420","1260","34","1","6","0","0","9.86","Summer Games"
"A Kappa's Trail","13451","A Kappa's Trail","12420","4560","17","1","11","0","0","2.72","A Kappa's Trail"
"Hulk","13452","Hulk","12420","2520","69","1","11","0","0","4.93","Hulk"
"Spin","13453","Spin","12420","1260","110","2","10","0","0","9.86","Spin"
"FarmVille 2","13454","FarmVille 2","12420","7560","23","1","25","0","0","1.64","FarmVille 2"
"Over 9000 Zombies!","13455","Over 9000 Zombies!","12420","8820","20","2","38","0","0","1.41","Over 9000 Zombies!"
"The Last NightMary","13456","The Last NightMary","12420","1380","23","1","8","0","0","9","The Last NightMary"
"Goken","13457","Goken","12420","3420","29","1","14","0","0","3.63","Goken"
"Beyond Castle Wolfenstein","13458","Beyond Castle Wolfenstein","12420","1620","15","1","1","0","0","7.67","Beyond Castle Wolfenstein"
"Canadian Footbal 2017","13459","Canadian Footbal 2017","12420","2580","91","2","7","0","0","4.81","Canadian Footbal 2017"
"Redirection","13460","Redirection","12420","1200","62","1","4","0","0","10.35","Redirection"
"The Keep","13461","The Keep","12420","1800","62","1","9","0","0","6.9","The Keep"
"Arthur to Astaroth no Nazo Makimura: Incredible Toons","13462","Arthur to Astaroth no Nazo Makimura: Incredible Toons","12420","2100","18","1","2","0","0","5.91","Arthur to Astaroth no Nazo Makimura: Incredible Toons"
"Present For You","13463","Present For You","12360","420","38","1","0","0","0","29.43","Present For You"
"Gun & Frontier","13464","Gun & Frontier","12360","1620","25","1","2","0","0","7.63","Gun & Frontier"
"Martial Arts Brutality","13465","Martial Arts Brutality","12360","4200","10","1","6","0","0","2.94","Martial Arts Brutality"
"War Rage","13466","War Rage","12360","1080","16","1","0","0","0","11.44","War Rage"
"Pro Evolution Soccer 2014","13467","Pro Evolution Soccer 2014","12360","1620","110","1","10","0","0","7.63","Pro Evolution Soccer 2014"
"Narcissu","13468","Narcissu","12360","5760","30","1","20","0","0","2.15","Narcissu"
"Quake II Mission Pack: The Reckoning","13469","Quake II Mission Pack: The Reckoning","12360","4500","14","1","15","0","0","2.75","Quake II Mission Pack: The Reckoning"
"Colosseum: Road to Freedom","13470","Colosseum: Road to Freedom","12360","4980","17","1","9","0","0","2.48","Colosseum: Road to Freedom"
"Hameln no Violin Hiki","13471","Hameln no Violin Hiki","12360","1680","99","1","6","0","0","7.36","Hameln no Violin Hiki"
"King Salmon: The Big Catch","13472","King Salmon: The Big Catch","12360","4680","10","1","3","0","0","2.64","King Salmon: The Big Catch"
"Yase Zhuanshuo","13473","Yase Zhuanshuo","12360","240","291","1","1","0","0","51.5","Yase Zhuanshuo"
"Mizzurna Falls","13474","Mizzurna Falls","12360","2220","12","1","3","0","0","5.57","Mizzurna Falls"
"Alfred Chicken","13475","Alfred Chicken","12360","5100","21","1","10","0","0","2.42","Alfred Chicken"
"Skeleton","13476","Skeleton","12300","1260","23","1","1","0","0","9.76","Skeleton"
"es","13477","es","12300","3600","75","1","13","0","0","3.42","es"
"The Humans: Meet the Ancestors","13478","The Humans: Meet the Ancestors","12300","720","74","1","2","0","0","17.08","The Humans: Meet the Ancestors"
"Game & Watch Gallery 2","13479","Game & Watch Gallery 2","12300","1560","36","1","8","0","0","7.88","Game & Watch Gallery 2"
"Furcadia","13480","Furcadia","12300","3960","13","1","11","0","0","3.11","Furcadia"
"The Shivah","13481","The Shivah","12300","1920","50","1","11","0","0","6.41","The Shivah"
"MechCommander","13482","MechCommander","12300","3600","17","1","7","0","0","3.42","MechCommander"
"ProjectNimbus","13483","ProjectNimbus","12300","4320","24","2","21","0","0","2.85","ProjectNimbus"
"Rings of Power","13484","Rings of Power","12300","3420","14","1","5","0","0","3.6","Rings of Power"
"Sword Girls","13485","Sword Girls","12300","13500","15","2","10","0","0","0.91","Sword Girls"
"WinBack: Covert Operations","13486","WinBack: Covert Operations","12300","7080","35","1","15","0","0","1.74","WinBack: Covert Operations"
"Spawn: Armageddon","13487","Spawn: Armageddon","12300","3240","20","1","8","0","0","3.8","Spawn: Armageddon"
"Tobari and the Night of the Curious Moon","13488","Tobari and the Night of the Curious Moon","12300","1740","31","2","7","0","0","7.07","Tobari and the Night of the Curious Moon"
"Jurassic Park Part 2: The Chaos Continues","13489","Jurassic Park Part 2: The Chaos Continues","12300","2340","104","1","13","0","0","5.26","Jurassic Park Part 2: The Chaos Continues"
"Cities XXL","13490","Cities XXL","12300","11520","32","2","21","0","0","1.07","Cities XXL"
"0-Ji No Kane To Cinderella: Halloween Wedding","13491","0-Ji No Kane To Cinderella: Halloween Wedding","12300","60","205","1","1","0","0","205","0-Ji No Kane To Cinderella: Halloween Wedding"
"Lucky Luke: The Video Game","13492","Lucky Luke: The Video Game","12300","60","219","1","1","0","0","205","Lucky Luke: The Video Game"
"Villagers","13493","Villagers","12300","2640","16","1","7","0","0","4.66","Villagers"
"Imperium Galactica II: Alliances","13494","Imperium Galactica II: Alliances","12300","1860","98","2","10","0","0","6.61","Imperium Galactica II: Alliances"
"Beglitched","13495","Beglitched","12300","4260","54","1","9","0","0","2.89","Beglitched"
"Azkend 2: The World Beneath","13496","Azkend 2: The World Beneath","12300","2160","28","1","17","0","0","5.69","Azkend 2: The World Beneath"
"FPV Event","13497","FPV Event","12240","9300","14","2","13","0","0","1.32","FPV Event"
"DIRT: Origin of the Species","13498","DIRT: Origin of the Species","12240","2340","38","1","2","0","0","5.23","DIRT: Origin of the Species"
"Navy Seals","13499","Navy Seals","12240","1260","46","3","1","0","0","9.71","Navy Seals"
"Double Hawk","13500","Double Hawk","12240","11940","10","2","3","0","0","1.03","Double Hawk"