"","","Game","Watch time","Stream time","Peak viewers","Peak channels","Streamers","Average viewers","Average channels","Average viewer ratio",""
"X3: Albion Prelude","5901","X3: Albion Prelude","224460","115860","324","4","126","0","0","1.94","X3: Albion Prelude"
"Dark Shores","5902","Dark Shores","224400","1140","3684","1","11","0","0","196.84","Dark Shores"
"Chex Quest 3","5903","Chex Quest 3","224280","1620","2017","4","12","0","0","138.44","Chex Quest 3"
"Bridge Constructor Medieval","5904","Bridge Constructor Medieval","224220","3540","556","1","18","0","0","63.34","Bridge Constructor Medieval"
"Metal Gear Ac!d","5905","Metal Gear Ac!d","224160","6240","1689","2","18","0","0","35.92","Metal Gear Ac!d"
"Steam Brigade","5906","Steam Brigade","224160","1680","2856","1","6","0","0","133.43","Steam Brigade"
"Hexen II","5907","Hexen II","223920","12120","398","2","35","0","0","18.48","Hexen II"
"Bio Miracle Bokutte Upa","5908","Bio Miracle Bokutte Upa","223860","12300","267","5","17","0","0","18.2","Bio Miracle Bokutte Upa"
"Home Alone 2: Lost in New York","5909","Home Alone 2: Lost in New York","223800","3600","1121","2","22","0","0","62.17","Home Alone 2: Lost in New York"
"Style Savvy: Fashion Forward","5910","Style Savvy: Fashion Forward","223740","3540","292","1","7","0","0","63.2","Style Savvy: Fashion Forward"
"Ar tonelico: Melody of Elemia","5911","Ar tonelico: Melody of Elemia","223680","67560","44","3","56","0","0","3.31","Ar tonelico: Melody of Elemia"
"Yet Another Zombie Defense HD","5912","Yet Another Zombie Defense HD","223620","9840","4903","2","33","0","0","22.73","Yet Another Zombie Defense HD"
"Sanctum","5913","Sanctum","223560","30360","1329","3","99","0","0","7.36","Sanctum"
"Star Wars: TIE Fighter","5914","Star Wars: TIE Fighter","223500","16440","997","2","45","0","0","13.59","Star Wars: TIE Fighter"
"Ironsword: Wizards & Warriors II","5915","Ironsword: Wizards & Warriors II","223500","35940","97","2","18","0","0","6.22","Ironsword: Wizards & Warriors II"
"Psycho","5916","Psycho","223200","600","1425","1","4","0","0","372","Psycho"
"Modern Combat 5: Blackout","5917","Modern Combat 5: Blackout","223080","121320","304","4","351","0","0","1.84","Modern Combat 5: Blackout"
"Nancy Drew: The Haunting of Castle Malloy","5918","Nancy Drew: The Haunting of Castle Malloy","223020","14100","905","2","34","0","0","15.82","Nancy Drew: The Haunting of Castle Malloy"
"Xuanyuan Jian 3: Yun he Shan de Bi Duan","5919","Xuanyuan Jian 3: Yun he Shan de Bi Duan","223020","13380","105","3","7","0","0","16.67","Xuanyuan Jian 3: Yun he Shan de Bi Duan"
"Outlaw Golf 2","5920","Outlaw Golf 2","222960","600","1938","1","5","0","0","371.6","Outlaw Golf 2"
"Digimon: Battle Spirit","5921","Digimon: Battle Spirit","222720","240","1855","1","3","0","0","928","Digimon: Battle Spirit"
"Ultrastar Deluxe","5922","Ultrastar Deluxe","222660","26820","448","2","66","0","0","8.3","Ultrastar Deluxe"
"Syphon Filter 2","5923","Syphon Filter 2","222360","35520","565","2","47","0","0","6.26","Syphon Filter 2"
"Buster","5924","Buster","222360","1740","1796","2","7","0","0","127.79","Buster"
"Mad Dog McCree","5925","Mad Dog McCree","222300","1620","1057","1","9","0","0","137.22","Mad Dog McCree"
"God Wars: Future Past","5926","God Wars: Future Past","222240","34320","96","4","84","0","0","6.48","God Wars: Future Past"
"Ace Combat 5: The Unsung War","5927","Ace Combat 5: The Unsung War","222180","43920","228","3","110","0","0","5.06","Ace Combat 5: The Unsung War"
"NES Remix 2","5928","NES Remix 2","222000","6960","605","1","29","0","0","31.9","NES Remix 2"
"Donkey Kong Land 2","5929","Donkey Kong Land 2","221940","3780","995","2","12","0","0","58.71","Donkey Kong Land 2"
"Goofy's Fun House","5930","Goofy's Fun House","221820","3000","1937","1","7","0","0","73.94","Goofy's Fun House"
"Happy Wars","5931","Happy Wars","221700","174000","57","5","636","0","0","1.27","Happy Wars"
"True Crime: Streets of LA","5932","True Crime: Streets of LA","221700","15480","279","2","48","0","0","14.32","True Crime: Streets of LA"
"Ultimate Sim","5933","Ultimate Sim","221700","420","2181","2","3","0","0","527.86","Ultimate Sim"
"Arcade Force Four","5934","Arcade Force Four","221640","120","2253","1","1","0","0","1847","Arcade Force Four"
"Sonic Rivals","5935","Sonic Rivals","221640","3300","1863","1","12","0","0","67.16","Sonic Rivals"
"Skullmonkeys","5936","Skullmonkeys","221640","12840","1295","3","45","0","0","17.26","Skullmonkeys"
"Battlefield 1942","5937","Battlefield 1942","221460","110220","367","3","155","0","0","2.01","Battlefield 1942"
"SWAT 4: The Stetchkov Syndicate","5938","SWAT 4: The Stetchkov Syndicate","221100","38520","755","3","181","0","0","5.74","SWAT 4: The Stetchkov Syndicate"
"Genesis","5939","Genesis","221040","34800","1724","2","25","0","0","6.35","Genesis"
"Dungeon Siege III","5940","Dungeon Siege III","221040","56580","268","2","170","0","0","3.91","Dungeon Siege III"
"Iron & Blood: Warriors of Ravenloft","5941","Iron & Blood: Warriors of Ravenloft","220980","180","1741","1","3","0","0","1227.67","Iron & Blood: Warriors of Ravenloft"
"Plasma Sword: Nightmare of Bilstein","5942","Plasma Sword: Nightmare of Bilstein","220800","1620","5391","4","7","0","0","136.3","Plasma Sword: Nightmare of Bilstein"
"Juanito: Arcade Mayhem","5943","Juanito: Arcade Mayhem","220380","7860","1564","3","41","0","0","28.04","Juanito: Arcade Mayhem"
"JumpJet Rex","5944","JumpJet Rex","220320","27840","628","2","120","0","0","7.91","JumpJet Rex"
"Spyro: Enter the Dragonfly","5945","Spyro: Enter the Dragonfly","220080","33660","281","3","109","0","0","6.54","Spyro: Enter the Dragonfly"
"Ogre Battle 64: Person of Lordly Caliber","5946","Ogre Battle 64: Person of Lordly Caliber","220080","50340","115","4","55","0","0","4.37","Ogre Battle 64: Person of Lordly Caliber"
"Black Rose Valkyrie","5947","Black Rose Valkyrie","219960","43560","105","4","46","0","0","5.05","Black Rose Valkyrie"
"The Assembly","5948","The Assembly","219900","25140","218","3","108","0","0","8.75","The Assembly"
"Grey Goo","5949","Grey Goo","219840","51420","190","4","160","0","0","4.28","Grey Goo"
"Romance of the Three Kingdoms IX","5950","Romance of the Three Kingdoms IX","219600","5760","275","1","9","0","0","38.13","Romance of the Three Kingdoms IX"
"Panic Restaurant","5951","Panic Restaurant","219360","16920","1554","3","43","0","0","12.96","Panic Restaurant"
"Hocus Pocus","5952","Hocus Pocus","219240","3900","1389","2","17","0","0","56.22","Hocus Pocus"
"Zombie Panic: Source","5953","Zombie Panic: Source","219240","35280","436","3","131","0","0","6.21","Zombie Panic: Source"
"Mario & Luigi: Dream Team","5954","Mario & Luigi: Dream Team","219180","38580","148","3","68","0","0","5.68","Mario & Luigi: Dream Team"
"Broken Sword II: The Smoking Mirror","5955","Broken Sword II: The Smoking Mirror","219120","39180","124","3","77","0","0","5.59","Broken Sword II: The Smoking Mirror"
"Toxikk","5956","Toxikk","219060","72780","379","4","378","0","0","3.01","Toxikk"
"Assassin's Creed Chronicles: Russia","5957","Assassin's Creed Chronicles: Russia","218820","34200","957","2","118","0","0","6.4","Assassin's Creed Chronicles: Russia"
"Wayward","5958","Wayward","218760","35640","252","2","71","0","0","6.14","Wayward"
"Romancing SaGa 3","5959","Romancing SaGa 3","218640","19500","99","2","24","0","0","11.21","Romancing SaGa 3"
"Perfect Dark Zero","5960","Perfect Dark Zero","218640","32820","1635","2","151","0","0","6.66","Perfect Dark Zero"
"White Album 2: Closing Chapter","5961","White Album 2: Closing Chapter","218640","8760","1322","1","4","0","0","24.96","White Album 2: Closing Chapter"
"Mana Khemia: Alchemists of Al-Revis","5962","Mana Khemia: Alchemists of Al-Revis","218520","37200","138","2","39","0","0","5.87","Mana Khemia: Alchemists of Al-Revis"
"Onechanbara: Bikini Samurai Squad","5963","Onechanbara: Bikini Samurai Squad","218340","3420","1895","1","8","0","0","63.84","Onechanbara: Bikini Samurai Squad"
"Turkey Stuffin'","5964","Turkey Stuffin'","218220","300","2425","1","3","0","0","727.4","Turkey Stuffin'"
"Terroir","5965","Terroir","218220","5640","885","2","31","0","0","38.69","Terroir"
"Neverwinter Nights 2: Storm of Zehir","5966","Neverwinter Nights 2: Storm of Zehir","217980","24900","471","2","19","0","0","8.75","Neverwinter Nights 2: Storm of Zehir"
"Eversion","5967","Eversion","217800","9780","1503","2","54","0","0","22.27","Eversion"
"Viewtiful Joe 2","5968","Viewtiful Joe 2","217680","5520","739","1","20","0","0","39.43","Viewtiful Joe 2"
"Agatha Knife","5969","Agatha Knife","217620","11280","177","2","30","0","0","19.29","Agatha Knife"
"Army Men World War: Final Front","5970","Army Men World War: Final Front","217260","960","635","1","2","0","0","226.31","Army Men World War: Final Front"
"Tale of a Hero","5971","Tale of a Hero","217200","240","970","1","1","0","0","905","Tale of a Hero"
"Azure Striker Gunvolt: Striker Pack","5972","Azure Striker Gunvolt: Striker Pack","217140","30360","349","4","62","0","0","7.15","Azure Striker Gunvolt: Striker Pack"
"Decay: The Mare - Episode 1","5973","Decay: The Mare - Episode 1","217080","21120","784","3","97","0","0","10.28","Decay: The Mare - Episode 1"
"Dark Sector","5974","Dark Sector","217020","32100","377","3","95","0","0","6.76","Dark Sector"
"IL-2 Sturmovik: Cliffs of Dover","5975","IL-2 Sturmovik: Cliffs of Dover","216960","65580","314","5","62","0","0","3.31","IL-2 Sturmovik: Cliffs of Dover"
"Halo: Combat Evolved Anniversary","5976","Halo: Combat Evolved Anniversary","216900","67260","138","3","297","0","0","3.22","Halo: Combat Evolved Anniversary"
"Tom Clancy's Rainbow Six: Vegas","5977","Tom Clancy's Rainbow Six: Vegas","216780","55980","625","4","230","0","0","3.87","Tom Clancy's Rainbow Six: Vegas"
"Super Baseball Simulator 1.000","5978","Super Baseball Simulator 1.000","216780","1740","565","2","5","0","0","124.59","Super Baseball Simulator 1.000"
"Bubsy in: Claws Encounters of the Furred Kind","5979","Bubsy in: Claws Encounters of the Furred Kind","216600","17520","407","4","106","0","0","12.36","Bubsy in: Claws Encounters of the Furred Kind"
"Dragon Ball Z: Budokai","5980","Dragon Ball Z: Budokai","216420","24600","499","3","100","0","0","8.8","Dragon Ball Z: Budokai"
"Train Simulator 2016","5981","Train Simulator 2016","216420","38220","213","2","117","0","0","5.66","Train Simulator 2016"
"Hamtaro: Rainbow Rescue","5982","Hamtaro: Rainbow Rescue","216240","6960","308","1","21","0","0","31.07","Hamtaro: Rainbow Rescue"
"Gundam Battle Assault","5983","Gundam Battle Assault","216180","2880","2011","1","13","0","0","75.06","Gundam Battle Assault"
"Escape: Sierra Leone","5984","Escape: Sierra Leone","216180","1920","2542","1","14","0","0","112.59","Escape: Sierra Leone"
"Ecco the Dolphin","5985","Ecco the Dolphin","216120","14580","319","2","66","0","0","14.82","Ecco the Dolphin"
"Gnomoria","5986","Gnomoria","216060","41340","152","2","94","0","0","5.23","Gnomoria"
"Chariot","5987","Chariot","215940","18060","475","2","82","0","0","11.96","Chariot"
"Lost Kingdoms","5988","Lost Kingdoms","215820","47340","177","3","89","0","0","4.56","Lost Kingdoms"
"BattleForge","5989","BattleForge","215460","20340","588","2","16","0","0","10.59","BattleForge"
"Kraven Manor","5990","Kraven Manor","215400","16980","538","3","113","0","0","12.69","Kraven Manor"
"Epic Tavern","5991","Epic Tavern","215340","15660","656","2","42","0","0","13.75","Epic Tavern"
"One Way Heroics","5992","One Way Heroics","215220","59640","199","3","163","0","0","3.61","One Way Heroics"
"Ys IV: The Dawn of Ys","5993","Ys IV: The Dawn of Ys","215160","4920","307","1","8","0","0","43.73","Ys IV: The Dawn of Ys"
"Thousand Arms","5994","Thousand Arms","215100","20760","120","2","26","0","0","10.36","Thousand Arms"
"MURI","5995","MURI","214800","360","2181","1","4","0","0","596.67","MURI"
"Vostok Inc.","5996","Vostok Inc.","214680","11460","262","2","42","0","0","18.73","Vostok Inc."
"Warhammer 40,000: Regicide","5997","Warhammer 40,000: Regicide","214620","5820","1000","2","27","0","0","36.88","Warhammer 40,000: Regicide"
"City Climber","5998","City Climber","214500","1320","1824","1","8","0","0","162.5","City Climber"
"Prince of Persia Classic","5999","Prince of Persia Classic","214440","14880","811","2","43","0","0","14.41","Prince of Persia Classic"
"King of Fighters R-2","6000","King of Fighters R-2","214380","4020","1837","2","23","0","0","53.33","King of Fighters R-2"