"","","Game","Watch time","Stream time","Peak viewers","Peak channels","Streamers","Average viewers","Average channels","Average viewer ratio",""
"Tetris","1001","Tetris","10657800","721680","7730","12","2140","20","1","14.77","Tetris"
"Uncharted 2: Among Thieves","1002","Uncharted 2: Among Thieves","10656180","290340","6381","6","613","20","0","36.7","Uncharted 2: Among Thieves"
"Turok 2: Seeds of Evil","1003","Turok 2: Seeds of Evil","10655220","490740","3984","29","705","20","0","21.71","Turok 2: Seeds of Evil"
"Castlevania: Dawn of Sorrow","1004","Castlevania: Dawn of Sorrow","10651980","106320","3806","4","154","20","0","100.19","Castlevania: Dawn of Sorrow"
"Assassin's Creed Unity","1005","Assassin's Creed Unity","10649040","2579040","3586","30","10468","20","4","4.13","Assassin's Creed Unity"
"Dark Messiah of Might & Magic","1006","Dark Messiah of Might & Magic","10638840","240120","10365","6","637","20","0","44.31","Dark Messiah of Might & Magic"
"Zero Escape: The Nonary Games","1007","Zero Escape: The Nonary Games","10626780","480300","4411","15","604","20","0","22.13","Zero Escape: The Nonary Games"
"SAW","1008","SAW","10619460","60600","9025","3","161","20","0","175.24","SAW"
"Power Rangers: Legacy Wars","1009","Power Rangers: Legacy Wars","10618800","95700","16736","6","137","20","0","110.96","Power Rangers: Legacy Wars"
"007: Nightfire","1010","007: Nightfire","10586520","128460","142270","14","140","20","0","82.41","007: Nightfire"
"Harry Potter and the Philosopher's Stone","1011","Harry Potter and the Philosopher's Stone","10580760","261120","11033","6","723","20","0","40.52","Harry Potter and the Philosopher's Stone"
"Superhot","1012","Superhot","10576860","596340","121305","24","4046","20","1","17.74","Superhot"
"West of Loathing","1013","West of Loathing","10574940","339600","37187","20","1162","20","0","31.14","West of Loathing"
"Slay the Spire","1014","Slay the Spire","10555140","253620","28489","21","96","20","0","41.62","Slay the Spire"
"Roller Coaster Tycoon Classic","1015","Roller Coaster Tycoon Classic","10540680","142620","3265","9","537","20","0","73.91","Roller Coaster Tycoon Classic"
"Hydra Castle Labyrinth","1016","Hydra Castle Labyrinth","10514880","2160","118812","12","12","20","0","4868","Hydra Castle Labyrinth"
"Assassin's Creed III","1017","Assassin's Creed III","10506720","1071300","3835","17","3659","19","2","9.81","Assassin's Creed III"
"Call of Duty: World at War","1018","Call of Duty: World at War","10476420","1575000","11949","22","8046","19","2","6.65","Call of Duty: World at War"
"Star Trek Online","1019","Star Trek Online","10459620","2557380","4474","29","3799","19","4","4.09","Star Trek Online"
"Castle Crashers","1020","Castle Crashers","10439040","1008540","23112","16","6181","19","1","10.35","Castle Crashers"
"Art of Conquest","1021","Art of Conquest","10422120","21900","17623","4","62","19","0","475.9","Art of Conquest"
"Evolve","1022","Evolve","10420560","2523060","15284","148","9346","19","4","4.13","Evolve"
"Contra III: The Alien Wars","1023","Contra III: The Alien Wars","10402860","96300","123386","12","351","19","0","108.03","Contra III: The Alien Wars"
"Robocraft","1024","Robocraft","10400400","1780560","5269","14","3387","19","3","5.84","Robocraft"
"Business Tour","1025","Business Tour","10389960","320100","3735","18","1856","19","0","32.46","Business Tour"
"Obscure","1026","Obscure","10353960","119760","37552","6","340","19","0","86.46","Obscure"
"ActRaiser","1027","ActRaiser","10346460","61620","96931","15","142","19","0","167.91","ActRaiser"
"Xenoblade Chronicles","1028","Xenoblade Chronicles","10344900","657360","9652","15","650","19","1","15.74","Xenoblade Chronicles"
"Battle Chef Brigade","1029","Battle Chef Brigade","10343280","191400","29824","37","452","19","0","54.04","Battle Chef Brigade"
"Ultra Street Fighter II: The Final Challengers","1030","Ultra Street Fighter II: The Final Challengers","10338360","119940","10995","22","436","19","0","86.2","Ultra Street Fighter II: The Final Challengers"
"Armored Warfare","1031","Armored Warfare","10333620","1776180","1011","25","1791","19","3","5.82","Armored Warfare"
".hack//G.U. Last Recode","1032",".hack//G.U. Last Recode","10319400","2569980","1222","258","3177","19","4","4.02",".hack//G.U. Last Recode"
"Horror Stories","1033","Horror Stories","10270440","107100","15072","4","318","19","0","95.9","Horror Stories"
"DiRT 4","1034","DiRT 4","10242540","1901220","3794","142","6155","19","3","5.39","DiRT 4"
"Tree of Life","1035","Tree of Life","10242120","681240","33817","30","739","19","1","15.03","Tree of Life"
"Steel Division: Normandy 44","1036","Steel Division: Normandy 44","10216680","496800","6334","24","996","19","0","20.56","Steel Division: Normandy 44"
"Weird Dreams","1037","Weird Dreams","10198200","4560","8509","4","18","19","0","2236.45","Weird Dreams"
"SCP Containment Breach","1038","SCP Containment Breach","10160580","362160","24788","8","2053","19","0","28.06","SCP Containment Breach"
"The Legend of Zelda: Majora's Mask 3D","1039","The Legend of Zelda: Majora's Mask 3D","10113060","203040","4837","5","224","19","0","49.81","The Legend of Zelda: Majora's Mask 3D"
"Kirby Tilt 'n' Tumble","1040","Kirby Tilt 'n' Tumble","10108620","7020","164314","7","18","19","0","1439.97","Kirby Tilt 'n' Tumble"
"Nuclear Throne","1041","Nuclear Throne","10080600","868320","13767","12","2707","19","1","11.61","Nuclear Throne"
"The Movies","1042","The Movies","10078320","59940","11284","5","135","19","0","168.14","The Movies"
"Battleborn","1043","Battleborn","10063860","2023080","1175","35","4333","19","3","4.97","Battleborn"
"Borderlands: The Handsome Collection","1044","Borderlands: The Handsome Collection","10058100","6145380","745","107","16600","19","11","1.64","Borderlands: The Handsome Collection"
"STRAFE","1045","STRAFE","10052400","252660","11783","68","1107","19","0","39.79","STRAFE"
"LittleBigPlanet 3","1046","LittleBigPlanet 3","10033980","231600","110098","16","8080","19","0","43.32","LittleBigPlanet 3"
"Phantasmagoria: A Puzzle of Flesh","1047","Phantasmagoria: A Puzzle of Flesh","10013340","79920","13569","5","166","19","0","125.29","Phantasmagoria: A Puzzle of Flesh"
"Battle Clash","1048","Battle Clash","9998100","2700","156819","13","21","19","0","3703","Battle Clash"
"Final Fantasy III","1049","Final Fantasy III","9993600","536520","2738","8","915","19","1","18.63","Final Fantasy III"
"Final Fantasy II","1050","Final Fantasy II","9986880","343080","3697","6","309","19","0","29.11","Final Fantasy II"
"Ultima Online","1051","Ultima Online","9981540","1650360","1504","10","427","18","3","6.05","Ultima Online"
"Dead Island","1052","Dead Island","9930720","1278660","10346","16","4950","18","2","7.77","Dead Island"
"Pokémon Platinum","1053","Pokémon Platinum","9878040","633660","3193","8","1572","18","1","15.59","Pokémon Platinum"
"The Room Two","1054","The Room Two","9871260","173760","25659","5","760","18","0","56.81","The Room Two"
"Plok","1055","Plok","9867360","12300","109017","8","52","18","0","802.22","Plok"
"Knack 2","1056","Knack 2","9854220","199680","11844","25","976","18","0","49.35","Knack 2"
"LEGO Worlds","1057","LEGO Worlds","9779400","388440","41465","31","2910","18","0","25.18","LEGO Worlds"
"Battlefield 3","1058","Battlefield 3","9768000","1967640","10776","22","7181","18","3","4.96","Battlefield 3"
"Harry Potter and the Chamber of Secrets","1059","Harry Potter and the Chamber of Secrets","9761640","272880","4681","5","518","18","0","35.77","Harry Potter and the Chamber of Secrets"
"Mega Man X4","1060","Mega Man X4","9740460","346500","21638","10","728","18","0","28.11","Mega Man X4"
"Phoning Home","1061","Phoning Home","9711060","82380","31826","11","263","18","0","117.88","Phoning Home"
"Mabinogi","1062","Mabinogi","9690180","1314960","1872","15","1193","18","2","7.37","Mabinogi"
"Mega Man X6","1063","Mega Man X6","9689940","114780","129958","14","258","18","0","84.42","Mega Man X6"
"Valiant Hearts: The Great War","1064","Valiant Hearts: The Great War","9671400","355860","4383","6","1340","18","0","27.18","Valiant Hearts: The Great War"
"Peace, Death!","1065","Peace, Death!","9667200","46800","12204","8","241","18","0","206.56","Peace, Death!"
"Batman: The Enemy Within - The Telltale Series","1066","Batman: The Enemy Within - The Telltale Series","9616140","297000","7246","41","1041","18","0","32.38","Batman: The Enemy Within - The Telltale Series"
"Forza Motorsport 6","1067","Forza Motorsport 6","9613620","2289000","7115","32","7148","18","4","4.2","Forza Motorsport 6"
"Bulletstorm: Full Clip Edition","1068","Bulletstorm: Full Clip Edition","9606720","426000","26245","50","1592","18","0","22.55","Bulletstorm: Full Clip Edition"
"Far Cry: Primal","1069","Far Cry: Primal","9601140","3358920","1003","50","12983","18","6","2.86","Far Cry: Primal"
"Call of Duty: Advanced Warfare","1070","Call of Duty: Advanced Warfare","9572700","4254840","3516","43","18597","18","8","2.25","Call of Duty: Advanced Warfare"
"Dead or Alive 5 Last Round","1071","Dead or Alive 5 Last Round","9551400","1387380","7434","15","4601","18","2","6.88","Dead or Alive 5 Last Round"
"Pinturillo 2","1072","Pinturillo 2","9544200","216060","8156","13","1511","18","0","44.17","Pinturillo 2"
"Super Bomberman","1073","Super Bomberman","9515220","19980","156345","10","116","18","0","476.24","Super Bomberman"
"The Sexy Brutale","1074","The Sexy Brutale","9510780","249180","5596","9","751","18","0","38.17","The Sexy Brutale"
"Mega Man 3","1075","Mega Man 3","9469020","378900","39377","16","566","18","0","24.99","Mega Man 3"
"Paranormal Activity: The Lost Soul","1076","Paranormal Activity: The Lost Soul","9453780","115320","15777","7","597","17","0","81.98","Paranormal Activity: The Lost Soul"
"Bleed 2","1077","Bleed 2","9451140","46740","102653","12","158","17","0","202.21","Bleed 2"
"Ben and Ed","1078","Ben and Ed","9436500","126180","16205","6","682","17","0","74.79","Ben and Ed"
"Secret Hitler","1079","Secret Hitler","9433800","60840","9741","6","245","17","0","155.06","Secret Hitler"
"Sonic the Hedgehog 2","1080","Sonic the Hedgehog 2","9399000","366300","5677","9","1708","17","0","25.66","Sonic the Hedgehog 2"
"Sonic Adventure DX: Director's Cut","1081","Sonic Adventure DX: Director's Cut","9373440","652860","173380","14","1667","17","1","14.36","Sonic Adventure DX: Director's Cut"
"Spyro 2: Ripto's Rage","1082","Spyro 2: Ripto's Rage","9360240","492540","10450","14","738","17","0","19","Spyro 2: Ripto's Rage"
"Shroud of the Avatar: Forsaken Virtues","1083","Shroud of the Avatar: Forsaken Virtues","9358740","1284600","646","12","318","17","2","7.29","Shroud of the Avatar: Forsaken Virtues"
"When Ski Lifts Go Wrong","1084","When Ski Lifts Go Wrong","9351480","23760","17513","3","108","17","0","393.58","When Ski Lifts Go Wrong"
"Kingdom: New Lands","1085","Kingdom: New Lands","9329880","389460","4618","12","1278","17","0","23.96","Kingdom: New Lands"
"Coven and Labyrinth of Refrain","1086","Coven and Labyrinth of Refrain","9287520","67980","5330","6","35","17","0","136.62","Coven and Labyrinth of Refrain"
"Crash Bandicoot: Warped","1087","Crash Bandicoot: Warped","9287100","545700","8907","12","1446","17","1","17.02","Crash Bandicoot: Warped"
"Seven","1088","Seven","9277740","49920","12601","17","3","17","0","185.85","Seven"
"Hidden Folks","1089","Hidden Folks","9258540","121440","13706","6","687","17","0","76.24","Hidden Folks"
"World of Warplanes","1090","World of Warplanes","9255600","776340","2222","17","1113","17","1","11.92","World of Warplanes"
"Kingdom Hearts HD II.5 Remix","1091","Kingdom Hearts HD II.5 Remix","9251760","428880","2124","14","611","17","0","21.57","Kingdom Hearts HD II.5 Remix"
"Takahashi Meijin no Bouken Jima IV","1092","Takahashi Meijin no Bouken Jima IV","9246420","1440","104598","9","12","17","0","6421.13","Takahashi Meijin no Bouken Jima IV"
"Pokémon Yellow: Special Pikachu Edition","1093","Pokémon Yellow: Special Pikachu Edition","9240720","614760","1781","12","940","17","1","15.03","Pokémon Yellow: Special Pikachu Edition"
"Brütal Legend","1094","Brütal Legend","9231540","369120","16931","25","1444","17","0","25.01","Brütal Legend"
"Devil May Cry 4: Special Edition","1095","Devil May Cry 4: Special Edition","9230700","1107960","3956","12","4164","17","2","8.33","Devil May Cry 4: Special Edition"
"Tetris The Grand Master 3: Terror Instinct","1096","Tetris The Grand Master 3: Terror Instinct","9229260","72600","131962","6","100","17","0","127.12","Tetris The Grand Master 3: Terror Instinct"
"Sonic the Hedgehog 3","1097","Sonic the Hedgehog 3","9170280","363960","6688","12","1419","17","0","25.2","Sonic the Hedgehog 3"
"Perfect World","1098","Perfect World","9119280","1131540","1218","16","981","17","2","8.06","Perfect World"
"Mushroom Wars 2","1099","Mushroom Wars 2","9064140","47100","9959","8","121","17","0","192.44","Mushroom Wars 2"
"Space Rangers HD: A War Apart","1100","Space Rangers HD: A War Apart","9046440","214500","11191","5","299","17","0","42.17","Space Rangers HD: A War Apart"