"","","Game","Watch time","Stream time","Peak viewers","Peak channels","Streamers","Average viewers","Average channels","Average viewer ratio",""
"Universe Sandbox","13501","Universe Sandbox","12240","12660","201","2","22","0","0","0.97","Universe Sandbox"
"Antharion","13502","Antharion","12240","2580","14","1","1","0","0","4.74","Antharion"
"Nonomura Byouin no Hitobito","13503","Nonomura Byouin no Hitobito","12240","1740","33","1","4","0","0","7.03","Nonomura Byouin no Hitobito"
"Microsoft Solitaire","13504","Microsoft Solitaire","12240","4020","68","2","16","0","0","3.04","Microsoft Solitaire"
"Progear","13505","Progear","12240","7560","15","1","11","0","0","1.62","Progear"
"Agarest: Generations of War 2","13506","Agarest: Generations of War 2","12180","5700","12","1","17","0","0","2.14","Agarest: Generations of War 2"
"Doritos Crash Course 2","13507","Doritos Crash Course 2","12180","1920","120","1","16","0","0","6.34","Doritos Crash Course 2"
"Face Noir: The Cat with the Jade Eyes","13508","Face Noir: The Cat with the Jade Eyes","12180","3360","11","1","5","0","0","3.63","Face Noir: The Cat with the Jade Eyes"
"Madden NFL 2004","13509","Madden NFL 2004","12180","4200","24","1","7","0","0","2.9","Madden NFL 2004"
"Cool Ball","13510","Cool Ball","12180","10800","4","1","3","0","0","1.13","Cool Ball"
"Game.com Internet Browser","13511","Game.com Internet Browser","12180","2640","46","1","5","0","0","4.61","Game.com Internet Browser"
"Dreamkiller","13512","Dreamkiller","12180","1140","21","2","3","0","0","10.68","Dreamkiller"
"No Rules: Get Phat","13513","No Rules: Get Phat","12180","720","177","2","4","0","0","16.92","No Rules: Get Phat"
"Pong: The Next Level","13514","Pong: The Next Level","12180","4500","27","1","22","0","0","2.71","Pong: The Next Level"
"Espgaluda II","13515","Espgaluda II","12180","1500","76","1","6","0","0","8.12","Espgaluda II"
"Tribes 2","13516","Tribes 2","12180","9480","20","2","11","0","0","1.28","Tribes 2"
"Tropico 4 Modern Times","13517","Tropico 4 Modern Times","12180","4380","15","2","12","0","0","2.78","Tropico 4 Modern Times"
"Void Destroyer","13518","Void Destroyer","12180","1440","74","1","6","0","0","8.46","Void Destroyer"
"Forager","13519","Forager","12180","3420","29","2","18","0","0","3.56","Forager"
"Octomania","13520","Octomania","12180","300","81","1","2","0","0","40.6","Octomania"
"Space Adventure Cobra: Kuroryuuou no Densetsu","13521","Space Adventure Cobra: Kuroryuuou no Densetsu","12180","28080","10","1","3","0","0","0.43","Space Adventure Cobra: Kuroryuuou no Densetsu"
"Double Focus: Aya to Momiji no Dangan Shuzai Kikou","13522","Double Focus: Aya to Momiji no Dangan Shuzai Kikou","12180","7980","10","1","11","0","0","1.53","Double Focus: Aya to Momiji no Dangan Shuzai Kikou"
"Questprobe Featuring Spider-Man","13523","Questprobe Featuring Spider-Man","12180","540","40","1","2","0","0","22.56","Questprobe Featuring Spider-Man"
"Sombrero","13524","Sombrero","12120","1080","45","2","9","0","0","11.22","Sombrero"
"Dogchild","13525","Dogchild","12120","2280","97","1","7","0","0","5.32","Dogchild"
"Ninja Reflex","13526","Ninja Reflex","12120","300","105","1","1","0","0","40.4","Ninja Reflex"
"Gorf","13527","Gorf","12120","2280","28","1","2","0","0","5.32","Gorf"
"Hydra","13528","Hydra","12120","300","57","1","2","0","0","40.4","Hydra"
"Piercing Blo","13529","Piercing Blo","12120","6900","11","3","34","0","0","1.76","Piercing Blo"
"Kinnikuman: Muscle Generations","13530","Kinnikuman: Muscle Generations","12120","4740","18","1","2","0","0","2.56","Kinnikuman: Muscle Generations"
"Dungeon Hunter 5","13531","Dungeon Hunter 5","12120","8220","17","1","40","0","0","1.47","Dungeon Hunter 5"
"Wrecking Crew '98","13532","Wrecking Crew '98","12120","1500","56","1","3","0","0","8.08","Wrecking Crew '98"
"Fisherman's Bait 2: Big Ol' Bass","13533","Fisherman's Bait 2: Big Ol' Bass","12120","1920","52","1","4","0","0","6.31","Fisherman's Bait 2: Big Ol' Bass"
"Nicole","13534","Nicole","12120","360","71","1","4","0","0","33.67","Nicole"
"Muscle March","13535","Muscle March","12120","3300","55","2","16","0","0","3.67","Muscle March"
"Cocoron","13536","Cocoron","12120","360","130","1","2","0","0","33.67","Cocoron"
"Prince of Persia 3D","13537","Prince of Persia 3D","12120","2640","27","1","7","0","0","4.59","Prince of Persia 3D"
"Spawn","13538","Spawn","12120","2880","28","1","9","0","0","4.21","Spawn"
"pop'n music 9","13539","pop'n music 9","12120","4800","10","1","4","0","0","2.53","pop'n music 9"
"Hero Core","13540","Hero Core","12120","2160","15","1","8","0","0","5.61","Hero Core"
"Tokyo Xtreme Racer Drift 2","13541","Tokyo Xtreme Racer Drift 2","12120","7080","10","1","17","0","0","1.71","Tokyo Xtreme Racer Drift 2"
"Randall","13542","Randall","12060","2340","35","2","14","0","0","5.15","Randall"
"Medal of Honor: European Assault","13543","Medal of Honor: European Assault","12060","6780","20","1","20","0","0","1.78","Medal of Honor: European Assault"
"Feeding Frenzy","13544","Feeding Frenzy","12060","9600","20","2","59","0","0","1.26","Feeding Frenzy"
"Elminage Gothic","13545","Elminage Gothic","12060","10560","10","1","7","0","0","1.14","Elminage Gothic"
"War of the Human Tanks - ALTeR","13546","War of the Human Tanks - ALTeR","12060","3300","32","1","3","0","0","3.65","War of the Human Tanks - ALTeR"
"Fort Zombie","13547","Fort Zombie","12060","1020","79","1","5","0","0","11.82","Fort Zombie"
"PKR Let's Play","13548","PKR Let's Play","12060","1380","50","3","6","0","0","8.74","PKR Let's Play"
"Amok","13549","Amok","12060","1260","48","2","10","0","0","9.57","Amok"
"Sausage Sports Club","13550","Sausage Sports Club","12060","1020","82","2","8","0","0","11.82","Sausage Sports Club"
"8DAYS","13551","8DAYS","12060","7320","28","2","44","0","0","1.65","8DAYS"
"Hopkins FBI","13552","Hopkins FBI","12060","900","27","1","3","0","0","13.4","Hopkins FBI"
"Revhead","13553","Revhead","12060","1980","59","2","4","0","0","6.09","Revhead"
"TIMEframe","13554","TIMEframe","12060","2040","58","1","15","0","0","5.91","TIMEframe"
"Stargazer Christmas","13555","Stargazer Christmas","12000","3120","28","2","2","0","0","3.85","Stargazer Christmas"
"Macross 7: Ginga no Heart o Furuwa Sero!!","13556","Macross 7: Ginga no Heart o Furuwa Sero!!","12000","1560","16","1","2","0","0","7.69","Macross 7: Ginga no Heart o Furuwa Sero!!"
"Robo Army","13557","Robo Army","12000","300","90","1","1","0","0","40","Robo Army"
"Road Runner","13558","Road Runner","12000","420","209","3","4","0","0","28.57","Road Runner"
"T.E.C 3001","13559","T.E.C 3001","12000","1560","136","1","7","0","0","7.69","T.E.C 3001"
"Classic Games Collection Vol. 1","13560","Classic Games Collection Vol. 1","12000","18900","63","2","12","0","0","0.63","Classic Games Collection Vol. 1"
"NASCAR The Game: Inside Line","13561","NASCAR The Game: Inside Line","12000","780","52","1","4","0","0","15.38","NASCAR The Game: Inside Line"
"Infinity","13562","Infinity","12000","1860","131","1","4","0","0","6.45","Infinity"
"Amagon","13563","Amagon","12000","1380","121","1","9","0","0","8.7","Amagon"
"Sonic Mega Collection Plus","13564","Sonic Mega Collection Plus","12000","7320","12","2","31","0","0","1.64","Sonic Mega Collection Plus"
"Pixel Puzzles: Japan","13565","Pixel Puzzles: Japan","12000","6240","10","1","10","0","0","1.92","Pixel Puzzles: Japan"
"Vegas","13566","Vegas","12000","5940","37","1","26","0","0","2.02","Vegas"
"Contra Force","13567","Contra Force","12000","3660","30","1","22","0","0","3.28","Contra Force"
"Disney's DuckTales: The Quest for Gold","13568","Disney's DuckTales: The Quest for Gold","12000","720","101","1","2","0","0","16.67","Disney's DuckTales: The Quest for Gold"
"Bulls vs. Blazers and the NBA Playoffs","13569","Bulls vs. Blazers and the NBA Playoffs","12000","240","81","1","1","0","0","50","Bulls vs. Blazers and the NBA Playoffs"
"RollerCoaster Tycoon 2: Wacky Worlds","13570","RollerCoaster Tycoon 2: Wacky Worlds","12000","4080","20","1","7","0","0","2.94","RollerCoaster Tycoon 2: Wacky Worlds"
"Quantum of Solace","13571","Quantum of Solace","12000","5340","20","1","20","0","0","2.25","Quantum of Solace"
"Casino Kid","13572","Casino Kid","12000","2100","46","1","5","0","0","5.71","Casino Kid"
"Dragon Ball GT: Final Bout","13573","Dragon Ball GT: Final Bout","11940","5040","15","1","23","0","0","2.37","Dragon Ball GT: Final Bout"
"Mystery Master: Murder by the Dozen","13574","Mystery Master: Murder by the Dozen","11940","2220","41","1","7","0","0","5.38","Mystery Master: Murder by the Dozen"
"Pajama Sam's SockWorks","13575","Pajama Sam's SockWorks","11940","2100","34","1","11","0","0","5.69","Pajama Sam's SockWorks"
"Trinity Universe","13576","Trinity Universe","11940","6180","10","1","5","0","0","1.93","Trinity Universe"
"Star Trek: Armada II","13577","Star Trek: Armada II","11940","1440","54","1","5","0","0","8.29","Star Trek: Armada II"
"Agent Awesome","13578","Agent Awesome","11940","1200","57","1","6","0","0","9.95","Agent Awesome"
"Trilby's Notes","13579","Trilby's Notes","11940","2280","20","1","10","0","0","5.24","Trilby's Notes"
"Artifact Adventure","13580","Artifact Adventure","11940","4560","25","2","15","0","0","2.62","Artifact Adventure"
"Crazy Taxi 2","13581","Crazy Taxi 2","11940","3480","20","1","18","0","0","3.43","Crazy Taxi 2"
"Order & Chaos Online","13582","Order & Chaos Online","11940","8400","15","2","44","0","0","1.42","Order & Chaos Online"
"Nosgoth","13583","Nosgoth","11940","12060","12","2","60","0","0","0.99","Nosgoth"
"SoulHunt","13584","SoulHunt","11940","2340","38","2","16","0","0","5.1","SoulHunt"
"Hospital Tycoon","13585","Hospital Tycoon","11940","3900","26","1","22","0","0","3.06","Hospital Tycoon"
"inMomentum","13586","inMomentum","11940","3540","12","1","13","0","0","3.37","inMomentum"
"Shrek Swamp Fun with Early Math","13587","Shrek Swamp Fun with Early Math","11940","2520","19","1","7","0","0","4.74","Shrek Swamp Fun with Early Math"
"Cube Cube","13588","Cube Cube","11940","6600","14","1","4","0","0","1.81","Cube Cube"
"Nowhere Prophet","13589","Nowhere Prophet","11940","960","32","1","3","0","0","12.44","Nowhere Prophet"
"Nightmare Boy","13590","Nightmare Boy","11940","4320","89","1","8","0","0","2.76","Nightmare Boy"
"Awareness Rooms","13591","Awareness Rooms","11880","87480","7","2","13","0","0","0.14","Awareness Rooms"
"Ochan no Oekaki Logic","13592","Ochan no Oekaki Logic","11880","1500","16","1","2","0","0","7.92","Ochan no Oekaki Logic"
"Robocop 3D","13593","Robocop 3D","11880","120","197","1","0","0","0","99","Robocop 3D"
"Kill to Collect","13594","Kill to Collect","11880","3780","23","1","16","0","0","3.14","Kill to Collect"
"Shoot Shoot Mega Pack","13595","Shoot Shoot Mega Pack","11880","480","154","1","4","0","0","24.75","Shoot Shoot Mega Pack"
"Choppa","13596","Choppa","11880","720","131","1","6","0","0","16.5","Choppa"
"Bomberman World","13597","Bomberman World","11880","6360","29","2","14","0","0","1.87","Bomberman World"
"Crypt Worlds","13598","Crypt Worlds","11880","3840","13","1","21","0","0","3.09","Crypt Worlds"
"Gun Smoke","13599","Gun Smoke","11880","2700","104","1","15","0","0","4.4","Gun Smoke"
"Terminator 2: Judgment Day","13600","Terminator 2: Judgment Day","11880","30420","17","2","11","0","0","0.39","Terminator 2: Judgment Day"