"","","Game","Watch time","Stream time","Peak viewers","Peak channels","Streamers","Average viewers","Average channels","Average viewer ratio",""
"Shrek: Hassle at the Castle","12801","Shrek: Hassle at the Castle","15480","5580","22","2","9","0","0","2.77","Shrek: Hassle at the Castle"
"Headhunter","12802","Headhunter","15480","6600","29","1","13","0","0","2.35","Headhunter"
"Sega Ages","12803","Sega Ages","15480","3120","72","1","9","0","0","4.96","Sega Ages"
"Godzilla Kaiju Daikessen","12804","Godzilla Kaiju Daikessen","15480","900","36","1","5","0","0","17.2","Godzilla Kaiju Daikessen"
"Raiden Trad","12805","Raiden Trad","15480","1920","100","1","7","0","0","8.06","Raiden Trad"
"Fart Cat!","12806","Fart Cat!","15480","13440","6","1","6","0","0","1.15","Fart Cat!"
"Juiced","12807","Juiced","15420","8100","24","2","31","0","0","1.9","Juiced"
"Majyuuou","12808","Majyuuou","15420","2100","49","2","9","0","0","7.34","Majyuuou"
"Ice Hockey","12809","Ice Hockey","15420","3000","43","2","22","0","0","5.14","Ice Hockey"
"beatmania","12810","beatmania","15420","6180","35","2","28","0","0","2.5","beatmania"
"Magicmaker","12811","Magicmaker","15420","7140","15","1","21","0","0","2.16","Magicmaker"
"Puella Magi Madoka Magica Side Story: Magia Record","12812","Puella Magi Madoka Magica Side Story: Magia Record","15420","4380","20","1","8","0","0","3.52","Puella Magi Madoka Magica Side Story: Magia Record"
"A Wolf in Autumn","12813","A Wolf in Autumn","15420","2520","138","2","20","0","0","6.12","A Wolf in Autumn"
"Mythic Wonders: Philosopher's Stone","12814","Mythic Wonders: Philosopher's Stone","15420","1380","45","1","5","0","0","11.17","Mythic Wonders: Philosopher's Stone"
"My Little Blacksmith","12815","My Little Blacksmith","15360","4920","29","2","29","0","0","3.12","My Little Blacksmith"
"SpongeBob SquarePants: 3D Obstacle Odyssey","12816","SpongeBob SquarePants: 3D Obstacle Odyssey","15360","7020","11","1","10","0","0","2.19","SpongeBob SquarePants: 3D Obstacle Odyssey"
"DRG Initiative","12817","DRG Initiative","15360","2880","49","2","4","0","0","5.33","DRG Initiative"
"SuperMoose","12818","SuperMoose","15360","540","137","1","4","0","0","28.44","SuperMoose"
"Golem Gates","12819","Golem Gates","15360","900","93","1","0","0","0","17.07","Golem Gates"
"Super Stardust Ultra","12820","Super Stardust Ultra","15360","3360","20","1","98","0","0","4.57","Super Stardust Ultra"
"Cue Club","12821","Cue Club","15360","3360","16","2","4","0","0","4.57","Cue Club"
"Death Note: Kira Game","12822","Death Note: Kira Game","15360","1500","63","1","9","0","0","10.24","Death Note: Kira Game"
"Warlords: Battlecry III","12823","Warlords: Battlecry III","15360","7500","20","2","15","0","0","2.05","Warlords: Battlecry III"
"Darkstalkers Chronicle: The Chaos Tower","12824","Darkstalkers Chronicle: The Chaos Tower","15300","900","87","1","6","0","0","17","Darkstalkers Chronicle: The Chaos Tower"
"Wild Earth: African Safari","12825","Wild Earth: African Safari","15300","120","261","1","2","0","0","127.5","Wild Earth: African Safari"
"Flight Simulator II","12826","Flight Simulator II","15300","13320","10","2","20","0","0","1.15","Flight Simulator II"
"Calvino Noir","12827","Calvino Noir","15300","6240","21","1","27","0","0","2.45","Calvino Noir"
"3 Ninjas Kick Back","12828","3 Ninjas Kick Back","15300","4380","100","2","13","0","0","3.49","3 Ninjas Kick Back"
"Celestian Tales: Old North","12829","Celestian Tales: Old North","15300","3060","56","2","11","0","0","5","Celestian Tales: Old North"
"Chicken Invaders 4: Ultimate Omelette","12830","Chicken Invaders 4: Ultimate Omelette","15300","6120","22","1","39","0","0","2.5","Chicken Invaders 4: Ultimate Omelette"
"Pizza Boy","12831","Pizza Boy","15300","8160","45","1","14","0","0","1.88","Pizza Boy"
"Hazard Ops","12832","Hazard Ops","15300","12840","38","2","20","0","0","1.19","Hazard Ops"
"Shiftlings","12833","Shiftlings","15300","4440","73","2","20","0","0","3.45","Shiftlings"
"Toro","12834","Toro","15300","6660","41","2","37","0","0","2.3","Toro"
"Super Mario's Wacky Worlds","12835","Super Mario's Wacky Worlds","15300","300","143","1","2","0","0","51","Super Mario's Wacky Worlds"
"Crashday Redline Edition","12836","Crashday Redline Edition","15300","3540","65","2","16","0","0","4.32","Crashday Redline Edition"
"The Scorpion King: Rise of the Akkadian","12837","The Scorpion King: Rise of the Akkadian","15300","960","33","1","2","0","0","15.94","The Scorpion King: Rise of the Akkadian"
"ROD: Revolt Of Defense","12838","ROD: Revolt Of Defense","15240","960","309","1","4","0","0","15.88","ROD: Revolt Of Defense"
"Iron Blood","12839","Iron Blood","15240","900","48","1","1","0","0","16.93","Iron Blood"
"Yu-Gi-Oh! 5D's Tag Force 6","12840","Yu-Gi-Oh! 5D's Tag Force 6","15240","5580","27","2","12","0","0","2.73","Yu-Gi-Oh! 5D's Tag Force 6"
"The King of Fighters XI","12841","The King of Fighters XI","15240","9360","37","2","18","0","0","1.63","The King of Fighters XI"
"Disney's Chicken Little","12842","Disney's Chicken Little","15240","4800","12","1","18","0","0","3.18","Disney's Chicken Little"
"Tecmo's Deception","12843","Tecmo's Deception","15240","2340","23","1","7","0","0","6.51","Tecmo's Deception"
"The Cat Machine","12844","The Cat Machine","15240","720","97","1","5","0","0","21.17","The Cat Machine"
"Dark Reign 2","12845","Dark Reign 2","15240","13380","7","1","5","0","0","1.14","Dark Reign 2"
"Super Solvers: Midnight Rescue!","12846","Super Solvers: Midnight Rescue!","15240","120","252","1","2","0","0","127","Super Solvers: Midnight Rescue!"
"Hana no Star Kaidou","12847","Hana no Star Kaidou","15180","900","61","1","3","0","0","16.87","Hana no Star Kaidou"
"Revelations: The Demon Slayer","12848","Revelations: The Demon Slayer","15180","780","241","1","5","0","0","19.46","Revelations: The Demon Slayer"
"Spindizzy Worlds","12849","Spindizzy Worlds","15180","360","138","2","1","0","0","42.17","Spindizzy Worlds"
"Lost Horizon 2","12850","Lost Horizon 2","15180","4680","20","1","12","0","0","3.24","Lost Horizon 2"
"Deadliest Warrior: Legends","12851","Deadliest Warrior: Legends","15180","1620","157","2","11","0","0","9.37","Deadliest Warrior: Legends"
"OverBlood 2","12852","OverBlood 2","15180","2760","20","1","4","0","0","5.5","OverBlood 2"
"Realms of Chaos","12853","Realms of Chaos","15180","1620","32","1","4","0","0","9.37","Realms of Chaos"
"Ascendant","12854","Ascendant","15180","2220","55","1","12","0","0","6.84","Ascendant"
"Art Academy Sketchpad","12855","Art Academy Sketchpad","15180","5640","19","1","26","0","0","2.69","Art Academy Sketchpad"
"Dusty Revenge","12856","Dusty Revenge","15180","2340","154","1","12","0","0","6.49","Dusty Revenge"
"Tower of Heaven","12857","Tower of Heaven","15180","3780","37","1","26","0","0","4.02","Tower of Heaven"
"Absinth","12858","Absinth","15180","2880","25","2","9","0","0","5.27","Absinth"
"Seifuku Densetsu Pretty Fighter X","12859","Seifuku Densetsu Pretty Fighter X","15180","60","253","1","1","0","0","253","Seifuku Densetsu Pretty Fighter X"
"OGame","12860","OGame","15120","30420","10","1","16","0","0","0.5","OGame"
"Final Fantasy Anthology","12861","Final Fantasy Anthology","15120","9000","20","2","7","0","0","1.68","Final Fantasy Anthology"
"Super Impossible Road","12862","Super Impossible Road","15120","2880","36","2","15","0","0","5.25","Super Impossible Road"
"Rayman: Raving Rabbids","12863","Rayman: Raving Rabbids","15120","4500","16","1","20","0","0","3.36","Rayman: Raving Rabbids"
"Heroes Rise: The Prodigy","12864","Heroes Rise: The Prodigy","15120","3840","36","2","3","0","0","3.94","Heroes Rise: The Prodigy"
"Tanks A Lot","12865","Tanks A Lot","15120","420","69","1","2","0","0","36","Tanks A Lot"
"Gambling Apocalypse Kaiji","12866","Gambling Apocalypse Kaiji","15120","2820","76","1","11","0","0","5.36","Gambling Apocalypse Kaiji"
"Microsoft Ultimate Word Games","12867","Microsoft Ultimate Word Games","15120","4020","16","1","6","0","0","3.76","Microsoft Ultimate Word Games"
"Ghostlight Manor","12868","Ghostlight Manor","15120","3900","40","4","6","0","0","3.88","Ghostlight Manor"
"Rolisteam","12869","Rolisteam","15120","13680","13","1","1","0","0","1.11","Rolisteam"
"Epic","12870","Epic","15120","2820","88","1","11","0","0","5.36","Epic"
"Idol Mahou Shoujo Chiruchiru ☆ Michiru","12871","Idol Mahou Shoujo Chiruchiru ☆ Michiru","15120","7740","11","2","26","0","0","1.95","Idol Mahou Shoujo Chiruchiru ☆ Michiru"
"Ultraman","12872","Ultraman","15120","2100","33","1","8","0","0","7.2","Ultraman"
"Ridge Racer 64","12873","Ridge Racer 64","15120","3540","37","1","9","0","0","4.27","Ridge Racer 64"
"Restaurant Empire","12874","Restaurant Empire","15120","1800","99","1","4","0","0","8.4","Restaurant Empire"
"Majesty: The Northern Expansion","12875","Majesty: The Northern Expansion","15120","5520","16","2","13","0","0","2.74","Majesty: The Northern Expansion"
"Baseball Stars 2","12876","Baseball Stars 2","15120","3240","167","1","15","0","0","4.67","Baseball Stars 2"
"Turok 3: Shadow of Oblivion","12877","Turok 3: Shadow of Oblivion","15060","3540","39","1","9","0","0","4.25","Turok 3: Shadow of Oblivion"
"Indiana Jones and the Staff of Kings","12878","Indiana Jones and the Staff of Kings","15060","3000","35","1","8","0","0","5.02","Indiana Jones and the Staff of Kings"
"Cibele","12879","Cibele","15060","2520","31","2","18","0","0","5.98","Cibele"
"Hero of the Kingdom II","12880","Hero of the Kingdom II","15060","4560","17","1","8","0","0","3.3","Hero of the Kingdom II"
"The Sims 2: Apartment Life","12881","The Sims 2: Apartment Life","15060","5460","18","2","7","0","0","2.76","The Sims 2: Apartment Life"
"Hustle Kings","12882","Hustle Kings","15060","6420","14","2","406","0","0","2.35","Hustle Kings"
"Kingsley's Adventure","12883","Kingsley's Adventure","15060","4620","25","1","14","0","0","3.26","Kingsley's Adventure"
"Golden Axe Warrior","12884","Golden Axe Warrior","15060","5640","20","1","14","0","0","2.67","Golden Axe Warrior"
"Hugo: The Evil Mirror","12885","Hugo: The Evil Mirror","15060","720","160","1","3","0","0","20.92","Hugo: The Evil Mirror"
"Volantia: Kingdom in the Sky","12886","Volantia: Kingdom in the Sky","15060","4440","21","1","26","0","0","3.39","Volantia: Kingdom in the Sky"
"Gold Runner 2000","12887","Gold Runner 2000","15060","300","136","1","1","0","0","50.2","Gold Runner 2000"
"Tokyo Beat Down","12888","Tokyo Beat Down","15060","60","267","1","1","0","0","251","Tokyo Beat Down"
"Chess Evolved Online","12889","Chess Evolved Online","15060","2940","13","1","4","0","0","5.12","Chess Evolved Online"
"Pilgrim Quest","12890","Pilgrim Quest","15060","900","62","1","3","0","0","16.73","Pilgrim Quest"
"Midas Gold Plus","12891","Midas Gold Plus","15060","3660","28","1","19","0","0","4.11","Midas Gold Plus"
"Monster Girl Quest","12892","Monster Girl Quest","15000","10440","9","1","18","0","0","1.44","Monster Girl Quest"
"Butterfly Soup","12893","Butterfly Soup","15000","6120","8","2","17","0","0","2.45","Butterfly Soup"
"1 1/2 Ritter: Auf der Suche nach der hinreissenden Herzelinde","12894","1 1/2 Ritter: Auf der Suche nach der hinreissenden Herzelinde","15000","420","64","1","1","0","0","35.71","1 1/2 Ritter: Auf der Suche nach der hinreissenden Herzelinde"
"Aion: Upheaval","12895","Aion: Upheaval","15000","16920","20","2","27","0","0","0.89","Aion: Upheaval"
"The Lord of the Rings","12896","The Lord of the Rings","15000","4560","48","1","16","0","0","3.29","The Lord of the Rings"
"Realm","12897","Realm","15000","4800","17","1","19","0","0","3.13","Realm"
"Rayman 3: Hoodlum Havoc Print Studio","12898","Rayman 3: Hoodlum Havoc Print Studio","15000","900","126","1","4","0","0","16.67","Rayman 3: Hoodlum Havoc Print Studio"
"Ex-Mutants","12899","Ex-Mutants","15000","2520","160","1","6","0","0","5.95","Ex-Mutants"
"Dynamite Jack","12900","Dynamite Jack","15000","900","119","1","6","0","0","16.67","Dynamite Jack"