"","","Game","Watch time","Stream time","Peak viewers","Peak channels","Streamers","Average viewers","Average channels","Average viewer ratio",""
"Nancy Drew: Shadow at the Water's Edge","5801","Nancy Drew: Shadow at the Water's Edge","235440","33000","263","3","60","0","0","7.13","Nancy Drew: Shadow at the Water's Edge"
"Real Boxing","5802","Real Boxing","235320","7200","1880","2","37","0","0","32.68","Real Boxing"
"Princess Tomato in the Salad Kingdom","5803","Princess Tomato in the Salad Kingdom","235260","7440","1670","2","18","0","0","31.62","Princess Tomato in the Salad Kingdom"
"Vampire Rain: Altered Species","5804","Vampire Rain: Altered Species","235200","840","2480","2","5","0","0","280","Vampire Rain: Altered Species"
"Retard Fighter","5805","Retard Fighter","235140","42180","20","2","14","0","0","5.57","Retard Fighter"
"FIFA 11","5806","FIFA 11","235080","22020","343","2","83","0","0","10.68","FIFA 11"
"Game & Wario","5807","Game & Wario","235020","9900","472","2","49","0","0","23.74","Game & Wario"
"Prevent the Fall","5808","Prevent the Fall","234900","15420","1160","2","134","0","0","15.23","Prevent the Fall"
"Highway Blossoms","5809","Highway Blossoms","234780","5280","551","1","20","0","0","44.47","Highway Blossoms"
"Touhou 06 - The Embodiment of Scarlet Devil","5810","Touhou 06 - The Embodiment of Scarlet Devil","234720","73620","280","3","334","0","0","3.19","Touhou 06 - The Embodiment of Scarlet Devil"
"Stretch Panic","5811","Stretch Panic","234600","2640","1416","1","9","0","0","88.86","Stretch Panic"
"War Robots","5812","War Robots","234420","128820","72","3","180","0","0","1.82","War Robots"
"River City Super Sports Challenge","5813","River City Super Sports Challenge","234420","8160","964","2","38","0","0","28.73","River City Super Sports Challenge"
"Warcraft II: Beyond the Dark Portal","5814","Warcraft II: Beyond the Dark Portal","234300","49320","76","3","65","0","0","4.75","Warcraft II: Beyond the Dark Portal"
"Killer Instinct Gold","5815","Killer Instinct Gold","234240","3960","5044","1","24","0","0","59.15","Killer Instinct Gold"
"Guild Ball","5816","Guild Ball","234240","13080","342","3","13","0","0","17.91","Guild Ball"
"Street Fighter X Tekken","5817","Street Fighter X Tekken","234180","42900","196","3","161","0","0","5.46","Street Fighter X Tekken"
"Pocket Mirror","5818","Pocket Mirror","234060","48540","100","3","110","0","0","4.82","Pocket Mirror"
"Country Justice: Revenge of the Rednecks","5819","Country Justice: Revenge of the Rednecks","234000","1680","2565","1","5","0","0","139.29","Country Justice: Revenge of the Rednecks"
"Taiko no Tatsujin: Tokumori!","5820","Taiko no Tatsujin: Tokumori!","233940","2100","4218","1","15","0","0","111.4","Taiko no Tatsujin: Tokumori!"
"WWE '13","5821","WWE '13","233760","16500","571","2","22","0","0","14.17","WWE '13"
"Battle Kid 2: Mountain of Torment","5822","Battle Kid 2: Mountain of Torment","233700","8340","1385","1","13","0","0","28.02","Battle Kid 2: Mountain of Torment"
"JoJo's Venture","5823","JoJo's Venture","233700","10680","293","2","50","0","0","21.88","JoJo's Venture"
"Chronology","5824","Chronology","233700","4920","3618","2","18","0","0","47.5","Chronology"
"Monochroma","5825","Monochroma","233400","14520","867","2","47","0","0","16.07","Monochroma"
"Ed, Edd n Eddy: The Mis-Edventures","5826","Ed, Edd n Eddy: The Mis-Edventures","233100","10320","1571","2","47","0","0","22.59","Ed, Edd n Eddy: The Mis-Edventures"
"Back to the Future: The Game - Episode 4: Double Visions","5827","Back to the Future: The Game - Episode 4: Double Visions","232860","22560","603","2","76","0","0","10.32","Back to the Future: The Game - Episode 4: Double Visions"
"Virtual Pro Wrestling 2: Ōdō Keishō","5828","Virtual Pro Wrestling 2: Ōdō Keishō","232500","10380","545","1","15","0","0","22.4","Virtual Pro Wrestling 2: Ōdō Keishō"
"Bomberman '94","5829","Bomberman '94","232440","8640","319","2","14","0","0","26.9","Bomberman '94"
"Loot Rascals","5830","Loot Rascals","232140","19920","415","4","81","0","0","11.65","Loot Rascals"
"The Witch and the Hundred Knight","5831","The Witch and the Hundred Knight","231960","85980","125","3","107","0","0","2.7","The Witch and the Hundred Knight"
"Corpse Party: Book of Shadows","5832","Corpse Party: Book of Shadows","231960","34140","87","3","44","0","0","6.79","Corpse Party: Book of Shadows"
"Steam Hammer","5833","Steam Hammer","231660","37500","184","6","103","0","0","6.18","Steam Hammer"
"Blobby Volley","5834","Blobby Volley","231600","3780","3528","1","26","0","0","61.27","Blobby Volley"
"Boom Beach","5835","Boom Beach","231600","75180","56","3","161","0","0","3.08","Boom Beach"
"Sonic the Hedgehog 4: Episode II","5836","Sonic the Hedgehog 4: Episode II","231540","26100","352","2","130","0","0","8.87","Sonic the Hedgehog 4: Episode II"
"Desperados: Wanted Dead or Alive","5837","Desperados: Wanted Dead or Alive","231480","13140","1824","2","30","0","0","17.62","Desperados: Wanted Dead or Alive"
"Alekhine's Gun","5838","Alekhine's Gun","231360","11160","1149","2","52","0","0","20.73","Alekhine's Gun"
"Azure Dreams","5839","Azure Dreams","231240","39360","135","2","61","0","0","5.88","Azure Dreams"
"Hyperdimension Neptunia U: Action Unleashed","5840","Hyperdimension Neptunia U: Action Unleashed","231060","50460","219","3","172","0","0","4.58","Hyperdimension Neptunia U: Action Unleashed"
"Psychic Isolation","5841","Psychic Isolation","231060","780","3732","1","7","0","0","296.23","Psychic Isolation"
"Limbo of The Lost","5842","Limbo of The Lost","231000","39780","227","2","91","0","0","5.81","Limbo of The Lost"
"Divinity II: Ego Draconis","5843","Divinity II: Ego Draconis","230940","38940","277","3","93","0","0","5.93","Divinity II: Ego Draconis"
"The Dog Island","5844","The Dog Island","230820","4500","1861","1","16","0","0","51.29","The Dog Island"
"Homefront","5845","Homefront","230820","117480","54","18","197","0","0","1.96","Homefront"
"Soul Hunters","5846","Soul Hunters","230580","26160","123","2","51","0","0","8.81","Soul Hunters"
"Teenage Mutant Ninja Turtles: Mutants in Manhattan","5847","Teenage Mutant Ninja Turtles: Mutants in Manhattan","230340","83700","380","4","286","0","0","2.75","Teenage Mutant Ninja Turtles: Mutants in Manhattan"
"Mugen Souls","5848","Mugen Souls","230160","18120","3124","2","34","0","0","12.7","Mugen Souls"
"Soldier Front 2","5849","Soldier Front 2","230100","156480","694","5","377","0","0","1.47","Soldier Front 2"
"Calling","5850","Calling","230100","9840","459","2","26","0","0","23.38","Calling"
"Magical Date EX - Sotsugyou Kokuhaku Daisakusen","5851","Magical Date EX - Sotsugyou Kokuhaku Daisakusen","229920","2160","1729","1","2","0","0","106.44","Magical Date EX - Sotsugyou Kokuhaku Daisakusen"
"The Berenstain Bears' Camping Adventure","5852","The Berenstain Bears' Camping Adventure","229860","180","1982","1","2","0","0","1277","The Berenstain Bears' Camping Adventure"
"King's Quest V: Absence Makes the Heart Go Yonder","5853","King's Quest V: Absence Makes the Heart Go Yonder","229440","9120","584","1","33","0","0","25.16","King's Quest V: Absence Makes the Heart Go Yonder"
"Wrestling Revolution 3D","5854","Wrestling Revolution 3D","229320","7680","1121","2","29","0","0","29.86","Wrestling Revolution 3D"
"Eiyuu Densetsu: Sora no Kiseki SC","5855","Eiyuu Densetsu: Sora no Kiseki SC","229260","1560","235","1","2","0","0","146.96","Eiyuu Densetsu: Sora no Kiseki SC"
"Star Control II","5856","Star Control II","229200","42240","100","2","54","0","0","5.43","Star Control II"
"Intershelter","5857","Intershelter","228960","33720","155","5","174","0","0","6.79","Intershelter"
"Nancy Drew: The Captive Curse","5858","Nancy Drew: The Captive Curse","228720","17280","160","2","31","0","0","13.24","Nancy Drew: The Captive Curse"
"The Settlers 7: Paths to a Kingdom","5859","The Settlers 7: Paths to a Kingdom","228540","34320","437","3","90","0","0","6.66","The Settlers 7: Paths to a Kingdom"
"WWE Day of Reckoning","5860","WWE Day of Reckoning","228300","8280","656","1","23","0","0","27.57","WWE Day of Reckoning"
"Uprising: Join or Die","5861","Uprising: Join or Die","228300","300","1977","1","3","0","0","761","Uprising: Join or Die"
"Battlevoid: Harbinger","5862","Battlevoid: Harbinger","228120","720","1092","1","1","0","0","316.83","Battlevoid: Harbinger"
"America Expansion Pack","5863","America Expansion Pack","228000","120","2571","2","2","0","0","1900","America Expansion Pack"
"Adventure Quest 3D","5864","Adventure Quest 3D","228000","72120","790","3","231","0","0","3.16","Adventure Quest 3D"
"Lydia","5865","Lydia","227940","6060","1217","1","24","0","0","37.61","Lydia"
"Sky Force Reloaded","5866","Sky Force Reloaded","227880","28260","1199","5","26","0","0","8.06","Sky Force Reloaded"
"Skyblazer","5867","Skyblazer","227820","11100","2162","3","43","0","0","20.52","Skyblazer"
"The Grinch","5868","The Grinch","227580","17340","1744","3","17","0","0","13.12","The Grinch"
"Steel Ocean","5869","Steel Ocean","227580","111060","57","4","220","0","0","2.05","Steel Ocean"
"Lazarian","5870","Lazarian","227580","300","1321","1","2","0","0","758.6","Lazarian"
"The Chaos Engine","5871","The Chaos Engine","227520","3360","1869","1","12","0","0","67.71","The Chaos Engine"
"Ultima IV: Quest of the Avatar","5872","Ultima IV: Quest of the Avatar","227460","10380","1289","1","12","0","0","21.91","Ultima IV: Quest of the Avatar"
"The Sims 3: Ambitions","5873","The Sims 3: Ambitions","227220","600","1113","1","4","0","0","378.7","The Sims 3: Ambitions"
"S.T.A.L.K.E.R.: Lost Alpha","5874","S.T.A.L.K.E.R.: Lost Alpha","227160","87300","290","4","157","0","0","2.6","S.T.A.L.K.E.R.: Lost Alpha"
".hack//G.U. Vol. 2: Reminisce","5875",".hack//G.U. Vol. 2: Reminisce","227100","45480","74","3","47","0","0","4.99",".hack//G.U. Vol. 2: Reminisce"
"Chains","5876","Chains","226860","660","3765","1","7","0","0","343.73","Chains"
"The Brookhaven Experiment","5877","The Brookhaven Experiment","226800","46380","1265","2","262","0","0","4.89","The Brookhaven Experiment"
"Project Reality: BF2","5878","Project Reality: BF2","226740","123300","294","4","206","0","0","1.84","Project Reality: BF2"
"SkySaga","5879","SkySaga","226740","62220","97","5","120","0","0","3.64","SkySaga"
"Shin Megami Tensei: Strange Journey","5880","Shin Megami Tensei: Strange Journey","226680","33780","58","3","42","0","0","6.71","Shin Megami Tensei: Strange Journey"
"Death Point","5881","Death Point","226620","1560","1964","2","9","0","0","145.27","Death Point"
"Football Manager 2010","5882","Football Manager 2010","226560","1980","437","1","7","0","0","114.42","Football Manager 2010"
"Initial D: Special Stage","5883","Initial D: Special Stage","226560","15060","528","2","54","0","0","15.04","Initial D: Special Stage"
"Gremlins","5884","Gremlins","226380","900","7288","1","6","0","0","251.53","Gremlins"
"The Wacky World of Miniature Golf with Eugene Levy","5885","The Wacky World of Miniature Golf with Eugene Levy","226320","420","2011","1","2","0","0","538.86","The Wacky World of Miniature Golf with Eugene Levy"
"Death Connection","5886","Death Connection","226320","180","2480","1","1","0","0","1257.33","Death Connection"
"CarX Drift Racing Online","5887","CarX Drift Racing Online","226200","83340","261","5","280","0","0","2.71","CarX Drift Racing Online"
"Indygo","5888","Indygo","226200","4980","1895","2","26","0","0","45.42","Indygo"
"The Adventures of Cookie & Cream","5889","The Adventures of Cookie & Cream","226020","2340","1549","1","11","0","0","96.59","The Adventures of Cookie & Cream"
"Kingdom Hearts 358/2 Days","5890","Kingdom Hearts 358/2 Days","226020","47940","346","3","87","0","0","4.71","Kingdom Hearts 358/2 Days"
"Star Wars Episode I","5891","Star Wars Episode I","225900","16440","923","3","65","0","0","13.74","Star Wars Episode I"
"Gotcha Force","5892","Gotcha Force","225840","32640","1995","3","70","0","0","6.92","Gotcha Force"
"Quest for Glory II: Trial by Fire","5893","Quest for Glory II: Trial by Fire","225720","11640","1754","2","23","0","0","19.39","Quest for Glory II: Trial by Fire"
"Mercenary Kings","5894","Mercenary Kings","225480","77460","192","5","276","0","0","2.91","Mercenary Kings"
"Midnight Raiders","5895","Midnight Raiders","225120","420","1906","1","2","0","0","536","Midnight Raiders"
"Driftland: The Magic Revival","5896","Driftland: The Magic Revival","225120","8940","551","3","12","0","0","25.18","Driftland: The Magic Revival"
"Mount & Blade Warband: Viking Conquest","5897","Mount & Blade Warband: Viking Conquest","225060","43920","489","4","129","0","0","5.12","Mount & Blade Warband: Viking Conquest"
"Beautiful Katamari","5898","Beautiful Katamari","224940","15120","1537","2","49","0","0","14.88","Beautiful Katamari"
"Champions Online","5899","Champions Online","224820","118080","96","4","146","0","0","1.9","Champions Online"
"Heroes of Might and Magic IV: Winds of War","5900","Heroes of Might and Magic IV: Winds of War","224700","26640","163","3","32","0","0","8.43","Heroes of Might and Magic IV: Winds of War"