"","","Game","Watch time","Stream time","Peak viewers","Peak channels","Streamers","Average viewers","Average channels","Average viewer ratio",""
"Superbowl Sunday","10501","Superbowl Sunday","33480","360","499","3","5","0","0","93","Superbowl Sunday"
"Minetest","10502","Minetest","33480","38220","29","2","43","0","0","0.88","Minetest"
"Rise of the Dragon","10503","Rise of the Dragon","33480","1200","121","1","4","0","0","27.9","Rise of the Dragon"
"Dark Seed II","10504","Dark Seed II","33420","2820","39","1","3","0","0","11.85","Dark Seed II"
"Disney's Atlantis: The Lost Empire","10505","Disney's Atlantis: The Lost Empire","33420","4860","37","2","11","0","0","6.88","Disney's Atlantis: The Lost Empire"
"HeroClix Online","10506","HeroClix Online","33420","24300","25","3","10","0","0","1.38","HeroClix Online"
"Might & Magic Heroes VI: Shades of Darkness","10507","Might & Magic Heroes VI: Shades of Darkness","33420","6180","33","1","18","0","0","5.41","Might & Magic Heroes VI: Shades of Darkness"
"Microsoft Train Simulator","10508","Microsoft Train Simulator","33420","9600","82","1","30","0","0","3.48","Microsoft Train Simulator"
"Fantasy Zone","10509","Fantasy Zone","33420","4260","53","1","18","0","0","7.85","Fantasy Zone"
"Rune Factory 3: A Fantasy Harvest Moon","10510","Rune Factory 3: A Fantasy Harvest Moon","33420","16320","26","2","29","0","0","2.05","Rune Factory 3: A Fantasy Harvest Moon"
"Fly Simulator","10511","Fly Simulator","33420","540","445","1","0","0","0","61.89","Fly Simulator"
"Epic Battle Fantasy 3","10512","Epic Battle Fantasy 3","33360","18000","32","2","37","0","0","1.85","Epic Battle Fantasy 3"
"The Way of Life","10513","The Way of Life","33360","11040","63","2","76","0","0","3.02","The Way of Life"
"Xuanyuan Jian","10514","Xuanyuan Jian","33360","4920","53","1","10","0","0","6.78","Xuanyuan Jian"
"Warfare Reloaded","10515","Warfare Reloaded","33360","1440","201","1","5","0","0","23.17","Warfare Reloaded"
"Tiger Woods PGA Tour 2005","10516","Tiger Woods PGA Tour 2005","33300","6240","32","2","7","0","0","5.34","Tiger Woods PGA Tour 2005"
"Stonekeep","10517","Stonekeep","33300","7500","42","2","21","0","0","4.44","Stonekeep"
"Ace Combat 7","10518","Ace Combat 7","33300","900","589","1","7","0","0","37","Ace Combat 7"
"Captain Tsubasa J: Zenkoku Seiha e no Chousen","10519","Captain Tsubasa J: Zenkoku Seiha e no Chousen","33300","120","582","1","0","0","0","277.5","Captain Tsubasa J: Zenkoku Seiha e no Chousen"
"Archon Ultra","10520","Archon Ultra","33300","120","570","1","1","0","0","277.5","Archon Ultra"
"THE iDOLM@STER: Shiny Festa Melodic Disc","10521","THE iDOLM@STER: Shiny Festa Melodic Disc","33300","720","84","1","2","0","0","46.25","THE iDOLM@STER: Shiny Festa Melodic Disc"
"Tilt Brush","10522","Tilt Brush","33300","10620","50","2","16","0","0","3.14","Tilt Brush"
"Summon Night X: Tears Crown","10523","Summon Night X: Tears Crown","33240","180","554","1","1","0","0","184.67","Summon Night X: Tears Crown"
"CalcioBit","10524","CalcioBit","33240","960","628","1","1","0","0","34.63","CalcioBit"
"Valiant Force","10525","Valiant Force","33240","14220","127","2","21","0","0","2.34","Valiant Force"
"Duel Masters: Limited Edition","10526","Duel Masters: Limited Edition","33240","2580","229","1","12","0","0","12.88","Duel Masters: Limited Edition"
"The Floor Is Jelly","10527","The Floor Is Jelly","33240","4980","140","1","29","0","0","6.67","The Floor Is Jelly"
"Yu-Gi-Oh! GX: Spirit Caller","10528","Yu-Gi-Oh! GX: Spirit Caller","33240","5580","69","2","12","0","0","5.96","Yu-Gi-Oh! GX: Spirit Caller"
"1942","10529","1942","33240","5700","163","1","17","0","0","5.83","1942"
"The Sims 3: Into the Future","10530","The Sims 3: Into the Future","33240","17460","21","2","35","0","0","1.9","The Sims 3: Into the Future"
"Wild Arms 4","10531","Wild Arms 4","33180","6840","37","1","9","0","0","4.85","Wild Arms 4"
"Arrow Flash","10532","Arrow Flash","33180","600","331","1","3","0","0","55.3","Arrow Flash"
"Sang-Froid: Tales of Werewolves","10533","Sang-Froid: Tales of Werewolves","33180","6780","106","2","37","0","0","4.89","Sang-Froid: Tales of Werewolves"
"Star Wars The Clone Wars: Republic Heroes","10534","Star Wars The Clone Wars: Republic Heroes","33120","8100","127","2","31","0","0","4.09","Star Wars The Clone Wars: Republic Heroes"
"Golden Axe III","10535","Golden Axe III","33120","10080","61","2","46","0","0","3.29","Golden Axe III"
"Naked Brothers Band","10536","Naked Brothers Band","33120","600","161","1","1","0","0","55.2","Naked Brothers Band"
"Kings","10537","Kings","33120","720","532","1","7","0","0","46","Kings"
"The Interactive Adventures of Dog Mendonça & Pizzaboy","10538","The Interactive Adventures of Dog Mendonça & Pizzaboy","33120","7200","46","1","24","0","0","4.6","The Interactive Adventures of Dog Mendonça & Pizzaboy"
"8BitBoy","10539","8BitBoy","33120","10680","42","2","58","0","0","3.1","8BitBoy"
"UEFA Euro 2008","10540","UEFA Euro 2008","33120","180","548","1","1","0","0","184","UEFA Euro 2008"
"Cuban Missile Crisis: The Aftermath","10541","Cuban Missile Crisis: The Aftermath","33060","240","545","1","0","0","0","137.75","Cuban Missile Crisis: The Aftermath"
"Dragon Quest Characters: Torneko no Daibouken 3 - Fushigi no Dungeon","10542","Dragon Quest Characters: Torneko no Daibouken 3 - Fushigi no Dungeon","33060","2640","86","1","5","0","0","12.52","Dragon Quest Characters: Torneko no Daibouken 3 - Fushigi no Dungeon"
"Beethoven: The Ultimate Canine Caper","10543","Beethoven: The Ultimate Canine Caper","33060","4800","239","8","21","0","0","6.89","Beethoven: The Ultimate Canine Caper"
"A World of Keflings","10544","A World of Keflings","33060","13860","80","2","49","0","0","2.39","A World of Keflings"
"Frets on Fire","10545","Frets on Fire","33000","16560","26","2","68","0","0","1.99","Frets on Fire"
"Freedom Fighters","10546","Freedom Fighters","33000","15360","49","2","46","0","0","2.15","Freedom Fighters"
"Disney Magical World","10547","Disney Magical World","33000","2340","99","1","11","0","0","14.1","Disney Magical World"
"Speedy Gonzales in Los Gatos Bandidos","10548","Speedy Gonzales in Los Gatos Bandidos","33000","2160","377","3","14","0","0","15.28","Speedy Gonzales in Los Gatos Bandidos"
"Touhou Puppet Dance Performance","10549","Touhou Puppet Dance Performance","33000","16620","38","2","33","0","0","1.99","Touhou Puppet Dance Performance"
"Gamers Unknown Survival","10550","Gamers Unknown Survival","32940","1320","388","1","8","0","0","24.95","Gamers Unknown Survival"
"Mystery Case Files: 13th Skull","10551","Mystery Case Files: 13th Skull","32940","960","96","1","6","0","0","34.31","Mystery Case Files: 13th Skull"
"My Little Pony: Pinkie Pie's Party","10552","My Little Pony: Pinkie Pie's Party","32940","8760","65","2","33","0","0","3.76","My Little Pony: Pinkie Pie's Party"
"South Park Rally","10553","South Park Rally","32880","14100","155","2","26","0","0","2.33","South Park Rally"
"BlackThorne","10554","BlackThorne","32880","9540","43","2","42","0","0","3.45","BlackThorne"
"Card Monsters","10555","Card Monsters","32880","13740","13","2","31","0","0","2.39","Card Monsters"
"An American Tail: Fievel Goes West","10556","An American Tail: Fievel Goes West","32880","1860","137","1","5","0","0","17.68","An American Tail: Fievel Goes West"
"Street Smart","10557","Street Smart","32880","360","268","2","4","0","0","91.33","Street Smart"
"Shadow of the Beast 3: Out of the Shadow","10558","Shadow of the Beast 3: Out of the Shadow","32880","840","94","1","1","0","0","39.14","Shadow of the Beast 3: Out of the Shadow"
"Lovely Planet Arcade","10559","Lovely Planet Arcade","32820","3240","242","2","17","0","0","10.13","Lovely Planet Arcade"
"Titans of Steel: Warring Suns","10560","Titans of Steel: Warring Suns","32820","1320","50","1","2","0","0","24.86","Titans of Steel: Warring Suns"
"Spirou","10561","Spirou","32820","2100","45","2","7","0","0","15.63","Spirou"
"Phix: The Adventure","10562","Phix: The Adventure","32820","120","402","2","2","0","0","273.5","Phix: The Adventure"
"Call of Duty: Modern Warfare Reflex Edition","10563","Call of Duty: Modern Warfare Reflex Edition","32820","8520","57","2","52","0","0","3.85","Call of Duty: Modern Warfare Reflex Edition"
"Champions of Norrath","10564","Champions of Norrath","32820","15900","11","2","42","0","0","2.06","Champions of Norrath"
"Half-Minute Hero","10565","Half-Minute Hero","32760","5340","100","1","21","0","0","6.13","Half-Minute Hero"
"Mortal Kombat Arcade Kollection","10566","Mortal Kombat Arcade Kollection","32760","12840","15","2","59","0","0","2.55","Mortal Kombat Arcade Kollection"
"The War in Heaven","10567","The War in Heaven","32760","420","89","1","1","0","0","78","The War in Heaven"
"Portopia Renzoku Satsujin Jiken","10568","Portopia Renzoku Satsujin Jiken","32760","360","226","1","1","0","0","91","Portopia Renzoku Satsujin Jiken"
"Dance of Death","10569","Dance of Death","32700","1320","148","1","6","0","0","24.77","Dance of Death"
"Prime Time","10570","Prime Time","32700","19620","8","1","2","0","0","1.67","Prime Time"
"Duke Nukem: Land of the Babes","10571","Duke Nukem: Land of the Babes","32700","8340","81","1","4","0","0","3.92","Duke Nukem: Land of the Babes"
"Shadow Dancer: The Secret of Shinobi","10572","Shadow Dancer: The Secret of Shinobi","32700","9000","141","2","31","0","0","3.63","Shadow Dancer: The Secret of Shinobi"
"Metroid Prime Pinball","10573","Metroid Prime Pinball","32700","4500","44","1","18","0","0","7.27","Metroid Prime Pinball"
"Gobliiins","10574","Gobliiins","32700","4920","39","1","14","0","0","6.65","Gobliiins"
"Taiko no Tatsujin Wii: Do Don to 2 Daime!","10575","Taiko no Tatsujin Wii: Do Don to 2 Daime!","32700","1020","187","1","7","0","0","32.06","Taiko no Tatsujin Wii: Do Don to 2 Daime!"
"Kabuki Klash","10576","Kabuki Klash","32700","360","285","1","3","0","0","90.83","Kabuki Klash"
"Grimoire","10577","Grimoire","32640","1920","144","1","2","0","0","17","Grimoire"
"OutRun","10578","OutRun","32640","6600","144","2","26","0","0","4.95","OutRun"
"Epic Manager","10579","Epic Manager","32640","5880","25","2","15","0","0","5.55","Epic Manager"
"Tales of Cosmos","10580","Tales of Cosmos","32640","2400","192","1","5","0","0","13.6","Tales of Cosmos"
"Suspended","10581","Suspended","32640","1020","54","1","0","0","0","32","Suspended"
"Cyber Spin","10582","Cyber Spin","32580","120","289","1","1","0","0","271.5","Cyber Spin"
"Incredipede","10583","Incredipede","32580","14760","56","1","4","0","0","2.21","Incredipede"
"Bio Menace","10584","Bio Menace","32580","3900","85","2","20","0","0","8.35","Bio Menace"
"LEGO Racers 2","10585","LEGO Racers 2","32580","3660","237","1","20","0","0","8.9","LEGO Racers 2"
"Mstar Online","10586","Mstar Online","32580","16980","109","2","50","0","0","1.92","Mstar Online"
"Professor Layton and the Miracle Mask","10587","Professor Layton and the Miracle Mask","32580","8520","15","2","17","0","0","3.82","Professor Layton and the Miracle Mask"
"Quake III: Team Arena","10588","Quake III: Team Arena","32520","5220","159","1","16","0","0","6.23","Quake III: Team Arena"
"Psycho-Pass: Mandatory Happiness","10589","Psycho-Pass: Mandatory Happiness","32520","11040","28","2","48","0","0","2.95","Psycho-Pass: Mandatory Happiness"
"Toki Tori 2","10590","Toki Tori 2","32520","10200","105","2","28","0","0","3.19","Toki Tori 2"
"Warhammer 40,000: Kill Team","10591","Warhammer 40,000: Kill Team","32520","4620","205","1","21","0","0","7.04","Warhammer 40,000: Kill Team"
"Covert Ops: Nuclear Dawn","10592","Covert Ops: Nuclear Dawn","32520","4260","51","1","11","0","0","7.63","Covert Ops: Nuclear Dawn"
"Killzone","10593","Killzone","32520","7920","101","3","164","0","0","4.11","Killzone"
"Frogger 2: Swampy's Revenge","10594","Frogger 2: Swampy's Revenge","32520","6300","78","2","13","0","0","5.16","Frogger 2: Swampy's Revenge"
"Hannah Montana: Spotlight World Tour","10595","Hannah Montana: Spotlight World Tour","32520","480","271","1","4","0","0","67.75","Hannah Montana: Spotlight World Tour"
"Xuanyuan Jian 2 Waizhuan: Feng zhi Wu","10596","Xuanyuan Jian 2 Waizhuan: Feng zhi Wu","32460","1260","48","1","1","0","0","25.76","Xuanyuan Jian 2 Waizhuan: Feng zhi Wu"
"The Operational Art of War III","10597","The Operational Art of War III","32460","1080","74","1","2","0","0","30.06","The Operational Art of War III"
"DoDonPachi Saidaioujou","10598","DoDonPachi Saidaioujou","32460","8100","28","2","17","0","0","4.01","DoDonPachi Saidaioujou"
"Panzer Corps","10599","Panzer Corps","32460","8280","42","1","22","0","0","3.92","Panzer Corps"
"Crazy Frog Racer","10600","Crazy Frog Racer","32460","1200","508","1","5","0","0","27.05","Crazy Frog Racer"