"","","Game","Watch time","Stream time","Peak viewers","Peak channels","Streamers","Average viewers","Average channels","Average viewer ratio",""
"Initial D Arcade Stage","9701","Initial D Arcade Stage","44820","6780","176","1","25","0","0","6.61","Initial D Arcade Stage"
"Deadly Duck","9702","Deadly Duck","44820","8520","35","1","3","0","0","5.26","Deadly Duck"
"Kitten Squad","9703","Kitten Squad","44820","52740","25","2","308","0","0","0.85","Kitten Squad"
"Ape Escape: On the Loose","9704","Ape Escape: On the Loose","44760","5760","383","2","22","0","0","7.77","Ape Escape: On the Loose"
"Nintendoji.","9705","Nintendoji.","44760","780","860","2","7","0","0","57.38","Nintendoji."
"Crossy Road","9706","Crossy Road","44760","7260","168","1","44","0","0","6.17","Crossy Road"
"The Oregon Trail: 3rd Edition","9707","The Oregon Trail: 3rd Edition","44760","180","263","1","1","0","0","248.67","The Oregon Trail: 3rd Edition"
"Only If","9708","Only If","44700","12780","28","2","78","0","0","3.5","Only If"
"Shan Gui","9709","Shan Gui","44700","840","177","1","6","0","0","53.21","Shan Gui"
"Super Baseball 2020","9710","Super Baseball 2020","44700","3480","196","1","18","0","0","12.84","Super Baseball 2020"
"Depths of Peril","9711","Depths of Peril","44640","1140","249","1","5","0","0","39.16","Depths of Peril"
"Sesame Street Sports","9712","Sesame Street Sports","44640","420","1189","2","5","0","0","106.29","Sesame Street Sports"
"Subject A-119","9713","Subject A-119","44580","660","328","1","5","0","0","67.55","Subject A-119"
"Mega Man Soccer","9714","Mega Man Soccer","44580","3300","160","2","18","0","0","13.51","Mega Man Soccer"
"Space Football: One on One","9715","Space Football: One on One","44580","12420","20","2","4","0","0","3.59","Space Football: One on One"
"Pink Sweets ~Ibara Sorekara~","9716","Pink Sweets ~Ibara Sorekara~","44520","2580","46","1","2","0","0","17.26","Pink Sweets ~Ibara Sorekara~"
"Chex Quest 2","9717","Chex Quest 2","44520","840","378","1","6","0","0","53","Chex Quest 2"
"The Suffering:  Ties That Bind","9718","The Suffering:  Ties That Bind","44520","7680","75","2","19","0","0","5.8","The Suffering:  Ties That Bind"
"James Cameron's Dark Angel","9719","James Cameron's Dark Angel","44520","180","405","1","2","0","0","247.33","James Cameron's Dark Angel"
"Universal Paperclips","9720","Universal Paperclips","44460","10620","35","2","15","0","0","4.19","Universal Paperclips"
"Tears to Tiara","9721","Tears to Tiara","44460","6120","25","1","3","0","0","7.26","Tears to Tiara"
"Circa Infinity","9722","Circa Infinity","44400","6180","220","2","35","0","0","7.18","Circa Infinity"
"The Bugs Bunny Crazy Castle","9723","The Bugs Bunny Crazy Castle","44400","2400","324","2","10","0","0","18.5","The Bugs Bunny Crazy Castle"
"Animaniacs","9724","Animaniacs","44400","8940","79","3","40","0","0","4.97","Animaniacs"
"Casino Inc: The Management","9725","Casino Inc: The Management","44400","420","219","1","2","0","0","105.71","Casino Inc: The Management"
"Wheel of Fortune: New Third Edition","9726","Wheel of Fortune: New Third Edition","44400","240","793","1","3","0","0","185","Wheel of Fortune: New Third Edition"
"Rise of the Argonauts","9727","Rise of the Argonauts","44400","6180","97","2","23","0","0","7.18","Rise of the Argonauts"
"Tales of the Rays","9728","Tales of the Rays","44400","23760","20","2","59","0","0","1.87","Tales of the Rays"
"Daily Chthonicle","9729","Daily Chthonicle","44340","1620","285","1","6","0","0","27.37","Daily Chthonicle"
"Miner Wars 2081","9730","Miner Wars 2081","44340","2100","112","1","7","0","0","21.11","Miner Wars 2081"
"Soul of the Samurai","9731","Soul of the Samurai","44280","5040","43","1","15","0","0","8.79","Soul of the Samurai"
"Ashes Cricket 2013","9732","Ashes Cricket 2013","44280","1140","215","2","6","0","0","38.84","Ashes Cricket 2013"
"FIFA Manager 08","9733","FIFA Manager 08","44280","16620","528","1","2","0","0","2.66","FIFA Manager 08"
"Aliens Versus Predator 2: Primal Hunt","9734","Aliens Versus Predator 2: Primal Hunt","44220","1200","92","1","1","0","0","36.85","Aliens Versus Predator 2: Primal Hunt"
"Castle of Dr. Brain","9735","Castle of Dr. Brain","44220","1920","82","1","3","0","0","23.03","Castle of Dr. Brain"
"Millipede","9736","Millipede","44220","8700","66","1","7","0","0","5.08","Millipede"
"Assassin's Creed III: Liberation","9737","Assassin's Creed III: Liberation","44220","19860","40","2","62","0","0","2.23","Assassin's Creed III: Liberation"
"Stronghold Kingdoms","9738","Stronghold Kingdoms","44160","17400","14","2","46","0","0","2.54","Stronghold Kingdoms"
"Zuma","9739","Zuma","44160","16020","393","2","81","0","0","2.76","Zuma"
"Behind You!!","9740","Behind You!!","44160","600","285","1","3","0","0","73.6","Behind You!!"
"Knights of Honor","9741","Knights of Honor","44100","12000","75","2","35","0","0","3.68","Knights of Honor"
"Donkey Kong 3","9742","Donkey Kong 3","44100","6000","424","1","19","0","0","7.35","Donkey Kong 3"
"Shadow Era","9743","Shadow Era","44040","12060","44","3","12","0","0","3.65","Shadow Era"
"Blood Bowl: Chaos Edition","9744","Blood Bowl: Chaos Edition","44040","20100","20","2","65","0","0","2.19","Blood Bowl: Chaos Edition"
"Hot Tin Roof: The Cat that Wore a Fedora","9745","Hot Tin Roof: The Cat that Wore a Fedora","44040","5460","180","1","32","0","0","8.07","Hot Tin Roof: The Cat that Wore a Fedora"
"Blade Arcus from Shining","9746","Blade Arcus from Shining","44040","10920","31","2","28","0","0","4.03","Blade Arcus from Shining"
"123 Slaughter Me Street 2","9747","123 Slaughter Me Street 2","44040","3420","108","1","20","0","0","12.88","123 Slaughter Me Street 2"
"Police Quest 2: The Vengeance","9748","Police Quest 2: The Vengeance","43980","2460","59","1","7","0","0","17.88","Police Quest 2: The Vengeance"
"I-Ninja","9749","I-Ninja","43980","18960","20","3","54","0","0","2.32","I-Ninja"
"Sam & Max Episode 205: What's New, Beelzebub?","9750","Sam & Max Episode 205: What's New, Beelzebub?","43920","3780","87","1","16","0","0","11.62","Sam & Max Episode 205: What's New, Beelzebub?"
"Dragon Ball Z: Super Saiya Densetsu","9751","Dragon Ball Z: Super Saiya Densetsu","43920","7800","58","1","17","0","0","5.63","Dragon Ball Z: Super Saiya Densetsu"
"Othello","9752","Othello","43920","4320","253","1","12","0","0","10.17","Othello"
"Imperialism","9753","Imperialism","43920","900","321","1","3","0","0","48.8","Imperialism"
"Runestone Keeper","9754","Runestone Keeper","43860","11280","126","2","52","0","0","3.89","Runestone Keeper"
"Rhapsody: A Musical Adventure","9755","Rhapsody: A Musical Adventure","43860","10320","25","1","20","0","0","4.25","Rhapsody: A Musical Adventure"
"Casino Slot Machine!","9756","Casino Slot Machine!","43800","39240","192","3","55","0","0","1.12","Casino Slot Machine!"
"Firefighters 2014: The Simulation Game","9757","Firefighters 2014: The Simulation Game","43800","3060","206","1","17","0","0","14.31","Firefighters 2014: The Simulation Game"
"Super Fancy Pants Adventure","9758","Super Fancy Pants Adventure","43800","12240","55","2","38","0","0","3.58","Super Fancy Pants Adventure"
"Bannerman","9759","Bannerman","43680","3360","51","1","12","0","0","13","Bannerman"
"Umineko no Naku Koro ni Episode 1: Legend of the Golden Witch","9760","Umineko no Naku Koro ni Episode 1: Legend of the Golden Witch","43680","19020","20","2","28","0","0","2.3","Umineko no Naku Koro ni Episode 1: Legend of the Golden Witch"
"FIFA International Soccer","9761","FIFA International Soccer","43680","780","387","1","8","0","0","56","FIFA International Soccer"
"Super Robot Wars K","9762","Super Robot Wars K","43680","3840","37","1","2","0","0","11.38","Super Robot Wars K"
"Hack n' Slash","9763","Hack n' Slash","43680","5820","76","1","29","0","0","7.51","Hack n' Slash"
"Eon Altar","9764","Eon Altar","43620","9300","39","2","44","0","0","4.69","Eon Altar"
"Vikings","9765","Vikings","43620","4260","203","1","26","0","0","10.24","Vikings"
"Atari Vault","9766","Atari Vault","43620","10620","86","2","47","0","0","4.11","Atari Vault"
"Die Drei Fragezeichen: Rätsel aus der Geisterwelt","9767","Die Drei Fragezeichen: Rätsel aus der Geisterwelt","43620","1740","53","1","3","0","0","25.07","Die Drei Fragezeichen: Rätsel aus der Geisterwelt"
"Guardian","9768","Guardian","43560","840","487","1","3","0","0","51.86","Guardian"
"Words With Friends","9769","Words With Friends","43560","3300","564","1","18","0","0","13.2","Words With Friends"
"Twisted Metal: Black","9770","Twisted Metal: Black","43560","12420","268","2","186","0","0","3.51","Twisted Metal: Black"
"The Last Federation","9771","The Last Federation","43560","3420","282","1","11","0","0","12.74","The Last Federation"
"Red Faction II","9772","Red Faction II","43560","25920","169","2","73","0","0","1.68","Red Faction II"
"Men of War: Assault Squad","9773","Men of War: Assault Squad","43560","12660","186","3","52","0","0","3.44","Men of War: Assault Squad"
"Wing Commander","9774","Wing Commander","43500","9000","81","2","23","0","0","4.83","Wing Commander"
"Magrunner: Dark Pulse","9775","Magrunner: Dark Pulse","43500","12600","43","1","27","0","0","3.45","Magrunner: Dark Pulse"
"Super Slam Dunk Touchdown","9776","Super Slam Dunk Touchdown","43500","900","719","1","7","0","0","48.33","Super Slam Dunk Touchdown"
"Armor Blitz","9777","Armor Blitz","43500","1080","125","1","4","0","0","40.28","Armor Blitz"
"FreezeME","9778","FreezeME","43500","8880","53","2","33","0","0","4.9","FreezeME"
"Just Ignore Them","9779","Just Ignore Them","43500","4500","169","2","17","0","0","9.67","Just Ignore Them"
"Pako 2","9780","Pako 2","43500","6480","77","2","17","0","0","6.71","Pako 2"
"Elven Assassin","9781","Elven Assassin","43500","2460","706","2","19","0","0","17.68","Elven Assassin"
"The Automatician","9782","The Automatician","43440","300","303","1","2","0","0","144.8","The Automatician"
"Utopia","9783","Utopia","43440","1020","164","1","5","0","0","42.59","Utopia"
"Grepolis","9784","Grepolis","43440","7680","119","2","26","0","0","5.66","Grepolis"
"Cyber Troopers Virtual-On: Oratorio Tangram","9785","Cyber Troopers Virtual-On: Oratorio Tangram","43440","12120","52","2","17","0","0","3.58","Cyber Troopers Virtual-On: Oratorio Tangram"
"NCIS","9786","NCIS","43440","2220","159","1","6","0","0","19.57","NCIS"
"50 Cent: Blood on the Sand","9787","50 Cent: Blood on the Sand","43440","4980","106","1","16","0","0","8.72","50 Cent: Blood on the Sand"
"Tom Clancy's Rainbow Six 3: Raven Shield","9788","Tom Clancy's Rainbow Six 3: Raven Shield","43380","19860","77","2","43","0","0","2.18","Tom Clancy's Rainbow Six 3: Raven Shield"
"Super Robot Wars W","9789","Super Robot Wars W","43380","8100","34","1","4","0","0","5.36","Super Robot Wars W"
"Harvey Birdman: Attorney at Law","9790","Harvey Birdman: Attorney at Law","43320","3360","173","1","15","0","0","12.89","Harvey Birdman: Attorney at Law"
"Werewolf: The Last Warrior","9791","Werewolf: The Last Warrior","43320","5160","75","1","14","0","0","8.4","Werewolf: The Last Warrior"
"Road Not Taken","9792","Road Not Taken","43320","8760","145","1","44","0","0","4.95","Road Not Taken"
"Melty Blood: Actress Again","9793","Melty Blood: Actress Again","43320","9060","111","2","56","0","0","4.78","Melty Blood: Actress Again"
"Vantage Master","9794","Vantage Master","43320","5880","52","2","14","0","0","7.37","Vantage Master"
"Shark Dating Simulator XL","9795","Shark Dating Simulator XL","43320","3060","313","2","14","0","0","14.16","Shark Dating Simulator XL"
"Nancy Drew: Treasure in the Royal Tower","9796","Nancy Drew: Treasure in the Royal Tower","43260","6780","85","2","18","0","0","6.38","Nancy Drew: Treasure in the Royal Tower"
"Puyo Puyo Box","9797","Puyo Puyo Box","43260","2520","39","1","2","0","0","17.17","Puyo Puyo Box"
"Heart of China","9798","Heart of China","43200","420","175","1","2","0","0","102.86","Heart of China"
"Eternal Fighter Zero","9799","Eternal Fighter Zero","43200","10980","40","1","18","0","0","3.93","Eternal Fighter Zero"
"Indiana Jones and The Last Crusade: The Graphic Adventure","9800","Indiana Jones and The Last Crusade: The Graphic Adventure","43200","6480","290","1","21","0","0","6.67","Indiana Jones and The Last Crusade: The Graphic Adventure"