"","","Game","Watch time","Stream time","Peak viewers","Peak channels","Streamers","Average viewers","Average channels","Average viewer ratio",""
"Alien On The Run","6201","Alien On The Run","194280","240","1649","1","1","0","0","809.5","Alien On The Run"
"Freddi Fish and the Case of the Missing Kelp Seeds","6202","Freddi Fish and the Case of the Missing Kelp Seeds","194160","9900","743","1","68","0","0","19.61","Freddi Fish and the Case of the Missing Kelp Seeds"
"Crime Patrol","6203","Crime Patrol","194160","540","2347","1","4","0","0","359.56","Crime Patrol"
"The Sims 3: World Adventures","6204","The Sims 3: World Adventures","193980","2820","517","1","9","0","0","68.79","The Sims 3: World Adventures"
"Fantasy Life","6205","Fantasy Life","193920","21360","91","3","45","0","0","9.08","Fantasy Life"
"Recursed","6206","Recursed","193740","20340","119","2","27","0","0","9.53","Recursed"
"Hello Kitty: Happy Party Pals","6207","Hello Kitty: Happy Party Pals","193680","4080","1626","2","12","0","0","47.47","Hello Kitty: Happy Party Pals"
"Marvin's Mittens","6208","Marvin's Mittens","193560","3240","665","2","3","0","0","59.74","Marvin's Mittens"
"Snow Horse","6209","Snow Horse","193560","660","1583","1","9","0","0","293.27","Snow Horse"
"Mega Man: Dr. Wily's Revenge","6210","Mega Man: Dr. Wily's Revenge","193440","30720","184","3","44","0","0","6.3","Mega Man: Dr. Wily's Revenge"
"Linea, the Game","6211","Linea, the Game","193200","2100","3172","1","17","0","0","92","Linea, the Game"
"Bubble Ghost","6212","Bubble Ghost","193080","2220","2035","3","12","0","0","86.97","Bubble Ghost"
"Tanzia","6213","Tanzia","192960","13080","438","2","60","0","0","14.75","Tanzia"
"Grim Legends: The Forsaken Bride","6214","Grim Legends: The Forsaken Bride","192900","33900","203","2","82","0","0","5.69","Grim Legends: The Forsaken Bride"
"Merry Gear Sol!d: Secret Santa","6215","Merry Gear Sol!d: Secret Santa","192840","2040","701","2","2","0","0","94.53","Merry Gear Sol!d: Secret Santa"
"Croc 2","6216","Croc 2","192840","25560","1898","2","60","0","0","7.54","Croc 2"
"Star Wars: Rogue Squadron II: Rogue Leader","6217","Star Wars: Rogue Squadron II: Rogue Leader","192660","23760","447","2","83","0","0","8.11","Star Wars: Rogue Squadron II: Rogue Leader"
"Twisted Arrow","6218","Twisted Arrow","192480","1080","1220","2","6","0","0","178.22","Twisted Arrow"
"Reel Fishing III","6219","Reel Fishing III","192420","2820","2054","1","4","0","0","68.23","Reel Fishing III"
"V.I.P.","6220","V.I.P.","192360","1560","1282","1","10","0","0","123.31","V.I.P."
"My Twin Brother Made Me Crossdress As Him and Now I Have to Deal with a Geeky Stalker and a Domme Beauty Who Want Me in a Bind!!","6221","My Twin Brother Made Me Crossdress As Him and Now I Have to Deal with a Geeky Stalker and a Domme Beauty Who Want Me in a Bind!!","192180","4200","315","1","5","0","0","45.76","My Twin Brother Made Me Crossdress As Him and Now I Have to Deal with a Geeky Stalker and a Domme Beauty Who Want Me in a Bind!!"
"Storyteller","6222","Storyteller","192120","4260","1231","1","13","0","0","45.1","Storyteller"
"Final Fight 3","6223","Final Fight 3","191820","9240","1576","2","45","0","0","20.76","Final Fight 3"
"Samurai Jack: The Amulet of Time","6224","Samurai Jack: The Amulet of Time","191760","960","1711","1","5","0","0","199.75","Samurai Jack: The Amulet of Time"
"Witchaven","6225","Witchaven","191760","2340","146","1","2","0","0","81.95","Witchaven"
"Xin Jianxia Qingyuan","6226","Xin Jianxia Qingyuan","191700","1620","268","2","2","0","0","118.33","Xin Jianxia Qingyuan"
"Impossible Quest","6227","Impossible Quest","191700","1560","550","1","8","0","0","122.88","Impossible Quest"
"Franchise Hockey Manager 4","6228","Franchise Hockey Manager 4","191700","10440","53","2","9","0","0","18.36","Franchise Hockey Manager 4"
"SolForge","6229","SolForge","191640","44820","677","3","46","0","0","4.28","SolForge"
"DubWars","6230","DubWars","191460","34260","423","9","266","0","0","5.59","DubWars"
"Bangai-O!","6231","Bangai-O!","191460","2940","1578","1","6","0","0","65.12","Bangai-O!"
"Aliens","6232","Aliens","191340","1560","1150","1","9","0","0","122.65","Aliens"
"Spy vs Spy","6233","Spy vs Spy","191280","2640","1614","2","13","0","0","72.45","Spy vs Spy"
"Bomsy","6234","Bomsy","191100","660","3117","4","6","0","0","289.55","Bomsy"
"Yoshi's Safari","6235","Yoshi's Safari","191040","1560","1587","1","9","0","0","122.46","Yoshi's Safari"
"Betrayal in Antara","6236","Betrayal in Antara","190920","4920","107","1","3","0","0","38.8","Betrayal in Antara"
"Tokimeki Memorial 4","6237","Tokimeki Memorial 4","190560","2400","174","1","3","0","0","79.4","Tokimeki Memorial 4"
"Dimension Drive","6238","Dimension Drive","190560","13200","256","8","30","0","0","14.44","Dimension Drive"
"Dead in Bermuda","6239","Dead in Bermuda","190500","39600","370","5","216","0","0","4.81","Dead in Bermuda"
"Duck Dynasty","6240","Duck Dynasty","190380","16020","322","2","79","0","0","11.88","Duck Dynasty"
"AAAHH!!! Real Monsters","6241","AAAHH!!! Real Monsters","190320","3240","1410","2","22","0","0","58.74","AAAHH!!! Real Monsters"
"The London Heist","6242","The London Heist","190200","780","3586","2","7","0","0","243.85","The London Heist"
"The Settlers II: 10th Anniversary","6243","The Settlers II: 10th Anniversary","190140","23640","217","2","47","0","0","8.04","The Settlers II: 10th Anniversary"
"Avalon","6244","Avalon","190140","2040","745","2","7","0","0","93.21","Avalon"
"Castlevania Chronicles","6245","Castlevania Chronicles","190140","31380","161","5","69","0","0","6.06","Castlevania Chronicles"
"Bombernauts","6246","Bombernauts","190080","1860","2622","4","7","0","0","102.19","Bombernauts"
"American McGee's Grimm","6247","American McGee's Grimm","189720","9480","396","1","23","0","0","20.01","American McGee's Grimm"
"Need for Speed World","6248","Need for Speed World","189720","54000","397","3","179","0","0","3.51","Need for Speed World"
"7.62mm","6249","7.62mm","189660","5160","498","1","5","0","0","36.76","7.62mm"
"Fisherman's Bait: A Bass Challenge","6250","Fisherman's Bait: A Bass Challenge","189480","240","1907","1","2","0","0","789.5","Fisherman's Bait: A Bass Challenge"
"Freddi Fish 4: The Case of the Hogfish Rustlers of Briny Gulch","6251","Freddi Fish 4: The Case of the Hogfish Rustlers of Briny Gulch","189420","7680","1606","1","20","0","0","24.66","Freddi Fish 4: The Case of the Hogfish Rustlers of Briny Gulch"
"Super Bomberman 2","6252","Super Bomberman 2","189360","15420","480","2","62","0","0","12.28","Super Bomberman 2"
"Football Manager 2016","6253","Football Manager 2016","189360","95640","72","4","304","0","0","1.98","Football Manager 2016"
"Unison League","6254","Unison League","189360","70800","30","3","79","0","0","2.67","Unison League"
"Out of This World","6255","Out of This World","189300","36780","1285","2","177","0","0","5.15","Out of This World"
"Divine Divinity","6256","Divine Divinity","189240","52260","151","4","94","0","0","3.62","Divine Divinity"
"World of Illusion starring Mickey Mouse and Donald Duck","6257","World of Illusion starring Mickey Mouse and Donald Duck","189180","16500","1123","6","84","0","0","11.47","World of Illusion starring Mickey Mouse and Donald Duck"
"Digger","6258","Digger","189060","2460","1017","1","17","0","0","76.85","Digger"
"Aquaria","6259","Aquaria","188940","34860","110","3","66","0","0","5.42","Aquaria"
"Sintel: The Game","6260","Sintel: The Game","188880","600","1443","1","0","0","0","314.8","Sintel: The Game"
"Unreal II: The Awakening","6261","Unreal II: The Awakening","188760","13920","413","2","37","0","0","13.56","Unreal II: The Awakening"
"Altered Beast","6262","Altered Beast","188700","24180","434","2","115","0","0","7.8","Altered Beast"
"Teenage Mutant Ninja Turtles: Turtles in Time Re-Shelled","6263","Teenage Mutant Ninja Turtles: Turtles in Time Re-Shelled","188520","10380","462","2","83","0","0","18.16","Teenage Mutant Ninja Turtles: Turtles in Time Re-Shelled"
"Moonlighter","6264","Moonlighter","188520","8160","223","2","38","0","0","23.1","Moonlighter"
"Inversus","6265","Inversus","188400","9480","1479","2","50","0","0","19.87","Inversus"
"Karaoke Joysound","6266","Karaoke Joysound","188280","13680","364","3","14","0","0","13.76","Karaoke Joysound"
"THE iDOLM@STER: One For All","6267","THE iDOLM@STER: One For All","188160","18900","82","2","15","0","0","9.96","THE iDOLM@STER: One For All"
"Ski Region Simulator 2012","6268","Ski Region Simulator 2012","188160","5220","402","1","20","0","0","36.05","Ski Region Simulator 2012"
"Leviathan: The Last Day of the Decade","6269","Leviathan: The Last Day of the Decade","188040","16080","273","2","35","0","0","11.69","Leviathan: The Last Day of the Decade"
"Alliance: Heroes of the Spire","6270","Alliance: Heroes of the Spire","187980","20700","76","4","24","0","0","9.08","Alliance: Heroes of the Spire"
"Phantasy Star III: Generations of Doom","6271","Phantasy Star III: Generations of Doom","187920","28080","210","2","27","0","0","6.69","Phantasy Star III: Generations of Doom"
"High Seas Havoc","6272","High Seas Havoc","187800","4560","510","3","11","0","0","41.18","High Seas Havoc"
"Star Wars: Episode I - The Phantom Menace","6273","Star Wars: Episode I - The Phantom Menace","187800","10680","311","3","33","0","0","17.58","Star Wars: Episode I - The Phantom Menace"
"Manchester United","6274","Manchester United","187800","1920","1088","1","3","0","0","97.81","Manchester United"
"Castlevania II: Belmont's Revenge","6275","Castlevania II: Belmont's Revenge","187740","13140","209","2","33","0","0","14.29","Castlevania II: Belmont's Revenge"
"Be Quiet!","6276","Be Quiet!","187680","600","3209","1","6","0","0","312.8","Be Quiet!"
"The Golden Compass","6277","The Golden Compass","187620","900","437","1","3","0","0","208.47","The Golden Compass"
"Null Battles","6278","Null Battles","187560","16800","347","2","13","0","0","11.16","Null Battles"
"Medieval Kingdom Wars","6279","Medieval Kingdom Wars","187560","7440","2549","2","35","0","0","25.21","Medieval Kingdom Wars"
"Stealth","6280","Stealth","187440","420","1692","1","2","0","0","446.29","Stealth"
"The Climb","6281","The Climb","187320","15840","1231","3","84","0","0","11.83","The Climb"
"Draft Day Sports: Pro Football 2016","6282","Draft Day Sports: Pro Football 2016","187260","13380","43","2","8","0","0","14","Draft Day Sports: Pro Football 2016"
"Original War","6283","Original War","187200","28740","184","3","49","0","0","6.51","Original War"
"Wrestling Revolution","6284","Wrestling Revolution","187020","11400","779","3","41","0","0","16.41","Wrestling Revolution"
"Orion: Prelude","6285","Orion: Prelude","187020","71700","383","4","360","0","0","2.61","Orion: Prelude"
"Putty Pals","6286","Putty Pals","186660","1080","2993","1","4","0","0","172.83","Putty Pals"
"Hell Yeah! Wrath of the Dead Rabbit","6287","Hell Yeah! Wrath of the Dead Rabbit","186600","46740","78","3","190","0","0","3.99","Hell Yeah! Wrath of the Dead Rabbit"
"Vidar","6288","Vidar","186420","5400","297","3","18","0","0","34.52","Vidar"
"Alien Shooter 2","6289","Alien Shooter 2","186300","18540","447","2","58","0","0","10.05","Alien Shooter 2"
"7Days","6290","7Days","186120","48120","142","3","134","0","0","3.87","7Days"
"Carpe Diem","6291","Carpe Diem","186120","2820","1533","1","22","0","0","66","Carpe Diem"
"The LEGO Movie Videogame","6292","The LEGO Movie Videogame","186000","66420","76","3","328","0","0","2.8","The LEGO Movie Videogame"
"Spanky's Quest","6293","Spanky's Quest","185880","4320","1649","2","24","0","0","43.03","Spanky's Quest"
"Raiden V","6294","Raiden V","185760","17820","1053","3","85","0","0","10.42","Raiden V"
"Cally's Caves 3","6295","Cally's Caves 3","185760","16140","761","3","47","0","0","11.51","Cally's Caves 3"
"Ultima III: Exodus","6296","Ultima III: Exodus","185700","8460","643","2","15","0","0","21.95","Ultima III: Exodus"
"Card Quest","6297","Card Quest","185640","3600","1463","1","14","0","0","51.57","Card Quest"
"Resident Evil: Survivor 2 - Code: Veronica","6298","Resident Evil: Survivor 2 - Code: Veronica","185520","7800","1073","2","24","0","0","23.78","Resident Evil: Survivor 2 - Code: Veronica"
"Omega Boost","6299","Omega Boost","185460","1500","3004","1","10","0","0","123.64","Omega Boost"
"Lonely Mountains: Downhill","6300","Lonely Mountains: Downhill","185400","2040","3117","2","9","0","0","90.88","Lonely Mountains: Downhill"