"","","Game","Watch time","Stream time","Peak viewers","Peak channels","Streamers","Average viewers","Average channels","Average viewer ratio",""
"Hydlide","7801","Hydlide","94320","2880","860","1","11","0","0","32.75","Hydlide"
"The Lord of the Rings: The Fellowship of the Ring","7802","The Lord of the Rings: The Fellowship of the Ring","94260","10680","153","2","20","0","0","8.83","The Lord of the Rings: The Fellowship of the Ring"
"Switchblade","7803","Switchblade","94260","13080","406","4","50","0","0","7.21","Switchblade"
"Trivia Crack","7804","Trivia Crack","94200","3300","851","1","12","0","0","28.55","Trivia Crack"
"Star Wars Trilogy","7805","Star Wars Trilogy","94200","13020","132","2","34","0","0","7.24","Star Wars Trilogy"
"King of Fighters R-1","7806","King of Fighters R-1","94200","13560","576","2","70","0","0","6.95","King of Fighters R-1"
"Infested Planet","7807","Infested Planet","94140","25980","76","2","111","0","0","3.62","Infested Planet"
"Ultimate Arena","7808","Ultimate Arena","94140","14820","88","2","71","0","0","6.35","Ultimate Arena"
"Puzzled","7809","Puzzled","94080","900","574","1","6","0","0","104.53","Puzzled"
"Checkers","7810","Checkers","94020","6300","470","1","38","0","0","14.92","Checkers"
"Command: Modern Air / Naval Operations","7811","Command: Modern Air / Naval Operations","94020","28320","38","2","28","0","0","3.32","Command: Modern Air / Naval Operations"
"Boktai: The Sun is in Your Hand","7812","Boktai: The Sun is in Your Hand","93960","16080","148","2","26","0","0","5.84","Boktai: The Sun is in Your Hand"
"WWF War Zone","7813","WWF War Zone","93960","4080","600","1","10","0","0","23.03","WWF War Zone"
"Sonic's Ultimate Genesis Collection","7814","Sonic's Ultimate Genesis Collection","93960","14820","459","2","86","0","0","6.34","Sonic's Ultimate Genesis Collection"
"Star Trek 25th Anniversary","7815","Star Trek 25th Anniversary","93900","6240","86","1","14","0","0","15.05","Star Trek 25th Anniversary"
"Mortal Kombat 3","7816","Mortal Kombat 3","93900","28140","303","3","96","0","0","3.34","Mortal Kombat 3"
"Lost Horizon","7817","Lost Horizon","93900","15840","84","2","17","0","0","5.93","Lost Horizon"
"Chinese Paladin: Sword and Fairy 6","7818","Chinese Paladin: Sword and Fairy 6","93900","4260","200","1","2","0","0","22.04","Chinese Paladin: Sword and Fairy 6"
"Guns of Boom","7819","Guns of Boom","93840","59940","193","4","242","0","0","1.57","Guns of Boom"
"Among The Innocent: A Stricken Tale","7820","Among The Innocent: A Stricken Tale","93840","1980","580","1","10","0","0","47.39","Among The Innocent: A Stricken Tale"
"JoJo's Bizarre Adventure: Phantom Blood","7821","JoJo's Bizarre Adventure: Phantom Blood","93840","2880","219","1","10","0","0","32.58","JoJo's Bizarre Adventure: Phantom Blood"
"R.U.S.E.","7822","R.U.S.E.","93840","37980","275","2","132","0","0","2.47","R.U.S.E."
"WWE SmackDown! vs. RAW 2010","7823","WWE SmackDown! vs. RAW 2010","93780","6840","183","1","19","0","0","13.71","WWE SmackDown! vs. RAW 2010"
"Abyss Odyssey","7824","Abyss Odyssey","93780","21960","127","2","89","0","0","4.27","Abyss Odyssey"
"Blood Bowl","7825","Blood Bowl","93780","25620","49","2","53","0","0","3.66","Blood Bowl"
"Mario's Early Years: Fun With Letters","7826","Mario's Early Years: Fun With Letters","93780","1020","420","1","5","0","0","91.94","Mario's Early Years: Fun With Letters"
"Ashes Cricket","7827","Ashes Cricket","93780","68100","79","7","58","0","0","1.38","Ashes Cricket"
"The Witcher Adventure Game","7828","The Witcher Adventure Game","93660","32820","60","3","115","0","0","2.85","The Witcher Adventure Game"
"Breath of Death VII","7829","Breath of Death VII","93660","11340","134","2","39","0","0","8.26","Breath of Death VII"
"Stargate","7830","Stargate","93660","3060","1311","2","12","0","0","30.61","Stargate"
"Poltergeist: A Pixelated Horror","7831","Poltergeist: A Pixelated Horror","93600","3180","845","1","18","0","0","29.43","Poltergeist: A Pixelated Horror"
"Hannah Montana: The Movie","7832","Hannah Montana: The Movie","93600","4800","413","1","13","0","0","19.5","Hannah Montana: The Movie"
"Inuyasha","7833","Inuyasha","93540","540","1522","1","3","0","0","173.22","Inuyasha"
"Neofeud","7834","Neofeud","93540","3660","171","1","7","0","0","25.56","Neofeud"
"Starblood Arena","7835","Starblood Arena","93540","20400","338","4","97","0","0","4.59","Starblood Arena"
"Shining Wisdom","7836","Shining Wisdom","93480","1560","168","1","3","0","0","59.92","Shining Wisdom"
"Sakura Clicker","7837","Sakura Clicker","93480","29040","258","2","140","0","0","3.22","Sakura Clicker"
"Murder Miners","7838","Murder Miners","93420","35400","50","3","213","0","0","2.64","Murder Miners"
"Warsow","7839","Warsow","93420","35220","50","3","78","0","0","2.65","Warsow"
"The Secret Order 3: Ancient Times","7840","The Secret Order 3: Ancient Times","93360","4140","121","2","11","0","0","22.55","The Secret Order 3: Ancient Times"
"White Knight Chronicles II","7841","White Knight Chronicles II","93300","14640","64","1","11","0","0","6.37","White Knight Chronicles II"
"QuackShot starring Donald Duck","7842","QuackShot starring Donald Duck","93240","11160","140","4","33","0","0","8.35","QuackShot starring Donald Duck"
"Asphalt 8: Airborne","7843","Asphalt 8: Airborne","93240","98220","289","4","289","0","0","0.95","Asphalt 8: Airborne"
"The Static Speaks My Name","7844","The Static Speaks My Name","93240","12960","350","2","84","0","0","7.19","The Static Speaks My Name"
"ManagerLeague","7845","ManagerLeague","93240","1080","336","1","2","0","0","86.33","ManagerLeague"
"Chocobo no Fushigina Dungeon","7846","Chocobo no Fushigina Dungeon","93120","3480","181","1","7","0","0","26.76","Chocobo no Fushigina Dungeon"
"Majesty 2: Kingmaker","7847","Majesty 2: Kingmaker","93120","3120","512","1","7","0","0","29.85","Majesty 2: Kingmaker"
"Young Merlin","7848","Young Merlin","93060","540","1549","1","4","0","0","172.33","Young Merlin"
"Okage: Shadow King","7849","Okage: Shadow King","93060","63120","63","4","132","0","0","1.47","Okage: Shadow King"
"Duck Dodgers","7850","Duck Dodgers","93060","1080","1491","1","6","0","0","86.17","Duck Dodgers"
"Street Hoop","7851","Street Hoop","93000","1380","456","1","12","0","0","67.39","Street Hoop"
"Viking: Battle for Asgard","7852","Viking: Battle for Asgard","93000","19860","69","2","54","0","0","4.68","Viking: Battle for Asgard"
"Secret Files: Tunguska","7853","Secret Files: Tunguska","92940","12300","74","2","24","0","0","7.56","Secret Files: Tunguska"
"Trapt","7854","Trapt","92880","3120","1309","1","11","0","0","29.77","Trapt"
"Save the Ninja Clan","7855","Save the Ninja Clan","92880","8520","226","2","36","0","0","10.9","Save the Ninja Clan"
"A Dump in the Dark","7856","A Dump in the Dark","92820","4380","255","1","30","0","0","21.19","A Dump in the Dark"
"Darkfall: New Dawn","7857","Darkfall: New Dawn","92820","24060","99","2","23","0","0","3.86","Darkfall: New Dawn"
"Alone in the Dark 3","7858","Alone in the Dark 3","92820","2880","106","1","4","0","0","32.23","Alone in the Dark 3"
"Digimon Rumble Arena","7859","Digimon Rumble Arena","92760","11820","145","2","43","0","0","7.85","Digimon Rumble Arena"
"Super Ping Pong Trick Shot","7860","Super Ping Pong Trick Shot","92760","720","438","1","2","0","0","128.83","Super Ping Pong Trick Shot"
"Syrian Warfare","7861","Syrian Warfare","92700","25020","117","4","79","0","0","3.71","Syrian Warfare"
"Legend of the Skyfish","7862","Legend of the Skyfish","92580","2820","724","2","14","0","0","32.83","Legend of the Skyfish"
"Paperboy","7863","Paperboy","92580","22920","74","4","60","0","0","4.04","Paperboy"
"The Legend of Heroes: Zero no Kiseki Evolution","7864","The Legend of Heroes: Zero no Kiseki Evolution","92460","24900","72","2","16","0","0","3.71","The Legend of Heroes: Zero no Kiseki Evolution"
"Ike Ike! Nekketsu Hockey-bu: Subete Koronde Dairantou","7865","Ike Ike! Nekketsu Hockey-bu: Subete Koronde Dairantou","92460","1680","475","1","6","0","0","55.04","Ike Ike! Nekketsu Hockey-bu: Subete Koronde Dairantou"
"Bomberman II","7866","Bomberman II","92460","4200","318","2","18","0","0","22.01","Bomberman II"
"World of Diving","7867","World of Diving","92400","1500","874","2","13","0","0","61.6","World of Diving"
"Rock Man","7868","Rock Man","92340","1200","786","1","11","0","0","76.95","Rock Man"
"Insidia","7869","Insidia","92220","3300","918","2","26","0","0","27.95","Insidia"
"Interstellar Transport Company","7870","Interstellar Transport Company","92100","9900","134","3","29","0","0","9.3","Interstellar Transport Company"
"PlanetSide","7871","PlanetSide","92100","20340","229","2","75","0","0","4.53","PlanetSide"
"Dune: The Battle for Arrakis","7872","Dune: The Battle for Arrakis","92040","27180","195","2","23","0","0","3.39","Dune: The Battle for Arrakis"
"Mr. Pumpkin Adventure","7873","Mr. Pumpkin Adventure","92040","4980","223","2","21","0","0","18.48","Mr. Pumpkin Adventure"
"Elmo's Number Journey","7874","Elmo's Number Journey","91980","4560","546","2","14","0","0","20.17","Elmo's Number Journey"
"Dark Law: The Meaning of Death","7875","Dark Law: The Meaning of Death","91920","1800","104","1","3","0","0","51.07","Dark Law: The Meaning of Death"
"Nintendo Fan Network","7876","Nintendo Fan Network","91920","12540","315","19","85","0","0","7.33","Nintendo Fan Network"
".hack//QUARANTINE - Part 4","7877",".hack//QUARANTINE - Part 4","91800","30060","40","2","32","0","0","3.05",".hack//QUARANTINE - Part 4"
"Super Robot Wars A Portable","7878","Super Robot Wars A Portable","91740","22620","19","2","12","0","0","4.06","Super Robot Wars A Portable"
"Police Quest: SWAT Generation","7879","Police Quest: SWAT Generation","91740","1680","748","1","10","0","0","54.61","Police Quest: SWAT Generation"
"My Hero Academia: Smash Tap","7880","My Hero Academia: Smash Tap","91740","7500","186","1","31","0","0","12.23","My Hero Academia: Smash Tap"
"Crisis in the Kremlin","7881","Crisis in the Kremlin","91680","10200","205","3","39","0","0","8.99","Crisis in the Kremlin"
"Quester","7882","Quester","91680","840","355","1","5","0","0","109.14","Quester"
"Dinosaur Hunting","7883","Dinosaur Hunting","91620","9600","335","2","50","0","0","9.54","Dinosaur Hunting"
"Super Motherload","7884","Super Motherload","91620","32100","237","3","160","0","0","2.85","Super Motherload"
"PlayStation Home","7885","PlayStation Home","91620","42900","82","3","105","0","0","2.14","PlayStation Home"
"Detached","7886","Detached","91620","1860","739","1","15","0","0","49.26","Detached"
"Cadillacs and Dinosaurs: The Second Cataclysm","7887","Cadillacs and Dinosaurs: The Second Cataclysm","91560","1140","819","1","8","0","0","80.32","Cadillacs and Dinosaurs: The Second Cataclysm"
"Puyo Puyo SUN","7888","Puyo Puyo SUN","91500","11520","85","2","33","0","0","7.94","Puyo Puyo SUN"
"Stronghold 2","7889","Stronghold 2","91440","56220","20","4","218","0","0","1.63","Stronghold 2"
"Finding Nemo","7890","Finding Nemo","91440","4980","575","1","22","0","0","18.36","Finding Nemo"
"#IDARB","7891","#IDARB","91440","81540","62","3","615","0","0","1.12","#IDARB"
"Last Alert","7892","Last Alert","91380","8280","967","2","28","0","0","11.04","Last Alert"
"Vertical Drop Heroes HD","7893","Vertical Drop Heroes HD","91380","10920","158","2","39","0","0","8.37","Vertical Drop Heroes HD"
"Armored Core 3","7894","Armored Core 3","91380","16800","90","2","27","0","0","5.44","Armored Core 3"
"Martial Arts: Capoeira","7895","Martial Arts: Capoeira","91380","360","830","1","3","0","0","253.83","Martial Arts: Capoeira"
"Mario Kart: Arcade GP DX","7896","Mario Kart: Arcade GP DX","91260","2040","136","1","2","0","0","44.74","Mario Kart: Arcade GP DX"
"Mega Man IV","7897","Mega Man IV","91260","9900","249","2","32","0","0","9.22","Mega Man IV"
"Re-Volt","7898","Re-Volt","91200","28080","337","2","55","0","0","3.25","Re-Volt"
"Guild Quest","7899","Guild Quest","91200","16680","558","3","104","0","0","5.47","Guild Quest"
"Detroit: Become Human","7900","Detroit: Become Human","91140","300","618","2","3","0","0","303.8","Detroit: Become Human"