"","","Game","Watch time","Stream time","Peak viewers","Peak channels","Streamers","Average viewers","Average channels","Average viewer ratio",""
"Street Fighter II': Champion Edition","7501","Street Fighter II': Champion Edition","106680","39840","535","2","95","0","0","2.68","Street Fighter II': Champion Edition"
"Imagine Fashion Designer","7502","Imagine Fashion Designer","106680","360","373","1","1","0","0","296.33","Imagine Fashion Designer"
"Mega Man Xtreme 2","7503","Mega Man Xtreme 2","106620","9600","413","2","23","0","0","11.11","Mega Man Xtreme 2"
"Speed","7504","Speed","106620","4800","897","1","40","0","0","22.21","Speed"
"Texas Hold 'Em Poker","7505","Texas Hold 'Em Poker","106620","36180","543","2","121","0","0","2.95","Texas Hold 'Em Poker"
"Pump It Up!","7506","Pump It Up!","106560","23340","267","2","36","0","0","4.57","Pump It Up!"
"Umineko When They Cry: Question Arcs","7507","Umineko When They Cry: Question Arcs","106560","30780","29","2","15","0","0","3.46","Umineko When They Cry: Question Arcs"
"LEGO Star Wars II: The Original Trilogy","7508","LEGO Star Wars II: The Original Trilogy","106440","51240","54","3","79","0","0","2.08","LEGO Star Wars II: The Original Trilogy"
"MotoGP 17","7509","MotoGP 17","106380","52440","182","4","361","0","0","2.03","MotoGP 17"
"Cursed Treasure 2: Hey! Heroes! Leave Us Gems Alone!","7510","Cursed Treasure 2: Hey! Heroes! Leave Us Gems Alone!","106320","3000","242","2","7","0","0","35.44","Cursed Treasure 2: Hey! Heroes! Leave Us Gems Alone!"
"Dawn of Andromeda","7511","Dawn of Andromeda","106260","6360","211","3","26","0","0","16.71","Dawn of Andromeda"
"The Revenge of Shinobi","7512","The Revenge of Shinobi","106260","14880","157","2","45","0","0","7.14","The Revenge of Shinobi"
"A Pixel Story","7513","A Pixel Story","106200","6840","162","2","18","0","0","15.53","A Pixel Story"
"Minion Master","7514","Minion Master","106140","13680","191","2","80","0","0","7.76","Minion Master"
"An Elder Scrolls Legend: Battlespire","7515","An Elder Scrolls Legend: Battlespire","106140","1560","209","1","7","0","0","68.04","An Elder Scrolls Legend: Battlespire"
"ArcheAge Begins","7516","ArcheAge Begins","106140","35760","75","3","17","0","0","2.97","ArcheAge Begins"
"Shadow of the Beast","7517","Shadow of the Beast","106080","20400","119","2","195","0","0","5.2","Shadow of the Beast"
"Shrek Forever After","7518","Shrek Forever After","106080","1980","1830","1","10","0","0","53.58","Shrek Forever After"
"DoDonPachi","7519","DoDonPachi","106020","12720","599","4","39","0","0","8.33","DoDonPachi"
"The Alliance Alive","7520","The Alliance Alive","105960","8640","75","3","5","0","0","12.26","The Alliance Alive"
"Antz Extreme Racing","7521","Antz Extreme Racing","105900","360","1783","1","4","0","0","294.17","Antz Extreme Racing"
"Ninja Smasher!","7522","Ninja Smasher!","105840","900","1756","1","2","0","0","117.6","Ninja Smasher!"
"Autonauts","7523","Autonauts","105720","22620","403","3","73","0","0","4.67","Autonauts"
"Championship Manager 4","7524","Championship Manager 4","105660","2940","93","1","4","0","0","35.94","Championship Manager 4"
"Cookie","7525","Cookie","105540","5280","307","1","8","0","0","19.99","Cookie"
"Sherlock Holmes vs. Jack the Ripper","7526","Sherlock Holmes vs. Jack the Ripper","105540","20160","59","2","33","0","0","5.24","Sherlock Holmes vs. Jack the Ripper"
"Dora the Explorer: Search for the Pirate Pig's Treasure","7527","Dora the Explorer: Search for the Pirate Pig's Treasure","105480","840","414","1","6","0","0","125.57","Dora the Explorer: Search for the Pirate Pig's Treasure"
"Dad Quest","7528","Dad Quest","105480","12540","466","2","43","0","0","8.41","Dad Quest"
"Just Survive","7529","Just Survive","105420","18300","870","33","748","0","0","5.76","Just Survive"
"Pro Gamer Manager 2","7530","Pro Gamer Manager 2","105300","1620","461","1","11","0","0","65","Pro Gamer Manager 2"
"Ring Runner: Flight of the Sages","7531","Ring Runner: Flight of the Sages","105300","5220","263","3","25","0","0","20.17","Ring Runner: Flight of the Sages"
"King's Bounty: Warriors of the North","7532","King's Bounty: Warriors of the North","105240","31440","24","2","21","0","0","3.35","King's Bounty: Warriors of the North"
"Paranoiac","7533","Paranoiac","105240","3420","447","1","19","0","0","30.77","Paranoiac"
"Bionicle","7534","Bionicle","105240","9360","253","1","29","0","0","11.24","Bionicle"
"Sakura Santa","7535","Sakura Santa","105180","5580","2376","2","7","0","0","18.85","Sakura Santa"
"8-Bit Adventure Anthology, Volume One","7536","8-Bit Adventure Anthology, Volume One","105120","1980","258","2","12","0","0","53.09","8-Bit Adventure Anthology, Volume One"
"Dragon Ball Z: Sagas","7537","Dragon Ball Z: Sagas","105120","6900","436","2","25","0","0","15.23","Dragon Ball Z: Sagas"
"Assassin's Creed: Ezio Trilogy","7538","Assassin's Creed: Ezio Trilogy","105120","14400","258","3","48","0","0","7.3","Assassin's Creed: Ezio Trilogy"
"Duck Hunt","7539","Duck Hunt","104940","17280","255","2","48","0","0","6.07","Duck Hunt"
"Of Kings And Men","7540","Of Kings And Men","104940","25740","392","3","52","0","0","4.08","Of Kings And Men"
"Crookz: The Big Heist","7541","Crookz: The Big Heist","104880","7800","403","2","16","0","0","13.45","Crookz: The Big Heist"
"Strong Bad's Cool Game for Attractive People Episode 2: Strong Badia The Free","7542","Strong Bad's Cool Game for Attractive People Episode 2: Strong Badia The Free","104880","6180","220","2","22","0","0","16.97","Strong Bad's Cool Game for Attractive People Episode 2: Strong Badia The Free"
"Mole Mania","7543","Mole Mania","104820","16080","738","5","21","0","0","6.52","Mole Mania"
"The Getaway","7544","The Getaway","104760","11940","122","1","23","0","0","8.77","The Getaway"
"The Mean Greens","7545","The Mean Greens","104700","4200","839","3","20","0","0","24.93","The Mean Greens"
"Gothic Wa Mahou Otome","7546","Gothic Wa Mahou Otome","104640","20400","31","2","7","0","0","5.13","Gothic Wa Mahou Otome"
"Pro Evolution Soccer","7547","Pro Evolution Soccer","104640","9060","2269","2","46","0","0","11.55","Pro Evolution Soccer"
"Gumshoe","7548","Gumshoe","104520","780","378","1","3","0","0","134","Gumshoe"
"Demons Age","7549","Demons Age","104520","4980","110","2","0","0","0","20.99","Demons Age"
"Smack Wacker","7550","Smack Wacker","104400","120","1105","1","1","0","0","870","Smack Wacker"
"Um Jammer Lammy","7551","Um Jammer Lammy","104400","14520","206","2","70","0","0","7.19","Um Jammer Lammy"
"Soccer America International Cup","7552","Soccer America International Cup","104400","360","858","1","3","0","0","290","Soccer America International Cup"
"Stone Age","7553","Stone Age","104400","129960","36","4","36","0","0","0.8","Stone Age"
"Guardians of Orion","7554","Guardians of Orion","104340","30120","196","3","108","0","0","3.46","Guardians of Orion"
"Time Recoil","7555","Time Recoil","104280","8940","139","3","44","0","0","11.66","Time Recoil"
"Sengoku 3","7556","Sengoku 3","104280","1440","601","1","10","0","0","72.42","Sengoku 3"
"TorqueL","7557","TorqueL","104160","30540","226","4","256","0","0","3.41","TorqueL"
"Hunter's Legacy","7558","Hunter's Legacy","104160","10320","145","3","51","0","0","10.09","Hunter's Legacy"
"Valkyrie Profile: Covenant of the Plume","7559","Valkyrie Profile: Covenant of the Plume","104100","1500","455","1","5","0","0","69.4","Valkyrie Profile: Covenant of the Plume"
"Guitar Hero Encore: Rocks the 80s","7560","Guitar Hero Encore: Rocks the 80s","104040","6660","285","1","21","0","0","15.62","Guitar Hero Encore: Rocks the 80s"
"Deal or No Deal: Vegas Gold","7561","Deal or No Deal: Vegas Gold","104040","240","757","1","2","0","0","433.5","Deal or No Deal: Vegas Gold"
"Western Outlaw: Wanted Dead or Alive","7562","Western Outlaw: Wanted Dead or Alive","103860","960","877","1","3","0","0","108.19","Western Outlaw: Wanted Dead or Alive"
"Contract J.A.C.K.","7563","Contract J.A.C.K.","103860","1380","518","1","4","0","0","75.26","Contract J.A.C.K."
"FlatOut: Ultimate Carnage","7564","FlatOut: Ultimate Carnage","103800","30060","154","2","127","0","0","3.45","FlatOut: Ultimate Carnage"
"Guerrilla War","7565","Guerrilla War","103800","2400","1729","2","17","0","0","43.25","Guerrilla War"
"Phantasy Star Universe","7566","Phantasy Star Universe","103740","34260","32","2","72","0","0","3.03","Phantasy Star Universe"
"Silence of the Sleep","7567","Silence of the Sleep","103740","23820","46","2","82","0","0","4.36","Silence of the Sleep"
"Fighting Fantasy: The Warlock of Firetop Mountain","7568","Fighting Fantasy: The Warlock of Firetop Mountain","103740","3180","386","1","8","0","0","32.62","Fighting Fantasy: The Warlock of Firetop Mountain"
"Movie Challenge","7569","Movie Challenge","103620","50100","40","2","155","0","0","2.07","Movie Challenge"
"Wing Commander III: Heart of the Tiger","7570","Wing Commander III: Heart of the Tiger","103560","8520","110","3","21","0","0","12.15","Wing Commander III: Heart of the Tiger"
"Mister Mosquito","7571","Mister Mosquito","103500","6180","151","2","29","0","0","16.75","Mister Mosquito"
"Santa Tracker","7572","Santa Tracker","103320","1860","923","2","0","0","0","55.55","Santa Tracker"
"Eidolon","7573","Eidolon","103260","2220","381","1","11","0","0","46.51","Eidolon"
"Victorious Nine","7574","Victorious Nine","103200","480","270","1","1","0","0","215","Victorious Nine"
"Vinyl","7575","Vinyl","103140","780","916","1","8","0","0","132.23","Vinyl"
"Dark Seed","7576","Dark Seed","103140","4020","240","1","12","0","0","25.66","Dark Seed"
"Ragnarok DS","7577","Ragnarok DS","102960","1080","1670","1","5","0","0","95.33","Ragnarok DS"
"Star Trek: Starfleet Command: Orion Pirates","7578","Star Trek: Starfleet Command: Orion Pirates","102960","840","160","1","0","0","0","122.57","Star Trek: Starfleet Command: Orion Pirates"
"Coming Out On Top","7579","Coming Out On Top","102900","7980","98","3","29","0","0","12.89","Coming Out On Top"
"Half-Life 2: Lost Coast","7580","Half-Life 2: Lost Coast","102900","6900","1815","1","58","0","0","14.91","Half-Life 2: Lost Coast"
"Dungeon Siege II","7581","Dungeon Siege II","102840","32760","110","3","78","0","0","3.14","Dungeon Siege II"
"Wizards & Warriors III: Kuros: Visions of Power","7582","Wizards & Warriors III: Kuros: Visions of Power","102840","11880","55","2","13","0","0","8.66","Wizards & Warriors III: Kuros: Visions of Power"
"Cultures","7583","Cultures","102780","3420","1850","1","22","0","0","30.05","Cultures"
"Prisoner of Ice","7584","Prisoner of Ice","102780","2640","304","1","12","0","0","38.93","Prisoner of Ice"
"Tales of Pirates","7585","Tales of Pirates","102780","44880","29","3","50","0","0","2.29","Tales of Pirates"
"The Last Tinker: City of Colors","7586","The Last Tinker: City of Colors","102720","20820","116","2","62","0","0","4.93","The Last Tinker: City of Colors"
"Carcassonne","7587","Carcassonne","102660","8880","517","2","27","0","0","11.56","Carcassonne"
"Rescue: Everyday Heroes","7588","Rescue: Everyday Heroes","102660","1020","276","1","4","0","0","100.65","Rescue: Everyday Heroes"
"Sorcery!","7589","Sorcery!","102540","15060","304","2","55","0","0","6.81","Sorcery!"
"God of War Saga","7590","God of War Saga","102540","12480","170","2","16","0","0","8.22","God of War Saga"
"Voxel Turf","7591","Voxel Turf","102480","13740","130","3","43","0","0","7.46","Voxel Turf"
"Rocket Riot","7592","Rocket Riot","102420","1560","902","1","11","0","0","65.65","Rocket Riot"
"Petz: Catz 2","7593","Petz: Catz 2","102420","1020","717","1","2","0","0","100.41","Petz: Catz 2"
"Titan Siege","7594","Titan Siege","102360","4020","478","1","14","0","0","25.46","Titan Siege"
"Diaries of a Spaceport Janitor","7595","Diaries of a Spaceport Janitor","102360","14640","133","2","68","0","0","6.99","Diaries of a Spaceport Janitor"
"Dead Frontier","7596","Dead Frontier","102300","64260","23","3","132","0","0","1.59","Dead Frontier"
"Mission: Impossible","7597","Mission: Impossible","102240","9480","456","2","28","0","0","10.78","Mission: Impossible"
"Luna Online","7598","Luna Online","102180","30540","39","4","75","0","0","3.35","Luna Online"
"Sonic Runners","7599","Sonic Runners","102180","1920","234","2","9","0","0","53.22","Sonic Runners"
"Mahjongg","7600","Mahjongg","102120","1980","638","2","10","0","0","51.58","Mahjongg"