"","","Game","Watch time","Stream time","Peak viewers","Peak channels","Streamers","Average viewers","Average channels","Average viewer ratio",""
"The Simpsons: Tapped Out","13301","The Simpsons: Tapped Out","13080","8280","11","1","18","0","0","1.58","The Simpsons: Tapped Out"
"Rayman Rush","13302","Rayman Rush","13080","840","62","1","5","0","0","15.57","Rayman Rush"
"Gungrave: Overdose","13303","Gungrave: Overdose","13080","4680","21","1","10","0","0","2.79","Gungrave: Overdose"
"Nobunaga no Yabou: Tendou","13304","Nobunaga no Yabou: Tendou","13080","5760","11","1","8","0","0","2.27","Nobunaga no Yabou: Tendou"
"The Outfoxies","13305","The Outfoxies","13080","2160","85","1","4","0","0","6.06","The Outfoxies"
"Vampire Hunter D","13306","Vampire Hunter D","13020","3840","18","1","11","0","0","3.39","Vampire Hunter D"
"Star Wars: Galaxies - Trials of Obi-Wan","13307","Star Wars: Galaxies - Trials of Obi-Wan","13020","2520","39","2","4","0","0","5.17","Star Wars: Galaxies - Trials of Obi-Wan"
"Tim Burton's The Nightmare Before Christmas: The Pumpkin King","13308","Tim Burton's The Nightmare Before Christmas: The Pumpkin King","13020","1500","40","1","3","0","0","8.68","Tim Burton's The Nightmare Before Christmas: The Pumpkin King"
"Sled Storm","13309","Sled Storm","13020","3360","17","1","17","0","0","3.88","Sled Storm"
"Kung Fu Strike: The Warrior's Rise","13310","Kung Fu Strike: The Warrior's Rise","13020","5340","64","1","21","0","0","2.44","Kung Fu Strike: The Warrior's Rise"
"Global Agenda","13311","Global Agenda","13020","12180","16","3","30","0","0","1.07","Global Agenda"
"Blue Rider","13312","Blue Rider","13020","3840","29","1","20","0","0","3.39","Blue Rider"
"Get on Da Mic","13313","Get on Da Mic","13020","120","151","1","1","0","0","108.5","Get on Da Mic"
"101 Shark Pets","13314","101 Shark Pets","13020","480","56","1","1","0","0","27.13","101 Shark Pets"
"War Heroes: Fun Action","13315","War Heroes: Fun Action","13020","600","84","1","1","0","0","21.7","War Heroes: Fun Action"
"Global Adventures","13316","Global Adventures","12960","2460","54","7","0","0","0","5.27","Global Adventures"
"StellarHub","13317","StellarHub","12960","3060","32","3","16","0","0","4.24","StellarHub"
"Tom Clancy's Rainbow Six: Rogue Spear","13318","Tom Clancy's Rainbow Six: Rogue Spear","12960","5640","30","1","10","0","0","2.3","Tom Clancy's Rainbow Six: Rogue Spear"
"Tourist Trophy: The Real Riding Simulator","13319","Tourist Trophy: The Real Riding Simulator","12960","1980","37","1","7","0","0","6.55","Tourist Trophy: The Real Riding Simulator"
"Karmaflow: The Rock Opera Videogame","13320","Karmaflow: The Rock Opera Videogame","12960","5820","16","2","19","0","0","2.23","Karmaflow: The Rock Opera Videogame"
"Dragon Valor","13321","Dragon Valor","12960","8280","20","1","17","0","0","1.57","Dragon Valor"
"Gods and Idols","13322","Gods and Idols","12960","10680","21","2","40","0","0","1.21","Gods and Idols"
"Personal Nightmare","13323","Personal Nightmare","12960","1500","187","2","4","0","0","8.64","Personal Nightmare"
"Wing Commander: Prophecy","13324","Wing Commander: Prophecy","12960","2880","44","1","5","0","0","4.5","Wing Commander: Prophecy"
"Doraemon: Nobita to 3tsu no Seirei Ishi","13325","Doraemon: Nobita to 3tsu no Seirei Ishi","12960","2460","20","1","3","0","0","5.27","Doraemon: Nobita to 3tsu no Seirei Ishi"
"Bloody Good Time","13326","Bloody Good Time","12960","2040","162","3","11","0","0","6.35","Bloody Good Time"
"Darwinia","13327","Darwinia","12960","7560","11","1","23","0","0","1.71","Darwinia"
"Call of Duty Action-Adventure","13328","Call of Duty Action-Adventure","12960","4320","47","1","20","0","0","3","Call of Duty Action-Adventure"
"Steel Battalion","13329","Steel Battalion","12960","4320","11","1","11","0","0","3","Steel Battalion"
"X: Beyond the Frontier","13330","X: Beyond the Frontier","12900","5340","19","1","7","0","0","2.42","X: Beyond the Frontier"
"Porsche Challenge","13331","Porsche Challenge","12900","3180","37","1","6","0","0","4.06","Porsche Challenge"
"NFL Street","13332","NFL Street","12900","3660","63","1","28","0","0","3.52","NFL Street"
"Gradius Gaiden","13333","Gradius Gaiden","12900","1320","38","1","5","0","0","9.77","Gradius Gaiden"
"City of Heroes","13334","City of Heroes","12900","8460","48","1","16","0","0","1.52","City of Heroes"
"Tetris Plus","13335","Tetris Plus","12900","4200","26","2","17","0","0","3.07","Tetris Plus"
"Endless Ocean","13336","Endless Ocean","12900","2760","19","1","11","0","0","4.67","Endless Ocean"
"HyperRogue","13337","HyperRogue","12900","5580","15","2","8","0","0","2.31","HyperRogue"
"Goddess Kiss","13338","Goddess Kiss","12900","4800","18","1","19","0","0","2.69","Goddess Kiss"
"Hatman","13339","Hatman","12900","1500","66","1","9","0","0","8.6","Hatman"
"Dragon Ball Z: Goku Gekitōden","13340","Dragon Ball Z: Goku Gekitōden","12840","1980","48","1","2","0","0","6.48","Dragon Ball Z: Goku Gekitōden"
"F-117A Stealth Fighter","13341","F-117A Stealth Fighter","12840","60","214","1","0","0","0","214","F-117A Stealth Fighter"
"Calcio Championship","13342","Calcio Championship","12840","1140","134","1","3","0","0","11.26","Calcio Championship"
"FAR: Lone Sails","13343","FAR: Lone Sails","12840","60","214","1","0","0","0","214","FAR: Lone Sails"
"Deliro","13344","Deliro","12840","120","209","1","1","0","0","107","Deliro"
"Amazing Tetris","13345","Amazing Tetris","12840","360","73","1","2","0","0","35.67","Amazing Tetris"
"Inertia","13346","Inertia","12840","2940","29","2","3","0","0","4.37","Inertia"
"Missile Cards","13347","Missile Cards","12840","360","90","1","2","0","0","35.67","Missile Cards"
"Metroid Prime 4","13348","Metroid Prime 4","12840","540","98","1","2","0","0","23.78","Metroid Prime 4"
"Tonari ni Kanojo no Iru Shiawase: Two Farce","13349","Tonari ni Kanojo no Iru Shiawase: Two Farce","12840","180","92","1","0","0","0","71.33","Tonari ni Kanojo no Iru Shiawase: Two Farce"
"There Came an Echo","13350","There Came an Echo","12840","4560","21","1","20","0","0","2.82","There Came an Echo"
"PhotoKano","13351","PhotoKano","12840","2820","15","1","3","0","0","4.55","PhotoKano"
"Nayuta no Kiseki","13352","Nayuta no Kiseki","12840","7860","9","1","6","0","0","1.63","Nayuta no Kiseki"
"Frantic Flea","13353","Frantic Flea","12840","480","106","3","3","0","0","26.75","Frantic Flea"
"Monday Night Combat","13354","Monday Night Combat","12840","9120","24","2","39","0","0","1.41","Monday Night Combat"
"Cute Things Dying Violently","13355","Cute Things Dying Violently","12840","3120","18","1","4","0","0","4.12","Cute Things Dying Violently"
"Marvel vs. Capcom Origins","13356","Marvel vs. Capcom Origins","12840","5460","47","1","41","0","0","2.35","Marvel vs. Capcom Origins"
"Project X Zone 2","13357","Project X Zone 2","12840","3360","20","1","11","0","0","3.82","Project X Zone 2"
"Castles","13358","Castles","12840","6060","13","1","17","0","0","2.12","Castles"
"Tao Feng: Fist of the Lotus","13359","Tao Feng: Fist of the Lotus","12840","600","58","1","2","0","0","21.4","Tao Feng: Fist of the Lotus"
"Star Wars Arcade","13360","Star Wars Arcade","12840","4020","124","2","17","0","0","3.19","Star Wars Arcade"
"Microsoft Jigsaw","13361","Microsoft Jigsaw","12840","7920","12","1","13","0","0","1.62","Microsoft Jigsaw"
"Sid Meier's Civilization II","13362","Sid Meier's Civilization II","12840","1740","28","1","5","0","0","7.38","Sid Meier's Civilization II"
"Inazuma Eleven","13363","Inazuma Eleven","12780","4140","23","1","18","0","0","3.09","Inazuma Eleven"
"Kenka Bancho: Badass Rumble","13364","Kenka Bancho: Badass Rumble","12780","3120","24","1","11","0","0","4.1","Kenka Bancho: Badass Rumble"
"Chuzzle Deluxe","13365","Chuzzle Deluxe","12780","2820","34","1","10","0","0","4.53","Chuzzle Deluxe"
"Cabela's Dangerous Hunts 2013","13366","Cabela's Dangerous Hunts 2013","12780","6300","18","1","16","0","0","2.03","Cabela's Dangerous Hunts 2013"
"Hugo III: Jungle of Doom","13367","Hugo III: Jungle of Doom","12780","480","110","1","4","0","0","26.63","Hugo III: Jungle of Doom"
"Armored Core 2: Another Age","13368","Armored Core 2: Another Age","12780","5640","20","2","11","0","0","2.27","Armored Core 2: Another Age"
"Wii Sports Club","13369","Wii Sports Club","12780","5040","16","2","24","0","0","2.54","Wii Sports Club"
"Ridge Racer 7","13370","Ridge Racer 7","12780","7980","10","2","12","0","0","1.6","Ridge Racer 7"
"FUEL","13371","FUEL","12780","7140","30","2","25","0","0","1.79","FUEL"
"Brandish: The Dark Revenant","13372","Brandish: The Dark Revenant","12780","5580","91","1","4","0","0","2.29","Brandish: The Dark Revenant"
"Cleopatra: Queen of the Nile","13373","Cleopatra: Queen of the Nile","12780","3000","12","1","9","0","0","4.26","Cleopatra: Queen of the Nile"
"NASCAR: Dirt to Daytona","13374","NASCAR: Dirt to Daytona","12780","3180","91","1","15","0","0","4.02","NASCAR: Dirt to Daytona"
"Sorcerer King","13375","Sorcerer King","12780","4440","13","1","6","0","0","2.88","Sorcerer King"
"Dragon Ball Z: Harukanaru Densetsu","13376","Dragon Ball Z: Harukanaru Densetsu","12780","480","113","1","3","0","0","26.63","Dragon Ball Z: Harukanaru Densetsu"
"Drizzlepath: Glass","13377","Drizzlepath: Glass","12780","720","78","1","5","0","0","17.75","Drizzlepath: Glass"
"Eleven: Table Tennis VR","13378","Eleven: Table Tennis VR","12780","7020","11","2","20","0","0","1.82","Eleven: Table Tennis VR"
"Date (Almost) Anything Simulator","13379","Date (Almost) Anything Simulator","12780","3120","21","1","22","0","0","4.1","Date (Almost) Anything Simulator"
"Magical Drop 5","13380","Magical Drop 5","12780","480","85","1","1","0","0","26.63","Magical Drop 5"
"Super GunWorld 2","13381","Super GunWorld 2","12720","2040","29","1","10","0","0","6.24","Super GunWorld 2"
"Jeopardy! Sports Edition","13382","Jeopardy! Sports Edition","12720","600","31","1","1","0","0","21.2","Jeopardy! Sports Edition"
"R.B.I. Baseball 16","13383","R.B.I. Baseball 16","12720","20580","20","3","65","0","0","0.62","R.B.I. Baseball 16"
"Project Rhombus","13384","Project Rhombus","12720","6240","41","2","0","0","0","2.04","Project Rhombus"
"Wolfenstein RPG","13385","Wolfenstein RPG","12720","2520","86","2","11","0","0","5.05","Wolfenstein RPG"
"Starfighter 3000","13386","Starfighter 3000","12720","540","203","1","2","0","0","23.56","Starfighter 3000"
"Uncharted: Golden Abyss","13387","Uncharted: Golden Abyss","12720","2220","15","1","5","0","0","5.73","Uncharted: Golden Abyss"
"Anno: Dawn of Discovery: The Harbor.","13388","Anno: Dawn of Discovery: The Harbor.","12720","2880","12","1","8","0","0","4.42","Anno: Dawn of Discovery: The Harbor."
"Russian Fool","13389","Russian Fool","12720","840","107","1","5","0","0","15.14","Russian Fool"
"Transport Giant","13390","Transport Giant","12720","4200","37","1","14","0","0","3.03","Transport Giant"
"Rengoku: The Tower Of Purgatory","13391","Rengoku: The Tower Of Purgatory","12720","1860","18","1","2","0","0","6.84","Rengoku: The Tower Of Purgatory"
"Aerofly FS","13392","Aerofly FS","12720","2760","78","1","12","0","0","4.61","Aerofly FS"
"Leisure Suit Larry Goes Looking for Love (In Several Wrong Places)","13393","Leisure Suit Larry Goes Looking for Love (In Several Wrong Places)","12660","3240","10","1","7","0","0","3.91","Leisure Suit Larry Goes Looking for Love (In Several Wrong Places)"
"International Track & Field","13394","International Track & Field","12660","1560","38","3","7","0","0","8.12","International Track & Field"
"Winning Eleven World Soccer","13395","Winning Eleven World Soccer","12660","8820","43","2","25","0","0","1.44","Winning Eleven World Soccer"
"Dragon Ball Z: Tenkaichi Tag Team","13396","Dragon Ball Z: Tenkaichi Tag Team","12660","2820","28","1","12","0","0","4.49","Dragon Ball Z: Tenkaichi Tag Team"
"Doodle","13397","Doodle","12660","3840","40","2","9","0","0","3.3","Doodle"
"YuYu Hakusho Tournament Tactics","13398","YuYu Hakusho Tournament Tactics","12660","2820","14","1","4","0","0","4.49","YuYu Hakusho Tournament Tactics"
"Magical Drop","13399","Magical Drop","12660","780","87","1","2","0","0","16.23","Magical Drop"
"Company of Heroes 2: Ardennes Assault","13400","Company of Heroes 2: Ardennes Assault","12660","3780","61","1","15","0","0","3.35","Company of Heroes 2: Ardennes Assault"