"","","Game","Watch time","Stream time","Peak viewers","Peak channels","Streamers","Average viewers","Average channels","Average viewer ratio",""
"Enemy Territory: Quake Wars","11401","Enemy Territory: Quake Wars","24660","15060","21","1","27","0","0","1.64","Enemy Territory: Quake Wars"
"Star Traders","11402","Star Traders","24660","1560","87","1","6","0","0","15.81","Star Traders"
"Occultic;Nine","11403","Occultic;Nine","24660","3960","28","4","11","0","0","6.23","Occultic;Nine"
"Hello Kitty to Dear Daniel no Dream Adventure","11404","Hello Kitty to Dear Daniel no Dream Adventure","24660","360","709","1","2","0","0","68.5","Hello Kitty to Dear Daniel no Dream Adventure"
"Four Last Things","11405","Four Last Things","24660","2880","85","1","14","0","0","8.56","Four Last Things"
"Chaos Breaker","11406","Chaos Breaker","24600","3900","39","2","6","0","0","6.31","Chaos Breaker"
"Asteroids","11407","Asteroids","24600","4740","139","1","15","0","0","5.19","Asteroids"
"Cool Croc Twins","11408","Cool Croc Twins","24600","23400","5","1","1","0","0","1.05","Cool Croc Twins"
"Caesar II","11409","Caesar II","24600","5700","87","1","7","0","0","4.32","Caesar II"
"Beast Boxing Turbo","11410","Beast Boxing Turbo","24600","780","219","1","2","0","0","31.54","Beast Boxing Turbo"
"Summon Night: Swordcraft Story 2","11411","Summon Night: Swordcraft Story 2","24540","4560","42","1","13","0","0","5.38","Summon Night: Swordcraft Story 2"
"Virtual Pro Wrestling 64","11412","Virtual Pro Wrestling 64","24540","660","227","1","3","0","0","37.18","Virtual Pro Wrestling 64"
"Boot Hill Heroes","11413","Boot Hill Heroes","24540","2040","93","1","2","0","0","12.03","Boot Hill Heroes"
"Dragon's Lair 3D: Return to the Lair","11414","Dragon's Lair 3D: Return to the Lair","24540","3540","53","1","7","0","0","6.93","Dragon's Lair 3D: Return to the Lair"
"The House of the Dead III","11415","The House of the Dead III","24540","6480","47","2","46","0","0","3.79","The House of the Dead III"
"Finding Teddy","11416","Finding Teddy","24540","6060","36","2","28","0","0","4.05","Finding Teddy"
"Wow! Wow! Wubzy","11417","Wow! Wow! Wubzy","24540","11940","47","1","41","0","0","2.06","Wow! Wow! Wubzy"
"Smashbox Arena","11418","Smashbox Arena","24540","18900","24","2","50","0","0","1.3","Smashbox Arena"
"Card Sharks","11419","Card Sharks","24480","540","76","1","2","0","0","45.33","Card Sharks"
"S3: Silent Storm - Sentinels","11420","S3: Silent Storm - Sentinels","24480","4020","41","1","7","0","0","6.09","S3: Silent Storm - Sentinels"
"Touhou Genso Rondo: Bullet Ballet","11421","Touhou Genso Rondo: Bullet Ballet","24480","3300","220","1","19","0","0","7.42","Touhou Genso Rondo: Bullet Ballet"
"Touhou 12.5: Double Spoiler","11422","Touhou 12.5: Double Spoiler","24480","1560","81","1","7","0","0","15.69","Touhou 12.5: Double Spoiler"
"Too Human","11423","Too Human","24480","3180","71","2","15","0","0","7.7","Too Human"
"Ratchet & Clank: All 4 One","11424","Ratchet & Clank: All 4 One","24480","5760","29","1","7","0","0","4.25","Ratchet & Clank: All 4 One"
"Dark Wizard","11425","Dark Wizard","24480","2160","114","1","4","0","0","11.33","Dark Wizard"
"Gomo","11426","Gomo","24480","5940","26","1","33","0","0","4.12","Gomo"
"Age of Wonders: Shadow Magic","11427","Age of Wonders: Shadow Magic","24480","4020","58","1","9","0","0","6.09","Age of Wonders: Shadow Magic"
"No Escape","11428","No Escape","24420","780","68","1","3","0","0","31.31","No Escape"
"Yu-Gi-Oh! World Championship Tournament 2004","11429","Yu-Gi-Oh! World Championship Tournament 2004","24420","2760","44","1","10","0","0","8.85","Yu-Gi-Oh! World Championship Tournament 2004"
"Capcom Arcade Cabinet","11430","Capcom Arcade Cabinet","24420","9000","137","2","67","0","0","2.71","Capcom Arcade Cabinet"
"Kings of the Beach","11431","Kings of the Beach","24420","1740","52","1","3","0","0","14.03","Kings of the Beach"
"Suits: A Business RPG","11432","Suits: A Business RPG","24420","6540","30","1","29","0","0","3.73","Suits: A Business RPG"
"NASCAR 98","11433","NASCAR 98","24420","420","215","1","3","0","0","58.14","NASCAR 98"
"WitchWay","11434","WitchWay","24420","3600","61","2","12","0","0","6.78","WitchWay"
"Battle Ages","11435","Battle Ages","24360","55860","40","3","137","0","0","0.44","Battle Ages"
"Need to Know","11436","Need to Know","24360","1380","127","1","3","0","0","17.65","Need to Know"
"Atari Masterpieces Vol. 1","11437","Atari Masterpieces Vol. 1","24360","240","402","1","2","0","0","101.5","Atari Masterpieces Vol. 1"
"Nokbak","11438","Nokbak","24360","7020","208","2","50","0","0","3.47","Nokbak"
"Dark Angel: Vampire Apocalypse","11439","Dark Angel: Vampire Apocalypse","24360","1200","97","1","5","0","0","20.3","Dark Angel: Vampire Apocalypse"
"Reactor","11440","Reactor","24360","1920","320","1","9","0","0","12.69","Reactor"
"Tiny Troopers","11441","Tiny Troopers","24360","2700","229","1","21","0","0","9.02","Tiny Troopers"
"Bubble Trouble","11442","Bubble Trouble","24360","2220","118","1","16","0","0","10.97","Bubble Trouble"
"Element4l","11443","Element4l","24360","5460","68","1","28","0","0","4.46","Element4l"
"Rush'n Attack","11444","Rush'n Attack","24300","3480","37","1","11","0","0","6.98","Rush'n Attack"
"James Cameron's Avatar: The Game","11445","James Cameron's Avatar: The Game","24300","6540","79","1","21","0","0","3.72","James Cameron's Avatar: The Game"
"Front Mission 2","11446","Front Mission 2","24300","5220","59","1","7","0","0","4.66","Front Mission 2"
"Dora the Explorer: Backpack Adventure","11447","Dora the Explorer: Backpack Adventure","24240","7440","138","2","4","0","0","3.26","Dora the Explorer: Backpack Adventure"
"Albert Odyssey: Legend of Eldean","11448","Albert Odyssey: Legend of Eldean","24240","5220","139","1","10","0","0","4.64","Albert Odyssey: Legend of Eldean"
"RollerCoaster Tycoon: Corkscrew Follies","11449","RollerCoaster Tycoon: Corkscrew Follies","24240","7260","31","1","11","0","0","3.34","RollerCoaster Tycoon: Corkscrew Follies"
"Fullmetal Alchemist 2: Curse of the Crimson Elixir","11450","Fullmetal Alchemist 2: Curse of the Crimson Elixir","24180","4560","77","1","13","0","0","5.3","Fullmetal Alchemist 2: Curse of the Crimson Elixir"
"Cruis'n World","11451","Cruis'n World","24120","4200","147","1","29","0","0","5.74","Cruis'n World"
"Mario Kart Wii U (Working Title)","11452","Mario Kart Wii U (Working Title)","24120","1260","177","1","9","0","0","19.14","Mario Kart Wii U (Working Title)"
"Kao the Kangaroo Round 2","11453","Kao the Kangaroo Round 2","24120","7020","43","1","15","0","0","3.44","Kao the Kangaroo Round 2"
"Double Dragon III: The Sacred Stones","11454","Double Dragon III: The Sacred Stones","24120","4080","130","2","28","0","0","5.91","Double Dragon III: The Sacred Stones"
"The Forgotten Ones","11455","The Forgotten Ones","24120","11880","22","2","53","0","0","2.03","The Forgotten Ones"
"Reversion - The Escape","11456","Reversion - The Escape","24120","660","250","1","4","0","0","36.55","Reversion - The Escape"
"Indie Game Battle","11457","Indie Game Battle","24120","6720","61","2","31","0","0","3.59","Indie Game Battle"
"The X-Files: Resist or Serve","11458","The X-Files: Resist or Serve","24120","4080","34","2","11","0","0","5.91","The X-Files: Resist or Serve"
"Sketcharama","11459","Sketcharama","24120","660","264","1","4","0","0","36.55","Sketcharama"
"Raji: An Ancient Epic","11460","Raji: An Ancient Epic","24120","2280","297","2","10","0","0","10.58","Raji: An Ancient Epic"
"Gravity Dash 2","11461","Gravity Dash 2","24060","8700","43","2","12","0","0","2.77","Gravity Dash 2"
"Baten Kaitos Origins","11462","Baten Kaitos Origins","24060","11040","26","2","27","0","0","2.18","Baten Kaitos Origins"
"Fate/hollow ataraxia","11463","Fate/hollow ataraxia","24060","5100","52","1","13","0","0","4.72","Fate/hollow ataraxia"
"Front Mission 4","11464","Front Mission 4","24060","16140","11","2","24","0","0","1.49","Front Mission 4"
"Sherlock Holmes: Consulting Detective","11465","Sherlock Holmes: Consulting Detective","24060","2580","52","1","8","0","0","9.33","Sherlock Holmes: Consulting Detective"
"King's Quest: Mask of Eternity","11466","King's Quest: Mask of Eternity","24000","4080","22","2","13","0","0","5.88","King's Quest: Mask of Eternity"
"Disney's the Lion King: Simba's Mighty Adventure","11467","Disney's the Lion King: Simba's Mighty Adventure","24000","2340","44","1","8","0","0","10.26","Disney's the Lion King: Simba's Mighty Adventure"
"Rugby League Live 2","11468","Rugby League Live 2","24000","2340","68","1","3","0","0","10.26","Rugby League Live 2"
"Gunmetal Arcadia Zero","11469","Gunmetal Arcadia Zero","24000","7080","22","1","31","0","0","3.39","Gunmetal Arcadia Zero"
"CosmoTank","11470","CosmoTank","24000","480","109","1","1","0","0","50","CosmoTank"
"Dora the Explorer: Dora's Fix-it Adventure","11471","Dora the Explorer: Dora's Fix-it Adventure","24000","120","257","1","2","0","0","200","Dora the Explorer: Dora's Fix-it Adventure"
"Rescue Quest Gold","11472","Rescue Quest Gold","24000","4380","18","2","9","0","0","5.48","Rescue Quest Gold"
"Aurora 4x","11473","Aurora 4x","23940","13620","20","2","17","0","0","1.76","Aurora 4x"
"Lords of the Realm II","11474","Lords of the Realm II","23940","9720","104","2","28","0","0","2.46","Lords of the Realm II"
"Taiko no Tatsujin: Wii U Version","11475","Taiko no Tatsujin: Wii U Version","23940","2940","48","1","9","0","0","8.14","Taiko no Tatsujin: Wii U Version"
"Up","11476","Up","23940","780","111","1","5","0","0","30.69","Up"
"Korokoro Post Nin","11477","Korokoro Post Nin","23940","1260","40","1","2","0","0","19","Korokoro Post Nin"
"Point Blank 3","11478","Point Blank 3","23940","12360","19","2","43","0","0","1.94","Point Blank 3"
"Natsuiro High School: Seishun Hakusho","11479","Natsuiro High School: Seishun Hakusho","23940","4560","18","1","14","0","0","5.25","Natsuiro High School: Seishun Hakusho"
"CSR Racing","11480","CSR Racing","23880","7560","41","2","24","0","0","3.16","CSR Racing"
"Silhouette Mirage","11481","Silhouette Mirage","23880","3720","63","1","17","0","0","6.42","Silhouette Mirage"
"The Legend of Princess","11482","The Legend of Princess","23880","600","126","1","3","0","0","39.8","The Legend of Princess"
"Knightmare Tower","11483","Knightmare Tower","23880","1320","212","1","8","0","0","18.09","Knightmare Tower"
"Saga of Lucimia","11484","Saga of Lucimia","23880","2220","39","2","1","0","0","10.76","Saga of Lucimia"
"Pray for Death","11485","Pray for Death","23880","1920","72","1","6","0","0","12.44","Pray for Death"
"Dandara","11486","Dandara","23880","240","202","1","2","0","0","99.5","Dandara"
"Operation Thunderstorm","11487","Operation Thunderstorm","23820","1380","383","1","2","0","0","17.26","Operation Thunderstorm"
"Glacier 2","11488","Glacier 2","23820","60","397","1","1","0","0","397","Glacier 2"
"쿡룸","11489","쿡룸","23820","840","79","1","1978","0","0","28.36","쿡룸"
"World Neverland: Olerud Oukoku Monogatari","11490","World Neverland: Olerud Oukoku Monogatari","23820","660","78","1","0","0","0","36.09","World Neverland: Olerud Oukoku Monogatari"
"Soul Gambler","11491","Soul Gambler","23820","4620","78","1","26","0","0","5.16","Soul Gambler"
"15 Days","11492","15 Days","23820","3360","98","1","6","0","0","7.09","15 Days"
"Gunbird 2","11493","Gunbird 2","23820","3120","33","1","10","0","0","7.63","Gunbird 2"
"Eschalon: Book I","11494","Eschalon: Book I","23820","7800","18","1","12","0","0","3.05","Eschalon: Book I"
"SimCity BuildIt","11495","SimCity BuildIt","23820","12720","24","2","33","0","0","1.87","SimCity BuildIt"
"Portal Runner","11496","Portal Runner","23760","2100","139","1","5","0","0","11.31","Portal Runner"
"Touhou 09 - Phantasmagoria of Flower View","11497","Touhou 09 - Phantasmagoria of Flower View","23760","9480","16","2","51","0","0","2.51","Touhou 09 - Phantasmagoria of Flower View"
"Mugen no Frontier EXCEED: Super Robot Wars OG Saga","11498","Mugen no Frontier EXCEED: Super Robot Wars OG Saga","23760","7080","79","1","2","0","0","3.36","Mugen no Frontier EXCEED: Super Robot Wars OG Saga"
"Slingray","11499","Slingray","23760","1080","42","1","1","0","0","22","Slingray"
"Lost Grimoires 2: Shard of Mystery","11500","Lost Grimoires 2: Shard of Mystery","23760","1980","84","1","2","0","0","12","Lost Grimoires 2: Shard of Mystery"