"","","Game","Watch time","Stream time","Peak viewers","Peak channels","Streamers","Average viewers","Average channels","Average viewer ratio",""
"Stonehearth","501","Stonehearth","31798980","741420","17583","32","1630","60","1","42.89","Stonehearth"
"Metal Gear Solid 4: Guns of the Patriots","502","Metal Gear Solid 4: Guns of the Patriots","31678740","355320","2930","6","331","60","0","89.16","Metal Gear Solid 4: Guns of the Patriots"
"Gran Turismo Sport","503","Gran Turismo Sport","31639740","1159440","13699","57","1743","60","2","27.29","Gran Turismo Sport"
"Worms W.M.D","504","Worms W.M.D","31557180","376680","24509","11","1599","60","0","83.78","Worms W.M.D"
"SOMA","505","SOMA","31533240","1898400","6820","62","6116","60","3","16.61","SOMA"
"Silent Hill 2","506","Silent Hill 2","31530000","643380","142201","17","1349","59","1","49.01","Silent Hill 2"
"SpeedRunners","507","SpeedRunners","31394460","1557420","31218","57","11218","59","2","20.16","SpeedRunners"
"Batman: Arkham City","508","Batman: Arkham City","31160880","812220","166963","14","2125","59","1","38.37","Batman: Arkham City"
"Halo Wars 2","509","Halo Wars 2","30940440","3981780","7875","305","8953","58","7","7.77","Halo Wars 2"
"Mystery Science Theater 3000","510","Mystery Science Theater 3000","30921480","38940","8044","4","21","58","0","794.08","Mystery Science Theater 3000"
"Marvel Heroes Omega","511","Marvel Heroes Omega","30818580","4148880","8171","67","9778","58","7","7.43","Marvel Heroes Omega"
"Fishing Planet","512","Fishing Planet","30814620","2407560","38821","26","6545","58","4","12.8","Fishing Planet"
"Tropico 5","513","Tropico 5","30700380","758820","9216","14","2704","58","1","40.46","Tropico 5"
"Red Dead Redemption","514","Red Dead Redemption","30640800","1239720","13863","15","3516","58","2","24.72","Red Dead Redemption"
"Crypt of the NecroDancer","515","Crypt of the NecroDancer","30556020","1471260","9926","25","5249","58","2","20.77","Crypt of the NecroDancer"
"Pro Evolution Soccer 2018","516","Pro Evolution Soccer 2018","30554040","2173920","29038","86","4221","58","4","14.05","Pro Evolution Soccer 2018"
"Dragon Ball FighterZ","517","Dragon Ball FighterZ","30420960","209040","59367","248","801","57","0","145.53","Dragon Ball FighterZ"
"Wizard101","518","Wizard101","30374160","2983740","12553","28","3130","57","5","10.18","Wizard101"
"Tower of Saviors","519","Tower of Saviors","30353640","573420","1904","15","304","57","1","52.93","Tower of Saviors"
"WWE SuperCard","520","WWE SuperCard","30240960","1716780","3561","22","1078","57","3","17.61","WWE SuperCard"
"Firewatch","521","Firewatch","30228780","1067880","21672","19","5426","57","2","28.31","Firewatch"
"The Joy Of Sex","522","The Joy Of Sex","30144000","15060","24095","7","66","57","0","2001.59","The Joy Of Sex"
"Salt and Sanctuary","523","Salt and Sanctuary","30136620","1401420","147969","20","4276","57","2","21.5","Salt and Sanctuary"
"The Witcher 2: Assassins of Kings","524","The Witcher 2: Assassins of Kings","30102360","1413300","13068","15","2913","57","2","21.3","The Witcher 2: Assassins of Kings"
"Mafia LIVE!","525","Mafia LIVE!","29966640","255720","19084","7","213","57","0","117.19","Mafia LIVE!"
"Trials Fusion","526","Trials Fusion","29960520","2224260","19279","33","6335","57","4","13.47","Trials Fusion"
"Passpartout: The Starving Artist","527","Passpartout: The Starving Artist","29795760","260520","50975","13","1413","56","0","114.37","Passpartout: The Starving Artist"
"Extra Life","528","Extra Life","29769780","1827600","14592","966","2018","56","3","16.29","Extra Life"
"Papers, Please","529","Papers, Please","29754600","569280","18974","9","3145","56","1","52.27","Papers, Please"
"The Wolf Among Us","530","The Wolf Among Us","29570520","1434840","5060","17","4512","56","2","20.61","The Wolf Among Us"
"Halo 2","531","Halo 2","29532120","532680","189722","12","873","56","1","55.44","Halo 2"
"Just Dance 2018","532","Just Dance 2018","29423340","147840","12702","8","336","55","0","199.02","Just Dance 2018"
"Move or Die","533","Move or Die","29102640","454380","36382","12","3105","55","0","64.05","Move or Die"
"Dragon's Dogma: Dark Arisen","534","Dragon's Dogma: Dark Arisen","29068440","4497900","4405","155","7913","55","8","6.46","Dragon's Dogma: Dark Arisen"
"Metro 2033","535","Metro 2033","29052720","1646340","14402","35","6975","55","3","17.65","Metro 2033"
"NHL 18","536","NHL 18","29014980","2005560","2004","61","5417","55","3","14.47","NHL 18"
"Overcooked!","537","Overcooked!","28929180","528780","31763","14","3830","55","1","54.71","Overcooked!"
"Dreadnought","538","Dreadnought","28847940","1718160","9823","28","4860","54","3","16.79","Dreadnought"
"Black Squad","539","Black Squad","28816200","4688820","38899","117","11030","54","8","6.15","Black Squad"
"Resident Evil 3: Nemesis","540","Resident Evil 3: Nemesis","28793940","928680","10193","9","1388","54","1","31.01","Resident Evil 3: Nemesis"
"Islands of Nyne: Battle Royale","541","Islands of Nyne: Battle Royale","28763940","753420","43253","79","1194","54","1","38.18","Islands of Nyne: Battle Royale"
"Animal Crossing: New Leaf","542","Animal Crossing: New Leaf","28733760","696660","5829","17","574","54","1","41.25","Animal Crossing: New Leaf"
"Worms Revolution","543","Worms Revolution","28579980","231480","42048","12","1190","54","0","123.47","Worms Revolution"
"GoldenEye 007","544","GoldenEye 007","28567560","956040","8171","12","981","54","1","29.88","GoldenEye 007"
"The Escapists","545","The Escapists","28474500","597360","16334","18","4216","54","1","47.67","The Escapists"
"Yakuza 6: The Song of Life","546","Yakuza 6: The Song of Life","28410840","236760","8697","11","252","54","0","120","Yakuza 6: The Song of Life"
"Heroes & Generals","547","Heroes & Generals","28331400","3792660","2889","26","6265","53","7","7.47","Heroes & Generals"
"Final Fantasy X","548","Final Fantasy X","28303560","972120","4514","11","1605","53","1","29.12","Final Fantasy X"
"Zelda II: The Adventure of Link","549","Zelda II: The Adventure of Link","28270620","922500","106330","17","742","53","1","30.65","Zelda II: The Adventure of Link"
"Party Panic","550","Party Panic","28194780","104640","40816","8","646","53","0","269.45","Party Panic"
"Wolfenstein: The Old Blood","551","Wolfenstein: The Old Blood","28105740","770460","34576","17","3755","53","1","36.48","Wolfenstein: The Old Blood"
"Kingdoms and Castles","552","Kingdoms and Castles","27981540","544500","50067","42","1941","53","1","51.39","Kingdoms and Castles"
"Pokkén Tournament","553","Pokkén Tournament","27812160","979080","9968","60","1531","52","1","28.41","Pokkén Tournament"
"Keep Talking and Nobody Explodes","554","Keep Talking and Nobody Explodes","27784860","811920","14680","14","4407","52","1","34.22","Keep Talking and Nobody Explodes"
"The Binding of Isaac: Rebirth","555","The Binding of Isaac: Rebirth","27778440","3610320","9594","35","16495","52","6","7.69","The Binding of Isaac: Rebirth"
"The Legend of Zelda: The Minish Cap","556","The Legend of Zelda: The Minish Cap","27728340","475080","137636","13","963","52","0","58.37","The Legend of Zelda: The Minish Cap"
"Metroid Prime","557","Metroid Prime","27645480","792120","153077","15","1233","52","1","34.9","Metroid Prime"
"Pokémon FireRed/LeafGreen","558","Pokémon FireRed/LeafGreen","27640920","2550060","4460","21","4907","52","4","10.84","Pokémon FireRed/LeafGreen"
"Prison Architect","559","Prison Architect","27628440","1439520","7022","16","4614","52","2","19.19","Prison Architect"
"Steep","560","Steep","27598680","2774700","29956","129","12604","52","5","9.95","Steep"
"Roll20 Virtual Tabletop","561","Roll20 Virtual Tabletop","27579720","1292700","7192","21","1082","52","2","21.33","Roll20 Virtual Tabletop"
"Super Castlevania IV","562","Super Castlevania IV","27569880","406020","158385","14","830","52","0","67.9","Super Castlevania IV"
"Silent Hill 4: The Room","563","Silent Hill 4: The Room","27549180","292800","130761","8","402","52","0","94.09","Silent Hill 4: The Room"
"SpyParty","564","SpyParty","27297660","33300","48933","9","114","51","0","819.75","SpyParty"
"The iDOLM@STER Cinderella Girls: Starlight Stage","565","The iDOLM@STER Cinderella Girls: Starlight Stage","27248700","908220","3150","15","515","51","1","30","The iDOLM@STER Cinderella Girls: Starlight Stage"
"Faeria","566","Faeria","27200520","1234320","19588","22","1615","51","2","22.04","Faeria"
"Danganronpa 2: Goodbye Despair","567","Danganronpa 2: Goodbye Despair","27150480","1341600","3651","17","1308","51","2","20.24","Danganronpa 2: Goodbye Despair"
"Assassin's Creed IV: Black Flag","568","Assassin's Creed IV: Black Flag","26981160","4072740","3911","71","8702","51","7","6.62","Assassin's Creed IV: Black Flag"
"BioShock Infinite","569","BioShock Infinite","26944140","2259840","10293","19","7083","51","4","11.92","BioShock Infinite"
"Next Day: Survival","570","Next Day: Survival","26802900","1059300","41708","73","3294","51","2","25.3","Next Day: Survival"
"Tomb Raider II","571","Tomb Raider II","26757000","541980","17637","14","679","50","1","49.37","Tomb Raider II"
"Motorsport Manager","572","Motorsport Manager","26621400","767160","9169","13","1164","50","1","34.7","Motorsport Manager"
"Depth","573","Depth","26620740","1378200","29465","52","5111","50","2","19.32","Depth"
"IMDb Live Viewing Party","574","IMDb Live Viewing Party","26620080","7740","104602","28","45","50","0","3439.29","IMDb Live Viewing Party"
"BBO2 Online","575","BBO2 Online","26551860","338940","5919","9","211","50","0","78.34","BBO2 Online"
"Brawl Stars","576","Brawl Stars","26450340","740760","11684","19","663","50","1","35.71","Brawl Stars"
"Holdfast: Nations At War","577","Holdfast: Nations At War","26359560","339660","43613","26","878","50","0","77.61","Holdfast: Nations At War"
"Final Fantasy V","578","Final Fantasy V","26231160","1263780","5429","54","1173","49","2","20.76","Final Fantasy V"
"Project CARS 2","579","Project CARS 2","26194740","2115960","37062","166","4488","49","4","12.38","Project CARS 2"
"Viscera Cleanup Detail","580","Viscera Cleanup Detail","26187300","604080","31047","14","2649","49","1","43.35","Viscera Cleanup Detail"
"Batman: Arkham Knight","581","Batman: Arkham Knight","26183460","4191240","7588","30","13060","49","7","6.25","Batman: Arkham Knight"
"The Wild Eight","582","The Wild Eight","25960680","671340","32943","34","2233","49","1","38.67","The Wild Eight"
"God of War Collection","583","God of War Collection","25924860","108180","17881","8","165","49","0","239.65","God of War Collection"
"Hidden Agenda","584","Hidden Agenda","25899540","165420","24734","18","655","49","0","156.57","Hidden Agenda"
"Realm of the Mad God","585","Realm of the Mad God","25548660","3315780","4378","28","4147","48","6","7.71","Realm of the Mad God"
"Mafia","586","Mafia","25536420","462240","47876","11","739","48","0","55.24","Mafia"
"Lost Ark Online","587","Lost Ark Online","25403820","484200","15190","156","438","48","0","52.47","Lost Ark Online"
"Metal Gear Rising: Revengeance","588","Metal Gear Rising: Revengeance","25389240","759480","23174","9","2485","48","1","33.43","Metal Gear Rising: Revengeance"
"Finding Bigfoot","589","Finding Bigfoot","25315560","215160","52902","14","1128","48","0","117.66","Finding Bigfoot"
"Rock of Ages II: Bigger & Boulder","590","Rock of Ages II: Bigger & Boulder","25012200","100980","30078","10","542","47","0","247.69","Rock of Ages II: Bigger & Boulder"
"Don't Starve","591","Don't Starve","24927660","2342760","2568","19","7583","47","4","10.64","Don't Starve"
"Pinball","592","Pinball","24888540","688320","22852","9","458","47","1","36.16","Pinball"
"Mario Kart Wii","593","Mario Kart Wii","24862140","1765680","151543","21","1453","47","3","14.08","Mario Kart Wii"
"Ōkami","594","Ōkami","24779220","1482900","113504","148","497","47","2","16.71","Ōkami"
"Dead Space 3","595","Dead Space 3","24694620","1380960","5683","21","3907","46","2","17.88","Dead Space 3"
"Avorion","596","Avorion","24638640","1187220","9492","23","1208","46","2","20.75","Avorion"
"Empyrion: Galactic Survival","597","Empyrion: Galactic Survival","24635100","2483640","3826","26","2479","46","4","9.92","Empyrion: Galactic Survival"
"Need for Speed: Most Wanted (2005)","598","Need for Speed: Most Wanted (2005)","24544500","529620","2391","9","1560","46","1","46.34","Need for Speed: Most Wanted (2005)"
"Final Fantasy XII","599","Final Fantasy XII","24485700","678120","11121","10","778","46","1","36.11","Final Fantasy XII"
"BioShock","600","BioShock","24455760","2581320","9418","24","8927","46","4","9.47","BioShock"