"","","Game","Watch time","Stream time","Peak viewers","Peak channels","Streamers","Average viewers","Average channels","Average viewer ratio",""
"Tales of Symphonia","1601","Tales of Symphonia","4428180","766860","1159","10","1383","8","1","5.77","Tales of Symphonia"
"Harry Potter and the Prisoner of Azkaban","1602","Harry Potter and the Prisoner of Azkaban","4426380","133020","5747","5","303","8","0","33.28","Harry Potter and the Prisoner of Azkaban"
"Crysis 2","1603","Crysis 2","4422840","220500","4483","6","783","8","0","20.06","Crysis 2"
"Need for Speed: Carbon","1604","Need for Speed: Carbon","4419660","220980","698","6","562","8","0","20","Need for Speed: Carbon"
"Half Dead","1605","Half Dead","4417020","80280","20736","6","546","8","0","55.02","Half Dead"
"Mario & Luigi: Superstar Saga","1606","Mario & Luigi: Superstar Saga","4403580","241620","1614","6","444","8","0","18.23","Mario & Luigi: Superstar Saga"
"100ft Robot Golf","1607","100ft Robot Golf","4395540","20460","24640","4","103","8","0","214.84","100ft Robot Golf"
"The Solus Project","1608","The Solus Project","4388280","175800","3448","5","496","8","0","24.96","The Solus Project"
"Warhammer 40,000: Eternal Crusade","1609","Warhammer 40,000: Eternal Crusade","4373040","703740","1876","18","1232","8","1","6.21","Warhammer 40,000: Eternal Crusade"
"Nidhogg","1610","Nidhogg","4372260","101940","26544","5","750","8","0","42.89","Nidhogg"
"Styx: Master of Shadows","1611","Styx: Master of Shadows","4366440","505620","12374","13","1658","8","0","8.64","Styx: Master of Shadows"
"Windjammers","1612","Windjammers","4362120","97440","6483","8","364","8","0","44.77","Windjammers"
"Tomodachi Life","1613","Tomodachi Life","4357560","67680","10237","3","82","8","0","64.38","Tomodachi Life"
"Intruder","1614","Intruder","4342920","33240","8058","7","118","8","0","130.65","Intruder"
"Beyond Good & Evil","1615","Beyond Good & Evil","4340040","367440","2711","20","1090","8","0","11.81","Beyond Good & Evil"
"Haunting Ground","1616","Haunting Ground","4337160","99360","10873","5","173","8","0","43.65","Haunting Ground"
"Serious Metal Detecting","1617","Serious Metal Detecting","4336860","5460","43902","4","23","8","0","794.3","Serious Metal Detecting"
"Vampire: The Masquerade","1618","Vampire: The Masquerade","4334460","79680","21592","3","70","8","0","54.4","Vampire: The Masquerade"
"Lineage: The Blood Pledge","1619","Lineage: The Blood Pledge","4333500","1163100","1162","13","391","8","2","3.73","Lineage: The Blood Pledge"
"The First Tree","1620","The First Tree","4332360","59640","32854","11","381","8","0","72.64","The First Tree"
"Black Mesa","1621","Black Mesa","4325460","520980","5746","9","1778","8","0","8.3","Black Mesa"
"Turmoil","1622","Turmoil","4321140","106080","3389","4","410","8","0","40.73","Turmoil"
"Hyper Universe","1623","Hyper Universe","4319100","606480","2166","23","694","8","1","7.12","Hyper Universe"
"Yakuza","1624","Yakuza","4318800","157020","4374","5","268","8","0","27.5","Yakuza"
"Mortal Kombat","1625","Mortal Kombat","4316340","206880","14156","5","918","8","0","20.86","Mortal Kombat"
"Supreme Commander: Forged Alliance","1626","Supreme Commander: Forged Alliance","4310280","484140","1363","8","643","8","0","8.9","Supreme Commander: Forged Alliance"
"The Day","1627","The Day","4309860","37860","8427","11","21","8","0","113.84","The Day"
"Soulcalibur","1628","Soulcalibur","4307160","28380","7472","2","116","8","0","151.77","Soulcalibur"
"Superhot VR","1629","Superhot VR","4302180","255420","7771","11","1522","8","0","16.84","Superhot VR"
"Construction Simulator 2015","1630","Construction Simulator 2015","4301880","274860","3161","7","755","8","0","15.65","Construction Simulator 2015"
"Conker's Bad Fur Day","1631","Conker's Bad Fur Day","4295160","360540","1637","9","862","8","0","11.91","Conker's Bad Fur Day"
"NBA G League","1632","NBA G League","4293480","4860","7729","5","0","8","0","883.43","NBA G League"
"Need for Speed: Most Wanted","1633","Need for Speed: Most Wanted","4291800","370320","895","8","1922","8","0","11.59","Need for Speed: Most Wanted"
"Saurian","1634","Saurian","4287180","27840","36247","9","165","8","0","153.99","Saurian"
"Mega Man Legacy Collection","1635","Mega Man Legacy Collection","4286100","719940","1358","10","3103","8","1","5.95","Mega Man Legacy Collection"
"Monster Hunter Frontier Z","1636","Monster Hunter Frontier Z","4284840","434700","8159","14","228","8","0","9.86","Monster Hunter Frontier Z"
"K-Shoot Mania","1637","K-Shoot Mania","4282680","260340","2429","5","453","8","0","16.45","K-Shoot Mania"
"Mike Tyson's Punch-Out!!","1638","Mike Tyson's Punch-Out!!","4273440","182760","29717","5","419","8","0","23.38","Mike Tyson's Punch-Out!!"
"Minecraft: Story Mode - Season Two","1639","Minecraft: Story Mode - Season Two","4256460","133860","5781","17","621","8","0","31.8","Minecraft: Story Mode - Season Two"
"Habbo Hotel","1640","Habbo Hotel","4255860","115440","5105","5","662","8","0","36.87","Habbo Hotel"
"Ghost in the Shell: Stand Alone Complex – First Assault Online","1641","Ghost in the Shell: Stand Alone Complex – First Assault Online","4253460","1107900","5733","18","2782","8","2","3.84","Ghost in the Shell: Stand Alone Complex – First Assault Online"
"Cloud Pirates","1642","Cloud Pirates","4246680","334440","39854","14","994","8","0","12.7","Cloud Pirates"
"Airport CEO","1643","Airport CEO","4241100","99840","5185","16","311","8","0","42.48","Airport CEO"
"Rage","1644","Rage","4240980","292260","5197","5","867","8","0","14.51","Rage"
"New Super Mario Bros. Wii","1645","New Super Mario Bros. Wii","4238400","205860","2507","8","559","8","0","20.59","New Super Mario Bros. Wii"
"Valnir Rok","1646","Valnir Rok","4222680","221520","37838","35","546","8","0","19.06","Valnir Rok"
"Breath of Fire IV","1647","Breath of Fire IV","4220520","146460","3497","4","130","8","0","28.82","Breath of Fire IV"
"Tomb Raider: Underworld","1648","Tomb Raider: Underworld","4216140","132720","6413","5","283","8","0","31.77","Tomb Raider: Underworld"
"Parasite Eve","1649","Parasite Eve","4201680","291660","2324","9","437","7","0","14.41","Parasite Eve"
"RF Online","1650","RF Online","4199940","680280","603","11","389","7","1","6.17","RF Online"
"CrossCode","1651","CrossCode","4199640","207060","5718","5","529","7","0","20.28","CrossCode"
"Tiny Toon Adventures: Buster Busts Loose!","1652","Tiny Toon Adventures: Buster Busts Loose!","4199040","18300","103462","10","71","7","0","229.46","Tiny Toon Adventures: Buster Busts Loose!"
"Magic Duels","1653","Magic Duels","4185180","830580","5528","13","2000","7","1","5.04","Magic Duels"
"Soulcalibur II","1654","Soulcalibur II","4184760","90540","7109","3","355","7","0","46.22","Soulcalibur II"
"Helldivers","1655","Helldivers","4183080","565680","5805","19","2991","7","1","7.39","Helldivers"
"Fallout","1656","Fallout","4165620","547800","1454","22","1674","7","1","7.6","Fallout"
"Outcast","1657","Outcast","4160040","36540","3159","7","87","7","0","113.85","Outcast"
"Ken Follett's The Pillars of the Earth","1658","Ken Follett's The Pillars of the Earth","4157940","67740","26188","6","160","7","0","61.38","Ken Follett's The Pillars of the Earth"
"Ibb & Obb","1659","Ibb & Obb","4155540","159960","28728","7","802","7","0","25.98","Ibb & Obb"
"Stellar Interface","1660","Stellar Interface","4153140","15480","3005","2","16","7","0","268.29","Stellar Interface"
"Scribblenauts Unlimited","1661","Scribblenauts Unlimited","4152720","144000","8863","5","619","7","0","28.84","Scribblenauts Unlimited"
"War for the Overworld","1662","War for the Overworld","4152300","115200","7327","5","427","7","0","36.04","War for the Overworld"
"The Bridge Project","1663","The Bridge Project","4151580","4680","17120","4","28","7","0","887.09","The Bridge Project"
"Rock Band 3","1664","Rock Band 3","4148940","351180","5122","6","370","7","0","11.81","Rock Band 3"
"Clock Tower 3","1665","Clock Tower 3","4146120","45720","8772","3","95","7","0","90.69","Clock Tower 3"
"Destiny Child","1666","Destiny Child","4142760","313560","2933","7","196","7","0","13.21","Destiny Child"
"Cold Waters","1667","Cold Waters","4133820","162060","6114","7","307","7","0","25.51","Cold Waters"
"Shantae and the Pirate's Curse","1668","Shantae and the Pirate's Curse","4126500","386520","1115","10","1006","7","0","10.68","Shantae and the Pirate's Curse"
"Sonic the Hedgehog: Spinball","1669","Sonic the Hedgehog: Spinball","4122180","44820","1849","3","198","7","0","91.97","Sonic the Hedgehog: Spinball"
"Mario Party 10","1670","Mario Party 10","4112520","55020","9704","4","241","7","0","74.75","Mario Party 10"
"Hyperun","1671","Hyperun","4092000","11640","23651","2","60","7","0","351.55","Hyperun"
"Flywrench","1672","Flywrench","4086960","21300","87349","10","76","7","0","191.88","Flywrench"
"Tekken","1673","Tekken","4084440","93300","8201","4","384","7","0","43.78","Tekken"
"Planescape: Torment","1674","Planescape: Torment","4080480","160860","10743","5","249","7","0","25.37","Planescape: Torment"
"Smart Ball","1675","Smart Ball","4078620","3780","167434","13","31","7","0","1079","Smart Ball"
"Marathon Infinity","1676","Marathon Infinity","4076640","16740","133452","9","21","7","0","243.53","Marathon Infinity"
"Natural Selection II","1677","Natural Selection II","4072140","631320","10489","11","786","7","1","6.45","Natural Selection II"
"Unholy Heights","1678","Unholy Heights","4069080","36540","3249","3","129","7","0","111.36","Unholy Heights"
"Hatoful Boyfriend","1679","Hatoful Boyfriend","4067880","338520","2123","30","2312","7","0","12.02","Hatoful Boyfriend"
"Warcraft II: Tides of Darkness","1680","Warcraft II: Tides of Darkness","4064220","183120","5673","4","168","7","0","22.19","Warcraft II: Tides of Darkness"
"Mario Paint","1681","Mario Paint","4062960","47400","157577","9","129","7","0","85.72","Mario Paint"
"Prince of Persia: Warrior Within","1682","Prince of Persia: Warrior Within","4062780","172860","12050","4","324","7","0","23.5","Prince of Persia: Warrior Within"
"Friday the 13th","1683","Friday the 13th","4060800","229980","16872","19","1167","7","0","17.66","Friday the 13th"
"Statues","1684","Statues","4059780","12240","10951","2","60","7","0","331.68","Statues"
"Fistful of Frags","1685","Fistful of Frags","4057560","218820","12538","6","1194","7","0","18.54","Fistful of Frags"
"Scanner Sombre","1686","Scanner Sombre","4045680","56460","14420","6","322","7","0","71.66","Scanner Sombre"
"Blackwood Crossing","1687","Blackwood Crossing","4039140","80100","12084","9","415","7","0","50.43","Blackwood Crossing"
"Rule of Rose","1688","Rule of Rose","4033140","68340","5762","3","138","7","0","59.02","Rule of Rose"
"Lovers in a Dangerous Spacetime","1689","Lovers in a Dangerous Spacetime","4029240","397320","10479","27","3017","7","0","10.14","Lovers in a Dangerous Spacetime"
"Toonstruck","1690","Toonstruck","4026780","35760","2670","2","86","7","0","112.61","Toonstruck"
"Tokyo Dark","1691","Tokyo Dark","4020600","104040","24843","12","312","7","0","38.64","Tokyo Dark"
"Stairs","1692","Stairs","4017660","28920","12286","5","128","7","0","138.92","Stairs"
"Silent Hills","1693","Silent Hills","4013160","216540","21877","14","1341","7","0","18.53","Silent Hills"
"Monster Hunter Online","1694","Monster Hunter Online","4012080","581460","2229","11","880","7","1","6.9","Monster Hunter Online"
"Tyranny","1695","Tyranny","4011420","319260","1944","8","761","7","0","12.56","Tyranny"
"Dragon Quest Rivals","1696","Dragon Quest Rivals","4006380","75420","831","10","145","7","0","53.12","Dragon Quest Rivals"
"Metal Gear Solid 3: Subsistence","1697","Metal Gear Solid 3: Subsistence","4004760","84960","1946","4","160","7","0","47.14","Metal Gear Solid 3: Subsistence"
"Bridge","1698","Bridge","4002960","21480","32639","4","29","7","0","186.36","Bridge"
"Action Henk","1699","Action Henk","3997020","62460","82462","11","179","7","0","63.99","Action Henk"
"Crysis 3","1700","Crysis 3","3991800","293280","13042","6","1251","7","0","13.61","Crysis 3"