"","","Game","Watch time","Stream time","Peak viewers","Peak channels","Streamers","Average viewers","Average channels","Average viewer ratio",""
"Bomberman Fantasy Race","4801","Bomberman Fantasy Race","383160","5520","2123","5","26","0","0","69.41","Bomberman Fantasy Race"
"Medal of Honor: Allied Assault","4802","Medal of Honor: Allied Assault","382620","113280","482","3","250","0","0","3.38","Medal of Honor: Allied Assault"
"GUN","4803","GUN","382140","21780","1995","2","71","0","0","17.55","GUN"
"Gargoyle's Quest II: The Demon Darkness","4804","Gargoyle's Quest II: The Demon Darkness","381600","20160","1353","2","26","0","0","18.93","Gargoyle's Quest II: The Demon Darkness"
"Kingpin: Life of Crime","4805","Kingpin: Life of Crime","381600","12540","495","2","36","0","0","30.43","Kingpin: Life of Crime"
"Gex","4806","Gex","381300","19260","489","2","65","0","0","19.8","Gex"
"Wolf","4807","Wolf","381240","3540","4117","1","27","0","0","107.69","Wolf"
"Chibi-Robo!","4808","Chibi-Robo!","381180","57480","249","3","119","0","0","6.63","Chibi-Robo!"
"They Bleed Pixels","4809","They Bleed Pixels","381120","61560","316","3","252","0","0","6.19","They Bleed Pixels"
"Akumajou Special: Boku Dracula-kun!","4810","Akumajou Special: Boku Dracula-kun!","381000","9300","535","3","15","0","0","40.97","Akumajou Special: Boku Dracula-kun!"
"Castle in the Darkness","4811","Castle in the Darkness","380880","52860","1436","3","104","0","0","7.21","Castle in the Darkness"
"Monster World IV","4812","Monster World IV","380880","19620","201","2","26","0","0","19.41","Monster World IV"
"Kaeru no tame ni Kane wa Naru","4813","Kaeru no tame ni Kane wa Naru","380760","5040","662","2","14","0","0","75.55","Kaeru no tame ni Kane wa Naru"
"Madden NFL Mobile","4814","Madden NFL Mobile","380700","65520","121","5","166","0","0","5.81","Madden NFL Mobile"
"Gryphon Knight Epic","4815","Gryphon Knight Epic","380580","6780","2940","2","26","0","0","56.13","Gryphon Knight Epic"
"The Falling Nights","4816","The Falling Nights","380520","1320","1310","1","9","0","0","288.27","The Falling Nights"
"XERA: Survival","4817","XERA: Survival","380460","24900","294","8","80","0","0","15.28","XERA: Survival"
"Space Pirate Trainer","4818","Space Pirate Trainer","380160","61980","3003","4","311","0","0","6.13","Space Pirate Trainer"
"Darkestville Castle","4819","Darkestville Castle","379980","14520","580","2","33","0","0","26.17","Darkestville Castle"
"A Bug's Life","4820","A Bug's Life","379800","22380","1735","2","49","0","0","16.97","A Bug's Life"
"Poker Night at the Inventory","4821","Poker Night at the Inventory","379620","32880","1954","2","194","0","0","11.55","Poker Night at the Inventory"
"Beans: The Coffee Shop Simulator","4822","Beans: The Coffee Shop Simulator","379560","20820","1285","10","79","0","0","18.23","Beans: The Coffee Shop Simulator"
"Leisure Suit Larry in the Land of Lounge Lizards RELOADED","4823","Leisure Suit Larry in the Land of Lounge Lizards RELOADED","379260","6000","1139","2","22","0","0","63.21","Leisure Suit Larry in the Land of Lounge Lizards RELOADED"
"Dreadhalls","4824","Dreadhalls","379020","18720","773","2","86","0","0","20.25","Dreadhalls"
"Oishinbo: Kyukyoku no Menu 3bon Syoubu","4825","Oishinbo: Kyukyoku no Menu 3bon Syoubu","378900","420","4311","3","1","0","0","902.14","Oishinbo: Kyukyoku no Menu 3bon Syoubu"
"Lightspeed Frontier","4826","Lightspeed Frontier","378300","4020","301","3","15","0","0","94.1","Lightspeed Frontier"
"Brief Karate Foolish","4827","Brief Karate Foolish","378180","4920","2665","1","31","0","0","76.87","Brief Karate Foolish"
"King's Bounty: Armored Princess","4828","King's Bounty: Armored Princess","377820","31620","154","2","30","0","0","11.95","King's Bounty: Armored Princess"
"SWAT","4829","SWAT","377640","2040","2201","1","10","0","0","185.12","SWAT"
"Screeps","4830","Screeps","377220","66240","1120","3","78","0","0","5.69","Screeps"
"Pac-Man 2: The New Adventures","4831","Pac-Man 2: The New Adventures","377160","9840","1859","2","63","0","0","38.33","Pac-Man 2: The New Adventures"
"Flight Simulator","4832","Flight Simulator","377040","203040","121","4","403","0","0","1.86","Flight Simulator"
"Spider-Man: The Videogame","4833","Spider-Man: The Videogame","376920","34020","2252","3","51","0","0","11.08","Spider-Man: The Videogame"
"Half-Life Deathmatch: Source","4834","Half-Life Deathmatch: Source","376800","5280","3176","1","32","0","0","71.36","Half-Life Deathmatch: Source"
"Space Ace","4835","Space Ace","376620","5160","2666","3","28","0","0","72.99","Space Ace"
"RollerCoaster Tycoon World","4836","RollerCoaster Tycoon World","376260","46860","6609","2","182","0","0","8.03","RollerCoaster Tycoon World"
"Jikkyou Powerful Pro Yakyuu 8","4837","Jikkyou Powerful Pro Yakyuu 8","376140","5940","3035","2","1","0","0","63.32","Jikkyou Powerful Pro Yakyuu 8"
"Loading Screen Simulator","4838","Loading Screen Simulator","376020","25800","4388","4","189","0","0","14.57","Loading Screen Simulator"
"Daryl F. Gates' Police Quest: Open Season","4839","Daryl F. Gates' Police Quest: Open Season","375720","4800","2338","1","8","0","0","78.28","Daryl F. Gates' Police Quest: Open Season"
"Hexcells Infinite","4840","Hexcells Infinite","375240","21120","1526","2","76","0","0","17.77","Hexcells Infinite"
"Knee Deep","4841","Knee Deep","375240","13140","636","3","50","0","0","28.56","Knee Deep"
"Bigfoot Hunter","4842","Bigfoot Hunter","374880","1980","2564","1","10","0","0","189.33","Bigfoot Hunter"
"Yoshi's Island: Super Mario Advance 3","4843","Yoshi's Island: Super Mario Advance 3","374640","21900","1286","2","64","0","0","17.11","Yoshi's Island: Super Mario Advance 3"
"WWE Day of Reckoning 2","4844","WWE Day of Reckoning 2","374520","11400","1241","2","28","0","0","32.85","WWE Day of Reckoning 2"
"Ougon Musou Kyoku Cross","4845","Ougon Musou Kyoku Cross","374400","15480","165","3","18","0","0","24.19","Ougon Musou Kyoku Cross"
"Art is Dead","4846","Art is Dead","374400","7680","1310","2","16","0","0","48.75","Art is Dead"
"Yo-kai Watch","4847","Yo-kai Watch","374280","36060","151","2","57","0","0","10.38","Yo-kai Watch"
"The Incredible Adventures of Van Helsing","4848","The Incredible Adventures of Van Helsing","374280","186840","128","6","640","0","0","2","The Incredible Adventures of Van Helsing"
"KONOSUBA -God's blessing on this wonderful world! The Resurrection of Beldia","4849","KONOSUBA -God's blessing on this wonderful world! The Resurrection of Beldia","374100","42240","828","8","165","0","0","8.86","KONOSUBA -God's blessing on this wonderful world! The Resurrection of Beldia"
"Rigs Mechanized Combat League","4850","Rigs Mechanized Combat League","373860","153720","2370","12","795","0","0","2.43","Rigs Mechanized Combat League"
"Super Bomberman 3","4851","Super Bomberman 3","373860","25620","1671","6","69","0","0","14.59","Super Bomberman 3"
"Gyakuten Kenji 2","4852","Gyakuten Kenji 2","373680","59340","192","3","48","0","0","6.3","Gyakuten Kenji 2"
"Neo Contra","4853","Neo Contra","373560","2760","1133","1","2","0","0","135.35","Neo Contra"
"Dead to Rights: Retribution","4854","Dead to Rights: Retribution","373440","3840","2344","1","10","0","0","97.25","Dead to Rights: Retribution"
"Curious George","4855","Curious George","373380","6780","2160","2","20","0","0","55.07","Curious George"
"One-Two-Three","4856","One-Two-Three","373320","120","3132","1","0","0","0","3111","One-Two-Three"
"Tenchu: Stealth Assassins","4857","Tenchu: Stealth Assassins","373200","17580","362","2","61","0","0","21.23","Tenchu: Stealth Assassins"
"Warhammer 40,000: Dawn of War - Dark Crusade","4858","Warhammer 40,000: Dawn of War - Dark Crusade","373020","84420","399","4","251","0","0","4.42","Warhammer 40,000: Dawn of War - Dark Crusade"
"Tun Town","4859","Tun Town","372900","8640","464","3","7","0","0","43.16","Tun Town"
"Deadly Arts","4860","Deadly Arts","372900","960","6190","2","7","0","0","388.44","Deadly Arts"
"WWF SmackDown!","4861","WWF SmackDown!","372480","4380","2777","1","20","0","0","85.04","WWF SmackDown!"
"Super Mario Advance","4862","Super Mario Advance","372420","16200","840","6","84","0","0","22.99","Super Mario Advance"
"Street Fighter","4863","Street Fighter","371940","26580","953","3","92","0","0","13.99","Street Fighter"
"Mario Party DS","4864","Mario Party DS","371880","15180","255","2","37","0","0","24.5","Mario Party DS"
"Onechanbara Z2: Chaos","4865","Onechanbara Z2: Chaos","371760","83640","1122","3","311","0","0","4.44","Onechanbara Z2: Chaos"
"Mario Sports Mix","4866","Mario Sports Mix","371700","6600","2035","2","28","0","0","56.32","Mario Sports Mix"
"Solstice: The Quest for the Staff of Demnos","4867","Solstice: The Quest for the Staff of Demnos","371700","9660","593","1","11","0","0","38.48","Solstice: The Quest for the Staff of Demnos"
"Skeleton Boomerang","4868","Skeleton Boomerang","371700","7680","1044","2","37","0","0","48.4","Skeleton Boomerang"
"Mailbag Mayhem","4869","Mailbag Mayhem","371580","60","7742","1","0","0","0","6193","Mailbag Mayhem"
"Cars","4870","Cars","371460","15660","788","2","69","0","0","23.72","Cars"
"Tim Burton's The Nightmare Before Christmas: Oogie's Revenge","4871","Tim Burton's The Nightmare Before Christmas: Oogie's Revenge","371100","17160","1955","3","32","0","0","21.63","Tim Burton's The Nightmare Before Christmas: Oogie's Revenge"
"Street Fighter II: The World Warrior","4872","Street Fighter II: The World Warrior","370920","53400","962","3","142","0","0","6.95","Street Fighter II: The World Warrior"
"Primal Rage","4873","Primal Rage","370800","4740","5776","2","20","0","0","78.23","Primal Rage"
"Yu-Gi-Oh! The Eternal Duelist Soul","4874","Yu-Gi-Oh! The Eternal Duelist Soul","370680","13680","1929","2","37","0","0","27.1","Yu-Gi-Oh! The Eternal Duelist Soul"
"Dynasty Warriors 8: Empires","4875","Dynasty Warriors 8: Empires","370680","204540","368","5","672","0","0","1.81","Dynasty Warriors 8: Empires"
"No70: Eye of Basir","4876","No70: Eye of Basir","370620","12480","591","2","62","0","0","29.7","No70: Eye of Basir"
"Miner Ultra Adventures","4877","Miner Ultra Adventures","370380","15840","577","4","79","0","0","23.38","Miner Ultra Adventures"
"NBA 2K14","4878","NBA 2K14","369840","121560","2085","4","361","0","0","3.04","NBA 2K14"
"The Lord of the Rings: The Return of the King","4879","The Lord of the Rings: The Return of the King","369420","44280","204","3","122","0","0","8.34","The Lord of the Rings: The Return of the King"
"Phoenix Wright: Ace Attorney – Spirit of Justice","4880","Phoenix Wright: Ace Attorney – Spirit of Justice","369000","34860","253","2","34","0","0","10.59","Phoenix Wright: Ace Attorney – Spirit of Justice"
"Poochy & Yoshi's Woolly World","4881","Poochy & Yoshi's Woolly World","368160","20160","585","3","58","0","0","18.26","Poochy & Yoshi's Woolly World"
"Prismata","4882","Prismata","368100","39420","52","2","26","0","0","9.34","Prismata"
"Happy Farm","4883","Happy Farm","367200","3660","6680","1","2","0","0","100.33","Happy Farm"
"Circus Charlie","4884","Circus Charlie","366960","3120","1965","2","19","0","0","117.62","Circus Charlie"
"Waku Waku 7","4885","Waku Waku 7","366720","5580","5866","1","34","0","0","65.72","Waku Waku 7"
"Deadfall Adventures","4886","Deadfall Adventures","366540","74880","738","7","261","0","0","4.9","Deadfall Adventures"
"Gloom","4887","Gloom","366180","16260","1267","2","58","0","0","22.52","Gloom"
"Total Extreme Wrestling 2016","4888","Total Extreme Wrestling 2016","366180","100200","157","4","76","0","0","3.65","Total Extreme Wrestling 2016"
"No Thing","4889","No Thing","366060","37620","5132","4","261","0","0","9.73","No Thing"
"Quest for Glory IV: Shadows of Darkness","4890","Quest for Glory IV: Shadows of Darkness","366060","18240","1710","2","23","0","0","20.07","Quest for Glory IV: Shadows of Darkness"
"The Great Merchant","4891","The Great Merchant","365400","157620","48","3","29","0","0","2.32","The Great Merchant"
"The Hunter: Primal","4892","The Hunter: Primal","365340","35100","1907","3","153","0","0","10.41","The Hunter: Primal"
"10 Second Ninja X","4893","10 Second Ninja X","365280","76380","1026","7","529","0","0","4.78","10 Second Ninja X"
"Back to the Future","4894","Back to the Future","365220","21120","543","3","79","0","0","17.29","Back to the Future"
"Keitai Denjuu Telefang","4895","Keitai Denjuu Telefang","364980","1500","1363","1","6","0","0","243.32","Keitai Denjuu Telefang"
"Toy Story 2","4896","Toy Story 2","364860","14220","1842","5","63","0","0","25.66","Toy Story 2"
"Forsaken","4897","Forsaken","364440","1800","5913","1","7","0","0","202.47","Forsaken"
"NiGHTS into Dreams...","4898","NiGHTS into Dreams...","364440","49440","697","4","215","0","0","7.37","NiGHTS into Dreams..."
"Blades of Time","4899","Blades of Time","364440","47760","1495","3","130","0","0","7.63","Blades of Time"
"Battle Riders","4900","Battle Riders","363960","2520","5846","2","17","0","0","144.43","Battle Riders"