"","","Game","Watch time","Stream time","Peak viewers","Peak channels","Streamers","Average viewers","Average channels","Average viewer ratio",""
"Hatsune Miku: Project DIVA Arcade","13001","Hatsune Miku: Project DIVA Arcade","14460","2040","60","1","8","0","0","7.09","Hatsune Miku: Project DIVA Arcade"
"Silent Line: Armored Core","13002","Silent Line: Armored Core","14460","6000","25","1","12","0","0","2.41","Silent Line: Armored Core"
"BlackSite: Area 51","13003","BlackSite: Area 51","14460","2880","30","1","11","0","0","5.02","BlackSite: Area 51"
"Xuanyuan Jian 2","13004","Xuanyuan Jian 2","14460","1740","54","1","2","0","0","8.31","Xuanyuan Jian 2"
"Pump it up Infinity","13005","Pump it up Infinity","14460","6720","10","1","2","0","0","2.15","Pump it up Infinity"
"Eterium","13006","Eterium","14460","4560","15","1","13","0","0","3.17","Eterium"
"Primal Legends","13007","Primal Legends","14460","3240","13","1","2","0","0","4.46","Primal Legends"
"Damsel","13008","Damsel","14400","780","66","1","6","0","0","18.46","Damsel"
"Tom Clancy's Ghost Recon 2 - 2011: Final Assault","13009","Tom Clancy's Ghost Recon 2 - 2011: Final Assault","14400","1140","53","1","5","0","0","12.63","Tom Clancy's Ghost Recon 2 - 2011: Final Assault"
"Faeria: Strategy Card Game","13010","Faeria: Strategy Card Game","14400","4320","87","1","13","0","0","3.33","Faeria: Strategy Card Game"
"Heroes of Dire","13011","Heroes of Dire","14400","11940","10","1","21","0","0","1.21","Heroes of Dire"
"Germinator","13012","Germinator","14400","60","240","1","1","0","0","240","Germinator"
"Touhou 12.8 - Fairy Wars","13013","Touhou 12.8 - Fairy Wars","14400","4380","61","2","27","0","0","3.29","Touhou 12.8 - Fairy Wars"
"Sparkle 2","13014","Sparkle 2","14400","6720","194","2","30","0","0","2.14","Sparkle 2"
"Langrisser V: The End of Legend","13015","Langrisser V: The End of Legend","14400","1200","27","1","1","0","0","12","Langrisser V: The End of Legend"
"Tenchi Muyou! Game-Hen","13016","Tenchi Muyou! Game-Hen","14400","2280","41","1","6","0","0","6.32","Tenchi Muyou! Game-Hen"
"Farm Town","13017","Farm Town","14340","360","150","1","1","0","0","39.83","Farm Town"
"Harmful Park","13018","Harmful Park","14340","1320","86","1","7","0","0","10.86","Harmful Park"
"Spirits","13019","Spirits","14340","5100","40","1","27","0","0","2.81","Spirits"
"Rebirth","13020","Rebirth","14340","8940","13","2","49","0","0","1.6","Rebirth"
"007: Tomorrow Never Dies","13021","007: Tomorrow Never Dies","14340","5400","25","2","19","0","0","2.66","007: Tomorrow Never Dies"
"Project Spark","13022","Project Spark","14340","14640","11","2","70","0","0","0.98","Project Spark"
"Xenon Valkyrie","13023","Xenon Valkyrie","14340","6420","17","2","25","0","0","2.23","Xenon Valkyrie"
"Void","13024","Void","14340","8700","20","2","11","0","0","1.65","Void"
"Beat Da Beat","13025","Beat Da Beat","14340","6540","15","1","20","0","0","2.19","Beat Da Beat"
"Presentable Liberty","13026","Presentable Liberty","14340","4140","23","2","27","0","0","3.46","Presentable Liberty"
"PeaceMaker","13027","PeaceMaker","14340","120","146","1","1","0","0","119.5","PeaceMaker"
"Blanda","13028","Blanda","14280","180","138","1","2","0","0","79.33","Blanda"
"Torn Tales","13029","Torn Tales","14280","3300","20","1","19","0","0","4.33","Torn Tales"
"Samurai Sword","13030","Samurai Sword","14280","60","268","1","2","0","0","238","Samurai Sword"
"Donald Duck's Playground","13031","Donald Duck's Playground","14280","3960","28","2","12","0","0","3.61","Donald Duck's Playground"
"Asheron's Call: Throne of Destiny","13032","Asheron's Call: Throne of Destiny","14280","1200","125","1","3","0","0","11.9","Asheron's Call: Throne of Destiny"
"Makai Kingdom: Chronicles of the Sacred Tome","13033","Makai Kingdom: Chronicles of the Sacred Tome","14280","13320","8","1","13","0","0","1.07","Makai Kingdom: Chronicles of the Sacred Tome"
"Slave Zero","13034","Slave Zero","14280","1140","111","1","8","0","0","12.53","Slave Zero"
"Tetris Party","13035","Tetris Party","14280","3120","92","2","15","0","0","4.58","Tetris Party"
"Nuts & Milk","13036","Nuts & Milk","14280","3180","166","1","10","0","0","4.49","Nuts & Milk"
"Dynasty Warriors 7: Xtreme Legends","13037","Dynasty Warriors 7: Xtreme Legends","14280","2400","28","2","14","0","0","5.95","Dynasty Warriors 7: Xtreme Legends"
"Pro Evolution Soccer 3","13038","Pro Evolution Soccer 3","14280","1320","114","1","4","0","0","10.82","Pro Evolution Soccer 3"
"Midway Arcade Origins","13039","Midway Arcade Origins","14280","9180","25","2","52","0","0","1.56","Midway Arcade Origins"
"Greenies","13040","Greenies","14280","240","274","1","2","0","0","59.5","Greenies"
"Saint Seiya: Sanctuary Battle","13041","Saint Seiya: Sanctuary Battle","14280","6120","25","1","12","0","0","2.33","Saint Seiya: Sanctuary Battle"
"J.R.R Tolkien's Lord of the Rings: Volume One","13042","J.R.R Tolkien's Lord of the Rings: Volume One","14220","2040","21","1","4","0","0","6.97","J.R.R Tolkien's Lord of the Rings: Volume One"
"Class of Heroes","13043","Class of Heroes","14220","2100","13","1","1","0","0","6.77","Class of Heroes"
"Spy Fiction","13044","Spy Fiction","14220","1200","82","1","6","0","0","11.85","Spy Fiction"
"DK: King of Swing","13045","DK: King of Swing","14220","6840","18","4","9","0","0","2.08","DK: King of Swing"
"Warlock: Master of the Arcane","13046","Warlock: Master of the Arcane","14220","9900","7","1","22","0","0","1.44","Warlock: Master of the Arcane"
"Nebulous","13047","Nebulous","14220","12180","16","2","38","0","0","1.17","Nebulous"
"Asphalt Xtreme","13048","Asphalt Xtreme","14220","16920","55","2","84","0","0","0.84","Asphalt Xtreme"
"Crash Drive 2","13049","Crash Drive 2","14220","3900","25","4","26","0","0","3.65","Crash Drive 2"
"TaleSpire","13050","TaleSpire","14220","900","43","1","1","0","0","15.8","TaleSpire"
"Demolish & Build 2017","13051","Demolish & Build 2017","14220","8400","33","2","20","0","0","1.69","Demolish & Build 2017"
"Blazing Birds","13052","Blazing Birds","14220","660","110","1","2","0","0","21.55","Blazing Birds"
"Marrow","13053","Marrow","14160","1260","65","1","2","0","0","11.24","Marrow"
"CSI: Crime Scene Investigation - 3 Dimensions of Murder","13054","CSI: Crime Scene Investigation - 3 Dimensions of Murder","14160","1020","46","1","3","0","0","13.88","CSI: Crime Scene Investigation - 3 Dimensions of Murder"
"8-Bit Hordes","13055","8-Bit Hordes","14160","7380","11","2","36","0","0","1.92","8-Bit Hordes"
"The Showdown Effect","13056","The Showdown Effect","14160","4440","61","2","23","0","0","3.19","The Showdown Effect"
"Mobile Suit Gundam: Gundam vs. Gundam Next Plus","13057","Mobile Suit Gundam: Gundam vs. Gundam Next Plus","14160","3600","26","2","11","0","0","3.93","Mobile Suit Gundam: Gundam vs. Gundam Next Plus"
"Casino!","13058","Casino!","14160","9660","11","2","18","0","0","1.47","Casino!"
"Sparkle 2: Evo","13059","Sparkle 2: Evo","14160","3420","87","1","19","0","0","4.14","Sparkle 2: Evo"
"InuYasha: A Feudal Fairy Tale","13060","InuYasha: A Feudal Fairy Tale","14160","2580","24","1","13","0","0","5.49","InuYasha: A Feudal Fairy Tale"
"X³: Reunion","13061","X³: Reunion","14160","6480","27","1","20","0","0","2.19","X³: Reunion"
"Armored Core: Nexus","13062","Armored Core: Nexus","14160","5460","8","2","9","0","0","2.59","Armored Core: Nexus"
"Metal Max Returns","13063","Metal Max Returns","14160","2220","55","1","4","0","0","6.38","Metal Max Returns"
"Conspiracy: Weapons of Mass Destruction","13064","Conspiracy: Weapons of Mass Destruction","14160","420","116","1","1","0","0","33.71","Conspiracy: Weapons of Mass Destruction"
"Star Trek Timelines","13065","Star Trek Timelines","14160","11880","9","2","47","0","0","1.19","Star Trek Timelines"
"Robopon 2: Cross/Ring Version","13066","Robopon 2: Cross/Ring Version","14100","2820","33","1","6","0","0","5","Robopon 2: Cross/Ring Version"
"Monkey King Online","13067","Monkey King Online","14100","480","116","1","2","0","0","29.38","Monkey King Online"
"Rogue Shooter: The FPS Roguelike","13068","Rogue Shooter: The FPS Roguelike","14100","1260","117","1","7","0","0","11.19","Rogue Shooter: The FPS Roguelike"
"FIFA 06: Road To FIFA World Cup","13069","FIFA 06: Road To FIFA World Cup","14100","960","58","1","5","0","0","14.69","FIFA 06: Road To FIFA World Cup"
"Driv3r","13070","Driv3r","14100","8820","13","2","32","0","0","1.6","Driv3r"
"Burn Zombie Burn!","13071","Burn Zombie Burn!","14100","1260","228","1","8","0","0","11.19","Burn Zombie Burn!"
"Inazuma Eleven GO","13072","Inazuma Eleven GO","14100","3540","65","1","6","0","0","3.98","Inazuma Eleven GO"
"Earn To Die","13073","Earn To Die","14100","4140","54","2","24","0","0","3.41","Earn To Die"
"Wanderlust Adventures","13074","Wanderlust Adventures","14100","5340","35","1","18","0","0","2.64","Wanderlust Adventures"
"Age of Wonders","13075","Age of Wonders","14100","6480","19","2","18","0","0","2.18","Age of Wonders"
"Tour de France 2014","13076","Tour de France 2014","14100","7800","141","2","22","0","0","1.81","Tour de France 2014"
"IDOLiSH7","13077","IDOLiSH7","14100","2580","16","1","5","0","0","5.47","IDOLiSH7"
"Home is Where One Starts...","13078","Home is Where One Starts...","14100","1680","79","1","14","0","0","8.39","Home is Where One Starts..."
"Airheart - Tales of broken Wings","13079","Airheart - Tales of broken Wings","14100","1560","38","1","5","0","0","9.04","Airheart - Tales of broken Wings"
"Kai-ri-Sei Million Arthur","13080","Kai-ri-Sei Million Arthur","14100","5100","32","1","20","0","0","2.76","Kai-ri-Sei Million Arthur"
"Dimension Jump","13081","Dimension Jump","14100","1860","130","1","5","0","0","7.58","Dimension Jump"
"Heavy Nova","13082","Heavy Nova","14100","480","129","2","3","0","0","29.38","Heavy Nova"
"Rex: Another Island","13083","Rex: Another Island","14100","3480","27","4","15","0","0","4.05","Rex: Another Island"
"Dark Heritage: Guardians Of Hope","13084","Dark Heritage: Guardians Of Hope","14040","2460","16","1","4","0","0","5.71","Dark Heritage: Guardians Of Hope"
"猫肉「Cat Meat」","13085","猫肉「Cat Meat」","14040","2640","20","2","11","0","0","5.32","猫肉「Cat Meat」"
"Fabric","13086","Fabric","14040","2220","101","2","15","0","0","6.32","Fabric"
"4 Elements","13087","4 Elements","14040","2340","20","1","6","0","0","6","4 Elements"
"Armajet","13088","Armajet","14040","2820","30","1","8","0","0","4.98","Armajet"
"Super Blackjack Battle II Turbo: The Card Warriors","13089","Super Blackjack Battle II Turbo: The Card Warriors","14040","1020","93","1","6","0","0","13.76","Super Blackjack Battle II Turbo: The Card Warriors"
"Teenage Mutant Ninja Turtles: Arcade Attack","13090","Teenage Mutant Ninja Turtles: Arcade Attack","14040","5940","113","1","26","0","0","2.36","Teenage Mutant Ninja Turtles: Arcade Attack"
"Ikachan","13091","Ikachan","14040","1740","69","2","8","0","0","8.07","Ikachan"
"Wipeout 3","13092","Wipeout 3","14040","5520","28","2","16","0","0","2.54","Wipeout 3"
"Final Fight One","13093","Final Fight One","14040","2940","29","1","10","0","0","4.78","Final Fight One"
"REFLEC BEAT plus","13094","REFLEC BEAT plus","14040","3840","24","2","11","0","0","3.66","REFLEC BEAT plus"
"Hokuto no Ken: Seiki Matsukyu Seishi Densetsu","13095","Hokuto no Ken: Seiki Matsukyu Seishi Densetsu","14040","720","61","1","4","0","0","19.5","Hokuto no Ken: Seiki Matsukyu Seishi Densetsu"
"Hack The Game","13096","Hack The Game","14040","300","78","1","2","0","0","46.8","Hack The Game"
"Championship Manager: Season 00/01","13097","Championship Manager: Season 00/01","13980","1500","36","1","6","0","0","9.32","Championship Manager: Season 00/01"
"Adam's Venture Chronicles","13098","Adam's Venture Chronicles","13980","4200","12","1","13","0","0","3.33","Adam's Venture Chronicles"
"Tiger Woods PGA Tour 06","13099","Tiger Woods PGA Tour 06","13980","1800","35","1","6","0","0","7.77","Tiger Woods PGA Tour 06"
"Ultima Online: Age of Shadows","13100","Ultima Online: Age of Shadows","13980","10680","4","1","1","0","0","1.31","Ultima Online: Age of Shadows"