"","","Game","Watch time","Stream time","Peak viewers","Peak channels","Streamers","Average viewers","Average channels","Average viewer ratio",""
"Marauder","12901","Marauder","15000","660","73","1","3","0","0","22.73","Marauder"
"1943 Kai: Midway Kaisen","12902","1943 Kai: Midway Kaisen","15000","240","124","1","1","0","0","62.5","1943 Kai: Midway Kaisen"
"Volleyball","12903","Volleyball","15000","2940","37","1","18","0","0","5.1","Volleyball"
"Buried Buck$","12904","Buried Buck$","15000","2220","60","2","7","0","0","6.76","Buried Buck$"
"Gradius III and IV","12905","Gradius III and IV","15000","3480","42","1","12","0","0","4.31","Gradius III and IV"
"Angry Birds 2","12906","Angry Birds 2","15000","10680","11","2","58","0","0","1.4","Angry Birds 2"
"Toilet Tycoon","12907","Toilet Tycoon","14940","2040","52","1","7","0","0","7.32","Toilet Tycoon"
"Urban Strike","12908","Urban Strike","14940","1740","201","1","8","0","0","8.59","Urban Strike"
"Conquest of the Crystal Palace","12909","Conquest of the Crystal Palace","14940","1320","75","1","6","0","0","11.32","Conquest of the Crystal Palace"
"Arslan Senki","12910","Arslan Senki","14940","4020","10","1","10","0","0","3.72","Arslan Senki"
"Cities XL Platinum","12911","Cities XL Platinum","14940","7380","15","1","23","0","0","2.02","Cities XL Platinum"
"Starseed Pilgrim","12912","Starseed Pilgrim","14940","2880","19","1","10","0","0","5.19","Starseed Pilgrim"
"Video Reflex","12913","Video Reflex","14940","720","110","1","4","0","0","20.75","Video Reflex"
"Alien 8","12914","Alien 8","14940","60","249","1","1","0","0","249","Alien 8"
"Drone Tactics","12915","Drone Tactics","14940","1020","139","1","3","0","0","14.65","Drone Tactics"
"Severed","12916","Severed","14940","2520","25","2","10","0","0","5.93","Severed"
"Portal Walker","12917","Portal Walker","14940","3480","12","1","2","0","0","4.29","Portal Walker"
"Asura Blade: Sword of Dynasty","12918","Asura Blade: Sword of Dynasty","14940","900","245","1","2","0","0","16.6","Asura Blade: Sword of Dynasty"
"Jack*Bot","12919","Jack*Bot","14940","15780","28","1","6","0","0","0.95","Jack*Bot"
"Arelite Core","12920","Arelite Core","14940","2880","34","1","8","0","0","5.19","Arelite Core"
"Aerofly FS 2","12921","Aerofly FS 2","14940","13560","32","2","36","0","0","1.1","Aerofly FS 2"
"Get Wrecked","12922","Get Wrecked","14880","1140","92","1","6","0","0","13.05","Get Wrecked"
"FIVE: Champions of Canaan","12923","FIVE: Champions of Canaan","14880","2280","20","1","8","0","0","6.53","FIVE: Champions of Canaan"
"Delta Force: Land Warrior","12924","Delta Force: Land Warrior","14880","2880","80","1","11","0","0","5.17","Delta Force: Land Warrior"
"Raving Rabbids Party Collection","12925","Raving Rabbids Party Collection","14880","1020","125","1","3","0","0","14.59","Raving Rabbids Party Collection"
"RO: Idle Poring","12926","RO: Idle Poring","14880","7380","13","2","15","0","0","2.02","RO: Idle Poring"
"Danmaku Unlimited 3","12927","Danmaku Unlimited 3","14880","3540","58","1","20","0","0","4.2","Danmaku Unlimited 3"
"Eagle Island","12928","Eagle Island","14880","2640","30","2","18","0","0","5.64","Eagle Island"
"Super Solvers: Treasure Mountain!","12929","Super Solvers: Treasure Mountain!","14880","180","244","1","2","0","0","82.67","Super Solvers: Treasure Mountain!"
"Challenge of the Five Realms","12930","Challenge of the Five Realms","14880","240","76","1","1","0","0","62","Challenge of the Five Realms"
"One Must Fall: 2097","12931","One Must Fall: 2097","14880","5820","37","1","24","0","0","2.56","One Must Fall: 2097"
"Wasteland","12932","Wasteland","14880","5940","12","1","17","0","0","2.51","Wasteland"
"James Bond 007: Blood Stone","12933","James Bond 007: Blood Stone","14880","7200","11","1","22","0","0","2.07","James Bond 007: Blood Stone"
"Puzzle Bobble DS","12934","Puzzle Bobble DS","14880","240","98","1","1","0","0","62","Puzzle Bobble DS"
"Children of Mana","12935","Children of Mana","14880","16620","10","2","9","0","0","0.9","Children of Mana"
"Rainbow Moon","12936","Rainbow Moon","14880","23280","12","2","80","0","0","0.64","Rainbow Moon"
"Top Spin 4","12937","Top Spin 4","14820","5580","41","1","7","0","0","2.66","Top Spin 4"
"Chibi-Robo! Zip Lash","12938","Chibi-Robo! Zip Lash","14820","600","69","1","2","0","0","24.7","Chibi-Robo! Zip Lash"
"The Witcher: Rise of the White Wolf","12939","The Witcher: Rise of the White Wolf","14820","10680","23","1","19","0","0","1.39","The Witcher: Rise of the White Wolf"
"Talkman Travel","12940","Talkman Travel","14820","13080","66","2","17","0","0","1.13","Talkman Travel"
"Crystal Flux","12941","Crystal Flux","14820","3960","13","1","7","0","0","3.74","Crystal Flux"
"Super Cyborg","12942","Super Cyborg","14760","2580","25","2","9","0","0","5.72","Super Cyborg"
"Castle Burn - RTS Revolution","12943","Castle Burn - RTS Revolution","14760","360","69","1","0","0","0","41","Castle Burn - RTS Revolution"
"The Hive","12944","The Hive","14760","2340","89","1","12","0","0","6.31","The Hive"
"One Piece: Pirate Warriors","12945","One Piece: Pirate Warriors","14760","8340","18","2","38","0","0","1.77","One Piece: Pirate Warriors"
"7 Days a Skeptic","12946","7 Days a Skeptic","14760","3420","22","1","17","0","0","4.32","7 Days a Skeptic"
"Street Gears","12947","Street Gears","14760","1320","46","2","7","0","0","11.18","Street Gears"
"The Settlers: Rise of an Empire – The Eastern Realm","12948","The Settlers: Rise of an Empire – The Eastern Realm","14760","5520","16","1","11","0","0","2.67","The Settlers: Rise of an Empire – The Eastern Realm"
"Musashi no Bouken","12949","Musashi no Bouken","14760","600","112","1","2","0","0","24.6","Musashi no Bouken"
"You Don't Know Jack Movies","12950","You Don't Know Jack Movies","14760","600","140","1","8","0","0","24.6","You Don't Know Jack Movies"
"Leisure Suit Larry: Box Office Bust","12951","Leisure Suit Larry: Box Office Bust","14700","840","109","1","5","0","0","17.5","Leisure Suit Larry: Box Office Bust"
"Nimbus","12952","Nimbus","14700","4560","20","4","14","0","0","3.22","Nimbus"
"Let's Sing 2015","12953","Let's Sing 2015","14700","120","132","1","2","0","0","122.5","Let's Sing 2015"
"Hunting Unlimited","12954","Hunting Unlimited","14700","660","70","1","4","0","0","22.27","Hunting Unlimited"
"My Little Pony: Power Ponies","12955","My Little Pony: Power Ponies","14700","9420","11","2","16","0","0","1.56","My Little Pony: Power Ponies"
"PathPix","12956","PathPix","14700","7200","6","1","2","0","0","2.04","PathPix"
"Bushido Blade 2","12957","Bushido Blade 2","14700","4620","21","1","22","0","0","3.18","Bushido Blade 2"
"Marvel Super Heroes in War of the Gems","12958","Marvel Super Heroes in War of the Gems","14700","6720","17","1","24","0","0","2.19","Marvel Super Heroes in War of the Gems"
"Harvest Moon GB","12959","Harvest Moon GB","14700","6960","13","2","15","0","0","2.11","Harvest Moon GB"
"Really Big Sky","12960","Really Big Sky","14700","2400","75","1","17","0","0","6.13","Really Big Sky"
"James Bond 007","12961","James Bond 007","14700","6120","25","2","43","0","0","2.4","James Bond 007"
"Music on: Electric Guitar","12962","Music on: Electric Guitar","14700","13080","12","1","27","0","0","1.12","Music on: Electric Guitar"
"ICEBOX: Speedgunner","12963","ICEBOX: Speedgunner","14700","1920","77","1","11","0","0","7.66","ICEBOX: Speedgunner"
"Z-MMO","12964","Z-MMO","14700","5100","12","1","11","0","0","2.88","Z-MMO"
"Warp & Warp","12965","Warp & Warp","14700","420","55","1","1","0","0","35","Warp & Warp"
"Tom and Jerry: War of the Whiskers","12966","Tom and Jerry: War of the Whiskers","14700","2220","73","1","12","0","0","6.62","Tom and Jerry: War of the Whiskers"
"Calendula","12967","Calendula","14700","1860","126","1","14","0","0","7.9","Calendula"
"Harmonix Music VR","12968","Harmonix Music VR","14640","17040","65","2","80","0","0","0.86","Harmonix Music VR"
"Final Fantasy XIV: Stormblood","12969","Final Fantasy XIV: Stormblood","14640","3960","56","2","70","0","0","3.7","Final Fantasy XIV: Stormblood"
"8Bit Fiesta","12970","8Bit Fiesta","14640","2220","88","1","9","0","0","6.59","8Bit Fiesta"
"Krusty's Fun House","12971","Krusty's Fun House","14640","4740","76","1","12","0","0","3.09","Krusty's Fun House"
"Shinobido: Way of the Ninja","12972","Shinobido: Way of the Ninja","14640","6540","13","1","12","0","0","2.24","Shinobido: Way of the Ninja"
"Kabus 22","12973","Kabus 22","14640","1740","30","1","7","0","0","8.41","Kabus 22"
"Oneechanbara Z2: Chaos","12974","Oneechanbara Z2: Chaos","14640","1620","70","1","7","0","0","9.04","Oneechanbara Z2: Chaos"
"Pocket Monsters Advanced Generation : Hiragana Katakana Kakechata!","12975","Pocket Monsters Advanced Generation : Hiragana Katakana Kakechata!","14640","2760","184","1","1","0","0","5.3","Pocket Monsters Advanced Generation : Hiragana Katakana Kakechata!"
"That's So Raven 2: Supernatural Style","12976","That's So Raven 2: Supernatural Style","14640","720","45","1","2","0","0","20.33","That's So Raven 2: Supernatural Style"
"Fast & Furious: Showdown","12977","Fast & Furious: Showdown","14640","1740","27","1","9","0","0","8.41","Fast & Furious: Showdown"
"The Italian Job","12978","The Italian Job","14640","3960","42","1","9","0","0","3.7","The Italian Job"
"Creeper World 2","12979","Creeper World 2","14580","5160","72","1","8","0","0","2.83","Creeper World 2"
"Star Trek Legacy","12980","Star Trek Legacy","14580","8100","17","1","6","0","0","1.8","Star Trek Legacy"
"Klonoa Heroes: Densetsu no Star Medal","12981","Klonoa Heroes: Densetsu no Star Medal","14580","2340","18","1","3","0","0","6.23","Klonoa Heroes: Densetsu no Star Medal"
"Dragon Saber: After Story of Dragon Spirit","12982","Dragon Saber: After Story of Dragon Spirit","14580","300","112","1","0","0","0","48.6","Dragon Saber: After Story of Dragon Spirit"
"Mighty Max","12983","Mighty Max","14580","240","99","1","2","0","0","60.75","Mighty Max"
"Starship Titanic","12984","Starship Titanic","14580","3780","25","1","9","0","0","3.86","Starship Titanic"
"Magicka: Wizard Wars","12985","Magicka: Wizard Wars","14580","5400","22","2","19","0","0","2.7","Magicka: Wizard Wars"
"1982","12986","1982","14580","7860","26","2","59","0","0","1.85","1982"
"Final Fight Revenge","12987","Final Fight Revenge","14580","1620","50","1","4","0","0","9","Final Fight Revenge"
"Bearslayer","12988","Bearslayer","14520","180","133","1","1","0","0","80.67","Bearslayer"
"Arcaea","12989","Arcaea","14520","3240","31","1","18","0","0","4.48","Arcaea"
"Manos: The Hands of Fate","12990","Manos: The Hands of Fate","14520","3240","21","2","19","0","0","4.48","Manos: The Hands of Fate"
"God Eater 2","12991","God Eater 2","14520","3600","59","2","20","0","0","4.03","God Eater 2"
"Nail'd","12992","Nail'd","14520","2700","109","1","19","0","0","5.38","Nail'd"
"Grim Tales: The Wishes","12993","Grim Tales: The Wishes","14520","3480","36","1","5","0","0","4.17","Grim Tales: The Wishes"
"Bird Week","12994","Bird Week","14520","3960","39","1","3","0","0","3.67","Bird Week"
"Emperor: Battle for Dune","12995","Emperor: Battle for Dune","14520","6000","28","1","19","0","0","2.42","Emperor: Battle for Dune"
"Toys","12996","Toys","14520","4860","80","1","10","0","0","2.99","Toys"
"Blokus","12997","Blokus","14460","1800","15","1","3","0","0","8.03","Blokus"
"Todd's Adventures in Slime World","12998","Todd's Adventures in Slime World","14460","480","86","1","3","0","0","30.13","Todd's Adventures in Slime World"
"Shadow Blade: Reload","12999","Shadow Blade: Reload","14460","4260","40","1","30","0","0","3.39","Shadow Blade: Reload"
"Guilty Gear X2","13000","Guilty Gear X2","14460","2100","49","1","14","0","0","6.89","Guilty Gear X2"