"","","Game","Watch time","Stream time","Peak viewers","Peak channels","Streamers","Average viewers","Average channels","Average viewer ratio",""
"Ancient Amuletor","9601","Ancient Amuletor","46380","6660","206","2","44","0","0","6.96","Ancient Amuletor"
"Legends Of Ellaria","9602","Legends Of Ellaria","46380","11340","143","3","56","0","0","4.09","Legends Of Ellaria"
"Half-Life 2: Episode Three","9603","Half-Life 2: Episode Three","46320","10020","86","2","35","0","0","4.62","Half-Life 2: Episode Three"
"CheetahMen II","9604","CheetahMen II","46260","960","675","1","8","0","0","48.19","CheetahMen II"
"Zombie Driver","9605","Zombie Driver","46260","19200","120","4","84","0","0","2.41","Zombie Driver"
"Microsoft Flight Simulator X: Acceleration","9606","Microsoft Flight Simulator X: Acceleration","46260","74760","21","3","61","0","0","0.62","Microsoft Flight Simulator X: Acceleration"
"MaxControl","9607","MaxControl","46260","300","517","2","2","0","0","154.2","MaxControl"
"Emergency Call Ambulance","9608","Emergency Call Ambulance","46260","3120","444","1","11","0","0","14.83","Emergency Call Ambulance"
"Roller Coaster Tycoon 3D","9609","Roller Coaster Tycoon 3D","46200","15660","76","2","82","0","0","2.95","Roller Coaster Tycoon 3D"
"Peter Pan in Disney's Return to Neverland","9610","Peter Pan in Disney's Return to Neverland","46200","300","481","1","3","0","0","154","Peter Pan in Disney's Return to Neverland"
"Sky Kid","9611","Sky Kid","46140","9900","49","2","8","0","0","4.66","Sky Kid"
"The Hidden: Source","9612","The Hidden: Source","46140","19980","47","5","122","0","0","2.31","The Hidden: Source"
"The Shadows of Mordor","9613","The Shadows of Mordor","46140","5400","244","2","22","0","0","8.54","The Shadows of Mordor"
"MyWorld","9614","MyWorld","46140","13440","41","2","75","0","0","3.43","MyWorld"
"Ao Oni 2","9615","Ao Oni 2","46080","660","174","1","1","0","0","69.82","Ao Oni 2"
"The Dungeon Power","9616","The Dungeon Power","46080","3600","381","1","3","0","0","12.8","The Dungeon Power"
"Mr. Robot","9617","Mr. Robot","46080","420","554","1","5","0","0","109.71","Mr. Robot"
"Trans-Galactic Tournament","9618","Trans-Galactic Tournament","46080","40980","20","3","117","0","0","1.12","Trans-Galactic Tournament"
"Lunar: Walking School","9619","Lunar: Walking School","46080","540","110","1","0","0","0","85.33","Lunar: Walking School"
"Serena","9620","Serena","46020","12900","35","2","115","0","0","3.57","Serena"
"Invector","9621","Invector","46020","6180","108","2","0","0","0","7.45","Invector"
"Wiki Read: Wikipedia for Xbox","9622","Wiki Read: Wikipedia for Xbox","46020","80640","229","2","4","0","0","0.57","Wiki Read: Wikipedia for Xbox"
"Back to Gaya","9623","Back to Gaya","45960","480","1117","1","2","0","0","95.75","Back to Gaya"
"Ring of Red","9624","Ring of Red","45960","6360","85","2","14","0","0","7.23","Ring of Red"
"Rampart","9625","Rampart","45960","2040","102","1","11","0","0","22.53","Rampart"
"XBlaze Code: Embryo","9626","XBlaze Code: Embryo","45960","2100","479","1","6","0","0","21.89","XBlaze Code: Embryo"
"Chocobo's Dungeon 2","9627","Chocobo's Dungeon 2","45960","8400","75","1","24","0","0","5.47","Chocobo's Dungeon 2"
"Lionheart: Legacy of the Crusader","9628","Lionheart: Legacy of the Crusader","45900","26640","37","1","11","0","0","1.72","Lionheart: Legacy of the Crusader"
"Interplanetary","9629","Interplanetary","45840","17700","29","2","70","0","0","2.59","Interplanetary"
"Code Lyoko: Quest for Infinity","9630","Code Lyoko: Quest for Infinity","45840","14100","76","2","14","0","0","3.25","Code Lyoko: Quest for Infinity"
"Super Monkey Ball: Banana Blitz","9631","Super Monkey Ball: Banana Blitz","45840","6120","36","1","23","0","0","7.49","Super Monkey Ball: Banana Blitz"
"Riot Zone","9632","Riot Zone","45840","240","763","1","1","0","0","191","Riot Zone"
"ArchLord","9633","ArchLord","45840","11340","38","2","16","0","0","4.04","ArchLord"
"Cosmo's Quickstop","9634","Cosmo's Quickstop","45840","2640","124","2","9","0","0","17.36","Cosmo's Quickstop"
"Flying Corps","9635","Flying Corps","45840","60","799","1","1","0","0","764","Flying Corps"
"Zork II: The Wizard of Frobozz","9636","Zork II: The Wizard of Frobozz","45840","2880","48","1","4","0","0","15.92","Zork II: The Wizard of Frobozz"
"Super Mario Maker for Nintendo 3DS","9637","Super Mario Maker for Nintendo 3DS","45780","9000","206","2","35","0","0","5.09","Super Mario Maker for Nintendo 3DS"
"Drive!Drive!Drive!","9638","Drive!Drive!Drive!","45780","2400","227","1","26","0","0","19.08","Drive!Drive!Drive!"
"HammerHelm","9639","HammerHelm","45780","2700","531","1","20","0","0","16.96","HammerHelm"
"Sound Voltex III Gravity Wars e-Amusement Cloud","9640","Sound Voltex III Gravity Wars e-Amusement Cloud","45780","14700","36","3","18","0","0","3.11","Sound Voltex III Gravity Wars e-Amusement Cloud"
"F.E.A.R. Combat","9641","F.E.A.R. Combat","45780","13740","60","2","55","0","0","3.33","F.E.A.R. Combat"
"Nightmare Busters","9642","Nightmare Busters","45780","4860","29","2","9","0","0","9.42","Nightmare Busters"
"Super Robot Taisen Original Generation 2","9643","Super Robot Taisen Original Generation 2","45780","12060","54","2","15","0","0","3.8","Super Robot Taisen Original Generation 2"
"Astérix","9644","Astérix","45720","5640","44","2","16","0","0","8.11","Astérix"
"Disney's Magical Quest 3 starring Mickey and Donald","9645","Disney's Magical Quest 3 starring Mickey and Donald","45720","4920","312","2","12","0","0","9.29","Disney's Magical Quest 3 starring Mickey and Donald"
"Help Wanted","9646","Help Wanted","45720","11940","82","1","24","0","0","3.83","Help Wanted"
"Biker Mice from Mars","9647","Biker Mice from Mars","45720","6240","161","1","30","0","0","7.33","Biker Mice from Mars"
"Team","9648","Team","45720","53280","84","2","100","0","0","0.86","Team"
"Star Wolves 3: Civil War","9649","Star Wolves 3: Civil War","45660","7800","41","1","6","0","0","5.85","Star Wolves 3: Civil War"
"Romance of the Three Kingdoms X","9650","Romance of the Three Kingdoms X","45660","6660","61","2","11","0","0","6.86","Romance of the Three Kingdoms X"
"Jim Power: The Lost Dimension in 3D","9651","Jim Power: The Lost Dimension in 3D","45660","2700","221","3","15","0","0","16.91","Jim Power: The Lost Dimension in 3D"
"Kid Dracula","9652","Kid Dracula","45660","9120","81","3","37","0","0","5.01","Kid Dracula"
"El Shaddai: Ascension of the Metatron","9653","El Shaddai: Ascension of the Metatron","45600","7920","53","1","16","0","0","5.76","El Shaddai: Ascension of the Metatron"
"Arc the Lad II","9654","Arc the Lad II","45600","9540","45","2","7","0","0","4.78","Arc the Lad II"
"High Octane Drift","9655","High Octane Drift","45600","29760","64","2","159","0","0","1.53","High Octane Drift"
"The Maw","9656","The Maw","45540","6600","245","2","31","0","0","6.9","The Maw"
"Disaster: Day of Crisis","9657","Disaster: Day of Crisis","45540","4140","182","1","7","0","0","11","Disaster: Day of Crisis"
"The Raven","9658","The Raven","45540","12420","28","2","29","0","0","3.67","The Raven"
"Feda: The Emblem of Justice","9659","Feda: The Emblem of Justice","45540","6000","90","1","3","0","0","7.59","Feda: The Emblem of Justice"
"Koihime Musou - A Heart-Throbbing, Maidenly Romance of the Three Kingdoms","9660","Koihime Musou - A Heart-Throbbing, Maidenly Romance of the Three Kingdoms","45540","360","699","1","2","0","0","126.5","Koihime Musou - A Heart-Throbbing, Maidenly Romance of the Three Kingdoms"
"The Lord of the Rings: The Two Towers","9661","The Lord of the Rings: The Two Towers","45420","14340","60","2","48","0","0","3.17","The Lord of the Rings: The Two Towers"
"Sumo Revise","9662","Sumo Revise","45420","720","493","2","6","0","0","63.08","Sumo Revise"
"Memoranda","9663","Memoranda","45420","4260","160","1","12","0","0","10.66","Memoranda"
"Oracle","9664","Oracle","45360","2280","372","1","13","0","0","19.89","Oracle"
"Pro Evolution Soccer 2012","9665","Pro Evolution Soccer 2012","45360","3300","405","1","16","0","0","13.75","Pro Evolution Soccer 2012"
"Wall-E","9666","Wall-E","45360","3660","116","1","14","0","0","12.39","Wall-E"
"Men of Valor","9667","Men of Valor","45360","12660","18","3","28","0","0","3.58","Men of Valor"
"Strategy Games","9668","Strategy Games","45300","45720","39","3","69","0","0","0.99","Strategy Games"
"Teenage Mutant Ninja Turtles II:  Back from the Sewers","9669","Teenage Mutant Ninja Turtles II:  Back from the Sewers","45300","3060","301","1","17","0","0","14.8","Teenage Mutant Ninja Turtles II:  Back from the Sewers"
"Captain Tsubasa: Dream Team","9670","Captain Tsubasa: Dream Team","45300","3300","85","4","0","0","0","13.73","Captain Tsubasa: Dream Team"
"SingStar: Queen","9671","SingStar: Queen","45240","600","132","1","3","0","0","75.4","SingStar: Queen"
"VCB: Why City - The Ballad Of Drunk Khovansky","9672","VCB: Why City - The Ballad Of Drunk Khovansky","45240","4200","251","1","30","0","0","10.77","VCB: Why City - The Ballad Of Drunk Khovansky"
"HoPiKo","9673","HoPiKo","45240","8940","94","2","50","0","0","5.06","HoPiKo"
"Inindo: Way of the Ninja","9674","Inindo: Way of the Ninja","45240","5580","42","2","7","0","0","8.11","Inindo: Way of the Ninja"
"Record of Lodoss War","9675","Record of Lodoss War","45240","5820","31","2","14","0","0","7.77","Record of Lodoss War"
"Sam & Max Episode 5: Reality 2.0","9676","Sam & Max Episode 5: Reality 2.0","45180","6180","63","1","26","0","0","7.31","Sam & Max Episode 5: Reality 2.0"
"Sex Games","9677","Sex Games","45180","3540","935","1","10","0","0","12.76","Sex Games"
"Carmageddon","9678","Carmageddon","45180","8940","201","2","27","0","0","5.05","Carmageddon"
"Party Golf","9679","Party Golf","45180","2640","331","1","17","0","0","17.11","Party Golf"
"Polybius","9680","Polybius","45120","15720","94","3","94","0","0","2.87","Polybius"
"CounterSpy","9681","CounterSpy","45120","7020","107","2","101","0","0","6.43","CounterSpy"
"Backyard Wrestling: Don't Try This at Home","9682","Backyard Wrestling: Don't Try This at Home","45120","900","204","1","4","0","0","50.13","Backyard Wrestling: Don't Try This at Home"
"KKND: Krush Kill 'n Destroy Xtreme","9683","KKND: Krush Kill 'n Destroy Xtreme","45060","3660","46","1","7","0","0","12.31","KKND: Krush Kill 'n Destroy Xtreme"
"Boppin'","9684","Boppin'","45060","240","796","1","3","0","0","187.75","Boppin'"
"Dream C Club","9685","Dream C Club","45060","1200","105","1","2","0","0","37.55","Dream C Club"
"Grandia Xtreme","9686","Grandia Xtreme","45060","12720","13","2","16","0","0","3.54","Grandia Xtreme"
"A.D. 2044","9687","A.D. 2044","45060","120","393","1","1","0","0","375.5","A.D. 2044"
"VTOL VR","9688","VTOL VR","45000","11940","202","2","45","0","0","3.77","VTOL VR"
"The Simpsons: Bart vs. the Space Mutants","9689","The Simpsons: Bart vs. the Space Mutants","45000","3660","80","3","19","0","0","12.3","The Simpsons: Bart vs. the Space Mutants"
"Mickey Mousecapade","9690","Mickey Mousecapade","45000","6540","154","3","20","0","0","6.88","Mickey Mousecapade"
"Mushroom Wars","9691","Mushroom Wars","45000","5640","203","1","37","0","0","7.98","Mushroom Wars"
"Border Down","9692","Border Down","45000","5640","22","1","6","0","0","7.98","Border Down"
"Magic Pengel: The Quest for Color","9693","Magic Pengel: The Quest for Color","44940","6900","102","1","22","0","0","6.51","Magic Pengel: The Quest for Color"
"how do you Do It?","9694","how do you Do It?","44940","1860","564","1","17","0","0","24.16","how do you Do It?"
"Train Simulator 2015","9695","Train Simulator 2015","44880","7020","133","2","30","0","0","6.39","Train Simulator 2015"
"Demon Truck","9696","Demon Truck","44880","120","747","1","1","0","0","374","Demon Truck"
"The Club","9697","The Club","44820","1080","262","1","6","0","0","41.5","The Club"
"Hotel Dusk: Room 215","9698","Hotel Dusk: Room 215","44820","14940","25","1","22","0","0","3","Hotel Dusk: Room 215"
"Danmaku Unlimited 2","9699","Danmaku Unlimited 2","44820","15180","133","3","51","0","0","2.95","Danmaku Unlimited 2"
"Low G Man: The Low Gravity Man","9700","Low G Man: The Low Gravity Man","44820","2040","148","2","8","0","0","21.97","Low G Man: The Low Gravity Man"