"","","Game","Watch time","Stream time","Peak viewers","Peak channels","Streamers","Average viewers","Average channels","Average viewer ratio",""
"Spelunker Collection","7601","Spelunker Collection","102060","2700","665","3","9","0","0","37.8","Spelunker Collection"
"0 A.D.","7602","0 A.D.","102060","37320","68","3","119","0","0","2.73","0 A.D."
"Evil Genome","7603","Evil Genome","102060","9300","70","2","39","0","0","10.97","Evil Genome"
"KoGaMa","7604","KoGaMa","102000","7860","882","2","22","0","0","12.98","KoGaMa"
"Start the Party","7605","Start the Party","102000","180","1683","1","3","0","0","566.67","Start the Party"
"Always Sometimes Monsters","7606","Always Sometimes Monsters","102000","29100","42","2","97","0","0","3.51","Always Sometimes Monsters"
"Captain Forever Remix","7607","Captain Forever Remix","101940","4500","317","1","23","0","0","22.65","Captain Forever Remix"
"Prince of Persia: The Sands of Time & Lara Croft Tomb Raider: The Prophecy","7608","Prince of Persia: The Sands of Time & Lara Croft Tomb Raider: The Prophecy","101940","6180","360","2","33","0","0","16.5","Prince of Persia: The Sands of Time & Lara Croft Tomb Raider: The Prophecy"
"Shark Simulator","7609","Shark Simulator","101760","2400","613","1","15","0","0","42.4","Shark Simulator"
"Abyss: The Wraiths of Eden","7610","Abyss: The Wraiths of Eden","101640","11940","121","2","40","0","0","8.51","Abyss: The Wraiths of Eden"
"Quest for Glory V: Dragon Fire","7611","Quest for Glory V: Dragon Fire","101640","10560","64","1","11","0","0","9.63","Quest for Glory V: Dragon Fire"
"Trip World","7612","Trip World","101580","6480","438","1","25","0","0","15.68","Trip World"
"Asta: The War of Tears and Winds","7613","Asta: The War of Tears and Winds","101460","17520","86","9","33","0","0","5.79","Asta: The War of Tears and Winds"
"WWE SmackDown! vs. RAW 2009","7614","WWE SmackDown! vs. RAW 2009","101460","6720","441","2","20","0","0","15.1","WWE SmackDown! vs. RAW 2009"
"Jigsaw Puzzle","7615","Jigsaw Puzzle","101460","16980","120","2","39","0","0","5.98","Jigsaw Puzzle"
"Big Mutha Truckers","7616","Big Mutha Truckers","101340","1620","833","1","8","0","0","62.56","Big Mutha Truckers"
"WCW vs. nWo: World Tour","7617","WCW vs. nWo: World Tour","101280","3120","660","1","17","0","0","32.46","WCW vs. nWo: World Tour"
"Gobliins 2: The Prince Buffoon","7618","Gobliins 2: The Prince Buffoon","101220","5940","63","1","9","0","0","17.04","Gobliins 2: The Prince Buffoon"
"Metal Warriors","7619","Metal Warriors","101220","5700","534","1","32","0","0","17.76","Metal Warriors"
"X-Blades","7620","X-Blades","101220","21600","235","2","94","0","0","4.69","X-Blades"
"Atom FIshing 2","7621","Atom FIshing 2","101220","30660","671","2","59","0","0","3.3","Atom FIshing 2"
"Under a Killing Moon","7622","Under a Killing Moon","101160","9720","109","1","18","0","0","10.41","Under a Killing Moon"
"Battle Royale","7623","Battle Royale","101160","50640","70","4","217","0","0","2","Battle Royale"
"The Cursed Crusade","7624","The Cursed Crusade","100920","6240","414","2","21","0","0","16.17","The Cursed Crusade"
"The Amazing Spider-Man vs. The Kingpin","7625","The Amazing Spider-Man vs. The Kingpin","100860","21180","77","2","70","0","0","4.76","The Amazing Spider-Man vs. The Kingpin"
"BlazBlue: Calamity Trigger","7626","BlazBlue: Calamity Trigger","100860","23100","887","2","110","0","0","4.37","BlazBlue: Calamity Trigger"
"Tuebor","7627","Tuebor","100860","17820","61","8","37","0","0","5.66","Tuebor"
"Alundra 2","7628","Alundra 2","100740","19560","134","2","27","0","0","5.15","Alundra 2"
"Grand Kingdom","7629","Grand Kingdom","100680","46560","52","3","150","0","0","2.16","Grand Kingdom"
"bit Dungeon","7630","bit Dungeon","100560","2220","245","1","11","0","0","45.3","bit Dungeon"
"Majesty","7631","Majesty","100500","15540","361","2","41","0","0","6.47","Majesty"
"Predator","7632","Predator","100440","3900","357","2","16","0","0","25.75","Predator"
"Unreal Championship 2: The Liandri Conflict","7633","Unreal Championship 2: The Liandri Conflict","100440","2280","1644","1","3","0","0","44.05","Unreal Championship 2: The Liandri Conflict"
"Hard Truck 2","7634","Hard Truck 2","100380","1440","543","1","6","0","0","69.71","Hard Truck 2"
"Airscape: The Fall of Gravity","7635","Airscape: The Fall of Gravity","100320","26580","155","3","155","0","0","3.77","Airscape: The Fall of Gravity"
"Teen Titans","7636","Teen Titans","100320","7200","762","2","23","0","0","13.93","Teen Titans"
"AdventureQuest Worlds","7637","AdventureQuest Worlds","100320","41280","89","3","119","0","0","2.43","AdventureQuest Worlds"
"The Lost Child","7638","The Lost Child","100320","25380","53","5","25","0","0","3.95","The Lost Child"
"Perkele! Suomi 100 Vuotta","7639","Perkele! Suomi 100 Vuotta","100320","420","644","1","0","0","0","238.86","Perkele! Suomi 100 Vuotta"
"Exploding Kittens","7640","Exploding Kittens","100260","7200","347","1","38","0","0","13.93","Exploding Kittens"
"Star Wars: Battlefront","7641","Star Wars: Battlefront","100200","59220","59","3","232","0","0","1.69","Star Wars: Battlefront"
"Scribblenauts Unmasked: A DC Comics Adventure","7642","Scribblenauts Unmasked: A DC Comics Adventure","100140","17340","199","2","78","0","0","5.78","Scribblenauts Unmasked: A DC Comics Adventure"
"Armed & Delirious","7643","Armed & Delirious","100140","540","462","1","1","0","0","185.44","Armed & Delirious"
"Dawn of Titans","7644","Dawn of Titans","100140","65760","16","2","21","0","0","1.52","Dawn of Titans"
"Wily & Right no RockBoard: That's Paradise","7645","Wily & Right no RockBoard: That's Paradise","100080","720","837","1","2","0","0","139","Wily & Right no RockBoard: That's Paradise"
"Brilliant Bob","7646","Brilliant Bob","100020","14940","258","2","67","0","0","6.69","Brilliant Bob"
"Sexy Adventures on Porn Island","7647","Sexy Adventures on Porn Island","99960","38820","74","3","72","0","0","2.57","Sexy Adventures on Porn Island"
"3D Pinball: Space Cadet","7648","3D Pinball: Space Cadet","99900","14700","157","3","85","0","0","6.8","3D Pinball: Space Cadet"
"Outbreak","7649","Outbreak","99900","10740","185","3","55","0","0","9.3","Outbreak"
"Last Window: The Secret of Cape West","7650","Last Window: The Secret of Cape West","99900","5820","104","2","6","0","0","17.16","Last Window: The Secret of Cape West"
"Gal*Gun 2","7651","Gal*Gun 2","99900","1380","936","1","4","0","0","72.39","Gal*Gun 2"
"Warlock","7652","Warlock","99840","4320","202","2","11","0","0","23.11","Warlock"
"Dragon Ball Z: Burst Limit","7653","Dragon Ball Z: Burst Limit","99840","4800","1415","1","18","0","0","20.8","Dragon Ball Z: Burst Limit"
"Curses 'N Chaos","7654","Curses 'N Chaos","99780","37680","145","4","220","0","0","2.65","Curses 'N Chaos"
"Yu-Gi-Oh! Power of Chaos: Yugi the Destiny","7655","Yu-Gi-Oh! Power of Chaos: Yugi the Destiny","99780","12900","452","2","41","0","0","7.73","Yu-Gi-Oh! Power of Chaos: Yugi the Destiny"
"The Age of Decadence","7656","The Age of Decadence","99660","23880","82","2","53","0","0","4.17","The Age of Decadence"
"Postal 2: Share the Pain","7657","Postal 2: Share the Pain","99600","3720","493","2","18","0","0","26.77","Postal 2: Share the Pain"
"Heaven and Hearth","7658","Heaven and Hearth","99600","9360","450","1","14","0","0","10.64","Heaven and Hearth"
"Infestation","7659","Infestation","99540","17100","731","2","79","0","0","5.82","Infestation"
"Blackguards 2","7660","Blackguards 2","99540","11160","116","2","23","0","0","8.92","Blackguards 2"
"The King of Fighters Online","7661","The King of Fighters Online","99540","1380","550","1","7","0","0","72.13","The King of Fighters Online"
"ISLANDS: Non-Places","7662","ISLANDS: Non-Places","99480","840","813","1","5","0","0","118.43","ISLANDS: Non-Places"
"Marvel Nemesis: Rise of the Imperfects","7663","Marvel Nemesis: Rise of the Imperfects","99420","5040","271","1","22","0","0","19.73","Marvel Nemesis: Rise of the Imperfects"
"Coin Crypt","7664","Coin Crypt","99360","6480","461","1","25","0","0","15.33","Coin Crypt"
"Project Tokyo Dolls","7665","Project Tokyo Dolls","99300","21540","110","4","33","0","0","4.61","Project Tokyo Dolls"
"Aliens Go Home Run","7666","Aliens Go Home Run","99240","1020","1161","1","8","0","0","97.29","Aliens Go Home Run"
"DoDonPachi Resurrection","7667","DoDonPachi Resurrection","99240","42360","289","2","111","0","0","2.34","DoDonPachi Resurrection"
"Dragon Ball Z: Ultimate Tenkaichi","7668","Dragon Ball Z: Ultimate Tenkaichi","99240","2700","1558","1","10","0","0","36.76","Dragon Ball Z: Ultimate Tenkaichi"
"Magical Drop III","7669","Magical Drop III","99180","10080","174","2","40","0","0","9.84","Magical Drop III"
"Sacred 3","7670","Sacred 3","99120","34440","56","2","135","0","0","2.88","Sacred 3"
"Ninja Spinki Challenges!!","7671","Ninja Spinki Challenges!!","99120","120","861","1","1","0","0","826","Ninja Spinki Challenges!!"
"Sonic the Fighters","7672","Sonic the Fighters","98940","15300","284","2","103","0","0","6.47","Sonic the Fighters"
"Hatsune Miku: Project Diva Dreamy Theater Extend","7673","Hatsune Miku: Project Diva Dreamy Theater Extend","98940","4740","307","2","9","0","0","20.87","Hatsune Miku: Project Diva Dreamy Theater Extend"
"Cyberia 2: Resurrection","7674","Cyberia 2: Resurrection","98940","660","967","1","3","0","0","149.91","Cyberia 2: Resurrection"
"Kyuuyaku Megami Tensei","7675","Kyuuyaku Megami Tensei","98880","19680","109","2","30","0","0","5.02","Kyuuyaku Megami Tensei"
"Realms of the Haunting","7676","Realms of the Haunting","98820","11460","927","2","41","0","0","8.62","Realms of the Haunting"
"World of Guns: Gun Disassembly","7677","World of Guns: Gun Disassembly","98820","24360","484","2","134","0","0","4.06","World of Guns: Gun Disassembly"
"Command & Conquer: Tiberian Sun Firestorm","7678","Command & Conquer: Tiberian Sun Firestorm","98820","14520","58","2","16","0","0","6.81","Command & Conquer: Tiberian Sun Firestorm"
"Necrosphere","7679","Necrosphere","98820","3780","195","1","22","0","0","26.14","Necrosphere"
"Clockwork Knight","7680","Clockwork Knight","98760","3660","745","1","12","0","0","26.98","Clockwork Knight"
"S2: Silent Storm","7681","S2: Silent Storm","98700","18900","35","2","23","0","0","5.22","S2: Silent Storm"
"Dead of the Brain: Shiryou no Sakebi","7682","Dead of the Brain: Shiryou no Sakebi","98700","1380","211","1","2","0","0","71.52","Dead of the Brain: Shiryou no Sakebi"
"Bloody Zombies","7683","Bloody Zombies","98640","11520","152","3","76","0","0","8.56","Bloody Zombies"
"Time Slip","7684","Time Slip","98520","780","1625","1","2","0","0","126.31","Time Slip"
"Tempest 2000","7685","Tempest 2000","98400","900","1679","1","5","0","0","109.33","Tempest 2000"
"Crowman & Wolfboy","7686","Crowman & Wolfboy","98400","420","871","1","2","0","0","234.29","Crowman & Wolfboy"
"Parodius","7687","Parodius","98340","8460","612","1","54","0","0","11.62","Parodius"
"İstanbul Kıyamet Vakti","7688","İstanbul Kıyamet Vakti","98340","14460","87","2","15","0","0","6.8","İstanbul Kıyamet Vakti"
"Wargame: European Escalation","7689","Wargame: European Escalation","98280","14640","90","2","43","0","0","6.71","Wargame: European Escalation"
"Cold War","7690","Cold War","98100","2700","564","1","6","0","0","36.33","Cold War"
"Seduce Me","7691","Seduce Me","98100","17580","95","2","60","0","0","5.58","Seduce Me"
"Donald Duck no Mahou no Boushi","7692","Donald Duck no Mahou no Boushi","98100","2520","331","2","11","0","0","38.93","Donald Duck no Mahou no Boushi"
"Are You Afraid of the Dark? The Tale of Orpheo's Curse","7693","Are You Afraid of the Dark? The Tale of Orpheo's Curse","98100","2700","307","1","6","0","0","36.33","Are You Afraid of the Dark? The Tale of Orpheo's Curse"
"Angels with Scaly Wings","7694","Angels with Scaly Wings","98100","20280","35","2","38","0","0","4.84","Angels with Scaly Wings"
"Stranger of Sword City","7695","Stranger of Sword City","98040","42120","42","3","80","0","0","2.33","Stranger of Sword City"
"World in Conflict: Soviet Assault","7696","World in Conflict: Soviet Assault","98040","24300","213","3","43","0","0","4.03","World in Conflict: Soviet Assault"
"Eden Eternal","7697","Eden Eternal","97980","54000","20","3","118","0","0","1.81","Eden Eternal"
"Nancy Drew: Ghost Dogs of Moon Lake","7698","Nancy Drew: Ghost Dogs of Moon Lake","97980","9420","179","2","24","0","0","10.4","Nancy Drew: Ghost Dogs of Moon Lake"
"Pop'n TwinBee: Rainbow Bell Adventures","7699","Pop'n TwinBee: Rainbow Bell Adventures","97920","5460","450","2","10","0","0","17.93","Pop'n TwinBee: Rainbow Bell Adventures"
"SWAT 3: Close Quarters Battle","7700","SWAT 3: Close Quarters Battle","97680","6000","147","2","25","0","0","16.28","SWAT 3: Close Quarters Battle"