"","","Game","Watch time","Stream time","Peak viewers","Peak channels","Streamers","Average viewers","Average channels","Average viewer ratio",""
"Hope Lake","6001","Hope Lake","214380","11100","407","1","18","0","0","19.31","Hope Lake"
"Card Hunter","6002","Card Hunter","214260","78300","171","3","229","0","0","2.74","Card Hunter"
"Muchi Muchi Pork!","6003","Muchi Muchi Pork!","214080","7920","187","1","7","0","0","27.03","Muchi Muchi Pork!"
"Gauntlet: Seven Sorrows","6004","Gauntlet: Seven Sorrows","214020","3300","1009","1","11","0","0","64.85","Gauntlet: Seven Sorrows"
"DuckTales 2","6005","DuckTales 2","214020","20220","961","2","83","0","0","10.58","DuckTales 2"
"Jeopardy","6006","Jeopardy","213960","5220","840","2","23","0","0","40.99","Jeopardy"
"Spellspire","6007","Spellspire","213960","12660","814","3","47","0","0","16.9","Spellspire"
"Wall Street Kid","6008","Wall Street Kid","213900","840","1786","1","6","0","0","254.64","Wall Street Kid"
"Aladdin's Castle","6009","Aladdin's Castle","213840","3960","1308","1","15","0","0","54","Aladdin's Castle"
"Medal of Honor: Pacific Assault","6010","Medal of Honor: Pacific Assault","213840","68220","187","4","375","0","0","3.13","Medal of Honor: Pacific Assault"
"Maniac Mansion","6011","Maniac Mansion","213780","36660","1134","2","85","0","0","5.83","Maniac Mansion"
"Pocky & Rocky","6012","Pocky & Rocky","213780","12480","2035","2","69","0","0","17.13","Pocky & Rocky"
"Eternal Winter","6013","Eternal Winter","213780","7920","2286","2","39","0","0","26.99","Eternal Winter"
"Destruction Derby","6014","Destruction Derby","213600","3840","3206","1","10","0","0","55.63","Destruction Derby"
"Premium Brettspiele","6015","Premium Brettspiele","213600","240","1539","1","0","0","0","890","Premium Brettspiele"
"Dungeon Travelers 2-2","6016","Dungeon Travelers 2-2","213540","40380","115","5","8","0","0","5.29","Dungeon Travelers 2-2"
"Momentum Mod","6017","Momentum Mod","213360","32460","123","2","47","0","0","6.57","Momentum Mod"
"THE iDOLM@STER 2","6018","THE iDOLM@STER 2","213000","8220","394","1","14","0","0","25.91","THE iDOLM@STER 2"
"A.I.M.","6019","A.I.M.","212880","1920","436","1","2","0","0","110.88","A.I.M."
"MotoGP 15","6020","MotoGP 15","212700","45420","564","3","131","0","0","4.68","MotoGP 15"
"Sword Coast Legends","6021","Sword Coast Legends","212640","133380","83","4","352","0","0","1.59","Sword Coast Legends"
"FIFA Mobile","6022","FIFA Mobile","212520","60960","290","3","244","0","0","3.49","FIFA Mobile"
"Nefarious","6023","Nefarious","212400","35940","311","8","142","0","0","5.91","Nefarious"
"Need for Speed: Hot Pursuit 2","6024","Need for Speed: Hot Pursuit 2","212160","35580","552","4","126","0","0","5.96","Need for Speed: Hot Pursuit 2"
"Rock Band VR","6025","Rock Band VR","211980","7920","655","3","30","0","0","26.77","Rock Band VR"
"Lizzie McGuire 3: Homecoming Havoc","6026","Lizzie McGuire 3: Homecoming Havoc","211920","300","1829","1","2","0","0","706.4","Lizzie McGuire 3: Homecoming Havoc"
"Harvest Moon: Animal Parade","6027","Harvest Moon: Animal Parade","211920","32160","358","2","39","0","0","6.59","Harvest Moon: Animal Parade"
"Heroes of Order & Chaos","6028","Heroes of Order & Chaos","211860","65820","127","6","291","0","0","3.22","Heroes of Order & Chaos"
"Mario & Sonic at the Rio 2016 Olympic Games","6029","Mario & Sonic at the Rio 2016 Olympic Games","211740","4500","1241","1","17","0","0","47.05","Mario & Sonic at the Rio 2016 Olympic Games"
"Revolution 60","6030","Revolution 60","211620","2700","599","1","11","0","0","78.38","Revolution 60"
"WWE WrestleMania","6031","WWE WrestleMania","211560","2820","2737","2","8","0","0","75.02","WWE WrestleMania"
"Battlecode","6032","Battlecode","211500","3180","406","1","4","0","0","66.51","Battlecode"
"Dark Side of the Moon","6033","Dark Side of the Moon","211440","2400","141","1","2","0","0","88.1","Dark Side of the Moon"
"Gurumin: A Monstrous Adventure","6034","Gurumin: A Monstrous Adventure","211380","39480","200","2","100","0","0","5.35","Gurumin: A Monstrous Adventure"
"X.A.O.C Online","6035","X.A.O.C Online","211260","63720","16","3","17","0","0","3.32","X.A.O.C Online"
"Don Bradman Cricket 14","6036","Don Bradman Cricket 14","211140","28620","2097","2","66","0","0","7.38","Don Bradman Cricket 14"
"Notes of Obsession","6037","Notes of Obsession","210900","12120","893","2","94","0","0","17.4","Notes of Obsession"
"Penumbra: Requiem","6038","Penumbra: Requiem","210780","30540","104","3","109","0","0","6.9","Penumbra: Requiem"
"Pocket Starships","6039","Pocket Starships","210720","9840","231","1","4","0","0","21.41","Pocket Starships"
"Charlie Murder","6040","Charlie Murder","210240","29460","539","5","119","0","0","7.14","Charlie Murder"
"Marlow Briggs and the Mask of Death","6041","Marlow Briggs and the Mask of Death","210180","32340","178","4","95","0","0","6.5","Marlow Briggs and the Mask of Death"
"Speed Racer: The Videogame","6042","Speed Racer: The Videogame","210180","300","1833","1","3","0","0","700.6","Speed Racer: The Videogame"
"Colin McRae Rally 2005","6043","Colin McRae Rally 2005","209820","4620","859","1","11","0","0","45.42","Colin McRae Rally 2005"
"Castlevania: Lords of Shadow - Mirror of Fate","6044","Castlevania: Lords of Shadow - Mirror of Fate","209820","58140","66","3","131","0","0","3.61","Castlevania: Lords of Shadow - Mirror of Fate"
"LEGO Racers","6045","LEGO Racers","209700","17040","978","2","64","0","0","12.31","LEGO Racers"
"Speed Racer","6046","Speed Racer","209700","480","1759","1","3","0","0","436.88","Speed Racer"
"Koala Lumpur: Journey to the Edge","6047","Koala Lumpur: Journey to the Edge","209700","240","1103","1","1","0","0","873.75","Koala Lumpur: Journey to the Edge"
"Blocks from Hell","6048","Blocks from Hell","209700","300","1212","1","1","0","0","699","Blocks from Hell"
"Pokémon Puzzle Challenge","6049","Pokémon Puzzle Challenge","209640","34980","826","2","54","0","0","5.99","Pokémon Puzzle Challenge"
"Tiny Metal","6050","Tiny Metal","209460","17340","682","9","7","0","0","12.08","Tiny Metal"
"Zone of the Enders: The 2nd Runner","6051","Zone of the Enders: The 2nd Runner","209280","37980","169","2","73","0","0","5.51","Zone of the Enders: The 2nd Runner"
"Alphabear","6052","Alphabear","208980","3360","1635","2","15","0","0","62.2","Alphabear"
"Dragon Quest VIII: Sora to Umi to Daichi to Norowareshi Himegimi","6053","Dragon Quest VIII: Sora to Umi to Daichi to Norowareshi Himegimi","208860","5580","103","1","3","0","0","37.43","Dragon Quest VIII: Sora to Umi to Daichi to Norowareshi Himegimi"
"Zoda's Revenge: Star Tropics II","6054","Zoda's Revenge: Star Tropics II","208800","11100","742","2","28","0","0","18.81","Zoda's Revenge: Star Tropics II"
"Grisaia no Kajitsu","6055","Grisaia no Kajitsu","208800","30060","71","2","48","0","0","6.95","Grisaia no Kajitsu"
"Blood: The Last Vampire - Last Volume","6056","Blood: The Last Vampire - Last Volume","208800","60","3480","1","0","0","0","3480","Blood: The Last Vampire - Last Volume"
"Pulseman","6057","Pulseman","208440","3960","1672","3","17","0","0","52.64","Pulseman"
"Ninja Pizza Girl","6058","Ninja Pizza Girl","208320","15780","798","2","106","0","0","13.2","Ninja Pizza Girl"
"Solar Eclipse","6059","Solar Eclipse","208320","3480","1174","14","26","0","0","59.86","Solar Eclipse"
"Gemini Rue","6060","Gemini Rue","208140","17280","237","2","43","0","0","12.05","Gemini Rue"
"Cinderella Phenomenon","6061","Cinderella Phenomenon","208020","43260","76","6","109","0","0","4.81","Cinderella Phenomenon"
"Vivisector: Beast Within","6062","Vivisector: Beast Within","207900","720","2243","1","4","0","0","288.75","Vivisector: Beast Within"
"Bomberman: Act Zero","6063","Bomberman: Act Zero","207840","9900","1596","1","5","0","0","20.99","Bomberman: Act Zero"
"Fantasy Sports","6064","Fantasy Sports","207840","30540","1478","13","141","0","0","6.81","Fantasy Sports"
"Naruto Gekitou Ninja Taisen 4","6065","Naruto Gekitou Ninja Taisen 4","207660","16020","1440","2","33","0","0","12.96","Naruto Gekitou Ninja Taisen 4"
"Wheel of Fortune: Featuring Vanna White","6066","Wheel of Fortune: Featuring Vanna White","207540","1440","628","1","6","0","0","144.13","Wheel of Fortune: Featuring Vanna White"
"WWF SmackDown! 2: Know Your Role","6067","WWF SmackDown! 2: Know Your Role","207480","11700","878","2","40","0","0","17.73","WWF SmackDown! 2: Know Your Role"
"NES Remix Pack","6068","NES Remix Pack","207240","15180","2244","3","59","0","0","13.65","NES Remix Pack"
"Jurassic Park: Operation Genesis","6069","Jurassic Park: Operation Genesis","207180","29700","978","2","95","0","0","6.98","Jurassic Park: Operation Genesis"
"Ambre","6070","Ambre","207120","3600","1013","1","25","0","0","57.53","Ambre"
"Eternal Damnation","6071","Eternal Damnation","207060","360","860","1","1","0","0","575.17","Eternal Damnation"
"Painkiller Hell & Damnation","6072","Painkiller Hell & Damnation","207000","64500","411","3","246","0","0","3.21","Painkiller Hell & Damnation"
"WWE SmackDown! vs. RAW 2007","6073","WWE SmackDown! vs. RAW 2007","206940","18960","302","2","60","0","0","10.91","WWE SmackDown! vs. RAW 2007"
"Symphonic Rain","6074","Symphonic Rain","206940","14820","74","2","17","0","0","13.96","Symphonic Rain"
"Mighty No. 9: Ganbare! Beck","6075","Mighty No. 9: Ganbare! Beck","206940","6600","1597","2","34","0","0","31.35","Mighty No. 9: Ganbare! Beck"
"Elliot Quest","6076","Elliot Quest","206880","12240","364","3","42","0","0","16.9","Elliot Quest"
"Fat Princess Adventures","6077","Fat Princess Adventures","206820","21000","1752","4","452","0","0","9.85","Fat Princess Adventures"
"Spy Muppets: License To Croak","6078","Spy Muppets: License To Croak","206640","300","1788","1","3","0","0","688.8","Spy Muppets: License To Croak"
"Huntsman: The Orphanage","6079","Huntsman: The Orphanage","206580","4560","1301","1","30","0","0","45.3","Huntsman: The Orphanage"
"Fight Night Round 3","6080","Fight Night Round 3","206520","18720","1480","2","49","0","0","11.03","Fight Night Round 3"
"Satellite Reign","6081","Satellite Reign","206400","62880","159","4","212","0","0","3.28","Satellite Reign"
"Fire","6082","Fire","206280","6180","609","1","23","0","0","33.38","Fire"
"Evil Islands: Curse of the Lost Soul","6083","Evil Islands: Curse of the Lost Soul","206220","34740","134","2","34","0","0","5.94","Evil Islands: Curse of the Lost Soul"
"Theme Park","6084","Theme Park","206160","5700","1646","1","31","0","0","36.17","Theme Park"
"Snow Bros 2","6085","Snow Bros 2","206160","5280","898","2","29","0","0","39.05","Snow Bros 2"
"FIFA Soccer 13","6086","FIFA Soccer 13","205920","25680","609","2","98","0","0","8.02","FIFA Soccer 13"
"Mario & Luigi: Paper Jam","6087","Mario & Luigi: Paper Jam","205920","21120","1049","2","33","0","0","9.75","Mario & Luigi: Paper Jam"
"In the Shadows","6088","In the Shadows","205680","2400","1832","1","13","0","0","85.7","In the Shadows"
"Mushihime-Sama","6089","Mushihime-Sama","205620","43260","418","3","123","0","0","4.75","Mushihime-Sama"
"007: From Russia with Love","6090","007: From Russia with Love","205440","3180","445","1","11","0","0","64.6","007: From Russia with Love"
"Horizon","6091","Horizon","205320","28920","894","3","88","0","0","7.1","Horizon"
"Suikoden IV","6092","Suikoden IV","205020","40560","26","3","32","0","0","5.05","Suikoden IV"
"The Wizard of Oz","6093","The Wizard of Oz","205020","1800","710","2","6","0","0","113.9","The Wizard of Oz"
"Revelation","6094","Revelation","204960","50820","512","4","157","0","0","4.03","Revelation"
"Night at the Museum: Battle of the Smithsonian","6095","Night at the Museum: Battle of the Smithsonian","204840","1320","1717","1","2","0","0","155.18","Night at the Museum: Battle of the Smithsonian"
"Medieval 2","6096","Medieval 2","204780","43440","346","2","138","0","0","4.71","Medieval 2"
"Air Guitar Warrior","6097","Air Guitar Warrior","204660","1500","1205","1","7","0","0","136.44","Air Guitar Warrior"
"UnReal World","6098","UnReal World","204600","30480","321","2","46","0","0","6.71","UnReal World"
"Phantasy Star II","6099","Phantasy Star II","204480","46440","103","2","69","0","0","4.4","Phantasy Star II"
"MX vs. ATV Supercross","6100","MX vs. ATV Supercross","204420","24960","872","2","116","0","0","8.19","MX vs. ATV Supercross"