"","","Game","Watch time","Stream time","Peak viewers","Peak channels","Streamers","Average viewers","Average channels","Average viewer ratio",""
"Monopoly Tycoon","11201","Monopoly Tycoon","26520","540","223","1","4","0","0","49.11","Monopoly Tycoon"
"G-Senjou no Maou","11202","G-Senjou no Maou","26520","15840","16","2","7","0","0","1.67","G-Senjou no Maou"
"ModNation Racers","11203","ModNation Racers","26520","17640","35","3","18","0","0","1.5","ModNation Racers"
"The Moment of Silence","11204","The Moment of Silence","26460","5880","32","1","7","0","0","4.5","The Moment of Silence"
"Monopoly 3","11205","Monopoly 3","26460","2460","38","3","6","0","0","10.76","Monopoly 3"
"The Sims 2: Mansion & Garden Stuff","11206","The Sims 2: Mansion & Garden Stuff","26460","7800","18","2","25","0","0","3.39","The Sims 2: Mansion & Garden Stuff"
"Syndicate Wars","11207","Syndicate Wars","26460","2100","80","1","11","0","0","12.6","Syndicate Wars"
"Ara Fell","11208","Ara Fell","26460","9480","15","2","23","0","0","2.79","Ara Fell"
"Bubble Jungle","11209","Bubble Jungle","26460","300","546","1","3","0","0","88.2","Bubble Jungle"
"Bloodstained: Ritual of the Night","11210","Bloodstained: Ritual of the Night","26460","3540","92","1","22","0","0","7.47","Bloodstained: Ritual of the Night"
"Wario: Master of Disguise","11211","Wario: Master of Disguise","26400","2520","81","1","7","0","0","10.48","Wario: Master of Disguise"
"Faith of the Guardians","11212","Faith of the Guardians","26400","1380","40","1","0","0","0","19.13","Faith of the Guardians"
"Madagascar: Operation Penguin","11213","Madagascar: Operation Penguin","26400","3960","56","1","5","0","0","6.67","Madagascar: Operation Penguin"
"Dink Smallwood","11214","Dink Smallwood","26400","5340","39","2","16","0","0","4.94","Dink Smallwood"
"Neko","11215","Neko","26400","1980","413","1","11","0","0","13.33","Neko"
"Dracula: The Last Sanctuary","11216","Dracula: The Last Sanctuary","26400","3480","36","1","9","0","0","7.59","Dracula: The Last Sanctuary"
"Mugen Souls Z","11217","Mugen Souls Z","26400","13260","19","2","29","0","0","1.99","Mugen Souls Z"
"Super Street Fighter II Turbo HD Remix","11218","Super Street Fighter II Turbo HD Remix","26340","6540","72","1","33","0","0","4.03","Super Street Fighter II Turbo HD Remix"
"Doctor Who: Shadows of the Vashta Nerada","11219","Doctor Who: Shadows of the Vashta Nerada","26340","1020","100","1","6","0","0","25.82","Doctor Who: Shadows of the Vashta Nerada"
"Brandish VT","11220","Brandish VT","26340","4500","24","1","3","0","0","5.85","Brandish VT"
"Nine Princes in Amber","11221","Nine Princes in Amber","26340","660","73","1","1","0","0","39.91","Nine Princes in Amber"
"Apple Jack 2","11222","Apple Jack 2","26340","360","283","1","3","0","0","73.17","Apple Jack 2"
"Herald: An Interactive Period Drama","11223","Herald: An Interactive Period Drama","26340","2160","63","1","11","0","0","12.19","Herald: An Interactive Period Drama"
"Magic School Bus Explores the World of Animals","11224","Magic School Bus Explores the World of Animals","26280","120","302","1","1","0","0","219","Magic School Bus Explores the World of Animals"
"Western 1849 Reloaded","11225","Western 1849 Reloaded","26280","3000","71","1","14","0","0","8.76","Western 1849 Reloaded"
"Chiki Chiki Machine Mou Race","11226","Chiki Chiki Machine Mou Race","26280","240","249","1","2","0","0","109.5","Chiki Chiki Machine Mou Race"
"Arcanists","11227","Arcanists","26280","10800","20","1","9","0","0","2.43","Arcanists"
"Roll Away","11228","Roll Away","26280","7800","76","1","25","0","0","3.37","Roll Away"
"Monster Rancher 4","11229","Monster Rancher 4","26220","11400","17","2","28","0","0","2.3","Monster Rancher 4"
"Fable: The Journey","11230","Fable: The Journey","26220","540","221","1","3","0","0","48.56","Fable: The Journey"
"Pokémon Typing Adventure","11231","Pokémon Typing Adventure","26220","4860","109","2","23","0","0","5.4","Pokémon Typing Adventure"
"Warhammer: Mark of Chaos","11232","Warhammer: Mark of Chaos","26220","7140","43","2","12","0","0","3.67","Warhammer: Mark of Chaos"
"WWE Crush Hour","11233","WWE Crush Hour","26220","780","284","1","6","0","0","33.62","WWE Crush Hour"
"Ultima V: Warriors of Destiny","11234","Ultima V: Warriors of Destiny","26220","6960","48","1","7","0","0","3.77","Ultima V: Warriors of Destiny"
"SAELIG","11235","SAELIG","26220","14280","33","1","30","0","0","1.84","SAELIG"
"Burnout","11236","Burnout","26220","3360","237","1","14","0","0","7.8","Burnout"
"Battle Princess Madelyn","11237","Battle Princess Madelyn","26220","1320","163","1","13","0","0","19.86","Battle Princess Madelyn"
"Barrow Hill: The Dark Path","11238","Barrow Hill: The Dark Path","26220","660","402","1","8","0","0","39.73","Barrow Hill: The Dark Path"
"Cthulhu Realms","11239","Cthulhu Realms","26220","5940","114","1","15","0","0","4.41","Cthulhu Realms"
"7th Dragon III Code: VFD","11240","7th Dragon III Code: VFD","26220","6660","22","2","12","0","0","3.94","7th Dragon III Code: VFD"
"Lords of Midnight","11241","Lords of Midnight","26220","420","227","1","3","0","0","62.43","Lords of Midnight"
"Jeopardy!: America's Favorite Quiz Show","11242","Jeopardy!: America's Favorite Quiz Show","26160","1260","54","2","3","0","0","20.76","Jeopardy!: America's Favorite Quiz Show"
"PDC World Championship Darts","11243","PDC World Championship Darts","26160","660","92","1","0","0","0","39.64","PDC World Championship Darts"
"Lego Creator","11244","Lego Creator","26160","2460","160","1","14","0","0","10.63","Lego Creator"
"Operation Flashpoint: Cold War Crisis","11245","Operation Flashpoint: Cold War Crisis","26160","14220","46","2","31","0","0","1.84","Operation Flashpoint: Cold War Crisis"
"North & South","11246","North & South","26160","1740","240","1","9","0","0","15.03","North & South"
"Tales of the World: Radiant Mythology","11247","Tales of the World: Radiant Mythology","26160","6600","112","2","10","0","0","3.96","Tales of the World: Radiant Mythology"
"Keith Courage in Alpha Zones","11248","Keith Courage in Alpha Zones","26100","1440","65","2","6","0","0","18.13","Keith Courage in Alpha Zones"
"Hyper Void","11249","Hyper Void","26100","11400","194","2","75","0","0","2.29","Hyper Void"
"The Last Leviathan","11250","The Last Leviathan","26100","4260","63","1","25","0","0","6.13","The Last Leviathan"
"Death by Cube","11251","Death by Cube","26100","8940","44","1","1","0","0","2.92","Death by Cube"
"Kowloon's Gate VR: Suzaku","11252","Kowloon's Gate VR: Suzaku","26040","900","115","1","12","0","0","28.93","Kowloon's Gate VR: Suzaku"
"Die Gilde: Gaukler, Gruften & Geschütze","11253","Die Gilde: Gaukler, Gruften & Geschütze","26040","6060","144","2","25","0","0","4.3","Die Gilde: Gaukler, Gruften & Geschütze"
"Rageball","11254","Rageball","26040","600","244","2","5","0","0","43.4","Rageball"
"Black & White Bushido","11255","Black & White Bushido","26040","5880","63","3","48","0","0","4.43","Black & White Bushido"
"The House of the Dead: OVERKILL","11256","The House of the Dead: OVERKILL","26040","5820","75","1","25","0","0","4.47","The House of the Dead: OVERKILL"
"Super Dancer Online","11257","Super Dancer Online","26040","5700","96","2","24","0","0","4.57","Super Dancer Online"
"Mortal Kombat X Mobile","11258","Mortal Kombat X Mobile","26040","19380","59","2","38","0","0","1.34","Mortal Kombat X Mobile"
"Dark Void","11259","Dark Void","26040","15240","21","1","57","0","0","1.71","Dark Void"
"OMSI: The Bus Simulator","11260","OMSI: The Bus Simulator","26040","18120","16","2","37","0","0","1.44","OMSI: The Bus Simulator"
"Rayman Raving Rabbids 2","11261","Rayman Raving Rabbids 2","26040","1200","130","1","9","0","0","21.7","Rayman Raving Rabbids 2"
"Robot Alchemic Drive","11262","Robot Alchemic Drive","26040","6540","18","1","27","0","0","3.98","Robot Alchemic Drive"
"Red Crucible: Firestorm","11263","Red Crucible: Firestorm","25980","28380","75","2","105","0","0","0.92","Red Crucible: Firestorm"
"Star Trek: Away Team","11264","Star Trek: Away Team","25920","420","236","1","2","0","0","61.71","Star Trek: Away Team"
"Universal History of Light","11265","Universal History of Light","25920","120","431","1","1","0","0","216","Universal History of Light"
"Ricochet","11266","Ricochet","25920","9480","85","2","34","0","0","2.73","Ricochet"
"LEGO Universe","11267","LEGO Universe","25920","4020","42","4","16","0","0","6.45","LEGO Universe"
"Legend of Mir","11268","Legend of Mir","25920","12960","16","2","4","0","0","2","Legend of Mir"
"MyNBA2K16","11269","MyNBA2K16","25920","4620","27","2","8","0","0","5.61","MyNBA2K16"
"Open Season","11270","Open Season","25920","2160","98","1","11","0","0","12","Open Season"
"The Aquatic Adventure of the Last Human","11271","The Aquatic Adventure of the Last Human","25920","5220","224","1","22","0","0","4.97","The Aquatic Adventure of the Last Human"
"Fight Night 2004","11272","Fight Night 2004","25920","660","157","1","3","0","0","39.27","Fight Night 2004"
"Star Trek: The Video Game","11273","Star Trek: The Video Game","25920","660","67","1","2","0","0","39.27","Star Trek: The Video Game"
"Missile Command","11274","Missile Command","25860","4260","25","1","11","0","0","6.07","Missile Command"
"Zombies","11275","Zombies","25860","15720","114","3","73","0","0","1.65","Zombies"
"Way of the Samurai","11276","Way of the Samurai","25860","9720","20","1","29","0","0","2.66","Way of the Samurai"
"BEEP","11277","BEEP","25860","8640","37","2","42","0","0","2.99","BEEP"
"Guitar Hero: Aerosmith","11278","Guitar Hero: Aerosmith","25860","4500","24","1","23","0","0","5.75","Guitar Hero: Aerosmith"
"Cube 2: Sauerbraten","11279","Cube 2: Sauerbraten","25800","15300","20","2","70","0","0","1.69","Cube 2: Sauerbraten"
"Victory At Sea","11280","Victory At Sea","25800","3420","117","1","10","0","0","7.54","Victory At Sea"
"Arc Rise Fantasia","11281","Arc Rise Fantasia","25800","11100","41","2","11","0","0","2.32","Arc Rise Fantasia"
"Popeye Ijiwaru Majo: Sea Hag no Maki","11282","Popeye Ijiwaru Majo: Sea Hag no Maki","25800","660","80","1","1","0","0","39.09","Popeye Ijiwaru Majo: Sea Hag no Maki"
"Doombringer","11283","Doombringer","25800","3180","86","2","7","0","0","8.11","Doombringer"
"Peach Ball: Senran Kagura","11284","Peach Ball: Senran Kagura","25800","120","450","1","2","0","0","215","Peach Ball: Senran Kagura"
"Love Live! School Idol Paradise Vol. 2 BiBi Unit","11285","Love Live! School Idol Paradise Vol. 2 BiBi Unit","25800","240","128","1","1","0","0","107.5","Love Live! School Idol Paradise Vol. 2 BiBi Unit"
"Live Wire","11286","Live Wire","25800","1020","203","1","3","0","0","25.29","Live Wire"
"Homeworld: Cataclysm","11287","Homeworld: Cataclysm","25740","5280","82","2","13","0","0","4.88","Homeworld: Cataclysm"
"Skyling: Garden Defense","11288","Skyling: Garden Defense","25740","3960","52","4","15","0","0","6.5","Skyling: Garden Defense"
"Fresh Body","11289","Fresh Body","25740","3000","127","1","14","0","0","8.58","Fresh Body"
"Quattro Arcade","11290","Quattro Arcade","25740","900","50","1","1","0","0","28.6","Quattro Arcade"
"Floor Kids","11291","Floor Kids","25740","4140","51","4","0","0","0","6.22","Floor Kids"
"Flying Tigers","11292","Flying Tigers","25740","5100","95","2","32","0","0","5.05","Flying Tigers"
"Dance Central 2","11293","Dance Central 2","25740","2700","78","1","11","0","0","9.53","Dance Central 2"
"Etherlords","11294","Etherlords","25740","5760","20","1","6","0","0","4.47","Etherlords"
"Mobile Suit Gundam: Gundam vs. Zeta Gundam","11295","Mobile Suit Gundam: Gundam vs. Zeta Gundam","25740","5820","32","1","14","0","0","4.42","Mobile Suit Gundam: Gundam vs. Zeta Gundam"
"The Lost World Jurassic Park","11296","The Lost World Jurassic Park","25740","2340","158","1","11","0","0","11","The Lost World Jurassic Park"
"Trauma Center: Under the Knife 2","11297","Trauma Center: Under the Knife 2","25680","9960","14","2","10","0","0","2.58","Trauma Center: Under the Knife 2"
"Kickle Cubicle","11298","Kickle Cubicle","25680","3480","193","4","21","0","0","7.38","Kickle Cubicle"
"Shaman King: Master of Spirits","11299","Shaman King: Master of Spirits","25680","3540","186","1","12","0","0","7.25","Shaman King: Master of Spirits"
"Hannah Montana","11300","Hannah Montana","25680","600","110","1","4","0","0","42.8","Hannah Montana"