"","","Game","Watch time","Stream time","Peak viewers","Peak channels","Streamers","Average viewers","Average channels","Average viewer ratio",""
"Uurnog","2101","Uurnog","2616660","8400","7580","3","27","4","0","311.51","Uurnog"
"Jettomero: Hero of the Universe","2102","Jettomero: Hero of the Universe","2610300","6720","11576","3","41","4","0","388.44","Jettomero: Hero of the Universe"
"Warcube","2103","Warcube","2609340","7800","35866","3","52","4","0","334.53","Warcube"
"Metro Conflict: The Origin","2104","Metro Conflict: The Origin","2608980","52740","5512","8","80","4","0","49.47","Metro Conflict: The Origin"
"Garou: Mark of the Wolves","2105","Garou: Mark of the Wolves","2608860","68520","7374","3","302","4","0","38.07","Garou: Mark of the Wolves"
"Bayonetta 2","2106","Bayonetta 2","2608500","171840","2450","5","349","4","0","15.18","Bayonetta 2"
"Pokémon: Masters Arena","2107","Pokémon: Masters Arena","2607840","4140","9712","4","12","4","0","629.91","Pokémon: Masters Arena"
"Shadow Hearts: From the New World","2108","Shadow Hearts: From the New World","2606400","25980","7735","5","27","4","0","100.32","Shadow Hearts: From the New World"
"The Darkness II","2109","The Darkness II","2604960","184260","3592","6","710","4","0","14.14","The Darkness II"
"Silent Hill: 0rigins","2110","Silent Hill: 0rigins","2601420","73320","8047","3","166","4","0","35.48","Silent Hill: 0rigins"
"RollerCoaster Tycoon","2111","RollerCoaster Tycoon","2600100","218820","1152","5","654","4","0","11.88","RollerCoaster Tycoon"
"Wormix","2112","Wormix","2600100","85620","242","3","59","4","0","30.37","Wormix"
"Planet of Heroes","2113","Planet of Heroes","2598660","12900","7422","2","50","4","0","201.45","Planet of Heroes"
"Duke Nukem 3D","2114","Duke Nukem 3D","2598180","131160","5452","3","462","4","0","19.81","Duke Nukem 3D"
"Kingdoms of Amalur: Reckoning","2115","Kingdoms of Amalur: Reckoning","2595960","544860","780","8","1287","4","1","4.76","Kingdoms of Amalur: Reckoning"
"Torchlight II","2116","Torchlight II","2592540","705900","2342","10","2524","4","1","3.67","Torchlight II"
"Manual Samuel","2117","Manual Samuel","2583720","77280","9525","4","404","4","0","33.43","Manual Samuel"
"Metroid II: Return of Samus","2118","Metroid II: Return of Samus","2582520","294420","2577","7","726","4","0","8.77","Metroid II: Return of Samus"
"Devil Daggers","2119","Devil Daggers","2581140","425880","1896","6","1016","4","0","6.06","Devil Daggers"
"Shining Force II","2120","Shining Force II","2576880","146640","1059","5","128","4","0","17.57","Shining Force II"
"Boogeyman 2","2121","Boogeyman 2","2574180","15300","16905","2","95","4","0","168.25","Boogeyman 2"
"Hide and Shriek","2122","Hide and Shriek","2570160","110880","10356","24","905","4","0","23.18","Hide and Shriek"
"Assassin's Creed: The Ezio Collection","2123","Assassin's Creed: The Ezio Collection","2568480","241380","2369","6","3562","4","0","10.64","Assassin's Creed: The Ezio Collection"
"Mordheim: City of the Damned","2124","Mordheim: City of the Damned","2568420","345240","721","6","552","4","0","7.44","Mordheim: City of the Damned"
"Shadow Warrior","2125","Shadow Warrior","2568000","673020","472","28","2860","4","1","3.82","Shadow Warrior"
"Swords and Sandals II","2126","Swords and Sandals II","2567160","33060","8772","3","131","4","0","77.65","Swords and Sandals II"
"Oblivion","2127","Oblivion","2563500","641520","1512","9","2356","4","1","4","Oblivion"
"Batman: Arkham Origins","2128","Batman: Arkham Origins","2560320","605160","795","11","1419","4","1","4.23","Batman: Arkham Origins"
"Run!ZombieFood!","2129","Run!ZombieFood!","2556240","2340","7273","2","7","4","0","1092.41","Run!ZombieFood!"
"Fear of Clowns","2130","Fear of Clowns","2554020","12660","8921","2","84","4","0","201.74","Fear of Clowns"
"Worms Battlegrounds","2131","Worms Battlegrounds","2553360","506820","2806","36","3258","4","0","5.04","Worms Battlegrounds"
"Batman: Arkham VR","2132","Batman: Arkham VR","2550720","25620","16043","4","607","4","0","99.56","Batman: Arkham VR"
"Star Fox 64","2133","Star Fox 64","2548740","204480","3035","7","724","4","0","12.46","Star Fox 64"
"Can't Drive This","2134","Can't Drive This","2536020","15660","14210","4","101","4","0","161.94","Can't Drive This"
"Tom Clancy's Splinter Cell: Blacklist","2135","Tom Clancy's Splinter Cell: Blacklist","2530740","359820","1579","6","1112","4","0","7.03","Tom Clancy's Splinter Cell: Blacklist"
"Heroes of Might and Magic V","2136","Heroes of Might and Magic V","2530020","381660","387","7","476","4","0","6.63","Heroes of Might and Magic V"
"ICEY","2137","ICEY","2528760","189240","3349","12","933","4","0","13.36","ICEY"
"Darkstalkers 3","2138","Darkstalkers 3","2527980","59880","7630","3","125","4","0","42.22","Darkstalkers 3"
"Wakfu","2139","Wakfu","2525940","525180","273","9","972","4","0","4.81","Wakfu"
"Inmates","2140","Inmates","2524980","16500","15081","4","96","4","0","153.03","Inmates"
"Xenoblade Chronicles X","2141","Xenoblade Chronicles X","2523600","335220","372","7","481","4","0","7.53","Xenoblade Chronicles X"
"Phoenix Wright: Ace Attorney","2142","Phoenix Wright: Ace Attorney","2523420","238980","661","5","365","4","0","10.56","Phoenix Wright: Ace Attorney"
"Allods Online","2143","Allods Online","2522640","476700","2878","11","456","4","0","5.29","Allods Online"
"Mountain","2144","Mountain","2518920","96240","5277","3","295","4","0","26.17","Mountain"
"Sonic Adventure","2145","Sonic Adventure","2516940","181080","5692","8","659","4","0","13.9","Sonic Adventure"
"Condemned 2: Bloodshot","2146","Condemned 2: Bloodshot","2514060","13920","3080","2","26","4","0","180.61","Condemned 2: Bloodshot"
"Dustforce","2147","Dustforce","2509680","364500","526","10","347","4","0","6.89","Dustforce"
"Yume Penguin Monogatari","2148","Yume Penguin Monogatari","2509200","9480","117261","11","42","4","0","264.68","Yume Penguin Monogatari"
"Nameless ~The One Thing You Must Recall~","2149","Nameless ~The One Thing You Must Recall~","2503020","20760","2353","2","34","4","0","120.57","Nameless ~The One Thing You Must Recall~"
"Ultimate Fishing Simulator","2150","Ultimate Fishing Simulator","2502780","25620","4133","10","0","4","0","97.69","Ultimate Fishing Simulator"
"Lucy - The Eternity She Wished For -","2151","Lucy - The Eternity She Wished For -","2501760","67680","3383","4","181","4","0","36.96","Lucy - The Eternity She Wished For -"
"Alien Swarm: Reactive Drop","2152","Alien Swarm: Reactive Drop","2491080","418020","7702","21","2566","4","0","5.96","Alien Swarm: Reactive Drop"
"Broken Age","2153","Broken Age","2487780","167100","11481","4","458","4","0","14.89","Broken Age"
"Star Trek","2154","Star Trek","2484120","26880","10390","4","95","4","0","92.42","Star Trek"
"Arslan Senki x Musou","2155","Arslan Senki x Musou","2483160","26460","4153","2","73","4","0","93.85","Arslan Senki x Musou"
"Shuriken","2156","Shuriken","2483160","6600","114422","14","25","4","0","376.24","Shuriken"
"Downward","2157","Downward","2482200","26280","31389","4","111","4","0","94.45","Downward"
"Dragon Warrior VII","2158","Dragon Warrior VII","2480700","54360","1484","3","27","4","0","45.63","Dragon Warrior VII"
"Octopath Traveler","2159","Octopath Traveler","2480040","91440","4131","46","602","4","0","27.12","Octopath Traveler"
"OpenRCT2","2160","OpenRCT2","2479080","66600","877","3","116","4","0","37.22","OpenRCT2"
"Scratches","2161","Scratches","2473500","14640","11762","3","50","4","0","168.95","Scratches"
"Serious Sam 3: BFE","2162","Serious Sam 3: BFE","2471220","305640","8562","8","1234","4","0","8.09","Serious Sam 3: BFE"
"3on3 FreeStyle","2163","3on3 FreeStyle","2469720","865560","538","14","2859","4","1","2.85","3on3 FreeStyle"
"Warmachine & Hordes","2164","Warmachine & Hordes","2467620","422160","1501","4","64","4","0","5.85","Warmachine & Hordes"
"Dark Cloud 2","2165","Dark Cloud 2","2466840","313860","458","5","799","4","0","7.86","Dark Cloud 2"
"X-Men Origins: Wolverine","2166","X-Men Origins: Wolverine","2466360","35400","6926","3","103","4","0","69.67","X-Men Origins: Wolverine"
"Heroes of Might and Magic IV","2167","Heroes of Might and Magic IV","2463360","114420","5604","4","90","4","0","21.53","Heroes of Might and Magic IV"
"The Elder Scrolls: Arena","2168","The Elder Scrolls: Arena","2461980","82320","431","3","126","4","0","29.91","The Elder Scrolls: Arena"
"Deadly Premonition","2169","Deadly Premonition","2460420","72360","3229","4","162","4","0","34","Deadly Premonition"
"Fibbage","2170","Fibbage","2456040","199500","2164","8","1188","4","0","12.31","Fibbage"
"Camper Jumper Simulator","2171","Camper Jumper Simulator","2453220","1080","30939","1","9","4","0","2271.5","Camper Jumper Simulator"
"TimeSplitters 2","2172","TimeSplitters 2","2451120","83640","3910","4","209","4","0","29.31","TimeSplitters 2"
"TerraTech","2173","TerraTech","2450760","419160","3060","9","599","4","0","5.85","TerraTech"
"Silence","2174","Silence","2447580","122280","1525","4","353","4","0","20.02","Silence"
"Alien Swarm","2175","Alien Swarm","2445060","176820","16588","19","1001","4","0","13.83","Alien Swarm"
"Blue Reflection","2176","Blue Reflection","2441400","338760","15029","33","843","4","0","7.21","Blue Reflection"
"Sonic Heroes","2177","Sonic Heroes","2436840","220620","1893","6","622","4","0","11.05","Sonic Heroes"
"Neighbours From Hell","2178","Neighbours From Hell","2435880","27060","3867","3","135","4","0","90.02","Neighbours From Hell"
"Cinema","2179","Cinema","2435760","134940","2399","9","128","4","0","18.05","Cinema"
"Onigiri","2180","Onigiri","2427000","882240","60","11","2254","4","1","2.75","Onigiri"
"Daylight","2181","Daylight","2426760","144120","2381","7","865","4","0","16.84","Daylight"
"The Fidelio Incident","2182","The Fidelio Incident","2425920","19500","40456","4","102","4","0","124.41","The Fidelio Incident"
"Bulletstorm","2183","Bulletstorm","2425200","95100","2466","4","284","4","0","25.5","Bulletstorm"
"First Strike: Final Hour","2184","First Strike: Final Hour","2424600","7080","32841","4","49","4","0","342.46","First Strike: Final Hour"
"Finding Paradise","2185","Finding Paradise","2423760","96000","4285","25","1","4","0","25.25","Finding Paradise"
"Gone Home","2186","Gone Home","2421660","402000","2800","45","3444","4","0","6.02","Gone Home"
"Castle Story","2187","Castle Story","2421600","121560","6726","5","344","4","0","19.92","Castle Story"
"The Typing of The Dead: Overkill","2188","The Typing of The Dead: Overkill","2421300","68280","10127","3","340","4","0","35.46","The Typing of The Dead: Overkill"
"DiRT 3","2189","DiRT 3","2420340","522960","2556","9","3545","4","0","4.63","DiRT 3"
"Serial Cleaner","2190","Serial Cleaner","2418840","38460","32149","7","244","4","0","62.89","Serial Cleaner"
"Audition Online","2191","Audition Online","2417820","87660","8389","4","269","4","0","27.58","Audition Online"
"Tetris: The Absolute - The Grand Master 2 PLUS","2192","Tetris: The Absolute - The Grand Master 2 PLUS","2417340","97560","4612","5","86","4","0","24.78","Tetris: The Absolute - The Grand Master 2 PLUS"
"Club Penguin","2193","Club Penguin","2406900","213240","4361","55","1528","4","0","11.29","Club Penguin"
"Vagante","2194","Vagante","2406540","133140","10207","5","410","4","0","18.08","Vagante"
"Octodad: Dadliest Catch","2195","Octodad: Dadliest Catch","2394900","222120","1477","5","1360","4","0","10.78","Octodad: Dadliest Catch"
"Farpoint","2196","Farpoint","2391420","601440","4281","49","2587","4","1","3.98","Farpoint"
"Hentai Anime Poker","2197","Hentai Anime Poker","2384520","22920","1182","2","47","4","0","104.04","Hentai Anime Poker"
"Viva Piñata","2198","Viva Piñata","2383140","89940","1817","3","356","4","0","26.5","Viva Piñata"
"Redeemer","2199","Redeemer","2382000","63360","17740","10","338","4","0","37.59","Redeemer"
"Sniper Elite III","2200","Sniper Elite III","2380860","687900","3308","13","4192","4","1","3.46","Sniper Elite III"