"","","Game","Watch time","Stream time","Peak viewers","Peak channels","Streamers","Average viewers","Average channels","Average viewer ratio",""
"Caribbean!","8901","Caribbean!","60600","3600","99","1","12","0","0","16.83","Caribbean!"
"Pepper's Puzzles","8902","Pepper's Puzzles","60600","1380","182","1","3","0","0","43.91","Pepper's Puzzles"
"Grimm's Notes","8903","Grimm's Notes","60600","1020","246","2","1","0","0","59.41","Grimm's Notes"
"Jagged Alliance 2: Wildfire","8904","Jagged Alliance 2: Wildfire","60540","16200","161","2","19","0","0","3.74","Jagged Alliance 2: Wildfire"
"Tour de France 2011","8905","Tour de France 2011","60480","120","650","1","1","0","0","504","Tour de France 2011"
"Yu-Gi-Oh! 5D's Stardust Accelerator: World Championship 2009","8906","Yu-Gi-Oh! 5D's Stardust Accelerator: World Championship 2009","60480","1440","91","1","4","0","0","42","Yu-Gi-Oh! 5D's Stardust Accelerator: World Championship 2009"
"R4 Ridge Racer Type 4","8907","R4 Ridge Racer Type 4","60420","13800","71","2","29","0","0","4.38","R4 Ridge Racer Type 4"
"Bubble Bobble Old & New","8908","Bubble Bobble Old & New","60420","900","427","1","5","0","0","67.13","Bubble Bobble Old & New"
"Dokapon","8909","Dokapon","60420","3600","294","3","8","0","0","16.78","Dokapon"
"Beat Fever: Music Tap Rhythm Game","8910","Beat Fever: Music Tap Rhythm Game","60420","1140","119","1","0","0","0","53","Beat Fever: Music Tap Rhythm Game"
"Monster High: Ghoul Spirit","8911","Monster High: Ghoul Spirit","60360","360","304","1","1","0","0","167.67","Monster High: Ghoul Spirit"
"Dune 2000","8912","Dune 2000","60360","33180","75","3","63","0","0","1.82","Dune 2000"
"Mega Bomberman","8913","Mega Bomberman","60300","5340","237","1","22","0","0","11.29","Mega Bomberman"
"Digital Combat Simulator: A-10C Warthog","8914","Digital Combat Simulator: A-10C Warthog","60300","21480","185","2","52","0","0","2.81","Digital Combat Simulator: A-10C Warthog"
"Warhammer 40,000: Fire Warrior","8915","Warhammer 40,000: Fire Warrior","60300","10380","117","1","13","0","0","5.81","Warhammer 40,000: Fire Warrior"
"Pizza Express","8916","Pizza Express","60300","3060","257","2","15","0","0","19.71","Pizza Express"
"StoneAge 2","8917","StoneAge 2","60300","3120","341","1","8","0","0","19.33","StoneAge 2"
"Harry and the Haunted House","8918","Harry and the Haunted House","60240","300","315","1","1","0","0","200.8","Harry and the Haunted House"
"Haunt","8919","Haunt","60240","840","480","1","5","0","0","71.71","Haunt"
"Hello Kitty's Cube Frenzy","8920","Hello Kitty's Cube Frenzy","60240","4860","540","2","20","0","0","12.4","Hello Kitty's Cube Frenzy"
"Disney's Tarzan","8921","Disney's Tarzan","60240","6600","63","1","26","0","0","9.13","Disney's Tarzan"
"Super Puzzle Platformer Deluxe","8922","Super Puzzle Platformer Deluxe","60180","8040","332","2","32","0","0","7.49","Super Puzzle Platformer Deluxe"
"Castlevania: The Adventure","8923","Castlevania: The Adventure","60180","8760","197","2","33","0","0","6.87","Castlevania: The Adventure"
"Kara no Shoujo","8924","Kara no Shoujo","60180","10680","29","2","14","0","0","5.63","Kara no Shoujo"
"Lufia: The Legend Returns","8925","Lufia: The Legend Returns","60180","5460","130","1","9","0","0","11.02","Lufia: The Legend Returns"
"Mekazoo","8926","Mekazoo","60180","16200","144","2","57","0","0","3.71","Mekazoo"
"UnnyWorld","8927","UnnyWorld","60180","37920","69","3","80","0","0","1.59","UnnyWorld"
"Juju","8928","Juju","60120","4320","437","1","18","0","0","13.92","Juju"
"Kenseiden","8929","Kenseiden","60060","1680","197","1","9","0","0","35.75","Kenseiden"
"Ever17: The Out of Infinity","8930","Ever17: The Out of Infinity","60000","15960","127","2","21","0","0","3.76","Ever17: The Out of Infinity"
"Super Indie Karts Grand Prix","8931","Super Indie Karts Grand Prix","59940","2460","563","1","19","0","0","24.37","Super Indie Karts Grand Prix"
"X3: Terran Conflict","8932","X3: Terran Conflict","59940","38880","21","3","64","0","0","1.54","X3: Terran Conflict"
"The Next Big Thing","8933","The Next Big Thing","59880","12480","58","2","34","0","0","4.8","The Next Big Thing"
"Scrolls","8934","Scrolls","59880","13080","50","2","14","0","0","4.58","Scrolls"
"Sokobond","8935","Sokobond","59820","2400","220","1","13","0","0","24.93","Sokobond"
"Never Forget Me","8936","Never Forget Me","59820","60","997","1","0","0","0","997","Never Forget Me"
"Christmas Stories: The Gift of the Magi","8937","Christmas Stories: The Gift of the Magi","59760","1440","147","1","1","0","0","41.5","Christmas Stories: The Gift of the Magi"
"Yu-Gi-Oh 5D's Wheelie Breakers","8938","Yu-Gi-Oh 5D's Wheelie Breakers","59760","13320","181","2","12","0","0","4.49","Yu-Gi-Oh 5D's Wheelie Breakers"
"Shin Megami Tensei: Persona 2 - Innocent Sin","8939","Shin Megami Tensei: Persona 2 - Innocent Sin","59760","10920","108","1","10","0","0","5.47","Shin Megami Tensei: Persona 2 - Innocent Sin"
"Assassin","8940","Assassin","59700","3600","289","1","15","0","0","16.58","Assassin"
"Donkey Kong Land","8941","Donkey Kong Land","59700","5700","223","1","21","0","0","10.47","Donkey Kong Land"
"Major League Baseball","8942","Major League Baseball","59700","900","268","1","5","0","0","66.33","Major League Baseball"
"Thoth","8943","Thoth","59700","15180","233","3","37","0","0","3.93","Thoth"
"Spacecats with Lasers VR","8944","Spacecats with Lasers VR","59700","900","965","1","6","0","0","66.33","Spacecats with Lasers VR"
"Bullet Girls 2","8945","Bullet Girls 2","59640","5460","218","2","12","0","0","10.92","Bullet Girls 2"
"Rage of Mages","8946","Rage of Mages","59640","12720","21","2","19","0","0","4.69","Rage of Mages"
"007: Everything or Nothing","8947","007: Everything or Nothing","59640","16500","162","2","48","0","0","3.61","007: Everything or Nothing"
"The Kindred","8948","The Kindred","59580","4200","316","1","24","0","0","14.19","The Kindred"
"Crash Force","8949","Crash Force","59580","3840","292","4","22","0","0","15.52","Crash Force"
"Mini Golf","8950","Mini Golf","59520","2460","489","1","17","0","0","24.2","Mini Golf"
"Skate It","8951","Skate It","59520","2220","119","1","5","0","0","26.81","Skate It"
"Flying Dragon","8952","Flying Dragon","59520","1380","1376","1","9","0","0","43.13","Flying Dragon"
"Slender-Man","8953","Slender-Man","59400","12420","227","2","93","0","0","4.78","Slender-Man"
"Pool","8954","Pool","59340","23100","63","3","54","0","0","2.57","Pool"
"Prehistorik 2","8955","Prehistorik 2","59340","1260","387","1","6","0","0","47.1","Prehistorik 2"
"Brothers in Arms: Hell's Highway","8956","Brothers in Arms: Hell's Highway","59280","23520","194","2","98","0","0","2.52","Brothers in Arms: Hell's Highway"
"Shiver: Vanishing Hitchhiker","8957","Shiver: Vanishing Hitchhiker","59280","1200","204","1","4","0","0","49.4","Shiver: Vanishing Hitchhiker"
"The Simpsons Skateboarding","8958","The Simpsons Skateboarding","59220","1620","468","1","11","0","0","36.56","The Simpsons Skateboarding"
"Mission Critical","8959","Mission Critical","59220","2820","71","1","5","0","0","21","Mission Critical"
"Runestone Heroes","8960","Runestone Heroes","59220","1500","171","1","4","0","0","39.48","Runestone Heroes"
"Supreme Destiny","8961","Supreme Destiny","59160","5100","77","1","9","0","0","11.6","Supreme Destiny"
"Empire of the Ants","8962","Empire of the Ants","59160","720","307","2","2","0","0","82.17","Empire of the Ants"
"Disney's Extremely Goofy Skateboarding","8963","Disney's Extremely Goofy Skateboarding","59100","4140","266","1","13","0","0","14.28","Disney's Extremely Goofy Skateboarding"
"Might & Mayhem","8964","Might & Mayhem","59100","14400","16","2","11","0","0","4.1","Might & Mayhem"
"League Bowling","8965","League Bowling","59100","7200","737","2","17","0","0","8.21","League Bowling"
"Magic 2015","8966","Magic 2015","59100","27420","43","3","101","0","0","2.16","Magic 2015"
"WWF Raw","8967","WWF Raw","59100","2460","616","1","17","0","0","24.02","WWF Raw"
"Mortal Kombat: Deadly Alliance","8968","Mortal Kombat: Deadly Alliance","59100","11820","69","2","35","0","0","5","Mortal Kombat: Deadly Alliance"
"Spiritual Warfare","8969","Spiritual Warfare","59040","4800","113","1","14","0","0","12.3","Spiritual Warfare"
"Battlestar Galactica Online","8970","Battlestar Galactica Online","59040","46800","17","3","69","0","0","1.26","Battlestar Galactica Online"
"Prinny: Can I Really Be the Hero?","8971","Prinny: Can I Really Be the Hero?","59040","10140","58","3","34","0","0","5.82","Prinny: Can I Really Be the Hero?"
"Darius Gaiden","8972","Darius Gaiden","59040","4920","68","1","15","0","0","12","Darius Gaiden"
"Blender Bros.","8973","Blender Bros.","58980","29040","316","2","112","0","0","2.03","Blender Bros."
"KickBeat","8974","KickBeat","58920","19200","159","3","70","0","0","3.07","KickBeat"
"Seduce Me The Otome","8975","Seduce Me The Otome","58920","13440","86","2","33","0","0","4.38","Seduce Me The Otome"
"Candy Crush Saga","8976","Candy Crush Saga","58860","39960","29","2","122","0","0","1.47","Candy Crush Saga"
"Jagged Alliance: Crossfire","8977","Jagged Alliance: Crossfire","58860","900","1988","1","4","0","0","65.4","Jagged Alliance: Crossfire"
"Castle of Shikigami III","8978","Castle of Shikigami III","58860","960","257","1","5","0","0","61.31","Castle of Shikigami III"
"Shutshimi","8979","Shutshimi","58800","3180","911","1","25","0","0","18.49","Shutshimi"
"Bonkers","8980","Bonkers","58800","3420","888","2","12","0","0","17.19","Bonkers"
"Farmerama","8981","Farmerama","58800","3780","61","3","8","0","0","15.56","Farmerama"
"Monster Hunter Explore","8982","Monster Hunter Explore","58740","13260","62","2","16","0","0","4.43","Monster Hunter Explore"
"Skyshine's Bedlam","8983","Skyshine's Bedlam","58680","4380","368","1","20","0","0","13.4","Skyshine's Bedlam"
"Summoner","8984","Summoner","58680","13740","90","2","35","0","0","4.27","Summoner"
"Monopoly: Adventure in Africa","8985","Monopoly: Adventure in Africa","58680","540","312","1","2","0","0","108.67","Monopoly: Adventure in Africa"
"InFlux","8986","InFlux","58620","900","956","1","7","0","0","65.13","InFlux"
"Monster Monpiece","8987","Monster Monpiece","58620","19440","225","2","46","0","0","3.02","Monster Monpiece"
"KKND2: Krossfire","8988","KKND2: Krossfire","58620","6720","151","1","15","0","0","8.72","KKND2: Krossfire"
"Sword of the Samurai","8989","Sword of the Samurai","58560","2820","329","1","17","0","0","20.77","Sword of the Samurai"
"We're Back! A Dinosaur's Story","8990","We're Back! A Dinosaur's Story","58560","2400","160","3","7","0","0","24.4","We're Back! A Dinosaur's Story"
"Corpse Party Zero","8991","Corpse Party Zero","58560","7500","87","1","15","0","0","7.81","Corpse Party Zero"
"Teleglitch","8992","Teleglitch","58560","22020","68","2","93","0","0","2.66","Teleglitch"
"3030 Deathwar Redux","8993","3030 Deathwar Redux","58560","10380","44","2","25","0","0","5.64","3030 Deathwar Redux"
"Nancy Drew: The Creature of Kapu Cave","8994","Nancy Drew: The Creature of Kapu Cave","58500","4860","155","1","12","0","0","12.04","Nancy Drew: The Creature of Kapu Cave"
"Genetic Disaster","8995","Genetic Disaster","58500","2940","281","3","7","0","0","19.9","Genetic Disaster"
"Trifide","8996","Trifide","58500","60","1955","1","0","0","0","975","Trifide"
"Hector: Badge of Carnage","8997","Hector: Badge of Carnage","58500","15180","38","3","40","0","0","3.85","Hector: Badge of Carnage"
"Class of Heroes 2G","8998","Class of Heroes 2G","58500","9720","16","1","5","0","0","6.02","Class of Heroes 2G"
"Perimeter","8999","Perimeter","58500","9480","176","1","10","0","0","6.17","Perimeter"
"The 4th Coming","9000","The 4th Coming","58440","10440","137","2","15","0","0","5.6","The 4th Coming"