"","","Game","Watch time","Stream time","Peak viewers","Peak channels","Streamers","Average viewers","Average channels","Average viewer ratio",""
"Edengrad","3301","Edengrad","967200","65100","2724","8","157","1","0","14.86","Edengrad"
"Illbleed","3302","Illbleed","967080","25260","6024","5","56","1","0","38.29","Illbleed"
"Enter the Matrix","3303","Enter the Matrix","966420","26820","2252","2","72","1","0","36.03","Enter the Matrix"
"A Bird Story","3304","A Bird Story","966420","29880","2845","2","161","1","0","32.34","A Bird Story"
"Uncharted Waters Online","3305","Uncharted Waters Online","966180","127620","1499","5","100","1","0","7.57","Uncharted Waters Online"
"God Panic: Shijou Saikyou Gundan","3306","God Panic: Shijou Saikyou Gundan","964800","2520","9484","1","2","1","0","382.86","God Panic: Shijou Saikyou Gundan"
"Battle City","3307","Battle City","964740","12780","2016","2","42","1","0","75.49","Battle City"
"Nihilumbra","3308","Nihilumbra","963900","27540","3097","2","111","1","0","35","Nihilumbra"
"Hacktag","3309","Hacktag","963480","20940","1250","4","106","1","0","46.01","Hacktag"
"Star Fox Adventures","3310","Star Fox Adventures","962940","165960","244","4","282","1","0","5.8","Star Fox Adventures"
"MegaTagmension Blanc + Neptune VS Zombies","3311","MegaTagmension Blanc + Neptune VS Zombies","962940","54360","1441","3","173","1","0","17.71","MegaTagmension Blanc + Neptune VS Zombies"
"Twinsen's Odyssey","3312","Twinsen's Odyssey","962580","45840","1742","3","74","1","0","21","Twinsen's Odyssey"
"Shadows Peak","3313","Shadows Peak","961920","21660","3338","4","115","1","0","44.41","Shadows Peak"
"Hyperdimension Neptunia","3314","Hyperdimension Neptunia","961560","51420","1259","4","93","1","0","18.7","Hyperdimension Neptunia"
"Warhammer 40,000: Dawn of War","3315","Warhammer 40,000: Dawn of War","960180","82620","4577","3","256","1","0","11.62","Warhammer 40,000: Dawn of War"
"Moon Hunters","3316","Moon Hunters","960060","115380","1060","5","511","1","0","8.32","Moon Hunters"
"Mega Man Zero 2","3317","Mega Man Zero 2","958140","37200","947","2","81","1","0","25.76","Mega Man Zero 2"
"Disciples II: Rise of the Elves","3318","Disciples II: Rise of the Elves","956580","115320","663","4","100","1","0","8.3","Disciples II: Rise of the Elves"
"Hiveswap: Act 1","3319","Hiveswap: Act 1","955260","122340","1191","65","632","1","0","7.81","Hiveswap: Act 1"
"NASCAR Heat Evolution","3320","NASCAR Heat Evolution","953280","558360","382","15","1425","1","1","1.71","NASCAR Heat Evolution"
"Madden NFL 16","3321","Madden NFL 16","953220","756240","154","18","3978","1","1","1.26","Madden NFL 16"
"Fire Emblem: Fuuin no Tsurugi","3322","Fire Emblem: Fuuin no Tsurugi","952980","130800","924","4","210","1","0","7.29","Fire Emblem: Fuuin no Tsurugi"
"Resident Evil: Dead Aim","3323","Resident Evil: Dead Aim","951720","21180","1814","2","50","1","0","44.93","Resident Evil: Dead Aim"
"Need for Speed: Undercover","3324","Need for Speed: Undercover","951000","75420","2781","3","265","1","0","12.61","Need for Speed: Undercover"
"Skitchin'","3325","Skitchin'","950100","2220","5936","2","15","1","0","427.97","Skitchin'"
"Flight Sim World","3326","Flight Sim World","949440","55740","1619","12","145","1","0","17.03","Flight Sim World"
"Super Lucky's Tale","3327","Super Lucky's Tale","948840","83100","1056","10","305","1","0","11.42","Super Lucky's Tale"
"Metal Gear Solid: VR Missions","3328","Metal Gear Solid: VR Missions","948660","13020","1427","1","32","1","0","72.86","Metal Gear Solid: VR Missions"
"OpenRA","3329","OpenRA","948420","86280","110","4","94","1","0","10.99","OpenRA"
"Fallout Tactics: Brotherhood of Steel","3330","Fallout Tactics: Brotherhood of Steel","945720","51120","1569","3","79","1","0","18.5","Fallout Tactics: Brotherhood of Steel"
"Running with Rifles","3331","Running with Rifles","943320","72180","4341","4","295","1","0","13.07","Running with Rifles"
"Ripper","3332","Ripper","942600","4200","2574","2","10","1","0","224.43","Ripper"
"Thief II: The Metal Age","3333","Thief II: The Metal Age","941940","168300","517","4","110","1","0","5.6","Thief II: The Metal Age"
"THE iDOLM@STER Cinderella Girls: Viewing Revolution","3334","THE iDOLM@STER Cinderella Girls: Viewing Revolution","939180","1920","6042","2","10","1","0","489.16","THE iDOLM@STER Cinderella Girls: Viewing Revolution"
"80 Days","3335","80 Days","938400","29700","886","2","121","1","0","31.6","80 Days"
"Rumu","3336","Rumu","938040","13320","2858","11","0","1","0","70.42","Rumu"
"Grow Home","3337","Grow Home","937380","117780","1784","6","596","1","0","7.96","Grow Home"
"Heavy Bullets","3338","Heavy Bullets","937020","66420","2707","8","435","1","0","14.11","Heavy Bullets"
"Black Tiger","3339","Black Tiger","936960","5700","4339","1","15","1","0","164.38","Black Tiger"
"Red Dead Revolver","3340","Red Dead Revolver","936900","54600","2524","3","227","1","0","17.16","Red Dead Revolver"
"Command & Conquer 3: Tiberium Wars","3341","Command & Conquer 3: Tiberium Wars","936420","143820","972","4","396","1","0","6.51","Command & Conquer 3: Tiberium Wars"
"Brain Age: Train Your Brain in Minutes a Day!","3342","Brain Age: Train Your Brain in Minutes a Day!","936420","780","8369","1","7","1","0","1200.54","Brain Age: Train Your Brain in Minutes a Day!"
"Here They Lie","3343","Here They Lie","936000","67020","1579","3","384","1","0","13.97","Here They Lie"
"AFL Evolution","3344","AFL Evolution","936000","77040","1106","11","227","1","0","12.15","AFL Evolution"
"Mighty Party","3345","Mighty Party","934440","176640","120","5","59","1","0","5.29","Mighty Party"
"Dragon Quest VII: Eden no Senshitachi","3346","Dragon Quest VII: Eden no Senshitachi","934260","43620","499","2","38","1","0","21.42","Dragon Quest VII: Eden no Senshitachi"
"Candle","3347","Candle","933900","66600","950","7","192","1","0","14.02","Candle"
"The King of Fighters 2002 Unlimited Match","3348","The King of Fighters 2002 Unlimited Match","932700","55200","1170","2","176","1","0","16.9","The King of Fighters 2002 Unlimited Match"
"Creature Quest","3349","Creature Quest","931200","8280","4414","2","6","1","0","112.46","Creature Quest"
"Source Filmmaker","3350","Source Filmmaker","931140","177540","1966","4","434","1","0","5.24","Source Filmmaker"
"Viva Piñata: Trouble in Paradise","3351","Viva Piñata: Trouble in Paradise","930720","36420","868","3","74","1","0","25.56","Viva Piñata: Trouble in Paradise"
"Dead Secret","3352","Dead Secret","930180","25200","2939","2","121","1","0","36.91","Dead Secret"
"Brave Frontier","3353","Brave Frontier","929700","221580","85","4","304","1","0","4.2","Brave Frontier"
"Slice, Dice & Rice","3354","Slice, Dice & Rice","928680","4260","7088","3","28","1","0","218","Slice, Dice & Rice"
"Policenauts","3355","Policenauts","927960","20820","1803","2","40","1","0","44.57","Policenauts"
"Kamiko","3356","Kamiko","926700","51060","3259","10","254","1","0","18.15","Kamiko"
"Old Skool Classics","3357","Old Skool Classics","926640","8880","2121","3","22","1","0","104.35","Old Skool Classics"
"Red Earth","3358","Red Earth","924900","1140","7302","1","5","1","0","811.32","Red Earth"
"Shit!!","3359","Shit!!","924300","12240","5233","2","45","1","0","75.51","Shit!!"
"One Troll Army","3360","One Troll Army","924240","37080","1240","2","199","1","0","24.93","One Troll Army"
"Spider-Man 2","3361","Spider-Man 2","923580","63360","1201","2","224","1","0","14.58","Spider-Man 2"
"Snowboard Kids 2","3362","Snowboard Kids 2","923580","40200","6619","3","65","1","0","22.97","Snowboard Kids 2"
"Star Wars: Episode I - Racer","3363","Star Wars: Episode I - Racer","923040","25680","7463","2","65","1","0","35.94","Star Wars: Episode I - Racer"
"TypeRacer","3364","TypeRacer","921900","74160","4562","3","285","1","0","12.43","TypeRacer"
"Zoombinis: Mountain Rescue","3365","Zoombinis: Mountain Rescue","921600","8520","3395","1","32","1","0","108.17","Zoombinis: Mountain Rescue"
"Spooks","3366","Spooks","920640","1620","5393","1","9","1","0","568.3","Spooks"
"Nights of Azure 2: Bride of the New Moon","3367","Nights of Azure 2: Bride of the New Moon","918720","154920","200","11","224","1","0","5.93","Nights of Azure 2: Bride of the New Moon"
"Hyperdimension Neptunia Re;Birth2: Sisters Generation","3368","Hyperdimension Neptunia Re;Birth2: Sisters Generation","918300","175740","370","5","232","1","0","5.23","Hyperdimension Neptunia Re;Birth2: Sisters Generation"
"Fortune Street","3369","Fortune Street","918000","58200","6077","3","104","1","0","15.77","Fortune Street"
"Five Nights at Freddy's 4: The Final Chapter","3370","Five Nights at Freddy's 4: The Final Chapter","916800","83520","5755","6","523","1","0","10.98","Five Nights at Freddy's 4: The Final Chapter"
"RPG MO","3371","RPG MO","916020","121200","1884","4","165","1","0","7.56","RPG MO"
"Ty the Tasmanian Tiger","3372","Ty the Tasmanian Tiger","915300","162720","1426","5","498","1","0","5.63","Ty the Tasmanian Tiger"
"Klonoa 2: Lunatea's Veil","3373","Klonoa 2: Lunatea's Veil","915000","59460","3613","3","65","1","0","15.39","Klonoa 2: Lunatea's Veil"
"Star Wars: Galaxy of Heroes","3374","Star Wars: Galaxy of Heroes","914820","218280","56","5","122","1","0","4.19","Star Wars: Galaxy of Heroes"
"Con Man: The Game","3375","Con Man: The Game","913680","12180","1182","3","24","1","0","75.01","Con Man: The Game"
"Pine","3376","Pine","913620","480","23108","2","7","1","0","1903.38","Pine"
"Wizardry: Bane of the Cosmic Forge","3377","Wizardry: Bane of the Cosmic Forge","913500","17940","1464","2","13","1","0","50.92","Wizardry: Bane of the Cosmic Forge"
"Ziggurat","3378","Ziggurat","913320","149220","1102","7","677","1","0","6.12","Ziggurat"
"Oceanhorn: Monster of Uncharted Seas","3379","Oceanhorn: Monster of Uncharted Seas","912960","110820","478","4","354","1","0","8.24","Oceanhorn: Monster of Uncharted Seas"
"Soldier of Fortune: Payback","3380","Soldier of Fortune: Payback","912600","1620","3066","1","8","1","0","563.33","Soldier of Fortune: Payback"
"High Hell","3381","High Hell","912300","16860","18305","5","121","1","0","54.11","High Hell"
"Insaniquarium Deluxe","3382","Insaniquarium Deluxe","910860","40920","2838","2","169","1","0","22.26","Insaniquarium Deluxe"
"The King of Fighters 2000","3383","The King of Fighters 2000","910680","9300","458","2","136","1","0","97.92","The King of Fighters 2000"
"Dragon Quest Heroes","3384","Dragon Quest Heroes","910620","174540","651","5","704","1","0","5.22","Dragon Quest Heroes"
"SpongeBob SquarePants: Plankton's Robotic Revenge","3385","SpongeBob SquarePants: Plankton's Robotic Revenge","910500","4440","15204","2","9","1","0","205.07","SpongeBob SquarePants: Plankton's Robotic Revenge"
"Kane & Lynch 2: Dog Days","3386","Kane & Lynch 2: Dog Days","909840","52500","2422","5","250","1","0","17.33","Kane & Lynch 2: Dog Days"
"Bloody Trapland 2: Curiosity","3387","Bloody Trapland 2: Curiosity","909420","13800","5936","3","56","1","0","65.9","Bloody Trapland 2: Curiosity"
"Stories: The Path of Destinies","3388","Stories: The Path of Destinies","909240","314820","270","12","1363","1","0","2.89","Stories: The Path of Destinies"
"Hollow","3389","Hollow","908700","15480","4924","5","61","1","0","58.7","Hollow"
"Guns, Gore & Cannoli","3390","Guns, Gore & Cannoli","908700","84900","1563","4","377","1","0","10.7","Guns, Gore & Cannoli"
"The Mummy Demastered","3391","The Mummy Demastered","907200","63540","1600","8","208","1","0","14.28","The Mummy Demastered"
"RoboCop Versus the Terminator","3392","RoboCop Versus the Terminator","906960","3480","6629","2","22","1","0","260.62","RoboCop Versus the Terminator"
"Hydro Thunder","3393","Hydro Thunder","904800","39060","5642","4","247","1","0","23.16","Hydro Thunder"
"Sly Cooper: Thieves in Time","3394","Sly Cooper: Thieves in Time","904800","70740","312","3","96","1","0","12.79","Sly Cooper: Thieves in Time"
"Warriors of Fate","3395","Warriors of Fate","904440","3900","762","1","9","1","0","231.91","Warriors of Fate"
"Harvest Moon: A Wonderful Life","3396","Harvest Moon: A Wonderful Life","904260","51480","1226","3","179","1","0","17.57","Harvest Moon: A Wonderful Life"
"Power Rangers Megaforce","3397","Power Rangers Megaforce","903240","2820","3262","3","17","1","0","320.3","Power Rangers Megaforce"
"Futebol","3398","Futebol","902760","22320","765","3","64","1","0","40.45","Futebol"
"Ridge Racer","3399","Ridge Racer","902460","10920","5133","1","40","1","0","82.64","Ridge Racer"
"Coffin Dodgers","3400","Coffin Dodgers","901860","26700","25063","6","134","1","0","33.78","Coffin Dodgers"