"","","Game","Watch time","Stream time","Peak viewers","Peak channels","Streamers","Average viewers","Average channels","Average viewer ratio",""
"I Expect You to Die","2001","I Expect You to Die","2855700","78960","9608","4","398","5","0","36.17","I Expect You to Die"
"WWE","2002","WWE","2847180","31980","20855","4","133","5","0","89.03","WWE"
"Salem","2003","Salem","2841540","47100","773","2","31","5","0","60.33","Salem"
"Digimon Story: Cyber Sleuth","2004","Digimon Story: Cyber Sleuth","2840640","335580","467","6","1928","5","0","8.46","Digimon Story: Cyber Sleuth"
"White Cat Project","2005","White Cat Project","2840040","125040","3367","5","82","5","0","22.71","White Cat Project"
"Tiger Knight: Empire War","2006","Tiger Knight: Empire War","2839080","359520","9545","9","827","5","0","7.9","Tiger Knight: Empire War"
"The Legend of Heroes: Trails of Cold Steel","2007","The Legend of Heroes: Trails of Cold Steel","2838900","508560","524","16","400","5","0","5.58","The Legend of Heroes: Trails of Cold Steel"
"Runbow","2008","Runbow","2836980","70560","18767","10","661","5","0","40.21","Runbow"
"Monster Hunter Freedom Unite","2009","Monster Hunter Freedom Unite","2836140","484980","323","7","591","5","0","5.85","Monster Hunter Freedom Unite"
"The Lord of the Rings: War in the North","2010","The Lord of the Rings: War in the North","2830140","164760","3415","6","548","5","0","17.18","The Lord of the Rings: War in the North"
"FreeStyle Football","2011","FreeStyle Football","2827020","363120","4990","15","819","5","0","7.79","FreeStyle Football"
"Beast Battle Simulator","2012","Beast Battle Simulator","2822580","16740","9791","3","84","5","0","168.61","Beast Battle Simulator"
"Harvest Moon: Light of Hope","2013","Harvest Moon: Light of Hope","2822460","89520","40071","14","179","5","0","31.53","Harvest Moon: Light of Hope"
"Transistor","2014","Transistor","2822160","480960","2072","8","2324","5","0","5.87","Transistor"
"Riders of Icarus","2015","Riders of Icarus","2821440","734880","860","22","1227","5","1","3.84","Riders of Icarus"
"Damned","2016","Damned","2819460","105720","20369","8","481","5","0","26.67","Damned"
"Command & Conquer: Generals - Zero Hour","2017","Command & Conquer: Generals - Zero Hour","2819460","196200","3614","5","491","5","0","14.37","Command & Conquer: Generals - Zero Hour"
"Dragon Ball XenoVerse","2018","Dragon Ball XenoVerse","2815260","998580","4510","16","5571","5","1","2.82","Dragon Ball XenoVerse"
"ReCore","2019","ReCore","2815140","497340","1924","11","2006","5","0","5.66","ReCore"
"Onmyoji","2020","Onmyoji","2811300","165960","616","9","198","5","0","16.94","Onmyoji"
"Divekick","2021","Divekick","2809920","26340","25461","3","162","5","0","106.68","Divekick"
"Age of Mythology: Extended Edition","2022","Age of Mythology: Extended Edition","2806680","349140","2248","5","936","5","0","8.04","Age of Mythology: Extended Edition"
"Halcyon 6: Starbase Commander","2023","Halcyon 6: Starbase Commander","2805120","80100","6040","4","219","5","0","35.02","Halcyon 6: Starbase Commander"
"Fantasy Earth Zero","2024","Fantasy Earth Zero","2802000","531720","222","12","231","5","1","5.27","Fantasy Earth Zero"
"A Story About My Uncle","2025","A Story About My Uncle","2795100","203880","2849","5","1067","5","0","13.71","A Story About My Uncle"
"Xin Xianjian Qixia Zhuan","2026","Xin Xianjian Qixia Zhuan","2794140","25980","2880","2","11","5","0","107.55","Xin Xianjian Qixia Zhuan"
"Burnout Paradise","2027","Burnout Paradise","2793720","323280","13575","7","1793","5","0","8.64","Burnout Paradise"
"Barotrauma","2028","Barotrauma","2786820","48420","5199","7","161","5","0","57.56","Barotrauma"
"Conventions & Seminars","2029","Conventions & Seminars","2784840","70920","5244","5","24","5","0","39.27","Conventions & Seminars"
"Mortal Kombat II","2030","Mortal Kombat II","2782800","43800","7411","3","136","5","0","63.53","Mortal Kombat II"
"Airships: Conquer the Skies","2031","Airships: Conquer the Skies","2782560","7440","8496","2","40","5","0","374","Airships: Conquer the Skies"
"Tasty Blue","2032","Tasty Blue","2778420","6060","17391","5","33","5","0","458.49","Tasty Blue"
"Pathologic 2","2033","Pathologic 2","2777820","109440","3701","6","286","5","0","25.38","Pathologic 2"
"Medieval Engineers","2034","Medieval Engineers","2777460","317580","1051","9","460","5","0","8.75","Medieval Engineers"
"Morph Girl","2035","Morph Girl","2777460","7500","11472","3","52","5","0","370.33","Morph Girl"
"Shin Megami Tensei: Persona 4","2036","Shin Megami Tensei: Persona 4","2777100","466620","513","9","468","5","0","5.95","Shin Megami Tensei: Persona 4"
"Clock Tower","2037","Clock Tower","2763000","59160","2981","4","187","5","0","46.7","Clock Tower"
"Mega Man X Collection","2038","Mega Man X Collection","2761980","68160","1559","4","147","5","0","40.52","Mega Man X Collection"
"Park Bound","2039","Park Bound","2761860","6420","22475","5","19","5","0","430.2","Park Bound"
"Dragon Age II","2040","Dragon Age II","2755080","477060","1446","6","593","5","0","5.78","Dragon Age II"
"Go (Board Game)","2041","Go (Board Game)","2747700","195120","233","6","189","5","0","14.08","Go (Board Game)"
"PlayStation Experience 2015","2042","PlayStation Experience 2015","2745360","10320","26566","64","8","5","0","266.02","PlayStation Experience 2015"
"Dust: An Elysian Tail","2043","Dust: An Elysian Tail","2739960","415020","871","7","1258","5","0","6.6","Dust: An Elysian Tail"
"Arcanum: Of Steamworks & Magick Obscura","2044","Arcanum: Of Steamworks & Magick Obscura","2735580","93360","5465","3","131","5","0","29.3","Arcanum: Of Steamworks & Magick Obscura"
"Steins;Gate","2045","Steins;Gate","2734920","232560","2701","6","386","5","0","11.76","Steins;Gate"
"Red Faction: Guerrilla","2046","Red Faction: Guerrilla","2732040","102540","2250","4","379","5","0","26.64","Red Faction: Guerrilla"
"Doom 3","2047","Doom 3","2731440","390480","1683","7","1239","5","0","7","Doom 3"
"Mario & Luigi: Partners in Time","2048","Mario & Luigi: Partners in Time","2727420","108480","2001","3","124","5","0","25.14","Mario & Luigi: Partners in Time"
"Anno 2070","2049","Anno 2070","2725440","206940","2170","6","591","5","0","13.17","Anno 2070"
"Tokyo Xanadu","2050","Tokyo Xanadu","2724360","316560","375","12","120","5","0","8.61","Tokyo Xanadu"
"The Price is Right","2051","The Price is Right","2724120","10500","3175","1","18","5","0","259.44","The Price is Right"
"Accounting","2052","Accounting","2722860","24540","16032","2","135","5","0","110.96","Accounting"
"Fade to Silence","2053","Fade to Silence","2722320","39660","5181","19","0","5","0","68.64","Fade to Silence"
"Need for Drink","2054","Need for Drink","2720700","25200","3602","3","201","5","0","107.96","Need for Drink"
"Madness","2055","Madness","2719380","9480","2651","3","14","5","0","286.85","Madness"
"Kirby: Nightmare in Dream Land","2056","Kirby: Nightmare in Dream Land","2716200","159060","8978","38","331","5","0","17.08","Kirby: Nightmare in Dream Land"
"Age of Empires III","2057","Age of Empires III","2715960","219360","6021","5","863","5","0","12.38","Age of Empires III"
"Connect 4","2058","Connect 4","2715900","8040","7648","3","51","5","0","337.8","Connect 4"
"Lunatic Rave 2","2059","Lunatic Rave 2","2715420","357720","412","5","398","5","0","7.59","Lunatic Rave 2"
"RWBY: Grimm Eclipse","2060","RWBY: Grimm Eclipse","2710560","598260","3087","37","3621","5","1","4.53","RWBY: Grimm Eclipse"
"Atelier Sophie: The Alchemist of the Mysterious Book","2061","Atelier Sophie: The Alchemist of the Mysterious Book","2709600","344940","1420","9","795","5","0","7.86","Atelier Sophie: The Alchemist of the Mysterious Book"
"Viewtiful Joe","2062","Viewtiful Joe","2702940","69780","29848","8","201","5","0","38.74","Viewtiful Joe"
"Valley","2063","Valley","2698740","170100","2353","5","646","5","0","15.87","Valley"
"Half-Life: Opposing Force","2064","Half-Life: Opposing Force","2696580","130500","30157","5","399","5","0","20.66","Half-Life: Opposing Force"
"Dead Hungry","2065","Dead Hungry","2688900","4680","11938","2","31","5","0","574.55","Dead Hungry"
"Tetris Attack","2066","Tetris Attack","2688660","143940","5771","6","333","5","0","18.68","Tetris Attack"
"Deus Ex","2067","Deus Ex","2687400","357720","2355","7","596","5","0","7.51","Deus Ex"
"Arcade Darts","2068","Arcade Darts","2683980","28080","1016","1","3","5","0","95.58","Arcade Darts"
"Disgaea 5: Alliance of Vengeance","2069","Disgaea 5: Alliance of Vengeance","2680920","796980","1525","12","1502","5","1","3.36","Disgaea 5: Alliance of Vengeance"
"LEGO The Lord of the Rings","2070","LEGO The Lord of the Rings","2677740","129960","2382","4","381","5","0","20.6","LEGO The Lord of the Rings"
"Eternal Sonata","2071","Eternal Sonata","2675520","62160","1989","2","70","5","0","43.04","Eternal Sonata"
"Pokémon Mystery Dungeon: Explorers of Sky","2072","Pokémon Mystery Dungeon: Explorers of Sky","2668920","222240","1336","6","343","5","0","12.01","Pokémon Mystery Dungeon: Explorers of Sky"
"Mega Man III","2073","Mega Man III","2668800","18720","5942","2","51","5","0","142.56","Mega Man III"
"Pokémon Mystery Dungeon: Blue/Red Rescue Team","2074","Pokémon Mystery Dungeon: Blue/Red Rescue Team","2666280","171060","5957","5","352","5","0","15.59","Pokémon Mystery Dungeon: Blue/Red Rescue Team"
"War of Crown","2075","War of Crown","2662920","148500","539","8","126","5","0","17.93","War of Crown"
"Ride to Hell: Retribution","2076","Ride to Hell: Retribution","2655780","18960","8256","3","53","5","0","140.07","Ride to Hell: Retribution"
"Super Mario Land","2077","Super Mario Land","2655660","75540","7860","5","244","5","0","35.16","Super Mario Land"
"Odin Sphere Leifthrasir","2078","Odin Sphere Leifthrasir","2655540","672900","736","10","1386","5","1","3.95","Odin Sphere Leifthrasir"
"Paper Mario: Sticker Star","2079","Paper Mario: Sticker Star","2652360","16620","7936","5","34","5","0","159.59","Paper Mario: Sticker Star"
"Redout","2080","Redout","2649540","177300","9643","6","786","5","0","14.94","Redout"
"Fatal Frame","2081","Fatal Frame","2649060","171720","791","5","372","5","0","15.43","Fatal Frame"
"Fable III","2082","Fable III","2648100","417780","2247","7","1350","5","0","6.34","Fable III"
"Mr. Shifty","2083","Mr. Shifty","2646300","103380","3800","9","442","5","0","25.6","Mr. Shifty"
"Animal Crossing: Pocket Camp","2084","Animal Crossing: Pocket Camp","2645400","143940","1966","30","535","5","0","18.38","Animal Crossing: Pocket Camp"
"Knives Out","2085","Knives Out","2643840","123780","2932","19","17","5","0","21.36","Knives Out"
"Snatcher","2086","Snatcher","2643720","45240","2028","3","71","5","0","58.44","Snatcher"
"SteamWorld Heist","2087","SteamWorld Heist","2637480","214920","4445","7","640","5","0","12.27","SteamWorld Heist"
"Minecraft: Story Mode","2088","Minecraft: Story Mode","2634420","481980","2064","9","2409","5","0","5.47","Minecraft: Story Mode"
"Fable: The Lost Chapters","2089","Fable: The Lost Chapters","2632860","272100","1458","6","676","5","0","9.68","Fable: The Lost Chapters"
"Peggle","2090","Peggle","2631840","56220","16502","3","369","5","0","46.81","Peggle"
"Zwift","2091","Zwift","2631660","319200","2814","6","166","5","0","8.24","Zwift"
"Soul Blazer","2092","Soul Blazer","2629800","87240","2183","13","141","5","0","30.14","Soul Blazer"
"Super Smash Bros. for Nintendo 3DS","2093","Super Smash Bros. for Nintendo 3DS","2628480","279180","351","6","328","5","0","9.42","Super Smash Bros. for Nintendo 3DS"
"Bit Heroes","2094","Bit Heroes","2627820","304920","334","7","182","5","0","8.62","Bit Heroes"
"The 7th Saga","2095","The 7th Saga","2625000","47580","2062","3","39","4","0","55.17","The 7th Saga"
"Might and Magic: Heroes VII","2096","Might and Magic: Heroes VII","2622720","86940","1364","4","132","4","0","30.17","Might and Magic: Heroes VII"
"Need for Speed: Hot Pursuit","2097","Need for Speed: Hot Pursuit","2621040","264000","3115","6","1081","4","0","9.93","Need for Speed: Hot Pursuit"
"Assassin's Creed: Rogue","2098","Assassin's Creed: Rogue","2620320","457320","2371","9","1099","4","0","5.73","Assassin's Creed: Rogue"
"Nekopara vol. 3","2099","Nekopara vol. 3","2620020","49560","2022","5","147","4","0","52.87","Nekopara vol. 3"
"Tap Titans 2","2100","Tap Titans 2","2619780","112260","1333","3","96","4","0","23.34","Tap Titans 2"