"","","Game","Watch time","Stream time","Peak viewers","Peak channels","Streamers","Average viewers","Average channels","Average viewer ratio",""
"Tower Wars","10601","Tower Wars","32400","4920","89","2","27","0","0","6.59","Tower Wars"
"NiGHTS: Journey of Dreams","10602","NiGHTS: Journey of Dreams","32400","6480","22","2","13","0","0","5","NiGHTS: Journey of Dreams"
"Kismet","10603","Kismet","32400","300","347","1","3","0","0","108","Kismet"
"Anoxemia","10604","Anoxemia","32340","1680","160","2","13","0","0","19.25","Anoxemia"
"Kirby: Canvas Curse","10605","Kirby: Canvas Curse","32340","7620","36","2","15","0","0","4.24","Kirby: Canvas Curse"
"Arkanoid","10606","Arkanoid","32340","11100","44","2","19","0","0","2.91","Arkanoid"
"Tetripz","10607","Tetripz","32340","420","471","1","2","0","0","77","Tetripz"
"Volfied","10608","Volfied","32340","300","396","1","3","0","0","107.8","Volfied"
"Tail Concerto","10609","Tail Concerto","32340","8520","23","2","23","0","0","3.8","Tail Concerto"
"Shining Force: Neo","10610","Shining Force: Neo","32280","9360","40","2","9","0","0","3.45","Shining Force: Neo"
"The Dark Mod","10611","The Dark Mod","32280","5880","29","1","15","0","0","5.49","The Dark Mod"
"Fatty Bear's Birthday Surprise","10612","Fatty Bear's Birthday Surprise","32280","4080","345","2","20","0","0","7.91","Fatty Bear's Birthday Surprise"
"Shiki-Tei","10613","Shiki-Tei","32280","5160","21","1","1","0","0","6.26","Shiki-Tei"
"Outbreak: The New Nightmare","10614","Outbreak: The New Nightmare","32280","3480","191","3","14","0","0","9.28","Outbreak: The New Nightmare"
"Basketball Nightmare","10615","Basketball Nightmare","32280","60","555","1","1","0","0","538","Basketball Nightmare"
"Euclidean","10616","Euclidean","32280","600","293","1","4","0","0","53.8","Euclidean"
"Zup! Zero","10617","Zup! Zero","32220","1440","143","1","12","0","0","22.38","Zup! Zero"
"Aqua Kitty: Milk Mine Defender","10618","Aqua Kitty: Milk Mine Defender","32220","5100","143","1","20","0","0","6.32","Aqua Kitty: Milk Mine Defender"
"See No Evil","10619","See No Evil","32220","5460","52","1","23","0","0","5.9","See No Evil"
"Ardy Lightfoot","10620","Ardy Lightfoot","32220","4200","100","1","12","0","0","7.67","Ardy Lightfoot"
"Digger T. Rock: Legend of the Lost City","10621","Digger T. Rock: Legend of the Lost City","32220","1500","97","1","4","0","0","21.48","Digger T. Rock: Legend of the Lost City"
"Akazukin ChaCha","10622","Akazukin ChaCha","32160","4560","29","1","4","0","0","7.05","Akazukin ChaCha"
"Red Orchestra: Ostfront 41-45","10623","Red Orchestra: Ostfront 41-45","32160","14340","114","2","25","0","0","2.24","Red Orchestra: Ostfront 41-45"
"Disorder","10624","Disorder","32160","1860","102","1","10","0","0","17.29","Disorder"
"Fuse","10625","Fuse","32160","1560","971","1","9","0","0","20.62","Fuse"
"Rituals","10626","Rituals","32160","3780","121","1","23","0","0","8.51","Rituals"
"Tap Adventure: Time Travel","10627","Tap Adventure: Time Travel","32160","15660","37","3","44","0","0","2.05","Tap Adventure: Time Travel"
"Art Academy: First Semester","10628","Art Academy: First Semester","32100","1500","223","1","7","0","0","21.4","Art Academy: First Semester"
"Turok 2","10629","Turok 2","32100","4500","145","1","24","0","0","7.13","Turok 2"
"Battle Chess","10630","Battle Chess","32100","2460","310","1","11","0","0","13.05","Battle Chess"
"Thirty Flights of Loving","10631","Thirty Flights of Loving","32100","4260","159","2","35","0","0","7.54","Thirty Flights of Loving"
"Action","10632","Action","32100","33480","27","3","95","0","0","0.96","Action"
"NHL Stanley Cup","10633","NHL Stanley Cup","32100","7140","167","1","5","0","0","4.5","NHL Stanley Cup"
"Nancy Drew: Stay Tuned for Danger","10634","Nancy Drew: Stay Tuned for Danger","32100","7200","40","2","12","0","0","4.46","Nancy Drew: Stay Tuned for Danger"
"Sorcerian","10635","Sorcerian","32100","1980","87","1","3","0","0","16.21","Sorcerian"
"Medal of Honor: Allied Assault - Breakthrough","10636","Medal of Honor: Allied Assault - Breakthrough","32040","4260","228","1","15","0","0","7.52","Medal of Honor: Allied Assault - Breakthrough"
"The Godfather: The Don's Edition","10637","The Godfather: The Don's Edition","32040","7920","143","1","8","0","0","4.05","The Godfather: The Don's Edition"
"NHL 2004","10638","NHL 2004","32040","13440","218","2","15","0","0","2.38","NHL 2004"
"Cinders","10639","Cinders","32040","5580","46","1","19","0","0","5.74","Cinders"
"Project X Zone","10640","Project X Zone","32040","7860","20","1","7","0","0","4.08","Project X Zone"
"E.X. Troopers","10641","E.X. Troopers","32040","3240","28","1","5","0","0","9.89","E.X. Troopers"
"SOCOM: U.S. Navy SEALs","10642","SOCOM: U.S. Navy SEALs","32040","7800","40","2","24","0","0","4.11","SOCOM: U.S. Navy SEALs"
"Neon Genesis Evangelion: Battle Orchestra","10643","Neon Genesis Evangelion: Battle Orchestra","32040","480","135","1","1","0","0","66.75","Neon Genesis Evangelion: Battle Orchestra"
"Boom!","10644","Boom!","32040","360","265","1","3","0","0","89","Boom!"
"Emergency Room: Disaster Strikes","10645","Emergency Room: Disaster Strikes","31980","120","272","1","1","0","0","266.5","Emergency Room: Disaster Strikes"
"Tomb of the TaskMaker","10646","Tomb of the TaskMaker","31980","60","533","1","0","0","0","533","Tomb of the TaskMaker"
"MadWorld","10647","MadWorld","31980","7380","40","2","31","0","0","4.33","MadWorld"
"World Heroes","10648","World Heroes","31920","1260","270","1","8","0","0","25.33","World Heroes"
"Tag: The Power of Paint","10649","Tag: The Power of Paint","31920","1140","486","1","6","0","0","28","Tag: The Power of Paint"
"Shining Resonance","10650","Shining Resonance","31920","5100","47","1","3","0","0","6.26","Shining Resonance"
"Ace Combat 6: Fires of Liberation","10651","Ace Combat 6: Fires of Liberation","31920","10440","20","2","27","0","0","3.06","Ace Combat 6: Fires of Liberation"
"F-Zero AX","10652","F-Zero AX","31920","1800","376","1","4","0","0","17.73","F-Zero AX"
"Punch the Monkey! Game Edition","10653","Punch the Monkey! Game Edition","31920","180","185","1","1","0","0","177.33","Punch the Monkey! Game Edition"
"Bubble Shooter! Tournaments","10654","Bubble Shooter! Tournaments","31920","23820","21","2","7","0","0","1.34","Bubble Shooter! Tournaments"
"Streemerz","10655","Streemerz","31860","7200","238","2","16","0","0","4.43","Streemerz"
"Yu-Gi-Oh! GX Tag Force 3","10656","Yu-Gi-Oh! GX Tag Force 3","31860","6420","67","2","22","0","0","4.96","Yu-Gi-Oh! GX Tag Force 3"
"Worms 2","10657","Worms 2","31860","5880","47","1","9","0","0","5.42","Worms 2"
"Battle Arena Toshinden","10658","Battle Arena Toshinden","31800","3420","156","1","16","0","0","9.3","Battle Arena Toshinden"
"Code 7","10659","Code 7","31800","7500","40","2","26","0","0","4.24","Code 7"
"Malicious Fallen","10660","Malicious Fallen","31740","3960","162","2","86","0","0","8.02","Malicious Fallen"
"Music Maker","10661","Music Maker","31740","24960","12","3","88","0","0","1.27","Music Maker"
"The Aquatic Games","10662","The Aquatic Games","31740","660","94","1","4","0","0","48.09","The Aquatic Games"
"Pharoah","10663","Pharoah","31740","7320","16","1","18","0","0","4.34","Pharoah"
"Birthday Party Bash","10664","Birthday Party Bash","31740","1920","240","1","8","0","0","16.53","Birthday Party Bash"
"Pink Panther: Pinkadelic Pursuit","10665","Pink Panther: Pinkadelic Pursuit","31740","2160","315","1","11","0","0","14.69","Pink Panther: Pinkadelic Pursuit"
"WWE Raw 2","10666","WWE Raw 2","31680","900","299","1","5","0","0","35.2","WWE Raw 2"
"Running Battle","10667","Running Battle","31680","300","481","1","3","0","0","105.6","Running Battle"
"There Is No Game","10668","There Is No Game","31680","35460","135","3","56","0","0","0.89","There Is No Game"
"Yousician","10669","Yousician","31620","13200","51","2","47","0","0","2.4","Yousician"
"Sky Sanctuary","10670","Sky Sanctuary","31620","120","564","1","2","0","0","263.5","Sky Sanctuary"
"Bets","10671","Bets","31620","7320","130","1","16","0","0","4.32","Bets"
"Curses","10672","Curses","31620","840","108","1","3","0","0","37.64","Curses"
"Gauntlet: The Deeper Dungeons","10673","Gauntlet: The Deeper Dungeons","31620","360","150","1","2","0","0","87.83","Gauntlet: The Deeper Dungeons"
"Fairy Tales: Three Heroes","10674","Fairy Tales: Three Heroes","31620","4860","63","2","19","0","0","6.51","Fairy Tales: Three Heroes"
"Mushihime-sama Futari Black Label","10675","Mushihime-sama Futari Black Label","31620","9600","19","2","8","0","0","3.29","Mushihime-sama Futari Black Label"
"Patapon 2","10676","Patapon 2","31560","23280","14","2","66","0","0","1.36","Patapon 2"
"Lands of Lore: Guardians of Destiny","10677","Lands of Lore: Guardians of Destiny","31560","3900","81","1","12","0","0","8.09","Lands of Lore: Guardians of Destiny"
"Woodle Tree Adventures","10678","Woodle Tree Adventures","31560","24960","143","1","50","0","0","1.26","Woodle Tree Adventures"
"Next Up Hero","10679","Next Up Hero","31560","12840","29","3","45","0","0","2.46","Next Up Hero"
"NFL","10680","NFL","31560","3900","221","1","11","0","0","8.09","NFL"
"Knight Terrors","10681","Knight Terrors","31560","2520","207","1","10","0","0","12.52","Knight Terrors"
"Solstice","10682","Solstice","31560","4140","105","2","14","0","0","7.62","Solstice"
"Record of Lodoss War Online","10683","Record of Lodoss War Online","31560","15960","37","3","37","0","0","1.98","Record of Lodoss War Online"
"Kimmy","10684","Kimmy","31560","1800","263","1","13","0","0","17.53","Kimmy"
"Campfire Legends: The Babysitter","10685","Campfire Legends: The Babysitter","31560","360","109","1","1","0","0","87.67","Campfire Legends: The Babysitter"
"America's Next Top Model","10686","America's Next Top Model","31500","1860","86","1","2","0","0","16.94","America's Next Top Model"
"Halloween Forever","10687","Halloween Forever","31500","6660","209","4","36","0","0","4.73","Halloween Forever"
"LiEat II","10688","LiEat II","31500","9180","40","1","51","0","0","3.43","LiEat II"
"Sonic Eraser","10689","Sonic Eraser","31500","1080","87","1","5","0","0","29.17","Sonic Eraser"
"Timequest","10690","Timequest","31500","540","75","1","0","0","0","58.33","Timequest"
"Munin","10691","Munin","31500","5700","40","2","23","0","0","5.53","Munin"
"Dragon Blade: Wrath of Fire","10692","Dragon Blade: Wrath of Fire","31440","360","300","1","2","0","0","87.33","Dragon Blade: Wrath of Fire"
"Arena","10693","Arena","31440","3660","291","2","7","0","0","8.59","Arena"
"RPG World Online","10694","RPG World Online","31440","9960","13","1","7","0","0","3.16","RPG World Online"
"Progress Quest","10695","Progress Quest","31440","163260","20","3","40","0","0","0.19","Progress Quest"
"Urban Freestyle Soccer","10696","Urban Freestyle Soccer","31440","720","270","1","4","0","0","43.67","Urban Freestyle Soccer"
"Bleach Soul Resurrección","10697","Bleach Soul Resurrección","31380","6660","147","1","18","0","0","4.71","Bleach Soul Resurrección"
"Magic Carpet Plus","10698","Magic Carpet Plus","31380","960","187","1","2","0","0","32.69","Magic Carpet Plus"
"Alcahest","10699","Alcahest","31380","2400","81","1","7","0","0","13.08","Alcahest"
"WarGames","10700","WarGames","31320","13200","51","1","17","0","0","2.37","WarGames"