"","","Game","Watch time","Stream time","Peak viewers","Peak channels","Streamers","Average viewers","Average channels","Average viewer ratio",""
"Westerado: Double Barreled","3101","Westerado: Double Barreled","1102140","36960","4438","3","213","2","0","29.82","Westerado: Double Barreled"
"RollerCoaster Tycoon 3","3102","RollerCoaster Tycoon 3","1102080","154020","1003","4","600","2","0","7.16","RollerCoaster Tycoon 3"
"Mega Man ZX","3103","Mega Man ZX","1100580","72360","1375","3","88","2","0","15.21","Mega Man ZX"
"Shiren the Wanderer","3104","Shiren the Wanderer","1099620","49500","1083","3","34","2","0","22.21","Shiren the Wanderer"
"Shellshock","3105","Shellshock","1097940","15720","9571","5","91","2","0","69.84","Shellshock"
"Tom Clancy's Splinter Cell: Chaos Theory","3106","Tom Clancy's Splinter Cell: Chaos Theory","1097280","99240","1924","3","285","2","0","11.06","Tom Clancy's Splinter Cell: Chaos Theory"
"Plague Inc.","3107","Plague Inc.","1096140","26940","4508","3","159","2","0","40.69","Plague Inc."
"Deal or No Deal","3108","Deal or No Deal","1094760","8820","1034","1","29","2","0","124.12","Deal or No Deal"
"Disney Crossy Road","3109","Disney Crossy Road","1094040","780","4859","1","3","2","0","1402.62","Disney Crossy Road"
"Blameless","3110","Blameless","1093860","48600","4795","3","352","2","0","22.51","Blameless"
"Mortal Kombat: Deception","3111","Mortal Kombat: Deception","1093560","16560","6025","2","52","2","0","66.04","Mortal Kombat: Deception"
"Project City Shrouded in Shadow","3112","Project City Shrouded in Shadow","1093260","9300","2609","2","14","2","0","117.55","Project City Shrouded in Shadow"
"The Last Door: Season 2","3113","The Last Door: Season 2","1092360","29820","2010","2","66","2","0","36.63","The Last Door: Season 2"
"Fibrillation","3114","Fibrillation","1092000","6960","10539","2","38","2","0","156.9","Fibrillation"
"Onimusha 3: Demon Siege","3115","Onimusha 3: Demon Siege","1090920","59580","4875","2","110","2","0","18.31","Onimusha 3: Demon Siege"
"Sumo Fighter","3116","Sumo Fighter","1089420","540","18661","3","4","2","0","2017.44","Sumo Fighter"
"Tintin in Tibet","3117","Tintin in Tibet","1089120","12240","829","4","26","2","0","88.98","Tintin in Tibet"
"Braid","3118","Braid","1088580","102300","1471","4","388","2","0","10.64","Braid"
"Bitcoin Billionaire","3119","Bitcoin Billionaire","1086660","149640","182","6","40","2","0","7.26","Bitcoin Billionaire"
"Mega Man Battle Network 2","3120","Mega Man Battle Network 2","1086600","61620","2587","5","68","2","0","17.63","Mega Man Battle Network 2"
"Warhammer 40,000: Inquisitor Martyr","3121","Warhammer 40,000: Inquisitor Martyr","1086000","120420","877","11","331","2","0","9.02","Warhammer 40,000: Inquisitor Martyr"
"Danger Zone","3122","Danger Zone","1084320","36240","14425","8","209","2","0","29.92","Danger Zone"
"Bear Simulator","3123","Bear Simulator","1083720","8940","5525","1","42","2","0","121.22","Bear Simulator"
"The Incredible Hulk: Ultimate Destruction","3124","The Incredible Hulk: Ultimate Destruction","1083120","3360","8005","2","15","2","0","322.36","The Incredible Hulk: Ultimate Destruction"
"Baldur's Gate II: Throne of Bhaal","3125","Baldur's Gate II: Throne of Bhaal","1082460","39600","5735","3","61","2","0","27.33","Baldur's Gate II: Throne of Bhaal"
"Curve Fever 2","3126","Curve Fever 2","1082400","29940","10285","3","182","2","0","36.15","Curve Fever 2"
"Ys I & II Chronicles","3127","Ys I & II Chronicles","1081080","96660","1007","4","167","2","0","11.18","Ys I & II Chronicles"
"Angry Video Game Nerd II: ASSimilation","3128","Angry Video Game Nerd II: ASSimilation","1080720","29880","1486","2","82","2","0","36.17","Angry Video Game Nerd II: ASSimilation"
"Crash Bandicoot 2: N-Tranced","3129","Crash Bandicoot 2: N-Tranced","1080600","24960","4134","2","46","2","0","43.29","Crash Bandicoot 2: N-Tranced"
"Darts","3130","Darts","1079880","20700","841","2","43","2","0","52.17","Darts"
"Dungeon Keeper","3131","Dungeon Keeper","1079760","89880","922","4","168","2","0","12.01","Dungeon Keeper"
"Phone Story","3132","Phone Story","1079580","3000","6739","1","12","2","0","359.86","Phone Story"
"Super Mario Bros. / Tetris / Nintendo World Cup","3133","Super Mario Bros. / Tetris / Nintendo World Cup","1078980","540","7822","4","6","2","0","1998.11","Super Mario Bros. / Tetris / Nintendo World Cup"
"Hot Springs Story","3134","Hot Springs Story","1078920","240","6394","2","1","2","0","4495.5","Hot Springs Story"
"Welcome","3135","Welcome","1073220","5820","9068","2","36","2","0","184.4","Welcome"
"Bob The Builder: Bob's Busy Day","3136","Bob The Builder: Bob's Busy Day","1073220","13500","595","2","25","2","0","79.5","Bob The Builder: Bob's Busy Day"
"Tour de France","3137","Tour de France","1073100","11100","986","2","21","2","0","96.68","Tour de France"
"Stephen's Sausage Roll","3138","Stephen's Sausage Roll","1071660","53160","2123","3","137","2","0","20.16","Stephen's Sausage Roll"
"Fortress","3139","Fortress","1071300","2400","3352","3","10","2","0","446.38","Fortress"
"Of Guards And Thieves","3140","Of Guards And Thieves","1071060","89220","1730","5","452","2","0","12","Of Guards And Thieves"
"Narcissu Side 2nd","3141","Narcissu Side 2nd","1071060","3180","7057","1","12","2","0","336.81","Narcissu Side 2nd"
"kuso","3142","kuso","1071000","10140","9055","3","32","2","0","105.62","kuso"
"Dead End Road","3143","Dead End Road","1070940","9240","9574","1","48","2","0","115.9","Dead End Road"
"IndieGameStand","3144","IndieGameStand","1070040","57600","3593","3","248","2","0","18.58","IndieGameStand"
"Hive Jump","3145","Hive Jump","1068600","41400","1748","34","187","2","0","25.81","Hive Jump"
"Diablo II","3146","Diablo II","1066800","107220","1306","4","296","2","0","9.95","Diablo II"
"Star Ocean: Integrity and Faithlessness","3147","Star Ocean: Integrity and Faithlessness","1066800","451080","335","8","1133","2","0","2.36","Star Ocean: Integrity and Faithlessness"
"Auto Age: Standoff","3148","Auto Age: Standoff","1066800","24300","6710","3","30","2","0","43.9","Auto Age: Standoff"
"The Thing","3149","The Thing","1065900","23520","1892","2","61","2","0","45.32","The Thing"
"Risk","3150","Risk","1064580","71460","2620","4","333","2","0","14.9","Risk"
"Infinite Minigolf","3151","Infinite Minigolf","1063500","41700","36008","9","215","2","0","25.5","Infinite Minigolf"
"Wolfenstein","3152","Wolfenstein","1062960","57120","3271","4","176","2","0","18.61","Wolfenstein"
"Crea","3153","Crea","1062720","108600","891","3","526","2","0","9.79","Crea"
"Doom 64","3154","Doom 64","1062300","70140","2214","4","205","2","0","15.15","Doom 64"
"Happy Breeding","3155","Happy Breeding","1061280","360","3576","2","1","2","0","2948","Happy Breeding"
"Farland Saga","3156","Farland Saga","1060560","6840","2408","1","10","2","0","155.05","Farland Saga"
"Robo Recall","3157","Robo Recall","1060380","181380","1732","5","984","2","0","5.85","Robo Recall"
"Deadlight","3158","Deadlight","1059540","158640","495","7","762","2","0","6.68","Deadlight"
"Peter Jackson's King Kong: The Official Game of the Movie","3159","Peter Jackson's King Kong: The Official Game of the Movie","1059120","16020","2164","2","56","2","0","66.11","Peter Jackson's King Kong: The Official Game of the Movie"
"007: Agent Under Fire","3160","007: Agent Under Fire","1058880","11100","9752","4","41","2","0","95.39","007: Agent Under Fire"
"The Book of Unwritten Tales","3161","The Book of Unwritten Tales","1058520","78360","612","4","121","2","0","13.51","The Book of Unwritten Tales"
"Taiker","3162","Taiker","1058460","2700","24857","4","7","2","0","392.02","Taiker"
"Goemon's Great Adventure","3163","Goemon's Great Adventure","1058340","37140","3260","3","65","2","0","28.5","Goemon's Great Adventure"
"The Curse of Monkey Island","3164","The Curse of Monkey Island","1057920","87720","845","4","214","2","0","12.06","The Curse of Monkey Island"
"Grandia II","3165","Grandia II","1057860","233400","412","4","336","2","0","4.53","Grandia II"
"Pandora's Tower","3166","Pandora's Tower","1057020","32640","5401","4","37","2","0","32.38","Pandora's Tower"
"Katamari Forever","3167","Katamari Forever","1056720","28560","2230","2","102","2","0","37","Katamari Forever"
"Witchkin","3168","Witchkin","1056600","3600","16396","2","33","2","0","293.5","Witchkin"
"Ice Age: Dawn of the Dinosaurs","3169","Ice Age: Dawn of the Dinosaurs","1056240","7740","16199","1","13","2","0","136.47","Ice Age: Dawn of the Dinosaurs"
"911 Operator","3170","911 Operator","1055700","41760","1773","5","236","2","0","25.28","911 Operator"
"Deathstate","3171","Deathstate","1054080","47100","2241","2","120","2","0","22.38","Deathstate"
"Echo Night","3172","Echo Night","1053600","2220","18237","3","11","2","0","474.59","Echo Night"
"The Uncanny X-Men","3173","The Uncanny X-Men","1052700","8940","6860","2","26","2","0","117.75","The Uncanny X-Men"
"Dragon's Dogma Online","3174","Dragon's Dogma Online","1052700","250260","197","7","288","2","0","4.21","Dragon's Dogma Online"
"Bunker","3175","Bunker","1052100","1620","6606","1","9","2","0","649.44","Bunker"
"The Crow's Eye","3176","The Crow's Eye","1048800","31860","2030","6","112","1","0","32.92","The Crow's Eye"
"Back to the Future: The Game","3177","Back to the Future: The Game","1048380","142920","821","7","338","1","0","7.34","Back to the Future: The Game"
"Equinox","3178","Equinox","1048140","10560","1793","2","11","1","0","99.26","Equinox"
"Marble Skies","3179","Marble Skies","1048080","12720","1277","4","1","1","0","82.4","Marble Skies"
"Overlord II","3180","Overlord II","1047660","101220","1688","3","236","1","0","10.35","Overlord II"
"New Super Mario Bros. 2","3181","New Super Mario Bros. 2","1047300","46140","2258","2","74","1","0","22.7","New Super Mario Bros. 2"
"PlayStation VR Worlds","3182","PlayStation VR Worlds","1046820","23640","3045","3","1103","1","0","44.28","PlayStation VR Worlds"
"RPG Maker VX","3183","RPG Maker VX","1046580","73080","1254","4","217","1","0","14.32","RPG Maker VX"
"Crystalis","3184","Crystalis","1045920","45840","1464","3","94","1","0","22.82","Crystalis"
"Ride 2","3185","Ride 2","1045020","526920","1198","9","1893","1","1","1.98","Ride 2"
"Naruto: Ultimate Ninja Storm","3186","Naruto: Ultimate Ninja Storm","1044720","72240","2998","10","268","1","0","14.46","Naruto: Ultimate Ninja Storm"
"Heart of Darkness","3187","Heart of Darkness","1044360","18660","2811","6","61","1","0","55.97","Heart of Darkness"
"From The Depths","3188","From The Depths","1043220","144420","1591","4","266","1","0","7.22","From The Depths"
"Gears of War: Ultimate Edition","3189","Gears of War: Ultimate Edition","1042680","562800","133","10","2449","1","1","1.85","Gears of War: Ultimate Edition"
"Venetica","3190","Venetica","1041900","17460","5917","4","29","1","0","59.67","Venetica"
"Dear Esther","3191","Dear Esther","1041240","45120","3061","2","264","1","0","23.08","Dear Esther"
"Ninja Gaiden Trilogy","3192","Ninja Gaiden Trilogy","1039440","8760","7234","2","36","1","0","118.66","Ninja Gaiden Trilogy"
"Phantasy Star Online Episode I & II","3193","Phantasy Star Online Episode I & II","1039260","161760","333","6","198","1","0","6.42","Phantasy Star Online Episode I & II"
"Total Distortion","3194","Total Distortion","1037820","2460","2516","1","6","1","0","421.88","Total Distortion"
"Superman","3195","Superman","1037640","18360","6890","2","63","1","0","56.52","Superman"
"The Conveni 3: Ano Machi wo Dokusen Seyo","3196","The Conveni 3: Ano Machi wo Dokusen Seyo","1037640","360","3289","1","1","1","0","2882.33","The Conveni 3: Ano Machi wo Dokusen Seyo"
"Wario's Woods","3197","Wario's Woods","1036140","81960","1376","4","76","1","0","12.64","Wario's Woods"
"Boxing","3198","Boxing","1036020","6420","14283","10","52","1","0","161.37","Boxing"
"The Dig","3199","The Dig","1035720","26760","4082","2","54","1","0","38.7","The Dig"
"Shantae: Risky's Revenge","3200","Shantae: Risky's Revenge","1035600","102120","736","4","306","1","0","10.14","Shantae: Risky's Revenge"