"","","Game","Watch time","Stream time","Peak viewers","Peak channels","Streamers","Average viewers","Average channels","Average viewer ratio",""
"To Heart 2 DX Plus","14101","To Heart 2 DX Plus","10140","1680","12","1","2","0","0","6.04","To Heart 2 DX Plus"
"Homebrew: Vehicle Sandbox","14102","Homebrew: Vehicle Sandbox","10140","8340","15","1","17","0","0","1.22","Homebrew: Vehicle Sandbox"
"Wayout","14103","Wayout","10140","2400","20","1","11","0","0","4.23","Wayout"
"Muv-Luv Photonmelodies","14104","Muv-Luv Photonmelodies","10080","8220","20","1","1","0","0","1.23","Muv-Luv Photonmelodies"
"Dino Run DX","14105","Dino Run DX","10080","3720","21","1","22","0","0","2.71","Dino Run DX"
"101 Ways to Die","14106","101 Ways to Die","10080","8100","9","1","49","0","0","1.24","101 Ways to Die"
"Bullet Soul: Infinite Burst","14107","Bullet Soul: Infinite Burst","10080","3540","77","2","13","0","0","2.85","Bullet Soul: Infinite Burst"
"Possession","14108","Possession","10080","540","57","1","3","0","0","18.67","Possession"
"Saber Rider and the Star Sheriffs","14109","Saber Rider and the Star Sheriffs","10080","120","167","1","1","0","0","84","Saber Rider and the Star Sheriffs"
"Sea Trader: Rise of Taipan","14110","Sea Trader: Rise of Taipan","10080","120","165","1","2","0","0","84","Sea Trader: Rise of Taipan"
"Classic Adventure","14111","Classic Adventure","10080","3660","24","2","10","0","0","2.75","Classic Adventure"
"Gegege no Kitarou: Youkai Donjaara","14112","Gegege no Kitarou: Youkai Donjaara","10080","300","55","1","1","0","0","33.6","Gegege no Kitarou: Youkai Donjaara"
"Rally Poland","14113","Rally Poland","10080","360","64","1","1","0","0","28","Rally Poland"
"Erotic Dungeon Survival","14114","Erotic Dungeon Survival","10080","420","34","1","0","0","0","24","Erotic Dungeon Survival"
"Dragon Slayer Gaiden","14115","Dragon Slayer Gaiden","10080","180","187","1","2","0","0","56","Dragon Slayer Gaiden"
"Driftmoon","14116","Driftmoon","10080","960","27","1","2","0","0","10.5","Driftmoon"
"Normality","14117","Normality","10080","3660","26","1","13","0","0","2.75","Normality"
"Me & My Katamari","14118","Me & My Katamari","10080","3480","21","1","16","0","0","2.9","Me & My Katamari"
"Sengoku Basara 3 Utage","14119","Sengoku Basara 3 Utage","10080","4740","9","1","7","0","0","2.13","Sengoku Basara 3 Utage"
"Bujingai: The Forsaken City","14120","Bujingai: The Forsaken City","10080","3420","20","1","11","0","0","2.95","Bujingai: The Forsaken City"
"Ninja Spirit","14121","Ninja Spirit","10080","2760","26","1","12","0","0","3.65","Ninja Spirit"
"Grimoire: Manastorm","14122","Grimoire: Manastorm","10080","4380","37","1","29","0","0","2.3","Grimoire: Manastorm"
"RocketsRocketsRockets","14123","RocketsRocketsRockets","10080","2100","58","2","19","0","0","4.8","RocketsRocketsRockets"
"3D Creation Station","14124","3D Creation Station","10020","10560","9","2","8","0","0","0.95","3D Creation Station"
"Need For Madness","14125","Need For Madness","10020","4200","19","1","10","0","0","2.39","Need For Madness"
"Last Dream","14126","Last Dream","10020","6240","12","1","10","0","0","1.61","Last Dream"
"Goemon: Bouken Jidai Katsugeki","14127","Goemon: Bouken Jidai Katsugeki","10020","1380","25","2","2","0","0","7.26","Goemon: Bouken Jidai Katsugeki"
"Senran Kagura 2: Deep Crimson","14128","Senran Kagura 2: Deep Crimson","10020","2460","20","1","10","0","0","4.07","Senran Kagura 2: Deep Crimson"
"Magic Carpet 2: The Netherworlds","14129","Magic Carpet 2: The Netherworlds","10020","1020","73","1","7","0","0","9.82","Magic Carpet 2: The Netherworlds"
"Fortix","14130","Fortix","10020","960","86","1","7","0","0","10.44","Fortix"
"Chäos;HEAd","14131","Chäos;HEAd","10020","3660","7","2","7","0","0","2.74","Chäos;HEAd"
"Hegemony Rome: The Rise of Caesar","14132","Hegemony Rome: The Rise of Caesar","10020","3960","10","1","3","0","0","2.53","Hegemony Rome: The Rise of Caesar"
"Headhunter: Redemption","14133","Headhunter: Redemption","10020","1020","18","1","2","0","0","9.82","Headhunter: Redemption"
"Moon Patrol","14134","Moon Patrol","10020","4200","13","1","9","0","0","2.39","Moon Patrol"
"Convoy no Nazo","14135","Convoy no Nazo","10020","600","46","1","2","0","0","16.7","Convoy no Nazo"
"Franklin's Great Adventures","14136","Franklin's Great Adventures","10020","3660","119","3","4","0","0","2.74","Franklin's Great Adventures"
"Gear.Club Unlimited","14137","Gear.Club Unlimited","10020","1380","41","2","7","0","0","7.26","Gear.Club Unlimited"
"The Men of Yoshiwara: Ohgiya","14138","The Men of Yoshiwara: Ohgiya","10020","2820","19","1","6","0","0","3.55","The Men of Yoshiwara: Ohgiya"
"Borderlands 3","14139","Borderlands 3","10020","3660","11","1","9","0","0","2.74","Borderlands 3"
"Silverload","14140","Silverload","10020","660","57","1","4","0","0","15.18","Silverload"
"Mahjong Vanilla Syndrome","14141","Mahjong Vanilla Syndrome","10020","540","38","1","2","0","0","18.56","Mahjong Vanilla Syndrome"
"THE iDOLM@STER: Dearly Stars","14142","THE iDOLM@STER: Dearly Stars","10020","720","49","1","3","0","0","13.92","THE iDOLM@STER: Dearly Stars"
"Grand Slam Tennis","14143","Grand Slam Tennis","10020","540","44","1","2","0","0","18.56","Grand Slam Tennis"
"Sakura Magical Girls","14144","Sakura Magical Girls","10020","2280","26","1","20","0","0","4.39","Sakura Magical Girls"
"Avatar Hamster Attack","14145","Avatar Hamster Attack","10020","1920","26","1","2","0","0","5.22","Avatar Hamster Attack"
"The Art of Fight","14146","The Art of Fight","10020","2880","33","1","12","0","0","3.48","The Art of Fight"
"Lethal VR","14147","Lethal VR","9960","11700","16","2","75","0","0","0.85","Lethal VR"
"Exodus From The Earth","14148","Exodus From The Earth","9960","3060","48","1","8","0","0","3.25","Exodus From The Earth"
"Video Poker World Tour","14149","Video Poker World Tour","9960","10080","4","1","2","0","0","0.99","Video Poker World Tour"
"Great Gun Gauntlet","14150","Great Gun Gauntlet","9960","540","52","1","3","0","0","18.44","Great Gun Gauntlet"
"Hell is Other Demons","14151","Hell is Other Demons","9960","3720","9","1","1","0","0","2.68","Hell is Other Demons"
"Angry Birds Evolution","14152","Angry Birds Evolution","9960","1680","88","2","14","0","0","5.93","Angry Birds Evolution"
"Elf Bowling: Bocce Style","14153","Elf Bowling: Bocce Style","9960","180","69","1","0","0","0","55.33","Elf Bowling: Bocce Style"
"KIRAKIRA","14154","KIRAKIRA","9960","2940","13","1","4","0","0","3.39","KIRAKIRA"
"Olympic Hockey 98","14155","Olympic Hockey 98","9960","360","156","1","1","0","0","27.67","Olympic Hockey 98"
"Hobo Soccer","14156","Hobo Soccer","9960","900","158","1","4","0","0","11.07","Hobo Soccer"
"Densha de Go! 3 Tsuukinhen","14157","Densha de Go! 3 Tsuukinhen","9960","720","86","1","3","0","0","13.83","Densha de Go! 3 Tsuukinhen"
"Holobunnies","14158","Holobunnies","9960","1200","61","2","10","0","0","8.3","Holobunnies"
"Puss N Boots: Pero's Great Adventure","14159","Puss N Boots: Pero's Great Adventure","9960","960","126","3","9","0","0","10.38","Puss N Boots: Pero's Great Adventure"
"Wings","14160","Wings","9960","1320","27","1","7","0","0","7.55","Wings"
"BreakThru!","14161","BreakThru!","9960","420","75","1","2","0","0","23.71","BreakThru!"
"Yahtzee","14162","Yahtzee","9960","1980","36","1","9","0","0","5.03","Yahtzee"
"To End All Wars","14163","To End All Wars","9960","600","31","1","1","0","0","16.6","To End All Wars"
"Monopoly: Here & Now Worldwide Edition","14164","Monopoly: Here & Now Worldwide Edition","9960","720","88","1","3","0","0","13.83","Monopoly: Here & Now Worldwide Edition"
"Blinx the Time Sweeper","14165","Blinx the Time Sweeper","9960","5220","16","1","17","0","0","1.91","Blinx the Time Sweeper"
"Chime","14166","Chime","9960","3960","17","1","16","0","0","2.52","Chime"
"UFC: Throwdown","14167","UFC: Throwdown","9900","660","369","1","6","0","0","15","UFC: Throwdown"
"MX vs. ATV Alive","14168","MX vs. ATV Alive","9900","10380","13","1","21","0","0","0.95","MX vs. ATV Alive"
"Secret Files: Sam Peters","14169","Secret Files: Sam Peters","9900","1620","46","1","6","0","0","6.11","Secret Files: Sam Peters"
"Hajime no Ippo: The Fighting!","14170","Hajime no Ippo: The Fighting!","9900","2700","12","1","10","0","0","3.67","Hajime no Ippo: The Fighting!"
"Panzer Dragoon II: Zwei","14171","Panzer Dragoon II: Zwei","9900","2700","18","1","16","0","0","3.67","Panzer Dragoon II: Zwei"
"3079","14172","3079","9900","780","37","1","4","0","0","12.69","3079"
"DJMAX Portable: Clazziquai Edition","14173","DJMAX Portable: Clazziquai Edition","9900","4140","34","1","8","0","0","2.39","DJMAX Portable: Clazziquai Edition"
"Chicken Invaders: Revenge of the Yolk","14174","Chicken Invaders: Revenge of the Yolk","9900","2340","18","1","15","0","0","4.23","Chicken Invaders: Revenge of the Yolk"
"Knights Contract","14175","Knights Contract","9900","4020","10","1","3","0","0","2.46","Knights Contract"
"Santa Claus in Trouble","14176","Santa Claus in Trouble","9900","5100","21","2","7","0","0","1.94","Santa Claus in Trouble"
"The Adventures of Mr. Bobley","14177","The Adventures of Mr. Bobley","9900","1080","51","1","5","0","0","9.17","The Adventures of Mr. Bobley"
"Lost Technology","14178","Lost Technology","9900","2340","23","1","4","0","0","4.23","Lost Technology"
"Super Robot Wars Original Generation Gaiden","14179","Super Robot Wars Original Generation Gaiden","9900","3120","17","1","4","0","0","3.17","Super Robot Wars Original Generation Gaiden"
"Evochron Legacy","14180","Evochron Legacy","9900","5040","11","1","11","0","0","1.96","Evochron Legacy"
"The Sea Will Claim Everything","14181","The Sea Will Claim Everything","9900","2160","33","1","3","0","0","4.58","The Sea Will Claim Everything"
"Forestry 2017 – The Simulation","14182","Forestry 2017 – The Simulation","9900","2940","12","1","26","0","0","3.37","Forestry 2017 – The Simulation"
"Super Robot Wars 2G","14183","Super Robot Wars 2G","9900","7260","5","1","1","0","0","1.36","Super Robot Wars 2G"
"Picnic Paranoia","14184","Picnic Paranoia","9900","3000","10","1","1","0","0","3.3","Picnic Paranoia"
"Undead Darlings ~no cure for love~","14185","Undead Darlings ~no cure for love~","9900","4380","9","1","1","0","0","2.26","Undead Darlings ~no cure for love~"
"Cloudbase Prime","14186","Cloudbase Prime","9840","1380","62","2","10","0","0","7.13","Cloudbase Prime"
"Metagal","14187","Metagal","9840","1980","60","1","9","0","0","4.97","Metagal"
"GLITCHED","14188","GLITCHED","9840","1860","19","1","10","0","0","5.29","GLITCHED"
"Fame Academy: Dance Edition","14189","Fame Academy: Dance Edition","9840","300","84","1","2","0","0","32.8","Fame Academy: Dance Edition"
"High School Musical: Sing It!","14190","High School Musical: Sing It!","9840","900","107","2","4","0","0","10.93","High School Musical: Sing It!"
"Snoopy Concert","14191","Snoopy Concert","9840","1080","26","1","3","0","0","9.11","Snoopy Concert"
"Age of Conquest IV","14192","Age of Conquest IV","9840","6780","14","2","33","0","0","1.45","Age of Conquest IV"
"Gunparade March","14193","Gunparade March","9840","1320","26","1","2","0","0","7.45","Gunparade March"
"An Octave Higher","14194","An Octave Higher","9840","1140","28","1","1","0","0","8.63","An Octave Higher"
"101 Penguin Pets","14195","101 Penguin Pets","9840","900","46","1","2","0","0","10.93","101 Penguin Pets"
"8 beat Story","14196","8 beat Story","9840","960","55","1","4","0","0","10.25","8 beat Story"
"Mahjong Fight Club: Shinsei Zenkoku Taisen Han","14197","Mahjong Fight Club: Shinsei Zenkoku Taisen Han","9840","2520","52","1","4","0","0","3.9","Mahjong Fight Club: Shinsei Zenkoku Taisen Han"
"Kururin Paradise","14198","Kururin Paradise","9840","1980","28","5","11","0","0","4.97","Kururin Paradise"
"RYL: Path of the Emperor","14199","RYL: Path of the Emperor","9840","5160","13","3","10","0","0","1.91","RYL: Path of the Emperor"
"Justin Smith's Realistic Summer Sports Simulator","14200","Justin Smith's Realistic Summer Sports Simulator","9840","300","57","1","1","0","0","32.8","Justin Smith's Realistic Summer Sports Simulator"