"","","Game","Watch time","Stream time","Peak viewers","Peak channels","Streamers","Average viewers","Average channels","Average viewer ratio",""
"Mortal Kombat: Unchained","13801","Mortal Kombat: Unchained","11160","3660","153","1","10","0","0","3.05","Mortal Kombat: Unchained"
"Dungeon Siege II: Broken World","13802","Dungeon Siege II: Broken World","11160","8400","11","1","25","0","0","1.33","Dungeon Siege II: Broken World"
"Real Bout Fatal Fury Special","13803","Real Bout Fatal Fury Special","11160","5160","21","1","9","0","0","2.16","Real Bout Fatal Fury Special"
"Ragnarok Tactics","13804","Ragnarok Tactics","11160","9480","7","2","3","0","0","1.18","Ragnarok Tactics"
"Drox Operative","13805","Drox Operative","11100","2280","68","1","5","0","0","4.87","Drox Operative"
"Bomberman Story DS","13806","Bomberman Story DS","11100","180","98","1","1","0","0","61.67","Bomberman Story DS"
"Naruto Ninja Council 2 European Version","13807","Naruto Ninja Council 2 European Version","11100","720","160","1","4","0","0","15.42","Naruto Ninja Council 2 European Version"
"Lords of Thunder","13808","Lords of Thunder","11100","1620","88","1","10","0","0","6.85","Lords of Thunder"
"Dragon Ball Z: Super Butoden 2","13809","Dragon Ball Z: Super Butoden 2","11100","1380","91","1","9","0","0","8.04","Dragon Ball Z: Super Butoden 2"
"Nanashi no Game Me","13810","Nanashi no Game Me","11100","1380","23","1","3","0","0","8.04","Nanashi no Game Me"
"Bombastic Cars","13811","Bombastic Cars","11100","1560","80","2","14","0","0","7.12","Bombastic Cars"
"Cube Escape: Seasons","13812","Cube Escape: Seasons","11100","2880","14","1","5","0","0","3.85","Cube Escape: Seasons"
"Solitairica","13813","Solitairica","11100","2820","69","1","14","0","0","3.94","Solitairica"
"Crashnauts","13814","Crashnauts","11100","5160","10","3","9","0","0","2.15","Crashnauts"
"Bang Bang Bang!","13815","Bang Bang Bang!","11100","1260","40","1","2","0","0","8.81","Bang Bang Bang!"
"Cooking Academy: Fire and Knives","13816","Cooking Academy: Fire and Knives","11100","2520","17","1","11","0","0","4.4","Cooking Academy: Fire and Knives"
"Family Fun Pack","13817","Family Fun Pack","11040","960","47","1","3","0","0","11.5","Family Fun Pack"
"Induction","13818","Induction","11040","2220","71","1","8","0","0","4.97","Induction"
"Eye Toy: Play Sports","13819","Eye Toy: Play Sports","11040","180","91","1","2","0","0","61.33","Eye Toy: Play Sports"
"The Journey: Bob's Story","13820","The Journey: Bob's Story","11040","1560","19","1","8","0","0","7.08","The Journey: Bob's Story"
"Rayman Garden","13821","Rayman Garden","11040","1140","23","1","1","0","0","9.68","Rayman Garden"
"surviv.io","13822","surviv.io","11040","4380","39","2","5","0","0","2.52","surviv.io"
"EGG: Elemental Gimmick Gear","13823","EGG: Elemental Gimmick Gear","11040","3540","19","1","8","0","0","3.12","EGG: Elemental Gimmick Gear"
"Ranger X","13824","Ranger X","11040","2760","35","1","18","0","0","4","Ranger X"
"Battalion Wars","13825","Battalion Wars","11040","5520","13","2","20","0","0","2","Battalion Wars"
"Ore no Ryouri","13826","Ore no Ryouri","11040","2700","38","1","11","0","0","4.09","Ore no Ryouri"
"Space Empires IV Deluxe","13827","Space Empires IV Deluxe","11040","1200","34","1","2","0","0","9.2","Space Empires IV Deluxe"
"Tex Murphy: Overseer","13828","Tex Murphy: Overseer","11040","5820","20","1","8","0","0","1.9","Tex Murphy: Overseer"
"Beat Down: Fists of Vengeance","13829","Beat Down: Fists of Vengeance","11040","4500","15","1","7","0","0","2.45","Beat Down: Fists of Vengeance"
"Retro Fever","13830","Retro Fever","11040","7680","10","2","5","0","0","1.44","Retro Fever"
"Prince of Qin","13831","Prince of Qin","11040","120","102","1","1","0","0","92","Prince of Qin"
"DDRMAX Dance Dance Revolution","13832","DDRMAX Dance Dance Revolution","11040","3000","34","1","17","0","0","3.68","DDRMAX Dance Dance Revolution"
"MechWarrior 2: 31st Century Combat","13833","MechWarrior 2: 31st Century Combat","11040","6780","12","2","20","0","0","1.63","MechWarrior 2: 31st Century Combat"
"Contact","13834","Contact","11040","2400","53","1","8","0","0","4.6","Contact"
"Tokimeki Memorial","13835","Tokimeki Memorial","11040","2880","32","1","8","0","0","3.83","Tokimeki Memorial"
"Forge of Empires","13836","Forge of Empires","10980","62580","15","2","53","0","0","0.18","Forge of Empires"
"Halo: Spartan Strike","13837","Halo: Spartan Strike","10980","5940","14","2","33","0","0","1.85","Halo: Spartan Strike"
"SkyDrift","13838","SkyDrift","10980","5100","41","2","20","0","0","2.15","SkyDrift"
"Gauntlet 4","13839","Gauntlet 4","10980","1440","57","1","8","0","0","7.63","Gauntlet 4"
"Jade Dynasty","13840","Jade Dynasty","10980","12960","7","1","40","0","0","0.85","Jade Dynasty"
"Captain Tsubasa Vol. II: Super Striker","13841","Captain Tsubasa Vol. II: Super Striker","10980","3720","20","1","13","0","0","2.95","Captain Tsubasa Vol. II: Super Striker"
"LA Cops","13842","LA Cops","10980","8160","23","2","46","0","0","1.35","LA Cops"
"Street Cat","13843","Street Cat","10980","1140","150","1","4","0","0","9.63","Street Cat"
"Ore no Imouto ga Konnani Kawaii Wake ga Nai. HappyenD","13844","Ore no Imouto ga Konnani Kawaii Wake ga Nai. HappyenD","10980","4380","20","1","3","0","0","2.51","Ore no Imouto ga Konnani Kawaii Wake ga Nai. HappyenD"
"The Oregon Trail: 5th Edition","13845","The Oregon Trail: 5th Edition","10980","660","45","1","2","0","0","16.64","The Oregon Trail: 5th Edition"
"Cultures 2: The Gates of Asgard","13846","Cultures 2: The Gates of Asgard","10980","780","62","1","6","0","0","14.08","Cultures 2: The Gates of Asgard"
"Kung-Fu High Impact","13847","Kung-Fu High Impact","10980","900","86","1","5","0","0","12.2","Kung-Fu High Impact"
"Snake Game","13848","Snake Game","10980","1800","112","1","9","0","0","6.1","Snake Game"
"Gearend","13849","Gearend","10980","300","47","1","0","0","0","36.6","Gearend"
"X-Men","13850","X-Men","10980","3720","66","2","31","0","0","2.95","X-Men"
"Super Robot Wars 4","13851","Super Robot Wars 4","10980","5040","9","1","3","0","0","2.18","Super Robot Wars 4"
"Sector Six","13852","Sector Six","10980","2640","31","1","6","0","0","4.16","Sector Six"
"Xmas Shooting - Scramble!!","13853","Xmas Shooting - Scramble!!","10980","3240","22","2","16","0","0","3.39","Xmas Shooting - Scramble!!"
"Zavix Tower","13854","Zavix Tower","10980","1800","51","1","6","0","0","6.1","Zavix Tower"
"Frog Feast","13855","Frog Feast","10920","180","180","1","1","0","0","60.67","Frog Feast"
"Tennis 2K2","13856","Tennis 2K2","10920","1560","21","1","6","0","0","7","Tennis 2K2"
"The Intiate","13857","The Intiate","10920","1680","31","1","5","0","0","6.5","The Intiate"
"The Narrator is a DICK","13858","The Narrator is a DICK","10920","1320","21","1","2","0","0","8.27","The Narrator is a DICK"
"New Yatterman: Nandai Kandai Yajirobee","13859","New Yatterman: Nandai Kandai Yajirobee","10920","240","67","1","0","0","0","45.5","New Yatterman: Nandai Kandai Yajirobee"
"Super Contra","13860","Super Contra","10920","3420","42","1","45","0","0","3.19","Super Contra"
"Airline Tycoon II","13861","Airline Tycoon II","10920","4380","37","1","21","0","0","2.49","Airline Tycoon II"
"Devil Summoner: Kuzunoha Raidou tai Abaddon Ou Plus","13862","Devil Summoner: Kuzunoha Raidou tai Abaddon Ou Plus","10920","1200","20","1","3","0","0","9.1","Devil Summoner: Kuzunoha Raidou tai Abaddon Ou Plus"
"Planet of the Apes","13863","Planet of the Apes","10920","4800","49","1","9","0","0","2.28","Planet of the Apes"
"Yarudora Series Vol. 1: Double Cast","13864","Yarudora Series Vol. 1: Double Cast","10920","1020","96","1","3","0","0","10.71","Yarudora Series Vol. 1: Double Cast"
"Madagascar: Escape 2 Africa","13865","Madagascar: Escape 2 Africa","10920","3720","26","1","13","0","0","2.94","Madagascar: Escape 2 Africa"
"Dragon Quest Monsters: Terry no Wonderland 3D","13866","Dragon Quest Monsters: Terry no Wonderland 3D","10920","2940","9","1","3","0","0","3.71","Dragon Quest Monsters: Terry no Wonderland 3D"
"Sketch Quest","13867","Sketch Quest","10920","3420","27","1","19","0","0","3.19","Sketch Quest"
"Final Fantasy VII Remake","13868","Final Fantasy VII Remake","10920","7920","11","1","13","0","0","1.38","Final Fantasy VII Remake"
"Charlie and the Chocolate Factory","13869","Charlie and the Chocolate Factory","10920","4380","14","1","16","0","0","2.49","Charlie and the Chocolate Factory"
"The Culling Of The Cows","13870","The Culling Of The Cows","10920","3000","18","1","23","0","0","3.64","The Culling Of The Cows"
"Vandal Hearts II","13871","Vandal Hearts II","10860","5820","24","2","8","0","0","1.87","Vandal Hearts II"
"Tribal Wars","13872","Tribal Wars","10860","5400","20","1","25","0","0","2.01","Tribal Wars"
"Samurai Warriors","13873","Samurai Warriors","10860","3120","13","1","13","0","0","3.48","Samurai Warriors"
"Bliss","13874","Bliss","10860","21060","4","1","1","0","0","0.52","Bliss"
"World of Subways Vol.2: U7","13875","World of Subways Vol.2: U7","10860","2040","40","1","10","0","0","5.32","World of Subways Vol.2: U7"
"SimCity Societies","13876","SimCity Societies","10860","3360","25","2","7","0","0","3.23","SimCity Societies"
"Densha de Go!","13877","Densha de Go!","10860","2100","101","1","8","0","0","5.17","Densha de Go!"
"Bug!","13878","Bug!","10860","2220","29","1","9","0","0","4.89","Bug!"
"Enthusia Professional Racing","13879","Enthusia Professional Racing","10860","1200","65","1","4","0","0","9.05","Enthusia Professional Racing"
"Will Rock","13880","Will Rock","10860","8400","9","1","27","0","0","1.29","Will Rock"
"Flyff Legacy","13881","Flyff Legacy","10860","3780","10","2","7","0","0","2.87","Flyff Legacy"
"Shin Nippon Pro Wrestling '94: Battlefield in Tokyo Dome","13882","Shin Nippon Pro Wrestling '94: Battlefield in Tokyo Dome","10860","60","236","1","1","0","0","181","Shin Nippon Pro Wrestling '94: Battlefield in Tokyo Dome"
"Dragonvale","13883","Dragonvale","10860","1380","152","1","7","0","0","7.87","Dragonvale"
"Battleground 3: Waterloo","13884","Battleground 3: Waterloo","10860","7800","17","2","44","0","0","1.39","Battleground 3: Waterloo"
"Hero","13885","Hero","10860","5160","18","2","29","0","0","2.1","Hero"
"Epsilon Corp.","13886","Epsilon Corp.","10800","360","182","1","4","0","0","30","Epsilon Corp."
"Wing Commander II: Deluxe Edition","13887","Wing Commander II: Deluxe Edition","10800","1680","23","1","3","0","0","6.43","Wing Commander II: Deluxe Edition"
"Baba Booey's Adventure","13888","Baba Booey's Adventure","10800","1020","78","1","5","0","0","10.59","Baba Booey's Adventure"
"Color Jumper","13889","Color Jumper","10800","1740","14","1","3","0","0","6.21","Color Jumper"
"Nora to Toki no Koubou: Kiri no Mori no Majo","13890","Nora to Toki no Koubou: Kiri no Mori no Majo","10800","5640","6","1","2","0","0","1.91","Nora to Toki no Koubou: Kiri no Mori no Majo"
"Deep Space Waifu: Flat Justice","13891","Deep Space Waifu: Flat Justice","10800","840","94","1","0","0","0","12.86","Deep Space Waifu: Flat Justice"
"One Upon Light","13892","One Upon Light","10800","3600","26","1","10","0","0","3","One Upon Light"
"Alter Ego","13893","Alter Ego","10800","3480","28","1","9","0","0","3.1","Alter Ego"
"Frequency","13894","Frequency","10800","4140","14","1","10","0","0","2.61","Frequency"
"Vay","13895","Vay","10800","2760","30","1","6","0","0","3.91","Vay"
"Dance Dance Revolution EXTREME 2","13896","Dance Dance Revolution EXTREME 2","10800","4560","23","2","19","0","0","2.37","Dance Dance Revolution EXTREME 2"
"Great Greed","13897","Great Greed","10800","1560","39","1","3","0","0","6.92","Great Greed"
"MotoGP13","13898","MotoGP13","10800","2580","67","1","15","0","0","4.19","MotoGP13"
"Rise of Nations: Rise of Legends","13899","Rise of Nations: Rise of Legends","10800","6900","7","1","20","0","0","1.57","Rise of Nations: Rise of Legends"
"Blitz Brigade","13900","Blitz Brigade","10800","14400","20","2","69","0","0","0.75","Blitz Brigade"