"","","Game","Watch time","Stream time","Peak viewers","Peak channels","Streamers","Average viewers","Average channels","Average viewer ratio",""
"SNOW","4401","SNOW","474900","156060","1684","5","753","0","0","3.04","SNOW"
"Blossom Tales: The Sleeping King","4402","Blossom Tales: The Sleeping King","474720","38400","400","5","58","0","0","12.36","Blossom Tales: The Sleeping King"
"Unkilled","4403","Unkilled","474660","9180","315","2","26","0","0","51.71","Unkilled"
"Soda Drinker Pro","4404","Soda Drinker Pro","474540","18780","3489","3","110","0","0","25.27","Soda Drinker Pro"
"Rise of Industry","4405","Rise of Industry","474540","13680","2096","2","35","0","0","34.69","Rise of Industry"
"WarLight","4406","WarLight","473760","54000","78","3","78","0","0","8.77","WarLight"
"Bloody Roar 4","4407","Bloody Roar 4","473760","2700","6256","2","18","0","0","175.47","Bloody Roar 4"
"Romance of the Three Kingdoms VIII","4408","Romance of the Three Kingdoms VIII","473460","13020","664","2","20","0","0","36.36","Romance of the Three Kingdoms VIII"
"Duskers","4409","Duskers","473280","68760","654","3","225","0","0","6.88","Duskers"
"Bazoo","4410","Bazoo","473280","1380","1983","1","10","0","0","342.96","Bazoo"
"Ready 2 Rumble Boxing","4411","Ready 2 Rumble Boxing","472920","2460","5834","2","14","0","0","192.24","Ready 2 Rumble Boxing"
"Wonder Boy in Monster World","4412","Wonder Boy in Monster World","472560","22380","727","2","56","0","0","21.12","Wonder Boy in Monster World"
"Voodoo","4413","Voodoo","472500","12540","2294","6","67","0","0","37.68","Voodoo"
"Wild Buster: Heroes of Titan","4414","Wild Buster: Heroes of Titan","472200","30480","591","5","18","0","0","15.49","Wild Buster: Heroes of Titan"
"No Time to Explain","4415","No Time to Explain","472020","86160","1949","4","570","0","0","5.48","No Time to Explain"
"Obscuritas","4416","Obscuritas","471840","44340","213","3","105","0","0","10.64","Obscuritas"
"Bud Spencer & Terence Hill: Slaps and Beans","4417","Bud Spencer & Terence Hill: Slaps and Beans","471300","14340","859","6","0","0","0","32.87","Bud Spencer & Terence Hill: Slaps and Beans"
"The Residents: Freak Show","4418","The Residents: Freak Show","471000","180","4896","1","2","0","0","2616.67","The Residents: Freak Show"
"Toribash","4419","Toribash","470520","55500","1378","5","275","0","0","8.48","Toribash"
"Holy Potatoes! A Weapon Shop?!","4420","Holy Potatoes! A Weapon Shop?!","470520","29160","1482","3","138","0","0","16.14","Holy Potatoes! A Weapon Shop?!"
"Fighting Layer","4421","Fighting Layer","470400","3300","6654","1","7","0","0","142.55","Fighting Layer"
"Dying Reborn","4422","Dying Reborn","470100","11460","1830","1","85","0","0","41.02","Dying Reborn"
"Japan Pro Golf Tour 64","4423","Japan Pro Golf Tour 64","469980","900","2357","1","4","0","0","522.2","Japan Pro Golf Tour 64"
"Chaser","4424","Chaser","469560","16200","478","2","36","0","0","28.99","Chaser"
"Castlevania: Lament of Innocence","4425","Castlevania: Lament of Innocence","468840","67680","851","3","117","0","0","6.93","Castlevania: Lament of Innocence"
"Web Mystery","4426","Web Mystery","468540","2520","1222","1","12","0","0","185.93","Web Mystery"
"Petka and Vasily Ivanovich save the galaxy","4427","Petka and Vasily Ivanovich save the galaxy","468420","6360","1051","1","18","0","0","73.65","Petka and Vasily Ivanovich save the galaxy"
"You Must Build A Boat","4428","You Must Build A Boat","468420","15660","800","1","29","0","0","29.91","You Must Build A Boat"
"Metal Slug Anthology","4429","Metal Slug Anthology","467760","36960","2024","3","516","0","0","12.66","Metal Slug Anthology"
"Cubot The Origins","4430","Cubot The Origins","465960","300","15488","2","6","0","0","1553.2","Cubot The Origins"
"TNA iMPACT!","4431","TNA iMPACT!","465720","1080","910","1","3","0","0","431.22","TNA iMPACT!"
"Muramasa: The Demon Blade","4432","Muramasa: The Demon Blade","465480","67440","152","3","126","0","0","6.9","Muramasa: The Demon Blade"
"Populous","4433","Populous","465300","9600","4795","2","16","0","0","48.47","Populous"
"D","4434","D","465120","28200","2447","2","85","0","0","16.49","D"
"Yesterday Origins","4435","Yesterday Origins","465000","39900","2064","3","86","0","0","11.65","Yesterday Origins"
"Super Mario Bros. Deluxe","4436","Super Mario Bros. Deluxe","464940","9420","874","2","30","0","0","49.36","Super Mario Bros. Deluxe"
"Feud","4437","Feud","464760","1200","4095","4","12","0","0","387.3","Feud"
"Mutant League Football","4438","Mutant League Football","464520","7740","6084","2","41","0","0","60.02","Mutant League Football"
"The Tiny Bang Story","4439","The Tiny Bang Story","464520","21000","1192","2","67","0","0","22.12","The Tiny Bang Story"
"Voodoo Vince","4440","Voodoo Vince","464280","59340","928","8","165","0","0","7.82","Voodoo Vince"
"Call of Duty: United Offensive","4441","Call of Duty: United Offensive","463980","47220","885","2","95","0","0","9.83","Call of Duty: United Offensive"
"Halo 3: ODST","4442","Halo 3: ODST","463020","43980","1939","2","141","0","0","10.53","Halo 3: ODST"
"Chameleon Twist","4443","Chameleon Twist","462480","47340","1724","5","55","0","0","9.77","Chameleon Twist"
"Live a Live","4444","Live a Live","462360","93240","433","3","162","0","0","4.96","Live a Live"
"Renegade X","4445","Renegade X","462180","37500","108","3","68","0","0","12.32","Renegade X"
"Deep Sorrow","4446","Deep Sorrow","462180","1080","2978","1","6","0","0","427.94","Deep Sorrow"
"Football Tactics","4447","Football Tactics","461940","13380","1686","2","46","0","0","34.52","Football Tactics"
"Mitsume ga Tooru","4448","Mitsume ga Tooru","461760","2460","8692","5","15","0","0","187.71","Mitsume ga Tooru"
"Army of Two","4449","Army of Two","460980","9720","1993","2","40","0","0","47.43","Army of Two"
"Roberta Williams' Phantasmagoria","4450","Roberta Williams' Phantasmagoria","460680","21480","510","3","43","0","0","21.45","Roberta Williams' Phantasmagoria"
"Rising World","4451","Rising World","459960","120840","383","4","239","0","0","3.81","Rising World"
"The Technomancer","4452","The Technomancer","459480","197100","100","4","638","0","0","2.33","The Technomancer"
"Pirates of the Caribbean Online","4453","Pirates of the Caribbean Online","459360","131820","525","6","318","0","0","3.48","Pirates of the Caribbean Online"
"Ghouls 'N Ghosts","4454","Ghouls 'N Ghosts","458820","43260","453","3","116","0","0","10.61","Ghouls 'N Ghosts"
"Block'hood","4455","Block'hood","458580","32820","6157","5","175","0","0","13.97","Block'hood"
"Samorost 2","4456","Samorost 2","458520","10440","1636","1","54","0","0","43.92","Samorost 2"
"No More Heroes 2: Desperate Struggle","4457","No More Heroes 2: Desperate Struggle","457980","36300","533","2","68","0","0","12.62","No More Heroes 2: Desperate Struggle"
"Asakura! P","4458","Asakura! P","457800","1860","769","2","4","0","0","246.13","Asakura! P"
"Handball 17","4459","Handball 17","457560","8280","2439","1","50","0","0","55.26","Handball 17"
"Vangers","4460","Vangers","457500","3360","3397","2","14","0","0","136.16","Vangers"
"Mario Party 9","4461","Mario Party 9","456960","31980","918","2","89","0","0","14.29","Mario Party 9"
"Oh No!","4462","Oh No!","456840","1380","3165","2","5","0","0","331.04","Oh No!"
"Vertiginous Golf","4463","Vertiginous Golf","456720","8040","6002","5","54","0","0","56.81","Vertiginous Golf"
"Virtua Fighter 3","4464","Virtua Fighter 3","455880","1560","4503","3","12","0","0","292.23","Virtua Fighter 3"
"Max: The Curse of Brotherhood","4465","Max: The Curse of Brotherhood","455820","77520","772","3","292","0","0","5.88","Max: The Curse of Brotherhood"
"Auditorium","4466","Auditorium","455580","2100","5184","2","9","0","0","216.94","Auditorium"
"Flamebreak","4467","Flamebreak","455520","16020","6626","2","49","0","0","28.43","Flamebreak"
"Crusaders of the Lost Idols","4468","Crusaders of the Lost Idols","455040","60600","548","3","97","0","0","7.51","Crusaders of the Lost Idols"
"Umbrella Corps","4469","Umbrella Corps","454920","92400","600","5","522","0","0","4.92","Umbrella Corps"
"League of Angels","4470","League of Angels","454860","26040","3326","3","119","0","0","17.47","League of Angels"
"Sonic's Schoolhouse","4471","Sonic's Schoolhouse","454800","1740","7386","1","9","0","0","261.38","Sonic's Schoolhouse"
"Cyberia","4472","Cyberia","454140","1500","1232","1","6","0","0","302.76","Cyberia"
"Fire Pro Wrestling Returns","4473","Fire Pro Wrestling Returns","454140","33240","1174","3","52","0","0","13.66","Fire Pro Wrestling Returns"
"Man vs. Wild","4474","Man vs. Wild","453960","540","2494","1","1","0","0","840.67","Man vs. Wild"
"Captain Tsubasa","4475","Captain Tsubasa","453600","36840","271","5","39","0","0","12.31","Captain Tsubasa"
"Flight of the Icarus","4476","Flight of the Icarus","453600","80700","1103","8","343","0","0","5.62","Flight of the Icarus"
"Pro Evolution Soccer 2013","4477","Pro Evolution Soccer 2013","453540","22020","3321","2","81","0","0","20.6","Pro Evolution Soccer 2013"
"Tartarus","4478","Tartarus","453420","11460","800","8","36","0","0","39.57","Tartarus"
"UFC Undisputed 2010","4479","UFC Undisputed 2010","453240","4200","3453","4","25","0","0","107.91","UFC Undisputed 2010"
"Ys: The Ark of Napishtim","4480","Ys: The Ark of Napishtim","453180","67860","457","4","123","0","0","6.68","Ys: The Ark of Napishtim"
"Bit.Trip RUNNER","4481","Bit.Trip RUNNER","453180","32280","1590","2","162","0","0","14.04","Bit.Trip RUNNER"
"Blacksea Odyssey","4482","Blacksea Odyssey","453060","14160","465","2","42","0","0","32","Blacksea Odyssey"
"Melody's Escape","4483","Melody's Escape","452700","107040","518","4","457","0","0","4.23","Melody's Escape"
"Bejeweled 3","4484","Bejeweled 3","452640","68700","471","3","264","0","0","6.59","Bejeweled 3"
"Icewind Dale: Enhanced Edition","4485","Icewind Dale: Enhanced Edition","452580","99720","684","3","143","0","0","4.54","Icewind Dale: Enhanced Edition"
"Onimusha: Dawn of Dreams","4486","Onimusha: Dawn of Dreams","451980","51300","271","3","46","0","0","8.81","Onimusha: Dawn of Dreams"
"Assassin's Creed Chronicles: China","4487","Assassin's Creed Chronicles: China","451620","170340","611","4","730","0","0","2.65","Assassin's Creed Chronicles: China"
"Pixel Dungeon","4488","Pixel Dungeon","451380","24540","2257","2","89","0","0","18.39","Pixel Dungeon"
"GuJian","4489","GuJian","451260","51660","282","3","32","0","0","8.74","GuJian"
"Total Overdose","4490","Total Overdose","450840","14280","677","2","59","0","0","31.57","Total Overdose"
"Chronicles of Elyria","4491","Chronicles of Elyria","450720","7740","470","2","10","0","0","58.23","Chronicles of Elyria"
"The World Ends With You","4492","The World Ends With You","450660","32820","381","3","66","0","0","13.73","The World Ends With You"
"White Album 2: Introductory Chapter","4493","White Album 2: Introductory Chapter","449880","6420","1511","1","9","0","0","70.07","White Album 2: Introductory Chapter"
"Pac-Man Vs.","4494","Pac-Man Vs.","449820","1080","1628","1","3","0","0","416.5","Pac-Man Vs."
"Dragonball GT: Transformation 2","4495","Dragonball GT: Transformation 2","449760","420","7481","1","4","0","0","1070.86","Dragonball GT: Transformation 2"
"New York City","4496","New York City","449580","780","4052","1","5","0","0","576.38","New York City"
"Wasted: A First-Person Post-Apocalyptic Pub Crawler","4497","Wasted: A First-Person Post-Apocalyptic Pub Crawler","449400","52980","1404","4","207","0","0","8.48","Wasted: A First-Person Post-Apocalyptic Pub Crawler"
"Lone Survivor","4498","Lone Survivor","449160","48720","5137","3","221","0","0","9.22","Lone Survivor"
"Legend of the Five Rings","4499","Legend of the Five Rings","448320","20100","283","2","32","0","0","22.3","Legend of the Five Rings"
"The Rake","4500","The Rake","447000","3240","6637","2","24","0","0","137.96","The Rake"