"","","Game","Watch time","Stream time","Peak viewers","Peak channels","Streamers","Average viewers","Average channels","Average viewer ratio",""
"Yu-Gi-Oh! Power of Chaos: Joey the Passion","9901","Yu-Gi-Oh! Power of Chaos: Joey the Passion","41760","6600","249","2","25","0","0","6.33","Yu-Gi-Oh! Power of Chaos: Joey the Passion"
"The Journeyman Project 2: Buried in Time","9902","The Journeyman Project 2: Buried in Time","41700","1320","84","1","2","0","0","31.59","The Journeyman Project 2: Buried in Time"
"Gemini","9903","Gemini","41700","1320","174","1","7","0","0","31.59","Gemini"
"Petz Horse Club","9904","Petz Horse Club","41700","600","181","1","3","0","0","69.5","Petz Horse Club"
"Tagin' Dragon","9905","Tagin' Dragon","41700","1080","343","1","2","0","0","38.61","Tagin' Dragon"
"Nibbler","9906","Nibbler","41700","2400","43","1","6","0","0","17.38","Nibbler"
"Awesome Possum Kicks Dr. Machino's Butt!","9907","Awesome Possum Kicks Dr. Machino's Butt!","41640","1260","119","1","5","0","0","33.05","Awesome Possum Kicks Dr. Machino's Butt!"
"Microsoft Solitaire Collection","9908","Microsoft Solitaire Collection","41640","34680","26","2","102","0","0","1.2","Microsoft Solitaire Collection"
"Ghosthunter","9909","Ghosthunter","41640","6600","186","1","16","0","0","6.31","Ghosthunter"
"Depression Quest","9910","Depression Quest","41640","14580","69","2","35","0","0","2.86","Depression Quest"
"High Heat Major League Baseball 2004","9911","High Heat Major League Baseball 2004","41640","840","101","1","2","0","0","49.57","High Heat Major League Baseball 2004"
"SWORDY","9912","SWORDY","41640","540","698","1","4","0","0","77.11","SWORDY"
"Bases Loaded 4","9913","Bases Loaded 4","41580","2640","52","1","2","0","0","15.75","Bases Loaded 4"
"Star Story: The Horizon Escape","9914","Star Story: The Horizon Escape","41580","2340","180","1","9","0","0","17.77","Star Story: The Horizon Escape"
"Shin Megami Tensei: Devil Survivor Overclocked","9915","Shin Megami Tensei: Devil Survivor Overclocked","41580","12840","21","2","13","0","0","3.24","Shin Megami Tensei: Devil Survivor Overclocked"
"Voice Changer 360","9916","Voice Changer 360","41580","3900","353","1","27","0","0","10.66","Voice Changer 360"
"Darkstar One","9917","Darkstar One","41580","5820","73","2","19","0","0","7.14","Darkstar One"
"DarkEden","9918","DarkEden","41580","52080","44","2","41","0","0","0.8","DarkEden"
"Phantasy Star Collection","9919","Phantasy Star Collection","41580","3420","294","2","7","0","0","12.16","Phantasy Star Collection"
"Backyard Football 2002","9920","Backyard Football 2002","41520","900","317","1","4","0","0","46.13","Backyard Football 2002"
"Alien Syndrome","9921","Alien Syndrome","41520","1260","391","2","8","0","0","32.95","Alien Syndrome"
"Jagged Alliance","9922","Jagged Alliance","41520","9120","38","2","7","0","0","4.55","Jagged Alliance"
"Trash TV","9923","Trash TV","41520","16380","48","2","33","0","0","2.53","Trash TV"
"Disney's Hide and Sneak","9924","Disney's Hide and Sneak","41520","1320","245","1","4","0","0","31.45","Disney's Hide and Sneak"
"Die for Valhalla!","9925","Die for Valhalla!","41460","2640","131","2","18","0","0","15.7","Die for Valhalla!"
"Zoo Hospital","9926","Zoo Hospital","41460","180","357","1","2","0","0","230.33","Zoo Hospital"
"Def Jam Rapstar","9927","Def Jam Rapstar","41400","1320","131","1","7","0","0","31.36","Def Jam Rapstar"
"Headshot","9928","Headshot","41400","3240","221","1","16","0","0","12.78","Headshot"
"Airport Simulator 2014","9929","Airport Simulator 2014","41400","2220","207","1","15","0","0","18.65","Airport Simulator 2014"
"DungeonUp","9930","DungeonUp","41340","1740","145","2","11","0","0","23.76","DungeonUp"
"Land of Illusion starring Mickey Mouse","9931","Land of Illusion starring Mickey Mouse","41340","9420","166","2","16","0","0","4.39","Land of Illusion starring Mickey Mouse"
"Starve.io","9932","Starve.io","41340","17940","79","2","47","0","0","2.3","Starve.io"
"I Can't Believe It's Not Gambling","9933","I Can't Believe It's Not Gambling","41280","6660","101","4","0","0","0","6.2","I Can't Believe It's Not Gambling"
"High Profits","9934","High Profits","41280","15540","49","2","64","0","0","2.66","High Profits"
"Undercover Cops","9935","Undercover Cops","41280","1740","239","1","8","0","0","23.72","Undercover Cops"
"Company of Heroes Online","9936","Company of Heroes Online","41280","10740","25","2","23","0","0","3.84","Company of Heroes Online"
"Transformers: Rise of the Dark Spark","9937","Transformers: Rise of the Dark Spark","41280","31140","19","2","149","0","0","1.33","Transformers: Rise of the Dark Spark"
"Super Robot Wars Operation Extend","9938","Super Robot Wars Operation Extend","41220","19860","20","1","3","0","0","2.08","Super Robot Wars Operation Extend"
"Elasto Mania","9939","Elasto Mania","41220","12240","41","5","28","0","0","3.37","Elasto Mania"
"Goo! Goo! Soundy","9940","Goo! Goo! Soundy","41220","360","685","1","1","0","0","114.5","Goo! Goo! Soundy"
"Incubation: The Wilderness Missions","9941","Incubation: The Wilderness Missions","41160","780","91","1","1","0","0","52.77","Incubation: The Wilderness Missions"
"Genkai Totsuki Moero Chronicle","9942","Genkai Totsuki Moero Chronicle","41160","14580","28","4","38","0","0","2.82","Genkai Totsuki Moero Chronicle"
"Pom Gets Wi-Fi","9943","Pom Gets Wi-Fi","41160","3660","146","1","26","0","0","11.25","Pom Gets Wi-Fi"
"White Noise Online","9944","White Noise Online","41100","14400","60","4","97","0","0","2.85","White Noise Online"
"Zzzep","9945","Zzzep","41100","12600","269","2","4","0","0","3.26","Zzzep"
"Super Robot Wars Alpha Gaiden","9946","Super Robot Wars Alpha Gaiden","41100","18660","20","2","19","0","0","2.2","Super Robot Wars Alpha Gaiden"
"Bit Blaster XL","9947","Bit Blaster XL","41100","17940","37","2","121","0","0","2.29","Bit Blaster XL"
"GraalOnline Classic","9948","GraalOnline Classic","41040","9720","68","1","31","0","0","4.22","GraalOnline Classic"
"Monster Prom","9949","Monster Prom","41040","180","242","1","1","0","0","228","Monster Prom"
"Devilman","9950","Devilman","40980","960","85","1","3","0","0","42.69","Devilman"
"Klang","9951","Klang","40980","5820","205","1","25","0","0","7.04","Klang"
"Fester's Quest","9952","Fester's Quest","40980","6240","148","3","27","0","0","6.57","Fester's Quest"
"DEFCON: Everybody Dies","9953","DEFCON: Everybody Dies","40980","16800","64","4","85","0","0","2.44","DEFCON: Everybody Dies"
"Donkey Kong Jr.","9954","Donkey Kong Jr.","40980","5880","497","1","15","0","0","6.97","Donkey Kong Jr."
"Road Rash 3: Tour De Force","9955","Road Rash 3: Tour De Force","40920","11160","58","1","33","0","0","3.67","Road Rash 3: Tour De Force"
"Guilty Gear 2: Overture","9956","Guilty Gear 2: Overture","40920","9300","37","1","16","0","0","4.4","Guilty Gear 2: Overture"
"Knight Rider 2: The Game","9957","Knight Rider 2: The Game","40920","1140","331","1","5","0","0","35.89","Knight Rider 2: The Game"
"Nancy Drew: The Phantom of Venice","9958","Nancy Drew: The Phantom of Venice","40860","11580","27","1","28","0","0","3.53","Nancy Drew: The Phantom of Venice"
"Amazing Island","9959","Amazing Island","40860","7320","94","1","25","0","0","5.58","Amazing Island"
"Phantasy Star Online Episode III: C.A.R.D. Revolution","9960","Phantasy Star Online Episode III: C.A.R.D. Revolution","40860","6240","171","1","17","0","0","6.55","Phantasy Star Online Episode III: C.A.R.D. Revolution"
"Chaos Online","9961","Chaos Online","40860","55380","20","2","19","0","0","0.74","Chaos Online"
"Of Mice and Sand","9962","Of Mice and Sand","40860","300","434","1","0","0","0","136.2","Of Mice and Sand"
"Emporium","9963","Emporium","40800","3420","219","1","28","0","0","11.93","Emporium"
"Infinite Golf","9964","Infinite Golf","40800","2220","180","1","15","0","0","18.38","Infinite Golf"
"Warcraft Adventures: Lord of the Clans","9965","Warcraft Adventures: Lord of the Clans","40800","1800","723","1","9","0","0","22.67","Warcraft Adventures: Lord of the Clans"
"Jade Cocoon 2","9966","Jade Cocoon 2","40800","24180","11","2","31","0","0","1.69","Jade Cocoon 2"
"Gundam: Battle Operation Next","9967","Gundam: Battle Operation Next","40800","5220","35","1","6","0","0","7.82","Gundam: Battle Operation Next"
"Dora the Explorer: Super Spies","9968","Dora the Explorer: Super Spies","40740","3300","407","1","7","0","0","12.35","Dora the Explorer: Super Spies"
"King of the Hat","9969","King of the Hat","40740","2340","274","1","9","0","0","17.41","King of the Hat"
"Imprint-X","9970","Imprint-X","40740","960","567","1","7","0","0","42.44","Imprint-X"
"Countdown Vampires","9971","Countdown Vampires","40680","3780","100","1","11","0","0","10.76","Countdown Vampires"
"Travian","9972","Travian","40620","9780","277","2","34","0","0","4.15","Travian"
"Zero Gear","9973","Zero Gear","40620","3600","213","2","28","0","0","11.28","Zero Gear"
"SmuggleCraft","9974","SmuggleCraft","40620","1800","118","2","15","0","0","22.57","SmuggleCraft"
"Heart Forth, Alicia","9975","Heart Forth, Alicia","40560","2040","157","2","11","0","0","19.88","Heart Forth, Alicia"
"8-Bit Bayonetta","9976","8-Bit Bayonetta","40500","6240","1375","5","44","0","0","6.49","8-Bit Bayonetta"
"inSANE","9977","inSANE","40500","600","657","1","3","0","0","67.5","inSANE"
"Secret Agent","9978","Secret Agent","40500","1620","184","1","11","0","0","25","Secret Agent"
"Dogz","9979","Dogz","40500","360","350","1","3","0","0","112.5","Dogz"
"League Challenge","9980","League Challenge","40500","4920","306","2","29","0","0","8.23","League Challenge"
"DoDonPachi Daifukkatsu Black Label","9981","DoDonPachi Daifukkatsu Black Label","40440","6600","124","2","23","0","0","6.13","DoDonPachi Daifukkatsu Black Label"
"Bad Company","9982","Bad Company","40440","12540","103","2","44","0","0","3.22","Bad Company"
"Age of Empires IV","9983","Age of Empires IV","40440","540","360","1","1","0","0","74.89","Age of Empires IV"
"Signs Of Darkness","9984","Signs Of Darkness","40380","2040","256","2","0","0","0","19.79","Signs Of Darkness"
"Windlands","9985","Windlands","40380","24660","66","2","128","0","0","1.64","Windlands"
"Malebolgia","9986","Malebolgia","40380","1740","310","1","8","0","0","23.21","Malebolgia"
"Road Rash 3-D","9987","Road Rash 3-D","40380","3240","84","1","12","0","0","12.46","Road Rash 3-D"
"Funk of Titans","9988","Funk of Titans","40380","2820","221","2","13","0","0","14.32","Funk of Titans"
"Defense Grid: The Awakening","9989","Defense Grid: The Awakening","40380","6180","94","1","33","0","0","6.53","Defense Grid: The Awakening"
"Yogi Bear","9990","Yogi Bear","40320","840","84","1","5","0","0","48","Yogi Bear"
"Arcana Heart 2","9991","Arcana Heart 2","40320","660","170","1","2","0","0","61.09","Arcana Heart 2"
"Iron Marines","9992","Iron Marines","40320","3180","498","2","14","0","0","12.68","Iron Marines"
"Zup!","9993","Zup!","40320","8160","83","2","54","0","0","4.94","Zup!"
"Fort Triumph","9994","Fort Triumph","40320","9480","35","2","31","0","0","4.25","Fort Triumph"
"Starr Mazer: DSP","9995","Starr Mazer: DSP","40260","11940","126","2","34","0","0","3.37","Starr Mazer: DSP"
"RC Cars","9996","RC Cars","40260","6180","448","1","11","0","0","6.51","RC Cars"
"Bowling","9997","Bowling","40200","4620","163","1","14","0","0","8.7","Bowling"
"Romance of the Three Kingdoms II","9998","Romance of the Three Kingdoms II","40200","2820","102","1","6","0","0","14.26","Romance of the Three Kingdoms II"
"Bard's Tale","9999","Bard's Tale","40200","14640","29","2","31","0","0","2.75","Bard's Tale"
"Armored Core","10000","Armored Core","40200","13320","19","2","38","0","0","3.02","Armored Core"