"","","Game","Watch time","Stream time","Peak viewers","Peak channels","Streamers","Average viewers","Average channels","Average viewer ratio",""
"TransOcean - The Shipping Company","4501","TransOcean - The Shipping Company","446820","18720","208","2","34","0","0","23.87","TransOcean - The Shipping Company"
"Star Fox Assault","4502","Star Fox Assault","446760","43680","1036","6","149","0","0","10.23","Star Fox Assault"
"Crash Nitro Kart","4503","Crash Nitro Kart","446700","28800","2340","2","108","0","0","15.51","Crash Nitro Kart"
"Top Gear","4504","Top Gear","446700","33000","4054","4","88","0","0","13.54","Top Gear"
"Blaster Master 2","4505","Blaster Master 2","446700","1980","711","1","2","0","0","225.61","Blaster Master 2"
"Randal's Monday","4506","Randal's Monday","446100","78660","175","4","193","0","0","5.67","Randal's Monday"
"Maxivision 15–in–1","4507","Maxivision 15–in–1","445920","180","2614","1","0","0","0","2477.33","Maxivision 15–in–1"
"Mario Artist: Paint Studio","4508","Mario Artist: Paint Studio","445800","840","2907","2","2","0","0","530.71","Mario Artist: Paint Studio"
"Risk II","4509","Risk II","445620","1200","786","1","4","0","0","371.35","Risk II"
"Get Shorty","4510","Get Shorty","445380","1200","1668","1","1","0","0","371.15","Get Shorty"
"Super Adventure Island","4511","Super Adventure Island","445080","5160","2768","2","27","0","0","86.26","Super Adventure Island"
"Space Station Silicon Valley","4512","Space Station Silicon Valley","445080","59580","358","3","47","0","0","7.47","Space Station Silicon Valley"
"Lumino City","4513","Lumino City","445020","20760","371","2","67","0","0","21.44","Lumino City"
"Ikaruga","4514","Ikaruga","444900","60300","1565","4","307","0","0","7.38","Ikaruga"
"SimCity 4","4515","SimCity 4","444780","98160","351","4","261","0","0","4.53","SimCity 4"
"Plantera","4516","Plantera","444780","15960","1876","2","98","0","0","27.87","Plantera"
"Wonder Project J: Kikai no Shounen Pino","4517","Wonder Project J: Kikai no Shounen Pino","444660","1620","2933","2","7","0","0","274.48","Wonder Project J: Kikai no Shounen Pino"
"Super Robot Wars","4518","Super Robot Wars","444480","88560","199","5","53","0","0","5.02","Super Robot Wars"
"Road Rash II","4519","Road Rash II","444360","11640","6630","2","40","0","0","38.18","Road Rash II"
"inFamous 2","4520","inFamous 2","444000","32760","431","3","56","0","0","13.55","inFamous 2"
"Escape from Monkey Island","4521","Escape from Monkey Island","444000","29640","690","2","60","0","0","14.98","Escape from Monkey Island"
"Dark Orbit","4522","Dark Orbit","443460","82980","544","3","257","0","0","5.34","Dark Orbit"
"Enola","4523","Enola","443220","7380","570","1","19","0","0","60.06","Enola"
"Anarchy Arcade","4524","Anarchy Arcade","443100","161280","20","2","11","0","0","2.75","Anarchy Arcade"
"Bust A Groove","4525","Bust A Groove","442740","10800","6160","2","54","0","0","40.99","Bust A Groove"
"How to Survive","4526","How to Survive","442620","165480","596","5","737","0","0","2.67","How to Survive"
"Sunrider: First Arrival","4527","Sunrider: First Arrival","442320","15720","918","2","35","0","0","28.14","Sunrider: First Arrival"
"Hercules","4528","Hercules","442200","17280","1461","2","77","0","0","25.59","Hercules"
"Baldur's Gate: Dark Alliance","4529","Baldur's Gate: Dark Alliance","442200","44820","299","2","114","0","0","9.87","Baldur's Gate: Dark Alliance"
"She Remembered Caterpillars","4530","She Remembered Caterpillars","441060","14040","488","3","50","0","0","31.41","She Remembered Caterpillars"
"Gothic 3 : Forsaken Gods","4531","Gothic 3 : Forsaken Gods","440940","22380","2198","2","47","0","0","19.7","Gothic 3 : Forsaken Gods"
"John Woo presents Stranglehold","4532","John Woo presents Stranglehold","440940","8580","2374","1","27","0","0","51.39","John Woo presents Stranglehold"
"Kabuki: Quantum Fighter","4533","Kabuki: Quantum Fighter","440280","6780","7032","5","22","0","0","64.94","Kabuki: Quantum Fighter"
"Sailaway - The Sailing Simulator","4534","Sailaway - The Sailing Simulator","440040","60000","695","5","72","0","0","7.33","Sailaway - The Sailing Simulator"
"TalkMan","4535","TalkMan","439980","35040","607","2","148","0","0","12.56","TalkMan"
"Brandish 2: The Planet Buster","4536","Brandish 2: The Planet Buster","439980","9360","1835","2","5","0","0","47.01","Brandish 2: The Planet Buster"
"Guardian Heroes","4537","Guardian Heroes","439860","7020","4841","1","31","0","0","62.66","Guardian Heroes"
"35mm","4538","35mm","439260","24480","2410","2","82","0","0","17.94","35mm"
"Catacomb Kids","4539","Catacomb Kids","439200","35880","864","3","80","0","0","12.24","Catacomb Kids"
"Dead Effect 2","4540","Dead Effect 2","438720","145740","159","9","505","0","0","3.01","Dead Effect 2"
"Runescape Classic","4541","Runescape Classic","438660","125760","1196","5","559","0","0","3.49","Runescape Classic"
"World of Darkness","4542","World of Darkness","438540","79620","102","3","55","0","0","5.51","World of Darkness"
"Stronghold Crusader II","4543","Stronghold Crusader II","438000","148920","586","5","580","0","0","2.94","Stronghold Crusader II"
"Empire TV Tycoon","4544","Empire TV Tycoon","437820","11160","1293","1","54","0","0","39.23","Empire TV Tycoon"
"Ancestors Legacy","4545","Ancestors Legacy","437820","14700","720","6","10","0","0","29.78","Ancestors Legacy"
"Odyssey","4546","Odyssey","437700","8400","1647","2","32","0","0","52.11","Odyssey"
"Giga Wrecker","4547","Giga Wrecker","437220","69840","670","4","154","0","0","6.26","Giga Wrecker"
"Tarzan","4548","Tarzan","437100","15240","1758","2","54","0","0","28.68","Tarzan"
"Alien Soldier","4549","Alien Soldier","437100","14460","1677","2","51","0","0","30.23","Alien Soldier"
"Sound Voltex IV: Heavenly Haven","4550","Sound Voltex IV: Heavenly Haven","436860","151140","156","3","21","0","0","2.89","Sound Voltex IV: Heavenly Haven"
"Roundabout","4551","Roundabout","436740","25140","1610","3","124","0","0","17.37","Roundabout"
"San Francisco Rush: Extreme Racing","4552","San Francisco Rush: Extreme Racing","436560","3960","6905","1","20","0","0","110.24","San Francisco Rush: Extreme Racing"
"The Adventures of Tintin: Prisoners of the Sun","4553","The Adventures of Tintin: Prisoners of the Sun","436440","3840","677","5","7","0","0","113.66","The Adventures of Tintin: Prisoners of the Sun"
"Asgard","4554","Asgard","436260","360","2907","1","1","0","0","1211.83","Asgard"
"Gitaroo Man","4555","Gitaroo Man","435900","18660","402","2","85","0","0","23.36","Gitaroo Man"
"Dragon Saga","4556","Dragon Saga","435780","54120","1479","3","127","0","0","8.05","Dragon Saga"
"Hexen","4557","Hexen","435600","46560","422","2","118","0","0","9.36","Hexen"
"Ittle Dew 2","4558","Ittle Dew 2","435600","25500","397","2","57","0","0","17.08","Ittle Dew 2"
"Brink","4559","Brink","435480","67440","1152","11","437","0","0","6.46","Brink"
"Agony","4560","Agony","434460","17220","1028","2","93","0","0","25.23","Agony"
"3D Ultra Mini Golf","4561","3D Ultra Mini Golf","434460","4260","2232","2","19","0","0","101.99","3D Ultra Mini Golf"
"Slime-san","4562","Slime-san","434100","48300","727","5","207","0","0","8.99","Slime-san"
"Doom 4","4563","Doom 4","433920","76980","1199","4","238","0","0","5.64","Doom 4"
"Wunderdoktor","4564","Wunderdoktor","433560","1320","3556","1","7","0","0","328.45","Wunderdoktor"
"Bounty Train","4565","Bounty Train","433500","40440","484","4","122","0","0","10.72","Bounty Train"
"Dragon Ball Z","4566","Dragon Ball Z","432900","58320","182","3","191","0","0","7.42","Dragon Ball Z"
"Cars 3","4567","Cars 3","432840","13680","545","2","49","0","0","31.64","Cars 3"
"Zeus: Master of Olympus","4568","Zeus: Master of Olympus","432540","34260","308","2","74","0","0","12.63","Zeus: Master of Olympus"
"Burnout Revenge","4569","Burnout Revenge","432540","37680","1837","2","101","0","0","11.48","Burnout Revenge"
"Freaky Awesome","4570","Freaky Awesome","431940","10140","839","3","56","0","0","42.6","Freaky Awesome"
"Stronghold 3","4571","Stronghold 3","431820","17820","481","2","82","0","0","24.23","Stronghold 3"
"WWE All Stars","4572","WWE All Stars","431700","4200","2400","1","23","0","0","102.79","WWE All Stars"
"Time Crisis","4573","Time Crisis","431580","4560","6001","1","29","0","0","94.64","Time Crisis"
"Fish!","4574","Fish!","431460","2460","2528","2","8","0","0","175.39","Fish!"
"Heart's Medicine: Time to Heal","4575","Heart's Medicine: Time to Heal","431400","14580","900","3","41","0","0","29.59","Heart's Medicine: Time to Heal"
"Primal Carnage: Extinction","4576","Primal Carnage: Extinction","431400","97860","2150","3","477","0","0","4.41","Primal Carnage: Extinction"
"Beyond Oasis","4577","Beyond Oasis","431340","21660","867","2","56","0","0","19.91","Beyond Oasis"
"Super Mega Baseball","4578","Super Mega Baseball","431160","169620","210","5","658","0","0","2.54","Super Mega Baseball"
"Jubeat","4579","Jubeat","431100","133440","127","3","16","0","0","3.23","Jubeat"
"Super Noah's Ark 3D","4580","Super Noah's Ark 3D","431040","7980","3191","1","33","0","0","54.02","Super Noah's Ark 3D"
"Breakers Revenge","4581","Breakers Revenge","430800","9000","1553","2","36","0","0","47.87","Breakers Revenge"
"Alpha Protocol","4582","Alpha Protocol","430260","60120","503","2","150","0","0","7.16","Alpha Protocol"
"Don Bradman Cricket 17","4583","Don Bradman Cricket 17","430080","189000","749","5","255","0","0","2.28","Don Bradman Cricket 17"
"Barbie Super Model","4584","Barbie Super Model","429900","98820","1314","3","165","0","0","4.35","Barbie Super Model"
"Just Dance 2014","4585","Just Dance 2014","429900","16260","503","2","118","0","0","26.44","Just Dance 2014"
"Final Fight","4586","Final Fight","429840","43920","2563","2","143","0","0","9.79","Final Fight"
"Crashlands","4587","Crashlands","429660","74160","606","3","230","0","0","5.79","Crashlands"
"Giants: Citizen Kabuto","4588","Giants: Citizen Kabuto","429420","13140","1869","2","41","0","0","32.68","Giants: Citizen Kabuto"
"Frog Fractions","4589","Frog Fractions","429360","23220","1069","3","132","0","0","18.49","Frog Fractions"
"Beyond Good & Evil 2","4590","Beyond Good & Evil 2","429300","1380","4084","4","5","0","0","311.09","Beyond Good & Evil 2"
"Billy Hatcher and the Giant Egg","4591","Billy Hatcher and the Giant Egg","428640","43860","543","4","132","0","0","9.77","Billy Hatcher and the Giant Egg"
"Bust-A-Move","4592","Bust-A-Move","428520","8280","1819","1","38","0","0","51.75","Bust-A-Move"
"Looney Tunes: Sheep Raider","4593","Looney Tunes: Sheep Raider","428160","18180","491","2","45","0","0","23.55","Looney Tunes: Sheep Raider"
"WCW/nWo Revenge","4594","WCW/nWo Revenge","427920","11400","5461","2","50","0","0","37.54","WCW/nWo Revenge"
"Rock God Tycoon","4595","Rock God Tycoon","427560","8520","2312","2","47","0","0","50.18","Rock God Tycoon"
"Black Death","4596","Black Death","427440","9120","1598","2","30","0","0","46.87","Black Death"
"Romancing SaGa","4597","Romancing SaGa","426840","51060","94","2","33","0","0","8.36","Romancing SaGa"
"Players Unknown Battle Grand","4598","Players Unknown Battle Grand","426660","104400","5110","9","324","0","0","4.09","Players Unknown Battle Grand"
"Lineage II Grand Crusade","4599","Lineage II Grand Crusade","426180","117600","1283","4","251","0","0","3.62","Lineage II Grand Crusade"
"Xena: Warrior Princess","4600","Xena: Warrior Princess","426000","6420","1864","2","22","0","0","66.36","Xena: Warrior Princess"