"","","Game","Watch time","Stream time","Peak viewers","Peak channels","Streamers","Average viewers","Average channels","Average viewer ratio",""
"The Isle","1301","The Isle","6998460","585300","7533","9","742","13","1","11.96","The Isle"
"Alwa's Awakening","1302","Alwa's Awakening","6980220","103560","85041","8","245","13","0","67.4","Alwa's Awakening"
"Kyatto Ninden Teyandee","1303","Kyatto Ninden Teyandee","6957840","6300","112083","3","24","13","0","1104.42","Kyatto Ninden Teyandee"
"Heat Signature","1304","Heat Signature","6951060","243180","16945","26","1208","13","0","28.58","Heat Signature"
"The Bunker","1305","The Bunker","6934320","107280","9690","4","546","13","0","64.64","The Bunker"
"Super Mario Bros. 2","1306","Super Mario Bros. 2","6928980","193500","6149","7","640","13","0","35.81","Super Mario Bros. 2"
"Raft","1307","Raft","6922080","255660","28187","21","2104","13","0","27.08","Raft"
"Fez","1308","Fez","6916380","228420","23504","7","882","13","0","30.28","Fez"
"E3","1309","E3","6908700","134880","23004","193","720","13","0","51.22","E3"
"Honkai Impact","1310","Honkai Impact","6901560","416460","1439","14","276","13","0","16.57","Honkai Impact"
"Worms Reloaded","1311","Worms Reloaded","6896460","71700","22497","4","353","13","0","96.18","Worms Reloaded"
"Castlevania: Lords of Shadow","1312","Castlevania: Lords of Shadow","6895560","346440","6632","6","746","13","0","19.9","Castlevania: Lords of Shadow"
"Dissidia: Final Fantasy","1313","Dissidia: Final Fantasy","6895140","247440","11460","176","862","13","0","27.87","Dissidia: Final Fantasy"
"Illusion of Gaia","1314","Illusion of Gaia","6884340","143040","17114","4","221","13","0","48.13","Illusion of Gaia"
"Exanima","1315","Exanima","6866700","156360","19420","10","505","13","0","43.92","Exanima"
"Call of Cthulhu: Dark Corners of the Earth","1316","Call of Cthulhu: Dark Corners of the Earth","6854880","195360","2711","8","531","13","0","35.09","Call of Cthulhu: Dark Corners of the Earth"
"Momodora: Reverie Under the Moonlight","1317","Momodora: Reverie Under the Moonlight","6792060","546360","6828","9","2093","12","1","12.43","Momodora: Reverie Under the Moonlight"
"Injustice: Gods Among Us","1318","Injustice: Gods Among Us","6787380","459540","10777","18","3700","12","0","14.77","Injustice: Gods Among Us"
"Assault Android Cactus","1319","Assault Android Cactus","6762780","89700","80465","11","264","12","0","75.39","Assault Android Cactus"
"GoldenEye: Source","1320","GoldenEye: Source","6747960","105600","6898","6","394","12","0","63.9","GoldenEye: Source"
"Wonder Boy: The Dragon's Trap","1321","Wonder Boy: The Dragon's Trap","6720960","292800","4112","31","1129","12","0","22.95","Wonder Boy: The Dragon's Trap"
"Magic Sword","1322","Magic Sword","6706500","10740","150192","9","37","12","0","624.44","Magic Sword"
"River City Ransom","1323","River City Ransom","6687240","23160","109813","7","94","12","0","288.74","River City Ransom"
"Penumbra: Black Plague","1324","Penumbra: Black Plague","6675240","143220","5147","5","435","12","0","46.61","Penumbra: Black Plague"
"Among The Sleep","1325","Among The Sleep","6673620","341340","13283","12","2543","12","0","19.55","Among The Sleep"
"Hand Dic","1326","Hand Dic","6662100","13980","2179","1","27","12","0","476.55","Hand Dic"
"Grim Fandango","1327","Grim Fandango","6622200","294960","3088","6","1005","12","0","22.45","Grim Fandango"
"Owlboy","1328","Owlboy","6620640","429000","13254","9","1465","12","0","15.43","Owlboy"
"Rayman Legends","1329","Rayman Legends","6604800","502740","7252","9","2907","12","0","13.14","Rayman Legends"
"Need for Speed Underground 2","1330","Need for Speed Underground 2","6598500","434700","2880","10","1677","12","0","15.18","Need for Speed Underground 2"
"Rain World","1331","Rain World","6595020","354420","3819","22","1033","12","0","18.61","Rain World"
"The Waiting Room","1332","The Waiting Room","6583560","13860","24277","5","59","12","0","475","The Waiting Room"
"Princess Maker 2","1333","Princess Maker 2","6577320","70620","4422","3","222","12","0","93.14","Princess Maker 2"
"Max Payne","1334","Max Payne","6570660","380040","2645","6","1117","12","0","17.29","Max Payne"
"100% Orange Juice","1335","100% Orange Juice","6568260","524940","5968","10","1884","12","0","12.51","100% Orange Juice"
"Space Rangers","1336","Space Rangers","6559620","33180","2407","2","31","12","0","197.7","Space Rangers"
"State of Decay: Year-One Survival Edition","1337","State of Decay: Year-One Survival Edition","6556320","1450920","976","18","4261","12","2","4.52","State of Decay: Year-One Survival Edition"
"Night Trap","1338","Night Trap","6538080","48840","16314","9","215","12","0","133.87","Night Trap"
"Mega Man 7","1339","Mega Man 7","6532020","124560","10898","4","301","12","0","52.44","Mega Man 7"
"Black Mirror","1340","Black Mirror","6519300","102900","5028","28","210","12","0","63.36","Black Mirror"
"Hotline Miami 2: Wrong Number","1341","Hotline Miami 2: Wrong Number","6513180","534720","9532","9","2934","12","1","12.18","Hotline Miami 2: Wrong Number"
"Fire Emblem Fates","1342","Fire Emblem Fates","6508080","220980","3694","5","279","12","0","29.45","Fire Emblem Fates"
"Tony Hawk's Pro Skater 2","1343","Tony Hawk's Pro Skater 2","6460800","94500","122897","11","323","12","0","68.37","Tony Hawk's Pro Skater 2"
"Wild West Online","1344","Wild West Online","6451980","254100","37397","85","568","12","0","25.39","Wild West Online"
"Ice Lakes","1345","Ice Lakes","6442740","71460","10155","7","266","12","0","90.16","Ice Lakes"
"Mobius Final Fantasy","1346","Mobius Final Fantasy","6436980","1009260","882","28","1581","12","1","6.38","Mobius Final Fantasy"
"CABAL Online","1347","CABAL Online","6406320","846720","737","14","678","12","1","7.57","CABAL Online"
"Lupinball","1348","Lupinball","6402600","29220","29701","4","82","12","0","219.12","Lupinball"
"1, 2, Switch","1349","1, 2, Switch","6391560","39960","13013","14","315","12","0","159.95","1, 2, Switch"
"Until Dawn: Rush of Blood","1350","Until Dawn: Rush of Blood","6339360","44160","9904","3","1518","12","0","143.55","Until Dawn: Rush of Blood"
"Ratchet & Clank Collection","1351","Ratchet & Clank Collection","6332700","287280","502","6","274","12","0","22.04","Ratchet & Clank Collection"
"Zombie Army Trilogy","1352","Zombie Army Trilogy","6331680","1157640","2805","24","5589","12","2","5.47","Zombie Army Trilogy"
"Kingdom Hearts: Birth by Sleep","1353","Kingdom Hearts: Birth by Sleep","6330360","308940","7081","8","599","12","0","20.49","Kingdom Hearts: Birth by Sleep"
"Ratchet & Clank: Up Your Arsenal","1354","Ratchet & Clank: Up Your Arsenal","6328440","199500","7212","5","186","12","0","31.72","Ratchet & Clank: Up Your Arsenal"
"WolfTeam","1355","WolfTeam","6311520","52080","3926","3","247","12","0","121.19","WolfTeam"
"Blaster Master Zero","1356","Blaster Master Zero","6310740","132060","24164","20","341","12","0","47.79","Blaster Master Zero"
"Jalopy","1357","Jalopy","6298980","134160","3045","5","617","11","0","46.95","Jalopy"
"Deus Ex: Mankind Divided","1358","Deus Ex: Mankind Divided","6295140","1105800","8819","17","4543","11","2","5.69","Deus Ex: Mankind Divided"
"Trash Panic","1359","Trash Panic","6290640","5760","13064","5","20","11","0","1092.13","Trash Panic"
"skribbl.io","1360","skribbl.io","6278700","296640","10229","17","1845","11","0","21.17","skribbl.io"
"Watch Dogs","1361","Watch Dogs","6262260","1464540","667","55","7216","11","2","4.28","Watch Dogs"
"Arizona Sunshine","1362","Arizona Sunshine","6232200","508320","21108","12","1583","11","0","12.26","Arizona Sunshine"
"The Legend of Zelda: Spirit Tracks","1363","The Legend of Zelda: Spirit Tracks","6228720","80040","5198","2","111","11","0","77.82","The Legend of Zelda: Spirit Tracks"
"Rec Room","1364","Rec Room","6219480","233880","19081","11","836","11","0","26.59","Rec Room"
"Railway Empire","1365","Railway Empire","6210540","34740","2129","4","20","11","0","178.77","Railway Empire"
"The Legend of Zelda: Four Swords Adventures","1366","The Legend of Zelda: Four Swords Adventures","6203880","103620","6156","4","191","11","0","59.87","The Legend of Zelda: Four Swords Adventures"
"Azur Lane","1367","Azur Lane","6184020","444720","1057","50","466","11","0","13.91","Azur Lane"
"Are You Smarter Than A 5th Grader","1368","Are You Smarter Than A 5th Grader","6179400","4800","20736","5","37","11","0","1287.38","Are You Smarter Than A 5th Grader"
"Congo's Caper","1369","Congo's Caper","6168780","3960","153476","16","26","11","0","1557.77","Congo's Caper"
"Kholat","1370","Kholat","6165240","238020","9282","7","1371","11","0","25.9","Kholat"
"Cornerstone: The Song of Tyrim","1371","Cornerstone: The Song of Tyrim","6134640","6720","110184","12","31","11","0","912.89","Cornerstone: The Song of Tyrim"
"WhiteDay: a labyrinth named School","1372","WhiteDay: a labyrinth named School","6117960","57360","7363","20","487","11","0","106.66","WhiteDay: a labyrinth named School"
"BanG Dream! Girls Band Party!","1373","BanG Dream! Girls Band Party!","6106440","230040","1691","6","275","11","0","26.55","BanG Dream! Girls Band Party!"
"Ys SEVEN","1374","Ys SEVEN","6093600","168600","2685","11","197","11","0","36.14","Ys SEVEN"
"The Wheel of Time","1375","The Wheel of Time","6088800","4680","148819","9","14","11","0","1301.03","The Wheel of Time"
"The Vanishing of Ethan Carter","1376","The Vanishing of Ethan Carter","6078600","269280","3657","8","1148","11","0","22.57","The Vanishing of Ethan Carter"
"Super Win the Game","1377","Super Win the Game","6062580","10740","93413","8","43","11","0","564.49","Super Win the Game"
"Super Mario Strikers","1378","Super Mario Strikers","6030660","65040","7049","3","311","11","0","92.72","Super Mario Strikers"
"Colony Survival","1379","Colony Survival","6027840","148140","38832","11","511","11","0","40.69","Colony Survival"
"Blade Runner","1380","Blade Runner","6022320","35040","5733","4","96","11","0","171.87","Blade Runner"
"Gothic II","1381","Gothic II","6014460","249060","2663","6","338","11","0","24.15","Gothic II"
"Rabi-Ribi","1382","Rabi-Ribi","6005880","713400","1214","12","1068","11","1","8.42","Rabi-Ribi"
"Shin Megami Tensei: Persona 3 FES","1383","Shin Megami Tensei: Persona 3 FES","6003300","783420","706","10","955","11","1","7.66","Shin Megami Tensei: Persona 3 FES"
"MDK","1384","MDK","5997360","15480","94522","12","48","11","0","387.43","MDK"
"Guild Wars","1385","Guild Wars","5985420","892500","2975","10","913","11","1","6.71","Guild Wars"
"Katamari Damacy","1386","Katamari Damacy","5982600","117900","129120","9","387","11","0","50.74","Katamari Damacy"
"Hammerin' Harry","1387","Hammerin' Harry","5980380","3900","99139","4","17","11","0","1533.43","Hammerin' Harry"
"Diluvion","1388","Diluvion","5912700","93480","28601","15","352","11","0","63.25","Diluvion"
"Super Mario Land 2: 6 Golden Coins","1389","Super Mario Land 2: 6 Golden Coins","5908380","147420","8344","6","267","11","0","40.08","Super Mario Land 2: 6 Golden Coins"
"Life is Feudal","1390","Life is Feudal","5908140","251160","3050","15","463","11","0","23.52","Life is Feudal"
"Train Sim World: CSX Heavy Haul","1391","Train Sim World: CSX Heavy Haul","5902500","214500","2140","23","434","11","0","27.52","Train Sim World: CSX Heavy Haul"
"Corpse Party","1392","Corpse Party","5898720","269520","2043","9","561","11","0","21.89","Corpse Party"
"Ryse: Son of Rome","1393","Ryse: Son of Rome","5889000","1311840","3035","64","6493","11","2","4.49","Ryse: Son of Rome"
"Fighting EX Layer","1394","Fighting EX Layer","5885580","66420","9784","39","2","11","0","88.61","Fighting EX Layer"
"The Flame in the Flood","1395","The Flame in the Flood","5883420","442680","3217","14","1884","11","0","13.29","The Flame in the Flood"
"Bastion","1396","Bastion","5882100","510300","25092","9","2184","11","0","11.53","Bastion"
"Kingdom Hearts","1397","Kingdom Hearts","5870280","824700","1656","13","1822","11","1","7.12","Kingdom Hearts"
"Abzû","1398","Abzû","5868240","716220","1871","32","6394","11","1","8.19","Abzû"
"Call of Duty","1399","Call of Duty","5864400","400680","33742","13","1919","11","0","14.64","Call of Duty"
"Minesweeper","1400","Minesweeper","5862900","264840","10610","5","1302","11","0","22.14","Minesweeper"