"","","Game","Watch time","Stream time","Peak viewers","Peak channels","Streamers","Average viewers","Average channels","Average viewer ratio",""
"Painterboy","7201","Painterboy","120600","7800","92","2","25","0","0","15.46","Painterboy"
"Fragile Dreams:  Farewell Ruins of the Moon","7202","Fragile Dreams:  Farewell Ruins of the Moon","120540","21360","31","2","36","0","0","5.64","Fragile Dreams:  Farewell Ruins of the Moon"
"Caladrius","7203","Caladrius","120540","10080","203","2","54","0","0","11.96","Caladrius"
"Born to Rock","7204","Born to Rock","120540","120","2282","1","1","0","0","1004.5","Born to Rock"
"RPG Maker Fes","7205","RPG Maker Fes","120360","4620","592","1","15","0","0","26.05","RPG Maker Fes"
"Hayarigami 2: Toshidensetsu Kaii Jiken","7206","Hayarigami 2: Toshidensetsu Kaii Jiken","120360","1980","284","1","4","0","0","60.79","Hayarigami 2: Toshidensetsu Kaii Jiken"
"Daikoukai Jidai IV: Porto Estado","7207","Daikoukai Jidai IV: Porto Estado","120300","3060","172","2","3","0","0","39.31","Daikoukai Jidai IV: Porto Estado"
"Grim Legends 2: Song of the Dark Swan","7208","Grim Legends 2: Song of the Dark Swan","120300","13260","129","2","49","0","0","9.07","Grim Legends 2: Song of the Dark Swan"
"Rabbids Go Home: A Comedy Adventure","7209","Rabbids Go Home: A Comedy Adventure","120180","2520","1229","1","11","0","0","47.69","Rabbids Go Home: A Comedy Adventure"
"Done Drinkin'","7210","Done Drinkin'","120180","1140","2289","1","3","0","0","105.42","Done Drinkin'"
"NEO AQUARIUM - The King of Crustaceans -","7211","NEO AQUARIUM - The King of Crustaceans -","120180","5160","706","2","34","0","0","23.29","NEO AQUARIUM - The King of Crustaceans -"
"Gladiators","7212","Gladiators","120180","960","1059","1","7","0","0","125.19","Gladiators"
"Magus","7213","Magus","120120","2520","1752","1","5","0","0","47.67","Magus"
"Snoopy's Silly Sports Spectacular","7214","Snoopy's Silly Sports Spectacular","120000","480","431","1","2","0","0","250","Snoopy's Silly Sports Spectacular"
"Sherlock Holmes: Nemesis","7215","Sherlock Holmes: Nemesis","120000","7560","96","2","15","0","0","15.87","Sherlock Holmes: Nemesis"
"Inspector Gadget","7216","Inspector Gadget","119940","3240","1699","2","9","0","0","37.02","Inspector Gadget"
"Super Bomberman 5","7217","Super Bomberman 5","119940","17700","1551","4","48","0","0","6.78","Super Bomberman 5"
"Pwned","7218","Pwned","119940","360","1076","2","3","0","0","333.17","Pwned"
"Pooh's Party Game: In Search of the Treasure","7219","Pooh's Party Game: In Search of the Treasure","119820","3300","654","2","8","0","0","36.31","Pooh's Party Game: In Search of the Treasure"
"Ribbit King","7220","Ribbit King","119760","16440","172","2","33","0","0","7.28","Ribbit King"
"Lost Sector Online","7221","Lost Sector Online","119700","31560","44","2","10","0","0","3.79","Lost Sector Online"
"Hellforces","7222","Hellforces","119700","5520","704","1","4","0","0","21.68","Hellforces"
"Kirby's Dream Collection Special Edition","7223","Kirby's Dream Collection Special Edition","119700","18660","151","5","43","0","0","6.41","Kirby's Dream Collection Special Edition"
"Citizens of Earth","7224","Citizens of Earth","119700","43920","117","2","108","0","0","2.73","Citizens of Earth"
"I wanna be The Cat","7225","I wanna be The Cat","119700","12240","170","4","0","0","0","9.78","I wanna be The Cat"
"Singstar R&B","7226","Singstar R&B","119640","3120","1063","2","5","0","0","38.35","Singstar R&B"
"Naruto Shippuden: Ultimate Ninja Storm Revolution","7227","Naruto Shippuden: Ultimate Ninja Storm Revolution","119640","67860","29","3","247","0","0","1.76","Naruto Shippuden: Ultimate Ninja Storm Revolution"
"Psychonauts in the Rhombus of Ruin","7228","Psychonauts in the Rhombus of Ruin","119520","17400","195","5","72","0","0","6.87","Psychonauts in the Rhombus of Ruin"
"Nancy Drew: Last Train to Blue Moon Canyon","7229","Nancy Drew: Last Train to Blue Moon Canyon","119400","8940","163","3","24","0","0","13.36","Nancy Drew: Last Train to Blue Moon Canyon"
"Love","7230","Love","119340","12300","885","2","49","0","0","9.7","Love"
"Harvest Moon: Friends of Mineral Town","7231","Harvest Moon: Friends of Mineral Town","119280","32460","80","2","76","0","0","3.67","Harvest Moon: Friends of Mineral Town"
"Folk Tale","7232","Folk Tale","119280","12180","437","2","50","0","0","9.79","Folk Tale"
"Metrico","7233","Metrico","119280","11220","151","2","80","0","0","10.63","Metrico"
"Dragon's Lair II: TimeWarp","7234","Dragon's Lair II: TimeWarp","119160","2760","1097","1","15","0","0","43.17","Dragon's Lair II: TimeWarp"
"D&D Lords of Waterdeep","7235","D&D Lords of Waterdeep","118920","19920","157","2","30","0","0","5.97","D&D Lords of Waterdeep"
"Meat Boy","7236","Meat Boy","118920","5400","864","1","38","0","0","22.02","Meat Boy"
"Royal Quest","7237","Royal Quest","118860","111720","41","3","173","0","0","1.06","Royal Quest"
"Drill Dozer","7238","Drill Dozer","118740","10620","465","3","27","0","0","11.18","Drill Dozer"
"Leisure Suit Larry 6: Shape Up or Slip Out!","7239","Leisure Suit Larry 6: Shape Up or Slip Out!","118680","1200","746","1","5","0","0","98.9","Leisure Suit Larry 6: Shape Up or Slip Out!"
"Virtual Boy Wario Land","7240","Virtual Boy Wario Land","118680","4560","128","2","15","0","0","26.03","Virtual Boy Wario Land"
"Fun 'N Games","7241","Fun 'N Games","118680","28440","39","2","21","0","0","4.17","Fun 'N Games"
"Razor Freestyle Scooter","7242","Razor Freestyle Scooter","118560","2820","1918","2","10","0","0","42.04","Razor Freestyle Scooter"
"Pro Evolution Soccer 2016","7243","Pro Evolution Soccer 2016","118260","166800","62","4","624","0","0","0.71","Pro Evolution Soccer 2016"
"Midnight Club II","7244","Midnight Club II","118200","49500","81","2","108","0","0","2.39","Midnight Club II"
"Spider-Man: The Movie","7245","Spider-Man: The Movie","118200","18240","100","2","31","0","0","6.48","Spider-Man: The Movie"
"Loom","7246","Loom","118140","13080","87","1","50","0","0","9.03","Loom"
"Ju-On: The Grudge","7247","Ju-On: The Grudge","118080","3060","379","1","21","0","0","38.59","Ju-On: The Grudge"
"Fushigi no Dungeon: Fuurai no Shiren 2","7248","Fushigi no Dungeon: Fuurai no Shiren 2","118080","9660","513","2","6","0","0","12.22","Fushigi no Dungeon: Fuurai no Shiren 2"
"Landless","7249","Landless","118080","5820","612","1","21","0","0","20.29","Landless"
"Nancy Drew: Danger on Deception Island","7250","Nancy Drew: Danger on Deception Island","118020","9540","149","2","25","0","0","12.37","Nancy Drew: Danger on Deception Island"
"Pool Island","7251","Pool Island","118020","300","1959","1","2","0","0","393.4","Pool Island"
"SingStar","7252","SingStar","117900","6360","474","3","44","0","0","18.54","SingStar"
"ToeJam & Earl in Panic on Funkotron","7253","ToeJam & Earl in Panic on Funkotron","117720","9180","1588","2","33","0","0","12.82","ToeJam & Earl in Panic on Funkotron"
"Mario Party Advance","7254","Mario Party Advance","117660","6360","213","1","22","0","0","18.5","Mario Party Advance"
"Tron: Evolution","7255","Tron: Evolution","117600","28260","264","3","97","0","0","4.16","Tron: Evolution"
"King's Knight","7256","King's Knight","117600","780","1930","1","5","0","0","150.77","King's Knight"
"April 7th","7257","April 7th","117600","180","994","1","1","0","0","653.33","April 7th"
"ZOMBS.io","7258","ZOMBS.io","117480","32640","318","4","200","0","0","3.6","ZOMBS.io"
"Hockey","7259","Hockey","117480","29640","119","2","51","0","0","3.96","Hockey"
"WipEout","7260","WipEout","117480","3780","871","1","17","0","0","31.08","WipEout"
"Mario Kart: Super Circuit","7261","Mario Kart: Super Circuit","117420","15000","893","2","74","0","0","7.83","Mario Kart: Super Circuit"
"Type:Rider","7262","Type:Rider","117360","54060","270","5","465","0","0","2.17","Type:Rider"
"Winning Eleven: Pro Evolution Soccer 2007","7263","Winning Eleven: Pro Evolution Soccer 2007","117360","15000","1649","2","48","0","0","7.82","Winning Eleven: Pro Evolution Soccer 2007"
"Blue Revolver","7264","Blue Revolver","117360","15420","189","2","60","0","0","7.61","Blue Revolver"
"Harvest Moon: More Friends of Mineral Town","7265","Harvest Moon: More Friends of Mineral Town","117300","11880","70","2","20","0","0","9.87","Harvest Moon: More Friends of Mineral Town"
"The Search","7266","The Search","117240","840","872","1","5","0","0","139.57","The Search"
"The Demon Rush","7267","The Demon Rush","117180","840","466","1","2","0","0","139.5","The Demon Rush"
"Rome: Total War - Barbarian Invasion","7268","Rome: Total War - Barbarian Invasion","117180","27900","151","2","51","0","0","4.2","Rome: Total War - Barbarian Invasion"
"Whirl Tour","7269","Whirl Tour","117120","3480","1039","1","3","0","0","33.66","Whirl Tour"
"Desert Bus","7270","Desert Bus","117060","14520","729","4","16","0","0","8.06","Desert Bus"
"Doom 3: Resurrection of Evil","7271","Doom 3: Resurrection of Evil","116940","30480","58","2","102","0","0","3.84","Doom 3: Resurrection of Evil"
"Hot Shots Golf: World Invitational","7272","Hot Shots Golf: World Invitational","116760","13740","581","3","31","0","0","8.5","Hot Shots Golf: World Invitational"
"Assassin's Creed Chronicles","7273","Assassin's Creed Chronicles","116700","26280","240","2","74","0","0","4.44","Assassin's Creed Chronicles"
"Faith","7274","Faith","116640","5220","469","3","34","0","0","22.34","Faith"
"SAS: Zombie Assault 4","7275","SAS: Zombie Assault 4","116640","53160","30","6","192","0","0","2.19","SAS: Zombie Assault 4"
"Don't Cock It Up","7276","Don't Cock It Up","116580","480","687","1","2","0","0","242.88","Don't Cock It Up"
"Xbird","7277","Xbird","116520","3900","845","2","38","0","0","29.88","Xbird"
"The Magic of Scheherazade","7278","The Magic of Scheherazade","116460","9900","284","2","14","0","0","11.76","The Magic of Scheherazade"
"Twisted Metal 2","7279","Twisted Metal 2","116460","15480","121","3","63","0","0","7.52","Twisted Metal 2"
"Senjo no Valkyria 3","7280","Senjo no Valkyria 3","116400","38280","22","2","22","0","0","3.04","Senjo no Valkyria 3"
"Space Quest V: The Next Mutation","7281","Space Quest V: The Next Mutation","116400","7860","99","1","15","0","0","14.81","Space Quest V: The Next Mutation"
"Warhammer Quest","7282","Warhammer Quest","116280","28800","143","3","70","0","0","4.04","Warhammer Quest"
"Drakengard 2","7283","Drakengard 2","116220","19440","65","2","23","0","0","5.98","Drakengard 2"
"Turok","7284","Turok","116220","21180","165","2","81","0","0","5.49","Turok"
"Deathsmiles","7285","Deathsmiles","116220","42000","136","3","97","0","0","2.77","Deathsmiles"
"Sonic the Hedgehog: Pocket Adventure","7286","Sonic the Hedgehog: Pocket Adventure","116160","4080","493","1","15","0","0","28.47","Sonic the Hedgehog: Pocket Adventure"
"Body Harvest","7287","Body Harvest","116040","29280","227","3","16","0","0","3.96","Body Harvest"
"Runaway: A Road Adventure","7288","Runaway: A Road Adventure","116040","16500","69","2","33","0","0","7.03","Runaway: A Road Adventure"
"Ty the Tasmanian Tiger 2: Bush Rescue","7289","Ty the Tasmanian Tiger 2: Bush Rescue","115980","40020","120","4","135","0","0","2.9","Ty the Tasmanian Tiger 2: Bush Rescue"
"Pajama Sam 2: Thunder and Lightning Aren't so Frightening","7290","Pajama Sam 2: Thunder and Lightning Aren't so Frightening","115980","17340","147","2","93","0","0","6.69","Pajama Sam 2: Thunder and Lightning Aren't so Frightening"
"Top Gear 2","7291","Top Gear 2","115980","37800","1396","5","47","0","0","3.07","Top Gear 2"
"Crosswords DS","7292","Crosswords DS","115980","1200","1333","1","5","0","0","96.65","Crosswords DS"
"Spider-Man 2: Enter Electro","7293","Spider-Man 2: Enter Electro","115980","17820","244","2","49","0","0","6.51","Spider-Man 2: Enter Electro"
"From Other Suns","7294","From Other Suns","115980","21180","113","6","71","0","0","5.48","From Other Suns"
"Festival","7295","Festival","115860","5700","101","1","4","0","0","20.33","Festival"
"Icewind Dale II","7296","Icewind Dale II","115860","21840","72","2","19","0","0","5.3","Icewind Dale II"
"Super Robot Wars Neo","7297","Super Robot Wars Neo","115800","5160","485","2","3","0","0","22.44","Super Robot Wars Neo"
"Blackwell Deception","7298","Blackwell Deception","115740","10740","102","2","24","0","0","10.78","Blackwell Deception"
"Marvel Land","7299","Marvel Land","115680","720","729","1","5","0","0","160.67","Marvel Land"
"The Chronicles of Riddick: Escape from Butcher Bay","7300","The Chronicles of Riddick: Escape from Butcher Bay","115680","39840","146","2","72","0","0","2.9","The Chronicles of Riddick: Escape from Butcher Bay"