"","","Game","Watch time","Stream time","Peak viewers","Peak channels","Streamers","Average viewers","Average channels","Average viewer ratio",""
"Fallout 4","101","Fallout 4","380311440","46317300","15224","205","84832","723","88","8.21","Fallout 4"
"Tom Clancy's Ghost Recon: Wildlands","102","Tom Clancy's Ghost Recon: Wildlands","361714800","23172060","87165","1193","77468","688","44","15.61","Tom Clancy's Ghost Recon: Wildlands"
"The Legend of Zelda: A Link to the Past","103","The Legend of Zelda: A Link to the Past","356250240","12184980","182559","158","6345","677","23","29.24","The Legend of Zelda: A Link to the Past"
"The Legend of Zelda: Ocarina of Time","104","The Legend of Zelda: Ocarina of Time","352184880","7480800","8484","84","6484","670","14","47.08","The Legend of Zelda: Ocarina of Time"
"They Are Billions","105","They Are Billions","351079920","2830380","66322","248","260","668","5","124.04","They Are Billions"
"Blade and Soul","106","Blade and Soul","350936580","24251400","14080","158","12775","667","46","14.47","Blade and Soul"
"StarCraft","107","StarCraft","345139200","5834760","85472","268","7521","656","11","59.15","StarCraft"
"Borderlands 2","108","Borderlands 2","343946880","19516620","206508","304","36603","654","37","17.62","Borderlands 2"
"Gears of War 4","109","Gears of War 4","342011880","25366560","42896","162","35113","650","48","13.48","Gears of War 4"
"Middle-earth: Shadow of War","110","Middle-earth: Shadow of War","339483000","9764640","120873","978","21672","645","18","34.77","Middle-earth: Shadow of War"
"Mass Effect: Andromeda","111","Mass Effect: Andromeda","338323140","14757420","71484","1207","20776","643","28","22.93","Mass Effect: Andromeda"
"The Sims 4","112","The Sims 4","327121740","14899980","51126","191","25486","622","28","21.95","The Sims 4"
"NieR Automata","113","NieR Automata","326649420","13156800","130151","537","40517","621","25","24.83","NieR Automata"
"Always On","114","Always On","323980080","902340","19963","16","27","616","1","359.04","Always On"
"The Elder Scrolls Online","115","The Elder Scrolls Online","322427340","30250980","49913","215","43735","613","57","10.66","The Elder Scrolls Online"
"Battlerite","116","Battlerite","319405200","15277140","52855","320","28197","607","29","20.91","Battlerite"
"Guild Wars 2","117","Guild Wars 2","317018940","22454820","56295","432","19631","603","42","14.12","Guild Wars 2"
"Persona 5","118","Persona 5","316372800","12318420","45615","488","14226","601","23","25.68","Persona 5"
"XCOM 2: War of the Chosen","119","XCOM 2: War of the Chosen","314803260","4755120","37514","206","3977","599","9","66.2","XCOM 2: War of the Chosen"
"Euro Truck Simulator 2","120","Euro Truck Simulator 2","304241700","32665140","41378","268","34485","578","62","9.31","Euro Truck Simulator 2"
"Divinity: Original Sin II","121","Divinity: Original Sin II","302800140","12003180","56005","394","14741","576","22","25.23","Divinity: Original Sin II"
"Heroes of Might and Magic III: The Shadow of Death","122","Heroes of Might and Magic III: The Shadow of Death","300703200","3117240","30509","25","2073","572","5","96.46","Heroes of Might and Magic III: The Shadow of Death"
"Stardew Valley","123","Stardew Valley","293925300","21355140","32892","112","35782","559","40","13.76","Stardew Valley"
"Madden NFL 17","124","Madden NFL 17","290481960","55640100","30808","742","68427","552","105","5.22","Madden NFL 17"
"Age of Empires II","125","Age of Empires II","269128140","4471440","6615","24","2079","512","8","60.19","Age of Empires II"
"Madden NFL 18","126","Madden NFL 18","268008120","39211860","33963","1245","46528","509","74","6.83","Madden NFL 18"
"XCOM 2","127","XCOM 2","265444020","8582880","13738","94","13313","505","16","30.93","XCOM 2"
"Diablo II: Lord of Destruction","128","Diablo II: Lord of Destruction","262522140","7033860","154500","96","5406","499","13","37.32","Diablo II: Lord of Destruction"
"Golf It!","129","Golf It!","256283460","1606920","113470","40","6969","487","3","159.49","Golf It!"
"Prey","130","Prey","255099960","9924780","104034","781","24428","485","18","25.7","Prey"
"Quake Champions","131","Quake Champions","247494060","7685220","56791","540","15807","470","14","32.2","Quake Champions"
"Marvel vs. Capcom Infinite","132","Marvel vs. Capcom Infinite","241317060","2212200","47255","213","6406","459","4","109.08","Marvel vs. Capcom Infinite"
"EVE Online","133","EVE Online","239784720","7571040","8551","48","5743","456","14","31.67","EVE Online"
"Crash Bandicoot: N. Sane Trilogy","134","Crash Bandicoot: N. Sane Trilogy","237991680","4288560","40440","364","37490","452","8","55.49","Crash Bandicoot: N. Sane Trilogy"
"The Forest","135","The Forest","233825220","12105660","47163","178","30211","444","23","19.32","The Forest"
"Deceit","136","Deceit","233277540","4534080","56456","113","9839","443","8","51.45","Deceit"
"Albion Online","137","Albion Online","227872380","9166140","44287","314","8615","433","17","24.86","Albion Online"
"Vainglory","138","Vainglory","223165020","4742700","43162","26","3235","424","9","47.05","Vainglory"
"MapleStory","139","MapleStory","214713180","13377540","13117","66","9478","408","25","16.05","MapleStory"
"The Long Dark","140","The Long Dark","212835720","6880500","29806","243","11581","404","13","30.93","The Long Dark"
"Pokémon Ultra Sun/Ultra Moon","141","Pokémon Ultra Sun/Ultra Moon","211292280","3723000","15145","239","1980","402","7","56.75","Pokémon Ultra Sun/Ultra Moon"
"Garry's Mod","142","Garry's Mod","209104140","13751640","41318","114","38776","397","26","15.21","Garry's Mod"
"Call of Duty: Ghosts","143","Call of Duty: Ghosts","204715680","8616240","43803","173","21202","389","16","23.76","Call of Duty: Ghosts"
"Chess","144","Chess","201646740","2802420","25457","23","2880","383","5","71.95","Chess"
"M.U.G.E.N","145","M.U.G.E.N","196482840","1311300","11541","7","365","373","2","149.84","M.U.G.E.N"
"Oxygen Not Included","146","Oxygen Not Included","191976840","5940900","44971","66","8348","365","11","32.31","Oxygen Not Included"
"Farming Simulator 17","147","Farming Simulator 17","191892360","22595280","39146","123","20293","365","42","8.49","Farming Simulator 17"
"Factorio","148","Factorio","190040040","9790020","21828","75","11696","361","18","19.41","Factorio"
"Europa Universalis IV","149","Europa Universalis IV","189516840","5613900","9232","45","4562","360","10","33.76","Europa Universalis IV"
"Total War: Warhammer II","150","Total War: Warhammer II","189455640","3997140","38377","299","4572","360","7","47.4","Total War: Warhammer II"
"Dofus","151","Dofus","188686740","6252120","17283","125","5503","359","11","30.18","Dofus"
"Social Eating","152","Social Eating","186928080","1995060","26349","22","13107","355","3","93.7","Social Eating"
"Wolfenstein II: The New Colossus","153","Wolfenstein II: The New Colossus","185901720","3200100","86606","419","9551","353","6","58.09","Wolfenstein II: The New Colossus"
"Yakuza 0","154","Yakuza 0","185201400","4949100","37505","112","6785","352","9","37.42","Yakuza 0"
"Cities: Skylines","155","Cities: Skylines","183430200","8226780","26538","67","15180","349","15","22.3","Cities: Skylines"
"Football Manager 2017","156","Football Manager 2017","178834920","3480660","7149","34","3209","340","6","51.38","Football Manager 2017"
"Splatoon 2","157","Splatoon 2","178755420","11739180","20573","944","11467","340","22","15.23","Splatoon 2"
"VRChat","158","VRChat","172926900","1377360","45858","146","322","329","2","125.55","VRChat"
"Hollow Knight","159","Hollow Knight","172894860","8097480","150578","104","13739","328","15","21.35","Hollow Knight"
"Call of Duty: Black Ops II","160","Call of Duty: Black Ops II","172444500","15702420","47970","278","30357","328","29","10.98","Call of Duty: Black Ops II"
"Final Fantasy VII","161","Final Fantasy VII","169458180","5318940","142666","32","7740","322","10","31.86","Final Fantasy VII"
"Grand Theft Auto: San Andreas","162","Grand Theft Auto: San Andreas","169439040","6787440","14932","47","16150","322","12","24.96","Grand Theft Auto: San Andreas"
"The Jackbox Party Pack 3","163","The Jackbox Party Pack 3","169084200","6850260","47526","136","15949","321","13","24.68","The Jackbox Party Pack 3"
"The Legend of Zelda: Majora's Mask","164","The Legend of Zelda: Majora's Mask","168834360","2946060","217334","26","2744","321","5","57.31","The Legend of Zelda: Majora's Mask"
"Heroes of Newerth","165","Heroes of Newerth","166802400","5505900","10900","30","3284","317","10","30.3","Heroes of Newerth"
"Final Fantasy XIV: Heavensward","166","Final Fantasy XIV: Heavensward","165754920","15226380","19276","307","27746","315","28","10.89","Final Fantasy XIV: Heavensward"
"Sid Meier's Civilization V","167","Sid Meier's Civilization V","165591240","5828520","46335","39","11877","315","11","28.41","Sid Meier's Civilization V"
"Elite: Dangerous","168","Elite: Dangerous","164257080","17586420","9485","159","17524","312","33","9.34","Elite: Dangerous"
"The Last of Us","169","The Last of Us","162962640","16880940","23281","86","33069","310","32","9.65","The Last of Us"
"Star Citizen","170","Star Citizen","160895160","6306360","51936","108","5811","306","11","25.51","Star Citizen"
"ROBLOX","171","ROBLOX","160013340","21298080","22375","136","63135","304","40","7.51","ROBLOX"
"Dark Souls II: Scholar of the First Sin","172","Dark Souls II: Scholar of the First Sin","154473780","12559080","7594","113","20427","293","23","12.3","Dark Souls II: Scholar of the First Sin"
"Golf With Your Friends","173","Golf With Your Friends","154344480","6390900","52537","71","28538","293","12","24.15","Golf With Your Friends"
"Microsoft Flight Simulator X","174","Microsoft Flight Simulator X","153624420","11150220","4794","73","5125","292","21","13.78","Microsoft Flight Simulator X"
"The Evil Within","175","The Evil Within","151925100","8268180","18349","138","19203","289","15","18.37","The Evil Within"
"Terraria","176","Terraria","151793940","16061940","32566","81","33235","288","30","9.45","Terraria"
"Anime","177","Anime","151082700","311880","38004","74","1500","287","0","484.43","Anime"
"Dark and Light","178","Dark and Light","150190500","4676520","45110","165","4827","285","8","32.12","Dark and Light"
"Team Fortress 2","179","Team Fortress 2","149805960","13432980","15245","145","23468","285","25","11.15","Team Fortress 2"
"Monster Hunter World","180","Monster Hunter World","148344900","2002500","141768","1766","31","282","3","74.08","Monster Hunter World"
"FTL: Faster Than Light","181","FTL: Faster Than Light","147775680","2847840","9307","22","6595","281","5","51.89","FTL: Faster Than Light"
"Subnautica","182","Subnautica","145989420","7371300","26735","55","13556","277","14","19.81","Subnautica"
"Yu-Gi-Oh! Duel Links","183","Yu-Gi-Oh! Duel Links","144242340","4413120","22914","52","4410","274","8","32.68","Yu-Gi-Oh! Duel Links"
"Super Metroid","184","Super Metroid","142140480","3438000","224496","33","2994","270","6","41.34","Super Metroid"
"Yakuza Kiwami 2","185","Yakuza Kiwami 2","141474480","799740","41126","145","96","269","1","176.9","Yakuza Kiwami 2"
"Little Nightmares","186","Little Nightmares","139551120","4096380","52331","329","19448","265","7","34.07","Little Nightmares"
"Dead Cells","187","Dead Cells","136906680","5059920","64823","122","15364","260","9","27.06","Dead Cells"
"Tabletop Simulator","188","Tabletop Simulator","136496040","2741220","35615","30","8965","259","5","49.79","Tabletop Simulator"
"Undertale","189","Undertale","136447500","5727960","216515","125","17178","259","10","23.82","Undertale"
"Dauntless","190","Dauntless","133625760","4047540","71614","614","6795","254","7","33.01","Dauntless"
"Eternal","191","Eternal","133372860","2994780","18812","28","2220","253","5","44.54","Eternal"
"theHunter: Call of the Wild","192","theHunter: Call of the Wild","133329000","4630680","46646","71","7545","253","8","28.79","theHunter: Call of the Wild"
"Dark Souls II","193","Dark Souls II","132188100","3061860","16258","24","6574","251","5","43.17","Dark Souls II"
"MLB The Show 17","194","MLB The Show 17","130593120","3999660","17953","101","13180","248","7","32.65","MLB The Show 17"
"StarCraft: Brood War","195","StarCraft: Brood War","130514880","4488900","25009","48","3559","248","8","29.08","StarCraft: Brood War"
"War Thunder","196","War Thunder","130320720","16350060","8226","95","22680","247","31","7.97","War Thunder"
"TrackMania² Stadium","197","TrackMania² Stadium","128486940","1298220","84265","34","2315","244","2","98.97","TrackMania² Stadium"
"Blackwake","198","Blackwake","127956720","2311440","55486","122","7157","243","4","55.36","Blackwake"
"Super Mario World","199","Super Mario World","127900800","3623820","7083","31","6251","243","6","35.29","Super Mario World"
"Metin 2","200","Metin 2","124416120","4932660","14760","40","5196","236","9","25.22","Metin 2"