"","","Game","Watch time","Stream time","Peak viewers","Peak channels","Streamers","Average viewers","Average channels","Average viewer ratio",""
"Hot Shots Golf: Out of Bounds","9501","Hot Shots Golf: Out of Bounds","48180","8160","119","2","19","0","0","5.9","Hot Shots Golf: Out of Bounds"
"Duty Calls: The Calm Before the Storm","9502","Duty Calls: The Calm Before the Storm","48180","1380","743","1","8","0","0","34.91","Duty Calls: The Calm Before the Storm"
"Bot Colony","9503","Bot Colony","48180","3720","92","2","28","0","0","12.95","Bot Colony"
"Sam & Max Episode 303: They Stole Max's Brain","9504","Sam & Max Episode 303: They Stole Max's Brain","48120","4860","71","1","15","0","0","9.9","Sam & Max Episode 303: They Stole Max's Brain"
"Toki Tori","9505","Toki Tori","48120","10440","105","1","40","0","0","4.61","Toki Tori"
"Nostalgia","9506","Nostalgia","48120","10920","116","2","25","0","0","4.41","Nostalgia"
"Squirreltopia","9507","Squirreltopia","48060","2160","196","2","11","0","0","22.25","Squirreltopia"
"Kartia: The Word of Fate","9508","Kartia: The Word of Fate","48060","11400","19","1","7","0","0","4.22","Kartia: The Word of Fate"
"Little King's Story","9509","Little King's Story","48060","14760","38","2","41","0","0","3.26","Little King's Story"
"Atic Atac","9510","Atic Atac","48060","300","412","1","2","0","0","160.2","Atic Atac"
"Metal Black","9511","Metal Black","48060","4320","38","2","7","0","0","11.13","Metal Black"
"Estranged: Act 1","9512","Estranged: Act 1","48060","12900","389","2","55","0","0","3.73","Estranged: Act 1"
"Fantasia","9513","Fantasia","48000","3720","146","3","15","0","0","12.9","Fantasia"
"Pan-Pan","9514","Pan-Pan","47940","4500","162","1","21","0","0","10.65","Pan-Pan"
"GetMeBro!","9515","GetMeBro!","47880","12240","18","2","6","0","0","3.91","GetMeBro!"
"Warfare Online","9516","Warfare Online","47880","33240","87","3","117","0","0","1.44","Warfare Online"
"Zack & Wiki: Quest for Barbaros' Treasure","9517","Zack & Wiki: Quest for Barbaros' Treasure","47880","6600","331","2","14","0","0","7.25","Zack & Wiki: Quest for Barbaros' Treasure"
"Solatorobo: Red the Hunter","9518","Solatorobo: Red the Hunter","47880","11640","31","2","17","0","0","4.11","Solatorobo: Red the Hunter"
"The Ren & Stimpy Show: Time Warp","9519","The Ren & Stimpy Show: Time Warp","47880","1020","269","2","3","0","0","46.94","The Ren & Stimpy Show: Time Warp"
"Batman Begins","9520","Batman Begins","47880","9180","153","2","20","0","0","5.22","Batman Begins"
"Q*Bert","9521","Q*Bert","47820","4920","62","1","15","0","0","9.72","Q*Bert"
"Alone With You","9522","Alone With You","47760","6000","97","1","21","0","0","7.96","Alone With You"
"Arkshot","9523","Arkshot","47760","2460","208","3","18","0","0","19.41","Arkshot"
"Ballistic Tanks","9524","Ballistic Tanks","47700","840","269","1","8","0","0","56.79","Ballistic Tanks"
"MySims","9525","MySims","47700","11580","25","1","44","0","0","4.12","MySims"
"Psycho Pinball","9526","Psycho Pinball","47640","8220","82","10","6","0","0","5.8","Psycho Pinball"
"Robin Hood","9527","Robin Hood","47640","2820","257","1","6","0","0","16.89","Robin Hood"
"The Land Before Time","9528","The Land Before Time","47580","420","188","1","2","0","0","113.29","The Land Before Time"
"Little Racers STREET","9529","Little Racers STREET","47580","3180","398","2","24","0","0","14.96","Little Racers STREET"
"F-Zero Climax","9530","F-Zero Climax","47580","1320","391","1","5","0","0","36.05","F-Zero Climax"
"Bugs Bunny & Taz: Time Busters","9531","Bugs Bunny & Taz: Time Busters","47580","14640","113","2","34","0","0","3.25","Bugs Bunny & Taz: Time Busters"
"Wangan Midnight Maximum Tune","9532","Wangan Midnight Maximum Tune","47580","5580","78","2","4","0","0","8.53","Wangan Midnight Maximum Tune"
"Teacher's Pet","9533","Teacher's Pet","47520","2700","33","1","2","0","0","17.6","Teacher's Pet"
"Princess Remedy","9534","Princess Remedy","47520","13440","72","4","64","0","0","3.54","Princess Remedy"
"Lyne","9535","Lyne","47520","17160","51","2","102","0","0","2.77","Lyne"
"Master Reboot","9536","Master Reboot","47520","5520","206","1","22","0","0","8.61","Master Reboot"
"UFO: Aftershock","9537","UFO: Aftershock","47520","4680","28","1","5","0","0","10.15","UFO: Aftershock"
"Taiko no Tatsujin Portable","9538","Taiko no Tatsujin Portable","47520","480","381","1","3","0","0","99","Taiko no Tatsujin Portable"
"Merry Gear Solid 2: Ghosts of Christmas Past","9539","Merry Gear Solid 2: Ghosts of Christmas Past","47520","2700","204","1","2","0","0","17.6","Merry Gear Solid 2: Ghosts of Christmas Past"
"Etherlords II","9540","Etherlords II","47520","12180","43","2","20","0","0","3.9","Etherlords II"
"Airline Tycoon","9541","Airline Tycoon","47520","4800","119","2","16","0","0","9.9","Airline Tycoon"
"Herdy Gerdy","9542","Herdy Gerdy","47460","16560","44","2","5","0","0","2.87","Herdy Gerdy"
"Jamestown: Legend of the Lost Colony","9543","Jamestown: Legend of the Lost Colony","47460","11580","125","3","81","0","0","4.1","Jamestown: Legend of the Lost Colony"
"Yandere Simulator","9544","Yandere Simulator","47460","18540","36","4","97","0","0","2.56","Yandere Simulator"
"LostWinds: Winter of the Melodias","9545","LostWinds: Winter of the Melodias","47400","2940","76","1","8","0","0","16.12","LostWinds: Winter of the Melodias"
"Boo Bunny Plague","9546","Boo Bunny Plague","47400","2100","356","1","12","0","0","22.57","Boo Bunny Plague"
"Army Men RTS","9547","Army Men RTS","47400","4560","134","2","18","0","0","10.39","Army Men RTS"
"FIFA Soccer 95","9548","FIFA Soccer 95","47340","1620","384","1","7","0","0","29.22","FIFA Soccer 95"
"Runaway: A Twist of Fate","9549","Runaway: A Twist of Fate","47340","8760","29","1","20","0","0","5.4","Runaway: A Twist of Fate"
"Initial D: Street Stage","9550","Initial D: Street Stage","47280","24300","14","3","85","0","0","1.95","Initial D: Street Stage"
"Grand Ages: Medieval","9551","Grand Ages: Medieval","47220","53700","12","2","143","0","0","0.88","Grand Ages: Medieval"
"Back to the Future Part II & III","9552","Back to the Future Part II & III","47220","1320","82","1","1","0","0","35.77","Back to the Future Part II & III"
"Atelier Totori: The Adventurer of Arland","9553","Atelier Totori: The Adventurer of Arland","47220","11400","37","2","12","0","0","4.14","Atelier Totori: The Adventurer of Arland"
"Divide by Sheep","9554","Divide by Sheep","47220","13140","56","2","78","0","0","3.59","Divide by Sheep"
"Duck Life","9555","Duck Life","47160","36300","14","3","47","0","0","1.3","Duck Life"
"Legends of Equestria","9556","Legends of Equestria","47160","14340","58","3","50","0","0","3.29","Legends of Equestria"
"Space Invaders","9557","Space Invaders","47160","15720","200","2","27","0","0","3","Space Invaders"
"Astyanax","9558","Astyanax","47160","7260","57","2","21","0","0","6.5","Astyanax"
"Kirby's Star Stacker","9559","Kirby's Star Stacker","47100","9060","51","2","13","0","0","5.2","Kirby's Star Stacker"
"Dead Effect","9560","Dead Effect","47100","22980","34","2","96","0","0","2.05","Dead Effect"
"WipEout 64","9561","WipEout 64","47100","2340","227","1","8","0","0","20.13","WipEout 64"
"To the Earth","9562","To the Earth","47100","1200","128","1","2","0","0","39.25","To the Earth"
"Frogger Returns","9563","Frogger Returns","47100","1200","323","1","8","0","0","39.25","Frogger Returns"
"The Pedestrian","9564","The Pedestrian","47100","1620","351","1","19","0","0","29.07","The Pedestrian"
"Castle Torgeath: Descent into Darkness","9565","Castle Torgeath: Descent into Darkness","47040","2040","282","1","10","0","0","23.06","Castle Torgeath: Descent into Darkness"
"plug.dj","9566","plug.dj","47040","52620","13","2","18","0","0","0.89","plug.dj"
"Insanely Twisted Shadow Planet","9567","Insanely Twisted Shadow Planet","46980","11280","1389","2","49","0","0","4.16","Insanely Twisted Shadow Planet"
"Lost: Via Domus","9568","Lost: Via Domus","46980","5400","96","1","17","0","0","8.7","Lost: Via Domus"
"Sneakers","9569","Sneakers","46980","2400","127","1","4","0","0","19.58","Sneakers"
"Calvin Tucker's Redneck: Farm Animals Racing Tournament","9570","Calvin Tucker's Redneck: Farm Animals Racing Tournament","46920","120","409","1","1","0","0","391","Calvin Tucker's Redneck: Farm Animals Racing Tournament"
"History Channel: Civil War - Secret Missions","9571","History Channel: Civil War - Secret Missions","46920","660","178","1","2","0","0","71.09","History Channel: Civil War - Secret Missions"
"Soldam","9572","Soldam","46920","1440","393","1","5","0","0","32.58","Soldam"
"Rayman Kart","9573","Rayman Kart","46860","960","353","5","6","0","0","48.81","Rayman Kart"
"To Heart","9574","To Heart","46860","3600","39","1","4","0","0","13.02","To Heart"
"Schlag den Star","9575","Schlag den Star","46800","1440","144","1","3","0","0","32.5","Schlag den Star"
"Tales of Link","9576","Tales of Link","46740","13020","35","2","23","0","0","3.59","Tales of Link"
"Rift: Starfall Prophecy","9577","Rift: Starfall Prophecy","46740","19680","22","3","37","0","0","2.37","Rift: Starfall Prophecy"
"NecroVisioN: Lost Company","9578","NecroVisioN: Lost Company","46740","6660","194","1","14","0","0","7.02","NecroVisioN: Lost Company"
"Toukiden: The Age of Demons","9579","Toukiden: The Age of Demons","46740","12600","14","2","68","0","0","3.71","Toukiden: The Age of Demons"
"ClayFighter","9580","ClayFighter","46680","1620","543","3","14","0","0","28.81","ClayFighter"
"The Mummy","9581","The Mummy","46680","3480","165","1","17","0","0","13.41","The Mummy"
"Voltron: Defender of the Universe","9582","Voltron: Defender of the Universe","46680","1140","442","1","5","0","0","40.95","Voltron: Defender of the Universe"
"Adventure Time: The Secret of the Nameless Kingdom","9583","Adventure Time: The Secret of the Nameless Kingdom","46680","9240","91","1","17","0","0","5.05","Adventure Time: The Secret of the Nameless Kingdom"
"Senjo no Valkyria 3 EXTRA EDITION","9584","Senjo no Valkyria 3 EXTRA EDITION","46680","10860","20","2","4","0","0","4.3","Senjo no Valkyria 3 EXTRA EDITION"
"Donkey Konga 2","9585","Donkey Konga 2","46620","1860","531","1","16","0","0","25.06","Donkey Konga 2"
"School Days","9586","School Days","46560","15960","35","2","38","0","0","2.92","School Days"
"Blood Bowl: Legendary Edition","9587","Blood Bowl: Legendary Edition","46560","10560","83","2","37","0","0","4.41","Blood Bowl: Legendary Edition"
"Outlander","9588","Outlander","46560","660","88","1","2","0","0","70.55","Outlander"
"Atelier Rorona: Alchemist of Arland","9589","Atelier Rorona: Alchemist of Arland","46560","13200","43","3","11","0","0","3.53","Atelier Rorona: Alchemist of Arland"
"They Breathe","9590","They Breathe","46500","1500","379","1","17","0","0","31","They Breathe"
"Yandere School","9591","Yandere School","46500","9300","101","2","41","0","0","5","Yandere School"
"beatmaniaIIDX substream","9592","beatmaniaIIDX substream","46500","112500","9","2","2","0","0","0.41","beatmaniaIIDX substream"
"Cattle and Crops","9593","Cattle and Crops","46440","19380","52","3","43","0","0","2.4","Cattle and Crops"
"Hearts of Iron III: Their Finest Hour","9594","Hearts of Iron III: Their Finest Hour","46440","15780","88","2","27","0","0","2.94","Hearts of Iron III: Their Finest Hour"
"Wally Bear and the NO! Gang","9595","Wally Bear and the NO! Gang","46440","1980","323","2","10","0","0","23.45","Wally Bear and the NO! Gang"
"Nancy Drew: Tomb of the Lost Queen","9596","Nancy Drew: Tomb of the Lost Queen","46440","9000","63","2","22","0","0","5.16","Nancy Drew: Tomb of the Lost Queen"
"Pizza Dude","9597","Pizza Dude","46380","600","755","1","5","0","0","77.3","Pizza Dude"
"Mimpi","9598","Mimpi","46380","5880","115","2","26","0","0","7.89","Mimpi"
"Ms. Splosion Man","9599","Ms. Splosion Man","46380","7440","100","1","28","0","0","6.23","Ms. Splosion Man"
"Cosmochoria","9600","Cosmochoria","46380","2760","257","2","15","0","0","16.8","Cosmochoria"