"","","Game","Watch time","Stream time","Peak viewers","Peak channels","Streamers","Average viewers","Average channels","Average viewer ratio",""
"No Heroes Here","2501","No Heroes Here","1789260","9600","3630","4","31","3","0","186.38","No Heroes Here"
"Super Mario All-Stars & Super Mario World","2502","Super Mario All-Stars & Super Mario World","1788660","51900","3545","6","224","3","0","34.46","Super Mario All-Stars & Super Mario World"
"Mega Man Zero","2503","Mega Man Zero","1785060","85800","3891","3","168","3","0","20.8","Mega Man Zero"
"Battle Stations","2504","Battle Stations","1784820","660","17798","5","5","3","0","2704.27","Battle Stations"
"Kingdom Hearts Re:Chain of Memories","2505","Kingdom Hearts Re:Chain of Memories","1783380","142260","6894","5","255","3","0","12.54","Kingdom Hearts Re:Chain of Memories"
"Goetia","2506","Goetia","1783380","26820","3819","2","63","3","0","66.49","Goetia"
"The Guest","2507","The Guest","1781280","24480","6233","2","106","3","0","72.76","The Guest"
"Indiana Jones and the Fate of Atlantis","2508","Indiana Jones and the Fate of Atlantis","1781160","65400","1693","2","143","3","0","27.23","Indiana Jones and the Fate of Atlantis"
"Rhythm Heaven Fever","2509","Rhythm Heaven Fever","1778940","74640","1508","4","275","3","0","23.83","Rhythm Heaven Fever"
"Sea Dogs","2510","Sea Dogs","1776000","57960","2419","3","75","3","0","30.64","Sea Dogs"
"Mario Power Tennis","2511","Mario Power Tennis","1773540","29520","6617","2","114","3","0","60.08","Mario Power Tennis"
"Sonic 3D Blast","2512","Sonic 3D Blast","1772400","42000","1208","9","161","3","0","42.2","Sonic 3D Blast"
"UnEpic","2513","UnEpic","1769700","194280","2275","5","521","3","0","9.11","UnEpic"
"The 7th Guest","2514","The 7th Guest","1766940","39480","2291","3","79","3","0","44.76","The 7th Guest"
"Super Street Fighter II: The New Challengers","2515","Super Street Fighter II: The New Challengers","1765740","20520","7493","2","82","3","0","86.05","Super Street Fighter II: The New Challengers"
"Flyff - Fly For Fun","2516","Flyff - Fly For Fun","1763340","358920","977","7","431","3","0","4.91","Flyff - Fly For Fun"
"Risen","2517","Risen","1762800","328140","868","6","471","3","0","5.37","Risen"
"X-Men: Children of the Atom","2518","X-Men: Children of the Atom","1762380","3540","8387","2","23","3","0","497.85","X-Men: Children of the Atom"
"Mighty Gunvolt Burst","2519","Mighty Gunvolt Burst","1762020","48720","4480","5","171","3","0","36.17","Mighty Gunvolt Burst"
"Space Beast Terror Fright","2520","Space Beast Terror Fright","1761780","42720","8519","5","142","3","0","41.24","Space Beast Terror Fright"
"Neo Scavenger","2521","Neo Scavenger","1756500","64440","11595","3","188","3","0","27.26","Neo Scavenger"
"X-Men vs. Street Fighter","2522","X-Men vs. Street Fighter","1754520","14220","7246","2","76","3","0","123.38","X-Men vs. Street Fighter"
"Rayman 3: Hoodlum Havoc","2523","Rayman 3: Hoodlum Havoc","1753140","154380","847","7","303","3","0","11.36","Rayman 3: Hoodlum Havoc"
"Killer is Dead","2524","Killer is Dead","1752600","289680","3196","24","1114","3","0","6.05","Killer is Dead"
"Transformers: Earth Wars","2525","Transformers: Earth Wars","1752480","8460","2048","1","14","3","0","207.15","Transformers: Earth Wars"
"Fall of Light","2526","Fall of Light","1746420","12660","22970","5","60","3","0","137.95","Fall of Light"
"Neon Drive","2527","Neon Drive","1743480","67500","8273","4","390","3","0","25.83","Neon Drive"
"Puzzle Fighter","2528","Puzzle Fighter","1742520","24240","8085","4","41","3","0","71.89","Puzzle Fighter"
"Gotta Go","2529","Gotta Go","1740900","2340","17904","3","23","3","0","743.97","Gotta Go"
"Global Game Jam","2530","Global Game Jam","1740180","179520","1221","74","148","3","0","9.69","Global Game Jam"
"Sniper Elite V2","2531","Sniper Elite V2","1739580","225720","9411","6","1136","3","0","7.71","Sniper Elite V2"
"Rambo: The Video Game","2532","Rambo: The Video Game","1739340","21060","4243","17","61","3","0","82.59","Rambo: The Video Game"
"Sherlock Holmes: Crimes and Punishments","2533","Sherlock Holmes: Crimes and Punishments","1738380","152580","822","6","471","3","0","11.39","Sherlock Holmes: Crimes and Punishments"
"El Matador","2534","El Matador","1733640","7680","24651","2","19","3","0","225.73","El Matador"
"Dreamfall Chapters","2535","Dreamfall Chapters","1733460","255360","450","7","517","3","0","6.79","Dreamfall Chapters"
"Phantasy Star IV: The End of the Millennium","2536","Phantasy Star IV: The End of the Millennium","1729380","129900","1350","4","161","3","0","13.31","Phantasy Star IV: The End of the Millennium"
"Dragster","2537","Dragster","1729260","40020","983","6","64","3","0","43.21","Dragster"
"Shower With Your Dad Simulator 2015: Do You Still Shower With Your Dad?","2538","Shower With Your Dad Simulator 2015: Do You Still Shower With Your Dad?","1725240","51300","23377","4","400","3","0","33.63","Shower With Your Dad Simulator 2015: Do You Still Shower With Your Dad?"
"NBA Jam","2539","NBA Jam","1724340","18960","7285","2","111","3","0","90.95","NBA Jam"
"Worms","2540","Worms","1724340","13500","9165","3","84","3","0","127.73","Worms"
"LEGO Dimensions","2541","LEGO Dimensions","1721160","345240","2507","9","956","3","0","4.99","LEGO Dimensions"
"Dr. Mario","2542","Dr. Mario","1719000","119160","3886","4","197","3","0","14.43","Dr. Mario"
"Aztez","2543","Aztez","1718340","14520","15694","5","74","3","0","118.34","Aztez"
"Tracks: The Train Set Game","2544","Tracks: The Train Set Game","1717320","1440","22379","2","0","3","0","1192.58","Tracks: The Train Set Game"
"Deponia: The Complete Journey","2545","Deponia: The Complete Journey","1713480","196200","669","6","370","3","0","8.73","Deponia: The Complete Journey"
"Football!","2546","Football!","1712400","22680","2879","3","102","3","0","75.5","Football!"
"Downwell","2547","Downwell","1712100","208320","9589","13","1544","3","0","8.22","Downwell"
"Halo Wars","2548","Halo Wars","1711560","507600","941","12","1937","3","0","3.37","Halo Wars"
"Wolfenstein 3D","2549","Wolfenstein 3D","1710600","164220","1519","4","601","3","0","10.42","Wolfenstein 3D"
"War Dragons","2550","War Dragons","1710300","51720","922","3","29","3","0","33.07","War Dragons"
"Who's Your Daddy","2551","Who's Your Daddy","1708680","154500","8469","6","1343","3","0","11.06","Who's Your Daddy"
"Nintendogs","2552","Nintendogs","1708440","8400","9869","4","44","3","0","203.39","Nintendogs"
"Hokuto no Ken","2553","Hokuto no Ken","1708320","4800","2865","2","17","3","0","355.9","Hokuto no Ken"
"JoJo's Bizarre Adventure","2554","JoJo's Bizarre Adventure","1705620","79200","1916","4","326","3","0","21.54","JoJo's Bizarre Adventure"
"Sudden Strike 4","2555","Sudden Strike 4","1705020","186360","2426","28","480","3","0","9.15","Sudden Strike 4"
"Monumental Failure","2556","Monumental Failure","1703820","2100","16776","4","23","3","0","811.34","Monumental Failure"
"Star Wars","2557","Star Wars","1701240","112680","3296","11","531","3","0","15.1","Star Wars"
"Mystical Ninja Starring Goemon","2558","Mystical Ninja Starring Goemon","1700100","109380","1774","6","176","3","0","15.54","Mystical Ninja Starring Goemon"
"Defiance","2559","Defiance","1695360","558720","650","10","958","3","1","3.03","Defiance"
"Castlevania: Lords of Shadow 2","2560","Castlevania: Lords of Shadow 2","1687920","182580","1383","5","346","3","0","9.24","Castlevania: Lords of Shadow 2"
"Kio's Adventure","2561","Kio's Adventure","1687740","21840","5275","3","95","3","0","77.28","Kio's Adventure"
"Offworld Trading Company","2562","Offworld Trading Company","1687560","202860","4149","12","513","3","0","8.32","Offworld Trading Company"
"F-Zero","2563","F-Zero","1685280","69300","7281","7","332","3","0","24.32","F-Zero"
"Final Fantasy Legend III","2564","Final Fantasy Legend III","1684080","6720","5520","3","19","3","0","250.61","Final Fantasy Legend III"
"Kirby Air Ride","2565","Kirby Air Ride","1683840","120120","2299","5","435","3","0","14.02","Kirby Air Ride"
"Sonic Unleashed","2566","Sonic Unleashed","1683540","170340","677","4","289","3","0","9.88","Sonic Unleashed"
"The Legend of Zelda: Link's Awakening","2567","The Legend of Zelda: Link's Awakening","1681920","117540","970","4","215","3","0","14.31","The Legend of Zelda: Link's Awakening"
"Force Of Nature","2568","Force Of Nature","1681500","155220","2244","7","398","3","0","10.83","Force Of Nature"
"Suikoden II","2569","Suikoden II","1679940","221640","213","5","182","3","0","7.58","Suikoden II"
"Monopoly One","2570","Monopoly One","1678320","101400","1437","5","232","3","0","16.55","Monopoly One"
"Shin Megami Tensei IV Final","2571","Shin Megami Tensei IV Final","1676340","37200","710","3","25","3","0","45.06","Shin Megami Tensei IV Final"
"One Piece: Pirate Warriors 3","2572","One Piece: Pirate Warriors 3","1675020","529260","464","9","2023","3","1","3.16","One Piece: Pirate Warriors 3"
"Deponia Doomsday","2573","Deponia Doomsday","1672380","121740","3962","4","207","3","0","13.74","Deponia Doomsday"
"Legend of Grimrock 2","2574","Legend of Grimrock 2","1671720","207300","352","5","320","3","0","8.06","Legend of Grimrock 2"
"Badass Hero","2575","Badass Hero","1669560","17640","2368","3","65","3","0","94.65","Badass Hero"
"Anno 2205","2576","Anno 2205","1668840","217740","741","6","553","3","0","7.66","Anno 2205"
"Oddworld: Abe's Oddysee","2577","Oddworld: Abe's Oddysee","1668060","155640","788","8","450","3","0","10.72","Oddworld: Abe's Oddysee"
"Might and Magic VII: For Blood and Honor","2578","Might and Magic VII: For Blood and Honor","1668060","69300","327","3","87","3","0","24.07","Might and Magic VII: For Blood and Honor"
"New Super Luigi U","2579","New Super Luigi U","1667700","52020","3776","3","112","3","0","32.06","New Super Luigi U"
"Thea: The Awakening","2580","Thea: The Awakening","1663620","145740","425","5","223","3","0","11.41","Thea: The Awakening"
"The Sims: Online","2581","The Sims: Online","1661520","27360","1778","3","67","3","0","60.73","The Sims: Online"
"testinggame","2582","testinggame","1660740","1751160","1407","12","5630","3","3","0.95","testinggame"
"Plants vs. Zombies 2: It's About Time","2583","Plants vs. Zombies 2: It's About Time","1660260","60000","5228","3","126","3","0","27.67","Plants vs. Zombies 2: It's About Time"
"Painkiller","2584","Painkiller","1657200","93240","4546","3","265","3","0","17.77","Painkiller"
"MapleStory 2","2585","MapleStory 2","1653540","181080","4046","6","316","3","0","9.13","MapleStory 2"
"Yo! Noid","2586","Yo! Noid","1649820","44640","7919","7","151","3","0","36.96","Yo! Noid"
"Jurassic Park","2587","Jurassic Park","1649340","138720","1442","5","425","3","0","11.89","Jurassic Park"
"Sticks","2588","Sticks","1645020","1860","2293","1","3","3","0","884.42","Sticks"
"EverQuest II","2589","EverQuest II","1643340","463020","1049","10","404","3","0","3.55","EverQuest II"
"SaGa Frontier","2590","SaGa Frontier","1639140","65040","8372","5","64","3","0","25.2","SaGa Frontier"
"Spooked","2591","Spooked","1638900","1920","8267","2","13","3","0","853.59","Spooked"
"Dragon Blaze","2592","Dragon Blaze","1637940","66060","534","4","95","3","0","24.79","Dragon Blaze"
"The Norwood Suite","2593","The Norwood Suite","1636980","4500","7776","2","22","3","0","363.77","The Norwood Suite"
"IL-2 Sturmovik: Battle of Stalingrad","2594","IL-2 Sturmovik: Battle of Stalingrad","1636080","226980","852","5","274","3","0","7.21","IL-2 Sturmovik: Battle of Stalingrad"
"Silver Grapple","2595","Silver Grapple","1634460","28560","1022","6","35","3","0","57.23","Silver Grapple"
"ReThink","2596","ReThink","1633560","8760","14059","2","10","3","0","186.48","ReThink"
"FIM Speedway Grand Prix","2597","FIM Speedway Grand Prix","1633380","8820","4918","1","17","3","0","185.19","FIM Speedway Grand Prix"
"Burnout 3: Takedown","2598","Burnout 3: Takedown","1629240","58740","6288","3","199","3","0","27.74","Burnout 3: Takedown"
"Mega Man & Bass","2599","Mega Man & Bass","1629180","53700","6453","2","95","3","0","30.34","Mega Man & Bass"
"ClusterPuck 99","2600","ClusterPuck 99","1629120","1260","7541","2","10","3","0","1292.95","ClusterPuck 99"