"","","Game","Watch time","Stream time","Peak viewers","Peak channels","Streamers","Average viewers","Average channels","Average viewer ratio",""
"Girls Like Robots","10401","Girls Like Robots","34740","5520","62","2","18","0","0","6.29","Girls Like Robots"
"Star Ruler 2","10402","Star Ruler 2","34740","6960","108","1","14","0","0","4.99","Star Ruler 2"
"Bust a Groove 2","10403","Bust a Groove 2","34740","8280","123","2","45","0","0","4.2","Bust a Groove 2"
"Guitar Hero: Van Halen","10404","Guitar Hero: Van Halen","34740","4920","43","1","22","0","0","7.06","Guitar Hero: Van Halen"
"Bloody Roar: Primal Fury","10405","Bloody Roar: Primal Fury","34680","9900","28","2","37","0","0","3.5","Bloody Roar: Primal Fury"
"Shrek 2: Beg for Mercy!","10406","Shrek 2: Beg for Mercy!","34680","1860","139","1","8","0","0","18.65","Shrek 2: Beg for Mercy!"
"Battlefield 2142: Booster Pack - Northern Strike","10407","Battlefield 2142: Booster Pack - Northern Strike","34680","30360","21","2","11","0","0","1.14","Battlefield 2142: Booster Pack - Northern Strike"
"Super Frog","10408","Super Frog","34680","480","614","1","5","0","0","72.25","Super Frog"
"Giant Gram 2000: All Japan Pro Wrestling 3","10409","Giant Gram 2000: All Japan Pro Wrestling 3","34680","120","355","1","1","0","0","289","Giant Gram 2000: All Japan Pro Wrestling 3"
"Crush","10410","Crush","34620","3000","100","2","16","0","0","11.54","Crush"
"Star Ocean Anamnesis","10411","Star Ocean Anamnesis","34620","13860","68","2","17","0","0","2.5","Star Ocean Anamnesis"
"Taz: Wanted","10412","Taz: Wanted","34620","7440","25","2","27","0","0","4.65","Taz: Wanted"
"Icewind Dale: Heart of Winter","10413","Icewind Dale: Heart of Winter","34620","5040","457","2","11","0","0","6.87","Icewind Dale: Heart of Winter"
"Dance Central 3","10414","Dance Central 3","34620","5640","157","1","18","0","0","6.14","Dance Central 3"
"Buck Bumble","10415","Buck Bumble","34560","5340","234","5","27","0","0","6.47","Buck Bumble"
"Zombie Master","10416","Zombie Master","34560","2520","142","2","12","0","0","13.71","Zombie Master"
"Pathways into Darkness","10417","Pathways into Darkness","34560","2220","190","1","4","0","0","15.57","Pathways into Darkness"
"ECW Hardcore Revolution","10418","ECW Hardcore Revolution","34500","4200","253","1","9","0","0","8.21","ECW Hardcore Revolution"
"Lunar: Silver Star Harmony","10419","Lunar: Silver Star Harmony","34500","23880","13","2","18","0","0","1.44","Lunar: Silver Star Harmony"
"Hello Kitty Party","10420","Hello Kitty Party","34500","6300","52","2","21","0","0","5.48","Hello Kitty Party"
"Super Robot Wars F Final","10421","Super Robot Wars F Final","34500","6360","23","1","5","0","0","5.42","Super Robot Wars F Final"
"Skylanders Trap Team","10422","Skylanders Trap Team","34500","35220","27","2","106","0","0","0.98","Skylanders Trap Team"
"Prototype: Biohazard Bundle","10423","Prototype: Biohazard Bundle","34500","6420","31","2","97","0","0","5.37","Prototype: Biohazard Bundle"
"Dragon Ball: Origins","10424","Dragon Ball: Origins","34500","1080","247","1","6","0","0","31.94","Dragon Ball: Origins"
"Sküljagger: Revolt of the Westicans","10425","Sküljagger: Revolt of the Westicans","34440","2160","272","1","2","0","0","15.94","Sküljagger: Revolt of the Westicans"
"Chuck Rock","10426","Chuck Rock","34440","6000","89","1","13","0","0","5.74","Chuck Rock"
"Zombie Estate","10427","Zombie Estate","34440","7680","57","3","32","0","0","4.48","Zombie Estate"
"Syvalion","10428","Syvalion","34440","1620","189","1","5","0","0","21.26","Syvalion"
"Jet Moto","10429","Jet Moto","34380","2220","195","1","15","0","0","15.49","Jet Moto"
"The Legend of Legacy","10430","The Legend of Legacy","34380","2880","45","1","6","0","0","11.94","The Legend of Legacy"
"Scooby-Doo! Unmasked","10431","Scooby-Doo! Unmasked","34380","18720","17","2","20","0","0","1.84","Scooby-Doo! Unmasked"
"Arcania: Fall of Setarrif","10432","Arcania: Fall of Setarrif","34380","4920","219","1","21","0","0","6.99","Arcania: Fall of Setarrif"
"Karma: Incarnation 1","10433","Karma: Incarnation 1","34380","6180","57","2","36","0","0","5.56","Karma: Incarnation 1"
"Mirage","10434","Mirage","34380","12060","92","2","28","0","0","2.85","Mirage"
"ORBITAL","10435","ORBITAL","34380","60","573","1","0","0","0","573","ORBITAL"
"Super Hero","10436","Super Hero","34320","120","436","1","2","0","0","286","Super Hero"
"Hyakki Castle","10437","Hyakki Castle","34320","5040","22","2","9","0","0","6.81","Hyakki Castle"
"Front Mission: Gun Hazard","10438","Front Mission: Gun Hazard","34320","9600","27","1","12","0","0","3.57","Front Mission: Gun Hazard"
"Aladdin's Magic Lamp","10439","Aladdin's Magic Lamp","34320","33060","78","2","67","0","0","1.04","Aladdin's Magic Lamp"
"Lost in Shadow","10440","Lost in Shadow","34260","4860","35","2","8","0","0","7.05","Lost in Shadow"
"Yu-Gi-Oh! Dark Duel Stories","10441","Yu-Gi-Oh! Dark Duel Stories","34260","5760","52","3","13","0","0","5.95","Yu-Gi-Oh! Dark Duel Stories"
"Treasure Adventure Game","10442","Treasure Adventure Game","34260","7980","46","1","16","0","0","4.29","Treasure Adventure Game"
"Game Over","10443","Game Over","34260","22260","53","2","36","0","0","1.54","Game Over"
"7th Dragon","10444","7th Dragon","34260","10740","25","1","8","0","0","3.19","7th Dragon"
"Hybrid Heaven","10445","Hybrid Heaven","34260","14220","36","2","22","0","0","2.41","Hybrid Heaven"
"R-Type Command","10446","R-Type Command","34260","6420","31","1","5","0","0","5.34","R-Type Command"
"Treasure Hunter G","10447","Treasure Hunter G","34200","6060","28","1","6","0","0","5.64","Treasure Hunter G"
"Sacrifice","10448","Sacrifice","34200","6900","199","1","24","0","0","4.96","Sacrifice"
"Tera M","10449","Tera M","34200","5580","234","1","0","0","0","6.13","Tera M"
"MOBA Legends","10450","MOBA Legends","34200","19380","25","2","72","0","0","1.76","MOBA Legends"
"Castle Doombad","10451","Castle Doombad","34200","420","322","1","2","0","0","81.43","Castle Doombad"
"Sort the Court!","10452","Sort the Court!","34200","13500","25","2","69","0","0","2.53","Sort the Court!"
"Love, Guitars, and the Nashville Skyline","10453","Love, Guitars, and the Nashville Skyline","34200","1020","84","1","3","0","0","33.53","Love, Guitars, and the Nashville Skyline"
"SCALPERS: Turtle & The Moonshine Gang","10454","SCALPERS: Turtle & The Moonshine Gang","34140","2820","180","2","15","0","0","12.11","SCALPERS: Turtle & The Moonshine Gang"
"Tales of Monkey Island Chapter 2: The Siege of Spinner Cay","10455","Tales of Monkey Island Chapter 2: The Siege of Spinner Cay","34140","6360","57","1","23","0","0","5.37","Tales of Monkey Island Chapter 2: The Siege of Spinner Cay"
"Pilot Brothers: The Case Of Serial Maniac Sumo","10456","Pilot Brothers: The Case Of Serial Maniac Sumo","34140","1860","143","1","6","0","0","18.35","Pilot Brothers: The Case Of Serial Maniac Sumo"
"Mega Man Universe","10457","Mega Man Universe","34080","6120","27","1","10","0","0","5.57","Mega Man Universe"
"Brink of Consciousness: Dorian Gray Syndrome","10458","Brink of Consciousness: Dorian Gray Syndrome","34080","3180","75","1","7","0","0","10.72","Brink of Consciousness: Dorian Gray Syndrome"
"Conquestador","10459","Conquestador","34080","3240","169","2","12","0","0","10.52","Conquestador"
"Surge","10460","Surge","34080","5820","178","2","22","0","0","5.86","Surge"
"Nelo","10461","Nelo","34080","4380","105","2","13","0","0","7.78","Nelo"
"Mini Guns","10462","Mini Guns","34080","13800","22","2","29","0","0","2.47","Mini Guns"
"Lords of Xulima","10463","Lords of Xulima","34020","15720","64","1","16","0","0","2.16","Lords of Xulima"
"Anime Freak FX Vol. 1","10464","Anime Freak FX Vol. 1","34020","11100","109","1","35","0","0","3.06","Anime Freak FX Vol. 1"
"Mega Man Xtreme","10465","Mega Man Xtreme","34020","5880","62","2","24","0","0","5.79","Mega Man Xtreme"
"Painkiller: Battle Out of Hell","10466","Painkiller: Battle Out of Hell","33960","9360","51","2","31","0","0","3.63","Painkiller: Battle Out of Hell"
"The Sims: Makin' Magic","10467","The Sims: Makin' Magic","33960","6600","122","1","22","0","0","5.15","The Sims: Makin' Magic"
"Cladun X2","10468","Cladun X2","33960","10860","76","2","20","0","0","3.13","Cladun X2"
"Rome: Total War - Alexander","10469","Rome: Total War - Alexander","33960","3480","199","1","16","0","0","9.76","Rome: Total War - Alexander"
"Pac-Man: Championship Edition","10470","Pac-Man: Championship Edition","33900","9720","104","1","65","0","0","3.49","Pac-Man: Championship Edition"
"Space Hulk","10471","Space Hulk","33900","9960","233","2","40","0","0","3.4","Space Hulk"
"Stardust Galaxy Warriors: Stellar Climax","10472","Stardust Galaxy Warriors: Stellar Climax","33900","12840","98","2","53","0","0","2.64","Stardust Galaxy Warriors: Stellar Climax"
"The Great Whale Road","10473","The Great Whale Road","33900","5880","75","2","19","0","0","5.77","The Great Whale Road"
"Blasted","10474","Blasted","33840","480","606","1","3","0","0","70.5","Blasted"
"Unholy Night: The Darkness Hunter","10475","Unholy Night: The Darkness Hunter","33840","840","146","1","5","0","0","40.29","Unholy Night: The Darkness Hunter"
"Sairento VR","10476","Sairento VR","33840","24180","53","2","69","0","0","1.4","Sairento VR"
"Schein","10477","Schein","33840","7380","22","2","25","0","0","4.59","Schein"
"Violett","10478","Violett","33840","5160","189","1","18","0","0","6.56","Violett"
"Rune: Halls of Valhalla","10479","Rune: Halls of Valhalla","33840","15720","23","3","17","0","0","2.15","Rune: Halls of Valhalla"
"Nyan Cat: Lost in Space","10480","Nyan Cat: Lost in Space","33780","7200","119","2","55","0","0","4.69","Nyan Cat: Lost in Space"
"Otogi: Myth of Demons","10481","Otogi: Myth of Demons","33780","4680","444","1","12","0","0","7.22","Otogi: Myth of Demons"
"Pixel Gun 3D","10482","Pixel Gun 3D","33780","50400","26","2","169","0","0","0.67","Pixel Gun 3D"
"Theseus","10483","Theseus","33780","5040","186","2","29","0","0","6.7","Theseus"
"NASCAR Racing 4","10484","NASCAR Racing 4","33780","60","563","1","1","0","0","563","NASCAR Racing 4"
"Make Sail","10485","Make Sail","33720","1560","170","2","0","0","0","21.62","Make Sail"
"Big Rigs: Over the Road Racing","10486","Big Rigs: Over the Road Racing","33720","14160","58","2","35","0","0","2.38","Big Rigs: Over the Road Racing"
"Mendel Palace","10487","Mendel Palace","33660","3720","200","2","3","0","0","9.05","Mendel Palace"
"Doctor Who","10488","Doctor Who","33660","12660","26","2","20","0","0","2.66","Doctor Who"
"Annals of Rome","10489","Annals of Rome","33660","120","321","1","1","0","0","280.5","Annals of Rome"
"Dungelot: Shattered Lands","10490","Dungelot: Shattered Lands","33660","5580","142","2","21","0","0","6.03","Dungelot: Shattered Lands"
"Reverse X Reverse","10491","Reverse X Reverse","33600","5340","47","1","11","0","0","6.29","Reverse X Reverse"
"Goodgame Empire","10492","Goodgame Empire","33600","1800","341","1","9","0","0","18.67","Goodgame Empire"
"Silent Hill: The Arcade","10493","Silent Hill: The Arcade","33600","780","141","1","4","0","0","43.08","Silent Hill: The Arcade"
"Minesweeper Flags","10494","Minesweeper Flags","33600","8460","60","2","45","0","0","3.97","Minesweeper Flags"
"Okamiden","10495","Okamiden","33600","11580","23","1","18","0","0","2.9","Okamiden"
"Wolverine","10496","Wolverine","33600","4200","70","1","19","0","0","8","Wolverine"
"Out of the Park Baseball 16","10497","Out of the Park Baseball 16","33600","8280","15","1","4","0","0","4.06","Out of the Park Baseball 16"
"Cubic Castles","10498","Cubic Castles","33540","19440","16","2","46","0","0","1.73","Cubic Castles"
"Wayward Sky","10499","Wayward Sky","33540","6060","221","1","37","0","0","5.53","Wayward Sky"
"Wrath of the Gods","10500","Wrath of the Gods","33540","540","164","1","2","0","0","62.11","Wrath of the Gods"