"","","Game","Watch time","Stream time","Peak viewers","Peak channels","Streamers","Average viewers","Average channels","Average viewer ratio",""
"Rogue Galaxy","4601","Rogue Galaxy","425940","106020","162","3","499","0","0","4.02","Rogue Galaxy"
"The Legend of the Mystical Ninja","4602","The Legend of the Mystical Ninja","425880","26640","1050","3","70","0","0","15.99","The Legend of the Mystical Ninja"
"Rex Ronan: Experimental Surgeon","4603","Rex Ronan: Experimental Surgeon","425820","2040","1847","2","10","0","0","208.74","Rex Ronan: Experimental Surgeon"
"Snooker","4604","Snooker","425580","70200","2234","5","34","0","0","6.06","Snooker"
"Kuon","4605","Kuon","424980","22500","317","2","42","0","0","18.89","Kuon"
"Mensch Ärgere Dich Nicht!","4606","Mensch Ärgere Dich Nicht!","424980","5460","2113","2","39","0","0","77.84","Mensch Ärgere Dich Nicht!"
"Majesty: The Fantasy Kingdom Sim","4607","Majesty: The Fantasy Kingdom Sim","424680","27660","931","2","57","0","0","15.35","Majesty: The Fantasy Kingdom Sim"
"Mario Party: The Top 100","4608","Mario Party: The Top 100","424680","8880","672","6","26","0","0","47.82","Mario Party: The Top 100"
"House of the Dead 2 & 3 Return","4609","House of the Dead 2 & 3 Return","424620","12900","6024","2","76","0","0","32.92","House of the Dead 2 & 3 Return"
"Super Double Dragon","4610","Super Double Dragon","424440","81120","1890","10","379","0","0","5.23","Super Double Dragon"
"Counter-Strike 2D","4611","Counter-Strike 2D","424320","30720","4772","4","148","0","0","13.81","Counter-Strike 2D"
"Dance Dance Revolution: Mario Mix","4612","Dance Dance Revolution: Mario Mix","424020","13020","915","2","48","0","0","32.57","Dance Dance Revolution: Mario Mix"
"Tetris Ultimate","4613","Tetris Ultimate","423780","127560","1456","4","581","0","0","3.32","Tetris Ultimate"
"Rumble Roses XX","4614","Rumble Roses XX","423600","3780","7428","2","12","0","0","112.06","Rumble Roses XX"
"Scrap Garden","4615","Scrap Garden","422940","8820","6553","2","35","0","0","47.95","Scrap Garden"
"Call of Juarez: Bound in Blood","4616","Call of Juarez: Bound in Blood","422460","37740","528","3","101","0","0","11.19","Call of Juarez: Bound in Blood"
"Stikbold!","4617","Stikbold!","422280","19800","1269","2","115","0","0","21.33","Stikbold!"
"Mario Tennis: Power Tour","4618","Mario Tennis: Power Tour","422160","17460","3124","2","40","0","0","24.18","Mario Tennis: Power Tour"
"The Bard's Tale","4619","The Bard's Tale","422100","46920","228","3","92","0","0","9","The Bard's Tale"
"Formula 1","4620","Formula 1","422040","11820","1584","2","73","0","0","35.71","Formula 1"
"Mainlining","4621","Mainlining","421980","13080","1053","2","53","0","0","32.26","Mainlining"
"Fatal Fury","4622","Fatal Fury","421920","3000","2481","1","17","0","0","140.64","Fatal Fury"
"Monster Rancher 2","4623","Monster Rancher 2","421560","32400","1839","3","59","0","0","13.01","Monster Rancher 2"
"Shining in the Darkness","4624","Shining in the Darkness","421500","16980","667","2","23","0","0","24.82","Shining in the Darkness"
"F1","4625","F1","421320","17760","2425","4","95","0","0","23.72","F1"
"Oh...Sir! The Hollywood Roast","4626","Oh...Sir! The Hollywood Roast","421200","12300","1403","2","83","0","0","34.24","Oh...Sir! The Hollywood Roast"
"Mobile Suit Gundam Extreme VS. Full Boost","4627","Mobile Suit Gundam Extreme VS. Full Boost","420720","67980","161","4","86","0","0","6.19","Mobile Suit Gundam Extreme VS. Full Boost"
"Barnyard","4628","Barnyard","420240","10200","1718","2","40","0","0","41.2","Barnyard"
"Godzilla","4629","Godzilla","419700","109200","471","4","419","0","0","3.84","Godzilla"
"Umihara Kawase","4630","Umihara Kawase","419640","22980","691","2","53","0","0","18.26","Umihara Kawase"
"Warlock's Tower","4631","Warlock's Tower","419040","5880","826","2","20","0","0","71.27","Warlock's Tower"
"SimCity 2000","4632","SimCity 2000","418920","17400","474","2","69","0","0","24.08","SimCity 2000"
"Gauntlet Legends","4633","Gauntlet Legends","418860","35040","4706","5","72","0","0","11.95","Gauntlet Legends"
"Lunar: Dragon Song","4634","Lunar: Dragon Song","418560","7800","258","3","4","0","0","53.66","Lunar: Dragon Song"
"Mad Dog McCree: Gunslinger Pack","4635","Mad Dog McCree: Gunslinger Pack","418020","780","2762","1","5","0","0","535.92","Mad Dog McCree: Gunslinger Pack"
"Day of Defeat: Source","4636","Day of Defeat: Source","417960","202080","493","4","576","0","0","2.07","Day of Defeat: Source"
"South Park","4637","South Park","417720","47280","957","4","222","0","0","8.84","South Park"
"Iced","4638","Iced","417720","1200","2060","3","7","0","0","348.1","Iced"
"Culdcept","4639","Culdcept","417360","3000","2049","2","11","0","0","139.12","Culdcept"
"CityBattle: Virtual Earth","4640","CityBattle: Virtual Earth","417300","3660","1187","5","14","0","0","114.02","CityBattle: Virtual Earth"
"Devilian","4641","Devilian","417000","160800","868","5","277","0","0","2.59","Devilian"
"Starsector","4642","Starsector","417000","73560","242","3","99","0","0","5.67","Starsector"
"Hello Kitty Cutie World","4643","Hello Kitty Cutie World","416880","82440","2282","3","143","0","0","5.06","Hello Kitty Cutie World"
"Mary Skelter: Nightmares","4644","Mary Skelter: Nightmares","416820","24840","372","4","15","0","0","16.78","Mary Skelter: Nightmares"
"The Lab","4645","The Lab","416760","65700","789","3","395","0","0","6.34","The Lab"
"Family Guy: Back to the Multiverse","4646","Family Guy: Back to the Multiverse","416580","9240","1349","2","36","0","0","45.08","Family Guy: Back to the Multiverse"
"Western Press","4647","Western Press","416520","4920","3762","6","30","0","0","84.66","Western Press"
"RENATIONS","4648","RENATIONS","416460","60","6941","1","1","0","0","6941","RENATIONS"
"Cayne: A Stasis Story","4649","Cayne: A Stasis Story","415620","40440","590","4","210","0","0","10.28","Cayne: A Stasis Story"
"XWing Fighter","4650","XWing Fighter","415380","13860","495","1","10","0","0","29.97","XWing Fighter"
"Dead Age","4651","Dead Age","415320","44100","804","4","196","0","0","9.42","Dead Age"
"Oik Memory","4652","Oik Memory","415320","60","6922","1","0","0","0","6922","Oik Memory"
"Relentless: Twinsen's Adventure","4653","Relentless: Twinsen's Adventure","415200","19260","1637","2","35","0","0","21.56","Relentless: Twinsen's Adventure"
"The New Tetris","4654","The New Tetris","415140","6000","6786","1","15","0","0","69.19","The New Tetris"
"Power Hover","4655","Power Hover","414720","1020","20596","2","6","0","0","406.59","Power Hover"
"Book of Demons","4656","Book of Demons","414120","50400","1181","3","140","0","0","8.22","Book of Demons"
"Dark Ages: Online Roleplaying","4657","Dark Ages: Online Roleplaying","414120","1560","2577","1","8","0","0","265.46","Dark Ages: Online Roleplaying"
"Conker's Other Bad Fur Day","4658","Conker's Other Bad Fur Day","414000","4380","3383","1","19","0","0","94.52","Conker's Other Bad Fur Day"
"Silence: The Whispered World 2","4659","Silence: The Whispered World 2","414000","31620","623","3","86","0","0","13.09","Silence: The Whispered World 2"
"Nancy Drew: The Silent Spy","4660","Nancy Drew: The Silent Spy","413880","9240","555","2","22","0","0","44.79","Nancy Drew: The Silent Spy"
"Spiral Knights","4661","Spiral Knights","413820","189180","75","7","585","0","0","2.19","Spiral Knights"
"Impossible Creatures","4662","Impossible Creatures","413520","27780","655","2","89","0","0","14.89","Impossible Creatures"
"Wizards & Warriors","4663","Wizards & Warriors","413280","23760","3331","2","44","0","0","17.39","Wizards & Warriors"
"Sega Rally Championship","4664","Sega Rally Championship","413280","2820","6112","1","13","0","0","146.55","Sega Rally Championship"
"Out Of Reach","4665","Out Of Reach","413100","87540","756","4","182","0","0","4.72","Out Of Reach"
"Sally's Salon","4666","Sally's Salon","412920","2100","2629","1","5","0","0","196.63","Sally's Salon"
"Cloudbuilt","4667","Cloudbuilt","412860","54720","980","4","117","0","0","7.54","Cloudbuilt"
"Worms 2: Armageddon","4668","Worms 2: Armageddon","412680","3660","3483","2","14","0","0","112.75","Worms 2: Armageddon"
"Eiyuu Densetsu: Zero no Kiseki","4669","Eiyuu Densetsu: Zero no Kiseki","412020","31560","129","2","13","0","0","13.06","Eiyuu Densetsu: Zero no Kiseki"
"Warhammer 40,000: Sanctus Reach","4670","Warhammer 40,000: Sanctus Reach","411780","34380","1169","3","46","0","0","11.98","Warhammer 40,000: Sanctus Reach"
"Gotham City Impostors","4671","Gotham City Impostors","411720","96180","267","3","367","0","0","4.28","Gotham City Impostors"
"Metal Gear Solid 5","4672","Metal Gear Solid 5","411660","32760","717","4","699","0","0","12.57","Metal Gear Solid 5"
"Betrayal at Krondor","4673","Betrayal at Krondor","411600","16800","153","2","11","0","0","24.5","Betrayal at Krondor"
"Betrayer","4674","Betrayer","411540","61380","1447","3","233","0","0","6.7","Betrayer"
"Standby","4675","Standby","411300","4740","1855","2","27","0","0","86.77","Standby"
"Blast Corps","4676","Blast Corps","411180","28740","4497","2","62","0","0","14.31","Blast Corps"
"Gex: Enter the Gecko","4677","Gex: Enter the Gecko","410880","52200","490","2","119","0","0","7.87","Gex: Enter the Gecko"
"System Shock","4678","System Shock","410760","54960","523","3","158","0","0","7.47","System Shock"
"Clive Barker's Jericho","4679","Clive Barker's Jericho","410640","42120","969","3","132","0","0","9.75","Clive Barker's Jericho"
"Kirby: Super Star Ultra","4680","Kirby: Super Star Ultra","410400","40440","420","4","89","0","0","10.15","Kirby: Super Star Ultra"
"Lemonade Stand","4681","Lemonade Stand","409920","900","3630","1","8","0","0","455.47","Lemonade Stand"
"The King of Fighters '97","4682","The King of Fighters '97","409680","8220","637","1","39","0","0","49.84","The King of Fighters '97"
"Disney's Chip 'N Dale Rescue Rangers 2","4683","Disney's Chip 'N Dale Rescue Rangers 2","409560","1440","1643","1","5","0","0","284.42","Disney's Chip 'N Dale Rescue Rangers 2"
"On the Run","4684","On the Run","409500","120","4166","1","0","0","0","3412.5","On the Run"
"My Little Pony - Friendship is Magic","4685","My Little Pony - Friendship is Magic","409200","109860","439","3","86","0","0","3.72","My Little Pony - Friendship is Magic"
"Thief: Deadly Shadows","4686","Thief: Deadly Shadows","408780","46800","394","3","107","0","0","8.73","Thief: Deadly Shadows"
"Super Tennis","4687","Super Tennis","408420","27000","1272","2","15","0","0","15.13","Super Tennis"
"Dead or Alive 5","4688","Dead or Alive 5","408120","20940","1756","2","99","0","0","19.49","Dead or Alive 5"
"Immortal Planet","4689","Immortal Planet","408000","18660","4022","4","64","0","0","21.86","Immortal Planet"
"Ticket to Earth","4690","Ticket to Earth","407940","2220","1534","1","8","0","0","183.76","Ticket to Earth"
"Coma","4691","Coma","407820","4440","5393","2","17","0","0","91.85","Coma"
"Spellweaver","4692","Spellweaver","407640","45840","527","3","54","0","0","8.89","Spellweaver"
"Grabbed by the Ghoulies","4693","Grabbed by the Ghoulies","407400","13920","688","4","47","0","0","29.27","Grabbed by the Ghoulies"
"Mega Man Star Force 3","4694","Mega Man Star Force 3","406860","29640","872","5","20","0","0","13.73","Mega Man Star Force 3"
"Doritos Crash Course","4695","Doritos Crash Course","406680","42780","1983","3","291","0","0","9.51","Doritos Crash Course"
"WWF WrestleMania: The Arcade Game","4696","WWF WrestleMania: The Arcade Game","406500","5520","5496","2","26","0","0","73.64","WWF WrestleMania: The Arcade Game"
"Suikoden V","4697","Suikoden V","406440","90960","51","3","51","0","0","4.47","Suikoden V"
"Zoo Tycoon 2","4698","Zoo Tycoon 2","406260","43200","588","2","159","0","0","9.4","Zoo Tycoon 2"
"Day Trader","4699","Day Trader","406140","29100","47","2","12","0","0","13.96","Day Trader"
"Wirehead","4700","Wirehead","406080","960","2353","1","6","0","0","423","Wirehead"