"","","Game","Watch time","Stream time","Peak viewers","Peak channels","Streamers","Average viewers","Average channels","Average viewer ratio",""
"Dr. Luigi","5601","Dr. Luigi","259920","20640","3225","2","14","0","0","12.59","Dr. Luigi"
"Weapon Shop Fantasy","5602","Weapon Shop Fantasy","259740","19860","210","3","61","0","0","13.08","Weapon Shop Fantasy"
"Disney's The Little Mermaid","5603","Disney's The Little Mermaid","259380","20340","858","2","32","0","0","12.75","Disney's The Little Mermaid"
"My Boyfriend","5604","My Boyfriend","259320","2160","629","1","14","0","0","120.06","My Boyfriend"
"Fire Emblem: Shadow Dragon","5605","Fire Emblem: Shadow Dragon","259020","65820","282","4","115","0","0","3.94","Fire Emblem: Shadow Dragon"
"Curve Fever","5606","Curve Fever","258840","8460","2452","2","69","0","0","30.6","Curve Fever"
"HIT","5607","HIT","258780","219480","366","4","126","0","0","1.18","HIT"
"Quadrilateral Cowboy","5608","Quadrilateral Cowboy","258720","19920","546","2","72","0","0","12.99","Quadrilateral Cowboy"
"Stubbs the Zombie in Rebel Without a Pulse","5609","Stubbs the Zombie in Rebel Without a Pulse","258600","14460","622","2","55","0","0","17.88","Stubbs the Zombie in Rebel Without a Pulse"
"Rumble Fighter","5610","Rumble Fighter","258480","55080","274","4","134","0","0","4.69","Rumble Fighter"
"Sid Meier's Civilization V: Gods & Kings","5611","Sid Meier's Civilization V: Gods & Kings","258060","19740","905","3","70","0","0","13.07","Sid Meier's Civilization V: Gods & Kings"
"Hell Warders","5612","Hell Warders","257880","4620","1392","2","34","0","0","55.82","Hell Warders"
"Kinnikuman Muscle Grand Prix","5613","Kinnikuman Muscle Grand Prix","257460","360","2591","1","1","0","0","715.17","Kinnikuman Muscle Grand Prix"
"Wario Land 3","5614","Wario Land 3","257460","31860","83","2","58","0","0","8.08","Wario Land 3"
"Anima Gate of Memories","5615","Anima Gate of Memories","257340","32340","385","3","77","0","0","7.96","Anima Gate of Memories"
"Giant Cop","5616","Giant Cop","257160","2700","1569","1","14","0","0","95.24","Giant Cop"
"Hot Dog King: A Fast Food Empire","5617","Hot Dog King: A Fast Food Empire","257040","480","1527","2","4","0","0","535.5","Hot Dog King: A Fast Food Empire"
"Beyond Eyes","5618","Beyond Eyes","256980","45960","256","3","236","0","0","5.59","Beyond Eyes"
"Richard Burns Rally","5619","Richard Burns Rally","256920","106560","225","5","142","0","0","2.41","Richard Burns Rally"
"Need for Speed: High Stakes","5620","Need for Speed: High Stakes","256860","10320","438","3","25","0","0","24.89","Need for Speed: High Stakes"
"Drop Alive","5621","Drop Alive","256860","40080","3773","3","283","0","0","6.41","Drop Alive"
"Excitebike","5622","Excitebike","256800","10560","1271","2","40","0","0","24.32","Excitebike"
"AdVenture Capitalist","5623","AdVenture Capitalist","256740","178200","132","4","850","0","0","1.44","AdVenture Capitalist"
"SaGa 2: Hihou Densetsu - Goddess of Destiny","5624","SaGa 2: Hihou Densetsu - Goddess of Destiny","256740","4920","4124","1","7","0","0","52.18","SaGa 2: Hihou Densetsu - Goddess of Destiny"
"Rollercoaster Dreams","5625","Rollercoaster Dreams","256500","13500","1958","2","69","0","0","19","Rollercoaster Dreams"
"Dai Gyakuten Saiban 2: Naruhodo Ryunosuke no Kakugo","5626","Dai Gyakuten Saiban 2: Naruhodo Ryunosuke no Kakugo","256500","7440","137","1","4","0","0","34.48","Dai Gyakuten Saiban 2: Naruhodo Ryunosuke no Kakugo"
"Medal of Honor: Airborne","5627","Medal of Honor: Airborne","256440","60120","440","3","323","0","0","4.27","Medal of Honor: Airborne"
"Clannad","5628","Clannad","256140","55740","238","4","159","0","0","4.6","Clannad"
"Vet Emergency 2","5629","Vet Emergency 2","256020","300","1304","1","1","0","0","853.4","Vet Emergency 2"
"Leaving Lyndow","5630","Leaving Lyndow","255900","36840","1551","2","60","0","0","6.95","Leaving Lyndow"
"WWE Legends of WrestleMania","5631","WWE Legends of WrestleMania","255660","180","2139","1","2","0","0","1420.33","WWE Legends of WrestleMania"
"Environmental Station Alpha","5632","Environmental Station Alpha","255600","43260","161","8","73","0","0","5.91","Environmental Station Alpha"
"Elemental Story","5633","Elemental Story","255540","11400","241","1","9","0","0","22.42","Elemental Story"
"Devil's Crush","5634","Devil's Crush","255360","3840","2379","1","16","0","0","66.5","Devil's Crush"
"The Bugs Bunny Birthday Blowout","5635","The Bugs Bunny Birthday Blowout","255240","19260","1231","2","15","0","0","13.25","The Bugs Bunny Birthday Blowout"
"SaGa Frontier 2","5636","SaGa Frontier 2","255240","19020","1313","1","21","0","0","13.42","SaGa Frontier 2"
"Hellpoint","5637","Hellpoint","255120","12420","1054","3","70","0","0","20.54","Hellpoint"
"Mega Man Battle Network 4","5638","Mega Man Battle Network 4","255060","37920","95","5","44","0","0","6.73","Mega Man Battle Network 4"
"Haunting Starring Polterguy","5639","Haunting Starring Polterguy","255060","3360","1006","2","19","0","0","75.91","Haunting Starring Polterguy"
"Hyper Ilia","5640","Hyper Ilia","254940","3300","2056","1","5","0","0","77.25","Hyper Ilia"
"Brain / Out","5641","Brain / Out","254760","91560","301","4","494","0","0","2.78","Brain / Out"
"realMyst","5642","realMyst","254220","36960","464","2","114","0","0","6.88","realMyst"
"NBA 2K15","5643","NBA 2K15","254220","201120","1571","8","930","0","0","1.26","NBA 2K15"
"Qurare: Magic Library","5644","Qurare: Magic Library","254160","73020","28","3","161","0","0","3.48","Qurare: Magic Library"
"RIVE","5645","RIVE","254160","45780","358","3","219","0","0","5.55","RIVE"
"Team Four Star RPG","5646","Team Four Star RPG","253980","4260","1532","1","14","0","0","59.62","Team Four Star RPG"
"Neon Chrome","5647","Neon Chrome","253740","126600","123","6","670","0","0","2","Neon Chrome"
"Metroid Prime: Federation Force","5648","Metroid Prime: Federation Force","253560","8880","325","2","19","0","0","28.55","Metroid Prime: Federation Force"
"Need for Speed: Porsche Unleashed","5649","Need for Speed: Porsche Unleashed","253440","5760","406","2","23","0","0","44","Need for Speed: Porsche Unleashed"
"NBA","5650","NBA","253200","18660","717","3","59","0","0","13.57","NBA"
"Gaokao.Love.100Days","5651","Gaokao.Love.100Days","253140","10860","371","2","18","0","0","23.31","Gaokao.Love.100Days"
"Homestuck","5652","Homestuck","253080","48540","130","3","33","0","0","5.21","Homestuck"
"Unko Enzan","5653","Unko Enzan","252960","6420","349","1","5","0","0","39.4","Unko Enzan"
"Pokémon Trozei!","5654","Pokémon Trozei!","252900","1860","1360","1","6","0","0","135.97","Pokémon Trozei!"
"Van Helsing","5655","Van Helsing","252600","25860","355","3","102","0","0","9.77","Van Helsing"
"Hello Kitty to McDonald de Asobo!","5656","Hello Kitty to McDonald de Asobo!","252480","240","2071","1","2","0","0","1052","Hello Kitty to McDonald de Asobo!"
"Forza Motorsport 6: Apex","5657","Forza Motorsport 6: Apex","252420","62700","438","3","309","0","0","4.03","Forza Motorsport 6: Apex"
"Fake Colours","5658","Fake Colours","252240","120","4201","1","1","0","0","2102","Fake Colours"
"Eekeemoo - Splinters of the Dark Shard","5659","Eekeemoo - Splinters of the Dark Shard","252120","1080","1158","1","7","0","0","233.44","Eekeemoo - Splinters of the Dark Shard"
"Little Fighter 2","5660","Little Fighter 2","252060","22740","1037","2","92","0","0","11.08","Little Fighter 2"
"Ar tonelico II: Melody of Metafalica","5661","Ar tonelico II: Melody of Metafalica","251940","43800","55","2","34","0","0","5.75","Ar tonelico II: Melody of Metafalica"
"Pure Pool","5662","Pure Pool","251760","34800","1458","3","283","0","0","7.23","Pure Pool"
"Fighting Fantasy Legends","5663","Fighting Fantasy Legends","251760","6060","524","2","21","0","0","41.54","Fighting Fantasy Legends"
"Mohawk & Headphone Jack","5664","Mohawk & Headphone Jack","251400","1440","471","1","4","0","0","174.58","Mohawk & Headphone Jack"
"Ratchet & Clank Future: Quest for Booty","5665","Ratchet & Clank Future: Quest for Booty","251400","4500","1282","1","20","0","0","55.87","Ratchet & Clank Future: Quest for Booty"
"Savage Lands","5666","Savage Lands","250980","48180","660","4","149","0","0","5.21","Savage Lands"
"The Bridge","5667","The Bridge","250860","29220","332","2","135","0","0","8.59","The Bridge"
"Drunk-Fu: Wasted Masters","5668","Drunk-Fu: Wasted Masters","250800","3240","978","4","5","0","0","77.41","Drunk-Fu: Wasted Masters"
"Rock Band 2","5669","Rock Band 2","250680","34260","439","2","126","0","0","7.32","Rock Band 2"
"Jet Force Gemini","5670","Jet Force Gemini","250500","52920","55","3","104","0","0","4.73","Jet Force Gemini"
"Nancy Drew: The Final Scene","5671","Nancy Drew: The Final Scene","250440","4800","386","2","15","0","0","52.18","Nancy Drew: The Final Scene"
"Solomon's Key","5672","Solomon's Key","250380","11880","215","5","27","0","0","21.08","Solomon's Key"
"Star Control: Origins","5673","Star Control: Origins","250260","720","1266","1","4","0","0","347.58","Star Control: Origins"
"Receiver","5674","Receiver","250200","29400","1756","3","170","0","0","8.51","Receiver"
"Age of Empires: The Rise of Rome","5675","Age of Empires: The Rise of Rome","250080","85920","107","3","48","0","0","2.91","Age of Empires: The Rise of Rome"
"Vandal Hearts","5676","Vandal Hearts","249960","48300","63","3","59","0","0","5.18","Vandal Hearts"
"Yoshi","5677","Yoshi","249900","7980","3899","1","27","0","0","31.32","Yoshi"
"The Lion's Song","5678","The Lion's Song","249840","21960","288","2","74","0","0","11.38","The Lion's Song"
"Bad Rats Show","5679","Bad Rats Show","249540","26100","508","3","144","0","0","9.56","Bad Rats Show"
"Dirge of Cerberus: Final Fantasy VII","5680","Dirge of Cerberus: Final Fantasy VII","249420","47820","108","2","77","0","0","5.22","Dirge of Cerberus: Final Fantasy VII"
"Galerians","5681","Galerians","249180","10320","1059","2","28","0","0","24.15","Galerians"
"Gauntlet: Dark Legacy","5682","Gauntlet: Dark Legacy","249120","56880","986","3","158","0","0","4.38","Gauntlet: Dark Legacy"
"Resistance: Fall of Man","5683","Resistance: Fall of Man","249120","15180","857","1","43","0","0","16.41","Resistance: Fall of Man"
"Myst","5684","Myst","249000","23160","429","2","66","0","0","10.75","Myst"
"The Deep","5685","The Deep","249000","300","3208","2","4","0","0","830","The Deep"
"Heroes of Might and Magic II: The Succession Wars","5686","Heroes of Might and Magic II: The Succession Wars","248940","24900","292","3","39","0","0","10","Heroes of Might and Magic II: The Succession Wars"
"NeverDead","5687","NeverDead","248880","4980","1993","1","10","0","0","49.98","NeverDead"
"Stolen","5688","Stolen","248880","1500","410","1","2","0","0","165.92","Stolen"
"A Rose in the Twilight","5689","A Rose in the Twilight","248820","30960","245","2","53","0","0","8.04","A Rose in the Twilight"
"Pac-Man Championship Edition DX","5690","Pac-Man Championship Edition DX","248700","59520","799","3","276","0","0","4.18","Pac-Man Championship Edition DX"
"Sim Theme Park","5691","Sim Theme Park","248640","9480","1809","1","36","0","0","26.23","Sim Theme Park"
"Samurai Shodown V Special","5692","Samurai Shodown V Special","248520","20400","500","3","73","0","0","12.18","Samurai Shodown V Special"
"Half-Life 2: Deathmatch","5693","Half-Life 2: Deathmatch","247980","47640","709","3","223","0","0","5.21","Half-Life 2: Deathmatch"
"Jaws: Unleashed","5694","Jaws: Unleashed","247980","3420","1492","1","14","0","0","72.51","Jaws: Unleashed"
"Action Fighter","5695","Action Fighter","247980","780","1578","1","7","0","0","317.92","Action Fighter"
"Pikmin 3DS (Working Title)","5696","Pikmin 3DS (Working Title)","247560","7380","305","3","29","0","0","33.54","Pikmin 3DS (Working Title)"
"Assassin's Creed Liberation HD","5697","Assassin's Creed Liberation HD","247380","72540","119","3","151","0","0","3.41","Assassin's Creed Liberation HD"
"Out There","5698","Out There","247200","13560","1524","3","53","0","0","18.23","Out There"
"Fate of the World","5699","Fate of the World","247020","4320","1282","1","11","0","0","57.18","Fate of the World"
"Forma.8","5700","Forma.8","247020","45060","749","5","46","0","0","5.48","Forma.8"