"","","Game","Watch time","Stream time","Peak viewers","Peak channels","Streamers","Average viewers","Average channels","Average viewer ratio",""
"Fingerbones","11501","Fingerbones","23760","8160","58","1","52","0","0","2.91","Fingerbones"
"Portal Worlds","11502","Portal Worlds","23760","600","83","1","1","0","0","39.6","Portal Worlds"
"Berenstain Bears","11503","Berenstain Bears","23700","360","381","1","2","0","0","65.83","Berenstain Bears"
"SOYF","11504","SOYF","23700","1200","81","2","8","0","0","19.75","SOYF"
"Railroad Empire","11505","Railroad Empire","23700","420","188","2","0","0","0","56.43","Railroad Empire"
"Grand Prix 4","11506","Grand Prix 4","23700","3720","91","1","9","0","0","6.37","Grand Prix 4"
"Penguin-Kun Wars","11507","Penguin-Kun Wars","23700","8160","119","1","3","0","0","2.9","Penguin-Kun Wars"
"Kamen Rider: Super Climax Heroes","11508","Kamen Rider: Super Climax Heroes","23700","4320","52","1","18","0","0","5.49","Kamen Rider: Super Climax Heroes"
"Romero's Aftermath","11509","Romero's Aftermath","23640","13980","13","2","54","0","0","1.69","Romero's Aftermath"
"Tasty Planet","11510","Tasty Planet","23640","5760","49","1","26","0","0","4.1","Tasty Planet"
"TechnoMage: Return of Eternity","11511","TechnoMage: Return of Eternity","23640","1380","128","1","5","0","0","17.13","TechnoMage: Return of Eternity"
"BUDDY","11512","BUDDY","23640","2820","40","1","13","0","0","8.38","BUDDY"
"Piczle Lines DX","11513","Piczle Lines DX","23640","1440","181","1","6","0","0","16.42","Piczle Lines DX"
"Lolita (Yakyuken)","11514","Lolita (Yakyuken)","23640","840","53","1","2","0","0","28.14","Lolita (Yakyuken)"
"Alter World","11515","Alter World","23640","1020","340","1","3","0","0","23.18","Alter World"
"Stories of Bethem: Full Moon","11516","Stories of Bethem: Full Moon","23640","10260","24","2","21","0","0","2.3","Stories of Bethem: Full Moon"
"zOMG!","11517","zOMG!","23640","10680","12","5","43","0","0","2.21","zOMG!"
"Wonder Tactics","11518","Wonder Tactics","23580","9180","33","1","17","0","0","2.57","Wonder Tactics"
"Time Traveler","11519","Time Traveler","23580","480","104","1","2","0","0","49.13","Time Traveler"
"Amazon Trail II","11520","Amazon Trail II","23580","300","261","1","2","0","0","78.6","Amazon Trail II"
"Rilakkuma","11521","Rilakkuma","23580","360","332","1","3","0","0","65.5","Rilakkuma"
"Blood Code","11522","Blood Code","23580","2280","84","1","10","0","0","10.34","Blood Code"
"Crack the Code","11523","Crack the Code","23580","480","109","1","1","0","0","49.13","Crack the Code"
"NCAA Basketball","11524","NCAA Basketball","23580","4080","22","2","3","0","0","5.78","NCAA Basketball"
"xXx","11525","xXx","23580","17100","20","2","26","0","0","1.38","xXx"
"Dungeons and Dragons Tactics","11526","Dungeons and Dragons Tactics","23580","4980","28","2","16","0","0","4.73","Dungeons and Dragons Tactics"
"Waxworks","11527","Waxworks","23580","1440","135","1","7","0","0","16.38","Waxworks"
"The Marvellous Miss Take","11528","The Marvellous Miss Take","23580","6300","36","2","19","0","0","3.74","The Marvellous Miss Take"
"Wonder Boy","11529","Wonder Boy","23580","5340","39","4","32","0","0","4.42","Wonder Boy"
"MLB 2K13","11530","MLB 2K13","23580","960","270","1","9","0","0","24.56","MLB 2K13"
"Aika Online","11531","Aika Online","23520","10020","50","2","42","0","0","2.35","Aika Online"
"Shrek Extra Large","11532","Shrek Extra Large","23520","7140","60","1","23","0","0","3.29","Shrek Extra Large"
"Humans 1 and 2","11533","Humans 1 and 2","23520","1140","193","1","7","0","0","20.63","Humans 1 and 2"
"Goosebumps: Escape from Horrorland","11534","Goosebumps: Escape from Horrorland","23520","3120","116","1","7","0","0","7.54","Goosebumps: Escape from Horrorland"
"Dark Arcana: The Carnival","11535","Dark Arcana: The Carnival","23520","8460","46","2","34","0","0","2.78","Dark Arcana: The Carnival"
"Star Ball","11536","Star Ball","23520","660","68","1","3","0","0","35.64","Star Ball"
"12 Labours of Hercules","11537","12 Labours of Hercules","23460","14400","75","2","47","0","0","1.63","12 Labours of Hercules"
"Dick Vitale's ""Awesome, Baby!"" College Hoops","11538","Dick Vitale's ""Awesome, Baby!"" College Hoops","23460","2340","52","1","6","0","0","10.03","Dick Vitale's ""Awesome, Baby!"" College Hoops"
"Magna Carta: Tears of Blood","11539","Magna Carta: Tears of Blood","23460","16020","20","2","13","0","0","1.46","Magna Carta: Tears of Blood"
"Saint Seiya: The Sanctuary","11540","Saint Seiya: The Sanctuary","23460","1860","132","1","4","0","0","12.61","Saint Seiya: The Sanctuary"
"Tokimeki Memorial: Forever With You","11541","Tokimeki Memorial: Forever With You","23460","2400","27","1","5","0","0","9.78","Tokimeki Memorial: Forever With You"
"Jagged Alliance: Deadly Games","11542","Jagged Alliance: Deadly Games","23460","2040","37","1","3","0","0","11.5","Jagged Alliance: Deadly Games"
"The New Zealand Story","11543","The New Zealand Story","23460","6300","60","1","16","0","0","3.72","The New Zealand Story"
"Deadly Rooms Of Death: The Second Sky","11544","Deadly Rooms Of Death: The Second Sky","23460","6540","20","1","2","0","0","3.59","Deadly Rooms Of Death: The Second Sky"
"Nova-111","11545","Nova-111","23460","4260","39","2","15","0","0","5.51","Nova-111"
"Trio The Punch – Never Forget Me...","11546","Trio The Punch – Never Forget Me...","23400","1620","73","1","3","0","0","14.44","Trio The Punch – Never Forget Me..."
"Dungeon Defenders Eternity","11547","Dungeon Defenders Eternity","23400","10860","27","2","39","0","0","2.15","Dungeon Defenders Eternity"
"Earth Defense Force 2: Invaders From Planet Space","11548","Earth Defense Force 2: Invaders From Planet Space","23400","9840","24","1","4","0","0","2.38","Earth Defense Force 2: Invaders From Planet Space"
"Irem Arcade Hits","11549","Irem Arcade Hits","23400","420","339","1","2","0","0","55.71","Irem Arcade Hits"
"Haegemonia","11550","Haegemonia","23400","300","375","1","2","0","0","78","Haegemonia"
"Moustache Mountain","11551","Moustache Mountain","23340","1140","173","1","8","0","0","20.47","Moustache Mountain"
"Warden: Melody of the Undergrowth","11552","Warden: Melody of the Undergrowth","23340","2520","181","1","12","0","0","9.26","Warden: Melody of the Undergrowth"
"Labyronia RPG","11553","Labyronia RPG","23340","15300","10","2","33","0","0","1.53","Labyronia RPG"
"Lucky Luke","11554","Lucky Luke","23340","2640","42","2","12","0","0","8.84","Lucky Luke"
"1943: The Battle of Midway","11555","1943: The Battle of Midway","23340","4620","76","1","21","0","0","5.05","1943: The Battle of Midway"
"Shattered Planet","11556","Shattered Planet","23280","2580","60","1","15","0","0","9.02","Shattered Planet"
"Affordable Space Adventures","11557","Affordable Space Adventures","23280","3000","62","1","13","0","0","7.76","Affordable Space Adventures"
"40 Winks","11558","40 Winks","23280","10380","27","2","18","0","0","2.24","40 Winks"
"Deus Ex: The Fall","11559","Deus Ex: The Fall","23280","8520","24","1","31","0","0","2.73","Deus Ex: The Fall"
"Virtual-On: Cyber Troopers","11560","Virtual-On: Cyber Troopers","23280","10560","12","3","21","0","0","2.2","Virtual-On: Cyber Troopers"
"Ping Pong","11561","Ping Pong","23280","8160","54","1","19","0","0","2.85","Ping Pong"
"Lemmings 2: The Tribes","11562","Lemmings 2: The Tribes","23280","4740","17","2","8","0","0","4.91","Lemmings 2: The Tribes"
"Heavenstrike Rivals","11563","Heavenstrike Rivals","23280","6060","64","2","9","0","0","3.84","Heavenstrike Rivals"
"Mario Tennis: Ultra Smash","11564","Mario Tennis: Ultra Smash","23280","4080","135","2","35","0","0","5.71","Mario Tennis: Ultra Smash"
"Hello Kitty Cube World","11565","Hello Kitty Cube World","23280","6900","59","2","18","0","0","3.37","Hello Kitty Cube World"
"The Beggar's Ride","11566","The Beggar's Ride","23280","2520","44","1","11","0","0","9.24","The Beggar's Ride"
"Obliteracers","11567","Obliteracers","23280","5100","53","2","32","0","0","4.56","Obliteracers"
"Import Tuner Challenge","11568","Import Tuner Challenge","23220","2520","98","1","5","0","0","9.21","Import Tuner Challenge"
"Stage Presence","11569","Stage Presence","23220","1560","94","1","13","0","0","14.88","Stage Presence"
"Source","11570","Source","23220","5880","146","2","23","0","0","3.95","Source"
"Something Something Soup Something","11571","Something Something Soup Something","23220","14520","11","1","3","0","0","1.6","Something Something Soup Something"
"Itch!","11572","Itch!","23220","4380","43","1","14","0","0","5.3","Itch!"
"24","11573","24","23220","420","358","1","2","0","0","55.29","24"
"Bishoujo Senshi Sailor Moon S","11574","Bishoujo Senshi Sailor Moon S","23220","2100","75","2","2","0","0","11.06","Bishoujo Senshi Sailor Moon S"
"Damnation","11575","Damnation","23220","7860","20","2","18","0","0","2.95","Damnation"
"Super Ninja Boy","11576","Super Ninja Boy","23220","3780","42","1","11","0","0","6.14","Super Ninja Boy"
"OBEY","11577","OBEY","23160","6480","30","3","32","0","0","3.57","OBEY"
"BS Zelda no Densetsu: Kodai no Sekiban","11578","BS Zelda no Densetsu: Kodai no Sekiban","23160","2400","74","1","7","0","0","9.65","BS Zelda no Densetsu: Kodai no Sekiban"
"Malicious","11579","Malicious","23160","3120","62","2","8","0","0","7.42","Malicious"
"Zettai Zetsumei Toshi 3: Kowareyuku Machi to Kanojo no Uta","11580","Zettai Zetsumei Toshi 3: Kowareyuku Machi to Kanojo no Uta","23160","1560","69","1","3","0","0","14.85","Zettai Zetsumei Toshi 3: Kowareyuku Machi to Kanojo no Uta"
"William Shatner's TekWar","11581","William Shatner's TekWar","23160","540","104","1","2","0","0","42.89","William Shatner's TekWar"
"Logic Levels","11582","Logic Levels","23160","240","104","1","1","0","0","96.5","Logic Levels"
"GoGo's Crazy Bones","11583","GoGo's Crazy Bones","23100","960","72","1","3","0","0","24.06","GoGo's Crazy Bones"
"Stream Legends","11584","Stream Legends","23100","7380","37","2","16","0","0","3.13","Stream Legends"
"Spider","11585","Spider","23100","3120","88","2","14","0","0","7.4","Spider"
"Phobia","11586","Phobia","23100","2040","129","1","9","0","0","11.32","Phobia"
"9 Clues 2: The Ward","11587","9 Clues 2: The Ward","23100","5760","33","1","22","0","0","4.01","9 Clues 2: The Ward"
"Stellar Frontier","11588","Stellar Frontier","23100","480","134","1","1","0","0","48.13","Stellar Frontier"
"Super Bowl","11589","Super Bowl","23100","540","291","2","4","0","0","42.78","Super Bowl"
"Viewpoint","11590","Viewpoint","23100","960","81","1","5","0","0","24.06","Viewpoint"
"Harvest Moon: The Tale of Two Towns","11591","Harvest Moon: The Tale of Two Towns","23100","12540","9","2","15","0","0","1.84","Harvest Moon: The Tale of Two Towns"
"Don't Take It Personally, Babe, It Just Ain't Your Story","11592","Don't Take It Personally, Babe, It Just Ain't Your Story","23100","3900","40","1","6","0","0","5.92","Don't Take It Personally, Babe, It Just Ain't Your Story"
"Football Manager 2014","11593","Football Manager 2014","23100","10080","20","2","34","0","0","2.29","Football Manager 2014"
"Supernova","11594","Supernova","23040","360","210","1","3","0","0","64","Supernova"
"Popeye","11595","Popeye","23040","3960","85","1","15","0","0","5.82","Popeye"
"Deluxe Ski Jump 3","11596","Deluxe Ski Jump 3","23040","1080","102","1","4","0","0","21.33","Deluxe Ski Jump 3"
"The Walking Dead: Assault","11597","The Walking Dead: Assault","23040","10020","6","1","2","0","0","2.3","The Walking Dead: Assault"
"Empires","11598","Empires","22980","13440","17","2","21","0","0","1.71","Empires"
"Threes!","11599","Threes!","22980","2880","178","1","11","0","0","7.98","Threes!"
"Space Cadet","11600","Space Cadet","22980","3900","150","2","15","0","0","5.89","Space Cadet"