"","","Game","Watch time","Stream time","Peak viewers","Peak channels","Streamers","Average viewers","Average channels","Average viewer ratio",""
"Submachine","8601","Submachine","68160","1860","241","2","0","0","0","36.65","Submachine"
"Battlefield: Bad Company","8602","Battlefield: Bad Company","68100","11640","163","2","47","0","0","5.85","Battlefield: Bad Company"
"Dead or Alive: Xtreme 2","8603","Dead or Alive: Xtreme 2","68040","6540","108","1","15","0","0","10.4","Dead or Alive: Xtreme 2"
"Paint by DS","8604","Paint by DS","68040","20640","271","2","89","0","0","3.3","Paint by DS"
"Wildlife Park 3","8605","Wildlife Park 3","68040","2640","362","1","13","0","0","25.77","Wildlife Park 3"
"Shadowgun","8606","Shadowgun","68040","2160","275","1","9","0","0","31.5","Shadowgun"
"Star Wars: Galaxies - Starter Kit","8607","Star Wars: Galaxies - Starter Kit","67980","21060","47","2","39","0","0","3.23","Star Wars: Galaxies - Starter Kit"
"DJMAX Ray","8608","DJMAX Ray","67980","780","237","1","3","0","0","87.15","DJMAX Ray"
"Frog Climbers","8609","Frog Climbers","67920","1860","963","1","11","0","0","36.52","Frog Climbers"
"Crosscountry Canada","8610","Crosscountry Canada","67920","300","454","1","2","0","0","226.4","Crosscountry Canada"
"Initial D: Extreme Stage","8611","Initial D: Extreme Stage","67920","9960","533","2","29","0","0","6.82","Initial D: Extreme Stage"
"Xeodrifter","8612","Xeodrifter","67860","15720","162","2","90","0","0","4.32","Xeodrifter"
"Heisei Tensai Bakabon","8613","Heisei Tensai Bakabon","67800","1620","255","2","4","0","0","41.85","Heisei Tensai Bakabon"
"Brain Age: Concentration Training","8614","Brain Age: Concentration Training","67800","420","315","1","2","0","0","161.43","Brain Age: Concentration Training"
"Consortium","8615","Consortium","67740","10080","138","2","36","0","0","6.72","Consortium"
"Strider 2","8616","Strider 2","67740","4620","254","2","19","0","0","14.66","Strider 2"
"Rogue","8617","Rogue","67680","35280","48","2","32","0","0","1.92","Rogue"
"Godzilla: Monster of Monsters","8618","Godzilla: Monster of Monsters","67680","4440","285","1","18","0","0","15.24","Godzilla: Monster of Monsters"
"Bladestorm: Nightmare","8619","Bladestorm: Nightmare","67680","44040","93","2","108","0","0","1.54","Bladestorm: Nightmare"
"President","8620","President","67680","1620","540","1","12","0","0","41.78","President"
"Movie Studios Party","8621","Movie Studios Party","67680","30180","30","2","81","0","0","2.24","Movie Studios Party"
"Hotline Miami: Collected Edition","8622","Hotline Miami: Collected Edition","67680","1440","537","2","10","0","0","47","Hotline Miami: Collected Edition"
"Rhythm Horizon","8623","Rhythm Horizon","67680","4140","65","2","2","0","0","16.35","Rhythm Horizon"
"Geneshift","8624","Geneshift","67620","10560","121","4","55","0","0","6.4","Geneshift"
"Deadly Rooms of Death","8625","Deadly Rooms of Death","67620","9120","41","1","10","0","0","7.41","Deadly Rooms of Death"
"Jumping Flash!","8626","Jumping Flash!","67620","5700","124","1","26","0","0","11.86","Jumping Flash!"
"Alien Rage","8627","Alien Rage","67560","21540","47","2","79","0","0","3.14","Alien Rage"
"Bugs Bunny Rabbit Rampage","8628","Bugs Bunny Rabbit Rampage","67560","1920","2020","2","9","0","0","35.19","Bugs Bunny Rabbit Rampage"
"Nikita: The Mystery of the Hidden Treasure","8629","Nikita: The Mystery of the Hidden Treasure","67560","120","578","1","1","0","0","563","Nikita: The Mystery of the Hidden Treasure"
"Bohemian Killing","8630","Bohemian Killing","67500","10560","55","2","58","0","0","6.39","Bohemian Killing"
"The Sly Collection","8631","The Sly Collection","67500","16620","252","2","33","0","0","4.06","The Sly Collection"
"Microsoft Flight Simulator","8632","Microsoft Flight Simulator","67500","13080","128","2","32","0","0","5.16","Microsoft Flight Simulator"
"Nelson Tethers: Puzzle Agent","8633","Nelson Tethers: Puzzle Agent","67500","9240","67","2","27","0","0","7.31","Nelson Tethers: Puzzle Agent"
"Ember","8634","Ember","67500","12240","108","2","33","0","0","5.51","Ember"
"Who's That Flying?!","8635","Who's That Flying?!","67440","4560","275","1","11","0","0","14.79","Who's That Flying?!"
"The $100,000 Pyramid","8636","The $100,000 Pyramid","67440","360","271","1","1","0","0","187.33","The $100,000 Pyramid"
"Majestia","8637","Majestia","67440","2820","594","2","8","0","0","23.91","Majestia"
"Medusa's Labyrinth","8638","Medusa's Labyrinth","67380","13320","356","2","99","0","0","5.06","Medusa's Labyrinth"
"Sport Sport","8639","Sport Sport","67380","2820","174","2","9","0","0","23.89","Sport Sport"
"Rezel Cross","8640","Rezel Cross","67380","1620","85","1","0","0","0","41.59","Rezel Cross"
"Realms of Arkania: Blade of Destiny","8641","Realms of Arkania: Blade of Destiny","67320","5220","131","2","15","0","0","12.9","Realms of Arkania: Blade of Destiny"
"Need for Speed: Most Wanted 5-1-0","8642","Need for Speed: Most Wanted 5-1-0","67260","20220","177","3","92","0","0","3.33","Need for Speed: Most Wanted 5-1-0"
"Car Mechanic Simulator 2014","8643","Car Mechanic Simulator 2014","67260","23820","60","2","125","0","0","2.82","Car Mechanic Simulator 2014"
"Ghost Files: The Face of Guilt","8644","Ghost Files: The Face of Guilt","67140","1260","187","1","4","0","0","53.29","Ghost Files: The Face of Guilt"
"Left In The Dark: No One On Board","8645","Left In The Dark: No One On Board","67080","3540","204","1","17","0","0","18.95","Left In The Dark: No One On Board"
"Secret Ponchos","8646","Secret Ponchos","67080","11400","21","2","27","0","0","5.88","Secret Ponchos"
"The Sims: Bustin' Out","8647","The Sims: Bustin' Out","67080","9600","37","1","22","0","0","6.99","The Sims: Bustin' Out"
"Link's Crossbow Training","8648","Link's Crossbow Training","67020","4200","413","1","21","0","0","15.96","Link's Crossbow Training"
"Deadbeat Heroes","8649","Deadbeat Heroes","67020","2520","153","2","13","0","0","26.6","Deadbeat Heroes"
"Empire of Angels IV","8650","Empire of Angels IV","66960","4080","120","1","9","0","0","16.41","Empire of Angels IV"
"Slash It Ultimate","8651","Slash It Ultimate","66840","3300","357","1","12","0","0","20.25","Slash It Ultimate"
"Moonshot","8652","Moonshot","66840","540","300","1","5","0","0","123.78","Moonshot"
"Symphony","8653","Symphony","66840","16320","71","2","82","0","0","4.1","Symphony"
"Virtual Pool 4","8654","Virtual Pool 4","66840","8820","472","1","23","0","0","7.58","Virtual Pool 4"
"The Incredible Adventures of Van Helsing: Deathtrap","8655","The Incredible Adventures of Van Helsing: Deathtrap","66840","9120","96","2","33","0","0","7.33","The Incredible Adventures of Van Helsing: Deathtrap"
"Sid Meier's Covert Action","8656","Sid Meier's Covert Action","66840","1380","369","1","7","0","0","48.43","Sid Meier's Covert Action"
"Boss 101 with S.T.E.V.E. and Max","8657","Boss 101 with S.T.E.V.E. and Max","66780","6240","211","2","12","0","0","10.7","Boss 101 with S.T.E.V.E. and Max"
"WWE Tap Mania","8658","WWE Tap Mania","66720","660","568","1","1","0","0","101.09","WWE Tap Mania"
"Manhunt 2","8659","Manhunt 2","66720","22140","84","2","94","0","0","3.01","Manhunt 2"
"Mount & Blade II: Bannerlord","8660","Mount & Blade II: Bannerlord","66600","14580","406","2","58","0","0","4.57","Mount & Blade II: Bannerlord"
"Mario Super Sluggers","8661","Mario Super Sluggers","66600","12480","160","2","41","0","0","5.34","Mario Super Sluggers"
"Madden NFL 25","8662","Madden NFL 25","66480","84600","60","3","285","0","0","0.79","Madden NFL 25"
"The Lost Mind of Dr. Brain","8663","The Lost Mind of Dr. Brain","66480","2280","124","1","8","0","0","29.16","The Lost Mind of Dr. Brain"
"History of the World","8664","History of the World","66420","3060","184","1","10","0","0","21.71","History of the World"
"Super R-Type","8665","Super R-Type","66420","14820","108","3","32","0","0","4.48","Super R-Type"
"Shank","8666","Shank","66360","21660","102","3","104","0","0","3.06","Shank"
"NHL 09","8667","NHL 09","66360","52860","35","4","114","0","0","1.26","NHL 09"
"Pandemic: The Board Game","8668","Pandemic: The Board Game","66360","5700","198","2","11","0","0","11.64","Pandemic: The Board Game"
"Race for the Galaxy","8669","Race for the Galaxy","66360","3900","757","1","12","0","0","17.02","Race for the Galaxy"
"Jazz Jackrabbit 2: Holiday Hare 98","8670","Jazz Jackrabbit 2: Holiday Hare 98","66240","1440","126","1","2","0","0","46","Jazz Jackrabbit 2: Holiday Hare 98"
"Kirby and the Rainbow Curse","8671","Kirby and the Rainbow Curse","66240","10500","43","1","46","0","0","6.31","Kirby and the Rainbow Curse"
"Battle Fantasia","8672","Battle Fantasia","66240","5280","144","1","19","0","0","12.55","Battle Fantasia"
"Splash! Magikarp","8673","Splash! Magikarp","66120","4440","225","3","24","0","0","14.89","Splash! Magikarp"
"Balrum","8674","Balrum","66060","11760","127","2","28","0","0","5.62","Balrum"
"Cabela's African Adventures","8675","Cabela's African Adventures","66060","9420","306","2","66","0","0","7.01","Cabela's African Adventures"
"FIFA 98: Road to World Cup","8676","FIFA 98: Road to World Cup","66000","3240","252","2","22","0","0","20.37","FIFA 98: Road to World Cup"
"Maria The Witch","8677","Maria The Witch","66000","2940","134","1","9","0","0","22.45","Maria The Witch"
"LEGO Friends","8678","LEGO Friends","66000","1080","658","1","3","0","0","61.11","LEGO Friends"
"Corridor 7: Alien Invasion","8679","Corridor 7: Alien Invasion","65940","5040","130","1","4","0","0","13.08","Corridor 7: Alien Invasion"
"Laura Bow 2: The Dagger of Amon-Ra","8680","Laura Bow 2: The Dagger of Amon-Ra","65940","4560","96","1","9","0","0","14.46","Laura Bow 2: The Dagger of Amon-Ra"
"Devil Kings","8681","Devil Kings","65880","1980","244","1","6","0","0","33.27","Devil Kings"
"Craft Keep VR","8682","Craft Keep VR","65880","660","634","1","7","0","0","99.82","Craft Keep VR"
"Talisman: The Horus Heresy","8683","Talisman: The Horus Heresy","65820","5460","183","2","16","0","0","12.05","Talisman: The Horus Heresy"
"Margonem","8684","Margonem","65820","34860","34","2","169","0","0","1.89","Margonem"
"Sky Odyssey","8685","Sky Odyssey","65820","4080","155","1","11","0","0","16.13","Sky Odyssey"
"Football Manager","8686","Football Manager","65760","16080","106","2","67","0","0","4.09","Football Manager"
"Kidnapped","8687","Kidnapped","65760","7440","159","2","40","0","0","8.84","Kidnapped"
"The Descendant","8688","The Descendant","65760","8160","101","1","28","0","0","8.06","The Descendant"
"Nancy Drew: Legend of the Crystal Skull","8689","Nancy Drew: Legend of the Crystal Skull","65700","15240","23","2","33","0","0","4.31","Nancy Drew: Legend of the Crystal Skull"
"Lifestream","8690","Lifestream","65700","23760","52","2","49","0","0","2.77","Lifestream"
"Monster Loves You!","8691","Monster Loves You!","65640","17400","26","2","108","0","0","3.77","Monster Loves You!"
"Pneuma: Breath of Life","8692","Pneuma: Breath of Life","65640","45840","35","2","233","0","0","1.43","Pneuma: Breath of Life"
"Killer Instinct 2","8693","Killer Instinct 2","65580","35220","70","4","252","0","0","1.86","Killer Instinct 2"
"HeroWarz","8694","HeroWarz","65580","31500","29","4","93","0","0","2.08","HeroWarz"
"Drakensang: The River of Time","8695","Drakensang: The River of Time","65580","10200","41","2","17","0","0","6.43","Drakensang: The River of Time"
"The Legend of Spyro: A New Beginning","8696","The Legend of Spyro: A New Beginning","65520","18000","48","2","53","0","0","3.64","The Legend of Spyro: A New Beginning"
"Crayon Shin-Chan 4: Ora no Itazura Dai Henshin","8697","Crayon Shin-Chan 4: Ora no Itazura Dai Henshin","65520","1080","786","1","6","0","0","60.67","Crayon Shin-Chan 4: Ora no Itazura Dai Henshin"
"Soulblight","8698","Soulblight","65400","720","557","1","5","0","0","90.83","Soulblight"
"Urban Chaos","8699","Urban Chaos","65400","5100","167","1","11","0","0","12.82","Urban Chaos"
"M.C. Kids","8700","M.C. Kids","65400","15840","145","3","25","0","0","4.13","M.C. Kids"