"","","Game","Watch time","Stream time","Peak viewers","Peak channels","Streamers","Average viewers","Average channels","Average viewer ratio",""
"The Legend of Zelda: The Wind Waker","601","The Legend of Zelda: The Wind Waker","34337160","1942500","4663","22","3653","65","3","17.68","The Legend of Zelda: The Wind Waker"
"Bloons TD 5","602","Bloons TD 5","34293840","414660","19944","11","2387","65","0","82.7","Bloons TD 5"
"Virtual Reality","603","Virtual Reality","34271880","2105940","9416","17","3055","65","4","16.27","Virtual Reality"
"Kirby: Star Allies","604","Kirby: Star Allies","34216560","1024020","24135","186","3402","65","1","33.41","Kirby: Star Allies"
"Pro Evolution Soccer 2018","605","Pro Evolution Soccer 2018","34162680","3396000","12469","31","8233","65","6","10.06","Pro Evolution Soccer 2018"
"The Culling","606","The Culling","34055880","964020","22784","60","4169","64","1","35.33","The Culling"
"Wolfenstein II: The New Colossus","607","Wolfenstein II: The New Colossus","34015140","1874940","24954","23","9253","64","3","18.14","Wolfenstein II: The New Colossus"
"Earth Defense Forces 5","608","Earth Defense Forces 5","33419700","272220","15099","19","386","63","0","122.77","Earth Defense Forces 5"
"Metal Gear Solid 2: Sons of Liberty","609","Metal Gear Solid 2: Sons of Liberty","33403500","585840","6733","9","968","63","1","57.02","Metal Gear Solid 2: Sons of Liberty"
"Silent Hill","610","Silent Hill","33272100","695940","120662","15","1734","63","1","47.81","Silent Hill"
"Mass Effect","611","Mass Effect","33254400","3279300","124983","31","6005","63","6","10.14","Mass Effect"
"Street Fighter 30th Anniversary Collection","612","Street Fighter 30th Anniversary Collection","33232980","783720","24650","86","3561","63","1","42.4","Street Fighter 30th Anniversary Collection"
"Darkwood","613","Darkwood","33204420","1013460","14126","21","3166","63","1","32.76","Darkwood"
"surviv.io","614","surviv.io","33183840","3641040","9690","36","8439","63","6","9.11","surviv.io"
"ShellShock Live","615","ShellShock Live","33137400","2338380","43183","22","9167","63","4","14.17","ShellShock Live"
"Bloons TD 6","616","Bloons TD 6","33110400","349440","14203","10","905","63","0","94.75","Bloons TD 6"
"Street Fighter III: 3rd Strike","617","Street Fighter III: 3rd Strike","33046620","559320","25433","11","1102","62","1","59.08","Street Fighter III: 3rd Strike"
"Holdfast: Nations At War","618","Holdfast: Nations At War","33037740","734220","22411","13","2523","62","1","45","Holdfast: Nations At War"
"Hello Neighbor","619","Hello Neighbor","32957280","958320","18897","17","6621","62","1","34.39","Hello Neighbor"
"Zero Escape: Virtue's Last Reward","620","Zero Escape: Virtue's Last Reward","32932200","401760","5548","7","384","62","0","81.97","Zero Escape: Virtue's Last Reward"
"Moonlight Blade","621","Moonlight Blade","32750400","2088420","11187","57","1423","62","3","15.68","Moonlight Blade"
"Worms W.M.D","622","Worms W.M.D","32709480","352620","22587","10","1879","62","0","92.76","Worms W.M.D"
"Viscera Cleanup Detail","623","Viscera Cleanup Detail","32627100","769740","26996","14","3900","62","1","42.39","Viscera Cleanup Detail"
"Brawl Stars","624","Brawl Stars","32601900","1794720","8314","92","6441","62","3","18.17","Brawl Stars"
"Strange Brigade","625","Strange Brigade","32441940","825480","27741","115","2798","61","1","39.3","Strange Brigade"
"Fractured Lands","626","Fractured Lands","32340060","404220","48650","92","1151","61","0","80.01","Fractured Lands"
"Marble It Up!","627","Marble It Up!","32263800","96840","42256","12","465","61","0","333.17","Marble It Up!"
"Immortal: Unchained","628","Immortal: Unchained","32262660","385980","26724","39","1123","61","0","83.59","Immortal: Unchained"
"Donkey Kong Country 2: Diddy's Kong Quest","629","Donkey Kong Country 2: Diddy's Kong Quest","32259060","1019220","137177","13","1997","61","1","31.65","Donkey Kong Country 2: Diddy's Kong Quest"
"Borderlands","630","Borderlands","32146260","3038160","5725","25","7456","61","5","10.58","Borderlands"
"Mario Party 2","631","Mario Party 2","31943940","360900","57393","8","1257","60","0","88.51","Mario Party 2"
"Paper Mario: The Thousand-Year Door","632","Paper Mario: The Thousand-Year Door","31817820","1663800","13137","19","2613","60","3","19.12","Paper Mario: The Thousand-Year Door"
"Keep Talking and Nobody Explodes","633","Keep Talking and Nobody Explodes","31767180","1313460","25816","14","6401","60","2","24.19","Keep Talking and Nobody Explodes"
"Garena Free Fire","634","Garena Free Fire","31719000","6538380","9391","49","19570","60","12","4.85","Garena Free Fire"
"Mobile Legends: Bang bang","635","Mobile Legends: Bang bang","31560540","4696140","11875","30","11503","60","8","6.72","Mobile Legends: Bang bang"
"Infliction","636","Infliction","31531860","219480","29109","31","1144","59","0","143.67","Infliction"
"Lineage 2: Revolution","637","Lineage 2: Revolution","31460820","2202780","25597","39","1940","59","4","14.28","Lineage 2: Revolution"
"Total War Saga: Thrones of Britannia","638","Total War Saga: Thrones of Britannia","31321860","751980","18461","123","1620","59","1","41.65","Total War Saga: Thrones of Britannia"
"Project CARS 2","639","Project CARS 2","31312380","3922920","12204","46","8657","59","7","7.98","Project CARS 2"
"Soulworker","640","Soulworker","31308300","4306560","7240","72","7624","59","8","7.27","Soulworker"
"Dishonored","641","Dishonored","31296420","2055720","148979","21","8276","59","3","15.22","Dishonored"
"Parkitect","642","Parkitect","31232580","309900","31132","20","928","59","0","100.78","Parkitect"
"Stick Fight: The Game","643","Stick Fight: The Game","30976620","1638480","33073","27","17896","58","3","18.91","Stick Fight: The Game"
"Vampire: The Masquerade - Bloodlines","644","Vampire: The Masquerade - Bloodlines","30546660","1191780","8675","13","2059","58","2","25.63","Vampire: The Masquerade - Bloodlines"
"Danganronpa: Trigger Happy Havoc","645","Danganronpa: Trigger Happy Havoc","30537540","1942500","7759","22","2868","58","3","15.72","Danganronpa: Trigger Happy Havoc"
"Slime Rancher","646","Slime Rancher","30327300","3094140","18647","68","13380","57","5","9.8","Slime Rancher"
"Paragon","647","Paragon","30277080","4149120","53419","109","7217","57","7","7.3","Paragon"
"Spyro the Dragon","648","Spyro the Dragon","30143400","882240","116816","17","2170","57","1","34.17","Spyro the Dragon"
"Starbound","649","Starbound","30115980","3129840","19160","25","9348","57","5","9.62","Starbound"
"Bus Simulator 18","650","Bus Simulator 18","30088140","586620","37341","86","1945","57","1","51.29","Bus Simulator 18"
"Super Monkey Ball 2","651","Super Monkey Ball 2","30016680","530580","116013","12","667","57","1","56.57","Super Monkey Ball 2"
"Metroid Prime 3: Corruption","652","Metroid Prime 3: Corruption","29989380","118020","135785","13","167","57","0","254.1","Metroid Prime 3: Corruption"
"Shenmue I & II","653","Shenmue I & II","29964360","585000","10227","97","1120","57","1","51.22","Shenmue I & II"
"Attack on Titan 2","654","Attack on Titan 2","29761140","1432320","35514","79","3885","56","2","20.78","Attack on Titan 2"
"DCS World","655","DCS World","29730120","3210360","5803","37","2686","56","6","9.26","DCS World"
"Mister Rogers' Neighborhood","656","Mister Rogers' Neighborhood","29621820","35220","10315","5","38","56","0","841.05","Mister Rogers' Neighborhood"
"Gartic","657","Gartic","29595420","880920","16986","19","7052","56","1","33.6","Gartic"
"Final Fantasy","658","Final Fantasy","29562600","1567920","10915","37","1489","56","2","18.85","Final Fantasy"
"Life is Feudal: MMO","659","Life is Feudal: MMO","29234760","2575560","4627","45","2104","55","4","11.35","Life is Feudal: MMO"
"The Witness","660","The Witness","29201280","1481400","13110","31","5146","55","2","19.71","The Witness"
"FAR: Lone Sails","661","FAR: Lone Sails","29156940","382500","33860","57","2150","55","0","76.23","FAR: Lone Sails"
"Devil May Cry HD Collection","662","Devil May Cry HD Collection","28892700","2013120","16176","71","8142","54","3","14.35","Devil May Cry HD Collection"
"Mario Kart Wii","663","Mario Kart Wii","28737000","2431680","6975","31","2048","54","4","11.82","Mario Kart Wii"
"Rocksmith 2014","664","Rocksmith 2014","28735260","3349200","11933","25","4439","54","6","8.58","Rocksmith 2014"
"Legion TD 2","665","Legion TD 2","28623360","1232880","23119","22","1657","54","2","23.22","Legion TD 2"
"Cookie Run: OvenBreak","666","Cookie Run: OvenBreak","28535220","76200","12119","3","254","54","0","374.48","Cookie Run: OvenBreak"
"Batman: The Enemy Within - The Telltale Series","667","Batman: The Enemy Within - The Telltale Series","28532760","844560","26352","33","2620","54","1","33.78","Batman: The Enemy Within - The Telltale Series"
"Need for Speed: Most Wanted (2005)","668","Need for Speed: Most Wanted (2005)","28495020","957720","22644","13","3174","54","1","29.75","Need for Speed: Most Wanted (2005)"
"God's Basement","669","God's Basement","28491540","87240","30643","14","498","54","0","326.59","God's Basement"
"Quiplash","670","Quiplash","28426200","1277520","11468","29","7413","54","2","22.25","Quiplash"
"The Walking Dead: Season Two","671","The Walking Dead: Season Two","28380660","1441980","5231","18","4024","54","2","19.68","The Walking Dead: Season Two"
"Shenmue","672","Shenmue","28308000","1201920","25645","133","3203","53","2","23.55","Shenmue"
"WWE SuperCard","673","WWE SuperCard","28166460","1518300","25317","23","1200","53","2","18.55","WWE SuperCard"
"Puzzle & Dragons","674","Puzzle & Dragons","27994020","1126320","1736","18","868","53","2","24.85","Puzzle & Dragons"
"Grand Theft Auto III","675","Grand Theft Auto III","27961680","984840","22895","14","2376","53","1","28.39","Grand Theft Auto III"
"Donkey Kong 64","676","Donkey Kong 64","27934620","799440","23427","12","1121","53","1","34.94","Donkey Kong 64"
"Mario Party 4","677","Mario Party 4","27859980","324780","11989","8","1303","53","0","85.78","Mario Party 4"
"Mario & Luigi: Superstar Saga","678","Mario & Luigi: Superstar Saga","27716940","210780","152732","10","464","52","0","131.5","Mario & Luigi: Superstar Saga"
"Minion Masters","679","Minion Masters","27686040","3202920","2262","74","6524","52","6","8.64","Minion Masters"
"Kingdom Two Crowns","680","Kingdom Two Crowns","27678960","429900","10774","43","1208","52","0","64.38","Kingdom Two Crowns"
"Call of Duty: Black Ops","681","Call of Duty: Black Ops","27601740","3780480","4798","28","15625","52","7","7.3","Call of Duty: Black Ops"
"Mega Man X4","682","Mega Man X4","27549780","446400","137316","11","1269","52","0","61.72","Mega Man X4"
"Last Tide","683","Last Tide","27527520","494940","59571","82","1895","52","0","55.62","Last Tide"
"Pokémon Quest","684","Pokémon Quest","27518400","796380","5689","67","2488","52","1","34.55","Pokémon Quest"
"Game Development","685","Game Development","27518100","2950920","25493","41","4055","52","5","9.33","Game Development"
"Darksiders","686","Darksiders","27513180","2438760","21798","37","6182","52","4","11.28","Darksiders"
"Super Mario 3D World","687","Super Mario 3D World","27421140","348240","155659","10","1108","52","0","78.74","Super Mario 3D World"
"Exanima","688","Exanima","27407220","256740","29705","15","822","52","0","106.75","Exanima"
"Call of Duty: Modern Warfare Remastered","689","Call of Duty: Modern Warfare Remastered","27385620","5536080","22059","44","25785","52","10","4.95","Call of Duty: Modern Warfare Remastered"
"Home Sweet Home","690","Home Sweet Home","27355920","593520","11460","19","2396","52","1","46.09","Home Sweet Home"
"Prison Architect","691","Prison Architect","27344220","1680660","10347","23","6462","52","3","16.27","Prison Architect"
"Railway Empire","692","Railway Empire","27330780","581460","22910","38","1355","52","1","47","Railway Empire"
"Castlevania: Symphony of the Night","693","Castlevania: Symphony of the Night","27325800","1132200","127334","30","2930","51","2","24.14","Castlevania: Symphony of the Night"
"Realm of the Mad God","694","Realm of the Mad God","27294120","4118460","4637","32","6098","51","7","6.63","Realm of the Mad God"
"F-Zero GX","695","F-Zero GX","27242640","134100","161002","9","387","51","0","203.15","F-Zero GX"
"S.T.A.L.K.E.R.: Clear Sky","696","S.T.A.L.K.E.R.: Clear Sky","27232440","662280","16143","12","1715","51","1","41.12","S.T.A.L.K.E.R.: Clear Sky"
"Batman: Arkham Asylum","697","Batman: Arkham Asylum","27206040","1315560","125021","15","4182","51","2","20.68","Batman: Arkham Asylum"
"Super Meat Boy","698","Super Meat Boy","27150180","948240","10261","32","6627","51","1","28.63","Super Meat Boy"
"Let It Die","699","Let It Die","26982720","3619920","14333","44","6365","51","6","7.45","Let It Die"
"Mist Survival","700","Mist Survival","26957940","985800","32268","55","2430","51","1","27.35","Mist Survival"