"","","Game","Watch time","Stream time","Peak viewers","Peak channels","Streamers","Average viewers","Average channels","Average viewer ratio",""
"Gary Grigsby's War in the East","8401","Gary Grigsby's War in the East","128760","15420","74","2","17","0","0","8.35","Gary Grigsby's War in the East"
"Sword Coast Legends","8402","Sword Coast Legends","128700","49440","47","4","152","0","0","2.6","Sword Coast Legends"
"Super Destronaut DX","8403","Super Destronaut DX","128640","2760","1970","1","37","0","0","46.61","Super Destronaut DX"
"Red Ninja: End of Honor","8404","Red Ninja: End of Honor","128520","3180","1446","1","14","0","0","40.42","Red Ninja: End of Honor"
"From Dust","8405","From Dust","128460","18840","246","2","105","0","0","6.82","From Dust"
"Abadox: The Deadly Inner War","8406","Abadox: The Deadly Inner War","128400","1200","494","1","7","0","0","107","Abadox: The Deadly Inner War"
"Black Belt","8407","Black Belt","128400","600","898","1","5","0","0","214","Black Belt"
"Hexen: Deathkings of the Dark Citadel","8408","Hexen: Deathkings of the Dark Citadel","128340","4020","133","1","12","0","0","31.93","Hexen: Deathkings of the Dark Citadel"
"Happy Wars","8409","Happy Wars","128340","83460","31","3","386","0","0","1.54","Happy Wars"
"Megido 72","8410","Megido 72","128280","9060","146","2","14","0","0","14.16","Megido 72"
"Retard Fighter","8411","Retard Fighter","128220","30960","24","2","19","0","0","4.14","Retard Fighter"
"Worms 4: Mayhem","8412","Worms 4: Mayhem","128220","7020","679","2","45","0","0","18.26","Worms 4: Mayhem"
"Dragon Ball Z: The Legacy of Goku II","8413","Dragon Ball Z: The Legacy of Goku II","128160","21420","354","2","64","0","0","5.98","Dragon Ball Z: The Legacy of Goku II"
"Samorost 2","8414","Samorost 2","128160","10260","257","2","76","0","0","12.49","Samorost 2"
"Atom Zombie Smasher","8415","Atom Zombie Smasher","128040","4920","782","1","35","0","0","26.02","Atom Zombie Smasher"
"JoJo no Kimyou na Bouken: Ougon no Kaze","8416","JoJo no Kimyou na Bouken: Ougon no Kaze","127980","9360","243","3","48","0","0","13.67","JoJo no Kimyou na Bouken: Ougon no Kaze"
"Rebuild 3: Gangs of Deadsville","8417","Rebuild 3: Gangs of Deadsville","127980","21000","1074","2","62","0","0","6.09","Rebuild 3: Gangs of Deadsville"
"Operation 7","8418","Operation 7","127920","39060","128","2","184","0","0","3.27","Operation 7"
"Shrek the Third","8419","Shrek the Third","127920","7380","386","2","38","0","0","17.33","Shrek the Third"
"Behind You!!","8420","Behind You!!","127920","540","1007","1","6","0","0","236.89","Behind You!!"
"Fossil Hunters","8421","Fossil Hunters","127920","11940","395","3","57","0","0","10.71","Fossil Hunters"
"Dragon Quest Monsters 1 & 2","8422","Dragon Quest Monsters 1 & 2","127860","13440","207","2","18","0","0","9.51","Dragon Quest Monsters 1 & 2"
"The Magic of Scheherazade","8423","The Magic of Scheherazade","127800","27180","227","2","17","0","0","4.7","The Magic of Scheherazade"
"PornFactory","8424","PornFactory","127800","59460","275","2","86","0","0","2.15","PornFactory"
"Poker Tournament","8425","Poker Tournament","127680","44100","136","4","90","0","0","2.9","Poker Tournament"
"The Neverhood","8426","The Neverhood","127680","21120","103","1","82","0","0","6.05","The Neverhood"
"Serena","8427","Serena","127620","22860","125","2","212","0","0","5.58","Serena"
"China Warrior","8428","China Warrior","127620","1080","1412","2","10","0","0","118.17","China Warrior"
"Mojo Master","8429","Mojo Master","127620","1380","150","1","1","0","0","92.48","Mojo Master"
"One Piece: Grand Battle!","8430","One Piece: Grand Battle!","127620","2460","1107","2","11","0","0","51.88","One Piece: Grand Battle!"
"In Celebration of Violence","8431","In Celebration of Violence","127620","33660","184","3","58","0","0","3.79","In Celebration of Violence"
"Onimusha: Dawn of Dreams","8432","Onimusha: Dawn of Dreams","127560","16800","311","1","45","0","0","7.59","Onimusha: Dawn of Dreams"
"Yu-Gi-Oh! Capsule Monster Coliseum","8433","Yu-Gi-Oh! Capsule Monster Coliseum","127560","21960","67","2","45","0","0","5.81","Yu-Gi-Oh! Capsule Monster Coliseum"
"Need for Speed Nitro","8434","Need for Speed Nitro","127380","1740","352","2","6","0","0","73.21","Need for Speed Nitro"
"Realm","8435","Realm","127380","21480","485","3","171","0","0","5.93","Realm"
"DeathSpank","8436","DeathSpank","127380","12720","956","2","43","0","0","10.01","DeathSpank"
"Forsaken World","8437","Forsaken World","127380","82620","139","3","123","0","0","1.54","Forsaken World"
"Analogue: A Hate Story","8438","Analogue: A Hate Story","127320","6900","363","2","28","0","0","18.45","Analogue: A Hate Story"
"Dragon Ball Z: Buu's Fury","8439","Dragon Ball Z: Buu's Fury","127320","34440","242","4","75","0","0","3.7","Dragon Ball Z: Buu's Fury"
"Ara Fell","8440","Ara Fell","127320","34560","42","2","66","0","0","3.68","Ara Fell"
"Rick Dangerous II","8441","Rick Dangerous II","127260","3540","493","3","7","0","0","35.95","Rick Dangerous II"
"Just Dance Disney Party","8442","Just Dance Disney Party","127260","720","788","1","3","0","0","176.75","Just Dance Disney Party"
"Umfend","8443","Umfend","127260","4620","245","2","34","0","0","27.55","Umfend"
"Jikkyou Powerful Pro Yakyuu 2014","8444","Jikkyou Powerful Pro Yakyuu 2014","127080","7200","79","1","5","0","0","17.65","Jikkyou Powerful Pro Yakyuu 2014"
"Dead Rising 2: Case Zero","8445","Dead Rising 2: Case Zero","127020","9480","549","2","27","0","0","13.4","Dead Rising 2: Case Zero"
"Novus Inceptio","8446","Novus Inceptio","127020","24660","312","2","97","0","0","5.15","Novus Inceptio"
"Online Soccer Manager (OSM)","8447","Online Soccer Manager (OSM)","126900","2520","851","1","21","0","0","50.36","Online Soccer Manager (OSM)"
"Siralim","8448","Siralim","126840","9240","622","2","29","0","0","13.73","Siralim"
"Hexcells Plus","8449","Hexcells Plus","126840","13080","162","2","42","0","0","9.7","Hexcells Plus"
"Nancy Drew: Ransom of the Seven Ships","8450","Nancy Drew: Ransom of the Seven Ships","126780","12180","142","2","31","0","0","10.41","Nancy Drew: Ransom of the Seven Ships"
"Wii Karaoke U by JOYSOUND","8451","Wii Karaoke U by JOYSOUND","126660","7980","166","2","9","0","0","15.87","Wii Karaoke U by JOYSOUND"
"Bizarre Earthquake","8452","Bizarre Earthquake","126660","1620","933","1","10","0","0","78.19","Bizarre Earthquake"
"Disney's Chicken Little: Ace in Action","8453","Disney's Chicken Little: Ace in Action","126600","1800","2230","1","6","0","0","70.33","Disney's Chicken Little: Ace in Action"
"Earth Defense Force 4.1: Wing Diver The Shooter","8454","Earth Defense Force 4.1: Wing Diver The Shooter","126540","17880","127","3","90","0","0","7.08","Earth Defense Force 4.1: Wing Diver The Shooter"
"The Mage's Tale","8455","The Mage's Tale","126480","15120","844","2","64","0","0","8.37","The Mage's Tale"
"Punch Quest","8456","Punch Quest","126480","240","2160","1","1","0","0","527","Punch Quest"
"Felix the Cat","8457","Felix the Cat","126420","13680","259","3","82","0","0","9.24","Felix the Cat"
"Snake","8458","Snake","126360","32460","99","2","204","0","0","3.89","Snake"
"Spartan: Total Warrior","8459","Spartan: Total Warrior","126360","8640","964","2","24","0","0","14.63","Spartan: Total Warrior"
"Broken Dreams","8460","Broken Dreams","126360","840","1148","1","8","0","0","150.43","Broken Dreams"
"The Bachelor","8461","The Bachelor","126300","720","640","1","6","0","0","175.42","The Bachelor"
"I-Ninja","8462","I-Ninja","126240","27360","583","2","94","0","0","4.61","I-Ninja"
"The Sims: Life Stories","8463","The Sims: Life Stories","126240","3600","216","1","13","0","0","35.07","The Sims: Life Stories"
"AirportCEO","8464","AirportCEO","126240","21060","228","2","86","0","0","5.99","AirportCEO"
"Mindustry","8465","Mindustry","126240","9120","839","2","30","0","0","13.84","Mindustry"
"Spyro: Attack of the Rhynocs","8466","Spyro: Attack of the Rhynocs","126060","4620","140","1","13","0","0","27.29","Spyro: Attack of the Rhynocs"
"8-Bit Armies","8467","8-Bit Armies","126000","37740","256","3","195","0","0","3.34","8-Bit Armies"
"The Ring: Terror's Realm","8468","The Ring: Terror's Realm","125760","3840","231","1","9","0","0","32.75","The Ring: Terror's Realm"
"Lost Planet: Extreme Condition","8469","Lost Planet: Extreme Condition","125640","39540","56","3","135","0","0","3.18","Lost Planet: Extreme Condition"
"OZMAFIA!!","8470","OZMAFIA!!","125640","7200","344","2","27","0","0","17.45","OZMAFIA!!"
"Hyperdimension Neptunia Victory II","8471","Hyperdimension Neptunia Victory II","125580","26700","82","2","29","0","0","4.7","Hyperdimension Neptunia Victory II"
"Savage Lands","8472","Savage Lands","125520","42360","169","4","150","0","0","2.96","Savage Lands"
"Sonic and the Black Knight","8473","Sonic and the Black Knight","125520","22800","249","3","59","0","0","5.51","Sonic and the Black Knight"
"Aquaria","8474","Aquaria","125400","24000","136","2","62","0","0","5.23","Aquaria"
"Style Savvy","8475","Style Savvy","125280","960","2015","1","5","0","0","130.5","Style Savvy"
"Sword With Sauce","8476","Sword With Sauce","125220","33300","741","3","278","0","0","3.76","Sword With Sauce"
"Nightmares from the Deep 2: The Siren`s Call","8477","Nightmares from the Deep 2: The Siren`s Call","125220","17700","140","2","57","0","0","7.07","Nightmares from the Deep 2: The Siren`s Call"
"Krampus","8478","Krampus","124920","4500","447","3","49","0","0","27.76","Krampus"
"Qurare: Magic Library","8479","Qurare: Magic Library","124920","32220","22","2","19","0","0","3.88","Qurare: Magic Library"
"Pinobee: Wings of Adventure","8480","Pinobee: Wings of Adventure","124860","600","2196","2","5","0","0","208.1","Pinobee: Wings of Adventure"
"Viking: Battle for Asgard","8481","Viking: Battle for Asgard","124860","21420","210","3","65","0","0","5.83","Viking: Battle for Asgard"
"World's Scariest Police Chases","8482","World's Scariest Police Chases","124800","1860","361","1","7","0","0","67.1","World's Scariest Police Chases"
"The Mystery of the Druids","8483","The Mystery of the Druids","124800","8280","101","1","13","0","0","15.07","The Mystery of the Druids"
"Tusks: The Orc Dating Sim","8484","Tusks: The Orc Dating Sim","124800","1380","1955","1","6","0","0","90.43","Tusks: The Orc Dating Sim"
"ZombiU","8485","ZombiU","124740","31260","120","5","122","0","0","3.99","ZombiU"
"OutRun 2006: Coast 2 Coast","8486","OutRun 2006: Coast 2 Coast","124680","18240","365","2","98","0","0","6.84","OutRun 2006: Coast 2 Coast"
"Dead Effect 2 VR","8487","Dead Effect 2 VR","124680","29460","225","2","156","0","0","4.23","Dead Effect 2 VR"
"The Unspoken","8488","The Unspoken","124680","56100","706","8","113","0","0","2.22","The Unspoken"
"DJMAX Trilogy","8489","DJMAX Trilogy","124620","37320","293","2","155","0","0","3.34","DJMAX Trilogy"
"Condemned 2: Bloodshot","8490","Condemned 2: Bloodshot","124560","17220","128","2","49","0","0","7.23","Condemned 2: Bloodshot"
"Gay World","8491","Gay World","124560","42240","155","3","148","0","0","2.95","Gay World"
"Deep Sixed","8492","Deep Sixed","124560","4680","776","1","26","0","0","26.62","Deep Sixed"
"Bomberman '93","8493","Bomberman '93","124500","3420","773","1","12","0","0","36.4","Bomberman '93"
"Todd's Adventures in Slime World","8494","Todd's Adventures in Slime World","124440","2400","820","4","9","0","0","51.85","Todd's Adventures in Slime World"
"Swarmlake","8495","Swarmlake","124440","15420","1407","3","83","0","0","8.07","Swarmlake"
"İstanbul Kıyamet Vakti","8496","İstanbul Kıyamet Vakti","124440","23040","273","3","30","0","0","5.4","İstanbul Kıyamet Vakti"
"Mario vs. Donkey Kong","8497","Mario vs. Donkey Kong","124380","36720","61","3","62","0","0","3.39","Mario vs. Donkey Kong"
"Thunder Force II","8498","Thunder Force II","124140","2040","1539","2","7","0","0","60.85","Thunder Force II"
"TIS-100","8499","TIS-100","124140","28740","545","5","127","0","0","4.32","TIS-100"
"Plantera","8500","Plantera","124140","47520","180","2","107","0","0","2.61","Plantera"