"","","Game","Watch time","Stream time","Peak viewers","Peak channels","Streamers","Average viewers","Average channels","Average viewer ratio",""
"Hidden Folks","1901","Hidden Folks","5086020","183660","4017","6","1236","9","0","27.69","Hidden Folks"
"Mario Party 10","1902","Mario Party 10","5084940","41940","12846","4","204","9","0","121.24","Mario Party 10"
"TalesWeaver","1903","TalesWeaver","5075460","101520","2216","5","164","9","0","49.99","TalesWeaver"
"Dragon Quest Builders 2","1904","Dragon Quest Builders 2","5068500","226440","5252","37","219","9","0","22.38","Dragon Quest Builders 2"
"Counter-Strike Online 2","1905","Counter-Strike Online 2","5065620","56640","10171","7","173","9","0","89.44","Counter-Strike Online 2"
"Sundered","1906","Sundered","5058960","281100","4963","13","1008","9","0","18","Sundered"
"3D Movie Maker","1907","3D Movie Maker","5051640","10020","5229","2","31","9","0","504.16","3D Movie Maker"
"LEGO Star Wars: The Complete Saga","1908","LEGO Star Wars: The Complete Saga","5046900","428400","12131","26","1746","9","0","11.78","LEGO Star Wars: The Complete Saga"
"Star Wars: Knights of the Old Republic II - The Sith Lords","1909","Star Wars: Knights of the Old Republic II - The Sith Lords","5037360","784740","4641","10","1909","9","1","6.42","Star Wars: Knights of the Old Republic II - The Sith Lords"
"NCAA Football 14","1910","NCAA Football 14","5021100","250380","2450","31","263","9","0","20.05","NCAA Football 14"
"DreadOut","1911","DreadOut","5016000","291900","5327","7","1456","9","0","17.18","DreadOut"
"Rayman 3: Hoodlum Havoc","1912","Rayman 3: Hoodlum Havoc","5012640","167340","8097","6","423","9","0","29.95","Rayman 3: Hoodlum Havoc"
"Ratz Instagib","1913","Ratz Instagib","5006580","64380","28441","9","423","9","0","77.77","Ratz Instagib"
"Stormworks: Build and Rescue","1914","Stormworks: Build and Rescue","5005500","139020","4336","6","441","9","0","36.01","Stormworks: Build and Rescue"
"Foreveracers","1915","Foreveracers","5000280","2520","38002","5","20","9","0","1984.24","Foreveracers"
"New Super Mario Bros. U","1916","New Super Mario Bros. U","4993020","196920","5934","5","545","9","0","25.36","New Super Mario Bros. U"
"Gear.Club","1917","Gear.Club","4992360","2580","23225","2","22","9","0","1935.02","Gear.Club"
"Suicide Guy: Sleepin' Deeply","1918","Suicide Guy: Sleepin' Deeply","4984500","14640","30186","8","93","9","0","340.47","Suicide Guy: Sleepin' Deeply"
"Patapon","1919","Patapon","4983900","61380","12834","3","284","9","0","81.2","Patapon"
"The Flame in the Flood","1920","The Flame in the Flood","4972200","512880","4296","41","3040","9","0","9.69","The Flame in the Flood"
"Stories Untold","1921","Stories Untold","4964100","179340","7587","12","964","9","0","27.68","Stories Untold"
"Amnesia: A Machine for Pigs","1922","Amnesia: A Machine for Pigs","4959900","607800","3884","31","3789","9","1","8.16","Amnesia: A Machine for Pigs"
"Mystery Science Theater 3000","1923","Mystery Science Theater 3000","4959540","12000","8134","1","8","9","0","413.3","Mystery Science Theater 3000"
"VA-11 HALL-A","1924","VA-11 HALL-A","4951560","521700","1953","7","1776","9","0","9.49","VA-11 HALL-A"
"Brütal Legend","1925","Brütal Legend","4944060","536820","46190","17","2297","9","1","9.21","Brütal Legend"
"Spookys Jump Scare Mansion HD Renovation","1926","Spookys Jump Scare Mansion HD Renovation","4943640","208200","14943","19","1428","9","0","23.74","Spookys Jump Scare Mansion HD Renovation"
"Special Force","1927","Special Force","4942980","144840","1464","5","375","9","0","34.13","Special Force"
"Crucible Falls: Together Forever","1928","Crucible Falls: Together Forever","4938420","7260","41132","6","42","9","0","680.22","Crucible Falls: Together Forever"
"Pro Evolution Soccer","1929","Pro Evolution Soccer","4937820","131340","13940","13","640","9","0","37.6","Pro Evolution Soccer"
"LEGO DC Super-Villains","1930","LEGO DC Super-Villains","4931640","135000","15495","16","756","9","0","36.53","LEGO DC Super-Villains"
"Dark Cloud 2","1931","Dark Cloud 2","4929000","381300","3195","7","898","9","0","12.93","Dark Cloud 2"
"The Last Door","1932","The Last Door","4928400","60780","8827","4","187","9","0","81.09","The Last Door"
"Tales of Phantasia","1933","Tales of Phantasia","4926000","152520","14414","6","170","9","0","32.3","Tales of Phantasia"
"Rock Band","1934","Rock Band","4916340","30720","31275","3","160","9","0","160.04","Rock Band"
"Secrets of Grindea","1935","Secrets of Grindea","4915620","284460","11159","6","849","9","0","17.28","Secrets of Grindea"
"Saints Row IV","1936","Saints Row IV","4910580","803340","8832","15","3765","9","1","6.11","Saints Row IV"
"GORN","1937","GORN","4910400","278760","4687","7","1903","9","0","17.62","GORN"
"Roberta Williams' Phantasmagoria","1938","Roberta Williams' Phantasmagoria","4903920","40920","12075","4","108","9","0","119.84","Roberta Williams' Phantasmagoria"
"EA Sports UFC","1939","EA Sports UFC","4898940","29940","38906","21","833","9","0","163.63","EA Sports UFC"
"The Elder Scrolls II: Daggerfall","1940","The Elder Scrolls II: Daggerfall","4897800","193380","7054","4","309","9","0","25.33","The Elder Scrolls II: Daggerfall"
"Garfield Lasagna World Tour","1941","Garfield Lasagna World Tour","4896120","3660","270381","8","25","9","0","1337.74","Garfield Lasagna World Tour"
"Ristar","1942","Ristar","4884660","38520","104006","9","116","9","0","126.81","Ristar"
"Aggelos","1943","Aggelos","4882620","36300","10340","5","91","9","0","134.51","Aggelos"
"Critical Ops","1944","Critical Ops","4878840","1086900","8904","14","4593","9","2","4.49","Critical Ops"
"Final Fantasy II","1945","Final Fantasy II","4877760","289200","1738","5","346","9","0","16.87","Final Fantasy II"
"Mad Father","1946","Mad Father","4873260","203700","6498","6","857","9","0","23.92","Mad Father"
"Stocks And Bonds","1947","Stocks And Bonds","4862460","629160","544","19","151","9","1","7.73","Stocks And Bonds"
"Magicka","1948","Magicka","4854780","302280","8959","7","1935","9","0","16.06","Magicka"
"Soulcalibur V","1949","Soulcalibur V","4851720","165840","11164","4","229","9","0","29.26","Soulcalibur V"
"The Banner Saga 3","1950","The Banner Saga 3","4836660","183000","2827","29","347","9","0","26.43","The Banner Saga 3"
"MediEvil","1951","MediEvil","4836420","150420","3936","6","485","9","0","32.15","MediEvil"
"Freshly-Picked: Tingle's Rosy Rupeeland","1952","Freshly-Picked: Tingle's Rosy Rupeeland","4834440","23580","6606","2","51","9","0","205.02","Freshly-Picked: Tingle's Rosy Rupeeland"
"Animal Jam","1953","Animal Jam","4823700","36960","48987","30","233","9","0","130.51","Animal Jam"
"Dragon Ball Legends","1954","Dragon Ball Legends","4822200","480780","1472","22","1372","9","0","10.03","Dragon Ball Legends"
"Devil May Cry 5","1955","Devil May Cry 5","4819320","59520","15483","22","685","9","0","80.97","Devil May Cry 5"
"BoxVR","1956","BoxVR","4816680","35520","3312","3","137","9","0","135.6","BoxVR"
"Xanadu Next","1957","Xanadu Next","4815780","37680","6262","3","52","9","0","127.81","Xanadu Next"
"Crusaders Quest","1958","Crusaders Quest","4810980","384000","3103","6","295","9","0","12.53","Crusaders Quest"
"Spooky's House of Jump Scares","1959","Spooky's House of Jump Scares","4801020","226140","6544","9","1676","9","0","21.23","Spooky's House of Jump Scares"
"FRAMED Collection","1960","FRAMED Collection","4798440","38220","8747","5","232","9","0","125.55","FRAMED Collection"
"The Banner Saga 2","1961","The Banner Saga 2","4798440","227760","4067","7","399","9","0","21.07","The Banner Saga 2"
"Metal Gear Solid 3: Subsistence","1962","Metal Gear Solid 3: Subsistence","4798380","123960","2331","4","285","9","0","38.71","Metal Gear Solid 3: Subsistence"
"Out of The Box","1963","Out of The Box","4793580","18240","4229","5","91","9","0","262.81","Out of The Box"
"Assassin's Creed III","1964","Assassin's Creed III","4791180","862440","1710","10","2774","9","1","5.56","Assassin's Creed III"
"Mortal Royale","1965","Mortal Royale","4782360","26940","37254","10","115","9","0","177.52","Mortal Royale"
"DanMachi: Memoria Freese","1966","DanMachi: Memoria Freese","4778100","276540","526","11","330","9","0","17.28","DanMachi: Memoria Freese"
"Max Payne 2: The Fall of Max Payne","1967","Max Payne 2: The Fall of Max Payne","4777920","243960","2858","7","908","9","0","19.58","Max Payne 2: The Fall of Max Payne"
"Gintama: Project Last Game (working title)","1968","Gintama: Project Last Game (working title)","4777020","48960","4800","19","107","9","0","97.57","Gintama: Project Last Game (working title)"
"Mega Man 8: Anniversary Edition","1969","Mega Man 8: Anniversary Edition","4771200","115140","6808","5","367","9","0","41.44","Mega Man 8: Anniversary Edition"
"High Hell","1970","High Hell","4766100","56220","118104","11","483","9","0","84.78","High Hell"
"Project Hospital","1971","Project Hospital","4754640","147060","3352","19","486","9","0","32.33","Project Hospital"
"The Vanishing of Ethan Carter","1972","The Vanishing of Ethan Carter","4747980","260580","2027","10","1178","9","0","18.22","The Vanishing of Ethan Carter"
"Capcom vs. SNK 2: Mark of the Millennium","1973","Capcom vs. SNK 2: Mark of the Millennium","4746480","70740","8988","3","221","9","0","67.1","Capcom vs. SNK 2: Mark of the Millennium"
"Castlevania Requiem: Symphony of the Night & Rondo of Blood","1974","Castlevania Requiem: Symphony of the Night & Rondo of Blood","4741380","831540","1895","168","2955","9","1","5.7","Castlevania Requiem: Symphony of the Night & Rondo of Blood"
"Contra","1975","Contra","4736880","141000","89736","10","688","9","0","33.59","Contra"
"The Order: 1886","1976","The Order: 1886","4736820","543840","3615","7","2438","9","1","8.71","The Order: 1886"
"Basketball","1977","Basketball","4722240","319200","1911","11","129","8","0","14.79","Basketball"
"Deadstep","1978","Deadstep","4718820","23940","35754","4","195","8","0","197.11","Deadstep"
"Kingdom Rush","1979","Kingdom Rush","4715640","77460","9181","3","251","8","0","60.88","Kingdom Rush"
"Lunar: The Silver Star","1980","Lunar: The Silver Star","4710000","36360","17388","4","39","8","0","129.54","Lunar: The Silver Star"
"Sid Meier's Pirates!","1981","Sid Meier's Pirates!","4706400","112320","5686","5","412","8","0","41.9","Sid Meier's Pirates!"
"Card Game","1982","Card Game","4705140","45840","5845","3","82","8","0","102.64","Card Game"
"Yume Nikki: Dream Diary","1983","Yume Nikki: Dream Diary","4700400","122940","8320","34","535","8","0","38.23","Yume Nikki: Dream Diary"
"ATOM RPG: Post-apocalyptic indie game","1984","ATOM RPG: Post-apocalyptic indie game","4697160","163440","23325","24","384","8","0","28.74","ATOM RPG: Post-apocalyptic indie game"
"Kirby's Dream Land","1985","Kirby's Dream Land","4692600","72360","107196","12","328","8","0","64.85","Kirby's Dream Land"
"Planetary Annihilation: TITANS","1986","Planetary Annihilation: TITANS","4689720","325020","7051","8","1296","8","0","14.43","Planetary Annihilation: TITANS"
"NBA","1987","NBA","4688400","98640","5156","42","336","8","0","47.53","NBA"
"St Jude PLAY LIVE","1988","St Jude PLAY LIVE","4682940","129960","7036","8","109","8","0","36.03","St Jude PLAY LIVE"
"Transistor","1989","Transistor","4679100","459420","18322","7","2240","8","0","10.18","Transistor"
"Tom Clancy's The Division 2","1990","Tom Clancy's The Division 2","4678860","41400","9944","6","104","8","0","113.02","Tom Clancy's The Division 2"
"Kabounce","1991","Kabounce","4674120","35160","26341","6","214","8","0","132.94","Kabounce"
"Life Goes On","1992","Life Goes On","4670220","96060","6326","6","475","8","0","48.62","Life Goes On"
"Feed & Grow Fish","1993","Feed & Grow Fish","4663740","69960","12174","3","309","8","0","66.66","Feed & Grow Fish"
"Tales of Escape","1994","Tales of Escape","4659060","111180","5766","6","761","8","0","41.91","Tales of Escape"
"Juan v Juan","1995","Juan v Juan","4658760","2100","25197","5","16","8","0","2218.46","Juan v Juan"
"Baldur's Gate","1996","Baldur's Gate","4641240","597600","2323","8","1107","8","1","7.77","Baldur's Gate"
"West of Loathing","1997","West of Loathing","4639320","336480","2864","7","1112","8","0","13.79","West of Loathing"
"Phoenix Wright: Ace Attorney","1998","Phoenix Wright: Ace Attorney","4629000","373200","976","6","597","8","0","12.4","Phoenix Wright: Ace Attorney"
"I Expect You to Die","1999","I Expect You to Die","4623900","134460","5857","5","931","8","0","34.39","I Expect You to Die"
"Steins;Gate","2000","Steins;Gate","4622400","360840","2266","5","685","8","0","12.81","Steins;Gate"