"","","Game","Watch time","Stream time","Peak viewers","Peak channels","Streamers","Average viewers","Average channels","Average viewer ratio",""
"Dragon Ball: Advanced Adventure","5301","Dragon Ball: Advanced Adventure","507180","26700","1572","2","97","0","0","19","Dragon Ball: Advanced Adventure"
"Star Realms","5302","Star Realms","507000","77160","695","5","155","0","0","6.57","Star Realms"
"The Granstream Saga","5303","The Granstream Saga","506700","20280","791","3","23","0","0","24.99","The Granstream Saga"
"Zero Caliber VR","5304","Zero Caliber VR","506640","60180","1925","10","480","0","0","8.42","Zero Caliber VR"
"Gal Gun","5305","Gal Gun","505800","20880","3699","3","102","0","0","24.22","Gal Gun"
"Warzone","5306","Warzone","505620","61200","59","2","66","0","0","8.26","Warzone"
"Paris-Dakar Rally Special!","5307","Paris-Dakar Rally Special!","504960","600","3139","2","6","0","0","841.6","Paris-Dakar Rally Special!"
"Cricket 07","5308","Cricket 07","504840","8880","672","2","10","0","0","56.85","Cricket 07"
"3D Dot Game Heroes","5309","3D Dot Game Heroes","504660","28680","321","2","61","0","0","17.6","3D Dot Game Heroes"
"Pokerstars VR","5310","Pokerstars VR","504420","25620","1301","13","128","0","0","19.69","Pokerstars VR"
"The Culling 2","5311","The Culling 2","504360","34080","4899","9","134","0","0","14.8","The Culling 2"
"Roundguard","5312","Roundguard","504300","300","4413","1","1","0","0","1681","Roundguard"
"Broken Sword II: The Smoking Mirror","5313","Broken Sword II: The Smoking Mirror","504060","38580","520","2","91","0","0","13.07","Broken Sword II: The Smoking Mirror"
"Still Life","5314","Still Life","503760","27600","1207","2","59","0","0","18.25","Still Life"
"Quest RPG: Brian's Journey","5315","Quest RPG: Brian's Journey","503520","9180","1734","2","19","0","0","54.85","Quest RPG: Brian's Journey"
"SaGa Frontier 2","5316","SaGa Frontier 2","503100","46860","556","3","36","0","0","10.74","SaGa Frontier 2"
"Car Mechanic Simulator 2015","5317","Car Mechanic Simulator 2015","502860","183120","200","5","1014","0","0","2.75","Car Mechanic Simulator 2015"
"Assassin's Creed: Rebellion","5318","Assassin's Creed: Rebellion","502380","12000","8097","4","83","0","0","41.87","Assassin's Creed: Rebellion"
"Dungeons","5319","Dungeons","502080","16140","1096","2","73","0","0","31.11","Dungeons"
"The Technomancer","5320","The Technomancer","501840","154380","191","6","610","0","0","3.25","The Technomancer"
"Bad Smell","5321","Bad Smell","501540","2820","2976","2","6","0","0","177.85","Bad Smell"
"Guitar Hero World Tour","5322","Guitar Hero World Tour","501540","71220","304","3","364","0","0","7.04","Guitar Hero World Tour"
"Heliophobia","5323","Heliophobia","501480","13620","2580","7","84","0","0","36.82","Heliophobia"
"Top Gear 3000","5324","Top Gear 3000","501000","31980","2402","5","36","0","0","15.67","Top Gear 3000"
"Oceanhorn: Monster of Uncharted Seas","5325","Oceanhorn: Monster of Uncharted Seas","500700","76800","327","3","256","0","0","6.52","Oceanhorn: Monster of Uncharted Seas"
"Armored Core: Nexus","5326","Armored Core: Nexus","499980","10080","2605","2","23","0","0","49.6","Armored Core: Nexus"
"Lunar 2: Eternal Blue Complete","5327","Lunar 2: Eternal Blue Complete","498240","67920","259","3","70","0","0","7.34","Lunar 2: Eternal Blue Complete"
"Driveclub","5328","Driveclub","497820","395460","249","7","1996","0","0","1.26","Driveclub"
"Power Rangers: Lightspeed Rescue","5329","Power Rangers: Lightspeed Rescue","497700","2460","1571","2","17","0","0","202.32","Power Rangers: Lightspeed Rescue"
"Metal Gear Solid V: The Definitive Experience","5330","Metal Gear Solid V: The Definitive Experience","497580","369120","222","7","976","0","0","1.35","Metal Gear Solid V: The Definitive Experience"
"Nearwood","5331","Nearwood","497520","2940","2242","1","10","0","0","169.22","Nearwood"
"Redneck Rampage","5332","Redneck Rampage","497520","21900","1986","2","55","0","0","22.72","Redneck Rampage"
"Deadpool","5333","Deadpool","497100","91140","1702","6","453","0","0","5.45","Deadpool"
"Twisted Metal: Black","5334","Twisted Metal: Black","496920","21120","7294","2","213","0","0","23.53","Twisted Metal: Black"
"Backyard Baseball 2001","5335","Backyard Baseball 2001","496800","12780","705","2","38","0","0","38.87","Backyard Baseball 2001"
"2 in 1 Game Pack: Spider-Man: Mysterio's Menace + X2: Wolverine's Revenge","5336","2 in 1 Game Pack: Spider-Man: Mysterio's Menace + X2: Wolverine's Revenge","496380","3720","1644","2","5","0","0","133.44","2 in 1 Game Pack: Spider-Man: Mysterio's Menace + X2: Wolverine's Revenge"
"Alliance: Heroes of the Spire","5337","Alliance: Heroes of the Spire","496380","30120","84","2","33","0","0","16.48","Alliance: Heroes of the Spire"
"Geo-Political Simulator","5338","Geo-Political Simulator","496320","22680","497","2","18","0","0","21.88","Geo-Political Simulator"
"Morphopolis","5339","Morphopolis","496140","4380","4582","1","31","0","0","113.27","Morphopolis"
"Medal of Honor: Allied Assault","5340","Medal of Honor: Allied Assault","495660","235980","485","4","319","0","0","2.1","Medal of Honor: Allied Assault"
"Dragon Ball Z: Idainaru Dragon Ball Densetsu","5341","Dragon Ball Z: Idainaru Dragon Ball Densetsu","495480","7200","7909","1","30","0","0","68.82","Dragon Ball Z: Idainaru Dragon Ball Densetsu"
"Under a Killing Moon","5342","Under a Killing Moon","495360","18420","489","2","32","0","0","26.89","Under a Killing Moon"
"SAW II: Flesh & Blood","5343","SAW II: Flesh & Blood","495300","6840","1778","1","22","0","0","72.41","SAW II: Flesh & Blood"
"Home Alone","5344","Home Alone","495240","8460","1773","2","58","0","0","58.54","Home Alone"
"Pac-Man 256","5345","Pac-Man 256","495180","36720","1435","3","195","0","0","13.49","Pac-Man 256"
"Academia: School Simulator","5346","Academia: School Simulator","495060","28380","825","2","149","0","0","17.44","Academia: School Simulator"
"Planetbase","5347","Planetbase","494760","251400","128","6","801","0","0","1.97","Planetbase"
"Suikoden III","5348","Suikoden III","494760","81660","49","3","52","0","0","6.06","Suikoden III"
"Heartbeat","5349","Heartbeat","494580","24480","820","5","66","0","0","20.2","Heartbeat"
"Warhammer: Age of Sigmar - Champions","5350","Warhammer: Age of Sigmar - Champions","493920","52680","348","5","58","0","0","9.38","Warhammer: Age of Sigmar - Champions"
"Digimon World 2","5351","Digimon World 2","493860","97560","120","3","98","0","0","5.06","Digimon World 2"
"Masquerada: Songs and Shadows","5352","Masquerada: Songs and Shadows","493440","19680","1587","2","37","0","0","25.07","Masquerada: Songs and Shadows"
"Romance of the Three Kingdoms IX","5353","Romance of the Three Kingdoms IX","493080","7020","198","1","10","0","0","70.24","Romance of the Three Kingdoms IX"
"Wangan Midnight Maximum Tune","5354","Wangan Midnight Maximum Tune","492780","9840","1988","2","16","0","0","50.08","Wangan Midnight Maximum Tune"
"Pool of Radiance","5355","Pool of Radiance","492300","30480","1759","3","45","0","0","16.15","Pool of Radiance"
"Back to the Future: The Game - Episode 1: It's About Time","5356","Back to the Future: The Game - Episode 1: It's About Time","492060","41880","1066","3","209","0","0","11.75","Back to the Future: The Game - Episode 1: It's About Time"
"Project Zero 2: Wii Edition","5357","Project Zero 2: Wii Edition","491580","27480","252","2","48","0","0","17.89","Project Zero 2: Wii Edition"
"Tiger Knight: Empire War","5358","Tiger Knight: Empire War","491340","33180","3473","4","121","0","0","14.81","Tiger Knight: Empire War"
"Time Crisis","5359","Time Crisis","491100","3120","2411","2","28","0","0","157.4","Time Crisis"
"The Incredibles","5360","The Incredibles","490980","30480","1821","3","130","0","0","16.11","The Incredibles"
"Mike Dies","5361","Mike Dies","490740","15960","1395","4","60","0","0","30.75","Mike Dies"
"Dreamfall: The Longest Journey","5362","Dreamfall: The Longest Journey","490320","92100","103","3","165","0","0","5.32","Dreamfall: The Longest Journey"
"NBA Live Mobile","5363","NBA Live Mobile","489840","33780","4351","3","161","0","0","14.5","NBA Live Mobile"
"DanceDanceRevolution","5364","DanceDanceRevolution","489600","41700","282","3","27","0","0","11.74","DanceDanceRevolution"
"S.T.A.L.K.E.R.: Lost Alpha","5365","S.T.A.L.K.E.R.: Lost Alpha","489480","97500","513","4","233","0","0","5.02","S.T.A.L.K.E.R.: Lost Alpha"
"Sonic Boom: Rise of Lyric","5366","Sonic Boom: Rise of Lyric","488640","16500","1069","2","49","0","0","29.61","Sonic Boom: Rise of Lyric"
"Create","5367","Create","488580","115380","481","6","340","0","0","4.23","Create"
"Barbie & Her Sisters: Puppy Rescue","5368","Barbie & Her Sisters: Puppy Rescue","488520","8400","2807","3","38","0","0","58.16","Barbie & Her Sisters: Puppy Rescue"
"Monopoly Family Fun Pack","5369","Monopoly Family Fun Pack","487920","206880","261","10","1153","0","0","2.36","Monopoly Family Fun Pack"
"Metal Gear: Ghost Babel","5370","Metal Gear: Ghost Babel","487920","22500","838","2","31","0","0","21.69","Metal Gear: Ghost Babel"
"SD Gundam G Generation Genesis","5371","SD Gundam G Generation Genesis","487500","65220","1385","3","62","0","0","7.47","SD Gundam G Generation Genesis"
"Angels Fall First","5372","Angels Fall First","487500","86700","832","17","356","0","0","5.62","Angels Fall First"
"Samurai Shodown! 2","5373","Samurai Shodown! 2","486900","1980","2750","1","18","0","0","245.91","Samurai Shodown! 2"
"Jungle King","5374","Jungle King","486840","240","4080","1","3","0","0","2028.5","Jungle King"
"Under Night In-Birth","5375","Under Night In-Birth","486000","56340","740","3","263","0","0","8.63","Under Night In-Birth"
"Advance Wars: Dual Strike","5376","Advance Wars: Dual Strike","485880","22980","1891","2","44","0","0","21.14","Advance Wars: Dual Strike"
"Magic Pengel: The Quest for Color","5377","Magic Pengel: The Quest for Color","485580","4680","1545","1","13","0","0","103.76","Magic Pengel: The Quest for Color"
"64.0","5378","64.0","485580","13020","2460","3","101","0","0","37.29","64.0"
"Zettai Zetsumei Toshi 4: Summer Memories","5379","Zettai Zetsumei Toshi 4: Summer Memories","485220","7860","1110","2","17","0","0","61.73","Zettai Zetsumei Toshi 4: Summer Memories"
"Over the Hedge","5380","Over the Hedge","485040","6480","6191","2","41","0","0","74.85","Over the Hedge"
"Commandos: Behind Enemy Lines","5381","Commandos: Behind Enemy Lines","484860","49500","570","2","139","0","0","9.8","Commandos: Behind Enemy Lines"
"Chain Strike","5382","Chain Strike","484320","73080","100","5","107","0","0","6.63","Chain Strike"
"Sega Superstars Tennis","5383","Sega Superstars Tennis","484080","1920","7951","1","15","0","0","252.13","Sega Superstars Tennis"
"Heretic","5384","Heretic","483720","74160","179","3","198","0","0","6.52","Heretic"
"Hardware Engineers","5385","Hardware Engineers","483720","9540","1196","2","41","0","0","50.7","Hardware Engineers"
"Magical Drop III","5386","Magical Drop III","483420","13260","1582","2","54","0","0","36.46","Magical Drop III"
"Disney Castle of Illusion Starring Mickey Mouse","5387","Disney Castle of Illusion Starring Mickey Mouse","483360","16440","3499","13","82","0","0","29.4","Disney Castle of Illusion Starring Mickey Mouse"
"Claybook","5388","Claybook","483180","21240","1856","3","185","0","0","22.75","Claybook"
"Fortified!","5389","Fortified!","483120","69720","2093","22","527","0","0","6.93","Fortified!"
"Cattails","5390","Cattails","482820","65700","484","3","187","0","0","7.35","Cattails"
"Shogun: Total War","5391","Shogun: Total War","482760","18960","2200","2","81","0","0","25.46","Shogun: Total War"
"Q.U.B.E. Director's Cut","5392","Q.U.B.E. Director's Cut","482220","133500","768","11","963","0","0","3.61","Q.U.B.E. Director's Cut"
"Mother Russia Bleeds","5393","Mother Russia Bleeds","482160","98160","342","4","536","0","0","4.91","Mother Russia Bleeds"
"Volatile Triangle","5394","Volatile Triangle","482100","4380","1012","1","19","0","0","110.07","Volatile Triangle"
"Flight Sim World","5395","Flight Sim World","481980","22440","6940","2","86","0","0","21.48","Flight Sim World"
"Putt-Putt Saves the Zoo","5396","Putt-Putt Saves the Zoo","481500","23520","1157","2","181","0","0","20.47","Putt-Putt Saves the Zoo"
"Chariot","5397","Chariot","480960","17040","2905","2","76","0","0","28.23","Chariot"
"Castlevania: Dracula X","5398","Castlevania: Dracula X","480840","57420","440","8","242","0","0","8.37","Castlevania: Dracula X"
"Super Black Bass","5399","Super Black Bass","480840","3960","3964","2","18","0","0","121.42","Super Black Bass"
"Threads of Fate","5400","Threads of Fate","480780","33960","1661","3","71","0","0","14.16","Threads of Fate"