"","","Game","Watch time","Stream time","Peak viewers","Peak channels","Streamers","Average viewers","Average channels","Average viewer ratio",""
"Kalimba","5601","Kalimba","434640","22140","1072","2","49","0","0","19.63","Kalimba"
"Amnesia: Collection","5602","Amnesia: Collection","434640","137340","321","7","4823","0","0","3.16","Amnesia: Collection"
"Touhou Luna Nights","5603","Touhou Luna Nights","434160","37260","2363","5","220","0","0","11.65","Touhou Luna Nights"
"Wii Sports Club","5604","Wii Sports Club","434100","8160","2052","2","34","0","0","53.2","Wii Sports Club"
"Boogerman: A Pick and Flick Adventure","5605","Boogerman: A Pick and Flick Adventure","433980","18720","4081","2","65","0","0","23.18","Boogerman: A Pick and Flick Adventure"
"Majesty 2: The Fantasy Kingdom Sim","5606","Majesty 2: The Fantasy Kingdom Sim","433560","30540","483","3","91","0","0","14.2","Majesty 2: The Fantasy Kingdom Sim"
"Plug & Play","5607","Plug & Play","433560","7020","4082","2","88","0","0","61.76","Plug & Play"
"Wilson's Heart","5608","Wilson's Heart","433140","30480","392","2","108","0","0","14.21","Wilson's Heart"
"Akiba's Beat","5609","Akiba's Beat","432960","108540","108","4","203","0","0","3.99","Akiba's Beat"
"Can't Drive This","5610","Can't Drive This","432840","5100","2403","2","45","0","0","84.87","Can't Drive This"
"Rune","5611","Rune","432420","64140","1153","3","301","0","0","6.74","Rune"
"City of Abandoned Ships","5612","City of Abandoned Ships","432300","1020","743","1","3","0","0","423.82","City of Abandoned Ships"
"Ashes Cricket","5613","Ashes Cricket","431340","252720","111","5","373","0","0","1.71","Ashes Cricket"
"Growlanser","5614","Growlanser","431280","4020","350","1","3","0","0","107.28","Growlanser"
"Shin Megami Tensei: Devil Summoner - Raidou Kuzunoha vs. the Soulless Army","5615","Shin Megami Tensei: Devil Summoner - Raidou Kuzunoha vs. the Soulless Army","431220","46980","270","3","82","0","0","9.18","Shin Megami Tensei: Devil Summoner - Raidou Kuzunoha vs. the Soulless Army"
"Battle Crust","5616","Battle Crust","431040","420","3876","1","3","0","0","1026.29","Battle Crust"
"Egypt Old Kingdom","5617","Egypt Old Kingdom","430800","11220","926","3","50","0","0","38.4","Egypt Old Kingdom"
"King's Quest III: To Heir is Human","5618","King's Quest III: To Heir is Human","430560","21600","299","2","40","0","0","19.93","King's Quest III: To Heir is Human"
"Sin & Punishment","5619","Sin & Punishment","430440","5760","1312","2","31","0","0","74.73","Sin & Punishment"
"Sword Art Online: Lost Song","5620","Sword Art Online: Lost Song","430260","229140","150","6","831","0","0","1.88","Sword Art Online: Lost Song"
"Serious Sam II","5621","Serious Sam II","429420","145200","283","6","635","0","0","2.96","Serious Sam II"
"Gardenscapes","5622","Gardenscapes","429420","7140","5253","1","34","0","0","60.14","Gardenscapes"
"Enforcer: Police Crime Action","5623","Enforcer: Police Crime Action","429060","6960","2753","2","44","0","0","61.65","Enforcer: Police Crime Action"
"Lunar Pool","5624","Lunar Pool","429060","2400","1003","1","9","0","0","178.78","Lunar Pool"
"Leap of Fate","5625","Leap of Fate","428940","8100","664","2","36","0","0","52.96","Leap of Fate"
"Stuff and Nonsense","5626","Stuff and Nonsense","428520","255600","249","5","318","0","0","1.68","Stuff and Nonsense"
"Pandora Saga: Weapons of Balance","5627","Pandora Saga: Weapons of Balance","428280","26640","335","4","20","0","0","16.08","Pandora Saga: Weapons of Balance"
"Stick Fighter II","5628","Stick Fighter II","428280","3120","2328","2","29","0","0","137.27","Stick Fighter II"
"Hexen","5629","Hexen","428040","55140","336","2","144","0","0","7.76","Hexen"
"C.A.T.S.: Crash Arena Turbo Star","5630","C.A.T.S.: Crash Arena Turbo Star","427980","13440","2724","2","47","0","0","31.84","C.A.T.S.: Crash Arena Turbo Star"
"Vikings: Wolves of Midgard","5631","Vikings: Wolves of Midgard","427680","179040","175","5","632","0","0","2.39","Vikings: Wolves of Midgard"
"Gex: Enter the Gecko","5632","Gex: Enter the Gecko","427440","62880","288","4","151","0","0","6.8","Gex: Enter the Gecko"
"Super Adventure Island II","5633","Super Adventure Island II","427320","9360","2094","2","26","0","0","45.65","Super Adventure Island II"
"Sweet Home","5634","Sweet Home","426600","29460","801","4","89","0","0","14.48","Sweet Home"
"Trespasser: Jurassic Park","5635","Trespasser: Jurassic Park","426600","18120","651","2","54","0","0","23.54","Trespasser: Jurassic Park"
"WipEout 2048","5636","WipEout 2048","426600","720","7099","1","9","0","0","592.5","WipEout 2048"
"Mario is Missing!","5637","Mario is Missing!","426060","9840","2356","5","48","0","0","43.3","Mario is Missing!"
"Hamtaro: Ham-Hams Unite!","5638","Hamtaro: Ham-Hams Unite!","426000","18480","6169","2","52","0","0","23.05","Hamtaro: Ham-Hams Unite!"
"Scene It? Box Office Smash","5639","Scene It? Box Office Smash","426000","720","1479","1","3","0","0","591.67","Scene It? Box Office Smash"
"Quarterback Attack","5640","Quarterback Attack","425940","5400","2126","1","6","0","0","78.88","Quarterback Attack"
"Distraint 2","5641","Distraint 2","425820","2520","848","1","12","0","0","168.98","Distraint 2"
"Cory in the House","5642","Cory in the House","425340","10320","1723","2","44","0","0","41.22","Cory in the House"
"Amnesia: Memories","5643","Amnesia: Memories","425220","74460","98","3","211","0","0","5.71","Amnesia: Memories"
"Inspector Gadget Mad Robots Invasion","5644","Inspector Gadget Mad Robots Invasion","425040","600","3585","2","5","0","0","708.4","Inspector Gadget Mad Robots Invasion"
"Pajama Sam 2: Thunder and Lightning Aren't so Frightening","5645","Pajama Sam 2: Thunder and Lightning Aren't so Frightening","424980","19380","2067","2","115","0","0","21.93","Pajama Sam 2: Thunder and Lightning Aren't so Frightening"
"Marble Madness","5646","Marble Madness","424680","20460","805","2","66","0","0","20.76","Marble Madness"
"Mega Man: The Wily Wars","5647","Mega Man: The Wily Wars","424380","31440","587","4","67","0","0","13.5","Mega Man: The Wily Wars"
"Star Wars: Rogue Squadron II: Rogue Leader","5648","Star Wars: Rogue Squadron II: Rogue Leader","423720","10980","1748","3","68","0","0","38.59","Star Wars: Rogue Squadron II: Rogue Leader"
"Dungeon Warfare","5649","Dungeon Warfare","423720","34800","862","2","87","0","0","12.18","Dungeon Warfare"
"Painkiller Hell & Damnation","5650","Painkiller Hell & Damnation","423360","50280","1097","3","255","0","0","8.42","Painkiller Hell & Damnation"
"Four Last Things","5651","Four Last Things","422940","4500","1736","1","26","0","0","93.99","Four Last Things"
"Emily is Away","5652","Emily is Away","422700","58620","754","3","498","0","0","7.21","Emily is Away"
"Spartan Fist","5653","Spartan Fist","422400","6840","2187","2","47","0","0","61.75","Spartan Fist"
"Super Baseball Simulator 1.000","5654","Super Baseball Simulator 1.000","422340","1560","935","1","8","0","0","270.73","Super Baseball Simulator 1.000"
"Halo: Combat Evolved Anniversary","5655","Halo: Combat Evolved Anniversary","422220","93120","535","3","382","0","0","4.53","Halo: Combat Evolved Anniversary"
"The Watchmaker","5656","The Watchmaker","422220","8400","3087","3","48","0","0","50.26","The Watchmaker"
"Hexcells Infinite","5657","Hexcells Infinite","421200","20160","361","2","83","0","0","20.89","Hexcells Infinite"
"Old School","5658","Old School","420720","46320","3125","3","120","0","0","9.08","Old School"
"Tension","5659","Tension","420300","2340","1713","2","7","0","0","179.62","Tension"
"Radiata Stories","5660","Radiata Stories","420180","56220","60","3","69","0","0","7.47","Radiata Stories"
"The Long Journey Home","5661","The Long Journey Home","419400","57360","252","3","186","0","0","7.31","The Long Journey Home"
"Mario Tennis: Power Tour","5662","Mario Tennis: Power Tour","418800","24180","3568","3","65","0","0","17.32","Mario Tennis: Power Tour"
"DreadOut: Keepers of The Dark","5663","DreadOut: Keepers of The Dark","418620","62400","265","2","252","0","0","6.71","DreadOut: Keepers of The Dark"
"Starship Corporation","5664","Starship Corporation","418440","9420","397","3","36","0","0","44.42","Starship Corporation"
"Fox n Forests","5665","Fox n Forests","418140","37620","603","10","157","0","0","11.11","Fox n Forests"
"Zelda's Adventure","5666","Zelda's Adventure","418020","10260","1866","2","25","0","0","40.74","Zelda's Adventure"
"Grand Fantasia","5667","Grand Fantasia","417480","124020","64","3","293","0","0","3.37","Grand Fantasia"
"Nancy Drew: Ghost Dogs of Moon Lake","5668","Nancy Drew: Ghost Dogs of Moon Lake","417300","15600","657","2","50","0","0","26.75","Nancy Drew: Ghost Dogs of Moon Lake"
"Hidden Object: A Happy Thanksgiving","5669","Hidden Object: A Happy Thanksgiving","417060","1020","3777","1","3","0","0","408.88","Hidden Object: A Happy Thanksgiving"
"Glittermitten Grove","5670","Glittermitten Grove","417000","11760","3546","2","42","0","0","35.46","Glittermitten Grove"
"Yume 2kki","5671","Yume 2kki","416880","23520","1171","2","51","0","0","17.72","Yume 2kki"
"VR Dungeon Knight","5672","VR Dungeon Knight","416280","39660","2197","3","201","0","0","10.5","VR Dungeon Knight"
"World to the West","5673","World to the West","416220","36660","690","3","128","0","0","11.35","World to the West"
"The Purring Quest","5674","The Purring Quest","415620","14220","1540","2","88","0","0","29.23","The Purring Quest"
"Yu-Gi-Oh! 5D's Tag Force 5","5675","Yu-Gi-Oh! 5D's Tag Force 5","415560","9240","409","3","34","0","0","44.97","Yu-Gi-Oh! 5D's Tag Force 5"
"Azure Saga: Pathfinder","5676","Azure Saga: Pathfinder","415200","9720","738","2","14","0","0","42.72","Azure Saga: Pathfinder"
"The Impossible Game","5677","The Impossible Game","415080","26280","3866","2","199","0","0","15.79","The Impossible Game"
"Mugen Souls","5678","Mugen Souls","414480","12960","2993","2","35","0","0","31.98","Mugen Souls"
"Train Station Simulator","5679","Train Station Simulator","414060","10200","1018","2","60","0","0","40.59","Train Station Simulator"
"Wulverblade","5680","Wulverblade","414060","17160","1135","4","103","0","0","24.13","Wulverblade"
"My Hero Academia: Smash Tap","5681","My Hero Academia: Smash Tap","414000","29100","369","3","93","0","0","14.23","My Hero Academia: Smash Tap"
"Last Man Standing","5682","Last Man Standing","413640","141600","794","6","1003","0","0","2.92","Last Man Standing"
"How to Survive","5683","How to Survive","413580","155280","94","7","638","0","0","2.66","How to Survive"
"Montaro","5684","Montaro","413100","54480","340","3","448","0","0","7.58","Montaro"
"SkyGunner","5685","SkyGunner","412920","2280","6592","1","14","0","0","181.11","SkyGunner"
"Napoleon: Total War","5686","Napoleon: Total War","412740","160260","521","4","519","0","0","2.58","Napoleon: Total War"
"Dragon Ball Z","5687","Dragon Ball Z","412320","62340","1222","3","214","0","0","6.61","Dragon Ball Z"
"The Flood","5688","The Flood","412320","4260","3071","2","44","0","0","96.79","The Flood"
"Hounds: The Last Hope","5689","Hounds: The Last Hope","412080","20100","3611","2","61","0","0","20.5","Hounds: The Last Hope"
"Pro Cycling Manager 2017","5690","Pro Cycling Manager 2017","411960","59760","631","5","103","0","0","6.89","Pro Cycling Manager 2017"
"Anarchy Arcade","5691","Anarchy Arcade","411600","125400","83","3","22","0","0","3.28","Anarchy Arcade"
"Ground Zero: Texas","5692","Ground Zero: Texas","411480","480","6822","1","3","0","0","857.25","Ground Zero: Texas"
"Bleed","5693","Bleed","411120","33720","2638","3","157","0","0","12.19","Bleed"
"Spyro: A Hero's Tail","5694","Spyro: A Hero's Tail","411060","64860","126","3","154","0","0","6.34","Spyro: A Hero's Tail"
"Tales of Xillia 2","5695","Tales of Xillia 2","410760","99360","36","3","70","0","0","4.13","Tales of Xillia 2"
"Long Live Santa!","5696","Long Live Santa!","410400","41880","835","4","401","0","0","9.8","Long Live Santa!"
"Rocketbirds 2: Evolution","5697","Rocketbirds 2: Evolution","410340","88440","1331","11","550","0","0","4.64","Rocketbirds 2: Evolution"
"Pokémon Duel","5698","Pokémon Duel","409920","57060","1000","2","143","0","0","7.18","Pokémon Duel"
"Blood Will Tell: Tezuka Osamu's Dororo","5699","Blood Will Tell: Tezuka Osamu's Dororo","409740","9540","412","1","20","0","0","42.95","Blood Will Tell: Tezuka Osamu's Dororo"
"Raymond's Obstacle Course","5700","Raymond's Obstacle Course","409440","360","10500","2","4","0","0","1137.33","Raymond's Obstacle Course"