"","","Game","Watch time","Stream time","Peak viewers","Peak channels","Streamers","Average viewers","Average channels","Average viewer ratio",""
"Dark Sword","12801","Dark Sword","28260","31800","4","2","4","0","0","0.89","Dark Sword"
"Mysteryville","12802","Mysteryville","28260","1020","257","1","3","0","0","27.71","Mysteryville"
"Atari Flashback Classics vol. 2","12803","Atari Flashback Classics vol. 2","28260","3660","277","1","46","0","0","7.72","Atari Flashback Classics vol. 2"
"Daydreamin' Davey","12804","Daydreamin' Davey","28260","300","221","1","2","0","0","94.2","Daydreamin' Davey"
"The Operational Art of War IV","12805","The Operational Art of War IV","28260","1740","83","1","7","0","0","16.24","The Operational Art of War IV"
"Bishoujo Senshi Sailor Moon S: Jougai Ranto!? Shuyaku Soudatsusen","12806","Bishoujo Senshi Sailor Moon S: Jougai Ranto!? Shuyaku Soudatsusen","28200","3120","269","1","15","0","0","9.04","Bishoujo Senshi Sailor Moon S: Jougai Ranto!? Shuyaku Soudatsusen"
"101 Ways to Die","12807","101 Ways to Die","28200","8400","78","2","41","0","0","3.36","101 Ways to Die"
"Returner 77","12808","Returner 77","28200","4440","33","1","18","0","0","6.35","Returner 77"
"Steven Seagal Is: The Final Option","12809","Steven Seagal Is: The Final Option","28200","1920","229","1","5","0","0","14.69","Steven Seagal Is: The Final Option"
"Dragon Ball Heroes","12810","Dragon Ball Heroes","28200","3300","521","1","16","0","0","8.55","Dragon Ball Heroes"
"Super Monkey Ball Adventure","12811","Super Monkey Ball Adventure","28200","7140","31","1","28","0","0","3.95","Super Monkey Ball Adventure"
"Tester Phase One","12812","Tester Phase One","28200","25380","9","2","175","0","0","1.11","Tester Phase One"
"1942","12813","1942","28200","3840","127","2","22","0","0","7.34","1942"
"Natural Doctrine","12814","Natural Doctrine","28200","19800","11","2","36","0","0","1.42","Natural Doctrine"
"Super Monday Night Combat","12815","Super Monday Night Combat","28140","7260","78","3","27","0","0","3.88","Super Monday Night Combat"
"PAIN","12816","PAIN","28140","5040","345","1","19","0","0","5.58","PAIN"
"Contact","12817","Contact","28140","3360","109","3","17","0","0","8.38","Contact"
"Positron","12818","Positron","28140","1320","151","1","6","0","0","21.32","Positron"
"Found Horror Game 11.exe","12819","Found Horror Game 11.exe","28140","2400","64","1","11","0","0","11.73","Found Horror Game 11.exe"
"Juanito: Arcade Mayhem","12820","Juanito: Arcade Mayhem","28080","5280","120","1","29","0","0","5.32","Juanito: Arcade Mayhem"
"Simulcra","12821","Simulcra","28080","4800","42","2","22","0","0","5.85","Simulcra"
"Aliens","12822","Aliens","28080","6060","44","2","27","0","0","4.63","Aliens"
"Bakugan Battle Brawlers","12823","Bakugan Battle Brawlers","28080","12600","77","2","58","0","0","2.23","Bakugan Battle Brawlers"
"Rainbow Moon","12824","Rainbow Moon","28080","31140","13","2","65","0","0","0.9","Rainbow Moon"
"Rhythm Thief & the Paris Caper","12825","Rhythm Thief & the Paris Caper","28080","240","314","1","1","0","0","117","Rhythm Thief & the Paris Caper"
"Imperium AO","12826","Imperium AO","28080","12540","12","2","44","0","0","2.24","Imperium AO"
"Putt-Putt Joins the Circus","12827","Putt-Putt Joins the Circus","28020","3420","95","1","28","0","0","8.19","Putt-Putt Joins the Circus"
"SpongeBob SquarePants: Operation Krabby Patty","12828","SpongeBob SquarePants: Operation Krabby Patty","28020","540","346","1","7","0","0","51.89","SpongeBob SquarePants: Operation Krabby Patty"
"Putty Squad","12829","Putty Squad","28020","1140","272","1","10","0","0","24.58","Putty Squad"
"Bongo's Bash","12830","Bongo's Bash","28020","5460","210","2","6","0","0","5.13","Bongo's Bash"
"The Last Federation","12831","The Last Federation","28020","2640","143","1","13","0","0","10.61","The Last Federation"
"Painkiller: Overdose","12832","Painkiller: Overdose","28020","14400","74","2","45","0","0","1.95","Painkiller: Overdose"
"Spore Creature Creator","12833","Spore Creature Creator","28020","3060","113","2","20","0","0","9.16","Spore Creature Creator"
"Gormiti: The Lords Of Nature!","12834","Gormiti: The Lords Of Nature!","28020","360","131","1","3","0","0","77.83","Gormiti: The Lords Of Nature!"
"Golgo-13","12835","Golgo-13","28020","240","451","1","2","0","0","116.75","Golgo-13"
"Star Valor","12836","Star Valor","28020","5400","62","1","16","0","0","5.19","Star Valor"
"Atlantic Fleet","12837","Atlantic Fleet","27960","10200","86","1","22","0","0","2.74","Atlantic Fleet"
"Donald Duck's Playground","12838","Donald Duck's Playground","27960","2520","36","1","11","0","0","11.1","Donald Duck's Playground"
"Tekken: Dark Resurrection","12839","Tekken: Dark Resurrection","27960","7260","52","1","48","0","0","3.85","Tekken: Dark Resurrection"
"Lost Planet: Extreme Condition - Colonies Edition","12840","Lost Planet: Extreme Condition - Colonies Edition","27960","12240","17","2","47","0","0","2.28","Lost Planet: Extreme Condition - Colonies Edition"
"Romance of the Three Kingdoms","12841","Romance of the Three Kingdoms","27960","31080","13","2","21","0","0","0.9","Romance of the Three Kingdoms"
"Tagin' Dragon","12842","Tagin' Dragon","27960","540","235","3","2","0","0","51.78","Tagin' Dragon"
"Shadow Man: 2econd Coming","12843","Shadow Man: 2econd Coming","27900","2760","45","1","8","0","0","10.11","Shadow Man: 2econd Coming"
"Mega Man: The Power Battle","12844","Mega Man: The Power Battle","27900","2700","403","1","17","0","0","10.33","Mega Man: The Power Battle"
"Special Force 2: Tale of the Truthful Pledge","12845","Special Force 2: Tale of the Truthful Pledge","27900","25440","22","2","58","0","0","1.1","Special Force 2: Tale of the Truthful Pledge"
"Ganbare Goemon: Shin Sedai Shuumei","12846","Ganbare Goemon: Shin Sedai Shuumei","27900","720","56","1","1","0","0","38.75","Ganbare Goemon: Shin Sedai Shuumei"
"House of Caravan","12847","House of Caravan","27900","6480","44","2","37","0","0","4.31","House of Caravan"
"Parker & Lane: Criminal Justice","12848","Parker & Lane: Criminal Justice","27900","1500","81","1","4","0","0","18.6","Parker & Lane: Criminal Justice"
"Brilliant Bob","12849","Brilliant Bob","27840","8580","50","3","41","0","0","3.24","Brilliant Bob"
"Halfway","12850","Halfway","27840","5160","31","1","15","0","0","5.4","Halfway"
"Solar 2","12851","Solar 2","27840","10740","81","1","65","0","0","2.59","Solar 2"
"Music Quiz","12852","Music Quiz","27840","3240","58","1","19","0","0","8.59","Music Quiz"
"Wizardry: Proving Grounds of the Mad Overlord","12853","Wizardry: Proving Grounds of the Mad Overlord","27840","10080","15","1","20","0","0","2.76","Wizardry: Proving Grounds of the Mad Overlord"
"Real Racing 3","12854","Real Racing 3","27840","71400","36","4","408","0","0","0.39","Real Racing 3"
"Birthday Party Bash","12855","Birthday Party Bash","27840","1680","124","1","9","0","0","16.57","Birthday Party Bash"
"Bobobo-bo Bo-bobo: Ougi 87.5 Bakuretsu Hanage Shinken","12856","Bobobo-bo Bo-bobo: Ougi 87.5 Bakuretsu Hanage Shinken","27840","10500","10","1","4","0","0","2.65","Bobobo-bo Bo-bobo: Ougi 87.5 Bakuretsu Hanage Shinken"
"Sonic Blast Man II","12857","Sonic Blast Man II","27840","2220","145","1","16","0","0","12.54","Sonic Blast Man II"
"How to Cope with Boredom & Loneliness","12858","How to Cope with Boredom & Loneliness","27840","1320","196","1","15","0","0","21.09","How to Cope with Boredom & Loneliness"
"Shiver: Vanishing Hitchhiker","12859","Shiver: Vanishing Hitchhiker","27780","1800","135","1","11","0","0","15.43","Shiver: Vanishing Hitchhiker"
"Family Game Night Fun Pack","12860","Family Game Night Fun Pack","27780","1320","424","1","4","0","0","21.05","Family Game Night Fun Pack"
"The Fish Fillets II","12861","The Fish Fillets II","27780","1320","191","1","7","0","0","21.05","The Fish Fillets II"
"Dora the Explorer: Search for the Pirate Pig's Treasure","12862","Dora the Explorer: Search for the Pirate Pig's Treasure","27780","2100","235","1","7","0","0","13.23","Dora the Explorer: Search for the Pirate Pig's Treasure"
"Spirou","12863","Spirou","27780","660","265","1","4","0","0","42.09","Spirou"
"Mr. Robot and His Robot Factory","12864","Mr. Robot and His Robot Factory","27780","85980","14","2","5","0","0","0.32","Mr. Robot and His Robot Factory"
"Rising Dusk","12865","Rising Dusk","27780","2760","104","1","10","0","0","10.07","Rising Dusk"
"Candy Crush Soda Saga","12866","Candy Crush Soda Saga","27720","19740","21","2","142","0","0","1.4","Candy Crush Soda Saga"
"Gladius","12867","Gladius","27720","12840","13","1","44","0","0","2.16","Gladius"
"Kirby's Block Ball","12868","Kirby's Block Ball","27720","2580","55","3","16","0","0","10.74","Kirby's Block Ball"
"Rats: Time Is Running Out!","12869","Rats: Time Is Running Out!","27720","1620","190","1","6","0","0","17.11","Rats: Time Is Running Out!"
"New York City","12870","New York City","27720","10920","28","1","7","0","0","2.54","New York City"
"Faery: Legends of Avalon","12871","Faery: Legends of Avalon","27660","7080","33","1","24","0","0","3.91","Faery: Legends of Avalon"
"Sword of the Stars","12872","Sword of the Stars","27660","11040","18","2","20","0","0","2.51","Sword of the Stars"
"The Da Vinci Code","12873","The Da Vinci Code","27660","2580","144","1","9","0","0","10.72","The Da Vinci Code"
"Killer Instinct 2","12874","Killer Instinct 2","27660","14880","115","2","86","0","0","1.86","Killer Instinct 2"
"Jikkyou Powerful Pro Yakyuu 9","12875","Jikkyou Powerful Pro Yakyuu 9","27660","1680","83","1","2","0","0","16.46","Jikkyou Powerful Pro Yakyuu 9"
"Shark! Hunting the Great White","12876","Shark! Hunting the Great White","27660","180","233","1","2","0","0","153.67","Shark! Hunting the Great White"
"TO4: Tactical Operations","12877","TO4: Tactical Operations","27660","1440","88","2","5","0","0","19.21","TO4: Tactical Operations"
"Crystals and Curses","12878","Crystals and Curses","27660","2940","62","2","12","0","0","9.41","Crystals and Curses"
"Blasphemous","12879","Blasphemous","27660","2520","83","2","19","0","0","10.98","Blasphemous"
"Boggle Plus","12880","Boggle Plus","27600","180","455","1","3","0","0","153.33","Boggle Plus"
"Midnight at the Red Light : An Investigation","12881","Midnight at the Red Light : An Investigation","27600","1440","207","1","6","0","0","19.17","Midnight at the Red Light : An Investigation"
"Point Blank: Strike","12882","Point Blank: Strike","27600","10020","133","2","37","0","0","2.75","Point Blank: Strike"
"Mixed-Up Fairy Tales","12883","Mixed-Up Fairy Tales","27600","1080","129","1","3","0","0","25.56","Mixed-Up Fairy Tales"
"Higurashi no Naku Koro ni: Himatsubushi-hen","12884","Higurashi no Naku Koro ni: Himatsubushi-hen","27600","9120","34","2","13","0","0","3.03","Higurashi no Naku Koro ni: Himatsubushi-hen"
"Pac-Man World Rally","12885","Pac-Man World Rally","27600","8400","38","2","36","0","0","3.29","Pac-Man World Rally"
"Overcast - Walden and the Werewolf","12886","Overcast - Walden and the Werewolf","27600","8040","169","2","42","0","0","3.43","Overcast - Walden and the Werewolf"
"Looney Tunes B-Ball","12887","Looney Tunes B-Ball","27600","1020","254","1","9","0","0","27.06","Looney Tunes B-Ball"
"Ashen Empires","12888","Ashen Empires","27600","8040","37","2","15","0","0","3.43","Ashen Empires"
"DJ Boy","12889","DJ Boy","27540","2100","205","4","16","0","0","13.11","DJ Boy"
"Splatter","12890","Splatter","27540","4440","227","2","24","0","0","6.2","Splatter"
"LifeSigns:  Surgical Unit","12891","LifeSigns:  Surgical Unit","27540","1560","56","1","2","0","0","17.65","LifeSigns:  Surgical Unit"
"Highschool Romance","12892","Highschool Romance","27540","2700","120","1","18","0","0","10.2","Highschool Romance"
"Onirism","12893","Onirism","27540","3600","127","1","18","0","0","7.65","Onirism"
"Goblin Gearshop","12894","Goblin Gearshop","27480","6060","285","2","49","0","0","4.53","Goblin Gearshop"
"Nancy Drew Dossier: Lights, Camera, Curses!","12895","Nancy Drew Dossier: Lights, Camera, Curses!","27480","2700","78","1","11","0","0","10.18","Nancy Drew Dossier: Lights, Camera, Curses!"
"Hunger Dungeon","12896","Hunger Dungeon","27480","6360","122","2","61","0","0","4.32","Hunger Dungeon"
"Black & White Bushido","12897","Black & White Bushido","27480","2100","328","2","24","0","0","13.09","Black & White Bushido"
"Pokémon Shuffle","12898","Pokémon Shuffle","27480","6900","97","2","41","0","0","3.98","Pokémon Shuffle"
"Mario Pinball Land","12899","Mario Pinball Land","27480","6900","26","1","27","0","0","3.98","Mario Pinball Land"
"Trials of Ascension","12900","Trials of Ascension","27480","11100","63","8","17","0","0","2.48","Trials of Ascension"