"","","Game","Watch time","Stream time","Peak viewers","Peak channels","Streamers","Average viewers","Average channels","Average viewer ratio",""
"Metal as Phuk","8701","Metal as Phuk","114720","9900","221","2","32","0","0","11.59","Metal as Phuk"
"R.U.S.E.","8702","R.U.S.E.","114660","64080","112","3","257","0","0","1.79","R.U.S.E."
"Africa Trail","8703","Africa Trail","114540","5520","44","1","2","0","0","20.75","Africa Trail"
"Garfield: Saving Arlene","8704","Garfield: Saving Arlene","114480","900","357","1","4","0","0","127.2","Garfield: Saving Arlene"
"Hoshi wo Miru Hito","8705","Hoshi wo Miru Hito","114480","2940","1502","2","4","0","0","38.94","Hoshi wo Miru Hito"
"Downward Spiral: Horus Station","8706","Downward Spiral: Horus Station","114420","10140","245","5","66","0","0","11.28","Downward Spiral: Horus Station"
"Shark Attack Deathmatch 2","8707","Shark Attack Deathmatch 2","114420","13440","377","3","109","0","0","8.51","Shark Attack Deathmatch 2"
"Fantasy Life Online","8708","Fantasy Life Online","114420","20460","51","3","13","0","0","5.59","Fantasy Life Online"
"Icewind Dale","8709","Icewind Dale","114360","30120","197","2","27","0","0","3.8","Icewind Dale"
"Dreaming Sarah","8710","Dreaming Sarah","114300","18480","165","2","125","0","0","6.19","Dreaming Sarah"
"Galaxy of Pen & Paper","8711","Galaxy of Pen & Paper","114300","21960","43","2","82","0","0","5.2","Galaxy of Pen & Paper"
"Mario Party Advance","8712","Mario Party Advance","114240","17340","270","3","39","0","0","6.59","Mario Party Advance"
"SiN: Wages of Sin","8713","SiN: Wages of Sin","114240","1140","151","1","3","0","0","100.21","SiN: Wages of Sin"
"Last Battle","8714","Last Battle","114240","3120","1163","1","10","0","0","36.62","Last Battle"
"Nancy Drew: Secret of the Old Clock","8715","Nancy Drew: Secret of the Old Clock","114180","10920","129","2","28","0","0","10.46","Nancy Drew: Secret of the Old Clock"
"Supreme","8716","Supreme","114180","1200","535","1","5","0","0","95.15","Supreme"
"Spyro 2: Season of Flame","8717","Spyro 2: Season of Flame","114120","7440","115","1","18","0","0","15.34","Spyro 2: Season of Flame"
"King's Field II","8718","King's Field II","114120","23580","46","2","28","0","0","4.84","King's Field II"
"Double Dragon IV","8719","Double Dragon IV","113940","7080","699","1","48","0","0","16.09","Double Dragon IV"
"Stone Protectors","8720","Stone Protectors","113940","540","1944","1","6","0","0","211","Stone Protectors"
"Biomutant","8721","Biomutant","113880","600","1912","1","6","0","0","189.8","Biomutant"
"Harvest Moon: Friends of Mineral Town","8722","Harvest Moon: Friends of Mineral Town","113820","34500","46","3","101","0","0","3.3","Harvest Moon: Friends of Mineral Town"
"Them & Us","8723","Them & Us","113700","1560","851","2","15","0","0","72.88","Them & Us"
"Contra ReBirth","8724","Contra ReBirth","113640","5160","318","2","35","0","0","22.02","Contra ReBirth"
"KEYBOARDMANIA 3rdMIX","8725","KEYBOARDMANIA 3rdMIX","113640","4800","62","1","1","0","0","23.68","KEYBOARDMANIA 3rdMIX"
"Flamebreak","8726","Flamebreak","113580","8280","176","1","36","0","0","13.72","Flamebreak"
"Starship Hector","8727","Starship Hector","113580","300","598","1","3","0","0","378.6","Starship Hector"
"MegaTagmension Blanc + Neptune VS Zombies","8728","MegaTagmension Blanc + Neptune VS Zombies","113580","38460","79","2","125","0","0","2.95","MegaTagmension Blanc + Neptune VS Zombies"
"Pajama Sam 3: You Are What You Eat From Your Head To Your Feet","8729","Pajama Sam 3: You Are What You Eat From Your Head To Your Feet","113520","15840","107","2","111","0","0","7.17","Pajama Sam 3: You Are What You Eat From Your Head To Your Feet"
"Crossword","8730","Crossword","113520","12660","134","2","29","0","0","8.97","Crossword"
"London Seirei Tantei-Dan","8731","London Seirei Tantei-Dan","113520","4080","182","1","3","0","0","27.82","London Seirei Tantei-Dan"
"Shin Megami Tensei: Strange Journey","8732","Shin Megami Tensei: Strange Journey","113460","21660","42","2","32","0","0","5.24","Shin Megami Tensei: Strange Journey"
"DuckTales 2","8733","DuckTales 2","113400","11640","425","2","57","0","0","9.74","DuckTales 2"
"Xianjian Qixia Zhuan 4","8734","Xianjian Qixia Zhuan 4","113400","14340","175","2","8","0","0","7.91","Xianjian Qixia Zhuan 4"
"Grey Goo","8735","Grey Goo","113400","37260","52","7","123","0","0","3.04","Grey Goo"
"No One Can Stop Mr. Domino","8736","No One Can Stop Mr. Domino","113340","4860","385","1","26","0","0","23.32","No One Can Stop Mr. Domino"
"Sudeki","8737","Sudeki","113340","44160","96","2","88","0","0","2.57","Sudeki"
"Star Wars: Super Bombad Racing","8738","Star Wars: Super Bombad Racing","113340","1500","920","1","8","0","0","75.56","Star Wars: Super Bombad Racing"
"Coffin of Ashes","8739","Coffin of Ashes","113280","7800","369","1","27","0","0","14.52","Coffin of Ashes"
"ClickRaid","8740","ClickRaid","113220","28620","105","3","37","0","0","3.96","ClickRaid"
"doodly.io","8741","doodly.io","113160","7740","476","3","33","0","0","14.62","doodly.io"
"Medal of Honor: Allied Assault - Spearhead","8742","Medal of Honor: Allied Assault - Spearhead","113100","15660","346","2","41","0","0","7.22","Medal of Honor: Allied Assault - Spearhead"
"Leo's Fortune","8743","Leo's Fortune","113100","18060","105","2","63","0","0","6.26","Leo's Fortune"
"Wrack","8744","Wrack","113040","5160","713","1","29","0","0","21.91","Wrack"
"Titanic: Honor and Glory","8745","Titanic: Honor and Glory","113040","8520","1561","2","44","0","0","13.27","Titanic: Honor and Glory"
"Codingame.com","8746","Codingame.com","113040","19260","202","2","64","0","0","5.87","Codingame.com"
"Le Tour de France 2018","8747","Le Tour de France 2018","113040","15540","123","3","42","0","0","7.27","Le Tour de France 2018"
"Fire Emblem: Monshou no Nazo","8748","Fire Emblem: Monshou no Nazo","112980","30600","162","2","40","0","0","3.69","Fire Emblem: Monshou no Nazo"
"Medal of Honor: Pacific Assault","8749","Medal of Honor: Pacific Assault","112980","46200","71","2","213","0","0","2.45","Medal of Honor: Pacific Assault"
"Project IGI 2: Covert Strike","8750","Project IGI 2: Covert Strike","112980","3540","880","1","19","0","0","31.92","Project IGI 2: Covert Strike"
"Aftermath","8751","Aftermath","112920","32280","66","3","58","0","0","3.5","Aftermath"
"Metal Gear Solid: Digital Graphic Novel","8752","Metal Gear Solid: Digital Graphic Novel","112860","3060","1612","1","11","0","0","36.88","Metal Gear Solid: Digital Graphic Novel"
"Oculus Medium","8753","Oculus Medium","112860","31320","254","3","82","0","0","3.6","Oculus Medium"
"Ghost in the Shell: Stand Alone Complex","8754","Ghost in the Shell: Stand Alone Complex","112800","6000","316","1","12","0","0","18.8","Ghost in the Shell: Stand Alone Complex"
"Baobabs Mausoleum Ep. 1 Ovnifagos Don't Eat Flamingos","8755","Baobabs Mausoleum Ep. 1 Ovnifagos Don't Eat Flamingos","112680","6240","356","2","30","0","0","18.06","Baobabs Mausoleum Ep. 1 Ovnifagos Don't Eat Flamingos"
"Darkest Hour: A Hearts of Iron Game","8756","Darkest Hour: A Hearts of Iron Game","112620","28740","61","2","33","0","0","3.92","Darkest Hour: A Hearts of Iron Game"
"Mario Golf: Advance Tour","8757","Mario Golf: Advance Tour","112440","17640","819","2","38","0","0","6.37","Mario Golf: Advance Tour"
"The Age of Decadence","8758","The Age of Decadence","112440","36240","28","2","63","0","0","3.1","The Age of Decadence"
"Slice, Dice & Rice","8759","Slice, Dice & Rice","112320","6060","664","2","45","0","0","18.53","Slice, Dice & Rice"
"Sniper Elite: Nazi Zombie Army 2","8760","Sniper Elite: Nazi Zombie Army 2","112260","44760","76","3","247","0","0","2.51","Sniper Elite: Nazi Zombie Army 2"
"The House of the Dead: OVERKILL","8761","The House of the Dead: OVERKILL","112260","11220","150","2","54","0","0","10.01","The House of the Dead: OVERKILL"
"WWE Day of Reckoning 2","8762","WWE Day of Reckoning 2","112260","7440","1367","1","32","0","0","15.09","WWE Day of Reckoning 2"
"Gear.Club Unlimited 2","8763","Gear.Club Unlimited 2","112260","1920","839","1","8","0","0","58.47","Gear.Club Unlimited 2"
"Wipeout 3","8764","Wipeout 3","112200","6120","760","1","13","0","0","18.33","Wipeout 3"
"Fatal Fury 2","8765","Fatal Fury 2","112200","1620","943","1","17","0","0","69.26","Fatal Fury 2"
"Monster Hunt","8766","Monster Hunt","112200","3360","1503","1","16","0","0","33.39","Monster Hunt"
"Half-Life 2: Episode Three","8767","Half-Life 2: Episode Three","112140","9720","156","2","40","0","0","11.54","Half-Life 2: Episode Three"
"SiN","8768","SiN","112080","3240","194","1","12","0","0","34.59","SiN"
"NHL 96","8769","NHL 96","112020","1980","322","1","9","0","0","56.58","NHL 96"
"Teddy Floppy Ear Mountain Adventure","8770","Teddy Floppy Ear Mountain Adventure","111960","14220","546","2","53","0","0","7.87","Teddy Floppy Ear Mountain Adventure"
"Monaco: What's Yours Is Mine","8771","Monaco: What's Yours Is Mine","111960","23460","314","4","121","0","0","4.77","Monaco: What's Yours Is Mine"
"Dominions 4: Thrones of Ascension","8772","Dominions 4: Thrones of Ascension","111960","3480","1085","1","17","0","0","32.17","Dominions 4: Thrones of Ascension"
"Zathura","8773","Zathura","111900","600","668","1","5","0","0","186.5","Zathura"
"Build 'n Bump","8774","Build 'n Bump","111900","300","411","1","1","0","0","373","Build 'n Bump"
"Change","8775","Change","111840","9960","400","3","64","0","0","11.23","Change"
"Twin Saga","8776","Twin Saga","111780","55140","124","4","185","0","0","2.03","Twin Saga"
"SNOW","8777","SNOW","111780","61380","187","6","425","0","0","1.82","SNOW"
"MURI","8778","MURI","111780","2820","655","1","9","0","0","39.64","MURI"
"LandStalker: The Treasures of King Nole","8779","LandStalker: The Treasures of King Nole","111720","36180","66","2","53","0","0","3.09","LandStalker: The Treasures of King Nole"
"Ballz 3D: Fighting at its Ballziest","8780","Ballz 3D: Fighting at its Ballziest","111720","1620","469","1","13","0","0","68.96","Ballz 3D: Fighting at its Ballziest"
"TNN Bass Tournament of Champions","8781","TNN Bass Tournament of Champions","111720","540","292","1","3","0","0","206.89","TNN Bass Tournament of Champions"
"Taekwondo Grand Prix","8782","Taekwondo Grand Prix","111660","1200","1240","1","11","0","0","93.05","Taekwondo Grand Prix"
"Mega Man Soccer","8783","Mega Man Soccer","111600","4680","1559","2","33","0","0","23.85","Mega Man Soccer"
"Thayer's Quest","8784","Thayer's Quest","111600","180","1855","1","2","0","0","620","Thayer's Quest"
"Arena Football: Road to Glory","8785","Arena Football: Road to Glory","111540","6420","61","1","3","0","0","17.37","Arena Football: Road to Glory"
"Mega Man Zero Collection","8786","Mega Man Zero Collection","111420","44040","130","2","55","0","0","2.53","Mega Man Zero Collection"
"Debate It!","8787","Debate It!","111360","6180","236","1","22","0","0","18.02","Debate It!"
"Rugby","8788","Rugby","111240","9660","519","11","48","0","0","11.52","Rugby"
"Godus","8789","Godus","111240","11580","246","2","48","0","0","9.61","Godus"
"Rider","8790","Rider","111240","22140","225","2","122","0","0","5.02","Rider"
"Super Robot Wars F Final","8791","Super Robot Wars F Final","111240","22500","58","2","17","0","0","4.94","Super Robot Wars F Final"
"Bus Tycoon ND","8792","Bus Tycoon ND","111240","2460","264","1","2","0","0","45.22","Bus Tycoon ND"
"Pac-Man: Championship Edition 2","8793","Pac-Man: Championship Edition 2","111120","31380","137","2","276","0","0","3.54","Pac-Man: Championship Edition 2"
"Tomb Raider: The Lost Artifact","8794","Tomb Raider: The Lost Artifact","111000","14640","149","4","72","0","0","7.58","Tomb Raider: The Lost Artifact"
"Ratchet & Clank: Size Matters","8795","Ratchet & Clank: Size Matters","110940","42360","55","2","49","0","0","2.62","Ratchet & Clank: Size Matters"
"Chaos Online","8796","Chaos Online","110880","39720","181","3","18","0","0","2.79","Chaos Online"
"Disney's Treasure Planet","8797","Disney's Treasure Planet","110880","7860","261","1","24","0","0","14.11","Disney's Treasure Planet"
"Kirby Tilt 'n' Tumble","8798","Kirby Tilt 'n' Tumble","110760","1740","1696","2","10","0","0","63.66","Kirby Tilt 'n' Tumble"
"Hyperdimension Neptunia Victory","8799","Hyperdimension Neptunia Victory","110760","11160","92","2","9","0","0","9.92","Hyperdimension Neptunia Victory"
"Walt Disney's The Jungle Book","8800","Walt Disney's The Jungle Book","110760","2400","915","1","17","0","0","46.15","Walt Disney's The Jungle Book"