"","","Game","Watch time","Stream time","Peak viewers","Peak channels","Streamers","Average viewers","Average channels","Average viewer ratio",""
"Monty on the Run","11601","Monty on the Run","41280","540","307","3","5","0","0","76.44","Monty on the Run"
"Urban Constructor","11602","Urban Constructor","41280","420","373","1","3","0","0","98.29","Urban Constructor"
"Infra Arcana","11603","Infra Arcana","41280","1380","202","2","6","0","0","29.91","Infra Arcana"
"Otherland","11604","Otherland","41220","39960","6","2","33","0","0","1.03","Otherland"
"Tower Duel","11605","Tower Duel","41220","6660","21","1","6","0","0","6.19","Tower Duel"
"The Wolf Among Us 2","11606","The Wolf Among Us 2","41160","2340","130","1","9","0","0","17.59","The Wolf Among Us 2"
"Pooper Deluxe","11607","Pooper Deluxe","41160","15480","110","2","40","0","0","2.66","Pooper Deluxe"
"Umineko no Naku Koro ni Episode 2 Turn of the Golden Witch","11608","Umineko no Naku Koro ni Episode 2 Turn of the Golden Witch","41160","10620","36","1","13","0","0","3.88","Umineko no Naku Koro ni Episode 2 Turn of the Golden Witch"
"Half-Life 2: Lost Coast","11609","Half-Life 2: Lost Coast","41160","9120","230","1","89","0","0","4.51","Half-Life 2: Lost Coast"
"Eldevin","11610","Eldevin","41100","9360","166","2","47","0","0","4.39","Eldevin"
"Vessel","11611","Vessel","41100","9360","70","1","25","0","0","4.39","Vessel"
"Secret of the Magic Crystals","11612","Secret of the Magic Crystals","41100","16080","33","2","58","0","0","2.56","Secret of the Magic Crystals"
"3D Mania","11613","3D Mania","41100","82560","31","3","30","0","0","0.5","3D Mania"
"Live Wire","11614","Live Wire","41100","420","446","1","2","0","0","97.86","Live Wire"
"TOCA Race Driver","11615","TOCA Race Driver","41100","300","194","1","3","0","0","137","TOCA Race Driver"
"Fruit Machine Simulator 2","11616","Fruit Machine Simulator 2","41100","180","682","1","2","0","0","228.33","Fruit Machine Simulator 2"
"Links LS 1998 Edition","11617","Links LS 1998 Edition","41040","420","131","1","1","0","0","97.71","Links LS 1998 Edition"
"The Mark of Kri","11618","The Mark of Kri","41040","6780","136","1","35","0","0","6.05","The Mark of Kri"
"Karmaflow: The Rock Opera Videogame","11619","Karmaflow: The Rock Opera Videogame","41040","10380","31","2","21","0","0","3.95","Karmaflow: The Rock Opera Videogame"
"Star Wars: TIE Fighter","11620","Star Wars: TIE Fighter","40980","17520","76","2","47","0","0","2.34","Star Wars: TIE Fighter"
"Blockstorm","11621","Blockstorm","40980","13500","71","3","85","0","0","3.04","Blockstorm"
"Adventures of Pip","11622","Adventures of Pip","40980","11640","117","1","43","0","0","3.52","Adventures of Pip"
"Jump Start Adventures 3rd Grade","11623","Jump Start Adventures 3rd Grade","40980","2100","87","1","8","0","0","19.51","Jump Start Adventures 3rd Grade"
"Transcendence","11624","Transcendence","40920","9540","17","2","11","0","0","4.29","Transcendence"
"Helltown","11625","Helltown","40920","30360","25","2","27","0","0","1.35","Helltown"
"COPS 2170: The Power of Law","11626","COPS 2170: The Power of Law","40920","4980","56","2","6","0","0","8.22","COPS 2170: The Power of Law"
"Loot Rascals","11627","Loot Rascals","40860","4380","118","1","29","0","0","9.33","Loot Rascals"
"Eat Lead: The Return of Matt Hazard","11628","Eat Lead: The Return of Matt Hazard","40860","3360","134","2","10","0","0","12.16","Eat Lead: The Return of Matt Hazard"
"Blinx 2: Masters of Time and Space","11629","Blinx 2: Masters of Time and Space","40860","3300","157","1","7","0","0","12.38","Blinx 2: Masters of Time and Space"
"Wallace & Gromit in Project Zoo","11630","Wallace & Gromit in Project Zoo","40800","12480","32","1","43","0","0","3.27","Wallace & Gromit in Project Zoo"
"Trials HD","11631","Trials HD","40800","15900","66","2","98","0","0","2.57","Trials HD"
"Archeblade","11632","Archeblade","40800","11580","129","2","48","0","0","3.52","Archeblade"
"Life is Feudal","11633","Life is Feudal","40800","12120","166","3","34","0","0","3.37","Life is Feudal"
"MLB Stickball","11634","MLB Stickball","40740","2820","260","2","3","0","0","14.45","MLB Stickball"
"Moebius: Empire Rising","11635","Moebius: Empire Rising","40740","6600","39","2","11","0","0","6.17","Moebius: Empire Rising"
"Wii Fit Plus","11636","Wii Fit Plus","40680","6600","45","3","31","0","0","6.16","Wii Fit Plus"
"Quick Draw","11637","Quick Draw","40680","15840","46","2","107","0","0","2.57","Quick Draw"
"Test Drive: Off-Road","11638","Test Drive: Off-Road","40620","16080","10","2","24","0","0","2.53","Test Drive: Off-Road"
"The Mystery Room","11639","The Mystery Room","40620","3120","92","1","13","0","0","13.02","The Mystery Room"
"Skelattack","11640","Skelattack","40560","4740","187","1","24","0","0","8.56","Skelattack"
"Congo's Caper","11641","Congo's Caper","40560","2580","280","2","16","0","0","15.72","Congo's Caper"
"R4 Ridge Racer Type 4","11642","R4 Ridge Racer Type 4","40560","12900","81","1","66","0","0","3.14","R4 Ridge Racer Type 4"
"BlackThorne","11643","BlackThorne","40500","10920","192","1","49","0","0","3.71","BlackThorne"
"Command & Conquer: Red Alert - Counterstrike","11644","Command & Conquer: Red Alert - Counterstrike","40500","5400","68","1","13","0","0","7.5","Command & Conquer: Red Alert - Counterstrike"
"Wolverine","11645","Wolverine","40500","4500","351","1","16","0","0","9","Wolverine"
"Icarus Online","11646","Icarus Online","40500","26520","30","3","100","0","0","1.53","Icarus Online"
"Ridiculous Fishing - A Tale of Redemption","11647","Ridiculous Fishing - A Tale of Redemption","40500","60","675","1","1","0","0","675","Ridiculous Fishing - A Tale of Redemption"
"Eekeemoo - Splinters of the Dark Shard","11648","Eekeemoo - Splinters of the Dark Shard","40500","1500","193","1","6","0","0","27","Eekeemoo - Splinters of the Dark Shard"
"Rolling Sky","11649","Rolling Sky","40440","7020","653","2","46","0","0","5.76","Rolling Sky"
"Super Robot Wars UX","11650","Super Robot Wars UX","40440","7020","22","1","8","0","0","5.76","Super Robot Wars UX"
"Streets of Red","11651","Streets of Red","40440","9840","62","3","60","0","0","4.11","Streets of Red"
"Dragon Quest Monsters: Joker 2","11652","Dragon Quest Monsters: Joker 2","40440","12480","40","1","23","0","0","3.24","Dragon Quest Monsters: Joker 2"
"musika","11653","musika","40440","16980","143","3","105","0","0","2.38","musika"
"Taboo: The Sixth Sense","11654","Taboo: The Sixth Sense","40440","600","663","1","5","0","0","67.4","Taboo: The Sixth Sense"
"Majesty: The Northern Expansion","11655","Majesty: The Northern Expansion","40440","6000","146","1","14","0","0","6.74","Majesty: The Northern Expansion"
"Tom Mason's Dinosaurs for Hire","11656","Tom Mason's Dinosaurs for Hire","40440","1140","273","1","8","0","0","35.47","Tom Mason's Dinosaurs for Hire"
"The Italian Job","11657","The Italian Job","40440","6060","162","2","15","0","0","6.67","The Italian Job"
"ToeJam & Earl III: Mission to Earth","11658","ToeJam & Earl III: Mission to Earth","40440","2400","347","1","4","0","0","16.85","ToeJam & Earl III: Mission to Earth"
"Doodle","11659","Doodle","40440","21120","14","2","55","0","0","1.91","Doodle"
"Gradius V","11660","Gradius V","40380","10560","100","1","37","0","0","3.82","Gradius V"
"Stranger of Sword City","11661","Stranger of Sword City","40380","15720","44","2","52","0","0","2.57","Stranger of Sword City"
"From Next Door","11662","From Next Door","40380","1500","140","1","11","0","0","26.92","From Next Door"
"Anime Studio Simulator","11663","Anime Studio Simulator","40320","15900","33","1","25","0","0","2.54","Anime Studio Simulator"
"MXM","11664","MXM","40320","12360","70","8","56","0","0","3.26","MXM"
"To Leave","11665","To Leave","40320","4740","94","1","20","0","0","8.51","To Leave"
"Streamer Simulator","11666","Streamer Simulator","40320","11400","279","2","67","0","0","3.54","Streamer Simulator"
"Eggs 1942","11667","Eggs 1942","40320","1560","548","1","15","0","0","25.85","Eggs 1942"
"Idola: Phantasy Star Saga","11668","Idola: Phantasy Star Saga","40320","9300","36","4","34","0","0","4.34","Idola: Phantasy Star Saga"
"Slime Battles","11669","Slime Battles","40260","2700","408","1","5","0","0","14.91","Slime Battles"
"Cally's Caves 4","11670","Cally's Caves 4","40260","7080","83","2","32","0","0","5.69","Cally's Caves 4"
"Auto Age: Standoff","11671","Auto Age: Standoff","40260","3120","217","3","25","0","0","12.9","Auto Age: Standoff"
"Rise of the Argonauts","11672","Rise of the Argonauts","40260","13500","26","1","34","0","0","2.98","Rise of the Argonauts"
"League Bowling","11673","League Bowling","40260","34020","67","2","11","0","0","1.18","League Bowling"
"Shock Troopers","11674","Shock Troopers","40260","3720","40","2","27","0","0","10.82","Shock Troopers"
"Steins;Gate: Senkei Kousoku no Phenogram","11675","Steins;Gate: Senkei Kousoku no Phenogram","40260","8940","25","2","7","0","0","4.5","Steins;Gate: Senkei Kousoku no Phenogram"
"The Incredibles: Rise of the Underminer","11676","The Incredibles: Rise of the Underminer","40260","13200","190","1","25","0","0","3.05","The Incredibles: Rise of the Underminer"
"Stock Market: The Game","11677","Stock Market: The Game","40200","35940","13","2","31","0","0","1.12","Stock Market: The Game"
"Rule The Waves","11678","Rule The Waves","40200","11880","30","2","12","0","0","3.38","Rule The Waves"
"Titan Quest: Immortal Throne","11679","Titan Quest: Immortal Throne","40200","21540","19","2","80","0","0","1.87","Titan Quest: Immortal Throne"
"Aikatsu Photo on Stage","11680","Aikatsu Photo on Stage","40200","13380","31","2","12","0","0","3","Aikatsu Photo on Stage"
"LoveKami -Divinity Stage-","11681","LoveKami -Divinity Stage-","40140","8940","56","2","15","0","0","4.49","LoveKami -Divinity Stage-"
"Travel Bug","11682","Travel Bug","40140","480","309","1","4","0","0","83.63","Travel Bug"
"SolForge","11683","SolForge","40140","31800","9","2","29","0","0","1.26","SolForge"
"Rampage","11684","Rampage","40140","7800","174","2","55","0","0","5.15","Rampage"
"Celestial Command","11685","Celestial Command","40140","15000","24","3","21","0","0","2.68","Celestial Command"
"Dragon's Lair Trilogy","11686","Dragon's Lair Trilogy","40080","17880","36","3","97","0","0","2.24","Dragon's Lair Trilogy"
"Battle City","11687","Battle City","40080","17820","30","3","63","0","0","2.25","Battle City"
"Domestic Dog Simulator","11688","Domestic Dog Simulator","40080","1440","412","1","15","0","0","27.83","Domestic Dog Simulator"
"Hatsune Miku: Project DIVA 2nd","11689","Hatsune Miku: Project DIVA 2nd","40080","15420","107","3","78","0","0","2.6","Hatsune Miku: Project DIVA 2nd"
"Mobile Suit Gundam: Giren no Yabou - Axis No Kyoui V","11690","Mobile Suit Gundam: Giren no Yabou - Axis No Kyoui V","40080","5460","28","1","5","0","0","7.34","Mobile Suit Gundam: Giren no Yabou - Axis No Kyoui V"
"Mobile Suit Gundam","11691","Mobile Suit Gundam","40080","9480","35","2","28","0","0","4.23","Mobile Suit Gundam"
"Jumps","11692","Jumps","40020","3240","270","2","17","0","0","12.35","Jumps"
"Pigeons Attack","11693","Pigeons Attack","40020","9780","529","1","7","0","0","4.09","Pigeons Attack"
"Fire Emblem Gaiden","11694","Fire Emblem Gaiden","40020","14760","10","2","24","0","0","2.71","Fire Emblem Gaiden"
"Captain Forever Remix","11695","Captain Forever Remix","40020","5040","144","2","39","0","0","7.94","Captain Forever Remix"
"MechWarrior 4: Mercenaries","11696","MechWarrior 4: Mercenaries","40020","22560","19","2","80","0","0","1.77","MechWarrior 4: Mercenaries"
"Alone","11697","Alone","40020","3900","160","1","37","0","0","10.26","Alone"
"Giga Wing","11698","Giga Wing","40020","1260","370","1","6","0","0","31.76","Giga Wing"
"Jet Island","11699","Jet Island","40020","15360","155","3","83","0","0","2.61","Jet Island"
"Dragon Quest Swords: The Masked Queen and The Tower Of Mirrors","11700","Dragon Quest Swords: The Masked Queen and The Tower Of Mirrors","39960","3240","98","2","11","0","0","12.33","Dragon Quest Swords: The Masked Queen and The Tower Of Mirrors"