"","","Game","Watch time","Stream time","Peak viewers","Peak channels","Streamers","Average viewers","Average channels","Average viewer ratio",""
"Blue Sheep","9701","Blue Sheep","79080","1140","264","1","3","0","0","69.37","Blue Sheep"
"Medieval Kingdom Wars","9702","Medieval Kingdom Wars","79080","23340","302","3","71","0","0","3.39","Medieval Kingdom Wars"
"100ft Robot Golf","9703","100ft Robot Golf","79020","15900","84","4","106","0","0","4.97","100ft Robot Golf"
"We Know the Devil","9704","We Know the Devil","79020","6180","420","2","36","0","0","12.79","We Know the Devil"
"Beneath a Steel Sky","9705","Beneath a Steel Sky","79020","18480","38","2","55","0","0","4.28","Beneath a Steel Sky"
"Absolute Drift","9706","Absolute Drift","79020","44160","100","2","288","0","0","1.79","Absolute Drift"
"The Sushi Spinnery","9707","The Sushi Spinnery","79020","420","512","1","3","0","0","188.14","The Sushi Spinnery"
"Mainlining","9708","Mainlining","78900","10500","227","1","40","0","0","7.51","Mainlining"
"Gun Club VR","9709","Gun Club VR","78900","21600","72","5","147","0","0","3.65","Gun Club VR"
"Acid Spy","9710","Acid Spy","78900","1800","139","1","9","0","0","43.83","Acid Spy"
"Brimstone Brawlers","9711","Brimstone Brawlers","78900","10680","106","9","31","0","0","7.39","Brimstone Brawlers"
"Uplink: Hacker Elite","9712","Uplink: Hacker Elite","78840","31860","45","2","132","0","0","2.47","Uplink: Hacker Elite"
"Neo Contra","9713","Neo Contra","78780","3480","123","1","16","0","0","22.64","Neo Contra"
"Spindizzy Worlds","9714","Spindizzy Worlds","78780","8280","203","3","5","0","0","9.51","Spindizzy Worlds"
"Vertigo","9715","Vertigo","78780","3360","542","1","21","0","0","23.45","Vertigo"
"McPixel","9716","McPixel","78720","14460","115","2","93","0","0","5.44","McPixel"
"Freddi Fish 2: The Case of the Haunted School House","9717","Freddi Fish 2: The Case of the Haunted School House","78660","12420","158","2","97","0","0","6.33","Freddi Fish 2: The Case of the Haunted School House"
"Blade","9718","Blade","78660","30180","96","3","83","0","0","2.61","Blade"
"Goats on a Bridge","9719","Goats on a Bridge","78600","7380","826","1","15","0","0","10.65","Goats on a Bridge"
"ToeJam & Earl: Back in the Groove!","9720","ToeJam & Earl: Back in the Groove!","78600","2760","159","1","7","0","0","28.48","ToeJam & Earl: Back in the Groove!"
"First Feudal","9721","First Feudal","78600","17340","109","2","55","0","0","4.53","First Feudal"
"Jikkyou Powerful Pro Yakyuu: Success Special","9722","Jikkyou Powerful Pro Yakyuu: Success Special","78600","14400","55","2","10","0","0","5.46","Jikkyou Powerful Pro Yakyuu: Success Special"
"D&D Stronghold: Kingdom Simulator","9723","D&D Stronghold: Kingdom Simulator","78600","4440","239","1","9","0","0","17.7","D&D Stronghold: Kingdom Simulator"
"Shin Megami Tensei if...","9724","Shin Megami Tensei if...","78540","20280","23","3","47","0","0","3.87","Shin Megami Tensei if..."
"Cooking Mama 5: Bon Appétit!","9725","Cooking Mama 5: Bon Appétit!","78540","3060","678","1","14","0","0","25.67","Cooking Mama 5: Bon Appétit!"
"Blackguards","9726","Blackguards","78540","35940","29","2","71","0","0","2.19","Blackguards"
"BrantSteele","9727","BrantSteele","78420","4740","189","1","17","0","0","16.54","BrantSteele"
"Pilotwings Resort","9728","Pilotwings Resort","78360","240","495","1","2","0","0","326.5","Pilotwings Resort"
"Brink","9729","Brink","78300","40680","61","5","246","0","0","1.92","Brink"
"Shining Soul","9730","Shining Soul","78300","4740","234","1","13","0","0","16.52","Shining Soul"
"Asterix","9731","Asterix","78300","4380","258","2","19","0","0","17.88","Asterix"
"6180 the moon","9732","6180 the moon","78240","3360","286","1","19","0","0","23.29","6180 the moon"
"DC Comics Legends","9733","DC Comics Legends","78240","27180","116","2","61","0","0","2.88","DC Comics Legends"
"SculptrVR","9734","SculptrVR","78240","19260","69","2","55","0","0","4.06","SculptrVR"
"Disney Heroes: Battle Mode","9735","Disney Heroes: Battle Mode","78180","23580","49","3","58","0","0","3.32","Disney Heroes: Battle Mode"
"Trauma Team","9736","Trauma Team","78180","18060","38","2","25","0","0","4.33","Trauma Team"
"Majesty: The Fantasy Kingdom Sim","9737","Majesty: The Fantasy Kingdom Sim","78120","22860","70","2","58","0","0","3.42","Majesty: The Fantasy Kingdom Sim"
"NCAA Football 12","9738","NCAA Football 12","78120","4500","301","4","17","0","0","17.36","NCAA Football 12"
"Ribbit King","9739","Ribbit King","78120","11400","375","2","45","0","0","6.85","Ribbit King"
"Internet Simulator","9740","Internet Simulator","78120","11820","191","2","82","0","0","6.61","Internet Simulator"
"Symphogear XD Unlimited","9741","Symphogear XD Unlimited","78120","8340","94","1","10","0","0","9.37","Symphogear XD Unlimited"
"Spellbreak","9742","Spellbreak","78120","8340","324","2","86","0","0","9.37","Spellbreak"
"Love Ribbon","9743","Love Ribbon","77940","9420","97","2","26","0","0","8.27","Love Ribbon"
"Polyball","9744","Polyball","77940","6360","181","2","26","0","0","12.25","Polyball"
"TimeSplitters","9745","TimeSplitters","77940","13440","152","2","50","0","0","5.8","TimeSplitters"
"Madden NFL 15","9746","Madden NFL 15","77940","81960","467","4","358","0","0","0.95","Madden NFL 15"
"Undead Development","9747","Undead Development","77760","8220","557","2","49","0","0","9.46","Undead Development"
"Yet Another Research Dog","9748","Yet Another Research Dog","77700","285840","24","2","10","0","0","0.27","Yet Another Research Dog"
"The Sims 3: Pets","9749","The Sims 3: Pets","77640","18840","84","2","85","0","0","4.12","The Sims 3: Pets"
"Bishi Bashi Special","9750","Bishi Bashi Special","77640","2160","133","1","16","0","0","35.94","Bishi Bashi Special"
"Drawn to Life","9751","Drawn to Life","77640","10500","447","2","22","0","0","7.39","Drawn to Life"
"Gomo","9752","Gomo","77640","7620","214","3","61","0","0","10.19","Gomo"
"Saliens","9753","Saliens","77640","32400","143","9","54","0","0","2.4","Saliens"
"James Bond 007","9754","James Bond 007","77580","6240","310","2","38","0","0","12.43","James Bond 007"
"Transference: The Walter Test Case","9755","Transference: The Walter Test Case","77580","9960","246","2","110","0","0","7.79","Transference: The Walter Test Case"
"Tarzan","9756","Tarzan","77520","14700","221","2","47","0","0","5.27","Tarzan"
"JumpJet Rex","9757","JumpJet Rex","77520","14220","150","2","84","0","0","5.45","JumpJet Rex"
"Legendary DXP","9758","Legendary DXP","77460","13560","39","3","22","0","0","5.71","Legendary DXP"
"Particle Fleet: Emergence","9759","Particle Fleet: Emergence","77460","11220","82","1","34","0","0","6.9","Particle Fleet: Emergence"
"Out There","9760","Out There","77400","11040","671","2","48","0","0","7.01","Out There"
"Cargo Commander","9761","Cargo Commander","77400","2640","626","1","20","0","0","29.32","Cargo Commander"
"Superbeat: Xonic","9762","Superbeat: Xonic","77400","40020","37","2","190","0","0","1.93","Superbeat: Xonic"
"Wimbledon","9763","Wimbledon","77400","720","532","2","3","0","0","107.5","Wimbledon"
"Camping Manager 2012","9764","Camping Manager 2012","77340","13140","36","1","1","0","0","5.89","Camping Manager 2012"
"Bitcoin Farm","9765","Bitcoin Farm","77340","76380","408","3","36","0","0","1.01","Bitcoin Farm"
"deeeep.io","9766","deeeep.io","77280","11760","352","2","90","0","0","6.57","deeeep.io"
"Strikers 1945 II","9767","Strikers 1945 II","77280","4980","231","3","27","0","0","15.52","Strikers 1945 II"
"The Legend of Kyrandia","9768","The Legend of Kyrandia","77280","12960","60","2","36","0","0","5.96","The Legend of Kyrandia"
"Punchy","9769","Punchy","77280","120","1288","1","1","0","0","644","Punchy"
"Varnir of the Dragon Star","9770","Varnir of the Dragon Star","77280","4200","42","1","3","0","0","18.4","Varnir of the Dragon Star"
"Airscape: The Fall of Gravity","9771","Airscape: The Fall of Gravity","77160","10080","256","2","75","0","0","7.65","Airscape: The Fall of Gravity"
"A Week of Garfield","9772","A Week of Garfield","77160","2220","235","1","10","0","0","34.76","A Week of Garfield"
"Robo Puzzle Smash","9773","Robo Puzzle Smash","77160","1020","1587","1","9","0","0","75.65","Robo Puzzle Smash"
"Ultimate Tic-Tac-Toe","9774","Ultimate Tic-Tac-Toe","77040","3000","641","2","35","0","0","25.68","Ultimate Tic-Tac-Toe"
"Frogger","9775","Frogger","76980","14700","110","2","81","0","0","5.24","Frogger"
"We Ski & Snowboard","9776","We Ski & Snowboard","76980","900","748","1","3","0","0","85.53","We Ski & Snowboard"
"Goblins of Elderstone","9777","Goblins of Elderstone","76980","8940","408","4","40","0","0","8.61","Goblins of Elderstone"
"Total Miner","9778","Total Miner","76920","14220","279","2","45","0","0","5.41","Total Miner"
"Sonic Shuffle","9779","Sonic Shuffle","76920","8760","309","1","40","0","0","8.78","Sonic Shuffle"
"Jumping Flash!","9780","Jumping Flash!","76800","5400","353","1","35","0","0","14.22","Jumping Flash!"
"The Matrix Online","9781","The Matrix Online","76800","22260","10","1","7","0","0","3.45","The Matrix Online"
"WCW vs. the World","9782","WCW vs. the World","76800","240","1246","1","2","0","0","320","WCW vs. the World"
"Dragon Ball: Raging Blast 2","9783","Dragon Ball: Raging Blast 2","76740","14700","434","2","36","0","0","5.22","Dragon Ball: Raging Blast 2"
"The Karate Kid","9784","The Karate Kid","76680","4500","465","1","18","0","0","17.04","The Karate Kid"
"Wacky Worlds Creativity Studio","9785","Wacky Worlds Creativity Studio","76680","1260","1235","1","6","0","0","60.86","Wacky Worlds Creativity Studio"
"Naruto x Boruto: Ninja Borutage","9786","Naruto x Boruto: Ninja Borutage","76620","34560","41","2","75","0","0","2.22","Naruto x Boruto: Ninja Borutage"
"Knightmare II: The Maze of Galious","9787","Knightmare II: The Maze of Galious","76620","1680","262","1","5","0","0","45.61","Knightmare II: The Maze of Galious"
"Girls und Panzer: Senshadou, Kiwamemasu!","9788","Girls und Panzer: Senshadou, Kiwamemasu!","76560","2940","620","3","9","0","0","26.04","Girls und Panzer: Senshadou, Kiwamemasu!"
"Ninja Senki","9789","Ninja Senki","76560","13080","230","3","51","0","0","5.85","Ninja Senki"
"Dragon Ball","9790","Dragon Ball","76560","7620","372","4","34","0","0","10.05","Dragon Ball"
"Splatterhouse: Wanpaku Graffiti","9791","Splatterhouse: Wanpaku Graffiti","76560","15000","34","3","41","0","0","5.1","Splatterhouse: Wanpaku Graffiti"
"Whip! Whip!","9792","Whip! Whip!","76560","8640","190","2","10","0","0","8.86","Whip! Whip!"
"SC2VN","9793","SC2VN","76500","7560","500","2","40","0","0","10.12","SC2VN"
"Supipara","9794","Supipara","76500","840","548","1","6","0","0","91.07","Supipara"
"Monster Loves You!","9795","Monster Loves You!","76440","10800","150","2","83","0","0","7.08","Monster Loves You!"
"Pro Evolution Soccer 4","9796","Pro Evolution Soccer 4","76440","3840","646","4","23","0","0","19.91","Pro Evolution Soccer 4"
"Soul Hunters","9797","Soul Hunters","76440","23160","891","2","21","0","0","3.3","Soul Hunters"
"Star Trek: 25th Anniversary","9798","Star Trek: 25th Anniversary","76380","6240","143","1","21","0","0","12.24","Star Trek: 25th Anniversary"
"SpongeBob SquarePants: Creature From the Krusty Krab","9799","SpongeBob SquarePants: Creature From the Krusty Krab","76380","29760","83","2","57","0","0","2.57","SpongeBob SquarePants: Creature From the Krusty Krab"
"Aika Online","9800","Aika Online","76320","27480","43","2","74","0","0","2.78","Aika Online"