"","","Game","Watch time","Stream time","Peak viewers","Peak channels","Streamers","Average viewers","Average channels","Average viewer ratio",""
"Dungeon Maker","2001","Dungeon Maker","4621980","80340","7666","9","158","8","0","57.53","Dungeon Maker"
"Suicide Guy","2002","Suicide Guy","4614300","57840","13364","3","317","8","0","79.78","Suicide Guy"
"Rain World","2003","Rain World","4613220","351360","7271","7","946","8","0","13.13","Rain World"
"Mario & Luigi: Partners in Time","2004","Mario & Luigi: Partners in Time","4612500","88800","11625","4","129","8","0","51.94","Mario & Luigi: Partners in Time"
"Plants vs. Zombies: Garden Warfare 2","2005","Plants vs. Zombies: Garden Warfare 2","4607280","1187460","2685","15","9131","8","2","3.88","Plants vs. Zombies: Garden Warfare 2"
"Psychonauts","2006","Psychonauts","4605780","651540","6789","11","2188","8","1","7.07","Psychonauts"
"Super Daryl Deluxe","2007","Super Daryl Deluxe","4597140","30240","29465","5","107","8","0","152.02","Super Daryl Deluxe"
"RF Online","2008","RF Online","4570260","771300","439","14","557","8","1","5.93","RF Online"
"SWAT 4","2009","SWAT 4","4559160","168240","10954","6","934","8","0","27.1","SWAT 4"
"Boku no Natsuyasumi 3: Hokkoku Hen: Chiisana Boku no Dai Sougen","2010","Boku no Natsuyasumi 3: Hokkoku Hen: Chiisana Boku no Dai Sougen","4557300","4380","3859","1","7","8","0","1040.48","Boku no Natsuyasumi 3: Hokkoku Hen: Chiisana Boku no Dai Sougen"
"Action Henk","2011","Action Henk","4555680","50700","7985","4","250","8","0","89.86","Action Henk"
"Quest 64","2012","Quest 64","4544040","93540","3029","8","137","8","0","48.58","Quest 64"
"The Joy of Creation","2013","The Joy of Creation","4542360","105420","5714","5","573","8","0","43.09","The Joy of Creation"
"Dreadhalls","2014","Dreadhalls","4520820","45480","28185","7","315","8","0","99.4","Dreadhalls"
"Ion Maiden","2015","Ion Maiden","4516200","43680","10657","6","341","8","0","103.39","Ion Maiden"
"Shin Hayarigami","2016","Shin Hayarigami","4508460","6480","6763","2","17","8","0","695.75","Shin Hayarigami"
"Conduct Deluxe!","2017","Conduct Deluxe!","4504920","9240","5178","2","36","8","0","487.55","Conduct Deluxe!"
"The Forge Arena","2018","The Forge Arena","4500840","256920","27278","19","448","8","0","17.52","The Forge Arena"
"Pac-Man 2: The New Adventures","2019","Pac-Man 2: The New Adventures","4495320","12360","88629","9","85","8","0","363.7","Pac-Man 2: The New Adventures"
"Clatter","2020","Clatter","4490280","9900","21639","5","45","8","0","453.56","Clatter"
"Pikmin 2","2021","Pikmin 2","4487880","493740","1976","8","605","8","0","9.09","Pikmin 2"
"Assassin's Creed Unity","2022","Assassin's Creed Unity","4479060","1370880","3858","14","6267","8","2","3.27","Assassin's Creed Unity"
"Final Fantasy X-2","2023","Final Fantasy X-2","4470960","185340","1502","5","246","8","0","24.12","Final Fantasy X-2"
"Tom Clancy's Splinter Cell: Blacklist","2024","Tom Clancy's Splinter Cell: Blacklist","4470900","434400","4655","9","1855","8","0","10.29","Tom Clancy's Splinter Cell: Blacklist"
"Corpse Party","2025","Corpse Party","4465560","332940","1595","12","779","8","0","13.41","Corpse Party"
"DYE","2026","DYE","4463580","21840","96769","11","88","8","0","204.38","DYE"
"Siren","2027","Siren","4459920","126540","1938","4","298","8","0","35.25","Siren"
"Crowfall","2028","Crowfall","4458480","436320","1132","10","641","8","0","10.22","Crowfall"
"Michigan: Report from Hell","2029","Michigan: Report from Hell","4445400","17400","6282","2","55","8","0","255.48","Michigan: Report from Hell"
"Natural Selection II","2030","Natural Selection II","4445340","774300","7367","10","826","8","1","5.74","Natural Selection II"
"Spellforce 3","2031","Spellforce 3","4442160","242400","4118","11","550","8","0","18.33","Spellforce 3"
"Blizzard","2032","Blizzard","4432680","70680","37956","26","152","8","0","62.71","Blizzard"
"OrbusVR","2033","OrbusVR","4430100","343080","23715","11","998","8","0","12.91","OrbusVR"
"Atlas Reactor","2034","Atlas Reactor","4425420","639120","2718","9","1059","8","1","6.92","Atlas Reactor"
"Golden Axe","2035","Golden Axe","4415520","35880","108221","10","238","8","0","123.06","Golden Axe"
"Redout","2036","Redout","4413360","151080","24047","6","816","8","0","29.21","Redout"
"Castlevania II: Simon's Quest","2037","Castlevania II: Simon's Quest","4412400","144060","23850","7","286","8","0","30.63","Castlevania II: Simon's Quest"
"Shell Shockers","2038","Shell Shockers","4397580","341760","260","20","1117","8","0","12.87","Shell Shockers"
"Senran Kagura: Estival Versus","2039","Senran Kagura: Estival Versus","4393440","267660","4710","7","1317","8","0","16.41","Senran Kagura: Estival Versus"
"The Inner Friend","2040","The Inner Friend","4392120","12900","28264","6","96","8","0","340.47","The Inner Friend"
"Kingdom","2041","Kingdom","4383360","206880","6831","8","1060","8","0","21.19","Kingdom"
"Onmyoji","2042","Onmyoji","4381680","346380","5865","7","624","8","0","12.65","Onmyoji"
"Unfortunate Spacemen","2043","Unfortunate Spacemen","4374780","24120","6084","7","89","8","0","181.38","Unfortunate Spacemen"
"Vietcong","2044","Vietcong","4370700","28380","4764","2","71","8","0","154.01","Vietcong"
"Bouncing Duck Simulator","2045","Bouncing Duck Simulator","4369980","4860","32725","3","38","8","0","899.17","Bouncing Duck Simulator"
"Titan Quest: Anniversary Edition","2046","Titan Quest: Anniversary Edition","4367460","709380","2202","10","1922","8","1","6.16","Titan Quest: Anniversary Edition"
"Hitman: Codename 47","2047","Hitman: Codename 47","4366500","99000","3086","4","294","8","0","44.11","Hitman: Codename 47"
"Fernbus Coach Simulator","2048","Fernbus Coach Simulator","4365180","206820","1724","6","614","8","0","21.11","Fernbus Coach Simulator"
"Cold Waters","2049","Cold Waters","4364460","151800","1434","4","347","8","0","28.75","Cold Waters"
"Athena","2050","Athena","4339740","3000","103022","9","29","8","0","1446.58","Athena"
"Mafia.gg","2051","Mafia.gg","4337580","14520","1499","3","16","8","0","298.73","Mafia.gg"
"Breach","2052","Breach","4337220","188340","28483","158","688","8","0","23.03","Breach"
"Metal Slug","2053","Metal Slug","4330560","114780","10258","10","666","8","0","37.73","Metal Slug"
"Rayman 2: The Great Escape","2054","Rayman 2: The Great Escape","4323540","146220","6601","4","404","8","0","29.57","Rayman 2: The Great Escape"
"Tooth and Tail","2055","Tooth and Tail","4322580","310980","10254","13","964","8","0","13.9","Tooth and Tail"
"Batman: Arkham Origins","2056","Batman: Arkham Origins","4320900","856440","616","14","2771","8","1","5.05","Batman: Arkham Origins"
"Assassin's Creed: Revelations","2057","Assassin's Creed: Revelations","4320720","393420","4749","7","1078","8","0","10.98","Assassin's Creed: Revelations"
"World Cup","2058","World Cup","4319700","94380","3329","16","340","8","0","45.77","World Cup"
"TheNightfall","2059","TheNightfall","4308420","92700","20479","13","284","8","0","46.48","TheNightfall"
"Outbreak: The New Nightmare","2060","Outbreak: The New Nightmare","4306680","18060","33888","3","110","8","0","238.47","Outbreak: The New Nightmare"
"CASE 2: Animatronics Survival","2061","CASE 2: Animatronics Survival","4305780","27960","13365","5","184","8","0","154","CASE 2: Animatronics Survival"
"Warhammer","2062","Warhammer","4305480","68580","3063","4","152","8","0","62.78","Warhammer"
"Pop'n TwinBee: Rainbow Bell Adventures","2063","Pop'n TwinBee: Rainbow Bell Adventures","4305420","2100","91835","9","21","8","0","2050.2","Pop'n TwinBee: Rainbow Bell Adventures"
"Bad Dream: Fever","2064","Bad Dream: Fever","4304700","12360","15407","3","52","8","0","348.28","Bad Dream: Fever"
"Illusion of Gaia","2065","Illusion of Gaia","4301280","195960","2309","5","264","8","0","21.95","Illusion of Gaia"
"Condemned: Criminal Origins","2066","Condemned: Criminal Origins","4288680","227280","4948","9","890","8","0","18.87","Condemned: Criminal Origins"
"Gargoyles","2067","Gargoyles","4285200","3600","104964","9","20","8","0","1190.33","Gargoyles"
"Duck Season","2068","Duck Season","4279860","74760","7549","5","504","8","0","57.25","Duck Season"
"America's Army: Proving Grounds","2069","America's Army: Proving Grounds","4279140","2212980","654","23","8338","8","4","1.93","America's Army: Proving Grounds"
"The Simpsons: Bart vs. the Space Mutants","2070","The Simpsons: Bart vs. the Space Mutants","4275540","14580","104021","8","31","8","0","293.25","The Simpsons: Bart vs. the Space Mutants"
"Sly 2: Band of Thieves","2071","Sly 2: Band of Thieves","4272900","265380","1051","5","432","8","0","16.1","Sly 2: Band of Thieves"
"Reigns","2072","Reigns","4272480","135480","3481","5","1047","8","0","31.54","Reigns"
"Kid Kool","2073","Kid Kool","4261080","5280","71589","7","11","8","0","807.02","Kid Kool"
"Dragon's Crown","2074","Dragon's Crown","4256340","289680","2357","33","825","8","0","14.69","Dragon's Crown"
"Play With Me","2075","Play With Me","4252620","27840","13557","4","152","8","0","152.75","Play With Me"
"Unforeseen Incidents","2076","Unforeseen Incidents","4249380","68580","2465","6","174","8","0","61.96","Unforeseen Incidents"
"Healer's Quest","2077","Healer's Quest","4249260","23880","8924","6","95","8","0","177.94","Healer's Quest"
"Strikers Edge","2078","Strikers Edge","4247820","16440","31954","7","121","8","0","258.38","Strikers Edge"
"Call of Duty 2","2079","Call of Duty 2","4246980","539340","3831","13","1771","8","1","7.87","Call of Duty 2"
"Monolith","2080","Monolith","4243380","81960","121918","9","275","8","0","51.77","Monolith"
"Horns of Fear","2081","Horns of Fear","4238040","12720","13314","3","76","8","0","333.18","Horns of Fear"
"Niffelheim","2082","Niffelheim","4237980","98520","29081","11","386","8","0","43.02","Niffelheim"
"The Beginner's Guide","2083","The Beginner's Guide","4234140","84300","12346","3","583","8","0","50.23","The Beginner's Guide"
"WhiteDay: a labyrinth named School","2084","WhiteDay: a labyrinth named School","4216500","46200","5165","3","572","8","0","91.27","WhiteDay: a labyrinth named School"
"Victoria II","2085","Victoria II","4215600","262200","1013","5","426","8","0","16.08","Victoria II"
"Goat Simulator","2086","Goat Simulator","4213860","394200","3786","8","3883","8","0","10.69","Goat Simulator"
"LEGO The Incredibles","2087","LEGO The Incredibles","4208880","137880","3326","10","698","8","0","30.53","LEGO The Incredibles"
"Ratchet & Clank Collection","2088","Ratchet & Clank Collection","4201200","282660","562","7","414","7","0","14.86","Ratchet & Clank Collection"
"Prince of Persia: Warrior Within","2089","Prince of Persia: Warrior Within","4200120","224040","17518","6","570","7","0","18.75","Prince of Persia: Warrior Within"
"Talisman Digital Edition","2090","Talisman Digital Edition","4199700","249060","3826","8","813","7","0","16.86","Talisman Digital Edition"
"Wacky Races","2091","Wacky Races","4198020","6120","70982","7","34","7","0","685.95","Wacky Races"
"Plague Inc.","2092","Plague Inc.","4193040","81900","3924","4","725","7","0","51.2","Plague Inc."
"Tales of Zestiria","2093","Tales of Zestiria","4192260","794160","2122","10","1624","7","1","5.28","Tales of Zestiria"
"The Legend of Heroes: Trails in the Sky","2094","The Legend of Heroes: Trails in the Sky","4189380","541680","717","9","663","7","1","7.73","The Legend of Heroes: Trails in the Sky"
"Super Mario Kart","2095","Super Mario Kart","4188120","222480","5457","5","930","7","0","18.82","Super Mario Kart"
"Blast Corps","2096","Blast Corps","4178040","32220","3583","3","69","7","0","129.67","Blast Corps"
"Trials Rising","2097","Trials Rising","4177800","128760","21397","98","1084","7","0","32.45","Trials Rising"
"Brothers: A Tale of Two Sons","2098","Brothers: A Tale of Two Sons","4177800","317280","2509","8","1933","7","0","13.17","Brothers: A Tale of Two Sons"
"The Experiment","2099","The Experiment","4171560","8220","23948","4","60","7","0","507.49","The Experiment"
"Sleep Tight","2100","Sleep Tight","4161780","38820","26221","8","168","7","0","107.21","Sleep Tight"