"","","Game","Watch time","Stream time","Peak viewers","Peak channels","Streamers","Average viewers","Average channels","Average viewer ratio",""
"Swords and Sandals II","1801","Swords and Sandals II","5587620","38700","10706","4","255","10","0","144.38","Swords and Sandals II"
"Command & Conquer: Yuri's Revenge","1802","Command & Conquer: Yuri's Revenge","5584740","299460","3155","5","319","10","0","18.65","Command & Conquer: Yuri's Revenge"
"Journey","1803","Journey","5572440","629520","3269","12","2100","10","1","8.85","Journey"
"El Matador","1804","El Matador","5567100","7560","99238","9","32","10","0","736.39","El Matador"
"Contradiction: Spot The Liar!","1805","Contradiction: Spot The Liar!","5562480","69660","6067","4","162","10","0","79.85","Contradiction: Spot The Liar!"
"Unreal Tournament","1806","Unreal Tournament","5559540","1022040","4349","13","3928","10","1","5.44","Unreal Tournament"
"The Legend of Dragoon","1807","The Legend of Dragoon","5550300","725880","888","9","756","10","1","7.65","The Legend of Dragoon"
"Colony Survival","1808","Colony Survival","5545860","196800","8636","5","574","10","0","28.18","Colony Survival"
"Tekken Tag Tournament","1809","Tekken Tag Tournament","5531820","19500","3728","2","81","10","0","283.68","Tekken Tag Tournament"
"Dead Rising","1810","Dead Rising","5518320","666780","4904","9","1942","10","1","8.28","Dead Rising"
"Super Bomberman R","1811","Super Bomberman R","5514480","208200","7802","15","849","10","0","26.49","Super Bomberman R"
"Abzû","1812","Abzû","5503020","412320","5756","8","2739","10","0","13.35","Abzû"
"Mario Party 5","1813","Mario Party 5","5502120","204000","9468","7","918","10","0","26.97","Mario Party 5"
"Cooking Simulator","1814","Cooking Simulator","5499240","6960","29268","2","44","10","0","790.12","Cooking Simulator"
"The Room Two","1815","The Room Two","5499180","249000","2897","7","1295","10","0","22.09","The Room Two"
"Revelation Online","1816","Revelation Online","5496600","1071060","6889","14","1583","10","2","5.13","Revelation Online"
"Bastion","1817","Bastion","5495280","585420","17407","11","2799","10","1","9.39","Bastion"
"Warriors Orochi 3","1818","Warriors Orochi 3","5489760","300600","9009","25","579","10","0","18.26","Warriors Orochi 3"
"Densha De D: Lightning Stage","1819","Densha De D: Lightning Stage","5481300","7200","97168","8","27","10","0","761.29","Densha De D: Lightning Stage"
"Super Paper Mario","1820","Super Paper Mario","5473560","291240","2617","6","397","10","0","18.79","Super Paper Mario"
"Silent Hill: Downpour","1821","Silent Hill: Downpour","5471520","100680","921","3","171","10","0","54.35","Silent Hill: Downpour"
"Deus Ex: Human Revolution","1822","Deus Ex: Human Revolution","5463660","590280","22949","11","1496","10","1","9.26","Deus Ex: Human Revolution"
"Danganronpa Another Episode: Ultra Despair Girls","1823","Danganronpa Another Episode: Ultra Despair Girls","5447700","299160","7142","6","478","10","0","18.21","Danganronpa Another Episode: Ultra Despair Girls"
"LEGO Harry Potter: Years 5-7","1824","LEGO Harry Potter: Years 5-7","5447280","147000","14143","5","368","10","0","37.06","LEGO Harry Potter: Years 5-7"
"Battle Chef Brigade","1825","Battle Chef Brigade","5440560","383820","12303","14","1537","10","0","14.17","Battle Chef Brigade"
"Turok: Dinosaur Hunter","1826","Turok: Dinosaur Hunter","5439600","123060","49105","6","389","10","0","44.2","Turok: Dinosaur Hunter"
"Guitar Hero Live","1827","Guitar Hero Live","5437860","186840","6370","6","712","10","0","29.1","Guitar Hero Live"
"Kingsway","1828","Kingsway","5434680","203940","8070","12","1250","10","0","26.65","Kingsway"
"Hungry Shark World","1829","Hungry Shark World","5434140","25620","13725","4","342","10","0","212.11","Hungry Shark World"
"Valiant Hearts: The Great War","1830","Valiant Hearts: The Great War","5431140","343920","3006","8","1359","10","0","15.79","Valiant Hearts: The Great War"
"Screencheat","1831","Screencheat","5427360","47340","30580","5","391","10","0","114.65","Screencheat"
"The Legend of Zelda: Spirit Tracks","1832","The Legend of Zelda: Spirit Tracks","5420220","77160","7076","3","121","10","0","70.25","The Legend of Zelda: Spirit Tracks"
"NBA 2K Playgrounds 2","1833","NBA 2K Playgrounds 2","5420220","122640","5850","10","550","10","0","44.2","NBA 2K Playgrounds 2"
"Astérix & Obélix XXL 2: Mission: Las Vegum","1834","Astérix & Obélix XXL 2: Mission: Las Vegum","5419860","40980","32012","13","209","10","0","132.26","Astérix & Obélix XXL 2: Mission: Las Vegum"
"Need for Speed","1835","Need for Speed","5419680","1654260","7173","20","10754","10","3","3.28","Need for Speed"
"Root Letter","1836","Root Letter","5419440","39900","3968","2","76","10","0","135.83","Root Letter"
"Halo 3","1837","Halo 3","5411760","652620","12841","17","2672","10","1","8.29","Halo 3"
"The World Ends With You","1838","The World Ends With You","5410080","343740","1574","66","752","10","0","15.74","The World Ends With You"
"Dante's Inferno","1839","Dante's Inferno","5410020","214860","4121","6","1314","10","0","25.18","Dante's Inferno"
"Far Cry 2","1840","Far Cry 2","5406420","328020","4968","8","1288","10","0","16.48","Far Cry 2"
"The Scroll of Taiwu","1841","The Scroll of Taiwu","5401260","177480","971","13","155","10","0","30.43","The Scroll of Taiwu"
"Creativerse","1842","Creativerse","5398200","983820","1893","14","2401","10","1","5.49","Creativerse"
"Monster Boy and The Cursed Kingdom","1843","Monster Boy and The Cursed Kingdom","5397960","103620","2263","14","222","10","0","52.09","Monster Boy and The Cursed Kingdom"
"Hacknet","1844","Hacknet","5390940","330900","5245","19","2067","10","0","16.29","Hacknet"
"Hand Dic","1845","Hand Dic","5384280","12480","1792","2","38","10","0","431.43","Hand Dic"
"The Curse of Monkey Island","1846","The Curse of Monkey Island","5374200","257280","3194","11","776","10","0","20.89","The Curse of Monkey Island"
"Taiker","1847","Taiker","5369040","1560","96021","9","13","10","0","3441.69","Taiker"
"Crash Team Racing","1848","Crash Team Racing","5367960","372540","2717","16","1345","10","0","14.41","Crash Team Racing"
"Conarium","1849","Conarium","5360340","153000","8775","7","599","10","0","35.03","Conarium"
"Demolish & Build 2018","1850","Demolish & Build 2018","5343780","51420","7249","5","214","10","0","103.92","Demolish & Build 2018"
"Insaniquarium Deluxe","1851","Insaniquarium Deluxe","5342880","48720","12741","4","306","10","0","109.67","Insaniquarium Deluxe"
"Shaq Fu: A Legend Reborn","1852","Shaq Fu: A Legend Reborn","5339220","102420","24462","30","637","10","0","52.13","Shaq Fu: A Legend Reborn"
"The Amazing Frog?","1853","The Amazing Frog?","5327760","13740","16899","4","103","10","0","387.76","The Amazing Frog?"
"Shin Megami Tensei: Digital Devil Saga","1854","Shin Megami Tensei: Digital Devil Saga","5326740","113400","12891","4","153","10","0","46.97","Shin Megami Tensei: Digital Devil Saga"
"Paradigm","1855","Paradigm","5322720","50460","28566","6","154","10","0","105.48","Paradigm"
"Lovers in a Dangerous Spacetime","1856","Lovers in a Dangerous Spacetime","5312400","133020","10755","6","845","10","0","39.94","Lovers in a Dangerous Spacetime"
"The Walking Dead: Michonne","1857","The Walking Dead: Michonne","5311860","217200","5870","6","905","10","0","24.46","The Walking Dead: Michonne"
"State of Decay: Year-One Survival Edition","1858","State of Decay: Year-One Survival Edition","5305080","1249680","1200","32","4036","10","2","4.25","State of Decay: Year-One Survival Edition"
"TV Sports: Football","1859","TV Sports: Football","5300220","26100","16214","8","93","10","0","203.07","TV Sports: Football"
"Fire Emblem: Fuuin no Tsurugi","1860","Fire Emblem: Fuuin no Tsurugi","5296620","177000","1937","4","248","10","0","29.92","Fire Emblem: Fuuin no Tsurugi"
"Kid Chameleon","1861","Kid Chameleon","5295480","36780","120245","10","92","10","0","143.98","Kid Chameleon"
"The Legend of Zelda: Tri Force Heroes","1862","The Legend of Zelda: Tri Force Heroes","5294160","34620","10423","3","74","10","0","152.92","The Legend of Zelda: Tri Force Heroes"
"Need for Speed: Carbon","1863","Need for Speed: Carbon","5290440","302160","3331","8","1069","10","0","17.51","Need for Speed: Carbon"
"DeadCore","1864","DeadCore","5287560","46620","90367","12","232","10","0","113.42","DeadCore"
"Ratchet & Clank: Going Commando","1865","Ratchet & Clank: Going Commando","5286300","303600","2191","5","304","10","0","17.41","Ratchet & Clank: Going Commando"
"Assassin's Creed: Brotherhood","1866","Assassin's Creed: Brotherhood","5283240","709440","1554","11","1533","10","1","7.45","Assassin's Creed: Brotherhood"
".hack//G.U. Last Recode","1867",".hack//G.U. Last Recode","5272860","1593480","720","25","2832","10","3","3.31",".hack//G.U. Last Recode"
"Haunting Ground","1868","Haunting Ground","5266740","136620","6636","4","270","10","0","38.55","Haunting Ground"
"Fear the Night","1869","Fear the Night","5263560","109740","4346","14","279","10","0","47.96","Fear the Night"
"Unreal Engine","1870","Unreal Engine","5262180","841740","775","13","992","10","1","6.25","Unreal Engine"
"PUSS!","1871","PUSS!","5258220","69960","10365","5","443","10","0","75.16","PUSS!"
"Wave Race: Blue Storm","1872","Wave Race: Blue Storm","5254440","31980","121758","8","41","9","0","164.3","Wave Race: Blue Storm"
"GTA Online","1873","GTA Online","5242380","935400","6322","14","2512","9","1","5.6","GTA Online"
"Barotrauma","1874","Barotrauma","5235240","127980","9504","6","612","9","0","40.91","Barotrauma"
"Cult","1875","Cult","5233800","10920","6215","2","6","9","0","479.29","Cult"
"Unravel","1876","Unravel","5231520","550620","3658","19","2966","9","1","9.5","Unravel"
"dWARf","1877","dWARf","5229360","29760","14557","25","171","9","0","175.72","dWARf"
"South Park: Phone Destroyer","1878","South Park: Phone Destroyer","5222820","425760","763","6","442","9","0","12.27","South Park: Phone Destroyer"
"Grip","1879","Grip","5216280","120780","28331","16","694","9","0","43.19","Grip"
"RUINER","1880","RUINER","5212380","557820","22884","11","3218","9","1","9.34","RUINER"
"Metal Gear Solid V: Ground Zeroes","1881","Metal Gear Solid V: Ground Zeroes","5207520","334380","4518","6","2311","9","0","15.57","Metal Gear Solid V: Ground Zeroes"
"Sansar","1882","Sansar","5206560","67560","4871","7","169","9","0","77.07","Sansar"
"Shadows of Adam","1883","Shadows of Adam","5201400","31620","18504","5","39","9","0","164.5","Shadows of Adam"
"Theme Hospital","1884","Theme Hospital","5197500","219000","5607","8","739","9","0","23.73","Theme Hospital"
"Senran Kagura","1885","Senran Kagura","5196600","10380","7327","3","80","9","0","500.64","Senran Kagura"
"Quern: Undying Thoughts","1886","Quern: Undying Thoughts","5192400","135240","5609","4","240","9","0","38.39","Quern: Undying Thoughts"
"Rabi-Ribi","1887","Rabi-Ribi","5184960","691920","5121","13","1267","9","1","7.49","Rabi-Ribi"
"Tom Clancy's Rainbow 6: Patriots","1888","Tom Clancy's Rainbow 6: Patriots","5168160","2399880","12106","27","16996","9","4","2.15","Tom Clancy's Rainbow 6: Patriots"
"Skyforge","1889","Skyforge","5166420","2332680","1412","23","5527","9","4","2.21","Skyforge"
"Gundam Online Wars","1890","Gundam Online Wars","5163000","632100","273","13","371","9","1","8.17","Gundam Online Wars"
"Dead Island","1891","Dead Island","5142360","1255980","7371","16","5354","9","2","4.09","Dead Island"
"Mario Kart: Double Dash!!","1892","Mario Kart: Double Dash!!","5140980","373320","7130","7","1747","9","0","13.77","Mario Kart: Double Dash!!"
"Grand Theft Auto 2","1893","Grand Theft Auto 2","5135280","75900","20265","5","162","9","0","67.66","Grand Theft Auto 2"
"Diner Bros","1894","Diner Bros","5128740","20580","12446","3","91","9","0","249.21","Diner Bros"
"Xenoblade Chronicles","1895","Xenoblade Chronicles","5124180","554520","2185","8","685","9","1","9.24","Xenoblade Chronicles"
"Castlevania: Lords of Shadow","1896","Castlevania: Lords of Shadow","5117760","495420","5233","10","1171","9","0","10.33","Castlevania: Lords of Shadow"
"Harry Potter and the Prisoner of Azkaban","1897","Harry Potter and the Prisoner of Azkaban","5108820","205140","4011","10","491","9","0","24.9","Harry Potter and the Prisoner of Azkaban"
"Mirror's Edge","1898","Mirror's Edge","5105640","499140","20689","11","2884","9","0","10.23","Mirror's Edge"
"Parkasaurus","1899","Parkasaurus","5104740","84720","6277","15","358","9","0","60.25","Parkasaurus"
"Game of Thrones: A Telltale Game Series","1900","Game of Thrones: A Telltale Game Series","5103180","438060","2298","9","1321","9","0","11.65","Game of Thrones: A Telltale Game Series"