"","","Game","Watch time","Stream time","Peak viewers","Peak channels","Streamers","Average viewers","Average channels","Average viewer ratio",""
"Grim Legends 3: The Dark City","10701","Grim Legends 3: The Dark City","55380","15960","35","2","51","0","0","3.47","Grim Legends 3: The Dark City"
"X-COM: Interceptor","10702","X-COM: Interceptor","55320","2460","37","1","2","0","0","22.49","X-COM: Interceptor"
"Deathstate","10703","Deathstate","55320","16800","63","2","71","0","0","3.29","Deathstate"
"Lunar: Eternal Blue","10704","Lunar: Eternal Blue","55320","26820","38","2","17","0","0","2.06","Lunar: Eternal Blue"
"Z","10705","Z","55260","68100","122","7","174","0","0","0.81","Z"
"Mushihime-sama HD","10706","Mushihime-sama HD","55260","15840","222","2","52","0","0","3.49","Mushihime-sama HD"
"Sketchbook","10707","Sketchbook","55260","47700","17","3","183","0","0","1.16","Sketchbook"
"Quest For Infamy","10708","Quest For Infamy","55200","9180","142","1","14","0","0","6.01","Quest For Infamy"
"Ar Nosurge: Ode to an Unborn Star","10709","Ar Nosurge: Ode to an Unborn Star","55200","22320","13","1","13","0","0","2.47","Ar Nosurge: Ode to an Unborn Star"
"Dinner Date","10710","Dinner Date","55200","7980","201","1","23","0","0","6.92","Dinner Date"
"Barbie Horse Adventures: Summer Camp","10711","Barbie Horse Adventures: Summer Camp","55140","7140","83","3","29","0","0","7.72","Barbie Horse Adventures: Summer Camp"
"The Stalin Subway: Red Veil","10712","The Stalin Subway: Red Veil","55140","3600","332","2","13","0","0","15.32","The Stalin Subway: Red Veil"
"FPV Freerider","10713","FPV Freerider","55140","9240","416","2","42","0","0","5.97","FPV Freerider"
"Deep Space Waifu: Flat Justice","10714","Deep Space Waifu: Flat Justice","55080","15180","41","2","86","0","0","3.63","Deep Space Waifu: Flat Justice"
"Sołtys","10715","Sołtys","55080","600","353","1","3","0","0","91.8","Sołtys"
"Mighty Switch Force!","10716","Mighty Switch Force!","55080","11460","56","1","44","0","0","4.81","Mighty Switch Force!"
"King's Quest: Mask of Eternity","10717","King's Quest: Mask of Eternity","55080","13020","20","2","23","0","0","4.23","King's Quest: Mask of Eternity"
"Land of the Dead: Road to Fiddler's Green","10718","Land of the Dead: Road to Fiddler's Green","55020","15660","189","2","57","0","0","3.51","Land of the Dead: Road to Fiddler's Green"
"Rhythm Thief & The Emperor's Treasure","10719","Rhythm Thief & The Emperor's Treasure","55020","3540","47","1","5","0","0","15.54","Rhythm Thief & The Emperor's Treasure"
"Crescent Bay","10720","Crescent Bay","55020","11640","80","2","114","0","0","4.73","Crescent Bay"
"Star Wars: Flight of the Falcon","10721","Star Wars: Flight of the Falcon","54960","60","939","1","1","0","0","916","Star Wars: Flight of the Falcon"
"Superhero Workout","10722","Superhero Workout","54960","840","546","1","5","0","0","65.43","Superhero Workout"
"Super Rude Bear Resurrection","10723","Super Rude Bear Resurrection","54960","12360","33","1","23","0","0","4.45","Super Rude Bear Resurrection"
"Frogger Returns","10724","Frogger Returns","54960","300","892","1","6","0","0","183.2","Frogger Returns"
"Taiko no Tatsujin Wii","10725","Taiko no Tatsujin Wii","54960","10140","229","1","17","0","0","5.42","Taiko no Tatsujin Wii"
"Detective Grimoire","10726","Detective Grimoire","54960","7920","140","1","32","0","0","6.94","Detective Grimoire"
"Ragnarok Online 2: Legend of the Second","10727","Ragnarok Online 2: Legend of the Second","54900","21120","132","1","72","0","0","2.6","Ragnarok Online 2: Legend of the Second"
"Eternal Senia","10728","Eternal Senia","54900","33900","21","2","136","0","0","1.62","Eternal Senia"
"Mario & Luigi: Paper Jam","10729","Mario & Luigi: Paper Jam","54900","9600","60","1","24","0","0","5.72","Mario & Luigi: Paper Jam"
"Escape Velocity","10730","Escape Velocity","54900","1620","862","1","4","0","0","33.89","Escape Velocity"
"Treasure of a Blizzard","10731","Treasure of a Blizzard","54840","2640","353","2","3","0","0","20.77","Treasure of a Blizzard"
"Bundesliga Manager Professional","10732","Bundesliga Manager Professional","54840","840","125","1","3","0","0","65.29","Bundesliga Manager Professional"
"Fisher-Price: Firehouse Rescue","10733","Fisher-Price: Firehouse Rescue","54840","1260","335","1","9","0","0","43.52","Fisher-Price: Firehouse Rescue"
"Shuyan Saga","10734","Shuyan Saga","54840","4080","363","3","22","0","0","13.44","Shuyan Saga"
"Metal Fatigue","10735","Metal Fatigue","54780","9360","126","2","36","0","0","5.85","Metal Fatigue"
"Buzz! Quiz World","10736","Buzz! Quiz World","54780","2760","241","1","5","0","0","19.85","Buzz! Quiz World"
"Pippa Funnell: The Stud Farm Inheritance","10737","Pippa Funnell: The Stud Farm Inheritance","54780","540","256","1","4","0","0","101.44","Pippa Funnell: The Stud Farm Inheritance"
"Soldier Front","10738","Soldier Front","54780","32100","22","3","63","0","0","1.71","Soldier Front"
"DEFCON: Everybody Dies","10739","DEFCON: Everybody Dies","54780","11940","193","2","71","0","0","4.59","DEFCON: Everybody Dies"
"Chronicles of Teddy: Harmony of Exidus","10740","Chronicles of Teddy: Harmony of Exidus","54720","17880","20","2","78","0","0","3.06","Chronicles of Teddy: Harmony of Exidus"
"One Piece: Bounty Rush","10741","One Piece: Bounty Rush","54720","540","479","1","7","0","0","101.33","One Piece: Bounty Rush"
"Steampunk Tower 2","10742","Steampunk Tower 2","54720","8040","106","2","33","0","0","6.81","Steampunk Tower 2"
"Steins;Gate Elite","10743","Steins;Gate Elite","54660","9420","184","3","30","0","0","5.8","Steins;Gate Elite"
"Sakura no Mori † Dreamers","10744","Sakura no Mori † Dreamers","54660","1200","205","1","4","0","0","45.55","Sakura no Mori † Dreamers"
"Shrouded in Sanity","10745","Shrouded in Sanity","54660","11400","157","2","71","0","0","4.79","Shrouded in Sanity"
"Tower Defence","10746","Tower Defence","54660","13140","32","2","71","0","0","4.16","Tower Defence"
"Sanatorium","10747","Sanatorium","54660","2160","228","2","14","0","0","25.31","Sanatorium"
"Hitman Go","10748","Hitman Go","54660","16200","63","2","75","0","0","3.37","Hitman Go"
"Escape Goat","10749","Escape Goat","54660","4080","276","1","20","0","0","13.4","Escape Goat"
"Every Extend Extra Extreme","10750","Every Extend Extra Extreme","54660","1080","951","1","7","0","0","50.61","Every Extend Extra Extreme"
"Command & Conquer: Tiberian Sun Firestorm","10751","Command & Conquer: Tiberian Sun Firestorm","54660","17040","17","2","42","0","0","3.21","Command & Conquer: Tiberian Sun Firestorm"
"Pepper's Adventures in Time","10752","Pepper's Adventures in Time","54660","2220","133","1","4","0","0","24.62","Pepper's Adventures in Time"
"Gods Unchained","10753","Gods Unchained","54540","13860","23","3","30","0","0","3.94","Gods Unchained"
"Trainz Simulator 12","10754","Trainz Simulator 12","54540","63840","102","2","42","0","0","0.85","Trainz Simulator 12"
"Tembo the Badass Elephant","10755","Tembo the Badass Elephant","54540","14520","67","2","78","0","0","3.76","Tembo the Badass Elephant"
"Moero! Nekketsu Rhythm Damashii Osu! Tatakae! Ouendan 2","10756","Moero! Nekketsu Rhythm Damashii Osu! Tatakae! Ouendan 2","54540","3000","273","1","15","0","0","18.18","Moero! Nekketsu Rhythm Damashii Osu! Tatakae! Ouendan 2"
"Lost Region","10757","Lost Region","54540","2520","387","2","29","0","0","21.64","Lost Region"
"Need for Speed: No Limits","10758","Need for Speed: No Limits","54480","8040","469","2","56","0","0","6.78","Need for Speed: No Limits"
"CROSS×BEATS","10759","CROSS×BEATS","54480","7440","22","1","2","0","0","7.32","CROSS×BEATS"
"Maji de Watashi ni Koishinasai!","10760","Maji de Watashi ni Koishinasai!","54480","22260","15","3","11","0","0","2.45","Maji de Watashi ni Koishinasai!"
"Insane Robots","10761","Insane Robots","54420","10680","168","4","28","0","0","5.1","Insane Robots"
"Bots","10762","Bots","54420","18180","204","2","41","0","0","2.99","Bots"
"Karate Champ","10763","Karate Champ","54360","1440","349","1","6","0","0","37.75","Karate Champ"
"Frets on Fire","10764","Frets on Fire","54360","10740","155","2","59","0","0","5.06","Frets on Fire"
"Dragon Ball Z: Budokai Tenkaichi 2","10765","Dragon Ball Z: Budokai Tenkaichi 2","54360","32580","14","2","89","0","0","1.67","Dragon Ball Z: Budokai Tenkaichi 2"
"Sonic Drift 2","10766","Sonic Drift 2","54360","4260","321","2","19","0","0","12.76","Sonic Drift 2"
"Pit-Fighter","10767","Pit-Fighter","54300","2640","127","1","9","0","0","20.57","Pit-Fighter"
"APB","10768","APB","54300","35040","131","2","119","0","0","1.55","APB"
"Amagon","10769","Amagon","54300","2280","537","3","9","0","0","23.82","Amagon"
"Thrillville: Off the Rails","10770","Thrillville: Off the Rails","54240","23040","33","2","112","0","0","2.35","Thrillville: Off the Rails"
"Yaiba: Ninja Gaiden Z","10771","Yaiba: Ninja Gaiden Z","54240","14100","171","2","60","0","0","3.85","Yaiba: Ninja Gaiden Z"
"A Good Snowman Is Hard To Build","10772","A Good Snowman Is Hard To Build","54180","5400","83","1","22","0","0","10.03","A Good Snowman Is Hard To Build"
"WarioWare: Touched!","10773","WarioWare: Touched!","54180","5880","245","2","41","0","0","9.21","WarioWare: Touched!"
"Gauntlet 4","10774","Gauntlet 4","54180","3780","230","1","13","0","0","14.33","Gauntlet 4"
"Vexx","10775","Vexx","54180","10620","82","2","31","0","0","5.1","Vexx"
"Lords of the Realm","10776","Lords of the Realm","54180","2520","90","1","6","0","0","21.5","Lords of the Realm"
"Spider: Rite of the Shrouded Moon","10777","Spider: Rite of the Shrouded Moon","54180","2580","718","1","11","0","0","21","Spider: Rite of the Shrouded Moon"
"Redneck Rampage: Suckin' Grits on Route 66","10778","Redneck Rampage: Suckin' Grits on Route 66","54120","2820","163","1","7","0","0","19.19","Redneck Rampage: Suckin' Grits on Route 66"
"Inside / Limbo","10779","Inside / Limbo","54120","18180","25","3","86","0","0","2.98","Inside / Limbo"
"The Warlock of Firetop Mountain","10780","The Warlock of Firetop Mountain","54060","15900","68","2","81","0","0","3.4","The Warlock of Firetop Mountain"
"Citizens of Earth","10781","Citizens of Earth","54060","26520","42","2","82","0","0","2.04","Citizens of Earth"
"Age of Conan: Rise of the Godslayer","10782","Age of Conan: Rise of the Godslayer","54000","17340","387","5","28","0","0","3.11","Age of Conan: Rise of the Godslayer"
"Takedown: Red Sabre","10783","Takedown: Red Sabre","54000","14880","59","2","86","0","0","3.63","Takedown: Red Sabre"
"Forgotten Places: Regained Castle","10784","Forgotten Places: Regained Castle","54000","5760","177","2","15","0","0","9.38","Forgotten Places: Regained Castle"
"Bumble Games","10785","Bumble Games","53940","120","897","1","1","0","0","449.5","Bumble Games"
"Enemy Territory: Quake Wars","10786","Enemy Territory: Quake Wars","53940","21660","82","2","35","0","0","2.49","Enemy Territory: Quake Wars"
"Stranded II","10787","Stranded II","53940","5220","148","1","23","0","0","10.33","Stranded II"
"Lost in Nature","10788","Lost in Nature","53820","2400","102","1","3","0","0","22.43","Lost in Nature"
"Grey's Anatomy","10789","Grey's Anatomy","53820","1740","174","1","5","0","0","30.93","Grey's Anatomy"
"Marvel vs. Capcom 3: Fate of Two Worlds","10790","Marvel vs. Capcom 3: Fate of Two Worlds","53820","14460","255","2","94","0","0","3.72","Marvel vs. Capcom 3: Fate of Two Worlds"
"Neo ATLAS 1469","10791","Neo ATLAS 1469","53820","1380","220","1","8","0","0","39","Neo ATLAS 1469"
"Road to Ballhalla","10792","Road to Ballhalla","53820","9180","36","2","61","0","0","5.86","Road to Ballhalla"
"Labyronia RPG","10793","Labyronia RPG","53760","7740","59","2","24","0","0","6.95","Labyronia RPG"
"The Tower SP","10794","The Tower SP","53760","300","229","1","1","0","0","179.2","The Tower SP"
"Inside My Radio","10795","Inside My Radio","53700","46620","30","3","66","0","0","1.15","Inside My Radio"
"Mystery Case Files: 13th Skull","10796","Mystery Case Files: 13th Skull","53700","3120","367","1","9","0","0","17.21","Mystery Case Files: 13th Skull"
"NCAA Basketball","10797","NCAA Basketball","53700","3900","67","1","16","0","0","13.77","NCAA Basketball"
"Parodius","10798","Parodius","53640","9480","343","1","48","0","0","5.66","Parodius"
"Shadow Bug","10799","Shadow Bug","53640","4860","122","1","24","0","0","11.04","Shadow Bug"
"Wonder Boy Returns","10800","Wonder Boy Returns","53640","2400","211","2","25","0","0","22.35","Wonder Boy Returns"