"","","Game","Watch time","Stream time","Peak viewers","Peak channels","Streamers","Average viewers","Average channels","Average viewer ratio",""
"BlazBlue Cross Tag Battle","301","BlazBlue Cross Tag Battle","105128340","4499400","38149","194","7895","200","8","23.36","BlazBlue Cross Tag Battle"
"Friends Marble","302","Friends Marble","105030660","351840","40295","23","696","199","0","298.52","Friends Marble"
"Until Dawn","303","Until Dawn","103125240","2005380","25705","78","13052","196","3","51.42","Until Dawn"
"American Truck Simulator","304","American Truck Simulator","102800100","9855900","11323","140","15818","195","18","10.43","American Truck Simulator"
"FIFA 17","305","FIFA 17","102483960","2274360","7186","23","11571","195","4","45.06","FIFA 17"
"Portal 2","306","Portal 2","102404700","6673800","19078","63","31114","194","12","15.34","Portal 2"
"Red Dead Redemption","307","Red Dead Redemption","101959080","2923680","25393","63","6493","194","5","34.87","Red Dead Redemption"
"Crash Bandicoot: N. Sane Trilogy","308","Crash Bandicoot: N. Sane Trilogy","100391880","5263260","154636","290","29228","191","10","19.07","Crash Bandicoot: N. Sane Trilogy"
"Prime World","309","Prime World","99817440","4638060","968","28","1211","189","8","21.52","Prime World"
"Ni no Kuni II: Revenant Kingdom","310","Ni no Kuni II: Revenant Kingdom","99725580","6735840","30369","528","14718","189","12","14.81","Ni no Kuni II: Revenant Kingdom"
"Battlefield 4","311","Battlefield 4","99699840","21912540","51956","119","70412","189","41","4.55","Battlefield 4"
"SpyParty","312","SpyParty","99635160","593880","79292","45","2083","189","1","167.77","SpyParty"
"Hokuto ga Gotoku","313","Hokuto ga Gotoku","98335980","553560","50661","103","642","187","1","177.64","Hokuto ga Gotoku"
"PixARK","314","PixARK","98017440","3179280","37396","181","5047","186","6","30.83","PixARK"
"The Jackbox Party Pack 4","315","The Jackbox Party Pack 4","97982160","4832220","41342","89","13525","186","9","20.28","The Jackbox Party Pack 4"
"Final Fantasy XI Online","316","Final Fantasy XI Online","97896780","4807680","84113","42","2101","186","9","20.36","Final Fantasy XI Online"
"Creative Destruction","317","Creative Destruction","97889340","9684480","78972","129","24933","186","18","10.11","Creative Destruction"
"MechWarrior Online","318","MechWarrior Online","96066540","6538500","1741","57","3725","182","12","14.69","MechWarrior Online"
"Injustice 2","319","Injustice 2","96039420","4514820","22208","78","15571","182","8","21.27","Injustice 2"
"Super Mario Bros. 3","320","Super Mario Bros. 3","95983500","1564500","163396","31","4007","182","2","61.35","Super Mario Bros. 3"
"Golf With Your Friends","321","Golf With Your Friends","95917440","6109200","46427","62","32791","182","11","15.7","Golf With Your Friends"
"One Hour One Life","322","One Hour One Life","95864940","882360","38148","33","1471","182","1","108.65","One Hour One Life"
"Alien: Isolation","323","Alien: Isolation","95717940","6403920","8447","137","18822","182","12","14.95","Alien: Isolation"
"Doom","324","Doom","95638020","9987480","146417","105","40248","181","19","9.58","Doom"
"Post Scriptum: The Bloody Seventh","325","Post Scriptum: The Bloody Seventh","95490540","2109360","43662","143","4312","181","4","45.27","Post Scriptum: The Bloody Seventh"
"Ragnarok M: Eternal Love","326","Ragnarok M: Eternal Love","94539840","1560000","6722","56","1602","179","2","60.6","Ragnarok M: Eternal Love"
"Super Mario Sunshine","327","Super Mario Sunshine","94248240","2474760","149675","22","4188","179","4","38.08","Super Mario Sunshine"
"Boxing Fight","328","Boxing Fight","93851340","74820","1097362","302","811","178","0","1254.36","Boxing Fight"
"Star Wars Battlefront II","329","Star Wars Battlefront II","93286920","11560080","6284","107","53396","177","21","8.07","Star Wars Battlefront II"
"Pillars of Eternity","330","Pillars of Eternity","93268620","2189820","16860","32","3868","177","4","42.59","Pillars of Eternity"
"Super Seducer 2","331","Super Seducer 2","93237360","521400","30155","38","2085","177","0","178.82","Super Seducer 2"
"E3","332","E3","92072820","237120","566191","1547","2079","175","0","388.3","E3"
"Guilty Gear Xrd REV 2","333","Guilty Gear Xrd REV 2","91480980","1677660","106301","16","3338","174","3","54.53","Guilty Gear Xrd REV 2"
"Astroneer","334","Astroneer","91364280","4419900","28867","61","11819","173","8","20.67","Astroneer"
"Assassin's Creed Origins","335","Assassin's Creed Origins","91219080","12902040","9910","146","51845","173","24","7.07","Assassin's Creed Origins"
"Resident Evil 2 (1998)","336","Resident Evil 2 (1998)","90971700","2534880","56525","31","3619","173","4","35.89","Resident Evil 2 (1998)"
"Call of Cthulhu - The Video Game","337","Call of Cthulhu - The Video Game","90883920","2180580","64344","538","5953","172","4","41.68","Call of Cthulhu - The Video Game"
"Vainglory","338","Vainglory","90658320","4761900","11975","31","4453","172","9","19.04","Vainglory"
"Life Is Strange","339","Life Is Strange","90577080","6994980","14919","56","21409","172","13","12.95","Life Is Strange"
"Final Fantasy VI","340","Final Fantasy VI","90386040","2398560","151839","22","2545","171","4","37.68","Final Fantasy VI"
"Into the Breach","341","Into the Breach","90327780","2058900","39128","220","6207","171","3","43.87","Into the Breach"
"Demon's Souls","342","Demon's Souls","90014100","1056840","11655","28","1308","171","2","85.17","Demon's Souls"
"Hand Simulator","343","Hand Simulator","88446600","1339140","61470","47","12798","168","2","66.05","Hand Simulator"
"The Jackbox Party Pack 5","344","The Jackbox Party Pack 5","87975000","2480280","34796","194","7900","167","4","35.47","The Jackbox Party Pack 5"
"Girls Frontline","345","Girls Frontline","87282540","4861200","2448","68","2676","166","9","17.95","Girls Frontline"
"Planet Coaster","346","Planet Coaster","87116340","3884400","9554","41","10160","165","7","22.43","Planet Coaster"
"Spelunky","347","Spelunky","87060060","1623660","108270","17","4505","165","3","53.62","Spelunky"
"Dungeon Fighter Online","348","Dungeon Fighter Online","86973780","6053160","20714","50","3876","165","11","14.37","Dungeon Fighter Online"
"Board Games","349","Board Games","85447800","1579260","20436","40","2165","162","3","54.11","Board Games"
"Rend","350","Rend","85113660","1745880","28877","204","2694","161","3","48.75","Rend"
"Moonlighter","351","Moonlighter","84858000","2782440","30600","273","8271","161","5","30.5","Moonlighter"
"Horizon Zero Dawn","352","Horizon Zero Dawn","84452040","14092380","19249","102","31619","160","26","5.99","Horizon Zero Dawn"
"theHunter: Call of the Wild","353","theHunter: Call of the Wild","83732160","6893880","27600","52","16766","159","13","12.15","theHunter: Call of the Wild"
"Mutant Year Zero: Road to Eden","354","Mutant Year Zero: Road to Eden","82748280","1351200","43432","196","3199","157","2","61.24","Mutant Year Zero: Road to Eden"
"Battalion 1944","355","Battalion 1944","81727500","4343820","72120","744","11664","155","8","18.81","Battalion 1944"
"Pummel Party","356","Pummel Party","81474480","620100","29664","27","3424","155","1","131.39","Pummel Party"
"The Legend of Zelda: The Wind Waker HD","357","The Legend of Zelda: The Wind Waker HD","81344820","1500480","155299","16","2059","154","2","54.21","The Legend of Zelda: The Wind Waker HD"
"SCP: Secret Laboratory","358","SCP: Secret Laboratory","80885640","3682980","44669","43","13251","153","7","21.96","SCP: Secret Laboratory"
"Mega Man X","359","Mega Man X","78507900","1545780","147745","52","4021","149","2","50.79","Mega Man X"
"Uno","360","Uno","77952720","1740600","38075","46","15636","148","3","44.78","Uno"
"Mortal Kombat X","361","Mortal Kombat X","76960320","5942040","12644","53","27159","146","11","12.95","Mortal Kombat X"
"Prey","362","Prey","76298940","5247780","130067","65","13194","145","9","14.54","Prey"
"The Conjuring House","363","The Conjuring House","76086300","987660","34357","54","2688","144","1","77.04","The Conjuring House"
"Black Squad","364","Black Squad","75148980","11408880","33613","61","21832","142","21","6.59","Black Squad"
"Judgement","365","Judgement","74215800","529680","27266","70","504","141","1","140.11","Judgement"
"Deathgarden","366","Deathgarden","74209500","1894680","56052","492","6719","141","3","39.17","Deathgarden"
"Tom Clancy's Ghost Recon: Wildlands","367","Tom Clancy's Ghost Recon: Wildlands","73866600","14286960","5691","248","51045","140","27","5.17","Tom Clancy's Ghost Recon: Wildlands"
"Pokémon HeartGold/SoulSilver","368","Pokémon HeartGold/SoulSilver","73753740","2404140","13264","27","5386","140","4","30.68","Pokémon HeartGold/SoulSilver"
"Resident Evil HD Remaster","369","Resident Evil HD Remaster","72697200","2652240","114710","41","6091","138","5","27.41","Resident Evil HD Remaster"
"HITMAN","370","HITMAN","72564660","4344060","14876","48","20665","138","8","16.7","HITMAN"
"Papers, Please","371","Papers, Please","72527520","1001820","40920","23","6735","138","1","72.4","Papers, Please"
"Ori and the Blind Forest","372","Ori and the Blind Forest","72340560","4817760","127380","54","13901","137","9","15.02","Ori and the Blind Forest"
"A Hat in Time","373","A Hat in Time","72054780","4275420","173228","182","11721","137","8","16.85","A Hat in Time"
"Warface","374","Warface","71510280","15049860","7190","243","46343","136","28","4.75","Warface"
"Neverwinter","375","Neverwinter","71082240","9957660","14039","58","13632","135","18","7.14","Neverwinter"
"WWE 2K18","376","WWE 2K18","71007600","9082380","18240","79","14760","135","17","7.82","WWE 2K18"
"Board Games Live","377","Board Games Live","70450320","478500","42029","17","684","134","0","147.23","Board Games Live"
"Outlast 2","378","Outlast 2","70096680","4400820","31177","146","22441","133","8","15.93","Outlast 2"
"SOMA","379","SOMA","69715440","4428780","13225","135","18149","132","8","15.74","SOMA"
"Metal Gear Survive","380","Metal Gear Survive","69480240","4433820","44890","331","8913","132","8","15.67","Metal Gear Survive"
"Dead Space","381","Dead Space","68998740","3692880","20112","63","13331","131","7","18.68","Dead Space"
"Cuisine Royale","382","Cuisine Royale","68851140","2840700","58647","126","15407","131","5","24.24","Cuisine Royale"
"Rise of the Tomb Raider","383","Rise of the Tomb Raider","68722680","9791700","120955","91","28074","130","18","7.02","Rise of the Tomb Raider"
"Yu-Gi-Oh! Forbidden Memories","384","Yu-Gi-Oh! Forbidden Memories","68682660","1304340","6665","78","933","130","2","52.66","Yu-Gi-Oh! Forbidden Memories"
"The Evil Within 2","385","The Evil Within 2","68366580","4149420","19248","35","15751","130","7","16.48","The Evil Within 2"
"Metal Gear Solid V: The Phantom Pain","386","Metal Gear Solid V: The Phantom Pain","68321220","8310540","9967","67","22290","130","15","8.22","Metal Gear Solid V: The Phantom Pain"
"Star Wars: The Old Republic","387","Star Wars: The Old Republic","68281080","10250460","2308","68","10004","129","19","6.66","Star Wars: The Old Republic"
"Monster Hunter Generations Ultimate","388","Monster Hunter Generations Ultimate","67727340","4268160","12209","155","3257","128","8","15.87","Monster Hunter Generations Ultimate"
"Gran Turismo Sport","389","Gran Turismo Sport","67171620","2496840","8236","28","3972","127","4","26.9","Gran Turismo Sport"
"Xenoblade Chronicles 2","390","Xenoblade Chronicles 2","67145100","3907560","13177","55","3858","127","7","17.18","Xenoblade Chronicles 2"
"Fallout 3","391","Fallout 3","66575820","4287480","16687","38","9729","126","8","15.53","Fallout 3"
"Makers & Crafting","392","Makers & Crafting","66344400","4278600","11069","76","6341","126","8","15.51","Makers & Crafting"
"Final Fantasy IV","393","Final Fantasy IV","66155580","2519820","178777","81","1825","125","4","26.25","Final Fantasy IV"
"Princess Connect! Re: Dive","394","Princess Connect! Re: Dive","65762580","1195800","9650","33","937","125","2","54.99","Princess Connect! Re: Dive"
"Grand Theft Auto: Vice City","395","Grand Theft Auto: Vice City","65401260","1879140","11066","17","5270","124","3","34.8","Grand Theft Auto: Vice City"
"Eco","396","Eco","65173380","3039120","28790","81","4909","124","5","21.44","Eco"
"Insurgency: Sandstorm","397","Insurgency: Sandstorm","65084640","3223740","46465","120","10405","123","6","20.19","Insurgency: Sandstorm"
"My Time at Portia","398","My Time at Portia","64815840","3052920","39729","69","5421","123","5","21.23","My Time at Portia"
"Gang Beasts","399","Gang Beasts","64740300","2638920","36118","39","21440","123","5","24.53","Gang Beasts"
"Rules of Survival","400","Rules of Survival","63962220","11596980","19127","82","27778","121","22","5.52","Rules of Survival"