"","","Game","Watch time","Stream time","Peak viewers","Peak channels","Streamers","Average viewers","Average channels","Average viewer ratio",""
"King of the Road","10501","King of the Road","59580","4800","119","2","12","0","0","12.41","King of the Road"
"JESUS","10502","JESUS","59580","12000","231","2","22","0","0","4.97","JESUS"
"The Low Road","10503","The Low Road","59580","10200","49","2","42","0","0","5.84","The Low Road"
"Princess Remedy in a Heap of Trouble","10504","Princess Remedy in a Heap of Trouble","59520","14640","46","3","61","0","0","4.07","Princess Remedy in a Heap of Trouble"
"Awesome Possum Kicks Dr. Machino's Butt!","10505","Awesome Possum Kicks Dr. Machino's Butt!","59520","5700","618","4","12","0","0","10.44","Awesome Possum Kicks Dr. Machino's Butt!"
"#killallzombies","10506","#killallzombies","59520","77880","22","3","311","0","0","0.76","#killallzombies"
"Dance Dance Revolution 5thMIX","10507","Dance Dance Revolution 5thMIX","59520","2940","123","1","12","0","0","20.24","Dance Dance Revolution 5thMIX"
"Age of Magic","10508","Age of Magic","59520","14400","101","3","41","0","0","4.13","Age of Magic"
"Nancy Drew","10509","Nancy Drew","59460","17220","21","2","27","0","0","3.45","Nancy Drew"
"The Survivors","10510","The Survivors","59460","2880","423","5","22","0","0","20.65","The Survivors"
"The Cooking Game","10511","The Cooking Game","59400","3420","385","1","28","0","0","17.37","The Cooking Game"
"Teddy Floppy Ear - Kayaking","10512","Teddy Floppy Ear - Kayaking","59340","3540","295","2","30","0","0","16.76","Teddy Floppy Ear - Kayaking"
"Samurai Riot","10513","Samurai Riot","59340","3300","354","1","9","0","0","17.98","Samurai Riot"
"Tecmo Cup Soccer Game","10514","Tecmo Cup Soccer Game","59340","600","1709","2","6","0","0","98.9","Tecmo Cup Soccer Game"
"MouseCraft","10515","MouseCraft","59220","7800","272","2","25","0","0","7.59","MouseCraft"
"Pokémon Box","10516","Pokémon Box","59160","26700","15","2","40","0","0","2.22","Pokémon Box"
"DJ Hero 2","10517","DJ Hero 2","59100","20760","37","2","82","0","0","2.85","DJ Hero 2"
"Master Arena","10518","Master Arena","59100","11040","183","4","47","0","0","5.35","Master Arena"
"Harvest Moon: More Friends of Mineral Town","10519","Harvest Moon: More Friends of Mineral Town","59040","13260","31","2","43","0","0","4.45","Harvest Moon: More Friends of Mineral Town"
"Rohan Online: Blood Feud","10520","Rohan Online: Blood Feud","58980","36960","21","3","29","0","0","1.6","Rohan Online: Blood Feud"
"Spycraft: The Great Game","10521","Spycraft: The Great Game","58980","1620","312","1","8","0","0","36.41","Spycraft: The Great Game"
"The Peace Keepers","10522","The Peace Keepers","58920","12120","103","1","15","0","0","4.86","The Peace Keepers"
"Halo: Spartan Assault","10523","Halo: Spartan Assault","58920","26820","118","2","157","0","0","2.2","Halo: Spartan Assault"
"Refrain no Chika Meikyuu to Majo no Ryodan","10524","Refrain no Chika Meikyuu to Majo no Ryodan","58920","900","204","1","3","0","0","65.47","Refrain no Chika Meikyuu to Majo no Ryodan"
"Atelier Online: Alchemist of Bressisle","10525","Atelier Online: Alchemist of Bressisle","58920","11160","39","3","24","0","0","5.28","Atelier Online: Alchemist of Bressisle"
"Iron Throne","10526","Iron Throne","58860","23700","33","3","28","0","0","2.48","Iron Throne"
"StarBreak","10527","StarBreak","58860","23280","26","3","94","0","0","2.53","StarBreak"
"Gear Up","10528","Gear Up","58740","20460","48","3","104","0","0","2.87","Gear Up"
"Chaos Code","10529","Chaos Code","58740","2940","518","1","6","0","0","19.98","Chaos Code"
"Midnight Scenes: The Highway","10530","Midnight Scenes: The Highway","58740","4440","146","2","39","0","0","13.23","Midnight Scenes: The Highway"
"Waifu Fight: Dango Style","10531","Waifu Fight: Dango Style","58740","9780","42","3","16","0","0","6.01","Waifu Fight: Dango Style"
"Road to Eden","10532","Road to Eden","58740","12120","120","3","13","0","0","4.85","Road to Eden"
"Armed Police Batrider","10533","Armed Police Batrider","58680","3780","72","2","9","0","0","15.52","Armed Police Batrider"
"Steel Ocean","10534","Steel Ocean","58620","42060","51","3","81","0","0","1.39","Steel Ocean"
"Atomega","10535","Atomega","58620","12840","100","3","72","0","0","4.57","Atomega"
"Sítio do Picapau Amarelo","10536","Sítio do Picapau Amarelo","58560","180","594","1","2","0","0","325.33","Sítio do Picapau Amarelo"
"Sine Mora","10537","Sine Mora","58560","30060","49","2","87","0","0","1.95","Sine Mora"
"Knuckle Bash","10538","Knuckle Bash","58500","1320","960","1","4","0","0","44.32","Knuckle Bash"
"Geneshift","10539","Geneshift","58500","15300","106","9","144","0","0","3.82","Geneshift"
"defly.io","10540","defly.io","58500","25620","155","2","24","0","0","2.28","defly.io"
"Tetsuwan Atom","10541","Tetsuwan Atom","58440","1380","73","1","2","0","0","42.35","Tetsuwan Atom"
"Tina's Toy Factory","10542","Tina's Toy Factory","58440","720","963","1","4","0","0","81.17","Tina's Toy Factory"
"Shin Megami Tensei II","10543","Shin Megami Tensei II","58440","18120","117","2","29","0","0","3.23","Shin Megami Tensei II"
"King Kong 2: Ikari no Megaton Punch","10544","King Kong 2: Ikari no Megaton Punch","58380","300","235","1","1","0","0","194.6","King Kong 2: Ikari no Megaton Punch"
"Zumba Fitness","10545","Zumba Fitness","58380","420","672","1","4","0","0","139","Zumba Fitness"
"AVARIAvs","10546","AVARIAvs","58380","9660","28","3","19","0","0","6.04","AVARIAvs"
"Bakumatsu Jinchuu Houkoku Resshiden Miburo","10547","Bakumatsu Jinchuu Houkoku Resshiden Miburo","58380","2880","41","1","1","0","0","20.27","Bakumatsu Jinchuu Houkoku Resshiden Miburo"
"Ys Eternal","10548","Ys Eternal","58380","780","201","1","3","0","0","74.85","Ys Eternal"
"Star Ocean","10549","Star Ocean","58320","36780","41","2","100","0","0","1.59","Star Ocean"
"IL-2 Sturmovik: Cliffs of Dover","10550","IL-2 Sturmovik: Cliffs of Dover","58260","38820","18","4","62","0","0","1.5","IL-2 Sturmovik: Cliffs of Dover"
"WRC 5","10551","WRC 5","58260","40920","140","3","239","0","0","1.42","WRC 5"
"Blackwell Unbound","10552","Blackwell Unbound","58260","10380","40","2","39","0","0","5.61","Blackwell Unbound"
"Elite","10553","Elite","58260","26580","120","2","75","0","0","2.19","Elite"
"Star Wars: Demolition","10554","Star Wars: Demolition","58200","1260","241","1","8","0","0","46.19","Star Wars: Demolition"
"Hellboy: Asylum Seeker","10555","Hellboy: Asylum Seeker","58200","2520","282","2","9","0","0","23.1","Hellboy: Asylum Seeker"
"Pizza Tycoon","10556","Pizza Tycoon","58200","5880","529","1","23","0","0","9.9","Pizza Tycoon"
"50 Cent: Blood on the Sand","10557","50 Cent: Blood on the Sand","58200","10380","83","2","28","0","0","5.61","50 Cent: Blood on the Sand"
"Damnation","10558","Damnation","58200","7740","39","1","26","0","0","7.52","Damnation"
"vridniX","10559","vridniX","58200","2280","379","2","18","0","0","25.53","vridniX"
"Digimon Rumble Arena","10560","Digimon Rumble Arena","58140","10020","105","2","56","0","0","5.8","Digimon Rumble Arena"
"Nekketsu Tairiku: Burning Heroes","10561","Nekketsu Tairiku: Burning Heroes","58140","1680","150","1","2","0","0","34.61","Nekketsu Tairiku: Burning Heroes"
"Burning Rangers","10562","Burning Rangers","58140","6660","195","2","31","0","0","8.73","Burning Rangers"
"Tales of Graces F / Tales of Symphonia Chronicles","10563","Tales of Graces F / Tales of Symphonia Chronicles","58140","8220","16","1","7","0","0","7.07","Tales of Graces F / Tales of Symphonia Chronicles"
"My Lil' Donut","10564","My Lil' Donut","58140","60","1332","1","1","0","0","969","My Lil' Donut"
"Tower","10565","Tower","58080","3660","374","1","15","0","0","15.87","Tower"
"Ridge Racer","10566","Ridge Racer","58080","9480","657","2","57","0","0","6.13","Ridge Racer"
"Madden NFL 08","10567","Madden NFL 08","58080","73860","9","3","52","0","0","0.79","Madden NFL 08"
"ArchLord","10568","ArchLord","58080","28080","28","3","35","0","0","2.07","ArchLord"
"Pacman for GEM","10569","Pacman for GEM","58020","5940","200","2","36","0","0","9.77","Pacman for GEM"
"Maia","10570","Maia","57960","5700","325","1","22","0","0","10.17","Maia"
"Space Quest: The Sarien Encounter","10571","Space Quest: The Sarien Encounter","57900","7020","129","2","27","0","0","8.25","Space Quest: The Sarien Encounter"
"MDK","10572","MDK","57900","10440","118","2","41","0","0","5.55","MDK"
"Evie","10573","Evie","57900","3540","181","2","36","0","0","16.36","Evie"
"Slash It Ultimate","10574","Slash It Ultimate","57840","3720","474","1","34","0","0","15.55","Slash It Ultimate"
"Disney's Magical Quest 3 starring Mickey and Donald","10575","Disney's Magical Quest 3 starring Mickey and Donald","57840","7800","271","2","25","0","0","7.42","Disney's Magical Quest 3 starring Mickey and Donald"
"Ironsword: Wizards & Warriors II","10576","Ironsword: Wizards & Warriors II","57840","3360","374","1","19","0","0","17.21","Ironsword: Wizards & Warriors II"
"Test Drive: Off-Road 3","10577","Test Drive: Off-Road 3","57840","2400","368","1","14","0","0","24.1","Test Drive: Off-Road 3"
"Street Fighter Series","10578","Street Fighter Series","57840","5040","218","2","12","0","0","11.48","Street Fighter Series"
"Extreme Exorcism","10579","Extreme Exorcism","57840","35100","64","3","312","0","0","1.65","Extreme Exorcism"
"The House of the Dead 4","10580","The House of the Dead 4","57780","1860","186","1","17","0","0","31.06","The House of the Dead 4"
"Playboy: The Mansion","10581","Playboy: The Mansion","57780","2400","302","1","15","0","0","24.08","Playboy: The Mansion"
"Stone Age","10582","Stone Age","57780","9900","98","2","31","0","0","5.84","Stone Age"
"Kal Online","10583","Kal Online","57720","29280","19","3","55","0","0","1.97","Kal Online"
"Learn to Fly 3","10584","Learn to Fly 3","57720","22140","86","2","167","0","0","2.61","Learn to Fly 3"
"The Grey Garden","10585","The Grey Garden","57720","7320","95","2","23","0","0","7.89","The Grey Garden"
"Times of Lore","10586","Times of Lore","57720","480","274","1","2","0","0","120.25","Times of Lore"
"Tempest: Pirate Action RPG","10587","Tempest: Pirate Action RPG","57660","16080","67","2","66","0","0","3.59","Tempest: Pirate Action RPG"
"Extopia","10588","Extopia","57660","13080","102","5","63","0","0","4.41","Extopia"
"Game Over Quest","10589","Game Over Quest","57660","1380","152","2","3","0","0","41.78","Game Over Quest"
"Subsurface Circular","10590","Subsurface Circular","57600","18000","96","2","104","0","0","3.2","Subsurface Circular"
"Fast Break Basketball 2001","10591","Fast Break Basketball 2001","57600","660","318","1","3","0","0","87.27","Fast Break Basketball 2001"
"Kio's Adventure","10592","Kio's Adventure","57600","13980","36","2","72","0","0","4.12","Kio's Adventure"
"Scania Truck Driving Simulator: The Game","10593","Scania Truck Driving Simulator: The Game","57600","10560","206","2","75","0","0","5.45","Scania Truck Driving Simulator: The Game"
"Circuits","10594","Circuits","57540","5460","156","2","33","0","0","10.54","Circuits"
"Grave Danger","10595","Grave Danger","57540","2700","298","1","12","0","0","21.31","Grave Danger"
"Moai Kun","10596","Moai Kun","57540","5460","697","1","10","0","0","10.54","Moai Kun"
"Escape Dead Island","10597","Escape Dead Island","57480","14160","295","2","50","0","0","4.06","Escape Dead Island"
"Madden NFL 06","10598","Madden NFL 06","57480","11460","258","8","33","0","0","5.02","Madden NFL 06"
"Lunar: Walking School","10599","Lunar: Walking School","57480","2160","136","1","3","0","0","26.61","Lunar: Walking School"
"Miner Disturbance","10600","Miner Disturbance","57420","420","822","1","3","0","0","136.71","Miner Disturbance"