"","","Game","Watch time","Stream time","Peak viewers","Peak channels","Streamers","Average viewers","Average channels","Average viewer ratio",""
"Tanki X","5101","Tanki X","567960","64200","543","3","211","1","0","8.85","Tanki X"
"Gag: Het Impotentie-Mysterie","5102","Gag: Het Impotentie-Mysterie","567720","1020","2280","1","3","1","0","556.59","Gag: Het Impotentie-Mysterie"
"NothingElse","5103","NothingElse","567240","465300","1525","5","773","1","0","1.22","NothingElse"
"Draw a Stickman: EPIC","5104","Draw a Stickman: EPIC","566580","9540","2594","1","71","1","0","59.39","Draw a Stickman: EPIC"
"The King of Fighters XI","5105","The King of Fighters XI","566520","8880","7077","2","28","1","0","63.8","The King of Fighters XI"
"Dungeon Keeper","5106","Dungeon Keeper","566400","196320","602","4","206","1","0","2.89","Dungeon Keeper"
"The King of Fighters '98 Ultimate Match","5107","The King of Fighters '98 Ultimate Match","566160","49080","1221","3","183","1","0","11.54","The King of Fighters '98 Ultimate Match"
"Draw a Stickman: EPIC 2","5108","Draw a Stickman: EPIC 2","566160","7920","2374","1","43","1","0","71.48","Draw a Stickman: EPIC 2"
"Solitaire: Cat Pirate Portrait","5109","Solitaire: Cat Pirate Portrait","566100","180","3368","1","1","1","0","3145","Solitaire: Cat Pirate Portrait"
"NEXT JUMP: Shmup Tactics","5110","NEXT JUMP: Shmup Tactics","565920","2340","2015","1","14","1","0","241.85","NEXT JUMP: Shmup Tactics"
"The Goonies II","5111","The Goonies II","565560","24660","1407","3","47","1","0","22.93","The Goonies II"
"Deep Dungeons of Doom","5112","Deep Dungeons of Doom","565380","8400","9184","2","61","1","0","67.31","Deep Dungeons of Doom"
"Tower of Guns","5113","Tower of Guns","565320","54420","1333","3","287","1","0","10.39","Tower of Guns"
"Deployment","5114","Deployment","564900","65880","3657","5","229","1","0","8.57","Deployment"
"Marble Void","5115","Marble Void","564600","2340","5783","2","8","1","0","241.28","Marble Void"
"Super Impossible Road","5116","Super Impossible Road","564600","8640","28760","4","22","1","0","65.35","Super Impossible Road"
"Super Monkey Ball Deluxe","5117","Super Monkey Ball Deluxe","564480","32340","1777","4","78","1","0","17.45","Super Monkey Ball Deluxe"
"Jackass: The Game","5118","Jackass: The Game","564300","2760","4559","2","22","1","0","204.46","Jackass: The Game"
"MySims Kingdom","5119","MySims Kingdom","564240","7920","3376","1","19","1","0","71.24","MySims Kingdom"
"Saint Seiya: Soldiers' Soul","5120","Saint Seiya: Soldiers' Soul","562920","124200","932","4","513","1","0","4.53","Saint Seiya: Soldiers' Soul"
"Progress Quest","5121","Progress Quest","562860","104160","5715","3","51","1","0","5.4","Progress Quest"
"Jeopady!","5122","Jeopady!","562200","6480","3055","2","24","1","0","86.76","Jeopady!"
"MXGP","5123","MXGP","561240","7380","3591","3","49","1","0","76.05","MXGP"
"Blacklight Retribution","5124","Blacklight Retribution","560760","239040","59","6","6150","1","0","2.35","Blacklight Retribution"
"Life Game","5125","Life Game","560700","840","31406","2","7","1","0","667.5","Life Game"
"Prince of Persia: The Forgotten Sands","5126","Prince of Persia: The Forgotten Sands","559980","69180","2093","4","218","1","0","8.09","Prince of Persia: The Forgotten Sands"
"Isoland","5127","Isoland","559920","4200","1503","2","16","1","0","133.31","Isoland"
"Twinkle Star Sprites","5128","Twinkle Star Sprites","559860","27780","3217","3","158","1","0","20.15","Twinkle Star Sprites"
"Total War: Three Kingdoms","5129","Total War: Three Kingdoms","559320","3840","2094","2","13","1","0","145.66","Total War: Three Kingdoms"
"Potatoman Seeks The Troof","5130","Potatoman Seeks The Troof","558960","6000","3909","1","51","1","0","93.16","Potatoman Seeks The Troof"
"Pepsi Invaders","5131","Pepsi Invaders","558840","960","2884","1","4","1","0","582.13","Pepsi Invaders"
"Tender Loving Care","5132","Tender Loving Care","558420","18600","642","2","39","1","0","30.02","Tender Loving Care"
"Mountain","5133","Mountain","558360","120780","4408","3","307","1","0","4.62","Mountain"
"Day of Defeat: Source","5134","Day of Defeat: Source","557820","223320","282","5","761","1","0","2.5","Day of Defeat: Source"
"Dr. Langeskov, The Tiger, and The Terribly Cursed Emerald: A Whirlwind Heist","5135","Dr. Langeskov, The Tiger, and The Terribly Cursed Emerald: A Whirlwind Heist","557760","20220","5758","2","228","1","0","27.58","Dr. Langeskov, The Tiger, and The Terribly Cursed Emerald: A Whirlwind Heist"
"Beetle Adventure Racing!","5136","Beetle Adventure Racing!","557580","23640","388","2","27","1","0","23.59","Beetle Adventure Racing!"
"Madness of the Architect","5137","Madness of the Architect","557460","240","9641","1","3","1","0","2322.75","Madness of the Architect"
"Ballistic Mini Golf","5138","Ballistic Mini Golf","557160","4860","8829","4","38","1","0","114.64","Ballistic Mini Golf"
"Get Out","5139","Get Out","556860","2220","2854","2","14","1","0","250.84","Get Out"
"Dungeons of Tal'Doria","5140","Dungeons of Tal'Doria","556800","6240","2720","2","27","1","0","89.23","Dungeons of Tal'Doria"
"Trash Panic","5141","Trash Panic","556740","780","3160","1","6","1","0","713.77","Trash Panic"
"Age of Empires II: HD Edition","5142","Age of Empires II: HD Edition","556320","43440","1111","24","428","1","0","12.81","Age of Empires II: HD Edition"
"Midnight Club: Los Angeles","5143","Midnight Club: Los Angeles","556140","38460","285","5","134","1","0","14.46","Midnight Club: Los Angeles"
"Grabbed by the Ghoulies","5144","Grabbed by the Ghoulies","556140","13500","827","2","71","1","0","41.2","Grabbed by the Ghoulies"
"Dance Dance Revolution EXTREME","5145","Dance Dance Revolution EXTREME","556020","49320","457","2","81","1","0","11.27","Dance Dance Revolution EXTREME"
"RPG Maker VX","5146","RPG Maker VX","555840","71580","290","4","211","1","0","7.77","RPG Maker VX"
"Fausts Alptraum","5147","Fausts Alptraum","555180","35160","1122","2","113","1","0","15.79","Fausts Alptraum"
"Bugs Bunny","5148","Bugs Bunny","555120","1440","6474","2","10","1","0","385.5","Bugs Bunny"
"Metal Max Xeno","5149","Metal Max Xeno","554400","93240","223","16","134","1","0","5.95","Metal Max Xeno"
"Transport Tycoon","5150","Transport Tycoon","554100","116340","1322","4","407","1","0","4.76","Transport Tycoon"
"Swordsman","5151","Swordsman","553860","9780","4278","2","35","1","0","56.63","Swordsman"
"Onechanbara Z2: Chaos","5152","Onechanbara Z2: Chaos","553860","61740","1028","2","260","1","0","8.97","Onechanbara Z2: Chaos"
"The Cursed Crusade","5153","The Cursed Crusade","552720","6660","3202","2","18","1","0","82.99","The Cursed Crusade"
"Nitronic Rush","5154","Nitronic Rush","552600","8280","17548","5","50","1","0","66.74","Nitronic Rush"
"Rad Rodgers","5155","Rad Rodgers","552600","42780","1492","6","262","1","0","12.92","Rad Rodgers"
"Ultimate Mortal Kombat 3","5156","Ultimate Mortal Kombat 3","552120","67500","344","4","208","1","0","8.18","Ultimate Mortal Kombat 3"
"Karnov's Revenge","5157","Karnov's Revenge","551520","9780","2655","2","40","1","0","56.39","Karnov's Revenge"
"Knack 2","5158","Knack 2","551460","130380","1683","3","629","1","0","4.23","Knack 2"
"Dragon Ball Z: Super Butoden 2","5159","Dragon Ball Z: Super Butoden 2","551400","3420","7914","1","24","1","0","161.23","Dragon Ball Z: Super Butoden 2"
"The Plague","5160","The Plague","551100","2040","11014","2","11","1","0","270.15","The Plague"
"Conan","5161","Conan","550920","59820","311","5","219","1","0","9.21","Conan"
"Flash Flash Revolution","5162","Flash Flash Revolution","550500","166320","102","4","423","1","0","3.31","Flash Flash Revolution"
"The Day","5163","The Day","550500","60780","3014","10","241","1","0","9.06","The Day"
"Loom","5164","Loom","550320","13380","1150","2","67","1","0","41.13","Loom"
"Legacy of Kain: Defiance","5165","Legacy of Kain: Defiance","549000","60120","4578","5","143","1","0","9.13","Legacy of Kain: Defiance"
"Awesome Metal Detecting","5166","Awesome Metal Detecting","549000","5400","2329","3","36","1","0","101.67","Awesome Metal Detecting"
"Keplerth","5167","Keplerth","548820","33540","658","4","105","1","0","16.36","Keplerth"
"The Last Blade 2","5168","The Last Blade 2","548640","21900","6666","2","90","1","0","25.05","The Last Blade 2"
"FAST RMX","5169","FAST RMX","548520","19620","3629","2","105","1","0","27.96","FAST RMX"
"Fly Simulator","5170","Fly Simulator","548400","10620","3430","2","105","1","0","51.64","Fly Simulator"
"klocki","5171","klocki","548340","2580","5887","2","24","1","0","212.53","klocki"
"God of War Saga","5172","God of War Saga","547920","62460","1100","4","147","1","0","8.77","God of War Saga"
"Magic Duels","5173","Magic Duels","547800","332520","271","7","1162","1","0","1.65","Magic Duels"
"Sir, You Are Being Hunted","5174","Sir, You Are Being Hunted","547080","41400","2776","3","270","1","0","13.21","Sir, You Are Being Hunted"
"Halo 3: ODST","5175","Halo 3: ODST","546960","86880","300","4","239","1","0","6.3","Halo 3: ODST"
"Harry Potter: Quidditch World Cup","5176","Harry Potter: Quidditch World Cup","546780","18180","3142","4","82","1","0","30.08","Harry Potter: Quidditch World Cup"
"Solidus","5177","Solidus","546780","2280","1807","1","7","1","0","239.82","Solidus"
"Equinox","5178","Equinox","546540","6000","2806","2","20","1","0","91.09","Equinox"
"Fairy Fencer F: Advent Dark Force","5179","Fairy Fencer F: Advent Dark Force","546180","166980","206","4","480","1","0","3.27","Fairy Fencer F: Advent Dark Force"
"Patapon 3","5180","Patapon 3","545220","26280","2166","3","93","1","0","20.75","Patapon 3"
"Gal*Gun VR","5181","Gal*Gun VR","544860","9000","4057","2","69","1","0","60.54","Gal*Gun VR"
"Zula Brasil","5182","Zula Brasil","543900","121080","494","6","446","1","0","4.49","Zula Brasil"
"Super Knockoff Versus","5183","Super Knockoff Versus","543120","1140","1485","2","6","1","0","476.42","Super Knockoff Versus"
"Mega Man Star Force","5184","Mega Man Star Force","543120","40980","1508","4","45","1","0","13.25","Mega Man Star Force"
"Stasis","5185","Stasis","542940","42300","419","3","95","1","0","12.84","Stasis"
"Star Fox","5186","Star Fox","541680","67260","1414","4","448","1","0","8.05","Star Fox"
"Albino Lullaby","5187","Albino Lullaby","540720","6360","2963","2","42","1","0","85.02","Albino Lullaby"
"BMX Pipe","5188","BMX Pipe","540240","117780","18047","4","656","1","0","4.59","BMX Pipe"
"Mega Man Xtreme","5189","Mega Man Xtreme","539880","8640","1840","1","36","1","0","62.49","Mega Man Xtreme"
"while True: learn()","5190","while True: learn()","539820","33840","1733","3","154","1","0","15.95","while True: learn()"
"The Pinball Arcade","5191","The Pinball Arcade","538560","97560","367","4","221","1","0","5.52","The Pinball Arcade"
"The Lord of the Rings: War in the North","5192","The Lord of the Rings: War in the North","538560","161820","253","7","562","1","0","3.33","The Lord of the Rings: War in the North"
"Bulletstorm","5193","Bulletstorm","538140","69480","790","3","281","1","0","7.75","Bulletstorm"
"Shrek Extra Large","5194","Shrek Extra Large","538140","16200","3177","2","26","1","0","33.22","Shrek Extra Large"
"Love","5195","Love","537780","18960","7284","3","87","1","0","28.36","Love"
"Ghost Trick: Phantom Detective","5196","Ghost Trick: Phantom Detective","537720","66060","95","3","102","1","0","8.14","Ghost Trick: Phantom Detective"
"Bust-A-Move","5197","Bust-A-Move","537660","12180","1380","2","43","1","0","44.14","Bust-A-Move"
"Lara Croft and the Temple of Osiris","5198","Lara Croft and the Temple of Osiris","537120","112920","912","4","546","1","0","4.76","Lara Croft and the Temple of Osiris"
"HoPiKo","5199","HoPiKo","536940","113700","23","2","29","1","0","4.72","HoPiKo"
"Gunsmith","5200","Gunsmith","536820","22320","2944","4","81","1","0","24.05","Gunsmith"