"","","Game","Watch time","Stream time","Peak viewers","Peak channels","Streamers","Average viewers","Average channels","Average viewer ratio",""
"Switch!","7701","Switch!","170640","25200","2159","2","100","0","0","6.77","Switch!"
"Sesame Street Sports","7702","Sesame Street Sports","170580","960","1380","1","8","0","0","177.69","Sesame Street Sports"
"Puzzle Quest Magic: The Gathering","7703","Puzzle Quest Magic: The Gathering","170520","2220","865","1","11","0","0","76.81","Puzzle Quest Magic: The Gathering"
"Jack In the Box","7704","Jack In the Box","170460","19020","391","3","101","0","0","8.96","Jack In the Box"
"Resogun","7705","Resogun","170400","109080","187","4","432","0","0","1.56","Resogun"
"Cute Pets","7706","Cute Pets","170400","207420","47","5","43","0","0","0.82","Cute Pets"
"Last Chaos","7707","Last Chaos","170280","65880","119","3","144","0","0","2.58","Last Chaos"
"Bubble Trouble","7708","Bubble Trouble","170100","4080","964","3","30","0","0","41.69","Bubble Trouble"
"Trickster Online","7709","Trickster Online","170100","74760","67","4","76","0","0","2.28","Trickster Online"
"Stygian: Reign of the Old Ones","7710","Stygian: Reign of the Old Ones","170100","3780","711","1","25","0","0","45","Stygian: Reign of the Old Ones"
"Driftland: The Magic Revival","7711","Driftland: The Magic Revival","169980","30360","426","2","129","0","0","5.6","Driftland: The Magic Revival"
"Probability 0","7712","Probability 0","169980","900","932","1","6","0","0","188.87","Probability 0"
"Sound Voltex III Gravity Wars e-Amusement Cloud","7713","Sound Voltex III Gravity Wars e-Amusement Cloud","169920","57840","155","3","104","0","0","2.94","Sound Voltex III Gravity Wars e-Amusement Cloud"
"Nin Online","7714","Nin Online","169920","14580","84","2","29","0","0","11.65","Nin Online"
"Guitar Hero: Metallica","7715","Guitar Hero: Metallica","169860","15300","757","3","104","0","0","11.1","Guitar Hero: Metallica"
"Brothers in Arms: Hell's Highway","7716","Brothers in Arms: Hell's Highway","169800","40020","848","2","145","0","0","4.24","Brothers in Arms: Hell's Highway"
"Nancy Drew: The Creature of Kapu Cave","7717","Nancy Drew: The Creature of Kapu Cave","169800","6780","386","1","19","0","0","25.04","Nancy Drew: The Creature of Kapu Cave"
"SWAT Kats: The Radical Squadron","7718","SWAT Kats: The Radical Squadron","169740","2340","1309","1","13","0","0","72.54","SWAT Kats: The Radical Squadron"
"Ehrgeiz: God Bless the Ring","7719","Ehrgeiz: God Bless the Ring","169620","18420","915","4","56","0","0","9.21","Ehrgeiz: God Bless the Ring"
"Dungeons & Dragons: Shadow Over Mystara","7720","Dungeons & Dragons: Shadow Over Mystara","169620","15900","854","2","82","0","0","10.67","Dungeons & Dragons: Shadow Over Mystara"
"Heat","7721","Heat","169620","2400","1697","7","17","0","0","70.68","Heat"
"Ski Region Simulator 2012","7722","Ski Region Simulator 2012","169620","3000","665","2","20","0","0","56.54","Ski Region Simulator 2012"
"The Book of Unwritten Tales: The Critter Chronicles","7723","The Book of Unwritten Tales: The Critter Chronicles","169560","12120","238","2","30","0","0","13.99","The Book of Unwritten Tales: The Critter Chronicles"
"Hajime no Ippo: The Fighting! 2: Victorious Road","7724","Hajime no Ippo: The Fighting! 2: Victorious Road","169500","2220","341","1","5","0","0","76.35","Hajime no Ippo: The Fighting! 2: Victorious Road"
"Maui Mallard in Cold Shadow","7725","Maui Mallard in Cold Shadow","169440","10380","343","8","56","0","0","16.32","Maui Mallard in Cold Shadow"
"Metal Gear Online","7726","Metal Gear Online","169320","57240","191","3","91","0","0","2.96","Metal Gear Online"
"Fruit Ninja VR","7727","Fruit Ninja VR","169320","13620","614","2","193","0","0","12.43","Fruit Ninja VR"
"Wonder Boy in Monster World","7728","Wonder Boy in Monster World","169080","29460","37","3","60","0","0","5.74","Wonder Boy in Monster World"
"Jessica's Cupcake Cafe","7729","Jessica's Cupcake Cafe","169080","360","2726","1","3","0","0","469.67","Jessica's Cupcake Cafe"
"Rambo","7730","Rambo","169020","8580","512","1","17","0","0","19.7","Rambo"
"Rad Racer","7731","Rad Racer","168960","7320","464","2","28","0","0","23.08","Rad Racer"
"Bubsy in: Claws Encounters of the Furred Kind","7732","Bubsy in: Claws Encounters of the Furred Kind","168960","16380","130","2","76","0","0","10.32","Bubsy in: Claws Encounters of the Furred Kind"
"Torin's Passage","7733","Torin's Passage","168900","8580","1448","2","23","0","0","19.69","Torin's Passage"
"Hokuto no Ken: Shinpan no Sousousei Kengou Retsuden","7734","Hokuto no Ken: Shinpan no Sousousei Kengou Retsuden","168780","7380","459","1","17","0","0","22.87","Hokuto no Ken: Shinpan no Sousousei Kengou Retsuden"
"WWE WrestleMania","7735","WWE WrestleMania","168720","4320","2635","8","24","0","0","39.06","WWE WrestleMania"
"Hunter X Hunter: Greed Island","7736","Hunter X Hunter: Greed Island","168720","2700","442","1","11","0","0","62.49","Hunter X Hunter: Greed Island"
"PewDiePie: Legend of Brofist","7737","PewDiePie: Legend of Brofist","168660","29940","393","3","121","0","0","5.63","PewDiePie: Legend of Brofist"
"Speed Dating for Ghosts","7738","Speed Dating for Ghosts","168540","13740","372","2","84","0","0","12.27","Speed Dating for Ghosts"
"Flashback: The Quest for Identity","7739","Flashback: The Quest for Identity","168480","18300","134","2","61","0","0","9.21","Flashback: The Quest for Identity"
"NBA Street Vol. 2","7740","NBA Street Vol. 2","168240","19680","524","3","87","0","0","8.55","NBA Street Vol. 2"
"Utawarerumono","7741","Utawarerumono","168180","26160","45","4","26","0","0","6.43","Utawarerumono"
"Chip 'N Dale Rescue Rangers: The Adventure in Nimnul's Castle","7742","Chip 'N Dale Rescue Rangers: The Adventure in Nimnul's Castle","168060","840","1461","1","5","0","0","200.07","Chip 'N Dale Rescue Rangers: The Adventure in Nimnul's Castle"
"Space Ace","7743","Space Ace","167880","4620","1834","1","23","0","0","36.34","Space Ace"
"Driver 2: The Wheelman is Back","7744","Driver 2: The Wheelman is Back","167760","23760","134","3","76","0","0","7.06","Driver 2: The Wheelman is Back"
"Asemblance","7745","Asemblance","167760","24120","351","3","149","0","0","6.96","Asemblance"
"Texas Hold'em","7746","Texas Hold'em","167700","12660","888","2","60","0","0","13.25","Texas Hold'em"
"Yoshi","7747","Yoshi","167640","16620","676","2","74","0","0","10.09","Yoshi"
"Velocity 2X","7748","Velocity 2X","167580","2400","721","2","37","0","0","69.83","Velocity 2X"
"Pig Eat Ball","7749","Pig Eat Ball","167580","2820","2471","1","23","0","0","59.43","Pig Eat Ball"
"Bubsy: The Woolies Strike Back","7750","Bubsy: The Woolies Strike Back","167580","21720","455","2","139","0","0","7.72","Bubsy: The Woolies Strike Back"
"Mohawk & Headphone Jack","7751","Mohawk & Headphone Jack","167520","2520","362","1","7","0","0","66.48","Mohawk & Headphone Jack"
"RocketsRocketsRockets","7752","RocketsRocketsRockets","167520","2340","2604","1","19","0","0","71.59","RocketsRocketsRockets"
"Rugrats: Search for Reptar","7753","Rugrats: Search for Reptar","167400","22860","199","2","78","0","0","7.32","Rugrats: Search for Reptar"
"Warriors All-Stars","7754","Warriors All-Stars","167400","115920","46","4","311","0","0","1.44","Warriors All-Stars"
"Civilization: Beyond Earth - Rising Tide","7755","Civilization: Beyond Earth - Rising Tide","167340","23640","156","2","77","0","0","7.08","Civilization: Beyond Earth - Rising Tide"
"Endless Inside","7756","Endless Inside","167160","360","1419","1","3","0","0","464.33","Endless Inside"
"THE iDOLM@STER Cinderella Girls: Gravure For You! Vol. 8","7757","THE iDOLM@STER Cinderella Girls: Gravure For You! Vol. 8","167160","480","1370","1","4","0","0","348.25","THE iDOLM@STER Cinderella Girls: Gravure For You! Vol. 8"
"Warhammer 40,000: Dawn of War II: Chaos Rising","7758","Warhammer 40,000: Dawn of War II: Chaos Rising","167040","39300","168","2","112","0","0","4.25","Warhammer 40,000: Dawn of War II: Chaos Rising"
"Ty the Tasmanian Tiger 2: Bush Rescue","7759","Ty the Tasmanian Tiger 2: Bush Rescue","166920","58320","67","2","190","0","0","2.86","Ty the Tasmanian Tiger 2: Bush Rescue"
"Digimon World: Dusk/Dawn","7760","Digimon World: Dusk/Dawn","166920","39840","51","3","56","0","0","4.19","Digimon World: Dusk/Dawn"
"Rez Infinite","7761","Rez Infinite","166920","63180","281","3","381","0","0","2.64","Rez Infinite"
"Vandals","7762","Vandals","166740","3900","1595","1","20","0","0","42.75","Vandals"
"The Bug Butcher","7763","The Bug Butcher","166620","26640","240","6","178","0","0","6.25","The Bug Butcher"
"NaissanceE","7764","NaissanceE","166560","32460","249","3","133","0","0","5.13","NaissanceE"
"KKuTu Korea","7765","KKuTu Korea","166380","25080","83","5","136","0","0","6.63","KKuTu Korea"
"NFL","7766","NFL","166260","35820","391","27","104","0","0","4.64","NFL"
"Langrisser Millennium","7767","Langrisser Millennium","166140","33840","43","3","8","0","0","4.91","Langrisser Millennium"
"Wonder Boy in Monster Land","7768","Wonder Boy in Monster Land","166020","10500","1974","2","53","0","0","15.81","Wonder Boy in Monster Land"
"Affected Zone Tactics","7769","Affected Zone Tactics","166020","2280","1290","1","7","0","0","72.82","Affected Zone Tactics"
"Captain Skyhawk","7770","Captain Skyhawk","165900","4260","311","4","14","0","0","38.94","Captain Skyhawk"
"Cruis'n Exotica","7771","Cruis'n Exotica","165900","1140","1335","1","7","0","0","145.53","Cruis'n Exotica"
"Unison League","7772","Unison League","165900","41700","161","4","106","0","0","3.98","Unison League"
"Epic Battle Fantasy 4","7773","Epic Battle Fantasy 4","165840","61620","45","3","124","0","0","2.69","Epic Battle Fantasy 4"
"Tekken 6","7774","Tekken 6","165840","49020","996","2","218","0","0","3.38","Tekken 6"
"Driver","7775","Driver","165780","24240","532","4","110","0","0","6.84","Driver"
"Near Death","7776","Near Death","165660","20880","191","2","99","0","0","7.93","Near Death"
"Hard Reset: Redux","7777","Hard Reset: Redux","165600","48900","90","3","212","0","0","3.39","Hard Reset: Redux"
"Easy Bake Kitchen","7778","Easy Bake Kitchen","165540","4080","90","1","1","0","0","40.57","Easy Bake Kitchen"
"Dragon Slayer Gaiden","7779","Dragon Slayer Gaiden","165540","2100","854","1","5","0","0","78.83","Dragon Slayer Gaiden"
"Nyan Cat: Lost in Space","7780","Nyan Cat: Lost in Space","165540","31320","137","2","45","0","0","5.29","Nyan Cat: Lost in Space"
"Digimon Digital Card Battle","7781","Digimon Digital Card Battle","165420","50760","126","5","88","0","0","3.26","Digimon Digital Card Battle"
"Amazing Island","7782","Amazing Island","165240","5520","482","1","26","0","0","29.93","Amazing Island"
"2Dark","7783","2Dark","165060","45000","45","3","187","0","0","3.67","2Dark"
"Slender-Man","7784","Slender-Man","164760","30900","198","2","341","0","0","5.33","Slender-Man"
"MS Saga: A New Dawn","7785","MS Saga: A New Dawn","164700","26640","44","2","39","0","0","6.18","MS Saga: A New Dawn"
"Apartment 213","7786","Apartment 213","164640","180","2740","1","2","0","0","914.67","Apartment 213"
"Squirm","7787","Squirm","164580","5460","1508","1","22","0","0","30.14","Squirm"
"Contra: Hard Corps","7788","Contra: Hard Corps","164460","28680","399","3","123","0","0","5.73","Contra: Hard Corps"
"Jets'n'Guns","7789","Jets'n'Guns","164460","10980","1640","3","50","0","0","14.98","Jets'n'Guns"
"Assassin's Creed Chronicles: Russia","7790","Assassin's Creed Chronicles: Russia","164400","67140","189","5","334","0","0","2.45","Assassin's Creed Chronicles: Russia"
"Nitroplus Blasterz: Heroines Infinite Duel","7791","Nitroplus Blasterz: Heroines Infinite Duel","164400","25020","157","3","248","0","0","6.57","Nitroplus Blasterz: Heroines Infinite Duel"
"Space Station Silicon Valley","7792","Space Station Silicon Valley","164400","37860","34","4","45","0","0","4.34","Space Station Silicon Valley"
"Radical Dreamers: Nusumenai Houseki","7793","Radical Dreamers: Nusumenai Houseki","164400","4140","1411","1","14","0","0","39.71","Radical Dreamers: Nusumenai Houseki"
"PlanetSide","7794","PlanetSide","164280","10620","279","2","63","0","0","15.47","PlanetSide"
"Abyss Odyssey","7795","Abyss Odyssey","164220","15300","1485","2","73","0","0","10.73","Abyss Odyssey"
"Phantasy Star III: Generations of Doom","7796","Phantasy Star III: Generations of Doom","164160","28680","97","2","34","0","0","5.72","Phantasy Star III: Generations of Doom"
"Savage","7797","Savage","164100","4980","2615","1","7","0","0","32.95","Savage"
"DoDonPachi Resurrection","7798","DoDonPachi Resurrection","164040","53400","70","3","129","0","0","3.07","DoDonPachi Resurrection"
"Nickelodeon GUTS","7799","Nickelodeon GUTS","164040","2040","532","2","12","0","0","80.41","Nickelodeon GUTS"
"Unreal Tournament 3","7800","Unreal Tournament 3","163980","60660","149","3","281","0","0","2.7","Unreal Tournament 3"