"","","Game","Watch time","Stream time","Peak viewers","Peak channels","Streamers","Average viewers","Average channels","Average viewer ratio",""
"BlazeRush","6401","BlazeRush","293580","17160","1655","2","86","0","0","17.11","BlazeRush"
"Syberia II","6402","Syberia II","293460","47160","130","3","96","0","0","6.22","Syberia II"
"Sonic Advance 2","6403","Sonic Advance 2","293460","24780","989","3","119","0","0","11.84","Sonic Advance 2"
"Super Dyna'mix Badminton","6404","Super Dyna'mix Badminton","293460","2220","1910","1","5","0","0","132.19","Super Dyna'mix Badminton"
"Sunset Riders","6405","Sunset Riders","293340","36120","340","2","212","0","0","8.12","Sunset Riders"
"Castlevania: Lords of Shadow - Mirror of Fate","6406","Castlevania: Lords of Shadow - Mirror of Fate","293220","88140","148","4","231","0","0","3.33","Castlevania: Lords of Shadow - Mirror of Fate"
"Planescape: Torment","6407","Planescape: Torment","292980","71760","87","3","129","0","0","4.08","Planescape: Torment"
"Pioneer Balloon","6408","Pioneer Balloon","292920","300","2207","2","3","0","0","976.4","Pioneer Balloon"
"Skyblazer","6409","Skyblazer","292860","7020","1310","2","35","0","0","41.72","Skyblazer"
"Star Control II","6410","Star Control II","292860","38220","94","3","77","0","0","7.66","Star Control II"
"Shiness","6411","Shiness","292680","77220","102","5","297","0","0","3.79","Shiness"
"Bound By Flame","6412","Bound By Flame","292620","94440","203","3","262","0","0","3.1","Bound By Flame"
"Wrestling Mpire","6413","Wrestling Mpire","292560","2100","1671","1","10","0","0","139.31","Wrestling Mpire"
"TORN","6414","TORN","292560","18780","759","5","85","0","0","15.58","TORN"
"Don't Chat With Strangers","6415","Don't Chat With Strangers","292380","3420","1741","1","29","0","0","85.49","Don't Chat With Strangers"
"Valkyrie Profile 2: Silmeria","6416","Valkyrie Profile 2: Silmeria","292320","56940","188","3","88","0","0","5.13","Valkyrie Profile 2: Silmeria"
"Costume Quest 2","6417","Costume Quest 2","292320","67980","228","7","303","0","0","4.3","Costume Quest 2"
"Death Field: The Battle Royale of Disaster","6418","Death Field: The Battle Royale of Disaster","292140","10680","3922","11","59","0","0","27.35","Death Field: The Battle Royale of Disaster"
"Soda Dungeon","6419","Soda Dungeon","291120","132060","169","4","285","0","0","2.2","Soda Dungeon"
"RWBY: Amity Arena","6420","RWBY: Amity Arena","291120","28740","420","12","99","0","0","10.13","RWBY: Amity Arena"
"CryptoKitties","6421","CryptoKitties","290880","11460","115","2","9","0","0","25.38","CryptoKitties"
"Hell Girls","6422","Hell Girls","290760","12360","1106","2","51","0","0","23.52","Hell Girls"
"Battle Pirates","6423","Battle Pirates","290640","52200","164","3","30","0","0","5.57","Battle Pirates"
"OK/NORMAL","6424","OK/NORMAL","290580","7800","960","2","63","0","0","37.25","OK/NORMAL"
"Super Robot Wars Z","6425","Super Robot Wars Z","290520","21720","971","2","34","0","0","13.38","Super Robot Wars Z"
"Cornerstone: The Song of Tyrim","6426","Cornerstone: The Song of Tyrim","290520","6180","2095","1","17","0","0","47.01","Cornerstone: The Song of Tyrim"
"Yomawari: The Long Night Collection","6427","Yomawari: The Long Night Collection","290520","20460","699","6","89","0","0","14.2","Yomawari: The Long Night Collection"
"Dark Echo","6428","Dark Echo","290340","8580","1129","8","66","0","0","33.84","Dark Echo"
"Super Battleship","6429","Super Battleship","290280","420","5191","1","5","0","0","691.14","Super Battleship"
"The Great One Hand Challenge","6430","The Great One Hand Challenge","290280","180","2995","1","2","0","0","1612.67","The Great One Hand Challenge"
"Fight Night Round 2","6431","Fight Night Round 2","290220","8100","365","2","19","0","0","35.83","Fight Night Round 2"
"Wild Guns","6432","Wild Guns","290220","13380","1937","4","83","0","0","21.69","Wild Guns"
"Virtual Pro Wrestling 2: Ōdō Keishō","6433","Virtual Pro Wrestling 2: Ōdō Keishō","290160","6060","1835","2","22","0","0","47.88","Virtual Pro Wrestling 2: Ōdō Keishō"
"Reverie","6434","Reverie","290160","22860","1313","3","77","0","0","12.69","Reverie"
"Necrosphere","6435","Necrosphere","289620","3720","4037","1","23","0","0","77.85","Necrosphere"
"Ticket","6436","Ticket","289620","1860","4627","1","13","0","0","155.71","Ticket"
"Discworld","6437","Discworld","289620","24600","1218","2","47","0","0","11.77","Discworld"
"The Bouncer","6438","The Bouncer","289560","20820","586","2","90","0","0","13.91","The Bouncer"
"Robinson: The Journey","6439","Robinson: The Journey","289320","38160","427","3","238","0","0","7.58","Robinson: The Journey"
"R.B.I. Baseball 18","6440","R.B.I. Baseball 18","289320","51600","962","5","103","0","0","5.61","R.B.I. Baseball 18"
"Snake's Revenge","6441","Snake's Revenge","289260","9720","389","2","21","0","0","29.76","Snake's Revenge"
"Asheron's Call","6442","Asheron's Call","289080","76020","142","3","55","0","0","3.8","Asheron's Call"
"Cho Aniki","6443","Cho Aniki","289020","2340","1571","2","15","0","0","123.51","Cho Aniki"
"Oddworld: Stranger's Wrath","6444","Oddworld: Stranger's Wrath","288960","68160","109","3","256","0","0","4.24","Oddworld: Stranger's Wrath"
"Paperboy","6445","Paperboy","288900","12840","1950","2","57","0","0","22.5","Paperboy"
"A Healer Only Lives Twice","6446","A Healer Only Lives Twice","288900","12240","2522","1","17","0","0","23.6","A Healer Only Lives Twice"
"Fantasy Strike","6447","Fantasy Strike","288840","59460","215","3","102","0","0","4.86","Fantasy Strike"
"Assault Android Cactus","6448","Assault Android Cactus","288780","159420","314","15","1096","0","0","1.81","Assault Android Cactus"
"Hiveswap Friendsim","6449","Hiveswap Friendsim","288600","29400","296","6","84","0","0","9.82","Hiveswap Friendsim"
"Rainbow","6450","Rainbow","288360","127080","498","4","679","0","0","2.27","Rainbow"
"Epic Pinball","6451","Epic Pinball","288240","3480","1857","7","20","0","0","82.83","Epic Pinball"
"Rise of the Triad: Dark War","6452","Rise of the Triad: Dark War","287820","16440","280","2","26","0","0","17.51","Rise of the Triad: Dark War"
"Construction Simulator 2","6453","Construction Simulator 2","287760","41520","982","6","136","0","0","6.93","Construction Simulator 2"
"The You Testament","6454","The You Testament","287700","3780","1959","2","14","0","0","76.11","The You Testament"
"Haven & Hearth","6455","Haven & Hearth","287580","51180","179","3","51","0","0","5.62","Haven & Hearth"
"Anno 1602: Erschaffung einer neuen Welt - Neue Inseln, Neue Abenteuer","6456","Anno 1602: Erschaffung einer neuen Welt - Neue Inseln, Neue Abenteuer","287400","9540","1361","2","39","0","0","30.13","Anno 1602: Erschaffung einer neuen Welt - Neue Inseln, Neue Abenteuer"
"Scooby-Doo!: Night of 100 Frights","6457","Scooby-Doo!: Night of 100 Frights","287280","81000","136","5","147","0","0","3.55","Scooby-Doo!: Night of 100 Frights"
"Disney Epic Mickey","6458","Disney Epic Mickey","287100","15120","296","2","46","0","0","18.99","Disney Epic Mickey"
"Bunny Must Die","6459","Bunny Must Die","286800","10740","1894","2","39","0","0","26.7","Bunny Must Die"
"Umineko When They Cry: Answer Arcs","6460","Umineko When They Cry: Answer Arcs","286740","34920","47","3","21","0","0","8.21","Umineko When They Cry: Answer Arcs"
"Kameo: Elements of Power","6461","Kameo: Elements of Power","286680","29760","385","2","115","0","0","9.63","Kameo: Elements of Power"
"The Sopranos: Road to Respect","6462","The Sopranos: Road to Respect","286680","10260","2602","1","10","0","0","27.94","The Sopranos: Road to Respect"
"SimpleRockets 2","6463","SimpleRockets 2","286560","3660","4607","2","28","0","0","78.3","SimpleRockets 2"
"Trailer Park King","6464","Trailer Park King","286500","180","4774","1","1","0","0","1591.67","Trailer Park King"
"Doomtrooper","6465","Doomtrooper","286440","3480","638","1","5","0","0","82.31","Doomtrooper"
"Wild Arms 4","6466","Wild Arms 4","286380","28740","339","2","15","0","0","9.96","Wild Arms 4"
"The 11th Hour","6467","The 11th Hour","286320","38220","71","3","60","0","0","7.49","The 11th Hour"
"MechWarrior","6468","MechWarrior","286320","10800","453","2","42","0","0","26.51","MechWarrior"
"Disgaea 3: Absence of Justice","6469","Disgaea 3: Absence of Justice","286080","19500","187","2","21","0","0","14.67","Disgaea 3: Absence of Justice"
"Photographs","6470","Photographs","285960","93600","716","3","412","0","0","3.06","Photographs"
"80 Days","6471","80 Days","285900","29100","1654","2","117","0","0","9.82","80 Days"
"ClayFighter: Sculptor's Cut","6472","ClayFighter: Sculptor's Cut","285540","2400","2964","2","11","0","0","118.98","ClayFighter: Sculptor's Cut"
"Riddled Corpses","6473","Riddled Corpses","285480","8940","1884","2","39","0","0","31.93","Riddled Corpses"
"Pixel Worlds","6474","Pixel Worlds","285360","41280","126","2","155","0","0","6.91","Pixel Worlds"
"The Next Penelope: Race to Odysseus","6475","The Next Penelope: Race to Odysseus","285300","1080","1239","1","11","0","0","264.17","The Next Penelope: Race to Odysseus"
"Tatsunoko vs. Capcom: Ultimate All Stars","6476","Tatsunoko vs. Capcom: Ultimate All Stars","284880","29880","1337","3","64","0","0","9.53","Tatsunoko vs. Capcom: Ultimate All Stars"
"Lordz.io","6477","Lordz.io","284820","17040","19753","3","142","0","0","16.71","Lordz.io"
"Supreme Commander 2","6478","Supreme Commander 2","284580","141780","142","4","639","0","0","2.01","Supreme Commander 2"
"Jack N' Jill DX","6479","Jack N' Jill DX","284340","3600","4253","2","47","0","0","78.98","Jack N' Jill DX"
"Chakan","6480","Chakan","284220","3660","3535","1","19","0","0","77.66","Chakan"
"Klonoa 2: Lunatea's Veil","6481","Klonoa 2: Lunatea's Veil","284160","53040","105","4","82","0","0","5.36","Klonoa 2: Lunatea's Veil"
"Hexx: Heresy of the Wizard","6482","Hexx: Heresy of the Wizard","284160","2820","147","1","1","0","0","100.77","Hexx: Heresy of the Wizard"
"Second Life","6483","Second Life","284100","150300","277","3","525","0","0","1.89","Second Life"
"Castlevania Chronicles","6484","Castlevania Chronicles","284040","31860","872","4","91","0","0","8.92","Castlevania Chronicles"
"Fight Fever","6485","Fight Fever","283920","480","1655","1","3","0","0","591.5","Fight Fever"
"Beatmania IIDX 25 Cannon Ballers","6486","Beatmania IIDX 25 Cannon Ballers","283860","11880","1838","2","14","0","0","23.89","Beatmania IIDX 25 Cannon Ballers"
"Mega Man Zero 2","6487","Mega Man Zero 2","283620","40200","317","2","113","0","0","7.06","Mega Man Zero 2"
"The Last Story","6488","The Last Story","283620","44340","144","3","56","0","0","6.4","The Last Story"
"Homefront","6489","Homefront","283500","142500","95","5","760","0","0","1.99","Homefront"
"Darco: Reign of Elements","6490","Darco: Reign of Elements","283380","7560","875","3","36","0","0","37.48","Darco: Reign of Elements"
"Risen 3: Titan Lords","6491","Risen 3: Titan Lords","283320","108480","169","5","184","0","0","2.61","Risen 3: Titan Lords"
"Hercules: The Legendary Journeys","6492","Hercules: The Legendary Journeys","283140","2160","674","1","9","0","0","131.08","Hercules: The Legendary Journeys"
"Silent Hill: Book of Memories","6493","Silent Hill: Book of Memories","282960","1860","821","1","5","0","0","152.13","Silent Hill: Book of Memories"
"WWE 2K15","6494","WWE 2K15","282420","111960","375","3","417","0","0","2.52","WWE 2K15"
"Tiny Metal","6495","Tiny Metal","282360","33300","738","3","109","0","0","8.48","Tiny Metal"
"Burly Men at Sea","6496","Burly Men at Sea","282120","55740","411","7","578","0","0","5.06","Burly Men at Sea"
"My Make-Up","6497","My Make-Up","281940","8820","1828","2","52","0","0","31.97","My Make-Up"
"Arena","6498","Arena","281940","21360","453","2","54","0","0","13.2","Arena"
"One Piece: Burning Blood","6499","One Piece: Burning Blood","281700","125160","92","4","1025","0","0","2.25","One Piece: Burning Blood"
"Bold Blade","6500","Bold Blade","281580","480","2571","2","3","0","0","586.63","Bold Blade"