"","","Game","Watch time","Stream time","Peak viewers","Peak channels","Streamers","Average viewers","Average channels","Average viewer ratio",""
"Treadnauts","1701","Treadnauts","6171060","40680","31891","6","188","11","0","151.7","Treadnauts"
"Act It Out XL! A Game of Charades","1702","Act It Out XL! A Game of Charades","6163740","49740","25561","4","184","11","0","123.92","Act It Out XL! A Game of Charades"
"Legend of Legaia","1703","Legend of Legaia","6144300","252240","12104","5","261","11","0","24.36","Legend of Legaia"
"Far Cry: Primal","1704","Far Cry: Primal","6141780","2059620","7337","27","8204","11","3","2.98","Far Cry: Primal"
"Overgrowth","1705","Overgrowth","6141060","163740","12537","8","1023","11","0","37.5","Overgrowth"
"Warhammer 40,000: Dawn of War - Soulstorm","1706","Warhammer 40,000: Dawn of War - Soulstorm","6135660","427020","1755","9","932","11","0","14.37","Warhammer 40,000: Dawn of War - Soulstorm"
"Little Nemo: The Dream Master","1707","Little Nemo: The Dream Master","6135480","16140","99202","7","75","11","0","380.14","Little Nemo: The Dream Master"
"Goof Troop","1708","Goof Troop","6133260","113880","117939","10","270","11","0","53.86","Goof Troop"
"Terranigma","1709","Terranigma","6132960","323940","2799","9","370","11","0","18.93","Terranigma"
"Kirby Super Star","1710","Kirby Super Star","6121620","223200","46252","9","1042","11","0","27.43","Kirby Super Star"
"Motorsport Manager","1711","Motorsport Manager","6105360","469320","2378","7","937","11","0","13.01","Motorsport Manager"
"Portal Knights","1712","Portal Knights","6074640","1146600","1269","15","3930","11","2","5.3","Portal Knights"
"Rex Ronan: Experimental Surgeon","1713","Rex Ronan: Experimental Surgeon","6066300","1320","99502","7","16","11","0","4595.68","Rex Ronan: Experimental Surgeon"
"Castlevania: Portrait of Ruin","1714","Castlevania: Portrait of Ruin","6063900","105360","5991","6","174","11","0","57.55","Castlevania: Portrait of Ruin"
"Nine Parchments","1715","Nine Parchments","6062760","312240","26343","9","1070","11","0","19.42","Nine Parchments"
"Lost Planet 2","1716","Lost Planet 2","6060960","78540","8564","4","275","11","0","77.17","Lost Planet 2"
"Sonic Forces","1717","Sonic Forces","6057300","565080","15534","13","2901","11","1","10.72","Sonic Forces"
"Company of Heroes: Tales of Valor","1718","Company of Heroes: Tales of Valor","6054180","430860","961","6","372","11","0","14.05","Company of Heroes: Tales of Valor"
"Who Wants To Be A Millionaire?","1719","Who Wants To Be A Millionaire?","6043920","19980","8484","2","99","11","0","302.5","Who Wants To Be A Millionaire?"
"Hidden Agenda","1720","Hidden Agenda","6037260","184980","6265","7","1067","11","0","32.64","Hidden Agenda"
"Sonic the Hedgehog 3","1721","Sonic the Hedgehog 3","6034020","363600","2834","8","903","11","0","16.6","Sonic the Hedgehog 3"
"Command & Conquer: Red Alert 3","1722","Command & Conquer: Red Alert 3","6033120","231300","8775","5","675","11","0","26.08","Command & Conquer: Red Alert 3"
"Little Dragons Cafe","1723","Little Dragons Cafe","6032400","131820","6244","12","295","11","0","45.76","Little Dragons Cafe"
"Startup Company","1724","Startup Company","6017880","137880","14314","9","613","11","0","43.65","Startup Company"
"Daemonical","1725","Daemonical","5996040","80940","21196","15","431","11","0","74.08","Daemonical"
"Endless Space 2","1726","Endless Space 2","5993820","626700","2128","22","1536","11","1","9.56","Endless Space 2"
"Devil May Cry 3: Special Edition","1727","Devil May Cry 3: Special Edition","5988420","408060","2742","9","1231","11","0","14.68","Devil May Cry 3: Special Edition"
"Total War: Attila","1728","Total War: Attila","5984880","477900","838","7","1272","11","0","12.52","Total War: Attila"
"Project Gorgon","1729","Project Gorgon","5977080","418140","37207","12","451","11","0","14.29","Project Gorgon"
"Forge of Gods (RPG)","1730","Forge of Gods (RPG)","5970900","735360","128","8","67","11","1","8.12","Forge of Gods (RPG)"
"Contra: Shattered Soldier","1731","Contra: Shattered Soldier","5965860","21240","115005","9","39","11","0","280.88","Contra: Shattered Soldier"
"Doorways: The Underworld","1732","Doorways: The Underworld","5959380","8040","26387","7","49","11","0","741.22","Doorways: The Underworld"
"Xenogears","1733","Xenogears","5952840","414420","1048","8","370","11","0","14.36","Xenogears"
"Assassin's Creed","1734","Assassin's Creed","5947320","996540","1765","13","3220","11","1","5.97","Assassin's Creed"
"Monopoly One","1735","Monopoly One","5942700","249060","867","7","733","11","0","23.86","Monopoly One"
"Conker's Bad Fur Day","1736","Conker's Bad Fur Day","5937840","377520","8710","6","956","11","0","15.73","Conker's Bad Fur Day"
"Hagane: The Final Conflict","1737","Hagane: The Final Conflict","5935260","9660","89827","10","39","11","0","614.42","Hagane: The Final Conflict"
"The Blues Brothers","1738","The Blues Brothers","5924220","1320","98676","6","13","11","0","4488.05","The Blues Brothers"
"Farm Manager 2018","1739","Farm Manager 2018","5921100","238020","29382","27","595","11","0","24.88","Farm Manager 2018"
"The Secret of Monkey Island","1740","The Secret of Monkey Island","5920320","321180","8933","7","1073","11","0","18.43","The Secret of Monkey Island"
"Reign Of Kings","1741","Reign Of Kings","5915460","255600","9389","13","766","11","0","23.14","Reign Of Kings"
"Final Fantasy III","1742","Final Fantasy III","5914680","572940","3428","8","1087","11","1","10.32","Final Fantasy III"
"Terra Nova: Strike Force Centauri","1743","Terra Nova: Strike Force Centauri","5909760","4500","15670","4","12","11","0","1313.28","Terra Nova: Strike Force Centauri"
"Parasite Eve","1744","Parasite Eve","5909700","403320","9286","11","734","11","0","14.65","Parasite Eve"
"Life is Feudal: Your Own","1745","Life is Feudal: Your Own","5887860","746700","858","14","937","11","1","7.89","Life is Feudal: Your Own"
"La-Mulana","1746","La-Mulana","5884800","554700","3373","12","556","11","1","10.61","La-Mulana"
"Everspace","1747","Everspace","5882400","418020","5325","10","1708","11","0","14.07","Everspace"
"Eryi's Action","1748","Eryi's Action","5878320","42660","8558","2","182","11","0","137.79","Eryi's Action"
"Music For Everyone","1749","Music For Everyone","5871540","1198860","925","17","1240","11","2","4.9","Music For Everyone"
"Narcosis","1750","Narcosis","5864280","116640","7527","4","588","11","0","50.28","Narcosis"
"Call of Duty: World at War","1751","Call of Duty: World at War","5852700","1100820","3091","15","6670","11","2","5.32","Call of Duty: World at War"
"Headliner","1752","Headliner","5845080","7920","24151","3","72","11","0","738.02","Headliner"
"Rakuen","1753","Rakuen","5835540","178680","5591","5","442","11","0","32.66","Rakuen"
"Summer Lesson","1754","Summer Lesson","5832960","15900","9565","4","50","11","0","366.85","Summer Lesson"
"Warhammer Online: Age of Reckoning","1755","Warhammer Online: Age of Reckoning","5832540","739140","180","11","534","11","1","7.89","Warhammer Online: Age of Reckoning"
"Xenoblade Chronicles 2: Torna - The Golden Country","1756","Xenoblade Chronicles 2: Torna - The Golden Country","5831700","390660","2532","60","718","11","0","14.93","Xenoblade Chronicles 2: Torna - The Golden Country"
"Star Wars: Galaxy of Heroes","1757","Star Wars: Galaxy of Heroes","5830800","555120","1974","7","442","11","1","10.5","Star Wars: Galaxy of Heroes"
"Bulletstorm: Full Clip Edition","1758","Bulletstorm: Full Clip Edition","5830200","968400","5158","68","5231","11","1","6.02","Bulletstorm: Full Clip Edition"
"Ratchet & Clank: Up Your Arsenal","1759","Ratchet & Clank: Up Your Arsenal","5829000","201600","2608","5","235","11","0","28.91","Ratchet & Clank: Up Your Arsenal"
"Animal Crossing","1760","Animal Crossing","5828460","402240","6424","7","1020","11","0","14.49","Animal Crossing"
"Resident Evil: Director's Cut","1761","Resident Evil: Director's Cut","5827740","185400","1655","5","427","11","0","31.43","Resident Evil: Director's Cut"
"Knights Chronicle","1762","Knights Chronicle","5820060","394740","1467","13","446","11","0","14.74","Knights Chronicle"
"Last Epoch","1763","Last Epoch","5812260","110100","2580","23","290","11","0","52.79","Last Epoch"
"Earthworm Jim","1764","Earthworm Jim","5811300","54480","8638","5","280","11","0","106.67","Earthworm Jim"
"Synthetik","1765","Synthetik","5804340","165540","23011","11","631","11","0","35.06","Synthetik"
"Apparition","1766","Apparition","5800200","28320","8645","6","200","11","0","204.81","Apparition"
"Hello Neighbor: Hide and Seek","1767","Hello Neighbor: Hide and Seek","5798760","23940","27177","7","156","11","0","242.22","Hello Neighbor: Hide and Seek"
"Silver Grapple","1768","Silver Grapple","5794920","9120","88866","9","27","11","0","635.41","Silver Grapple"
"Nier","1769","Nier","5785560","296760","1761","6","435","11","0","19.5","Nier"
"Bangai-O!","1770","Bangai-O!","5783940","14340","72359","8","18","11","0","403.34","Bangai-O!"
"Dragon Warrior I & II","1771","Dragon Warrior I & II","5780280","239880","8579","6","203","10","0","24.1","Dragon Warrior I & II"
"Antichamber","1772","Antichamber","5769000","197700","13744","5","1051","10","0","29.18","Antichamber"
"Soulcalibur III","1773","Soulcalibur III","5762040","80400","9903","4","201","10","0","71.67","Soulcalibur III"
"Steel Rats","1774","Steel Rats","5758380","15540","25861","4","109","10","0","370.55","Steel Rats"
"Spec Ops: The Line","1775","Spec Ops: The Line","5749080","603420","3355","62","3312","10","1","9.53","Spec Ops: The Line"
"HackyZack","1776","HackyZack","5742540","3120","88955","7","26","10","0","1840.56","HackyZack"
"Circle Empires","1777","Circle Empires","5738940","53520","14077","10","282","10","0","107.23","Circle Empires"
"Freeman: Guerrilla Warfare","1778","Freeman: Guerrilla Warfare","5734800","248520","35900","12","901","10","0","23.08","Freeman: Guerrilla Warfare"
"Habbo Hotel","1779","Habbo Hotel","5725740","206820","9561","7","1260","10","0","27.68","Habbo Hotel"
"Contra III: The Alien Wars","1780","Contra III: The Alien Wars","5698080","91320","95838","8","433","10","0","62.4","Contra III: The Alien Wars"
"Warhammer 40,000: Mechanicus","1781","Warhammer 40,000: Mechanicus","5684580","179880","6116","36","482","10","0","31.6","Warhammer 40,000: Mechanicus"
"Sonic Heroes","1782","Sonic Heroes","5672640","300240","1556","7","719","10","0","18.89","Sonic Heroes"
"Earnest Evans","1783","Earnest Evans","5663640","900","94096","4","9","10","0","6292.93","Earnest Evans"
"Project Nightmares","1784","Project Nightmares","5658780","19320","8846","3","160","10","0","292.9","Project Nightmares"
"Love Beat","1785","Love Beat","5647620","24960","10375","3","137","10","0","226.27","Love Beat"
"Mario Golf: Toadstool Tour","1786","Mario Golf: Toadstool Tour","5644320","187380","8948","6","326","10","0","30.12","Mario Golf: Toadstool Tour"
"Guardians of the Galaxy: The Telltale Series","1787","Guardians of the Galaxy: The Telltale Series","5642220","369780","4022","7","1225","10","0","15.26","Guardians of the Galaxy: The Telltale Series"
"NBA Live 18","1788","NBA Live 18","5640060","1852260","1769","22","5099","10","3","3.04","NBA Live 18"
"Perfect Dark","1789","Perfect Dark","5628540","310080","8223","6","667","10","0","18.15","Perfect Dark"
"SteamWorld Dig 2","1790","SteamWorld Dig 2","5625300","323880","4894","14","1297","10","0","17.37","SteamWorld Dig 2"
"zombsroyale.io","1791","zombsroyale.io","5623800","777360","1908","17","2203","10","1","7.23","zombsroyale.io"
"RIVE","1792","RIVE","5623560","17100","51646","7","84","10","0","328.86","RIVE"
"SimCity","1793","SimCity","5616180","307800","2592","7","1179","10","0","18.25","SimCity"
"Errant: Hunter's Soul","1794","Errant: Hunter's Soul","5615700","111840","7223","11","68","10","0","50.21","Errant: Hunter's Soul"
"Legend of Mana","1795","Legend of Mana","5612280","182940","11571","5","181","10","0","30.68","Legend of Mana"
"OPUS: Rocket of Whispers","1796","OPUS: Rocket of Whispers","5606040","22740","7116","2","86","10","0","246.53","OPUS: Rocket of Whispers"
"Perception","1797","Perception","5599140","132780","12485","5","589","10","0","42.17","Perception"
"Wario's Woods","1798","Wario's Woods","5594460","61260","105578","6","89","10","0","91.32","Wario's Woods"
"The Room","1799","The Room","5593140","322140","3421","8","1895","10","0","17.36","The Room"
"Shrek 2","1800","Shrek 2","5590140","98940","40200","4","494","10","0","56.5","Shrek 2"