"","","Game","Watch time","Stream time","Peak viewers","Peak channels","Streamers","Average viewers","Average channels","Average viewer ratio",""
"TerraTech","2101","TerraTech","4143540","557400","30601","17","1298","7","1","7.43","TerraTech"
"Warhammer: End Times – Vermintide","2102","Warhammer: End Times – Vermintide","4138500","751380","4530","20","3626","7","1","5.51","Warhammer: End Times – Vermintide"
"Persona 5: Dancing in Starlight","2103","Persona 5: Dancing in Starlight","4138440","295320","3307","63","1414","7","0","14.01","Persona 5: Dancing in Starlight"
"Disaster Report 4: Summer Memories","2104","Disaster Report 4: Summer Memories","4135860","33960","8453","8","67","7","0","121.79","Disaster Report 4: Summer Memories"
"Hentai","2105","Hentai","4134780","47520","8348","3","255","7","0","87.01","Hentai"
"That's You!","2106","That's You!","4133880","13440","13805","3","293","7","0","307.58","That's You!"
"inFamous: Second Son","2107","inFamous: Second Son","4131780","447600","2338","12","5405","7","0","9.23","inFamous: Second Son"
"Senran Kagura Burst Re:Newal","2108","Senran Kagura Burst Re:Newal","4131000","118020","7451","11","212","7","0","35","Senran Kagura Burst Re:Newal"
"Spider-Man","2109","Spider-Man","4122600","516660","13522","37","1886","7","0","7.98","Spider-Man"
"Knowledge is Power","2110","Knowledge is Power","4117800","38520","9967","4","410","7","0","106.9","Knowledge is Power"
"DiRT 4","2111","DiRT 4","4114560","1151220","7725","16","6037","7","2","3.57","DiRT 4"
"Adventure Island II","2112","Adventure Island II","4113900","15000","21323","5","55","7","0","274.26","Adventure Island II"
"Castlevania: Aria of Sorrow","2113","Castlevania: Aria of Sorrow","4103160","366660","1649","17","884","7","0","11.19","Castlevania: Aria of Sorrow"
"Indigo Prophecy","2114","Indigo Prophecy","4089420","152220","3399","6","567","7","0","26.87","Indigo Prophecy"
"Rage","2115","Rage","4089300","603960","1757","22","2264","7","1","6.77","Rage"
"Soulcalibur IV","2116","Soulcalibur IV","4088940","77760","10740","15","493","7","0","52.58","Soulcalibur IV"
"Krampus is Home","2117","Krampus is Home","4080060","5040","15238","3","36","7","0","809.54","Krampus is Home"
"Trivia 101","2118","Trivia 101","4077420","26700","6304","2","22","7","0","152.71","Trivia 101"
"Wii Sports Resort","2119","Wii Sports Resort","4075260","110580","6981","5","202","7","0","36.85","Wii Sports Resort"
"Murdered: Soul Suspect","2120","Murdered: Soul Suspect","4074960","521700","8935","11","2011","7","0","7.81","Murdered: Soul Suspect"
"Half-Life 2: Episode Two","2121","Half-Life 2: Episode Two","4073820","202320","3103","4","768","7","0","20.14","Half-Life 2: Episode Two"
"Infectonator 3: Apocalypse","2122","Infectonator 3: Apocalypse","4070520","68460","11767","7","280","7","0","59.46","Infectonator 3: Apocalypse"
"Last Day On Earth: Survival","2123","Last Day On Earth: Survival","4069380","718440","4050","8","1229","7","1","5.66","Last Day On Earth: Survival"
"Gameblast18","2124","Gameblast18","4069140","91320","8348","43","111","7","0","44.56","Gameblast18"
"Devil May Cry 1 - HD","2125","Devil May Cry 1 - HD","4069140","154920","4659","20","781","7","0","26.27","Devil May Cry 1 - HD"
"Surgeon Simulator 2013","2126","Surgeon Simulator 2013","4059660","172680","10991","5","1981","7","0","23.51","Surgeon Simulator 2013"
"Splatterhouse 2","2127","Splatterhouse 2","4054500","6780","102008","8","46","7","0","598.01","Splatterhouse 2"
"Octodad: Dadliest Catch","2128","Octodad: Dadliest Catch","4049820","208860","4094","7","1362","7","0","19.39","Octodad: Dadliest Catch"
"The Adventure Pals","2129","The Adventure Pals","4047120","194940","4623","10","889","7","0","20.76","The Adventure Pals"
"WildStar","2130","WildStar","4045500","720960","5787","75","1315","7","1","5.61","WildStar"
"Batman: The Video Game","2131","Batman: The Video Game","4042800","64860","110604","9","118","7","0","62.33","Batman: The Video Game"
"Deus Ex: Human Revolution Director's Cut","2132","Deus Ex: Human Revolution Director's Cut","4035720","544140","1609","9","1197","7","1","7.42","Deus Ex: Human Revolution Director's Cut"
"Darts","2133","Darts","4034340","81300","4611","5","97","7","0","49.62","Darts"
"A Dump in the Dark","2134","A Dump in the Dark","4033500","15000","20901","3","128","7","0","268.9","A Dump in the Dark"
"Project Warlock","2135","Project Warlock","4032480","97500","30756","15","485","7","0","41.36","Project Warlock"
"Kirby's Dream Course","2136","Kirby's Dream Course","4030620","57420","5262","5","324","7","0","70.2","Kirby's Dream Course"
"Clue","2137","Clue","4025580","20940","26233","5","115","7","0","192.24","Clue"
"Mother 3","2138","Mother 3","4023600","363660","8611","8","680","7","0","11.06","Mother 3"
"Ardy Lightfoot","2139","Ardy Lightfoot","4013760","3060","96239","9","23","7","0","1311.69","Ardy Lightfoot"
"Dead Rising 3","2140","Dead Rising 3","4012260","616560","2428","10","2747","7","1","6.51","Dead Rising 3"
"Flyff - Fly For Fun","2141","Flyff - Fly For Fun","3994080","825600","1769","8","682","7","1","4.84","Flyff - Fly For Fun"
"Bomberman 64","2142","Bomberman 64","3992700","83940","2092","4","188","7","0","47.57","Bomberman 64"
"Warhammer 40,000: Dawn of War II - Retribution","2143","Warhammer 40,000: Dawn of War II - Retribution","3992520","315540","3711","7","462","7","0","12.65","Warhammer 40,000: Dawn of War II - Retribution"
"Smoke and Sacrifice","2144","Smoke and Sacrifice","3991380","48240","25739","7","237","7","0","82.74","Smoke and Sacrifice"
"Spider-Man 3: Invasion of the Spider-Slayers","2145","Spider-Man 3: Invasion of the Spider-Slayers","3990600","1740","99787","7","14","7","0","2293.45","Spider-Man 3: Invasion of the Spider-Slayers"
"Momodora: Reverie Under the Moonlight","2146","Momodora: Reverie Under the Moonlight","3989880","524700","2556","10","2176","7","0","7.6","Momodora: Reverie Under the Moonlight"
"Road Redemption","2147","Road Redemption","3988740","221340","21617","7","1343","7","0","18.02","Road Redemption"
"The Vagrant","2148","The Vagrant","3979380","212220","5377","11","647","7","0","18.75","The Vagrant"
"Treasure Hunter","2149","Treasure Hunter","3978780","19980","21226","14","125","7","0","199.14","Treasure Hunter"
"Rusty Lake Hotel","2150","Rusty Lake Hotel","3974220","153420","3360","4","815","7","0","25.9","Rusty Lake Hotel"
"Barnyard","2151","Barnyard","3970080","25920","10492","3","99","7","0","153.17","Barnyard"
"Naval Action","2152","Naval Action","3968580","459420","2216","8","468","7","0","8.64","Naval Action"
"The Letter","2153","The Letter","3962340","214440","5740","6","348","7","0","18.48","The Letter"
"Kinect Disneyland Adventures","2154","Kinect Disneyland Adventures","3954900","51600","18810","5","218","7","0","76.65","Kinect Disneyland Adventures"
"Soulcalibur","2155","Soulcalibur","3954420","51720","8636","4","7364","7","0","76.46","Soulcalibur"
"Reigns: Her Majesty","2156","Reigns: Her Majesty","3949020","63180","8617","4","410","7","0","62.5","Reigns: Her Majesty"
"Final Fantasy Mystic Quest","2157","Final Fantasy Mystic Quest","3947100","176280","4997","6","273","7","0","22.39","Final Fantasy Mystic Quest"
"Left 4 Dead","2158","Left 4 Dead","3946200","692520","5815","12","3294","7","1","5.7","Left 4 Dead"
"Ylands","2159","Ylands","3935580","598200","6540","21","1337","7","1","6.58","Ylands"
"The Crew","2160","The Crew","3934440","1181580","869","19","9101","7","2","3.33","The Crew"
"The Idolmaster: Shiny Colors","2161","The Idolmaster: Shiny Colors","3932880","89460","1583","8","182","7","0","43.96","The Idolmaster: Shiny Colors"
"Yomawari: Midnight Shadows","2162","Yomawari: Midnight Shadows","3929760","151080","2762","4","471","7","0","26.01","Yomawari: Midnight Shadows"
"Baldur's Gate II: Shadows of Amn","2163","Baldur's Gate II: Shadows of Amn","3922140","443640","376","6","464","7","0","8.84","Baldur's Gate II: Shadows of Amn"
"Pac-Man","2164","Pac-Man","3919320","2030520","1735","18","15022","7","3","1.93","Pac-Man"
"imscared","2165","imscared","3915300","53940","10372","3","344","7","0","72.59","imscared"
"Fist of the North Star: Ken's Rage 2","2166","Fist of the North Star: Ken's Rage 2","3905160","7140","2500","2","19","7","0","546.94","Fist of the North Star: Ken's Rage 2"
"Mega Man Anniversary Collection","2167","Mega Man Anniversary Collection","3903120","40920","8154","2","100","7","0","95.38","Mega Man Anniversary Collection"
"Zwift","2168","Zwift","3902760","488460","20232","13","337","7","0","7.99","Zwift"
"Pokémon Puzzle League","2169","Pokémon Puzzle League","3900240","135000","8390","5","341","7","0","28.89","Pokémon Puzzle League"
"Dark Cloud","2170","Dark Cloud","3895500","432120","272","8","1304","7","0","9.01","Dark Cloud"
"Magicka 2","2171","Magicka 2","3882000","285120","7217","8","2049","7","0","13.62","Magicka 2"
"Command & Conquer: Red Alert","2172","Command & Conquer: Red Alert","3878760","234840","7981","4","345","7","0","16.52","Command & Conquer: Red Alert"
"Xeodrifter","2173","Xeodrifter","3877680","15900","93805","9","107","7","0","243.88","Xeodrifter"
"Star Fox 64","2174","Star Fox 64","3872160","257460","4680","7","986","7","0","15.04","Star Fox 64"
"RaceRoom Racing Experience","2175","RaceRoom Racing Experience","3865680","532560","677","16","1210","7","1","7.26","RaceRoom Racing Experience"
"Endless Legend","2176","Endless Legend","3865140","309600","4826","11","1077","7","0","12.48","Endless Legend"
"Uncharted 2: Among Thieves","2177","Uncharted 2: Among Thieves","3863040","303120","2684","5","730","7","0","12.74","Uncharted 2: Among Thieves"
"The Sims","2178","The Sims","3859560","99840","5692","4","479","7","0","38.66","The Sims"
"Skyhill","2179","Skyhill","3858300","89460","4830","3","346","7","0","43.13","Skyhill"
"Accounting","2180","Accounting","3847140","75900","4959","5","1144","7","0","50.69","Accounting"
"Tilesweeper","2181","Tilesweeper","3844560","11700","5483","2","45","7","0","328.59","Tilesweeper"
"Awkward","2182","Awkward","3841260","46320","31911","3","154","7","0","82.93","Awkward"
"Guns of Boom","2183","Guns of Boom","3834960","420120","6999","7","1635","7","0","9.13","Guns of Boom"
"NetHack","2184","NetHack","3831780","116220","942","6","168","7","0","32.97","NetHack"
"Shining Resonance","2185","Shining Resonance","3829860","385380","6044","39","807","7","0","9.94","Shining Resonance"
"Pokémon Pinball: Ruby & Sapphire","2186","Pokémon Pinball: Ruby & Sapphire","3817800","238440","1767","4","158","7","0","16.01","Pokémon Pinball: Ruby & Sapphire"
"Deluded Mind","2187","Deluded Mind","3811680","34500","11791","5","161","7","0","110.48","Deluded Mind"
"Contagion","2188","Contagion","3806160","130680","15863","5","794","7","0","29.13","Contagion"
"Torchlight II","2189","Torchlight II","3802980","953700","1051","14","3519","7","1","3.99","Torchlight II"
"Mashinky","2190","Mashinky","3795420","98460","2474","6","238","7","0","38.55","Mashinky"
"Infernium","2191","Infernium","3781800","38400","31995","9","181","7","0","98.48","Infernium"
"Tony Hawk's American Wasteland","2192","Tony Hawk's American Wasteland","3772920","101520","12130","3","347","7","0","37.16","Tony Hawk's American Wasteland"
"The Legend of the Mystical Ninja","2193","The Legend of the Mystical Ninja","3771840","32460","117113","9","103","7","0","116.2","The Legend of the Mystical Ninja"
"Agatha Knife","2194","Agatha Knife","3771540","38400","4581","5","126","7","0","98.22","Agatha Knife"
"Guitar Hero","2195","Guitar Hero","3768360","395400","11262","7","2389","7","0","9.53","Guitar Hero"
"Pilot Brothers: The Case Of Serial Maniac Sumo","2196","Pilot Brothers: The Case Of Serial Maniac Sumo","3766440","2280","10880","3","14","7","0","1651.95","Pilot Brothers: The Case Of Serial Maniac Sumo"
"Pyre","2197","Pyre","3766020","366240","1222","7","1215","7","0","10.28","Pyre"
"Mega Man X6","2198","Mega Man X6","3759840","175920","2224","5","474","7","0","21.37","Mega Man X6"
"Beat Cop","2199","Beat Cop","3757860","142080","2706","6","706","7","0","26.45","Beat Cop"
"Enviro-Bear 2000","2200","Enviro-Bear 2000","3757620","2760","118164","8","32","7","0","1361.46","Enviro-Bear 2000"