"","","Game","Watch time","Stream time","Peak viewers","Peak channels","Streamers","Average viewers","Average channels","Average viewer ratio",""
"Crewsaders","9101","Crewsaders","98280","120","1790","1","2","0","0","819","Crewsaders"
"Sword of Sodan","9102","Sword of Sodan","98280","1440","1225","1","6","0","0","68.25","Sword of Sodan"
"Dad Quest","9103","Dad Quest","98280","11520","292","2","42","0","0","8.53","Dad Quest"
"Light Fingers","9104","Light Fingers","98280","2580","865","2","12","0","0","38.09","Light Fingers"
"The Firemen","9105","The Firemen","98220","3960","1064","2","22","0","0","24.8","The Firemen"
"Call of Duty Online","9106","Call of Duty Online","98160","54900","46","3","295","0","0","1.79","Call of Duty Online"
"Shining Wisdom","9107","Shining Wisdom","98160","1200","223","1","2","0","0","81.8","Shining Wisdom"
"Marvel Battle Lines","9108","Marvel Battle Lines","98160","10140","133","4","34","0","0","9.68","Marvel Battle Lines"
"Home","9109","Home","98040","25980","114","2","181","0","0","3.77","Home"
"Fresh Body","9110","Fresh Body","98040","4320","1340","1","23","0","0","22.69","Fresh Body"
"Secret Files 2: Puritas Cordis","9111","Secret Files 2: Puritas Cordis","97980","6900","167","1","10","0","0","14.2","Secret Files 2: Puritas Cordis"
"Swords & Sorcery","9112","Swords & Sorcery","97980","1260","1538","1","12","0","0","77.76","Swords & Sorcery"
"CrossFire: Legends","9113","CrossFire: Legends","97920","113520","122","4","597","0","0","0.86","CrossFire: Legends"
"Etrian Odyssey 2 Untold: The Fafnir Knight","9114","Etrian Odyssey 2 Untold: The Fafnir Knight","97860","17160","25","1","10","0","0","5.7","Etrian Odyssey 2 Untold: The Fafnir Knight"
"Land of Illusion starring Mickey Mouse","9115","Land of Illusion starring Mickey Mouse","97860","1680","1408","1","10","0","0","58.25","Land of Illusion starring Mickey Mouse"
"Lost Saga","9116","Lost Saga","97800","54000","251","3","138","0","0","1.81","Lost Saga"
"Dead State","9117","Dead State","97740","23520","39","2","35","0","0","4.16","Dead State"
"King under the Mountain","9118","King under the Mountain","97740","2520","409","1","19","0","0","38.79","King under the Mountain"
"Silent Storm","9119","Silent Storm","97680","23100","387","2","50","0","0","4.23","Silent Storm"
"Backyard Baseball","9120","Backyard Baseball","97680","25440","64","3","74","0","0","3.84","Backyard Baseball"
"Detective Barbie in The Mystery of the Carnival Caper","9121","Detective Barbie in The Mystery of the Carnival Caper","97620","6600","539","1","14","0","0","14.79","Detective Barbie in The Mystery of the Carnival Caper"
"Final Fight 2","9122","Final Fight 2","97620","12540","568","2","56","0","0","7.78","Final Fight 2"
"Ride! Carnival Tycoon","9123","Ride! Carnival Tycoon","97620","240","1623","1","4","0","0","406.75","Ride! Carnival Tycoon"
"Gran Turismo 5","9124","Gran Turismo 5","97560","23220","180","2","34","0","0","4.2","Gran Turismo 5"
"Meow Motors","9125","Meow Motors","97560","8340","121","3","60","0","0","11.7","Meow Motors"
"Family Feud 2010 Edition","9126","Family Feud 2010 Edition","97500","2580","233","1","13","0","0","37.79","Family Feud 2010 Edition"
"Lineage II: Salvation","9127","Lineage II: Salvation","97500","59700","167","5","140","0","0","1.63","Lineage II: Salvation"
"Westard","9128","Westard","97320","2040","528","1","16","0","0","47.71","Westard"
"Summoner","9129","Summoner","97320","18960","195","2","42","0","0","5.13","Summoner"
"Valhalla Hills","9130","Valhalla Hills","97320","26520","58","3","85","0","0","3.67","Valhalla Hills"
"Fugue in Void","9131","Fugue in Void","97320","5520","461","2","57","0","0","17.63","Fugue in Void"
"Breakdown","9132","Breakdown","97260","23400","210","4","74","0","0","4.16","Breakdown"
"I Ludicrus","9133","I Ludicrus","97200","720","597","1","4","0","0","135","I Ludicrus"
"NES Remix","9134","NES Remix","97140","20820","110","3","131","0","0","4.67","NES Remix"
"Aegism","9135","Aegism","97140","19080","122","5","25","0","0","5.09","Aegism"
"Kaet Must Die!","9136","Kaet Must Die!","97080","12600","96","2","43","0","0","7.7","Kaet Must Die!"
"Pixel Shopkeeper","9137","Pixel Shopkeeper","97080","3780","386","2","18","0","0","25.68","Pixel Shopkeeper"
"Captain Planet and the Planeteers","9138","Captain Planet and the Planeteers","97080","2940","853","4","13","0","0","33.02","Captain Planet and the Planeteers"
"Kirby's Avalanche","9139","Kirby's Avalanche","97020","14400","151","4","79","0","0","6.74","Kirby's Avalanche"
"Willow","9140","Willow","97020","17460","31","2","29","0","0","5.56","Willow"
"City Racer","9141","City Racer","96960","840","977","1","4","0","0","115.43","City Racer"
"Tecmo World Cup '98","9142","Tecmo World Cup '98","96900","2280","730","1","15","0","0","42.5","Tecmo World Cup '98"
"Whiplash","9143","Whiplash","96840","6900","363","1","17","0","0","14.03","Whiplash"
"Hustle Castle: Fantasy Kingdom","9144","Hustle Castle: Fantasy Kingdom","96840","10140","733","2","38","0","0","9.55","Hustle Castle: Fantasy Kingdom"
"King's Bounty: Legions","9145","King's Bounty: Legions","96780","5400","1486","1","9","0","0","17.92","King's Bounty: Legions"
"Farming Simulator 2011","9146","Farming Simulator 2011","96720","6840","540","1","31","0","0","14.14","Farming Simulator 2011"
"Wirehead","9147","Wirehead","96720","960","1235","1","7","0","0","100.75","Wirehead"
"Initial D Arcade Stage 6 AA","9148","Initial D Arcade Stage 6 AA","96660","18780","123","3","65","0","0","5.15","Initial D Arcade Stage 6 AA"
"Super Robot Wars Alpha Gaiden","9149","Super Robot Wars Alpha Gaiden","96660","24420","165","2","20","0","0","3.96","Super Robot Wars Alpha Gaiden"
"Yu-Gi-Oh! Dungeon Dice Monsters","9150","Yu-Gi-Oh! Dungeon Dice Monsters","96600","6480","362","2","33","0","0","14.91","Yu-Gi-Oh! Dungeon Dice Monsters"
"GraalOnline Era","9151","GraalOnline Era","96600","10680","87","2","34","0","0","9.04","GraalOnline Era"
"Farming Simulator 2013","9152","Farming Simulator 2013","96480","44520","102","2","121","0","0","2.17","Farming Simulator 2013"
"Fushigi no Dungeon: Fuurai no Shiren 2","9153","Fushigi no Dungeon: Fuurai no Shiren 2","96480","9360","120","1","16","0","0","10.31","Fushigi no Dungeon: Fuurai no Shiren 2"
"Contra Force","9154","Contra Force","96420","2220","1438","1","19","0","0","43.43","Contra Force"
"Warship","9155","Warship","96360","29400","466","2","17","0","0","3.28","Warship"
"Super Mega Baseball","9156","Super Mega Baseball","96360","82800","28","4","339","0","0","1.16","Super Mega Baseball"
"The Boogie Man","9157","The Boogie Man","96360","13080","133","2","55","0","0","7.37","The Boogie Man"
"Ever Oasis","9158","Ever Oasis","96300","21300","31","2","34","0","0","4.52","Ever Oasis"
"The Lucky Dime Caper starring Donald Duck","9159","The Lucky Dime Caper starring Donald Duck","96300","7260","1147","2","20","0","0","13.26","The Lucky Dime Caper starring Donald Duck"
"The Legend of Spyro: Dawn of the Dragon","9160","The Legend of Spyro: Dawn of the Dragon","96300","19260","63","2","54","0","0","5","The Legend of Spyro: Dawn of the Dragon"
"Resistance 3","9161","Resistance 3","96240","13620","101","2","33","0","0","7.07","Resistance 3"
"Mario's Time Machine","9162","Mario's Time Machine","96180","3960","211","1","23","0","0","24.29","Mario's Time Machine"
"kuso","9163","kuso","96180","9360","297","2","62","0","0","10.28","kuso"
"Age of Wonders","9164","Age of Wonders","96060","8940","703","1","35","0","0","10.74","Age of Wonders"
"The Banner Saga: Factions","9165","The Banner Saga: Factions","96060","9120","226","2","14","0","0","10.53","The Banner Saga: Factions"
"Sonic the Hedgehog 4: Episode I","9166","Sonic the Hedgehog 4: Episode I","96060","30120","114","4","133","0","0","3.19","Sonic the Hedgehog 4: Episode I"
"Outlaws","9167","Outlaws","96000","14940","124","2","46","0","0","6.43","Outlaws"
"Big Buck HD","9168","Big Buck HD","96000","4500","201","1","4","0","0","21.33","Big Buck HD"
"Zeno Clash","9169","Zeno Clash","95940","23880","81","2","86","0","0","4.02","Zeno Clash"
"Rise of the Triad","9170","Rise of the Triad","95940","13020","283","2","64","0","0","7.37","Rise of the Triad"
"Personal Trainer: Cooking","9171","Personal Trainer: Cooking","95940","3360","357","2","14","0","0","28.55","Personal Trainer: Cooking"
"Rogalia","9172","Rogalia","95880","1380","822","1","9","0","0","69.48","Rogalia"
"Clonk Rage","9173","Clonk Rage","95880","4260","277","1","15","0","0","22.51","Clonk Rage"
"Super Neptunia RPG","9174","Super Neptunia RPG","95880","9120","63","3","12","0","0","10.51","Super Neptunia RPG"
"Power Racer","9175","Power Racer","95820","60","1597","1","0","0","0","1597","Power Racer"
"Akatsuki Blitzkampf","9176","Akatsuki Blitzkampf","95760","4440","666","1","18","0","0","21.57","Akatsuki Blitzkampf"
"The Last Tinker: City of Colors","9177","The Last Tinker: City of Colors","95760","22860","61","2","72","0","0","4.19","The Last Tinker: City of Colors"
"NBA Jam: On Fire Edition","9178","NBA Jam: On Fire Edition","95760","19560","660","3","136","0","0","4.9","NBA Jam: On Fire Edition"
"Marvelous: Mouhitotsu no Takarajima","9179","Marvelous: Mouhitotsu no Takarajima","95760","6960","54","1","9","0","0","13.76","Marvelous: Mouhitotsu no Takarajima"
"QWOP","9180","QWOP","95700","15420","283","2","126","0","0","6.21","QWOP"
"GraalOnline: Delteria","9181","GraalOnline: Delteria","95700","7440","62","2","7","0","0","12.86","GraalOnline: Delteria"
"XING: The Land Beyond","9182","XING: The Land Beyond","95640","6300","180","1","26","0","0","15.18","XING: The Land Beyond"
"Freddi Fish 4: The Case of the Hogfish Rustlers of Briny Gulch","9183","Freddi Fish 4: The Case of the Hogfish Rustlers of Briny Gulch","95580","7320","592","2","45","0","0","13.06","Freddi Fish 4: The Case of the Hogfish Rustlers of Briny Gulch"
"Inazuma Eleven GO Chrono Stones","9184","Inazuma Eleven GO Chrono Stones","95520","5940","100","2","28","0","0","16.08","Inazuma Eleven GO Chrono Stones"
"Tiny Troopers: Joint Ops","9185","Tiny Troopers: Joint Ops","95520","8820","1400","2","40","0","0","10.83","Tiny Troopers: Joint Ops"
"Treasure Hunter G","9186","Treasure Hunter G","95460","5820","86","1","10","0","0","16.4","Treasure Hunter G"
"World of Mixed Martial Arts","9187","World of Mixed Martial Arts","95340","14220","376","2","8","0","0","6.7","World of Mixed Martial Arts"
"Hanging With Friends","9188","Hanging With Friends","95220","25680","107","3","146","0","0","3.71","Hanging With Friends"
"Downtown Nekketsu Koushinkyoku: Soreyuke Daiundoukai: All-Star Special","9189","Downtown Nekketsu Koushinkyoku: Soreyuke Daiundoukai: All-Star Special","95160","120","1643","1","1","0","0","793","Downtown Nekketsu Koushinkyoku: Soreyuke Daiundoukai: All-Star Special"
"Camp Sunshine","9190","Camp Sunshine","95100","14340","75","2","65","0","0","6.63","Camp Sunshine"
"Nancy Drew: Alibi in Ashes","9191","Nancy Drew: Alibi in Ashes","95100","13980","157","2","38","0","0","6.8","Nancy Drew: Alibi in Ashes"
"Lost: Via Domus","9192","Lost: Via Domus","95040","10140","216","2","41","0","0","9.37","Lost: Via Domus"
"Spider Solitaire","9193","Spider Solitaire","95040","12300","724","3","74","0","0","7.73","Spider Solitaire"
"Icewind Dale II","9194","Icewind Dale II","94980","30780","49","2","33","0","0","3.09","Icewind Dale II"
"Shadowgun War Games","9195","Shadowgun War Games","94980","300","569","1","2","0","0","316.6","Shadowgun War Games"
"The Deadly Tower of Monsters","9196","The Deadly Tower of Monsters","94920","33240","108","3","162","0","0","2.86","The Deadly Tower of Monsters"
"Log Jammers","9197","Log Jammers","94920","1800","1242","2","19","0","0","52.73","Log Jammers"
"No70: Eye of Basir","9198","No70: Eye of Basir","94920","11640","132","1","51","0","0","8.15","No70: Eye of Basir"
"The Novelist","9199","The Novelist","94860","6360","270","1","28","0","0","14.92","The Novelist"
"QuackShot starring Donald Duck","9200","QuackShot starring Donald Duck","94860","7500","379","2","35","0","0","12.65","QuackShot starring Donald Duck"