"","","Game","Watch time","Stream time","Peak viewers","Peak channels","Streamers","Average viewers","Average channels","Average viewer ratio",""
"Elebits","13801","Elebits","21000","3660","25","1","10","0","0","5.74","Elebits"
"Railroad Tycoon 3","13802","Railroad Tycoon 3","21000","10620","14","1","35","0","0","1.98","Railroad Tycoon 3"
"Saint Seiya: Ougon Densetsu - Kanketsu Hen","13803","Saint Seiya: Ougon Densetsu - Kanketsu Hen","21000","4200","51","1","9","0","0","5","Saint Seiya: Ougon Densetsu - Kanketsu Hen"
"Duke: Nuclear Winter","13804","Duke: Nuclear Winter","21000","1320","71","1","7","0","0","15.91","Duke: Nuclear Winter"
"Zombie Virus","13805","Zombie Virus","21000","780","51","1","2","0","0","26.92","Zombie Virus"
"Classic BASIC Games","13806","Classic BASIC Games","21000","24060","11","2","18","0","0","0.87","Classic BASIC Games"
"Sensible World of Soccer '96/'97","13807","Sensible World of Soccer '96/'97","21000","10800","18","2","20","0","0","1.94","Sensible World of Soccer '96/'97"
"Caesars Palace","13808","Caesars Palace","21000","420","344","1","5","0","0","50","Caesars Palace"
"Under the Skin","13809","Under the Skin","21000","1080","115","1","6","0","0","19.44","Under the Skin"
"Spider","13810","Spider","21000","5160","54","2","31","0","0","4.07","Spider"
"Offspring Fling!","13811","Offspring Fling!","20940","1920","52","1","10","0","0","10.91","Offspring Fling!"
"Pinocchio","13812","Pinocchio","20940","3900","47","1","17","0","0","5.37","Pinocchio"
"Eon Altar","13813","Eon Altar","20940","6360","32","1","24","0","0","3.29","Eon Altar"
"Dynasty Warriors 5","13814","Dynasty Warriors 5","20940","9540","13","2","27","0","0","2.19","Dynasty Warriors 5"
"Super Granny","13815","Super Granny","20940","3480","103","1","4","0","0","6.02","Super Granny"
"Don't Make Love","13816","Don't Make Love","20940","3000","82","2","26","0","0","6.98","Don't Make Love"
"Wars of Succession","13817","Wars of Succession","20940","780","120","1","3","0","0","26.85","Wars of Succession"
"Winning Post 8 2016","13818","Winning Post 8 2016","20880","12180","13","2","6","0","0","1.71","Winning Post 8 2016"
"Retro Game Crunch","13819","Retro Game Crunch","20880","8940","24","1","42","0","0","2.34","Retro Game Crunch"
"Jumper","13820","Jumper","20880","1320","118","1","9","0","0","15.82","Jumper"
"Battle Fantasia","13821","Battle Fantasia","20880","4080","81","2","31","0","0","5.12","Battle Fantasia"
"Painkiller: Battle Out of Hell","13822","Painkiller: Battle Out of Hell","20880","13320","26","2","43","0","0","1.57","Painkiller: Battle Out of Hell"
"Crash Time II","13823","Crash Time II","20880","5940","83","1","34","0","0","3.52","Crash Time II"
"V-Rally 3","13824","V-Rally 3","20880","1800","166","1","10","0","0","11.6","V-Rally 3"
"My Little Pony Crystal Princess: The Runaway Rainbow","13825","My Little Pony Crystal Princess: The Runaway Rainbow","20880","8700","34","2","23","0","0","2.4","My Little Pony Crystal Princess: The Runaway Rainbow"
"Tiny Bird Garden Deluxe","13826","Tiny Bird Garden Deluxe","20820","720","84","1","5","0","0","28.92","Tiny Bird Garden Deluxe"
"Umineko no Naku Koro ni Chiru Episode 8: Twilight of the golden witch","13827","Umineko no Naku Koro ni Chiru Episode 8: Twilight of the golden witch","20820","9900","12","2","6","0","0","2.1","Umineko no Naku Koro ni Chiru Episode 8: Twilight of the golden witch"
"Impossible Mission-II","13828","Impossible Mission-II","20820","4860","129","3","20","0","0","4.28","Impossible Mission-II"
"Top Gun: Combat Zones","13829","Top Gun: Combat Zones","20820","180","195","1","2","0","0","115.67","Top Gun: Combat Zones"
"Angels Online","13830","Angels Online","20820","9660","10","1","12","0","0","2.16","Angels Online"
"N3: Ninety-Nine Nights","13831","N3: Ninety-Nine Nights","20820","2280","92","1","10","0","0","9.13","N3: Ninety-Nine Nights"
"Ore o Hoshigaru Futari no Haha","13832","Ore o Hoshigaru Futari no Haha","20820","240","318","1","2","0","0","86.75","Ore o Hoshigaru Futari no Haha"
"Robin","13833","Robin","20820","4080","95","1","36","0","0","5.1","Robin"
"Guitar Idol","13834","Guitar Idol","20760","360","339","1","4","0","0","57.67","Guitar Idol"
"LOGistICAL","13835","LOGistICAL","20760","7200","31","2","14","0","0","2.88","LOGistICAL"
"BloodRayne: Betrayal","13836","BloodRayne: Betrayal","20760","8700","16","1","44","0","0","2.39","BloodRayne: Betrayal"
"Disney Fantasia: Music Evolved","13837","Disney Fantasia: Music Evolved","20760","9540","30","2","24","0","0","2.18","Disney Fantasia: Music Evolved"
"Tiger Woods PGA Tour 2004","13838","Tiger Woods PGA Tour 2004","20760","8220","14","2","19","0","0","2.53","Tiger Woods PGA Tour 2004"
"Kamen Rider","13839","Kamen Rider","20760","3600","70","1","13","0","0","5.77","Kamen Rider"
"UFO: Aftershock","13840","UFO: Aftershock","20760","3540","72","1","8","0","0","5.86","UFO: Aftershock"
"GameRoom","13841","GameRoom","20760","26520","31","2","39","0","0","0.78","GameRoom"
"Almost Alive","13842","Almost Alive","20700","6660","20","3","25","0","0","3.11","Almost Alive"
"Celestian Tales: Old North","13843","Celestian Tales: Old North","20700","4200","23","1","17","0","0","4.93","Celestian Tales: Old North"
"The Legend of Dark Witch","13844","The Legend of Dark Witch","20700","10140","19","1","26","0","0","2.04","The Legend of Dark Witch"
"Hide-And-Seek","13845","Hide-And-Seek","20700","9240","24","3","82","0","0","2.24","Hide-And-Seek"
"Camera Obscura","13846","Camera Obscura","20700","6780","29","2","34","0","0","3.05","Camera Obscura"
"Dark Ages","13847","Dark Ages","20700","6960","61","2","15","0","0","2.97","Dark Ages"
"Time Crisis 4","13848","Time Crisis 4","20700","1440","185","1","10","0","0","14.38","Time Crisis 4"
"Master Chu And The Drunkard Hu","13849","Master Chu And The Drunkard Hu","20700","420","113","1","3","0","0","49.29","Master Chu And The Drunkard Hu"
"Zafehouse Diaries 2","13850","Zafehouse Diaries 2","20700","3960","19","1","14","0","0","5.23","Zafehouse Diaries 2"
"Switchball","13851","Switchball","20700","420","212","1","3","0","0","49.29","Switchball"
"Spoxel","13852","Spoxel","20700","3120","236","1","15","0","0","6.63","Spoxel"
"The SKIES","13853","The SKIES","20700","19200","14","2","85","0","0","1.08","The SKIES"
"Star'Shoot","13854","Star'Shoot","20640","1800","98","2","14","0","0","11.47","Star'Shoot"
"One Piece Romance Dawn: Bōken no Yoake","13855","One Piece Romance Dawn: Bōken no Yoake","20640","3480","27","1","8","0","0","5.93","One Piece Romance Dawn: Bōken no Yoake"
"Umineko no Naku Koro ni Episode 7: Requiem of the Golden Witch","13856","Umineko no Naku Koro ni Episode 7: Requiem of the Golden Witch","20640","11640","6","2","6","0","0","1.77","Umineko no Naku Koro ni Episode 7: Requiem of the Golden Witch"
"Star Wolves","13857","Star Wolves","20640","17100","9","1","17","0","0","1.21","Star Wolves"
"RECYCLE","13858","RECYCLE","20640","3360","132","1","5","0","0","6.14","RECYCLE"
"Quake Mission Pack No 2: Dissolution of Eternity","13859","Quake Mission Pack No 2: Dissolution of Eternity","20640","4860","33","1","18","0","0","4.25","Quake Mission Pack No 2: Dissolution of Eternity"
"The Maw","13860","The Maw","20640","4620","44","1","30","0","0","4.47","The Maw"
"Dora the Explorer: Barnyard Buddies","13861","Dora the Explorer: Barnyard Buddies","20640","600","176","1","6","0","0","34.4","Dora the Explorer: Barnyard Buddies"
"Midway Arcade Treasures","13862","Midway Arcade Treasures","20640","7620","49","1","24","0","0","2.71","Midway Arcade Treasures"
"Chaos","13863","Chaos","20640","6060","29","1","9","0","0","3.41","Chaos"
"Petka and VICH Save the Galaxy","13864","Petka and VICH Save the Galaxy","20640","2340","44","1","10","0","0","8.82","Petka and VICH Save the Galaxy"
"EpicSeven","13865","EpicSeven","20580","1380","69","1","7","0","0","14.91","EpicSeven"
"Sébastien Loeb Rally Evo","13866","Sébastien Loeb Rally Evo","20580","25140","64","2","112","0","0","0.82","Sébastien Loeb Rally Evo"
"Quell: Memento","13867","Quell: Memento","20580","660","63","1","3","0","0","31.18","Quell: Memento"
"Hot Wheels: Velocity X","13868","Hot Wheels: Velocity X","20580","3000","70","1","14","0","0","6.86","Hot Wheels: Velocity X"
"Tattoo Mania","13869","Tattoo Mania","20580","5520","94","1","20","0","0","3.73","Tattoo Mania"
"Castle Shikigami 2","13870","Castle Shikigami 2","20580","2400","120","1","7","0","0","8.58","Castle Shikigami 2"
"WWF WrestleMania: The Arcade Game","13871","WWF WrestleMania: The Arcade Game","20580","4440","54","2","35","0","0","4.64","WWF WrestleMania: The Arcade Game"
"Back From Hell","13872","Back From Hell","20580","2160","60","1","16","0","0","9.53","Back From Hell"
"Silent Assault","13873","Silent Assault","20580","300","145","1","2","0","0","68.6","Silent Assault"
"Prototype Mansion - Used No Cover","13874","Prototype Mansion - Used No Cover","20580","3900","40","1","23","0","0","5.28","Prototype Mansion - Used No Cover"
"Peregrin","13875","Peregrin","20580","4620","28","1","22","0","0","4.45","Peregrin"
"Zaccaria Pinball","13876","Zaccaria Pinball","20580","7200","12","1","18","0","0","2.86","Zaccaria Pinball"
"Fortune-499","13877","Fortune-499","20520","4680","45","3","31","0","0","4.38","Fortune-499"
"Hempire","13878","Hempire","20520","8760","271","2","36","0","0","2.34","Hempire"
"iubes:2","13879","iubes:2","20520","4620","123","1","14","0","0","4.44","iubes:2"
"Jesus Christ RPG Trilogy","13880","Jesus Christ RPG Trilogy","20520","9720","23","2","62","0","0","2.11","Jesus Christ RPG Trilogy"
"She Remembered Caterpillars","13881","She Remembered Caterpillars","20520","1140","78","1","7","0","0","18","She Remembered Caterpillars"
"To End All Wars","13882","To End All Wars","20520","2040","22","1","1","0","0","10.06","To End All Wars"
"Madden NFL 2005","13883","Madden NFL 2005","20520","2760","283","1","15","0","0","7.43","Madden NFL 2005"
"Easy Joe","13884","Easy Joe","20460","2220","45","1","2","0","0","9.22","Easy Joe"
"Bendy in Nightmare Run","13885","Bendy in Nightmare Run","20460","2640","300","1","25","0","0","7.75","Bendy in Nightmare Run"
"Pearl6","13886","Pearl6","20460","60","341","1","1","0","0","341","Pearl6"
"Noctropolis","13887","Noctropolis","20460","2940","35","1","11","0","0","6.96","Noctropolis"
"Baja: Edge of Control","13888","Baja: Edge of Control","20460","12420","28","2","37","0","0","1.65","Baja: Edge of Control"
"The Bugs Bunny Birthday Blowout","13889","The Bugs Bunny Birthday Blowout","20460","1980","43","1","9","0","0","10.33","The Bugs Bunny Birthday Blowout"
"Def Jam: Icon","13890","Def Jam: Icon","20460","3780","24","1","10","0","0","5.41","Def Jam: Icon"
"Dungeon Siege: Legends of Aranna","13891","Dungeon Siege: Legends of Aranna","20460","9840","25","2","29","0","0","2.08","Dungeon Siege: Legends of Aranna"
"Kororinpa: Marble Mania","13892","Kororinpa: Marble Mania","20460","660","50","1","2","0","0","31","Kororinpa: Marble Mania"
"Just Deserts","13893","Just Deserts","20460","7620","35","2","21","0","0","2.69","Just Deserts"
"R-Type Tactics II: Operation Bitter Chocolate","13894","R-Type Tactics II: Operation Bitter Chocolate","20460","11940","9","1","6","0","0","1.71","R-Type Tactics II: Operation Bitter Chocolate"
"Reunion","13895","Reunion","20460","7440","33","1","6","0","0","2.75","Reunion"
"Cardfight!! Vanguard: Stride to Victory!!","13896","Cardfight!! Vanguard: Stride to Victory!!","20460","13560","9","2","17","0","0","1.51","Cardfight!! Vanguard: Stride to Victory!!"
"Date (Almost) Anything Simulator","13897","Date (Almost) Anything Simulator","20460","2160","272","1","16","0","0","9.47","Date (Almost) Anything Simulator"
"Pako 2","13898","Pako 2","20400","2820","147","1","23","0","0","7.23","Pako 2"
"VODKA","13899","VODKA","20400","7320","29","1","31","0","0","2.79","VODKA"
"Disney Magic Kingdoms","13900","Disney Magic Kingdoms","20400","6840","86","2","56","0","0","2.98","Disney Magic Kingdoms"