"","","Game","Watch time","Stream time","Peak viewers","Peak channels","Streamers","Average viewers","Average channels","Average viewer ratio",""
"Mass Effect 3","701","Mass Effect 3","26817420","2427120","3799","28","2825","51","4","11.05","Mass Effect 3"
"Dead Space 2","702","Dead Space 2","26769600","1814700","4831","29","7834","50","3","14.75","Dead Space 2"
"Blackjack","703","Blackjack","26764680","388140","48575","8","855","50","0","68.96","Blackjack"
"Mega Man 2","704","Mega Man 2","26708280","728220","21450","13","1546","50","1","36.68","Mega Man 2"
"Worms Reloaded","705","Worms Reloaded","26668740","112500","34629","6","580","50","0","237.06","Worms Reloaded"
"Resident Evil 6","706","Resident Evil 6","26576040","4105380","3506","30","11425","50","7","6.47","Resident Evil 6"
"Mount Your Friends 3D: A Hard Man Is Good to Climb","707","Mount Your Friends 3D: A Hard Man Is Good to Climb","26498220","100680","33620","13","686","50","0","263.19","Mount Your Friends 3D: A Hard Man Is Good to Climb"
"Mario Party 3","708","Mario Party 3","26335260","354180","8980","17","960","50","0","74.36","Mario Party 3"
"The Legend of Zelda: Four Swords Adventures","709","The Legend of Zelda: Four Swords Adventures","26322240","111180","130420","13","249","50","0","236.75","The Legend of Zelda: Four Swords Adventures"
"Silent Hill 3","710","Silent Hill 3","26307960","557700","17416","12","1082","50","1","47.17","Silent Hill 3"
"Dead Space 3","711","Dead Space 3","26291940","1857780","18923","24","7244","50","3","14.15","Dead Space 3"
"S.T.A.L.K.E.R.: Call of Pripyat","712","S.T.A.L.K.E.R.: Call of Pripyat","26167500","2628000","9368","24","5270","49","5","9.96","S.T.A.L.K.E.R.: Call of Pripyat"
"Super Mario RPG: Legend of the Seven Stars","713","Super Mario RPG: Legend of the Seven Stars","26097720","1072200","9010","16","2206","49","2","24.34","Super Mario RPG: Legend of the Seven Stars"
"Battletoads","714","Battletoads","26023980","156960","148658","13","622","49","0","165.8","Battletoads"
"Mu Online","715","Mu Online","25944060","804240","1678","12","890","49","1","32.26","Mu Online"
"Bigfoot","716","Bigfoot","25816140","208500","29820","11","1322","49","0","123.82","Bigfoot"
"Lobotomy Corporation | Monster Management Simulation","717","Lobotomy Corporation | Monster Management Simulation","25780800","906660","8795","18","1418","49","1","28.43","Lobotomy Corporation | Monster Management Simulation"
"Ben and Ed: Blood Party","718","Ben and Ed: Blood Party","25722960","231720","30452","9","1389","48","0","111.01","Ben and Ed: Blood Party"
"Ghost of a Tale","719","Ghost of a Tale","25710960","844140","49826","51","2560","48","1","30.46","Ghost of a Tale"
"999: 9 Hours, 9 Persons, 9 Doors","720","999: 9 Hours, 9 Persons, 9 Doors","25708620","277080","12747","7","416","48","0","92.78","999: 9 Hours, 9 Persons, 9 Doors"
"Resident Evil: Code: Veronica X","721","Resident Evil: Code: Veronica X","25694640","619440","8962","11","1847","48","1","41.48","Resident Evil: Code: Veronica X"
"Lineage M","722","Lineage M","25681320","1211700","7468","25","478","48","2","21.19","Lineage M"
"Dragon Age: Origins","723","Dragon Age: Origins","25663440","3070740","4193","21","5006","48","5","8.36","Dragon Age: Origins"
"Stranded Deep","724","Stranded Deep","25649460","599220","10467","10","2643","48","1","42.8","Stranded Deep"
"Iconoclasts","725","Iconoclasts","25645140","872280","114036","65","2645","48","1","29.4","Iconoclasts"
"Mario Party","726","Mario Party","25642800","306600","9027","9","928","48","0","83.64","Mario Party"
"Maelstrom","727","Maelstrom","25621200","430200","38032","51","1154","48","0","59.56","Maelstrom"
"Stationeers","728","Stationeers","25563720","1266360","7927","17","1181","48","2","20.19","Stationeers"
"Kingdom Hearts II","729","Kingdom Hearts II","25500540","1330440","5898","18","2759","48","2","19.17","Kingdom Hearts II"
"Bridge Constructor Portal","730","Bridge Constructor Portal","25464960","439740","30617","19","2117","48","0","57.91","Bridge Constructor Portal"
"Hyrule Warriors","731","Hyrule Warriors","25425060","1236600","6952","95","2265","48","2","20.56","Hyrule Warriors"
"La-Mulana 2","732","La-Mulana 2","25392000","982200","4759","91","758","48","1","25.85","La-Mulana 2"
"Empyrion: Galactic Survival","733","Empyrion: Galactic Survival","25362840","2991600","6689","38","2990","48","5","8.48","Empyrion: Galactic Survival"
"Diablo","734","Diablo","25266540","733200","163460","10","1353","48","1","34.46","Diablo"
"Fable Anniversary","735","Fable Anniversary","25255920","1237920","11982","14","4014","48","2","20.4","Fable Anniversary"
"Slap City","736","Slap City","25242420","685320","61652","22","2890","48","1","36.83","Slap City"
"The Legend of Zelda: Oracle of Seasons","737","The Legend of Zelda: Oracle of Seasons","25221060","348420","121147","14","455","47","0","72.39","The Legend of Zelda: Oracle of Seasons"
"Tales of Berseria","738","Tales of Berseria","25167000","3204360","11257","25","5642","47","6","7.85","Tales of Berseria"
"Worms Revolution","739","Worms Revolution","25051320","293520","46567","9","1751","47","0","85.35","Worms Revolution"
"Ōkami","740","Ōkami","25004040","3362640","18253","56","6499","47","6","7.44","Ōkami"
"Pokémon Go","741","Pokémon Go","25003560","1347420","7389","38","2712","47","2","18.56","Pokémon Go"
"Super Smash Bros. Brawl","742","Super Smash Bros. Brawl","24982440","887340","13098","23","3252","47","1","28.15","Super Smash Bros. Brawl"
"Breathedge","743","Breathedge","24920580","387060","23727","44","2166","47","0","64.38","Breathedge"
"The Room Three","744","The Room Three","24860760","275400","29236","32","969","47","0","90.27","The Room Three"
"Total War: ARENA","745","Total War: ARENA","24846540","3362400","6642","54","4754","47","6","7.39","Total War: ARENA"
"The Walking Dead: A New Frontier","746","The Walking Dead: A New Frontier","24746280","1162440","7917","21","3675","47","2","21.29","The Walking Dead: A New Frontier"
"Earthfall","747","Earthfall","24636720","600240","34510","64","3056","46","1","41.04","Earthfall"
"Fate Seeker","748","Fate Seeker","24152220","230640","10937","21","308","45","0","104.72","Fate Seeker"
"Call of Duty: Modern Warfare 3","749","Call of Duty: Modern Warfare 3","24007620","2746020","27281","104","9488","45","5","8.74","Call of Duty: Modern Warfare 3"
"Mafia","750","Mafia","24000300","646740","6032","11","1422","45","1","37.11","Mafia"
"We Need to Go Deeper","751","We Need to Go Deeper","23985180","182340","42869","11","897","45","0","131.54","We Need to Go Deeper"
"Rising Storm 2: Vietnam","752","Rising Storm 2: Vietnam","23863380","1855560","7066","41","6769","45","3","12.86","Rising Storm 2: Vietnam"
"Programming","753","Programming","23815800","3887880","2051","50","6591","45","7","6.13","Programming"
"The Elder Scrolls III: Morrowind","754","The Elder Scrolls III: Morrowind","23729400","1889580","6100","19","3765","45","3","12.56","The Elder Scrolls III: Morrowind"
"Mega Man X2","755","Mega Man X2","23722620","392580","122410","12","1119","45","0","60.43","Mega Man X2"
"Cyphers Online","756","Cyphers Online","23690460","1675200","1734","23","1268","45","3","14.14","Cyphers Online"
"Dark and Light","757","Dark and Light","23680140","2070960","7117","29","2150","45","3","11.43","Dark and Light"
"Totally Accurate Battle Simulator","758","Totally Accurate Battle Simulator","23618700","306120","74419","242","3494","44","0","77.16","Totally Accurate Battle Simulator"
"Dig Or Die","759","Dig Or Die","23609940","226800","29169","17","603","44","0","104.1","Dig Or Die"
"Duck Game","760","Duck Game","23600160","784020","37402","14","5576","44","1","30.1","Duck Game"
"King's Raid","761","King's Raid","23578980","1609440","2053","15","1180","44","3","14.65","King's Raid"
"Knives Out","762","Knives Out","23572560","2390880","8311","31","4848","44","4","9.86","Knives Out"
"God of War Collection","763","God of War Collection","23564700","460800","9432","13","801","44","0","51.14","God of War Collection"
"Mega Man","764","Mega Man","23536560","815280","10956","11","1619","44","1","28.87","Mega Man"
"The Sims 3","765","The Sims 3","23522460","1656780","5395","17","5355","44","3","14.2","The Sims 3"
"Pokémon Gold/Silver","766","Pokémon Gold/Silver","23519280","817740","4714","13","2019","44","1","28.76","Pokémon Gold/Silver"
"Final Fantasy Tactics","767","Final Fantasy Tactics","23492220","682080","3789","10","789","44","1","34.44","Final Fantasy Tactics"
"Darksiders II","768","Darksiders II","23474340","3079560","5908","43","8083","44","5","7.62","Darksiders II"
"Bloodborne: The Old Hunters","769","Bloodborne: The Old Hunters","23453880","361320","13551","13","2587","44","0","64.91","Bloodborne: The Old Hunters"
"XCOM: Enemy Unknown","770","XCOM: Enemy Unknown","23438280","607020","7595","12","1578","44","1","38.61","XCOM: Enemy Unknown"
"Rusty Lake Paradise","771","Rusty Lake Paradise","23425380","265200","12456","18","1039","44","0","88.33","Rusty Lake Paradise"
"Heroes of Might and Magic V","772","Heroes of Might and Magic V","23394180","474780","8567","8","772","44","0","49.27","Heroes of Might and Magic V"
"Burnout Paradise","773","Burnout Paradise","23323200","667260","99995","53","3807","44","1","34.95","Burnout Paradise"
"Fallout 2","774","Fallout 2","23245740","822240","9480","10","1336","44","1","28.27","Fallout 2"
"Just Dance 2017","775","Just Dance 2017","23186880","241920","36710","5","1069","44","0","95.85","Just Dance 2017"
"Armello","776","Armello","23129220","893280","8990","10","2716","44","1","25.89","Armello"
"Super Mario Bros.","777","Super Mario Bros.","23089080","1291620","137762","29","2709","43","2","17.88","Super Mario Bros."
"Owlboy","778","Owlboy","23066700","577800","124483","14","2254","43","1","39.92","Owlboy"
"Ultima Online","779","Ultima Online","23004120","2054220","1598","15","867","43","3","11.2","Ultima Online"
"The Red Strings Club","780","The Red Strings Club","22993920","325140","28221","12","1419","43","0","70.72","The Red Strings Club"
"Pizza Connection 3","781","Pizza Connection 3","22950360","195300","35335","65","764","43","0","117.51","Pizza Connection 3"
"Casino!","782","Casino!","22948260","98400","1204","3","144","43","0","233.21","Casino!"
"Ys VIII: Lacrimosa of Dana","783","Ys VIII: Lacrimosa of Dana","22941660","854280","7926","15","1376","43","1","26.85","Ys VIII: Lacrimosa of Dana"
"Persona 4 Golden","784","Persona 4 Golden","22922400","650760","1590","9","546","43","1","35.22","Persona 4 Golden"
"Silent Hill 4: The Room","785","Silent Hill 4: The Room","22903800","405720","4737","7","622","43","0","56.45","Silent Hill 4: The Room"
"Monopoly","786","Monopoly","22795620","328080","21527","9","2184","43","0","69.48","Monopoly"
"Toontown Online","787","Toontown Online","22762140","1999380","3069","51","3303","43","3","11.38","Toontown Online"
"GoldenEye 007","788","GoldenEye 007","22682640","1104780","23334","14","1144","43","2","20.53","GoldenEye 007"
"Duelyst","789","Duelyst","22625160","932940","729","15","951","43","1","24.25","Duelyst"
"Mario + Rabbids Kingdom Battle","790","Mario + Rabbids Kingdom Battle","22522320","650580","10296","22","1582","42","1","34.62","Mario + Rabbids Kingdom Battle"
"Gothic II: Night of the Raven","791","Gothic II: Night of the Raven","22522080","1354800","1913","15","961","42","2","16.62","Gothic II: Night of the Raven"
"Yakuza 5","792","Yakuza 5","22519740","246600","3930","9","154","42","0","91.32","Yakuza 5"
"BBO2 Online","793","BBO2 Online","22511700","296940","2830","6","184","42","0","75.81","BBO2 Online"
"Party Panic","794","Party Panic","22479540","115440","29258","7","744","42","0","194.73","Party Panic"
"Katamari Damacy","795","Katamari Damacy","22292280","352260","25930","50","1838","42","0","63.28","Katamari Damacy"
"Fear the Wolves","796","Fear the Wolves","22166940","450000","50132","70","2405","42","0","49.26","Fear the Wolves"
"Total War: WARHAMMER","797","Total War: WARHAMMER","22074900","808920","18902","12","2315","42","1","27.29","Total War: WARHAMMER"
"Desolate","798","Desolate","22020780","882180","37986","68","3558","41","1","24.96","Desolate"
"CABAL Online","799","CABAL Online","22000200","2135160","976","19","1394","41","4","10.3","CABAL Online"
"Doom II: Hell on Earth","800","Doom II: Hell on Earth","21986520","1505040","9792","15","2891","41","2","14.61","Doom II: Hell on Earth"