"","","Game","Watch time","Stream time","Peak viewers","Peak channels","Streamers","Average viewers","Average channels","Average viewer ratio",""
"Q.U.B.E. 2","1001","Q.U.B.E. 2","15509880","453840","35572","28","2337","29","0","34.17","Q.U.B.E. 2"
"Rusty Lake: Roots","1002","Rusty Lake: Roots","15465600","245760","20044","5","855","29","0","62.93","Rusty Lake: Roots"
"Bendy and the Ink Machine","1003","Bendy and the Ink Machine","15449700","955980","5929","80","4866","29","1","16.16","Bendy and the Ink Machine"
"Dragon Warrior","1004","Dragon Warrior","15436440","392760","139493","14","318","29","0","39.3","Dragon Warrior"
"Halo Online","1005","Halo Online","15421080","1377720","23035","304","6665","29","2","11.19","Halo Online"
"Nintendo Labo Variety Kit","1006","Nintendo Labo Variety Kit","15368280","114300","26615","29","416","29","0","134.46","Nintendo Labo Variety Kit"
"Mega Man 7","1007","Mega Man 7","15363900","156000","117432","9","485","29","0","98.49","Mega Man 7"
"Super Mario 3D Land","1008","Super Mario 3D Land","15297480","80460","148720","15","194","29","0","190.13","Super Mario 3D Land"
"Epic 7","1009","Epic 7","15276600","438480","1997","15","314","29","0","34.84","Epic 7"
"Sonic the Hedgehog","1010","Sonic the Hedgehog","15244320","725700","14054","10","2220","29","1","21.01","Sonic the Hedgehog"
"Harvester","1011","Harvester","15202500","87240","12498","6","253","28","0","174.26","Harvester"
"Paranormal Activity: The Lost Soul","1012","Paranormal Activity: The Lost Soul","15141300","249840","9634","17","1659","28","0","60.6","Paranormal Activity: The Lost Soul"
"Blood II: The Chosen","1013","Blood II: The Chosen","15139560","10200","107359","8","38","28","0","1484.27","Blood II: The Chosen"
"Titan Souls","1014","Titan Souls","15125100","431520","100504","12","3000","28","0","35.05","Titan Souls"
"Ragnarok Online Mobile","1015","Ragnarok Online Mobile","15118620","824700","8825","17","552","28","1","18.33","Ragnarok Online Mobile"
"Shenmue II","1016","Shenmue II","15092520","508260","5125","17","806","28","0","29.69","Shenmue II"
"Half-Life: Counter-Strike","1017","Half-Life: Counter-Strike","15082860","2404800","15611","24","6750","28","4","6.27","Half-Life: Counter-Strike"
"Cypher","1018","Cypher","15081420","89640","12415","6","248","28","0","168.24","Cypher"
"Rise of Insanity","1019","Rise of Insanity","15050340","194580","34759","12","1251","28","0","77.35","Rise of Insanity"
"The Universim","1020","The Universim","14977800","416040","15957","69","1525","28","0","36","The Universim"
"Ultimate Fishing Simulator","1021","Ultimate Fishing Simulator","14960040","180060","22485","12","712","28","0","83.08","Ultimate Fishing Simulator"
"Shoppe Keep 2","1022","Shoppe Keep 2","14952600","180060","35249","45","794","28","0","83.04","Shoppe Keep 2"
"Use Your Words","1023","Use Your Words","14924460","355200","7260","15","1770","28","0","42.02","Use Your Words"
"Pokémon Diamond/Pearl","1024","Pokémon Diamond/Pearl","14922900","453360","18919","8","1294","28","0","32.92","Pokémon Diamond/Pearl"
"Metal Gear Rising: Revengeance","1025","Metal Gear Rising: Revengeance","14896140","885720","5634","12","3232","28","1","16.82","Metal Gear Rising: Revengeance"
"Citadel: Forged with Fire","1026","Citadel: Forged with Fire","14851680","412800","24689","27","1011","28","0","35.98","Citadel: Forged with Fire"
"Max Payne 3","1027","Max Payne 3","14805180","704700","14981","13","2470","28","1","21.01","Max Payne 3"
"Jak and Daxter: The Precursor Legacy","1028","Jak and Daxter: The Precursor Legacy","14798520","519300","109561","10","2951","28","0","28.5","Jak and Daxter: The Precursor Legacy"
"Just Shapes & Beats","1029","Just Shapes & Beats","14771820","368520","26162","21","2089","28","0","40.08","Just Shapes & Beats"
"Mother Simulator","1030","Mother Simulator","14732880","101940","16464","5","900","28","0","144.53","Mother Simulator"
"Tomb Raider II","1031","Tomb Raider II","14701080","547380","2127","9","660","27","1","26.86","Tomb Raider II"
"Super Ghouls 'N Ghosts","1032","Super Ghouls 'N Ghosts","14651640","206640","10531","6","525","27","0","70.9","Super Ghouls 'N Ghosts"
"Orcs Must Die! 2","1033","Orcs Must Die! 2","14646240","272100","38971","7","1376","27","0","53.83","Orcs Must Die! 2"
"Dissidia: Final Fantasy","1034","Dissidia: Final Fantasy","14643000","756780","13829","102","2418","27","1","19.35","Dissidia: Final Fantasy"
"The Idolm@ster: Stella Stage","1035","The Idolm@ster: Stella Stage","14619600","262920","5221","16","319","27","0","55.6","The Idolm@ster: Stella Stage"
"Counter-Strike Online","1036","Counter-Strike Online","14562240","289080","8522","6","1354","27","0","50.37","Counter-Strike Online"
"LittleBigPlanet 2","1037","LittleBigPlanet 2","14560740","29280","121102","8","67","27","0","497.29","LittleBigPlanet 2"
"Worms Armageddon","1038","Worms Armageddon","14541720","182760","5603","6","763","27","0","79.57","Worms Armageddon"
"Pikmin 3","1039","Pikmin 3","14500500","131580","117811","13","240","27","0","110.2","Pikmin 3"
"The Stanley Parable","1040","The Stanley Parable","14443260","384540","11161","7","2818","27","0","37.56","The Stanley Parable"
"Quantum Break","1041","Quantum Break","14442360","1131480","16646","17","4588","27","2","12.76","Quantum Break"
"Emily Wants to Play Too","1042","Emily Wants to Play Too","14416980","314940","30357","8","2026","27","0","45.78","Emily Wants to Play Too"
"The Exorcist: Legion VR","1043","The Exorcist: Legion VR","14393460","73140","24228","6","410","27","0","196.79","The Exorcist: Legion VR"
"Metroid Prime","1044","Metroid Prime","14376420","792240","2660","13","1459","27","1","18.15","Metroid Prime"
"Wario Land 4","1045","Wario Land 4","14343960","62520","150094","12","197","27","0","229.43","Wario Land 4"
"EA Sports UFC 2","1046","EA Sports UFC 2","14318520","1787160","30543","27","10526","27","3","8.01","EA Sports UFC 2"
"Fishing Planet","1047","Fishing Planet","14267280","2025420","6560","18","6983","27","3","7.04","Fishing Planet"
"Crying is not Enough","1048","Crying is not Enough","14247960","29820","27091","11","163","27","0","477.8","Crying is not Enough"
"Guacamelee! 2","1049","Guacamelee! 2","14235480","456600","13694","59","1217","27","0","31.18","Guacamelee! 2"
"Touhou","1050","Touhou","14222220","1639080","11619","18","1780","27","3","8.68","Touhou"
"Perfect World","1051","Perfect World","14220600","1711680","1241","16","1384","27","3","8.31","Perfect World"
"Assassin's Creed IV: Black Flag","1052","Assassin's Creed IV: Black Flag","14193720","3776220","1495","29","11637","27","7","3.76","Assassin's Creed IV: Black Flag"
"Chasm","1053","Chasm","14158440","458520","7495","88","1375","26","0","30.88","Chasm"
"Hyper Light Drifter","1054","Hyper Light Drifter","14147160","710940","103365","16","3320","26","1","19.9","Hyper Light Drifter"
"Clustertruck","1055","Clustertruck","14132820","716280","17016","21","7209","26","1","19.73","Clustertruck"
"Captain Toad: Treasure Tracker","1056","Captain Toad: Treasure Tracker","14109720","330180","4656","28","1168","26","0","42.73","Captain Toad: Treasure Tracker"
"Dynasty Warriors 9","1057","Dynasty Warriors 9","14104140","1524480","7026","129","2868","26","2","9.25","Dynasty Warriors 9"
"Pinturillo 2","1058","Pinturillo 2","14083560","458760","8840","10","4356","26","0","30.7","Pinturillo 2"
"Sleeping Dogs","1059","Sleeping Dogs","14036460","1220760","4439","12","4811","26","2","11.5","Sleeping Dogs"
"Deus Ex: Mankind Divided","1060","Deus Ex: Mankind Divided","13960260","1678260","9895","20","9863","26","3","8.32","Deus Ex: Mankind Divided"
"Pokémon Omega Ruby/Alpha Sapphire","1061","Pokémon Omega Ruby/Alpha Sapphire","13887840","750540","3819","11","1772","26","1","18.5","Pokémon Omega Ruby/Alpha Sapphire"
"Rise to Ruins","1062","Rise to Ruins","13883760","253800","32112","13","716","26","0","54.7","Rise to Ruins"
"Kingdom Hearts","1063","Kingdom Hearts","13866180","1206780","7148","17","2913","26","2","11.49","Kingdom Hearts"
"Warriors Orochi 4","1064","Warriors Orochi 4","13861380","626100","8974","57","1294","26","1","22.14","Warriors Orochi 4"
"Tabletop RPGs","1065","Tabletop RPGs","13854000","496440","9579","22","688","26","0","27.91","Tabletop RPGs"
"Super Mario All-Stars","1066","Super Mario All-Stars","13846920","277320","4545","16","945","26","0","49.93","Super Mario All-Stars"
"Zone of the Enders: The 2nd Runner","1067","Zone of the Enders: The 2nd Runner","13824120","153000","107214","17","606","26","0","90.35","Zone of the Enders: The 2nd Runner"
"Pixel Painter Story","1068","Pixel Painter Story","13812900","23340","10797","4","169","26","0","591.81","Pixel Painter Story"
"Castlevania: Bloodlines","1069","Castlevania: Bloodlines","13789500","61680","140359","11","203","26","0","223.57","Castlevania: Bloodlines"
"Hob","1070","Hob","13775880","427860","107040","18","1340","26","0","32.2","Hob"
"Bionic Commando Rearmed 2","1071","Bionic Commando Rearmed 2","13775580","9000","122282","14","48","26","0","1530.62","Bionic Commando Rearmed 2"
"Alliance of Valiant Arms","1072","Alliance of Valiant Arms","13743720","2157600","10041","23","1971","26","4","6.37","Alliance of Valiant Arms"
"MLB The Show 17","1073","MLB The Show 17","13739160","681780","5249","32","4379","26","1","20.15","MLB The Show 17"
"Sinner: Sacrifice for Redemption","1074","Sinner: Sacrifice for Redemption","13738560","213360","19036","30","1214","26","0","64.39","Sinner: Sacrifice for Redemption"
"The Game of Life","1075","The Game of Life","13722720","103920","46644","7","640","26","0","132.05","The Game of Life"
"Slaves to Armok II: Dwarf Fortress","1076","Slaves to Armok II: Dwarf Fortress","13688100","1330920","2748","11","1194","26","2","10.28","Slaves to Armok II: Dwarf Fortress"
"Ultra Street Fighter IV","1077","Ultra Street Fighter IV","13662900","889560","8786","10","3001","25","1","15.36","Ultra Street Fighter IV"
"Sonic Adventure DX: Director's Cut","1078","Sonic Adventure DX: Director's Cut","13654860","645900","138393","16","2003","25","1","21.14","Sonic Adventure DX: Director's Cut"
"Bloons TD Battles","1079","Bloons TD Battles","13629840","955860","1437","10","3162","25","1","14.26","Bloons TD Battles"
"Black Mesa","1080","Black Mesa","13627260","618000","7001","10","2447","25","1","22.05","Black Mesa"
"Metroid","1081","Metroid","13622460","329460","153659","13","543","25","0","41.35","Metroid"
"Laser League","1082","Laser League","13618440","1034400","35521","50","4911","25","1","13.17","Laser League"
"Contractors","1083","Contractors","13538700","63840","30874","18","239","25","0","212.07","Contractors"
"Durango: Wild Lands","1084","Durango: Wild Lands","13525980","877800","5650","68","934","25","1","15.41","Durango: Wild Lands"
"Vampire: The Masquerade","1085","Vampire: The Masquerade","13510620","143460","9103","4","157","25","0","94.18","Vampire: The Masquerade"
"Planet of the Apes: Last Frontier","1086","Planet of the Apes: Last Frontier","13411020","97080","29779","8","452","25","0","138.14","Planet of the Apes: Last Frontier"
"Castlevania","1087","Castlevania","13380240","354600","135069","12","1363","25","0","37.73","Castlevania"
"A Story About My Uncle","1088","A Story About My Uncle","13365960","249420","100835","20","1287","25","0","53.59","A Story About My Uncle"
"NBA 2K17","1089","NBA 2K17","13345980","5559060","6796","51","19115","25","10","2.4","NBA 2K17"
"Postal 2","1090","Postal 2","13336440","350520","19829","11","1975","25","0","38.05","Postal 2"
"Absolver","1091","Absolver","13335540","2214720","1561","66","8867","25","4","6.02","Absolver"
"Hell Let Loose","1092","Hell Let Loose","13326360","107580","38383","49","322","25","0","123.87","Hell Let Loose"
"Soul at Stake","1093","Soul at Stake","13280220","276600","11792","20","551","25","0","48.01","Soul at Stake"
"Kirby: Canvas Curse","1094","Kirby: Canvas Curse","13275060","5100","113066","9","32","25","0","2602.95","Kirby: Canvas Curse"
"Guild Wars","1095","Guild Wars","13263780","1426500","872","16","1334","25","2","9.3","Guild Wars"
"Clone Drone in the Danger Zone","1096","Clone Drone in the Danger Zone","13262520","971400","21871","11","2833","25","1","13.65","Clone Drone in the Danger Zone"
"DragonBall Xenoverse 2","1097","DragonBall Xenoverse 2","13238340","2546160","1998","47","26538","25","4","5.2","DragonBall Xenoverse 2"
"Onward","1098","Onward","13197300","833220","26559","14","2766","25","1","15.84","Onward"
"Grand Chase","1099","Grand Chase","13138860","591660","3582","26","1399","25","1","22.21","Grand Chase"
"Pac-Man World 2","1100","Pac-Man World 2","13126500","111420","107075","9","216","24","0","117.81","Pac-Man World 2"