"","","Game","Watch time","Stream time","Peak viewers","Peak channels","Streamers","Average viewers","Average channels","Average viewer ratio",""
"Petz: Catz 2","12301","Petz: Catz 2","33000","2580","149","2","11","0","0","12.79","Petz: Catz 2"
"Border Down","12302","Border Down","33000","3180","66","1","4","0","0","10.38","Border Down"
"Trophy Bass","12303","Trophy Bass","32940","600","110","1","3","0","0","54.9","Trophy Bass"
"Helbreath","12304","Helbreath","32940","21120","11","3","21","0","0","1.56","Helbreath"
"Chris Sawyer's Locomotion","12305","Chris Sawyer's Locomotion","32940","6960","45","1","17","0","0","4.73","Chris Sawyer's Locomotion"
"Pokéland","12306","Pokéland","32940","5460","35","1","12","0","0","6.03","Pokéland"
"ReThink","12307","ReThink","32940","12780","25","2","56","0","0","2.58","ReThink"
"Strategic Command WWII: World at War","12308","Strategic Command WWII: World at War","32880","2340","148","2","5","0","0","14.05","Strategic Command WWII: World at War"
"Ubermosh Vol.3","12309","Ubermosh Vol.3","32880","840","488","1","10","0","0","39.14","Ubermosh Vol.3"
"Puzzle Puppers","12310","Puzzle Puppers","32880","1980","62","1","16","0","0","16.61","Puzzle Puppers"
"Butt","12311","Butt","32880","15720","21","2","20","0","0","2.09","Butt"
"Quest of Dungeons","12312","Quest of Dungeons","32880","11340","40","2","64","0","0","2.9","Quest of Dungeons"
"The Great Circus Mystery starring Mickey and Minnie","12313","The Great Circus Mystery starring Mickey and Minnie","32880","8880","48","4","47","0","0","3.7","The Great Circus Mystery starring Mickey and Minnie"
"The Charnel House Trilogy","12314","The Charnel House Trilogy","32820","2820","129","1","14","0","0","11.64","The Charnel House Trilogy"
"Just Get Through","12315","Just Get Through","32820","600","502","1","9","0","0","54.7","Just Get Through"
"Fish Tank","12316","Fish Tank","32820","81240","35","2","18","0","0","0.4","Fish Tank"
"Hidden: Source","12317","Hidden: Source","32820","4680","138","3","41","0","0","7.01","Hidden: Source"
"NoReload Heroes","12318","NoReload Heroes","32820","6240","30","3","22","0","0","5.26","NoReload Heroes"
"House of the Dying Sun","12319","House of the Dying Sun","32820","10860","251","2","61","0","0","3.02","House of the Dying Sun"
"Bit Siege","12320","Bit Siege","32820","2820","25","1","1","0","0","11.64","Bit Siege"
"Sports Collection","12321","Sports Collection","32760","5640","73","2","6","0","0","5.81","Sports Collection"
"Super Tony Land","12322","Super Tony Land","32760","4560","28","2","17","0","0","7.18","Super Tony Land"
"E-Startup","12323","E-Startup","32760","8040","39","1","24","0","0","4.07","E-Startup"
"Kung-Fu Master","12324","Kung-Fu Master","32760","3060","90","1","12","0","0","10.71","Kung-Fu Master"
"Soul Nomad & the World Eaters","12325","Soul Nomad & the World Eaters","32760","10800","40","2","27","0","0","3.03","Soul Nomad & the World Eaters"
"Little Nicky","12326","Little Nicky","32760","240","197","1","2","0","0","136.5","Little Nicky"
"Shrek SuperSlam","12327","Shrek SuperSlam","32760","11760","32","2","81","0","0","2.79","Shrek SuperSlam"
"Naruto Gekitou Ninja Taisen Ex","12328","Naruto Gekitou Ninja Taisen Ex","32760","300","301","1","4","0","0","109.2","Naruto Gekitou Ninja Taisen Ex"
"Gary Grigsby's Pacific War","12329","Gary Grigsby's Pacific War","32700","1500","150","1","5","0","0","21.8","Gary Grigsby's Pacific War"
"Space Quest I: Roger Wilco in the Sarien Encounter","12330","Space Quest I: Roger Wilco in the Sarien Encounter","32700","8460","50","1","35","0","0","3.87","Space Quest I: Roger Wilco in the Sarien Encounter"
"Packy and Marlon","12331","Packy and Marlon","32700","300","369","2","3","0","0","109","Packy and Marlon"
"Auto Modellista","12332","Auto Modellista","32700","4680","173","1","25","0","0","6.99","Auto Modellista"
"Survivor","12333","Survivor","32700","10680","101","2","45","0","0","3.06","Survivor"
"Viktor","12334","Viktor","32700","3000","230","1","15","0","0","10.9","Viktor"
"Thunder Rally","12335","Thunder Rally","32700","480","283","1","3","0","0","68.13","Thunder Rally"
"Futwatch","12336","Futwatch","32640","2520","82","1","15","0","0","12.95","Futwatch"
"Layla","12337","Layla","32640","1620","109","1","5","0","0","20.15","Layla"
"Turtles","12338","Turtles","32640","28500","49","2","15","0","0","1.15","Turtles"
"2 Xtreme","12339","2 Xtreme","32640","780","261","1","8","0","0","41.85","2 Xtreme"
"Twin Sector","12340","Twin Sector","32640","2820","406","1","8","0","0","11.57","Twin Sector"
"Nova Blitz","12341","Nova Blitz","32580","15660","66","2","22","0","0","2.08","Nova Blitz"
"Kirby Adventure","12342","Kirby Adventure","32580","7440","87","3","49","0","0","4.38","Kirby Adventure"
"The Witcher: Rise of the White Wolf","12343","The Witcher: Rise of the White Wolf","32580","17280","22","2","38","0","0","1.89","The Witcher: Rise of the White Wolf"
"Vikings: War of Clans","12344","Vikings: War of Clans","32580","17100","22","2","38","0","0","1.91","Vikings: War of Clans"
"Outside the Lines","12345","Outside the Lines","32520","1140","514","1","12","0","0","28.53","Outside the Lines"
"Rock God Tycoon","12346","Rock God Tycoon","32520","3060","98","1","23","0","0","10.63","Rock God Tycoon"
"The Intiate","12347","The Intiate","32520","2400","130","1","12","0","0","13.55","The Intiate"
"Asteroids","12348","Asteroids","32520","25740","43","3","21","0","0","1.26","Asteroids"
"Crystal Crisis","12349","Crystal Crisis","32460","120","314","1","1","0","0","270.5","Crystal Crisis"
"Hugo's House of Horrors","12350","Hugo's House of Horrors","32460","1800","211","1","14","0","0","18.03","Hugo's House of Horrors"
"Panic!","12351","Panic!","32460","8340","200","2","12","0","0","3.89","Panic!"
"Bloodline Champions","12352","Bloodline Champions","32460","14040","53","2","29","0","0","2.31","Bloodline Champions"
"Medabots: Rokusho/Metabee","12353","Medabots: Rokusho/Metabee","32460","15540","46","1","39","0","0","2.09","Medabots: Rokusho/Metabee"
"Indiana Jones and the Staff of Kings","12354","Indiana Jones and the Staff of Kings","32460","3540","69","1","12","0","0","9.17","Indiana Jones and the Staff of Kings"
"Super Robot Wars MX","12355","Super Robot Wars MX","32460","4020","71","1","7","0","0","8.07","Super Robot Wars MX"
"Wing Commander IV: The Price of Freedom","12356","Wing Commander IV: The Price of Freedom","32460","2520","43","1","12","0","0","12.88","Wing Commander IV: The Price of Freedom"
"Keepsake","12357","Keepsake","32460","5100","36","2","13","0","0","6.36","Keepsake"
"Psychic Force 2012","12358","Psychic Force 2012","32400","8700","25","1","6","0","0","3.72","Psychic Force 2012"
"Galak-Z: The Dimensional","12359","Galak-Z: The Dimensional","32400","10980","65","2","51","0","0","2.95","Galak-Z: The Dimensional"
"Monster Trucks","12360","Monster Trucks","32400","240","540","1","3","0","0","135","Monster Trucks"
"Monster Hunter Frontier G","12361","Monster Hunter Frontier G","32400","17760","11","2","33","0","0","1.82","Monster Hunter Frontier G"
"Adventures of Lolo 2","12362","Adventures of Lolo 2","32400","4980","105","1","18","0","0","6.51","Adventures of Lolo 2"
"Destruction Derby","12363","Destruction Derby","32400","8400","117","4","23","0","0","3.86","Destruction Derby"
"Farming Simulator 18","12364","Farming Simulator 18","32400","15600","347","3","72","0","0","2.08","Farming Simulator 18"
"Wailing Heights","12365","Wailing Heights","32400","6660","64","2","27","0","0","4.86","Wailing Heights"
"Dragon Ball Z III: Ressen Jinzou Ningen","12366","Dragon Ball Z III: Ressen Jinzou Ningen","32400","2880","119","1","6","0","0","11.25","Dragon Ball Z III: Ressen Jinzou Ningen"
"Shio","12367","Shio","32400","9180","112","2","20","0","0","3.53","Shio"
"Aeon of Sands: The Trail","12368","Aeon of Sands: The Trail","32340","1800","89","2","5","0","0","17.97","Aeon of Sands: The Trail"
"Demon Hunter 2: New Chapter","12369","Demon Hunter 2: New Chapter","32340","5040","48","2","17","0","0","6.42","Demon Hunter 2: New Chapter"
"Ultrawings","12370","Ultrawings","32340","31200","60","3","170","0","0","1.04","Ultrawings"
"Advanced V.G.","12371","Advanced V.G.","32340","780","521","1","5","0","0","41.46","Advanced V.G."
"The Journeyman Project: Pegasus Prime","12372","The Journeyman Project: Pegasus Prime","32340","6720","107","2","19","0","0","4.81","The Journeyman Project: Pegasus Prime"
"Dragon City","12373","Dragon City","32340","6660","355","1","74","0","0","4.86","Dragon City"
"Anno-Online","12374","Anno-Online","32340","10920","99","3","32","0","0","2.96","Anno-Online"
"The Three Stooges","12375","The Three Stooges","32340","720","537","1","7","0","0","44.92","The Three Stooges"
"Bit.Trip Void","12376","Bit.Trip Void","32340","120","536","1","3","0","0","269.5","Bit.Trip Void"
"When I talked to my wife about my wish to be cuckolded, things went irretrievable...","12377","When I talked to my wife about my wish to be cuckolded, things went irretrievable...","32280","1020","64","1","5","0","0","31.65","When I talked to my wife about my wish to be cuckolded, things went irretrievable..."
"Zone of the Enders: The Fist of Mars","12378","Zone of the Enders: The Fist of Mars","32280","12060","57","1","18","0","0","2.68","Zone of the Enders: The Fist of Mars"
"Darkfall","12379","Darkfall","32280","16020","24","2","53","0","0","2.01","Darkfall"
"E. V. O.: Search for Eden","12380","E. V. O.: Search for Eden","32280","5040","65","1","28","0","0","6.4","E. V. O.: Search for Eden"
"Project AURA","12381","Project AURA","32280","8520","48","2","32","0","0","3.79","Project AURA"
"Super Robot Taisen BX","12382","Super Robot Taisen BX","32280","2640","43","1","4","0","0","12.23","Super Robot Taisen BX"
"Universal Paperclips","12383","Universal Paperclips","32220","10260","63","1","28","0","0","3.14","Universal Paperclips"
"Bumpy","12384","Bumpy","32220","180","556","1","2","0","0","179","Bumpy"
"Mobile Suit Gundam: Federation vs. Zeon","12385","Mobile Suit Gundam: Federation vs. Zeon","32160","8940","22","1","32","0","0","3.6","Mobile Suit Gundam: Federation vs. Zeon"
"Battle Kid 2: Mountain of Torment","12386","Battle Kid 2: Mountain of Torment","32160","6480","48","1","11","0","0","4.96","Battle Kid 2: Mountain of Torment"
"Blood & Gold: Caribbean!","12387","Blood & Gold: Caribbean!","32160","5760","97","2","20","0","0","5.58","Blood & Gold: Caribbean!"
"Disconnected","12388","Disconnected","32160","1440","113","1","17","0","0","22.33","Disconnected"
"Reverso","12389","Reverso","32160","240","286","1","2","0","0","134","Reverso"
"Q.U.I.R.K.","12390","Q.U.I.R.K.","32160","6960","18","3","20","0","0","4.62","Q.U.I.R.K."
"Josh Journey","12391","Josh Journey","32100","1260","52","1","10","0","0","25.48","Josh Journey"
"Earth's Dawn","12392","Earth's Dawn","32100","9720","57","1","45","0","0","3.3","Earth's Dawn"
"Alice Gear Aegis","12393","Alice Gear Aegis","32100","16380","21","3","37","0","0","1.96","Alice Gear Aegis"
"Nokbak","12394","Nokbak","32100","1020","290","2","9","0","0","31.47","Nokbak"
"Interstellar Transport Company","12395","Interstellar Transport Company","32100","9120","40","3","25","0","0","3.52","Interstellar Transport Company"
"Leisure Suit Larry Goes Looking for Love (In Several Wrong Places)","12396","Leisure Suit Larry Goes Looking for Love (In Several Wrong Places)","32100","4800","31","1","16","0","0","6.69","Leisure Suit Larry Goes Looking for Love (In Several Wrong Places)"
"The Fairly OddParents: Shadow Showdown","12397","The Fairly OddParents: Shadow Showdown","32100","14520","29","2","27","0","0","2.21","The Fairly OddParents: Shadow Showdown"
"Mitos.is","12398","Mitos.is","32040","9420","67","2","93","0","0","3.4","Mitos.is"
"Manga Collection","12399","Manga Collection","32040","10860","11","1","19","0","0","2.95","Manga Collection"
"Mario & Wario","12400","Mario & Wario","32040","2280","104","1","9","0","0","14.05","Mario & Wario"