"","","Game","Watch time","Stream time","Peak viewers","Peak channels","Streamers","Average viewers","Average channels","Average viewer ratio",""
"60 Parsecs!","501","60 Parsecs!","45533460","178560","31960","27","955","86","0","255","60 Parsecs!"
"Final Fantasy: Brave Exvius","502","Final Fantasy: Brave Exvius","45350520","2077200","3642","22","1220","86","3","21.83","Final Fantasy: Brave Exvius"
"Don't Starve","503","Don't Starve","45234540","2694900","7199","40","8235","86","5","16.79","Don't Starve"
"Chrono Trigger","504","Chrono Trigger","45191220","2134020","19665","32","3558","85","4","21.18","Chrono Trigger"
"The Messenger","505","The Messenger","45077460","1082880","11822","61","2421","85","2","41.63","The Messenger"
"EverQuest","506","EverQuest","45074520","5110560","1306","43","1976","85","9","8.82","EverQuest"
"Layers of Fear","507","Layers of Fear","44761560","3369180","17227","171","20000","85","6","13.29","Layers of Fear"
"Granblue Fantasy","508","Granblue Fantasy","44556000","3939300","2102","54","3437","84","7","11.31","Granblue Fantasy"
"Metro: Last Light","509","Metro: Last Light","44502720","2195280","26250","24","7492","84","4","20.27","Metro: Last Light"
"Wizard101","510","Wizard101","44375160","4978860","4441","36","6182","84","9","8.91","Wizard101"
"Metal Gear Solid 3: Snake Eater","511","Metal Gear Solid 3: Snake Eater","44273700","569400","146322","11","1033","84","1","77.76","Metal Gear Solid 3: Snake Eater"
"Point Blank","512","Point Blank","44272980","1322520","5926","16","3387","84","2","33.48","Point Blank"
"Sonic Adventure 2: Battle","513","Sonic Adventure 2: Battle","44266500","1837320","157705","32","3292","84","3","24.09","Sonic Adventure 2: Battle"
"ArcheAge","514","ArcheAge","44047140","3972180","2318","123","4455","83","7","11.09","ArcheAge"
"Metro 2033","515","Metro 2033","43851900","2685240","13734","72","11931","83","5","16.33","Metro 2033"
"The Lord of the Rings Online","516","The Lord of the Rings Online","43730280","2338620","31833","29","2080","83","4","18.7","The Lord of the Rings Online"
"Totally Accurate Battlegrounds","517","Totally Accurate Battlegrounds","43318260","2072640","48676","272","17507","82","3","20.9","Totally Accurate Battlegrounds"
"Azur Lane","518","Azur Lane","43296060","2571000","7950","35","2337","82","4","16.84","Azur Lane"
"XCOM: Enemy Within","519","XCOM: Enemy Within","43242540","1459500","4538","14","1717","82","2","29.63","XCOM: Enemy Within"
"South Park: The Fractured But Whole","520","South Park: The Fractured But Whole","43113120","2718000","26053","37","12517","82","5","15.86","South Park: The Fractured But Whole"
"Weed Shop 2","521","Weed Shop 2","42773520","494640","29053","28","1031","81","0","86.47","Weed Shop 2"
"The Council","522","The Council","42724260","713640","29687","45","2070","81","1","59.87","The Council"
"Monopoly Plus","523","Monopoly Plus","42529920","1013040","34422","26","6218","80","1","41.98","Monopoly Plus"
"F1 2017","524","F1 2017","42416640","2365920","16199","54","9997","80","4","17.93","F1 2017"
"Heroes of Hammerwatch","525","Heroes of Hammerwatch","42349620","1447200","19016","37","2885","80","2","29.26","Heroes of Hammerwatch"
"Poly Bridge","526","Poly Bridge","42204060","878820","9524","21","5031","80","1","48.02","Poly Bridge"
"Warcraft III: Reign of Chaos","527","Warcraft III: Reign of Chaos","42164640","951300","145075","17","2664","80","1","44.32","Warcraft III: Reign of Chaos"
"Penn And Teller's Smoke And Mirrors","528","Penn And Teller's Smoke And Mirrors","42126780","14820","11026","3","32","80","0","2842.56","Penn And Teller's Smoke And Mirrors"
"Super Mario World 2: Yoshi's Island","529","Super Mario World 2: Yoshi's Island","42023400","760860","145421","23","1832","79","1","55.23","Super Mario World 2: Yoshi's Island"
"Forza Motorsport 7","530","Forza Motorsport 7","41907360","4793880","22216","40","11346","79","9","8.74","Forza Motorsport 7"
"Ultimate Chicken Horse","531","Ultimate Chicken Horse","41592540","970320","40242","18","6904","79","1","42.86","Ultimate Chicken Horse"
"Secret of Mana","532","Secret of Mana","41406840","2786040","9936","407","6259","78","5","14.86","Secret of Mana"
"SpeedRunners","533","SpeedRunners","41389380","1100280","104100","19","7825","78","2","37.62","SpeedRunners"
"Crossout","534","Crossout","41306040","8015400","4984","51","12878","78","15","5.15","Crossout"
"Agony","535","Agony","41295420","996840","47635","342","4830","78","1","41.43","Agony"
"Dragalia Lost","536","Dragalia Lost","41248080","1044240","6702","48","1240","78","1","39.5","Dragalia Lost"
"Uncharted 4: A Thief's End","537","Uncharted 4: A Thief's End","41082060","6853920","4995","41","16315","78","13","5.99","Uncharted 4: A Thief's End"
"This War of Mine","538","This War of Mine","41040240","1710000","9563","32","6512","78","3","24","This War of Mine"
"Beyond: Two Souls","539","Beyond: Two Souls","40876620","1617960","5103","35","13697","77","3","25.26","Beyond: Two Souls"
"Forts","540","Forts","40864320","240180","42108","31","1251","77","0","170.14","Forts"
"Sword Art Online: Fatal Bullet","541","Sword Art Online: Fatal Bullet","40667760","5364000","35909","585","12577","77","10","7.58","Sword Art Online: Fatal Bullet"
"Extra Life","542","Extra Life","40643280","2061720","18933","1074","2333","77","3","19.71","Extra Life"
"Pokémon Trading Card Game","543","Pokémon Trading Card Game","40564560","420240","10717","13","1192","77","0","96.53","Pokémon Trading Card Game"
"The Walking Dead - The Final Season","544","The Walking Dead - The Final Season","40134660","1038840","21005","222","6649","76","1","38.63","The Walking Dead - The Final Season"
"Forza Horizon 3","545","Forza Horizon 3","39998220","7005120","29079","48","27885","76","13","5.71","Forza Horizon 3"
"Remothered: Tormented Fathers","546","Remothered: Tormented Fathers","39984480","734640","13316","32","3128","76","1","54.43","Remothered: Tormented Fathers"
"Beauty & Body Art","547","Beauty & Body Art","39941100","596340","52853","52","2415","76","1","66.98","Beauty & Body Art"
"This Is the Police 2","548","This Is the Police 2","39812940","625620","19216","92","1703","75","1","63.64","This Is the Police 2"
"Farm Together","549","Farm Together","39760860","1206720","37932","25","3341","75","2","32.95","Farm Together"
"One Piece Treasure Cruise","550","One Piece Treasure Cruise","39673320","1249740","1401","16","854","75","2","31.75","One Piece Treasure Cruise"
"Deltarune","551","Deltarune","39669900","1823580","22805","251","9335","75","3","21.75","Deltarune"
"L.A. Noire","552","L.A. Noire","39392880","2232360","12477","26","6442","74","4","17.65","L.A. Noire"
"Bethesda at E3","553","Bethesda at E3","39342240","32460","388286","218","256","74","0","1212.02","Bethesda at E3"
"Hot Lava","554","Hot Lava","39292020","565920","42570","34","2723","74","1","69.43","Hot Lava"
"GRIS","555","GRIS","39240900","633420","37570","126","3148","74","1","61.95","GRIS"
"Call of Duty: Ghosts","556","Call of Duty: Ghosts","39234060","2968560","24695","80","11105","74","5","13.22","Call of Duty: Ghosts"
"SCP Containment Breach","557","SCP Containment Breach","39144480","713160","32434","20","4748","74","1","54.89","SCP Containment Breach"
"Half-Life 2","558","Half-Life 2","39102480","2089500","9074","19","8131","74","3","18.71","Half-Life 2"
"Middle-earth: Shadow of War","559","Middle-earth: Shadow of War","39091860","4708680","18900","39","17960","74","8","8.3","Middle-earth: Shadow of War"
"Overcooked!","560","Overcooked!","39090360","810720","34351","13","7929","74","1","48.22","Overcooked!"
"Silent Hill 2","561","Silent Hill 2","38933820","920520","49437","25","2068","74","1","42.3","Silent Hill 2"
"The Witcher","562","The Witcher","38780520","2937600","5544","27","5880","73","5","13.2","The Witcher"
"Half-Life","563","Half-Life","38751180","1737060","125967","23","7450","73","3","22.31","Half-Life"
"Danganronpa 2: Goodbye Despair","564","Danganronpa 2: Goodbye Despair","38716260","1669980","6084","17","1786","73","3","23.18","Danganronpa 2: Goodbye Despair"
"Hades","565","Hades","38468640","419280","37737","40","1516","73","0","91.75","Hades"
"MapleStory M","566","MapleStory M","38425560","1104420","18624","48","1401","73","2","34.79","MapleStory M"
"Trove","567","Trove","38321100","6355260","5923","51","15026","72","12","6.03","Trove"
"GetAmped","568","GetAmped","38278620","270600","10209","7","506","72","0","141.46","GetAmped"
"Donkey Kong Country","569","Donkey Kong Country","38265420","914580","150151","15","3287","72","1","41.84","Donkey Kong Country"
"Ninja Gaiden Black","570","Ninja Gaiden Black","37945560","448980","156016","16","1037","72","0","84.52","Ninja Gaiden Black"
"Valkyria Chronicles 4","571","Valkyria Chronicles 4","37911780","1981080","9735","136","2433","72","3","19.14","Valkyria Chronicles 4"
"BioShock Infinite","572","BioShock Infinite","37829040","3200220","15637","25","9686","71","6","11.82","BioShock Infinite"
"Resident Evil 5","573","Resident Evil 5","37519080","3514680","10961","31","12114","71","6","10.67","Resident Evil 5"
"The Legend of Zelda: Majora's Mask 3D","574","The Legend of Zelda: Majora's Mask 3D","37497120","287820","153067","11","395","71","0","130.28","The Legend of Zelda: Majora's Mask 3D"
"Granny","575","Granny","37444260","230640","38386","9","1602","71","0","162.35","Granny"
"The Legend of Zelda: Twilight Princess HD","576","The Legend of Zelda: Twilight Princess HD","37298220","955980","23045","14","1276","70","1","39.02","The Legend of Zelda: Twilight Princess HD"
"Dying Light: Bad Blood","577","Dying Light: Bad Blood","37250400","470640","41658","85","1926","70","0","79.15","Dying Light: Bad Blood"
"God of War II","578","God of War II","37250160","383580","24521","20","803","70","0","97.11","God of War II"
"SpongeBob SquarePants: Battle for Bikini Bottom","579","SpongeBob SquarePants: Battle for Bikini Bottom","37059540","859440","28228","12","1059","70","1","43.12","SpongeBob SquarePants: Battle for Bikini Bottom"
"Aion","580","Aion","36758640","5241660","1660","45","3922","69","9","7.01","Aion"
"Banjo-Tooie","581","Banjo-Tooie","36741180","752160","104527","12","981","69","1","48.85","Banjo-Tooie"
"Unravel 2","582","Unravel 2","36690600","423480","51982","90","2008","69","0","86.64","Unravel 2"
"Danganronpa V3: Killing Harmony","583","Danganronpa V3: Killing Harmony","36512280","1801860","7649","19","2206","69","3","20.26","Danganronpa V3: Killing Harmony"
"Heroes of Might and Magic V: Tribes of the East","584","Heroes of Might and Magic V: Tribes of the East","35959980","552300","13510","12","603","68","1","65.11","Heroes of Might and Magic V: Tribes of the East"
"Hellblade","585","Hellblade","35813400","2881200","19358","37","13287","68","5","12.43","Hellblade"
"EarthBound","586","EarthBound","35746980","1583280","60553","19","2567","68","3","22.58","EarthBound"
"Super Mario Galaxy","587","Super Mario Galaxy","35462700","823680","138156","17","1265","67","1","43.05","Super Mario Galaxy"
"F1 2018","588","F1 2018","35416320","2154840","6979","111","7644","67","4","16.44","F1 2018"
"Welcome to the Game","589","Welcome to the Game","35280540","290520","13698","9","1823","67","0","121.44","Welcome to the Game"
"Project Zomboid","590","Project Zomboid","35277780","1437000","11987","19","3917","67","2","24.55","Project Zomboid"
"The Awesome Adventures of Captain Spirit","591","The Awesome Adventures of Captain Spirit","35270760","1405260","33924","343","12625","67","2","25.1","The Awesome Adventures of Captain Spirit"
"Late Shift","592","Late Shift","34991040","501240","26704","33","3440","66","0","69.81","Late Shift"
"APB Reloaded","593","APB Reloaded","34909740","4773300","1840","35","5218","66","9","7.31","APB Reloaded"
"Yu-Gi-Oh! TRADING CARD GAME","594","Yu-Gi-Oh! TRADING CARD GAME","34710240","579840","7279","10","1220","66","1","59.86","Yu-Gi-Oh! TRADING CARD GAME"
"Rock Band 4","595","Rock Band 4","34708200","6517620","9096","42","7085","66","12","5.33","Rock Band 4"
"Mafia II","596","Mafia II","34606380","1336500","12142","16","3897","65","2","25.89","Mafia II"
"Return of the Obra Dinn","597","Return of the Obra Dinn","34582440","337380","48512","21","1190","65","0","102.5","Return of the Obra Dinn"
"Sonic Mania","598","Sonic Mania","34539180","1673760","158183","131","8502","65","3","20.64","Sonic Mania"
"Go","599","Go","34517280","1164060","16721","10","478","65","2","29.65","Go"
"Vindictus","600","Vindictus","34356300","3436680","8790","28","2790","65","6","10","Vindictus"