"","","Game","Watch time","Stream time","Peak viewers","Peak channels","Streamers","Average viewers","Average channels","Average viewer ratio",""
"Batman Forever: The Arcade Game","8001","Batman Forever: The Arcade Game","151140","660","1744","1","7","0","0","229","Batman Forever: The Arcade Game"
"AbyysRium","8002","AbyysRium","151080","360","2514","1","4","0","0","419.67","AbyysRium"
"Airport Firefighter Simulator","8003","Airport Firefighter Simulator","151020","2400","733","1","8","0","0","62.93","Airport Firefighter Simulator"
"Primordia","8004","Primordia","151020","27600","127","3","88","0","0","5.47","Primordia"
"The Movies: Stunts & Effects","8005","The Movies: Stunts & Effects","150900","61740","365","5","231","0","0","2.44","The Movies: Stunts & Effects"
"Touhou 12 - Undefined Fantastic Object","8006","Touhou 12 - Undefined Fantastic Object","150900","19800","639","2","112","0","0","7.62","Touhou 12 - Undefined Fantastic Object"
"Resistance 2","8007","Resistance 2","150840","16740","81","2","32","0","0","9.01","Resistance 2"
"Serious Sam Classics: Revolution","8008","Serious Sam Classics: Revolution","150840","33000","271","3","163","0","0","4.57","Serious Sam Classics: Revolution"
"Just Sing","8009","Just Sing","150840","12240","582","3","67","0","0","12.32","Just Sing"
"Spooky Cats","8010","Spooky Cats","150720","6480","1296","2","48","0","0","23.26","Spooky Cats"
"Stray Cat Crossing","8011","Stray Cat Crossing","150720","9780","820","2","53","0","0","15.41","Stray Cat Crossing"
"Learn Japanese To Survive: Hiragana Battle","8012","Learn Japanese To Survive: Hiragana Battle","150660","39960","55","3","166","0","0","3.77","Learn Japanese To Survive: Hiragana Battle"
"Duke Nukem: Manhattan Project","8013","Duke Nukem: Manhattan Project","150600","12300","216","1","41","0","0","12.24","Duke Nukem: Manhattan Project"
"The Getaway","8014","The Getaway","150600","14400","720","2","39","0","0","10.46","The Getaway"
"Deus Ex: Invisible War","8015","Deus Ex: Invisible War","150600","60900","23","3","132","0","0","2.47","Deus Ex: Invisible War"
"how do you Do It?","8016","how do you Do It?","150600","1500","2373","1","17","0","0","100.4","how do you Do It?"
"Marvel Super Heroes Vs. Street Fighter","8017","Marvel Super Heroes Vs. Street Fighter","150420","10140","1786","2","70","0","0","14.83","Marvel Super Heroes Vs. Street Fighter"
"Divekick","8018","Divekick","150300","13200","531","2","119","0","0","11.39","Divekick"
"Might and Magic IX","8019","Might and Magic IX","150060","11400","69","2","7","0","0","13.16","Might and Magic IX"
"Europa Universalis: Rome","8020","Europa Universalis: Rome","150060","2940","347","2","9","0","0","51.04","Europa Universalis: Rome"
"CalcioBit","8021","CalcioBit","150060","1980","261","2","7","0","0","75.79","CalcioBit"
"NFL Pro League Football","8022","NFL Pro League Football","149940","2040","303","2","14","0","0","73.5","NFL Pro League Football"
"Crazy Dreamz: Best Of","8023","Crazy Dreamz: Best Of","149820","9720","237","2","71","0","0","15.41","Crazy Dreamz: Best Of"
"Nom Nom Galaxy","8024","Nom Nom Galaxy","149820","43440","239","4","150","0","0","3.45","Nom Nom Galaxy"
"Street Boyz","8025","Street Boyz","149640","9420","612","2","15","0","0","15.89","Street Boyz"
"Umineko no Naku Koro ni Episode 1: Legend of the Golden Witch","8026","Umineko no Naku Koro ni Episode 1: Legend of the Golden Witch","149580","27360","152","2","33","0","0","5.47","Umineko no Naku Koro ni Episode 1: Legend of the Golden Witch"
"Monster Rancher Hop-A-Bout","8027","Monster Rancher Hop-A-Bout","149520","10740","231","3","23","0","0","13.92","Monster Rancher Hop-A-Bout"
"Darius Burst: Chronicle Saviours","8028","Darius Burst: Chronicle Saviours","149340","13920","308","2","87","0","0","10.73","Darius Burst: Chronicle Saviours"
"Phantasy Star Universe","8029","Phantasy Star Universe","149340","61800","22","3","93","0","0","2.42","Phantasy Star Universe"
"Mogeko Castle","8030","Mogeko Castle","149280","32100","284","3","144","0","0","4.65","Mogeko Castle"
"Nayuta no Kiseki","8031","Nayuta no Kiseki","149280","13980","480","3","12","0","0","10.68","Nayuta no Kiseki"
"Emergency 2017","8032","Emergency 2017","149100","16440","430","2","102","0","0","9.07","Emergency 2017"
"Ghost Pilots","8033","Ghost Pilots","148860","240","1331","1","2","0","0","620.25","Ghost Pilots"
"BioForge","8034","BioForge","148860","5760","130","1","11","0","0","25.84","BioForge"
"Hover!","8035","Hover!","148800","24780","187","3","294","0","0","6","Hover!"
"The Orange Box","8036","The Orange Box","148800","125460","18","3","531","0","0","1.19","The Orange Box"
"Gran Turismo 6","8037","Gran Turismo 6","148740","42120","212","3","89","0","0","3.53","Gran Turismo 6"
"Top Gear","8038","Top Gear","148740","33660","452","5","134","0","0","4.42","Top Gear"
"JoJo's Bizarre Adventure: All Star Battle","8039","JoJo's Bizarre Adventure: All Star Battle","148680","30000","213","2","86","0","0","4.96","JoJo's Bizarre Adventure: All Star Battle"
"The Caribbean Sail","8040","The Caribbean Sail","148680","3840","1096","1","25","0","0","38.72","The Caribbean Sail"
"Jekyll & Hyde","8041","Jekyll & Hyde","148620","1020","902","1","4","0","0","145.71","Jekyll & Hyde"
"Gurumin: A Monstrous Adventure","8042","Gurumin: A Monstrous Adventure","148500","37980","144","2","98","0","0","3.91","Gurumin: A Monstrous Adventure"
"Copoka","8043","Copoka","148440","10080","2048","1","48","0","0","14.73","Copoka"
"Weiss Schwarz Portable","8044","Weiss Schwarz Portable","148380","53520","25","3","34","0","0","2.77","Weiss Schwarz Portable"
"Breaking Point","8045","Breaking Point","148260","33900","34","4","64","0","0","4.37","Breaking Point"
"Argo","8046","Argo","148200","69060","115","4","427","0","0","2.15","Argo"
"Streets of Rage 3","8047","Streets of Rage 3","148140","39180","226","3","168","0","0","3.78","Streets of Rage 3"
"Normy's Beach Babe-O-Rama","8048","Normy's Beach Babe-O-Rama","148140","3240","1055","4","15","0","0","45.72","Normy's Beach Babe-O-Rama"
"Swords & Soldiers","8049","Swords & Soldiers","147900","8280","874","4","69","0","0","17.86","Swords & Soldiers"
"Trials of the Blood Dragon","8050","Trials of the Blood Dragon","147900","70260","39","9","634","0","0","2.11","Trials of the Blood Dragon"
"Dragon Ball Z: Shin Butoden","8051","Dragon Ball Z: Shin Butoden","147780","720","1293","1","5","0","0","205.25","Dragon Ball Z: Shin Butoden"
"Zone of the Enders HD Collection","8052","Zone of the Enders HD Collection","147780","28680","33","3","72","0","0","5.15","Zone of the Enders HD Collection"
"Bram Stoker's Dracula","8053","Bram Stoker's Dracula","147720","7500","396","7","57","0","0","19.7","Bram Stoker's Dracula"
"London 2012: Official Mobile Game","8054","London 2012: Official Mobile Game","147720","600","2314","1","5","0","0","246.2","London 2012: Official Mobile Game"
"Drunk-Fu: Wasted Masters","8055","Drunk-Fu: Wasted Masters","147660","4920","821","3","50","0","0","30.01","Drunk-Fu: Wasted Masters"
"Vampires Dawn 2: Ancient Blood","8056","Vampires Dawn 2: Ancient Blood","147660","8760","840","2","12","0","0","16.86","Vampires Dawn 2: Ancient Blood"
"Dragon Sin","8057","Dragon Sin","147600","8460","2448","2","72","0","0","17.45","Dragon Sin"
"Big Pharma","8058","Big Pharma","147540","34200","117","2","152","0","0","4.31","Big Pharma"
"SoniComi","8059","SoniComi","147480","15780","425","2","61","0","0","9.35","SoniComi"
"Emergency 5","8060","Emergency 5","147360","14880","272","2","56","0","0","9.9","Emergency 5"
"Figureheads","8061","Figureheads","147240","31500","223","3","38","0","0","4.67","Figureheads"
"The Haunted: Hells Reach","8062","The Haunted: Hells Reach","147240","9300","2396","3","57","0","0","15.83","The Haunted: Hells Reach"
"Sonic Battle","8063","Sonic Battle","147120","26100","194","3","74","0","0","5.64","Sonic Battle"
"Trolls","8064","Trolls","147000","1740","1880","1","11","0","0","84.48","Trolls"
"The Nothing","8065","The Nothing","147000","153000","344","4","252","0","0","0.96","The Nothing"
"Extermination","8066","Extermination","146880","9300","379","2","27","0","0","15.79","Extermination"
"Blinx the Time Sweeper","8067","Blinx the Time Sweeper","146880","18840","226","2","132","0","0","7.8","Blinx the Time Sweeper"
"Boiling Point: Road to Hell","8068","Boiling Point: Road to Hell","146880","8880","609","1","28","0","0","16.54","Boiling Point: Road to Hell"
"Pode","8069","Pode","146820","7440","219","3","26","0","0","19.73","Pode"
"Nancy Drew: Danger on Deception Island","8070","Nancy Drew: Danger on Deception Island","146760","9720","392","1","24","0","0","15.1","Nancy Drew: Danger on Deception Island"
"The Settlers II: Veni, Vidi, Vici","8071","The Settlers II: Veni, Vidi, Vici","146700","8280","178","1","23","0","0","17.72","The Settlers II: Veni, Vidi, Vici"
"The Black Eyed Peas Experience","8072","The Black Eyed Peas Experience","146640","660","694","1","5","0","0","222.18","The Black Eyed Peas Experience"
"Luxuria Superbia","8073","Luxuria Superbia","146640","19500","2400","1","8","0","0","7.52","Luxuria Superbia"
"Baldur's Gate: Dark Alliance","8074","Baldur's Gate: Dark Alliance","146580","47520","54","3","122","0","0","3.08","Baldur's Gate: Dark Alliance"
"Nightmares from the Deep 3: Davy Jones","8075","Nightmares from the Deep 3: Davy Jones","146580","19440","448","1","60","0","0","7.54","Nightmares from the Deep 3: Davy Jones"
"Rumble Roses","8076","Rumble Roses","146520","6060","408","1","27","0","0","24.18","Rumble Roses"
"Persona 2: Eternal Punishment","8077","Persona 2: Eternal Punishment","146460","39780","33","2","39","0","0","3.68","Persona 2: Eternal Punishment"
"Samurai Shodown IV: Amakusa's Revenge","8078","Samurai Shodown IV: Amakusa's Revenge","146400","5700","1124","1","38","0","0","25.68","Samurai Shodown IV: Amakusa's Revenge"
"Jack Bros.","8079","Jack Bros.","146400","10500","1672","2","23","0","0","13.94","Jack Bros."
"Carmageddon: Max Damage","8080","Carmageddon: Max Damage","146400","54120","159","2","244","0","0","2.71","Carmageddon: Max Damage"
"Scribblenauts MegaPack","8081","Scribblenauts MegaPack","146340","900","901","1","29","0","0","162.6","Scribblenauts MegaPack"
"Your Royal Gayness","8082","Your Royal Gayness","146340","10620","239","1","46","0","0","13.78","Your Royal Gayness"
"The Sims: Makin' Magic","8083","The Sims: Makin' Magic","146340","17880","403","2","67","0","0","8.18","The Sims: Makin' Magic"
"Soldier Front 2","8084","Soldier Front 2","146340","96600","414","4","257","0","0","1.51","Soldier Front 2"
"Shadowhand","8085","Shadowhand","146280","13080","177","2","41","0","0","11.18","Shadowhand"
"Reign of Fire","8086","Reign of Fire","146280","1260","1389","1","5","0","0","116.1","Reign of Fire"
"Dragon's Dogma","8087","Dragon's Dogma","146160","27840","173","3","94","0","0","5.25","Dragon's Dogma"
"Mashed: Drive to Survive","8088","Mashed: Drive to Survive","146160","1320","2406","1","10","0","0","110.73","Mashed: Drive to Survive"
"Unexpected End","8089","Unexpected End","146100","1620","533","1","8","0","0","90.19","Unexpected End"
"Shinobi Refle: Senran Kagura","8090","Shinobi Refle: Senran Kagura","146100","15060","172","3","69","0","0","9.7","Shinobi Refle: Senran Kagura"
"LaTale W","8091","LaTale W","146100","8820","751","2","28","0","0","16.56","LaTale W"
"Trickster","8092","Trickster","146040","7020","449","1","24","0","0","20.8","Trickster"
"Krazy Kreatures","8093","Krazy Kreatures","146040","360","1936","2","4","0","0","405.67","Krazy Kreatures"
"Bonkers","8094","Bonkers","145980","3000","2085","5","14","0","0","48.66","Bonkers"
"Tanzia","8095","Tanzia","145980","10500","310","3","48","0","0","13.9","Tanzia"
"Dragon Fang Z: The Rose & Dungeon of Time","8096","Dragon Fang Z: The Rose & Dungeon of Time","145980","53280","206","4","52","0","0","2.74","Dragon Fang Z: The Rose & Dungeon of Time"
"Pirate Pop Plus","8097","Pirate Pop Plus","145800","780","1390","1","7","0","0","186.92","Pirate Pop Plus"
"WarioWare Twisted!","8098","WarioWare Twisted!","145740","2280","556","1","9","0","0","63.92","WarioWare Twisted!"
"3 Ninjas Kick Back","8099","3 Ninjas Kick Back","145620","4740","2836","3","23","0","0","30.72","3 Ninjas Kick Back"
"10 Second Ninja","8100","10 Second Ninja","145620","5280","1102","1","36","0","0","27.58","10 Second Ninja"