"","","Game","Watch time","Stream time","Peak viewers","Peak channels","Streamers","Average viewers","Average channels","Average viewer ratio",""
"Blood Bowl","6201","Blood Bowl","324120","20220","1640","2","51","0","0","16.03","Blood Bowl"
"Enoch: Underground","6202","Enoch: Underground","324120","6060","1120","6","48","0","0","53.49","Enoch: Underground"
"Resident Evil: Gaiden","6203","Resident Evil: Gaiden","324060","12960","581","2","47","0","0","25","Resident Evil: Gaiden"
"Teslagrad","6204","Teslagrad","323880","78180","1596","4","315","0","0","4.14","Teslagrad"
"Vandal Hearts","6205","Vandal Hearts","323520","52860","99","3","61","0","0","6.12","Vandal Hearts"
"The Urbz: Sims in the City","6206","The Urbz: Sims in the City","323520","26460","694","2","85","0","0","12.23","The Urbz: Sims in the City"
"The Chronicles of Nyanya","6207","The Chronicles of Nyanya","323520","18660","1154","3","92","0","0","17.34","The Chronicles of Nyanya"
"World Series of Poker","6208","World Series of Poker","323400","13620","3077","3","58","0","0","23.74","World Series of Poker"
"MechoEcho","6209","MechoEcho","323340","1020","804","1","4","0","0","317","MechoEcho"
"Hexen II","6210","Hexen II","323220","16620","149","2","52","0","0","19.45","Hexen II"
"Higurashi no Naku Koro ni: Onikakushi-hen","6211","Higurashi no Naku Koro ni: Onikakushi-hen","323100","42900","120","3","89","0","0","7.53","Higurashi no Naku Koro ni: Onikakushi-hen"
"WipEout Omega Collection","6212","WipEout Omega Collection","322980","58860","568","3","1379","0","0","5.49","WipEout Omega Collection"
"No Thing","6213","No Thing","322920","141840","520","5","816","0","0","2.28","No Thing"
"Forza Motorsport 6","6214","Forza Motorsport 6","322920","337800","83","7","1639","0","0","0.96","Forza Motorsport 6"
"Genesis Alpha One","6215","Genesis Alpha One","322860","19320","136","3","57","0","0","16.71","Genesis Alpha One"
"Call to Arms","6216","Call to Arms","322740","83700","483","4","408","0","0","3.86","Call to Arms"
"Afro Samurai","6217","Afro Samurai","322560","15360","1064","2","29","0","0","21","Afro Samurai"
"DiRT","6218","DiRT","322140","26640","2893","3","124","0","0","12.09","DiRT"
"Iced","6219","Iced","322080","1740","2509","1","12","0","0","185.1","Iced"
"Enchanted Arms","6220","Enchanted Arms","321840","15240","115","2","13","0","0","21.12","Enchanted Arms"
"Die for Valhalla!","6221","Die for Valhalla!","321420","18600","379","6","112","0","0","17.28","Die for Valhalla!"
"Just Dance 3","6222","Just Dance 3","321360","4860","1010","1","33","0","0","66.12","Just Dance 3"
"Def Jam: Vendetta","6223","Def Jam: Vendetta","321360","12060","1535","2","55","0","0","26.65","Def Jam: Vendetta"
"Gal Metal","6224","Gal Metal","321240","4980","544","2","32","0","0","64.51","Gal Metal"
"Cobra","6225","Cobra","320760","360","1512","1","1","0","0","891","Cobra"
"River City Ransom: Underground","6226","River City Ransom: Underground","320520","81720","146","4","306","0","0","3.92","River City Ransom: Underground"
"Towards the Pantheon","6227","Towards the Pantheon","320460","18840","299","3","55","0","0","17.01","Towards the Pantheon"
"Rampage 2: Universal Tour","6228","Rampage 2: Universal Tour","320460","4920","2441","2","30","0","0","65.13","Rampage 2: Universal Tour"
"Shin Megami Tensei: Devil Summoner 2 - Raidou Kuzunoha vs. King Abaddon","6229","Shin Megami Tensei: Devil Summoner 2 - Raidou Kuzunoha vs. King Abaddon","320460","27060","131","3","28","0","0","11.84","Shin Megami Tensei: Devil Summoner 2 - Raidou Kuzunoha vs. King Abaddon"
"Warcraft: Orcs & Humans","6230","Warcraft: Orcs & Humans","320280","51960","175","3","154","0","0","6.16","Warcraft: Orcs & Humans"
"Asterix & Obelix XXL 2: Mission: Wifix","6231","Asterix & Obelix XXL 2: Mission: Wifix","320100","4320","2624","3","23","0","0","74.1","Asterix & Obelix XXL 2: Mission: Wifix"
"Duolingo","6232","Duolingo","320100","64920","276","3","219","0","0","4.93","Duolingo"
"Unreal Mission Pack 1: Return to Na Pali","6233","Unreal Mission Pack 1: Return to Na Pali","319980","6720","682","2","26","0","0","47.62","Unreal Mission Pack 1: Return to Na Pali"
"Shin Megami Tensei: Persona 3","6234","Shin Megami Tensei: Persona 3","319440","73080","477","3","133","0","0","4.37","Shin Megami Tensei: Persona 3"
"Iron League","6235","Iron League","319140","117780","97","6","362","0","0","2.71","Iron League"
"Death Stair","6236","Death Stair","318960","3480","5144","2","28","0","0","91.66","Death Stair"
"FIFA Soccer 09","6237","FIFA Soccer 09","318840","7320","6655","1","16","0","0","43.56","FIFA Soccer 09"
"Neighbours from Hell 2: On Vacation","6238","Neighbours from Hell 2: On Vacation","318660","4620","1535","1","25","0","0","68.97","Neighbours from Hell 2: On Vacation"
"Ultimate Spider-Man","6239","Ultimate Spider-Man","318420","63180","248","3","319","0","0","5.04","Ultimate Spider-Man"
"Homestuck","6240","Homestuck","318420","35100","211","2","51","0","0","9.07","Homestuck"
"Diablo: Hellfire","6241","Diablo: Hellfire","318240","32640","684","2","51","0","0","9.75","Diablo: Hellfire"
"Clock Tower 2: The Struggle Within","6242","Clock Tower 2: The Struggle Within","318240","16320","245","2","37","0","0","19.5","Clock Tower 2: The Struggle Within"
"Oni","6243","Oni","318240","58020","1064","2","134","0","0","5.49","Oni"
"Hustle Cat","6244","Hustle Cat","318060","28440","359","2","92","0","0","11.18","Hustle Cat"
"7Days","6245","7Days","317880","59280","2997","4","201","0","0","5.36","7Days"
"Fantasy Versus","6246","Fantasy Versus","317820","13740","6088","5","65","0","0","23.13","Fantasy Versus"
"Logical Journey of the Zoombinis","6247","Logical Journey of the Zoombinis","317460","26460","574","2","78","0","0","12","Logical Journey of the Zoombinis"
"Forza Motorsport 5","6248","Forza Motorsport 5","317340","241380","337","5","1493","0","0","1.31","Forza Motorsport 5"
"Warsong","6249","Warsong","317160","36240","318","4","77","0","0","8.75","Warsong"
"Yu-Gi-Oh! The Sacred Cards","6250","Yu-Gi-Oh! The Sacred Cards","317100","13380","421","2","53","0","0","23.7","Yu-Gi-Oh! The Sacred Cards"
"Don Doko Don 2","6251","Don Doko Don 2","317040","1680","5285","1","2","0","0","188.71","Don Doko Don 2"
"Hakuoki: Kyoto Winds","6252","Hakuoki: Kyoto Winds","316980","33660","752","2","61","0","0","9.42","Hakuoki: Kyoto Winds"
"Bad Piggies","6253","Bad Piggies","316860","2100","2786","1","12","0","0","150.89","Bad Piggies"
"Tenchu: Stealth Assassins","6254","Tenchu: Stealth Assassins","316800","26520","273","3","88","0","0","11.95","Tenchu: Stealth Assassins"
"Atelier Rorona: Alchemist of Arland","6255","Atelier Rorona: Alchemist of Arland","316500","57120","114","5","57","0","0","5.54","Atelier Rorona: Alchemist of Arland"
"Band of Defenders","6256","Band of Defenders","316380","33180","954","9","179","0","0","9.54","Band of Defenders"
"Pro Evolution Soccer 2017","6257","Pro Evolution Soccer 2017","316200","219780","421","4","945","0","0","1.44","Pro Evolution Soccer 2017"
"Alien vs Predator","6258","Alien vs Predator","315840","50940","979","3","247","0","0","6.2","Alien vs Predator"
"Madou Monogatari: Hanamaru Daiyouchienji","6259","Madou Monogatari: Hanamaru Daiyouchienji","315780","1500","2702","1","5","0","0","210.52","Madou Monogatari: Hanamaru Daiyouchienji"
"Medal of Honor","6260","Medal of Honor","315720","108060","883","3","520","0","0","2.92","Medal of Honor"
"Muramasa: The Demon Blade","6261","Muramasa: The Demon Blade","315540","69480","126","2","126","0","0","4.54","Muramasa: The Demon Blade"
"Who Framed Roger Rabbit","6262","Who Framed Roger Rabbit","315540","4140","529","1","15","0","0","76.22","Who Framed Roger Rabbit"
"Disney Th!nk Fast","6263","Disney Th!nk Fast","315480","840","4022","1","4","0","0","375.57","Disney Th!nk Fast"
"Command & Conquer: Renegade","6264","Command & Conquer: Renegade","315420","51840","2213","3","141","0","0","6.08","Command & Conquer: Renegade"
"Earthlock","6265","Earthlock","315360","51300","88","3","127","0","0","6.15","Earthlock"
"Dungeon Siege III","6266","Dungeon Siege III","315240","56520","225","3","177","0","0","5.58","Dungeon Siege III"
"Marooners","6267","Marooners","315180","10260","1662","3","88","0","0","30.72","Marooners"
"Call of Juarez: Bound in Blood","6268","Call of Juarez: Bound in Blood","314940","49440","890","2","160","0","0","6.37","Call of Juarez: Bound in Blood"
"Disney-Pixar Brave","6269","Disney-Pixar Brave","314460","70380","208","9","348","0","0","4.47","Disney-Pixar Brave"
"Flux8","6270","Flux8","314340","60","5287","1","1","0","0","5239","Flux8"
"Daryl F. Gates' Police Quest: Open Season","6271","Daryl F. Gates' Police Quest: Open Season","314160","7020","2100","1","14","0","0","44.75","Daryl F. Gates' Police Quest: Open Season"
"Grow Home","6272","Grow Home","313500","77820","361","4","462","0","0","4.03","Grow Home"
"Revenant Saga","6273","Revenant Saga","313500","10740","1879","2","20","0","0","29.19","Revenant Saga"
"NITE Team 4","6274","NITE Team 4","313380","28980","1428","3","97","0","0","10.81","NITE Team 4"
"House of Velez","6275","House of Velez","313140","240","2793","1","2","0","0","1304.75","House of Velez"
"Super Mario All-Stars & Super Mario World","6276","Super Mario All-Stars & Super Mario World","313020","58200","673","3","269","0","0","5.38","Super Mario All-Stars & Super Mario World"
"Twinsen's Odyssey","6277","Twinsen's Odyssey","312900","52980","1105","3","86","0","0","5.91","Twinsen's Odyssey"
"Assassin's Creed Chronicles: India","6278","Assassin's Creed Chronicles: India","312900","104160","567","8","513","0","0","3","Assassin's Creed Chronicles: India"
"Merry Gear Sol!d: Secret Santa","6279","Merry Gear Sol!d: Secret Santa","312660","4140","1859","3","38","0","0","75.52","Merry Gear Sol!d: Secret Santa"
"Muppet RaceMania","6280","Muppet RaceMania","312480","6780","1712","2","16","0","0","46.09","Muppet RaceMania"
"To the Top","6281","To the Top","312300","40500","658","2","244","0","0","7.71","To the Top"
"Warcraft III: Reforged","6282","Warcraft III: Reforged","312240","4020","3162","1","20","0","0","77.67","Warcraft III: Reforged"
"Rabbit","6283","Rabbit","312240","135240","18","2","19","0","0","2.31","Rabbit"
"F-Zero Climax","6284","F-Zero Climax","312180","3360","3965","2","14","0","0","92.91","F-Zero Climax"
"Lufia & the Fortress of Doom","6285","Lufia & the Fortress of Doom","312180","42240","186","2","63","0","0","7.39","Lufia & the Fortress of Doom"
"Pool Party","6286","Pool Party","312120","360","5145","1","5","0","0","867","Pool Party"
"Coming Out On Top","6287","Coming Out On Top","312060","13320","776","2","56","0","0","23.43","Coming Out On Top"
"Ruby & Majesty: Treasure Team","6288","Ruby & Majesty: Treasure Team","312000","1380","2722","1","5","0","0","226.09","Ruby & Majesty: Treasure Team"
"Shadow of the Beast","6289","Shadow of the Beast","311820","11460","1503","2","166","0","0","27.21","Shadow of the Beast"
"What Are You Stupid","6290","What Are You Stupid","311460","540","3184","1","4","0","0","576.78","What Are You Stupid"
"Town With No Name","6291","Town With No Name","311280","900","3364","1","8","0","0","345.87","Town With No Name"
"Eric the Unready","6292","Eric the Unready","310980","14760","1533","1","9","0","0","21.07","Eric the Unready"
"Young Merlin","6293","Young Merlin","310980","4140","2482","1","10","0","0","75.12","Young Merlin"
"Daddy","6294","Daddy","310800","2340","4019","1","23","0","0","132.82","Daddy"
"Eragon","6295","Eragon","310620","4200","1385","1","23","0","0","73.96","Eragon"
"Raw Data","6296","Raw Data","310620","106320","619","4","675","0","0","2.92","Raw Data"
"Space Tyrant","6297","Space Tyrant","310380","11100","1509","2","43","0","0","27.96","Space Tyrant"
"Blazing Beaks","6298","Blazing Beaks","310320","10680","569","2","55","0","0","29.06","Blazing Beaks"
"Mini Guns","6299","Mini Guns","309900","15300","365","2","46","0","0","20.25","Mini Guns"
"Realms of the Haunting","6300","Realms of the Haunting","309900","25260","158","2","27","0","0","12.27","Realms of the Haunting"