"","","Game","Watch time","Stream time","Peak viewers","Peak channels","Streamers","Average viewers","Average channels","Average viewer ratio",""
"Democracy 3","2201","Democracy 3","3753240","95460","10435","3","380","7","0","39.32","Democracy 3"
"Child of Light","2202","Child of Light","3750660","525000","2104","7","1921","7","0","7.14","Child of Light"
"Styx: Shards of Darkness","2203","Styx: Shards of Darkness","3746280","494460","3335","12","1884","7","0","7.58","Styx: Shards of Darkness"
"Unavowed","2204","Unavowed","3742740","94620","6045","8","179","7","0","39.56","Unavowed"
"Jak 3","2205","Jak 3","3741060","318600","2023","6","1076","7","0","11.74","Jak 3"
"Love Live! School Idol Festival","2206","Love Live! School Idol Festival","3740580","302040","853","5","611","7","0","12.38","Love Live! School Idol Festival"
"Sonic Generations","2207","Sonic Generations","3737640","380340","4101","12","1913","7","0","9.83","Sonic Generations"
"Mr. President!","2208","Mr. President!","3728400","32460","7199","3","285","7","0","114.86","Mr. President!"
"Mini World: Block Art","2209","Mini World: Block Art","3727440","130740","3050","7","360","7","0","28.51","Mini World: Block Art"
"X","2210","X","3725040","91500","3867","8","872","7","0","40.71","X"
"Tourist Bus Simulator","2211","Tourist Bus Simulator","3724440","35220","25866","11","122","7","0","105.75","Tourist Bus Simulator"
"Gamescom 2017","2212","Gamescom 2017","3724080","8220","6857","10","36","7","0","453.05","Gamescom 2017"
"Party Hard","2213","Party Hard","3723360","270360","5270","6","1629","7","0","13.77","Party Hard"
"Rock of Ages","2214","Rock of Ages","3722040","38580","6979","3","209","7","0","96.48","Rock of Ages"
"Alien Swarm","2215","Alien Swarm","3721680","76980","17135","5","532","7","0","48.35","Alien Swarm"
"New Super Mario Bros. Wii","2216","New Super Mario Bros. Wii","3721140","272040","5857","6","809","7","0","13.68","New Super Mario Bros. Wii"
"Streamfest","2217","Streamfest","3720360","20940","11688","24","88","7","0","177.67","Streamfest"
"Kirby: Nightmare in Dream Land","2218","Kirby: Nightmare in Dream Land","3709920","192900","7367","16","405","7","0","19.23","Kirby: Nightmare in Dream Land"
"RollerCoaster Tycoon 3","2219","RollerCoaster Tycoon 3","3707040","168540","2673","3","731","7","0","22","RollerCoaster Tycoon 3"
"Pilot Brothers: On the Track of Striped Elephant","2220","Pilot Brothers: On the Track of Striped Elephant","3706020","7500","12961","4","43","7","0","494.14","Pilot Brothers: On the Track of Striped Elephant"
"The Ship","2221","The Ship","3703500","43800","6848","5","287","7","0","84.55","The Ship"
"Blade Stranger","2222","Blade Stranger","3701940","85740","9334","22","301","7","0","43.18","Blade Stranger"
"Changed","2223","Changed","3690060","47700","5334","4","126","7","0","77.36","Changed"
"Half-Life 2: Episode One","2224","Half-Life 2: Episode One","3690060","178560","3314","4","896","7","0","20.67","Half-Life 2: Episode One"
"A Bastard's Tale","2225","A Bastard's Tale","3683520","12000","15108","4","78","7","0","306.96","A Bastard's Tale"
"Nantucket","2226","Nantucket","3674760","85620","2242","15","238","6","0","42.92","Nantucket"
"Pony Island","2227","Pony Island","3673800","200160","3993","5","1228","6","0","18.35","Pony Island"
"Sudden Attack","2228","Sudden Attack","3673380","299340","15092","8","1020","6","0","12.27","Sudden Attack"
"Timespinner","2229","Timespinner","3670620","304920","1182","41","776","6","0","12.04","Timespinner"
"Dead or Alive Xtreme 3: Fortune","2230","Dead or Alive Xtreme 3: Fortune","3670500","357780","5527","5","472","6","0","10.26","Dead or Alive Xtreme 3: Fortune"
"Production Line","2231","Production Line","3669300","81480","29247","6","293","6","0","45.03","Production Line"
"Secret World Legends","2232","Secret World Legends","3661200","831960","488","19","1467","6","1","4.4","Secret World Legends"
"Steel Division: Normandy 44","2233","Steel Division: Normandy 44","3660840","199380","5482","7","543","6","0","18.36","Steel Division: Normandy 44"
"God Hand","2234","God Hand","3660600","153720","2483","4","376","6","0","23.81","God Hand"
"VVVVVV","2235","VVVVVV","3655560","281880","16274","15","881","6","0","12.97","VVVVVV"
"Arizona Sunshine","2236","Arizona Sunshine","3650160","563040","2581","12","3339","6","1","6.48","Arizona Sunshine"
"Sumoman","2237","Sumoman","3648960","11220","6374","3","53","6","0","325.22","Sumoman"
"Sword Art Online: Hollow Realization","2238","Sword Art Online: Hollow Realization","3643860","1045140","1660","16","2806","6","1","3.49","Sword Art Online: Hollow Realization"
"Uncharted: Drake's Fortune","2239","Uncharted: Drake's Fortune","3642720","270480","2896","5","891","6","0","13.47","Uncharted: Drake's Fortune"
"Club Drive","2240","Club Drive","3641760","360","91357","7","8","6","0","10116","Club Drive"
"Panic Restaurant","2241","Panic Restaurant","3634200","3840","102189","10","33","6","0","946.41","Panic Restaurant"
"London 2012 - The Official Video Game of the Olympic Games","2242","London 2012 - The Official Video Game of the Olympic Games","3634080","11160","7976","5","70","6","0","325.63","London 2012 - The Official Video Game of the Olympic Games"
"Octahedron","2243","Octahedron","3627120","69960","5438","5","111","6","0","51.85","Octahedron"
"Skater XL","2244","Skater XL","3626760","123300","30488","33","741","6","0","29.41","Skater XL"
"LeftWay","2245","LeftWay","3625800","2160","14381","2","12","6","0","1678.61","LeftWay"
"Aim Hero","2246","Aim Hero","3625200","209460","3136","5","1336","6","0","17.31","Aim Hero"
"Door Kickers","2247","Door Kickers","3623160","145140","4354","10","967","6","0","24.96","Door Kickers"
"The Eyes of Ara","2248","The Eyes of Ara","3616200","29100","4197","2","57","6","0","124.27","The Eyes of Ara"
"Bethesda @ PAX","2249","Bethesda @ PAX","3616020","1560","16908","3","8","6","0","2317.96","Bethesda @ PAX"
"Silent Hill: 0rigins","2250","Silent Hill: 0rigins","3614580","115920","840","4","238","6","0","31.18","Silent Hill: 0rigins"
"Ken Follett's The Pillars of the Earth","2251","Ken Follett's The Pillars of the Earth","3613320","251040","3791","9","724","6","0","14.39","Ken Follett's The Pillars of the Earth"
"Switchblade","2252","Switchblade","3611160","53700","23682","7","269","6","0","67.25","Switchblade"
"Command & Conquer: Generals - Zero Hour","2253","Command & Conquer: Generals - Zero Hour","3592440","336360","4443","6","841","6","0","10.68","Command & Conquer: Generals - Zero Hour"
"The Beast Inside","2254","The Beast Inside","3591960","22800","18978","3","134","6","0","157.54","The Beast Inside"
"Digimon World","2255","Digimon World","3580260","271200","1664","6","428","6","0","13.2","Digimon World"
"Machinarium","2256","Machinarium","3576840","188220","3619","5","748","6","0","19","Machinarium"
"FoxTail","2257","FoxTail","3576720","22680","18062","4","112","6","0","157.7","FoxTail"
"Mario Golf","2258","Mario Golf","3572340","113760","3798","4","227","6","0","31.4","Mario Golf"
"Metroid: Samus Returns","2259","Metroid: Samus Returns","3572040","107400","9151","6","200","6","0","33.26","Metroid: Samus Returns"
"Command & Conquer 3: Kane's Wrath","2260","Command & Conquer 3: Kane's Wrath","3568200","291540","6345","6","435","6","0","12.24","Command & Conquer 3: Kane's Wrath"
"Sparkster","2261","Sparkster","3567720","11460","102315","11","53","6","0","311.32","Sparkster"
"Deponia","2262","Deponia","3557520","368460","3886","9","1401","6","0","9.66","Deponia"
"GoldenEye: Source","2263","GoldenEye: Source","3552600","292020","6589","9","390","6","0","12.17","GoldenEye: Source"
"Rec Room","2264","Rec Room","3543960","1475220","11428","22","6917","6","2","2.4","Rec Room"
"Mega Man X Anniversary Collection 2","2265","Mega Man X Anniversary Collection 2","3543000","201600","889","11","459","6","0","17.57","Mega Man X Anniversary Collection 2"
"Fable III","2266","Fable III","3541260","411540","2322","8","1365","6","0","8.6","Fable III"
"Stay Safe","2267","Stay Safe","3540360","34200","24103","7","116","6","0","103.52","Stay Safe"
"Don't Knock Twice","2268","Don't Knock Twice","3534600","162600","2549","6","1033","6","0","21.74","Don't Knock Twice"
"Castlevania: Rondo of Blood","2269","Castlevania: Rondo of Blood","3531660","134400","6212","10","452","6","0","26.28","Castlevania: Rondo of Blood"
"Sleeping Dawn","2270","Sleeping Dawn","3530520","11880","20314","3","80","6","0","297.18","Sleeping Dawn"
"Thief","2271","Thief","3528360","662700","4289","9","2821","6","1","5.32","Thief"
"Secret of the Stars","2272","Secret of the Stars","3527880","7080","10062","3","17","6","0","498.29","Secret of the Stars"
"Digimon World: Next Order","2273","Digimon World: Next Order","3523380","599820","1034","11","1228","6","1","5.87","Digimon World: Next Order"
"Little Inferno","2274","Little Inferno","3522120","91380","4186","6","482","6","0","38.54","Little Inferno"
"Super Animal Royale","2275","Super Animal Royale","3516420","143220","23801","18","439","6","0","24.55","Super Animal Royale"
"Battlefield Hardline","2276","Battlefield Hardline","3514080","1451700","778","29","7048","6","2","2.42","Battlefield Hardline"
"Tetris: The Grand Master","2277","Tetris: The Grand Master","3513000","78420","25652","5","124","6","0","44.8","Tetris: The Grand Master"
"Nevermind","2278","Nevermind","3512220","52920","5206","2","201","6","0","66.37","Nevermind"
"Trailmakers","2279","Trailmakers","3510900","157080","10558","6","567","6","0","22.35","Trailmakers"
"Conqueror's Blade","2280","Conqueror's Blade","3509880","246780","11034","65","634","6","0","14.22","Conqueror's Blade"
"Killer7","2281","Killer7","3509160","195660","24989","14","488","6","0","17.93","Killer7"
"El Viento","2282","El Viento","3499800","6840","87499","6","16","6","0","511.67","El Viento"
"The Beast Within: A Gabriel Knight Mystery","2283","The Beast Within: A Gabriel Knight Mystery","3493740","53760","1487","3","76","6","0","64.99","The Beast Within: A Gabriel Knight Mystery"
"Obduction","2284","Obduction","3484680","192600","6567","6","546","6","0","18.09","Obduction"
"Kona","2285","Kona","3475140","196860","4189","7","842","6","0","17.65","Kona"
"WWE 2K16","2286","WWE 2K16","3474180","304920","10437","7","1195","6","0","11.39","WWE 2K16"
"Dokapon Kingdom","2287","Dokapon Kingdom","3469080","137400","6567","6","215","6","0","25.25","Dokapon Kingdom"
"Bitcoin Billionaire","2288","Bitcoin Billionaire","3465960","270540","666","5","84","6","0","12.81","Bitcoin Billionaire"
"Soulcalibur II HD Online","2289","Soulcalibur II HD Online","3463740","20700","11034","2","109","6","0","167.33","Soulcalibur II HD Online"
"GunZ The Duel","2290","GunZ The Duel","3462840","420480","20688","6","767","6","0","8.24","GunZ The Duel"
"Panzer Dragoon Saga","2291","Panzer Dragoon Saga","3462600","20640","6546","2","48","6","0","167.76","Panzer Dragoon Saga"
"Wolfenstein: The Old Blood","2292","Wolfenstein: The Old Blood","3462360","428760","4240","7","2137","6","0","8.08","Wolfenstein: The Old Blood"
"Lost Sphear","2293","Lost Sphear","3460800","410880","4404","51","864","6","0","8.42","Lost Sphear"
"The Park","2294","The Park","3458160","117300","3340","9","895","6","0","29.48","The Park"
"Kirby Air Ride","2295","Kirby Air Ride","3456600","159660","2496","5","611","6","0","21.65","Kirby Air Ride"
"The King of Fighters 2002: Challenge to Ultimate Battle","2296","The King of Fighters 2002: Challenge to Ultimate Battle","3450000","165240","3974","4","303","6","0","20.88","The King of Fighters 2002: Challenge to Ultimate Battle"
"AirMech","2297","AirMech","3449340","146280","35060","10","476","6","0","23.58","AirMech"
"Pathfinder","2298","Pathfinder","3445860","337500","713","12","472","6","0","10.21","Pathfinder"
"The Pillars of the Earth","2299","The Pillars of the Earth","3443940","29040","3394","2","94","6","0","118.59","The Pillars of the Earth"
"Call of Duty","2300","Call of Duty","3443040","487620","2748","9","2591","6","0","7.06","Call of Duty"