"","","Game","Watch time","Stream time","Peak viewers","Peak channels","Streamers","Average viewers","Average channels","Average viewer ratio",""
"Destrega","5501","Destrega","459360","3780","2410","1","12","0","0","121.52","Destrega"
"Sega Genesis Collection","5502","Sega Genesis Collection","459300","22680","1255","3","98","0","0","20.25","Sega Genesis Collection"
"Seven: The Days Long Gone","5503","Seven: The Days Long Gone","459300","85800","1571","4","337","0","0","5.35","Seven: The Days Long Gone"
"Dance! It's your Stage","5504","Dance! It's your Stage","458760","840","699","1","2","0","0","546.14","Dance! It's your Stage"
"Descent","5505","Descent","458220","75660","857","4","120","0","0","6.06","Descent"
"Lightening Force: Quest for the Darkstar","5506","Lightening Force: Quest for the Darkstar","458100","7800","1564","5","32","0","0","58.73","Lightening Force: Quest for the Darkstar"
"White Gold: War in Paradise","5507","White Gold: War in Paradise","457860","2940","2460","1","7","0","0","155.73","White Gold: War in Paradise"
"Ikaruga","5508","Ikaruga","457740","67620","861","4","345","0","0","6.77","Ikaruga"
"Jingle","5509","Jingle","456960","540","3990","1","4","0","0","846.22","Jingle"
"Jackie Chan Stuntmaster","5510","Jackie Chan Stuntmaster","456900","21540","1814","2","100","0","0","21.21","Jackie Chan Stuntmaster"
"How Visual Novels Changed My Life","5511","How Visual Novels Changed My Life","456900","10200","592","2","27","0","0","44.79","How Visual Novels Changed My Life"
"Record of Agarest War","5512","Record of Agarest War","456720","63900","94","3","92","0","0","7.15","Record of Agarest War"
"Fire Emblem: Shadow Dragon","5513","Fire Emblem: Shadow Dragon","456300","72960","781","3","149","0","0","6.25","Fire Emblem: Shadow Dragon"
"Drod RPG","5514","Drod RPG","455580","12720","96","1","11","0","0","35.82","Drod RPG"
"Pandemic II","5515","Pandemic II","455580","1020","3176","1","9","0","0","446.65","Pandemic II"
"Lone Survivor","5516","Lone Survivor","455520","58860","1079","3","210","0","0","7.74","Lone Survivor"
"Ghostbusters: The Video Game","5517","Ghostbusters: The Video Game","455040","113340","291","9","348","0","0","4.01","Ghostbusters: The Video Game"
"Wii Fit U","5518","Wii Fit U","454620","9660","2350","2","36","0","0","47.06","Wii Fit U"
"King's Quest VI: Heir Today, Gone Tomorrow","5519","King's Quest VI: Heir Today, Gone Tomorrow","454620","41520","572","3","89","0","0","10.95","King's Quest VI: Heir Today, Gone Tomorrow"
"Kingdom Hearts – The Story So Far","5520","Kingdom Hearts – The Story So Far","454140","85680","228","7","154","0","0","5.3","Kingdom Hearts – The Story So Far"
"V-Rally 4","5521","V-Rally 4","454020","75180","2435","7","200","0","0","6.04","V-Rally 4"
"Opera Omnia","5522","Opera Omnia","453300","39900","260","14","199","0","0","11.36","Opera Omnia"
"Stay! Stay! Democratic People's Republic of Korea! My First (and only) Trip to Korea","5523","Stay! Stay! Democratic People's Republic of Korea! My First (and only) Trip to Korea","452280","20940","404","2","68","0","0","21.6","Stay! Stay! Democratic People's Republic of Korea! My First (and only) Trip to Korea"
"Son of a Witch","5524","Son of a Witch","452280","25500","500","4","68","0","0","17.74","Son of a Witch"
"Magic Sword","5525","Magic Sword","452280","16440","6446","2","21","0","0","27.51","Magic Sword"
"Dragon Quest Monsters: Terry no Wonderland 3D","5526","Dragon Quest Monsters: Terry no Wonderland 3D","452100","16800","350","4","29","0","0","26.91","Dragon Quest Monsters: Terry no Wonderland 3D"
"Cinema","5527","Cinema","452040","25200","419","12","105","0","0","17.94","Cinema"
"Tails Adventure","5528","Tails Adventure","451740","4320","865","1","13","0","0","104.57","Tails Adventure"
"slot!","5529","slot!","451740","21360","295","2","43","0","0","21.15","slot!"
"Mega Man V","5530","Mega Man V","451380","28440","2370","5","116","0","0","15.87","Mega Man V"
"Sid Meier's Civilization IV: Beyond the Sword","5531","Sid Meier's Civilization IV: Beyond the Sword","450720","56880","1109","3","165","0","0","7.92","Sid Meier's Civilization IV: Beyond the Sword"
"Phoenix Wright: Ace Attorney Trilogy HD","5532","Phoenix Wright: Ace Attorney Trilogy HD","450420","41160","283","2","49","0","0","10.94","Phoenix Wright: Ace Attorney Trilogy HD"
"Oriental Empires","5533","Oriental Empires","450060","25320","542","2","55","0","0","17.77","Oriental Empires"
"Shelter","5534","Shelter","449940","24360","2960","3","172","0","0","18.47","Shelter"
"Pyuu to Fuku! Jaguar Byuu to Deru! Megane-Kun","5535","Pyuu to Fuku! Jaguar Byuu to Deru! Megane-Kun","449220","1740","2679","3","6","0","0","258.17","Pyuu to Fuku! Jaguar Byuu to Deru! Megane-Kun"
"Blade Runner 9732","5536","Blade Runner 9732","449160","2460","2876","2","18","0","0","182.59","Blade Runner 9732"
"RosenkreuzStilette Freudenstachel","5537","RosenkreuzStilette Freudenstachel","448980","39060","2820","2","66","0","0","11.49","RosenkreuzStilette Freudenstachel"
"Saints Row","5538","Saints Row","448740","130620","208","8","392","0","0","3.44","Saints Row"
"Wanted: Weapons of Fate","5539","Wanted: Weapons of Fate","447000","5820","3618","2","29","0","0","76.8","Wanted: Weapons of Fate"
"FIM Speedway Grand Prix 15","5540","FIM Speedway Grand Prix 15","447000","6480","1135","1","28","0","0","68.98","FIM Speedway Grand Prix 15"
"SkyFront VR","5541","SkyFront VR","446820","8880","1765","3","45","0","0","50.32","SkyFront VR"
"Warm Up!","5542","Warm Up!","446220","31800","101","2","32","0","0","14.03","Warm Up!"
"Football Superstars","5543","Football Superstars","446160","45600","448","5","39","0","0","9.78","Football Superstars"
"Cloudlands: VR Minigolf","5544","Cloudlands: VR Minigolf","446040","4320","2087","2","36","0","0","103.25","Cloudlands: VR Minigolf"
"Michael Jackson: The Experience","5545","Michael Jackson: The Experience","445860","5640","2006","2","24","0","0","79.05","Michael Jackson: The Experience"
"Fox Hunt","5546","Fox Hunt","445740","21300","1822","4","12","0","0","20.93","Fox Hunt"
"The Legend of Heroes: Zero no Kiseki Evolution","5547","The Legend of Heroes: Zero no Kiseki Evolution","445140","67200","485","2","36","0","0","6.62","The Legend of Heroes: Zero no Kiseki Evolution"
"CHKN","5548","CHKN","444900","32160","5645","3","55","0","0","13.83","CHKN"
"The Saboteur","5549","The Saboteur","444840","98100","348","4","251","0","0","4.53","The Saboteur"
"Eternal Sonata","5550","Eternal Sonata","444540","80460","209","3","88","0","0","5.52","Eternal Sonata"
"The Cursed Forest","5551","The Cursed Forest","444480","18240","977","2","94","0","0","24.37","The Cursed Forest"
"Aquarium","5552","Aquarium","444480","840300","53","6","92","0","1","0.53","Aquarium"
"Outland","5553","Outland","443820","93120","246","4","381","0","0","4.77","Outland"
"Between The Stars","5554","Between The Stars","443820","46200","562","6","428","0","0","9.61","Between The Stars"
"FeArea","5555","FeArea","443520","58080","794","34","261","0","0","7.64","FeArea"
"Dating Sims: The Visual Novel","5556","Dating Sims: The Visual Novel","443040","20760","563","2","69","0","0","21.34","Dating Sims: The Visual Novel"
"Sally's Law","5557","Sally's Law","442680","7020","1843","2","41","0","0","63.06","Sally's Law"
"Bloodstone Online: The Ancient Curse","5558","Bloodstone Online: The Ancient Curse","442620","44820","155","5","63","0","0","9.88","Bloodstone Online: The Ancient Curse"
"F.E.A.R.: Extraction Point","5559","F.E.A.R.: Extraction Point","442560","71280","521","3","283","0","0","6.21","F.E.A.R.: Extraction Point"
"Night Slashers","5560","Night Slashers","442500","3600","7110","4","25","0","0","122.92","Night Slashers"
"Kuru Kuru Kururin","5561","Kuru Kuru Kururin","442320","18420","2387","2","40","0","0","24.01","Kuru Kuru Kururin"
"Lugaru","5562","Lugaru","442200","3360","3667","1","15","0","0","131.61","Lugaru"
"50 Mission Crush","5563","50 Mission Crush","442140","960","2245","1","1","0","0","460.56","50 Mission Crush"
"Tennis 2K2","5564","Tennis 2K2","442080","780","7368","1","6","0","0","566.77","Tennis 2K2"
"Niche - a genetics survival game","5565","Niche - a genetics survival game","441660","54540","1401","3","258","0","0","8.1","Niche - a genetics survival game"
"Asemblance: Oversight","5566","Asemblance: Oversight","441600","14160","2221","4","81","0","0","31.19","Asemblance: Oversight"
"Onimusha 3: Demon Siege","5567","Onimusha 3: Demon Siege","441240","57960","498","3","134","0","0","7.61","Onimusha 3: Demon Siege"
"Ghouls 'N Ghosts","5568","Ghouls 'N Ghosts","440520","40740","250","5","143","0","0","10.81","Ghouls 'N Ghosts"
"Ultima III: Exodus","5569","Ultima III: Exodus","440520","12840","171","2","14","0","0","34.31","Ultima III: Exodus"
"X-Men: Legends II - Rise of Apocalypse","5570","X-Men: Legends II - Rise of Apocalypse","440400","17040","2152","2","29","0","0","25.85","X-Men: Legends II - Rise of Apocalypse"
"Tom Clancy's Rainbow Six: Vegas 2","5571","Tom Clancy's Rainbow Six: Vegas 2","440220","138000","1067","5","709","0","0","3.19","Tom Clancy's Rainbow Six: Vegas 2"
"Shining Force III Scenario 3","5572","Shining Force III Scenario 3","440100","12360","212","1","16","0","0","35.61","Shining Force III Scenario 3"
"The Darkside Detective","5573","The Darkside Detective","439980","35160","1554","2","123","0","0","12.51","The Darkside Detective"
"American Football","5574","American Football","439860","28200","445","4","55","0","0","15.6","American Football"
"SUPERFIGHT","5575","SUPERFIGHT","439620","23520","2708","5","163","0","0","18.69","SUPERFIGHT"
"Need for Speed World","5576","Need for Speed World","439320","212040","453","5","2106","0","0","2.07","Need for Speed World"
"Mario Kart DS","5577","Mario Kart DS","439140","45660","1734","3","216","0","0","9.62","Mario Kart DS"
"Happy Dungeons","5578","Happy Dungeons","439020","236640","59","6","925","0","0","1.86","Happy Dungeons"
"Mini Ninjas","5579","Mini Ninjas","438720","74340","355","5","358","0","0","5.9","Mini Ninjas"
"FIFA Soccer 2005","5580","FIFA Soccer 2005","438660","4740","3312","1","18","0","0","92.54","FIFA Soccer 2005"
"Catch & Release","5581","Catch & Release","438600","38940","507","3","132","0","0","11.26","Catch & Release"
"Sid Meier's Civilization: Beyond Earth","5582","Sid Meier's Civilization: Beyond Earth","438480","100320","297","4","334","0","0","4.37","Sid Meier's Civilization: Beyond Earth"
"Bullet Girls 2","5583","Bullet Girls 2","438480","22440","2373","1","7","0","0","19.54","Bullet Girls 2"
"Dune 2000","5584","Dune 2000","437760","29700","1626","3","71","0","0","14.74","Dune 2000"
"Tron: Evolution","5585","Tron: Evolution","437280","29100","4410","3","88","0","0","15.03","Tron: Evolution"
"Raw Danger","5586","Raw Danger","437160","16980","214","2","35","0","0","25.75","Raw Danger"
"Hiveswap: Act 1","5587","Hiveswap: Act 1","437160","87120","278","6","404","0","0","5.02","Hiveswap: Act 1"
"Virtua Tennis 4","5588","Virtua Tennis 4","436740","11280","2583","2","52","0","0","38.72","Virtua Tennis 4"
"DarkEden","5589","DarkEden","436740","31020","2678","2","41","0","0","14.08","DarkEden"
"Leisure Suit Larry in the Land of Lounge Lizards RELOADED","5590","Leisure Suit Larry in the Land of Lounge Lizards RELOADED","436680","17100","2011","2","52","0","0","25.54","Leisure Suit Larry in the Land of Lounge Lizards RELOADED"
"Zeliard","5591","Zeliard","436560","4680","444","2","7","0","0","93.28","Zeliard"
"Pro Boxing Simulator","5592","Pro Boxing Simulator","436140","600","9388","3","9","0","0","726.9","Pro Boxing Simulator"
"Don't Play With Dolls","5593","Don't Play With Dolls","436080","4740","3016","2","45","0","0","92","Don't Play With Dolls"
"Ratchet & Clank Future: Tools of Destruction","5594","Ratchet & Clank Future: Tools of Destruction","436020","62640","466","3","72","0","0","6.96","Ratchet & Clank Future: Tools of Destruction"
"Starmade","5595","Starmade","435780","111720","105","4","253","0","0","3.9","Starmade"
"Pocket Rumble","5596","Pocket Rumble","435540","28260","845","6","152","0","0","15.41","Pocket Rumble"
"The Fall Part 2: Unbound","5597","The Fall Part 2: Unbound","435420","35040","398","7","114","0","0","12.43","The Fall Part 2: Unbound"
"Saint Seiya: The Sanctuary","5598","Saint Seiya: The Sanctuary","435240","2580","4439","1","18","0","0","168.7","Saint Seiya: The Sanctuary"
"Sex","5599","Sex","434940","43080","6064","5","120","0","0","10.1","Sex"
"Enclave","5600","Enclave","434700","34680","720","2","138","0","0","12.53","Enclave"