"","","Game","Watch time","Stream time","Peak viewers","Peak channels","Streamers","Average viewers","Average channels","Average viewer ratio",""
"Artifact","101","Artifact","547156380","7679280","67321","1590","12899","1041","14","71.25","Artifact"
"Ring Of Elysium","102","Ring Of Elysium","546117720","45019140","51585","937","88485","1039","85","12.13","Ring Of Elysium"
"World of Warships","103","World of Warships","545052120","31383420","18204","152","26577","1037","59","17.37","World of Warships"
"Age of Empires II","104","Age of Empires II","544093140","9658200","45645","53","13603","1035","18","56.33","Age of Empires II"
"The Legend of Zelda: Ocarina of Time","105","The Legend of Zelda: Ocarina of Time","543097980","13330980","152961","141","10669","1033","25","40.74","The Legend of Zelda: Ocarina of Time"
"The Sims 4","106","The Sims 4","520875660","25288140","37270","198","49465","991","48","20.6","The Sims 4"
"The Binding of Isaac: Afterbirth","107","The Binding of Isaac: Afterbirth","517898580","13691940","65789","89","25515","985","26","37.83","The Binding of Isaac: Afterbirth"
"Special Events","108","Special Events","517301520","1794600","259808","80","7695","984","3","288.25","Special Events"
"RimWorld","109","RimWorld","510696000","17441820","21041","134","17999","971","33","29.28","RimWorld"
"Paladins","110","Paladins","504894900","56241240","43978","247","131811","960","107","8.98","Paladins"
"Super Smash Bros. for Wii U","111","Super Smash Bros. for Wii U","503431800","11176320","47374","237","9979","957","21","45.04","Super Smash Bros. for Wii U"
"For Honor","112","For Honor","499294320","35685900","39741","312","78183","950","67","13.99","For Honor"
"ASMR","113","ASMR","482926980","5173080","14889","64","4379","918","9","93.35","ASMR"
"The Legend of Zelda: Breath of the Wild","114","The Legend of Zelda: Breath of the Wild","482485320","20019000","191576","125","21631","918","38","24.1","The Legend of Zelda: Breath of the Wild"
"The Legend of Zelda: A Link to the Past","115","The Legend of Zelda: A Link to the Past","463984680","19664280","171153","168","10246","882","37","23.6","The Legend of Zelda: A Link to the Past"
"Quake Champions","116","Quake Champions","460453260","19370220","46969","234","34487","876","36","23.77","Quake Champions"
"Clash Royale","117","Clash Royale","457336140","9930060","55232","58","19700","870","18","46.06","Clash Royale"
"Stardew Valley","118","Stardew Valley","448988700","37139940","39063","479","67679","854","70","12.09","Stardew Valley"
"Heroes of Might and Magic III: The Shadow of Death","119","Heroes of Might and Magic III: The Shadow of Death","444517800","5182500","19206","35","3548","845","9","85.77","Heroes of Might and Magic III: The Shadow of Death"
"The Forest","120","The Forest","436996380","28274520","44129","276","74808","831","53","15.46","The Forest"
"Warhammer: Vermintide 2","121","Warhammer: Vermintide 2","436838700","22905360","77418","854","43817","831","43","19.07","Warhammer: Vermintide 2"
"A Way Out","122","A Way Out","433136340","11409300","233484","1587","43794","824","21","37.96","A Way Out"
"Fallout 4","123","Fallout 4","432939660","52021260","20372","290","95577","823","98","8.32","Fallout 4"
"Battlerite Royale","124","Battlerite Royale","432840360","7499940","40300","392","14031","823","14","57.71","Battlerite Royale"
"Tom Clancy's The Division","125","Tom Clancy's The Division","427056420","56855340","27767","449","71904","812","108","7.51","Tom Clancy's The Division"
"7 Days to Die","126","7 Days to Die","413861580","38745360","25079","293","41915","787","73","10.68","7 Days to Die"
"Euro Truck Simulator 2","127","Euro Truck Simulator 2","409676040","41076900","39012","347","54166","779","78","9.97","Euro Truck Simulator 2"
"StarCraft","128","StarCraft","401967240","8080920","57296","45","7682","764","15","49.74","StarCraft"
"Shadowverse","129","Shadowverse","394522620","12909180","19780","86","7916","750","24","30.56","Shadowverse"
"Madden NFL 19","130","Madden NFL 19","394269960","48538080","28141","1560","65643","750","92","8.12","Madden NFL 19"
"TrackMania² Stadium","131","TrackMania² Stadium","384619560","3301620","101619","121","5502","731","6","116.49","TrackMania² Stadium"
"Call of Duty: Black Ops III","132","Call of Duty: Black Ops III","384056880","77770140","22838","542","241925","730","147","4.94","Call of Duty: Black Ops III"
"Enter the Gungeon","133","Enter the Gungeon","381088200","10894140","139787","205","29316","725","20","34.98","Enter the Gungeon"
"Doctor Who","134","Doctor Who","372939840","114900","22462","5","48","709","0","3245.78","Doctor Who"
"MapleStory","135","MapleStory","369017640","20372700","21223","135","15306","702","38","18.11","MapleStory"
"Super Mario Odyssey","136","Super Mario Odyssey","362462400","9200160","167091","87","13306","689","17","39.4","Super Mario Odyssey"
"Darwin Project","137","Darwin Project","360465180","18884040","200629","354","44527","685","35","19.09","Darwin Project"
"Total War: Warhammer II","138","Total War: Warhammer II","350068500","9160200","18817","146","10001","666","17","38.22","Total War: Warhammer II"
"Garry's Mod","139","Garry's Mod","348936060","14409960","93660","103","49917","663","27","24.21","Garry's Mod"
"Diablo II: Lord of Destruction","140","Diablo II: Lord of Destruction","331576680","10189500","72041","97","8308","630","19","32.54","Diablo II: Lord of Destruction"
"Graveyard Keeper","141","Graveyard Keeper","326145180","6277200","48576","248","9888","620","11","51.96","Graveyard Keeper"
"Star Citizen","142","Star Citizen","324997500","11306520","50710","193","11191","618","21","28.74","Star Citizen"
"Guild Wars 2","143","Guild Wars 2","324473700","25176120","27208","207","22667","617","47","12.89","Guild Wars 2"
"Frostpunk","144","Frostpunk","323038200","7090500","58338","689","17576","614","13","45.56","Frostpunk"
"Arena of Valor","145","Arena of Valor","320884080","7066680","34469","45","9722","610","13","45.41","Arena of Valor"
"Battlefield 1","146","Battlefield 1","320460420","51840180","234047","316","131774","609","98","6.18","Battlefield 1"
"Borderlands 2","147","Borderlands 2","318597900","22210620","22096","220","48325","606","42","14.34","Borderlands 2"
"Super Mario 64","148","Super Mario 64","317814540","10235220","157501","53","11041","604","19","31.05","Super Mario 64"
"Soulcalibur VI","149","Soulcalibur VI","311625480","5836800","35806","555","11883","592","11","53.39","Soulcalibur VI"
"Dead Cells","150","Dead Cells","308125680","11701200","42483","342","34491","586","22","26.33","Dead Cells"
"Gears of War 4","151","Gears of War 4","305997360","19930800","47320","125","26979","582","37","15.35","Gears of War 4"
"Twitch Plays","152","Twitch Plays","298578720","13035480","25870","67","4059","568","24","22.91","Twitch Plays"
"Mario Kart 8","153","Mario Kart 8","294894720","9241680","36035","59","18611","561","17","31.91","Mario Kart 8"
"Slots","154","Slots","293312880","2387640","43992","172","1528","558","4","122.85","Slots"
"Raft","155","Raft","284652900","8520840","136594","415","26668","541","16","33.41","Raft"
"MapleStory 2","156","MapleStory 2","277699320","17147880","34595","812","30237","528","32","16.19","MapleStory 2"
"Marbles On Stream","157","Marbles On Stream","275291220","6573000","36805","111","10951","523","12","41.88","Marbles On Stream"
"Splatoon 2","158","Splatoon 2","272763360","22594560","171642","355","15540","519","42","12.07","Splatoon 2"
"Dungeons & Dragons","159","Dungeons & Dragons","270138240","6112620","40261","184","6138","514","11","44.19","Dungeons & Dragons"
"Super Mario World","160","Super Mario World","265749120","5685000","201386","46","8934","505","10","46.75","Super Mario World"
"PUBG MOBILE","161","PUBG MOBILE","264587280","46489380","59855","271","76547","503","88","5.69","PUBG MOBILE"
"Mario Tennis Aces","162","Mario Tennis Aces","259002480","2643360","56535","348","6826","492","5","97.98","Mario Tennis Aces"
"Shadow of the Tomb Raider","163","Shadow of the Tomb Raider","247800360","13179600","83572","1241","28739","471","25","18.8","Shadow of the Tomb Raider"
"The Last of Us","164","The Last of Us","247090560","15127800","37803","121","24882","470","28","16.33","The Last of Us"
"Blade and Soul","165","Blade and Soul","246494820","21917220","10878","112","13272","469","41","11.25","Blade and Soul"
"State of Decay 2","166","State of Decay 2","244852800","14836680","84104","1197","38441","465","28","16.5","State of Decay 2"
"Europa Universalis IV","167","Europa Universalis IV","242873880","7671780","9920","54","6601","462","14","31.66","Europa Universalis IV"
"Halo 5: Guardians","168","Halo 5: Guardians","242120040","20575140","128338","124","30283","460","39","11.77","Halo 5: Guardians"
"Radical Heights","169","Radical Heights","234201240","6471180","196312","1138","26135","445","12","36.19","Radical Heights"
"Persona 5","170","Persona 5","232237140","9347700","16655","54","13369","441","17","24.84","Persona 5"
"Fate/Grand Order","171","Fate/Grand Order","230449380","7297320","19501","123","5064","438","13","31.58","Fate/Grand Order"
"Eternal","172","Eternal","229261200","3679380","12567","34","2907","436","7","62.31","Eternal"
"Food & Drink","173","Food & Drink","227064240","2755560","34063","81","10583","432","5","82.4","Food & Drink"
"Cities: Skylines","174","Cities: Skylines","226156920","11041860","24305","96","26349","430","21","20.48","Cities: Skylines"
"Oxygen Not Included","175","Oxygen Not Included","225975420","8953200","9837","55","11144","429","17","25.24","Oxygen Not Included"
"ROBLOX","176","ROBLOX","225291660","38799360","47446","197","111808","428","73","5.81","ROBLOX"
"Yakuza 0","177","Yakuza 0","224840580","7190820","20115","203","11189","427","13","31.27","Yakuza 0"
"Bless Online","178","Bless Online","224677560","7468560","203056","1457","9192","427","14","30.08","Bless Online"
"Yu-Gi-Oh! Duel Links","179","Yu-Gi-Oh! Duel Links","218871000","7442520","8038","52","11595","416","14","29.41","Yu-Gi-Oh! Duel Links"
"Islands of Nyne: Battle Royale","180","Islands of Nyne: Battle Royale","218846220","7080660","98062","790","16756","416","13","30.91","Islands of Nyne: Battle Royale"
"Grand Theft Auto: San Andreas","181","Grand Theft Auto: San Andreas","218820600","8929860","17582","49","23420","416","16","24.5","Grand Theft Auto: San Andreas"
"EVE Online","182","EVE Online","217073880","8764080","19345","51","6594","413","16","24.77","EVE Online"
"Hitman 2","183","Hitman 2","216159600","2666520","78744","265","10344","411","5","81.06","Hitman 2"
"Shadow of the Colossus","184","Shadow of the Colossus","215410320","4528560","69742","521","18098","409","8","47.57","Shadow of the Colossus"
"Infestation: The New Z","185","Infestation: The New Z","214666560","8529780","7426","51","6777","408","16","25.17","Infestation: The New Z"
"Football Manager 2018","186","Football Manager 2018","213605520","6392820","11720","64","5308","406","12","33.41","Football Manager 2018"
"I Wanna Be The Boshy","187","I Wanna Be The Boshy","212689500","699960","156709","19","2425","404","1","303.86","I Wanna Be The Boshy"
"Don't Starve Together","188","Don't Starve Together","211228020","14035860","21872","107","31356","401","26","15.05","Don't Starve Together"
"Friday the 13th: The Game","189","Friday the 13th: The Game","209872500","20714820","51236","406","64803","399","39","10.13","Friday the 13th: The Game"
"Hollow Knight","190","Hollow Knight","207564180","15733860","177178","146","29103","394","29","13.19","Hollow Knight"
"Kingdom Hearts HD I.5 + II.5 Remix","191","Kingdom Hearts HD I.5 + II.5 Remix","206769060","15162300","17436","154","14916","393","28","13.64","Kingdom Hearts HD I.5 + II.5 Remix"
"Resident Evil 7 biohazard","192","Resident Evil 7 biohazard","206698800","12231420","156910","172","39289","393","23","16.9","Resident Evil 7 biohazard"
"Pathfinder: Kingmaker","193","Pathfinder: Kingmaker","206061480","2661240","34102","168","2874","392","5","77.43","Pathfinder: Kingmaker"
"Travel & Outdoors","194","Travel & Outdoors","205109640","9940920","47206","211","66118","390","18","20.63","Travel & Outdoors"
"Battlerite","195","Battlerite","200910720","15223020","29792","128","35680","382","28","13.2","Battlerite"
"Dauntless","196","Dauntless","200648760","18335100","40962","907","38164","381","34","10.94","Dauntless"
"Farming Simulator 19","197","Farming Simulator 19","200210100","9107340","44919","783","12756","380","17","21.98","Farming Simulator 19"
"M.U.G.E.N","198","M.U.G.E.N","199577880","1432560","1640","8","578","379","2","139.32","M.U.G.E.N"
"Russian Fishing 4","199","Russian Fishing 4","193403340","11660460","13016","78","5132","368","22","16.59","Russian Fishing 4"
"Two Point Hospital","200","Two Point Hospital","193033260","4144740","46234","578","10317","367","7","46.57","Two Point Hospital"