"","","Game","Watch time","Stream time","Peak viewers","Peak channels","Streamers","Average viewers","Average channels","Average viewer ratio",""
"Mirror's Edge Catalyst","3001","Mirror's Edge Catalyst","1944420","467340","730","7","4485","3","0","4.16","Mirror's Edge Catalyst"
"Fibbage","3002","Fibbage","1943520","162480","10258","8","1173","3","0","11.96","Fibbage"
"Skies of Arcadia: Legends","3003","Skies of Arcadia: Legends","1942560","206220","2298","4","225","3","0","9.42","Skies of Arcadia: Legends"
"WWE All Stars","3004","WWE All Stars","1942260","7140","7866","2","38","3","0","272.03","WWE All Stars"
"LEGO Harry Potter Collection","3005","LEGO Harry Potter Collection","1941480","107280","2803","5","1146","3","0","18.1","LEGO Harry Potter Collection"
"Everything","3006","Everything","1941360","252900","4386","6","724","3","0","7.68","Everything"
"Flashing Lights","3007","Flashing Lights","1940340","71940","31360","13","524","3","0","26.97","Flashing Lights"
"Star Trek","3008","Star Trek","1939260","25200","5569","2","97","3","0","76.95","Star Trek"
"Light Bearers","3009","Light Bearers","1938540","123420","26767","13","791","3","0","15.71","Light Bearers"
"Special Forces","3010","Special Forces","1936020","15780","1703","3","54","3","0","122.69","Special Forces"
"The Godfather: The Game","3011","The Godfather: The Game","1934160","48120","1862","2","127","3","0","40.19","The Godfather: The Game"
"Freedom Planet","3012","Freedom Planet","1926600","177000","3824","6","507","3","0","10.88","Freedom Planet"
"Forza Horizon 2","3013","Forza Horizon 2","1926420","1151520","573","55","7755","3","2","1.67","Forza Horizon 2"
"Punch-Out!!","3014","Punch-Out!!","1926240","85800","4927","3","335","3","0","22.45","Punch-Out!!"
"FIFA Street","3015","FIFA Street","1924560","10620","5738","2","51","3","0","181.22","FIFA Street"
"Gothic II","3016","Gothic II","1924320","234360","540","6","344","3","0","8.21","Gothic II"
"Hunt","3017","Hunt","1923120","87600","3769","7","549","3","0","21.95","Hunt"
"Double Dragon","3018","Double Dragon","1921560","64680","104990","11","278","3","0","29.71","Double Dragon"
"Nova Flow","3019","Nova Flow","1920780","8160","16117","4","31","3","0","235.39","Nova Flow"
"Bad Mojo","3020","Bad Mojo","1918620","2940","7485","2","7","3","0","652.59","Bad Mojo"
"I Have No Mouth, and I Must Scream","3021","I Have No Mouth, and I Must Scream","1916940","70140","2569","5","207","3","0","27.33","I Have No Mouth, and I Must Scream"
"Wargame: Red Dragon","3022","Wargame: Red Dragon","1916520","304320","384","7","723","3","0","6.3","Wargame: Red Dragon"
"Heroes of Might and Magic IV","3023","Heroes of Might and Magic IV","1916100","150480","3036","4","148","3","0","12.73","Heroes of Might and Magic IV"
"Border Break: Sega Network Robot Wars","3024","Border Break: Sega Network Robot Wars","1914840","116880","2133","18","207","3","0","16.38","Border Break: Sega Network Robot Wars"
"Pocket Mirror","3025","Pocket Mirror","1914300","56100","2539","3","138","3","0","34.12","Pocket Mirror"
"Grandia","3026","Grandia","1913460","230040","765","6","206","3","0","8.32","Grandia"
"Westerado: Double Barreled","3027","Westerado: Double Barreled","1912440","32820","12416","3","205","3","0","58.27","Westerado: Double Barreled"
"The 7th Saga","3028","The 7th Saga","1908780","65760","1197","3","58","3","0","29.03","The 7th Saga"
"Might and Magic: Heroes VII","3029","Might and Magic: Heroes VII","1907940","115680","1869","5","309","3","0","16.49","Might and Magic: Heroes VII"
"Game of Thrones","3030","Game of Thrones","1907880","340800","2759","8","1109","3","0","5.6","Game of Thrones"
"Orwell","3031","Orwell","1903560","253560","1851","19","1419","3","0","7.51","Orwell"
"Gravity Rush 2","3032","Gravity Rush 2","1902780","316740","550","13","1962","3","0","6.01","Gravity Rush 2"
"WipEout XL","3033","WipEout XL","1898700","8640","3525","11","29","3","0","219.76","WipEout XL"
"Serious Sam HD: The Second Encounter","3034","Serious Sam HD: The Second Encounter","1896720","141960","3754","4","588","3","0","13.36","Serious Sam HD: The Second Encounter"
"Epistory","3035","Epistory","1893540","135600","7608","6","575","3","0","13.96","Epistory"
"The Getaway: Black Monday","3036","The Getaway: Black Monday","1887180","4080","4348","3","18","3","0","462.54","The Getaway: Black Monday"
"The Cave","3037","The Cave","1887000","83400","4568","4","331","3","0","22.63","The Cave"
"PRICE","3038","PRICE","1886220","28800","6444","2","213","3","0","65.49","PRICE"
"Camelot Unchained","3039","Camelot Unchained","1885620","43080","1245","3","45","3","0","43.77","Camelot Unchained"
"Yoshi's Story","3040","Yoshi's Story","1885320","130560","2374","4","346","3","0","14.44","Yoshi's Story"
"Catan","3041","Catan","1882380","31200","6951","4","154","3","0","60.33","Catan"
"CASE: Animatronics","3042","CASE: Animatronics","1881480","78000","4618","7","595","3","0","24.12","CASE: Animatronics"
"Total Extreme Wrestling 2016","3043","Total Extreme Wrestling 2016","1879560","211800","1375","4","137","3","0","8.87","Total Extreme Wrestling 2016"
"Seiken Densetsu 3","3044","Seiken Densetsu 3","1876800","149340","4422","5","199","3","0","12.57","Seiken Densetsu 3"
"Batman","3045","Batman","1876440","1076760","1004","54","5839","3","2","1.74","Batman"
"Last Will","3046","Last Will","1875120","18660","7457","4","76","3","0","100.49","Last Will"
"Potato Thriller","3047","Potato Thriller","1874100","19920","11500","4","129","3","0","94.08","Potato Thriller"
"Jet Grind Radio","3048","Jet Grind Radio","1872660","199140","1741","5","915","3","0","9.4","Jet Grind Radio"
"Avalon","3049","Avalon","1871160","5460","7881","6","24","3","0","342.7","Avalon"
"Live a Live","3050","Live a Live","1869720","233100","1042","4","142","3","0","8.02","Live a Live"
"Riders of Icarus","3051","Riders of Icarus","1869720","460440","918","8","929","3","0","4.06","Riders of Icarus"
"Judgement Silversword: Rebirth Edition","3052","Judgement Silversword: Rebirth Edition","1867440","2400","6719","1","10","3","0","778.1","Judgement Silversword: Rebirth Edition"
"Knack","3053","Knack","1865700","814980","1050","41","3974","3","1","2.29","Knack"
"Lamplight City","3054","Lamplight City","1862640","32460","1834","5","85","3","0","57.38","Lamplight City"
"Gears of War 2","3055","Gears of War 2","1861800","463320","1786","9","1275","3","0","4.02","Gears of War 2"
"The Lord of the Rings: The Battle for Middle-earth II","3056","The Lord of the Rings: The Battle for Middle-earth II","1861140","146580","1080","4","316","3","0","12.7","The Lord of the Rings: The Battle for Middle-earth II"
"Yakuza 2","3057","Yakuza 2","1860300","66240","1341","3","99","3","0","28.08","Yakuza 2"
"Monster Hunter Online","3058","Monster Hunter Online","1859760","245640","821","7","473","3","0","7.57","Monster Hunter Online"
"Hammerwatch","3059","Hammerwatch","1859220","191880","1401","6","850","3","0","9.69","Hammerwatch"
"Game Dev Studio","3060","Game Dev Studio","1853760","41400","13502","6","139","3","0","44.78","Game Dev Studio"
"Puyo Puyo Champions","3061","Puyo Puyo Champions","1850400","76140","2041","9","157","3","0","24.3","Puyo Puyo Champions"
"Arcanum: Of Steamworks & Magick Obscura","3062","Arcanum: Of Steamworks & Magick Obscura","1847220","130380","904","3","194","3","0","14.17","Arcanum: Of Steamworks & Magick Obscura"
"Mega Man X8","3063","Mega Man X8","1847160","90120","6213","4","269","3","0","20.5","Mega Man X8"
"Opus Magnum","3064","Opus Magnum","1846560","152100","3449","5","567","3","0","12.14","Opus Magnum"
"Tales of the Tempest","3065","Tales of the Tempest","1845600","3300","30630","1","7","3","0","559.27","Tales of the Tempest"
"Batman Forever","3066","Batman Forever","1844640","7740","6151","5","36","3","0","238.33","Batman Forever"
"Convoy","3067","Convoy","1844400","22020","14615","2","92","3","0","83.76","Convoy"
"Elo Hell","3068","Elo Hell","1843980","4080","5178","2","40","3","0","451.96","Elo Hell"
"Alex Kidd: The Lost Stars","3069","Alex Kidd: The Lost Stars","1842720","9120","847","4","16","3","0","202.05","Alex Kidd: The Lost Stars"
"Friday the 13th","3070","Friday the 13th","1840740","114780","18282","11","725","3","0","16.04","Friday the 13th"
"Force Of Nature","3071","Force Of Nature","1840320","172380","8512","5","466","3","0","10.68","Force Of Nature"
"Dragon Quest VI: Realms of Revelation","3072","Dragon Quest VI: Realms of Revelation","1839840","94260","973","4","55","3","0","19.52","Dragon Quest VI: Realms of Revelation"
"Dead or Alive 3","3073","Dead or Alive 3","1837560","2580","7755","1","15","3","0","712.23","Dead or Alive 3"
"Klonoa: Door to Phantomile","3074","Klonoa: Door to Phantomile","1836420","107820","5413","4","207","3","0","17.03","Klonoa: Door to Phantomile"
"Spider-Man: Web of Shadows","3075","Spider-Man: Web of Shadows","1836120","65880","3637","4","279","3","0","27.87","Spider-Man: Web of Shadows"
"KartKraft","3076","KartKraft","1834080","12960","26046","6","91","3","0","141.52","KartKraft"
"JSRF: Jet Set Radio Future","3077","JSRF: Jet Set Radio Future","1832520","198180","1324","4","369","3","0","9.25","JSRF: Jet Set Radio Future"
"Killer is Dead","3078","Killer is Dead","1832400","236640","1209","6","911","3","0","7.74","Killer is Dead"
"Sonic Adventure","3079","Sonic Adventure","1829580","229080","1427","5","949","3","0","7.99","Sonic Adventure"
"Drunkn Bar Fight","3080","Drunkn Bar Fight","1827840","33960","7262","3","585","3","0","53.82","Drunkn Bar Fight"
"Ape Escape","3081","Ape Escape","1827480","139500","1899","4","345","3","0","13.1","Ape Escape"
"Fatal Frame III: The Tormented","3082","Fatal Frame III: The Tormented","1824840","168480","306","5","249","3","0","10.83","Fatal Frame III: The Tormented"
"Blade & Sorcery","3083","Blade & Sorcery","1824540","54600","3132","17","502","3","0","33.42","Blade & Sorcery"
"Call of Juarez: Gunslinger","3084","Call of Juarez: Gunslinger","1823340","181380","1275","6","950","3","0","10.05","Call of Juarez: Gunslinger"
"Odin Sphere","3085","Odin Sphere","1821660","26040","1936","2","66","3","0","69.96","Odin Sphere"
"Star Wars: The Force Unleashed","3086","Star Wars: The Force Unleashed","1821240","328320","1548","30","1539","3","0","5.55","Star Wars: The Force Unleashed"
"ReCore","3087","ReCore","1821000","447780","2782","11","2040","3","0","4.07","ReCore"
"Killing Room","3088","Killing Room","1819380","125100","6408","3","707","3","0","14.54","Killing Room"
"No More Heroes","3089","No More Heroes","1819140","73620","887","3","134","3","0","24.71","No More Heroes"
"Burnout Revenge","3090","Burnout Revenge","1818420","83520","6415","4","386","3","0","21.77","Burnout Revenge"
"The Emperor's New Groove","3091","The Emperor's New Groove","1816980","10020","5069","2","33","3","0","181.34","The Emperor's New Groove"
"WTF: Work Time Fun","3092","WTF: Work Time Fun","1813500","4800","9213","2","25","3","0","377.81","WTF: Work Time Fun"
"Harry Potter and the Deathly Hallows: Part 2","3093","Harry Potter and the Deathly Hallows: Part 2","1811100","16620","4560","2","66","3","0","108.97","Harry Potter and the Deathly Hallows: Part 2"
"Power Stone 2","3094","Power Stone 2","1810140","18540","7551","2","71","3","0","97.63","Power Stone 2"
"Bit Heroes","3095","Bit Heroes","1805940","271440","189","9","398","3","0","6.65","Bit Heroes"
"Rayman Raving Rabbids","3096","Rayman Raving Rabbids","1804440","17700","9752","2","76","3","0","101.95","Rayman Raving Rabbids"
"Echo","3097","Echo","1803840","130020","3102","5","493","3","0","13.87","Echo"
"Pet the Pup at the Party","3098","Pet the Pup at the Party","1802280","17940","97058","8","94","3","0","100.46","Pet the Pup at the Party"
"Let's Sing 2016","3099","Let's Sing 2016","1802280","7080","13200","2","43","3","0","254.56","Let's Sing 2016"
"Bombslinger","3100","Bombslinger","1798200","6600","16136","4","46","3","0","272.45","Bombslinger"