"","","Game","Watch time","Stream time","Peak viewers","Peak channels","Streamers","Average viewers","Average channels","Average viewer ratio",""
"WWE 2K19","401","WWE 2K19","63583260","4451220","33453","228","8463","120","8","14.28","WWE 2K19"
"Worlds Adrift","402","Worlds Adrift","63320160","2640540","31664","53","3187","120","5","23.98","Worlds Adrift"
"The Legend of Zelda","403","The Legend of Zelda","63182280","2350320","132544","42","2539","120","4","26.88","The Legend of Zelda"
"Business Tour","404","Business Tour","62998320","2324580","20759","41","16451","119","4","27.1","Business Tour"
"Pro Evolution Soccer 2019","405","Pro Evolution Soccer 2019","62583480","3985740","26019","158","7356","119","7","15.7","Pro Evolution Soccer 2019"
"Modern Warfare 2","406","Modern Warfare 2","61946100","5472480","22894","247","26047","117","10","11.32","Modern Warfare 2"
"Resident Evil 3: Nemesis","407","Resident Evil 3: Nemesis","61784760","1432320","125375","21","2295","117","2","43.14","Resident Evil 3: Nemesis"
"Squad","408","Squad","61500240","7481220","5954","97","14467","117","14","8.22","Squad"
"Little Nightmares","409","Little Nightmares","61499580","2933820","27187","68","13914","117","5","20.96","Little Nightmares"
"Grand Theft Auto IV","410","Grand Theft Auto IV","61353960","1646400","20455","17","5049","116","3","37.27","Grand Theft Auto IV"
"Green Hell","411","Green Hell","61222380","1106940","32746","50","3390","116","2","55.31","Green Hell"
"Fire Emblem Mobile","412","Fire Emblem Mobile","60710700","1474380","2854","40","1413","115","2","41.18","Fire Emblem Mobile"
"Witch It","413","Witch It","60504840","454620","46904","23","2629","115","0","133.09","Witch It"
"Death's Gambit","414","Death's Gambit","60146100","1240680","36456","202","3827","114","2","48.48","Death's Gambit"
"Destiny","415","Destiny","60095400","12269820","17868","107","31781","114","23","4.9","Destiny"
"GeoGuessr","416","GeoGuessr","60069180","852720","26129","13","3428","114","1","70.44","GeoGuessr"
"Pokémon Black/White Version 2","417","Pokémon Black/White Version 2","59617560","643440","158081","15","1746","113","1","92.65","Pokémon Black/White Version 2"
"Pokémon Trading Card Game Online","418","Pokémon Trading Card Game Online","59492340","4282440","13027","29","6278","113","8","13.89","Pokémon Trading Card Game Online"
"Kantai Collection","419","Kantai Collection","59389800","4501320","6495","75","1750","113","8","13.19","Kantai Collection"
"Kenshi","420","Kenshi","59099760","1621200","19404","41","1999","112","3","36.45","Kenshi"
"Pokémon Emerald","421","Pokémon Emerald","58951080","2877480","6871","26","6547","112","5","20.49","Pokémon Emerald"
"Yakuza Kiwami","422","Yakuza Kiwami","58609440","2788800","15575","58","6956","111","5","21.02","Yakuza Kiwami"
"PC Building Simulator","423","PC Building Simulator","58512960","2007480","45622","110","8623","111","3","29.15","PC Building Simulator"
"Pokémon FireRed/LeafGreen","424","Pokémon FireRed/LeafGreen","58211280","4196280","13846","73","9568","110","7","13.87","Pokémon FireRed/LeafGreen"
"Northgard","425","Northgard","58155900","2464260","28378","43","6651","110","4","23.6","Northgard"
"Life Is Strange 2","426","Life Is Strange 2","57599880","1377000","49183","359","6829","109","2","41.83","Life Is Strange 2"
"Blood Bowl 2","427","Blood Bowl 2","57372660","3164880","3451","27","2428","109","6","18.13","Blood Bowl 2"
"Killing Floor 2","428","Killing Floor 2","57358800","11622660","24378","86","35515","109","22","4.94","Killing Floor 2"
"Final Fantasy IX","429","Final Fantasy IX","57290280","4383840","20547","28","5822","109","8","13.07","Final Fantasy IX"
"Heavy Rain","430","Heavy Rain","57249960","1686480","19826","62","10735","108","3","33.95","Heavy Rain"
"BioShock","431","BioShock","57033120","4035240","25273","36","13568","108","7","14.13","BioShock"
"Payday 2","432","Payday 2","56803740","11299920","13487","78","36176","108","21","5.03","Payday 2"
"Pokémon Red/Blue","433","Pokémon Red/Blue","56458380","2874360","10336","25","5025","107","5","19.64","Pokémon Red/Blue"
"Resident Evil","434","Resident Evil","56378220","2575080","11957","29","8228","107","4","21.89","Resident Evil"
"Dungeon Hunter Champions","435","Dungeon Hunter Champions","56330280","1326060","21603","24","1012","107","2","42.48","Dungeon Hunter Champions"
"Albion Online","436","Albion Online","55952340","3692880","4108","42","3542","106","7","15.15","Albion Online"
"We Were Here Too","437","We Were Here Too","55632540","967500","39122","47","4269","105","1","57.5","We Were Here Too"
"The Legend of Zelda: Skyward Sword","438","The Legend of Zelda: Skyward Sword","55570440","767040","107015","17","835","105","1","72.45","The Legend of Zelda: Skyward Sword"
"Ashen","439","Ashen","55346520","918000","41773","76","3322","105","1","60.29","Ashen"
"Donkey Kong Country: Tropical Freeze","440","Donkey Kong Country: Tropical Freeze","55067940","911760","68273","74","2535","104","1","60.4","Donkey Kong Country: Tropical Freeze"
"Grim Dawn","441","Grim Dawn","54746820","4514820","16975","37","5914","104","8","12.13","Grim Dawn"
"Life Is Strange: Before the Storm","442","Life Is Strange: Before the Storm","54680940","4594740","17865","164","14097","104","8","11.9","Life Is Strange: Before the Storm"
"Final Fantasy X/X-2 HD Remaster","443","Final Fantasy X/X-2 HD Remaster","54655200","8306340","5278","43","11125","103","15","6.58","Final Fantasy X/X-2 HD Remaster"
"NHL 19","444","NHL 19","54580440","3371160","6516","110","9936","103","6","16.19","NHL 19"
"Baldi's Basics in Education and Learning","445","Baldi's Basics in Education and Learning","54335640","327660","38533","15","2604","103","0","165.83","Baldi's Basics in Education and Learning"
"Tomb Raider","446","Tomb Raider","54052560","5732220","112845","41","16527","102","10","9.43","Tomb Raider"
"S.T.A.L.K.E.R.: Shadow of Chernobyl","447","S.T.A.L.K.E.R.: Shadow of Chernobyl","54009540","2677440","18088","26","5594","102","5","20.17","S.T.A.L.K.E.R.: Shadow of Chernobyl"
"Might & Magic: Elemental Guardians","448","Might & Magic: Elemental Guardians","53938260","1091040","4769","21","791","102","2","49.44","Might & Magic: Elemental Guardians"
"The Evil Within","449","The Evil Within","53708400","4655580","8258","58","11265","102","8","11.54","The Evil Within"
"skribbl.io","450","skribbl.io","53708280","2042400","32865","30","16779","102","3","26.3","skribbl.io"
"Battle Brothers","451","Battle Brothers","53371200","1370220","17619","27","1022","101","2","38.95","Battle Brothers"
"The Simpsons: Hit & Run","452","The Simpsons: Hit & Run","53045880","670980","125675","16","1466","100","1","79.06","The Simpsons: Hit & Run"
"Yakuza 6: The Song of Life","453","Yakuza 6: The Song of Life","52860480","2342940","16564","207","4079","100","4","22.56","Yakuza 6: The Song of Life"
"The Bard's Tale IV","454","The Bard's Tale IV","52772640","340320","20574","57","516","100","0","155.07","The Bard's Tale IV"
"Marvel vs. Capcom Infinite","455","Marvel vs. Capcom Infinite","52709340","686220","14383","15","3433","100","1","76.81","Marvel vs. Capcom Infinite"
"Just Dance 2019","456","Just Dance 2019","52517760","456780","35704","22","1237","99","0","114.97","Just Dance 2019"
"Crusader Kings II","457","Crusader Kings II","52448280","2678640","8759","60","4317","99","5","19.58","Crusader Kings II"
"DragonBall Z: Dokkan Battle","458","DragonBall Z: Dokkan Battle","52446000","2845680","10834","51","2999","99","5","18.43","DragonBall Z: Dokkan Battle"
"World War 3","459","World War 3","52396980","2113320","26385","234","5780","99","4","24.79","World War 3"
"Deep Rock Galactic","460","Deep Rock Galactic","52376160","3002580","50328","97","9812","99","5","17.44","Deep Rock Galactic"
"X4: Foundations","461","X4: Foundations","52273680","964860","19232","134","1315","99","1","54.18","X4: Foundations"
"Tower Unite","462","Tower Unite","52020480","440940","26042","10","2112","98","0","117.98","Tower Unite"
"Yakuza 3","463","Yakuza 3","51950400","363240","14737","50","320","98","0","143.02","Yakuza 3"
"Sid Meier's Civilization VI: Rise & Fall","464","Sid Meier's Civilization VI: Rise & Fall","51655260","1980240","16366","65","2600","98","3","26.09","Sid Meier's Civilization VI: Rise & Fall"
"Paper Mario","465","Paper Mario","51296400","1244400","137379","42","1862","97","2","41.22","Paper Mario"
"NHL 17","466","NHL 17","50826420","555660","716","8","1197","96","1","91.47","NHL 17"
"Black Survival","467","Black Survival","50730000","2240880","1367","21","1449","96","4","22.64","Black Survival"
"I Wanna Be The Guy","468","I Wanna Be The Guy","50595900","2433000","10978","19","1342","96","4","20.8","I Wanna Be The Guy"
"Metal Gear Solid","469","Metal Gear Solid","50394840","928320","149896","11","2159","95","1","54.29","Metal Gear Solid"
"60 Seconds!","470","60 Seconds!","50217600","441480","32289","13","3210","95","0","113.75","60 Seconds!"
"Epic Seven","471","Epic Seven","49959360","1521780","2341","56","1290","95","2","32.83","Epic Seven"
"For the King","472","For the King","49771380","2306280","30372","53","5685","94","4","21.58","For the King"
"Bully: Scholarship Edition","473","Bully: Scholarship Edition","49690740","637260","23781","12","2387","94","1","77.98","Bully: Scholarship Edition"
"Final Fantasy X","474","Final Fantasy X","49555260","1252860","7904","20","2186","94","2","39.55","Final Fantasy X"
"The Walking Dead","475","The Walking Dead","49233180","3388680","6159","39","9984","93","6","14.53","The Walking Dead"
"Trash","476","Trash","49169760","217860","10917","8","743","93","0","225.69","Trash"
"Clash of Clans","477","Clash of Clans","49167780","3616200","2281","24","5563","93","6","13.6","Clash of Clans"
"Final Fantasy VIII","478","Final Fantasy VIII","49064160","2808540","14225","20","3261","93","5","17.47","Final Fantasy VIII"
"NHL 18","479","NHL 18","49050060","3552300","27854","62","13526","93","6","13.81","NHL 18"
"Trials Fusion","480","Trials Fusion","48915780","2514120","31407","45","8206","93","4","19.46","Trials Fusion"
"Space Engineers","481","Space Engineers","48847740","4913100","9940","49","7470","92","9","9.94","Space Engineers"
"Amnesia: The Dark Descent","482","Amnesia: The Dark Descent","48823320","3189120","21101","133","16651","92","6","15.31","Amnesia: The Dark Descent"
"Call of Duty: Black Ops II","483","Call of Duty: Black Ops II","48133980","8786400","23562","51","25691","91","16","5.48","Call of Duty: Black Ops II"
"Cyberpunk 2077","484","Cyberpunk 2077","48046200","67500","453069","226","515","91","0","711.8","Cyberpunk 2077"
"PlanetSide 2","485","PlanetSide 2","48038820","5984760","8588","46","10241","91","11","8.03","PlanetSide 2"
"Miscreated","486","Miscreated","48030060","3930780","33519","111","6913","91","7","12.22","Miscreated"
"Pokémon Platinum","487","Pokémon Platinum","47922360","1511640","16187","16","3541","91","2","31.7","Pokémon Platinum"
"Town of Salem","488","Town of Salem","47690760","3394500","44307","30","13409","90","6","14.05","Town of Salem"
"Domina","489","Domina","47360340","655800","21706","11","2582","90","1","72.22","Domina"
"CrossCode","490","CrossCode","47322480","1424520","23714","54","2538","90","2","33.22","CrossCode"
"IRONSIGHT","491","IRONSIGHT","47281740","7234140","33841","93","21820","89","13","6.54","IRONSIGHT"
"Banjo-Kazooie","492","Banjo-Kazooie","47024580","1811520","4326","22","3130","89","3","25.96","Banjo-Kazooie"
"Borderlands: The Pre-Sequel!","493","Borderlands: The Pre-Sequel!","46975680","2268780","105766","20","7714","89","4","20.71","Borderlands: The Pre-Sequel!"
"XCOM 2","494","XCOM 2","46892400","5162460","8938","88","12335","89","9","9.08","XCOM 2"
"Pokémon Crystal","495","Pokémon Crystal","46529460","1870440","20491","24","3203","88","3","24.88","Pokémon Crystal"
"Naruto to Boruto: Shinobi Striker","496","Naruto to Boruto: Shinobi Striker","46353720","5739360","14073","406","14496","88","10","8.08","Naruto to Boruto: Shinobi Striker"
"Geometry Dash","497","Geometry Dash","46344360","6942720","12828","44","16892","88","13","6.68","Geometry Dash"
"Identity V","498","Identity V","46226760","2012100","28513","34","3239","87","3","22.97","Identity V"
"The King of Fighters '98: The Slugfest","499","The King of Fighters '98: The Slugfest","46168680","286380","8452","8","400","87","0","161.21","The King of Fighters '98: The Slugfest"
"Titanfall 2","500","Titanfall 2","46128060","7248000","56345","51","32843","87","13","6.36","Titanfall 2"