"","","Game","Watch time","Stream time","Peak viewers","Peak channels","Streamers","Average viewers","Average channels","Average viewer ratio",""
"Strategy Games","6101","Strategy Games","337380","101280","1365","4","246","0","0","3.33","Strategy Games"
"Syvalion","6102","Syvalion","337320","480","2426","2","5","0","0","702.75","Syvalion"
"Testament","6103","Testament","337260","3480","3101","1","23","0","0","96.91","Testament"
"Turbo Dismount","6104","Turbo Dismount","336960","17520","1675","2","148","0","0","19.23","Turbo Dismount"
"Ratchet & Clank Future: Quest for Booty","6105","Ratchet & Clank Future: Quest for Booty","336900","12360","1926","2","46","0","0","27.26","Ratchet & Clank Future: Quest for Booty"
"Task Force","6106","Task Force","336840","27840","671","6","53","0","0","12.1","Task Force"
"Valheim","6107","Valheim","336300","19560","513","4","75","0","0","17.19","Valheim"
"Virus","6108","Virus","335940","900","4037","1","9","0","0","373.27","Virus"
"The Dark Heart of Uukrul","6109","The Dark Heart of Uukrul","335640","3300","223","1","1","0","0","101.71","The Dark Heart of Uukrul"
"Muse Dash","6110","Muse Dash","335640","9120","1050","2","49","0","0","36.8","Muse Dash"
"LEGO Marvel's Avengers","6111","LEGO Marvel's Avengers","335460","197100","126","4","834","0","0","1.7","LEGO Marvel's Avengers"
"Faith","6112","Faith","335280","20460","442","3","118","0","0","16.39","Faith"
"Spider-Man 2: Enter Electro","6113","Spider-Man 2: Enter Electro","335160","25740","608","2","89","0","0","13.02","Spider-Man 2: Enter Electro"
"Romance of the Three Kingdoms VIII","6114","Romance of the Three Kingdoms VIII","335160","19200","253","3","18","0","0","17.46","Romance of the Three Kingdoms VIII"
"Texas Hold 'Em Poker","6115","Texas Hold 'Em Poker","335160","164280","696","4","292","0","0","2.04","Texas Hold 'Em Poker"
"Tom Clancy's Splinter Cell: Double Agent","6116","Tom Clancy's Splinter Cell: Double Agent","334860","56460","231","4","179","0","0","5.93","Tom Clancy's Splinter Cell: Double Agent"
"BloodRayne","6117","BloodRayne","334800","37440","998","3","119","0","0","8.94","BloodRayne"
"Shank 2","6118","Shank 2","334680","23820","1520","2","131","0","0","14.05","Shank 2"
"Thor","6119","Thor","334560","2580","5497","1","13","0","0","129.67","Thor"
"Nostalgic Train","6120","Nostalgic Train","334560","9600","603","4","45","0","0","34.85","Nostalgic Train"
"Initial D Arcade Stage 7 AAX","6121","Initial D Arcade Stage 7 AAX","334320","94620","369","4","291","0","0","3.53","Initial D Arcade Stage 7 AAX"
"Advance Wars: Days of Ruin","6122","Advance Wars: Days of Ruin","334200","27360","1770","2","36","0","0","12.21","Advance Wars: Days of Ruin"
"Jump Ultimate Stars","6123","Jump Ultimate Stars","333780","14400","1374","2","115","0","0","23.18","Jump Ultimate Stars"
"Trüberbrook","6124","Trüberbrook","333540","180","2610","1","1","0","0","1853","Trüberbrook"
"Yu-Gi-Oh! GX Tag Force 2","6125","Yu-Gi-Oh! GX Tag Force 2","333060","9900","1242","2","34","0","0","33.64","Yu-Gi-Oh! GX Tag Force 2"
"Runaway: A Road Adventure","6126","Runaway: A Road Adventure","332940","20940","280","2","46","0","0","15.9","Runaway: A Road Adventure"
"Dual Universe","6127","Dual Universe","332880","3300","2792","1","9","0","0","100.87","Dual Universe"
"Magic Knight Rayearth","6128","Magic Knight Rayearth","332580","17940","963","2","26","0","0","18.54","Magic Knight Rayearth"
"Bomberman 64: The Second Attack","6129","Bomberman 64: The Second Attack","332460","16140","699","2","49","0","0","20.6","Bomberman 64: The Second Attack"
"Guardian Heroes","6130","Guardian Heroes","332340","7020","1509","1","31","0","0","47.34","Guardian Heroes"
"Alchemy","6131","Alchemy","332280","420","1450","1","2","0","0","791.14","Alchemy"
"Dex","6132","Dex","332100","66540","149","3","200","0","0","4.99","Dex"
"Wangan Midnight Maximum Tune 5","6133","Wangan Midnight Maximum Tune 5","331920","86280","70","3","159","0","0","3.85","Wangan Midnight Maximum Tune 5"
"Aerobiz Supersonic","6134","Aerobiz Supersonic","331440","4860","1092","1","19","0","0","68.2","Aerobiz Supersonic"
"Metal Gear Solid: Snake Eater 3D","6135","Metal Gear Solid: Snake Eater 3D","331440","2520","1841","1","17","0","0","131.52","Metal Gear Solid: Snake Eater 3D"
"Mushihime-Sama","6136","Mushihime-Sama","331380","45840","3415","3","134","0","0","7.23","Mushihime-Sama"
"Runaway 2: The Dream of the Turtle","6137","Runaway 2: The Dream of the Turtle","331080","17160","310","2","24","0","0","19.29","Runaway 2: The Dream of the Turtle"
"Red Faction","6138","Red Faction","331020","118620","256","4","394","0","0","2.79","Red Faction"
"The Void Rains Upon Her Heart","6139","The Void Rains Upon Her Heart","331020","22860","457","6","71","0","0","14.48","The Void Rains Upon Her Heart"
"KurtzPel","6140","KurtzPel","331020","10080","2851","16","63","0","0","32.84","KurtzPel"
"The Tempura of the Dead","6141","The Tempura of the Dead","330780","300","1865","1","2","0","0","1102.6","The Tempura of the Dead"
"Mermaid Swamp","6142","Mermaid Swamp","330780","17460","436","3","74","0","0","18.95","Mermaid Swamp"
"Saints Row: Gat Out of Hell","6143","Saints Row: Gat Out of Hell","330720","205980","57","5","1061","0","0","1.61","Saints Row: Gat Out of Hell"
"Liftoff","6144","Liftoff","330540","154740","54","5","429","0","0","2.14","Liftoff"
"Wadanohara and the Great Blue Sea","6145","Wadanohara and the Great Blue Sea","330480","31920","922","3","94","0","0","10.35","Wadanohara and the Great Blue Sea"
"Broken Reality","6146","Broken Reality","330180","13860","496","4","48","0","0","23.82","Broken Reality"
"Factory Town","6147","Factory Town","330180","18540","805","3","54","0","0","17.81","Factory Town"
"Tormentum: Dark Sorrow","6148","Tormentum: Dark Sorrow","330120","27060","555","2","101","0","0","12.2","Tormentum: Dark Sorrow"
"Dream","6149","Dream","330120","14640","615","2","53","0","0","22.55","Dream"
"Qanga","6150","Qanga","330060","19800","653","9","60","0","0","16.67","Qanga"
"Kelvin and the Infamous Machine","6151","Kelvin and the Infamous Machine","329880","24900","428","2","86","0","0","13.25","Kelvin and the Infamous Machine"
"NBA 2K15","6152","NBA 2K15","329820","118980","404","4","435","0","0","2.77","NBA 2K15"
"Party Hard Tycoon","6153","Party Hard Tycoon","329700","10080","1166","3","60","0","0","32.71","Party Hard Tycoon"
"Ninja Gaiden 3","6154","Ninja Gaiden 3","329700","7740","1867","1","29","0","0","42.6","Ninja Gaiden 3"
"Rebelstar: Tactical Command","6155","Rebelstar: Tactical Command","329580","1920","301","1","3","0","0","171.66","Rebelstar: Tactical Command"
"Ao Oni","6156","Ao Oni","329460","40500","571","3","192","0","0","8.13","Ao Oni"
"Dai Gyakuten Saiban 2: Naruhodo Ryunosuke no Kakugo","6157","Dai Gyakuten Saiban 2: Naruhodo Ryunosuke no Kakugo","329460","11040","164","1","7","0","0","29.84","Dai Gyakuten Saiban 2: Naruhodo Ryunosuke no Kakugo"
"Umineko When They Cry: Question Arcs","6158","Umineko When They Cry: Question Arcs","329400","57480","49","3","48","0","0","5.73","Umineko When They Cry: Question Arcs"
"Blade of Darkness","6159","Blade of Darkness","329340","58200","464","3","97","0","0","5.66","Blade of Darkness"
"Ys: The Ark of Napishtim","6160","Ys: The Ark of Napishtim","329160","56040","126","3","108","0","0","5.87","Ys: The Ark of Napishtim"
"Arthur's Reading Games","6161","Arthur's Reading Games","329040","900","924","1","4","0","0","365.6","Arthur's Reading Games"
"Pool","6162","Pool","328860","63840","3014","4","177","0","0","5.15","Pool"
"SoulHunt","6163","SoulHunt","328860","1500","6932","4","16","0","0","219.24","SoulHunt"
"UFC: Throwdown","6164","UFC: Throwdown","328680","8340","1849","4","38","0","0","39.41","UFC: Throwdown"
"Anstoß 3","6165","Anstoß 3","328560","4560","432","1","8","0","0","72.05","Anstoß 3"
"Mobile Suit Gundam Extreme VS. Full Boost","6166","Mobile Suit Gundam Extreme VS. Full Boost","328260","63180","66","4","70","0","0","5.2","Mobile Suit Gundam Extreme VS. Full Boost"
"Crystar","6167","Crystar","328260","83760","69","12","106","0","0","3.92","Crystar"
"John Romero's Daikatana","6168","John Romero's Daikatana","328200","18540","724","2","48","0","0","17.7","John Romero's Daikatana"
"BalanCity","6169","BalanCity","328140","15780","1285","2","96","0","0","20.79","BalanCity"
"Shaman King: Master of Spirits 2","6170","Shaman King: Master of Spirits 2","328080","2340","920","1","10","0","0","140.21","Shaman King: Master of Spirits 2"
"Phantasy Star","6171","Phantasy Star","327900","45600","309","6","99","0","0","7.19","Phantasy Star"
"Picross Touch","6172","Picross Touch","327900","38460","379","2","100","0","0","8.53","Picross Touch"
"Gradius III","6173","Gradius III","327720","25380","1995","2","104","0","0","12.91","Gradius III"
"The Adventures of Little Red Riding Hood","6174","The Adventures of Little Red Riding Hood","327660","540","1451","1","2","0","0","606.78","The Adventures of Little Red Riding Hood"
"Hey You, Pikachu!","6175","Hey You, Pikachu!","327600","15420","1531","2","52","0","0","21.25","Hey You, Pikachu!"
"Tanks A Lot","6176","Tanks A Lot","327360","6600","294","2","47","0","0","49.6","Tanks A Lot"
"Betrayer","6177","Betrayer","327240","48300","339","3","221","0","0","6.78","Betrayer"
"Wuxing Master","6178","Wuxing Master","327180","5520","556","5","15","0","0","59.27","Wuxing Master"
"Omen of Sorrow","6179","Omen of Sorrow","326940","19140","471","5","98","0","0","17.08","Omen of Sorrow"
"Guitar Hero: Warriors of Rock","6180","Guitar Hero: Warriors of Rock","326940","71460","817","3","249","0","0","4.58","Guitar Hero: Warriors of Rock"
"EcoQuest 2: Lost Secret of the Rainforest","6181","EcoQuest 2: Lost Secret of the Rainforest","326700","1500","1571","1","6","0","0","217.8","EcoQuest 2: Lost Secret of the Rainforest"
"Snakebird","6182","Snakebird","326640","21660","490","2","87","0","0","15.08","Snakebird"
"Catz 5","6183","Catz 5","326580","1260","2769","1","9","0","0","259.19","Catz 5"
"Baten Kaitos: Eternal Wings and the Lost Ocean","6184","Baten Kaitos: Eternal Wings and the Lost Ocean","326100","98100","113","3","111","0","0","3.32","Baten Kaitos: Eternal Wings and the Lost Ocean"
"The LEGO Movie Videogame","6185","The LEGO Movie Videogame","326100","58080","522","3","311","0","0","5.61","The LEGO Movie Videogame"
"Venetica","6186","Venetica","326100","21420","2230","2","44","0","0","15.22","Venetica"
"Lichtspeer","6187","Lichtspeer","326100","8760","310","3","44","0","0","37.23","Lichtspeer"
"Road Runner's Death Valley Rally","6188","Road Runner's Death Valley Rally","326040","8220","2370","2","21","0","0","39.66","Road Runner's Death Valley Rally"
"Sublevel Zero","6189","Sublevel Zero","326040","13800","5086","2","60","0","0","23.63","Sublevel Zero"
"Numenera","6190","Numenera","325800","35940","606","3","30","0","0","9.07","Numenera"
"Kamen Rider: Climax Fighters","6191","Kamen Rider: Climax Fighters","325620","13080","1841","2","115","0","0","24.89","Kamen Rider: Climax Fighters"
"The Way","6192","The Way","325380","24480","649","2","71","0","0","13.29","The Way"
"Miasmata","6193","Miasmata","325020","15960","2029","2","59","0","0","20.36","Miasmata"
"Tom Clancy's Splinter Cell: Pandora Tomorrow","6194","Tom Clancy's Splinter Cell: Pandora Tomorrow","325020","50220","262","2","119","0","0","6.47","Tom Clancy's Splinter Cell: Pandora Tomorrow"
"Real Farm Sim","6195","Real Farm Sim","324720","10380","1184","3","66","0","0","31.28","Real Farm Sim"
"Skies of Arcadia","6196","Skies of Arcadia","324660","42780","2180","3","67","0","0","7.59","Skies of Arcadia"
"Incredible Mandy","6197","Incredible Mandy","324600","13140","2276","4","75","0","0","24.7","Incredible Mandy"
"Star Story: The Horizon Escape","6198","Star Story: The Horizon Escape","324480","2100","1372","1","12","0","0","154.51","Star Story: The Horizon Escape"
"Burnout","6199","Burnout","324360","14340","1088","2","61","0","0","22.62","Burnout"
"Boxing Legends of the Ring","6200","Boxing Legends of the Ring","324180","3600","2852","1","9","0","0","90.05","Boxing Legends of the Ring"