"","","Game","Watch time","Stream time","Peak viewers","Peak channels","Streamers","Average viewers","Average channels","Average viewer ratio",""
"Hocus Pocus","9301","Hocus Pocus","90600","13800","42","2","32","0","0","6.57","Hocus Pocus"
"Fate/Unlimited Codes","9302","Fate/Unlimited Codes","90600","9240","1138","2","37","0","0","9.81","Fate/Unlimited Codes"
"Jack Orlando: A Cinematic Adventure (Director's Cut)","9303","Jack Orlando: A Cinematic Adventure (Director's Cut)","90480","6420","147","1","21","0","0","14.09","Jack Orlando: A Cinematic Adventure (Director's Cut)"
"Space Quest 6: Roger Wilco in the Spinal Frontier","9304","Space Quest 6: Roger Wilco in the Spinal Frontier","90480","9720","175","2","25","0","0","9.31","Space Quest 6: Roger Wilco in the Spinal Frontier"
"Steel Battalion","9305","Steel Battalion","90480","5940","339","1","21","0","0","15.23","Steel Battalion"
"Dynamix","9306","Dynamix","90480","9180","76","2","35","0","0","9.86","Dynamix"
"Fossil Echo","9307","Fossil Echo","90480","5640","1366","2","14","0","0","16.04","Fossil Echo"
"DoDonPachi","9308","DoDonPachi","90420","14760","100","4","55","0","0","6.13","DoDonPachi"
"Power Blade","9309","Power Blade","90420","7980","235","3","36","0","0","11.33","Power Blade"
"Climb","9310","Climb","90360","18600","190","4","186","0","0","4.86","Climb"
"flOw","9311","flOw","90360","11040","1082","2","70","0","0","8.18","flOw"
"Cube 2: Sauerbraten","9312","Cube 2: Sauerbraten","90360","24300","173","3","96","0","0","3.72","Cube 2: Sauerbraten"
"Chaos Legion","9313","Chaos Legion","90360","20340","89","2","53","0","0","4.44","Chaos Legion"
"The Dark Inside Me","9314","The Dark Inside Me","90300","2220","1391","1","12","0","0","40.68","The Dark Inside Me"
"Lufia: Curse of the Sinistrals","9315","Lufia: Curse of the Sinistrals","90300","1140","205","1","4","0","0","79.21","Lufia: Curse of the Sinistrals"
"Return.","9316","Return.","90240","8940","890","3","119","0","0","10.09","Return."
"Army of Two","9317","Army of Two","90180","39660","117","3","464","0","0","2.27","Army of Two"
"Phantom Dust","9318","Phantom Dust","90180","30720","245","2","123","0","0","2.94","Phantom Dust"
"LEGO Island","9319","LEGO Island","90120","6060","490","2","47","0","0","14.87","LEGO Island"
"Tribes Ascend","9320","Tribes Ascend","90060","60780","460","2","165","0","0","1.48","Tribes Ascend"
"Name That Tune","9321","Name That Tune","90060","25020","431","1","8","0","0","3.6","Name That Tune"
"Back to Bed","9322","Back to Bed","90000","18120","515","2","151","0","0","4.97","Back to Bed"
"Micro Machines V3","9323","Micro Machines V3","89940","1620","1501","1","13","0","0","55.52","Micro Machines V3"
"Ball","9324","Ball","89940","9240","315","1","8","0","0","9.73","Ball"
"Ankh: Heart of Osiris","9325","Ankh: Heart of Osiris","89940","3300","100","1","5","0","0","27.25","Ankh: Heart of Osiris"
"Futurama","9326","Futurama","89880","17760","115","2","52","0","0","5.06","Futurama"
"Shivers","9327","Shivers","89880","21960","204","3","34","0","0","4.09","Shivers"
"Aim Lab","9328","Aim Lab","89880","32820","136","3","198","0","0","2.74","Aim Lab"
"Car Demolition Clicker","9329","Car Demolition Clicker","89820","1140","459","2","9","0","0","78.79","Car Demolition Clicker"
"NHL 2004","9330","NHL 2004","89820","7140","105","1","16","0","0","12.58","NHL 2004"
"Total Annihilation","9331","Total Annihilation","89760","47040","17","2","96","0","0","1.91","Total Annihilation"
"Dragon Force","9332","Dragon Force","89760","18120","140","3","36","0","0","4.95","Dragon Force"
"Jigsaw Puzzles","9333","Jigsaw Puzzles","89760","16740","205","2","62","0","0","5.36","Jigsaw Puzzles"
"VATSIM","9334","VATSIM","89700","56520","27","3","87","0","0","1.59","VATSIM"
"Ensemble Stars","9335","Ensemble Stars","89700","17460","147","2","29","0","0","5.14","Ensemble Stars"
"Munin","9336","Munin","89700","9180","390","2","57","0","0","9.77","Munin"
"Police Quest: In Pursuit of the Death Angel","9337","Police Quest: In Pursuit of the Death Angel","89640","14280","92","2","33","0","0","6.28","Police Quest: In Pursuit of the Death Angel"
"Tales of Destiny 2","9338","Tales of Destiny 2","89580","47280","28","2","29","0","0","1.89","Tales of Destiny 2"
"Knights of Valour","9339","Knights of Valour","89580","103620","25","4","451","0","0","0.86","Knights of Valour"
"Fragile Dreams:  Farewell Ruins of the Moon","9340","Fragile Dreams:  Farewell Ruins of the Moon","89460","18480","23","2","30","0","0","4.84","Fragile Dreams:  Farewell Ruins of the Moon"
"Pirates of the Caribbean","9341","Pirates of the Caribbean","89400","19320","60","2","46","0","0","4.63","Pirates of the Caribbean"
"Breakers Revenge","9342","Breakers Revenge","89400","9600","207","2","35","0","0","9.31","Breakers Revenge"
"Pajama Sam: Life is Rough When You Lose Your Stuff","9343","Pajama Sam: Life is Rough When You Lose Your Stuff","89400","16920","215","2","14","0","0","5.28","Pajama Sam: Life is Rough When You Lose Your Stuff"
"Tron","9344","Tron","89340","1920","412","1","12","0","0","46.53","Tron"
"Rollcage Stage II","9345","Rollcage Stage II","89340","2460","521","1","7","0","0","36.32","Rollcage Stage II"
"Jagged Alliance: Back in Action","9346","Jagged Alliance: Back in Action","89340","14040","301","2","36","0","0","6.36","Jagged Alliance: Back in Action"
"Elf Bowling 1 & 2","9347","Elf Bowling 1 & 2","89280","60","1488","1","2","0","0","1488","Elf Bowling 1 & 2"
"Harry Potter: Spells","9348","Harry Potter: Spells","89280","2340","1030","1","8","0","0","38.15","Harry Potter: Spells"
"Mad Cow Man and Deep Fried Beef Fat Boy","9349","Mad Cow Man and Deep Fried Beef Fat Boy","89220","8640","19","1","3","0","0","10.33","Mad Cow Man and Deep Fried Beef Fat Boy"
"Tetris 2","9350","Tetris 2","89220","9240","522","2","41","0","0","9.66","Tetris 2"
"The Crow's Eye","9351","The Crow's Eye","89220","9660","57","1","23","0","0","9.24","The Crow's Eye"
"Mortal Manor","9352","Mortal Manor","89220","3240","88","2","5","0","0","27.54","Mortal Manor"
"War","9353","War","89220","23700","2856","3","115","0","0","3.76","War"
"Stormbound: Kingdom Wars","9354","Stormbound: Kingdom Wars","89160","39780","45","3","156","0","0","2.24","Stormbound: Kingdom Wars"
"Asghan: The Dragon Slayer","9355","Asghan: The Dragon Slayer","89160","5820","140","2","8","0","0","15.32","Asghan: The Dragon Slayer"
"Naruto: Clash of Ninja 2","9356","Naruto: Clash of Ninja 2","89100","16740","573","2","55","0","0","5.32","Naruto: Clash of Ninja 2"
"Boson X","9357","Boson X","88980","10680","996","2","64","0","0","8.33","Boson X"
"Back to the Future: The Game - Episode 3: Citizen Brown","9358","Back to the Future: The Game - Episode 3: Citizen Brown","88980","16920","84","2","76","0","0","5.26","Back to the Future: The Game - Episode 3: Citizen Brown"
"splix.io","9359","splix.io","88980","33120","31","3","128","0","0","2.69","splix.io"
"1979 Revolution","9360","1979 Revolution","88980","15900","119","2","99","0","0","5.6","1979 Revolution"
"Disaster: Day of Crisis","9361","Disaster: Day of Crisis","88920","4260","107","1","9","0","0","20.87","Disaster: Day of Crisis"
"Sniper: Ghost Warrior","9362","Sniper: Ghost Warrior","88920","46920","42","3","240","0","0","1.9","Sniper: Ghost Warrior"
"Cubivore: Survival of the Fittest","9363","Cubivore: Survival of the Fittest","88860","12540","328","2","56","0","0","7.09","Cubivore: Survival of the Fittest"
"Hack n' Slash","9364","Hack n' Slash","88860","10800","165","2","32","0","0","8.23","Hack n' Slash"
"Crash 'N the Boys: Street Challenge","9365","Crash 'N the Boys: Street Challenge","88860","1140","1392","1","7","0","0","77.95","Crash 'N the Boys: Street Challenge"
"Thundercade","9366","Thundercade","88800","240","1521","1","2","0","0","370","Thundercade"
"Joe Dever's Lone Wolf HD Remastered","9367","Joe Dever's Lone Wolf HD Remastered","88740","12780","49","2","41","0","0","6.94","Joe Dever's Lone Wolf HD Remastered"
"Lucky Luke","9368","Lucky Luke","88620","4200","553","2","11","0","0","21.1","Lucky Luke"
"Toukiden Kiwami","9369","Toukiden Kiwami","88620","37920","25","4","149","0","0","2.34","Toukiden Kiwami"
"Rhythm Tengoku","9370","Rhythm Tengoku","88560","17580","109","2","77","0","0","5.04","Rhythm Tengoku"
"NFL Blitz 20-03","9371","NFL Blitz 20-03","88560","6900","251","8","24","0","0","12.83","NFL Blitz 20-03"
"Street Legal Racing: Redline","9372","Street Legal Racing: Redline","88500","26640","247","2","145","0","0","3.32","Street Legal Racing: Redline"
"Warsow","9373","Warsow","88500","27720","204","3","85","0","0","3.19","Warsow"
"Battle Beast","9374","Battle Beast","88500","720","753","2","10","0","0","122.92","Battle Beast"
"Sanctum","9375","Sanctum","88440","23760","227","3","119","0","0","3.72","Sanctum"
"G-O-D: Mezameyo to Yobu Koe ga Kikoe","9376","G-O-D: Mezameyo to Yobu Koe ga Kikoe","88380","6900","64","2","9","0","0","12.81","G-O-D: Mezameyo to Yobu Koe ga Kikoe"
"My Little Pony: Puzzle Party","9377","My Little Pony: Puzzle Party","88320","2340","715","2","7","0","0","37.74","My Little Pony: Puzzle Party"
"G-Senjou no Maou","9378","G-Senjou no Maou","88320","12780","33","1","14","0","0","6.91","G-Senjou no Maou"
"Hexen II Mission Pack: Portal of Praevus","9379","Hexen II Mission Pack: Portal of Praevus","88320","1440","150","1","4","0","0","61.33","Hexen II Mission Pack: Portal of Praevus"
"Mimpi","9380","Mimpi","88260","6960","327","2","31","0","0","12.68","Mimpi"
"Yu-Gi-Oh! The Dawn of Destiny","9381","Yu-Gi-Oh! The Dawn of Destiny","88260","5820","270","1","23","0","0","15.16","Yu-Gi-Oh! The Dawn of Destiny"
"Train Fever","9382","Train Fever","88200","31440","49","2","80","0","0","2.81","Train Fever"
"Hotel Mario","9383","Hotel Mario","88140","6000","143","1","32","0","0","14.69","Hotel Mario"
"Battle Garegga","9384","Battle Garegga","88140","12960","93","3","30","0","0","6.8","Battle Garegga"
"Freddi Fish 3: The Case of the Stolen Conch Shell","9385","Freddi Fish 3: The Case of the Stolen Conch Shell","88080","13440","84","2","83","0","0","6.55","Freddi Fish 3: The Case of the Stolen Conch Shell"
"Freespace 2","9386","Freespace 2","88020","38400","13","2","71","0","0","2.29","Freespace 2"
"Survivor Royale","9387","Survivor Royale","88020","90120","26","4","349","0","0","0.98","Survivor Royale"
"Sharpshooter","9388","Sharpshooter","87960","5640","519","3","34","0","0","15.6","Sharpshooter"
"Solstice","9389","Solstice","87960","3360","1042","1","16","0","0","26.18","Solstice"
"Hidden & Dangerous Deluxe","9390","Hidden & Dangerous Deluxe","87960","4680","263","1","11","0","0","18.79","Hidden & Dangerous Deluxe"
"God of War: Origins Collection","9391","God of War: Origins Collection","87960","31020","54","3","86","0","0","2.84","God of War: Origins Collection"
"Superman Returns","9392","Superman Returns","87900","2220","327","1","13","0","0","39.59","Superman Returns"
"Sega Classics Collection","9393","Sega Classics Collection","87900","19860","302","3","95","0","0","4.43","Sega Classics Collection"
"Lands of Lore: Guardians of Destiny","9394","Lands of Lore: Guardians of Destiny","87900","9060","207","2","23","0","0","9.7","Lands of Lore: Guardians of Destiny"
"MotoGP 17","9395","MotoGP 17","87900","42660","51","4","497","0","0","2.06","MotoGP 17"
"High Fidelity","9396","High Fidelity","87840","5700","391","3","13","0","0","15.41","High Fidelity"
"Pro Evolution Soccer 2012","9397","Pro Evolution Soccer 2012","87840","42720","405","2","34","0","0","2.06","Pro Evolution Soccer 2012"
"Duel","9398","Duel","87720","1260","291","1","5","0","0","69.62","Duel"
"Animorphs","9399","Animorphs","87660","3420","344","1","11","0","0","25.63","Animorphs"
"Monsterpocalypse","9400","Monsterpocalypse","87600","4800","144","1","6","0","0","18.25","Monsterpocalypse"