"","","Game","Watch time","Stream time","Peak viewers","Peak channels","Streamers","Average viewers","Average channels","Average viewer ratio",""
"ERSATZ","8801","ERSATZ","110760","7380","940","2","9","0","0","15.01","ERSATZ"
"Titanic: Adventure Out of Time","8802","Titanic: Adventure Out of Time","110700","10500","301","2","35","0","0","10.54","Titanic: Adventure Out of Time"
"Hooligans: Storm Over Europe","8803","Hooligans: Storm Over Europe","110700","960","456","1","5","0","0","115.31","Hooligans: Storm Over Europe"
"Oh...Sir! The Hollywood Roast","8804","Oh...Sir! The Hollywood Roast","110580","18060","879","2","123","0","0","6.12","Oh...Sir! The Hollywood Roast"
"Demon Peak","8805","Demon Peak","110460","3300","310","1","17","0","0","33.47","Demon Peak"
"The Adventures of Jimmy Neutron: Boy Genius - Attack of the Twonkies","8806","The Adventures of Jimmy Neutron: Boy Genius - Attack of the Twonkies","110460","10560","277","1","21","0","0","10.46","The Adventures of Jimmy Neutron: Boy Genius - Attack of the Twonkies"
"Hearts","8807","Hearts","110460","4020","994","2","31","0","0","27.48","Hearts"
"Pump It Up!","8808","Pump It Up!","110460","25260","117","2","57","0","0","4.37","Pump It Up!"
"Digimon Adventure","8809","Digimon Adventure","110340","24240","56","2","49","0","0","4.55","Digimon Adventure"
"Her Majesty's SPIFFING","8810","Her Majesty's SPIFFING","110340","14760","273","2","77","0","0","7.48","Her Majesty's SPIFFING"
"Legends of Equestria","8811","Legends of Equestria","110280","16320","91","2","58","0","0","6.76","Legends of Equestria"
"Manhunt 2","8812","Manhunt 2","110280","30720","62","2","122","0","0","3.59","Manhunt 2"
"Don't Notice Me","8813","Don't Notice Me","110280","5160","342","2","21","0","0","21.37","Don't Notice Me"
"Tom and Jerry","8814","Tom and Jerry","110160","8340","419","1","31","0","0","13.21","Tom and Jerry"
"Final Fantasy Fables: Chocobo's Dungeon","8815","Final Fantasy Fables: Chocobo's Dungeon","110100","19440","21","2","33","0","0","5.66","Final Fantasy Fables: Chocobo's Dungeon"
"Anime Workshop","8816","Anime Workshop","110100","36960","348","2","57","0","0","2.98","Anime Workshop"
"Peter Jacobsen's Golden Tee Golf","8817","Peter Jacobsen's Golden Tee Golf","110040","360","646","1","3","0","0","305.67","Peter Jacobsen's Golden Tee Golf"
"Sonic Labyrinth","8818","Sonic Labyrinth","110040","2400","369","2","14","0","0","45.85","Sonic Labyrinth"
"The Walking Dead: Survival Instinct","8819","The Walking Dead: Survival Instinct","109980","28200","133","3","116","0","0","3.9","The Walking Dead: Survival Instinct"
"Battle Royale","8820","Battle Royale","109980","134700","39","4","635","0","0","0.82","Battle Royale"
"Drakan: The Ancients' Gates","8821","Drakan: The Ancients' Gates","109980","10380","82","1","19","0","0","10.6","Drakan: The Ancients' Gates"
"Snow Bros. Nick & Tom","8822","Snow Bros. Nick & Tom","109920","18780","308","3","83","0","0","5.85","Snow Bros. Nick & Tom"
"DiRT 2","8823","DiRT 2","109920","38760","155","3","108","0","0","2.84","DiRT 2"
"Video Olimpic","8824","Video Olimpic","109920","480","815","1","2","0","0","229","Video Olimpic"
"Saturday Morning RPG","8825","Saturday Morning RPG","109800","18480","187","2","73","0","0","5.94","Saturday Morning RPG"
"Teenage Mutant Ninja Turtles II:  Back from the Sewers","8826","Teenage Mutant Ninja Turtles II:  Back from the Sewers","109800","4260","820","1","27","0","0","25.77","Teenage Mutant Ninja Turtles II:  Back from the Sewers"
"Murder Miners","8827","Murder Miners","109740","38160","117","4","277","0","0","2.88","Murder Miners"
"Safecracker: The Ultimate Puzzle Adventure","8828","Safecracker: The Ultimate Puzzle Adventure","109740","1800","372","1","8","0","0","60.97","Safecracker: The Ultimate Puzzle Adventure"
"Epic Loon","8829","Epic Loon","109680","7980","343","2","41","0","0","13.74","Epic Loon"
"Amstrad Shuffle Card Games","8830","Amstrad Shuffle Card Games","109560","1080","893","1","3","0","0","101.44","Amstrad Shuffle Card Games"
"I Spy Fantasy","8831","I Spy Fantasy","109560","1800","466","1","11","0","0","60.87","I Spy Fantasy"
"Alienation","8832","Alienation","109560","46740","91","4","799","0","0","2.34","Alienation"
"ALF","8833","ALF","109560","1440","1224","4","11","0","0","76.08","ALF"
"White Knight Chronicles II","8834","White Knight Chronicles II","109560","13860","105","2","22","0","0","7.9","White Knight Chronicles II"
"RoboCop 3","8835","RoboCop 3","109560","4140","1372","1","15","0","0","26.46","RoboCop 3"
"A Township Tale","8836","A Township Tale","109440","22200","70","2","50","0","0","4.93","A Township Tale"
"The Textorcist","8837","The Textorcist","109440","11520","212","2","142","0","0","9.5","The Textorcist"
"Toy Story 3: The Video Game","8838","Toy Story 3: The Video Game","109380","16920","296","2","49","0","0","6.46","Toy Story 3: The Video Game"
"The Void","8839","The Void","109320","28200","124","2","59","0","0","3.88","The Void"
"Hexcells","8840","Hexcells","109260","10380","303","2","61","0","0","10.53","Hexcells"
"Stronghold Crusader Extreme","8841","Stronghold Crusader Extreme","109200","19920","329","2","97","0","0","5.48","Stronghold Crusader Extreme"
"Gyromite","8842","Gyromite","109140","540","1904","1","4","0","0","202.11","Gyromite"
"Lovecraft's Untold Stories","8843","Lovecraft's Untold Stories","109140","15960","195","2","71","0","0","6.84","Lovecraft's Untold Stories"
"Idle Adventure","8844","Idle Adventure","109080","3600","2199","1","17","0","0","30.3","Idle Adventure"
"Tenchu: Dark Secret","8845","Tenchu: Dark Secret","109080","1260","148","1","1","0","0","86.57","Tenchu: Dark Secret"
"Happy Manager","8846","Happy Manager","109020","2760","739","2","5","0","0","39.5","Happy Manager"
"Rockin' Kats","8847","Rockin' Kats","108960","4560","1122","2","20","0","0","23.89","Rockin' Kats"
"Die by the Sword","8848","Die by the Sword","108960","2940","643","1","10","0","0","37.06","Die by the Sword"
"Rainbow Skies","8849","Rainbow Skies","108900","51780","227","5","57","0","0","2.1","Rainbow Skies"
"Battle Realms: Winter of the Wolf","8850","Battle Realms: Winter of the Wolf","108900","12120","638","2","41","0","0","8.99","Battle Realms: Winter of the Wolf"
"Xonotic","8851","Xonotic","108840","47640","39","4","128","0","0","2.28","Xonotic"
"inFamous: Festival of Blood","8852","inFamous: Festival of Blood","108840","7380","399","2","31","0","0","14.75","inFamous: Festival of Blood"
"Super Monkey Ball: Banana Blitz","8853","Super Monkey Ball: Banana Blitz","108840","8340","249","1","18","0","0","13.05","Super Monkey Ball: Banana Blitz"
"Outlast Trinity","8854","Outlast Trinity","108780","23520","120","3","116","0","0","4.63","Outlast Trinity"
"Roguemance","8855","Roguemance","108600","4080","371","4","29","0","0","26.62","Roguemance"
"SAS: Zombie Assault 4","8856","SAS: Zombie Assault 4","108600","64440","31","4","381","0","0","1.69","SAS: Zombie Assault 4"
"Dodonpachi Dai-Ou-Jou","8857","Dodonpachi Dai-Ou-Jou","108600","28380","148","3","32","0","0","3.83","Dodonpachi Dai-Ou-Jou"
"Shaman King: Power of Spirit","8858","Shaman King: Power of Spirit","108540","2340","206","1","8","0","0","46.38","Shaman King: Power of Spirit"
"DJ Hero","8859","DJ Hero","108540","18960","286","2","77","0","0","5.72","DJ Hero"
"Russian Dancing Men","8860","Russian Dancing Men","108540","360","1465","1","4","0","0","301.5","Russian Dancing Men"
"Gotcha Force","8861","Gotcha Force","108540","37860","48","2","80","0","0","2.87","Gotcha Force"
"Armored Core","8862","Armored Core","108480","18180","57","2","49","0","0","5.97","Armored Core"
"Privates","8863","Privates","108420","76020","68","3","34","0","0","1.43","Privates"
"Sega Rally 2","8864","Sega Rally 2","108420","4860","133","1","16","0","0","22.31","Sega Rally 2"
"Buster","8865","Buster","108300","2160","207","1","2","0","0","50.14","Buster"
"BlazBlue Continuum Shift Extend","8866","BlazBlue Continuum Shift Extend","108300","42360","87","3","177","0","0","2.56","BlazBlue Continuum Shift Extend"
"Reef Aquarium","8867","Reef Aquarium","108240","70560","43","4","15","0","0","1.53","Reef Aquarium"
"Slendrina Must Die: The Cellar","8868","Slendrina Must Die: The Cellar","107940","4020","1703","2","30","0","0","26.85","Slendrina Must Die: The Cellar"
"Bookworm Adventures","8869","Bookworm Adventures","107940","37380","33","2","54","0","0","2.89","Bookworm Adventures"
"Heavy Bullets","8870","Heavy Bullets","107940","35760","148","2","226","0","0","3.02","Heavy Bullets"
"Racket: Nx","8871","Racket: Nx","107820","3120","894","2","28","0","0","34.56","Racket: Nx"
"Lead and Gold: Gangs of the Wild West","8872","Lead and Gold: Gangs of the Wild West","107760","3900","539","6","36","0","0","27.63","Lead and Gold: Gangs of the Wild West"
"Drakan: Order of the Flame","8873","Drakan: Order of the Flame","107700","14700","72","2","29","0","0","7.33","Drakan: Order of the Flame"
"Building & Co","8874","Building & Co","107640","7920","134","2","16","0","0","13.59","Building & Co"
"Nether","8875","Nether","107640","13680","175","3","79","0","0","7.87","Nether"
"Syphon Filter 2","8876","Syphon Filter 2","107640","17580","238","2","50","0","0","6.12","Syphon Filter 2"
"Razed","8877","Razed","107640","6360","1360","3","35","0","0","16.92","Razed"
"TransOcean - The Shipping Company","8878","TransOcean - The Shipping Company","107520","7560","141","1","22","0","0","14.22","TransOcean - The Shipping Company"
"Metal Slug 4","8879","Metal Slug 4","107520","10980","193","2","68","0","0","9.79","Metal Slug 4"
"Brigandine: The Legend of Forsena","8880","Brigandine: The Legend of Forsena","107460","41100","32","3","29","0","0","2.61","Brigandine: The Legend of Forsena"
"Cock'in","8881","Cock'in","107400","2760","1731","1","4","0","0","38.91","Cock'in"
"Bonbon","8882","Bonbon","107400","5820","189","2","59","0","0","18.45","Bonbon"
"Viking Squad","8883","Viking Squad","107340","10920","1443","2","45","0","0","9.83","Viking Squad"
"Lords of the Realm II","8884","Lords of the Realm II","107280","12540","202","1","34","0","0","8.56","Lords of the Realm II"
"Shadwen","8885","Shadwen","107280","21360","290","3","97","0","0","5.02","Shadwen"
"Tiny Barbarian DX","8886","Tiny Barbarian DX","107220","11760","201","2","46","0","0","9.12","Tiny Barbarian DX"
"Blood Ancestors","8887","Blood Ancestors","107160","11880","669","3","87","0","0","9.02","Blood Ancestors"
"Game of Dice","8888","Game of Dice","107100","50100","98","3","153","0","0","2.14","Game of Dice"
"Demetrios: The Big Cynical Adventure","8889","Demetrios: The Big Cynical Adventure","107100","17700","462","2","62","0","0","6.05","Demetrios: The Big Cynical Adventure"
"The Legend of Korra","8890","The Legend of Korra","107040","56340","33","3","279","0","0","1.9","The Legend of Korra"
"GoldenEye 007 Reloaded","8891","GoldenEye 007 Reloaded","106920","49980","133","3","30","0","0","2.14","GoldenEye 007 Reloaded"
"WWF In Your House","8892","WWF In Your House","106860","600","1503","1","4","0","0","178.1","WWF In Your House"
"Inazuma Eleven Strikers","8893","Inazuma Eleven Strikers","106860","6840","451","1","32","0","0","15.62","Inazuma Eleven Strikers"
"Cats are Liquid","8894","Cats are Liquid","106860","21180","60","2","47","0","0","5.05","Cats are Liquid"
"Adventure Quest","8895","Adventure Quest","106800","32280","220","2","170","0","0","3.31","Adventure Quest"
"Hammerfight","8896","Hammerfight","106740","5040","531","2","30","0","0","21.18","Hammerfight"
"Tenchu: Fatal Shadows","8897","Tenchu: Fatal Shadows","106740","114960","22","3","38","0","0","0.93","Tenchu: Fatal Shadows"
"Twilight Struggle","8898","Twilight Struggle","106740","33060","127","2","66","0","0","3.23","Twilight Struggle"
"Persona 4 Arena","8899","Persona 4 Arena","106680","30660","146","2","114","0","0","3.48","Persona 4 Arena"
"Ankh","8900","Ankh","106680","2760","149","1","8","0","0","38.65","Ankh"