"","","Game","Watch time","Stream time","Peak viewers","Peak channels","Streamers","Average viewers","Average channels","Average viewer ratio",""
"Zen: Intergalactic Ninja","12401","Zen: Intergalactic Ninja","32040","1620","138","1","9","0","0","19.78","Zen: Intergalactic Ninja"
"Men of War: Assault Squad","12402","Men of War: Assault Squad","32040","17820","26","2","77","0","0","1.8","Men of War: Assault Squad"
"Ultimate NES Remix","12403","Ultimate NES Remix","32040","7080","48","4","41","0","0","4.53","Ultimate NES Remix"
"iStunt 2","12404","iStunt 2","32040","90840","4","1","2","0","0","0.35","iStunt 2"
"Bike Rush","12405","Bike Rush","32040","360","546","1","5","0","0","89","Bike Rush"
"Zen-Nippon Pro Wrestling","12406","Zen-Nippon Pro Wrestling","31980","120","310","1","1","0","0","266.5","Zen-Nippon Pro Wrestling"
"MechWarrior 3","12407","MechWarrior 3","31980","6180","40","1","17","0","0","5.17","MechWarrior 3"
"Frogger 2: Swampy's Revenge","12408","Frogger 2: Swampy's Revenge","31980","6840","153","1","30","0","0","4.68","Frogger 2: Swampy's Revenge"
"9 Clues: The Secret of Serpent Creek","12409","9 Clues: The Secret of Serpent Creek","31980","5640","85","1","26","0","0","5.67","9 Clues: The Secret of Serpent Creek"
"Kubifaktorium","12410","Kubifaktorium","31920","1080","237","1","6","0","0","29.56","Kubifaktorium"
"IA/VT Colorful","12411","IA/VT Colorful","31920","4980","28","1","16","0","0","6.41","IA/VT Colorful"
"MechAssault","12412","MechAssault","31920","7020","90","1","16","0","0","4.55","MechAssault"
"Pirates of the Burning Sea","12413","Pirates of the Burning Sea","31920","14580","102","2","38","0","0","2.19","Pirates of the Burning Sea"
"Fantasy Farming: Orange Season","12414","Fantasy Farming: Orange Season","31920","6840","59","2","23","0","0","4.67","Fantasy Farming: Orange Season"
"Dragon Project","12415","Dragon Project","31920","17640","110","2","43","0","0","1.81","Dragon Project"
"MagiCats Builder","12416","MagiCats Builder","31860","6900","25","2","68","0","0","4.62","MagiCats Builder"
"Bernackels' Shoggoth","12417","Bernackels' Shoggoth","31860","2640","107","3","18","0","0","12.07","Bernackels' Shoggoth"
"Mickey Mouse III: Yume Fuusen","12418","Mickey Mouse III: Yume Fuusen","31860","780","295","1","6","0","0","40.85","Mickey Mouse III: Yume Fuusen"
"Chronos","12419","Chronos","31860","10560","65","2","39","0","0","3.02","Chronos"
"Act of Aggression","12420","Act of Aggression","31860","13140","35","2","57","0","0","2.42","Act of Aggression"
"Carmageddon","12421","Carmageddon","31860","7320","73","1","38","0","0","4.35","Carmageddon"
"Rune Factory: A Fantasy Harvest Moon","12422","Rune Factory: A Fantasy Harvest Moon","31860","10080","30","2","17","0","0","3.16","Rune Factory: A Fantasy Harvest Moon"
"The Marvellous Miss Take","12423","The Marvellous Miss Take","31860","6420","41","1","33","0","0","4.96","The Marvellous Miss Take"
"Railroad Tycoon II","12424","Railroad Tycoon II","31860","9600","58","2","32","0","0","3.32","Railroad Tycoon II"
"Postman Pat","12425","Postman Pat","31860","600","517","1","3","0","0","53.1","Postman Pat"
"KISS: Psycho Circus - The Nightmare Child","12426","KISS: Psycho Circus - The Nightmare Child","31860","6540","36","1","15","0","0","4.87","KISS: Psycho Circus - The Nightmare Child"
"Overlord: Fellowship of Evil","12427","Overlord: Fellowship of Evil","31800","10500","41","2","60","0","0","3.03","Overlord: Fellowship of Evil"
"Nitro","12428","Nitro","31800","540","440","1","6","0","0","58.89","Nitro"
"Farm for your Life","12429","Farm for your Life","31800","6000","59","2","23","0","0","5.3","Farm for your Life"
"Ganbare Goemon Gaiden 2: Tenka no Zaihou","12430","Ganbare Goemon Gaiden 2: Tenka no Zaihou","31800","4260","79","1","3","0","0","7.46","Ganbare Goemon Gaiden 2: Tenka no Zaihou"
"Pause Ahead","12431","Pause Ahead","31740","6420","87","1","34","0","0","4.94","Pause Ahead"
"Nomad","12432","Nomad","31740","13920","147","2","81","0","0","2.28","Nomad"
"Guitar Hero Encore: Rocks the 80s","12433","Guitar Hero Encore: Rocks the 80s","31740","4200","121","1","24","0","0","7.56","Guitar Hero Encore: Rocks the 80s"
"The Settlers IV: The Trojans and the Elixir of Power","12434","The Settlers IV: The Trojans and the Elixir of Power","31740","5700","47","2","26","0","0","5.57","The Settlers IV: The Trojans and the Elixir of Power"
"J.R.R. Tolkien's The Lord of the Rings, Vol. I","12435","J.R.R. Tolkien's The Lord of the Rings, Vol. I","31740","4740","33","1","7","0","0","6.7","J.R.R. Tolkien's The Lord of the Rings, Vol. I"
"Zeran's Folly","12436","Zeran's Folly","31740","7680","15","1","13","0","0","4.13","Zeran's Folly"
"TransRoad: USA","12437","TransRoad: USA","31740","7260","134","2","36","0","0","4.37","TransRoad: USA"
"Unicorn Dungeon","12438","Unicorn Dungeon","31740","2160","53","1","11","0","0","14.69","Unicorn Dungeon"
"Insanity's Blade: The Chronicles of Thurstan","12439","Insanity's Blade: The Chronicles of Thurstan","31680","2460","162","1","13","0","0","12.88","Insanity's Blade: The Chronicles of Thurstan"
"Super Rad Raygun","12440","Super Rad Raygun","31680","3780","91","1","11","0","0","8.38","Super Rad Raygun"
"Donkey Xote","12441","Donkey Xote","31680","120","268","1","1","0","0","264","Donkey Xote"
"SOCOM: U.S. Navy SEALs","12442","SOCOM: U.S. Navy SEALs","31680","12960","41","1","32","0","0","2.44","SOCOM: U.S. Navy SEALs"
"Karateka","12443","Karateka","31680","1440","471","1","8","0","0","22","Karateka"
"Port Royale 3: Pirates & Merchants","12444","Port Royale 3: Pirates & Merchants","31680","15720","24","2","51","0","0","2.02","Port Royale 3: Pirates & Merchants"
"UNO & Friends","12445","UNO & Friends","31680","16020","17","2","139","0","0","1.98","UNO & Friends"
"HyperParasite","12446","HyperParasite","31620","1440","233","2","13","0","0","21.96","HyperParasite"
"RoboCop Versus the Terminator","12447","RoboCop Versus the Terminator","31620","6240","45","4","32","0","0","5.07","RoboCop Versus the Terminator"
"NES Remix 2","12448","NES Remix 2","31620","5100","161","2","29","0","0","6.2","NES Remix 2"
"Armored Core V","12449","Armored Core V","31620","4020","28","2","10","0","0","7.87","Armored Core V"
"Aerofly FS","12450","Aerofly FS","31620","960","516","1","6","0","0","32.94","Aerofly FS"
"Left In The Dark: No One On Board","12451","Left In The Dark: No One On Board","31620","3660","65","2","18","0","0","8.64","Left In The Dark: No One On Board"
"High School Simulator","12452","High School Simulator","31620","1800","209","1","18","0","0","17.57","High School Simulator"
"Rough Sketch","12453","Rough Sketch","31560","12120","13","1","16","0","0","2.6","Rough Sketch"
"Cupid","12454","Cupid","31560","10080","37","2","43","0","0","3.13","Cupid"
"Itchy & Scratchy in Miniature Golf Madness","12455","Itchy & Scratchy in Miniature Golf Madness","31560","840","426","4","9","0","0","37.57","Itchy & Scratchy in Miniature Golf Madness"
"Montezuma's Return!","12456","Montezuma's Return!","31560","660","146","1","4","0","0","47.82","Montezuma's Return!"
"Winter Games","12457","Winter Games","31560","2220","495","1","5","0","0","14.22","Winter Games"
"Strong Bad's Cool Game for Attractive People Episode 1: Homestar Ruiner","12458","Strong Bad's Cool Game for Attractive People Episode 1: Homestar Ruiner","31560","7560","42","2","42","0","0","4.17","Strong Bad's Cool Game for Attractive People Episode 1: Homestar Ruiner"
"Runers","12459","Runers","31500","5100","36","1","21","0","0","6.18","Runers"
"Too Human","12460","Too Human","31500","7020","26","2","20","0","0","4.49","Too Human"
"Heart & Slash","12461","Heart & Slash","31500","16800","14","2","126","0","0","1.88","Heart & Slash"
"Zero Wing","12462","Zero Wing","31500","3660","121","1","15","0","0","8.61","Zero Wing"
"Out of the Park Baseball 2017","12463","Out of the Park Baseball 2017","31500","14040","15","2","10","0","0","2.24","Out of the Park Baseball 2017"
"Sky Break","12464","Sky Break","31500","3180","212","1","25","0","0","9.91","Sky Break"
"Delicious! Pretty Girls Mahjong Solitaire","12465","Delicious! Pretty Girls Mahjong Solitaire","31500","8880","24","2","47","0","0","3.55","Delicious! Pretty Girls Mahjong Solitaire"
"THOR.N","12466","THOR.N","31500","9000","65","2","99","0","0","3.5","THOR.N"
"Bounce Rescue!","12467","Bounce Rescue!","31440","3360","128","1","23","0","0","9.36","Bounce Rescue!"
"Prince Clumsy","12468","Prince Clumsy","31440","480","404","1","3","0","0","65.5","Prince Clumsy"
"Magic Technology","12469","Magic Technology","31440","5400","102","2","47","0","0","5.82","Magic Technology"
"New Star Soccer 2010","12470","New Star Soccer 2010","31440","540","519","1","4","0","0","58.22","New Star Soccer 2010"
"Made Man: Confessions of the Family Blood","12471","Made Man: Confessions of the Family Blood","31440","5340","17","2","15","0","0","5.89","Made Man: Confessions of the Family Blood"
"Brawl","12472","Brawl","31440","10740","38","2","90","0","0","2.93","Brawl"
"Tom Clancy's Rainbow Six 3: Raven Shield","12473","Tom Clancy's Rainbow Six 3: Raven Shield","31440","17880","32","2","64","0","0","1.76","Tom Clancy's Rainbow Six 3: Raven Shield"
"Nancy Drew: The Final Scene","12474","Nancy Drew: The Final Scene","31380","7680","16","2","28","0","0","4.09","Nancy Drew: The Final Scene"
"Pier Solar HD","12475","Pier Solar HD","31380","4680","39","1","6","0","0","6.71","Pier Solar HD"
"Card Quest","12476","Card Quest","31380","9120","157","2","20","0","0","3.44","Card Quest"
"Phantom Jump","12477","Phantom Jump","31380","5160","44","1","20","0","0","6.08","Phantom Jump"
"Dead Hungry","12478","Dead Hungry","31320","4020","235","1","28","0","0","7.79","Dead Hungry"
"Soul Knight","12479","Soul Knight","31320","79500","15","3","546","0","0","0.39","Soul Knight"
"Mighty Switch Force! 2","12480","Mighty Switch Force! 2","31320","3960","74","1","4","0","0","7.91","Mighty Switch Force! 2"
"Nintendo Puzzle Collection","12481","Nintendo Puzzle Collection","31320","9480","228","2","26","0","0","3.3","Nintendo Puzzle Collection"
"ArmA: Cold War Assault","12482","ArmA: Cold War Assault","31320","10920","95","2","64","0","0","2.87","ArmA: Cold War Assault"
"Primal","12483","Primal","31320","14460","20","2","135","0","0","2.17","Primal"
"Cloudlands : VR Minigolf","12484","Cloudlands : VR Minigolf","31260","1920","227","2","26","0","0","16.28","Cloudlands : VR Minigolf"
"Hulk","12485","Hulk","31260","5520","46","2","19","0","0","5.66","Hulk"
"Horses 3D","12486","Horses 3D","31260","1200","129","1","4","0","0","26.05","Horses 3D"
"Disney's Party","12487","Disney's Party","31260","720","142","1","4","0","0","43.42","Disney's Party"
"X-Men: Mojo World","12488","X-Men: Mojo World","31260","540","319","3","5","0","0","57.89","X-Men: Mojo World"
"Tales of Monkey Island Chapter 5: Rise of the Pirate God","12489","Tales of Monkey Island Chapter 5: Rise of the Pirate God","31260","5760","95","2","23","0","0","5.43","Tales of Monkey Island Chapter 5: Rise of the Pirate God"
"Pulseman","12490","Pulseman","31260","7080","42","4","20","0","0","4.42","Pulseman"
"Orake 2D","12491","Orake 2D","31260","11340","29","2","21","0","0","2.76","Orake 2D"
"Fantastic Contraption","12492","Fantastic Contraption","31260","7140","90","2","31","0","0","4.38","Fantastic Contraption"
"21","12493","21","31260","2820","35","1","8","0","0","11.09","21"
"Modern Tales: Age Of Invention","12494","Modern Tales: Age Of Invention","31260","3600","75","1","6","0","0","8.68","Modern Tales: Age Of Invention"
"Late Night Wanderer","12495","Late Night Wanderer","31200","2580","131","1","6","0","0","12.09","Late Night Wanderer"
"Order & Chaos 2: Redemption","12496","Order & Chaos 2: Redemption","31200","4380","292","1","26","0","0","7.12","Order & Chaos 2: Redemption"
"Operation Thunderstorm","12497","Operation Thunderstorm","31200","6360","278","2","10","0","0","4.91","Operation Thunderstorm"
"Evil Dead: Hail to the King","12498","Evil Dead: Hail to the King","31200","4260","39","1","22","0","0","7.32","Evil Dead: Hail to the King"
"Paranormal Syndrome 2","12499","Paranormal Syndrome 2","31140","2220","173","1","5","0","0","14.03","Paranormal Syndrome 2"
"Stunt Island","12500","Stunt Island","31140","300","116","1","2","0","0","103.8","Stunt Island"