"","","Game","Watch time","Stream time","Peak viewers","Peak channels","Streamers","Average viewers","Average channels","Average viewer ratio",""
"Scribble+","5001","Scribble+","596160","1740","5164","2","17","1","0","342.62","Scribble+"
"Justice Online","5002","Justice Online","596040","86100","125","7","82","1","0","6.92","Justice Online"
"Mario Party DS","5003","Mario Party DS","595920","11820","1869","2","41","1","0","50.42","Mario Party DS"
"Nekojishi","5004","Nekojishi","595920","62100","1828","4","233","1","0","9.6","Nekojishi"
"Red Stone Online","5005","Red Stone Online","595620","25260","535","2","32","1","0","23.58","Red Stone Online"
"Forbidden Siren 2","5006","Forbidden Siren 2","595560","34800","180","3","43","1","0","17.11","Forbidden Siren 2"
"Need for Speed: High Stakes","5007","Need for Speed: High Stakes","595560","20160","604","2","63","1","0","29.54","Need for Speed: High Stakes"
"Watchmen: The End is Nigh","5008","Watchmen: The End is Nigh","595440","3600","5127","1","18","1","0","165.4","Watchmen: The End is Nigh"
"StarTropics","5009","StarTropics","594900","71100","842","8","162","1","0","8.37","StarTropics"
"Kraven Manor","5010","Kraven Manor","594600","14820","3065","2","109","1","0","40.12","Kraven Manor"
"Tekken Mobile","5011","Tekken Mobile","594300","6840","3697","2","33","1","0","86.89","Tekken Mobile"
"Pictionary: Ultimate Edition","5012","Pictionary: Ultimate Edition","593640","5160","5282","1","32","1","0","115.05","Pictionary: Ultimate Edition"
"Orwell: Ignorance is Strength","5013","Orwell: Ignorance is Strength","593160","40440","5974","4","186","1","0","14.67","Orwell: Ignorance is Strength"
"Relic Raiders","5014","Relic Raiders","592800","22800","657","8","74","1","0","26","Relic Raiders"
"Hyperdimension Neptunia Re;Birth 3: V Century","5015","Hyperdimension Neptunia Re;Birth 3: V Century","592560","194280","110","5","246","1","0","3.05","Hyperdimension Neptunia Re;Birth 3: V Century"
"Premiere","5016","Premiere","592260","31920","1057","4","129","1","0","18.55","Premiere"
"The Sims Mobile","5017","The Sims Mobile","592140","33300","7296","4","220","1","0","17.78","The Sims Mobile"
"Ragdoll Runners","5018","Ragdoll Runners","591360","7320","4860","2","23","1","0","80.79","Ragdoll Runners"
"Dark Quest 2","5019","Dark Quest 2","590880","10080","584","2","47","1","0","58.62","Dark Quest 2"
"World of Darkness","5020","World of Darkness","590700","110880","74","4","58","1","0","5.33","World of Darkness"
"Mickey Mania","5021","Mickey Mania","590280","14100","2069","2","69","1","0","41.86","Mickey Mania"
"The Cycle","5022","The Cycle","590100","46020","2237","41","143","1","0","12.82","The Cycle"
"Tesla Effect","5023","Tesla Effect","590100","54900","400","3","140","1","0","10.75","Tesla Effect"
"Sara Is Missing","5024","Sara Is Missing","589980","24540","3079","2","188","1","0","24.04","Sara Is Missing"
"DuckTales","5025","DuckTales","589140","70500","935","4","333","1","0","8.36","DuckTales"
"Motorbike Madness","5026","Motorbike Madness","589080","5100","594","1","3","1","0","115.51","Motorbike Madness"
"Sexy Serial Killer","5027","Sexy Serial Killer","588780","4860","7821","2","28","1","0","121.15","Sexy Serial Killer"
"Deponia 2: Chaos on Deponia","5028","Deponia 2: Chaos on Deponia","588720","58920","343","4","146","1","0","9.99","Deponia 2: Chaos on Deponia"
"Anna's Quest","5029","Anna's Quest","588240","91140","123","4","213","1","0","6.45","Anna's Quest"
"Scarlett Mysteries: Cursed Child","5030","Scarlett Mysteries: Cursed Child","587700","2280","1755","1","10","1","0","257.76","Scarlett Mysteries: Cursed Child"
"Korg Gadget","5031","Korg Gadget","587700","8400","1144","3","35","1","0","69.96","Korg Gadget"
"Intelligent Qube","5032","Intelligent Qube","587700","12000","8691","2","60","1","0","48.98","Intelligent Qube"
"HYPERCHARGE: Unboxed","5033","HYPERCHARGE: Unboxed","587160","2640","2783","2","21","1","0","222.41","HYPERCHARGE: Unboxed"
"Inner Chains","5034","Inner Chains","587100","7200","3773","2","38","1","0","81.54","Inner Chains"
"Hope Lake","5035","Hope Lake","586860","5760","1672","1","16","1","0","101.89","Hope Lake"
"Let's Draw!","5036","Let's Draw!","586740","161820","339","4","593","1","0","3.63","Let's Draw!"
"Ashes of the Singularity","5037","Ashes of the Singularity","586680","82020","875","5","232","1","0","7.15","Ashes of the Singularity"
"Alien Soldier","5038","Alien Soldier","586380","23220","1533","2","50","1","0","25.25","Alien Soldier"
"Planetary Annihilation","5039","Planetary Annihilation","585720","142260","1363","8","572","1","0","4.12","Planetary Annihilation"
"Raging Justice","5040","Raging Justice","585120","16800","7345","6","120","1","0","34.83","Raging Justice"
"The Settlers 7: Paths to a Kingdom","5041","The Settlers 7: Paths to a Kingdom","584460","57420","334","3","147","1","0","10.18","The Settlers 7: Paths to a Kingdom"
"Zwei!!","5042","Zwei!!","584400","25980","1820","2","45","1","0","22.49","Zwei!!"
"Heroes of Might and Magic II: The Succession Wars","5043","Heroes of Might and Magic II: The Succession Wars","583980","18060","1767","2","40","1","0","32.34","Heroes of Might and Magic II: The Succession Wars"
"Tiny Toon Adventures","5044","Tiny Toon Adventures","583740","22800","1683","5","104","1","0","25.6","Tiny Toon Adventures"
"Grand Kingdom","5045","Grand Kingdom","583620","218940","597","11","1093","1","0","2.67","Grand Kingdom"
"Danger Zone 2","5046","Danger Zone 2","583560","7440","10781","3","74","1","0","78.44","Danger Zone 2"
"Pocky & Rocky","5047","Pocky & Rocky","583440","18540","3219","3","84","1","0","31.47","Pocky & Rocky"
"Castlevania: The Adventure ReBirth","5048","Castlevania: The Adventure ReBirth","583140","15900","2023","2","63","1","0","36.68","Castlevania: The Adventure ReBirth"
"Zero-K","5049","Zero-K","582900","140460","106","7","269","1","0","4.15","Zero-K"
"ChromaGun","5050","ChromaGun","582600","15960","3419","3","96","1","0","36.5","ChromaGun"
"Policenauts","5051","Policenauts","582180","40680","1128","2","56","1","0","14.31","Policenauts"
"Conker: Live & Reloaded","5052","Conker: Live & Reloaded","582060","61140","739","7","171","1","0","9.52","Conker: Live & Reloaded"
"Terraforming Mars","5053","Terraforming Mars","581940","30780","3806","5","66","1","0","18.91","Terraforming Mars"
"Eastern Mind: The Lost Souls of Tong Nou","5054","Eastern Mind: The Lost Souls of Tong Nou","581160","2760","10169","1","14","1","0","210.57","Eastern Mind: The Lost Souls of Tong Nou"
"Jigsaw Puzzle","5055","Jigsaw Puzzle","580860","15420","2350","2","41","1","0","37.67","Jigsaw Puzzle"
"Zarvot","5056","Zarvot","580800","3000","3723","1","10","1","0","193.6","Zarvot"
"Hard West","5057","Hard West","580800","107760","341","6","332","1","0","5.39","Hard West"
"Algo Bot","5058","Algo Bot","580800","8220","3739","2","27","1","0","70.66","Algo Bot"
"WarRock","5059","WarRock","580140","139980","150","5","310","1","0","4.14","WarRock"
"Battle Carnival","5060","Battle Carnival","579300","152340","645","11","718","1","0","3.8","Battle Carnival"
"Nelson Tethers: Puzzle Agent","5061","Nelson Tethers: Puzzle Agent","578940","13680","1687","2","60","1","0","42.32","Nelson Tethers: Puzzle Agent"
"Street Fighter","5062","Street Fighter","578280","25920","1852","2","129","1","0","22.31","Street Fighter"
"Trine 3: The Artifacts of Power","5063","Trine 3: The Artifacts of Power","578220","111660","1332","4","512","1","0","5.18","Trine 3: The Artifacts of Power"
"Grim Legends: The Forsaken Bride","5064","Grim Legends: The Forsaken Bride","578220","37080","2065","2","84","1","0","15.59","Grim Legends: The Forsaken Bride"
"Odallus: The Dark Call","5065","Odallus: The Dark Call","577920","34440","412","3","125","1","0","16.78","Odallus: The Dark Call"
"They Breathe","5066","They Breathe","577920","2460","3053","1","31","1","0","234.93","They Breathe"
"FIFA 15","5067","FIFA 15","577500","238980","1353","4","1346","1","0","2.42","FIFA 15"
"Half-Minute Hero","5068","Half-Minute Hero","577320","6900","1582","2","23","1","0","83.67","Half-Minute Hero"
"Shrek","5069","Shrek","576900","9840","7000","1","64","1","0","58.63","Shrek"
"Bloons Adventure Time TD","5070","Bloons Adventure Time TD","576600","18120","932","3","53","1","0","31.82","Bloons Adventure Time TD"
"Peter Jackson's King Kong: The Official Game of the Movie","5071","Peter Jackson's King Kong: The Official Game of the Movie","576600","22080","1119","3","98","1","0","26.11","Peter Jackson's King Kong: The Official Game of the Movie"
"Mega Man Zero","5072","Mega Man Zero","576180","87480","2552","9","274","1","0","6.59","Mega Man Zero"
"Dungeons 2","5073","Dungeons 2","576000","114000","175","7","389","1","0","5.05","Dungeons 2"
"Nickelodeon Kart Racers","5074","Nickelodeon Kart Racers","575400","11820","4095","4","66","1","0","48.68","Nickelodeon Kart Racers"
"Panzermadels: Tank Dating Simulator","5075","Panzermadels: Tank Dating Simulator","575220","33300","401","3","141","1","0","17.27","Panzermadels: Tank Dating Simulator"
"Ryu ga Gotoku Kenzan!","5076","Ryu ga Gotoku Kenzan!","575040","19080","523","1","13","1","0","30.14","Ryu ga Gotoku Kenzan!"
"Gyakuten Kenji 2","5077","Gyakuten Kenji 2","574740","82320","144","3","59","1","0","6.98","Gyakuten Kenji 2"
"WitchWay","5078","WitchWay","574620","1920","4704","1","7","1","0","299.28","WitchWay"
"Monty Python & The Quest for the Holy Grail","5079","Monty Python & The Quest for the Holy Grail","574440","3060","9389","2","10","1","0","187.73","Monty Python & The Quest for the Holy Grail"
"Silver Surfer","5080","Silver Surfer","574260","7020","2768","3","34","1","0","81.8","Silver Surfer"
"Expeditions: Viking","5081","Expeditions: Viking","574080","95820","452","4","200","1","0","5.99","Expeditions: Viking"
"Resident Evil: The Umbrella Chronicles","5082","Resident Evil: The Umbrella Chronicles","573240","37560","937","2","128","1","0","15.26","Resident Evil: The Umbrella Chronicles"
"Phantom Brave","5083","Phantom Brave","573180","81180","224","3","128","1","0","7.06","Phantom Brave"
"Mahjong Shikaku Retsuden: Mahjong Wars","5084","Mahjong Shikaku Retsuden: Mahjong Wars","573060","120","4935","1","1","1","0","4775.5","Mahjong Shikaku Retsuden: Mahjong Wars"
"Might and Magic VIII: Day of the Destroyer","5085","Might and Magic VIII: Day of the Destroyer","572520","48780","245","3","70","1","0","11.74","Might and Magic VIII: Day of the Destroyer"
"Flinthook","5086","Flinthook","572340","86940","257","4","390","1","0","6.58","Flinthook"
"Red Alert","5087","Red Alert","572340","15240","2426","2","97","1","0","37.56","Red Alert"
"Concluse","5088","Concluse","571860","32640","5105","4","193","1","0","17.52","Concluse"
"Anatomy","5089","Anatomy","571860","10620","7944","2","93","1","0","53.85","Anatomy"
"Nitro Family","5090","Nitro Family","571740","2760","8368","2","8","1","0","207.15","Nitro Family"
"Bishoujo Senshi Sailor Moon S","5091","Bishoujo Senshi Sailor Moon S","571380","9540","2894","2","34","1","0","59.89","Bishoujo Senshi Sailor Moon S"
"Echo of Soul Online","5092","Echo of Soul Online","571380","159420","112","5","248","1","0","3.58","Echo of Soul Online"
"TrapAdventure 2","5093","TrapAdventure 2","571020","5040","3889","2","53","1","0","113.3","TrapAdventure 2"
"Giana Sisters: Twisted Dreams","5094","Giana Sisters: Twisted Dreams","570960","56040","2235","3","211","1","0","10.19","Giana Sisters: Twisted Dreams"
"Call of Duty: Black Ops Zombies","5095","Call of Duty: Black Ops Zombies","570720","236640","165","6","931","1","0","2.41","Call of Duty: Black Ops Zombies"
"Priston Tale","5096","Priston Tale","570600","190380","314","5","251","1","0","3","Priston Tale"
"Colt Express","5097","Colt Express","570360","4200","5065","4","26","1","0","135.8","Colt Express"
"Lethe - Episode One","5098","Lethe - Episode One","570000","29280","747","3","117","1","0","19.47","Lethe - Episode One"
"TagPro","5099","TagPro","568740","71520","169","7","115","1","0","7.95","TagPro"
"Astellia","5100","Astellia","568500","61740","656","10","92","1","0","9.21","Astellia"