"","","Game","Watch time","Stream time","Peak viewers","Peak channels","Streamers","Average viewers","Average channels","Average viewer ratio",""
"Puzzle Fighter","4801","Puzzle Fighter","656580","57420","2928","4","66","1","0","11.43","Puzzle Fighter"
"Rockman & Forte: Mirai kara no Chousensha","4802","Rockman & Forte: Mirai kara no Chousensha","656580","12840","8424","5","31","1","0","51.14","Rockman & Forte: Mirai kara no Chousensha"
"Silent Hill HD Collection","4803","Silent Hill HD Collection","655980","50400","594","3","186","1","0","13.02","Silent Hill HD Collection"
"Resident Evil: Dead Aim","4804","Resident Evil: Dead Aim","655980","34440","1108","2","92","1","0","19.05","Resident Evil: Dead Aim"
"Simmiland","4805","Simmiland","655740","11820","3651","4","66","1","0","55.48","Simmiland"
"In Death","4806","In Death","655680","82020","1175","6","383","1","0","7.99","In Death"
"GRID Autosport","4807","GRID Autosport","655080","161700","2208","7","679","1","0","4.05","GRID Autosport"
"TwitchCon 2017","4808","TwitchCon 2017","654960","97860","706","3","396","1","0","6.69","TwitchCon 2017"
"The Battle of Olympus","4809","The Battle of Olympus","654840","12840","3042","2","27","1","0","51","The Battle of Olympus"
"Gloom","4810","Gloom","653820","27000","4864","3","128","1","0","24.22","Gloom"
"Shotgun Farmers","4811","Shotgun Farmers","653820","46500","2945","6","197","1","0","14.06","Shotgun Farmers"
"Might and Magic VI: The Mandate of Heaven","4812","Might and Magic VI: The Mandate of Heaven","653700","135180","86","3","133","1","0","4.84","Might and Magic VI: The Mandate of Heaven"
"Wizorb","4813","Wizorb","653340","7920","4831","2","38","1","0","82.49","Wizorb"
"Yo! Noid","4814","Yo! Noid","653340","51240","4063","4","159","1","0","12.75","Yo! Noid"
"Quest Room: Hanon","4815","Quest Room: Hanon","652680","1920","2540","1","13","1","0","339.94","Quest Room: Hanon"
"Super Crossfire","4816","Super Crossfire","652260","120","10955","1","2","1","0","5435.5","Super Crossfire"
"Shadow Hearts","4817","Shadow Hearts","651600","116760","153","4","137","1","0","5.58","Shadow Hearts"
"Objects in Space","4818","Objects in Space","651360","20580","3423","3","76","1","0","31.65","Objects in Space"
"Chronicles of Elyria","4819","Chronicles of Elyria","651000","26940","753","3","26","1","0","24.16","Chronicles of Elyria"
"Pogo","4820","Pogo","650880","10440","40335","8","36","1","0","62.34","Pogo"
"Spore Galactic Adventures","4821","Spore Galactic Adventures","650580","59220","1300","3","270","1","0","10.99","Spore Galactic Adventures"
"Husk","4822","Husk","650400","30000","1477","2","117","1","0","21.68","Husk"
"Guacamelee! Gold Edition","4823","Guacamelee! Gold Edition","650040","82260","2342","3","283","1","0","7.9","Guacamelee! Gold Edition"
"Sonic Colors","4824","Sonic Colors","649920","82560","298","4","237","1","0","7.87","Sonic Colors"
"Atelier Annie: Alchemists of Sera Island","4825","Atelier Annie: Alchemists of Sera Island","649860","2220","6040","3","8","1","0","292.73","Atelier Annie: Alchemists of Sera Island"
"Breath of Death VII","4826","Breath of Death VII","649380","12240","10657","3","48","1","0","53.05","Breath of Death VII"
"Rat Simulator","4827","Rat Simulator","648000","4020","7791","2","25","1","0","161.19","Rat Simulator"
"Wonderbook: Book of Spells","4828","Wonderbook: Book of Spells","646260","600","4097","2","3","1","0","1077.1","Wonderbook: Book of Spells"
"Spyro: Enter the Dragonfly","4829","Spyro: Enter the Dragonfly","646080","67860","1675","3","228","1","0","9.52","Spyro: Enter the Dragonfly"
"Bus Simulator 16","4830","Bus Simulator 16","645720","58020","3338","4","345","1","0","11.13","Bus Simulator 16"
"Hamtaro: Ham-Ham Heartbreak","4831","Hamtaro: Ham-Ham Heartbreak","645660","48540","1650","3","137","1","0","13.3","Hamtaro: Ham-Ham Heartbreak"
"Overfall","4832","Overfall","645060","9300","1131","3","23","1","0","69.36","Overfall"
"Shantae: Risky's Revenge","4833","Shantae: Risky's Revenge","644940","80400","734","3","217","1","0","8.02","Shantae: Risky's Revenge"
"Shaq Fu","4834","Shaq Fu","644940","17220","4075","3","95","1","0","37.45","Shaq Fu"
"WarioWare, Inc.: Mega Party Game$","4835","WarioWare, Inc.: Mega Party Game$","644400","18120","6376","3","152","1","0","35.56","WarioWare, Inc.: Mega Party Game$"
"0ad","4836","0ad","644340","7620","5898","3","23","1","0","84.56","0ad"
"Prehistorik 2","4837","Prehistorik 2","643320","5100","1916","1","22","1","0","126.14","Prehistorik 2"
"Knights of Pen & Paper II","4838","Knights of Pen & Paper II","642600","56040","2929","3","213","1","0","11.47","Knights of Pen & Paper II"
"Dicey Dungeons","4839","Dicey Dungeons","642360","13020","2124","2","53","1","0","49.34","Dicey Dungeons"
"Retro City Rampage","4840","Retro City Rampage","642180","18780","2255","2","84","1","0","34.19","Retro City Rampage"
"Mortal Kombat: Deception","4841","Mortal Kombat: Deception","642120","27060","7698","2","88","1","0","23.73","Mortal Kombat: Deception"
"In Your Face","4842","In Your Face","641400","1320","2339","1","6","1","0","485.91","In Your Face"
"Infinite Minigolf","4843","Infinite Minigolf","641400","32400","6150","3","167","1","0","19.8","Infinite Minigolf"
"Sigi - A Fart for Melusina","4844","Sigi - A Fart for Melusina","641100","16380","3552","3","133","1","0","39.14","Sigi - A Fart for Melusina"
"Super Bomberman 5","4845","Super Bomberman 5","640980","12180","3473","2","61","1","0","52.63","Super Bomberman 5"
"Starve.io","4846","Starve.io","639720","26160","927","2","101","1","0","24.45","Starve.io"
"The Dig","4847","The Dig","639600","40020","551","3","110","1","0","15.98","The Dig"
"Hide Or Die","4848","Hide Or Die","639540","24300","1695","19","116","1","0","26.32","Hide Or Die"
"Armajet","4849","Armajet","639240","84480","226","6","192","1","0","7.57","Armajet"
"Battle Royale Trainer","4850","Battle Royale Trainer","638760","35580","6713","3","183","1","0","17.95","Battle Royale Trainer"
"Elderborn","4851","Elderborn","637920","2220","9416","2","20","1","0","287.35","Elderborn"
"Spectraball","4852","Spectraball","637500","40620","1933","8","85","1","0","15.69","Spectraball"
"Rayman Arena","4853","Rayman Arena","637500","9180","5974","2","38","1","0","69.44","Rayman Arena"
"Spider-Man: Shattered Dimensions","4854","Spider-Man: Shattered Dimensions","637380","82500","1453","5","270","1","0","7.73","Spider-Man: Shattered Dimensions"
"Microsoft Treasure Hunt","4855","Microsoft Treasure Hunt","637320","1440","925","1","6","1","0","442.58","Microsoft Treasure Hunt"
"RPGolf","4856","RPGolf","637200","5880","2007","3","38","1","0","108.37","RPGolf"
"Dear Esther","4857","Dear Esther","637020","36780","3778","2","218","1","0","17.32","Dear Esther"
"Distant Worlds: Universe","4858","Distant Worlds: Universe","636000","10200","2450","2","22","1","0","62.35","Distant Worlds: Universe"
"Audiosurf","4859","Audiosurf","635820","158340","437","4","780","1","0","4.02","Audiosurf"
"Cube Escape: The Mill","4860","Cube Escape: The Mill","635700","5580","5152","2","46","1","0","113.92","Cube Escape: The Mill"
"Fate/stay night","4861","Fate/stay night","635460","85860","522","3","130","1","0","7.4","Fate/stay night"
"Oh...Sir! The Insult Simulator","4862","Oh...Sir! The Insult Simulator","635400","74400","1156","4","590","1","0","8.54","Oh...Sir! The Insult Simulator"
"Zero Gear","4863","Zero Gear","635100","2640","5686","2","20","1","0","240.57","Zero Gear"
"The Grand Tour Game","4864","The Grand Tour Game","634680","2460","6838","1","4","1","0","258","The Grand Tour Game"
"Icewind Dale: Enhanced Edition","4865","Icewind Dale: Enhanced Edition","634260","161940","195","5","242","1","0","3.92","Icewind Dale: Enhanced Edition"
"The Hobbit","4866","The Hobbit","634080","63780","2250","3","116","1","0","9.94","The Hobbit"
"Medivia Online","4867","Medivia Online","633660","103380","52","4","117","1","0","6.13","Medivia Online"
"Never Mind","4868","Never Mind","633600","600","5466","1","4","1","0","1056","Never Mind"
"The Bureau: XCOM Declassified","4869","The Bureau: XCOM Declassified","633540","192060","330","6","606","1","0","3.3","The Bureau: XCOM Declassified"
"windowframe","4870","windowframe","633300","7380","2516","2","52","1","0","85.81","windowframe"
"Teeworlds","4871","Teeworlds","633180","83400","674","3","393","1","0","7.59","Teeworlds"
"Plants vs. Zombies: Garden Warfare","4872","Plants vs. Zombies: Garden Warfare","632700","134160","1003","4","1627","1","0","4.72","Plants vs. Zombies: Garden Warfare"
"Bootleg Systems","4873","Bootleg Systems","632460","2220","3011","1","10","1","0","284.89","Bootleg Systems"
"Pilotwings 64","4874","Pilotwings 64","632100","10380","7601","2","49","1","0","60.9","Pilotwings 64"
"Warparty","4875","Warparty","631560","17580","1141","5","80","1","0","35.92","Warparty"
"Transformers: War For Cybertron","4876","Transformers: War For Cybertron","631440","55740","902","4","158","1","0","11.33","Transformers: War For Cybertron"
"The Showdown Effect","4877","The Showdown Effect","631020","6120","20892","3","16","1","0","103.11","The Showdown Effect"
"Dragons War","4878","Dragons War","630360","24540","254","2","25","1","0","25.69","Dragons War"
"Madden NFL 17","4879","Madden NFL 17","630180","788160","612","15","3686","1","1","0.8","Madden NFL 17"
"Capcom Arcade Cabinet","4880","Capcom Arcade Cabinet","630000","20820","221","2","48","1","0","30.26","Capcom Arcade Cabinet"
"Kingdom Hearts: Chain of Memories","4881","Kingdom Hearts: Chain of Memories","629940","102420","228","5","230","1","0","6.15","Kingdom Hearts: Chain of Memories"
"WWF No Mercy","4882","WWF No Mercy","629820","51600","1547","3","197","1","0","12.21","WWF No Mercy"
"The Uncertain: Episode 1 - The Last Quiet Day","4883","The Uncertain: Episode 1 - The Last Quiet Day","629760","30540","2162","4","143","1","0","20.62","The Uncertain: Episode 1 - The Last Quiet Day"
"Sudoku","4884","Sudoku","629460","41880","2446","2","226","1","0","15.03","Sudoku"
"Missing Translation","4885","Missing Translation","629100","8640","4221","3","65","1","0","72.81","Missing Translation"
"Marvin's Mittens","4886","Marvin's Mittens","628920","4380","9063","2","26","1","0","143.59","Marvin's Mittens"
"Sentinels of the Multiverse: The Video Game","4887","Sentinels of the Multiverse: The Video Game","628800","86700","89","5","179","1","0","7.25","Sentinels of the Multiverse: The Video Game"
"Dying Light 2","4888","Dying Light 2","627600","7560","2082","2","34","1","0","83.02","Dying Light 2"
"Viviette","4889","Viviette","627120","6300","3853","3","27","1","0","99.54","Viviette"
"Verdun","4890","Verdun","627000","216900","176","6","1351","1","0","2.89","Verdun"
"Ovivo","4891","Ovivo","626820","5640","3894","2","36","1","0","111.14","Ovivo"
"Cooking Dash","4892","Cooking Dash","626340","5220","5292","1","35","1","0","119.99","Cooking Dash"
"MLB SlugFest 20-03","4893","MLB SlugFest 20-03","625980","2760","1070","1","6","1","0","226.8","MLB SlugFest 20-03"
"Death by Degrees","4894","Death by Degrees","625800","3000","7106","2","15","1","0","208.6","Death by Degrees"
"Rock N' Roll Racing","4895","Rock N' Roll Racing","625620","45360","2267","3","143","1","0","13.79","Rock N' Roll Racing"
"Marvel Super Heroes","4896","Marvel Super Heroes","625560","17100","5656","2","78","1","0","36.58","Marvel Super Heroes"
"Iron Snout","4897","Iron Snout","625260","33240","6784","2","326","1","0","18.81","Iron Snout"
"Calm Down, Stalin","4898","Calm Down, Stalin","624780","6900","3482","2","52","1","0","90.55","Calm Down, Stalin"
"Windscape","4899","Windscape","624480","4200","1390","2","19","1","0","148.69","Windscape"
"Blood Omen: Legacy of Kain","4900","Blood Omen: Legacy of Kain","624420","69780","241","3","135","1","0","8.95","Blood Omen: Legacy of Kain"