"","","Game","Watch time","Stream time","Peak viewers","Peak channels","Streamers","Average viewers","Average channels","Average viewer ratio",""
"Downwell","4201","Downwell","909540","171360","1842","5","1139","1","0","5.31","Downwell"
"Entertainment Hero","4202","Entertainment Hero","909240","238020","66","4","97","1","0","3.82","Entertainment Hero"
"Million Arthur Arcana Blood","4203","Million Arthur Arcana Blood","909180","63480","3687","17","166","1","0","14.32","Million Arthur Arcana Blood"
"Long Live the Queen","4204","Long Live the Queen","909000","76680","765","3","337","1","0","11.85","Long Live the Queen"
"Heroine's Quest: The Herald of Ragnarok","4205","Heroine's Quest: The Herald of Ragnarok","907620","18840","8762","3","39","1","0","48.18","Heroine's Quest: The Herald of Ragnarok"
"Bump 'N' Jump","4206","Bump 'N' Jump","907020","4440","427","1","6","1","0","204.28","Bump 'N' Jump"
"Persona 4: Arena Ultimax","4207","Persona 4: Arena Ultimax","906360","212580","796","4","160","1","0","4.26","Persona 4: Arena Ultimax"
"Giga Wrecker","4208","Giga Wrecker","905580","15600","6795","3","36","1","0","58.05","Giga Wrecker"
"Among Us","4209","Among Us","905160","2220","7617","3","16","1","0","407.73","Among Us"
"Bomberman Fantasy Race","4210","Bomberman Fantasy Race","905160","16500","7344","2","25","1","0","54.86","Bomberman Fantasy Race"
"Golf Clash","4211","Golf Clash","903120","118320","158","4","166","1","0","7.63","Golf Clash"
"Time and Eternity","4212","Time and Eternity","901920","9660","5117","1","14","1","0","93.37","Time and Eternity"
"Love+","4213","Love+","901440","3480","10010","1","23","1","0","259.03","Love+"
"Press Your Luck","4214","Press Your Luck","901200","11880","496","2","11","1","0","75.86","Press Your Luck"
"Draw Something","4215","Draw Something","899220","153840","824","4","483","1","0","5.85","Draw Something"
"Ys I & II Chronicles","4216","Ys I & II Chronicles","898800","158520","609","5","271","1","0","5.67","Ys I & II Chronicles"
"Skylanders Ring of Heroes","4217","Skylanders Ring of Heroes","898740","48360","440","7","57","1","0","18.58","Skylanders Ring of Heroes"
"Make Sail","4218","Make Sail","898560","14280","31465","5","82","1","0","62.92","Make Sail"
"Football Manager","4219","Football Manager","897540","31620","3279","3","92","1","0","28.39","Football Manager"
"Aegis Defenders","4220","Aegis Defenders","897360","39540","2365","9","173","1","0","22.69","Aegis Defenders"
"Kursk","4221","Kursk","896820","12000","3467","5","75","1","0","74.74","Kursk"
"The King of Fighters 2002 Unlimited Match","4222","The King of Fighters 2002 Unlimited Match","896640","49560","1173","3","264","1","0","18.09","The King of Fighters 2002 Unlimited Match"
"War Robots","4223","War Robots","895500","435480","2907","8","887","1","0","2.06","War Robots"
"Kinniku Banzuke: Muscle Wars 21","4224","Kinniku Banzuke: Muscle Wars 21","895380","420","2619","1","1","1","0","2131.86","Kinniku Banzuke: Muscle Wars 21"
"Silent Hill 2: Restless Dreams","4225","Silent Hill 2: Restless Dreams","895080","38100","753","2","88","1","0","23.49","Silent Hill 2: Restless Dreams"
"Landinar: Into the Void","4226","Landinar: Into the Void","894480","9060","13432","3","26","1","0","98.73","Landinar: Into the Void"
"Arx Fatalis","4227","Arx Fatalis","894360","100020","291","4","189","1","0","8.94","Arx Fatalis"
"Dungeon Siege","4228","Dungeon Siege","894240","70620","1682","3","212","1","0","12.66","Dungeon Siege"
"Spy Fox in ""Dry Cereal""","4229","Spy Fox in ""Dry Cereal""","894180","24660","2048","2","146","1","0","36.26","Spy Fox in ""Dry Cereal"""
"Chaos on Deponia","4230","Chaos on Deponia","893520","107040","671","3","246","1","0","8.35","Chaos on Deponia"
"Event[0]","4231","Event[0]","893040","42540","2725","2","209","1","0","20.99","Event[0]"
"Final Fantasy Type-0 HD","4232","Final Fantasy Type-0 HD","892260","282180","242","5","903","1","0","3.16","Final Fantasy Type-0 HD"
"Rome: Total War","4233","Rome: Total War","892200","166620","539","4","532","1","0","5.35","Rome: Total War"
"Eiyuu Densetsu: Zero no Kiseki","4234","Eiyuu Densetsu: Zero no Kiseki","891840","59220","196","3","35","1","0","15.06","Eiyuu Densetsu: Zero no Kiseki"
"Romancing SaGa 2","4235","Romancing SaGa 2","891720","88800","801","7","156","1","0","10.04","Romancing SaGa 2"
"Modern Combat Versus","4236","Modern Combat Versus","891300","383640","259","7","1517","1","0","2.32","Modern Combat Versus"
"Worms Battlegrounds","4237","Worms Battlegrounds","891060","211680","7362","6","1402","1","0","4.21","Worms Battlegrounds"
"Train Valley","4238","Train Valley","890820","42360","2362","3","201","1","0","21.03","Train Valley"
"Tokyo Mirage Sessions ♯FE","4239","Tokyo Mirage Sessions ♯FE","890460","223080","82","5","207","1","0","3.99","Tokyo Mirage Sessions ♯FE"
"Cruz Brothers","4240","Cruz Brothers","890160","3600","7025","2","30","1","0","247.27","Cruz Brothers"
"Guilty Gear","4241","Guilty Gear","889440","7560","9279","2","41","1","0","117.65","Guilty Gear"
"Monument Valley","4242","Monument Valley","888240","13800","2707","2","94","1","0","64.37","Monument Valley"
"Wolfy","4243","Wolfy","888120","11640","1866","4","74","1","0","76.3","Wolfy"
"Tokimeki Memorial: Forever With You","4244","Tokimeki Memorial: Forever With You","886440","960","1811","1","3","1","0","923.38","Tokimeki Memorial: Forever With You"
"PokéPark 2: Wonders Beyond","4245","PokéPark 2: Wonders Beyond","886080","16500","3933","2","51","1","0","53.7","PokéPark 2: Wonders Beyond"
"Marvel Ultimate Alliance","4246","Marvel Ultimate Alliance","884820","222900","2720","6","922","1","0","3.97","Marvel Ultimate Alliance"
"Slither","4247","Slither","884580","41040","12285","3","273","1","0","21.55","Slither"
"Gal Gun: Double Peace","4248","Gal Gun: Double Peace","884340","111240","851","6","643","1","0","7.95","Gal Gun: Double Peace"
"Fable Fortune","4249","Fable Fortune","884100","158460","1022","13","492","1","0","5.58","Fable Fortune"
"The Testament of Sherlock Holmes","4250","The Testament of Sherlock Holmes","884040","45780","774","2","114","1","0","19.31","The Testament of Sherlock Holmes"
"SD Gundam Capsule Fighter Online","4251","SD Gundam Capsule Fighter Online","883680","90660","4103","12","91","1","0","9.75","SD Gundam Capsule Fighter Online"
"Disney's Bolt","4252","Disney's Bolt","883560","1380","6621","2","11","1","0","640.26","Disney's Bolt"
"Cyberbots: Fullmetal Madness","4253","Cyberbots: Fullmetal Madness","883320","4320","6477","1","22","1","0","204.47","Cyberbots: Fullmetal Madness"
"Battlefleet Gothic: Armada II","4254","Battlefleet Gothic: Armada II","883140","35820","688","17","115","1","0","24.65","Battlefleet Gothic: Armada II"
"Teenage Mutant Ninja Turtles: Manhattan Missions","4255","Teenage Mutant Ninja Turtles: Manhattan Missions","882960","2340","8487","2","7","1","0","377.33","Teenage Mutant Ninja Turtles: Manhattan Missions"
"Knights & Merchants","4256","Knights & Merchants","881760","91920","351","3","195","1","0","9.59","Knights & Merchants"
"Half-Minute Hero: Super Mega Neo Climax","4257","Half-Minute Hero: Super Mega Neo Climax","881220","26400","2275","2","125","1","0","33.38","Half-Minute Hero: Super Mega Neo Climax"
"Animal","4258","Animal","880320","579960","353","6","126","1","1","1.52","Animal"
"Black the Fall","4259","Black the Fall","879840","86400","832","5","411","1","0","10.18","Black the Fall"
"Return of the Tentacle: Prologue","4260","Return of the Tentacle: Prologue","879420","14580","1209","4","91","1","0","60.32","Return of the Tentacle: Prologue"
"Final Fantasy Legend II","4261","Final Fantasy Legend II","878100","22440","1910","3","35","1","0","39.13","Final Fantasy Legend II"
"Mega Man & Bass","4262","Mega Man & Bass","877980","62100","2308","3","159","1","0","14.14","Mega Man & Bass"
"Cube Escape: The Lake","4263","Cube Escape: The Lake","877740","11580","12707","2","84","1","0","75.8","Cube Escape: The Lake"
"Neighbors from Hell 2: On Vacation","4264","Neighbors from Hell 2: On Vacation","877260","4980","2416","2","30","1","0","176.16","Neighbors from Hell 2: On Vacation"
"MultiTaskMaster","4265","MultiTaskMaster","876840","1140","7796","2","9","1","0","769.16","MultiTaskMaster"
"Slender: The Eight Pages","4266","Slender: The Eight Pages","876600","81420","1232","6","746","1","0","10.77","Slender: The Eight Pages"
"Freelancer","4267","Freelancer","876240","169260","2673","4","278","1","0","5.18","Freelancer"
"The King of Fighters '96","4268","The King of Fighters '96","876180","4560","1514","1","22","1","0","192.14","The King of Fighters '96"
"Emily Is Away Too","4269","Emily Is Away Too","875640","75540","841","3","420","1","0","11.59","Emily Is Away Too"
"The Crooked Man","4270","The Crooked Man","875280","95100","238","4","338","1","0","9.2","The Crooked Man"
"Argentum Online","4271","Argentum Online","875280","38160","1407","2","92","1","0","22.94","Argentum Online"
"Barbie in the 12 Dancing Princesses","4272","Barbie in the 12 Dancing Princesses","874200","12300","2880","2","35","1","0","71.07","Barbie in the 12 Dancing Princesses"
"Bean Battles","4273","Bean Battles","874140","6180","7421","4","31","1","0","141.45","Bean Battles"
"Alundra 2","4274","Alundra 2","873720","22380","392","2","27","1","0","39.04","Alundra 2"
"Divinity II: Ego Draconis","4275","Divinity II: Ego Draconis","873480","98520","441","3","154","1","0","8.87","Divinity II: Ego Draconis"
"Pepsi Man","4276","Pepsi Man","873360","15300","3578","2","98","1","0","57.08","Pepsi Man"
"Mario Strikers Charged","4277","Mario Strikers Charged","873180","21540","3783","3","131","1","0","40.54","Mario Strikers Charged"
"Gas Guzzlers Extreme","4278","Gas Guzzlers Extreme","872400","34080","6537","3","179","1","0","25.6","Gas Guzzlers Extreme"
"Lara Croft: Go","4279","Lara Croft: Go","872100","73980","2464","3","352","1","0","11.79","Lara Croft: Go"
"Escape","4280","Escape","870720","54000","9397","4","341","1","0","16.12","Escape"
"Eiyuu Densetsu: Sen no Kiseki III","4281","Eiyuu Densetsu: Sen no Kiseki III","870720","165240","128","9","77","1","0","5.27","Eiyuu Densetsu: Sen no Kiseki III"
"Shower With Your Dad Simulator 2015: Do You Still Shower With Your Dad?","4282","Shower With Your Dad Simulator 2015: Do You Still Shower With Your Dad?","870540","104700","4719","3","428","1","0","8.31","Shower With Your Dad Simulator 2015: Do You Still Shower With Your Dad?"
"Endless Fables: The Minotaur's Curse","4283","Endless Fables: The Minotaur's Curse","869400","5400","1827","2","19","1","0","161","Endless Fables: The Minotaur's Curse"
"We Love Katamari","4284","We Love Katamari","868740","60060","1844","3","212","1","0","14.46","We Love Katamari"
"Dragon Ball Z: Super Butoden","4285","Dragon Ball Z: Super Butoden","868620","2940","8353","1","14","1","0","295.45","Dragon Ball Z: Super Butoden"
"Bloody Roar 4","4286","Bloody Roar 4","868440","3660","7180","1","30","1","0","237.28","Bloody Roar 4"
"Education Series: General Knowledge Builder","4287","Education Series: General Knowledge Builder","868320","397560","11538","3","108","1","0","2.18","Education Series: General Knowledge Builder"
"Victor Vran","4288","Victor Vran","868320","261660","289","11","1015","1","0","3.32","Victor Vran"
"A Collection of Bad Moments","4289","A Collection of Bad Moments","867660","1260","8057","1","10","1","0","688.62","A Collection of Bad Moments"
"Robothorium","4290","Robothorium","866880","39180","1125","8","196","1","0","22.13","Robothorium"
"Automobilista","4291","Automobilista","866340","126840","1143","3","294","1","0","6.83","Automobilista"
"What the box?","4292","What the box?","866280","25860","2184","4","206","1","0","33.5","What the box?"
"F1","4293","F1","866220","19920","8064","2","152","1","0","43.48","F1"
"Guilty Gear Xrd -SIGN-","4294","Guilty Gear Xrd -SIGN-","866040","38640","12278","3","230","1","0","22.41","Guilty Gear Xrd -SIGN-"
"Syphon Filter","4295","Syphon Filter","865440","57240","1770","2","123","1","0","15.12","Syphon Filter"
"SanctuaryRPG","4296","SanctuaryRPG","865320","18360","2377","2","93","1","0","47.13","SanctuaryRPG"
"Aporia: Beyond The Valley","4297","Aporia: Beyond The Valley","864660","34200","3994","3","125","1","0","25.28","Aporia: Beyond The Valley"
"Need for Speed: Porsche Unleashed","4298","Need for Speed: Porsche Unleashed","864360","16260","692","3","46","1","0","53.16","Need for Speed: Porsche Unleashed"
"Metal Gear Solid: Portable Ops","4299","Metal Gear Solid: Portable Ops","863820","25260","3377","4","52","1","0","34.2","Metal Gear Solid: Portable Ops"
"SpongeBob SquarePants: Lights, Camera, Pants!","4300","SpongeBob SquarePants: Lights, Camera, Pants!","863760","21180","4390","3","87","1","0","40.78","SpongeBob SquarePants: Lights, Camera, Pants!"