"","","Game","Watch time","Stream time","Peak viewers","Peak channels","Streamers","Average viewers","Average channels","Average viewer ratio",""
"Amplitude","6301","Amplitude","309660","107880","252","3","495","0","0","2.87","Amplitude"
"Poptropica","6302","Poptropica","309660","54780","1328","3","337","0","0","5.65","Poptropica"
"Day of Defeat","6303","Day of Defeat","309420","65760","672","4","224","0","0","4.71","Day of Defeat"
"Cytus II","6304","Cytus II","309360","73620","209","3","350","0","0","4.2","Cytus II"
"LEGO Dimensions","6305","LEGO Dimensions","308940","141660","126","5","370","0","0","2.18","LEGO Dimensions"
"Geometry Wars: Retro Evolved 2","6306","Geometry Wars: Retro Evolved 2","308940","13560","2459","3","66","0","0","22.78","Geometry Wars: Retro Evolved 2"
"VOEZ","6307","VOEZ","308700","46560","2696","3","295","0","0","6.63","VOEZ"
"#WarGames","6308","#WarGames","308520","10500","1615","3","77","0","0","29.38","#WarGames"
"Mega Man IV","6309","Mega Man IV","308340","18000","2280","2","61","0","0","17.13","Mega Man IV"
"Organ Trail","6310","Organ Trail","308340","44460","354","3","202","0","0","6.94","Organ Trail"
"RollerCoaster Tycoon World","6311","RollerCoaster Tycoon World","308340","36840","1494","3","154","0","0","8.37","RollerCoaster Tycoon World"
"Vampire Rain","6312","Vampire Rain","308280","4140","227","1","12","0","0","74.46","Vampire Rain"
"Jaws","6313","Jaws","308220","5160","4006","1","51","0","0","59.73","Jaws"
"Blue Stinger","6314","Blue Stinger","308040","12300","956","2","35","0","0","25.04","Blue Stinger"
"Toram Online","6315","Toram Online","308040","102540","108","3","228","0","0","3","Toram Online"
"Power Blade II","6316","Power Blade II","307620","2160","1493","1","15","0","0","142.42","Power Blade II"
"The Adventures of Bertram Fiddle","6317","The Adventures of Bertram Fiddle","307500","12840","742","2","40","0","0","23.95","The Adventures of Bertram Fiddle"
"P.A.S.","6318","P.A.S.","307500","55500","105","9","228","0","0","5.54","P.A.S."
"Crysis Warhead","6319","Crysis Warhead","307380","52380","413","3","180","0","0","5.87","Crysis Warhead"
"WolfTeam","6320","WolfTeam","307200","73560","406","3","467","0","0","4.18","WolfTeam"
"Triviador","6321","Triviador","307200","16740","2999","3","119","0","0","18.35","Triviador"
"Jikkyou Powerful Pro Yakyuu 11","6322","Jikkyou Powerful Pro Yakyuu 11","307140","11460","2300","2","5","0","0","26.8","Jikkyou Powerful Pro Yakyuu 11"
"Project Spaghetti","6323","Project Spaghetti","307140","8280","9041","2","15","0","0","37.09","Project Spaghetti"
"GrimmWood","6324","GrimmWood","306900","22380","333","4","129","0","0","13.71","GrimmWood"
"Top Gun","6325","Top Gun","306840","2760","455","1","19","0","0","111.17","Top Gun"
"Fairy Fencer F","6326","Fairy Fencer F","306480","99420","78","3","213","0","0","3.08","Fairy Fencer F"
"The Amazing Spider-Man","6327","The Amazing Spider-Man","306180","77100","271","4","304","0","0","3.97","The Amazing Spider-Man"
"Battle for Wesnoth","6328","Battle for Wesnoth","305940","104160","124","5","252","0","0","2.94","Battle for Wesnoth"
"Super Robot Wars Alpha","6329","Super Robot Wars Alpha","305940","10740","576","2","12","0","0","28.49","Super Robot Wars Alpha"
"Hoyeonjigi","6330","Hoyeonjigi","305940","120","2660","1","1","0","0","2549.5","Hoyeonjigi"
"Mission: Impossible","6331","Mission: Impossible","305640","16320","706","3","50","0","0","18.73","Mission: Impossible"
"Assassin's Creed Liberation HD","6332","Assassin's Creed Liberation HD","305400","72720","280","4","239","0","0","4.2","Assassin's Creed Liberation HD"
"Catlateral Damage","6333","Catlateral Damage","305100","48540","308","3","383","0","0","6.29","Catlateral Damage"
"The Legend of Kyrandia: Hand of Fate","6334","The Legend of Kyrandia: Hand of Fate","304440","5520","585","1","23","0","0","55.15","The Legend of Kyrandia: Hand of Fate"
"Dragon Quest Heroes","6335","Dragon Quest Heroes","304440","79440","148","3","385","0","0","3.83","Dragon Quest Heroes"
"Neopets: The Darkest Faerie","6336","Neopets: The Darkest Faerie","304380","24840","1366","3","67","0","0","12.25","Neopets: The Darkest Faerie"
"Draft Day Sports: Pro Football 2016","6337","Draft Day Sports: Pro Football 2016","304080","19800","45","2","8","0","0","15.36","Draft Day Sports: Pro Football 2016"
"Survivors","6338","Survivors","304020","1740","1863","2","19","0","0","174.72","Survivors"
"Vectorman","6339","Vectorman","303840","18720","2357","3","64","0","0","16.23","Vectorman"
"Soundboxing","6340","Soundboxing","303780","29700","254","2","79","0","0","10.23","Soundboxing"
"Angry Video Game Nerd II: ASSimilation","6341","Angry Video Game Nerd II: ASSimilation","303600","13260","2123","3","69","0","0","22.9","Angry Video Game Nerd II: ASSimilation"
"Barbie's Ocean Discovery","6342","Barbie's Ocean Discovery","303420","38460","1831","2","104","0","0","7.89","Barbie's Ocean Discovery"
"Chocobo Racing","6343","Chocobo Racing","303300","14760","2814","5","77","0","0","20.55","Chocobo Racing"
"Beat Hazard","6344","Beat Hazard","303180","102540","221","5","560","0","0","2.96","Beat Hazard"
"Dennis the Menace","6345","Dennis the Menace","303180","3420","2035","2","7","0","0","88.65","Dennis the Menace"
"Duskers","6346","Duskers","303060","49500","1169","3","176","0","0","6.12","Duskers"
"Synergy","6347","Synergy","303000","47160","314","2","260","0","0","6.42","Synergy"
"Chowderchu","6348","Chowderchu","302640","780","1954","2","7","0","0","388","Chowderchu"
"Seal Online","6349","Seal Online","302580","62580","155","3","70","0","0","4.84","Seal Online"
"A Normal Lost Phone","6350","A Normal Lost Phone","302520","20220","315","2","112","0","0","14.96","A Normal Lost Phone"
"Adventures in the Magic Kingdom","6351","Adventures in the Magic Kingdom","302340","16860","522","5","37","0","0","17.93","Adventures in the Magic Kingdom"
"Soldat","6352","Soldat","302220","72420","699","4","103","0","0","4.17","Soldat"
"Disaster Report","6353","Disaster Report","302160","17040","347","2","49","0","0","17.73","Disaster Report"
"London Racer","6354","London Racer","302160","420","5024","1","6","0","0","719.43","London Racer"
"Organ Trail: Director's Cut","6355","Organ Trail: Director's Cut","301980","53640","104","4","243","0","0","5.63","Organ Trail: Director's Cut"
"A Case of Distrust","6356","A Case of Distrust","301860","9600","3438","2","38","0","0","31.44","A Case of Distrust"
"Zenzizenzic","6357","Zenzizenzic","301740","1680","4939","1","17","0","0","179.61","Zenzizenzic"
"Asphalt 9: Legends","6358","Asphalt 9: Legends","301440","152040","489","9","941","0","0","1.98","Asphalt 9: Legends"
"Shortest Trip to Earth","6359","Shortest Trip to Earth","301320","8340","960","2","34","0","0","36.13","Shortest Trip to Earth"
"Bugs Bunny Crazy Castle 4","6360","Bugs Bunny Crazy Castle 4","300720","1140","1548","1","8","0","0","263.79","Bugs Bunny Crazy Castle 4"
"Mario & Luigi: Bowser's Inside Story","6361","Mario & Luigi: Bowser's Inside Story","300420","36180","211","3","76","0","0","8.3","Mario & Luigi: Bowser's Inside Story"
"Stars Without Number","6362","Stars Without Number","300300","74100","104","4","73","0","0","4.05","Stars Without Number"
"Street Fighter Alpha: Warriors' Dreams","6363","Street Fighter Alpha: Warriors' Dreams","300240","3900","6244","1","21","0","0","76.98","Street Fighter Alpha: Warriors' Dreams"
"Guns N' Boxes","6364","Guns N' Boxes","300120","1200","5466","3","8","0","0","250.1","Guns N' Boxes"
"Wu-Tang: Shaolin Style","6365","Wu-Tang: Shaolin Style","300000","2040","5065","1","15","0","0","147.06","Wu-Tang: Shaolin Style"
"Tetris DX","6366","Tetris DX","299940","7920","4514","2","31","0","0","37.87","Tetris DX"
"NBA 2K3","6367","NBA 2K3","299820","6240","416","1","6","0","0","48.05","NBA 2K3"
"Sonic Lost World","6368","Sonic Lost World","299640","70560","116","3","248","0","0","4.25","Sonic Lost World"
"Target: Terror","6369","Target: Terror","299520","600","2721","1","4","0","0","499.2","Target: Terror"
"Roots of Insanity","6370","Roots of Insanity","299160","16680","769","2","92","0","0","17.94","Roots of Insanity"
"Robin Hood: The Legend of Sherwood","6371","Robin Hood: The Legend of Sherwood","299040","11520","280","2","47","0","0","25.96","Robin Hood: The Legend of Sherwood"
"Columns","6372","Columns","298920","16440","3467","6","58","0","0","18.18","Columns"
"360 No Scope Arena","6373","360 No Scope Arena","298800","4620","3753","2","55","0","0","64.68","360 No Scope Arena"
"Bridge Constructor Medieval","6374","Bridge Constructor Medieval","298740","7980","922","1","60","0","0","37.44","Bridge Constructor Medieval"
"Mantis Burn Racing","6375","Mantis Burn Racing","298740","8820","823","3","41","0","0","33.87","Mantis Burn Racing"
"NiGHTS: Journey of Dreams","6376","NiGHTS: Journey of Dreams","298620","2940","1903","2","14","0","0","101.57","NiGHTS: Journey of Dreams"
"Heroes of Might and Magic IV: The Gathering Storm","6377","Heroes of Might and Magic IV: The Gathering Storm","298560","6480","163","2","18","0","0","46.07","Heroes of Might and Magic IV: The Gathering Storm"
"Gran Turismo","6378","Gran Turismo","298320","54780","202","3","174","0","0","5.45","Gran Turismo"
"Space Crusade","6379","Space Crusade","298320","1620","1196","1","5","0","0","184.15","Space Crusade"
"Dynowarz: Destruction of Spondylus","6380","Dynowarz: Destruction of Spondylus","298200","1500","1693","1","9","0","0","198.8","Dynowarz: Destruction of Spondylus"
"Stone","6381","Stone","298140","3360","1437","2","23","0","0","88.73","Stone"
"Corridor Z","6382","Corridor Z","297900","4620","8489","2","37","0","0","64.48","Corridor Z"
"Catmaze","6383","Catmaze","297900","22200","608","3","75","0","0","13.42","Catmaze"
"Diep.io","6384","Diep.io","297540","193560","386","4","580","0","0","1.54","Diep.io"
"Flipping Legend","6385","Flipping Legend","297420","1020","2568","1","4","0","0","291.59","Flipping Legend"
"Torment: Tides Of Numenera","6386","Torment: Tides Of Numenera","297240","126120","43","6","338","0","0","2.36","Torment: Tides Of Numenera"
"Mesozoica","6387","Mesozoica","296700","8100","2441","3","40","0","0","36.63","Mesozoica"
"Save Jesus","6388","Save Jesus","295860","16500","1485","3","137","0","0","17.93","Save Jesus"
"Fight'N Rage","6389","Fight'N Rage","295680","53700","262","2","182","0","0","5.51","Fight'N Rage"
"Hiking Simulator 2017","6390","Hiking Simulator 2017","295620","3420","4452","2","18","0","0","86.44","Hiking Simulator 2017"
"Fire Emblem: Shin Monshou no Nazo - Hikari to Kage no Eiyuu","6391","Fire Emblem: Shin Monshou no Nazo - Hikari to Kage no Eiyuu","294900","57540","81","3","76","0","0","5.13","Fire Emblem: Shin Monshou no Nazo - Hikari to Kage no Eiyuu"
"Skull & Bones","6392","Skull & Bones","294840","300","2624","1","2","0","0","982.8","Skull & Bones"
"The Woods","6393","The Woods","294720","2580","4076","2","17","0","0","114.23","The Woods"
"Ambition of the Slimes","6394","Ambition of the Slimes","294660","1560","779","1","6","0","0","188.88","Ambition of the Slimes"
"Sniper Elite","6395","Sniper Elite","294600","41640","473","3","185","0","0","7.07","Sniper Elite"
"Music Composer","6396","Music Composer","294600","72120","118","4","286","0","0","4.08","Music Composer"
"Mortal Kombat 3","6397","Mortal Kombat 3","294180","15420","3718","2","96","0","0","19.08","Mortal Kombat 3"
"CSI: Fatal Conspiracy","6398","CSI: Fatal Conspiracy","294120","6180","301","2","11","0","0","47.59","CSI: Fatal Conspiracy"
"Planet Centauri","6399","Planet Centauri","293880","63240","1655","2","160","0","0","4.65","Planet Centauri"
"SimCity 4","6400","SimCity 4","293700","85500","296","3","356","0","0","3.44","SimCity 4"