"","","Game","Watch time","Stream time","Peak viewers","Peak channels","Streamers","Average viewers","Average channels","Average viewer ratio",""
"Prototype","3501","Prototype","1379760","181320","5413","4","1039","2","0","7.61","Prototype"
"Edna & Harvey: The Breakout","3502","Edna & Harvey: The Breakout","1379700","119100","1876","4","319","2","0","11.58","Edna & Harvey: The Breakout"
"Mirror","3503","Mirror","1379580","47340","5184","3","248","2","0","29.14","Mirror"
"Gremlins, Inc.","3504","Gremlins, Inc.","1379040","163740","536","6","513","2","0","8.42","Gremlins, Inc."
"Persona 4: Dancing All Night","3505","Persona 4: Dancing All Night","1378380","140160","2677","15","610","2","0","9.83","Persona 4: Dancing All Night"
"Call of Duty: World at War: Zombies","3506","Call of Duty: World at War: Zombies","1377600","495600","676","10","2943","2","0","2.78","Call of Duty: World at War: Zombies"
"Dakar 18","3507","Dakar 18","1376160","76860","3277","13","306","2","0","17.9","Dakar 18"
"Kingdom Hearts 358/2 Days","3508","Kingdom Hearts 358/2 Days","1374780","129720","673","4","257","2","0","10.6","Kingdom Hearts 358/2 Days"
"Unlimited SaGa","3509","Unlimited SaGa","1374720","114000","931","7","44","2","0","12.06","Unlimited SaGa"
"Kingspray Graffiti VR","3510","Kingspray Graffiti VR","1373160","94920","3534","4","221","2","0","14.47","Kingspray Graffiti VR"
"Monopoly for Nintendo Switch","3511","Monopoly for Nintendo Switch","1372860","31680","5355","4","105","2","0","43.34","Monopoly for Nintendo Switch"
"Castle of Illusion starring Mickey Mouse","3512","Castle of Illusion starring Mickey Mouse","1370700","57660","8303","3","291","2","0","23.77","Castle of Illusion starring Mickey Mouse"
"Yakuza","3513","Yakuza","1370340","108120","3407","4","246","2","0","12.67","Yakuza"
"Pangya: Fantasy Golf","3514","Pangya: Fantasy Golf","1369620","111240","1539","5","183","2","0","12.31","Pangya: Fantasy Golf"
"Mega Man Legends","3515","Mega Man Legends","1368240","192060","1781","4","387","2","0","7.12","Mega Man Legends"
"Wild Animal Racing","3516","Wild Animal Racing","1366440","20520","3816","2","135","2","0","66.59","Wild Animal Racing"
"Flatout 4: Total Insanity","3517","Flatout 4: Total Insanity","1366380","49020","9720","4","315","2","0","27.87","Flatout 4: Total Insanity"
"Metal Slug X: Super Vehicle - 001","3518","Metal Slug X: Super Vehicle - 001","1366080","71460","2517","5","469","2","0","19.12","Metal Slug X: Super Vehicle - 001"
"Lone Echo","3519","Lone Echo","1365840","117480","1997","5","426","2","0","11.63","Lone Echo"
"Era of Celestials","3520","Era of Celestials","1365360","37080","1786","3","120","2","0","36.82","Era of Celestials"
"Need for Speed: Undercover","3521","Need for Speed: Undercover","1364040","117960","605","3","454","2","0","11.56","Need for Speed: Undercover"
"Etterna","3522","Etterna","1363800","459900","687","8","534","2","0","2.97","Etterna"
"Zelda: The Wand of Gamelon","3523","Zelda: The Wand of Gamelon","1363440","8760","5596","3","28","2","0","155.64","Zelda: The Wand of Gamelon"
"Hockey","3524","Hockey","1363080","98400","1377","4","97","2","0","13.85","Hockey"
"Slay","3525","Slay","1362840","59940","6046","4","384","2","0","22.74","Slay"
"Kingdom Hearts III","3526","Kingdom Hearts III","1361220","53040","4879","18","129","2","0","25.66","Kingdom Hearts III"
"Mount & Blade","3527","Mount & Blade","1360500","40380","3710","2","173","2","0","33.69","Mount & Blade"
"Life is Feudal: Forest Village","3528","Life is Feudal: Forest Village","1359660","237240","483","5","549","2","0","5.73","Life is Feudal: Forest Village"
"PlayStation VR Worlds","3529","PlayStation VR Worlds","1359480","32520","6778","3","1707","2","0","41.8","PlayStation VR Worlds"
"God of War: Ghost of Sparta","3530","God of War: Ghost of Sparta","1358460","79380","1414","6","235","2","0","17.11","God of War: Ghost of Sparta"
"The Godfather II","3531","The Godfather II","1357920","35100","1581","2","129","2","0","38.69","The Godfather II"
"DiRT 3","3532","DiRT 3","1357260","395520","1000","10","2699","2","0","3.43","DiRT 3"
"Guilty Gear XX Λ Core Plus","3533","Guilty Gear XX Λ Core Plus","1357020","15240","7282","2","71","2","0","89.04","Guilty Gear XX Λ Core Plus"
"Ys: Memories of Celceta","3534","Ys: Memories of Celceta","1356420","153300","1042","11","176","2","0","8.85","Ys: Memories of Celceta"
"STRAFE","3535","STRAFE","1355100","140880","4155","6","853","2","0","9.62","STRAFE"
"Sid Meier's Alpha Centauri","3536","Sid Meier's Alpha Centauri","1353600","16920","2334","2","42","2","0","80","Sid Meier's Alpha Centauri"
"ICEY","3537","ICEY","1349940","150960","4176","6","811","2","0","8.94","ICEY"
"Rifter","3538","Rifter","1348800","20340","29487","6","98","2","0","66.31","Rifter"
"NFL Football","3539","NFL Football","1348080","217800","2398","78","239","2","0","6.19","NFL Football"
"Tekken","3540","Tekken","1347720","89220","5265","3","452","2","0","15.11","Tekken"
"Tales of Xillia","3541","Tales of Xillia","1347600","158640","1818","4","139","2","0","8.49","Tales of Xillia"
"Frosty Nights","3542","Frosty Nights","1345620","9060","9293","4","64","2","0","148.52","Frosty Nights"
"Street Fighter EX2 Plus","3543","Street Fighter EX2 Plus","1345560","8580","7751","1","39","2","0","156.83","Street Fighter EX2 Plus"
"Dungeon Defenders","3544","Dungeon Defenders","1345200","348000","386","7","924","2","0","3.87","Dungeon Defenders"
"Beautiful Katamari","3545","Beautiful Katamari","1345200","19380","2348","2","67","2","0","69.41","Beautiful Katamari"
"Heavy Metal Machines","3546","Heavy Metal Machines","1343400","131580","1618","6","539","2","0","10.21","Heavy Metal Machines"
"Dragon Ball XenoVerse","3547","Dragon Ball XenoVerse","1339260","600480","1509","9","3359","2","1","2.23","Dragon Ball XenoVerse"
"Star Ocean:  Second Evolution","3548","Star Ocean:  Second Evolution","1336620","59400","3017","3","81","2","0","22.5","Star Ocean:  Second Evolution"
"PULSAR: Lost Colony","3549","PULSAR: Lost Colony","1335840","190200","2176","9","714","2","0","7.02","PULSAR: Lost Colony"
"Wheel of Fortune","3550","Wheel of Fortune","1334880","46260","5503","4","341","2","0","28.86","Wheel of Fortune"
"God Eater 3","3551","God Eater 3","1334460","89520","796","20","1005","2","0","14.91","God Eater 3"
"Sins of a Solar Empire: Rebellion","3552","Sins of a Solar Empire: Rebellion","1333740","283080","925","10","900","2","0","4.71","Sins of a Solar Empire: Rebellion"
"Who Wants To Be A Millionaire? Special Editions","3553","Who Wants To Be A Millionaire? Special Editions","1333740","3840","6795","1","22","2","0","347.33","Who Wants To Be A Millionaire? Special Editions"
"Chameleon Twist","3554","Chameleon Twist","1331940","12900","3076","15","60","2","0","103.25","Chameleon Twist"
"Tom Clancy's Rainbow Six","3555","Tom Clancy's Rainbow Six","1331460","197520","3094","6","1677","2","0","6.74","Tom Clancy's Rainbow Six"
"Skyrim: Very Special Edition","3556","Skyrim: Very Special Edition","1331400","341640","3915","10","1434","2","0","3.9","Skyrim: Very Special Edition"
"UFC: Tapout 2","3557","UFC: Tapout 2","1330560","15720","13171","5","63","2","0","84.64","UFC: Tapout 2"
"Team Fortress Classic","3558","Team Fortress Classic","1329300","80940","10843","3","149","2","0","16.42","Team Fortress Classic"
"Fight of Gods","3559","Fight of Gods","1328880","13380","8644","3","81","2","0","99.32","Fight of Gods"
"Langrisser Mobile","3560","Langrisser Mobile","1328580","54720","4284","7","43","2","0","24.28","Langrisser Mobile"
"Need for Drink","3561","Need for Drink","1327980","8040","8953","2","86","2","0","165.17","Need for Drink"
"Software Inc","3562","Software Inc","1327740","132900","1216","4","406","2","0","9.99","Software Inc"
"Midair","3563","Midair","1325520","189900","1555","28","498","2","0","6.98","Midair"
"Dragon Ball Z: Hyper Dimension","3564","Dragon Ball Z: Hyper Dimension","1323840","4800","8500","1","30","2","0","275.8","Dragon Ball Z: Hyper Dimension"
"Shining Force CD","3565","Shining Force CD","1323720","33840","2073","2","48","2","0","39.12","Shining Force CD"
"Ground Branch","3566","Ground Branch","1323180","85620","24567","10","339","2","0","15.45","Ground Branch"
"Vietcong: Fist Alpha","3567","Vietcong: Fist Alpha","1321440","4500","3492","2","18","2","0","293.65","Vietcong: Fist Alpha"
"Injustice: Gods Among Us","3568","Injustice: Gods Among Us","1319820","273420","1059","5","1836","2","0","4.83","Injustice: Gods Among Us"
"Zoo Tycoon 2","3569","Zoo Tycoon 2","1319640","52500","3764","4","220","2","0","25.14","Zoo Tycoon 2"
"Cadillacs and Dinosaurs","3570","Cadillacs and Dinosaurs","1319580","19620","9924","2","121","2","0","67.26","Cadillacs and Dinosaurs"
"Shelter 2","3571","Shelter 2","1319460","32040","3543","2","220","2","0","41.18","Shelter 2"
"Mario's Cement Factory","3572","Mario's Cement Factory","1318740","780","4874","1","3","2","0","1690.69","Mario's Cement Factory"
"The Simpsons Game","3573","The Simpsons Game","1318560","26040","2644","2","112","2","0","50.64","The Simpsons Game"
"Electronauts","3574","Electronauts","1316640","161400","4580","13","887","2","0","8.16","Electronauts"
"Pantropy","3575","Pantropy","1316280","82560","667","7","129","2","0","15.94","Pantropy"
"Bejeweled 3","3576","Bejeweled 3","1315680","76320","812","3","312","2","0","17.24","Bejeweled 3"
"American McGee presents SCRAPLAND","3577","American McGee presents SCRAPLAND","1315380","8040","2152","2","17","2","0","163.6","American McGee presents SCRAPLAND"
"Fire Emblem: Thracia 776","3578","Fire Emblem: Thracia 776","1315200","68640","2315","3","79","2","0","19.16","Fire Emblem: Thracia 776"
"PearsAndGrayWitch","3579","PearsAndGrayWitch","1313940","1380","7123","2","7","2","0","952.13","PearsAndGrayWitch"
"Catastronauts","3580","Catastronauts","1313820","9060","25436","7","52","2","0","145.01","Catastronauts"
"Age of Empires III","3581","Age of Empires III","1311180","262860","377","6","1344","2","0","4.99","Age of Empires III"
"Wurm Online","3582","Wurm Online","1311120","175320","283","7","128","2","0","7.48","Wurm Online"
"Second Second","3583","Second Second","1309680","5700","2826","3","21","2","0","229.77","Second Second"
"Risk II","3584","Risk II","1309500","2640","1307","1","4","2","0","496.02","Risk II"
"Star Ocean: Till the End of Time","3585","Star Ocean: Till the End of Time","1309200","220140","437","4","546","2","0","5.95","Star Ocean: Till the End of Time"
"Of Guards And Thieves","3586","Of Guards And Thieves","1308240","143340","1520","6","1015","2","0","9.13","Of Guards And Thieves"
"Moon Hunters","3587","Moon Hunters","1308060","169080","1654","6","926","2","0","7.74","Moon Hunters"
"Zoo Tycoon: Ultimate Animal Collection","3588","Zoo Tycoon: Ultimate Animal Collection","1307700","196080","2385","16","1054","2","0","6.67","Zoo Tycoon: Ultimate Animal Collection"
"Anno 2205","3589","Anno 2205","1307280","264420","458","6","803","2","0","4.94","Anno 2205"
"Ys Origin","3590","Ys Origin","1307040","303060","331","7","645","2","0","4.31","Ys Origin"
"Super Dragon Ball Z","3591","Super Dragon Ball Z","1306380","18240","9536","2","50","2","0","71.62","Super Dragon Ball Z"
"PAW Patrol: On a Roll","3592","PAW Patrol: On a Roll","1306320","6360","16077","2","55","2","0","205.4","PAW Patrol: On a Roll"
"Sheltered","3593","Sheltered","1305240","189240","1141","5","669","2","0","6.9","Sheltered"
"SteamWorld Dig","3594","SteamWorld Dig","1305120","176160","4075","6","737","2","0","7.41","SteamWorld Dig"
"Interview","3595","Interview","1305060","20580","6430","2","69","2","0","63.41","Interview"
"Dungeon Nightmares II : The Memory","3596","Dungeon Nightmares II : The Memory","1304700","31440","3222","3","203","2","0","41.5","Dungeon Nightmares II : The Memory"
"Impossible Creatures","3597","Impossible Creatures","1304100","27900","5796","2","150","2","0","46.74","Impossible Creatures"
"Wall-E","3598","Wall-E","1301340","19800","6325","3","58","2","0","65.72","Wall-E"
"b","3599","b","1301280","121140","23026","5","158","2","0","10.74","b"
"Yu-Gi-Oh! Duelists of the Roses","3600","Yu-Gi-Oh! Duelists of the Roses","1300680","144660","921","8","272","2","0","8.99","Yu-Gi-Oh! Duelists of the Roses"