"","","Game","Watch time","Stream time","Peak viewers","Peak channels","Streamers","Average viewers","Average channels","Average viewer ratio",""
"Point Blank 3","9901","Point Blank 3","73620","4140","525","2","25","0","0","17.78","Point Blank 3"
"The Chronicles of Riddick: Assault on Dark Athena","9902","The Chronicles of Riddick: Assault on Dark Athena","73620","36540","56","2","93","0","0","2.01","The Chronicles of Riddick: Assault on Dark Athena"
"X-Plane 10","9903","X-Plane 10","73560","48600","89","2","89","0","0","1.51","X-Plane 10"
"Night Watch","9904","Night Watch","73560","900","565","1","6","0","0","81.73","Night Watch"
"Collidalot","9905","Collidalot","73500","1680","668","3","13","0","0","43.75","Collidalot"
"Sengoku 3","9906","Sengoku 3","73380","3120","699","1","22","0","0","23.52","Sengoku 3"
"Silent Hill: The Arcade","9907","Silent Hill: The Arcade","73320","1560","259","1","6","0","0","47","Silent Hill: The Arcade"
"Everest","9908","Everest","73320","540","858","1","5","0","0","135.78","Everest"
"Sins of a Solar Empire","9909","Sins of a Solar Empire","73320","36480","34","2","101","0","0","2.01","Sins of a Solar Empire"
"Eye of the Beholder II: The Legend of Darkmoon","9910","Eye of the Beholder II: The Legend of Darkmoon","73320","11580","45","1","18","0","0","6.33","Eye of the Beholder II: The Legend of Darkmoon"
"Body Harvest","9911","Body Harvest","73140","25800","34","2","24","0","0","2.83","Body Harvest"
"Disney City Girl","9912","Disney City Girl","73140","180","1212","1","2","0","0","406.33","Disney City Girl"
"Blue Estate","9913","Blue Estate","73020","22620","48","2","129","0","0","3.23","Blue Estate"
"Little King's Story","9914","Little King's Story","73020","27420","18","2","49","0","0","2.66","Little King's Story"
"Fighters Megamix","9915","Fighters Megamix","72960","3180","317","1","21","0","0","22.94","Fighters Megamix"
"Gunman Chronicles","9916","Gunman Chronicles","72960","5460","140","1","20","0","0","13.36","Gunman Chronicles"
"The Mist","9917","The Mist","72960","4440","486","2","26","0","0","16.43","The Mist"
"KONOSUBA -God's blessing on this wonderful world! The Resurrection of Beldia","9918","KONOSUBA -God's blessing on this wonderful world! The Resurrection of Beldia","72900","12600","44","3","74","0","0","5.79","KONOSUBA -God's blessing on this wonderful world! The Resurrection of Beldia"
"Art Style: Precipice","9919","Art Style: Precipice","72780","2460","173","2","24","0","0","29.59","Art Style: Precipice"
"KARAKARA2","9920","KARAKARA2","72720","6840","99","2","28","0","0","10.63","KARAKARA2"
"UAYEB","9921","UAYEB","72660","6420","132","2","32","0","0","11.32","UAYEB"
"Thief Town","9922","Thief Town","72660","900","1170","1","8","0","0","80.73","Thief Town"
"Call of Juarez: The Cartel","9923","Call of Juarez: The Cartel","72600","9540","146","1","37","0","0","7.61","Call of Juarez: The Cartel"
"Might and Magic II: Gates to Another World","9924","Might and Magic II: Gates to Another World","72600","11040","43","2","14","0","0","6.58","Might and Magic II: Gates to Another World"
"Naruto Shippuden: Ultimate Ninja 4","9925","Naruto Shippuden: Ultimate Ninja 4","72600","6120","568","3","34","0","0","11.86","Naruto Shippuden: Ultimate Ninja 4"
"Cowboy Bebop: Tsuioku no Yakyoku","9926","Cowboy Bebop: Tsuioku no Yakyoku","72600","1440","481","1","4","0","0","50.42","Cowboy Bebop: Tsuioku no Yakyoku"
"JYDGE","9927","JYDGE","72600","19980","116","3","100","0","0","3.63","JYDGE"
"Wargroove","9928","Wargroove","72540","540","263","1","2","0","0","134.33","Wargroove"
"Saga","9929","Saga","72540","21900","20","3","18","0","0","3.31","Saga"
"Road Rash","9930","Road Rash","72540","15960","92","2","79","0","0","4.55","Road Rash"
"Age of Wonders: Shadow Magic","9931","Age of Wonders: Shadow Magic","72420","17880","40","2","17","0","0","4.05","Age of Wonders: Shadow Magic"
"Football Manager Live","9932","Football Manager Live","72420","14460","697","1","5","0","0","5.01","Football Manager Live"
"Blood Bowl II","9933","Blood Bowl II","72420","9480","71","2","34","0","0","7.64","Blood Bowl II"
"Hitchhiker","9934","Hitchhiker","72420","19740","87","3","222","0","0","3.67","Hitchhiker"
"White Noise Online","9935","White Noise Online","72360","13380","119","5","96","0","0","5.41","White Noise Online"
"Spiritual Warfare","9936","Spiritual Warfare","72300","4020","307","2","14","0","0","17.99","Spiritual Warfare"
"Ghoul School","9937","Ghoul School","72300","9000","240","2","12","0","0","8.03","Ghoul School"
"Double Dare","9938","Double Dare","72300","780","380","1","6","0","0","92.69","Double Dare"
"Rigs Mechanized Combat League","9939","Rigs Mechanized Combat League","72300","59340","53","5","381","0","0","1.22","Rigs Mechanized Combat League"
"Seraph","9940","Seraph","72300","9840","158","2","47","0","0","7.35","Seraph"
"Transmissions: Element 120","9941","Transmissions: Element 120","72240","26040","65","3","234","0","0","2.77","Transmissions: Element 120"
"Relic Hunters Legend","9942","Relic Hunters Legend","72240","8880","36","2","25","0","0","8.14","Relic Hunters Legend"
"BarBarQ","9943","BarBarQ","72180","75000","89","4","355","0","0","0.96","BarBarQ"
"Standoff Multiplayer","9944","Standoff Multiplayer","72180","85440","82","4","489","0","0","0.84","Standoff Multiplayer"
"Tales of Pirates","9945","Tales of Pirates","72180","39180","37","6","55","0","0","1.84","Tales of Pirates"
"Men of War","9946","Men of War","72180","8700","141","1","44","0","0","8.3","Men of War"
"Hellfront: Honeymoon","9947","Hellfront: Honeymoon","72180","3840","914","2","20","0","0","18.8","Hellfront: Honeymoon"
"Hard Corps: Uprising","9948","Hard Corps: Uprising","72120","10620","62","2","38","0","0","6.79","Hard Corps: Uprising"
"Richman Fight","9949","Richman Fight","72120","5700","219","2","21","0","0","12.65","Richman Fight"
"Video Blogger Story","9950","Video Blogger Story","72060","19980","827","2","136","0","0","3.61","Video Blogger Story"
"Music on: Acoustic Guitar","9951","Music on: Acoustic Guitar","72060","25500","254","2","98","0","0","2.83","Music on: Acoustic Guitar"
"Mimpi Dreams","9952","Mimpi Dreams","72060","4020","576","2","24","0","0","17.93","Mimpi Dreams"
"Golden Tee","9953","Golden Tee","72000","28740","26","2","11","0","0","2.51","Golden Tee"
"Disney's Atlantis: The Lost Empire","9954","Disney's Atlantis: The Lost Empire","72000","3480","265","1","15","0","0","20.69","Disney's Atlantis: The Lost Empire"
"Super Robot Wars BX","9955","Super Robot Wars BX","71940","3120","97","1","3","0","0","23.06","Super Robot Wars BX"
"Phobia","9956","Phobia","71940","3420","229","2","25","0","0","21.04","Phobia"
"Infinity Wars","9957","Infinity Wars","71940","24180","236","2","50","0","0","2.98","Infinity Wars"
"Subject 13","9958","Subject 13","71940","7560","225","2","34","0","0","9.52","Subject 13"
"Naruto: Ninja Masters","9959","Naruto: Ninja Masters","71940","6600","221","1","1","0","0","10.9","Naruto: Ninja Masters"
"Yeli Orog","9960","Yeli Orog","71940","1440","631","1","12","0","0","49.96","Yeli Orog"
"Bot Vice","9961","Bot Vice","71880","18240","130","2","106","0","0","3.94","Bot Vice"
"Qbeh-1: The Atlas Cube","9962","Qbeh-1: The Atlas Cube","71880","13440","246","2","40","0","0","5.35","Qbeh-1: The Atlas Cube"
"1602 A.D.","9963","1602 A.D.","71880","7200","644","1","28","0","0","9.98","1602 A.D."
"Rhythm Horizon","9964","Rhythm Horizon","71820","13380","31","3","33","0","0","5.37","Rhythm Horizon"
"FantaVision","9965","FantaVision","71760","6540","53","3","19","0","0","10.97","FantaVision"
"Power Move Pro Wrestling","9966","Power Move Pro Wrestling","71760","60","1234","1","3","0","0","1196","Power Move Pro Wrestling"
"Space Quest V: The Next Mutation","9967","Space Quest V: The Next Mutation","71760","12420","102","2","30","0","0","5.78","Space Quest V: The Next Mutation"
"World in Conflict","9968","World in Conflict","71700","28620","71","2","132","0","0","2.51","World in Conflict"
"Resident Evil: Deadly Silence","9969","Resident Evil: Deadly Silence","71640","11220","422","2","34","0","0","6.39","Resident Evil: Deadly Silence"
"MotoGP13","9970","MotoGP13","71640","1380","2542","1","13","0","0","51.91","MotoGP13"
"Rags to Riches","9971","Rags to Riches","71640","660","171","1","3","0","0","108.55","Rags to Riches"
"GoDai: Elemental Force","9972","GoDai: Elemental Force","71580","540","191","1","1","0","0","132.56","GoDai: Elemental Force"
"The Kingdom of Loathing","9973","The Kingdom of Loathing","71580","19500","25","2","23","0","0","3.67","The Kingdom of Loathing"
"Space Junkies","9974","Space Junkies","71580","30300","237","8","114","0","0","2.36","Space Junkies"
"Delete","9975","Delete","71520","3360","780","1","19","0","0","21.29","Delete"
"Zombie Master","9976","Zombie Master","71520","3360","287","1","15","0","0","21.29","Zombie Master"
"Medusa's Labyrinth","9977","Medusa's Labyrinth","71520","13380","124","2","123","0","0","5.35","Medusa's Labyrinth"
"Rock Star Ate My Hamster","9978","Rock Star Ate My Hamster","71460","720","619","1","4","0","0","99.25","Rock Star Ate My Hamster"
"Blackwell Epiphany","9979","Blackwell Epiphany","71460","10740","145","2","21","0","0","6.65","Blackwell Epiphany"
"Harvest Moon: Another Wonderful Life","9980","Harvest Moon: Another Wonderful Life","71460","15420","25","2","44","0","0","4.63","Harvest Moon: Another Wonderful Life"
"Final Exam","9981","Final Exam","71460","22680","56","2","94","0","0","3.15","Final Exam"
"San Francisco Rush 2049","9982","San Francisco Rush 2049","71400","4980","889","1","30","0","0","14.34","San Francisco Rush 2049"
"Glass Wing","9983","Glass Wing","71400","2100","156","1","8","0","0","34","Glass Wing"
"Family Guy","9984","Family Guy","71340","27120","30","2","50","0","0","2.63","Family Guy"
"Might and Magic III: Isles of Terra","9985","Might and Magic III: Isles of Terra","71280","14880","38","1","19","0","0","4.79","Might and Magic III: Isles of Terra"
"Starcom: Nexus","9986","Starcom: Nexus","71280","4140","67","2","16","0","0","17.22","Starcom: Nexus"
"Rocket Power: Dream Scheme","9987","Rocket Power: Dream Scheme","71220","660","478","1","6","0","0","107.91","Rocket Power: Dream Scheme"
"JoJo no Kimyo na Gekida","9988","JoJo no Kimyo na Gekida","71220","2520","58","1","3","0","0","28.26","JoJo no Kimyo na Gekida"
"Silicon Warrior","9989","Silicon Warrior","71160","480","185","1","1","0","0","148.25","Silicon Warrior"
"Champion Soccer","9990","Champion Soccer","71160","120","1147","1","1","0","0","593","Champion Soccer"
"IQ Test","9991","IQ Test","71160","9780","474","2","67","0","0","7.28","IQ Test"
"Resident Evil Revelations Collection","9992","Resident Evil Revelations Collection","71040","28380","59","3","104","0","0","2.5","Resident Evil Revelations Collection"
"Lydia","9993","Lydia","71040","7860","139","2","55","0","0","9.04","Lydia"
"Train Mechanic Simulator 2017","9994","Train Mechanic Simulator 2017","70980","9000","544","1","43","0","0","7.89","Train Mechanic Simulator 2017"
"Mighty Morphin Power Rangers: The Fighting Edition","9995","Mighty Morphin Power Rangers: The Fighting Edition","70980","7380","254","2","44","0","0","9.62","Mighty Morphin Power Rangers: The Fighting Edition"
"Harvest Moon: Tree of Tranquility","9996","Harvest Moon: Tree of Tranquility","70980","20580","16","2","15","0","0","3.45","Harvest Moon: Tree of Tranquility"
"Medal of Honor: Underground","9997","Medal of Honor: Underground","70920","21600","102","2","63","0","0","3.28","Medal of Honor: Underground"
"Nevrosa: Escape","9998","Nevrosa: Escape","70920","6300","275","2","48","0","0","11.26","Nevrosa: Escape"
"Atelier Ayesha: The Alchemist of Dusk","9999","Atelier Ayesha: The Alchemist of Dusk","70860","22860","24","2","18","0","0","3.1","Atelier Ayesha: The Alchemist of Dusk"
"NES Remix Pack","10000","NES Remix Pack","70860","12240","88","2","81","0","0","5.79","NES Remix Pack"