"","","Game","Watch time","Stream time","Peak viewers","Peak channels","Streamers","Average viewers","Average channels","Average viewer ratio",""
"Battlefield 2142","8901","Battlefield 2142","106620","130560","20","4","72","0","0","0.82","Battlefield 2142"
"Legend of Kay","8902","Legend of Kay","106620","3180","1741","1","9","0","0","33.53","Legend of Kay"
"Hatsune Miku: Project DIVA F","8903","Hatsune Miku: Project DIVA F","106620","34920","98","2","137","0","0","3.05","Hatsune Miku: Project DIVA F"
"Shadows Peak","8904","Shadows Peak","106620","8460","274","1","46","0","0","12.6","Shadows Peak"
"Quad Desert Fury","8905","Quad Desert Fury","106500","1800","561","1","6","0","0","59.17","Quad Desert Fury"
"The Munchables","8906","The Munchables","106440","2640","269","1","9","0","0","40.32","The Munchables"
"Rocky Rodent","8907","Rocky Rodent","106380","12660","44","1","13","0","0","8.4","Rocky Rodent"
"Ominous Horizons: A Paladin's Calling","8908","Ominous Horizons: A Paladin's Calling","106320","420","725","1","3","0","0","253.14","Ominous Horizons: A Paladin's Calling"
"Red Trigger","8909","Red Trigger","106080","3960","845","1","36","0","0","26.79","Red Trigger"
"Barbie: Magic Genie Adventure","8910","Barbie: Magic Genie Adventure","106080","9540","1091","3","34","0","0","11.12","Barbie: Magic Genie Adventure"
"Secret Agent Barbie","8911","Secret Agent Barbie","106080","7740","346","2","25","0","0","13.71","Secret Agent Barbie"
"SOCOM II: U.S. Navy SEALs","8912","SOCOM II: U.S. Navy SEALs","106080","44400","237","4","59","0","0","2.39","SOCOM II: U.S. Navy SEALs"
"Wizardry: Labyrinth of Lost Souls","8913","Wizardry: Labyrinth of Lost Souls","105960","5340","62","1","5","0","0","19.84","Wizardry: Labyrinth of Lost Souls"
"The Simpsons","8914","The Simpsons","105900","8100","245","2","51","0","0","13.07","The Simpsons"
"Investigator","8915","Investigator","105900","20820","68","2","119","0","0","5.09","Investigator"
"Desert Child","8916","Desert Child","105840","8340","300","5","52","0","0","12.69","Desert Child"
"Samurai Warriors 4 Empires","8917","Samurai Warriors 4 Empires","105780","60300","20","3","133","0","0","1.75","Samurai Warriors 4 Empires"
"NCAA Football 13","8918","NCAA Football 13","105780","6600","248","4","20","0","0","16.03","NCAA Football 13"
"Worms 2: Armageddon","8919","Worms 2: Armageddon","105780","6840","918","2","45","0","0","15.46","Worms 2: Armageddon"
"Save Your Nuts","8920","Save Your Nuts","105720","1320","1567","1","6","0","0","80.09","Save Your Nuts"
"Signs Of Darkness","8921","Signs Of Darkness","105660","7140","487","3","57","0","0","14.8","Signs Of Darkness"
"Dennis og Bellini: Rævestreger i hønsegården","8922","Dennis og Bellini: Rævestreger i hønsegården","105660","112140","13","1","1","0","0","0.94","Dennis og Bellini: Rævestreger i hønsegården"
"Amagami","8923","Amagami","105600","11700","136","2","23","0","0","9.03","Amagami"
"Chocobo's Dungeon 2","8924","Chocobo's Dungeon 2","105600","14700","60","2","37","0","0","7.18","Chocobo's Dungeon 2"
"Phantasy Star Online Ver. 2","8925","Phantasy Star Online Ver. 2","105540","21240","70","3","47","0","0","4.97","Phantasy Star Online Ver. 2"
"World's Dawn","8926","World's Dawn","105480","14280","107","2","51","0","0","7.39","World's Dawn"
"Casino Mogul","8927","Casino Mogul","105420","900","1748","1","5","0","0","117.13","Casino Mogul"
"Tom and Jerry: Frantic Antics","8928","Tom and Jerry: Frantic Antics","105360","780","388","1","3","0","0","135.08","Tom and Jerry: Frantic Antics"
"Cognition: An Erica Reed Thriller","8929","Cognition: An Erica Reed Thriller","105360","60840","42","2","33","0","0","1.73","Cognition: An Erica Reed Thriller"
"Tanglewood","8930","Tanglewood","105240","9540","166","4","39","0","0","11.03","Tanglewood"
"Sekaiju no Meikyū X","8931","Sekaiju no Meikyū X","105120","16860","40","3","8","0","0","6.23","Sekaiju no Meikyū X"
"PES Club Manager","8932","PES Club Manager","105120","6660","985","2","29","0","0","15.78","PES Club Manager"
"1080° Snowboarding","8933","1080° Snowboarding","105120","25320","260","3","51","0","0","4.15","1080° Snowboarding"
"Legends of Wrestling II","8934","Legends of Wrestling II","105120","900","565","1","7","0","0","116.8","Legends of Wrestling II"
"Haque","8935","Haque","105060","9660","261","1","27","0","0","10.88","Haque"
"Woody Woodpecker in Crazy Castle 5","8936","Woody Woodpecker in Crazy Castle 5","105060","60","1796","1","2","0","0","1751","Woody Woodpecker in Crazy Castle 5"
"The iDOLM@STER Cinderella Girls","8937","The iDOLM@STER Cinderella Girls","105060","9360","217","2","43","0","0","11.22","The iDOLM@STER Cinderella Girls"
"ADIOS Amigos","8938","ADIOS Amigos","105000","3300","739","1","20","0","0","31.82","ADIOS Amigos"
"Paws: A Shelter 2 Game","8939","Paws: A Shelter 2 Game","105000","5400","529","2","36","0","0","19.44","Paws: A Shelter 2 Game"
"Sorcery Jokers","8940","Sorcery Jokers","105000","1620","665","2","5","0","0","64.81","Sorcery Jokers"
"pop'n music","8941","pop'n music","104940","25560","45","2","41","0","0","4.11","pop'n music"
"Gray Matter","8942","Gray Matter","104940","15120","186","2","31","0","0","6.94","Gray Matter"
"Baldur's Gate: Tales of the Sword Coast","8943","Baldur's Gate: Tales of the Sword Coast","104940","27720","149","2","53","0","0","3.79","Baldur's Gate: Tales of the Sword Coast"
"Aquapazza: Aquaplus Dream Match","8944","Aquapazza: Aquaplus Dream Match","104760","2520","392","1","13","0","0","41.57","Aquapazza: Aquaplus Dream Match"
"The Graveyard","8945","The Graveyard","104760","1740","1621","1","17","0","0","60.21","The Graveyard"
"Klomanager - Spül mir das Lied vom Kot","8946","Klomanager - Spül mir das Lied vom Kot","104760","1320","399","1","6","0","0","79.36","Klomanager - Spül mir das Lied vom Kot"
"Teenage Mutant Ninja Turtles: Mutants in Manhattan","8947","Teenage Mutant Ninja Turtles: Mutants in Manhattan","104760","50580","46","3","214","0","0","2.07","Teenage Mutant Ninja Turtles: Mutants in Manhattan"
"Metal Tales: Fury of the Guitar Gods","8948","Metal Tales: Fury of the Guitar Gods","104760","12540","198","2","61","0","0","8.35","Metal Tales: Fury of the Guitar Gods"
"A Lenda do Herói","8949","A Lenda do Herói","104700","19860","74","2","99","0","0","5.27","A Lenda do Herói"
"NBA Live 16","8950","NBA Live 16","104700","51300","818","3","231","0","0","2.04","NBA Live 16"
"Firo & Klawd","8951","Firo & Klawd","104700","1080","1238","1","3","0","0","96.94","Firo & Klawd"
"Yesterday","8952","Yesterday","104700","15420","146","2","50","0","0","6.79","Yesterday"
"Terminator 2: Judgment Day","8953","Terminator 2: Judgment Day","104700","2580","962","1","19","0","0","40.58","Terminator 2: Judgment Day"
"Metro Conflict: The Origin","8954","Metro Conflict: The Origin","104640","47400","131","4","198","0","0","2.21","Metro Conflict: The Origin"
"Carmageddon TDR 2000","8955","Carmageddon TDR 2000","104580","3660","668","1","23","0","0","28.57","Carmageddon TDR 2000"
"Back to Baghdad","8956","Back to Baghdad","104520","120","1068","1","1","0","0","871","Back to Baghdad"
"Neko-nin exHeart 2","8957","Neko-nin exHeart 2","104520","6540","296","1","11","0","0","15.98","Neko-nin exHeart 2"
"Baseball Stars","8958","Baseball Stars","104460","840","477","1","4","0","0","124.36","Baseball Stars"
"Hitman: Sniper","8959","Hitman: Sniper","104280","15300","215","2","111","0","0","6.82","Hitman: Sniper"
"Pathfinder Online","8960","Pathfinder Online","104220","53880","52","4","65","0","0","1.93","Pathfinder Online"
"Quake III: Team Arena","8961","Quake III: Team Arena","104220","7260","1566","1","24","0","0","14.36","Quake III: Team Arena"
"S2: Silent Storm","8962","S2: Silent Storm","104220","10140","406","1","21","0","0","10.28","S2: Silent Storm"
"Pro Evolution Soccer 2016","8963","Pro Evolution Soccer 2016","104160","66960","427","3","295","0","0","1.56","Pro Evolution Soccer 2016"
"Valhalla Knights: Eldar Saga","8964","Valhalla Knights: Eldar Saga","104160","1020","273","1","2","0","0","102.12","Valhalla Knights: Eldar Saga"
"Flix and Chill","8965","Flix and Chill","104160","22560","85","3","102","0","0","4.62","Flix and Chill"
"Puzzle Games","8966","Puzzle Games","104100","25860","88","7","112","0","0","4.03","Puzzle Games"
"Back to the Future: The Game - Episode 5: OUTATIME","8967","Back to the Future: The Game - Episode 5: OUTATIME","104100","13080","90","2","59","0","0","7.96","Back to the Future: The Game - Episode 5: OUTATIME"
"Hello? Hell... o?","8968","Hello? Hell... o?","104040","1200","344","1","12","0","0","86.7","Hello? Hell... o?"
"Toybox Turbos","8969","Toybox Turbos","104040","14100","228","3","88","0","0","7.38","Toybox Turbos"
"Frostbite: Deadly Climate","8970","Frostbite: Deadly Climate","103980","15660","538","2","151","0","0","6.64","Frostbite: Deadly Climate"
"Thirty Flights of Loving","8971","Thirty Flights of Loving","103980","2820","815","1","22","0","0","36.87","Thirty Flights of Loving"
"Touhou 10 - Mountain of Faith","8972","Touhou 10 - Mountain of Faith","103860","25500","685","2","144","0","0","4.07","Touhou 10 - Mountain of Faith"
"Bullet Force","8973","Bullet Force","103860","107940","208","4","634","0","0","0.96","Bullet Force"
"Battlefield: Bad Company","8974","Battlefield: Bad Company","103740","46860","159","4","203","0","0","2.21","Battlefield: Bad Company"
"Nintendogs","8975","Nintendogs","103680","16080","245","2","59","0","0","6.45","Nintendogs"
"NFL Street","8976","NFL Street","103680","6720","641","2","32","0","0","15.43","NFL Street"
"Wasted: A First-Person Post-Apocalyptic Pub Crawler","8977","Wasted: A First-Person Post-Apocalyptic Pub Crawler","103680","35220","131","2","135","0","0","2.94","Wasted: A First-Person Post-Apocalyptic Pub Crawler"
"Dragon Sinker","8978","Dragon Sinker","103680","8400","801","2","30","0","0","12.34","Dragon Sinker"
"Yodanji","8979","Yodanji","103620","2280","716","1","12","0","0","45.45","Yodanji"
"Microcosm","8980","Microcosm","103620","420","908","1","2","0","0","246.71","Microcosm"
"Paca Plus","8981","Paca Plus","103620","5880","233","2","20","0","0","17.62","Paca Plus"
"Cyberia","8982","Cyberia","103620","2160","576","1","14","0","0","47.97","Cyberia"
"Code: Realize: Guardian of Rebirth","8983","Code: Realize: Guardian of Rebirth","103500","9960","125","2","27","0","0","10.39","Code: Realize: Guardian of Rebirth"
"Kingpin: Life of Crime","8984","Kingpin: Life of Crime","103500","16500","439","2","71","0","0","6.27","Kingpin: Life of Crime"
"Malicious Fallen","8985","Malicious Fallen","103500","7860","92","2","96","0","0","13.17","Malicious Fallen"
"BloodNet","8986","BloodNet","103380","2940","453","1","9","0","0","35.16","BloodNet"
"Bible Adventures","8987","Bible Adventures","103320","13080","463","1","22","0","0","7.9","Bible Adventures"
"Yu-Gi-Oh! Dark Duel Stories","8988","Yu-Gi-Oh! Dark Duel Stories","103140","4740","326","2","13","0","0","21.76","Yu-Gi-Oh! Dark Duel Stories"
"Heretic II","8989","Heretic II","103080","3300","195","2","10","0","0","31.24","Heretic II"
"Connect Four","8990","Connect Four","103080","5400","548","1","45","0","0","19.09","Connect Four"
"Commander Keen 4: Secret of the Oracle","8991","Commander Keen 4: Secret of the Oracle","103020","19080","199","2","58","0","0","5.4","Commander Keen 4: Secret of the Oracle"
"Beast Quest","8992","Beast Quest","103020","19080","91","3","74","0","0","5.4","Beast Quest"
"PepeLine","8993","PepeLine","102960","780","531","1","5","0","0","132","PepeLine"
"Quest for Glory I: So You Want To Be A Hero","8994","Quest for Glory I: So You Want To Be A Hero","102900","25800","47","2","84","0","0","3.99","Quest for Glory I: So You Want To Be A Hero"
"Gametrak : Dark Wind","8995","Gametrak : Dark Wind","102900","120","1478","1","3","0","0","857.5","Gametrak : Dark Wind"
"The Battle of YuYu Hakusho: Shitou! Ankoku Bujutsukai! 120%","8996","The Battle of YuYu Hakusho: Shitou! Ankoku Bujutsukai! 120%","102840","60","1763","1","1","0","0","1714","The Battle of YuYu Hakusho: Shitou! Ankoku Bujutsukai! 120%"
"Konami Krazy Racers","8997","Konami Krazy Racers","102840","5520","403","4","23","0","0","18.63","Konami Krazy Racers"
"Horse Racing","8998","Horse Racing","102840","139200","31","2","23","0","0","0.74","Horse Racing"
"Avatar: The Last Airbender","8999","Avatar: The Last Airbender","102780","11760","162","2","39","0","0","8.74","Avatar: The Last Airbender"
"Super Panda Adventures","9000","Super Panda Adventures","102780","15720","332","2","65","0","0","6.54","Super Panda Adventures"