"","","Game","Watch time","Stream time","Peak viewers","Peak channels","Streamers","Average viewers","Average channels","Average viewer ratio",""
"Black Clover: Quartet Knights","3601","Black Clover: Quartet Knights","1300500","142620","1121","27","562","2","0","9.12","Black Clover: Quartet Knights"
"Zero: Tsukihami no Kamen","3602","Zero: Tsukihami no Kamen","1299780","73560","314","3","92","2","0","17.67","Zero: Tsukihami no Kamen"
"Teenage Mutant Ninja Turtles IV: Turtles in Time","3603","Teenage Mutant Ninja Turtles IV: Turtles in Time","1299480","139920","2688","6","614","2","0","9.29","Teenage Mutant Ninja Turtles IV: Turtles in Time"
"Riven: The Sequel to Myst","3604","Riven: The Sequel to Myst","1298340","75480","2408","3","180","2","0","17.2","Riven: The Sequel to Myst"
"Invisible, Inc.","3605","Invisible, Inc.","1297800","123360","1353","4","389","2","0","10.52","Invisible, Inc."
"Vagrant Story","3606","Vagrant Story","1297740","116400","1766","3","189","2","0","11.15","Vagrant Story"
"Kitty Powers' Love Life","3607","Kitty Powers' Love Life","1295640","25200","7444","6","94","2","0","51.41","Kitty Powers' Love Life"
"My Little Blacksmith Shop","3608","My Little Blacksmith Shop","1294980","29880","3339","3","159","2","0","43.34","My Little Blacksmith Shop"
"Just Dance 2014","3609","Just Dance 2014","1294920","22680","1148","2","139","2","0","57.1","Just Dance 2014"
"Blaster Master 2","3610","Blaster Master 2","1290180","6300","502","3","10","2","0","204.79","Blaster Master 2"
"Go Vacation","3611","Go Vacation","1288860","26460","2604","5","118","2","0","48.71","Go Vacation"
"Nintendo Land","3612","Nintendo Land","1288800","21060","4420","2","131","2","0","61.2","Nintendo Land"
"Eiyuu Densetsu: Ao no Kiseki","3613","Eiyuu Densetsu: Ao no Kiseki","1286940","103140","204","3","37","2","0","12.48","Eiyuu Densetsu: Ao no Kiseki"
"Dangan Ronpa 1 & 2 Reload","3614","Dangan Ronpa 1 & 2 Reload","1286340","56880","644","4","1057","2","0","22.61","Dangan Ronpa 1 & 2 Reload"
"Tomb Raider: Chronicles","3615","Tomb Raider: Chronicles","1284900","112260","908","4","154","2","0","11.45","Tomb Raider: Chronicles"
"Blossom Tales: The Sleeping King","3616","Blossom Tales: The Sleeping King","1284780","104400","4631","7","275","2","0","12.31","Blossom Tales: The Sleeping King"
"3on3 FreeStyle","3617","3on3 FreeStyle","1284060","546660","812","11","2287","2","1","2.35","3on3 FreeStyle"
"Monster Hunter Freedom Unite","3618","Monster Hunter Freedom Unite","1284060","360900","199","6","606","2","0","3.56","Monster Hunter Freedom Unite"
"Pathologic 2","3619","Pathologic 2","1282620","142620","1481","10","469","2","0","8.99","Pathologic 2"
"Cube Escape: Seasons","3620","Cube Escape: Seasons","1282200","24420","9931","3","166","2","0","52.51","Cube Escape: Seasons"
"OFF","3621","OFF","1281900","114660","2744","3","378","2","0","11.18","OFF"
"Split/Second","3622","Split/Second","1281780","203520","6720","14","1021","2","0","6.3","Split/Second"
"Grabity","3623","Grabity","1281420","2040","21329","4","18","2","0","628.15","Grabity"
"Mount & Blade Warband: Viking Conquest","3624","Mount & Blade Warband: Viking Conquest","1280520","59040","1808","3","171","2","0","21.69","Mount & Blade Warband: Viking Conquest"
"Shadow Hearts: From the New World","3625","Shadow Hearts: From the New World","1280100","20040","3805","2","30","2","0","63.88","Shadow Hearts: From the New World"
"Sid Meier's Civilization IV","3626","Sid Meier's Civilization IV","1279560","163500","2299","6","483","2","0","7.83","Sid Meier's Civilization IV"
"Naruto Shippuden: Ultimate Ninja Storm 3 Full Burst","3627","Naruto Shippuden: Ultimate Ninja Storm 3 Full Burst","1279200","137580","827","4","912","2","0","9.3","Naruto Shippuden: Ultimate Ninja Storm 3 Full Burst"
"The Bard's Tale","3628","The Bard's Tale","1278240","59400","414","2","161","2","0","21.52","The Bard's Tale"
"Tales of the Abyss","3629","Tales of the Abyss","1276920","167520","260","9","205","2","0","7.62","Tales of the Abyss"
"Call of Juarez","3630","Call of Juarez","1276320","51480","2356","4","168","2","0","24.79","Call of Juarez"
"Mario Super Sluggers","3631","Mario Super Sluggers","1275600","22500","9677","3","82","2","0","56.69","Mario Super Sluggers"
"Door Kickers: Action Squad","3632","Door Kickers: Action Squad","1274880","55440","2496","5","336","2","0","23","Door Kickers: Action Squad"
"Onimusha: Warlords","3633","Onimusha: Warlords","1273620","102420","829","6","271","2","0","12.44","Onimusha: Warlords"
"New Dawn","3634","New Dawn","1273140","44040","4765","8","211","2","0","28.91","New Dawn"
"Resident Evil: Survivor","3635","Resident Evil: Survivor","1271520","45420","1476","2","156","2","0","27.99","Resident Evil: Survivor"
"The Escape","3636","The Escape","1269900","1980","8618","2","20","2","0","641.36","The Escape"
"Infinifactory","3637","Infinifactory","1268700","70380","5635","5","234","2","0","18.03","Infinifactory"
"Eversion","3638","Eversion","1268280","11040","7911","5","83","2","0","114.88","Eversion"
"Ninja Gaiden III: The Ancient Ship of Doom","3639","Ninja Gaiden III: The Ancient Ship of Doom","1267860","28620","1753","9","85","2","0","44.3","Ninja Gaiden III: The Ancient Ship of Doom"
"Defense Grid 2","3640","Defense Grid 2","1267140","39660","3013","3","156","2","0","31.95","Defense Grid 2"
"Titan Quest","3641","Titan Quest","1266600","266220","2384","15","722","2","0","4.76","Titan Quest"
"The Magical Quest Starring Mickey Mouse","3642","The Magical Quest Starring Mickey Mouse","1265760","23760","8766","10","126","2","0","53.27","The Magical Quest Starring Mickey Mouse"
"Xenonauts","3643","Xenonauts","1264740","212100","1900","7","318","2","0","5.96","Xenonauts"
"Idle Champions of the Forgotten Realms","3644","Idle Champions of the Forgotten Realms","1264500","491880","520","6","372","2","0","2.57","Idle Champions of the Forgotten Realms"
"Enigma","3645","Enigma","1263660","4680","4871","2","27","2","0","270.01","Enigma"
"Peace, Death!","3646","Peace, Death!","1261440","39180","2791","2","230","2","0","32.2","Peace, Death!"
"Replica","3647","Replica","1261380","21600","3735","2","127","2","0","58.4","Replica"
"Infinite Realms","3648","Infinite Realms","1261380","41040","15456","2","197","2","0","30.74","Infinite Realms"
"Black & White","3649","Black & White","1261200","46980","3605","3","103","2","0","26.85","Black & White"
"Mindball Play","3650","Mindball Play","1261200","23700","11285","4","93","2","0","53.22","Mindball Play"
"Mechanika","3651","Mechanika","1261020","9660","4124","2","51","2","0","130.54","Mechanika"
"Juicy Realm","3652","Juicy Realm","1259400","24180","4694","8","205","2","0","52.08","Juicy Realm"
"Command & Conquer","3653","Command & Conquer","1258980","155280","4356","4","269","2","0","8.11","Command & Conquer"
"Shadows of the Damned","3654","Shadows of the Damned","1258800","61560","2460","3","160","2","0","20.45","Shadows of the Damned"
"Arcana Heart 3: LOVE MAX SIX STARS!!!!!!","3655","Arcana Heart 3: LOVE MAX SIX STARS!!!!!!","1257840","28620","1755","3","87","2","0","43.95","Arcana Heart 3: LOVE MAX SIX STARS!!!!!!"
"Bus Driver Simulator 2018","3656","Bus Driver Simulator 2018","1257420","30000","3675","3","135","2","0","41.91","Bus Driver Simulator 2018"
"Scribblenauts Unlimited","3657","Scribblenauts Unlimited","1256940","156600","1002","6","902","2","0","8.03","Scribblenauts Unlimited"
"Cricket","3658","Cricket","1255620","28020","3675","5","67","2","0","44.81","Cricket"
"Circa Infinity","3659","Circa Infinity","1255020","3840","2783","1","24","2","0","326.83","Circa Infinity"
"New Super Mario Bros.","3660","New Super Mario Bros.","1254300","189180","867","5","491","2","0","6.63","New Super Mario Bros."
"Panty Party","3661","Panty Party","1253760","47520","2595","3","280","2","0","26.38","Panty Party"
"Wild Arms 3","3662","Wild Arms 3","1253700","95280","225","4","231","2","0","13.16","Wild Arms 3"
"Rising World","3663","Rising World","1252680","188520","1264","5","374","2","0","6.64","Rising World"
"Super Senso","3664","Super Senso","1252080","12480","1280","3","48","2","0","100.33","Super Senso"
"Obscure: The Aftermath","3665","Obscure: The Aftermath","1251720","57060","937","3","178","2","0","21.94","Obscure: The Aftermath"
"Mega Man Legends 2","3666","Mega Man Legends 2","1251480","132420","4086","4","183","2","0","9.45","Mega Man Legends 2"
"Atari Vault","3667","Atari Vault","1249920","14820","6257","2","56","2","0","84.34","Atari Vault"
"Gunpoint","3668","Gunpoint","1249620","66240","4026","3","446","2","0","18.87","Gunpoint"
"Fort meow","3669","Fort meow","1249260","28860","8543","2","50","2","0","43.29","Fort meow"
"Urban Runner","3670","Urban Runner","1248900","1860","3016","2","8","2","0","671.45","Urban Runner"
"Fade to Silence","3671","Fade to Silence","1248720","80520","1912","5","262","2","0","15.51","Fade to Silence"
"Wartile","3672","Wartile","1248480","50760","1873","7","278","2","0","24.6","Wartile"
"Broken Ground","3673","Broken Ground","1248180","67920","5558","8","396","2","0","18.38","Broken Ground"
"Block N Load","3674","Block N Load","1248180","112680","5935","6","426","2","0","11.08","Block N Load"
"The Movies","3675","The Movies","1247460","500880","986","17","1324","2","0","2.49","The Movies"
"Players Unknown Battle Grand","3676","Players Unknown Battle Grand","1247400","558780","478","9","3695","2","1","2.23","Players Unknown Battle Grand"
"Lollipop Chainsaw","3677","Lollipop Chainsaw","1247340","63780","883","3","192","2","0","19.56","Lollipop Chainsaw"
"H-Hour: World's Elite","3678","H-Hour: World's Elite","1247220","289080","1152","7","241","2","0","4.31","H-Hour: World's Elite"
"Brave Frontier","3679","Brave Frontier","1245960","116040","1091","4","274","2","0","10.74","Brave Frontier"
"Street Hawk","3680","Street Hawk","1245660","1080","2938","1","1","2","0","1153.39","Street Hawk"
"Disgaea DS","3681","Disgaea DS","1242660","23340","5268","2","53","2","0","53.24","Disgaea DS"
"Football Manager 2017","3682","Football Manager 2017","1242240","223920","1811","5","630","2","0","5.55","Football Manager 2017"
"Shit Storm","3683","Shit Storm","1241820","27420","10524","2","41","2","0","45.29","Shit Storm"
"Hitman: Contracts","3684","Hitman: Contracts","1241700","82500","2925","3","234","2","0","15.05","Hitman: Contracts"
"Raiders of the Broken Planet","3685","Raiders of the Broken Planet","1240320","448920","110","10","1431","2","0","2.76","Raiders of the Broken Planet"
"Purrfect Date","3686","Purrfect Date","1238940","90660","597","12","407","2","0","13.67","Purrfect Date"
"Gears of War","3687","Gears of War","1238640","296400","1824","6","1271","2","0","4.18","Gears of War"
"Command & Conquer: Generals","3688","Command & Conquer: Generals","1237980","73860","1424","4","338","2","0","16.76","Command & Conquer: Generals"
"Curse","3689","Curse","1237320","2760","10339","2","17","2","0","448.3","Curse"
"Spirit Animal Survival","3690","Spirit Animal Survival","1237200","33300","11911","4","94","2","0","37.15","Spirit Animal Survival"
"Slain!","3691","Slain!","1237020","62760","3618","3","411","2","0","19.71","Slain!"
"Garage","3692","Garage","1236360","36180","3528","6","126","2","0","34.17","Garage"
"White Cat Project","3693","White Cat Project","1235520","71100","2638","4","60","2","0","17.38","White Cat Project"
"Fire Emblem Echoes: Shadows of Valentia","3694","Fire Emblem Echoes: Shadows of Valentia","1235340","128760","345","4","116","2","0","9.59","Fire Emblem Echoes: Shadows of Valentia"
"Attack on Titan","3695","Attack on Titan","1233660","410940","1308","10","2184","2","0","3","Attack on Titan"
"Sly Cooper: Thieves in Time","3696","Sly Cooper: Thieves in Time","1233600","78000","925","3","126","2","0","15.82","Sly Cooper: Thieves in Time"
"Reentry - An Orbital Simulator","3697","Reentry - An Orbital Simulator","1233360","2160","6234","1","11","2","0","571","Reentry - An Orbital Simulator"
"Red Orchestra 2: Heroes of Stalingrad","3698","Red Orchestra 2: Heroes of Stalingrad","1231500","239640","1996","5","687","2","0","5.14","Red Orchestra 2: Heroes of Stalingrad"
"Harvest Moon 64","3699","Harvest Moon 64","1231380","76740","1548","3","120","2","0","16.05","Harvest Moon 64"
"Tearaway Unfolded","3700","Tearaway Unfolded","1230600","27540","2216","3","253","2","0","44.68","Tearaway Unfolded"