"","","Game","Watch time","Stream time","Peak viewers","Peak channels","Streamers","Average viewers","Average channels","Average viewer ratio",""
"The Settlers","4101","The Settlers","967860","15720","4219","3","38","1","0","61.57","The Settlers"
"Castlevania: Lament of Innocence","4102","Castlevania: Lament of Innocence","967200","118320","703","4","232","1","0","8.17","Castlevania: Lament of Innocence"
"SaGa Frontier","4103","SaGa Frontier","966540","83460","10825","3","93","1","0","11.58","SaGa Frontier"
"Castlevania: Curse of Darkness","4104","Castlevania: Curse of Darkness","965760","119400","381","3","191","1","0","8.09","Castlevania: Curse of Darkness"
"Total Overdose","4105","Total Overdose","964980","24360","2736","3","90","1","0","39.61","Total Overdose"
"Euro Truck Simulator","4106","Euro Truck Simulator","964980","81420","1514","3","439","1","0","11.85","Euro Truck Simulator"
"Tomodachi Life","4107","Tomodachi Life","964920","86580","498","3","96","1","0","11.14","Tomodachi Life"
"Gunstar Heroes","4108","Gunstar Heroes","964860","68580","3663","6","238","1","0","14.07","Gunstar Heroes"
"Space Quest IV: Roger Wilco and the Time Rippers","4109","Space Quest IV: Roger Wilco and the Time Rippers","964740","10680","1805","2","36","1","0","90.33","Space Quest IV: Roger Wilco and the Time Rippers"
"Cube Escape: Theatre","4110","Cube Escape: Theatre","964140","7920","5552","2","57","1","0","121.73","Cube Escape: Theatre"
"Escape from Colditz","4111","Escape from Colditz","963780","660","4942","2","4","1","0","1460.27","Escape from Colditz"
"Jimmy and the Pulsating Mass","4112","Jimmy and the Pulsating Mass","963600","28800","656","4","50","1","0","33.46","Jimmy and the Pulsating Mass"
"Gundam Breaker 3","4113","Gundam Breaker 3","963540","140820","1552","4","282","1","0","6.84","Gundam Breaker 3"
"RAW FOOTAGE","4114","RAW FOOTAGE","961620","3720","14551","3","34","1","0","258.5","RAW FOOTAGE"
"Tannenberg","4115","Tannenberg","961140","82860","2018","7","395","1","0","11.6","Tannenberg"
"Azure Striker Gunvolt","4116","Azure Striker Gunvolt","960900","60660","3364","3","221","1","0","15.84","Azure Striker Gunvolt"
"Link: The Faces of Evil","4117","Link: The Faces of Evil","960840","10320","3338","2","34","1","0","93.1","Link: The Faces of Evil"
"Anarchy Online","4118","Anarchy Online","960360","224280","67","5","170","1","0","4.28","Anarchy Online"
"Castlequest","4119","Castlequest","960360","7620","542","2","6","1","0","126.03","Castlequest"
"Back to the Future: The Game","4120","Back to the Future: The Game","959760","154260","562","6","534","1","0","6.22","Back to the Future: The Game"
"Super Spell Heroes","4121","Super Spell Heroes","959340","8220","3242","2","49","1","0","116.71","Super Spell Heroes"
"Star Trek: The Next Generation - A Final Unity","4122","Star Trek: The Next Generation - A Final Unity","959160","5520","1592","2","16","1","0","173.76","Star Trek: The Next Generation - A Final Unity"
"Yume Kōjō: Doki Doki Panic","4123","Yume Kōjō: Doki Doki Panic","958980","5280","2739","2","22","1","0","181.63","Yume Kōjō: Doki Doki Panic"
"Zanzarah: The Hidden Portal","4124","Zanzarah: The Hidden Portal","957960","29520","961","2","77","1","0","32.45","Zanzarah: The Hidden Portal"
"Solo","4125","Solo","957120","50820","10318","3","124","1","0","18.83","Solo"
"Sniper Elite V2","4126","Sniper Elite V2","956220","267900","1289","6","1481","1","0","3.57","Sniper Elite V2"
"The King of Fighters '95","4127","The King of Fighters '95","955260","6540","1247","2","30","1","0","146.06","The King of Fighters '95"
"Fiesta","4128","Fiesta","954900","158940","567","5","227","1","0","6.01","Fiesta"
"Golf","4129","Golf","954420","50460","2716","3","308","1","0","18.91","Golf"
"Naruto Shippuden: Narutimate Blazing","4130","Naruto Shippuden: Narutimate Blazing","952560","173940","546","6","197","1","0","5.48","Naruto Shippuden: Narutimate Blazing"
"Legacy of Kain: Soul Reaver","4131","Legacy of Kain: Soul Reaver","952500","158460","170","4","456","1","0","6.01","Legacy of Kain: Soul Reaver"
"Burnout 3: Takedown","4132","Burnout 3: Takedown","952080","83220","891","3","329","1","0","11.44","Burnout 3: Takedown"
"Jeopardy!","4133","Jeopardy!","952020","51060","5782","3","213","1","0","18.65","Jeopardy!"
"The X-Files","4134","The X-Files","951960","9900","1035","1","27","1","0","96.16","The X-Files"
"ECHOPLEX","4135","ECHOPLEX","950580","4200","12531","2","29","1","0","226.33","ECHOPLEX"
"Dragon Ball Online","4136","Dragon Ball Online","949620","342840","88","13","687","1","0","2.77","Dragon Ball Online"
"OpenRCT2","4137","OpenRCT2","949140","108000","394","4","248","1","0","8.79","OpenRCT2"
"MotoGP 18","4138","MotoGP 18","949020","98820","9706","11","572","1","0","9.6","MotoGP 18"
"Out of the Park Baseball 19","4139","Out of the Park Baseball 19","948960","140400","168","5","228","1","0","6.76","Out of the Park Baseball 19"
"Mortal Kombat Mythologies: Sub-Zero","4140","Mortal Kombat Mythologies: Sub-Zero","947100","13560","3193","2","50","1","0","69.85","Mortal Kombat Mythologies: Sub-Zero"
"Odyssey","4141","Odyssey","945660","10680","582","1","45","1","0","88.54","Odyssey"
"Lords of Xulima","4142","Lords of Xulima","943620","27360","400","2","21","1","0","34.49","Lords of Xulima"
"The Goatman","4143","The Goatman","942420","8340","5108","2","52","1","0","113","The Goatman"
"Superflight","4144","Superflight","941940","128400","6281","6","984","1","0","7.34","Superflight"
"The Thing","4145","The Thing","941760","41640","3417","3","120","1","0","22.62","The Thing"
"Tomodachi Collection","4146","Tomodachi Collection","941760","3840","2380","1","19","1","0","245.25","Tomodachi Collection"
"Let Them Come","4147","Let Them Come","941220","24240","3495","4","167","1","0","38.83","Let Them Come"
"Lance A Lot","4148","Lance A Lot","939900","1980","4825","1","15","1","0","474.7","Lance A Lot"
"Viscera Cleanup Detail: Shadow Warrior","4149","Viscera Cleanup Detail: Shadow Warrior","939180","44580","7432","5","358","1","0","21.07","Viscera Cleanup Detail: Shadow Warrior"
"Skee-Ball","4150","Skee-Ball","939180","1800","6454","1","4","1","0","521.77","Skee-Ball"
"Valnir Rok","4151","Valnir Rok","938040","66180","1940","12","259","1","0","14.17","Valnir Rok"
"Tom Clancy's Splinter Cell: Chaos Theory","4152","Tom Clancy's Splinter Cell: Chaos Theory","937860","136440","1004","4","462","1","0","6.87","Tom Clancy's Splinter Cell: Chaos Theory"
"Overwhelm","4153","Overwhelm","936960","24900","3466","4","116","1","0","37.63","Overwhelm"
"Street Fighter Alpha 2","4154","Street Fighter Alpha 2","936180","24300","7590","3","149","1","0","38.53","Street Fighter Alpha 2"
"Commandos: Beyond the Call of Duty","4155","Commandos: Beyond the Call of Duty","935220","194760","319","3","41","1","0","4.8","Commandos: Beyond the Call of Duty"
"Full Ace Tennis Simulator","4156","Full Ace Tennis Simulator","935040","5220","15731","3","20","1","0","179.13","Full Ace Tennis Simulator"
"Cooking Mama","4157","Cooking Mama","934440","22140","3772","2","132","1","0","42.21","Cooking Mama"
"Supraland","4158","Supraland","932520","13800","4238","2","41","1","0","67.57","Supraland"
"VR: Vacate The Room","4159","VR: Vacate The Room","932520","540","16196","2","4","1","0","1726.89","VR: Vacate The Room"
"Shadow Hearts: Covenant","4160","Shadow Hearts: Covenant","930900","104040","492","3","85","1","0","8.95","Shadow Hearts: Covenant"
"The King's Bird","4161","The King's Bird","930300","34560","1415","4","111","1","0","26.92","The King's Bird"
"Virtua Fighter 4: Evolution","4162","Virtua Fighter 4: Evolution","928800","2640","7393","1","14","1","0","351.82","Virtua Fighter 4: Evolution"
"Guilty Gear XX Accent Core Plus R","4163","Guilty Gear XX Accent Core Plus R","928440","53160","1502","3","184","1","0","17.47","Guilty Gear XX Accent Core Plus R"
"Final Fantasy Adventure","4164","Final Fantasy Adventure","928140","37500","840","2","59","1","0","24.75","Final Fantasy Adventure"
"Castlevania: Order of Ecclesia","4165","Castlevania: Order of Ecclesia","927480","112380","502","4","184","1","0","8.25","Castlevania: Order of Ecclesia"
"iOS Gaming","4166","iOS Gaming","926700","213720","1371","7","400","1","0","4.34","iOS Gaming"
"Ticket to Ride","4167","Ticket to Ride","925440","48840","4391","3","248","1","0","18.95","Ticket to Ride"
"Double Turn","4168","Double Turn","925080","120","30790","1","3","1","0","7709","Double Turn"
"Quiz RPG: The World of Mystic Wiz","4169","Quiz RPG: The World of Mystic Wiz","924660","46620","2805","3","22","1","0","19.83","Quiz RPG: The World of Mystic Wiz"
"JoJo's Bizarre Adventure: Eyes of Heaven","4170","JoJo's Bizarre Adventure: Eyes of Heaven","923940","196260","2022","5","1085","1","0","4.71","JoJo's Bizarre Adventure: Eyes of Heaven"
"Meteor 60 Seconds!","4171","Meteor 60 Seconds!","923760","16320","3910","3","185","1","0","56.6","Meteor 60 Seconds!"
"TAROTICA VOO DOO","4172","TAROTICA VOO DOO","922740","1020","5164","1","5","1","0","904.65","TAROTICA VOO DOO"
"F-Zero X","4173","F-Zero X","922140","67020","8672","4","235","1","0","13.76","F-Zero X"
"Sanctum 2","4174","Sanctum 2","921720","167340","6189","5","782","1","0","5.51","Sanctum 2"
"Click!","4175","Click!","921540","2400","2783","2","9","1","0","383.98","Click!"
"Front Mission: Gun Hazard","4176","Front Mission: Gun Hazard","921180","12180","8713","2","20","1","0","75.63","Front Mission: Gun Hazard"
"Ty the Tasmanian Tiger","4177","Ty the Tasmanian Tiger","921060","213900","4542","6","601","1","0","4.31","Ty the Tasmanian Tiger"
"Star Ocean: Integrity and Faithlessness","4178","Star Ocean: Integrity and Faithlessness","920520","302340","177","6","738","1","0","3.04","Star Ocean: Integrity and Faithlessness"
"Sphinx and the Cursed Mummy","4179","Sphinx and the Cursed Mummy","919860","68160","661","3","125","1","0","13.5","Sphinx and the Cursed Mummy"
"MySims","4180","MySims","919740","22560","4250","2","70","1","0","40.77","MySims"
"Battle Princess Madelyn","4181","Battle Princess Madelyn","919380","22800","1380","11","123","1","0","40.32","Battle Princess Madelyn"
"Legrand Legacy","4182","Legrand Legacy","918960","82620","2008","11","180","1","0","11.12","Legrand Legacy"
"Trapper's Delight","4183","Trapper's Delight","918180","14940","5804","4","84","1","0","61.46","Trapper's Delight"
"Zombies Ate My Neighbors","4184","Zombies Ate My Neighbors","917520","63660","878","4","366","1","0","14.41","Zombies Ate My Neighbors"
"Dead Dozen","4185","Dead Dozen","917040","14460","8020","8","111","1","0","63.42","Dead Dozen"
"Battletoads & Double Dragon: The Ultimate Team","4186","Battletoads & Double Dragon: The Ultimate Team","916980","52620","1433","3","195","1","0","17.43","Battletoads & Double Dragon: The Ultimate Team"
"Saikyou Habu Shogi","4187","Saikyou Habu Shogi","916560","120","7902","1","1","1","0","7638","Saikyou Habu Shogi"
"Toki","4188","Toki","916320","10260","2868","2","51","1","0","89.31","Toki"
"The Sims: Online","4189","The Sims: Online","916140","13440","1830","2","67","1","0","68.17","The Sims: Online"
"Aviary Attorney","4190","Aviary Attorney","915600","141840","123","7","528","1","0","6.46","Aviary Attorney"
"Virtua Tennis 3","4191","Virtua Tennis 3","915120","3000","7802","1","20","1","0","305.04","Virtua Tennis 3"
"InnerSpace","4192","InnerSpace","914640","41280","3646","9","250","1","0","22.16","InnerSpace"
"WRC 7","4193","WRC 7","914220","128700","686","6","508","1","0","7.1","WRC 7"
"Splasher","4194","Splasher","913800","113640","4875","5","380","1","0","8.04","Splasher"
"Get Wrecked","4195","Get Wrecked","913740","7440","15076","2","55","1","0","122.81","Get Wrecked"
"Guitar Flash","4196","Guitar Flash","911880","85800","2047","3","564","1","0","10.63","Guitar Flash"
"Marvel Ultimate Alliance 2","4197","Marvel Ultimate Alliance 2","910860","113700","2221","5","541","1","0","8.01","Marvel Ultimate Alliance 2"
"The Bard's Tale Trilogy","4198","The Bard's Tale Trilogy","910800","41280","250","5","70","1","0","22.06","The Bard's Tale Trilogy"
"LawBreakers","4199","LawBreakers","910200","341520","622","10","805","1","0","2.67","LawBreakers"
"Dawn of War II: Retribution – The Last Standalone","4200","Dawn of War II: Retribution – The Last Standalone","909720","49320","1489","3","180","1","0","18.45","Dawn of War II: Retribution – The Last Standalone"