"","","Game","Watch time","Stream time","Peak viewers","Peak channels","Streamers","Average viewers","Average channels","Average viewer ratio",""
"MegaMan Unlimited","5401","MegaMan Unlimited","480660","44100","209","3","119","0","0","10.9","MegaMan Unlimited"
"Syobon Action","5402","Syobon Action","480480","13920","1978","2","81","0","0","34.52","Syobon Action"
"Hellbound","5403","Hellbound","479160","65880","1405","5","569","0","0","7.27","Hellbound"
"With Your Destiny","5404","With Your Destiny","479100","58440","206","3","80","0","0","8.2","With Your Destiny"
"Ka 2: Let's Go Hawaii","5405","Ka 2: Let's Go Hawaii","479100","1620","2136","1","10","0","0","295.74","Ka 2: Let's Go Hawaii"
"Romancing SaGa","5406","Romancing SaGa","478740","58980","283","4","66","0","0","8.12","Romancing SaGa"
"Need for Speed: Hot Pursuit 2","5407","Need for Speed: Hot Pursuit 2","478560","36840","512","2","164","0","0","12.99","Need for Speed: Hot Pursuit 2"
"Phantom Trigger","5408","Phantom Trigger","478320","8580","2017","2","39","0","0","55.75","Phantom Trigger"
"GemCraft Chapter Two: Chasing Shadows","5409","GemCraft Chapter Two: Chasing Shadows","478260","51540","160","3","109","0","0","9.28","GemCraft Chapter Two: Chasing Shadows"
"Copy Kitty","5410","Copy Kitty","476940","30000","1695","3","57","0","0","15.9","Copy Kitty"
"Touhou: Genso Wanderer","5411","Touhou: Genso Wanderer","476700","59580","191","5","118","0","0","8","Touhou: Genso Wanderer"
"Double Switch","5412","Double Switch","476580","4380","15122","2","19","0","0","108.81","Double Switch"
"Noobow","5413","Noobow","476040","4140","2972","2","20","0","0","114.99","Noobow"
"Infestation: Survivor Stories","5414","Infestation: Survivor Stories","476040","30360","1192","5","177","0","0","15.68","Infestation: Survivor Stories"
"Honshogi: Naitou Kudan Shogi Hiden","5415","Honshogi: Naitou Kudan Shogi Hiden","475800","2220","7589","5","9","0","0","214.32","Honshogi: Naitou Kudan Shogi Hiden"
"BloodRayne 2","5416","BloodRayne 2","475200","41940","3407","3","107","0","0","11.33","BloodRayne 2"
"Neon Genesis Evangelion","5417","Neon Genesis Evangelion","475080","8940","3409","2","36","0","0","53.14","Neon Genesis Evangelion"
"Kirby: Triple Deluxe","5418","Kirby: Triple Deluxe","475080","32280","248","2","81","0","0","14.72","Kirby: Triple Deluxe"
"Omega Quintet","5419","Omega Quintet","474780","152340","585","4","266","0","0","3.12","Omega Quintet"
"Draw Stuff","5420","Draw Stuff","474720","197100","351","6","707","0","0","2.41","Draw Stuff"
"Shin Megami Tensei: Devil Survivor Overclocked","5421","Shin Megami Tensei: Devil Survivor Overclocked","474660","20220","1671","2","18","0","0","23.47","Shin Megami Tensei: Devil Survivor Overclocked"
"2064: Read Only Memories","5422","2064: Read Only Memories","474600","67020","366","3","205","0","0","7.08","2064: Read Only Memories"
"Apocalypse","5423","Apocalypse","474420","7440","1773","2","39","0","0","63.77","Apocalypse"
"Antihorror","5424","Antihorror","474180","1860","4008","1","16","0","0","254.94","Antihorror"
"Afterfall: InSanity","5425","Afterfall: InSanity","474060","16920","468","2","52","0","0","28.02","Afterfall: InSanity"
"Comical Machine Gun Joe","5426","Comical Machine Gun Joe","473580","480","10289","1","1","0","0","986.63","Comical Machine Gun Joe"
"NBA 2K14","5427","NBA 2K14","473400","82500","3563","3","313","0","0","5.74","NBA 2K14"
"Fragments of Him","5428","Fragments of Him","473220","3840","7650","1","18","0","0","123.23","Fragments of Him"
"Dungeon Siege II","5429","Dungeon Siege II","473040","41340","1076","2","92","0","0","11.44","Dungeon Siege II"
"Wolfenstein","5430","Wolfenstein","472740","79560","245","3","239","0","0","5.94","Wolfenstein"
"X-Men Origins: Wolverine","5431","X-Men Origins: Wolverine","472560","38760","1144","2","103","0","0","12.19","X-Men Origins: Wolverine"
"Heroes of Might and Magic III: In the wake of gods","5432","Heroes of Might and Magic III: In the wake of gods","472380","18420","8153","2","93","0","0","25.64","Heroes of Might and Magic III: In the wake of gods"
"Animal Crossing: Happy Home Designer","5433","Animal Crossing: Happy Home Designer","472200","25620","104","2","63","0","0","18.43","Animal Crossing: Happy Home Designer"
"Shiin","5434","Shiin","472020","17760","390","3","30","0","0","26.58","Shiin"
"Front Mission 3","5435","Front Mission 3","471900","114060","553","4","145","0","0","4.14","Front Mission 3"
"Full Mojo Rampage","5436","Full Mojo Rampage","471600","19260","2075","2","100","0","0","24.49","Full Mojo Rampage"
"Running with Rifles","5437","Running with Rifles","471600","89640","1311","3","444","0","0","5.26","Running with Rifles"
"The King of Fighters 2000","5438","The King of Fighters 2000","471180","14460","746","2","156","0","0","32.59","The King of Fighters 2000"
"Keyboard Sports","5439","Keyboard Sports","471000","1920","4890","2","19","0","0","245.31","Keyboard Sports"
"Donkey Konga","5440","Donkey Konga","470880","9900","2551","2","62","0","0","47.56","Donkey Konga"
"OpenRA","5441","OpenRA","470820","47340","843","4","128","0","0","9.95","OpenRA"
"Nights of Azure 2: Bride of the New Moon","5442","Nights of Azure 2: Bride of the New Moon","470640","97260","1829","3","222","0","0","4.84","Nights of Azure 2: Bride of the New Moon"
"Dengeki Bunko: Fighting Climax","5443","Dengeki Bunko: Fighting Climax","470460","40680","413","3","53","0","0","11.56","Dengeki Bunko: Fighting Climax"
"Overlord: Raising Hell","5444","Overlord: Raising Hell","470400","94200","562","4","205","0","0","4.99","Overlord: Raising Hell"
"Swords and Serpents","5445","Swords and Serpents","469680","2280","2453","2","7","0","0","206","Swords and Serpents"
"Romance of the Three Kingdoms V","5446","Romance of the Three Kingdoms V","469680","4500","253","1","5","0","0","104.37","Romance of the Three Kingdoms V"
"The Balcony","5447","The Balcony","469380","840","2546","1","5","0","0","558.79","The Balcony"
"Heart's Medicine: Time to Heal","5448","Heart's Medicine: Time to Heal","469260","14460","2320","2","49","0","0","32.45","Heart's Medicine: Time to Heal"
"Oreshika: Tainted Bloodlines","5449","Oreshika: Tainted Bloodlines","469260","9360","423","1","8","0","0","50.13","Oreshika: Tainted Bloodlines"
"Oscar","5450","Oscar","469200","1380","3458","7","13","0","0","340","Oscar"
"AMID EVIL","5451","AMID EVIL","469080","44760","2573","5","187","0","0","10.48","AMID EVIL"
"Journey of a Roach","5452","Journey of a Roach","468660","20880","1215","2","97","0","0","22.45","Journey of a Roach"
"Enigmatis: The Mists of Ravenwood","5453","Enigmatis: The Mists of Ravenwood","468360","26340","500","2","65","0","0","17.78","Enigmatis: The Mists of Ravenwood"
"Tharsis","5454","Tharsis","468360","30480","1124","2","150","0","0","15.37","Tharsis"
"Live for Speed","5455","Live for Speed","467880","205920","395","7","910","0","0","2.27","Live for Speed"
"Nightfall","5456","Nightfall","467460","5040","7347","2","31","0","0","92.75","Nightfall"
"Tap Sonic","5457","Tap Sonic","467460","9660","1722","7","59","0","0","48.39","Tap Sonic"
"Fort Triumph","5458","Fort Triumph","466920","10080","1345","2","37","0","0","46.32","Fort Triumph"
"Audioshield","5459","Audioshield","466860","95280","1487","5","495","0","0","4.9","Audioshield"
"LostWinds: Winter of the Melodias","5460","LostWinds: Winter of the Melodias","466440","5700","7539","1","27","0","0","81.83","LostWinds: Winter of the Melodias"
"Eagle Flight","5461","Eagle Flight","466380","15720","784","3","108","0","0","29.67","Eagle Flight"
"River City Ransom","5462","River City Ransom","465960","26700","1140","3","144","0","0","17.45","River City Ransom"
"Star Wars: Dark Forces","5463","Star Wars: Dark Forces","465900","86460","472","4","238","0","0","5.39","Star Wars: Dark Forces"
"Quantum of Solace","5464","Quantum of Solace","465840","5940","1453","2","23","0","0","78.42","Quantum of Solace"
"The Apartment","5465","The Apartment","465780","20700","4087","5","77","0","0","22.5","The Apartment"
"Sports Mix","5466","Sports Mix","465540","65940","908","2","26","0","0","7.06","Sports Mix"
"NBA 2K16","5467","NBA 2K16","465540","570660","451","14","2077","0","1","0.82","NBA 2K16"
"Thousand Arms","5468","Thousand Arms","465360","34200","279","2","35","0","0","13.61","Thousand Arms"
"Halcyon 6: Starbase Commander","5469","Halcyon 6: Starbase Commander","465360","73980","427","4","224","0","0","6.29","Halcyon 6: Starbase Commander"
"tiny & Tall: Gleipnir","5470","tiny & Tall: Gleipnir","465240","6060","3368","3","29","0","0","76.77","tiny & Tall: Gleipnir"
"Frontier Pilot Simulator","5471","Frontier Pilot Simulator","465180","12480","879","2","49","0","0","37.27","Frontier Pilot Simulator"
"Golem Gates","5472","Golem Gates","465060","7800","1245","3","39","0","0","59.62","Golem Gates"
"Project 5: Sightseer","5473","Project 5: Sightseer","464760","40620","259","2","43","0","0","11.44","Project 5: Sightseer"
"SSX","5474","SSX","464460","62580","889","3","326","0","0","7.42","SSX"
"Killzone","5475","Killzone","464280","15840","7056","2","134","0","0","29.31","Killzone"
"Mega Man III","5476","Mega Man III","464100","25560","1231","2","80","0","0","18.16","Mega Man III"
"Jak X: Combat Racing","5477","Jak X: Combat Racing","464040","112860","696","4","456","0","0","4.11","Jak X: Combat Racing"
"Age of Wonders: Planetfall","5478","Age of Wonders: Planetfall","463920","960","3336","1","2","0","0","483.25","Age of Wonders: Planetfall"
"Max: The Curse of Brotherhood","5479","Max: The Curse of Brotherhood","463920","72120","263","3","289","0","0","6.43","Max: The Curse of Brotherhood"
"Wii Play","5480","Wii Play","463860","18540","3650","2","76","0","0","25.02","Wii Play"
"Hayarigami 2: Toshidensetsu Kaii Jiken","5481","Hayarigami 2: Toshidensetsu Kaii Jiken","463320","2160","1567","1","3","0","0","214.5","Hayarigami 2: Toshidensetsu Kaii Jiken"
"Initiation","5482","Initiation","463020","300","7806","1","4","0","0","1543.4","Initiation"
"Republique","5483","Republique","462900","27900","2273","2","112","0","0","16.59","Republique"
"Wario Land: Shake It!","5484","Wario Land: Shake It!","462840","24900","1686","3","65","0","0","18.59","Wario Land: Shake It!"
"Enigmatis 3: The Shadow of Karkhala","5485","Enigmatis 3: The Shadow of Karkhala","462840","26520","1188","2","78","0","0","17.45","Enigmatis 3: The Shadow of Karkhala"
"Stop","5486","Stop","462780","25860","1492","4","177","0","0","17.9","Stop"
"Folklore","5487","Folklore","462180","23280","373","2","31","0","0","19.85","Folklore"
"Spider-Man & Venom: Maximum Carnage","5488","Spider-Man & Venom: Maximum Carnage","461820","40440","8614","4","113","0","0","11.42","Spider-Man & Venom: Maximum Carnage"
"Midnight Club 3: DUB Edition Remix","5489","Midnight Club 3: DUB Edition Remix","461820","38580","527","2","142","0","0","11.97","Midnight Club 3: DUB Edition Remix"
"Beyond the Beyond","5490","Beyond the Beyond","461520","32040","395","3","34","0","0","14.4","Beyond the Beyond"
"Back to the Future","5491","Back to the Future","461460","26340","1137","3","81","0","0","17.52","Back to the Future"
"Oh My Godheads","5492","Oh My Godheads","461460","1380","2497","1","11","0","0","334.39","Oh My Godheads"
"Fell Seal: Arbiter's Mark","5493","Fell Seal: Arbiter's Mark","461460","34140","572","3","76","0","0","13.52","Fell Seal: Arbiter's Mark"
"Sacred","5494","Sacred","461280","94680","2289","3","218","0","0","4.87","Sacred"
"Bruh.IO","5495","Bruh.IO","460920","24420","219","3","155","0","0","18.87","Bruh.IO"
"Sophie's Curse","5496","Sophie's Curse","460380","28800","695","2","260","0","0","15.99","Sophie's Curse"
"Grim Tales: The Bride","5497","Grim Tales: The Bride","459840","19920","445","3","45","0","0","23.08","Grim Tales: The Bride"
"Stilt Fella","5498","Stilt Fella","459720","1200","2927","2","12","0","0","383.1","Stilt Fella"
"Uncanny Valley","5499","Uncanny Valley","459720","179520","425","14","1646","0","0","2.56","Uncanny Valley"
"Fallout Tactics: Brotherhood of Steel","5500","Fallout Tactics: Brotherhood of Steel","459600","76800","701","3","152","0","0","5.98","Fallout Tactics: Brotherhood of Steel"