"","","Game","Watch time","Stream time","Peak viewers","Peak channels","Streamers","Average viewers","Average channels","Average viewer ratio",""
"Super Street Fighter II Turbo","1101","Super Street Fighter II Turbo","13125660","221220","19752","4","379","24","0","59.33","Super Street Fighter II Turbo"
"007: Agent Under Fire","1102","007: Agent Under Fire","13114860","15120","109987","7","61","24","0","867.38","007: Agent Under Fire"
"Odin Sphere Leifthrasir","1103","Odin Sphere Leifthrasir","13083420","519180","7561","7","988","24","0","25.2","Odin Sphere Leifthrasir"
"Need for Speed Underground 2","1104","Need for Speed Underground 2","13078980","614820","4445","9","2554","24","1","21.27","Need for Speed Underground 2"
"Dirty Bomb","1105","Dirty Bomb","13069860","2652060","1995","38","6422","24","5","4.93","Dirty Bomb"
"Total War: Shogun 2","1106","Total War: Shogun 2","13066800","511800","4526","8","1509","24","0","25.53","Total War: Shogun 2"
"Mothergunship","1107","Mothergunship","13056660","260520","23769","38","1215","24","0","50.12","Mothergunship"
"The Talos Principle","1108","The Talos Principle","13012380","847140","8505","13","2442","24","1","15.36","The Talos Principle"
"Outlast 2","1109","Outlast 2","13006440","831000","4587","155","4731","24","1","15.65","Outlast 2"
"Monstrum","1110","Monstrum","13003080","265800","8390","9","1407","24","0","48.92","Monstrum"
"Kingdom: New Lands","1111","Kingdom: New Lands","13001940","599880","7124","11","2696","24","1","21.67","Kingdom: New Lands"
"Fire Emblem","1112","Fire Emblem","12998760","546960","3853","10","1026","24","1","23.77","Fire Emblem"
"Pokémon Mystery Dungeon: Explorers of Sky","1113","Pokémon Mystery Dungeon: Explorers of Sky","12995100","578700","6089","11","815","24","1","22.46","Pokémon Mystery Dungeon: Explorers of Sky"
"Crypt of the NecroDancer","1114","Crypt of the NecroDancer","12922800","1337820","4519","23","5256","24","2","9.66","Crypt of the NecroDancer"
"Wiz 'n' Liz: The Frantic Wabbit Wescue","1115","Wiz 'n' Liz: The Frantic Wabbit Wescue","12916500","28260","94991","8","43","24","0","457.06","Wiz 'n' Liz: The Frantic Wabbit Wescue"
"The Inpatient","1116","The Inpatient","12910440","183540","35578","19","1190","24","0","70.34","The Inpatient"
"The Bunker","1117","The Bunker","12897480","106920","23957","10","617","24","0","120.63","The Bunker"
"Plague Inc: Evolved","1118","Plague Inc: Evolved","12880200","460440","6107","13","3274","24","0","27.97","Plague Inc: Evolved"
"Resident Evil: Outbreak","1119","Resident Evil: Outbreak","12875400","387000","7862","10","526","24","0","33.27","Resident Evil: Outbreak"
"Teenage Mutant Ninja Turtles: The HyperStone Heist","1120","Teenage Mutant Ninja Turtles: The HyperStone Heist","12875340","11460","133126","9","82","24","0","1123.5","Teenage Mutant Ninja Turtles: The HyperStone Heist"
"Dark Age of Camelot","1121","Dark Age of Camelot","12871440","1265700","549","13","706","24","2","10.17","Dark Age of Camelot"
"Atelier Lydie & Suelle: The Alchemists and the Mysterious Paintings","1122","Atelier Lydie & Suelle: The Alchemists and the Mysterious Paintings","12856680","431400","6787","16","444","24","0","29.8","Atelier Lydie & Suelle: The Alchemists and the Mysterious Paintings"
"Phantasy Star Online 2","1123","Phantasy Star Online 2","12840300","2852520","1230","31","3709","24","5","4.5","Phantasy Star Online 2"
"Strider","1124","Strider","12797160","200100","144036","16","800","24","0","63.95","Strider"
"Shroud of the Avatar: Forsaken Virtues","1125","Shroud of the Avatar: Forsaken Virtues","12787740","1715460","2538","19","667","24","3","7.45","Shroud of the Avatar: Forsaken Virtues"
"Minit","1126","Minit","12766860","178200","41004","18","1082","24","0","71.64","Minit"
"Rage in Peace","1127","Rage in Peace","12764100","35280","16011","6","143","24","0","361.79","Rage in Peace"
"Grim Fandango","1128","Grim Fandango","12755100","339900","7422","8","1292","24","0","37.53","Grim Fandango"
"What Remains of Edith Finch","1129","What Remains of Edith Finch","12754380","480720","9990","10","3195","24","0","26.53","What Remains of Edith Finch"
"Boundless","1130","Boundless","12722340","756180","4592","25","809","24","1","16.82","Boundless"
"Werewolves 狼人殺","1131","Werewolves 狼人殺","12672000","156960","5147","4","87","24","0","80.73","Werewolves 狼人殺"
"Environmental Station Alpha","1132","Environmental Station Alpha","12661500","70800","82064","10","118","24","0","178.83","Environmental Station Alpha"
"Harry Potter and the Chamber of Secrets","1133","Harry Potter and the Chamber of Secrets","12654000","330300","22156","9","865","24","0","38.31","Harry Potter and the Chamber of Secrets"
"Firewatch","1134","Firewatch","12654000","925140","4095","14","5011","24","1","13.68","Firewatch"
"Dikembe Mutombo's 4 1/2 Weeks to Save the World","1135","Dikembe Mutombo's 4 1/2 Weeks to Save the World","12638340","71880","1310","3","37","24","0","175.83","Dikembe Mutombo's 4 1/2 Weeks to Save the World"
"Defiance 2050","1136","Defiance 2050","12632640","2709840","25178","154","8996","24","5","4.66","Defiance 2050"
"Star Control: Origins","1137","Star Control: Origins","12551220","176700","13698","34","440","23","0","71.03","Star Control: Origins"
"Comedy Night","1138","Comedy Night","12536520","532440","18381","10","2516","23","1","23.55","Comedy Night"
"Yooka-Laylee","1139","Yooka-Laylee","12530280","793200","135764","15","2871","23","1","15.8","Yooka-Laylee"
"Mega Man 6","1140","Mega Man 6","12515940","138480","133787","15","388","23","0","90.38","Mega Man 6"
"Battlefield 3","1141","Battlefield 3","12451740","2290440","1975","24","9258","23","4","5.44","Battlefield 3"
"Pamali: Indonesian Folklore Horror","1142","Pamali: Indonesian Folklore Horror","12447660","12000","35911","7","82","23","0","1037.31","Pamali: Indonesian Folklore Horror"
"Zula","1143","Zula","12428700","1571760","9855","16","6283","23","2","7.91","Zula"
"Nexus: The Kingdom of the Winds","1144","Nexus: The Kingdom of the Winds","12383700","119580","11906","4","116","23","0","103.56","Nexus: The Kingdom of the Winds"
"Bacon Man: An Adventure","1145","Bacon Man: An Adventure","12376620","8340","15140","5","35","23","0","1484.01","Bacon Man: An Adventure"
"Angels of Death","1146","Angels of Death","12360360","208680","7802","5","658","23","0","59.23","Angels of Death"
"Metroid Prime 2: Echoes","1147","Metroid Prime 2: Echoes","12325860","385980","7000","7","488","23","0","31.93","Metroid Prime 2: Echoes"
"Hotline Miami","1148","Hotline Miami","12249660","734400","17946","10","5811","23","1","16.68","Hotline Miami"
"Gex 3: Deep Cover Gecko","1149","Gex 3: Deep Cover Gecko","12235680","22380","102945","7","62","23","0","546.72","Gex 3: Deep Cover Gecko"
"The End is Nigh","1150","The End is Nigh","12231420","285120","137276","12","914","23","0","42.9","The End is Nigh"
"PUBG Mobile","1151","PUBG Mobile","12224820","400080","17785","38","21744","23","0","30.56","PUBG Mobile"
"Zero Time Dilemma","1152","Zero Time Dilemma","12223680","239220","6397","6","311","23","0","51.1","Zero Time Dilemma"
"The Legend of Zelda: Link's Awakening DX","1153","The Legend of Zelda: Link's Awakening DX","12212220","542520","5594","14","755","23","1","22.51","The Legend of Zelda: Link's Awakening DX"
"Ni no Kuni: Wrath of the White Witch","1154","Ni no Kuni: Wrath of the White Witch","12155220","540660","13227","14","546","23","1","22.48","Ni no Kuni: Wrath of the White Witch"
"Colina: Legacy","1155","Colina: Legacy","12121740","57660","21946","9","235","23","0","210.23","Colina: Legacy"
"South Park: The Stick of Truth","1156","South Park: The Stick of Truth","12061080","1387680","19100","18","6821","22","2","8.69","South Park: The Stick of Truth"
"Mega Man Zero 4","1157","Mega Man Zero 4","12041400","36180","119705","10","88","22","0","332.82","Mega Man Zero 4"
"Abandon Ship","1158","Abandon Ship","12007740","151200","11183","36","556","22","0","79.42","Abandon Ship"
"Dead Rising 4","1159","Dead Rising 4","11999880","636000","5915","10","2643","22","1","18.87","Dead Rising 4"
"8 Ball Pool","1160","8 Ball Pool","11990280","244980","34789","4","1463","22","0","48.94","8 Ball Pool"
"Star Fox 2","1161","Star Fox 2","11975100","20040","116245","14","140","22","0","597.56","Star Fox 2"
"Transport Fever","1162","Transport Fever","11933400","900120","3935","12","1315","22","1","13.26","Transport Fever"
"Lucius","1163","Lucius","11927460","281280","21145","7","1233","22","0","42.4","Lucius"
"Hitman: Blood Money","1164","Hitman: Blood Money","11926980","374460","20745","8","1654","22","0","31.85","Hitman: Blood Money"
"Jak II","1165","Jak II","11912700","628620","14753","10","1957","22","1","18.95","Jak II"
"Lucius III","1166","Lucius III","11894940","58020","27488","22","278","22","0","205.01","Lucius III"
"Sherlock Holmes: The Devil's Daughter","1167","Sherlock Holmes: The Devil's Daughter","11890080","566340","6485","11","1836","22","1","20.99","Sherlock Holmes: The Devil's Daughter"
"THE iDOLM@STER MILLION LIVE! THEATER DAYS","1168","THE iDOLM@STER MILLION LIVE! THEATER DAYS","11868840","576540","9703","16","368","22","1","20.59","THE iDOLM@STER MILLION LIVE! THEATER DAYS"
"X-Plane 11","1169","X-Plane 11","11862180","1956600","5335","18","2475","22","3","6.06","X-Plane 11"
"Dead Frontier 2","1170","Dead Frontier 2","11817000","1583640","22169","141","6240","22","3","7.46","Dead Frontier 2"
"DC Universe Online","1171","DC Universe Online","11811420","3239940","1751","22","7017","22","6","3.65","DC Universe Online"
"Monster Prom","1172","Monster Prom","11806140","852420","33485","42","3830","22","1","13.85","Monster Prom"
"Company of Heroes","1173","Company of Heroes","11797020","404340","13126","7","1077","22","0","29.18","Company of Heroes"
"True Fear: Forsaken Souls","1174","True Fear: Forsaken Souls","11765220","148620","12118","6","429","22","0","79.16","True Fear: Forsaken Souls"
"World of Final Fantasy","1175","World of Final Fantasy","11746560","1658820","6237","26","3238","22","3","7.08","World of Final Fantasy"
"Beholder 2","1176","Beholder 2","11702580","161040","14168","34","649","22","0","72.67","Beholder 2"
"F.E.A.R.: First Encounter Assault Recon","1177","F.E.A.R.: First Encounter Assault Recon","11683980","699480","6865","16","2550","22","1","16.7","F.E.A.R.: First Encounter Assault Recon"
"Ultimate Marvel vs. Capcom 3","1178","Ultimate Marvel vs. Capcom 3","11650980","486300","30267","8","2303","22","0","23.96","Ultimate Marvel vs. Capcom 3"
"Limbo","1179","Limbo","11631900","897240","7937","17","5985","22","1","12.96","Limbo"
"Liar Princess and the Blind Prince","1180","Liar Princess and the Blind Prince","11619000","31740","14275","10","97","22","0","366.07","Liar Princess and the Blind Prince"
"Call of Cthulhu: Dark Corners of the Earth","1181","Call of Cthulhu: Dark Corners of the Earth","11611860","285120","6496","7","732","22","0","40.73","Call of Cthulhu: Dark Corners of the Earth"
"Tomb Raider (1996)","1182","Tomb Raider (1996)","11609040","468060","4192","8","799","22","0","24.8","Tomb Raider (1996)"
"Romance of the Three Kingdoms XII","1183","Romance of the Three Kingdoms XII","11580060","196140","576","4","40","22","0","59.04","Romance of the Three Kingdoms XII"
"Drawful 2","1184","Drawful 2","11572440","659880","5161","12","4362","22","1","17.54","Drawful 2"
"BioShock 2","1185","BioShock 2","11562180","1213260","4892","14","3554","22","2","9.53","BioShock 2"
"Thief: The Dark Project","1186","Thief: The Dark Project","11559840","338520","125644","12","376","21","0","34.15","Thief: The Dark Project"
"Yu-Gi-Oh! Legacy of the Duelist","1187","Yu-Gi-Oh! Legacy of the Duelist","11555640","1537920","3912","15","6329","21","2","7.51","Yu-Gi-Oh! Legacy of the Duelist"
"Cloudbuilt","1188","Cloudbuilt","11554860","21240","95281","9","96","21","0","544.01","Cloudbuilt"
"Super Mario Land 2: 6 Golden Coins","1189","Super Mario Land 2: 6 Golden Coins","11542980","161520","116805","12","417","21","0","71.46","Super Mario Land 2: 6 Golden Coins"
"Super Star Wars: The Empire Strikes Back","1190","Super Star Wars: The Empire Strikes Back","11519640","16140","105922","10","54","21","0","713.73","Super Star Wars: The Empire Strikes Back"
"Max Payne","1191","Max Payne","11437500","505020","12018","10","2022","21","0","22.65","Max Payne"
"Ghosts 'N Goblins","1192","Ghosts 'N Goblins","11395680","48600","72041","9","223","21","0","234.48","Ghosts 'N Goblins"
"Besiege","1193","Besiege","11387280","289380","13605","10","1926","21","0","39.35","Besiege"
"Watch Dogs 2","1194","Watch Dogs 2","11302260","1821900","4107","18","15658","21","3","6.2","Watch Dogs 2"
"Robocraft","1195","Robocraft","11300940","1440060","7375","19","3128","21","2","7.85","Robocraft"
"Fushigi no Dungeon: Furai no Shiren Gaiden: Jokenji Asuka Kenzan!","1196","Fushigi no Dungeon: Furai no Shiren Gaiden: Jokenji Asuka Kenzan!","11265780","21060","7096","3","24","21","0","534.94","Fushigi no Dungeon: Furai no Shiren Gaiden: Jokenji Asuka Kenzan!"
"Mario Party 8","1197","Mario Party 8","11261580","108120","25565","4","319","21","0","104.16","Mario Party 8"
"Unturned","1198","Unturned","11246460","3005820","4557","24","12271","21","5","3.74","Unturned"
"Emily Wants to Play","1199","Emily Wants to Play","11246340","379560","10323","12","3440","21","0","29.63","Emily Wants to Play"
"Zeal","1200","Zeal","11210220","127200","33806","16","448","21","0","88.13","Zeal"