"","","Game","Watch time","Stream time","Peak viewers","Peak channels","Streamers","Average viewers","Average channels","Average viewer ratio",""
"Adventure Quest 3D","2801","Adventure Quest 3D","2285280","191400","2882","5","439","4","0","11.94","Adventure Quest 3D"
"Fire Emblem: Awakening","2802","Fire Emblem: Awakening","2284200","201180","286","5","325","4","0","11.35","Fire Emblem: Awakening"
"Phoenix Wright: Ace Attorney – Spirit of Justice","2803","Phoenix Wright: Ace Attorney – Spirit of Justice","2283540","100980","782","3","72","4","0","22.61","Phoenix Wright: Ace Attorney – Spirit of Justice"
"Dandara","2804","Dandara","2282640","99000","1906","12","486","4","0","23.06","Dandara"
"THE iDOLM@STER","2805","THE iDOLM@STER","2273580","69780","2190","3","83","4","0","32.58","THE iDOLM@STER"
"Mobius Final Fantasy","2806","Mobius Final Fantasy","2271300","510420","1004","8","731","4","0","4.45","Mobius Final Fantasy"
"The Ultimate Doom","2807","The Ultimate Doom","2269860","245160","4471","10","1083","4","0","9.26","The Ultimate Doom"
"Super Robot Wars A Portable","2808","Super Robot Wars A Portable","2268300","53340","882","3","50","4","0","42.53","Super Robot Wars A Portable"
"Refunct","2809","Refunct","2267760","171720","6024","7","721","4","0","13.21","Refunct"
"Kindergarten","2810","Kindergarten","2266980","75360","3207","4","383","4","0","30.08","Kindergarten"
"Itadaki Street: Dragon Quest & Final Fantasy 30th Anniversary","2811","Itadaki Street: Dragon Quest & Final Fantasy 30th Anniversary","2266380","18360","8308","2","54","4","0","123.44","Itadaki Street: Dragon Quest & Final Fantasy 30th Anniversary"
"Asura's Wrath","2812","Asura's Wrath","2262720","85800","1601","3","198","4","0","26.37","Asura's Wrath"
"Mulaka","2813","Mulaka","2262300","70920","6004","13","281","4","0","31.9","Mulaka"
"Shin Megami Tensei: Strange Journey Redux","2814","Shin Megami Tensei: Strange Journey Redux","2261820","90780","2226","10","80","4","0","24.92","Shin Megami Tensei: Strange Journey Redux"
"Horizon Source","2815","Horizon Source","2261820","179760","34019","12","905","4","0","12.58","Horizon Source"
"Dungeon of the Endless","2816","Dungeon of the Endless","2260980","418080","649","11","1712","4","0","5.41","Dungeon of the Endless"
"Forager","2817","Forager","2259060","124440","3534","8","477","4","0","18.15","Forager"
"Pizza Pop!","2818","Pizza Pop!","2254680","660","71204","6","11","4","0","3416.18","Pizza Pop!"
"Darkwing Duck","2819","Darkwing Duck","2253240","34560","11917","4","135","4","0","65.2","Darkwing Duck"
"FlatOut 2","2820","FlatOut 2","2252640","165240","4808","5","875","4","0","13.63","FlatOut 2"
"Pump It Up Prime 2","2821","Pump It Up Prime 2","2249400","97260","5175","4","72","4","0","23.13","Pump It Up Prime 2"
"Food","2822","Food","2246640","85440","2544","4","366","4","0","26.29","Food"
"Kritika Online","2823","Kritika Online","2244660","496440","668","8","844","4","0","4.52","Kritika Online"
"Android: Netrunner","2824","Android: Netrunner","2243640","107220","623","5","86","4","0","20.93","Android: Netrunner"
"Next Day: Survival","2825","Next Day: Survival","2243400","231780","14676","9","827","4","0","9.68","Next Day: Survival"
"Backgammon","2826","Backgammon","2237340","82860","1218","4","48","4","0","27","Backgammon"
"Scary Tales","2827","Scary Tales","2237040","5160","9883","2","23","4","0","433.53","Scary Tales"
"White Noise 2","2828","White Noise 2","2233920","295680","18988","8","2035","4","0","7.56","White Noise 2"
"Welcome to Hanwell","2829","Welcome to Hanwell","2232480","105540","4560","5","420","4","0","21.15","Welcome to Hanwell"
"Dragon Warrior II","2830","Dragon Warrior II","2228400","60540","5413","4","79","4","0","36.81","Dragon Warrior II"
"EXAPUNKS","2831","EXAPUNKS","2228160","75840","3964","10","224","4","0","29.38","EXAPUNKS"
"Harry Potter and the Deathly Hallows: Part 1","2832","Harry Potter and the Deathly Hallows: Part 1","2227680","29520","5672","2","118","4","0","75.46","Harry Potter and the Deathly Hallows: Part 1"
"Radiant Historia","2833","Radiant Historia","2226900","110400","1562","4","85","4","0","20.17","Radiant Historia"
"The Light Keeps Us Safe","2834","The Light Keeps Us Safe","2215380","11640","22982","3","77","4","0","190.32","The Light Keeps Us Safe"
"Snake Pass","2835","Snake Pass","2215200","152340","12632","8","911","4","0","14.54","Snake Pass"
"The Colonists","2836","The Colonists","2214420","88860","823","15","322","4","0","24.92","The Colonists"
"ISLAND","2837","ISLAND","2214180","27660","25332","3","56","4","0","80.05","ISLAND"
"Jotun","2838","Jotun","2213940","272580","4178","5","1551","4","0","8.12","Jotun"
"Yoshi's Woolly World","2839","Yoshi's Woolly World","2213220","137280","2803","5","339","4","0","16.12","Yoshi's Woolly World"
"Dragon View","2840","Dragon View","2209800","9600","1637","1","8","4","0","230.19","Dragon View"
"Bubsy II","2841","Bubsy II","2208900","4380","99829","8","33","4","0","504.32","Bubsy II"
"The Night of the Rabbit","2842","The Night of the Rabbit","2208780","140340","1611","4","349","4","0","15.74","The Night of the Rabbit"
"Broken Age","2843","Broken Age","2208720","222840","5558","9","704","4","0","9.91","Broken Age"
"Mario Superstar Baseball","2844","Mario Superstar Baseball","2204700","67980","1210","4","268","4","0","32.43","Mario Superstar Baseball"
"Vigor","2845","Vigor","2204520","209100","2632","12","676","4","0","10.54","Vigor"
"Deadly Premonition","2846","Deadly Premonition","2203560","87600","2104","3","181","4","0","25.15","Deadly Premonition"
"Nameless ~The One Thing You Must Recall~","2847","Nameless ~The One Thing You Must Recall~","2200560","27000","2384","2","59","4","0","81.5","Nameless ~The One Thing You Must Recall~"
"Elea","2848","Elea","2200380","12600","15521","4","76","4","0","174.63","Elea"
"UFC Undisputed 3","2849","UFC Undisputed 3","2199900","49620","9593","10","244","4","0","44.33","UFC Undisputed 3"
"RPG Maker VX Ace","2850","RPG Maker VX Ace","2198400","179400","9922","5","501","4","0","12.25","RPG Maker VX Ace"
"Splatoon","2851","Splatoon","2197080","312480","3415","6","841","4","0","7.03","Splatoon"
"Guacamelee!: Super Turbo Championship Edition","2852","Guacamelee!: Super Turbo Championship Edition","2194080","175920","977","7","686","4","0","12.47","Guacamelee!: Super Turbo Championship Edition"
"Hobo: Tough Life","2853","Hobo: Tough Life","2190960","36480","3732","4","156","4","0","60.06","Hobo: Tough Life"
"Super Multitasking","2854","Super Multitasking","2190120","5940","12898","4","36","4","0","368.71","Super Multitasking"
"Cinema Tycoon 2: Movie Mania","2855","Cinema Tycoon 2: Movie Mania","2189400","72600","1091","5","146","4","0","30.16","Cinema Tycoon 2: Movie Mania"
"The Legend of Spyro: The Eternal Night","2856","The Legend of Spyro: The Eternal Night","2183520","35820","20552","6","70","4","0","60.96","The Legend of Spyro: The Eternal Night"
"Super Robot Taisen V","2857","Super Robot Taisen V","2181240","196440","1093","6","150","4","0","11.1","Super Robot Taisen V"
"fault -milestone one-","2858","fault -milestone one-","2180100","19380","5211","3","73","4","0","112.49","fault -milestone one-"
"The Deed","2859","The Deed","2179380","6780","9035","2","53","4","0","321.44","The Deed"
"Dr. Mario","2860","Dr. Mario","2178660","120900","6481","5","377","4","0","18.02","Dr. Mario"
"Dragon Quest V: Hand of the Heavenly Bride","2861","Dragon Quest V: Hand of the Heavenly Bride","2176920","281580","1147","5","152","4","0","7.73","Dragon Quest V: Hand of the Heavenly Bride"
"Latale","2862","Latale","2175000","182580","1094","6","207","4","0","11.91","Latale"
"WWF SmackDown! Just Bring It","2863","WWF SmackDown! Just Bring It","2174160","2880","6783","1","24","4","0","754.92","WWF SmackDown! Just Bring It"
"Warmachine & Hordes","2864","Warmachine & Hordes","2173680","138600","1311","4","66","4","0","15.68","Warmachine & Hordes"
"Rhythm Doctor","2865","Rhythm Doctor","2169300","10980","9071","2","76","4","0","197.57","Rhythm Doctor"
"Treasure Adventure World","2866","Treasure Adventure World","2167500","45360","1025","4","98","4","0","47.78","Treasure Adventure World"
"PixelJunk Monsters: Ultimate HD","2867","PixelJunk Monsters: Ultimate HD","2166300","16020","8424","6","45","4","0","135.22","PixelJunk Monsters: Ultimate HD"
"Shadow Warrior","2868","Shadow Warrior","2165820","710160","5849","32","3248","4","1","3.05","Shadow Warrior"
"Old Man's Journey","2869","Old Man's Journey","2162700","78720","6299","5","606","4","0","27.47","Old Man's Journey"
"Crysis 2","2870","Crysis 2","2161380","281640","1684","5","1084","4","0","7.67","Crysis 2"
"Hunt Down the Freeman","2871","Hunt Down the Freeman","2159580","42000","2831","5","177","4","0","51.42","Hunt Down the Freeman"
"Vanquish","2872","Vanquish","2159520","309960","3551","12","1529","4","0","6.97","Vanquish"
"Lucius II","2873","Lucius II","2159340","81360","4172","4","288","4","0","26.54","Lucius II"
"CometStriker","2874","CometStriker","2152740","23160","7827","9","40","4","0","92.95","CometStriker"
"Silent Hill: Shattered Memories","2875","Silent Hill: Shattered Memories","2152680","57720","727","3","159","4","0","37.3","Silent Hill: Shattered Memories"
"Nex Machina: Death Machine","2876","Nex Machina: Death Machine","2149680","261660","1325","5","618","4","0","8.22","Nex Machina: Death Machine"
"Wildlife Park","2877","Wildlife Park","2147580","9660","8922","2","39","4","0","222.32","Wildlife Park"
"Sherlock Holmes: Crimes & Punishments","2878","Sherlock Holmes: Crimes & Punishments","2147100","96300","699","3","262","4","0","22.3","Sherlock Holmes: Crimes & Punishments"
"Tumblestone","2879","Tumblestone","2147100","30600","12038","3","202","4","0","70.17","Tumblestone"
"The Swindle","2880","The Swindle","2146020","23520","13096","2","124","4","0","91.24","The Swindle"
"Tony Hawk's Underground 2","2881","Tony Hawk's Underground 2","2144520","246960","9898","8","935","4","0","8.68","Tony Hawk's Underground 2"
"Pokémon Channel","2882","Pokémon Channel","2141820","117660","1875","5","470","4","0","18.2","Pokémon Channel"
"Shaolin vs Wutang","2883","Shaolin vs Wutang","2140260","15660","25314","3","98","4","0","136.67","Shaolin vs Wutang"
"Confess My Love","2884","Confess My Love","2139120","9180","6851","2","56","4","0","233.02","Confess My Love"
"Super Smash Bros. for Nintendo 3DS","2885","Super Smash Bros. for Nintendo 3DS","2138520","241320","130","6","341","4","0","8.86","Super Smash Bros. for Nintendo 3DS"
"Metroid II: Return of Samus","2886","Metroid II: Return of Samus","2137140","191640","958","5","465","4","0","11.15","Metroid II: Return of Samus"
"Five Nights at Freddy's 2","2887","Five Nights at Freddy's 2","2134980","189960","3489","5","1239","4","0","11.24","Five Nights at Freddy's 2"
"The King of Fighters '98: Ultimate Match Online","2888","The King of Fighters '98: Ultimate Match Online","2131920","46020","6638","3","124","4","0","46.33","The King of Fighters '98: Ultimate Match Online"
"Tekken 7: Fated Retribution","2889","Tekken 7: Fated Retribution","2128620","122700","2590","5","326","4","0","17.35","Tekken 7: Fated Retribution"
"Rocket Boots Mania","2890","Rocket Boots Mania","2123820","2520","17563","3","18","4","0","842.79","Rocket Boots Mania"
"Virtual Hydlide","2891","Virtual Hydlide","2121000","7380","10924","3","17","4","0","287.4","Virtual Hydlide"
"Lara Croft Tomb Raider: The Angel of Darkness","2892","Lara Croft Tomb Raider: The Angel of Darkness","2120340","137820","14011","4","175","4","0","15.38","Lara Croft Tomb Raider: The Angel of Darkness"
"F-Zero","2893","F-Zero","2120160","70980","2607","5","369","4","0","29.87","F-Zero"
"Gone Home","2894","Gone Home","2118300","282240","3340","8","2064","4","0","7.51","Gone Home"
"Robotrek","2895","Robotrek","2115480","17880","2587","2","28","4","0","118.32","Robotrek"
"Nimbatus: The Space Drone Constructor","2896","Nimbatus: The Space Drone Constructor","2113740","63180","3573","10","271","4","0","33.46","Nimbatus: The Space Drone Constructor"
"Mages of Mystralia","2897","Mages of Mystralia","2112180","59220","10558","3","156","4","0","35.67","Mages of Mystralia"
"CityBattle: Virtual Earth","2898","CityBattle: Virtual Earth","2110200","102840","3567","12","440","4","0","20.52","CityBattle: Virtual Earth"
"Family Feud","2899","Family Feud","2107800","24360","8106","2","105","4","0","86.53","Family Feud"
"Headsnatchers","2900","Headsnatchers","2106240","11280","24998","4","87","4","0","186.72","Headsnatchers"