"","","Game","Watch time","Stream time","Peak viewers","Peak channels","Streamers","Average viewers","Average channels","Average viewer ratio",""
"Renegade Line","11101","Renegade Line","48480","5760","75","5","22","0","0","8.42","Renegade Line"
"Windlands 2","11102","Windlands 2","48480","12960","127","3","56","0","0","3.74","Windlands 2"
"Volcanoids","11103","Volcanoids","48420","7440","92","2","33","0","0","6.51","Volcanoids"
"Etrian Odyssey Untold: The Millennium Girl","11104","Etrian Odyssey Untold: The Millennium Girl","48420","14520","28","2","15","0","0","3.33","Etrian Odyssey Untold: The Millennium Girl"
"THE iDOLM@STER: One For All","11105","THE iDOLM@STER: One For All","48420","4080","174","1","10","0","0","11.87","THE iDOLM@STER: One For All"
"Influent","11106","Influent","48360","5700","136","2","40","0","0","8.48","Influent"
"Back to the Future Part II & III","11107","Back to the Future Part II & III","48360","2220","239","1","10","0","0","21.78","Back to the Future Part II & III"
"Gravity Well","11108","Gravity Well","48360","3300","39","2","14","0","0","14.65","Gravity Well"
"The Pizza Delivery Boy Who Saved the World","11109","The Pizza Delivery Boy Who Saved the World","48360","660","184","1","3","0","0","73.27","The Pizza Delivery Boy Who Saved the World"
"Scooby-Doo and the Cyber Chase","11110","Scooby-Doo and the Cyber Chase","48300","20280","28","3","50","0","0","2.38","Scooby-Doo and the Cyber Chase"
"Naruto: Rise of a Ninja","11111","Naruto: Rise of a Ninja","48300","16320","149","2","18","0","0","2.96","Naruto: Rise of a Ninja"
"Charlie Murder","11112","Charlie Murder","48300","21420","26","2","81","0","0","2.25","Charlie Murder"
"Marchen Forest: Mylne and the Forest Gift","11113","Marchen Forest: Mylne and the Forest Gift","48300","13920","23","3","21","0","0","3.47","Marchen Forest: Mylne and the Forest Gift"
"Disney's Tarzan","11114","Disney's Tarzan","48240","6660","100","1","39","0","0","7.24","Disney's Tarzan"
"Nairi","11115","Nairi","48240","4980","68","3","25","0","0","9.69","Nairi"
"What the Golf?","11116","What the Golf?","48180","1920","586","1","13","0","0","25.09","What the Golf?"
"Our Darker Purpose","11117","Our Darker Purpose","48180","11340","121","2","30","0","0","4.25","Our Darker Purpose"
"Die Siedler: Das Erbe der Könige (Gold Edition)","11118","Die Siedler: Das Erbe der Könige (Gold Edition)","48180","41220","25","2","85","0","0","1.17","Die Siedler: Das Erbe der Könige (Gold Edition)"
"Waxworks","11119","Waxworks","48180","1620","202","1","7","0","0","29.74","Waxworks"
"Carrier Deck","11120","Carrier Deck","48120","10800","178","2","41","0","0","4.46","Carrier Deck"
"Fata morgana no Yakata","11121","Fata morgana no Yakata","48060","20220","11","2","18","0","0","2.38","Fata morgana no Yakata"
"Crystal Caves","11122","Crystal Caves","48060","6000","52","1","24","0","0","8.01","Crystal Caves"
"Albert & Otto","11123","Albert & Otto","48060","9900","56","2","56","0","0","4.85","Albert & Otto"
"Sengoku Basara 4 Sumeragi","11124","Sengoku Basara 4 Sumeragi","48060","10140","200","2","43","0","0","4.74","Sengoku Basara 4 Sumeragi"
"Travian","11125","Travian","48060","21060","438","2","31","0","0","2.28","Travian"
"B-Units Build it!","11126","B-Units Build it!","48060","300","446","1","2","0","0","160.2","B-Units Build it!"
"Foes of Ali","11127","Foes of Ali","48060","120","550","1","2","0","0","400.5","Foes of Ali"
"Kya: Dark Lineage","11128","Kya: Dark Lineage","48000","6900","27","2","24","0","0","6.96","Kya: Dark Lineage"
"Pin*Bot","11129","Pin*Bot","48000","1740","370","1","10","0","0","27.59","Pin*Bot"
"Xianjian Qixia Zhuan 2","11130","Xianjian Qixia Zhuan 2","48000","9120","40","1","4","0","0","5.26","Xianjian Qixia Zhuan 2"
"Broke Protocol","11131","Broke Protocol","48000","14220","80","3","114","0","0","3.38","Broke Protocol"
"Sid Meier's Pirates!: Live the Life","11132","Sid Meier's Pirates!: Live the Life","47940","19860","25","2","58","0","0","2.41","Sid Meier's Pirates!: Live the Life"
"Vintage Story","11133","Vintage Story","47940","14160","19","2","22","0","0","3.39","Vintage Story"
"Conquests of the Longbow: The Legend of Robin Hood","11134","Conquests of the Longbow: The Legend of Robin Hood","47940","9120","30","2","16","0","0","5.26","Conquests of the Longbow: The Legend of Robin Hood"
"Kara no Shoujo","11135","Kara no Shoujo","47940","15300","20","2","29","0","0","3.13","Kara no Shoujo"
"Raven's Cry","11136","Raven's Cry","47940","4140","501","1","9","0","0","11.58","Raven's Cry"
"Einhänder","11137","Einhänder","47940","18960","31","5","87","0","0","2.53","Einhänder"
"Amphora","11138","Amphora","47940","2460","112","1","10","0","0","19.49","Amphora"
"Ys I & II: Complete","11139","Ys I & II: Complete","47880","12120","34","2","28","0","0","3.95","Ys I & II: Complete"
"Disney's Mulan","11140","Disney's Mulan","47880","720","782","1","5","0","0","66.5","Disney's Mulan"
"Asdivine Hearts","11141","Asdivine Hearts","47880","18300","37","2","54","0","0","2.62","Asdivine Hearts"
"Rokh","11142","Rokh","47820","6060","381","2","23","0","0","7.89","Rokh"
"SingStar Hottest Hits","11143","SingStar Hottest Hits","47820","720","280","1","5","0","0","66.42","SingStar Hottest Hits"
"Atelier Iris 3: Grand Phantasm","11144","Atelier Iris 3: Grand Phantasm","47820","17640","13","1","9","0","0","2.71","Atelier Iris 3: Grand Phantasm"
"Tales of Monkey Island Chapter 4: The Trial and Execution of Guybrush Threepwood","11145","Tales of Monkey Island Chapter 4: The Trial and Execution of Guybrush Threepwood","47760","9120","57","2","32","0","0","5.24","Tales of Monkey Island Chapter 4: The Trial and Execution of Guybrush Threepwood"
"Dangerous Waters","11146","Dangerous Waters","47760","15300","37","2","18","0","0","3.12","Dangerous Waters"
"Merchant","11147","Merchant","47760","3060","94","1","18","0","0","15.61","Merchant"
"Cinders","11148","Cinders","47760","6840","80","2","18","0","0","6.98","Cinders"
"Metal Slug 5","11149","Metal Slug 5","47760","17280","155","2","65","0","0","2.76","Metal Slug 5"
"Road Rash II","11150","Road Rash II","47760","8580","116","1","36","0","0","5.57","Road Rash II"
"Turbopug DX","11151","Turbopug DX","47760","7140","393","3","74","0","0","6.69","Turbopug DX"
"True or False","11152","True or False","47760","3600","102","1","18","0","0","13.27","True or False"
"Fantasy War Tactics","11153","Fantasy War Tactics","47640","11640","14","2","14","0","0","4.09","Fantasy War Tactics"
"Assortment","11154","Assortment","47640","20100","27","2","34","0","0","2.37","Assortment"
"Sky","11155","Sky","47640","20040","40","3","53","0","0","2.38","Sky"
"Casino De Luxe","11156","Casino De Luxe","47640","6720","258","1","8","0","0","7.09","Casino De Luxe"
"Symphony","11157","Symphony","47640","14280","98","2","86","0","0","3.34","Symphony"
"BulletRage","11158","BulletRage","47640","13860","28","3","28","0","0","3.44","BulletRage"
"Fighting Force","11159","Fighting Force","47580","10140","220","2","47","0","0","4.69","Fighting Force"
"Worms 3D","11160","Worms 3D","47580","13020","272","3","37","0","0","3.65","Worms 3D"
"Milon's Secret Castle","11161","Milon's Secret Castle","47580","9720","82","1","17","0","0","4.9","Milon's Secret Castle"
"Savant","11162","Savant","47520","10740","211","2","80","0","0","4.42","Savant"
"Alien","11163","Alien","47520","10380","74","2","51","0","0","4.58","Alien"
"Legends Of Ellaria","11164","Legends Of Ellaria","47520","8640","84","2","58","0","0","5.5","Legends Of Ellaria"
"Galactic Conquest","11165","Galactic Conquest","47460","1020","81","1","1","0","0","46.53","Galactic Conquest"
"Super Marisa World","11166","Super Marisa World","47460","1740","50","1","1","0","0","27.28","Super Marisa World"
"Bloodbath Kavkaz","11167","Bloodbath Kavkaz","47460","7740","357","1","67","0","0","6.13","Bloodbath Kavkaz"
"Area 51","11168","Area 51","47460","10860","96","2","50","0","0","4.37","Area 51"
"Robot Unicorn Attack","11169","Robot Unicorn Attack","47460","6060","128","2","50","0","0","7.83","Robot Unicorn Attack"
"Putt-Putt Enters the Race","11170","Putt-Putt Enters the Race","47400","6720","105","1","48","0","0","7.05","Putt-Putt Enters the Race"
"Space Farmers","11171","Space Farmers","47400","10020","152","3","73","0","0","4.73","Space Farmers"
"Haven Moon","11172","Haven Moon","47400","4860","215","1","23","0","0","9.75","Haven Moon"
"Colony Odyssey","11173","Colony Odyssey","47340","120","755","1","1","0","0","394.5","Colony Odyssey"
"Hatsune Miku: Project DIVA","11174","Hatsune Miku: Project DIVA","47340","17880","57","2","74","0","0","2.65","Hatsune Miku: Project DIVA"
"Metal Gear Ac!d","11175","Metal Gear Ac!d","47340","12540","25","1","26","0","0","3.78","Metal Gear Ac!d"
"Nobunaga's Ambition","11176","Nobunaga's Ambition","47340","19560","14","2","23","0","0","2.42","Nobunaga's Ambition"
"F1 2012","11177","F1 2012","47280","31080","64","2","129","0","0","1.52","F1 2012"
"The Snowboard Game","11178","The Snowboard Game","47280","34320","58","2","26","0","0","1.38","The Snowboard Game"
"Access Denied","11179","Access Denied","47280","2940","270","2","20","0","0","16.08","Access Denied"
"Spellrune: Realm of Portals","11180","Spellrune: Realm of Portals","47280","540","308","1","4","0","0","87.56","Spellrune: Realm of Portals"
"Dream TV","11181","Dream TV","47220","7140","347","3","11","0","0","6.61","Dream TV"
"Rainbow Islands","11182","Rainbow Islands","47220","8460","56","2","27","0","0","5.58","Rainbow Islands"
"Hero Academy","11183","Hero Academy","47220","420","389","1","4","0","0","112.43","Hero Academy"
"Run the Gauntlet","11184","Run the Gauntlet","47160","900","227","1","4","0","0","52.4","Run the Gauntlet"
"Political Animals","11185","Political Animals","47160","14100","43","1","53","0","0","3.34","Political Animals"
"Astronaut","11186","Astronaut","47100","360","958","1","4","0","0","130.83","Astronaut"
"Reveal the Deep","11187","Reveal the Deep","47100","15960","32","2","86","0","0","2.95","Reveal the Deep"
"Jurassic Park Part 2: The Chaos Continues","11188","Jurassic Park Part 2: The Chaos Continues","47100","5160","92","2","19","0","0","9.13","Jurassic Park Part 2: The Chaos Continues"
"Skulls of the Shogun","11189","Skulls of the Shogun","47100","12360","189","1","51","0","0","3.81","Skulls of the Shogun"
"Storm","11190","Storm","47040","2220","77","1","7","0","0","21.19","Storm"
"House of 1000 Doors: The Palm of Zoroaster","11191","House of 1000 Doors: The Palm of Zoroaster","47040","6120","81","2","18","0","0","7.69","House of 1000 Doors: The Palm of Zoroaster"
"Imagine Earth","11192","Imagine Earth","47040","2880","411","1","14","0","0","16.33","Imagine Earth"
"Dawn of Titans","11193","Dawn of Titans","47040","45720","9","2","27","0","0","1.03","Dawn of Titans"
"Grab the Bottle","11194","Grab the Bottle","46980","6300","117","2","48","0","0","7.46","Grab the Bottle"
"Ctrl CV","11195","Ctrl CV","46980","7920","110","2","72","0","0","5.93","Ctrl CV"
"Mafiaspillet.no","11196","Mafiaspillet.no","46980","2340","119","1","7","0","0","20.08","Mafiaspillet.no"
"Pocket Kingdom","11197","Pocket Kingdom","46980","1560","346","1","11","0","0","30.12","Pocket Kingdom"
"Kokonoe Kokoro","11198","Kokonoe Kokoro","46980","1440","97","1","11","0","0","32.63","Kokonoe Kokoro"
"Crazy Bus","11199","Crazy Bus","46980","360","429","1","5","0","0","130.5","Crazy Bus"
"R.C. Pro-Am","11200","R.C. Pro-Am","46980","3720","322","1","30","0","0","12.63","R.C. Pro-Am"