"","","Game","Watch time","Stream time","Peak viewers","Peak channels","Streamers","Average viewers","Average channels","Average viewer ratio",""
"Bombfest","13301","Bombfest","24420","4380","24","3","13","0","0","5.58","Bombfest"
"Horror Zombies from the Crypt","13302","Horror Zombies from the Crypt","24360","5040","180","4","19","0","0","4.83","Horror Zombies from the Crypt"
"Stage Presence","13303","Stage Presence","24360","780","358","1","4","0","0","31.23","Stage Presence"
"Operation C","13304","Operation C","24360","5940","45","2","13","0","0","4.1","Operation C"
"Princess Tomato in the Salad Kingdom","13305","Princess Tomato in the Salad Kingdom","24360","6540","66","1","14","0","0","3.72","Princess Tomato in the Salad Kingdom"
"Doraemon","13306","Doraemon","24360","8820","12","2","8","0","0","2.76","Doraemon"
"Super Win the Game","13307","Super Win the Game","24360","10740","13","1","44","0","0","2.27","Super Win the Game"
"Tamagotchi","13308","Tamagotchi","24300","2520","72","1","16","0","0","9.64","Tamagotchi"
"Obsidian","13309","Obsidian","24300","1380","134","1","9","0","0","17.61","Obsidian"
"Carrier Command: Gaea Mission","13310","Carrier Command: Gaea Mission","24300","10080","47","1","15","0","0","2.41","Carrier Command: Gaea Mission"
"Harvey Birdman: Attorney at Law","13311","Harvey Birdman: Attorney at Law","24240","3300","134","2","21","0","0","7.35","Harvey Birdman: Attorney at Law"
"ESPN NFL 2K5","13312","ESPN NFL 2K5","24240","9660","31","1","36","0","0","2.51","ESPN NFL 2K5"
"Cyber Troopers Virtual-On: Oratorio Tangram","13313","Cyber Troopers Virtual-On: Oratorio Tangram","24240","12060","12","2","23","0","0","2.01","Cyber Troopers Virtual-On: Oratorio Tangram"
"2 In 1: Asterix & Obelix Jetzt Geht's Rund! + Asterix & Obelix XXL","13314","2 In 1: Asterix & Obelix Jetzt Geht's Rund! + Asterix & Obelix XXL","24240","4860","33","2","15","0","0","4.99","2 In 1: Asterix & Obelix Jetzt Geht's Rund! + Asterix & Obelix XXL"
"Soulless","13315","Soulless","24240","5940","20","1","36","0","0","4.08","Soulless"
"Transport Defender","13316","Transport Defender","24240","33840","3","2","12","0","0","0.72","Transport Defender"
"Death Point","13317","Death Point","24240","2580","76","1","8","0","0","9.4","Death Point"
"Suck My Dick or Die!","13318","Suck My Dick or Die!","24240","1980","113","1","9","0","0","12.24","Suck My Dick or Die!"
"Catch the Thief, If you can!","13319","Catch the Thief, If you can!","24180","1560","141","1","16","0","0","15.5","Catch the Thief, If you can!"
"Frozen Synapse","13320","Frozen Synapse","24180","16500","28","2","36","0","0","1.47","Frozen Synapse"
"Zoo Tycoon 2: Zookeeper Collection","13321","Zoo Tycoon 2: Zookeeper Collection","24180","7800","20","2","32","0","0","3.1","Zoo Tycoon 2: Zookeeper Collection"
"Pingu : Sekai de ichiban genki na penguin","13322","Pingu : Sekai de ichiban genki na penguin","24180","3960","103","1","11","0","0","6.11","Pingu : Sekai de ichiban genki na penguin"
"Syndicate Plus","13323","Syndicate Plus","24120","3660","133","1","11","0","0","6.59","Syndicate Plus"
"Cibele","13324","Cibele","24120","1260","141","1","7","0","0","19.14","Cibele"
"Lennus II: Fuuin no Shito","13325","Lennus II: Fuuin no Shito","24120","2820","18","1","1","0","0","8.55","Lennus II: Fuuin no Shito"
"Raiden IV","13326","Raiden IV","24120","12960","16","2","64","0","0","1.86","Raiden IV"
"WinBack: Covert Operations","13327","WinBack: Covert Operations","24120","7380","37","2","19","0","0","3.27","WinBack: Covert Operations"
"Mortal Kombat & Mortal Kombat II","13328","Mortal Kombat & Mortal Kombat II","24120","7680","16","2","33","0","0","3.14","Mortal Kombat & Mortal Kombat II"
"Cats: Feline Performers","13329","Cats: Feline Performers","24120","57240","4","2","22","0","0","0.42","Cats: Feline Performers"
"Gem Wars: Attack of the Jiblets","13330","Gem Wars: Attack of the Jiblets","24120","180","394","1","2","0","0","134","Gem Wars: Attack of the Jiblets"
"A Trip to Yugoslavia","13331","A Trip to Yugoslavia","24060","2340","131","1","15","0","0","10.28","A Trip to Yugoslavia"
"My Free Farm 2","13332","My Free Farm 2","24060","7020","104","2","40","0","0","3.43","My Free Farm 2"
"Yu-Gi-Oh! 5D's World Championship 2011: Over the Nexus","13333","Yu-Gi-Oh! 5D's World Championship 2011: Over the Nexus","24060","5220","25","2","12","0","0","4.61","Yu-Gi-Oh! 5D's World Championship 2011: Over the Nexus"
"Beethoven: The Ultimate Canine Caper","13334","Beethoven: The Ultimate Canine Caper","24060","1260","110","1","13","0","0","19.1","Beethoven: The Ultimate Canine Caper"
"Hearts of Iron II","13335","Hearts of Iron II","24060","4920","64","1","11","0","0","4.89","Hearts of Iron II"
"Bug!","13336","Bug!","24060","8820","14","1","16","0","0","2.73","Bug!"
"Romance of the Three Kingdoms III: Dragon of Destiny","13337","Romance of the Three Kingdoms III: Dragon of Destiny","24060","7500","150","1","7","0","0","3.21","Romance of the Three Kingdoms III: Dragon of Destiny"
"Back to the Future Part II","13338","Back to the Future Part II","24000","2460","172","2","14","0","0","9.76","Back to the Future Part II"
"Mappy","13339","Mappy","24000","1680","70","1","16","0","0","14.29","Mappy"
"Dark Wizard","13340","Dark Wizard","24000","10620","16","1","7","0","0","2.26","Dark Wizard"
"Kairo","13341","Kairo","24000","8520","41","2","47","0","0","2.82","Kairo"
"Senran Kagura Burst","13342","Senran Kagura Burst","24000","4200","60","1","14","0","0","5.71","Senran Kagura Burst"
"The Joker's Wild","13343","The Joker's Wild","24000","420","599","1","3","0","0","57.14","The Joker's Wild"
"Hakaioh: King of Crusher","13344","Hakaioh: King of Crusher","24000","120","215","1","1","0","0","200","Hakaioh: King of Crusher"
"Fun Run Arena","13345","Fun Run Arena","23940","10980","21","2","63","0","0","2.18","Fun Run Arena"
"Gauntlet II","13346","Gauntlet II","23940","3060","161","4","17","0","0","7.82","Gauntlet II"
"Bratz: Rock Angelz","13347","Bratz: Rock Angelz","23940","4380","42","2","24","0","0","5.47","Bratz: Rock Angelz"
"Color a Dinosaur","13348","Color a Dinosaur","23940","12780","330","2","16","0","0","1.87","Color a Dinosaur"
"Dinosaur Hunting","13349","Dinosaur Hunting","23940","4560","218","2","51","0","0","5.25","Dinosaur Hunting"
"Wizardry: Tale of the Forsaken Land","13350","Wizardry: Tale of the Forsaken Land","23940","12840","15","2","14","0","0","1.86","Wizardry: Tale of the Forsaken Land"
"Toxic Crusaders","13351","Toxic Crusaders","23940","1440","225","1","4","0","0","16.63","Toxic Crusaders"
"Front Mission 5: Scars of the War","13352","Front Mission 5: Scars of the War","23880","10080","15","1","17","0","0","2.37","Front Mission 5: Scars of the War"
"Dirty Harry","13353","Dirty Harry","23880","360","195","1","3","0","0","66.33","Dirty Harry"
"Monster Rancher Explorer","13354","Monster Rancher Explorer","23880","780","131","1","3","0","0","30.62","Monster Rancher Explorer"
"Hearts of Iron","13355","Hearts of Iron","23880","3660","151","1","24","0","0","6.52","Hearts of Iron"
"Magical Chase","13356","Magical Chase","23880","360","415","1","4","0","0","66.33","Magical Chase"
"The Great Giana Sisters","13357","The Great Giana Sisters","23880","6240","18","1","14","0","0","3.83","The Great Giana Sisters"
"Faerie Solitaire","13358","Faerie Solitaire","23880","9660","88","2","41","0","0","2.47","Faerie Solitaire"
"Faeria: Strategy Card Game","13359","Faeria: Strategy Card Game","23880","9900","19","2","37","0","0","2.41","Faeria: Strategy Card Game"
"Wunderdoktor","13360","Wunderdoktor","23880","2100","87","1","10","0","0","11.37","Wunderdoktor"
"Toxic Bunny HD","13361","Toxic Bunny HD","23880","180","235","1","2","0","0","132.67","Toxic Bunny HD"
"Farabel","13362","Farabel","23820","5220","39","3","28","0","0","4.56","Farabel"
"Overdrive","13363","Overdrive","23820","20700","136","2","101","0","0","1.15","Overdrive"
"The Dark Spire","13364","The Dark Spire","23820","2880","46","1","1","0","0","8.27","The Dark Spire"
"TASTEE: Lethal Tactics","13365","TASTEE: Lethal Tactics","23820","1260","106","2","10","0","0","18.9","TASTEE: Lethal Tactics"
"Greg Norman Golf Power","13366","Greg Norman Golf Power","23820","360","308","1","3","0","0","66.17","Greg Norman Golf Power"
"Sega Tetris","13367","Sega Tetris","23820","1320","118","1","7","0","0","18.05","Sega Tetris"
"Titanic","13368","Titanic","23760","5340","66","1","34","0","0","4.45","Titanic"
"S.C.A.R.S.","13369","S.C.A.R.S.","23760","660","119","1","5","0","0","36","S.C.A.R.S."
"Fossil Fighters","13370","Fossil Fighters","23760","9780","17","2","26","0","0","2.43","Fossil Fighters"
"Rusty","13371","Rusty","23760","6180","47","3","33","0","0","3.84","Rusty"
"Party Mix","13372","Party Mix","23760","5940","23","1","19","0","0","4","Party Mix"
"Pocky & Rocky 2","13373","Pocky & Rocky 2","23760","3660","33","2","26","0","0","6.49","Pocky & Rocky 2"
"Clean Sweep","13374","Clean Sweep","23760","360","290","1","2","0","0","66","Clean Sweep"
"Lost Journey","13375","Lost Journey","23760","3960","368","2","31","0","0","6","Lost Journey"
"Carcassonne: Tiles & Tactics","13376","Carcassonne: Tiles & Tactics","23760","7680","18","2","31","0","0","3.09","Carcassonne: Tiles & Tactics"
"Mushroom Heroes","13377","Mushroom Heroes","23760","5100","95","1","47","0","0","4.66","Mushroom Heroes"
"Violet Cycle","13378","Violet Cycle","23760","1440","215","3","13","0","0","16.5","Violet Cycle"
"Short Life","13379","Short Life","23760","2100","403","2","14","0","0","11.31","Short Life"
"Cartoon Network: Battle Crashers","13380","Cartoon Network: Battle Crashers","23700","17040","29","2","91","0","0","1.39","Cartoon Network: Battle Crashers"
"Don Bradman Cricket 17","13381","Don Bradman Cricket 17","23700","25860","20","3","100","0","0","0.92","Don Bradman Cricket 17"
"Blood Bowl: Legendary Edition","13382","Blood Bowl: Legendary Edition","23700","6720","93","2","23","0","0","3.53","Blood Bowl: Legendary Edition"
"Zoids: Legacy","13383","Zoids: Legacy","23700","7620","50","1","26","0","0","3.11","Zoids: Legacy"
"WWE Survivor Series","13384","WWE Survivor Series","23700","1020","213","6","18","0","0","23.24","WWE Survivor Series"
"Famicom Tantei Club Part II: Ushiro ni Tatsu Shoujo","13385","Famicom Tantei Club Part II: Ushiro ni Tatsu Shoujo","23700","6780","15","1","9","0","0","3.5","Famicom Tantei Club Part II: Ushiro ni Tatsu Shoujo"
"Tribloos 2","13386","Tribloos 2","23700","2820","24","1","15","0","0","8.4","Tribloos 2"
"Dai 3-Ji Super Robot Taisen Z Jigoku-hen","13387","Dai 3-Ji Super Robot Taisen Z Jigoku-hen","23640","9000","89","2","15","0","0","2.63","Dai 3-Ji Super Robot Taisen Z Jigoku-hen"
"Pinball Fantasies","13388","Pinball Fantasies","23640","3900","36","3","18","0","0","6.06","Pinball Fantasies"
"Defendin' de Penguin","13389","Defendin' de Penguin","23640","1560","353","1","2","0","0","15.15","Defendin' de Penguin"
"James Bond 007: Blood Stone","13390","James Bond 007: Blood Stone","23640","9720","17","1","36","0","0","2.43","James Bond 007: Blood Stone"
"Magnetic: Cage Closed","13391","Magnetic: Cage Closed","23640","5580","106","2","27","0","0","4.24","Magnetic: Cage Closed"
"Onimusha: Blade Warriors","13392","Onimusha: Blade Warriors","23640","3000","49","1","15","0","0","7.88","Onimusha: Blade Warriors"
"Cally's Caves 3","13393","Cally's Caves 3","23640","5280","27","1","24","0","0","4.48","Cally's Caves 3"
"Serious Sam's Bogus Detour","13394","Serious Sam's Bogus Detour","23640","9840","105","2","43","0","0","2.4","Serious Sam's Bogus Detour"
"Engare","13395","Engare","23640","960","323","1","9","0","0","24.63","Engare"
"Vesta","13396","Vesta","23580","6480","51","2","21","0","0","3.64","Vesta"
"Guns of Glory","13397","Guns of Glory","23580","49140","7","2","37","0","0","0.48","Guns of Glory"
"Dark Legion VR","13398","Dark Legion VR","23580","780","149","1","16","0","0","30.23","Dark Legion VR"
"SD Gundam: Gundam Wars","13399","SD Gundam: Gundam Wars","23580","1020","108","1","9","0","0","23.12","SD Gundam: Gundam Wars"
"Bravely Second: End Layer","13400","Bravely Second: End Layer","23580","19740","14","2","24","0","0","1.19","Bravely Second: End Layer"