"","","Game","Watch time","Stream time","Peak viewers","Peak channels","Streamers","Average viewers","Average channels","Average viewer ratio",""
"Knight Squad","7501","Knight Squad","183120","23640","2150","3","169","0","0","7.75","Knight Squad"
"School Maze","7502","School Maze","183120","1080","1117","1","6","0","0","169.56","School Maze"
"Uagi-Saba","7503","Uagi-Saba","183000","6300","1172","2","16","0","0","29.05","Uagi-Saba"
"0000","7504","0000","182820","29760","287","2","80","0","0","6.14","0000"
"Pepper's Puzzles","7505","Pepper's Puzzles","182820","8220","299","1","11","0","0","22.24","Pepper's Puzzles"
"Vegas Stakes","7506","Vegas Stakes","182820","6360","2748","1","28","0","0","28.75","Vegas Stakes"
"Let's Talk About Me","7507","Let's Talk About Me","182820","32280","1559","2","148","0","0","5.66","Let's Talk About Me"
"9 Clues 2: The Ward","7508","9 Clues 2: The Ward","182640","6960","199","2","24","0","0","26.24","9 Clues 2: The Ward"
"Aerobiz","7509","Aerobiz","182640","8640","596","2","16","0","0","21.14","Aerobiz"
"Hero-U: Rogue to Redemption","7510","Hero-U: Rogue to Redemption","182520","37680","84","4","58","0","0","4.84","Hero-U: Rogue to Redemption"
"Awareness Rooms","7511","Awareness Rooms","182520","7140","2199","1","20","0","0","25.56","Awareness Rooms"
"SNK 40th Anniversary Collection","7512","SNK 40th Anniversary Collection","182460","10200","339","4","40","0","0","17.89","SNK 40th Anniversary Collection"
"Odell Lake","7513","Odell Lake","182460","1800","3018","1","1","0","0","101.37","Odell Lake"
"Disney Epic Mickey 2: The Power of Two","7514","Disney Epic Mickey 2: The Power of Two","182460","67320","156","8","455","0","0","2.71","Disney Epic Mickey 2: The Power of Two"
"Homeworld: Deserts of Kharak","7515","Homeworld: Deserts of Kharak","182460","57240","76","4","190","0","0","3.19","Homeworld: Deserts of Kharak"
"The Joylancer: Legendary Motor Knight","7516","The Joylancer: Legendary Motor Knight","182340","1140","1634","1","6","0","0","159.95","The Joylancer: Legendary Motor Knight"
"MadWorld","7517","MadWorld","182160","11940","933","2","51","0","0","15.26","MadWorld"
"Icarus","7518","Icarus","181980","48720","216","8","150","0","0","3.74","Icarus"
".T.E.S.T: Expected Behaviour — Sci-Fi 3D Puzzle Quest","7519",".T.E.S.T: Expected Behaviour — Sci-Fi 3D Puzzle Quest","181920","14700","1218","2","64","0","0","12.38",".T.E.S.T: Expected Behaviour — Sci-Fi 3D Puzzle Quest"
"Hello Pollution!","7520","Hello Pollution!","181740","480","6030","1","5","0","0","378.63","Hello Pollution!"
"Gleaner Heights","7521","Gleaner Heights","181560","32460","143","4","101","0","0","5.59","Gleaner Heights"
"Summons Board","7522","Summons Board","181560","15780","209","2","12","0","0","11.51","Summons Board"
"WWE '13","7523","WWE '13","181560","11460","1829","2","28","0","0","15.84","WWE '13"
"Ice Climber","7524","Ice Climber","181500","13080","368","2","124","0","0","13.88","Ice Climber"
"Soundfall","7525","Soundfall","181380","7920","265","7","59","0","0","22.9","Soundfall"
"Lunar Legend","7526","Lunar Legend","181380","8880","239","3","16","0","0","20.43","Lunar Legend"
"Crayon Physics","7527","Crayon Physics","181260","3240","894","1","28","0","0","55.94","Crayon Physics"
"Spyro: Season of Ice","7528","Spyro: Season of Ice","181140","12120","146","2","37","0","0","14.95","Spyro: Season of Ice"
"Wo Yao Da","7529","Wo Yao Da","181020","2160","1663","1","11","0","0","83.81","Wo Yao Da"
"Alpaca World","7530","Alpaca World","180960","1080","2479","2","8","0","0","167.56","Alpaca World"
"WCW Backstage Assault","7531","WCW Backstage Assault","180900","480","1534","1","3","0","0","376.88","WCW Backstage Assault"
"City Connection","7532","City Connection","180900","5400","292","1","16","0","0","33.5","City Connection"
"Creeping Terror","7533","Creeping Terror","180780","4800","651","2","23","0","0","37.66","Creeping Terror"
"Mighty Final Fight","7534","Mighty Final Fight","180660","5820","1556","1","35","0","0","31.04","Mighty Final Fight"
"Jamestown: Legend of the Lost Colony","7535","Jamestown: Legend of the Lost Colony","180600","10440","603","2","76","0","0","17.3","Jamestown: Legend of the Lost Colony"
"SimCity: Cities of Tomorrow","7536","SimCity: Cities of Tomorrow","180480","48180","163","3","174","0","0","3.75","SimCity: Cities of Tomorrow"
"Butterfly Soup","7537","Butterfly Soup","180480","24120","106","2","76","0","0","7.48","Butterfly Soup"
"Organ Quarter","7538","Organ Quarter","180420","13080","114","3","61","0","0","13.79","Organ Quarter"
"Nancy Drew: Secrets Can Kill","7539","Nancy Drew: Secrets Can Kill","180420","21780","438","3","89","0","0","8.28","Nancy Drew: Secrets Can Kill"
"Anime Music Quiz","7540","Anime Music Quiz","180240","35880","84","4","114","0","0","5.02","Anime Music Quiz"
"Caesar IV","7541","Caesar IV","180180","14640","155","2","38","0","0","12.31","Caesar IV"
"Has-Been Heroes","7542","Has-Been Heroes","180120","55560","96","3","141","0","0","3.24","Has-Been Heroes"
"Frankenstein: Through the Eyes of the Monster","7543","Frankenstein: Through the Eyes of the Monster","180000","4140","334","1","5","0","0","43.48","Frankenstein: Through the Eyes of the Monster"
"Divinity II: The Dragon Knight Saga","7544","Divinity II: The Dragon Knight Saga","179940","33300","105","2","63","0","0","5.4","Divinity II: The Dragon Knight Saga"
"Ace Combat Zero: The Belkan War","7545","Ace Combat Zero: The Belkan War","179880","35400","117","2","110","0","0","5.08","Ace Combat Zero: The Belkan War"
"The Dark Eye: Chains of Satinav","7546","The Dark Eye: Chains of Satinav","179760","40740","59","3","81","0","0","4.41","The Dark Eye: Chains of Satinav"
"Ultimate Fighting Championship","7547","Ultimate Fighting Championship","179760","2520","1925","4","19","0","0","71.33","Ultimate Fighting Championship"
"My Name is Mayo","7548","My Name is Mayo","179700","34260","876","2","277","0","0","5.25","My Name is Mayo"
"Super Benbo Quest: Turbo Deluxe","7549","Super Benbo Quest: Turbo Deluxe","179700","7320","454","2","29","0","0","24.55","Super Benbo Quest: Turbo Deluxe"
"Nancy Drew: The Haunted Carousel","7550","Nancy Drew: The Haunted Carousel","179580","10980","472","2","40","0","0","16.36","Nancy Drew: The Haunted Carousel"
"Bionicle Heroes","7551","Bionicle Heroes","179580","8280","1398","1","46","0","0","21.69","Bionicle Heroes"
"Paranautical Activity","7552","Paranautical Activity","179580","18120","1031","2","107","0","0","9.91","Paranautical Activity"
"Final Fight","7553","Final Fight","179580","40080","562","2","198","0","0","4.48","Final Fight"
"Ittle Dew","7554","Ittle Dew","179520","18900","521","2","78","0","0","9.5","Ittle Dew"
"Quiz Magic Academy DS","7555","Quiz Magic Academy DS","179460","14940","278","2","14","0","0","12.01","Quiz Magic Academy DS"
"Stupid Invaders","7556","Stupid Invaders","179400","1440","1461","1","12","0","0","124.58","Stupid Invaders"
"OlliOlli","7557","OlliOlli","179280","7500","1435","2","62","0","0","23.9","OlliOlli"
"X-Men: The Official Game","7558","X-Men: The Official Game","179280","4440","1178","2","9","0","0","40.38","X-Men: The Official Game"
"Wario Land II","7559","Wario Land II","179100","24120","234","2","61","0","0","7.43","Wario Land II"
"The Realm Online","7560","The Realm Online","178920","54240","124","4","35","0","0","3.3","The Realm Online"
"Sherlock Holmes vs. Jack the Ripper","7561","Sherlock Holmes vs. Jack the Ripper","178860","29700","133","3","61","0","0","6.02","Sherlock Holmes vs. Jack the Ripper"
"Venom","7562","Venom","178800","33120","1089","4","76","0","0","5.4","Venom"
"Invisible Sun","7563","Invisible Sun","178800","11940","199","2","12","0","0","14.97","Invisible Sun"
"NiGHTS into Dreams...","7564","NiGHTS into Dreams...","178680","35820","228","3","199","0","0","4.99","NiGHTS into Dreams..."
"Psycho-Pass: Mandatory Happiness","7565","Psycho-Pass: Mandatory Happiness","178620","28740","690","2","502","0","0","6.22","Psycho-Pass: Mandatory Happiness"
"The Lost Mind of Dr. Brain","7566","The Lost Mind of Dr. Brain","178560","2400","946","1","6","0","0","74.4","The Lost Mind of Dr. Brain"
"F.E.A.R.: Perseus Mandate","7567","F.E.A.R.: Perseus Mandate","178500","48300","144","4","146","0","0","3.7","F.E.A.R.: Perseus Mandate"
"King's Bounty: Dark Side","7568","King's Bounty: Dark Side","178440","37680","389","3","42","0","0","4.74","King's Bounty: Dark Side"
"Spanky's Quest","7569","Spanky's Quest","178320","4920","1966","2","13","0","0","36.24","Spanky's Quest"
"Life Of Black Tiger","7570","Life Of Black Tiger","178260","4140","875","1","22","0","0","43.06","Life Of Black Tiger"
"Tokyo Ghoul: Dark War","7571","Tokyo Ghoul: Dark War","178200","55500","70","3","98","0","0","3.21","Tokyo Ghoul: Dark War"
"Pitfall: The Mayan Adventure","7572","Pitfall: The Mayan Adventure","178140","3720","2109","1","26","0","0","47.89","Pitfall: The Mayan Adventure"
"Quiz Show","7573","Quiz Show","178140","15540","626","4","67","0","0","11.46","Quiz Show"
"Warcraft Adventures: Lord of the Clans","7574","Warcraft Adventures: Lord of the Clans","178080","3900","2884","4","21","0","0","45.66","Warcraft Adventures: Lord of the Clans"
"Coin Crypt","7575","Coin Crypt","178020","5160","241","2","26","0","0","34.5","Coin Crypt"
"Dungeon Souls","7576","Dungeon Souls","177960","50580","288","3","235","0","0","3.52","Dungeon Souls"
"Tenchu: Wrath of Heaven","7577","Tenchu: Wrath of Heaven","177780","40560","201","2","102","0","0","4.38","Tenchu: Wrath of Heaven"
"Fighter Maker","7578","Fighter Maker","177720","180","1530","1","2","0","0","987.33","Fighter Maker"
"We Sing Pop!","7579","We Sing Pop!","177660","180","3204","1","3","0","0","987","We Sing Pop!"
"Resistance: Fall of Man","7580","Resistance: Fall of Man","177540","46320","70","3","53","0","0","3.83","Resistance: Fall of Man"
"Shenzhen I/O","7581","Shenzhen I/O","177480","47280","215","4","194","0","0","3.75","Shenzhen I/O"
"The Legend of Spyro: A New Beginning","7582","The Legend of Spyro: A New Beginning","177420","38820","99","2","119","0","0","4.57","The Legend of Spyro: A New Beginning"
"Hyperdimension Neptunia U: Action Unleashed","7583","Hyperdimension Neptunia U: Action Unleashed","177420","57480","93","3","189","0","0","3.09","Hyperdimension Neptunia U: Action Unleashed"
"NHL 09","7584","NHL 09","177360","52440","1227","3","102","0","0","3.38","NHL 09"
"Hugo","7585","Hugo","177360","6960","1625","1","31","0","0","25.48","Hugo"
"Moonstone: A Hard Days Knight","7586","Moonstone: A Hard Days Knight","177360","3360","882","1","16","0","0","52.79","Moonstone: A Hard Days Knight"
"12 Is Better Than 6","7587","12 Is Better Than 6","177360","39420","281","2","215","0","0","4.5","12 Is Better Than 6"
"Mugsters","7588","Mugsters","177300","6360","724","2","46","0","0","27.88","Mugsters"
"Venture Kid","7589","Venture Kid","177300","3480","1507","4","28","0","0","50.95","Venture Kid"
"Higurashi no Naku Koro ni: Tatarigoroshi-hen","7590","Higurashi no Naku Koro ni: Tatarigoroshi-hen","177300","20100","189","3","26","0","0","8.82","Higurashi no Naku Koro ni: Tatarigoroshi-hen"
"Kim Possible 2: Drakken's Demise","7591","Kim Possible 2: Drakken's Demise","177240","960","1506","1","7","0","0","184.63","Kim Possible 2: Drakken's Demise"
"Evil Cogs","7592","Evil Cogs","177240","1500","1667","1","17","0","0","118.16","Evil Cogs"
"The Sun and Moon","7593","The Sun and Moon","177000","3420","1780","2","13","0","0","51.75","The Sun and Moon"
"Shrek Forever After","7594","Shrek Forever After","176940","2100","1003","1","13","0","0","84.26","Shrek Forever After"
"Mortal Kombat 4","7595","Mortal Kombat 4","176940","10020","1114","2","81","0","0","17.66","Mortal Kombat 4"
"Dragon Quest Monsters: Caravan Heart","7596","Dragon Quest Monsters: Caravan Heart","176940","8700","123","1","6","0","0","20.34","Dragon Quest Monsters: Caravan Heart"
"Barbie as the Island Princess","7597","Barbie as the Island Princess","176820","12060","587","2","67","0","0","14.66","Barbie as the Island Princess"
"Mickey's Speedway USA","7598","Mickey's Speedway USA","176760","27420","876","2","34","0","0","6.45","Mickey's Speedway USA"
"Volume","7599","Volume","176760","14100","866","2","52","0","0","12.54","Volume"
"Alex Kidd in the Enchanted Castle","7600","Alex Kidd in the Enchanted Castle","176700","6360","642","2","34","0","0","27.78","Alex Kidd in the Enchanted Castle"