"","","Game","Watch time","Stream time","Peak viewers","Peak channels","Streamers","Average viewers","Average channels","Average viewer ratio",""
"Bravely Second: End Layer","13401","Bravely Second: End Layer","23580","19740","14","2","24","0","0","1.19","Bravely Second: End Layer"
"Wargame: AirLand Battle","13402","Wargame: AirLand Battle","23580","14280","31","2","71","0","0","1.65","Wargame: AirLand Battle"
"Mean Streets","13403","Mean Streets","23580","3900","21","2","10","0","0","6.05","Mean Streets"
"Radix: Beyond the Void","13404","Radix: Beyond the Void","23520","600","54","1","1","0","0","39.2","Radix: Beyond the Void"
"Calvino Noir","13405","Calvino Noir","23520","4080","49","1","18","0","0","5.76","Calvino Noir"
"PacDoom III: Halloween Party","13406","PacDoom III: Halloween Party","23520","16260","6","2","3","0","0","1.45","PacDoom III: Halloween Party"
"Infinite Space","13407","Infinite Space","23520","2940","26","1","8","0","0","8","Infinite Space"
"Chronicle: RuneScape Legends","13408","Chronicle: RuneScape Legends","23520","5460","26","4","40","0","0","4.31","Chronicle: RuneScape Legends"
"Black Hole","13409","Black Hole","23520","2700","93","1","17","0","0","8.71","Black Hole"
"Dragon Blaze","13410","Dragon Blaze","23520","27000","17","4","56","0","0","0.87","Dragon Blaze"
"The Enchanted Cave 2","13411","The Enchanted Cave 2","23520","6360","29","1","20","0","0","3.7","The Enchanted Cave 2"
"Barney's Hide and Seek Game","13412","Barney's Hide and Seek Game","23520","6000","75","2","35","0","0","3.92","Barney's Hide and Seek Game"
"Runestone Heroes","13413","Runestone Heroes","23520","1080","340","1","2","0","0","21.78","Runestone Heroes"
"Koloro","13414","Koloro","23520","5400","101","2","20","0","0","4.36","Koloro"
"Jingo Jango","13415","Jingo Jango","23460","22620","6","1","2","0","0","1.04","Jingo Jango"
"Soul Gambler","13416","Soul Gambler","23460","6240","14","1","45","0","0","3.76","Soul Gambler"
"Mario Party: Island Tour","13417","Mario Party: Island Tour","23460","2520","216","1","11","0","0","9.31","Mario Party: Island Tour"
"Dragonsphere","13418","Dragonsphere","23400","2820","36","1","8","0","0","8.3","Dragonsphere"
"Tzar: The Burden of the Crown","13419","Tzar: The Burden of the Crown","23400","7020","58","2","43","0","0","3.33","Tzar: The Burden of the Crown"
"Izuna: Legend of the Unemployed Ninja","13420","Izuna: Legend of the Unemployed Ninja","23400","2280","31","1","4","0","0","10.26","Izuna: Legend of the Unemployed Ninja"
"Chex Quest 3","13421","Chex Quest 3","23400","3240","100","1","14","0","0","7.22","Chex Quest 3"
"Subway Surfers","13422","Subway Surfers","23400","57900","61","3","293","0","0","0.4","Subway Surfers"
"Uriel's Chasm","13423","Uriel's Chasm","23400","600","162","1","4","0","0","39","Uriel's Chasm"
"Naruto Shippuden: Ultimate Ninja 5","13424","Naruto Shippuden: Ultimate Ninja 5","23400","11580","25","2","68","0","0","2.02","Naruto Shippuden: Ultimate Ninja 5"
"The Floor Is Jelly","13425","The Floor Is Jelly","23400","5880","37","2","32","0","0","3.98","The Floor Is Jelly"
"The Magical Realms of Tír na nÓg: Escape from Necron 7 – Revenge of Cuchulainn: The Official Game of the Movie – Chapter 2 of the Hoopz Barkley SaGa","13426","The Magical Realms of Tír na nÓg: Escape from Necron 7 – Revenge of Cuchulainn: The Official Game of the Movie – Chapter 2 of the Hoopz Barkley SaGa","23400","4320","26","1","17","0","0","5.42","The Magical Realms of Tír na nÓg: Escape from Necron 7 – Revenge of Cuchulainn: The Official Game of the Movie – Chapter 2 of the Hoopz Barkley SaGa"
"Ruler by Default","13427","Ruler by Default","23400","660","135","1","3","0","0","35.45","Ruler by Default"
"Vampire Legends: The True Story of Kisilova","13428","Vampire Legends: The True Story of Kisilova","23340","5040","36","2","16","0","0","4.63","Vampire Legends: The True Story of Kisilova"
"LiEat III","13429","LiEat III","23340","7020","16","1","38","0","0","3.32","LiEat III"
"Aliens: The Computer Game","13430","Aliens: The Computer Game","23340","120","207","1","1","0","0","194.5","Aliens: The Computer Game"
"Hot Dog Storm","13431","Hot Dog Storm","23340","360","217","1","4","0","0","64.83","Hot Dog Storm"
"Barbarian","13432","Barbarian","23340","240","205","1","2","0","0","97.25","Barbarian"
"T.E.C 3001","13433","T.E.C 3001","23340","1560","133","1","9","0","0","14.96","T.E.C 3001"
"Pong 3D","13434","Pong 3D","23340","1740","318","1","3","0","0","13.41","Pong 3D"
"Gamino","13435","Gamino","23340","13680","27","2","43","0","0","1.71","Gamino"
"Ampu-Tea","13436","Ampu-Tea","23340","3840","147","1","25","0","0","6.08","Ampu-Tea"
"Anno 1503: Königs-Edition","13437","Anno 1503: Königs-Edition","23340","10680","15","2","44","0","0","2.19","Anno 1503: Königs-Edition"
"Pixel Heroes: Byte & Magic","13438","Pixel Heroes: Byte & Magic","23280","7860","25","1","37","0","0","2.96","Pixel Heroes: Byte & Magic"
"Rock","13439","Rock","23280","10380","14","1","49","0","0","2.24","Rock"
"Braveland","13440","Braveland","23280","10380","16","2","36","0","0","2.24","Braveland"
"Mega Turrican","13441","Mega Turrican","23280","2280","91","1","9","0","0","10.21","Mega Turrican"
"Diner Dash","13442","Diner Dash","23280","3300","113","1","27","0","0","7.05","Diner Dash"
"Running Sausage","13443","Running Sausage","23280","540","385","1","7","0","0","43.11","Running Sausage"
"Shinobi Master Senran Kagura: New Link","13444","Shinobi Master Senran Kagura: New Link","23280","8280","29","2","24","0","0","2.81","Shinobi Master Senran Kagura: New Link"
"Airsoft","13445","Airsoft","23220","8880","39","2","35","0","0","2.61","Airsoft"
"Riptale","13446","Riptale","23220","3720","51","2","22","0","0","6.24","Riptale"
"Galactic Junk League","13447","Galactic Junk League","23220","11880","17","2","48","0","0","1.95","Galactic Junk League"
"Hoyle Card Games","13448","Hoyle Card Games","23220","780","221","2","4","0","0","29.77","Hoyle Card Games"
"Swimmer","13449","Swimmer","23220","2520","29","1","6","0","0","9.21","Swimmer"
"CSI: Crime Scene Investigation - Hard Evidence","13450","CSI: Crime Scene Investigation - Hard Evidence","23220","3360","26","1","14","0","0","6.91","CSI: Crime Scene Investigation - Hard Evidence"
"FarmVille","13451","FarmVille","23220","6060","50","1","17","0","0","3.83","FarmVille"
"NAM","13452","NAM","23220","2100","61","2","6","0","0","11.06","NAM"
"Desperados","13453","Desperados","23220","4200","33","2","18","0","0","5.53","Desperados"
"Melty Blood: Actress Again","13454","Melty Blood: Actress Again","23220","6300","37","2","42","0","0","3.69","Melty Blood: Actress Again"
"Solstice: The Quest for the Staff of Demnos","13455","Solstice: The Quest for the Staff of Demnos","23160","7440","62","1","13","0","0","3.11","Solstice: The Quest for the Staff of Demnos"
"Ben 10","13456","Ben 10","23160","12240","45","2","63","0","0","1.89","Ben 10"
"The Samaritan Paradox","13457","The Samaritan Paradox","23160","3360","46","1","6","0","0","6.89","The Samaritan Paradox"
"ZeGame","13458","ZeGame","23160","1020","158","1","5","0","0","22.71","ZeGame"
"Criminal Bundle","13459","Criminal Bundle","23160","1560","271","1","9","0","0","14.85","Criminal Bundle"
"Gear Fighter Dendoh","13460","Gear Fighter Dendoh","23160","1320","53","1","5","0","0","17.55","Gear Fighter Dendoh"
"Devil's Island Pinball","13461","Devil's Island Pinball","23160","1320","29","1","1","0","0","17.55","Devil's Island Pinball"
"Black Cat in a Black Room","13462","Black Cat in a Black Room","23100","120","199","1","1","0","0","192.5","Black Cat in a Black Room"
"Battlefield Play4Free","13463","Battlefield Play4Free","23100","2280","91","2","8","0","0","10.13","Battlefield Play4Free"
"Mushroom Wars","13464","Mushroom Wars","23100","4680","16","2","23","0","0","4.94","Mushroom Wars"
"Time Stalkers","13465","Time Stalkers","23100","6180","15","1","12","0","0","3.74","Time Stalkers"
"Fading Hearts","13466","Fading Hearts","23100","420","417","1","4","0","0","55","Fading Hearts"
"Eden","13467","Eden","23100","9000","26","2","30","0","0","2.57","Eden"
"Real Flight R/C Simulator Deluxe","13468","Real Flight R/C Simulator Deluxe","23100","3960","166","1","25","0","0","5.83","Real Flight R/C Simulator Deluxe"
"Sonic Mega Collection","13469","Sonic Mega Collection","23100","8880","13","1","60","0","0","2.6","Sonic Mega Collection"
"Super Indie Karts Grand Prix","13470","Super Indie Karts Grand Prix","23040","5820","26","2","48","0","0","3.96","Super Indie Karts Grand Prix"
"City of Heroes","13471","City of Heroes","23040","4800","60","1","18","0","0","4.8","City of Heroes"
"Front Mission Evolved","13472","Front Mission Evolved","23040","13260","9","1","36","0","0","1.74","Front Mission Evolved"
"Forge Quest","13473","Forge Quest","23040","5880","24","2","20","0","0","3.92","Forge Quest"
"Jumpman","13474","Jumpman","23040","1380","68","1","10","0","0","16.7","Jumpman"
"Blackguards 2","13475","Blackguards 2","23040","14160","14","2","32","0","0","1.63","Blackguards 2"
"Kirby's Star Stacker","13476","Kirby's Star Stacker","23040","7620","45","2","27","0","0","3.02","Kirby's Star Stacker"
"Zwei II","13477","Zwei II","23040","13020","21","2","26","0","0","1.77","Zwei II"
"Frederic: Resurrection of Music","13478","Frederic: Resurrection of Music","23040","3600","259","1","30","0","0","6.4","Frederic: Resurrection of Music"
"Astro Fang: Super Machine","13479","Astro Fang: Super Machine","23040","180","371","1","2","0","0","128","Astro Fang: Super Machine"
"England Exchange","13480","England Exchange","23040","780","446","2","6","0","0","29.54","England Exchange"
"Super Mustache","13481","Super Mustache","23040","3540","85","1","26","0","0","6.51","Super Mustache"
"Dragon Front","13482","Dragon Front","23040","1380","67","1","10","0","0","16.7","Dragon Front"
"Alice Mare","13483","Alice Mare","22980","5400","26","1","24","0","0","4.26","Alice Mare"
"Manga Mahjongg","13484","Manga Mahjongg","22980","6180","17","1","1","0","0","3.72","Manga Mahjongg"
"My Oasis - Relaxing Sanctuary","13485","My Oasis - Relaxing Sanctuary","22980","5460","166","1","18","0","0","4.21","My Oasis - Relaxing Sanctuary"
"Resurgence: Earth United","13486","Resurgence: Earth United","22980","4380","23","2","14","0","0","5.25","Resurgence: Earth United"
"Nurse Love Addiction","13487","Nurse Love Addiction","22980","10140","20","2","18","0","0","2.27","Nurse Love Addiction"
"Sakura Sadist","13488","Sakura Sadist","22980","1380","260","2","14","0","0","16.65","Sakura Sadist"
"Violent Storm","13489","Violent Storm","22980","2400","192","1","15","0","0","9.58","Violent Storm"
"Dragon Quest VIII: Sora to Umi to Daichi to Norowareshi Himegimi","13490","Dragon Quest VIII: Sora to Umi to Daichi to Norowareshi Himegimi","22980","3720","22","2","7","0","0","6.18","Dragon Quest VIII: Sora to Umi to Daichi to Norowareshi Himegimi"
"Gilligan's Island","13491","Gilligan's Island","22980","300","207","1","5","0","0","76.6","Gilligan's Island"
"Crimson Clover: World Ignition","13492","Crimson Clover: World Ignition","22980","5820","64","1","29","0","0","3.95","Crimson Clover: World Ignition"
"Rush'n Attack","13493","Rush'n Attack","22980","6360","88","1","25","0","0","3.61","Rush'n Attack"
"Postal III","13494","Postal III","22980","9660","22","1","45","0","0","2.38","Postal III"
"Powerslave","13495","Powerslave","22980","8220","29","2","28","0","0","2.8","Powerslave"
"Lords of Magic","13496","Lords of Magic","22980","4140","51","1","15","0","0","5.55","Lords of Magic"
"Dark Savior","13497","Dark Savior","22920","4560","88","1","7","0","0","5.03","Dark Savior"
"Dynasty Warriors: Gundam 3","13498","Dynasty Warriors: Gundam 3","22920","16140","22","2","22","0","0","1.42","Dynasty Warriors: Gundam 3"
"Rumble Roses XX","13499","Rumble Roses XX","22920","9660","59","4","45","0","0","2.37","Rumble Roses XX"
"Baby Boomer","13500","Baby Boomer","22920","1560","188","2","5","0","0","14.69","Baby Boomer"