"","","Game","Watch time","Stream time","Peak viewers","Peak channels","Streamers","Average viewers","Average channels","Average viewer ratio",""
"Silence: The Whispered World 2","8301","Silence: The Whispered World 2","134220","12780","121","2","39","0","0","10.5","Silence: The Whispered World 2"
"Crazy Taxi 2","8302","Crazy Taxi 2","134220","2820","930","1","17","0","0","47.6","Crazy Taxi 2"
"Cloudberry Kingdom","8303","Cloudberry Kingdom","134160","13260","847","2","72","0","0","10.12","Cloudberry Kingdom"
"Puyo Puyo 2","8304","Puyo Puyo 2","134160","23940","110","2","86","0","0","5.6","Puyo Puyo 2"
"Code of Princess","8305","Code of Princess","134160","22080","165","3","71","0","0","6.08","Code of Princess"
"Primal Carnage: Extinction","8306","Primal Carnage: Extinction","134100","46620","183","4","269","0","0","2.88","Primal Carnage: Extinction"
"Bunny Bricks","8307","Bunny Bricks","134040","180","1207","1","2","0","0","744.67","Bunny Bricks"
"Crash Tag Team Racing","8308","Crash Tag Team Racing","134040","25560","257","3","125","0","0","5.24","Crash Tag Team Racing"
"Battle for Polytopia","8309","Battle for Polytopia","133980","3060","682","1","16","0","0","43.78","Battle for Polytopia"
"Eye of the Beholder","8310","Eye of the Beholder","133860","19020","521","2","47","0","0","7.04","Eye of the Beholder"
"Tim Burton's The Nightmare Before Christmas: Oogie's Revenge","8311","Tim Burton's The Nightmare Before Christmas: Oogie's Revenge","133860","18180","124","4","50","0","0","7.36","Tim Burton's The Nightmare Before Christmas: Oogie's Revenge"
"Frogger's Adventures: Temple of the Frog","8312","Frogger's Adventures: Temple of the Frog","133860","2940","1930","2","12","0","0","45.53","Frogger's Adventures: Temple of the Frog"
"A Girl's Fabric Face","8313","A Girl's Fabric Face","133800","4920","339","2","38","0","0","27.2","A Girl's Fabric Face"
"Stream Avatars","8314","Stream Avatars","133740","44220","40","2","115","0","0","3.02","Stream Avatars"
"Rogue Survivor","8315","Rogue Survivor","133740","1800","185","1","5","0","0","74.3","Rogue Survivor"
"Ecco: The Tides of Time","8316","Ecco: The Tides of Time","133740","10980","181","2","15","0","0","12.18","Ecco: The Tides of Time"
"Mega Man Battle Network 5: Double Team DS","8317","Mega Man Battle Network 5: Double Team DS","133560","25020","149","3","31","0","0","5.34","Mega Man Battle Network 5: Double Team DS"
"Heaven Will Be Mine","8318","Heaven Will Be Mine","133560","10080","187","7","53","0","0","13.25","Heaven Will Be Mine"
"Dead in Bermuda","8319","Dead in Bermuda","133500","31020","978","2","151","0","0","4.3","Dead in Bermuda"
"Sakura Taisen V Episode 0: Arano no Samurai Musume","8320","Sakura Taisen V Episode 0: Arano no Samurai Musume","133380","1440","400","1","4","0","0","92.63","Sakura Taisen V Episode 0: Arano no Samurai Musume"
"Albion","8321","Albion","133380","27420","144","2","72","0","0","4.86","Albion"
"Granado Espada","8322","Granado Espada","133260","48480","188","3","56","0","0","2.75","Granado Espada"
"Ymir","8323","Ymir","133140","21600","174","3","21","0","0","6.16","Ymir"
"Void","8324","Void","133140","4140","2358","1","8","0","0","32.16","Void"
"Lost Kingdoms","8325","Lost Kingdoms","133140","49140","77","2","82","0","0","2.71","Lost Kingdoms"
"Curiosity: What's Inside the Cube?","8326","Curiosity: What's Inside the Cube?","133080","120","2218","1","1","0","0","1109","Curiosity: What's Inside the Cube?"
"This Strange Realm Of Mine","8327","This Strange Realm Of Mine","133020","9960","737","2","49","0","0","13.36","This Strange Realm Of Mine"
"Halloween Forever","8328","Halloween Forever","132960","13860","152","5","72","0","0","9.59","Halloween Forever"
"Tube Tycoon","8329","Tube Tycoon","132900","18180","399","5","116","0","0","7.31","Tube Tycoon"
"Earth Defense Force: Insect Armageddon","8330","Earth Defense Force: Insect Armageddon","132840","22680","1343","3","109","0","0","5.86","Earth Defense Force: Insect Armageddon"
"Teenage Mutant Ninja Turtles 2: Battle Nexus","8331","Teenage Mutant Ninja Turtles 2: Battle Nexus","132660","6180","1264","2","28","0","0","21.47","Teenage Mutant Ninja Turtles 2: Battle Nexus"
"U.N. Squadron","8332","U.N. Squadron","132540","27300","413","2","112","0","0","4.85","U.N. Squadron"
"Age of Wushu","8333","Age of Wushu","132480","58260","84","4","77","0","0","2.27","Age of Wushu"
"Sid Meier's Civilization III","8334","Sid Meier's Civilization III","132360","55800","95","3","127","0","0","2.37","Sid Meier's Civilization III"
"Urban Rivals","8335","Urban Rivals","132300","23400","863","3","75","0","0","5.65","Urban Rivals"
"Legacy of Ys: Books I & II","8336","Legacy of Ys: Books I & II","132240","2460","1169","2","11","0","0","53.76","Legacy of Ys: Books I & II"
"SiN Episodes: Emergence","8337","SiN Episodes: Emergence","132180","7500","571","2","36","0","0","17.62","SiN Episodes: Emergence"
"Avoid the Noid","8338","Avoid the Noid","132180","2340","624","3","7","0","0","56.49","Avoid the Noid"
"All Night Nippon Super Mario Bros.","8339","All Night Nippon Super Mario Bros.","132180","11340","155","2","26","0","0","11.66","All Night Nippon Super Mario Bros."
"Mr. Driller A","8340","Mr. Driller A","132180","120","1371","1","1","0","0","1101.5","Mr. Driller A"
"Nancy Drew: Tomb of the Lost Queen","8341","Nancy Drew: Tomb of the Lost Queen","132060","10980","118","1","28","0","0","12.03","Nancy Drew: Tomb of the Lost Queen"
"Desync","8342","Desync","132000","12120","1574","3","64","0","0","10.89","Desync"
"Frozen Free Fall","8343","Frozen Free Fall","131940","66660","425","3","218","0","0","1.98","Frozen Free Fall"
"Retro Garbage","8344","Retro Garbage","131940","26520","99","2","34","0","0","4.98","Retro Garbage"
"Disney's Donald Duck: Goin' Quackers","8345","Disney's Donald Duck: Goin' Quackers","131940","21900","208","2","78","0","0","6.02","Disney's Donald Duck: Goin' Quackers"
"Freedom Wars","8346","Freedom Wars","131880","31080","154","2","25","0","0","4.24","Freedom Wars"
"Sonic Forces: Speed Battle","8347","Sonic Forces: Speed Battle","131820","17220","238","2","74","0","0","7.66","Sonic Forces: Speed Battle"
"ShadowCaster","8348","ShadowCaster","131760","1380","175","1","2","0","0","95.48","ShadowCaster"
"Sid Meier's Civilization III: Conquests","8349","Sid Meier's Civilization III: Conquests","131640","13800","88","1","35","0","0","9.54","Sid Meier's Civilization III: Conquests"
"Gubble","8350","Gubble","131640","32160","956","4","14","0","0","4.09","Gubble"
"Krinkle Krusher","8351","Krinkle Krusher","131640","240","2193","1","2","0","0","548.5","Krinkle Krusher"
"Gobliiins","8352","Gobliiins","131520","4140","413","1","19","0","0","31.77","Gobliiins"
"Grand Theft Auto Advance","8353","Grand Theft Auto Advance","131520","7800","1980","1","24","0","0","16.86","Grand Theft Auto Advance"
"Butcher","8354","Butcher","131460","13980","331","2","95","0","0","9.4","Butcher"
"Rock On","8355","Rock On","131400","1080","2189","1","4","0","0","121.67","Rock On"
"The Useful Dead","8356","The Useful Dead","131400","420","1762","2","5","0","0","312.86","The Useful Dead"
"Empire Earth: The Art of Conquest","8357","Empire Earth: The Art of Conquest","131340","13860","603","2","45","0","0","9.48","Empire Earth: The Art of Conquest"
"Snow Bros 2","8358","Snow Bros 2","131280","4500","1696","1","35","0","0","29.17","Snow Bros 2"
"One More Roll","8359","One More Roll","131280","3540","287","1","12","0","0","37.08","One More Roll"
"Lost Kingdoms II","8360","Lost Kingdoms II","131160","42060","34","3","30","0","0","3.12","Lost Kingdoms II"
"There Is No Game","8361","There Is No Game","131160","55860","665","3","142","0","0","2.35","There Is No Game"
"Vestaria Saga I: War of the Scions","8362","Vestaria Saga I: War of the Scions","131100","10080","232","3","21","0","0","13.01","Vestaria Saga I: War of the Scions"
"Mana Khemia: Alchemists of Al-Revis","8363","Mana Khemia: Alchemists of Al-Revis","130920","34800","26","2","37","0","0","3.76","Mana Khemia: Alchemists of Al-Revis"
"Eldritch","8364","Eldritch","130860","37680","631","2","202","0","0","3.47","Eldritch"
"League of Maidens","8365","League of Maidens","130860","15000","205","2","104","0","0","8.72","League of Maidens"
"Undercards","8366","Undercards","130860","24180","387","2","54","0","0","5.41","Undercards"
"Yesterday Origins","8367","Yesterday Origins","130800","29640","186","2","73","0","0","4.41","Yesterday Origins"
"Wayward Terran Frontier: Zero Falls","8368","Wayward Terran Frontier: Zero Falls","130800","28680","101","2","27","0","0","4.56","Wayward Terran Frontier: Zero Falls"
"Stuart Little 2","8369","Stuart Little 2","130800","2700","746","1","12","0","0","48.44","Stuart Little 2"
"Kreedz Climbing","8370","Kreedz Climbing","130560","15000","441","2","89","0","0","8.7","Kreedz Climbing"
"NFL Blitz","8371","NFL Blitz","130500","9540","175","2","57","0","0","13.68","NFL Blitz"
"Pneuma: Breath of Life","8372","Pneuma: Breath of Life","130380","20460","440","2","113","0","0","6.37","Pneuma: Breath of Life"
"Forsaken","8373","Forsaken","130320","18780","132","3","64","0","0","6.94","Forsaken"
"Woolfe: The Red Hood Diaries","8374","Woolfe: The Red Hood Diaries","130260","26460","50","3","136","0","0","4.92","Woolfe: The Red Hood Diaries"
"AFL Live","8375","AFL Live","130260","360","1016","1","3","0","0","361.83","AFL Live"
"Wildlife Park 3","8376","Wildlife Park 3","130140","6000","588","1","34","0","0","21.69","Wildlife Park 3"
"UFC Undisputed 2010","8377","UFC Undisputed 2010","130140","2880","1836","1","18","0","0","45.19","UFC Undisputed 2010"
"Guns Up!","8378","Guns Up!","130140","64320","185","4","692","0","0","2.02","Guns Up!"
"Rocky","8379","Rocky","130080","1740","2000","1","9","0","0","74.76","Rocky"
"Pro Evolution Soccer 2009","8380","Pro Evolution Soccer 2009","130020","7680","891","1","33","0","0","16.93","Pro Evolution Soccer 2009"
"The Hunt for Red October","8381","The Hunt for Red October","129900","2040","358","1","10","0","0","63.68","The Hunt for Red October"
"Gabriel Knight 3: Blood of the Sacred, Blood of the Damned","8382","Gabriel Knight 3: Blood of the Sacred, Blood of the Damned","129720","14340","241","1","13","0","0","9.05","Gabriel Knight 3: Blood of the Sacred, Blood of the Damned"
"Fade to Black","8383","Fade to Black","129720","2820","138","1","5","0","0","46","Fade to Black"
"Food Mahjong","8384","Food Mahjong","129660","180","2301","1","2","0","0","720.33","Food Mahjong"
"An Elder Scrolls Legend: Battlespire","8385","An Elder Scrolls Legend: Battlespire","129600","7380","1420","2","15","0","0","17.56","An Elder Scrolls Legend: Battlespire"
"Sci-Fi","8386","Sci-Fi","129600","160080","47","3","35","0","0","0.81","Sci-Fi"
"Suikoden Tierkreis","8387","Suikoden Tierkreis","129540","16320","31","2","9","0","0","7.94","Suikoden Tierkreis"
"Voltron","8388","Voltron","129540","5160","505","3","13","0","0","25.1","Voltron"
"AFL Evolution","8389","AFL Evolution","129540","35280","250","2","116","0","0","3.67","AFL Evolution"
"Hello Kitty Cube World","8390","Hello Kitty Cube World","129240","7500","790","2","15","0","0","17.23","Hello Kitty Cube World"
"The Videokid","8391","The Videokid","129120","8340","337","3","59","0","0","15.48","The Videokid"
"Loadout","8392","Loadout","129120","99000","196","5","753","0","0","1.3","Loadout"
"Baroque","8393","Baroque","129120","6660","690","2","21","0","0","19.39","Baroque"
"Empire Earth","8394","Empire Earth","129060","37920","152","3","127","0","0","3.4","Empire Earth"
"Dragon Ball Z: Budokai 2","8395","Dragon Ball Z: Budokai 2","129000","25920","386","2","125","0","0","4.98","Dragon Ball Z: Budokai 2"
"Atelier Totori: The Adventurer of Arland","8396","Atelier Totori: The Adventurer of Arland","129000","35880","28","3","34","0","0","3.6","Atelier Totori: The Adventurer of Arland"
"Fast Food Tycoon 2","8397","Fast Food Tycoon 2","129000","3120","332","2","16","0","0","41.35","Fast Food Tycoon 2"
"Captain Silver","8398","Captain Silver","128940","2880","1250","2","8","0","0","44.77","Captain Silver"
"The Shield: The Game","8399","The Shield: The Game","128820","5400","1139","2","9","0","0","23.86","The Shield: The Game"
"Densha de Go! Final","8400","Densha de Go! Final","128760","9240","160","2","29","0","0","13.94","Densha de Go! Final"