"","","Game","Watch time","Stream time","Peak viewers","Peak channels","Streamers","Average viewers","Average channels","Average viewer ratio",""
"Frogger 3D","9601","Frogger 3D","81720","1320","371","1","7","0","0","61.91","Frogger 3D"
"Prize Fighter","9602","Prize Fighter","81720","300","1417","1","3","0","0","272.4","Prize Fighter"
"Tales of Monkey Island Chapter 1: Launch of the Screaming Narwhal","9603","Tales of Monkey Island Chapter 1: Launch of the Screaming Narwhal","81660","16620","68","2","81","0","0","4.91","Tales of Monkey Island Chapter 1: Launch of the Screaming Narwhal"
"The Lord of the Rings: The Two Towers","9604","The Lord of the Rings: The Two Towers","81660","20460","218","2","76","0","0","3.99","The Lord of the Rings: The Two Towers"
"Nibbler","9605","Nibbler","81600","4320","228","2","11","0","0","18.89","Nibbler"
"Constructor","9606","Constructor","81600","38580","33","3","150","0","0","2.12","Constructor"
"Echo Night","9607","Echo Night","81600","7620","116","1","21","0","0","10.71","Echo Night"
"Khimera: Destroy All Monster Girls","9608","Khimera: Destroy All Monster Girls","81600","30660","156","2","114","0","0","2.66","Khimera: Destroy All Monster Girls"
"It's a Funny Old Game","9609","It's a Funny Old Game","81480","34560","79","2","39","0","0","2.36","It's a Funny Old Game"
"Deluxe Ski Jump 3","9610","Deluxe Ski Jump 3","81480","1860","232","1","9","0","0","43.81","Deluxe Ski Jump 3"
"Zoda's Revenge: Star Tropics II","9611","Zoda's Revenge: Star Tropics II","81480","9720","190","1","26","0","0","8.38","Zoda's Revenge: Star Tropics II"
"Haunted Castle","9612","Haunted Castle","81480","6000","285","4","26","0","0","13.58","Haunted Castle"
"Revenge of the Fallen","9613","Revenge of the Fallen","81420","6960","212","2","22","0","0","11.7","Revenge of the Fallen"
"Codename Cure","9614","Codename Cure","81360","44580","726","3","342","0","0","1.83","Codename Cure"
"Altered Beast","9615","Altered Beast","81360","24840","79","2","150","0","0","3.28","Altered Beast"
"We Love Golf!","9616","We Love Golf!","81360","1620","533","2","2","0","0","50.22","We Love Golf!"
"Sacred 2: Fallen Angel","9617","Sacred 2: Fallen Angel","81300","28500","33","3","61","0","0","2.85","Sacred 2: Fallen Angel"
"FlatOut","9618","FlatOut","81240","42840","113","3","221","0","0","1.9","FlatOut"
"Untold Legends: Dark Kingdom","9619","Untold Legends: Dark Kingdom","81240","2340","484","1","4","0","0","34.72","Untold Legends: Dark Kingdom"
"Another Sight","9620","Another Sight","81180","5880","257","2","41","0","0","13.81","Another Sight"
"Virtua Pro Football","9621","Virtua Pro Football","81180","300","737","1","1","0","0","270.6","Virtua Pro Football"
"Super Pitfall","9622","Super Pitfall","81180","1440","390","1","14","0","0","56.38","Super Pitfall"
"MJ4 Evolution","9623","MJ4 Evolution","81180","7200","143","2","24","0","0","11.28","MJ4 Evolution"
"Vera Swings","9624","Vera Swings","81120","2580","736","2","13","0","0","31.44","Vera Swings"
"GunZ 2: The Second Duel","9625","GunZ 2: The Second Duel","81000","22380","122","2","130","0","0","3.62","GunZ 2: The Second Duel"
"Blind","9626","Blind","81000","11580","125","3","63","0","0","6.99","Blind"
"Escape Doodland","9627","Escape Doodland","80880","2340","183","2","22","0","0","34.56","Escape Doodland"
"Jump Start 1st Grade","9628","Jump Start 1st Grade","80880","960","475","1","8","0","0","84.25","Jump Start 1st Grade"
"Alias","9629","Alias","80880","9660","293","1","7","0","0","8.37","Alias"
"Rugrats: Royal Ransom","9630","Rugrats: Royal Ransom","80820","3360","295","2","16","0","0","24.05","Rugrats: Royal Ransom"
"NEStalgia","9631","NEStalgia","80820","23580","82","3","102","0","0","3.43","NEStalgia"
"Snowboard Kids","9632","Snowboard Kids","80760","19800","247","2","81","0","0","4.08","Snowboard Kids"
"SD Gundam G Generation Overworld","9633","SD Gundam G Generation Overworld","80760","31680","17","2","48","0","0","2.55","SD Gundam G Generation Overworld"
"Hard Head","9634","Hard Head","80760","1080","272","4","8","0","0","74.78","Hard Head"
"Polygod","9635","Polygod","80760","5940","357","2","47","0","0","13.6","Polygod"
"Skylar & Plux: Adventure on Clover Island","9636","Skylar & Plux: Adventure on Clover Island","80700","30720","250","2","108","0","0","2.63","Skylar & Plux: Adventure on Clover Island"
"The Technician","9637","The Technician","80640","660","1260","1","6","0","0","122.18","The Technician"
"White Album: Tsuzurareru Fuyu no Omoide","9638","White Album: Tsuzurareru Fuyu no Omoide","80640","7800","34","1","5","0","0","10.34","White Album: Tsuzurareru Fuyu no Omoide"
"Might and Magic: World of Xeen","9639","Might and Magic: World of Xeen","80640","11340","34","1","14","0","0","7.11","Might and Magic: World of Xeen"
"White Album 2: Shiawase no Mukougawa","9640","White Album 2: Shiawase no Mukougawa","80640","9780","37","2","7","0","0","8.25","White Album 2: Shiawase no Mukougawa"
"Stubbs the Zombie in Rebel Without a Pulse","9641","Stubbs the Zombie in Rebel Without a Pulse","80640","16260","58","2","71","0","0","4.96","Stubbs the Zombie in Rebel Without a Pulse"
"SimCopter","9642","SimCopter","80640","2160","399","1","8","0","0","37.33","SimCopter"
"X-Men: Destiny","9643","X-Men: Destiny","80580","3360","258","1","10","0","0","23.98","X-Men: Destiny"
"The Signal from Tölva","9644","The Signal from Tölva","80580","25860","72","3","113","0","0","3.12","The Signal from Tölva"
"Florence","9645","Florence","80520","3420","345","1","28","0","0","23.54","Florence"
"PlayStation Home","9646","PlayStation Home","80520","35280","144","2","123","0","0","2.28","PlayStation Home"
"Crash Bandicoot: The Huge Adventure","9647","Crash Bandicoot: The Huge Adventure","80460","12060","88","2","61","0","0","6.67","Crash Bandicoot: The Huge Adventure"
"Dekaron","9648","Dekaron","80400","43860","31","2","98","0","0","1.83","Dekaron"
"Castle Miner Z","9649","Castle Miner Z","80400","27720","142","3","178","0","0","2.9","Castle Miner Z"
"Battle K-Road","9650","Battle K-Road","80400","1740","254","1","3","0","0","46.21","Battle K-Road"
"Serious Sam","9651","Serious Sam","80340","42540","50","3","157","0","0","1.89","Serious Sam"
"AtWar","9652","AtWar","80280","7560","439","3","35","0","0","10.62","AtWar"
"WWE Raw 2","9653","WWE Raw 2","80280","2940","178","1","15","0","0","27.31","WWE Raw 2"
"Tabletopia","9654","Tabletopia","80220","18960","132","2","101","0","0","4.23","Tabletopia"
"Tic Tac Toe","9655","Tic Tac Toe","80220","7320","368","2","61","0","0","10.96","Tic Tac Toe"
"Jagged Alliance","9656","Jagged Alliance","80100","11580","257","2","17","0","0","6.92","Jagged Alliance"
"Pro Evolution Soccer 2014","9657","Pro Evolution Soccer 2014","80100","9540","304","2","29","0","0","8.4","Pro Evolution Soccer 2014"
"SpellForce: The Order of Dawn","9658","SpellForce: The Order of Dawn","80040","42960","29","4","73","0","0","1.86","SpellForce: The Order of Dawn"
"The Game Maker","9659","The Game Maker","80040","15180","156","2","54","0","0","5.27","The Game Maker"
"SaGa 2: Hihou Densetsu - Goddess of Destiny","9660","SaGa 2: Hihou Densetsu - Goddess of Destiny","79980","9120","51","1","13","0","0","8.77","SaGa 2: Hihou Densetsu - Goddess of Destiny"
"Dungeon Keeper: The Deeper Dungeons","9661","Dungeon Keeper: The Deeper Dungeons","79980","95640","6","2","10","0","0","0.84","Dungeon Keeper: The Deeper Dungeons"
"Xuanyuan Jian 3: Yun he Shan de Bi Duan","9662","Xuanyuan Jian 3: Yun he Shan de Bi Duan","79980","7680","132","1","17","0","0","10.41","Xuanyuan Jian 3: Yun he Shan de Bi Duan"
"Forced Alliance: The Glarious Mandate","9663","Forced Alliance: The Glarious Mandate","79980","420","366","2","2","0","0","190.43","Forced Alliance: The Glarious Mandate"
"Football Games Room","9664","Football Games Room","79920","35460","613","1","4","0","0","2.25","Football Games Room"
"Scratches","9665","Scratches","79920","17460","206","2","44","0","0","4.58","Scratches"
"American Conquest: Fight Back","9666","American Conquest: Fight Back","79920","3720","456","1","10","0","0","21.48","American Conquest: Fight Back"
"Backstage Pass","9667","Backstage Pass","79920","8280","62","2","17","0","0","9.65","Backstage Pass"
"PixelJunk Shooter","9668","PixelJunk Shooter","79860","3120","1281","1","17","0","0","25.6","PixelJunk Shooter"
"Scream Collector","9669","Scream Collector","79860","2580","1282","1","9","0","0","30.95","Scream Collector"
"Pawarumi","9670","Pawarumi","79860","5880","198","3","26","0","0","13.58","Pawarumi"
"Cars 3","9671","Cars 3","79800","3660","130","1","25","0","0","21.8","Cars 3"
"Pokémon Ranger: Shadows of Almia","9672","Pokémon Ranger: Shadows of Almia","79800","17940","24","2","39","0","0","4.45","Pokémon Ranger: Shadows of Almia"
"Hidden Dragon: Legend","9673","Hidden Dragon: Legend","79740","14640","374","2","117","0","0","5.45","Hidden Dragon: Legend"
"PlayerUnkn4wn: Zombie","9674","PlayerUnkn4wn: Zombie","79740","1620","718","1","12","0","0","49.22","PlayerUnkn4wn: Zombie"
"Grim Legends 2: Song of the Dark Swan","9675","Grim Legends 2: Song of the Dark Swan","79680","14100","93","2","38","0","0","5.65","Grim Legends 2: Song of the Dark Swan"
"Video Action","9676","Video Action","79680","6120","1614","1","17","0","0","13.02","Video Action"
"Rising Thunder","9677","Rising Thunder","79620","18600","166","4","60","0","0","4.28","Rising Thunder"
"Trick & Treat","9678","Trick & Treat","79620","26760","73","7","134","0","0","2.98","Trick & Treat"
"Dark Fear","9679","Dark Fear","79560","1440","213","1","5","0","0","55.25","Dark Fear"
"StepManiaX","9680","StepManiaX","79560","17160","90","3","18","0","0","4.64","StepManiaX"
"Florensia","9681","Florensia","79560","29640","30","3","71","0","0","2.68","Florensia"
"Magic: The Gathering - Duels of the Planeswalkers","9682","Magic: The Gathering - Duels of the Planeswalkers","79560","15780","292","2","92","0","0","5.04","Magic: The Gathering - Duels of the Planeswalkers"
"WWF Raw","9683","WWF Raw","79500","12480","287","2","25","0","0","6.37","WWF Raw"
"Shining Force Gaiden: Final Conflict","9684","Shining Force Gaiden: Final Conflict","79500","660","194","1","2","0","0","120.45","Shining Force Gaiden: Final Conflict"
"The Path","9685","The Path","79440","11460","397","2","46","0","0","6.93","The Path"
"Syphon Filter 3","9686","Syphon Filter 3","79440","9120","255","1","23","0","0","8.71","Syphon Filter 3"
"Dark Messiah of Might and Magic: Elements","9687","Dark Messiah of Might and Magic: Elements","79380","12720","255","2","52","0","0","6.24","Dark Messiah of Might and Magic: Elements"
"Surf Ninjas","9688","Surf Ninjas","79380","540","1040","2","6","0","0","147","Surf Ninjas"
"Virtual Pro Wrestling 64","9689","Virtual Pro Wrestling 64","79320","2820","802","1","7","0","0","28.13","Virtual Pro Wrestling 64"
"Infinite Undiscovery","9690","Infinite Undiscovery","79320","17820","21","2","23","0","0","4.45","Infinite Undiscovery"
"LiEat II","9691","LiEat II","79320","12300","64","2","66","0","0","6.45","LiEat II"
"Monday Night Football","9692","Monday Night Football","79320","1200","315","3","9","0","0","66.1","Monday Night Football"
"Art of Fighting 2","9693","Art of Fighting 2","79260","1140","1324","1","11","0","0","69.53","Art of Fighting 2"
"Trivia Whiz","9694","Trivia Whiz","79200","480","1295","1","4","0","0","165","Trivia Whiz"
"WWF War Zone","9695","WWF War Zone","79140","7740","499","1","16","0","0","10.22","WWF War Zone"
"BlazBlue: Calamity Trigger","9696","BlazBlue: Calamity Trigger","79080","31080","86","3","124","0","0","2.54","BlazBlue: Calamity Trigger"
"Myst V: End of Ages","9697","Myst V: End of Ages","79080","11820","111","2","31","0","0","6.69","Myst V: End of Ages"
"Thomas the Tank Engine & Friends","9698","Thomas the Tank Engine & Friends","79080","900","1275","1","12","0","0","87.87","Thomas the Tank Engine & Friends"
"World War II Online: Battleground Europe","9699","World War II Online: Battleground Europe","79080","58680","51","6","154","0","0","1.35","World War II Online: Battleground Europe"
"Nancy Drew: The Silent Spy","9700","Nancy Drew: The Silent Spy","79080","15420","67","2","40","0","0","5.13","Nancy Drew: The Silent Spy"