"","","Game","Watch time","Stream time","Peak viewers","Peak channels","Streamers","Average viewers","Average channels","Average viewer ratio",""
"Fruit Machine Simulator","11201","Fruit Machine Simulator","46920","360","773","1","3","0","0","130.33","Fruit Machine Simulator"
"Eador: Imperium","11202","Eador: Imperium","46920","3720","99","1","12","0","0","12.61","Eador: Imperium"
"Baby Jo in: ""Going Home""","11203","Baby Jo in: ""Going Home""","46920","540","805","4","4","0","0","86.89","Baby Jo in: ""Going Home"""
"Wrack: Exoverse","11204","Wrack: Exoverse","46860","9720","201","2","21","0","0","4.82","Wrack: Exoverse"
"Dark Half","11205","Dark Half","46860","1740","76","1","7","0","0","26.93","Dark Half"
"Sorcery Saga: Curse of the Great Curry God","11206","Sorcery Saga: Curse of the Great Curry God","46860","14160","88","3","42","0","0","3.31","Sorcery Saga: Curse of the Great Curry God"
"Aground","11207","Aground","46800","7920","148","2","24","0","0","5.91","Aground"
"Tails' Skypatrol","11208","Tails' Skypatrol","46800","1320","366","2","10","0","0","35.45","Tails' Skypatrol"
"Kitten Squad","11209","Kitten Squad","46800","42600","14","2","333","0","0","1.1","Kitten Squad"
"AirMech Arena","11210","AirMech Arena","46800","49140","144","3","274","0","0","0.95","AirMech Arena"
"Final Fantasy Crystal Chronicles: My Life as a King","11211","Final Fantasy Crystal Chronicles: My Life as a King","46800","9240","66","2","21","0","0","5.06","Final Fantasy Crystal Chronicles: My Life as a King"
"Bob The Builder: Can We Fix It?","11212","Bob The Builder: Can We Fix It?","46800","2520","296","1","9","0","0","18.57","Bob The Builder: Can We Fix It?"
"AtmaSphere","11213","AtmaSphere","46800","6000","136","2","20","0","0","7.8","AtmaSphere"
"Need to Know","11214","Need to Know","46740","13980","129","4","59","0","0","3.34","Need to Know"
"Drill Dozer","11215","Drill Dozer","46740","13800","30","2","38","0","0","3.39","Drill Dozer"
"Aladdin's Castle","11216","Aladdin's Castle","46740","1560","195","1","11","0","0","29.96","Aladdin's Castle"
"Animal Breeder","11217","Animal Breeder","46740","43980","18","1","2","0","0","1.06","Animal Breeder"
"The Tribloos 3","11218","The Tribloos 3","46680","2160","35","1","2","0","0","21.61","The Tribloos 3"
"Big Bumpin'","11219","Big Bumpin'","46680","660","421","1","7","0","0","70.73","Big Bumpin'"
"Kill la Kill - If","11220","Kill la Kill - If","46620","780","268","1","5","0","0","59.77","Kill la Kill - If"
"Beach Buggy Racing","11221","Beach Buggy Racing","46620","35160","230","3","175","0","0","1.33","Beach Buggy Racing"
"Constantine","11222","Constantine","46620","7560","109","2","29","0","0","6.17","Constantine"
"Strong Bad's Cool Game for Attractive People","11223","Strong Bad's Cool Game for Attractive People","46620","10620","28","2","25","0","0","4.39","Strong Bad's Cool Game for Attractive People"
"Casper","11224","Casper","46620","4440","517","1","21","0","0","10.5","Casper"
"Lost in Harmony","11225","Lost in Harmony","46620","3600","211","2","27","0","0","12.95","Lost in Harmony"
"GunboundM","11226","GunboundM","46620","31380","15","2","92","0","0","1.49","GunboundM"
"Akalabeth: World of Doom","11227","Akalabeth: World of Doom","46560","1740","179","1","7","0","0","26.76","Akalabeth: World of Doom"
"Disgaea 4: A Promise Revisited","11228","Disgaea 4: A Promise Revisited","46560","18300","20","2","16","0","0","2.54","Disgaea 4: A Promise Revisited"
"R-Type","11229","R-Type","46560","4800","60","2","29","0","0","9.7","R-Type"
"Trouble Shooter","11230","Trouble Shooter","46500","4080","351","2","22","0","0","11.4","Trouble Shooter"
"Ultima VII: The Forge of Virtue","11231","Ultima VII: The Forge of Virtue","46500","5640","30","2","14","0","0","8.24","Ultima VII: The Forge of Virtue"
"Line Pangya","11232","Line Pangya","46500","14100","144","3","37","0","0","3.3","Line Pangya"
"Block'hood","11233","Block'hood","46500","12360","74","2","63","0","0","3.76","Block'hood"
"Flower Knight Girl Online","11234","Flower Knight Girl Online","46440","22740","33","2","29","0","0","2.04","Flower Knight Girl Online"
"Empathy","11235","Empathy","46440","5880","41","1","21","0","0","7.9","Empathy"
"Prevent the Fall","11236","Prevent the Fall","46440","2520","454","2","20","0","0","18.43","Prevent the Fall"
"Prey: Typhon Hunter","11237","Prey: Typhon Hunter","46380","2880","386","2","22","0","0","16.1","Prey: Typhon Hunter"
"Autonauts","11238","Autonauts","46380","16800","114","2","57","0","0","2.76","Autonauts"
"Battlefield Vietnam","11239","Battlefield Vietnam","46380","9240","109","2","53","0","0","5.02","Battlefield Vietnam"
"Open Season","11240","Open Season","46380","7080","109","1","29","0","0","6.55","Open Season"
"Virtua Fighter 3","11241","Virtua Fighter 3","46380","2580","235","2","12","0","0","17.98","Virtua Fighter 3"
"Super Soccer","11242","Super Soccer","46380","5340","84","2","15","0","0","8.69","Super Soccer"
"FIFA Soccer 13","11243","FIFA Soccer 13","46320","8400","198","2","42","0","0","5.51","FIFA Soccer 13"
"Trio The Punch – Never Forget Me...","11244","Trio The Punch – Never Forget Me...","46320","2760","119","2","5","0","0","16.78","Trio The Punch – Never Forget Me..."
"Fire Pro Wrestling","11245","Fire Pro Wrestling","46320","1740","388","1","11","0","0","26.62","Fire Pro Wrestling"
"Quantum Pilot","11246","Quantum Pilot","46320","300","766","1","3","0","0","154.4","Quantum Pilot"
"Beat The Game","11247","Beat The Game","46320","720","496","1","9","0","0","64.33","Beat The Game"
"Echo Combat","11248","Echo Combat","46260","19080","83","6","76","0","0","2.42","Echo Combat"
"Disgaea D2: A Brighter Darkness","11249","Disgaea D2: A Brighter Darkness","46260","18300","30","2","28","0","0","2.53","Disgaea D2: A Brighter Darkness"
"Hyperdimension Neptunia mk2","11250","Hyperdimension Neptunia mk2","46200","10920","74","2","20","0","0","4.23","Hyperdimension Neptunia mk2"
"Space Quest II: Chapter II - Vohaul's Revenge","11251","Space Quest II: Chapter II - Vohaul's Revenge","46200","9360","37","2","34","0","0","4.94","Space Quest II: Chapter II - Vohaul's Revenge"
"Vampire Hunter D","11252","Vampire Hunter D","46200","11160","82","1","24","0","0","4.14","Vampire Hunter D"
"Bubble Ghost","11253","Bubble Ghost","46200","1740","648","1","11","0","0","26.55","Bubble Ghost"
"Adventure Time: The Secret of Nameless Kingdom","11254","Adventure Time: The Secret of Nameless Kingdom","46200","10680","149","2","35","0","0","4.33","Adventure Time: The Secret of Nameless Kingdom"
"The Settlers IV: Mission CD","11255","The Settlers IV: Mission CD","46200","7200","152","3","19","0","0","6.42","The Settlers IV: Mission CD"
"Disease: Hidden Object","11256","Disease: Hidden Object","46140","600","144","1","2","0","0","76.9","Disease: Hidden Object"
"Vostok Inc.","11257","Vostok Inc.","46140","18960","187","3","48","0","0","2.43","Vostok Inc."
"Walt Disney World Quest Magical Racing Tour","11258","Walt Disney World Quest Magical Racing Tour","46140","2580","269","2","19","0","0","17.88","Walt Disney World Quest Magical Racing Tour"
"God Eater","11259","God Eater","46140","9120","98","2","37","0","0","5.06","God Eater"
"Guwange","11260","Guwange","46080","13320","109","1","23","0","0","3.46","Guwange"
"Enthusia Professional Racing","11261","Enthusia Professional Racing","46080","3720","221","2","13","0","0","12.39","Enthusia Professional Racing"
"Shape Up","11262","Shape Up","46080","3480","80","2","14","0","0","13.24","Shape Up"
"Peachy","11263","Peachy","46080","300","393","2","4","0","0","153.6","Peachy"
"Chicken Invaders 5: Cluck of the Dark Side","11264","Chicken Invaders 5: Cluck of the Dark Side","46020","5160","139","1","31","0","0","8.92","Chicken Invaders 5: Cluck of the Dark Side"
"Shadow of the Ninja","11265","Shadow of the Ninja","46020","5040","478","1","21","0","0","9.13","Shadow of the Ninja"
"Dragon Ball Z: Extreme Butouden","11266","Dragon Ball Z: Extreme Butouden","46020","2400","87","1","10","0","0","19.18","Dragon Ball Z: Extreme Butouden"
"50 Cent: Bulletproof","11267","50 Cent: Bulletproof","46020","5640","130","1","27","0","0","8.16","50 Cent: Bulletproof"
"Mario's Picross","11268","Mario's Picross","46020","12120","34","2","37","0","0","3.8","Mario's Picross"
"Trash in Space","11269","Trash in Space","46020","2460","161","1","5","0","0","18.71","Trash in Space"
"MarZ Rising","11270","MarZ Rising","45960","2340","59","1","12","0","0","19.64","MarZ Rising"
"Anarchy Online: Legacy of the Xan","11271","Anarchy Online: Legacy of the Xan","45960","120","765","1","2","0","0","383","Anarchy Online: Legacy of the Xan"
"LEGO Rock Raiders","11272","LEGO Rock Raiders","45960","12420","147","2","41","0","0","3.7","LEGO Rock Raiders"
"OWN - On the Way to Nemroth","11273","OWN - On the Way to Nemroth","45960","7860","55","4","12","0","0","5.85","OWN - On the Way to Nemroth"
"Bygg Bilar Med Mulle Meck","11274","Bygg Bilar Med Mulle Meck","45960","2340","254","2","15","0","0","19.64","Bygg Bilar Med Mulle Meck"
"Legend of the North: Konung","11275","Legend of the North: Konung","45900","6900","115","1","7","0","0","6.65","Legend of the North: Konung"
"NHL 2001","11276","NHL 2001","45900","9540","225","4","21","0","0","4.81","NHL 2001"
"Aces High","11277","Aces High","45900","40500","11","4","25","0","0","1.13","Aces High"
"Metropolismania","11278","Metropolismania","45900","2460","118","1","4","0","0","18.66","Metropolismania"
"Metal Slug: 1st Mission","11279","Metal Slug: 1st Mission","45840","7860","652","2","52","0","0","5.83","Metal Slug: 1st Mission"
"Tengai Makyou Zero","11280","Tengai Makyou Zero","45840","10080","21","2","12","0","0","4.55","Tengai Makyou Zero"
"Wheel of Fortune 2","11281","Wheel of Fortune 2","45840","420","396","1","4","0","0","109.14","Wheel of Fortune 2"
"Age of War","11282","Age of War","45840","6180","121","1","68","0","0","7.42","Age of War"
"Drakensang: The Dark Eye","11283","Drakensang: The Dark Eye","45840","13620","56","1","25","0","0","3.37","Drakensang: The Dark Eye"
"Salem","11284","Salem","45840","15240","41","2","23","0","0","3.01","Salem"
"OmniBus","11285","OmniBus","45840","8160","65","2","48","0","0","5.62","OmniBus"
"King's Quest II: Romancing the Stones","11286","King's Quest II: Romancing the Stones","45780","9660","47","2","23","0","0","4.74","King's Quest II: Romancing the Stones"
"Golden Axe II","11287","Golden Axe II","45780","9360","139","2","43","0","0","4.89","Golden Axe II"
"Commander Keen 1: Marooned on Mars","11288","Commander Keen 1: Marooned on Mars","45780","17580","40","2","43","0","0","2.6","Commander Keen 1: Marooned on Mars"
"Flight of the Amazon Queen","11289","Flight of the Amazon Queen","45780","12840","30","2","20","0","0","3.57","Flight of the Amazon Queen"
"Rig'n'Roll","11290","Rig'n'Roll","45780","6960","127","1","20","0","0","6.58","Rig'n'Roll"
"D&D Lords of Waterdeep","11291","D&D Lords of Waterdeep","45780","13320","44","4","54","0","0","3.44","D&D Lords of Waterdeep"
"Pure Hold'em","11292","Pure Hold'em","45780","35580","35","3","137","0","0","1.29","Pure Hold'em"
"Hypnospace Outlaw","11293","Hypnospace Outlaw","45720","2940","248","2","25","0","0","15.55","Hypnospace Outlaw"
"Rolisteam","11294","Rolisteam","45720","33780","7","1","2","0","0","1.35","Rolisteam"
"Racket Fury: Table Tennis VR","11295","Racket Fury: Table Tennis VR","45660","8880","81","2","51","0","0","5.14","Racket Fury: Table Tennis VR"
"META","11296","META","45660","16620","9","2","8","0","0","2.75","META"
"The Franz Kafka Videogame","11297","The Franz Kafka Videogame","45600","1200","243","1","11","0","0","38","The Franz Kafka Videogame"
"KoGaMa","11298","KoGaMa","45600","11340","130","2","77","0","0","4.02","KoGaMa"
"Freestyle MetalX","11299","Freestyle MetalX","45600","480","463","1","3","0","0","95","Freestyle MetalX"
"Nebula Realms","11300","Nebula Realms","45600","35160","63","3","209","0","0","1.3","Nebula Realms"