"","","Game","Watch time","Stream time","Peak viewers","Peak channels","Streamers","Average viewers","Average channels","Average viewer ratio",""
"Manchester United","9001","Manchester United","102780","1860","546","2","10","0","0","55.26","Manchester United"
"Burnstar","9002","Burnstar","102720","3480","1681","1","5","0","0","29.52","Burnstar"
"No Heroes Allowed!","9003","No Heroes Allowed!","102720","2700","86","1","6","0","0","38.04","No Heroes Allowed!"
"SWAT 4: The Stetchkov Syndicate","9004","SWAT 4: The Stetchkov Syndicate","102660","37440","84","3","235","0","0","2.74","SWAT 4: The Stetchkov Syndicate"
"RIDE","9005","RIDE","102660","41220","663","3","186","0","0","2.49","RIDE"
"CSI: Crime Scene Investigation - 3 Dimensions of Murder","9006","CSI: Crime Scene Investigation - 3 Dimensions of Murder","102660","2340","196","1","11","0","0","43.87","CSI: Crime Scene Investigation - 3 Dimensions of Murder"
"The Fall of the Dungeon Guardians","9007","The Fall of the Dungeon Guardians","102660","16920","64","2","32","0","0","6.07","The Fall of the Dungeon Guardians"
"My Life as a Maiden","9008","My Life as a Maiden","102660","5760","92","1","13","0","0","17.82","My Life as a Maiden"
"Alien Crush","9009","Alien Crush","102600","540","1687","1","6","0","0","190","Alien Crush"
"CSI: Crime Scene Investigation","9010","CSI: Crime Scene Investigation","102540","1680","874","1","9","0","0","61.04","CSI: Crime Scene Investigation"
"Dead Effect 2","9011","Dead Effect 2","102540","61320","75","3","269","0","0","1.67","Dead Effect 2"
"Pandemonium 2","9012","Pandemonium 2","102480","4320","218","1","16","0","0","23.72","Pandemonium 2"
"Spore: Creepy and Cute","9013","Spore: Creepy and Cute","102480","2340","638","2","13","0","0","43.79","Spore: Creepy and Cute"
"Super Smash Bros. for Wii U/Nintendo 3DS","9014","Super Smash Bros. for Wii U/Nintendo 3DS","102420","35880","109","5","134","0","0","2.85","Super Smash Bros. for Wii U/Nintendo 3DS"
"The Adventures of Lomax","9015","The Adventures of Lomax","102180","2580","412","1","12","0","0","39.6","The Adventures of Lomax"
"Drakensang: Phileasson's Secret","9016","Drakensang: Phileasson's Secret","102180","3600","62","1","5","0","0","28.38","Drakensang: Phileasson's Secret"
"Genetic Disaster","9017","Genetic Disaster","102180","6780","567","2","43","0","0","15.07","Genetic Disaster"
"Sewer Shark","9018","Sewer Shark","102120","1980","1677","1","13","0","0","51.58","Sewer Shark"
"QP Shooting - Dangerous!!","9019","QP Shooting - Dangerous!!","102120","5280","224","1","36","0","0","19.34","QP Shooting - Dangerous!!"
"Soul Sacrifice Delta","9020","Soul Sacrifice Delta","102000","5760","93","1","16","0","0","17.71","Soul Sacrifice Delta"
"Legendary","9021","Legendary","102000","26400","357","2","100","0","0","3.86","Legendary"
"Furidashi: Drift Cyber Sport","9022","Furidashi: Drift Cyber Sport","102000","60420","142","3","203","0","0","1.69","Furidashi: Drift Cyber Sport"
"Eador: Masters of the Broken World","9023","Eador: Masters of the Broken World","101940","32520","25","2","54","0","0","3.13","Eador: Masters of the Broken World"
"Army Men RTS","9024","Army Men RTS","101940","10680","294","2","52","0","0","9.54","Army Men RTS"
"Dungeon Crowley","9025","Dungeon Crowley","101940","5220","542","2","39","0","0","19.53","Dungeon Crowley"
"Generator Rex: Agent of Providence","9026","Generator Rex: Agent of Providence","101880","1440","394","1","5","0","0","70.75","Generator Rex: Agent of Providence"
"ESWAT: City Under Siege","9027","ESWAT: City Under Siege","101820","1020","1747","1","11","0","0","99.82","ESWAT: City Under Siege"
"Super House of Dead Ninjas","9028","Super House of Dead Ninjas","101820","36360","232","3","123","0","0","2.8","Super House of Dead Ninjas"
"Wimmelbild-Box Mystery","9029","Wimmelbild-Box Mystery","101760","36780","16","2","28","0","0","2.77","Wimmelbild-Box Mystery"
"Anime Girls VR","9030","Anime Girls VR","101640","24960","228","2","53","0","0","4.07","Anime Girls VR"
"Instant Death","9031","Instant Death","101400","2580","863","2","23","0","0","39.3","Instant Death"
"Nicktoons Racing","9032","Nicktoons Racing","101400","13320","458","2","21","0","0","7.61","Nicktoons Racing"
"Itch!","9033","Itch!","101400","2940","539","1","15","0","0","34.49","Itch!"
"Zezenia Online","9034","Zezenia Online","101400","38280","15","2","43","0","0","2.65","Zezenia Online"
"The Kore Gang: Outvasion from Inner Earth","9035","The Kore Gang: Outvasion from Inner Earth","101280","1980","94","1","3","0","0","51.15","The Kore Gang: Outvasion from Inner Earth"
"Mind the Vikings","9036","Mind the Vikings","101280","3660","596","2","31","0","0","27.67","Mind the Vikings"
"Don Bradman Cricket 14","9037","Don Bradman Cricket 14","101220","10200","305","2","41","0","0","9.92","Don Bradman Cricket 14"
"Theatrhythm Final Fantasy","9038","Theatrhythm Final Fantasy","101100","4920","801","2","17","0","0","20.55","Theatrhythm Final Fantasy"
"Rising Zan: The Samurai Gunman","9039","Rising Zan: The Samurai Gunman","101100","5040","198","4","19","0","0","20.06","Rising Zan: The Samurai Gunman"
"What The Heck, Dude?","9040","What The Heck, Dude?","101100","12240","199","2","25","0","0","8.26","What The Heck, Dude?"
"Ultima VIII: Pagan","9041","Ultima VIII: Pagan","101040","7680","240","1","16","0","0","13.16","Ultima VIII: Pagan"
"Samurai Warriors 4-II","9042","Samurai Warriors 4-II","101040","71040","22","3","178","0","0","1.42","Samurai Warriors 4-II"
"Swords & Serpents","9043","Swords & Serpents","100920","2040","1490","1","5","0","0","49.47","Swords & Serpents"
"Animal Crossing: Amiibo Festival","9044","Animal Crossing: Amiibo Festival","100860","11340","199","2","58","0","0","8.89","Animal Crossing: Amiibo Festival"
"Warlock II: The Exiled","9045","Warlock II: The Exiled","100860","11760","1120","2","16","0","0","8.58","Warlock II: The Exiled"
"Giraffe Town","9046","Giraffe Town","100860","1500","1397","2","11","0","0","67.24","Giraffe Town"
"Dungeon Siege II: Broken World","9047","Dungeon Siege II: Broken World","100800","11220","415","2","43","0","0","8.98","Dungeon Siege II: Broken World"
"BioShock Infinite: Industrial Revolution","9048","BioShock Infinite: Industrial Revolution","100740","3180","317","1","11","0","0","31.68","BioShock Infinite: Industrial Revolution"
"MU Origin","9049","MU Origin","100740","54720","351","2","61","0","0","1.84","MU Origin"
"Cooking Mama 4: Kitchen Magic","9050","Cooking Mama 4: Kitchen Magic","100560","2820","320","1","18","0","0","35.66","Cooking Mama 4: Kitchen Magic"
"Snow Moto Racing","9051","Snow Moto Racing","100500","2760","1745","1","3","0","0","36.41","Snow Moto Racing"
"Yakuza Online","9052","Yakuza Online","100440","4500","598","3","17","0","0","22.32","Yakuza Online"
"Zenge","9053","Zenge","100320","7260","530","1","52","0","0","13.82","Zenge"
"Metal Black","9054","Metal Black","100320","2760","147","1","11","0","0","36.35","Metal Black"
"Pink Hour","9055","Pink Hour","100320","2520","846","3","21","0","0","39.81","Pink Hour"
"Darkened Skye","9056","Darkened Skye","100320","3240","120","1","12","0","0","30.96","Darkened Skye"
"Assassin's Creed Chronicles","9057","Assassin's Creed Chronicles","100260","18240","155","3","79","0","0","5.5","Assassin's Creed Chronicles"
"iGrow Game","9058","iGrow Game","99960","69960","297","1","9","0","0","1.43","iGrow Game"
"Dark Arcana: The Carnival","9059","Dark Arcana: The Carnival","99960","9480","264","1","36","0","0","10.54","Dark Arcana: The Carnival"
"The Flintstones: The Movie","9060","The Flintstones: The Movie","99960","1380","2158","2","9","0","0","72.43","The Flintstones: The Movie"
"Puchiguru Love Live!","9061","Puchiguru Love Live!","99900","7020","132","2","27","0","0","14.23","Puchiguru Love Live!"
"Streets of Fury","9062","Streets of Fury","99840","10080","197","2","60","0","0","9.9","Streets of Fury"
"Sega Heroes","9063","Sega Heroes","99840","4920","240","2","22","0","0","20.29","Sega Heroes"
"NBA Live 14","9064","NBA Live 14","99780","6120","900","1","25","0","0","16.3","NBA Live 14"
"Bombernauts","9065","Bombernauts","99780","4140","320","3","35","0","0","24.1","Bombernauts"
"Mushihime-sama Futari","9066","Mushihime-sama Futari","99720","18780","63","2","27","0","0","5.31","Mushihime-sama Futari"
"Marvel Heroes Omega","9067","Marvel Heroes Omega","99720","42780","150","2","105","0","0","2.33","Marvel Heroes Omega"
"Need for Speed: Most Wanted 5-1-0","9068","Need for Speed: Most Wanted 5-1-0","99660","6540","441","1","37","0","0","15.24","Need for Speed: Most Wanted 5-1-0"
"Photonic Distress","9069","Photonic Distress","99540","4680","441","2","27","0","0","21.27","Photonic Distress"
"Luftrausers","9070","Luftrausers","99480","42480","660","2","94","0","0","2.34","Luftrausers"
"Lester the Unlikely","9071","Lester the Unlikely","99480","4980","946","1","16","0","0","19.98","Lester the Unlikely"
"Descent II","9072","Descent II","99420","15240","139","4","40","0","0","6.52","Descent II"
"Flywrench","9073","Flywrench","99420","17520","89","3","27","0","0","5.67","Flywrench"
"Commodore","9074","Commodore","99360","33180","33","2","31","0","0","2.99","Commodore"
"Jumper: Griffin's Story","9075","Jumper: Griffin's Story","99240","3660","1078","2","11","0","0","27.11","Jumper: Griffin's Story"
"Frostbite","9076","Frostbite","99240","7380","180","3","58","0","0","13.45","Frostbite"
"I heart Geeks!","9077","I heart Geeks!","99240","180","1678","1","2","0","0","551.33","I heart Geeks!"
"Bannermen","9078","Bannermen","99240","4620","289","3","24","0","0","21.48","Bannermen"
"Skylanders Imaginators","9079","Skylanders Imaginators","99180","74640","20","4","288","0","0","1.33","Skylanders Imaginators"
"MapleRoyals","9080","MapleRoyals","99120","42600","52","3","88","0","0","2.33","MapleRoyals"
"Raiden V","9081","Raiden V","99120","14880","85","2","65","0","0","6.66","Raiden V"
"Just Ski","9082","Just Ski","99000","1080","631","1","8","0","0","91.67","Just Ski"
"Fatty Bear's Birthday Surprise","9083","Fatty Bear's Birthday Surprise","99000","3900","643","2","32","0","0","25.38","Fatty Bear's Birthday Surprise"
"Curve Fever","9084","Curve Fever","98940","15060","154","3","88","0","0","6.57","Curve Fever"
"A Kingdom for Keflings","9085","A Kingdom for Keflings","98940","6660","298","2","36","0","0","14.86","A Kingdom for Keflings"
"Programming CTF","9086","Programming CTF","98940","38940","78","3","127","0","0","2.54","Programming CTF"
".hack//G.U. Vol. 1: Rebirth","9087",".hack//G.U. Vol. 1: Rebirth","98880","40920","73","3","96","0","0","2.42",".hack//G.U. Vol. 1: Rebirth"
"Iron Man","9088","Iron Man","98880","5520","605","1","28","0","0","17.91","Iron Man"
"Black Desert","9089","Black Desert","98820","53100","113","19","975","0","0","1.86","Black Desert"
"Front Mission","9090","Front Mission","98760","23640","53","2","37","0","0","4.18","Front Mission"
"Bowling","9091","Bowling","98760","20160","176","2","55","0","0","4.9","Bowling"
"Tecmo Super Bowl III: Final Edition","9092","Tecmo Super Bowl III: Final Edition","98640","14160","64","2","13","0","0","6.97","Tecmo Super Bowl III: Final Edition"
"Asphalt 8","9093","Asphalt 8","98640","159000","68","5","702","0","0","0.62","Asphalt 8"
"LEGO Indiana Jones 2: The Adventure Continues","9094","LEGO Indiana Jones 2: The Adventure Continues","98640","40800","26","4","127","0","0","2.42","LEGO Indiana Jones 2: The Adventure Continues"
"Low Magic Age","9095","Low Magic Age","98640","14100","193","3","40","0","0","7","Low Magic Age"
"BaBa Is You","9096","BaBa Is You","98460","2400","660","2","27","0","0","41.03","BaBa Is You"
"Bob The Builder: Bob's Busy Day","9097","Bob The Builder: Bob's Busy Day","98460","3180","647","2","15","0","0","30.96","Bob The Builder: Bob's Busy Day"
"Rudra no Hihou","9098","Rudra no Hihou","98400","13680","163","1","16","0","0","7.19","Rudra no Hihou"
"M.C. Kids","9099","M.C. Kids","98340","11880","302","2","30","0","0","8.28","M.C. Kids"
"Liberal Crime Squad","9100","Liberal Crime Squad","98280","1920","331","1","6","0","0","51.19","Liberal Crime Squad"