"","","Game","Watch time","Stream time","Peak viewers","Peak channels","Streamers","Average viewers","Average channels","Average viewer ratio",""
"The Franz Kafka Videogame","11301","The Franz Kafka Videogame","45600","1200","243","1","11","0","0","38","The Franz Kafka Videogame"
"Worldwide Soccer Manager 2006","11302","Worldwide Soccer Manager 2006","45540","60","759","1","1","0","0","759","Worldwide Soccer Manager 2006"
"Dr. Mario Online RX","11303","Dr. Mario Online RX","45540","1140","720","1","7","0","0","39.95","Dr. Mario Online RX"
"The Sandman","11304","The Sandman","45540","9180","50","1","27","0","0","4.96","The Sandman"
"Rockman EXE Operate Shooting Star","11305","Rockman EXE Operate Shooting Star","45540","12000","101","3","33","0","0","3.8","Rockman EXE Operate Shooting Star"
"Chuzzle Deluxe","11306","Chuzzle Deluxe","45540","4140","470","1","25","0","0","11","Chuzzle Deluxe"
"'Splosion Man","11307","'Splosion Man","45540","4860","100","1","43","0","0","9.37","'Splosion Man"
"The Thin Silence","11308","The Thin Silence","45540","6600","49","3","30","0","0","6.9","The Thin Silence"
"Blood Strike","11309","Blood Strike","45540","30060","29","2","105","0","0","1.51","Blood Strike"
"Blast Zone! Tournament","11310","Blast Zone! Tournament","45540","2880","271","1","23","0","0","15.81","Blast Zone! Tournament"
"Alaska","11311","Alaska","45480","1620","118","1","7","0","0","28.07","Alaska"
"Knights of the Temple: Infernal Crusade","11312","Knights of the Temple: Infernal Crusade","45480","5340","75","1","10","0","0","8.52","Knights of the Temple: Infernal Crusade"
"Sorry!","11313","Sorry!","45480","1140","251","1","15","0","0","39.89","Sorry!"
"Fire","11314","Fire","45420","4860","111","2","34","0","0","9.35","Fire"
"Orbital Gear","11315","Orbital Gear","45420","3660","620","2","29","0","0","12.41","Orbital Gear"
"Cat Sorter VR","11316","Cat Sorter VR","45360","2280","218","1","17","0","0","19.89","Cat Sorter VR"
"Call of the Starseed","11317","Call of the Starseed","45300","2340","121","2","14","0","0","19.36","Call of the Starseed"
"UEFA Dream Soccer","11318","UEFA Dream Soccer","45300","1560","419","1","10","0","0","29.04","UEFA Dream Soccer"
"Metal Gear Ac!d 2","11319","Metal Gear Ac!d 2","45300","6240","111","1","17","0","0","7.26","Metal Gear Ac!d 2"
"Devil Dice","11320","Devil Dice","45300","3480","81","2","11","0","0","13.02","Devil Dice"
"Mighty Gunvolt","11321","Mighty Gunvolt","45240","8220","269","2","34","0","0","5.5","Mighty Gunvolt"
"Mitsurugi Kamui Hikae","11322","Mitsurugi Kamui Hikae","45240","17760","269","2","110","0","0","2.55","Mitsurugi Kamui Hikae"
"The Mafat Conspiracy","11323","The Mafat Conspiracy","45180","780","300","1","5","0","0","57.92","The Mafat Conspiracy"
"Codename: Kids Next Door - Operation: V.I.D.E.O.G.A.M.E.","11324","Codename: Kids Next Door - Operation: V.I.D.E.O.G.A.M.E.","45180","6180","123","2","26","0","0","7.31","Codename: Kids Next Door - Operation: V.I.D.E.O.G.A.M.E."
"Hatman","11325","Hatman","45180","2340","475","1","7","0","0","19.31","Hatman"
"Epic Snails","11326","Epic Snails","45180","4080","492","2","26","0","0","11.07","Epic Snails"
"Skiing","11327","Skiing","45120","426300","6","2","6","0","0","0.11","Skiing"
"Rescue: The Embassy Mission","11328","Rescue: The Embassy Mission","45120","1560","355","1","11","0","0","28.92","Rescue: The Embassy Mission"
"C64 Classix","11329","C64 Classix","45120","8580","249","2","25","0","0","5.26","C64 Classix"
"Mystic Defender","11330","Mystic Defender","45060","960","127","1","7","0","0","46.94","Mystic Defender"
"Mario Kart Arcade GP 2","11331","Mario Kart Arcade GP 2","45060","1680","255","1","13","0","0","26.82","Mario Kart Arcade GP 2"
"The Lost World: Jurassic Park","11332","The Lost World: Jurassic Park","45060","7500","311","3","37","0","0","6.01","The Lost World: Jurassic Park"
"Sakura Angels","11333","Sakura Angels","45060","4860","82","2","21","0","0","9.27","Sakura Angels"
"Evangelion Shin Gekijouban 3nd Impact","11334","Evangelion Shin Gekijouban 3nd Impact","45000","1620","236","1","11","0","0","27.78","Evangelion Shin Gekijouban 3nd Impact"
"Skate or Die","11335","Skate or Die","45000","240","534","1","3","0","0","187.5","Skate or Die"
"Valhalla Knights","11336","Valhalla Knights","45000","1380","165","1","5","0","0","32.61","Valhalla Knights"
"Vandal Hearts II","11337","Vandal Hearts II","45000","11520","110","2","20","0","0","3.91","Vandal Hearts II"
"Tales of Rebirth","11338","Tales of Rebirth","45000","20280","25","1","13","0","0","2.22","Tales of Rebirth"
"Tropico 3","11339","Tropico 3","44940","14160","34","2","51","0","0","3.17","Tropico 3"
"FIFA Soccer 07","11340","FIFA Soccer 07","44940","6240","608","1","41","0","0","7.2","FIFA Soccer 07"
"Fury","11341","Fury","44940","5460","122","1","43","0","0","8.23","Fury"
"Mouth Sweet","11342","Mouth Sweet","44940","720","379","1","6","0","0","62.42","Mouth Sweet"
"orbt xl","11343","orbt xl","44880","3840","578","1","48","0","0","11.69","orbt xl"
"Grief Syndrome","11344","Grief Syndrome","44880","16440","23","2","62","0","0","2.73","Grief Syndrome"
"Small World 2","11345","Small World 2","44820","7320","24","2","36","0","0","6.12","Small World 2"
"Aion: Echoes of Eternity","11346","Aion: Echoes of Eternity","44820","22440","18","2","54","0","0","2","Aion: Echoes of Eternity"
"Company of Heroes Online","11347","Company of Heroes Online","44760","20820","26","2","25","0","0","2.15","Company of Heroes Online"
"Hungry Shark Evolution","11348","Hungry Shark Evolution","44760","10140","155","1","46","0","0","4.41","Hungry Shark Evolution"
"Barbie Explorer","11349","Barbie Explorer","44760","14700","46","2","36","0","0","3.04","Barbie Explorer"
"Lego Creator","11350","Lego Creator","44700","18420","38","2","43","0","0","2.43","Lego Creator"
"Fur Fighters: Viggo's Revenge","11351","Fur Fighters: Viggo's Revenge","44700","5940","80","1","15","0","0","7.53","Fur Fighters: Viggo's Revenge"
"Eyes - The Horror Game","11352","Eyes - The Horror Game","44700","18840","203","2","162","0","0","2.37","Eyes - The Horror Game"
"Yu-Gi-Oh! 5D's Stardust Accelerator: World Championship 2009","11353","Yu-Gi-Oh! 5D's Stardust Accelerator: World Championship 2009","44700","2580","68","2","12","0","0","17.33","Yu-Gi-Oh! 5D's Stardust Accelerator: World Championship 2009"
"The Beatles: Rock Band","11354","The Beatles: Rock Band","44700","9840","30","2","44","0","0","4.54","The Beatles: Rock Band"
"I.M. Meen","11355","I.M. Meen","44640","900","106","1","1","0","0","49.6","I.M. Meen"
"Triple Action","11356","Triple Action","44640","360","781","1","3","0","0","124","Triple Action"
"Candy Land / Chutes & Ladders / Original Memory Game","11357","Candy Land / Chutes & Ladders / Original Memory Game","44640","420","458","1","3","0","0","106.29","Candy Land / Chutes & Ladders / Original Memory Game"
"Atom Universe","11358","Atom Universe","44640","37320","183","3","239","0","0","1.2","Atom Universe"
"Shikhondo: Soul Eater","11359","Shikhondo: Soul Eater","44640","7680","95","2","57","0","0","5.81","Shikhondo: Soul Eater"
"99Floors","11360","99Floors","44640","12840","263","2","25","0","0","3.48","99Floors"
"Ready Player Fuck","11361","Ready Player Fuck","44580","1800","770","1","15","0","0","24.77","Ready Player Fuck"
"VOI","11362","VOI","44580","1380","430","2","12","0","0","32.3","VOI"
"Xena: Warrior Princess","11363","Xena: Warrior Princess","44580","4320","157","1","22","0","0","10.32","Xena: Warrior Princess"
"NHL 06","11364","NHL 06","44580","1980","76","1","14","0","0","22.52","NHL 06"
"sU and the Quest for Meaning","11365","sU and the Quest for Meaning","44580","120","453","1","1","0","0","371.5","sU and the Quest for Meaning"
"Fushigi no Dungeon: Fuurai no Shiren 4","11366","Fushigi no Dungeon: Fuurai no Shiren 4","44520","3300","33","1","1","0","0","13.49","Fushigi no Dungeon: Fuurai no Shiren 4"
"F.E.A.R. Online","11367","F.E.A.R. Online","44520","14760","33","2","65","0","0","3.02","F.E.A.R. Online"
"Battle Cheese","11368","Battle Cheese","44520","120","378","1","3","0","0","371","Battle Cheese"
"The Lost Files of Sherlock Holmes: The Case of the Rose Tattoo","11369","The Lost Files of Sherlock Holmes: The Case of the Rose Tattoo","44520","780","121","1","2","0","0","57.08","The Lost Files of Sherlock Holmes: The Case of the Rose Tattoo"
"Crime Secrets: Crimson Lily","11370","Crime Secrets: Crimson Lily","44460","3600","137","1","17","0","0","12.35","Crime Secrets: Crimson Lily"
"Abyss: The Wraiths of Eden","11371","Abyss: The Wraiths of Eden","44460","14280","39","2","50","0","0","3.11","Abyss: The Wraiths of Eden"
"Fish!","11372","Fish!","44460","9600","162","2","33","0","0","4.63","Fish!"
"A housewife Hiroko Yamaguchi is reborn in the alternative world with her husband","11373","A housewife Hiroko Yamaguchi is reborn in the alternative world with her husband","44400","420","383","1","5","0","0","105.71","A housewife Hiroko Yamaguchi is reborn in the alternative world with her husband"
"Six-Gun Shootout: Gunfights of the Wild West","11374","Six-Gun Shootout: Gunfights of the Wild West","44400","180","740","1","2","0","0","246.67","Six-Gun Shootout: Gunfights of the Wild West"
"Pro Fishing Challenge","11375","Pro Fishing Challenge","44400","7140","86","5","29","0","0","6.22","Pro Fishing Challenge"
"Trailer Park King 3DD","11376","Trailer Park King 3DD","44400","300","235","1","2","0","0","148","Trailer Park King 3DD"
"Martial Masters","11377","Martial Masters","44340","1740","257","1","6","0","0","25.48","Martial Masters"
"NeoGeo Battle Coliseum","11378","NeoGeo Battle Coliseum","44340","11400","146","1","56","0","0","3.89","NeoGeo Battle Coliseum"
"Mars: War Logs","11379","Mars: War Logs","44340","16500","29","2","52","0","0","2.69","Mars: War Logs"
"Taiko no Tatsujin: V Version","11380","Taiko no Tatsujin: V Version","44340","2880","176","1","19","0","0","15.4","Taiko no Tatsujin: V Version"
"Capcom vs. SNK: Millennium Fight 2000","11381","Capcom vs. SNK: Millennium Fight 2000","44280","4560","319","1","36","0","0","9.71","Capcom vs. SNK: Millennium Fight 2000"
"Winning Eleven World Soccer","11382","Winning Eleven World Soccer","44280","8160","151","2","34","0","0","5.43","Winning Eleven World Soccer"
"Realms of Arkania Vol. 2: Star Trail","11383","Realms of Arkania Vol. 2: Star Trail","44280","1260","194","1","4","0","0","35.14","Realms of Arkania Vol. 2: Star Trail"
"Infinite Flight","11384","Infinite Flight","44280","90360","14","4","111","0","0","0.49","Infinite Flight"
"Sherlock Holmes Adventure","11385","Sherlock Holmes Adventure","44280","1680","204","1","8","0","0","26.36","Sherlock Holmes Adventure"
"Demon Hunter: Chronicles From Beyond","11386","Demon Hunter: Chronicles From Beyond","44220","4860","47","1","16","0","0","9.1","Demon Hunter: Chronicles From Beyond"
"Boku no Hero Academia: Battle for All","11387","Boku no Hero Academia: Battle for All","44160","4440","141","2","35","0","0","9.95","Boku no Hero Academia: Battle for All"
"100% Hidden Objects","11388","100% Hidden Objects","44160","9480","19","2","13","0","0","4.66","100% Hidden Objects"
"Relic Hunters Zero","11389","Relic Hunters Zero","44160","32400","15","2","205","0","0","1.36","Relic Hunters Zero"
"Tales of Monkey Island Chapter 3: Lair of the Leviathan","11390","Tales of Monkey Island Chapter 3: Lair of the Leviathan","44160","7860","55","2","35","0","0","5.62","Tales of Monkey Island Chapter 3: Lair of the Leviathan"
"Driv3r","11391","Driv3r","44160","11400","28","2","42","0","0","3.87","Driv3r"
"Tasty Planet","11392","Tasty Planet","44160","5640","164","2","38","0","0","7.83","Tasty Planet"
"Gunman Clive","11393","Gunman Clive","44160","4560","210","1","21","0","0","9.68","Gunman Clive"
"Nation Red","11394","Nation Red","44100","11160","71","2","77","0","0","3.95","Nation Red"
"Skate It","11395","Skate It","44100","1860","827","1","8","0","0","23.71","Skate It"
"Klonoa","11396","Klonoa","44100","12840","18","2","52","0","0","3.43","Klonoa"
"Return to Mysterious Island","11397","Return to Mysterious Island","44100","5340","49","1","18","0","0","8.26","Return to Mysterious Island"
"Deep Ones","11398","Deep Ones","44100","9600","123","3","55","0","0","4.59","Deep Ones"
"Petz Sports: Dog Playground","11399","Petz Sports: Dog Playground","44040","540","274","1","4","0","0","81.56","Petz Sports: Dog Playground"
"Song of the Myrne: What Lies Beneath","11400","Song of the Myrne: What Lies Beneath","44040","900","743","1","4","0","0","48.93","Song of the Myrne: What Lies Beneath"