"","","Game","Watch time","Stream time","Peak viewers","Peak channels","Streamers","Average viewers","Average channels","Average viewer ratio",""
"Kingdom Hearts 3D: Dream Drop Distance","2301","Kingdom Hearts 3D: Dream Drop Distance","3440460","195780","6159","5","439","6","0","17.57","Kingdom Hearts 3D: Dream Drop Distance"
"The Spiral Scouts","2302","The Spiral Scouts","3438060","70440","2329","10","201","6","0","48.81","The Spiral Scouts"
"Future Unfolding","2303","Future Unfolding","3435780","331140","421","2","12","6","0","10.38","Future Unfolding"
"Another Lost Phone: Laura's Story","2304","Another Lost Phone: Laura's Story","3432180","13500","13538","4","70","6","0","254.24","Another Lost Phone: Laura's Story"
"Where the Water Tastes Like Wine","2305","Where the Water Tastes Like Wine","3431580","71400","4069","6","277","6","0","48.06","Where the Water Tastes Like Wine"
"Empires Apart","2306","Empires Apart","3430560","86520","2229","11","276","6","0","39.65","Empires Apart"
"Sly Cooper and the Thievius Raccoonus","2307","Sly Cooper and the Thievius Raccoonus","3429180","318600","948","8","593","6","0","10.76","Sly Cooper and the Thievius Raccoonus"
"Obscure","2308","Obscure","3417540","125220","5903","4","479","6","0","27.29","Obscure"
"Maximo: Ghosts to Glory","2309","Maximo: Ghosts to Glory","3406860","17700","4322","2","64","6","0","192.48","Maximo: Ghosts to Glory"
"The Alchemist Code","2310","The Alchemist Code","3399840","339900","317","7","218","6","0","10","The Alchemist Code"
"Risk","2311","Risk","3398280","103860","4877","5","421","6","0","32.72","Risk"
"Rubik's Cube","2312","Rubik's Cube","3393360","142740","5726","4","305","6","0","23.77","Rubik's Cube"
"Zombi","2313","Zombi","3393180","732000","1496","48","4236","6","1","4.64","Zombi"
"Windjammers","2314","Windjammers","3393000","104760","9088","3","285","6","0","32.39","Windjammers"
"Thimbleweed Park","2315","Thimbleweed Park","3392340","298080","1109","6","635","6","0","11.38","Thimbleweed Park"
"Banjo-Kazooie: Nuts & Bolts","2316","Banjo-Kazooie: Nuts & Bolts","3390660","76440","874","3","111","6","0","44.36","Banjo-Kazooie: Nuts & Bolts"
"Mystical Ninja Starring Goemon","2317","Mystical Ninja Starring Goemon","3386880","165480","4642","4","223","6","0","20.47","Mystical Ninja Starring Goemon"
"Maize","2318","Maize","3384180","86940","9618","4","378","6","0","38.93","Maize"
"Fire Emblem Warriors","2319","Fire Emblem Warriors","3383880","421440","4580","17","1038","6","0","8.03","Fire Emblem Warriors"
"Madness","2320","Madness","3382980","4080","3458","2","16","6","0","829.16","Madness"
"Darwin's Test","2321","Darwin's Test","3381900","3900","24992","3","26","6","0","867.15","Darwin's Test"
"Omensight","2322","Omensight","3373500","230400","19622","30","751","6","0","14.64","Omensight"
"The Price is Right","2323","The Price is Right","3371400","13980","4993","2","21","6","0","241.16","The Price is Right"
"Regions of Ruin","2324","Regions of Ruin","3370860","100020","6044","10","422","6","0","33.7","Regions of Ruin"
"RIVAL: Crimson x Chaos","2325","RIVAL: Crimson x Chaos","3370080","36600","24382","2","30","6","0","92.08","RIVAL: Crimson x Chaos"
"Spider-Man","2326","Spider-Man","3365820","388320","2775","104","2482","6","0","8.67","Spider-Man"
"Who Am I: The Tale of Dorothy","2327","Who Am I: The Tale of Dorothy","3364740","31200","3328","3","159","6","0","107.84","Who Am I: The Tale of Dorothy"
"Digimon Story: Cyber Sleuth","2328","Digimon Story: Cyber Sleuth","3363780","371340","527","8","1668","6","0","9.06","Digimon Story: Cyber Sleuth"
"Kingdom Hearts Re:Chain of Memories","2329","Kingdom Hearts Re:Chain of Memories","3363300","407520","1887","10","738","6","0","8.25","Kingdom Hearts Re:Chain of Memories"
"Human Resource Machine","2330","Human Resource Machine","3358980","78540","4022","4","397","6","0","42.77","Human Resource Machine"
"DmC Devil May Cry: Definitive Edition","2331","DmC Devil May Cry: Definitive Edition","3357900","357780","10950","6","3058","6","0","9.39","DmC Devil May Cry: Definitive Edition"
"The Works of Mercy","2332","The Works of Mercy","3353940","22440","7376","9","185","6","0","149.46","The Works of Mercy"
"Tale of Wuxia","2333","Tale of Wuxia","3351960","42660","3130","2","52","6","0","78.57","Tale of Wuxia"
"Prince of Persia: The Sands of Time","2334","Prince of Persia: The Sands of Time","3351780","229920","22049","8","750","6","0","14.58","Prince of Persia: The Sands of Time"
"Jump Force","2335","Jump Force","3344040","91200","8123","165","564","6","0","36.67","Jump Force"
"The Hunter: Primal","2336","The Hunter: Primal","3343080","23760","6565","6","136","6","0","140.7","The Hunter: Primal"
"Wrongworld","2337","Wrongworld","3341700","33840","14303","3","120","6","0","98.75","Wrongworld"
"Shin Megami Tensei: Persona 4","2338","Shin Megami Tensei: Persona 4","3341160","569640","223","7","757","6","1","5.87","Shin Megami Tensei: Persona 4"
"Kingdoms of Amalur: Reckoning","2339","Kingdoms of Amalur: Reckoning","3336180","677640","1049","12","1697","6","1","4.92","Kingdoms of Amalur: Reckoning"
"Hatsune Miku: Project DIVA F 2nd","2340","Hatsune Miku: Project DIVA F 2nd","3336060","187200","2117","4","257","6","0","17.82","Hatsune Miku: Project DIVA F 2nd"
"Nintendo Labo Robot Kit","2341","Nintendo Labo Robot Kit","3333600","20460","3342","6","80","6","0","162.93","Nintendo Labo Robot Kit"
"Uncharted Waters Online","2342","Uncharted Waters Online","3327960","285720","451","5","160","6","0","11.65","Uncharted Waters Online"
"Roundabout","2343","Roundabout","3327240","55260","100709","8","429","6","0","60.21","Roundabout"
"Serial Cleaner","2344","Serial Cleaner","3326940","94500","6587","6","636","6","0","35.21","Serial Cleaner"
"Saints Row 2","2345","Saints Row 2","3315600","430020","3737","8","1580","6","0","7.71","Saints Row 2"
"Monster Hunter Generations","2346","Monster Hunter Generations","3312720","296400","2891","36","465","6","0","11.18","Monster Hunter Generations"
"Red Dead Redemption: Undead Nightmare","2347","Red Dead Redemption: Undead Nightmare","3305220","122400","1887","10","409","6","0","27","Red Dead Redemption: Undead Nightmare"
"Survive the Nights","2348","Survive the Nights","3304440","172680","29805","13","631","6","0","19.14","Survive the Nights"
"Breath of Fire II","2349","Breath of Fire II","3304200","146640","2002","4","135","6","0","22.53","Breath of Fire II"
"Rhythm Heaven","2350","Rhythm Heaven","3303240","22320","7475","2","104","6","0","147.99","Rhythm Heaven"
"Avorion","2351","Avorion","3300540","712200","747","11","897","6","1","4.63","Avorion"
"Gundam Versus","2352","Gundam Versus","3300000","433320","785","12","575","6","0","7.62","Gundam Versus"
"Dungeon Magic","2353","Dungeon Magic","3298800","1620","83337","10","12","6","0","2036.3","Dungeon Magic"
"Marble Racing","2354","Marble Racing","3295980","46620","4046","5","236","6","0","70.7","Marble Racing"
"Spyfall","2355","Spyfall","3295140","15060","4023","7","96","6","0","218.8","Spyfall"
"Tangledeep","2356","Tangledeep","3291540","180300","3564","12","481","6","0","18.26","Tangledeep"
"Star Ocean Anamnesis","2357","Star Ocean Anamnesis","3289980","237180","1117","13","248","6","0","13.87","Star Ocean Anamnesis"
"Daylight","2358","Daylight","3289260","118020","18874","4","813","6","0","27.87","Daylight"
"Gun Gladiators","2359","Gun Gladiators","3285780","3060","14574","2","11","6","0","1073.78","Gun Gladiators"
"The X-Files: Resist or Serve","2360","The X-Files: Resist or Serve","3281520","15900","4642","2","49","6","0","206.38","The X-Files: Resist or Serve"
"Grand Theft Auto","2361","Grand Theft Auto","3281340","291060","1960","6","1497","6","0","11.27","Grand Theft Auto"
"Muv-Luv","2362","Muv-Luv","3280200","37500","3033","3","39","6","0","87.47","Muv-Luv"
"Super Bunny","2363","Super Bunny","3280200","22680","6278","2","115","6","0","144.63","Super Bunny"
"Osiris: New Dawn","2364","Osiris: New Dawn","3279660","521880","938","14","1750","6","0","6.28","Osiris: New Dawn"
"Cursed Castilla (Maldita Castilla EX)","2365","Cursed Castilla (Maldita Castilla EX)","3277740","60540","13561","3","333","6","0","54.14","Cursed Castilla (Maldita Castilla EX)"
"Crap Attack","2366","Crap Attack","3277020","2400","4530","2","7","6","0","1365.43","Crap Attack"
"Warcraft II: Tides of Darkness","2367","Warcraft II: Tides of Darkness","3274860","204960","4734","4","217","6","0","15.98","Warcraft II: Tides of Darkness"
"Ride to Hell: Retribution","2368","Ride to Hell: Retribution","3274140","25020","4546","3","55","6","0","130.86","Ride to Hell: Retribution"
"Donkey Kong","2369","Donkey Kong","3270180","426660","5800","7","454","6","0","7.66","Donkey Kong"
"Pizza Titan Ultra","2370","Pizza Titan Ultra","3268320","37260","29196","3","208","6","0","87.72","Pizza Titan Ultra"
"Unholy Heights","2371","Unholy Heights","3253740","32280","3823","2","132","6","0","100.8","Unholy Heights"
"Beyblade VForce: Ultimate Blader Jam","2372","Beyblade VForce: Ultimate Blader Jam","3251460","6180","44969","4","20","6","0","526.13","Beyblade VForce: Ultimate Blader Jam"
"Crazy Machines 3","2373","Crazy Machines 3","3249300","65700","4719","4","382","6","0","49.46","Crazy Machines 3"
"Golden Sun","2374","Golden Sun","3248640","360180","1094","7","639","6","0","9.02","Golden Sun"
"Worms Ultimate Mayhem","2375","Worms Ultimate Mayhem","3242700","51720","10030","5","376","6","0","62.7","Worms Ultimate Mayhem"
"Mega Man 4","2376","Mega Man 4","3238860","255720","2420","7","495","6","0","12.67","Mega Man 4"
"FIFA 16","2377","FIFA 16","3229680","405900","11161","8","2748","6","0","7.96","FIFA 16"
"Survival Arena","2378","Survival Arena","3229440","4620","8727","1","24","6","0","699.01","Survival Arena"
"Boku no Natsuyasumi 2: Umi no Dai Bouken","2379","Boku no Natsuyasumi 2: Umi no Dai Bouken","3228720","5160","4330","1","10","6","0","625.72","Boku no Natsuyasumi 2: Umi no Dai Bouken"
"Need for Speed Underground","2380","Need for Speed Underground","3227400","346740","812","8","1212","6","0","9.31","Need for Speed Underground"
"Overlight","2381","Overlight","3218040","11700","961","2","7","6","0","275.05","Overlight"
"Gunbound","2382","Gunbound","3216000","45300","4883","2","163","6","0","70.99","Gunbound"
"Dragon Nest","2383","Dragon Nest","3214680","940260","395","14","1818","6","1","3.42","Dragon Nest"
"Hot Dogs, Horseshoes & Hand Grenades","2384","Hot Dogs, Horseshoes & Hand Grenades","3213060","308820","3347","9","1564","6","0","10.4","Hot Dogs, Horseshoes & Hand Grenades"
"Frantics","2385","Frantics","3212700","9540","9823","2","102","6","0","336.76","Frantics"
"Kingdoms and Castles","2386","Kingdoms and Castles","3210840","441960","2078","12","2285","6","0","7.27","Kingdoms and Castles"
"Super Lucky's Tale","2387","Super Lucky's Tale","3202560","303120","4721","8","1545","6","0","10.57","Super Lucky's Tale"
"Darkstalkers 3","2388","Darkstalkers 3","3199860","65460","7858","3","134","6","0","48.88","Darkstalkers 3"
"XWing Fighter","2389","XWing Fighter","3194820","27420","623","2","15","6","0","116.51","XWing Fighter"
"Sorcery! 3 - The Seven Serpents","2390","Sorcery! 3 - The Seven Serpents","3188880","3120","18298","2","9","6","0","1022.08","Sorcery! 3 - The Seven Serpents"
"Bouncing Over It with Friends","2391","Bouncing Over It with Friends","3187800","17460","14122","4","78","6","0","182.58","Bouncing Over It with Friends"
"Yu-No: Kono Yo no Hate de Koi o Utau Shoujo","2392","Yu-No: Kono Yo no Hate de Koi o Utau Shoujo","3183060","25740","10792","4","32","6","0","123.66","Yu-No: Kono Yo no Hate de Koi o Utau Shoujo"
"Surfing H3O","2393","Surfing H3O","3182940","600","36164","6","7","6","0","5304.9","Surfing H3O"
"Zero Escape: The Nonary Games","2394","Zero Escape: The Nonary Games","3181080","524460","444","9","770","6","0","6.07","Zero Escape: The Nonary Games"
"Syberia","2395","Syberia","3178440","112980","8280","4","288","6","0","28.13","Syberia"
"Lu Bu Maker","2396","Lu Bu Maker","3174540","11640","6788","4","62","6","0","272.73","Lu Bu Maker"
"Fahrenheit","2397","Fahrenheit","3170160","112680","2005","5","394","6","0","28.13","Fahrenheit"
"Dead Rising 2","2398","Dead Rising 2","3170040","549900","1012","8","2079","6","1","5.76","Dead Rising 2"
"Roulette","2399","Roulette","3162000","62760","4813","5","223","6","0","50.38","Roulette"
"The Yawhg","2400","The Yawhg","3161220","17160","13245","4","101","6","0","184.22","The Yawhg"