"","","Game","Watch time","Stream time","Peak viewers","Peak channels","Streamers","Average viewers","Average channels","Average viewer ratio",""
"Ys III: Wanderers from Ys","7301","Ys III: Wanderers from Ys","199980","39900","531","3","73","0","0","5.01","Ys III: Wanderers from Ys"
"Base Wars - Cyber Stadium Series","7302","Base Wars - Cyber Stadium Series","199860","1320","1695","1","7","0","0","151.41","Base Wars - Cyber Stadium Series"
"Shift Quantum","7303","Shift Quantum","199860","13920","148","3","62","0","0","14.36","Shift Quantum"
"Indiana Jones and The Fate of Atlantis: The Action Game","7304","Indiana Jones and The Fate of Atlantis: The Action Game","199620","4380","427","2","18","0","0","45.58","Indiana Jones and The Fate of Atlantis: The Action Game"
"beatmaniaIIDX substream","7305","beatmaniaIIDX substream","199260","362640","12","2","2","0","0","0.55","beatmaniaIIDX substream"
"Superbowl","7306","Superbowl","199140","6420","2738","9","30","0","0","31.02","Superbowl"
"The Lost Child","7307","The Lost Child","199020","32820","136","5","57","0","0","6.06","The Lost Child"
"Cinderella Phenomenon","7308","Cinderella Phenomenon","198900","45960","694","3","156","0","0","4.33","Cinderella Phenomenon"
"Phoenix Wright: Ace Attorney Trilogy","7309","Phoenix Wright: Ace Attorney Trilogy","198900","40260","169","3","85","0","0","4.94","Phoenix Wright: Ace Attorney Trilogy"
"MageQuit","7310","MageQuit","198840","22560","283","6","66","0","0","8.81","MageQuit"
"VTOL VR","7311","VTOL VR","198840","42180","1016","3","216","0","0","4.71","VTOL VR"
"Hello Kitty Kruisers with Sanrio Friends","7312","Hello Kitty Kruisers with Sanrio Friends","198600","10380","1392","2","47","0","0","19.13","Hello Kitty Kruisers with Sanrio Friends"
"The Treasures of Montezuma","7313","The Treasures of Montezuma","198420","2460","323","1","5","0","0","80.66","The Treasures of Montezuma"
"Jeanne d'Arc","7314","Jeanne d'Arc","198300","22860","78","2","27","0","0","8.67","Jeanne d'Arc"
"Red Orchestra: Rising Storm","7315","Red Orchestra: Rising Storm","198300","69300","173","4","387","0","0","2.86","Red Orchestra: Rising Storm"
"Urban Strike","7316","Urban Strike","198300","2160","909","1","13","0","0","91.81","Urban Strike"
"The Tower of Druaga","7317","The Tower of Druaga","198240","4500","482","2","8","0","0","44.05","The Tower of Druaga"
"MechWarrior: Living Legends","7318","MechWarrior: Living Legends","198060","39780","154","3","73","0","0","4.98","MechWarrior: Living Legends"
"Relentless: Twinsen's Adventure","7319","Relentless: Twinsen's Adventure","198060","29880","298","3","41","0","0","6.63","Relentless: Twinsen's Adventure"
"The Black Watchmen","7320","The Black Watchmen","197940","33720","105","3","97","0","0","5.87","The Black Watchmen"
"Crimson Tears","7321","Crimson Tears","197580","1380","1728","1","4","0","0","143.17","Crimson Tears"
"Vampires Dawn: Reign of Blood","7322","Vampires Dawn: Reign of Blood","197580","16380","702","2","41","0","0","12.06","Vampires Dawn: Reign of Blood"
"Operation Flashpoint: Red River","7323","Operation Flashpoint: Red River","197400","16380","2695","2","86","0","0","12.05","Operation Flashpoint: Red River"
"Phantom Breaker: Battle Grounds","7324","Phantom Breaker: Battle Grounds","197400","41460","352","3","253","0","0","4.76","Phantom Breaker: Battle Grounds"
"Transformers: Fall of Cybertron","7325","Transformers: Fall of Cybertron","197400","81060","162","3","297","0","0","2.44","Transformers: Fall of Cybertron"
"Contre Jour","7326","Contre Jour","197280","1380","1841","1","3","0","0","142.96","Contre Jour"
"DDRMAX 2 Dance Dance Revolution","7327","DDRMAX 2 Dance Dance Revolution","197100","5880","1408","2","25","0","0","33.52","DDRMAX 2 Dance Dance Revolution"
"FIFA 10","7328","FIFA 10","196920","5760","1793","2","39","0","0","34.19","FIFA 10"
"Baldies","7329","Baldies","196920","8040","308","3","62","0","0","24.49","Baldies"
"Fat Princess Adventures","7330","Fat Princess Adventures","196800","13800","1449","2","193","0","0","14.26","Fat Princess Adventures"
"Princess Maker","7331","Princess Maker","196740","17160","669","2","78","0","0","11.47","Princess Maker"
"Ninja Pizza Girl","7332","Ninja Pizza Girl","196740","7800","1207","2","50","0","0","25.22","Ninja Pizza Girl"
"Sexy Adventures on Porn Island","7333","Sexy Adventures on Porn Island","196680","52380","184","2","90","0","0","3.75","Sexy Adventures on Porn Island"
"Guilt Battle Arena","7334","Guilt Battle Arena","196680","1620","3167","1","16","0","0","121.41","Guilt Battle Arena"
"No More Heroes 2: Desperate Struggle","7335","No More Heroes 2: Desperate Struggle","196560","37920","109","2","81","0","0","5.18","No More Heroes 2: Desperate Struggle"
"Manic Miner","7336","Manic Miner","196560","1680","610","1","9","0","0","117","Manic Miner"
"1954: Alcatraz","7337","1954: Alcatraz","196500","19200","265","2","75","0","0","10.23","1954: Alcatraz"
"Kane & Lynch 2: Dog Days","7338","Kane & Lynch 2: Dog Days","196380","59040","170","4","282","0","0","3.33","Kane & Lynch 2: Dog Days"
"The Red Solstice","7339","The Red Solstice","196320","70380","491","10","319","0","0","2.79","The Red Solstice"
"Sausage Sports Club","7340","Sausage Sports Club","196260","4680","823","2","36","0","0","41.94","Sausage Sports Club"
"Cosmochoria","7341","Cosmochoria","196200","900","1443","1","8","0","0","218","Cosmochoria"
"Sound Voltex IV: Heavenly Haven","7342","Sound Voltex IV: Heavenly Haven","196140","595620","42","4","57","0","1","0.33","Sound Voltex IV: Heavenly Haven"
"Aria's Story","7343","Aria's Story","195960","18300","147","2","55","0","0","10.71","Aria's Story"
"*N Sync: Get to the Show","7344","*N Sync: Get to the Show","195900","960","1714","1","4","0","0","204.06","*N Sync: Get to the Show"
"Villagers and Heroes","7345","Villagers and Heroes","195900","29520","168","2","87","0","0","6.64","Villagers and Heroes"
"Dune II: The Building of a Dynasty","7346","Dune II: The Building of a Dynasty","195780","25320","606","2","52","0","0","7.73","Dune II: The Building of a Dynasty"
"Mega Man Battle Network Chrono X","7347","Mega Man Battle Network Chrono X","195720","43740","169","11","110","0","0","4.47","Mega Man Battle Network Chrono X"
"Star Trek: The Video Game","7348","Star Trek: The Video Game","195720","4500","719","3","12","0","0","43.49","Star Trek: The Video Game"
"Accel World VS Sword Art Online: Chitose no Tasogare","7349","Accel World VS Sword Art Online: Chitose no Tasogare","195600","76860","245","3","252","0","0","2.54","Accel World VS Sword Art Online: Chitose no Tasogare"
"Dragon Saga","7350","Dragon Saga","195540","62460","152","3","90","0","0","3.13","Dragon Saga"
"Pixel Piracy","7351","Pixel Piracy","195540","57600","133","3","271","0","0","3.39","Pixel Piracy"
"Crypt Worlds","7352","Crypt Worlds","195480","6480","937","1","30","0","0","30.17","Crypt Worlds"
"The Settlers II: 10th Anniversary","7353","The Settlers II: 10th Anniversary","195480","21900","1002","2","68","0","0","8.93","The Settlers II: 10th Anniversary"
"Toys","7354","Toys","195420","4560","1312","1","24","0","0","42.86","Toys"
"UEFA Champions League 2004-2005","7355","UEFA Champions League 2004-2005","195360","360","3263","1","2","0","0","542.67","UEFA Champions League 2004-2005"
"Dora the Explorer: Journey to the Purple Planet","7356","Dora the Explorer: Journey to the Purple Planet","195300","2220","967","2","12","0","0","87.97","Dora the Explorer: Journey to the Purple Planet"
"Spaceteam","7357","Spaceteam","195300","960","1676","1","10","0","0","203.44","Spaceteam"
"Elf","7358","Elf","195180","660","1656","1","4","0","0","295.73","Elf"
"Warhammer 40,000: Sanctus Reach","7359","Warhammer 40,000: Sanctus Reach","195120","35760","115","3","69","0","0","5.46","Warhammer 40,000: Sanctus Reach"
"Null Vector","7360","Null Vector","195120","8940","384","2","34","0","0","21.83","Null Vector"
"HyperZone","7361","HyperZone","195000","1380","1613","1","12","0","0","141.3","HyperZone"
"Taiko Drum Master","7362","Taiko Drum Master","195000","4080","1015","2","28","0","0","47.79","Taiko Drum Master"
"Patapon 2","7363","Patapon 2","194940","28260","698","3","67","0","0","6.9","Patapon 2"
"Knuckles' Chaotix","7364","Knuckles' Chaotix","194940","10560","611","1","54","0","0","18.46","Knuckles' Chaotix"
"Ingress","7365","Ingress","194880","23460","2457","2","78","0","0","8.31","Ingress"
"Vectorium","7366","Vectorium","194880","540","1739","1","3","0","0","360.89","Vectorium"
"Un Juego de Huevos","7367","Un Juego de Huevos","194400","17640","396","2","86","0","0","11.02","Un Juego de Huevos"
"Airport Simulator 2014","7368","Airport Simulator 2014","194280","2280","1849","2","18","0","0","85.21","Airport Simulator 2014"
"Crash Presents September 1990","7369","Crash Presents September 1990","193920","360","3216","1","6","0","0","538.67","Crash Presents September 1990"
"The Adventures of Willy Beamish","7370","The Adventures of Willy Beamish","193920","1320","1508","1","5","0","0","146.91","The Adventures of Willy Beamish"
"Uta no Prince-sama Shining Live","7371","Uta no Prince-sama Shining Live","193920","20220","119","3","71","0","0","9.59","Uta no Prince-sama Shining Live"
"Drift Out '94: The Hard Order","7372","Drift Out '94: The Hard Order","193860","300","3335","1","4","0","0","646.2","Drift Out '94: The Hard Order"
"Don't Bite Me Bro!","7373","Don't Bite Me Bro!","193860","135240","251","8","1211","0","0","1.43","Don't Bite Me Bro!"
"Spider-Man & Venom: Separation Anxiety","7374","Spider-Man & Venom: Separation Anxiety","193680","8520","1629","1","38","0","0","22.73","Spider-Man & Venom: Separation Anxiety"
"LEGO Indiana Jones: The Original Adventures","7375","LEGO Indiana Jones: The Original Adventures","193680","66540","514","3","199","0","0","2.91","LEGO Indiana Jones: The Original Adventures"
"Crush Crush","7376","Crush Crush","193620","36300","221","3","234","0","0","5.33","Crush Crush"
"CSR Racing 2","7377","CSR Racing 2","193440","64920","129","3","171","0","0","2.98","CSR Racing 2"
"Geometry Wars: Retro Evolved","7378","Geometry Wars: Retro Evolved","193440","19080","199","3","123","0","0","10.14","Geometry Wars: Retro Evolved"
"Brains: Denshinou Kougeki Shirei","7379","Brains: Denshinou Kougeki Shirei","193020","240","1694","1","1","0","0","804.25","Brains: Denshinou Kougeki Shirei"
"Mole Mania","7380","Mole Mania","192840","9300","845","3","28","0","0","20.74","Mole Mania"
"Super Cloudbuilt","7381","Super Cloudbuilt","192780","62820","193","3","130","0","0","3.07","Super Cloudbuilt"
"Heat Guardian","7382","Heat Guardian","192720","5040","759","2","36","0","0","38.24","Heat Guardian"
"Drakkhen","7383","Drakkhen","192660","7440","192","2","20","0","0","25.9","Drakkhen"
"A totally my type Angel came, so I made her an otaku & began an lovey erotic life!","7384","A totally my type Angel came, so I made her an otaku & began an lovey erotic life!","192600","3900","618","1","6","0","0","49.38","A totally my type Angel came, so I made her an otaku & began an lovey erotic life!"
"Carmageddon II: Carpocalypse Now","7385","Carmageddon II: Carpocalypse Now","192540","17940","83","2","35","0","0","10.73","Carmageddon II: Carpocalypse Now"
"Anima Gate of Memories","7386","Anima Gate of Memories","192480","47160","427","5","122","0","0","4.08","Anima Gate of Memories"
"Walden","7387","Walden","192420","3780","1190","2","8","0","0","50.9","Walden"
"Summer Pockets","7388","Summer Pockets","192360","21420","184","3","32","0","0","8.98","Summer Pockets"
"The Legend of Heroes II: Prophecy of the Moonlight Witch","7389","The Legend of Heroes II: Prophecy of the Moonlight Witch","192300","8340","193","1","9","0","0","23.06","The Legend of Heroes II: Prophecy of the Moonlight Witch"
"Tempest","7390","Tempest","192180","39900","513","3","132","0","0","4.82","Tempest"
"Curse of the Azure Bonds","7391","Curse of the Azure Bonds","192180","6960","215","1","11","0","0","27.61","Curse of the Azure Bonds"
"Initial D: Mountain Vengeance","7392","Initial D: Mountain Vengeance","192180","660","3270","1","6","0","0","291.18","Initial D: Mountain Vengeance"
"Vroom Kaboom","7393","Vroom Kaboom","192000","13740","939","4","77","0","0","13.97","Vroom Kaboom"
"Nancy Drew: Ghost of Thornton Hall","7394","Nancy Drew: Ghost of Thornton Hall","192000","24300","139","2","68","0","0","7.9","Nancy Drew: Ghost of Thornton Hall"
"Emergency 4: Global Fighters for Life","7395","Emergency 4: Global Fighters for Life","192000","74580","63","3","270","0","0","2.57","Emergency 4: Global Fighters for Life"
"Toro","7396","Toro","192000","3120","2690","1","26","0","0","61.54","Toro"
"Bad Eggs Online","7397","Bad Eggs Online","191940","7800","583","1","42","0","0","24.61","Bad Eggs Online"
"Pro Evolution Soccer 2015","7398","Pro Evolution Soccer 2015","191880","45780","597","2","185","0","0","4.19","Pro Evolution Soccer 2015"
"Joyride","7399","Joyride","191640","20640","276","2","7","0","0","9.28","Joyride"
"DoReMi Fantasy: Milon's DokiDoki Adventure","7400","DoReMi Fantasy: Milon's DokiDoki Adventure","191520","7440","2830","6","26","0","0","25.74","DoReMi Fantasy: Milon's DokiDoki Adventure"