"","","Game","Watch time","Stream time","Peak viewers","Peak channels","Streamers","Average viewers","Average channels","Average viewer ratio",""
"Football!","3901","Football!","1094460","42600","3822","5","138","2","0","25.69","Football!"
"The SpongeBob SquarePants Movie","3902","The SpongeBob SquarePants Movie","1094460","62340","10870","4","137","2","0","17.56","The SpongeBob SquarePants Movie"
"Temple Run 2","3903","Temple Run 2","1094160","37320","1692","10","158","2","0","29.32","Temple Run 2"
"Shin Megami Tensei IV Final","3904","Shin Megami Tensei IV Final","1093740","43080","270","3","36","2","0","25.39","Shin Megami Tensei IV Final"
"Ready 2 Rumble Boxing","3905","Ready 2 Rumble Boxing","1093680","2460","8066","2","22","2","0","444.59","Ready 2 Rumble Boxing"
"Viewtiful Joe","3906","Viewtiful Joe","1092780","68220","2208","3","239","2","0","16.02","Viewtiful Joe"
"Tony Hawk's Pro Skater 2","3907","Tony Hawk's Pro Skater 2","1091040","87360","1256","9","459","2","0","12.49","Tony Hawk's Pro Skater 2"
"Starbo","3908","Starbo","1089660","5280","8328","1","36","2","0","206.38","Starbo"
"Warhammer 40,000: Dawn of War","3909","Warhammer 40,000: Dawn of War","1089300","105840","1229","4","381","2","0","10.29","Warhammer 40,000: Dawn of War"
"NBA Hangtime","3910","NBA Hangtime","1087980","7380","8822","6","44","2","0","147.42","NBA Hangtime"
"Gran Skrea Online","3911","Gran Skrea Online","1086900","124860","2732","6","156","2","0","8.7","Gran Skrea Online"
"One Troll Army","3912","One Troll Army","1085760","34740","3407","4","178","2","0","31.25","One Troll Army"
"Galaga","3913","Galaga","1084860","65280","6015","4","384","2","0","16.62","Galaga"
"Ninja Gaiden Sigma","3914","Ninja Gaiden Sigma","1083960","65400","842","3","107","2","0","16.57","Ninja Gaiden Sigma"
"Nekopara vol. 3","3915","Nekopara vol. 3","1083960","44220","2000","3","148","2","0","24.51","Nekopara vol. 3"
"Shadowgun Legends","3916","Shadowgun Legends","1083900","100500","866","6","344","2","0","10.79","Shadowgun Legends"
"Heroine Anthem Zero","3917","Heroine Anthem Zero","1083240","13260","4244","3","49","2","0","81.69","Heroine Anthem Zero"
"Tempest Citadel","3918","Tempest Citadel","1083120","18240","841","3","66","2","0","59.38","Tempest Citadel"
"Mega Man 10","3919","Mega Man 10","1080840","105060","1164","4","348","2","0","10.29","Mega Man 10"
"Pajama Sam: No Need to Hide When It's Dark Outside","3920","Pajama Sam: No Need to Hide When It's Dark Outside","1078380","44580","3523","3","301","2","0","24.19","Pajama Sam: No Need to Hide When It's Dark Outside"
"Ys II: Ancient Ys Vanished: The Final Chapter","3921","Ys II: Ancient Ys Vanished: The Final Chapter","1077660","13380","2683","2","35","2","0","80.54","Ys II: Ancient Ys Vanished: The Final Chapter"
"Homefront: The Revolution","3922","Homefront: The Revolution","1076940","486600","288","9","2500","2","0","2.21","Homefront: The Revolution"
"The Survey","3923","The Survey","1076880","44040","1385","4","259","2","0","24.45","The Survey"
"Transformice","3924","Transformice","1076820","191460","2927","4","978","2","0","5.62","Transformice"
"NEKO-NIN exHeart","3925","NEKO-NIN exHeart","1076580","8040","970","2","27","2","0","133.9","NEKO-NIN exHeart"
"Command & Conquer 3: Tiberium Wars","3926","Command & Conquer 3: Tiberium Wars","1076460","222060","716","5","666","2","0","4.85","Command & Conquer 3: Tiberium Wars"
"Mount & Blade Warband: Napoleonic Wars","3927","Mount & Blade Warband: Napoleonic Wars","1076280","73620","2393","4","299","2","0","14.62","Mount & Blade Warband: Napoleonic Wars"
"Craft The World","3928","Craft The World","1075800","246060","453","6","570","2","0","4.37","Craft The World"
"Bishoujo Senshi Sailor Moon: Another Story","3929","Bishoujo Senshi Sailor Moon: Another Story","1074660","27000","2302","2","53","2","0","39.8","Bishoujo Senshi Sailor Moon: Another Story"
"PokéPark Wii: Pikachu's Adventure","3930","PokéPark Wii: Pikachu's Adventure","1074540","44340","5620","4","84","2","0","24.23","PokéPark Wii: Pikachu's Adventure"
"WWE SmackDown! Shut Your Mouth","3931","WWE SmackDown! Shut Your Mouth","1074420","14700","6915","3","55","2","0","73.09","WWE SmackDown! Shut Your Mouth"
"Quake 4","3932","Quake 4","1074420","78060","4449","3","270","2","0","13.76","Quake 4"
"Dolmen","3933","Dolmen","1072620","17520","2079","4","135","2","0","61.22","Dolmen"
"Terrordrome: Rise of the Boogeymen","3934","Terrordrome: Rise of the Boogeymen","1069860","7620","7776","3","37","2","0","140.4","Terrordrome: Rise of the Boogeymen"
"Zombie Revenge","3935","Zombie Revenge","1068000","5340","7015","2","38","2","0","200","Zombie Revenge"
"Spider-Man 3","3936","Spider-Man 3","1066860","33720","4775","3","125","2","0","31.64","Spider-Man 3"
"From The Depths","3937","From The Depths","1066620","169260","1707","4","321","2","0","6.3","From The Depths"
"Aurora 4x","3938","Aurora 4x","1066500","46020","189","3","49","2","0","23.17","Aurora 4x"
"Lemmings","3939","Lemmings","1064640","32520","1209","2","115","2","0","32.74","Lemmings"
"Teenage Mutant Ninja Turtles: Turtles in Time Re-Shelled","3940","Teenage Mutant Ninja Turtles: Turtles in Time Re-Shelled","1064640","6660","9023","1","55","2","0","159.86","Teenage Mutant Ninja Turtles: Turtles in Time Re-Shelled"
"Hektor","3941","Hektor","1063080","21420","2809","2","154","2","0","49.63","Hektor"
"Aftercharge","3942","Aftercharge","1062780","92100","2321","47","466","2","0","11.54","Aftercharge"
"Cefore","3943","Cefore","1062660","7740","25904","3","70","2","0","137.29","Cefore"
"Bomberman '94","3944","Bomberman '94","1062600","7380","969","2","17","2","0","143.98","Bomberman '94"
"TrackMania United Forever","3945","TrackMania United Forever","1062060","174780","1091","5","461","2","0","6.08","TrackMania United Forever"
"Farpoint","3946","Farpoint","1062060","298020","4081","8","1556","2","0","3.56","Farpoint"
"O","3947","O","1059780","39420","921","3","186","2","0","26.88","O"
"Shadowrun Returns","3948","Shadowrun Returns","1058640","279060","1159","12","975","2","0","3.79","Shadowrun Returns"
"Through the Woods","3949","Through the Woods","1057920","113880","722","15","610","2","0","9.29","Through the Woods"
"Evoland","3950","Evoland","1057020","134040","2995","4","602","2","0","7.89","Evoland"
"Resident Evil: Operation Raccoon City","3951","Resident Evil: Operation Raccoon City","1056840","108480","397","7","423","2","0","9.74","Resident Evil: Operation Raccoon City"
"Bob Was Hungry","3952","Bob Was Hungry","1056480","34740","2141","5","145","2","0","30.41","Bob Was Hungry"
"Cube World","3953","Cube World","1054200","217920","2317","6","837","2","0","4.84","Cube World"
"King's Field: The Ancient City","3954","King's Field: The Ancient City","1052700","23280","778","2","37","2","0","45.22","King's Field: The Ancient City"
"The First Tree","3955","The First Tree","1052580","68520","2182","6","443","2","0","15.36","The First Tree"
"Wasteland 2","3956","Wasteland 2","1052400","417600","545","7","864","2","0","2.52","Wasteland 2"
"Do You Copy?","3957","Do You Copy?","1052100","26340","4123","3","261","2","0","39.94","Do You Copy?"
"The Last Dead End","3958","The Last Dead End","1049940","7920","3404","3","51","1","0","132.57","The Last Dead End"
"Phoenix Wright: Ace Attorney - Justice For All","3959","Phoenix Wright: Ace Attorney - Justice For All","1049700","138720","274","4","156","1","0","7.57","Phoenix Wright: Ace Attorney - Justice For All"
"Vampire: The Masquerade - Redemption","3960","Vampire: The Masquerade - Redemption","1048800","97020","3691","4","150","1","0","10.81","Vampire: The Masquerade - Redemption"
"Governor of Poker 3","3961","Governor of Poker 3","1048560","132060","2815","5","746","1","0","7.94","Governor of Poker 3"
"Zero: Nuregarasu no Miko","3962","Zero: Nuregarasu no Miko","1048320","64260","233","3","84","1","0","16.31","Zero: Nuregarasu no Miko"
"Ganbare Goemon: Uchuu Kaizoku Akogingu","3963","Ganbare Goemon: Uchuu Kaizoku Akogingu","1047900","2520","6115","1","2","1","0","415.83","Ganbare Goemon: Uchuu Kaizoku Akogingu"
"Hyper Knights","3964","Hyper Knights","1047660","5160","7700","3","30","1","0","203.03","Hyper Knights"
"Papo & Yo","3965","Papo & Yo","1047540","31080","2203","2","133","1","0","33.7","Papo & Yo"
"The Settlers: History Collection","3966","The Settlers: History Collection","1046940","51420","1675","9","88","1","0","20.36","The Settlers: History Collection"
"Metal Wolf Chaos","3967","Metal Wolf Chaos","1045260","5400","1496","2","15","1","0","193.57","Metal Wolf Chaos"
"Etrian Odyssey","3968","Etrian Odyssey","1044000","36300","4454","3","31","1","0","28.76","Etrian Odyssey"
"Abasralsa","3969","Abasralsa","1042800","5040","4707","2","49","1","0","206.9","Abasralsa"
"Warlords Awakening","3970","Warlords Awakening","1040940","135540","1477","19","247","1","0","7.68","Warlords Awakening"
"Magical Tetris Challenge","3971","Magical Tetris Challenge","1040820","4320","9114","2","25","1","0","240.93","Magical Tetris Challenge"
"Edna & Harvey: Harvey's New Eyes","3972","Edna & Harvey: Harvey's New Eyes","1039380","102060","584","4","273","1","0","10.18","Edna & Harvey: Harvey's New Eyes"
"Horizon Chase","3973","Horizon Chase","1038660","72600","5576","12","357","1","0","14.31","Horizon Chase"
"Out of This World","3974","Out of This World","1038240","71820","2306","6","162","1","0","14.46","Out of This World"
"Oddworld: Abe's Exoddus","3975","Oddworld: Abe's Exoddus","1037760","187500","473","5","246","1","0","5.53","Oddworld: Abe's Exoddus"
"NEKOPARA Vol. 2","3976","NEKOPARA Vol. 2","1037100","41940","702","3","141","1","0","24.73","NEKOPARA Vol. 2"
"Blue Reflection","3977","Blue Reflection","1036140","235200","209","5","542","1","0","4.41","Blue Reflection"
"Frozen Synapse 2","3978","Frozen Synapse 2","1036140","33000","2822","9","101","1","0","31.4","Frozen Synapse 2"
"Game Dev Story","3979","Game Dev Story","1035300","18600","1614","2","40","1","0","55.66","Game Dev Story"
"LEGO Batman 2: DC Super Heroes","3980","LEGO Batman 2: DC Super Heroes","1034940","55680","5496","2","171","1","0","18.59","LEGO Batman 2: DC Super Heroes"
"The Infectious Madness of Doctor Dekker","3981","The Infectious Madness of Doctor Dekker","1033020","106440","450","4","287","1","0","9.71","The Infectious Madness of Doctor Dekker"
"Last Encounter","3982","Last Encounter","1032960","2940","6343","1","15","1","0","351.35","Last Encounter"
"Code Vein","3983","Code Vein","1032300","1020","3534","1","6","1","0","1012.06","Code Vein"
"Gods Will Be Watching","3984","Gods Will Be Watching","1031820","50460","6129","3","210","1","0","20.45","Gods Will Be Watching"
"Everybody's Gone to the Rapture","3985","Everybody's Gone to the Rapture","1031640","68220","2408","3","558","1","0","15.12","Everybody's Gone to the Rapture"
"140","3986","140","1029240","43860","3355","2","260","1","0","23.47","140"
"Monster Slayers","3987","Monster Slayers","1029240","62640","2367","4","233","1","0","16.43","Monster Slayers"
"Sushi Striker: The Way of Sushido","3988","Sushi Striker: The Way of Sushido","1029000","48180","1864","11","227","1","0","21.36","Sushi Striker: The Way of Sushido"
"Sunless Skies","3989","Sunless Skies","1028940","40920","2200","3","102","1","0","25.15","Sunless Skies"
"Shin Megami Tensei IV","3990","Shin Megami Tensei IV","1028940","91920","209","5","70","1","0","11.19","Shin Megami Tensei IV"
"NCAA Football","3991","NCAA Football","1026840","12600","1424","8","57","1","0","81.5","NCAA Football"
"Hello Charlotte: Childhood's End","3992","Hello Charlotte: Childhood's End","1025700","46500","1508","3","108","1","0","22.06","Hello Charlotte: Childhood's End"
"Duke Nukem 3D: 20th Anniversary World Tour","3993","Duke Nukem 3D: 20th Anniversary World Tour","1025580","177420","2896","5","758","1","0","5.78","Duke Nukem 3D: 20th Anniversary World Tour"
"Fast Food","3994","Fast Food","1024800","12180","3233","2","23","1","0","84.14","Fast Food"
"Caravan","3995","Caravan","1024380","128280","1613","5","117","1","0","7.99","Caravan"
"Caves of Qud","3996","Caves of Qud","1024260","136920","488","3","289","1","0","7.48","Caves of Qud"
"Dragon Quest X: Mezameshi Itsutsu no Shuzoku Online","3997","Dragon Quest X: Mezameshi Itsutsu no Shuzoku Online","1023600","211440","830","7","151","1","0","4.84","Dragon Quest X: Mezameshi Itsutsu no Shuzoku Online"
"Ravenfield","3998","Ravenfield","1022040","103380","19076","4","824","1","0","9.89","Ravenfield"
"SNK vs. Capcom: Match of the Millennium","3999","SNK vs. Capcom: Match of the Millennium","1021560","1380","7509","1","11","1","0","740.26","SNK vs. Capcom: Match of the Millennium"
"Brass Tactics","4000","Brass Tactics","1017540","64320","2770","10","153","1","0","15.82","Brass Tactics"