"","","Game","Watch time","Stream time","Peak viewers","Peak channels","Streamers","Average viewers","Average channels","Average viewer ratio",""
"Chip's Challenge","7101","Chip's Challenge","217020","25740","124","3","80","0","0","8.43","Chip's Challenge"
"Super Mario Run","7102","Super Mario Run","217020","35580","1621","2","259","0","0","6.1","Super Mario Run"
"StoneAge M","7103","StoneAge M","217020","27120","220","2","11","0","0","8","StoneAge M"
"Blood Bowl: Death Zone","7104","Blood Bowl: Death Zone","216840","360","2236","1","2","0","0","602.33","Blood Bowl: Death Zone"
"Kinect Star Wars","7105","Kinect Star Wars","216780","1680","923","2","12","0","0","129.04","Kinect Star Wars"
"Real Lives","7106","Real Lives","216720","63360","381","3","200","0","0","3.42","Real Lives"
"Kick-Ass 2","7107","Kick-Ass 2","216480","840","1412","1","6","0","0","257.71","Kick-Ass 2"
"Eden Eternal","7108","Eden Eternal","216420","56340","114","3","154","0","0","3.84","Eden Eternal"
"Garfield's Scary Scavenger Hunt 2","7109","Garfield's Scary Scavenger Hunt 2","216420","900","2405","1","10","0","0","240.47","Garfield's Scary Scavenger Hunt 2"
"Fidel Dungeon Rescue","7110","Fidel Dungeon Rescue","216300","12780","1917","2","45","0","0","16.92","Fidel Dungeon Rescue"
"ChatChat","7111","ChatChat","215820","86700","309","6","592","0","0","2.49","ChatChat"
"Ketsui: Kizuna Jigoku Tachi","7112","Ketsui: Kizuna Jigoku Tachi","215640","28560","120","4","41","0","0","7.55","Ketsui: Kizuna Jigoku Tachi"
"One Piece: World Seeker","7113","One Piece: World Seeker","215580","300","1936","1","2","0","0","718.6","One Piece: World Seeker"
"Eternity Warriors VR","7114","Eternity Warriors VR","215520","4800","1092","2","38","0","0","44.9","Eternity Warriors VR"
"Helium Rain","7115","Helium Rain","215100","7620","1107","2","26","0","0","28.23","Helium Rain"
"LocoCycle","7116","LocoCycle","214860","5820","1179","2","24","0","0","36.92","LocoCycle"
"Yu-Gi-Oh! GX: The Beginning of Destiny","7117","Yu-Gi-Oh! GX: The Beginning of Destiny","214740","18480","338","2","32","0","0","11.62","Yu-Gi-Oh! GX: The Beginning of Destiny"
"Mighty Morphin Power Rangers","7118","Mighty Morphin Power Rangers","214680","42240","2128","4","188","0","0","5.08","Mighty Morphin Power Rangers"
"Car Mechanic Simulator 2014","7119","Car Mechanic Simulator 2014","214620","24060","1831","2","129","0","0","8.92","Car Mechanic Simulator 2014"
"Dokapon Journey","7120","Dokapon Journey","214620","1680","1803","1","8","0","0","127.75","Dokapon Journey"
"Grand Chase for kakao","7121","Grand Chase for kakao","214620","53400","165","5","99","0","0","4.02","Grand Chase for kakao"
"Kindergarden","7122","Kindergarden","214560","13140","1574","2","79","0","0","16.33","Kindergarden"
"The Bible Game","7123","The Bible Game","214500","1800","1814","1","11","0","0","119.17","The Bible Game"
"PriPara","7124","PriPara","214380","29940","127","3","30","0","0","7.16","PriPara"
"Hunter","7125","Hunter","214320","7800","656","2","34","0","0","27.48","Hunter"
"Asphalt 8: Airborne","7126","Asphalt 8: Airborne","214260","217860","1691","5","490","0","0","0.98","Asphalt 8: Airborne"
"The Padre","7127","The Padre","214260","8820","1036","2","44","0","0","24.29","The Padre"
"Brain / Out","7128","Brain / Out","214200","64320","1405","3","369","0","0","3.33","Brain / Out"
"Cortex Command","7129","Cortex Command","214080","27960","342","5","183","0","0","7.66","Cortex Command"
"Golden Balls","7130","Golden Balls","214020","120","1797","1","1","0","0","1783.5","Golden Balls"
"Mewnbase","7131","Mewnbase","213960","14040","345","2","66","0","0","15.24","Mewnbase"
"Castle in the Darkness","7132","Castle in the Darkness","213960","34620","187","3","94","0","0","6.18","Castle in the Darkness"
"Star Wars: Episode III - Revenge of the Sith","7133","Star Wars: Episode III - Revenge of the Sith","213960","21360","1489","2","57","0","0","10.02","Star Wars: Episode III - Revenge of the Sith"
"Card Hunter","7134","Card Hunter","213780","74820","143","4","320","0","0","2.86","Card Hunter"
"Nihilumbra","7135","Nihilumbra","213720","24720","283","2","113","0","0","8.65","Nihilumbra"
"Monkey King Online","7136","Monkey King Online","213660","540","1731","1","2","0","0","395.67","Monkey King Online"
"Pokémon Pinball","7137","Pokémon Pinball","213600","21900","198","3","82","0","0","9.75","Pokémon Pinball"
"Pirates of the Polygon Sea","7138","Pirates of the Polygon Sea","213540","4620","689","2","22","0","0","46.22","Pirates of the Polygon Sea"
"Sally's Salon","7139","Sally's Salon","213540","3600","2034","1","12","0","0","59.32","Sally's Salon"
"Superdimension Neptune vs Sega Hard Girls","7140","Superdimension Neptune vs Sega Hard Girls","213480","41640","222","2","93","0","0","5.13","Superdimension Neptune vs Sega Hard Girls"
"Power Drill Massacre","7141","Power Drill Massacre","213120","10200","1782","2","68","0","0","20.89","Power Drill Massacre"
"Jungle no Ouja Tar-chan: Sekai Manyuu Dai Kakutou no Maki","7142","Jungle no Ouja Tar-chan: Sekai Manyuu Dai Kakutou no Maki","213120","540","3419","2","4","0","0","394.67","Jungle no Ouja Tar-chan: Sekai Manyuu Dai Kakutou no Maki"
"Initial D","7143","Initial D","213000","33120","909","3","112","0","0","6.43","Initial D"
"Just In Time Incorporated","7144","Just In Time Incorporated","212940","27660","504","3","189","0","0","7.7","Just In Time Incorporated"
"Serious Sam: The Second Encounter","7145","Serious Sam: The Second Encounter","212820","56820","300","3","202","0","0","3.75","Serious Sam: The Second Encounter"
"Tekken 2","7146","Tekken 2","212760","14520","2071","2","78","0","0","14.65","Tekken 2"
"Microsoft Solitaire Collection","7147","Microsoft Solitaire Collection","212700","70800","664","3","280","0","0","3","Microsoft Solitaire Collection"
"The Friends of Ringo Ishikawa","7148","The Friends of Ringo Ishikawa","212580","24300","341","3","98","0","0","8.75","The Friends of Ringo Ishikawa"
"The Lion's Song","7149","The Lion's Song","212520","33900","202","3","157","0","0","6.27","The Lion's Song"
"Sonic Dash","7150","Sonic Dash","212340","6540","1943","1","44","0","0","32.47","Sonic Dash"
"Just Dance 2","7151","Just Dance 2","212100","4500","1011","2","27","0","0","47.13","Just Dance 2"
"High Rollers Casino","7152","High Rollers Casino","212040","4440","223","3","16","0","0","47.76","High Rollers Casino"
"Unbox","7153","Unbox","211860","24540","365","2","137","0","0","8.63","Unbox"
"Romance of the Three Kingdoms VI: Awakening of the Dragon","7154","Romance of the Three Kingdoms VI: Awakening of the Dragon","211800","4320","168","2","9","0","0","49.03","Romance of the Three Kingdoms VI: Awakening of the Dragon"
"Modern Combat 5: Blackout","7155","Modern Combat 5: Blackout","211740","178320","292","4","1039","0","0","1.19","Modern Combat 5: Blackout"
"X-Men: Mutant Apocalypse","7156","X-Men: Mutant Apocalypse","211680","13620","2257","2","58","0","0","15.54","X-Men: Mutant Apocalypse"
"Daze Before Christmas","7157","Daze Before Christmas","211620","8280","1601","8","70","0","0","25.56","Daze Before Christmas"
"Overturn: Mecha Wars","7158","Overturn: Mecha Wars","211620","1140","1343","2","7","0","0","185.63","Overturn: Mecha Wars"
"SoundStage","7159","SoundStage","211620","1320","3442","1","12","0","0","160.32","SoundStage"
"The King of Fighters 2003","7160","The King of Fighters 2003","211500","1980","1064","1","15","0","0","106.82","The King of Fighters 2003"
"Master of Orion II: Battle at Antares","7161","Master of Orion II: Battle at Antares","211500","48660","105","3","92","0","0","4.35","Master of Orion II: Battle at Antares"
"Ben 10: Protector of Earth","7162","Ben 10: Protector of Earth","211080","6720","2647","1","37","0","0","31.41","Ben 10: Protector of Earth"
"Streets of Rage Remake","7163","Streets of Rage Remake","211020","51000","263","2","185","0","0","4.14","Streets of Rage Remake"
"Guitar Hero II","7164","Guitar Hero II","210960","28800","291","2","158","0","0","7.33","Guitar Hero II"
"NeuroVoider","7165","NeuroVoider","210720","21540","984","2","139","0","0","9.78","NeuroVoider"
"Bee Movie Game","7166","Bee Movie Game","210660","22200","491","2","65","0","0","9.49","Bee Movie Game"
"Tropico","7167","Tropico","210660","6240","920","2","33","0","0","33.76","Tropico"
"Police Quest: SWAT 2","7168","Police Quest: SWAT 2","210660","1920","433","1","5","0","0","109.72","Police Quest: SWAT 2"
"Game.com Internet Browser","7169","Game.com Internet Browser","210420","24720","515","2","161","0","0","8.51","Game.com Internet Browser"
"New York Mysteries: High Voltage","7170","New York Mysteries: High Voltage","210420","4680","549","1","14","0","0","44.96","New York Mysteries: High Voltage"
"Fear Effect","7171","Fear Effect","210360","16200","374","2","45","0","0","12.99","Fear Effect"
"Kirby Mass Attack","7172","Kirby Mass Attack","210300","9240","704","2","23","0","0","22.76","Kirby Mass Attack"
"Casper's Scare School: Spooky Sports Day","7173","Casper's Scare School: Spooky Sports Day","210180","240","1836","1","2","0","0","875.75","Casper's Scare School: Spooky Sports Day"
"EVE: Valkyrie – Warzone","7174","EVE: Valkyrie – Warzone","210120","28260","202","3","153","0","0","7.44","EVE: Valkyrie – Warzone"
"Electronic Super Joy","7175","Electronic Super Joy","210120","55500","419","3","267","0","0","3.79","Electronic Super Joy"
"John Woo presents Stranglehold","7176","John Woo presents Stranglehold","209820","15180","2199","2","52","0","0","13.82","John Woo presents Stranglehold"
"Anodyne","7177","Anodyne","209820","16320","1970","2","58","0","0","12.86","Anodyne"
"Wolf","7178","Wolf","209820","2940","619","1","17","0","0","71.37","Wolf"
"Tetris & Dr. Mario","7179","Tetris & Dr. Mario","209700","22140","706","2","75","0","0","9.47","Tetris & Dr. Mario"
"Jurassic World: Alive","7180","Jurassic World: Alive","209640","26880","1117","4","120","0","0","7.8","Jurassic World: Alive"
"Graal Online","7181","Graal Online","209640","3600","644","2","14","0","0","58.23","Graal Online"
"Dragon's Revenge","7182","Dragon's Revenge","209400","6540","503","10","20","0","0","32.02","Dragon's Revenge"
"Rogue Empire","7183","Rogue Empire","209340","27060","328","6","68","0","0","7.74","Rogue Empire"
"Four Goddesses Online: Cyber Dimension Neptune","7184","Four Goddesses Online: Cyber Dimension Neptune","209160","28020","47","4","54","0","0","7.46","Four Goddesses Online: Cyber Dimension Neptune"
"Fatal Twelve","7185","Fatal Twelve","208980","16920","657","2","22","0","0","12.35","Fatal Twelve"
"Sacrifice","7186","Sacrifice","208980","27540","708","2","40","0","0","7.59","Sacrifice"
"FIFA 14","7187","FIFA 14","208860","81060","1110","3","522","0","0","2.58","FIFA 14"
"Need for Speed II","7188","Need for Speed II","208800","9120","427","1","45","0","0","22.89","Need for Speed II"
"Barbie Horse Adventure: Wild Horse Rescue","7189","Barbie Horse Adventure: Wild Horse Rescue","208620","25560","778","3","91","0","0","8.16","Barbie Horse Adventure: Wild Horse Rescue"
"Black Dream","7190","Black Dream","208560","720","1353","1","5","0","0","289.67","Black Dream"
"Mario Bros.","7191","Mario Bros.","208500","28260","904","2","163","0","0","7.38","Mario Bros."
"Shot Online","7192","Shot Online","208440","64320","68","3","76","0","0","3.24","Shot Online"
"Dandelion: Wishes Brought to You","7193","Dandelion: Wishes Brought to You","208260","20820","167","3","57","0","0","10","Dandelion: Wishes Brought to You"
"Home Behind","7194","Home Behind","208260","11100","256","2","37","0","0","18.76","Home Behind"
"ONRAID","7195","ONRAID","208260","27360","1388","2","175","0","0","7.61","ONRAID"
"The Ship: Remasted","7196","The Ship: Remasted","208260","15960","972","4","124","0","0","13.05","The Ship: Remasted"
"Banzai Royale","7197","Banzai Royale","208260","22680","144","5","61","0","0","9.18","Banzai Royale"
"Black Mirror 3: The Final Fear","7198","Black Mirror 3: The Final Fear","208200","29340","143","3","40","0","0","7.1","Black Mirror 3: The Final Fear"
"Splody","7199","Splody","208020","1920","1789","3","16","0","0","108.34","Splody"
"White Knight Chronicles: International Edition","7200","White Knight Chronicles: International Edition","207960","17160","178","2","21","0","0","12.12","White Knight Chronicles: International Edition"