"","","Game","Watch time","Stream time","Peak viewers","Peak channels","Streamers","Average viewers","Average channels","Average viewer ratio",""
"Golden Sun: Dark Dawn","5801","Golden Sun: Dark Dawn","390480","28440","377","2","36","0","0","13.73","Golden Sun: Dark Dawn"
"Jade Cocoon: Story of the Tamamayu","5802","Jade Cocoon: Story of the Tamamayu","390240","40020","1948","3","117","0","0","9.75","Jade Cocoon: Story of the Tamamayu"
"Beavers Be Dammed","5803","Beavers Be Dammed","389700","3600","1902","1","33","0","0","108.25","Beavers Be Dammed"
"Sudden Strike 4","5804","Sudden Strike 4","389520","139620","263","4","470","0","0","2.79","Sudden Strike 4"
"Renowned Explorers: International Society","5805","Renowned Explorers: International Society","388200","50340","507","3","153","0","0","7.71","Renowned Explorers: International Society"
"Popeye Beach Volley Ball","5806","Popeye Beach Volley Ball","388080","8100","168","1","6","0","0","47.91","Popeye Beach Volley Ball"
"Time Crisis 3","5807","Time Crisis 3","387900","2460","6382","1","14","0","0","157.68","Time Crisis 3"
"Final Fantasy XV Pocket Edition","5808","Final Fantasy XV Pocket Edition","387300","82500","246","7","309","0","0","4.69","Final Fantasy XV Pocket Edition"
"The Sims Medieval","5809","The Sims Medieval","386400","42480","803","3","151","0","0","9.1","The Sims Medieval"
"Police Quest 3: The Kindred","5810","Police Quest 3: The Kindred","386160","3060","2204","4","13","0","0","126.2","Police Quest 3: The Kindred"
"Final Fantasy Type-0","5811","Final Fantasy Type-0","385920","11400","1560","1","32","0","0","33.85","Final Fantasy Type-0"
"SimCity 2000","5812","SimCity 2000","385680","22800","533","2","104","0","0","16.92","SimCity 2000"
"Duke Nukem","5813","Duke Nukem","385620","10920","2632","2","71","0","0","35.31","Duke Nukem"
"Tarot","5814","Tarot","385560","44220","212","2","73","0","0","8.72","Tarot"
"GRID","5815","GRID","384960","91080","268","4","424","0","0","4.23","GRID"
"Quadrilateral Cowboy","5816","Quadrilateral Cowboy","384900","15240","2079","2","68","0","0","25.26","Quadrilateral Cowboy"
"Soulcalibur: Broken Destiny","5817","Soulcalibur: Broken Destiny","384600","8700","7297","2","31","0","0","44.21","Soulcalibur: Broken Destiny"
"Star Wars: The Force Unleashed II","5818","Star Wars: The Force Unleashed II","384180","157380","98","6","831","0","0","2.44","Star Wars: The Force Unleashed II"
"Candle","5819","Candle","384180","32580","1243","2","100","0","0","11.79","Candle"
"All Walls Must Fall","5820","All Walls Must Fall","384060","16140","1899","2","97","0","0","23.8","All Walls Must Fall"
"My Boyfriend","5821","My Boyfriend","383940","2460","1979","1","7","0","0","156.07","My Boyfriend"
"Big Win Soccer","5822","Big Win Soccer","383640","1500","1712","2","10","0","0","255.76","Big Win Soccer"
"The Shrouded Isle","5823","The Shrouded Isle","383580","32040","367","3","165","0","0","11.97","The Shrouded Isle"
"School Girl/Zombie Hunter","5824","School Girl/Zombie Hunter","383520","23760","4649","4","373","0","0","16.14","School Girl/Zombie Hunter"
"You Don't Know Jack","5825","You Don't Know Jack","382860","27120","4607","3","150","0","0","14.12","You Don't Know Jack"
"BRAHMA Force: The Assault on Beltlogger 9","5826","BRAHMA Force: The Assault on Beltlogger 9","382680","360","2337","1","3","0","0","1063","BRAHMA Force: The Assault on Beltlogger 9"
"Egg Mania: Eggstreme Madness","5827","Egg Mania: Eggstreme Madness","382500","3120","3154","2","10","0","0","122.6","Egg Mania: Eggstreme Madness"
"Chain Chronicle","5828","Chain Chronicle","382440","18420","769","3","32","0","0","20.76","Chain Chronicle"
"Dragster","5829","Dragster","382440","8640","3429","2","29","0","0","44.26","Dragster"
"Klonoa 2: Dream Champ Tournament","5830","Klonoa 2: Dream Champ Tournament","382320","1860","6273","2","6","0","0","205.55","Klonoa 2: Dream Champ Tournament"
"Turok","5831","Turok","382260","88800","585","6","410","0","0","4.3","Turok"
"Indiana Jones and The Last Crusade: The Graphic Adventure","5832","Indiana Jones and The Last Crusade: The Graphic Adventure","382200","13140","497","2","40","0","0","29.09","Indiana Jones and The Last Crusade: The Graphic Adventure"
"UniBall","5833","UniBall","382140","3780","6182","1","8","0","0","101.1","UniBall"
"Heroes of Might and Magic V: Hammers of Fate","5834","Heroes of Might and Magic V: Hammers of Fate","381840","26040","415","2","50","0","0","14.66","Heroes of Might and Magic V: Hammers of Fate"
"The Guardian Legend","5835","The Guardian Legend","381780","38220","532","4","70","0","0","9.99","The Guardian Legend"
"Pump It Up Prime","5836","Pump It Up Prime","381540","69480","537","4","31","0","0","5.49","Pump It Up Prime"
"D","5837","D","381180","97800","7354","5","439","0","0","3.9","D"
"Wii Party U","5838","Wii Party U","381180","9000","5978","2","41","0","0","42.35","Wii Party U"
"Crayola Scoot","5839","Crayola Scoot","381000","2160","4029","1","20","0","0","176.39","Crayola Scoot"
"Kingmaker","5840","Kingmaker","380880","18540","94","2","44","0","0","20.54","Kingmaker"
"Chrome","5841","Chrome","380760","120360","859","5","462","0","0","3.16","Chrome"
"Eastside Hockey Manager","5842","Eastside Hockey Manager","380760","19080","300","2","61","0","0","19.96","Eastside Hockey Manager"
"RAID: World War II","5843","RAID: World War II","380640","70320","437","9","220","0","0","5.41","RAID: World War II"
"Angband","5844","Angband","380340","18900","243","2","24","0","0","20.12","Angband"
"NBA Jam","5845","NBA Jam","380220","29580","1128","3","142","0","0","12.85","NBA Jam"
"Sid Meier's Civilization Revolution","5846","Sid Meier's Civilization Revolution","379980","71400","3245","5","228","0","0","5.32","Sid Meier's Civilization Revolution"
"Mars Taken","5847","Mars Taken","379980","1680","3427","1","12","0","0","226.18","Mars Taken"
"Evasion","5848","Evasion","379980","4380","2607","2","23","0","0","86.75","Evasion"
"Payday: The Heist","5849","Payday: The Heist","379560","99840","417","5","457","0","0","3.8","Payday: The Heist"
"Girl Amazon Survival","5850","Girl Amazon Survival","378960","420","6303","1","4","0","0","902.29","Girl Amazon Survival"
"Ghost Master","5851","Ghost Master","378900","32820","2850","4","139","0","0","11.54","Ghost Master"
"Dead Synchronicity: Tomorrow Comes Today","5852","Dead Synchronicity: Tomorrow Comes Today","378780","21540","616","3","67","0","0","17.58","Dead Synchronicity: Tomorrow Comes Today"
"Battlelands Royale","5853","Battlelands Royale","378660","195660","93","7","866","0","0","1.94","Battlelands Royale"
"Claire","5854","Claire","378600","103260","317","8","720","0","0","3.67","Claire"
"Lucid Dream","5855","Lucid Dream","378600","18120","1374","9","73","0","0","20.89","Lucid Dream"
"Zombie Night Terror","5856","Zombie Night Terror","377940","67500","157","4","317","0","0","5.6","Zombie Night Terror"
"Layton's Mystery Journey: Katrielle and the Millionaires' Conspiracy","5857","Layton's Mystery Journey: Katrielle and the Millionaires' Conspiracy","377880","22740","1484","2","50","0","0","16.62","Layton's Mystery Journey: Katrielle and the Millionaires' Conspiracy"
"de Blob","5858","de Blob","377580","48720","1719","4","134","0","0","7.75","de Blob"
"The Invisible Hours","5859","The Invisible Hours","377340","45540","1664","7","193","0","0","8.29","The Invisible Hours"
"Final Fantasy Fables: Chocobo Tales","5860","Final Fantasy Fables: Chocobo Tales","377040","3600","1375","1","10","0","0","104.73","Final Fantasy Fables: Chocobo Tales"
"Madagascar: Escape 2 Africa","5861","Madagascar: Escape 2 Africa","376680","5340","2471","1","28","0","0","70.54","Madagascar: Escape 2 Africa"
"Pokémon Trozei!","5862","Pokémon Trozei!","376680","1680","3627","1","10","0","0","224.21","Pokémon Trozei!"
"Interstellar Rift","5863","Interstellar Rift","376500","86220","204","4","164","0","0","4.37","Interstellar Rift"
"Without Escape","5864","Without Escape","376500","2640","1992","1","13","0","0","142.61","Without Escape"
"1001 Spikes","5865","1001 Spikes","376500","33180","807","2","131","0","0","11.35","1001 Spikes"
"The Revenge of Shinobi","5866","The Revenge of Shinobi","376440","20400","1088","4","80","0","0","18.45","The Revenge of Shinobi"
"The Alliance Alive","5867","The Alliance Alive","376260","24480","136","2","25","0","0","15.37","The Alliance Alive"
"Yu-Gi-Oh! Duel Generation","5868","Yu-Gi-Oh! Duel Generation","376080","6240","497","2","25","0","0","60.27","Yu-Gi-Oh! Duel Generation"
"Noitu Love 2: Devolution","5869","Noitu Love 2: Devolution","375540","3360","2959","1","22","0","0","111.77","Noitu Love 2: Devolution"
"Sylphia","5870","Sylphia","375480","360","2808","1","2","0","0","1043","Sylphia"
"Gladiator School","5871","Gladiator School","375420","9000","1009","2","34","0","0","41.71","Gladiator School"
"The Mummy Demastered","5872","The Mummy Demastered","375420","83820","131","3","220","0","0","4.48","The Mummy Demastered"
"Thea 2: The Shattering","5873","Thea 2: The Shattering","375120","34980","133","5","62","0","0","10.72","Thea 2: The Shattering"
"A Nightmare on Elm Street","5874","A Nightmare on Elm Street","375060","16320","520","2","71","0","0","22.98","A Nightmare on Elm Street"
"Castlevania: Harmony of Despair","5875","Castlevania: Harmony of Despair","374940","91860","235","4","154","0","0","4.08","Castlevania: Harmony of Despair"
"R.B.I. Baseball 16","5876","R.B.I. Baseball 16","374640","5640","409","1","33","0","0","66.43","R.B.I. Baseball 16"
"Star Wars","5877","Star Wars","374580","74220","526","9","198","0","0","5.05","Star Wars"
"beatmania IIDX INFINITAS","5878","beatmania IIDX INFINITAS","374460","109140","81","4","109","0","0","3.43","beatmania IIDX INFINITAS"
"VCB: Why City - The Ballad Of Drunk Khovansky","5879","VCB: Why City - The Ballad Of Drunk Khovansky","374460","22620","1704","3","195","0","0","16.55","VCB: Why City - The Ballad Of Drunk Khovansky"
"Alicemare","5880","Alicemare","374220","38400","857","2","164","0","0","9.75","Alicemare"
"The Garfield Show: Threat of the Space Lasagna","5881","The Garfield Show: Threat of the Space Lasagna","374160","720","3549","1","4","0","0","519.67","The Garfield Show: Threat of the Space Lasagna"
"Eador: Genesis","5882","Eador: Genesis","374100","44340","85","2","22","0","0","8.44","Eador: Genesis"
"The Howler","5883","The Howler","374040","12720","1622","2","42","0","0","29.41","The Howler"
"At Sundown","5884","At Sundown","373320","14280","1216","5","101","0","0","26.14","At Sundown"
"Tales from Candlekeep: Tomb of Annihilation","5885","Tales from Candlekeep: Tomb of Annihilation","373140","85680","1496","6","385","0","0","4.36","Tales from Candlekeep: Tomb of Annihilation"
"FlatOut: Ultimate Carnage","5886","FlatOut: Ultimate Carnage","373140","39000","1323","3","171","0","0","9.57","FlatOut: Ultimate Carnage"
"WWE SmackDown! vs. RAW 2010","5887","WWE SmackDown! vs. RAW 2010","372840","7500","1733","2","28","0","0","49.71","WWE SmackDown! vs. RAW 2010"
"18 Wheels of Steel American Long Haul","5888","18 Wheels of Steel American Long Haul","372660","4380","1256","1","17","0","0","85.08","18 Wheels of Steel American Long Haul"
"ESPN NFL Football","5889","ESPN NFL Football","372480","13920","707","11","67","0","0","26.76","ESPN NFL Football"
"Choro-Q Hyper GB","5890","Choro-Q Hyper GB","372180","60","6309","1","1","0","0","6203","Choro-Q Hyper GB"
"Glass Masquerade","5891","Glass Masquerade","371940","31620","567","2","126","0","0","11.76","Glass Masquerade"
"Drone Racing League Simulator","5892","Drone Racing League Simulator","371940","79140","124","4","134","0","0","4.7","Drone Racing League Simulator"
"MegaMari","5893","MegaMari","371880","11760","2738","3","27","0","0","31.62","MegaMari"
"J-Stars Victory Vs+","5894","J-Stars Victory Vs+","371880","157920","439","5","926","0","0","2.35","J-Stars Victory Vs+"
"Zombidle","5895","Zombidle","371700","81660","289","3","57","0","0","4.55","Zombidle"
"Windosill","5896","Windosill","371520","1200","6125","1","14","0","0","309.6","Windosill"
"Mechanism","5897","Mechanism","371340","9000","1485","3","65","0","0","41.26","Mechanism"
"Buffy the Vampire Slayer","5898","Buffy the Vampire Slayer","371280","5220","525","1","19","0","0","71.13","Buffy the Vampire Slayer"
"Ittle Dew 2","5899","Ittle Dew 2","371280","39840","536","3","107","0","0","9.32","Ittle Dew 2"
"Wild Guns Reloaded","5900","Wild Guns Reloaded","370980","33660","1563","4","196","0","0","11.02","Wild Guns Reloaded"