"","","Game","Watch time","Stream time","Peak viewers","Peak channels","Streamers","Average viewers","Average channels","Average viewer ratio",""
"Dracula","9501","Dracula","84840","1260","495","1","11","0","0","67.33","Dracula"
"Death Gate","9502","Death Gate","84780","3780","159","1","4","0","0","22.43","Death Gate"
"Lineage III","9503","Lineage III","84780","28860","31","2","32","0","0","2.94","Lineage III"
"Silent Hill Experience","9504","Silent Hill Experience","84720","1680","108","1","9","0","0","50.43","Silent Hill Experience"
"Thunder Force III","9505","Thunder Force III","84720","1800","1207","1","15","0","0","47.07","Thunder Force III"
"Anticipation","9506","Anticipation","84720","3360","439","2","27","0","0","25.21","Anticipation"
"Star Trek 25th Anniversary","9507","Star Trek 25th Anniversary","84660","3180","164","1","17","0","0","26.62","Star Trek 25th Anniversary"
"Kinnikuman: Dirty Challenger","9508","Kinnikuman: Dirty Challenger","84540","780","1388","1","3","0","0","108.38","Kinnikuman: Dirty Challenger"
"Egg","9509","Egg","84480","2940","620","1","6","0","0","28.73","Egg"
"Disney's Pocahontas","9510","Disney's Pocahontas","84480","6840","624","2","13","0","0","12.35","Disney's Pocahontas"
"Sherlock Holmes: The Awakened","9511","Sherlock Holmes: The Awakened","84420","18900","444","2","49","0","0","4.47","Sherlock Holmes: The Awakened"
"RollerCoaster Tycoon 3: Soaked!","9512","RollerCoaster Tycoon 3: Soaked!","84420","6540","469","2","52","0","0","12.91","RollerCoaster Tycoon 3: Soaked!"
"Spy Fiction","9513","Spy Fiction","84360","3360","301","1","8","0","0","25.11","Spy Fiction"
"Madden NFL Football","9514","Madden NFL Football","84300","4980","441","2","20","0","0","16.93","Madden NFL Football"
"Uncharted Water Online: Cruz del Sur","9515","Uncharted Water Online: Cruz del Sur","84240","10380","34","2","10","0","0","8.12","Uncharted Water Online: Cruz del Sur"
"Sky Rogue","9516","Sky Rogue","84180","14640","112","2","74","0","0","5.75","Sky Rogue"
"Mercs","9517","Mercs","84180","28620","133","2","14","0","0","2.94","Mercs"
"Punch Line","9518","Punch Line","84180","10860","170","2","56","0","0","7.75","Punch Line"
"Airheart","9519","Airheart","84180","3360","331","2","35","0","0","25.05","Airheart"
"Autobahn Police Simulator","9520","Autobahn Police Simulator","84120","3540","908","1","24","0","0","23.76","Autobahn Police Simulator"
"Eternal Fighter Zero","9521","Eternal Fighter Zero","84060","13500","30","2","18","0","0","6.23","Eternal Fighter Zero"
"The Lost Crown: A Ghost-Hunting Adventure","9522","The Lost Crown: A Ghost-Hunting Adventure","84000","17880","22","2","31","0","0","4.7","The Lost Crown: A Ghost-Hunting Adventure"
"Interstate '76","9523","Interstate '76","84000","3120","124","1","10","0","0","26.92","Interstate '76"
"Block Sport","9524","Block Sport","84000","10980","248","10","37","0","0","7.65","Block Sport"
"Deck Casters","9525","Deck Casters","84000","1440","960","2","15","0","0","58.33","Deck Casters"
"The Last Leviathan","9526","The Last Leviathan","83940","1920","523","1","11","0","0","43.72","The Last Leviathan"
"Disney's Meet the Robinsons","9527","Disney's Meet the Robinsons","83880","10620","166","1","10","0","0","7.9","Disney's Meet the Robinsons"
"Mario Kart: Super Circuit","9528","Mario Kart: Super Circuit","83880","17940","217","2","103","0","0","4.68","Mario Kart: Super Circuit"
"Pickle Wars","9529","Pickle Wars","83880","4200","1444","3","11","0","0","19.97","Pickle Wars"
"Pringles Game","9530","Pringles Game","83820","5460","765","3","19","0","0","15.35","Pringles Game"
"Adventure","9531","Adventure","83820","57720","122","3","162","0","0","1.45","Adventure"
"!WOW!","9532","!WOW!","83820","39600","121","2","301","0","0","2.12","!WOW!"
"Rugrats: Scavenger Hunt","9533","Rugrats: Scavenger Hunt","83820","2040","298","1","18","0","0","41.09","Rugrats: Scavenger Hunt"
"Back to the Future Part III","9534","Back to the Future Part III","83820","1440","559","2","9","0","0","58.21","Back to the Future Part III"
"Evolution: The World of Sacred Device","9535","Evolution: The World of Sacred Device","83820","9540","33","1","16","0","0","8.79","Evolution: The World of Sacred Device"
"Hello Kitty Cutie World","9536","Hello Kitty Cutie World","83820","38580","216","3","74","0","0","2.17","Hello Kitty Cutie World"
"2nd Super Robot Wars Original Generation","9537","2nd Super Robot Wars Original Generation","83760","13260","23","2","6","0","0","6.32","2nd Super Robot Wars Original Generation"
"Cave Noire","9538","Cave Noire","83760","4620","1246","4","9","0","0","18.13","Cave Noire"
"Naruto Shippuden: The New Era","9539","Naruto Shippuden: The New Era","83760","480","1350","1","4","0","0","174.5","Naruto Shippuden: The New Era"
"Ratty Catty","9540","Ratty Catty","83700","2520","962","3","20","0","0","33.21","Ratty Catty"
"Elliot Quest","9541","Elliot Quest","83700","11700","442","1","27","0","0","7.15","Elliot Quest"
"Are You Smarter Than a 5th Grader?","9542","Are You Smarter Than a 5th Grader?","83700","480","1094","2","5","0","0","174.38","Are You Smarter Than a 5th Grader?"
"Call of Cthulhu: Shadow of the Comet","9543","Call of Cthulhu: Shadow of the Comet","83700","11100","54","1","33","0","0","7.54","Call of Cthulhu: Shadow of the Comet"
"Solstice Chronicles: M.I.A.","9544","Solstice Chronicles: M.I.A.","83640","900","881","1","4","0","0","92.93","Solstice Chronicles: M.I.A."
"Humphrey","9545","Humphrey","83640","60","1432","1","1","0","0","1394","Humphrey"
"Pontifex","9546","Pontifex","83640","420","2783","2","3","0","0","199.14","Pontifex"
"StarHorse Pocket","9547","StarHorse Pocket","83520","840","159","1","2","0","0","99.43","StarHorse Pocket"
"My Horse & Me 2","9548","My Horse & Me 2","83520","1620","447","1","3","0","0","51.56","My Horse & Me 2"
"Gauntlet: Seven Sorrows","9549","Gauntlet: Seven Sorrows","83520","360","844","2","4","0","0","232","Gauntlet: Seven Sorrows"
"Gemstone IV","9550","Gemstone IV","83460","20940","29","2","23","0","0","3.99","Gemstone IV"
"Only If","9551","Only If","83400","9960","245","2","79","0","0","8.37","Only If"
"Phantasy Star Online","9552","Phantasy Star Online","83400","26940","80","3","78","0","0","3.1","Phantasy Star Online"
"Arthur's Pet Chase","9553","Arthur's Pet Chase","83400","420","559","1","3","0","0","198.57","Arthur's Pet Chase"
"Jettomero: Hero of the Universe","9554","Jettomero: Hero of the Universe","83400","11340","233","2","28","0","0","7.35","Jettomero: Hero of the Universe"
"Track & Field II","9555","Track & Field II","83220","2100","423","1","10","0","0","39.63","Track & Field II"
"Lifestream","9556","Lifestream","83160","137580","145","4","167","0","0","0.6","Lifestream"
"Pink Panther Hocus Pocus Pink","9557","Pink Panther Hocus Pocus Pink","83100","1920","289","1","11","0","0","43.28","Pink Panther Hocus Pocus Pink"
"Half Life 2: Survivor","9558","Half Life 2: Survivor","83100","32400","60","2","190","0","0","2.56","Half Life 2: Survivor"
"Pocket Monsters Advanced Generation: Minna de Pico Pokémon Waiwai Battle!","9559","Pocket Monsters Advanced Generation: Minna de Pico Pokémon Waiwai Battle!","83040","2760","55","1","3","0","0","30.09","Pocket Monsters Advanced Generation: Minna de Pico Pokémon Waiwai Battle!"
"CSI","9560","CSI","82980","2400","456","1","24","0","0","34.58","CSI"
"Forced","9561","Forced","82920","32160","178","4","128","0","0","2.58","Forced"
"Stratego","9562","Stratego","82860","2640","194","1","14","0","0","31.39","Stratego"
"Tempest 4000","9563","Tempest 4000","82860","11940","142","4","67","0","0","6.94","Tempest 4000"
"Azuran Tales: Trials","9564","Azuran Tales: Trials","82800","1920","148","1","13","0","0","43.13","Azuran Tales: Trials"
"Battle Ages","9565","Battle Ages","82800","54780","93","2","162","0","0","1.51","Battle Ages"
"Incredible Crisis","9566","Incredible Crisis","82800","6660","426","1","40","0","0","12.43","Incredible Crisis"
"Tiny and Big: Grandpa's Leftovers","9567","Tiny and Big: Grandpa's Leftovers","82740","19500","42","2","114","0","0","4.24","Tiny and Big: Grandpa's Leftovers"
"Little Busters!","9568","Little Busters!","82680","24180","29","2","38","0","0","3.42","Little Busters!"
"Superbrothers: Sword & Sworcery EP","9569","Superbrothers: Sword & Sworcery EP","82680","16800","102","2","81","0","0","4.92","Superbrothers: Sword & Sworcery EP"
"Shadowrun Chronicles: Boston Lockdown","9570","Shadowrun Chronicles: Boston Lockdown","82620","25740","166","3","54","0","0","3.21","Shadowrun Chronicles: Boston Lockdown"
"Cyberswine","9571","Cyberswine","82560","420","635","1","2","0","0","196.57","Cyberswine"
"Cheap Golf","9572","Cheap Golf","82500","1500","417","2","12","0","0","55","Cheap Golf"
"Blasters of the Universe","9573","Blasters of the Universe","82500","10380","218","2","79","0","0","7.95","Blasters of the Universe"
"RUiN","9574","RUiN","82440","300","859","1","2","0","0","274.8","RUiN"
"Dead of the Brain: Shiryou no Sakebi","9575","Dead of the Brain: Shiryou no Sakebi","82440","840","860","1","1","0","0","98.14","Dead of the Brain: Shiryou no Sakebi"
"Atelier Meruru: The Apprentice of Arland","9576","Atelier Meruru: The Apprentice of Arland","82440","24960","70","3","22","0","0","3.3","Atelier Meruru: The Apprentice of Arland"
"Dynasty Warriors: Gundam","9577","Dynasty Warriors: Gundam","82380","5160","88","1","12","0","0","15.97","Dynasty Warriors: Gundam"
"Champions of Regnum","9578","Champions of Regnum","82380","44400","22","3","80","0","0","1.86","Champions of Regnum"
"Dragon Ball Z: Budokai HD Collection","9579","Dragon Ball Z: Budokai HD Collection","82380","9900","309","2","36","0","0","8.32","Dragon Ball Z: Budokai HD Collection"
"Cities in Motion 2","9580","Cities in Motion 2","82380","22080","166","3","94","0","0","3.73","Cities in Motion 2"
"The Flower Shop: Summer in Fairbrook","9581","The Flower Shop: Summer in Fairbrook","82320","1020","198","1","3","0","0","80.71","The Flower Shop: Summer in Fairbrook"
"Rainswept","9582","Rainswept","82320","1740","507","2","16","0","0","47.31","Rainswept"
"Mouse Trap","9583","Mouse Trap","82260","5700","1321","1","7","0","0","14.43","Mouse Trap"
"Van Helsing","9584","Van Helsing","82260","14100","251","2","61","0","0","5.83","Van Helsing"
"Pandora's Tower","9585","Pandora's Tower","82260","26520","53","3","33","0","0","3.1","Pandora's Tower"
"Fright Night","9586","Fright Night","82260","1680","170","3","7","0","0","48.96","Fright Night"
"Nancy Drew: The Secret of Shadow Ranch","9587","Nancy Drew: The Secret of Shadow Ranch","82200","15660","24","3","37","0","0","5.25","Nancy Drew: The Secret of Shadow Ranch"
"Project Nimbus","9588","Project Nimbus","82140","15060","115","3","83","0","0","5.45","Project Nimbus"
"Sid Meier's Colonization","9589","Sid Meier's Colonization","82080","19500","80","3","53","0","0","4.21","Sid Meier's Colonization"
"The Chronicles of Narnia: The Lion, the Witch and the Wardrobe","9590","The Chronicles of Narnia: The Lion, the Witch and the Wardrobe","82020","5400","195","1","22","0","0","15.19","The Chronicles of Narnia: The Lion, the Witch and the Wardrobe"
"You Are Empty","9591","You Are Empty","82020","12180","277","2","38","0","0","6.73","You Are Empty"
"Linelight","9592","Linelight","82020","7440","126","1","32","0","0","11.02","Linelight"
"Cozy Fire","9593","Cozy Fire","82020","240","1355","1","2","0","0","341.75","Cozy Fire"
"Puella Magi Madoka Magica Side Story: Magia Record","9594","Puella Magi Madoka Magica Side Story: Magia Record","81960","38100","150","3","46","0","0","2.15","Puella Magi Madoka Magica Side Story: Magia Record"
"Zap!","9595","Zap!","81960","2400","759","4","21","0","0","34.15","Zap!"
"Card Monsters","9596","Card Monsters","81900","13740","125","2","30","0","0","5.96","Card Monsters"
"Montezuma's Return","9597","Montezuma's Return","81900","840","134","1","1","0","0","97.5","Montezuma's Return"
"Halo: Spartan Strike","9598","Halo: Spartan Strike","81840","7500","165","2","31","0","0","10.91","Halo: Spartan Strike"
"Metal Slug Defense","9599","Metal Slug Defense","81780","6420","415","2","26","0","0","12.74","Metal Slug Defense"
"Toxikk","9600","Toxikk","81720","44160","95","3","338","0","0","1.85","Toxikk"