"","","Game","Watch time","Stream time","Peak viewers","Peak channels","Streamers","Average viewers","Average channels","Average viewer ratio",""
"Long Night","10301","Long Night","63720","1440","157","1","5","0","0","44.25","Long Night"
"IO","10302","IO","63720","25080","37","2","160","0","0","2.54","IO"
"Axie Infinity","10303","Axie Infinity","63660","4920","60","1","10","0","0","12.94","Axie Infinity"
"Crazy Justice","10304","Crazy Justice","63540","5640","106","6","25","0","0","11.27","Crazy Justice"
"Marble Blast","10305","Marble Blast","63540","18660","29","2","77","0","0","3.41","Marble Blast"
"Atelier Shallie: Alchemists of the Dusk Sea","10306","Atelier Shallie: Alchemists of the Dusk Sea","63540","9600","88","1","17","0","0","6.62","Atelier Shallie: Alchemists of the Dusk Sea"
"The Hardest Thing","10307","The Hardest Thing","63540","120","538","1","1","0","0","529.5","The Hardest Thing"
"Servant of Thrones","10308","Servant of Thrones","63540","4140","152","2","11","0","0","15.35","Servant of Thrones"
"Dance On","10309","Dance On","63540","15720","442","2","56","0","0","4.04","Dance On"
"Shin Megami Tensei: Synchronicity Prologue","10310","Shin Megami Tensei: Synchronicity Prologue","63480","16680","153","2","52","0","0","3.81","Shin Megami Tensei: Synchronicity Prologue"
"Forma.8","10311","Forma.8","63480","25440","197","3","130","0","0","2.5","Forma.8"
"Fallout Online","10312","Fallout Online","63480","24420","60","2","39","0","0","2.6","Fallout Online"
"Draw Something 2","10313","Draw Something 2","63420","1920","384","2","16","0","0","33.03","Draw Something 2"
"Super Bowl","10314","Super Bowl","63420","1140","1184","1","6","0","0","55.63","Super Bowl"
"100NHAS","10315","100NHAS","63360","3600","40","1","3","0","0","17.6","100NHAS"
"Otocky","10316","Otocky","63360","660","271","1","3","0","0","96","Otocky"
"Sweet Dreams","10317","Sweet Dreams","63360","26520","8","1","2","0","0","2.39","Sweet Dreams"
"Elf Bowling","10318","Elf Bowling","63240","1080","518","1","8","0","0","58.56","Elf Bowling"
"Proteus","10319","Proteus","63240","18780","109","2","86","0","0","3.37","Proteus"
"Gouketsuji Ichizoku Matsuri Senzo Kuyou","10320","Gouketsuji Ichizoku Matsuri Senzo Kuyou","63120","840","228","1","2","0","0","75.14","Gouketsuji Ichizoku Matsuri Senzo Kuyou"
"Christmas Stories: The Gift of the Magi","10321","Christmas Stories: The Gift of the Magi","63120","5760","175","3","21","0","0","10.96","Christmas Stories: The Gift of the Magi"
"Warmode","10322","Warmode","63060","33060","36","3","248","0","0","1.91","Warmode"
"Sadness","10323","Sadness","63060","28920","14","2","25","0","0","2.18","Sadness"
"Chocobo no Fushigina Dungeon","10324","Chocobo no Fushigina Dungeon","63000","5280","113","2","10","0","0","11.93","Chocobo no Fushigina Dungeon"
"Never Give Up","10325","Never Give Up","63000","1260","394","1","7","0","0","50","Never Give Up"
"Diamond Hunt","10326","Diamond Hunt","62940","1920","156","1","4","0","0","32.78","Diamond Hunt"
"Tsuyokiss","10327","Tsuyokiss","62880","2340","40","1","1","0","0","26.87","Tsuyokiss"
"Marathon Infinity","10328","Marathon Infinity","62880","9240","254","1","19","0","0","6.81","Marathon Infinity"
"Rune Factory 3: A Fantasy Harvest Moon","10329","Rune Factory 3: A Fantasy Harvest Moon","62820","13200","150","1","29","0","0","4.76","Rune Factory 3: A Fantasy Harvest Moon"
"Bell Ringer","10330","Bell Ringer","62820","540","443","1","4","0","0","116.33","Bell Ringer"
"Taito Variety Pack","10331","Taito Variety Pack","62760","2580","261","1","5","0","0","24.33","Taito Variety Pack"
"Elmo's Letter Adventure","10332","Elmo's Letter Adventure","62760","2220","501","1","12","0","0","28.27","Elmo's Letter Adventure"
"Super Hunchback","10333","Super Hunchback","62760","600","567","2","4","0","0","104.6","Super Hunchback"
"Zynga Poker","10334","Zynga Poker","62700","25140","247","4","167","0","0","2.49","Zynga Poker"
"Disney's The Little Mermaid","10335","Disney's The Little Mermaid","62700","14520","198","2","56","0","0","4.32","Disney's The Little Mermaid"
"The assistant class representative wants to help!!","10336","The assistant class representative wants to help!!","62700","480","563","1","4","0","0","130.63","The assistant class representative wants to help!!"
"Guardians of Ember","10337","Guardians of Ember","62700","29760","16","3","76","0","0","2.11","Guardians of Ember"
"Eventide: Slavic Fable","10338","Eventide: Slavic Fable","62640","13140","53","2","56","0","0","4.77","Eventide: Slavic Fable"
"Recursed","10339","Recursed","62640","12660","37","5","38","0","0","4.95","Recursed"
"The Spongebob Squarepants Movie Game","10340","The Spongebob Squarepants Movie Game","62640","23940","32","3","90","0","0","2.62","The Spongebob Squarepants Movie Game"
"Of Orcs and Men","10341","Of Orcs and Men","62640","17100","161","3","43","0","0","3.66","Of Orcs and Men"
"Deception IV: The Nightmare Princess","10342","Deception IV: The Nightmare Princess","62640","18600","73","2","79","0","0","3.37","Deception IV: The Nightmare Princess"
"Galaxy Fight: Universal Warriors","10343","Galaxy Fight: Universal Warriors","62640","18300","13","1","6","0","0","3.42","Galaxy Fight: Universal Warriors"
"Cyber Knight","10344","Cyber Knight","62640","2760","137","1","2","0","0","22.7","Cyber Knight"
"Cursed Mountain","10345","Cursed Mountain","62640","4740","64","1","14","0","0","13.22","Cursed Mountain"
"Elminage Gothic","10346","Elminage Gothic","62580","20280","48","2","9","0","0","3.09","Elminage Gothic"
"Zen Bound 2","10347","Zen Bound 2","62580","3000","453","1","18","0","0","20.86","Zen Bound 2"
"Alternative Girls","10348","Alternative Girls","62580","32640","17","2","35","0","0","1.92","Alternative Girls"
"Tom Clancy's Rainbow Six: Lone Wolf","10349","Tom Clancy's Rainbow Six: Lone Wolf","62520","960","290","1","2","0","0","65.13","Tom Clancy's Rainbow Six: Lone Wolf"
"Fighting Fantasy Legends","10350","Fighting Fantasy Legends","62520","5640","61","2","32","0","0","11.09","Fighting Fantasy Legends"
"Interstellar Marines","10351","Interstellar Marines","62520","16800","660","2","90","0","0","3.72","Interstellar Marines"
"Super Mario Bros. 3: Super Mario Advance 4","10352","Super Mario Bros. 3: Super Mario Advance 4","62520","14460","222","2","81","0","0","4.32","Super Mario Bros. 3: Super Mario Advance 4"
"Axelay","10353","Axelay","62520","8400","223","6","40","0","0","7.44","Axelay"
"Camp W","10354","Camp W","62460","4020","78","3","16","0","0","15.54","Camp W"
"Pool of Radiance: Ruins of Myth Drannor","10355","Pool of Radiance: Ruins of Myth Drannor","62460","7080","839","1","4","0","0","8.82","Pool of Radiance: Ruins of Myth Drannor"
"Ranma 1/2: Hard Battle","10356","Ranma 1/2: Hard Battle","62400","720","698","2","8","0","0","86.67","Ranma 1/2: Hard Battle"
"Bunker Punks","10357","Bunker Punks","62400","10620","187","2","60","0","0","5.88","Bunker Punks"
"The Idolmaster Million Live!","10358","The Idolmaster Million Live!","62340","11400","88","2","35","0","0","5.47","The Idolmaster Million Live!"
"The Narrator is a DICK","10359","The Narrator is a DICK","62340","6960","184","2","52","0","0","8.96","The Narrator is a DICK"
"Occupy White Walls","10360","Occupy White Walls","62340","14520","181","3","73","0","0","4.29","Occupy White Walls"
"Boulder Dash","10361","Boulder Dash","62280","4560","102","3","15","0","0","13.66","Boulder Dash"
"Wolf & Rabbit","10362","Wolf & Rabbit","62220","3360","631","1","14","0","0","18.52","Wolf & Rabbit"
"Toilet Tycoon","10363","Toilet Tycoon","62220","5760","932","1","26","0","0","10.8","Toilet Tycoon"
"Monster Hunter 2","10364","Monster Hunter 2","62220","8820","41","2","21","0","0","7.05","Monster Hunter 2"
"Amulets and Armor","10365","Amulets and Armor","62100","1620","123","1","2","0","0","38.33","Amulets and Armor"
"Fairune Collection","10366","Fairune Collection","62100","5580","131","2","20","0","0","11.13","Fairune Collection"
"Alchemist Marie & Elie: Futari no Atelier","10367","Alchemist Marie & Elie: Futari no Atelier","62100","6360","87","2","8","0","0","9.76","Alchemist Marie & Elie: Futari no Atelier"
"Starborne: Sovereign Space","10368","Starborne: Sovereign Space","62100","8160","652","2","37","0","0","7.61","Starborne: Sovereign Space"
"KKND: Krush Kill 'n Destroy Xtreme","10369","KKND: Krush Kill 'n Destroy Xtreme","62040","10860","28","1","13","0","0","5.71","KKND: Krush Kill 'n Destroy Xtreme"
"Rambo III","10370","Rambo III","61980","10980","208","3","12","0","0","5.64","Rambo III"
"Moon Crystal","10371","Moon Crystal","61980","4080","123","2","13","0","0","15.19","Moon Crystal"
"King's Quest (tentative title)","10372","King's Quest (tentative title)","61980","6240","172","2","23","0","0","9.93","King's Quest (tentative title)"
"Hidden Objects Collection","10373","Hidden Objects Collection","61860","9600","53","2","18","0","0","6.44","Hidden Objects Collection"
"X2: The Threat","10374","X2: The Threat","61860","9360","139","2","20","0","0","6.61","X2: The Threat"
"Ghosts'n Demons","10375","Ghosts'n Demons","61860","3300","116","4","16","0","0","18.75","Ghosts'n Demons"
"Rayman Raving Rabbids 2","10376","Rayman Raving Rabbids 2","61800","1020","346","1","9","0","0","60.59","Rayman Raving Rabbids 2"
"Velvet Assassin","10377","Velvet Assassin","61800","15300","212","2","47","0","0","4.04","Velvet Assassin"
"Etherlords","10378","Etherlords","61800","4620","79","2","6","0","0","13.38","Etherlords"
"Mortal Weapon","10379","Mortal Weapon","61740","1560","127","1","2","0","0","39.58","Mortal Weapon"
"Tony Hawk's Proving Ground","10380","Tony Hawk's Proving Ground","61740","4620","84","1","18","0","0","13.36","Tony Hawk's Proving Ground"
"Army Men: Sarge's Heroes","10381","Army Men: Sarge's Heroes","61740","9900","216","1","32","0","0","6.24","Army Men: Sarge's Heroes"
"L-RPG","10382","L-RPG","61740","32820","13","2","9","0","0","1.88","L-RPG"
"Norse by Norse West: The Return of the Lost Vikings","10383","Norse by Norse West: The Return of the Lost Vikings","61680","3060","124","1","9","0","0","20.16","Norse by Norse West: The Return of the Lost Vikings"
"You Don't Know Jack: Volume 4: The Ride","10384","You Don't Know Jack: Volume 4: The Ride","61680","2520","197","2","23","0","0","24.48","You Don't Know Jack: Volume 4: The Ride"
"CrossCells","10385","CrossCells","61620","2040","221","1","13","0","0","30.21","CrossCells"
"Crisis on the Planet of the Apes","10386","Crisis on the Planet of the Apes","61560","1560","892","1","12","0","0","39.46","Crisis on the Planet of the Apes"
"Clue Chronicles: Fatal Illusion","10387","Clue Chronicles: Fatal Illusion","61560","840","585","1","5","0","0","73.29","Clue Chronicles: Fatal Illusion"
"House of 1000 Doors: Family Secrets","10388","House of 1000 Doors: Family Secrets","61560","7800","75","1","24","0","0","7.89","House of 1000 Doors: Family Secrets"
"Earth Defense Force 2025","10389","Earth Defense Force 2025","61560","20700","46","1","49","0","0","2.97","Earth Defense Force 2025"
"Initial D: Extreme Stage","10390","Initial D: Extreme Stage","61560","8760","155","2","35","0","0","7.03","Initial D: Extreme Stage"
"Monkey Business","10391","Monkey Business","61560","3180","99","1","5","0","0","19.36","Monkey Business"
"Carrier","10392","Carrier","61560","5280","796","1","21","0","0","11.66","Carrier"
"The Mummy","10393","The Mummy","61560","7260","90","1","21","0","0","8.48","The Mummy"
"American Conquest","10394","American Conquest","61500","29100","600","1","6","0","0","2.11","American Conquest"
"The Sims 3: Supernatural","10395","The Sims 3: Supernatural","61500","12660","330","2","43","0","0","4.86","The Sims 3: Supernatural"
"The Sand Man","10396","The Sand Man","61500","13080","41","3","50","0","0","4.7","The Sand Man"
"Mad Crown","10397","Mad Crown","61440","1140","196","1","10","0","0","53.89","Mad Crown"
"Le Tour de France 2016","10398","Le Tour de France 2016","61440","3780","312","1","5","0","0","16.25","Le Tour de France 2016"
"The Hidden: Source","10399","The Hidden: Source","61440","9540","213","3","83","0","0","6.44","The Hidden: Source"
"Pumped BMX+","10400","Pumped BMX+","61380","38040","29","3","276","0","0","1.61","Pumped BMX+"