"","","Game","Watch time","Stream time","Peak viewers","Peak channels","Streamers","Average viewers","Average channels","Average viewer ratio",""
"Beholder","801","Beholder","21784740","459480","12503","14","2293","41","0","47.41","Beholder"
"Jikkyou Powerful Pro Yakyuu 2018","802","Jikkyou Powerful Pro Yakyuu 2018","21767460","213060","7703","13","156","41","0","102.17","Jikkyou Powerful Pro Yakyuu 2018"
"The Legend of Zelda: Twilight Princess","803","The Legend of Zelda: Twilight Princess","21764460","1282020","2686","13","2141","41","2","16.98","The Legend of Zelda: Twilight Princess"
"Metal Gear Solid 4: Guns of the Patriots","804","Metal Gear Solid 4: Guns of the Patriots","21656940","422880","2677","7","448","41","0","51.21","Metal Gear Solid 4: Guns of the Patriots"
"Foxhole","805","Foxhole","21605280","1260060","8271","26","1856","41","2","17.15","Foxhole"
"Donut County","806","Donut County","21590880","244140","23705","49","1818","41","0","88.44","Donut County"
"Sonic Advance 3","807","Sonic Advance 3","21552420","21840","148483","12","88","41","0","986.83","Sonic Advance 3"
"Roll20 Virtual Tabletop","808","Roll20 Virtual Tabletop","21528480","1881000","15935","24","1761","40","3","11.45","Roll20 Virtual Tabletop"
"The Swords of Ditto","809","The Swords of Ditto","21480360","641940","25631","120","2536","40","1","33.46","The Swords of Ditto"
"Halo 2","810","Halo 2","21478560","639660","113571","15","1870","40","1","33.58","Halo 2"
"Night in the Woods","811","Night in the Woods","21444060","1037100","10235","15","3310","40","1","20.68","Night in the Woods"
"Pokkén Tournament","812","Pokkén Tournament","21385920","945840","33926","19","1665","40","1","22.61","Pokkén Tournament"
"BombTag","813","BombTag","21339360","181920","40643","11","1593","40","0","117.3","BombTag"
"Bayonetta","814","Bayonetta","21307140","1885080","32549","49","6279","40","3","11.3","Bayonetta"
"Heroes & Generals","815","Heroes & Generals","21278940","3520920","3238","28","7557","40","6","6.04","Heroes & Generals"
"Dissidia: Final Fantasy Opera Omnia","816","Dissidia: Final Fantasy Opera Omnia","21232440","1160040","2251","17","867","40","2","18.3","Dissidia: Final Fantasy Opera Omnia"
"Star Trek Online","817","Star Trek Online","21214680","3168180","1632","45","3833","40","6","6.7","Star Trek Online"
"Murderous Pursuits","818","Murderous Pursuits","21123240","299340","40074","33","2091","40","0","70.57","Murderous Pursuits"
"The King of Fighters XIV","819","The King of Fighters XIV","21099960","665400","13993","17","1628","40","1","31.71","The King of Fighters XIV"
"Under Night In-Birth Exe:Late[st]","820","Under Night In-Birth Exe:Late[st]","21036780","941100","14802","52","2691","40","1","22.35","Under Night In-Birth Exe:Late[st]"
"Dragon's Dogma: Dark Arisen","821","Dragon's Dogma: Dark Arisen","21012480","3672780","3672","28","7304","39","6","5.72","Dragon's Dogma: Dark Arisen"
"Protocol","822","Protocol","20787660","52140","25854","10","187","39","0","398.69","Protocol"
"Cube Escape: Paradox","823","Cube Escape: Paradox","20700300","172860","29101","17","857","39","0","119.75","Cube Escape: Paradox"
"Need for Speed Payback","824","Need for Speed Payback","20683680","3682680","4592","43","12700","39","7","5.62","Need for Speed Payback"
"Final Fantasy XII: The Zodiac Age","825","Final Fantasy XII: The Zodiac Age","20658060","2894520","4999","87","6840","39","5","7.14","Final Fantasy XII: The Zodiac Age"
"Dragon Age: Inquisition","826","Dragon Age: Inquisition","20548560","5354520","2546","34","10633","39","10","3.84","Dragon Age: Inquisition"
"Mass Effect 2","827","Mass Effect 2","20542800","2853180","1168","21","3839","39","5","7.2","Mass Effect 2"
"Spore","828","Spore","20501040","748800","14766","13","4368","39","1","27.38","Spore"
"Everybody's Golf","829","Everybody's Golf","20482440","516180","14247","10","1774","38","0","39.68","Everybody's Golf"
"BlazBlue: Central Fiction","830","BlazBlue: Central Fiction","20458320","848520","11490","14","3622","38","1","24.11","BlazBlue: Central Fiction"
"Lost In Vivo","831","Lost In Vivo","20382720","62040","30917","11","375","38","0","328.54","Lost In Vivo"
"Metroid: Zero Mission","832","Metroid: Zero Mission","20373540","533280","139138","14","949","38","1","38.2","Metroid: Zero Mission"
"Devil May Cry 4: Special Edition","833","Devil May Cry 4: Special Edition","20368200","2153100","14714","25","8450","38","4","9.46","Devil May Cry 4: Special Edition"
"Open Transport Tycoon Deluxe","834","Open Transport Tycoon Deluxe","20356320","192360","50281","9","475","38","0","105.82","Open Transport Tycoon Deluxe"
"Entropia Universe","835","Entropia Universe","20341560","2629440","1352","18","897","38","5","7.74","Entropia Universe"
"Naruto Shippuden: Ultimate Ninja Storm 4","836","Naruto Shippuden: Ultimate Ninja Storm 4","20328780","3173280","28766","33","16179","38","6","6.41","Naruto Shippuden: Ultimate Ninja Storm 4"
"Mabinogi","837","Mabinogi","20241540","2413740","6669","37","1911","38","4","8.39","Mabinogi"
"Twitch Sings","838","Twitch Sings","20176800","277620","20946","15","805","38","0","72.68","Twitch Sings"
"Inside","839","Inside","20161920","906480","14924","17","4916","38","1","22.24","Inside"
"Observer","840","Observer","20130720","1089720","6970","32","4918","38","2","18.47","Observer"
"Age of Empires III: The Asian Dynasties","841","Age of Empires III: The Asian Dynasties","20127180","1429140","983","14","1921","38","2","14.08","Age of Empires III: The Asian Dynasties"
"We Were Here","842","We Were Here","19978800","762480","32164","19","6635","38","1","26.2","We Were Here"
"Corruption","843","Corruption","19883040","28620","12322","6","117","37","0","694.73","Corruption"
"Dragon Warrior III","844","Dragon Warrior III","19868640","323880","128901","13","218","37","0","61.35","Dragon Warrior III"
"Bloodstained: Curse of the Moon","845","Bloodstained: Curse of the Moon","19861020","982620","10362","127","4060","37","1","20.21","Bloodstained: Curse of the Moon"
"Lisa","846","Lisa","19853940","453060","7293","7","1398","37","0","43.82","Lisa"
"Kingdom Hearts HD 1.5 + 2.5 Remix","847","Kingdom Hearts HD 1.5 + 2.5 Remix","19818120","1235820","4017","50","27644","37","2","16.04","Kingdom Hearts HD 1.5 + 2.5 Remix"
"Super Smash Bros.","848","Super Smash Bros.","19787880","703200","24837","51","2283","37","1","28.14","Super Smash Bros."
"Call of Duty: Infinite Warfare","849","Call of Duty: Infinite Warfare","19781100","7497240","1432","53","28929","37","14","2.64","Call of Duty: Infinite Warfare"
"Final Fantasy V","850","Final Fantasy V","19756380","1490940","3625","75","1393","37","2","13.25","Final Fantasy V"
"The Witcher 2: Assassins of Kings","851","The Witcher 2: Assassins of Kings","19733400","1792620","5929","18","3623","37","3","11.01","The Witcher 2: Assassins of Kings"
"Shadow Tactics: Blades of the Shogun","852","Shadow Tactics: Blades of the Shogun","19677180","705360","7815","14","2441","37","1","27.9","Shadow Tactics: Blades of the Shogun"
"Move or Die","853","Move or Die","19596720","375540","28998","10","3345","37","0","52.18","Move or Die"
"Furi","854","Furi","19516020","1254780","12369","21","6834","37","2","15.55","Furi"
"Rayman","855","Rayman","19485960","190500","110789","13","434","37","0","102.29","Rayman"
"CardLife","856","CardLife","19440720","278460","23117","26","1010","36","0","69.82","CardLife"
"Zelda II: The Adventure of Link","857","Zelda II: The Adventure of Link","19395120","1028160","8506","22","851","36","1","18.86","Zelda II: The Adventure of Link"
"Dissidia Final Fantasy NT","858","Dissidia Final Fantasy NT","19376160","3420660","8902","61","6233","36","6","5.66","Dissidia Final Fantasy NT"
"Rivals of Aether","859","Rivals of Aether","19371540","1417080","26800","27","3750","36","2","13.67","Rivals of Aether"
"Independence Day","860","Independence Day","19318140","6120","17139","4","31","36","0","3156.56","Independence Day"
"Soul Worker","861","Soul Worker","19292160","3329940","2676","47","3955","36","6","5.79","Soul Worker"
"Closed Nightmare","862","Closed Nightmare","19245240","61680","23582","28","132","36","0","312.02","Closed Nightmare"
"BattleBlock Theater","863","BattleBlock Theater","19241160","883800","82839","15","6158","36","1","21.77","BattleBlock Theater"
"Mad Max","864","Mad Max","19097520","5713560","12380","140","19251","36","10","3.34","Mad Max"
"X-COM: UFO Defense","865","X-COM: UFO Defense","19089960","320940","14964","6","318","36","0","59.48","X-COM: UFO Defense"
"The Wolf Among Us","866","The Wolf Among Us","19080120","1282380","11756","14","4083","36","2","14.88","The Wolf Among Us"
"Phantom Doctrine","867","Phantom Doctrine","19075920","478680","10837","74","920","36","0","39.85","Phantom Doctrine"
"Not Tonight","868","Not Tonight","19059420","198960","27338","20","811","36","0","95.8","Not Tonight"
"OneShot","869","OneShot","18969960","567300","18883","10","1961","36","1","33.44","OneShot"
"The Swordsmen X","870","The Swordsmen X","18954060","174780","21449","21","262","36","0","108.45","The Swordsmen X"
"The Jackbox Party Pack 2","871","The Jackbox Party Pack 2","18927240","947940","22789","23","6561","36","1","19.97","The Jackbox Party Pack 2"
"Chuchel","872","Chuchel","18901380","144600","37133","16","987","35","0","130.71","Chuchel"
"Disgaea 5: Alliance of Vengeance","873","Disgaea 5: Alliance of Vengeance","18889320","959580","112255","32","1658","35","1","19.68","Disgaea 5: Alliance of Vengeance"
"Choice Chamber","874","Choice Chamber","18879480","598800","12778","10","3505","35","1","31.53","Choice Chamber"
"Book of Demons","875","Book of Demons","18856260","402300","39327","42","1456","35","0","46.87","Book of Demons"
"Old School Musical","876","Old School Musical","18844920","157200","17067","16","731","35","0","119.88","Old School Musical"
"Professor Layton and the Curious Village","877","Professor Layton and the Curious Village","18775200","133980","6877","6","298","35","0","140.13","Professor Layton and the Curious Village"
"JoJo's Bizarre Adventure","878","JoJo's Bizarre Adventure","18671760","201300","6174","10","447","35","0","92.76","JoJo's Bizarre Adventure"
"Far Cry 3","879","Far Cry 3","18542280","2023920","9297","29","6642","35","3","9.16","Far Cry 3"
"Leisure Suit Larry: Wet Dreams Don't Dry","880","Leisure Suit Larry: Wet Dreams Don't Dry","18524280","174180","4364","33","470","35","0","106.35","Leisure Suit Larry: Wet Dreams Don't Dry"
"Metal Gear Solid: The Twin Snakes","881","Metal Gear Solid: The Twin Snakes","18454740","228420","132881","16","568","35","0","80.79","Metal Gear Solid: The Twin Snakes"
"Descenders","882","Descenders","18443520","208740","43300","24","957","35","0","88.36","Descenders"
"Mega Man 3","883","Mega Man 3","18387720","249600","144933","24","719","34","0","73.67","Mega Man 3"
"Dragon Quest VIII: Journey of the Cursed King","884","Dragon Quest VIII: Journey of the Cursed King","18380940","528720","15864","8","493","34","1","34.76","Dragon Quest VIII: Journey of the Cursed King"
"Fist of the North Star","885","Fist of the North Star","18334560","340740","18459","47","651","34","0","53.81","Fist of the North Star"
"World of Warcraft: Battle for Azeroth","886","World of Warcraft: Battle for Azeroth","18314400","5462460","5800","1659","10942","34","10","3.35","World of Warcraft: Battle for Azeroth"
"Marvel Future Fight","887","Marvel Future Fight","18172200","533640","10144","9","478","34","1","34.05","Marvel Future Fight"
"Weird Dreams","888","Weird Dreams","18152940","6780","10744","3","35","34","0","2677.42","Weird Dreams"
"Fire Emblem: The Sacred Stones","889","Fire Emblem: The Sacred Stones","18150420","385440","132578","11","801","34","0","47.09","Fire Emblem: The Sacred Stones"
"Secret of Evermore","890","Secret of Evermore","18116280","215880","117085","11","263","34","0","83.92","Secret of Evermore"
"Pokémon Black/White","891","Pokémon Black/White","18105600","1037280","6546","15","2985","34","1","17.45","Pokémon Black/White"
"Resident Evil Zero","892","Resident Evil Zero","18105540","1063620","3510","13","3339","34","2","17.02","Resident Evil Zero"
"Super Monkey Ball","893","Super Monkey Ball","18101940","139980","148741","11","379","34","0","129.32","Super Monkey Ball"
"Super Punch-Out!!","894","Super Punch-Out!!","18095640","75600","147152","4","464","34","0","239.36","Super Punch-Out!!"
"Guts and Glory","895","Guts and Glory","18069180","278880","39458","13","1965","34","0","64.79","Guts and Glory"
"Super Mario Bros. 2","896","Super Mario Bros. 2","18062400","292560","7931","16","918","34","0","61.74","Super Mario Bros. 2"
"The Legend of Zelda: Ocarina of Time 3D","897","The Legend of Zelda: Ocarina of Time 3D","18053700","359100","27218","8","526","34","0","50.27","The Legend of Zelda: Ocarina of Time 3D"
"Football","898","Football","18020580","195120","43799","12","778","34","0","92.36","Football"
"Bio Inc. Redemption","899","Bio Inc. Redemption","18002640","105360","31723","9","474","34","0","170.87","Bio Inc. Redemption"
"Lethal League Blaze","900","Lethal League Blaze","17989860","352920","30980","69","1753","34","0","50.97","Lethal League Blaze"