"","","Game","Watch time","Stream time","Peak viewers","Peak channels","Streamers","Average viewers","Average channels","Average viewer ratio",""
"The Punisher","3101","The Punisher","1796820","65640","2611","3","219","3","0","27.37","The Punisher"
"Pocket Mortys","3102","Pocket Mortys","1789080","30000","3894","3","193","3","0","59.64","Pocket Mortys"
"Indivisible","3103","Indivisible","1789020","16920","3413","4","92","3","0","105.73","Indivisible"
"F.E.A.R. 3","3104","F.E.A.R. 3","1788420","325680","3402","8","1502","3","0","5.49","F.E.A.R. 3"
"Lego Marvel Super Heroes 2","3105","Lego Marvel Super Heroes 2","1787580","255060","4712","6","1871","3","0","7.01","Lego Marvel Super Heroes 2"
"Grandia II","3106","Grandia II","1787400","208980","1254","4","349","3","0","8.55","Grandia II"
"Doodle God","3107","Doodle God","1786800","16680","3422","2","83","3","0","107.12","Doodle God"
"Digimon World 3","3108","Digimon World 3","1782720","176760","2106","4","274","3","0","10.09","Digimon World 3"
"A Chair in a Room: Greenwater","3109","A Chair in a Room: Greenwater","1782540","28140","2629","4","152","3","0","63.35","A Chair in a Room: Greenwater"
"Thief II: The Metal Age","3110","Thief II: The Metal Age","1777080","255780","3707","6","163","3","0","6.95","Thief II: The Metal Age"
"Wick","3111","Wick","1775700","60900","4263","3","454","3","0","29.16","Wick"
"Border Break","3112","Border Break","1774560","694500","688","49","943","3","1","2.56","Border Break"
"Melty Blood: Actress Again: Current Code","3113","Melty Blood: Actress Again: Current Code","1771860","119100","1775","4","482","3","0","14.88","Melty Blood: Actress Again: Current Code"
"Sniper Elite III","3114","Sniper Elite III","1771380","395940","2030","8","2354","3","0","4.47","Sniper Elite III"
"Suikoden","3115","Suikoden","1770840","210360","451","5","228","3","0","8.42","Suikoden"
"Robot Roller-Derby Disco Dodgeball","3116","Robot Roller-Derby Disco Dodgeball","1770120","92760","24332","6","596","3","0","19.08","Robot Roller-Derby Disco Dodgeball"
"Next Up Hero","3117","Next Up Hero","1769640","180900","4217","52","1087","3","0","9.78","Next Up Hero"
"Thea: The Awakening","3118","Thea: The Awakening","1767420","215880","2680","15","265","3","0","8.19","Thea: The Awakening"
"Skeleton","3119","Skeleton","1766460","1500","10700","2","10","3","0","1177.64","Skeleton"
"The Fidelio Incident","3120","The Fidelio Incident","1766280","19680","9749","2","94","3","0","89.75","The Fidelio Incident"
"Deadbolt","3121","Deadbolt","1766040","124200","10993","6","683","3","0","14.22","Deadbolt"
"Eden Star","3122","Eden Star","1765920","16800","4874","3","76","3","0","105.11","Eden Star"
"Airport CEO","3123","Airport CEO","1765740","80280","1410","3","268","3","0","21.99","Airport CEO"
"TT Isle Of Man","3124","TT Isle Of Man","1765680","217920","3051","12","605","3","0","8.1","TT Isle Of Man"
"Harry Potter and the Goblet of Fire","3125","Harry Potter and the Goblet of Fire","1764720","45600","2461","3","151","3","0","38.7","Harry Potter and the Goblet of Fire"
"Tekken Tag Tournament 2","3126","Tekken Tag Tournament 2","1764480","217140","1318","5","776","3","0","8.13","Tekken Tag Tournament 2"
"Journey to Silius","3127","Journey to Silius","1763520","10260","100450","10","40","3","0","171.88","Journey to Silius"
"WGT Golf","3128","WGT Golf","1760400","400680","150","6","105","3","0","4.39","WGT Golf"
"Mega Man Battle Network 3","3129","Mega Man Battle Network 3","1760220","163560","3063","8","206","3","0","10.76","Mega Man Battle Network 3"
"Bad Mojo Redux","3130","Bad Mojo Redux","1759200","5520","8679","4","30","3","0","318.7","Bad Mojo Redux"
"Thumper","3131","Thumper","1754100","286440","2912","6","1829","3","0","6.12","Thumper"
"AirMech Wastelands","3132","AirMech Wastelands","1753080","6900","24749","5","29","3","0","254.07","AirMech Wastelands"
"Garou: Mark of the Wolves","3133","Garou: Mark of the Wolves","1753020","62460","6704","2","240","3","0","28.07","Garou: Mark of the Wolves"
"Lost Odyssey","3134","Lost Odyssey","1752360","249720","1650","5","420","3","0","7.02","Lost Odyssey"
"Christmas Wonderland","3135","Christmas Wonderland","1752300","5700","9048","2","14","3","0","307.42","Christmas Wonderland"
"Tom Clancy's Rainbow Six: Vegas","3136","Tom Clancy's Rainbow Six: Vegas","1750740","282060","3241","7","1499","3","0","6.21","Tom Clancy's Rainbow Six: Vegas"
"Kingdom Hearts HD II.5 Remix","3137","Kingdom Hearts HD II.5 Remix","1750080","231720","1733","6","392","3","0","7.55","Kingdom Hearts HD II.5 Remix"
"Worms","3138","Worms","1749960","22860","7073","2","123","3","0","76.55","Worms"
"Pinball FX3","3139","Pinball FX3","1749960","313320","1640","8","937","3","0","5.59","Pinball FX3"
"Remnants of Naezith","3140","Remnants of Naezith","1748220","44040","4273","11","164","3","0","39.7","Remnants of Naezith"
"Breath of Fire IV","3141","Breath of Fire IV","1745700","135300","535","3","138","3","0","12.9","Breath of Fire IV"
"Billy Hatcher and the Giant Egg","3142","Billy Hatcher and the Giant Egg","1743960","77820","6122","3","183","3","0","22.41","Billy Hatcher and the Giant Egg"
"The Legend of Heroes: Trails in the Sky the 3rd","3143","The Legend of Heroes: Trails in the Sky the 3rd","1742160","208260","590","5","115","3","0","8.37","The Legend of Heroes: Trails in the Sky the 3rd"
"Deliverance","3144","Deliverance","1741920","1080","28570","3","5","3","0","1612.89","Deliverance"
"Kholat","3145","Kholat","1741380","166680","737","7","909","3","0","10.45","Kholat"
"The Suffering","3146","The Suffering","1739580","82080","808","3","193","3","0","21.19","The Suffering"
"Dark Deception","3147","Dark Deception","1738980","72840","14082","15","1002","3","0","23.87","Dark Deception"
"Obliteracers","3148","Obliteracers","1738380","4740","6642","3","27","3","0","366.75","Obliteracers"
"Persona 3: Dancing in Moonlight","3149","Persona 3: Dancing in Moonlight","1737180","213480","1184","46","1078","3","0","8.14","Persona 3: Dancing in Moonlight"
"Ikari Warriors","3150","Ikari Warriors","1736640","9780","749","2","16","3","0","177.57","Ikari Warriors"
"Star Ocean: The Last Hope","3151","Star Ocean: The Last Hope","1735500","406500","497","8","700","3","0","4.27","Star Ocean: The Last Hope"
"Tony Hawk's Pro Skater HD","3152","Tony Hawk's Pro Skater HD","1730520","49560","17248","3","314","3","0","34.92","Tony Hawk's Pro Skater HD"
"LEGO Marvel Super Heroes","3153","LEGO Marvel Super Heroes","1729860","297120","5983","12","1327","3","0","5.82","LEGO Marvel Super Heroes"
"Bermuda - Lost Survival","3154","Bermuda - Lost Survival","1729380","37020","12574","3","134","3","0","46.71","Bermuda - Lost Survival"
"Cookie Clicker","3155","Cookie Clicker","1729080","237900","3509","5","591","3","0","7.27","Cookie Clicker"
"Super Mario 64 DS","3156","Super Mario 64 DS","1723800","116940","2952","4","201","3","0","14.74","Super Mario 64 DS"
"Hacktag","3157","Hacktag","1723740","40020","3577","4","215","3","0","43.07","Hacktag"
"Boogeyman 2","3158","Boogeyman 2","1722540","13920","6558","4","112","3","0","123.75","Boogeyman 2"
"Medieval II: Total War","3159","Medieval II: Total War","1721820","263400","1204","5","665","3","0","6.54","Medieval II: Total War"
"Bionic Commando Rearmed","3160","Bionic Commando Rearmed","1721640","18660","18576","6","64","3","0","92.26","Bionic Commando Rearmed"
"SG/ZH School Girl/Zombie Hunter","3161","SG/ZH School Girl/Zombie Hunter","1721220","29340","24835","5","141","3","0","58.66","SG/ZH School Girl/Zombie Hunter"
"Mighty No. 9","3162","Mighty No. 9","1720860","373680","3272","19","2530","3","0","4.61","Mighty No. 9"
"WWE 2K17","3163","WWE 2K17","1720440","553380","1781","11","2179","3","1","3.11","WWE 2K17"
"Neverwinter Nights 2","3164","Neverwinter Nights 2","1719300","160800","8674","5","255","3","0","10.69","Neverwinter Nights 2"
"Sunless Sea","3165","Sunless Sea","1718820","197040","811","5","602","3","0","8.72","Sunless Sea"
"Faith of Danschant","3166","Faith of Danschant","1718460","59940","741","6","73","3","0","28.67","Faith of Danschant"
"Bad Dream: Coma","3167","Bad Dream: Coma","1718340","71220","2465","3","262","3","0","24.13","Bad Dream: Coma"
"Earthworm Jim 2","3168","Earthworm Jim 2","1716900","13620","8496","2","87","3","0","126.06","Earthworm Jim 2"
"Super Adventure Island","3169","Super Adventure Island","1716060","6600","37729","4","29","3","0","260.01","Super Adventure Island"
"Blue Dragon","3170","Blue Dragon","1715880","153000","1229","4","247","3","0","11.21","Blue Dragon"
"BattleRush","3171","BattleRush","1715640","58800","18998","4","256","3","0","29.18","BattleRush"
"It's Quiz Time","3172","It's Quiz Time","1714500","82860","1700","4","294","3","0","20.69","It's Quiz Time"
"Croc: Legend of the Gobbos","3173","Croc: Legend of the Gobbos","1713060","60120","4593","4","198","3","0","28.49","Croc: Legend of the Gobbos"
"Children of Morta","3174","Children of Morta","1712520","2340","12232","1","12","3","0","731.85","Children of Morta"
"Cube Escape: Case 23","3175","Cube Escape: Case 23","1711860","11580","9370","2","68","3","0","147.83","Cube Escape: Case 23"
"The Final Station","3176","The Final Station","1711500","166020","934","6","777","3","0","10.31","The Final Station"
"Soldier of Fortune","3177","Soldier of Fortune","1711080","41220","2884","3","142","3","0","41.51","Soldier of Fortune"
"The Golf Club 2","3178","The Golf Club 2","1710480","426660","1789","8","757","3","0","4.01","The Golf Club 2"
"Gift","3179","Gift","1709880","7020","83773","4","17","3","0","243.57","Gift"
"Neverending Nightmares","3180","Neverending Nightmares","1707300","76680","5215","4","402","3","0","22.27","Neverending Nightmares"
"Starsector","3181","Starsector","1706460","115860","965","6","148","3","0","14.73","Starsector"
"Cossacks 3","3182","Cossacks 3","1701720","239100","2498","7","684","3","0","7.12","Cossacks 3"
"Orcs Must Die! Unchained","3183","Orcs Must Die! Unchained","1700460","545640","457","10","2111","3","1","3.12","Orcs Must Die! Unchained"
"Risen 2: Dark Waters","3184","Risen 2: Dark Waters","1698540","106800","930","4","162","3","0","15.9","Risen 2: Dark Waters"
"Break The Targets","3185","Break The Targets","1696860","2400","28008","2","11","3","0","707.03","Break The Targets"
"Little Witch Academia: Toki no Maho to Nana Fushigi","3186","Little Witch Academia: Toki no Maho to Nana Fushigi","1696260","152160","3188","17","459","3","0","11.15","Little Witch Academia: Toki no Maho to Nana Fushigi"
"Guild of Dungeoneering","3187","Guild of Dungeoneering","1695960","159120","2446","7","739","3","0","10.66","Guild of Dungeoneering"
"Door","3188","Door","1695000","7980","5027","2","44","3","0","212.41","Door"
"Def Jam: Fight for NY","3189","Def Jam: Fight for NY","1693320","107940","3835","4","436","3","0","15.69","Def Jam: Fight for NY"
"Dread of Laughter","3190","Dread of Laughter","1693260","4740","16225","2","44","3","0","357.23","Dread of Laughter"
"Ride 2","3191","Ride 2","1686360","283800","14182","6","1279","3","0","5.94","Ride 2"
"Need for Speed Edge","3192","Need for Speed Edge","1685880","213780","6338","10","309","3","0","7.89","Need for Speed Edge"
"Killer Queen","3193","Killer Queen","1685700","96600","5934","4","39","3","0","17.45","Killer Queen"
"Hand of the Gods","3194","Hand of the Gods","1685340","316080","252","11","967","3","0","5.33","Hand of the Gods"
"Valkyrie Profile","3195","Valkyrie Profile","1685160","160860","1760","4","216","3","0","10.48","Valkyrie Profile"
"Death Squared","3196","Death Squared","1684500","98160","5472","10","951","3","0","17.16","Death Squared"
"Disney's Aladdin in Nasira's Revenge","3197","Disney's Aladdin in Nasira's Revenge","1682280","8220","3306","2","26","3","0","204.66","Disney's Aladdin in Nasira's Revenge"
"Eden Rising","3198","Eden Rising","1682220","66960","6226","11","254","3","0","25.12","Eden Rising"
"Dere Evil .Exe","3199","Dere Evil .Exe","1681380","19800","6138","3","128","3","0","84.92","Dere Evil .Exe"
"Are You Smarter Than A 5th Grader","3200","Are You Smarter Than A 5th Grader","1680720","2580","14941","1","21","3","0","651.44","Are You Smarter Than A 5th Grader"