"","","Game","Watch time","Stream time","Peak viewers","Peak channels","Streamers","Average viewers","Average channels","Average viewer ratio",""
"The Endless Journey","11801","The Endless Journey","38760","3420","43","1","9","0","0","11.33","The Endless Journey"
"theBlu","11802","theBlu","38700","1980","444","1","20","0","0","19.55","theBlu"
"12 Labours of Hercules","11803","12 Labours of Hercules","38700","14040","38","2","58","0","0","2.76","12 Labours of Hercules"
"Barbie and The Three Musketeers","11804","Barbie and The Three Musketeers","38700","5280","645","1","15","0","0","7.33","Barbie and The Three Musketeers"
"Hydlide","11805","Hydlide","38640","1920","123","1","10","0","0","20.13","Hydlide"
"The Precursors","11806","The Precursors","38640","2460","58","1","6","0","0","15.71","The Precursors"
"The Sad Story of Emmeline Burns","11807","The Sad Story of Emmeline Burns","38640","3960","345","1","12","0","0","9.76","The Sad Story of Emmeline Burns"
"Prime Mover","11808","Prime Mover","38640","3840","211","1","14","0","0","10.06","Prime Mover"
"Contract Wars","11809","Contract Wars","38640","36000","29","3","184","0","0","1.07","Contract Wars"
"Weapon Shop Fantasy","11810","Weapon Shop Fantasy","38580","14700","28","2","38","0","0","2.62","Weapon Shop Fantasy"
"Yoshi's New Island","11811","Yoshi's New Island","38580","2220","200","1","17","0","0","17.38","Yoshi's New Island"
"Element4l","11812","Element4l","38580","6300","194","1","22","0","0","6.12","Element4l"
"Street Fighter II Movie","11813","Street Fighter II Movie","38580","780","622","1","6","0","0","49.46","Street Fighter II Movie"
"Sakura Taisen","11814","Sakura Taisen","38580","7140","50","1","12","0","0","5.4","Sakura Taisen"
"Dance Dance Revolution SuperNOVA","11815","Dance Dance Revolution SuperNOVA","38520","4560","141","1","22","0","0","8.45","Dance Dance Revolution SuperNOVA"
"Donkey Konga 3: Tabe-houdai! Haru Mogitate 50 Kyoku","11816","Donkey Konga 3: Tabe-houdai! Haru Mogitate 50 Kyoku","38520","780","218","1","5","0","0","49.38","Donkey Konga 3: Tabe-houdai! Haru Mogitate 50 Kyoku"
"Magic Johnson's Fast Break","11817","Magic Johnson's Fast Break","38460","360","324","1","3","0","0","106.83","Magic Johnson's Fast Break"
"Fart Cat!","11818","Fart Cat!","38460","8280","270","1","13","0","0","4.64","Fart Cat!"
"Landmark","11819","Landmark","38460","7980","20","1","4","0","0","4.82","Landmark"
"Touhou 15.5 - Antinomy of Common Flowers","11820","Touhou 15.5 - Antinomy of Common Flowers","38460","17100","48","2","102","0","0","2.25","Touhou 15.5 - Antinomy of Common Flowers"
"Jonny Moseley Mad Trix","11821","Jonny Moseley Mad Trix","38460","480","323","1","3","0","0","80.13","Jonny Moseley Mad Trix"
"Dangerous Golf","11822","Dangerous Golf","38460","12840","37","2","104","0","0","3","Dangerous Golf"
"Praey for the Gods","11823","Praey for the Gods","38400","660","103","1","2","0","0","58.18","Praey for the Gods"
"Dark Fall: Lost Souls","11824","Dark Fall: Lost Souls","38400","4680","186","1","21","0","0","8.21","Dark Fall: Lost Souls"
"Tenchu 2: Birth of the Stealth Assassins","11825","Tenchu 2: Birth of the Stealth Assassins","38400","14160","34","2","46","0","0","2.71","Tenchu 2: Birth of the Stealth Assassins"
"Puzzle Quest: Challenge of the Warlords","11826","Puzzle Quest: Challenge of the Warlords","38340","18060","21","2","56","0","0","2.12","Puzzle Quest: Challenge of the Warlords"
"Iron Tank: The Invasion of Normandy","11827","Iron Tank: The Invasion of Normandy","38340","1740","499","1","11","0","0","22.03","Iron Tank: The Invasion of Normandy"
"Flying Tigers","11828","Flying Tigers","38280","5640","47","2","36","0","0","6.79","Flying Tigers"
"Silent Bomber","11829","Silent Bomber","38280","6660","52","1","23","0","0","5.75","Silent Bomber"
"Fantasy","11830","Fantasy","38280","12540","65","2","65","0","0","3.05","Fantasy"
"Attack on Titan: Humanity in Chains","11831","Attack on Titan: Humanity in Chains","38280","2940","102","1","18","0","0","13.02","Attack on Titan: Humanity in Chains"
"Tak and the Power of Juju","11832","Tak and the Power of Juju","38280","19740","24","2","64","0","0","1.94","Tak and the Power of Juju"
"Framed 2","11833","Framed 2","38280","1740","108","1","14","0","0","22","Framed 2"
"Menace Beach","11834","Menace Beach","38280","1200","413","2","6","0","0","31.9","Menace Beach"
"2002 FIFA World Cup","11835","2002 FIFA World Cup","38280","1080","214","2","9","0","0","35.44","2002 FIFA World Cup"
"Indie Game Sim","11836","Indie Game Sim","38280","12540","61","2","79","0","0","3.05","Indie Game Sim"
"Secret Scout in the Temple of Demise","11837","Secret Scout in the Temple of Demise","38220","840","87","1","2","0","0","45.5","Secret Scout in the Temple of Demise"
"Arcade Classics","11838","Arcade Classics","38220","17460","77","3","160","0","0","2.19","Arcade Classics"
"Roommates","11839","Roommates","38220","1080","81","1","3","0","0","35.39","Roommates"
"Red Steel 2","11840","Red Steel 2","38220","3360","65","1","15","0","0","11.38","Red Steel 2"
"Monster High: 13 Wishes","11841","Monster High: 13 Wishes","38220","960","91","1","5","0","0","39.81","Monster High: 13 Wishes"
"Halite AI","11842","Halite AI","38160","7740","11","1","1","0","0","4.93","Halite AI"
"Commander Keen","11843","Commander Keen","38160","5940","123","1","44","0","0","6.42","Commander Keen"
"Tron 2.0","11844","Tron 2.0","38160","11400","69","2","50","0","0","3.35","Tron 2.0"
"THE iDOLM@STER: SideM","11845","THE iDOLM@STER: SideM","38160","2220","97","1","8","0","0","17.19","THE iDOLM@STER: SideM"
"Chunithm","11846","Chunithm","38100","2040","102","1","5","0","0","18.68","Chunithm"
"JFK Reloaded","11847","JFK Reloaded","38100","2700","299","1","19","0","0","14.11","JFK Reloaded"
"Bust A Groove","11848","Bust A Groove","38100","15060","33","2","60","0","0","2.53","Bust A Groove"
"Bloody Chronicles - New Cycle of Death","11849","Bloody Chronicles - New Cycle of Death","38040","1080","214","1","2","0","0","35.22","Bloody Chronicles - New Cycle of Death"
"Tekken Advance","11850","Tekken Advance","38040","1740","600","1","6","0","0","21.86","Tekken Advance"
"Elven Assassin","11851","Elven Assassin","38040","17820","49","2","58","0","0","2.13","Elven Assassin"
"A Wolf in Autumn","11852","A Wolf in Autumn","38040","1740","291","1","17","0","0","21.86","A Wolf in Autumn"
"Mortal Kombat vs. DC Universe","11853","Mortal Kombat vs. DC Universe","37980","2700","227","2","13","0","0","14.07","Mortal Kombat vs. DC Universe"
"Mister Mosquito","11854","Mister Mosquito","37980","7080","116","2","41","0","0","5.36","Mister Mosquito"
"Defender","11855","Defender","37980","2340","358","1","13","0","0","16.23","Defender"
"Touhou 13.5 - Hopeless Masquerade","11856","Touhou 13.5 - Hopeless Masquerade","37980","1080","218","1","7","0","0","35.17","Touhou 13.5 - Hopeless Masquerade"
"The Gate","11857","The Gate","37980","120","461","1","1","0","0","316.5","The Gate"
"Merry Gear Solid 2: Ghosts of Christmas Past","11858","Merry Gear Solid 2: Ghosts of Christmas Past","37980","4980","84","3","21","0","0","7.63","Merry Gear Solid 2: Ghosts of Christmas Past"
"Nancy Drew: Stay Tuned for Danger","11859","Nancy Drew: Stay Tuned for Danger","37980","8460","20","1","25","0","0","4.49","Nancy Drew: Stay Tuned for Danger"
"Xuanyuan Jian","11860","Xuanyuan Jian","37920","6600","69","1","6","0","0","5.75","Xuanyuan Jian"
"Q*Bert","11861","Q*Bert","37920","5220","117","1","24","0","0","7.26","Q*Bert"
"Ragnarok Battle Offline: Extra Scenario 3","11862","Ragnarok Battle Offline: Extra Scenario 3","37920","10020","39","2","24","0","0","3.78","Ragnarok Battle Offline: Extra Scenario 3"
"Evergrace","11863","Evergrace","37860","5880","34","1","18","0","0","6.44","Evergrace"
"Pokémon Dash","11864","Pokémon Dash","37860","1200","224","1","12","0","0","31.55","Pokémon Dash"
"Dungeons and Dragons Tactics","11865","Dungeons and Dragons Tactics","37860","8220","95","2","26","0","0","4.61","Dungeons and Dragons Tactics"
"Company of Heroes: Opposing Fronts","11866","Company of Heroes: Opposing Fronts","37800","9540","25","2","26","0","0","3.96","Company of Heroes: Opposing Fronts"
"Sonic Rush Adventure","11867","Sonic Rush Adventure","37800","5100","71","2","19","0","0","7.41","Sonic Rush Adventure"
"SingStar Party","11868","SingStar Party","37800","480","495","1","2","0","0","78.75","SingStar Party"
"Until None Remain VR","11869","Until None Remain VR","37800","11700","92","2","98","0","0","3.23","Until None Remain VR"
"InkSplosion","11870","InkSplosion","37800","3960","1022","1","43","0","0","9.55","InkSplosion"
"Shooty Skies","11871","Shooty Skies","37740","18060","52","3","152","0","0","2.09","Shooty Skies"
"G Darius","11872","G Darius","37740","5820","66","1","15","0","0","6.48","G Darius"
"Hello Kitty Party","11873","Hello Kitty Party","37740","14400","29","4","26","0","0","2.62","Hello Kitty Party"
"Beauty","11874","Beauty","37680","5340","38","1","38","0","0","7.06","Beauty"
"Reservoir Dogs","11875","Reservoir Dogs","37680","4380","167","2","18","0","0","8.6","Reservoir Dogs"
"Dark Angel: Vampire Apocalypse","11876","Dark Angel: Vampire Apocalypse","37680","540","540","1","3","0","0","69.78","Dark Angel: Vampire Apocalypse"
"Cabela's Dangerous Hunts 2","11877","Cabela's Dangerous Hunts 2","37680","240","200","1","1","0","0","157","Cabela's Dangerous Hunts 2"
"eXceed 3rd JADE PENETRATE","11878","eXceed 3rd JADE PENETRATE","37680","16200","64","2","44","0","0","2.33","eXceed 3rd JADE PENETRATE"
"M&M's Shell Shocked","11879","M&M's Shell Shocked","37680","4020","170","2","19","0","0","9.37","M&M's Shell Shocked"
"The Bonfire: Forsaken Lands","11880","The Bonfire: Forsaken Lands","37680","1800","191","1","12","0","0","20.93","The Bonfire: Forsaken Lands"
"Quick Yoga Training","11881","Quick Yoga Training","37620","1320","177","1","12","0","0","28.5","Quick Yoga Training"
"F.E.A.R. Files","11882","F.E.A.R. Files","37620","13140","48","2","41","0","0","2.86","F.E.A.R. Files"
"Depression Quest","11883","Depression Quest","37620","22200","27","2","51","0","0","1.69","Depression Quest"
"Medal of Honor: Frontline","11884","Medal of Honor: Frontline","37620","13980","104","2","56","0","0","2.69","Medal of Honor: Frontline"
"Super Hydlide","11885","Super Hydlide","37560","2340","92","1","6","0","0","16.05","Super Hydlide"
"King's Bounty","11886","King's Bounty","37560","15600","58","2","39","0","0","2.41","King's Bounty"
"Thunder Force","11887","Thunder Force","37560","3660","126","1","6","0","0","10.26","Thunder Force"
"Guilty Gear 2: Overture","11888","Guilty Gear 2: Overture","37560","13320","125","2","45","0","0","2.82","Guilty Gear 2: Overture"
"Endless Frontier","11889","Endless Frontier","37560","353400","31","3","40","0","0","0.11","Endless Frontier"
"FIFA Manager 09","11890","FIFA Manager 09","37560","300","219","1","1","0","0","125.2","FIFA Manager 09"
"Buried: Interactive Story","11891","Buried: Interactive Story","37560","6420","51","1","21","0","0","5.85","Buried: Interactive Story"
"Hearth","11892","Hearth","37560","7440","235","2","60","0","0","5.05","Hearth"
"RETSNOM","11893","RETSNOM","37500","1380","172","1","9","0","0","27.17","RETSNOM"
"Galactic Feud","11894","Galactic Feud","37500","1320","185","1","5","0","0","28.41","Galactic Feud"
"NHL 97","11895","NHL 97","37500","1680","265","1","12","0","0","22.32","NHL 97"
"Batman & Robin","11896","Batman & Robin","37500","3000","88","1","11","0","0","12.5","Batman & Robin"
"Rain","11897","Rain","37500","14700","102","1","79","0","0","2.55","Rain"
"Schein","11898","Schein","37500","6900","27","2","29","0","0","5.43","Schein"
"Wildfire","11899","Wildfire","37440","1740","301","1","9","0","0","21.52","Wildfire"
"Perpetuum","11900","Perpetuum","37440","18780","37","2","20","0","0","1.99","Perpetuum"