"","","Game","Watch time","Stream time","Peak viewers","Peak channels","Streamers","Average viewers","Average channels","Average viewer ratio",""
"Ahnayro: The Dream World","14001","Ahnayro: The Dream World","19800","5880","20","2","21","0","0","3.37","Ahnayro: The Dream World"
"Dragon Knight","14002","Dragon Knight","19800","4380","40","1","25","0","0","4.52","Dragon Knight"
"Shin Bokura no Taiyou Gyakushuu no Sabata","14003","Shin Bokura no Taiyou Gyakushuu no Sabata","19800","7320","11","1","12","0","0","2.7","Shin Bokura no Taiyou Gyakushuu no Sabata"
"Airline Tycoon","14004","Airline Tycoon","19800","3240","273","1","11","0","0","6.11","Airline Tycoon"
"Thunder Force VI","14005","Thunder Force VI","19800","1200","100","1","7","0","0","16.5","Thunder Force VI"
"Juggernaut","14006","Juggernaut","19800","2100","27","1","3","0","0","9.43","Juggernaut"
"Digital Paint: Paintball 2","14007","Digital Paint: Paintball 2","19800","12180","32","2","33","0","0","1.63","Digital Paint: Paintball 2"
"OpenBVE","14008","OpenBVE","19800","14400","14","2","26","0","0","1.38","OpenBVE"
"FreeCell","14009","FreeCell","19800","6900","28","1","54","0","0","2.87","FreeCell"
"Kill the Bad Guy","14010","Kill the Bad Guy","19800","3660","127","1","36","0","0","5.41","Kill the Bad Guy"
"dfc934bd-6032-4fb3-910e-f2074d7f76ed","14011","dfc934bd-6032-4fb3-910e-f2074d7f76ed","19800","9540","7","1","5","0","0","2.08","dfc934bd-6032-4fb3-910e-f2074d7f76ed"
"No-One Has To Die","14012","No-One Has To Die","19740","900","305","1","6","0","0","21.93","No-One Has To Die"
"Final Fantasy XI: Seekers of Adoulin","14013","Final Fantasy XI: Seekers of Adoulin","19740","10320","21","2","24","0","0","1.91","Final Fantasy XI: Seekers of Adoulin"
"Mana-Khemia 2: Fall of Alchemy","14014","Mana-Khemia 2: Fall of Alchemy","19740","7680","10","2","7","0","0","2.57","Mana-Khemia 2: Fall of Alchemy"
"Reactor","14015","Reactor","19740","9180","24","2","69","0","0","2.15","Reactor"
"Prince of Persia: The Fallen King","14016","Prince of Persia: The Fallen King","19740","900","37","1","2","0","0","21.93","Prince of Persia: The Fallen King"
"Beware of Trains","14017","Beware of Trains","19740","1020","130","1","9","0","0","19.35","Beware of Trains"
"Kindred Spirits on the Roof","14018","Kindred Spirits on the Roof","19680","4980","48","1","13","0","0","3.95","Kindred Spirits on the Roof"
"Art of Gravity","14019","Art of Gravity","19680","3540","137","1","26","0","0","5.56","Art of Gravity"
"Chronicle of Innsmouth","14020","Chronicle of Innsmouth","19680","3240","20","1","13","0","0","6.07","Chronicle of Innsmouth"
"Archaica: The Path of Light","14021","Archaica: The Path of Light","19680","5640","29","1","26","0","0","3.49","Archaica: The Path of Light"
"Dark Seed II","14022","Dark Seed II","19680","3540","25","2","6","0","0","5.56","Dark Seed II"
"Disciples III: Renaissance","14023","Disciples III: Renaissance","19680","6600","13","2","15","0","0","2.98","Disciples III: Renaissance"
"Marvel vs. Capcom Origins","14024","Marvel vs. Capcom Origins","19680","7320","30","2","50","0","0","2.69","Marvel vs. Capcom Origins"
"The Misadventures of P.B. Winterbottom","14025","The Misadventures of P.B. Winterbottom","19680","2280","39","1","13","0","0","8.63","The Misadventures of P.B. Winterbottom"
"Terminator Salvation","14026","Terminator Salvation","19620","6060","68","1","21","0","0","3.24","Terminator Salvation"
"Kanye Quest 3030","14027","Kanye Quest 3030","19620","1140","247","2","6","0","0","17.21","Kanye Quest 3030"
"Neon Struct: Die Augen der Welt","14028","Neon Struct: Die Augen der Welt","19620","3840","41","1","15","0","0","5.11","Neon Struct: Die Augen der Welt"
"Mirrors","14029","Mirrors","19620","2640","193","1","19","0","0","7.43","Mirrors"
"Crime City","14030","Crime City","19620","600","84","1","5","0","0","32.7","Crime City"
"Indygo","14031","Indygo","19620","2820","78","1","19","0","0","6.96","Indygo"
"Radiohammer","14032","Radiohammer","19620","9060","104","2","9","0","0","2.17","Radiohammer"
"Mario Clash","14033","Mario Clash","19620","960","410","1","9","0","0","20.44","Mario Clash"
"Zombie Battleground","14034","Zombie Battleground","19620","8820","10","2","18","0","0","2.22","Zombie Battleground"
"Hot Shots Tennis","14035","Hot Shots Tennis","19560","6420","66","1","36","0","0","3.05","Hot Shots Tennis"
"Rock 'n' Roll Adventures","14036","Rock 'n' Roll Adventures","19560","8040","179","1","8","0","0","2.43","Rock 'n' Roll Adventures"
"Bass Landing","14037","Bass Landing","19560","960","40","1","4","0","0","20.38","Bass Landing"
"Run 2","14038","Run 2","19560","12360","21","2","63","0","0","1.58","Run 2"
"Mein eigenes Pony","14039","Mein eigenes Pony","19560","1020","81","1","5","0","0","19.18","Mein eigenes Pony"
"Flight Control","14040","Flight Control","19560","960","152","1","9","0","0","20.38","Flight Control"
"Hot Shots Golf 3","14041","Hot Shots Golf 3","19560","3360","42","1","18","0","0","5.82","Hot Shots Golf 3"
"Gruntz","14042","Gruntz","19560","3360","15","1","6","0","0","5.82","Gruntz"
"Dead Bits","14043","Dead Bits","19560","5160","85","1","43","0","0","3.79","Dead Bits"
"Hohokum","14044","Hohokum","19560","8220","24","2","50","0","0","2.38","Hohokum"
"After Burner","14045","After Burner","19560","1080","138","1","7","0","0","18.11","After Burner"
"Krusty's Fun House","14046","Krusty's Fun House","19500","4680","48","1","22","0","0","4.17","Krusty's Fun House"
"Oknytt","14047","Oknytt","19500","4380","16","2","15","0","0","4.45","Oknytt"
"Victorious Boxers 2: Fighting Spirit","14048","Victorious Boxers 2: Fighting Spirit","19500","1620","56","1","3","0","0","12.04","Victorious Boxers 2: Fighting Spirit"
"Armored Core: Master of Arena","14049","Armored Core: Master of Arena","19500","6300","25","2","16","0","0","3.1","Armored Core: Master of Arena"
"Imagination","14050","Imagination","19500","240","324","1","3","0","0","81.25","Imagination"
"Pathos","14051","Pathos","19500","2100","678","1","9","0","0","9.29","Pathos"
"Guinea-Pig","14052","Guinea-Pig","19500","59940","18","2","8","0","0","0.33","Guinea-Pig"
"AutoFans: Charged Rate","14053","AutoFans: Charged Rate","19500","3540","124","1","19","0","0","5.51","AutoFans: Charged Rate"
"Shephy","14054","Shephy","19500","2700","28","1","17","0","0","7.22","Shephy"
"The Price of Freedom","14055","The Price of Freedom","19500","1440","125","1","20","0","0","13.54","The Price of Freedom"
"Nothing to God","14056","Nothing to God","19500","22620","39","2","73","0","0","0.86","Nothing to God"
"Kamen Rider Black: Taiketsu Shadow Moon","14057","Kamen Rider Black: Taiketsu Shadow Moon","19500","1680","166","4","7","0","0","11.61","Kamen Rider Black: Taiketsu Shadow Moon"
"Kingdoms","14058","Kingdoms","19500","9120","19","2","40","0","0","2.14","Kingdoms"
"Mahjong Quest Collection","14059","Mahjong Quest Collection","19440","2820","13","1","1","0","0","6.89","Mahjong Quest Collection"
"Fantasy Empires","14060","Fantasy Empires","19440","720","70","1","2","0","0","27","Fantasy Empires"
"Carnival Games VR","14061","Carnival Games VR","19440","9000","31","2","70","0","0","2.16","Carnival Games VR"
"Message Quest","14062","Message Quest","19440","3780","42","1","26","0","0","5.14","Message Quest"
"Pixel","14063","Pixel","19440","12960","30","2","49","0","0","1.5","Pixel"
"Mr. Do!","14064","Mr. Do!","19440","2700","110","1","11","0","0","7.2","Mr. Do!"
"Barbie Horse Adventures: Blue Ribbon Race","14065","Barbie Horse Adventures: Blue Ribbon Race","19440","3060","67","2","18","0","0","6.35","Barbie Horse Adventures: Blue Ribbon Race"
"Gyruss","14066","Gyruss","19440","3480","48","1","12","0","0","5.59","Gyruss"
"League of Evil 2","14067","League of Evil 2","19440","28860","9","1","8","0","0","0.67","League of Evil 2"
"Combat Mission: Black Sea","14068","Combat Mission: Black Sea","19440","6960","136","1","13","0","0","2.79","Combat Mission: Black Sea"
"Bleach Soul Resurrección","14069","Bleach Soul Resurrección","19380","7800","38","1","22","0","0","2.48","Bleach Soul Resurrección"
"Skyborn","14070","Skyborn","19380","7560","34","2","24","0","0","2.56","Skyborn"
"NASCAR '15","14071","NASCAR '15","19380","7860","32","2","39","0","0","2.47","NASCAR '15"
"Pizza Express","14072","Pizza Express","19380","3960","21","1","14","0","0","4.89","Pizza Express"
"Koumajou Densetsu: Akeiro no Koukyoukyoku","14073","Koumajou Densetsu: Akeiro no Koukyoukyoku","19380","2880","62","2","15","0","0","6.73","Koumajou Densetsu: Akeiro no Koukyoukyoku"
"es","14074","es","19380","7860","85","2","61","0","0","2.47","es"
"Dracula Love Kills","14075","Dracula Love Kills","19380","2160","27","1","3","0","0","8.97","Dracula Love Kills"
"Extreme Velocity 3","14076","Extreme Velocity 3","19380","11760","8","1","5","0","0","1.65","Extreme Velocity 3"
"Tiles","14077","Tiles","19380","960","336","1","11","0","0","20.19","Tiles"
"WWF King of the Ring","14078","WWF King of the Ring","19380","540","272","1","5","0","0","35.89","WWF King of the Ring"
"Yet Another Exhausting Day","14079","Yet Another Exhausting Day","19380","3540","106","1","14","0","0","5.47","Yet Another Exhausting Day"
"The Wendigo","14080","The Wendigo","19320","360","301","1","5","0","0","53.67","The Wendigo"
"Tarot Mystery","14081","Tarot Mystery","19320","9660","9","1","3","0","0","2","Tarot Mystery"
"Dynablaster Revenge","14082","Dynablaster Revenge","19320","720","117","1","4","0","0","26.83","Dynablaster Revenge"
"Capsular","14083","Capsular","19320","6120","28","4","18","0","0","3.16","Capsular"
"Lazarus","14084","Lazarus","19320","4020","36","2","16","0","0","4.81","Lazarus"
"Fate/Grand Order VR feat. Mashu Kyrielight","14085","Fate/Grand Order VR feat. Mashu Kyrielight","19320","600","168","1","5","0","0","32.2","Fate/Grand Order VR feat. Mashu Kyrielight"
"Civilization World","14086","Civilization World","19320","480","220","1","3","0","0","40.25","Civilization World"
"SingStar Norske Hits","14087","SingStar Norske Hits","19320","180","270","1","2","0","0","107.33","SingStar Norske Hits"
"Eden* They Were Only Two, On The Planet","14088","Eden* They Were Only Two, On The Planet","19260","5160","20","1","17","0","0","3.73","Eden* They Were Only Two, On The Planet"
"Rock of the Dead","14089","Rock of the Dead","19260","420","164","1","4","0","0","45.86","Rock of the Dead"
"Labyrinth","14090","Labyrinth","19260","6060","14","2","27","0","0","3.18","Labyrinth"
"Shinobido: Way of the Ninja","14091","Shinobido: Way of the Ninja","19260","7620","22","1","19","0","0","2.53","Shinobido: Way of the Ninja"
"Star Wars: Galaxies - Starter Kit","14092","Star Wars: Galaxies - Starter Kit","19260","9600","8","2","27","0","0","2.01","Star Wars: Galaxies - Starter Kit"
"Naruto: The Broken Bond","14093","Naruto: The Broken Bond","19260","3420","20","1","6","0","0","5.63","Naruto: The Broken Bond"
"Rakion","14094","Rakion","19260","10680","91","2","47","0","0","1.8","Rakion"
"Krull","14095","Krull","19260","60","338","1","1","0","0","321","Krull"
"Induction","14096","Induction","19260","600","351","1","3","0","0","32.1","Induction"
"The Beggar's Ride","14097","The Beggar's Ride","19260","1920","111","1","10","0","0","10.03","The Beggar's Ride"
"Pop'n Music éclale","14098","Pop'n Music éclale","19260","138600","16","2","7","0","0","0.14","Pop'n Music éclale"
"Scheming Through The Zombie Apocalypse: The Beginning","14099","Scheming Through The Zombie Apocalypse: The Beginning","19260","2160","110","1","14","0","0","8.92","Scheming Through The Zombie Apocalypse: The Beginning"
"The Diamond and the Sound of a Gunshot","14100","The Diamond and the Sound of a Gunshot","19200","9540","7","2","10","0","0","2.01","The Diamond and the Sound of a Gunshot"