"","","Game","Watch time","Stream time","Peak viewers","Peak channels","Streamers","Average viewers","Average channels","Average viewer ratio",""
"Lambda Wars","14401","Lambda Wars","17760","8100","10","2","31","0","0","2.19","Lambda Wars"
"Radiant","14402","Radiant","17760","1260","131","1","8","0","0","14.1","Radiant"
"Rigs of Rods","14403","Rigs of Rods","17760","7860","16","2","31","0","0","2.26","Rigs of Rods"
"Deadly Rooms Of Death: The Second Sky","14404","Deadly Rooms Of Death: The Second Sky","17700","10800","10","2","5","0","0","1.64","Deadly Rooms Of Death: The Second Sky"
"Heaven","14405","Heaven","17700","6720","132","2","7","0","0","2.63","Heaven"
"Dracula: The Resurrection","14406","Dracula: The Resurrection","17700","7260","23","1","26","0","0","2.44","Dracula: The Resurrection"
"Star Wars: Galactic Battlegrounds - Clone Campaigns","14407","Star Wars: Galactic Battlegrounds - Clone Campaigns","17700","9060","14","1","42","0","0","1.95","Star Wars: Galactic Battlegrounds - Clone Campaigns"
"Go (Board Game)","14408","Go (Board Game)","17700","6000","24","2","35","0","0","2.95","Go (Board Game)"
"Tokyo Xtreme Racer Zero","14409","Tokyo Xtreme Racer Zero","17700","12780","39","1","29","0","0","1.38","Tokyo Xtreme Racer Zero"
"Hotel 626","14410","Hotel 626","17700","540","116","1","5","0","0","32.78","Hotel 626"
"Crazy Chicken: X","14411","Crazy Chicken: X","17700","300","284","1","3","0","0","59","Crazy Chicken: X"
"Rendering Ranger: R2","14412","Rendering Ranger: R2","17700","1860","43","1","10","0","0","9.52","Rendering Ranger: R2"
"Rage of Mages","14413","Rage of Mages","17700","7500","10","1","11","0","0","2.36","Rage of Mages"
"Metal Marines","14414","Metal Marines","17700","3180","247","1","8","0","0","5.57","Metal Marines"
"American Sign Language Tutor","14415","American Sign Language Tutor","17700","1020","50","1","4","0","0","17.35","American Sign Language Tutor"
"Super Cane Magic Zero","14416","Super Cane Magic Zero","17700","1860","56","2","11","0","0","9.52","Super Cane Magic Zero"
"Mahjong Police","14417","Mahjong Police","17700","960","40","1","2","0","0","18.44","Mahjong Police"
"Blood & Magic","14418","Blood & Magic","17700","3420","22","1","7","0","0","5.18","Blood & Magic"
"zOMG!","14419","zOMG!","17700","6000","21","3","29","0","0","2.95","zOMG!"
"Medieval Games","14420","Medieval Games","17700","1020","277","1","9","0","0","17.35","Medieval Games"
"Age of Conquest IV","14421","Age of Conquest IV","17640","13380","10","3","59","0","0","1.32","Age of Conquest IV"
"Amorous Professor Cherry","14422","Amorous Professor Cherry","17640","5340","31","3","39","0","0","3.3","Amorous Professor Cherry"
"Silver Jiken","14423","Silver Jiken","17640","17700","3","1","2","0","0","1","Silver Jiken"
"The Berenstain Bears and the Spooky Old Tree","14424","The Berenstain Bears and the Spooky Old Tree","17640","660","147","1","4","0","0","26.73","The Berenstain Bears and the Spooky Old Tree"
"Dark Witch Music Episode: Rudymical","14425","Dark Witch Music Episode: Rudymical","17640","4080","35","2","22","0","0","4.32","Dark Witch Music Episode: Rudymical"
"Dora The Explorer: Dora Saves The Snow Princess","14426","Dora The Explorer: Dora Saves The Snow Princess","17640","240","127","1","2","0","0","73.5","Dora The Explorer: Dora Saves The Snow Princess"
"'&': Sora no Mukou de Sakimasu you ni","14427","'&': Sora no Mukou de Sakimasu you ni","17640","240","187","1","1","0","0","73.5","'&': Sora no Mukou de Sakimasu you ni"
"The Jetsons: Cogswell's Caper","14428","The Jetsons: Cogswell's Caper","17580","2640","60","1","9","0","0","6.66","The Jetsons: Cogswell's Caper"
"Champions: Return to Arms","14429","Champions: Return to Arms","17580","7320","30","1","29","0","0","2.4","Champions: Return to Arms"
"7th Dragon 2020","14430","7th Dragon 2020","17580","8100","15","2","17","0","0","2.17","7th Dragon 2020"
"Tenchu: Shadow Assassins","14431","Tenchu: Shadow Assassins","17580","10740","14","2","32","0","0","1.64","Tenchu: Shadow Assassins"
"Evolution 2: Far off Promise","14432","Evolution 2: Far off Promise","17580","2220","33","1","4","0","0","7.92","Evolution 2: Far off Promise"
"World of Planes","14433","World of Planes","17580","5880","46","1","30","0","0","2.99","World of Planes"
"Albert Odyssey: Legend of Eldean","14434","Albert Odyssey: Legend of Eldean","17580","6120","13","1","17","0","0","2.87","Albert Odyssey: Legend of Eldean"
"Demon","14435","Demon","17580","4140","44","1","10","0","0","4.25","Demon"
"Endless Online","14436","Endless Online","17580","7800","23","1","18","0","0","2.25","Endless Online"
"NHL 2005","14437","NHL 2005","17580","1080","54","1","7","0","0","16.28","NHL 2005"
"PHANTOMERS","14438","PHANTOMERS","17580","4260","139","1","22","0","0","4.13","PHANTOMERS"
"Kidnapped","14439","Kidnapped","17580","5580","31","1","31","0","0","3.15","Kidnapped"
"ELMIA","14440","ELMIA","17580","5100","43","1","38","0","0","3.45","ELMIA"
"Grimoire: Heralds of the Winged Exemplar","14441","Grimoire: Heralds of the Winged Exemplar","17580","3600","19","1","10","0","0","4.88","Grimoire: Heralds of the Winged Exemplar"
"Neopets: The Wheel of Monotony","14442","Neopets: The Wheel of Monotony","17580","5940","21","2","19","0","0","2.96","Neopets: The Wheel of Monotony"
"Super Pixel Racers","14443","Super Pixel Racers","17580","2340","78","1","22","0","0","7.51","Super Pixel Racers"
"Horror Fish Simulator","14444","Horror Fish Simulator","17580","540","229","1","8","0","0","32.56","Horror Fish Simulator"
"Carly and the Reaperman - Escape from the Underworld","14445","Carly and the Reaperman - Escape from the Underworld","17580","2280","30","1","10","0","0","7.71","Carly and the Reaperman - Escape from the Underworld"
"The Adventures of Square","14446","The Adventures of Square","17520","4140","17","1","21","0","0","4.23","The Adventures of Square"
"War Planet Online: Global Conquest","14447","War Planet Online: Global Conquest","17520","8700","11","1","15","0","0","2.01","War Planet Online: Global Conquest"
"Man O' War: Corsair","14448","Man O' War: Corsair","17520","3780","30","1","23","0","0","4.63","Man O' War: Corsair"
"Alvin and the Chipmunks","14449","Alvin and the Chipmunks","17520","600","99","1","4","0","0","29.2","Alvin and the Chipmunks"
"Friendship Club","14450","Friendship Club","17520","19080","13","1","12","0","0","0.92","Friendship Club"
"Total Extreme Wrestling 2013","14451","Total Extreme Wrestling 2013","17520","3180","13","1","6","0","0","5.51","Total Extreme Wrestling 2013"
"DDRMAX Dance Dance Revolution","14452","DDRMAX Dance Dance Revolution","17520","5220","24","1","32","0","0","3.36","DDRMAX Dance Dance Revolution"
"School of Dragons","14453","School of Dragons","17520","14280","17","2","66","0","0","1.23","School of Dragons"
"Commandos 3: Destination Berlin","14454","Commandos 3: Destination Berlin","17520","9840","11","1","34","0","0","1.78","Commandos 3: Destination Berlin"
"FIFA 2000","14455","FIFA 2000","17520","10260","26","2","13","0","0","1.71","FIFA 2000"
"Dog Sled Saga","14456","Dog Sled Saga","17520","4140","24","1","26","0","0","4.23","Dog Sled Saga"
"Wally Bear and the NO! Gang","14457","Wally Bear and the NO! Gang","17520","2160","39","1","8","0","0","8.11","Wally Bear and the NO! Gang"
"Skyworld","14458","Skyworld","17520","4020","39","2","26","0","0","4.36","Skyworld"
"80 Clicks","14459","80 Clicks","17520","1320","38","1","6","0","0","13.27","80 Clicks"
"Twilight Syndrome: The Forbidden Urban Legend","14460","Twilight Syndrome: The Forbidden Urban Legend","17460","840","33","1","1","0","0","20.79","Twilight Syndrome: The Forbidden Urban Legend"
"Altitude","14461","Altitude","17460","900","94","1","8","0","0","19.4","Altitude"
"NHL 15","14462","NHL 15","17460","12540","53","2","168","0","0","1.39","NHL 15"
"Phantasy Star Portable","14463","Phantasy Star Portable","17460","9540","13","2","23","0","0","1.83","Phantasy Star Portable"
"Narcissu","14464","Narcissu","17460","1980","53","1","8","0","0","8.82","Narcissu"
"3D Custom Girl","14465","3D Custom Girl","17460","5100","34","1","4","0","0","3.42","3D Custom Girl"
"World of Wimmelbild","14466","World of Wimmelbild","17460","6600","11","1","18","0","0","2.65","World of Wimmelbild"
"ASDA Global","14467","ASDA Global","17460","4920","119","2","33","0","0","3.55","ASDA Global"
"Jump, Step, Step","14468","Jump, Step, Step","17460","180","148","1","2","0","0","97","Jump, Step, Step"
"Rolling Line","14469","Rolling Line","17460","4800","147","2","24","0","0","3.64","Rolling Line"
"Gold's Gym: Dance Workout","14470","Gold's Gym: Dance Workout","17460","120","278","1","2","0","0","145.5","Gold's Gym: Dance Workout"
"Foes.io","14471","Foes.io","17400","6600","41","2","59","0","0","2.64","Foes.io"
"Trials Frontier","14472","Trials Frontier","17400","6180","18","2","24","0","0","2.82","Trials Frontier"
"Rise of Nations: Thrones & Patriots","14473","Rise of Nations: Thrones & Patriots","17400","11400","35","2","30","0","0","1.53","Rise of Nations: Thrones & Patriots"
"Warehouse and Logistics Simulator","14474","Warehouse and Logistics Simulator","17400","1920","63","1","13","0","0","9.06","Warehouse and Logistics Simulator"
"Cosmonautica","14475","Cosmonautica","17400","7080","40","1","37","0","0","2.46","Cosmonautica"
"Wing Commander: Privateer","14476","Wing Commander: Privateer","17400","8040","22","1","14","0","0","2.16","Wing Commander: Privateer"
"Initial D: Special Stage","14477","Initial D: Special Stage","17400","10980","42","2","37","0","0","1.58","Initial D: Special Stage"
"Tiny Hands Adventure","14478","Tiny Hands Adventure","17400","2460","99","2","18","0","0","7.07","Tiny Hands Adventure"
"Desktop Tower Defense","14479","Desktop Tower Defense","17340","19980","5","2","21","0","0","0.87","Desktop Tower Defense"
"Formula One Championship Edition","14480","Formula One Championship Edition","17340","3720","129","2","8","0","0","4.66","Formula One Championship Edition"
"Kamen Rider: Super Climax Heroes","14481","Kamen Rider: Super Climax Heroes","17340","2640","53","1","14","0","0","6.57","Kamen Rider: Super Climax Heroes"
"Clash at Demonhead","14482","Clash at Demonhead","17340","3420","21","2","20","0","0","5.07","Clash at Demonhead"
"Jimmy Houston's Bass Tournament USA","14483","Jimmy Houston's Bass Tournament USA","17340","540","44","1","1","0","0","32.11","Jimmy Houston's Bass Tournament USA"
"Infinos Gaiden","14484","Infinos Gaiden","17340","1800","111","1","10","0","0","9.63","Infinos Gaiden"
"Quest for the Traitor Saint","14485","Quest for the Traitor Saint","17340","8580","42","1","2","0","0","2.02","Quest for the Traitor Saint"
"Disdoored","14486","Disdoored","17340","3120","26","1","10","0","0","5.56","Disdoored"
"Atex Brawl","14487","Atex Brawl","17340","2160","44","4","10","0","0","8.03","Atex Brawl"
"Remember 11: The Age of Infinity","14488","Remember 11: The Age of Infinity","17340","9240","7","1","9","0","0","1.88","Remember 11: The Age of Infinity"
"Rock Band VR","14489","Rock Band VR","17280","2940","55","1","17","0","0","5.88","Rock Band VR"
"Master of Eternity","14490","Master of Eternity","17280","10200","13","2","18","0","0","1.69","Master of Eternity"
"Ship of Heroes","14491","Ship of Heroes","17280","660","54","2","3","0","0","26.18","Ship of Heroes"
"Super Slime Arena","14492","Super Slime Arena","17280","840","224","2","8","0","0","20.57","Super Slime Arena"
"Quattro Adventure","14493","Quattro Adventure","17280","300","165","1","3","0","0","57.6","Quattro Adventure"
"Lost Technology","14494","Lost Technology","17280","42360","19","2","23","0","0","0.41","Lost Technology"
"Alpacapaca Dash","14495","Alpacapaca Dash","17280","1020","139","1","8","0","0","16.94","Alpacapaca Dash"
"Legend of the Ghost Lion","14496","Legend of the Ghost Lion","17280","2520","27","1","6","0","0","6.86","Legend of the Ghost Lion"
"Battle Group 2","14497","Battle Group 2","17280","900","54","1","7","0","0","19.2","Battle Group 2"
"Download","14498","Download","17280","2940","174","1","19","0","0","5.88","Download"
"Supreme Ruler 2020","14499","Supreme Ruler 2020","17280","3600","40","1","7","0","0","4.8","Supreme Ruler 2020"
"International Superstar Soccer 64","14500","International Superstar Soccer 64","17220","2040","210","1","8","0","0","8.44","International Superstar Soccer 64"