"","","Game","Watch time","Stream time","Peak viewers","Peak channels","Streamers","Average viewers","Average channels","Average viewer ratio",""
"Laura Bow: Colonel's Bequest","10601","Laura Bow: Colonel's Bequest","57360","7500","79","2","16","0","0","7.65","Laura Bow: Colonel's Bequest"
"Link's Crossbow Training","10602","Link's Crossbow Training","57300","1860","498","1","16","0","0","30.81","Link's Crossbow Training"
"Alpiner","10603","Alpiner","57300","900","518","5","6","0","0","63.67","Alpiner"
"Where in the World is Carmen Sandiego?","10604","Where in the World is Carmen Sandiego?","57240","5880","181","3","36","0","0","9.73","Where in the World is Carmen Sandiego?"
"AdventurOS","10605","AdventurOS","57180","900","642","2","6","0","0","63.53","AdventurOS"
"Tyrian 2000","10606","Tyrian 2000","57180","14820","95","2","72","0","0","3.86","Tyrian 2000"
"The Spatials: Galactology","10607","The Spatials: Galactology","57180","14940","103","3","41","0","0","3.83","The Spatials: Galactology"
"Soulblight","10608","Soulblight","57180","7440","255","1","48","0","0","7.69","Soulblight"
"Pro Cycling Manager","10609","Pro Cycling Manager","57180","4620","109","7","32","0","0","12.38","Pro Cycling Manager"
"Trap Labs","10610","Trap Labs","57120","1860","366","1","11","0","0","30.71","Trap Labs"
"Nobunaga's Ambition: Sphere of Influence - Ascension","10611","Nobunaga's Ambition: Sphere of Influence - Ascension","57120","26820","58","2","62","0","0","2.13","Nobunaga's Ambition: Sphere of Influence - Ascension"
"Black/Matrix","10612","Black/Matrix","57120","720","116","1","2","0","0","79.33","Black/Matrix"
"Kickle Cubicle","10613","Kickle Cubicle","57120","5700","473","5","28","0","0","10.02","Kickle Cubicle"
"Alien Shooter","10614","Alien Shooter","57120","18660","220","2","120","0","0","3.06","Alien Shooter"
"Artifact Adventure","10615","Artifact Adventure","57120","4680","192","2","17","0","0","12.21","Artifact Adventure"
"beatmania IIDX 16 EMPRESS","10616","beatmania IIDX 16 EMPRESS","57060","17160","64","2","42","0","0","3.33","beatmania IIDX 16 EMPRESS"
"World Heroes","10617","World Heroes","57000","2520","428","1","11","0","0","22.62","World Heroes"
"NHL Hitz 20-03","10618","NHL Hitz 20-03","57000","7560","108","2","27","0","0","7.54","NHL Hitz 20-03"
"Istaria: Chronicles of the Gifted","10619","Istaria: Chronicles of the Gifted","57000","32400","13","2","18","0","0","1.76","Istaria: Chronicles of the Gifted"
"Miner 2049er","10620","Miner 2049er","57000","2460","468","3","8","0","0","23.17","Miner 2049er"
"Bunny Hop League","10621","Bunny Hop League","57000","29400","81","2","98","0","0","1.94","Bunny Hop League"
"SquareCells","10622","SquareCells","57000","1620","208","1","10","0","0","35.19","SquareCells"
"Games&Girls","10623","Games&Girls","56940","44940","197","2","65","0","0","1.27","Games&Girls"
"Woodle Tree","10624","Woodle Tree","56940","840","1038","1","10","0","0","67.79","Woodle Tree"
"World in Conflict: Soviet Assault","10625","World in Conflict: Soviet Assault","56940","25080","73","2","86","0","0","2.27","World in Conflict: Soviet Assault"
"Race 07: The Official WTCC Game","10626","Race 07: The Official WTCC Game","56880","35820","41","2","59","0","0","1.59","Race 07: The Official WTCC Game"
"Final Fight 3","10627","Final Fight 3","56880","14640","236","2","85","0","0","3.89","Final Fight 3"
"Ignition","10628","Ignition","56880","2820","623","2","15","0","0","20.17","Ignition"
"Trials of the Gauntlet","10629","Trials of the Gauntlet","56820","11160","92","4","99","0","0","5.09","Trials of the Gauntlet"
"Spider-Man: Edge of Time","10630","Spider-Man: Edge of Time","56820","5100","125","2","15","0","0","11.14","Spider-Man: Edge of Time"
"Pyramid","10631","Pyramid","56820","1860","336","1","9","0","0","30.55","Pyramid"
"Chaos Reborn","10632","Chaos Reborn","56760","12360","56","1","36","0","0","4.59","Chaos Reborn"
"Taxi","10633","Taxi","56760","1200","434","1","11","0","0","47.3","Taxi"
"Frank Herbert's Dune","10634","Frank Herbert's Dune","56760","2640","264","1","4","0","0","21.5","Frank Herbert's Dune"
"Chamber of the Sci-Mutant Priestess","10635","Chamber of the Sci-Mutant Priestess","56700","240","519","1","3","0","0","236.25","Chamber of the Sci-Mutant Priestess"
"Burger Burger","10636","Burger Burger","56700","2580","130","1","9","0","0","21.98","Burger Burger"
"Colin McRae Rally 2.0","10637","Colin McRae Rally 2.0","56700","21060","53","4","49","0","0","2.69","Colin McRae Rally 2.0"
"Super Motherload","10638","Super Motherload","56700","12120","254","2","64","0","0","4.68","Super Motherload"
"Dead or Alive 5","10639","Dead or Alive 5","56640","26220","246","2","93","0","0","2.16","Dead or Alive 5"
"Diaries of a Spaceport Janitor","10640","Diaries of a Spaceport Janitor","56640","10320","113","1","57","0","0","5.49","Diaries of a Spaceport Janitor"
"Inner Voices","10641","Inner Voices","56640","8940","74","1","34","0","0","6.34","Inner Voices"
"NCAA College Basketball 2K3","10642","NCAA College Basketball 2K3","56580","780","476","2","3","0","0","72.54","NCAA College Basketball 2K3"
"The Bridge Project","10643","The Bridge Project","56580","3600","183","1","23","0","0","15.72","The Bridge Project"
"Mito da Criação","10644","Mito da Criação","56520","23280","20","3","38","0","0","2.43","Mito da Criação"
"Ever17: The Out of Infinity","10645","Ever17: The Out of Infinity","56520","23280","10","1","25","0","0","2.43","Ever17: The Out of Infinity"
"I Wanna Kill The Guy","10646","I Wanna Kill The Guy","56520","14640","67","2","76","0","0","3.86","I Wanna Kill The Guy"
"Bus Driver","10647","Bus Driver","56460","15600","54","2","84","0","0","3.62","Bus Driver"
"Dead Space Extraction","10648","Dead Space Extraction","56460","11460","67","2","36","0","0","4.93","Dead Space Extraction"
"Hasbro Family Fun Pack","10649","Hasbro Family Fun Pack","56460","37500","83","4","186","0","0","1.51","Hasbro Family Fun Pack"
"Basingstoke","10650","Basingstoke","56460","10740","98","2","50","0","0","5.26","Basingstoke"
"Fur Up","10651","Fur Up","56460","1500","854","1","13","0","0","37.64","Fur Up"
"Thy Sword","10652","Thy Sword","56400","3360","55","1","14","0","0","16.79","Thy Sword"
"This Grand Life","10653","This Grand Life","56340","5520","279","3","44","0","0","10.21","This Grand Life"
"Sangokushi Eiketsuden","10654","Sangokushi Eiketsuden","56340","8460","30","1","5","0","0","6.66","Sangokushi Eiketsuden"
"Freedom Force vs The 3rd Reich","10655","Freedom Force vs The 3rd Reich","56340","7020","84","1","18","0","0","8.03","Freedom Force vs The 3rd Reich"
"FPS Trainer","10656","FPS Trainer","56340","46860","17","2","154","0","0","1.2","FPS Trainer"
"Fight Night Round 3","10657","Fight Night Round 3","56280","16320","208","2","67","0","0","3.45","Fight Night Round 3"
"Revolution","10658","Revolution","56280","54720","272","2","228","0","0","1.03","Revolution"
"Cardfight!! Online","10659","Cardfight!! Online","56280","24120","22","3","53","0","0","2.33","Cardfight!! Online"
"Maximum Action","10660","Maximum Action","56280","2400","318","1","23","0","0","23.45","Maximum Action"
"NBA 2K8","10661","NBA 2K8","56220","52920","25","3","202","0","0","1.06","NBA 2K8"
"Team","10662","Team","56220","12420","493","2","89","0","0","4.53","Team"
"Warhammer 40,000: Dawn of War - Winter Assault","10663","Warhammer 40,000: Dawn of War - Winter Assault","56220","26820","23","2","89","0","0","2.1","Warhammer 40,000: Dawn of War - Winter Assault"
"Surgery Simulator","10664","Surgery Simulator","56220","6480","120","2","52","0","0","8.68","Surgery Simulator"
"Music Maker","10665","Music Maker","56160","46800","26","3","216","0","0","1.2","Music Maker"
"WET","10666","WET","56160","9000","97","2","40","0","0","6.24","WET"
"The Plan","10667","The Plan","56160","4740","218","1","60","0","0","11.85","The Plan"
"Zack & Wiki: Quest for Barbaros' Treasure","10668","Zack & Wiki: Quest for Barbaros' Treasure","56160","5640","81","1","19","0","0","9.96","Zack & Wiki: Quest for Barbaros' Treasure"
"Luna and the Moonling","10669","Luna and the Moonling","56160","6720","90","2","13","0","0","8.36","Luna and the Moonling"
"Gelly Break","10670","Gelly Break","56100","540","452","1","3","0","0","103.89","Gelly Break"
"Saga of Lucimia","10671","Saga of Lucimia","56100","4740","104","3","9","0","0","11.84","Saga of Lucimia"
"Cossacks: Back to War","10672","Cossacks: Back to War","56100","11880","110","2","60","0","0","4.72","Cossacks: Back to War"
"Gunship 2000","10673","Gunship 2000","56040","300","493","1","2","0","0","186.8","Gunship 2000"
"Disney Art Academy","10674","Disney Art Academy","56040","960","969","1","5","0","0","58.38","Disney Art Academy"
"Gensokyo no Nazo","10675","Gensokyo no Nazo","55980","6720","54","1","9","0","0","8.33","Gensokyo no Nazo"
"SimAnt: The Electronic Ant Colony","10676","SimAnt: The Electronic Ant Colony","55980","2700","106","1","17","0","0","20.73","SimAnt: The Electronic Ant Colony"
"Mata Hari","10677","Mata Hari","55980","3120","344","1","7","0","0","17.94","Mata Hari"
"Super Contra","10678","Super Contra","55920","3780","380","1","38","0","0","14.79","Super Contra"
"Personal Fitness for Women","10679","Personal Fitness for Women","55920","3060","139","1","5","0","0","18.27","Personal Fitness for Women"
"Casino Inc: The Management","10680","Casino Inc: The Management","55860","3360","337","1","9","0","0","16.63","Casino Inc: The Management"
"PickCrafter","10681","PickCrafter","55800","11880","203","2","55","0","0","4.7","PickCrafter"
"MLB SlugFest 20-04","10682","MLB SlugFest 20-04","55740","1200","887","2","5","0","0","46.45","MLB SlugFest 20-04"
"Beasts Battle 2","10683","Beasts Battle 2","55740","1440","358","1","6","0","0","38.71","Beasts Battle 2"
"Disney's Dinosaur Activity Center","10684","Disney's Dinosaur Activity Center","55680","660","169","1","1","0","0","84.36","Disney's Dinosaur Activity Center"
"Forebearers: Hearth & Home","10685","Forebearers: Hearth & Home","55680","2220","449","3","19","0","0","25.08","Forebearers: Hearth & Home"
"Def Jam: Fight for NY: The Takeover","10686","Def Jam: Fight for NY: The Takeover","55680","2760","861","1","21","0","0","20.17","Def Jam: Fight for NY: The Takeover"
"Eek! the Cat","10687","Eek! the Cat","55560","18720","162","3","6","0","0","2.97","Eek! the Cat"
"Flash Point: Fire Rescue","10688","Flash Point: Fire Rescue","55560","3660","193","1","24","0","0","15.18","Flash Point: Fire Rescue"
"Lazer Tag","10689","Lazer Tag","55500","2340","54","1","4","0","0","23.72","Lazer Tag"
"The Amber Throne","10690","The Amber Throne","55500","5820","84","1","8","0","0","9.54","The Amber Throne"
"The Sims: House Party","10691","The Sims: House Party","55500","6780","227","2","41","0","0","8.19","The Sims: House Party"
"The Adventures of Mr. Bobley","10692","The Adventures of Mr. Bobley","55500","2220","742","1","13","0","0","25","The Adventures of Mr. Bobley"
"Rez","10693","Rez","55500","4680","448","1","31","0","0","11.86","Rez"
"FlightGear","10694","FlightGear","55440","33300","48","2","38","0","0","1.66","FlightGear"
"Unmechanical","10695","Unmechanical","55440","25680","107","2","108","0","0","2.16","Unmechanical"
"Kyuuyaku Megami Tensei","10696","Kyuuyaku Megami Tensei","55380","16860","18","2","26","0","0","3.28","Kyuuyaku Megami Tensei"
"Freestyle Street Basketball","10697","Freestyle Street Basketball","55380","10680","296","3","28","0","0","5.19","Freestyle Street Basketball"
"Star Wars Arcade","10698","Star Wars Arcade","55380","3120","209","1","23","0","0","17.75","Star Wars Arcade"
"Fantasia","10699","Fantasia","55380","4260","270","1","11","0","0","13","Fantasia"
"Turrican II: The Final Fight","10700","Turrican II: The Final Fight","55380","3180","163","1","18","0","0","17.42","Turrican II: The Final Fight"