"","","Game","Watch time","Stream time","Peak viewers","Peak channels","Streamers","Average viewers","Average channels","Average viewer ratio",""
"Star Wars: Galaxies - Trials of Obi-Wan","13101","Star Wars: Galaxies - Trials of Obi-Wan","25800","13080","8","2","9","0","0","1.97","Star Wars: Galaxies - Trials of Obi-Wan"
"Earl Weaver Baseball","13102","Earl Weaver Baseball","25800","17880","15","2","2","0","0","1.44","Earl Weaver Baseball"
"Touken Ranbu","13103","Touken Ranbu","25800","15120","26","1","38","0","0","1.71","Touken Ranbu"
"3D Ultra Minigolf Adventures: Space","13104","3D Ultra Minigolf Adventures: Space","25800","120","244","1","1","0","0","215","3D Ultra Minigolf Adventures: Space"
"Record of Agarest War Zero","13105","Record of Agarest War Zero","25740","9240","15","1","23","0","0","2.79","Record of Agarest War Zero"
"Lilo & Stitch: Trouble in Paradise","13106","Lilo & Stitch: Trouble in Paradise","25740","1560","178","1","11","0","0","16.5","Lilo & Stitch: Trouble in Paradise"
"Someone's in the Kitchen!","13107","Someone's in the Kitchen!","25740","10320","49","2","7","0","0","2.49","Someone's in the Kitchen!"
"Random Heroes","13108","Random Heroes","25740","12960","16","1","71","0","0","1.99","Random Heroes"
"Minna de Spelunker Z","13109","Minna de Spelunker Z","25740","4200","19","2","4","0","0","6.13","Minna de Spelunker Z"
"200% Mixed Juice!","13110","200% Mixed Juice!","25740","3600","142","2","23","0","0","7.15","200% Mixed Juice!"
"8-Bit Invaders!","13111","8-Bit Invaders!","25740","2220","398","1","20","0","0","11.59","8-Bit Invaders!"
"Rayman Kart","13112","Rayman Kart","25740","300","162","1","3","0","0","85.8","Rayman Kart"
"Pumped: BMX","13113","Pumped: BMX","25740","4920","276","2","50","0","0","5.23","Pumped: BMX"
"Choice of Robots","13114","Choice of Robots","25740","2880","69","1","11","0","0","8.94","Choice of Robots"
"Rift: Starfall Prophecy","13115","Rift: Starfall Prophecy","25680","14280","145","2","40","0","0","1.8","Rift: Starfall Prophecy"
"Chokotto Land","13116","Chokotto Land","25680","6420","15","2","6","0","0","4","Chokotto Land"
"Eternal Edge","13117","Eternal Edge","25680","540","91","1","3","0","0","47.56","Eternal Edge"
"Liberator TD","13118","Liberator TD","25680","1500","71","2","6","0","0","17.12","Liberator TD"
"Duel of Summoners: The Mabinogi Card Game","13119","Duel of Summoners: The Mabinogi Card Game","25680","8580","33","2","34","0","0","2.99","Duel of Summoners: The Mabinogi Card Game"
"Movie Studios Party","13120","Movie Studios Party","25680","26580","82","3","141","0","0","0.97","Movie Studios Party"
"Bloody Roar: Primal Fury","13121","Bloody Roar: Primal Fury","25680","8880","46","1","54","0","0","2.89","Bloody Roar: Primal Fury"
"Medieval: Total War","13122","Medieval: Total War","25680","10980","173","2","29","0","0","2.34","Medieval: Total War"
"Vegas","13123","Vegas","25680","10920","18","1","50","0","0","2.35","Vegas"
"SpaceBourne","13124","SpaceBourne","25680","6120","71","3","32","0","0","4.2","SpaceBourne"
"Metal Gear Solid: Portable Ops Plus","13125","Metal Gear Solid: Portable Ops Plus","25620","3300","59","2","12","0","0","7.76","Metal Gear Solid: Portable Ops Plus"
"007: Tomorrow Never Dies","13126","007: Tomorrow Never Dies","25620","3960","50","1","20","0","0","6.47","007: Tomorrow Never Dies"
"Spawn: Armageddon","13127","Spawn: Armageddon","25620","4560","256","2","11","0","0","5.62","Spawn: Armageddon"
"TV Show King","13128","TV Show King","25620","6840","42","2","25","0","0","3.75","TV Show King"
"Pinball FX","13129","Pinball FX","25620","3660","56","1","23","0","0","7","Pinball FX"
"The Simpsons: Night of The Living Treehouse of Horror","13130","The Simpsons: Night of The Living Treehouse of Horror","25620","1080","239","3","10","0","0","23.72","The Simpsons: Night of The Living Treehouse of Horror"
"Yu-Gi-Oh! World Championship 2008","13131","Yu-Gi-Oh! World Championship 2008","25620","4560","18","1","8","0","0","5.62","Yu-Gi-Oh! World Championship 2008"
"Super Robot Wars OG: Original Generations","13132","Super Robot Wars OG: Original Generations","25620","10560","44","2","23","0","0","2.43","Super Robot Wars OG: Original Generations"
"Cabela's Dangerous Hunts 2013","13133","Cabela's Dangerous Hunts 2013","25620","1020","425","1","4","0","0","25.12","Cabela's Dangerous Hunts 2013"
"Installation 01","13134","Installation 01","25620","1140","105","1","5","0","0","22.47","Installation 01"
"Kamihime Project R","13135","Kamihime Project R","25620","10560","12","3","22","0","0","2.43","Kamihime Project R"
"NBA Live 99","13136","NBA Live 99","25620","780","104","2","5","0","0","32.85","NBA Live 99"
"Adventure Time: Rockstars of Ooo","13137","Adventure Time: Rockstars of Ooo","25560","120","424","1","2","0","0","213","Adventure Time: Rockstars of Ooo"
"Edge of Nowhere","13138","Edge of Nowhere","25560","6960","66","2","38","0","0","3.67","Edge of Nowhere"
"Kharon's Crypt","13139","Kharon's Crypt","25560","1380","52","1","6","0","0","18.52","Kharon's Crypt"
"Power","13140","Power","25560","4020","80","1","9","0","0","6.36","Power"
"RPG Tsukuru MV","13141","RPG Tsukuru MV","25560","4740","41","1","21","0","0","5.39","RPG Tsukuru MV"
"AR Combat DigiQ: Tomodachi Senshatai","13142","AR Combat DigiQ: Tomodachi Senshatai","25560","120","217","1","1","0","0","213","AR Combat DigiQ: Tomodachi Senshatai"
"Wonder Project J: Kikai no Shounen Pino","13143","Wonder Project J: Kikai no Shounen Pino","25500","2280","53","1","6","0","0","11.18","Wonder Project J: Kikai no Shounen Pino"
"Creatures","13144","Creatures","25500","7380","40","1","11","0","0","3.46","Creatures"
"Dynasty Warriors 3","13145","Dynasty Warriors 3","25500","12540","21","2","45","0","0","2.03","Dynasty Warriors 3"
"Townsmen","13146","Townsmen","25500","5760","227","1","44","0","0","4.43","Townsmen"
"Tom & Jerry","13147","Tom & Jerry","25500","4620","42","2","12","0","0","5.52","Tom & Jerry"
"Dead Ahead: Zombie Warfare","13148","Dead Ahead: Zombie Warfare","25500","9900","49","2","67","0","0","2.58","Dead Ahead: Zombie Warfare"
"Three Kingdoms: The Last Warlord","13149","Three Kingdoms: The Last Warlord","25500","21240","60","2","17","0","0","1.2","Three Kingdoms: The Last Warlord"
"Gocco of War","13150","Gocco of War","25500","8400","22","2","30","0","0","3.04","Gocco of War"
"Gomoku/Rengu","13151","Gomoku/Rengu","25500","4020","18","1","6","0","0","6.34","Gomoku/Rengu"
"Holodrive","13152","Holodrive","25500","7200","137","4","62","0","0","3.54","Holodrive"
"World Sports Competition","13153","World Sports Competition","25500","1200","55","1","1","0","0","21.25","World Sports Competition"
"Family & Friends Party","13154","Family & Friends Party","25500","600","169","1","3","0","0","42.5","Family & Friends Party"
"Bubble Shooter! Tournaments","13155","Bubble Shooter! Tournaments","25440","3300","94","1","15","0","0","7.71","Bubble Shooter! Tournaments"
"Runestone Keeper","13156","Runestone Keeper","25440","5340","323","2","36","0","0","4.76","Runestone Keeper"
"Space Megaforce","13157","Space Megaforce","25440","3540","53","2","20","0","0","7.19","Space Megaforce"
"Dynasty Warriors 7","13158","Dynasty Warriors 7","25440","9840","48","1","21","0","0","2.59","Dynasty Warriors 7"
"The Krion Conquest","13159","The Krion Conquest","25440","2400","107","2","10","0","0","10.6","The Krion Conquest"
"Dino Crisis 3","13160","Dino Crisis 3","25440","6720","28","1","16","0","0","3.79","Dino Crisis 3"
"The Ren & Stimpy Show: Stimpy's Invention","13161","The Ren & Stimpy Show: Stimpy's Invention","25440","540","226","1","4","0","0","47.11","The Ren & Stimpy Show: Stimpy's Invention"
"Picross 2","13162","Picross 2","25440","5280","20","1","11","0","0","4.82","Picross 2"
"Mortal Kombat: Special Forces","13163","Mortal Kombat: Special Forces","25380","3120","88","1","10","0","0","8.13","Mortal Kombat: Special Forces"
"Gas Guzzlers: Combat Carnage","13164","Gas Guzzlers: Combat Carnage","25380","1980","130","2","12","0","0","12.82","Gas Guzzlers: Combat Carnage"
"Fallen Enchantress: Legendary Heroes","13165","Fallen Enchantress: Legendary Heroes","25380","14340","15","2","34","0","0","1.77","Fallen Enchantress: Legendary Heroes"
"Beat Down: Fists of Vengeance","13166","Beat Down: Fists of Vengeance","25380","4920","21","1","20","0","0","5.16","Beat Down: Fists of Vengeance"
"Majin Tensei II: Spiral Nemesis","13167","Majin Tensei II: Spiral Nemesis","25380","7200","13","2","5","0","0","3.53","Majin Tensei II: Spiral Nemesis"
"Quattro Arcade","13168","Quattro Arcade","25320","360","234","1","3","0","0","70.33","Quattro Arcade"
"Heart's Medicine: Hospital Heat","13169","Heart's Medicine: Hospital Heat","25320","6180","41","1","18","0","0","4.1","Heart's Medicine: Hospital Heat"
"Why That Girl Stopped Drawing","13170","Why That Girl Stopped Drawing","25320","13140","16","2","43","0","0","1.93","Why That Girl Stopped Drawing"
"Tank Force","13171","Tank Force","25320","35460","18","2","34","0","0","0.71","Tank Force"
"Fighting Masters","13172","Fighting Masters","25320","780","240","5","8","0","0","32.46","Fighting Masters"
"Make It Rain: The Love of Money","13173","Make It Rain: The Love of Money","25320","6300","25","2","13","0","0","4.02","Make It Rain: The Love of Money"
"Monster Hunter X","13174","Monster Hunter X","25320","15600","17","2","45","0","0","1.62","Monster Hunter X"
"Mystery Case Files: Huntsville","13175","Mystery Case Files: Huntsville","25320","2760","44","1","11","0","0","9.17","Mystery Case Files: Huntsville"
"Largo Winch: Empire Under Threat","13176","Largo Winch: Empire Under Threat","25320","900","96","1","3","0","0","28.13","Largo Winch: Empire Under Threat"
"The Last Airbender","13177","The Last Airbender","25260","1800","113","1","11","0","0","14.03","The Last Airbender"
"Bad Company","13178","Bad Company","25260","8220","113","1","44","0","0","3.07","Bad Company"
"Shadow Era","13179","Shadow Era","25260","6360","35","2","17","0","0","3.97","Shadow Era"
"Kid Tripp","13180","Kid Tripp","25260","3420","113","1","18","0","0","7.39","Kid Tripp"
"One Dog Story","13181","One Dog Story","25260","7440","65","1","16","0","0","3.4","One Dog Story"
"Boyfriend Dungeon","13182","Boyfriend Dungeon","25260","720","65","1","3","0","0","35.08","Boyfriend Dungeon"
"Kunio-Kun: The World Classics","13183","Kunio-Kun: The World Classics","25260","2580","150","3","12","0","0","9.79","Kunio-Kun: The World Classics"
"Evil Dead: The Game","13184","Evil Dead: The Game","25200","900","51","1","2","0","0","28","Evil Dead: The Game"
"Rise of Nations: Rise of Legends","13185","Rise of Nations: Rise of Legends","25200","11640","53","2","38","0","0","2.16","Rise of Nations: Rise of Legends"
"Dungeon Master","13186","Dungeon Master","25200","5520","77","2","15","0","0","4.57","Dungeon Master"
"Astonia 3","13187","Astonia 3","25200","18960","25","2","17","0","0","1.33","Astonia 3"
"EEP 15","13188","EEP 15","25200","4380","18","1","3","0","0","5.75","EEP 15"
"Spy vs. Spy","13189","Spy vs. Spy","25140","4560","150","1","7","0","0","5.51","Spy vs. Spy"
"Drug Wars","13190","Drug Wars","25140","840","207","1","8","0","0","29.93","Drug Wars"
"TRAUMA","13191","TRAUMA","25140","1440","323","1","12","0","0","17.46","TRAUMA"
"Crusader: No Remorse","13192","Crusader: No Remorse","25140","5760","52","1","20","0","0","4.36","Crusader: No Remorse"
"Sonic Gems Collection","13193","Sonic Gems Collection","25140","7740","46","2","52","0","0","3.25","Sonic Gems Collection"
"The Powerpuff Girls: Defenders of Townsville","13194","The Powerpuff Girls: Defenders of Townsville","25140","1140","86","1","4","0","0","22.05","The Powerpuff Girls: Defenders of Townsville"
"The Prison Boys","13195","The Prison Boys","25140","240","419","1","2","0","0","104.75","The Prison Boys"
"NOISZ","13196","NOISZ","25140","4380","19","2","12","0","0","5.74","NOISZ"
"NFL Football: San Diego Chargers/Los Angeles Raiders","13197","NFL Football: San Diego Chargers/Los Angeles Raiders","25140","720","398","1","3","0","0","34.92","NFL Football: San Diego Chargers/Los Angeles Raiders"
"Ashley Clark: The Secrets of the Ancient Temple","13198","Ashley Clark: The Secrets of the Ancient Temple","25140","2280","388","1","7","0","0","11.03","Ashley Clark: The Secrets of the Ancient Temple"
"Let's Sing 2018","13199","Let's Sing 2018","25080","3720","34","1","23","0","0","6.74","Let's Sing 2018"
"Wheels II","13200","Wheels II","25080","300","380","1","3","0","0","83.6","Wheels II"