"","","Game","Watch time","Stream time","Peak viewers","Peak channels","Streamers","Average viewers","Average channels","Average viewer ratio",""
"XBlaze Code: Embryo","12701","XBlaze Code: Embryo","29220","1500","194","1","5","0","0","19.48","XBlaze Code: Embryo"
"Hegemony III: Clash of the Ancients","12702","Hegemony III: Clash of the Ancients","29220","4680","124","1","12","0","0","6.24","Hegemony III: Clash of the Ancients"
"Fairune","12703","Fairune","29220","420","173","1","4","0","0","69.57","Fairune"
"Dumb as Wizards","12704","Dumb as Wizards","29220","1500","410","2","11","0","0","19.48","Dumb as Wizards"
"Twilight Star: Heart of Eir","12705","Twilight Star: Heart of Eir","29220","2460","255","1","4","0","0","11.88","Twilight Star: Heart of Eir"
"Super Cyborg","12706","Super Cyborg","29160","9600","35","2","48","0","0","3.04","Super Cyborg"
"Creepy Castle","12707","Creepy Castle","29160","5820","67","2","18","0","0","5.01","Creepy Castle"
"CosmoTank","12708","CosmoTank","29160","1140","44","1","1","0","0","25.58","CosmoTank"
"Klonoa: Empire of Dreams","12709","Klonoa: Empire of Dreams","29160","10680","81","3","36","0","0","2.73","Klonoa: Empire of Dreams"
"Skylanders: Spyro's Adventure","12710","Skylanders: Spyro's Adventure","29160","11040","126","1","29","0","0","2.64","Skylanders: Spyro's Adventure"
"Roll Away","12711","Roll Away","29160","6060","27","3","21","0","0","4.81","Roll Away"
"SOUND VOLTEX III GRAVITY WARS","12712","SOUND VOLTEX III GRAVITY WARS","29160","14220","16","2","41","0","0","2.05","SOUND VOLTEX III GRAVITY WARS"
"Panzer Bandit","12713","Panzer Bandit","29100","2040","200","2","8","0","0","14.26","Panzer Bandit"
"Agatha Christie: And Then There Were None","12714","Agatha Christie: And Then There Were None","29100","9180","20","2","19","0","0","3.17","Agatha Christie: And Then There Were None"
"MOBA Legends","12715","MOBA Legends","29100","30360","45","2","146","0","0","0.96","MOBA Legends"
"SingStar Celebration","12716","SingStar Celebration","29100","780","230","1","8","0","0","37.31","SingStar Celebration"
"Diesel Railcar Simulator","12717","Diesel Railcar Simulator","29100","5160","147","1","18","0","0","5.64","Diesel Railcar Simulator"
"Fictorum","12718","Fictorum","29040","7920","42","2","56","0","0","3.67","Fictorum"
"Cadash","12719","Cadash","29040","3360","64","1","22","0","0","8.64","Cadash"
"DrumMania","12720","DrumMania","29040","7020","194","2","12","0","0","4.14","DrumMania"
"Kú","12721","Kú","29040","1680","194","1","4","0","0","17.29","Kú"
"Sengoku Basara 3 Utage","12722","Sengoku Basara 3 Utage","28980","13320","9","1","8","0","0","2.18","Sengoku Basara 3 Utage"
"Legend of Mir 2","12723","Legend of Mir 2","28980","11580","35","2","16","0","0","2.5","Legend of Mir 2"
"Sword and Shield","12724","Sword and Shield","28980","2520","38","1","2","0","0","11.5","Sword and Shield"
"I Wanna Be the Co-Op","12725","I Wanna Be the Co-Op","28980","15840","36","2","43","0","0","1.83","I Wanna Be the Co-Op"
"Oishinbo: Kyukyoku no Menu 3bon Syoubu","12726","Oishinbo: Kyukyoku no Menu 3bon Syoubu","28980","960","311","1","3","0","0","30.19","Oishinbo: Kyukyoku no Menu 3bon Syoubu"
"SK8","12727","SK8","28980","1800","57","1","15","0","0","16.1","SK8"
"Marrow","12728","Marrow","28920","1860","228","1","6","0","0","15.55","Marrow"
"World Neverland: Daily Life in the Elnea Kingdom","12729","World Neverland: Daily Life in the Elnea Kingdom","28920","16080","12","2","11","0","0","1.8","World Neverland: Daily Life in the Elnea Kingdom"
"Bonsai Barber","12730","Bonsai Barber","28920","2160","205","1","11","0","0","13.39","Bonsai Barber"
"Trash TV","12731","Trash TV","28920","10080","126","2","31","0","0","2.87","Trash TV"
"Mountain Crime: Requital","12732","Mountain Crime: Requital","28920","2220","108","1","10","0","0","13.03","Mountain Crime: Requital"
"Yu-Gi-Oh! Power of Chaos: Joey the Passion","12733","Yu-Gi-Oh! Power of Chaos: Joey the Passion","28920","9000","207","2","55","0","0","3.21","Yu-Gi-Oh! Power of Chaos: Joey the Passion"
"Naruto: Ultimate Ninja 3","12734","Naruto: Ultimate Ninja 3","28920","10320","43","1","59","0","0","2.8","Naruto: Ultimate Ninja 3"
"Stronghold Kingdoms","12735","Stronghold Kingdoms","28920","20640","10","2","52","0","0","1.4","Stronghold Kingdoms"
"SaGa 3: Jikuu no Hasha - Shadow or Light","12736","SaGa 3: Jikuu no Hasha - Shadow or Light","28920","3420","47","1","4","0","0","8.46","SaGa 3: Jikuu no Hasha - Shadow or Light"
"Ar tonelico Qoga: Knell of Ar Ciel","12737","Ar tonelico Qoga: Knell of Ar Ciel","28860","10620","11","1","9","0","0","2.72","Ar tonelico Qoga: Knell of Ar Ciel"
"Club Penguin: Elite Penguin Force: Herbert's Revenge","12738","Club Penguin: Elite Penguin Force: Herbert's Revenge","28860","1020","502","1","7","0","0","28.29","Club Penguin: Elite Penguin Force: Herbert's Revenge"
"Space Rangers 2: Reboot","12739","Space Rangers 2: Reboot","28860","6300","57","1","27","0","0","4.58","Space Rangers 2: Reboot"
"Exit","12740","Exit","28860","1980","79","1","9","0","0","14.58","Exit"
"Robotron: 2084","12741","Robotron: 2084","28860","19560","49","2","16","0","0","1.48","Robotron: 2084"
"Hot Date","12742","Hot Date","28860","3600","199","2","25","0","0","8.02","Hot Date"
"SRS: Street Racing Syndicate","12743","SRS: Street Racing Syndicate","28860","12420","18","1","62","0","0","2.32","SRS: Street Racing Syndicate"
"Delta Force: Black Hawk Down","12744","Delta Force: Black Hawk Down","28860","20760","54","2","64","0","0","1.39","Delta Force: Black Hawk Down"
"Kao the Kangaroo Round 2","12745","Kao the Kangaroo Round 2","28860","6840","52","2","21","0","0","4.22","Kao the Kangaroo Round 2"
"PoPoLoCrois Bokujou Monogatari","12746","PoPoLoCrois Bokujou Monogatari","28860","1140","94","1","3","0","0","25.32","PoPoLoCrois Bokujou Monogatari"
"Holopoint","12747","Holopoint","28860","5340","99","1","37","0","0","5.4","Holopoint"
"Battle Bay","12748","Battle Bay","28860","32280","8","2","98","0","0","0.89","Battle Bay"
"Headliner: NoviNews","12749","Headliner: NoviNews","28860","4920","63","2","23","0","0","5.87","Headliner: NoviNews"
"Red Crucible: Firestorm","12750","Red Crucible: Firestorm","28800","22380","101","2","149","0","0","1.29","Red Crucible: Firestorm"
"Happy Fret","12751","Happy Fret","28800","120","501","1","2","0","0","240","Happy Fret"
"ScreamRide","12752","ScreamRide","28800","13680","91","2","109","0","0","2.11","ScreamRide"
"Badlands","12753","Badlands","28800","2340","65","1","20","0","0","12.31","Badlands"
"Mort the Chicken","12754","Mort the Chicken","28800","1620","303","5","14","0","0","17.78","Mort the Chicken"
"Lemans","12755","Lemans","28800","720","227","1","2","0","0","40","Lemans"
"Tear Ring Saga","12756","Tear Ring Saga","28740","8460","14","1","24","0","0","3.4","Tear Ring Saga"
"Midnight Club 3: DUB Edition","12757","Midnight Club 3: DUB Edition","28740","15900","31","2","94","0","0","1.81","Midnight Club 3: DUB Edition"
"Deadbeat Heroes","12758","Deadbeat Heroes","28740","2520","148","1","8","0","0","11.4","Deadbeat Heroes"
"Antenna","12759","Antenna","28740","1200","236","1","11","0","0","23.95","Antenna"
"The Saga of Ryzom","12760","The Saga of Ryzom","28680","27480","8","2","12","0","0","1.04","The Saga of Ryzom"
"Luna","12761","Luna","28680","3360","192","2","20","0","0","8.54","Luna"
"Feral Fury","12762","Feral Fury","28680","15900","47","2","54","0","0","1.8","Feral Fury"
"Shining Soul II","12763","Shining Soul II","28680","9720","29","1","27","0","0","2.95","Shining Soul II"
"Dungeon Maker: Hunting Ground","12764","Dungeon Maker: Hunting Ground","28680","1980","247","1","11","0","0","14.48","Dungeon Maker: Hunting Ground"
"Pirates of the Caribbean: Dead Man's Chest","12765","Pirates of the Caribbean: Dead Man's Chest","28680","1380","256","2","6","0","0","20.78","Pirates of the Caribbean: Dead Man's Chest"
"Me & My Katamari","12766","Me & My Katamari","28620","4260","41","1","27","0","0","6.72","Me & My Katamari"
"Disciples III: Resurrection","12767","Disciples III: Resurrection","28620","7980","44","2","16","0","0","3.59","Disciples III: Resurrection"
"SkiFree","12768","SkiFree","28620","1080","198","1","14","0","0","26.5","SkiFree"
"Godzilla 2: War of the Monsters","12769","Godzilla 2: War of the Monsters","28620","1800","253","3","6","0","0","15.9","Godzilla 2: War of the Monsters"
"Riviera: The Promised Land","12770","Riviera: The Promised Land","28620","14160","24","1","32","0","0","2.02","Riviera: The Promised Land"
"Jade Cocoon 2","12771","Jade Cocoon 2","28620","13620","35","2","26","0","0","2.1","Jade Cocoon 2"
"Dark Tales: Edgar Allan Poe's The Masque of the Red Death","12772","Dark Tales: Edgar Allan Poe's The Masque of the Red Death","28620","4620","22","1","11","0","0","6.19","Dark Tales: Edgar Allan Poe's The Masque of the Red Death"
"Sabrina: The Animated Series: Zapped!","12773","Sabrina: The Animated Series: Zapped!","28560","15480","3","1","3","0","0","1.84","Sabrina: The Animated Series: Zapped!"
"Divide by Sheep","12774","Divide by Sheep","28560","9180","35","1","58","0","0","3.11","Divide by Sheep"
"Cow Milking Simulator","12775","Cow Milking Simulator","28560","660","444","1","3","0","0","43.27","Cow Milking Simulator"
"The Story Goes On","12776","The Story Goes On","28560","4740","63","2","21","0","0","6.03","The Story Goes On"
"Warzone 2100","12777","Warzone 2100","28560","17940","18","2","67","0","0","1.59","Warzone 2100"
"Xenimus","12778","Xenimus","28560","16560","15","2","15","0","0","1.72","Xenimus"
"Onimusha Tactics","12779","Onimusha Tactics","28500","6300","17","1","8","0","0","4.52","Onimusha Tactics"
"Galactic Civilizations II","12780","Galactic Civilizations II","28500","9660","75","3","59","0","0","2.95","Galactic Civilizations II"
"Cross Edge","12781","Cross Edge","28500","27960","11","2","6","0","0","1.02","Cross Edge"
"Prinny: Can I Really Be the Hero?","12782","Prinny: Can I Really Be the Hero?","28500","9180","44","2","36","0","0","3.1","Prinny: Can I Really Be the Hero?"
"Ace Combat: Assault Horizon Legacy","12783","Ace Combat: Assault Horizon Legacy","28440","5160","39","1","28","0","0","5.51","Ace Combat: Assault Horizon Legacy"
"Prominence","12784","Prominence","28440","1800","99","1","8","0","0","15.8","Prominence"
"Bad Apple Wars","12785","Bad Apple Wars","28440","3120","28","1","4","0","0","9.12","Bad Apple Wars"
"HOT PINK","12786","HOT PINK","28440","2280","83","1","8","0","0","12.47","HOT PINK"
"Pirate King Online","12787","Pirate King Online","28380","14220","12","2","14","0","0","2","Pirate King Online"
"Chalvo 55","12788","Chalvo 55","28380","3300","32","5","12","0","0","8.6","Chalvo 55"
"Battle Arena Toshinden 4","12789","Battle Arena Toshinden 4","28380","420","177","1","2","0","0","67.57","Battle Arena Toshinden 4"
"NHL Stanley Cup","12790","NHL Stanley Cup","28320","2160","396","1","2","0","0","13.11","NHL Stanley Cup"
"Bill & Ted's Excellent Adventure","12791","Bill & Ted's Excellent Adventure","28320","180","242","2","2","0","0","157.33","Bill & Ted's Excellent Adventure"
"Gender Bender DNA Twister Extreme","12792","Gender Bender DNA Twister Extreme","28320","4380","87","1","7","0","0","6.47","Gender Bender DNA Twister Extreme"
"THE iDOLM@STER Cinderella Girls: Gravure For You! Vol. 1","12793","THE iDOLM@STER Cinderella Girls: Gravure For You! Vol. 1","28320","120","264","1","1","0","0","236","THE iDOLM@STER Cinderella Girls: Gravure For You! Vol. 1"
"James Bond Jr.","12794","James Bond Jr.","28260","3300","110","3","10","0","0","8.56","James Bond Jr."
"Darkstar One","12795","Darkstar One","28260","8460","29","1","17","0","0","3.34","Darkstar One"
"The Walking Dead: No Man's Land","12796","The Walking Dead: No Man's Land","28260","9000","33","2","32","0","0","3.14","The Walking Dead: No Man's Land"
"Warriors Orochi","12797","Warriors Orochi","28260","12960","33","2","37","0","0","2.18","Warriors Orochi"
"Ace Combat 3: Electrosphere","12798","Ace Combat 3: Electrosphere","28260","13080","17","5","44","0","0","2.16","Ace Combat 3: Electrosphere"
"Sakura Swim Club","12799","Sakura Swim Club","28260","9180","14","2","48","0","0","3.08","Sakura Swim Club"
"The New York Times Crosswords","12800","The New York Times Crosswords","28260","6240","79","2","13","0","0","4.53","The New York Times Crosswords"