"","","Game","Watch time","Stream time","Peak viewers","Peak channels","Streamers","Average viewers","Average channels","Average viewer ratio",""
"SpiritSphere","7601","SpiritSphere","176700","1020","1054","1","8","0","0","173.24","SpiritSphere"
"Hokuto no Ken Online","7602","Hokuto no Ken Online","176460","360","3211","1","2","0","0","490.17","Hokuto no Ken Online"
"ClayFighter 63 1/3","7603","ClayFighter 63 1/3","176340","1800","2834","1","13","0","0","97.97","ClayFighter 63 1/3"
"Great eSports Manager","7604","Great eSports Manager","176280","17400","379","4","73","0","0","10.13","Great eSports Manager"
"Jackie Chan's Action Kung Fu","7605","Jackie Chan's Action Kung Fu","176220","6060","2397","4","42","0","0","29.08","Jackie Chan's Action Kung Fu"
"E.Z","7606","E.Z","176100","3600","462","1","22","0","0","48.92","E.Z"
"Teleportower Plus","7607","Teleportower Plus","175920","780","3463","2","6","0","0","225.54","Teleportower Plus"
"Angels with Scaly Wings","7608","Angels with Scaly Wings","175860","41280","90","2","86","0","0","4.26","Angels with Scaly Wings"
"Jim Power: The Lost Dimension in 3D","7609","Jim Power: The Lost Dimension in 3D","175800","5280","561","5","17","0","0","33.3","Jim Power: The Lost Dimension in 3D"
"Codename: Eagle","7610","Codename: Eagle","175800","780","964","1","5","0","0","225.38","Codename: Eagle"
"Silent Descent","7611","Silent Descent","175620","11520","377","2","74","0","0","15.24","Silent Descent"
"Pac-Man: Championship Edition 2 + ARCADE GAME SERIES","7612","Pac-Man: Championship Edition 2 + ARCADE GAME SERIES","175560","2820","955","1","79","0","0","62.26","Pac-Man: Championship Edition 2 + ARCADE GAME SERIES"
"Schlag den Raab","7613","Schlag den Raab","175440","780","849","1","4","0","0","224.92","Schlag den Raab"
"Rally Bike","7614","Rally Bike","175200","2160","407","1","4","0","0","81.11","Rally Bike"
"Headmaster","7615","Headmaster","175080","2940","8653","1","23","0","0","59.55","Headmaster"
"Dead Frontier","7616","Dead Frontier","174960","65580","323","3","191","0","0","2.67","Dead Frontier"
"Phantasy Star Universe: Ambition of the Illuminous","7617","Phantasy Star Universe: Ambition of the Illuminous","174960","77040","62","4","117","0","0","2.27","Phantasy Star Universe: Ambition of the Illuminous"
"Flower","7618","Flower","174960","30960","1226","3","218","0","0","5.65","Flower"
"Tom and Jerry: Fists of Furry","7619","Tom and Jerry: Fists of Furry","174780","8040","179","2","16","0","0","21.74","Tom and Jerry: Fists of Furry"
"Faces of War","7620","Faces of War","174660","3540","1941","2","16","0","0","49.34","Faces of War"
"CasinoRPG","7621","CasinoRPG","174660","12360","444","3","53","0","0","14.13","CasinoRPG"
"Warhammer 40,000: Glory in Death","7622","Warhammer 40,000: Glory in Death","174600","1860","738","1","5","0","0","93.87","Warhammer 40,000: Glory in Death"
"Nights of Azure","7623","Nights of Azure","174480","102960","35","3","228","0","0","1.69","Nights of Azure"
"Doodle WHAT?!","7624","Doodle WHAT?!","174480","10620","322","1","62","0","0","16.43","Doodle WHAT?!"
"One Piece: Unlimited World RED","7625","One Piece: Unlimited World RED","174480","35700","160","2","146","0","0","4.89","One Piece: Unlimited World RED"
"I'm Not Alone","7626","I'm Not Alone","174420","1980","1688","1","8","0","0","88.09","I'm Not Alone"
"Pixel Puzzles Ultimate","7627","Pixel Puzzles Ultimate","174420","37800","255","2","89","0","0","4.61","Pixel Puzzles Ultimate"
"Panic Park","7628","Panic Park","174360","120","1530","1","1","0","0","1453","Panic Park"
"Star Ocean: First Departure","7629","Star Ocean: First Departure","174240","55440","145","3","126","0","0","3.14","Star Ocean: First Departure"
"WWE Day of Reckoning","7630","WWE Day of Reckoning","174120","11460","508","2","31","0","0","15.19","WWE Day of Reckoning"
"Foul Play","7631","Foul Play","174000","64020","78","7","595","0","0","2.72","Foul Play"
"Damsel","7632","Damsel","174000","20880","637","3","76","0","0","8.33","Damsel"
"Monster Trucks Mayhem","7633","Monster Trucks Mayhem","174000","540","1490","1","2","0","0","322.22","Monster Trucks Mayhem"
"Winning Eleven: Pro Evolution Soccer 2007","7634","Winning Eleven: Pro Evolution Soccer 2007","173940","16560","962","3","60","0","0","10.5","Winning Eleven: Pro Evolution Soccer 2007"
"Taikou Risshiden","7635","Taikou Risshiden","173820","6240","853","2","4","0","0","27.86","Taikou Risshiden"
"Sim Theme Park","7636","Sim Theme Park","173760","9180","203","2","40","0","0","18.93","Sim Theme Park"
"Hercules","7637","Hercules","173760","16560","613","3","94","0","0","10.49","Hercules"
"Space Raiders","7638","Space Raiders","173760","720","1827","1","4","0","0","241.33","Space Raiders"
"Sniper Fury","7639","Sniper Fury","173760","67800","24","3","108","0","0","2.56","Sniper Fury"
"Dragon Nest M","7640","Dragon Nest M","173760","61020","187","3","245","0","0","2.85","Dragon Nest M"
"Le Mans 24","7641","Le Mans 24","173760","1680","624","5","8","0","0","103.43","Le Mans 24"
"WWE SmackDown! vs. RAW 2008","7642","WWE SmackDown! vs. RAW 2008","173700","16020","1614","2","57","0","0","10.84","WWE SmackDown! vs. RAW 2008"
"Shrek 2 Team Action","7643","Shrek 2 Team Action","173580","3540","641","1","21","0","0","49.03","Shrek 2 Team Action"
"The Playroom VR","7644","The Playroom VR","173580","96720","346","5","941","0","0","1.79","The Playroom VR"
"Solomon's Boneyard","7645","Solomon's Boneyard","173460","720","4580","1","7","0","0","240.92","Solomon's Boneyard"
"Star Trek: Elite Force II","7646","Star Trek: Elite Force II","173460","9900","150","1","22","0","0","17.52","Star Trek: Elite Force II"
"Nancy Drew: Message in a Haunted Mansion","7647","Nancy Drew: Message in a Haunted Mansion","173400","10620","846","2","41","0","0","16.33","Nancy Drew: Message in a Haunted Mansion"
"The Day After : Origins","7648","The Day After : Origins","173280","4980","1222","3","44","0","0","34.8","The Day After : Origins"
"Neutopia","7649","Neutopia","173220","6240","1701","3","19","0","0","27.76","Neutopia"
"Battlebit","7650","Battlebit","173160","6240","2497","3","32","0","0","27.75","Battlebit"
"Franchise Hockey Manager 4","7651","Franchise Hockey Manager 4","173100","11580","63","2","19","0","0","14.95","Franchise Hockey Manager 4"
"Assassin's Creed: Ezio Trilogy","7652","Assassin's Creed: Ezio Trilogy","173100","7740","123","2","25","0","0","22.36","Assassin's Creed: Ezio Trilogy"
"Digital Combat Simulator: Black Shark","7653","Digital Combat Simulator: Black Shark","173100","259260","26","7","674","0","0","0.67","Digital Combat Simulator: Black Shark"
"Leisure Suit Larry 1:  In the Land of the Lounge Lizards","7654","Leisure Suit Larry 1:  In the Land of the Lounge Lizards","173040","18120","286","2","66","0","0","9.55","Leisure Suit Larry 1:  In the Land of the Lounge Lizards"
"Front Mission 4","7655","Front Mission 4","172860","35580","68","3","39","0","0","4.86","Front Mission 4"
"The Lord of the Rings: Conquest","7656","The Lord of the Rings: Conquest","172860","9180","1812","1","47","0","0","18.83","The Lord of the Rings: Conquest"
"Die Drei Fragezeichen: Rätsel aus der Geisterwelt","7657","Die Drei Fragezeichen: Rätsel aus der Geisterwelt","172860","7260","148","1","12","0","0","23.81","Die Drei Fragezeichen: Rätsel aus der Geisterwelt"
"Toy Soldiers","7658","Toy Soldiers","172740","7500","2033","2","53","0","0","23.03","Toy Soldiers"
"Pro Evolution Soccer 2011","7659","Pro Evolution Soccer 2011","172740","9660","2832","2","30","0","0","17.88","Pro Evolution Soccer 2011"
"Sam & Max: The Devil's Playhouse","7660","Sam & Max: The Devil's Playhouse","172620","12660","145","2","15","0","0","13.64","Sam & Max: The Devil's Playhouse"
"One Late Night","7661","One Late Night","172560","15000","966","4","119","0","0","11.5","One Late Night"
"TrackMania² Lagoon","7662","TrackMania² Lagoon","172500","15780","408","3","70","0","0","10.93","TrackMania² Lagoon"
"Touhou: Scarlet Curiosity","7663","Touhou: Scarlet Curiosity","172440","35880","200","4","155","0","0","4.81","Touhou: Scarlet Curiosity"
"Ultima II: The Revenge of the Enchantress","7664","Ultima II: The Revenge of the Enchantress","172440","8520","160","1","14","0","0","20.24","Ultima II: The Revenge of the Enchantress"
"Tokyo Ghoul:re invoke","7665","Tokyo Ghoul:re invoke","172380","17280","103","4","52","0","0","9.98","Tokyo Ghoul:re invoke"
"Ather: Chapter 1","7666","Ather: Chapter 1","172320","1500","1695","2","16","0","0","114.88","Ather: Chapter 1"
"Cars 2: The Video Game","7667","Cars 2: The Video Game","172320","34260","625","7","291","0","0","5.03","Cars 2: The Video Game"
"NASCAR 2005: Chase for the Cup","7668","NASCAR 2005: Chase for the Cup","172260","13740","46","2","14","0","0","12.54","NASCAR 2005: Chase for the Cup"
"Jackie Chan Adventures: Legend of the Dark Hand","7669","Jackie Chan Adventures: Legend of the Dark Hand","172260","3960","1848","5","32","0","0","43.5","Jackie Chan Adventures: Legend of the Dark Hand"
"Mega Man ZX","7670","Mega Man ZX","172260","39360","178","2","106","0","0","4.38","Mega Man ZX"
"Virtual Boxing League","7671","Virtual Boxing League","172260","540","1790","3","5","0","0","319","Virtual Boxing League"
"Frost","7672","Frost","172260","10680","537","4","76","0","0","16.13","Frost"
"Super C","7673","Super C","172080","23460","404","2","131","0","0","7.34","Super C"
"Sonic 2 In 1","7674","Sonic 2 In 1","172020","1260","1316","1","10","0","0","136.52","Sonic 2 In 1"
"Ninja Spirit","7675","Ninja Spirit","171960","3300","2793","1","15","0","0","52.11","Ninja Spirit"
"The Mind's Eclipse","7676","The Mind's Eclipse","171840","1920","1605","2","10","0","0","89.5","The Mind's Eclipse"
"Field of Glory II","7677","Field of Glory II","171840","9240","98","2","19","0","0","18.6","Field of Glory II"
"MediEvil II","7678","MediEvil II","171780","32100","120","3","87","0","0","5.35","MediEvil II"
"The Twisted Tales of Spike McFang","7679","The Twisted Tales of Spike McFang","171780","10980","453","2","22","0","0","15.64","The Twisted Tales of Spike McFang"
"Star Wars: Episode I - The Phantom Menace","7680","Star Wars: Episode I - The Phantom Menace","171600","18480","66","2","37","0","0","9.29","Star Wars: Episode I - The Phantom Menace"
"Double Dragon Neon","7681","Double Dragon Neon","171600","59520","191","3","273","0","0","2.88","Double Dragon Neon"
"Sid Meier's Civilization V: Brave New World","7682","Sid Meier's Civilization V: Brave New World","171540","66420","218","3","138","0","0","2.58","Sid Meier's Civilization V: Brave New World"
"Ace Combat 6: Fires of Liberation","7683","Ace Combat 6: Fires of Liberation","171480","15360","162","2","37","0","0","11.16","Ace Combat 6: Fires of Liberation"
"Puzzle Agent 2","7684","Puzzle Agent 2","171300","27180","91","2","107","0","0","6.3","Puzzle Agent 2"
"Romance of the Three Kingdoms X","7685","Romance of the Three Kingdoms X","171300","7860","232","1","17","0","0","21.79","Romance of the Three Kingdoms X"
"Sailor Moon S","7686","Sailor Moon S","171240","10020","774","2","36","0","0","17.09","Sailor Moon S"
"Metal Gear Solid: The Legacy Collection 1987-2012","7687","Metal Gear Solid: The Legacy Collection 1987-2012","171240","40080","62","2","52","0","0","4.27","Metal Gear Solid: The Legacy Collection 1987-2012"
"Math Blaster!","7688","Math Blaster!","171240","13140","1642","2","24","0","0","13.03","Math Blaster!"
"Star Wars: Episode I - Jedi Power Battles","7689","Star Wars: Episode I - Jedi Power Battles","171180","11040","410","2","46","0","0","15.51","Star Wars: Episode I - Jedi Power Battles"
"Darkestville Castle","7690","Darkestville Castle","171180","26400","128","2","63","0","0","6.48","Darkestville Castle"
"Tomb Raider: Unfinished Business","7691","Tomb Raider: Unfinished Business","171120","15960","186","2","41","0","0","10.72","Tomb Raider: Unfinished Business"
"Infected","7692","Infected","171060","660","754","1","4","0","0","259.18","Infected"
"Etrian Odyssey IV: Legends of the Titan","7693","Etrian Odyssey IV: Legends of the Titan","171000","27360","97","2","18","0","0","6.25","Etrian Odyssey IV: Legends of the Titan"
"MetaMorph: Dungeon Creatures","7694","MetaMorph: Dungeon Creatures","170880","1800","1007","2","8","0","0","94.93","MetaMorph: Dungeon Creatures"
"Medieval 2","7695","Medieval 2","170820","37020","311","2","141","0","0","4.61","Medieval 2"
"The Magic Circle","7696","The Magic Circle","170820","16860","352","2","73","0","0","10.13","The Magic Circle"
"Gradius","7697","Gradius","170760","17760","324","2","111","0","0","9.61","Gradius"
"Sorcery!","7698","Sorcery!","170760","15240","150","1","55","0","0","11.2","Sorcery!"
"Sailaway - The Sailing Simulator","7699","Sailaway - The Sailing Simulator","170700","74220","616","4","84","0","0","2.3","Sailaway - The Sailing Simulator"
"Caveman World: Mountains of Unga Boonga","7700","Caveman World: Mountains of Unga Boonga","170640","1320","1981","1","15","0","0","129.27","Caveman World: Mountains of Unga Boonga"