"","","Game","Watch time","Stream time","Peak viewers","Peak channels","Streamers","Average viewers","Average channels","Average viewer ratio",""
"Tasukete Tako-San: Save me Mr Tako!","4301","Tasukete Tako-San: Save me Mr Tako!","863760","15180","1461","5","61","1","0","56.9","Tasukete Tako-San: Save me Mr Tako!"
"Out Of Reach","4302","Out Of Reach","863760","76200","4886","5","175","1","0","11.34","Out Of Reach"
"Senran Kagura Bon Appétit!","4303","Senran Kagura Bon Appétit!","863580","46800","4517","3","196","1","0","18.45","Senran Kagura Bon Appétit!"
"Dragon's Dogma Online","4304","Dragon's Dogma Online","863040","255480","870","5","303","1","0","3.38","Dragon's Dogma Online"
"Dungeon Stars","4305","Dungeon Stars","862260","1560","20571","5","17","1","0","552.73","Dungeon Stars"
"Yo-kai Watch: Busters","4306","Yo-kai Watch: Busters","861060","31740","175","2","20","1","0","27.13","Yo-kai Watch: Busters"
"Sega Saturn de Hakken!! Tamagotchi Park","4307","Sega Saturn de Hakken!! Tamagotchi Park","860520","180","7885","3","3","1","0","4780.67","Sega Saturn de Hakken!! Tamagotchi Park"
"X-COM: Terror from the Deep","4308","X-COM: Terror from the Deep","860400","72060","185","3","64","1","0","11.94","X-COM: Terror from the Deep"
"Source Filmmaker","4309","Source Filmmaker","858780","310740","1912","9","723","1","0","2.76","Source Filmmaker"
"Grand Theft Auto: Chinatown Wars","4310","Grand Theft Auto: Chinatown Wars","857400","20700","4820","2","74","1","0","41.42","Grand Theft Auto: Chinatown Wars"
"Contrast","4311","Contrast","857340","84600","1051","3","395","1","0","10.13","Contrast"
"Crime Patrol","4312","Crime Patrol","857340","300","7195","1","2","1","0","2857.8","Crime Patrol"
"Mega Man X7","4313","Mega Man X7","856800","74160","2048","4","209","1","0","11.55","Mega Man X7"
"Street Fighter Alpha 3 MAX","4314","Street Fighter Alpha 3 MAX","856740","5280","7339","2","33","1","0","162.26","Street Fighter Alpha 3 MAX"
"Dog's Quest","4315","Dog's Quest","856260","300","4997","1","2","1","0","2854.2","Dog's Quest"
"Halo Wars","4316","Halo Wars","855720","289560","258","12","1355","1","0","2.96","Halo Wars"
"Uurnog","4317","Uurnog","854760","16140","7775","3","113","1","0","52.96","Uurnog"
"The Little Acre","4318","The Little Acre","854700","18240","5035","2","100","1","0","46.86","The Little Acre"
"Puppeteer","4319","Puppeteer","854700","13260","1346","2","38","1","0","64.46","Puppeteer"
"Flipping Death","4320","Flipping Death","854520","47400","1921","7","212","1","0","18.03","Flipping Death"
"Pharaoh Rebirth","4321","Pharaoh Rebirth","852300","12420","3219","2","30","1","0","68.62","Pharaoh Rebirth"
"Red Dead Revolver","4322","Red Dead Revolver","851160","103140","1569","5","387","1","0","8.25","Red Dead Revolver"
"Gravel","4323","Gravel","851040","120000","1192","13","451","1","0","7.09","Gravel"
"Transparent Black","4324","Transparent Black","850620","1260","3666","1","9","1","0","675.1","Transparent Black"
"Pokémon Battle Revolution","4325","Pokémon Battle Revolution","850500","189480","475","5","631","1","0","4.49","Pokémon Battle Revolution"
"Metal Gear Solid: VR Missions","4326","Metal Gear Solid: VR Missions","850440","22080","885","2","50","1","0","38.52","Metal Gear Solid: VR Missions"
"Haydee","4327","Haydee","850440","58140","1660","3","226","1","0","14.63","Haydee"
"Age of Pirates: Caribbean Tales","4328","Age of Pirates: Caribbean Tales","850380","5220","575","1","8","1","0","162.91","Age of Pirates: Caribbean Tales"
"Knock-Knock","4329","Knock-Knock","849840","51720","1748","3","292","1","0","16.43","Knock-Knock"
"Cliff Empire","4330","Cliff Empire","849540","48360","2462","4","137","1","0","17.57","Cliff Empire"
"FusionFall Retro","4331","FusionFall Retro","849540","198660","194","14","570","1","0","4.28","FusionFall Retro"
"King Arthur's Gold","4332","King Arthur's Gold","849240","16860","6915","3","104","1","0","50.37","King Arthur's Gold"
"Sword Art Online: Hollow Fragment","4333","Sword Art Online: Hollow Fragment","849000","198060","945","5","893","1","0","4.29","Sword Art Online: Hollow Fragment"
"Pro Evolution Soccer 2008","4334","Pro Evolution Soccer 2008","848880","25680","7424","5","69","1","0","33.06","Pro Evolution Soccer 2008"
"LittleBigPlanet","4335","LittleBigPlanet","848820","100440","6465","5","127","1","0","8.45","LittleBigPlanet"
"Marvel End Time Arena","4336","Marvel End Time Arena","848520","80160","917","9","152","1","0","10.59","Marvel End Time Arena"
"Harvest Moon: Back to Nature","4337","Harvest Moon: Back to Nature","847260","71280","1034","4","160","1","0","11.89","Harvest Moon: Back to Nature"
"Neon Drive","4338","Neon Drive","846060","57540","2328","3","464","1","0","14.7","Neon Drive"
"Forward to the sky","4339","Forward to the sky","845640","16020","8341","3","108","1","0","52.79","Forward to the sky"
"Wii Sports","4340","Wii Sports","845100","99840","1834","5","300","1","0","8.46","Wii Sports"
"TrackMania² Valley","4341","TrackMania² Valley","844500","25920","2023","4","78","1","0","32.58","TrackMania² Valley"
"The Settlers III: Quest of the Amazons","4342","The Settlers III: Quest of the Amazons","844440","16680","3817","3","14","1","0","50.63","The Settlers III: Quest of the Amazons"
"The Norwood Suite","4343","The Norwood Suite","844200","30240","3626","3","187","1","0","27.92","The Norwood Suite"
"My Little Pony - Friendship is Magic","4344","My Little Pony - Friendship is Magic","843660","58860","1991","3","126","1","0","14.33","My Little Pony - Friendship is Magic"
"Pure Rock Crawling","4345","Pure Rock Crawling","843540","8400","8435","2","70","1","0","100.42","Pure Rock Crawling"
"Kirby's Dream Land 3","4346","Kirby's Dream Land 3","843480","74940","3534","4","217","1","0","11.26","Kirby's Dream Land 3"
"I Love Kittens!","4347","I Love Kittens!","843360","300","8657","3","5","1","0","2811.2","I Love Kittens!"
"Mindshow","4348","Mindshow","840900","6960","997","1","32","1","0","120.82","Mindshow"
"OverBlood","4349","OverBlood","840600","10920","818","2","25","1","0","76.98","OverBlood"
"Fairy Tail","4350","Fairy Tail","840480","15120","6971","1","27","1","0","55.59","Fairy Tail"
"Two Worlds II","4351","Two Worlds II","839760","59760","728","3","173","1","0","14.05","Two Worlds II"
"Legendary Gary","4352","Legendary Gary","839220","6420","2175","2","26","1","0","130.72","Legendary Gary"
"Ultimate Epic Battle Simulator","4353","Ultimate Epic Battle Simulator","838920","90360","822","4","585","1","0","9.28","Ultimate Epic Battle Simulator"
"Marvel","4354","Marvel","837480","49080","4314","6","219","1","0","17.06","Marvel"
"Two Worlds","4355","Two Worlds","836520","56640","1466","3","174","1","0","14.77","Two Worlds"
"Berserk and the Band of the Hawk","4356","Berserk and the Band of the Hawk","836460","279780","1606","7","877","1","0","2.99","Berserk and the Band of the Hawk"
"Ultimate General: Civil War","4357","Ultimate General: Civil War","836400","140400","172","4","243","1","0","5.96","Ultimate General: Civil War"
"CPBL Real","4358","CPBL Real","835980","6660","540","1","4","1","0","125.52","CPBL Real"
"Archangel","4359","Archangel","834480","57120","1392","7","223","1","0","14.61","Archangel"
"Myth","4360","Myth","833940","180780","1102","9","109","1","0","4.61","Myth"
"Mxsimulator","4361","Mxsimulator","833820","151500","289","6","227","1","0","5.5","Mxsimulator"
"Valeguard","4362","Valeguard","833700","11580","23597","4","69","1","0","71.99","Valeguard"
"WWF Wrestlefest","4363","WWF Wrestlefest","833280","2520","5736","1","15","1","0","330.67","WWF Wrestlefest"
"Armored Brigade","4364","Armored Brigade","832800","2880","2892","1","11","1","0","289.17","Armored Brigade"
"Doom Eternal","4365","Doom Eternal","830820","3540","3815","7","22","1","0","234.69","Doom Eternal"
"LEGO Star Wars: The Force Awakens","4366","LEGO Star Wars: The Force Awakens","830100","242100","225","11","1009","1","0","3.43","LEGO Star Wars: The Force Awakens"
"Petka 3: The Return of Alaska","4367","Petka 3: The Return of Alaska","829860","6840","11441","1","22","1","0","121.32","Petka 3: The Return of Alaska"
"Drakengard 3","4368","Drakengard 3","829860","99960","903","3","148","1","0","8.3","Drakengard 3"
"Street Fighter II: The World Warrior","4369","Street Fighter II: The World Warrior","829560","29700","3391","2","119","1","0","27.93","Street Fighter II: The World Warrior"
"Deluxe Ski Jump 4","4370","Deluxe Ski Jump 4","829500","16620","4235","2","69","1","0","49.91","Deluxe Ski Jump 4"
"The Wardrobe","4371","The Wardrobe","828780","27960","1259","2","98","1","0","29.64","The Wardrobe"
"Donkey Kong: Jungle Beat","4372","Donkey Kong: Jungle Beat","828780","21780","4825","2","72","1","0","38.05","Donkey Kong: Jungle Beat"
"Paint it Back","4373","Paint it Back","828780","9900","2953","2","30","1","0","83.72","Paint it Back"
"SCP-087: Recovered Document","4374","SCP-087: Recovered Document","828420","3660","3488","2","41","1","0","226.34","SCP-087: Recovered Document"
"San Francisco Rush: Extreme Racing","4375","San Francisco Rush: Extreme Racing","827760","23460","374","2","24","1","0","35.28","San Francisco Rush: Extreme Racing"
"The Guild 2","4376","The Guild 2","827040","12180","1865","2","46","1","0","67.9","The Guild 2"
"Unreal Tournament 2004","4377","Unreal Tournament 2004","825480","273480","1234","7","587","1","0","3.02","Unreal Tournament 2004"
"Barbie Super Model","4378","Barbie Super Model","825120","39360","5657","3","146","1","0","20.96","Barbie Super Model"
"Sportsfriends","4379","Sportsfriends","825060","6240","1749","2","45","1","0","132.22","Sportsfriends"
"Capcom vs. SNK: Millennium Fight 2000 Pro","4380","Capcom vs. SNK: Millennium Fight 2000 Pro","824940","3120","6855","2","21","1","0","264.4","Capcom vs. SNK: Millennium Fight 2000 Pro"
"Q.U.B.E.","4381","Q.U.B.E.","824700","30420","4613","3","178","1","0","27.11","Q.U.B.E."
"Atom FIshing 2","4382","Atom FIshing 2","824580","81180","2685","3","93","1","0","10.16","Atom FIshing 2"
"Bucket Detective","4383","Bucket Detective","824520","1800","5787","1","19","1","0","458.07","Bucket Detective"
"WWE WrestleMania XIX","4384","WWE WrestleMania XIX","824460","4080","4112","2","32","1","0","202.07","WWE WrestleMania XIX"
"God of War: Chains of Olympus","4385","God of War: Chains of Olympus","824340","80580","1303","5","249","1","0","10.23","God of War: Chains of Olympus"
"Another Brick in the Mall","4386","Another Brick in the Mall","822840","61620","846","3","242","1","0","13.35","Another Brick in the Mall"
"Gamer Career Tycoon","4387","Gamer Career Tycoon","821640","18660","2118","3","99","1","0","44.03","Gamer Career Tycoon"
"Batalj","4388","Batalj","821040","9180","24685","4","70","1","0","89.44","Batalj"
"Soulcalibur Legends","4389","Soulcalibur Legends","820920","3300","6858","2","10","1","0","248.76","Soulcalibur Legends"
"A Bird Story","4390","A Bird Story","820680","39660","799","3","310","1","0","20.69","A Bird Story"
"In memory of TITAN","4391","In memory of TITAN","820560","300","7183","1","2","1","0","2735.2","In memory of TITAN"
"ArmA II","4392","ArmA II","820560","46620","2282","3","205","1","0","17.6","ArmA II"
"Sword Art Online: Integral Factor","4393","Sword Art Online: Integral Factor","820380","182160","334","11","460","1","0","4.5","Sword Art Online: Integral Factor"
"DropMix","4394","DropMix","819900","73920","984","4","125","1","0","11.09","DropMix"
"Digital Devil Monogatari: Megami Tensei","4395","Digital Devil Monogatari: Megami Tensei","819660","10380","364","2","6","1","0","78.97","Digital Devil Monogatari: Megami Tensei"
"American McGee's Alice","4396","American McGee's Alice","819660","112560","378","3","295","1","0","7.28","American McGee's Alice"
"Orcs Must Die!","4397","Orcs Must Die!","819060","65040","820","4","247","1","0","12.59","Orcs Must Die!"
"Laura Bow 2: The Dagger of Amon-Ra","4398","Laura Bow 2: The Dagger of Amon-Ra","818400","6360","1478","1","13","1","0","128.68","Laura Bow 2: The Dagger of Amon-Ra"
"Mega Man Battle Network","4399","Mega Man Battle Network","817680","152340","442","7","291","1","0","5.37","Mega Man Battle Network"
"Fortress","4400","Fortress","816420","11340","1968","2","55","1","0","71.99","Fortress"