"","","Game","Watch time","Stream time","Peak viewers","Peak channels","Streamers","Average viewers","Average channels","Average viewer ratio",""
"Super Tennis","12501","Super Tennis","31140","4080","114","1","16","0","0","7.63","Super Tennis"
"Nosgoth","12502","Nosgoth","31140","7260","432","2","34","0","0","4.29","Nosgoth"
"The Peanuts Movie: Snoopy's Grand Adventure","12503","The Peanuts Movie: Snoopy's Grand Adventure","31140","2700","78","1","13","0","0","11.53","The Peanuts Movie: Snoopy's Grand Adventure"
"Paranormal Syndrome 2","12504","Paranormal Syndrome 2","31140","2220","173","1","5","0","0","14.03","Paranormal Syndrome 2"
"100","12505","100","31080","3300","54","1","27","0","0","9.42","100"
"Beauty and the Beast","12506","Beauty and the Beast","31080","1920","175","3","17","0","0","16.19","Beauty and the Beast"
"Boktai 2: Solar Boy Django","12507","Boktai 2: Solar Boy Django","31080","8580","34","2","15","0","0","3.62","Boktai 2: Solar Boy Django"
"Chasm: The Rift","12508","Chasm: The Rift","31080","6840","63","1","11","0","0","4.54","Chasm: The Rift"
"Train Simulator Real: The Yamanote Line","12509","Train Simulator Real: The Yamanote Line","31080","300","152","1","2","0","0","103.6","Train Simulator Real: The Yamanote Line"
"The Z Axis: Continuum","12510","The Z Axis: Continuum","31080","1020","396","2","10","0","0","30.47","The Z Axis: Continuum"
"Digimon ReArise","12511","Digimon ReArise","31080","5700","49","1","13","0","0","5.45","Digimon ReArise"
"Dark Eclipse","12512","Dark Eclipse","31080","17160","15","3","103","0","0","1.81","Dark Eclipse"
"Anno: Dawn of Discovery: The Harbor.","12513","Anno: Dawn of Discovery: The Harbor.","31020","1800","69","1","8","0","0","17.23","Anno: Dawn of Discovery: The Harbor."
"Frequency","12514","Frequency","31020","1980","214","1","16","0","0","15.67","Frequency"
"The Last Ninja","12515","The Last Ninja","31020","4380","148","1","12","0","0","7.08","The Last Ninja"
"Code Lyoko: Quest for Infinity","12516","Code Lyoko: Quest for Infinity","31020","5940","64","1","16","0","0","5.22","Code Lyoko: Quest for Infinity"
"Tallowmere","12517","Tallowmere","30960","9720","119","2","31","0","0","3.19","Tallowmere"
"Cryptract","12518","Cryptract","30960","30960","20","4","109","0","0","1","Cryptract"
"VRC-PRO","12519","VRC-PRO","30900","12600","60","2","53","0","0","2.45","VRC-PRO"
"Meme Run","12520","Meme Run","30900","14100","177","2","75","0","0","2.19","Meme Run"
"Cards and Castles","12521","Cards and Castles","30900","7140","26","1","23","0","0","4.33","Cards and Castles"
"Magic: The Gathering - Duels of the Planeswalkers 2013","12522","Magic: The Gathering - Duels of the Planeswalkers 2013","30900","16740","20","2","82","0","0","1.85","Magic: The Gathering - Duels of the Planeswalkers 2013"
"Tom and Jerry in House Trap","12523","Tom and Jerry in House Trap","30900","2280","250","1","13","0","0","13.55","Tom and Jerry in House Trap"
"Raiden III","12524","Raiden III","30900","2820","75","1","19","0","0","10.96","Raiden III"
"Frisky Business","12525","Frisky Business","30900","9240","45","1","44","0","0","3.34","Frisky Business"
"Domiverse","12526","Domiverse","30900","3060","125","2","11","0","0","10.1","Domiverse"
"Valiant Force","12527","Valiant Force","30840","16980","20","2","19","0","0","1.82","Valiant Force"
"Mystic Warriors","12528","Mystic Warriors","30840","1140","317","1","7","0","0","27.05","Mystic Warriors"
"Monopoly Party","12529","Monopoly Party","30840","6540","92","2","44","0","0","4.72","Monopoly Party"
"Chronology","12530","Chronology","30840","8460","34","2","52","0","0","3.65","Chronology"
"Midnight Club: Los Angeles Remix","12531","Midnight Club: Los Angeles Remix","30840","3780","229","1","25","0","0","8.16","Midnight Club: Los Angeles Remix"
"Cutthroat Island","12532","Cutthroat Island","30840","120","507","1","3","0","0","257","Cutthroat Island"
"Infested Planet","12533","Infested Planet","30840","15300","13","2","59","0","0","2.02","Infested Planet"
"Neverwinter Nights: Shadows of Undrentide","12534","Neverwinter Nights: Shadows of Undrentide","30840","8220","14","2","14","0","0","3.75","Neverwinter Nights: Shadows of Undrentide"
"Hatsune Miku: Project DIVA Extend","12535","Hatsune Miku: Project DIVA Extend","30780","16080","38","2","67","0","0","1.91","Hatsune Miku: Project DIVA Extend"
"To Heart","12536","To Heart","30780","1980","57","1","3","0","0","15.55","To Heart"
"BS F-Zero Grand Prix","12537","BS F-Zero Grand Prix","30780","1260","260","1","11","0","0","24.43","BS F-Zero Grand Prix"
"OutDrive","12538","OutDrive","30720","10680","50","2","92","0","0","2.88","OutDrive"
"Amazing Katamari Damacy","12539","Amazing Katamari Damacy","30720","3240","124","1","11","0","0","9.48","Amazing Katamari Damacy"
"Killzone 3","12540","Killzone 3","30720","7860","17","1","29","0","0","3.91","Killzone 3"
"Shadow Madness","12541","Shadow Madness","30720","4500","22","1","6","0","0","6.83","Shadow Madness"
"Langrisser IV","12542","Langrisser IV","30720","5220","56","2","9","0","0","5.89","Langrisser IV"
"Armored Core: Last Raven","12543","Armored Core: Last Raven","30720","10080","295","1","26","0","0","3.05","Armored Core: Last Raven"
"Doctor Who: The Eternity Clock","12544","Doctor Who: The Eternity Clock","30660","4320","124","1","21","0","0","7.1","Doctor Who: The Eternity Clock"
"Life Force","12545","Life Force","30660","5220","304","2","41","0","0","5.87","Life Force"
"Space Pirates","12546","Space Pirates","30660","1140","127","1","9","0","0","26.89","Space Pirates"
"Z9 Star","12547","Z9 Star","30660","3360","50","4","17","0","0","9.13","Z9 Star"
"Goken","12548","Goken","30660","2460","55","1","6","0","0","12.46","Goken"
"Mamono Hunter Yohko","12549","Mamono Hunter Yohko","30660","1680","299","2","8","0","0","18.25","Mamono Hunter Yohko"
"Syrian Warfare","12550","Syrian Warfare","30660","16800","49","2","51","0","0","1.83","Syrian Warfare"
"Damned Daniel","12551","Damned Daniel","30660","4140","24","2","18","0","0","7.41","Damned Daniel"
"7th Dragon III Code: VFD","12552","7th Dragon III Code: VFD","30600","7620","21","1","10","0","0","4.02","7th Dragon III Code: VFD"
"WWE WrestleMania 21","12553","WWE WrestleMania 21","30600","480","483","1","3","0","0","63.75","WWE WrestleMania 21"
"Football Limited","12554","Football Limited","30600","240","413","1","1","0","0","127.5","Football Limited"
"Nick Faldo Plays the Open","12555","Nick Faldo Plays the Open","30600","120","513","1","2","0","0","255","Nick Faldo Plays the Open"
"Battlezone 98 Redux","12556","Battlezone 98 Redux","30600","12720","47","2","51","0","0","2.41","Battlezone 98 Redux"
"Cinderella Escape!! 2 Revenge","12557","Cinderella Escape!! 2 Revenge","30600","2160","64","1","11","0","0","14.17","Cinderella Escape!! 2 Revenge"
"Buzz Aldrin's Space Program Manager","12558","Buzz Aldrin's Space Program Manager","30600","3540","141","1","8","0","0","8.64","Buzz Aldrin's Space Program Manager"
"Finding Teddy","12559","Finding Teddy","30600","4080","35","1","25","0","0","7.5","Finding Teddy"
"Captain America: Super Soldier","12560","Captain America: Super Soldier","30600","4560","123","1","14","0","0","6.71","Captain America: Super Soldier"
"Air","12561","Air","30600","6780","219","1","11","0","0","4.51","Air"
"Family Dog","12562","Family Dog","30600","2100","206","4","15","0","0","14.57","Family Dog"
"Sexy Hiking","12563","Sexy Hiking","30600","10320","121","2","50","0","0","2.97","Sexy Hiking"
"Into the Dark: Ultimate Trash Edition","12564","Into the Dark: Ultimate Trash Edition","30600","780","106","1","5","0","0","39.23","Into the Dark: Ultimate Trash Edition"
"A Date in the Park","12565","A Date in the Park","30600","1680","158","1","15","0","0","18.21","A Date in the Park"
"Albedo: Eyes from Outer Space","12566","Albedo: Eyes from Outer Space","30540","1740","254","1","10","0","0","17.55","Albedo: Eyes from Outer Space"
"Mr Bean","12567","Mr Bean","30540","12600","88","3","28","0","0","2.42","Mr Bean"
"Mailstrom","12568","Mailstrom","30540","120","507","1","2","0","0","254.5","Mailstrom"
"Férias Frustradas do Pica Pau","12569","Férias Frustradas do Pica Pau","30480","1140","161","6","11","0","0","26.74","Férias Frustradas do Pica Pau"
"Xuanyuan Jian 5: Yi Jian Ling Yun Shan Hai Qing","12570","Xuanyuan Jian 5: Yi Jian Ling Yun Shan Hai Qing","30480","3240","37","1","2","0","0","9.41","Xuanyuan Jian 5: Yi Jian Ling Yun Shan Hai Qing"
"We Ski","12571","We Ski","30480","1020","262","2","4","0","0","29.88","We Ski"
"Mystera Legacy","12572","Mystera Legacy","30480","11040","118","1","28","0","0","2.76","Mystera Legacy"
"Twelve Sky","12573","Twelve Sky","30480","10080","41","1","12","0","0","3.02","Twelve Sky"
"Bridge Builder","12574","Bridge Builder","30480","1140","261","1","13","0","0","26.74","Bridge Builder"
"The Death and Return of Superman","12575","The Death and Return of Superman","30480","3180","100","1","18","0","0","9.58","The Death and Return of Superman"
"9Dragons","12576","9Dragons","30480","31140","6","2","33","0","0","0.98","9Dragons"
"beatmania","12577","beatmania","30480","10560","18","2","34","0","0","2.89","beatmania"
"Rise of the Robots","12578","Rise of the Robots","30420","1140","486","1","8","0","0","26.68","Rise of the Robots"
"DJMAX Portable 3","12579","DJMAX Portable 3","30420","2040","130","2","14","0","0","14.91","DJMAX Portable 3"
"DoomRL","12580","DoomRL","30420","16860","14","2","41","0","0","1.8","DoomRL"
"Change Air Blade","12581","Change Air Blade","30420","120","258","1","1","0","0","253.5","Change Air Blade"
"Contender","12582","Contender","30420","120","301","1","1","0","0","253.5","Contender"
"Every Party","12583","Every Party","30420","4320","24","2","2","0","0","7.04","Every Party"
"Prison Run and Gun","12584","Prison Run and Gun","30420","3840","74","2","28","0","0","7.92","Prison Run and Gun"
"Under Development","12585","Under Development","30420","8340","147","2","39","0","0","3.65","Under Development"
"Dai-2-Ji Super Robot Taisen Z Hakai-hen","12586","Dai-2-Ji Super Robot Taisen Z Hakai-hen","30360","18660","10","2","21","0","0","1.63","Dai-2-Ji Super Robot Taisen Z Hakai-hen"
"Sam & Max Episode 4: Abe Lincoln Must Die!","12587","Sam & Max Episode 4: Abe Lincoln Must Die!","30300","5220","49","1","27","0","0","5.8","Sam & Max Episode 4: Abe Lincoln Must Die!"
"Lili: Child of Geos","12588","Lili: Child of Geos","30300","10140","42","2","37","0","0","2.99","Lili: Child of Geos"
"Microsoft Train Simulator","12589","Microsoft Train Simulator","30300","10860","97","2","28","0","0","2.79","Microsoft Train Simulator"
"Cooking Mama: Watashi no Sweets Shop","12590","Cooking Mama: Watashi no Sweets Shop","30300","11640","82","1","9","0","0","2.6","Cooking Mama: Watashi no Sweets Shop"
"Narcissu - Moshimo Ashita ga Aru Nara","12591","Narcissu - Moshimo Ashita ga Aru Nara","30300","900","56","1","1","0","0","33.67","Narcissu - Moshimo Ashita ga Aru Nara"
"Wordscapes","12592","Wordscapes","30300","3300","302","1","21","0","0","9.18","Wordscapes"
"Tick Tock: A Tale for Two","12593","Tick Tock: A Tale for Two","30300","1800","182","4","20","0","0","16.83","Tick Tock: A Tale for Two"
"Port of Call","12594","Port of Call","30240","16440","42","2","46","0","0","1.84","Port of Call"
"Interstate '76: Nitro Pack","12595","Interstate '76: Nitro Pack","30240","13380","7","1","3","0","0","2.26","Interstate '76: Nitro Pack"
"Bridge Constructor Stunts","12596","Bridge Constructor Stunts","30240","2940","144","1","18","0","0","10.29","Bridge Constructor Stunts"
"The Descendant","12597","The Descendant","30240","5280","59","1","36","0","0","5.73","The Descendant"
"Primal Carnage","12598","Primal Carnage","30240","14460","40","3","103","0","0","2.09","Primal Carnage"
"Symphonic Rain","12599","Symphonic Rain","30240","8820","27","2","16","0","0","3.43","Symphonic Rain"
"Puzznic","12600","Puzznic","30240","3300","100","1","9","0","0","9.16","Puzznic"