"","","Game","Watch time","Stream time","Peak viewers","Peak channels","Streamers","Average viewers","Average channels","Average viewer ratio",""
"Legend of Grimrock 2","2901","Legend of Grimrock 2","2105820","207960","647","5","294","4","0","10.13","Legend of Grimrock 2"
"Hide and Shriek","2902","Hide and Shriek","2104140","144720","8430","11","1296","4","0","14.54","Hide and Shriek"
"Dustforce","2903","Dustforce","2101260","302160","6638","8","356","3","0","6.95","Dustforce"
"Echo Arena","2904","Echo Arena","2097060","430380","9048","14","626","3","0","4.87","Echo Arena"
"Final Fantasy IV: The Complete Collection","2905","Final Fantasy IV: The Complete Collection","2093640","60720","774","3","101","3","0","34.48","Final Fantasy IV: The Complete Collection"
"CART Racing","2906","CART Racing","2090640","6000","6750","2","35","3","0","348.44","CART Racing"
"Countdown Vampires","2907","Countdown Vampires","2083620","13320","4215","3","32","3","0","156.43","Countdown Vampires"
"Dong Dong Never Die","2908","Dong Dong Never Die","2080440","12720","14381","2","40","3","0","163.56","Dong Dong Never Die"
"AER: Memories of Old","2909","AER: Memories of Old","2076780","173400","5231","7","998","3","0","11.98","AER: Memories of Old"
"Left Alone","2910","Left Alone","2076300","26400","6718","4","135","3","0","78.65","Left Alone"
"Hurtworld","2911","Hurtworld","2070960","365760","1148","7","1000","3","0","5.66","Hurtworld"
"Princess Maker 3: Yumemiru Yousei","2912","Princess Maker 3: Yumemiru Yousei","2068620","24420","5494","2","81","3","0","84.71","Princess Maker 3: Yumemiru Yousei"
"PWND","2913","PWND","2067480","89640","17834","12","668","3","0","23.06","PWND"
"Assetto Corsa Competizione","2914","Assetto Corsa Competizione","2064960","197520","4169","61","781","3","0","10.45","Assetto Corsa Competizione"
"When Ski Lifts Go Wrong","2915","When Ski Lifts Go Wrong","2064180","11820","7494","2","63","3","0","174.63","When Ski Lifts Go Wrong"
"Neverwinter Nights","2916","Neverwinter Nights","2063460","478800","334","14","731","3","0","4.31","Neverwinter Nights"
"Underworld Ascendant","2917","Underworld Ascendant","2060460","30180","8590","16","160","3","0","68.27","Underworld Ascendant"
"Table Top Racing: World Tour","2918","Table Top Racing: World Tour","2060040","48600","27185","3","292","3","0","42.39","Table Top Racing: World Tour"
"Barbie Dreamhouse Party","2919","Barbie Dreamhouse Party","2060040","19740","14277","3","93","3","0","104.36","Barbie Dreamhouse Party"
"Star Ocean: The Second Story","2920","Star Ocean: The Second Story","2059620","106980","1774","3","109","3","0","19.25","Star Ocean: The Second Story"
"Rise & Shine","2921","Rise & Shine","2058240","42840","7613","4","256","3","0","48.04","Rise & Shine"
"Greetings","2922","Greetings","2057580","11280","30729","3","159","3","0","182.41","Greetings"
"Coffin Dodgers","2923","Coffin Dodgers","2057340","18060","23387","4","128","3","0","113.92","Coffin Dodgers"
"Epic Battle Fantasy 5","2924","Epic Battle Fantasy 5","2050980","112380","1826","12","210","3","0","18.25","Epic Battle Fantasy 5"
"The Lord of the Rings Living Card Game","2925","The Lord of the Rings Living Card Game","2048160","37800","7403","17","175","3","0","54.18","The Lord of the Rings Living Card Game"
"Dragon Ball Z: Budokai","2926","Dragon Ball Z: Budokai","2044980","28080","13181","3","132","3","0","72.83","Dragon Ball Z: Budokai"
"Gears of War: Ultimate Edition","2927","Gears of War: Ultimate Edition","2042040","503280","1281","12","2353","3","0","4.06","Gears of War: Ultimate Edition"
"Nintendo Labo Vehicle Kit","2928","Nintendo Labo Vehicle Kit","2039100","15540","3154","3","42","3","0","131.22","Nintendo Labo Vehicle Kit"
"Boss Crushers","2929","Boss Crushers","2038740","2220","38947","5","16","3","0","918.35","Boss Crushers"
"Foundation","2930","Foundation","2038440","57780","1134","5","146","3","0","35.28","Foundation"
"Indiana Jones and the Emperor's Tomb","2931","Indiana Jones and the Emperor's Tomb","2037660","30060","3811","3","99","3","0","67.79","Indiana Jones and the Emperor's Tomb"
"MachiaVillain","2932","MachiaVillain","2037600","140700","2969","16","394","3","0","14.48","MachiaVillain"
"Need for Speed: Most Wanted","2933","Need for Speed: Most Wanted","2037120","318660","13172","6","1876","3","0","6.39","Need for Speed: Most Wanted"
"Mark of the Ninja","2934","Mark of the Ninja","2035800","288000","1408","12","1213","3","0","7.07","Mark of the Ninja"
"Need for Speed: ProStreet","2935","Need for Speed: ProStreet","2035500","172380","805","6","376","3","0","11.81","Need for Speed: ProStreet"
"King's Bounty: The Legend","2936","King's Bounty: The Legend","2032380","124440","5208","4","165","3","0","16.33","King's Bounty: The Legend"
"Rick and Morty: Virtual Rick-ality","2937","Rick and Morty: Virtual Rick-ality","2028600","173100","2140","7","1461","3","0","11.72","Rick and Morty: Virtual Rick-ality"
"Train Sim World","2938","Train Sim World","2027160","345600","3945","12","1076","3","0","5.87","Train Sim World"
"Who's Your Daddy","2939","Who's Your Daddy","2025960","115080","6235","5","1120","3","0","17.6","Who's Your Daddy"
"Tower of Time","2940","Tower of Time","2024400","127140","3955","10","320","3","0","15.92","Tower of Time"
"Mutant Football League","2941","Mutant Football League","2023920","157260","3238","11","557","3","0","12.87","Mutant Football League"
"The Sims 2","2942","The Sims 2","2023680","238200","979","5","746","3","0","8.5","The Sims 2"
"The Dark Room","2943","The Dark Room","2021400","11700","9702","3","81","3","0","172.77","The Dark Room"
"Dragon Warrior VII","2944","Dragon Warrior VII","2020980","68160","608","3","51","3","0","29.65","Dragon Warrior VII"
"Crysis 3","2945","Crysis 3","2019660","294600","1354","6","1473","3","0","6.86","Crysis 3"
"Mortal Kombat II","2946","Mortal Kombat II","2019000","42900","8229","3","158","3","0","47.06","Mortal Kombat II"
"Park Bound","2947","Park Bound","2017620","9420","7650","4","45","3","0","214.18","Park Bound"
"Clicker Heroes","2948","Clicker Heroes","2017380","1334400","2299","11","1469","3","2","1.51","Clicker Heroes"
"Where's My Water?","2949","Where's My Water?","2016180","77100","412","2","6","3","0","26.15","Where's My Water?"
"Castle Story","2950","Castle Story","2014740","115380","5947","4","387","3","0","17.46","Castle Story"
"Resident Evil: The Darkside Chronicles","2951","Resident Evil: The Darkside Chronicles","2014140","32760","10438","3","92","3","0","61.48","Resident Evil: The Darkside Chronicles"
"Golden Sun: The Lost Age","2952","Golden Sun: The Lost Age","2011920","166860","770","4","178","3","0","12.06","Golden Sun: The Lost Age"
"Remember Me","2953","Remember Me","2007300","290760","1211","5","874","3","0","6.9","Remember Me"
"Godly Corp","2954","Godly Corp","2007180","1500","19138","4","16","3","0","1338.12","Godly Corp"
"Tony Hawk's Underground","2955","Tony Hawk's Underground","2006340","179580","1279","6","511","3","0","11.17","Tony Hawk's Underground"
"Egress","2956","Egress","2006160","18900","3066","17","175","3","0","106.15","Egress"
"Tsioque","2957","Tsioque","2003820","81660","2266","12","457","3","0","24.54","Tsioque"
"Coven and Labyrinth of Refrain","2958","Coven and Labyrinth of Refrain","2002920","245040","712","15","275","3","0","8.17","Coven and Labyrinth of Refrain"
"New Super Luigi U","2959","New Super Luigi U","2002440","59580","4821","4","122","3","0","33.61","New Super Luigi U"
"WarioWare: Smooth Moves","2960","WarioWare: Smooth Moves","1996980","19980","15071","4","114","3","0","99.95","WarioWare: Smooth Moves"
"Kangokutou Mary Skelter 2","2961","Kangokutou Mary Skelter 2","1996380","71220","6615","5","40","3","0","28.03","Kangokutou Mary Skelter 2"
"Disciples II: Rise of the Elves","2962","Disciples II: Rise of the Elves","1996200","148560","1596","5","155","3","0","13.44","Disciples II: Rise of the Elves"
"NBA Playgrounds","2963","NBA Playgrounds","1993680","145680","7188","5","1083","3","0","13.69","NBA Playgrounds"
"Nekopara Vol.1","2964","Nekopara Vol.1","1993440","125040","4137","4","596","3","0","15.94","Nekopara Vol.1"
"Guns, Gore & Cannoli","2965","Guns, Gore & Cannoli","1990080","90000","4980","4","425","3","0","22.11","Guns, Gore & Cannoli"
"Gears of War 3","2966","Gears of War 3","1987800","543180","1265","8","2077","3","1","3.66","Gears of War 3"
"Age of Mythology","2967","Age of Mythology","1987500","14700","3564","4","40","3","0","135.2","Age of Mythology"
"Spaceplan","2968","Spaceplan","1987320","17640","5499","2","75","3","0","112.66","Spaceplan"
"Tutti Frutti","2969","Tutti Frutti","1986420","19080","6766","4","182","3","0","104.11","Tutti Frutti"
"Shift happens","2970","Shift happens","1986360","44580","6247","4","177","3","0","44.56","Shift happens"
"Crusader of Centy","2971","Crusader of Centy","1986300","19620","13001","4","51","3","0","101.24","Crusader of Centy"
"Tetris Attack","2972","Tetris Attack","1984920","200280","3767","8","420","3","0","9.91","Tetris Attack"
"Ghost 1.0","2973","Ghost 1.0","1982220","51720","13031","5","144","3","0","38.33","Ghost 1.0"
"Indiana Jones and the Fate of Atlantis","2974","Indiana Jones and the Fate of Atlantis","1981560","100380","1284","4","243","3","0","19.74","Indiana Jones and the Fate of Atlantis"
"Dungeon Crawl Stone Soup","2975","Dungeon Crawl Stone Soup","1980240","200580","503","4","300","3","0","9.87","Dungeon Crawl Stone Soup"
"Plok","2976","Plok","1980180","19860","3868","3","43","3","0","99.71","Plok"
"StopotS","2977","StopotS","1975560","53220","2645","4","376","3","0","37.12","StopotS"
"Randal's Monday","2978","Randal's Monday","1973220","108960","2920","3","250","3","0","18.11","Randal's Monday"
"Stronghold Crusader","2979","Stronghold Crusader","1972800","337980","491","7","1076","3","0","5.84","Stronghold Crusader"
"Star Wars: Empire at War - Forces of Corruption","2980","Star Wars: Empire at War - Forces of Corruption","1971660","236820","340","5","866","3","0","8.33","Star Wars: Empire at War - Forces of Corruption"
"Dino D-Day","2981","Dino D-Day","1971120","43920","25993","4","286","3","0","44.88","Dino D-Day"
"River City Super Sports Challenge","2982","River City Super Sports Challenge","1971120","9360","5516","2","50","3","0","210.59","River City Super Sports Challenge"
"Disc Jam","2983","Disc Jam","1970520","254040","8321","16","1176","3","0","7.76","Disc Jam"
"Mary Skelter: Nightmares","2984","Mary Skelter: Nightmares","1964340","155220","477","10","210","3","0","12.66","Mary Skelter: Nightmares"
"Barkley, Shut Up and Jam: Gaiden","2985","Barkley, Shut Up and Jam: Gaiden","1961820","42420","11092","3","97","3","0","46.25","Barkley, Shut Up and Jam: Gaiden"
"Simple Planes","2986","Simple Planes","1961160","34320","3804","2","234","3","0","57.14","Simple Planes"
"Pikmin","2987","Pikmin","1957920","227460","1914","5","668","3","0","8.61","Pikmin"
"Sonic & Knuckles","2988","Sonic & Knuckles","1957560","130980","8650","9","579","3","0","14.95","Sonic & Knuckles"
"Road Trip","2989","Road Trip","1956720","13920","6133","2","59","3","0","140.57","Road Trip"
"Verlet Swing","2990","Verlet Swing","1956660","25680","26608","4","132","3","0","76.19","Verlet Swing"
"theHunter: Call of the Wild","2991","theHunter: Call of the Wild","1955880","372600","1963","30","1562","3","0","5.25","theHunter: Call of the Wild"
"Chicken Shoot","2992","Chicken Shoot","1955640","600","17166","1","7","3","0","3259.4","Chicken Shoot"
"Duke Nukem Forever","2993","Duke Nukem Forever","1951140","141780","3238","4","516","3","0","13.76","Duke Nukem Forever"
"Sairento VR","2994","Sairento VR","1950960","77880","17370","4","445","3","0","25.05","Sairento VR"
"911 Operator","2995","911 Operator","1950180","54660","2574","6","415","3","0","35.68","911 Operator"
"Battlefleet Gothic: Armada","2996","Battlefleet Gothic: Armada","1949640","91020","5048","5","291","3","0","21.42","Battlefleet Gothic: Armada"
"Survived By","2997","Survived By","1947660","268200","5003","32","1247","3","0","7.26","Survived By"
"The Last of Us: Left Behind","2998","The Last of Us: Left Behind","1947480","92280","1467","4","510","3","0","21.1","The Last of Us: Left Behind"
"Recettear: An Item Shop's Tale","2999","Recettear: An Item Shop's Tale","1946280","184500","850","4","541","3","0","10.55","Recettear: An Item Shop's Tale"
"Tree of Life","3000","Tree of Life","1945200","172680","3091","6","233","3","0","11.26","Tree of Life"