"","","Game","Watch time","Stream time","Peak viewers","Peak channels","Streamers","Average viewers","Average channels","Average viewer ratio",""
"Crysis","1501","Crysis","7707360","1318560","17636","10","1585","14","2","5.85","Crysis"
"Mike Tyson's Punch-Out!!","1502","Mike Tyson's Punch-Out!!","7699740","222120","23017","9","521","14","0","34.66","Mike Tyson's Punch-Out!!"
"Catechumen","1503","Catechumen","7699380","3900","7016","3","8","14","0","1974.2","Catechumen"
"Bound","1504","Bound","7686720","73860","95041","12","436","14","0","104.07","Bound"
"Monster Hunter","1505","Monster Hunter","7642500","144000","7668","7","548","14","0","53.07","Monster Hunter"
"Smash TV","1506","Smash TV","7632000","97260","88724","10","107","14","0","78.47","Smash TV"
"Star Trek: Bridge Crew","1507","Star Trek: Bridge Crew","7618260","324480","6606","9","2125","14","0","23.48","Star Trek: Bridge Crew"
"The Mercury Man","1508","The Mercury Man","7612740","120420","11361","80","398","14","0","63.22","The Mercury Man"
"Shantae","1509","Shantae","7598400","37320","51189","6","89","14","0","203.6","Shantae"
"Legend of Kay Anniversary","1510","Legend of Kay Anniversary","7591800","38640","103343","11","141","14","0","196.48","Legend of Kay Anniversary"
"Ultimate Custom Night","1511","Ultimate Custom Night","7574520","452220","26994","35","3247","14","0","16.75","Ultimate Custom Night"
"Chroma Squad","1512","Chroma Squad","7573980","178380","10644","5","540","14","0","42.46","Chroma Squad"
"One Hand Clapping","1513","One Hand Clapping","7559220","89460","12328","8","1445","14","0","84.5","One Hand Clapping"
"Extinction","1514","Extinction","7558500","128760","18281","38","799","14","0","58.7","Extinction"
"Cook, Serve, Delicious! 2!!","1515","Cook, Serve, Delicious! 2!!","7536720","329460","8385","7","1537","14","0","22.88","Cook, Serve, Delicious! 2!!"
"Master Spy","1516","Master Spy","7533840","11460","124146","7","39","14","0","657.4","Master Spy"
"Minecraft: Story Mode","1517","Minecraft: Story Mode","7527420","312840","6769","6","1675","14","0","24.06","Minecraft: Story Mode"
"Grand Theft Auto: Vice City Stories","1518","Grand Theft Auto: Vice City Stories","7508700","137940","4194","4","239","14","0","54.43","Grand Theft Auto: Vice City Stories"
"Duke Nukem 3D","1519","Duke Nukem 3D","7506000","173520","138284","13","611","14","0","43.26","Duke Nukem 3D"
"The Shapeshifting Detective","1520","The Shapeshifting Detective","7492140","63360","6364","15","289","14","0","118.25","The Shapeshifting Detective"
"Minesweeper","1521","Minesweeper","7491420","330720","3748","6","2071","14","0","22.65","Minesweeper"
"The Addams Family","1522","The Addams Family","7482000","11100","97685","8","60","14","0","674.05","The Addams Family"
"Sub-Terrania","1523","Sub-Terrania","7469940","3420","100244","8","24","14","0","2184.19","Sub-Terrania"
"The Legend of Zelda: Ocarina of Time / Master Quest","1524","The Legend of Zelda: Ocarina of Time / Master Quest","7464300","169800","6700","9","310","14","0","43.96","The Legend of Zelda: Ocarina of Time / Master Quest"
"Gorogoa","1525","Gorogoa","7459800","116040","5875","4","784","14","0","64.29","Gorogoa"
"Plants vs. Zombies: Heroes","1526","Plants vs. Zombies: Heroes","7427160","199620","407","5","204","14","0","37.21","Plants vs. Zombies: Heroes"
"Pit People","1527","Pit People","7424820","494280","10946","32","1919","14","0","15.02","Pit People"
"Quake Live","1528","Quake Live","7418520","1026000","5589","10","1326","14","1","7.23","Quake Live"
"Mega Man Legacy Collection 2","1529","Mega Man Legacy Collection 2","7414140","441960","6728","9","1521","14","0","16.78","Mega Man Legacy Collection 2"
"Wolcen: Lords of Mayhem","1530","Wolcen: Lords of Mayhem","7407120","692820","4311","22","2481","14","1","10.69","Wolcen: Lords of Mayhem"
"TrackMania Turbo","1531","TrackMania Turbo","7406760","1203540","1773","64","7661","14","2","6.15","TrackMania Turbo"
"Rapture Rejects","1532","Rapture Rejects","7399320","229800","16986","163","1744","14","0","32.2","Rapture Rejects"
"Roller Coaster Tycoon Classic","1533","Roller Coaster Tycoon Classic","7398960","158460","4062","5","680","14","0","46.69","Roller Coaster Tycoon Classic"
"Heroes of Might and Magic III: The Restoration of Erathia","1534","Heroes of Might and Magic III: The Restoration of Erathia","7397940","138360","8277","5","442","14","0","53.47","Heroes of Might and Magic III: The Restoration of Erathia"
"Fatal Frame II: Crimson Butterfly","1535","Fatal Frame II: Crimson Butterfly","7396800","234600","3309","9","466","14","0","31.53","Fatal Frame II: Crimson Butterfly"
"Star Wars: Knights of the Old Republic","1536","Star Wars: Knights of the Old Republic","7390500","1124760","5707","26","3730","14","2","6.57","Star Wars: Knights of the Old Republic"
"Shin Megami Tensei: Nocturne","1537","Shin Megami Tensei: Nocturne","7378980","436440","1612","7","507","14","0","16.91","Shin Megami Tensei: Nocturne"
"Override: Mech City Brawl","1538","Override: Mech City Brawl","7376520","76860","30078","25","533","14","0","95.97","Override: Mech City Brawl"
"Rhythm Heaven Fever","1539","Rhythm Heaven Fever","7374540","78900","18220","5","363","14","0","93.47","Rhythm Heaven Fever"
"Fallen Bird","1540","Fallen Bird","7365240","23220","15274","4","103","14","0","317.19","Fallen Bird"
"Delver","1541","Delver","7343580","107880","37813","11","579","13","0","68.07","Delver"
"Dog's Life","1542","Dog's Life","7292520","23640","114256","8","69","13","0","308.48","Dog's Life"
"Animal Super Squad","1543","Animal Super Squad","7288260","45060","15828","8","349","13","0","161.75","Animal Super Squad"
"Rock of Ages II: Bigger & Boulder","1544","Rock of Ages II: Bigger & Boulder","7285260","90120","8688","11","630","13","0","80.84","Rock of Ages II: Bigger & Boulder"
"The Last Guardian","1545","The Last Guardian","7284780","435840","3371","7","2985","13","0","16.71","The Last Guardian"
"Power Rangers: Legacy Wars","1546","Power Rangers: Legacy Wars","7280760","76440","23290","4","121","13","0","95.25","Power Rangers: Legacy Wars"
"Sub Rosa","1547","Sub Rosa","7275600","53340","15691","10","178","13","0","136.4","Sub Rosa"
"Fatal Frame","1548","Fatal Frame","7257360","266640","1504","9","603","13","0","27.22","Fatal Frame"
"Resident Evil: Revelations","1549","Resident Evil: Revelations","7257240","633840","1565","9","3076","13","1","11.45","Resident Evil: Revelations"
"Lifeline","1550","Lifeline","7249500","31920","4023","3","66","13","0","227.11","Lifeline"
"Quantum Conundrum","1551","Quantum Conundrum","7246680","104220","108886","9","408","13","0","69.53","Quantum Conundrum"
"Age of Empires: Definitive Edition","1552","Age of Empires: Definitive Edition","7240740","574200","6410","48","1335","13","1","12.61","Age of Empires: Definitive Edition"
"Wings of Vi","1553","Wings of Vi","7228800","273660","4361","6","436","13","0","26.42","Wings of Vi"
"Nuclear Throne","1554","Nuclear Throne","7228200","964500","1117","14","2972","13","1","7.49","Nuclear Throne"
"Tomb Raider: The Last Revelation","1555","Tomb Raider: The Last Revelation","7212720","461580","2391","7","310","13","0","15.63","Tomb Raider: The Last Revelation"
"Age of Barbarian","1556","Age of Barbarian","7190220","6060","9604","2","28","13","0","1186.5","Age of Barbarian"
"Mortal Kombat","1557","Mortal Kombat","7185360","259380","10022","6","1111","13","0","27.7","Mortal Kombat"
"Outpost Zero","1558","Outpost Zero","7181280","175920","30403","20","550","13","0","40.82","Outpost Zero"
"City of Brass","1559","City of Brass","7179420","105300","40613","15","615","13","0","68.18","City of Brass"
"WaveLand","1560","WaveLand","7178700","22680","82996","10","45","13","0","316.52","WaveLand"
"Mega Man Legacy Collection","1561","Mega Man Legacy Collection","7169460","910380","6042","18","3865","13","1","7.88","Mega Man Legacy Collection"
"Fallout Shelter","1562","Fallout Shelter","7165440","1456320","4186","56","7018","13","2","4.92","Fallout Shelter"
"ArenaM","1563","ArenaM","7157280","16380","37788","43","56","13","0","436.95","ArenaM"
"Bio Miracle Bokutte Upa","1564","Bio Miracle Bokutte Upa","7154400","7140","93161","8","23","13","0","1002.02","Bio Miracle Bokutte Upa"
"Pokémon Stadium","1565","Pokémon Stadium","7147440","254640","9043","8","787","13","0","28.07","Pokémon Stadium"
"Kirby 64: The Crystal Shards","1566","Kirby 64: The Crystal Shards","7142340","191880","7122","13","562","13","0","37.22","Kirby 64: The Crystal Shards"
"The Dummy Experiment","1567","The Dummy Experiment","7141620","28500","16186","20","237","13","0","250.58","The Dummy Experiment"
"Magic: The Gathering Online","1568","Magic: The Gathering Online","7134240","1833240","4697","30","5940","13","3","3.89","Magic: The Gathering Online"
"Tree of Savior","1569","Tree of Savior","7125480","1452660","2460","12","2040","13","2","4.91","Tree of Savior"
"Rocket Knight Adventures","1570","Rocket Knight Adventures","7102380","37320","106326","10","115","13","0","190.31","Rocket Knight Adventures"
"Hotline Miami 2: Wrong Number","1571","Hotline Miami 2: Wrong Number","7096680","566640","3953","9","3664","13","1","12.52","Hotline Miami 2: Wrong Number"
"Trials Evolution","1572","Trials Evolution","7091940","69360","26723","4","318","13","0","102.25","Trials Evolution"
"HQ Trivia","1573","HQ Trivia","7076160","151140","1187","7","118","13","0","46.82","HQ Trivia"
"Dragon Ball Z: Budokai Tenkaichi 3","1574","Dragon Ball Z: Budokai Tenkaichi 3","7071480","202500","5990","4","822","13","0","34.92","Dragon Ball Z: Budokai Tenkaichi 3"
"Romance of the Three Kingdoms XIII","1575","Romance of the Three Kingdoms XIII","7060800","237060","1741","5","206","13","0","29.78","Romance of the Three Kingdoms XIII"
"Cat Goes Fishing","1576","Cat Goes Fishing","7055820","73800","19842","3","397","13","0","95.61","Cat Goes Fishing"
"Crash Bandicoot","1577","Crash Bandicoot","7053000","324960","11735","11","1274","13","0","21.7","Crash Bandicoot"
"Prinny 2: Dawn of Operation Panties, Dood!","1578","Prinny 2: Dawn of Operation Panties, Dood!","7042080","2400","92453","9","15","13","0","2934.2","Prinny 2: Dawn of Operation Panties, Dood!"
"Candleman","1579","Candleman","7040160","91740","33383","6","351","13","0","76.74","Candleman"
"The Hex","1580","The Hex","7036980","32340","18734","6","107","13","0","217.59","The Hex"
"Fe","1581","Fe","7025580","311880","5279","34","1242","13","0","22.53","Fe"
"Clue/Cluedo The Classic Mystery Game","1582","Clue/Cluedo The Classic Mystery Game","7024920","38100","6822","6","184","13","0","184.38","Clue/Cluedo The Classic Mystery Game"
"Wandersong","1583","Wandersong","7023360","112320","27505","12","339","13","0","62.53","Wandersong"
"The Legend of Zelda: Phantom Hourglass","1584","The Legend of Zelda: Phantom Hourglass","7014000","121140","9274","4","168","13","0","57.9","The Legend of Zelda: Phantom Hourglass"
"Horror Stories","1585","Horror Stories","7005240","98820","11338","6","403","13","0","70.89","Horror Stories"
"Pokémon Ruby/Sapphire","1586","Pokémon Ruby/Sapphire","7001520","702780","3283","10","1808","13","1","9.96","Pokémon Ruby/Sapphire"
"Crossing Souls","1587","Crossing Souls","6995640","306480","10722","26","1063","13","0","22.83","Crossing Souls"
"Cool Spot","1588","Cool Spot","6983700","21180","91759","9","77","13","0","329.73","Cool Spot"
"Breath of Fire","1589","Breath of Fire","6965040","122460","14312","6","174","13","0","56.88","Breath of Fire"
"This Is the Police","1590","This Is the Police","6963360","564900","3851","16","1975","13","1","12.33","This Is the Police"
"The Banner Saga","1591","The Banner Saga","6962460","467940","6631","10","1479","13","0","14.88","The Banner Saga"
"Oxenfree","1592","Oxenfree","6959280","726840","4488","13","3634","13","1","9.57","Oxenfree"
"Among The Sleep","1593","Among The Sleep","6954900","302580","4898","7","2259","13","0","22.99","Among The Sleep"
"Soft Body","1594","Soft Body","6953580","4380","118967","9","24","13","0","1587.58","Soft Body"
"Warhammer 40,000: Space Marine","1595","Warhammer 40,000: Space Marine","6951720","406740","11744","37","2125","13","0","17.09","Warhammer 40,000: Space Marine"
"Borderlands: The Handsome Collection","1596","Borderlands: The Handsome Collection","6946140","4313100","473","62","14551","13","8","1.61","Borderlands: The Handsome Collection"
"ArmA II: Operation Arrowhead","1597","ArmA II: Operation Arrowhead","6943080","832560","6904","16","1587","13","1","8.34","ArmA II: Operation Arrowhead"
"I Am Bread","1598","I Am Bread","6923700","218820","105670","9","2047","13","0","31.64","I Am Bread"
"Guns, Gore and Cannoli 2","1599","Guns, Gore and Cannoli 2","6923100","145500","34946","10","869","13","0","47.58","Guns, Gore and Cannoli 2"
"Mordhau","1600","Mordhau","6901680","181260","22823","6","136","13","0","38.08","Mordhau"