"","","Game","Watch time","Stream time","Peak viewers","Peak channels","Streamers","Average viewers","Average channels","Average viewer ratio",""
"Petz Sports: Dog Playground","11401","Petz Sports: Dog Playground","44040","540","274","1","4","0","0","81.56","Petz Sports: Dog Playground"
"Song of the Myrne: What Lies Beneath","11402","Song of the Myrne: What Lies Beneath","44040","900","743","1","4","0","0","48.93","Song of the Myrne: What Lies Beneath"
"F1 2013","11403","F1 2013","44040","13740","265","2","71","0","0","3.21","F1 2013"
"2 Games in 1: SpongeBob SquarePants: Battle for Bikini Bottom + SpongeBob SquarePants: Supersponge","11404","2 Games in 1: SpongeBob SquarePants: Battle for Bikini Bottom + SpongeBob SquarePants: Supersponge","43980","240","733","1","1","0","0","183.25","2 Games in 1: SpongeBob SquarePants: Battle for Bikini Bottom + SpongeBob SquarePants: Supersponge"
"Grim Tales: The Final Suspect","11405","Grim Tales: The Final Suspect","43980","2040","201","1","7","0","0","21.56","Grim Tales: The Final Suspect"
"Project Rhombus","11406","Project Rhombus","43920","18420","55","2","137","0","0","2.38","Project Rhombus"
"Kings and Heroes","11407","Kings and Heroes","43920","5520","292","1","31","0","0","7.96","Kings and Heroes"
"Age of Pirates 2: City of Abandoned Ships","11408","Age of Pirates 2: City of Abandoned Ships","43920","12600","19","2","20","0","0","3.49","Age of Pirates 2: City of Abandoned Ships"
"MechCommander Gold","11409","MechCommander Gold","43920","11160","86","1","26","0","0","3.94","MechCommander Gold"
"Mario Tennis: Ultra Smash","11410","Mario Tennis: Ultra Smash","43920","9480","53","2","57","0","0","4.63","Mario Tennis: Ultra Smash"
"Mercenaries Wings: The False Phoenix","11411","Mercenaries Wings: The False Phoenix","43860","4080","35","2","8","0","0","10.75","Mercenaries Wings: The False Phoenix"
"ChoroQ","11412","ChoroQ","43860","4140","35","1","9","0","0","10.59","ChoroQ"
"Sonic Riders: Zero Gravity","11413","Sonic Riders: Zero Gravity","43860","14040","36","2","67","0","0","3.12","Sonic Riders: Zero Gravity"
"Supreme Ruler 2020: Global Crisis","11414","Supreme Ruler 2020: Global Crisis","43860","6120","121","2","9","0","0","7.17","Supreme Ruler 2020: Global Crisis"
"HeroClix Online","11415","HeroClix Online","43860","15840","26","2","18","0","0","2.77","HeroClix Online"
"The Sims: Unleashed","11416","The Sims: Unleashed","43860","2580","83","2","13","0","0","17","The Sims: Unleashed"
"Post World","11417","Post World","43860","10380","162","3","54","0","0","4.23","Post World"
"Wizardry: Crusaders of the Dark Savant","11418","Wizardry: Crusaders of the Dark Savant","43800","9180","112","1","20","0","0","4.77","Wizardry: Crusaders of the Dark Savant"
"Digital Combat Simulator: Combined Arms","11419","Digital Combat Simulator: Combined Arms","43800","44520","200","2","35","0","0","0.98","Digital Combat Simulator: Combined Arms"
"Still Life 2","11420","Still Life 2","43800","8460","29","2","16","0","0","5.18","Still Life 2"
"Fluidity","11421","Fluidity","43740","1500","674","1","11","0","0","29.16","Fluidity"
"Kingsley's Adventure","11422","Kingsley's Adventure","43740","5100","49","6","19","0","0","8.58","Kingsley's Adventure"
"CAT Interstellar","11423","CAT Interstellar","43740","4380","212","1","40","0","0","9.99","CAT Interstellar"
"Tales Of Erin","11424","Tales Of Erin","43680","15720","46","3","37","0","0","2.78","Tales Of Erin"
"Twin Robots","11425","Twin Robots","43680","3660","319","1","22","0","0","11.93","Twin Robots"
"Magical Taruruuto-kun","11426","Magical Taruruuto-kun","43680","540","400","1","6","0","0","80.89","Magical Taruruuto-kun"
"Scribblenauts Unmasked: A DC Comics Adventure","11427","Scribblenauts Unmasked: A DC Comics Adventure","43680","14400","28","2","107","0","0","3.03","Scribblenauts Unmasked: A DC Comics Adventure"
"God Mode","11428","God Mode","43680","11280","203","3","93","0","0","3.87","God Mode"
"Shovel Knight Showdown","11429","Shovel Knight Showdown","43620","2340","183","1","11","0","0","18.64","Shovel Knight Showdown"
"Battle Chess","11430","Battle Chess","43620","1380","279","1","13","0","0","31.61","Battle Chess"
"Yu-Gi-Oh! Arc-V: Tag Force Special","11431","Yu-Gi-Oh! Arc-V: Tag Force Special","43620","11880","227","2","36","0","0","3.67","Yu-Gi-Oh! Arc-V: Tag Force Special"
"Toto World 3","11432","Toto World 3","43620","420","574","2","4","0","0","103.86","Toto World 3"
"Death Jr. II: Root of Evil","11433","Death Jr. II: Root of Evil","43620","1620","117","1","3","0","0","26.93","Death Jr. II: Root of Evil"
"Puzzle League Express","11434","Puzzle League Express","43560","540","713","1","4","0","0","80.67","Puzzle League Express"
"Danmaku Unlimited 3","11435","Danmaku Unlimited 3","43560","10620","73","2","56","0","0","4.1","Danmaku Unlimited 3"
"Mutant Mudds Collection","11436","Mutant Mudds Collection","43560","3420","91","1","12","0","0","12.74","Mutant Mudds Collection"
"Noah's Ark","11437","Noah's Ark","43560","1380","213","4","11","0","0","31.57","Noah's Ark"
"Crash of the Titans","11438","Crash of the Titans","43560","18000","22","2","69","0","0","2.42","Crash of the Titans"
"Men in Black 2: The Series","11439","Men in Black 2: The Series","43500","180","280","1","1","0","0","241.67","Men in Black 2: The Series"
"Vertical Drop Heroes HD","11440","Vertical Drop Heroes HD","43500","3840","650","1","24","0","0","11.33","Vertical Drop Heroes HD"
"Hangman","11441","Hangman","43500","3060","53","1","20","0","0","14.22","Hangman"
"Stratosphere: Conquest of the Skies","11442","Stratosphere: Conquest of the Skies","43500","1620","56","1","1","0","0","26.85","Stratosphere: Conquest of the Skies"
"TimeSplitters Rewind","11443","TimeSplitters Rewind","43440","4980","50","1","3","0","0","8.72","TimeSplitters Rewind"
"Yet Another RPG","11444","Yet Another RPG","43440","17640","18","2","6","0","0","2.46","Yet Another RPG"
"Neopets Petpet Adventures: The Wand of Wishing","11445","Neopets Petpet Adventures: The Wand of Wishing","43440","2820","115","1","20","0","0","15.4","Neopets Petpet Adventures: The Wand of Wishing"
"Enemy Front","11446","Enemy Front","43440","28440","45","2","109","0","0","1.53","Enemy Front"
"Naughty Bear","11447","Naughty Bear","43440","5460","60","1","28","0","0","7.96","Naughty Bear"
"Mega Man: Dr. Wily's Revenge","11448","Mega Man: Dr. Wily's Revenge","43380","7020","326","2","32","0","0","6.18","Mega Man: Dr. Wily's Revenge"
"Ninja Bros.","11449","Ninja Bros.","43380","6240","75","2","6","0","0","6.95","Ninja Bros."
"Truckin'","11450","Truckin'","43380","7320","47","1","10","0","0","5.93","Truckin'"
"Modlands","11451","Modlands","43320","16620","20","2","21","0","0","2.61","Modlands"
"Cat Girl Without Salad","11452","Cat Girl Without Salad","43320","12540","40","2","99","0","0","3.45","Cat Girl Without Salad"
"Asura","11453","Asura","43320","9960","245","1","49","0","0","4.35","Asura"
"Godzilla: Monster of Monsters","11454","Godzilla: Monster of Monsters","43320","3240","328","5","15","0","0","13.37","Godzilla: Monster of Monsters"
"Pretty Soldier Sailor Moon","11455","Pretty Soldier Sailor Moon","43320","9840","40","2","37","0","0","4.4","Pretty Soldier Sailor Moon"
"Sega Super GT","11456","Sega Super GT","43320","780","318","1","7","0","0","55.54","Sega Super GT"
"Pro Evolution Soccer 2010","11457","Pro Evolution Soccer 2010","43260","4560","361","2","19","0","0","9.49","Pro Evolution Soccer 2010"
"Panzer Corps","11458","Panzer Corps","43260","15600","55","2","31","0","0","2.77","Panzer Corps"
"You Deserve","11459","You Deserve","43260","4560","206","2","27","0","0","9.49","You Deserve"
"Higurashi no Naku Koro ni: Meakashi-hen","11460","Higurashi no Naku Koro ni: Meakashi-hen","43260","16320","16","2","22","0","0","2.65","Higurashi no Naku Koro ni: Meakashi-hen"
"Youkai Watch 3","11461","Youkai Watch 3","43260","10020","37","2","11","0","0","4.32","Youkai Watch 3"
"Her Lie I Tried To Believe","11462","Her Lie I Tried To Believe","43260","11040","57","3","63","0","0","3.92","Her Lie I Tried To Believe"
"Touhou 16.5 - Violet Detector","11463","Touhou 16.5 - Violet Detector","43200","8280","63","2","40","0","0","5.22","Touhou 16.5 - Violet Detector"
"Zoombinis","11464","Zoombinis","43200","6600","98","2","38","0","0","6.55","Zoombinis"
"Family Go-Kart Racing","11465","Family Go-Kart Racing","43200","60","720","1","0","0","0","720","Family Go-Kart Racing"
"Cube Life: Island Survival","11466","Cube Life: Island Survival","43200","5700","789","3","26","0","0","7.58","Cube Life: Island Survival"
"Darza's Dominion","11467","Darza's Dominion","43200","5280","266","1","25","0","0","8.18","Darza's Dominion"
"Tiger Woods PGA Tour 12: The Masters","11468","Tiger Woods PGA Tour 12: The Masters","43200","4800","299","1","14","0","0","9","Tiger Woods PGA Tour 12: The Masters"
"Meridian 59","11469","Meridian 59","43200","17580","13","2","36","0","0","2.46","Meridian 59"
"Protolife","11470","Protolife","43140","10500","141","2","37","0","0","4.11","Protolife"
"Beavis and Butt-head","11471","Beavis and Butt-head","43140","14580","183","2","39","0","0","2.96","Beavis and Butt-head"
"Nefarious","11472","Nefarious","43140","17760","27","2","65","0","0","2.43","Nefarious"
"Showdown","11473","Showdown","43080","17700","17","2","98","0","0","2.43","Showdown"
"Portal: Still Alive","11474","Portal: Still Alive","43080","21480","113","2","135","0","0","2.01","Portal: Still Alive"
"Super Tetris 3","11475","Super Tetris 3","43080","3360","77","1","10","0","0","12.82","Super Tetris 3"
"SimCity 3000","11476","SimCity 3000","43020","8400","143","1","33","0","0","5.12","SimCity 3000"
"Fairly OddParents: Breakin' Da Rules","11477","Fairly OddParents: Breakin' Da Rules","43020","8220","158","2","40","0","0","5.23","Fairly OddParents: Breakin' Da Rules"
"Skeletal Dance Party","11478","Skeletal Dance Party","42960","4680","45","3","31","0","0","9.18","Skeletal Dance Party"
"NHL 14","11479","NHL 14","42960","6840","35","1","18","0","0","6.28","NHL 14"
"Q*bert: Rebooted","11480","Q*bert: Rebooted","42960","30420","23","5","290","0","0","1.41","Q*bert: Rebooted"
"Rome: Total War - Barbarian Invasion","11481","Rome: Total War - Barbarian Invasion","42960","20820","30","2","34","0","0","2.06","Rome: Total War - Barbarian Invasion"
"Dragonball: Evolution","11482","Dragonball: Evolution","42960","3480","107","1","17","0","0","12.34","Dragonball: Evolution"
"Digimon World Re:Digitize","11483","Digimon World Re:Digitize","42960","14700","27","3","36","0","0","2.92","Digimon World Re:Digitize"
"Axiom Soccer","11484","Axiom Soccer","42900","3600","88","5","14","0","0","11.92","Axiom Soccer"
"Keep in Mind","11485","Keep in Mind","42900","1680","289","2","18","0","0","25.54","Keep in Mind"
"Fotonica","11486","Fotonica","42900","3540","402","1","25","0","0","12.12","Fotonica"
"Nintendo DS Browser","11487","Nintendo DS Browser","42900","1800","230","1","12","0","0","23.83","Nintendo DS Browser"
"Clash of Streamers","11488","Clash of Streamers","42840","7260","62","3","15","0","0","5.9","Clash of Streamers"
"Terminator","11489","Terminator","42840","11880","24","1","10","0","0","3.61","Terminator"
"Orion Trail","11490","Orion Trail","42840","3780","95","1","18","0","0","11.33","Orion Trail"
"Naruto Shippuden: Dragon Blade Chronicles","11491","Naruto Shippuden: Dragon Blade Chronicles","42780","1980","153","1","5","0","0","21.61","Naruto Shippuden: Dragon Blade Chronicles"
"Piglet's Big Game","11492","Piglet's Big Game","42780","6240","118","6","19","0","0","6.86","Piglet's Big Game"
"Ninja Master's","11493","Ninja Master's","42780","1920","354","1","8","0","0","22.28","Ninja Master's"
"Heroes of Annihilated Empires","11494","Heroes of Annihilated Empires","42720","8220","60","2","29","0","0","5.2","Heroes of Annihilated Empires"
"Total War Battles: Shogun","11495","Total War Battles: Shogun","42720","4320","42","2","14","0","0","9.89","Total War Battles: Shogun"
"Zuma","11496","Zuma","42720","17760","34","2","91","0","0","2.41","Zuma"
"Billy the Wizard: Rocket Broomstick Racing","11497","Billy the Wizard: Rocket Broomstick Racing","42720","840","412","1","6","0","0","50.86","Billy the Wizard: Rocket Broomstick Racing"
"SuperTuxKart","11498","SuperTuxKart","42720","21420","40","2","37","0","0","1.99","SuperTuxKart"
"Lucky's Tale","11499","Lucky's Tale","42720","17220","40","2","110","0","0","2.48","Lucky's Tale"
"The Sword And The Fox","11500","The Sword And The Fox","42660","6360","28","1","3","0","0","6.71","The Sword And The Fox"