"","","Game","Watch time","Stream time","Peak viewers","Peak channels","Streamers","Average viewers","Average channels","Average viewer ratio",""
"The Dark Eye","4601","The Dark Eye","720480","10620","5837","3","16","1","0","67.84","The Dark Eye"
"Killing Floor: Incursion","4602","Killing Floor: Incursion","720480","215100","762","15","1249","1","0","3.35","Killing Floor: Incursion"
"The Oregon Trail","4603","The Oregon Trail","720420","29040","1029","2","195","1","0","24.81","The Oregon Trail"
"Blaster Master","4604","Blaster Master","719280","36060","575","3","85","1","0","19.95","Blaster Master"
"Beyond Good & Evil 2","4605","Beyond Good & Evil 2","718740","2940","6043","6","18","1","0","244.47","Beyond Good & Evil 2"
"Baldur's Gate II: Throne of Bhaal","4606","Baldur's Gate II: Throne of Bhaal","718500","83400","7971","4","93","1","0","8.62","Baldur's Gate II: Throne of Bhaal"
"The Elder Scrolls: Arena","4607","The Elder Scrolls: Arena","718140","90060","3923","4","192","1","0","7.97","The Elder Scrolls: Arena"
"Fun 'N Games","4608","Fun 'N Games","718080","39600","1039","4","87","1","0","18.13","Fun 'N Games"
"Command & Conquer Red Alert 3: Uprising","4609","Command & Conquer Red Alert 3: Uprising","717840","62400","1861","3","225","1","0","11.5","Command & Conquer Red Alert 3: Uprising"
"Clive Barker's Undying","4610","Clive Barker's Undying","717780","44580","1987","3","123","1","0","16.1","Clive Barker's Undying"
"Hakoniwa Explorer Plus","4611","Hakoniwa Explorer Plus","717660","38760","782","5","157","1","0","18.52","Hakoniwa Explorer Plus"
"Hey Arnold! The Movie","4612","Hey Arnold! The Movie","717360","1740","2702","1","12","1","0","412.28","Hey Arnold! The Movie"
"Mortal Kombat Arcade Kollection","4613","Mortal Kombat Arcade Kollection","717240","13500","3356","2","72","1","0","53.13","Mortal Kombat Arcade Kollection"
"The Blackwell Legacy","4614","The Blackwell Legacy","717060","19800","1743","3","81","1","0","36.22","The Blackwell Legacy"
"Intruder","4615","Intruder","716700","20700","3739","5","85","1","0","34.62","Intruder"
"Deadlight","4616","Deadlight","716100","147000","693","5","724","1","0","4.87","Deadlight"
"Omerta: City of Gangsters","4617","Omerta: City of Gangsters","716100","22980","1126","2","78","1","0","31.16","Omerta: City of Gangsters"
"Galaxy Online 2","4618","Galaxy Online 2","716100","209340","17","2","3","1","0","3.42","Galaxy Online 2"
"Alekhine's Gun","4619","Alekhine's Gun","715980","9180","4737","2","36","1","0","77.99","Alekhine's Gun"
"Omno","4620","Omno","715980","3780","20314","5","47","1","0","189.41","Omno"
"Arena Gods","4621","Arena Gods","715500","1380","26914","3","17","1","0","518.48","Arena Gods"
"Half-Minute Hero: The Second Coming","4622","Half-Minute Hero: The Second Coming","715440","19380","2555","2","61","1","0","36.92","Half-Minute Hero: The Second Coming"
"P.A.M.E.L.A.","4623","P.A.M.E.L.A.","715320","62280","4356","6","256","1","0","11.49","P.A.M.E.L.A."
"Parsec","4624","Parsec","715200","5400","2858","2","31","1","0","132.44","Parsec"
"Kathy Rain","4625","Kathy Rain","715020","77340","816","3","191","1","0","9.25","Kathy Rain"
"Mario & Luigi: Dream Team","4626","Mario & Luigi: Dream Team","714840","35460","275","2","86","1","0","20.16","Mario & Luigi: Dream Team"
"Ultima IV: Quest of the Avatar","4627","Ultima IV: Quest of the Avatar","714600","24180","234","2","27","1","0","29.55","Ultima IV: Quest of the Avatar"
"Anno 1800","4628","Anno 1800","714540","3720","3329","1","18","1","0","192.08","Anno 1800"
"The Suffering:  Ties That Bind","4629","The Suffering:  Ties That Bind","714240","16920","4590","2","58","1","0","42.21","The Suffering:  Ties That Bind"
"Runes of Magic","4630","Runes of Magic","714000","172620","131","5","267","1","0","4.14","Runes of Magic"
"Outcast","4631","Outcast","714000","13500","1513","1","36","1","0","52.89","Outcast"
"Splitter Critters","4632","Splitter Critters","713940","1260","4105","1","6","1","0","566.62","Splitter Critters"
"Dragon Age: Origins - Awakening","4633","Dragon Age: Origins - Awakening","713280","136200","177","4","236","1","0","5.24","Dragon Age: Origins - Awakening"
"Nimbatus","4634","Nimbatus","712920","14820","1165","4","83","1","0","48.11","Nimbatus"
"Double Action: Boogaloo","4635","Double Action: Boogaloo","712860","72120","4532","3","507","1","0","9.88","Double Action: Boogaloo"
"Alien Shooter 2","4636","Alien Shooter 2","712080","19680","6147","2","78","1","0","36.18","Alien Shooter 2"
"Racing","4637","Racing","711960","202620","1239","4","368","1","0","3.51","Racing"
"Gundam Heroes","4638","Gundam Heroes","711300","11520","504","2","18","1","0","61.74","Gundam Heroes"
"Resident Evil Archives: Resident Evil","4639","Resident Evil Archives: Resident Evil","710880","18060","2223","2","47","1","0","39.36","Resident Evil Archives: Resident Evil"
"Amazon","4640","Amazon","710820","12900","1059","3","44","1","0","55.1","Amazon"
"Super Sports Surgery","4641","Super Sports Surgery","709920","1200","4215","1","8","1","0","591.6","Super Sports Surgery"
"Heroes of Might and Magic II: The Price of Loyalty","4642","Heroes of Might and Magic II: The Price of Loyalty","709620","50700","4600","3","82","1","0","14","Heroes of Might and Magic II: The Price of Loyalty"
"Koihime Enbu","4643","Koihime Enbu","708720","49140","803","7","157","1","0","14.42","Koihime Enbu"
"Doors","4644","Doors","708300","9120","3115","2","53","1","0","77.66","Doors"
"Legaia 2: Duel Saga","4645","Legaia 2: Duel Saga","708180","44520","1023","2","67","1","0","15.91","Legaia 2: Duel Saga"
"DLC Quest","4646","DLC Quest","707400","16380","3745","2","113","1","0","43.19","DLC Quest"
"Omikron: The Nomad Soul","4647","Omikron: The Nomad Soul","706680","27060","1084","2","54","1","0","26.12","Omikron: The Nomad Soul"
"Painkiller","4648","Painkiller","706560","101340","5603","3","403","1","0","6.97","Painkiller"
"Pokémon Art Academy","4649","Pokémon Art Academy","706200","9360","2673","2","26","1","0","75.45","Pokémon Art Academy"
"Bloody Trapland","4650","Bloody Trapland","706140","110100","853","6","741","1","0","6.41","Bloody Trapland"
"Nancy Drew: Shadow at the Water's Edge","4651","Nancy Drew: Shadow at the Water's Edge","706080","48960","512","3","103","1","0","14.42","Nancy Drew: Shadow at the Water's Edge"
"Victory At Sea","4652","Victory At Sea","705600","11820","2414","3","41","1","0","59.7","Victory At Sea"
"Wooden Battles","4653","Wooden Battles","705420","1500","3241","2","10","1","0","470.28","Wooden Battles"
"Iron Harvest","4654","Iron Harvest","705420","28740","1723","10","156","1","0","24.54","Iron Harvest"
"A Christmas Carol","4655","A Christmas Carol","704520","6840","2836","2","20","1","0","103","A Christmas Carol"
"Yakuza: Dead Souls","4656","Yakuza: Dead Souls","703140","46980","628","3","55","1","0","14.97","Yakuza: Dead Souls"
"Dragon Quest Heroes II","4657","Dragon Quest Heroes II","702000","318540","100","6","691","1","0","2.2","Dragon Quest Heroes II"
"Age of Mythology: Extended Edition","4658","Age of Mythology: Extended Edition","701760","38160","5453","6","206","1","0","18.39","Age of Mythology: Extended Edition"
"Light in the Dark","4659","Light in the Dark","701700","6180","1306","3","21","1","0","113.54","Light in the Dark"
"Decay: The Mare - Episode 2","4660","Decay: The Mare - Episode 2","701160","5760","5244","1","33","1","0","121.73","Decay: The Mare - Episode 2"
"Deal or No Deal: The Banker is Back","4661","Deal or No Deal: The Banker is Back","701100","300","3145","1","2","1","0","2337","Deal or No Deal: The Banker is Back"
"Disciples III: Reincarnation","4662","Disciples III: Reincarnation","700980","30600","3617","2","55","1","0","22.91","Disciples III: Reincarnation"
"Doom 64","4663","Doom 64","700440","72780","735","3","244","1","0","9.62","Doom 64"
"Knytt Stories","4664","Knytt Stories","699720","35940","6042","3","40","1","0","19.47","Knytt Stories"
"Mortal Kombat Trilogy","4665","Mortal Kombat Trilogy","699600","25740","10308","2","124","1","0","27.18","Mortal Kombat Trilogy"
"Driver: San Francisco","4666","Driver: San Francisco","698640","52980","846","2","276","1","0","13.19","Driver: San Francisco"
"Seaman","4667","Seaman","698220","9000","494","1","25","1","0","77.58","Seaman"
"Daytona USA","4668","Daytona USA","698100","18780","7528","4","111","1","0","37.17","Daytona USA"
"Neo Scavenger","4669","Neo Scavenger","697620","70680","1013","3","216","1","0","9.87","Neo Scavenger"
"Gold Rush","4670","Gold Rush","697560","17160","1404","4","69","1","0","40.65","Gold Rush"
"First Winter","4671","First Winter","697500","4080","5206","1","38","1","0","170.96","First Winter"
"NORTH","4672","NORTH","697440","17700","5873","2","148","1","0","39.4","NORTH"
"Coloring Pixels","4673","Coloring Pixels","696780","94440","2781","5","442","1","0","7.38","Coloring Pixels"
"Pokémon Mystery Dungeon: Explorers of Darkness/Time","4674","Pokémon Mystery Dungeon: Explorers of Darkness/Time","696300","45660","177","3","97","1","0","15.25","Pokémon Mystery Dungeon: Explorers of Darkness/Time"
"Rambo: The Video Game","4675","Rambo: The Video Game","696240","19440","5305","2","43","1","0","35.81","Rambo: The Video Game"
"5 Minutes Rage","4676","5 Minutes Rage","696240","1080","18221","3","9","1","0","644.67","5 Minutes Rage"
"All-Star Fruit Racing","4677","All-Star Fruit Racing","695460","39000","5839","4","96","1","0","17.83","All-Star Fruit Racing"
"Knockout League","4678","Knockout League","695160","26640","2771","2","213","1","0","26.09","Knockout League"
"Dropsy","4679","Dropsy","694920","44760","512","3","169","1","0","15.53","Dropsy"
"MX Simulator","4680","MX Simulator","693900","174000","496","8","295","1","0","3.99","MX Simulator"
"Seeking Dawn","4681","Seeking Dawn","693000","32340","2266","4","175","1","0","21.43","Seeking Dawn"
"Ys SEVEN","4682","Ys SEVEN","692280","132000","1573","4","146","1","0","5.24","Ys SEVEN"
"Muscle March","4683","Muscle March","691680","1560","4490","2","18","1","0","443.38","Muscle March"
"Figment","4684","Figment","691680","79800","737","4","329","1","0","8.67","Figment"
"Warhammer 40,000: Dawn of War II","4685","Warhammer 40,000: Dawn of War II","691620","130200","647","5","438","1","0","5.31","Warhammer 40,000: Dawn of War II"
"The Whispered World","4686","The Whispered World","691440","72960","265","4","161","1","0","9.48","The Whispered World"
"Hold Your Own","4687","Hold Your Own","691320","57240","387","3","125","1","0","12.08","Hold Your Own"
"Mini Golf Arena","4688","Mini Golf Arena","691200","9960","3184","5","91","1","0","69.4","Mini Golf Arena"
"Need for Speed: SHIFT","4689","Need for Speed: SHIFT","691080","50100","1866","2","193","1","0","13.79","Need for Speed: SHIFT"
"Des Chiffres et des Lettres","4690","Des Chiffres et des Lettres","691020","4500","3221","1","4","1","0","153.56","Des Chiffres et des Lettres"
"Shining Force III","4691","Shining Force III","690960","33840","245","2","36","1","0","20.42","Shining Force III"
"Jikkyou Powerful Pro Yakyuu 2016","4692","Jikkyou Powerful Pro Yakyuu 2016","690900","9540","308","2","147","1","0","72.42","Jikkyou Powerful Pro Yakyuu 2016"
"They","4693","They","690600","21240","5890","4","150","1","0","32.51","They"
"CarX Drift Racing Online","4694","CarX Drift Racing Online","690360","313440","585","6","1321","1","0","2.2","CarX Drift Racing Online"
"Starwhal","4695","Starwhal","689400","25800","4828","2","146","1","0","26.72","Starwhal"
"Castlevania: The Dracula X Chronicles","4696","Castlevania: The Dracula X Chronicles","689340","35460","4761","2","142","1","0","19.44","Castlevania: The Dracula X Chronicles"
"Empire TV Tycoon","4697","Empire TV Tycoon","689220","39360","2547","2","71","1","0","17.51","Empire TV Tycoon"
"Trials 2 Second Edition","4698","Trials 2 Second Edition","689160","37440","3344","14","82","1","0","18.41","Trials 2 Second Edition"
"Heroes Evolved","4699","Heroes Evolved","689040","488040","290","7","1108","1","0","1.41","Heroes Evolved"
"Age of Conan: Unchained","4700","Age of Conan: Unchained","688860","241380","246","7","251","1","0","2.85","Age of Conan: Unchained"