"","","Game","Watch time","Stream time","Peak viewers","Peak channels","Streamers","Average viewers","Average channels","Average viewer ratio",""
"Super Blood Hockey","6001","Super Blood Hockey","354120","20340","1841","2","119","0","0","17.41","Super Blood Hockey"
"Putt-Putt Travels Through Time","6002","Putt-Putt Travels Through Time","353580","20340","1169","2","100","0","0","17.38","Putt-Putt Travels Through Time"
"Home Improvisation","6003","Home Improvisation","353580","10080","3155","2","64","0","0","35.08","Home Improvisation"
"Doom 3: Resurrection of Evil","6004","Doom 3: Resurrection of Evil","353580","54900","245","3","198","0","0","6.44","Doom 3: Resurrection of Evil"
"Aliens Versus Predator","6005","Aliens Versus Predator","353520","65940","220","5","304","0","0","5.36","Aliens Versus Predator"
"Google Go","6006","Google Go","353520","27900","2117","3","207","0","0","12.67","Google Go"
"Skate 2","6007","Skate 2","353460","24480","784","2","85","0","0","14.44","Skate 2"
"TMNT","6008","TMNT","352680","61560","204","3","143","0","0","5.73","TMNT"
"Overland","6009","Overland","352500","12840","305","1","49","0","0","27.45","Overland"
"Heart of Crown PC","6010","Heart of Crown PC","352140","59640","76","3","75","0","0","5.9","Heart of Crown PC"
"Rogues Like Us","6011","Rogues Like Us","352140","30660","1080","8","102","0","0","11.49","Rogues Like Us"
"Bad Dreams","6012","Bad Dreams","351960","6720","375","2","30","0","0","52.38","Bad Dreams"
"Mario's Game Gallery","6013","Mario's Game Gallery","351840","2580","3148","1","16","0","0","136.37","Mario's Game Gallery"
"Mario Paint","6014","Mario Paint","351180","53220","2433","3","191","0","0","6.6","Mario Paint"
"The Static Speaks My Name","6015","The Static Speaks My Name","351180","12300","4650","2","156","0","0","28.55","The Static Speaks My Name"
"Orion Burger","6016","Orion Burger","351000","1920","959","1","5","0","0","182.81","Orion Burger"
"The Dishwasher: Vampire Smile","6017","The Dishwasher: Vampire Smile","351000","31080","1379","3","160","0","0","11.29","The Dishwasher: Vampire Smile"
"Reading Simulator","6018","Reading Simulator","350940","22800","326","3","74","0","0","15.39","Reading Simulator"
"Meteor Defense","6019","Meteor Defense","350940","180","6937","1","2","0","0","1949.67","Meteor Defense"
"Princess Evangile","6020","Princess Evangile","350520","35520","440","2","21","0","0","9.87","Princess Evangile"
"Conquer Online","6021","Conquer Online","350400","95760","362","5","176","0","0","3.66","Conquer Online"
"Oh No!","6022","Oh No!","350340","960","2256","1","6","0","0","364.94","Oh No!"
"The Ballad Singer","6023","The Ballad Singer","350220","4740","624","2","21","0","0","73.89","The Ballad Singer"
"Quest for Glory IV: Shadows of Darkness","6024","Quest for Glory IV: Shadows of Darkness","350160","30960","184","2","37","0","0","11.31","Quest for Glory IV: Shadows of Darkness"
"Bounty Train","6025","Bounty Train","350160","33060","1669","2","90","0","0","10.59","Bounty Train"
"Leisure Suit Larry: Magna Cum Laude","6026","Leisure Suit Larry: Magna Cum Laude","349920","15600","154","2","50","0","0","22.43","Leisure Suit Larry: Magna Cum Laude"
"Duke Nukem: Time to Kill","6027","Duke Nukem: Time to Kill","349560","5580","2066","1","36","0","0","62.65","Duke Nukem: Time to Kill"
"Rhythm Tengoku: The Best Plus","6028","Rhythm Tengoku: The Best Plus","349140","3660","1244","2","11","0","0","95.39","Rhythm Tengoku: The Best Plus"
"Scanner Sombre","6029","Scanner Sombre","349140","46620","276","4","285","0","0","7.49","Scanner Sombre"
"Mega Man Powered Up","6030","Mega Man Powered Up","348420","25740","1209","2","66","0","0","13.54","Mega Man Powered Up"
"The Simpsons: Bart's Nightmare","6031","The Simpsons: Bart's Nightmare","348360","9060","1096","2","30","0","0","38.45","The Simpsons: Bart's Nightmare"
"BS Zelda no Densetsu: Kodai no Sekiban","6032","BS Zelda no Densetsu: Kodai no Sekiban","348240","9840","898","2","22","0","0","35.39","BS Zelda no Densetsu: Kodai no Sekiban"
"Pato Box","6033","Pato Box","348240","17580","730","3","86","0","0","19.81","Pato Box"
"The 9th Gate","6034","The 9th Gate","348180","5100","3660","2","45","0","0","68.27","The 9th Gate"
"Marble Skies","6035","Marble Skies","348120","49980","454","4","97","0","0","6.97","Marble Skies"
"Dance Dance Revolution A","6036","Dance Dance Revolution A","348060","347160","386","3","43","0","0","1","Dance Dance Revolution A"
"Doodle Date","6037","Doodle Date","348060","25320","455","4","170","0","0","13.75","Doodle Date"
"Lumines: Puzzle Fusion","6038","Lumines: Puzzle Fusion","347820","17760","1180","6","97","0","0","19.58","Lumines: Puzzle Fusion"
"Exorder","6039","Exorder","347580","4140","986","2","26","0","0","83.96","Exorder"
"Pangya","6040","Pangya","347400","41760","1640","3","115","0","0","8.32","Pangya"
"Battle Ground","6041","Battle Ground","347400","282660","358","10","574","0","0","1.23","Battle Ground"
"Hitman 2 (working title)","6042","Hitman 2 (working title)","347220","3780","2169","2","28","0","0","91.86","Hitman 2 (working title)"
"Clowns","6043","Clowns","347160","840","5783","1","5","0","0","413.29","Clowns"
"Space Quest III: The Pirates of Pestulon","6044","Space Quest III: The Pirates of Pestulon","347100","9360","957","1","31","0","0","37.08","Space Quest III: The Pirates of Pestulon"
"Drink Pro Tycoon","6045","Drink Pro Tycoon","346860","1500","3357","1","17","0","0","231.24","Drink Pro Tycoon"
"Looterkings","6046","Looterkings","346080","29160","2268","4","100","0","0","11.87","Looterkings"
"Groove Coaster 2","6047","Groove Coaster 2","345960","5460","1461","1","24","0","0","63.36","Groove Coaster 2"
"A Light in the Dark","6048","A Light in the Dark","345780","13140","2412","2","47","0","0","26.32","A Light in the Dark"
"Silent Hunter 4: Wolves of the Pacific","6049","Silent Hunter 4: Wolves of the Pacific","345660","26760","487","2","39","0","0","12.92","Silent Hunter 4: Wolves of the Pacific"
"Gemini Rue","6050","Gemini Rue","345540","24960","571","2","74","0","0","13.84","Gemini Rue"
"Blazing Core","6051","Blazing Core","345540","9240","1226","3","47","0","0","37.4","Blazing Core"
"Rocketbirds: Hardboiled Chicken","6052","Rocketbirds: Hardboiled Chicken","345480","33060","2084","3","179","0","0","10.45","Rocketbirds: Hardboiled Chicken"
"Burger Cats","6053","Burger Cats","345240","240","3508","1","3","0","0","1438.5","Burger Cats"
"Deep Fear","6054","Deep Fear","345180","7320","1112","1","17","0","0","47.16","Deep Fear"
"Mercenaries: Playground of Destruction","6055","Mercenaries: Playground of Destruction","345060","67200","131","6","314","0","0","5.13","Mercenaries: Playground of Destruction"
"Shining the Holy Ark","6056","Shining the Holy Ark","344940","16380","235","2","26","0","0","21.06","Shining the Holy Ark"
"Body of Evidence","6057","Body of Evidence","344760","3240","903","1","24","0","0","106.41","Body of Evidence"
"Princess Maker 5 Portable","6058","Princess Maker 5 Portable","344760","960","2567","2","4","0","0","359.13","Princess Maker 5 Portable"
"The Rabbit and The Owl","6059","The Rabbit and The Owl","344580","6000","2632","4","21","0","0","57.43","The Rabbit and The Owl"
"Bard's Tale","6060","Bard's Tale","344580","20700","1414","3","68","0","0","16.65","Bard's Tale"
"Feudal Alloy","6061","Feudal Alloy","344400","9060","1247","2","75","0","0","38.01","Feudal Alloy"
"Clicker bAdventure","6062","Clicker bAdventure","344280","240","7791","3","3","0","0","1434.5","Clicker bAdventure"
"Aurion: Legacy of the Kori-Odan","6063","Aurion: Legacy of the Kori-Odan","344280","9720","1588","2","34","0","0","35.42","Aurion: Legacy of the Kori-Odan"
"Inertia","6064","Inertia","343560","35280","1218","5","80","0","0","9.74","Inertia"
"Conception II: Children of the Seven Stars","6065","Conception II: Children of the Seven Stars","343200","35820","235","3","87","0","0","9.58","Conception II: Children of the Seven Stars"
"Crackdown","6066","Crackdown","343140","126600","172","6","709","0","0","2.71","Crackdown"
"The Disney Afternoon Collection","6067","The Disney Afternoon Collection","343140","94380","278","3","529","0","0","3.64","The Disney Afternoon Collection"
"Connect 4","6068","Connect 4","343020","20820","3064","3","110","0","0","16.48","Connect 4"
"Demon's Rise - Lords of Chaos","6069","Demon's Rise - Lords of Chaos","342840","2040","2203","1","6","0","0","168.06","Demon's Rise - Lords of Chaos"
"Knights of Honor","6070","Knights of Honor","342600","20580","396","2","56","0","0","16.65","Knights of Honor"
"Interplanetary","6071","Interplanetary","342420","32520","325","4","155","0","0","10.53","Interplanetary"
"Wayward","6072","Wayward","342300","39420","626","4","138","0","0","8.68","Wayward"
"The Legend of Heroes III: Song of the Ocean","6073","The Legend of Heroes III: Song of the Ocean","342180","15420","209","2","11","0","0","22.19","The Legend of Heroes III: Song of the Ocean"
"Flight Simulation","6074","Flight Simulation","342060","114960","462","3","126","0","0","2.98","Flight Simulation"
"The Sims 3: Into the Future","6075","The Sims 3: Into the Future","341880","13500","936","2","57","0","0","25.32","The Sims 3: Into the Future"
"Hatsune Miku: VR Future Live","6076","Hatsune Miku: VR Future Live","341880","10560","1482","2","94","0","0","32.38","Hatsune Miku: VR Future Live"
"Ballistic Overkill","6077","Ballistic Overkill","341700","98400","750","5","398","0","0","3.47","Ballistic Overkill"
"Shadow of Rome","6078","Shadow of Rome","341700","18000","177","1","35","0","0","18.98","Shadow of Rome"
"Lizard","6079","Lizard","341280","38100","500","3","42","0","0","8.96","Lizard"
"Where's Waldo?","6080","Where's Waldo?","340980","5760","1720","2","29","0","0","59.2","Where's Waldo?"
"Club Penguin Rewritten","6081","Club Penguin Rewritten","340980","108420","332","6","779","0","0","3.14","Club Penguin Rewritten"
"Heavy Metal: F.A.K.K. 2","6082","Heavy Metal: F.A.K.K. 2","340800","8160","917","2","26","0","0","41.76","Heavy Metal: F.A.K.K. 2"
"Disgaea 2: Cursed Memories","6083","Disgaea 2: Cursed Memories","340740","125640","121","4","231","0","0","2.71","Disgaea 2: Cursed Memories"
"Will: A Wonderful World","6084","Will: A Wonderful World","340740","17640","1137","3","48","0","0","19.32","Will: A Wonderful World"
"Space Pirates and Zombies 2","6085","Space Pirates and Zombies 2","340680","38220","1643","2","94","0","0","8.91","Space Pirates and Zombies 2"
"The Hanged Man","6086","The Hanged Man","340500","13800","868","2","37","0","0","24.67","The Hanged Man"
"Russian Subway Dogs","6087","Russian Subway Dogs","340500","10500","516","4","74","0","0","32.43","Russian Subway Dogs"
"Tetris Worlds","6088","Tetris Worlds","340440","3360","5592","2","34","0","0","101.32","Tetris Worlds"
"Digimon RPG","6089","Digimon RPG","340260","73860","4228","3","30","0","0","4.61","Digimon RPG"
"The Matrix: Path of Neo","6090","The Matrix: Path of Neo","339600","41820","1438","4","117","0","0","8.12","The Matrix: Path of Neo"
"Milk Race","6091","Milk Race","339420","240","5768","2","4","0","0","1414.25","Milk Race"
"Dream Alone","6092","Dream Alone","339360","17460","346","5","106","0","0","19.44","Dream Alone"
"skate.","6093","skate.","339300","13920","3159","2","65","0","0","24.38","skate."
"Uncharted Waters 2: New Horizons","6094","Uncharted Waters 2: New Horizons","339180","12720","676","2","31","0","0","26.67","Uncharted Waters 2: New Horizons"
"Rune Factory 4","6095","Rune Factory 4","338940","59400","411","2","71","0","0","5.71","Rune Factory 4"
"Torchlight","6096","Torchlight","338340","172680","165","4","404","0","0","1.96","Torchlight"
"Bad Rats Show","6097","Bad Rats Show","338160","14280","1215","2","115","0","0","23.68","Bad Rats Show"
"Talisman","6098","Talisman","338100","26640","475","2","103","0","0","12.69","Talisman"
"Jet Force Gemini","6099","Jet Force Gemini","338040","42180","299","2","126","0","0","8.01","Jet Force Gemini"
"Super Sportmatchen","6100","Super Sportmatchen","337920","3060","3214","2","22","0","0","110.43","Super Sportmatchen"