"","","Game","Watch time","Stream time","Peak viewers","Peak channels","Streamers","Average viewers","Average channels","Average viewer ratio",""
"Nova Nukers!","3201","Nova Nukers!","1678740","4260","25828","3","18","3","0","394.07","Nova Nukers!"
"The Bridge","3202","The Bridge","1678620","129120","5655","8","1094","3","0","13","The Bridge"
"Tom Clancy's Splinter Cell","3203","Tom Clancy's Splinter Cell","1678560","248160","2951","5","745","3","0","6.76","Tom Clancy's Splinter Cell"
"Airships: Conquer the Skies","3204","Airships: Conquer the Skies","1676580","38160","4339","5","152","3","0","43.94","Airships: Conquer the Skies"
"Paper Mario: Color Splash","3205","Paper Mario: Color Splash","1676100","137880","377","4","161","3","0","12.16","Paper Mario: Color Splash"
"Deemo","3206","Deemo","1675080","58320","4489","3","210","3","0","28.72","Deemo"
"Naruto: Ultimate Ninja Storm","3207","Naruto: Ultimate Ninja Storm","1674600","155040","3117","6","895","3","0","10.8","Naruto: Ultimate Ninja Storm"
"Tokyo Dark","3208","Tokyo Dark","1674300","146340","707","3","437","3","0","11.44","Tokyo Dark"
"Stories: The Path of Destinies","3209","Stories: The Path of Destinies","1673700","345780","3354","36","1662","3","0","4.84","Stories: The Path of Destinies"
"Rule of Rose","3210","Rule of Rose","1671240","109560","776","5","236","3","0","15.25","Rule of Rose"
"Slipstream","3211","Slipstream","1670760","27900","11929","5","195","3","0","59.88","Slipstream"
"Wurm Unlimited","3212","Wurm Unlimited","1670700","369720","707","6","223","3","0","4.52","Wurm Unlimited"
"Wild Arms 2","3213","Wild Arms 2","1667520","76080","1716","3","60","3","0","21.92","Wild Arms 2"
"Star Fox Adventures","3214","Star Fox Adventures","1667460","197400","531","4","391","3","0","8.45","Star Fox Adventures"
"Tales of Graces F","3215","Tales of Graces F","1666560","124500","977","4","84","3","0","13.39","Tales of Graces F"
"R2 Online: Reign of Revolution","3216","R2 Online: Reign of Revolution","1664460","289500","288","6","206","3","0","5.75","R2 Online: Reign of Revolution"
"Realm of Valor","3217","Realm of Valor","1663380","104400","2379","4","456","3","0","15.93","Realm of Valor"
"DeathCrank","3218","DeathCrank","1662120","180","27928","3","3","3","0","9234","DeathCrank"
"To Hell with Hell","3219","To Hell with Hell","1661460","29940","2560","5","213","3","0","55.49","To Hell with Hell"
"Rayman Origins","3220","Rayman Origins","1661280","189600","2573","5","868","3","0","8.76","Rayman Origins"
"Pokémon Rumble","3221","Pokémon Rumble","1659840","45900","470","4","90","3","0","36.16","Pokémon Rumble"
"Soul Blade","3222","Soul Blade","1658580","16500","8226","2","71","3","0","100.52","Soul Blade"
"NASCAR Heat 2","3223","NASCAR Heat 2","1657200","768900","93","18","1708","3","1","2.16","NASCAR Heat 2"
"GuJian","3224","GuJian","1655040","103260","731","8","96","3","0","16.03","GuJian"
"ReBoot","3225","ReBoot","1653840","6420","3016","3","11","3","0","257.61","ReBoot"
"Riptide GP: Renegade","3226","Riptide GP: Renegade","1653660","23460","24581","3","148","3","0","70.49","Riptide GP: Renegade"
"Wizard","3227","Wizard","1653420","4440","26778","2","32","3","0","372.39","Wizard"
"Blacksmith","3228","Blacksmith","1652520","2220","7648","1","8","3","0","744.38","Blacksmith"
"Dungeon Escape","3229","Dungeon Escape","1651800","1500","8591","1","8","3","0","1101.2","Dungeon Escape"
"Sonic CD","3230","Sonic CD","1651200","157860","3359","8","834","3","0","10.46","Sonic CD"
"Autobahn Police Simulator 2","3231","Autobahn Police Simulator 2","1651140","15300","1314","2","75","3","0","107.92","Autobahn Police Simulator 2"
"Double Kick Heroes","3232","Double Kick Heroes","1650840","31980","7162","6","215","3","0","51.62","Double Kick Heroes"
"PaRappa the Rapper","3233","PaRappa the Rapper","1650600","48900","3903","5","339","3","0","33.75","PaRappa the Rapper"
"Lakeview Cabin Collection","3234","Lakeview Cabin Collection","1649100","40020","9921","2","223","3","0","41.21","Lakeview Cabin Collection"
"Painkiller: Redemption","3235","Painkiller: Redemption","1648800","1380","12548","1","13","3","0","1194.78","Painkiller: Redemption"
"Cube Escape: The Cave","3236","Cube Escape: The Cave","1648500","9720","6961","2","68","3","0","169.6","Cube Escape: The Cave"
"Five Nights at Freddy's 4: The Final Chapter","3237","Five Nights at Freddy's 4: The Final Chapter","1648320","99180","3313","5","728","3","0","16.62","Five Nights at Freddy's 4: The Final Chapter"
"Dirge of Cerberus: Final Fantasy VII","3238","Dirge of Cerberus: Final Fantasy VII","1648320","68520","1770","3","122","3","0","24.06","Dirge of Cerberus: Final Fantasy VII"
"Spacelords","3239","Spacelords","1646520","534840","92","16","1270","3","1","3.08","Spacelords"
"Super Bunny Man","3240","Super Bunny Man","1644660","38760","3201","3","235","3","0","42.43","Super Bunny Man"
"Survarium","3241","Survarium","1644600","460140","210","8","1176","3","0","3.57","Survarium"
"Tokimeki Memorial","3242","Tokimeki Memorial","1642500","4860","2500","1","8","3","0","337.96","Tokimeki Memorial"
"AO Tennis","3243","AO Tennis","1640640","118380","797","6","152","3","0","13.86","AO Tennis"
"Masters of Anima","3244","Masters of Anima","1639380","37980","28084","7","189","3","0","43.16","Masters of Anima"
"Metroid Prime Trilogy","3245","Metroid Prime Trilogy","1635540","251820","784","5","364","3","0","6.49","Metroid Prime Trilogy"
"Kopanito All-Stars Soccer","3246","Kopanito All-Stars Soccer","1635240","17640","7723","4","137","3","0","92.7","Kopanito All-Stars Soccer"
"Species: Artificial Life, Real Evolution","3247","Species: Artificial Life, Real Evolution","1634760","4500","10161","1","21","3","0","363.28","Species: Artificial Life, Real Evolution"
"Monkey Island 2:  LeChuck's Revenge","3248","Monkey Island 2:  LeChuck's Revenge","1634220","179640","1383","4","431","3","0","9.1","Monkey Island 2:  LeChuck's Revenge"
"Insidia","3249","Insidia","1631640","16320","6654","4","88","3","0","99.98","Insidia"
"Steven Universe Save the Light","3250","Steven Universe Save the Light","1630800","106620","2942","12","491","3","0","15.3","Steven Universe Save the Light"
"Oddworld: Abe's Oddysee","3251","Oddworld: Abe's Oddysee","1630500","211560","2278","5","584","3","0","7.71","Oddworld: Abe's Oddysee"
"Garshasp: Temple of the Dragon","3252","Garshasp: Temple of the Dragon","1630320","1380","15425","5","9","3","0","1181.39","Garshasp: Temple of the Dragon"
"Infestation World","3253","Infestation World","1629900","36180","3615","12","89","3","0","45.05","Infestation World"
"Naruto Online","3254","Naruto Online","1629120","201600","240","5","502","3","0","8.08","Naruto Online"
"The Town of Light","3255","The Town of Light","1628760","114240","3991","6","494","3","0","14.26","The Town of Light"
"Mercenary Kings","3256","Mercenary Kings","1626840","98460","3262","6","439","3","0","16.52","Mercenary Kings"
"Krunker","3257","Krunker","1626120","296880","1745","11","1621","3","0","5.48","Krunker"
"Combat Arms","3258","Combat Arms","1625700","488880","668","8","1609","3","0","3.33","Combat Arms"
"Tokyo Xanadu","3259","Tokyo Xanadu","1625460","366480","691","7","443","3","0","4.44","Tokyo Xanadu"
"Star Wars: Jedi Knight II - Jedi Outcast","3260","Star Wars: Jedi Knight II - Jedi Outcast","1624500","245760","573","7","606","3","0","6.61","Star Wars: Jedi Knight II - Jedi Outcast"
"Super Star Wars","3261","Super Star Wars","1622100","65280","2574","7","192","3","0","24.85","Super Star Wars"
"Captain Tsubasa: Dream Team","3262","Captain Tsubasa: Dream Team","1621500","219060","382","5","303","3","0","7.4","Captain Tsubasa: Dream Team"
"Ninja Five-O","3263","Ninja Five-O","1619580","9540","2938","14","35","3","0","169.77","Ninja Five-O"
"Turok 2: Seeds of Evil","3264","Turok 2: Seeds of Evil","1619340","286140","6489","8","713","3","0","5.66","Turok 2: Seeds of Evil"
"Spiral Knights","3265","Spiral Knights","1619040","235800","403","5","750","3","0","6.87","Spiral Knights"
"Stikbold!","3266","Stikbold!","1617960","11520","6907","2","83","3","0","140.45","Stikbold!"
"Serious Sam HD: The First Encounter","3267","Serious Sam HD: The First Encounter","1615320","182040","2833","7","927","3","0","8.87","Serious Sam HD: The First Encounter"
"Serious Sam VR: The Last Hope","3268","Serious Sam VR: The Last Hope","1614000","20580","25994","2","111","3","0","78.43","Serious Sam VR: The Last Hope"
"Cube Escape: Arles","3269","Cube Escape: Arles","1614000","9120","12539","2","73","3","0","176.97","Cube Escape: Arles"
"Spider-Man 2","3270","Spider-Man 2","1613580","119160","1764","5","460","3","0","13.54","Spider-Man 2"
"Shadow Complex","3271","Shadow Complex","1612020","77400","3360","3","286","3","0","20.83","Shadow Complex"
"War Dragons","3272","War Dragons","1611360","111300","704","3","60","3","0","14.48","War Dragons"
"Antigraviator","3273","Antigraviator","1609860","18420","21742","9","134","3","0","87.4","Antigraviator"
"Toonstruck","3274","Toonstruck","1609140","52980","1672","3","131","3","0","30.37","Toonstruck"
"The Lord of the Rings: The Return of the King","3275","The Lord of the Rings: The Return of the King","1608060","51480","7654","2","189","3","0","31.24","The Lord of the Rings: The Return of the King"
"Serious Sam: The First Encounter","3276","Serious Sam: The First Encounter","1607520","83700","12329","6","366","3","0","19.21","Serious Sam: The First Encounter"
"Just Dance 4","3277","Just Dance 4","1605780","10320","6570","2","56","3","0","155.6","Just Dance 4"
"Bowmaster Prelude","3278","Bowmaster Prelude","1605660","2160","9968","1","21","3","0","743.36","Bowmaster Prelude"
"Night Trap","3279","Night Trap","1603920","42540","2025","4","187","3","0","37.7","Night Trap"
"Here They Lie","3280","Here They Lie","1600080","321300","2675","23","3498","3","0","4.98","Here They Lie"
"Piranha","3281","Piranha","1598700","3540","3216","1","1","3","0","451.61","Piranha"
"Dominions 5: Warriors of the Faith","3282","Dominions 5: Warriors of the Faith","1598400","71580","1599","4","111","3","0","22.33","Dominions 5: Warriors of the Faith"
"Sawkoban","3283","Sawkoban","1597920","2640","9663","2","24","3","0","605.27","Sawkoban"
"FIFA Manager 13","3284","FIFA Manager 13","1596240","40680","555","2","85","3","0","39.24","FIFA Manager 13"
"God Eater 2: Rage Burst","3285","God Eater 2: Rage Burst","1595880","610140","458","25","2154","3","1","2.62","God Eater 2: Rage Burst"
"Dead or Alive Xtreme Beach Volleyball","3286","Dead or Alive Xtreme Beach Volleyball","1591680","6660","6409","1","33","3","0","238.99","Dead or Alive Xtreme Beach Volleyball"
"Neighbours From Hell","3287","Neighbours From Hell","1590540","37080","2328","3","228","3","0","42.89","Neighbours From Hell"
"Arcania: Gothic 4","3288","Arcania: Gothic 4","1590060","57420","968","3","131","3","0","27.69","Arcania: Gothic 4"
"Cosmoteer","3289","Cosmoteer","1589640","54660","612","3","188","3","0","29.08","Cosmoteer"
"Star Wars: Galaxies - An Empire Divided","3290","Star Wars: Galaxies - An Empire Divided","1588800","365340","367","7","433","3","0","4.35","Star Wars: Galaxies - An Empire Divided"
"Tilt Brush","3291","Tilt Brush","1588080","85680","2071","3","390","3","0","18.54","Tilt Brush"
"Lunatic Rave 2","3292","Lunatic Rave 2","1586280","398880","278","7","460","3","0","3.98","Lunatic Rave 2"
"Naruto Shippuden: Ultimate Ninja Storm 3","3293","Naruto Shippuden: Ultimate Ninja Storm 3","1586160","113280","2988","4","461","3","0","14","Naruto Shippuden: Ultimate Ninja Storm 3"
"World of Goo","3294","World of Goo","1584180","56400","3789","3","263","3","0","28.09","World of Goo"
"Moonbase Alpha","3295","Moonbase Alpha","1581360","24060","4417","4","229","3","0","65.73","Moonbase Alpha"
"Surgeon Simulator: Experience Reality","3296","Surgeon Simulator: Experience Reality","1581180","91140","8232","3","829","3","0","17.35","Surgeon Simulator: Experience Reality"
"Etrian Odyssey II: Heroes of Lagaard","3297","Etrian Odyssey II: Heroes of Lagaard","1580940","11820","10006","3","20","3","0","133.75","Etrian Odyssey II: Heroes of Lagaard"
"Streets of Rage","3298","Streets of Rage","1580220","115860","5378","4","546","3","0","13.64","Streets of Rage"
"BIT.TRIP Presents: Runner2: Future Legend of Rhythm Alien","3299","BIT.TRIP Presents: Runner2: Future Legend of Rhythm Alien","1578660","46320","3297","2","279","3","0","34.08","BIT.TRIP Presents: Runner2: Future Legend of Rhythm Alien"
"The King of Dragons","3300","The King of Dragons","1578180","27180","3471","2","72","3","0","58.06","The King of Dragons"