"","","Game","Watch time","Stream time","Peak viewers","Peak channels","Streamers","Average viewers","Average channels","Average viewer ratio",""
"Space Channel 5: Part 2","1401","Space Channel 5: Part 2","8748600","70380","7372","5","446","16","0","124.31","Space Channel 5: Part 2"
"Arabian Nights","1402","Arabian Nights","8716740","10020","118705","9","38","16","0","869.93","Arabian Nights"
"Fire Emblem: Radiant Dawn","1403","Fire Emblem: Radiant Dawn","8714340","306960","2547","6","329","16","0","28.39","Fire Emblem: Radiant Dawn"
"Unforgiving: A Northern Hymn","1404","Unforgiving: A Northern Hymn","8711940","175080","10367","8","907","16","0","49.76","Unforgiving: A Northern Hymn"
"Beast Battle Simulator","1405","Beast Battle Simulator","8677320","21240","15019","5","162","16","0","408.54","Beast Battle Simulator"
"Tomb Raider III: Adventures of Lara Croft","1406","Tomb Raider III: Adventures of Lara Croft","8658600","323520","14697","6","372","16","0","26.76","Tomb Raider III: Adventures of Lara Croft"
"Icons: Combat Arena","1407","Icons: Combat Arena","8649420","490800","25383","79","1575","16","0","17.62","Icons: Combat Arena"
"Memories of Mars","1408","Memories of Mars","8641620","318900","37100","41","635","16","0","27.1","Memories of Mars"
"Call of Duty 4: Modern Warfare","1409","Call of Duty 4: Modern Warfare","8639100","1368180","4225","15","6267","16","2","6.31","Call of Duty 4: Modern Warfare"
"Soccer","1410","Soccer","8636460","297180","8926","96","708","16","0","29.06","Soccer"
"Paradox of the Cryptomancers","1411","Paradox of the Cryptomancers","8631240","8400","13834","4","17","16","0","1027.53","Paradox of the Cryptomancers"
"World of Warplanes","1412","World of Warplanes","8626680","1513380","1238","13","1890","16","2","5.7","World of Warplanes"
"Weed","1413","Weed","8612520","66360","34630","9","62","16","0","129.78","Weed"
"Araya","1414","Araya","8600100","118320","13200","5","492","16","0","72.69","Araya"
"Metro Redux","1415","Metro Redux","8587020","1248660","6077","20","5487","16","2","6.88","Metro Redux"
"Witch Hunt","1416","Witch Hunt","8576940","159180","5368","11","772","16","0","53.88","Witch Hunt"
"ZEUS' Battlegrounds","1417","ZEUS' Battlegrounds","8573820","254400","17356","28","1065","16","0","33.7","ZEUS' Battlegrounds"
"Party Hard 2","1418","Party Hard 2","8542200","163680","28135","21","1048","16","0","52.19","Party Hard 2"
"Lords Mobile","1419","Lords Mobile","8498940","394560","16951","9","672","16","0","21.54","Lords Mobile"
"Bethesda @ QuakeCon","1420","Bethesda @ QuakeCon","8486160","15180","100781","34","49","16","0","559.04","Bethesda @ QuakeCon"
"Prominence Poker","1421","Prominence Poker","8473800","1144320","7158","13","5223","16","2","7.41","Prominence Poker"
"Animaniacs","1422","Animaniacs","8439900","8700","95557","8","51","16","0","970.1","Animaniacs"
"World of Tanks Blitz","1423","World of Tanks Blitz","8425020","2029860","11911","20","3400","16","3","4.15","World of Tanks Blitz"
"Superhot VR","1424","Superhot VR","8417580","422940","25175","13","4327","16","0","19.9","Superhot VR"
"Half-Life: Opposing Force","1425","Half-Life: Opposing Force","8415720","135120","140465","10","496","16","0","62.28","Half-Life: Opposing Force"
"Deadly Premonition: The Director's Cut","1426","Deadly Premonition: The Director's Cut","8415480","260760","3612","7","605","16","0","32.27","Deadly Premonition: The Director's Cut"
"Subsistence","1427","Subsistence","8412600","592620","30306","13","1049","16","1","14.2","Subsistence"
"Anime Land","1428","Anime Land","8410560","1090020","7725","12","1622","16","2","7.72","Anime Land"
"WarioWare Gold","1429","WarioWare Gold","8404500","30180","9332","5","131","15","0","278.48","WarioWare Gold"
"Resident Evil Zero HD","1430","Resident Evil Zero HD","8400660","583140","1838","12","1637","15","1","14.41","Resident Evil Zero HD"
"Nidhogg II","1431","Nidhogg II","8395500","37140","26848","7","316","15","0","226.05","Nidhogg II"
"Shin Megami Tensei: Persona 3 FES","1432","Shin Megami Tensei: Persona 3 FES","8379660","1025040","405","14","1302","15","1","8.17","Shin Megami Tensei: Persona 3 FES"
"Doom 3","1433","Doom 3","8376600","505020","8162","8","1773","15","0","16.59","Doom 3"
"Do Not Feed the Monkeys","1434","Do Not Feed the Monkeys","8374440","115680","7749","15","651","15","0","72.39","Do Not Feed the Monkeys"
"Serious Sam 3: BFE","1435","Serious Sam 3: BFE","8366460","326820","101191","11","1517","15","0","25.6","Serious Sam 3: BFE"
"Diddy Kong Racing","1436","Diddy Kong Racing","8359200","366480","6022","8","750","15","0","22.81","Diddy Kong Racing"
"Yakuza 4","1437","Yakuza 4","8359200","122580","3548","4","138","15","0","68.19","Yakuza 4"
"The Missing","1438","The Missing","8349960","87360","11427","11","311","15","0","95.58","The Missing"
"Kingdom Rush Frontiers","1439","Kingdom Rush Frontiers","8345880","90420","14260","4","262","15","0","92.3","Kingdom Rush Frontiers"
"Age of Empires","1440","Age of Empires","8336340","321060","2010","19","444","15","0","25.97","Age of Empires"
"Oculus VR","1441","Oculus VR","8324760","243660","21183","5","972","15","0","34.17","Oculus VR"
"Dream Daddy: A Dad Dating Simulator","1442","Dream Daddy: A Dad Dating Simulator","8298180","589680","10967","31","2605","15","1","14.07","Dream Daddy: A Dad Dating Simulator"
"Dynamite Headdy","1443","Dynamite Headdy","8273160","32520","102086","10","75","15","0","254.4","Dynamite Headdy"
"Warhammer 40,000: Gladius - Relics of War","1444","Warhammer 40,000: Gladius - Relics of War","8270340","201660","3153","48","426","15","0","41.01","Warhammer 40,000: Gladius - Relics of War"
"Crash Bandicoot: Warped","1445","Crash Bandicoot: Warped","8260080","278820","6667","8","839","15","0","29.63","Crash Bandicoot: Warped"
"Full Metal Furies","1446","Full Metal Furies","8258700","244080","30033","16","772","15","0","33.84","Full Metal Furies"
"The Settlers II","1447","The Settlers II","8251260","42780","25574","3","122","15","0","192.88","The Settlers II"
"Uncharted: The Lost Legacy","1448","Uncharted: The Lost Legacy","8233740","564480","9974","10","5279","15","1","14.59","Uncharted: The Lost Legacy"
"Tyranny","1449","Tyranny","8233020","341580","25807","10","982","15","0","24.1","Tyranny"
"Pokémon Sun/Moon","1450","Pokémon Sun/Moon","8228160","844680","3214","13","2950","15","1","9.74","Pokémon Sun/Moon"
"Ninja","1451","Ninja","8211240","374520","1396","27","437","15","0","21.92","Ninja"
"Far Cry","1452","Far Cry","8205540","355920","5165","10","1148","15","0","23.05","Far Cry"
"Assassin's Creed Syndicate","1453","Assassin's Creed Syndicate","8192760","2569320","3304","47","10601","15","4","3.19","Assassin's Creed Syndicate"
"Romance of the Three Kingdoms XI","1454","Romance of the Three Kingdoms XI","8185440","79320","3011","3","57","15","0","103.2","Romance of the Three Kingdoms XI"
"Gothic 3","1455","Gothic 3","8147160","547740","1822","8","736","15","1","14.87","Gothic 3"
"Finding Bigfoot","1456","Finding Bigfoot","8142060","57660","30898","6","382","15","0","141.21","Finding Bigfoot"
"Drag Racing","1457","Drag Racing","8123580","17400","2788","2","24","15","0","466.87","Drag Racing"
"Tales from the Borderlands","1458","Tales from the Borderlands","8109900","1149300","2528","18","3900","15","2","7.06","Tales from the Borderlands"
"Dusk","1459","Dusk","8097180","353520","26539","20","1691","15","0","22.9","Dusk"
"Reality","1460","Reality","8096700","66060","32095","6","173","15","0","122.57","Reality"
"Youtubers Life","1461","Youtubers Life","8079660","360660","7894","10","2231","15","0","22.4","Youtubers Life"
"Mad Games Tycoon","1462","Mad Games Tycoon","8051640","134580","10944","4","499","15","0","59.83","Mad Games Tycoon"
"Ibb & Obb","1463","Ibb & Obb","8040720","166920","24719","6","881","15","0","48.17","Ibb & Obb"
"Lost Castle","1464","Lost Castle","8035440","391020","43674","14","1658","15","0","20.55","Lost Castle"
"Gothic","1465","Gothic","8019180","694620","2218","10","1121","15","1","11.54","Gothic"
"Ancestors Legacy","1466","Ancestors Legacy","8012580","415740","12611","41","1379","15","0","19.27","Ancestors Legacy"
"Bleach Brave Souls","1467","Bleach Brave Souls","8010180","797340","591","22","771","15","1","10.05","Bleach Brave Souls"
"Slender: The Arrival","1468","Slender: The Arrival","8008860","471420","8467","28","5428","15","0","16.99","Slender: The Arrival"
"The Sexy Brutale","1469","The Sexy Brutale","7999500","236940","7741","7","918","15","0","33.76","The Sexy Brutale"
"Last Day of June","1470","Last Day of June","7996920","279960","10259","9","1497","15","0","28.56","Last Day of June"
"Kirby: Super Star Ultra","1471","Kirby: Super Star Ultra","7995240","51720","121714","12","189","15","0","154.59","Kirby: Super Star Ultra"
"Princess Maker 2","1472","Princess Maker 2","7976280","112200","3860","4","363","15","0","71.09","Princess Maker 2"
"Beware","1473","Beware","7973640","31320","29324","7","367","15","0","254.59","Beware"
"Honkai Impact","1474","Honkai Impact","7962780","557580","25582","12","638","15","1","14.28","Honkai Impact"
"Alice: Madness Returns","1475","Alice: Madness Returns","7957500","990480","2365","10","2869","15","1","8.03","Alice: Madness Returns"
"BeamNG.Drive","1476","BeamNG.Drive","7935360","526800","9534","8","3525","15","1","15.06","BeamNG.Drive"
"Just Survive","1477","Just Survive","7907580","1321020","8572","18","3708","15","2","5.99","Just Survive"
"Regular Human Basketball","1478","Regular Human Basketball","7905120","9780","25841","5","72","15","0","808.29","Regular Human Basketball"
"The Legend of Zelda: Oracle of Ages","1479","The Legend of Zelda: Oracle of Ages","7900440","251760","8877","7","375","15","0","31.38","The Legend of Zelda: Oracle of Ages"
"Assassin's Creed II","1480","Assassin's Creed II","7898160","1273980","1371","17","2884","15","2","6.2","Assassin's Creed II"
"Crazy Arcade","1481","Crazy Arcade","7898160","90840","10709","6","420","15","0","86.95","Crazy Arcade"
"Fable II","1482","Fable II","7897980","401880","3505","6","935","15","0","19.65","Fable II"
"Metroid Fusion","1483","Metroid Fusion","7882740","412080","5340","9","880","14","0","19.13","Metroid Fusion"
"FIFA Online 3","1484","FIFA Online 3","7870560","241020","8346","13","944","14","0","32.66","FIFA Online 3"
"Breath of Fire III","1485","Breath of Fire III","7864560","408600","3021","9","333","14","0","19.25","Breath of Fire III"
"Resident Evil: Outbreak - File #2","1486","Resident Evil: Outbreak - File #2","7864140","534540","2794","8","400","14","1","14.71","Resident Evil: Outbreak - File #2"
"Fire Pro Wrestling World","1487","Fire Pro Wrestling World","7856460","1162620","1828","32","1347","14","2","6.76","Fire Pro Wrestling World"
"God of War: Ascension","1488","God of War: Ascension","7850580","192900","8386","9","420","14","0","40.7","God of War: Ascension"
"Hatsune Miku: Project Diva Future Tone","1489","Hatsune Miku: Project Diva Future Tone","7846620","1304580","2000","12","3627","14","2","6.01","Hatsune Miku: Project Diva Future Tone"
"Ratchet: Deadlocked","1490","Ratchet: Deadlocked","7836360","80820","105322","9","140","14","0","96.96","Ratchet: Deadlocked"
"Magical Pop'n","1491","Magical Pop'n","7818660","17040","94463","8","64","14","0","458.84","Magical Pop'n"
"Eternal Darkness: Sanity's Requiem","1492","Eternal Darkness: Sanity's Requiem","7810500","227160","8410","9","472","14","0","34.38","Eternal Darkness: Sanity's Requiem"
"Worms Clan Wars","1493","Worms Clan Wars","7805100","104160","11605","7","610","14","0","74.93","Worms Clan Wars"
"Agar.io","1494","Agar.io","7802700","632940","7849","8","4226","14","1","12.33","Agar.io"
"Lust for Darkness","1495","Lust for Darkness","7801260","118740","6194","20","668","14","0","65.7","Lust for Darkness"
"Akane","1496","Akane","7787640","26100","27103","7","179","14","0","298.38","Akane"
"Monster Rancher 2","1497","Monster Rancher 2","7781760","84360","4546","3","103","14","0","92.24","Monster Rancher 2"
"Silent Hill: Homecoming","1498","Silent Hill: Homecoming","7740540","231780","4204","6","665","14","0","33.4","Silent Hill: Homecoming"
"Mitsume ga Tooru","1499","Mitsume ga Tooru","7726800","5460","99185","11","23","14","0","1415.16","Mitsume ga Tooru"
"X3: Albion Prelude","1500","X3: Albion Prelude","7719900","148680","2436","4","200","14","0","51.92","X3: Albion Prelude"