"","","Game","Watch time","Stream time","Peak viewers","Peak channels","Streamers","Average viewers","Average channels","Average viewer ratio",""
"iCarly","11701","iCarly","39960","4200","60","2","20","0","0","9.51","iCarly"
"Goddess: Primal Chaos","11702","Goddess: Primal Chaos","39960","26520","22","3","53","0","0","1.51","Goddess: Primal Chaos"
"Soccer Manager 2018","11703","Soccer Manager 2018","39960","18420","83","2","81","0","0","2.17","Soccer Manager 2018"
"Final Fantasy XV: A New Empire","11704","Final Fantasy XV: A New Empire","39900","15960","371","2","46","0","0","2.5","Final Fantasy XV: A New Empire"
"Myst Online: Uru Live","11705","Myst Online: Uru Live","39900","15360","17","2","33","0","0","2.6","Myst Online: Uru Live"
"Battle Worlds: Kronos","11706","Battle Worlds: Kronos","39900","2280","265","2","10","0","0","17.5","Battle Worlds: Kronos"
"Paladin's Quest","11707","Paladin's Quest","39900","7980","87","2","21","0","0","5","Paladin's Quest"
"Super Bomberman","11708","Super Bomberman","39900","23040","44","2","87","0","0","1.73","Super Bomberman"
"Sonic Boom","11709","Sonic Boom","39840","3420","526","1","19","0","0","11.65","Sonic Boom"
"Dance Dance Revolution X","11710","Dance Dance Revolution X","39840","4620","66","1","12","0","0","8.62","Dance Dance Revolution X"
"Pan-Pan","11711","Pan-Pan","39840","4740","70","2","35","0","0","8.41","Pan-Pan"
"Mini Ghost","11712","Mini Ghost","39780","4920","82","1","26","0","0","8.09","Mini Ghost"
"Ranma 1/2 : Chougi Ranbu Hen","11713","Ranma 1/2 : Chougi Ranbu Hen","39780","3480","197","1","6","0","0","11.43","Ranma 1/2 : Chougi Ranbu Hen"
"Cosmophony","11714","Cosmophony","39780","1740","246","1","13","0","0","22.86","Cosmophony"
"Astebreed","11715","Astebreed","39720","19680","21","2","103","0","0","2.02","Astebreed"
"Phantasy Star Online Episode III: C.A.R.D. Revolution","11716","Phantasy Star Online Episode III: C.A.R.D. Revolution","39720","8160","207","2","21","0","0","4.87","Phantasy Star Online Episode III: C.A.R.D. Revolution"
"Zoop","11717","Zoop","39720","6060","50","2","12","0","0","6.55","Zoop"
"Princess Debut","11718","Princess Debut","39720","780","215","1","6","0","0","50.92","Princess Debut"
"Diplomacy","11719","Diplomacy","39720","1860","102","1","7","0","0","21.35","Diplomacy"
"Amped 2","11720","Amped 2","39720","1500","171","1","5","0","0","26.48","Amped 2"
"Devastation","11721","Devastation","39720","960","775","1","4","0","0","41.38","Devastation"
"Super Skelemania","11722","Super Skelemania","39720","9900","25","4","22","0","0","4.01","Super Skelemania"
"Final Directive","11723","Final Directive","39660","780","647","1","7","0","0","50.85","Final Directive"
"Waku Waku 7","11724","Waku Waku 7","39660","3000","242","1","27","0","0","13.22","Waku Waku 7"
"Before the Echo","11725","Before the Echo","39660","10680","171","1","42","0","0","3.71","Before the Echo"
"Skylanders Trap Team","11726","Skylanders Trap Team","39660","19800","57","2","62","0","0","2","Skylanders Trap Team"
"Might and Magic: Book I","11727","Might and Magic: Book I","39660","8700","31","1","10","0","0","4.56","Might and Magic: Book I"
"Dance Dance Revolution SuperNOVA 2","11728","Dance Dance Revolution SuperNOVA 2","39600","5100","209","1","20","0","0","7.76","Dance Dance Revolution SuperNOVA 2"
"Oure","11729","Oure","39600","6900","55","1","31","0","0","5.74","Oure"
"Helen's Mysterious Castle","11730","Helen's Mysterious Castle","39540","10020","68","2","27","0","0","3.95","Helen's Mysterious Castle"
"Teddy Floppy Ear","11731","Teddy Floppy Ear","39540","5040","154","1","13","0","0","7.85","Teddy Floppy Ear"
"Nodiatis","11732","Nodiatis","39540","5520","23","1","4","0","0","7.16","Nodiatis"
"Die Hard: Nakatomi Plaza","11733","Die Hard: Nakatomi Plaza","39540","3060","52","1","8","0","0","12.92","Die Hard: Nakatomi Plaza"
"J.J. & Jeff","11734","J.J. & Jeff","39540","2160","295","4","11","0","0","18.31","J.J. & Jeff"
"Dread","11735","Dread","39480","4500","54","2","10","0","0","8.77","Dread"
"Mind's Eye","11736","Mind's Eye","39480","7320","70","2","70","0","0","5.39","Mind's Eye"
"Hiragana Pixel Party","11737","Hiragana Pixel Party","39480","2160","407","1","9","0","0","18.28","Hiragana Pixel Party"
"Hyperspace Dogfights","11738","Hyperspace Dogfights","39480","8880","49","1","11","0","0","4.45","Hyperspace Dogfights"
"Inline","11739","Inline","39420","2220","571","2","21","0","0","17.76","Inline"
"Northbury Grove","11740","Northbury Grove","39360","2340","267","2","19","0","0","16.82","Northbury Grove"
"Art Alive","11741","Art Alive","39360","19980","14","2","52","0","0","1.97","Art Alive"
"Super Dany","11742","Super Dany","39360","300","284","1","2","0","0","131.2","Super Dany"
"1Heart","11743","1Heart","39360","1500","59","1","5","0","0","26.24","1Heart"
"Lilly Looking Through","11744","Lilly Looking Through","39300","3480","96","1","22","0","0","11.29","Lilly Looking Through"
"Command & Conquer 4:  Tiberian Twilight","11745","Command & Conquer 4:  Tiberian Twilight","39300","16080","37","2","92","0","0","2.44","Command & Conquer 4:  Tiberian Twilight"
"Chemist Tycoon","11746","Chemist Tycoon","39300","300","665","1","5","0","0","131","Chemist Tycoon"
"Boom Blox","11747","Boom Blox","39300","1800","68","1","9","0","0","21.83","Boom Blox"
"The Demon Rush","11748","The Demon Rush","39300","1320","176","2","6","0","0","29.77","The Demon Rush"
"Fear Equation","11749","Fear Equation","39300","7500","120","2","33","0","0","5.24","Fear Equation"
"The One We Found","11750","The One We Found","39240","6420","43","4","38","0","0","6.11","The One We Found"
"William Shatner's TekWar","11751","William Shatner's TekWar","39240","2700","118","1","6","0","0","14.53","William Shatner's TekWar"
"'n Verlore Verstand","11752","'n Verlore Verstand","39240","6720","121","2","27","0","0","5.84","'n Verlore Verstand"
"GraalOnline Classic","11753","GraalOnline Classic","39240","12060","125","2","42","0","0","3.25","GraalOnline Classic"
"Huge Bang Bang","11754","Huge Bang Bang","39240","4980","115","12","18","0","0","7.88","Huge Bang Bang"
"Darwinia","11755","Darwinia","39240","4320","551","1","26","0","0","9.08","Darwinia"
"Star Trek: Deep Space Nine - Harbinger","11756","Star Trek: Deep Space Nine - Harbinger","39240","1200","62","1","2","0","0","32.7","Star Trek: Deep Space Nine - Harbinger"
"Super Robot Wars Alpha 2","11757","Super Robot Wars Alpha 2","39240","9960","23","1","7","0","0","3.94","Super Robot Wars Alpha 2"
"OlliOlli 2: Welcome to OlliWood","11758","OlliOlli 2: Welcome to OlliWood","39240","13200","47","2","190","0","0","2.97","OlliOlli 2: Welcome to OlliWood"
"Madden NFL 07","11759","Madden NFL 07","39180","6600","268","2","16","0","0","5.94","Madden NFL 07"
"Foldit","11760","Foldit","39180","10200","129","1","5","0","0","3.84","Foldit"
"Festival","11761","Festival","39180","5220","104","2","16","0","0","7.51","Festival"
"Speed Racer: The Videogame","11762","Speed Racer: The Videogame","39180","720","364","1","8","0","0","54.42","Speed Racer: The Videogame"
"Stern Pinball Arcade","11763","Stern Pinball Arcade","39180","35400","119","2","104","0","0","1.11","Stern Pinball Arcade"
"Jack Nicklaus Golf","11764","Jack Nicklaus Golf","39180","2520","95","1","12","0","0","15.55","Jack Nicklaus Golf"
"Trackday Manager","11765","Trackday Manager","39180","540","191","1","3","0","0","72.56","Trackday Manager"
"TransOcean 2: Rivals","11766","TransOcean 2: Rivals","39180","3720","97","1","16","0","0","10.53","TransOcean 2: Rivals"
"Astral Traveler","11767","Astral Traveler","39120","480","307","1","8","0","0","81.5","Astral Traveler"
"Roy of the Rovers","11768","Roy of the Rovers","39120","1140","336","1","5","0","0","34.32","Roy of the Rovers"
"Star Trek: Bridge Commander","11769","Star Trek: Bridge Commander","39120","8160","84","2","45","0","0","4.79","Star Trek: Bridge Commander"
"Super Magnetic Neo","11770","Super Magnetic Neo","39120","3960","71","1","6","0","0","9.88","Super Magnetic Neo"
"Super Bonk","11771","Super Bonk","39120","6720","120","1","28","0","0","5.82","Super Bonk"
"Zombeer","11772","Zombeer","39120","6720","80","2","38","0","0","5.82","Zombeer"
"FIFA Soccer 08","11773","FIFA Soccer 08","39120","2820","600","1","20","0","0","13.87","FIFA Soccer 08"
"Charlie's Angels","11774","Charlie's Angels","39060","1560","298","1","15","0","0","25.04","Charlie's Angels"
"Black Rose Valkyrie","11775","Black Rose Valkyrie","39060","15540","60","2","63","0","0","2.51","Black Rose Valkyrie"
"New Super Hook Girl","11776","New Super Hook Girl","39060","6240","89","1","29","0","0","6.26","New Super Hook Girl"
"Ninja Up","11777","Ninja Up","39000","10260","33","2","8","0","0","3.8","Ninja Up"
"A-Tech Cybernetic","11778","A-Tech Cybernetic","39000","11340","102","2","67","0","0","3.44","A-Tech Cybernetic"
"Maken X","11779","Maken X","39000","8160","70","2","20","0","0","4.78","Maken X"
"Digimon World Data Squad","11780","Digimon World Data Squad","39000","5580","62","1","21","0","0","6.99","Digimon World Data Squad"
"Donkey Kong Jr.","11781","Donkey Kong Jr.","39000","7320","346","1","22","0","0","5.33","Donkey Kong Jr."
"Torneko no Daibouken: Fushigi no Dungeon","11782","Torneko no Daibouken: Fushigi no Dungeon","39000","11940","55","2","18","0","0","3.27","Torneko no Daibouken: Fushigi no Dungeon"
"DK: King of Swing","11783","DK: King of Swing","38940","10320","66","4","16","0","0","3.77","DK: King of Swing"
"NeverDead","11784","NeverDead","38940","9660","25","2","21","0","0","4.03","NeverDead"
"Buzz! Quiz TV","11785","Buzz! Quiz TV","38940","480","446","1","6","0","0","81.13","Buzz! Quiz TV"
"World Heroes Perfect","11786","World Heroes Perfect","38940","2640","228","1","15","0","0","14.75","World Heroes Perfect"
"Virtua Fighter Kids","11787","Virtua Fighter Kids","38940","780","344","1","6","0","0","49.92","Virtua Fighter Kids"
"Zup! Zero","11788","Zup! Zero","38940","1380","338","1","16","0","0","28.22","Zup! Zero"
"Fiesta Online","11789","Fiesta Online","38880","10800","30","3","30","0","0","3.6","Fiesta Online"
"Fingerbones","11790","Fingerbones","38880","7560","212","1","72","0","0","5.14","Fingerbones"
"Walt Disney's The Jungle Book: Rhythm n' Groove","11791","Walt Disney's The Jungle Book: Rhythm n' Groove","38880","720","269","1","5","0","0","54","Walt Disney's The Jungle Book: Rhythm n' Groove"
"MegaSphere","11792","MegaSphere","38880","4440","126","1","20","0","0","8.76","MegaSphere"
"Crookz: The Big Heist","11793","Crookz: The Big Heist","38880","7800","29","1","18","0","0","4.98","Crookz: The Big Heist"
"Vanguard Bandits","11794","Vanguard Bandits","38880","18060","50","2","31","0","0","2.15","Vanguard Bandits"
"Calling","11795","Calling","38820","5940","59","1","17","0","0","6.54","Calling"
"Dynamite Cop!","11796","Dynamite Cop!","38820","7980","96","1","21","0","0","4.86","Dynamite Cop!"
"Scooby-Doo! Unmasked","11797","Scooby-Doo! Unmasked","38820","25320","28","3","36","0","0","1.53","Scooby-Doo! Unmasked"
"Boxxle","11798","Boxxle","38820","2040","220","1","2","0","0","19.03","Boxxle"
"Nexuiz","11799","Nexuiz","38760","46740","20","3","134","0","0","0.83","Nexuiz"
"Bloody Roar 3","11800","Bloody Roar 3","38760","7200","32","1","24","0","0","5.38","Bloody Roar 3"