"","","Game","Watch time","Stream time","Peak viewers","Peak channels","Streamers","Average viewers","Average channels","Average viewer ratio",""
"The Incredible Crash Dummies","8501","The Incredible Crash Dummies","124080","3480","1005","1","13","0","0","35.66","The Incredible Crash Dummies"
"Vivisector: Beast Within","8502","Vivisector: Beast Within","124020","6360","325","1","20","0","0","19.5","Vivisector: Beast Within"
"The Temple of Elemental Evil: A Classic Greyhawk Adventure","8503","The Temple of Elemental Evil: A Classic Greyhawk Adventure","123960","25680","136","2","41","0","0","4.83","The Temple of Elemental Evil: A Classic Greyhawk Adventure"
"Spelunker","8504","Spelunker","123840","12420","1291","2","61","0","0","9.97","Spelunker"
"Sam & Max Episode 205: What's New, Beelzebub?","8505","Sam & Max Episode 205: What's New, Beelzebub?","123840","4200","1421","1","14","0","0","29.49","Sam & Max Episode 205: What's New, Beelzebub?"
"Omega Labyrinth Z","8506","Omega Labyrinth Z","123780","15180","304","2","30","0","0","8.15","Omega Labyrinth Z"
"Oddworld: Munch's Oddysee","8507","Oddworld: Munch's Oddysee","123660","32460","122","2","128","0","0","3.81","Oddworld: Munch's Oddysee"
"Hadean Lands","8508","Hadean Lands","123600","2700","216","2","5","0","0","45.78","Hadean Lands"
"Persona Q2","8509","Persona Q2","123540","13020","54","3","14","0","0","9.49","Persona Q2"
"Levantera: Tale of the Winds","8510","Levantera: Tale of the Winds","123480","1500","1764","1","8","0","0","82.32","Levantera: Tale of the Winds"
"Jimmy Neutron: Boy Genius","8511","Jimmy Neutron: Boy Genius","123480","8640","278","2","42","0","0","14.29","Jimmy Neutron: Boy Genius"
"Pokémon Puzzle Challenge","8512","Pokémon Puzzle Challenge","123420","27060","133","5","61","0","0","4.56","Pokémon Puzzle Challenge"
"Child of Eden","8513","Child of Eden","123300","18000","825","1","74","0","0","6.85","Child of Eden"
"SINoALICE","8514","SINoALICE","123300","19260","126","3","66","0","0","6.4","SINoALICE"
"Castlevania II: Belmont's Revenge","8515","Castlevania II: Belmont's Revenge","123240","18180","76","2","49","0","0","6.78","Castlevania II: Belmont's Revenge"
"Virtua Tennis","8516","Virtua Tennis","123240","7080","1366","1","45","0","0","17.41","Virtua Tennis"
"Armikrog","8517","Armikrog","123180","24120","64","2","115","0","0","5.11","Armikrog"
"The Horus Heresy: Legions","8518","The Horus Heresy: Legions","123120","11340","294","2","18","0","0","10.86","The Horus Heresy: Legions"
"Anamorphine","8519","Anamorphine","123060","7380","567","4","46","0","0","16.67","Anamorphine"
"Sonic Rush","8520","Sonic Rush","123000","18000","183","2","62","0","0","6.83","Sonic Rush"
"Mario's Super Picross","8521","Mario's Super Picross","122880","5700","110","1","15","0","0","21.56","Mario's Super Picross"
"The Settlers: Rise of an Empire","8522","The Settlers: Rise of an Empire","122880","20760","187","2","60","0","0","5.92","The Settlers: Rise of an Empire"
"DTXMania XG","8523","DTXMania XG","122880","37020","29","2","23","0","0","3.32","DTXMania XG"
"Kirby and the Rainbow Curse","8524","Kirby and the Rainbow Curse","122820","12780","161","2","45","0","0","9.61","Kirby and the Rainbow Curse"
"Bejeweled Blitz","8525","Bejeweled Blitz","122760","10320","2033","1","11","0","0","11.9","Bejeweled Blitz"
"P.O.W.: Prisoners of War","8526","P.O.W.: Prisoners of War","122760","1560","397","1","6","0","0","78.69","P.O.W.: Prisoners of War"
"High School Musical 3: Senior Year","8527","High School Musical 3: Senior Year","122700","1020","1127","1","10","0","0","120.29","High School Musical 3: Senior Year"
"A New Beginning","8528","A New Beginning","122700","28920","63","2","61","0","0","4.24","A New Beginning"
"Shiren the Wanderer","8529","Shiren the Wanderer","122700","33060","60","2","28","0","0","3.71","Shiren the Wanderer"
"Puzzle","8530","Puzzle","122700","33120","129","3","178","0","0","3.7","Puzzle"
"Emergency 2016","8531","Emergency 2016","122700","5400","380","2","19","0","0","22.72","Emergency 2016"
"Realm Grinder","8532","Realm Grinder","122640","29880","429","2","148","0","0","4.1","Realm Grinder"
"Putt-Putt Goes to the Moon","8533","Putt-Putt Goes to the Moon","122640","12180","389","2","88","0","0","10.07","Putt-Putt Goes to the Moon"
"Star Trek: Judgment Rites","8534","Star Trek: Judgment Rites","122640","4200","149","1","10","0","0","29.2","Star Trek: Judgment Rites"
"Beacon","8535","Beacon","122580","3120","396","1","15","0","0","39.29","Beacon"
"Exorcist Shrine Maiden Miharu: The Licentious Journal of her Captive Violation","8536","Exorcist Shrine Maiden Miharu: The Licentious Journal of her Captive Violation","122520","840","769","1","5","0","0","145.86","Exorcist Shrine Maiden Miharu: The Licentious Journal of her Captive Violation"
"Now You See It","8537","Now You See It","122520","300","480","1","1","0","0","408.4","Now You See It"
"Time Carnage","8538","Time Carnage","122460","1500","1056","1","15","0","0","81.64","Time Carnage"
"The House of the Dead 2","8539","The House of the Dead 2","122400","12300","617","2","97","0","0","9.95","The House of the Dead 2"
"Pickers","8540","Pickers","122340","4260","245","1","7","0","0","28.72","Pickers"
"Inspector Gadget","8541","Inspector Gadget","122280","2580","965","1","14","0","0","47.4","Inspector Gadget"
"Receiver","8542","Receiver","122280","21720","423","2","158","0","0","5.63","Receiver"
"Hunted: The Demon's Forge","8543","Hunted: The Demon's Forge","122160","41580","55","2","122","0","0","2.94","Hunted: The Demon's Forge"
"Back to the Future: The Game - Episode 4: Double Visions","8544","Back to the Future: The Game - Episode 4: Double Visions","122160","15900","105","2","68","0","0","7.68","Back to the Future: The Game - Episode 4: Double Visions"
"Gem Smashers","8545","Gem Smashers","122160","900","1029","1","6","0","0","135.73","Gem Smashers"
"Startopia","8546","Startopia","122100","15720","211","2","49","0","0","7.77","Startopia"
"First Strike: Final Hour","8547","First Strike: Final Hour","122100","8100","552","2","54","0","0","15.07","First Strike: Final Hour"
"Heavenly Sword","8548","Heavenly Sword","121980","16020","190","1","51","0","0","7.61","Heavenly Sword"
"Eufloria","8549","Eufloria","121860","7980","581","2","45","0","0","15.27","Eufloria"
"IL-2 Sturmovik: 1946","8550","IL-2 Sturmovik: 1946","121860","21720","432","3","76","0","0","5.61","IL-2 Sturmovik: 1946"
"Candy Crush Saga","8551","Candy Crush Saga","121860","55500","192","3","297","0","0","2.2","Candy Crush Saga"
"Lichdom: Battlemage","8552","Lichdom: Battlemage","121800","57660","58","3","251","0","0","2.11","Lichdom: Battlemage"
"Scrap Garden","8553","Scrap Garden","121800","14400","510","2","71","0","0","8.46","Scrap Garden"
"Tyr: Chains of Valhalla","8554","Tyr: Chains of Valhalla","121740","8340","333","2","61","0","0","14.6","Tyr: Chains of Valhalla"
"NHL 16","8555","NHL 16","121740","100440","106","5","432","0","0","1.21","NHL 16"
"My Little Pony: Power Ponies","8556","My Little Pony: Power Ponies","121680","3000","993","2","20","0","0","40.56","My Little Pony: Power Ponies"
"Okhlos","8557","Okhlos","121680","9660","1464","1","62","0","0","12.6","Okhlos"
"South Park","8558","South Park","121560","45180","142","2","232","0","0","2.69","South Park"
"Drawception","8559","Drawception","121560","13020","500","3","31","0","0","9.34","Drawception"
"O2Jam","8560","O2Jam","121380","46200","73","3","183","0","0","2.63","O2Jam"
"Aladdin's Wonders of the World","8561","Aladdin's Wonders of the World","121380","1260","435","1","8","0","0","96.33","Aladdin's Wonders of the World"
"Angry Video Game Nerd Adventures","8562","Angry Video Game Nerd Adventures","121320","34500","194","2","182","0","0","3.52","Angry Video Game Nerd Adventures"
"Hanako: Honor & Blade","8563","Hanako: Honor & Blade","121320","4380","315","7","32","0","0","27.7","Hanako: Honor & Blade"
"Werewolves Within","8564","Werewolves Within","121260","61620","435","5","226","0","0","1.97","Werewolves Within"
"Crystal City","8565","Crystal City","121200","7080","656","1","37","0","0","17.12","Crystal City"
"Steredenn","8566","Steredenn","121200","48420","229","3","235","0","0","2.5","Steredenn"
"Etrian Odyssey III: The Drowned City","8567","Etrian Odyssey III: The Drowned City","121080","42000","48","2","35","0","0","2.88","Etrian Odyssey III: The Drowned City"
"My Twin Brother Made Me Crossdress As Him and Now I Have to Deal with a Geeky Stalker and a Domme Beauty Who Want Me in a Bind!!","8568","My Twin Brother Made Me Crossdress As Him and Now I Have to Deal with a Geeky Stalker and a Domme Beauty Who Want Me in a Bind!!","121020","22140","446","2","13","0","0","5.47","My Twin Brother Made Me Crossdress As Him and Now I Have to Deal with a Geeky Stalker and a Domme Beauty Who Want Me in a Bind!!"
"Seers Isle","8569","Seers Isle","121020","7860","176","3","35","0","0","15.4","Seers Isle"
"The House of the Dead III","8570","The House of the Dead III","120960","10080","679","2","60","0","0","12","The House of the Dead III"
"Galerians","8571","Galerians","120900","15300","50","2","47","0","0","7.9","Galerians"
"Unearned Bounty","8572","Unearned Bounty","120900","23460","267","5","165","0","0","5.15","Unearned Bounty"
"TinyWar","8573","TinyWar","120840","900","301","1","2","0","0","134.27","TinyWar"
"Bullet Girls","8574","Bullet Girls","120840","3000","1916","1","5","0","0","40.28","Bullet Girls"
"EGG: Elemental Gimmick Gear","8575","EGG: Elemental Gimmick Gear","120780","10020","261","2","9","0","0","12.05","EGG: Elemental Gimmick Gear"
"3D Pinball: Space Cadet","8576","3D Pinball: Space Cadet","120540","22500","197","2","172","0","0","5.36","3D Pinball: Space Cadet"
"Airtone","8577","Airtone","120540","10620","794","4","61","0","0","11.35","Airtone"
"Waltz of the Wizard","8578","Waltz of the Wizard","120420","14460","167","2","135","0","0","8.33","Waltz of the Wizard"
"Estranged: Act 1","8579","Estranged: Act 1","120360","15540","601","2","91","0","0","7.75","Estranged: Act 1"
"Worm.is","8580","Worm.is","120360","16800","68","3","114","0","0","7.16","Worm.is"
"Beatbuddy: Tale of the Guardians","8581","Beatbuddy: Tale of the Guardians","120360","12240","337","2","66","0","0","9.83","Beatbuddy: Tale of the Guardians"
"UFC 2009 Undisputed","8582","UFC 2009 Undisputed","120300","5940","426","3","28","0","0","20.25","UFC 2009 Undisputed"
"Contraption Maker","8583","Contraption Maker","120240","12840","119","1","61","0","0","9.36","Contraption Maker"
"Tavern Tycoon","8584","Tavern Tycoon","120240","21720","313","2","68","0","0","5.54","Tavern Tycoon"
"Akinator","8585","Akinator","120120","11460","1171","2","128","0","0","10.48","Akinator"
"Escape Goat 2","8586","Escape Goat 2","120060","18180","672","2","36","0","0","6.6","Escape Goat 2"
"SpellForce: The Breath of Winter","8587","SpellForce: The Breath of Winter","120060","7380","186","2","10","0","0","16.27","SpellForce: The Breath of Winter"
"Schoolgirl Strikers: Twinkle Melodies","8588","Schoolgirl Strikers: Twinkle Melodies","120000","9960","70","2","9","0","0","12.05","Schoolgirl Strikers: Twinkle Melodies"
"Rayman Brain Games","8589","Rayman Brain Games","119880","1800","261","1","7","0","0","66.6","Rayman Brain Games"
"Miner Meltdown","8590","Miner Meltdown","119820","1320","636","2","14","0","0","90.77","Miner Meltdown"
"Willy-Nilly Knight","8591","Willy-Nilly Knight","119760","8880","1341","2","30","0","0","13.49","Willy-Nilly Knight"
"Sam & Max Save the World","8592","Sam & Max Save the World","119760","24120","57","2","69","0","0","4.97","Sam & Max Save the World"
"The Hong Kong Massacre","8593","The Hong Kong Massacre","119700","1080","529","1","8","0","0","110.83","The Hong Kong Massacre"
"Furious Seas","8594","Furious Seas","119580","2400","1594","2","23","0","0","49.83","Furious Seas"
"Pivot Pilot","8595","Pivot Pilot","119520","840","615","1","7","0","0","142.29","Pivot Pilot"
"Regalia: Of Men and Monarchs","8596","Regalia: Of Men and Monarchs","119460","31920","163","3","50","0","0","3.74","Regalia: Of Men and Monarchs"
"M.U.S.H.A.","8597","M.U.S.H.A.","119460","3000","1876","1","15","0","0","39.82","M.U.S.H.A."
"Spyro Orange: The Cortex Conspiracy","8598","Spyro Orange: The Cortex Conspiracy","119400","4860","107","1","13","0","0","24.57","Spyro Orange: The Cortex Conspiracy"
"Hello Kitty Online","8599","Hello Kitty Online","119400","28800","810","3","82","0","0","4.15","Hello Kitty Online"
"Pirates, Vikings and Knights II","8600","Pirates, Vikings and Knights II","119400","48420","890","4","153","0","0","2.47","Pirates, Vikings and Knights II"