"","","Game","Watch time","Stream time","Peak viewers","Peak channels","Streamers","Average viewers","Average channels","Average viewer ratio",""
"Castlevania III: Dracula's Curse","2501","Castlevania III: Dracula's Curse","2937420","167580","7137","6","406","5","0","17.53","Castlevania III: Dracula's Curse"
"Witchkin","2502","Witchkin","2936160","18780","9625","2","119","5","0","156.35","Witchkin"
"Monster Rancher","2503","Monster Rancher","2936040","21060","9179","2","29","5","0","139.41","Monster Rancher"
"Happy Wheels","2504","Happy Wheels","2935260","111120","10389","3","1001","5","0","26.42","Happy Wheels"
"Astro Bot Rescue Mission","2505","Astro Bot Rescue Mission","2934180","90180","3722","9","965","5","0","32.54","Astro Bot Rescue Mission"
"LSD","2506","LSD","2928960","32520","34081","4","132","5","0","90.07","LSD"
"Overlord","2507","Overlord","2928000","222300","3346","6","684","5","0","13.17","Overlord"
"Battleborn","2508","Battleborn","2927520","579360","474","14","1239","5","1","5.05","Battleborn"
"Gregory Horror Show","2509","Gregory Horror Show","2926260","18360","3357","2","48","5","0","159.38","Gregory Horror Show"
"Metal Gear 2: Solid Snake","2510","Metal Gear 2: Solid Snake","2923980","52140","6409","3","95","5","0","56.08","Metal Gear 2: Solid Snake"
"eSports Legend","2511","eSports Legend","2922060","30960","1380","5","111","5","0","94.38","eSports Legend"
"Dragon Cliff","2512","Dragon Cliff","2918640","145020","29011","14","215","5","0","20.13","Dragon Cliff"
"Tennis World Tour","2513","Tennis World Tour","2916660","269760","9579","22","762","5","0","10.81","Tennis World Tour"
"Card Games","2514","Card Games","2911620","131880","1176","5","327","5","0","22.08","Card Games"
"Beast of Bermuda","2515","Beast of Bermuda","2907360","42780","23664","16","81","5","0","67.96","Beast of Bermuda"
"Flash","2516","Flash","2906820","133680","5133","4","391","5","0","21.74","Flash"
"ShadowSide","2517","ShadowSide","2901840","28980","27504","7","130","5","0","100.13","ShadowSide"
"Hero Academy 2","2518","Hero Academy 2","2899020","67380","10833","4","132","5","0","43.02","Hero Academy 2"
"Iratus: Lord of the Dead","2519","Iratus: Lord of the Dead","2896440","50820","2078","10","186","5","0","56.99","Iratus: Lord of the Dead"
"Streets of Rogue","2520","Streets of Rogue","2893080","332940","1620","15","1655","5","0","8.69","Streets of Rogue"
"Golf Story","2521","Golf Story","2889420","151140","1200","4","435","5","0","19.12","Golf Story"
"Dr GreenStuff","2522","Dr GreenStuff","2888880","30120","1683","6","61","5","0","95.91","Dr GreenStuff"
"Five Nights at Freddy's: Sister Location","2523","Five Nights at Freddy's: Sister Location","2885820","134940","29815","7","970","5","0","21.39","Five Nights at Freddy's: Sister Location"
"testinggame","2524","testinggame","2885280","3469380","7311","19","10810","5","6","0.83","testinggame"
"Valkyrie Profile: Covenant of the Plume","2525","Valkyrie Profile: Covenant of the Plume","2881920","16980","19148","5","28","5","0","169.72","Valkyrie Profile: Covenant of the Plume"
"Pantheon: Rise of the Fallen","2526","Pantheon: Rise of the Fallen","2879640","15000","10510","7","31","5","0","191.98","Pantheon: Rise of the Fallen"
"Professor Layton and the Unwound Future","2527","Professor Layton and the Unwound Future","2878500","55500","1960","3","91","5","0","51.86","Professor Layton and the Unwound Future"
"Destroy All Humans!","2528","Destroy All Humans!","2875680","148260","13132","5","888","5","0","19.4","Destroy All Humans!"
"Zombie Army Trilogy","2529","Zombie Army Trilogy","2875200","864180","1611","19","4855","5","1","3.33","Zombie Army Trilogy"
"Yet Another Zombie Defense HD","2530","Yet Another Zombie Defense HD","2872560","57480","12388","6","343","5","0","49.97","Yet Another Zombie Defense HD"
"Board Game Classics","2531","Board Game Classics","2871900","4500","8295","3","18","5","0","638.2","Board Game Classics"
"Black Mirror","2532","Black Mirror","2871420","119940","2395","4","414","5","0","23.94","Black Mirror"
"No More Room In Hell","2533","No More Room In Hell","2867760","321900","4114","8","2099","5","0","8.91","No More Room In Hell"
"Eiyuu Densetsu: Sen no Kiseki IV","2534","Eiyuu Densetsu: Sen no Kiseki IV","2866140","256740","329","21","74","5","0","11.16","Eiyuu Densetsu: Sen no Kiseki IV"
"Trailblazers","2535","Trailblazers","2861700","16680","22446","8","135","5","0","171.56","Trailblazers"
"Lineage: The Blood Pledge","2536","Lineage: The Blood Pledge","2861400","322740","2759","7","126","5","0","8.87","Lineage: The Blood Pledge"
"The Legend of Heroes: Trails of Cold Steel III","2537","The Legend of Heroes: Trails of Cold Steel III","2859660","212760","1302","9","91","5","0","13.44","The Legend of Heroes: Trails of Cold Steel III"
"Ryse: Son of Rome","2538","Ryse: Son of Rome","2857320","601680","1048","14","3237","5","1","4.75","Ryse: Son of Rome"
"The Lord of the Rings: The Battle for Middle-earth","2539","The Lord of the Rings: The Battle for Middle-earth","2854980","221520","962","5","359","5","0","12.89","The Lord of the Rings: The Battle for Middle-earth"
"The Subject","2540","The Subject","2852520","14160","8019","7","71","5","0","201.45","The Subject"
"Ratatouille","2541","Ratatouille","2838000","83160","6964","5","106","5","0","34.13","Ratatouille"
"Megaton Rainfall","2542","Megaton Rainfall","2837520","99780","6255","7","748","5","0","28.44","Megaton Rainfall"
"The Darkness II","2543","The Darkness II","2835840","595740","1469","60","3019","5","1","4.76","The Darkness II"
"Crawl","2544","Crawl","2831940","88560","6713","4","593","5","0","31.98","Crawl"
"Ash of Gods","2545","Ash of Gods","2823840","163920","5255","17","485","5","0","17.23","Ash of Gods"
"Dungeon Warfare 2","2546","Dungeon Warfare 2","2820840","41340","2916","5","113","5","0","68.24","Dungeon Warfare 2"
"The Mean Greens: Plastic Warfare","2547","The Mean Greens: Plastic Warfare","2820780","59400","25099","9","319","5","0","47.49","The Mean Greens: Plastic Warfare"
"Hellion","2548","Hellion","2816340","464880","2598","15","618","5","0","6.06","Hellion"
"Gunstar Super Heroes","2549","Gunstar Super Heroes","2815320","4260","69174","7","27","5","0","660.87","Gunstar Super Heroes"
"Aliens: Colonial Marines","2550","Aliens: Colonial Marines","2799780","149820","3675","5","575","5","0","18.69","Aliens: Colonial Marines"
"Destiny Child","2551","Destiny Child","2798520","197760","4816","11","389","5","0","14.15","Destiny Child"
"Deponia Doomsday","2552","Deponia Doomsday","2798340","163980","4079","6","423","5","0","17.07","Deponia Doomsday"
"The Escapists","2553","The Escapists","2794380","289860","3468","6","2168","5","0","9.64","The Escapists"
"FIFA Mobile","2554","FIFA Mobile","2794320","251700","5778","11","1225","5","0","11.1","FIFA Mobile"
"Winnie the Pooh's Home Run Derby!","2555","Winnie the Pooh's Home Run Derby!","2788380","30840","6717","3","160","5","0","90.41","Winnie the Pooh's Home Run Derby!"
"Kynseed","2556","Kynseed","2788260","90540","18442","24","519","5","0","30.8","Kynseed"
"Shadow the Hedgehog","2557","Shadow the Hedgehog","2788200","154860","1322","5","443","5","0","18","Shadow the Hedgehog"
"Daemon_9","2558","Daemon_9","2787960","7380","12255","3","42","5","0","377.77","Daemon_9"
"Super Hexagon","2559","Super Hexagon","2784600","155040","18896","4","1190","5","0","17.96","Super Hexagon"
"Hue","2560","Hue","2781360","300720","7655","15","1539","5","0","9.25","Hue"
"Aragami","2561","Aragami","2781060","423060","4555","15","2148","5","0","6.57","Aragami"
"Command & Conquer: Rivals","2562","Command & Conquer: Rivals","2779800","105720","6845","8","201","5","0","26.29","Command & Conquer: Rivals"
"Cookie Run","2563","Cookie Run","2779440","2160","8117","1","15","5","0","1286.78","Cookie Run"
"Professor Layton and the Last Specter","2564","Professor Layton and the Last Specter","2778480","29340","2755","2","54","5","0","94.7","Professor Layton and the Last Specter"
"Might & Magic X Legacy","2565","Might & Magic X Legacy","2775000","65880","377","2","76","5","0","42.12","Might & Magic X Legacy"
"Full Throttle","2566","Full Throttle","2772600","106620","4342","4","463","5","0","26","Full Throttle"
"Yomawari","2567","Yomawari","2771280","173280","3321","9","732","5","0","15.99","Yomawari"
"Never Again","2568","Never Again","2768280","38160","4581","3","217","5","0","72.54","Never Again"
"Depraved","2569","Depraved","2768280","59760","25930","9","172","5","0","46.32","Depraved"
"Welcome","2570","Welcome","2767740","5460","25863","2","45","5","0","506.91","Welcome"
"Please, Don't Touch Anything","2571","Please, Don't Touch Anything","2766420","45000","4749","3","304","5","0","61.48","Please, Don't Touch Anything"
"Moss","2572","Moss","2763600","185160","6716","15","1017","5","0","14.93","Moss"
"Stoneshard","2573","Stoneshard","2761020","59640","25382","6","519","5","0","46.29","Stoneshard"
"OCTGN","2574","OCTGN","2760000","142140","206","5","109","5","0","19.42","OCTGN"
"Shadows 2: Perfidia","2575","Shadows 2: Perfidia","2757840","24720","12782","4","135","5","0","111.56","Shadows 2: Perfidia"
"Dragon Quest Rivals","2576","Dragon Quest Rivals","2757240","152820","1601","6","187","5","0","18.04","Dragon Quest Rivals"
"Alien Swarm: Reactive Drop","2577","Alien Swarm: Reactive Drop","2755800","237840","7586","8","1476","5","0","11.59","Alien Swarm: Reactive Drop"
"Phantasy Star Online Episode I & II","2578","Phantasy Star Online Episode I & II","2754300","175680","698","5","231","5","0","15.68","Phantasy Star Online Episode I & II"
"Pure Farming 2018","2579","Pure Farming 2018","2753220","365400","758","42","759","5","0","7.53","Pure Farming 2018"
"Siren: Blood Curse","2580","Siren: Blood Curse","2750760","28260","3566","3","81","5","0","97.34","Siren: Blood Curse"
"UnEpic","2581","UnEpic","2749500","212820","6051","4","589","5","0","12.92","UnEpic"
"Digimon Masters","2582","Digimon Masters","2744340","567240","662","9","835","5","1","4.84","Digimon Masters"
"Monster Energy Supercross: The Official Videogame","2583","Monster Energy Supercross: The Official Videogame","2744220","297900","2408","26","2238","5","0","9.21","Monster Energy Supercross: The Official Videogame"
"Pro Cycling Manager 2018","2584","Pro Cycling Manager 2018","2743200","84000","525","7","127","5","0","32.66","Pro Cycling Manager 2018"
"Snipperclips: Cut It Out, Together!","2585","Snipperclips: Cut It Out, Together!","2740800","63600","6229","3","361","5","0","43.09","Snipperclips: Cut It Out, Together!"
"Mario Tennis","2586","Mario Tennis","2737920","65460","5158","3","280","5","0","41.83","Mario Tennis"
"Monster Hunter 4 Ultimate","2587","Monster Hunter 4 Ultimate","2733360","246720","705","6","212","5","0","11.08","Monster Hunter 4 Ultimate"
"Gigantic","2588","Gigantic","2728200","442500","469","15","1078","5","0","6.17","Gigantic"
"Sonic Advance","2589","Sonic Advance","2723100","25020","42237","4","146","5","0","108.84","Sonic Advance"
"Lara Croft Tomb Raider: Anniversary","2590","Lara Croft Tomb Raider: Anniversary","2720220","287940","10768","6","758","5","0","9.45","Lara Croft Tomb Raider: Anniversary"
"The Gardens Between","2591","The Gardens Between","2717700","60420","19372","11","433","5","0","44.98","The Gardens Between"
"Heavy Fire: Red Shadow","2592","Heavy Fire: Red Shadow","2712540","7500","3797","2","22","5","0","361.67","Heavy Fire: Red Shadow"
"Swapper Tiles","2593","Swapper Tiles","2712360","1320","7602","2","3","5","0","2054.82","Swapper Tiles"
"OMSI 2","2594","OMSI 2","2711940","408540","1640","9","936","5","0","6.64","OMSI 2"
"Ace of Seafood","2595","Ace of Seafood","2711460","28620","12157","2","154","5","0","94.74","Ace of Seafood"
"Christmas NiGHTS into Dreams...","2596","Christmas NiGHTS into Dreams...","2711340","5280","11356","4","39","5","0","513.51","Christmas NiGHTS into Dreams..."
"Dino Crisis 2","2597","Dino Crisis 2","2708400","122280","797","4","378","5","0","22.15","Dino Crisis 2"
"Cyberdimension Neptunia: 4 Goddesses Online","2598","Cyberdimension Neptunia: 4 Goddesses Online","2698200","510180","3309","36","1468","5","0","5.29","Cyberdimension Neptunia: 4 Goddesses Online"
"Paratopic","2599","Paratopic","2696640","15060","17556","2","125","5","0","179.06","Paratopic"
"Super Pillow Fight","2600","Super Pillow Fight","2695560","600","22370","2","10","5","0","4492.6","Super Pillow Fight"