"","","Game","Watch time","Stream time","Peak viewers","Peak channels","Streamers","Average viewers","Average channels","Average viewer ratio",""
"Dead Maze","3401","Dead Maze","1483200","387780","4257","25","1191","2","0","3.82","Dead Maze"
"ActRaiser 2","3402","ActRaiser 2","1481340","31860","576","15","88","2","0","46.5","ActRaiser 2"
"Rise of Agon","3403","Rise of Agon","1477860","201420","157","12","137","2","0","7.34","Rise of Agon"
"Yoshi's Island DS","3404","Yoshi's Island DS","1477500","23880","3928","4","54","2","0","61.87","Yoshi's Island DS"
"Floor Kids","3405","Floor Kids","1476840","20340","13272","3","143","2","0","72.61","Floor Kids"
"Wario Land 3","3406","Wario Land 3","1473900","60660","6871","3","74","2","0","24.3","Wario Land 3"
"Milanoir","3407","Milanoir","1473120","12480","9865","3","69","2","0","118.04","Milanoir"
"Gravity Rush","3408","Gravity Rush","1471860","225720","888","6","1244","2","0","6.52","Gravity Rush"
"Myst","3409","Myst","1471620","60000","2627","3","204","2","0","24.53","Myst"
"NightCry","3410","NightCry","1470660","36180","1627","3","79","2","0","40.65","NightCry"
"Driver: Parallel Lines","3411","Driver: Parallel Lines","1469280","21180","5238","2","72","2","0","69.37","Driver: Parallel Lines"
"Sylvio 2","3412","Sylvio 2","1468680","4680","21171","1","16","2","0","313.82","Sylvio 2"
"Shadowrun: Dragonfall - Director's Cut","3413","Shadowrun: Dragonfall - Director's Cut","1467120","212400","406","5","372","2","0","6.91","Shadowrun: Dragonfall - Director's Cut"
"Pirates of the Caribbean Online","3414","Pirates of the Caribbean Online","1467000","137220","3509","5","362","2","0","10.69","Pirates of the Caribbean Online"
"SPINTIRES","3415","SPINTIRES","1465920","322860","6561","6","1682","2","0","4.54","SPINTIRES"
"Disciples II: Dark Prophecy","3416","Disciples II: Dark Prophecy","1465620","54120","498","2","58","2","0","27.08","Disciples II: Dark Prophecy"
"Devil May Cry 2","3417","Devil May Cry 2","1465560","96900","2164","3","291","2","0","15.12","Devil May Cry 2"
"Sherlock Holmes Consulting Detective: The Case of the Mummy's Curse","3418","Sherlock Holmes Consulting Detective: The Case of the Mummy's Curse","1463520","840","3988","1","7","2","0","1742.29","Sherlock Holmes Consulting Detective: The Case of the Mummy's Curse"
"Killing Floor","3419","Killing Floor","1462620","433200","2243","8","2208","2","0","3.38","Killing Floor"
"Thief: Deadly Shadows","3420","Thief: Deadly Shadows","1462620","80040","4776","3","173","2","0","18.27","Thief: Deadly Shadows"
"Fantasy Grounds","3421","Fantasy Grounds","1461360","455280","284","9","243","2","0","3.21","Fantasy Grounds"
"Clock Tower","3422","Clock Tower","1458420","63840","3244","5","208","2","0","22.84","Clock Tower"
"Yume Penguin Monogatari","3423","Yume Penguin Monogatari","1458240","3300","16011","5","28","2","0","441.89","Yume Penguin Monogatari"
"Videoball","3424","Videoball","1456440","4740","4754","2","20","2","0","307.27","Videoball"
"Cockroach Simulator","3425","Cockroach Simulator","1456380","18540","4897","3","183","2","0","78.55","Cockroach Simulator"
"Marvel Contest of Champions","3426","Marvel Contest of Champions","1455300","317760","183","5","405","2","0","4.58","Marvel Contest of Champions"
"Virtual Casino","3427","Virtual Casino","1455000","115320","5139","20","112","2","0","12.62","Virtual Casino"
"Club Penguin","3428","Club Penguin","1454880","147060","8669","5","815","2","0","9.89","Club Penguin"
"Titan Quest: Ragnarök","3429","Titan Quest: Ragnarök","1454400","314700","238","7","459","2","0","4.62","Titan Quest: Ragnarök"
"SCP-087","3430","SCP-087","1452780","25620","8950","3","239","2","0","56.7","SCP-087"
"Shadowrun","3431","Shadowrun","1450560","217920","746","6","271","2","0","6.66","Shadowrun"
"Dragon's Lair","3432","Dragon's Lair","1449000","27420","3800","2","119","2","0","52.84","Dragon's Lair"
"D4: Dark Dreams Don't Die","3433","D4: Dark Dreams Don't Die","1448700","86280","4707","3","371","2","0","16.79","D4: Dark Dreams Don't Die"
"Disney's Chicken Little","3434","Disney's Chicken Little","1448340","13740","2991","2","55","2","0","105.41","Disney's Chicken Little"
"Dragon Ball Z: Ultimate Battle 22","3435","Dragon Ball Z: Ultimate Battle 22","1446600","1500","8379","1","11","2","0","964.4","Dragon Ball Z: Ultimate Battle 22"
"Manhunt","3436","Manhunt","1444920","191400","3076","5","782","2","0","7.55","Manhunt"
"Malkyrs: Arenas Of Eternity","3437","Malkyrs: Arenas Of Eternity","1443540","28800","7257","2","45","2","0","50.12","Malkyrs: Arenas Of Eternity"
"Bibi Blocksberg: Big Broom Race 3","3438","Bibi Blocksberg: Big Broom Race 3","1440300","300","24053","1","4","2","0","4801","Bibi Blocksberg: Big Broom Race 3"
"Not Without My Poop","3439","Not Without My Poop","1436460","4980","22952","2","40","2","0","288.45","Not Without My Poop"
"IL-2 Sturmovik: Battle of Stalingrad","3440","IL-2 Sturmovik: Battle of Stalingrad","1435500","351360","292","8","570","2","0","4.09","IL-2 Sturmovik: Battle of Stalingrad"
"Rumu","3441","Rumu","1435440","26640","3982","2","118","2","0","53.88","Rumu"
"Press X to Not Die","3442","Press X to Not Die","1435140","12720","9745","3","143","2","0","112.83","Press X to Not Die"
"Atomic Society","3443","Atomic Society","1434780","27960","2523","5","95","2","0","51.32","Atomic Society"
"The Emulator","3444","The Emulator","1434660","1740","38177","4","22","2","0","824.52","The Emulator"
"Mahjong","3445","Mahjong","1433760","205140","491","4","300","2","0","6.99","Mahjong"
"BattleForge","3446","BattleForge","1432200","134520","1207","7","303","2","0","10.65","BattleForge"
"Persona Q: Shadow of the Labyrinth","3447","Persona Q: Shadow of the Labyrinth","1431660","67500","410","3","80","2","0","21.21","Persona Q: Shadow of the Labyrinth"
"Lockheed Martin: Prepar3D","3448","Lockheed Martin: Prepar3D","1430340","1090560","411","11","845","2","2","1.31","Lockheed Martin: Prepar3D"
"Crazy Taxi","3449","Crazy Taxi","1429620","135360","2322","10","1094","2","0","10.56","Crazy Taxi"
"The Walking Dead: The Telltale Series Collection","3450","The Walking Dead: The Telltale Series Collection","1429200","175380","6063","7","1171","2","0","8.15","The Walking Dead: The Telltale Series Collection"
"Sword Art Online: Memory Defrag","3451","Sword Art Online: Memory Defrag","1428780","242760","116","5","273","2","0","5.89","Sword Art Online: Memory Defrag"
"Dead Island Riptide","3452","Dead Island Riptide","1428180","325620","1118","7","1255","2","0","4.39","Dead Island Riptide"
"Minds Eyes","3453","Minds Eyes","1427580","14820","8146","3","147","2","0","96.33","Minds Eyes"
"Slasher's Keep","3454","Slasher's Keep","1425840","27660","2906","3","135","2","0","51.55","Slasher's Keep"
"Hokuto no Ken","3455","Hokuto no Ken","1424220","6720","3227","2","25","2","0","211.94","Hokuto no Ken"
"Mr. Shifty","3456","Mr. Shifty","1424160","172140","2932","9","1054","2","0","8.27","Mr. Shifty"
"The Painscreek Killings","3457","The Painscreek Killings","1423140","110880","996","4","280","2","0","12.83","The Painscreek Killings"
"Semblance","3458","Semblance","1422000","42600","2724","9","183","2","0","33.38","Semblance"
"Deal or No Deal","3459","Deal or No Deal","1418880","11160","8837","3","70","2","0","127.14","Deal or No Deal"
"Harvest Moon: Light of Hope","3460","Harvest Moon: Light of Hope","1417980","187200","1458","8","399","2","0","7.57","Harvest Moon: Light of Hope"
"Freddy Fazbear's Pizzeria Simulator","3461","Freddy Fazbear's Pizzeria Simulator","1417500","146340","2486","7","1109","2","0","9.69","Freddy Fazbear's Pizzeria Simulator"
"Tomato Way","3462","Tomato Way","1417500","11580","5990","3","90","2","0","122.41","Tomato Way"
"Kahoots","3463","Kahoots","1417440","54300","7416","3","418","2","0","26.1","Kahoots"
"Tom Clancy's Ghost Recon","3464","Tom Clancy's Ghost Recon","1416780","580740","719","19","2735","2","1","2.44","Tom Clancy's Ghost Recon"
"Just Ignore Them","3465","Just Ignore Them","1416600","18120","16522","3","86","2","0","78.18","Just Ignore Them"
"Space Engine","3466","Space Engine","1415700","55560","5762","3","192","2","0","25.48","Space Engine"
"Animal Crossing: City Folk","3467","Animal Crossing: City Folk","1415640","92700","635","6","243","2","0","15.27","Animal Crossing: City Folk"
"WWF SmackDown! 2: Know Your Role","3468","WWF SmackDown! 2: Know Your Role","1415220","13380","2431","1","57","2","0","105.77","WWF SmackDown! 2: Know Your Role"
"Neighbors from Hell","3469","Neighbors from Hell","1415040","18300","2596","3","104","2","0","77.32","Neighbors from Hell"
"Planetarian: The Reverie of a Little Planet","3470","Planetarian: The Reverie of a Little Planet","1413360","7440","5533","2","32","2","0","189.97","Planetarian: The Reverie of a Little Planet"
"Star Wars: Episode I - Racer","3471","Star Wars: Episode I - Racer","1412940","102360","2411","13","474","2","0","13.8","Star Wars: Episode I - Racer"
"Who Must Die","3472","Who Must Die","1411860","2160","9504","2","16","2","0","653.64","Who Must Die"
"Slime-san","3473","Slime-san","1411440","28680","12123","2","128","2","0","49.21","Slime-san"
"Leaving Lyndow","3474","Leaving Lyndow","1411440","4140","14672","3","40","2","0","340.93","Leaving Lyndow"
"Grand Summoners","3475","Grand Summoners","1410720","166080","69","5","111","2","0","8.49","Grand Summoners"
"Judgment","3476","Judgment","1410060","47220","1583","16","108","2","0","29.86","Judgment"
"Tiger Knight","3477","Tiger Knight","1409760","54180","2935","4","206","2","0","26.02","Tiger Knight"
"Professor Layton and the Miracle Mask","3478","Professor Layton and the Miracle Mask","1409220","11940","1262","2","20","2","0","118.03","Professor Layton and the Miracle Mask"
"Out of Gas","3479","Out of Gas","1406760","3540","11130","3","10","2","0","397.39","Out of Gas"
"Stronghold Crusader II","3480","Stronghold Crusader II","1405620","146640","7737","5","584","2","0","9.59","Stronghold Crusader II"
"Steins;Gate 0","3481","Steins;Gate 0","1404540","160080","26018","6","339","2","0","8.77","Steins;Gate 0"
"Jade Empire","3482","Jade Empire","1404000","176940","3413","5","454","2","0","7.93","Jade Empire"
"IMVU","3483","IMVU","1401660","103560","1886","4","345","2","0","13.53","IMVU"
"Framed","3484","Framed","1401360","6780","5036","3","48","2","0","206.69","Framed"
"Castlevania: Dawn of Sorrow","3485","Castlevania: Dawn of Sorrow","1401300","119820","2250","4","222","2","0","11.7","Castlevania: Dawn of Sorrow"
"CLOP","3486","CLOP","1401120","4740","2541","3","30","2","0","295.59","CLOP"
"Return to Castle Wolfenstein","3487","Return to Castle Wolfenstein","1400580","266460","882","5","779","2","0","5.26","Return to Castle Wolfenstein"
"Street Fighter 2010: The Final Fight","3488","Street Fighter 2010: The Final Fight","1396020","6960","6682","1","27","2","0","200.58","Street Fighter 2010: The Final Fight"
"The Typing of the Dead","3489","The Typing of the Dead","1394160","22500","15344","5","125","2","0","61.96","The Typing of the Dead"
"Overlord II","3490","Overlord II","1390680","149340","2591","4","389","2","0","9.31","Overlord II"
"Star Wars: Force Arena","3491","Star Wars: Force Arena","1390560","195540","141","5","139","2","0","7.11","Star Wars: Force Arena"
"Dragon Ball Z: Infinite World","3492","Dragon Ball Z: Infinite World","1389780","15540","1996","2","71","2","0","89.43","Dragon Ball Z: Infinite World"
"Fishing Sim World","3493","Fishing Sim World","1389240","223560","1103","18","511","2","0","6.21","Fishing Sim World"
"Defiance","3494","Defiance","1387980","482520","2588","10","1185","2","0","2.88","Defiance"
"Monster Hunter Frontier Z","3495","Monster Hunter Frontier Z","1385760","319500","113","9","198","2","0","4.34","Monster Hunter Frontier Z"
"Tattletail","3496","Tattletail","1385220","51240","3725","5","379","2","0","27.03","Tattletail"
"Garfield Kart","3497","Garfield Kart","1385220","85140","8283","6","686","2","0","16.27","Garfield Kart"
"BlackOut","3498","BlackOut","1383660","419340","1047","75","1733","2","0","3.3","BlackOut"
"Warhammer 40,000: Dawn of War - Dark Crusade","3499","Warhammer 40,000: Dawn of War - Dark Crusade","1382580","139500","8055","6","450","2","0","9.91","Warhammer 40,000: Dawn of War - Dark Crusade"
"Grandia III","3500","Grandia III","1382040","42180","5239","2","40","2","0","32.77","Grandia III"