"","","Game","Watch time","Stream time","Peak viewers","Peak channels","Streamers","Average viewers","Average channels","Average viewer ratio",""
"Shaiya","9801","Shaiya","76260","37860","117","2","133","0","0","2.01","Shaiya"
"Cool Boarders 2","9802","Cool Boarders 2","76260","3840","294","1","24","0","0","19.86","Cool Boarders 2"
"Motherload","9803","Motherload","76260","7620","316","2","22","0","0","10.01","Motherload"
"Hatred","9804","Hatred","76260","24360","326","2","144","0","0","3.13","Hatred"
"Naruto Gekitou Ninja Taisen 4","9805","Naruto Gekitou Ninja Taisen 4","76200","33360","37","3","45","0","0","2.28","Naruto Gekitou Ninja Taisen 4"
"Wing Commander","9806","Wing Commander","76200","10260","91","1","29","0","0","7.43","Wing Commander"
"Musaic Box","9807","Musaic Box","76200","1200","435","1","8","0","0","63.5","Musaic Box"
"Motocross","9808","Motocross","76200","2820","236","1","4","0","0","27.02","Motocross"
"Dance Central 3","9809","Dance Central 3","76140","9660","344","1","23","0","0","7.88","Dance Central 3"
"One More Dungeon","9810","One More Dungeon","76140","12660","264","2","82","0","0","6.01","One More Dungeon"
"Tekken 4","9811","Tekken 4","76080","19680","146","2","62","0","0","3.87","Tekken 4"
"Yoshi's Island: Super Mario Advance 3","9812","Yoshi's Island: Super Mario Advance 3","76020","23460","98","2","77","0","0","3.24","Yoshi's Island: Super Mario Advance 3"
"Hatsune Miku: Project Mirai DX","9813","Hatsune Miku: Project Mirai DX","76020","11460","51","3","45","0","0","6.63","Hatsune Miku: Project Mirai DX"
"Burnin Rubber","9814","Burnin Rubber","76020","780","783","1","6","0","0","97.46","Burnin Rubber"
"Dragon Ball Z: Sagas","9815","Dragon Ball Z: Sagas","75960","15360","79","2","61","0","0","4.95","Dragon Ball Z: Sagas"
"Insanely Twisted Shadow Planet","9816","Insanely Twisted Shadow Planet","75960","9540","654","2","45","0","0","7.96","Insanely Twisted Shadow Planet"
"Monica e a Guarda dos Coelhos","9817","Monica e a Guarda dos Coelhos","75960","840","887","1","5","0","0","90.43","Monica e a Guarda dos Coelhos"
"Shadow Tower","9818","Shadow Tower","75900","16500","26","2","22","0","0","4.6","Shadow Tower"
"Counter-Strike 2D","9819","Counter-Strike 2D","75840","19500","257","2","89","0","0","3.89","Counter-Strike 2D"
"The Witcher Adventure Game","9820","The Witcher Adventure Game","75840","22680","89","2","96","0","0","3.34","The Witcher Adventure Game"
"Lowrider","9821","Lowrider","75780","720","311","1","3","0","0","105.25","Lowrider"
"Ys I Complete","9822","Ys I Complete","75780","3480","301","2","10","0","0","21.78","Ys I Complete"
"Enola","9823","Enola","75720","5220","1088","1","29","0","0","14.51","Enola"
"Exist Archive: The Other Side of the Sky","9824","Exist Archive: The Other Side of the Sky","75720","24000","31","2","42","0","0","3.16","Exist Archive: The Other Side of the Sky"
"Adventure of Little Ralph","9825","Adventure of Little Ralph","75660","2940","423","4","12","0","0","25.73","Adventure of Little Ralph"
"Stash","9826","Stash","75660","17040","190","4","54","0","0","4.44","Stash"
"Tear Ring Saga: Berwick Saga","9827","Tear Ring Saga: Berwick Saga","75600","6960","163","2","8","0","0","10.86","Tear Ring Saga: Berwick Saga"
"Toren","9828","Toren","75600","14160","71","2","88","0","0","5.34","Toren"
"Varius","9829","Varius","75540","31440","131","2","26","0","0","2.4","Varius"
"The Forgettable Dungeon","9830","The Forgettable Dungeon","75480","660","693","1","3","0","0","114.36","The Forgettable Dungeon"
"Jojo no Kimyou na Bouken","9831","Jojo no Kimyou na Bouken","75480","7680","95","2","57","0","0","9.83","Jojo no Kimyou na Bouken"
"SkyNET","9832","SkyNET","75480","1200","141","1","3","0","0","62.9","SkyNET"
"Blair Witch, Volume III: The Elly Kedward Tale","9833","Blair Witch, Volume III: The Elly Kedward Tale","75420","840","346","1","2","0","0","89.79","Blair Witch, Volume III: The Elly Kedward Tale"
"Nintendo Fan Network","9834","Nintendo Fan Network","75420","13920","168","16","68","0","0","5.42","Nintendo Fan Network"
"Contemp","9835","Contemp","75360","4020","913","1","55","0","0","18.75","Contemp"
"Endless Fables 2: Frozen Path","9836","Endless Fables 2: Frozen Path","75300","3780","392","1","10","0","0","19.92","Endless Fables 2: Frozen Path"
"Mega Man Network Transmission","9837","Mega Man Network Transmission","75300","19500","78","2","50","0","0","3.86","Mega Man Network Transmission"
"Gary Gadget: Building Cars","9838","Gary Gadget: Building Cars","75300","1380","449","1","8","0","0","54.57","Gary Gadget: Building Cars"
"Duck Hunt","9839","Duck Hunt","75300","21540","200","2","72","0","0","3.5","Duck Hunt"
"Style Savvy: Styling Star","9840","Style Savvy: Styling Star","75240","4260","54","1","6","0","0","17.66","Style Savvy: Styling Star"
"El Shaddai: Ascension of the Metatron","9841","El Shaddai: Ascension of the Metatron","75180","8520","78","1","23","0","0","8.82","El Shaddai: Ascension of the Metatron"
"Golf Grand Slam","9842","Golf Grand Slam","75060","780","291","1","3","0","0","96.23","Golf Grand Slam"
"Astro Bears Party","9843","Astro Bears Party","75000","2700","799","1","29","0","0","27.78","Astro Bears Party"
"The Frost","9844","The Frost","74940","5760","320","1","26","0","0","13.01","The Frost"
"Dreamstones","9845","Dreamstones","74940","3360","352","1","11","0","0","22.3","Dreamstones"
"Valkyrie Connect","9846","Valkyrie Connect","74940","22380","31","2","53","0","0","3.35","Valkyrie Connect"
"Gitaroo Man Lives!","9847","Gitaroo Man Lives!","74940","10200","172","2","51","0","0","7.35","Gitaroo Man Lives!"
"Kabuki: Quantum Fighter","9848","Kabuki: Quantum Fighter","74940","9360","202","2","31","0","0","8.01","Kabuki: Quantum Fighter"
"Ecco the Dolphin: Defender of the Future","9849","Ecco the Dolphin: Defender of the Future","74940","10440","276","1","25","0","0","7.18","Ecco the Dolphin: Defender of the Future"
"ESPN Sunday Night NFL","9850","ESPN Sunday Night NFL","74940","6960","358","8","40","0","0","10.77","ESPN Sunday Night NFL"
"The Aquatic Adventure of the Last Human","9851","The Aquatic Adventure of the Last Human","74880","11040","204","4","44","0","0","6.78","The Aquatic Adventure of the Last Human"
"Egypt","9852","Egypt","74880","600","345","1","2","0","0","124.8","Egypt"
"Knight Club","9853","Knight Club","74880","6120","876","3","48","0","0","12.24","Knight Club"
"Modest Kind","9854","Modest Kind","74820","600","1253","1","3","0","0","124.7","Modest Kind"
"Hakuoki: Edo Blossoms","9855","Hakuoki: Edo Blossoms","74760","7500","68","2","19","0","0","9.97","Hakuoki: Edo Blossoms"
"Beat Hazard 2","9856","Beat Hazard 2","74760","20580","76","3","71","0","0","3.63","Beat Hazard 2"
"Nelo","9857","Nelo","74700","6120","514","1","32","0","0","12.21","Nelo"
"Retro Atari Classics","9858","Retro Atari Classics","74700","12960","116","2","34","0","0","5.76","Retro Atari Classics"
"Sam & Max Episode 3: The Mole, the Mob, and the Meatball","9859","Sam & Max Episode 3: The Mole, the Mob, and the Meatball","74700","6360","101","2","43","0","0","11.75","Sam & Max Episode 3: The Mole, the Mob, and the Meatball"
"Unison: Rebels of Rhythm & Dance","9860","Unison: Rebels of Rhythm & Dance","74700","900","283","1","6","0","0","83","Unison: Rebels of Rhythm & Dance"
"Karaoke Revolution Party","9861","Karaoke Revolution Party","74700","1380","683","2","6","0","0","54.13","Karaoke Revolution Party"
"Death to Spies","9862","Death to Spies","74700","11280","177","2","29","0","0","6.62","Death to Spies"
"Bust a Groove 2","9863","Bust a Groove 2","74640","10440","418","2","64","0","0","7.15","Bust a Groove 2"
"Super Dungeon Bros","9864","Super Dungeon Bros","74640","15540","201","3","88","0","0","4.8","Super Dungeon Bros"
"BallisticNG","9865","BallisticNG","74580","32760","98","2","100","0","0","2.28","BallisticNG"
"Mistmare","9866","Mistmare","74520","1140","1158","1","2","0","0","65.37","Mistmare"
"Shin Kidou Senshi Gundam W: Endless Duel","9867","Shin Kidou Senshi Gundam W: Endless Duel","74520","3240","445","2","19","0","0","23","Shin Kidou Senshi Gundam W: Endless Duel"
"Spy Hunter: Nowhere to Run","9868","Spy Hunter: Nowhere to Run","74520","2040","146","1","4","0","0","36.53","Spy Hunter: Nowhere to Run"
"Theatrhythm Final Fantasy: Curtain Call","9869","Theatrhythm Final Fantasy: Curtain Call","74520","10860","300","1","33","0","0","6.86","Theatrhythm Final Fantasy: Curtain Call"
"Art of Fighting","9870","Art of Fighting","74460","3180","616","1","22","0","0","23.42","Art of Fighting"
"Adventure Island III","9871","Adventure Island III","74400","4440","514","1","28","0","0","16.76","Adventure Island III"
"Arc the Lad: Twilight of the Spirits","9872","Arc the Lad: Twilight of the Spirits","74400","25860","23","2","97","0","0","2.88","Arc the Lad: Twilight of the Spirits"
"Sparkle 2","9873","Sparkle 2","74340","57480","23","6","363","0","0","1.29","Sparkle 2"
"Pro Evolution Soccer 2013","9874","Pro Evolution Soccer 2013","74340","32400","139","2","199","0","0","2.29","Pro Evolution Soccer 2013"
"Trivial Pursuit","9875","Trivial Pursuit","74340","11400","109","2","64","0","0","6.52","Trivial Pursuit"
"Beowulf: The Game","9876","Beowulf: The Game","74280","8760","240","2","9","0","0","8.48","Beowulf: The Game"
"Kabuki Klash","9877","Kabuki Klash","74280","1740","380","1","8","0","0","42.69","Kabuki Klash"
"Last Dream","9878","Last Dream","74280","15540","49","2","12","0","0","4.78","Last Dream"
"BursTrick: Wake Boarding!!","9879","BursTrick: Wake Boarding!!","74280","240","466","1","1","0","0","309.5","BursTrick: Wake Boarding!!"
"Tex Murphy: Overseer","9880","Tex Murphy: Overseer","74220","9120","112","1","21","0","0","8.14","Tex Murphy: Overseer"
"Fortix 2","9881","Fortix 2","74160","20100","1395","2","8","0","0","3.69","Fortix 2"
"Hydorah","9882","Hydorah","74100","6360","103","2","22","0","0","11.65","Hydorah"
"0 A.D.","9883","0 A.D.","74100","37860","21","3","143","0","0","1.96","0 A.D."
"Scrolls","9884","Scrolls","74100","14760","37","2","31","0","0","5.02","Scrolls"
"A Dinosaur's Tale","9885","A Dinosaur's Tale","74100","1080","158","2","3","0","0","68.61","A Dinosaur's Tale"
"Penny-Punching Princess","9886","Penny-Punching Princess","74040","10440","230","4","36","0","0","7.09","Penny-Punching Princess"
"Hellnight","9887","Hellnight","74040","5340","139","2","17","0","0","13.87","Hellnight"
"Spider-Man: The Videogame","9888","Spider-Man: The Videogame","73980","24000","94","2","72","0","0","3.08","Spider-Man: The Videogame"
"FNaF World: Halloween Edition","9889","FNaF World: Halloween Edition","73980","30960","37","2","162","0","0","2.39","FNaF World: Halloween Edition"
"Destiny Knights","9890","Destiny Knights","73980","18240","27","4","35","0","0","4.06","Destiny Knights"
"Blood Bowl: Chaos Edition","9891","Blood Bowl: Chaos Edition","73920","21180","73","2","63","0","0","3.49","Blood Bowl: Chaos Edition"
"LEGO Island 2: The Brickster's Revenge","9892","LEGO Island 2: The Brickster's Revenge","73920","12180","265","2","47","0","0","6.07","LEGO Island 2: The Brickster's Revenge"
"Balloon Fight","9893","Balloon Fight","73860","13500","318","2","80","0","0","5.47","Balloon Fight"
"Battle Realms","9894","Battle Realms","73860","14580","87","2","54","0","0","5.07","Battle Realms"
"Crash & Spyro Superpack","9895","Crash & Spyro Superpack","73860","360","1248","1","2","0","0","205.17","Crash & Spyro Superpack"
"Sid Meier's Civilization","9896","Sid Meier's Civilization","73800","13560","79","2","42","0","0","5.44","Sid Meier's Civilization"
"Snail Maze","9897","Snail Maze","73800","960","1196","1","4","0","0","76.88","Snail Maze"
"Super Saurio Fly","9898","Super Saurio Fly","73740","2520","455","2","11","0","0","29.26","Super Saurio Fly"
"Detective Saburo Jinguji: Rondo of Vengeance","9899","Detective Saburo Jinguji: Rondo of Vengeance","73680","1560","193","1","3","0","0","47.23","Detective Saburo Jinguji: Rondo of Vengeance"
"LogicBots","9900","LogicBots","73680","4080","87","2","13","0","0","18.06","LogicBots"