"","","Game","Watch time","Stream time","Peak viewers","Peak channels","Streamers","Average viewers","Average channels","Average viewer ratio",""
"The Battle Cats","4401","The Battle Cats","816120","34080","898","2","122","1","0","23.95","The Battle Cats"
"The Expendabros","4402","The Expendabros","816060","33900","3098","2","297","1","0","24.07","The Expendabros"
"Mighty Morphin Power Rangers: The Movie","4403","Mighty Morphin Power Rangers: The Movie","815880","22620","3937","3","109","1","0","36.07","Mighty Morphin Power Rangers: The Movie"
"LEGO Star Wars: The Video Game","4404","LEGO Star Wars: The Video Game","814800","64200","1474","4","166","1","0","12.69","LEGO Star Wars: The Video Game"
"Allods Online","4405","Allods Online","814620","362400","242","10","474","1","0","2.25","Allods Online"
"Zoo Tycoon","4406","Zoo Tycoon","814200","81180","2004","4","406","1","0","10.03","Zoo Tycoon"
"Prototype 2","4407","Prototype 2","814140","187440","1501","5","1050","1","0","4.34","Prototype 2"
"SpongeBob SquarePants: The Movie","4408","SpongeBob SquarePants: The Movie","814020","65100","8646","5","177","1","0","12.5","SpongeBob SquarePants: The Movie"
"Psychopathics","4409","Psychopathics","813300","960","12720","1","8","1","0","847.19","Psychopathics"
"Justice League VR: The Complete Experience","4410","Justice League VR: The Complete Experience","813240","780","5364","1","7","1","0","1042.62","Justice League VR: The Complete Experience"
"Dogz","4411","Dogz","811740","1920","7537","1","13","1","0","422.78","Dogz"
"Need for Speed Rivals","4412","Need for Speed Rivals","811560","525300","350","8","3197","1","0","1.54","Need for Speed Rivals"
"Mega Man Battle Network 6","4413","Mega Man Battle Network 6","811260","106860","243","6","124","1","0","7.59","Mega Man Battle Network 6"
"Mount and Blade: With Fire & Sword","4414","Mount and Blade: With Fire & Sword","811140","122820","1844","3","556","1","0","6.6","Mount and Blade: With Fire & Sword"
"Destructions","4415","Destructions","810420","540","4926","2","5","1","0","1500.78","Destructions"
"Star Wars: X-Wing","4416","Star Wars: X-Wing","810360","96180","139","4","90","1","0","8.43","Star Wars: X-Wing"
"Dead or Alive Xtreme: Venus Vacation","4417","Dead or Alive Xtreme: Venus Vacation","808320","127440","1432","3","136","1","0","6.34","Dead or Alive Xtreme: Venus Vacation"
"Guns of Icarus Online","4418","Guns of Icarus Online","805980","150060","2176","8","889","1","0","5.37","Guns of Icarus Online"
"Pac-Man Championship Edition DX","4419","Pac-Man Championship Edition DX","805560","59640","1860","3","298","1","0","13.51","Pac-Man Championship Edition DX"
"Heroes of Warland","4420","Heroes of Warland","805200","2940","3985","2","13","1","0","273.88","Heroes of Warland"
"303 Squadron: Battle of Britain","4421","303 Squadron: Battle of Britain","804840","7080","1892","2","53","1","0","113.68","303 Squadron: Battle of Britain"
"Doom VFR","4422","Doom VFR","803400","178320","1437","5","1382","1","0","4.51","Doom VFR"
"Supreme Commander","4423","Supreme Commander","802320","67200","2999","3","172","1","0","11.94","Supreme Commander"
"LittleBigPlanet 3","4424","LittleBigPlanet 3","801840","149340","1394","5","2706","1","0","5.37","LittleBigPlanet 3"
"WolfQuest","4425","WolfQuest","801840","13860","6326","2","93","1","0","57.85","WolfQuest"
"Rune Factory: Frontier","4426","Rune Factory: Frontier","801780","55320","2732","2","53","1","0","14.49","Rune Factory: Frontier"
"Samorost 3","4427","Samorost 3","800760","61080","1139","3","240","1","0","13.11","Samorost 3"
"Counter Fight Samurai Edition","4428","Counter Fight Samurai Edition","799140","9780","5268","1","81","1","0","81.71","Counter Fight Samurai Edition"
"Final Fantasy Tactics Advance","4429","Final Fantasy Tactics Advance","798900","165060","232","5","360","1","0","4.84","Final Fantasy Tactics Advance"
"Crea","4430","Crea","797700","108300","4297","4","557","1","0","7.37","Crea"
"Command & Conquer: Tiberian Sun","4431","Command & Conquer: Tiberian Sun","797580","73020","618","3","185","1","0","10.92","Command & Conquer: Tiberian Sun"
"Chulip","4432","Chulip","797460","38460","479","3","75","1","0","20.73","Chulip"
"Anna","4433","Anna","796680","20880","4327","2","99","1","0","38.16","Anna"
"Apocalypse Zombie Race","4434","Apocalypse Zombie Race","796140","240","13769","1","2","1","0","3317.25","Apocalypse Zombie Race"
"Romancing SaGa 3","4435","Romancing SaGa 3","795900","64620","987","3","53","1","0","12.32","Romancing SaGa 3"
"Together VR","4436","Together VR","794700","4800","2696","2","47","1","0","165.56","Together VR"
"Ragnarok Battle Offline","4437","Ragnarok Battle Offline","794640","13860","4367","3","41","1","0","57.33","Ragnarok Battle Offline"
"Commandos 2: Men of Courage","4438","Commandos 2: Men of Courage","794160","49980","4696","2","93","1","0","15.89","Commandos 2: Men of Courage"
"Myst III: Exile","4439","Myst III: Exile","793800","36900","583","3","90","1","0","21.51","Myst III: Exile"
"Rune Factory: Tides of Destiny","4440","Rune Factory: Tides of Destiny","793380","31560","343","3","58","1","0","25.14","Rune Factory: Tides of Destiny"
"The Settlers III","4441","The Settlers III","793080","174300","292","7","127","1","0","4.55","The Settlers III"
"Dragon Quest VII: Eden no Senshitachi","4442","Dragon Quest VII: Eden no Senshitachi","792480","83340","226","3","50","1","0","9.51","Dragon Quest VII: Eden no Senshitachi"
"Ar tonelico II: Melody of Metafalica","4443","Ar tonelico II: Melody of Metafalica","790620","35940","1660","2","30","1","0","22","Ar tonelico II: Melody of Metafalica"
"Super Street Fighter II","4444","Super Street Fighter II","790320","18900","6336","2","110","1","0","41.82","Super Street Fighter II"
"Shadowrun: Hong Kong","4445","Shadowrun: Hong Kong","789960","161640","866","4","295","1","0","4.89","Shadowrun: Hong Kong"
"Barony","4446","Barony","789720","144480","2475","7","512","1","0","5.47","Barony"
"Super Amazing Wagon Adventure","4447","Super Amazing Wagon Adventure","788100","27060","430","2","167","1","0","29.12","Super Amazing Wagon Adventure"
"The King of Fighters All Star","4448","The King of Fighters All Star","787380","7440","4550","3","27","1","0","105.83","The King of Fighters All Star"
"The Coma","4449","The Coma","786180","88920","453","3","334","1","0","8.84","The Coma"
"Blade Runner","4450","Blade Runner","785820","20280","3838","3","70","1","0","38.75","Blade Runner"
"NFL GameDay","4451","NFL GameDay","785700","15600","711","6","91","1","0","50.37","NFL GameDay"
"Tomba!","4452","Tomba!","785520","94380","378","4","210","1","0","8.32","Tomba!"
"Ogre Battle 64: Person of Lordly Caliber","4453","Ogre Battle 64: Person of Lordly Caliber","785400","65040","188","3","65","1","0","12.08","Ogre Battle 64: Person of Lordly Caliber"
"Call of Duty 3","4454","Call of Duty 3","784860","60000","958","3","183","1","0","13.08","Call of Duty 3"
"Mario Kart 7","4455","Mario Kart 7","784740","114180","361","6","282","1","0","6.87","Mario Kart 7"
"Fire Emblem: Seisen no Keifu","4456","Fire Emblem: Seisen no Keifu","783780","174960","84","4","206","1","0","4.48","Fire Emblem: Seisen no Keifu"
"My Little Pony: Friendship is Magic","4457","My Little Pony: Friendship is Magic","781980","73320","8525","4","104","1","0","10.67","My Little Pony: Friendship is Magic"
"Goodbye Deponia","4458","Goodbye Deponia","781440","95820","253","3","174","1","0","8.16","Goodbye Deponia"
"Onigiri","4459","Onigiri","781260","446880","46","8","1503","1","0","1.75","Onigiri"
"Arpiel Online","4460","Arpiel Online","780240","247020","856","10","459","1","0","3.16","Arpiel Online"
"Ultrastar Deluxe","4461","Ultrastar Deluxe","779820","34740","10131","3","83","1","0","22.45","Ultrastar Deluxe"
"Invisigun Reloaded","4462","Invisigun Reloaded","779700","12720","4110","3","80","1","0","61.3","Invisigun Reloaded"
"Meow Wars","4463","Meow Wars","779520","1440","6598","2","10","1","0","541.33","Meow Wars"
"Phoenix Wright: Ace Attorney - Dual Destinies","4464","Phoenix Wright: Ace Attorney - Dual Destinies","779520","74520","134","4","77","1","0","10.46","Phoenix Wright: Ace Attorney - Dual Destinies"
"Alan Wake's American Nightmare","4465","Alan Wake's American Nightmare","779100","131220","236","6","660","1","0","5.94","Alan Wake's American Nightmare"
"Railroad Empire","4466","Railroad Empire","779100","8400","6230","1","37","1","0","92.75","Railroad Empire"
"Final Fantasy Crystal Chronicles","4467","Final Fantasy Crystal Chronicles","778560","112920","1038","4","281","1","0","6.89","Final Fantasy Crystal Chronicles"
"12HourChallenge","4468","12HourChallenge","778440","15360","1493","2","27","1","0","50.68","12HourChallenge"
"WWE SmackDown! vs. RAW 2006","4469","WWE SmackDown! vs. RAW 2006","777600","27900","1761","2","69","1","0","27.87","WWE SmackDown! vs. RAW 2006"
"Badland","4470","Badland","777360","28560","4641","2","152","1","0","27.22","Badland"
"Logic Pro","4471","Logic Pro","777240","22200","3560","3","73","1","0","35.01","Logic Pro"
"Tale of Toast","4472","Tale of Toast","777060","152520","157","12","350","1","0","5.09","Tale of Toast"
"Cryostasis","4473","Cryostasis","776280","28500","3161","3","88","1","0","27.24","Cryostasis"
"Phoning Home","4474","Phoning Home","776100","70080","2334","4","236","1","0","11.07","Phoning Home"
"Judge","4475","Judge","775920","1140","6527","1","5","1","0","680.63","Judge"
"Empire: Total War","4476","Empire: Total War","775860","265560","805","4","744","1","0","2.92","Empire: Total War"
"Urban Reign","4477","Urban Reign","775740","9060","6920","2","38","1","0","85.62","Urban Reign"
"Panzer Dragoon II: Zwei","4478","Panzer Dragoon II: Zwei","775080","3660","6201","1","18","1","0","211.77","Panzer Dragoon II: Zwei"
"Star Trek: Borg","4479","Star Trek: Borg","773940","1020","1970","1","5","1","0","758.76","Star Trek: Borg"
"Mr. Gimmick","4480","Mr. Gimmick","773880","39780","996","3","50","1","0","19.45","Mr. Gimmick"
"inFamous 2","4481","inFamous 2","773760","45960","519","3","74","1","0","16.84","inFamous 2"
"LEGO City Undercover","4482","LEGO City Undercover","773760","141360","1287","5","670","1","0","5.47","LEGO City Undercover"
"AntVentor","4483","AntVentor","772920","9600","2297","3","67","1","0","80.51","AntVentor"
"MXGP PRO","4484","MXGP PRO","772500","170820","2929","11","619","1","0","4.52","MXGP PRO"
"Unit 4","4485","Unit 4","772080","1980","12765","1","14","1","0","389.94","Unit 4"
"Shinobi Legions","4486","Shinobi Legions","772080","5940","5835","2","12","1","0","129.98","Shinobi Legions"
"Enter the Matrix","4487","Enter the Matrix","771420","28800","1668","2","96","1","0","26.79","Enter the Matrix"
"True Crime: Streets of LA","4488","True Crime: Streets of LA","771000","13740","2375","2","59","1","0","56.11","True Crime: Streets of LA"
"Dead Rising 2: Off the Record","4489","Dead Rising 2: Off the Record","770880","208260","1135","5","777","1","0","3.7","Dead Rising 2: Off the Record"
"Evil Islands: Curse of the Lost Soul","4490","Evil Islands: Curse of the Lost Soul","770220","38580","808","3","43","1","0","19.96","Evil Islands: Curse of the Lost Soul"
"Panzer Dragoon Orta","4491","Panzer Dragoon Orta","768720","29400","5662","4","112","1","0","26.15","Panzer Dragoon Orta"
"Eighteen Wheeler: American Pro Trucker","4492","Eighteen Wheeler: American Pro Trucker","768600","2700","6299","2","18","1","0","284.67","Eighteen Wheeler: American Pro Trucker"
"Symmetry","4493","Symmetry","768240","19500","1038","6","125","1","0","39.4","Symmetry"
"Paranormal Syndrome","4494","Paranormal Syndrome","767940","6060","1845","1","19","1","0","126.72","Paranormal Syndrome"
"Poi","4495","Poi","767280","42180","1360","3","188","1","0","18.19","Poi"
"Silence of the Sleep","4496","Silence of the Sleep","767040","34860","3421","3","151","1","0","22","Silence of the Sleep"
"Subterrain","4497","Subterrain","766620","79260","850","5","279","1","0","9.67","Subterrain"
"Gothic 3 : Forsaken Gods","4498","Gothic 3 : Forsaken Gods","766560","22620","1225","2","69","1","0","33.89","Gothic 3 : Forsaken Gods"
"Who Wants To Be A Millionaire: UK Edition","4499","Who Wants To Be A Millionaire: UK Edition","766440","1200","6591","1","8","1","0","638.7","Who Wants To Be A Millionaire: UK Edition"
"Pantsylvania","4500","Pantsylvania","764640","300","8051","1","4","1","0","2548.8","Pantsylvania"