"","","Game","Watch time","Stream time","Peak viewers","Peak channels","Streamers","Average viewers","Average channels","Average viewer ratio",""
"TV and Cinema 101: Trivia from Talkies to Trekkies","1201","TV and Cinema 101: Trivia from Talkies to Trekkies","11209020","294960","1034","9","373","21","0","38","TV and Cinema 101: Trivia from Talkies to Trekkies"
"Pepsiman","1202","Pepsiman","11203440","27060","123101","12","167","21","0","414.02","Pepsiman"
"Watch Dogs","1203","Watch Dogs","11193900","1303260","11645","13","6654","21","2","8.59","Watch Dogs"
"Below","1204","Below","11169300","191940","25756","50","972","21","0","58.19","Below"
"Ninja Gaiden","1205","Ninja Gaiden","11149980","184920","59521","8","577","21","0","60.3","Ninja Gaiden"
"MDK 2","1206","MDK 2","11119680","16200","17526","3","56","21","0","686.4","MDK 2"
"Super Mario Galaxy 2","1207","Super Mario Galaxy 2","11115360","422400","12269","12","738","21","0","26.31","Super Mario Galaxy 2"
"Tetris Effect","1208","Tetris Effect","11108100","189000","26716","27","2127","21","0","58.77","Tetris Effect"
"Battlefield: Bad Company 2","1209","Battlefield: Bad Company 2","11058360","787320","31304","16","3864","21","1","14.05","Battlefield: Bad Company 2"
"Tropico 6","1210","Tropico 6","11056680","164880","6483","15","518","21","0","67.06","Tropico 6"
"Lethal League","1211","Lethal League","11051940","264660","43414","13","2147","21","0","41.76","Lethal League"
"Mount Your Friends","1212","Mount Your Friends","11027700","189120","35121","6","1584","20","0","58.31","Mount Your Friends"
"Stand Out","1213","Stand Out","11022840","394140","30075","8","1052","20","0","27.97","Stand Out"
"The Legend of Heroes: Trails of Cold Steel","1214","The Legend of Heroes: Trails of Cold Steel","10971180","845040","5040","12","671","20","1","12.98","The Legend of Heroes: Trails of Cold Steel"
"Chrono Cross","1215","Chrono Cross","10967520","547140","2292","7","502","20","1","20.05","Chrono Cross"
"Marvel Strike Force","1216","Marvel Strike Force","10962060","389880","1236","12","481","20","0","28.12","Marvel Strike Force"
"Armed With Wings: Rearmed","1217","Armed With Wings: Rearmed","10961160","6960","93510","7","39","20","0","1574.88","Armed With Wings: Rearmed"
"Vagante","1218","Vagante","10943820","391200","20821","10","1261","20","0","27.98","Vagante"
"Will To Live Online","1219","Will To Live Online","10941000","758580","31264","30","1424","20","1","14.42","Will To Live Online"
"StepMania","1220","StepMania","10927620","1271460","3612","14","2985","20","2","8.59","StepMania"
"Mario Kart 64","1221","Mario Kart 64","10926120","370080","8455","15","1601","20","0","29.52","Mario Kart 64"
"Ludum Dare","1222","Ludum Dare","10915980","638040","11144","74","653","20","1","17.11","Ludum Dare"
"Resident Evil: Revelations 2","1223","Resident Evil: Revelations 2","10911900","1232100","4696","13","5737","20","2","8.86","Resident Evil: Revelations 2"
"Escape First","1224","Escape First","10870320","56640","14480","6","372","20","0","191.92","Escape First"
"Umihara Kawase","1225","Umihara Kawase","10834200","56340","119430","9","82","20","0","192.3","Umihara Kawase"
"Final Fantasy XII","1226","Final Fantasy XII","10833360","461820","2201","10","819","20","0","23.46","Final Fantasy XII"
"DmC Devil May Cry","1227","DmC Devil May Cry","10809540","880560","15827","15","3979","20","1","12.28","DmC Devil May Cry"
"Chaos;Child","1228","Chaos;Child","10758060","58020","6934","3","70","20","0","185.42","Chaos;Child"
"Dishonored 2","1229","Dishonored 2","10708380","2410560","14816","19","8740","20","4","4.44","Dishonored 2"
"BanG Dream! Girls Band Party!","1230","BanG Dream! Girls Band Party!","10708380","695520","1604","13","1157","20","1","15.4","BanG Dream! Girls Band Party!"
"Clicker Heroes II","1231","Clicker Heroes II","10681080","714840","25441","81","783","20","1","14.94","Clicker Heroes II"
"Bayonetta 2","1232","Bayonetta 2","10677780","580800","6439","28","1478","20","1","18.38","Bayonetta 2"
"Manual Samuel","1233","Manual Samuel","10662780","174960","8872","11","1366","20","0","60.94","Manual Samuel"
"System Shock 2","1234","System Shock 2","10644780","286620","6502","6","756","20","0","37.14","System Shock 2"
"Wolfenstein: The New Order","1235","Wolfenstein: The New Order","10639440","1867980","5124","20","6302","20","3","5.7","Wolfenstein: The New Order"
"HellSign","1236","HellSign","10610340","106800","30005","14","415","20","0","99.35","HellSign"
"Car Mechanic Simulator 2018","1237","Car Mechanic Simulator 2018","10608300","1421820","8303","16","4739","20","2","7.46","Car Mechanic Simulator 2018"
"Just Cause 3","1238","Just Cause 3","10599420","3097920","4539","27","17373","20","5","3.42","Just Cause 3"
"RISK: Factions","1239","RISK: Factions","10559940","26280","10490","5","140","20","0","401.82","RISK: Factions"
"Steep","1240","Steep","10536960","1378980","9743","21","9478","20","2","7.64","Steep"
"Plants vs. Zombies","1241","Plants vs. Zombies","10521660","425040","7281","6","1861","20","0","24.75","Plants vs. Zombies"
"Yu-Gi-Oh! Online","1242","Yu-Gi-Oh! Online","10519680","746580","12746","9","1316","20","1","14.09","Yu-Gi-Oh! Online"
"Tales Runner","1243","Tales Runner","10498500","198120","6360","7","715","19","0","52.99","Tales Runner"
"Armored Warfare","1244","Armored Warfare","10468740","2289480","2015","24","3150","19","4","4.57","Armored Warfare"
"Death Coming","1245","Death Coming","10443360","79260","14880","5","461","19","0","131.76","Death Coming"
"Arms","1246","Arms","10424520","461760","6803","10","1108","19","0","22.58","Arms"
"Warriors: Rise to Glory!","1247","Warriors: Rise to Glory!","10415700","22680","14370","5","85","19","0","459.25","Warriors: Rise to Glory!"
"Rayman Legends","1248","Rayman Legends","10406880","897420","10692","26","8722","19","1","11.6","Rayman Legends"
"Fire Emblem: Path of Radiance","1249","Fire Emblem: Path of Radiance","10402800","463320","14214","7","758","19","0","22.45","Fire Emblem: Path of Radiance"
"Mini Metro","1250","Mini Metro","10402680","196260","14094","12","1243","19","0","53","Mini Metro"
"To the Moon","1251","To the Moon","10387560","490200","3710","9","2120","19","0","21.19","To the Moon"
"Sonic the Hedgehog: Spinball","1252","Sonic the Hedgehog: Spinball","10378440","56820","136393","8","187","19","0","182.65","Sonic the Hedgehog: Spinball"
"Lupinball","1253","Lupinball","10373580","12780","38150","3","35","19","0","811.7","Lupinball"
"Super Star Wars: Return of the Jedi","1254","Super Star Wars: Return of the Jedi","10370340","8340","22625","6","48","19","0","1243.45","Super Star Wars: Return of the Jedi"
"The House of Da Vinci","1255","The House of Da Vinci","10367460","149160","6432","5","402","19","0","69.51","The House of Da Vinci"
"GRID 2","1256","GRID 2","10358580","309300","11088","8","1490","19","0","33.49","GRID 2"
"Generation Zero","1257","Generation Zero","10355040","266100","20653","176","1362","19","0","38.91","Generation Zero"
"Secret Neighbor","1258","Secret Neighbor","10344060","114120","27621","23","780","19","0","90.64","Secret Neighbor"
"Metal Gear Solid: Peace Walker","1259","Metal Gear Solid: Peace Walker","10340580","241740","2134","6","377","19","0","42.78","Metal Gear Solid: Peace Walker"
"Cultist Simulator","1260","Cultist Simulator","10323240","393600","4834","22","1089","19","0","26.23","Cultist Simulator"
"Bionic Commando","1261","Bionic Commando","10322640","51600","96423","9","180","19","0","200.05","Bionic Commando"
"Halo Wars 2","1262","Halo Wars 2","10321500","1937820","1710","18","4164","19","3","5.33","Halo Wars 2"
"Lake Ridden","1263","Lake Ridden","10318860","94320","32583","27","336","19","0","109.4","Lake Ridden"
"Transference","1264","Transference","10315140","81720","9915","11","576","19","0","126.23","Transference"
"Mega Man X Anniversary Collection","1265","Mega Man X Anniversary Collection","10296960","637980","4402","80","1572","19","1","16.14","Mega Man X Anniversary Collection"
"World of Tanks Console","1266","World of Tanks Console","10283820","1133100","1564","12","547","19","2","9.08","World of Tanks Console"
"Secret Hitler","1267","Secret Hitler","10277460","74700","39543","7","416","19","0","137.58","Secret Hitler"
"Call of Duty: Advanced Warfare","1268","Call of Duty: Advanced Warfare","10274880","2109900","30640","23","11385","19","4","4.87","Call of Duty: Advanced Warfare"
"Death Road to Canada","1269","Death Road to Canada","10248840","726720","6235","15","2706","19","1","14.1","Death Road to Canada"
"Silkroad Online","1270","Silkroad Online","10244040","1188840","1547","22","914","19","2","8.62","Silkroad Online"
"Hyper Universe","1271","Hyper Universe","10235700","1422420","3849","43","2795","19","2","7.2","Hyper Universe"
"Banished","1272","Banished","10205220","976680","6026","11","3459","19","1","10.45","Banished"
"Super Mega Baseball 2","1273","Super Mega Baseball 2","10180560","659220","12047","38","3258","19","1","15.44","Super Mega Baseball 2"
"Insurgency","1274","Insurgency","10157700","2625720","8925","83","14373","19","4","3.87","Insurgency"
"Dead In Vinland","1275","Dead In Vinland","10136640","247620","25499","18","462","19","0","40.94","Dead In Vinland"
"Fran Bow","1276","Fran Bow","10127820","588420","4629","18","1727","19","1","17.21","Fran Bow"
"Super Castlevania IV","1277","Super Castlevania IV","10125840","381720","5059","12","1100","19","0","26.53","Super Castlevania IV"
"Bullet Girls Phantasia","1278","Bullet Girls Phantasia","10122540","100200","12263","13","189","19","0","101.02","Bullet Girls Phantasia"
"Passpartout: The Starving Artist","1279","Passpartout: The Starving Artist","10122480","213540","11325","5","1310","19","0","47.4","Passpartout: The Starving Artist"
"Boxing","1280","Boxing","10121100","62160","45814","42","453","19","0","162.82","Boxing"
"The Legend of Zelda: The Minish Cap","1281","The Legend of Zelda: The Minish Cap","10070100","533340","10334","8","1084","19","1","18.88","The Legend of Zelda: The Minish Cap"
"Ashes of Creation","1282","Ashes of Creation","10062720","397680","30250","82","821","19","0","25.3","Ashes of Creation"
"Superhot","1283","Superhot","10048620","1212960","15194","168","13491","19","2","8.28","Superhot"
"Sonic the Hedgehog 2","1284","Sonic the Hedgehog 2","10023540","300840","144084","11","1285","19","0","33.32","Sonic the Hedgehog 2"
"Fishing: Barents Sea","1285","Fishing: Barents Sea","10019520","381060","35273","33","835","19","0","26.29","Fishing: Barents Sea"
"Kingdom Hearts HD 1.5 ReMIX","1286","Kingdom Hearts HD 1.5 ReMIX","9989640","708240","11769","18","1399","19","1","14.1","Kingdom Hearts HD 1.5 ReMIX"
"Grand Theft Auto: Episodes from Liberty City","1287","Grand Theft Auto: Episodes from Liberty City","9970380","218400","8404","5","632","18","0","45.65","Grand Theft Auto: Episodes from Liberty City"
"Pokémon Colosseum","1288","Pokémon Colosseum","9945000","515940","7773","8","1081","18","0","19.28","Pokémon Colosseum"
"DiRT Rally","1289","DiRT Rally","9935160","1722360","5025","18","7339","18","3","5.77","DiRT Rally"
"SIMCITY (2013)","1290","SIMCITY (2013)","9916140","449400","3299","9","1713","18","0","22.07","SIMCITY (2013)"
"Tintin in Tibet","1291","Tintin in Tibet","9871920","10620","115512","12","37","18","0","929.56","Tintin in Tibet"
"Jalopy","1292","Jalopy","9860700","313320","16010","11","1459","18","0","31.47","Jalopy"
"Dark Messiah of Might & Magic","1293","Dark Messiah of Might & Magic","9844980","250860","11218","5","868","18","0","39.24","Dark Messiah of Might & Magic"
"Splitgate: Arena Warfare","1294","Splitgate: Arena Warfare","9832740","246360","44715","74","1069","18","0","39.91","Splitgate: Arena Warfare"
"Codenames","1295","Codenames","9831060","25440","7898","7","99","18","0","386.44","Codenames"
"Penumbra: Black Plague","1296","Penumbra: Black Plague","9830400","161280","5962","4","548","18","0","60.95","Penumbra: Black Plague"
"Batman: Arkham City","1297","Batman: Arkham City","9809280","1140180","3800","12","3311","18","2","8.6","Batman: Arkham City"
"Forgotton Anne","1298","Forgotton Anne","9802740","247680","29143","23","788","18","0","39.58","Forgotton Anne"
"Risk of Rain","1299","Risk of Rain","9788280","703380","100412","14","3854","18","1","13.92","Risk of Rain"
"Donkey Kong Country 3: Dixie Kong's Double Trouble!","1300","Donkey Kong Country 3: Dixie Kong's Double Trouble!","9785880","461520","8264","8","851","18","0","21.2","Donkey Kong Country 3: Dixie Kong's Double Trouble!"