"","","Game","Watch time","Stream time","Peak viewers","Peak channels","Streamers","Average viewers","Average channels","Average viewer ratio",""
"Nepenthe","12201","Nepenthe","34080","480","304","1","3","0","0","71","Nepenthe"
"Urban Empire","12202","Urban Empire","34080","12660","27","1","46","0","0","2.69","Urban Empire"
"Wing Commander: Prophecy","12203","Wing Commander: Prophecy","34080","2700","60","1","3","0","0","12.62","Wing Commander: Prophecy"
"Daytona USA 2","12204","Daytona USA 2","34020","6060","237","1","22","0","0","5.61","Daytona USA 2"
"Samorost","12205","Samorost","34020","3360","91","1","28","0","0","10.13","Samorost"
"Dino Run DX","12206","Dino Run DX","34020","5340","263","2","53","0","0","6.37","Dino Run DX"
"Skelly Selest","12207","Skelly Selest","33960","5820","55","2","45","0","0","5.84","Skelly Selest"
"Hamtaro: Rainbow Rescue","12208","Hamtaro: Rainbow Rescue","33960","33960","32","3","26","0","0","1","Hamtaro: Rainbow Rescue"
"else Heart.Break()","12209","else Heart.Break()","33960","18480","17","2","73","0","0","1.84","else Heart.Break()"
"Pac-Man: Championship Edition","12210","Pac-Man: Championship Edition","33960","10260","71","2","58","0","0","3.31","Pac-Man: Championship Edition"
"Valfaris","12211","Valfaris","33900","3420","124","3","46","0","0","9.91","Valfaris"
"Super Ledgehop: Double Laser","12212","Super Ledgehop: Double Laser","33900","5880","71","3","30","0","0","5.77","Super Ledgehop: Double Laser"
"Avernum: Escape from the Pit","12213","Avernum: Escape from the Pit","33900","13980","15","2","18","0","0","2.42","Avernum: Escape from the Pit"
"Teenage Mutant Ninja Turtles:  Fall of the Foot Clan","12214","Teenage Mutant Ninja Turtles:  Fall of the Foot Clan","33900","14220","148","2","20","0","0","2.38","Teenage Mutant Ninja Turtles:  Fall of the Foot Clan"
"Children of Mana","12215","Children of Mana","33900","8340","32","2","13","0","0","4.06","Children of Mana"
"Super Turbo Demon Busters!","12216","Super Turbo Demon Busters!","33900","1140","167","2","8","0","0","29.74","Super Turbo Demon Busters!"
"Binaries","12217","Binaries","33900","42720","10","4","188","0","0","0.79","Binaries"
"MooMoo.io","12218","MooMoo.io","33840","9120","110","2","75","0","0","3.71","MooMoo.io"
"Pole's Big Adventure","12219","Pole's Big Adventure","33840","720","808","1","2","0","0","47","Pole's Big Adventure"
"Learn Japanese to Survive! Katakana War","12220","Learn Japanese to Survive! Katakana War","33840","13860","16","2","44","0","0","2.44","Learn Japanese to Survive! Katakana War"
"D/Generation","12221","D/Generation","33840","1320","277","1","6","0","0","25.64","D/Generation"
"Jeff Wayne's The War of the Worlds","12222","Jeff Wayne's The War of the Worlds","33840","1920","264","1","6","0","0","17.63","Jeff Wayne's The War of the Worlds"
"Shock Troopers: 2nd Squad","12223","Shock Troopers: 2nd Squad","33840","1980","95","2","11","0","0","17.09","Shock Troopers: 2nd Squad"
"Bookworm Adventures Volume 2","12224","Bookworm Adventures Volume 2","33780","9120","21","2","33","0","0","3.7","Bookworm Adventures Volume 2"
"Cooking Mama: Cook Off","12225","Cooking Mama: Cook Off","33780","2640","109","2","20","0","0","12.8","Cooking Mama: Cook Off"
"V-Rally 2 : Championship Edition","12226","V-Rally 2 : Championship Edition","33780","5700","177","2","12","0","0","5.93","V-Rally 2 : Championship Edition"
"QuizQuizQuiz","12227","QuizQuizQuiz","33780","6600","21","2","12","0","0","5.12","QuizQuizQuiz"
"Four Sided Fantasy","12228","Four Sided Fantasy","33780","9300","72","2","47","0","0","3.63","Four Sided Fantasy"
"MX vs. ATV Supercross Encore","12229","MX vs. ATV Supercross Encore","33720","44100","29","3","277","0","0","0.76","MX vs. ATV Supercross Encore"
"Tom Clancy's Ghost Recon: Predator","12230","Tom Clancy's Ghost Recon: Predator","33720","19140","35","2","89","0","0","1.76","Tom Clancy's Ghost Recon: Predator"
"Dynasty Warriors 6","12231","Dynasty Warriors 6","33720","15120","24","2","29","0","0","2.23","Dynasty Warriors 6"
"Ascendant","12232","Ascendant","33720","2820","144","1","14","0","0","11.96","Ascendant"
"Dust: A Tale of the Wired West","12233","Dust: A Tale of the Wired West","33720","1980","81","1","10","0","0","17.03","Dust: A Tale of the Wired West"
"NightSky","12234","NightSky","33720","5160","64","2","29","0","0","6.53","NightSky"
"Radiant Silvergun","12235","Radiant Silvergun","33720","66780","101","3","36","0","0","0.5","Radiant Silvergun"
"Ninja Baseball Bat Man","12236","Ninja Baseball Bat Man","33660","6480","186","1","30","0","0","5.19","Ninja Baseball Bat Man"
"Dance Dance Revolution X3 VS 2ndMix","12237","Dance Dance Revolution X3 VS 2ndMix","33660","3420","104","1","8","0","0","9.84","Dance Dance Revolution X3 VS 2ndMix"
"Abo Khashem","12238","Abo Khashem","33660","5100","64","2","51","0","0","6.6","Abo Khashem"
"Mavericks Proving Grounds","12239","Mavericks Proving Grounds","33600","3240","136","3","36","0","0","10.37","Mavericks Proving Grounds"
"Daffy Duck","12240","Daffy Duck","33600","180","203","1","1","0","0","186.67","Daffy Duck"
"Alchemist code","12241","Alchemist code","33600","6480","132","1","37","0","0","5.19","Alchemist code"
"Panacea: Last Will","12242","Panacea: Last Will","33600","4560","160","3","34","0","0","7.37","Panacea: Last Will"
"Campfire Cooking","12243","Campfire Cooking","33600","1320","427","1","11","0","0","25.45","Campfire Cooking"
"The Cat Games","12244","The Cat Games","33600","6360","45","1","68","0","0","5.28","The Cat Games"
"Drift","12245","Drift","33600","9900","128","2","70","0","0","3.39","Drift"
"Twisted Metal 4","12246","Twisted Metal 4","33600","11280","151","2","57","0","0","2.98","Twisted Metal 4"
"Touhou 14 - Double Dealing Character","12247","Touhou 14 - Double Dealing Character","33600","13380","86","2","91","0","0","2.51","Touhou 14 - Double Dealing Character"
"Cossacks II: Napoleonic Wars","12248","Cossacks II: Napoleonic Wars","33600","360","394","1","3","0","0","93.33","Cossacks II: Napoleonic Wars"
"Zombies Monsters Robots","12249","Zombies Monsters Robots","33540","44820","6","2","25","0","0","0.75","Zombies Monsters Robots"
"Violett","12250","Violett","33540","4860","131","1","25","0","0","6.9","Violett"
"Dragon Knight II","12251","Dragon Knight II","33540","2940","128","1","3","0","0","11.41","Dragon Knight II"
"Monster Mash","12252","Monster Mash","33540","5400","14","1","3","0","0","6.21","Monster Mash"
"Rise of Liberty","12253","Rise of Liberty","33540","5400","206","2","43","0","0","6.21","Rise of Liberty"
"Awakening: The Dreamless Castle","12254","Awakening: The Dreamless Castle","33480","1080","140","1","5","0","0","31","Awakening: The Dreamless Castle"
"Dynasty Warriors 7: Xtreme Legends","12255","Dynasty Warriors 7: Xtreme Legends","33480","13080","44","4","48","0","0","2.56","Dynasty Warriors 7: Xtreme Legends"
"Dot.","12256","Dot.","33420","19860","181","2","99","0","0","1.68","Dot."
"Goofy's Fun House","12257","Goofy's Fun House","33420","1560","108","1","10","0","0","21.42","Goofy's Fun House"
"Capsized","12258","Capsized","33420","8220","48","1","33","0","0","4.07","Capsized"
"One Chance","12259","One Chance","33420","1740","114","1","18","0","0","19.21","One Chance"
"Postal 2: Apocalypse Weekend","12260","Postal 2: Apocalypse Weekend","33420","18600","33","2","90","0","0","1.8","Postal 2: Apocalypse Weekend"
"Mimic Hunter","12261","Mimic Hunter","33420","300","229","1","3","0","0","111.4","Mimic Hunter"
"Aura of Worlds","12262","Aura of Worlds","33360","4080","56","2","20","0","0","8.18","Aura of Worlds"
"House of the Dead 2 & 3 Return","12263","House of the Dead 2 & 3 Return","33360","9720","26","2","65","0","0","3.43","House of the Dead 2 & 3 Return"
"Game Room","12264","Game Room","33360","37620","29","3","138","0","0","0.89","Game Room"
"Kartia: The Word of Fate","12265","Kartia: The Word of Fate","33360","9720","38","2","10","0","0","3.43","Kartia: The Word of Fate"
"City Bus Simulator 2010","12266","City Bus Simulator 2010","33360","480","529","1","7","0","0","69.5","City Bus Simulator 2010"
"Prey Day: Survival","12267","Prey Day: Survival","33300","14460","13","2","16","0","0","2.3","Prey Day: Survival"
"Extreme-G","12268","Extreme-G","33300","5220","48","2","27","0","0","6.38","Extreme-G"
"Defense Grid: The Awakening","12269","Defense Grid: The Awakening","33300","15840","25","2","64","0","0","2.1","Defense Grid: The Awakening"
"Blitzkrieg","12270","Blitzkrieg","33300","15300","68","2","25","0","0","2.18","Blitzkrieg"
"The Amazing Spider-Man vs. The Kingpin","12271","The Amazing Spider-Man vs. The Kingpin","33300","4140","105","1","18","0","0","8.04","The Amazing Spider-Man vs. The Kingpin"
"Design Home","12272","Design Home","33300","20280","18","2","73","0","0","1.64","Design Home"
"Arena of Kings","12273","Arena of Kings","33240","3420","54","4","10","0","0","9.72","Arena of Kings"
"Trainz Simulator","12274","Trainz Simulator","33240","4500","29","2","15","0","0","7.39","Trainz Simulator"
"Earth 2140","12275","Earth 2140","33240","6480","22","1","2","0","0","5.13","Earth 2140"
"Bang! Bang!","12276","Bang! Bang!","33240","3960","115","1","32","0","0","8.39","Bang! Bang!"
"TOCA Touring Car Championship","12277","TOCA Touring Car Championship","33180","5340","22","2","9","0","0","6.21","TOCA Touring Car Championship"
"Wasteland","12278","Wasteland","33180","11940","119","1","28","0","0","2.78","Wasteland"
"Knights of the Round","12279","Knights of the Round","33180","9420","37","2","53","0","0","3.52","Knights of the Round"
"Fog of War","12280","Fog of War","33180","22200","48","3","130","0","0","1.49","Fog of War"
"Don't open the doors!","12281","Don't open the doors!","33180","5940","227","1","23","0","0","5.59","Don't open the doors!"
"The Mirror Lied","12282","The Mirror Lied","33180","2640","269","2","24","0","0","12.57","The Mirror Lied"
"JuVentures","12283","JuVentures","33180","2100","67","1","16","0","0","15.8","JuVentures"
"The Men of Yoshiwara: Ohgiya","12284","The Men of Yoshiwara: Ohgiya","33120","2280","43","1","9","0","0","14.53","The Men of Yoshiwara: Ohgiya"
"Toy Story 3","12285","Toy Story 3","33120","15720","84","1","81","0","0","2.11","Toy Story 3"
"True Pinball","12286","True Pinball","33120","1860","74","1","3","0","0","17.81","True Pinball"
"Zoombinis: Island Odyssey","12287","Zoombinis: Island Odyssey","33120","5580","90","2","32","0","0","5.94","Zoombinis: Island Odyssey"
"Dahna: Megami Tanjou","12288","Dahna: Megami Tanjou","33060","1860","130","1","6","0","0","17.77","Dahna: Megami Tanjou"
"Dead Reckoning","12289","Dead Reckoning","33060","960","122","1","4","0","0","34.44","Dead Reckoning"
"Metro","12290","Metro","33060","4500","170","1","34","0","0","7.35","Metro"
"Strikers 1945","12291","Strikers 1945","33060","12600","8","1","16","0","0","2.62","Strikers 1945"
"GRAV","12292","GRAV","33060","18060","40","2","72","0","0","1.83","GRAV"
"Under Leaves","12293","Under Leaves","33060","2640","170","1","19","0","0","12.52","Under Leaves"
"Nekomew's Potty Trouble","12294","Nekomew's Potty Trouble","33060","1440","237","1","10","0","0","22.96","Nekomew's Potty Trouble"
"Keyboard Sports: Saving QWERTY","12295","Keyboard Sports: Saving QWERTY","33060","22740","21","1","14","0","0","1.45","Keyboard Sports: Saving QWERTY"
"Daily Celebrity Crossword","12296","Daily Celebrity Crossword","33000","420","201","1","2","0","0","78.57","Daily Celebrity Crossword"
"The Horus Heresy: Betrayal at Calth","12297","The Horus Heresy: Betrayal at Calth","33000","4500","68","3","28","0","0","7.33","The Horus Heresy: Betrayal at Calth"
"Mercury Fallen","12298","Mercury Fallen","33000","6060","120","3","21","0","0","5.45","Mercury Fallen"
"TAPSONIC World Champion","12299","TAPSONIC World Champion","33000","4140","195","1","28","0","0","7.97","TAPSONIC World Champion"
"Money Puzzle Exchanger","12300","Money Puzzle Exchanger","33000","6600","59","2","35","0","0","5","Money Puzzle Exchanger"