"","","Game","Watch time","Stream time","Peak viewers","Peak channels","Streamers","Average viewers","Average channels","Average viewer ratio",""
"Epic","14201","Epic","18720","16860","34","2","44","0","0","1.11","Epic"
"Princess Crown","14202","Princess Crown","18720","16440","13","1","8","0","0","1.14","Princess Crown"
"Commander Keen 5: The Armageddon Machine","14203","Commander Keen 5: The Armageddon Machine","18720","2520","63","2","15","0","0","7.43","Commander Keen 5: The Armageddon Machine"
"Starship Titanic","14204","Starship Titanic","18720","4440","53","1","20","0","0","4.22","Starship Titanic"
"Music Soul","14205","Music Soul","18720","1860","145","1","17","0","0","10.06","Music Soul"
"Command & Conquer: Red Alert - The Aftermath","14206","Command & Conquer: Red Alert - The Aftermath","18720","2040","93","1","11","0","0","9.18","Command & Conquer: Red Alert - The Aftermath"
"Legend of the Ancient Sword","14207","Legend of the Ancient Sword","18720","3960","71","3","14","0","0","4.73","Legend of the Ancient Sword"
"Evil Zone","14208","Evil Zone","18660","2880","82","1","21","0","0","6.48","Evil Zone"
"White Album 2: Closing Chapter","14209","White Album 2: Closing Chapter","18660","7920","24","2","8","0","0","2.36","White Album 2: Closing Chapter"
"Tower of Heaven","14210","Tower of Heaven","18660","3780","122","1","25","0","0","4.94","Tower of Heaven"
"RollerCoaster Tycoon 3: Wild!","14211","RollerCoaster Tycoon 3: Wild!","18660","2280","156","1","12","0","0","8.18","RollerCoaster Tycoon 3: Wild!"
"Rapala Tournament Fishing","14212","Rapala Tournament Fishing","18660","480","63","1","3","0","0","38.88","Rapala Tournament Fishing"
"VRZ: Torment","14213","VRZ: Torment","18660","2400","66","1","19","0","0","7.78","VRZ: Torment"
"Narwhale.io","14214","Narwhale.io","18660","2280","96","2","30","0","0","8.18","Narwhale.io"
"Galactic Harvester","14215","Galactic Harvester","18660","3960","108","2","18","0","0","4.71","Galactic Harvester"
"Party Golf","14216","Party Golf","18660","5160","83","2","34","0","0","3.62","Party Golf"
"Floor Plan","14217","Floor Plan","18660","6240","49","2","44","0","0","2.99","Floor Plan"
"Death Trash","14218","Death Trash","18660","780","101","1","2","0","0","23.92","Death Trash"
"Christmas Shopper Simulator 2: Black Friday","14219","Christmas Shopper Simulator 2: Black Friday","18660","2160","106","2","17","0","0","8.64","Christmas Shopper Simulator 2: Black Friday"
"EEP 14","14220","EEP 14","18660","2520","18","1","1","0","0","7.4","EEP 14"
"Stardust Galaxy Warriors: Stellar Climax","14221","Stardust Galaxy Warriors: Stellar Climax","18600","8640","26","1","37","0","0","2.15","Stardust Galaxy Warriors: Stellar Climax"
"Madden NFL 99","14222","Madden NFL 99","18600","1200","273","1","9","0","0","15.5","Madden NFL 99"
"36 Fragments of Midnight","14223","36 Fragments of Midnight","18600","11220","18","1","79","0","0","1.66","36 Fragments of Midnight"
"Battlestar Galactica","14224","Battlestar Galactica","18600","15000","8","2","28","0","0","1.24","Battlestar Galactica"
"Requiem: Memento Mori","14225","Requiem: Memento Mori","18600","7920","39","1","24","0","0","2.35","Requiem: Memento Mori"
"Ms. Splosion Man","14226","Ms. Splosion Man","18600","6360","17","1","46","0","0","2.92","Ms. Splosion Man"
"Canabalt","14227","Canabalt","18600","1440","96","3","17","0","0","12.92","Canabalt"
"Serious Sam: Next Encounter","14228","Serious Sam: Next Encounter","18540","3600","25","1","11","0","0","5.15","Serious Sam: Next Encounter"
"Putt-Putt and Fatty Bear's Activity Pack","14229","Putt-Putt and Fatty Bear's Activity Pack","18540","1260","105","1","8","0","0","14.71","Putt-Putt and Fatty Bear's Activity Pack"
"Castlevania Legends","14230","Castlevania Legends","18540","6000","74","2","29","0","0","3.09","Castlevania Legends"
"Lionheart: Dark Moon","14231","Lionheart: Dark Moon","18540","9120","28","1","9","0","0","2.03","Lionheart: Dark Moon"
"Cladun Returns: This Is Sengoku!","14232","Cladun Returns: This Is Sengoku!","18540","17340","15","2","44","0","0","1.07","Cladun Returns: This Is Sengoku!"
"Bikour!","14233","Bikour!","18540","480","149","1","4","0","0","38.63","Bikour!"
"The Venture Bros","14234","The Venture Bros","18540","4500","209","1","2","0","0","4.12","The Venture Bros"
"Even the Ocean","14235","Even the Ocean","18480","3960","27","1","15","0","0","4.67","Even the Ocean"
"Mahjong Fight Club","14236","Mahjong Fight Club","18480","3420","22","1","7","0","0","5.4","Mahjong Fight Club"
"This is Football 2","14237","This is Football 2","18480","600","125","1","3","0","0","30.8","This is Football 2"
"World of Subways Vol.1: The Path","14238","World of Subways Vol.1: The Path","18480","7680","13","1","5","0","0","2.41","World of Subways Vol.1: The Path"
"Wallace & Gromit's Grand Adventures Episode 4: The Bogey Man","14239","Wallace & Gromit's Grand Adventures Episode 4: The Bogey Man","18480","2280","37","1","7","0","0","8.11","Wallace & Gromit's Grand Adventures Episode 4: The Bogey Man"
"SpongeBob SquarePants: SuperSponge","14240","SpongeBob SquarePants: SuperSponge","18480","4980","29","3","34","0","0","3.71","SpongeBob SquarePants: SuperSponge"
"Yu-Gi-Oh! The Eternal Duelist Soul","14241","Yu-Gi-Oh! The Eternal Duelist Soul","18480","7860","40","2","32","0","0","2.35","Yu-Gi-Oh! The Eternal Duelist Soul"
"LittleBigPlanet Karting","14242","LittleBigPlanet Karting","18480","8400","14","2","20","0","0","2.2","LittleBigPlanet Karting"
"Closure","14243","Closure","18420","5520","19","1","24","0","0","3.34","Closure"
"Solarix","14244","Solarix","18420","2760","189","1","15","0","0","6.67","Solarix"
"Balls of Steel","14245","Balls of Steel","18420","900","85","1","6","0","0","20.47","Balls of Steel"
"Endless Ocean: Blue World","14246","Endless Ocean: Blue World","18420","5520","16","1","14","0","0","3.34","Endless Ocean: Blue World"
"Air Combat","14247","Air Combat","18420","6000","66","2","20","0","0","3.07","Air Combat"
"Soul Axiom","14248","Soul Axiom","18420","10620","15","2","28","0","0","1.73","Soul Axiom"
"Garbage Truck!","14249","Garbage Truck!","18420","1380","118","1","8","0","0","13.35","Garbage Truck!"
"Spartan X 2","14250","Spartan X 2","18420","4860","54","1","3","0","0","3.79","Spartan X 2"
"Shotgun Legend","14251","Shotgun Legend","18420","9420","34","2","20","0","0","1.96","Shotgun Legend"
"Trashmania After Dark","14252","Trashmania After Dark","18420","540","112","1","5","0","0","34.11","Trashmania After Dark"
"Sleeping Prince","14253","Sleeping Prince","18420","3000","66","1","6","0","0","6.14","Sleeping Prince"
"Guns'n'Stories: Bulletproof VR","14254","Guns'n'Stories: Bulletproof VR","18420","4920","81","2","50","0","0","3.74","Guns'n'Stories: Bulletproof VR"
"Sled Shred featuring the Jamaican Bobsled Team","14255","Sled Shred featuring the Jamaican Bobsled Team","18420","240","329","1","2","0","0","76.75","Sled Shred featuring the Jamaican Bobsled Team"
"Super Stupid Space Invaders","14256","Super Stupid Space Invaders","18420","12720","3","1","1","0","0","1.45","Super Stupid Space Invaders"
"A Stickman Reality","14257","A Stickman Reality","18420","1020","102","1","13","0","0","18.06","A Stickman Reality"
"Bot Land","14258","Bot Land","18360","2400","60","2","10","0","0","7.65","Bot Land"
"Barbie Sparkle Blast","14259","Barbie Sparkle Blast","18360","4620","34","2","27","0","0","3.97","Barbie Sparkle Blast"
"Hackers","14260","Hackers","18360","4860","165","1","22","0","0","3.78","Hackers"
"Mahjong ★ Dream C Club","14261","Mahjong ★ Dream C Club","18360","1560","31","1","3","0","0","11.77","Mahjong ★ Dream C Club"
"Friday The 13th: The Computer Game","14262","Friday The 13th: The Computer Game","18360","6540","15","2","26","0","0","2.81","Friday The 13th: The Computer Game"
"Downforce","14263","Downforce","18360","660","150","1","4","0","0","27.82","Downforce"
"Ironclad Tactics","14264","Ironclad Tactics","18360","1260","300","1","8","0","0","14.57","Ironclad Tactics"
"Space Empires V","14265","Space Empires V","18360","660","39","1","1","0","0","27.82","Space Empires V"
"Hostile Waters: Antaeus Rising","14266","Hostile Waters: Antaeus Rising","18360","2580","214","1","8","0","0","7.12","Hostile Waters: Antaeus Rising"
"Batman: Return of the Joker","14267","Batman: Return of the Joker","18360","4320","65","1","20","0","0","4.25","Batman: Return of the Joker"
"Umineko no Naku Koro ni Chiru Episode 5 End of the Golden Witch","14268","Umineko no Naku Koro ni Chiru Episode 5 End of the Golden Witch","18360","8640","8","1","7","0","0","2.13","Umineko no Naku Koro ni Chiru Episode 5 End of the Golden Witch"
"Dead or Alive 4","14269","Dead or Alive 4","18360","13200","27","2","13","0","0","1.39","Dead or Alive 4"
"Darkstone","14270","Darkstone","18300","5220","23","1","26","0","0","3.51","Darkstone"
"LMA Manager 2007","14271","LMA Manager 2007","18300","720","84","1","3","0","0","25.42","LMA Manager 2007"
"Tetris DS","14272","Tetris DS","18300","6360","27","1","19","0","0","2.88","Tetris DS"
"Virtual-On: Cyber Troopers","14273","Virtual-On: Cyber Troopers","18300","4560","29","1","17","0","0","4.01","Virtual-On: Cyber Troopers"
"Zork I: The Great Underground Empire","14274","Zork I: The Great Underground Empire","18300","6840","28","1","41","0","0","2.68","Zork I: The Great Underground Empire"
"Firefighters 2014: The Simulation Game","14275","Firefighters 2014: The Simulation Game","18300","3780","43","1","23","0","0","4.84","Firefighters 2014: The Simulation Game"
"Major League Baseball 2K7","14276","Major League Baseball 2K7","18300","360","183","1","4","0","0","50.83","Major League Baseball 2K7"
"DK: Jungle Climber","14277","DK: Jungle Climber","18300","2820","26","2","7","0","0","6.49","DK: Jungle Climber"
"Minions","14278","Minions","18300","12120","4","1","12","0","0","1.51","Minions"
"Moon Patrol","14279","Moon Patrol","18300","6120","12","2","12","0","0","2.99","Moon Patrol"
"Joy Ride Turbo","14280","Joy Ride Turbo","18300","4440","188","1","35","0","0","4.12","Joy Ride Turbo"
"WWE SLAM: Card Trader","14281","WWE SLAM: Card Trader","18300","4260","29","2","7","0","0","4.3","WWE SLAM: Card Trader"
"My Little Kitty Day Care","14282","My Little Kitty Day Care","18300","3600","20","1","7","0","0","5.08","My Little Kitty Day Care"
"Battlefield 1942: The Road to Rome","14283","Battlefield 1942: The Road to Rome","18300","9660","9","1","5","0","0","1.89","Battlefield 1942: The Road to Rome"
"Super Volley Blast","14284","Super Volley Blast","18300","3660","21","2","21","0","0","5","Super Volley Blast"
"Momotaro Dentetsu 15","14285","Momotaro Dentetsu 15","18240","420","76","1","2","0","0","43.43","Momotaro Dentetsu 15"
"Shrek-N-Roll","14286","Shrek-N-Roll","18240","240","294","1","3","0","0","76","Shrek-N-Roll"
"Naruto: Uzumaki Chronicles 2","14287","Naruto: Uzumaki Chronicles 2","18240","6480","20","1","24","0","0","2.81","Naruto: Uzumaki Chronicles 2"
"Blacksea Odyssey","14288","Blacksea Odyssey","18240","4020","54","1","13","0","0","4.54","Blacksea Odyssey"
"Press Your Luck 2010","14289","Press Your Luck 2010","18240","840","301","1","2","0","0","21.71","Press Your Luck 2010"
"Barbie Fashion Show: Eye for Style","14290","Barbie Fashion Show: Eye for Style","18240","19260","12","1","25","0","0","0.95","Barbie Fashion Show: Eye for Style"
"Hello Kitty to Issho! Block Crash 123!!","14291","Hello Kitty to Issho! Block Crash 123!!","18240","4980","143","1","9","0","0","3.66","Hello Kitty to Issho! Block Crash 123!!"
"DeathSpank: Thongs of Virtue","14292","DeathSpank: Thongs of Virtue","18180","7440","21","2","23","0","0","2.44","DeathSpank: Thongs of Virtue"
"World of Diving","14293","World of Diving","18180","3900","38","2","20","0","0","4.66","World of Diving"
"Brutal: Paws of Fury","14294","Brutal: Paws of Fury","18180","1080","41","1","4","0","0","16.83","Brutal: Paws of Fury"
"The Old Tree","14295","The Old Tree","18180","3000","52","1","37","0","0","6.06","The Old Tree"
"Go Go Ackman","14296","Go Go Ackman","18180","2880","49","1","9","0","0","6.31","Go Go Ackman"
"Old Skool Classics","14297","Old Skool Classics","18180","7860","35","2","25","0","0","2.31","Old Skool Classics"
"Harvest Moon DS Cute","14298","Harvest Moon DS Cute","18180","2700","55","2","12","0","0","6.73","Harvest Moon DS Cute"
"Mahjong Titans","14299","Mahjong Titans","18180","9660","24","2","19","0","0","1.88","Mahjong Titans"
"Vib Ripple","14300","Vib Ripple","18180","240","300","1","2","0","0","75.75","Vib Ripple"