"","","Game","Watch time","Stream time","Peak viewers","Peak channels","Streamers","Average viewers","Average channels","Average viewer ratio",""
"Freeway","8101","Freeway","145560","3300","525","1","24","0","0","44.11","Freeway"
"PlataGo!","8102","PlataGo!","145560","1080","844","1","6","0","0","134.78","PlataGo!"
"Meanders","8103","Meanders","145440","14100","1021","3","64","0","0","10.31","Meanders"
"Fisher-Price: Perfect Fit","8104","Fisher-Price: Perfect Fit","145440","780","426","1","4","0","0","186.46","Fisher-Price: Perfect Fit"
"Beavis and Butt-head in Virtual Stupidity","8105","Beavis and Butt-head in Virtual Stupidity","145380","3600","512","1","14","0","0","40.38","Beavis and Butt-head in Virtual Stupidity"
"Bloody Roar","8106","Bloody Roar","145320","5700","1225","1","35","0","0","25.49","Bloody Roar"
"Assassin's Creed: Freedom Cry","8107","Assassin's Creed: Freedom Cry","145320","43620","163","3","776","0","0","3.33","Assassin's Creed: Freedom Cry"
"S.C.A: Sexually Customized Android in This Renewing World","8108","S.C.A: Sexually Customized Android in This Renewing World","145260","420","900","1","2","0","0","345.86","S.C.A: Sexually Customized Android in This Renewing World"
"Freddi Fish and the Case of the Missing Kelp Seeds","8109","Freddi Fish and the Case of the Missing Kelp Seeds","145260","15180","177","2","123","0","0","9.57","Freddi Fish and the Case of the Missing Kelp Seeds"
"Rogue Wizards","8110","Rogue Wizards","145260","3780","407","1","11","0","0","38.43","Rogue Wizards"
"Zombie Driver","8111","Zombie Driver","145200","13560","1748","1","76","0","0","10.71","Zombie Driver"
"Scalextric","8112","Scalextric","145140","1860","1515","1","4","0","0","78.03","Scalextric"
"Hector: Badge of Carnage","8113","Hector: Badge of Carnage","145140","10860","215","2","41","0","0","13.36","Hector: Badge of Carnage"
"Long Gone Days","8114","Long Gone Days","145140","13800","369","3","64","0","0","10.52","Long Gone Days"
"Bonk's Adventure","8115","Bonk's Adventure","145020","6660","415","3","49","0","0","21.77","Bonk's Adventure"
"Nickelodeon: Rocket Power - Beach Bandits","8116","Nickelodeon: Rocket Power - Beach Bandits","144900","6420","1742","2","20","0","0","22.57","Nickelodeon: Rocket Power - Beach Bandits"
"Just Cause","8117","Just Cause","144900","53160","305","3","196","0","0","2.73","Just Cause"
"Leisure Suit Larry: Box Office Bust","8118","Leisure Suit Larry: Box Office Bust","144840","1920","976","1","6","0","0","75.44","Leisure Suit Larry: Box Office Bust"
"Mstar Online","8119","Mstar Online","144660","45420","244","2","89","0","0","3.18","Mstar Online"
"Atelier Escha & Logy: Alchemists of the Dusk Sky","8120","Atelier Escha & Logy: Alchemists of the Dusk Sky","144600","22620","153","2","21","0","0","6.39","Atelier Escha & Logy: Alchemists of the Dusk Sky"
"Art World","8121","Art World","144600","92640","28","4","220","0","0","1.56","Art World"
"Catacomb Kids","8122","Catacomb Kids","144540","25140","206","2","69","0","0","5.75","Catacomb Kids"
"Arcana Heart 3: LOVE MAX!!!!!","8123","Arcana Heart 3: LOVE MAX!!!!!","144480","13500","889","3","103","0","0","10.7","Arcana Heart 3: LOVE MAX!!!!!"
"OGame","8124","OGame","144480","9600","1981","2","38","0","0","15.05","OGame"
"Christmas Shopping Simulator","8125","Christmas Shopping Simulator","144420","3240","658","2","30","0","0","44.57","Christmas Shopping Simulator"
"Hunting Simulator","8126","Hunting Simulator","144360","93480","204","6","472","0","0","1.54","Hunting Simulator"
"Rhapsody: A Musical Adventure","8127","Rhapsody: A Musical Adventure","144300","20340","165","2","34","0","0","7.09","Rhapsody: A Musical Adventure"
"Tokyo Twilight Ghost Hunters","8128","Tokyo Twilight Ghost Hunters","144240","7020","1208","2","15","0","0","20.55","Tokyo Twilight Ghost Hunters"
"Dark Side of the Moon","8129","Dark Side of the Moon","144180","1260","169","1","1","0","0","114.43","Dark Side of the Moon"
"Ninja Tycoon","8130","Ninja Tycoon","144000","7800","541","3","56","0","0","18.46","Ninja Tycoon"
"Songbringer","8131","Songbringer","143940","20520","380","3","98","0","0","7.01","Songbringer"
"Who Wants To Be A Millionaire","8132","Who Wants To Be A Millionaire","143940","4980","508","2","25","0","0","28.9","Who Wants To Be A Millionaire"
"In the Groove","8133","In the Groove","143880","32640","244","2","46","0","0","4.41","In the Groove"
"Natural Selection","8134","Natural Selection","143880","118800","59","2","27","0","0","1.21","Natural Selection"
"CryoFall","8135","CryoFall","143820","19740","1152","3","50","0","0","7.29","CryoFall"
"E.T. The Extra-Terrestrial","8136","E.T. The Extra-Terrestrial","143760","7380","891","1","37","0","0","19.48","E.T. The Extra-Terrestrial"
"Eagle Island","8137","Eagle Island","143760","7800","616","1","26","0","0","18.43","Eagle Island"
"Botlike - a robot's rampage","8138","Botlike - a robot's rampage","143640","6180","346","2","26","0","0","23.24","Botlike - a robot's rampage"
"Joe & Mac: Caveman Ninja","8139","Joe & Mac: Caveman Ninja","143520","12180","991","2","54","0","0","11.78","Joe & Mac: Caveman Ninja"
"Samurai Shodown III: Blades of Blood","8140","Samurai Shodown III: Blades of Blood","143460","1680","1149","1","13","0","0","85.39","Samurai Shodown III: Blades of Blood"
"Atelier Rorona Plus: The Alchemist of Arland","8141","Atelier Rorona Plus: The Alchemist of Arland","143400","37020","115","4","45","0","0","3.87","Atelier Rorona Plus: The Alchemist of Arland"
"Hatoful Boyfriend: Holiday Star","8142","Hatoful Boyfriend: Holiday Star","143340","19140","270","3","89","0","0","7.49","Hatoful Boyfriend: Holiday Star"
"Shellshock","8143","Shellshock","143340","33240","377","3","303","0","0","4.31","Shellshock"
"Touhou 11 - Subterranean Animism","8144","Touhou 11 - Subterranean Animism","143280","37200","361","3","195","0","0","3.85","Touhou 11 - Subterranean Animism"
"Cytus","8145","Cytus","143160","28620","252","6","201","0","0","5","Cytus"
"Dr. Jekyll and Mr. Hyde","8146","Dr. Jekyll and Mr. Hyde","143160","8940","452","2","42","0","0","16.01","Dr. Jekyll and Mr. Hyde"
"The Legend of Oasis","8147","The Legend of Oasis","143160","13140","807","2","16","0","0","10.89","The Legend of Oasis"
"Fear of Clowns","8148","Fear of Clowns","143160","6120","419","2","43","0","0","23.39","Fear of Clowns"
"Petka 2: Judgment Day","8149","Petka 2: Judgment Day","143100","1560","695","1","11","0","0","91.73","Petka 2: Judgment Day"
"Atelier Iris: Eternal Mana","8150","Atelier Iris: Eternal Mana","143100","29040","98","2","30","0","0","4.93","Atelier Iris: Eternal Mana"
"Nancy Drew: Labyrinth of Lies","8151","Nancy Drew: Labyrinth of Lies","143040","10500","297","2","28","0","0","13.62","Nancy Drew: Labyrinth of Lies"
"Harvest Moon","8152","Harvest Moon","142920","27540","112","2","107","0","0","5.19","Harvest Moon"
"BlazBlue: Chrono Phantasma","8153","BlazBlue: Chrono Phantasma","142920","13320","348","2","77","0","0","10.73","BlazBlue: Chrono Phantasma"
"Stalker Online","8154","Stalker Online","142920","93960","472","3","178","0","0","1.52","Stalker Online"
"Slingray","8155","Slingray","142920","5160","63","2","2","0","0","27.7","Slingray"
"Quest for Glory II: Trial by Fire","8156","Quest for Glory II: Trial by Fire","142860","9660","1837","2","16","0","0","14.79","Quest for Glory II: Trial by Fire"
"Shatterhand","8157","Shatterhand","142680","6960","383","4","43","0","0","20.5","Shatterhand"
"軒轅劍外傳穹之扉(The Gate of Firmament)","8158","軒轅劍外傳穹之扉(The Gate of Firmament)","142620","20940","259","2","29","0","0","6.81","軒轅劍外傳穹之扉(The Gate of Firmament)"
"Airport Simulator 2019","8159","Airport Simulator 2019","142500","2820","802","1","16","0","0","50.53","Airport Simulator 2019"
"""A"" Find & Touch","8160","""A"" Find & Touch","142440","1140","645","1","2","0","0","124.95","""A"" Find & Touch"
"The Flintstones","8161","The Flintstones","142380","3060","722","1","11","0","0","46.53","The Flintstones"
"Stick It to the Man!","8162","Stick It to the Man!","142320","15360","1017","2","65","0","0","9.27","Stick It to the Man!"
"Dungeonmans","8163","Dungeonmans","142260","35340","55","3","58","0","0","4.03","Dungeonmans"
"Hard Time","8164","Hard Time","142260","14100","1662","2","82","0","0","10.09","Hard Time"
"Flintstones","8165","Flintstones","142200","2040","540","1","15","0","0","69.71","Flintstones"
"Fester's Quest","8166","Fester's Quest","142140","17340","284","2","41","0","0","8.2","Fester's Quest"
"The Quest of Ki","8167","The Quest of Ki","141840","3600","446","1","6","0","0","39.4","The Quest of Ki"
"Marathon","8168","Marathon","141780","33300","1466","2","56","0","0","4.26","Marathon"
"Nancy Drew: The White Wolf of Icicle Creek","8169","Nancy Drew: The White Wolf of Icicle Creek","141780","21480","130","2","57","0","0","6.6","Nancy Drew: The White Wolf of Icicle Creek"
"Donkey Kong Classics","8170","Donkey Kong Classics","141780","4740","2028","1","34","0","0","29.91","Donkey Kong Classics"
"F.Godmom","8171","F.Godmom","141660","8820","2328","3","30","0","0","16.06","F.Godmom"
"Dead and Buried","8172","Dead and Buried","141660","38640","576","2","278","0","0","3.67","Dead and Buried"
"Wild Buster: Heroes of Titan","8173","Wild Buster: Heroes of Titan","141540","34380","46","3","48","0","0","4.12","Wild Buster: Heroes of Titan"
"Disney's The Haunted Mansion","8174","Disney's The Haunted Mansion","141480","10980","1116","2","38","0","0","12.89","Disney's The Haunted Mansion"
"Zombie Vikings","8175","Zombie Vikings","141480","23820","177","2","91","0","0","5.94","Zombie Vikings"
"Penguin-Kun Wars","8176","Penguin-Kun Wars","141480","1320","872","1","6","0","0","107.18","Penguin-Kun Wars"
"Petka and Vasily Ivanovich save the galaxy","8177","Petka and Vasily Ivanovich save the galaxy","141360","5280","980","2","16","0","0","26.77","Petka and Vasily Ivanovich save the galaxy"
"Children of Zodiarcs","8178","Children of Zodiarcs","141180","29760","85","3","95","0","0","4.74","Children of Zodiarcs"
"Ganbare Goemon 2","8179","Ganbare Goemon 2","141120","420","1343","1","4","0","0","336","Ganbare Goemon 2"
"Ufouria: The Saga","8180","Ufouria: The Saga","141060","9120","285","4","31","0","0","15.47","Ufouria: The Saga"
"Ys II Eternal","8181","Ys II Eternal","141000","900","340","1","2","0","0","156.67","Ys II Eternal"
"NBA Jam Tournament Edition","8182","NBA Jam Tournament Edition","140880","16860","1609","2","77","0","0","8.36","NBA Jam Tournament Edition"
"Alex Kidd in Shinobi World","8183","Alex Kidd in Shinobi World","140820","2820","1786","2","18","0","0","49.94","Alex Kidd in Shinobi World"
"C: The Contra Adventure","8184","C: The Contra Adventure","140640","960","1838","1","5","0","0","146.5","C: The Contra Adventure"
"Quest Hunter","8185","Quest Hunter","140640","25320","70","3","96","0","0","5.55","Quest Hunter"
"Funk Unplugged","8186","Funk Unplugged","140580","11880","133","4","42","0","0","11.83","Funk Unplugged"
"The Final Specimen: Arrival","8187","The Final Specimen: Arrival","140400","180","2316","1","2","0","0","780","The Final Specimen: Arrival"
"Geist","8188","Geist","140400","7920","255","1","21","0","0","17.73","Geist"
"Creeper World 3","8189","Creeper World 3","140400","20400","980","3","84","0","0","6.88","Creeper World 3"
"Stella Glow","8190","Stella Glow","140340","25380","38","2","15","0","0","5.53","Stella Glow"
"Devotion","8191","Devotion","140220","40860","2360","1","9","0","0","3.43","Devotion"
"Pure Chess","8192","Pure Chess","140220","6660","1177","1","62","0","0","21.05","Pure Chess"
"One Deck Dungeon","8193","One Deck Dungeon","140220","29220","56","3","95","0","0","4.8","One Deck Dungeon"
"Outdoor Cosplay","8194","Outdoor Cosplay","140220","6360","1981","1","27","0","0","22.05","Outdoor Cosplay"
"Casino Kid","8195","Casino Kid","140160","13980","423","3","14","0","0","10.03","Casino Kid"
"Romance of the Three Kingdoms IV: Wall of Fire","8196","Romance of the Three Kingdoms IV: Wall of Fire","140100","3840","248","1","7","0","0","36.48","Romance of the Three Kingdoms IV: Wall of Fire"
"TheWaveVR","8197","TheWaveVR","140100","32640","514","5","62","0","0","4.29","TheWaveVR"
"Unexplored","8198","Unexplored","140040","29340","213","2","69","0","0","4.77","Unexplored"
"Animation Throwdown: The Quest for Cards","8199","Animation Throwdown: The Quest for Cards","140040","73860","37","2","204","0","0","1.9","Animation Throwdown: The Quest for Cards"
"Run and Jump","8200","Run and Jump","139920","2160","620","2","10","0","0","64.78","Run and Jump"