"","","Game","Watch time","Stream time","Peak viewers","Peak channels","Streamers","Average viewers","Average channels","Average viewer ratio",""
"The Operative: No One Lives Forever","4901","The Operative: No One Lives Forever","623880","47820","701","3","91","1","0","13.05","The Operative: No One Lives Forever"
"Street Fighter II': Champion Edition","4902","Street Fighter II': Champion Edition","623640","225060","15565","3","109","1","0","2.77","Street Fighter II': Champion Edition"
"Alliance Aligned","4903","Alliance Aligned","623520","6240","390","2","6","1","0","99.92","Alliance Aligned"
"Satellite Reign","4904","Satellite Reign","622440","154440","832","17","773","1","0","4.03","Satellite Reign"
"The 7th Guest","4905","The 7th Guest","621420","65760","247","6","152","1","0","9.45","The 7th Guest"
"A Boy and His Blob","4906","A Boy and His Blob","621420","35580","824","3","117","1","0","17.47","A Boy and His Blob"
"Neo Turf Masters","4907","Neo Turf Masters","621000","30720","1369","2","118","1","0","20.21","Neo Turf Masters"
"Pirates!","4908","Pirates!","620820","11820","3225","2","46","1","0","52.52","Pirates!"
"Ryu ga Gotoku Ishin!","4909","Ryu ga Gotoku Ishin!","620820","50220","1020","3","38","1","0","12.36","Ryu ga Gotoku Ishin!"
"Resident Evil: Code: Veronica","4910","Resident Evil: Code: Veronica","620400","47220","1571","3","110","1","0","13.14","Resident Evil: Code: Veronica"
"Populous: The Beginning","4911","Populous: The Beginning","620040","159240","2169","4","89","1","0","3.89","Populous: The Beginning"
"The Grinch","4912","The Grinch","619860","54660","1542","4","77","1","0","11.34","The Grinch"
"Pirate101","4913","Pirate101","619260","167760","1617","5","327","1","0","3.69","Pirate101"
"Fast Beat Loop Racer GT","4914","Fast Beat Loop Racer GT","619260","18360","25877","5","102","1","0","33.73","Fast Beat Loop Racer GT"
"Super Princess Peach","4915","Super Princess Peach","618600","21480","744","2","51","1","0","28.8","Super Princess Peach"
"Bonk.io","4916","Bonk.io","618420","40920","2507","3","252","1","0","15.11","Bonk.io"
"Best of PlayStation Network Vol. 1","4917","Best of PlayStation Network Vol. 1","618000","3060","2333","1","18","1","0","201.96","Best of PlayStation Network Vol. 1"
"Der Langrisser","4918","Der Langrisser","617760","21300","553","2","26","1","0","29","Der Langrisser"
"Ancient Legends","4919","Ancient Legends","617160","180","3601","1","1","1","0","3428.67","Ancient Legends"
"Wii Party","4920","Wii Party","617100","17700","4474","2","61","1","0","34.86","Wii Party"
"The Longest Five Minutes","4921","The Longest Five Minutes","616800","14400","5526","2","45","1","0","42.83","The Longest Five Minutes"
"The Room: Old Sins","4922","The Room: Old Sins","616740","13860","1486","2","62","1","0","44.5","The Room: Old Sins"
"Goemon's Great Adventure","4923","Goemon's Great Adventure","616320","31080","732","3","64","1","0","19.83","Goemon's Great Adventure"
"The Flintstones: The Surprise at Dinosaur Peak!","4924","The Flintstones: The Surprise at Dinosaur Peak!","615960","3960","1359","1","11","1","0","155.55","The Flintstones: The Surprise at Dinosaur Peak!"
"Snooker","4925","Snooker","615900","79560","1087","5","36","1","0","7.74","Snooker"
"Astray","4926","Astray","615840","3480","5066","2","24","1","0","176.97","Astray"
"Kebab it Up!","4927","Kebab it Up!","615720","1020","10031","1","11","1","0","603.65","Kebab it Up!"
"Sea Dogs","4928","Sea Dogs","615720","57120","2425","3","96","1","0","10.78","Sea Dogs"
"Avatar - The Last Airbender: Into the Inferno","4929","Avatar - The Last Airbender: Into the Inferno","615660","4620","2484","2","15","1","0","133.26","Avatar - The Last Airbender: Into the Inferno"
"Topps KICK","4930","Topps KICK","615540","28740","75","2","19","1","0","21.42","Topps KICK"
"Tracks: The Train Set Game","4931","Tracks: The Train Set Game","615540","29700","3268","2","102","1","0","20.73","Tracks: The Train Set Game"
"Crashlands","4932","Crashlands","615300","50220","516","5","194","1","0","12.25","Crashlands"
"Idle Heroes","4933","Idle Heroes","614760","74640","560","3","195","1","0","8.24","Idle Heroes"
"Superfighters Deluxe","4934","Superfighters Deluxe","614700","17040","4980","2","84","1","0","36.07","Superfighters Deluxe"
"Toukiden 2","4935","Toukiden 2","614220","161760","1273","4","482","1","0","3.8","Toukiden 2"
"Emergency 20","4936","Emergency 20","613920","37380","4812","4","138","1","0","16.42","Emergency 20"
"Delicious: Emily's Home Sweet Home","4937","Delicious: Emily's Home Sweet Home","613920","3600","1539","2","16","1","0","170.53","Delicious: Emily's Home Sweet Home"
"Roulette Simulator","4938","Roulette Simulator","613200","2520","693","1","10","1","0","243.33","Roulette Simulator"
"Magic: The Gathering Arena","4939","Magic: The Gathering Arena","612960","63000","780","17","704","1","0","9.73","Magic: The Gathering Arena"
"BattleCON Online","4940","BattleCON Online","612060","94080","139","6","84","1","0","6.51","BattleCON Online"
"Escape from Monkey Island","4941","Escape from Monkey Island","611820","40140","482","3","108","1","0","15.24","Escape from Monkey Island"
"Babysitting Mama","4942","Babysitting Mama","611340","13980","4607","1","10","1","0","43.73","Babysitting Mama"
"Point Blank 2","4943","Point Blank 2","611220","5880","2041","2","11","1","0","103.95","Point Blank 2"
"Five Nights at Freddy's 3","4944","Five Nights at Freddy's 3","610860","66000","2316","3","482","1","0","9.26","Five Nights at Freddy's 3"
"Dark Orbit","4945","Dark Orbit","610500","146580","558","4","410","1","0","4.16","Dark Orbit"
"Formula 1","4946","Formula 1","609720","25200","2791","3","155","1","0","24.2","Formula 1"
"Vib-Ribbon","4947","Vib-Ribbon","609180","4020","9715","2","19","1","0","151.54","Vib-Ribbon"
"Zone of the Enders","4948","Zone of the Enders","609060","26160","1945","3","101","1","0","23.28","Zone of the Enders"
"Tactics Ogre: Let Us Cling Together","4949","Tactics Ogre: Let Us Cling Together","608400","103860","305","4","125","1","0","5.86","Tactics Ogre: Let Us Cling Together"
"Neopets","4950","Neopets","608160","54540","1470","3","190","1","0","11.15","Neopets"
"Gargoyle's Quest II: The Demon Darkness","4951","Gargoyle's Quest II: The Demon Darkness","607620","6960","5072","3","34","1","0","87.3","Gargoyle's Quest II: The Demon Darkness"
"The King of Fighters '94","4952","The King of Fighters '94","607380","7620","1771","2","37","1","0","79.71","The King of Fighters '94"
"Dx2 Shin Megami Tensei: Liberation","4953","Dx2 Shin Megami Tensei: Liberation","606840","73800","368","9","164","1","0","8.22","Dx2 Shin Megami Tensei: Liberation"
"Cosmic Star Heroine","4954","Cosmic Star Heroine","606840","74400","1733","3","186","1","0","8.16","Cosmic Star Heroine"
"Chef","4955","Chef","606060","13980","826","5","90","1","0","43.35","Chef"
"Clandestine","4956","Clandestine","604920","22560","2406","3","87","1","0","26.81","Clandestine"
"Dai Gyakuten Saiban: Naruhodou Ryuunosuke no Bouken","4957","Dai Gyakuten Saiban: Naruhodou Ryuunosuke no Bouken","604740","19800","214","2","14","1","0","30.54","Dai Gyakuten Saiban: Naruhodou Ryuunosuke no Bouken"
"Kamaitachi no Yuro Advance","4958","Kamaitachi no Yuro Advance","604380","1740","1688","1","4","1","0","347.34","Kamaitachi no Yuro Advance"
"Wonder Wickets","4959","Wonder Wickets","604260","10800","1762","3","45","1","0","55.95","Wonder Wickets"
"Champions Online","4960","Champions Online","603960","220860","244","4","203","1","0","2.73","Champions Online"
"Casino Slot Machines","4961","Casino Slot Machines","603900","131820","352","3","151","1","0","4.58","Casino Slot Machines"
"Carpe Diem","4962","Carpe Diem","603540","8940","3760","1","101","1","0","67.51","Carpe Diem"
"Hollow","4963","Hollow","603120","42480","3976","3","240","1","0","14.2","Hollow"
"Aaero","4964","Aaero","603000","84420","937","4","375","1","0","7.14","Aaero"
"Stronghold Legends","4965","Stronghold Legends","603000","39000","8038","3","151","1","0","15.46","Stronghold Legends"
"Kid Dracula","4966","Kid Dracula","603000","7980","1577","2","37","1","0","75.56","Kid Dracula"
"Apotheon","4967","Apotheon","602820","67680","1326","3","247","1","0","8.91","Apotheon"
"Star Wars: Jedi Knight - Mysteries of the Sith","4968","Star Wars: Jedi Knight - Mysteries of the Sith","602520","25500","5834","2","46","1","0","23.63","Star Wars: Jedi Knight - Mysteries of the Sith"
"Mad Skills Motocross 2","4969","Mad Skills Motocross 2","602400","37080","2372","2","19","1","0","16.25","Mad Skills Motocross 2"
"Wario Land: Super Mario Land 3","4970","Wario Land: Super Mario Land 3","601920","47040","591","3","126","1","0","12.8","Wario Land: Super Mario Land 3"
"A.V.A: Dog Tag","4971","A.V.A: Dog Tag","601860","70080","1066","31","237","1","0","8.59","A.V.A: Dog Tag"
"Dr. Robotnik's Mean Bean Machine","4972","Dr. Robotnik's Mean Bean Machine","601380","48180","1268","2","177","1","0","12.48","Dr. Robotnik's Mean Bean Machine"
"Atlantica Online","4973","Atlantica Online","601140","80220","716","2","113","1","0","7.49","Atlantica Online"
"Paper Mario: Sticker Star","4974","Paper Mario: Sticker Star","600900","20280","303","2","37","1","0","29.63","Paper Mario: Sticker Star"
"Alto's Adventure","4975","Alto's Adventure","600360","11100","2350","2","90","1","0","54.09","Alto's Adventure"
"No One Lives Forever 2: A Spy in H.A.R.M.'s Way","4976","No One Lives Forever 2: A Spy in H.A.R.M.'s Way","600240","33420","1063","2","85","1","0","17.96","No One Lives Forever 2: A Spy in H.A.R.M.'s Way"
"That Dragon, Cancer","4977","That Dragon, Cancer","600240","25500","1443","2","148","1","0","23.54","That Dragon, Cancer"
"Tiny Echo","4978","Tiny Echo","600180","14460","6965","2","114","1","0","41.51","Tiny Echo"
"Illbleed","4979","Illbleed","600000","31620","588","2","62","1","0","18.98","Illbleed"
"Monster Hunter Stories","4980","Monster Hunter Stories","599820","62160","236","4","137","1","0","9.65","Monster Hunter Stories"
"Drakengard","4981","Drakengard","599760","64500","356","2","146","1","0","9.3","Drakengard"
"Dead or Alive 6","4982","Dead or Alive 6","599460","2760","3734","2","10","1","0","217.2","Dead or Alive 6"
"TV Station Manager","4983","TV Station Manager","599100","1011720","139","8","73","1","1","0.59","TV Station Manager"
"Mount & Blade II: Bannerlord","4984","Mount & Blade II: Bannerlord","599040","24420","2538","2","83","1","0","24.53","Mount & Blade II: Bannerlord"
"Hero Defense - Haunted Island","4985","Hero Defense - Haunted Island","598980","6420","946","3","40","1","0","93.3","Hero Defense - Haunted Island"
"FIFA 12","4986","FIFA 12","598740","12240","1780","2","82","1","0","48.92","FIFA 12"
"Zombasite","4987","Zombasite","598680","6240","1291","2","15","1","0","95.94","Zombasite"
"The Silent Age","4988","The Silent Age","598200","55260","1628","3","232","1","0","10.83","The Silent Age"
"In the Groove 2","4989","In the Groove 2","598080","301320","150","5","135","1","0","1.98","In the Groove 2"
"Kirby's Epic Yarn","4990","Kirby's Epic Yarn","598020","59520","1172","4","151","1","0","10.05","Kirby's Epic Yarn"
"Rides With Strangers","4991","Rides With Strangers","597960","5640","5084","1","47","1","0","106.02","Rides With Strangers"
"Samba de Amigo","4992","Samba de Amigo","597780","5520","5609","2","19","1","0","108.29","Samba de Amigo"
"Apollo Justice: Ace Attorney","4993","Apollo Justice: Ace Attorney","597540","75480","128","4","100","1","0","7.92","Apollo Justice: Ace Attorney"
"Kreed","4994","Kreed","597420","1200","3377","3","9","1","0","497.85","Kreed"
"Anachronox","4995","Anachronox","597300","31860","204","2","54","1","0","18.75","Anachronox"
"Evil Dead: Regeneration","4996","Evil Dead: Regeneration","597240","9480","2226","2","46","1","0","63","Evil Dead: Regeneration"
"Affected: The Manor","4997","Affected: The Manor","596880","21120","2083","2","212","1","0","28.26","Affected: The Manor"
"NASCAR Racing 2003 Season","4998","NASCAR Racing 2003 Season","596820","214020","72","11","163","1","0","2.79","NASCAR Racing 2003 Season"
"FPS Aim Trainer","4999","FPS Aim Trainer","596700","124620","792","7","499","1","0","4.79","FPS Aim Trainer"
"Prehistorik","5000","Prehistorik","596460","2160","2084","1","12","1","0","276.14","Prehistorik"