"","","Game","Watch time","Stream time","Peak viewers","Peak channels","Streamers","Average viewers","Average channels","Average viewer ratio",""
"The Legend of Heroes: Akatsuki no Kiseki","14101","The Legend of Heroes: Akatsuki no Kiseki","19200","2700","34","3","10","0","0","7.11","The Legend of Heroes: Akatsuki no Kiseki"
"Tcheco in the Castle of Lucio","14102","Tcheco in the Castle of Lucio","19200","3360","81","1","25","0","0","5.71","Tcheco in the Castle of Lucio"
"Bitcoin Highway","14103","Bitcoin Highway","19200","6240","29","1","5","0","0","3.08","Bitcoin Highway"
"New Super Marisa Land","14104","New Super Marisa Land","19200","5280","40","1","15","0","0","3.64","New Super Marisa Land"
"Echo Night: Beyond","14105","Echo Night: Beyond","19200","4980","35","1","10","0","0","3.86","Echo Night: Beyond"
"Monkey Puncher","14106","Monkey Puncher","19200","3540","140","2","4","0","0","5.42","Monkey Puncher"
"Pac-in-Time","14107","Pac-in-Time","19200","1860","33","1","4","0","0","10.32","Pac-in-Time"
"Anno 1602: Erschaffung einer neuen Welt - Im Namen des Königs","14108","Anno 1602: Erschaffung einer neuen Welt - Im Namen des Königs","19200","3840","77","2","17","0","0","5","Anno 1602: Erschaffung einer neuen Welt - Im Namen des Königs"
"NCAA Basketball 10","14109","NCAA Basketball 10","19200","6060","111","1","11","0","0","3.17","NCAA Basketball 10"
"TechnoMage: Return of Eternity","14110","TechnoMage: Return of Eternity","19200","7200","100","1","7","0","0","2.67","TechnoMage: Return of Eternity"
"Fifa Online","14111","Fifa Online","19200","4500","247","1","23","0","0","4.27","Fifa Online"
"Megabyte Punch","14112","Megabyte Punch","19200","7680","17","2","32","0","0","2.5","Megabyte Punch"
"Gladius VR","14113","Gladius VR","19200","600","123","1","8","0","0","32","Gladius VR"
"Death Rally","14114","Death Rally","19140","16500","12","1","52","0","0","1.16","Death Rally"
"Garry Kitchen's Battletank","14115","Garry Kitchen's Battletank","19140","240","167","1","3","0","0","79.75","Garry Kitchen's Battletank"
"Inazuma Eleven GO: Galaxy","14116","Inazuma Eleven GO: Galaxy","19140","4320","22","1","12","0","0","4.43","Inazuma Eleven GO: Galaxy"
"Excitebots: Trick Racing","14117","Excitebots: Trick Racing","19140","2580","65","1","12","0","0","7.42","Excitebots: Trick Racing"
"Yu-Gi-Oh! GX Tag Force 3","14118","Yu-Gi-Oh! GX Tag Force 3","19140","11820","13","2","45","0","0","1.62","Yu-Gi-Oh! GX Tag Force 3"
"ode","14119","ode","19140","2940","40","1","20","0","0","6.51","ode"
"Dragon Quest: Monster Parade","14120","Dragon Quest: Monster Parade","19140","5940","14","1","5","0","0","3.22","Dragon Quest: Monster Parade"
"Lies of Astaroth","14121","Lies of Astaroth","19140","9240","22","2","39","0","0","2.07","Lies of Astaroth"
"Anime Freak FX Vol. 3","14122","Anime Freak FX Vol. 3","19140","600","103","1","6","0","0","31.9","Anime Freak FX Vol. 3"
"Life in Bunker","14123","Life in Bunker","19140","4860","26","1","17","0","0","3.94","Life in Bunker"
"Space Hulk: Vengeance of the Blood Angels","14124","Space Hulk: Vengeance of the Blood Angels","19080","3180","33","1","8","0","0","6","Space Hulk: Vengeance of the Blood Angels"
"Evel Knievel","14125","Evel Knievel","19080","480","228","4","5","0","0","39.75","Evel Knievel"
"Spectrobes: Origins","14126","Spectrobes: Origins","19080","4320","14","1","13","0","0","4.42","Spectrobes: Origins"
"World of Dragon Warrior: Torneko: The Last Hope","14127","World of Dragon Warrior: Torneko: The Last Hope","19080","7080","23","1","18","0","0","2.69","World of Dragon Warrior: Torneko: The Last Hope"
"Styx","14128","Styx","19080","6480","50","2","29","0","0","2.94","Styx"
"Star Trek: Deep Space Nine - Crossroads of Time","14129","Star Trek: Deep Space Nine - Crossroads of Time","19080","900","232","1","6","0","0","21.2","Star Trek: Deep Space Nine - Crossroads of Time"
"Agent Hugo: Lemoon Twist","14130","Agent Hugo: Lemoon Twist","19080","5940","16","2","9","0","0","3.21","Agent Hugo: Lemoon Twist"
"My Little Pony: Pinkie Pie's Party","14131","My Little Pony: Pinkie Pie's Party","19080","11100","14","1","28","0","0","1.72","My Little Pony: Pinkie Pie's Party"
"Magical Drop V","14132","Magical Drop V","19020","2340","58","1","16","0","0","8.13","Magical Drop V"
"Collapse","14133","Collapse","19020","7440","15","2","25","0","0","2.56","Collapse"
"Tokimeki Memorial Girl's Side","14134","Tokimeki Memorial Girl's Side","19020","1140","44","1","4","0","0","16.68","Tokimeki Memorial Girl's Side"
"Space Invaders","14135","Space Invaders","19020","14580","34","1","38","0","0","1.3","Space Invaders"
"Survivor Squad","14136","Survivor Squad","19020","3420","53","2","11","0","0","5.56","Survivor Squad"
"Royal Blood","14137","Royal Blood","19020","7740","41","3","36","0","0","2.46","Royal Blood"
"Final Fantasy Crystal Chronicles: Ring of Fates","14138","Final Fantasy Crystal Chronicles: Ring of Fates","19020","7500","15","2","14","0","0","2.54","Final Fantasy Crystal Chronicles: Ring of Fates"
"Anno 1602: Creation of a New World","14139","Anno 1602: Creation of a New World","19020","5340","30","2","27","0","0","3.56","Anno 1602: Creation of a New World"
"Bravely Default: Flying Fairy","14140","Bravely Default: Flying Fairy","19020","7740","14","2","11","0","0","2.46","Bravely Default: Flying Fairy"
"Word Search by POWGI","14141","Word Search by POWGI","19020","11280","27","2","42","0","0","1.69","Word Search by POWGI"
"Super BurgerTime","14142","Super BurgerTime","19020","600","150","1","6","0","0","31.7","Super BurgerTime"
"Cosmic Express","14143","Cosmic Express","19020","5100","76","1","16","0","0","3.73","Cosmic Express"
"Awakening: The Sunhook Spire","14144","Awakening: The Sunhook Spire","19020","720","49","1","2","0","0","26.42","Awakening: The Sunhook Spire"
"Burger Shop 2","14145","Burger Shop 2","18960","5760","40","1","22","0","0","3.29","Burger Shop 2"
"Lunia: Record of Lunia War","14146","Lunia: Record of Lunia War","18960","14940","10","2","42","0","0","1.27","Lunia: Record of Lunia War"
"Heaven and Hearth","14147","Heaven and Hearth","18960","9360","78","1","19","0","0","2.03","Heaven and Hearth"
"Hill Climb Racing 2","14148","Hill Climb Racing 2","18960","30240","34","3","164","0","0","0.63","Hill Climb Racing 2"
"Colony 28","14149","Colony 28","18960","300","90","1","1","0","0","63.2","Colony 28"
"Halo 2600","14150","Halo 2600","18960","6600","12","1","2","0","0","2.87","Halo 2600"
"England International Football","14151","England International Football","18960","180","298","1","2","0","0","105.33","England International Football"
"Super Nichibutsu Mahjong","14152","Super Nichibutsu Mahjong","18960","1020","34","1","1","0","0","18.59","Super Nichibutsu Mahjong"
"Maji de Watashi ni Koishinasai! S","14153","Maji de Watashi ni Koishinasai! S","18960","6360","9","1","2","0","0","2.98","Maji de Watashi ni Koishinasai! S"
"Sam & Max Episode 201: Ice Station Santa","14154","Sam & Max Episode 201: Ice Station Santa","18960","4620","35","2","21","0","0","4.1","Sam & Max Episode 201: Ice Station Santa"
"Ghost Rider","14155","Ghost Rider","18960","3360","73","2","15","0","0","5.64","Ghost Rider"
"Eternal Winter","14156","Eternal Winter","18900","5100","32","2","35","0","0","3.71","Eternal Winter"
"Dai-3-Ji Super Robot Taisen","14157","Dai-3-Ji Super Robot Taisen","18900","3240","96","1","11","0","0","5.83","Dai-3-Ji Super Robot Taisen"
"Are You Smarter than a 5th Grader? Game Time","14158","Are You Smarter than a 5th Grader? Game Time","18900","180","312","2","2","0","0","105","Are You Smarter than a 5th Grader? Game Time"
"Over 9000 Zombies!","14159","Over 9000 Zombies!","18900","4380","34","2","32","0","0","4.32","Over 9000 Zombies!"
"Axis & Allies","14160","Axis & Allies","18900","8820","29","2","21","0","0","2.14","Axis & Allies"
"Chiller","14161","Chiller","18900","9600","21","1","48","0","0","1.97","Chiller"
"Fruit Ninja","14162","Fruit Ninja","18900","5400","62","1","46","0","0","3.5","Fruit Ninja"
"Football Manager 2014","14163","Football Manager 2014","18900","8760","11","1","26","0","0","2.16","Football Manager 2014"
"Hacker","14164","Hacker","18900","4860","69","1","23","0","0","3.89","Hacker"
"Heroes of Might and Magic Online","14165","Heroes of Might and Magic Online","18900","11460","20","2","28","0","0","1.65","Heroes of Might and Magic Online"
"Gain Ground","14166","Gain Ground","18900","3840","98","1","22","0","0","4.92","Gain Ground"
"3D Ultra Mini Golf","14167","3D Ultra Mini Golf","18900","2220","152","2","37","0","0","8.51","3D Ultra Mini Golf"
"Heart of China","14168","Heart of China","18900","1140","31","1","4","0","0","16.58","Heart of China"
"Superhero League of Hoboken","14169","Superhero League of Hoboken","18900","1020","33","1","3","0","0","18.53","Superhero League of Hoboken"
"Community Inc","14170","Community Inc","18900","5820","24","3","38","0","0","3.25","Community Inc"
"The Deletion","14171","The Deletion","18900","360","74","1","1","0","0","52.5","The Deletion"
"New World","14172","New World","18900","5700","119","2","14","0","0","3.32","New World"
"Moai No Hihou","14173","Moai No Hihou","18900","60","369","1","1","0","0","315","Moai No Hihou"
"Battle For The Sun","14174","Battle For The Sun","18900","540","102","1","4","0","0","35","Battle For The Sun"
"Tiny Tanks","14175","Tiny Tanks","18840","1140","116","1","9","0","0","16.53","Tiny Tanks"
"Pastry Lovers","14176","Pastry Lovers","18840","5820","14","2","20","0","0","3.24","Pastry Lovers"
"Alchemist's Awakening","14177","Alchemist's Awakening","18840","13980","9","2","12","0","0","1.35","Alchemist's Awakening"
"Ooh, Aah, & You: Fetch-a-Fruit","14178","Ooh, Aah, & You: Fetch-a-Fruit","18840","7680","58","2","17","0","0","2.45","Ooh, Aah, & You: Fetch-a-Fruit"
"MechCommander 2","14179","MechCommander 2","18840","6660","43","2","12","0","0","2.83","MechCommander 2"
"Star Command: Galaxies","14180","Star Command: Galaxies","18840","2760","75","1","12","0","0","6.83","Star Command: Galaxies"
"Racing Lagoon","14181","Racing Lagoon","18840","4320","18","1","8","0","0","4.36","Racing Lagoon"
"J.U.L.I.A. Among the Stars","14182","J.U.L.I.A. Among the Stars","18840","6000","22","1","9","0","0","3.14","J.U.L.I.A. Among the Stars"
"Spy Chameleon RGB Agent","14183","Spy Chameleon RGB Agent","18840","9060","51","1","43","0","0","2.08","Spy Chameleon RGB Agent"
"Woody Woodpecker: Escape from Buzz Buzzard Park","14184","Woody Woodpecker: Escape from Buzz Buzzard Park","18840","1200","95","1","6","0","0","15.7","Woody Woodpecker: Escape from Buzz Buzzard Park"
"Wonder Boy III: Monster Lair","14185","Wonder Boy III: Monster Lair","18840","4080","28","1","16","0","0","4.62","Wonder Boy III: Monster Lair"
"Major League Baseball 2K12","14186","Major League Baseball 2K12","18840","6300","37","1","26","0","0","2.99","Major League Baseball 2K12"
"Age of Empires II: The Forgotten","14187","Age of Empires II: The Forgotten","18840","11880","13","2","50","0","0","1.59","Age of Empires II: The Forgotten"
"Sphere This!","14188","Sphere This!","18840","7560","8","1","1","0","0","2.49","Sphere This!"
"Future Cop LAPD","14189","Future Cop LAPD","18780","8880","15","1","39","0","0","2.11","Future Cop LAPD"
"The Room Tribute","14190","The Room Tribute","18780","6180","43","1","31","0","0","3.04","The Room Tribute"
"Magic: The Gathering - Duels of the Planeswalkers 2014","14191","Magic: The Gathering - Duels of the Planeswalkers 2014","18780","17280","16","2","73","0","0","1.09","Magic: The Gathering - Duels of the Planeswalkers 2014"
"Zombies","14192","Zombies","18780","14040","29","2","71","0","0","1.34","Zombies"
"Pod","14193","Pod","18780","8700","97","2","40","0","0","2.16","Pod"
"Innergy","14194","Innergy","18780","60","313","1","1","0","0","313","Innergy"
"World Cup USA '94","14195","World Cup USA '94","18780","60","313","1","0","0","0","313","World Cup USA '94"
"Cthulhu Realms","14196","Cthulhu Realms","18780","7500","36","2","8","0","0","2.5","Cthulhu Realms"
"Food Drive","14197","Food Drive","18780","6180","78","2","35","0","0","3.04","Food Drive"
"Dab on 'em Haterz","14198","Dab on 'em Haterz","18720","1740","148","2","13","0","0","10.76","Dab on 'em Haterz"
"Inherit the Earth: Quest for the Orb","14199","Inherit the Earth: Quest for the Orb","18720","4140","38","2","9","0","0","4.52","Inherit the Earth: Quest for the Orb"
"Mobile Suit Gundam: Zeonic Front","14200","Mobile Suit Gundam: Zeonic Front","18720","4980","28","1","14","0","0","3.76","Mobile Suit Gundam: Zeonic Front"