"","","Game","Watch time","Stream time","Peak viewers","Peak channels","Streamers","Average viewers","Average channels","Average viewer ratio",""
"inFamous: First Light","1301","inFamous: First Light","9784680","49320","140776","9","816","18","0","198.39","inFamous: First Light"
"War of Rights","1302","War of Rights","9783000","187560","32058","22","577","18","0","52.16","War of Rights"
"Sniper Elite 4","1303","Sniper Elite 4","9780300","2491440","3986","48","10290","18","4","3.93","Sniper Elite 4"
"Disney's Aladdin","1304","Disney's Aladdin","9776700","121980","109214","10","522","18","0","80.15","Disney's Aladdin"
"New Super Mario Bros. 2","1305","New Super Mario Bros. 2","9770700","66780","127382","13","123","18","0","146.31","New Super Mario Bros. 2"
"Megaquarium","1306","Megaquarium","9719880","178260","22190","22","611","18","0","54.53","Megaquarium"
"Barbie Horse Adventures: Riding Camp","1307","Barbie Horse Adventures: Riding Camp","9714660","36600","39190","9","104","18","0","265.43","Barbie Horse Adventures: Riding Camp"
"Streets of Rage 2","1308","Streets of Rage 2","9703500","166980","117652","17","685","18","0","58.11","Streets of Rage 2"
"Five Nights at Freddy's","1309","Five Nights at Freddy's","9681060","873360","4871","33","4976","18","1","11.08","Five Nights at Freddy's"
"Amy","1310","Amy","9637380","8280","95760","10","25","18","0","1163.93","Amy"
"Stonehearth","1311","Stonehearth","9635040","605400","6747","10","1637","18","1","15.92","Stonehearth"
"Stifled","1312","Stifled","9604440","55860","29606","7","321","18","0","171.94","Stifled"
"Dungeon World","1313","Dungeon World","9603780","56760","5114","4","71","18","0","169.2","Dungeon World"
"Detention","1314","Detention","9587280","366360","4728","18","1735","18","0","26.17","Detention"
"Bully","1315","Bully","9558300","445800","5692","8","2014","18","0","21.44","Bully"
"Marvel vs. Capcom 2: New Age of Heroes","1316","Marvel vs. Capcom 2: New Age of Heroes","9553080","113520","8000","6","302","18","0","84.15","Marvel vs. Capcom 2: New Age of Heroes"
"Runbow","1317","Runbow","9526440","26520","103559","9","194","18","0","359.22","Runbow"
"7 Billion Humans","1318","7 Billion Humans","9512640","134280","10318","11","467","18","0","70.84","7 Billion Humans"
"The Legend of Heroes: Trails of Cold Steel II","1319","The Legend of Heroes: Trails of Cold Steel II","9502380","605520","3339","15","363","18","1","15.69","The Legend of Heroes: Trails of Cold Steel II"
"Staxel","1320","Staxel","9486900","902160","5727","69","3167","18","1","10.52","Staxel"
"It Lurks Below","1321","It Lurks Below","9478020","420600","11713","20","598","18","0","22.53","It Lurks Below"
"The Curious Expedition","1322","The Curious Expedition","9460260","72660","12681","4","231","18","0","130.2","The Curious Expedition"
"Retro Game Challenge","1323","Retro Game Challenge","9454860","197940","2192","4","162","17","0","47.77","Retro Game Challenge"
"Sky Noon","1324","Sky Noon","9453960","130680","28692","32","700","17","0","72.34","Sky Noon"
"Cat Quest","1325","Cat Quest","9441480","417300","95703","13","1569","17","0","22.63","Cat Quest"
"The Great Merchant","1326","The Great Merchant","9440220","673020","3545","10","182","17","1","14.03","The Great Merchant"
"Cave Story","1327","Cave Story","9438480","352320","7404","9","1237","17","0","26.79","Cave Story"
"The Surge","1328","The Surge","9413520","1545720","3781","20","4886","17","2","6.09","The Surge"
"Mobile Suit Gundam: Battle Operation 2","1329","Mobile Suit Gundam: Battle Operation 2","9411720","478200","1412","20","1142","17","0","19.68","Mobile Suit Gundam: Battle Operation 2"
"Scrabble","1330","Scrabble","9407400","52260","6769","4","141","17","0","180.01","Scrabble"
"Castlevania: Circle of the Moon","1331","Castlevania: Circle of the Moon","9406320","155520","128956","13","286","17","0","60.48","Castlevania: Circle of the Moon"
"RollerCoaster Tycoon 2","1332","RollerCoaster Tycoon 2","9399120","396060","5302","7","1271","17","0","23.73","RollerCoaster Tycoon 2"
"Hitman: Absolution","1333","Hitman: Absolution","9393240","575520","2889","11","2653","17","1","16.32","Hitman: Absolution"
"Miner Ultra Adventures","1334","Miner Ultra Adventures","9392700","23760","109657","8","187","17","0","395.32","Miner Ultra Adventures"
"Weave","1335","Weave","9392160","19800","6569","2","8","17","0","474.35","Weave"
"Curve Fever 3","1336","Curve Fever 3","9375120","4560","28204","3","34","17","0","2055.95","Curve Fever 3"
"Shin Hayarigami 2","1337","Shin Hayarigami 2","9366840","13320","6702","2","44","17","0","703.22","Shin Hayarigami 2"
"Princess Maker 5","1338","Princess Maker 5","9363180","49800","6101","5","133","17","0","188.02","Princess Maker 5"
"Lords of the Fallen","1339","Lords of the Fallen","9351660","740520","6038","11","3047","17","1","12.63","Lords of the Fallen"
"State of Mind","1340","State of Mind","9344100","118860","17823","25","367","17","0","78.61","State of Mind"
"Unworthy","1341","Unworthy","9341280","108420","21759","17","350","17","0","86.16","Unworthy"
"Capcom Beat 'Em Up Bundle","1342","Capcom Beat 'Em Up Bundle","9334620","139020","9585","23","683","17","0","67.15","Capcom Beat 'Em Up Bundle"
"Deadly Towers","1343","Deadly Towers","9321780","3000","103326","9","25","17","0","3107.26","Deadly Towers"
"Vaporum","1344","Vaporum","9301620","57720","12221","4","138","17","0","161.15","Vaporum"
"Home Alone 2: Lost in New York","1345","Home Alone 2: Lost in New York","9293340","6240","102755","8","44","17","0","1489.32","Home Alone 2: Lost in New York"
"In Verbis Virtus","1346","In Verbis Virtus","9287460","100680","6169","3","354","17","0","92.25","In Verbis Virtus"
"White Day: A Labyrinth Named School","1347","White Day: A Labyrinth Named School","9276960","351480","4340","17","949","17","0","26.39","White Day: A Labyrinth Named School"
"A Gummy's Life","1348","A Gummy's Life","9271560","8040","26469","4","45","17","0","1153.18","A Gummy's Life"
"Mega Man X3","1349","Mega Man X3","9262920","310440","11651","6","860","17","0","29.84","Mega Man X3"
"Aggressors: Ancient Rome","1350","Aggressors: Ancient Rome","9256140","10020","21006","6","22","17","0","923.77","Aggressors: Ancient Rome"
"Iris.Fall","1351","Iris.Fall","9244680","37320","32563","7","215","17","0","247.71","Iris.Fall"
"Kamiko","1352","Kamiko","9228900","33600","97186","10","130","17","0","274.67","Kamiko"
"Castle Crashers","1353","Castle Crashers","9208560","1098900","12726","29","7771","17","2","8.38","Castle Crashers"
"City Car Driving","1354","City Car Driving","9201900","81720","11708","3","476","17","0","112.6","City Car Driving"
"Castlevania: Harmony of Dissonance","1355","Castlevania: Harmony of Dissonance","9189840","126240","121383","9","237","17","0","72.8","Castlevania: Harmony of Dissonance"
"Sally Face","1356","Sally Face","9173640","203100","7419","15","761","17","0","45.17","Sally Face"
"Battle Chasers: Nightwar","1357","Battle Chasers: Nightwar","9168000","937920","3528","20","2218","17","1","9.77","Battle Chasers: Nightwar"
"Blackwake","1358","Blackwake","9163860","727440","11580","22","3927","17","1","12.6","Blackwake"
"The Quiet Man","1359","The Quiet Man","9163560","94260","33907","20","501","17","0","97.22","The Quiet Man"
"Gal*Gun 2","1360","Gal*Gun 2","9132000","145560","7967","8","483","17","0","62.74","Gal*Gun 2"
"Deiland","1361","Deiland","9126180","83820","22654","6","295","17","0","108.88","Deiland"
"Lufia II: Rise of the Sinistrals","1362","Lufia II: Rise of the Sinistrals","9118620","445620","12289","9","348","17","0","20.46","Lufia II: Rise of the Sinistrals"
"NBA G League","1363","NBA G League","9115800","29880","5844","6","51","17","0","305.08","NBA G League"
"Halo: Reach","1364","Halo: Reach","9108600","1973700","2019","22","5412","17","3","4.61","Halo: Reach"
"Chip 'N Dale: Rescue Rangers","1365","Chip 'N Dale: Rescue Rangers","9057360","105360","104579","11","310","17","0","85.97","Chip 'N Dale: Rescue Rangers"
"Identity","1366","Identity","9051360","111900","16014","93","610","17","0","80.89","Identity"
"Halo: Combat Evolved","1367","Halo: Combat Evolved","9046200","710100","2329","10","2161","17","1","12.74","Halo: Combat Evolved"
"NBA Live 19","1368","NBA Live 19","9040920","1585680","7703","68","2679","17","3","5.7","NBA Live 19"
"Spyro: Year of the Dragon","1369","Spyro: Year of the Dragon","9037440","617400","3965","10","1056","17","1","14.64","Spyro: Year of the Dragon"
"Faeria","1370","Faeria","9035760","723360","889","9","806","17","1","12.49","Faeria"
"The Cat Lady","1371","The Cat Lady","9030540","223020","12397","5","574","17","0","40.49","The Cat Lady"
"Batman Returns","1372","Batman Returns","9014280","21900","122241","7","111","17","0","411.61","Batman Returns"
"Mega Man 9","1373","Mega Man 9","9000300","169260","140066","11","415","17","0","53.17","Mega Man 9"
"Crash Bandicoot 2: Cortex Strikes Back","1374","Crash Bandicoot 2: Cortex Strikes Back","8980920","329220","4298","8","879","17","0","27.28","Crash Bandicoot 2: Cortex Strikes Back"
"HEX: Shards of Fate","1375","HEX: Shards of Fate","8977020","635280","661","12","337","17","1","14.13","HEX: Shards of Fate"
"Alundra","1376","Alundra","8976540","168000","5010","5","204","17","0","53.43","Alundra"
"Stay Close","1377","Stay Close","8974440","125280","14882","9","748","17","0","71.64","Stay Close"
"The Binding of Isaac","1378","The Binding of Isaac","8964540","442200","6453","8","2999","17","0","20.27","The Binding of Isaac"
"Lightning Returns: Final Fantasy XIII","1379","Lightning Returns: Final Fantasy XIII","8961840","406380","16836","8","615","17","0","22.05","Lightning Returns: Final Fantasy XIII"
"Divinity: Original Sin","1380","Divinity: Original Sin","8960760","2131800","1129","20","4448","17","4","4.2","Divinity: Original Sin"
"Dino Crisis","1381","Dino Crisis","8950680","238260","4708","5","591","17","0","37.57","Dino Crisis"
"Dungeon Defenders II","1382","Dungeon Defenders II","8947020","1832880","2151","16","4354","17","3","4.88","Dungeon Defenders II"
"Kirby's Adventure","1383","Kirby's Adventure","8934720","144660","117870","14","540","17","0","61.76","Kirby's Adventure"
"Dude, Stop","1384","Dude, Stop","8929320","47160","16046","7","323","16","0","189.34","Dude, Stop"
"Gauntlet Legends","1385","Gauntlet Legends","8927460","42060","81257","8","116","16","0","212.26","Gauntlet Legends"
"Deep Sky Derelicts","1386","Deep Sky Derelicts","8924520","155940","15509","14","413","16","0","57.23","Deep Sky Derelicts"
"Awesomenauts","1387","Awesomenauts","8919120","1116720","270","10","1865","16","2","7.99","Awesomenauts"
"Command & Conquer: Red Alert 2","1388","Command & Conquer: Red Alert 2","8915880","239100","2683","7","497","16","0","37.29","Command & Conquer: Red Alert 2"
"Rise of Industry","1389","Rise of Industry","8912640","130860","32671","12","568","16","0","68.11","Rise of Industry"
"Diablo II","1390","Diablo II","8906880","144120","11446","5","507","16","0","61.8","Diablo II"
"Sonic & All-Stars Racing Transformed","1391","Sonic & All-Stars Racing Transformed","8895600","418320","30323","15","2571","16","0","21.27","Sonic & All-Stars Racing Transformed"
"Scrap Mechanic","1392","Scrap Mechanic","8894640","505560","6900","9","2198","16","0","17.59","Scrap Mechanic"
"Tropico 4","1393","Tropico 4","8877000","175620","4541","4","505","16","0","50.55","Tropico 4"
"Everlasting Summer","1394","Everlasting Summer","8870880","450480","2030","10","1097","16","0","19.69","Everlasting Summer"
"Reigns: Game of Thrones","1395","Reigns: Game of Thrones","8856660","46140","26959","14","404","16","0","191.95","Reigns: Game of Thrones"
"Total War: Rome II","1396","Total War: Rome II","8827560","1462320","2110","23","3104","16","2","6.04","Total War: Rome II"
"Broforce","1397","Broforce","8801760","691980","12962","26","5265","16","1","12.72","Broforce"
"Ultima VI: The False Prophet","1398","Ultima VI: The False Prophet","8790240","4140","100772","5","20","16","0","2123.25","Ultima VI: The False Prophet"
"Honkai Impact 3","1399","Honkai Impact 3","8788140","739560","16310","16","929","16","1","11.88","Honkai Impact 3"
"FreezeME","1400","FreezeME","8778060","2520","99295","10","20","16","0","3483.36","FreezeME"