"","","Game","Watch time","Stream time","Peak viewers","Peak channels","Streamers","Average viewers","Average channels","Average viewer ratio",""
"Legacy of the Wizard","4501","Legacy of the Wizard","764340","20700","1761","3","36","1","0","36.92","Legacy of the Wizard"
"VoidExpanse","4502","VoidExpanse","763860","2940","6467","1","9","1","0","259.82","VoidExpanse"
"Submerged","4503","Submerged","762540","71160","26394","5","383","1","0","10.72","Submerged"
"Crash Bandicoot: The Wrath of Cortex","4504","Crash Bandicoot: The Wrath of Cortex","762360","112440","133","10","309","1","0","6.78","Crash Bandicoot: The Wrath of Cortex"
"Street Fighter IV","4505","Street Fighter IV","762000","45000","2865","3","288","1","0","16.93","Street Fighter IV"
"Tales of Destiny","4506","Tales of Destiny","761760","87960","511","3","87","1","0","8.66","Tales of Destiny"
"Metropolis: Lux Obscura","4507","Metropolis: Lux Obscura","761760","15900","4815","2","84","1","0","47.91","Metropolis: Lux Obscura"
"Force of Will - TCG","4508","Force of Will - TCG","761700","41040","238","2","61","1","0","18.56","Force of Will - TCG"
"Deep Dark Fight","4509","Deep Dark Fight","761520","1980","4986","1","14","1","0","384.61","Deep Dark Fight"
"Singularity","4510","Singularity","761340","135420","387","5","447","1","0","5.62","Singularity"
"The Sly Collection","4511","The Sly Collection","761340","46800","552","3","87","1","0","16.27","The Sly Collection"
"Plants vs. Zombies 2: It's About Time","4512","Plants vs. Zombies 2: It's About Time","760680","75600","1098","3","211","1","0","10.06","Plants vs. Zombies 2: It's About Time"
"Beyond the Void","4513","Beyond the Void","760380","5280","763","2","26","1","0","144.01","Beyond the Void"
"The Lost Vikings","4514","The Lost Vikings","760260","51000","590","2","143","1","0","14.91","The Lost Vikings"
"Super Mario Advance","4515","Super Mario Advance","760260","18240","1294","2","81","1","0","41.68","Super Mario Advance"
"Katamari Forever","4516","Katamari Forever","759420","35100","1673","3","143","1","0","21.64","Katamari Forever"
"Tekken 5","4517","Tekken 5","758760","23280","5594","2","120","1","0","32.59","Tekken 5"
"Metal Slug Anthology","4518","Metal Slug Anthology","757980","39600","2818","2","599","1","0","19.14","Metal Slug Anthology"
"MINDNIGHT","4519","MINDNIGHT","757500","185220","1154","7","997","1","0","4.09","MINDNIGHT"
"Wizardry 8","4520","Wizardry 8","757380","72480","5348","3","112","1","0","10.45","Wizardry 8"
"Hotel Transylvania 3: Monsters Overboard","4521","Hotel Transylvania 3: Monsters Overboard","757320","10020","1170","2","44","1","0","75.58","Hotel Transylvania 3: Monsters Overboard"
"The Four Kings Casino & Slots","4522","The Four Kings Casino & Slots","756480","84240","936","3","995","1","0","8.98","The Four Kings Casino & Slots"
"Reflex Arena","4523","Reflex Arena","755100","154020","415","4","254","1","0","4.9","Reflex Arena"
"Resident Evil Origins Collection","4524","Resident Evil Origins Collection","754920","349200","148","7","992","1","0","2.16","Resident Evil Origins Collection"
"Pot Farm","4525","Pot Farm","754920","4140","391","1","12","1","0","182.35","Pot Farm"
"Banned Memories: Yamanashi","4526","Banned Memories: Yamanashi","753900","480","7344","1","5","1","0","1570.63","Banned Memories: Yamanashi"
"Mario & Sonic at the London 2012 Olympic Games","4527","Mario & Sonic at the London 2012 Olympic Games","753720","2580","5124","2","21","1","0","292.14","Mario & Sonic at the London 2012 Olympic Games"
"Train Simulator 2017","4528","Train Simulator 2017","753540","37080","210","4","146","1","0","20.32","Train Simulator 2017"
"Star Stable","4529","Star Stable","753120","176460","1114","5","430","1","0","4.27","Star Stable"
"Azure Dreams","4530","Azure Dreams","752340","57720","1096","2","95","1","0","13.03","Azure Dreams"
"Xenosaga: Episode I - Der Wille zur Macht","4531","Xenosaga: Episode I - Der Wille zur Macht","751620","144840","151","4","182","1","0","5.19","Xenosaga: Episode I - Der Wille zur Macht"
"Dirt Showdown","4532","Dirt Showdown","751080","54180","3931","3","303","1","0","13.86","Dirt Showdown"
"Bravo Team","4533","Bravo Team","751080","67440","5721","17","495","1","0","11.14","Bravo Team"
"SteamWorld Heist","4534","SteamWorld Heist","750540","151680","369","5","519","1","0","4.95","SteamWorld Heist"
"Medal of Honor: Warfighter","4535","Medal of Honor: Warfighter","750360","52920","2334","3","280","1","0","14.18","Medal of Honor: Warfighter"
"Goosebumps: Escape from Horrorland","4536","Goosebumps: Escape from Horrorland","749520","6540","1338","1","23","1","0","114.61","Goosebumps: Escape from Horrorland"
"Akiba's Trip: Undead & Undressed","4537","Akiba's Trip: Undead & Undressed","749340","114120","335","4","541","1","0","6.57","Akiba's Trip: Undead & Undressed"
"Project Reality: BF2","4538","Project Reality: BF2","748980","120000","4400","6","212","1","0","6.24","Project Reality: BF2"
"CSI: Deadly Intent","4539","CSI: Deadly Intent","748860","1740","3726","1","8","1","0","430.38","CSI: Deadly Intent"
"Tetris: The Absolute - The Grand Master 2 PLUS","4540","Tetris: The Absolute - The Grand Master 2 PLUS","748800","59760","3681","3","98","1","0","12.53","Tetris: The Absolute - The Grand Master 2 PLUS"
"Last Bronx","4541","Last Bronx","748740","660","6283","2","8","1","0","1134.45","Last Bronx"
"Castaway Paradise","4542","Castaway Paradise","748260","19020","1330","4","55","1","0","39.34","Castaway Paradise"
"Delicious Deluxe","4543","Delicious Deluxe","747780","5940","1258","2","14","1","0","125.89","Delicious Deluxe"
"The Inner World","4544","The Inner World","747660","54360","935","2","172","1","0","13.75","The Inner World"
"Hades (1995)","4545","Hades (1995)","746880","27840","1305","34","147","1","0","26.83","Hades (1995)"
"Tower 57","4546","Tower 57","746820","23880","978","3","131","1","0","31.27","Tower 57"
"Garfield","4547","Garfield","746520","5880","7649","2","40","1","0","126.96","Garfield"
"The Longest Journey","4548","The Longest Journey","745320","122220","120","4","186","1","0","6.1","The Longest Journey"
"Riot: Civil Unrest","4549","Riot: Civil Unrest","745080","14100","7387","2","88","1","0","52.84","Riot: Civil Unrest"
"Close Me","4550","Close Me","744960","3600","4741","1","22","1","0","206.93","Close Me"
"007: Nightfire","4551","007: Nightfire","744180","94080","2622","3","169","1","0","7.91","007: Nightfire"
"Sprout","4552","Sprout","743220","4500","9367","1","55","1","0","165.16","Sprout"
"Yu-Gi-Oh! Duel Monsters","4553","Yu-Gi-Oh! Duel Monsters","742020","32040","4122","4","90","1","0","23.16","Yu-Gi-Oh! Duel Monsters"
"Lunar: Silver Star Story Complete","4554","Lunar: Silver Star Story Complete","741960","122460","166","4","131","1","0","6.06","Lunar: Silver Star Story Complete"
"TypeRacer","4555","TypeRacer","740940","87360","1216","5","547","1","0","8.48","TypeRacer"
"Warhammer 40,000: Eternal Crusade","4556","Warhammer 40,000: Eternal Crusade","739980","250860","1050","6","476","1","0","2.95","Warhammer 40,000: Eternal Crusade"
"Road Rash 64","4557","Road Rash 64","739620","12120","8671","3","39","1","0","61.02","Road Rash 64"
"Warcraft II: Beyond the Dark Portal","4558","Warcraft II: Beyond the Dark Portal","739560","53700","3461","3","79","1","0","13.77","Warcraft II: Beyond the Dark Portal"
"Street Warriors Online","4559","Street Warriors Online","739560","3420","1864","2","21","1","0","216.25","Street Warriors Online"
"Downfall","4560","Downfall","738900","62880","486","3","172","1","0","11.75","Downfall"
"Sonic the Hedgehog Chaos","4561","Sonic the Hedgehog Chaos","737460","22500","988","4","72","1","0","32.78","Sonic the Hedgehog Chaos"
"Lumino City","4562","Lumino City","737280","16440","3132","2","66","1","0","44.85","Lumino City"
"Mighty Gunvolt Burst","4563","Mighty Gunvolt Burst","737280","37740","4008","3","101","1","0","19.54","Mighty Gunvolt Burst"
"Monster Hunter Portable 3rd","4564","Monster Hunter Portable 3rd","736920","289140","115","7","614","1","0","2.55","Monster Hunter Portable 3rd"
"Black & White 2","4565","Black & White 2","736740","61560","788","3","170","1","0","11.97","Black & White 2"
"An American Tail","4566","An American Tail","736500","1080","9309","2","7","1","0","681.94","An American Tail"
"Enslaved: Odyssey to the West","4567","Enslaved: Odyssey to the West","736080","116700","3486","5","315","1","0","6.31","Enslaved: Odyssey to the West"
"Fate/Extella","4568","Fate/Extella","735900","220080","368","6","897","1","0","3.34","Fate/Extella"
"King's Field","4569","King's Field","734760","41520","649","2","69","1","0","17.7","King's Field"
"Ultima Underworld: The Stygian Abyss","4570","Ultima Underworld: The Stygian Abyss","733440","22620","255","2","36","1","0","32.42","Ultima Underworld: The Stygian Abyss"
"Meeple Station","4571","Meeple Station","733380","40500","992","6","213","1","0","18.11","Meeple Station"
"Super Dodge Ball","4572","Super Dodge Ball","733260","10320","10910","2","70","1","0","71.05","Super Dodge Ball"
"Dreams","4573","Dreams","732240","4560","3044","2","10","1","0","160.58","Dreams"
"Sneak King","4574","Sneak King","732180","5520","755","2","29","1","0","132.64","Sneak King"
"Buscaminas","4575","Buscaminas","730740","35340","1070","3","244","1","0","20.68","Buscaminas"
"Cradle","4576","Cradle","729540","25380","2245","2","79","1","0","28.74","Cradle"
"The King of Fighters '94 Re-bout","4577","The King of Fighters '94 Re-bout","728940","540","2978","1","6","1","0","1349.89","The King of Fighters '94 Re-bout"
"Tales of Symphonia: Dawn of the New World","4578","Tales of Symphonia: Dawn of the New World","728520","65880","2786","5","51","1","0","11.06","Tales of Symphonia: Dawn of the New World"
"Space Pirate Trainer","4579","Space Pirate Trainer","727680","72420","1811","3","563","1","0","10.05","Space Pirate Trainer"
"Dungeon Rushers","4580","Dungeon Rushers","727440","35040","4569","4","168","1","0","20.76","Dungeon Rushers"
"Robo Recall","4581","Robo Recall","727380","251460","499","5","1990","1","0","2.89","Robo Recall"
"Botanicula","4582","Botanicula","726780","49620","670","3","210","1","0","14.65","Botanicula"
"Valthirian Arc: Hero School Story","4583","Valthirian Arc: Hero School Story","726360","53340","864","8","203","1","0","13.62","Valthirian Arc: Hero School Story"
"ICO","4584","ICO","726000","67500","410","4","165","1","0","10.76","ICO"
"Caveblazers","4585","Caveblazers","725640","82500","3653","3","336","1","0","8.8","Caveblazers"
"Gift of Parthax","4586","Gift of Parthax","725280","4080","5070","3","25","1","0","177.76","Gift of Parthax"
"Jake Hunter Detective Story: Ghost of the Dusk","4587","Jake Hunter Detective Story: Ghost of the Dusk","725220","2040","2670","1","8","1","0","355.5","Jake Hunter Detective Story: Ghost of the Dusk"
"Densetsu no Stafy","4588","Densetsu no Stafy","724080","7800","5977","1","16","1","0","92.83","Densetsu no Stafy"
"Final Days","4589","Final Days","723660","5760","11025","2","21","1","0","125.64","Final Days"
"Mega Man ZX Advent","4590","Mega Man ZX Advent","723480","23520","3424","2","60","1","0","30.76","Mega Man ZX Advent"
"Battle Kid: Fortress of Peril","4591","Battle Kid: Fortress of Peril","723420","28080","2375","9","68","1","0","25.76","Battle Kid: Fortress of Peril"
"Island 359","4592","Island 359","723060","8460","2672","2","64","1","0","85.47","Island 359"
"Necropolis","4593","Necropolis","722700","208620","485","7","1003","1","0","3.46","Necropolis"
"Kitty Powers' Matchmaker","4594","Kitty Powers' Matchmaker","722460","41340","892","7","190","1","0","17.48","Kitty Powers' Matchmaker"
"Super Robot Taisen OG: The Moon Dwellers","4595","Super Robot Taisen OG: The Moon Dwellers","722340","142440","181","3","79","1","0","5.07","Super Robot Taisen OG: The Moon Dwellers"
"The Final Fantasy Legend","4596","The Final Fantasy Legend","721920","22860","9982","4","36","1","0","31.58","The Final Fantasy Legend"
"The Manga Works","4597","The Manga Works","721860","1260","2927","1","7","1","0","572.9","The Manga Works"
"DubWars","4598","DubWars","721800","35700","5444","5","288","1","0","20.22","DubWars"
"Concrete Genie","4599","Concrete Genie","721440","1080","5408","1","2","1","0","668","Concrete Genie"
"Taz-Mania","4600","Taz-Mania","721260","10680","13981","4","36","1","0","67.53","Taz-Mania"