"","","Game","Watch time","Stream time","Peak viewers","Peak channels","Streamers","Average viewers","Average channels","Average viewer ratio",""
"Sky Dancers","13501","Sky Dancers","22920","360","228","3","3","0","0","63.67","Sky Dancers"
"Konami Antiques: MSX Collection Vol. 1","13502","Konami Antiques: MSX Collection Vol. 1","22920","900","66","1","4","0","0","25.47","Konami Antiques: MSX Collection Vol. 1"
"There You Go","13503","There You Go","22920","180","375","1","3","0","0","127.33","There You Go"
"Dungeon of Zaar","13504","Dungeon of Zaar","22860","10020","22","4","40","0","0","2.28","Dungeon of Zaar"
"Cold Iron","13505","Cold Iron","22860","3240","147","1","25","0","0","7.06","Cold Iron"
"Re:Zero -Starting Life in Another World- Death or Kiss","13506","Re:Zero -Starting Life in Another World- Death or Kiss","22860","660","201","1","4","0","0","34.64","Re:Zero -Starting Life in Another World- Death or Kiss"
"Warlock","13507","Warlock","22860","2220","158","3","11","0","0","10.3","Warlock"
"BEEP","13508","BEEP","22860","6120","43","1","39","0","0","3.74","BEEP"
"N+","13509","N+","22860","22440","41","5","140","0","0","1.02","N+"
"The Survivors - Battle Royale","13510","The Survivors - Battle Royale","22860","10740","27","2","58","0","0","2.13","The Survivors - Battle Royale"
"Scooby Doo","13511","Scooby Doo","22800","6660","23","2","36","0","0","3.42","Scooby Doo"
"Kinetica","13512","Kinetica","22800","5700","44","1","44","0","0","4","Kinetica"
"Shin Megami Tensei: Imagine","13513","Shin Megami Tensei: Imagine","22800","7380","44","2","29","0","0","3.09","Shin Megami Tensei: Imagine"
"Xpand Rally Xtreme","13514","Xpand Rally Xtreme","22800","2400","174","1","11","0","0","9.5","Xpand Rally Xtreme"
"Microsoft Solitaire","13515","Microsoft Solitaire","22800","3420","80","2","24","0","0","6.67","Microsoft Solitaire"
"Teddy Floppy Ear: The Race","13516","Teddy Floppy Ear: The Race","22800","5400","35","2","32","0","0","4.22","Teddy Floppy Ear: The Race"
"Echoes III","13517","Echoes III","22800","840","209","2","9","0","0","27.14","Echoes III"
"American Chopper","13518","American Chopper","22740","600","156","1","4","0","0","37.9","American Chopper"
"Gihren no Yabou","13519","Gihren no Yabou","22740","1380","40","1","2","0","0","16.48","Gihren no Yabou"
"Floating Runner: Quest for the 7 Crystals","13520","Floating Runner: Quest for the 7 Crystals","22740","360","99","1","3","0","0","63.17","Floating Runner: Quest for the 7 Crystals"
"Juiced","13521","Juiced","22740","12840","30","2","42","0","0","1.77","Juiced"
"Game Party","13522","Game Party","22740","10140","18","2","26","0","0","2.24","Game Party"
"The Lord of the Rings: War of the Ring","13523","The Lord of the Rings: War of the Ring","22680","5820","55","2","29","0","0","3.9","The Lord of the Rings: War of the Ring"
"Run Like Hell","13524","Run Like Hell","22680","3540","165","2","23","0","0","6.41","Run Like Hell"
"Descent: Underground","13525","Descent: Underground","22680","3420","27","2","10","0","0","6.63","Descent: Underground"
"Steins;Gate 8-bit","13526","Steins;Gate 8-bit","22680","1920","96","1","3","0","0","11.81","Steins;Gate 8-bit"
"Ian's Eyes","13527","Ian's Eyes","22620","3240","52","1","23","0","0","6.98","Ian's Eyes"
"Katharsis","13528","Katharsis","22620","1020","129","1","8","0","0","22.18","Katharsis"
"Nightmarchers","13529","Nightmarchers","22620","1680","67","1","10","0","0","13.46","Nightmarchers"
"Downhill Slalom","13530","Downhill Slalom","22620","3420","51","1","3","0","0","6.61","Downhill Slalom"
"World of Warships Blitz","13531","World of Warships Blitz","22620","25020","11","2","107","0","0","0.9","World of Warships Blitz"
"Big Titty Teacher: Hentai School Life","13532","Big Titty Teacher: Hentai School Life","22620","14760","9","1","20","0","0","1.53","Big Titty Teacher: Hentai School Life"
"Mama Llama","13533","Mama Llama","22620","4620","18","1","4","0","0","4.9","Mama Llama"
"Kaizou Choujin Shubibinman Zero","13534","Kaizou Choujin Shubibinman Zero","22620","240","202","1","2","0","0","94.25","Kaizou Choujin Shubibinman Zero"
"Alice in Wonderland","13535","Alice in Wonderland","22620","7440","26","1","27","0","0","3.04","Alice in Wonderland"
"QbQbQb","13536","QbQbQb","22620","1980","28","1","4","0","0","11.42","QbQbQb"
"Executive Assault 2","13537","Executive Assault 2","22620","4980","36","2","29","0","0","4.54","Executive Assault 2"
"Summon Night","13538","Summon Night","22560","6120","12","1","9","0","0","3.69","Summon Night"
"Creeper World 2","13539","Creeper World 2","22560","9540","12","2","23","0","0","2.36","Creeper World 2"
"Sam & Max Episode 6: Bright Side of the Moon","13540","Sam & Max Episode 6: Bright Side of the Moon","22560","3600","41","2","18","0","0","6.27","Sam & Max Episode 6: Bright Side of the Moon"
"Wedding Peach","13541","Wedding Peach","22560","300","166","1","2","0","0","75.2","Wedding Peach"
"EZ2ON","13542","EZ2ON","22560","16560","10","2","47","0","0","1.36","EZ2ON"
"Rocker Rifle Range","13543","Rocker Rifle Range","22560","540","153","1","4","0","0","41.78","Rocker Rifle Range"
"Crimzon Clover","13544","Crimzon Clover","22560","6840","26","1","30","0","0","3.3","Crimzon Clover"
"Ougon Musou Kyoku Cross","13545","Ougon Musou Kyoku Cross","22560","15480","15","2","23","0","0","1.46","Ougon Musou Kyoku Cross"
"Fullmetal Alchemist 2: Curse of the Crimson Elixir","13546","Fullmetal Alchemist 2: Curse of the Crimson Elixir","22560","8460","15","2","18","0","0","2.67","Fullmetal Alchemist 2: Curse of the Crimson Elixir"
"Unearthed: Trail of Ibn Battuta","13547","Unearthed: Trail of Ibn Battuta","22560","1740","72","1","12","0","0","12.97","Unearthed: Trail of Ibn Battuta"
"Heroes of Arzar","13548","Heroes of Arzar","22560","7020","31","2","21","0","0","3.21","Heroes of Arzar"
"Civil Warfare: Another Bullet In The War","13549","Civil Warfare: Another Bullet In The War","22560","4560","230","3","48","0","0","4.95","Civil Warfare: Another Bullet In The War"
"Discordia","13550","Discordia","22560","9360","157","1","43","0","0","2.41","Discordia"
"Atari Flashback Classics vol. 1","13551","Atari Flashback Classics vol. 1","22560","3240","294","1","61","0","0","6.96","Atari Flashback Classics vol. 1"
"Vigilantes","13552","Vigilantes","22560","4140","16","2","12","0","0","5.45","Vigilantes"
"Hannah Montana: Spotlight World Tour","13553","Hannah Montana: Spotlight World Tour","22560","1560","178","1","5","0","0","14.46","Hannah Montana: Spotlight World Tour"
"We Are The Dwarves","13554","We Are The Dwarves","22500","7140","27","2","54","0","0","3.15","We Are The Dwarves"
"Die Gilde: Gaukler, Gruften & Geschütze","13555","Die Gilde: Gaukler, Gruften & Geschütze","22500","4560","83","2","21","0","0","4.93","Die Gilde: Gaukler, Gruften & Geschütze"
"Seeking Evil: The Wendigo","13556","Seeking Evil: The Wendigo","22500","1740","159","1","12","0","0","12.93","Seeking Evil: The Wendigo"
"Dungeon Defenders Eternity","13557","Dungeon Defenders Eternity","22500","5880","46","1","30","0","0","3.83","Dungeon Defenders Eternity"
"Empires: Dawn of the Modern World","13558","Empires: Dawn of the Modern World","22500","5700","119","1","29","0","0","3.95","Empires: Dawn of the Modern World"
"Inquisitor","13559","Inquisitor","22500","8400","15","1","30","0","0","2.68","Inquisitor"
"The Settlers: Fourth Edition","13560","The Settlers: Fourth Edition","22500","8640","13","2","20","0","0","2.6","The Settlers: Fourth Edition"
"BMX Simulator","13561","BMX Simulator","22440","16740","11","2","71","0","0","1.34","BMX Simulator"
"Dead to Rights","13562","Dead to Rights","22440","14280","16","2","48","0","0","1.57","Dead to Rights"
"Genji: Days of the Blade","13563","Genji: Days of the Blade","22440","1920","109","1","5","0","0","11.69","Genji: Days of the Blade"
"The Shivah","13564","The Shivah","22440","2700","127","1","17","0","0","8.31","The Shivah"
"There Came an Echo","13565","There Came an Echo","22440","7140","31","3","43","0","0","3.14","There Came an Echo"
"Dragon Ball Z: Attack of the Saiyans","13566","Dragon Ball Z: Attack of the Saiyans","22440","10680","22","1","35","0","0","2.1","Dragon Ball Z: Attack of the Saiyans"
"SimCity BuildIt","13567","SimCity BuildIt","22440","18960","19","2","51","0","0","1.18","SimCity BuildIt"
"The Sims 2: Nightlife","13568","The Sims 2: Nightlife","22440","3060","31","1","10","0","0","7.33","The Sims 2: Nightlife"
"Way of the Samurai","13569","Way of the Samurai","22440","8280","15","1","28","0","0","2.71","Way of the Samurai"
"Battlestations: Pacific","13570","Battlestations: Pacific","22440","12780","38","2","57","0","0","1.76","Battlestations: Pacific"
"Covert Ops: Nuclear Dawn","13571","Covert Ops: Nuclear Dawn","22440","4980","38","1","14","0","0","4.51","Covert Ops: Nuclear Dawn"
"Power Golf","13572","Power Golf","22440","60","391","1","1","0","0","374","Power Golf"
"Crisis in the Kremlin","13573","Crisis in the Kremlin","22440","6300","41","1","29","0","0","3.56","Crisis in the Kremlin"
"Dragon Quest: Shounen Yangus to Fushigi no Dungeon","13574","Dragon Quest: Shounen Yangus to Fushigi no Dungeon","22440","3960","15","1","4","0","0","5.67","Dragon Quest: Shounen Yangus to Fushigi no Dungeon"
"Ghostbusters World","13575","Ghostbusters World","22440","4080","103","2","17","0","0","5.5","Ghostbusters World"
"The Mom and Her Daughter are Hentai Slaves","13576","The Mom and Her Daughter are Hentai Slaves","22440","16620","9","2","7","0","0","1.35","The Mom and Her Daughter are Hentai Slaves"
"Stick RPG","13577","Stick RPG","22380","1560","87","2","10","0","0","14.35","Stick RPG"
"Choices, The Game","13578","Choices, The Game","22380","11520","12","1","16","0","0","1.94","Choices, The Game"
"Genesia Legacy","13579","Genesia Legacy","22380","1800","262","1","6","0","0","12.43","Genesia Legacy"
"Touhou 14.5 - Urban Legend in Limbo","13580","Touhou 14.5 - Urban Legend in Limbo","22380","4860","59","1","36","0","0","4.6","Touhou 14.5 - Urban Legend in Limbo"
"Lost","13581","Lost","22380","11280","20","2","24","0","0","1.98","Lost"
"Secret Agent","13582","Secret Agent","22380","4200","50","1","15","0","0","5.33","Secret Agent"
"Backyard Football","13583","Backyard Football","22380","3120","58","2","18","0","0","7.17","Backyard Football"
"Dead Pixels: An 8-Bit Zombie Sim","13584","Dead Pixels: An 8-Bit Zombie Sim","22380","7140","90","2","51","0","0","3.13","Dead Pixels: An 8-Bit Zombie Sim"
"Words With Friends","13585","Words With Friends","22380","3480","55","1","28","0","0","6.43","Words With Friends"
"Umineko no Naku Koro ni Episode 6 Dawn of the Golden Witch","13586","Umineko no Naku Koro ni Episode 6 Dawn of the Golden Witch","22380","11100","8","1","7","0","0","2.02","Umineko no Naku Koro ni Episode 6 Dawn of the Golden Witch"
"Mindjack","13587","Mindjack","22380","2340","33","1","4","0","0","9.56","Mindjack"
"Trains","13588","Trains","22380","4920","45","1","9","0","0","4.55","Trains"
"DreamWorks' Shark Tale","13589","DreamWorks' Shark Tale","22380","4020","38","2","20","0","0","5.57","DreamWorks' Shark Tale"
"Star Trek Timelines","13590","Star Trek Timelines","22320","14520","15","2","41","0","0","1.54","Star Trek Timelines"
"Dr. Lunatic Supreme with Cheese","13591","Dr. Lunatic Supreme with Cheese","22320","1140","165","1","8","0","0","19.58","Dr. Lunatic Supreme with Cheese"
"Hydrophobia Prophecy","13592","Hydrophobia Prophecy","22320","7560","29","2","35","0","0","2.95","Hydrophobia Prophecy"
"Fract OSC","13593","Fract OSC","22320","6960","36","2","24","0","0","3.21","Fract OSC"
"Warhawk","13594","Warhawk","22320","26640","24","5","32","0","0","0.84","Warhawk"
"TMNT: Mutant Melee","13595","TMNT: Mutant Melee","22320","1800","192","1","14","0","0","12.4","TMNT: Mutant Melee"
"Bust-A-Move 2: Arcade Edition","13596","Bust-A-Move 2: Arcade Edition","22260","8820","12","2","28","0","0","2.52","Bust-A-Move 2: Arcade Edition"
"The Stanley Parable: HD Remix","13597","The Stanley Parable: HD Remix","22260","12540","61","2","44","0","0","1.78","The Stanley Parable: HD Remix"
"Space Marines","13598","Space Marines","22260","7980","260","2","32","0","0","2.79","Space Marines"
"Ultimate General: Gettysburg","13599","Ultimate General: Gettysburg","22260","6120","63","2","29","0","0","3.64","Ultimate General: Gettysburg"
"Zen Pinball 2","13600","Zen Pinball 2","22260","17460","81","2","109","0","0","1.27","Zen Pinball 2"