"","","Game","Watch time","Stream time","Peak viewers","Peak channels","Streamers","Average viewers","Average channels","Average viewer ratio",""
"Bold Blade","6501","Bold Blade","281580","480","2571","2","3","0","0","586.63","Bold Blade"
"Pro Evolution Soccer 2","6502","Pro Evolution Soccer 2","281580","5160","4255","1","22","0","0","54.57","Pro Evolution Soccer 2"
"Dungeons of Dredmor","6503","Dungeons of Dredmor","281520","79620","131","3","245","0","0","3.54","Dungeons of Dredmor"
"Sonic the Hedgehog: Triple Trouble","6504","Sonic the Hedgehog: Triple Trouble","281400","4500","691","1","25","0","0","62.53","Sonic the Hedgehog: Triple Trouble"
"Morphine","6505","Morphine","281340","4500","3353","1","32","0","0","62.52","Morphine"
"The Terminator: Future Shock","6506","The Terminator: Future Shock","281100","5760","168","1","6","0","0","48.8","The Terminator: Future Shock"
"Darius Twin","6507","Darius Twin","280980","6720","2157","4","33","0","0","41.81","Darius Twin"
"Mighty Bomb Jack","6508","Mighty Bomb Jack","280800","1320","4671","1","12","0","0","212.73","Mighty Bomb Jack"
"Strife","6509","Strife","280800","46860","3636","2","182","0","0","5.99","Strife"
"Aerofly FS 2","6510","Aerofly FS 2","279900","10260","4353","2","51","0","0","27.28","Aerofly FS 2"
"Battleship","6511","Battleship","279720","12120","556","2","123","0","0","23.08","Battleship"
"Tigger's Honey Hunt","6512","Tigger's Honey Hunt","279660","16380","1908","2","32","0","0","17.07","Tigger's Honey Hunt"
"Toy Story 2","6513","Toy Story 2","279480","11040","1485","2","72","0","0","25.32","Toy Story 2"
"Need for Speed III: Hot Pursuit","6514","Need for Speed III: Hot Pursuit","279420","35520","464","2","201","0","0","7.87","Need for Speed III: Hot Pursuit"
"Gran Turismo 3 A-Spec","6515","Gran Turismo 3 A-Spec","279360","45060","614","3","113","0","0","6.2","Gran Turismo 3 A-Spec"
"Trauma Center: Second Opinion","6516","Trauma Center: Second Opinion","279240","23580","540","2","53","0","0","11.84","Trauma Center: Second Opinion"
"Clannad","6517","Clannad","279180","87300","78","3","188","0","0","3.2","Clannad"
"Dive!","6518","Dive!","279120","660","2412","1","11","0","0","422.91","Dive!"
"Midnight Club II","6519","Midnight Club II","279060","71940","133","4","135","0","0","3.88","Midnight Club II"
"Hybrid Heaven","6520","Hybrid Heaven","278940","29700","382","2","31","0","0","9.39","Hybrid Heaven"
"Bloody Trapland 2: Curiosity","6521","Bloody Trapland 2: Curiosity","278760","14040","1819","2","79","0","0","19.85","Bloody Trapland 2: Curiosity"
"Jak and Daxter Collection","6522","Jak and Daxter Collection","278640","42060","207","3","135","0","0","6.62","Jak and Daxter Collection"
"Gauntlet: Dark Legacy","6523","Gauntlet: Dark Legacy","278580","77160","117","3","229","0","0","3.61","Gauntlet: Dark Legacy"
"Yo-Kai Watch 2","6524","Yo-Kai Watch 2","278580","12600","730","2","25","0","0","22.11","Yo-Kai Watch 2"
"Shining in the Darkness","6525","Shining in the Darkness","278520","27300","202","2","45","0","0","10.2","Shining in the Darkness"
"The Black Death","6526","The Black Death","278520","71640","152","3","192","0","0","3.89","The Black Death"
"Lightfield","6527","Lightfield","278400","6960","1259","2","42","0","0","40","Lightfield"
"Heartbound","6528","Heartbound","278220","25440","343","5","186","0","0","10.94","Heartbound"
"Witching Tower","6529","Witching Tower","278040","2580","1576","2","15","0","0","107.77","Witching Tower"
"Guardian's Crusade","6530","Guardian's Crusade","278040","18360","1266","2","25","0","0","15.14","Guardian's Crusade"
"Swamp Thing","6531","Swamp Thing","277860","26760","3696","1","9","0","0","10.38","Swamp Thing"
"Jaseiken Necromancer","6532","Jaseiken Necromancer","277800","1680","4586","1","5","0","0","165.36","Jaseiken Necromancer"
"Ninjin: Clash of Carrots","6533","Ninjin: Clash of Carrots","277620","20640","327","4","98","0","0","13.45","Ninjin: Clash of Carrots"
"Dark Sector","6534","Dark Sector","277440","34860","353","3","119","0","0","7.96","Dark Sector"
"Forza Motorsport 4","6535","Forza Motorsport 4","277260","17700","321","3","58","0","0","15.66","Forza Motorsport 4"
"Infra","6536","Infra","276960","53760","343","3","111","0","0","5.15","Infra"
"Yu-Gi-Oh! Nightmare Troubadour","6537","Yu-Gi-Oh! Nightmare Troubadour","276720","5520","445","2","14","0","0","50.13","Yu-Gi-Oh! Nightmare Troubadour"
"FIFA Online 2","6538","FIFA Online 2","276540","4620","1543","1","18","0","0","59.86","FIFA Online 2"
"Fuck You","6539","Fuck You","276540","53940","45","3","60","0","0","5.13","Fuck You"
"Telly Addicts","6540","Telly Addicts","276120","180","2647","1","2","0","0","1534","Telly Addicts"
"Night Call","6541","Night Call","275880","240","2071","1","1","0","0","1149.5","Night Call"
"Upwards, Lonely Robot","6542","Upwards, Lonely Robot","275880","660","2027","1","3","0","0","418","Upwards, Lonely Robot"
"Neon Chrome","6543","Neon Chrome","275820","49920","606","3","230","0","0","5.53","Neon Chrome"
"Heliborne","6544","Heliborne","275700","55260","374","3","194","0","0","4.99","Heliborne"
"4Story","6545","4Story","275700","84000","48","6","181","0","0","3.28","4Story"
"Tom Clancy's Ghost Recon: Future Soldier","6546","Tom Clancy's Ghost Recon: Future Soldier","275280","62760","206","4","284","0","0","4.39","Tom Clancy's Ghost Recon: Future Soldier"
"Dora the Explorer","6547","Dora the Explorer","275280","1500","4495","1","10","0","0","183.52","Dora the Explorer"
"Carnival Games","6548","Carnival Games","275220","3540","2045","2","29","0","0","77.75","Carnival Games"
"Utawarerumono: Futari no Hakuoro","6549","Utawarerumono: Futari no Hakuoro","275220","82320","76","3","33","0","0","3.34","Utawarerumono: Futari no Hakuoro"
"Castlevania Judgment","6550","Castlevania Judgment","275040","5340","1582","2","24","0","0","51.51","Castlevania Judgment"
"X-Plane","6551","X-Plane","274860","272760","75","6","622","0","0","1.01","X-Plane"
"Trapt","6552","Trapt","274860","3360","1974","1","15","0","0","81.8","Trapt"
"Shin Megami Tensei","6553","Shin Megami Tensei","274860","64620","77","3","123","0","0","4.25","Shin Megami Tensei"
"Hidden Survivor","6554","Hidden Survivor","274800","1020","1572","1","4","0","0","269.41","Hidden Survivor"
"Defunct","6555","Defunct","274800","27300","794","2","111","0","0","10.07","Defunct"
"Robocraft Infinity","6556","Robocraft Infinity","274800","97740","1063","10","465","0","0","2.81","Robocraft Infinity"
"Korgan","6557","Korgan","274320","9240","1441","3","64","0","0","29.69","Korgan"
"Broken Sword: The Angel of Death","6558","Broken Sword: The Angel of Death","274200","20460","373","2","35","0","0","13.4","Broken Sword: The Angel of Death"
"Desperados: Wanted Dead or Alive","6559","Desperados: Wanted Dead or Alive","274200","45600","526","3","141","0","0","6.01","Desperados: Wanted Dead or Alive"
"Bob the Builder","6560","Bob the Builder","274080","4620","942","1","16","0","0","59.32","Bob the Builder"
"31","6561","31","274020","180","2005","1","3","0","0","1522.33","31"
"Final Doom","6562","Final Doom","273840","65880","633","2","194","0","0","4.16","Final Doom"
"First Samurai","6563","First Samurai","273780","1140","4448","1","8","0","0","240.16","First Samurai"
"Lego Batman 3: Beyond Gotham","6564","Lego Batman 3: Beyond Gotham","273660","88680","83","4","615","0","0","3.09","Lego Batman 3: Beyond Gotham"
"Pipe","6565","Pipe","273660","150120","333","8","904","0","0","1.82","Pipe"
"Whispering Willows","6566","Whispering Willows","273540","37740","174","2","181","0","0","7.25","Whispering Willows"
"BlazBlue: Chrono Phantasma Extend","6567","BlazBlue: Chrono Phantasma Extend","273420","106020","187","3","547","0","0","2.58","BlazBlue: Chrono Phantasma Extend"
"Age of Empires II: The Age of Kings","6568","Age of Empires II: The Age of Kings","273420","18600","1547","2","75","0","0","14.7","Age of Empires II: The Age of Kings"
"Shark Dating Simulator XL","6569","Shark Dating Simulator XL","273300","15900","741","3","149","0","0","17.19","Shark Dating Simulator XL"
"Rockman","6570","Rockman","272760","32700","394","2","87","0","0","8.34","Rockman"
"Ghost Files: The Face of Guilt","6571","Ghost Files: The Face of Guilt","272580","1740","1472","1","7","0","0","156.66","Ghost Files: The Face of Guilt"
"MotoGP","6572","MotoGP","272520","9840","710","5","41","0","0","27.7","MotoGP"
"Re-Volt","6573","Re-Volt","272400","56400","456","4","108","0","0","4.83","Re-Volt"
"Jurassic Park: Operation Genesis","6574","Jurassic Park: Operation Genesis","272340","60780","459","4","240","0","0","4.48","Jurassic Park: Operation Genesis"
"Veterans Online","6575","Veterans Online","272220","1680","1012","2","7","0","0","162.04","Veterans Online"
"Faxanadu","6576","Faxanadu","271380","25320","513","2","67","0","0","10.72","Faxanadu"
"Animal Crossing: Wild World","6577","Animal Crossing: Wild World","271380","37320","606","3","144","0","0","7.27","Animal Crossing: Wild World"
"Big Brother: The Game","6578","Big Brother: The Game","271200","9720","72","1","8","0","0","27.9","Big Brother: The Game"
"Hidden my game by mom","6579","Hidden my game by mom","271020","3120","564","1","20","0","0","86.87","Hidden my game by mom"
"Citystate","6580","Citystate","270960","8400","367","4","44","0","0","32.26","Citystate"
"Divine Divinity","6581","Divine Divinity","270840","83280","52","3","139","0","0","3.25","Divine Divinity"
"Harvest Moon: Magical Melody","6582","Harvest Moon: Magical Melody","270720","39960","444","2","97","0","0","6.77","Harvest Moon: Magical Melody"
"Ants","6583","Ants","270720","344040","16","4","45","0","0","0.79","Ants"
"Spookyman","6584","Spookyman","270540","660","2198","1","4","0","0","409.91","Spookyman"
"Swedish Touring Car Championship","6585","Swedish Touring Car Championship","270540","960","2423","1","3","0","0","281.81","Swedish Touring Car Championship"
"Command: Modern Air / Naval Operations","6586","Command: Modern Air / Naval Operations","270360","10740","477","2","30","0","0","25.17","Command: Modern Air / Naval Operations"
"Eye Must Jump","6587","Eye Must Jump","270120","1020","2545","1","7","0","0","264.82","Eye Must Jump"
"Skeleton Boomerang","6588","Skeleton Boomerang","269940","4200","1728","1","15","0","0","64.27","Skeleton Boomerang"
"Urban Terror","6589","Urban Terror","269760","60780","126","3","145","0","0","4.44","Urban Terror"
"Giant Machines 2017","6590","Giant Machines 2017","269160","9660","1197","1","38","0","0","27.86","Giant Machines 2017"
"WWE WrestleMania X8","6591","WWE WrestleMania X8","269100","2580","284","1","5","0","0","104.3","WWE WrestleMania X8"
"The Master","6592","The Master","269040","480","2389","1","4","0","0","560.5","The Master"
"Hattrick!","6593","Hattrick!","268980","34020","35","2","7","0","0","7.91","Hattrick!"
"Ranma 1/2","6594","Ranma 1/2","268860","3960","972","1","8","0","0","67.89","Ranma 1/2"
"GunValkyrie","6595","GunValkyrie","268680","2400","1842","1","12","0","0","111.95","GunValkyrie"
"Forza Horizon 4 (working title)","6596","Forza Horizon 4 (working title)","268620","11160","2582","2","58","0","0","24.07","Forza Horizon 4 (working title)"
"ZeroRanger","6597","ZeroRanger","268500","27180","164","4","53","0","0","9.88","ZeroRanger"
"Need for Speed Underground: Rivals","6598","Need for Speed Underground: Rivals","268260","4380","502","1","22","0","0","61.25","Need for Speed Underground: Rivals"
"Shadow of Destiny","6599","Shadow of Destiny","268200","19020","395","3","46","0","0","14.1","Shadow of Destiny"
"Pac-Man World","6600","Pac-Man World","268140","26640","509","5","105","0","0","10.07","Pac-Man World"