"","","Game","Watch time","Stream time","Peak viewers","Peak channels","Streamers","Average viewers","Average channels","Average viewer ratio",""
"The Secrets of the Forest","12901","The Secrets of the Forest","27420","2820","50","1","18","0","0","9.72","The Secrets of the Forest"
"Basement","12902","Basement","27420","12780","30","2","78","0","0","2.15","Basement"
"Cookie","12903","Cookie","27420","14040","159","1","10","0","0","1.95","Cookie"
"Sengoku Musou 4 Empires","12904","Sengoku Musou 4 Empires","27420","2340","56","1","6","0","0","11.72","Sengoku Musou 4 Empires"
"Super Robot Taisen Original Generation","12905","Super Robot Taisen Original Generation","27420","10680","23","2","19","0","0","2.57","Super Robot Taisen Original Generation"
"Blade Kitten","12906","Blade Kitten","27420","10500","42","2","51","0","0","2.61","Blade Kitten"
"Mavis Beacon Teaches Typing 5","12907","Mavis Beacon Teaches Typing 5","27420","60","457","1","1","0","0","457","Mavis Beacon Teaches Typing 5"
"Smuggler's Run","12908","Smuggler's Run","27420","4440","121","1","12","0","0","6.18","Smuggler's Run"
"Herdy Gerdy","12909","Herdy Gerdy","27420","20880","32","2","6","0","0","1.31","Herdy Gerdy"
"Conquest of the Crystal Palace","12910","Conquest of the Crystal Palace","27420","1260","125","1","9","0","0","21.76","Conquest of the Crystal Palace"
"Blue Horizon","12911","Blue Horizon","27420","1320","207","1","7","0","0","20.77","Blue Horizon"
"Zodicat","12912","Zodicat","27360","1020","59","1","3","0","0","26.82","Zodicat"
"Dust and Salt","12913","Dust and Salt","27360","1740","136","1","8","0","0","15.72","Dust and Salt"
"Lilie no Atelier: Salburg no Renkinjutsushi 3","12914","Lilie no Atelier: Salburg no Renkinjutsushi 3","27360","2100","204","1","1","0","0","13.03","Lilie no Atelier: Salburg no Renkinjutsushi 3"
"Snark Busters: High Society","12915","Snark Busters: High Society","27360","4440","36","1","6","0","0","6.16","Snark Busters: High Society"
"Save the Ninja Clan","12916","Save the Ninja Clan","27360","9540","79","2","31","0","0","2.87","Save the Ninja Clan"
"Sorcery! 2","12917","Sorcery! 2","27360","3420","29","1","10","0","0","8","Sorcery! 2"
"Shinrei Jusatsushi Taroumaru","12918","Shinrei Jusatsushi Taroumaru","27360","1140","98","1","6","0","0","24","Shinrei Jusatsushi Taroumaru"
"Skullmonkeys","12919","Skullmonkeys","27360","6840","88","2","40","0","0","4","Skullmonkeys"
"Alien Rage","12920","Alien Rage","27360","12960","20","2","74","0","0","2.11","Alien Rage"
"N","12921","N","27300","58080","18","3","100","0","0","0.47","N"
"Fire Pro Wrestling Returns","12922","Fire Pro Wrestling Returns","27300","31440","25","2","29","0","0","0.87","Fire Pro Wrestling Returns"
"Dragon Ball Z: Burst Limit","12923","Dragon Ball Z: Burst Limit","27300","5100","93","1","29","0","0","5.35","Dragon Ball Z: Burst Limit"
"Phantom 2040","12924","Phantom 2040","27300","2340","141","1","11","0","0","11.67","Phantom 2040"
"Warship Gunner 2","12925","Warship Gunner 2","27300","5880","50","1","6","0","0","4.64","Warship Gunner 2"
"Taekwondo","12926","Taekwondo","27300","2280","385","2","16","0","0","11.97","Taekwondo"
"Makai Wars","12927","Makai Wars","27300","2340","57","2","10","0","0","11.67","Makai Wars"
"Theotown","12928","Theotown","27300","5820","167","1","10","0","0","4.69","Theotown"
"Tapsonic TOP","12929","Tapsonic TOP","27240","12720","24","3","71","0","0","2.14","Tapsonic TOP"
"My Father's Long, Long Legs","12930","My Father's Long, Long Legs","27240","720","284","1","6","0","0","37.83","My Father's Long, Long Legs"
"Miracle Girls Festival","12931","Miracle Girls Festival","27240","7740","35","2","19","0","0","3.52","Miracle Girls Festival"
"Tower Wars","12932","Tower Wars","27240","5040","43","2","36","0","0","5.4","Tower Wars"
"Dead Dungeon","12933","Dead Dungeon","27180","900","234","1","8","0","0","30.2","Dead Dungeon"
"Vigilante 8","12934","Vigilante 8","27180","9060","213","2","32","0","0","3","Vigilante 8"
"Planet of the Eyes","12935","Planet of the Eyes","27180","4500","160","1","31","0","0","6.04","Planet of the Eyes"
"RPG Maker Fes","12936","RPG Maker Fes","27180","4620","95","2","15","0","0","5.88","RPG Maker Fes"
"Hero","12937","Hero","27180","8340","48","2","52","0","0","3.26","Hero"
"Tsuihou Senkyo","12938","Tsuihou Senkyo","27180","2040","61","2","4","0","0","13.32","Tsuihou Senkyo"
"Capture the Flag","12939","Capture the Flag","27120","3480","67","1","14","0","0","7.79","Capture the Flag"
"Dracula 5 The Blood Legacy","12940","Dracula 5 The Blood Legacy","27120","1020","149","1","4","0","0","26.59","Dracula 5 The Blood Legacy"
"Within a Deep Forest","12941","Within a Deep Forest","27120","8280","27","1","15","0","0","3.28","Within a Deep Forest"
"5 Days a Stranger","12942","5 Days a Stranger","27120","5220","34","2","22","0","0","5.2","5 Days a Stranger"
"Funk of Titans","12943","Funk of Titans","27120","2820","54","1","11","0","0","9.62","Funk of Titans"
"X-Men: Children of the Atom","12944","X-Men: Children of the Atom","27120","5220","56","2","33","0","0","5.2","X-Men: Children of the Atom"
"Ghosts","12945","Ghosts","27060","11280","89","2","19","0","0","2.4","Ghosts"
"Infernal","12946","Infernal","27060","5880","34","2","12","0","0","4.6","Infernal"
"Mission Critical","12947","Mission Critical","27060","1320","84","1","5","0","0","20.5","Mission Critical"
"Freddy Pharkas: Frontier Pharmacist","12948","Freddy Pharkas: Frontier Pharmacist","27060","3300","31","1","10","0","0","8.2","Freddy Pharkas: Frontier Pharmacist"
"Rockman EXE 4.5 Real Operation","12949","Rockman EXE 4.5 Real Operation","27060","7860","89","2","8","0","0","3.44","Rockman EXE 4.5 Real Operation"
"Lily's Day Off","12950","Lily's Day Off","27060","1620","83","1","12","0","0","16.7","Lily's Day Off"
"Zorro","12951","Zorro","27000","600","289","4","5","0","0","45","Zorro"
"Jagged Alliance 2: Wildfire","12952","Jagged Alliance 2: Wildfire","27000","16920","11","2","29","0","0","1.6","Jagged Alliance 2: Wildfire"
"Gals Panic","12953","Gals Panic","27000","660","106","1","5","0","0","40.91","Gals Panic"
"College Hoops 2K8","12954","College Hoops 2K8","27000","6060","26","1","11","0","0","4.46","College Hoops 2K8"
"Gummy Bears Mini-Golf","12955","Gummy Bears Mini-Golf","27000","16800","174","1","6","0","0","1.61","Gummy Bears Mini-Golf"
"SOUND VOLTEX","12956","SOUND VOLTEX","27000","14220","18","2","58","0","0","1.9","SOUND VOLTEX"
"Sam & Max Episode 301: The Penal Zone","12957","Sam & Max Episode 301: The Penal Zone","27000","5400","36","2","29","0","0","5","Sam & Max Episode 301: The Penal Zone"
"NBA 2K13","12958","NBA 2K13","27000","8520","124","1","55","0","0","3.17","NBA 2K13"
"The Wall","12959","The Wall","26940","8640","61","4","33","0","0","3.12","The Wall"
"Dead or Alive 5 Ultimate","12960","Dead or Alive 5 Ultimate","26940","5280","101","1","29","0","0","5.1","Dead or Alive 5 Ultimate"
"Fallout: Brotherhood of Steel","12961","Fallout: Brotherhood of Steel","26940","8760","82","1","24","0","0","3.08","Fallout: Brotherhood of Steel"
"Hyper Street Fighter II: The Anniversary Edition","12962","Hyper Street Fighter II: The Anniversary Edition","26940","2880","144","1","12","0","0","9.35","Hyper Street Fighter II: The Anniversary Edition"
"Disney Winnie the Pooh","12963","Disney Winnie the Pooh","26940","2520","117","1","17","0","0","10.69","Disney Winnie the Pooh"
"Blueprint Tycoon","12964","Blueprint Tycoon","26940","4380","77","1","22","0","0","6.15","Blueprint Tycoon"
"Typical Nightmare","12965","Typical Nightmare","26880","1320","101","1","11","0","0","20.36","Typical Nightmare"
"Seventh Dark","12966","Seventh Dark","26880","4740","17","1","10","0","0","5.67","Seventh Dark"
"Dreaming Mary","12967","Dreaming Mary","26880","7980","29","1","45","0","0","3.37","Dreaming Mary"
"Astro Duel Deluxe","12968","Astro Duel Deluxe","26880","660","239","1","3","0","0","40.73","Astro Duel Deluxe"
"1917 - The Alien Invasion DX","12969","1917 - The Alien Invasion DX","26880","720","169","1","7","0","0","37.33","1917 - The Alien Invasion DX"
"Global Adventures","12970","Global Adventures","26880","12360","30","3","31","0","0","2.17","Global Adventures"
"Super Hyperactive Ninja","12971","Super Hyperactive Ninja","26880","3240","51","2","27","0","0","8.3","Super Hyperactive Ninja"
"Ascension to the Throne","12972","Ascension to the Throne","26880","6780","351","1","18","0","0","3.96","Ascension to the Throne"
"Beast Wars: Transformers","12973","Beast Wars: Transformers","26880","1140","270","1","6","0","0","23.58","Beast Wars: Transformers"
"Talisman Prologue","12974","Talisman Prologue","26820","3780","64","2","13","0","0","7.1","Talisman Prologue"
"Digimon World DS","12975","Digimon World DS","26820","14400","18","2","35","0","0","1.86","Digimon World DS"
"Pro Farm Manager","12976","Pro Farm Manager","26820","240","438","1","2","0","0","111.75","Pro Farm Manager"
"Brett Hull Hockey 95","12977","Brett Hull Hockey 95","26820","15360","5","1","3","0","0","1.75","Brett Hull Hockey 95"
"Virtual Magic Kingdom","12978","Virtual Magic Kingdom","26820","1200","134","2","9","0","0","22.35","Virtual Magic Kingdom"
"Jett Rocket","12979","Jett Rocket","26760","2280","149","1","10","0","0","11.74","Jett Rocket"
"V","12980","V","26760","47040","84","23","1226","0","0","0.57","V"
"Sunrider: Liberation Day","12981","Sunrider: Liberation Day","26760","9120","23","2","16","0","0","2.93","Sunrider: Liberation Day"
"Bastard","12982","Bastard","26760","3360","35","2","15","0","0","7.96","Bastard"
"Other Worlds","12983","Other Worlds","26760","21540","49","2","74","0","0","1.24","Other Worlds"
"Star Wars: Rogue Squadron III - Rebel Strike","12984","Star Wars: Rogue Squadron III - Rebel Strike","26760","2880","117","1","22","0","0","9.29","Star Wars: Rogue Squadron III - Rebel Strike"
"Asterix and the Power of the Gods","12985","Asterix and the Power of the Gods","26760","180","312","1","2","0","0","148.67","Asterix and the Power of the Gods"
"Bishoujo Senshi Sailor Moon R","12986","Bishoujo Senshi Sailor Moon R","26760","6240","26","2","23","0","0","4.29","Bishoujo Senshi Sailor Moon R"
"Chicken Run","12987","Chicken Run","26760","5340","92","1","24","0","0","5.01","Chicken Run"
"Virtua Fighter 2","12988","Virtua Fighter 2","26760","10740","35","2","37","0","0","2.49","Virtua Fighter 2"
"Schlag den Raab – Das 2. Spiel","12989","Schlag den Raab – Das 2. Spiel","26700","1020","106","1","5","0","0","26.18","Schlag den Raab – Das 2. Spiel"
"Archon: The Light and the Dark","12990","Archon: The Light and the Dark","26700","780","177","1","8","0","0","34.23","Archon: The Light and the Dark"
"Disney's Beauty and the Beast","12991","Disney's Beauty and the Beast","26700","660","161","1","6","0","0","40.45","Disney's Beauty and the Beast"
"Lost in Shadow","12992","Lost in Shadow","26700","4260","65","2","8","0","0","6.27","Lost in Shadow"
"Simon the Sorcerer II: The Lion, the Wizard and the Wardrobe","12993","Simon the Sorcerer II: The Lion, the Wizard and the Wardrobe","26700","7500","30","2","22","0","0","3.56","Simon the Sorcerer II: The Lion, the Wizard and the Wardrobe"
"Samsara","12994","Samsara","26700","3660","113","1","23","0","0","7.3","Samsara"
"Baldr Force","12995","Baldr Force","26700","9120","92","1","6","0","0","2.93","Baldr Force"
"Constant C","12996","Constant C","26700","1440","58","1","1","0","0","18.54","Constant C"
"SpaceTone","12997","SpaceTone","26640","1200","236","1","4","0","0","22.2","SpaceTone"
"Hanzo Quest","12998","Hanzo Quest","26640","4380","35","1","3","0","0","6.08","Hanzo Quest"
"8Bit Fiesta","12999","8Bit Fiesta","26640","6720","99","2","46","0","0","3.96","8Bit Fiesta"
"Hammerin' Harry","13000","Hammerin' Harry","26640","4620","48","3","14","0","0","5.77","Hammerin' Harry"