"","","Game","Watch time","Stream time","Peak viewers","Peak channels","Streamers","Average viewers","Average channels","Average viewer ratio",""
"Alicia Online","7001","Alicia Online","225840","132900","37","4","270","0","0","1.7","Alicia Online"
"They Bleed Pixels","7002","They Bleed Pixels","225600","35340","294","3","172","0","0","6.38","They Bleed Pixels"
"Akiba's Trip","7003","Akiba's Trip","225600","5280","2287","2","24","0","0","42.73","Akiba's Trip"
"The Brookhaven Experiment","7004","The Brookhaven Experiment","225480","27600","749","2","197","0","0","8.17","The Brookhaven Experiment"
"Sylvio","7005","Sylvio","225480","16560","199","1","54","0","0","13.62","Sylvio"
"Shining Force III Scenario 2","7006","Shining Force III Scenario 2","225420","7740","209","2","6","0","0","29.12","Shining Force III Scenario 2"
"Super Time Force","7007","Super Time Force","225360","11940","1867","1","80","0","0","18.87","Super Time Force"
"Noir Chronicles: City of Crime","7008","Noir Chronicles: City of Crime","225360","4800","847","2","22","0","0","46.95","Noir Chronicles: City of Crime"
"Blues & Bullets","7009","Blues & Bullets","225300","10320","1693","2","41","0","0","21.83","Blues & Bullets"
"Starpoint Gemini Warlords","7010","Starpoint Gemini Warlords","225180","64440","118","4","181","0","0","3.49","Starpoint Gemini Warlords"
"Michael Jackson's Moonwalker","7011","Michael Jackson's Moonwalker","224880","24960","252","5","133","0","0","9.01","Michael Jackson's Moonwalker"
"Impact Winter","7012","Impact Winter","224760","31140","2248","4","117","0","0","7.22","Impact Winter"
"Star Fox Zero","7013","Star Fox Zero","224640","31200","189","2","135","0","0","7.2","Star Fox Zero"
"Ratchet & Clank: Into the Nexus","7014","Ratchet & Clank: Into the Nexus","224580","31860","626","3","42","0","0","7.05","Ratchet & Clank: Into the Nexus"
"99Vidas","7015","99Vidas","224520","117540","631","12","856","0","0","1.91","99Vidas"
"Champion League","7016","Champion League","224340","3480","2121","5","24","0","0","64.47","Champion League"
"Attack on Titan Tribute","7017","Attack on Titan Tribute","224220","85020","688","3","353","0","0","2.64","Attack on Titan Tribute"
"IndieGameStand","7018","IndieGameStand","224220","40680","178","3","223","0","0","5.51","IndieGameStand"
"Adventures of Dino-Riki","7019","Adventures of Dino-Riki","224160","240","1937","1","2","0","0","934","Adventures of Dino-Riki"
"WWE SmackDown! vs. RAW 2011","7020","WWE SmackDown! vs. RAW 2011","224100","42780","1945","2","57","0","0","5.24","WWE SmackDown! vs. RAW 2011"
"Windward","7021","Windward","224100","60300","79","4","187","0","0","3.72","Windward"
"Notruf 112 – Die Feuerwehr Simulation","7022","Notruf 112 – Die Feuerwehr Simulation","224100","37980","1181","6","204","0","0","5.9","Notruf 112 – Die Feuerwehr Simulation"
"Animallica","7023","Animallica","223920","27240","632","3","108","0","0","8.22","Animallica"
"Tierras del Sur","7024","Tierras del Sur","223800","21300","138","2","26","0","0","10.51","Tierras del Sur"
"Mortal Kombat: Deadly Alliance","7025","Mortal Kombat: Deadly Alliance","223800","10560","2238","1","41","0","0","21.19","Mortal Kombat: Deadly Alliance"
"Jinyong Qunxia Zhuan","7026","Jinyong Qunxia Zhuan","223740","8520","227","2","12","0","0","26.26","Jinyong Qunxia Zhuan"
"Half-Life: Decay","7027","Half-Life: Decay","223680","6240","3293","2","30","0","0","35.85","Half-Life: Decay"
"Planet Explorers","7028","Planet Explorers","223500","28020","1260","3","93","0","0","7.98","Planet Explorers"
"Uta Macross Sma-Pho De-Culture","7029","Uta Macross Sma-Pho De-Culture","223440","17460","1001","2","31","0","0","12.8","Uta Macross Sma-Pho De-Culture"
"Apex Construct","7030","Apex Construct","223380","32760","203","4","169","0","0","6.82","Apex Construct"
"Cricket Captain 2017","7031","Cricket Captain 2017","223260","900","3866","1","6","0","0","248.07","Cricket Captain 2017"
"Go! Go! Nippon! ~My First Trip to Japan~","7032","Go! Go! Nippon! ~My First Trip to Japan~","223260","21300","313","2","76","0","0","10.48","Go! Go! Nippon! ~My First Trip to Japan~"
"The Witch and the Hundred Knight","7033","The Witch and the Hundred Knight","223200","51720","164","3","88","0","0","4.32","The Witch and the Hundred Knight"
"Power Rangers: Dino Thunder","7034","Power Rangers: Dino Thunder","223140","3540","1835","2","13","0","0","63.03","Power Rangers: Dino Thunder"
"Virtual Pool 64","7035","Virtual Pool 64","223140","120","1979","1","1","0","0","1859.5","Virtual Pool 64"
"Scooby-Doo: Mystery Mayhem","7036","Scooby-Doo: Mystery Mayhem","222960","8460","380","2","35","0","0","26.35","Scooby-Doo: Mystery Mayhem"
"rFactor","7037","rFactor","222840","119160","1371","4","255","0","0","1.87","rFactor"
"Sherlock","7038","Sherlock","222660","960","2125","1","8","0","0","231.94","Sherlock"
"Bloody Roar II","7039","Bloody Roar II","222600","18720","1971","3","87","0","0","11.89","Bloody Roar II"
"Onii-chan. Ano ne Amaekata Oshiete ☆","7040","Onii-chan. Ano ne Amaekata Oshiete ☆","222540","1020","1387","1","6","0","0","218.18","Onii-chan. Ano ne Amaekata Oshiete ☆"
"Age of Empires: The Rise of Rome","7041","Age of Empires: The Rise of Rome","222420","31680","1167","2","44","0","0","7.02","Age of Empires: The Rise of Rome"
"Sky Force Anniversary","7042","Sky Force Anniversary","222360","92520","188","3","503","0","0","2.4","Sky Force Anniversary"
"ClayFighter: Tournament Edition","7043","ClayFighter: Tournament Edition","222180","1440","1377","1","6","0","0","154.29","ClayFighter: Tournament Edition"
"Warlock: Master of the Arcane","7044","Warlock: Master of the Arcane","222120","11820","334","2","27","0","0","18.79","Warlock: Master of the Arcane"
"Toaru Majutsu no Virtual-On","7045","Toaru Majutsu no Virtual-On","222000","43800","197","5","49","0","0","5.07","Toaru Majutsu no Virtual-On"
"King's Quest II: Romancing the Throne","7046","King's Quest II: Romancing the Throne","221880","10800","362","2","26","0","0","20.54","King's Quest II: Romancing the Throne"
"Neverwinter Nights: Hordes of the Underdark","7047","Neverwinter Nights: Hordes of the Underdark","221820","10380","1257","1","20","0","0","21.37","Neverwinter Nights: Hordes of the Underdark"
"Warmonger","7048","Warmonger","221700","44040","327","4","106","0","0","5.03","Warmonger"
"Momodora III","7049","Momodora III","221640","30120","775","2","125","0","0","7.36","Momodora III"
"WWF Attitude","7050","WWF Attitude","221520","5640","268","2","23","0","0","39.28","WWF Attitude"
"Frog Climbers","7051","Frog Climbers","221520","1560","886","1","11","0","0","142","Frog Climbers"
"The Corridor: On Behalf Of The Dead","7052","The Corridor: On Behalf Of The Dead","221400","3180","2414","1","23","0","0","69.62","The Corridor: On Behalf Of The Dead"
"Lines","7053","Lines","221340","5820","1630","1","35","0","0","38.03","Lines"
"A Fork in the Tale","7054","A Fork in the Tale","221220","540","1341","1","3","0","0","409.67","A Fork in the Tale"
"Uncharted: Golden Abyss","7055","Uncharted: Golden Abyss","221100","2520","1550","1","10","0","0","87.74","Uncharted: Golden Abyss"
"Shadow Man","7056","Shadow Man","221100","35340","727","2","85","0","0","6.26","Shadow Man"
"Myst IV: Revelation","7057","Myst IV: Revelation","221040","29820","259","2","53","0","0","7.41","Myst IV: Revelation"
"Compound","7058","Compound","220980","17040","1508","2","97","0","0","12.97","Compound"
"Witchaven","7059","Witchaven","220800","4680","132","1","7","0","0","47.18","Witchaven"
"The Dwarves","7060","The Dwarves","220680","62940","42","3","229","0","0","3.51","The Dwarves"
"Chex Quest","7061","Chex Quest","220440","9660","159","2","43","0","0","22.82","Chex Quest"
"The Flintstones: Bedrock Bowling","7062","The Flintstones: Bedrock Bowling","219960","2340","1495","1","10","0","0","94","The Flintstones: Bedrock Bowling"
"Earth Defense Force","7063","Earth Defense Force","219780","10680","1990","3","51","0","0","20.58","Earth Defense Force"
"Cabal","7064","Cabal","219720","73440","891","4","198","0","0","2.99","Cabal"
"Muchi Muchi Pork!","7065","Muchi Muchi Pork!","219720","9120","161","1","9","0","0","24.09","Muchi Muchi Pork!"
"TimeSplitters: Future Perfect","7066","TimeSplitters: Future Perfect","219600","59580","104","4","210","0","0","3.69","TimeSplitters: Future Perfect"
"Earthquake San Francisco 1906","7067","Earthquake San Francisco 1906","219600","900","444","1","1","0","0","244","Earthquake San Francisco 1906"
"You Have to Win the Game","7068","You Have to Win the Game","219480","17580","1172","3","115","0","0","12.48","You Have to Win the Game"
"Tricolour Lovestory","7069","Tricolour Lovestory","219420","11700","657","2","49","0","0","18.75","Tricolour Lovestory"
"SpongeBob SquarePants: Typing","7070","SpongeBob SquarePants: Typing","219300","420","3712","1","4","0","0","522.14","SpongeBob SquarePants: Typing"
"RosenkreuzStilette","7071","RosenkreuzStilette","219240","35580","122","3","102","0","0","6.16","RosenkreuzStilette"
"The Impossible Quiz","7072","The Impossible Quiz","219060","14940","937","2","118","0","0","14.66","The Impossible Quiz"
"The 3rd Birthday","7073","The 3rd Birthday","219060","43620","135","3","95","0","0","5.02","The 3rd Birthday"
"Warhammer 40,000: Space Wolf","7074","Warhammer 40,000: Space Wolf","219060","16440","3088","2","51","0","0","13.32","Warhammer 40,000: Space Wolf"
"Toribash","7075","Toribash","218940","44520","597","3","375","0","0","4.92","Toribash"
"Final Fantasy Origins","7076","Final Fantasy Origins","218880","67740","201","3","91","0","0","3.23","Final Fantasy Origins"
"Kaeru no tame ni Kane wa Naru","7077","Kaeru no tame ni Kane wa Naru","218880","12720","368","2","22","0","0","17.21","Kaeru no tame ni Kane wa Naru"
"Hogs of War","7078","Hogs of War","218820","51540","99","4","108","0","0","4.25","Hogs of War"
"Scythe: Digital Edition","7079","Scythe: Digital Edition","218820","14100","1183","2","67","0","0","15.52","Scythe: Digital Edition"
"Bomberman Generation","7080","Bomberman Generation","218760","10800","276","2","44","0","0","20.26","Bomberman Generation"
"Age of Empires III: The WarChiefs","7081","Age of Empires III: The WarChiefs","218760","22080","408","2","89","0","0","9.91","Age of Empires III: The WarChiefs"
"Broken Sword II: The Smoking Mirror - Remastered","7082","Broken Sword II: The Smoking Mirror - Remastered","218520","19500","222","2","55","0","0","11.21","Broken Sword II: The Smoking Mirror - Remastered"
"Bad Blood","7083","Bad Blood","218520","4620","1289","3","34","0","0","47.3","Bad Blood"
"Top Gear 2","7084","Top Gear 2","218400","16680","885","3","52","0","0","13.09","Top Gear 2"
"Lethis - Path of Progress","7085","Lethis - Path of Progress","218340","18000","396","2","66","0","0","12.13","Lethis - Path of Progress"
"1701 A.D.","7086","1701 A.D.","218220","28860","210","3","75","0","0","7.56","1701 A.D."
"Think of the Children!","7087","Think of the Children!","218040","8160","595","2","88","0","0","26.72","Think of the Children!"
"The Godfather: Blackhand Edition","7088","The Godfather: Blackhand Edition","217920","4980","903","1","5","0","0","43.76","The Godfather: Blackhand Edition"
"Hyperdevotion Noire: Goddess Black Heart","7089","Hyperdevotion Noire: Goddess Black Heart","217920","66720","82","3","84","0","0","3.27","Hyperdevotion Noire: Goddess Black Heart"
"Melody's Escape","7090","Melody's Escape","217800","64500","247","3","378","0","0","3.38","Melody's Escape"
"Senran Kagura: Shinovi Versus","7091","Senran Kagura: Shinovi Versus","217800","44520","388","3","143","0","0","4.89","Senran Kagura: Shinovi Versus"
"Langrisser I & II","7092","Langrisser I & II","217800","48840","193","3","42","0","0","4.46","Langrisser I & II"
"The Fall","7093","The Fall","217740","30000","163","3","139","0","0","7.26","The Fall"
"Ether One","7094","Ether One","217680","30780","568","2","113","0","0","7.07","Ether One"
"Yu-Gi-Oh!: The Falsebound Kingdom","7095","Yu-Gi-Oh!: The Falsebound Kingdom","217680","24540","310","2","53","0","0","8.87","Yu-Gi-Oh!: The Falsebound Kingdom"
"ZOMBS.io","7096","ZOMBS.io","217680","53040","416","4","390","0","0","4.1","ZOMBS.io"
"Battlefield Heroes","7097","Battlefield Heroes","217560","89760","298","5","301","0","0","2.42","Battlefield Heroes"
"Dragon Ball Z: The Legacy of Goku","7098","Dragon Ball Z: The Legacy of Goku","217320","14220","3292","3","72","0","0","15.28","Dragon Ball Z: The Legacy of Goku"
"TimeShift","7099","TimeShift","217140","38100","480","2","129","0","0","5.7","TimeShift"
"AdventureQuest Worlds","7100","AdventureQuest Worlds","217080","113160","27","4","345","0","0","1.92","AdventureQuest Worlds"