"","","Game","Watch time","Stream time","Peak viewers","Peak channels","Streamers","Average viewers","Average channels","Average viewer ratio",""
"Jagged Alliance 2","5701","Jagged Alliance 2","408960","88920","728","3","96","0","0","4.6","Jagged Alliance 2"
"Herc's Adventures","5702","Herc's Adventures","408900","7560","2895","1","32","0","0","54.09","Herc's Adventures"
"Panzar: Forged By Chaos","5703","Panzar: Forged By Chaos","408720","392400","80","11","300","0","0","1.04","Panzar: Forged By Chaos"
"Final Fantasy Tactics A2: Grimoire of the Rift","5704","Final Fantasy Tactics A2: Grimoire of the Rift","408000","81600","119","3","105","0","0","5","Final Fantasy Tactics A2: Grimoire of the Rift"
"Final Liberation: Warhammer Epic 40,000","5705","Final Liberation: Warhammer Epic 40,000","408000","1260","933","1","5","0","0","323.81","Final Liberation: Warhammer Epic 40,000"
"Gears of War: Judgment","5706","Gears of War: Judgment","407940","174360","870","5","566","0","0","2.34","Gears of War: Judgment"
"Immortal Darkness: Curse of the Pale King","5707","Immortal Darkness: Curse of the Pale King","407700","4560","1804","2","16","0","0","89.41","Immortal Darkness: Curse of the Pale King"
"Microsoft Flight Simulator 2004: A Century of Flight","5708","Microsoft Flight Simulator 2004: A Century of Flight","407580","56880","84","2","32","0","0","7.17","Microsoft Flight Simulator 2004: A Century of Flight"
"Higurashi When They Cry Hou","5709","Higurashi When They Cry Hou","407460","94800","88","3","130","0","0","4.3","Higurashi When They Cry Hou"
"Yoshi's Cookie","5710","Yoshi's Cookie","407340","11460","2989","2","46","0","0","35.54","Yoshi's Cookie"
"Naruto Shippuden: Ultimate Ninja Storm 4 - Road to Boruto","5711","Naruto Shippuden: Ultimate Ninja Storm 4 - Road to Boruto","407280","65880","1001","4","3301","0","0","6.18","Naruto Shippuden: Ultimate Ninja Storm 4 - Road to Boruto"
"realMyst","5712","realMyst","407220","50820","446","3","171","0","0","8.01","realMyst"
"ShootMania Storm","5713","ShootMania Storm","407220","262080","160","6","132","0","0","1.55","ShootMania Storm"
"Fortune Street","5714","Fortune Street","407220","62340","221","4","155","0","0","6.53","Fortune Street"
"LEGO Pirates of the Caribbean: The Video Game","5715","LEGO Pirates of the Caribbean: The Video Game","406800","166620","1691","4","381","0","0","2.44","LEGO Pirates of the Caribbean: The Video Game"
"Freedom Fighters","5716","Freedom Fighters","406080","34920","2697","2","84","0","0","11.63","Freedom Fighters"
"Pokémon Rumble World","5717","Pokémon Rumble World","405780","11520","707","1","8","0","0","35.22","Pokémon Rumble World"
"RollerCoaster Tycoon","5718","RollerCoaster Tycoon","405660","58140","474","4","212","0","0","6.98","RollerCoaster Tycoon"
"Sigma Theory","5719","Sigma Theory","405540","4440","1008","1","18","0","0","91.34","Sigma Theory"
"Jaws Of Extinction™","5720","Jaws Of Extinction™","405480","26040","542","4","98","0","0","15.57","Jaws Of Extinction™"
"Story of the Survivor","5721","Story of the Survivor","405480","16980","57","1","3","0","0","23.88","Story of the Survivor"
"Harvest Moon: A Wonderful Life","5722","Harvest Moon: A Wonderful Life","405360","70920","483","5","233","0","0","5.72","Harvest Moon: A Wonderful Life"
"Densha de Go!","5723","Densha de Go!","405120","3120","2169","1","13","0","0","129.85","Densha de Go!"
"Gotham City Impostors","5724","Gotham City Impostors","405060","87480","339","4","438","0","0","4.63","Gotham City Impostors"
"Phantasy Star II","5725","Phantasy Star II","404040","42660","1348","2","87","0","0","9.47","Phantasy Star II"
"Disney's Chip 'N Dale Rescue Rangers 2","5726","Disney's Chip 'N Dale Rescue Rangers 2","403440","31260","676","2","62","0","0","12.91","Disney's Chip 'N Dale Rescue Rangers 2"
"Crusaders of Light","5727","Crusaders of Light","403440","154200","64","4","281","0","0","2.62","Crusaders of Light"
"Match Point","5728","Match Point","403440","120","6676","1","2","0","0","3362","Match Point"
"Heart's Medicine - Hospital Heat","5729","Heart's Medicine - Hospital Heat","403380","2880","2360","1","16","0","0","140.06","Heart's Medicine - Hospital Heat"
"Vector","5730","Vector","402960","5640","2998","1","32","0","0","71.45","Vector"
"Donkey Konga 2","5731","Donkey Konga 2","402780","4560","2756","1","31","0","0","88.33","Donkey Konga 2"
"Yu-Gi-Oh! GX Duel Academy","5732","Yu-Gi-Oh! GX Duel Academy","402660","17100","458","2","50","0","0","23.55","Yu-Gi-Oh! GX Duel Academy"
"Kid Icarus: Of Myths and Monsters","5733","Kid Icarus: Of Myths and Monsters","402660","5160","3148","1","18","0","0","78.03","Kid Icarus: Of Myths and Monsters"
"One Piece","5734","One Piece","402240","28200","326","2","87","0","0","14.26","One Piece"
"The Metronomicon","5735","The Metronomicon","402120","31020","323","2","178","0","0","12.96","The Metronomicon"
"The Amazing Spider-Man: Web of Fire","5736","The Amazing Spider-Man: Web of Fire","402000","360","3095","3","3","0","0","1116.67","The Amazing Spider-Man: Web of Fire"
"Final Fantasy Anthology","5737","Final Fantasy Anthology","401820","600","6691","1","4","0","0","669.7","Final Fantasy Anthology"
"Nobunaga's Ambition: Taishi","5738","Nobunaga's Ambition: Taishi","401340","26280","1382","2","38","0","0","15.27","Nobunaga's Ambition: Taishi"
"Final Fight Revenge","5739","Final Fight Revenge","401160","480","5516","1","4","0","0","835.75","Final Fight Revenge"
"Second Sight","5740","Second Sight","401100","11460","2951","3","42","0","0","35","Second Sight"
"Underrail","5741","Underrail","400860","108300","1003","3","102","0","0","3.7","Underrail"
"The Terminator","5742","The Terminator","400620","4380","2561","1","24","0","0","91.47","The Terminator"
"Tony Hawk's Pro Skater","5743","Tony Hawk's Pro Skater","400200","64200","385","3","327","0","0","6.23","Tony Hawk's Pro Skater"
"Hyperdimension Neptunia","5744","Hyperdimension Neptunia","399960","43740","117","2","62","0","0","9.14","Hyperdimension Neptunia"
"The Book of Unwritten Tales 2","5745","The Book of Unwritten Tales 2","399780","92580","119","4","155","0","0","4.32","The Book of Unwritten Tales 2"
"DOFUS Touch","5746","DOFUS Touch","399780","40260","489","3","142","0","0","9.93","DOFUS Touch"
"The Legend of Heroes: A Tear of Vermillion","5747","The Legend of Heroes: A Tear of Vermillion","399720","9780","260","1","12","0","0","40.87","The Legend of Heroes: A Tear of Vermillion"
"Don't Forget Our Esports Dream","5748","Don't Forget Our Esports Dream","399600","7020","1083","3","22","0","0","56.92","Don't Forget Our Esports Dream"
"Momentum Mod","5749","Momentum Mod","399540","76020","163","3","78","0","0","5.26","Momentum Mod"
"Yandere School","5750","Yandere School","399540","39600","1622","4","223","0","0","10.09","Yandere School"
"Headlander","5751","Headlander","399480","106380","2098","8","436","0","0","3.76","Headlander"
"Notes of Obsession","5752","Notes of Obsession","399420","11220","2070","1","109","0","0","35.6","Notes of Obsession"
"Disney's Hercules: Action Game","5753","Disney's Hercules: Action Game","399000","14220","788","2","44","0","0","28.06","Disney's Hercules: Action Game"
"Wild Arms 5","5754","Wild Arms 5","398940","29220","156","2","31","0","0","13.65","Wild Arms 5"
"Persona 3: The Night Before","5755","Persona 3: The Night Before","398880","720","2418","1","3","0","0","554","Persona 3: The Night Before"
"Orphan","5756","Orphan","398520","14880","2095","4","76","0","0","26.78","Orphan"
"Walk It Out","5757","Walk It Out","398280","780","3890","1","7","0","0","510.62","Walk It Out"
"Crayon Physics Deluxe","5758","Crayon Physics Deluxe","398280","8760","1384","1","47","0","0","45.47","Crayon Physics Deluxe"
"Taiko no Tatsujin: Chougoukaban","5759","Taiko no Tatsujin: Chougoukaban","398220","1260","4195","2","5","0","0","316.05","Taiko no Tatsujin: Chougoukaban"
"Wayward Souls","5760","Wayward Souls","398100","25260","712","9","127","0","0","15.76","Wayward Souls"
"Vox Machinae","5761","Vox Machinae","398100","52320","891","9","215","0","0","7.61","Vox Machinae"
"Battle Girl High School","5762","Battle Girl High School","397860","22320","276","2","38","0","0","17.83","Battle Girl High School"
"Richard Burns Rally","5763","Richard Burns Rally","397680","119640","292","7","174","0","0","3.32","Richard Burns Rally"
"Starblast","5764","Starblast","397440","10620","640","2","41","0","0","37.42","Starblast"
"TowerClimb","5765","TowerClimb","397260","76140","148","4","81","0","0","5.22","TowerClimb"
"Palamedes","5766","Palamedes","397260","7620","2546","2","12","0","0","52.13","Palamedes"
"Walking With Dinosaurs","5767","Walking With Dinosaurs","397260","1080","3283","1","12","0","0","367.83","Walking With Dinosaurs"
"Might & Magic Heroes VI","5768","Might & Magic Heroes VI","397080","92700","125","5","234","0","0","4.28","Might & Magic Heroes VI"
"Lumines: Puzzle & Music","5769","Lumines: Puzzle & Music","397020","22980","1820","6","112","0","0","17.28","Lumines: Puzzle & Music"
"Rise of Civilizations","5770","Rise of Civilizations","396660","79380","113","4","197","0","0","5","Rise of Civilizations"
"Guild Ball","5771","Guild Ball","396300","22680","249","2","11","0","0","17.47","Guild Ball"
"Puzzle With Your Friends","5772","Puzzle With Your Friends","396180","7020","3288","2","34","0","0","56.44","Puzzle With Your Friends"
"Jackie Chan in Fists of Fire","5773","Jackie Chan in Fists of Fire","395880","3540","5572","1","18","0","0","111.83","Jackie Chan in Fists of Fire"
"Sparc","5774","Sparc","395640","96360","363","5","281","0","0","4.11","Sparc"
"Way of the Samurai 4","5775","Way of the Samurai 4","395340","54360","1077","3","196","0","0","7.27","Way of the Samurai 4"
"Rose & Camellia","5776","Rose & Camellia","395040","1260","2709","1","9","0","0","313.52","Rose & Camellia"
"Grand Chase M: Action RPG","5777","Grand Chase M: Action RPG","395040","22440","1773","4","86","0","0","17.6","Grand Chase M: Action RPG"
"Disney's Tarzan Untamed","5778","Disney's Tarzan Untamed","394920","3780","3259","2","11","0","0","104.48","Disney's Tarzan Untamed"
"Pro Wrestling","5779","Pro Wrestling","394860","20700","162","2","66","0","0","19.08","Pro Wrestling"
"SURV1V3","5780","SURV1V3","394560","14220","607","4","65","0","0","27.75","SURV1V3"
"Pongo","5781","Pongo","394560","1140","3327","1","10","0","0","346.11","Pongo"
"Bomberman","5782","Bomberman","394260","29520","930","2","137","0","0","13.36","Bomberman"
"DomiNations","5783","DomiNations","394200","29040","1291","2","48","0","0","13.57","DomiNations"
"300 Heroes","5784","300 Heroes","394080","47700","2890","2","51","0","0","8.26","300 Heroes"
"Brick Rigs","5785","Brick Rigs","393720","47820","941","4","292","0","0","8.23","Brick Rigs"
"Survisland","5786","Survisland","393660","41400","682","5","156","0","0","9.51","Survisland"
"Star Trek: Voyager - Elite Force","5787","Star Trek: Voyager - Elite Force","393420","20880","1481","2","50","0","0","18.84","Star Trek: Voyager - Elite Force"
"Initial D Arcade Stage","5788","Initial D Arcade Stage","393300","45000","510","2","141","0","0","8.74","Initial D Arcade Stage"
"My Big Sister","5789","My Big Sister","393300","18540","475","3","83","0","0","21.21","My Big Sister"
"No Time to Explain","5790","No Time to Explain","393120","46080","1068","2","357","0","0","8.53","No Time to Explain"
"Miitopia","5791","Miitopia","392460","39300","90","2","57","0","0","9.99","Miitopia"
"LiEat","5792","LiEat","392400","42000","531","3","240","0","0","9.34","LiEat"
"G-Force","5793","G-Force","392280","12060","1866","1","51","0","0","32.53","G-Force"
"UnReal World","5794","UnReal World","391980","42300","430","2","65","0","0","9.27","UnReal World"
"Sonic Chronicles: The Dark Brotherhood","5795","Sonic Chronicles: The Dark Brotherhood","391680","13260","1469","2","29","0","0","29.54","Sonic Chronicles: The Dark Brotherhood"
"Scribblenauts Showdown","5796","Scribblenauts Showdown","391560","14820","899","2","99","0","0","26.42","Scribblenauts Showdown"
"Bit.Trip RUNNER","5797","Bit.Trip RUNNER","391440","37080","1100","3","192","0","0","10.56","Bit.Trip RUNNER"
"RPG Maker 2000","5798","RPG Maker 2000","391020","71580","666","3","124","0","0","5.46","RPG Maker 2000"
"Ephemeral Fantasia","5799","Ephemeral Fantasia","390660","14940","330","2","11","0","0","26.15","Ephemeral Fantasia"
"Super Bomberman 4","5800","Super Bomberman 4","390540","14460","2601","3","57","0","0","27.01","Super Bomberman 4"