"","","Game","Watch time","Stream time","Peak viewers","Peak channels","Streamers","Average viewers","Average channels","Average viewer ratio",""
"Puzznic","12601","Puzznic","30240","3300","100","1","9","0","0","9.16","Puzznic"
"Dangerous Dave in the Haunted Mansion","12602","Dangerous Dave in the Haunted Mansion","30180","3060","163","1","12","0","0","9.86","Dangerous Dave in the Haunted Mansion"
"Bruce Lee","12603","Bruce Lee","30180","2400","39","1","10","0","0","12.58","Bruce Lee"
"Shin Megami Tensei: Devil Survivor 2","12604","Shin Megami Tensei: Devil Survivor 2","30180","10620","21","1","9","0","0","2.84","Shin Megami Tensei: Devil Survivor 2"
"Brothers in Arms: Earned in Blood","12605","Brothers in Arms: Earned in Blood","30180","11640","34","2","43","0","0","2.59","Brothers in Arms: Earned in Blood"
"My Horse and Me","12606","My Horse and Me","30180","900","280","1","4","0","0","33.53","My Horse and Me"
"Kokuchou no Psychedelica","12607","Kokuchou no Psychedelica","30180","5100","23","1","5","0","0","5.92","Kokuchou no Psychedelica"
"10 Years After","12608","10 Years After","30120","6000","13","1","1","0","0","5.02","10 Years After"
"The Forgotten Ones","12609","The Forgotten Ones","30120","9900","104","3","63","0","0","3.04","The Forgotten Ones"
"Elasto Mania","12610","Elasto Mania","30120","10680","39","2","26","0","0","2.82","Elasto Mania"
"Spectral Vs Generation","12611","Spectral Vs Generation","30120","11460","10","1","4","0","0","2.63","Spectral Vs Generation"
"#Compass","12612","#Compass","30060","2640","83","1","9","0","0","11.39","#Compass"
"ArkX","12613","ArkX","30060","3420","123","1","21","0","0","8.79","ArkX"
"Désiré","12614","Désiré","30060","11460","62","2","56","0","0","2.62","Désiré"
"NBA Jam 2000","12615","NBA Jam 2000","30060","1080","248","1","7","0","0","27.83","NBA Jam 2000"
"Drift Streets Japan","12616","Drift Streets Japan","30000","21840","19","2","134","0","0","1.37","Drift Streets Japan"
"Blockman","12617","Blockman","30000","1860","90","1","4","0","0","16.13","Blockman"
"60 Second Strike","12618","60 Second Strike","30000","900","243","1","8","0","0","33.33","60 Second Strike"
"The Legend of Heroes I & II: Eiyuu Densetsu","12619","The Legend of Heroes I & II: Eiyuu Densetsu","30000","9660","10","2","6","0","0","3.11","The Legend of Heroes I & II: Eiyuu Densetsu"
"Ghosthunter","12620","Ghosthunter","30000","4680","39","2","17","0","0","6.41","Ghosthunter"
"Ice Age","12621","Ice Age","30000","480","276","1","5","0","0","62.5","Ice Age"
"Tengami","12622","Tengami","29940","6420","44","2","40","0","0","4.66","Tengami"
"Earth Defense Force 2017","12623","Earth Defense Force 2017","29940","15360","33","3","66","0","0","1.95","Earth Defense Force 2017"
"Forgotten Realms: Demon Stone","12624","Forgotten Realms: Demon Stone","29940","2520","187","1","16","0","0","11.88","Forgotten Realms: Demon Stone"
"Hero's Quest I: So You Want To Be A Hero","12625","Hero's Quest I: So You Want To Be A Hero","29940","6120","52","1","20","0","0","4.89","Hero's Quest I: So You Want To Be A Hero"
"BECK: The Game","12626","BECK: The Game","29940","180","174","1","1","0","0","166.33","BECK: The Game"
"The Fifth Element","12627","The Fifth Element","29940","5520","183","3","14","0","0","5.42","The Fifth Element"
"Pinball Dreams","12628","Pinball Dreams","29940","3060","100","1","12","0","0","9.78","Pinball Dreams"
"Rastan Saga II","12629","Rastan Saga II","29940","360","271","1","2","0","0","83.17","Rastan Saga II"
"High Octane Drift","12630","High Octane Drift","29940","15600","29","2","144","0","0","1.92","High Octane Drift"
"Embers of Mirrim","12631","Embers of Mirrim","29880","5940","22","1","22","0","0","5.03","Embers of Mirrim"
"Paradise Cracked","12632","Paradise Cracked","29880","6660","24","1","5","0","0","4.49","Paradise Cracked"
"The Ball","12633","The Ball","29880","14640","39","2","32","0","0","2.04","The Ball"
"Project X Zone 2","12634","Project X Zone 2","29880","12000","125","2","22","0","0","2.49","Project X Zone 2"
"Heads Up!","12635","Heads Up!","29880","780","459","1","5","0","0","38.31","Heads Up!"
"Blizzard Pass","12636","Blizzard Pass","29880","1380","182","6","10","0","0","21.65","Blizzard Pass"
"RailWorks 3: Train Simulator 2012","12637","RailWorks 3: Train Simulator 2012","29820","7500","27","2","28","0","0","3.98","RailWorks 3: Train Simulator 2012"
"Golden Axe Warrior","12638","Golden Axe Warrior","29820","9240","15","2","14","0","0","3.23","Golden Axe Warrior"
"Artificer","12639","Artificer","29820","3600","62","1","22","0","0","8.28","Artificer"
"Hazelnut Bastille","12640","Hazelnut Bastille","29820","5640","71","2","37","0","0","5.29","Hazelnut Bastille"
"Cinderella Escape! R12","12641","Cinderella Escape! R12","29760","2400","54","1","8","0","0","12.4","Cinderella Escape! R12"
"Trashman","12642","Trashman","29760","1020","134","1","7","0","0","29.18","Trashman"
"Pop'n Music Lapistoria","12643","Pop'n Music Lapistoria","29760","6360","26","2","9","0","0","4.68","Pop'n Music Lapistoria"
"Wallace & Gromit's Grand Adventures Episode 1: Fright of the Bumblebees","12644","Wallace & Gromit's Grand Adventures Episode 1: Fright of the Bumblebees","29760","31140","32","1","32","0","0","0.96","Wallace & Gromit's Grand Adventures Episode 1: Fright of the Bumblebees"
"NASCAR Rumble","12645","NASCAR Rumble","29760","6180","22","1","36","0","0","4.82","NASCAR Rumble"
"WazHack","12646","WazHack","29760","9600","47","2","31","0","0","3.1","WazHack"
"Arcana","12647","Arcana","29760","7260","18","1","15","0","0","4.1","Arcana"
"Tokimeki Memorial 2","12648","Tokimeki Memorial 2","29760","6840","13","1","9","0","0","4.35","Tokimeki Memorial 2"
"TETRA's Escape","12649","TETRA's Escape","29700","8100","59","2","51","0","0","3.67","TETRA's Escape"
"Battlefront","12650","Battlefront","29700","22860","14","3","177","0","0","1.3","Battlefront"
"Just English","12651","Just English","29700","4500","159","1","10","0","0","6.6","Just English"
"Another Century's Episode 2","12652","Another Century's Episode 2","29700","1560","30","1","3","0","0","19.04","Another Century's Episode 2"
"Greendog: The Beached Surfer Dude!","12653","Greendog: The Beached Surfer Dude!","29700","1980","206","3","14","0","0","15","Greendog: The Beached Surfer Dude!"
"Joker","12654","Joker","29700","1080","88","1","6","0","0","27.5","Joker"
"Zeus Official Expansion: Poseidon","12655","Zeus Official Expansion: Poseidon","29700","10620","12","2","18","0","0","2.8","Zeus Official Expansion: Poseidon"
"Forza Horizon 2 Presents Fast & Furious","12656","Forza Horizon 2 Presents Fast & Furious","29700","36540","51","2","140","0","0","0.81","Forza Horizon 2 Presents Fast & Furious"
"Bohemian Killing","12657","Bohemian Killing","29700","4320","68","1","29","0","0","6.88","Bohemian Killing"
"Another Eden","12658","Another Eden","29700","12180","15","2","17","0","0","2.44","Another Eden"
"Flower Knight Girls","12659","Flower Knight Girls","29700","23280","12","2","28","0","0","1.28","Flower Knight Girls"
"Collective","12660","Collective","29700","13680","14","2","16","0","0","2.17","Collective"
"Mario Kart: Arcade GP DX","12661","Mario Kart: Arcade GP DX","29640","4500","108","2","22","0","0","6.59","Mario Kart: Arcade GP DX"
"Splendor","12662","Splendor","29640","6120","34","1","31","0","0","4.84","Splendor"
"Math Play","12663","Math Play","29640","1800","69","2","10","0","0","16.47","Math Play"
"NFL Street 2","12664","NFL Street 2","29640","11040","62","2","63","0","0","2.68","NFL Street 2"
".hack//QUARANTINE - Part 4","12665",".hack//QUARANTINE - Part 4","29640","10440","62","1","15","0","0","2.84",".hack//QUARANTINE - Part 4"
"Dracula 4: Shadow of the Dragon","12666","Dracula 4: Shadow of the Dragon","29580","1500","156","1","4","0","0","19.72","Dracula 4: Shadow of the Dragon"
"Bejeweled 2","12667","Bejeweled 2","29580","13500","29","2","44","0","0","2.19","Bejeweled 2"
"Bushido","12668","Bushido","29580","840","271","1","5","0","0","35.21","Bushido"
"Creature Quest","12669","Creature Quest","29580","1680","42","2","4","0","0","17.61","Creature Quest"
"Sinkr","12670","Sinkr","29580","1560","103","1","13","0","0","18.96","Sinkr"
"Orphan Age","12671","Orphan Age","29520","2340","318","1","21","0","0","12.62","Orphan Age"
"World Cup Italia '90","12672","World Cup Italia '90","29520","360","436","1","2","0","0","82","World Cup Italia '90"
"NASCAR Heat Evolution","12673","NASCAR Heat Evolution","29520","34980","11","3","113","0","0","0.84","NASCAR Heat Evolution"
"CivCity: Rome","12674","CivCity: Rome","29520","4980","55","2","21","0","0","5.93","CivCity: Rome"
"Cabela's Big Game Hunter: Pro Hunts","12675","Cabela's Big Game Hunter: Pro Hunts","29460","10980","200","1","43","0","0","2.68","Cabela's Big Game Hunter: Pro Hunts"
"Shannara","12676","Shannara","29460","1080","84","1","2","0","0","27.28","Shannara"
"Jill of the Jungle","12677","Jill of the Jungle","29460","4020","132","2","26","0","0","7.33","Jill of the Jungle"
"A Tale in the Desert","12678","A Tale in the Desert","29460","6660","14","3","13","0","0","4.42","A Tale in the Desert"
"The Men of Yoshiwara: Kikuya","12679","The Men of Yoshiwara: Kikuya","29460","2760","61","1","14","0","0","10.67","The Men of Yoshiwara: Kikuya"
"BuildRoyale.io","12680","BuildRoyale.io","29400","6900","36","2","52","0","0","4.26","BuildRoyale.io"
"Chinese Paladin: Sword and Fairy 6","12681","Chinese Paladin: Sword and Fairy 6","29400","10920","18","1","31","0","0","2.69","Chinese Paladin: Sword and Fairy 6"
"Planet Alcatraz","12682","Planet Alcatraz","29400","15480","17","2","36","0","0","1.9","Planet Alcatraz"
"King Arthur II: The Role-Playing Wargame","12683","King Arthur II: The Role-Playing Wargame","29400","3480","120","1","7","0","0","8.45","King Arthur II: The Role-Playing Wargame"
"Football Manager 2015","12684","Football Manager 2015","29400","19680","15","2","46","0","0","1.49","Football Manager 2015"
"The Polynomial: Space of the Music","12685","The Polynomial: Space of the Music","29400","840","226","1","11","0","0","35","The Polynomial: Space of the Music"
"Wild Arms XF","12686","Wild Arms XF","29400","9240","20","2","9","0","0","3.18","Wild Arms XF"
"Shadows of War","12687","Shadows of War","29400","15240","40","2","54","0","0","1.93","Shadows of War"
"Double Dragon Trilogy","12688","Double Dragon Trilogy","29400","8460","74","1","52","0","0","3.48","Double Dragon Trilogy"
"Sang-Froid: Tales of Werewolves","12689","Sang-Froid: Tales of Werewolves","29340","7920","35","2","35","0","0","3.7","Sang-Froid: Tales of Werewolves"
"Show do Milhão","12690","Show do Milhão","29340","1140","429","1","11","0","0","25.74","Show do Milhão"
"Worshippers","12691","Worshippers","29340","5280","29","2","13","0","0","5.56","Worshippers"
"Dumb Ways to Die 2: The Games","12692","Dumb Ways to Die 2: The Games","29340","1140","234","1","11","0","0","25.74","Dumb Ways to Die 2: The Games"
"Dinosaur Adventure","12693","Dinosaur Adventure","29280","2580","249","1","7","0","0","11.35","Dinosaur Adventure"
"Logres","12694","Logres","29280","13920","15","2","20","0","0","2.1","Logres"
"Doombringer","12695","Doombringer","29280","2220","86","1","7","0","0","13.19","Doombringer"
"Eschalon: Book I","12696","Eschalon: Book I","29280","6000","23","2","11","0","0","4.88","Eschalon: Book I"
"Soul of the Samurai","12697","Soul of the Samurai","29280","3840","199","1","16","0","0","7.63","Soul of the Samurai"
"Twilight Star: Heart of Eir","12698","Twilight Star: Heart of Eir","29220","2460","255","1","4","0","0","11.88","Twilight Star: Heart of Eir"
"Pom Gets Wi-Fi","12699","Pom Gets Wi-Fi","29220","5520","52","1","35","0","0","5.29","Pom Gets Wi-Fi"
"Bushido Blade","12700","Bushido Blade","29220","6000","65","1","40","0","0","4.87","Bushido Blade"