"","","Game","Watch time","Stream time","Peak viewers","Peak channels","Streamers","Average viewers","Average channels","Average viewer ratio",""
"Deceit","201","Deceit","191413020","10203660","41320","107","39137","364","19","18.76","Deceit"
"Dark Souls II: Scholar of the First Sin","202","Dark Souls II: Scholar of the First Sin","190845480","13030740","17352","67","21492","363","24","14.65","Dark Souls II: Scholar of the First Sin"
"Vampyr","203","Vampyr","188314680","7540380","114271","1223","17393","358","14","24.97","Vampyr"
"Madden NFL 18","204","Madden NFL 18","187962420","43362420","24148","582","60947","357","82","4.33","Madden NFL 18"
"Doki Doki Literature Club","205","Doki Doki Literature Club","184188000","7104660","28595","129","26333","350","13","25.92","Doki Doki Literature Club"
"Dungreed","206","Dungreed","183975300","1952160","34086","90","5070","350","3","94.24","Dungreed"
"Team Fortress 2","207","Team Fortress 2","182083680","16925340","78576","97","31308","346","32","10.76","Team Fortress 2"
"Celeste","208","Celeste","181003200","6360180","125995","98","12261","344","12","28.46","Celeste"
"Kerbal Space Program","209","Kerbal Space Program","177067140","6683880","11100","53","11660","336","12","26.49","Kerbal Space Program"
"Dragon Quest XI","210","Dragon Quest XI","176274420","7360020","23595","456","7802","335","14","23.95","Dragon Quest XI"
"Forza Horizon 4","211","Forza Horizon 4","174489420","13392180","36376","654","40966","332","25","13.03","Forza Horizon 4"
"XCOM 2: War of the Chosen","212","XCOM 2: War of the Chosen","171841020","5280960","10942","62","5522","326","10","32.54","XCOM 2: War of the Chosen"
"Knight Online","213","Knight Online","171409800","4394580","7878","48","2841","326","8","39","Knight Online"
"We Happy Few","214","We Happy Few","170809980","4039920","46964","306","10650","325","7","42.28","We Happy Few"
"Wrestling","215","Wrestling","169738320","3032820","40440","37","710","322","5","55.97","Wrestling"
"Beat Saber","216","Beat Saber","167477880","10962660","36416","115","27168","318","20","15.28","Beat Saber"
"House Flipper","217","House Flipper","167355540","4636860","33266","147","14359","318","8","36.09","House Flipper"
"Wizard of Legend","218","Wizard of Legend","166772820","3277140","63341","175","12022","317","6","50.89","Wizard of Legend"
"Fallout: New Vegas","219","Fallout: New Vegas","165647700","10541700","20236","76","22949","315","20","15.71","Fallout: New Vegas"
"Final Fantasy VII","220","Final Fantasy VII","165437100","6349260","11176","33","8982","314","12","26.06","Final Fantasy VII"
"Divinity: Original Sin II","221","Divinity: Original Sin II","164872620","12842460","16627","95","20556","313","24","12.84","Divinity: Original Sin II"
"Golfing Over It with Alva Majo","222","Golfing Over It with Alva Majo","163895280","814800","69792","103","4565","311","1","201.15","Golfing Over It with Alva Majo"
"Resident Evil 4","223","Resident Evil 4","163727700","8233320","156647","53","17856","311","15","19.89","Resident Evil 4"
"Hearts of Iron IV","224","Hearts of Iron IV","163245000","6374160","24555","59","10054","310","12","25.61","Hearts of Iron IV"
"Golf It!","225","Golf It!","162905880","2246400","75831","26","12504","309","4","72.52","Golf It!"
"Sid Meier's Civilization V","226","Sid Meier's Civilization V","159615060","7240980","38690","47","16533","303","13","22.04","Sid Meier's Civilization V"
"Microsoft Flight Simulator X","227","Microsoft Flight Simulator X","158179740","12081060","7589","90","5665","300","22","13.09","Microsoft Flight Simulator X"
"Dofus","228","Dofus","158147160","6611520","9876","65","6071","300","12","23.92","Dofus"
"Tricky Towers","229","Tricky Towers","157970580","779280","50707","17","5039","300","1","202.71","Tricky Towers"
"iRacing.com","230","iRacing.com","157200960","12605100","6547","224","6344","299","23","12.47","iRacing.com"
"The Game Awards","231","The Game Awards","157174200","462780","819968","2126","2586","299","0","339.63","The Game Awards"
"Sports & Fitness","232","Sports & Fitness","157007880","774300","160132","52","2973","298","1","202.77","Sports & Fitness"
"Getting Over It","233","Getting Over It","155949780","5461740","46537","110","28662","296","10","28.55","Getting Over It"
"Left 4 Dead 2","234","Left 4 Dead 2","154902060","13719360","145489","148","49519","294","26","11.29","Left 4 Dead 2"
"The Joy Of Sex","235","The Joy Of Sex","152307600","180060","47693","23","807","289","0","845.87","The Joy Of Sex"
"Factorio","236","Factorio","151570860","12383280","7629","62","15443","288","23","12.24","Factorio"
"Metin 2","237","Metin 2","151178280","8468040","14880","67","7908","287","16","17.85","Metin 2"
"Dying Light","238","Dying Light","151114560","14237400","134887","122","48429","287","27","10.61","Dying Light"
"Darksiders III","239","Darksiders III","150395700","3147360","77310","580","7316","286","5","47.78","Darksiders III"
"Halo: The Master Chief Collection","240","Halo: The Master Chief Collection","149015940","12975960","12426","135","22193","283","24","11.48","Halo: The Master Chief Collection"
"MLB The Show 18","241","MLB The Show 18","147922740","6251700","9428","199","15295","281","11","23.66","MLB The Show 18"
"Octopath Traveler","242","Octopath Traveler","147176940","5296260","41085","360","6405","280","10","27.79","Octopath Traveler"
"Farming Simulator 17","243","Farming Simulator 17","145320840","18896880","140946","122","19542","276","35","7.69","Farming Simulator 17"
"Human: Fall Flat","244","Human: Fall Flat","144209580","5022600","61698","84","36147","274","9","28.71","Human: Fall Flat"
"Last Year","245","Last Year","143719500","1560300","91727","242","4046","273","2","92.11","Last Year"
"The Jackbox Party Pack 3","246","The Jackbox Party Pack 3","142209540","6484320","29680","89","20916","270","12","21.93","The Jackbox Party Pack 3"
"FIFA Online 4","247","FIFA Online 4","141541020","2182740","29315","51","3528","269","4","64.85","FIFA Online 4"
"Elite: Dangerous","248","Elite: Dangerous","141355800","17313000","11021","145","18697","268","32","8.16","Elite: Dangerous"
"Heroes of Newerth","249","Heroes of Newerth","140296560","5473560","4593","31","3955","266","10","25.63","Heroes of Newerth"
"Mount & Blade: Warband","250","Mount & Blade: Warband","140025060","4453140","22992","28","10862","266","8","31.44","Mount & Blade: Warband"
"Mega Man 11","251","Mega Man 11","139895820","2101500","30938","333","6490","266","3","66.57","Mega Man 11"
"Crypto","252","Crypto","139622280","6909300","5132","34","969","265","13","20.21","Crypto"
"The Legend of Zelda: Majora's Mask","253","The Legend of Zelda: Majora's Mask","139320000","2914860","8991","25","3378","265","5","47.8","The Legend of Zelda: Majora's Mask"
"BattleTech","254","BattleTech","139039200","4990560","26795","504","5662","264","9","27.86","BattleTech"
"Stellaris","255","Stellaris","138637020","7853160","6659","166","11484","263","14","17.65","Stellaris"
"Wreckfest","256","Wreckfest","138517920","3183240","79719","73","7499","263","6","43.51","Wreckfest"
"Throne of Lies: The Online Game of Deceit","257","Throne of Lies: The Online Game of Deceit","137075760","1552320","35694","19","1701","260","2","88.3","Throne of Lies: The Online Game of Deceit"
"Just Dance 2018","258","Just Dance 2018","136630560","1112100","16320","16","2619","259","2","122.86","Just Dance 2018"
"Overcooked! 2","259","Overcooked! 2","136205760","3034500","56366","237","13560","259","5","44.89","Overcooked! 2"
"Science & Technology","260","Science & Technology","135393840","7966380","25747","161","11356","257","15","17","Science & Technology"
"Final Fantasy XV","261","Final Fantasy XV","134741460","18503640","16369","692","37860","256","35","7.28","Final Fantasy XV"
"EA Sports UFC 3","262","EA Sports UFC 3","133819560","2339160","145154","77","18108","254","4","57.21","EA Sports UFC 3"
"Kartrider","263","Kartrider","133362060","3353520","16998","50","4775","253","6","39.77","Kartrider"
"War Thunder","264","War Thunder","133267500","21452940","7213","107","32698","253","40","6.21","War Thunder"
"Spyro Reignited Trilogy","265","Spyro Reignited Trilogy","133129680","8943840","58334","1346","22182","253","17","14.89","Spyro Reignited Trilogy"
"The Crew 2","266","The Crew 2","132563760","7093020","37298","510","27167","252","13","18.69","The Crew 2"
"FTL: Faster Than Light","267","FTL: Faster Than Light","130184940","2705700","13792","20","8025","247","5","48.12","FTL: Faster Than Light"
"My Summer Car","268","My Summer Car","130056660","2328780","14030","19","4763","247","4","55.85","My Summer Car"
"Surviving Mars","269","Surviving Mars","128874300","3331080","36527","451","6512","245","6","38.69","Surviving Mars"
"Overkill's The Walking Dead","270","Overkill's The Walking Dead","128808300","3274980","88925","465","7394","245","6","39.33","Overkill's The Walking Dead"
"Dark Souls II","271","Dark Souls II","128687700","3277020","24394","35","7428","244","6","39.27","Dark Souls II"
"Guitar Hero III: Legends of Rock","272","Guitar Hero III: Legends of Rock","127683180","7664100","10947","50","13708","242","14","16.66","Guitar Hero III: Legends of Rock"
"Pillars of Eternity II: Deadfire","273","Pillars of Eternity II: Deadfire","126815160","2359080","23893","275","3182","241","4","53.76","Pillars of Eternity II: Deadfire"
"Sid Meier's Civilization VI","274","Sid Meier's Civilization VI","126637620","5632140","16801","100","14004","240","10","22.48","Sid Meier's Civilization VI"
"NieR Automata","275","NieR Automata","125695200","9031920","24018","73","30163","239","17","13.92","NieR Automata"
"SOS","276","SOS","125348700","3693360","146313","200","6318","238","7","33.94","SOS"
"Yakuza Kiwami 2","277","Yakuza Kiwami 2","124490220","1889640","23998","114","2456","236","3","65.88","Yakuza Kiwami 2"
"Super Metroid","278","Super Metroid","121765560","4397100","139222","35","3773","231","8","27.69","Super Metroid"
"Cuphead","279","Cuphead","121617720","8540460","179901","87","38939","231","16","14.24","Cuphead"
"Super Seducer","280","Super Seducer","121547820","727740","45059","49","3526","231","1","167.02","Super Seducer"
"Football Manager 2019","281","Football Manager 2019","120340440","2812800","18174","89","2766","228","5","42.78","Football Manager 2019"
"Thief Simulator","282","Thief Simulator","119622840","862980","88793","77","4042","227","1","138.62","Thief Simulator"
"Nioh","283","Nioh","119448180","10855920","25732","88","17438","227","20","11","Nioh"
"Just Cause 4","284","Just Cause 4","117724620","1576980","57916","279","5866","224","3","74.65","Just Cause 4"
"Tabletop Simulator","285","Tabletop Simulator","116967120","3884940","29866","39","13738","222","7","30.11","Tabletop Simulator"
"Outlast","286","Outlast","116164080","8341680","34302","257","45628","221","15","13.93","Outlast"
"Thronebreaker: The Witcher Tales","287","Thronebreaker: The Witcher Tales","114779820","1296480","121697","223","2543","218","2","88.53","Thronebreaker: The Witcher Tales"
"Puyo Puyo Tetris","288","Puyo Puyo Tetris","114393900","3159720","27496","58","5256","217","6","36.2","Puyo Puyo Tetris"
"Visage","289","Visage","113716320","1359780","35637","149","8126","216","2","83.63","Visage"
"Social Eating","290","Social Eating","113470620","1130100","28093","14","9334","215","2","100.41","Social Eating"
"The Long Dark","291","The Long Dark","113317380","6902880","17582","68","14797","215","13","16.42","The Long Dark"
"Super Mario Party","292","Super Mario Party","113312760","1390020","52103","319","5513","215","2","81.52","Super Mario Party"
"Company of Heroes 2","293","Company of Heroes 2","112488480","5447820","7590","37","5932","214","10","20.65","Company of Heroes 2"
"Tera","294","Tera","111231540","19171260","5927","285","35298","211","36","5.8","Tera"
"The Elder Scrolls IV: Oblivion","295","The Elder Scrolls IV: Oblivion","108884760","3597120","19294","26","6799","207","6","30.27","The Elder Scrolls IV: Oblivion"
"Brawlhalla","296","Brawlhalla","108574260","16138260","39215","101","66775","206","30","6.73","Brawlhalla"
"Undertale","297","Undertale","107934600","6653580","130583","233","23068","205","12","16.22","Undertale"
"Ragnarok Online","298","Ragnarok Online","107537580","8494200","4152","91","5241","204","16","12.66","Ragnarok Online"
"God of War III","299","God of War III","106607940","1326480","35215","65","16080","202","2","80.37","God of War III"
"Barbie and the Magic of Pegasus","300","Barbie and the Magic of Pegasus","105403800","155040","40036","10","663","200","0","679.85","Barbie and the Magic of Pegasus"