"","","Game","Watch time","Stream time","Peak viewers","Peak channels","Streamers","Average viewers","Average channels","Average viewer ratio",""
"Night Shift","12001","Night Shift","36240","3120","177","1","16","0","0","11.62","Night Shift"
"Strania: The Stella Machina","12002","Strania: The Stella Machina","36240","3780","117","1","5","0","0","9.59","Strania: The Stella Machina"
"My Riding Stables: Life with Horses","12003","My Riding Stables: Life with Horses","36240","1020","175","1","9","0","0","35.53","My Riding Stables: Life with Horses"
"Madden NFL 25","12004","Madden NFL 25","36180","43020","81","3","176","0","0","0.84","Madden NFL 25"
"FIFA 11","12005","FIFA 11","36180","22200","24","3","82","0","0","1.63","FIFA 11"
"The Operational Art of War III","12006","The Operational Art of War III","36180","3480","71","1","6","0","0","10.4","The Operational Art of War III"
"War Brokers","12007","War Brokers","36120","12120","34","2","41","0","0","2.98","War Brokers"
"P.T.O.: Pacific Theater of Operations","12008","P.T.O.: Pacific Theater of Operations","36120","1380","369","2","3","0","0","26.17","P.T.O.: Pacific Theater of Operations"
"Games of Glory","12009","Games of Glory","36120","25980","60","2","175","0","0","1.39","Games of Glory"
"Alien Hominid","12010","Alien Hominid","36120","21060","22","2","153","0","0","1.72","Alien Hominid"
"Dragon Valor","12011","Dragon Valor","36120","12960","24","2","27","0","0","2.79","Dragon Valor"
"Babo Violent 2","12012","Babo Violent 2","36120","3960","53","2","3","0","0","9.12","Babo Violent 2"
"The Blackwell Convergence","12013","The Blackwell Convergence","36120","7200","43","2","27","0","0","5.02","The Blackwell Convergence"
"D2","12014","D2","36120","11880","21","1","54","0","0","3.04","D2"
"High School Musical 3: Senior Year Dance!","12015","High School Musical 3: Senior Year Dance!","36060","1140","223","1","8","0","0","31.63","High School Musical 3: Senior Year Dance!"
"Yu-Gi-Oh! Worldwide Edition: Stairway to the Destined Duel","12016","Yu-Gi-Oh! Worldwide Edition: Stairway to the Destined Duel","36060","6540","97","1","28","0","0","5.51","Yu-Gi-Oh! Worldwide Edition: Stairway to the Destined Duel"
"Penny Racers","12017","Penny Racers","36060","2040","153","1","9","0","0","17.68","Penny Racers"
"Retro/Grade","12018","Retro/Grade","36060","3540","174","1","21","0","0","10.19","Retro/Grade"
"Black Rock Shooter","12019","Black Rock Shooter","36060","8220","40","1","31","0","0","4.39","Black Rock Shooter"
"Turf Battles: Triumphus","12020","Turf Battles: Triumphus","36060","14280","43","2","14","0","0","2.53","Turf Battles: Triumphus"
"Fearful Symmetry & The Cursed Prince","12021","Fearful Symmetry & The Cursed Prince","36060","6180","92","1","38","0","0","5.83","Fearful Symmetry & The Cursed Prince"
"BlackFaith","12022","BlackFaith","36060","8880","39","3","88","0","0","4.06","BlackFaith"
"Barbie Beauty Boutique","12023","Barbie Beauty Boutique","36000","7920","108","2","31","0","0","4.55","Barbie Beauty Boutique"
"1943: The Battle of Midway","12024","1943: The Battle of Midway","35940","4740","149","1","23","0","0","7.58","1943: The Battle of Midway"
"Homeworld","12025","Homeworld","35940","13680","26","3","52","0","0","2.63","Homeworld"
"Sakura Clicker","12026","Sakura Clicker","35940","22920","26","3","96","0","0","1.57","Sakura Clicker"
"Digital Master","12027","Digital Master","35940","4920","64","1","6","0","0","7.3","Digital Master"
"Giftpia","12028","Giftpia","35940","1320","69","1","3","0","0","27.23","Giftpia"
"Good Company","12029","Good Company","35940","780","267","1","5","0","0","46.08","Good Company"
"Pokémon Play It!","12030","Pokémon Play It!","35880","17820","18","2","58","0","0","2.01","Pokémon Play It!"
"Lawnmower Game","12031","Lawnmower Game","35880","3180","81","1","30","0","0","11.28","Lawnmower Game"
"The Lost World Jurassic Park","12032","The Lost World Jurassic Park","35880","2280","292","1","12","0","0","15.74","The Lost World Jurassic Park"
"Shadow President","12033","Shadow President","35820","960","236","1","5","0","0","37.31","Shadow President"
"The Dark Mod","12034","The Dark Mod","35820","18120","20","1","30","0","0","1.98","The Dark Mod"
"ACE Online","12035","ACE Online","35820","22620","14","2","44","0","0","1.58","ACE Online"
"RollerCoaster Tycoon 2: Wacky Worlds","12036","RollerCoaster Tycoon 2: Wacky Worlds","35820","8400","60","2","50","0","0","4.26","RollerCoaster Tycoon 2: Wacky Worlds"
"Foxus","12037","Foxus","35820","1260","509","1","13","0","0","28.43","Foxus"
"Bygg Flygplan med Mulle Meck","12038","Bygg Flygplan med Mulle Meck","35820","1080","85","1","3","0","0","33.17","Bygg Flygplan med Mulle Meck"
"R2Beat","12039","R2Beat","35760","14700","17","2","45","0","0","2.43","R2Beat"
"HammerHelm","12040","HammerHelm","35760","7320","40","2","33","0","0","4.89","HammerHelm"
"Saurian","12041","Saurian","35760","18060","14","2","96","0","0","1.98","Saurian"
"Dustoff Heli Rescue 2","12042","Dustoff Heli Rescue 2","35760","1800","93","1","9","0","0","19.87","Dustoff Heli Rescue 2"
"Battle Islands: Commanders","12043","Battle Islands: Commanders","35760","31260","26","2","94","0","0","1.14","Battle Islands: Commanders"
"Doofus","12044","Doofus","35760","4020","54","2","3","0","0","8.9","Doofus"
"Inversion","12045","Inversion","35760","8820","127","2","36","0","0","4.05","Inversion"
"Strong Bad's Cool Game for Attractive People Episode 5: 8-bit is Enough","12046","Strong Bad's Cool Game for Attractive People Episode 5: 8-bit is Enough","35760","1620","122","1","10","0","0","22.07","Strong Bad's Cool Game for Attractive People Episode 5: 8-bit is Enough"
"Muchi Muchi Pork! & Pink Sweets","12047","Muchi Muchi Pork! & Pink Sweets","35760","1320","67","2","5","0","0","27.09","Muchi Muchi Pork! & Pink Sweets"
"Mega Bomberman","12048","Mega Bomberman","35760","9420","39","7","36","0","0","3.8","Mega Bomberman"
"Run Saber","12049","Run Saber","35760","5340","189","2","13","0","0","6.7","Run Saber"
"Cosmo's Cosmic Adventure: Forbidden Planet","12050","Cosmo's Cosmic Adventure: Forbidden Planet","35700","5340","100","1","26","0","0","6.69","Cosmo's Cosmic Adventure: Forbidden Planet"
"Hydro Thunder","12051","Hydro Thunder","35700","22500","77","2","122","0","0","1.59","Hydro Thunder"
"King of Kings","12052","King of Kings","35700","19500","21","2","9","0","0","1.83","King of Kings"
"Amiga Classix 3","12053","Amiga Classix 3","35700","4620","147","2","15","0","0","7.73","Amiga Classix 3"
"Graviteam Tactics: Mius Front","12054","Graviteam Tactics: Mius Front","35700","15000","105","2","22","0","0","2.38","Graviteam Tactics: Mius Front"
"Prey 2","12055","Prey 2","35700","17100","105","2","57","0","0","2.09","Prey 2"
"Power Pro-Kun Pocket","12056","Power Pro-Kun Pocket","35700","15300","65","1","2","0","0","2.33","Power Pro-Kun Pocket"
"Mensch Ärgere Dich Nicht!","12057","Mensch Ärgere Dich Nicht!","35640","2880","97","2","22","0","0","12.38","Mensch Ärgere Dich Nicht!"
"Age of Empires: The Age of Kings","12058","Age of Empires: The Age of Kings","35640","3120","62","1","9","0","0","11.42","Age of Empires: The Age of Kings"
"Grand Prix 3","12059","Grand Prix 3","35640","17460","10","1","3","0","0","2.04","Grand Prix 3"
"Prisoner of Ice","12060","Prisoner of Ice","35640","1980","301","2","9","0","0","18","Prisoner of Ice"
"UFO: Afterlight","12061","UFO: Afterlight","35580","5100","28","1","8","0","0","6.98","UFO: Afterlight"
"Agatha Christie: Murder on the Orient Express","12062","Agatha Christie: Murder on the Orient Express","35580","3540","42","1","4","0","0","10.05","Agatha Christie: Murder on the Orient Express"
"Kôna","12063","Kôna","35580","11640","23","2","48","0","0","3.06","Kôna"
"NeosVR","12064","NeosVR","35580","3780","219","3","13","0","0","9.41","NeosVR"
"Jumbo Ozaki no Hole in One Professional","12065","Jumbo Ozaki no Hole in One Professional","35520","300","306","1","2","0","0","118.4","Jumbo Ozaki no Hole in One Professional"
"Lord of Dice","12066","Lord of Dice","35520","3960","54","2","18","0","0","8.97","Lord of Dice"
"Revive: C64 Classics","12067","Revive: C64 Classics","35520","720","157","1","4","0","0","49.33","Revive: C64 Classics"
"Talisman: The Horus Heresy","12068","Talisman: The Horus Heresy","35520","6060","70","2","21","0","0","5.86","Talisman: The Horus Heresy"
"The Assembly","12069","The Assembly","35520","9720","76","2","32","0","0","3.65","The Assembly"
"Dracula's Secret","12070","Dracula's Secret","35520","480","222","1","2","0","0","74","Dracula's Secret"
"Galactic Civilizations","12071","Galactic Civilizations","35520","17280","25","2","9","0","0","2.06","Galactic Civilizations"
"Teenage Mutant Ninja Turtles III: Radical Rescue","12072","Teenage Mutant Ninja Turtles III: Radical Rescue","35520","4740","35","2","8","0","0","7.49","Teenage Mutant Ninja Turtles III: Radical Rescue"
"Bloons Monkey City","12073","Bloons Monkey City","35520","23820","92","2","57","0","0","1.49","Bloons Monkey City"
"Rochard","12074","Rochard","35460","4740","209","1","21","0","0","7.48","Rochard"
"Eliminator Boat Duel","12075","Eliminator Boat Duel","35460","840","150","1","4","0","0","42.21","Eliminator Boat Duel"
"Virtua Cop","12076","Virtua Cop","35460","1740","483","1","13","0","0","20.38","Virtua Cop"
"Molecats","12077","Molecats","35460","840","377","1","5","0","0","42.21","Molecats"
"Crypt of the Serpent King","12078","Crypt of the Serpent King","35400","26820","20","2","169","0","0","1.32","Crypt of the Serpent King"
"Rampage World Tour","12079","Rampage World Tour","35400","10200","49","2","57","0","0","3.47","Rampage World Tour"
"Doom and Destiny","12080","Doom and Destiny","35400","16440","17","2","39","0","0","2.15","Doom and Destiny"
"The Old City: Leviathan","12081","The Old City: Leviathan","35400","3840","272","1","26","0","0","9.22","The Old City: Leviathan"
"Shining Force: Resurrection of the Dark Dragon","12082","Shining Force: Resurrection of the Dark Dragon","35340","6120","36","1","17","0","0","5.77","Shining Force: Resurrection of the Dark Dragon"
"The Flash","12083","The Flash","35340","15540","247","3","27","0","0","2.27","The Flash"
"RoboCop 2","12084","RoboCop 2","35340","2400","365","2","15","0","0","14.73","RoboCop 2"
"Evo Explores","12085","Evo Explores","35340","1680","100","1","9","0","0","21.04","Evo Explores"
"Sonic Boom: Fire & Ice","12086","Sonic Boom: Fire & Ice","35340","1500","84","1","6","0","0","23.56","Sonic Boom: Fire & Ice"
"Blitz Freak","12087","Blitz Freak","35340","480","301","1","2","0","0","73.63","Blitz Freak"
"Superola and the Lost Burgers","12088","Superola and the Lost Burgers","35340","480","216","1","6","0","0","73.63","Superola and the Lost Burgers"
"Awkward Dimensions Redux","12089","Awkward Dimensions Redux","35280","10800","118","2","38","0","0","3.27","Awkward Dimensions Redux"
"Cat President","12090","Cat President","35280","3120","106","1","19","0","0","11.31","Cat President"
"Destruction Derby 2","12091","Destruction Derby 2","35280","5700","143","1","18","0","0","6.19","Destruction Derby 2"
"SSX on Tour","12092","SSX on Tour","35280","14040","38","2","61","0","0","2.51","SSX on Tour"
"Saturn Bomberman","12093","Saturn Bomberman","35280","9180","103","2","24","0","0","3.84","Saturn Bomberman"
"Storm Boy: The Game","12094","Storm Boy: The Game","35280","2520","124","2","30","0","0","14","Storm Boy: The Game"
"Pid","12095","Pid","35220","14700","23","2","69","0","0","2.4","Pid"
"Bullet Heaven 2","12096","Bullet Heaven 2","35220","17760","19","2","57","0","0","1.98","Bullet Heaven 2"
"Crispy Chicken","12097","Crispy Chicken","35220","2220","487","1","7","0","0","15.86","Crispy Chicken"
"Broken Picturephone","12098","Broken Picturephone","35220","6180","29","1","15","0","0","5.7","Broken Picturephone"
"NFL GameDay 2000","12099","NFL GameDay 2000","35160","120","473","1","2","0","0","293","NFL GameDay 2000"
"Blood II: The Chosen - The Nightmare Levels","12100","Blood II: The Chosen - The Nightmare Levels","35160","240","164","1","1","0","0","146.5","Blood II: The Chosen - The Nightmare Levels"