"","","Game","Watch time","Stream time","Peak viewers","Peak channels","Streamers","Average viewers","Average channels","Average viewer ratio",""
"Barbie's Team Gymnastics","14301","Barbie's Team Gymnastics","18180","6540","74","2","22","0","0","2.78","Barbie's Team Gymnastics"
"2000:1: A Space Felony (Or How I Came To Value My Life And Murder Mercilessly)","14302","2000:1: A Space Felony (Or How I Came To Value My Life And Murder Mercilessly)","18180","5400","64","2","52","0","0","3.37","2000:1: A Space Felony (Or How I Came To Value My Life And Murder Mercilessly)"
"Rotor Rush","14303","Rotor Rush","18180","6060","23","2","17","0","0","3","Rotor Rush"
"Mad Libs","14304","Mad Libs","18180","1380","120","1","19","0","0","13.17","Mad Libs"
"Toji no Miko: Kizamishi Issen no Tomoshibi","14305","Toji no Miko: Kizamishi Issen no Tomoshibi","18180","6720","22","1","21","0","0","2.71","Toji no Miko: Kizamishi Issen no Tomoshibi"
"Piposh","14306","Piposh","18180","23880","21","1","2","0","0","0.76","Piposh"
"Wheels","14307","Wheels","18180","480","268","1","4","0","0","37.88","Wheels"
"Train Your Brain With Dr. Kawashima","14308","Train Your Brain With Dr. Kawashima","18180","1140","131","1","6","0","0","15.95","Train Your Brain With Dr. Kawashima"
"Weeping Doll","14309","Weeping Doll","18180","8880","32","2","69","0","0","2.05","Weeping Doll"
"Noitu Love","14310","Noitu Love","18120","1140","37","4","5","0","0","15.89","Noitu Love"
"Hypernet Arena","14311","Hypernet Arena","18120","4920","32","3","12","0","0","3.68","Hypernet Arena"
"Dungeons of Chaos","14312","Dungeons of Chaos","18120","6060","9","1","5","0","0","2.99","Dungeons of Chaos"
"Madden NFL 12","14313","Madden NFL 12","18120","9000","65","8","29","0","0","2.01","Madden NFL 12"
"Age of Empires: Mythologies","14314","Age of Empires: Mythologies","18120","6000","23","2","32","0","0","3.02","Age of Empires: Mythologies"
"Aggressive Inline","14315","Aggressive Inline","18120","3480","96","1","18","0","0","5.21","Aggressive Inline"
"Oozi Earth Adventure","14316","Oozi Earth Adventure","18120","5400","24","1","22","0","0","3.36","Oozi Earth Adventure"
"Advent Rising","14317","Advent Rising","18120","8940","19","1","42","0","0","2.03","Advent Rising"
"WWII: Soldier","14318","WWII: Soldier","18060","1080","309","1","2","0","0","16.72","WWII: Soldier"
"Puyo Puyo!! Quest","14319","Puyo Puyo!! Quest","18060","13020","13","2","22","0","0","1.39","Puyo Puyo!! Quest"
"Shining Tears","14320","Shining Tears","18060","5460","44","1","16","0","0","3.31","Shining Tears"
"Tom Clancy's H.A.W.X","14321","Tom Clancy's H.A.W.X","18060","13020","27","2","56","0","0","1.39","Tom Clancy's H.A.W.X"
"WRC II Extreme","14322","WRC II Extreme","18060","2520","21","1","3","0","0","7.17","WRC II Extreme"
"Grim Tales: The Vengeance","14323","Grim Tales: The Vengeance","18060","2520","60","1","9","0","0","7.17","Grim Tales: The Vengeance"
"Gundam Side Story 0079:  Rise from the Ashes","14324","Gundam Side Story 0079:  Rise from the Ashes","18060","2460","119","2","12","0","0","7.34","Gundam Side Story 0079:  Rise from the Ashes"
"Mekazoo","14325","Mekazoo","18060","5520","21","2","13","0","0","3.27","Mekazoo"
"Elisa: the Innkeeper","14326","Elisa: the Innkeeper","18060","4620","60","1","23","0","0","3.91","Elisa: the Innkeeper"
"Six Ages","14327","Six Ages","18000","1200","73","1","4","0","0","15","Six Ages"
"Blessed Surface","14328","Blessed Surface","18000","180","152","1","2","0","0","100","Blessed Surface"
"TaleSpire","14329","TaleSpire","18000","420","61","1","1","0","0","42.86","TaleSpire"
"Xin Jianxia Qingyuan","14330","Xin Jianxia Qingyuan","18000","1860","111","1","10","0","0","9.68","Xin Jianxia Qingyuan"
"""I'm sorry! I'll do whatever you want!"" She said...","14331","""I'm sorry! I'll do whatever you want!"" She said...","18000","10800","81","1","19","0","0","1.67","""I'm sorry! I'll do whatever you want!"" She said..."
"Chronicles of Mystery: Scorpio Ritual","14332","Chronicles of Mystery: Scorpio Ritual","18000","1380","109","1","7","0","0","13.04","Chronicles of Mystery: Scorpio Ritual"
"Love & Hip Hop The Game","14333","Love & Hip Hop The Game","18000","3540","18","1","8","0","0","5.08","Love & Hip Hop The Game"
"Strawberry Shortcake: The Sweet Dreams Game","14334","Strawberry Shortcake: The Sweet Dreams Game","18000","960","70","1","2","0","0","18.75","Strawberry Shortcake: The Sweet Dreams Game"
"Crimson Skies: High Road to Revenge","14335","Crimson Skies: High Road to Revenge","18000","4980","23","1","34","0","0","3.61","Crimson Skies: High Road to Revenge"
"Ninjabread Man","14336","Ninjabread Man","18000","2100","110","1","10","0","0","8.57","Ninjabread Man"
"Let's Tap","14337","Let's Tap","18000","1860","66","2","9","0","0","9.68","Let's Tap"
"Pesterminator: The Western Exterminator","14338","Pesterminator: The Western Exterminator","18000","180","295","1","2","0","0","100","Pesterminator: The Western Exterminator"
"Peter Pan in Disney's Return to Neverland","14339","Peter Pan in Disney's Return to Neverland","18000","1980","173","1","8","0","0","9.09","Peter Pan in Disney's Return to Neverland"
"Mario Tennis Open","14340","Mario Tennis Open","18000","1560","73","1","10","0","0","11.54","Mario Tennis Open"
"NEOTOKYO°","14341","NEOTOKYO°","18000","5100","74","1","17","0","0","3.53","NEOTOKYO°"
"DemiKids: Dark Version","14342","DemiKids: Dark Version","18000","3060","16","1","9","0","0","5.88","DemiKids: Dark Version"
"LEGO Racers 2","14343","LEGO Racers 2","18000","4740","154","1","25","0","0","3.8","LEGO Racers 2"
"Army of Two: The Devil's Cartel","14344","Army of Two: The Devil's Cartel","18000","8820","13","1","25","0","0","2.04","Army of Two: The Devil's Cartel"
"AFTER-H","14345","AFTER-H","17940","3780","26","1","7","0","0","4.75","AFTER-H"
"Knocky Balls","14346","Knocky Balls","17940","240","129","1","1","0","0","74.75","Knocky Balls"
"Cleopatra: Queen of the Nile","14347","Cleopatra: Queen of the Nile","17940","4920","35","1","4","0","0","3.65","Cleopatra: Queen of the Nile"
"Let's Sing","14348","Let's Sing","17940","3840","27","1","29","0","0","4.67","Let's Sing"
"Buck Bumble","14349","Buck Bumble","17940","3420","72","1","22","0","0","5.25","Buck Bumble"
"AAAHH!!! Real Monsters","14350","AAAHH!!! Real Monsters","17940","4800","117","2","27","0","0","3.74","AAAHH!!! Real Monsters"
"Hack","14351","Hack","17940","10560","16","2","49","0","0","1.7","Hack"
"QBasic Gorillas","14352","QBasic Gorillas","17940","1200","37","1","6","0","0","14.95","QBasic Gorillas"
"Indiana Jones and the Last Crusade: The Action Game","14353","Indiana Jones and the Last Crusade: The Action Game","17940","2220","21","1","13","0","0","8.08","Indiana Jones and the Last Crusade: The Action Game"
"ZZT","14354","ZZT","17940","4980","19","5","15","0","0","3.6","ZZT"
"Memory","14355","Memory","17940","1620","26","1","7","0","0","11.07","Memory"
"Rolling Thunder 2","14356","Rolling Thunder 2","17940","1380","124","1","7","0","0","13","Rolling Thunder 2"
"The Amazon Trail","14357","The Amazon Trail","17940","1320","157","1","7","0","0","13.59","The Amazon Trail"
"The Body VR: Journey Inside a Cell","14358","The Body VR: Journey Inside a Cell","17940","180","181","1","2","0","0","99.67","The Body VR: Journey Inside a Cell"
"The Sandbox Evolution","14359","The Sandbox Evolution","17940","3720","143","1","26","0","0","4.82","The Sandbox Evolution"
"Re:Birthday Song ~Koi wo Utau Shinigami~","14360","Re:Birthday Song ~Koi wo Utau Shinigami~","17880","1200","26","1","2","0","0","14.9","Re:Birthday Song ~Koi wo Utau Shinigami~"
"Zombie Estate 2","14361","Zombie Estate 2","17880","9360","12","2","56","0","0","1.91","Zombie Estate 2"
"HedgeWars","14362","HedgeWars","17880","4080","23","2","28","0","0","4.38","HedgeWars"
"Blitzkrieg 3","14363","Blitzkrieg 3","17880","11880","10","2","32","0","0","1.51","Blitzkrieg 3"
"The Slugger","14364","The Slugger","17880","480","319","1","4","0","0","37.25","The Slugger"
"Macbat 64","14365","Macbat 64","17880","1800","34","1","11","0","0","9.93","Macbat 64"
"SORA","14366","SORA","17880","8880","21","1","32","0","0","2.01","SORA"
"Ian Livingstone's Deathtrap Dungeon","14367","Ian Livingstone's Deathtrap Dungeon","17880","1200","92","1","7","0","0","14.9","Ian Livingstone's Deathtrap Dungeon"
"Chess With Friends","14368","Chess With Friends","17880","2340","434","1","18","0","0","7.64","Chess With Friends"
"Dragon Spirit","14369","Dragon Spirit","17880","1260","138","1","9","0","0","14.19","Dragon Spirit"
"Deus Ex: The Fall","14370","Deus Ex: The Fall","17880","10140","15","1","48","0","0","1.76","Deus Ex: The Fall"
"Empire: Total War - Downloadable Content Collection","14371","Empire: Total War - Downloadable Content Collection","17880","9540","44","2","37","0","0","1.87","Empire: Total War - Downloadable Content Collection"
"Cabela's Big Game Hunter: Hunting Party","14372","Cabela's Big Game Hunter: Hunting Party","17820","60","299","1","1","0","0","297","Cabela's Big Game Hunter: Hunting Party"
"Azure Reflections","14373","Azure Reflections","17820","4560","56","1","25","0","0","3.91","Azure Reflections"
"Night Blights","14374","Night Blights","17820","2460","81","1","18","0","0","7.24","Night Blights"
"Mobile Suit Gundam: Crossfire","14375","Mobile Suit Gundam: Crossfire","17820","4200","159","1","9","0","0","4.24","Mobile Suit Gundam: Crossfire"
"Sherlock Holmes: Consulting Detective","14376","Sherlock Holmes: Consulting Detective","17820","1980","38","1","6","0","0","9","Sherlock Holmes: Consulting Detective"
"Gundam Battle Assault 2","14377","Gundam Battle Assault 2","17820","6960","14","1","32","0","0","2.56","Gundam Battle Assault 2"
"Disney's Lilo & Stitch","14378","Disney's Lilo & Stitch","17820","2940","37","2","18","0","0","6.06","Disney's Lilo & Stitch"
"Rapala Pro Fishing","14379","Rapala Pro Fishing","17820","2760","50","1","18","0","0","6.46","Rapala Pro Fishing"
"Harvest Moon: Boy & Girl","14380","Harvest Moon: Boy & Girl","17820","6300","12","1","8","0","0","2.83","Harvest Moon: Boy & Girl"
"Strider Returns","14381","Strider Returns","17820","420","296","1","4","0","0","42.43","Strider Returns"
"Lume","14382","Lume","17820","240","294","1","3","0","0","74.25","Lume"
"Doom and Destiny Advanced","14383","Doom and Destiny Advanced","17820","7920","21","1","12","0","0","2.25","Doom and Destiny Advanced"
"Cloudborn","14384","Cloudborn","17820","540","277","1","7","0","0","33","Cloudborn"
"Virtual Surgeon: Open Heart","14385","Virtual Surgeon: Open Heart","17820","360","296","1","2","0","0","49.5","Virtual Surgeon: Open Heart"
"Star Wars: Armada","14386","Star Wars: Armada","17820","4500","34","1","12","0","0","3.96","Star Wars: Armada"
"The Political Machine 2016","14387","The Political Machine 2016","17820","7380","31","2","38","0","0","2.41","The Political Machine 2016"
"Phantom of the Kill","14388","Phantom of the Kill","17820","8460","9","1","13","0","0","2.11","Phantom of the Kill"
"Opoona","14389","Opoona","17820","2580","130","1","4","0","0","6.91","Opoona"
"Dragon: A Game About a Dragon","14390","Dragon: A Game About a Dragon","17760","3540","30","2","21","0","0","5.02","Dragon: A Game About a Dragon"
"Scorn","14391","Scorn","17760","6420","34","1","28","0","0","2.77","Scorn"
"Framed!","14392","Framed!","17760","1260","59","1","4","0","0","14.1","Framed!"
"Pia Carrot e Youkoso!! 2.2","14393","Pia Carrot e Youkoso!! 2.2","17760","2700","64","1","1","0","0","6.58","Pia Carrot e Youkoso!! 2.2"
"Red Zone","14394","Red Zone","17760","420","148","2","4","0","0","42.29","Red Zone"
"Heavy Shreddin'","14395","Heavy Shreddin'","17760","540","199","3","4","0","0","32.89","Heavy Shreddin'"
"Saturday Night Slam Masters","14396","Saturday Night Slam Masters","17760","2640","66","1","24","0","0","6.73","Saturday Night Slam Masters"
"Star Wolves 3: Civil War","14397","Star Wolves 3: Civil War","17760","10200","9","1","12","0","0","1.74","Star Wolves 3: Civil War"
"Mardek RPG: Chapter 3","14398","Mardek RPG: Chapter 3","17760","6000","56","1","3","0","0","2.96","Mardek RPG: Chapter 3"
"Forge of Empires","14399","Forge of Empires","17760","520140","49","3","79","0","0","0.03","Forge of Empires"
"Battle of the Immortals","14400","Battle of the Immortals","17760","3240","24","2","14","0","0","5.48","Battle of the Immortals"