"","","Game","Watch time","Stream time","Peak viewers","Peak channels","Streamers","Average viewers","Average channels","Average viewer ratio",""
"Siesta Fiesta","10101","Siesta Fiesta","68400","540","926","1","4","0","0","126.67","Siesta Fiesta"
"Collapse: The Rage","10102","Collapse: The Rage","68340","1380","562","1","5","0","0","49.52","Collapse: The Rage"
"Drelbs","10103","Drelbs","68280","780","166","1","1","0","0","87.54","Drelbs"
"Captain America and the Avengers","10104","Captain America and the Avengers","68280","21180","102","6","117","0","0","3.22","Captain America and the Avengers"
"Dune: The Battle for Arrakis","10105","Dune: The Battle for Arrakis","68220","18600","47","2","38","0","0","3.67","Dune: The Battle for Arrakis"
"Redline","10106","Redline","68220","1320","110","1","3","0","0","51.68","Redline"
"Gold Rush!","10107","Gold Rush!","68220","10920","1187","2","51","0","0","6.25","Gold Rush!"
"Stick Empires","10108","Stick Empires","68220","8580","837","2","14","0","0","7.95","Stick Empires"
"Dr. Brain Thinking Games IQ Adventures","10109","Dr. Brain Thinking Games IQ Adventures","68220","4920","95","1","3","0","0","13.87","Dr. Brain Thinking Games IQ Adventures"
"Zaku","10110","Zaku","68160","180","1136","3","1","0","0","378.67","Zaku"
"Strikey Sisters","10111","Strikey Sisters","68160","15000","105","2","65","0","0","4.54","Strikey Sisters"
"Caligo","10112","Caligo","68160","11580","130","2","79","0","0","5.89","Caligo"
"Dragon: The Bruce Lee Story","10113","Dragon: The Bruce Lee Story","68100","1440","699","1","12","0","0","47.29","Dragon: The Bruce Lee Story"
"NEO AQUARIUM - The King of Crustaceans -","10114","NEO AQUARIUM - The King of Crustaceans -","68100","4560","228","2","38","0","0","14.93","NEO AQUARIUM - The King of Crustaceans -"
"Dragon's Prophet","10115","Dragon's Prophet","68100","41340","19","3","100","0","0","1.65","Dragon's Prophet"
"ōdi∙um","10116","ōdi∙um","68100","16200","62","2","21","0","0","4.2","ōdi∙um"
"Evil Dead: A Fistful of Boomstick","10117","Evil Dead: A Fistful of Boomstick","68100","5160","226","2","28","0","0","13.2","Evil Dead: A Fistful of Boomstick"
"Xianjian Qixia Zhuan","10118","Xianjian Qixia Zhuan","68040","7200","64","2","7","0","0","9.45","Xianjian Qixia Zhuan"
"Ganbare Goemon Kirakira Douchuu: Boku ga Dancer ni Natta Wake","10119","Ganbare Goemon Kirakira Douchuu: Boku ga Dancer ni Natta Wake","68040","8760","54","2","10","0","0","7.77","Ganbare Goemon Kirakira Douchuu: Boku ga Dancer ni Natta Wake"
"Trailer Park Boys: The Mobile Game","10120","Trailer Park Boys: The Mobile Game","68040","12720","238","2","74","0","0","5.35","Trailer Park Boys: The Mobile Game"
"New Star Manager","10121","New Star Manager","67980","7560","201","3","22","0","0","8.99","New Star Manager"
"Nancy Drew: Treasure in the Royal Tower","10122","Nancy Drew: Treasure in the Royal Tower","67980","12600","201","2","34","0","0","5.4","Nancy Drew: Treasure in the Royal Tower"
"Dig Dug","10123","Dig Dug","67980","35040","51","3","237","0","0","1.94","Dig Dug"
"sZone-Online","10124","sZone-Online","67860","34740","72","2","103","0","0","1.95","sZone-Online"
"Bombing Busters","10125","Bombing Busters","67800","45840","65","7","421","0","0","1.48","Bombing Busters"
"Championship Manager: Season 01/02","10126","Championship Manager: Season 01/02","67800","22080","109","2","27","0","0","3.07","Championship Manager: Season 01/02"
"Cosmic Trip","10127","Cosmic Trip","67800","5820","453","1","31","0","0","11.65","Cosmic Trip"
"Legends of Eisenwald","10128","Legends of Eisenwald","67740","22260","31","2","23","0","0","3.04","Legends of Eisenwald"
"Hard Truck: Apocalypse","10129","Hard Truck: Apocalypse","67740","26040","25","2","65","0","0","2.6","Hard Truck: Apocalypse"
"Summon Night: Swordcraft Story","10130","Summon Night: Swordcraft Story","67740","17820","43","2","46","0","0","3.8","Summon Night: Swordcraft Story"
"Dolphin","10131","Dolphin","67680","40140","45","3","115","0","0","1.69","Dolphin"
"AION: Legions of War","10132","AION: Legions of War","67680","16440","67","3","52","0","0","4.12","AION: Legions of War"
"Far Out","10133","Far Out","67680","7500","216","4","45","0","0","9.02","Far Out"
"Multiplay","10134","Multiplay","67620","45960","55","4","106","0","0","1.47","Multiplay"
"Bravoman","10135","Bravoman","67620","660","554","4","8","0","0","102.45","Bravoman"
"Nyan Cat!","10136","Nyan Cat!","67560","13260","12","1","15","0","0","5.1","Nyan Cat!"
"Berserk: Millennium Falcon Hen Seima Senki no Shou","10137","Berserk: Millennium Falcon Hen Seima Senki no Shou","67560","5220","514","1","29","0","0","12.94","Berserk: Millennium Falcon Hen Seima Senki no Shou"
"Shrek: Swamp Kart Speedway","10138","Shrek: Swamp Kart Speedway","67500","960","1132","1","8","0","0","70.31","Shrek: Swamp Kart Speedway"
"DANCERUSH STARDOM","10139","DANCERUSH STARDOM","67500","10200","580","1","9","0","0","6.62","DANCERUSH STARDOM"
"Original War","10140","Original War","67380","23040","37","2","57","0","0","2.92","Original War"
"Aero Fighters 3","10141","Aero Fighters 3","67320","600","1190","1","6","0","0","112.2","Aero Fighters 3"
"Wormate.io","10142","Wormate.io","67320","43440","123","3","158","0","0","1.55","Wormate.io"
"The Adventures of Rocky and Bullwinkle and Friends","10143","The Adventures of Rocky and Bullwinkle and Friends","67260","1680","694","1","9","0","0","40.04","The Adventures of Rocky and Bullwinkle and Friends"
"Bandai Golf: Challenge Pebble Beach","10144","Bandai Golf: Challenge Pebble Beach","67260","180","396","1","1","0","0","373.67","Bandai Golf: Challenge Pebble Beach"
"The Powerpuff Girls: Mojo Jojo A-Go-Go","10145","The Powerpuff Girls: Mojo Jojo A-Go-Go","67260","1500","108","1","6","0","0","44.84","The Powerpuff Girls: Mojo Jojo A-Go-Go"
"Real Boxing","10146","Real Boxing","67260","34320","547","2","58","0","0","1.96","Real Boxing"
"FaceRig","10147","FaceRig","67140","16860","113","3","121","0","0","3.98","FaceRig"
"Hook Worlds","10148","Hook Worlds","67140","960","127","1","1","0","0","69.94","Hook Worlds"
"Sports Party","10149","Sports Party","67080","1200","489","1","8","0","0","55.9","Sports Party"
"Sword of the Berserk: Guts' Rage","10150","Sword of the Berserk: Guts' Rage","67020","6960","100","1","31","0","0","9.63","Sword of the Berserk: Guts' Rage"
"The Rake","10151","The Rake","67020","2880","701","1","26","0","0","23.27","The Rake"
"Lufia: The Legend Returns","10152","Lufia: The Legend Returns","67020","6840","70","1","10","0","0","9.8","Lufia: The Legend Returns"
"UNLOVED","10153","UNLOVED","67020","20460","39","3","108","0","0","3.28","UNLOVED"
"Teenage Mutant Ninja Turtles: Return of the Shredder","10154","Teenage Mutant Ninja Turtles: Return of the Shredder","66960","1140","1108","1","10","0","0","58.74","Teenage Mutant Ninja Turtles: Return of the Shredder"
"Sound of Drop - fall into poison -","10155","Sound of Drop - fall into poison -","66960","9600","32","1","24","0","0","6.98","Sound of Drop - fall into poison -"
"The New York Times Crossword Puzzles","10156","The New York Times Crossword Puzzles","66960","20940","30","4","18","0","0","3.2","The New York Times Crossword Puzzles"
"TaleSpin","10157","TaleSpin","66960","3600","212","4","21","0","0","18.6","TaleSpin"
"Windforge","10158","Windforge","66960","8280","62","1","12","0","0","8.09","Windforge"
"Breach & Clear","10159","Breach & Clear","66960","14400","130","2","83","0","0","4.65","Breach & Clear"
"Stuntman","10160","Stuntman","66960","3060","261","2","17","0","0","21.88","Stuntman"
"Tales of Innocence","10161","Tales of Innocence","66960","11400","25","1","11","0","0","5.87","Tales of Innocence"
"Yoshi's Safari","10162","Yoshi's Safari","66900","2940","1010","1","17","0","0","22.76","Yoshi's Safari"
"Super Street Fighter II: The New Challengers","10163","Super Street Fighter II: The New Challengers","66900","7140","309","2","58","0","0","9.37","Super Street Fighter II: The New Challengers"
"Dystopia","10164","Dystopia","66900","14760","95","6","29","0","0","4.53","Dystopia"
"Dink Smallwood","10165","Dink Smallwood","66840","5580","957","1","23","0","0","11.98","Dink Smallwood"
"The Desolate Hope","10166","The Desolate Hope","66840","4200","408","1","25","0","0","15.91","The Desolate Hope"
"Gates of Nowhere","10167","Gates of Nowhere","66780","1500","486","2","6","0","0","44.52","Gates of Nowhere"
"Batman Arkham City Lockdown","10168","Batman Arkham City Lockdown","66780","20640","131","2","105","0","0","3.24","Batman Arkham City Lockdown"
"Puyo Puyo SUN","10169","Puyo Puyo SUN","66780","5760","202","1","31","0","0","11.59","Puyo Puyo SUN"
"Buffy the Vampire Slayer: Chaos Bleeds","10170","Buffy the Vampire Slayer: Chaos Bleeds","66780","11700","71","2","32","0","0","5.71","Buffy the Vampire Slayer: Chaos Bleeds"
"Cliffhanger","10171","Cliffhanger","66780","2100","1026","1","13","0","0","31.8","Cliffhanger"
"Shit!!","10172","Shit!!","66780","24420","200","2","62","0","0","2.73","Shit!!"
"Saint Seiya: Sanctuary Battle","10173","Saint Seiya: Sanctuary Battle","66720","13260","64","2","37","0","0","5.03","Saint Seiya: Sanctuary Battle"
"The Addams Family: Pugsley's Scavenger Hunt","10174","The Addams Family: Pugsley's Scavenger Hunt","66720","3420","2596","2","12","0","0","19.51","The Addams Family: Pugsley's Scavenger Hunt"
"Sin & Punishment:  Star Successor","10175","Sin & Punishment:  Star Successor","66660","7080","233","2","34","0","0","9.42","Sin & Punishment:  Star Successor"
"Nitro Type","10176","Nitro Type","66660","31500","23","3","133","0","0","2.12","Nitro Type"
"Project Wingman","10177","Project Wingman","66660","24840","82","3","165","0","0","2.68","Project Wingman"
"Balrum","10178","Balrum","66660","16800","68","2","35","0","0","3.97","Balrum"
"KeeperRL","10179","KeeperRL","66660","15180","167","2","40","0","0","4.39","KeeperRL"
"The idolm@ster: Shiny TV","10180","The idolm@ster: Shiny TV","66540","2940","409","1","12","0","0","22.63","The idolm@ster: Shiny TV"
"Ripple Runner","10181","Ripple Runner","66480","780","819","1","8","0","0","85.23","Ripple Runner"
"She Wants Me Dead","10182","She Wants Me Dead","66420","5040","258","1","31","0","0","13.18","She Wants Me Dead"
"Hurricane","10183","Hurricane","66420","5220","53","3","12","0","0","12.72","Hurricane"
"Art of Murder: Cards of Destiny","10184","Art of Murder: Cards of Destiny","66420","2760","342","2","3","0","0","24.07","Art of Murder: Cards of Destiny"
"Big Crown: Showdown","10185","Big Crown: Showdown","66360","4560","166","5","44","0","0","14.55","Big Crown: Showdown"
"Lost Horizon","10186","Lost Horizon","66360","11100","128","2","23","0","0","5.98","Lost Horizon"
"Just Sing!","10187","Just Sing!","66360","5040","955","3","41","0","0","13.17","Just Sing!"
"Die Hard Trilogy","10188","Die Hard Trilogy","66300","7140","121","2","45","0","0","9.29","Die Hard Trilogy"
"Tail Concerto","10189","Tail Concerto","66240","11520","272","2","24","0","0","5.75","Tail Concerto"
"I Am Overburdened","10190","I Am Overburdened","66240","3540","86","1","12","0","0","18.71","I Am Overburdened"
"Monster in My Pocket","10191","Monster in My Pocket","66120","4140","273","1","22","0","0","15.97","Monster in My Pocket"
"Yu-Gi-Oh! Reshef of Destruction","10192","Yu-Gi-Oh! Reshef of Destruction","66120","9540","91","2","18","0","0","6.93","Yu-Gi-Oh! Reshef of Destruction"
"101 Dalmatians: Escape From DeVil Manor","10193","101 Dalmatians: Escape From DeVil Manor","66060","2760","56","1","4","0","0","23.93","101 Dalmatians: Escape From DeVil Manor"
"Cooking Witch","10194","Cooking Witch","66060","3120","420","2","23","0","0","21.17","Cooking Witch"
"Frog Smashers","10195","Frog Smashers","66000","300","1098","1","3","0","0","220","Frog Smashers"
"Trauma Center: Under the Knife 2","10196","Trauma Center: Under the Knife 2","66000","16920","18","2","14","0","0","3.9","Trauma Center: Under the Knife 2"
"Master Reboot","10197","Master Reboot","65880","8820","113","2","41","0","0","7.47","Master Reboot"
"Senjo no Valkyria 3 EXTRA EDITION","10198","Senjo no Valkyria 3 EXTRA EDITION","65880","16200","42","2","7","0","0","4.07","Senjo no Valkyria 3 EXTRA EDITION"
"Fatal Velocity: Physics Combat","10199","Fatal Velocity: Physics Combat","65880","6120","253","4","28","0","0","10.76","Fatal Velocity: Physics Combat"
"WarGames","10200","WarGames","65820","26340","123","2","39","0","0","2.5","WarGames"