"","","Game","Watch time","Stream time","Peak viewers","Peak channels","Streamers","Average viewers","Average channels","Average viewer ratio",""
"Mad Machines","7901","Mad Machines","157800","21120","89","5","75","0","0","7.47","Mad Machines"
"Revelations: Persona","7902","Revelations: Persona","157560","38760","229","2","87","0","0","4.07","Revelations: Persona"
"Action","7903","Action","157500","175020","49","5","445","0","0","0.9","Action"
"R-Type Dimensions","7904","R-Type Dimensions","157440","6900","956","2","55","0","0","22.82","R-Type Dimensions"
"Battlecode","7905","Battlecode","157440","2700","262","1","3","0","0","58.31","Battlecode"
"Mirror Layers","7906","Mirror Layers","157440","8520","910","1","38","0","0","18.48","Mirror Layers"
"Condor: The Competition Soaring Simulator","7907","Condor: The Competition Soaring Simulator","157380","149760","11","4","23","0","0","1.05","Condor: The Competition Soaring Simulator"
"Slot Machine","7908","Slot Machine","157380","12180","571","2","38","0","0","12.92","Slot Machine"
"Wrath of the Gods","7909","Wrath of the Gods","157260","1680","448","1","3","0","0","93.61","Wrath of the Gods"
"Shinobi","7910","Shinobi","157200","40620","59","2","122","0","0","3.87","Shinobi"
"Osmos","7911","Osmos","157200","6960","270","1","47","0","0","22.59","Osmos"
"Tail Gator","7912","Tail Gator","157140","1080","1344","4","11","0","0","145.5","Tail Gator"
"Trivia Crack","7913","Trivia Crack","156960","4080","2678","1","21","0","0","38.47","Trivia Crack"
"The 25th Ward: The Silver Case","7914","The 25th Ward: The Silver Case","156780","27660","131","3","37","0","0","5.67","The 25th Ward: The Silver Case"
"Cheesy","7915","Cheesy","156720","2580","1737","3","11","0","0","60.74","Cheesy"
"Hawken","7916","Hawken","156660","163260","35","5","797","0","0","0.96","Hawken"
"Xenosaga: Episode III - Also Sprach Zarathustra","7917","Xenosaga: Episode III - Also Sprach Zarathustra","156420","50160","22","3","43","0","0","3.12","Xenosaga: Episode III - Also Sprach Zarathustra"
"Lumo","7918","Lumo","156420","24240","319","2","131","0","0","6.45","Lumo"
"Touhou 16: Hidden Star in Four Seasons","7919","Touhou 16: Hidden Star in Four Seasons","156420","53700","192","3","314","0","0","2.91","Touhou 16: Hidden Star in Four Seasons"
"Highway Blossoms","7920","Highway Blossoms","156420","15540","571","2","41","0","0","10.07","Highway Blossoms"
"The LEGO Ninjago Movie Video Game","7921","The LEGO Ninjago Movie Video Game","156360","39420","320","3","246","0","0","3.97","The LEGO Ninjago Movie Video Game"
"Langrisser III","7922","Langrisser III","156000","26400","140","2","6","0","0","5.91","Langrisser III"
"Shadow Dancer: The Secret of Shinobi","7923","Shadow Dancer: The Secret of Shinobi","155880","13020","839","3","46","0","0","11.97","Shadow Dancer: The Secret of Shinobi"
"hackmud","7924","hackmud","155880","12300","574","2","49","0","0","12.67","hackmud"
"Line of Sight","7925","Line of Sight","155880","77580","234","4","443","0","0","2.01","Line of Sight"
"Orion: Prelude","7926","Orion: Prelude","155820","43740","275","3","317","0","0","3.56","Orion: Prelude"
"Cyril Cyberpunk","7927","Cyril Cyberpunk","155760","180","1007","1","1","0","0","865.33","Cyril Cyberpunk"
"Blackhole","7928","Blackhole","155700","27600","153","3","138","0","0","5.64","Blackhole"
"For the Revenge","7929","For the Revenge","155700","780","692","1","4","0","0","199.62","For the Revenge"
"Sacred 2: Ice and Blood","7930","Sacred 2: Ice and Blood","155580","28380","328","2","113","0","0","5.48","Sacred 2: Ice and Blood"
"Just Dance: Greatest Hits","7931","Just Dance: Greatest Hits","155580","2340","598","1","13","0","0","66.49","Just Dance: Greatest Hits"
"Yatagarasu: Attack on Cataclysm","7932","Yatagarasu: Attack on Cataclysm","155400","14040","214","2","31","0","0","11.07","Yatagarasu: Attack on Cataclysm"
"Sonic Jam","7933","Sonic Jam","155400","6840","566","3","36","0","0","22.72","Sonic Jam"
"Giants: Citizen Kabuto","7934","Giants: Citizen Kabuto","155340","16020","196","2","51","0","0","9.7","Giants: Citizen Kabuto"
"Shin Megami Tensei: Devil Summoner: Soul Hackers","7935","Shin Megami Tensei: Devil Summoner: Soul Hackers","155280","4680","121","1","8","0","0","33.18","Shin Megami Tensei: Devil Summoner: Soul Hackers"
"Executive Assault","7936","Executive Assault","155220","18660","1731","4","78","0","0","8.32","Executive Assault"
"Profane","7937","Profane","155160","18360","141","8","40","0","0","8.45","Profane"
"Super Beat Sports","7938","Super Beat Sports","155040","3840","628","2","22","0","0","40.38","Super Beat Sports"
"Notmycar","7939","Notmycar","154920","26340","167","15","192","0","0","5.88","Notmycar"
"Nancy Drew: Curse of Blackmoor Manor","7940","Nancy Drew: Curse of Blackmoor Manor","154920","25020","80","2","56","0","0","6.19","Nancy Drew: Curse of Blackmoor Manor"
"Shining Force EXA","7941","Shining Force EXA","154860","12480","185","1","14","0","0","12.41","Shining Force EXA"
"Brain Lord","7942","Brain Lord","154800","12420","626","2","24","0","0","12.46","Brain Lord"
"Tropico 3: Absolute Power","7943","Tropico 3: Absolute Power","154800","6900","452","2","22","0","0","22.43","Tropico 3: Absolute Power"
"AAARGH!","7944","AAARGH!","154680","5100","897","1","13","0","0","30.33","AAARGH!"
"Urban Trial Playground","7945","Urban Trial Playground","154620","2460","1003","1","22","0","0","62.85","Urban Trial Playground"
"Fighter Maker 2","7946","Fighter Maker 2","154560","180","1357","1","3","0","0","858.67","Fighter Maker 2"
"Rango: The Video Game","7947","Rango: The Video Game","154560","840","618","1","5","0","0","184","Rango: The Video Game"
"Renegade X","7948","Renegade X","154440","37740","99","3","88","0","0","4.09","Renegade X"
"Statik","7949","Statik","154440","36600","319","3","268","0","0","4.22","Statik"
"Royal Quest","7950","Royal Quest","154380","146820","320","4","201","0","0","1.05","Royal Quest"
"Crayon Shin-Chan 2: Dai Maou no Gyakushu","7951","Crayon Shin-Chan 2: Dai Maou no Gyakushu","154380","600","2514","2","3","0","0","257.3","Crayon Shin-Chan 2: Dai Maou no Gyakushu"
"Dangerous Dave","7952","Dangerous Dave","154200","3000","1275","1","21","0","0","51.4","Dangerous Dave"
"Devil Kings","7953","Devil Kings","154020","4740","239","1","13","0","0","32.49","Devil Kings"
"DX-Ball 2","7954","DX-Ball 2","154020","3300","983","2","22","0","0","46.67","DX-Ball 2"
"Roguelands","7955","Roguelands","154020","70980","64","3","358","0","0","2.17","Roguelands"
"The Misfits","7956","The Misfits","153900","37860","415","7","215","0","0","4.06","The Misfits"
"Bullets And More VR","7957","Bullets And More VR","153900","21960","280","3","95","0","0","7.01","Bullets And More VR"
"CRYPTARK","7958","CRYPTARK","153780","27360","387","2","116","0","0","5.62","CRYPTARK"
"Robot Alchemic Drive","7959","Robot Alchemic Drive","153720","15780","210","2","44","0","0","9.74","Robot Alchemic Drive"
"Mstar","7960","Mstar","153660","40860","187","3","167","0","0","3.76","Mstar"
"Eternal Ring","7961","Eternal Ring","153480","21180","709","3","59","0","0","7.25","Eternal Ring"
"Scooby-Doo Mystery","7962","Scooby-Doo Mystery","153480","7920","645","2","30","0","0","19.38","Scooby-Doo Mystery"
"There's Poop In My Soup","7963","There's Poop In My Soup","153480","11220","709","2","98","0","0","13.68","There's Poop In My Soup"
"Super Mario World: Super Mario Advance 2","7964","Super Mario World: Super Mario Advance 2","153420","25680","1136","5","88","0","0","5.97","Super Mario World: Super Mario Advance 2"
"A Rose in the Twilight","7965","A Rose in the Twilight","153420","34800","83","3","75","0","0","4.41","A Rose in the Twilight"
"Pianista","7966","Pianista","153420","4500","1271","1","32","0","0","34.09","Pianista"
"Steambirds Alliance","7967","Steambirds Alliance","153360","15960","398","3","38","0","0","9.61","Steambirds Alliance"
"The Simpsons Arcade","7968","The Simpsons Arcade","153360","11820","1130","2","62","0","0","12.97","The Simpsons Arcade"
"RPG MO","7969","RPG MO","153300","80160","44","3","130","0","0","1.91","RPG MO"
"The Black Mirror","7970","The Black Mirror","153300","32160","120","2","56","0","0","4.77","The Black Mirror"
"Nier Replicant","7971","Nier Replicant","153060","38280","47","2","46","0","0","4","Nier Replicant"
"Monster Sanctuary","7972","Monster Sanctuary","153000","16200","248","3","85","0","0","9.44","Monster Sanctuary"
"Tales of the Neon Sea","7973","Tales of the Neon Sea","152940","720","1247","1","8","0","0","212.42","Tales of the Neon Sea"
"Wrestling Revolution 3D","7974","Wrestling Revolution 3D","152700","25140","85","2","64","0","0","6.07","Wrestling Revolution 3D"
"Saboteur","7975","Saboteur","152700","15600","871","2","58","0","0","9.79","Saboteur"
"The Silver Case","7976","The Silver Case","152640","33000","195","3","114","0","0","4.63","The Silver Case"
"Ultimate Arena","7977","Ultimate Arena","152460","10260","1042","2","50","0","0","14.86","Ultimate Arena"
"THE iDOLM@STER PLATINUM STARS","7978","THE iDOLM@STER PLATINUM STARS","152340","33240","1102","2","43","0","0","4.58","THE iDOLM@STER PLATINUM STARS"
"Crimsonland","7979","Crimsonland","152340","35580","442","2","157","0","0","4.28","Crimsonland"
"Hellmut: The Badass from Hell","7980","Hellmut: The Badass from Hell","152280","4980","588","4","42","0","0","30.58","Hellmut: The Badass from Hell"
"SWORDY","7981","SWORDY","152220","180","2809","1","3","0","0","845.67","SWORDY"
"MicroVolts","7982","MicroVolts","152160","47400","93","3","118","0","0","3.21","MicroVolts"
"Alien³","7983","Alien³","152160","7080","386","2","42","0","0","21.49","Alien³"
"Snowboard Kids 2","7984","Snowboard Kids 2","152100","21360","118","2","67","0","0","7.12","Snowboard Kids 2"
"Alisia Dragoon","7985","Alisia Dragoon","152040","5220","211","1","18","0","0","29.13","Alisia Dragoon"
"Crimzon Clover: World Ignition","7986","Crimzon Clover: World Ignition","151980","49440","99","3","82","0","0","3.07","Crimzon Clover: World Ignition"
"Badass Hero","7987","Badass Hero","151920","21120","560","3","60","0","0","7.19","Badass Hero"
"Super G-Man","7988","Super G-Man","151680","60","4414","1","1","0","0","2528","Super G-Man"
"Planet of the Apes","7989","Planet of the Apes","151620","24960","349","2","22","0","0","6.07","Planet of the Apes"
"Thunder Force V: Perfect System","7990","Thunder Force V: Perfect System","151620","2040","1046","1","13","0","0","74.32","Thunder Force V: Perfect System"
"The Culling Of The Cows","7991","The Culling Of The Cows","151620","2760","2418","2","24","0","0","54.93","The Culling Of The Cows"
"RalliSport Challenge","7992","RalliSport Challenge","151620","4440","235","1","7","0","0","34.15","RalliSport Challenge"
"LEGO Star Wars III: The Clone Wars","7993","LEGO Star Wars III: The Clone Wars","151440","63360","46","3","275","0","0","2.39","LEGO Star Wars III: The Clone Wars"
"Arc Rise Fantasia","7994","Arc Rise Fantasia","151380","14940","186","3","17","0","0","10.13","Arc Rise Fantasia"
"Dave Mirra Freestyle BMX","7995","Dave Mirra Freestyle BMX","151380","3780","1337","1","25","0","0","40.05","Dave Mirra Freestyle BMX"
"Bomberman Land Touch!","7996","Bomberman Land Touch!","151380","1200","1012","2","6","0","0","126.15","Bomberman Land Touch!"
"Darkness Within: In Pursuit of Loath Nolder","7997","Darkness Within: In Pursuit of Loath Nolder","151320","24360","271","2","64","0","0","6.21","Darkness Within: In Pursuit of Loath Nolder"
"Tropical Escape","7998","Tropical Escape","151260","900","2676","1","9","0","0","168.07","Tropical Escape"
"Witchaven II: Blood Vengeance","7999","Witchaven II: Blood Vengeance","151260","1920","141","1","4","0","0","78.78","Witchaven II: Blood Vengeance"
"Payday: Crime War","8000","Payday: Crime War","151260","5460","1038","1","33","0","0","27.7","Payday: Crime War"