"","","Game","Watch time","Stream time","Peak viewers","Peak channels","Streamers","Average viewers","Average channels","Average viewer ratio",""
"Metroid Prime: Blast Ball","6601","Metroid Prime: Blast Ball","268080","6000","506","1","4","0","0","44.68","Metroid Prime: Blast Ball"
"Tomcat Alley","6602","Tomcat Alley","268020","300","1839","1","3","0","0","893.4","Tomcat Alley"
"Azure Striker Gunvolt: Striker Pack","6603","Azure Striker Gunvolt: Striker Pack","267960","41280","142","3","116","0","0","6.49","Azure Striker Gunvolt: Striker Pack"
"Little Bug","6604","Little Bug","267960","13080","250","8","73","0","0","20.49","Little Bug"
"Black & White 2: Battle of the Gods","6605","Black & White 2: Battle of the Gods","267900","17880","2946","2","31","0","0","14.98","Black & White 2: Battle of the Gods"
"Rygar","6606","Rygar","267840","19920","339","2","55","0","0","13.45","Rygar"
"Contagion: Outbreak","6607","Contagion: Outbreak","267660","52440","721","6","317","0","0","5.1","Contagion: Outbreak"
"Worms Crazy Golf","6608","Worms Crazy Golf","267480","7260","1991","2","41","0","0","36.84","Worms Crazy Golf"
"Looney Tunes","6609","Looney Tunes","267480","7260","2408","1","30","0","0","36.84","Looney Tunes"
"Criminal Case","6610","Criminal Case","267360","16620","119","2","20","0","0","16.09","Criminal Case"
"King of Dragon Pass","6611","King of Dragon Pass","267180","14520","285","2","50","0","0","18.4","King of Dragon Pass"
"Hachiemon","6612","Hachiemon","266880","4080","1543","3","13","0","0","65.41","Hachiemon"
"Clive Barker's Jericho","6613","Clive Barker's Jericho","266700","58260","286","3","210","0","0","4.58","Clive Barker's Jericho"
"Flight Simulator","6614","Flight Simulator","266580","135480","251","4","247","0","0","1.97","Flight Simulator"
"Drakengard 2","6615","Drakengard 2","266280","25140","184","2","28","0","0","10.59","Drakengard 2"
"The Hurricanes","6616","The Hurricanes","266220","600","1626","2","6","0","0","443.7","The Hurricanes"
"Etrian Odyssey V","6617","Etrian Odyssey V","266160","40860","70","3","42","0","0","6.51","Etrian Odyssey V"
"Carcassonne","6618","Carcassonne","265860","32760","747","4","129","0","0","8.12","Carcassonne"
"Assassin's Creed Chronicles: China","6619","Assassin's Creed Chronicles: China","265860","94140","118","4","411","0","0","2.82","Assassin's Creed Chronicles: China"
"Ganbare Goemon 2: Kiteretsu Shogun Magginesu","6620","Ganbare Goemon 2: Kiteretsu Shogun Magginesu","265800","5940","1740","2","15","0","0","44.75","Ganbare Goemon 2: Kiteretsu Shogun Magginesu"
"The Ninja Warriors","6621","The Ninja Warriors","265740","2940","1623","1","20","0","0","90.39","The Ninja Warriors"
"BASS Strike","6622","BASS Strike","265620","420","1787","1","1","0","0","632.43","BASS Strike"
"Liverpool","6623","Liverpool","265620","4500","1779","1","12","0","0","59.03","Liverpool"
"Flashback","6624","Flashback","265440","20880","243","2","82","0","0","12.71","Flashback"
"Cube Link","6625","Cube Link","265380","120","8843","2","3","0","0","2211.5","Cube Link"
"Project City Shrouded in Shadow","6626","Project City Shrouded in Shadow","264960","6540","214","2","12","0","0","40.51","Project City Shrouded in Shadow"
"Nightmare Creatures","6627","Nightmare Creatures","264720","14400","372","2","70","0","0","18.38","Nightmare Creatures"
"Story of Seasons","6628","Story of Seasons","264660","19920","448","2","38","0","0","13.29","Story of Seasons"
"Call of Duty: United Offensive","6629","Call of Duty: United Offensive","264660","44340","228","3","140","0","0","5.97","Call of Duty: United Offensive"
"Solar Jetman: Hunt for the Golden Warpship","6630","Solar Jetman: Hunt for the Golden Warpship","264420","5580","1772","5","25","0","0","47.39","Solar Jetman: Hunt for the Golden Warpship"
"The Trial of Witch","6631","The Trial of Witch","264120","5880","608","3","12","0","0","44.92","The Trial of Witch"
"MVP Baseball 2005","6632","MVP Baseball 2005","264000","10620","1714","2","21","0","0","24.86","MVP Baseball 2005"
"Asterix and Obelix","6633","Asterix and Obelix","264000","13920","1341","3","39","0","0","18.97","Asterix and Obelix"
"Fate/Extra","6634","Fate/Extra","263940","77520","256","4","107","0","0","3.4","Fate/Extra"
"Little Fighter 2","6635","Little Fighter 2","263820","21660","1653","3","103","0","0","12.18","Little Fighter 2"
"Casual Games Collection","6636","Casual Games Collection","263820","91140","58","4","177","0","0","2.89","Casual Games Collection"
"MegaMek","6637","MegaMek","263580","9960","1087","3","19","0","0","26.46","MegaMek"
"Lagoon","6638","Lagoon","263520","10140","519","2","25","0","0","25.99","Lagoon"
"Under Defeat HD","6639","Under Defeat HD","263280","8520","279","2","11","0","0","30.9","Under Defeat HD"
"Caligula","6640","Caligula","263160","25740","107","4","30","0","0","10.22","Caligula"
"Mega Man Battle Network 4","6641","Mega Man Battle Network 4","263160","42420","107","3","68","0","0","6.2","Mega Man Battle Network 4"
"Emperor: Rise of the Middle Kingdom","6642","Emperor: Rise of the Middle Kingdom","262980","30000","157","2","46","0","0","8.77","Emperor: Rise of the Middle Kingdom"
"Earthlock: Festival Of Magic","6643","Earthlock: Festival Of Magic","262980","59520","411","3","185","0","0","4.42","Earthlock: Festival Of Magic"
"The Incredible Adventures of Van Helsing Final Cut","6644","The Incredible Adventures of Van Helsing Final Cut","262560","93060","60","3","225","0","0","2.82","The Incredible Adventures of Van Helsing Final Cut"
"Solomon's Key","6645","Solomon's Key","262560","11160","294","7","40","0","0","23.53","Solomon's Key"
"Horizon","6646","Horizon","262500","8880","1655","2","52","0","0","29.56","Horizon"
"Crash Bandicoot 2: N-Tranced","6647","Crash Bandicoot 2: N-Tranced","262140","19740","956","3","43","0","0","13.28","Crash Bandicoot 2: N-Tranced"
"Bad Rats: the Rats' Revenge","6648","Bad Rats: the Rats' Revenge","262140","49260","579","3","251","0","0","5.32","Bad Rats: the Rats' Revenge"
"Wormix","6649","Wormix","262080","77700","178","2","58","0","0","3.37","Wormix"
"Fate","6650","Fate","261960","71640","280","3","313","0","0","3.66","Fate"
"Pencil Sharpening Simulator","6651","Pencil Sharpening Simulator","261900","2580","2097","2","12","0","0","101.51","Pencil Sharpening Simulator"
"Detective Gallo","6652","Detective Gallo","261900","12720","338","2","44","0","0","20.59","Detective Gallo"
"X Rebirth","6653","X Rebirth","261480","85140","331","4","137","0","0","3.07","X Rebirth"
"Fight the Horror","6654","Fight the Horror","261480","3240","897","6","12","0","0","80.7","Fight the Horror"
"Sonic the Fighters","6655","Sonic the Fighters","261420","13560","2041","2","88","0","0","19.28","Sonic the Fighters"
"America's Army: Operations","6656","America's Army: Operations","261300","7320","1315","1","30","0","0","35.7","America's Army: Operations"
"Foto Flash","6657","Foto Flash","261120","4140","2924","2","28","0","0","63.07","Foto Flash"
"Not a Hero","6658","Not a Hero","261060","62460","522","4","371","0","0","4.18","Not a Hero"
"E.V.O.: Search for Eden","6659","E.V.O.: Search for Eden","261000","36360","373","3","73","0","0","7.18","E.V.O.: Search for Eden"
"Mario & Sonic at the Olympic Winter Games","6660","Mario & Sonic at the Olympic Winter Games","260940","8100","4461","2","40","0","0","32.21","Mario & Sonic at the Olympic Winter Games"
"Wild Arms Alter Code: F","6661","Wild Arms Alter Code: F","260760","34260","247","2","25","0","0","7.61","Wild Arms Alter Code: F"
"Enigmatis: The Ghosts Of Maple Creek","6662","Enigmatis: The Ghosts Of Maple Creek","260700","37560","137","2","101","0","0","6.94","Enigmatis: The Ghosts Of Maple Creek"
"Inazuma Eleven GO Strikers 2013","6663","Inazuma Eleven GO Strikers 2013","260580","16440","360","2","65","0","0","15.85","Inazuma Eleven GO Strikers 2013"
"Castle Burn - RTS Revolution","6664","Castle Burn - RTS Revolution","260580","27000","251","4","54","0","0","9.65","Castle Burn - RTS Revolution"
"Project Tokyo Dolls","6665","Project Tokyo Dolls","260520","14280","1272","3","43","0","0","18.24","Project Tokyo Dolls"
"Nancy Drew: Danger by Design","6666","Nancy Drew: Danger by Design","260460","15840","332","2","34","0","0","16.44","Nancy Drew: Danger by Design"
"International Winning Eleven","6667","International Winning Eleven","260400","1620","2831","1","7","0","0","160.74","International Winning Eleven"
"Invasion","6668","Invasion","260340","2160","4282","1","21","0","0","120.53","Invasion"
"QuiVr","6669","QuiVr","260280","15360","2431","3","96","0","0","16.95","QuiVr"
"Sniper: Ghost Warrior 2","6670","Sniper: Ghost Warrior 2","260220","108900","93","4","716","0","0","2.39","Sniper: Ghost Warrior 2"
"Sonic & Sega All-Stars Racing","6671","Sonic & Sega All-Stars Racing","259980","30420","836","3","152","0","0","8.55","Sonic & Sega All-Stars Racing"
"The Immortal","6672","The Immortal","259920","3540","391","1","10","0","0","73.42","The Immortal"
"Blockade","6673","Blockade","259800","25620","2414","2","193","0","0","10.14","Blockade"
"Badland Brawl","6674","Badland Brawl","259740","12360","288","2","65","0","0","21.01","Badland Brawl"
"beatmania IIDX 17th SIRIUS","6675","beatmania IIDX 17th SIRIUS","259680","1800","213","1","2","0","0","144.27","beatmania IIDX 17th SIRIUS"
"Medieval Shopkeeper Simulator","6676","Medieval Shopkeeper Simulator","259560","9840","274","2","63","0","0","26.38","Medieval Shopkeeper Simulator"
"Star Wars Episode I","6677","Star Wars Episode I","259500","13500","1070","3","75","0","0","19.22","Star Wars Episode I"
"Higurashi no Naku Koro ni: Watanagashi-hen","6678","Higurashi no Naku Koro ni: Watanagashi-hen","259500","39180","148","2","47","0","0","6.62","Higurashi no Naku Koro ni: Watanagashi-hen"
"Otogirisou","6679","Otogirisou","259440","840","2200","1","4","0","0","308.86","Otogirisou"
"Guacamelee!","6680","Guacamelee!","259380","85860","242","4","280","0","0","3.02","Guacamelee!"
"Torchlight III","6681","Torchlight III","259320","1800","995","1","15","0","0","144.07","Torchlight III"
"White Night","6682","White Night","259260","28380","352","3","109","0","0","9.14","White Night"
"Wall Street Kid","6683","Wall Street Kid","259260","1920","469","2","7","0","0","135.03","Wall Street Kid"
"Direct","6684","Direct","259200","1140","2368","7","18","0","0","227.37","Direct"
"Ready Player One: Rise of the Gunters","6685","Ready Player One: Rise of the Gunters","259080","15360","3976","2","98","0","0","16.87","Ready Player One: Rise of the Gunters"
"Zeus: Master of Olympus","6686","Zeus: Master of Olympus","259020","62700","465","3","110","0","0","4.13","Zeus: Master of Olympus"
"Memories Off: Innocent Fille","6687","Memories Off: Innocent Fille","258840","17520","100","2","19","0","0","14.77","Memories Off: Innocent Fille"
"Okage: Shadow King","6688","Okage: Shadow King","258780","55860","124","3","127","0","0","4.63","Okage: Shadow King"
"Street Hoop","6689","Street Hoop","258600","7200","2742","2","17","0","0","35.92","Street Hoop"
"Fallen Legion","6690","Fallen Legion","258360","18360","2845","2","56","0","0","14.07","Fallen Legion"
"Senran Kagura Shinovi Versus","6691","Senran Kagura Shinovi Versus","258060","53280","223","3","182","0","0","4.84","Senran Kagura Shinovi Versus"
"TalkMan","6692","TalkMan","257940","16500","912","2","96","0","0","15.63","TalkMan"
"NBA 2K","6693","NBA 2K","257940","35280","1107","2","146","0","0","7.31","NBA 2K"
"Snipers vs Thieves","6694","Snipers vs Thieves","257820","20460","350","2","122","0","0","12.6","Snipers vs Thieves"
"Badiya","6695","Badiya","257580","12600","1090","2","97","0","0","20.44","Badiya"
"Disney's Pooh and Tigger's Hunny Safari","6696","Disney's Pooh and Tigger's Hunny Safari","257460","1080","4381","2","8","0","0","238.39","Disney's Pooh and Tigger's Hunny Safari"
"777 Casino","6697","777 Casino","257220","4560","2398","1","7","0","0","56.41","777 Casino"
"Indiana Jones and the Infernal Machine","6698","Indiana Jones and the Infernal Machine","257100","43080","95","3","59","0","0","5.97","Indiana Jones and the Infernal Machine"
"Outbreak","6699","Outbreak","257040","10080","1259","2","59","0","0","25.5","Outbreak"
"Pizza Dude","6700","Pizza Dude","256980","1140","4840","2","9","0","0","225.42","Pizza Dude"