"","","Game","Watch time","Stream time","Peak viewers","Peak channels","Streamers","Average viewers","Average channels","Average viewer ratio",""
"New Gundam Breaker","2701","New Gundam Breaker","2489220","181200","1089","30","575","4","0","13.74","New Gundam Breaker"
"NASCAR Heat 3","2702","NASCAR Heat 3","2483940","439140","2046","35","1273","4","0","5.66","NASCAR Heat 3"
"Virtua Fighter 5 Final Showdown","2703","Virtua Fighter 5 Final Showdown","2483640","144360","3546","6","301","4","0","17.2","Virtua Fighter 5 Final Showdown"
"Club Penguin Island","2704","Club Penguin Island","2482140","43320","26518","16","329","4","0","57.3","Club Penguin Island"
"Outcast: Second Contact","2705","Outcast: Second Contact","2479560","49500","3656","5","162","4","0","50.09","Outcast: Second Contact"
"Crimson Keep","2706","Crimson Keep","2474760","1380","41566","8","13","4","0","1793.3","Crimson Keep"
"Mordheim: City of the Damned","2707","Mordheim: City of the Damned","2473740","369600","1054","6","508","4","0","6.69","Mordheim: City of the Damned"
"SSX 3","2708","SSX 3","2472000","181200","6494","5","477","4","0","13.64","SSX 3"
"Super Mario Land","2709","Super Mario Land","2469660","72480","1066","5","327","4","0","34.07","Super Mario Land"
"Total War: Shogun 2: Fall of the Samurai","2710","Total War: Shogun 2: Fall of the Samurai","2466720","72000","1949","3","223","4","0","34.26","Total War: Shogun 2: Fall of the Samurai"
"Equilinox","2711","Equilinox","2463000","41820","25595","7","213","4","0","58.9","Equilinox"
"Dragon Ball Z: Super Saiya Densetsu","2712","Dragon Ball Z: Super Saiya Densetsu","2462280","34080","4924","2","45","4","0","72.25","Dragon Ball Z: Super Saiya Densetsu"
"Oblivion","2713","Oblivion","2460780","575700","5786","10","2525","4","1","4.27","Oblivion"
"Fight Night Champion","2714","Fight Night Champion","2460300","355800","2672","13","1386","4","0","6.91","Fight Night Champion"
"Drakensang Online","2715","Drakensang Online","2451780","720600","119","11","989","4","1","3.4","Drakensang Online"
"Donkey Kong Country Returns","2716","Donkey Kong Country Returns","2451120","155700","939","5","329","4","0","15.74","Donkey Kong Country Returns"
"Proxima Royale","2717","Proxima Royale","2448480","66900","31309","50","236","4","0","36.6","Proxima Royale"
"Super Bit Adventure: Paragons of Life","2718","Super Bit Adventure: Paragons of Life","2447220","1980","30579","4","12","4","0","1235.97","Super Bit Adventure: Paragons of Life"
"I wanna be The Cat","2719","I wanna be The Cat","2440500","18780","25890","2","81","4","0","129.95","I wanna be The Cat"
"Risen","2720","Risen","2440260","310380","791","7","501","4","0","7.86","Risen"
"Stephen's Sausage Roll","2721","Stephen's Sausage Roll","2437920","47880","6055","3","142","4","0","50.92","Stephen's Sausage Roll"
"Fantasy Earth Zero","2722","Fantasy Earth Zero","2437320","549240","101","10","233","4","1","4.44","Fantasy Earth Zero"
"SSX Tricky","2723","SSX Tricky","2437020","58140","17596","4","268","4","0","41.92","SSX Tricky"
"Sword of the Stars: The Pit","2724","Sword of the Stars: The Pit","2435040","148620","359","4","125","4","0","16.38","Sword of the Stars: The Pit"
"Futebol","2725","Futebol","2433780","59700","3300","4","197","4","0","40.77","Futebol"
"Nox","2726","Nox","2433600","309360","2335","8","1045","4","0","7.87","Nox"
"The Wild Eight","2727","The Wild Eight","2427660","295980","1853","11","1187","4","0","8.2","The Wild Eight"
"Unko Enzan","2728","Unko Enzan","2427060","43080","545","2","27","4","0","56.34","Unko Enzan"
"Anno 1404","2729","Anno 1404","2425980","205800","2068","8","677","4","0","11.79","Anno 1404"
"Grand Theft Auto: Liberty City Stories","2730","Grand Theft Auto: Liberty City Stories","2421960","123180","1497","4","204","4","0","19.66","Grand Theft Auto: Liberty City Stories"
"Wizards & Warriors","2731","Wizards & Warriors","2421480","8760","100732","8","52","4","0","276.42","Wizards & Warriors"
"Scary House","2732","Scary House","2421000","3720","11213","2","38","4","0","650.81","Scary House"
"Monster League","2733","Monster League","2420400","5280","27238","3","40","4","0","458.41","Monster League"
"Never Alone","2734","Never Alone","2419200","171480","3342","6","984","4","0","14.11","Never Alone"
"Dynasty Warriors 8","2735","Dynasty Warriors 8","2416980","37320","5973","13","111","4","0","64.76","Dynasty Warriors 8"
"NecroVisioN","2736","NecroVisioN","2415180","14340","16074","2","58","4","0","168.42","NecroVisioN"
"Dishonored: Death of the Outsider","2737","Dishonored: Death of the Outsider","2415180","334200","13486","6","1543","4","0","7.23","Dishonored: Death of the Outsider"
"Typoman","2738","Typoman","2410020","64680","6402","3","277","4","0","37.26","Typoman"
"Devil May Cry","2739","Devil May Cry","2405280","179640","1390","6","795","4","0","13.39","Devil May Cry"
"Phantasy Star IV: The End of the Millennium","2740","Phantasy Star IV: The End of the Millennium","2405160","168720","523","4","165","4","0","14.26","Phantasy Star IV: The End of the Millennium"
"Dragon Quest IV: Chapters of the Chosen","2741","Dragon Quest IV: Chapters of the Chosen","2404080","146040","5326","3","123","4","0","16.46","Dragon Quest IV: Chapters of the Chosen"
"Year Walk","2742","Year Walk","2401920","30600","6584","2","173","4","0","78.49","Year Walk"
"Guilty Gear Xrd -Revelator-","2743","Guilty Gear Xrd -Revelator-","2399640","497580","5505","9","1475","4","0","4.82","Guilty Gear Xrd -Revelator-"
"Tomb Raider: Underworld","2744","Tomb Raider: Underworld","2398080","203580","2762","7","807","4","0","11.78","Tomb Raider: Underworld"
"F1 Race Stars","2745","F1 Race Stars","2395380","47160","9301","6","210","4","0","50.79","F1 Race Stars"
"Custom Robo","2746","Custom Robo","2395020","80520","9711","5","203","4","0","29.74","Custom Robo"
"Crisis Core: Final Fantasy VII","2747","Crisis Core: Final Fantasy VII","2395020","194160","2113","5","407","4","0","12.34","Crisis Core: Final Fantasy VII"
"Sly 3: Honor Among Thieves","2748","Sly 3: Honor Among Thieves","2394540","134940","1355","4","225","4","0","17.75","Sly 3: Honor Among Thieves"
"Mischief Makers","2749","Mischief Makers","2391300","57120","2505","4","145","4","0","41.86","Mischief Makers"
"Shining Force II","2750","Shining Force II","2390760","213180","604","5","199","4","0","11.21","Shining Force II"
"Her Story","2751","Her Story","2390520","90420","4105","4","383","4","0","26.44","Her Story"
"Cranium","2752","Cranium","2388960","300","13347","1","1","4","0","7963.2","Cranium"
"Hero Siege","2753","Hero Siege","2386260","581280","546","10","2353","4","1","4.11","Hero Siege"
"Half Dead","2754","Half Dead","2382600","56220","11987","4","457","4","0","42.38","Half Dead"
"Katawa Shoujo","2755","Katawa Shoujo","2375640","216840","13173","7","499","4","0","10.96","Katawa Shoujo"
"Sonic 3D Blast","2756","Sonic 3D Blast","2374800","54000","5671","5","208","4","0","43.98","Sonic 3D Blast"
"Aliens vs. Predator","2757","Aliens vs. Predator","2372760","248820","5464","5","833","4","0","9.54","Aliens vs. Predator"
"Hand of Fate","2758","Hand of Fate","2372640","292020","4014","6","1190","4","0","8.12","Hand of Fate"
"Snowball Saves Summer","2759","Snowball Saves Summer","2370180","1140","39444","5","6","4","0","2079.11","Snowball Saves Summer"
"Bloodstained: Ritual of the Night","2760","Bloodstained: Ritual of the Night","2369640","72720","9669","29","444","4","0","32.59","Bloodstained: Ritual of the Night"
"Star Wars Battlefront","2761","Star Wars Battlefront","2369280","1307880","2471","18","6411","4","2","1.81","Star Wars Battlefront"
"The King of Fighters XIII","2762","The King of Fighters XIII","2366820","152640","2769","4","445","4","0","15.51","The King of Fighters XIII"
"The Legend of Zelda: Link's Awakening","2763","The Legend of Zelda: Link's Awakening","2363820","115380","5386","5","267","4","0","20.49","The Legend of Zelda: Link's Awakening"
"Harry Potter and the Order of the Phoenix","2764","Harry Potter and the Order of the Phoenix","2359380","63180","1439","3","189","4","0","37.34","Harry Potter and the Order of the Phoenix"
"Metal Slug 2: Super Vehicle - 001/II","2765","Metal Slug 2: Super Vehicle - 001/II","2356740","47400","31690","3","231","4","0","49.72","Metal Slug 2: Super Vehicle - 001/II"
"My Little Riding Champion","2766","My Little Riding Champion","2355720","1200","28381","2","10","4","0","1963.1","My Little Riding Champion"
"The Mean Greens","2767","The Mean Greens","2342400","4140","35702","2","31","4","0","565.8","The Mean Greens"
"Superheroes","2768","Superheroes","2342340","2400","5299","2","5","4","0","975.98","Superheroes"
"428: In the Blocked City, Shibuya","2769","428: In the Blocked City, Shibuya","2340900","68700","7474","6","127","4","0","34.07","428: In the Blocked City, Shibuya"
"Octogeddon","2770","Octogeddon","2340540","22980","3116","4","83","4","0","101.85","Octogeddon"
"Madagascar","2771","Madagascar","2339520","45180","9483","3","178","4","0","51.78","Madagascar"
"Dead End Road","2772","Dead End Road","2335740","10020","13301","2","64","4","0","233.11","Dead End Road"
"Human Rocket Person","2773","Human Rocket Person","2335440","4140","6186","3","30","4","0","564.12","Human Rocket Person"
"Train Simulator 2019","2774","Train Simulator 2019","2335440","178560","615","11","385","4","0","13.08","Train Simulator 2019"
"The Last Door: Season 2","2775","The Last Door: Season 2","2332680","34500","7535","2","69","4","0","67.61","The Last Door: Season 2"
"Thunderbirds","2776","Thunderbirds","2327040","2820","4183","1","5","4","0","825.19","Thunderbirds"
"Tales of Vesperia","2777","Tales of Vesperia","2325900","173400","1563","7","176","4","0","13.41","Tales of Vesperia"
"Parasite Eve II","2778","Parasite Eve II","2325120","219000","1033","4","297","4","0","10.62","Parasite Eve II"
"Taiko no Tatsujin: Tokumori!","2779","Taiko no Tatsujin: Tokumori!","2322900","9420","3421","2","19","4","0","246.59","Taiko no Tatsujin: Tokumori!"
"Metal Gear","2780","Metal Gear","2321820","83160","2803","4","220","4","0","27.92","Metal Gear"
"BioShock: The Collection","2781","BioShock: The Collection","2321400","717600","829","10","4909","4","1","3.23","BioShock: The Collection"
"Quake II","2782","Quake II","2320620","244980","6053","13","600","4","0","9.47","Quake II"
"Basic Programming","2783","Basic Programming","2317140","361680","323","16","1324","4","0","6.41","Basic Programming"
"Death end re;Quest","2784","Death end re;Quest","2316900","210180","1429","17","230","4","0","11.02","Death end re;Quest"
"Need for Speed: Hot Pursuit","2785","Need for Speed: Hot Pursuit","2315580","316860","1655","8","1705","4","0","7.31","Need for Speed: Hot Pursuit"
"Darkfall: New Dawn","2786","Darkfall: New Dawn","2312940","132480","1648","10","146","4","0","17.46","Darkfall: New Dawn"
"Fractured Space","2787","Fractured Space","2310900","531300","422","11","1216","4","1","4.35","Fractured Space"
"Street Fighter Alpha 3","2788","Street Fighter Alpha 3","2310720","40080","17989","2","183","4","0","57.65","Street Fighter Alpha 3"
"K-Shoot Mania","2789","K-Shoot Mania","2309520","266160","1437","6","581","4","0","8.68","K-Shoot Mania"
"The King of Fighters '97","2790","The King of Fighters '97","2308380","25260","1887","4","128","4","0","91.38","The King of Fighters '97"
"Metroid: Other M","2791","Metroid: Other M","2306820","90600","7368","10","169","4","0","25.46","Metroid: Other M"
"Resident Evil 2","2792","Resident Evil 2","2304660","22560","11730","3","60","4","0","102.16","Resident Evil 2"
"Bubsy 3D","2793","Bubsy 3D","2301660","16740","23170","2","80","4","0","137.49","Bubsy 3D"
"S4 League","2794","S4 League","2301000","479760","193","10","830","4","0","4.8","S4 League"
"Super Mario Strikers","2795","Super Mario Strikers","2300160","93240","4080","4","522","4","0","24.67","Super Mario Strikers"
"The Station","2796","The Station","2297700","41700","9557","9","263","4","0","55.1","The Station"
"SimAirport","2797","SimAirport","2297040","117120","2326","4","326","4","0","19.61","SimAirport"
"Sherlock Holmes: Crimes and Punishments","2798","Sherlock Holmes: Crimes and Punishments","2294400","181440","2509","5","566","4","0","12.65","Sherlock Holmes: Crimes and Punishments"
"Marvel vs. Capcom: Clash of Super Heroes","2799","Marvel vs. Capcom: Clash of Super Heroes","2290080","38640","6740","3","206","4","0","59.27","Marvel vs. Capcom: Clash of Super Heroes"
"Black Mirror II: Reigning Evil","2800","Black Mirror II: Reigning Evil","2287800","38820","2420","3","46","4","0","58.93","Black Mirror II: Reigning Evil"