"","","Game","Watch time","Stream time","Peak viewers","Peak channels","Streamers","Average viewers","Average channels","Average viewer ratio",""
"Professor Layton and the Diabolical Box","3801","Professor Layton and the Diabolical Box","1155120","43620","511","2","70","2","0","26.48","Professor Layton and the Diabolical Box"
"Nightmare","3802","Nightmare","1154880","3600","9274","2","25","2","0","320.8","Nightmare"
"Ark: Survival Of The Fittest","3803","Ark: Survival Of The Fittest","1153500","239100","1641","8","1029","2","0","4.82","Ark: Survival Of The Fittest"
"Monaco","3804","Monaco","1153200","68640","6398","4","377","2","0","16.8","Monaco"
"God Eater Resurrection","3805","God Eater Resurrection","1152540","418620","1688","8","1458","2","0","2.75","God Eater Resurrection"
"Away","3806","Away","1151760","13020","9164","2","45","2","0","88.46","Away"
"Trivial Pursuit Live!","3807","Trivial Pursuit Live!","1150380","69960","7612","4","406","2","0","16.44","Trivial Pursuit Live!"
"Newgrounds Rumble","3808","Newgrounds Rumble","1150140","5160","2732","2","28","2","0","222.9","Newgrounds Rumble"
"0°N 0°W","3809","0°N 0°W","1150020","4380","8731","2","34","2","0","262.56","0°N 0°W"
"Dead Island: Definitive Collection","3810","Dead Island: Definitive Collection","1148880","270840","1600","9","3107","2","0","4.24","Dead Island: Definitive Collection"
"Professor Layton and the Azran Legacy","3811","Professor Layton and the Azran Legacy","1148160","11580","1523","2","16","2","0","99.15","Professor Layton and the Azran Legacy"
"I Hate Running Backwards","3812","I Hate Running Backwards","1147680","22680","1286","4","116","2","0","50.6","I Hate Running Backwards"
"Super Bomberman 3","3813","Super Bomberman 3","1147440","24660","7778","2","80","2","0","46.53","Super Bomberman 3"
"Kirby: Planet Robobot","3814","Kirby: Planet Robobot","1147140","28800","1096","3","70","2","0","39.83","Kirby: Planet Robobot"
"Asteroid Fight","3815","Asteroid Fight","1146180","5160","6874","11","31","2","0","222.13","Asteroid Fight"
"SpaceKids","3816","SpaceKids","1145100","780","8409","1","6","2","0","1468.08","SpaceKids"
"Shin Megami Tensei: Persona 3 Portable","3817","Shin Megami Tensei: Persona 3 Portable","1144860","262260","208","6","389","2","0","4.37","Shin Megami Tensei: Persona 3 Portable"
"Bingo","3818","Bingo","1143960","34020","1456","3","59","2","0","33.63","Bingo"
"Styx: Master of Shadows","3819","Styx: Master of Shadows","1143600","329280","244","7","1112","2","0","3.47","Styx: Master of Shadows"
"The Darkness","3820","The Darkness","1143120","40080","3566","2","100","2","0","28.52","The Darkness"
"War Dust","3821","War Dust","1143000","93720","1291","8","312","2","0","12.2","War Dust"
"The American Dream","3822","The American Dream","1143000","22560","4222","6","124","2","0","50.66","The American Dream"
"Wrestling Revolution","3823","Wrestling Revolution","1142460","6600","1734","2","25","2","0","173.1","Wrestling Revolution"
"PlayStation All-Stars Battle Royale","3824","PlayStation All-Stars Battle Royale","1142100","16320","8550","3","71","2","0","69.98","PlayStation All-Stars Battle Royale"
"Gitaroo Man","3825","Gitaroo Man","1142040","19440","6216","2","114","2","0","58.75","Gitaroo Man"
"Jurassic Park","3826","Jurassic Park","1142040","138720","689","4","536","2","0","8.23","Jurassic Park"
"Dawn of Discovery: Venice","3827","Dawn of Discovery: Venice","1141980","132480","1406","8","391","2","0","8.62","Dawn of Discovery: Venice"
"Spareware","3828","Spareware","1141980","600","4047","1","3","2","0","1903.3","Spareware"
"Star Trek Adversaries","3829","Star Trek Adversaries","1141860","129540","1515","5","152","2","0","8.81","Star Trek Adversaries"
"Troubleshooter","3830","Troubleshooter","1141260","38940","5203","2","110","2","0","29.31","Troubleshooter"
"WarioWare, Inc.: Mega Microgame$!","3831","WarioWare, Inc.: Mega Microgame$!","1140300","30660","6187","4","207","2","0","37.19","WarioWare, Inc.: Mega Microgame$!"
"Heat Signature","3832","Heat Signature","1139460","186060","1230","8","986","2","0","6.12","Heat Signature"
"Epic Dumpster Bear","3833","Epic Dumpster Bear","1138920","15600","36465","6","60","2","0","73.01","Epic Dumpster Bear"
"F1 2015","3834","F1 2015","1138200","273900","1290","18","1852","2","0","4.16","F1 2015"
"Pokémon Conquest","3835","Pokémon Conquest","1138080","42780","3045","3","127","2","0","26.6","Pokémon Conquest"
"Abandoned","3836","Abandoned","1138020","840","37705","5","10","2","0","1354.79","Abandoned"
"Lurking in the Shadows","3837","Lurking in the Shadows","1137900","110820","62","2","17","2","0","10.27","Lurking in the Shadows"
"Sniper: Ghost Warrior 3","3838","Sniper: Ghost Warrior 3","1136640","351060","308","5","2388","2","0","3.24","Sniper: Ghost Warrior 3"
"I Am Setsuna","3839","I Am Setsuna","1136160","238680","225","6","643","2","0","4.76","I Am Setsuna"
"Tesla vs Lovecraft","3840","Tesla vs Lovecraft","1135620","72840","1591","5","350","2","0","15.59","Tesla vs Lovecraft"
"Winning Post 8 2018","3841","Winning Post 8 2018","1135560","54900","2485","3","38","2","0","20.68","Winning Post 8 2018"
"Neverwinter Nights: Enhanced Edition","3842","Neverwinter Nights: Enhanced Edition","1134840","165060","1810","6","316","2","0","6.88","Neverwinter Nights: Enhanced Edition"
"Farming Simulator 15","3843","Farming Simulator 15","1134000","443340","834","7","1687","2","0","2.56","Farming Simulator 15"
"Project Highrise","3844","Project Highrise","1133580","152100","2120","7","596","2","0","7.45","Project Highrise"
"Viva Piñata","3845","Viva Piñata","1133460","101100","1886","4","361","2","0","11.21","Viva Piñata"
"Azure Striker Gunvolt 2","3846","Azure Striker Gunvolt 2","1132980","13500","5683","2","41","2","0","83.92","Azure Striker Gunvolt 2"
"Major League Baseball","3847","Major League Baseball","1132440","8340","1355","3","22","2","0","135.78","Major League Baseball"
"Bridge Constructor","3848","Bridge Constructor","1131900","66300","2972","3","412","2","0","17.07","Bridge Constructor"
"Star Traders: Frontiers","3849","Star Traders: Frontiers","1131120","104220","612","4","156","2","0","10.85","Star Traders: Frontiers"
"Harts","3850","Harts","1130580","3660","9297","2","27","2","0","308.9","Harts"
"Netflix Infinite Runner","3851","Netflix Infinite Runner","1129440","22380","2578","3","100","2","0","50.47","Netflix Infinite Runner"
"Monster of the Deep: Final Fantasy XV","3852","Monster of the Deep: Final Fantasy XV","1129320","26100","6277","2","129","2","0","43.27","Monster of the Deep: Final Fantasy XV"
"Kid Icarus: Uprising","3853","Kid Icarus: Uprising","1129140","20280","1602","2","58","2","0","55.68","Kid Icarus: Uprising"
"Comix Zone","3854","Comix Zone","1129140","48960","6236","2","222","2","0","23.06","Comix Zone"
"Phoenix Wright: Ace Attorney - Trials and Tribulations","3855","Phoenix Wright: Ace Attorney - Trials and Tribulations","1128600","105960","231","5","116","2","0","10.65","Phoenix Wright: Ace Attorney - Trials and Tribulations"
"Alpha Protocol","3856","Alpha Protocol","1127820","122880","2509","4","314","2","0","9.18","Alpha Protocol"
"SpongeBob SquarePants: Revenge of the Flying Dutchman","3857","SpongeBob SquarePants: Revenge of the Flying Dutchman","1127340","14940","1883","2","58","2","0","75.46","SpongeBob SquarePants: Revenge of the Flying Dutchman"
"Escape The Labyrinth","3858","Escape The Labyrinth","1126980","600","18772","2","5","2","0","1878.3","Escape The Labyrinth"
"Board Game Online","3859","Board Game Online","1125900","80220","6624","4","402","2","0","14.04","Board Game Online"
"Blur","3860","Blur","1125420","62820","2169","3","206","2","0","17.91","Blur"
"Battle of the Defenders","3861","Battle of the Defenders","1125120","94980","5235","3","264","2","0","11.85","Battle of the Defenders"
"Castlevania: Lords of Shadow 2","3862","Castlevania: Lords of Shadow 2","1125000","254700","1690","5","545","2","0","4.42","Castlevania: Lords of Shadow 2"
"Hidden & Dangerous 2","3863","Hidden & Dangerous 2","1124400","14400","2834","2","25","2","0","78.08","Hidden & Dangerous 2"
"Dragon Ball Z: Collectible Card Game","3864","Dragon Ball Z: Collectible Card Game","1124040","23280","3998","2","46","2","0","48.28","Dragon Ball Z: Collectible Card Game"
"The Lab","3865","The Lab","1122660","70140","3853","4","591","2","0","16.01","The Lab"
"Underhero","3866","Underhero","1122060","49080","6786","5","127","2","0","22.86","Underhero"
"Pixel Dungeon","3867","Pixel Dungeon","1120560","25200","2481","3","114","2","0","44.47","Pixel Dungeon"
"Alien vs. Predator","3868","Alien vs. Predator","1117920","45540","8345","5","260","2","0","24.55","Alien vs. Predator"
"Vs. Super Mario Bros.","3869","Vs. Super Mario Bros.","1117920","17220","1387","2","71","2","0","64.92","Vs. Super Mario Bros."
"Match Day","3870","Match Day","1117800","4140","10794","2","15","2","0","270","Match Day"
"Pictionary","3871","Pictionary","1117680","71880","1194","3","467","2","0","15.55","Pictionary"
"Return to Zork","3872","Return to Zork","1117200","7980","2857","2","21","2","0","140","Return to Zork"
"ActRaiser","3873","ActRaiser","1117140","64800","3169","4","178","2","0","17.24","ActRaiser"
"DuckTales: Remastered","3874","DuckTales: Remastered","1116780","119640","1599","4","613","2","0","9.33","DuckTales: Remastered"
"Shadowgrounds","3875","Shadowgrounds","1116420","10320","10318","2","25","2","0","108.18","Shadowgrounds"
"WCW/nWo Revenge","3876","WCW/nWo Revenge","1116180","13620","8738","2","63","2","0","81.95","WCW/nWo Revenge"
"TimeSplitters 2","3877","TimeSplitters 2","1115100","70740","6608","4","268","2","0","15.76","TimeSplitters 2"
"The Land of Pain","3878","The Land of Pain","1113420","72540","2126","3","267","2","0","15.35","The Land of Pain"
"Starfinder","3879","Starfinder","1113000","78900","1616","6","80","2","0","14.11","Starfinder"
"SingStar","3880","SingStar","1111020","16740","3380","3","92","2","0","66.37","SingStar"
"Tekken 3","3881","Tekken 3","1110660","47820","8083","5","336","2","0","23.23","Tekken 3"
"Saints Row IV: Re-Elected","3882","Saints Row IV: Re-Elected","1109760","646800","363","9","3034","2","1","1.72","Saints Row IV: Re-Elected"
"Perfection.","3883","Perfection.","1109400","3180","11055","3","39","2","0","348.87","Perfection."
"RWBY: Grimm Eclipse","3884","RWBY: Grimm Eclipse","1108980","363300","1702","8","1939","2","0","3.05","RWBY: Grimm Eclipse"
"Soulcalibur II","3885","Soulcalibur II","1108260","132660","1910","6","605","2","0","8.35","Soulcalibur II"
"The Legend of Zelda: A Link to the Past & Four Swords","3886","The Legend of Zelda: A Link to the Past & Four Swords","1108200","20820","5775","2","64","2","0","53.23","The Legend of Zelda: A Link to the Past & Four Swords"
"Ninja Gaiden II","3887","Ninja Gaiden II","1107900","85380","4968","5","150","2","0","12.98","Ninja Gaiden II"
"Broken Sword: The Shadow of the Templars","3888","Broken Sword: The Shadow of the Templars","1106400","141300","222","4","338","2","0","7.83","Broken Sword: The Shadow of the Templars"
"Barbie","3889","Barbie","1104900","59940","2698","3","240","2","0","18.43","Barbie"
"Devil May Cry 4","3890","Devil May Cry 4","1101960","169980","1324","6","610","2","0","6.48","Devil May Cry 4"
"Xin Xianjian Qixia Zhuan","3891","Xin Xianjian Qixia Zhuan","1100520","24120","605","3","15","2","0","45.63","Xin Xianjian Qixia Zhuan"
"Age of Empires Online","3892","Age of Empires Online","1100460","205080","117","5","209","2","0","5.37","Age of Empires Online"
"Madden NFL Mobile","3893","Madden NFL Mobile","1098780","39660","8580","4","197","2","0","27.7","Madden NFL Mobile"
"Ultimate Ghosts 'N' Goblins","3894","Ultimate Ghosts 'N' Goblins","1098480","9540","2673","5","27","2","0","115.14","Ultimate Ghosts 'N' Goblins"
"Pirate Adventure","3895","Pirate Adventure","1097280","1320","4421","2","6","2","0","831.27","Pirate Adventure"
"Phantasmagoria: A Puzzle of Flesh","3896","Phantasmagoria: A Puzzle of Flesh","1097160","48660","5120","3","114","2","0","22.55","Phantasmagoria: A Puzzle of Flesh"
"Poker Night 2","3897","Poker Night 2","1096380","92340","3305","4","581","2","0","11.87","Poker Night 2"
"Hotel Dusk: Room 215","3898","Hotel Dusk: Room 215","1095840","16740","1896","2","33","2","0","65.46","Hotel Dusk: Room 215"
"Snatcher","3899","Snatcher","1095180","59940","1051","3","120","2","0","18.27","Snatcher"
"Table Tennis","3900","Table Tennis","1094820","2460","5122","2","18","2","0","445.05","Table Tennis"