"","","Game","Watch time","Stream time","Peak viewers","Peak channels","Streamers","Average viewers","Average channels","Average viewer ratio",""
"Laghaim","11901","Laghaim","37440","10860","15","2","11","0","0","3.45","Laghaim"
"FIFA Manager 12","11902","FIFA Manager 12","37440","6720","467","2","8","0","0","5.57","FIFA Manager 12"
"FlatOut 3: Chaos & Destruction","11903","FlatOut 3: Chaos & Destruction","37440","3960","91","1","29","0","0","9.45","FlatOut 3: Chaos & Destruction"
"Jump Start Adventures 4th Grade","11904","Jump Start Adventures 4th Grade","37440","240","317","1","3","0","0","156","Jump Start Adventures 4th Grade"
"Realpolitiks","11905","Realpolitiks","37380","16080","43","2","49","0","0","2.32","Realpolitiks"
"Draw Your Game","11906","Draw Your Game","37380","5460","479","1","32","0","0","6.85","Draw Your Game"
"Dig-N-Rig","11907","Dig-N-Rig","37380","1320","519","2","11","0","0","28.32","Dig-N-Rig"
"YuYu Hakusho","11908","YuYu Hakusho","37380","4380","371","2","17","0","0","8.53","YuYu Hakusho"
"Transformers","11909","Transformers","37320","11940","90","2","55","0","0","3.13","Transformers"
"Lemony Snicket's A Series of Unfortunate Events","11910","Lemony Snicket's A Series of Unfortunate Events","37260","6960","168","2","22","0","0","5.35","Lemony Snicket's A Series of Unfortunate Events"
"Robocop","11911","Robocop","37260","8400","115","2","39","0","0","4.44","Robocop"
"Hot Wheels: Stunt Track Driver","11912","Hot Wheels: Stunt Track Driver","37260","6360","88","1","8","0","0","5.86","Hot Wheels: Stunt Track Driver"
"Road Rage","11913","Road Rage","37260","12900","282","2","74","0","0","2.89","Road Rage"
"8-Bit Hordes","11914","8-Bit Hordes","37200","4200","190","1","29","0","0","8.86","8-Bit Hordes"
"Please Knock on My Door","11915","Please Knock on My Door","37200","3600","130","1","27","0","0","10.33","Please Knock on My Door"
"DC: Unchained","11916","DC: Unchained","37200","9540","21","2","29","0","0","3.9","DC: Unchained"
"Star Fox 64 3D","11917","Star Fox 64 3D","37200","9120","137","2","57","0","0","4.08","Star Fox 64 3D"
"F1 2010","11918","F1 2010","37200","13080","19","2","30","0","0","2.84","F1 2010"
"Abo Hadeed","11919","Abo Hadeed","37200","840","205","1","4","0","0","44.29","Abo Hadeed"
"Batman: The Animated Series","11920","Batman: The Animated Series","37200","3600","92","1","7","0","0","10.33","Batman: The Animated Series"
"The 4th Coming","11921","The 4th Coming","37140","18000","20","2","28","0","0","2.06","The 4th Coming"
"WCW vs. nWo: World Tour","11922","WCW vs. nWo: World Tour","37140","6180","174","2","24","0","0","6.01","WCW vs. nWo: World Tour"
"Team Indie","11923","Team Indie","37140","10200","66","2","46","0","0","3.64","Team Indie"
"SubSpace","11924","SubSpace","37140","14940","40","3","31","0","0","2.49","SubSpace"
"The Takeover","11925","The Takeover","37140","7440","43","1","22","0","0","4.99","The Takeover"
"Spellstone","11926","Spellstone","37140","9240","24","2","13","0","0","4.02","Spellstone"
"Champion Jockey: G1 Jockey and Gallop Racer","11927","Champion Jockey: G1 Jockey and Gallop Racer","37080","1440","313","1","8","0","0","25.75","Champion Jockey: G1 Jockey and Gallop Racer"
"Walker","11928","Walker","37020","300","581","1","4","0","0","123.4","Walker"
"Feeding Frenzy","11929","Feeding Frenzy","37020","6240","181","1","40","0","0","5.93","Feeding Frenzy"
"Sakura Wars: So Long, My Love","11930","Sakura Wars: So Long, My Love","37020","12540","11","1","14","0","0","2.95","Sakura Wars: So Long, My Love"
"Darkest of Days","11931","Darkest of Days","37020","4560","129","1","19","0","0","8.12","Darkest of Days"
"Super Double Dragon","11932","Super Double Dragon","36960","14640","139","2","98","0","0","2.52","Super Double Dragon"
"Pharaonic","11933","Pharaonic","36960","10380","50","1","46","0","0","3.56","Pharaonic"
"Hell is Other Demons","11934","Hell is Other Demons","36960","11940","18","1","5","0","0","3.1","Hell is Other Demons"
"Harvest Seasons","11935","Harvest Seasons","36960","7860","396","2","26","0","0","4.7","Harvest Seasons"
"Mars or Die!","11936","Mars or Die!","36900","1320","136","1","10","0","0","27.95","Mars or Die!"
"Hyss","11937","Hyss","36900","1380","279","1","9","0","0","26.74","Hyss"
"Race","11938","Race","36900","10800","98","2","62","0","0","3.42","Race"
"Peggle Extreme","11939","Peggle Extreme","36900","10440","106","1","58","0","0","3.53","Peggle Extreme"
"The Legend Of Zelda: Four Swords Anniversary Edition","11940","The Legend Of Zelda: Four Swords Anniversary Edition","36900","9480","239","1","16","0","0","3.89","The Legend Of Zelda: Four Swords Anniversary Edition"
"Rygar: The Legendary Adventure","11941","Rygar: The Legendary Adventure","36900","3360","59","2","11","0","0","10.98","Rygar: The Legendary Adventure"
"Santa Claus in Trouble","11942","Santa Claus in Trouble","36900","3180","86","2","33","0","0","11.6","Santa Claus in Trouble"
"Red Ocean","11943","Red Ocean","36900","1140","335","1","3","0","0","32.37","Red Ocean"
"Berzerk","11944","Berzerk","36900","6060","199","1","16","0","0","6.09","Berzerk"
"Evolution","11945","Evolution","36900","18540","138","2","80","0","0","1.99","Evolution"
"Marsupilami","11946","Marsupilami","36900","1200","544","1","5","0","0","30.75","Marsupilami"
"Street Cleaning Simulator","11947","Street Cleaning Simulator","36840","720","529","1","4","0","0","51.17","Street Cleaning Simulator"
"Sega Bass Fishing 2","11948","Sega Bass Fishing 2","36780","1560","74","1","7","0","0","23.58","Sega Bass Fishing 2"
"The Simpsons: Bartman Meets Radioactive Man","11949","The Simpsons: Bartman Meets Radioactive Man","36780","1620","318","2","7","0","0","22.7","The Simpsons: Bartman Meets Radioactive Man"
"Mute Crimson+","11950","Mute Crimson+","36780","4500","147","1","13","0","0","8.17","Mute Crimson+"
"Picross 3D","11951","Picross 3D","36780","2640","52","1","10","0","0","13.93","Picross 3D"
"A Raven Monologue","11952","A Raven Monologue","36780","7920","106","1","86","0","0","4.64","A Raven Monologue"
"Major\Minor","11953","Major\Minor","36780","11220","42","2","44","0","0","3.28","Major\Minor"
"Lucid9: Inciting Incident","11954","Lucid9: Inciting Incident","36780","18360","26","2","38","0","0","2","Lucid9: Inciting Incident"
"Jurassic World: The Game","11955","Jurassic World: The Game","36720","21240","243","2","103","0","0","1.73","Jurassic World: The Game"
"Smashing Four","11956","Smashing Four","36720","19740","82","2","117","0","0","1.86","Smashing Four"
"Razor Freestyle Scooter","11957","Razor Freestyle Scooter","36720","3960","162","1","12","0","0","9.27","Razor Freestyle Scooter"
"SpongeBob SquarePants","11958","SpongeBob SquarePants","36720","4980","416","2","26","0","0","7.37","SpongeBob SquarePants"
"Aztez","11959","Aztez","36660","6360","39","2","30","0","0","5.76","Aztez"
"Vantage Master","11960","Vantage Master","36600","2880","58","1","5","0","0","12.71","Vantage Master"
"Army Men","11961","Army Men","36600","2640","164","1","15","0","0","13.86","Army Men"
"R-Type Final","11962","R-Type Final","36540","6120","41","1","20","0","0","5.97","R-Type Final"
"Champions of Norrath","11963","Champions of Norrath","36540","21060","29","2","77","0","0","1.74","Champions of Norrath"
"Don't Be Nervous Talking to Girls","11964","Don't Be Nervous Talking to Girls","36540","5340","63","1","28","0","0","6.84","Don't Be Nervous Talking to Girls"
"Warriors Orochi 2","11965","Warriors Orochi 2","36540","11160","37","2","33","0","0","3.27","Warriors Orochi 2"
"Avernum","11966","Avernum","36540","1500","549","1","9","0","0","24.36","Avernum"
"Starship Troopers","11967","Starship Troopers","36540","17700","31","2","54","0","0","2.06","Starship Troopers"
"Clash of Kings","11968","Clash of Kings","36540","9180","193","1","31","0","0","3.98","Clash of Kings"
"Zombie Shooter","11969","Zombie Shooter","36540","6540","139","2","31","0","0","5.59","Zombie Shooter"
"Elevator... to the Moon!","11970","Elevator... to the Moon!","36540","1200","292","1","9","0","0","30.45","Elevator... to the Moon!"
"Portarius","11971","Portarius","36540","2580","142","2","15","0","0","14.16","Portarius"
"Killer Gorilla","11972","Killer Gorilla","36480","360","305","1","3","0","0","101.33","Killer Gorilla"
"Red Haze","11973","Red Haze","36480","7200","33","1","32","0","0","5.07","Red Haze"
"Mystic Towers","11974","Mystic Towers","36480","3420","235","1","10","0","0","10.67","Mystic Towers"
"OMSI: The Bus Simulator","11975","OMSI: The Bus Simulator","36480","11700","430","1","30","0","0","3.12","OMSI: The Bus Simulator"
"POWDER","11976","POWDER","36480","2640","95","1","13","0","0","13.82","POWDER"
"Yu-Gi-Oh! World Championship Tournament 2004","11977","Yu-Gi-Oh! World Championship Tournament 2004","36420","5340","30","1","11","0","0","6.82","Yu-Gi-Oh! World Championship Tournament 2004"
"Way of the Warrior","11978","Way of the Warrior","36420","600","582","1","3","0","0","60.7","Way of the Warrior"
"Army Men 3D","11979","Army Men 3D","36420","3720","293","2","11","0","0","9.79","Army Men 3D"
"Insurgency 2","11980","Insurgency 2","36420","28380","72","2","106","0","0","1.28","Insurgency 2"
"Ushinawareta Mirai wo Motomete","11981","Ushinawareta Mirai wo Motomete","36420","2880","51","2","3","0","0","12.65","Ushinawareta Mirai wo Motomete"
"King of Kings 3","11982","King of Kings 3","36360","16140","17","3","7","0","0","2.25","King of Kings 3"
"Vroom","11983","Vroom","36360","1560","174","1","10","0","0","23.31","Vroom"
"Glover 2","11984","Glover 2","36360","900","289","1","6","0","0","40.4","Glover 2"
"Sunrider Academy","11985","Sunrider Academy","36360","13500","33","2","50","0","0","2.69","Sunrider Academy"
"Ace of Spades","11986","Ace of Spades","36360","22800","15","2","100","0","0","1.59","Ace of Spades"
"Santa Claus Saves the Earth","11987","Santa Claus Saves the Earth","36360","3300","180","3","12","0","0","11.02","Santa Claus Saves the Earth"
"Disgaea 3: Absence of Detention","11988","Disgaea 3: Absence of Detention","36360","7440","19","2","10","0","0","4.89","Disgaea 3: Absence of Detention"
"Muumit Piilosilla","11989","Muumit Piilosilla","36300","28140","10","2","6","0","0","1.29","Muumit Piilosilla"
"Armored Core 2: Another Age","11990","Armored Core 2: Another Age","36300","7380","150","1","12","0","0","4.92","Armored Core 2: Another Age"
"Pony Luv","11991","Pony Luv","36300","960","301","1","6","0","0","37.81","Pony Luv"
"Pixel Gear","11992","Pixel Gear","36300","5460","42","1","28","0","0","6.65","Pixel Gear"
"My Riding Stables: Life with Horses","11993","My Riding Stables: Life with Horses","36240","1020","175","1","9","0","0","35.53","My Riding Stables: Life with Horses"
"TNA Wrestling iMPACT!","11994","TNA Wrestling iMPACT!","36240","1980","59","1","8","0","0","18.3","TNA Wrestling iMPACT!"
"Your Toy","11995","Your Toy","36240","7260","44","2","36","0","0","4.99","Your Toy"
"Selma and the Wisp","11996","Selma and the Wisp","36240","5520","72","1","36","0","0","6.57","Selma and the Wisp"
"Monster Party","11997","Monster Party","36240","6720","24","2","37","0","0","5.39","Monster Party"
"FarSky","11998","FarSky","36240","19740","30","2","98","0","0","1.84","FarSky"
"Sex Olympics","11999","Sex Olympics","36240","9420","18","1","23","0","0","3.85","Sex Olympics"
"Culdcept","12000","Culdcept","36240","6240","36","2","11","0","0","5.81","Culdcept"