"","","Game","Watch time","Stream time","Peak viewers","Peak channels","Streamers","Average viewers","Average channels","Average viewer ratio",""
"Teenage Mutant Ninja Turtles: Arcade Attack","5201","Teenage Mutant Ninja Turtles: Arcade Attack","536700","2760","8837","1","21","1","0","194.46","Teenage Mutant Ninja Turtles: Arcade Attack"
"Picross S2","5202","Picross S2","536220","15780","1532","3","58","1","0","33.98","Picross S2"
"Maximo vs Army of Zin","5203","Maximo vs Army of Zin","536220","5400","2686","1","17","1","0","99.3","Maximo vs Army of Zin"
"Orb-3D","5204","Orb-3D","535980","2040","1649","3","11","1","0","262.74","Orb-3D"
"Hentai Anime Poker","5205","Hentai Anime Poker","535440","19140","379","2","61","1","0","27.97","Hentai Anime Poker"
"Ys: The Oath in Felghana","5206","Ys: The Oath in Felghana","534660","122160","464","4","197","1","0","4.38","Ys: The Oath in Felghana"
"Die Young","5207","Die Young","534540","122520","380","3","234","1","0","4.36","Die Young"
"Vanish","5208","Vanish","533940","16980","1840","2","131","1","0","31.45","Vanish"
"Dungeon Keeper 2","5209","Dungeon Keeper 2","533340","65100","617","3","194","1","0","8.19","Dungeon Keeper 2"
"Achtung! Cthulhu Tactics","5210","Achtung! Cthulhu Tactics","533220","21420","2230","11","104","1","0","24.89","Achtung! Cthulhu Tactics"
"Dusty Raging Fist","5211","Dusty Raging Fist","533160","7500","3530","3","31","1","0","71.09","Dusty Raging Fist"
"Alex Kidd in Miracle World","5212","Alex Kidd in Miracle World","532980","17580","2832","3","78","1","0","30.32","Alex Kidd in Miracle World"
"The Spookening","5213","The Spookening","532680","3060","3978","1","4","1","0","174.08","The Spookening"
"Cattle and Crops","5214","Cattle and Crops","532620","109920","394","10","274","1","0","4.85","Cattle and Crops"
"Medal of Honor: Airborne","5215","Medal of Honor: Airborne","532020","50160","1976","3","353","1","0","10.61","Medal of Honor: Airborne"
"Bloons TD","5216","Bloons TD","531780","12180","1111","5","85","1","0","43.66","Bloons TD"
"Zanki Zero","5217","Zanki Zero","531600","20340","594","6","30","1","0","26.14","Zanki Zero"
"Abobo's Big Adventure","5218","Abobo's Big Adventure","530820","13200","4554","6","66","1","0","40.21","Abobo's Big Adventure"
"EpicMafia","5219","EpicMafia","529980","5340","1302","2","13","1","0","99.25","EpicMafia"
"Crapman","5220","Crapman","529860","2940","2400","1","4","1","0","180.22","Crapman"
"Deadly 30","5221","Deadly 30","529320","2460","1511","1","11","1","0","215.17","Deadly 30"
"Never Split The Party","5222","Never Split The Party","529140","121860","951","8","899","1","0","4.34","Never Split The Party"
"Fate Hunters","5223","Fate Hunters","529140","10860","1054","2","26","1","0","48.72","Fate Hunters"
"Backyard Baseball 2003","5224","Backyard Baseball 2003","529020","7980","370","1","26","1","0","66.29","Backyard Baseball 2003"
"The Dream Machine","5225","The Dream Machine","528660","65220","316","3","108","1","0","8.11","The Dream Machine"
"Planetoid Pioneers","5226","Planetoid Pioneers","528660","59880","569","5","97","1","0","8.83","Planetoid Pioneers"
"Megadimension Neptunia VIIR","5227","Megadimension Neptunia VIIR","528660","153480","139","7","270","1","0","3.44","Megadimension Neptunia VIIR"
"Defender's Quest: Valley of the Forgotten","5228","Defender's Quest: Valley of the Forgotten","528420","25860","3637","2","58","1","0","20.43","Defender's Quest: Valley of the Forgotten"
"Attack of the Earthlings","5229","Attack of the Earthlings","528120","16020","814","3","67","1","0","32.97","Attack of the Earthlings"
"Disgaea: Afternoon of Darkness","5230","Disgaea: Afternoon of Darkness","527400","126300","178","4","238","1","0","4.18","Disgaea: Afternoon of Darkness"
"Bravely Default","5231","Bravely Default","527400","86220","183","3","93","1","0","6.12","Bravely Default"
"LocoRoco","5232","LocoRoco","527400","19920","1274","3","116","1","0","26.48","LocoRoco"
"Ironwolf VR","5233","Ironwolf VR","527100","23220","2875","3","125","1","0","22.7","Ironwolf VR"
"Marble Blast Ultra","5234","Marble Blast Ultra","527040","14400","1273","4","79","1","0","36.6","Marble Blast Ultra"
"Warriors of Fate","5235","Warriors of Fate","526920","5160","589","1","21","1","0","102.12","Warriors of Fate"
"Kentucky Route Zero","5236","Kentucky Route Zero","526200","63840","678","4","227","1","0","8.24","Kentucky Route Zero"
"THE iDOLM@STER Cinderella Girls: Viewing Revolution","5237","THE iDOLM@STER Cinderella Girls: Viewing Revolution","525720","1020","4107","2","8","1","0","515.41","THE iDOLM@STER Cinderella Girls: Viewing Revolution"
"Costume Quest","5238","Costume Quest","525600","90900","357","14","331","1","0","5.78","Costume Quest"
"Slayaway Camp","5239","Slayaway Camp","525420","37620","1419","3","179","0","0","13.97","Slayaway Camp"
"Porky Pig's Haunted Holiday","5240","Porky Pig's Haunted Holiday","524640","3420","3213","4","18","0","0","153.4","Porky Pig's Haunted Holiday"
"Mega Man Star Force 3","5241","Mega Man Star Force 3","524460","24900","1810","4","44","0","0","21.06","Mega Man Star Force 3"
"Grow Up","5242","Grow Up","524460","86280","282","7","479","0","0","6.08","Grow Up"
"Feel the Snow","5243","Feel the Snow","524280","110520","146","4","401","0","0","4.74","Feel the Snow"
"Knights of Valour 2","5244","Knights of Valour 2","523620","1380","2586","1","6","0","0","379.43","Knights of Valour 2"
"Cyber Troopers Virtual-On Marz","5245","Cyber Troopers Virtual-On Marz","522900","2160","2265","1","7","0","0","242.08","Cyber Troopers Virtual-On Marz"
"The King of Fighters 2001","5246","The King of Fighters 2001","522720","6300","2157","2","35","0","0","82.97","The King of Fighters 2001"
"The Curse of Nordic Cove","5247","The Curse of Nordic Cove","522420","600","3856","1","3","0","0","870.7","The Curse of Nordic Cove"
"Dustwind","5248","Dustwind","522300","18480","945","4","77","0","0","28.26","Dustwind"
"Monster Legends","5249","Monster Legends","522060","9180","314","2","24","0","0","56.87","Monster Legends"
"Ark Park","5250","Ark Park","521580","21660","5250","4","161","0","0","24.08","Ark Park"
"Rise of Nations: Extended Edition","5251","Rise of Nations: Extended Edition","521520","172020","568","5","684","0","0","3.03","Rise of Nations: Extended Edition"
"Master of Orion","5252","Master of Orion","521160","74400","348","3","186","0","0","7","Master of Orion"
"Mundial de Fútbol","5253","Mundial de Fútbol","521160","8880","1550","5","86","0","0","58.69","Mundial de Fútbol"
"Bot Colony","5254","Bot Colony","520980","1140","3400","1","11","0","0","457","Bot Colony"
"Crystalis","5255","Crystalis","520920","41400","290","4","103","0","0","12.58","Crystalis"
"Ripper","5256","Ripper","520560","9540","652","2","13","0","0","54.57","Ripper"
"Corpse Party: Book of Shadows","5257","Corpse Party: Book of Shadows","520200","65820","294","9","122","0","0","7.9","Corpse Party: Book of Shadows"
"The Chronicles of Riddick: Escape from Butcher Bay","5258","The Chronicles of Riddick: Escape from Butcher Bay","519600","47040","1695","2","116","0","0","11.05","The Chronicles of Riddick: Escape from Butcher Bay"
"Tecmo Super Bowl","5259","Tecmo Super Bowl","519600","132540","154","5","166","0","0","3.92","Tecmo Super Bowl"
"Samurai Shodown V Special","5260","Samurai Shodown V Special","519420","33420","1010","2","122","0","0","15.54","Samurai Shodown V Special"
"Battlefield 2","5261","Battlefield 2","519360","255180","1648","7","480","0","0","2.04","Battlefield 2"
"Peggle Nights","5262","Peggle Nights","518580","24600","1488","3","111","0","0","21.08","Peggle Nights"
"Virginia","5263","Virginia","518580","64740","702","3","402","0","0","8.01","Virginia"
"Dead Age","5264","Dead Age","518220","24120","2492","3","129","0","0","21.49","Dead Age"
"The Typing of The Dead: Overkill","5265","The Typing of The Dead: Overkill","518220","60300","987","5","375","0","0","8.59","The Typing of The Dead: Overkill"
"Doom 4","5266","Doom 4","518160","110880","543","4","478","0","0","4.67","Doom 4"
"Super Fancy Pants Adventure","5267","Super Fancy Pants Adventure","518160","23520","2658","1","127","0","0","22.03","Super Fancy Pants Adventure"
"Scarface: The World is Yours","5268","Scarface: The World is Yours","517200","53160","611","3","122","0","0","9.73","Scarface: The World is Yours"
"Blazing Dragons","5269","Blazing Dragons","517200","7020","1794","2","21","0","0","73.68","Blazing Dragons"
"beatmania IIDX","5270","beatmania IIDX","516960","59760","276","3","85","0","0","8.65","beatmania IIDX"
"Morphies Law","5271","Morphies Law","516540","16200","2567","9","103","0","0","31.89","Morphies Law"
"The Haunting of Billy","5272","The Haunting of Billy","516540","660","8660","1","7","0","0","782.64","The Haunting of Billy"
"GITADORA","5273","GITADORA","516240","2160","2528","1","9","0","0","239","GITADORA"
"Naruto Mobile","5274","Naruto Mobile","515400","28500","184","3","52","0","0","18.08","Naruto Mobile"
"2048","5275","2048","515340","28620","4406","2","174","0","0","18.01","2048"
"Fall of Light","5276","Fall of Light","515160","10920","1309","1","49","0","0","47.18","Fall of Light"
"TV Sports: Boxing","5277","TV Sports: Boxing","515100","2580","9953","3","19","0","0","199.65","TV Sports: Boxing"
"Decay: The Mare - Episode 1","5278","Decay: The Mare - Episode 1","514740","25440","5068","2","176","0","0","20.23","Decay: The Mare - Episode 1"
"Squidlit","5279","Squidlit","514680","8520","8601","2","47","0","0","60.41","Squidlit"
"Hell Yeah! Wrath of the Dead Rabbit","5280","Hell Yeah! Wrath of the Dead Rabbit","514200","43200","1805","2","212","0","0","11.9","Hell Yeah! Wrath of the Dead Rabbit"
"Genkai Tokki: Castle Panzers","5281","Genkai Tokki: Castle Panzers","513840","29280","948","3","28","0","0","17.55","Genkai Tokki: Castle Panzers"
"Uncharted Waters","5282","Uncharted Waters","513240","8940","1667","2","20","0","0","57.41","Uncharted Waters"
"King of the Hat","5283","King of the Hat","512460","20280","5166","6","70","0","0","25.27","King of the Hat"
"Blameless","5284","Blameless","512400","60600","2178","3","566","0","0","8.46","Blameless"
"King's Quest IV: The Perils of Rosella","5285","King's Quest IV: The Perils of Rosella","512280","15900","1420","2","34","0","0","32.22","King's Quest IV: The Perils of Rosella"
"Sniper Elite: Nazi Zombie Army","5286","Sniper Elite: Nazi Zombie Army","511860","60480","845","4","299","0","0","8.46","Sniper Elite: Nazi Zombie Army"
"Touhou Hisoutensoku - Choudokyuu Ginyoru no Nazo o Oe","5287","Touhou Hisoutensoku - Choudokyuu Ginyoru no Nazo o Oe","511200","80280","294","3","183","0","0","6.37","Touhou Hisoutensoku - Choudokyuu Ginyoru no Nazo o Oe"
"Session","5288","Session","510900","65340","3039","4","285","0","0","7.82","Session"
"Super Chibi Knight","5289","Super Chibi Knight","510420","2400","1983","2","10","0","0","212.68","Super Chibi Knight"
"Sesame Street: Elmo's Musical Monsterpiece","5290","Sesame Street: Elmo's Musical Monsterpiece","510240","480","4621","1","2","0","0","1063","Sesame Street: Elmo's Musical Monsterpiece"
"Monster Rancher 3","5291","Monster Rancher 3","510240","4020","2386","2","15","0","0","126.93","Monster Rancher 3"
"SOCCER LOVE","5292","SOCCER LOVE","510060","6300","742","2","11","0","0","80.96","SOCCER LOVE"
"The Playroom","5293","The Playroom","510060","320880","139","8","0","0","0","1.59","The Playroom"
"SEGA Bass Fishing","5294","SEGA Bass Fishing","508800","20880","2175","3","157","0","0","24.37","SEGA Bass Fishing"
"Kingdom Story: Brave Legion","5295","Kingdom Story: Brave Legion","508560","11400","755","2","10","0","0","44.61","Kingdom Story: Brave Legion"
"Gran Turismo 2","5296","Gran Turismo 2","508380","97320","302","6","189","0","0","5.22","Gran Turismo 2"
"Captive","5297","Captive","508200","600","4220","1","5","0","0","847","Captive"
"Wonder Boy III: The Dragon's Trap","5298","Wonder Boy III: The Dragon's Trap","507840","12600","1849","3","70","0","0","40.3","Wonder Boy III: The Dragon's Trap"
"Groovy Bunch of Games","5299","Groovy Bunch of Games","507420","129240","169","4","40","0","0","3.93","Groovy Bunch of Games"
"Power Stone","5300","Power Stone","507240","7980","6952","2","45","0","0","63.56","Power Stone"