"","","Game","Watch time","Stream time","Peak viewers","Peak channels","Streamers","Average viewers","Average channels","Average viewer ratio",""
"Soccer Kid","13601","Soccer Kid","22260","1320","209","3","6","0","0","16.86","Soccer Kid"
"Danbol Senki","13602","Danbol Senki","22260","9720","16","2","26","0","0","2.29","Danbol Senki"
"The Sims: Superstar","13603","The Sims: Superstar","22260","1560","67","1","8","0","0","14.27","The Sims: Superstar"
"Moon Ranger","13604","Moon Ranger","22260","120","197","1","1","0","0","185.5","Moon Ranger"
"U.F.O - Unfortunately Fortunate Organisms","13605","U.F.O - Unfortunately Fortunate Organisms","22260","17220","16","3","94","0","0","1.29","U.F.O - Unfortunately Fortunate Organisms"
"Kamen Rider Climax Scramble Zi-O","13606","Kamen Rider Climax Scramble Zi-O","22260","3660","28","2","12","0","0","6.08","Kamen Rider Climax Scramble Zi-O"
"Kards: The World War II Collectible Card Game","13607","Kards: The World War II Collectible Card Game","22200","6360","50","2","34","0","0","3.49","Kards: The World War II Collectible Card Game"
"Outcry","13608","Outcry","22200","4620","42","1","8","0","0","4.81","Outcry"
"Stellar Tactics","13609","Stellar Tactics","22200","7800","24","2","19","0","0","2.85","Stellar Tactics"
"Judie no Atelier: Gramnad no Renkinjutsushi","13610","Judie no Atelier: Gramnad no Renkinjutsushi","22200","2580","18","1","2","0","0","8.6","Judie no Atelier: Gramnad no Renkinjutsushi"
"Phoenix","13611","Phoenix","22200","2100","110","1","5","0","0","10.57","Phoenix"
"Psyvariar: Complete Edition","13612","Psyvariar: Complete Edition","22200","2820","86","2","10","0","0","7.87","Psyvariar: Complete Edition"
"TNA iMPACT!","13613","TNA iMPACT!","22200","2760","32","1","9","0","0","8.04","TNA iMPACT!"
"Bistro Cupid","13614","Bistro Cupid","22200","2040","48","1","5","0","0","10.88","Bistro Cupid"
"Garbage Truck Simulator","13615","Garbage Truck Simulator","22200","6720","99","1","13","0","0","3.3","Garbage Truck Simulator"
"Tribal Wars","13616","Tribal Wars","22200","6480","42","2","30","0","0","3.43","Tribal Wars"
"Live Poker","13617","Live Poker","22200","33600","7","2","42","0","0","0.66","Live Poker"
"The Wonderful End of the World","13618","The Wonderful End of the World","22200","6180","28","2","20","0","0","3.59","The Wonderful End of the World"
"Dragon: Marked for Death","13619","Dragon: Marked for Death","22200","480","68","1","1","0","0","46.25","Dragon: Marked for Death"
"Grotesque Tactics: Evil Heroes","13620","Grotesque Tactics: Evil Heroes","22140","1200","186","1","8","0","0","18.45","Grotesque Tactics: Evil Heroes"
"Microsoft Mahjong","13621","Microsoft Mahjong","22140","5580","110","1","33","0","0","3.97","Microsoft Mahjong"
"Day One: Garry's Incident","13622","Day One: Garry's Incident","22140","2940","61","1","25","0","0","7.53","Day One: Garry's Incident"
"FIFA Street 2","13623","FIFA Street 2","22140","5340","104","1","44","0","0","4.15","FIFA Street 2"
"Beetlejuice","13624","Beetlejuice","22140","4560","72","2","12","0","0","4.86","Beetlejuice"
"10000000","13625","10000000","22140","7200","35","1","41","0","0","3.08","10000000"
"Slender Man's Shadow","13626","Slender Man's Shadow","22140","4140","130","1","37","0","0","5.35","Slender Man's Shadow"
"Pixel Privateers","13627","Pixel Privateers","22140","10740","32","2","29","0","0","2.06","Pixel Privateers"
"Demon Hunter 3: Revelation","13628","Demon Hunter 3: Revelation","22140","2880","158","1","11","0","0","7.69","Demon Hunter 3: Revelation"
"The Rainy Port Keelung","13629","The Rainy Port Keelung","22140","3960","60","1","7","0","0","5.59","The Rainy Port Keelung"
"Catyph: The Kunci Experiment","13630","Catyph: The Kunci Experiment","22140","780","43","1","1","0","0","28.38","Catyph: The Kunci Experiment"
"The LEGO Batman Movie Game","13631","The LEGO Batman Movie Game","22080","5280","448","2","30","0","0","4.18","The LEGO Batman Movie Game"
"Saban's Power Rangers Samurai","13632","Saban's Power Rangers Samurai","22080","660","106","1","5","0","0","33.45","Saban's Power Rangers Samurai"
"City of the Shroud","13633","City of the Shroud","22080","1740","54","1","16","0","0","12.69","City of the Shroud"
"Disney's Winnie the Pooh's Rumbly Tumbly Adventure","13634","Disney's Winnie the Pooh's Rumbly Tumbly Adventure","22080","2400","127","2","12","0","0","9.2","Disney's Winnie the Pooh's Rumbly Tumbly Adventure"
"Dinosaur'us","13635","Dinosaur'us","22080","240","191","2","2","0","0","92","Dinosaur'us"
"State of Emergency","13636","State of Emergency","22080","3900","141","1","16","0","0","5.66","State of Emergency"
"Tom Clancy's EndWar","13637","Tom Clancy's EndWar","22080","16320","12","2","65","0","0","1.35","Tom Clancy's EndWar"
"Mizzurna Falls","13638","Mizzurna Falls","22080","1020","137","1","4","0","0","21.65","Mizzurna Falls"
"Star Wars Trilogy Arcade","13639","Star Wars Trilogy Arcade","22080","2460","43","1","11","0","0","8.98","Star Wars Trilogy Arcade"
"Bugs Bunny & Taz: Time Busters","13640","Bugs Bunny & Taz: Time Busters","22020","21600","26","3","39","0","0","1.02","Bugs Bunny & Taz: Time Busters"
"Divinity II: Flames of Vengeance","13641","Divinity II: Flames of Vengeance","22020","13620","24","3","29","0","0","1.62","Divinity II: Flames of Vengeance"
"Roller Coaster Tycoon 3D","13642","Roller Coaster Tycoon 3D","22020","6840","57","1","43","0","0","3.22","Roller Coaster Tycoon 3D"
"Super Mario Bros. / Duck Hunt / World Class Track Meet","13643","Super Mario Bros. / Duck Hunt / World Class Track Meet","22020","1560","40","1","8","0","0","14.12","Super Mario Bros. / Duck Hunt / World Class Track Meet"
"StreetPass Mii Plaza","13644","StreetPass Mii Plaza","22020","6960","34","2","16","0","0","3.16","StreetPass Mii Plaza"
"GASP","13645","GASP","22020","16020","70","2","21","0","0","1.37","GASP"
"Hummer","13646","Hummer","21960","360","191","3","3","0","0","61","Hummer"
"Wayout","13647","Wayout","21960","7200","27","1","26","0","0","3.05","Wayout"
"Sacred Citadel","13648","Sacred Citadel","21960","15360","40","2","62","0","0","1.43","Sacred Citadel"
"Warhammer Quest","13649","Warhammer Quest","21960","9060","40","2","39","0","0","2.42","Warhammer Quest"
"Couples Sudoku","13650","Couples Sudoku","21960","5640","17","2","5","0","0","3.89","Couples Sudoku"
"Cannon Fodder 3","13651","Cannon Fodder 3","21960","1260","64","1","7","0","0","17.43","Cannon Fodder 3"
"Phantasy Star Collection","13652","Phantasy Star Collection","21960","5220","8","1","4","0","0","4.21","Phantasy Star Collection"
"Star Trek: Starfleet Academy","13653","Star Trek: Starfleet Academy","21960","2400","170","1","9","0","0","9.15","Star Trek: Starfleet Academy"
"Geograph Seal","13654","Geograph Seal","21900","120","272","1","2","0","0","182.5","Geograph Seal"
"Hero of the Kingdom","13655","Hero of the Kingdom","21900","6000","34","1","29","0","0","3.65","Hero of the Kingdom"
"Siralim 2","13656","Siralim 2","21900","10380","39","2","43","0","0","2.11","Siralim 2"
"Guardian Force","13657","Guardian Force","21900","660","72","1","2","0","0","33.18","Guardian Force"
"Lynn","13658","Lynn","21900","4860","24","1","31","0","0","4.51","Lynn"
"Germs.io","13659","Germs.io","21900","2100","167","1","5","0","0","10.43","Germs.io"
"Snail Mail","13660","Snail Mail","21840","360","196","1","3","0","0","60.67","Snail Mail"
"Astyanax","13661","Astyanax","21840","3180","60","2","19","0","0","6.87","Astyanax"
"2014 FIFA World Cup Brazil","13662","2014 FIFA World Cup Brazil","21840","3420","183","1","14","0","0","6.39","2014 FIFA World Cup Brazil"
"Hugo II: Whodunit?","13663","Hugo II: Whodunit?","21840","6360","99","1","4","0","0","3.43","Hugo II: Whodunit?"
"Ooga Booga","13664","Ooga Booga","21840","12540","17","2","11","0","0","1.74","Ooga Booga"
"Pajama Sam: Lost and Found","13665","Pajama Sam: Lost and Found","21840","1680","124","1","7","0","0","13","Pajama Sam: Lost and Found"
"Winter","13666","Winter","21840","300","111","1","2","0","0","72.8","Winter"
"Super Ninja-kun","13667","Super Ninja-kun","21840","420","278","1","4","0","0","52","Super Ninja-kun"
"Inindo: Way of the Ninja","13668","Inindo: Way of the Ninja","21780","10440","10","1","6","0","0","2.09","Inindo: Way of the Ninja"
"Terrors","13669","Terrors","21780","4080","136","2","27","0","0","5.34","Terrors"
"Air Hockey","13670","Air Hockey","21780","2160","156","2","16","0","0","10.08","Air Hockey"
"Dominoes","13671","Dominoes","21780","7920","24","1","27","0","0","2.75","Dominoes"
"Trax","13672","Trax","21780","720","385","2","7","0","0","30.25","Trax"
"City Crisis","13673","City Crisis","21780","300","191","1","4","0","0","72.6","City Crisis"
"Ninja Golf","13674","Ninja Golf","21780","7080","29","2","6","0","0","3.08","Ninja Golf"
"Hellenica","13675","Hellenica","21780","2220","31","1","2","0","0","9.81","Hellenica"
"OPUS: The Day We Found Earth","13676","OPUS: The Day We Found Earth","21780","6360","33","2","33","0","0","3.42","OPUS: The Day We Found Earth"
"Distorted Travesty","13677","Distorted Travesty","21780","4920","12","2","7","0","0","4.43","Distorted Travesty"
"Super Cat Herding: Totally Awesome Edition","13678","Super Cat Herding: Totally Awesome Edition","21780","3060","58","1","26","0","0","7.12","Super Cat Herding: Totally Awesome Edition"
"Street Sports Football","13679","Street Sports Football","21780","540","137","1","2","0","0","40.33","Street Sports Football"
"The Holy Bible","13680","The Holy Bible","21720","14880","12","1","10","0","0","1.46","The Holy Bible"
"Boxer's Road 2: The Real","13681","Boxer's Road 2: The Real","21720","300","119","1","1","0","0","72.4","Boxer's Road 2: The Real"
"Smashbox Arena","13682","Smashbox Arena","21720","10800","36","2","36","0","0","2.01","Smashbox Arena"
"Blitz Breaker","13683","Blitz Breaker","21720","2880","66","1","9","0","0","7.54","Blitz Breaker"
"Fabulous - Angela's Fashion Fever","13684","Fabulous - Angela's Fashion Fever","21720","6660","16","1","11","0","0","3.26","Fabulous - Angela's Fashion Fever"
"Yu-Gi-Oh 5D's Wheelie Breakers","13685","Yu-Gi-Oh 5D's Wheelie Breakers","21720","5460","14","2","7","0","0","3.98","Yu-Gi-Oh 5D's Wheelie Breakers"
"Commander Keen 6: Aliens Ate My Babysitter!","13686","Commander Keen 6: Aliens Ate My Babysitter!","21720","9240","44","2","15","0","0","2.35","Commander Keen 6: Aliens Ate My Babysitter!"
"Skylanders SWAP Force","13687","Skylanders SWAP Force","21720","13860","13","2","40","0","0","1.57","Skylanders SWAP Force"
"Espgaluda","13688","Espgaluda","21720","5460","43","1","15","0","0","3.98","Espgaluda"
"Thrasher Presents: Skate and Destroy","13689","Thrasher Presents: Skate and Destroy","21720","3960","91","2","26","0","0","5.48","Thrasher Presents: Skate and Destroy"
"Disney/Pixar Toy Story Racer","13690","Disney/Pixar Toy Story Racer","21720","9180","62","2","23","0","0","2.37","Disney/Pixar Toy Story Racer"
"Shadowlings","13691","Shadowlings","21720","1380","112","2","7","0","0","15.74","Shadowlings"
"Blokus","13692","Blokus","21660","900","192","1","6","0","0","24.07","Blokus"
"Caesar II","13693","Caesar II","21660","1020","94","1","3","0","0","21.24","Caesar II"
"Fortix","13694","Fortix","21660","1500","223","1","15","0","0","14.44","Fortix"
"Christmas Lemmings 1994","13695","Christmas Lemmings 1994","21660","540","181","1","4","0","0","40.11","Christmas Lemmings 1994"
"3D Creation Station","13696","3D Creation Station","21660","12600","81","2","36","0","0","1.72","3D Creation Station"
"Balloon Kid","13697","Balloon Kid","21660","2100","83","4","15","0","0","10.31","Balloon Kid"
"Barbie: Groovy Games","13698","Barbie: Groovy Games","21660","17580","32","2","34","0","0","1.23","Barbie: Groovy Games"
"Nongünz","13699","Nongünz","21660","11280","39","1","46","0","0","1.92","Nongünz"
"Merge Dragons","13700","Merge Dragons","21660","20580","41","2","39","0","0","1.05","Merge Dragons"