"","","Game","Watch time","Stream time","Peak viewers","Peak channels","Streamers","Average viewers","Average channels","Average viewer ratio",""
"Paladin","7201","Paladin","207900","55140","858","3","365","0","0","3.77","Paladin"
"Delivery from the Pain","7202","Delivery from the Pain","207840","17580","124","2","37","0","0","11.82","Delivery from the Pain"
"CyberMage: Darklight Awakening","7203","CyberMage: Darklight Awakening","207600","6840","173","1","15","0","0","30.35","CyberMage: Darklight Awakening"
"Just One Line","7204","Just One Line","207540","1380","2061","2","14","0","0","150.39","Just One Line"
"Test Drive Unlimited","7205","Test Drive Unlimited","207420","44100","172","3","155","0","0","4.7","Test Drive Unlimited"
"Dragonica","7206","Dragonica","207360","78180","185","5","145","0","0","2.65","Dragonica"
"E.Y.E: Divine Cybermancy","7207","E.Y.E: Divine Cybermancy","207360","61440","157","3","275","0","0","3.37","E.Y.E: Divine Cybermancy"
"Touhou 15: Legacy of Lunatic Kingdom","7208","Touhou 15: Legacy of Lunatic Kingdom","207360","30300","616","2","163","0","0","6.84","Touhou 15: Legacy of Lunatic Kingdom"
"Romance of the Three Kingdoms VII","7209","Romance of the Three Kingdoms VII","207300","6000","250","1","9","0","0","34.55","Romance of the Three Kingdoms VII"
"Boom Beach","7210","Boom Beach","207180","59700","23","3","122","0","0","3.47","Boom Beach"
"Nancy Drew: Trail of the Twister","7211","Nancy Drew: Trail of the Twister","207000","19320","133","2","45","0","0","10.71","Nancy Drew: Trail of the Twister"
"Jeopardy! Junior Edition","7212","Jeopardy! Junior Edition","206940","1020","1793","1","6","0","0","202.88","Jeopardy! Junior Edition"
"Cruis'n World","7213","Cruis'n World","206940","6360","1601","2","30","0","0","32.54","Cruis'n World"
"Verdant Skies","7214","Verdant Skies","206940","19680","236","5","53","0","0","10.52","Verdant Skies"
"Wonder Boy","7215","Wonder Boy","206820","19440","101","3","36","0","0","10.64","Wonder Boy"
"Yu-Gi-Oh! 7 Trials to Glory: World Championship Tournament 2005","7216","Yu-Gi-Oh! 7 Trials to Glory: World Championship Tournament 2005","206760","3960","1678","1","14","0","0","52.21","Yu-Gi-Oh! 7 Trials to Glory: World Championship Tournament 2005"
"Disney Princess","7217","Disney Princess","206700","1920","1569","3","12","0","0","107.66","Disney Princess"
"Perfect World International","7218","Perfect World International","206520","129480","106","5","239","0","0","1.59","Perfect World International"
"The Dog Island","7219","The Dog Island","206400","4500","1709","1","15","0","0","45.87","The Dog Island"
"Taiku Mansion","7220","Taiku Mansion","206220","360","2451","1","3","0","0","572.83","Taiku Mansion"
"Might & Magic: Clash of Heroes","7221","Might & Magic: Clash of Heroes","205980","40560","1402","3","174","0","0","5.08","Might & Magic: Clash of Heroes"
"Advance Wars","7222","Advance Wars","205920","51480","357","3","139","0","0","4","Advance Wars"
"Motor Rock","7223","Motor Rock","205920","5880","191","1","19","0","0","35.02","Motor Rock"
"King's Quest V: Absence Makes the Heart Go Yonder","7224","King's Quest V: Absence Makes the Heart Go Yonder","205860","19140","186","2","47","0","0","10.76","King's Quest V: Absence Makes the Heart Go Yonder"
"My Singing Monsters","7225","My Singing Monsters","205860","7740","341","2","36","0","0","26.6","My Singing Monsters"
"Touhou Puppet Dance Performance","7226","Touhou Puppet Dance Performance","205860","57000","50","3","95","0","0","3.61","Touhou Puppet Dance Performance"
"Train Valley 2","7227","Train Valley 2","205800","13020","656","2","66","0","0","15.81","Train Valley 2"
"Superhot: Mind Control Delete","7228","Superhot: Mind Control Delete","205740","34800","435","2","235","0","0","5.91","Superhot: Mind Control Delete"
"Caladrius","7229","Caladrius","205740","12540","71","2","32","0","0","16.41","Caladrius"
"Oniken","7230","Oniken","205740","11160","1604","2","55","0","0","18.44","Oniken"
"No Way Out - A Dead Realm Tale","7231","No Way Out - A Dead Realm Tale","205740","2460","1326","1","18","0","0","83.63","No Way Out - A Dead Realm Tale"
"Pokémon Ranger","7232","Pokémon Ranger","205620","19200","169","2","57","0","0","10.71","Pokémon Ranger"
"Riff Racer","7233","Riff Racer","205620","54960","541","2","266","0","0","3.74","Riff Racer"
"Crusaders of the Lost Idols","7234","Crusaders of the Lost Idols","205620","24180","93","2","50","0","0","8.5","Crusaders of the Lost Idols"
"Vicious Attack Llama Apocalypse","7235","Vicious Attack Llama Apocalypse","205620","18420","575","4","103","0","0","11.16","Vicious Attack Llama Apocalypse"
"Time Crisis 2","7236","Time Crisis 2","205380","3360","2266","1","19","0","0","61.13","Time Crisis 2"
"The Blue Marlin","7237","The Blue Marlin","205320","1860","469","1","6","0","0","110.39","The Blue Marlin"
"Skywanderers","7238","Skywanderers","205260","26580","135","3","33","0","0","7.72","Skywanderers"
"Space Bob vs. The Replicons","7239","Space Bob vs. The Replicons","205020","15120","1020","2","23","0","0","13.56","Space Bob vs. The Replicons"
"The Incredible Adventures of Van Helsing III","7240","The Incredible Adventures of Van Helsing III","204960","86400","157","8","419","0","0","2.37","The Incredible Adventures of Van Helsing III"
"Magicite","7241","Magicite","204960","83520","233","3","533","0","0","2.45","Magicite"
"Rogue Warrior","7242","Rogue Warrior","204900","14220","477","2","93","0","0","14.41","Rogue Warrior"
"Brigador","7243","Brigador","204900","32100","1012","3","122","0","0","6.38","Brigador"
"Silent Hill: Play Novel","7244","Silent Hill: Play Novel","204780","1500","386","1","6","0","0","136.52","Silent Hill: Play Novel"
"Armored Core: for Answer","7245","Armored Core: for Answer","204660","23460","83","2","45","0","0","8.72","Armored Core: for Answer"
"Rollergames","7246","Rollergames","204600","7020","388","1","19","0","0","29.15","Rollergames"
"Art of War: Red Tides","7247","Art of War: Red Tides","204600","122880","43","3","357","0","0","1.67","Art of War: Red Tides"
"Hay Day","7248","Hay Day","204300","46380","37","3","130","0","0","4.4","Hay Day"
"Deadfall Adventures","7249","Deadfall Adventures","204180","60300","131","3","195","0","0","3.39","Deadfall Adventures"
"Prince of Persia Classic","7250","Prince of Persia Classic","204060","23940","236","2","80","0","0","8.52","Prince of Persia Classic"
"The Wheel of Time","7251","The Wheel of Time","204060","3660","175","1","7","0","0","55.75","The Wheel of Time"
"Woodle Tree Adventures","7252","Woodle Tree Adventures","203820","9240","692","2","41","0","0","22.06","Woodle Tree Adventures"
"Growlanser II: The Sense of Justice","7253","Growlanser II: The Sense of Justice","203820","3120","1647","2","5","0","0","65.33","Growlanser II: The Sense of Justice"
"Kero Blaster","7254","Kero Blaster","203580","189900","242","3","155","0","0","1.07","Kero Blaster"
"Ghost 'n Goblins Exceed","7255","Ghost 'n Goblins Exceed","203400","960","722","1","10","0","0","211.88","Ghost 'n Goblins Exceed"
"X2: Wolverine's Revenge","7256","X2: Wolverine's Revenge","203280","6780","2845","2","10","0","0","29.98","X2: Wolverine's Revenge"
"Prison Boss VR","7257","Prison Boss VR","203220","11460","588","2","74","0","0","17.73","Prison Boss VR"
"Darius Burst","7258","Darius Burst","203220","22800","290","2","55","0","0","8.91","Darius Burst"
"EmergeNYC","7259","EmergeNYC","203100","39420","513","2","200","0","0","5.15","EmergeNYC"
"Dance Central: Spotlight","7260","Dance Central: Spotlight","203040","3240","1023","1","31","0","0","62.67","Dance Central: Spotlight"
"Radio Hammer Station","7261","Radio Hammer Station","202920","40260","1429","2","48","0","0","5.04","Radio Hammer Station"
"Shadow of Loot Box","7262","Shadow of Loot Box","202680","6660","1037","4","42","0","0","30.43","Shadow of Loot Box"
"Full Throttle: Payback","7263","Full Throttle: Payback","202620","3720","3840","1","3","0","0","54.47","Full Throttle: Payback"
"DarkMaus","7264","DarkMaus","202560","12600","380","2","41","0","0","16.08","DarkMaus"
"Nancy Drew: The Captive Curse","7265","Nancy Drew: The Captive Curse","202500","18300","555","2","45","0","0","11.07","Nancy Drew: The Captive Curse"
"Puyo Puyo","7266","Puyo Puyo","202500","13020","1259","2","64","0","0","15.55","Puyo Puyo"
"Micro Machines World Series","7267","Micro Machines World Series","202440","24780","403","3","136","0","0","8.17","Micro Machines World Series"
"Dream Quest","7268","Dream Quest","202380","2760","723","2","13","0","0","73.33","Dream Quest"
"Sid Meier's Alien Crossfire","7269","Sid Meier's Alien Crossfire","202320","4800","642","1","12","0","0","42.15","Sid Meier's Alien Crossfire"
"Operation Flashpoint: Dragon Rising","7270","Operation Flashpoint: Dragon Rising","202200","18540","405","2","83","0","0","10.91","Operation Flashpoint: Dragon Rising"
"Billiards","7271","Billiards","202200","40500","530","2","78","0","0","4.99","Billiards"
"The Mooseman","7272","The Mooseman","202200","20640","1284","3","163","0","0","9.8","The Mooseman"
"Agony Unrated","7273","Agony Unrated","202200","25740","547","4","133","0","0","7.86","Agony Unrated"
"DeFRaG","7274","DeFRaG","202020","18720","311","2","29","0","0","10.79","DeFRaG"
"Puggsy","7275","Puggsy","201900","9480","2709","2","18","0","0","21.3","Puggsy"
"Starblood Arena","7276","Starblood Arena","201840","52320","437","6","402","0","0","3.86","Starblood Arena"
"Sports Bar VR","7277","Sports Bar VR","201840","10740","778","2","70","0","0","18.79","Sports Bar VR"
"Computer Space","7278","Computer Space","201780","63720","23","3","33","0","0","3.17","Computer Space"
"Tales of Legendia","7279","Tales of Legendia","201660","49320","48","2","51","0","0","4.09","Tales of Legendia"
"Hover: Revolt of Gamers","7280","Hover: Revolt of Gamers","201480","57480","1030","5","252","0","0","3.51","Hover: Revolt of Gamers"
"Nancy Drew: The Deadly Device","7281","Nancy Drew: The Deadly Device","201300","19440","490","2","35","0","0","10.35","Nancy Drew: The Deadly Device"
"Alpha Polaris","7282","Alpha Polaris","201300","2340","639","1","10","0","0","86.03","Alpha Polaris"
"Karnage Chronicles","7283","Karnage Chronicles","201240","17340","166","4","83","0","0","11.61","Karnage Chronicles"
"King's Bounty: Armored Princess","7284","King's Bounty: Armored Princess","201180","33060","52","3","52","0","0","6.09","King's Bounty: Armored Princess"
"Desktop Dungeons","7285","Desktop Dungeons","201000","67260","209","3","112","0","0","2.99","Desktop Dungeons"
"Not Tetris 2","7286","Not Tetris 2","201000","13560","251","2","43","0","0","14.82","Not Tetris 2"
"Nocturnal Hunt","7287","Nocturnal Hunt","201000","2880","1053","1","19","0","0","69.79","Nocturnal Hunt"
"Guitar Hero 5","7288","Guitar Hero 5","200880","17280","877","2","105","0","0","11.63","Guitar Hero 5"
"Handball","7289","Handball","200820","2940","200","1","5","0","0","68.31","Handball"
"Blades of Time","7290","Blades of Time","200760","43320","1158","2","143","0","0","4.63","Blades of Time"
"Life is Hard","7291","Life is Hard","200700","2640","1291","2","12","0","0","76.02","Life is Hard"
"World of Subways Vol.3: Circle Line","7292","World of Subways Vol.3: Circle Line","200640","6060","672","1","30","0","0","33.11","World of Subways Vol.3: Circle Line"
"911 Paramedic","7293","911 Paramedic","200640","12600","918","2","78","0","0","15.92","911 Paramedic"
"Suzy Cube","7294","Suzy Cube","200640","13200","392","2","53","0","0","15.2","Suzy Cube"
"Alien Crush Returns","7295","Alien Crush Returns","200520","180","1698","1","1","0","0","1114","Alien Crush Returns"
"The Misadventures of Tron Bonne","7296","The Misadventures of Tron Bonne","200460","22680","1209","2","54","0","0","8.84","The Misadventures of Tron Bonne"
"Mario Party: The Top 100","7297","Mario Party: The Top 100","200400","14520","215","2","57","0","0","13.8","Mario Party: The Top 100"
"Lightseekers","7298","Lightseekers","200340","45000","52","5","63","0","0","4.45","Lightseekers"
"Wow! Wow! Wubzy","7299","Wow! Wow! Wubzy","200280","7140","1567","2","37","0","0","28.05","Wow! Wow! Wubzy"
"Tsubasa Chronicle","7300","Tsubasa Chronicle","200040","6900","3271","1","5","0","0","28.99","Tsubasa Chronicle"