"","","Game","Watch time","Stream time","Peak viewers","Peak channels","Streamers","Average viewers","Average channels","Average viewer ratio",""
"Heart's Medicine - Time to Heal","6801","Heart's Medicine - Time to Heal","246480","7920","377","2","35","0","0","31.12","Heart's Medicine - Time to Heal"
"Peach Ball: Senran Kagura","6802","Peach Ball: Senran Kagura","246300","11100","1372","6","38","0","0","22.19","Peach Ball: Senran Kagura"
"Harvest Moon DS","6803","Harvest Moon DS","246300","13320","271","2","31","0","0","18.49","Harvest Moon DS"
"T.R.A.G.: Tactical Rescue Assault Group","6804","T.R.A.G.: Tactical Rescue Assault Group","246240","7500","321","2","15","0","0","32.83","T.R.A.G.: Tactical Rescue Assault Group"
"htoL#NiQ: The Firefly Diary","6805","htoL#NiQ: The Firefly Diary","245940","21660","1040","2","84","0","0","11.35","htoL#NiQ: The Firefly Diary"
"Leisure Suit Larry: Love for Sail!","6806","Leisure Suit Larry: Love for Sail!","245880","15480","423","2","60","0","0","15.88","Leisure Suit Larry: Love for Sail!"
"Fugl","6807","Fugl","245820","2280","1529","2","28","0","0","107.82","Fugl"
"VR the Diner Duo","6808","VR the Diner Duo","245700","24960","961","2","154","0","0","9.84","VR the Diner Duo"
"The Amazing Spider-Man 2","6809","The Amazing Spider-Man 2","245640","83640","100","4","926","0","0","2.94","The Amazing Spider-Man 2"
"Ink","6810","Ink","245580","22560","4907","2","119","0","0","10.89","Ink"
"Doorways: Holy Mountains of Flesh","6811","Doorways: Holy Mountains of Flesh","245580","12240","407","2","49","0","0","20.06","Doorways: Holy Mountains of Flesh"
"The Incredible Adventures of Van Helsing","6812","The Incredible Adventures of Van Helsing","245400","119100","43","3","382","0","0","2.06","The Incredible Adventures of Van Helsing"
"Sky Knights","6813","Sky Knights","245340","15960","624","3","29","0","0","15.37","Sky Knights"
"OK K.O.! Let's Be Heroes","6814","OK K.O.! Let's Be Heroes","245340","27660","1260","4","79","0","0","8.87","OK K.O.! Let's Be Heroes"
"Spellweaver","6815","Spellweaver","245280","38460","67","4","69","0","0","6.38","Spellweaver"
"Drox Operative","6816","Drox Operative","245160","3060","714","2","15","0","0","80.12","Drox Operative"
"Alone in the Dark 3","6817","Alone in the Dark 3","244980","16020","788","1","10","0","0","15.29","Alone in the Dark 3"
"Eleven: Table Tennis VR","6818","Eleven: Table Tennis VR","244860","23460","687","2","161","0","0","10.44","Eleven: Table Tennis VR"
"Chaos Code: New Sign of Catastrophe","6819","Chaos Code: New Sign of Catastrophe","244680","39000","1217","2","68","0","0","6.27","Chaos Code: New Sign of Catastrophe"
"ToeJam & Earl in Panic on Funkotron","6820","ToeJam & Earl in Panic on Funkotron","244620","8280","3303","2","40","0","0","29.54","ToeJam & Earl in Panic on Funkotron"
"Fate of the World","6821","Fate of the World","244620","2340","1206","1","11","0","0","104.54","Fate of the World"
"Bucky O'Hare","6822","Bucky O'Hare","244380","32820","491","7","84","0","0","7.45","Bucky O'Hare"
"Tales of Symphonia Chronicles","6823","Tales of Symphonia Chronicles","244140","46080","182","2","45","0","0","5.3","Tales of Symphonia Chronicles"
"Gremlins 2: The New Batch","6824","Gremlins 2: The New Batch","244080","9600","1922","3","43","0","0","25.43","Gremlins 2: The New Batch"
"Burnout 2: Point of Impact","6825","Burnout 2: Point of Impact","243840","18180","422","3","58","0","0","13.41","Burnout 2: Point of Impact"
"Nancy Drew: The Phantom of Venice","6826","Nancy Drew: The Phantom of Venice","243780","22200","128","2","58","0","0","10.98","Nancy Drew: The Phantom of Venice"
"Frog Fractions","6827","Frog Fractions","243360","13440","921","2","97","0","0","18.11","Frog Fractions"
"Battlefield 1942","6828","Battlefield 1942","243360","80160","1474","5","204","0","0","3.04","Battlefield 1942"
"Ostriv","6829","Ostriv","243360","22140","463","3","67","0","0","10.99","Ostriv"
"A Bug's Life","6830","A Bug's Life","243300","24780","229","2","68","0","0","9.82","A Bug's Life"
"Hot Wheels: World Race","6831","Hot Wheels: World Race","243060","3840","1994","1","24","0","0","63.3","Hot Wheels: World Race"
"Poochy & Yoshi's Woolly World","6832","Poochy & Yoshi's Woolly World","243060","3900","1690","1","19","0","0","62.32","Poochy & Yoshi's Woolly World"
"The Witch and the Hundred Knight 2","6833","The Witch and the Hundred Knight 2","242880","61500","263","5","122","0","0","3.95","The Witch and the Hundred Knight 2"
"Stitched","6834","Stitched","242640","8760","365","1","26","0","0","27.7","Stitched"
"The Ooze","6835","The Ooze","242400","4200","1541","1","8","0","0","57.71","The Ooze"
"Star Wars Chess","6836","Star Wars Chess","242340","900","2090","2","7","0","0","269.27","Star Wars Chess"
"Avatarika","6837","Avatarika","242340","5940","384","1","10","0","0","40.8","Avatarika"
"Robot","6838","Robot","242280","47400","515","2","28","0","0","5.11","Robot"
"Chicken Assassin: Reloaded","6839","Chicken Assassin: Reloaded","242160","10020","565","3","44","0","0","24.17","Chicken Assassin: Reloaded"
"The Last Blade","6840","The Last Blade","242040","10500","2604","2","98","0","0","23.05","The Last Blade"
"The Sims 2: Pets","6841","The Sims 2: Pets","242040","51900","548","3","225","0","0","4.66","The Sims 2: Pets"
"Chicken","6842","Chicken","241980","4140","1230","1","25","0","0","58.45","Chicken"
"Ace Combat 7","6843","Ace Combat 7","241980","3600","1920","2","17","0","0","67.22","Ace Combat 7"
"Heroes of Might and Magic: Quest for the DragonBone Staff","6844","Heroes of Might and Magic: Quest for the DragonBone Staff","241740","1560","2273","2","11","0","0","154.96","Heroes of Might and Magic: Quest for the DragonBone Staff"
"Dragon's Lair II: TimeWarp","6845","Dragon's Lair II: TimeWarp","241740","2340","1866","1","16","0","0","103.31","Dragon's Lair II: TimeWarp"
"Sexy Parodius","6846","Sexy Parodius","241560","2700","2580","1","19","0","0","89.47","Sexy Parodius"
"Syndicate","6847","Syndicate","241500","36060","673","3","158","0","0","6.7","Syndicate"
"Shin Megami Tensei: Persona","6848","Shin Megami Tensei: Persona","241500","69480","50","3","104","0","0","3.48","Shin Megami Tensei: Persona"
"Yu-Gi-Oh!: GX Tag Force","6849","Yu-Gi-Oh!: GX Tag Force","241440","19380","421","3","61","0","0","12.46","Yu-Gi-Oh!: GX Tag Force"
"Pawapuro Stadium","6850","Pawapuro Stadium","241200","2460","1076","1","6","0","0","98.05","Pawapuro Stadium"
"Post Mortem","6851","Post Mortem","241140","4920","3251","1","16","0","0","49.01","Post Mortem"
"Jazz Jackrabbit","6852","Jazz Jackrabbit","241080","28800","298","3","92","0","0","8.37","Jazz Jackrabbit"
"Sonic and the Secret Rings","6853","Sonic and the Secret Rings","241020","23940","234","2","60","0","0","10.07","Sonic and the Secret Rings"
"Ninja Gaiden 3: Razor's Edge","6854","Ninja Gaiden 3: Razor's Edge","240960","60540","167","3","71","0","0","3.98","Ninja Gaiden 3: Razor's Edge"
"Xbox LIVE Arcade Compilation Disc","6855","Xbox LIVE Arcade Compilation Disc","240960","2880","2677","1","8","0","0","83.67","Xbox LIVE Arcade Compilation Disc"
"Gladiabots","6856","Gladiabots","240840","15300","706","2","40","0","0","15.74","Gladiabots"
"Rayon Riddles Rise of the Goblin King","6857","Rayon Riddles Rise of the Goblin King","240600","1320","539","1","4","0","0","182.27","Rayon Riddles Rise of the Goblin King"
"Unknown Fate","6858","Unknown Fate","240600","14340","563","3","90","0","0","16.78","Unknown Fate"
"Resident Evil: Survivor 2 - Code: Veronica","6859","Resident Evil: Survivor 2 - Code: Veronica","240600","8700","1115","2","36","0","0","27.66","Resident Evil: Survivor 2 - Code: Veronica"
"James Cameron's Avatar: The Game","6860","James Cameron's Avatar: The Game","240540","9360","751","2","44","0","0","25.7","James Cameron's Avatar: The Game"
"Kirby: Squeak Squad","6861","Kirby: Squeak Squad","240480","41160","172","4","127","0","0","5.84","Kirby: Squeak Squad"
"Siege","6862","Siege","240420","158100","244","4","816","0","0","1.52","Siege"
"Wheel of Fortune: 2nd Edition","6863","Wheel of Fortune: 2nd Edition","240420","900","2015","1","6","0","0","267.13","Wheel of Fortune: 2nd Edition"
"Eiyuu Senki: The World Conquest","6864","Eiyuu Senki: The World Conquest","240300","3180","189","1","10","0","0","75.57","Eiyuu Senki: The World Conquest"
"Ascension","6865","Ascension","240300","18540","1555","2","78","0","0","12.96","Ascension"
"Mario Party: Star Rush","6866","Mario Party: Star Rush","240120","1800","3946","1","11","0","0","133.4","Mario Party: Star Rush"
"King's Bounty: Crossworlds","6867","King's Bounty: Crossworlds","240000","49800","118","3","50","0","0","4.82","King's Bounty: Crossworlds"
"The Lawnmower Man","6868","The Lawnmower Man","240000","3420","1531","1","18","0","0","70.18","The Lawnmower Man"
"Hylics","6869","Hylics","239760","27360","2335","3","126","0","0","8.76","Hylics"
"Baldur's Gate: Siege of Dragonspear","6870","Baldur's Gate: Siege of Dragonspear","239760","48960","71","3","73","0","0","4.9","Baldur's Gate: Siege of Dragonspear"
"Star Trek: The Next Generation - Klingon Honor Guard","6871","Star Trek: The Next Generation - Klingon Honor Guard","239640","2400","161","1","1","0","0","99.85","Star Trek: The Next Generation - Klingon Honor Guard"
"Mega Man 64","6872","Mega Man 64","239520","11100","386","2","48","0","0","21.58","Mega Man 64"
"Haunted House","6873","Haunted House","239520","2160","3930","1","13","0","0","110.89","Haunted House"
"AdVenture Capitalist","6874","AdVenture Capitalist","239340","160320","449","4","746","0","0","1.49","AdVenture Capitalist"
"Penumbra: Requiem","6875","Penumbra: Requiem","239280","30360","192","3","136","0","0","7.88","Penumbra: Requiem"
"Black Rose","6876","Black Rose","239280","31860","446","2","259","0","0","7.51","Black Rose"
"Sex Games","6877","Sex Games","239040","10320","1515","2","16","0","0","23.16","Sex Games"
"Endless Space","6878","Endless Space","238800","44820","197","3","136","0","0","5.33","Endless Space"
"Tokyo 7th Sisters","6879","Tokyo 7th Sisters","238740","18960","121","2","23","0","0","12.59","Tokyo 7th Sisters"
"Jackal","6880","Jackal","238440","9180","1382","4","49","0","0","25.97","Jackal"
"Grim Tales: The Legacy","6881","Grim Tales: The Legacy","238440","8760","221","2","23","0","0","27.22","Grim Tales: The Legacy"
"Madden NFL 16","6882","Madden NFL 16","238380","218040","265","7","1143","0","0","1.09","Madden NFL 16"
"WCW: World Championship Wrestling","6883","WCW: World Championship Wrestling","238200","300","3712","1","3","0","0","794","WCW: World Championship Wrestling"
"Touhou 13 Ten Desires","6884","Touhou 13 Ten Desires","238140","17340","699","2","93","0","0","13.73","Touhou 13 Ten Desires"
"World of Guns: Gun Disassembly","6885","World of Guns: Gun Disassembly","237960","30960","544","3","147","0","0","7.69","World of Guns: Gun Disassembly"
"Maniac Mansion","6886","Maniac Mansion","237840","43320","333","2","116","0","0","5.49","Maniac Mansion"
"Hidden Object Bundle 5 in 1","6887","Hidden Object Bundle 5 in 1","237840","10200","202","1","23","0","0","23.32","Hidden Object Bundle 5 in 1"
"Blackwell Deception","6888","Blackwell Deception","237600","10440","396","2","27","0","0","22.76","Blackwell Deception"
"Bleed 2","6889","Bleed 2","237540","48000","748","3","157","0","0","4.95","Bleed 2"
"Sonic Mega Collection Plus","6890","Sonic Mega Collection Plus","237300","6660","1982","2","32","0","0","35.63","Sonic Mega Collection Plus"
"The Flintstones: The Rescue of Dino & Hoppy","6891","The Flintstones: The Rescue of Dino & Hoppy","237300","11520","324","1","29","0","0","20.6","The Flintstones: The Rescue of Dino & Hoppy"
"Jenga World Tour","6892","Jenga World Tour","237300","1140","1970","1","9","0","0","208.16","Jenga World Tour"
"Persona 2: Innocent Sin","6893","Persona 2: Innocent Sin","237240","61380","78","2","86","0","0","3.87","Persona 2: Innocent Sin"
"Real Bout Fatal Fury Special","6894","Real Bout Fatal Fury Special","237240","3660","725","1","20","0","0","64.82","Real Bout Fatal Fury Special"
"The Watson-Scott Test","6895","The Watson-Scott Test","237120","9360","893","3","100","0","0","25.33","The Watson-Scott Test"
"Food Fantasy","6896","Food Fantasy","237060","44460","171","4","179","0","0","5.33","Food Fantasy"
"Septerra Core: Legacy of the Creator","6897","Septerra Core: Legacy of the Creator","237060","33540","180","2","36","0","0","7.07","Septerra Core: Legacy of the Creator"
"Agarest: Generations of War 2","6898","Agarest: Generations of War 2","236940","16020","453","2","29","0","0","14.79","Agarest: Generations of War 2"
"Creepy Road","6899","Creepy Road","236940","13440","337","3","112","0","0","17.63","Creepy Road"
"Need a packet?","6900","Need a packet?","236760","1800","3634","2","11","0","0","131.53","Need a packet?"