"","","Game","Watch time","Stream time","Peak viewers","Peak channels","Streamers","Average viewers","Average channels","Average viewer ratio",""
"Sword Master VR","6701","Sword Master VR","256980","2640","381","1","10","0","0","97.34","Sword Master VR"
"Ice Hockey","6702","Ice Hockey","256860","12840","747","3","72","0","0","20","Ice Hockey"
"Dissidia 012 Final Fantasy","6703","Dissidia 012 Final Fantasy","256680","77460","123","3","204","0","0","3.31","Dissidia 012 Final Fantasy"
"Minimax Tinyverse","6704","Minimax Tinyverse","256620","37680","282","7","106","0","0","6.81","Minimax Tinyverse"
"Lucah: Born of a Dream","6705","Lucah: Born of a Dream","256320","25260","1035","5","66","0","0","10.15","Lucah: Born of a Dream"
"Shin Megami Tensei: Devil Survivor 2: Record Breaker","6706","Shin Megami Tensei: Devil Survivor 2: Record Breaker","256200","18660","93","2","18","0","0","13.73","Shin Megami Tensei: Devil Survivor 2: Record Breaker"
"Zineth","6707","Zineth","255960","1380","4713","3","15","0","0","185.48","Zineth"
"The Sims 2 Castaway","6708","The Sims 2 Castaway","255720","11040","405","2","41","0","0","23.16","The Sims 2 Castaway"
"Cannon Spike","6709","Cannon Spike","255540","5940","2510","1","27","0","0","43.02","Cannon Spike"
"Squishy the Suicidal Pig","6710","Squishy the Suicidal Pig","255360","12300","1863","1","78","0","0","20.76","Squishy the Suicidal Pig"
"Video Casino Games","6711","Video Casino Games","255360","850740","774","21","63","0","1","0.3","Video Casino Games"
"Take On Mars","6712","Take On Mars","255300","57840","226","3","85","0","0","4.41","Take On Mars"
"Transformers: Devastation","6713","Transformers: Devastation","255240","137820","64","4","610","0","0","1.85","Transformers: Devastation"
"Batman: Return to Arkham","6714","Batman: Return to Arkham","255120","79500","88","3","2225","0","0","3.21","Batman: Return to Arkham"
"Cosmic Balance II","6715","Cosmic Balance II","255060","1620","353","1","2","0","0","157.44","Cosmic Balance II"
"Mirror Drop","6716","Mirror Drop","255060","2760","2875","1","17","0","0","92.41","Mirror Drop"
"Touhou 08 - Imperishable Night","6717","Touhou 08 - Imperishable Night","255000","43380","524","2","254","0","0","5.88","Touhou 08 - Imperishable Night"
"Bahamut Lagoon","6718","Bahamut Lagoon","254700","12780","1794","3","28","0","0","19.93","Bahamut Lagoon"
"Picross S","6719","Picross S","254700","24960","409","3","96","0","0","10.2","Picross S"
"La Tale","6720","La Tale","254640","21720","1972","2","59","0","0","11.72","La Tale"
"Crash Nitro Kart","6721","Crash Nitro Kart","254580","24960","654","2","102","0","0","10.2","Crash Nitro Kart"
"The Polar Express","6722","The Polar Express","254520","7860","795","2","27","0","0","32.38","The Polar Express"
"TenkaHyakken -ZAN-","6723","TenkaHyakken -ZAN-","254520","19620","283","4","29","0","0","12.97","TenkaHyakken -ZAN-"
"Judge Dredd","6724","Judge Dredd","254460","4620","2078","2","26","0","0","55.08","Judge Dredd"
"Season's Beatings","6725","Season's Beatings","254400","10140","358","2","53","0","0","25.09","Season's Beatings"
"Shape of the World","6726","Shape of the World","254160","25140","550","8","206","0","0","10.11","Shape of the World"
"MagiCat","6727","MagiCat","253920","19860","428","2","65","0","0","12.79","MagiCat"
"Ni no Kuni: Shikkoku no Madoshi","6728","Ni no Kuni: Shikkoku no Madoshi","253920","23940","449","3","107","0","0","10.61","Ni no Kuni: Shikkoku no Madoshi"
"Nightmares From The Deep: The Cursed Heart","6729","Nightmares From The Deep: The Cursed Heart","253740","22320","521","2","67","0","0","11.37","Nightmares From The Deep: The Cursed Heart"
"Lucius Demake","6730","Lucius Demake","253620","4140","2104","1","25","0","0","61.26","Lucius Demake"
"Star Fox Assault","6731","Star Fox Assault","253560","54780","132","4","208","0","0","4.63","Star Fox Assault"
"Never Stop Sneakin'","6732","Never Stop Sneakin'","253440","4800","1310","2","26","0","0","52.8","Never Stop Sneakin'"
"Twisted Metal 2","6733","Twisted Metal 2","253380","23400","3151","2","80","0","0","10.83","Twisted Metal 2"
"Interkosmos","6734","Interkosmos","253260","1320","1055","1","14","0","0","191.86","Interkosmos"
"Schlag den Raab: Das 3. Spiel","6735","Schlag den Raab: Das 3. Spiel","253080","2760","964","1","9","0","0","91.7","Schlag den Raab: Das 3. Spiel"
"Star Conflict","6736","Star Conflict","253020","192780","322","6","588","0","0","1.31","Star Conflict"
"Hoshigami: Ruining Blue Earth","6737","Hoshigami: Ruining Blue Earth","252900","6360","148","1","5","0","0","39.76","Hoshigami: Ruining Blue Earth"
"Online FPS: Special Force","6738","Online FPS: Special Force","252900","9420","938","2","51","0","0","26.85","Online FPS: Special Force"
"Aimtastic","6739","Aimtastic","252780","51120","703","4","373","0","0","4.94","Aimtastic"
"VR_PlayRoom","6740","VR_PlayRoom","252720","10800","993","2","66","0","0","23.4","VR_PlayRoom"
"Tales of Graces","6741","Tales of Graces","252720","35820","60","2","34","0","0","7.06","Tales of Graces"
"Rumble Fighter","6742","Rumble Fighter","252720","66000","804","3","143","0","0","3.83","Rumble Fighter"
"Double Dragon III: The Sacred Stones","6743","Double Dragon III: The Sacred Stones","252720","8520","450","2","39","0","0","29.66","Double Dragon III: The Sacred Stones"
"Alcahest","6744","Alcahest","252600","5340","201","2","6","0","0","47.3","Alcahest"
"Secret Files: Tunguska","6745","Secret Files: Tunguska","252420","20160","667","2","35","0","0","12.52","Secret Files: Tunguska"
"Dark","6746","Dark","252300","33300","605","3","160","0","0","7.58","Dark"
"King's Knight","6747","King's Knight","252060","1500","974","2","8","0","0","168.04","King's Knight"
"Tetris Plus","6748","Tetris Plus","251880","9060","1028","8","32","0","0","27.8","Tetris Plus"
"Disgaea 4: A Promise Unforgotten","6749","Disgaea 4: A Promise Unforgotten","251820","15960","136","2","17","0","0","15.78","Disgaea 4: A Promise Unforgotten"
"Shadowbane","6750","Shadowbane","251760","25620","105","3","18","0","0","9.83","Shadowbane"
"Flappy Bird","6751","Flappy Bird","251460","12960","2483","2","83","0","0","19.4","Flappy Bird"
"Mortal Kombat X Mobile","6752","Mortal Kombat X Mobile","251340","27960","2674","2","87","0","0","8.99","Mortal Kombat X Mobile"
"A.I.M. 2 Clan Wars","6753","A.I.M. 2 Clan Wars","251280","2460","1029","1","9","0","0","102.15","A.I.M. 2 Clan Wars"
"Cubeworld","6754","Cubeworld","251160","40380","1300","2","198","0","0","6.22","Cubeworld"
"Radio Active","6755","Radio Active","250980","219420","48","5","162","0","0","1.14","Radio Active"
"Dawn of Man","6756","Dawn of Man","250920","5820","813","3","17","0","0","43.11","Dawn of Man"
"Ninja Blade","6757","Ninja Blade","250860","20280","301","2","72","0","0","12.37","Ninja Blade"
"Adventure Island","6758","Adventure Island","250680","18780","491","2","66","0","0","13.35","Adventure Island"
"Ice Age: Dawn of the Dinosaurs","6759","Ice Age: Dawn of the Dinosaurs","250620","3720","1296","2","15","0","0","67.37","Ice Age: Dawn of the Dinosaurs"
"Super Bomberman 2","6760","Super Bomberman 2","250620","14340","2905","3","68","0","0","17.48","Super Bomberman 2"
"Werewolf: The Last Warrior","6761","Werewolf: The Last Warrior","250560","2940","768","2","16","0","0","85.22","Werewolf: The Last Warrior"
"Odysseus Kosmos and his Robot Quest","6762","Odysseus Kosmos and his Robot Quest","250560","10740","1667","2","51","0","0","23.33","Odysseus Kosmos and his Robot Quest"
"Football Tactics","6763","Football Tactics","250500","22080","586","6","50","0","0","11.35","Football Tactics"
"Phineas and Ferb Ride Again","6764","Phineas and Ferb Ride Again","250320","2100","1567","2","5","0","0","119.2","Phineas and Ferb Ride Again"
"Narcissu 1st & 2nd","6765","Narcissu 1st & 2nd","250260","5340","1794","1","32","0","0","46.87","Narcissu 1st & 2nd"
"Corridor","6766","Corridor","250200","4500","1335","2","57","0","0","55.6","Corridor"
"Dr. Mario 64","6767","Dr. Mario 64","250140","15720","1193","2","41","0","0","15.91","Dr. Mario 64"
"Bebe's Kids","6768","Bebe's Kids","250020","9300","1005","1","17","0","0","26.88","Bebe's Kids"
"Disney's 102 Dalmatians: Puppies to the Rescue","6769","Disney's 102 Dalmatians: Puppies to the Rescue","249960","29820","993","2","52","0","0","8.38","Disney's 102 Dalmatians: Puppies to the Rescue"
"Need for Speed: Carbon - Own the City","6770","Need for Speed: Carbon - Own the City","249960","8520","527","1","33","0","0","29.34","Need for Speed: Carbon - Own the City"
"Spark The Electric Jester","6771","Spark The Electric Jester","249840","23220","366","2","77","0","0","10.76","Spark The Electric Jester"
"Monster Hunter Freedom","6772","Monster Hunter Freedom","249720","31440","187","3","81","0","0","7.94","Monster Hunter Freedom"
"Scott Pilgrim vs. The World: The Game","6773","Scott Pilgrim vs. The World: The Game","249540","33600","766","3","184","0","0","7.43","Scott Pilgrim vs. The World: The Game"
"Pac-Man 2","6774","Pac-Man 2","249480","120","4215","1","2","0","0","2079","Pac-Man 2"
"Infinite Adventures","6775","Infinite Adventures","249420","20460","194","3","21","0","0","12.19","Infinite Adventures"
"Pixel Gun 3D","6776","Pixel Gun 3D","249420","325020","1596","6","1551","0","0","0.77","Pixel Gun 3D"
"X-Morph: Defense","6777","X-Morph: Defense","249360","62280","195","4","176","0","0","4","X-Morph: Defense"
"Naruto: Ninja Council","6778","Naruto: Ninja Council","249300","1800","2142","1","9","0","0","138.5","Naruto: Ninja Council"
"Mortal Kombat: Shaolin Monks","6779","Mortal Kombat: Shaolin Monks","249240","45120","132","3","170","0","0","5.52","Mortal Kombat: Shaolin Monks"
"Dual Heroes","6780","Dual Heroes","249120","720","1468","1","6","0","0","346","Dual Heroes"
"FPV Event","6781","FPV Event","249000","7200","2322","1","16","0","0","34.58","FPV Event"
"Majesty","6782","Majesty","248880","31440","954","2","103","0","0","7.92","Majesty"
"Stack-Up","6783","Stack-Up","248820","540","2088","1","3","0","0","460.78","Stack-Up"
"Pathfinder Adventures","6784","Pathfinder Adventures","248760","114780","104","5","193","0","0","2.17","Pathfinder Adventures"
"X3: Terran Conflict","6785","X3: Terran Conflict","248580","103920","1699","3","101","0","0","2.39","X3: Terran Conflict"
"EpicDuel","6786","EpicDuel","248340","12480","207","2","27","0","0","19.9","EpicDuel"
"Dominion Online","6787","Dominion Online","248220","66060","72","3","116","0","0","3.76","Dominion Online"
"WWE 2K14","6788","WWE 2K14","248160","35280","184","3","55","0","0","7.03","WWE 2K14"
"Bear Simulator","6789","Bear Simulator","247980","9600","916","2","38","0","0","25.83","Bear Simulator"
"Elona - Eternal League of Nefia","6790","Elona - Eternal League of Nefia","247800","99840","28","3","115","0","0","2.48","Elona - Eternal League of Nefia"
"Way of the Passive Fist","6791","Way of the Passive Fist","247620","17040","845","4","88","0","0","14.53","Way of the Passive Fist"
"Silent Hunter V: Battle of the Atlantic","6792","Silent Hunter V: Battle of the Atlantic","247500","87600","413","3","180","0","0","2.83","Silent Hunter V: Battle of the Atlantic"
"Nobunaga no Yabou","6793","Nobunaga no Yabou","247380","2640","400","1","8","0","0","93.7","Nobunaga no Yabou"
"Gekido","6794","Gekido","247080","2040","1159","1","15","0","0","121.12","Gekido"
"Mortal Kombat: Armageddon","6795","Mortal Kombat: Armageddon","247020","17520","245","2","80","0","0","14.1","Mortal Kombat: Armageddon"
"Iron Sight","6796","Iron Sight","247020","81300","127","5","543","0","0","3.04","Iron Sight"
"Debris","6797","Debris","246840","26520","311","3","99","0","0","9.31","Debris"
"Street Fighter X Mega Man","6798","Street Fighter X Mega Man","246780","13500","1218","2","59","0","0","18.28","Street Fighter X Mega Man"
"Space Beast Terror Fright","6799","Space Beast Terror Fright","246720","36360","355","3","176","0","0","6.79","Space Beast Terror Fright"
"The Banner Saga Trilogy","6800","The Banner Saga Trilogy","246600","21300","789","7","58","0","0","11.58","The Banner Saga Trilogy"