"","","Game","Watch time","Stream time","Peak viewers","Peak channels","Streamers","Average viewers","Average channels","Average viewer ratio",""
"Rogue Legacy","1601","Rogue Legacy","6901080","610740","12768","9","3222","13","1","11.3","Rogue Legacy"
"Tower of Saviors","1602","Tower of Saviors","6896940","386280","939","9","314","13","0","17.85","Tower of Saviors"
"100% Orange Juice","1603","100% Orange Juice","6892800","746640","6526","13","3043","13","1","9.23","100% Orange Juice"
"Please, Don't Touch Anything 3D","1604","Please, Don't Touch Anything 3D","6890340","23340","14879","4","153","13","0","295.22","Please, Don't Touch Anything 3D"
"Counter-Strike: Source","1605","Counter-Strike: Source","6887400","1466100","55912","14","8610","13","2","4.7","Counter-Strike: Source"
"War of Genesis III","1606","War of Genesis III","6870840","30120","2960","2","32","13","0","228.12","War of Genesis III"
"Super Mario Bros.","1607","Super Mario Bros.","6855660","387300","6441","15","1145","13","0","17.7","Super Mario Bros."
"Dead or Alive 5 Last Round","1608","Dead or Alive 5 Last Round","6838560","1024080","5971","11","3342","13","1","6.68","Dead or Alive 5 Last Round"
"Planet Alpha","1609","Planet Alpha","6838320","71820","26662","18","332","13","0","95.21","Planet Alpha"
"Deadpool","1610","Deadpool","6836520","442560","8915","15","2359","13","0","15.45","Deadpool"
"Middle-earth: Shadow of Mordor","1611","Middle-earth: Shadow of Mordor","6835740","2078520","1031","19","8431","13","3","3.29","Middle-earth: Shadow of Mordor"
"TRAIN SIMULATOR 2018","1612","TRAIN SIMULATOR 2018","6830820","587700","370","13","1026","12","1","11.62","TRAIN SIMULATOR 2018"
"Dying Reborn","1613","Dying Reborn","6825780","57240","9524","4","283","12","0","119.25","Dying Reborn"
"Mysterium","1614","Mysterium","6824640","44220","7565","6","203","12","0","154.33","Mysterium"
"Friday the 13th: Killer Puzzle","1615","Friday the 13th: Killer Puzzle","6818220","218940","41537","23","1688","12","0","31.14","Friday the 13th: Killer Puzzle"
"Haxball","1616","Haxball","6817980","124260","25630","4","587","12","0","54.87","Haxball"
"Freestyle Street Basketball 2","1617","Freestyle Street Basketball 2","6812760","1005660","1621","11","1166","12","1","6.77","Freestyle Street Basketball 2"
"Light Fall","1618","Light Fall","6795540","83460","23899","13","268","12","0","81.42","Light Fall"
"The Slater","1619","The Slater","6792960","12660","12105","3","71","12","0","536.57","The Slater"
"Earth Defense Force 4.1: The Shadow of New Despair","1620","Earth Defense Force 4.1: The Shadow of New Despair","6774840","672780","1683","11","2149","12","1","10.07","Earth Defense Force 4.1: The Shadow of New Despair"
"Starlink: Battle for Atlas","1621","Starlink: Battle for Atlas","6767820","318000","7192","59","1071","12","0","21.28","Starlink: Battle for Atlas"
"Animorphs: Shattered Reality","1622","Animorphs: Shattered Reality","6757200","10260","108111","8","17","12","0","658.6","Animorphs: Shattered Reality"
"DISTRAINT","1623","DISTRAINT","6748320","147840","12385","8","868","12","0","45.65","DISTRAINT"
"Taiko no Tatsujin: Session de Dodon ga Don!","1624","Taiko no Tatsujin: Session de Dodon ga Don!","6735240","163860","4603","5","356","12","0","41.1","Taiko no Tatsujin: Session de Dodon ga Don!"
"Pokémon XD: Gale of Darkness","1625","Pokémon XD: Gale of Darkness","6708900","442680","1373","7","850","12","0","15.16","Pokémon XD: Gale of Darkness"
"I'm not a Monster","1626","I'm not a Monster","6707820","46080","6683","11","210","12","0","145.57","I'm not a Monster"
"Professor Layton vs. Phoenix Wright: Ace Attorney","1627","Professor Layton vs. Phoenix Wright: Ace Attorney","6696120","31020","7600","4","36","12","0","215.86","Professor Layton vs. Phoenix Wright: Ace Attorney"
"Quake","1628","Quake","6695340","512760","20194","7","1464","12","0","13.06","Quake"
"Bonk's Revenge","1629","Bonk's Revenge","6683940","10500","114452","10","26","12","0","636.57","Bonk's Revenge"
"Cataclysm: Dark Days Ahead","1630","Cataclysm: Dark Days Ahead","6682440","414180","1943","6","443","12","0","16.13","Cataclysm: Dark Days Ahead"
"Fable","1631","Fable","6678840","102900","8626","4","345","12","0","64.91","Fable"
"Splatterhouse","1632","Splatterhouse","6673380","33180","100797","11","123","12","0","201.13","Splatterhouse"
"Valkyria Chronicles","1633","Valkyria Chronicles","6668340","1078920","1325","15","2373","12","2","6.18","Valkyria Chronicles"
"Soul Blazer","1634","Soul Blazer","6648900","122220","18565","18","181","12","0","54.4","Soul Blazer"
"Stairs","1635","Stairs","6647100","28260","21804","4","144","12","0","235.21","Stairs"
"Stronghold 2","1636","Stronghold 2","6646920","71040","8420","4","319","12","0","93.57","Stronghold 2"
"Enlisted","1637","Enlisted","6624540","19620","36629","40","160","12","0","337.64","Enlisted"
"Crunchyroll Anime Awards","1638","Crunchyroll Anime Awards","6618300","28140","36412","55","116","12","0","235.19","Crunchyroll Anime Awards"
"Nidhogg","1639","Nidhogg","6603960","70500","24904","6","668","12","0","93.67","Nidhogg"
"My Lovely Daughter","1640","My Lovely Daughter","6597180","56280","28497","8","242","12","0","117.22","My Lovely Daughter"
"Senran Kagura: Peach Beach Splash","1641","Senran Kagura: Peach Beach Splash","6589680","298440","6031","34","1688","12","0","22.08","Senran Kagura: Peach Beach Splash"
"Sdorica -sunset-","1642","Sdorica -sunset-","6587100","258180","1338","11","445","12","0","25.51","Sdorica -sunset-"
"Girls und Panzer: Dream Tank Match","1643","Girls und Panzer: Dream Tank Match","6586080","102780","8827","19","204","12","0","64.08","Girls und Panzer: Dream Tank Match"
"Shoppe Keep","1644","Shoppe Keep","6585660","75120","33300","9","361","12","0","87.67","Shoppe Keep"
"SAW","1645","SAW","6582180","84180","6129","4","257","12","0","78.19","SAW"
"Sunset Overdrive","1646","Sunset Overdrive","6582120","589260","29226","43","3060","12","1","11.17","Sunset Overdrive"
"Job Simulator: The 2050 Archives","1647","Job Simulator: The 2050 Archives","6565320","166800","9133","4","1122","12","0","39.36","Job Simulator: The 2050 Archives"
"Bomber Crew","1648","Bomber Crew","6563580","323340","7077","13","1575","12","0","20.3","Bomber Crew"
"Live","1649","Live","6556860","885780","97813","13","1055","12","1","7.4","Live"
"Silent Hills","1650","Silent Hills","6533940","195900","35336","17","1195","12","0","33.35","Silent Hills"
"SNK HEROINES Tag Team Frenzy","1651","SNK HEROINES Tag Team Frenzy","6531300","67980","10396","21","333","12","0","96.08","SNK HEROINES Tag Team Frenzy"
"Detective Pikachu","1652","Detective Pikachu","6521760","120060","2262","21","306","12","0","54.32","Detective Pikachu"
"Teenage Mutant Ninja Turtles","1653","Teenage Mutant Ninja Turtles","6517140","141960","120663","8","358","12","0","45.91","Teenage Mutant Ninja Turtles"
"Ratchet & Clank Future: A Crack in Time","1654","Ratchet & Clank Future: A Crack in Time","6508920","59820","45447","6","108","12","0","108.81","Ratchet & Clank Future: A Crack in Time"
"Metal Slug 3","1655","Metal Slug 3","6506940","253080","7992","8","2124","12","0","25.71","Metal Slug 3"
"Penumbra: Overture","1656","Penumbra: Overture","6499620","230820","99229","10","1029","12","0","28.16","Penumbra: Overture"
"Shantae: Half-Genie Hero","1657","Shantae: Half-Genie Hero","6489960","490020","4517","11","1514","12","0","13.24","Shantae: Half-Genie Hero"
"Mega Man 5","1658","Mega Man 5","6475320","143220","42743","9","353","12","0","45.21","Mega Man 5"
"Devil May Cry 3: Dante's Awakening","1659","Devil May Cry 3: Dante's Awakening","6472140","63780","15873","4","258","12","0","101.48","Devil May Cry 3: Dante's Awakening"
"Runner3","1660","Runner3","6462000","87120","14827","16","351","12","0","74.17","Runner3"
"Ascendant One","1661","Ascendant One","6456840","184800","10301","24","244","12","0","34.94","Ascendant One"
"Them's Fightin' Herds","1662","Them's Fightin' Herds","6442680","333180","29685","45","974","12","0","19.34","Them's Fightin' Herds"
"Kid Icarus","1663","Kid Icarus","6436260","33540","101107","8","112","12","0","191.9","Kid Icarus"
"Hitman 2: Silent Assassin","1664","Hitman 2: Silent Assassin","6429120","160140","3333","6","519","12","0","40.15","Hitman 2: Silent Assassin"
"Shadow Warrior 2","1665","Shadow Warrior 2","6421560","859260","5337","60","3922","12","1","7.47","Shadow Warrior 2"
"Just Dance","1666","Just Dance","6414240","61200","15351","4","388","12","0","104.81","Just Dance"
"Skate 3","1667","Skate 3","6397380","1119480","4949","14","7249","12","2","5.71","Skate 3"
"Guerrilla War","1668","Guerrilla War","6396420","3240","107786","8","20","12","0","1974.2","Guerrilla War"
"INSOMNIA: The Ark","1669","INSOMNIA: The Ark","6388860","115020","13554","34","276","12","0","55.55","INSOMNIA: The Ark"
"Red Faction: Guerrilla","1670","Red Faction: Guerrilla","6379740","328980","26449","28","1582","12","0","19.39","Red Faction: Guerrilla"
"Pavlov VR","1671","Pavlov VR","6378660","791520","8506","15","4005","12","1","8.06","Pavlov VR"
"Wonder Boy: The Dragon's Trap","1672","Wonder Boy: The Dragon's Trap","6375600","172080","101560","7","764","12","0","37.05","Wonder Boy: The Dragon's Trap"
"Krosmaga","1673","Krosmaga","6375240","406620","1641","6","528","12","0","15.68","Krosmaga"
"LEGO Harry Potter: Years 1-4","1674","LEGO Harry Potter: Years 1-4","6370920","394140","6655","9","1420","12","0","16.16","LEGO Harry Potter: Years 1-4"
"Trine 2","1675","Trine 2","6366540","367980","22915","9","1598","12","0","17.3","Trine 2"
"Soul Worker Online","1676","Soul Worker Online","6356940","808620","7443","36","2037","12","1","7.86","Soul Worker Online"
"Peggle 2","1677","Peggle 2","6350160","83520","55492","4","465","12","0","76.03","Peggle 2"
"Past Cure","1678","Past Cure","6346440","92340","10382","15","454","12","0","68.73","Past Cure"
"Pokémon Snap","1679","Pokémon Snap","6342660","200520","25956","6","749","12","0","31.63","Pokémon Snap"
"Rapid Reload","1680","Rapid Reload","6334440","2340","88656","12","19","12","0","2707.03","Rapid Reload"
"Evolve","1681","Evolve","6327180","812460","25140","13","2993","12","1","7.79","Evolve"
"Distance","1682","Distance","6322800","264360","18884","17","1075","12","0","23.92","Distance"
"Youropa","1683","Youropa","6318120","16500","34400","8","91","12","0","382.92","Youropa"
"Blaster Master Zero","1684","Blaster Master Zero","6311100","41400","119044","9","119","12","0","152.44","Blaster Master Zero"
"Garden Paws","1685","Garden Paws","6300540","123360","29767","15","333","11","0","51.07","Garden Paws"
"Nippon Marathon","1686","Nippon Marathon","6297120","29100","10949","4","177","11","0","216.4","Nippon Marathon"
"Fable: The Lost Chapters","1687","Fable: The Lost Chapters","6296580","330540","10076","7","991","11","0","19.05","Fable: The Lost Chapters"
"Inked","1688","Inked","6283980","19260","20480","8","71","11","0","326.27","Inked"
"Dragon Quest Builders","1689","Dragon Quest Builders","6261420","891720","2177","25","1787","11","1","7.02","Dragon Quest Builders"
"RiME","1690","RiME","6256260","1277940","2830","61","6781","11","2","4.9","RiME"
"Wakfu","1691","Wakfu","6248160","821040","2658","20","1303","11","1","7.61","Wakfu"
"Onrush","1692","Onrush","6240780","345180","7002","21","6986","11","0","18.08","Onrush"
"Tetris The Grand Master 3: Terror Instinct","1693","Tetris The Grand Master 3: Terror Instinct","6238560","68520","16344","5","100","11","0","91.05","Tetris The Grand Master 3: Terror Instinct"
"Skullgirls","1694","Skullgirls","6234660","669480","24356","10","2837","11","1","9.31","Skullgirls"
"Yoku's Island Express","1695","Yoku's Island Express","6215460","149340","20949","8","543","11","0","41.62","Yoku's Island Express"
"Dungeons & Dragons Online","1696","Dungeons & Dragons Online","6204120","1292520","4186","12","1231","11","2","4.8","Dungeons & Dragons Online"
"The Free Ones","1697","The Free Ones","6192120","48240","11146","7","248","11","0","128.36","The Free Ones"
"Disney's Toy Story","1698","Disney's Toy Story","6191520","26580","101033","6","84","11","0","232.94","Disney's Toy Story"
"Color-Changing: Tingle's Balloon Trip of Love","1699","Color-Changing: Tingle's Balloon Trip of Love","6184080","28500","5307","2","27","11","0","216.99","Color-Changing: Tingle's Balloon Trip of Love"
"Mystery Fun House","1700","Mystery Fun House","6171120","240840","4924","13","181","11","0","25.62","Mystery Fun House"