"","","Game","Watch time","Stream time","Peak viewers","Peak channels","Streamers","Average viewers","Average channels","Average viewer ratio",""
"Close Your Eyes","2601","Close Your Eyes","2692500","28320","17815","5","211","5","0","95.07","Close Your Eyes"
"RPG Maker XP","2602","RPG Maker XP","2688420","82860","860","3","211","5","0","32.45","RPG Maker XP"
"Star Wars: Battlefront II","2603","Star Wars: Battlefront II","2685720","468600","5459","31","2852","5","0","5.73","Star Wars: Battlefront II"
"Monster Hunter 3 Ultimate","2604","Monster Hunter 3 Ultimate","2683440","270060","574","11","369","5","0","9.94","Monster Hunter 3 Ultimate"
"Zenith","2605","Zenith","2678940","12180","4873","2","51","5","0","219.95","Zenith"
"Muv-Luv Alternative","2606","Muv-Luv Alternative","2677020","20520","3091","2","19","5","0","130.46","Muv-Luv Alternative"
"Sprint Vector","2607","Sprint Vector","2673900","123420","2075","10","555","5","0","21.67","Sprint Vector"
"Wild West Online","2608","Wild West Online","2672460","236940","3215","50","617","5","0","11.28","Wild West Online"
"Suikoden II","2609","Suikoden II","2672280","308940","818","5","243","5","0","8.65","Suikoden II"
"Rock Band 3","2610","Rock Band 3","2672040","269580","979","5","340","5","0","9.91","Rock Band 3"
"Counter-Strike Nexon: Zombies","2611","Counter-Strike Nexon: Zombies","2670240","62400","7451","3","315","5","0","42.79","Counter-Strike Nexon: Zombies"
"Kirby & The Amazing Mirror","2612","Kirby & The Amazing Mirror","2670120","118620","18468","6","323","5","0","22.51","Kirby & The Amazing Mirror"
"Evil Genius","2613","Evil Genius","2669340","72180","12826","3","213","5","0","36.98","Evil Genius"
"Train Sim World: CSX Heavy Haul","2614","Train Sim World: CSX Heavy Haul","2668020","173040","3778","9","543","5","0","15.42","Train Sim World: CSX Heavy Haul"
"Just Dance Now","2615","Just Dance Now","2665500","64920","2942","4","303","5","0","41.06","Just Dance Now"
"Dragon Ball Z: Budokai 3","2616","Dragon Ball Z: Budokai 3","2663640","73800","9824","4","321","5","0","36.09","Dragon Ball Z: Budokai 3"
"Evoland 2: A Slight Case of Spacetime Continuum Disorder","2617","Evoland 2: A Slight Case of Spacetime Continuum Disorder","2661660","334980","548","6","706","5","0","7.95","Evoland 2: A Slight Case of Spacetime Continuum Disorder"
"One Finger Death Punch","2618","One Finger Death Punch","2660520","285240","12115","5","1360","5","0","9.33","One Finger Death Punch"
"Mega Man X Collection","2619","Mega Man X Collection","2660100","222900","8694","44","712","5","0","11.93","Mega Man X Collection"
"RollerCoaster Tycoon","2620","RollerCoaster Tycoon","2659380","157860","1338","5","803","5","0","16.85","RollerCoaster Tycoon"
"Apocalipsis: Harry at the End of the World","2621","Apocalipsis: Harry at the End of the World","2656140","10200","10712","3","57","5","0","260.41","Apocalipsis: Harry at the End of the World"
"Just Dance 2016","2622","Just Dance 2016","2654580","44700","12766","2","227","5","0","59.39","Just Dance 2016"
"Dust: An Elysian Tail","2623","Dust: An Elysian Tail","2649240","386220","11632","6","1292","5","0","6.86","Dust: An Elysian Tail"
"Mining Rail","2624","Mining Rail","2648460","1620","29735","5","15","5","0","1634.85","Mining Rail"
"Shin Megami Tensei: Digital Devil Saga 2","2625","Shin Megami Tensei: Digital Devil Saga 2","2647860","75060","3667","3","69","5","0","35.28","Shin Megami Tensei: Digital Devil Saga 2"
"Fantasy Life","2626","Fantasy Life","2644920","26100","3192","2","68","5","0","101.34","Fantasy Life"
"TowerFall","2627","TowerFall","2643420","120180","3165","4","487","5","0","22","TowerFall"
"1, 2, Switch","2628","1, 2, Switch","2640960","12720","5707","2","97","5","0","207.62","1, 2, Switch"
"Street Fighter II Turbo: Hyper Fighting","2629","Street Fighter II Turbo: Hyper Fighting","2637720","45480","5564","3","238","5","0","58","Street Fighter II Turbo: Hyper Fighting"
"Mini Battlegrounds","2630","Mini Battlegrounds","2635380","33660","33264","5","180","5","0","78.29","Mini Battlegrounds"
"Temtem","2631","Temtem","2634720","152220","3774","142","560","5","0","17.31","Temtem"
"Sonic Unleashed","2632","Sonic Unleashed","2633280","203220","2719","6","444","5","0","12.96","Sonic Unleashed"
"Until Dawn: Rush of Blood","2633","Until Dawn: Rush of Blood","2632920","44340","13004","3","1908","5","0","59.38","Until Dawn: Rush of Blood"
"Phantom Halls","2634","Phantom Halls","2630040","3780","21865","1","18","5","0","695.78","Phantom Halls"
"Squids from Space","2635","Squids from Space","2625720","128040","2679","16","452","4","0","20.51","Squids from Space"
"The Lion King","2636","The Lion King","2617740","72060","5804","7","353","4","0","36.33","The Lion King"
"Worbital","2637","Worbital","2617680","10260","26069","5","58","4","0","255.13","Worbital"
"Bladed Fury","2638","Bladed Fury","2617140","37500","5704","14","221","4","0","69.79","Bladed Fury"
"Megadimension Neptunia VII","2639","Megadimension Neptunia VII","2616240","398220","748","7","811","4","0","6.57","Megadimension Neptunia VII"
"Ultra Street Fighter II: The Final Challengers","2640","Ultra Street Fighter II: The Final Challengers","2613720","65580","7241","3","175","4","0","39.86","Ultra Street Fighter II: The Final Challengers"
"Tap Titans 2","2641","Tap Titans 2","2604900","145560","807","3","198","4","0","17.9","Tap Titans 2"
"Brave Fencer Musashi","2642","Brave Fencer Musashi","2604540","118560","1315","5","165","4","0","21.97","Brave Fencer Musashi"
"Dead Realm","2643","Dead Realm","2602080","21420","15856","9","171","4","0","121.48","Dead Realm"
"Double Dragon II: The Revenge","2644","Double Dragon II: The Revenge","2599440","25200","96624","8","100","4","0","103.15","Double Dragon II: The Revenge"
"Brown Dust","2645","Brown Dust","2599020","73500","254","6","75","4","0","35.36","Brown Dust"
"NES Open Tournament Golf","2646","NES Open Tournament Golf","2598540","29100","2590","2","61","4","0","89.3","NES Open Tournament Golf"
"LOL","2647","LOL","2598240","630360","9742","12","2378","4","1","4.12","LOL"
"Sonic Adventure 2","2648","Sonic Adventure 2","2597460","242520","3943","6","1702","4","0","10.71","Sonic Adventure 2"
"Fistful of Frags","2649","Fistful of Frags","2593740","205920","2106","5","1352","4","0","12.6","Fistful of Frags"
"Need for Speed: The Run","2650","Need for Speed: The Run","2589660","212640","564","5","642","4","0","12.18","Need for Speed: The Run"
"Gray Dawn","2651","Gray Dawn","2589060","55080","2546","6","263","4","0","47.01","Gray Dawn"
"The Last Remnant","2652","The Last Remnant","2587020","387960","859","10","642","4","0","6.67","The Last Remnant"
"Demon's Crest","2653","Demon's Crest","2584200","61980","16881","9","178","4","0","41.69","Demon's Crest"
"Atelier Sophie: The Alchemist of the Mysterious Book","2654","Atelier Sophie: The Alchemist of the Mysterious Book","2584080","267480","5662","5","540","4","0","9.66","Atelier Sophie: The Alchemist of the Mysterious Book"
"Bud Spencer & Terence Hill: Slaps and Beans","2655","Bud Spencer & Terence Hill: Slaps and Beans","2580660","61380","5268","7","389","4","0","42.04","Bud Spencer & Terence Hill: Slaps and Beans"
"Street Fighter X Tekken","2656","Street Fighter X Tekken","2580540","42000","8229","3","187","4","0","61.44","Street Fighter X Tekken"
"Climbey","2657","Climbey","2579580","45840","8382","4","246","4","0","56.27","Climbey"
"Space Rangers HD: A War Apart","2658","Space Rangers HD: A War Apart","2576640","187920","3908","5","368","4","0","13.71","Space Rangers HD: A War Apart"
"Overload","2659","Overload","2574240","171780","25596","11","418","4","0","14.99","Overload"
"Firewall Zero Hour","2660","Firewall Zero Hour","2572440","481380","2063","18","2494","4","0","5.34","Firewall Zero Hour"
"Groove Coaster","2661","Groove Coaster","2570220","131100","3703","30","646","4","0","19.61","Groove Coaster"
"Pokémon Super Mystery Dungeon","2662","Pokémon Super Mystery Dungeon","2569860","80340","3920","3","111","4","0","31.99","Pokémon Super Mystery Dungeon"
"Space Channel 5","2663","Space Channel 5","2568600","12960","5953","2","86","4","0","198.19","Space Channel 5"
"Spooks","2664","Spooks","2568600","3840","9037","3","27","4","0","668.91","Spooks"
"20XX","2665","20XX","2567340","500940","859","16","1909","4","0","5.13","20XX"
"Hyperdimension Neptunia Re;Birth1","2666","Hyperdimension Neptunia Re;Birth1","2566740","495180","1441","9","1218","4","0","5.18","Hyperdimension Neptunia Re;Birth1"
"S.K.I.L.L.: Special Force 2","2667","S.K.I.L.L.: Special Force 2","2565540","432900","4627","12","1023","4","0","5.93","S.K.I.L.L.: Special Force 2"
"Hatoful Boyfriend","2668","Hatoful Boyfriend","2563620","269520","1545","28","1652","4","0","9.51","Hatoful Boyfriend"
"Tacoma","2669","Tacoma","2560740","163200","4167","9","972","4","0","15.69","Tacoma"
"The Initiate","2670","The Initiate","2557440","35220","21271","5","104","4","0","72.61","The Initiate"
"Dragon Spear","2671","Dragon Spear","2551380","26880","7758","4","79","4","0","94.92","Dragon Spear"
"Space Hulk: Tactics","2672","Space Hulk: Tactics","2549520","69900","3748","19","210","4","0","36.47","Space Hulk: Tactics"
"IOSoccer","2673","IOSoccer","2545740","57240","6418","3","145","4","0","44.47","IOSoccer"
"Unreal","2674","Unreal","2542260","134400","3752","7","394","4","0","18.92","Unreal"
"Phantasy Star Online: Blue Burst","2675","Phantasy Star Online: Blue Burst","2540160","364740","1144","7","548","4","0","6.96","Phantasy Star Online: Blue Burst"
"A Hole New World","2676","A Hole New World","2540100","5220","9178","6","21","4","0","486.61","A Hole New World"
"Dawn of Discovery","2677","Dawn of Discovery","2536200","127800","3559","5","360","4","0","19.85","Dawn of Discovery"
"Day of Infamy","2678","Day of Infamy","2536140","483840","1809","21","2438","4","0","5.24","Day of Infamy"
"Star Wars: Republic Commando","2679","Star Wars: Republic Commando","2535660","211080","1614","12","1364","4","0","12.01","Star Wars: Republic Commando"
"Mega Man X5","2680","Mega Man X5","2533800","166800","2713","5","570","4","0","15.19","Mega Man X5"
"Onimusha 2: Samurai's Destiny","2681","Onimusha 2: Samurai's Destiny","2530260","70020","2777","3","141","4","0","36.14","Onimusha 2: Samurai's Destiny"
"Construction Simulator 2015","2682","Construction Simulator 2015","2528700","246780","1427","8","729","4","0","10.25","Construction Simulator 2015"
"Medieval Engineers","2683","Medieval Engineers","2526480","346620","2562","7","648","4","0","7.29","Medieval Engineers"
"Helldivers","2684","Helldivers","2524920","459540","2684","18","2449","4","0","5.49","Helldivers"
"Fez","2685","Fez","2520300","268140","2585","7","1303","4","0","9.4","Fez"
"Braid","2686","Braid","2518980","111000","5168","3","472","4","0","22.69","Braid"
"My Memory of Us","2687","My Memory of Us","2518200","51960","3986","14","210","4","0","48.46","My Memory of Us"
"The X-Files Game","2688","The X-Files Game","2518020","10500","2410","2","39","4","0","239.81","The X-Files Game"
"Counter-Strike: Condition Zero","2689","Counter-Strike: Condition Zero","2516400","143340","15731","4","866","4","0","17.56","Counter-Strike: Condition Zero"
"Monster Strike","2690","Monster Strike","2513760","173100","1268","5","186","4","0","14.52","Monster Strike"
"Adventure Time: Pirates of the Enchiridion","2691","Adventure Time: Pirates of the Enchiridion","2512500","85080","15043","14","376","4","0","29.53","Adventure Time: Pirates of the Enchiridion"
"Devil Daggers","2692","Devil Daggers","2511360","449460","5291","7","1171","4","0","5.59","Devil Daggers"
"The Legend of Heroes: Trails in the Sky SC","2693","The Legend of Heroes: Trails in the Sky SC","2511180","327840","5026","5","189","4","0","7.66","The Legend of Heroes: Trails in the Sky SC"
"Karaoke Party","2694","Karaoke Party","2508600","40380","872","3","203","4","0","62.12","Karaoke Party"
"Splash Blast Panic","2695","Splash Blast Panic","2506860","1080","15997","1","7","4","0","2321.17","Splash Blast Panic"
"The Lord of the Rings: The Battle for Middle-earth II - The Rise of the Witch-King","2696","The Lord of the Rings: The Battle for Middle-earth II - The Rise of the Witch-King","2502840","230400","578","5","323","4","0","10.86","The Lord of the Rings: The Battle for Middle-earth II - The Rise of the Witch-King"
"Kingdom Hearts Union χ[Cross]","2697","Kingdom Hearts Union χ[Cross]","2500500","289140","3649","6","530","4","0","8.65","Kingdom Hearts Union χ[Cross]"
"Demolish & Build 2017","2698","Demolish & Build 2017","2500380","45540","5928","10","178","4","0","54.91","Demolish & Build 2017"
"Halloween","2699","Halloween","2491560","37920","7183","23","202","4","0","65.71","Halloween"
"Warhammer 40,000: Dawn of War III","2700","Warhammer 40,000: Dawn of War III","2490000","315300","2419","8","853","4","0","7.9","Warhammer 40,000: Dawn of War III"