"","","Game","Watch time","Stream time","Peak viewers","Peak channels","Streamers","Average viewers","Average channels","Average viewer ratio",""
"Wild Downtown","13701","Wild Downtown","21660","120","361","1","2","0","0","180.5","Wild Downtown"
"Mahjong 64","13702","Mahjong 64","21660","1320","31","1","2","0","0","16.41","Mahjong 64"
"Evergarden","13703","Evergarden","21660","2640","243","1","11","0","0","8.2","Evergarden"
"Cosmic Race","13704","Cosmic Race","21660","300","210","2","3","0","0","72.2","Cosmic Race"
"Densha De D: Burning Stage","13705","Densha De D: Burning Stage","21600","1800","72","1","8","0","0","12","Densha De D: Burning Stage"
"Heaven's Hope","13706","Heaven's Hope","21600","4920","24","1","6","0","0","4.39","Heaven's Hope"
"Test Drive 2001","13707","Test Drive 2001","21600","25380","32","2","123","0","0","0.85","Test Drive 2001"
"AaaaaAAaaaAAAaaAAAAaAAAAA!!! for the Awesome","13708","AaaaaAAaaaAAAaaAAAAaAAAAA!!! for the Awesome","21600","15240","107","2","47","0","0","1.42","AaaaaAAaaaAAAaaAAAAaAAAAA!!! for the Awesome"
"Navy Field","13709","Navy Field","21600","10680","35","2","31","0","0","2.02","Navy Field"
"Burger Island","13710","Burger Island","21600","3180","35","1","4","0","0","6.79","Burger Island"
"Ninja Princess","13711","Ninja Princess","21600","660","341","1","4","0","0","32.73","Ninja Princess"
"FIFA Soccer Manager","13712","FIFA Soccer Manager","21600","2220","121","2","3","0","0","9.73","FIFA Soccer Manager"
"Funny Faces","13713","Funny Faces","21600","1080","146","1","10","0","0","20","Funny Faces"
"Home Sheep Home 2","13714","Home Sheep Home 2","21600","1620","200","1","5","0","0","13.33","Home Sheep Home 2"
"Shoujo Kageki Revue Starlight -Re LIVE-","13715","Shoujo Kageki Revue Starlight -Re LIVE-","21600","7860","42","2","16","0","0","2.75","Shoujo Kageki Revue Starlight -Re LIVE-"
"Crystal's Pony Tale","13716","Crystal's Pony Tale","21540","1680","176","3","12","0","0","12.82","Crystal's Pony Tale"
"Hospital Tycoon","13717","Hospital Tycoon","21540","6240","30","2","40","0","0","3.45","Hospital Tycoon"
"Illusion","13718","Illusion","21540","3600","91","2","17","0","0","5.98","Illusion"
"Star Wars Math: Jabba's Game Galaxy","13719","Star Wars Math: Jabba's Game Galaxy","21540","120","207","1","1","0","0","179.5","Star Wars Math: Jabba's Game Galaxy"
"123 Animal Math Games For Kids","13720","123 Animal Math Games For Kids","21540","26040","8","2","15","0","0","0.83","123 Animal Math Games For Kids"
"Anacreon: Reconstruction 4021","13721","Anacreon: Reconstruction 4021","21540","1080","65","1","1","0","0","19.94","Anacreon: Reconstruction 4021"
"Bottle","13722","Bottle","21540","1260","160","1","10","0","0","17.1","Bottle"
"The Elder Scrolls VI","13723","The Elder Scrolls VI","21540","840","124","1","3","0","0","25.64","The Elder Scrolls VI"
"The New Adventures of Mary-Kate & Ashley","13724","The New Adventures of Mary-Kate & Ashley","21480","600","143","1","3","0","0","35.8","The New Adventures of Mary-Kate & Ashley"
"Guardians of the Galaxy","13725","Guardians of the Galaxy","21480","4920","63","2","25","0","0","4.37","Guardians of the Galaxy"
"Armored Kitten","13726","Armored Kitten","21480","3840","209","1","21","0","0","5.59","Armored Kitten"
"Looney Tunes World of Mayhem","13727","Looney Tunes World of Mayhem","21480","5700","29","2","33","0","0","3.77","Looney Tunes World of Mayhem"
"OTOMEQUEST","13728","OTOMEQUEST","21480","3660","22","1","3","0","0","5.87","OTOMEQUEST"
"Exiled Kingdoms","13729","Exiled Kingdoms","21480","14460","38","2","30","0","0","1.49","Exiled Kingdoms"
"On Rusty Trails","13730","On Rusty Trails","21480","4140","40","1","21","0","0","5.19","On Rusty Trails"
"Millipede","13731","Millipede","21480","2100","82","1","7","0","0","10.23","Millipede"
"Tachyon: The Fringe","13732","Tachyon: The Fringe","21420","1980","95","1","9","0","0","10.82","Tachyon: The Fringe"
"Gun.Smoke","13733","Gun.Smoke","21420","8340","155","2","23","0","0","2.57","Gun.Smoke"
"F.E.A.R. 2: Reborn","13734","F.E.A.R. 2: Reborn","21420","9420","39","2","59","0","0","2.27","F.E.A.R. 2: Reborn"
"Digital Combat Simulator: A-10C Warthog","13735","Digital Combat Simulator: A-10C Warthog","21420","22800","20","2","72","0","0","0.94","Digital Combat Simulator: A-10C Warthog"
"Tetrisphere","13736","Tetrisphere","21420","7680","47","2","34","0","0","2.79","Tetrisphere"
"Crash: Mind Over Mutant","13737","Crash: Mind Over Mutant","21420","6600","28","1","21","0","0","3.25","Crash: Mind Over Mutant"
"How to Train Your Dragon","13738","How to Train Your Dragon","21420","6840","28","1","9","0","0","3.13","How to Train Your Dragon"
"Caesar","13739","Caesar","21420","2820","84","1","6","0","0","7.6","Caesar"
"Why Am I Dead At Sea","13740","Why Am I Dead At Sea","21420","6000","29","1","26","0","0","3.57","Why Am I Dead At Sea"
"Dirt Rally 2.0","13741","Dirt Rally 2.0","21420","1920","251","1","12","0","0","11.16","Dirt Rally 2.0"
"Beer!","13742","Beer!","21360","13920","24","2","29","0","0","1.53","Beer!"
"Microcosmum: Survival of Cells","13743","Microcosmum: Survival of Cells","21360","3480","37","1","17","0","0","6.14","Microcosmum: Survival of Cells"
"RAID","13744","RAID","21360","8220","73","2","60","0","0","2.6","RAID"
"Undermine","13745","Undermine","21360","5700","20","2","16","0","0","3.75","Undermine"
"ATCsimulator","13746","ATCsimulator","21300","3420","102","1","8","0","0","6.23","ATCsimulator"
"Shadowgate 64: The Trials of the Four Towers","13747","Shadowgate 64: The Trials of the Four Towers","21300","7200","94","2","12","0","0","2.96","Shadowgate 64: The Trials of the Four Towers"
"My Little Pony: Twilight Sparkle, Teacher for a Day","13748","My Little Pony: Twilight Sparkle, Teacher for a Day","21300","6240","9","1","5","0","0","3.41","My Little Pony: Twilight Sparkle, Teacher for a Day"
"Youyou Kengeki Musou","13749","Youyou Kengeki Musou","21300","3300","282","1","11","0","0","6.45","Youyou Kengeki Musou"
"Pile of Cards","13750","Pile of Cards","21300","1980","163","1","7","0","0","10.76","Pile of Cards"
"A Mortician's Tale","13751","A Mortician's Tale","21300","4680","27","1","38","0","0","4.55","A Mortician's Tale"
"Cabela's Big Game Hunter 2004","13752","Cabela's Big Game Hunter 2004","21300","120","185","1","1","0","0","177.5","Cabela's Big Game Hunter 2004"
"Yeah Jam Fury: U, Me, Everybody!","13753","Yeah Jam Fury: U, Me, Everybody!","21240","3600","128","1","6","0","0","5.9","Yeah Jam Fury: U, Me, Everybody!"
"Gear.Club Unlimited","13754","Gear.Club Unlimited","21240","1920","122","1","12","0","0","11.06","Gear.Club Unlimited"
"Transports","13755","Transports","21240","4020","87","1","13","0","0","5.28","Transports"
"Grim Tales: Bloody Mary","13756","Grim Tales: Bloody Mary","21240","3300","47","1","13","0","0","6.44","Grim Tales: Bloody Mary"
"Mario Hoops 3 on 3","13757","Mario Hoops 3 on 3","21240","2340","111","2","15","0","0","9.08","Mario Hoops 3 on 3"
"Final Fantasy Dimensions","13758","Final Fantasy Dimensions","21240","9600","52","1","11","0","0","2.21","Final Fantasy Dimensions"
"Contra: Legacy of War","13759","Contra: Legacy of War","21240","720","83","1","5","0","0","29.5","Contra: Legacy of War"
"REFLEC BEAT plus","13760","REFLEC BEAT plus","21240","4860","20","2","13","0","0","4.37","REFLEC BEAT plus"
"Shin Megami Tensei: Devil Survivor","13761","Shin Megami Tensei: Devil Survivor","21240","9240","12","2","15","0","0","2.3","Shin Megami Tensei: Devil Survivor"
"Escape From Bug Island","13762","Escape From Bug Island","21240","3600","22","1","7","0","0","5.9","Escape From Bug Island"
"Super Fantasy Zone","13763","Super Fantasy Zone","21240","3120","93","1","10","0","0","6.81","Super Fantasy Zone"
"Boggle","13764","Boggle","21240","3360","38","1","26","0","0","6.32","Boggle"
"Claws of Furry","13765","Claws of Furry","21240","5220","42","2","29","0","0","4.07","Claws of Furry"
"Street Fighter EX Plus","13766","Street Fighter EX Plus","21180","540","292","1","5","0","0","39.22","Street Fighter EX Plus"
"Fausseté Amour","13767","Fausseté Amour","21180","240","163","1","1","0","0","88.25","Fausseté Amour"
"Yo' Bro","13768","Yo' Bro","21180","3840","178","2","12","0","0","5.52","Yo' Bro"
"8 Eyes","13769","8 Eyes","21180","2160","163","2","10","0","0","9.81","8 Eyes"
"Avadon: The Black Fortress","13770","Avadon: The Black Fortress","21180","8880","12","1","13","0","0","2.39","Avadon: The Black Fortress"
"The Impossible Quiz 2","13771","The Impossible Quiz 2","21180","900","201","1","10","0","0","23.53","The Impossible Quiz 2"
"TRON RUN/r","13772","TRON RUN/r","21180","10500","19","2","49","0","0","2.02","TRON RUN/r"
"Aqua Moto Racing Utopia","13773","Aqua Moto Racing Utopia","21180","6960","70","2","27","0","0","3.04","Aqua Moto Racing Utopia"
"Disney's Extremely Goofy Skateboarding","13774","Disney's Extremely Goofy Skateboarding","21180","11220","21","2","16","0","0","1.89","Disney's Extremely Goofy Skateboarding"
"Marble Mayhem: Fragile Ball","13775","Marble Mayhem: Fragile Ball","21180","1080","75","1","8","0","0","19.61","Marble Mayhem: Fragile Ball"
"Ghosts of Miami","13776","Ghosts of Miami","21120","1920","32","1","6","0","0","11","Ghosts of Miami"
"Tower of Babel","13777","Tower of Babel","21120","360","389","1","4","0","0","58.67","Tower of Babel"
"Osomatsu-kun: Hachamecha Gekijō","13778","Osomatsu-kun: Hachamecha Gekijō","21120","300","200","1","3","0","0","70.4","Osomatsu-kun: Hachamecha Gekijō"
"Jurassic Heart","13779","Jurassic Heart","21120","1140","94","2","7","0","0","18.53","Jurassic Heart"
"Final Fight CD","13780","Final Fight CD","21120","3060","61","1","17","0","0","6.9","Final Fight CD"
"Tenchu Z","13781","Tenchu Z","21120","10080","20","1","27","0","0","2.1","Tenchu Z"
"Doshin the Giant","13782","Doshin the Giant","21120","3960","66","1","23","0","0","5.33","Doshin the Giant"
"Lighthouse: The Dark Being","13783","Lighthouse: The Dark Being","21120","3840","89","1","14","0","0","5.5","Lighthouse: The Dark Being"
"Joust","13784","Joust","21120","8220","59","2","30","0","0","2.57","Joust"
"Bust-A-Move 2","13785","Bust-A-Move 2","21120","1080","150","1","11","0","0","19.56","Bust-A-Move 2"
"Cargo! The Quest for Gravity","13786","Cargo! The Quest for Gravity","21060","2820","53","1","12","0","0","7.47","Cargo! The Quest for Gravity"
"Sword of Vermilion","13787","Sword of Vermilion","21060","5640","21","2","15","0","0","3.73","Sword of Vermilion"
"Blues Brothers 2000","13788","Blues Brothers 2000","21060","3360","251","1","11","0","0","6.27","Blues Brothers 2000"
"Troll's Tale","13789","Troll's Tale","21060","2820","18","1","4","0","0","7.47","Troll's Tale"
"Fireplace","13790","Fireplace","21060","5100","222","1","22","0","0","4.13","Fireplace"
"Shadow Fight 2","13791","Shadow Fight 2","21060","31620","19","2","135","0","0","0.67","Shadow Fight 2"
"Imperium","13792","Imperium","21060","6780","99","1","40","0","0","3.11","Imperium"
"Zool: Majū Tsukai Densetsu","13793","Zool: Majū Tsukai Densetsu","21060","240","347","1","2","0","0","87.75","Zool: Majū Tsukai Densetsu"
"RUSH","13794","RUSH","21060","10860","16","1","60","0","0","1.94","RUSH"
"Kate's Test","13795","Kate's Test","21060","1560","101","1","8","0","0","13.5","Kate's Test"
"The Forbidden Arts","13796","The Forbidden Arts","21060","5400","85","2","30","0","0","3.9","The Forbidden Arts"
"Landlord Simulator","13797","Landlord Simulator","21060","840","344","1","2","0","0","25.07","Landlord Simulator"
"Dead Man's Journey","13798","Dead Man's Journey","21060","420","354","1","6","0","0","50.14","Dead Man's Journey"
"One Night Stand","13799","One Night Stand","21000","3660","92","1","27","0","0","5.74","One Night Stand"
"Voltage","13800","Voltage","21000","7440","8","1","4","0","0","2.82","Voltage"