"","","Game","Watch time","Stream time","Peak viewers","Peak channels","Streamers","Average viewers","Average channels","Average viewer ratio",""
"Kemono Friends Jump","10401","Kemono Friends Jump","61380","4440","286","1","13","0","0","13.82","Kemono Friends Jump"
"Pandora: First Contact","10402","Pandora: First Contact","61320","3540","511","2","6","0","0","17.32","Pandora: First Contact"
"Simon the Sorcerer","10403","Simon the Sorcerer","61320","11220","66","2","40","0","0","5.47","Simon the Sorcerer"
"Mind: Path to Thalamus","10404","Mind: Path to Thalamus","61260","6360","255","1","36","0","0","9.63","Mind: Path to Thalamus"
"Shrek Smash N' Crash Racing","10405","Shrek Smash N' Crash Racing","61260","3540","480","1","24","0","0","17.31","Shrek Smash N' Crash Racing"
"Beyblade","10406","Beyblade","61260","6000","172","1","47","0","0","10.21","Beyblade"
"Computer Chess","10407","Computer Chess","61260","27780","26","3","30","0","0","2.21","Computer Chess"
"Dilbert's Desktop Games","10408","Dilbert's Desktop Games","61200","1140","526","1","5","0","0","53.68","Dilbert's Desktop Games"
"Deathsmiles","10409","Deathsmiles","61200","28860","64","3","105","0","0","2.12","Deathsmiles"
"Run 8 Train Simulator","10410","Run 8 Train Simulator","61200","33840","14","2","28","0","0","1.81","Run 8 Train Simulator"
"Sacred 3","10411","Sacred 3","61140","24540","67","2","117","0","0","2.49","Sacred 3"
"Cossacks II: Battle for Europe","10412","Cossacks II: Battle for Europe","61080","3120","498","2","10","0","0","19.58","Cossacks II: Battle for Europe"
"Warbands: Bushido","10413","Warbands: Bushido","61080","28740","137","2","31","0","0","2.13","Warbands: Bushido"
"Quest for Glory III: Wages of War","10414","Quest for Glory III: Wages of War","61020","11640","35","2","20","0","0","5.24","Quest for Glory III: Wages of War"
"King's Bounty: Warriors of the North","10415","King's Bounty: Warriors of the North","61020","30660","20","2","31","0","0","1.99","King's Bounty: Warriors of the North"
"Star Wars: X-Wing Alliance","10416","Star Wars: X-Wing Alliance","61020","14880","63","2","47","0","0","4.1","Star Wars: X-Wing Alliance"
"Ys: The Vanished Omens","10417","Ys: The Vanished Omens","61020","20160","188","2","35","0","0","3.03","Ys: The Vanished Omens"
"The Journey Down: Chapter Two","10418","The Journey Down: Chapter Two","61020","11520","38","2","33","0","0","5.3","The Journey Down: Chapter Two"
"Fortified Zone","10419","Fortified Zone","61020","1980","965","1","11","0","0","30.82","Fortified Zone"
"Ashes of Creation Apocalypse","10420","Ashes of Creation Apocalypse","61020","19620","48","14","196","0","0","3.11","Ashes of Creation Apocalypse"
".hack//MUTATION - Part 2","10421",".hack//MUTATION - Part 2","60960","24720","24","2","32","0","0","2.47",".hack//MUTATION - Part 2"
"Discord Times","10422","Discord Times","60960","46260","24","5","285","0","0","1.32","Discord Times"
"Real Video Blackjack","10423","Real Video Blackjack","60960","2520","615","1","12","0","0","24.19","Real Video Blackjack"
"Trader 2","10424","Trader 2","60960","11460","58","1","3","0","0","5.32","Trader 2"
"Volantia: Kingdom in the Sky","10425","Volantia: Kingdom in the Sky","60900","6000","208","2","34","0","0","10.15","Volantia: Kingdom in the Sky"
"Basketball GM","10426","Basketball GM","60840","8880","235","2","15","0","0","6.85","Basketball GM"
"RONIN","10427","RONIN","60840","25080","68","3","105","0","0","2.43","RONIN"
"Virtua Fighter 5","10428","Virtua Fighter 5","60840","6840","238","1","26","0","0","8.89","Virtua Fighter 5"
"Super Buster Bros.","10429","Super Buster Bros.","60780","12780","83","2","24","0","0","4.76","Super Buster Bros."
"Twisted Metal","10430","Twisted Metal","60780","14640","51","2","86","0","0","4.15","Twisted Metal"
"Blades of Steel","10431","Blades of Steel","60780","8460","324","2","29","0","0","7.18","Blades of Steel"
"Ryu ga Gotoku 1&2 HD EDITION","10432","Ryu ga Gotoku 1&2 HD EDITION","60780","16440","147","3","17","0","0","3.7","Ryu ga Gotoku 1&2 HD EDITION"
"Forza Motorsport 2","10433","Forza Motorsport 2","60720","12240","299","1","24","0","0","4.96","Forza Motorsport 2"
"Afghanistan '11","10434","Afghanistan '11","60720","3360","335","1","15","0","0","18.07","Afghanistan '11"
"N.E.R.O.: Nothing Ever Remains Obscure","10435","N.E.R.O.: Nothing Ever Remains Obscure","60720","11460","243","2","103","0","0","5.3","N.E.R.O.: Nothing Ever Remains Obscure"
"Cayne: A Stasis Story","10436","Cayne: A Stasis Story","60660","19560","50","2","85","0","0","3.1","Cayne: A Stasis Story"
"Grandia: Parallel Trippers","10437","Grandia: Parallel Trippers","60660","1800","546","2","4","0","0","33.7","Grandia: Parallel Trippers"
"Fairune 2","10438","Fairune 2","60660","1380","196","1","2","0","0","43.96","Fairune 2"
"Abyss Horizon","10439","Abyss Horizon","60660","9360","133","4","29","0","0","6.48","Abyss Horizon"
"Chantelise","10440","Chantelise","60660","16260","159","2","49","0","0","3.73","Chantelise"
"Streamline","10441","Streamline","60660","11160","272","3","60","0","0","5.44","Streamline"
"Crouching Tiger, Hidden Dragon","10442","Crouching Tiger, Hidden Dragon","60600","1680","268","1","8","0","0","36.07","Crouching Tiger, Hidden Dragon"
"Virtual Pool 4","10443","Virtual Pool 4","60600","19860","228","2","55","0","0","3.05","Virtual Pool 4"
"Rock Band Blitz","10444","Rock Band Blitz","60600","4560","384","1","11","0","0","13.29","Rock Band Blitz"
"Anime Studio Story","10445","Anime Studio Story","60600","46740","125","2","37","0","0","1.3","Anime Studio Story"
"Huntdown","10446","Huntdown","60540","2220","117","1","11","0","0","27.27","Huntdown"
"Koumajou Densetsu II: Yougen no Chingonka","10447","Koumajou Densetsu II: Yougen no Chingonka","60540","11160","34","3","28","0","0","5.42","Koumajou Densetsu II: Yougen no Chingonka"
"Super Street Fighter II Turbo HD Remix","10448","Super Street Fighter II Turbo HD Remix","60540","6960","469","2","31","0","0","8.7","Super Street Fighter II Turbo HD Remix"
"Family Guy Video Game!","10449","Family Guy Video Game!","60540","4740","254","1","21","0","0","12.77","Family Guy Video Game!"
"Langrisser V: The End of Legend","10450","Langrisser V: The End of Legend","60540","1800","124","1","7","0","0","33.63","Langrisser V: The End of Legend"
"Lands of Lore III","10451","Lands of Lore III","60480","2580","265","1","10","0","0","23.44","Lands of Lore III"
"Super Godzilla","10452","Super Godzilla","60480","2580","285","1","12","0","0","23.44","Super Godzilla"
"Yggdra Union: We'll Never Fight Alone","10453","Yggdra Union: We'll Never Fight Alone","60480","22380","27","2","17","0","0","2.7","Yggdra Union: We'll Never Fight Alone"
"Cube Escape: Harvey's Box","10454","Cube Escape: Harvey's Box","60480","7320","57","1","58","0","0","8.26","Cube Escape: Harvey's Box"
"Weekly Shonen Jump Ore Collection","10455","Weekly Shonen Jump Ore Collection","60480","15600","75","2","29","0","0","3.88","Weekly Shonen Jump Ore Collection"
"Margonem","10456","Margonem","60480","36900","59","3","136","0","0","1.64","Margonem"
"NEKOPARA Extra","10457","NEKOPARA Extra","60480","4860","206","2","31","0","0","12.44","NEKOPARA Extra"
"Atelier Iris 2: The Azoth of Destiny","10458","Atelier Iris 2: The Azoth of Destiny","60420","17340","44","1","16","0","0","3.48","Atelier Iris 2: The Azoth of Destiny"
"Bomberman Land","10459","Bomberman Land","60420","1380","318","1","5","0","0","43.78","Bomberman Land"
"Who Wants To Be A Millionaire: 1st Edition","10460","Who Wants To Be A Millionaire: 1st Edition","60420","540","414","1","5","0","0","111.89","Who Wants To Be A Millionaire: 1st Edition"
"Masochisia","10461","Masochisia","60420","5820","254","2","30","0","0","10.38","Masochisia"
"Frogger: The Great Quest","10462","Frogger: The Great Quest","60360","6480","224","2","14","0","0","9.31","Frogger: The Great Quest"
"Wing Commander III: Heart of the Tiger","10463","Wing Commander III: Heart of the Tiger","60360","8460","58","1","23","0","0","7.13","Wing Commander III: Heart of the Tiger"
"Evil Possession","10464","Evil Possession","60360","4620","213","1","41","0","0","13.06","Evil Possession"
"Motorbike Garage Mechanic Simulator","10465","Motorbike Garage Mechanic Simulator","60300","6060","645","2","26","0","0","9.95","Motorbike Garage Mechanic Simulator"
"Papa's Burgeria","10466","Papa's Burgeria","60300","16560","248","2","134","0","0","3.64","Papa's Burgeria"
"Hatris","10467","Hatris","60240","3840","326","1","10","0","0","15.69","Hatris"
"The Ico & Shadow of the Colossus Collection","10468","The Ico & Shadow of the Colossus Collection","60240","18720","26","2","33","0","0","3.22","The Ico & Shadow of the Colossus Collection"
"Pizza Boy","10469","Pizza Boy","60180","1380","270","1","6","0","0","43.61","Pizza Boy"
"Supremacy MMA","10470","Supremacy MMA","60180","720","720","1","3","0","0","83.58","Supremacy MMA"
"The Chaos Engine","10471","The Chaos Engine","60120","4740","399","5","29","0","0","12.68","The Chaos Engine"
"Darkstalkers: The Night Warriors","10472","Darkstalkers: The Night Warriors","60060","7740","355","2","30","0","0","7.76","Darkstalkers: The Night Warriors"
"Sonic's Ultimate Genesis Collection","10473","Sonic's Ultimate Genesis Collection","60060","13620","185","2","60","0","0","4.41","Sonic's Ultimate Genesis Collection"
"Saki Portable","10474","Saki Portable","60000","26520","11","2","11","0","0","2.26","Saki Portable"
"World Cup Soccer","10475","World Cup Soccer","60000","1860","387","2","13","0","0","32.26","World Cup Soccer"
"Scavenger SV-4","10476","Scavenger SV-4","60000","13020","49","2","43","0","0","4.61","Scavenger SV-4"
"Storyteller","10477","Storyteller","60000","179040","23","2","39","0","0","0.34","Storyteller"
"Pokémon Sword/Shield","10478","Pokémon Sword/Shield","60000","7560","357","12","49","0","0","7.94","Pokémon Sword/Shield"
"Santa Rockstar HD","10479","Santa Rockstar HD","59940","660","451","1","7","0","0","90.82","Santa Rockstar HD"
"Michael Jordan:  Chaos in the Windy City","10480","Michael Jordan:  Chaos in the Windy City","59940","11700","518","4","29","0","0","5.12","Michael Jordan:  Chaos in the Windy City"
"Dyscourse","10481","Dyscourse","59940","2400","252","1","17","0","0","24.98","Dyscourse"
"Eximius: Seize the Frontline","10482","Eximius: Seize the Frontline","59940","16920","45","4","59","0","0","3.54","Eximius: Seize the Frontline"
"Valkyrie Crusade","10483","Valkyrie Crusade","59880","20400","13","2","27","0","0","2.94","Valkyrie Crusade"
"Killzone 2","10484","Killzone 2","59880","13020","59","2","41","0","0","4.6","Killzone 2"
"Donkey Kong Land","10485","Donkey Kong Land","59880","5940","487","1","27","0","0","10.08","Donkey Kong Land"
"Element: Space","10486","Element: Space","59880","3360","206","2","18","0","0","17.82","Element: Space"
"Ganbare Goemon 3: Shishijyuurokubei no Karakuri Manji Katame","10487","Ganbare Goemon 3: Shishijyuurokubei no Karakuri Manji Katame","59820","5400","99","1","9","0","0","11.08","Ganbare Goemon 3: Shishijyuurokubei no Karakuri Manji Katame"
"Destiny of an Emperor","10488","Destiny of an Emperor","59820","9720","59","1","13","0","0","6.15","Destiny of an Emperor"
"Runaway: A Twist of Fate","10489","Runaway: A Twist of Fate","59820","9000","197","2","18","0","0","6.65","Runaway: A Twist of Fate"
"Samurai Warriors 4","10490","Samurai Warriors 4","59820","46620","13","3","156","0","0","1.28","Samurai Warriors 4"
"Prehistoric Kingdoms","10491","Prehistoric Kingdoms","59820","4680","53","2","22","0","0","12.78","Prehistoric Kingdoms"
"Bring to Light","10492","Bring to Light","59820","6960","172","1","38","0","0","8.59","Bring to Light"
"Stardrop","10493","Stardrop","59760","5040","214","2","24","0","0","11.86","Stardrop"
"Kwirk","10494","Kwirk","59760","6300","230","3","16","0","0","9.49","Kwirk"
"Deru","10495","Deru","59700","2880","358","2","12","0","0","20.73","Deru"
"Creature Defense","10496","Creature Defense","59640","1200","338","1","7","0","0","49.7","Creature Defense"
"Zork: Grand Inquisitor","10497","Zork: Grand Inquisitor","59640","9120","88","1","28","0","0","6.54","Zork: Grand Inquisitor"
"Gummy Bears Magical Medallion","10498","Gummy Bears Magical Medallion","59640","540","815","1","4","0","0","110.44","Gummy Bears Magical Medallion"
"The Tomb Raider Trilogy","10499","The Tomb Raider Trilogy","59640","5160","144","2","15","0","0","11.56","The Tomb Raider Trilogy"
"Five Nights at Freddy's World","10500","Five Nights at Freddy's World","59580","22680","91","2","117","0","0","2.63","Five Nights at Freddy's World"