"","","Game","Watch time","Stream time","Peak viewers","Peak channels","Streamers","Average viewers","Average channels","Average viewer ratio",""
"Cybernator","10001","Cybernator","70800","3780","1306","1","18","0","0","18.73","Cybernator"
"Harvest Life","10002","Harvest Life","70800","10260","175","2","69","0","0","6.9","Harvest Life"
"Falling Bird","10003","Falling Bird","70680","1320","141","2","6","0","0","53.55","Falling Bird"
"Cross Fire","10004","Cross Fire","70620","44280","107","3","229","0","0","1.59","Cross Fire"
"Batman: Arkham Origins Blackgate","10005","Batman: Arkham Origins Blackgate","70620","21000","81","3","80","0","0","3.36","Batman: Arkham Origins Blackgate"
"Deadly Creatures","10006","Deadly Creatures","70620","1500","300","2","6","0","0","47.08","Deadly Creatures"
"Adventure Time: Finn and Jake Investigations","10007","Adventure Time: Finn and Jake Investigations","70620","23940","75","3","106","0","0","2.95","Adventure Time: Finn and Jake Investigations"
"Chickens","10008","Chickens","70560","38640","27","1","12","0","0","1.83","Chickens"
"Pro Evolution Soccer 3","10009","Pro Evolution Soccer 3","70560","4380","349","4","26","0","0","16.11","Pro Evolution Soccer 3"
"Street Fighter III: 2nd Impact","10010","Street Fighter III: 2nd Impact","70560","1740","378","1","14","0","0","40.55","Street Fighter III: 2nd Impact"
"Spy Fox 2: Some Assembly Required","10011","Spy Fox 2: Some Assembly Required","70560","8040","136","1","56","0","0","8.78","Spy Fox 2: Some Assembly Required"
"Troll and I","10012","Troll and I","70560","9480","432","2","65","0","0","7.44","Troll and I"
"Spencer","10013","Spencer","70560","720","917","2","7","0","0","98","Spencer"
"Climby","10014","Climby","70500","4740","863","2","36","0","0","14.87","Climby"
"Etherlords II","10015","Etherlords II","70500","7980","90","1","17","0","0","8.83","Etherlords II"
"Virtual Boy Wario Land","10016","Virtual Boy Wario Land","70500","9480","370","2","42","0","0","7.44","Virtual Boy Wario Land"
"Kung Fu Panda: Showdown of Legendary Legends the Video Game","10017","Kung Fu Panda: Showdown of Legendary Legends the Video Game","70500","13320","222","1","89","0","0","5.29","Kung Fu Panda: Showdown of Legendary Legends the Video Game"
"Defcon 5","10018","Defcon 5","70500","1020","264","1","8","0","0","69.12","Defcon 5"
"Dangon Ronpa","10019","Dangon Ronpa","70500","5280","96","2","15","0","0","13.35","Dangon Ronpa"
"Divinity: Dragon Commander","10020","Divinity: Dragon Commander","70440","20100","42","2","63","0","0","3.5","Divinity: Dragon Commander"
"Minion Master","10021","Minion Master","70440","15960","118","2","88","0","0","4.41","Minion Master"
"Rad Raygun","10022","Rad Raygun","70440","1140","1103","2","2","0","0","61.79","Rad Raygun"
"Porno Party - Sailor Fuku to Yakyuken: The Yakyuken Game","10023","Porno Party - Sailor Fuku to Yakyuken: The Yakyuken Game","70320","29940","15","2","26","0","0","2.35","Porno Party - Sailor Fuku to Yakyuken: The Yakyuken Game"
"Blake Stone: Aliens of Gold","10024","Blake Stone: Aliens of Gold","70260","6840","163","2","24","0","0","10.27","Blake Stone: Aliens of Gold"
"Blade Ballet","10025","Blade Ballet","70260","360","524","1","3","0","0","195.17","Blade Ballet"
"Moustache Mountain","10026","Moustache Mountain","70260","1800","481","1","10","0","0","39.03","Moustache Mountain"
"Hearts of Iron III: Their Finest Hour","10027","Hearts of Iron III: Their Finest Hour","70200","17700","276","3","28","0","0","3.97","Hearts of Iron III: Their Finest Hour"
"Texas Hold 'em","10028","Texas Hold 'em","70140","26340","615","3","73","0","0","2.66","Texas Hold 'em"
"Space Channel 5: Ulala's Cosmic Attack","10029","Space Channel 5: Ulala's Cosmic Attack","70140","420","450","1","3","0","0","167","Space Channel 5: Ulala's Cosmic Attack"
"Legal Crime","10030","Legal Crime","70140","360","434","1","2","0","0","194.83","Legal Crime"
"Usurper","10031","Usurper","70140","18060","282","4","55","0","0","3.88","Usurper"
"NCAA College Football 2K3","10032","NCAA College Football 2K3","70140","1020","409","1","4","0","0","68.76","NCAA College Football 2K3"
"Computer Tycoon","10033","Computer Tycoon","70080","11160","470","1","52","0","0","6.28","Computer Tycoon"
"Sherlock Holmes: Nemesis","10034","Sherlock Holmes: Nemesis","70080","7740","128","1","23","0","0","9.05","Sherlock Holmes: Nemesis"
"My Little Pony: Fighting is Magic","10035","My Little Pony: Fighting is Magic","70080","14880","148","2","59","0","0","4.71","My Little Pony: Fighting is Magic"
"Chaser","10036","Chaser","70020","12540","118","1","47","0","0","5.58","Chaser"
"New Retro Arcade: Neon","10037","New Retro Arcade: Neon","70020","6000","583","2","37","0","0","11.67","New Retro Arcade: Neon"
"Mighty Morphin Power Rangers: Mega Battle","10038","Mighty Morphin Power Rangers: Mega Battle","69900","19740","79","2","101","0","0","3.54","Mighty Morphin Power Rangers: Mega Battle"
"Clue: Murder at Boddy Mansion","10039","Clue: Murder at Boddy Mansion","69900","540","565","2","4","0","0","129.44","Clue: Murder at Boddy Mansion"
"Time Warpers","10040","Time Warpers","69900","10260","166","2","33","0","0","6.81","Time Warpers"
"WWE SmackDown! vs. RAW","10041","WWE SmackDown! vs. RAW","69840","9840","180","2","39","0","0","7.1","WWE SmackDown! vs. RAW"
"Strike Suit Zero","10042","Strike Suit Zero","69840","23460","55","2","108","0","0","2.98","Strike Suit Zero"
"Mad Skills BMX 2","10043","Mad Skills BMX 2","69840","8640","62","2","15","0","0","8.08","Mad Skills BMX 2"
"Unhack","10044","Unhack","69840","1500","1106","3","7","0","0","46.56","Unhack"
"Umiro","10045","Umiro","69780","3180","459","1","14","0","0","21.94","Umiro"
"Epic Battle Fantasy 3","10046","Epic Battle Fantasy 3","69780","33900","21","2","85","0","0","2.06","Epic Battle Fantasy 3"
"Tokyo Xtreme Racer 3","10047","Tokyo Xtreme Racer 3","69660","19620","35","2","49","0","0","3.55","Tokyo Xtreme Racer 3"
"FIFA Soccer 06","10048","FIFA Soccer 06","69600","3000","220","1","13","0","0","23.2","FIFA Soccer 06"
"Redneck Rampage Rides Again: Arkansas","10049","Redneck Rampage Rides Again: Arkansas","69540","2520","103","1","6","0","0","27.6","Redneck Rampage Rides Again: Arkansas"
"Hexagon","10050","Hexagon","69540","1800","928","1","14","0","0","38.63","Hexagon"
"Windlands","10051","Windlands","69540","18480","335","2","120","0","0","3.76","Windlands"
"Payout Poker & Casino","10052","Payout Poker & Casino","69480","3120","320","1","17","0","0","22.27","Payout Poker & Casino"
"Overclocked","10053","Overclocked","69420","23220","126","3","99","0","0","2.99","Overclocked"
"Dragonfable","10054","Dragonfable","69420","48180","229","2","64","0","0","1.44","Dragonfable"
"Hydro Thunder Hurricane","10055","Hydro Thunder Hurricane","69420","24720","21","2","50","0","0","2.81","Hydro Thunder Hurricane"
"Atlantis: The Lost Tales","10056","Atlantis: The Lost Tales","69420","1980","167","1","5","0","0","35.06","Atlantis: The Lost Tales"
"Little Red Hood","10057","Little Red Hood","69420","1560","755","2","10","0","0","44.5","Little Red Hood"
"War Gods","10058","War Gods","69360","8640","862","2","16","0","0","8.03","War Gods"
"Sid Meier's Civilization V: Gods & Kings","10059","Sid Meier's Civilization V: Gods & Kings","69360","17700","232","2","82","0","0","3.92","Sid Meier's Civilization V: Gods & Kings"
"Small Radios Big Televisions","10060","Small Radios Big Televisions","69360","700800","50","4","44","0","1","0.1","Small Radios Big Televisions"
"The Golf Club VR","10061","The Golf Club VR","69300","6420","283","1","36","0","0","10.79","The Golf Club VR"
"Starward Rogue","10062","Starward Rogue","69240","8700","137","2","35","0","0","7.96","Starward Rogue"
"Hot Slots","10063","Hot Slots","69240","480","303","1","2","0","0","144.25","Hot Slots"
"Ultraman","10064","Ultraman","69240","1740","244","1","15","0","0","39.79","Ultraman"
"Judge Dredd: Dredd vs Death","10065","Judge Dredd: Dredd vs Death","69240","14460","209","2","69","0","0","4.79","Judge Dredd: Dredd vs Death"
"BasketBelle","10066","BasketBelle","69180","600","789","1","5","0","0","115.3","BasketBelle"
"Defense Task Force","10067","Defense Task Force","69180","3960","214","2","21","0","0","17.47","Defense Task Force"
"Stick RPG 2","10068","Stick RPG 2","69180","5280","925","1","38","0","0","13.1","Stick RPG 2"
"Goodgame Empire","10069","Goodgame Empire","69120","17100","151","2","60","0","0","4.04","Goodgame Empire"
"Tales of Glory","10070","Tales of Glory","69120","4740","609","1","36","0","0","14.58","Tales of Glory"
"Black Sails: Das Geisterschiff","10071","Black Sails: Das Geisterschiff","69120","2460","235","1","11","0","0","28.1","Black Sails: Das Geisterschiff"
"Predator","10072","Predator","69060","14400","66","2","28","0","0","4.8","Predator"
"Coma:Mortuary","10073","Coma:Mortuary","69000","3540","368","1","30","0","0","19.49","Coma:Mortuary"
"Hard Reset","10074","Hard Reset","69000","29940","58","2","137","0","0","2.3","Hard Reset"
"KARAKARA","10075","KARAKARA","69000","6960","161","1","32","0","0","9.91","KARAKARA"
"Discworld II: Mortality Bytes!","10076","Discworld II: Mortality Bytes!","68940","8220","95","1","20","0","0","8.39","Discworld II: Mortality Bytes!"
"The Good Life","10077","The Good Life","68940","5040","238","3","55","0","0","13.68","The Good Life"
"Portal Stories: VR","10078","Portal Stories: VR","68880","12000","104","2","79","0","0","5.74","Portal Stories: VR"
"Ghoul Kid","10079","Ghoul Kid","68880","1740","550","1","8","0","0","39.59","Ghoul Kid"
"WWII GI","10080","WWII GI","68820","10200","604","2","46","0","0","6.75","WWII GI"
"Tekken 6: Bloodline Rebellion","10081","Tekken 6: Bloodline Rebellion","68820","1860","289","1","15","0","0","37","Tekken 6: Bloodline Rebellion"
"Viewtiful Joe 2","10082","Viewtiful Joe 2","68820","13500","172","2","35","0","0","5.1","Viewtiful Joe 2"
"Juiced 2: Hot Import Nights","10083","Juiced 2: Hot Import Nights","68820","9960","215","2","33","0","0","6.91","Juiced 2: Hot Import Nights"
"Espgaluda II","10084","Espgaluda II","68760","3240","74","1","8","0","0","21.22","Espgaluda II"
"The Consuming Shadow","10085","The Consuming Shadow","68760","11220","241","2","50","0","0","6.13","The Consuming Shadow"
"Chess Ultra","10086","Chess Ultra","68760","26100","172","2","140","0","0","2.63","Chess Ultra"
"Puzzle Box","10087","Puzzle Box","68700","1560","573","1","9","0","0","44.04","Puzzle Box"
"Garfield: Caught in the Act","10088","Garfield: Caught in the Act","68700","6720","795","5","26","0","0","10.22","Garfield: Caught in the Act"
"Sims Freeplay","10089","Sims Freeplay","68700","37380","32","3","193","0","0","1.84","Sims Freeplay"
"The Dame Was Loaded","10090","The Dame Was Loaded","68640","2220","123","1","10","0","0","30.92","The Dame Was Loaded"
"Chinese Inn","10091","Chinese Inn","68640","1080","213","1","6","0","0","63.56","Chinese Inn"
"Depth of Extinction","10092","Depth of Extinction","68640","3420","321","2","12","0","0","20.07","Depth of Extinction"
"Football International","10093","Football International","68580","2580","407","4","11","0","0","26.58","Football International"
"Duck Life","10094","Duck Life","68580","27060","175","6","66","0","0","2.53","Duck Life"
"Momodora","10095","Momodora","68520","12660","99","3","118","0","0","5.41","Momodora"
"Dragon Quest Monsters: Joker","10096","Dragon Quest Monsters: Joker","68520","19500","25","2","32","0","0","3.51","Dragon Quest Monsters: Joker"
"Yu-Gi-Oh! 5D's Tag Force 4","10097","Yu-Gi-Oh! 5D's Tag Force 4","68460","5700","87","2","16","0","0","12.01","Yu-Gi-Oh! 5D's Tag Force 4"
"Emperor: Battle for Dune","10098","Emperor: Battle for Dune","68400","5580","363","1","22","0","0","12.26","Emperor: Battle for Dune"
"Burnout Legends","10099","Burnout Legends","68400","4440","253","1","20","0","0","15.41","Burnout Legends"
"3030 Deathwar Redux","10100","3030 Deathwar Redux","68400","13860","94","2","56","0","0","4.94","3030 Deathwar Redux"