"","","Game","Watch time","Stream time","Peak viewers","Peak channels","Streamers","Average viewers","Average channels","Average viewer ratio",""
"Blood II: The Chosen - The Nightmare Levels","12101","Blood II: The Chosen - The Nightmare Levels","35160","240","164","1","1","0","0","146.5","Blood II: The Chosen - The Nightmare Levels"
"Root Double: Before Crime * After Days","12102","Root Double: Before Crime * After Days","35160","15660","80","2","37","0","0","2.25","Root Double: Before Crime * After Days"
"Burnout Dominator","12103","Burnout Dominator","35160","10320","44","2","31","0","0","3.41","Burnout Dominator"
"Initial D: Street Stage","12104","Initial D: Street Stage","35160","18600","11","2","53","0","0","1.89","Initial D: Street Stage"
"Stealth Bastard Deluxe","12105","Stealth Bastard Deluxe","35160","4740","114","1","25","0","0","7.42","Stealth Bastard Deluxe"
"Super Robot Taisen OG Saga: Endless Frontier","12106","Super Robot Taisen OG Saga: Endless Frontier","35160","4560","36","1","8","0","0","7.71","Super Robot Taisen OG Saga: Endless Frontier"
"Game & Watch Gallery 4","12107","Game & Watch Gallery 4","35160","2400","140","1","12","0","0","14.65","Game & Watch Gallery 4"
"Dance Central","12108","Dance Central","35100","2940","105","1","17","0","0","11.94","Dance Central"
"Happy Feet","12109","Happy Feet","35100","3300","261","2","19","0","0","10.64","Happy Feet"
"Supreme Warrior","12110","Supreme Warrior","35100","540","576","1","2","0","0","65","Supreme Warrior"
"Machine World 2","12111","Machine World 2","35100","2700","161","1","6","0","0","13","Machine World 2"
"Dead Alliance","12112","Dead Alliance","35040","26460","162","2","124","0","0","1.32","Dead Alliance"
"Daikoukai Jidai IV: Porto Estado","12113","Daikoukai Jidai IV: Porto Estado","35040","4680","27","1","2","0","0","7.49","Daikoukai Jidai IV: Porto Estado"
"The Sims: Pet Stories","12114","The Sims: Pet Stories","35040","3960","65","1","6","0","0","8.85","The Sims: Pet Stories"
"Blue Revolver","12115","Blue Revolver","34980","10200","42","3","61","0","0","3.43","Blue Revolver"
"Awakening: The Goblin Kingdom","12116","Awakening: The Goblin Kingdom","34980","540","117","1","1","0","0","64.78","Awakening: The Goblin Kingdom"
"Robot Arena III","12117","Robot Arena III","34980","1380","169","2","7","0","0","25.35","Robot Arena III"
"Life & Debt: A Real Life Simulator","12118","Life & Debt: A Real Life Simulator","34980","4020","56","2","22","0","0","8.7","Life & Debt: A Real Life Simulator"
"Trojan","12119","Trojan","34980","1980","91","1","14","0","0","17.67","Trojan"
"NecroVisioN: Lost Company","12120","NecroVisioN: Lost Company","34980","3960","124","1","17","0","0","8.83","NecroVisioN: Lost Company"
"Pokemon Dream Radar","12121","Pokemon Dream Radar","34980","2820","234","1","24","0","0","12.4","Pokemon Dream Radar"
"Knight Rider","12122","Knight Rider","34920","1200","278","1","9","0","0","29.1","Knight Rider"
"Mighty Max","12123","Mighty Max","34920","300","235","1","2","0","0","116.4","Mighty Max"
"Gladiator","12124","Gladiator","34920","420","574","1","4","0","0","83.14","Gladiator"
"Steel Beasts Pro (Personal Edition)","12125","Steel Beasts Pro (Personal Edition)","34920","13500","46","2","19","0","0","2.59","Steel Beasts Pro (Personal Edition)"
"Scribblenauts","12126","Scribblenauts","34860","6900","51","1","41","0","0","5.05","Scribblenauts"
"Vanguard Princess","12127","Vanguard Princess","34860","8820","31","2","42","0","0","3.95","Vanguard Princess"
"tengai","12128","tengai","34860","720","571","1","8","0","0","48.42","tengai"
"Activision Anthology","12129","Activision Anthology","34800","780","576","1","5","0","0","44.62","Activision Anthology"
"Thunder Cross II","12130","Thunder Cross II","34740","1680","844","6","7","0","0","20.68","Thunder Cross II"
"Putt-Putt and Pep's Balloon-o-Rama","12131","Putt-Putt and Pep's Balloon-o-Rama","34740","1200","162","1","6","0","0","28.95","Putt-Putt and Pep's Balloon-o-Rama"
"10-Yard Fight","12132","10-Yard Fight","34740","1860","360","1","13","0","0","18.68","10-Yard Fight"
"League of Angels","12133","League of Angels","34740","24600","24","2","86","0","0","1.41","League of Angels"
"The Wave VR","12134","The Wave VR","34740","4740","90","1","42","0","0","7.33","The Wave VR"
"SILKROAD","12135","SILKROAD","34740","15240","53","2","61","0","0","2.28","SILKROAD"
"Phantom Signal","12136","Phantom Signal","34740","9840","84","2","43","0","0","3.53","Phantom Signal"
"Blobby Online","12137","Blobby Online","34740","240","552","1","3","0","0","144.75","Blobby Online"
"Sonic Boom: Shattered Crystal","12138","Sonic Boom: Shattered Crystal","34680","540","88","1","1","0","0","64.22","Sonic Boom: Shattered Crystal"
"The Walking Dead: Road to Survival","12139","The Walking Dead: Road to Survival","34680","12480","144","2","40","0","0","2.78","The Walking Dead: Road to Survival"
"Hanger World","12140","Hanger World","34680","660","265","1","5","0","0","52.55","Hanger World"
"Disney Magical World","12141","Disney Magical World","34680","3900","168","1","25","0","0","8.89","Disney Magical World"
"Dai-2-Ji Super Robot Taisen Z Saisei-hen","12142","Dai-2-Ji Super Robot Taisen Z Saisei-hen","34680","14700","9","2","19","0","0","2.36","Dai-2-Ji Super Robot Taisen Z Saisei-hen"
"The House of the Dead","12143","The House of the Dead","34620","8820","78","2","57","0","0","3.93","The House of the Dead"
"Adidas Power Soccer","12144","Adidas Power Soccer","34620","360","599","1","2","0","0","96.17","Adidas Power Soccer"
"The Frostrune","12145","The Frostrune","34560","4260","80","1","21","0","0","8.11","The Frostrune"
"Hokuto no Ken: Seiki Matsukyu Seishi Densetsu","12146","Hokuto no Ken: Seiki Matsukyu Seishi Densetsu","34560","3000","46","1","12","0","0","11.52","Hokuto no Ken: Seiki Matsukyu Seishi Densetsu"
"WWF Royal Rumble","12147","WWF Royal Rumble","34560","4980","262","1","31","0","0","6.94","WWF Royal Rumble"
"OutRun","12148","OutRun","34560","13500","111","3","44","0","0","2.56","OutRun"
"Super Life of Pixel","12149","Super Life of Pixel","34500","960","220","1","6","0","0","35.94","Super Life of Pixel"
"Rush 2: Extreme Racing USA","12150","Rush 2: Extreme Racing USA","34500","5940","271","1","24","0","0","5.81","Rush 2: Extreme Racing USA"
"MediEvil Resurrection","12151","MediEvil Resurrection","34500","12480","15","3","31","0","0","2.76","MediEvil Resurrection"
"LocoRoco 2","12152","LocoRoco 2","34500","8400","69","2","36","0","0","4.11","LocoRoco 2"
"Kelly Slater's Pro Surfer","12153","Kelly Slater's Pro Surfer","34500","10800","24","1","10","0","0","3.19","Kelly Slater's Pro Surfer"
"Chill Manor","12154","Chill Manor","34500","21360","15","2","13","0","0","1.62","Chill Manor"
"Visual Out","12155","Visual Out","34500","2880","67","3","12","0","0","11.98","Visual Out"
"Titanic: The Recovery Mission","12156","Titanic: The Recovery Mission","34440","360","284","1","1","0","0","95.67","Titanic: The Recovery Mission"
"Doki Doki Poyatchio!!","12157","Doki Doki Poyatchio!!","34440","1860","58","1","3","0","0","18.52","Doki Doki Poyatchio!!"
"Garfield: A Tail of Two Kitties","12158","Garfield: A Tail of Two Kitties","34440","1740","269","3","12","0","0","19.79","Garfield: A Tail of Two Kitties"
"Kreatives Gehirntraining","12159","Kreatives Gehirntraining","34440","9060","44","1","37","0","0","3.8","Kreatives Gehirntraining"
"Sid Meier's Railroads!","12160","Sid Meier's Railroads!","34440","11460","127","2","77","0","0","3.01","Sid Meier's Railroads!"
"Sound Shapes","12161","Sound Shapes","34440","18540","24","2","92","0","0","1.86","Sound Shapes"
"Left 4 Dead: Survivors","12162","Left 4 Dead: Survivors","34440","3060","35","2","10","0","0","11.25","Left 4 Dead: Survivors"
"Samurai Western","12163","Samurai Western","34440","3240","138","1","11","0","0","10.63","Samurai Western"
"Rogue","12164","Rogue","34440","9060","38","2","36","0","0","3.8","Rogue"
"Barbearian","12165","Barbearian","34380","4140","39","2","24","0","0","8.3","Barbearian"
"Monochroma","12166","Monochroma","34380","8580","56","2","37","0","0","4.01","Monochroma"
"Evolution Worlds","12167","Evolution Worlds","34380","12240","17","1","23","0","0","2.81","Evolution Worlds"
"Disney Tsum Tsum","12168","Disney Tsum Tsum","34380","17640","25","2","24","0","0","1.95","Disney Tsum Tsum"
"The War of Genesis","12169","The War of Genesis","34380","18840","32","2","10","0","0","1.82","The War of Genesis"
"Grey Hack","12170","Grey Hack","34380","6420","126","2","36","0","0","5.36","Grey Hack"
"Stranger Things: The Game","12171","Stranger Things: The Game","34380","21300","26","2","83","0","0","1.61","Stranger Things: The Game"
"NeuroSlicers","12172","NeuroSlicers","34380","7980","23","2","15","0","0","4.31","NeuroSlicers"
"BeatEVO YG","12173","BeatEVO YG","34320","5700","47","2","16","0","0","6.02","BeatEVO YG"
"Littlewitch Parfait: Kuroneko Mahouten Monogatari","12174","Littlewitch Parfait: Kuroneko Mahouten Monogatari","34320","1260","153","1","4","0","0","27.24","Littlewitch Parfait: Kuroneko Mahouten Monogatari"
"Babyz: Your Virtual Bundle of Joy","12175","Babyz: Your Virtual Bundle of Joy","34320","1920","34","1","2","0","0","17.88","Babyz: Your Virtual Bundle of Joy"
"River King A Wonderful Journey","12176","River King A Wonderful Journey","34320","1380","102","1","5","0","0","24.87","River King A Wonderful Journey"
"Devil's Third","12177","Devil's Third","34320","6300","44","1","21","0","0","5.45","Devil's Third"
"James Pond 2: Codename: RoboCod","12178","James Pond 2: Codename: RoboCod","34320","5580","152","2","22","0","0","6.15","James Pond 2: Codename: RoboCod"
"Batman Begins","12179","Batman Begins","34320","13140","35","2","28","0","0","2.61","Batman Begins"
"Perfect Dark Zero","12180","Perfect Dark Zero","34320","23940","61","2","130","0","0","1.43","Perfect Dark Zero"
"Dead Effect","12181","Dead Effect","34320","15120","25","2","93","0","0","2.27","Dead Effect"
"Cosmic Break","12182","Cosmic Break","34320","27300","11","2","44","0","0","1.26","Cosmic Break"
"Spitkiss","12183","Spitkiss","34260","180","247","1","1","0","0","190.33","Spitkiss"
"Shiftlings","12184","Shiftlings","34260","3420","257","2","18","0","0","10.02","Shiftlings"
"Fire 'n Ice","12185","Fire 'n Ice","34260","8100","44","6","34","0","0","4.23","Fire 'n Ice"
"Dungeon Lords","12186","Dungeon Lords","34260","14820","16","3","47","0","0","2.31","Dungeon Lords"
"Donald Land","12187","Donald Land","34260","1260","548","5","8","0","0","27.19","Donald Land"
"Momotaro Dentetsu Japan+","12188","Momotaro Dentetsu Japan+","34260","360","225","1","3","0","0","95.17","Momotaro Dentetsu Japan+"
"The Interactive Adventures of Dog Mendonça & Pizzaboy","12189","The Interactive Adventures of Dog Mendonça & Pizzaboy","34260","6120","53","1","23","0","0","5.6","The Interactive Adventures of Dog Mendonça & Pizzaboy"
"Tomato Jones 2","12190","Tomato Jones 2","34200","4020","134","4","28","0","0","8.51","Tomato Jones 2"
"HardBall III","12191","HardBall III","34200","480","117","1","2","0","0","71.25","HardBall III"
"The Escapists: The Walking Dead","12192","The Escapists: The Walking Dead","34200","16260","44","2","125","0","0","2.1","The Escapists: The Walking Dead"
"Record of Lodoss War","12193","Record of Lodoss War","34200","13320","32","1","20","0","0","2.57","Record of Lodoss War"
"Hardware Rivals","12194","Hardware Rivals","34200","780","109","1","24","0","0","43.85","Hardware Rivals"
"Konami Wai Wai World","12195","Konami Wai Wai World","34140","3000","47","2","12","0","0","11.38","Konami Wai Wai World"
"Flying Dragon: The Secret Scroll","12196","Flying Dragon: The Secret Scroll","34140","1020","324","4","7","0","0","33.47","Flying Dragon: The Secret Scroll"
"Landless","12197","Landless","34140","2280","118","1","12","0","0","14.97","Landless"
"Hayarigami 3: Toshidensetsu Kaii Jiken","12198","Hayarigami 3: Toshidensetsu Kaii Jiken","34140","120","380","1","1","0","0","284.5","Hayarigami 3: Toshidensetsu Kaii Jiken"
"Hyakki Castle","12199","Hyakki Castle","34140","3120","217","1","14","0","0","10.94","Hyakki Castle"
"Higurashi no Naku Koro ni: Tsumihoroboshi-hen","12200","Higurashi no Naku Koro ni: Tsumihoroboshi-hen","34140","13380","15","2","17","0","0","2.55","Higurashi no Naku Koro ni: Tsumihoroboshi-hen"