"","","Game","Watch time","Stream time","Peak viewers","Peak channels","Streamers","Average viewers","Average channels","Average viewer ratio",""
"Bells & Whistles","13201","Bells & Whistles","25080","300","431","1","3","0","0","83.6","Bells & Whistles"
"Armored Core: Nine Breaker","13202","Armored Core: Nine Breaker","25080","2760","28","1","4","0","0","9.09","Armored Core: Nine Breaker"
"The Brainies","13203","The Brainies","25080","1500","242","4","5","0","0","16.72","The Brainies"
"Moco Moco Friends","13204","Moco Moco Friends","25020","2220","23","1","3","0","0","11.27","Moco Moco Friends"
"Solomon's Club","13205","Solomon's Club","25020","1200","70","1","3","0","0","20.85","Solomon's Club"
"Fighting Fantasy: The Warlock of Firetop Mountain","13206","Fighting Fantasy: The Warlock of Firetop Mountain","25020","3180","90","1","10","0","0","7.87","Fighting Fantasy: The Warlock of Firetop Mountain"
"Olympics","13207","Olympics","25020","1800","188","2","7","0","0","13.9","Olympics"
"Microsoft Adventure","13208","Microsoft Adventure","25020","11040","7","1","5","0","0","2.27","Microsoft Adventure"
"Tecmo's Deception","13209","Tecmo's Deception","25020","5400","26","2","9","0","0","4.63","Tecmo's Deception"
"Where Is My Heart?","13210","Where Is My Heart?","25020","2280","225","1","10","0","0","10.97","Where Is My Heart?"
"Sproggiwood","13211","Sproggiwood","25020","11880","55","1","44","0","0","2.11","Sproggiwood"
"Waking Mars","13212","Waking Mars","25020","9900","19","1","20","0","0","2.53","Waking Mars"
"Die Bahnwelt","13213","Die Bahnwelt","25020","1800","125","1","3","0","0","13.9","Die Bahnwelt"
"I Am The Hero","13214","I Am The Hero","24960","9540","60","2","77","0","0","2.62","I Am The Hero"
"Cho Aniki Zero","13215","Cho Aniki Zero","24960","300","184","1","3","0","0","83.2","Cho Aniki Zero"
"Great Clips 500","13216","Great Clips 500","24960","6120","11","1","8","0","0","4.08","Great Clips 500"
"Dwarfs!?","13217","Dwarfs!?","24960","12420","59","2","38","0","0","2.01","Dwarfs!?"
"Natural Selection II: Combat","13218","Natural Selection II: Combat","24960","4500","102","1","26","0","0","5.55","Natural Selection II: Combat"
"MLB 13: The Show","13219","MLB 13: The Show","24960","2520","53","1","5","0","0","9.9","MLB 13: The Show"
"Commando","13220","Commando","24960","5640","63","1","18","0","0","4.43","Commando"
"Sherlock Holmes: The Mystery of the Persian Carpet","13221","Sherlock Holmes: The Mystery of the Persian Carpet","24960","1020","216","2","6","0","0","24.47","Sherlock Holmes: The Mystery of the Persian Carpet"
"The Id@lmaster: Gravure for You! Vol. 8","13222","The Id@lmaster: Gravure for You! Vol. 8","24900","960","162","1","7","0","0","25.94","The Id@lmaster: Gravure for You! Vol. 8"
"Putt-Putt: Pep's Birthday Surprise","13223","Putt-Putt: Pep's Birthday Surprise","24900","1080","138","1","10","0","0","23.06","Putt-Putt: Pep's Birthday Surprise"
"Gravity Ghost","13224","Gravity Ghost","24900","2580","95","1","14","0","0","9.65","Gravity Ghost"
"Sports Champions","13225","Sports Champions","24900","6960","217","1","11","0","0","3.58","Sports Champions"
"Card Crawl","13226","Card Crawl","24900","5040","200","2","20","0","0","4.94","Card Crawl"
"A Wild Catgirl Appears!","13227","A Wild Catgirl Appears!","24900","900","148","1","4","0","0","27.67","A Wild Catgirl Appears!"
"Moon.","13228","Moon.","24900","5220","51","1","10","0","0","4.77","Moon."
"Magical Hat","13229","Magical Hat","24840","420","212","2","3","0","0","59.14","Magical Hat"
"Joint Operations: Escalation","13230","Joint Operations: Escalation","24840","16500","13","2","13","0","0","1.51","Joint Operations: Escalation"
"Windows Solitaire","13231","Windows Solitaire","24840","11880","36","2","87","0","0","2.09","Windows Solitaire"
"Astérix","13232","Astérix","24840","10200","121","1","29","0","0","2.44","Astérix"
"RTL Biathlon 2009","13233","RTL Biathlon 2009","24840","1380","65","1","4","0","0","18","RTL Biathlon 2009"
"Fear Effect 2: Retro Helix","13234","Fear Effect 2: Retro Helix","24840","13380","18","2","18","0","0","1.86","Fear Effect 2: Retro Helix"
"Decap Attack","13235","Decap Attack","24780","3960","78","2","25","0","0","6.26","Decap Attack"
"Once in Yaissor 2","13236","Once in Yaissor 2","24780","2640","67","1","21","0","0","9.39","Once in Yaissor 2"
"DownTown","13237","DownTown","24780","240","445","1","2","0","0","103.25","DownTown"
"Dispatcher","13238","Dispatcher","24780","8040","47","2","54","0","0","3.08","Dispatcher"
"MXGP2 - The Official Motocross Videogame","13239","MXGP2 - The Official Motocross Videogame","24780","32160","9","2","170","0","0","0.77","MXGP2 - The Official Motocross Videogame"
"Dodge 'Em","13240","Dodge 'Em","24780","300","240","1","2","0","0","82.6","Dodge 'Em"
"Ira","13241","Ira","24780","4800","211","2","23","0","0","5.16","Ira"
"Radiant One","13242","Radiant One","24780","2940","121","2","28","0","0","8.43","Radiant One"
"Somewhere","13243","Somewhere","24720","8460","27","1","28","0","0","2.92","Somewhere"
"Yousician","13244","Yousician","24720","10200","24","1","46","0","0","2.42","Yousician"
"Smashing the Battle","13245","Smashing the Battle","24720","7560","159","2","36","0","0","3.27","Smashing the Battle"
"Hunter's Legacy","13246","Hunter's Legacy","24720","4740","29","2","24","0","0","5.22","Hunter's Legacy"
"DreamBreak","13247","DreamBreak","24720","1020","140","1","8","0","0","24.24","DreamBreak"
"Baby Hands","13248","Baby Hands","24720","5940","148","2","6","0","0","4.16","Baby Hands"
"Messiah","13249","Messiah","24720","2820","95","1","11","0","0","8.77","Messiah"
"Magus","13250","Magus","24720","1380","97","1","9","0","0","17.91","Magus"
"Knights & Merchants: The Peasants Rebellion","13251","Knights & Merchants: The Peasants Rebellion","24720","11940","22","2","29","0","0","2.07","Knights & Merchants: The Peasants Rebellion"
"Port Royale 2","13252","Port Royale 2","24720","4800","82","1","23","0","0","5.15","Port Royale 2"
"SimCity 4: Rush Hour","13253","SimCity 4: Rush Hour","24720","10140","47","2","40","0","0","2.44","SimCity 4: Rush Hour"
"Lost Lands: A Hidden Object Adventure","13254","Lost Lands: A Hidden Object Adventure","24720","3300","53","1","11","0","0","7.49","Lost Lands: A Hidden Object Adventure"
"Mythgard","13255","Mythgard","24720","4260","53","1","6","0","0","5.8","Mythgard"
"Spectrum","13256","Spectrum","24660","6600","214","1","25","0","0","3.74","Spectrum"
"Tag Team Wrestling","13257","Tag Team Wrestling","24660","420","223","2","3","0","0","58.71","Tag Team Wrestling"
"Normality","13258","Normality","24660","6180","80","1","14","0","0","3.99","Normality"
"Diner Dash: Flo on the Go","13259","Diner Dash: Flo on the Go","24660","600","152","1","4","0","0","41.1","Diner Dash: Flo on the Go"
"La trilogía Dragon's Lair","13260","La trilogía Dragon's Lair","24660","180","224","1","2","0","0","137","La trilogía Dragon's Lair"
"Asagao Academy: Normal Boots Club","13261","Asagao Academy: Normal Boots Club","24600","15720","15","3","35","0","0","1.56","Asagao Academy: Normal Boots Club"
"The Unwelcomed","13262","The Unwelcomed","24600","780","110","1","7","0","0","31.54","The Unwelcomed"
"Straimium Immortaly","13263","Straimium Immortaly","24600","4980","241","1","22","0","0","4.94","Straimium Immortaly"
"Neo Bomberman","13264","Neo Bomberman","24600","4140","259","1","33","0","0","5.94","Neo Bomberman"
"Trackmania DS","13265","Trackmania DS","24600","3780","47","1","1","0","0","6.51","Trackmania DS"
"Wheel of Fortune: Family Edition","13266","Wheel of Fortune: Family Edition","24600","4620","38","1","24","0","0","5.32","Wheel of Fortune: Family Edition"
"Duck Dynasty","13267","Duck Dynasty","24600","7320","23","2","44","0","0","3.36","Duck Dynasty"
"Mystery Quest","13268","Mystery Quest","24600","2040","150","1","9","0","0","12.06","Mystery Quest"
"Freedom Force","13269","Freedom Force","24540","12240","22","3","41","0","0","2","Freedom Force"
"Dawn of Mana","13270","Dawn of Mana","24540","7200","45","2","16","0","0","3.41","Dawn of Mana"
"Pocket Fighter","13271","Pocket Fighter","24540","8700","111","2","39","0","0","2.82","Pocket Fighter"
"Death Skid Marks","13272","Death Skid Marks","24540","8880","27","1","44","0","0","2.76","Death Skid Marks"
"Beyond Divinity","13273","Beyond Divinity","24540","11400","14","1","9","0","0","2.15","Beyond Divinity"
"Rollers of the Realm","13274","Rollers of the Realm","24540","6480","38","1","33","0","0","3.79","Rollers of the Realm"
"Grand Prix 2","13275","Grand Prix 2","24540","4980","118","1","8","0","0","4.93","Grand Prix 2"
"Wave Race","13276","Wave Race","24540","2940","198","1","12","0","0","8.35","Wave Race"
"Sega Vintage Collection: Monster World","13277","Sega Vintage Collection: Monster World","24540","13980","22","3","103","0","0","1.76","Sega Vintage Collection: Monster World"
"Bomberman: Act Zero","13278","Bomberman: Act Zero","24540","20400","30","2","5","0","0","1.2","Bomberman: Act Zero"
"Orc Slayer","13279","Orc Slayer","24540","4500","134","1","25","0","0","5.45","Orc Slayer"
"Tiny Guardians","13280","Tiny Guardians","24540","1320","137","1","6","0","0","18.59","Tiny Guardians"
"Robinson's Requiem","13281","Robinson's Requiem","24540","1380","113","1","6","0","0","17.78","Robinson's Requiem"
"A Game With a Kitty","13282","A Game With a Kitty","24540","4140","20","2","2","0","0","5.93","A Game With a Kitty"
"Warbanners","13283","Warbanners","24480","5520","57","1","11","0","0","4.43","Warbanners"
"Hyperdimension Neptunia: Producing Perfection","13284","Hyperdimension Neptunia: Producing Perfection","24480","2400","78","1","10","0","0","10.2","Hyperdimension Neptunia: Producing Perfection"
"Barbie Sparkling Ice Show","13285","Barbie Sparkling Ice Show","24480","9720","34","2","11","0","0","2.52","Barbie Sparkling Ice Show"
"Ship Simulator Extremes","13286","Ship Simulator Extremes","24480","10740","23","1","42","0","0","2.28","Ship Simulator Extremes"
"Test Drive","13287","Test Drive","24480","23400","15","2","148","0","0","1.05","Test Drive"
"911 TS","13288","911 TS","24480","6060","52","2","44","0","0","4.04","911 TS"
"Rick Dangerous","13289","Rick Dangerous","24480","1860","68","1","9","0","0","13.16","Rick Dangerous"
"Star Wars Trilogy","13290","Star Wars Trilogy","24480","8400","25","1","16","0","0","2.91","Star Wars Trilogy"
"Marvel Super Heroes in War of the Gems","13291","Marvel Super Heroes in War of the Gems","24480","7620","101","2","50","0","0","3.21","Marvel Super Heroes in War of the Gems"
"Genji: Dawn of the Samurai","13292","Genji: Dawn of the Samurai","24480","5100","94","1","19","0","0","4.8","Genji: Dawn of the Samurai"
"Mega Man Battle Chip Challenge","13293","Mega Man Battle Chip Challenge","24420","4560","31","5","13","0","0","5.36","Mega Man Battle Chip Challenge"
"Geneforge","13294","Geneforge","24420","23160","18","2","20","0","0","1.05","Geneforge"
"Guitar Hero: Smash Hits","13295","Guitar Hero: Smash Hits","24420","6660","22","1","32","0","0","3.67","Guitar Hero: Smash Hits"
"Aces of the Luftwaffe","13296","Aces of the Luftwaffe","24420","4560","201","2","35","0","0","5.36","Aces of the Luftwaffe"
"LostMagic","13297","LostMagic","24420","2880","62","1","4","0","0","8.48","LostMagic"
"Arcane Straight: Summoned Soul","13298","Arcane Straight: Summoned Soul","24420","4860","41","1","15","0","0","5.02","Arcane Straight: Summoned Soul"
"The Ottifants","13299","The Ottifants","24420","360","356","3","5","0","0","67.83","The Ottifants"
"The Adventures of Tintin: Prisoners of the Sun","13300","The Adventures of Tintin: Prisoners of the Sun","24420","2580","386","3","6","0","0","9.47","The Adventures of Tintin: Prisoners of the Sun"