"","","Game","Watch time","Stream time","Peak viewers","Peak channels","Streamers","Average viewers","Average channels","Average viewer ratio",""
"Once Upon a Coma","11501","Once Upon a Coma","42660","4380","217","1","43","0","0","9.74","Once Upon a Coma"
"OverBlood 2","11502","OverBlood 2","42660","4680","178","1","6","0","0","9.12","OverBlood 2"
"Blade Arcus from Shining","11503","Blade Arcus from Shining","42660","5940","117","2","21","0","0","7.18","Blade Arcus from Shining"
"Doom II RPG","11504","Doom II RPG","42660","840","752","1","7","0","0","50.79","Doom II RPG"
"Bit.Trip Complete","11505","Bit.Trip Complete","42660","6900","192","2","11","0","0","6.18","Bit.Trip Complete"
"Magic Kid Googoo","11506","Magic Kid Googoo","42600","300","296","2","2","0","0","142","Magic Kid Googoo"
"Hamlet or the last game without MMORPG elements, shaders, and product placement","11507","Hamlet or the last game without MMORPG elements, shaders, and product placement","42600","23880","27","2","17","0","0","1.78","Hamlet or the last game without MMORPG elements, shaders, and product placement"
"Nigel Mansell's World Championship","11508","Nigel Mansell's World Championship","42600","1140","109","1","5","0","0","37.37","Nigel Mansell's World Championship"
"Espgaluda II Black Label","11509","Espgaluda II Black Label","42600","1620","106","1","5","0","0","26.3","Espgaluda II Black Label"
"Nicktoons: Battle for Volcano Island","11510","Nicktoons: Battle for Volcano Island","42600","11100","110","2","27","0","0","3.84","Nicktoons: Battle for Volcano Island"
"Deep Space","11511","Deep Space","42540","12720","21","2","16","0","0","3.34","Deep Space"
"Doodle Devil","11512","Doodle Devil","42540","2580","139","1","20","0","0","16.49","Doodle Devil"
"Runewards","11513","Runewards","42540","26340","35","3","14","0","0","1.62","Runewards"
"Mr. Massagy","11514","Mr. Massagy","42540","13140","50","2","98","0","0","3.24","Mr. Massagy"
"The Legend of the Dark Witch 2","11515","The Legend of the Dark Witch 2","42480","4440","474","1","16","0","0","9.57","The Legend of the Dark Witch 2"
"Thaumistry: In Charm's Way","11516","Thaumistry: In Charm's Way","42480","480","128","1","1","0","0","88.5","Thaumistry: In Charm's Way"
"Let's Cook","11517","Let's Cook","42480","3780","83","3","28","0","0","11.24","Let's Cook"
"Mighty No. 9: Ganbare! Beck","11518","Mighty No. 9: Ganbare! Beck","42480","2760","85","1","22","0","0","15.39","Mighty No. 9: Ganbare! Beck"
"White Album 2: Introductory Chapter","11519","White Album 2: Introductory Chapter","42480","4020","133","1","15","0","0","10.57","White Album 2: Introductory Chapter"
"FIFA World","11520","FIFA World","42480","2520","1049","2","25","0","0","16.86","FIFA World"
"Blitzkrieg Anthology","11521","Blitzkrieg Anthology","42480","1440","360","1","12","0","0","29.5","Blitzkrieg Anthology"
"Headhunter","11522","Headhunter","42420","11340","51","2","19","0","0","3.74","Headhunter"
"Final Fantasy Crystal Chronicles: The Crystal Bearers","11523","Final Fantasy Crystal Chronicles: The Crystal Bearers","42420","5700","144","1","18","0","0","7.44","Final Fantasy Crystal Chronicles: The Crystal Bearers"
"Mary-Kate and Ashley: Sweet 16: Licensed to Drive","11524","Mary-Kate and Ashley: Sweet 16: Licensed to Drive","42420","1740","271","1","14","0","0","24.38","Mary-Kate and Ashley: Sweet 16: Licensed to Drive"
"Hellgate: Tokyo","11525","Hellgate: Tokyo","42420","1380","78","1","5","0","0","30.74","Hellgate: Tokyo"
"FreeCol","11526","FreeCol","42360","600","230","1","2","0","0","70.6","FreeCol"
"DoDonPachi Daifukkatsu Black Label","11527","DoDonPachi Daifukkatsu Black Label","42360","10020","213","2","29","0","0","4.23","DoDonPachi Daifukkatsu Black Label"
"Toby: The Secret Mine","11528","Toby: The Secret Mine","42360","12120","18","2","64","0","0","3.5","Toby: The Secret Mine"
"Asgard","11529","Asgard","42300","10320","164","1","22","0","0","4.1","Asgard"
"JCB Pioneer: Mars","11530","JCB Pioneer: Mars","42300","4320","183","1","16","0","0","9.79","JCB Pioneer: Mars"
"Ty the Tasmanian Tiger 3: Night of the Quinkan","11531","Ty the Tasmanian Tiger 3: Night of the Quinkan","42300","14760","33","4","53","0","0","2.87","Ty the Tasmanian Tiger 3: Night of the Quinkan"
"1080° Avalanche","11532","1080° Avalanche","42300","10380","175","1","38","0","0","4.08","1080° Avalanche"
"Doorways","11533","Doorways","42300","12300","91","2","86","0","0","3.44","Doorways"
"Assassin's Creed III: Liberation","11534","Assassin's Creed III: Liberation","42300","14160","141","1","61","0","0","2.99","Assassin's Creed III: Liberation"
"Ember","11535","Ember","42300","9960","82","2","41","0","0","4.25","Ember"
"Chicken Invaders 4: Ultimate Omelette","11536","Chicken Invaders 4: Ultimate Omelette","42300","5220","183","1","35","0","0","8.1","Chicken Invaders 4: Ultimate Omelette"
"Quest for Glory II: Trial by Fire VGA","11537","Quest for Glory II: Trial by Fire VGA","42300","9780","26","1","17","0","0","4.33","Quest for Glory II: Trial by Fire VGA"
"Lost Constellation","11538","Lost Constellation","42240","2220","238","2","16","0","0","19.03","Lost Constellation"
"Revelation","11539","Revelation","42240","30960","27","3","110","0","0","1.36","Revelation"
"The Crown of Leaves","11540","The Crown of Leaves","42240","6900","57","3","31","0","0","6.12","The Crown of Leaves"
"Bola","11541","Bola","42240","2400","98","1","4","0","0","17.6","Bola"
"Tormentor X Punisher","11542","Tormentor X Punisher","42180","11160","348","2","66","0","0","3.78","Tormentor X Punisher"
"NRL Rugby League","11543","NRL Rugby League","42180","3060","272","1","9","0","0","13.78","NRL Rugby League"
"Battle Islands","11544","Battle Islands","42120","32820","24","3","102","0","0","1.28","Battle Islands"
"Ratchet & Clank: All 4 One","11545","Ratchet & Clank: All 4 One","42060","7200","45","1","21","0","0","5.84","Ratchet & Clank: All 4 One"
"Mario & Sonic at the Sochi 2014 Winter Olympic Games","11546","Mario & Sonic at the Sochi 2014 Winter Olympic Games","42060","1500","314","2","11","0","0","28.04","Mario & Sonic at the Sochi 2014 Winter Olympic Games"
"WSOP","11547","WSOP","42000","21900","61","2","79","0","0","1.92","WSOP"
"Toukon Retsuden 4","11548","Toukon Retsuden 4","42000","240","547","1","1","0","0","175","Toukon Retsuden 4"
"Star Trek Adventurers","11549","Star Trek Adventurers","42000","31740","15","2","23","0","0","1.32","Star Trek Adventurers"
"AFL","11550","AFL","41940","420","533","1","4","0","0","99.86","AFL"
"Skull & Crossbones","11551","Skull & Crossbones","41940","600","272","3","4","0","0","69.9","Skull & Crossbones"
"Awakening: The Skyward Castle","11552","Awakening: The Skyward Castle","41940","780","165","1","4","0","0","53.77","Awakening: The Skyward Castle"
"Cosmic DJ","11553","Cosmic DJ","41940","4080","562","1","31","0","0","10.28","Cosmic DJ"
"Rage of the Dragons","11554","Rage of the Dragons","41940","1380","210","1","7","0","0","30.39","Rage of the Dragons"
"Crazy Frog Racer","11555","Crazy Frog Racer","41940","7500","153","1","33","0","0","5.59","Crazy Frog Racer"
"in My MIND.","11556","in My MIND.","41880","720","191","2","5","0","0","58.17","in My MIND."
"Indie Game Battle","11557","Indie Game Battle","41880","7260","395","2","45","0","0","5.77","Indie Game Battle"
"Delta Force: Xtreme 2","11558","Delta Force: Xtreme 2","41880","2520","735","1","8","0","0","16.62","Delta Force: Xtreme 2"
"Sniper: Art Of Victory","11559","Sniper: Art Of Victory","41880","3600","477","2","28","0","0","11.63","Sniper: Art Of Victory"
"Aliens Versus Predator 2","11560","Aliens Versus Predator 2","41880","19800","20","2","67","0","0","2.12","Aliens Versus Predator 2"
"Scud Frenzy","11561","Scud Frenzy","41880","3120","55","2","10","0","0","13.42","Scud Frenzy"
"X-Men","11562","X-Men","41880","18060","40","2","61","0","0","2.32","X-Men"
"LISA ""The First""","11563","LISA ""The First""","41820","11040","57","2","48","0","0","3.79","LISA ""The First"""
"Submachine","11564","Submachine","41820","8640","60","1","24","0","0","4.84","Submachine"
"OverRide","11565","OverRide","41820","2580","160","2","17","0","0","16.21","OverRide"
"EDGE","11566","EDGE","41820","6960","157","1","46","0","0","6.01","EDGE"
"Genkai Totsuki Moero Chronicle","11567","Genkai Totsuki Moero Chronicle","41820","8880","123","1","23","0","0","4.71","Genkai Totsuki Moero Chronicle"
"Space Colony","11568","Space Colony","41760","4380","132","2","25","0","0","9.53","Space Colony"
"Versus World","11569","Versus World","41760","7740","74","3","41","0","0","5.4","Versus World"
"Sonic Rivals","11570","Sonic Rivals","41700","6120","104","2","16","0","0","6.81","Sonic Rivals"
"Captain Tsubasa Vol. II: Super Striker","11571","Captain Tsubasa Vol. II: Super Striker","41700","6420","175","1","20","0","0","6.5","Captain Tsubasa Vol. II: Super Striker"
"Warhammer 40,000: Armageddon","11572","Warhammer 40,000: Armageddon","41640","12600","32","2","23","0","0","3.3","Warhammer 40,000: Armageddon"
"Paperboy 2","11573","Paperboy 2","41640","10380","33","1","29","0","0","4.01","Paperboy 2"
"Senko no Ronde","11574","Senko no Ronde","41640","8700","10","1","2","0","0","4.79","Senko no Ronde"
"Karma: Incarnation 1","11575","Karma: Incarnation 1","41640","2700","96","1","19","0","0","15.42","Karma: Incarnation 1"
"Shu","11576","Shu","41640","5760","235","1","32","0","0","7.23","Shu"
"Rain of Reflections","11577","Rain of Reflections","41580","660","294","1","2","0","0","63","Rain of Reflections"
"Beekyr Reloaded","11578","Beekyr Reloaded","41580","1500","229","1","12","0","0","27.72","Beekyr Reloaded"
"Robot Arena: Design & Destroy","11579","Robot Arena: Design & Destroy","41580","13260","22","1","20","0","0","3.14","Robot Arena: Design & Destroy"
"Spectrobes","11580","Spectrobes","41580","12120","39","2","19","0","0","3.43","Spectrobes"
"Minesweeper Flags","11581","Minesweeper Flags","41580","11460","111","2","36","0","0","3.63","Minesweeper Flags"
"Magrunner: Dark Pulse","11582","Magrunner: Dark Pulse","41520","8760","113","2","25","0","0","4.74","Magrunner: Dark Pulse"
"Dance Dance Revolution EXTREME 2","11583","Dance Dance Revolution EXTREME 2","41520","6120","192","2","27","0","0","6.78","Dance Dance Revolution EXTREME 2"
"Nosferatu","11584","Nosferatu","41520","38460","191","2","30","0","0","1.08","Nosferatu"
"Ed, Edd n Eddy: The Mis-Edventures","11585","Ed, Edd n Eddy: The Mis-Edventures","41520","12000","81","2","64","0","0","3.46","Ed, Edd n Eddy: The Mis-Edventures"
"Yellow","11586","Yellow","41520","900","687","1","6","0","0","46.13","Yellow"
"Savage: The Shard of Gosen","11587","Savage: The Shard of Gosen","41520","2820","85","1","11","0","0","14.72","Savage: The Shard of Gosen"
"McKenzie & Co.","11588","McKenzie & Co.","41460","1260","63","1","2","0","0","32.9","McKenzie & Co."
"R-Type III: The Third Lightning","11589","R-Type III: The Third Lightning","41460","3000","231","1","17","0","0","13.82","R-Type III: The Third Lightning"
"Lethal Enforcers","11590","Lethal Enforcers","41460","360","702","1","5","0","0","115.17","Lethal Enforcers"
"Music on: Electric Guitar","11591","Music on: Electric Guitar","41460","30600","22","2","86","0","0","1.35","Music on: Electric Guitar"
"Pocahontas: Riverbend Adventures","11592","Pocahontas: Riverbend Adventures","41460","780","435","2","6","0","0","53.15","Pocahontas: Riverbend Adventures"
"Perspective","11593","Perspective","41460","1680","590","1","20","0","0","24.68","Perspective"
"Sid Meier's Civilization IV: Colonization","11594","Sid Meier's Civilization IV: Colonization","41460","8880","27","1","29","0","0","4.67","Sid Meier's Civilization IV: Colonization"
"Castle of Heart","11595","Castle of Heart","41400","2880","259","2","20","0","0","14.38","Castle of Heart"
"Tank Game","11596","Tank Game","41400","2460","171","1","9","0","0","16.83","Tank Game"
"Battle Bugs","11597","Battle Bugs","41400","540","356","1","3","0","0","76.67","Battle Bugs"
"Chicken Blaster","11598","Chicken Blaster","41340","660","340","1","3","0","0","62.64","Chicken Blaster"
"Make More!","11599","Make More!","41340","1980","110","2","13","0","0","20.88","Make More!"
"Urban Constructor","11600","Urban Constructor","41280","420","373","1","3","0","0","98.29","Urban Constructor"