"","","Game","Watch time","Stream time","Peak viewers","Peak channels","Streamers","Average viewers","Average channels","Average viewer ratio",""
"Test Drive Unlimited 2","3701","Test Drive Unlimited 2","1228020","66540","3418","4","233","2","0","18.46","Test Drive Unlimited 2"
"Karaoke Joysound","3702","Karaoke Joysound","1227780","47520","868","2","65","2","0","25.84","Karaoke Joysound"
"State of Decay","3703","State of Decay","1227240","275340","951","14","1136","2","0","4.46","State of Decay"
"FortressCraft Evolved!","3704","FortressCraft Evolved!","1226820","299340","357","6","284","2","0","4.1","FortressCraft Evolved!"
"Dreamfall Chapters","3705","Dreamfall Chapters","1224900","264780","127","6","612","2","0","4.63","Dreamfall Chapters"
"Tales of Eternia","3706","Tales of Eternia","1224240","102480","1081","3","70","2","0","11.95","Tales of Eternia"
"Toejam & Earl","3707","Toejam & Earl","1224000","149100","373","9","182","2","0","8.21","Toejam & Earl"
"LEGO Worlds","3708","LEGO Worlds","1223940","109740","2784","5","1371","2","0","11.15","LEGO Worlds"
"Goosebumps: The Game","3709","Goosebumps: The Game","1223040","22380","5026","2","110","2","0","54.65","Goosebumps: The Game"
"Legend of Grimrock","3710","Legend of Grimrock","1221480","141600","687","3","337","2","0","8.63","Legend of Grimrock"
"Star Wars: Jedi Knight - Dark Forces II","3711","Star Wars: Jedi Knight - Dark Forces II","1221420","99540","5812","4","173","2","0","12.27","Star Wars: Jedi Knight - Dark Forces II"
"Mega Man X: Command Mission","3712","Mega Man X: Command Mission","1221120","68400","1968","3","127","2","0","17.85","Mega Man X: Command Mission"
"I, Hope","3713","I, Hope","1220820","43560","3297","3","335","2","0","28.03","I, Hope"
"Just Dance 2015","3714","Just Dance 2015","1217640","20280","1086","2","171","2","0","60.04","Just Dance 2015"
"Lara Croft Tomb Raider: Legend","3715","Lara Croft Tomb Raider: Legend","1217520","176040","770","5","519","2","0","6.92","Lara Croft Tomb Raider: Legend"
"Onmyoji Arena","3716","Onmyoji Arena","1217280","247380","1248","7","623","2","0","4.92","Onmyoji Arena"
"Harry Potter: Hogwarts Mystery","3717","Harry Potter: Hogwarts Mystery","1216680","48780","3714","17","340","2","0","24.94","Harry Potter: Hogwarts Mystery"
"Root of Evil: The Tailor","3718","Root of Evil: The Tailor","1216260","27720","3893","3","161","2","0","43.88","Root of Evil: The Tailor"
"F1 2016","3719","F1 2016","1216200","161820","578","9","1235","2","0","7.52","F1 2016"
"Musynx","3720","Musynx","1215720","75480","2923","16","475","2","0","16.11","Musynx"
"11-11: Memories Retold","3721","11-11: Memories Retold","1213500","28140","1744","8","116","2","0","43.12","11-11: Memories Retold"
"Bridge","3722","Bridge","1213380","20400","7251","3","38","2","0","59.48","Bridge"
"Family Feud 2012 Edition","3723","Family Feud 2012 Edition","1212120","600","5644","1","3","2","0","2020.2","Family Feud 2012 Edition"
"Galactic Civilizations III","3724","Galactic Civilizations III","1212060","52320","1520","3","153","2","0","23.17","Galactic Civilizations III"
"WWF WrestleMania 2000","3725","WWF WrestleMania 2000","1211940","14220","8481","2","48","2","0","85.23","WWF WrestleMania 2000"
"Tiny Brains","3726","Tiny Brains","1211580","22680","6028","6","113","2","0","53.42","Tiny Brains"
"Salt","3727","Salt","1211520","68340","9177","5","270","2","0","17.73","Salt"
"Blood","3728","Blood","1208160","90360","909","4","297","2","0","13.37","Blood"
"Dead Secret","3729","Dead Secret","1206900","38520","2708","3","180","2","0","31.33","Dead Secret"
"A Magical High School Girl","3730","A Magical High School Girl","1206300","22080","4606","2","90","2","0","54.63","A Magical High School Girl"
"Tennis","3731","Tennis","1200840","970200","839","7","153","2","1","1.24","Tennis"
"Rory McIlroy PGA Tour","3732","Rory McIlroy PGA Tour","1200660","398760","1155","9","1450","2","0","3.01","Rory McIlroy PGA Tour"
"NFL Blitz 2000","3733","NFL Blitz 2000","1199700","10260","8924","8","50","2","0","116.93","NFL Blitz 2000"
"Heroes of Might and Magic III: Armageddon's Blade","3734","Heroes of Might and Magic III: Armageddon's Blade","1199580","54180","1804","3","178","2","0","22.14","Heroes of Might and Magic III: Armageddon's Blade"
"Peggle","3735","Peggle","1199280","120120","1500","4","720","2","0","9.98","Peggle"
"Muffled Warfare","3736","Muffled Warfare","1198800","15240","3792","4","88","2","0","78.66","Muffled Warfare"
"Psychiatrist Simulator","3737","Psychiatrist Simulator","1198800","14700","2479","4","135","2","0","81.55","Psychiatrist Simulator"
"Horror Legends","3738","Horror Legends","1198560","1560","41003","7","21","2","0","768.31","Horror Legends"
"SVC Chaos: SNK vs. Capcom","3739","SVC Chaos: SNK vs. Capcom","1198320","7440","8067","2","46","2","0","161.06","SVC Chaos: SNK vs. Capcom"
"Cultures","3740","Cultures","1196880","244680","317","4","33","2","0","4.89","Cultures"
"WWE SmackDown! Here Comes the Pain","3741","WWE SmackDown! Here Comes the Pain","1196460","48720","1755","2","124","2","0","24.56","WWE SmackDown! Here Comes the Pain"
"N++","3742","N++","1196280","209400","5119","6","709","2","0","5.71","N++"
"Exoplanet: First Contact","3743","Exoplanet: First Contact","1196280","10680","9674","4","71","2","0","112.01","Exoplanet: First Contact"
"Age of Wonders III","3744","Age of Wonders III","1195860","161940","1624","6","310","2","0","7.38","Age of Wonders III"
"Alone in the Dark: The New Nightmare","3745","Alone in the Dark: The New Nightmare","1195200","47580","912","3","146","2","0","25.12","Alone in the Dark: The New Nightmare"
"Street Fighter II': Hyper Fighting","3746","Street Fighter II': Hyper Fighting","1195200","5340","17096","1","29","2","0","223.82","Street Fighter II': Hyper Fighting"
"Unreal II: The Awakening","3747","Unreal II: The Awakening","1194840","15120","3115","1","54","2","0","79.02","Unreal II: The Awakening"
"Empyrion Galactic Survival","3748","Empyrion Galactic Survival","1194660","49320","2473","4","114","2","0","24.22","Empyrion Galactic Survival"
"Bubble Fighter","3749","Bubble Fighter","1194420","54540","5669","4","189","2","0","21.9","Bubble Fighter"
"Rare Replay","3750","Rare Replay","1194120","179460","1989","4","860","2","0","6.65","Rare Replay"
"Mushroom Wars 2","3751","Mushroom Wars 2","1193820","42480","5938","3","121","2","0","28.1","Mushroom Wars 2"
"Audiosurf 2","3752","Audiosurf 2","1193460","351060","172","8","1254","2","0","3.4","Audiosurf 2"
"Fishing Resort","3753","Fishing Resort","1192320","3480","11122","2","7","2","0","342.62","Fishing Resort"
"Sekiro: Shadows Die Twice","3754","Sekiro: Shadows Die Twice","1190940","1500","8370","1","12","2","0","793.96","Sekiro: Shadows Die Twice"
"Tokyo 42","3755","Tokyo 42","1189980","79080","5402","5","515","2","0","15.05","Tokyo 42"
"Repentant","3756","Repentant","1189140","3000","10158","2","19","2","0","396.38","Repentant"
"Street Fighter: The Movie","3757","Street Fighter: The Movie","1188780","7320","7874","3","35","2","0","162.4","Street Fighter: The Movie"
"How to Survive 2","3758","How to Survive 2","1188000","412440","738","9","1512","2","0","2.88","How to Survive 2"
"Beverly Hills Cop","3759","Beverly Hills Cop","1187280","720","7288","1","4","2","0","1649","Beverly Hills Cop"
"Monster Super League","3760","Monster Super League","1185660","301500","72","6","246","2","0","3.93","Monster Super League"
"Claw","3761","Claw","1185120","306780","1745","3","59","2","0","3.86","Claw"
"Oregon Trail II","3762","Oregon Trail II","1185060","20760","3523","3","104","2","0","57.08","Oregon Trail II"
"Sven Co-Op","3763","Sven Co-Op","1182000","221160","2235","6","1146","2","0","5.34","Sven Co-Op"
"H3H3: Ball Rider","3764","H3H3: Ball Rider","1180080","1080","11692","1","9","2","0","1092.67","H3H3: Ball Rider"
"Brawlout","3765","Brawlout","1179360","136920","2428","20","669","2","0","8.61","Brawlout"
"Deep Space Waifu","3766","Deep Space Waifu","1178460","61200","3161","3","516","2","0","19.26","Deep Space Waifu"
"Seum: Speedrunners from Hell","3767","Seum: Speedrunners from Hell","1177800","96360","2794","4","510","2","0","12.22","Seum: Speedrunners from Hell"
"Budget Cuts","3768","Budget Cuts","1177440","91740","2655","21","577","2","0","12.83","Budget Cuts"
"The Adventures of Cookie & Cream","3769","The Adventures of Cookie & Cream","1175340","6540","3362","2","20","2","0","179.72","The Adventures of Cookie & Cream"
"Lost in the Dungeon","3770","Lost in the Dungeon","1174800","3600","5965","2","19","2","0","326.33","Lost in the Dungeon"
"Ju-On: The Grudge","3771","Ju-On: The Grudge","1174320","5940","5902","2","36","2","0","197.7","Ju-On: The Grudge"
"Ape Escape 2","3772","Ape Escape 2","1173540","93840","3816","5","618","2","0","12.51","Ape Escape 2"
"Animal Crossing: Pocket Camp","3773","Animal Crossing: Pocket Camp","1173540","97080","1771","4","260","2","0","12.09","Animal Crossing: Pocket Camp"
"Soda Drinker Pro","3774","Soda Drinker Pro","1173300","13860","2899","2","108","2","0","84.65","Soda Drinker Pro"
"Legend of the Five Rings","3775","Legend of the Five Rings","1172760","103320","195","4","86","2","0","11.35","Legend of the Five Rings"
"Offworld Trading Company","3776","Offworld Trading Company","1170180","131640","1336","12","478","2","0","8.89","Offworld Trading Company"
"Obscuritas","3777","Obscuritas","1170060","46740","2472","4","129","2","0","25.03","Obscuritas"
"Lifeless Planet","3778","Lifeless Planet","1170000","42600","4044","2","150","2","0","27.46","Lifeless Planet"
"Sylvan Tale","3779","Sylvan Tale","1169940","3720","8492","4","11","2","0","314.5","Sylvan Tale"
"Ghostbusters","3780","Ghostbusters","1167840","102240","1822","4","390","2","0","11.42","Ghostbusters"
"Dementium II","3781","Dementium II","1167540","6900","4731","2","35","2","0","169.21","Dementium II"
"Planet Nomads","3782","Planet Nomads","1167420","192180","440","6","305","2","0","6.07","Planet Nomads"
"Atelier Firis: The Alchemist of the Mysterious Journey","3783","Atelier Firis: The Alchemist of the Mysterious Journey","1166880","139140","215","5","160","2","0","8.39","Atelier Firis: The Alchemist of the Mysterious Journey"
"Winx Club","3784","Winx Club","1166640","13680","3010","2","60","2","0","85.28","Winx Club"
"Nekopara Vol.0","3785","Nekopara Vol.0","1166100","49140","3504","3","369","2","0","23.73","Nekopara Vol.0"
"Special Force 2 SEA","3786","Special Force 2 SEA","1165620","7920","6342","3","37","2","0","147.17","Special Force 2 SEA"
"Vietcong 2","3787","Vietcong 2","1164540","2400","4292","1","15","2","0","485.23","Vietcong 2"
"Gran Turismo 4","3788","Gran Turismo 4","1163820","121200","262","4","255","2","0","9.6","Gran Turismo 4"
"Rake","3789","Rake","1162800","38580","3646","4","309","2","0","30.14","Rake"
"Nostale","3790","Nostale","1162080","301680","228","6","640","2","0","3.85","Nostale"
"Rampage Knights","3791","Rampage Knights","1161060","145740","1283","5","691","2","0","7.97","Rampage Knights"
"Taiko no Tatsujin","3792","Taiko no Tatsujin","1160820","29820","3790","3","135","2","0","38.93","Taiko no Tatsujin"
"My Brother Rabbit","3793","My Brother Rabbit","1160460","38160","1729","6","165","2","0","30.41","My Brother Rabbit"
"Mario & Luigi: Superstar Saga + Bowser's Minions","3794","Mario & Luigi: Superstar Saga + Bowser's Minions","1160100","47460","227","3","102","2","0","24.44","Mario & Luigi: Superstar Saga + Bowser's Minions"
"X-Men vs. Street Fighter","3795","X-Men vs. Street Fighter","1158600","8820","8462","1","62","2","0","131.36","X-Men vs. Street Fighter"
"Cat Burglar: A Tail of Purrsuit","3796","Cat Burglar: A Tail of Purrsuit","1157580","12840","18660","3","127","2","0","90.15","Cat Burglar: A Tail of Purrsuit"
"My Japanese Coach","3797","My Japanese Coach","1156860","1200","9724","1","7","2","0","964.05","My Japanese Coach"
"inFamous","3798","inFamous","1155900","79860","668","3","165","2","0","14.47","inFamous"
"Dance With Memes","3799","Dance With Memes","1155360","8220","19215","2","22","2","0","140.55","Dance With Memes"
"Transformers: Earth Wars","3800","Transformers: Earth Wars","1155360","11100","2991","1","25","2","0","104.09","Transformers: Earth Wars"