"","","Game","Watch time","Stream time","Peak viewers","Peak channels","Streamers","Average viewers","Average channels","Average viewer ratio",""
"SpaceTone","13001","SpaceTone","26640","1200","236","1","4","0","0","22.2","SpaceTone"
"Hanzo Quest","13002","Hanzo Quest","26640","4380","35","1","3","0","0","6.08","Hanzo Quest"
"Pokémon Ranger: Guardian Signs","13003","Pokémon Ranger: Guardian Signs","26580","9000","31","2","28","0","0","2.95","Pokémon Ranger: Guardian Signs"
"The Deer God","13004","The Deer God","26580","10860","52","2","71","0","0","2.45","The Deer God"
"Ultima VII, Part Two: Serpent Isle","13005","Ultima VII, Part Two: Serpent Isle","26580","5760","14","1","8","0","0","4.61","Ultima VII, Part Two: Serpent Isle"
"Boss Monster","13006","Boss Monster","26580","5460","59","2","34","0","0","4.87","Boss Monster"
"Uninvited","13007","Uninvited","26520","3720","57","2","25","0","0","7.13","Uninvited"
"Sparkster: Rocket Knight Adventures 2","13008","Sparkster: Rocket Knight Adventures 2","26520","3480","98","2","9","0","0","7.62","Sparkster: Rocket Knight Adventures 2"
"Scooby-Doo! Classic Creep Capers","13009","Scooby-Doo! Classic Creep Capers","26460","3780","170","1","23","0","0","7","Scooby-Doo! Classic Creep Capers"
"Rayman Forever","13010","Rayman Forever","26460","5040","71","1","29","0","0","5.25","Rayman Forever"
"Demon Stalkers","13011","Demon Stalkers","26460","480","169","1","2","0","0","55.13","Demon Stalkers"
"Guardians of Orion","13012","Guardians of Orion","26460","12060","20","2","54","0","0","2.19","Guardians of Orion"
"Bloody Boobs","13013","Bloody Boobs","26460","6540","116","2","39","0","0","4.05","Bloody Boobs"
"The Walking Zombie: Dead City","13014","The Walking Zombie: Dead City","26460","4080","140","2","25","0","0","6.49","The Walking Zombie: Dead City"
"Demon Gaze II","13015","Demon Gaze II","26460","20580","24","2","81","0","0","1.29","Demon Gaze II"
"Gensei Suikoden","13016","Gensei Suikoden","26460","2760","54","2","9","0","0","9.59","Gensei Suikoden"
"Mankind Reborn","13017","Mankind Reborn","26400","3960","38","1","6","0","0","6.67","Mankind Reborn"
"Barbie Superpack: Secret Agent / Groovy Games","13018","Barbie Superpack: Secret Agent / Groovy Games","26400","4800","248","2","20","0","0","5.5","Barbie Superpack: Secret Agent / Groovy Games"
"Valentino Rossi The Game","13019","Valentino Rossi The Game","26400","23880","42","2","110","0","0","1.11","Valentino Rossi The Game"
"Sega GT Online","13020","Sega GT Online","26400","600","134","1","4","0","0","44","Sega GT Online"
"Teenage Mutant Ninja Turtles: Out of the Shadows","13021","Teenage Mutant Ninja Turtles: Out of the Shadows","26400","10800","45","2","40","0","0","2.44","Teenage Mutant Ninja Turtles: Out of the Shadows"
"MechWarrior 2: Mercenaries","13022","MechWarrior 2: Mercenaries","26400","4440","45","1","13","0","0","5.95","MechWarrior 2: Mercenaries"
"Revenge of the Titans","13023","Revenge of the Titans","26400","4500","328","1","14","0","0","5.87","Revenge of the Titans"
"Skate or Die: Bad 'N Rad","13024","Skate or Die: Bad 'N Rad","26400","3060","115","1","4","0","0","8.63","Skate or Die: Bad 'N Rad"
"To The Core","13025","To The Core","26400","12480","29","3","133","0","0","2.12","To The Core"
"Cricket Captain 2018","13026","Cricket Captain 2018","26400","2280","90","1","8","0","0","11.58","Cricket Captain 2018"
"Rune: Halls of Valhalla","13027","Rune: Halls of Valhalla","26340","13680","63","2","17","0","0","1.93","Rune: Halls of Valhalla"
"Spider-Man: Return of the Sinister Six","13028","Spider-Man: Return of the Sinister Six","26340","4620","52","1","12","0","0","5.7","Spider-Man: Return of the Sinister Six"
"Ex-Mutants","13029","Ex-Mutants","26340","840","187","2","3","0","0","31.36","Ex-Mutants"
"Slendy!","13030","Slendy!","26340","11820","33","2","80","0","0","2.23","Slendy!"
"Lupin III: Pandora no Isan","13031","Lupin III: Pandora no Isan","26340","600","78","1","3","0","0","43.9","Lupin III: Pandora no Isan"
"Dancing Eyes","13032","Dancing Eyes","26340","1140","380","1","5","0","0","23.11","Dancing Eyes"
"Heroes of Umbra","13033","Heroes of Umbra","26340","5160","157","3","10","0","0","5.1","Heroes of Umbra"
"NCAA Football 2003","13034","NCAA Football 2003","26340","540","454","1","2","0","0","48.78","NCAA Football 2003"
"Offroad Heat","13035","Offroad Heat","26340","3180","45","2","13","0","0","8.28","Offroad Heat"
"Mushihime-sama Futari Black Label","13036","Mushihime-sama Futari Black Label","26280","12300","22","2","22","0","0","2.14","Mushihime-sama Futari Black Label"
"Electro Man","13037","Electro Man","26280","660","226","1","3","0","0","39.82","Electro Man"
"Hustle Kings","13038","Hustle Kings","26280","11460","45","2","376","0","0","2.29","Hustle Kings"
"jubeat plus","13039","jubeat plus","26280","4980","92","1","18","0","0","5.28","jubeat plus"
"Beats","13040","Beats","26280","20280","36","2","77","0","0","1.3","Beats"
"Hero of the Kingdom II","13041","Hero of the Kingdom II","26280","6420","79","1","31","0","0","4.09","Hero of the Kingdom II"
"Galaxy Robo","13042","Galaxy Robo","26280","2100","23","1","1","0","0","12.51","Galaxy Robo"
"Hana no Star Kaidou","13043","Hana no Star Kaidou","26280","1020","37","1","1","0","0","25.76","Hana no Star Kaidou"
"James Pond 3: Operation Starfish","13044","James Pond 3: Operation Starfish","26220","1020","168","4","9","0","0","25.71","James Pond 3: Operation Starfish"
"Farming Simulator 2008","13045","Farming Simulator 2008","26220","4860","230","1","25","0","0","5.4","Farming Simulator 2008"
"Stonewall Penitentiary","13046","Stonewall Penitentiary","26220","4740","24","2","10","0","0","5.53","Stonewall Penitentiary"
"Grisaia Phantom Trigger Vol. 1","13047","Grisaia Phantom Trigger Vol. 1","26220","7740","35","2","14","0","0","3.39","Grisaia Phantom Trigger Vol. 1"
"Masters of the Universe: He-Man: Power of Greyskull","13048","Masters of the Universe: He-Man: Power of Greyskull","26220","1200","101","1","6","0","0","21.85","Masters of the Universe: He-Man: Power of Greyskull"
"Gary Grigsby's War in the West","13049","Gary Grigsby's War in the West","26220","6840","60","1","4","0","0","3.83","Gary Grigsby's War in the West"
"World of One","13050","World of One","26160","7320","35","2","12","0","0","3.57","World of One"
"Turok: Evolution","13051","Turok: Evolution","26160","14580","34","2","49","0","0","1.79","Turok: Evolution"
"Daxter","13052","Daxter","26160","12180","26","2","48","0","0","2.15","Daxter"
"Rascal","13053","Rascal","26160","5760","241","2","12","0","0","4.54","Rascal"
"Nexus: The Jupiter Incident","13054","Nexus: The Jupiter Incident","26160","14460","73","2","28","0","0","1.81","Nexus: The Jupiter Incident"
"Hidden Object: Dog Happy Life","13055","Hidden Object: Dog Happy Life","26160","2460","19","1","1","0","0","10.63","Hidden Object: Dog Happy Life"
"Man Of Prey","13056","Man Of Prey","26100","2460","37","1","2","0","0","10.61","Man Of Prey"
"Street Fighter III: New Generation","13057","Street Fighter III: New Generation","26100","2100","176","2","13","0","0","12.43","Street Fighter III: New Generation"
"Legend of the Sword","13058","Legend of the Sword","26100","540","85","1","2","0","0","48.33","Legend of the Sword"
"Tall Unlimited","13059","Tall Unlimited","26100","120","474","1","2","0","0","217.5","Tall Unlimited"
"Dujanah","13060","Dujanah","26040","1860","71","1","10","0","0","14","Dujanah"
"Nox Timore","13061","Nox Timore","26040","2040","137","2","21","0","0","12.76","Nox Timore"
"Zoids: Battle Legends","13062","Zoids: Battle Legends","26040","7080","25","2","33","0","0","3.68","Zoids: Battle Legends"
"Elder Sign: Omens","13063","Elder Sign: Omens","26040","5580","78","1","18","0","0","4.67","Elder Sign: Omens"
"Fire Emblem: Ankoku Ryu to Hikari no Tsurugi","13064","Fire Emblem: Ankoku Ryu to Hikari no Tsurugi","26040","16920","9","2","38","0","0","1.54","Fire Emblem: Ankoku Ryu to Hikari no Tsurugi"
"Dracula Origin","13065","Dracula Origin","26040","4500","19","1","14","0","0","5.79","Dracula Origin"
"GameGuru","13066","GameGuru","26040","1800","226","1","15","0","0","14.47","GameGuru"
"Tango: The Adventure Game","13067","Tango: The Adventure Game","26040","360","590","1","4","0","0","72.33","Tango: The Adventure Game"
"Mr. Bones","13068","Mr. Bones","25980","4020","46","2","14","0","0","6.46","Mr. Bones"
"Cosmo Police Galivan","13069","Cosmo Police Galivan","25980","1980","211","1","4","0","0","13.12","Cosmo Police Galivan"
"Robin Hood","13070","Robin Hood","25980","1440","222","2","6","0","0","18.04","Robin Hood"
"Dark Matter","13071","Dark Matter","25980","2160","26","1","8","0","0","12.03","Dark Matter"
"Iron Man 2","13072","Iron Man 2","25980","3300","139","1","13","0","0","7.87","Iron Man 2"
"Rodina","13073","Rodina","25980","8460","69","2","49","0","0","3.07","Rodina"
"Dream Of Mirror Online","13074","Dream Of Mirror Online","25980","10440","110","1","18","0","0","2.49","Dream Of Mirror Online"
"Re:Stage! Prism Step","13075","Re:Stage! Prism Step","25980","3780","24","2","4","0","0","6.87","Re:Stage! Prism Step"
"Shoujo City","13076","Shoujo City","25980","1440","168","1","13","0","0","18.04","Shoujo City"
"Gears 5","13077","Gears 5","25980","360","173","1","3","0","0","72.17","Gears 5"
"Sora to Umi no Aida","13078","Sora to Umi no Aida","25920","1560","80","1","4","0","0","16.62","Sora to Umi no Aida"
"Kartong - Death by Cardboard!","13079","Kartong - Death by Cardboard!","25920","3240","50","1","17","0","0","8","Kartong - Death by Cardboard!"
"Awsome Metal Detecting","13080","Awsome Metal Detecting","25920","780","2134","1","4","0","0","33.23","Awsome Metal Detecting"
"Doodle Mafia","13081","Doodle Mafia","25920","1140","175","1","9","0","0","22.74","Doodle Mafia"
"Make My Video: Marky Mark and the Funky Bunch","13082","Make My Video: Marky Mark and the Funky Bunch","25920","1320","212","1","5","0","0","19.64","Make My Video: Marky Mark and the Funky Bunch"
"Vice: Project Doom","13083","Vice: Project Doom","25920","3240","365","1","20","0","0","8","Vice: Project Doom"
"Paintball Heroes","13084","Paintball Heroes","25920","1500","231","1","12","0","0","17.28","Paintball Heroes"
"Battle Master","13085","Battle Master","25920","1920","45","1","7","0","0","13.5","Battle Master"
"Asda Story Chapter 3","13086","Asda Story Chapter 3","25920","12540","73","1","11","0","0","2.07","Asda Story Chapter 3"
"Echo Prime","13087","Echo Prime","25920","3180","41","1","1","0","0","8.15","Echo Prime"
"Savage Worlds","13088","Savage Worlds","25920","7020","27","2","14","0","0","3.69","Savage Worlds"
"Cubot","13089","Cubot","25860","1680","170","1","8","0","0","15.39","Cubot"
"Factory Panic","13090","Factory Panic","25860","53520","13","2","2","0","0","0.48","Factory Panic"
"SuperStar SMTown","13091","SuperStar SMTown","25860","12780","27","1","54","0","0","2.02","SuperStar SMTown"
"State of Anarchy: Master of Mayhem","13092","State of Anarchy: Master of Mayhem","25860","8400","22","2","47","0","0","3.08","State of Anarchy: Master of Mayhem"
"Ping Pong Power","13093","Ping Pong Power","25860","240","429","1","3","0","0","107.75","Ping Pong Power"
"RC Fun City","13094","RC Fun City","25800","180","428","1","2","0","0","143.33","RC Fun City"
"Grim Tales: Color of Fright","13095","Grim Tales: Color of Fright","25800","1800","213","1","7","0","0","14.33","Grim Tales: Color of Fright"
"Run!ZombieFood!","13096","Run!ZombieFood!","25800","2040","183","2","11","0","0","12.65","Run!ZombieFood!"
"Swaps and Traps","13097","Swaps and Traps","25800","300","387","1","2","0","0","86","Swaps and Traps"
"The Last of Us Part II","13098","The Last of Us Part II","25800","7860","140","2","34","0","0","3.28","The Last of Us Part II"
"Craft Keep VR","13099","Craft Keep VR","25800","2100","523","1","11","0","0","12.29","Craft Keep VR"
"Hair Salon","13100","Hair Salon","25800","1980","191","1","17","0","0","13.03","Hair Salon"