"","","Game","Watch time","Stream time","Peak viewers","Peak channels","Streamers","Average viewers","Average channels","Average viewer ratio",""
"Sword Legacy: Omen","5901","Sword Legacy: Omen","370980","23340","572","7","89","0","0","15.89","Sword Legacy: Omen"
"Happy Holidays Christmas","5902","Happy Holidays Christmas","370800","10740","3901","5","20","0","0","34.53","Happy Holidays Christmas"
"Dengeki Bunko: Fighting Climax Ignition","5903","Dengeki Bunko: Fighting Climax Ignition","370800","25740","1088","2","40","0","0","14.41","Dengeki Bunko: Fighting Climax Ignition"
"Martial Arts Brutality","5904","Martial Arts Brutality","370620","15240","2972","3","88","0","0","24.32","Martial Arts Brutality"
"Tales of the Rays","5905","Tales of the Rays","369720","48240","75","4","58","0","0","7.66","Tales of the Rays"
"Wolfenstein 3D","5906","Wolfenstein 3D","369360","113100","539","4","544","0","0","3.27","Wolfenstein 3D"
"Super Turrican","5907","Super Turrican","369360","6840","5018","2","32","0","0","54","Super Turrican"
"Elite Beat Agents","5908","Elite Beat Agents","368940","4740","1287","2","30","0","0","77.84","Elite Beat Agents"
"Killzone: Shadow Fall","5909","Killzone: Shadow Fall","368940","225600","573","5","952","0","0","1.64","Killzone: Shadow Fall"
"Shop Heroes","5910","Shop Heroes","368880","78000","1002","3","124","0","0","4.73","Shop Heroes"
"Bubble Bobble","5911","Bubble Bobble","368700","43320","1249","8","161","0","0","8.51","Bubble Bobble"
"Might and Magic VII: For Blood and Honor","5912","Might and Magic VII: For Blood and Honor","368640","77520","231","3","108","0","0","4.76","Might and Magic VII: For Blood and Honor"
"Tokimeki Idol","5913","Tokimeki Idol","368400","19620","130","2","29","0","0","18.78","Tokimeki Idol"
"TRI: Of Friendship and Madness","5914","TRI: Of Friendship and Madness","368340","13020","538","2","39","0","0","28.29","TRI: Of Friendship and Madness"
"The Haunted Island, a Frog Detective Game","5915","The Haunted Island, a Frog Detective Game","368340","6540","1810","3","66","0","0","56.32","The Haunted Island, a Frog Detective Game"
"Edge of Eternity","5916","Edge of Eternity","368280","46200","221","21","254","0","0","7.97","Edge of Eternity"
"Indie Pogo","5917","Indie Pogo","368100","12600","1383","5","65","0","0","29.21","Indie Pogo"
"Naruto: Ultimate Ninja","5918","Naruto: Ultimate Ninja","368040","9120","3156","2","63","0","0","40.36","Naruto: Ultimate Ninja"
"Revelations: The Demon Slayer","5919","Revelations: The Demon Slayer","367980","1800","531","2","5","0","0","204.43","Revelations: The Demon Slayer"
"Power Up","5920","Power Up","367800","6000","325","1","1","0","0","61.3","Power Up"
"Crash Bandicoot Purple: Ripto's Rampage","5921","Crash Bandicoot Purple: Ripto's Rampage","367680","3960","2822","1","13","0","0","92.85","Crash Bandicoot Purple: Ripto's Rampage"
"The King of Fighters '99","5922","The King of Fighters '99","367500","6540","927","1","42","0","0","56.19","The King of Fighters '99"
"I Am Alive","5923","I Am Alive","367500","66840","146","3","355","0","0","5.5","I Am Alive"
"Guild Wars 2: Path of Fire","5924","Guild Wars 2: Path of Fire","367200","196920","142","5","610","0","0","1.86","Guild Wars 2: Path of Fire"
"Planescape: Torment: Enhanced Edition","5925","Planescape: Torment: Enhanced Edition","366840","93840","729","4","186","0","0","3.91","Planescape: Torment: Enhanced Edition"
"Hypergun","5926","Hypergun","366780","16560","1431","3","114","0","0","22.15","Hypergun"
"Reus","5927","Reus","366720","51120","1463","7","318","0","0","7.17","Reus"
"Valdis Story: Abyssal City","5928","Valdis Story: Abyssal City","366480","91020","118","4","194","0","0","4.03","Valdis Story: Abyssal City"
"Pang Adventures","5929","Pang Adventures","366300","9660","2796","2","64","0","0","37.92","Pang Adventures"
"Toilet Run","5930","Toilet Run","366240","180","11460","1","4","0","0","2034.67","Toilet Run"
"X-Men 2: Clone Wars","5931","X-Men 2: Clone Wars","366120","11460","835","1","31","0","0","31.95","X-Men 2: Clone Wars"
"Autumn Dream","5932","Autumn Dream","365700","1020","2833","1","10","0","0","358.53","Autumn Dream"
"Shogi","5933","Shogi","365640","59340","1075","3","57","0","0","6.16","Shogi"
"Battletoads in Battlemaniacs","5934","Battletoads in Battlemaniacs","364920","19860","997","3","84","0","0","18.37","Battletoads in Battlemaniacs"
"Meadow","5935","Meadow","364920","31980","1790","2","188","0","0","11.41","Meadow"
"Brandish","5936","Brandish","364680","11820","4239","2","6","0","0","30.85","Brandish"
"Flat Heroes","5937","Flat Heroes","364440","14220","796","3","96","0","0","25.63","Flat Heroes"
"Out of the Park Baseball 18","5938","Out of the Park Baseball 18","364320","45540","96","3","75","0","0","8","Out of the Park Baseball 18"
"The Adventures of Batman and Robin","5939","The Adventures of Batman and Robin","363840","26220","1630","2","69","0","0","13.88","The Adventures of Batman and Robin"
"Sakura Taisen 1 & 2","5940","Sakura Taisen 1 & 2","363360","3060","314","1","4","0","0","118.75","Sakura Taisen 1 & 2"
"Hook","5941","Hook","362880","30840","1482","5","149","0","0","11.77","Hook"
"Coffee Crisis","5942","Coffee Crisis","362820","18840","1437","3","143","0","0","19.26","Coffee Crisis"
"WWE SmackDown! vs. RAW 2007","5943","WWE SmackDown! vs. RAW 2007","362760","24840","1910","2","95","0","0","14.6","WWE SmackDown! vs. RAW 2007"
"Majin and the Forsaken Kingdom","5944","Majin and the Forsaken Kingdom","362700","4320","771","1","6","0","0","83.96","Majin and the Forsaken Kingdom"
"Nancy Drew: Warnings at Waverly Academy","5945","Nancy Drew: Warnings at Waverly Academy","362580","28200","413","2","77","0","0","12.86","Nancy Drew: Warnings at Waverly Academy"
"Computer Othello","5946","Computer Othello","362460","540","3367","2","9","0","0","671.22","Computer Othello"
"Action 52","5947","Action 52","362340","8400","2773","2","49","0","0","43.14","Action 52"
"Ori and the Will of the Wisps","5948","Ori and the Will of the Wisps","362100","1080","2663","1","9","0","0","335.28","Ori and the Will of the Wisps"
"Super Slam Dunk Touchdown","5949","Super Slam Dunk Touchdown","361920","180","3127","1","3","0","0","2010.67","Super Slam Dunk Touchdown"
"Dance Dance Revolution","5950","Dance Dance Revolution","361860","39000","2160","3","85","0","0","9.28","Dance Dance Revolution"
"Ultima I: The First Age of Darkness","5951","Ultima I: The First Age of Darkness","361800","14160","156","1","24","0","0","25.55","Ultima I: The First Age of Darkness"
"Cogmind","5952","Cogmind","361740","69000","184","3","102","0","0","5.24","Cogmind"
"Trauma Center: New Blood","5953","Trauma Center: New Blood","361560","14640","2137","2","41","0","0","24.7","Trauma Center: New Blood"
"Rayman 3","5954","Rayman 3","361500","9240","1969","2","45","0","0","39.12","Rayman 3"
"Prime Time","5955","Prime Time","361080","5880","480","1","6","0","0","61.41","Prime Time"
"Dark Seed","5956","Dark Seed","360840","3960","2531","1","15","0","0","91.12","Dark Seed"
"Gunple: Gunman's Proof","5957","Gunple: Gunman's Proof","360780","10260","2555","2","17","0","0","35.16","Gunple: Gunman's Proof"
"FIFA 98: Road to World Cup","5958","FIFA 98: Road to World Cup","360660","4500","1091","2","32","0","0","80.15","FIFA 98: Road to World Cup"
"Arcania: Fall of Setarrif","5959","Arcania: Fall of Setarrif","360240","12600","827","2","29","0","0","28.59","Arcania: Fall of Setarrif"
"Wrench","5960","Wrench","359940","15120","3850","6","73","0","0","23.81","Wrench"
"Airheart - Tales of broken Wings","5961","Airheart - Tales of broken Wings","359760","19020","1083","4","143","0","0","18.91","Airheart - Tales of broken Wings"
"Star Wars: Shadows of the Empire","5962","Star Wars: Shadows of the Empire","359520","48960","321","7","196","0","0","7.34","Star Wars: Shadows of the Empire"
"The Persistence","5963","The Persistence","359460","51600","909","7","256","0","0","6.97","The Persistence"
"The Sims Medieval: Pirates and Nobles","5964","The Sims Medieval: Pirates and Nobles","359400","31620","558","3","129","0","0","11.37","The Sims Medieval: Pirates and Nobles"
"Holy Potatoes! We're in Space?!","5965","Holy Potatoes! We're in Space?!","359280","73980","143","5","389","0","0","4.86","Holy Potatoes! We're in Space?!"
"Ace Combat 5: The Unsung War","5966","Ace Combat 5: The Unsung War","359220","62460","206","3","164","0","0","5.75","Ace Combat 5: The Unsung War"
"Naruto Shippuden: Ultimate Ninja Storm Revolution","5967","Naruto Shippuden: Ultimate Ninja Storm Revolution","359160","58140","1041","4","282","0","0","6.18","Naruto Shippuden: Ultimate Ninja Storm Revolution"
"Wario: Master of Disguise","5968","Wario: Master of Disguise","359160","960","1782","1","4","0","0","374.13","Wario: Master of Disguise"
"World of Illusion starring Mickey Mouse and Donald Duck","5969","World of Illusion starring Mickey Mouse and Donald Duck","359100","13200","4837","2","73","0","0","27.2","World of Illusion starring Mickey Mouse and Donald Duck"
"Castlevania: The Adventure","5970","Castlevania: The Adventure","358500","8880","1551","2","43","0","0","40.37","Castlevania: The Adventure"
"Doraemon 2: Nobita no Toys Land Daibouken","5971","Doraemon 2: Nobita no Toys Land Daibouken","358380","2280","6026","1","3","0","0","157.18","Doraemon 2: Nobita no Toys Land Daibouken"
"American McGee Presents: Bad Day L.A.","5972","American McGee Presents: Bad Day L.A.","358320","3840","3009","1","21","0","0","93.31","American McGee Presents: Bad Day L.A."
"Tower! 3D Pro","5973","Tower! 3D Pro","358320","81600","360","3","235","0","0","4.39","Tower! 3D Pro"
"Mario & Sonic at the Rio 2016 Olympic Games","5974","Mario & Sonic at the Rio 2016 Olympic Games","358140","6720","2109","1","37","0","0","53.29","Mario & Sonic at the Rio 2016 Olympic Games"
"Aven Colony","5975","Aven Colony","358140","121320","162","3","424","0","0","2.95","Aven Colony"
"Arctic Adventure: Penguin & Seal","5976","Arctic Adventure: Penguin & Seal","357780","420","1307","1","2","0","0","851.86","Arctic Adventure: Penguin & Seal"
"Space Hulk","5977","Space Hulk","357180","12660","1988","3","53","0","0","28.21","Space Hulk"
"Kodoku","5978","Kodoku","356820","2220","2185","2","5","0","0","160.73","Kodoku"
"Monument Valley II","5979","Monument Valley II","356760","4500","2253","1","27","0","0","79.28","Monument Valley II"
"Tomba! 2: The Evil Swine Return","5980","Tomba! 2: The Evil Swine Return","356700","48960","384","2","110","0","0","7.29","Tomba! 2: The Evil Swine Return"
"Castle Clash","5981","Castle Clash","356520","95340","58","3","209","0","0","3.74","Castle Clash"
"Flynn & Freckles","5982","Flynn & Freckles","356220","8340","902","2","15","0","0","42.71","Flynn & Freckles"
"RockShot","5983","RockShot","356220","59520","904","6","364","0","0","5.98","RockShot"
"Action Alien: Prelude","5984","Action Alien: Prelude","356100","360","6085","1","3","0","0","989.17","Action Alien: Prelude"
"I Can't Believe It's Not Gambling","5985","I Can't Believe It's Not Gambling","355860","20280","4897","2","158","0","0","17.55","I Can't Believe It's Not Gambling"
"Pic-a-Pix Color","5986","Pic-a-Pix Color","355860","17340","559","2","34","0","0","20.52","Pic-a-Pix Color"
"WWE SmackDown! vs. RAW 2009","5987","WWE SmackDown! vs. RAW 2009","355860","7620","903","2","31","0","0","46.7","WWE SmackDown! vs. RAW 2009"
"Limbo of The Lost","5988","Limbo of The Lost","355800","25920","501","2","60","0","0","13.73","Limbo of The Lost"
"Karnov","5989","Karnov","355680","19440","1020","4","53","0","0","18.3","Karnov"
"Sky Force Reloaded","5990","Sky Force Reloaded","355560","121800","360","4","355","0","0","2.92","Sky Force Reloaded"
"Speed Brawl","5991","Speed Brawl","355440","24780","268","8","111","0","0","14.34","Speed Brawl"
"Monster World IV","5992","Monster World IV","355260","19620","461","2","33","0","0","18.11","Monster World IV"
"SHIFT 2: Unleashed","5993","SHIFT 2: Unleashed","355200","51180","431","3","207","0","0","6.94","SHIFT 2: Unleashed"
"Game Builder","5994","Game Builder","355080","900","5411","3","8","0","0","394.53","Game Builder"
"Road Doom","5995","Road Doom","355020","540","5888","1","5","0","0","657.44","Road Doom"
"Sherlock Holmes: Secret of the Silver Earring","5996","Sherlock Holmes: Secret of the Silver Earring","354840","7500","5102","2","20","0","0","47.31","Sherlock Holmes: Secret of the Silver Earring"
"Full Metal Panic! Fight! Who Dares Wins","5997","Full Metal Panic! Fight! Who Dares Wins","354840","25680","1028","8","38","0","0","13.82","Full Metal Panic! Fight! Who Dares Wins"
"Clock Tower: The First Fear","5998","Clock Tower: The First Fear","354300","24060","320","3","64","0","0","14.73","Clock Tower: The First Fear"
"Yet Another Zombie Defense","5999","Yet Another Zombie Defense","354180","41640","991","5","333","0","0","8.51","Yet Another Zombie Defense"
"Another Perspective","6000","Another Perspective","354180","13260","5276","16","41","0","0","26.71","Another Perspective"