"","","Game","Watch time","Stream time","Peak viewers","Peak channels","Streamers","Average viewers","Average channels","Average viewer ratio",""
"Simulacra","901","Simulacra","17981640","310620","20092","12","1239","34","0","57.89","Simulacra"
"Turmoil","902","Turmoil","17959080","262380","10789","9","1152","34","0","68.45","Turmoil"
"Black Desert Mobile","903","Black Desert Mobile","17875320","954780","4105","35","587","34","1","18.72","Black Desert Mobile"
"The Legend of Zelda: A Link Between Worlds","904","The Legend of Zelda: A Link Between Worlds","17729340","217560","52541","6","319","33","0","81.49","The Legend of Zelda: A Link Between Worlds"
"The Long Reach","905","The Long Reach","17700780","664080","5639","13","277","33","1","26.65","The Long Reach"
"Superman","906","Superman","17697300","24240","132672","9","112","33","0","730.09","Superman"
"Immortal Redneck","907","Immortal Redneck","17691240","541740","6572","11","2194","33","1","32.66","Immortal Redneck"
"Age of Mythology","908","Age of Mythology","17640840","1170660","16253","13","2275","33","2","15.07","Age of Mythology"
"Legends of Aria","909","Legends of Aria","17628600","968940","2718","54","820","33","1","18.19","Legends of Aria"
"Tetris","910","Tetris","17625960","1491180","26953","15","4875","33","2","11.82","Tetris"
"Warhammer 40,000: Inquisitor Martyr","911","Warhammer 40,000: Inquisitor Martyr","17608320","1317480","5287","71","2631","33","2","13.37","Warhammer 40,000: Inquisitor Martyr"
"Pokémon Stadium 2","912","Pokémon Stadium 2","17604420","165240","24535","5","535","33","0","106.54","Pokémon Stadium 2"
"Depth","913","Depth","17593320","1165560","42224","23","4194","33","2","15.09","Depth"
"Supreme Commander: Forged Alliance","914","Supreme Commander: Forged Alliance","17544000","716040","7166","11","1051","33","1","24.5","Supreme Commander: Forged Alliance"
"TrackMania² Canyon","915","TrackMania² Canyon","17529660","123840","60726","7","430","33","0","141.55","TrackMania² Canyon"
"Dreadnought","916","Dreadnought","17521680","1722660","7132","27","3325","33","3","10.17","Dreadnought"
"Super Robot Wars X","917","Super Robot Wars X","17433420","1041960","2987","63","551","33","1","16.73","Super Robot Wars X"
"Fighting EX Layer","918","Fighting EX Layer","17404980","291120","10828","24","745","33","0","59.79","Fighting EX Layer"
"The Binding of Isaac: Rebirth","919","The Binding of Isaac: Rebirth","17377680","2699280","12991","22","14600","33","5","6.44","The Binding of Isaac: Rebirth"
"Good Pizza, Great Pizza","920","Good Pizza, Great Pizza","17376420","60180","7877","6","353","33","0","288.74","Good Pizza, Great Pizza"
"Punch Club","921","Punch Club","17371080","270600","3741","5","1063","33","0","64.19","Punch Club"
"The Blackout Club","922","The Blackout Club","17307600","176100","30098","22","906","32","0","98.28","The Blackout Club"
"The iDOLM@STER Cinderella Girls: Starlight Stage","923","The iDOLM@STER Cinderella Girls: Starlight Stage","17289420","797160","4216","16","665","32","1","21.69","The iDOLM@STER Cinderella Girls: Starlight Stage"
"Shantae and the Pirate's Curse","924","Shantae and the Pirate's Curse","17267160","340860","128422","13","897","32","0","50.66","Shantae and the Pirate's Curse"
"Judgment: Apocalypse Survival Simulation","925","Judgment: Apocalypse Survival Simulation","17248440","207900","25847","21","458","32","0","82.97","Judgment: Apocalypse Survival Simulation"
"Rift","926","Rift","17149020","1271280","4272","58","1601","32","2","13.49","Rift"
"The Golf Club 2019 Featuring PGA Tour","927","The Golf Club 2019 Featuring PGA Tour","17148120","369780","7011","21","616","32","0","46.37","The Golf Club 2019 Featuring PGA Tour"
"Shovel Knight","928","Shovel Knight","17143860","1187220","7595","41","3939","32","2","14.44","Shovel Knight"
"Mario Party 7","929","Mario Party 7","17139300","261480","49578","9","1320","32","0","65.55","Mario Party 7"
"Bad North","930","Bad North","17104380","190860","14090","15","925","32","0","89.62","Bad North"
"The Isle","931","The Isle","17037780","1407000","13061","20","1804","32","2","12.11","The Isle"
"Mafia III","932","Mafia III","16994220","5660820","2743","178","21447","32","10","3","Mafia III"
"Uncharted: The Nathan Drake Collection","933","Uncharted: The Nathan Drake Collection","16986720","1235760","3132","17","7976","32","2","13.75","Uncharted: The Nathan Drake Collection"
"Cards Against Humanity","934","Cards Against Humanity","16982940","1804140","22786","34","12483","32","3","9.41","Cards Against Humanity"
"Luigi's Mansion","935","Luigi's Mansion","16939380","1230000","5002","72","2974","32","2","13.77","Luigi's Mansion"
"MU Legend","936","MU Legend","16935360","1979100","9231","32","3126","32","3","8.56","MU Legend"
"Prismata","937","Prismata","16926300","456420","11027","12","628","32","0","37.08","Prismata"
"Pokémon X/Y","938","Pokémon X/Y","16906440","342540","6213","7","658","32","0","49.36","Pokémon X/Y"
"Mafia LIVE!","939","Mafia LIVE!","16896240","104040","1868","5","130","32","0","162.4","Mafia LIVE!"
"Pokémon Yellow: Special Pikachu Edition","940","Pokémon Yellow: Special Pikachu Edition","16879860","976260","1845","12","1857","32","1","17.29","Pokémon Yellow: Special Pikachu Edition"
"Deus Ex","941","Deus Ex","16844580","471120","111969","12","960","32","0","35.75","Deus Ex"
"My Hero One's Justice","942","My Hero One's Justice","16823820","1131420","20171","145","2943","32","2","14.87","My Hero One's Justice"
"Tropico 5","943","Tropico 5","16806600","770460","5814","10","2928","31","1","21.81","Tropico 5"
"Portal","944","Portal","16802940","1355580","13052","16","8945","31","2","12.4","Portal"
"Assetto Corsa","945","Assetto Corsa","16784040","3720240","5346","31","10394","31","7","4.51","Assetto Corsa"
"Mass Effect: Andromeda","946","Mass Effect: Andromeda","16784040","2709000","4281","24","9766","31","5","6.2","Mass Effect: Andromeda"
"Batman: Arkham Knight","947","Batman: Arkham Knight","16771800","4109460","5004","31","12528","31","7","4.08","Batman: Arkham Knight"
"Closers Online","948","Closers Online","16754340","3759780","1001","37","4137","31","7","4.46","Closers Online"
"Salt and Sanctuary","949","Salt and Sanctuary","16734060","1254240","6776","17","3885","31","2","13.34","Salt and Sanctuary"
"Fallout","950","Fallout","16725420","881160","10017","14","3026","31","1","18.98","Fallout"
"STAY","951","STAY","16724280","75960","15028","8","292","31","0","220.17","STAY"
"Tales of Symphonia","952","Tales of Symphonia","16713360","1032360","11861","12","1576","31","1","16.19","Tales of Symphonia"
"Farmer's Dynasty","953","Farmer's Dynasty","16682460","207180","24478","9","367","31","0","80.52","Farmer's Dynasty"
"Super Mario Bros.: The Lost Levels","954","Super Mario Bros.: The Lost Levels","16608540","264420","63981","5","330","31","0","62.81","Super Mario Bros.: The Lost Levels"
"Ben and Ed","955","Ben and Ed","16604220","102840","26816","6","560","31","0","161.46","Ben and Ed"
"Angvik","956","Angvik","16584480","411960","7580","22","1682","31","0","40.26","Angvik"
"Star Wars: Jedi Knight - Jedi Academy","957","Star Wars: Jedi Knight - Jedi Academy","16567920","585300","153791","14","1855","31","1","28.31","Star Wars: Jedi Knight - Jedi Academy"
"Finding Paradise","958","Finding Paradise","16541760","352740","5111","16","1181","31","0","46.9","Finding Paradise"
"Elsword","959","Elsword","16516980","2899740","2270","25","3649","31","5","5.7","Elsword"
"Kingdom Hearts: Birth by Sleep","960","Kingdom Hearts: Birth by Sleep","16482300","686700","130332","13","1490","31","1","24","Kingdom Hearts: Birth by Sleep"
"RPG Maker","961","RPG Maker","16450620","683340","3919","9","1406","31","1","24.07","RPG Maker"
"Gold Rush: The Game","962","Gold Rush: The Game","16364880","1112760","9905","24","2222","31","2","14.71","Gold Rush: The Game"
"The Escapists 2","963","The Escapists 2","16358220","1014120","6093","16","5675","31","1","16.13","The Escapists 2"
"Saints Row: The Third","964","Saints Row: The Third","16340640","899280","28044","13","4075","31","1","18.17","Saints Row: The Third"
"The Jackbox Party Pack","965","The Jackbox Party Pack","16304160","798480","8349","22","5508","31","1","20.42","The Jackbox Party Pack"
"slither.io","966","slither.io","16293900","412080","14908","9","3024","31","0","39.54","slither.io"
"Catherine","967","Catherine","16282020","347880","105840","14","748","30","0","46.8","Catherine"
"Spyro 2: Ripto's Rage","968","Spyro 2: Ripto's Rage","16277580","700740","104999","13","1311","30","1","23.23","Spyro 2: Ripto's Rage"
"Steam","969","Steam","16254660","601440","5697","19","2725","30","1","27.03","Steam"
"Mario Party 6","970","Mario Party 6","16251120","241260","9964","6","1049","30","0","67.36","Mario Party 6"
"Killer Instinct","971","Killer Instinct","16241760","1332960","7802","15","3691","30","2","12.18","Killer Instinct"
"Game Dev Tycoon","972","Game Dev Tycoon","16219500","552300","29563","11","3322","30","1","29.37","Game Dev Tycoon"
"Hand of Fate 2","973","Hand of Fate 2","16210080","574800","29091","13","1825","30","1","28.2","Hand of Fate 2"
"Harry Potter and the Philosopher's Stone","974","Harry Potter and the Philosopher's Stone","16200240","376260","8761","7","1184","30","0","43.06","Harry Potter and the Philosopher's Stone"
"Home Run Derby VR","975","Home Run Derby VR","16174620","1500","120714","10","15","30","0","10783.08","Home Run Derby VR"
"BATMAN - The Telltale Series","976","BATMAN - The Telltale Series","16163820","961200","20677","21","3621","30","1","16.82","BATMAN - The Telltale Series"
"Axiom Verge","977","Axiom Verge","16151220","405960","137666","12","1209","30","0","39.79","Axiom Verge"
"Fútbol","978","Fútbol","16148160","223920","11691","20","578","30","0","72.12","Fútbol"
"Deliver Us The Moon","979","Deliver Us The Moon","16141140","77100","32576","18","333","30","0","209.35","Deliver Us The Moon"
"Digimon Story: Cyber Sleuth Hacker's Memory","980","Digimon Story: Cyber Sleuth Hacker's Memory","16112340","869340","7036","77","2459","30","1","18.53","Digimon Story: Cyber Sleuth Hacker's Memory"
"CrossFire","981","CrossFire","16092300","1631820","5471","14","3294","30","3","9.86","CrossFire"
"Kingdom Hearts HD II.8: Final Chapter Prologue","982","Kingdom Hearts HD II.8: Final Chapter Prologue","16049460","914640","12260","15","1945","30","1","17.55","Kingdom Hearts HD II.8: Final Chapter Prologue"
"Football, Tactics & Glory","983","Football, Tactics & Glory","16031040","92940","12047","7","236","30","0","172.49","Football, Tactics & Glory"
"Conventions & Seminars","984","Conventions & Seminars","16001640","68880","15756","3","61","30","0","232.31","Conventions & Seminars"
"ELEX","985","ELEX","15997380","1268340","10598","18","2500","30","2","12.61","ELEX"
"Fire Emblem Fates","986","Fire Emblem Fates","15959880","256260","3959","6","259","30","0","62.28","Fire Emblem Fates"
"Chivalry: Medieval Warfare","987","Chivalry: Medieval Warfare","15895200","768840","34566","14","4425","30","1","20.67","Chivalry: Medieval Warfare"
"Far Cry 4","988","Far Cry 4","15849120","3300720","3670","52","11812","30","6","4.8","Far Cry 4"
"Alan Wake","989","Alan Wake","15838920","1410420","5267","52","4290","30","2","11.23","Alan Wake"
"Cry Of Fear","990","Cry Of Fear","15837300","675900","8424","22","4508","30","1","23.43","Cry Of Fear"
"Pinball","991","Pinball","15800340","723660","8690","12","563","30","1","21.83","Pinball"
"Mega Man Zero 3","992","Mega Man Zero 3","15781800","59760","144947","9","119","30","0","264.09","Mega Man Zero 3"
"MudRunner","993","MudRunner","15774660","2094120","4816","34","6997","30","3","7.53","MudRunner"
"Desert Bus","994","Desert Bus","15718320","78660","8491","5","288","29","0","199.83","Desert Bus"
"The Witch's House","995","The Witch's House","15690420","167880","26237","17","887","29","0","93.46","The Witch's House"
"Animal Crossing: New Leaf","996","Animal Crossing: New Leaf","15674400","634020","12565","10","720","29","1","24.72","Animal Crossing: New Leaf"
"Ratchet & Clank","997","Ratchet & Clank","15604800","966840","173332","33","12936","29","1","16.14","Ratchet & Clank"
"DJMAX Respect","998","DJMAX Respect","15588840","1556640","6954","44","3703","29","2","10.01","DJMAX Respect"
"Old Spice Games","999","Old Spice Games","15579060","4200","47320","6","17","29","0","3709.3","Old Spice Games"
"Final Fantasy XIII","1000","Final Fantasy XIII","15553920","1831980","4218","18","2768","29","3","8.49","Final Fantasy XIII"