"","","Game","Watch time","Stream time","Peak viewers","Peak channels","Streamers","Average viewers","Average channels","Average viewer ratio",""
"Phase Shift","4001","Phase Shift","1016520","92400","4094","3","264","1","0","11","Phase Shift"
"Chibi-Robo!","4002","Chibi-Robo!","1016460","80640","2979","3","193","1","0","12.6","Chibi-Robo!"
"Gabriel Knight: Sins of the Fathers","4003","Gabriel Knight: Sins of the Fathers","1016100","60000","681","3","118","1","0","16.94","Gabriel Knight: Sins of the Fathers"
"Wuxia Master","4004","Wuxia Master","1016040","7020","1026","4","14","1","0","144.74","Wuxia Master"
"Bujingai: The Forsaken City","4005","Bujingai: The Forsaken City","1016040","8520","6935","1","19","1","0","119.25","Bujingai: The Forsaken City"
"Ape Escape 3","4006","Ape Escape 3","1015620","88320","2470","3","141","1","0","11.5","Ape Escape 3"
"Fluffy Horde","4007","Fluffy Horde","1015440","29340","1953","6","197","1","0","34.61","Fluffy Horde"
"Anno 2070","4008","Anno 2070","1015440","219360","400","6","755","1","0","4.63","Anno 2070"
"The Seven Deadly Sins: Knights of Britannia","4009","The Seven Deadly Sins: Knights of Britannia","1015140","76620","1775","9","807","1","0","13.25","The Seven Deadly Sins: Knights of Britannia"
"Majotori","4010","Majotori","1015020","30540","4196","3","113","1","0","33.24","Majotori"
"Gonner","4011","Gonner","1014840","49680","7750","5","442","1","0","20.43","Gonner"
"The Raven","4012","The Raven","1013820","48480","738","4","112","1","0","20.91","The Raven"
"Minecraft: Story Mode - Season Two","4013","Minecraft: Story Mode - Season Two","1013640","132960","691","6","669","1","0","7.62","Minecraft: Story Mode - Season Two"
"Eternal City","4014","Eternal City","1012560","43080","7062","3","53","1","0","23.5","Eternal City"
"Heroes of Might and Magic: A Strategic Quest","4015","Heroes of Might and Magic: A Strategic Quest","1012140","21960","4175","2","58","1","0","46.09","Heroes of Might and Magic: A Strategic Quest"
"Tony Hawk's Pro Skater 3","4016","Tony Hawk's Pro Skater 3","1011540","84960","2869","3","422","1","0","11.91","Tony Hawk's Pro Skater 3"
"Bullet Witch","4017","Bullet Witch","1011540","28320","26230","5","108","1","0","35.72","Bullet Witch"
"Gotcha Racing 2nd","4018","Gotcha Racing 2nd","1011060","2040","2705","1","10","1","0","495.62","Gotcha Racing 2nd"
"Black","4019","Black","1010760","59460","1823","5","537","1","0","17","Black"
"Global Game Jam","4020","Global Game Jam","1010700","239640","625","99","192","1","0","4.22","Global Game Jam"
"Syberia III","4021","Syberia III","1010400","129960","1841","4","271","1","0","7.77","Syberia III"
"Fist of the North Star:  Ken's Rage","4022","Fist of the North Star:  Ken's Rage","1009860","16800","2682","2","35","1","0","60.11","Fist of the North Star:  Ken's Rage"
"Of Mice and Sand","4023","Of Mice and Sand","1008960","44580","662","5","90","1","0","22.63","Of Mice and Sand"
"Metroid Prime: Hunters","4024","Metroid Prime: Hunters","1008900","12720","7389","2","41","1","0","79.32","Metroid Prime: Hunters"
"Rise of Nightmares","4025","Rise of Nightmares","1008660","1620","8530","2","9","1","0","622.63","Rise of Nightmares"
"The Adventures of Down Under Dan","4026","The Adventures of Down Under Dan","1008420","1200","2418","1","4","1","0","840.35","The Adventures of Down Under Dan"
"Adventure Maker","4027","Adventure Maker","1007640","3060","5949","2","10","1","0","329.29","Adventure Maker"
"Titanfall","4028","Titanfall","1006800","418620","283","7","1566","1","0","2.41","Titanfall"
"Final Fantasy Legend III","4029","Final Fantasy Legend III","1005900","11220","4588","3","31","1","0","89.65","Final Fantasy Legend III"
"Panzer Dragoon","4030","Panzer Dragoon","1005840","8220","6031","2","43","1","0","122.36","Panzer Dragoon"
"Star Wars: Empire at War","4031","Star Wars: Empire at War","1005660","166980","315","6","666","1","0","6.02","Star Wars: Empire at War"
"Quake III Arena","4032","Quake III Arena","1005000","225420","989","5","631","1","0","4.46","Quake III Arena"
"Rebel Galaxy","4033","Rebel Galaxy","1004220","207900","697","6","752","1","0","4.83","Rebel Galaxy"
"Neon the Ninja","4034","Neon the Ninja","1004160","3300","16282","3","14","1","0","304.29","Neon the Ninja"
"Mystik Belle","4035","Mystik Belle","1003740","10740","3165","2","36","1","0","93.46","Mystik Belle"
"Ib","4036","Ib","1003200","130500","434","6","591","1","0","7.69","Ib"
"Dragon Ball GT: Final Bout","4037","Dragon Ball GT: Final Bout","1002900","5220","7482","2","39","1","0","192.13","Dragon Ball GT: Final Bout"
"Puke Simulator","4038","Puke Simulator","1001700","1560","23752","2","21","1","0","642.12","Puke Simulator"
"Forged Battalion","4039","Forged Battalion","1000200","75420","2821","10","298","1","0","13.26","Forged Battalion"
"America's Next Top Model","4040","America's Next Top Model","999960","540","4883","3","4","1","0","1851.78","America's Next Top Model"
"Heart of Darkness","4041","Heart of Darkness","999900","22680","2581","2","102","1","0","44.09","Heart of Darkness"
"Tokyo Jungle","4042","Tokyo Jungle","999840","25200","1583","2","94","1","0","39.68","Tokyo Jungle"
"King's Quest","4043","King's Quest","998820","216420","385","4","600","1","0","4.62","King's Quest"
"BLADENET","4044","BLADENET","998820","7080","9434","6","54","1","0","141.08","BLADENET"
"The Solus Project","4045","The Solus Project","998040","124740","1153","4","338","1","0","8","The Solus Project"
"The Ultimate Haunted House","4046","The Ultimate Haunted House","997620","420","8898","2","4","1","0","2375.29","The Ultimate Haunted House"
"Wild Arms","4047","Wild Arms","997260","120960","256","5","154","1","0","8.24","Wild Arms"
"Firestriker","4048","Firestriker","996840","3600","21713","5","21","1","0","276.9","Firestriker"
"Marble Combat","4049","Marble Combat","994380","120","33123","1","2","1","0","8286.5","Marble Combat"
"The Thrill of the Fight","4050","The Thrill of the Fight","993960","16560","2733","2","91","1","0","60.02","The Thrill of the Fight"
"Tony Hawk's Pro Skater 4","4051","Tony Hawk's Pro Skater 4","993540","87480","1149","4","321","1","0","11.36","Tony Hawk's Pro Skater 4"
"The King of Fighters '97 OL","4052","The King of Fighters '97 OL","993180","4200","10268","5","26","1","0","236.47","The King of Fighters '97 OL"
"MX vs. ATV All Out","4053","MX vs. ATV All Out","992040","220020","723","14","1151","1","0","4.51","MX vs. ATV All Out"
"Dragon Warrior Monsters","4054","Dragon Warrior Monsters","991920","40440","2871","3","65","1","0","24.53","Dragon Warrior Monsters"
"Banjo-Kazooie: Grunty's Revenge","4055","Banjo-Kazooie: Grunty's Revenge","991800","31500","2782","10","47","1","0","31.49","Banjo-Kazooie: Grunty's Revenge"
"System Shock","4056","System Shock","991740","82860","3772","4","258","1","0","11.97","System Shock"
"Shogo: Mobile Armor Division","4057","Shogo: Mobile Armor Division","991680","11160","3358","2","41","1","0","88.86","Shogo: Mobile Armor Division"
"Robocraft Royale","4058","Robocraft Royale","990540","10500","15532","5","80","1","0","94.34","Robocraft Royale"
"Project Justice","4059","Project Justice","990240","15540","6889","2","53","1","0","63.72","Project Justice"
"Stellar Interface","4060","Stellar Interface","989820","3600","2356","1","13","1","0","274.95","Stellar Interface"
"Blade & Bones","4061","Blade & Bones","989760","5880","10462","2","39","1","0","168.33","Blade & Bones"
"Wii Music","4062","Wii Music","988440","5820","4231","1","41","1","0","169.84","Wii Music"
"Runescape Classic","4063","Runescape Classic","987540","142260","4366","7","574","1","0","6.94","Runescape Classic"
"Starlink","4064","Starlink","987000","6840","4718","3","31","1","0","144.3","Starlink"
"Agents of Mayhem","4065","Agents of Mayhem","986820","464340","1454","7","1838","1","0","2.13","Agents of Mayhem"
"Wii Fit","4066","Wii Fit","986400","3420","5253","2","22","1","0","288.42","Wii Fit"
"Halo 4","4067","Halo 4","986340","268860","648","6","838","1","0","3.67","Halo 4"
"Project CARS","4068","Project CARS","985380","382620","1647","8","2356","1","0","2.58","Project CARS"
"35mm","4069","35mm","984960","67200","2409","3","288","1","0","14.66","35mm"
"Fantasy Sports","4070","Fantasy Sports","984060","77820","146","6","126","1","0","12.65","Fantasy Sports"
"The Warriors","4071","The Warriors","983880","195240","1879","4","824","1","0","5.04","The Warriors"
"Phoenix Point","4072","Phoenix Point","983760","56280","1047","19","270","1","0","17.48","Phoenix Point"
"The Sims 2: Super Collection","4073","The Sims 2: Super Collection","983100","116100","1169","4","231","1","0","8.47","The Sims 2: Super Collection"
"Rogue Galaxy","4074","Rogue Galaxy","982260","164100","613","4","583","1","0","5.99","Rogue Galaxy"
"Auryn Quest","4075","Auryn Quest","981240","720","16341","4","5","1","0","1362.83","Auryn Quest"
"L.A. Noire: The VR Case Files","4076","L.A. Noire: The VR Case Files","980040","26700","1745","2","113","1","0","36.71","L.A. Noire: The VR Case Files"
"The Guest","4077","The Guest","979980","27840","4094","3","149","1","0","35.2","The Guest"
"Gloria Victis","4078","Gloria Victis","979980","188940","1697","10","516","1","0","5.19","Gloria Victis"
"Octodad","4079","Octodad","979440","21960","2025","3","144","1","0","44.6","Octodad"
"PaRappa the Rapper 2","4080","PaRappa the Rapper 2","979380","24840","2493","3","381","1","0","39.43","PaRappa the Rapper 2"
"Utawarerumono: Itsuwari no Kamen","4081","Utawarerumono: Itsuwari no Kamen","978660","47100","660","3","45","1","0","20.78","Utawarerumono: Itsuwari no Kamen"
".hack//INFECTION - Part 1","4082",".hack//INFECTION - Part 1","977520","119460","1629","4","228","1","0","8.18",".hack//INFECTION - Part 1"
"Tom Clancy's Splinter Cell: Conviction","4083","Tom Clancy's Splinter Cell: Conviction","977400","212280","1063","7","943","1","0","4.6","Tom Clancy's Splinter Cell: Conviction"
"Street Fighter EX3","4084","Street Fighter EX3","976500","2340","7956","2","22","1","0","417.31","Street Fighter EX3"
"Glover","4085","Glover","975600","49740","1808","6","164","1","0","19.61","Glover"
"Dragon Quest IX: Sentinels of the Starry Skies","4086","Dragon Quest IX: Sentinels of the Starry Skies","974640","112920","604","3","198","1","0","8.63","Dragon Quest IX: Sentinels of the Starry Skies"
"Heroes of Might and Magic IV: Winds of War","4087","Heroes of Might and Magic IV: Winds of War","974040","22200","499","2","37","1","0","43.88","Heroes of Might and Magic IV: Winds of War"
"Kirby's Return to Dream Land","4088","Kirby's Return to Dream Land","973260","85500","1012","6","285","1","0","11.38","Kirby's Return to Dream Land"
"My Candy Love","4089","My Candy Love","973200","5460","1338","2","22","1","0","178.24","My Candy Love"
"Distrust","4090","Distrust","973140","108480","665","4","439","1","0","8.97","Distrust"
"Break Arts II","4091","Break Arts II","972780","32220","5721","6","162","1","0","30.19","Break Arts II"
"The Strangers","4092","The Strangers","972480","1800","8745","2","23","1","0","540.27","The Strangers"
"Survival Heroes","4093","Survival Heroes","972240","281820","1581","14","836","1","0","3.45","Survival Heroes"
"Princess Remedy","4094","Princess Remedy","971880","34140","3009","9","138","1","0","28.47","Princess Remedy"
"Bear With Me","4095","Bear With Me","970980","140460","272","5","506","1","0","6.91","Bear With Me"
"ClusterPuck 99","4096","ClusterPuck 99","970740","2160","6284","2","17","1","0","449.42","ClusterPuck 99"
"Batman: Arkham VR","4097","Batman: Arkham VR","969900","22680","4349","2","512","1","0","42.76","Batman: Arkham VR"
"Alone in the Dark","4098","Alone in the Dark","968280","184500","1612","4","192","1","0","5.25","Alone in the Dark"
"Metal Gear Solid 2: Substance","4099","Metal Gear Solid 2: Substance","968220","157620","1766","4","340","1","0","6.14","Metal Gear Solid 2: Substance"
"The Book of Unwritten Tales","4100","The Book of Unwritten Tales","968160","81000","376","3","144","1","0","11.95","The Book of Unwritten Tales"