"","","Game","Watch time","Stream time","Peak viewers","Peak channels","Streamers","Average viewers","Average channels","Average viewer ratio",""
"Japan Scenery Disk","11001","Japan Scenery Disk","49980","10260","12","1","4","0","0","4.87","Japan Scenery Disk"
"KickBeat","11002","KickBeat","49980","13320","238","2","62","0","0","3.75","KickBeat"
"Bishoujo Senshi Sailor Moon","11003","Bishoujo Senshi Sailor Moon","49920","17220","46","2","59","0","0","2.9","Bishoujo Senshi Sailor Moon"
"Disney's Extreme Skate Adventure","11004","Disney's Extreme Skate Adventure","49920","11340","93","2","58","0","0","4.4","Disney's Extreme Skate Adventure"
"Fire and Forget 2: The Death Convoy","11005","Fire and Forget 2: The Death Convoy","49920","180","564","1","1","0","0","277.33","Fire and Forget 2: The Death Convoy"
"Bonesaw: The Game","11006","Bonesaw: The Game","49920","2220","522","1","5","0","0","22.49","Bonesaw: The Game"
"PatientZ: Survivalist","11007","PatientZ: Survivalist","49800","120","974","1","1","0","0","415","PatientZ: Survivalist"
"The Tape","11008","The Tape","49740","1980","371","1","23","0","0","25.12","The Tape"
"Ace Combat: Assault Horizon Legacy+","11009","Ace Combat: Assault Horizon Legacy+","49740","6000","72","2","17","0","0","8.29","Ace Combat: Assault Horizon Legacy+"
"Rise of Flight: The First Great Air War","11010","Rise of Flight: The First Great Air War","49740","29400","36","2","42","0","0","1.69","Rise of Flight: The First Great Air War"
"X-Blades","11011","X-Blades","49680","21420","75","2","96","0","0","2.32","X-Blades"
"Ms. Pac-Man","11012","Ms. Pac-Man","49680","24900","184","2","151","0","0","2","Ms. Pac-Man"
"Firestorm","11013","Firestorm","49680","43380","15","2","101","0","0","1.15","Firestorm"
"Goofball Goals","11014","Goofball Goals","49680","660","237","1","5","0","0","75.27","Goofball Goals"
"Drawn to Life: SpongeBob SquarePants Edition","11015","Drawn to Life: SpongeBob SquarePants Edition","49680","120","826","1","1","0","0","414","Drawn to Life: SpongeBob SquarePants Edition"
"Act It Out! A Game of Charades","11016","Act It Out! A Game of Charades","49680","8160","73","2","14","0","0","6.09","Act It Out! A Game of Charades"
"Elysium","11017","Elysium","49680","19320","130","5","99","0","0","2.57","Elysium"
"Rogue Trooper Redux","11018","Rogue Trooper Redux","49620","24000","126","2","101","0","0","2.07","Rogue Trooper Redux"
"Sam & Max Episode 2: Situation: Comedy","11019","Sam & Max Episode 2: Situation: Comedy","49620","9060","133","1","51","0","0","5.48","Sam & Max Episode 2: Situation: Comedy"
"Armored Core 2","11020","Armored Core 2","49620","12600","47","1","36","0","0","3.94","Armored Core 2"
"Red Steel","11021","Red Steel","49620","3960","83","1","19","0","0","12.53","Red Steel"
"F1 2014","11022","F1 2014","49620","47340","31","2","159","0","0","1.05","F1 2014"
"Super Stickman Golf 2","11023","Super Stickman Golf 2","49560","360","306","1","2","0","0","137.67","Super Stickman Golf 2"
"Yu-Gi-Oh! 5D's Decade Duels Plus","11024","Yu-Gi-Oh! 5D's Decade Duels Plus","49560","660","433","1","5","0","0","75.09","Yu-Gi-Oh! 5D's Decade Duels Plus"
"Embark","11025","Embark","49500","2040","333","2","10","0","0","24.26","Embark"
"HEX: Card Clash","11026","HEX: Card Clash","49500","47700","25","3","157","0","0","1.04","HEX: Card Clash"
"School Days","11027","School Days","49500","22440","15","2","50","0","0","2.21","School Days"
"Silkworm","11028","Silkworm","49500","1080","343","1","6","0","0","45.83","Silkworm"
"Magna Carta: Tears of Blood","11029","Magna Carta: Tears of Blood","49500","32760","27","2","41","0","0","1.51","Magna Carta: Tears of Blood"
"God's Trigger","11030","God's Trigger","49440","300","675","1","2","0","0","164.8","God's Trigger"
"bit Dungeon II","11031","bit Dungeon II","49440","13860","49","3","77","0","0","3.57","bit Dungeon II"
"Arcane Legends","11032","Arcane Legends","49440","13740","66","2","48","0","0","3.6","Arcane Legends"
"Space Food Truck","11033","Space Food Truck","49380","11580","46","2","50","0","0","4.26","Space Food Truck"
"Let The Cat In","11034","Let The Cat In","49380","3060","554","1","24","0","0","16.14","Let The Cat In"
"OLDTV","11035","OLDTV","49380","16020","103","2","124","0","0","3.08","OLDTV"
"Shred It!","11036","Shred It!","49320","480","484","1","5","0","0","102.75","Shred It!"
"Light Crusader","11037","Light Crusader","49320","7920","54","1","21","0","0","6.23","Light Crusader"
"Project Gotham Racing 4","11038","Project Gotham Racing 4","49260","2580","187","1","13","0","0","19.09","Project Gotham Racing 4"
"Rapala Pro Bass Fishing","11039","Rapala Pro Bass Fishing","49260","1080","110","1","6","0","0","45.61","Rapala Pro Bass Fishing"
"Perimeter","11040","Perimeter","49200","8700","46","2","12","0","0","5.66","Perimeter"
"Artemis: Spaceship Bridge Simulator","11041","Artemis: Spaceship Bridge Simulator","49200","27540","22","2","36","0","0","1.79","Artemis: Spaceship Bridge Simulator"
"NiGHTS","11042","NiGHTS","49200","4140","183","2","30","0","0","11.88","NiGHTS"
"Earth Atlantis","11043","Earth Atlantis","49200","1440","623","1","18","0","0","34.17","Earth Atlantis"
"Sir Fred","11044","Sir Fred","49200","120","820","1","2","0","0","410","Sir Fred"
"The Last NightMary","11045","The Last NightMary","49140","1800","674","2","14","0","0","27.3","The Last NightMary"
"DRG Initiative","11046","DRG Initiative","49140","7680","143","6","31","0","0","6.4","DRG Initiative"
"Night of Sacrifice","11047","Night of Sacrifice","49140","780","147","1","3","0","0","63","Night of Sacrifice"
"Digimon Rumble Arena 2","11048","Digimon Rumble Arena 2","49140","12660","153","2","77","0","0","3.88","Digimon Rumble Arena 2"
"La Pucelle: Tactics","11049","La Pucelle: Tactics","49140","11580","20","2","14","0","0","4.24","La Pucelle: Tactics"
"de Blob 2","11050","de Blob 2","49140","19020","32","2","75","0","0","2.58","de Blob 2"
"CoLab","11051","CoLab","49080","180","555","1","1","0","0","272.67","CoLab"
"Elevator Action Deluxe","11052","Elevator Action Deluxe","49080","480","196","1","4","0","0","102.25","Elevator Action Deluxe"
"Mutant League Football","11053","Mutant League Football","49080","5940","380","2","31","0","0","8.26","Mutant League Football"
"Game & Wario","11054","Game & Wario","49080","7320","213","2","48","0","0","6.7","Game & Wario"
"Sword of Mana","11055","Sword of Mana","49080","25500","24","2","41","0","0","1.92","Sword of Mana"
"Xenonauts 2","11056","Xenonauts 2","49080","1260","452","1","14","0","0","38.95","Xenonauts 2"
"Exalted","11057","Exalted","49080","23040","23","2","11","0","0","2.13","Exalted"
"Barrier X","11058","Barrier X","49080","4800","379","1","45","0","0","10.23","Barrier X"
"Teon - All Fair Hardcore ARPG","11059","Teon - All Fair Hardcore ARPG","49080","19440","136","2","10","0","0","2.52","Teon - All Fair Hardcore ARPG"
"SuperStar BTS","11060","SuperStar BTS","49080","23340","181","2","125","0","0","2.1","SuperStar BTS"
"Nightmare Circus","11061","Nightmare Circus","49020","180","446","1","1","0","0","272.33","Nightmare Circus"
"Haunt the House: Terrortown","11062","Haunt the House: Terrortown","49020","7140","234","2","58","0","0","6.87","Haunt the House: Terrortown"
"Torino 2006","11063","Torino 2006","49020","1320","277","1","8","0","0","37.14","Torino 2006"
"Minnesota Fats: Pool Legend","11064","Minnesota Fats: Pool Legend","48960","9000","51","1","4","0","0","5.44","Minnesota Fats: Pool Legend"
"Super Robot Wars Alpha 3","11065","Super Robot Wars Alpha 3","48960","21240","125","2","21","0","0","2.31","Super Robot Wars Alpha 3"
"Dreamcast Collection","11066","Dreamcast Collection","48960","13020","288","1","37","0","0","3.76","Dreamcast Collection"
"Iji","11067","Iji","48960","14220","65","2","42","0","0","3.44","Iji"
"Something Something Soup Something","11068","Something Something Soup Something","48960","43980","14","2","45","0","0","1.11","Something Something Soup Something"
"Picross NP","11069","Picross NP","48900","1980","104","1","7","0","0","24.7","Picross NP"
"Hunter: The Reckoning","11070","Hunter: The Reckoning","48900","15660","400","2","73","0","0","3.12","Hunter: The Reckoning"
"Boktai: The Sun is in Your Hand","11071","Boktai: The Sun is in Your Hand","48900","14100","98","3","32","0","0","3.47","Boktai: The Sun is in Your Hand"
"X-Men: Legends","11072","X-Men: Legends","48900","18720","18","2","45","0","0","2.61","X-Men: Legends"
"Whizz","11073","Whizz","48840","840","192","1","5","0","0","58.14","Whizz"
"Orbiter","11074","Orbiter","48840","19680","18","2","25","0","0","2.48","Orbiter"
"BattleZone","11075","BattleZone","48840","11880","95","2","160","0","0","4.11","BattleZone"
"Eventide 3: Legacy of Legends","11076","Eventide 3: Legacy of Legends","48840","6780","110","2","29","0","0","7.2","Eventide 3: Legacy of Legends"
"Puzzle Adventure Blockle","11077","Puzzle Adventure Blockle","48840","300","450","1","2","0","0","162.8","Puzzle Adventure Blockle"
"Harry Potter for Kinect","11078","Harry Potter for Kinect","48780","9660","306","1","5","0","0","5.05","Harry Potter for Kinect"
"Kung Fu Panda","11079","Kung Fu Panda","48780","9120","78","2","36","0","0","5.35","Kung Fu Panda"
".hack//OUTBREAK - Part 3","11080",".hack//OUTBREAK - Part 3","48780","11580","59","2","21","0","0","4.21",".hack//OUTBREAK - Part 3"
"Simply Minesweeper","11081","Simply Minesweeper","48720","10200","150","2","76","0","0","4.78","Simply Minesweeper"
"Super Trench Attack","11082","Super Trench Attack","48720","2100","242","1","19","0","0","23.2","Super Trench Attack"
"Loco Dojo","11083","Loco Dojo","48720","3060","642","2","17","0","0","15.92","Loco Dojo"
"AltspaceVR","11084","AltspaceVR","48720","10260","267","3","61","0","0","4.75","AltspaceVR"
"Rewrite","11085","Rewrite","48660","31800","8","2","21","0","0","1.53","Rewrite"
"Diddy Kong Racing DS","11086","Diddy Kong Racing DS","48660","11280","479","2","16","0","0","4.31","Diddy Kong Racing DS"
"Gargoyle's Quest","11087","Gargoyle's Quest","48660","6960","304","4","26","0","0","6.99","Gargoyle's Quest"
"Code Name: Viper","11088","Code Name: Viper","48660","2580","150","1","10","0","0","18.86","Code Name: Viper"
"West Legends","11089","West Legends","48600","5460","57","2","18","0","0","8.9","West Legends"
"Doodle God: 8-bit Mania","11090","Doodle God: 8-bit Mania","48600","1800","241","1","13","0","0","27","Doodle God: 8-bit Mania"
"Mystery Dungeon: Shiren the Wanderer","11091","Mystery Dungeon: Shiren the Wanderer","48540","18300","85","2","30","0","0","2.65","Mystery Dungeon: Shiren the Wanderer"
"Blade II","11092","Blade II","48540","5760","284","2","20","0","0","8.43","Blade II"
"Final Fantasy XII: Revenant Wings","11093","Final Fantasy XII: Revenant Wings","48540","15600","15","2","12","0","0","3.11","Final Fantasy XII: Revenant Wings"
"Flockers","11094","Flockers","48540","3360","75","1","13","0","0","14.45","Flockers"
"Generations Lost","11095","Generations Lost","48540","720","212","1","3","0","0","67.42","Generations Lost"
"Windlands 2","11096","Windlands 2","48480","12960","127","3","56","0","0","3.74","Windlands 2"
"Brogue","11097","Brogue","48480","12120","59","2","33","0","0","4","Brogue"
"Super Robot Wars Impact","11098","Super Robot Wars Impact","48480","6540","30","1","5","0","0","7.41","Super Robot Wars Impact"
"Mercenaries Saga Chronicles","11099","Mercenaries Saga Chronicles","48480","9120","116","2","23","0","0","5.32","Mercenaries Saga Chronicles"
"Minotaur","11100","Minotaur","48480","2280","419","1","18","0","0","21.26","Minotaur"