"","","Game","Watch time","Stream time","Peak viewers","Peak channels","Streamers","Average viewers","Average channels","Average viewer ratio",""
"Plant Tycoon","10901","Plant Tycoon","51540","780","319","1","7","0","0","66.08","Plant Tycoon"
"Stellar Overload","10902","Stellar Overload","51540","16500","147","2","60","0","0","3.12","Stellar Overload"
"CounterSpy","10903","CounterSpy","51480","11940","63","2","108","0","0","4.31","CounterSpy"
"Quaver","10904","Quaver","51480","8100","137","5","50","0","0","6.36","Quaver"
"Konami Kids Playground: Dinosaurs Shapes and Colors","10905","Konami Kids Playground: Dinosaurs Shapes and Colors","51480","480","144","1","1","0","0","107.25","Konami Kids Playground: Dinosaurs Shapes and Colors"
"Survivalist","10906","Survivalist","51420","17220","25","3","76","0","0","2.99","Survivalist"
"Raptor: Call of the Shadows","10907","Raptor: Call of the Shadows","51420","9000","286","1","56","0","0","5.71","Raptor: Call of the Shadows"
"Wonderland Online","10908","Wonderland Online","51420","7140","312","2","20","0","0","7.2","Wonderland Online"
"Metal Warriors","10909","Metal Warriors","51360","6900","183","1","31","0","0","7.44","Metal Warriors"
"Super Meat Boy: The Game","10910","Super Meat Boy: The Game","51300","4140","384","2","22","0","0","12.39","Super Meat Boy: The Game"
"Will Rock","10911","Will Rock","51300","11160","57","2","38","0","0","4.6","Will Rock"
"The Weakest Link","10912","The Weakest Link","51300","1080","756","1","9","0","0","47.5","The Weakest Link"
"Mnemonic","10913","Mnemonic","51300","54720","5","1","4","0","0","0.94","Mnemonic"
"OddPlanet","10914","OddPlanet","51300","2340","536","1","12","0","0","21.92","OddPlanet"
"Doraemon 2: Animal Wakusei Densetsu","10915","Doraemon 2: Animal Wakusei Densetsu","51300","180","855","1","2","0","0","285","Doraemon 2: Animal Wakusei Densetsu"
"Boss 101 with S.T.E.V.E. and Max","10916","Boss 101 with S.T.E.V.E. and Max","51300","3420","527","1","18","0","0","15","Boss 101 with S.T.E.V.E. and Max"
"B\Horror of the Deep","10917","B\Horror of the Deep","51300","5220","124","2","35","0","0","9.83","B\Horror of the Deep"
"Pump it up StepF2","10918","Pump it up StepF2","51240","32700","45","2","71","0","0","1.57","Pump it up StepF2"
"Crazy Chicken: Wanted","10919","Crazy Chicken: Wanted","51240","1140","379","1","7","0","0","44.95","Crazy Chicken: Wanted"
"Okamiden","10920","Okamiden","51240","10920","127","2","30","0","0","4.69","Okamiden"
"Record of Agarest War 2","10921","Record of Agarest War 2","51240","9900","64","2","26","0","0","5.18","Record of Agarest War 2"
"Slenderman: The Video Game","10922","Slenderman: The Video Game","51240","15180","69","3","129","0","0","3.38","Slenderman: The Video Game"
"Deathtrap","10923","Deathtrap","51240","24300","21","2","59","0","0","2.11","Deathtrap"
"Spy Fox: Operation Ozone","10924","Spy Fox: Operation Ozone","51180","7200","94","1","49","0","0","7.11","Spy Fox: Operation Ozone"
"Darkness Within 2: The Dark Lineage","10925","Darkness Within 2: The Dark Lineage","51180","10440","33","2","21","0","0","4.9","Darkness Within 2: The Dark Lineage"
"Lunar: Silver Star Harmony","10926","Lunar: Silver Star Harmony","51180","14640","21","2","24","0","0","3.5","Lunar: Silver Star Harmony"
"V.I.P.","10927","V.I.P.","51120","780","283","1","6","0","0","65.54","V.I.P."
"Checkers","10928","Checkers","51120","12300","415","2","75","0","0","4.16","Checkers"
"Versus Squad","10929","Versus Squad","51120","14220","224","4","73","0","0","3.59","Versus Squad"
"Scholastic I Spy","10930","Scholastic I Spy","51120","180","440","1","2","0","0","284","Scholastic I Spy"
"Through the Ages","10931","Through the Ages","51060","13260","108","2","41","0","0","3.85","Through the Ages"
"Calcio Championship","10932","Calcio Championship","51060","1680","270","1","10","0","0","30.39","Calcio Championship"
"Tethered","10933","Tethered","51060","10560","187","2","53","0","0","4.84","Tethered"
"Captain Commando","10934","Captain Commando","51060","8220","123","2","63","0","0","6.21","Captain Commando"
"Hard Truck Apocalypse: Rise of the Clans","10935","Hard Truck Apocalypse: Rise of the Clans","51060","2340","779","1","14","0","0","21.82","Hard Truck Apocalypse: Rise of the Clans"
"Zork III: The Dungeon Master","10936","Zork III: The Dungeon Master","51000","1380","81","1","1","0","0","36.96","Zork III: The Dungeon Master"
"Star Wars Trilogy: Apprentice of the Force","10937","Star Wars Trilogy: Apprentice of the Force","51000","1980","373","1","6","0","0","25.76","Star Wars Trilogy: Apprentice of the Force"
"LEGO Creator: Harry Potter and the Chamber of Secrets","10938","LEGO Creator: Harry Potter and the Chamber of Secrets","51000","1620","804","1","14","0","0","31.48","LEGO Creator: Harry Potter and the Chamber of Secrets"
"Duck Maze","10939","Duck Maze","50940","300","465","3","4","0","0","169.8","Duck Maze"
"Disney's Pirates of the Caribbean: At World's End","10940","Disney's Pirates of the Caribbean: At World's End","50940","2640","262","1","17","0","0","19.3","Disney's Pirates of the Caribbean: At World's End"
"Alteric","10941","Alteric","50940","7200","209","1","45","0","0","7.08","Alteric"
"Secret Ponchos","10942","Secret Ponchos","50940","15660","11","2","24","0","0","3.25","Secret Ponchos"
"NHL 95","10943","NHL 95","50940","12360","213","2","24","0","0","4.12","NHL 95"
"Finding Nemo","10944","Finding Nemo","50880","3540","154","1","26","0","0","14.37","Finding Nemo"
"Battlefield 1943","10945","Battlefield 1943","50880","19440","45","2","314","0","0","2.62","Battlefield 1943"
"RISK: Global Domination","10946","RISK: Global Domination","50880","24180","30","2","22","0","0","2.1","RISK: Global Domination"
"Tail of the Sun","10947","Tail of the Sun","50820","3300","138","1","10","0","0","15.4","Tail of the Sun"
"Spyro: Shadow Legacy","10948","Spyro: Shadow Legacy","50820","2100","111","1","6","0","0","24.2","Spyro: Shadow Legacy"
"Speedy Gonzales","10949","Speedy Gonzales","50760","420","293","1","2","0","0","120.86","Speedy Gonzales"
"Nightmare Creatures II","10950","Nightmare Creatures II","50760","13020","130","1","33","0","0","3.9","Nightmare Creatures II"
"League of Evil","10951","League of Evil","50760","23700","22","2","62","0","0","2.14","League of Evil"
"Operation Flashpoint: Cold War Crisis","10952","Operation Flashpoint: Cold War Crisis","50760","17940","612","2","30","0","0","2.83","Operation Flashpoint: Cold War Crisis"
"Gene Rain","10953","Gene Rain","50760","1080","360","1","11","0","0","47","Gene Rain"
"Isaac the Adventurer","10954","Isaac the Adventurer","50700","16860","377","1","94","0","0","3.01","Isaac the Adventurer"
"Terroir","10955","Terroir","50700","5700","96","1","26","0","0","8.89","Terroir"
"Lyne","10956","Lyne","50640","15000","74","3","101","0","0","3.38","Lyne"
"Statues","10957","Statues","50640","6180","114","1","38","0","0","8.19","Statues"
"Network","10958","Network","50580","17040","95","2","16","0","0","2.97","Network"
"The Elder Scrolls Adventures: Redguard","10959","The Elder Scrolls Adventures: Redguard","50580","8160","66","2","14","0","0","6.2","The Elder Scrolls Adventures: Redguard"
"NBA Ballers","10960","NBA Ballers","50580","3240","126","1","11","0","0","15.61","NBA Ballers"
"Contract J.A.C.K.","10961","Contract J.A.C.K.","50520","1680","118","1","6","0","0","30.07","Contract J.A.C.K."
"Cultris II","10962","Cultris II","50520","10140","66","2","48","0","0","4.98","Cultris II"
"Pinball FX2","10963","Pinball FX2","50520","16680","255","2","92","0","0","3.03","Pinball FX2"
"Pathology","10964","Pathology","50520","900","485","1","6","0","0","56.13","Pathology"
"Shattered Skies","10965","Shattered Skies","50520","1800","801","1","15","0","0","28.07","Shattered Skies"
"Battlegrounds of Eldhelm","10966","Battlegrounds of Eldhelm","50460","76440","11","3","145","0","0","0.66","Battlegrounds of Eldhelm"
"NHL 13","10967","NHL 13","50460","3840","43","2","12","0","0","13.14","NHL 13"
"Starsiege: Tribes","10968","Starsiege: Tribes","50460","29760","47","5","31","0","0","1.7","Starsiege: Tribes"
"Iron Brigade","10969","Iron Brigade","50400","30840","32","3","123","0","0","1.63","Iron Brigade"
"The Journey Down: Chapter One","10970","The Journey Down: Chapter One","50400","13020","61","2","66","0","0","3.87","The Journey Down: Chapter One"
"Legend of Dungeon","10971","Legend of Dungeon","50400","9420","342","1","73","0","0","5.35","Legend of Dungeon"
"Rescue 911","10972","Rescue 911","50400","9240","125","2","41","0","0","5.45","Rescue 911"
"Derby Stallion III","10973","Derby Stallion III","50400","180","565","1","1","0","0","280","Derby Stallion III"
"VentureVerse: Legend of Ulora","10974","VentureVerse: Legend of Ulora","50400","3540","184","2","27","0","0","14.24","VentureVerse: Legend of Ulora"
"Zootopia Crime Files: Hidden Object","10975","Zootopia Crime Files: Hidden Object","50340","3060","37","1","2","0","0","16.45","Zootopia Crime Files: Hidden Object"
"Danger Girl","10976","Danger Girl","50340","1500","363","1","9","0","0","33.56","Danger Girl"
"Soul Searching","10977","Soul Searching","50340","3060","209","1","15","0","0","16.45","Soul Searching"
"Sherlock Holmes and the Hound of the Baskervilles","10978","Sherlock Holmes and the Hound of the Baskervilles","50340","3060","393","1","8","0","0","16.45","Sherlock Holmes and the Hound of the Baskervilles"
"Thor: God of Thunder","10979","Thor: God of Thunder","50340","2160","224","1","8","0","0","23.31","Thor: God of Thunder"
"Legends","10980","Legends","50340","70020","155","4","302","0","0","0.72","Legends"
"Champions of Titan","10981","Champions of Titan","50340","18180","75","3","44","0","0","2.77","Champions of Titan"
"Corvette","10982","Corvette","50280","1740","1164","1","6","0","0","28.9","Corvette"
"Theme Park","10983","Theme Park","50280","8820","100","3","49","0","0","5.7","Theme Park"
"Battle of Empires: 1914-1918","10984","Battle of Empires: 1914-1918","50280","1560","292","1","12","0","0","32.23","Battle of Empires: 1914-1918"
"Morph Girl","10985","Morph Girl","50220","3000","226","1","15","0","0","16.74","Morph Girl"
"Timequest","10986","Timequest","50220","1140","81","1","2","0","0","44.05","Timequest"
"Operation Logic Bomb","10987","Operation Logic Bomb","50220","8880","202","2","12","0","0","5.66","Operation Logic Bomb"
"Samurai Shodown V","10988","Samurai Shodown V","50220","1320","368","1","11","0","0","38.05","Samurai Shodown V"
"Death to Spies: Moment of Truth","10989","Death to Spies: Moment of Truth","50220","5520","146","2","10","0","0","9.1","Death to Spies: Moment of Truth"
"StarCrawlers","10990","StarCrawlers","50160","19320","39","2","50","0","0","2.6","StarCrawlers"
"Blade Symphony","10991","Blade Symphony","50100","18480","25","2","67","0","0","2.71","Blade Symphony"
"Afrika","10992","Afrika","50100","4680","35","1","7","0","0","10.71","Afrika"
"Bernie Needs Love","10993","Bernie Needs Love","50040","180","437","1","3","0","0","278","Bernie Needs Love"
"123 Maze","10994","123 Maze","50040","4020","759","1","15","0","0","12.45","123 Maze"
"Championship Soccer","10995","Championship Soccer","50040","1140","376","3","10","0","0","43.89","Championship Soccer"
"Chroma Shift","10996","Chroma Shift","50040","780","408","1","5","0","0","64.15","Chroma Shift"
"Graveball","10997","Graveball","49980","1380","144","1","8","0","0","36.22","Graveball"
"Disney Infinity 3.0 Edition","10998","Disney Infinity 3.0 Edition","49980","30780","61","3","258","0","0","1.62","Disney Infinity 3.0 Edition"
"Lufia: The Ruins of Lore","10999","Lufia: The Ruins of Lore","49980","1500","157","1","5","0","0","33.32","Lufia: The Ruins of Lore"
"Armored Core: Project Phantasma","11000","Armored Core: Project Phantasma","49980","5460","269","1","16","0","0","9.15","Armored Core: Project Phantasma"