"","","Game","Watch time","Stream time","Peak viewers","Peak channels","Streamers","Average viewers","Average channels","Average viewer ratio",""
"Kane & Lynch: Dead Men","6901","Kane & Lynch: Dead Men","236580","32520","280","3","143","0","0","7.27","Kane & Lynch: Dead Men"
"Mother","6902","Mother","236520","82260","244","4","190","0","0","2.88","Mother"
"Acceleration Of SUGURI 2","6903","Acceleration Of SUGURI 2","236460","43500","71","6","167","0","0","5.44","Acceleration Of SUGURI 2"
"Tales of Monkey Island","6904","Tales of Monkey Island","236400","37800","109","2","68","0","0","6.25","Tales of Monkey Island"
"Shinobi III : Return of the Ninja Master","6905","Shinobi III : Return of the Ninja Master","236400","30780","365","2","146","0","0","7.68","Shinobi III : Return of the Ninja Master"
"Bit Blaster XL","6906","Bit Blaster XL","236280","12060","3486","3","104","0","0","19.59","Bit Blaster XL"
"Tales of Monkey Island Chapter 2: The Siege of Spinner Cay","6907","Tales of Monkey Island Chapter 2: The Siege of Spinner Cay","236100","10320","2657","2","47","0","0","22.88","Tales of Monkey Island Chapter 2: The Siege of Spinner Cay"
"Candice DeBébé's Scandalous Secrets","6908","Candice DeBébé's Scandalous Secrets","236040","4140","1371","1","10","0","0","57.01","Candice DeBébé's Scandalous Secrets"
"Kids On Site","6909","Kids On Site","235980","360","2063","1","4","0","0","655.5","Kids On Site"
"PixelJunk Monsters 2","6910","PixelJunk Monsters 2","235680","34800","1403","7","266","0","0","6.77","PixelJunk Monsters 2"
"WWE: Champions","6911","WWE: Champions","235620","32640","537","3","50","0","0","7.22","WWE: Champions"
"Dead Nation","6912","Dead Nation","235320","27840","325","3","601","0","0","8.45","Dead Nation"
"Hitman: Sniper Challenge","6913","Hitman: Sniper Challenge","235140","15300","983","2","117","0","0","15.37","Hitman: Sniper Challenge"
"Super Crate Box","6914","Super Crate Box","234900","7860","1641","2","71","0","0","29.89","Super Crate Box"
"Nowhere Prophet","6915","Nowhere Prophet","234900","14280","425","2","26","0","0","16.45","Nowhere Prophet"
"Spider-Man: Battle for New York","6916","Spider-Man: Battle for New York","234780","720","3877","1","5","0","0","326.08","Spider-Man: Battle for New York"
"Gungrave","6917","Gungrave","234720","7620","303","1","37","0","0","30.8","Gungrave"
"Gunman Taco Truck","6918","Gunman Taco Truck","234540","2400","806","2","15","0","0","97.73","Gunman Taco Truck"
"Pinball Quest","6919","Pinball Quest","234480","1980","1468","1","8","0","0","118.42","Pinball Quest"
"Hero Quest","6920","Hero Quest","234420","1980","604","1","11","0","0","118.39","Hero Quest"
"Turbo Pug","6921","Turbo Pug","234360","17640","1044","2","155","0","0","13.29","Turbo Pug"
"Locked-in Syndrome","6922","Locked-in Syndrome","234360","3240","157","1","10","0","0","72.33","Locked-in Syndrome"
"Nancy Drew: The Haunting of Castle Malloy","6923","Nancy Drew: The Haunting of Castle Malloy","234300","23700","275","2","53","0","0","9.89","Nancy Drew: The Haunting of Castle Malloy"
"Legacy of Kain: Blood Omen 2","6924","Legacy of Kain: Blood Omen 2","234300","54000","159","4","112","0","0","4.34","Legacy of Kain: Blood Omen 2"
"Who Wants To Be A Millionaire: Second Edition","6925","Who Wants To Be A Millionaire: Second Edition","234120","4020","568","2","20","0","0","58.24","Who Wants To Be A Millionaire: Second Edition"
"MXGP3 - The Official Motocross Videogame","6926","MXGP3 - The Official Motocross Videogame","234120","111000","460","5","522","0","0","2.11","MXGP3 - The Official Motocross Videogame"
"Ace Attorney Investigations: Miles Edgeworth","6927","Ace Attorney Investigations: Miles Edgeworth","233640","61380","92","3","78","0","0","3.81","Ace Attorney Investigations: Miles Edgeworth"
"Jeopardy","6928","Jeopardy","233280","8820","1730","1","37","0","0","26.45","Jeopardy"
"Agatha Christie: The ABC Murders","6929","Agatha Christie: The ABC Murders","232860","56520","70","3","163","0","0","4.12","Agatha Christie: The ABC Murders"
"Beast Brawlers","6930","Beast Brawlers","232860","6540","675","2","23","0","0","35.61","Beast Brawlers"
"Mr. Driller 2","6931","Mr. Driller 2","232800","5220","1554","3","40","0","0","44.6","Mr. Driller 2"
"Tanki Online","6932","Tanki Online","232620","244800","96","4","560","0","0","0.95","Tanki Online"
"Hockey TV","6933","Hockey TV","232560","7860","898","2","6","0","0","29.59","Hockey TV"
"The Sims: Bustin' Out","6934","The Sims: Bustin' Out","232440","25440","442","2","84","0","0","9.14","The Sims: Bustin' Out"
"High Noon","6935","High Noon","232380","1860","2260","1","13","0","0","124.94","High Noon"
"From Other Suns","6936","From Other Suns","232320","64440","288","10","227","0","0","3.61","From Other Suns"
"HuniePop","6937","HuniePop","232260","83100","142","3","436","0","0","2.79","HuniePop"
"Casino Inc","6938","Casino Inc","232260","12000","432","6","75","0","0","19.36","Casino Inc"
"Metal Slug Advance","6939","Metal Slug Advance","232200","3180","1428","1","26","0","0","73.02","Metal Slug Advance"
"Overlord Dark Legend","6940","Overlord Dark Legend","231960","3900","2368","1","15","0","0","59.48","Overlord Dark Legend"
"Coffee Tycoon","6941","Coffee Tycoon","231720","4380","1784","1","15","0","0","52.9","Coffee Tycoon"
"Toribash: Violence Perfected","6942","Toribash: Violence Perfected","231420","58560","145","3","104","0","0","3.95","Toribash: Violence Perfected"
"Fatal Fury","6943","Fatal Fury","231120","5100","906","1","20","0","0","45.32","Fatal Fury"
"Marvel Powers United VR","6944","Marvel Powers United VR","231120","37740","1197","9","170","0","0","6.12","Marvel Powers United VR"
"Nancy Drew: The Shattered Medallion","6945","Nancy Drew: The Shattered Medallion","231060","12120","725","1","30","0","0","19.06","Nancy Drew: The Shattered Medallion"
"Excitebike","6946","Excitebike","231000","9000","601","1","85","0","0","25.67","Excitebike"
"Sesame Street 1 2 3","6947","Sesame Street 1 2 3","230940","660","2071","1","3","0","0","349.91","Sesame Street 1 2 3"
"Airport Simulator","6948","Airport Simulator","230760","3360","2244","2","23","0","0","68.68","Airport Simulator"
"Touhou 15.5: Antinomy of Common Flowers","6949","Touhou 15.5: Antinomy of Common Flowers","230700","40080","375","6","193","0","0","5.76","Touhou 15.5: Antinomy of Common Flowers"
"Mensch ärgere Dich!","6950","Mensch ärgere Dich!","230640","240","2259","1","2","0","0","961","Mensch ärgere Dich!"
"Fortune Summoners: Secret of the Elemental Stone","6951","Fortune Summoners: Secret of the Elemental Stone","230520","25560","116","2","28","0","0","9.02","Fortune Summoners: Secret of the Elemental Stone"
"Ecco the Dolphin","6952","Ecco the Dolphin","230400","21180","844","2","78","0","0","10.88","Ecco the Dolphin"
"If My Heart Had Wings","6953","If My Heart Had Wings","230340","55260","476","4","132","0","0","4.17","If My Heart Had Wings"
"Captain Tsubasa","6954","Captain Tsubasa","230220","7860","1106","2","78","0","0","29.29","Captain Tsubasa"
"Kirby's Pinball Land","6955","Kirby's Pinball Land","230220","3300","1395","1","20","0","0","69.76","Kirby's Pinball Land"
"Movie Challenge","6956","Movie Challenge","230040","108180","82","4","269","0","0","2.13","Movie Challenge"
"Samurai Gunn","6957","Samurai Gunn","230040","1380","2073","1","12","0","0","166.7","Samurai Gunn"
"Way of the Samurai 3","6958","Way of the Samurai 3","229860","25440","608","2","84","0","0","9.04","Way of the Samurai 3"
"Metal Slug XX","6959","Metal Slug XX","229800","53280","343","3","370","0","0","4.31","Metal Slug XX"
"Zak McKracken and the Alien Mindbenders","6960","Zak McKracken and the Alien Mindbenders","229500","9960","321","1","21","0","0","23.04","Zak McKracken and the Alien Mindbenders"
"AmsterDoom","6961","AmsterDoom","229260","3120","1910","2","5","0","0","73.48","AmsterDoom"
"Tactical Monsters Rumble Arena","6962","Tactical Monsters Rumble Arena","229260","77160","811","4","230","0","0","2.97","Tactical Monsters Rumble Arena"
"Taiko no Tatsujin: Don to Katsu no Jiku Daiboken","6963","Taiko no Tatsujin: Don to Katsu no Jiku Daiboken","229200","720","2064","2","7","0","0","318.33","Taiko no Tatsujin: Don to Katsu no Jiku Daiboken"
"Time Lord","6964","Time Lord","229080","2040","1747","2","11","0","0","112.29","Time Lord"
"Dead or Alive: Xtreme 2","6965","Dead or Alive: Xtreme 2","229080","8820","1829","1","18","0","0","25.97","Dead or Alive: Xtreme 2"
"Rival Megagun","6966","Rival Megagun","229080","17880","577","7","73","0","0","12.81","Rival Megagun"
"Yanya Caballista: City Skater","6967","Yanya Caballista: City Skater","228960","780","2045","1","6","0","0","293.54","Yanya Caballista: City Skater"
"Alone in the Dark 2","6968","Alone in the Dark 2","228900","6180","596","2","22","0","0","37.04","Alone in the Dark 2"
"Devious Dungeon","6969","Devious Dungeon","228780","15420","1071","3","72","0","0","14.84","Devious Dungeon"
"Wheel of Fortune: Featuring Vanna White","6970","Wheel of Fortune: Featuring Vanna White","228540","1200","1545","1","8","0","0","190.45","Wheel of Fortune: Featuring Vanna White"
"Darkness Rises","6971","Darkness Rises","228540","125820","116","5","587","0","0","1.82","Darkness Rises"
"Pixel Ripped 1989","6972","Pixel Ripped 1989","228420","23400","1303","7","127","0","0","9.76","Pixel Ripped 1989"
"Inmates","6973","Inmates","228360","12300","536","2","68","0","0","18.57","Inmates"
"Dynasty Warriors 8: Empires","6974","Dynasty Warriors 8: Empires","228300","123420","37","4","423","0","0","1.85","Dynasty Warriors 8: Empires"
"Advance Wars 2: Black Hole Rising","6975","Advance Wars 2: Black Hole Rising","228240","39900","158","3","120","0","0","5.72","Advance Wars 2: Black Hole Rising"
"Earthworm Jim 3D","6976","Earthworm Jim 3D","228240","13560","351","2","30","0","0","16.83","Earthworm Jim 3D"
"Flying Nightmares","6977","Flying Nightmares","228240","120","1989","1","2","0","0","1902","Flying Nightmares"
"Suikoden IV","6978","Suikoden IV","227940","46680","37","3","41","0","0","4.88","Suikoden IV"
"Death Toll","6979","Death Toll","227700","9900","1089","3","57","0","0","23","Death Toll"
"WWF SmackDown!","6980","WWF SmackDown!","227580","5940","3880","1","26","0","0","38.31","WWF SmackDown!"
"Sengoku Rance","6981","Sengoku Rance","227520","11700","277","1","20","0","0","19.45","Sengoku Rance"
"Brain Age: Concentration Training","6982","Brain Age: Concentration Training","227280","660","1957","1","6","0","0","344.36","Brain Age: Concentration Training"
"Thoth","6983","Thoth","227100","6000","1667","2","20","0","0","37.85","Thoth"
"Falcon 4.0 BMS","6984","Falcon 4.0 BMS","227040","91800","69","5","134","0","0","2.47","Falcon 4.0 BMS"
"Conductor","6985","Conductor","226980","2220","1748","1","18","0","0","102.24","Conductor"
"Hybrid Animals","6986","Hybrid Animals","226800","1200","4269","1","13","0","0","189","Hybrid Animals"
"Tecmo Bowl","6987","Tecmo Bowl","226800","17640","338","3","119","0","0","12.86","Tecmo Bowl"
"BS Zelda no Densetsu","6988","BS Zelda no Densetsu","226680","9420","610","1","20","0","0","24.06","BS Zelda no Densetsu"
"Deathmatch Classic","6989","Deathmatch Classic","226620","3720","3117","6","32","0","0","60.92","Deathmatch Classic"
"The Way of Life","6990","The Way of Life","226620","19140","662","3","135","0","0","11.84","The Way of Life"
"You Don't Know Jack Movies","6991","You Don't Know Jack Movies","226500","5220","1964","2","35","0","0","43.39","You Don't Know Jack Movies"
"One Way Heroics","6992","One Way Heroics","226380","46980","128","2","180","0","0","4.82","One Way Heroics"
"Arcade Classics","6993","Arcade Classics","226380","78000","117","4","144","0","0","2.9","Arcade Classics"
"Technobabylon","6994","Technobabylon","226080","29160","250","2","54","0","0","7.75","Technobabylon"
"Nancy Drew: Sea of Darkness","6995","Nancy Drew: Sea of Darkness","226080","14340","252","2","44","0","0","15.77","Nancy Drew: Sea of Darkness"
"Despotism 3k","6996","Despotism 3k","226080","7620","1749","3","49","0","0","29.67","Despotism 3k"
"Hello Kitty: Puzzle Party","6997","Hello Kitty: Puzzle Party","225960","1560","1601","2","3","0","0","144.85","Hello Kitty: Puzzle Party"
"Family Gameshow","6998","Family Gameshow","225900","1620","1849","1","6","0","0","139.44","Family Gameshow"
"Anarcute","6999","Anarcute","225840","15960","484","2","84","0","0","14.15","Anarcute"
"Tony Hawk's Pro Skater 2x","7000","Tony Hawk's Pro Skater 2x","225840","10020","823","2","34","0","0","22.54","Tony Hawk's Pro Skater 2x"