"","","Game","Watch time","Stream time","Peak viewers","Peak channels","Streamers","Average viewers","Average channels","Average viewer ratio",""
"LINCH","2401","LINCH","3159900","5100","34663","3","53","6","0","619.59","LINCH"
"Dragon Age II","2402","Dragon Age II","3158580","690960","988","9","922","6","1","4.57","Dragon Age II"
"Final Fantasy: Record Keeper","2403","Final Fantasy: Record Keeper","3149880","368160","231","8","263","5","0","8.56","Final Fantasy: Record Keeper"
"Tales of Maj'Eyal","2404","Tales of Maj'Eyal","3148800","298020","1330","6","338","5","0","10.57","Tales of Maj'Eyal"
"Taiko no Tatsujin: Nintendo Switch Version","2405","Taiko no Tatsujin: Nintendo Switch Version","3144540","98100","2066","14","483","5","0","32.05","Taiko no Tatsujin: Nintendo Switch Version"
"Far Cry 3: Blood Dragon","2406","Far Cry 3: Blood Dragon","3142620","290700","2509","8","1620","5","0","10.81","Far Cry 3: Blood Dragon"
"Gauntlet","2407","Gauntlet","3139440","302820","6719","8","1853","5","0","10.37","Gauntlet"
"LEGO The Lord of the Rings","2408","LEGO The Lord of the Rings","3139320","232200","16370","23","1092","5","0","13.52","LEGO The Lord of the Rings"
"Amberskull","2409","Amberskull","3138240","11880","24179","6","88","5","0","264.16","Amberskull"
"Wario World","2410","Wario World","3134040","75720","6849","4","267","5","0","41.39","Wario World"
"Sega Genesis Classics","2411","Sega Genesis Classics","3133800","355620","3688","26","1558","5","0","8.81","Sega Genesis Classics"
"Yonder: The Cloud Catcher Chronicles","2412","Yonder: The Cloud Catcher Chronicles","3132060","273660","4990","8","944","5","0","11.45","Yonder: The Cloud Catcher Chronicles"
"103","2413","103","3129240","2580","29902","4","23","5","0","1212.88","103"
"Homesick","2414","Homesick","3125400","33120","5485","3","150","5","0","94.37","Homesick"
"Soccer Spirits","2415","Soccer Spirits","3122340","336480","1460","8","281","5","0","9.28","Soccer Spirits"
"Yume Nikki","2416","Yume Nikki","3121560","212580","2849","11","1240","5","0","14.68","Yume Nikki"
"Guns of Icarus: Alliance","2417","Guns of Icarus: Alliance","3120960","201360","16449","14","1105","5","0","15.5","Guns of Icarus: Alliance"
"Dungeons 3","2418","Dungeons 3","3113940","413700","3580","10","1258","5","0","7.53","Dungeons 3"
"Curve Fever 2","2419","Curve Fever 2","3113040","33060","30447","4","237","5","0","94.16","Curve Fever 2"
"Final Fantasy XIII-2","2420","Final Fantasy XIII-2","3112380","448800","1850","7","619","5","0","6.93","Final Fantasy XIII-2"
"Thomas Was Alone","2421","Thomas Was Alone","3102840","59760","11285","3","316","5","0","51.92","Thomas Was Alone"
"SEGA Mega Drive & Genesis Classics","2422","SEGA Mega Drive & Genesis Classics","3101100","168960","2848","7","858","5","0","18.35","SEGA Mega Drive & Genesis Classics"
"Wuppo","2423","Wuppo","3100560","132840","3390","4","515","5","0","23.34","Wuppo"
"The Spectrum Retreat","2424","The Spectrum Retreat","3100380","69840","2392","10","265","5","0","44.39","The Spectrum Retreat"
"Sanitarium","2425","Sanitarium","3099060","68760","2869","5","200","5","0","45.07","Sanitarium"
"The Count Lucanor","2426","The Count Lucanor","3091920","57900","4252","3","245","5","0","53.4","The Count Lucanor"
"MonteCrypto: The Bitcoin Enigma","2427","MonteCrypto: The Bitcoin Enigma","3091440","55980","2929","24","191","5","0","55.22","MonteCrypto: The Bitcoin Enigma"
"Valley","2428","Valley","3091080","265620","4767","11","1257","5","0","11.64","Valley"
"Space Station 13","2429","Space Station 13","3090540","136500","6536","5","337","5","0","22.64","Space Station 13"
"Space Hulk: Deathwing","2430","Space Hulk: Deathwing","3087360","447060","3732","44","2160","5","0","6.91","Space Hulk: Deathwing"
"Supraball","2431","Supraball","3087060","84180","6777","5","505","5","0","36.67","Supraball"
"Resonance of Fate","2432","Resonance of Fate","3082020","301740","956","20","524","5","0","10.21","Resonance of Fate"
"Art of Conquest","2433","Art of Conquest","3078000","8940","16776","2","47","5","0","344.3","Art of Conquest"
"Creed: Rise to Glory","2434","Creed: Rise to Glory","3077760","35220","9554","5","705","5","0","87.39","Creed: Rise to Glory"
"Growtopia","2435","Growtopia","3074580","629820","477","10","1415","5","1","4.88","Growtopia"
"Snake Rattle 'n Roll","2436","Snake Rattle 'n Roll","3073200","9420","101960","7","57","5","0","326.24","Snake Rattle 'n Roll"
"Naruto Shippuden: Ultimate Ninja Storm 2","2437","Naruto Shippuden: Ultimate Ninja Storm 2","3067440","193020","3782","4","797","5","0","15.89","Naruto Shippuden: Ultimate Ninja Storm 2"
"Pineview Drive","2438","Pineview Drive","3067380","101160","4451","4","346","5","0","30.32","Pineview Drive"
"The Girl and the Robot","2439","The Girl and the Robot","3067320","16080","43486","5","67","5","0","190.75","The Girl and the Robot"
"Treasure Hunter Simulator","2440","Treasure Hunter Simulator","3058380","21240","23647","9","165","5","0","143.99","Treasure Hunter Simulator"
"Roof Rage","2441","Roof Rage","3054180","16920","18459","3","88","5","0","180.51","Roof Rage"
"Super Lovely Planet","2442","Super Lovely Planet","3054060","1200","92428","8","16","5","0","2545.05","Super Lovely Planet"
"Shadows: Awakening","2443","Shadows: Awakening","3050460","230880","4126","21","601","5","0","13.21","Shadows: Awakening"
"Assassin's Creed: Rogue","2444","Assassin's Creed: Rogue","3050460","619020","4099","9","1526","5","1","4.93","Assassin's Creed: Rogue"
"Cook, Serve, Delicious!","2445","Cook, Serve, Delicious!","3048540","143760","5546","4","739","5","0","21.21","Cook, Serve, Delicious!"
"Maniac Mansion: Day of the Tentacle","2446","Maniac Mansion: Day of the Tentacle","3047580","185100","13413","4","619","5","0","16.46","Maniac Mansion: Day of the Tentacle"
"Kingdom Rush Origins","2447","Kingdom Rush Origins","3047460","64620","6700","9","212","5","0","47.16","Kingdom Rush Origins"
"EverQuest II","2448","EverQuest II","3042540","676560","274","9","463","5","1","4.5","EverQuest II"
"Nun Massacre","2449","Nun Massacre","3042060","7320","14440","2","44","5","0","415.58","Nun Massacre"
"Mana Spark","2450","Mana Spark","3041760","38460","20050","7","207","5","0","79.09","Mana Spark"
"F.E.A.R. 2: Project Origin","2451","F.E.A.R. 2: Project Origin","3039840","307080","6171","9","1095","5","0","9.9","F.E.A.R. 2: Project Origin"
"Clock Tower 3","2452","Clock Tower 3","3038640","92460","3830","5","165","5","0","32.86","Clock Tower 3"
"Harry Potter and the Half-Blood Prince","2453","Harry Potter and the Half-Blood Prince","3036360","53100","5579","3","142","5","0","57.18","Harry Potter and the Half-Blood Prince"
"Uncharted 3: Drake's Deception","2454","Uncharted 3: Drake's Deception","3034200","263520","1433","5","627","5","0","11.51","Uncharted 3: Drake's Deception"
"Hellgate: London","2455","Hellgate: London","3029940","183240","26465","16","422","5","0","16.54","Hellgate: London"
"The Hunter","2456","The Hunter","3029040","487140","3596","9","958","5","0","6.22","The Hunter"
"Pokémon Mystery Dungeon: Blue/Red Rescue Team","2457","Pokémon Mystery Dungeon: Blue/Red Rescue Team","3026100","332760","511","7","624","5","0","9.09","Pokémon Mystery Dungeon: Blue/Red Rescue Team"
"Ride 3","2458","Ride 3","3024840","189720","20271","21","568","5","0","15.94","Ride 3"
"Damned","2459","Damned","3020460","81600","19266","7","439","5","0","37.02","Damned"
"All-Pro Football 2K8","2460","All-Pro Football 2K8","3018000","38820","5782","3","21","5","0","77.74","All-Pro Football 2K8"
"Holy Diver","2461","Holy Diver","3017760","2700","100517","9","25","5","0","1117.69","Holy Diver"
"Blood and Bacon","2462","Blood and Bacon","3015960","140880","7302","4","1105","5","0","21.41","Blood and Bacon"
"War for the Overworld","2463","War for the Overworld","3010560","118860","6974","6","479","5","0","25.33","War for the Overworld"
"rFactor 2","2464","rFactor 2","3007080","341040","741","12","613","5","0","8.82","rFactor 2"
"Ice Lakes","2465","Ice Lakes","3004380","40380","2700","4","151","5","0","74.4","Ice Lakes"
"Men of War: Assault Squad 2","2466","Men of War: Assault Squad 2","3003960","414780","598","7","1329","5","0","7.24","Men of War: Assault Squad 2"
"Super Inefficient Golf","2467","Super Inefficient Golf","3002940","19560","15437","3","151","5","0","153.52","Super Inefficient Golf"
"Oddworld: Abe's Oddysee New 'n' Tasty!","2468","Oddworld: Abe's Oddysee New 'n' Tasty!","3001740","304800","2953","7","1246","5","0","9.85","Oddworld: Abe's Oddysee New 'n' Tasty!"
"Absinth","2469","Absinth","2994900","18300","22110","3","126","5","0","163.66","Absinth"
"Schlag den Star","2470","Schlag den Star","2990160","5400","4153","1","16","5","0","553.73","Schlag den Star"
"The Turing Test","2471","The Turing Test","2988660","269880","2891","7","1120","5","0","11.07","The Turing Test"
"The Waiting Room","2472","The Waiting Room","2988000","10020","13858","1","59","5","0","298.2","The Waiting Room"
"Matter","2473","Matter","2986500","1140","28446","4","13","5","0","2619.74","Matter"
"XERA: Survival","2474","XERA: Survival","2986380","134520","1529","18","342","5","0","22.2","XERA: Survival"
"DJ MAX Respect","2475","DJ MAX Respect","2985840","55680","7609","3","271","5","0","53.63","DJ MAX Respect"
"Mega Man II","2476","Mega Man II","2983560","75120","7718","4","201","5","0","39.72","Mega Man II"
"True Crime: New York City","2477","True Crime: New York City","2982540","27300","3836","4","61","5","0","109.25","True Crime: New York City"
"Fate/Extella Link","2478","Fate/Extella Link","2980920","271440","2086","33","569","5","0","10.98","Fate/Extella Link"
"Get Even","2479","Get Even","2978580","219240","4038","6","846","5","0","13.59","Get Even"
"Robots","2480","Robots","2975940","31440","789","4","45","5","0","94.65","Robots"
"The Guild 2: Renaissance","2481","The Guild 2: Renaissance","2973900","76800","2261","3","260","5","0","38.72","The Guild 2: Renaissance"
"Lovely Planet","2482","Lovely Planet","2973600","35820","94087","9","231","5","0","83.02","Lovely Planet"
"Lucy - The Eternity She Wished For -","2483","Lucy - The Eternity She Wished For -","2971740","84660","6029","7","269","5","0","35.1","Lucy - The Eternity She Wished For -"
"Tinertia","2484","Tinertia","2970420","3840","79902","10","25","5","0","773.55","Tinertia"
"Illusion: A Tale of the Mind","2485","Illusion: A Tale of the Mind","2968380","9120","23518","3","43","5","0","325.48","Illusion: A Tale of the Mind"
"Impulsion","2486","Impulsion","2968080","48180","5284","6","120","5","0","61.6","Impulsion"
"TrackMania","2487","TrackMania","2967000","62220","3365","4","301","5","0","47.69","TrackMania"
"A Robot Named Fight!","2488","A Robot Named Fight!","2960280","79800","6033","3","216","5","0","37.1","A Robot Named Fight!"
"VR Kanojo","2489","VR Kanojo","2956560","4980","9688","3","46","5","0","593.69","VR Kanojo"
"LEGO The Hobbit","2490","LEGO The Hobbit","2956560","190080","17679","23","1271","5","0","15.55","LEGO The Hobbit"
"Urban Chaos","2491","Urban Chaos","2956440","6540","8555","2","24","5","0","452.06","Urban Chaos"
"Automation","2492","Automation","2951280","99660","3911","8","395","5","0","29.61","Automation"
"Pool Panic","2493","Pool Panic","2950860","26640","2698","7","182","5","0","110.77","Pool Panic"
"The Spy Who Shrunk Me","2494","The Spy Who Shrunk Me","2945940","3660","39787","5","41","5","0","804.9","The Spy Who Shrunk Me"
"Spellsworn","2495","Spellsworn","2944140","86640","20070","9","611","5","0","33.98","Spellsworn"
"Beyond Good & Evil","2496","Beyond Good & Evil","2943720","358080","2610","14","1064","5","0","8.22","Beyond Good & Evil"
"Star Wars: Rebellion","2497","Star Wars: Rebellion","2940660","33240","3883","2","58","5","0","88.47","Star Wars: Rebellion"
"Deponia: The Complete Journey","2498","Deponia: The Complete Journey","2940300","248640","4096","6","532","5","0","11.83","Deponia: The Complete Journey"
"WWE","2499","WWE","2939460","176100","18359","15","392","5","0","16.69","WWE"
"Blackwood Crossing","2500","Blackwood Crossing","2938140","40560","4704","3","206","5","0","72.44","Blackwood Crossing"