"","","Game","Watch time","Stream time","Peak viewers","Peak channels","Streamers","Average viewers","Average channels","Average viewer ratio",""
"Marie's Room","4701","Marie's Room","688680","77220","1153","4","857","1","0","8.92","Marie's Room"
"We Wish You A Merry Christmas","4702","We Wish You A Merry Christmas","688020","2580","3791","2","7","1","0","266.67","We Wish You A Merry Christmas"
"Vanishing Realms","4703","Vanishing Realms","687420","16620","2806","2","78","1","0","41.36","Vanishing Realms"
"Mega Man Battle Network 2","4704","Mega Man Battle Network 2","687000","118260","139","5","113","1","0","5.81","Mega Man Battle Network 2"
"Bomb Chicken","4705","Bomb Chicken","687000","19320","1862","5","78","1","0","35.56","Bomb Chicken"
"Anima: Gate of Memories - The Nameless Chronicles","4706","Anima: Gate of Memories - The Nameless Chronicles","686580","8160","22387","3","33","1","0","84.14","Anima: Gate of Memories - The Nameless Chronicles"
"News Tycoon","4707","News Tycoon","685800","214980","528","4","58","1","0","3.19","News Tycoon"
"Kingdom Hearts Re:coded","4708","Kingdom Hearts Re:coded","685500","45240","2890","3","88","1","0","15.15","Kingdom Hearts Re:coded"
"Nosferatu: The Wrath of Malachi","4709","Nosferatu: The Wrath of Malachi","685500","26400","2334","2","140","1","0","25.97","Nosferatu: The Wrath of Malachi"
"Solitaire","4710","Solitaire","685260","102540","3519","3","681","1","0","6.68","Solitaire"
"Hyperdimension Neptunia Re;Birth2: Sisters Generation","4711","Hyperdimension Neptunia Re;Birth2: Sisters Generation","685140","178680","96","5","265","1","0","3.83","Hyperdimension Neptunia Re;Birth2: Sisters Generation"
"World of Horror","4712","World of Horror","683880","7800","2791","2","63","1","0","87.68","World of Horror"
"Blockpost","4713","Blockpost","683820","53280","2434","5","422","1","0","12.83","Blockpost"
"The TV Show","4714","The TV Show","683400","314580","4022","6","152","1","0","2.17","The TV Show"
"Street Fighter EX Plus Alpha","4715","Street Fighter EX Plus Alpha","682980","6840","7435","1","44","1","0","99.85","Street Fighter EX Plus Alpha"
"Ninja Gaiden II: The Dark Sword of Chaos","4716","Ninja Gaiden II: The Dark Sword of Chaos","682980","30300","3456","2","63","1","0","22.54","Ninja Gaiden II: The Dark Sword of Chaos"
"Jaws: Unleashed","4717","Jaws: Unleashed","682920","4140","4327","2","26","1","0","164.96","Jaws: Unleashed"
"The Inner World: The Last Wind Monk","4718","The Inner World: The Last Wind Monk","682620","30300","538","2","75","1","0","22.53","The Inner World: The Last Wind Monk"
"Witch!","4719","Witch!","682080","3780","3727","2","31","1","0","180.44","Witch!"
"Gauntlet of IRE","4720","Gauntlet of IRE","681960","35640","504","4","185","1","0","19.13","Gauntlet of IRE"
"Let's Sing 2017","4721","Let's Sing 2017","681960","1560","11280","1","9","1","0","437.15","Let's Sing 2017"
"Universe Sandbox²","4722","Universe Sandbox²","681900","73080","4100","4","503","1","0","9.33","Universe Sandbox²"
"Hearts of Iron III","4723","Hearts of Iron III","681660","26220","178","3","57","1","0","26","Hearts of Iron III"
"Paint the Town Red","4724","Paint the Town Red","681660","46560","3596","4","402","1","0","14.64","Paint the Town Red"
"Gnog","4725","Gnog","681600","10680","4693","2","76","1","0","63.82","Gnog"
"Little triangle","4726","Little triangle","681360","3600","1902","1","13","1","0","189.27","Little triangle"
"Alwa's Awakening","4727","Alwa's Awakening","680940","58020","437","5","181","1","0","11.74","Alwa's Awakening"
"Homeworld Remastered Collection","4728","Homeworld Remastered Collection","680280","114780","327","4","365","1","0","5.93","Homeworld Remastered Collection"
"Side Pocket","4729","Side Pocket","679320","6120","453","1","12","1","0","111","Side Pocket"
"Ancient Domains of Mystery","4730","Ancient Domains of Mystery","678900","152460","65","3","120","1","0","4.45","Ancient Domains of Mystery"
"Dynasty Warriors 8: Xtreme Legends","4731","Dynasty Warriors 8: Xtreme Legends","678720","215400","150","6","507","1","0","3.15","Dynasty Warriors 8: Xtreme Legends"
"Mhakna Gramura and Fairy Bell","4732","Mhakna Gramura and Fairy Bell","677760","2280","4400","1","13","1","0","297.26","Mhakna Gramura and Fairy Bell"
"The Lord of the Rings: The Third Age","4733","The Lord of the Rings: The Third Age","677040","86880","296","3","148","1","0","7.79","The Lord of the Rings: The Third Age"
"Home Improvement: Power Tool Pursuit","4734","Home Improvement: Power Tool Pursuit","676740","6060","3489","1","22","1","0","111.67","Home Improvement: Power Tool Pursuit"
"Jazz Jackrabbit 2","4735","Jazz Jackrabbit 2","676200","42180","2539","3","125","1","0","16.03","Jazz Jackrabbit 2"
"Frogger's Adventures 2: The Lost Wand","4736","Frogger's Adventures 2: The Lost Wand","676140","2340","4976","1","7","1","0","288.95","Frogger's Adventures 2: The Lost Wand"
"Pool Billiard","4737","Pool Billiard","675360","10620","4624","2","22","1","0","63.59","Pool Billiard"
"Pro Evolution Soccer 5","4738","Pro Evolution Soccer 5","675120","13740","890","3","35","1","0","49.14","Pro Evolution Soccer 5"
"Ball 3D","4739","Ball 3D","674760","55200","467","3","291","1","0","12.22","Ball 3D"
"Donkey Kong Land III","4740","Donkey Kong Land III","674520","9240","891","2","21","1","0","73","Donkey Kong Land III"
"Medieval II: Total War - Kingdoms","4741","Medieval II: Total War - Kingdoms","673860","80100","3955","4","174","1","0","8.41","Medieval II: Total War - Kingdoms"
"Suikoden V","4742","Suikoden V","673440","89760","94","3","60","1","0","7.5","Suikoden V"
"Dead or Alive 2","4743","Dead or Alive 2","673380","8820","6415","1","34","1","0","76.35","Dead or Alive 2"
"Volgarr the Viking","4744","Volgarr the Viking","673200","101280","1618","5","461","1","0","6.65","Volgarr the Viking"
"Love Nikki-Dress UP Queen","4745","Love Nikki-Dress UP Queen","673140","44580","274","3","83","1","0","15.1","Love Nikki-Dress UP Queen"
"XIII","4746","XIII","672420","64800","1103","4","126","1","0","10.38","XIII"
"Just Cause 2","4747","Just Cause 2","671460","262500","619","6","1337","1","0","2.56","Just Cause 2"
"Metal Gear Solid HD Collection","4748","Metal Gear Solid HD Collection","671340","102840","273","3","189","1","0","6.53","Metal Gear Solid HD Collection"
"Battlezone II: Combat Commander","4749","Battlezone II: Combat Commander","671340","55320","5281","7","129","1","0","12.14","Battlezone II: Combat Commander"
"Zero G Arena","4750","Zero G Arena","671340","2640","9698","2","23","1","0","254.3","Zero G Arena"
"Paladins Strike","4751","Paladins Strike","671280","170100","234","9","776","1","0","3.95","Paladins Strike"
"Breath of Fire: Dragon Quarter","4752","Breath of Fire: Dragon Quarter","670620","64860","1069","3","49","1","0","10.34","Breath of Fire: Dragon Quarter"
"Don't Stand Out","4753","Don't Stand Out","670560","1260","11036","1","13","1","0","532.19","Don't Stand Out"
"Jagged Alliance: Rage!","4754","Jagged Alliance: Rage!","670020","19800","1124","12","91","1","0","33.84","Jagged Alliance: Rage!"
"DDTANK","4755","DDTANK","669780","102300","284","7","239","1","0","6.55","DDTANK"
"Dungeons & Dragons: Chronicles of Mystara","4756","Dungeons & Dragons: Chronicles of Mystara","668940","30300","4736","4","190","1","0","22.08","Dungeons & Dragons: Chronicles of Mystara"
"Toy Story 2: Buzz Lightyear to the Rescue!","4757","Toy Story 2: Buzz Lightyear to the Rescue!","668700","113820","184","5","232","1","0","5.88","Toy Story 2: Buzz Lightyear to the Rescue!"
"Silence","4758","Silence","668700","110880","112","4","423","1","0","6.03","Silence"
"Cheitha","4759","Cheitha","668280","540","17572","2","5","1","0","1237.56","Cheitha"
"Real Pool 3D - Poolians","4760","Real Pool 3D - Poolians","668160","82860","2540","5","479","1","0","8.06","Real Pool 3D - Poolians"
"Mortal Online","4761","Mortal Online","668040","128340","84","5","144","1","0","5.21","Mortal Online"
"The Tiny Bang Story","4762","The Tiny Bang Story","667980","64620","919","17","357","1","0","10.34","The Tiny Bang Story"
"NHL '94","4763","NHL '94","667740","28800","262","2","56","1","0","23.19","NHL '94"
"Barbie Adventure Riding Club","4764","Barbie Adventure Riding Club","667320","1320","9429","3","13","1","0","505.55","Barbie Adventure Riding Club"
"Pharaoh","4765","Pharaoh","666960","80460","141","3","157","1","0","8.29","Pharaoh"
"Utawarerumono: Chiriyuku Mono e no Komoriuta","4766","Utawarerumono: Chiriyuku Mono e no Komoriuta","666900","55800","772","7","43","1","0","11.95","Utawarerumono: Chiriyuku Mono e no Komoriuta"
"Shironeko Project","4767","Shironeko Project","666900","113940","147","5","50","1","0","5.85","Shironeko Project"
"Pro Fishing","4768","Pro Fishing","666780","52440","886","6","139","1","0","12.72","Pro Fishing"
"Pictopix","4769","Pictopix","666600","20760","706","2","58","1","0","32.11","Pictopix"
"Days Gone","4770","Days Gone","666480","4260","5540","1","4","1","0","156.45","Days Gone"
"Fireworks","4771","Fireworks","666480","5940","5168","6","34","1","0","112.2","Fireworks"
"Zombie Panic: Source","4772","Zombie Panic: Source","665940","65760","3756","5","325","1","0","10.13","Zombie Panic: Source"
"Euro Fishing","4773","Euro Fishing","665520","203160","956","6","754","1","0","3.28","Euro Fishing"
"SpellForce: Shadow of the Phoenix","4774","SpellForce: Shadow of the Phoenix","665220","18480","413","3","34","1","0","36","SpellForce: Shadow of the Phoenix"
"Tetris Ultimate","4775","Tetris Ultimate","665220","112440","3255","4","674","1","0","5.92","Tetris Ultimate"
"Power Rangers","4776","Power Rangers","665160","36840","941","2","92","1","0","18.06","Power Rangers"
"The Incredible Hulk","4777","The Incredible Hulk","664440","5100","5469","2","27","1","0","130.28","The Incredible Hulk"
"Marc Ecko's Getting Up: Contents Under Pressure","4778","Marc Ecko's Getting Up: Contents Under Pressure","663960","41880","4780","2","128","1","0","15.85","Marc Ecko's Getting Up: Contents Under Pressure"
"Creeper World 3: Arc Eternal","4779","Creeper World 3: Arc Eternal","663720","84180","117","3","231","1","0","7.88","Creeper World 3: Arc Eternal"
"Distortions","4780","Distortions","663720","12900","1445","2","44","1","0","51.45","Distortions"
"Hatsune Miku: Project Diva X","4781","Hatsune Miku: Project Diva X","663360","215100","452","6","1053","1","0","3.08","Hatsune Miku: Project Diva X"
"Timberman","4782","Timberman","663060","45540","2134","3","192","1","0","14.56","Timberman"
"Haimrik","4783","Haimrik","662520","18900","1339","3","79","1","0","35.05","Haimrik"
"Astro Boy: Omega Factor","4784","Astro Boy: Omega Factor","662340","10860","3665","3","35","1","0","60.99","Astro Boy: Omega Factor"
"Wave Race 64","4785","Wave Race 64","662220","120480","398","5","122","1","0","5.5","Wave Race 64"
"Rappelz","4786","Rappelz","662160","182280","81","4","186","1","0","3.63","Rappelz"
"Broken Sword: The Serpent's Curse","4787","Broken Sword: The Serpent's Curse","661560","67080","1004","4","125","1","0","9.86","Broken Sword: The Serpent's Curse"
"Las Vegas Casino","4788","Las Vegas Casino","661080","3360","475","3","12","1","0","196.75","Las Vegas Casino"
"Make-Up and Style","4789","Make-Up and Style","660960","57720","2089","8","291","1","0","11.45","Make-Up and Style"
"10 Amazingly Awful Games","4790","10 Amazingly Awful Games","660840","240","3639","2","2","1","0","2753.5","10 Amazingly Awful Games"
"Mario Power Tennis","4791","Mario Power Tennis","660600","57780","3687","4","296","1","0","11.43","Mario Power Tennis"
"Cube Escape: Birthday","4792","Cube Escape: Birthday","660240","6720","3983","1","54","1","0","98.25","Cube Escape: Birthday"
"Challenge ProMode Arena","4793","Challenge ProMode Arena","659820","157440","248","5","84","1","0","4.19","Challenge ProMode Arena"
"Binary Domain","4794","Binary Domain","659580","92820","1447","4","261","1","0","7.11","Binary Domain"
"Final Fantasy I & II: Dawn of Souls","4795","Final Fantasy I & II: Dawn of Souls","659340","143280","292","4","301","1","0","4.6","Final Fantasy I & II: Dawn of Souls"
"Outtrigger","4796","Outtrigger","658080","840","6064","1","4","1","0","783.43","Outtrigger"
"Viva Piñata: Trouble in Paradise","4797","Viva Piñata: Trouble in Paradise","657780","33900","410","2","104","1","0","19.4","Viva Piñata: Trouble in Paradise"
"Catan Universe","4798","Catan Universe","657540","68880","674","3","270","1","0","9.55","Catan Universe"
"Punch Planet","4799","Punch Planet","657000","30960","2866","3","59","1","0","21.22","Punch Planet"
"Winning Putt","4800","Winning Putt","656940","102780","706","4","197","1","0","6.39","Winning Putt"