"","","Game","Watch time","Stream time","Peak viewers","Peak channels","Streamers","Average viewers","Average channels","Average viewer ratio",""
"Nelly Cootalot: The Fowl Fleet","9401","Nelly Cootalot: The Fowl Fleet","87600","4680","93","1","9","0","0","18.72","Nelly Cootalot: The Fowl Fleet"
"Artist Tool","9402","Artist Tool","87540","37260","85","4","121","0","0","2.35","Artist Tool"
"Chaos Island","9403","Chaos Island","87540","1200","228","1","2","0","0","72.95","Chaos Island"
"Tennis Elbow 2013","9404","Tennis Elbow 2013","87540","12120","154","2","45","0","0","7.22","Tennis Elbow 2013"
"Nancy Drew: Last Train to Blue Moon Canyon","9405","Nancy Drew: Last Train to Blue Moon Canyon","87540","14220","119","2","45","0","0","6.16","Nancy Drew: Last Train to Blue Moon Canyon"
"FIFA Soccer 96","9406","FIFA Soccer 96","87480","4200","298","2","13","0","0","20.83","FIFA Soccer 96"
"Biker Mice from Mars","9407","Biker Mice from Mars","87420","19020","274","3","44","0","0","4.6","Biker Mice from Mars"
"Pop","9408","Pop","87420","4440","198","1","8","0","0","19.69","Pop"
"Taphouse VR","9409","Taphouse VR","87360","3000","1164","1","35","0","0","29.12","Taphouse VR"
"Cosmos","9410","Cosmos","87360","3900","165","2","14","0","0","22.4","Cosmos"
"Red Faction: Armageddon","9411","Red Faction: Armageddon","87360","50160","124","3","225","0","0","1.74","Red Faction: Armageddon"
"Kami","9412","Kami","87360","3720","154","1","14","0","0","23.48","Kami"
"Teleglitch","9413","Teleglitch","87360","25740","65","2","128","0","0","3.39","Teleglitch"
"Omega Strike","9414","Omega Strike","87300","18240","147","3","60","0","0","4.79","Omega Strike"
"Shards the Deckbuilder","9415","Shards the Deckbuilder","87300","7980","173","2","14","0","0","10.94","Shards the Deckbuilder"
"Loading Screen Simulator","9416","Loading Screen Simulator","87240","18720","186","2","114","0","0","4.66","Loading Screen Simulator"
"Paper-io","9417","Paper-io","87240","15840","476","2","179","0","0","5.51","Paper-io"
"Space Pirates and Zombies","9418","Space Pirates and Zombies","87240","30060","89","2","55","0","0","2.9","Space Pirates and Zombies"
"Super Robot Wars F","9419","Super Robot Wars F","87180","24600","96","2","18","0","0","3.54","Super Robot Wars F"
"Swords & Soldiers II","9420","Swords & Soldiers II","87120","7620","124","5","40","0","0","11.43","Swords & Soldiers II"
"Rogue's Tale","9421","Rogue's Tale","87060","12300","37","2","12","0","0","7.08","Rogue's Tale"
"The Miskatonic","9422","The Miskatonic","87000","9240","685","2","43","0","0","9.42","The Miskatonic"
"Trainz: A New Era","9423","Trainz: A New Era","87000","45120","57","4","62","0","0","1.93","Trainz: A New Era"
"The Piano","9424","The Piano","86940","14460","165","2","89","0","0","6.01","The Piano"
"Ring of Destruction: Slam Masters II","9425","Ring of Destruction: Slam Masters II","86940","5160","396","1","7","0","0","16.85","Ring of Destruction: Slam Masters II"
"8 To Glory - The Official Game of the PBR","9426","8 To Glory - The Official Game of the PBR","86880","1860","865","1","11","0","0","46.71","8 To Glory - The Official Game of the PBR"
"Toki Tori","9427","Toki Tori","86880","13560","179","5","62","0","0","6.41","Toki Tori"
"Glitch","9428","Glitch","86880","16680","258","3","186","0","0","5.21","Glitch"
"Pipes","9429","Pipes","86880","960","1377","1","10","0","0","90.5","Pipes"
"Kirby: Battle Royale","9430","Kirby: Battle Royale","86880","7320","189","3","31","0","0","11.87","Kirby: Battle Royale"
"City Climber","9431","City Climber","86820","1740","874","1","18","0","0","49.9","City Climber"
"Meteos","9432","Meteos","86820","4740","1045","2","13","0","0","18.32","Meteos"
"Shank","9433","Shank","86820","25680","114","2","147","0","0","3.38","Shank"
"Star Wars: Battlefront","9434","Star Wars: Battlefront","86820","39600","28","3","1895","0","0","2.19","Star Wars: Battlefront"
"Black Ice","9435","Black Ice","86700","25260","89","6","108","0","0","3.43","Black Ice"
"Godzilla","9436","Godzilla","86700","60660","139","3","290","0","0","1.43","Godzilla"
"Rogue Hearts Dungeon","9437","Rogue Hearts Dungeon","86700","780","343","1","3","0","0","111.15","Rogue Hearts Dungeon"
"Grim Soul: Dark Fantasy Survival","9438","Grim Soul: Dark Fantasy Survival","86580","19320","28","3","25","0","0","4.48","Grim Soul: Dark Fantasy Survival"
"1bitHeart","9439","1bitHeart","86580","27180","42","2","87","0","0","3.19","1bitHeart"
"Nostalgia","9440","Nostalgia","86580","28800","64","3","53","0","0","3.01","Nostalgia"
"Muppet Monster Adventure","9441","Muppet Monster Adventure","86580","7920","104","1","20","0","0","10.93","Muppet Monster Adventure"
"Oneshot Voca","9442","Oneshot Voca","86520","1020","733","1","4","0","0","84.82","Oneshot Voca"
"Rigid Force Alpha","9443","Rigid Force Alpha","86460","2940","276","1","18","0","0","29.41","Rigid Force Alpha"
"Baten Kaitos Origins","9444","Baten Kaitos Origins","86460","35460","153","3","33","0","0","2.44","Baten Kaitos Origins"
"Syd of Valis","9445","Syd of Valis","86460","1560","235","4","11","0","0","55.42","Syd of Valis"
"Sword of the New World: Granado Espada","9446","Sword of the New World: Granado Espada","86460","49860","19","3","34","0","0","1.73","Sword of the New World: Granado Espada"
"Psi-Ops: The Mindgate Conspiracy","9447","Psi-Ops: The Mindgate Conspiracy","86460","8100","348","2","29","0","0","10.67","Psi-Ops: The Mindgate Conspiracy"
"F.E.A.R. Combat","9448","F.E.A.R. Combat","86400","12240","1270","2","30","0","0","7.06","F.E.A.R. Combat"
"Tardy","9449","Tardy","86400","3960","607","2","16","0","0","21.82","Tardy"
"Muppet Pinball Mayhem","9450","Muppet Pinball Mayhem","86340","60","1526","1","1","0","0","1439","Muppet Pinball Mayhem"
"Eat! Fat! FIGHT!","9451","Eat! Fat! FIGHT!","86340","240","1436","1","4","0","0","359.75","Eat! Fat! FIGHT!"
"The Rugrats Movie","9452","The Rugrats Movie","86340","2940","1417","1","10","0","0","29.37","The Rugrats Movie"
"Suikoden Tactics","9453","Suikoden Tactics","86340","14580","22","1","7","0","0","5.92","Suikoden Tactics"
"NASCAR","9454","NASCAR","86340","7860","299","3","31","0","0","10.98","NASCAR"
"Fibrillation","9455","Fibrillation","86280","7500","380","2","48","0","0","11.5","Fibrillation"
"The Pirate's Fate","9456","The Pirate's Fate","86280","10500","69","4","32","0","0","8.22","The Pirate's Fate"
"Gunlock","9457","Gunlock","86220","480","590","1","3","0","0","179.63","Gunlock"
"hack_me 2","9458","hack_me 2","86220","1440","761","1","17","0","0","59.88","hack_me 2"
"Downward","9459","Downward","86220","20520","202","2","92","0","0","4.2","Downward"
"Supreme Ruler Ultimate","9460","Supreme Ruler Ultimate","86160","11940","54","2","14","0","0","7.22","Supreme Ruler Ultimate"
"Bedlamball","9461","Bedlamball","86100","2280","1423","1","10","0","0","37.76","Bedlamball"
"Operation","9462","Operation","86100","900","1364","1","5","0","0","95.67","Operation"
"MX vs. ATV: Reflex","9463","MX vs. ATV: Reflex","86100","45900","70","5","408","0","0","1.88","MX vs. ATV: Reflex"
"Thief of Thieves: Season One","9464","Thief of Thieves: Season One","86040","11280","1033","3","114","0","0","7.63","Thief of Thieves: Season One"
"The Golf Club","9465","The Golf Club","86040","58500","101","3","231","0","0","1.47","The Golf Club"
"Ran Online","9466","Ran Online","86040","142500","126","3","71","0","0","0.6","Ran Online"
"Iggy's Reckin' Balls","9467","Iggy's Reckin' Balls","86040","6360","424","1","22","0","0","13.53","Iggy's Reckin' Balls"
"War of the Monsters","9468","War of the Monsters","85980","10500","343","2","174","0","0","8.19","War of the Monsters"
"Paranoia","9469","Paranoia","85920","14820","275","2","32","0","0","5.8","Paranoia"
"nullpointer","9470","nullpointer","85920","8280","409","2","17","0","0","10.38","nullpointer"
"Dough Boy","9471","Dough Boy","85920","120","745","1","1","0","0","716","Dough Boy"
"Golden Krone Hotel","9472","Golden Krone Hotel","85920","14220","52","3","25","0","0","6.04","Golden Krone Hotel"
"Kung Fury: Street Rage","9473","Kung Fury: Street Rage","85860","28080","209","2","177","0","0","3.06","Kung Fury: Street Rage"
"Star Wars: Bounty Hunter","9474","Star Wars: Bounty Hunter","85800","22680","184","2","242","0","0","3.78","Star Wars: Bounty Hunter"
"Bionicle","9475","Bionicle","85800","14880","107","2","53","0","0","5.77","Bionicle"
"Donkey Kong 3","9476","Donkey Kong 3","85680","3420","1343","1","27","0","0","25.05","Donkey Kong 3"
"Gekisha Boy","9477","Gekisha Boy","85680","300","397","1","1","0","0","285.6","Gekisha Boy"
"Epic Car Factory","9478","Epic Car Factory","85680","4200","663","2","26","0","0","20.4","Epic Car Factory"
"Star Trek: The Next Generation - Birth of the Federation","9479","Star Trek: The Next Generation - Birth of the Federation","85560","20520","106","2","30","0","0","4.17","Star Trek: The Next Generation - Birth of the Federation"
"Jurassic Park: Builder","9480","Jurassic Park: Builder","85560","4260","1329","1","15","0","0","20.08","Jurassic Park: Builder"
"The Monkey King","9481","The Monkey King","85500","3000","134","2","6","0","0","28.5","The Monkey King"
"Forza Motorsport 6: Apex","9482","Forza Motorsport 6: Apex","85440","54720","32","3","389","0","0","1.56","Forza Motorsport 6: Apex"
"Project Genom","9483","Project Genom","85440","23700","346","4","103","0","0","3.61","Project Genom"
"S.T.A.L.K.E.R. 2","9484","S.T.A.L.K.E.R. 2","85440","31740","429","2","60","0","0","2.69","S.T.A.L.K.E.R. 2"
"Zuma's Revenge","9485","Zuma's Revenge","85440","12120","115","2","86","0","0","7.05","Zuma's Revenge"
"Viridi","9486","Viridi","85440","36720","124","3","88","0","0","2.33","Viridi"
"Loria","9487","Loria","85380","1740","199","2","7","0","0","49.07","Loria"
"Puzzle Star Sweep","9488","Puzzle Star Sweep","85380","4140","45","2","5","0","0","20.62","Puzzle Star Sweep"
"Continent of the Ninth Seal","9489","Continent of the Ninth Seal","85380","62100","14","3","128","0","0","1.37","Continent of the Ninth Seal"
"Marlow Briggs and the Mask of Death","9490","Marlow Briggs and the Mask of Death","85260","29460","188","2","86","0","0","2.89","Marlow Briggs and the Mask of Death"
"The Next Big Thing","9491","The Next Big Thing","85260","11400","86","2","32","0","0","7.48","The Next Big Thing"
"Pitfall: The Lost Expedition","9492","Pitfall: The Lost Expedition","85200","17040","83","2","28","0","0","5","Pitfall: The Lost Expedition"
"Real Madrid: The Game","9493","Real Madrid: The Game","85200","960","502","1","5","0","0","88.75","Real Madrid: The Game"
"Agent A: A Puzzle In Disguise","9494","Agent A: A Puzzle In Disguise","85200","2460","335","1","12","0","0","34.63","Agent A: A Puzzle In Disguise"
"Battle Royale Tycoon","9495","Battle Royale Tycoon","85080","4560","789","2","33","0","0","18.66","Battle Royale Tycoon"
"Tiny Toon Adventures: Buster's Hidden Treasure","9496","Tiny Toon Adventures: Buster's Hidden Treasure","85080","10680","376","2","49","0","0","7.97","Tiny Toon Adventures: Buster's Hidden Treasure"
"Mario and Luigi: Bowser's Inside Story + Bowser Jr.'s Journey","9497","Mario and Luigi: Bowser's Inside Story + Bowser Jr.'s Journey","85020","17880","96","2","46","0","0","4.76","Mario and Luigi: Bowser's Inside Story + Bowser Jr.'s Journey"
"Metal Gear Solid 5","9498","Metal Gear Solid 5","84960","12000","234","2","261","0","0","7.08","Metal Gear Solid 5"
"Pilotwings","9499","Pilotwings","84960","16260","127","2","67","0","0","5.23","Pilotwings"
"Dune","9500","Dune","84960","16440","54","2","58","0","0","5.17","Dune"