"","","Game","Watch time","Stream time","Peak viewers","Peak channels","Streamers","Average viewers","Average channels","Average viewer ratio",""
"The Lurking Horror","9201","The Lurking Horror","94860","4920","366","1","31","0","0","19.28","The Lurking Horror"
"Bad Boys: Miami Takedown","9202","Bad Boys: Miami Takedown","94740","2220","395","2","14","0","0","42.68","Bad Boys: Miami Takedown"
"Dino Stalker","9203","Dino Stalker","94740","2940","209","1","15","0","0","32.22","Dino Stalker"
"Gordo 106","9204","Gordo 106","94740","2040","1122","2","11","0","0","46.44","Gordo 106"
"The Journey Down: Chapter Three","9205","The Journey Down: Chapter Three","94680","16200","220","2","41","0","0","5.84","The Journey Down: Chapter Three"
"Super Street Fighter IV","9206","Super Street Fighter IV","94680","54060","321","3","307","0","0","1.75","Super Street Fighter IV"
"Jak and Daxter: The Lost Frontier","9207","Jak and Daxter: The Lost Frontier","94560","7020","348","2","28","0","0","13.47","Jak and Daxter: The Lost Frontier"
"Isbarah","9208","Isbarah","94560","540","1589","1","4","0","0","175.11","Isbarah"
"Power & Revolution","9209","Power & Revolution","94500","5340","363","2","28","0","0","17.7","Power & Revolution"
"Nintendo World Cup","9210","Nintendo World Cup","94440","12540","385","2","34","0","0","7.53","Nintendo World Cup"
"Disney's the Lion King: Simba's Mighty Adventure","9211","Disney's the Lion King: Simba's Mighty Adventure","94440","3240","1286","2","16","0","0","29.15","Disney's the Lion King: Simba's Mighty Adventure"
"Rugby 18","9212","Rugby 18","94380","15780","788","2","80","0","0","5.98","Rugby 18"
"Um Jammer Lammy","9213","Um Jammer Lammy","94320","9960","284","2","72","0","0","9.47","Um Jammer Lammy"
"Carmen Sandiego Word Detective","9214","Carmen Sandiego Word Detective","94320","120","1852","1","3","0","0","786","Carmen Sandiego Word Detective"
"Quackshot","9215","Quackshot","94200","15420","138","3","57","0","0","6.11","Quackshot"
"Football Manager 2016","9216","Football Manager 2016","94200","40380","341","2","130","0","0","2.33","Football Manager 2016"
"RaiderZ","9217","RaiderZ","94200","44280","58","2","84","0","0","2.13","RaiderZ"
"Supaplex","9218","Supaplex","94200","8820","193","1","29","0","0","10.68","Supaplex"
"Between Me and The Night","9219","Between Me and The Night","94140","8340","225","2","52","0","0","11.29","Between Me and The Night"
"Sonic the Hedgehog 4: Episode II","9220","Sonic the Hedgehog 4: Episode II","94080","16920","212","3","101","0","0","5.56","Sonic the Hedgehog 4: Episode II"
"Battlestar Galactica Online","9221","Battlestar Galactica Online","94080","71280","16","3","110","0","0","1.32","Battlestar Galactica Online"
"Joggernauts","9222","Joggernauts","94020","2820","151","2","17","0","0","33.34","Joggernauts"
"Super Bike","9223","Super Bike","93960","240","575","1","1","0","0","391.5","Super Bike"
"Shardlight","9224","Shardlight","93900","14580","107","1","39","0","0","6.44","Shardlight"
"Kirara Fantasia","9225","Kirara Fantasia","93720","16860","238","2","56","0","0","5.56","Kirara Fantasia"
"Adam Wolfe","9226","Adam Wolfe","93660","13740","72","2","41","0","0","6.82","Adam Wolfe"
"Piczle Lines DX","9227","Piczle Lines DX","93540","4200","75","2","5","0","0","22.27","Piczle Lines DX"
"Le Tour de France 2017","9228","Le Tour de France 2017","93480","16740","79","2","31","0","0","5.58","Le Tour de France 2017"
"King Oddball","9229","King Oddball","93480","67260","91","6","519","0","0","1.39","King Oddball"
"Crazy Machines","9230","Crazy Machines","93420","7800","577","1","37","0","0","11.98","Crazy Machines"
"Forgotten Worlds","9231","Forgotten Worlds","93420","3900","365","9","24","0","0","23.95","Forgotten Worlds"
"Mope.io","9232","Mope.io","93420","21780","286","2","145","0","0","4.29","Mope.io"
"ACE Academy","9233","ACE Academy","93420","22380","77","2","62","0","0","4.17","ACE Academy"
"TouchFish","9234","TouchFish","93180","852480","6","4","9","0","1","0.11","TouchFish"
"One Piece: Grand Cruise","9235","One Piece: Grand Cruise","93120","5220","1003","2","48","0","0","17.84","One Piece: Grand Cruise"
"The Last Crown: Midnight Horror","9236","The Last Crown: Midnight Horror","93060","6000","379","1","26","0","0","15.51","The Last Crown: Midnight Horror"
"Pro Fishing Simulator","9237","Pro Fishing Simulator","93060","9240","207","4","37","0","0","10.07","Pro Fishing Simulator"
"Intralism","9238","Intralism","93000","34800","224","2","179","0","0","2.67","Intralism"
"Brothers in Arms: Road to Hill 30","9239","Brothers in Arms: Road to Hill 30","93000","27780","179","2","135","0","0","3.35","Brothers in Arms: Road to Hill 30"
"Maldita Castilla","9240","Maldita Castilla","93000","11280","494","7","45","0","0","8.24","Maldita Castilla"
"PoxNora","9241","PoxNora","93000","31260","13","2","36","0","0","2.98","PoxNora"
"Police 911","9242","Police 911","93000","5220","516","2","36","0","0","17.82","Police 911"
"Stay Alive: Apocalypse","9243","Stay Alive: Apocalypse","92940","10320","525","2","25","0","0","9.01","Stay Alive: Apocalypse"
"Tabaluga","9244","Tabaluga","92880","480","783","1","3","0","0","193.5","Tabaluga"
"Crystalline","9245","Crystalline","92880","22920","140","2","49","0","0","4.05","Crystalline"
"Shardbound","9246","Shardbound","92880","43680","27","3","163","0","0","2.13","Shardbound"
"Pokémon Rumble Blast","9247","Pokémon Rumble Blast","92880","2220","297","1","9","0","0","41.84","Pokémon Rumble Blast"
"Pro Wrestling X","9248","Pro Wrestling X","92880","3840","817","1","10","0","0","24.19","Pro Wrestling X"
"Adventures of Lolo 3","9249","Adventures of Lolo 3","92820","7740","517","1","15","0","0","11.99","Adventures of Lolo 3"
"Ice Age 2: The Meltdown","9250","Ice Age 2: The Meltdown","92760","8460","300","2","33","0","0","10.96","Ice Age 2: The Meltdown"
"Mega Man Star Force 2","9251","Mega Man Star Force 2","92760","17760","73","4","26","0","0","5.22","Mega Man Star Force 2"
"Hollowpoint","9252","Hollowpoint","92760","180","793","1","2","0","0","515.33","Hollowpoint"
"Kao the Kangaroo","9253","Kao the Kangaroo","92700","4620","1058","1","22","0","0","20.06","Kao the Kangaroo"
"Doritos Crash Course","9254","Doritos Crash Course","92700","16320","115","2","122","0","0","5.68","Doritos Crash Course"
"Super Robot Taisen Original Generation 2","9255","Super Robot Taisen Original Generation 2","92640","11820","60","1","14","0","0","7.84","Super Robot Taisen Original Generation 2"
"Asteria","9256","Asteria","92640","4680","604","7","23","0","0","19.79","Asteria"
"One Piece Thousand Storm","9257","One Piece Thousand Storm","92640","12360","119","2","28","0","0","7.5","One Piece Thousand Storm"
"Saya no Uta","9258","Saya no Uta","92580","16860","246","2","56","0","0","5.49","Saya no Uta"
"The Pink Panther Passport to Peril","9259","The Pink Panther Passport to Peril","92520","3600","96","1","12","0","0","25.7","The Pink Panther Passport to Peril"
"Fitness Fun","9260","Fitness Fun","92520","12780","180","2","49","0","0","7.24","Fitness Fun"
"Plug Me","9261","Plug Me","92460","9120","173","2","27","0","0","10.14","Plug Me"
"Rudolph The Red-Nosed Reindeer","9262","Rudolph The Red-Nosed Reindeer","92400","420","1527","1","4","0","0","220","Rudolph The Red-Nosed Reindeer"
"Popful Mail","9263","Popful Mail","92400","16020","61","2","31","0","0","5.77","Popful Mail"
"The Sims: Castaway Stories","9264","The Sims: Castaway Stories","92340","2640","290","1","11","0","0","34.98","The Sims: Castaway Stories"
"Silent Hunter III","9265","Silent Hunter III","92340","40860","47","2","103","0","0","2.26","Silent Hunter III"
"Showdown: Legends of Wrestling","9266","Showdown: Legends of Wrestling","92340","1020","595","1","5","0","0","90.53","Showdown: Legends of Wrestling"
"UEFA Champions League 2006-2007","9267","UEFA Champions League 2006-2007","92280","2940","907","2","12","0","0","31.39","UEFA Champions League 2006-2007"
"Microsoft Flight Simulator","9268","Microsoft Flight Simulator","92160","20580","423","2","25","0","0","4.48","Microsoft Flight Simulator"
"Codename: Outbreak","9269","Codename: Outbreak","92100","3240","762","2","13","0","0","28.43","Codename: Outbreak"
"Hello Kitty Fairy Tale Samegame","9270","Hello Kitty Fairy Tale Samegame","92040","17700","499","2","26","0","0","5.2","Hello Kitty Fairy Tale Samegame"
"Fear Effect: Sedna","9271","Fear Effect: Sedna","92040","16260","128","5","108","0","0","5.66","Fear Effect: Sedna"
"Scoop Da Poop","9272","Scoop Da Poop","91980","1020","1507","1","13","0","0","90.18","Scoop Da Poop"
"Shin Megami Tensei: Persona 2 - Innocent Sin","9273","Shin Megami Tensei: Persona 2 - Innocent Sin","91980","20700","188","2","36","0","0","4.44","Shin Megami Tensei: Persona 2 - Innocent Sin"
"Keitai Denjuu Telefang","9274","Keitai Denjuu Telefang","91920","2400","251","1","6","0","0","38.3","Keitai Denjuu Telefang"
"Void Memory","9275","Void Memory","91920","5340","164","2","18","0","0","17.21","Void Memory"
"Maitetsu","9276","Maitetsu","91920","6600","653","2","17","0","0","13.93","Maitetsu"
"itch","9277","itch","91860","4560","391","1","26","0","0","20.14","itch"
"Farm Frenzy","9278","Farm Frenzy","91800","4980","403","2","18","0","0","18.43","Farm Frenzy"
"FreeStyle Football","9279","FreeStyle Football","91680","34440","42","2","39","0","0","2.66","FreeStyle Football"
"Shark Simulator","9280","Shark Simulator","91680","9540","158","3","83","0","0","9.61","Shark Simulator"
"Holy Potatoes! A Spy Story?!","9281","Holy Potatoes! A Spy Story?!","91680","5460","213","3","25","0","0","16.79","Holy Potatoes! A Spy Story?!"
"Warspear Online","9282","Warspear Online","91620","79080","65","3","170","0","0","1.16","Warspear Online"
"Baldur's Gate: Dark Alliance II","9283","Baldur's Gate: Dark Alliance II","91620","21480","127","2","57","0","0","4.27","Baldur's Gate: Dark Alliance II"
"Gloomhaven","9284","Gloomhaven","91620","26220","32","3","62","0","0","3.49","Gloomhaven"
"Super Noah's Ark 3D","9285","Super Noah's Ark 3D","91380","9840","496","2","48","0","0","9.29","Super Noah's Ark 3D"
"Final Fantasy Crystal Chronicles: My Life As a Darklord","9286","Final Fantasy Crystal Chronicles: My Life As a Darklord","91380","4680","735","2","15","0","0","19.53","Final Fantasy Crystal Chronicles: My Life As a Darklord"
"Burn Ban","9287","Burn Ban","91260","60","1521","1","1","0","0","1521","Burn Ban"
"Pure Pool","9288","Pure Pool","91200","26100","828","2","279","0","0","3.49","Pure Pool"
"Connections","9289","Connections","91140","1500","140","1","4","0","0","60.76","Connections"
"MLB The Show 16","9290","MLB The Show 16","91140","17580","168","3","597","0","0","5.18","MLB The Show 16"
"Drunken Robot Pornography","9291","Drunken Robot Pornography","91080","18660","375","2","81","0","0","4.88","Drunken Robot Pornography"
"Tango 5 Reloaded: Grid Action Heroes","9292","Tango 5 Reloaded: Grid Action Heroes","91080","2820","156","4","21","0","0","32.3","Tango 5 Reloaded: Grid Action Heroes"
"New York Mysteries: Secrets of the Mafia","9293","New York Mysteries: Secrets of the Mafia","91020","7560","356","1","19","0","0","12.04","New York Mysteries: Secrets of the Mafia"
"Lumber Island","9294","Lumber Island","90900","1560","834","1","7","0","0","58.27","Lumber Island"
"Hunter Hunted","9295","Hunter Hunted","90900","1500","164","1","4","0","0","60.6","Hunter Hunted"
"Animyst","9296","Animyst","90900","27000","31","4","33","0","0","3.37","Animyst"
"Dragon Ball Z: The Legacy of Goku I & II","9297","Dragon Ball Z: The Legacy of Goku I & II","90840","6000","387","2","19","0","0","15.14","Dragon Ball Z: The Legacy of Goku I & II"
"Tetris Classic","9298","Tetris Classic","90780","33180","747","3","63","0","0","2.74","Tetris Classic"
"Super Widget","9299","Super Widget","90660","2580","165","1","6","0","0","35.14","Super Widget"
"Fighting Fury","9300","Fighting Fury","90660","60","1612","1","1","0","0","1511","Fighting Fury"