"","","Game","Watch time","Stream time","Peak viewers","Peak channels","Streamers","Average viewers","Average channels","Average viewer ratio",""
"Fuzion Frenzy","7401","Fuzion Frenzy","191520","19080","1133","2","241","0","0","10.04","Fuzion Frenzy"
"Instruments of Chaos Starring Young Indiana Jones","7402","Instruments of Chaos Starring Young Indiana Jones","191400","1440","743","2","9","0","0","132.92","Instruments of Chaos Starring Young Indiana Jones"
"Looney Tunes: Sheep Raider","7403","Looney Tunes: Sheep Raider","191340","25680","282","2","88","0","0","7.45","Looney Tunes: Sheep Raider"
"Sonic Riders","7404","Sonic Riders","191220","51960","159","3","294","0","0","3.68","Sonic Riders"
"The Smurfs","7405","The Smurfs","191100","19020","1249","3","32","0","0","10.05","The Smurfs"
"Metro Exodus","7406","Metro Exodus","190980","3240","2215","1","15","0","0","58.94","Metro Exodus"
"CastleMiner Z","7407","CastleMiner Z","190920","53280","367","3","379","0","0","3.58","CastleMiner Z"
"Quest for Camelot","7408","Quest for Camelot","190920","1380","1484","2","5","0","0","138.35","Quest for Camelot"
"Metal Slug: 2nd Mission","7409","Metal Slug: 2nd Mission","190860","3060","2523","1","26","0","0","62.37","Metal Slug: 2nd Mission"
"Pac-Man Party","7410","Pac-Man Party","190860","2280","1631","1","13","0","0","83.71","Pac-Man Party"
"Full Strength Strongman Competition","7411","Full Strength Strongman Competition","190860","180","1318","1","1","0","0","1060.33","Full Strength Strongman Competition"
"Kirby's Dream Collection Special Edition","7412","Kirby's Dream Collection Special Edition","190740","19980","100","2","65","0","0","9.55","Kirby's Dream Collection Special Edition"
"Danger Zone","7413","Danger Zone","190560","16020","2560","7","90","0","0","11.9","Danger Zone"
"Epic Tavern","7414","Epic Tavern","190500","26400","79","2","54","0","0","7.22","Epic Tavern"
"Livelock","7415","Livelock","190440","102300","148","12","677","0","0","1.86","Livelock"
"Marvel Puzzle Quest: Dark Reign","7416","Marvel Puzzle Quest: Dark Reign","190440","112620","45","4","81","0","0","1.69","Marvel Puzzle Quest: Dark Reign"
"Valkyrie Drive: Bhikkhuni","7417","Valkyrie Drive: Bhikkhuni","190380","42120","267","2","96","0","0","4.52","Valkyrie Drive: Bhikkhuni"
"Soundodger+","7418","Soundodger+","190260","34920","50","3","130","0","0","5.45","Soundodger+"
"Millennium Racer: Y2K Fighters","7419","Millennium Racer: Y2K Fighters","190260","1620","1688","1","5","0","0","117.44","Millennium Racer: Y2K Fighters"
"Beat Fever: Music Tap Rhythm Game","7420","Beat Fever: Music Tap Rhythm Game","190200","15420","160","2","20","0","0","12.33","Beat Fever: Music Tap Rhythm Game"
"Adventures of Lolo","7421","Adventures of Lolo","190200","19920","373","3","71","0","0","9.55","Adventures of Lolo"
"Babysitter Bloodbath","7422","Babysitter Bloodbath","190140","3960","505","1","31","0","0","48.02","Babysitter Bloodbath"
"Assault Spy","7423","Assault Spy","190140","31320","182","4","87","0","0","6.07","Assault Spy"
"Robbie Swifthand and the Orb of Mysteries","7424","Robbie Swifthand and the Orb of Mysteries","190080","4800","490","1","38","0","0","39.6","Robbie Swifthand and the Orb of Mysteries"
"Kirby's Dream Land 2","7425","Kirby's Dream Land 2","190080","32160","228","2","123","0","0","5.91","Kirby's Dream Land 2"
"Amsterdam Taxi Madness","7426","Amsterdam Taxi Madness","189960","840","5256","1","4","0","0","226.14","Amsterdam Taxi Madness"
"Ultima IX: Ascension","7427","Ultima IX: Ascension","189720","13440","1485","2","15","0","0","14.12","Ultima IX: Ascension"
"X-COM: Apocalypse","7428","X-COM: Apocalypse","189660","11760","152","2","22","0","0","16.13","X-COM: Apocalypse"
"Yu-Gi-Oh! GX: Spirit Caller","7429","Yu-Gi-Oh! GX: Spirit Caller","189600","9240","84","1","14","0","0","20.52","Yu-Gi-Oh! GX: Spirit Caller"
"Pokémon Mystery Dungeon: Gates to Infinity","7430","Pokémon Mystery Dungeon: Gates to Infinity","189600","20280","98","3","32","0","0","9.35","Pokémon Mystery Dungeon: Gates to Infinity"
"Horse Racing 2016","7431","Horse Racing 2016","189540","11340","287","1","62","0","0","16.71","Horse Racing 2016"
"Stacking","7432","Stacking","189480","22020","465","2","93","0","0","8.6","Stacking"
"Piano Tiles 2","7433","Piano Tiles 2","189420","45900","1423","2","354","0","0","4.13","Piano Tiles 2"
"39 Days to Mars","7434","39 Days to Mars","189420","7800","407","3","58","0","0","24.28","39 Days to Mars"
"Cruis'n USA","7435","Cruis'n USA","189240","11940","1731","3","61","0","0","15.85","Cruis'n USA"
"The Wonderful 101","7436","The Wonderful 101","189120","35160","93","3","63","0","0","5.38","The Wonderful 101"
"The Wizards","7437","The Wizards","189000","20040","1288","3","122","0","0","9.43","The Wizards"
"Voodoo Vince","7438","Voodoo Vince","188940","36300","346","2","105","0","0","5.2","Voodoo Vince"
"Nancy Drew: Legend of the Crystal Skull","7439","Nancy Drew: Legend of the Crystal Skull","188940","22200","134","2","55","0","0","8.51","Nancy Drew: Legend of the Crystal Skull"
"Lucky Strike","7440","Lucky Strike","188760","161040","5","1","1","0","0","1.17","Lucky Strike"
"Sam & Max Beyond Time and Space","7441","Sam & Max Beyond Time and Space","188700","12540","158","1","29","0","0","15.05","Sam & Max Beyond Time and Space"
"Ring of Red","7442","Ring of Red","188640","11820","67","2","19","0","0","15.96","Ring of Red"
"Out There Somewhere","7443","Out There Somewhere","188460","29220","734","3","119","0","0","6.45","Out There Somewhere"
"Mega Man Maverick Hunter X","7444","Mega Man Maverick Hunter X","188400","28500","106","2","118","0","0","6.61","Mega Man Maverick Hunter X"
"Knights of Pen and Paper","7445","Knights of Pen and Paper","188400","40260","137","4","171","0","0","4.68","Knights of Pen and Paper"
"Trickster VR","7446","Trickster VR","188280","14820","183","2","79","0","0","12.7","Trickster VR"
"Metal Arms: Glitch in the System","7447","Metal Arms: Glitch in the System","188100","56640","314","3","66","0","0","3.32","Metal Arms: Glitch in the System"
"Bulb Boy","7448","Bulb Boy","188040","29580","157","3","189","0","0","6.36","Bulb Boy"
"Double Dragon II","7449","Double Dragon II","187980","8460","1112","2","62","0","0","22.22","Double Dragon II"
"Valkyria Chronicles II","7450","Valkyria Chronicles II","187920","41820","67","2","53","0","0","4.49","Valkyria Chronicles II"
"Dance Dance Revolution: Mario Mix","7451","Dance Dance Revolution: Mario Mix","187860","14580","399","3","90","0","0","12.88","Dance Dance Revolution: Mario Mix"
"Shooty Fruity","7452","Shooty Fruity","187620","35520","455","3","219","0","0","5.28","Shooty Fruity"
"Tryrush Deppy","7453","Tryrush Deppy","187440","2100","3161","3","5","0","0","89.26","Tryrush Deppy"
"Golden Axe The Duel","7454","Golden Axe The Duel","187440","1560","940","1","8","0","0","120.15","Golden Axe The Duel"
"Descent: Freespace - The Great War","7455","Descent: Freespace - The Great War","187320","9660","548","2","27","0","0","19.39","Descent: Freespace - The Great War"
"Letter Quest: Grimm's Journey","7456","Letter Quest: Grimm's Journey","187260","23880","381","2","101","0","0","7.84","Letter Quest: Grimm's Journey"
"Pulsen","7457","Pulsen","187080","840","1567","1","6","0","0","222.71","Pulsen"
"Record of Grancrest War","7458","Record of Grancrest War","187080","17340","95","3","23","0","0","10.79","Record of Grancrest War"
"The New Zealand Story","7459","The New Zealand Story","186960","1860","428","1","9","0","0","100.52","The New Zealand Story"
"Disgaea 2: Dark Hero Days","7460","Disgaea 2: Dark Hero Days","186840","83760","18","3","127","0","0","2.23","Disgaea 2: Dark Hero Days"
"Boxer Rebellion","7461","Boxer Rebellion","186840","360","1632","1","2","0","0","519","Boxer Rebellion"
"Age of Civilizations II","7462","Age of Civilizations II","186780","16680","325","3","94","0","0","11.2","Age of Civilizations II"
"Ms. Pac-Man: Maze Madness","7463","Ms. Pac-Man: Maze Madness","186660","3960","1614","2","19","0","0","47.14","Ms. Pac-Man: Maze Madness"
"Pool Nation FX","7464","Pool Nation FX","186600","51780","308","3","295","0","0","3.6","Pool Nation FX"
"Akumajou Special: Boku Dracula-kun!","7465","Akumajou Special: Boku Dracula-kun!","186360","6780","2739","3","24","0","0","27.49","Akumajou Special: Boku Dracula-kun!"
"Screeps","7466","Screeps","186360","22320","306","2","63","0","0","8.35","Screeps"
"Song of the Deep","7467","Song of the Deep","185760","61920","145","3","223","0","0","3","Song of the Deep"
"Don't Sink","7468","Don't Sink","185700","6120","1229","2","46","0","0","30.34","Don't Sink"
"it's always monday","7469","it's always monday","185400","3900","3089","1","6","0","0","47.54","it's always monday"
"Sanrio World Smash Ball!","7470","Sanrio World Smash Ball!","185220","4080","1678","2","45","0","0","45.4","Sanrio World Smash Ball!"
"Maison de Maou","7471","Maison de Maou","184980","1800","228","1","3","0","0","102.77","Maison de Maou"
"Freeze ME","7472","Freeze ME","184860","120","1550","1","1","0","0","1540.5","Freeze ME"
"Mercenaries 2: World in Flames","7473","Mercenaries 2: World in Flames","184860","21540","106","3","67","0","0","8.58","Mercenaries 2: World in Flames"
"Senjo no Valkyria 3","7474","Senjo no Valkyria 3","184800","41400","129","2","36","0","0","4.46","Senjo no Valkyria 3"
"Naruto Shippuden: Ultimate Ninja Impact","7475","Naruto Shippuden: Ultimate Ninja Impact","184800","4800","1492","1","20","0","0","38.5","Naruto Shippuden: Ultimate Ninja Impact"
"Tony Hawk's Project 8","7476","Tony Hawk's Project 8","184800","20460","110","2","59","0","0","9.03","Tony Hawk's Project 8"
"Zup!","7477","Zup!","184800","11280","583","1","96","0","0","16.38","Zup!"
"Knight Terrors","7478","Knight Terrors","184800","2760","1700","1","14","0","0","66.96","Knight Terrors"
"Adr1ft","7479","Adr1ft","184560","44040","1119","2","242","0","0","4.19","Adr1ft"
"Aquanox: Deep Descent","7480","Aquanox: Deep Descent","184560","2640","228","1","4","0","0","69.91","Aquanox: Deep Descent"
"Goblins Quest 3","7481","Goblins Quest 3","184500","4440","387","1","12","0","0","41.55","Goblins Quest 3"
"Ninja Gaiden Sigma 2","7482","Ninja Gaiden Sigma 2","184440","42180","272","2","58","0","0","4.37","Ninja Gaiden Sigma 2"
"Fushigi no Dungeon: Fuurai no Shiren 5 - Fortune Tower to Unmei no Dice","7483","Fushigi no Dungeon: Fuurai no Shiren 5 - Fortune Tower to Unmei no Dice","184440","6420","284","1","10","0","0","28.73","Fushigi no Dungeon: Fuurai no Shiren 5 - Fortune Tower to Unmei no Dice"
"Starship Theory","7484","Starship Theory","184440","20760","111","2","54","0","0","8.88","Starship Theory"
"Sonic Blast","7485","Sonic Blast","184380","3240","823","1","17","0","0","56.91","Sonic Blast"
"Prince of Persia 3D","7486","Prince of Persia 3D","184380","6000","913","2","25","0","0","30.73","Prince of Persia 3D"
"Psychonauts in the Rhombus of Ruin","7487","Psychonauts in the Rhombus of Ruin","184320","10980","1128","2","69","0","0","16.79","Psychonauts in the Rhombus of Ruin"
"MoonQuest","7488","MoonQuest","184320","6720","613","3","49","0","0","27.43","MoonQuest"
"The House in Fata Morgana: A Requiem for Innocence","7489","The House in Fata Morgana: A Requiem for Innocence","184140","31140","1306","2","33","0","0","5.91","The House in Fata Morgana: A Requiem for Innocence"
"Woodpunk","7490","Woodpunk","184020","4800","1095","2","33","0","0","38.34","Woodpunk"
"Tales of Hearts R","7491","Tales of Hearts R","183960","21660","326","2","14","0","0","8.49","Tales of Hearts R"
"Rise of Nations","7492","Rise of Nations","183840","21840","1399","2","125","0","0","8.42","Rise of Nations"
"Trip World","7493","Trip World","183660","15000","2217","6","33","0","0","12.24","Trip World"
"Elevator Action","7494","Elevator Action","183660","1320","1849","2","16","0","0","139.14","Elevator Action"
"Warhammer 40,000: Kill Team","7495","Warhammer 40,000: Kill Team","183600","12120","1041","3","39","0","0","15.15","Warhammer 40,000: Kill Team"
"Heir of Light","7496","Heir of Light","183600","38940","40","3","44","0","0","4.71","Heir of Light"
"Predynastic Egypt","7497","Predynastic Egypt","183480","3900","541","1","23","0","0","47.05","Predynastic Egypt"
"Box: The Game","7498","Box: The Game","183480","2940","1290","2","5","0","0","62.41","Box: The Game"
"Corridor 7: Alien Invasion","7499","Corridor 7: Alien Invasion","183360","16860","149","2","4","0","0","10.88","Corridor 7: Alien Invasion"
"Digimon World 4","7500","Digimon World 4","183360","41340","246","2","95","0","0","4.44","Digimon World 4"