"","","Game","Watch time","Stream time","Peak viewers","Peak channels","Streamers","Average viewers","Average channels","Average viewer ratio",""
"Metal Slug: Super Vehicle - 001","10201","Metal Slug: Super Vehicle - 001","65760","28800","107","2","145","0","0","2.28","Metal Slug: Super Vehicle - 001"
"Renegade Ops","10202","Renegade Ops","65700","15660","299","3","72","0","0","4.2","Renegade Ops"
"Dynasty Warriors 4","10203","Dynasty Warriors 4","65700","21600","89","2","69","0","0","3.04","Dynasty Warriors 4"
"Remembrance","10204","Remembrance","65700","2040","152","2","18","0","0","32.21","Remembrance"
"Touch Online","10205","Touch Online","65640","70980","32","3","101","0","0","0.92","Touch Online"
"The Incredible Adventures of Van Helsing II","10206","The Incredible Adventures of Van Helsing II","65580","37200","126","3","104","0","0","1.76","The Incredible Adventures of Van Helsing II"
"Kingdom Under Fire: Heroes","10207","Kingdom Under Fire: Heroes","65580","1620","397","1","7","0","0","40.48","Kingdom Under Fire: Heroes"
"El Tango de la Muerte","10208","El Tango de la Muerte","65580","1740","212","1","13","0","0","37.69","El Tango de la Muerte"
"The Truth About Game Development","10209","The Truth About Game Development","65580","61080","68","2","26","0","0","1.07","The Truth About Game Development"
"Poy Poy 2","10210","Poy Poy 2","65520","2400","1011","1","5","0","0","27.3","Poy Poy 2"
"The War of Genesis II","10211","The War of Genesis II","65460","17460","176","2","7","0","0","3.75","The War of Genesis II"
"Ys: Book I & II","10212","Ys: Book I & II","65460","17580","39","2","37","0","0","3.72","Ys: Book I & II"
"JoJo no Kimyo na Bouken: Eyes of Heaven","10213","JoJo no Kimyo na Bouken: Eyes of Heaven","65460","9420","94","2","55","0","0","6.95","JoJo no Kimyo na Bouken: Eyes of Heaven"
"Transformers: Rise of the Dark Spark","10214","Transformers: Rise of the Dark Spark","65460","12960","87","1","69","0","0","5.05","Transformers: Rise of the Dark Spark"
"Armored Core: Verdict Day","10215","Armored Core: Verdict Day","65400","7200","35","2","13","0","0","9.08","Armored Core: Verdict Day"
"T-Rex Runner","10216","T-Rex Runner","65400","3780","254","1","20","0","0","17.3","T-Rex Runner"
"Samurai Shodown II","10217","Samurai Shodown II","65340","9180","220","2","68","0","0","7.12","Samurai Shodown II"
"Turok 3: Shadow of Oblivion","10218","Turok 3: Shadow of Oblivion","65280","16860","29","3","18","0","0","3.87","Turok 3: Shadow of Oblivion"
"Bard's Gold","10219","Bard's Gold","65280","13020","924","2","78","0","0","5.01","Bard's Gold"
"Baby's Day Out","10220","Baby's Day Out","65280","2280","286","2","4","0","0","28.63","Baby's Day Out"
"Catan VR","10221","Catan VR","65280","5280","278","3","35","0","0","12.36","Catan VR"
"Lunar: Dragon Song","10222","Lunar: Dragon Song","65280","3720","122","1","7","0","0","17.55","Lunar: Dragon Song"
"Rockstar Games presents Table Tennis","10223","Rockstar Games presents Table Tennis","65220","5400","241","2","37","0","0","12.08","Rockstar Games presents Table Tennis"
"Cool Boarders 3","10224","Cool Boarders 3","65160","960","349","1","5","0","0","67.88","Cool Boarders 3"
"Uru: Ages Beyond Myst","10225","Uru: Ages Beyond Myst","65160","9180","72","2","25","0","0","7.1","Uru: Ages Beyond Myst"
"Gradius Gaiden","10226","Gradius Gaiden","65160","3240","127","1","11","0","0","20.11","Gradius Gaiden"
"Microsoft Entertainment Pack for Windows","10227","Microsoft Entertainment Pack for Windows","65160","4260","174","2","12","0","0","15.3","Microsoft Entertainment Pack for Windows"
"Along the Edge","10228","Along the Edge","65160","4620","216","1","18","0","0","14.1","Along the Edge"
"Lanota","10229","Lanota","65160","10140","274","2","53","0","0","6.43","Lanota"
"Crashday Redline Edition","10230","Crashday Redline Edition","65160","9960","765","2","46","0","0","6.54","Crashday Redline Edition"
"Utawarerumono Zan","10231","Utawarerumono Zan","65160","17460","39","4","25","0","0","3.73","Utawarerumono Zan"
"DJ Life","10232","DJ Life","65100","76800","127","3","68","0","0","0.85","DJ Life"
"Destination Primus Vita","10233","Destination Primus Vita","65040","3360","145","3","18","0","0","19.36","Destination Primus Vita"
"Freedom","10234","Freedom","64980","1920","1048","1","7","0","0","33.84","Freedom"
"Below Kryll","10235","Below Kryll","64980","480","1083","1","4","0","0","135.38","Below Kryll"
"Super Stickman Golf 3","10236","Super Stickman Golf 3","64920","960","257","1","7","0","0","67.63","Super Stickman Golf 3"
"Please Love My Computer Game","10237","Please Love My Computer Game","64920","14400","116","3","85","0","0","4.51","Please Love My Computer Game"
"A King's Tale: Final Fantasy XV","10238","A King's Tale: Final Fantasy XV","64920","55860","27","2","380","0","0","1.16","A King's Tale: Final Fantasy XV"
"WWE Crush Hour","10239","WWE Crush Hour","64920","720","575","2","7","0","0","90.17","WWE Crush Hour"
"Narco Terror","10240","Narco Terror","64920","1620","81","1","3","0","0","40.07","Narco Terror"
"Big Rigs: Over the Road Racing","10241","Big Rigs: Over the Road Racing","64920","15660","143","1","35","0","0","4.15","Big Rigs: Over the Road Racing"
"Microsoft Flight Simulator X: Acceleration","10242","Microsoft Flight Simulator X: Acceleration","64920","201840","23","3","54","0","0","0.32","Microsoft Flight Simulator X: Acceleration"
"Yie Ar Kung-Fu","10243","Yie Ar Kung-Fu","64860","1620","403","1","11","0","0","40.04","Yie Ar Kung-Fu"
"Ankh: Battle of the Gods","10244","Ankh: Battle of the Gods","64860","3420","97","1","6","0","0","18.96","Ankh: Battle of the Gods"
"Doll","10245","Doll","64800","9300","427","1","6","0","0","6.97","Doll"
"Are You Afraid of the Dark? The Tale of Orpheo's Curse","10246","Are You Afraid of the Dark? The Tale of Orpheo's Curse","64800","1620","179","1","7","0","0","40","Are You Afraid of the Dark? The Tale of Orpheo's Curse"
"Duet","10247","Duet","64800","7080","87","1","38","0","0","9.15","Duet"
"Cannon Fodder","10248","Cannon Fodder","64800","5760","269","1","39","0","0","11.25","Cannon Fodder"
"Project X Zone","10249","Project X Zone","64800","17220","29","2","33","0","0","3.76","Project X Zone"
"#IDARB","10250","#IDARB","64740","55920","276","4","477","0","0","1.16","#IDARB"
"Lost Child","10251","Lost Child","64740","2640","44","1","2","0","0","24.52","Lost Child"
"Imperium Galactica II: Alliances","10252","Imperium Galactica II: Alliances","64680","7080","921","1","15","0","0","9.14","Imperium Galactica II: Alliances"
"Project I.G.I.: I'm Going In","10253","Project I.G.I.: I'm Going In","64680","9060","312","1","38","0","0","7.14","Project I.G.I.: I'm Going In"
"R.C. Pro-Am II","10254","R.C. Pro-Am II","64620","3360","108","1","6","0","0","19.23","R.C. Pro-Am II"
"Fallen Earth","10255","Fallen Earth","64620","40740","17","4","91","0","0","1.59","Fallen Earth"
"Police Stories","10256","Police Stories","64620","9660","213","2","85","0","0","6.69","Police Stories"
"Little Big Snake","10257","Little Big Snake","64620","18060","60","2","83","0","0","3.58","Little Big Snake"
"Franchise Hockey Manager 5","10258","Franchise Hockey Manager 5","64620","3720","98","1","8","0","0","17.37","Franchise Hockey Manager 5"
"Ironcast","10259","Ironcast","64560","8400","62","1","31","0","0","7.69","Ironcast"
"Tony Hawk's American Sk8land","10260","Tony Hawk's American Sk8land","64560","1740","452","1","6","0","0","37.1","Tony Hawk's American Sk8land"
"Legends of Wrestling","10261","Legends of Wrestling","64500","1140","605","1","6","0","0","56.58","Legends of Wrestling"
"Arcaea","10262","Arcaea","64500","25560","32","2","121","0","0","2.52","Arcaea"
"I'm Only Sleeping","10263","I'm Only Sleeping","64440","15300","219","2","35","0","0","4.21","I'm Only Sleeping"
"Super Robot Wars","10264","Super Robot Wars","64440","26220","19","2","36","0","0","2.46","Super Robot Wars"
"The King of Fighters 2000/2001","10265","The King of Fighters 2000/2001","64440","960","912","1","9","0","0","67.13","The King of Fighters 2000/2001"
"The Simpsons: Road Rage","10266","The Simpsons: Road Rage","64440","10680","80","2","73","0","0","6.03","The Simpsons: Road Rage"
"Synth Riders","10267","Synth Riders","64440","2160","323","2","16","0","0","29.83","Synth Riders"
"Prince of Persia 2: The Shadow & The Flame","10268","Prince of Persia 2: The Shadow & The Flame","64320","8100","391","1","17","0","0","7.94","Prince of Persia 2: The Shadow & The Flame"
"Golem","10269","Golem","64320","7620","111","3","33","0","0","8.44","Golem"
"Zero-4 Champ","10270","Zero-4 Champ","64320","660","157","1","2","0","0","97.45","Zero-4 Champ"
"Mushroom Men: The Spore Wars","10271","Mushroom Men: The Spore Wars","64260","3420","130","2","8","0","0","18.79","Mushroom Men: The Spore Wars"
"Cars","10272","Cars","64260","22800","132","2","131","0","0","2.82","Cars"
"Darius Gaiden","10273","Darius Gaiden","64260","7320","114","4","18","0","0","8.78","Darius Gaiden"
"Wonder Project J2: Koruro no Mori no Josette","10274","Wonder Project J2: Koruro no Mori no Josette","64200","4200","691","1","9","0","0","15.29","Wonder Project J2: Koruro no Mori no Josette"
"Fight The Dragon","10275","Fight The Dragon","64200","15660","68","3","45","0","0","4.1","Fight The Dragon"
"Chivalry: Deadliest Warrior","10276","Chivalry: Deadliest Warrior","64200","13260","388","3","99","0","0","4.84","Chivalry: Deadliest Warrior"
"Nancy Drew: The Secret of the Scarlet Hand","10277","Nancy Drew: The Secret of the Scarlet Hand","64200","11820","79","2","30","0","0","5.43","Nancy Drew: The Secret of the Scarlet Hand"
"Pixel Cup Soccer 17","10278","Pixel Cup Soccer 17","64200","83220","23","3","8","0","0","0.77","Pixel Cup Soccer 17"
"GRIDD: Retroenhanced","10279","GRIDD: Retroenhanced","64140","6420","379","1","55","0","0","9.99","GRIDD: Retroenhanced"
"Napoleon Dynamite: The Game","10280","Napoleon Dynamite: The Game","64140","300","971","1","2","0","0","213.8","Napoleon Dynamite: The Game"
"Sphere III: Enchanted World","10281","Sphere III: Enchanted World","64140","11340","234","3","34","0","0","5.66","Sphere III: Enchanted World"
"Moptown Parade","10282","Moptown Parade","64140","180","1068","1","2","0","0","356.33","Moptown Parade"
"Bastard Bonds","10283","Bastard Bonds","64080","7920","172","1","26","0","0","8.09","Bastard Bonds"
"Alchemy Mysteries: Prague Legends","10284","Alchemy Mysteries: Prague Legends","64080","3600","226","1","17","0","0","17.8","Alchemy Mysteries: Prague Legends"
"Armored Core 3","10285","Armored Core 3","64080","18060","39","2","47","0","0","3.55","Armored Core 3"
"Paper Sorcerer","10286","Paper Sorcerer","64020","13440","108","2","28","0","0","4.76","Paper Sorcerer"
"Super Robot Wars J","10287","Super Robot Wars J","63960","13620","15","1","15","0","0","4.7","Super Robot Wars J"
"Armored Core 4","10288","Armored Core 4","63960","11280","79","2","26","0","0","5.67","Armored Core 4"
"Fatal Fury Special","10289","Fatal Fury Special","63960","15360","247","2","51","0","0","4.16","Fatal Fury Special"
"Marathon 2: Durandal","10290","Marathon 2: Durandal","63900","11700","263","2","20","0","0","5.46","Marathon 2: Durandal"
"Metroid Prime: Federation Force","10291","Metroid Prime: Federation Force","63900","2460","136","1","11","0","0","25.98","Metroid Prime: Federation Force"
"Khara the Game","10292","Khara the Game","63840","3060","324","1","16","0","0","20.86","Khara the Game"
"Red Faction II","10293","Red Faction II","63840","30900","45","2","138","0","0","2.07","Red Faction II"
"Caster","10294","Caster","63840","5040","816","2","19","0","0","12.67","Caster"
"An Untitled Story","10295","An Untitled Story","63780","15600","20","2","30","0","0","4.09","An Untitled Story"
"Pro Evolution Soccer 6","10296","Pro Evolution Soccer 6","63780","30300","329","2","92","0","0","2.1","Pro Evolution Soccer 6"
"College Football's National Championship","10297","College Football's National Championship","63780","1860","243","2","9","0","0","34.29","College Football's National Championship"
"Holodance","10298","Holodance","63720","25080","45","2","57","0","0","2.54","Holodance"
"Tasty Blue","10299","Tasty Blue","63720","5640","193","2","31","0","0","11.3","Tasty Blue"
"Long Night","10300","Long Night","63720","1440","157","1","5","0","0","44.25","Long Night"