"","","Game","Watch time","Stream time","Peak viewers","Peak channels","Streamers","Average viewers","Average channels","Average viewer ratio",""
"Road & Track presents The Need for Speed","7801","Road & Track presents The Need for Speed","163980","6360","401","1","28","0","0","25.78","Road & Track presents The Need for Speed"
"Nobunaga no Yabou: Tendou","7802","Nobunaga no Yabou: Tendou","163920","3540","139","1","5","0","0","46.31","Nobunaga no Yabou: Tendou"
"Mad Dash Racing","7803","Mad Dash Racing","163860","840","1678","2","6","0","0","195.07","Mad Dash Racing"
"Sam & Max Episode 1: Culture Shock","7804","Sam & Max Episode 1: Culture Shock","163800","21720","207","2","124","0","0","7.54","Sam & Max Episode 1: Culture Shock"
"FIFA 99","7805","FIFA 99","163740","3420","1394","1","34","0","0","47.88","FIFA 99"
"Bass Masters Classic","7806","Bass Masters Classic","163680","10260","186","3","15","0","0","15.95","Bass Masters Classic"
"McDonald's Treasure Land Adventure","7807","McDonald's Treasure Land Adventure","163620","11280","659","3","35","0","0","14.51","McDonald's Treasure Land Adventure"
"Gemfire","7808","Gemfire","163560","3360","2568","2","8","0","0","48.68","Gemfire"
"Touhou 09 - Phantasmagoria of Flower View","7809","Touhou 09 - Phantasmagoria of Flower View","163500","11340","2266","2","55","0","0","14.42","Touhou 09 - Phantasmagoria of Flower View"
"Harvest Moon: Animal Parade","7810","Harvest Moon: Animal Parade","163380","36360","63","2","44","0","0","4.49","Harvest Moon: Animal Parade"
"The Wacky World of Miniature Golf with Eugene Levy","7811","The Wacky World of Miniature Golf with Eugene Levy","163380","1500","519","1","4","0","0","108.92","The Wacky World of Miniature Golf with Eugene Levy"
"Solitare","7812","Solitare","163260","32880","461","3","228","0","0","4.97","Solitare"
"Super Puzzle Fighter II Turbo","7813","Super Puzzle Fighter II Turbo","163080","10620","589","2","77","0","0","15.36","Super Puzzle Fighter II Turbo"
"Slay.one","7814","Slay.one","163020","5820","735","2","44","0","0","28.01","Slay.one"
"Smart Ball","7815","Smart Ball","162960","1080","2412","1","9","0","0","150.89","Smart Ball"
"Cat Bird","7816","Cat Bird","162900","1320","2693","1","12","0","0","123.41","Cat Bird"
"Yu-Gi-Oh! Power of Chaos: Yugi the Destiny","7817","Yu-Gi-Oh! Power of Chaos: Yugi the Destiny","162900","31380","467","3","167","0","0","5.19","Yu-Gi-Oh! Power of Chaos: Yugi the Destiny"
"Memoria","7818","Memoria","162840","38700","37","2","110","0","0","4.21","Memoria"
"Order of Battle: World War II","7819","Order of Battle: World War II","162840","16200","82","2","30","0","0","10.05","Order of Battle: World War II"
"Barbie Game Girl","7820","Barbie Game Girl","162780","13620","981","2","50","0","0","11.95","Barbie Game Girl"
"Ace Combat Assault Horizon","7821","Ace Combat Assault Horizon","162780","51180","109","3","210","0","0","3.18","Ace Combat Assault Horizon"
"Miles & Kilo","7822","Miles & Kilo","162720","2760","859","1","16","0","0","58.96","Miles & Kilo"
"Master of Magic","7823","Master of Magic","162720","15900","1202","2","30","0","0","10.23","Master of Magic"
"LEGO Star Wars II: The Original Trilogy","7824","LEGO Star Wars II: The Original Trilogy","162660","37620","585","3","99","0","0","4.32","LEGO Star Wars II: The Original Trilogy"
"Tiny Toon Adventures: Buster Busts Loose!","7825","Tiny Toon Adventures: Buster Busts Loose!","162660","18420","254","3","83","0","0","8.83","Tiny Toon Adventures: Buster Busts Loose!"
"Dig Dog","7826","Dig Dog","162660","7860","813","3","34","0","0","20.69","Dig Dog"
"Wheel of Fortune: New Third Edition","7827","Wheel of Fortune: New Third Edition","162600","1020","1574","1","6","0","0","159.41","Wheel of Fortune: New Third Edition"
"Putt-Putt Joins the Parade","7828","Putt-Putt Joins the Parade","162600","8940","560","2","57","0","0","18.19","Putt-Putt Joins the Parade"
"Super Sidekicks 2: The World Championship","7829","Super Sidekicks 2: The World Championship","162540","2700","1376","1","5","0","0","60.2","Super Sidekicks 2: The World Championship"
"EA Sports MMA","7830","EA Sports MMA","162480","3600","744","6","31","0","0","45.13","EA Sports MMA"
"UFC: Tapout","7831","UFC: Tapout","162480","3300","455","8","30","0","0","49.24","UFC: Tapout"
"Protoball","7832","Protoball","162360","9840","907","9","36","0","0","16.5","Protoball"
"Dungeons & Dragons: Tower of Doom","7833","Dungeons & Dragons: Tower of Doom","162360","16380","849","2","56","0","0","9.91","Dungeons & Dragons: Tower of Doom"
"Star Wars: Rogue Squadron","7834","Star Wars: Rogue Squadron","162360","39300","767","4","106","0","0","4.13","Star Wars: Rogue Squadron"
"ChuChu Rocket!","7835","ChuChu Rocket!","162360","5160","403","1","31","0","0","31.47","ChuChu Rocket!"
"Wagers of War","7836","Wagers of War","162300","22620","517","6","43","0","0","7.18","Wagers of War"
"Eroico","7837","Eroico","162240","3780","1367","2","15","0","0","42.92","Eroico"
"Wargame: European Escalation","7838","Wargame: European Escalation","162240","15300","165","2","41","0","0","10.6","Wargame: European Escalation"
"Xuanyuan Jian 3 Waizhuan: Tian zhi Hen","7839","Xuanyuan Jian 3 Waizhuan: Tian zhi Hen","162120","2940","231","1","4","0","0","55.14","Xuanyuan Jian 3 Waizhuan: Tian zhi Hen"
"CyClones","7840","CyClones","162120","2100","143","1","3","0","0","77.2","CyClones"
"Diluvion","7841","Diluvion","161700","33360","129","4","127","0","0","4.85","Diluvion"
"Naruto Shippuden: Ultimate Ninja Storm Collection","7842","Naruto Shippuden: Ultimate Ninja Storm Collection","161700","53640","270","3","1461","0","0","3.01","Naruto Shippuden: Ultimate Ninja Storm Collection"
"Lifeblood","7843","Lifeblood","161520","10200","135","6","41","0","0","15.84","Lifeblood"
"Jersey Devil","7844","Jersey Devil","161160","21480","541","2","37","0","0","7.5","Jersey Devil"
"Touhou 06 - The Embodiment of Scarlet Devil","7845","Touhou 06 - The Embodiment of Scarlet Devil","161160","69420","134","3","422","0","0","2.32","Touhou 06 - The Embodiment of Scarlet Devil"
"Touhou 07 - Perfect Cherry Blossom","7846","Touhou 07 - Perfect Cherry Blossom","161160","44580","355","2","268","0","0","3.62","Touhou 07 - Perfect Cherry Blossom"
"Eternal Lands","7847","Eternal Lands","161100","50460","19","3","18","0","0","3.19","Eternal Lands"
"Crest","7848","Crest","161100","10560","1318","4","71","0","0","15.26","Crest"
"Ogre Battle: The March of the Black Queen","7849","Ogre Battle: The March of the Black Queen","161040","32280","24","2","50","0","0","4.99","Ogre Battle: The March of the Black Queen"
"Super Flail","7850","Super Flail","160980","2220","2569","1","17","0","0","72.51","Super Flail"
"Zeno Clash II","7851","Zeno Clash II","160980","21180","1022","3","66","0","0","7.6","Zeno Clash II"
"Half-Life 2: Deathmatch","7852","Half-Life 2: Deathmatch","160920","42000","684","4","284","0","0","3.83","Half-Life 2: Deathmatch"
"Bedlam","7853","Bedlam","160920","13260","966","3","67","0","0","12.14","Bedlam"
"Pandemonium!","7854","Pandemonium!","160860","12780","1031","1","69","0","0","12.59","Pandemonium!"
"A Dark Room","7855","A Dark Room","160740","4920","2029","2","33","0","0","32.67","A Dark Room"
"Dragon Ball GT: Transformation","7856","Dragon Ball GT: Transformation","160620","3240","394","3","11","0","0","49.57","Dragon Ball GT: Transformation"
"Farland Saga","7857","Farland Saga","160560","7620","866","2","10","0","0","21.07","Farland Saga"
"Cooking Academy: Fire and Knives","7858","Cooking Academy: Fire and Knives","160560","6480","443","2","26","0","0","24.78","Cooking Academy: Fire and Knives"
"Tom Clancy's Ghost Recon: Shadow Wars","7859","Tom Clancy's Ghost Recon: Shadow Wars","160500","2100","1420","1","7","0","0","76.43","Tom Clancy's Ghost Recon: Shadow Wars"
"Crackdown 3","7860","Crackdown 3","160500","480","1377","1","4","0","0","334.38","Crackdown 3"
"VelociDrone","7861","VelociDrone","160440","41220","313","3","98","0","0","3.89","VelociDrone"
"Blackshot","7862","Blackshot","160440","87060","270","4","277","0","0","1.84","Blackshot"
"Rocksmith","7863","Rocksmith","160440","41040","103","2","193","0","0","3.91","Rocksmith"
"Forced Showdown","7864","Forced Showdown","160380","25500","203","2","105","0","0","6.29","Forced Showdown"
"Tokyo Ghoul :re birth","7865","Tokyo Ghoul :re birth","160320","18780","97","3","60","0","0","8.54","Tokyo Ghoul :re birth"
"Tropico 4 Modern Times","7866","Tropico 4 Modern Times","160320","12780","423","2","42","0","0","12.54","Tropico 4 Modern Times"
"Rolling Thunder","7867","Rolling Thunder","160260","1200","1651","1","6","0","0","133.55","Rolling Thunder"
"Monster Hunter Tri","7868","Monster Hunter Tri","160200","33840","205","4","79","0","0","4.73","Monster Hunter Tri"
"Cooking Coach","7869","Cooking Coach","160080","4860","372","1","23","0","0","32.94","Cooking Coach"
"Goetia","7870","Goetia","160020","26460","95","2","61","0","0","6.05","Goetia"
"Rockman EXE WS","7871","Rockman EXE WS","159720","2040","2497","1","10","0","0","78.29","Rockman EXE WS"
"Mushroom 11","7872","Mushroom 11","159660","15900","1091","2","34","0","0","10.04","Mushroom 11"
"Saint Seiya Online","7873","Saint Seiya Online","159480","37320","147","3","99","0","0","4.27","Saint Seiya Online"
"Reassembly","7874","Reassembly","159300","35040","360","3","116","0","0","4.55","Reassembly"
"Betrayal at Krondor","7875","Betrayal at Krondor","159300","5760","276","2","19","0","0","27.66","Betrayal at Krondor"
"Lost Dimension","7876","Lost Dimension","159240","19620","74","2","31","0","0","8.12","Lost Dimension"
"Ace Combat 04: Shattered Skies","7877","Ace Combat 04: Shattered Skies","159240","31320","222","2","105","0","0","5.08","Ace Combat 04: Shattered Skies"
"Chronicon","7878","Chronicon","159240","51000","76","3","130","0","0","3.12","Chronicon"
"Elon Musk Simulator","7879","Elon Musk Simulator","159180","2700","2515","2","28","0","0","58.96","Elon Musk Simulator"
"Koudelka","7880","Koudelka","159180","48840","30","2","84","0","0","3.26","Koudelka"
"Ninja Gaiden Trilogy","7881","Ninja Gaiden Trilogy","159120","8100","1195","2","44","0","0","19.64","Ninja Gaiden Trilogy"
"Mind Snares: Alice's Journey","7882","Mind Snares: Alice's Journey","159120","7680","388","1","25","0","0","20.72","Mind Snares: Alice's Journey"
"Blender Bros.","7883","Blender Bros.","159060","36900","729","2","119","0","0","4.31","Blender Bros."
"Geometry Wars 3: Dimensions","7884","Geometry Wars 3: Dimensions","158940","58860","113","2","394","0","0","2.7","Geometry Wars 3: Dimensions"
"Anyland","7885","Anyland","158880","7560","1817","2","25","0","0","21.02","Anyland"
"FIGHTING BOX","7886","FIGHTING BOX","158880","1620","1553","4","13","0","0","98.07","FIGHTING BOX"
"Bugs Bunny Lost in Time","7887","Bugs Bunny Lost in Time","158820","37080","184","3","113","0","0","4.28","Bugs Bunny Lost in Time"
"Holy Potatoes! A Weapon Shop?!","7888","Holy Potatoes! A Weapon Shop?!","158700","39480","77","2","176","0","0","4.02","Holy Potatoes! A Weapon Shop?!"
"Darkwatch","7889","Darkwatch","158520","10080","1543","2","42","0","0","15.73","Darkwatch"
"Tecmo World Cup Soccer","7890","Tecmo World Cup Soccer","158460","1740","414","1","4","0","0","91.07","Tecmo World Cup Soccer"
"Langrisser II","7891","Langrisser II","158340","18120","176","2","20","0","0","8.74","Langrisser II"
"Cthulhu Saves the World","7892","Cthulhu Saves the World","158340","36000","309","3","124","0","0","4.4","Cthulhu Saves the World"
"The Secret Island of Dr. Quandary","7893","The Secret Island of Dr. Quandary","158280","4920","2010","2","12","0","0","32.17","The Secret Island of Dr. Quandary"
"Worms World Party","7894","Worms World Party","158220","13500","1376","2","82","0","0","11.72","Worms World Party"
"The Gallery: Heart of the Emberstone","7895","The Gallery: Heart of the Emberstone","158160","6900","159","1","36","0","0","22.92","The Gallery: Heart of the Emberstone"
"Mr. Nutz","7896","Mr. Nutz","158100","4800","1930","1","27","0","0","32.94","Mr. Nutz"
"Fight Night","7897","Fight Night","158100","5040","782","2","15","0","0","31.37","Fight Night"
"The Climb","7898","The Climb","157920","22020","4906","2","173","0","0","7.17","The Climb"
"Sega Vintage Collection: Streets of Rage","7899","Sega Vintage Collection: Streets of Rage","157860","114780","72","6","664","0","0","1.38","Sega Vintage Collection: Streets of Rage"
"Mad Machines","7900","Mad Machines","157800","21120","89","5","75","0","0","7.47","Mad Machines"