"","","Game","Watch time","Stream time","Peak viewers","Peak channels","Streamers","Average viewers","Average channels","Average viewer ratio",""
"Detached","8201","Detached","139860","7620","158","3","46","0","0","18.35","Detached"
"Volleyball","8202","Volleyball","139860","19320","398","2","21","0","0","7.24","Volleyball"
"High Seas Havoc","8203","High Seas Havoc","139800","1020","1143","1","7","0","0","137.06","High Seas Havoc"
"Xenosaga: Episode II - Jenseits von Gut und Böse","8204","Xenosaga: Episode II - Jenseits von Gut und Böse","139740","49860","32","2","44","0","0","2.8","Xenosaga: Episode II - Jenseits von Gut und Böse"
"Space Invaders Get Even","8205","Space Invaders Get Even","139740","540","1264","1","2","0","0","258.78","Space Invaders Get Even"
"Star Wars: Galaxies - Jump to Light Speed","8206","Star Wars: Galaxies - Jump to Light Speed","139680","57300","28","4","75","0","0","2.44","Star Wars: Galaxies - Jump to Light Speed"
"Driving Simulator 2012","8207","Driving Simulator 2012","139620","1320","2321","1","13","0","0","105.77","Driving Simulator 2012"
"NBA 2K9","8208","NBA 2K9","139620","360","1322","1","4","0","0","387.83","NBA 2K9"
"Bao Qing Tian","8209","Bao Qing Tian","139560","540","1853","1","4","0","0","258.44","Bao Qing Tian"
"Graywalkers: Purgatory","8210","Graywalkers: Purgatory","139380","120","2243","1","1","0","0","1161.5","Graywalkers: Purgatory"
"Candice DeBébé's Incredibly Trick Lifestyle","8211","Candice DeBébé's Incredibly Trick Lifestyle","139320","7380","225","2","23","0","0","18.88","Candice DeBébé's Incredibly Trick Lifestyle"
"Darkstalkers Resurrection","8212","Darkstalkers Resurrection","139320","34740","108","2","37","0","0","4.01","Darkstalkers Resurrection"
"Dungeon Nightmares","8213","Dungeon Nightmares","139200","11460","382","2","74","0","0","12.15","Dungeon Nightmares"
"Battlesloths 2025: The Great Pizza Wars","8214","Battlesloths 2025: The Great Pizza Wars","139140","4200","912","2","26","0","0","33.13","Battlesloths 2025: The Great Pizza Wars"
"The Sims: Hot Date","8215","The Sims: Hot Date","139080","2340","2276","1","12","0","0","59.44","The Sims: Hot Date"
"Trog!","8216","Trog!","139020","2460","366","4","14","0","0","56.51","Trog!"
"God Eater 2","8217","God Eater 2","138960","36060","87","3","126","0","0","3.85","God Eater 2"
"SuperPower 2","8218","SuperPower 2","138900","10260","394","2","63","0","0","13.54","SuperPower 2"
"MidBoss","8219","MidBoss","138900","7740","193","1","32","0","0","17.95","MidBoss"
"Spider-Man: The Movie","8220","Spider-Man: The Movie","138840","30720","237","3","90","0","0","4.52","Spider-Man: The Movie"
"LEGO Racers","8221","LEGO Racers","138780","25380","576","3","109","0","0","5.47","LEGO Racers"
"Mother 1+2","8222","Mother 1+2","138720","21180","203","2","58","0","0","6.55","Mother 1+2"
"Harvest Moon: Save the Homeland","8223","Harvest Moon: Save the Homeland","138720","26040","93","2","108","0","0","5.33","Harvest Moon: Save the Homeland"
"Rock Paper Scissors Champion","8224","Rock Paper Scissors Champion","138660","1740","2303","1","8","0","0","79.69","Rock Paper Scissors Champion"
"Blank Dream","8225","Blank Dream","138540","9780","273","2","28","0","0","14.17","Blank Dream"
"Survival","8226","Survival","138420","74940","184","4","204","0","0","1.85","Survival"
"Distant Worlds","8227","Distant Worlds","138360","13320","247","2","21","0","0","10.39","Distant Worlds"
"Robotics;Notes","8228","Robotics;Notes","138180","6540","2100","1","6","0","0","21.13","Robotics;Notes"
"Inversus","8229","Inversus","138180","5760","667","1","31","0","0","23.99","Inversus"
"Xbird","8230","Xbird","138180","2460","2230","2","24","0","0","56.17","Xbird"
"Tatsunoko vs. Capcom:  Cross Generation of Heroes","8231","Tatsunoko vs. Capcom:  Cross Generation of Heroes","138000","1980","1114","1","12","0","0","69.7","Tatsunoko vs. Capcom:  Cross Generation of Heroes"
"Police Tactics: Imperio","8232","Police Tactics: Imperio","137880","3720","401","1","14","0","0","37.06","Police Tactics: Imperio"
"Dragon Rage","8233","Dragon Rage","137820","1800","2435","2","14","0","0","76.57","Dragon Rage"
"Birthdays the Beginning","8234","Birthdays the Beginning","137820","28920","426","2","106","0","0","4.77","Birthdays the Beginning"
"The Hat Man: Shadow Ward","8235","The Hat Man: Shadow Ward","137760","10620","1040","2","112","0","0","12.97","The Hat Man: Shadow Ward"
"Pony Town","8236","Pony Town","137700","25500","105","2","99","0","0","5.4","Pony Town"
"The Guild 3","8237","The Guild 3","137520","30180","923","3","110","0","0","4.56","The Guild 3"
"Silver","8238","Silver","137520","25620","402","2","81","0","0","5.37","Silver"
"Darkman","8239","Darkman","137400","2220","551","5","13","0","0","61.89","Darkman"
"Beyond Eyes","8240","Beyond Eyes","137340","31200","57","3","194","0","0","4.4","Beyond Eyes"
"President","8241","President","137160","1440","1398","1","8","0","0","95.25","President"
"SpongeBob's Truth or Square","8242","SpongeBob's Truth or Square","137160","23940","266","2","25","0","0","5.73","SpongeBob's Truth or Square"
"Tumble Pop","8243","Tumble Pop","137160","4380","1125","2","11","0","0","31.32","Tumble Pop"
"Din's Curse","8244","Din's Curse","137100","4440","1264","2","16","0","0","30.88","Din's Curse"
"Trillion: God of Destruction","8245","Trillion: God of Destruction","137040","30300","100","4","50","0","0","4.52","Trillion: God of Destruction"
"The Conveni 3: Ano Machi wo Dokusen Seyo","8246","The Conveni 3: Ano Machi wo Dokusen Seyo","136980","900","268","1","2","0","0","152.2","The Conveni 3: Ano Machi wo Dokusen Seyo"
"JoJo's Venture","8247","JoJo's Venture","136980","6600","273","2","46","0","0","20.75","JoJo's Venture"
"Detroit","8248","Detroit","136920","15660","539","2","83","0","0","8.74","Detroit"
"Mega Man Battle Network 5","8249","Mega Man Battle Network 5","136920","45360","49","4","55","0","0","3.02","Mega Man Battle Network 5"
"Kohan II: Kings of War","8250","Kohan II: Kings of War","136860","1800","295","1","9","0","0","76.03","Kohan II: Kings of War"
"QRTH-PHYL","8251","QRTH-PHYL","136860","900","638","1","10","0","0","152.07","QRTH-PHYL"
"Asdivine Dios","8252","Asdivine Dios","136800","3780","467","2","14","0","0","36.19","Asdivine Dios"
"GAMES Interactive","8253","GAMES Interactive","136800","386160","44","4","119","0","0","0.35","GAMES Interactive"
"Wenjia","8254","Wenjia","136740","9600","221","2","56","0","0","14.24","Wenjia"
"Paranormal","8255","Paranormal","136740","19140","173","3","125","0","0","7.14","Paranormal"
"What Did I Do to Deserve This, My Lord!? 2","8256","What Did I Do to Deserve This, My Lord!? 2","136740","5280","2217","2","13","0","0","25.9","What Did I Do to Deserve This, My Lord!? 2"
"Syndrome","8257","Syndrome","136740","17160","236","2","43","0","0","7.97","Syndrome"
"The BIT.TRIP","8258","The BIT.TRIP","136680","5580","313","2","32","0","0","24.49","The BIT.TRIP"
"Dance Dance Revolution X2","8259","Dance Dance Revolution X2","136620","2760","1193","2","9","0","0","49.5","Dance Dance Revolution X2"
"Endless Sky","8260","Endless Sky","136560","23400","230","3","83","0","0","5.84","Endless Sky"
"WWE Mayhem","8261","WWE Mayhem","136440","30180","17","2","37","0","0","4.52","WWE Mayhem"
"Bubsy 3D: Bubsy Visits the James Turrell Retrospective","8262","Bubsy 3D: Bubsy Visits the James Turrell Retrospective","136380","6720","912","3","22","0","0","20.29","Bubsy 3D: Bubsy Visits the James Turrell Retrospective"
"Massive Chalice","8263","Massive Chalice","136320","56700","49","3","168","0","0","2.4","Massive Chalice"
"Monsters, Inc. Scream Team","8264","Monsters, Inc. Scream Team","136200","22260","228","2","35","0","0","6.12","Monsters, Inc. Scream Team"
"Jubeat","8265","Jubeat","136200","370380","78","3","20","0","0","0.37","Jubeat"
"No Rules: Get Phat","8266","No Rules: Get Phat","136200","2760","1071","4","13","0","0","49.35","No Rules: Get Phat"
"UnnyWorld","8267","UnnyWorld","136200","41820","32","4","69","0","0","3.26","UnnyWorld"
"Ape Out","8268","Ape Out","136200","2580","1676","1","6","0","0","52.79","Ape Out"
"Die Hard","8269","Die Hard","136140","3780","398","1","20","0","0","36.02","Die Hard"
"Pokémon Card GB2: GR-dan Sanjou!","8270","Pokémon Card GB2: GR-dan Sanjou!","136140","11700","1260","1","24","0","0","11.64","Pokémon Card GB2: GR-dan Sanjou!"
"Banana Prince","8271","Banana Prince","136140","2700","562","4","15","0","0","50.42","Banana Prince"
"Puyo Puyo Chronicle","8272","Puyo Puyo Chronicle","136020","25380","28","3","24","0","0","5.36","Puyo Puyo Chronicle"
"Seduce Me The Otome","8273","Seduce Me The Otome","136020","25680","84","3","95","0","0","5.3","Seduce Me The Otome"
"Tak: The Great Juju Challenge","8274","Tak: The Great Juju Challenge","135960","3180","625","1","13","0","0","42.75","Tak: The Great Juju Challenge"
"Broken Sword: The Sleeping Dragon","8275","Broken Sword: The Sleeping Dragon","135900","19620","72","2","43","0","0","6.93","Broken Sword: The Sleeping Dragon"
"Asuka 120% Burning Fest.","8276","Asuka 120% Burning Fest.","135900","60","2381","1","1","0","0","2265","Asuka 120% Burning Fest."
"Quest for Glory V: Dragon Fire","8277","Quest for Glory V: Dragon Fire","135840","10860","1602","1","12","0","0","12.51","Quest for Glory V: Dragon Fire"
"Distorted Travesty 3: Saved Game","8278","Distorted Travesty 3: Saved Game","135780","44280","29","3","31","0","0","3.07","Distorted Travesty 3: Saved Game"
"Digital Litmus Paper","8279","Digital Litmus Paper","135660","300","552","1","1","0","0","452.2","Digital Litmus Paper"
"Warhammer 40,000: Chaos Gate","8280","Warhammer 40,000: Chaos Gate","135660","5460","394","1","11","0","0","24.85","Warhammer 40,000: Chaos Gate"
"LOTUS Simulator","8281","LOTUS Simulator","135600","11760","119","2","24","0","0","11.53","LOTUS Simulator"
"Hello Kitty and Sanrio Friends Racing","8282","Hello Kitty and Sanrio Friends Racing","135480","7560","1126","2","27","0","0","17.92","Hello Kitty and Sanrio Friends Racing"
"Hidden & Dangerous 2: Courage Under Fire","8283","Hidden & Dangerous 2: Courage Under Fire","135420","4020","748","1","23","0","0","33.69","Hidden & Dangerous 2: Courage Under Fire"
"Rocket: Robot on Wheels","8284","Rocket: Robot on Wheels","135360","11400","259","2","37","0","0","11.87","Rocket: Robot on Wheels"
"Always Sometimes Monsters","8285","Always Sometimes Monsters","135360","35460","136","3","128","0","0","3.82","Always Sometimes Monsters"
"Champion Boxing","8286","Champion Boxing","135300","240","4049","1","3","0","0","563.75","Champion Boxing"
"Roberta Williams' King's Quest VII: The Princeless Bride","8287","Roberta Williams' King's Quest VII: The Princeless Bride","135300","22380","44","3","47","0","0","6.05","Roberta Williams' King's Quest VII: The Princeless Bride"
"Dungeon Girl","8288","Dungeon Girl","134940","1440","1042","2","11","0","0","93.71","Dungeon Girl"
"SpaceChem","8289","SpaceChem","134880","41880","381","3","114","0","0","3.22","SpaceChem"
"Knights","8290","Knights","134760","2940","231","1","11","0","0","45.84","Knights"
"Wild Terra Online","8291","Wild Terra Online","134700","34440","492","3","89","0","0","3.91","Wild Terra Online"
"ROSE Online","8292","ROSE Online","134700","39480","109","4","76","0","0","3.41","ROSE Online"
"Socket","8293","Socket","134640","900","877","1","7","0","0","149.6","Socket"
"Ace Combat 2","8294","Ace Combat 2","134520","10860","966","2","44","0","0","12.39","Ace Combat 2"
"Super Spy Hunter","8295","Super Spy Hunter","134520","600","447","1","3","0","0","224.2","Super Spy Hunter"
"Journey of Life","8296","Journey of Life","134520","9300","498","2","38","0","0","14.46","Journey of Life"
"Nikita: The Mystery of the Hidden Treasure","8297","Nikita: The Mystery of the Hidden Treasure","134460","4080","1106","1","11","0","0","32.96","Nikita: The Mystery of the Hidden Treasure"
"Might & Magic Heroes VI: Shades of Darkness","8298","Might & Magic Heroes VI: Shades of Darkness","134460","10140","404","2","29","0","0","13.26","Might & Magic Heroes VI: Shades of Darkness"
"Medal of Honor: Allied Assault - Breakthrough","8299","Medal of Honor: Allied Assault - Breakthrough","134400","8160","328","2","30","0","0","16.47","Medal of Honor: Allied Assault - Breakthrough"
"Crash Fever","8300","Crash Fever","134400","58860","45","3","150","0","0","2.28","Crash Fever"