"","","Game","Watch time","Stream time","Peak viewers","Peak channels","Streamers","Average viewers","Average channels","Average viewer ratio",""
"Luigi's Mansion: Dark Moon","3301","Luigi's Mansion: Dark Moon","1574820","93660","910","5","135","2","0","16.81","Luigi's Mansion: Dark Moon"
"Soldier of Fortune II: Double Helix","3302","Soldier of Fortune II: Double Helix","1573740","102960","2199","4","87","2","0","15.28","Soldier of Fortune II: Double Helix"
"Tony Hawk's Pro Skater 5","3303","Tony Hawk's Pro Skater 5","1573260","59940","2749","3","294","2","0","26.25","Tony Hawk's Pro Skater 5"
"Mario Sports Mix","3304","Mario Sports Mix","1573200","9360","4271","2","34","2","0","168.08","Mario Sports Mix"
"Bound Strike","3305","Bound Strike","1573200","7380","3893","2","23","2","0","213.17","Bound Strike"
"Xenoblade Chronicles X","3306","Xenoblade Chronicles X","1572480","292680","907","6","488","2","0","5.37","Xenoblade Chronicles X"
"DND","3307","DND","1571820","493020","404","11","815","2","0","3.19","DND"
"Hannah Montana: The Movie","3308","Hannah Montana: The Movie","1571700","5280","12758","2","25","2","0","297.67","Hannah Montana: The Movie"
"Antihero","3309","Antihero","1570200","69420","10099","3","325","2","0","22.62","Antihero"
"Pankapu: The Dreamkeeper","3310","Pankapu: The Dreamkeeper","1569960","18240","1824","3","55","2","0","86.07","Pankapu: The Dreamkeeper"
"Destroy All Humans! 2","3311","Destroy All Humans! 2","1569840","81240","2793","4","420","2","0","19.32","Destroy All Humans! 2"
"Trine","3312","Trine","1568280","261900","1555","6","1143","2","0","5.99","Trine"
"Pinstripe","3313","Pinstripe","1567920","82800","2509","5","326","2","0","18.94","Pinstripe"
"Croc 2","3314","Croc 2","1567500","56220","3429","4","71","2","0","27.88","Croc 2"
"Mayhem Triple","3315","Mayhem Triple","1565880","360","5478","1","2","2","0","4349.67","Mayhem Triple"
"Lazaretto","3316","Lazaretto","1565520","18120","2769","2","88","2","0","86.4","Lazaretto"
"Ziggurat","3317","Ziggurat","1564860","102000","5160","5","541","2","0","15.34","Ziggurat"
"Immure","3318","Immure","1562640","6780","11444","3","49","2","0","230.48","Immure"
"Aura Kingdom","3319","Aura Kingdom","1560600","448260","329","7","1042","2","0","3.48","Aura Kingdom"
"Battlestar Galactica Deadlock","3320","Battlestar Galactica Deadlock","1560480","117420","991","4","284","2","0","13.29","Battlestar Galactica Deadlock"
"Destiny6","3321","Destiny6","1560360","135180","582","9","170","2","0","11.54","Destiny6"
"F-Zero: GP Legend","3322","F-Zero: GP Legend","1559940","9900","1721","2","29","2","0","157.57","F-Zero: GP Legend"
"Empires of the Undergrowth","3323","Empires of the Undergrowth","1559580","68760","1828","4","214","2","0","22.68","Empires of the Undergrowth"
"Assassin's Creed: The Ezio Collection","3324","Assassin's Creed: The Ezio Collection","1558320","222120","361","6","2752","2","0","7.02","Assassin's Creed: The Ezio Collection"
"Arcade Darts","3325","Arcade Darts","1557120","9960","1676","2","7","2","0","156.34","Arcade Darts"
"Shining Force","3326","Shining Force","1556340","169500","279","5","292","2","0","9.18","Shining Force"
"GoldenEye","3327","GoldenEye","1555320","22740","6182","3","65","2","0","68.4","GoldenEye"
"Seven Knights","3328","Seven Knights","1554780","219840","972","5","247","2","0","7.07","Seven Knights"
"Mighty Party","3329","Mighty Party","1554720","257400","209","5","115","2","0","6.04","Mighty Party"
"Forza Horizon","3330","Forza Horizon","1552680","165540","1655","5","770","2","0","9.38","Forza Horizon"
"Stronghold","3331","Stronghold","1552440","139260","709","4","499","2","0","11.15","Stronghold"
"Final Fantasy IV: The After Years","3332","Final Fantasy IV: The After Years","1551780","102120","755","3","95","2","0","15.2","Final Fantasy IV: The After Years"
"Shakes and Fidget","3333","Shakes and Fidget","1549380","24720","2225","5","106","2","0","62.68","Shakes and Fidget"
"Façade","3334","Façade","1547700","14580","12354","2","112","2","0","106.15","Façade"
"Baseball","3335","Baseball","1547280","57000","920","3","117","2","0","27.15","Baseball"
"Bomberman Hero","3336","Bomberman Hero","1545240","64080","978","3","126","2","0","24.11","Bomberman Hero"
"Majestic: The Card Game","3337","Majestic: The Card Game","1542900","60360","1182","7","142","2","0","25.56","Majestic: The Card Game"
"Mario Party 9","3338","Mario Party 9","1541880","25380","8806","2","116","2","0","60.75","Mario Party 9"
"Princess Maker 4","3339","Princess Maker 4","1540680","4080","4112","1","13","2","0","377.62","Princess Maker 4"
"Sam & Max Hit the Road","3340","Sam & Max Hit the Road","1540080","57720","1658","3","185","2","0","26.68","Sam & Max Hit the Road"
"Audition Online","3341","Audition Online","1539480","145380","1872","5","489","2","0","10.59","Audition Online"
"Pool Nation","3342","Pool Nation","1539360","18900","7316","3","118","2","0","81.45","Pool Nation"
"Unleash","3343","Unleash","1539180","19320","16190","2","71","2","0","79.67","Unleash"
"Gems of War","3344","Gems of War","1538220","514140","309","7","1256","2","0","2.99","Gems of War"
"Race the Sun","3345","Race the Sun","1537680","98520","11611","5","767","2","0","15.61","Race the Sun"
"Monster Rancher 4","3346","Monster Rancher 4","1536300","15840","4211","2","36","2","0","96.99","Monster Rancher 4"
"Kinect Rush: A Disney/Pixar Adventure","3347","Kinect Rush: A Disney/Pixar Adventure","1534020","16200","4727","2","80","2","0","94.69","Kinect Rush: A Disney/Pixar Adventure"
"Puzzle Pirates","3348","Puzzle Pirates","1533120","120900","2433","4","224","2","0","12.68","Puzzle Pirates"
"Hello Kitty: Roller Rescue","3349","Hello Kitty: Roller Rescue","1532940","20760","5853","2","72","2","0","73.84","Hello Kitty: Roller Rescue"
"Lara Croft and the Guardian of Light","3350","Lara Croft and the Guardian of Light","1532820","92040","12856","5","318","2","0","16.65","Lara Croft and the Guardian of Light"
"Shadowgate","3351","Shadowgate","1532520","38880","2830","2","145","2","0","39.42","Shadowgate"
"Stranger by Night","3352","Stranger by Night","1532100","1080","11049","3","8","2","0","1418.61","Stranger by Night"
"At Home Alone","3353","At Home Alone","1530840","13500","19372","3","152","2","0","113.4","At Home Alone"
"Castlevania: Legacy of Darkness","3354","Castlevania: Legacy of Darkness","1529940","120060","731","5","111","2","0","12.74","Castlevania: Legacy of Darkness"
"Wormster Dash","3355","Wormster Dash","1529700","1500","25422","1","12","2","0","1019.8","Wormster Dash"
"Tenhou","3356","Tenhou","1529640","113100","1849","4","208","2","0","13.52","Tenhou"
"TrackMania Nations Forever","3357","TrackMania Nations Forever","1529280","232860","1108","7","1195","2","0","6.57","TrackMania Nations Forever"
"Boogeyman","3358","Boogeyman","1529280","18180","5718","2","139","2","0","84.12","Boogeyman"
"SCRAM","3359","SCRAM","1528620","42720","24095","8","424","2","0","35.78","SCRAM"
"Half-Life: Blue Shift","3360","Half-Life: Blue Shift","1527660","73560","3641","3","390","2","0","20.77","Half-Life: Blue Shift"
"Disgaea: Hour of Darkness","3361","Disgaea: Hour of Darkness","1526340","267660","575","10","498","2","0","5.7","Disgaea: Hour of Darkness"
"Jazzpunk","3362","Jazzpunk","1526160","87960","2648","5","471","2","0","17.35","Jazzpunk"
"Prince of Persia","3363","Prince of Persia","1523520","194700","6034","6","654","2","0","7.82","Prince of Persia"
"Yono and the Celestial Elephants","3364","Yono and the Celestial Elephants","1521300","28080","4474","3","70","2","0","54.18","Yono and the Celestial Elephants"
"Wolfenstein: Enemy Territory","3365","Wolfenstein: Enemy Territory","1520400","188400","25977","5","295","2","0","8.07","Wolfenstein: Enemy Territory"
"LEGO Batman: The Videogame","3366","LEGO Batman: The Videogame","1516440","179640","2433","5","546","2","0","8.44","LEGO Batman: The Videogame"
"Homeworld 2","3367","Homeworld 2","1514820","15180","5978","2","62","2","0","99.79","Homeworld 2"
"Lands of Lore: The Throne of Chaos","3368","Lands of Lore: The Throne of Chaos","1514460","30060","1274","2","61","2","0","50.38","Lands of Lore: The Throne of Chaos"
"Beyond Oasis","3369","Beyond Oasis","1513740","31620","3776","2","67","2","0","47.87","Beyond Oasis"
"Chill","3370","Chill","1513260","513600","1857","8","2747","2","0","2.95","Chill"
"LEGO Jurassic World","3371","LEGO Jurassic World","1512300","336780","880","7","1296","2","0","4.49","LEGO Jurassic World"
"Stayin' Alive","3372","Stayin' Alive","1512060","15540","23157","5","147","2","0","97.3","Stayin' Alive"
"GUN","3373","GUN","1511880","67440","2916","4","230","2","0","22.42","GUN"
"Caesar III","3374","Caesar III","1511520","66240","1713","3","144","2","0","22.82","Caesar III"
"World Series Baseball","3375","World Series Baseball","1507980","2400","4112","5","17","2","0","628.33","World Series Baseball"
"Déraciné","3376","Déraciné","1507860","13020","1933","4","148","2","0","115.81","Déraciné"
"Russia Battlegrounds","3377","Russia Battlegrounds","1506420","13920","4412","2","156","2","0","108.22","Russia Battlegrounds"
"Family Guy: Back to the Multiverse","3378","Family Guy: Back to the Multiverse","1505400","16680","14997","4","62","2","0","90.25","Family Guy: Back to the Multiverse"
"Winning Eleven DS","3379","Winning Eleven DS","1505040","3480","23264","2","9","2","0","432.48","Winning Eleven DS"
"Legacy of Kain: Soul Reaver 2","3380","Legacy of Kain: Soul Reaver 2","1504980","41400","12816","2","106","2","0","36.35","Legacy of Kain: Soul Reaver 2"
"Viscera Cleanup Detail: Santa's Rampage","3381","Viscera Cleanup Detail: Santa's Rampage","1503960","105300","4888","18","864","2","0","14.28","Viscera Cleanup Detail: Santa's Rampage"
"Final Fantasy Tactics: The War of the Lions","3382","Final Fantasy Tactics: The War of the Lions","1502460","231060","180","5","340","2","0","6.5","Final Fantasy Tactics: The War of the Lions"
"Kingdom Under Fire II","3383","Kingdom Under Fire II","1499580","186480","697","19","347","2","0","8.04","Kingdom Under Fire II"
"The Caligula Effect: Overdose","3384","The Caligula Effect: Overdose","1497780","15120","5117","5","17","2","0","99.06","The Caligula Effect: Overdose"
"Sonic R","3385","Sonic R","1496520","61020","7365","4","205","2","0","24.53","Sonic R"
"Misao","3386","Misao","1496400","81720","3398","3","356","2","0","18.31","Misao"
"Seasons After Fall","3387","Seasons After Fall","1496340","221160","342","5","875","2","0","6.77","Seasons After Fall"
"Crying Suns","3388","Crying Suns","1495200","3780","6924","2","25","2","0","395.56","Crying Suns"
"No Heroes Here","3389","No Heroes Here","1494660","23280","7758","4","108","2","0","64.2","No Heroes Here"
"The Swapper","3390","The Swapper","1493520","84480","2671","3","402","2","0","17.68","The Swapper"
"Metal Storm","3391","Metal Storm","1493160","17280","37234","3","45","2","0","86.41","Metal Storm"
"Crash Twinsanity","3392","Crash Twinsanity","1491180","135960","271","10","212","2","0","10.97","Crash Twinsanity"
"Kung Fu","3393","Kung Fu","1491180","16980","19724","6","56","2","0","87.82","Kung Fu"
"Teenage Mutant Ninja Turtles: Tournament Fighters","3394","Teenage Mutant Ninja Turtles: Tournament Fighters","1490940","21000","8255","2","67","2","0","71","Teenage Mutant Ninja Turtles: Tournament Fighters"
"Crash Bash","3395","Crash Bash","1490520","144720","306","9","356","2","0","10.3","Crash Bash"
"One Piece: Pirate Warriors 3","3396","One Piece: Pirate Warriors 3","1489140","432300","1887","6","1832","2","0","3.44","One Piece: Pirate Warriors 3"
"Kuon","3397","Kuon","1486500","39780","3663","3","91","2","0","37.37","Kuon"
"Prince of Persia: The Two Thrones","3398","Prince of Persia: The Two Thrones","1484400","108300","3198","5","292","2","0","13.71","Prince of Persia: The Two Thrones"
"Cold Fear","3399","Cold Fear","1484340","36120","3757","3","132","2","0","41.09","Cold Fear"
"Genma Onimusha","3400","Genma Onimusha","1484100","13140","3047","2","27","2","0","112.95","Genma Onimusha"