"","","Game","Watch time","Stream time","Peak viewers","Peak channels","Streamers","Average viewers","Average channels","Average viewer ratio",""
"Super Troll Islands","8601","Super Troll Islands","119340","720","1958","1","5","0","0","165.75","Super Troll Islands"
"International Superstar Soccer Deluxe","8602","International Superstar Soccer Deluxe","119280","6960","1664","2","37","0","0","17.14","International Superstar Soccer Deluxe"
"Curve Fever Pro","8603","Curve Fever Pro","119280","15780","183","3","87","0","0","7.56","Curve Fever Pro"
"Grim Tales: The Stone Queen","8604","Grim Tales: The Stone Queen","119220","4260","157","1","11","0","0","27.99","Grim Tales: The Stone Queen"
"Pandemic: The Board Game","8605","Pandemic: The Board Game","119160","11700","207","3","42","0","0","10.18","Pandemic: The Board Game"
"Corpse Party: Blood Drive","8606","Corpse Party: Blood Drive","119040","23160","30","1","44","0","0","5.14","Corpse Party: Blood Drive"
"Space Funeral","8607","Space Funeral","119040","11100","171","2","59","0","0","10.72","Space Funeral"
"Grand Theft Auto: London 1969","8608","Grand Theft Auto: London 1969","118800","3780","423","1","15","0","0","31.43","Grand Theft Auto: London 1969"
"LostWinds","8609","LostWinds","118800","15180","166","2","86","0","0","7.83","LostWinds"
"Samurai Warriors: Spirit of Sanada","8610","Samurai Warriors: Spirit of Sanada","118740","63360","39","4","101","0","0","1.87","Samurai Warriors: Spirit of Sanada"
"EVE: War of Ascension","8611","EVE: War of Ascension","118680","240","517","1","2","0","0","494.5","EVE: War of Ascension"
"Noise","8612","Noise","118680","2820","565","1","16","0","0","42.09","Noise"
"Redeemer","8613","Redeemer","118440","27600","67","4","123","0","0","4.29","Redeemer"
"Ghost Town Mine Ride & Shootin' Gallery","8614","Ghost Town Mine Ride & Shootin' Gallery","118440","2940","622","1","18","0","0","40.29","Ghost Town Mine Ride & Shootin' Gallery"
"The Underground Man","8615","The Underground Man","118440","21180","252","3","99","0","0","5.59","The Underground Man"
"Leviathan: The Last Day of the Decade","8616","Leviathan: The Last Day of the Decade","118380","17340","243","2","46","0","0","6.83","Leviathan: The Last Day of the Decade"
"A Visit to Sesame Street: Numbers","8617","A Visit to Sesame Street: Numbers","118320","300","811","1","2","0","0","394.4","A Visit to Sesame Street: Numbers"
"Dragon Warrior Monsters 2","8618","Dragon Warrior Monsters 2","118320","20340","186","3","33","0","0","5.82","Dragon Warrior Monsters 2"
"The Pandora Directive","8619","The Pandora Directive","118320","14760","87","2","24","0","0","8.02","The Pandora Directive"
"Adoption","8620","Adoption","118260","1560","489","2","10","0","0","75.81","Adoption"
"Overdungeon","8621","Overdungeon","118260","8220","318","3","41","0","0","14.39","Overdungeon"
"Die Hard: Vendetta","8622","Die Hard: Vendetta","118260","1440","1066","1","10","0","0","82.13","Die Hard: Vendetta"
"Sort the Court!","8623","Sort the Court!","118260","24000","146","5","194","0","0","4.93","Sort the Court!"
"The Big Journey","8624","The Big Journey","118260","7920","391","2","49","0","0","14.93","The Big Journey"
"Samurai Shodown","8625","Samurai Shodown","118200","10680","887","2","38","0","0","11.07","Samurai Shodown"
"Poker Night at the Inventory","8626","Poker Night at the Inventory","118140","40620","196","3","284","0","0","2.91","Poker Night at the Inventory"
"Umbrella Corps","8627","Umbrella Corps","118140","44160","227","3","279","0","0","2.68","Umbrella Corps"
"Wheelman","8628","Wheelman","117840","4680","292","1","18","0","0","25.18","Wheelman"
"End Space","8629","End Space","117780","12900","214","2","48","0","0","9.13","End Space"
"The Disappearing of Gensokyo","8630","The Disappearing of Gensokyo","117720","57240","78","3","189","0","0","2.06","The Disappearing of Gensokyo"
"Alien Trilogy","8631","Alien Trilogy","117660","12780","211","2","55","0","0","9.21","Alien Trilogy"
"Adventure Time: Finn and Jake's Epic Quest","8632","Adventure Time: Finn and Jake's Epic Quest","117600","4860","152","5","27","0","0","24.2","Adventure Time: Finn and Jake's Epic Quest"
"Drop Alive","8633","Drop Alive","117540","13920","280","2","118","0","0","8.44","Drop Alive"
"The Snack World: Trejarers","8634","The Snack World: Trejarers","117480","30960","35","4","29","0","0","3.79","The Snack World: Trejarers"
"The Oregon Trail Deluxe","8635","The Oregon Trail Deluxe","117420","8580","337","2","59","0","0","13.69","The Oregon Trail Deluxe"
"Mashed: Fully Loaded","8636","Mashed: Fully Loaded","117420","2040","1944","1","8","0","0","57.56","Mashed: Fully Loaded"
"The Hunt","8637","The Hunt","117420","20520","1350","2","127","0","0","5.72","The Hunt"
"Match of the Day","8638","Match of the Day","117360","1560","371","2","5","0","0","75.23","Match of the Day"
"Cyberdogs","8639","Cyberdogs","117360","240","1879","2","3","0","0","489","Cyberdogs"
"Gex","8640","Gex","117360","23400","200","2","62","0","0","5.02","Gex"
"Toki Tori 2","8641","Toki Tori 2","117360","12360","498","2","45","0","0","9.5","Toki Tori 2"
"Circus Charlie","8642","Circus Charlie","117300","2160","695","1","18","0","0","54.31","Circus Charlie"
"Bloody Roar Extreme","8643","Bloody Roar Extreme","117300","12600","34","2","16","0","0","9.31","Bloody Roar Extreme"
"YAB! Baseball","8644","YAB! Baseball","117240","240","1231","1","2","0","0","488.5","YAB! Baseball"
"Vangers","8645","Vangers","117180","4920","315","1","22","0","0","23.82","Vangers"
"Battle Arena Toshinden","8646","Battle Arena Toshinden","117120","2460","1036","1","16","0","0","47.61","Battle Arena Toshinden"
"Ar tonelico: Melody of Elemia","8647","Ar tonelico: Melody of Elemia","117000","46200","30","3","49","0","0","2.53","Ar tonelico: Melody of Elemia"
"AI War: Fleet Command","8648","AI War: Fleet Command","116940","25980","368","2","63","0","0","4.5","AI War: Fleet Command"
"Stuntman: Ignition","8649","Stuntman: Ignition","116760","20220","171","4","142","0","0","5.77","Stuntman: Ignition"
"The Simpsons: Bart's House of Weirdness","8650","The Simpsons: Bart's House of Weirdness","116700","840","1571","3","6","0","0","138.93","The Simpsons: Bart's House of Weirdness"
"Warhammer 40,000: Fire Warrior","8651","Warhammer 40,000: Fire Warrior","116580","9000","296","1","23","0","0","12.95","Warhammer 40,000: Fire Warrior"
"The Adventures of Captain Comic","8652","The Adventures of Captain Comic","116520","1080","1666","2","9","0","0","107.89","The Adventures of Captain Comic"
"Fatal Rewind","8653","Fatal Rewind","116460","1260","1850","5","9","0","0","92.43","Fatal Rewind"
"Valkyria: Azure Revolution","8654","Valkyria: Azure Revolution","116460","35040","36","3","91","0","0","3.32","Valkyria: Azure Revolution"
"Grim Tales: The Wishes","8655","Grim Tales: The Wishes","116400","6660","156","2","16","0","0","17.48","Grim Tales: The Wishes"
"Little Samson","8656","Little Samson","116400","16080","391","4","63","0","0","7.24","Little Samson"
"Dragon Quest Heroes: Rocket Slime","8657","Dragon Quest Heroes: Rocket Slime","116280","12060","119","2","34","0","0","9.64","Dragon Quest Heroes: Rocket Slime"
"Mobile Man","8658","Mobile Man","116280","1500","2076","1","10","0","0","77.52","Mobile Man"
"Mystic Messenger","8659","Mystic Messenger","116160","24360","221","2","32","0","0","4.77","Mystic Messenger"
"Exploding Kittens","8660","Exploding Kittens","116160","10260","286","2","62","0","0","11.32","Exploding Kittens"
"Star Wars: Galactic Battlegrounds","8661","Star Wars: Galactic Battlegrounds","116160","20340","549","3","97","0","0","5.71","Star Wars: Galactic Battlegrounds"
"Back to the Future: The Game - Episode 2: Get Tannen!","8662","Back to the Future: The Game - Episode 2: Get Tannen!","116160","19380","99","2","91","0","0","5.99","Back to the Future: The Game - Episode 2: Get Tannen!"
"Mega Man Xtreme 2","8663","Mega Man Xtreme 2","116100","17580","1216","2","34","0","0","6.6","Mega Man Xtreme 2"
"Diggles: the Myth of Fenris","8664","Diggles: the Myth of Fenris","116100","8580","842","1","11","0","0","13.53","Diggles: the Myth of Fenris"
"The Simpsons: Bart vs. the World","8665","The Simpsons: Bart vs. the World","116100","5160","700","1","8","0","0","22.5","The Simpsons: Bart vs. the World"
"Pocket Mobsters","8666","Pocket Mobsters","116100","4620","51","1","2","0","0","25.13","Pocket Mobsters"
"Brief Karate Foolish","8667","Brief Karate Foolish","116040","10560","1140","2","71","0","0","10.99","Brief Karate Foolish"
"Digimon Linkz","8668","Digimon Linkz","115980","39960","33","3","78","0","0","2.9","Digimon Linkz"
"Rabbids Go Home: A Comedy Adventure","8669","Rabbids Go Home: A Comedy Adventure","115980","3060","1834","2","17","0","0","37.9","Rabbids Go Home: A Comedy Adventure"
"Tobal No. 1","8670","Tobal No. 1","115920","1800","953","1","14","0","0","64.4","Tobal No. 1"
"Farland Saga: Toki no Michishirube","8671","Farland Saga: Toki no Michishirube","115920","5160","198","1","8","0","0","22.47","Farland Saga: Toki no Michishirube"
"Brick Planet","8672","Brick Planet","115920","22200","138","4","51","0","0","5.22","Brick Planet"
"Wheelchair Simulator VR","8673","Wheelchair Simulator VR","115860","1440","567","2","14","0","0","80.46","Wheelchair Simulator VR"
"Vernon's Legacy","8674","Vernon's Legacy","115860","2040","1319","2","12","0","0","56.79","Vernon's Legacy"
"Nightshade","8675","Nightshade","115860","14820","72","2","43","0","0","7.82","Nightshade"
"Kyatto Ninden Teyandee","8676","Kyatto Ninden Teyandee","115800","4980","442","2","25","0","0","23.25","Kyatto Ninden Teyandee"
"Ultima V: Warriors of Destiny","8677","Ultima V: Warriors of Destiny","115800","8700","165","1","7","0","0","13.31","Ultima V: Warriors of Destiny"
"Gunheart","8678","Gunheart","115800","13860","188","3","71","0","0","8.35","Gunheart"
"Conquest of Elysium 4","8679","Conquest of Elysium 4","115740","18960","33","2","27","0","0","6.1","Conquest of Elysium 4"
"Austin Powers Pinball","8680","Austin Powers Pinball","115560","900","1597","1","5","0","0","128.4","Austin Powers Pinball"
"Dragon Quest Characters: Torneko no Daibouken 3 - Fushigi no Dungeon","8681","Dragon Quest Characters: Torneko no Daibouken 3 - Fushigi no Dungeon","115560","20400","22","2","14","0","0","5.66","Dragon Quest Characters: Torneko no Daibouken 3 - Fushigi no Dungeon"
"Disney Princess: My Fairytale Adventure","8682","Disney Princess: My Fairytale Adventure","115500","3600","217","1","20","0","0","32.08","Disney Princess: My Fairytale Adventure"
"You Must Build A Boat","8683","You Must Build A Boat","115500","7920","374","1","36","0","0","14.58","You Must Build A Boat"
"007: The World is Not Enough","8684","007: The World is Not Enough","115440","28020","85","2","49","0","0","4.12","007: The World is Not Enough"
"Lost Planet 3","8685","Lost Planet 3","115260","59520","33","2","192","0","0","1.94","Lost Planet 3"
"Gnomoria","8686","Gnomoria","115260","33120","513","2","79","0","0","3.48","Gnomoria"
"Blue Omen Operation","8687","Blue Omen Operation","115260","7080","53","1","13","0","0","16.28","Blue Omen Operation"
"Stream Legends","8688","Stream Legends","115200","36480","99","3","169","0","0","3.16","Stream Legends"
"Rock Band 2","8689","Rock Band 2","115200","22920","92","2","110","0","0","5.03","Rock Band 2"
"Drake of the 99 Dragons","8690","Drake of the 99 Dragons","115140","7320","376","2","28","0","0","15.73","Drake of the 99 Dragons"
"Soccer Boss","8691","Soccer Boss","115080","1140","560","1","6","0","0","100.95","Soccer Boss"
"Yumeiro Cast","8692","Yumeiro Cast","115080","1080","886","1","6","0","0","106.56","Yumeiro Cast"
"Pro Pilkki 2","8693","Pro Pilkki 2","115020","8880","112","4","48","0","0","12.95","Pro Pilkki 2"
"BrackenSack - a Dashkin game","8694","BrackenSack - a Dashkin game","114960","7920","103","3","18","0","0","14.52","BrackenSack - a Dashkin game"
"Crosswords","8695","Crosswords","114960","28920","57","2","38","0","0","3.98","Crosswords"
"The Last Express","8696","The Last Express","114900","8640","166","2","26","0","0","13.3","The Last Express"
"Formula 1 Sensation","8697","Formula 1 Sensation","114780","420","412","1","2","0","0","273.29","Formula 1 Sensation"
"Mickey Mousecapade","8698","Mickey Mousecapade","114780","4620","360","2","22","0","0","24.84","Mickey Mousecapade"
"Help Wanted","8699","Help Wanted","114780","16980","156","2","59","0","0","6.76","Help Wanted"
"Castle of Dr. Brain","8700","Castle of Dr. Brain","114720","3900","393","2","11","0","0","29.42","Castle of Dr. Brain"