"","","Game","Watch time","Stream time","Peak viewers","Peak channels","Streamers","Average viewers","Average channels","Average viewer ratio",""
"Fortnite","1","Fortnite","81482934840","4774106760","1460297","34564","4058092","155046","9084","17.07","Fortnite"
"League of Legends","2","League of Legends","59122841100","1114259940","1147825","4981","768957","112499","2120","53.06","League of Legends"
"Dota 2","3","Dota 2","28344889140","308675820","749471","1473","185617","53934","587","91.83","Dota 2"
"PLAYERUNKNOWN'S BATTLEGROUNDS","4","PLAYERUNKNOWN'S BATTLEGROUNDS","27249424560","1058021220","579861","6473","855370","51850","2013","25.76","PLAYERUNKNOWN'S BATTLEGROUNDS"
"Counter-Strike: Global Offensive","5","Counter-Strike: Global Offensive","24106519440","521227980","1298358","3173","680351","45869","991","46.25","Counter-Strike: Global Offensive"
"Hearthstone","6","Hearthstone","21456686700","139346400","309090","2277","172671","40827","265","153.98","Hearthstone"
"IRL","7","IRL","20782208160","297429540","264068","1664","500692","39544","565","69.87","IRL"
"Overwatch","8","Overwatch","18107483340","677873280","461851","3111","707558","34455","1289","26.71","Overwatch"
"World of Warcraft","9","World of Warcraft","15614097300","543406140","590245","15619","286541","29710","1033","28.73","World of Warcraft"
"Grand Theft Auto V","10","Grand Theft Auto V","8833455060","245565480","82575","1572","388547","16808","467","35.97","Grand Theft Auto V"
"Just Chatting","11","Just Chatting","8478230820","101970780","227149","1847","198250","16132","194","83.14","Just Chatting"
"Call of Duty: Black Ops 4","12","Call of Duty: Black Ops 4","8335284180","281224980","586545","13323","572714","15860","535","29.64","Call of Duty: Black Ops 4"
"Tom Clancy's Rainbow Six: Siege","13","Tom Clancy's Rainbow Six: Siege","6929861340","463437720","253151","2490","677147","13186","881","14.95","Tom Clancy's Rainbow Six: Siege"
"Dead by Daylight","14","Dead by Daylight","5692454940","254263380","146848","1490","239139","10831","483","22.39","Dead by Daylight"
"Destiny 2","15","Destiny 2","4211079600","322508760","181929","8097","324038","8012","613","13.06","Destiny 2"
"Path of Exile","16","Path of Exile","4143240300","111829080","115737","3008","72945","7883","212","37.05","Path of Exile"
"Heroes of the Storm","17","Heroes of the Storm","3987519720","97374420","74026","341","83775","7587","185","40.95","Heroes of the Storm"
"FIFA 19","18","FIFA 19","3754793940","67330620","167405","2400","135361","7144","128","55.77","FIFA 19"
"StarCraft II","19","StarCraft II","3700249140","48987780","148897","193","40862","7040","93","75.53","StarCraft II"
"Talk Shows & Podcasts","20","Talk Shows & Podcasts","3673335540","38442240","346483","411","75930","6989","73","95.55","Talk Shows & Podcasts"
"Music & Performing Arts","21","Music & Performing Arts","3373526640","114776820","50673","387","71462","6419","218","29.39","Music & Performing Arts"
"Sea of Thieves","22","Sea of Thieves","3163395720","95442240","261898","4908","132995","6019","181","33.14","Sea of Thieves"
"Monster Hunter World","23","Monster Hunter World","3135335520","141924720","169921","5262","245278","5965","270","22.09","Monster Hunter World"
"Magic: The Gathering","24","Magic: The Gathering","3039140280","39907320","54837","420","39545","5782","75","76.15","Magic: The Gathering"
"Minecraft","25","Minecraft","3038254860","179567940","65539","877","312658","5781","341","16.92","Minecraft"
"Rocket League","26","Rocket League","2949345420","160065840","173257","684","333152","5612","304","18.43","Rocket League"
"Casino","27","Casino","2925845340","9064500","111963","179","5576","5567","17","322.78","Casino"
"Poker","28","Poker","2853853380","34618200","46473","211","18123","5430","65","82.44","Poker"
"Escape From Tarkov","29","Escape From Tarkov","2814093060","106930800","58348","692","59356","5354","203","26.32","Escape From Tarkov"
"Casino_old","30","Casino_old","2783776680","18862080","56607","120","7371","5296","35","147.59","Casino_old"
"Warframe","31","Warframe","2634326520","107232420","402554","756","135015","5012","204","24.57","Warframe"
"FIFA 18","32","FIFA 18","2568628500","83343960","143683","1216","179312","4887","158","30.82","FIFA 18"
"Always On","33","Always On","2323347240","7283340","57919","21","252","4420","13","318.99","Always On"
"Red Dead Redemption 2","34","Red Dead Redemption 2","2284465020","110571180","382860","8785","203355","4346","210","20.66","Red Dead Redemption 2"
"Creative","35","Creative","2224967100","152823180","55284","660","140544","4233","290","14.56","Creative"
"World of Tanks","36","World of Tanks","2192850780","86337960","62930","436","59901","4172","164","25.4","World of Tanks"
"RuneScape","37","RuneScape","2146878660","57783300","74563","281","45635","4085","109","37.15","RuneScape"
"Black Desert Online","38","Black Desert Online","2134883100","90164400","19518","392","55409","4062","171","23.68","Black Desert Online"
"Street Fighter V","39","Street Fighter V","1751760720","24593700","194902","336","25294","3333","46","71.23","Street Fighter V"
"Old School RuneScape","40","Old School RuneScape","1670427720","34281180","105265","253","34615","3178","65","48.73","Old School RuneScape"
"God of War","41","God of War","1613680860","70211460","292083","5006","128891","3070","133","22.98","God of War"
"ARK","42","ARK","1584809460","93268980","45885","765","93689","3015","177","16.99","ARK"
"Rust","43","Rust","1570108800","65883480","44150","412","74274","2987","125","23.83","Rust"
"Slay the Spire","44","Slay the Spire","1548689940","23867700","48164","213","37548","2946","45","64.89","Slay the Spire"
"Realm Royale","45","Realm Royale","1542831840","50516400","195317","2408","121540","2935","96","30.54","Realm Royale"
"Super Smash Bros. Ultimate","46","Super Smash Bros. Ultimate","1481466000","20768940","226029","3619","33939","2818","39","71.33","Super Smash Bros. Ultimate"
"Call of Duty: WWII","47","Call of Duty: WWII","1460401200","57987540","148960","547","265061","2778","110","25.18","Call of Duty: WWII"
"Smite","48","Smite","1460042640","80815560","94811","546","84137","2778","153","18.07","Smite"
"Warcraft III","49","Warcraft III","1448008500","20691600","39861","98","12707","2755","39","69.98","Warcraft III"
"E3 2018","50","E3 2018","1407708900","3931500","1817345","5125","13368","2678","7","358.06","E3 2018"
"Pokemon: Let's Go, Pikachu!/Eevee!","51","Pokemon: Let's Go, Pikachu!/Eevee!","1337964660","16713480","143784","1583","21304","2545","31","80.05","Pokemon: Let's Go, Pikachu!/Eevee!"
"Dragon Ball FighterZ","52","Dragon Ball FighterZ","1294844880","33508080","241067","1894","77489","2463","63","38.64","Dragon Ball FighterZ"
"Dark Souls","53","Dark Souls","1242141360","33515640","103455","871","48779","2363","63","37.06","Dark Souls"
"Lost Ark Online","54","Lost Ark Online","1223921940","20974080","89384","1573","11971","2328","39","58.35","Lost Ark Online"
"Games + Demos","55","Games + Demos","1193652000","18399420","83437","98","31938","2271","35","64.87","Games + Demos"
"Atlas","56","Atlas","1160438280","9058140","318887","2104","14794","2208","17","128.11","Atlas"
"VRChat","57","VRChat","1117805760","44555160","47621","285","42874","2126","84","25.09","VRChat"
"Battlefield V","58","Battlefield V","1096354260","37610460","277175","1825","102702","2086","71","29.15","Battlefield V"
"Tekken 7","59","Tekken 7","1080633480","23992020","178753","204","38572","2056","45","45.04","Tekken 7"
"Dark Souls III","60","Dark Souls III","1041996720","61658460","202405","302","113621","1982","117","16.9","Dark Souls III"
"They Are Billions","61","They Are Billions","1029424020","14151660","96057","386","19727","1958","26","72.74","They Are Billions"
"Fallout 76","62","Fallout 76","1003438260","45400500","209140","5476","73330","1909","86","22.1","Fallout 76"
"Lineage II","63","Lineage II","992016360","30132840","30131","193","11562","1887","57","32.92","Lineage II"
"Gwent: The Witcher Card Game","64","Gwent: The Witcher Card Game","981853980","13878540","46675","181","12974","1868","26","70.75","Gwent: The Witcher Card Game"
"Far Cry 5","65","Far Cry 5","932290500","38185860","258270","2864","131504","1773","72","24.41","Far Cry 5"
"Marvel's Spider-Man","66","Marvel's Spider-Man","919486980","45936360","233622","4397","114437","1749","87","20.02","Marvel's Spider-Man"
"Detroit: Become Human","67","Detroit: Become Human","912724080","11670780","236767","856","44040","1736","22","78.21","Detroit: Become Human"
"Assassin's Creed Odyssey","68","Assassin's Creed Odyssey","906306720","23675880","105475","1221","49923","1724","45","38.28","Assassin's Creed Odyssey"
"Diablo III: Reaper of Souls","69","Diablo III: Reaper of Souls","897891840","59721300","21395","1347","83522","1708","113","15.03","Diablo III: Reaper of Souls"
"NBA 2K19","70","NBA 2K19","865884900","61406820","47830","2267","93690","1647","116","14.1","NBA 2K19"
"Retro","71","Retro","849473280","47397480","29487","171","23552","1616","90","17.92","Retro"
"Z1 Battle Royale","72","Z1 Battle Royale","833176800","48154020","136561","675","82831","1585","91","17.3","Z1 Battle Royale"
"Dungeons & Dragons","73","Dungeons & Dragons","831928980","18363480","96446","185","12260","1582","34","45.3","Dungeons & Dragons"
"SCUM","74","SCUM","814927080","25467180","217830","2803","43267","1550","48","32","SCUM"
"The Elder Scrolls Online","75","The Elder Scrolls Online","809222340","42169560","64268","209","48707","1539","80","19.19","The Elder Scrolls Online"
"Chess","76","Chess","803588100","8724720","135778","67","7062","1529","16","92.1","Chess"
"Art","77","Art","788720640","37879140","29628","478","48353","1500","72","20.82","Art"
"FINAL FANTASY XIV Online","78","FINAL FANTASY XIV Online","783761880","77722020","88767","801","41970","1491","147","10.08","FINAL FANTASY XIV Online"
"Subnautica","79","Subnautica","766035840","31872240","60950","548","64077","1457","60","24.03","Subnautica"
"Kingdom Come: Deliverance","80","Kingdom Come: Deliverance","764288220","20757840","211281","1561","33362","1454","39","36.82","Kingdom Come: Deliverance"
"Super Smash Bros. Melee","81","Super Smash Bros. Melee","755176080","10263240","179128","66","13015","1436","19","73.58","Super Smash Bros. Melee"
"DayZ","82","DayZ","742672920","25903380","79522","386","31717","1413","49","28.67","DayZ"
"NBA 2K18","83","NBA 2K18","715476120","65004540","61960","1591","103808","1361","123","11.01","NBA 2K18"
"The Elder Scrolls: Legends","84","The Elder Scrolls: Legends","699138840","8396700","44757","57","5247","1330","15","83.26","The Elder Scrolls: Legends"
"Jurassic World Evolution","85","Jurassic World Evolution","666908520","13529100","202465","1717","27334","1268","25","49.29","Jurassic World Evolution"
"Super Mario Maker","86","Super Mario Maker","658210380","7058940","164695","41","3456","1252","13","93.24","Super Mario Maker"
"Bloodborne","87","Bloodborne","654393000","34897860","215882","476","77043","1245","66","18.75","Bloodborne"
"Tibia","88","Tibia","653678760","34242120","6267","172","15043","1243","65","19.09","Tibia"
"Darkest Dungeon","89","Darkest Dungeon","642591900","15397200","34401","242","26632","1222","29","41.73","Darkest Dungeon"
"Hunt: Showdown","90","Hunt: Showdown","633915300","22724040","135761","308","34524","1206","43","27.9","Hunt: Showdown"
"osu!","91","osu!","598679400","82418700","24897","333","119469","1139","156","7.26","osu!"
"Pokémon Ultra Sun/Ultra Moon","92","Pokémon Ultra Sun/Ultra Moon","591109560","19800060","24443","117","13074","1124","37","29.85","Pokémon Ultra Sun/Ultra Moon"
"The Witcher 3: Wild Hunt","93","The Witcher 3: Wild Hunt","586122780","35991900","27995","181","68280","1115","68","16.28","The Witcher 3: Wild Hunt"
"Terraria","94","Terraria","582507420","23244660","34646","100","50593","1108","44","25.06","Terraria"
"The Elder Scrolls V: Skyrim","95","The Elder Scrolls V: Skyrim","580487340","48542040","195899","205","88317","1104","92","11.96","The Elder Scrolls V: Skyrim"
"Welcome to the Game II","96","Welcome to the Game II","569563200","2515080","129007","147","8719","1083","4","226.46","Welcome to the Game II"
"Arma 3","97","Arma 3","568406460","43668060","24231","286","41540","1081","83","13.02","Arma 3"
"Summoners War: Sky Arena","98","Summoners War: Sky Arena","566876100","12274320","42720","72","5592","1078","23","46.18","Summoners War: Sky Arena"
"No Man's Sky","99","No Man's Sky","555284820","25773480","118853","1264","51344","1056","49","21.54","No Man's Sky"
"Conan Exiles","100","Conan Exiles","547712580","28764360","89655","712","31878","1042","54","19.04","Conan Exiles"