"","","Game","Watch time","Stream time","Peak viewers","Peak channels","Streamers","Average viewers","Average channels","Average viewer ratio",""
"The Gallery: Call of the Starseed","10801","The Gallery: Call of the Starseed","53580","6600","91","1","38","0","0","8.12","The Gallery: Call of the Starseed"
"Ultima VII: The Black Gate","10802","Ultima VII: The Black Gate","53580","10620","184","2","35","0","0","5.05","Ultima VII: The Black Gate"
"Arch Rivals","10803","Arch Rivals","53580","420","471","1","3","0","0","127.57","Arch Rivals"
"Street Hoops","10804","Street Hoops","53520","360","436","1","5","0","0","148.67","Street Hoops"
"Anno 1701: Dawn of Discovery","10805","Anno 1701: Dawn of Discovery","53520","27180","21","3","79","0","0","1.97","Anno 1701: Dawn of Discovery"
"Powerstar Golf","10806","Powerstar Golf","53520","27600","28","2","159","0","0","1.94","Powerstar Golf"
"Robox","10807","Robox","53520","28920","1116","2","146","0","0","1.85","Robox"
"Watch This!","10808","Watch This!","53520","17880","59","3","101","0","0","2.99","Watch This!"
"Exotic Matter","10809","Exotic Matter","53460","3780","315","2","31","0","0","14.14","Exotic Matter"
"Hospitalize","10810","Hospitalize","53460","3780","663","1","9","0","0","14.14","Hospitalize"
"Freddi Fish 5: The Case of the Creature of Coral Cove","10811","Freddi Fish 5: The Case of the Creature of Coral Cove","53460","4920","108","1","38","0","0","10.87","Freddi Fish 5: The Case of the Creature of Coral Cove"
"Mickey's Safari In Letterland","10812","Mickey's Safari In Letterland","53400","4200","149","1","7","0","0","12.71","Mickey's Safari In Letterland"
"My Little Sister Isn't Erotic!","10813","My Little Sister Isn't Erotic!","53400","1560","557","1","10","0","0","34.23","My Little Sister Isn't Erotic!"
"Adam's Venture: Origins","10814","Adam's Venture: Origins","53220","16980","80","3","67","0","0","3.13","Adam's Venture: Origins"
"Kings of Kung Fu","10815","Kings of Kung Fu","53220","900","864","1","5","0","0","59.13","Kings of Kung Fu"
"Luna Online","10816","Luna Online","53220","26160","84","2","79","0","0","2.03","Luna Online"
"Mari0","10817","Mari0","53220","15660","83","2","70","0","0","3.4","Mari0"
"Fist of Jesus: The Bloody Gospel of Judas","10818","Fist of Jesus: The Bloody Gospel of Judas","53220","5520","406","1","38","0","0","9.64","Fist of Jesus: The Bloody Gospel of Judas"
"Alien Resurrection","10819","Alien Resurrection","53220","9000","71","1","24","0","0","5.91","Alien Resurrection"
"Colin McRae Rally","10820","Colin McRae Rally","53160","15960","63","3","50","0","0","3.33","Colin McRae Rally"
"Riot","10821","Riot","53160","4200","422","1","14","0","0","12.66","Riot"
"WWE Tap Mania","10822","WWE Tap Mania","53040","1680","505","1","5","0","0","31.57","WWE Tap Mania"
"Farming Simulator","10823","Farming Simulator","52980","1560","129","2","12","0","0","33.96","Farming Simulator"
"Diablo: Immortal","10824","Diablo: Immortal","52980","9840","134","3","26","0","0","5.38","Diablo: Immortal"
"Conduct Together!","10825","Conduct Together!","52980","360","593","1","4","0","0","147.17","Conduct Together!"
"Pipe Push Paradise","10826","Pipe Push Paradise","52980","8700","301","3","26","0","0","6.09","Pipe Push Paradise"
"Ginger Beyond the Crystal","10827","Ginger Beyond the Crystal","52920","2760","820","1","20","0","0","19.17","Ginger Beyond the Crystal"
"Creeper World","10828","Creeper World","52920","13560","51","2","28","0","0","3.9","Creeper World"
"Mr. Driller","10829","Mr. Driller","52860","6300","266","2","32","0","0","8.39","Mr. Driller"
"123 Slaughter Me Street","10830","123 Slaughter Me Street","52860","4260","348","2","15","0","0","12.41","123 Slaughter Me Street"
"Princess.Loot.Pixels.Repeat","10831","Princess.Loot.Pixels.Repeat","52800","5400","308","2","46","0","0","9.78","Princess.Loot.Pixels.Repeat"
"DoDonPachi Saidaioujou","10832","DoDonPachi Saidaioujou","52800","18960","54","1","16","0","0","2.78","DoDonPachi Saidaioujou"
"BlazBlue: Continuum Shift","10833","BlazBlue: Continuum Shift","52800","4560","271","1","21","0","0","11.58","BlazBlue: Continuum Shift"
"Vertiginous Golf","10834","Vertiginous Golf","52740","4800","485","4","35","0","0","10.99","Vertiginous Golf"
"Sacred Underworld","10835","Sacred Underworld","52740","18840","56","2","54","0","0","2.8","Sacred Underworld"
"Lake of Voices","10836","Lake of Voices","52680","15180","29","2","84","0","0","3.47","Lake of Voices"
"Clockwork Tales: Of Glass and Ink","10837","Clockwork Tales: Of Glass and Ink","52680","8700","96","2","33","0","0","6.06","Clockwork Tales: Of Glass and Ink"
"Day Trader","10838","Day Trader","52680","61500","25","3","39","0","0","0.86","Day Trader"
"Combo Pack: Sonic Advance + Sonic Pinball Party","10839","Combo Pack: Sonic Advance + Sonic Pinball Party","52680","240","879","1","2","0","0","219.5","Combo Pack: Sonic Advance + Sonic Pinball Party"
"The Chronicles of Quiver Dick","10840","The Chronicles of Quiver Dick","52620","6660","62","2","30","0","0","7.9","The Chronicles of Quiver Dick"
"Xenon Valkyrie","10841","Xenon Valkyrie","52620","10560","55","3","136","0","0","4.98","Xenon Valkyrie"
"TumbleSeed","10842","TumbleSeed","52620","10800","112","1","51","0","0","4.87","TumbleSeed"
"F.A Cup Football","10843","F.A Cup Football","52620","1260","374","4","8","0","0","41.76","F.A Cup Football"
"Champions of Zulula","10844","Champions of Zulula","52620","120","599","1","1","0","0","438.5","Champions of Zulula"
"Pong","10845","Pong","52560","24960","195","2","72","0","0","2.11","Pong"
"Higemaru Makaijima","10846","Higemaru Makaijima","52560","780","114","1","1","0","0","67.38","Higemaru Makaijima"
"Arcfall","10847","Arcfall","52500","13680","142","2","29","0","0","3.84","Arcfall"
"After Death","10848","After Death","52500","10500","43","1","10","0","0","5","After Death"
"Freaky Awesome","10849","Freaky Awesome","52500","6660","255","2","51","0","0","7.88","Freaky Awesome"
"Touhou 10.5 - Scarlet Weather Rhapsody","10850","Touhou 10.5 - Scarlet Weather Rhapsody","52500","8940","154","1","32","0","0","5.87","Touhou 10.5 - Scarlet Weather Rhapsody"
"California Games","10851","California Games","52500","4560","438","2","5","0","0","11.51","California Games"
"Curious George","10852","Curious George","52440","7800","171","2","26","0","0","6.72","Curious George"
"Gothic Wa Mahou Otome","10853","Gothic Wa Mahou Otome","52440","15240","24","2","8","0","0","3.44","Gothic Wa Mahou Otome"
"Retimed","10854","Retimed","52380","5160","66","3","21","0","0","10.15","Retimed"
"007: Everything or Nothing","10855","007: Everything or Nothing","52380","15120","76","2","68","0","0","3.46","007: Everything or Nothing"
"Majyuuou","10856","Majyuuou","52380","1860","215","2","16","0","0","28.16","Majyuuou"
"Jade Dynasty","10857","Jade Dynasty","52320","21780","29","2","44","0","0","2.4","Jade Dynasty"
"SimsVille","10858","SimsVille","52320","9000","126","1","40","0","0","5.81","SimsVille"
"Yo-kai Watch","10859","Yo-kai Watch","52320","9600","99","2","32","0","0","5.45","Yo-kai Watch"
"Trash Squad","10860","Trash Squad","52320","4980","137","2","22","0","0","10.51","Trash Squad"
"Criss Cross","10861","Criss Cross","52320","2940","29","1","3","0","0","17.8","Criss Cross"
"Battle Arena Toshinden 2","10862","Battle Arena Toshinden 2","52260","480","883","1","5","0","0","108.88","Battle Arena Toshinden 2"
"Resonance","10863","Resonance","52200","8880","79","1","15","0","0","5.88","Resonance"
"GetMeBro!","10864","GetMeBro!","52200","13080","149","3","13","0","0","3.99","GetMeBro!"
"Youtubers Clicker","10865","Youtubers Clicker","52200","60360","11","4","266","0","0","0.86","Youtubers Clicker"
"cyubeVR","10866","cyubeVR","52140","10680","139","2","29","0","0","4.88","cyubeVR"
"Uganda Know De Way","10867","Uganda Know De Way","52140","1620","647","1","16","0","0","32.19","Uganda Know De Way"
"Omega Boost","10868","Omega Boost","52140","6480","64","2","27","0","0","8.05","Omega Boost"
"Popeye","10869","Popeye","52080","3420","453","1","24","0","0","15.23","Popeye"
"Karaoke Studio","10870","Karaoke Studio","52080","10860","274","2","55","0","0","4.8","Karaoke Studio"
"War Tech Fighters","10871","War Tech Fighters","52080","12300","205","2","46","0","0","4.23","War Tech Fighters"
"Pump it up NX2","10872","Pump it up NX2","52020","1920","78","1","5","0","0","27.09","Pump it up NX2"
"Police Enforcement VR","10873","Police Enforcement VR","52020","2580","559","2","11","0","0","20.16","Police Enforcement VR"
"VRFC Virtual Reality Football Club","10874","VRFC Virtual Reality Football Club","52020","8580","17","1","8","0","0","6.06","VRFC Virtual Reality Football Club"
"Broccoli Bob","10875","Broccoli Bob","52020","1800","421","1","11","0","0","28.9","Broccoli Bob"
"DragonBall Fusions","10876","DragonBall Fusions","52020","21060","32","2","46","0","0","2.47","DragonBall Fusions"
"Dragon Ball Z: Legendary Super Warriors","10877","Dragon Ball Z: Legendary Super Warriors","52020","22140","39","4","35","0","0","2.35","Dragon Ball Z: Legendary Super Warriors"
"Grisaia no Kajitsu","10878","Grisaia no Kajitsu","51960","29220","20","3","39","0","0","1.78","Grisaia no Kajitsu"
"Ninja: Shadow of Darkness","10879","Ninja: Shadow of Darkness","51960","2760","299","2","18","0","0","18.83","Ninja: Shadow of Darkness"
"You Don't Know Jack: Volume 3","10880","You Don't Know Jack: Volume 3","51960","4560","135","2","26","0","0","11.39","You Don't Know Jack: Volume 3"
"10 Second Ninja X","10881","10 Second Ninja X","51960","32880","162","3","185","0","0","1.58","10 Second Ninja X"
"Fate/hollow ataraxia","10882","Fate/hollow ataraxia","51900","12780","187","2","19","0","0","4.06","Fate/hollow ataraxia"
"SimpleRockets","10883","SimpleRockets","51900","5220","236","2","36","0","0","9.94","SimpleRockets"
"Grand Ages: Medieval","10884","Grand Ages: Medieval","51900","32580","46","3","135","0","0","1.59","Grand Ages: Medieval"
"Teenage Mutant Ninja Turtles III: The Manhattan Project","10885","Teenage Mutant Ninja Turtles III: The Manhattan Project","51840","15300","153","2","86","0","0","3.39","Teenage Mutant Ninja Turtles III: The Manhattan Project"
"En-Eins Perfektewelt","10886","En-Eins Perfektewelt","51840","3000","211","1","4","0","0","17.28","En-Eins Perfektewelt"
"Super Street: The Game","10887","Super Street: The Game","51780","16560","1088","5","112","0","0","3.13","Super Street: The Game"
"Heroes Arena","10888","Heroes Arena","51780","92460","114","3","320","0","0","0.56","Heroes Arena"
"Jungle Book","10889","Jungle Book","51780","3660","50","2","14","0","0","14.15","Jungle Book"
"Stonekeep","10890","Stonekeep","51720","14160","94","1","27","0","0","3.65","Stonekeep"
"Drifting Lands","10891","Drifting Lands","51720","5640","339","2","31","0","0","9.17","Drifting Lands"
"Fat Foods","10892","Fat Foods","51720","3000","91","1","15","0","0","17.24","Fat Foods"
"Amaze","10893","Amaze","51660","1380","667","3","14","0","0","37.43","Amaze"
"Nancy Drew Dossier: Resorting to Danger","10894","Nancy Drew Dossier: Resorting to Danger","51660","2940","98","2","8","0","0","17.57","Nancy Drew Dossier: Resorting to Danger"
"Sagebrush","10895","Sagebrush","51600","2280","233","2","18","0","0","22.63","Sagebrush"
"Legend of Mir","10896","Legend of Mir","51600","10740","23","2","8","0","0","4.8","Legend of Mir"
"Labyrinth of Touhou 2","10897","Labyrinth of Touhou 2","51600","14760","15","2","17","0","0","3.5","Labyrinth of Touhou 2"
"Nobunaga no Yabou: Souzou","10898","Nobunaga no Yabou: Souzou","51600","13440","78","2","39","0","0","3.84","Nobunaga no Yabou: Souzou"
"Blockland","10899","Blockland","51600","15900","29","2","81","0","0","3.25","Blockland"
"Men of Valor","10900","Men of Valor","51540","9540","78","1","19","0","0","5.4","Men of Valor"