"","","Game","Watch time","Stream time","Peak viewers","Peak channels","Streamers","Average viewers","Average channels","Average viewer ratio",""
"American McGee's Grimm","13901","American McGee's Grimm","20400","6720","44","1","36","0","0","3.04","American McGee's Grimm"
"NBA Street V3","13902","NBA Street V3","20340","5400","67","1","38","0","0","3.77","NBA Street V3"
"The Simpsons Wrestling","13903","The Simpsons Wrestling","20340","3780","84","1","24","0","0","5.38","The Simpsons Wrestling"
"Eat Them!","13904","Eat Them!","20340","1380","110","1","10","0","0","14.74","Eat Them!"
"Lego Creator: Harry Potter","13905","Lego Creator: Harry Potter","20340","3120","66","1","16","0","0","6.52","Lego Creator: Harry Potter"
"TurnOn","13906","TurnOn","20340","3780","47","1","19","0","0","5.38","TurnOn"
"Make it indie!","13907","Make it indie!","20340","6960","16","2","45","0","0","2.92","Make it indie!"
"Arena Maze of Death","13908","Arena Maze of Death","20340","240","332","1","3","0","0","84.75","Arena Maze of Death"
"EverQuest II: Planes of Prophecy","13909","EverQuest II: Planes of Prophecy","20340","7680","9","2","16","0","0","2.65","EverQuest II: Planes of Prophecy"
"Champions of Breakfast","13910","Champions of Breakfast","20340","5700","89","1","21","0","0","3.57","Champions of Breakfast"
"Sakura Taisen 2: Kimi, Shinitamou koto Nakare","13911","Sakura Taisen 2: Kimi, Shinitamou koto Nakare","20340","2160","18","1","2","0","0","9.42","Sakura Taisen 2: Kimi, Shinitamou koto Nakare"
"Train Simulator Plus: East JR Chuo Line 2","13912","Train Simulator Plus: East JR Chuo Line 2","20340","240","98","1","1","0","0","84.75","Train Simulator Plus: East JR Chuo Line 2"
"Planet Alcatraz 2","13913","Planet Alcatraz 2","20280","6180","18","1","9","0","0","3.28","Planet Alcatraz 2"
"The Herbalist","13914","The Herbalist","20280","1920","61","1","10","0","0","10.56","The Herbalist"
"Densha","13915","Densha","20280","240","101","1","1","0","0","84.5","Densha"
"Mystery Case Files: Ravenhearst","13916","Mystery Case Files: Ravenhearst","20280","6180","22","2","18","0","0","3.28","Mystery Case Files: Ravenhearst"
"Lost in Blue","13917","Lost in Blue","20280","2520","18","1","6","0","0","8.05","Lost in Blue"
"Magical Diary","13918","Magical Diary","20280","4200","39","1","21","0","0","4.83","Magical Diary"
"Phantasy Star Online Episode I & II Plus","13919","Phantasy Star Online Episode I & II Plus","20280","8580","11","2","32","0","0","2.36","Phantasy Star Online Episode I & II Plus"
"Vigilante 8: 2nd Offense","13920","Vigilante 8: 2nd Offense","20280","7260","28","2","36","0","0","2.79","Vigilante 8: 2nd Offense"
"Short Peace: Ranko Tsukigime's Longest Day","13921","Short Peace: Ranko Tsukigime's Longest Day","20280","420","252","1","4","0","0","48.29","Short Peace: Ranko Tsukigime's Longest Day"
"Axis Football 2018","13922","Axis Football 2018","20280","7020","37","2","26","0","0","2.89","Axis Football 2018"
"Quiver Dick's Terrible Tale For Terrible Parents To Read To Their Equally Terrible Children","13923","Quiver Dick's Terrible Tale For Terrible Parents To Read To Their Equally Terrible Children","20280","2340","32","2","12","0","0","8.67","Quiver Dick's Terrible Tale For Terrible Parents To Read To Their Equally Terrible Children"
"Bloons Super Monkey","13924","Bloons Super Monkey","20220","360","176","1","4","0","0","56.17","Bloons Super Monkey"
"Digimon World Re: Digitize","13925","Digimon World Re: Digitize","20220","7440","29","1","21","0","0","2.72","Digimon World Re: Digitize"
"Monster High: New Ghoul in School","13926","Monster High: New Ghoul in School","20220","4680","30","2","14","0","0","4.32","Monster High: New Ghoul in School"
"MLB Power Pros 2008","13927","MLB Power Pros 2008","20220","13980","45","2","14","0","0","1.45","MLB Power Pros 2008"
"Graze Counter","13928","Graze Counter","20220","4680","70","1","27","0","0","4.32","Graze Counter"
"Persian Nights: Sands of Wonders","13929","Persian Nights: Sands of Wonders","20220","3960","30","2","18","0","0","5.11","Persian Nights: Sands of Wonders"
"Fashion Designer: High Fashion","13930","Fashion Designer: High Fashion","20220","485520","95","2","4","0","0","0.04","Fashion Designer: High Fashion"
"Keyboardmania II: 2ndMIX and 3rdMIX","13931","Keyboardmania II: 2ndMIX and 3rdMIX","20220","780","43","1","1","0","0","25.92","Keyboardmania II: 2ndMIX and 3rdMIX"
"BFF or Die","13932","BFF or Die","20220","2160","128","1","16","0","0","9.36","BFF or Die"
"Winning Post 8 2017","13933","Winning Post 8 2017","20160","5280","19","1","11","0","0","3.82","Winning Post 8 2017"
"Legacy of Discord - Furious Wings","13934","Legacy of Discord - Furious Wings","20160","21060","11","2","79","0","0","0.96","Legacy of Discord - Furious Wings"
"Fist's Elimination Tower","13935","Fist's Elimination Tower","20160","6360","68","1","7","0","0","3.17","Fist's Elimination Tower"
"Offensive Combat: Redux!","13936","Offensive Combat: Redux!","20160","6060","18","3","36","0","0","3.33","Offensive Combat: Redux!"
"Spelunker HD","13937","Spelunker HD","20160","4140","93","2","23","0","0","4.87","Spelunker HD"
"Sam & Max Episode 5: Reality 2.0","13938","Sam & Max Episode 5: Reality 2.0","20160","3720","42","1","20","0","0","5.42","Sam & Max Episode 5: Reality 2.0"
"Ethan: Meteor Hunter","13939","Ethan: Meteor Hunter","20160","4080","44","2","9","0","0","4.94","Ethan: Meteor Hunter"
"Master Levels for Doom II","13940","Master Levels for Doom II","20160","8100","26","1","12","0","0","2.49","Master Levels for Doom II"
"Shadow Tower Abyss","13941","Shadow Tower Abyss","20160","8400","19","1","24","0","0","2.4","Shadow Tower Abyss"
"Homebrew - Vehicle Sandbox","13942","Homebrew - Vehicle Sandbox","20160","3720","34","1","16","0","0","5.42","Homebrew - Vehicle Sandbox"
"Card City Nights","13943","Card City Nights","20100","7740","40","1","31","0","0","2.6","Card City Nights"
"Bust-A-Move 4","13944","Bust-A-Move 4","20100","6900","19","2","26","0","0","2.91","Bust-A-Move 4"
"Universe Sandbox","13945","Universe Sandbox","20100","6060","118","2","39","0","0","3.32","Universe Sandbox"
".hack//G.U. Vol. 2: Reminisce","13946",".hack//G.U. Vol. 2: Reminisce","20100","11700","15","2","31","0","0","1.72",".hack//G.U. Vol. 2: Reminisce"
"Buck Rogers: Countdown to Doomsday","13947","Buck Rogers: Countdown to Doomsday","20100","3840","21","1","8","0","0","5.23","Buck Rogers: Countdown to Doomsday"
"Galerians: Ash","13948","Galerians: Ash","20100","4800","15","1","8","0","0","4.19","Galerians: Ash"
"Radiation Island","13949","Radiation Island","20100","7380","18","2","33","0","0","2.72","Radiation Island"
"Art is Dead","13950","Art is Dead","20100","7380","19","2","17","0","0","2.72","Art is Dead"
"Dynasty Warriors: Gundam 2","13951","Dynasty Warriors: Gundam 2","20100","18960","16","1","40","0","0","1.06","Dynasty Warriors: Gundam 2"
"ANKI","13952","ANKI","20100","15720","13","1","13","0","0","1.28","ANKI"
"Ghostory","13953","Ghostory","20100","4680","21","1","34","0","0","4.29","Ghostory"
"Omega Labyrinth","13954","Omega Labyrinth","20100","7800","23","2","7","0","0","2.58","Omega Labyrinth"
"Forever Home","13955","Forever Home","20100","5760","15","2","9","0","0","3.49","Forever Home"
"Rooms: The Unsolvable Puzzle","13956","Rooms: The Unsolvable Puzzle","20100","3720","47","1","17","0","0","5.4","Rooms: The Unsolvable Puzzle"
"Quick Draw McGraw","13957","Quick Draw McGraw","20040","1800","105","1","16","0","0","11.13","Quick Draw McGraw"
"The Karters","13958","The Karters","20040","7620","68","6","27","0","0","2.63","The Karters"
"Arktika.1","13959","Arktika.1","20040","10560","23","2","61","0","0","1.9","Arktika.1"
"Konrad the Kitten","13960","Konrad the Kitten","20040","660","163","1","5","0","0","30.36","Konrad the Kitten"
"Writer's Block","13961","Writer's Block","20040","7200","21","2","32","0","0","2.78","Writer's Block"
"Blaze and Blade: Eternal Quest","13962","Blaze and Blade: Eternal Quest","20040","5760","12","1","6","0","0","3.48","Blaze and Blade: Eternal Quest"
"Bladestorm: Nightmare","13963","Bladestorm: Nightmare","20040","15000","29","2","72","0","0","1.34","Bladestorm: Nightmare"
"Demise: Rise of the Ku'tan","13964","Demise: Rise of the Ku'tan","20040","3360","17","2","6","0","0","5.96","Demise: Rise of the Ku'tan"
"Hudson Hawk","13965","Hudson Hawk","20040","1560","156","3","5","0","0","12.85","Hudson Hawk"
"Taito Legends 2","13966","Taito Legends 2","19980","960","271","1","4","0","0","20.81","Taito Legends 2"
"Conker's Other Bad Fur Day","13967","Conker's Other Bad Fur Day","19980","2280","103","1","13","0","0","8.76","Conker's Other Bad Fur Day"
"Hello Kitty: Happy Party Pals","13968","Hello Kitty: Happy Party Pals","19980","8520","74","2","16","0","0","2.35","Hello Kitty: Happy Party Pals"
"Supreme Ruler 1936","13969","Supreme Ruler 1936","19980","3060","46","2","7","0","0","6.53","Supreme Ruler 1936"
"Pocket Legends","13970","Pocket Legends","19980","8820","24","2","14","0","0","2.27","Pocket Legends"
"Slam City with Scottie Pippen","13971","Slam City with Scottie Pippen","19980","480","181","3","4","0","0","41.63","Slam City with Scottie Pippen"
"Matrimelee","13972","Matrimelee","19980","3060","231","1","14","0","0","6.53","Matrimelee"
"Spy Fox in: Hold the Mustard","13973","Spy Fox in: Hold the Mustard","19980","1440","85","1","12","0","0","13.88","Spy Fox in: Hold the Mustard"
"Duel Masters: Limited Edition","13974","Duel Masters: Limited Edition","19980","2280","275","1","13","0","0","8.76","Duel Masters: Limited Edition"
"Arthur! Ready to Race","13975","Arthur! Ready to Race","19980","1680","127","1","6","0","0","11.89","Arthur! Ready to Race"
"I Love Softball","13976","I Love Softball","19980","480","118","1","2","0","0","41.63","I Love Softball"
"Atomine","13977","Atomine","19980","4800","40","2","38","0","0","4.16","Atomine"
"Blood Code","13978","Blood Code","19980","4500","16","1","18","0","0","4.44","Blood Code"
"Mowin' & Throwin'","13979","Mowin' & Throwin'","19980","1800","26","1","9","0","0","11.1","Mowin' & Throwin'"
"Armored Battle Crew","13980","Armored Battle Crew","19980","120","172","1","1","0","0","166.5","Armored Battle Crew"
"Sport Games","13981","Sport Games","19920","12720","27","2","10","0","0","1.57","Sport Games"
"The Reject Demon: Toko","13982","The Reject Demon: Toko","19920","600","83","1","2","0","0","33.2","The Reject Demon: Toko"
"Breach","13983","Breach","19920","23880","15","6","349","0","0","0.83","Breach"
"Trigger Heart Exelica","13984","Trigger Heart Exelica","19920","2520","99","1","9","0","0","7.9","Trigger Heart Exelica"
"Golden Axe III","13985","Golden Axe III","19920","10140","21","2","51","0","0","1.96","Golden Axe III"
"Synthesia","13986","Synthesia","19920","13980","17","2","63","0","0","1.42","Synthesia"
"Virtual Bart","13987","Virtual Bart","19920","2760","50","1","18","0","0","7.22","Virtual Bart"
"Dragon's Lair 3D: Return to the Lair","13988","Dragon's Lair 3D: Return to the Lair","19920","3720","47","1","8","0","0","5.35","Dragon's Lair 3D: Return to the Lair"
"Echo Night 2","13989","Echo Night 2","19860","2700","80","1","8","0","0","7.36","Echo Night 2"
"Dark Castle","13990","Dark Castle","19860","1140","152","1","6","0","0","17.42","Dark Castle"
"Ys vs. Sora no Kiseki: Alternative Saga","13991","Ys vs. Sora no Kiseki: Alternative Saga","19860","3660","72","1","9","0","0","5.43","Ys vs. Sora no Kiseki: Alternative Saga"
"Gobliins 2: The Prince Buffoon","13992","Gobliins 2: The Prince Buffoon","19860","2580","47","2","8","0","0","7.7","Gobliins 2: The Prince Buffoon"
"KKND2: Krossfire","13993","KKND2: Krossfire","19860","3540","90","1","17","0","0","5.61","KKND2: Krossfire"
"NCAA Football 11","13994","NCAA Football 11","19860","6240","15","10","21","0","0","3.18","NCAA Football 11"
"Zybex","13995","Zybex","19860","120","187","1","1","0","0","165.5","Zybex"
"Source","13996","Source","19860","9480","18","2","35","0","0","2.09","Source"
"MixMaster Online","13997","MixMaster Online","19860","5520","192","2","21","0","0","3.6","MixMaster Online"
"Ironbound","13998","Ironbound","19860","9300","17","2","33","0","0","2.14","Ironbound"
"CoolPaintr VR","13999","CoolPaintr VR","19860","22560","13","3","160","0","0","0.88","CoolPaintr VR"
"Kenran Butou Sai: The Mars Daybreak","14000","Kenran Butou Sai: The Mars Daybreak","19800","2040","37","1","2","0","0","9.71","Kenran Butou Sai: The Mars Daybreak"