Developer,Global Sales,Releases,Critic Rating,User Rating,Sales Per Release,Average Critic Rating,Average User Rating,rating
EA Canada,175920000.0,190,14594,1286.1000000000004,925894.7368421053,76.8,6.8,very good
Ubisoft Montreal,157670000.0,133,9730,930.1999999999997,1185488.7218045113,73.2,7.0,good
Traveller's Tales,133840000.0,134,9568,971.5999999999997,998805.9701492537,71.4,7.3,good
EA Tiburon,127010000.0,133,10156,871.5999999999998,954962.4060150376,76.4,6.6,very good
Rockstar North,106630000.0,14,1255,113.90000000000002,7616428.571428572,89.6,8.1,excellent
Infinity Ward,83770000.0,20,1578,102.39999999999998,4188500.0,78.9,5.1,very good
Treyarch,83280000.0,35,2648,250.29999999999998,2379428.5714285714,75.7,7.2,very good
Visual Concepts,63610000.0,89,6853,578.7999999999998,714719.1011235955,77.0,6.5,very good
Capcom,62640000.0,139,10279,1069.3,450647.4820143885,73.9,7.7,good
Vicarious Visions,60980000.0,68,4997,459.8000000000002,896764.7058823529,73.5,6.8,good
EA Black Box,51460000.0,37,2768,279.1,1390810.810810811,74.8,7.5,good
Ubisoft Paris,46780000.0,57,3996,363.29999999999995,820701.754385965,70.1,6.4,good
Ubisoft,46190000.0,81,5437,554.6000000000001,570246.913580247,67.1,6.8,good
Neversoft Entertainment,45640000.0,39,3088,285.20000000000005,1170256.4102564103,79.2,7.3,very good
EA Redwood Shores,39080000.0,43,3277,321.0,908837.2093023256,76.2,7.5,very good
Harmonix Music Systems,37410000.0,36,2915,266.20000000000005,1039166.6666666666,81.0,7.4,very good
Square Enix,36340000.0,49,3687,376.3,741632.6530612245,75.2,7.7,very good
Naughty Dog,35750000.0,10,865,85.10000000000001,3575000.0,86.5,8.5,excellent
Konami,35650000.0,78,5260,557.6,457051.28205128206,67.4,7.1,good
Bethesda Game Studios,32800000.0,9,704,54.6,3644444.4444444445,78.2,6.1,very good
Maxis,32410000.0,43,3028,295.1,753720.9302325582,70.4,6.9,good
Bungie,30660000.0,14,1139,79.1,2190000.0,81.4,5.6,very good
Rockstar San Diego,30490000.0,19,1495,147.7,1604736.8421052631,78.7,7.8,very good
EA Sports,29090000.0,27,2219,179.3,1077407.4074074074,82.2,6.6,very good
EA Vancouver,28660000.0,14,1024,72.80000000000001,2047142.857142857,73.1,5.2,good
Namco,28370000.0,36,2706,283.80000000000007,788055.5555555555,75.2,7.9,very good
Omega Force,27180000.0,99,6327,735.7999999999998,274545.45454545453,63.9,7.4,good
Rocksteady Studios,25480000.0,12,999,98.19999999999999,2123333.3333333335,83.2,8.2,very good
Toys for Bob,25250000.0,34,2479,217.70000000000002,742647.0588235294,72.9,6.4,good
Konami Computer Entertainment Tokyo,24820000.0,19,1494,149.7,1306315.7894736843,78.6,7.9,very good
EA Los Angeles,24490000.0,18,1319,132.29999999999998,1360555.5555555555,73.3,7.3,good
Rainbow Studios,23330000.0,38,2557,272.29999999999995,613947.3684210526,67.3,7.2,good
EA DICE,22420000.0,15,1166,78.5,1494666.6666666667,77.7,5.2,very good
Rockstar Leeds,22200000.0,9,735,71.30000000000001,2466666.6666666665,81.7,7.9,very good
Eurocom Entertainment Software,20250000.0,38,2498,290.2999999999999,532894.7368421053,65.7,7.6,good
Rockstar Games,19710000.0,2,194,15.799999999999999,9855000.0,97.0,7.9,excellent
TT Fusion,19640000.0,41,2844,268.4,479024.39024390245,69.4,6.5,good
Codemasters,19520000.0,52,4041,362.09999999999997,375384.6153846154,77.7,7.0,very good
Volition Inc.,19170000.0,24,1783,174.79999999999998,798750.0,74.3,7.3,good
Gearbox Software,18890000.0,27,1926,195.99999999999997,699629.6296296297,71.3,7.3,good
Criterion Games,18860000.0,21,1764,163.70000000000002,898095.2380952381,84.0,7.8,very good
NetherRealm Studios,18510000.0,12,1002,94.49999999999999,1542500.0,83.5,7.9,very good
Kojima Productions,18370000.0,19,1454,143.89999999999998,966842.1052631579,76.5,7.6,very good
Radical Entertainment,18080000.0,32,2203,226.1,565000.0,68.8,7.1,good
Sonic Team,17970000.0,33,2279,252.89999999999998,544545.4545454546,69.1,7.7,good
DMA Design,16530000.0,3,260,24.6,5510000.0,86.7,8.2,excellent
Pandemic Studios,16280000.0,17,1224,134.10000000000002,957647.0588235294,72.0,7.9,good
Yuke's,15990000.0,21,1503,134.1,761428.5714285715,71.6,6.4,good
343 Industries,15810000.0,3,254,22.7,5270000.0,84.7,7.6,very good
Ubisoft Montpellier,15790000.0,19,1489,146.0,831052.6315789474,78.4,7.7,very good
Bethesda Softworks,15360000.0,14,1007,105.39999999999999,1097142.857142857,71.9,7.5,good
Digital Eclipse,15050000.0,21,1443,153.39999999999998,716666.6666666666,68.7,7.3,good
Insomniac Games,14930000.0,10,777,74.6,1493000.0,77.7,7.5,very good
Krome Studios,14850000.0,34,2055,235.9,436764.70588235295,60.4,6.9,good
Reflections Interactive,14820000.0,6,402,38.800000000000004,2470000.0,67.0,6.5,good
Heavy Iron Studios,14680000.0,23,1349,158.8,638260.8695652174,58.7,6.9,ok
LucasArts,14620000.0,18,1253,128.89999999999998,812222.2222222222,69.6,7.2,good
Dice,14560000.0,2,169,15.0,7280000.0,84.5,7.5,very good
Turn 10 Studios,14520000.0,5,439,36.199999999999996,2904000.0,87.8,7.2,excellent
Crystal Dynamics,13640000.0,33,2441,257.59999999999997,413333.3333333333,74.0,7.8,good
Avalanche Software,13540000.0,27,1733,182.7,501481.48148148146,64.2,6.8,good
SCEE London Studio,13220000.0,19,1344,133.3,695789.4736842106,70.7,7.0,good
IO Interactive,12980000.0,21,1680,165.6,618095.2380952381,80.0,7.9,very good
Zipper Interactive,12870000.0,7,543,56.10000000000001,1838571.4285714286,77.6,8.0,very good
Yuke's Media Creations,12600000.0,12,860,87.0,1050000.0,71.7,7.2,good
Artificial Mind and Movement,12500000.0,33,1933,208.60000000000002,378787.8787878788,58.6,6.3,ok
Mojang,12380000.0,2,175,13.2,6190000.0,87.5,6.6,excellent
Mass Media,12340000.0,16,998,120.10000000000001,771250.0,62.4,7.5,good
Blizzard Entertainment,12240000.0,6,538,42.8,2040000.0,89.7,7.1,excellent
Techland,12230000.0,16,1047,103.40000000000002,764375.0,65.4,6.5,good
SCE San Diego Studio,12040000.0,21,1584,152.90000000000003,573333.3333333334,75.4,7.3,very good
From Software,11650000.0,35,2427,262.7,332857.14285714284,69.3,7.5,good
Blitz Games,11510000.0,30,1930,197.20000000000002,383666.6666666667,64.3,6.6,good
BudCat Creations,11470000.0,11,815,76.60000000000001,1042727.2727272727,74.1,7.0,good
Obsidian Entertainment,11070000.0,15,1190,114.8,738000.0,79.3,7.7,very good
Monolith Productions,11060000.0,13,1010,87.7,850769.2307692308,77.7,6.7,very good
Sumo Digital,10770000.0,15,1057,107.79999999999998,718000.0,70.5,7.2,good
BioWare Edmonton,10680000.0,7,602,50.6,1525714.2857142857,86.0,7.2,excellent
Ubisoft Quebec,10550000.0,11,770,65.19999999999999,959090.9090909091,70.0,5.9,good
The Sims Studio,10460000.0,14,946,71.7,747142.8571428572,67.6,5.1,good
Sega,10210000.0,30,2199,229.4,340333.3333333333,73.3,7.6,good
High Moon Studios,9860000.0,16,1058,114.89999999999999,616250.0,66.1,7.2,good
Codemasters Birmingham,9710000.0,21,1576,136.5,462380.95238095237,75.0,6.5,good
EA Bright Light,9700000.0,20,1082,111.5,485000.0,54.1,5.6,ok
Team Fusion,9570000.0,5,354,39.699999999999996,1914000.0,70.8,7.9,good
Rebellion Developments,9560000.0,31,1979,210.20000000000002,308387.0967741936,63.8,6.8,good
Guerrilla Games,9430000.0,7,516,55.5,1347142.857142857,73.7,7.9,good
Bluepoint Games,9370000.0,6,511,49.5,1561666.6666666667,85.2,8.2,excellent
Office Create,9310000.0,3,193,20.3,3103333.3333333335,64.3,6.8,good
Namco Bandai Games,9270000.0,30,1964,204.29999999999998,309000.0,65.5,6.8,good
CyberConnect2,9170000.0,20,1403,148.40000000000003,458500.0,70.2,7.4,good
PlatinumGames,9150000.0,21,1565,156.49999999999997,435714.28571428574,74.5,7.5,good
Raven Software,9020000.0,14,1075,106.59999999999998,644285.7142857143,76.8,7.6,very good
Neversoft,9010000.0,4,308,27.4,2252500.0,77.0,6.8,very good
Luxoflux,8980000.0,5,365,38.199999999999996,1796000.0,73.0,7.6,good
Backbone Entertainment,8960000.0,14,993,105.39999999999999,640000.0,70.9,7.5,good
Electronic Arts,8850000.0,21,1477,142.0,421428.5714285714,70.3,6.8,good
Core Design Ltd.,8670000.0,9,649,67.10000000000001,963333.3333333334,72.1,7.5,good
"Pipeworks Software, Inc.",8610000.0,15,856,105.3,574000.0,57.1,7.0,ok
Midway Games,8600000.0,19,1351,140.59999999999997,452631.5789473684,71.1,7.4,good
Cat Daddy Games,8590000.0,5,251,23.1,1718000.0,50.2,4.6,ok
Shiny Entertainment,8470000.0,11,565,68.7,770000.0,51.4,6.2,ok
Respawn Entertainment,8370000.0,6,517,44.099999999999994,1395000.0,86.2,7.3,excellent
Eidos Montreal,8230000.0,10,774,69.89999999999999,823000.0,77.4,7.0,very good
Red Storm Entertainment,8220000.0,14,919,88.40000000000002,587142.8571428572,65.6,6.3,good
CD Projekt Red Studio,8170000.0,4,352,35.599999999999994,2042500.0,88.0,8.9,excellent
id Software,8150000.0,6,450,43.6,1358333.3333333333,75.0,7.3,good
Ghost Games,8130000.0,8,571,37.4,1016250.0,71.4,4.7,good
Arc System Works,8080000.0,53,3915,382.3,152452.83018867925,73.9,7.2,good
JAKKS Pacific,8050000.0,10,747,78.8,805000.0,74.7,7.9,good
Slightly Mad Studios,8030000.0,11,855,67.19999999999999,730000.0,77.7,6.1,very good
Konami Computer Entertainment Japan,7990000.0,6,457,49.7,1331666.6666666667,76.2,8.3,very good
Amaze Entertainment,7970000.0,21,1223,126.2,379523.8095238095,58.2,6.0,ok
Kush Games,7910000.0,21,1621,141.4,376666.6666666667,77.2,6.7,very good
Griptonite Games,7810000.0,18,1168,132.0,433888.8888888889,64.9,7.3,good
Nintendo,7810000.0,14,976,108.70000000000002,557857.1428571428,69.7,7.8,good
THQ,7770000.0,24,1587,159.70000000000002,323750.0,66.1,6.7,good
High Voltage Software,7750000.0,30,1790,188.59999999999994,258333.33333333334,59.7,6.3,ok
Intelligent Systems,7690000.0,13,1073,108.30000000000001,591538.4615384615,82.5,8.3,very good
Rare Ltd.,7650000.0,12,874,87.80000000000001,637500.0,72.8,7.3,good
Climax Group,7550000.0,28,1836,200.8,269642.85714285716,65.6,7.2,good
Avalanche Studios,7530000.0,10,732,67.69999999999999,753000.0,73.2,6.8,good
Capcom / Dimps Corporation,7350000.0,4,362,30.2,1837500.0,90.5,7.6,excellent
Visceral Games,7270000.0,11,821,79.79999999999998,660909.0909090909,74.6,7.3,good
Team Bondi,7240000.0,5,410,39.2,1448000.0,82.0,7.8,very good
Crytek,7090000.0,8,609,55.8,886250.0,76.1,7.0,very good
Stormfront Studios,6990000.0,8,548,58.0,873750.0,68.5,7.2,good
Remedy Entertainment,6810000.0,7,554,55.400000000000006,972857.1428571428,79.1,7.9,very good
Sledgehammer Games,6650000.0,2,158,8.8,3325000.0,79.0,4.4,very good
EA Digital Illusions CE,6540000.0,5,414,40.2,1308000.0,82.8,8.0,very good
Midway,6510000.0,7,556,58.199999999999996,930000.0,79.4,8.3,very good
FreeStyleGames,6470000.0,11,848,71.0,588181.8181818182,77.1,6.5,very good
EA Montreal,6460000.0,11,758,75.9,587272.7272727273,68.9,6.9,good
Arkane Studios,6450000.0,10,834,73.80000000000001,645000.0,83.4,7.4,very good
5TH Cell,6380000.0,9,670,67.69999999999999,708888.8888888889,74.4,7.5,good
Terminal Reality,6350000.0,22,1438,146.6,288636.36363636365,65.4,6.7,good
EA Chicago,6330000.0,7,547,51.800000000000004,904285.7142857143,78.1,7.4,very good
Level 5,6310000.0,9,690,69.2,701111.1111111111,76.7,7.7,very good
Atlus,6290000.0,17,1385,117.8,370000.0,81.5,6.9,very good
Edge of Reality,6270000.0,12,762,84.3,522500.0,63.5,7.0,good
Team Ninja,6090000.0,18,1300,132.3,338333.3333333333,72.2,7.4,good
Bandai Namco Games,6030000.0,15,1040,106.3,402000.0,69.3,7.1,good
Argonaut Games,5890000.0,15,864,94.9,392666.6666666667,57.6,6.3,ok
Helixe,5870000.0,5,287,28.8,1174000.0,57.4,5.8,ok
Ready at Dawn,5850000.0,2,148,15.2,2925000.0,74.0,7.6,good
PopCap Games,5830000.0,13,1026,101.4,448461.53846153844,78.9,7.8,very good
Ubisoft Shanghai,5780000.0,10,767,71.39999999999999,578000.0,76.7,7.1,very good
4J Studios,5710000.0,3,249,23.299999999999997,1903333.3333333333,83.0,7.8,very good
Media Molecule,5700000.0,4,347,34.0,1425000.0,86.8,8.5,excellent
n-Space,5660000.0,15,914,90.5,377333.3333333333,60.9,6.0,good
MTO,5620000.0,13,855,92.89999999999999,432307.6923076923,65.8,7.1,good
Frontier Developments,5510000.0,12,840,45.6,459166.6666666667,70.0,3.8,good
SCE Japan Studio,5480000.0,15,1097,115.10000000000002,365333.3333333333,73.1,7.7,good
BioWare,5460000.0,3,275,17.5,1820000.0,91.7,5.8,excellent
Dimps Corporation / Sonic Team,5440000.0,3,249,24.4,1813333.3333333333,83.0,8.1,very good
Namco Tales Studio,5350000.0,6,468,51.10000000000001,891666.6666666666,78.0,8.5,very good
Tango Gameworks,5350000.0,6,432,47.5,891666.6666666666,72.0,7.9,good
Team Soho,5320000.0,2,129,14.5,2660000.0,64.5,7.2,good
Bizarre Creations,5310000.0,10,731,74.10000000000001,531000.0,73.1,7.4,good
Blue Castle Games,5270000.0,12,837,80.69999999999999,439166.6666666667,69.8,6.7,good
Spark Unlimited,5240000.0,8,450,52.5,655000.0,56.2,6.6,ok
Junction Point Studios,5240000.0,5,312,29.299999999999997,1048000.0,62.4,5.9,good
"Hypnos Entertainment, Inc.",5110000.0,3,253,24.799999999999997,1703333.3333333333,84.3,8.3,very good
Acquire,5110000.0,15,947,113.10000000000001,340666.6666666667,63.1,7.5,good
ZeniMax Online Studios,5100000.0,9,690,58.5,566666.6666666666,76.7,6.5,very good
Papaya Studios,4930000.0,11,642,65.0,448181.8181818182,58.4,5.9,ok
Ubisoft Reflections,4920000.0,8,567,51.4,615000.0,70.9,6.4,good
NuFX,4900000.0,4,333,31.1,1225000.0,83.2,7.8,very good
Massive Entertainment,4880000.0,3,248,21.1,1626666.6666666667,82.7,7.0,very good
Spike,4860000.0,13,723,85.6,373846.1538461539,55.6,6.6,ok
Nippon Ichi Software,4850000.0,36,2622,267.6,134722.22222222222,72.8,7.4,good
Black Rock Studio,4820000.0,5,397,39.8,964000.0,79.4,8.0,very good
Sand Grain Studios,4790000.0,10,593,77.0,479000.0,59.3,7.7,ok
Dimps Corporation,4750000.0,15,972,107.60000000000001,316666.6666666667,64.8,7.2,good
SCEA Santa Monica Studio,4740000.0,5,371,40.400000000000006,948000.0,74.2,8.1,good
The Collective,4740000.0,3,194,24.0,1580000.0,64.7,8.0,good
Paradigm Entertainment,4690000.0,12,807,83.9,390833.3333333333,67.2,7.0,good
Clap Hanz,4680000.0,4,314,33.4,1170000.0,78.5,8.4,very good
BioWare Corp.,4660000.0,11,911,77.80000000000001,423636.36363636365,82.8,7.1,very good
Bemani,4650000.0,5,362,35.3,930000.0,72.4,7.1,good
Evolution Studios,4630000.0,3,227,21.799999999999997,1543333.3333333333,75.7,7.3,very good
Warner Bros. Interactive Entertainment,4620000.0,3,218,22.6,1540000.0,72.7,7.5,good
Turn 10 Studio,4600000.0,1,91,8.2,4600000.0,91.0,8.2,excellent
Disney Interactive Studios,4570000.0,8,545,51.50000000000001,571250.0,68.1,6.4,good
SquareSoft,4570000.0,5,364,37.5,914000.0,72.8,7.5,good
United Front Games,4560000.0,6,470,46.2,760000.0,78.3,7.7,very good
Rockstar Vancouver,4430000.0,3,260,24.700000000000003,1476666.6666666667,86.7,8.2,excellent
Telltale Games,4430000.0,27,1840,180.69999999999993,164074.07407407407,68.1,6.7,good
Beenox,4400000.0,16,1018,104.2,275000.0,63.6,6.5,good
Amusement Vision,4370000.0,8,605,62.79999999999999,546250.0,75.6,7.8,very good
Yuke's Future Media Creators,4360000.0,8,583,58.800000000000004,545000.0,72.9,7.4,good
Exient Entertainment,4360000.0,18,1136,102.69999999999997,242222.22222222222,63.1,5.7,good
Eutechnyx,4340000.0,20,1117,103.1,217000.0,55.8,5.2,ok
Point of View,4320000.0,23,1479,163.39999999999998,187826.08695652173,64.3,7.1,good
Activision,4230000.0,20,1247,121.59999999999997,211500.0,62.4,6.1,good
KCET,4230000.0,7,588,60.3,604285.7142857143,84.0,8.6,very good
KCEJ / Kojima Productions,4230000.0,1,91,9.1,4230000.0,91.0,9.1,excellent
EXAKT Entertainment,4200000.0,6,399,45.900000000000006,700000.0,66.5,7.7,good
Epic Games,4160000.0,12,975,80.2,346666.6666666667,81.2,6.7,very good
Marvelous Interactive,4120000.0,10,712,82.00000000000001,412000.0,71.2,8.2,good
Ninja Theory,4090000.0,7,581,49.699999999999996,584285.7142857143,83.0,7.1,very good
2K Marin,4070000.0,4,311,29.7,1017500.0,77.8,7.4,very good
Midway Amusement Games,4040000.0,2,148,14.399999999999999,2020000.0,74.0,7.2,good
Snowblind Studios,4020000.0,6,443,46.699999999999996,670000.0,73.8,7.8,good
Illusion Softworks,4020000.0,5,368,40.3,804000.0,73.6,8.1,good
Ubisoft Romania,3990000.0,12,866,88.19999999999999,332500.0,72.2,7.3,good
Hangar 13,3980000.0,2,135,10.0,1990000.0,67.5,5.0,good
Hudson Soft,3960000.0,22,1312,141.79999999999995,180000.0,59.6,6.4,ok
Bandai,3910000.0,12,695,94.39999999999999,325833.3333333333,57.9,7.9,ok
"Luxoflux, Inc.",3890000.0,4,276,23.099999999999998,972500.0,69.0,5.8,good
Certain Affinity / Valve Software,3880000.0,2,178,16.3,1940000.0,89.0,8.2,excellent
Sucker Punch,3850000.0,3,257,26.2,1283333.3333333333,85.7,8.7,excellent
Yuke's Osaka,3830000.0,2,167,16.0,1915000.0,83.5,8.0,very good
Psyonix Studios,3800000.0,3,258,24.6,1266666.6666666667,86.0,8.2,excellent
Angel Studios,3790000.0,4,261,26.1,947500.0,65.2,6.5,good
Playground Games,3780000.0,2,177,16.4,1890000.0,88.5,8.2,excellent
Polyphony Digital,3770000.0,1,75,5.9,3770000.0,75.0,5.9,good
Secret Level,3770000.0,10,569,68.6,377000.0,56.9,6.9,ok
PES Productions,3770000.0,10,778,64.1,377000.0,77.8,6.4,very good
Acclaim Entertainment,3740000.0,17,1143,126.5,220000.0,67.2,7.4,good
Zoe Mode,3710000.0,10,605,55.900000000000006,371000.0,60.5,5.6,good
Asobo Studio,3710000.0,11,692,71.19999999999999,337272.7272727273,62.9,6.5,good
SCEE Cambridge,3690000.0,5,347,38.199999999999996,738000.0,69.4,7.6,good
Firaxis Games,3670000.0,9,729,67.2,407777.77777777775,81.0,7.5,very good
DreamWorks Interactive,3640000.0,2,178,17.6,1820000.0,89.0,8.8,excellent
Atlus Co.,3630000.0,16,1218,104.6,226875.0,76.1,6.5,very good
989 Sports,3620000.0,10,647,71.9,362000.0,64.7,7.2,good
7 Studios,3580000.0,14,702,85.8,255714.2857142857,50.1,6.1,ok
FarSight Studios,3510000.0,6,382,41.2,585000.0,63.7,6.9,good
JGI Entertainment,3460000.0,3,166,20.599999999999998,1153333.3333333333,55.3,6.9,ok
Spike Chunsoft,3460000.0,17,1260,131.9,203529.41176470587,74.1,7.8,good
Hitmaker,3430000.0,6,444,47.300000000000004,571666.6666666666,74.0,7.9,good
Pivotal Games,3420000.0,8,475,61.0,427500.0,59.4,7.6,ok
MachineGames,3400000.0,5,383,37.3,680000.0,76.6,7.5,very good
Grasshopper Manufacture,3390000.0,14,1005,111.2,242142.85714285713,71.8,7.9,good
Altron,3380000.0,5,302,33.1,676000.0,60.4,6.6,good
The Coalition,3380000.0,1,84,6.9,3380000.0,84.0,6.9,very good
Cavia Inc.,3350000.0,10,595,71.3,335000.0,59.5,7.1,ok
Supermassive Games Ltd.,3340000.0,5,309,28.900000000000002,668000.0,61.8,5.8,good
Vigil Games,3290000.0,6,500,46.6,548333.3333333334,83.3,7.8,very good
Arika,3290000.0,6,385,46.8,548333.3333333334,64.2,7.8,good
Sega-AM2,3280000.0,8,644,60.2,410000.0,80.5,7.5,very good
Eden Studios,3270000.0,8,579,53.49999999999999,408750.0,72.4,6.7,good
Sports Interactive,3270000.0,6,490,43.2,545000.0,81.7,7.2,very good
Shaba Games,3250000.0,8,603,55.29999999999999,406250.0,75.4,6.9,very good
Rockstar Toronto,3250000.0,6,473,46.2,541666.6666666666,78.8,7.7,very good
Slant Six Games,3250000.0,4,215,20.8,812500.0,53.8,5.2,ok
TT Games,3230000.0,3,247,23.8,1076666.6666666667,82.3,7.9,very good
Neverland Company,3220000.0,11,745,85.4,292727.2727272727,67.7,7.8,good
TOSE Software,3210000.0,7,541,54.10000000000001,458571.4285714286,77.3,7.7,very good
Factor 5,3210000.0,3,218,22.5,1070000.0,72.7,7.5,good
Bright Light Productions,3190000.0,6,359,30.700000000000003,531666.6666666666,59.8,5.1,ok
Monkey Bar Games,3190000.0,15,856,82.6,212666.66666666666,57.1,5.5,ok
Webfoot Technologies,3130000.0,5,269,33.8,626000.0,53.8,6.8,ok
tri-Ace,3120000.0,6,445,46.7,520000.0,74.2,7.8,good
Blue Tongue,3120000.0,13,853,91.5,240000.0,65.6,7.0,good
Black Ops Entertainment,3100000.0,7,356,43.2,442857.14285714284,50.9,6.2,ok
Savage Entertainment,3050000.0,4,216,28.599999999999998,762500.0,54.0,7.2,ok
Cauldron,3020000.0,5,346,29.700000000000003,604000.0,69.2,5.9,good
Aki Corporation,3010000.0,4,291,31.299999999999997,752500.0,72.8,7.8,good
Ensemble Studios,3000000.0,6,463,50.60000000000001,500000.0,77.2,8.4,very good
Etranges Libellules,2970000.0,8,473,57.7,371250.0,59.1,7.2,ok
Ubisoft Toronto,2960000.0,6,470,42.4,493333.3333333333,78.3,7.1,very good
Team17 Software,2950000.0,19,1100,118.19999999999997,155263.15789473685,57.9,6.2,ok
HAL Laboratory,2940000.0,6,467,47.099999999999994,490000.0,77.8,7.8,very good
Koei,2930000.0,22,1517,172.6,133181.81818181818,69.0,7.8,good
EA Seattle,2910000.0,2,157,16.6,1455000.0,78.5,8.3,very good
WayForward Technologies,2900000.0,17,1092,113.60000000000002,170588.23529411765,64.2,6.7,good
Creative Assembly,2900000.0,7,521,52.800000000000004,414285.71428571426,74.4,7.5,good
Free Radical Design,2870000.0,9,710,74.39999999999999,318888.8888888889,78.9,8.3,very good
SIE Japan Studio,2870000.0,7,533,51.1,410000.0,76.1,7.3,very good
Konami Computer Entertainment Hawaii,2870000.0,10,635,71.10000000000001,287000.0,63.5,7.1,good
2K Australia / 2K Boston,2830000.0,1,96,8.9,2830000.0,96.0,8.9,excellent
Incognito Inc.,2830000.0,4,300,32.4,707500.0,75.0,8.1,good
Natsume,2820000.0,14,782,98.1,201428.57142857142,55.9,7.0,ok
Camelot Software Planning,2810000.0,5,380,38.4,562000.0,76.0,7.7,very good
Genki,2790000.0,8,481,57.4,348750.0,60.1,7.2,good
"Yuke's Co., Ltd.",2790000.0,3,217,19.299999999999997,930000.0,72.3,6.4,good
Game Freak,2780000.0,2,161,15.0,1390000.0,80.5,7.5,very good
Juice Games,2780000.0,8,540,57.300000000000004,347500.0,67.5,7.2,good
DC Studios,2780000.0,3,191,19.5,926666.6666666666,63.7,6.5,good
The Creative Assembly,2730000.0,11,753,86.49999999999999,248181.81818181818,68.5,7.9,good
Game Arts,2720000.0,10,755,79.39999999999999,272000.0,75.5,7.9,very good
Bullfrog Productions,2720000.0,4,313,30.900000000000002,680000.0,78.2,7.7,very good
VIS Entertainment,2700000.0,5,292,33.6,540000.0,58.4,6.7,ok
"Z-Axis, Ltd.",2660000.0,8,488,55.69999999999999,332500.0,61.0,7.0,good
SNK Playmore Corporation,2650000.0,17,1161,130.3,155882.35294117648,68.3,7.7,good
Digital Extremes,2650000.0,7,533,53.8,378571.4285714286,76.1,7.7,very good
Acclaim Studios Austin,2640000.0,6,403,44.699999999999996,440000.0,67.2,7.4,good
Double Fine Productions,2640000.0,5,418,40.099999999999994,528000.0,83.6,8.0,very good
Mercury Steam,2620000.0,5,386,40.4,524000.0,77.2,8.1,very good
HB Studios,2610000.0,14,815,76.60000000000001,186428.57142857142,58.2,5.5,ok
Clover Studio,2600000.0,10,819,80.7,260000.0,81.9,8.1,very good
Danger Close Games,2600000.0,2,108,11.3,1300000.0,54.0,5.6,ok
Nihilistic Software,2580000.0,7,416,47.8,368571.4285714286,59.4,6.8,ok
SCEA San Diego Studios,2580000.0,6,475,41.2,430000.0,79.2,6.9,very good
Sanzaru Games,2550000.0,6,392,43.5,425000.0,65.3,7.2,good
Hello Games,2490000.0,2,148,12.3,1245000.0,74.0,6.2,good
3DO,2480000.0,14,786,84.1,177142.85714285713,56.1,6.0,ok
K2 LLC,2470000.0,8,453,53.8,308750.0,56.6,6.7,ok
Day 1 Studios,2470000.0,6,450,43.0,411666.6666666667,75.0,7.2,good
Inti Creates,2430000.0,12,902,101.2,202500.0,75.2,8.4,very good
Page 44 Studios,2420000.0,4,303,30.8,605000.0,75.8,7.7,very good
Ubisoft Sofia,2420000.0,3,218,22.2,806666.6666666666,72.7,7.4,good
Giants Software,2410000.0,5,307,31.099999999999998,482000.0,61.4,6.2,good
TOSE,2410000.0,6,382,45.0,401666.6666666667,63.7,7.5,good
Paradox Development,2390000.0,6,310,41.49999999999999,398333.3333333333,51.7,6.9,ok
SIE London Studio,2390000.0,2,124,12.8,1195000.0,62.0,6.4,good
Headstrong Games,2380000.0,8,576,58.5,297500.0,72.0,7.3,good
Red Fly Studio,2370000.0,8,458,56.3,296250.0,57.2,7.0,ok
Tecmo Koei Games,2360000.0,6,390,44.3,393333.3333333333,65.0,7.4,good
Surreal Software,2360000.0,6,442,47.4,393333.3333333333,73.7,7.9,good
Ubisoft Montreal / Red Storm Entertainment,2360000.0,2,156,16.6,1180000.0,78.0,8.3,very good
Vanillaware,2340000.0,8,639,65.8,292500.0,79.9,8.2,very good
SCEI,2330000.0,2,146,15.7,1165000.0,73.0,7.8,good
Studio Liverpool,2320000.0,6,494,47.599999999999994,386666.6666666667,82.3,7.9,very good
Taito Corporation,2320000.0,11,700,74.8,210909.0909090909,63.6,6.8,good
EA Canada,2310000.0,3,234,24.299999999999997,770000.0,78.0,8.1,very good
FUN Labs,2300000.0,10,562,72.89999999999999,230000.0,56.2,7.3,ok
Project Soul,2290000.0,5,377,29.800000000000004,458000.0,75.4,6.0,very good
Silicon Knights,2270000.0,6,375,38.7,378333.3333333333,62.5,6.4,good
Tecmo,2270000.0,14,1020,115.69999999999999,162142.85714285713,72.9,8.3,good
Kaos Studios,2260000.0,3,215,19.2,753333.3333333334,71.7,6.4,good
Gust,2240000.0,16,1140,123.40000000000002,140000.0,71.2,7.7,good
Oddworld Inhabitants,2230000.0,3,253,26.500000000000004,743333.3333333334,84.3,8.8,very good
FreeStyle Games,2230000.0,3,260,23.700000000000003,743333.3333333334,86.7,7.9,excellent
Tamsoft,2210000.0,6,372,37.89999999999999,368333.3333333333,62.0,6.3,good
Vicious Cycle,2200000.0,12,799,86.99999999999999,183333.33333333334,66.6,7.2,good
Double Helix Games,2160000.0,11,652,63.1,196363.63636363635,59.3,5.7,ok
Marvelous Entertainment,2150000.0,9,648,66.5,238888.88888888888,72.0,7.4,good
TT Games / Harmonix Music Systems,2130000.0,4,296,28.900000000000002,532500.0,74.0,7.2,good
HB Studios Multimedia,2130000.0,5,315,36.0,426000.0,63.0,7.2,good
Midway Studios San Diego,2120000.0,2,96,9.4,1060000.0,48.0,4.7,ok
Monolith Soft,2120000.0,3,249,26.4,706666.6666666666,83.0,8.8,very good
High Impact Games,2120000.0,5,354,35.9,424000.0,70.8,7.2,good
8ing/Raizing,2110000.0,4,258,27.900000000000002,527500.0,64.5,7.0,good
Pacific Coast Power & Light,2100000.0,5,285,34.0,420000.0,57.0,6.8,ok
Blue Planet Software,2080000.0,1,44,6.2,2080000.0,44.0,6.2,bad
NanaOn-Sha,2060000.0,2,159,15.1,1030000.0,79.5,7.6,very good
High Horse Entertainment,2060000.0,4,274,31.799999999999997,515000.0,68.5,8.0,good
Ubisoft San Francisco,2050000.0,2,163,15.600000000000001,1025000.0,81.5,7.8,very good
Yukie's Osaka,2050000.0,2,171,14.9,1025000.0,85.5,7.4,excellent
"Nd Cube Co., Ltd.",2050000.0,3,173,17.8,683333.3333333334,57.7,5.9,ok
Artoon,2030000.0,6,308,36.8,338333.3333333333,51.3,6.1,ok
Nintendo EAD,2010000.0,3,217,21.1,670000.0,72.3,7.0,good
Quantic Dream,2010000.0,5,394,40.8,402000.0,78.8,8.2,very good
Game Republic,1990000.0,8,524,58.0,248750.0,65.5,7.2,good
Check Six Games,1970000.0,1,56,4.4,1970000.0,56.0,4.4,ok
Splash Damage,1970000.0,4,294,25.900000000000002,492500.0,73.5,6.5,good
Valve Software,1960000.0,2,192,18.0,980000.0,96.0,9.0,excellent
Fall Line Studio,1940000.0,3,167,18.0,646666.6666666666,55.7,6.0,ok
Sidhe Interactive,1940000.0,7,409,44.9,277142.85714285716,58.4,6.4,ok
SCEA Bend Studio,1920000.0,5,364,41.099999999999994,384000.0,72.8,8.2,good
Turtle Rock Studios,1900000.0,3,227,13.7,633333.3333333334,75.7,4.6,very good
EA UK,1900000.0,3,210,21.7,633333.3333333334,70.0,7.2,good
Sucker Punch Productions,1900000.0,2,156,16.0,950000.0,78.0,8.0,very good
Locomotive Games,1870000.0,2,134,13.0,935000.0,67.0,6.5,good
Nihon Falcom Corporation,1870000.0,12,967,100.0,155833.33333333334,80.6,8.3,very good
Trion Worlds,1860000.0,4,267,27.900000000000002,465000.0,66.8,7.0,good
Rockstar London,1860000.0,3,215,24.599999999999998,620000.0,71.7,8.2,good
Criterion,1850000.0,2,177,15.2,925000.0,88.5,7.6,excellent
Torus Games,1840000.0,14,922,86.8,131428.57142857142,65.9,6.2,good
Irrational Games,1840000.0,2,179,17.1,920000.0,89.5,8.6,excellent
Sony Online Entertainment,1840000.0,5,345,38.4,368000.0,69.0,7.7,good
"Treasure Co., Ltd.",1800000.0,9,695,69.1,200000.0,77.2,7.7,very good
3d6 Games,1800000.0,2,128,13.399999999999999,900000.0,64.0,6.7,good
RED Entertainment,1790000.0,5,353,40.0,358000.0,70.6,8.0,good
Big Sky Software,1780000.0,4,266,25.8,445000.0,66.5,6.4,good
Genuine,1770000.0,1,47,6.5,1770000.0,47.0,6.5,ok
Pitbull Syndicate,1760000.0,2,144,16.1,880000.0,72.0,8.0,good
Compile Heart,1760000.0,18,1120,124.89999999999999,97777.77777777778,62.2,6.9,good
AKI Corporation / EA Canada,1760000.0,1,83,8.8,1760000.0,83.0,8.8,very good
Realtime Worlds,1750000.0,1,83,7.9,1750000.0,83.0,7.9,very good
iNiS,1740000.0,4,310,32.2,435000.0,77.5,8.0,very good
Reality Pump,1730000.0,4,252,25.8,432500.0,63.0,6.4,good
2K Australia,1720000.0,3,226,18.6,573333.3333333334,75.3,6.2,very good
38 Studios,1720000.0,2,161,15.5,860000.0,80.5,7.8,very good
Global Star,1720000.0,1,20,2.2,1720000.0,20.0,2.2,very bad
Magic Pockets,1720000.0,10,503,47.5,172000.0,50.3,4.8,ok
Pam Development,1710000.0,3,221,20.9,570000.0,73.7,7.0,good
Nihilistic,1710000.0,1,33,5.0,1710000.0,33.0,5.0,bad
Propaganda Games,1710000.0,6,377,39.3,285000.0,62.8,6.6,good
"Sega Studios, San Francisco",1710000.0,5,226,26.8,342000.0,45.2,5.4,ok
Warthog,1700000.0,8,481,57.5,212500.0,60.1,7.2,good
Gameloft,1690000.0,5,287,33.4,338000.0,57.4,6.7,ok
XPEC,1680000.0,4,270,28.5,420000.0,67.5,7.1,good
Pocket Studios,1640000.0,2,88,12.7,820000.0,44.0,6.4,bad
A2M,1640000.0,6,327,44.1,273333.3333333333,54.5,7.4,ok
Gaijin Entertainment,1640000.0,5,331,34.7,328000.0,66.2,6.9,good
HexaDrive,1620000.0,5,353,34.5,324000.0,70.6,6.9,good
Jupiter Corporation,1620000.0,2,131,15.6,810000.0,65.5,7.8,good
SCEA Bend Studio / Naughty Dog,1620000.0,1,80,7.5,1620000.0,80.0,7.5,very good
Eurocom,1620000.0,3,185,16.299999999999997,540000.0,61.7,5.4,good
Team ICO,1610000.0,2,181,18.0,805000.0,90.5,9.0,excellent
People Can Fly / Epic Games,1600000.0,1,79,5.6,1600000.0,79.0,5.6,very good
Next Level Games,1580000.0,8,526,58.4,197500.0,65.8,7.3,good
Steel Monkeys,1570000.0,2,110,14.8,785000.0,55.0,7.4,ok
Monster Games,1570000.0,5,348,29.999999999999996,314000.0,69.6,6.0,good
DONTNOD Entertainment,1560000.0,7,535,54.1,222857.14285714287,76.4,7.7,very good
imageepoch Inc.,1560000.0,7,452,51.8,222857.14285714287,64.6,7.4,good
Marvelous,1550000.0,5,371,37.9,310000.0,74.2,7.6,good
Media.Vision,1540000.0,14,892,91.4,110000.0,63.7,6.5,good
Bigbig Studios,1530000.0,3,209,21.6,510000.0,69.7,7.2,good
Konami Digital Entertainment,1530000.0,7,501,36.4,218571.42857142858,71.6,5.2,good
Monster Games Inc.,1520000.0,5,386,42.3,304000.0,77.2,8.5,very good
The Code Monkeys,1520000.0,1,38,4.2,1520000.0,38.0,4.2,bad
Project ACES,1520000.0,3,226,20.4,506666.6666666667,75.3,6.8,very good
Longtail Studios,1510000.0,6,318,36.6,251666.66666666666,53.0,6.1,ok
Midway Games West,1500000.0,3,187,25.0,500000.0,62.3,8.3,good
Neko Entertainment,1500000.0,6,299,34.7,250000.0,49.8,5.8,ok
Tantalus Interactive,1480000.0,4,239,26.1,370000.0,59.8,6.5,ok
Opus Studio,1480000.0,7,429,47.900000000000006,211428.57142857142,61.3,6.8,good
Razorworks Studios,1470000.0,2,88,14.2,735000.0,44.0,7.1,bad
Kuju Entertainment,1460000.0,8,560,62.9,182500.0,70.0,7.9,good
4a-games,1460000.0,3,241,23.6,486666.6666666667,80.3,7.9,very good
2K Boston / 2K Australia / 2K Marin,1440000.0,1,94,8.8,1440000.0,94.0,8.8,excellent
Airtight Games,1430000.0,8,532,52.400000000000006,178750.0,66.5,6.6,good
Big Park,1430000.0,1,52,5.0,1430000.0,52.0,5.0,ok
DECK13 Interactive,1410000.0,8,505,54.49999999999999,176250.0,63.1,6.8,good
City Interactive,1410000.0,4,192,23.599999999999998,352500.0,48.0,5.9,ok
Climax Entertainment,1410000.0,5,331,40.8,282000.0,66.2,8.2,good
Ganbarion,1400000.0,6,419,46.900000000000006,233333.33333333334,69.8,7.8,good
Blue Byte Studio,1400000.0,1,83,7.1,1400000.0,83.0,7.1,very good
AWE Games,1380000.0,6,333,38.900000000000006,230000.0,55.5,6.5,ok
Paon Corporation,1370000.0,5,322,35.699999999999996,274000.0,64.4,7.1,good
Namco Bandai,1370000.0,1,78,7.3,1370000.0,78.0,7.3,very good
Matrix Software,1370000.0,3,234,26.400000000000002,456666.6666666667,78.0,8.8,very good
Acclaim Studios Salt Lake City,1360000.0,4,229,27.2,340000.0,57.2,6.8,ok
Acclaim Studios Cheltenham,1360000.0,9,621,65.49999999999999,151111.11111111112,69.0,7.3,good
Milestone S.r.l.,1360000.0,14,954,89.7,97142.85714285714,68.1,6.4,good
Nintendo SPD Production Group 1/Team Ninja,1360000.0,1,79,6.6,1360000.0,79.0,6.6,very good
Polygon Magic,1350000.0,5,323,38.2,270000.0,64.6,7.6,good
Hellbent Games,1350000.0,2,108,15.1,675000.0,54.0,7.6,ok
Light Weight,1350000.0,3,163,14.0,450000.0,54.3,4.7,ok
Haemimont Games,1340000.0,11,787,80.0,121818.18181818182,71.5,7.3,good
Nintendo EAD Tokyo,1340000.0,1,80,8.1,1340000.0,80.0,8.1,very good
"Blind Squirrel Digital, Inc",1340000.0,2,168,17.0,670000.0,84.0,8.5,very good
Luxoflux Corp.,1330000.0,2,124,14.7,665000.0,62.0,7.4,good
Midway Studios Austin,1330000.0,4,266,29.400000000000002,332500.0,66.5,7.4,good
Rockstar Leeds/North,1330000.0,1,93,8.2,1330000.0,93.0,8.2,excellent
Eighting,1320000.0,3,195,23.6,440000.0,65.0,7.9,good
Blue Fang Games,1320000.0,4,251,31.3,330000.0,62.8,7.8,good
Black Lantern Studios,1310000.0,2,75,7.300000000000001,655000.0,37.5,3.6,bad
3G Studios,1310000.0,2,80,8.2,655000.0,40.0,4.1,bad
Microsoft Game Studios,1300000.0,7,519,53.8,185714.2857142857,74.1,7.7,good
Ivory Tower,1290000.0,3,206,16.7,430000.0,68.7,5.6,good
"THQ, Yuke's",1270000.0,1,78,8.0,1270000.0,78.0,8.0,very good
Overworks,1270000.0,3,248,25.799999999999997,423333.3333333333,82.7,8.6,very good
Griptonite Studio,1260000.0,1,63,7.0,1260000.0,63.0,7.0,good
Ambrella,1260000.0,3,159,17.799999999999997,420000.0,53.0,5.9,ok
People Can Fly,1240000.0,4,315,31.0,310000.0,78.8,7.8,very good
Atomic Planet Entertainment,1240000.0,6,383,37.0,206666.66666666666,63.8,6.2,good
Beenox Studios,1230000.0,4,298,30.4,307500.0,74.5,7.6,good
Creatures Inc.,1230000.0,2,131,14.9,615000.0,65.5,7.4,good
neo Software,1220000.0,1,89,8.3,1220000.0,89.0,8.3,excellent
Robomodo / Buzz Monkey Software,1220000.0,2,90,5.1,610000.0,45.0,2.6,bad
Adrenalin Interactive,1220000.0,3,199,19.299999999999997,406666.6666666667,66.3,6.4,good
Pyramid/JAPAN Studio,1210000.0,3,241,24.700000000000003,403333.3333333333,80.3,8.2,very good
Spicy Horse,1210000.0,3,215,24.5,403333.3333333333,71.7,8.2,good
Pocketeers,1200000.0,3,211,23.9,400000.0,70.3,8.0,good
Ascaron Entertainment,1200000.0,4,279,29.7,300000.0,69.8,7.4,good
Lionhead Studios,1180000.0,5,371,34.0,236000.0,74.2,6.8,good
Triumph Studios,1160000.0,6,441,43.5,193333.33333333334,73.5,7.2,good
Level 5 / Armor Project,1150000.0,1,85,8.5,1150000.0,85.0,8.5,very good
Barnhouse Effect,1150000.0,3,185,23.700000000000003,383333.3333333333,61.7,7.9,good
Saber Interactive,1140000.0,8,515,53.2,142500.0,64.4,6.6,good
Shaba Games / Treyarch,1140000.0,5,319,35.8,228000.0,63.8,7.2,good
Rockstar Vancouver/Mad Doc Software,1120000.0,2,152,15.9,560000.0,76.0,8.0,very good
Ruffian Games,1120000.0,1,70,6.0,1120000.0,70.0,6.0,good
Piranha Bytes,1110000.0,8,444,46.699999999999996,138750.0,55.5,5.8,ok
Incinerator Studios,1110000.0,2,129,10.899999999999999,555000.0,64.5,5.4,good
O-TWO inc.,1100000.0,1,47,2.3,1100000.0,47.0,2.3,ok
EA Salt Lake,1090000.0,1,66,4.4,1090000.0,66.0,4.4,good
Digital Illusions,1090000.0,4,224,23.3,272500.0,56.0,5.8,ok
Headgate,1090000.0,1,75,8.5,1090000.0,75.0,8.5,good
Sega Racing Studio,1090000.0,3,226,22.099999999999998,363333.3333333333,75.3,7.4,very good
2K Games,1080000.0,2,95,13.8,540000.0,47.5,6.9,ok
Disney Interactive,1070000.0,3,166,22.799999999999997,356666.6666666667,55.3,7.6,ok
Foundation 9,1070000.0,1,65,6.8,1070000.0,65.0,6.8,good
RedLynx,1070000.0,4,283,29.9,267500.0,70.8,7.5,good
SIE San Diego Studio,1060000.0,1,82,6.4,1060000.0,82.0,6.4,very good
"Cavia, inc.",1050000.0,1,75,7.9,1050000.0,75.0,7.9,good
Sega-AM3,1050000.0,1,80,7.8,1050000.0,80.0,7.8,very good
Evolution Games,1050000.0,2,136,15.1,525000.0,68.0,7.6,good
KCEK,1050000.0,2,169,16.5,525000.0,84.5,8.2,very good
Shift,1040000.0,3,194,21.4,346666.6666666667,64.7,7.1,good
Planet Moon Studios,1040000.0,4,284,28.0,260000.0,71.0,7.0,good
Spike / Bandai Namco Games,1030000.0,1,72,8.5,1030000.0,72.0,8.5,good
Eugen Systems,1030000.0,3,230,23.4,343333.3333333333,76.7,7.8,very good
Yager Development,1020000.0,3,223,24.4,340000.0,74.3,8.1,good
8ting/Raizing,1020000.0,1,74,7.9,1020000.0,74.0,7.9,good
Eighting / Raizing,1020000.0,4,289,32.9,255000.0,72.2,8.2,good
Armature Studio,1010000.0,3,192,20.2,336666.6666666667,64.0,6.7,good
Red Tribe,1010000.0,6,328,35.8,168333.33333333334,54.7,6.0,ok
Dynamic Pixels,1010000.0,3,148,12.6,336666.6666666667,49.3,4.2,ok
Sandlot,1010000.0,7,493,53.9,144285.7142857143,70.4,7.7,good
Page 44,1010000.0,3,181,20.2,336666.6666666667,60.3,6.7,good
Rage Software,1010000.0,2,148,15.6,505000.0,74.0,7.8,good
Jupiter Multimedia,1010000.0,2,161,15.8,505000.0,80.5,7.9,very good
Firebrand Games,1010000.0,5,337,31.199999999999996,202000.0,67.4,6.2,good
Melbourne House,1010000.0,2,130,15.5,505000.0,65.0,7.8,good
Midway Studios Los Angeles,1000000.0,2,155,15.9,500000.0,77.5,8.0,very good
Oddworld Inhabitans,990000.0,1,88,8.7,990000.0,88.0,8.7,excellent
Robomodo,990000.0,5,253,20.000000000000004,198000.0,50.6,4.0,ok
Microsoft,990000.0,1,79,8.3,990000.0,79.0,8.3,very good
SuperBot Entertainment,990000.0,1,74,7.3,990000.0,74.0,7.3,good
Sting,980000.0,9,617,71.8,108888.88888888889,68.6,8.0,good
GenePool,970000.0,3,178,19.4,323333.3333333333,59.3,6.5,ok
Digtal Illusions,970000.0,2,157,15.5,485000.0,78.5,7.8,very good
Visual Impact,960000.0,2,114,12.0,480000.0,57.0,6.0,ok
MileStone Inc.,960000.0,5,282,28.5,192000.0,56.4,5.7,ok
Pyramid,960000.0,2,131,13.3,480000.0,65.5,6.6,good
Capcom Production Studio 2,950000.0,2,118,14.299999999999999,475000.0,59.0,7.2,ok
Coresoft,950000.0,1,60,7.9,950000.0,60.0,7.9,ok
Fuse Games Limited,950000.0,2,141,12.4,475000.0,70.5,6.2,good
Mistwalker Corporation / Artoon,950000.0,2,144,14.7,475000.0,72.0,7.4,good
Ubisoft Montreal / Annecy,950000.0,1,87,8.4,950000.0,87.0,8.4,excellent
Relic,950000.0,9,739,74.0,105555.55555555556,82.1,8.2,very good
Papaya Studio Corporation,950000.0,3,199,20.299999999999997,316666.6666666667,66.3,6.8,good
Blue Tongue Entertainment,940000.0,2,144,14.3,470000.0,72.0,7.2,good
Buzz Monkey Software,940000.0,1,47,4.5,940000.0,47.0,4.5,ok
Ubisoft Milan,940000.0,3,182,19.6,313333.3333333333,60.7,6.5,good
SuperVillain Studios,930000.0,3,229,23.4,310000.0,76.3,7.8,very good
Bugbear Entertainment,930000.0,5,368,39.50000000000001,186000.0,73.6,7.9,good
Ubisoft Bucharest,920000.0,4,251,25.099999999999998,230000.0,62.8,6.3,good
Digital Integration,920000.0,1,63,3.3,920000.0,63.0,3.3,good
Virtucraft,920000.0,2,130,14.3,460000.0,65.0,7.2,good
Racjin,920000.0,3,193,22.9,306666.6666666667,64.3,7.6,good
Novarama,910000.0,4,255,27.9,227500.0,63.8,7.0,good
Saffire Corporation,910000.0,4,227,30.3,227500.0,56.8,7.6,ok
David A. Palmer Productions,910000.0,2,119,13.399999999999999,455000.0,59.5,6.7,ok
PagodaWest Games,910000.0,3,255,23.799999999999997,303333.3333333333,85.0,7.9,very good
Cing,900000.0,3,200,23.400000000000002,300000.0,66.7,7.8,good
Mistwalker Corporation / Feelplus Inc.,900000.0,1,78,8.4,900000.0,78.0,8.4,very good
Appaloosa Interactive,890000.0,3,174,22.299999999999997,296666.6666666667,58.0,7.4,ok
Ratbag,890000.0,3,202,23.8,296666.6666666667,67.3,7.9,good
Nintendo / TNX,890000.0,1,83,8.5,890000.0,83.0,8.5,very good
Cattle Call,880000.0,5,339,36.2,176000.0,67.8,7.2,good
FASA Studio,870000.0,1,88,8.8,870000.0,88.0,8.8,excellent
"Black Lantern Studios, Inc.",870000.0,1,58,5.5,870000.0,58.0,5.5,ok
Suzak,860000.0,3,197,22.9,286666.6666666667,65.7,7.6,good
Dreamworks Games,850000.0,2,121,13.7,425000.0,60.5,6.8,good
Nintendo Software Technology Corporation,850000.0,4,283,29.900000000000002,212500.0,70.8,7.5,good
Q Entertainment,850000.0,5,410,37.6,170000.0,82.0,7.5,very good
Engine Software,850000.0,3,219,22.1,283333.3333333333,73.0,7.4,good
EA Games,850000.0,4,259,20.5,212500.0,64.8,5.1,good
Nintendo R&D1,840000.0,1,89,8.8,840000.0,89.0,8.8,excellent
Frogwares,830000.0,5,321,32.6,166000.0,64.2,6.5,good
SCEE,820000.0,1,66,8.4,820000.0,66.0,8.4,good
Activision Value,820000.0,3,136,19.7,273333.3333333333,45.3,6.6,ok
Runtime,820000.0,1,65,8.2,820000.0,65.0,8.2,good
Banpresto,810000.0,3,212,22.5,270000.0,70.7,7.5,good
Deibus Studios,810000.0,2,72,8.9,405000.0,36.0,4.4,bad
Team17 Software / Two Tribes,800000.0,2,161,16.4,400000.0,80.5,8.2,very good
Totally Games,790000.0,3,206,24.200000000000003,263333.3333333333,68.7,8.1,good
IllFonic,790000.0,3,157,15.200000000000001,263333.3333333333,52.3,5.1,ok
Dambuster Studios,790000.0,3,151,12.4,263333.3333333333,50.3,4.1,ok
Warhorse Studios,780000.0,2,137,14.8,390000.0,68.5,7.4,good
Access Games,780000.0,4,260,31.9,195000.0,65.0,8.0,good
Creat Studio,770000.0,4,227,29.900000000000002,192500.0,56.8,7.5,ok
Piranha Games,770000.0,1,52,6.8,770000.0,52.0,6.8,ok
Psygnosis,760000.0,2,180,16.6,380000.0,90.0,8.3,excellent
Sonic Team/Dimps Corporation,760000.0,1,66,7.1,760000.0,66.0,7.1,good
Adrenium Games,760000.0,2,133,13.0,380000.0,66.5,6.5,good
Rovio Mobile,750000.0,4,287,20.8,187500.0,71.8,5.2,good
WBIE,740000.0,2,139,14.1,370000.0,69.5,7.0,good
Koei Tecmo Games,740000.0,8,533,54.69999999999999,92500.0,66.6,6.8,good
Brownie Brown,740000.0,1,72,8.4,740000.0,72.0,8.4,good
Dearsoft,730000.0,1,64,8.6,730000.0,64.0,8.6,good
Genuine Games,730000.0,3,123,15.200000000000001,243333.33333333334,41.0,5.1,bad
Ion Storm,720000.0,4,337,32.900000000000006,180000.0,84.2,8.2,very good
Hazelight,720000.0,2,157,15.6,360000.0,78.5,7.8,very good
Clever Beans / EPOS Game Studios,720000.0,1,85,7.9,720000.0,85.0,7.9,very good
Realism Ltd,720000.0,1,82,7.5,720000.0,82.0,7.5,very good
Studio Gigante,720000.0,2,121,12.9,360000.0,60.5,6.4,good
Team Silent,710000.0,1,85,8.9,710000.0,85.0,8.9,very good
Virtuos,710000.0,3,197,19.2,236666.66666666666,65.7,6.4,good
Blue Byte,710000.0,4,293,25.0,177500.0,73.2,6.2,good
Midway Studios - Austin,710000.0,2,120,16.4,355000.0,60.0,8.2,ok
Equinoxe,710000.0,1,48,5.1,710000.0,48.0,5.1,ok
Nerve Software,710000.0,1,77,9.1,710000.0,77.0,9.1,very good
Genius Sonority Inc./Eighting,710000.0,1,65,6.2,710000.0,65.0,6.2,good
KCEA,710000.0,2,133,16.6,355000.0,66.5,8.3,good
Indie Built,710000.0,3,235,23.0,236666.66666666666,78.3,7.7,very good
Byking,700000.0,3,209,21.799999999999997,233333.33333333334,69.7,7.3,good
Gunfire Games,700000.0,5,350,35.8,140000.0,70.0,7.2,good
SIMS,700000.0,1,66,6.8,700000.0,66.0,6.8,good
Wow Entertainment,700000.0,6,432,46.1,116666.66666666667,72.0,7.7,good
Smilebit,690000.0,4,334,31.799999999999997,172500.0,83.5,8.0,very good
Bungie Studios,690000.0,1,89,7.6,690000.0,89.0,7.6,excellent
Griffin International,690000.0,2,141,13.399999999999999,345000.0,70.5,6.7,good
2K Czech,690000.0,1,82,8.2,690000.0,82.0,8.2,very good
Collision Studios,690000.0,5,220,23.1,138000.0,44.0,4.6,bad
syn Sophia,690000.0,2,158,14.100000000000001,345000.0,79.0,7.0,very good
Tomy,680000.0,1,72,8.0,680000.0,72.0,8.0,good
Mistwalker Corporation / AQ Interactive,680000.0,1,80,8.5,680000.0,80.0,8.5,very good
Capcom Production Studio 4,680000.0,3,189,20.6,226666.66666666666,63.0,6.9,good
PawaPuro Production,680000.0,4,309,34.0,170000.0,77.2,8.5,very good
Undead Labs,670000.0,2,138,12.1,335000.0,69.0,6.0,good
Climax Studios,670000.0,6,416,37.4,111666.66666666667,69.3,6.2,good
Ubisoft Casablanca,670000.0,3,151,18.0,223333.33333333334,50.3,6.0,ok
Zoe Mode / HB Studios,670000.0,3,127,18.6,223333.33333333334,42.3,6.2,bad
Wideload Games,670000.0,4,256,26.8,167500.0,64.0,6.7,good
Kadokawa Games,660000.0,10,632,68.69999999999999,66000.0,63.2,6.9,good
UBIart Montpellier,660000.0,2,174,16.8,330000.0,87.0,8.4,excellent
5pb. Inc.,660000.0,9,704,67.5,73333.33333333333,78.2,7.5,very good
Zombie Studios,660000.0,3,173,19.4,220000.0,57.7,6.5,ok
Humongous Entertainment,660000.0,3,186,23.0,220000.0,62.0,7.7,good
Delphine Software International,660000.0,1,58,7.6,660000.0,58.0,7.6,ok
Wish Studio,650000.0,2,141,14.3,325000.0,70.5,7.2,good
Digital Embryo,650000.0,2,101,10.7,325000.0,50.5,5.4,ok
Krome Studios / Screenlife Games,650000.0,1,76,7.4,650000.0,76.0,7.4,very good
4mm Games / Terminal Reality,650000.0,2,149,12.7,325000.0,74.5,6.4,good
Shin'en GmbH,650000.0,3,202,23.2,216666.66666666666,67.3,7.7,good
InXile Entertainment,650000.0,9,651,60.599999999999994,72222.22222222222,72.3,6.7,good
Computer Artworks,640000.0,2,156,13.7,320000.0,78.0,6.8,very good
Aspect,640000.0,2,116,13.5,320000.0,58.0,6.8,ok
Magenta Software,640000.0,2,127,14.7,320000.0,63.5,7.4,good
Irem Software Engineering,640000.0,5,341,38.1,128000.0,68.2,7.6,good
Overkill Software,640000.0,3,213,14.7,213333.33333333334,71.0,4.9,good
Atlus Co. / Lancarse,640000.0,2,152,16.700000000000003,320000.0,76.0,8.4,very good
Epicenter Studios,640000.0,1,67,8.3,640000.0,67.0,8.3,good
Behaviour Interactive Inc.,640000.0,6,356,28.6,106666.66666666667,59.3,4.8,ok
2K Sports,640000.0,5,352,38.1,128000.0,70.4,7.6,good
Idol Minds Digital Entertainment,630000.0,2,139,14.1,315000.0,69.5,7.0,good
Hypnotix,630000.0,3,218,23.1,210000.0,72.7,7.7,good
Larian Studios,630000.0,6,462,45.5,105000.0,77.0,7.6,very good
Nintendo EPD,630000.0,2,148,15.100000000000001,315000.0,74.0,7.6,good
Take-Two Interactive,630000.0,2,82,9.3,315000.0,41.0,4.6,bad
Tamsoft Corporation,630000.0,4,196,24.7,157500.0,49.0,6.2,ok
Next Entertainment,620000.0,2,123,14.299999999999999,310000.0,61.5,7.2,good
Magellan Interactive,620000.0,3,200,21.6,206666.66666666666,66.7,7.2,good
Infogrames,620000.0,3,202,21.9,206666.66666666666,67.3,7.3,good
Idol Minds,620000.0,2,102,9.4,310000.0,51.0,4.7,ok
Milestone,610000.0,4,275,28.8,152500.0,68.8,7.2,good
Quebec City,610000.0,2,142,15.3,305000.0,71.0,7.6,good
Konami Computer Entertainment Osaka,610000.0,3,166,23.8,203333.33333333334,55.3,7.9,ok
Skyworks Technologies,610000.0,1,49,7.8,610000.0,49.0,7.8,ok
Ignition Entertainment,610000.0,3,230,22.2,203333.33333333334,76.7,7.4,very good
XPEC Entertainment Inc.,610000.0,3,187,8.100000000000001,203333.33333333334,62.3,2.7,good
The Pitbull Syndicate Limited,610000.0,2,117,10.7,305000.0,58.5,5.4,ok
Hothouse Creations,600000.0,2,71,9.6,300000.0,35.5,4.8,bad
Ready at Dawn Studios,600000.0,1,90,8.8,600000.0,90.0,8.8,excellent
"Jellyvision, Inc.",600000.0,3,245,23.8,200000.0,81.7,7.9,very good
AMA Studios,600000.0,1,32,4.6,600000.0,32.0,4.6,bad
Jester Interactive,590000.0,3,219,25.0,196666.66666666666,73.0,8.3,good
ColdWood Interactive,590000.0,1,48,8.1,590000.0,48.0,8.1,ok
Midway Studios San Diego,580000.0,2,120,13.899999999999999,290000.0,60.0,7.0,ok
Nadeo,580000.0,3,236,21.9,193333.33333333334,78.7,7.3,very good
Blade Interactive,580000.0,2,104,13.399999999999999,290000.0,52.0,6.7,ok
Silicon Studio,570000.0,1,77,8.1,570000.0,77.0,8.1,very good
Asobo Studios,570000.0,3,200,21.1,190000.0,66.7,7.0,good
Capcom Production Studio 1,570000.0,1,58,8.0,570000.0,58.0,8.0,ok
Bunkasha Publishing,570000.0,1,74,5.4,570000.0,74.0,5.4,good
Relic Entertainment,570000.0,3,227,19.700000000000003,190000.0,75.7,6.6,very good
Hydravision Entertainment,560000.0,6,336,42.9,93333.33333333333,56.0,7.2,ok
"Anchor, Inc.",560000.0,1,68,7.4,560000.0,68.0,7.4,good
Bandai Namco Studios,560000.0,2,133,15.0,280000.0,66.5,7.5,good
Awesome Studios,560000.0,1,75,6.7,560000.0,75.0,6.7,good
Monumental Games,560000.0,3,207,17.799999999999997,186666.66666666666,69.0,5.9,good
"Tetris Online, Inc",560000.0,1,72,5.8,560000.0,72.0,5.8,good
Digital Illusions (DICE),560000.0,1,47,7.0,560000.0,47.0,7.0,ok
Alfa System,560000.0,3,192,22.3,186666.66666666666,64.0,7.4,good
GRIN,550000.0,3,181,18.2,183333.33333333334,60.3,6.1,good
inXile,550000.0,1,67,6.8,550000.0,67.0,6.8,good
Milestone S.r.l,550000.0,6,414,43.1,91666.66666666667,69.0,7.2,good
Deep Space,550000.0,1,67,7.8,550000.0,67.0,7.8,good
Nuevo Retro Games / NST,550000.0,1,67,6.8,550000.0,67.0,6.8,good
Exient Ltd.,550000.0,2,165,13.899999999999999,275000.0,82.5,7.0,very good
Starbreeze Studios AB,550000.0,3,242,23.8,183333.33333333334,80.7,7.9,very good
Tarsier Studios,550000.0,2,161,15.7,275000.0,80.5,7.8,very good
Namco Bandai Games America,540000.0,4,225,27.7,135000.0,56.2,6.9,ok
Sega WOW Overworks,540000.0,1,83,8.3,540000.0,83.0,8.3,very good
Aki Corp.,540000.0,1,84,8.3,540000.0,84.0,8.3,very good
Nex Entertainment,540000.0,1,58,6.3,540000.0,58.0,6.3,ok
Incognito Entertainment,540000.0,1,80,8.8,540000.0,80.0,8.8,very good
Left Field Productions,540000.0,4,232,26.200000000000003,135000.0,58.0,6.6,ok
Ubisoft Vancouver,540000.0,3,148,22.2,180000.0,49.3,7.4,ok
High Voltage Software / Ubisoft Paris,530000.0,1,61,5.3,530000.0,61.0,5.3,good
Infinite Interactive,530000.0,4,291,25.8,132500.0,72.8,6.4,good
Raster Productions,530000.0,1,66,7.9,530000.0,66.0,7.9,good
Gaming Minds Studios,530000.0,6,379,37.400000000000006,88333.33333333333,63.2,6.2,good
Noise Inc.,530000.0,2,139,16.4,265000.0,69.5,8.2,good
WXP,530000.0,1,59,6.6,530000.0,59.0,6.6,ok
ChunSoft,520000.0,1,69,8.3,520000.0,69.0,8.3,good
Bits Studios,520000.0,4,233,30.5,130000.0,58.2,7.6,ok
Indies Zero,520000.0,5,326,31.5,104000.0,65.2,6.3,good
Venom Games,520000.0,2,121,15.0,260000.0,60.5,7.5,good
SoftMax,520000.0,2,135,14.3,260000.0,67.5,7.2,good
TheMeatly Games,510000.0,3,204,21.5,170000.0,68.0,7.2,good
ArtDink,510000.0,3,173,18.1,170000.0,57.7,6.0,ok
Sony Computer Entertainment,510000.0,5,303,34.4,102000.0,60.6,6.9,good
Cyanide Studios,500000.0,2,105,10.7,250000.0,52.5,5.4,ok
Quest Corporation,500000.0,1,88,8.7,500000.0,88.0,8.7,excellent
THQ Australia Studios Pty Ltd.,500000.0,3,144,17.6,166666.66666666666,48.0,5.9,ok
Backbone Entertainment / Harmonix Music Systems,500000.0,1,79,8.6,500000.0,79.0,8.6,very good
Cosmigo,500000.0,2,144,16.5,250000.0,72.0,8.2,good
Agetec Inc.,500000.0,1,66,8.0,500000.0,66.0,8.0,good
Kylotonn Entertainment,500000.0,7,407,41.4,71428.57142857143,58.1,5.9,ok
Contraband Entertainment,500000.0,1,75,8.1,500000.0,75.0,8.1,good
Toy Box,500000.0,1,47,6.0,500000.0,47.0,6.0,ok
Way Forward,490000.0,5,315,30.9,98000.0,63.0,6.2,good
Ubisoft Annecy,480000.0,1,72,6.5,480000.0,72.0,6.5,good
Inland Productions,480000.0,2,102,11.7,240000.0,51.0,5.8,ok
FeelPlus,480000.0,3,155,14.6,160000.0,51.7,4.9,ok
SNK Corporation,480000.0,7,467,49.3,68571.42857142857,66.7,7.0,good
Soleil Software Studio Inc.,480000.0,2,121,11.4,240000.0,60.5,5.7,good
WXP / Screenlife Games,480000.0,1,73,8.0,480000.0,73.0,8.0,good
Sniper Studios,480000.0,1,64,7.0,480000.0,64.0,7.0,good
Impulse Gear,480000.0,1,71,8.1,480000.0,71.0,8.1,good
Playlogic Game Factory,480000.0,4,210,23.8,120000.0,52.5,6.0,ok
Tequila Works,480000.0,5,384,35.8,96000.0,76.8,7.2,very good
Cyberlore Studios,470000.0,2,121,12.6,235000.0,60.5,6.3,good
Ubisoft Barcelona / Ubisoft Reflections,470000.0,1,41,5.2,470000.0,41.0,5.2,bad
GREZZO,470000.0,1,74,8.0,470000.0,74.0,8.0,good
Beyond Games,470000.0,1,54,7.1,470000.0,54.0,7.1,ok
Phantagram,470000.0,2,159,15.7,235000.0,79.5,7.8,very good
ACES Studio/Microsoft Game Studios,470000.0,1,80,7.5,470000.0,80.0,7.5,very good
Eurocom Entertainment Software,470000.0,2,134,15.8,235000.0,67.0,7.9,good
New,470000.0,1,75,8.0,470000.0,75.0,8.0,good
Buzz Monkey,460000.0,1,67,7.9,460000.0,67.0,7.9,good
Now Production,460000.0,3,217,22.8,153333.33333333334,72.3,7.6,good
Tantalus,460000.0,1,57,5.7,460000.0,57.0,5.7,ok
QLOC,460000.0,2,169,15.5,230000.0,84.5,7.8,very good
ZootFly,460000.0,2,82,8.5,230000.0,41.0,4.2,bad
FrontLine Studios,460000.0,3,117,13.5,153333.33333333334,39.0,4.5,bad
Cave,460000.0,4,278,29.5,115000.0,69.5,7.4,good
Expansive Worlds,450000.0,2,158,14.5,225000.0,79.0,7.2,very good
Firaxis,450000.0,1,80,7.8,450000.0,80.0,7.8,very good
Starbreeze Studios/Tigon Studios,450000.0,1,89,8.8,450000.0,89.0,8.8,excellent
Idea Factory,450000.0,8,552,57.70000000000001,56250.0,69.0,7.2,good
Big Ant Studios,450000.0,7,371,47.9,64285.71428571428,53.0,6.8,ok
Amuze,440000.0,3,195,22.299999999999997,146666.66666666666,65.0,7.4,good
Tri-Crescendo,440000.0,1,80,7.9,440000.0,80.0,7.9,very good
Behaviour Studios,440000.0,3,185,20.7,146666.66666666666,61.7,6.9,good
PROPE,440000.0,5,317,31.299999999999997,88000.0,63.4,6.3,good
Atari,440000.0,6,423,44.1,73333.33333333333,70.5,7.4,good
Starbreeze,440000.0,1,82,8.1,440000.0,82.0,8.1,very good
Ubisoft Barcelona,440000.0,2,85,9.3,220000.0,42.5,4.6,bad
Mucky Foot Productions,440000.0,2,102,10.899999999999999,220000.0,51.0,5.4,ok
HotGen Studios,440000.0,3,217,23.8,146666.66666666666,72.3,7.9,good
Smart Bomb Interactive,440000.0,4,243,32.1,110000.0,60.8,8.0,good
Kamui,430000.0,1,51,8.1,430000.0,51.0,8.1,ok
Pyro Studios,430000.0,6,387,46.699999999999996,71666.66666666667,64.5,7.8,good
Gaijin Games Inc.,430000.0,4,264,29.700000000000003,107500.0,66.0,7.4,good
Circus Freak,420000.0,2,115,13.0,210000.0,57.5,6.5,ok
SunSoft,420000.0,2,136,12.8,210000.0,68.0,6.4,good
Electronic Arts North Carolina,420000.0,1,70,8.1,420000.0,70.0,8.1,good
Crawfish Interactive,420000.0,2,161,15.399999999999999,210000.0,80.5,7.7,very good
En Masse,420000.0,1,77,6.8,420000.0,77.0,6.8,very good
Avalanche Software / Ritual Entertainment,420000.0,1,39,4.9,420000.0,39.0,4.9,bad
Data Design Interactive,410000.0,4,142,10.0,102500.0,35.5,2.5,bad
Aquria,410000.0,1,69,7.4,410000.0,69.0,7.4,good
Human Head Studios,410000.0,3,197,23.799999999999997,136666.66666666666,65.7,7.9,good
CCP,410000.0,2,140,14.2,205000.0,70.0,7.1,good
7thChord,410000.0,2,119,14.1,205000.0,59.5,7.0,ok
Halfbrick Studios,410000.0,1,61,4.0,410000.0,61.0,4.0,good
Examu Inc.,410000.0,3,220,22.0,136666.66666666666,73.3,7.3,good
Way Forward Technologies,400000.0,4,301,29.1,100000.0,75.2,7.3,very good
Mitchell,400000.0,2,141,16.5,200000.0,70.5,8.2,good
Zen Studios Inc.,400000.0,1,55,6.1,400000.0,55.0,6.1,ok
LightWeight,390000.0,1,62,8.4,390000.0,62.0,8.4,good
Gaijin Games,390000.0,2,150,16.5,195000.0,75.0,8.2,good
Full Fat,390000.0,2,125,15.8,195000.0,62.5,7.9,good
Lightning Fish,390000.0,1,73,5.8,390000.0,73.0,5.8,good
Jaleco Entertainment,390000.0,5,270,29.7,78000.0,54.0,5.9,ok
Playtonic Games,390000.0,2,141,11.8,195000.0,70.5,5.9,good
id Software / Raven Software,390000.0,2,156,14.5,195000.0,78.0,7.2,very good
Metro,380000.0,2,145,16.2,190000.0,72.5,8.1,good
Pi Studios,380000.0,1,49,7.2,380000.0,49.0,7.2,ok
Artech Studios,380000.0,4,250,29.1,95000.0,62.5,7.3,good
Crave Entertainment,380000.0,4,234,19.4,95000.0,58.5,4.8,ok
Dingo Inc.,380000.0,1,76,5.3,380000.0,76.0,5.3,very good
Io Interactive,380000.0,2,140,14.7,190000.0,70.0,7.4,good
First Contact Entertainment Inc.,370000.0,1,79,8.2,370000.0,79.0,8.2,very good
Cranky Pants Games,370000.0,4,285,31.7,92500.0,71.2,7.9,good
Neverland,370000.0,5,297,37.7,74000.0,59.4,7.5,ok
Stellar Entertainment,370000.0,1,82,6.8,370000.0,82.0,6.8,very good
Crafts & Meister,370000.0,1,72,6.6,370000.0,72.0,6.6,good
Dream Factory,370000.0,1,55,5.0,370000.0,55.0,5.0,ok
tri-Crescendo / Monolith Soft,370000.0,2,155,16.8,185000.0,77.5,8.4,very good
Blue Side,370000.0,1,55,5.7,370000.0,55.0,5.7,ok
Related Designs,370000.0,1,82,8.8,370000.0,82.0,8.8,very good
UDS,360000.0,1,54,6.8,360000.0,54.0,6.8,ok
Zener Works,360000.0,1,70,8.0,360000.0,70.0,8.0,good
NaturalMotion Games,360000.0,2,112,14.6,180000.0,56.0,7.3,ok
Pseudo Interactive,360000.0,3,199,23.299999999999997,120000.0,66.3,7.8,good
Keen Games,360000.0,5,329,28.7,72000.0,65.8,5.7,good
Destination Software,350000.0,1,27,4.9,350000.0,27.0,4.9,very bad
Halcyon,350000.0,1,48,4.9,350000.0,48.0,4.9,ok
Revolution Software,350000.0,4,300,30.7,87500.0,75.0,7.7,good
Sennari Interactive,340000.0,1,73,6.2,340000.0,73.0,6.2,good
1st Playable Productions,340000.0,1,82,8.2,340000.0,82.0,8.2,very good
Starbreeze Studios,340000.0,3,228,23.9,113333.33333333333,76.0,8.0,very good
Eat Sleep Play,340000.0,1,76,7.8,340000.0,76.0,7.8,very good
BottleRocket,340000.0,2,121,15.8,170000.0,60.5,7.9,good
SNK Playmore,340000.0,1,79,8.2,340000.0,79.0,8.2,very good
WideScreen Games,340000.0,3,132,19.799999999999997,113333.33333333333,44.0,6.6,bad
Tantatus Interactive,340000.0,1,67,6.8,340000.0,67.0,6.8,good
Renegade Kid,330000.0,3,218,23.8,110000.0,72.7,7.9,good
PUBG Corporation,330000.0,1,72,3.4,330000.0,72.0,3.4,good
Big Fish Games,330000.0,1,65,8.0,330000.0,65.0,8.0,good
Darkworks,330000.0,3,216,24.3,110000.0,72.0,8.1,good
Mercury Steam / Alchemic Productions,330000.0,2,126,14.9,165000.0,63.0,7.4,good
Hit Maker,330000.0,4,210,24.6,82500.0,52.5,6.2,ok
Mistic Software,330000.0,2,116,14.0,165000.0,58.0,7.0,ok
Microids,330000.0,10,692,69.5,33000.0,69.2,7.0,good
The Fun Pimps,330000.0,2,80,11.2,165000.0,40.0,5.6,bad
Victor Interactive Software,320000.0,1,82,8.9,320000.0,82.0,8.9,very good
Pipe Dream Interactive,320000.0,1,64,7.8,320000.0,64.0,7.8,good
Venom Games / Human Head Studios,320000.0,1,79,7.5,320000.0,79.0,7.5,very good
Adrenium,320000.0,3,170,22.8,106666.66666666667,56.7,7.6,ok
Team GrisGris,320000.0,3,198,24.1,106666.66666666667,66.0,8.0,good
AQ Interactive,320000.0,2,133,14.1,160000.0,66.5,7.0,good
CodeFire,320000.0,1,60,5.2,320000.0,60.0,5.2,ok
TimeGate Studios,320000.0,2,141,14.2,160000.0,70.5,7.1,good
Ronin Entertainment,310000.0,1,32,2.4,310000.0,32.0,2.4,bad
Big Red Button,310000.0,1,32,3.5,310000.0,32.0,3.5,bad
Kung Fu Factory,310000.0,3,139,18.5,103333.33333333333,46.3,6.2,ok
PlayStation C.A.M.P.!,310000.0,2,146,15.899999999999999,155000.0,73.0,8.0,good
SCEA,310000.0,1,62,6.4,310000.0,62.0,6.4,good
Santa Cruz Games,310000.0,2,98,13.5,155000.0,49.0,6.8,ok
Argonaut Software,310000.0,1,66,7.0,310000.0,66.0,7.0,good
Art,310000.0,2,99,16.0,155000.0,49.5,8.0,ok
MumboJumbo,310000.0,1,60,5.8,310000.0,60.0,5.8,ok
Deck Nine,310000.0,2,159,15.100000000000001,155000.0,79.5,7.6,very good
Liquid Entertainment,300000.0,3,136,17.4,100000.0,45.3,5.8,ok
Graphic State,300000.0,1,48,6.1,300000.0,48.0,6.1,ok
LightBox Interactive,300000.0,1,77,7.8,300000.0,77.0,7.8,very good
Acclaim Studios Austin,300000.0,1,55,6.0,300000.0,55.0,6.0,ok
Hyperspace Cowgirls,300000.0,1,46,5.5,300000.0,46.0,5.5,ok
Capcom Production Studio 6,300000.0,1,65,8.0,300000.0,65.0,8.0,good
High Voltage Software / Backbone Entertainment,300000.0,1,36,4.8,300000.0,36.0,4.8,bad
The Workshop,300000.0,1,70,7.3,300000.0,70.0,7.3,good
Sunflowers Interactive,300000.0,2,163,15.399999999999999,150000.0,81.5,7.7,very good
Prolific,300000.0,1,27,8.6,300000.0,27.0,8.6,very bad
Anchor,300000.0,1,73,8.7,300000.0,73.0,8.7,good
Studio Saizensen,290000.0,4,283,27.1,72500.0,70.8,6.8,good
Arcade Moon,290000.0,1,41,5.4,290000.0,41.0,5.4,bad
Midway Studios  Austin,290000.0,1,72,7.8,290000.0,72.0,7.8,good
Teyon Entertainment,290000.0,2,115,9.4,145000.0,57.5,4.7,ok
Capcom Production Studio 1 / TOSE Software,290000.0,1,61,6.4,290000.0,61.0,6.4,good
Bigben Interactive,290000.0,7,442,45.400000000000006,41428.57142857143,63.1,6.5,good
Game Titan,290000.0,1,72,6.3,290000.0,72.0,6.3,good
Cing Inc. / Town Factory,290000.0,1,87,8.7,290000.0,87.0,8.7,excellent
Behaviour Interactive,280000.0,4,253,24.0,70000.0,63.2,6.0,good
Zindagi Games,280000.0,1,61,6.5,280000.0,61.0,6.5,good
Square,280000.0,1,63,6.1,280000.0,63.0,6.1,good
Zoom Inc.,280000.0,1,65,5.7,280000.0,65.0,5.7,good
Just Add Monsters,280000.0,1,68,8.5,280000.0,68.0,8.5,good
KING Art Games,280000.0,8,509,43.199999999999996,35000.0,63.6,5.4,good
Volatile Games,280000.0,1,60,6.0,280000.0,60.0,6.0,ok
TBA,280000.0,2,142,14.7,140000.0,71.0,7.4,good
Ubisoft Barcelona / Inland Productions,280000.0,1,48,8.3,280000.0,48.0,8.3,ok
Sacnoth,280000.0,1,73,8.7,280000.0,73.0,8.7,good
Rockstar Toronto / Leeds,280000.0,1,81,8.0,280000.0,81.0,8.0,very good
"Pai, Inc",280000.0,1,57,5.8,280000.0,57.0,5.8,ok
Presto Studios,280000.0,1,57,7.0,280000.0,57.0,7.0,ok
Gusto Games,270000.0,2,95,7.1,135000.0,47.5,3.6,ok
Frozenbyte,270000.0,5,341,36.1,54000.0,68.2,7.2,good
Funcom Oslo A/S,270000.0,2,132,11.0,135000.0,66.0,5.5,good
Eidos Hungary,270000.0,2,149,15.3,135000.0,74.5,7.6,good
Experience Inc.,270000.0,5,380,40.6,54000.0,76.0,8.1,very good
Kylotonn,270000.0,4,260,25.599999999999998,67500.0,65.0,6.4,good
Swingin' Ape Studios,270000.0,2,165,17.1,135000.0,82.5,8.6,very good
Black Ops Entertainment,270000.0,1,78,7.9,270000.0,78.0,7.9,very good
Re-Logic,270000.0,4,273,29.8,67500.0,68.2,7.4,good
Loose Cannon Studios,270000.0,3,202,23.799999999999997,90000.0,67.3,7.9,good
Cyanide Studio,270000.0,6,397,38.699999999999996,45000.0,66.2,6.4,good
Powerhead Games,270000.0,2,99,11.1,135000.0,49.5,5.6,ok
Seven45 Studios,260000.0,2,72,4.5,130000.0,36.0,2.2,bad
Big Fish Games / LDW,260000.0,1,46,7.0,260000.0,46.0,7.0,ok
Contrail,260000.0,1,67,8.2,260000.0,67.0,8.2,good
Coyote Developments,260000.0,2,105,12.7,130000.0,52.5,6.4,ok
Digital Eclipse Software,260000.0,1,77,8.6,260000.0,77.0,8.6,very good
2K Shanghai,260000.0,1,55,5.5,260000.0,55.0,5.5,ok
Bec,260000.0,2,102,14.7,130000.0,51.0,7.4,ok
Handheld Games,260000.0,3,161,23.700000000000003,86666.66666666667,53.7,7.9,ok
Pacific Century Cyber Works Japan,260000.0,1,46,8.4,260000.0,46.0,8.4,ok
Chime,260000.0,3,244,22.7,86666.66666666667,81.3,7.6,very good
OmiyaSoft,260000.0,3,227,24.4,86666.66666666667,75.7,8.1,very good
Funcom,260000.0,4,321,33.1,65000.0,80.2,8.3,very good
Attention To Detail,260000.0,3,188,19.2,86666.66666666667,62.7,6.4,good
Human Soft,260000.0,1,55,5.5,260000.0,55.0,5.5,ok
System 3,260000.0,3,169,15.5,86666.66666666667,56.3,5.2,ok
BugBear,260000.0,1,74,7.5,260000.0,74.0,7.5,good
Gorilla Games,260000.0,1,46,3.3,260000.0,46.0,3.3,ok
Amaze,260000.0,1,63,7.6,260000.0,63.0,7.6,good
Empire Interactive,260000.0,1,50,6.8,260000.0,50.0,6.8,ok
"2015, Inc.",250000.0,1,73,8.0,250000.0,73.0,8.0,good
Monstars Inc.,250000.0,1,89,7.6,250000.0,89.0,7.6,excellent
Aksys Games,250000.0,3,205,18.599999999999998,83333.33333333333,68.3,6.2,good
California Seven Studios,250000.0,1,51,7.5,250000.0,51.0,7.5,ok
Tecmo Koei Canada,250000.0,2,98,14.3,125000.0,49.0,7.2,ok
Outrage Games,250000.0,2,136,12.6,125000.0,68.0,6.3,good
Mad Doc Software,240000.0,3,170,12.799999999999999,80000.0,56.7,4.3,ok
Capcom Production Studio 2,240000.0,2,118,12.4,120000.0,59.0,6.2,ok
Nautilus,240000.0,1,85,8.8,240000.0,85.0,8.8,very good
"Visual Concepts, Ltd.",240000.0,2,111,10.100000000000001,120000.0,55.5,5.1,ok
Trickstar Games,240000.0,3,134,11.9,80000.0,44.7,4.0,bad
Aqua Plus,240000.0,2,148,15.8,120000.0,74.0,7.9,good
Metro Graphics,240000.0,1,63,5.2,240000.0,63.0,5.2,good
Guerrilla Cambridge,230000.0,1,78,7.6,230000.0,78.0,7.6,very good
Blueshift,230000.0,1,85,7.3,230000.0,85.0,7.3,very good
Gratuitous Games,230000.0,1,61,6.8,230000.0,61.0,6.8,good
Game Republik,230000.0,1,74,8.7,230000.0,74.0,8.7,good
RFX Interactive,230000.0,2,145,14.9,115000.0,72.5,7.4,good
Compulsion Games,230000.0,2,131,10.3,115000.0,65.5,5.2,good
Magic Pixel Games,230000.0,1,66,5.2,230000.0,66.0,5.2,good
Spiders,230000.0,3,141,18.0,76666.66666666667,47.0,6.0,ok
BAM! Entertainment,230000.0,2,93,11.3,115000.0,46.5,5.6,ok
Playful Corp.,220000.0,1,64,7.0,220000.0,64.0,7.0,good
Rhino Studios,220000.0,1,63,6.2,220000.0,63.0,6.2,good
SimBin,220000.0,3,229,22.4,73333.33333333333,76.3,7.5,very good
Fusionsphere Systems / Animation Arts,220000.0,5,336,37.0,44000.0,67.2,7.4,good
Thomas Happ Games,220000.0,3,249,24.299999999999997,73333.33333333333,83.0,8.1,very good
EA Freestyle,220000.0,1,61,6.1,220000.0,61.0,6.1,good
Gas Powered Games,220000.0,6,441,46.1,36666.666666666664,73.5,7.7,good
GungHo Works,220000.0,1,53,5.2,220000.0,53.0,5.2,ok
Lancarse,220000.0,3,215,21.099999999999998,73333.33333333333,71.7,7.0,good
Dream On Studio,220000.0,1,56,5.6,220000.0,56.0,5.6,ok
Mix Max,220000.0,2,158,14.0,110000.0,79.0,7.0,very good
Blitz Game Studios,210000.0,1,50,3.7,210000.0,50.0,3.7,ok
Takara,210000.0,1,33,7.1,210000.0,33.0,7.1,bad
JV Games,210000.0,2,121,15.100000000000001,105000.0,60.5,7.6,good
Think and Feel,210000.0,1,63,7.2,210000.0,63.0,7.2,good
Sproing Interactive Media / Deep Silver Vienna,210000.0,1,67,7.5,210000.0,67.0,7.5,good
Lost Toys,210000.0,2,141,12.7,105000.0,70.5,6.4,good
MASA Group,210000.0,1,47,7.4,210000.0,47.0,7.4,ok
Alpha Unit,210000.0,1,54,6.2,210000.0,54.0,6.2,ok
Comcept,210000.0,3,155,12.0,70000.0,51.7,4.0,ok
Mistwalker Corporation / Brownie Brown Inc. / Feelplus Inc.,210000.0,1,69,6.5,210000.0,69.0,6.5,good
PopCap,210000.0,1,85,8.1,210000.0,85.0,8.1,very good
Swordfish Studios,210000.0,1,71,6.2,210000.0,71.0,6.2,good
Griptonite,210000.0,1,78,7.0,210000.0,78.0,7.0,very good
2XL Games,210000.0,1,61,4.7,210000.0,61.0,4.7,good
Osiris Studios,210000.0,1,26,4.0,210000.0,26.0,4.0,very bad
Falcom,210000.0,1,85,8.4,210000.0,85.0,8.4,very good
Westwood Studios,200000.0,2,146,16.1,100000.0,73.0,8.0,good
Top Heavy Studios,200000.0,2,95,12.9,100000.0,47.5,6.4,ok
Neon Studios,200000.0,3,201,20.4,66666.66666666667,67.0,6.8,good
Funatics Software,200000.0,2,137,13.5,100000.0,68.5,6.8,good
Croteam,200000.0,3,237,23.2,66666.66666666667,79.0,7.7,very good
GCP1,200000.0,1,63,6.4,200000.0,63.0,6.4,good
Omega Force / Koei Canada,200000.0,1,62,6.6,200000.0,62.0,6.6,good
Ghost Town Games,200000.0,3,235,22.700000000000003,66666.66666666667,78.3,7.6,very good
Sensory Sweep Studios,200000.0,3,97,15.2,66666.66666666667,32.3,5.1,bad
Bohemia Interactive,200000.0,3,211,22.5,66666.66666666667,70.3,7.5,good
Infogrames Melbourne,200000.0,1,62,6.6,200000.0,62.0,6.6,good
Mad Catz,200000.0,1,42,6.8,200000.0,42.0,6.8,bad
Monomi Park,200000.0,2,149,14.3,100000.0,74.5,7.2,good
PlatinumGames / Nude Maker,200000.0,1,75,8.2,200000.0,75.0,8.2,good
Melbourne House Pty Ltd.,200000.0,1,75,7.6,200000.0,75.0,7.6,good
Matrix Software / RED Entertainment,190000.0,1,72,7.6,190000.0,72.0,7.6,good
"HotGen, Ltd.",190000.0,2,54,6.199999999999999,95000.0,27.0,3.1,very bad
TDK Mediactive,190000.0,1,64,8.4,190000.0,64.0,8.4,good
Survios,190000.0,1,73,6.5,190000.0,73.0,6.5,good
Eiconic Games,190000.0,1,59,7.8,190000.0,59.0,7.8,ok
BottleRocket Entertainment,190000.0,1,68,8.0,190000.0,68.0,8.0,good
Takara Tomy,190000.0,1,61,4.4,190000.0,61.0,4.4,good
skip Ltd.,190000.0,1,78,7.5,190000.0,78.0,7.5,very good
The Behemoth,190000.0,2,156,16.6,95000.0,78.0,8.3,very good
Capcom Production Studio 1,190000.0,3,220,23.5,63333.333333333336,73.3,7.8,good
Phoenix Games Studio,190000.0,1,56,6.4,190000.0,56.0,6.4,ok
Nicalis,190000.0,3,239,23.5,63333.333333333336,79.7,7.8,very good
"Ikusabune Inc. / Positron Co., Ltd",190000.0,1,65,8.7,190000.0,65.0,8.7,good
WinkySoft,190000.0,2,125,16.8,95000.0,62.5,8.4,good
Cinemaware,190000.0,1,59,5.6,190000.0,59.0,5.6,ok
Tripwire Interactive,190000.0,2,155,14.1,95000.0,77.5,7.0,very good
Magic Rings,190000.0,1,79,7.8,190000.0,79.0,7.8,very good
Amaze Entertainment / Griptonite Games,180000.0,1,56,4.4,180000.0,56.0,4.4,ok
Destineer,180000.0,1,69,7.8,180000.0,69.0,7.8,good
K2,180000.0,1,48,6.9,180000.0,48.0,6.9,ok
Kaiko,180000.0,3,238,23.5,60000.0,79.3,7.8,very good
Spellbound Entertainment AG,180000.0,1,63,4.0,180000.0,63.0,4.0,good
Broadsword Interactive,180000.0,2,92,10.1,90000.0,46.0,5.0,ok
Majesco Entertainment,180000.0,1,73,6.2,180000.0,73.0,6.2,good
Replay Studios,180000.0,1,56,7.0,180000.0,56.0,7.0,ok
D3 Publisher,180000.0,1,51,7.5,180000.0,51.0,7.5,ok
Konami Software Shanghai,180000.0,2,136,16.1,90000.0,68.0,8.0,good
Nippon Ichi Software / Gust,180000.0,1,62,7.5,180000.0,62.0,7.5,good
Stormregion,180000.0,3,215,21.700000000000003,60000.0,71.7,7.2,good
Kronos Digital Entertainment,180000.0,1,84,7.8,180000.0,84.0,7.8,very good
Escape,180000.0,1,55,3.5,180000.0,55.0,3.5,ok
Namco Bandai Games / Celius,180000.0,1,44,3.9,180000.0,44.0,3.9,bad
Games Farm,180000.0,5,338,34.7,36000.0,67.6,6.9,good
EM Studios,170000.0,1,63,7.7,170000.0,63.0,7.7,good
Natsume Atari,170000.0,2,135,14.3,85000.0,67.5,7.2,good
"Buddiez, Inc.",170000.0,1,74,7.5,170000.0,74.0,7.5,good
Human Entertainment,170000.0,1,49,6.1,170000.0,49.0,6.1,ok
Fatshark,170000.0,2,72,6.9,85000.0,36.0,3.4,bad
Artificial Mind & Movement,170000.0,3,208,24.6,56666.666666666664,69.3,8.2,good
Daoka,170000.0,1,23,2.8,170000.0,23.0,2.8,very bad
Saru Brunei / Intelligent Systems,170000.0,1,71,8.4,170000.0,71.0,8.4,good
Tikipod,170000.0,1,72,8.3,170000.0,72.0,8.3,good
Shiver Games,170000.0,3,187,18.799999999999997,56666.666666666664,62.3,6.3,good
Stalker Entertainment,170000.0,1,57,6.5,170000.0,57.0,6.5,ok
Her Interactive,170000.0,3,199,21.7,56666.666666666664,66.3,7.2,good
Team Dakota,170000.0,1,73,6.9,170000.0,73.0,6.9,good
Dovetail Games,160000.0,3,169,16.7,53333.333333333336,56.3,5.6,ok
Blue Omega Entertainment,160000.0,2,72,8.4,80000.0,36.0,4.2,bad
Acclaim Studios Teesside,160000.0,1,68,8.0,160000.0,68.0,8.0,good
Digital Dreams,160000.0,2,138,14.5,80000.0,69.0,7.2,good
Eden Games,160000.0,1,69,8.4,160000.0,69.0,8.4,good
Carbine Studios,160000.0,1,82,7.5,160000.0,82.0,7.5,very good
10tacle Studios AG,160000.0,1,37,3.0,160000.0,37.0,3.0,bad
Pentavision Entertainment,160000.0,2,148,11.8,80000.0,74.0,5.9,good
Lucas Learning,160000.0,1,71,5.3,160000.0,71.0,5.3,good
Tenky,160000.0,1,64,7.4,160000.0,64.0,7.4,good
WayForward,160000.0,3,221,22.6,53333.333333333336,73.7,7.5,good
Immersion Software & Graphics,160000.0,2,103,14.0,80000.0,51.5,7.0,ok
Transmission Games,160000.0,1,62,6.9,160000.0,62.0,6.9,good
Ubisoft Bulgaria,160000.0,2,114,14.0,80000.0,57.0,7.0,ok
Motion Twin,160000.0,2,176,16.3,80000.0,88.0,8.2,excellent
Konami / Eighting,160000.0,1,49,5.9,160000.0,49.0,5.9,ok
Zombie Studios,150000.0,1,61,6.1,150000.0,61.0,6.1,good
Unique Development Studios,150000.0,1,69,8.6,150000.0,69.0,8.6,good
Other Ocean Interactive,150000.0,2,106,13.9,75000.0,53.0,7.0,ok
Black Ship Games,150000.0,3,199,24.4,50000.0,66.3,8.1,good
DreamFactory,150000.0,2,112,13.899999999999999,75000.0,56.0,7.0,ok
Studio Pixel,150000.0,1,88,7.9,150000.0,88.0,7.9,excellent
Netherock Ltd.,150000.0,1,80,7.2,150000.0,80.0,7.2,very good
Cauldron Ltd.,150000.0,1,50,5.3,150000.0,50.0,5.3,ok
IR Gurus Interactive,150000.0,2,152,15.6,75000.0,76.0,7.8,very good
Toybox Games,150000.0,2,127,13.5,75000.0,63.5,6.8,good
Interchannel,150000.0,1,39,2.5,150000.0,39.0,2.5,bad
Blue Shift,150000.0,1,89,7.9,150000.0,89.0,7.9,excellent
Paradox Interactive,150000.0,4,286,29.400000000000002,37500.0,71.5,7.4,good
Tactical Development,150000.0,1,56,6.5,150000.0,56.0,6.5,ok
Flight-Plan,150000.0,2,150,15.399999999999999,75000.0,75.0,7.7,good
Zoë Mode,150000.0,1,71,7.4,150000.0,71.0,7.4,good
Team Ramrod,150000.0,1,66,7.7,150000.0,66.0,7.7,good
Spiral House,150000.0,3,116,13.9,50000.0,38.7,4.6,bad
epics,150000.0,1,67,5.8,150000.0,67.0,5.8,good
Hypnos,150000.0,1,50,6.3,150000.0,50.0,6.3,ok
Felistella,150000.0,1,74,6.7,150000.0,74.0,6.7,good
GSC Game World,150000.0,3,236,25.1,50000.0,78.7,8.4,very good
MiCROViSion Inc. / Falcom Corporation,140000.0,1,63,7.5,140000.0,63.0,7.5,good
Digital Reality,140000.0,3,231,22.299999999999997,46666.666666666664,77.0,7.4,very good
A.S.K. Homework,140000.0,1,54,7.6,140000.0,54.0,7.6,ok
Volition,140000.0,2,143,9.100000000000001,70000.0,71.5,4.6,good
K2 / Kurogane,140000.0,1,35,6.9,140000.0,35.0,6.9,bad
"Spark Unlimited, comcept",140000.0,2,93,9.600000000000001,70000.0,46.5,4.8,ok
Cyanide,140000.0,2,134,14.8,70000.0,67.0,7.4,good
Ntreev Soft,140000.0,1,77,7.2,140000.0,77.0,7.2,very good
"Ikusabune Co., Ltd.",140000.0,1,68,8.3,140000.0,68.0,8.3,good
Arush Entertainment,140000.0,1,30,3.0,140000.0,30.0,3.0,very bad
Lucky Chicken Games,140000.0,1,58,3.5,140000.0,58.0,3.5,ok
Studio 33,140000.0,1,69,7.0,140000.0,69.0,7.0,good
Stainless Games,140000.0,3,167,18.9,46666.666666666664,55.7,6.3,ok
Hot Lava Games,130000.0,1,60,8.3,130000.0,60.0,8.3,ok
"Phosphor Games Studio, LLC",130000.0,1,24,3.4,130000.0,24.0,3.4,very bad
Kuusou Kagaku,130000.0,1,65,8.5,130000.0,65.0,8.5,good
Panic Button LLC,130000.0,1,26,2.2,130000.0,26.0,2.2,very bad
Nfusion,130000.0,1,37,3.2,130000.0,37.0,3.2,bad
Tokyo RPG Factory,130000.0,3,211,21.7,43333.333333333336,70.3,7.2,good
Curly Monsters,130000.0,1,70,7.4,130000.0,70.0,7.4,good
Virtual Air Guitar Company,130000.0,1,56,7.7,130000.0,56.0,7.7,ok
United Game Artists,130000.0,2,157,16.9,65000.0,78.5,8.4,very good
ConcernedApe,130000.0,2,175,15.5,65000.0,87.5,7.8,excellent
MLB Advanced Media,130000.0,1,32,4.6,130000.0,32.0,4.6,bad
Platinum Egg,130000.0,1,41,6.3,130000.0,41.0,6.3,bad
Venan Entertainment / Cashmere Productions,130000.0,1,80,8.4,130000.0,80.0,8.4,very good
Super X Studios,130000.0,1,60,7.2,130000.0,60.0,7.2,ok
Artefacts Studio,130000.0,2,133,12.5,65000.0,66.5,6.2,good
Success,130000.0,3,189,22.0,43333.333333333336,63.0,7.3,good
Syscom Entertainment,130000.0,1,63,6.2,130000.0,63.0,6.2,good
Taniko,130000.0,1,51,3.7,130000.0,51.0,3.7,ok
Sunflower Studios,130000.0,1,78,7.6,130000.0,78.0,7.6,very good
GlyphX Games,130000.0,1,68,7.5,130000.0,68.0,7.5,good
G-Artists,130000.0,2,127,15.1,65000.0,63.5,7.6,good
Sony Computer Entertainment America,120000.0,1,66,7.7,120000.0,66.0,7.7,good
505 Games,120000.0,1,37,4.8,120000.0,37.0,4.8,bad
Atomic Motion,120000.0,2,77,6.6,60000.0,38.5,3.3,bad
Black Box Games,120000.0,2,164,16.0,60000.0,82.0,8.0,very good
Mastiff,120000.0,1,46,4.3,120000.0,46.0,4.3,ok
System 3 Software,120000.0,1,61,4.8,120000.0,61.0,4.8,good
Unique Development Studios Sweden,120000.0,2,117,12.9,60000.0,58.5,6.4,ok
"Orbital Media, Inc.",120000.0,2,153,15.4,60000.0,76.5,7.7,very good
"Unknown Worlds Entertainment, Panic Button",120000.0,1,80,7.6,120000.0,80.0,7.6,very good
Beep Industries,120000.0,1,73,8.1,120000.0,73.0,8.1,good
EKO Software,120000.0,2,122,6.2,60000.0,61.0,3.1,good
Interplay,120000.0,2,130,8.9,60000.0,65.0,4.4,good
Big Blue Bubble,120000.0,2,107,16.0,60000.0,53.5,8.0,ok
Game Arts / Japan Art Media (JAM),120000.0,1,59,5.8,120000.0,59.0,5.8,ok
Q-Games,120000.0,1,86,7.7,120000.0,86.0,7.7,excellent
Team Tachyon,120000.0,1,63,8.3,120000.0,63.0,8.3,good
Million,120000.0,2,150,17.0,60000.0,75.0,8.5,good
369 Interactive,120000.0,1,45,7.3,120000.0,45.0,7.3,bad
Microvision,120000.0,2,126,15.2,60000.0,63.0,7.6,good
Iron Galaxy,110000.0,2,99,3.2,55000.0,49.5,1.6,ok
KCE Studios,110000.0,1,66,7.0,110000.0,66.0,7.0,good
Inevitable Entertainment,110000.0,1,66,7.8,110000.0,66.0,7.8,good
Career Soft,110000.0,1,81,8.7,110000.0,81.0,8.7,very good
Direct Action Games,110000.0,3,155,17.1,36666.666666666664,51.7,5.7,ok
Full-Fat,110000.0,1,62,7.8,110000.0,62.0,7.8,good
Examu,110000.0,1,75,7.8,110000.0,75.0,7.8,good
Happy Happening,110000.0,1,75,7.3,110000.0,75.0,7.3,good
Guildford Studio,110000.0,1,53,4.8,110000.0,53.0,4.8,ok
Animation Arts,110000.0,1,77,7.6,110000.0,77.0,7.6,very good
Reef Entertainment,110000.0,1,71,7.0,110000.0,71.0,7.0,good
Creative Reality,110000.0,1,64,6.6,110000.0,64.0,6.6,good
KnowWonder,110000.0,3,209,23.4,36666.666666666664,69.7,7.8,good
VIVARIUM Inc.,110000.0,1,62,8.0,110000.0,62.0,8.0,good
Artificial Studios,110000.0,1,55,5.2,110000.0,55.0,5.2,ok
Bionic Games,110000.0,1,66,6.9,110000.0,66.0,6.9,good
Micro Cabin,110000.0,1,67,8.3,110000.0,67.0,8.3,good
Kite Games,100000.0,1,63,7.3,100000.0,63.0,7.3,good
"BeeWorks Co., Ltd.",100000.0,1,60,6.6,100000.0,60.0,6.6,ok
Kemco,100000.0,1,39,3.2,100000.0,39.0,3.2,bad
Starsphere Interactive,100000.0,1,42,8.3,100000.0,42.0,8.3,bad
Del,100000.0,1,32,1.8,100000.0,32.0,1.8,bad
Koei/Inis,100000.0,1,71,8.2,100000.0,71.0,8.2,good
8MonkeyLabs,100000.0,1,44,4.9,100000.0,44.0,4.9,bad
D-Pad Studios,100000.0,2,175,14.100000000000001,50000.0,87.5,7.0,excellent
SilverBirch Studios,100000.0,2,161,15.3,50000.0,80.5,7.6,very good
ArenaNet,100000.0,4,323,33.3,25000.0,80.8,8.3,very good
Visual Science,100000.0,1,70,7.7,100000.0,70.0,7.7,good
SCS Software,100000.0,2,137,14.0,50000.0,68.5,7.0,good
Hinterland Studio Inc.,100000.0,2,151,13.899999999999999,50000.0,75.5,7.0,very good
Petroglyph Games,100000.0,1,66,8.8,100000.0,66.0,8.8,good
IR Gurus,100000.0,1,62,6.3,100000.0,62.0,6.3,good
Quadriga Games,100000.0,1,61,5.7,100000.0,61.0,5.7,good
DreamCatcher Interactive,100000.0,1,53,6.5,100000.0,53.0,6.5,ok
"Capcom Production Studio 4 / Nude Maker Co., Ltd.",100000.0,1,83,8.5,100000.0,83.0,8.5,very good
Gaijinworks,100000.0,1,56,8.2,100000.0,56.0,8.2,ok
Indi Software,100000.0,2,100,13.2,50000.0,50.0,6.6,ok
Digital Mayhem,100000.0,2,134,14.5,50000.0,67.0,7.2,good
Hopelite Research,100000.0,1,43,3.0,100000.0,43.0,3.0,bad
Airship Syndicate,100000.0,2,159,13.5,50000.0,79.5,6.8,very good
S-Neo,90000.0,1,78,8.6,90000.0,78.0,8.6,very good
Rising Star Games,90000.0,1,49,6.3,90000.0,49.0,6.3,ok
Odenis Studio,90000.0,1,73,7.3,90000.0,73.0,7.3,good
CUBETYPE,90000.0,2,80,8.5,45000.0,40.0,4.2,bad
Solutions 2 Go,90000.0,1,49,5.9,90000.0,49.0,5.9,ok
Art Corporation,90000.0,2,109,14.3,45000.0,54.5,7.2,ok
"Quicksilver Software, Inc.",90000.0,2,127,15.600000000000001,45000.0,63.5,7.8,good
Big Huge Games,90000.0,2,165,17.0,45000.0,82.5,8.5,very good
Sensory Sweep,90000.0,1,43,6.3,90000.0,43.0,6.3,bad
Supersonic Software,90000.0,4,170,25.5,22500.0,42.5,6.4,bad
ProSoft,90000.0,1,85,8.7,90000.0,85.0,8.7,very good
Aki Corp,90000.0,1,79,8.3,90000.0,79.0,8.3,very good
Outright Games,90000.0,3,178,19.099999999999998,30000.0,59.3,6.4,ok
Gulti,90000.0,1,73,7.6,90000.0,73.0,7.6,good
XPEC Entertainment,90000.0,1,59,7.4,90000.0,59.0,7.4,ok
KCEO,90000.0,2,111,12.7,45000.0,55.5,6.4,ok
Isopod Labs,90000.0,1,65,7.9,90000.0,65.0,7.9,good
DreamRift,90000.0,2,142,13.9,45000.0,71.0,7.0,good
Dreams,90000.0,2,88,10.600000000000001,45000.0,44.0,5.3,bad
E-game,90000.0,1,80,8.8,90000.0,80.0,8.8,very good
Kalypso Media,90000.0,1,65,4.6,90000.0,65.0,4.6,good
ECI,90000.0,1,38,3.2,90000.0,38.0,3.2,bad
EKO System,90000.0,2,106,11.0,45000.0,53.0,5.5,ok
Deadline Games,90000.0,1,71,8.4,90000.0,71.0,8.4,good
G1M2,90000.0,1,56,8.2,90000.0,56.0,8.2,ok
Eighting/Raizing,90000.0,1,59,8.5,90000.0,59.0,8.5,ok
"Kogado Studio, Inc.",90000.0,1,45,6.0,90000.0,45.0,6.0,bad
"GULTI co.,ltd.",90000.0,1,84,7.1,90000.0,84.0,7.1,very good
FuRyu,90000.0,2,125,13.7,45000.0,62.5,6.8,good
Three Rings,80000.0,1,42,6.7,80000.0,42.0,6.7,bad
Mekensleep,80000.0,1,78,8.0,80000.0,78.0,8.0,very good
Metropolis Software,80000.0,1,35,4.8,80000.0,35.0,4.8,bad
Foundation 9 Entertainment,80000.0,1,47,7.5,80000.0,47.0,7.5,ok
Mobile 21,80000.0,1,78,8.0,80000.0,78.0,8.0,very good
Monte Cristo Multimedia,80000.0,2,131,11.3,40000.0,65.5,5.6,good
Noise Factory,80000.0,1,79,8.6,80000.0,79.0,8.6,very good
Zono Incorporated,80000.0,1,64,7.0,80000.0,64.0,7.0,good
Egosoft,80000.0,1,33,3.2,80000.0,33.0,3.2,bad
Telenet,80000.0,1,72,7.3,80000.0,72.0,7.3,good
Velez & Dubail,80000.0,2,158,14.3,40000.0,79.0,7.2,very good
Aspyr,80000.0,3,216,20.0,26666.666666666668,72.0,6.7,good
Wizarbox Studios,80000.0,1,72,7.6,80000.0,72.0,7.6,good
Shin'en Multimedia,80000.0,1,75,7.7,80000.0,75.0,7.7,good
Game Factory,80000.0,1,51,6.3,80000.0,51.0,6.3,ok
Kunos Simulazioni,80000.0,1,73,6.0,80000.0,73.0,6.0,good
Andamiro U.S.A. Corp.,80000.0,2,147,15.9,40000.0,73.5,8.0,good
Studio Wildcard,80000.0,1,29,2.2,80000.0,29.0,2.2,very bad
Kheops Studio,80000.0,1,56,6.6,80000.0,56.0,6.6,ok
Killer Game,80000.0,1,59,7.0,80000.0,59.0,7.0,ok
Untold Games,80000.0,1,53,6.5,80000.0,53.0,6.5,ok
Synetic,70000.0,1,56,8.3,70000.0,56.0,8.3,ok
Box Clever Interactive,70000.0,1,35,5.6,70000.0,35.0,5.6,bad
Idol FX,70000.0,1,22,1.7,70000.0,22.0,1.7,very bad
Red Hook Studios,70000.0,2,168,15.8,35000.0,84.0,7.9,very good
Sierra Entertainment,70000.0,1,47,8.3,70000.0,47.0,8.3,ok
5000ft,70000.0,1,63,5.3,70000.0,63.0,5.3,good
Zed Two Limited,70000.0,1,61,6.1,70000.0,61.0,6.1,good
Vogster Entertainment,70000.0,1,78,8.2,70000.0,78.0,8.2,very good
Enterbrain,70000.0,1,58,7.8,70000.0,58.0,7.8,ok
NA.P.S. Team SNC,70000.0,2,120,14.7,35000.0,60.0,7.4,ok
AQUA STYLE,70000.0,2,134,13.600000000000001,35000.0,67.0,6.8,good
Zoo Games,70000.0,1,47,8.7,70000.0,47.0,8.7,ok
Interactive Brains,70000.0,1,57,6.3,70000.0,57.0,6.3,ok
Creat Studios,70000.0,1,37,6.3,70000.0,37.0,6.3,bad
Team17 Digital Ltd,70000.0,2,153,13.5,35000.0,76.5,6.8,very good
Game Atelier,70000.0,2,173,16.4,35000.0,86.5,8.2,excellent
Ice Flames,70000.0,2,141,13.3,35000.0,70.5,6.6,good
Goshow,70000.0,1,56,8.3,70000.0,56.0,8.3,ok
Garakuda Studio,70000.0,1,74,7.5,70000.0,74.0,7.5,good
Doublesix,70000.0,1,49,4.4,70000.0,49.0,4.4,ok
Unknown Worlds Entertainment,70000.0,1,81,8.0,70000.0,81.0,8.0,very good
Kodiak Interactive,70000.0,1,67,5.6,70000.0,67.0,5.6,good
Roxor Games,70000.0,1,72,8.5,70000.0,72.0,8.5,good
Holospark,70000.0,2,110,11.1,35000.0,55.0,5.6,ok
Polykid,70000.0,1,65,6.1,70000.0,65.0,6.1,good
Prideful Sloth,70000.0,2,138,14.9,35000.0,69.0,7.4,good
Leviathan Games,70000.0,1,33,3.0,70000.0,33.0,3.0,bad
Awesome Play Ltd.,70000.0,1,37,3.8,70000.0,37.0,3.8,bad
Team 6 Games Studio,70000.0,2,59,5.5,35000.0,29.5,2.8,very bad
ZeptoLab,70000.0,1,64,7.4,70000.0,64.0,7.4,good
Edmund McMillen,60000.0,1,80,7.9,60000.0,80.0,7.9,very good
Revolution Software Ltd.,60000.0,1,80,8.4,60000.0,80.0,8.4,very good
1C:Ino-Co,60000.0,2,143,15.7,30000.0,71.5,7.8,good
"Crackpot Entertainment / Creat Studios, Inc.",60000.0,1,55,7.0,60000.0,55.0,7.0,ok
RedTribe Studios,60000.0,1,29,3.3,60000.0,29.0,3.3,very bad
Giant Squid Studios,60000.0,2,161,14.8,30000.0,80.5,7.4,very good
Ignition Banbury,60000.0,1,78,7.8,60000.0,78.0,7.8,very good
Pendulo Studio,60000.0,1,75,7.3,60000.0,75.0,7.3,good
Breakpoint Studio,60000.0,2,105,5.0,30000.0,52.5,2.5,ok
Brainbox Games,60000.0,1,32,6.5,60000.0,32.0,6.5,bad
WorkJam,60000.0,1,61,8.1,60000.0,61.0,8.1,good
THQ Nordic,60000.0,3,195,20.8,20000.0,65.0,6.9,good
EA Japan Studio,60000.0,1,72,7.6,60000.0,72.0,7.6,good
ART Co.,60000.0,1,44,2.9,60000.0,44.0,2.9,bad
Black Isle Studios,60000.0,3,231,25.900000000000002,20000.0,77.0,8.6,very good
Big Deez Productions,60000.0,3,139,17.5,20000.0,46.3,5.8,ok
Tranji,60000.0,2,93,10.9,30000.0,46.5,5.4,ok
Milkstone Studios,60000.0,4,309,28.5,15000.0,77.2,7.1,very good
Mothership Entertainment,60000.0,1,73,7.1,60000.0,73.0,7.1,good
Sproing,60000.0,1,67,8.2,60000.0,67.0,8.2,good
CiRCLE Studio,60000.0,2,90,7.8,30000.0,45.0,3.9,bad
"Chunsoft Co., Ltd.",60000.0,1,79,8.2,60000.0,79.0,8.2,very good
Triple Eh?,60000.0,2,150,14.0,30000.0,75.0,7.0,good
BattleBorne,60000.0,1,54,7.0,60000.0,54.0,7.0,ok
Sonic Powered,60000.0,1,59,8.0,60000.0,59.0,8.0,ok
Digitalmindsoft,60000.0,1,77,8.0,60000.0,77.0,8.0,very good
StarQuail,60000.0,1,77,7.7,60000.0,77.0,7.7,very good
Neversoft Entertainment / Rebellion,60000.0,1,73,7.8,60000.0,73.0,7.8,good
Silver Wish Games,60000.0,1,62,5.0,60000.0,62.0,5.0,good
Nikitova Games,60000.0,1,35,4.4,60000.0,35.0,4.4,bad
Ninja Studio,60000.0,1,65,8.1,60000.0,65.0,8.1,good
Crim,60000.0,2,125,11.5,30000.0,62.5,5.8,good
Electronic Arts UK,60000.0,1,83,5.0,60000.0,83.0,5.0,very good
Headfirst Productions,60000.0,1,77,8.2,60000.0,77.0,8.2,very good
"IronNos Co., Ltd.",60000.0,1,78,7.6,60000.0,78.0,7.6,very good
Ironclad Games,60000.0,2,161,16.1,30000.0,80.5,8.0,very good
Ludosity AB,60000.0,1,77,7.7,60000.0,77.0,7.7,very good
Liquid Dragon Studios,50000.0,1,56,5.9,50000.0,56.0,5.9,ok
Black Sea Studios,50000.0,2,140,16.1,25000.0,70.0,8.0,good
Starfish,50000.0,1,69,7.5,50000.0,69.0,7.5,good
Atelier Double,50000.0,1,76,8.0,50000.0,76.0,8.0,very good
Flying Tiger Entertainment,50000.0,1,71,6.4,50000.0,71.0,6.4,good
Gameinvest,50000.0,1,53,6.0,50000.0,53.0,6.0,ok
"extreme Co.,Ltd.",50000.0,1,67,6.9,50000.0,67.0,6.9,good
Raylight Studios,50000.0,1,70,8.3,50000.0,70.0,8.3,good
Valhalla Game Studios,50000.0,1,43,6.7,50000.0,43.0,6.7,bad
1C: Maddox Games,50000.0,1,60,7.1,50000.0,60.0,7.1,ok
Black Forest Games,50000.0,1,45,5.8,50000.0,45.0,5.8,bad
Snail Games USA,50000.0,1,46,4.3,50000.0,46.0,4.3,ok
SmartDog,50000.0,1,69,7.8,50000.0,69.0,7.8,good
Valcon Games,50000.0,1,42,7.7,50000.0,42.0,7.7,bad
Studio Archcraft,50000.0,1,58,7.5,50000.0,58.0,7.5,ok
Runecraft,50000.0,1,54,5.5,50000.0,54.0,5.5,ok
Klei Entertainment,50000.0,1,78,7.1,50000.0,78.0,7.1,very good
Blue 52,50000.0,2,99,13.9,25000.0,49.5,7.0,ok
Max Five,50000.0,1,62,8.6,50000.0,62.0,8.6,good
DSI Games,50000.0,1,34,1.7,50000.0,34.0,1.7,bad
Brain in a Jar,50000.0,1,71,7.3,50000.0,71.0,7.3,good
Fast Travel Games,50000.0,1,72,7.1,50000.0,72.0,7.1,good
Introversion Software,50000.0,1,80,6.9,50000.0,80.0,6.9,very good
"The Collective, Inc.",50000.0,1,69,7.4,50000.0,69.0,7.4,good
Coyote Console,50000.0,1,37,4.5,50000.0,37.0,4.5,bad
Buka Entertainment,50000.0,1,33,6.8,50000.0,33.0,6.8,bad
Icon Games,50000.0,1,62,5.3,50000.0,62.0,5.3,good
Capcom Production Studio 8,50000.0,1,43,7.1,50000.0,43.0,7.1,bad
EA,50000.0,1,81,6.3,50000.0,81.0,6.3,very good
M2,50000.0,1,73,7.5,50000.0,73.0,7.5,good
Iron Lore Entertainment,50000.0,3,193,20.8,16666.666666666668,64.3,6.9,good
Otomate,50000.0,2,161,13.8,25000.0,80.5,6.9,very good
Wicked Witch Software,50000.0,2,145,12.7,25000.0,72.5,6.4,good
Killaware,50000.0,1,48,6.2,50000.0,48.0,6.2,ok
Doki Denki,50000.0,1,70,8.0,50000.0,70.0,8.0,good
Hyper-Devbox,50000.0,1,32,1.6,50000.0,32.0,1.6,bad
Phantom 8 Studio,50000.0,2,71,11.8,25000.0,35.5,5.9,bad
Codo Games,50000.0,1,78,8.5,50000.0,78.0,8.5,very good
VSTEP,50000.0,1,49,6.4,50000.0,49.0,6.4,ok
Madmind Studio,50000.0,2,71,9.2,25000.0,35.5,4.6,bad
"Imagineer Co., Ltd.",50000.0,1,51,8.2,50000.0,51.0,8.2,ok
AOne Games,40000.0,1,64,4.9,40000.0,64.0,4.9,good
SnapDragon Games,40000.0,1,70,8.4,40000.0,70.0,8.4,good
GAIA,40000.0,1,66,7.3,40000.0,66.0,7.3,good
NCS,40000.0,1,35,4.4,40000.0,35.0,4.4,bad
EnjoyUp Games,40000.0,1,68,7.7,40000.0,68.0,7.7,good
InLight Entertainment,40000.0,1,67,8.2,40000.0,67.0,8.2,good
Tangentlemen,40000.0,1,62,6.8,40000.0,62.0,6.8,good
Iridon Interactive,40000.0,1,68,8.7,40000.0,68.0,8.7,good
G.Rev,40000.0,1,60,6.1,40000.0,60.0,6.1,ok
Monte Cristo  Multimedia,40000.0,1,75,7.5,40000.0,75.0,7.5,good
LKA,40000.0,2,127,12.8,20000.0,63.5,6.4,good
Iron Galaxy Studios,40000.0,2,162,13.8,20000.0,81.0,6.9,very good
KCE Tokyo Inc,40000.0,1,74,8.2,40000.0,74.0,8.2,good
Villa Gorilla,40000.0,3,248,23.7,13333.333333333334,82.7,7.9,very good
Firesprite,40000.0,1,78,8.0,40000.0,78.0,8.0,very good
Nightlight Studios,40000.0,1,39,7.4,40000.0,39.0,7.4,bad
3D Realms,40000.0,2,133,10.9,20000.0,66.5,5.4,good
PQube,40000.0,1,74,7.6,40000.0,74.0,7.6,good
Historia,40000.0,1,64,5.8,40000.0,64.0,5.8,good
Pendulo Studios,40000.0,1,79,7.9,40000.0,79.0,7.9,very good
Anima Games Studio,40000.0,1,52,7.2,40000.0,52.0,7.2,ok
3DClouds.it,40000.0,2,123,9.2,20000.0,61.5,4.6,good
Cranberry Production,40000.0,1,71,7.6,40000.0,71.0,7.6,good
Panic Button Games Inc.,40000.0,1,38,1.7,40000.0,38.0,1.7,bad
SystemSoft,40000.0,1,74,8.8,40000.0,74.0,8.8,good
Reloaded Productions,40000.0,1,56,5.8,40000.0,56.0,5.8,ok
Viewpoint Games,40000.0,1,42,5.6,40000.0,42.0,5.6,bad
Lion Game Lion,40000.0,1,46,3.2,40000.0,46.0,3.2,ok
Zoink Games,40000.0,3,223,20.1,13333.333333333334,74.3,6.7,good
Realmforge Studios,40000.0,2,145,14.7,20000.0,72.5,7.4,good
TickTock Games,40000.0,2,120,13.3,20000.0,60.0,6.6,ok
Lince Works,40000.0,1,71,7.1,40000.0,71.0,7.1,good
Ilinx,40000.0,1,53,5.2,40000.0,53.0,5.2,ok
Tilted Mill Entertainment,40000.0,1,74,7.8,40000.0,74.0,7.8,good
HONEY PARADE GAMES,40000.0,1,65,4.2,40000.0,65.0,4.2,good
Tate Interactive,40000.0,2,115,15.6,20000.0,57.5,7.8,ok
NoWay Studio,40000.0,1,44,6.9,40000.0,44.0,6.9,bad
Nitro Games,40000.0,2,124,11.1,20000.0,62.0,5.6,good
System Prisma,40000.0,1,68,6.7,40000.0,68.0,6.7,good
Arrowhead Game Studios,30000.0,1,74,7.6,30000.0,74.0,7.6,good
Wales Interactive Ltd.,30000.0,1,56,6.3,30000.0,56.0,6.3,ok
Twelve Games,30000.0,1,31,4.0,30000.0,31.0,4.0,bad
Super Empire,30000.0,1,45,6.0,30000.0,45.0,6.0,bad
Toby Fox,30000.0,2,146,14.2,15000.0,73.0,7.1,good
Visual Sciences Ltd.,30000.0,1,72,7.8,30000.0,72.0,7.8,good
Akella,30000.0,2,119,10.2,15000.0,59.5,5.1,ok
2D Boy,30000.0,1,90,8.4,30000.0,90.0,8.4,excellent
Toadman Interactive,30000.0,1,51,7.5,30000.0,51.0,7.5,ok
Tiwak SAS,30000.0,1,62,6.2,30000.0,62.0,6.2,good
zSlide,30000.0,1,55,7.0,30000.0,55.0,7.0,ok
Black Hole Entertainment,30000.0,1,73,7.3,30000.0,73.0,7.3,good
Digital Illusions CE,30000.0,1,80,6.8,30000.0,80.0,6.8,very good
Mobius Entertainment,30000.0,1,78,8.5,30000.0,78.0,8.5,very good
Eagle Dynamics,30000.0,1,76,7.5,30000.0,76.0,7.5,very good
Prograph,30000.0,1,35,7.7,30000.0,35.0,7.7,bad
Image & Form Games,30000.0,2,173,15.7,15000.0,86.5,7.8,excellent
Paul Cuisset,30000.0,1,77,8.3,30000.0,77.0,8.3,very good
Meteorise,30000.0,1,61,7.2,30000.0,61.0,7.2,good
Headup Games,30000.0,1,72,7.7,30000.0,72.0,7.7,good
Mud Duck Productions,30000.0,2,64,11.0,15000.0,32.0,5.5,bad
Confounding Factor,30000.0,1,67,6.7,30000.0,67.0,6.7,good
Panther Software,30000.0,1,44,6.0,30000.0,44.0,6.0,bad
React Games,30000.0,1,43,1.9,30000.0,43.0,1.9,bad
Global A Entertainment,30000.0,1,70,6.4,30000.0,70.0,6.4,good
Garakuta-Studio,30000.0,1,71,7.1,30000.0,71.0,7.1,good
Createch,30000.0,1,62,7.6,30000.0,62.0,7.6,good
"Seed Studios, Lda",30000.0,1,31,5.0,30000.0,31.0,5.0,bad
EA Bright Light Productions,30000.0,1,64,5.0,30000.0,64.0,5.0,good
Lab Zero Games,30000.0,2,158,15.0,15000.0,79.0,7.5,very good
Neocore Games,30000.0,1,66,6.5,30000.0,66.0,6.5,good
Ska Studios,30000.0,1,82,7.8,30000.0,82.0,7.8,very good
Sonnori,30000.0,1,48,5.5,30000.0,48.0,5.5,ok
Nippon Columbia,30000.0,1,55,6.7,30000.0,55.0,6.7,ok
Cyan Worlds,30000.0,2,148,11.899999999999999,15000.0,74.0,5.9,good
Nurijoy,30000.0,1,74,7.6,30000.0,74.0,7.6,good
Caged Element,30000.0,2,130,12.1,15000.0,65.0,6.0,good
Touchdown Entertainment,20000.0,1,33,2.6,20000.0,33.0,2.6,bad
Mythic,20000.0,1,86,7.9,20000.0,86.0,7.9,excellent
Wargaming.net,20000.0,1,69,7.3,20000.0,69.0,7.3,good
Choice Provisions,20000.0,1,73,7.4,20000.0,73.0,7.4,good
Autumn Moon,20000.0,1,66,5.8,20000.0,66.0,5.8,good
ClockStone,20000.0,1,78,6.5,20000.0,78.0,6.5,very good
Turbine Inc.,20000.0,1,85,8.0,20000.0,85.0,8.0,very good
Mindware Studios,20000.0,1,60,6.4,20000.0,60.0,6.4,ok
Infogrammes Studios,20000.0,1,62,8.5,20000.0,62.0,8.5,good
Camouflaj,20000.0,1,72,5.6,20000.0,72.0,5.6,good
Ino-Co / 1C Company,20000.0,1,72,7.3,20000.0,72.0,7.3,good
Master Creating,20000.0,1,57,5.6,20000.0,57.0,5.6,ok
Lucky Chicken,20000.0,2,53,5.5,10000.0,26.5,2.8,very bad
Abstraction Games,20000.0,1,85,7.5,20000.0,85.0,7.5,very good
InterServ International,20000.0,1,58,6.5,20000.0,58.0,6.5,ok
League of Geeks,20000.0,1,74,7.1,20000.0,74.0,7.1,good
Lead Pursuit,20000.0,1,90,7.8,20000.0,90.0,7.8,excellent
ValuSoft,20000.0,1,51,7.6,20000.0,51.0,7.6,ok
Delta Factory,20000.0,1,26,2.7,20000.0,26.0,2.7,very bad
Konami Computer Entertainment America,20000.0,1,68,8.0,20000.0,68.0,8.0,good
DMM Games,20000.0,1,61,6.6,20000.0,61.0,6.6,good
Titus Software,20000.0,1,69,8.0,20000.0,69.0,8.0,good
The Adventure Company,20000.0,1,39,2.2,20000.0,39.0,2.2,bad
One or Eight,20000.0,1,68,6.8,20000.0,68.0,6.8,good
GameCo Studios,20000.0,1,67,5.7,20000.0,67.0,5.7,good
BELUGA Computer Inc.,20000.0,1,46,7.7,20000.0,46.0,7.7,ok
Babylon Software,20000.0,1,45,7.5,20000.0,45.0,7.5,bad
Supergonk,20000.0,1,63,6.0,20000.0,63.0,6.0,good
Flying Lab Software,20000.0,1,76,7.6,20000.0,76.0,7.6,very good
Sushi Typhoon Games,20000.0,1,36,4.5,20000.0,36.0,4.5,bad
Shin'en,20000.0,1,70,8.5,20000.0,70.0,8.5,good
"in-glove Co., ltd",20000.0,1,63,6.6,20000.0,63.0,6.6,good
Bitmap Bureau,20000.0,1,65,6.4,20000.0,65.0,6.4,good
Enlight Software Ltd.,20000.0,1,59,7.7,20000.0,59.0,7.7,ok
Empire Oxford,20000.0,1,67,8.2,20000.0,67.0,8.2,good
PuzzleKings,20000.0,1,67,6.7,20000.0,67.0,6.7,good
WeirdBeard,20000.0,1,72,7.0,20000.0,72.0,7.0,good
Arkedo Studio,20000.0,1,70,7.5,20000.0,70.0,7.5,good
Punchline / Shirogumi,20000.0,1,59,8.7,20000.0,59.0,8.7,ok
Playstos Entertainment,20000.0,1,57,7.4,20000.0,57.0,7.4,ok
Gameness Art Software,20000.0,1,26,3.7,20000.0,26.0,3.7,very bad
PAWS,20000.0,1,39,7.7,20000.0,39.0,7.7,bad
Apollo,20000.0,1,69,7.9,20000.0,69.0,7.9,good
The Balance Inc,20000.0,1,64,6.5,20000.0,64.0,6.5,good
Eidos Studios Hungary,20000.0,1,74,7.8,20000.0,74.0,7.8,good
Elixir Studios,10000.0,1,75,8.3,10000.0,75.0,8.3,good
Deep Fried Entertainment,10000.0,1,53,6.6,10000.0,53.0,6.6,ok
Weappy Studio,10000.0,1,58,4.9,10000.0,58.0,4.9,ok
1C Maddox Games,10000.0,1,91,8.6,10000.0,91.0,8.6,excellent
Fluid Studios,10000.0,1,46,1.9,10000.0,46.0,1.9,ok
Idol Minds Digital,10000.0,1,71,6.3,10000.0,71.0,6.3,good
HumaNature Studios,10000.0,1,66,5.5,10000.0,66.0,5.5,good
IGGYMOB,10000.0,1,41,4.1,10000.0,41.0,4.1,bad
EA Phenomic,10000.0,1,75,7.1,10000.0,75.0,7.1,good
G.rev Ltd.,10000.0,1,77,7.5,10000.0,77.0,7.5,very good
Empty Clip Studios,10000.0,1,75,8.5,10000.0,75.0,8.5,good
Digital Sun,10000.0,1,81,7.3,10000.0,81.0,7.3,very good
Grip Games,10000.0,1,77,7.6,10000.0,77.0,7.6,very good
Deep Red Games,10000.0,1,85,7.7,10000.0,85.0,7.7,very good
Most Wanted Entertainment,10000.0,1,58,4.6,10000.0,58.0,4.6,ok
Katauri Interactive,10000.0,1,82,8.6,10000.0,82.0,8.6,very good
Rain Games,10000.0,1,78,6.7,10000.0,78.0,6.7,very good
"Pentavision Entertainment, Neowiz Corporation",10000.0,1,81,7.7,10000.0,81.0,7.7,very good
Boston Animation,10000.0,1,61,7.4,10000.0,61.0,7.4,good
Team Meat,10000.0,1,85,6.9,10000.0,85.0,6.9,very good
Pronto Games,10000.0,1,23,2.8,10000.0,23.0,2.8,very bad
Prospect Games,10000.0,1,52,6.1,10000.0,52.0,6.1,ok
Blue Byte Software / Related Designs,10000.0,1,78,7.7,10000.0,78.0,7.7,very good
Rayark Inc.,10000.0,1,81,8.0,10000.0,81.0,8.0,very good
Tecmo / Graphic Research,10000.0,1,79,8.6,10000.0,79.0,8.6,very good
Black Tower Studios,10000.0,1,32,4.4,10000.0,32.0,4.4,bad
Rebellion Games,10000.0,1,80,7.6,10000.0,80.0,7.6,very good
Big Red Software,10000.0,1,51,3.8,10000.0,51.0,3.8,ok
BiArt Studios,10000.0,1,47,1.9,10000.0,47.0,1.9,ok
Asylum Entertainment,10000.0,1,59,6.8,10000.0,59.0,6.8,ok
Stage Clear Studios,10000.0,1,73,6.9,10000.0,73.0,6.9,good
BreakAway Games,10000.0,1,77,7.8,10000.0,77.0,7.8,very good
Paragon 5,10000.0,1,81,7.0,10000.0,81.0,7.0,very good
King of the Jungle,10000.0,1,45,7.3,10000.0,45.0,7.3,bad
Sukeban Games,10000.0,1,82,7.5,10000.0,82.0,7.5,very good
AGEOD,10000.0,1,70,5.6,10000.0,70.0,5.6,good
Llamasoft,10000.0,1,75,4.8,10000.0,75.0,4.8,good
Looking Glass Studios,10000.0,1,92,9.0,10000.0,92.0,9.0,excellent
Lucky Jump,10000.0,1,56,6.8,10000.0,56.0,6.8,ok
Colossal Order,10000.0,1,72,6.6,10000.0,72.0,6.6,good
Mimimi Productions,10000.0,1,85,7.7,10000.0,85.0,7.7,very good
Chaos Concept,10000.0,1,68,7.0,10000.0,68.0,7.0,good
Angry Mob Games,10000.0,1,60,5.5,10000.0,60.0,5.5,ok
Navarre Corporation,10000.0,1,62,5.2,10000.0,62.0,5.2,good
Nucleosys,10000.0,1,67,7.9,10000.0,67.0,7.9,good
The Farm 51,10000.0,1,43,7.7,10000.0,43.0,7.7,bad
PM Studios,10000.0,1,78,7.9,10000.0,78.0,7.9,very good
Palm Development,10000.0,1,39,6.8,10000.0,39.0,6.8,bad
Teku Studios,10000.0,1,72,7.4,10000.0,72.0,7.4,good
Farm 51,10000.0,1,63,6.1,10000.0,63.0,6.1,good
