series_name,name,global_sales,na_sales,eu_sales,jp_sales,other_sales,meta_critic_score,meta_user_score,release_date,release_year,length
grand theft auto,Grand Theft Auto,240000.0,170000.0,60000.0,0.0,0.0,68.0,7.1,2004-10-26,2004,14
grand theft auto,Grand Theft Auto 2,3420000.0,1130000.0,2070000.0,0.0,220000.0,70.0,7.9,1999-10-25,1999,14
grand theft auto,Grand Theft Auto III,13110000.0,6990000.0,4520000.0,300000.0,1300000.0,95.0,8.4,2001-10-23,2001,14
grand theft auto,Grand Theft Auto IV,22530000.0,11600000.0,7640000.0,580000.0,2720000.0,95.3,7.4,2008-04-29,2008,14
grand theft auto,Grand Theft Auto Online,10000.0,0.0,10000.0,0.0,0.0,83.0,5.9,2013-10-01,2013,14
grand theft auto,Grand Theft Auto V,64290000.0,26190000.0,28140000.0,1660000.0,8320000.0,97.0,8.2,2013-09-17,2013,14
grand theft auto,Grand Theft Auto: Chinatown Wars,2410000.0,860000.0,1060000.0,80000.0,410000.0,91.5,7.8,2009-03-17,2009,14
grand theft auto,Grand Theft Auto: Episodes from Liberty City,90000.0,0.0,80000.0,0.0,10000.0,63.0,8.2,2010-04-13,2010,14
grand theft auto,Grand Theft Auto: Liberty City Stories,11260000.0,4460000.0,4230000.0,310000.0,2240000.0,83.0,7.8,2005-10-25,2005,14
grand theft auto,Grand Theft Auto: San Andreas,2920000.0,1260000.0,1540000.0,0.0,130000.0,93.0,8.8,2005-06-07,2005,14
grand theft auto,Grand Theft Auto: Vice City,16190000.0,8410000.0,5520000.0,470000.0,1780000.0,94.5,8.8,2002-10-28,2002,14
grand theft auto,Grand Theft Auto: Vice City Stories,6050000.0,2480000.0,2060000.0,190000.0,1320000.0,80.5,8.1,2006-10-31,2006,14
fifa,2002 FIFA World Cup,780000.0,350000.0,210000.0,160000.0,70000.0,76.0,6.7,2002-04-22,2002,18
fifa,2010 FIFA World Cup South Africa,2120000.0,620000.0,1020000.0,110000.0,380000.0,73.7,7.3,2010-04-27,2010,18
fifa,2014 FIFA World Cup Brazil,1100000.0,300000.0,650000.0,10000.0,130000.0,73.5,4.4,2014-04-15,2014,18
fifa,FIFA 06: Road to FIFA World Cup,150000.0,110000.0,20000.0,10000.0,10000.0,62.0,6.1,2005-11-16,2005,18
fifa,FIFA 07 Soccer,6380000.0,1550000.0,3530000.0,30000.0,1270000.0,78.7,7.7,2006-10-17,2006,18
fifa,FIFA 14,9350000.0,1310000.0,6690000.0,80000.0,1270000.0,72.5,3.6,2013-09-24,2013,18
fifa,FIFA 15,11710000.0,2360000.0,7960000.0,100000.0,1270000.0,80.9,4.2,2014-09-23,2014,18
fifa,FIFA 16,13060000.0,2660000.0,8750000.0,70000.0,1590000.0,81.0,3.9,2015-09-22,2015,18
fifa,FIFA 17,4530000.0,1240000.0,2960000.0,0.0,330000.0,83.5,3.6,2016-09-27,2016,18
fifa,FIFA 18,16120000.0,2600000.0,11190000.0,280000.0,2030000.0,79.0,3.8,2017-09-29,2017,18
fifa,FIFA 19,12160000.0,1580000.0,8870000.0,160000.0,1560000.0,75.2,2.4,2018-09-28,2018,18
fifa,FIFA 2001 Major League Soccer,320000.0,180000.0,120000.0,0.0,20000.0,85.0,7.0,2000-11-14,2000,18
fifa,FIFA Soccer,630000.0,160000.0,350000.0,20000.0,90000.0,79.0,7.2,2012-02-15,2012,18
fifa,FIFA Soccer 06,5060000.0,1220000.0,2940000.0,40000.0,860000.0,78.0,7.6,2005-10-04,2005,18
fifa,FIFA Soccer 08,9470000.0,1960000.0,3960000.0,40000.0,3530000.0,77.8,7.1,2007-10-09,2007,18
fifa,FIFA Soccer 09,7320000.0,1480000.0,3290000.0,60000.0,2490000.0,83.4,7.1,2008-10-14,2008,18
fifa,FIFA Soccer 09 All-Play,890000.0,280000.0,520000.0,0.0,90000.0,80.0,8.4,2008-10-28,2008,18
fifa,FIFA Soccer 10,8100000.0,1360000.0,4430000.0,60000.0,2250000.0,81.5,6.9,2009-10-20,2009,18
fifa,FIFA Soccer 11,10750000.0,1560000.0,6810000.0,90000.0,2270000.0,82.0,7.1,2010-09-28,2010,18
fifa,FIFA Soccer 12,12510000.0,2040000.0,8160000.0,150000.0,2160000.0,79.0,5.7,2011-09-27,2011,18
fifa,FIFA Soccer 13,460000.0,0.0,320000.0,50000.0,100000.0,57.0,4.2,2012-09-25,2012,18
fifa,FIFA Soccer 2002,810000.0,450000.0,280000.0,0.0,80000.0,81.5,7.1,2001-11-01,2001,18
fifa,FIFA Soccer 2003,4110000.0,720000.0,2700000.0,50000.0,650000.0,87.3,7.4,2002-11-14,2002,18
fifa,FIFA Soccer 2004,840000.0,280000.0,500000.0,0.0,50000.0,82.0,7.9,2003-11-04,2003,18
fifa,FIFA Soccer 2005,4890000.0,1080000.0,3130000.0,40000.0,630000.0,78.8,8.0,2004-10-12,2004,18
fifa,FIFA Street,100000.0,80000.0,20000.0,0.0,0.0,60.0,8.0,2005-02-22,2005,18
fifa,FIFA Street 2,740000.0,430000.0,230000.0,20000.0,60000.0,57.2,7.1,2006-02-28,2006,18
fifa,FIFA Street 3,320000.0,80000.0,180000.0,0.0,60000.0,63.0,6.8,2008-02-18,2008,18
fifa,FIFA World Cup Germany 2006,1090000.0,880000.0,100000.0,0.0,100000.0,74.6,7.6,2006-04-24,2006,18
fifa,FIFA World Cup: Germany 2006,30000.0,20000.0,10000.0,0.0,0.0,57.0,6.9,2006-04-24,2006,18
red dead redemption,Red Dead Redemption,13070000.0,6590000.0,4610000.0,260000.0,1600000.0,95.0,9.0,2011-10-11,2011,8
red dead redemption,Red Dead Redemption 2,19710000.0,9020000.0,7680000.0,210000.0,2800000.0,97.0,7.9,2018-10-26,2018,8
red dead redemption,Red Dead Redemption: Game of the Year Edition,20000.0,0.0,10000.0,0.0,0.0,33.0,8.6,2011-10-11,2011,8
red dead redemption,Red Dead Redemption: Undead Nightmare,2290000.0,1080000.0,830000.0,80000.0,290000.0,82.0,7.9,2010-11-23,2010,8
metal gear solid,Metal Gear Solid 2: Sons of Liberty,6050000.0,2450000.0,2010000.0,870000.0,720000.0,96.0,8.8,2001-11-12,2001,15
metal gear solid,Metal Gear Solid 2: Substance,1140000.0,560000.0,360000.0,160000.0,80000.0,87.0,8.6,2002-11-04,2002,15
metal gear solid,Metal Gear Solid 3: Snake Eater,4230000.0,1460000.0,0.0,830000.0,1930000.0,91.0,9.1,2004-11-17,2004,15
metal gear solid,Metal Gear Solid 3: Subsistence,550000.0,340000.0,10000.0,150000.0,60000.0,94.0,9.0,2006-03-14,2006,15
metal gear solid,Metal Gear Solid 4: Guns of the Patriots,6000000.0,2630000.0,1720000.0,830000.0,810000.0,94.0,8.8,2008-06-12,2008,15
metal gear solid,Metal Gear Solid HD Collection,2250000.0,1060000.0,860000.0,50000.0,280000.0,86.7,8.7,2012-06-12,2012,15
metal gear solid,Metal Gear Solid V: Ground Zeroes,2200000.0,680000.0,810000.0,460000.0,250000.0,65.5,6.0,2014-03-18,2014,15
metal gear solid,Metal Gear Solid V: The Definitive Experience,400000.0,230000.0,80000.0,30000.0,50000.0,50.0,7.5,2016-10-11,2016,15
metal gear solid,Metal Gear Solid V: The Phantom Pain,4030000.0,1560000.0,1450000.0,520000.0,500000.0,91.0,7.6,2015-09-01,2015,15
metal gear solid,Metal Gear Solid: Digital Graphic Novel,40000.0,20000.0,0.0,20000.0,0.0,78.0,7.6,2006-06-13,2006,15
metal gear solid,Metal Gear Solid: Peace Walker,2080000.0,460000.0,420000.0,960000.0,250000.0,89.0,8.7,2010-06-08,2010,15
metal gear solid,Metal Gear Solid: Portable Ops,1190000.0,380000.0,350000.0,380000.0,90000.0,87.0,8.2,2006-12-05,2006,15
metal gear solid,Metal Gear Solid: Portable Ops Plus,690000.0,260000.0,10000.0,260000.0,170000.0,65.0,7.6,2007-11-13,2007,15
metal gear solid,Metal Gear Solid: Snake Eater 3D,30000.0,30000.0,0.0,0.0,0.0,78.0,7.9,2012-02-21,2012,15
metal gear solid,Metal Gear Solid: The Legacy Collection,420000.0,310000.0,10000.0,30000.0,70000.0,93.0,9.1,2013-07-09,2013,15
metal gear solid,Metal Gear Solid: The Twin Snakes,470000.0,300000.0,80000.0,70000.0,10000.0,85.0,8.9,2004-03-09,2004,15
resident evil,Resident Evil - Code: Veronica X,60000.0,50000.0,10000.0,0.0,0.0,62.0,8.4,2003-12-03,2003,17
resident evil,Resident Evil 2,60000.0,40000.0,10000.0,0.0,0.0,59.0,8.9,2003-01-16,2003,17
resident evil,Resident Evil 3: Nemesis,80000.0,60000.0,20000.0,0.0,0.0,62.0,8.7,2003-01-15,2003,17
resident evil,Resident Evil 4,150000.0,110000.0,0.0,10000.0,30000.0,79.0,8.1,2016-08-30,2016,17
resident evil,Resident Evil 5,8740000.0,4180000.0,2350000.0,1210000.0,990000.0,77.8,7.6,2009-03-13,2009,17
resident evil,Resident Evil 6,5330000.0,2160000.0,1580000.0,1000000.0,580000.0,66.0,6.1,2012-10-02,2012,17
resident evil,Resident Evil Archives: Resident Evil,300000.0,160000.0,40000.0,80000.0,20000.0,76.0,8.6,2009-06-23,2009,17
resident evil,Resident Evil Archives: Resident Evil Zero,240000.0,130000.0,40000.0,60000.0,10000.0,62.0,8.5,2009-12-01,2009,17
resident evil,Resident Evil Outbreak File #2,570000.0,190000.0,150000.0,170000.0,50000.0,58.0,8.0,2005-04-26,2005,17
resident evil,Resident Evil: Deadly Silence,260000.0,110000.0,20000.0,110000.0,10000.0,71.0,8.3,2006-02-07,2006,17
resident evil,Resident Evil: Operation Raccoon City,1990000.0,1030000.0,410000.0,390000.0,160000.0,50.7,4.7,2012-03-20,2012,17
resident evil,Resident Evil: Origins Collection,470000.0,140000.0,200000.0,70000.0,60000.0,72.0,8.2,2016-01-19,2016,17
resident evil,Resident Evil: Revelations,2070000.0,610000.0,690000.0,590000.0,180000.0,76.8,8.1,2012-02-07,2012,17
resident evil,Resident Evil: Revelations 2,1240000.0,370000.0,380000.0,360000.0,120000.0,63.4,7.8,2015-02-24,2015,17
resident evil,Resident Evil: Revelations Collection,270000.0,180000.0,0.0,70000.0,20000.0,78.0,8.3,2017-11-28,2017,17
resident evil,Resident Evil: Survivor,710000.0,230000.0,150000.0,290000.0,50000.0,39.0,6.1,2000-08-30,2000,17
resident evil,Resident Evil: The Darkside Chronicles,1050000.0,460000.0,310000.0,200000.0,90000.0,75.0,7.9,2009-11-17,2009,17
resident evil,Resident Evil: The Mercenaries 3D,490000.0,160000.0,170000.0,130000.0,30000.0,65.0,6.6,2011-06-28,2011,17
resident evil,Resident Evil: Umbrella Corps,40000.0,0.0,0.0,40000.0,0.0,38.0,2.5,2016-06-21,2016,17
star wars,Angry Birds: Star Wars,1770000.0,860000.0,720000.0,0.0,210000.0,54.6,4.3,2013-10-29,2013,21
star wars,Kinect Star Wars,1760000.0,1050000.0,530000.0,30000.0,150000.0,55.0,3.7,2012-04-03,2012,21
star wars,LEGO Star Wars II: The Original Trilogy,7320000.0,5080000.0,1530000.0,10000.0,690000.0,75.6,7.8,2006-09-12,2006,21
star wars,LEGO Star Wars III: The Clone Wars,6940000.0,3700000.0,2550000.0,0.0,680000.0,72.7,7.3,2011-03-22,2011,21
star wars,LEGO Star Wars: The Complete Saga,15330000.0,8950000.0,4820000.0,0.0,1570000.0,80.0,7.4,2007-11-06,2007,21
star wars,Lego Star Wars: The Force Awakens,3150000.0,880000.0,1780000.0,80000.0,380000.0,75.3,7.5,2016-06-28,2016,21
star wars,Star Wars Battlefront,5360000.0,3170000.0,1670000.0,30000.0,510000.0,81.0,8.6,2004-09-20,2004,21
star wars,Star Wars Battlefront II,6480000.0,4450000.0,1470000.0,40000.0,530000.0,78.7,8.8,2005-11-01,2005,21
star wars,Star Wars Battlefront: Elite Squadron,770000.0,380000.0,240000.0,0.0,160000.0,63.0,8.2,2009-11-03,2009,21
star wars,Star Wars Battlefront: Renegade Squadron,1680000.0,900000.0,470000.0,0.0,320000.0,73.0,7.8,2007-10-09,2007,21
star wars,Star Wars Episode II: Attack of the Clones,770000.0,550000.0,200000.0,0.0,10000.0,38.0,4.3,2002-05-30,2002,21
star wars,Star Wars Episode III: Revenge of the Sith,5590000.0,3060000.0,1990000.0,30000.0,500000.0,66.8,7.8,2005-05-04,2005,21
star wars,Star Wars Jedi Knight II: Jedi Outcast,540000.0,410000.0,120000.0,0.0,20000.0,78.0,7.0,2003-11-19,2003,21
star wars,Star Wars Jedi Knight: Jedi Academy,450000.0,340000.0,100000.0,0.0,20000.0,76.0,8.1,2003-11-19,2003,21
star wars,Star Wars Racer Revenge,310000.0,150000.0,120000.0,0.0,40000.0,73.0,8.0,2002-02-11,2002,21
star wars,Star Wars Rogue Leader: Rogue Squadron II,1900000.0,1030000.0,750000.0,30000.0,90000.0,90.0,8.6,2001-11-09,2001,21
star wars,Star Wars Rogue Squadron III: Rebel Strike,800000.0,620000.0,160000.0,0.0,20000.0,75.0,7.5,2003-10-15,2003,21
star wars,Star Wars Starfighter: Special Edition,420000.0,300000.0,100000.0,0.0,20000.0,76.0,8.3,2001-11-26,2001,21
star wars,Star Wars The Clone Wars: Jedi Alliance,780000.0,610000.0,110000.0,0.0,60000.0,68.0,7.7,2008-11-11,2008,21
star wars,Star Wars The Clone Wars: Lightsaber Duels,1650000.0,1210000.0,300000.0,0.0,140000.0,56.0,6.7,2008-11-11,2008,21
star wars,Star Wars The Clone Wars: Republic Heroes,2720000.0,1400000.0,950000.0,0.0,370000.0,51.6,5.7,2009-10-06,2009,21
star wars,Star Wars Trilogy: Apprentice of the Force,420000.0,300000.0,110000.0,0.0,10000.0,60.0,6.3,2004-09-21,2004,21
star wars,Star Wars: Bounty Hunter,1350000.0,730000.0,470000.0,0.0,150000.0,66.0,8.0,2002-11-22,2002,21
star wars,Star Wars: Dark Forces,1950000.0,1090000.0,770000.0,0.0,90000.0,83.0,7.5,1995-02-28,1995,21
star wars,Star Wars: Demolition,460000.0,250000.0,170000.0,0.0,30000.0,63.0,7.2,2000-11-12,2000,21
star wars,Star Wars: Flight of the Falcon,350000.0,250000.0,90000.0,0.0,10000.0,39.0,5.9,2003-11-18,2003,21
star wars,Star Wars: Jedi Starfighter,500000.0,240000.0,190000.0,0.0,60000.0,81.0,8.3,2002-03-10,2002,21
star wars,Star Wars: Knights of the Old Republic,140000.0,10000.0,110000.0,0.0,20000.0,93.0,9.0,2003-11-18,2003,21
star wars,Star Wars: Lethal Alliance,130000.0,110000.0,10000.0,0.0,10000.0,61.0,6.7,2006-12-07,2006,21
star wars,Star Wars: Obi-Wan,700000.0,520000.0,160000.0,0.0,20000.0,58.0,5.6,2001-12-19,2001,21
star wars,Star Wars: Republic Commando,720000.0,480000.0,220000.0,0.0,20000.0,78.0,8.6,2005-02-28,2005,21
star wars,Star Wars: Super Bombad Racing,160000.0,80000.0,60000.0,0.0,20000.0,71.0,5.3,2001-04-23,2001,21
star wars,Star Wars: The Force Unleashed,10070000.0,5280000.0,2900000.0,10000.0,1880000.0,69.0,7.0,2008-09-16,2008,21
star wars,Star Wars: The Force Unleashed II,3980000.0,2480000.0,1090000.0,0.0,410000.0,59.4,6.0,2010-10-26,2010,21
angry birds,Angry Birds,230000.0,0.0,190000.0,0.0,50000.0,83.0,7.2,2011-01-04,2011,7
angry birds,Angry Birds Trilogy,1080000.0,680000.0,290000.0,0.0,120000.0,63.7,4.1,2012-09-25,2012,7
angry birds,Angry Birds: Rio,90000.0,0.0,70000.0,0.0,20000.0,75.0,6.2,2011-11-25,2011,7
angry birds,Angry Birds: Star Wars,1770000.0,860000.0,720000.0,0.0,210000.0,54.6,4.3,2013-10-29,2013,7
angry birds,NG,10000.0,0.0,0.0,10000.0,0.0,73.0,9.3,2018-09-13,2018,7
tomb raider,Lara Croft Tomb Raider: The Angel of Darkness,1250000.0,610000.0,480000.0,0.0,160000.0,52.0,6.5,2003-06-20,2003,22
tomb raider,Rise of the Tomb Raider,370000.0,210000.0,120000.0,0.0,30000.0,52.0,7.7,2015-11-10,2015,22
tomb raider,Shadow of the Tomb Raider,2520000.0,1050000.0,1070000.0,60000.0,340000.0,78.5,7.2,2018-09-14,2018,22
tomb raider,The Tomb Raider Trilogy,890000.0,270000.0,480000.0,0.0,140000.0,78.0,8.3,2011-03-22,2011,22
tomb raider,Tomb Raider,5660000.0,3250000.0,2040000.0,130000.0,240000.0,88.5,8.4,1996-11-14,1996,22
tomb raider,Tomb Raider III: Adventures of Lara Croft,620000.0,590000.0,30000.0,0.0,0.0,93.0,8.1,1998-11-30,1998,22
tomb raider,Tomb Raider: Anniversary,2340000.0,860000.0,1130000.0,0.0,360000.0,74.4,8.1,2007-11-13,2007,22
tomb raider,Tomb Raider: Definitive Edition,2170000.0,850000.0,960000.0,60000.0,290000.0,85.5,7.9,2014-01-28,2014,22
tomb raider,Tomb Raider: Legend,1650000.0,810000.0,600000.0,30000.0,220000.0,75.6,7.6,2006-04-11,2006,22
tomb raider,Tomb Raider: The Last Revelation,410000.0,410000.0,0.0,0.0,0.0,77.0,8.5,1999-10-31,1999,22
tomb raider,Tomb Raider: The Prophecy,140000.0,100000.0,40000.0,0.0,0.0,66.0,8.4,2002-11-12,2002,22
tomb raider,Tomb Raider: Underworld,3230000.0,1350000.0,1370000.0,60000.0,440000.0,68.3,7.1,2008-11-18,2008,22
spider-man,Spider-Man,3130000.0,1700000.0,1250000.0,20000.0,160000.0,87.0,8.8,2000-08-30,2000,11
spider-man,Spider-Man 2,7630000.0,4740000.0,2140000.0,50000.0,690000.0,72.7,7.5,2004-06-28,2004,11
spider-man,Spider-Man 2: Enter: Electro,1550000.0,570000.0,870000.0,20000.0,90000.0,74.0,8.3,2001-10-17,2001,11
spider-man,Spider-Man 3,3410000.0,2350000.0,640000.0,30000.0,410000.0,59.9,6.7,2007-05-04,2007,11
spider-man,Spider-Man: Battle for New York,130000.0,120000.0,0.0,0.0,10000.0,68.0,6.8,2006-11-14,2006,11
spider-man,Spider-Man: Edge of Time,690000.0,450000.0,170000.0,0.0,70000.0,56.8,6.4,2011-10-04,2011,11
spider-man,Spider-Man: Friend or Foe,990000.0,870000.0,20000.0,0.0,90000.0,59.2,6.5,2007-10-02,2007,11
spider-man,Spider-Man: Mysterio's Menace,610000.0,430000.0,160000.0,0.0,10000.0,84.0,8.1,2001-09-19,2001,11
spider-man,Spider-Man: Shattered Dimensions,1230000.0,790000.0,320000.0,0.0,110000.0,74.5,7.6,2010-09-07,2010,11
spider-man,Spider-Man: The Movie,7070000.0,4640000.0,2060000.0,40000.0,320000.0,77.0,7.5,2002-04-15,2002,11
spider-man,Spider-Man: Web of Shadows,1240000.0,970000.0,170000.0,0.0,110000.0,66.0,7.2,2008-10-21,2008,11
spider-man,Ultimate Spider-Man,1940000.0,1520000.0,280000.0,0.0,150000.0,73.7,7.8,2005-09-22,2005,11
hitman,Hitman,1090000.0,440000.0,440000.0,60000.0,140000.0,84.5,7.6,2017-01-31,2017,16
hitman,Hitman 2,730000.0,330000.0,280000.0,20000.0,100000.0,83.0,7.8,2018-11-13,2018,16
hitman,Hitman 2: Silent Assassin,4280000.0,2220000.0,1560000.0,40000.0,460000.0,84.0,7.0,2002-10-01,2002,16
hitman,Hitman: Absolution,3760000.0,1270000.0,1960000.0,80000.0,450000.0,81.0,7.4,2012-11-20,2012,16
hitman,Hitman: Blood Money,1060000.0,650000.0,310000.0,10000.0,100000.0,82.0,8.6,2006-05-30,2006,16
hitman,Hitman: Contracts,340000.0,260000.0,70000.0,0.0,10000.0,78.0,8.8,2004-04-20,2004,16
hitman,Hitman: HD Trilogy,380000.0,140000.0,190000.0,0.0,40000.0,70.0,7.4,2013-01-29,2013,16
dishonored,Dishonored,2230000.0,1330000.0,690000.0,10000.0,200000.0,89.5,8.2,2013-04-16,2013,4
dishonored,Dishonored 2,3090000.0,1170000.0,1500000.0,10000.0,410000.0,87.3,7.4,2016-11-10,2016,4
dishonored,Dishonored: Death of the Outsider,470000.0,170000.0,240000.0,0.0,60000.0,83.0,6.6,2017-09-15,2017,4
dishonored,Dishonored: Definitive Edition,610000.0,250000.0,260000.0,20000.0,80000.0,78.0,7.6,2015-08-25,2015,4
far cry,Far Cry 3,6250000.0,2260000.0,3120000.0,120000.0,750000.0,90.5,8.6,2012-12-04,2012,12
far cry,Far Cry 3: Classic Edition,10000.0,0.0,0.0,10000.0,0.0,70.0,7.1,2018-07-05,2018,12
far cry,Far Cry 4,7290000.0,2670000.0,3600000.0,130000.0,900000.0,78.5,7.4,2014-11-18,2014,12
far cry,Far Cry 5,5800000.0,2580000.0,2270000.0,150000.0,790000.0,80.3,6.5,2018-03-27,2018,12
far cry,Far Cry Instincts Evolution,80000.0,60000.0,20000.0,0.0,0.0,78.0,6.6,2006-03-28,2006,12
far cry,Far Cry Instincts Predator,240000.0,200000.0,30000.0,0.0,20000.0,78.0,6.4,2006-03-28,2006,12
far cry,Far Cry Vengeance,80000.0,60000.0,10000.0,0.0,10000.0,38.0,5.5,2006-12-12,2006,12
far cry,Far Cry: Primal,3980000.0,1210000.0,2180000.0,70000.0,520000.0,75.7,6.2,2016-02-23,2016,12
just cause,Just Cause,180000.0,110000.0,50000.0,10000.0,10000.0,71.7,7.3,2006-09-27,2006,12
just cause,Just Cause 2,3350000.0,1040000.0,1750000.0,80000.0,490000.0,82.0,8.0,2010-03-23,2010,12
just cause,Just Cause 3,3150000.0,1080000.0,1600000.0,90000.0,400000.0,72.7,6.3,2015-12-01,2015,12
just cause,Just Cause 4,850000.0,350000.0,350000.0,30000.0,120000.0,67.5,5.4,2018-12-04,2018,12
saints row,Saints Row 2,4790000.0,2860000.0,1360000.0,40000.0,530000.0,78.3,7.6,2008-10-14,2008,7
saints row,Saints Row IV,3210000.0,1700000.0,1020000.0,100000.0,380000.0,81.0,6.8,2013-08-20,2013,7
saints row,Saints Row IV: Re-Elected,660000.0,280000.0,270000.0,30000.0,80000.0,74.0,7.3,2015-01-20,2015,7
saints row,Saints Row: Gat out of Hell,80000.0,0.0,70000.0,0.0,10000.0,53.7,6.1,2015-01-20,2015,7
saints row,Saints Row: The Third,5630000.0,2280000.0,2360000.0,250000.0,720000.0,83.3,7.9,2011-11-15,2011,7
harry potter,Harry Potter and the Chamber of Secrets,5660000.0,2910000.0,2090000.0,90000.0,560000.0,75.6,8.0,2002-11-14,2002,15
harry potter,Harry Potter and the Deathly Hallows - Part 1,1890000.0,830000.0,870000.0,0.0,210000.0,42.0,4.5,2010-11-09,2010,15
harry potter,Harry Potter and the Deathly Hallows - Part 2,1090000.0,550000.0,420000.0,0.0,120000.0,44.2,5.4,2011-07-12,2011,15
harry potter,Harry Potter and the Goblet of Fire,2340000.0,1850000.0,330000.0,0.0,160000.0,68.6,5.7,2005-11-08,2005,15
harry potter,Harry Potter and the Half-Blood Prince,3220000.0,1120000.0,1290000.0,0.0,800000.0,60.4,5.1,2009-06-30,2009,15
harry potter,Harry Potter and the Order of the Phoenix,2520000.0,1310000.0,880000.0,0.0,310000.0,61.6,5.5,2007-06-25,2007,15
harry potter,Harry Potter and the Prisoner of Azkaban,2150000.0,1300000.0,680000.0,0.0,160000.0,68.0,8.1,2004-06-02,2004,15
harry potter,Harry Potter and the Sorcerer's Stone,5910000.0,2500000.0,2850000.0,220000.0,350000.0,61.7,7.5,2001-11-15,2001,15
harry potter,Harry Potter: Quidditch World Cup,1690000.0,1030000.0,520000.0,0.0,130000.0,63.0,7.9,2003-10-28,2003,15
harry potter,LEGO Harry Potter Collection,1430000.0,360000.0,900000.0,0.0,180000.0,73.0,7.5,2016-10-18,2016,15
harry potter,LEGO Harry Potter: Years 1-4,8460000.0,4040000.0,3440000.0,0.0,990000.0,76.5,7.6,2010-06-29,2010,15
harry potter,LEGO Harry Potter: Years 5-7,4340000.0,1980000.0,1850000.0,0.0,520000.0,73.4,7.4,2011-11-11,2011,15
tom clancys,Tom Clancy's EndWar,1780000.0,1090000.0,480000.0,20000.0,220000.0,72.5,7.1,2008-11-04,2008,15
tom clancys,Tom Clancy's Ghost Recon,2210000.0,1630000.0,440000.0,0.0,130000.0,56.0,6.1,2010-11-16,2010,15
tom clancys,Tom Clancy's Ghost Recon 2,2510000.0,1560000.0,800000.0,0.0,160000.0,64.0,5.4,2004-11-16,2004,15
tom clancys,Tom Clancy's Ghost Recon 2: Summit Strike,390000.0,290000.0,80000.0,0.0,10000.0,84.0,7.0,2005-08-02,2005,15
tom clancys,Tom Clancy's Ghost Recon Advanced Warfighter 2,540000.0,350000.0,110000.0,0.0,80000.0,68.5,6.2,2007-08-23,2007,15
tom clancys,Tom Clancy's Ghost Recon Wildlands,3120000.0,1070000.0,1350000.0,220000.0,470000.0,70.0,6.3,2017-03-07,2017,15
tom clancys,Tom Clancy's Ghost Recon: Future Soldier,2610000.0,1400000.0,830000.0,110000.0,280000.0,76.3,6.4,2012-05-22,2012,15
tom clancys,Tom Clancy's Ghost Recon: Island Thunder,870000.0,610000.0,240000.0,0.0,30000.0,81.0,8.1,2003-08-06,2003,15
tom clancys,Tom Clancy's Ghost Recon: Jungle Storm,1160000.0,570000.0,440000.0,0.0,150000.0,70.0,6.0,2004-03-16,2004,15
tom clancys,Tom Clancy's Ghost Recon: Shadow Wars,340000.0,220000.0,100000.0,0.0,30000.0,77.0,7.9,2011-03-22,2011,15
tom clancys,Tom Clancy's HAWX,1180000.0,520000.0,440000.0,70000.0,160000.0,72.3,7.4,2009-03-03,2009,15
tom clancys,Tom Clancy's HAWX 2,920000.0,510000.0,280000.0,40000.0,100000.0,62.8,6.3,2010-09-07,2010,15
tom clancys,Tom Clancy's Rainbow Six 3,2360000.0,1310000.0,880000.0,0.0,170000.0,78.0,8.3,2003-11-12,2003,15
tom clancys,Tom Clancy's Rainbow Six: Critical Hour,60000.0,40000.0,10000.0,0.0,0.0,54.0,3.6,2006-03-14,2006,15
tom clancys,Tom Clancy's Rainbow Six: Lockdown,810000.0,470000.0,270000.0,0.0,60000.0,72.0,7.2,2005-09-06,2005,15
tom clancys,Tom Clancy's Rainbow Six: Rogue Spear,110000.0,80000.0,30000.0,0.0,0.0,76.0,7.2,2002-03-18,2002,15
tom clancys,Tom Clancy's Rainbow Six: Siege,7370000.0,3090000.0,2990000.0,360000.0,920000.0,75.3,7.2,2015-12-01,2015,15
tom clancys,Tom Clancy's Rainbow Six: Vegas,3950000.0,1980000.0,1380000.0,50000.0,550000.0,78.0,7.6,2006-11-20,2006,15
tom clancys,Tom Clancy's Rainbow Six: Vegas 2,3780000.0,2220000.0,1080000.0,60000.0,430000.0,80.3,7.7,2008-03-18,2008,15
tom clancys,Tom Clancy's Splinter Cell,5910000.0,3180000.0,2200000.0,0.0,540000.0,90.5,8.2,2002-11-17,2002,15
tom clancys,Tom Clancy's Splinter Cell 3D,300000.0,140000.0,70000.0,70000.0,20000.0,53.0,5.7,2011-04-10,2011,15
tom clancys,Tom Clancy's Splinter Cell: Blacklist,2320000.0,1010000.0,980000.0,70000.0,270000.0,80.8,7.6,2013-08-20,2013,15
tom clancys,Tom Clancy's Splinter Cell: Chaos Theory,2230000.0,1180000.0,850000.0,0.0,200000.0,78.0,8.1,2005-03-28,2005,15
tom clancys,Tom Clancy's Splinter Cell: Conviction,2160000.0,1200000.0,700000.0,40000.0,210000.0,84.0,6.6,2010-04-13,2010,15
tom clancys,Tom Clancy's Splinter Cell: Double Agent,1230000.0,1010000.0,90000.0,10000.0,100000.0,72.0,7.2,2006-11-28,2006,15
tom clancys,Tom Clancy's Splinter Cell: Essentials,200000.0,170000.0,10000.0,0.0,20000.0,58.0,7.4,2006-03-21,2006,15
tom clancys,Tom Clancy's Splinter Cell: Pandora Tomorrow,2870000.0,1450000.0,1190000.0,0.0,240000.0,81.5,7.7,2004-07-20,2004,15
tom clancys,Tom Clancy's The Division,4850000.0,1750000.0,2220000.0,160000.0,730000.0,79.5,6.5,2016-03-08,2016,15
wwe 2k,WWE 2K14,2320000.0,1130000.0,890000.0,0.0,300000.0,74.5,7.5,2013-10-29,2013,5
wwe 2k,WWE 2K15,2600000.0,1150000.0,1070000.0,0.0,380000.0,55.7,4.1,2014-11-18,2014,5
wwe 2k,WWE 2K16,2480000.0,1010000.0,1120000.0,0.0,360000.0,74.3,6.1,2015-10-27,2015,5
wwe 2k,WWE 2K17,2460000.0,830000.0,1280000.0,0.0,330000.0,76.0,5.3,2016-10-11,2016,5
wwe 2k,WWE 2K18,2220000.0,940000.0,1000000.0,0.0,300000.0,56.0,3.8,2017-10-17,2017,5
wwe 2k,WWE 2K19,1460000.0,660000.0,600000.0,0.0,200000.0,76.5,5.2,2018-10-09,2018,5
ape escape,Ape Escape,1630000.0,710000.0,480000.0,320000.0,110000.0,90.0,8.6,1999-05-31,1999,12
ape escape,Ape Escape 2,630000.0,120000.0,90000.0,380000.0,30000.0,82.0,8.3,2003-06-30,2003,12
ape escape,Ape Escape 3,130000.0,60000.0,50000.0,0.0,20000.0,77.0,8.6,2006-01-17,2006,12
ape escape,Ape Escape Academy,330000.0,130000.0,150000.0,0.0,50000.0,51.0,6.2,2006-01-17,2006,12
ape escape,Ape Escape: On the Loose,700000.0,520000.0,10000.0,120000.0,50000.0,66.0,6.8,2005-03-22,2005,12
ape escape,PlayStation Move Ape Escape,40000.0,0.0,30000.0,0.0,10000.0,43.0,4.6,2011-07-05,2011,12
arcana heart,Arcana Heart,160000.0,60000.0,50000.0,40000.0,20000.0,77.0,7.9,2008-04-10,2008,6
arcana heart,Arcana Heart 3,200000.0,40000.0,50000.0,100000.0,20000.0,73.0,7.2,2014-09-23,2014,6
army men,Army Men: Air Attack 2,300000.0,170000.0,110000.0,0.0,20000.0,74.0,6.3,2000-09-26,2000,6
army men,Army Men: Major Malfunction,20000.0,10000.0,0.0,0.0,0.0,36.0,4.0,2006-04-14,2006,6
army men,Army Men: RTS,180000.0,100000.0,50000.0,0.0,10000.0,67.5,7.9,2002-03-27,2002,6
army men,Army Men: Sarge's Heroes 2,410000.0,230000.0,160000.0,0.0,40000.0,51.0,6.0,2000-11-21,2000,6
army men,Army Men: Sarge's War,150000.0,120000.0,30000.0,0.0,0.0,56.0,6.5,2004-08-21,2004,6
asphalt,Asphalt 3D,490000.0,270000.0,160000.0,20000.0,40000.0,43.0,5.1,2011-03-22,2011,8
asphalt,Asphalt: Injection,260000.0,140000.0,70000.0,0.0,50000.0,49.0,5.0,2012-02-14,2012,8
asphalt,Asphalt: Urban GT,590000.0,310000.0,220000.0,0.0,60000.0,60.0,7.6,2004-11-17,2004,8
sims,MySims,5340000.0,2480000.0,2160000.0,120000.0,570000.0,68.3,6.8,2007-09-18,2007,18
sims,MySims Agents,2120000.0,1170000.0,740000.0,0.0,210000.0,69.0,7.4,2009-09-29,2009,18
sims,MySims Kingdom,1520000.0,700000.0,640000.0,10000.0,160000.0,76.0,8.2,2008-10-28,2008,18
sims,MySims Racing,1080000.0,440000.0,520000.0,0.0,120000.0,67.5,6.8,2009-06-08,2009,18
sims,MySims SkyHeroes,400000.0,250000.0,100000.0,0.0,40000.0,61.5,5.4,2010-09-28,2010,18
sims,The Sims,3260000.0,1760000.0,1250000.0,0.0,250000.0,84.0,7.6,2003-03-25,2003,18
sims,The Sims 2,3160000.0,1890000.0,810000.0,0.0,470000.0,69.2,6.9,2005-12-07,2005,18
sims,The Sims 2: Apartment Life,80000.0,0.0,80000.0,0.0,10000.0,75.0,7.6,2008-08-26,2008,18
sims,The Sims 2: Apartment Pets,690000.0,310000.0,300000.0,0.0,70000.0,50.0,2.2,2008-08-26,2008,18
sims,The Sims 2: Bon Voyage,30000.0,10000.0,10000.0,0.0,0.0,74.0,7.5,2007-09-04,2007,18
sims,The Sims 2: Glamour Life Stuff,30000.0,0.0,30000.0,0.0,10000.0,73.0,6.8,2006-08-28,2006,18
sims,The Sims 2: Ikea Home Stuff,80000.0,0.0,70000.0,0.0,10000.0,43.0,4.7,2008-06-23,2008,18
sims,The Sims 2: Open for Business,520000.0,460000.0,50000.0,0.0,0.0,78.0,8.7,2006-02-28,2006,18
sims,The Sims 2: Pets,3910000.0,1750000.0,1410000.0,0.0,760000.0,61.0,7.0,2006-10-31,2006,18
sims,The Sims 2: Seasons,70000.0,10000.0,40000.0,0.0,10000.0,78.0,7.5,2007-02-27,2007,18
sims,The Sims 3,5210000.0,2570000.0,2130000.0,30000.0,480000.0,69.2,4.8,2010-10-26,2010,18
sims,The Sims 3: Ambitions,450000.0,0.0,290000.0,0.0,160000.0,74.0,7.1,2010-06-01,2010,18
sims,The Sims 3: Barnacle Bay,80000.0,80000.0,0.0,0.0,10000.0,56.0,6.3,2011-03-08,2011,18
sims,The Sims 3: Fast Lane Stuff,80000.0,10000.0,50000.0,0.0,10000.0,56.0,5.2,2010-09-07,2010,18
sims,The Sims 3: Generations,630000.0,400000.0,230000.0,0.0,0.0,70.0,3.8,2011-05-31,2011,18
sims,The Sims 3: Late Night Expansion Pack,1690000.0,590000.0,880000.0,0.0,220000.0,74.0,5.4,2010-10-26,2010,18
sims,The Sims 3: Pets,540000.0,540000.0,0.0,0.0,0.0,79.0,6.0,2011-10-18,2011,18
sims,The Sims 3: Seasons,150000.0,0.0,140000.0,0.0,10000.0,73.0,7.4,2012-11-13,2012,18
sims,The Sims 3: Town Life Stuff,340000.0,110000.0,180000.0,0.0,50000.0,80.0,6.0,2011-07-26,2011,18
sims,The Sims 3: World Adventures,570000.0,20000.0,180000.0,0.0,370000.0,81.0,7.7,2009-11-16,2009,18
sims,The Sims 4,5490000.0,1640000.0,3320000.0,10000.0,520000.0,68.0,4.0,2014-09-02,2014,18
sims,The Sims 4 Seasons,50000.0,0.0,50000.0,0.0,0.0,81.0,6.3,2018-06-22,2018,18
sims,The Sims 4: City Living,350000.0,30000.0,300000.0,0.0,20000.0,78.0,5.8,2016-11-01,2016,18
sims,The Sims 4: Get Famous,60000.0,0.0,60000.0,0.0,0.0,77.0,5.5,2018-11-16,2018,18
sims,The Sims 4: Get Together,350000.0,50000.0,270000.0,0.0,20000.0,72.0,7.3,2015-12-08,2015,18
sims,The Sims 4: Luxury Party Stuff,20000.0,0.0,20000.0,0.0,0.0,76.0,5.1,2015-05-19,2015,18
sims,The Sims: Bustin' Out,1220000.0,830000.0,340000.0,0.0,50000.0,81.0,8.5,2003-12-15,2003,18
sims,The Sims: Complete Collection,20000.0,10000.0,10000.0,0.0,0.0,46.0,7.3,2005-11-02,2005,18
sims,The Sims: Hot Date,1820000.0,1810000.0,0.0,0.0,0.0,85.0,7.7,2001-11-21,2001,18
sims,The Sims: House Party,2160000.0,1230000.0,830000.0,0.0,100000.0,74.0,7.8,2001-03-26,2001,18
sims,The Sims: Life Stories,10000.0,0.0,10000.0,0.0,0.0,72.0,7.5,2007-02-06,2007,18
sims,The Sims: Livin Large,2990000.0,1670000.0,1180000.0,0.0,130000.0,82.0,7.2,2000-08-27,2000,18
sims,The Sims: Makin' Magic,1920000.0,1030000.0,800000.0,0.0,90000.0,80.0,7.9,2003-10-28,2003,18
sims,The Sims: Medieval,700000.0,290000.0,320000.0,0.0,90000.0,77.0,6.0,2011-03-22,2011,18
sims,The Sims: Vacation,3070000.0,1720000.0,1210000.0,0.0,140000.0,75.0,7.8,2002-03-25,2002,18
sims,The Urbz: Sims in the City,3120000.0,1350000.0,1420000.0,0.0,350000.0,71.2,7.9,2004-11-09,2004,18
mafia,Mafia,970000.0,510000.0,360000.0,0.0,100000.0,73.0,8.2,2004-01-28,2004,12
mafia,Mafia II,3050000.0,1350000.0,1250000.0,40000.0,400000.0,74.5,7.8,2010-08-24,2010,12
mafia,Mafia III,3980000.0,1260000.0,2150000.0,40000.0,530000.0,67.5,5.0,2016-10-07,2016,12
pac-man,PAC-MAN and the Ghostly Adventures,220000.0,100000.0,90000.0,0.0,30000.0,52.7,5.0,2013-10-29,2013,13
pac-man,Pac-Man Collection,2940000.0,2070000.0,770000.0,50000.0,50000.0,79.0,7.4,2001-07-12,2001,13
pac-man,Pac-Man Fever,790000.0,460000.0,260000.0,0.0,80000.0,50.5,6.0,2002-09-02,2002,13
pac-man,Pac-Man Party,620000.0,470000.0,80000.0,10000.0,50000.0,59.0,6.4,2010-11-16,2010,13
pac-man,Pac-Man Party 3D,150000.0,90000.0,40000.0,0.0,10000.0,43.0,4.6,2011-11-08,2011,13
pac-man,Pac-Man World 2,1880000.0,1540000.0,120000.0,0.0,220000.0,73.5,8.0,2002-02-24,2002,13
pac-man,Pac-Man World 3,540000.0,390000.0,100000.0,0.0,50000.0,58.5,7.0,2005-11-15,2005,13
pac-man,Pac-Man World Rally,60000.0,50000.0,10000.0,0.0,0.0,52.5,7.9,2006-08-22,2006,13
pac-man,Pac-Man and the Ghostly Adventures 2,280000.0,150000.0,90000.0,0.0,40000.0,67.0,6.6,2014-10-14,2014,13
dragon ball z,Dragon Ball FighterZ,960000.0,590000.0,220000.0,70000.0,80000.0,86.5,7.6,2018-01-26,2018,16
dragon ball z,Dragon Ball GT: Transformation,280000.0,200000.0,80000.0,0.0,10000.0,69.0,7.7,2005-08-09,2005,16
dragon ball z,Dragon Ball Z for Kinect,10000.0,10000.0,0.0,0.0,0.0,49.0,2.2,2012-10-09,2012,16
dragon ball z,Dragon Ball Z: Attack of the Saiyans,360000.0,120000.0,20000.0,210000.0,10000.0,73.0,8.1,2009-11-10,2009,16
dragon ball z,Dragon Ball Z: Battle of Z,510000.0,110000.0,210000.0,130000.0,50000.0,57.7,6.0,2014-01-28,2014,16
dragon ball z,Dragon Ball Z: Budokai,690000.0,530000.0,140000.0,0.0,20000.0,65.0,6.8,2003-10-28,2003,16
dragon ball z,Dragon Ball Z: Budokai 2,270000.0,210000.0,60000.0,0.0,10000.0,66.0,6.5,2004-12-15,2004,16
dragon ball z,Dragon Ball Z: Budokai Tenkaichi 2,290000.0,240000.0,30000.0,0.0,20000.0,72.0,8.5,2006-11-15,2006,16
dragon ball z,Dragon Ball Z: Budokai Tenkaichi 3,1030000.0,320000.0,360000.0,260000.0,80000.0,72.0,8.5,2007-12-03,2007,16
dragon ball z,Dragon Ball Z: Burst Limit,1340000.0,460000.0,520000.0,210000.0,170000.0,71.5,7.6,2008-06-10,2008,16
dragon ball z,Dragon Ball Z: Buu's Fury,610000.0,440000.0,160000.0,0.0,10000.0,62.0,8.5,2004-09-14,2004,16
dragon ball z,Dragon Ball Z: Collectible Card Game,460000.0,330000.0,120000.0,0.0,10000.0,62.0,6.4,2002-05-29,2002,16
dragon ball z,Dragon Ball Z: Extreme Butoden,350000.0,130000.0,30000.0,170000.0,20000.0,61.0,7.1,2015-10-20,2015,16
dragon ball z,Dragon Ball Z: Harukanaru Densetsu,200000.0,190000.0,0.0,0.0,20000.0,57.0,6.7,2007-06-05,2007,16
dragon ball z,Dragon Ball Z: Infinite World,360000.0,80000.0,60000.0,210000.0,20000.0,48.0,8.0,2008-11-04,2008,16
dragon ball z,Dragon Ball Z: Sagas,910000.0,720000.0,100000.0,0.0,80000.0,49.3,6.5,2005-03-22,2005,16
dragon ball z,Dragon Ball Z: Shin Budokai,540000.0,260000.0,80000.0,130000.0,70000.0,70.0,8.1,2006-03-07,2006,16
dragon ball z,Dragon Ball Z: Supersonic Warriors,510000.0,360000.0,130000.0,0.0,10000.0,73.0,7.1,2004-06-22,2004,16
dragon ball z,Dragon Ball Z: Supersonic Warriors 2,490000.0,130000.0,20000.0,320000.0,20000.0,66.0,7.5,2005-11-20,2005,16
dragon ball z,Dragon Ball Z: Taiketsu,1080000.0,770000.0,290000.0,0.0,20000.0,40.0,6.1,2003-11-24,2003,16
dragon ball z,Dragon Ball Z: Tenkaichi Tag Team,270000.0,110000.0,40000.0,90000.0,30000.0,63.0,8.6,2010-10-19,2010,16
dragon ball z,Dragon Ball Z: The Legacy of Goku II,1090000.0,780000.0,290000.0,0.0,20000.0,75.0,8.5,2003-06-17,2003,16
dragon ball z,Dragon Ball Z: Ultimate Tenkaichi,1160000.0,660000.0,280000.0,100000.0,120000.0,56.5,5.6,2011-10-25,2011,16
dragon ball z,Dragon Ball: Advanced Adventure,40000.0,30000.0,10000.0,0.0,0.0,75.0,8.4,2006-06-06,2006,16
dragon ball z,Dragon Ball: Evolution,100000.0,90000.0,0.0,0.0,10000.0,28.0,1.4,2009-04-08,2009,16
dragon ball z,Dragon Ball: Origins,120000.0,80000.0,30000.0,0.0,10000.0,78.0,7.9,2008-11-04,2008,16
dragon ball z,Dragon Ball: Origins 2,160000.0,50000.0,20000.0,80000.0,10000.0,70.0,8.0,2010-06-22,2010,16
dragon ball z,Dragon Ball: Raging Blast,1280000.0,730000.0,270000.0,130000.0,140000.0,56.5,7.6,2009-11-10,2009,16
dragon ball z,Dragon Ball: Raging Blast 2,1470000.0,920000.0,280000.0,120000.0,150000.0,58.5,7.7,2010-11-02,2010,16
dragon ball z,Dragon Ball: Revenge of King Piccolo,200000.0,120000.0,30000.0,30000.0,20000.0,65.0,7.5,2009-10-20,2009,16
dragon ball z,Dragon Ball: Xenoverse,630000.0,420000.0,150000.0,0.0,60000.0,78.0,7.0,2015-02-24,2015,16
dragon ball z,Dragon Ball: Xenoverse 2,550000.0,170000.0,160000.0,190000.0,30000.0,75.0,7.7,2017-09-22,2017,16
dragon ball z,Super Dragon Ball Z,370000.0,90000.0,70000.0,190000.0,20000.0,72.0,6.6,2006-07-18,2006,16
madden nfl,Madden NFL 06,3140000.0,2840000.0,140000.0,10000.0,140000.0,78.0,6.5,2005-08-08,2005,18
madden nfl,Madden NFL 07,10030000.0,8670000.0,440000.0,30000.0,930000.0,78.0,7.0,2006-08-22,2006,18
madden nfl,Madden NFL 08,7430000.0,6530000.0,190000.0,0.0,710000.0,77.1,7.3,2007-08-14,2007,18
madden nfl,Madden NFL 09,5320000.0,4550000.0,310000.0,0.0,450000.0,79.0,5.8,2008-08-12,2008,18
madden nfl,Madden NFL 09 All-Play,840000.0,770000.0,10000.0,0.0,60000.0,82.0,7.4,2008-08-12,2008,18
madden nfl,Madden NFL 10,2830000.0,2520000.0,90000.0,0.0,220000.0,85.0,6.1,2009-08-14,2009,18
madden nfl,Madden NFL 11,3920000.0,3470000.0,140000.0,0.0,310000.0,72.7,6.1,2010-08-10,2010,18
madden nfl,Madden NFL 12,5410000.0,4770000.0,260000.0,0.0,370000.0,78.0,6.1,2011-08-30,2011,18
madden nfl,Madden NFL 13,3810000.0,3080000.0,240000.0,0.0,500000.0,73.5,6.8,2012-08-28,2012,18
madden nfl,Madden NFL 15,7430000.0,5830000.0,520000.0,0.0,1080000.0,83.0,5.0,2014-08-26,2014,18
madden nfl,Madden NFL 16,5120000.0,3870000.0,400000.0,0.0,870000.0,83.3,4.4,2015-08-25,2015,18
madden nfl,Madden NFL 17,3160000.0,2660000.0,140000.0,0.0,350000.0,66.3,3.0,2016-08-23,2016,18
madden nfl,Madden NFL 18,2620000.0,1730000.0,420000.0,0.0,470000.0,82.0,3.7,2017-08-25,2017,18
madden nfl,Madden NFL 19,1510000.0,1330000.0,20000.0,0.0,160000.0,81.0,3.0,2018-08-10,2018,18
madden nfl,Madden NFL 2001,3170000.0,2770000.0,120000.0,50000.0,240000.0,90.5,7.2,2000-08-22,2000,18
madden nfl,Madden NFL 2002,3660000.0,3030000.0,180000.0,10000.0,450000.0,92.0,7.4,2001-08-19,2001,18
madden nfl,Madden NFL 2003,5460000.0,4470000.0,390000.0,10000.0,600000.0,87.7,7.8,2002-08-12,2002,18
madden nfl,Madden NFL 2004,6630000.0,5500000.0,360000.0,10000.0,770000.0,85.3,7.5,2003-08-12,2003,18
madden nfl,Madden NFL 2005,4790000.0,4420000.0,260000.0,10000.0,100000.0,79.5,7.8,2004-08-09,2004,18
madden nfl,Madden NFL 25,6160000.0,4970000.0,310000.0,0.0,890000.0,75.8,5.2,2013-08-27,2013,18
madden nfl,Madden NFL Football,410000.0,370000.0,10000.0,0.0,30000.0,49.0,5.3,2011-03-22,2011,18
nba 2k,ESPN NBA 2K5,950000.0,880000.0,40000.0,0.0,40000.0,85.0,8.1,2004-09-28,2004,16
nba 2k,NBA,210000.0,200000.0,0.0,0.0,20000.0,57.0,6.9,2005-03-16,2005,16
nba 2k,NBA 2K Playgrounds 2,140000.0,70000.0,50000.0,0.0,10000.0,69.0,5.5,2018-11-09,2018,16
nba 2k,NBA 2K10,2550000.0,2300000.0,30000.0,10000.0,210000.0,76.2,8.0,2009-10-06,2009,16
nba 2k,NBA 2K11,5040000.0,4310000.0,340000.0,40000.0,360000.0,82.8,7.7,2010-10-05,2010,16
nba 2k,NBA 2K12,3420000.0,2920000.0,250000.0,10000.0,240000.0,69.2,6.6,2011-10-04,2011,16
nba 2k,NBA 2K13,180000.0,80000.0,60000.0,0.0,10000.0,80.0,7.1,2012-11-18,2012,16
nba 2k,NBA 2K14,3760000.0,2360000.0,690000.0,50000.0,660000.0,84.5,5.8,2013-10-01,2013,16
nba 2k,NBA 2K15,7260000.0,5140000.0,1060000.0,30000.0,1030000.0,83.8,4.9,2014-10-07,2014,16
nba 2k,NBA 2K16,3540000.0,2920000.0,270000.0,0.0,370000.0,71.3,5.0,2015-09-29,2015,16
nba 2k,NBA 2K17,3900000.0,2540000.0,680000.0,30000.0,670000.0,79.0,5.0,2016-09-16,2016,16
nba 2k,NBA 2K18,3970000.0,2580000.0,640000.0,80000.0,650000.0,65.5,2.1,2017-09-19,2017,16
nba 2k,NBA 2K19,2930000.0,1930000.0,460000.0,40000.0,500000.0,82.0,3.4,2018-09-11,2018,16
nba 2k,NBA 2K2,1540000.0,830000.0,520000.0,10000.0,160000.0,89.7,7.6,2002-01-12,2002,16
nba 2k,NBA 2K3,1530000.0,870000.0,500000.0,0.0,140000.0,86.7,7.3,2002-10-08,2002,16
nba 2k,NBA 2K6,1470000.0,910000.0,430000.0,0.0,140000.0,83.0,8.4,2005-09-26,2005,16
nba 2k,NBA 2K7,1160000.0,950000.0,60000.0,0.0,140000.0,80.5,7.9,2006-09-25,2006,16
nba 2k,NBA 2K8,1450000.0,1290000.0,20000.0,0.0,150000.0,76.5,6.4,2007-10-02,2007,16
nba 2k,NBA 2K9,2300000.0,1900000.0,170000.0,0.0,220000.0,71.7,7.4,2008-10-07,2008,16
darksiders,Darksiders,1490000.0,760000.0,480000.0,30000.0,210000.0,82.7,7.8,2010-01-05,2010,8
darksiders,Darksiders II,1800000.0,870000.0,710000.0,10000.0,210000.0,84.0,7.7,2012-08-14,2012,8
darksiders,Darksiders II: Deathinitive Edition,320000.0,150000.0,130000.0,0.0,50000.0,73.5,7.2,2015-10-30,2015,8
darksiders,Darksiders III,380000.0,240000.0,80000.0,0.0,50000.0,67.7,7.1,2018-11-27,2018,8
darksiders,Darksiders: Warmastered Edition,180000.0,120000.0,30000.0,0.0,20000.0,79.3,7.8,2016-11-22,2016,8
dead or alive,Dead or Alive,280000.0,90000.0,60000.0,100000.0,20000.0,84.0,8.5,1998-03-31,1998,17
dead or alive,Dead or Alive 5,980000.0,430000.0,230000.0,240000.0,100000.0,75.0,7.8,2015-02-17,2015,17
dead or alive,Dead or Alive 5 Last Round,450000.0,140000.0,160000.0,100000.0,50000.0,71.5,7.0,2015-02-17,2015,17
dead or alive,Dead or Alive 5 Plus,100000.0,0.0,60000.0,30000.0,20000.0,80.0,8.0,2013-03-19,2013,17
dead or alive,Dead or Alive Paradise,200000.0,80000.0,20000.0,70000.0,20000.0,38.0,5.8,2010-03-30,2010,17
dead or alive,Dead or Alive Ultimate,500000.0,300000.0,100000.0,80000.0,20000.0,83.0,8.8,2004-10-26,2004,17
dead or alive,Dead or Alive Xtreme 2,250000.0,150000.0,20000.0,60000.0,20000.0,53.0,7.0,2006-11-13,2006,17
dead or alive,Dead or Alive Xtreme Beach Volleyball,590000.0,360000.0,80000.0,140000.0,20000.0,73.0,7.9,2003-01-22,2003,17
dead or alive,Dead or Alive: Dimensions,450000.0,130000.0,220000.0,70000.0,30000.0,79.0,8.1,2011-05-24,2011,17
dead space,Dead Space,3990000.0,1940000.0,1590000.0,0.0,480000.0,87.7,8.5,2008-10-13,2008,5
dead space,Dead Space 2,1840000.0,1070000.0,590000.0,0.0,170000.0,88.5,8.5,2011-01-25,2011,5
dead space,Dead Space 3,2210000.0,1110000.0,830000.0,0.0,270000.0,77.3,6.3,2013-02-05,2013,5
dead space,Dead Space Extraction,470000.0,320000.0,100000.0,10000.0,40000.0,82.0,7.8,2009-09-28,2009,5
disgaea,Disgaea 1 Complete,130000.0,70000.0,10000.0,20000.0,10000.0,79.5,7.6,2018-10-09,2018,17
disgaea,Disgaea 2: Cursed Memories,330000.0,90000.0,70000.0,150000.0,20000.0,84.0,6.9,2006-08-29,2006,17
disgaea,Disgaea 2: Dark Hero Days,250000.0,100000.0,10000.0,120000.0,20000.0,83.0,8.3,2009-09-08,2009,17
disgaea,Disgaea 3: Absence of Detention,290000.0,110000.0,60000.0,70000.0,40000.0,78.0,8.3,2012-04-17,2012,17
disgaea,Disgaea 3: Absence of Justice,550000.0,360000.0,30000.0,110000.0,50000.0,78.0,8.2,2008-08-26,2008,17
disgaea,Disgaea 4: A Promise Unforgotten,160000.0,30000.0,30000.0,80000.0,20000.0,82.0,8.0,2020-12-31,2020,17
disgaea,Disgaea 5 Complete,340000.0,150000.0,110000.0,50000.0,20000.0,81.0,8.3,2017-05-23,2017,17
disgaea,Disgaea 5: Alliance of Vengeance,350000.0,150000.0,80000.0,70000.0,50000.0,80.0,8.2,2015-10-06,2015,17
disgaea,Disgaea DS,180000.0,110000.0,10000.0,50000.0,10000.0,82.0,7.8,2008-09-23,2008,17
disgaea,Disgaea Infinite,100000.0,80000.0,0.0,10000.0,20000.0,64.0,7.1,2010-06-08,2010,17
disgaea,Disgaea: Afternoon of Darkness,240000.0,150000.0,20000.0,40000.0,20000.0,87.0,8.8,2007-10-30,2007,17
disgaea,Disgaea: Hour of Darkness,330000.0,160000.0,130000.0,0.0,40000.0,84.0,8.8,2003-08-27,2003,17
fallout,Fallout 3,9940000.0,5610000.0,3020000.0,160000.0,1140000.0,91.3,8.1,2008-10-28,2008,14
fallout,Fallout 3 Game Add-On Pack: The Pitt and Operation: Anchorage,100000.0,90000.0,10000.0,0.0,10000.0,76.0,8.0,2009-05-26,2009,14
fallout,Fallout 4,5030000.0,2940000.0,1620000.0,20000.0,450000.0,88.0,6.5,2015-11-10,2015,14
fallout,Fallout 76,2460000.0,1230000.0,820000.0,100000.0,310000.0,51.3,2.9,2018-11-14,2018,14
fallout,Fallout Trilogy,20000.0,0.0,20000.0,0.0,0.0,57.0,8.4,2009-04-30,2009,14
fallout,Fallout: Brotherhood of Steel,120000.0,70000.0,40000.0,0.0,10000.0,65.0,4.4,2004-01-14,2004,14
fallout,Fallout: New Vegas,7250000.0,4210000.0,2070000.0,140000.0,830000.0,83.0,8.1,2010-10-19,2010,14
way of the samurai,Genji: Dawn of the Samurai,230000.0,110000.0,90000.0,0.0,30000.0,74.0,8.7,2005-09-20,2005,9
way of the samurai,Way of the Samurai,510000.0,130000.0,100000.0,250000.0,30000.0,74.0,8.0,2002-05-31,2002,9
way of the samurai,Way of the Samurai 2,330000.0,50000.0,40000.0,230000.0,10000.0,59.0,8.8,2004-07-07,2004,9
way of the samurai,Way of the Samurai 3,730000.0,300000.0,130000.0,240000.0,60000.0,56.5,7.4,2009-10-13,2009,9
way of the samurai,Way of the Samurai 4,200000.0,0.0,30000.0,160000.0,10000.0,58.0,7.0,2011-03-03,2011,9
transformers,Transformers: Cybertron Adventures,270000.0,140000.0,100000.0,0.0,20000.0,41.0,6.5,2010-06-22,2010,8
transformers,Transformers: Dark of the Moon,800000.0,330000.0,360000.0,0.0,110000.0,50.0,5.0,2011-06-14,2011,8
transformers,Transformers: Devastation,640000.0,340000.0,210000.0,0.0,80000.0,69.2,7.2,2015-10-06,2015,8
transformers,Transformers: Fall of Cybertron,850000.0,480000.0,270000.0,0.0,100000.0,78.0,8.2,2012-08-21,2012,8
transformers,Transformers: Revenge of the Fallen,2710000.0,1280000.0,890000.0,0.0,530000.0,56.6,6.1,2009-06-23,2009,8
transformers,Transformers: Revenge of the Fallen -- Autobots,440000.0,260000.0,140000.0,0.0,40000.0,64.0,5.3,2009-06-23,2009,8
transformers,Transformers: Revenge of the Fallen -- Decepticons,330000.0,170000.0,130000.0,0.0,30000.0,66.0,2.6,2009-06-23,2009,8
transformers,Transformers: The Game,3340000.0,2190000.0,740000.0,10000.0,410000.0,52.4,6.1,2007-06-26,2007,8
transformers,Transformers: War for Cybertron,1090000.0,630000.0,330000.0,0.0,120000.0,76.5,8.3,2010-06-22,2010,8
tenchu,Tenchu 2: Birth of the Stealth Assassins,580000.0,320000.0,220000.0,0.0,40000.0,77.0,8.6,2000-08-07,2000,11
tenchu,Tenchu Z,340000.0,270000.0,20000.0,20000.0,30000.0,56.0,7.4,2007-06-12,2007,11
tenchu,Tenchu: Dark Secret,50000.0,30000.0,0.0,10000.0,0.0,37.0,5.3,2006-08-21,2006,11
tenchu,Tenchu: Fatal Shadows,190000.0,90000.0,70000.0,0.0,20000.0,58.0,7.6,2005-02-15,2005,11
tenchu,Tenchu: Return From Darkness,210000.0,160000.0,50000.0,0.0,10000.0,70.0,6.5,2004-03-10,2004,11
tenchu,Tenchu: Shadow Assassins,330000.0,180000.0,40000.0,80000.0,20000.0,69.0,7.0,2009-02-05,2009,11
tenchu,Tenchu: Stealth Assassins,1990000.0,950000.0,640000.0,270000.0,130000.0,87.0,8.7,1998-08-31,1998,11
tenchu,Tenchu: Wrath of Heaven,1140000.0,440000.0,340000.0,250000.0,110000.0,79.0,8.6,2003-03-03,2003,11
teenage mutant ninja turtles,Teenage Mutant Ninja Turtles,2490000.0,1600000.0,730000.0,0.0,160000.0,60.8,7.9,2003-10-31,2003,13
teenage mutant ninja turtles,Teenage Mutant Ninja Turtles 2: Battle Nexus,1080000.0,700000.0,330000.0,0.0,80000.0,52.2,6.4,2004-10-19,2004,13
teenage mutant ninja turtles,Teenage Mutant Ninja Turtles 3: Mutant Nightmare,380000.0,240000.0,100000.0,0.0,30000.0,56.0,7.1,2005-11-01,2005,13
teenage mutant ninja turtles,Teenage Mutant Ninja Turtles: Arcade Attack,130000.0,120000.0,0.0,0.0,10000.0,36.0,5.8,2009-11-10,2009,13
teenage mutant ninja turtles,Teenage Mutant Ninja Turtles: Danger of the Ooze,450000.0,220000.0,160000.0,0.0,60000.0,63.5,6.2,2014-10-28,2014,13
teenage mutant ninja turtles,Teenage Mutant Ninja Turtles: Mutants in Manhattan,380000.0,190000.0,140000.0,0.0,60000.0,56.5,4.9,2016-05-24,2016,13
teenage mutant ninja turtles,Teenage Mutant Ninja Turtles: Out of the Shadows,10000.0,0.0,10000.0,0.0,0.0,38.0,5.3,2013-08-28,2013,13
ninja gaiden,Ninja Gaiden 3,690000.0,350000.0,140000.0,140000.0,70000.0,58.0,4.7,2012-03-20,2012,9
ninja gaiden,Ninja Gaiden 3: Razor's Edge,190000.0,140000.0,30000.0,0.0,20000.0,69.0,7.4,2012-11-18,2012,9
ninja gaiden,Ninja Gaiden Black,90000.0,70000.0,20000.0,0.0,0.0,94.0,8.7,2005-09-20,2005,9
ninja gaiden,Ninja Gaiden Sigma 2,850000.0,520000.0,160000.0,80000.0,100000.0,83.0,7.8,2009-09-29,2009,9
ninja gaiden,Ninja Gaiden Sigma Plus,260000.0,120000.0,60000.0,40000.0,40000.0,72.0,7.3,2012-02-22,2012,9
ninja gaiden,Ninja Gaiden: Dragon Sword,210000.0,160000.0,10000.0,20000.0,20000.0,83.0,7.8,2008-03-25,2008,9
ninja gaiden,Yaiba: Ninja Gaiden Z,140000.0,80000.0,40000.0,0.0,20000.0,46.5,4.8,2014-03-04,2014,9
atv offroad fury,ATV Offroad Fury,2410000.0,2070000.0,260000.0,0.0,80000.0,82.0,8.3,2001-02-05,2001,5
atv offroad fury,ATV Offroad Fury 2,2180000.0,1920000.0,200000.0,0.0,60000.0,82.0,8.7,2002-11-09,2002,5
atv offroad fury,ATV Offroad Fury 3,1200000.0,1000000.0,40000.0,0.0,160000.0,78.0,8.2,2004-11-02,2004,5
atv offroad fury,ATV Offroad Fury Pro,460000.0,370000.0,40000.0,0.0,40000.0,76.0,7.2,2006-10-26,2006,5
atv offroad fury,ATV Offroad Fury: Blazin' Trails,570000.0,530000.0,0.0,0.0,40000.0,63.0,7.8,2005-04-19,2005,5
all star baseball,All-Star Baseball 2002,780000.0,440000.0,250000.0,0.0,80000.0,71.5,7.0,2001-03-12,2001,3
all star baseball,All-Star Baseball 2003,410000.0,310000.0,90000.0,0.0,10000.0,81.0,8.0,2002-02-25,2002,3
all star baseball,All-Star Baseball 2004,630000.0,370000.0,210000.0,0.0,50000.0,77.3,8.0,2003-03-01,2003,3
all star baseball,All-Star Baseball 2005,470000.0,270000.0,150000.0,0.0,50000.0,73.5,8.7,2004-04-08,2004,3
armored core,Armored Core 2,790000.0,280000.0,220000.0,230000.0,70000.0,78.0,8.7,2000-10-24,2000,13
armored core,Armored Core 2: Another Age,410000.0,110000.0,80000.0,190000.0,30000.0,75.0,8.5,2001-08-20,2001,13
armored core,Armored Core 3,670000.0,220000.0,170000.0,230000.0,60000.0,74.0,8.7,2002-09-05,2002,13
armored core,Armored Core 3 Portable,80000.0,0.0,0.0,80000.0,0.0,43.0,6.7,2009-07-30,2009,13
armored core,Armored Core 4,450000.0,280000.0,10000.0,120000.0,30000.0,65.0,7.1,2007-03-20,2007,13
armored core,Armored Core V,620000.0,220000.0,70000.0,280000.0,30000.0,66.5,7.2,2012-03-20,2012,13
armored core,Armored Core: For Answer,150000.0,60000.0,10000.0,70000.0,10000.0,64.0,7.9,2008-09-16,2008,13
armored core,Armored Core: Nexus,260000.0,60000.0,50000.0,140000.0,20000.0,73.0,8.8,2004-09-28,2004,13
armored core,Armored Core: Verdict Day,120000.0,0.0,0.0,120000.0,0.0,66.0,7.8,2013-09-24,2013,13
battlefield,Battlefield 1,5900000.0,3670000.0,1670000.0,20000.0,540000.0,87.5,7.4,2016-10-21,2016,13
battlefield,Battlefield 2142,30000.0,0.0,20000.0,0.0,0.0,80.0,6.8,2006-10-17,2006,13
battlefield,Battlefield 2: Modern Combat,1410000.0,1110000.0,180000.0,10000.0,110000.0,79.0,7.9,2005-10-24,2005,13
battlefield,Battlefield 3,14560000.0,7330000.0,5060000.0,410000.0,1760000.0,84.5,7.5,2011-10-25,2011,13
battlefield,Battlefield 4,11060000.0,4410000.0,4740000.0,460000.0,1460000.0,81.8,6.4,2013-11-15,2013,13
battlefield,Battlefield V,3870000.0,1850000.0,1370000.0,160000.0,500000.0,77.3,2.7,2018-11-20,2018,13
battlefield,Battlefield: Bad Company 2,4200000.0,2300000.0,1540000.0,40000.0,330000.0,87.5,8.4,2010-03-02,2010,13
battlefield,Battlefield: Hardline,900000.0,330000.0,390000.0,80000.0,100000.0,72.3,4.6,2015-03-17,2015,13
bioshock,BioShock,4270000.0,2400000.0,1330000.0,60000.0,490000.0,95.0,8.9,2007-08-21,2007,9
bioshock,BioShock 2,3750000.0,2300000.0,1000000.0,40000.0,420000.0,88.0,8.2,2010-02-09,2010,9
bioshock,BioShock Infinite,1820000.0,740000.0,740000.0,40000.0,300000.0,94.0,8.5,2013-03-26,2013,9
bioshock,BioShock: The Collection,1340000.0,760000.0,360000.0,30000.0,190000.0,84.0,8.5,2016-09-13,2016,9
breath of fire,Breath of Fire II,190000.0,140000.0,50000.0,0.0,0.0,81.0,8.2,2002-04-16,2002,16
breath of fire,Breath of Fire III,40000.0,0.0,30000.0,0.0,10000.0,64.0,7.9,2016-02-09,2016,16
breath of fire,Breath of Fire IV,560000.0,110000.0,80000.0,340000.0,40000.0,83.0,8.6,2000-11-28,2000,16
breath of fire,Breath of Fire: Dragon Quarter,190000.0,90000.0,70000.0,0.0,20000.0,78.0,6.3,2003-02-16,2003,16
burnout,Burnout,1040000.0,590000.0,340000.0,0.0,110000.0,78.5,7.8,2001-11-01,2001,17
burnout,Burnout 2: Point of Impact,1240000.0,720000.0,400000.0,0.0,120000.0,87.7,7.6,2002-09-30,2002,17
burnout,Burnout 3: Takedown,3990000.0,2070000.0,1540000.0,0.0,380000.0,93.5,8.3,2004-09-07,2004,17
burnout,Burnout Dominator,450000.0,20000.0,380000.0,10000.0,50000.0,76.0,8.1,2007-03-06,2007,17
burnout,Burnout Legends,850000.0,700000.0,60000.0,0.0,90000.0,86.0,8.5,2005-09-13,2005,17
burnout,Burnout Paradise,3300000.0,1640000.0,1200000.0,30000.0,420000.0,87.5,7.4,2008-01-22,2008,17
burnout,Burnout Paradise Remastered,370000.0,80000.0,220000.0,10000.0,60000.0,82.0,6.8,2018-03-16,2018,17
burnout,Burnout Paradise: The Ultimate Box,90000.0,0.0,90000.0,0.0,10000.0,87.0,7.6,2009-02-05,2009,17
burnout,Burnout Revenge,1930000.0,1490000.0,260000.0,0.0,170000.0,89.3,8.5,2005-09-13,2005,17
call of duty,Call Of Duty 2: Big Red One,1120000.0,660000.0,400000.0,0.0,50000.0,78.0,5.3,2005-11-01,2005,14
call of duty,Call of Duty,10000.0,0.0,10000.0,0.0,0.0,91.0,8.5,2003-10-29,2003,14
call of duty,Call of Duty 2,60000.0,0.0,50000.0,0.0,10000.0,86.0,8.5,2005-10-25,2005,14
call of duty,Call of Duty 3,5280000.0,2980000.0,1580000.0,50000.0,680000.0,81.3,7.0,2006-11-07,2006,14
call of duty,Call of Duty 4: Modern Warfare,8920000.0,4080000.0,3410000.0,290000.0,1150000.0,87.0,7.8,2007-11-05,2007,14
call of duty,Call of Duty Black Ops: Declassified,1710000.0,740000.0,520000.0,70000.0,380000.0,33.0,5.0,2012-11-13,2012,14
call of duty,Call of Duty: Advanced Warfare,4690000.0,1760000.0,2030000.0,200000.0,700000.0,75.5,4.8,2014-11-04,2014,14
call of duty,Call of Duty: Black Ops,14880000.0,7090000.0,5260000.0,480000.0,2050000.0,81.0,6.2,2010-11-09,2010,14
call of duty,Call of Duty: Black Ops II,28080000.0,13460000.0,10380000.0,720000.0,3520000.0,82.3,5.9,2012-11-13,2012,14
call of duty,Call of Duty: Finest Hour,4100000.0,2290000.0,1520000.0,10000.0,280000.0,74.5,7.6,2004-11-16,2004,14
call of duty,Call of Duty: Ghosts,15320000.0,6380000.0,6100000.0,450000.0,2390000.0,71.5,3.0,2013-11-05,2013,14
call of duty,Call of Duty: Infinite Warfare,5120000.0,3030000.0,1630000.0,0.0,470000.0,75.5,3.6,2016-11-04,2016,14
call of duty,Call of Duty: Modern Warfare 2,24140000.0,13530000.0,7290000.0,460000.0,2870000.0,94.0,6.5,2009-11-10,2009,14
call of duty,Call of Duty: Modern Warfare 3,29880000.0,15020000.0,11060000.0,620000.0,3180000.0,84.7,3.2,2011-11-08,2011,14
call of duty,Call of Duty: Modern Warfare 3: Defiance,260000.0,190000.0,50000.0,0.0,20000.0,57.0,1.3,2011-11-08,2011,14
call of duty,Call of Duty: Modern Warfare Remastered,820000.0,330000.0,360000.0,30000.0,110000.0,86.0,6.4,2017-06-27,2017,14
call of duty,Call of Duty: Modern Warfare Trilogy,290000.0,200000.0,60000.0,0.0,40000.0,53.5,6.2,2016-05-17,2016,14
call of duty,Call of Duty: Modern Warfare: Mobilized,410000.0,360000.0,20000.0,0.0,30000.0,73.0,7.3,2009-11-10,2009,14
call of duty,Call of Duty: Modern Warfare: Reflex Edition,1510000.0,940000.0,430000.0,0.0,140000.0,76.0,8.2,2009-11-10,2009,14
call of duty,Call of Duty: Roads to Victory,2140000.0,520000.0,1030000.0,0.0,590000.0,64.0,7.4,2007-03-13,2007,14
call of duty,Call of Duty: WWII,6230000.0,3750000.0,1910000.0,0.0,570000.0,80.0,4.2,2017-11-03,2017,14
call of duty,Call of Duty: World at War,15760000.0,9360000.0,4580000.0,0.0,1810000.0,81.8,7.5,2008-11-10,2008,14
crazy taxi,Crazy Taxi,3010000.0,1490000.0,1210000.0,80000.0,230000.0,74.5,7.7,2001-05-14,2001,6
crazy taxi,Crazy Taxi 2,70000.0,0.0,0.0,70000.0,0.0,82.0,8.2,2001-05-28,2001,6
crazy taxi,Crazy Taxi 3: High Roller,200000.0,140000.0,40000.0,20000.0,10000.0,69.0,8.6,2002-07-24,2002,6
crazy taxi,Crazy Taxi: Catch a Ride,300000.0,210000.0,80000.0,0.0,10000.0,48.0,6.1,2003-04-09,2003,6
crazy taxi,Crazy Taxi: Fare Wars,480000.0,100000.0,230000.0,20000.0,130000.0,64.0,7.0,2007-08-07,2007,6
dance revolution,Dance Dance Revolution Disney Mix,40000.0,20000.0,20000.0,0.0,0.0,74.0,8.2,2001-09-17,2001,8
dance revolution,Dance Dance Revolution Extreme,2130000.0,1040000.0,810000.0,0.0,270000.0,77.0,8.5,2004-09-21,2004,8
dance revolution,Dance Dance Revolution Extreme 2,1140000.0,950000.0,40000.0,0.0,160000.0,76.0,8.8,2005-09-27,2005,8
dance revolution,Dance Dance Revolution SuperNOVA,1040000.0,870000.0,30000.0,0.0,140000.0,73.0,8.8,2006-09-26,2006,8
dance revolution,Dance Dance Revolution Ultramix,540000.0,420000.0,110000.0,0.0,20000.0,82.0,8.0,2003-11-20,2003,8
dance revolution,Dance Dance Revolution Ultramix 2,420000.0,320000.0,90000.0,0.0,20000.0,78.0,7.1,2004-11-18,2004,8
dance revolution,Dance Dance Revolution Ultramix 3,380000.0,280000.0,80000.0,0.0,10000.0,75.0,8.6,2005-11-15,2005,8
dance revolution,Dance Dance Revolution Universe,320000.0,300000.0,0.0,0.0,20000.0,74.0,8.0,2007-02-27,2007,8
dance revolution,Dance Dance Revolution Universe 2,500000.0,460000.0,0.0,0.0,40000.0,65.0,7.4,2007-12-04,2007,8
dance revolution,Dance Dance Revolution X,1750000.0,850000.0,660000.0,10000.0,220000.0,55.0,6.7,2008-09-12,2008,8
dance revolution,Dance Dance Revolution: Disney Grooves,180000.0,170000.0,0.0,0.0,10000.0,81.0,6.0,2009-04-02,2009,8
dance revolution,Dance Dance Revolution: Hottest Party,2070000.0,1350000.0,530000.0,0.0,190000.0,73.0,7.1,2007-09-25,2007,8
dance revolution,Dance Dance Revolution: Hottest Party 2,1580000.0,940000.0,480000.0,10000.0,150000.0,69.0,6.8,2008-09-12,2008,8
dragon age,Dragon Age II,2580000.0,1350000.0,880000.0,60000.0,290000.0,81.0,4.5,2011-03-08,2011,5
dragon age,Dragon Age: Inquisition,4640000.0,2440000.0,1520000.0,80000.0,590000.0,82.5,6.3,2014-11-18,2014,5
dragon age,Dragon Age: Origins,2170000.0,960000.0,880000.0,80000.0,250000.0,89.0,8.4,2009-11-03,2009,5
donkey kong,Classic NES Series: Donkey Kong,730000.0,400000.0,150000.0,170000.0,10000.0,55.0,6.7,2004-06-02,2004,14
donkey kong,Donkey Kong Barrel Blast,620000.0,190000.0,260000.0,110000.0,60000.0,46.0,6.9,2007-10-08,2007,14
donkey kong,Donkey Kong Country 2,1230000.0,790000.0,270000.0,120000.0,40000.0,80.0,8.6,2004-11-15,2004,14
donkey kong,Donkey Kong Country 3,770000.0,450000.0,170000.0,140000.0,10000.0,77.0,8.3,2005-11-07,2005,14
donkey kong,Donkey Kong Jungle Beat,1340000.0,840000.0,220000.0,240000.0,40000.0,80.0,8.1,2005-03-14,2005,14
donkey kong,Donkey Konga 2,390000.0,300000.0,80000.0,0.0,10000.0,69.0,6.4,2005-05-09,2005,14
donkey kong,Mario vs. Donkey Kong: Tipping Stars,100000.0,0.0,0.0,100000.0,0.0,70.0,7.4,2015-03-05,2015,14
donkey kong,NG,10000.0,0.0,0.0,10000.0,0.0,73.0,9.3,2018-09-13,2018,14
f1,F1 2001,60000.0,50000.0,10000.0,0.0,0.0,83.0,5.0,2001-11-18,2001,17
f1,F1 2002,30000.0,20000.0,10000.0,0.0,0.0,72.0,7.8,2002-06-22,2002,17
f1,F1 2009,1410000.0,230000.0,910000.0,0.0,270000.0,68.5,7.2,2009-11-17,2009,17
f1,F1 2010,2270000.0,430000.0,1390000.0,90000.0,370000.0,84.0,7.4,2010-09-21,2010,17
f1,F1 2011,2410000.0,330000.0,1570000.0,130000.0,390000.0,74.8,6.9,2011-12-06,2011,17
f1,F1 2012,1500000.0,220000.0,990000.0,50000.0,230000.0,82.5,7.2,2012-09-18,2012,17
f1,F1 2013,880000.0,20000.0,750000.0,30000.0,100000.0,78.0,6.6,2013-10-08,2013,17
f1,F1 2014,650000.0,150000.0,400000.0,20000.0,80000.0,63.0,4.0,2014-10-21,2014,17
f1,F1 2015,990000.0,190000.0,660000.0,40000.0,120000.0,63.3,5.5,2015-07-21,2015,17
f1,F1 2016,1000000.0,160000.0,680000.0,30000.0,130000.0,83.5,7.9,2017-01-01,2017,17
f1,F1 2017,830000.0,80000.0,620000.0,20000.0,100000.0,86.3,7.4,2017-08-25,2017,17
f1,F1 2018,710000.0,100000.0,500000.0,10000.0,90000.0,83.7,7.7,2018-08-24,2018,17
f1,F1 Career Challenge,100000.0,50000.0,40000.0,0.0,10000.0,70.0,7.7,2003-06-24,2003,17
f1,F1 Race Stars,610000.0,140000.0,400000.0,0.0,70000.0,62.3,5.8,2012-11-13,2012,17
farming simulator,Farming Simulator 17,850000.0,190000.0,520000.0,10000.0,130000.0,69.0,6.8,2016-10-25,2016,5
farming simulator,Farming Simulator 18,120000.0,60000.0,60000.0,0.0,10000.0,68.0,6.5,2017-06-06,2017,5
farming simulator,Farming Simulator 19,1050000.0,130000.0,810000.0,0.0,100000.0,68.5,5.8,2018-11-20,2018,5
farming simulator,Farming Simulator 2013,390000.0,220000.0,130000.0,0.0,30000.0,33.0,6.2,2013-11-19,2013,5
farming simulator,NG,10000.0,0.0,0.0,10000.0,0.0,73.0,9.3,2018-09-13,2018,5
fight night,Fight Night 2004,2160000.0,1590000.0,350000.0,0.0,220000.0,85.0,8.4,2004-04-05,2004,7
fight night,Fight Night Champion,1910000.0,850000.0,810000.0,0.0,250000.0,85.0,7.3,2011-03-01,2011,7
fight night,Fight Night Round 2,1640000.0,1270000.0,220000.0,0.0,140000.0,87.7,8.4,2005-02-28,2005,7
fight night,Fight Night Round 3,5550000.0,3930000.0,1090000.0,20000.0,510000.0,82.0,8.3,2006-12-05,2006,7
fight night,Fight Night Round 4,2920000.0,1870000.0,730000.0,0.0,330000.0,87.5,7.8,2009-06-23,2009,7
final fantasy,Dirge of Cerberus: Final Fantasy VII,970000.0,460000.0,0.0,510000.0,0.0,57.0,8.3,2006-08-15,2006,19
final fantasy,Dissidia 012: Duodecim Final Fantasy,890000.0,210000.0,130000.0,460000.0,90000.0,78.0,8.3,2011-03-22,2011,19
final fantasy,Dissidia Final Fantasy NT,460000.0,190000.0,60000.0,160000.0,50000.0,67.0,7.4,2018-01-30,2018,19
final fantasy,Final Fantasy Anniversary Edition,590000.0,390000.0,20000.0,130000.0,50000.0,67.0,8.9,2007-06-26,2007,19
final fantasy,Final Fantasy Anthology,800000.0,450000.0,300000.0,0.0,50000.0,80.0,8.7,1999-09-30,1999,19
final fantasy,Final Fantasy Chronicles,520000.0,290000.0,200000.0,0.0,30000.0,89.0,9.1,2001-06-29,2001,19
final fantasy,Final Fantasy Crystal Chronicles: Echoes of Time,720000.0,250000.0,120000.0,320000.0,40000.0,69.5,6.9,2009-03-24,2009,19
final fantasy,Final Fantasy Crystal Chronicles: Ring of Fates,660000.0,220000.0,10000.0,420000.0,20000.0,77.0,7.4,2008-03-11,2008,19
final fantasy,Final Fantasy Crystal Chronicles: The Crystal Bearers,390000.0,210000.0,80000.0,80000.0,30000.0,66.0,8.8,2009-12-26,2009,19
final fantasy,Final Fantasy Explorers,590000.0,170000.0,100000.0,290000.0,30000.0,69.0,8.5,2016-01-26,2016,19
final fantasy,Final Fantasy Fables: Chocobo Tales,240000.0,100000.0,10000.0,120000.0,10000.0,75.0,7.1,2007-04-03,2007,19
final fantasy,Final Fantasy Fables: Chocobo's Dungeon,210000.0,90000.0,0.0,110000.0,10000.0,76.0,8.0,2008-07-08,2008,19
final fantasy,Final Fantasy II Anniversary Edition,510000.0,360000.0,30000.0,70000.0,50000.0,63.0,6.6,2007-07-24,2007,19
final fantasy,Final Fantasy IV Advance,610000.0,270000.0,100000.0,220000.0,10000.0,85.0,8.6,2005-12-12,2005,19
final fantasy,Final Fantasy IV: The Complete Collection,560000.0,130000.0,90000.0,270000.0,60000.0,77.0,8.9,2011-04-19,2011,19
final fantasy,Final Fantasy Type-0 HD,300000.0,200000.0,70000.0,0.0,30000.0,72.0,8.2,2015-03-17,2015,19
final fantasy,Final Fantasy V Advance,260000.0,0.0,0.0,260000.0,10000.0,83.0,8.2,2006-11-06,2006,19
final fantasy,Final Fantasy VI Advance,280000.0,0.0,0.0,280000.0,10000.0,92.0,8.7,2007-02-05,2007,19
final fantasy,Final Fantasy X / X-2 HD Remaster,900000.0,340000.0,360000.0,70000.0,140000.0,84.0,8.3,2015-05-12,2015,19
final fantasy,Final Fantasy XI: Chains of Promathia,250000.0,120000.0,90000.0,0.0,30000.0,77.0,8.4,2004-09-21,2004,19
final fantasy,Final Fantasy XI: Treasures of Aht Urhgan,230000.0,60000.0,50000.0,100000.0,20000.0,87.0,6.6,2006-04-18,2006,19
final fantasy,Final Fantasy XI: Wings of the Goddess,320000.0,280000.0,0.0,20000.0,30000.0,63.0,5.8,2007-11-20,2007,19
final fantasy,Final Fantasy XIII,7540000.0,3050000.0,1900000.0,1880000.0,720000.0,82.5,6.6,2010-03-09,2010,19
final fantasy,Final Fantasy XIII-2,3390000.0,1140000.0,1040000.0,910000.0,290000.0,79.0,6.6,2012-01-31,2012,19
final fantasy,Final Fantasy XIV Online,1580000.0,930000.0,480000.0,0.0,160000.0,49.0,4.0,2010-09-22,2010,19
final fantasy,Final Fantasy XIV: Heavensward,240000.0,40000.0,100000.0,70000.0,20000.0,83.0,8.2,2015-06-23,2015,19
final fantasy,Final Fantasy XIV: Stormblood,230000.0,90000.0,80000.0,40000.0,30000.0,88.0,8.4,2017-06-20,2017,19
final fantasy,Final Fantasy XV,5070000.0,1810000.0,1530000.0,1050000.0,680000.0,81.0,7.6,2016-11-29,2016,19
final fantasy,Final Fantasy: The 4 Heroes of Light,580000.0,220000.0,100000.0,230000.0,30000.0,71.0,8.7,2010-10-05,2010,19
final fantasy,Lightning Returns: Final Fantasy XIII,1360000.0,460000.0,300000.0,460000.0,130000.0,67.5,6.4,2014-02-11,2014,19
final fantasy,Theatrhythm Final Fantasy: Curtain Call,410000.0,160000.0,80000.0,150000.0,20000.0,83.0,8.2,2014-09-16,2014,19
final fantasy,Theatrhythm: Final Fantasy,510000.0,220000.0,70000.0,180000.0,30000.0,78.0,7.8,2012-07-03,2012,19
final fantasy,World of Final Fantasy,970000.0,330000.0,320000.0,180000.0,150000.0,77.0,8.3,2016-10-25,2016,19
final fantasy,World of Final Fantasy Maxima,30000.0,30000.0,0.0,0.0,0.0,81.0,7.8,2018-11-06,2018,19
Football Manager,Football Manager 2010,70000.0,0.0,60000.0,0.0,10000.0,87.0,8.8,2009-11-03,2009,9
Football Manager,Football Manager 2011,1260000.0,0.0,1010000.0,0.0,240000.0,85.0,8.3,2010-11-09,2010,9
Football Manager,Football Manager 2012,1500000.0,20000.0,1160000.0,0.0,320000.0,84.0,7.9,2011-10-21,2011,9
Football Manager,Football Manager 2017,330000.0,0.0,310000.0,0.0,20000.0,80.0,5.3,2016-11-04,2016,9
Football Manager,Football Manager 2019,110000.0,0.0,100000.0,0.0,10000.0,86.0,6.3,2018-11-02,2018,9
Football Manager,Football Manager Handheld 2010,350000.0,0.0,270000.0,0.0,90000.0,69.0,6.9,2009-10-30,2009,9
forza,Forza Horizon,1940000.0,820000.0,940000.0,40000.0,160000.0,85.0,8.5,2012-10-23,2012,13
forza,Forza Horizon 2,830000.0,350000.0,410000.0,0.0,70000.0,62.0,5.5,2014-09-30,2014,13
forza,Forza Horizon 4,1840000.0,740000.0,950000.0,10000.0,150000.0,92.0,7.9,2018-10-02,2018,13
forza,Forza Motorsport,1050000.0,520000.0,510000.0,0.0,20000.0,92.0,7.6,2005-05-03,2005,13
forza,Forza Motorsport 2,4050000.0,2350000.0,1270000.0,30000.0,410000.0,90.0,8.3,2007-05-29,2007,13
forza,Forza Motorsport 3,5500000.0,2990000.0,1900000.0,100000.0,510000.0,92.0,8.1,2009-10-27,2009,13
forza,Forza Motorsport 4,4600000.0,2080000.0,1980000.0,60000.0,490000.0,91.0,8.2,2011-10-11,2011,13
forza,Forza Motorsport 5,2400000.0,1280000.0,900000.0,10000.0,210000.0,79.0,6.0,2013-11-22,2013,13
forza,Forza Motorsport 7,1520000.0,580000.0,810000.0,10000.0,120000.0,86.0,6.2,2017-10-03,2017,13
god eater,God Eater 2: Rage Burst,440000.0,0.0,50000.0,380000.0,10000.0,80.0,7.6,2016-10-01,2016,3
god eater,God Eater 3,190000.0,0.0,0.0,190000.0,0.0,71.0,7.4,2019-02-08,2019,3
god eater,God Eater Resurrection,290000.0,0.0,0.0,290000.0,0.0,70.5,7.5,2016-10-01,2016,3
grandia,Grandia,250000.0,140000.0,90000.0,0.0,20000.0,89.0,7.5,1999-09-30,1999,7
grandia,Grandia II,290000.0,140000.0,110000.0,0.0,40000.0,71.0,8.8,2002-01-28,2002,7
grandia,Grandia III,490000.0,120000.0,100000.0,240000.0,30000.0,77.0,8.5,2006-02-14,2006,7
grandia,Grandia Xtreme,380000.0,70000.0,50000.0,250000.0,20000.0,68.0,7.1,2002-09-30,2002,7
guitar hero,Guitar Hero,2380000.0,1670000.0,610000.0,30000.0,70000.0,91.0,8.6,2005-11-07,2005,10
guitar hero,Guitar Hero 5,4900000.0,2380000.0,1540000.0,0.0,970000.0,82.8,5.7,2009-09-01,2009,10
guitar hero,Guitar Hero Encore: Rocks The 80s,1110000.0,920000.0,40000.0,0.0,150000.0,69.0,6.4,2007-07-24,2007,10
guitar hero,Guitar Hero II,7330000.0,5820000.0,650000.0,0.0,850000.0,92.0,8.2,2006-11-07,2006,10
guitar hero,Guitar Hero III: Legends of Rock,16380000.0,11140000.0,2570000.0,40000.0,2640000.0,83.0,7.9,2007-10-28,2007,10
guitar hero,Guitar Hero Live,3030000.0,1580000.0,1050000.0,0.0,400000.0,78.8,5.7,2015-10-20,2015,10
guitar hero,Guitar Hero On Tour: Modern Hits,370000.0,130000.0,200000.0,0.0,40000.0,70.0,6.8,2009-06-09,2009,10
guitar hero,Guitar Hero: Aerosmith,4290000.0,3370000.0,420000.0,0.0,490000.0,71.0,6.2,2008-06-29,2008,10
guitar hero,Guitar Hero: Metallica,2700000.0,1370000.0,1000000.0,0.0,310000.0,82.5,8.0,2009-03-29,2009,10
guitar hero,Guitar Hero: On Tour,3460000.0,2100000.0,1010000.0,10000.0,350000.0,71.0,8.3,2008-06-22,2008,10
guitar hero,Guitar Hero: On Tour Decades,1570000.0,840000.0,570000.0,0.0,160000.0,72.0,7.8,2008-11-16,2008,10
guitar hero,Guitar Hero: Smash Hits,1570000.0,850000.0,480000.0,0.0,250000.0,71.8,7.3,2009-06-16,2009,10
guitar hero,Guitar Hero: Van Halen,860000.0,430000.0,310000.0,0.0,100000.0,55.3,5.4,2009-12-22,2009,10
guitar hero,Guitar Hero: Warriors of Rock,2630000.0,1270000.0,1070000.0,0.0,290000.0,74.3,7.1,2010-09-28,2010,10
guitar hero,Guitar Hero: World Tour,10030000.0,6200000.0,2210000.0,0.0,1630000.0,79.6,7.1,2008-10-26,2008,10
halo,Halo 2 Multiplayer Map Pack,690000.0,540000.0,130000.0,0.0,20000.0,89.0,7.6,2005-07-05,2005,12
halo,Halo 4,9960000.0,6720000.0,2360000.0,40000.0,830000.0,87.0,7.0,2012-11-06,2012,12
halo,Halo Wars,2670000.0,1580000.0,800000.0,40000.0,250000.0,82.0,7.5,2009-03-03,2009,12
halo,Halo Wars 2,530000.0,310000.0,170000.0,0.0,50000.0,74.5,5.9,2017-02-21,2017,12
halo,Halo: Combat Evolved Anniversary,2410000.0,1440000.0,710000.0,40000.0,220000.0,82.0,8.2,2011-11-15,2011,12
halo,Halo: Reach,9970000.0,7080000.0,2010000.0,80000.0,800000.0,91.0,8.2,2010-09-14,2010,12
halo,Halo: The Master Chief Collection,3440000.0,2060000.0,1040000.0,30000.0,310000.0,85.0,7.5,2014-11-11,2014,12
motogp,MotoGP,480000.0,140000.0,160000.0,140000.0,40000.0,63.3,6.1,2000-10-31,2000,14
motogp,MotoGP '06,140000.0,110000.0,10000.0,0.0,10000.0,80.0,7.4,2006-06-12,2006,14
motogp,MotoGP '07,250000.0,230000.0,0.0,0.0,20000.0,78.0,6.9,2007-08-27,2007,14
motogp,MotoGP 07,100000.0,50000.0,40000.0,0.0,10000.0,62.0,8.0,2007-10-23,2007,14
motogp,MotoGP 08,750000.0,180000.0,450000.0,0.0,120000.0,66.0,5.9,2008-10-28,2008,14
motogp,MotoGP 09/10,390000.0,120000.0,220000.0,0.0,60000.0,69.5,5.5,2010-03-23,2010,14
motogp,MotoGP 10/11,170000.0,40000.0,100000.0,0.0,30000.0,68.0,6.8,2011-03-15,2011,14
motogp,MotoGP 14,210000.0,50000.0,120000.0,0.0,30000.0,69.5,7.2,2014-11-04,2014,14
motogp,MotoGP 2,100000.0,70000.0,20000.0,0.0,0.0,87.0,7.3,2003-05-21,2003,14
motogp,MotoGP 3: Ultimate Racing Technology,10000.0,10000.0,0.0,0.0,0.0,85.0,7.4,2005-08-30,2005,14
nhl 2k,ESPN NHL 2K5,880000.0,430000.0,330000.0,0.0,110000.0,86.0,8.1,2004-08-30,2004,7
nhl 2k,NHL 2K10,660000.0,410000.0,170000.0,0.0,70000.0,70.7,7.8,2009-09-15,2009,7
nhl 2k,NHL 2K3,350000.0,200000.0,100000.0,0.0,30000.0,89.0,7.0,2002-11-10,2002,7
nhl 2k,NHL 2K6,730000.0,460000.0,210000.0,0.0,70000.0,79.7,6.5,2005-09-07,2005,7
nhl 2k,NHL 2K7,210000.0,180000.0,0.0,0.0,20000.0,78.5,7.2,2006-11-13,2006,7
nhl 2k,NHL 2K8,220000.0,190000.0,20000.0,0.0,20000.0,72.5,7.2,2007-09-10,2007,7
nhl 2k,NHL 2K9,190000.0,130000.0,50000.0,0.0,20000.0,65.5,6.1,2008-09-08,2008,7
naruto,Naruto Powerful Shippuden,160000.0,80000.0,20000.0,40000.0,10000.0,71.0,6.0,2013-03-05,2013,12
naruto,Naruto Shippuden: Clash of Ninja Revolution III,510000.0,440000.0,40000.0,0.0,40000.0,74.0,7.6,2009-11-17,2009,12
naruto,Naruto Shippuden: Dragon Blade Chronicles,180000.0,110000.0,20000.0,50000.0,10000.0,38.0,3.3,2010-11-16,2010,12
naruto,Naruto Shippuden: Kizuna Drive,140000.0,40000.0,30000.0,50000.0,20000.0,57.0,4.8,2011-03-22,2011,12
naruto,Naruto Shippuden: Legends: Akatsuki Rising,150000.0,140000.0,0.0,0.0,10000.0,60.0,6.1,2009-10-06,2009,12
naruto,Naruto Shippuden: Ninja Destiny 2,370000.0,190000.0,30000.0,130000.0,20000.0,55.0,5.0,2009-09-15,2009,12
naruto,Naruto Shippuden: Ultimate Ninja Heroes 3,380000.0,130000.0,40000.0,190000.0,30000.0,61.0,6.4,2010-05-11,2010,12
naruto,Naruto Shippuden: Ultimate Ninja Impact,350000.0,90000.0,70000.0,150000.0,40000.0,59.0,7.4,2011-10-18,2011,12
naruto,Naruto Shippuden: Ultimate Ninja Storm 2,780000.0,430000.0,270000.0,10000.0,70000.0,74.0,8.6,2010-10-19,2010,12
naruto,Naruto Shippuden: Ultimate Ninja Storm 3,520000.0,300000.0,170000.0,10000.0,50000.0,70.0,7.6,2013-03-05,2013,12
naruto,Naruto Shippuden: Ultimate Ninja Storm 4,350000.0,250000.0,70000.0,0.0,30000.0,80.0,8.2,2016-02-09,2016,12
naruto,Naruto Shippuden: Ultimate Ninja Storm Generations,1190000.0,530000.0,390000.0,150000.0,130000.0,74.0,7.0,2012-03-13,2012,12
naruto,Naruto Shippuden: Ultimate Ninja Storm Legacy,160000.0,70000.0,40000.0,30000.0,20000.0,70.0,7.0,2017-08-25,2017,12
naruto,Naruto Shippuden: Ultimate Ninja Storm Revolution,680000.0,300000.0,210000.0,90000.0,80000.0,67.5,7.2,2014-10-01,2014,12
naruto,Naruto Shippuden: Ultimate Ninja Storm Trilogy,30000.0,0.0,0.0,30000.0,0.0,70.0,7.4,2018-04-26,2018,12
naruto,Naruto to Boruto: Shinobi Striker,480000.0,360000.0,30000.0,20000.0,70000.0,60.5,5.7,2018-08-31,2018,12
naruto,Naruto: Clash of Ninja,680000.0,530000.0,140000.0,0.0,20000.0,72.0,8.0,2006-03-07,2006,12
naruto,Naruto: Clash of Ninja 2,1040000.0,440000.0,120000.0,450000.0,30000.0,74.0,8.7,2006-09-26,2006,12
naruto,Naruto: Clash of Ninja Revolution,1020000.0,440000.0,460000.0,0.0,110000.0,74.0,7.9,2007-10-23,2007,12
naruto,Naruto: Clash of Ninja Revolution 2,380000.0,340000.0,20000.0,0.0,30000.0,72.0,8.3,2008-10-21,2008,12
naruto,Naruto: Ninja Council,220000.0,160000.0,60000.0,0.0,0.0,60.0,7.0,2006-03-07,2006,12
naruto,Naruto: Ninja Council 3,420000.0,390000.0,0.0,0.0,30000.0,56.0,6.5,2007-05-22,2007,12
naruto,Naruto: Ninja Destiny,190000.0,20000.0,10000.0,160000.0,0.0,61.0,4.4,2008-03-20,2008,12
naruto,Naruto: Path of the Ninja,400000.0,370000.0,0.0,0.0,30000.0,57.0,7.2,2007-10-23,2007,12
naruto,Naruto: Path of the Ninja 2,230000.0,220000.0,0.0,0.0,20000.0,62.0,7.4,2008-10-15,2008,12
naruto,Naruto: Rise of a Ninja,330000.0,290000.0,10000.0,0.0,30000.0,78.0,8.5,2007-10-30,2007,12
naruto,Naruto: The Broken Bond,590000.0,240000.0,280000.0,0.0,60000.0,80.0,8.0,2008-11-18,2008,12
naruto,Naruto: Ultimate Ninja 2,570000.0,470000.0,20000.0,0.0,80000.0,73.0,7.8,2008-09-17,2008,12
naruto,Naruto: Ultimate Ninja Heroes 2 - The Phantom Fortress,160000.0,140000.0,0.0,0.0,10000.0,64.0,7.2,2008-06-24,2008,12
naruto,Naruto: Ultimate Ninja Storm,1070000.0,490000.0,340000.0,90000.0,150000.0,75.0,8.2,2008-11-04,2008,12
naruto,Naruto: Uzumaki Chronicles 2,580000.0,280000.0,220000.0,0.0,70000.0,52.0,7.2,2007-09-04,2007,12
need for speed,Need For Speed Underground,50000.0,0.0,40000.0,0.0,10000.0,82.0,8.4,2003-11-17,2003,18
need for speed,Need for Speed Carbon,6330000.0,3540000.0,2080000.0,120000.0,570000.0,73.7,7.5,2006-10-31,2006,18
need for speed,Need for Speed Carbon: Own the City,2620000.0,1040000.0,980000.0,0.0,600000.0,71.5,7.8,2006-10-31,2006,18
need for speed,Need for Speed Rivals,5200000.0,1950000.0,2460000.0,90000.0,700000.0,77.4,5.2,2013-11-15,2013,18
need for speed,Need for Speed Underground,10410000.0,5260000.0,3940000.0,90000.0,1130000.0,82.0,8.3,2003-11-17,2003,18
need for speed,Need for Speed Underground 2,9680000.0,4400000.0,4000000.0,80000.0,1210000.0,78.2,8.5,2004-11-15,2004,18
need for speed,Need for Speed Underground Rivals,1320000.0,690000.0,380000.0,20000.0,240000.0,74.0,8.2,2005-03-14,2005,18
need for speed,Need for Speed: High Stakes,2310000.0,1580000.0,640000.0,0.0,90000.0,86.0,8.7,1999-03-01,1999,18
need for speed,Need for Speed: Hot Pursuit,5840000.0,2370000.0,2640000.0,30000.0,800000.0,78.2,6.4,2010-11-16,2010,18
need for speed,Need for Speed: Hot Pursuit 2,3730000.0,3040000.0,510000.0,20000.0,140000.0,77.3,8.0,2002-10-01,2002,18
need for speed,Need for Speed: Most Wanted,8030000.0,4440000.0,2810000.0,100000.0,680000.0,72.1,8.2,2005-11-15,2005,18
need for speed,Need for Speed: Most Wanted 5-1-0,2090000.0,1770000.0,130000.0,20000.0,170000.0,72.0,7.6,2005-11-15,2005,18
need for speed,Need for Speed: Nitro,1210000.0,660000.0,430000.0,0.0,120000.0,69.5,6.8,2009-11-02,2009,18
need for speed,Need for Speed: Payback,2930000.0,1040000.0,1440000.0,40000.0,410000.0,61.3,3.8,2017-11-10,2017,18
need for speed,Need for Speed: Porsche Unleashed,1250000.0,780000.0,420000.0,0.0,60000.0,70.0,8.0,2000-02-29,2000,18
need for speed,Need for Speed: ProStreet,8420000.0,3230000.0,2520000.0,100000.0,2560000.0,65.8,6.6,2007-11-13,2007,18
need for speed,Need for Speed: Shift,5370000.0,1580000.0,2790000.0,60000.0,960000.0,79.8,6.4,2009-09-15,2009,18
need for speed,Need for Speed: The Run,4210000.0,1500000.0,2050000.0,40000.0,630000.0,66.0,5.8,2011-11-15,2011,18
need for speed,Need for Speed: Undercover,6870000.0,2490000.0,2520000.0,120000.0,1780000.0,62.9,6.1,2008-11-17,2008,18
pro evolution soccer,Pro Evolution Soccer 2008,3640000.0,140000.0,2530000.0,550000.0,430000.0,76.7,6.8,2008-03-12,2008,11
pro evolution soccer,Pro Evolution Soccer 2010,5170000.0,610000.0,2060000.0,840000.0,1650000.0,76.8,7.0,2009-11-03,2009,11
pro evolution soccer,Pro Evolution Soccer 2011,3610000.0,380000.0,1690000.0,880000.0,680000.0,72.7,6.8,2010-10-05,2010,11
pro evolution soccer,Pro Evolution Soccer 2011 3D,380000.0,110000.0,130000.0,110000.0,20000.0,73.0,6.9,2011-03-25,2011,11
pro evolution soccer,Pro Evolution Soccer 2012,3540000.0,630000.0,1510000.0,930000.0,470000.0,70.6,7.2,2011-09-27,2011,11
pro evolution soccer,Pro Evolution Soccer 2013,1880000.0,230000.0,770000.0,650000.0,220000.0,81.0,6.8,2012-09-25,2012,11
pro evolution soccer,Pro Evolution Soccer 2014,110000.0,0.0,100000.0,0.0,10000.0,74.0,4.4,2013-09-20,2013,11
pro evolution soccer,Pro Evolution Soccer 2015,1640000.0,280000.0,830000.0,350000.0,180000.0,78.2,6.8,2014-11-11,2014,11
pro evolution soccer,Pro Evolution Soccer 2016,1000000.0,210000.0,520000.0,140000.0,110000.0,80.7,5.9,2015-09-15,2015,11
pro evolution soccer,Pro Evolution Soccer 2017,1130000.0,170000.0,580000.0,260000.0,130000.0,74.3,6.4,2016-09-13,2016,11
pro evolution soccer,Pro Evolution Soccer 2018,910000.0,200000.0,430000.0,190000.0,100000.0,76.8,6.8,2017-09-12,2017,11
pro evolution soccer,Pro Evolution Soccer 2019,500000.0,60000.0,230000.0,150000.0,50000.0,79.0,6.4,2018-08-28,2018,11
pro evolution soccer,Winning Eleven: Pro Evolution Soccer 2007,5520000.0,200000.0,3110000.0,1340000.0,880000.0,77.2,7.9,2007-02-06,2007,11
