"","","Game","Watch time","Stream time","Peak viewers","Peak channels","Streamers","Average viewers","Average channels","Average viewer ratio",""
"Devious Dungeon","9901","Devious Dungeon","3840","540","15","1","2","0","0","7.11","Devious Dungeon"
"Battle Worlds: Kronos","9902","Battle Worlds: Kronos","89580","12600","43","3","77","0","0","7.11","Battle Worlds: Kronos"
"Jazz Jackrabbit 2","9903","Jazz Jackrabbit 2","121500","17100","356","2","67","0","0","7.11","Jazz Jackrabbit 2"
"Star Wars: The Old Republic","9904","Star Wars: The Old Republic","68407740","9619320","5441","82","10640","129","18","7.11","Star Wars: The Old Republic"
"My Kingdom For the Princess","9905","My Kingdom For the Princess","16200","2280","17","1","2","0","0","7.11","My Kingdom For the Princess"
"Mantis Burn Racing","9906","Mantis Burn Racing","100560","14160","348","5","90","0","0","7.1","Mantis Burn Racing"
"Tube Tycoon","9907","Tube Tycoon","285600","40200","737","4","490","0","0","7.1","Tube Tycoon"
"Recettear: An Item Shop's Tale","9908","Recettear: An Item Shop's Tale","1341660","189060","1046","4","521","2","0","7.1","Recettear: An Item Shop's Tale"
"Special Force 2: Tale of the Truthful Pledge","9909","Special Force 2: Tale of the Truthful Pledge","408000","57480","706","3","209","0","0","7.1","Special Force 2: Tale of the Truthful Pledge"
"Kid Icarus: Of Myths and Monsters","9910","Kid Icarus: Of Myths and Monsters","8940","1260","19","1","6","0","0","7.1","Kid Icarus: Of Myths and Monsters"
"Batman Forever: The Arcade Game","9911","Batman Forever: The Arcade Game","17880","2520","64","1","7","0","0","7.1","Batman Forever: The Arcade Game"
"Teenage Mutant Ninja Turtles: The Shredder Reborn","9912","Teenage Mutant Ninja Turtles: The Shredder Reborn","8520","1200","30","1","3","0","0","7.1","Teenage Mutant Ninja Turtles: The Shredder Reborn"
"RC Cars","9913","RC Cars","4260","600","29","1","6","0","0","7.1","RC Cars"
"Rage Racer","9914","Rage Racer","22560","3180","29","1","10","0","0","7.09","Rage Racer"
"Wonder Project J2: Koruro no Mori no Josette","9915","Wonder Project J2: Koruro no Mori no Josette","9780","1380","17","1","4","0","0","7.09","Wonder Project J2: Koruro no Mori no Josette"
"Dragon Ball Z: Hyper Dimension","9916","Dragon Ball Z: Hyper Dimension","19140","2700","99","1","11","0","0","7.09","Dragon Ball Z: Hyper Dimension"
"Nayuta no Kiseki","9917","Nayuta no Kiseki","79500","11220","42","1","9","0","0","7.09","Nayuta no Kiseki"
"WWF Royal Rumble","9918","WWF Royal Rumble","24240","3420","89","2","30","0","0","7.09","WWF Royal Rumble"
"DEFCON: Everybody Dies","9919","DEFCON: Everybody Dies","112800","15900","1339","4","80","0","0","7.09","DEFCON: Everybody Dies"
"Wallace & Gromit's Grand Adventures Episode 3: Muzzled","9920","Wallace & Gromit's Grand Adventures Episode 3: Muzzled","4680","660","27","1","3","0","0","7.09","Wallace & Gromit's Grand Adventures Episode 3: Muzzled"
"King's Bounty","9921","King's Bounty","76620","10800","46","2","38","0","0","7.09","King's Bounty"
"Overgrowth","9922","Overgrowth","120780","17040","1507","2","105","0","0","7.09","Overgrowth"
"Chime Super Deluxe","9923","Chime Super Deluxe","9780","1380","23","1","3","0","0","7.09","Chime Super Deluxe"
"#killallzombies","9924","#killallzombies","1183020","166740","20653","7","581","2","0","7.09","#killallzombies"
"Space Megaforce","9925","Space Megaforce","21240","3000","30","1","17","0","0","7.08","Space Megaforce"
"Pixel Dungeon","9926","Pixel Dungeon","152580","21540","1047","2","100","0","0","7.08","Pixel Dungeon"
"WWE '12","9927","WWE '12","20820","2940","41","1","15","0","0","7.08","WWE '12"
"The Cave","9928","The Cave","440220","62220","503","3","233","0","0","7.08","The Cave"
"RoboCop Versus the Terminator","9929","RoboCop Versus the Terminator","37800","5340","137","1","20","0","0","7.08","RoboCop Versus the Terminator"
"Fire Emblem: Seisen no Keifu","9930","Fire Emblem: Seisen no Keifu","249960","35340","139","2","72","0","0","7.07","Fire Emblem: Seisen no Keifu"
"Tokimeki Memorial 3","9931","Tokimeki Memorial 3","12720","1800","29","1","1","0","0","7.07","Tokimeki Memorial 3"
"Batman: Arkham Asylum","9932","Batman: Arkham Asylum","4695900","664680","677","12","2344","8","1","7.06","Batman: Arkham Asylum"
"ROBLOX","9933","ROBLOX","141544380","20056980","14380","124","71781","268","38","7.06","ROBLOX"
"Mortal Kombat 4","9934","Mortal Kombat 4","49560","7020","240","1","44","0","0","7.06","Mortal Kombat 4"
"Death Skid Marks","9935","Death Skid Marks","138180","19560","444","2","73","0","0","7.06","Death Skid Marks"
"Covert Ops: Nuclear Dawn","9936","Covert Ops: Nuclear Dawn","14400","2040","22","1","6","0","0","7.06","Covert Ops: Nuclear Dawn"
"Roogoo","9937","Roogoo","7620","1080","30","1","9","0","0","7.06","Roogoo"
"Train Valley","9938","Train Valley","136860","19380","79","3","104","0","0","7.06","Train Valley"
"Painkiller: Hell Wars","9939","Painkiller: Hell Wars","6780","960","30","1","5","0","0","7.06","Painkiller: Hell Wars"
"International Superstar Soccer 64","9940","International Superstar Soccer 64","8880","1260","43","1","7","0","0","7.05","International Superstar Soccer 64"
"Chaos Wars","9941","Chaos Wars","9300","1320","34","1","8","0","0","7.05","Chaos Wars"
"Paper Sorcerer","9942","Paper Sorcerer","69360","9840","454","2","36","0","0","7.05","Paper Sorcerer"
"Robocraft","9943","Robocraft","17031120","2415720","11039","27","4923","32","4","7.05","Robocraft"
"Final Fantasy I & II: Dawn of Souls","9944","Final Fantasy I & II: Dawn of Souls","619860","87900","540","3","170","1","0","7.05","Final Fantasy I & II: Dawn of Souls"
"Nosgoth","9945","Nosgoth","2836980","403140","15077","14","908","5","0","7.04","Nosgoth"
"Star Ocean: Till the End of Time","9946","Star Ocean: Till the End of Time","827880","117600","692","5","161","1","0","7.04","Star Ocean: Till the End of Time"
"Me & My Katamari","9947","Me & My Katamari","11820","1680","41","1","12","0","0","7.04","Me & My Katamari"
"Puzznic","9948","Puzznic","23220","3300","59","3","9","0","0","7.04","Puzznic"
"Super Robot Jump Jump","9949","Super Robot Jump Jump","22800","3240","70","3","11","0","0","7.04","Super Robot Jump Jump"
"Super Tetris 3","9950","Super Tetris 3","15180","2160","59","1","8","0","0","7.03","Super Tetris 3"
"Mortal Kombat & Mortal Kombat II","9951","Mortal Kombat & Mortal Kombat II","14760","2100","76","1","16","0","0","7.03","Mortal Kombat & Mortal Kombat II"
"NASCAR '15","9952","NASCAR '15","296940","42240","152","3","123","0","0","7.03","NASCAR '15"
"Acrophobia","9953","Acrophobia","12240","1740","20","1","1","0","0","7.03","Acrophobia"
"Planet Puzzle League","9954","Planet Puzzle League","67020","9540","73","2","14","0","0","7.03","Planet Puzzle League"
"Albert Odyssey: Legend of Eldean","9955","Albert Odyssey: Legend of Eldean","84180","12000","79","2","10","0","0","7.02","Albert Odyssey: Legend of Eldean"
"Tactics Ogre: Let Us Cling Together","9956","Tactics Ogre: Let Us Cling Together","662940","94440","495","3","99","1","0","7.02","Tactics Ogre: Let Us Cling Together"
"Re-Volt","9957","Re-Volt","104400","14880","172","2","50","0","0","7.02","Re-Volt"
"Starpoint Gemini Warlords","9958","Starpoint Gemini Warlords","136140","19380","1265","2","47","0","0","7.02","Starpoint Gemini Warlords"
"Infinity Blade","9959","Infinity Blade","67320","9600","103","5","20","0","0","7.01","Infinity Blade"
"Tales of Monkey Island Chapter 4: The Trial and Execution of Guybrush Threepwood","9960","Tales of Monkey Island Chapter 4: The Trial and Execution of Guybrush Threepwood","59280","8460","43","1","29","0","0","7.01","Tales of Monkey Island Chapter 4: The Trial and Execution of Guybrush Threepwood"
"Donkey Kong Jr.","9961","Donkey Kong Jr.","71040","10140","132","2","29","0","0","7.01","Donkey Kong Jr."
"Scott Pilgrim vs. The World: The Game","9962","Scott Pilgrim vs. The World: The Game","145080","20700","191","2","110","0","0","7.01","Scott Pilgrim vs. The World: The Game"
"A Good Snowman Is Hard To Build","9963","A Good Snowman Is Hard To Build","30300","4320","478","2","19","0","0","7.01","A Good Snowman Is Hard To Build"
"Ys: The Ark of Napishtim","9964","Ys: The Ark of Napishtim","412440","58800","503","3","125","0","0","7.01","Ys: The Ark of Napishtim"
"RF Online","9965","RF Online","3075060","438960","449","7","336","5","0","7.01","RF Online"
"Wonder Boy in Monster Land","9966","Wonder Boy in Monster Land","132660","18960","67","2","44","0","0","7","Wonder Boy in Monster Land"
"Eyes - The Horror Game","9967","Eyes - The Horror Game","102000","14580","352","2","121","0","0","7","Eyes - The Horror Game"
"Wheel of Fortune 2","9968","Wheel of Fortune 2","420","60","8","1","0","0","0","7","Wheel of Fortune 2"
"Lips","9969","Lips","840","120","9","1","1","0","0","7","Lips"
"Bruce Lee","9970","Bruce Lee","2100","300","17","1","3","0","0","7","Bruce Lee"
"Harbinger","9971","Harbinger","4200","600","27","2","6","0","0","7","Harbinger"
"SoulHunt","9972","SoulHunt","15120","2160","88","2","17","0","0","7","SoulHunt"
"Generations Lost","9973","Generations Lost","2940","420","22","1","2","0","0","7","Generations Lost"
"Hello Kitty to Issho! Block Crash Z","9974","Hello Kitty to Issho! Block Crash Z","20580","2940","155","1","10","0","0","7","Hello Kitty to Issho! Block Crash Z"
"Task Force Harrier EX","9975","Task Force Harrier EX","840","120","9","1","1","0","0","7","Task Force Harrier EX"
"Malice","9976","Malice","840","120","10","1","1","0","0","7","Malice"
"Big Brother: The Game","9977","Big Brother: The Game","4200","600","24","1","2","0","0","7","Big Brother: The Game"
"Let's Explore The Airport","9978","Let's Explore The Airport","2940","420","16","1","1","0","0","7","Let's Explore The Airport"
"Cho Aniki: Bakuretsu Rantou Hen","9979","Cho Aniki: Bakuretsu Rantou Hen","1260","180","11","1","2","0","0","7","Cho Aniki: Bakuretsu Rantou Hen"
"Pharaoh's Tomb","9980","Pharaoh's Tomb","3780","540","15","1","2","0","0","7","Pharaoh's Tomb"
"Realmz","9981","Realmz","16380","2340","27","1","5","0","0","7","Realmz"
"Ninja JaJaMaru-kun","9982","Ninja JaJaMaru-kun","2100","300","11","1","1","0","0","7","Ninja JaJaMaru-kun"
"Snoopy's Silly Sports Spectacular","9983","Snoopy's Silly Sports Spectacular","10080","1440","29","1","5","0","0","7","Snoopy's Silly Sports Spectacular"
"The Three Stooges","9984","The Three Stooges","3780","540","38","1","7","0","0","7","The Three Stooges"
"Ecco Jr.","9985","Ecco Jr.","1260","180","17","1","3","0","0","7","Ecco Jr."
"Initial D Arcade Stage","9986","Initial D Arcade Stage","28980","4140","75","1","20","0","0","7","Initial D Arcade Stage"
"Fighters Uncaged","9987","Fighters Uncaged","420","60","8","1","1","0","0","7","Fighters Uncaged"
"Farland Saga: Toki no Michishirube","9988","Farland Saga: Toki no Michishirube","2940","420","15","1","2","0","0","7","Farland Saga: Toki no Michishirube"
"Telegraph Crosswords","9989","Telegraph Crosswords","420","60","7","1","1","0","0","7","Telegraph Crosswords"
"Jupiter Strike","9990","Jupiter Strike","420","60","8","1","1","0","0","7","Jupiter Strike"
"Golf Resort Tycoon","9991","Golf Resort Tycoon","420","60","7","1","0","0","0","7","Golf Resort Tycoon"
"Yadernyy Titbit","9992","Yadernyy Titbit","2100","300","17","1","2","0","0","7","Yadernyy Titbit"
"Bubble Bobble Double Shot","9993","Bubble Bobble Double Shot","420","60","8","1","0","0","0","7","Bubble Bobble Double Shot"
"Fake Colours","9994","Fake Colours","1260","180","17","1","2","0","0","7","Fake Colours"
"Wild Earth: African Safari","9995","Wild Earth: African Safari","2520","360","9","1","1","0","0","7","Wild Earth: African Safari"
"Roadkill","9996","Roadkill","5040","720","28","1","2","0","0","7","Roadkill"
"Opening Night","9997","Opening Night","420","60","7","1","0","0","0","7","Opening Night"
"The Muppets: On with the Show","9998","The Muppets: On with the Show","840","120","7","1","1","0","0","7","The Muppets: On with the Show"
"Amnesia Later","9999","Amnesia Later","840","120","14","1","1","0","0","7","Amnesia Later"
"Bearzerkers","10000","Bearzerkers","2100","300","33","1","3","0","0","7","Bearzerkers"