"","","Game","Watch time","Stream time","Peak viewers","Peak channels","Streamers","Average viewers","Average channels","Average viewer ratio",""
"Magrunner: Dark Pulse","2101","Magrunner: Dark Pulse","1909800","26520","69916","5","41","3","0","72.01","Magrunner: Dark Pulse"
"Tempest","2102","Tempest","1903800","47220","4829","6","161","3","0","40.32","Tempest"
"Hyperdimension Neptunia U: Action Unleashed","2103","Hyperdimension Neptunia U: Action Unleashed","1896900","155940","2730","15","506","3","0","12.16","Hyperdimension Neptunia U: Action Unleashed"
"Titan Quest: Immortal Throne","2104","Titan Quest: Immortal Throne","1894440","387360","157","12","962","3","0","4.89","Titan Quest: Immortal Throne"
"Painkiller Hell & Damnation","2105","Painkiller Hell & Damnation","1894020","54540","3476","4","284","3","0","34.73","Painkiller Hell & Damnation"
"Total War: Shogun 2","2106","Total War: Shogun 2","1891800","338040","833","6","1100","3","0","5.6","Total War: Shogun 2"
"Pharaonic","2107","Pharaonic","1891800","20280","17499","4","78","3","0","93.28","Pharaonic"
"Warmachine & Hordes","2108","Warmachine & Hordes","1891620","258060","1553","5","91","3","0","7.33","Warmachine & Hordes"
"Professor Layton vs. Phoenix Wright: Ace Attorney","2109","Professor Layton vs. Phoenix Wright: Ace Attorney","1890060","15960","1115","1","17","3","0","118.42","Professor Layton vs. Phoenix Wright: Ace Attorney"
"Tribes Ascend","2110","Tribes Ascend","1888080","213540","31123","7","506","3","0","8.84","Tribes Ascend"
"BeamNG.Drive","2111","BeamNG.Drive","1883100","216720","3021","5","1351","3","0","8.69","BeamNG.Drive"
"Disgaea 5: Alliance of Vengeance","2112","Disgaea 5: Alliance of Vengeance","1883040","853920","224","13","1959","3","1","2.21","Disgaea 5: Alliance of Vengeance"
"Human Resource Machine","2113","Human Resource Machine","1879440","75540","5379","4","345","3","0","24.88","Human Resource Machine"
"Professor Layton and the Curious Village","2114","Professor Layton and the Curious Village","1878240","57000","2087","2","122","3","0","32.95","Professor Layton and the Curious Village"
"Medal of Honor: Allied Assault","2115","Medal of Honor: Allied Assault","1877700","78060","8039","4","198","3","0","24.05","Medal of Honor: Allied Assault"
"Toxikk","2116","Toxikk","1873800","68460","6334","15","496","3","0","27.37","Toxikk"
"Risen","2117","Risen","1873380","223440","3440","6","453","3","0","8.38","Risen"
"Castlevania: Order of Ecclesia","2118","Castlevania: Order of Ecclesia","1873260","68220","580","3","106","3","0","27.46","Castlevania: Order of Ecclesia"
"Rock of Ages","2119","Rock of Ages","1870980","19140","6437","3","130","3","0","97.75","Rock of Ages"
"Metroid Prime Trilogy","2120","Metroid Prime Trilogy","1870140","151800","994","4","222","3","0","12.32","Metroid Prime Trilogy"
"Haydee","2121","Haydee","1868760","46440","7420","6","200","3","0","40.24","Haydee"
"Pokémon Channel","2122","Pokémon Channel","1866660","137040","1759","9","550","3","0","13.62","Pokémon Channel"
"Command & Conquer: Generals - Zero Hour","2123","Command & Conquer: Generals - Zero Hour","1863240","153540","2474","5","399","3","0","12.14","Command & Conquer: Generals - Zero Hour"
"Barbie","2124","Barbie","1862040","19080","10201","3","136","3","0","97.59","Barbie"
"Rage","2125","Rage","1860780","183120","2552","5","622","3","0","10.16","Rage"
"Obscure","2126","Obscure","1858860","40800","10329","6","222","3","0","45.56","Obscure"
"Lara Croft Tomb Raider: Anniversary","2127","Lara Croft Tomb Raider: Anniversary","1855440","155280","1216","6","401","3","0","11.95","Lara Croft Tomb Raider: Anniversary"
"Monster High: New Ghoul in School","2128","Monster High: New Ghoul in School","1852920","15000","30915","6","42","3","0","123.53","Monster High: New Ghoul in School"
"Puyo Puyo","2129","Puyo Puyo","1852320","9960","1257","2","31","3","0","185.98","Puyo Puyo"
"The Curse of Issyos","2130","The Curse of Issyos","1849500","2760","87546","6","19","3","0","670.11","The Curse of Issyos"
"The Warriors","2131","The Warriors","1848240","343320","2061","23","1450","3","0","5.38","The Warriors"
"Windscape","2132","Windscape","1847040","4860","14494","4","34","3","0","380.05","Windscape"
"Driver","2133","Driver","1846920","24360","8555","6","81","3","0","75.82","Driver"
"Asagao Academy: Normal Boots Club","2134","Asagao Academy: Normal Boots Club","1845900","86100","1029","10","259","3","0","21.44","Asagao Academy: Normal Boots Club"
"The Whispered World","2135","The Whispered World","1837800","82260","1085","4","164","3","0","22.34","The Whispered World"
"Goodbye Deponia","2136","Goodbye Deponia","1837620","110160","571","5","161","3","0","16.68","Goodbye Deponia"
"A Chair in a Room: Greenwater","2137","A Chair in a Room: Greenwater","1837380","1200","17456","5","10","3","0","1531.15","A Chair in a Room: Greenwater"
"Transport Tycoon","2138","Transport Tycoon","1834500","78480","5517","4","290","3","0","23.38","Transport Tycoon"
"Steel Battalion","2139","Steel Battalion","1830300","6120","6280","2","17","3","0","299.07","Steel Battalion"
"The Tomorrow Children","2140","The Tomorrow Children","1829940","106560","1428","14","1920","3","0","17.17","The Tomorrow Children"
"Disc Jam","2141","Disc Jam","1829160","41640","5929","8","184","3","0","43.93","Disc Jam"
"Star Wars: Rebellion","2142","Star Wars: Rebellion","1827900","27180","12674","2","32","3","0","67.25","Star Wars: Rebellion"
"Bridge Constructor","2143","Bridge Constructor","1827360","69900","3931","6","376","3","0","26.14","Bridge Constructor"
"Raw Data","2144","Raw Data","1822260","43860","20927","4","266","3","0","41.55","Raw Data"
"Stronghold Crusader","2145","Stronghold Crusader","1821480","171000","6674","5","451","3","0","10.65","Stronghold Crusader"
"Shadwen","2146","Shadwen","1820160","58860","16418","10","281","3","0","30.92","Shadwen"
"inFamous 2","2147","inFamous 2","1818300","34740","3055","2","71","3","0","52.34","inFamous 2"
"Need for Speed Underground","2148","Need for Speed Underground","1818180","137880","1340","4","508","3","0","13.19","Need for Speed Underground"
"Uncanny Valley","2149","Uncanny Valley","1818180","24120","3422","3","138","3","0","75.38","Uncanny Valley"
"Resident Evil: Operation Raccoon City","2150","Resident Evil: Operation Raccoon City","1817640","91200","6927","4","341","3","0","19.93","Resident Evil: Operation Raccoon City"
"Source Filmmaker","2151","Source Filmmaker","1817520","229320","383","6","579","3","0","7.93","Source Filmmaker"
"Victor Vran","2152","Victor Vran","1816380","183960","3082","6","587","3","0","9.87","Victor Vran"
"Political Animals","2153","Political Animals","1814160","6180","6465","4","31","3","0","293.55","Political Animals"
"Perfect Dark","2154","Perfect Dark","1813080","276060","2748","6","933","3","0","6.57","Perfect Dark"
"Pool Nation","2155","Pool Nation","1813020","30540","9037","3","156","3","0","59.37","Pool Nation"
"Resident Evil: Director's Cut","2156","Resident Evil: Director's Cut","1812840","58140","1444","3","163","3","0","31.18","Resident Evil: Director's Cut"
"Welcome To Mexico","2157","Welcome To Mexico","1810920","1800","20070","3","17","3","0","1006.07","Welcome To Mexico"
"Policenauts","2158","Policenauts","1808940","24180","984","3","47","3","0","74.81","Policenauts"
"Ghost Trick: Phantom Detective","2159","Ghost Trick: Phantom Detective","1805940","56820","1512","4","96","3","0","31.78","Ghost Trick: Phantom Detective"
"Randal's Monday","2160","Randal's Monday","1804500","120900","572","6","296","3","0","14.93","Randal's Monday"
"Monster Hunter Stories","2161","Monster Hunter Stories","1803660","69000","597","8","53","3","0","26.14","Monster Hunter Stories"
"Garou: Mark of the Wolves","2162","Garou: Mark of the Wolves","1803600","53100","5499","6","220","3","0","33.97","Garou: Mark of the Wolves"
"Press Your Luck","2163","Press Your Luck","1798740","8820","3098","1","16","3","0","203.94","Press Your Luck"
"Guns, Gore & Cannoli","2164","Guns, Gore & Cannoli","1792560","133080","6365","4","708","3","0","13.47","Guns, Gore & Cannoli"
"The Legend of the Mystical Ninja","2165","The Legend of the Mystical Ninja","1785840","43620","2525","3","61","3","0","40.94","The Legend of the Mystical Ninja"
"Slayaway Camp","2166","Slayaway Camp","1783140","27480","17095","9","127","3","0","64.89","Slayaway Camp"
"Spy Fox 2: Some Assembly Required","2167","Spy Fox 2: Some Assembly Required","1780560","6060","11478","3","35","3","0","293.82","Spy Fox 2: Some Assembly Required"
"My Name is Mayo","2168","My Name is Mayo","1778400","29340","26099","4","269","3","0","60.61","My Name is Mayo"
"Metal Gear Solid: VR Missions","2169","Metal Gear Solid: VR Missions","1776840","10200","1719","2","29","3","0","174.2","Metal Gear Solid: VR Missions"
"The Chronicles of Riddick: Assault on Dark Athena","2170","The Chronicles of Riddick: Assault on Dark Athena","1773420","26100","14209","3","70","3","0","67.95","The Chronicles of Riddick: Assault on Dark Athena"
"Assassin's Creed: Revelations","2171","Assassin's Creed: Revelations","1767960","184980","2016","6","494","3","0","9.56","Assassin's Creed: Revelations"
"Home Sweet Home","2172","Home Sweet Home","1767360","8760","8562","2","83","3","0","201.75","Home Sweet Home"
"Melty Blood: Actress Again: Current Code","2173","Melty Blood: Actress Again: Current Code","1767000","187200","2174","20","500","3","0","9.44","Melty Blood: Actress Again: Current Code"
"Monster High: 13 Wishes","2174","Monster High: 13 Wishes","1765920","180","29431","1","2","3","0","9810.67","Monster High: 13 Wishes"
"50 Cent: Blood on the Sand","2175","50 Cent: Blood on the Sand","1763160","6720","4774","3","24","3","0","262.38","50 Cent: Blood on the Sand"
"Romance of the Three Kingdoms XII","2176","Romance of the Three Kingdoms XII","1758300","55440","1019","5","59","3","0","31.72","Romance of the Three Kingdoms XII"
"Fatal Frame III: The Tormented","2177","Fatal Frame III: The Tormented","1755480","97380","305","3","138","3","0","18.03","Fatal Frame III: The Tormented"
"F.E.A.R.: Extraction Point","2178","F.E.A.R.: Extraction Point","1755000","59520","10429","6","219","3","0","29.49","F.E.A.R.: Extraction Point"
"Super Monkey Ball","2179","Super Monkey Ball","1754040","85800","12893","5","273","3","0","20.44","Super Monkey Ball"
"Watch Out!","2180","Watch Out!","1753740","2520","16002","3","16","3","0","695.93","Watch Out!"
"God of War: Ascension","2181","God of War: Ascension","1748640","59040","1098","3","131","3","0","29.62","God of War: Ascension"
"SimCity: Cities of Tomorrow","2182","SimCity: Cities of Tomorrow","1748580","60000","1906","4","188","3","0","29.14","SimCity: Cities of Tomorrow"
"Social City","2183","Social City","1748040","19560","1629","2","104","3","0","89.37","Social City"
"Wild Animal Racing","2184","Wild Animal Racing","1747680","10320","14563","3","70","3","0","169.35","Wild Animal Racing"
"Quake II","2185","Quake II","1746420","150540","5555","6","374","3","0","11.6","Quake II"
"Street Fighter 2010: The Final Fight","2186","Street Fighter 2010: The Final Fight","1744020","8280","6808","2","35","3","0","210.63","Street Fighter 2010: The Final Fight"
"Mortal Kombat vs. DC Universe","2187","Mortal Kombat vs. DC Universe","1741560","5040","7134","3","22","3","0","345.55","Mortal Kombat vs. DC Universe"
"Tomba!","2188","Tomba!","1741320","63300","1511","4","172","3","0","27.51","Tomba!"
"Resonance of Fate","2189","Resonance of Fate","1740420","62220","2392","3","71","3","0","27.97","Resonance of Fate"
"Project Argo","2190","Project Argo","1738680","93360","25564","14","358","3","0","18.62","Project Argo"
"Renowned Explorers: International Society","2191","Renowned Explorers: International Society","1737660","111600","5654","5","318","3","0","15.57","Renowned Explorers: International Society"
"Command & Conquer: Red Alert 2","2192","Command & Conquer: Red Alert 2","1736280","235020","798","4","332","3","0","7.39","Command & Conquer: Red Alert 2"
"Star Wars: Masters of Teräs Käsi","2193","Star Wars: Masters of Teräs Käsi","1733940","1860","6497","2","12","3","0","932.23","Star Wars: Masters of Teräs Käsi"
"Cloud Pirates","2194","Cloud Pirates","1732620","58620","2120","12","165","3","0","29.56","Cloud Pirates"
"Hentai Anime Poker","2195","Hentai Anime Poker","1732320","18840","1911","2","49","3","0","91.95","Hentai Anime Poker"
"Def Jam: Fight for NY","2196","Def Jam: Fight for NY","1724040","62160","6357","3","232","3","0","27.74","Def Jam: Fight for NY"
"Prompt","2197","Prompt","1721700","4620","108370","8","18","3","0","372.66","Prompt"
"Lufia & the Fortress of Doom","2198","Lufia & the Fortress of Doom","1721100","41280","2004","2","60","3","0","41.69","Lufia & the Fortress of Doom"
"Metal Slug 3","2199","Metal Slug 3","1719720","195120","1354","5","1250","3","0","8.81","Metal Slug 3"
"Warhammer 40,000: Dawn of War - Soulstorm","2200","Warhammer 40,000: Dawn of War - Soulstorm","1714500","266700","636","5","592","3","0","6.43","Warhammer 40,000: Dawn of War - Soulstorm"