"","","Game","Watch time","Stream time","Peak viewers","Peak channels","Streamers","Average viewers","Average channels","Average viewer ratio",""
"Kikokugai: The Cyber Slayer","5601","Kikokugai: The Cyber Slayer","10020","540","28","1","1","0","0","18.56","Kikokugai: The Cyber Slayer"
"Crystalis","5602","Crystalis","935520","50400","347","4","100","1","0","18.56","Crystalis"
"Crowfall","5603","Crowfall","3304080","178140","5497","21","331","6","0","18.55","Crowfall"
"Onimusha 2: Samurai's Destiny","5604","Onimusha 2: Samurai's Destiny","1054620","56880","722","2","103","2","0","18.54","Onimusha 2: Samurai's Destiny"
"Clash of Clans","5605","Clash of Clans","115779900","6244740","2545","49","12386","219","11","18.54","Clash of Clans"
"Harvest Moon: Back to Nature","5606","Harvest Moon: Back to Nature","1565640","84480","637","4","110","2","0","18.53","Harvest Moon: Back to Nature"
"Rock Band 2","5607","Rock Band 2","549060","29640","547","3","115","1","0","18.52","Rock Band 2"
"Mega Man Battle Chip Challenge","5608","Mega Man Battle Chip Challenge","273360","14760","471","2","13","0","0","18.52","Mega Man Battle Chip Challenge"
"SaGa Frontier","5609","SaGa Frontier","907200","49020","626","3","56","1","0","18.51","SaGa Frontier"
"Resident Evil Zero","5610","Resident Evil Zero","57414720","3103260","27708","369","9693","108","5","18.5","Resident Evil Zero"
"The Simpsons Skateboarding","5611","The Simpsons Skateboarding","48840","2640","187","2","3","0","0","18.5","The Simpsons Skateboarding"
"Crash Time 3D","5612","Crash Time 3D","4440","240","28","1","1","0","0","18.5","Crash Time 3D"
"The Simpsons: Virtual Springfield","5613","The Simpsons: Virtual Springfield","4440","240","73","1","2","0","0","18.5","The Simpsons: Virtual Springfield"
"Tiger Trouble","5614","Tiger Trouble","6660","360","47","1","3","0","0","18.5","Tiger Trouble"
"Cauldron","5615","Cauldron","2220","120","31","1","2","0","0","18.5","Cauldron"
"Void","5616","Void","2220","120","19","1","2","0","0","18.5","Void"
"Island 359","5617","Island 359","11100","600","177","1","5","0","0","18.5","Island 359"
"Strikers 1945 III","5618","Strikers 1945 III","43260","2340","44","1","3","0","0","18.49","Strikers 1945 III"
"Frantic Flea","5619","Frantic Flea","61020","3300","70","1","2","0","0","18.49","Frantic Flea"
"Tales of Eternia","5620","Tales of Eternia","1075560","58200","1769","2","60","2","0","18.48","Tales of Eternia"
"Warhammer Quest","5621","Warhammer Quest","158580","8580","493","1","30","0","0","18.48","Warhammer Quest"
"Guilty Gear Xrd -SIGN-","5622","Guilty Gear Xrd -SIGN-","14584740","789060","10529","17","2447","27","1","18.48","Guilty Gear Xrd -SIGN-"
"Meltdown","5623","Meltdown","66540","3600","556","2","25","0","0","18.48","Meltdown"
"Samorost","5624","Samorost","66540","3600","268","1","24","0","0","18.48","Samorost"
"Retro Garbage","5625","Retro Garbage","379260","20520","1107","2","27","0","0","18.48","Retro Garbage"
"Alien Resurrection","5626","Alien Resurrection","42120","2280","93","1","9","0","0","18.47","Alien Resurrection"
"Idol Death Game TV","5627","Idol Death Game TV","142980","7740","72","4","12","0","0","18.47","Idol Death Game TV"
"The Combatribes","5628","The Combatribes","14400","780","70","1","6","0","0","18.46","The Combatribes"
"Comix Zone","5629","Comix Zone","806280","43680","1038","2","213","1","0","18.46","Comix Zone"
"Digger HD","5630","Digger HD","36540","1980","160","1","22","0","0","18.45","Digger HD"
"Bonk 3: Bonk's Big Adventure","5631","Bonk 3: Bonk's Big Adventure","9960","540","57","1","4","0","0","18.44","Bonk 3: Bonk's Big Adventure"
"Donkey Kong Land","5632","Donkey Kong Land","103980","5640","135","5","31","0","0","18.44","Donkey Kong Land"
"Killer Instinct 2","5633","Killer Instinct 2","667080","36180","7008","3","120","1","0","18.44","Killer Instinct 2"
"Ballz 3D: Fighting at its Ballziest","5634","Ballz 3D: Fighting at its Ballziest","59760","3240","156","1","14","0","0","18.44","Ballz 3D: Fighting at its Ballziest"
"Mega Man V","5635","Mega Man V","504480","27360","1461","4","85","0","0","18.44","Mega Man V"
"Mario Strikers Charged","5636","Mario Strikers Charged","277620","15060","1510","2","89","0","0","18.43","Mario Strikers Charged"
"Roller Coaster Rampage","5637","Roller Coaster Rampage","7740","420","132","1","3","0","0","18.43","Roller Coaster Rampage"
"Sword Art Online: Hollow Realization","5638","Sword Art Online: Hollow Realization","28751760","1559940","9342","110","2801","54","2","18.43","Sword Art Online: Hollow Realization"
"Popeye","5639","Popeye","114900","6240","818","1","25","0","0","18.41","Popeye"
"Cowboy Bebop","5640","Cowboy Bebop","18780","1020","117","1","7","0","0","18.41","Cowboy Bebop"
"Dark Shadows - Army of Evil","5641","Dark Shadows - Army of Evil","22080","1200","83","1","9","0","0","18.4","Dark Shadows - Army of Evil"
"The Curious Expedition","5642","The Curious Expedition","717540","39000","1085","3","149","1","0","18.4","The Curious Expedition"
"Metal Gear Solid 3: Subsistence","5643","Metal Gear Solid 3: Subsistence","667680","36300","1250","2","102","1","0","18.39","Metal Gear Solid 3: Subsistence"
"No One Can Stop Mr. Domino","5644","No One Can Stop Mr. Domino","45240","2460","166","1","15","0","0","18.39","No One Can Stop Mr. Domino"
"Cute Things Dying Violently","5645","Cute Things Dying Violently","23160","1260","131","1","10","0","0","18.38","Cute Things Dying Violently"
"No Rules: Get Phat","5646","No Rules: Get Phat","8820","480","82","1","3","0","0","18.38","No Rules: Get Phat"
"Zatch Bell! Mamodo Fury","5647","Zatch Bell! Mamodo Fury","8820","480","138","1","2","0","0","18.38","Zatch Bell! Mamodo Fury"
"Little Nemo: The Dream Master","5648","Little Nemo: The Dream Master","542280","29520","2236","7","91","1","0","18.37","Little Nemo: The Dream Master"
"Wild Arms","5649","Wild Arms","1941420","105660","5426","4","125","3","0","18.37","Wild Arms"
"Warpath: Jurassic Park","5650","Warpath: Jurassic Park","27540","1500","418","1","11","0","0","18.36","Warpath: Jurassic Park"
"Pit People","5651","Pit People","876900","47760","1550","20","289","1","0","18.36","Pit People"
"Dracula: The Last Sanctuary","5652","Dracula: The Last Sanctuary","82560","4500","175","1","12","0","0","18.35","Dracula: The Last Sanctuary"
"PaRappa the Rapper 2","5653","PaRappa the Rapper 2","506400","27600","725","2","726","0","0","18.35","PaRappa the Rapper 2"
"Skullgirls","5654","Skullgirls","13036260","710700","11713","10","2315","24","1","18.34","Skullgirls"
"House of 1000 Doors: Family Secrets","5655","House of 1000 Doors: Family Secrets","103440","5640","350","1","18","0","0","18.34","House of 1000 Doors: Family Secrets"
"Fossil Echo","5656","Fossil Echo","189300","10320","387","3","53","0","0","18.34","Fossil Echo"
"Monster Hunter 3 Ultimate","5657","Monster Hunter 3 Ultimate","7038840","384060","1620","8","539","13","0","18.33","Monster Hunter 3 Ultimate"
"Eggomania","5658","Eggomania","75900","4140","985","2","9","0","0","18.33","Eggomania"
"Chasm","5659","Chasm","100020","5460","86","1","22","0","0","18.32","Chasm"
"Mind: Path to Thalamus","5660","Mind: Path to Thalamus","207480","11340","310","2","61","0","0","18.3","Mind: Path to Thalamus"
"Lands of Lore: Guardians of Destiny","5661","Lands of Lore: Guardians of Destiny","255900","13980","177","2","17","0","0","18.3","Lands of Lore: Guardians of Destiny"
"Japan Pro Golf Tour 64","5662","Japan Pro Golf Tour 64","25260","1380","36","1","4","0","0","18.3","Japan Pro Golf Tour 64"
"MDK","5663","MDK","107520","5880","390","3","16","0","0","18.29","MDK"
"Dusk","5664","Dusk","18660","1020","45","1","6","0","0","18.29","Dusk"
"FIFA Online 3","5665","FIFA Online 3","6848340","374400","3314","7","431","12","0","18.29","FIFA Online 3"
"King's Bounty: Warriors of the North","5666","King's Bounty: Warriors of the North","368460","20160","136","2","20","0","0","18.28","King's Bounty: Warriors of the North"
"Pop'n TwinBee: Rainbow Bell Adventures","5667","Pop'n TwinBee: Rainbow Bell Adventures","35100","1920","109","1","7","0","0","18.28","Pop'n TwinBee: Rainbow Bell Adventures"
"Champion Jockey: G1 Jockey and Gallop Racer","5668","Champion Jockey: G1 Jockey and Gallop Racer","16440","900","51","1","2","0","0","18.27","Champion Jockey: G1 Jockey and Gallop Racer"
"Gun Monkeys","5669","Gun Monkeys","28500","1560","95","1","17","0","0","18.27","Gun Monkeys"
"Save the Date","5670","Save the Date","4380","240","68","1","2","0","0","18.25","Save the Date"
"Free Realms","5671","Free Realms","4380","240","32","1","3","0","0","18.25","Free Realms"
"MLB Slugfest 2006","5672","MLB Slugfest 2006","17520","960","42","1","5","0","0","18.25","MLB Slugfest 2006"
"Taco Bell: Tasty Temple Challenge","5673","Taco Bell: Tasty Temple Challenge","18600","1020","74","1","6","0","0","18.24","Taco Bell: Tasty Temple Challenge"
"Mega Man X8","5674","Mega Man X8","922800","50580","708","5","120","1","0","18.24","Mega Man X8"
"Tiny Toon Adventures","5675","Tiny Toon Adventures","403680","22140","1709","4","106","0","0","18.23","Tiny Toon Adventures"
"Board Game Online","5676","Board Game Online","1439460","78960","8109","5","379","2","0","18.23","Board Game Online"
"Mega Man Xtreme","5677","Mega Man Xtreme","117060","6420","543","1","30","0","0","18.23","Mega Man Xtreme"
"Space Quest III: The Pirates of Pestulon","5678","Space Quest III: The Pirates of Pestulon","135540","7440","209","1","29","0","0","18.22","Space Quest III: The Pirates of Pestulon"
"Shining Force Gaiden: Final Conflict","5679","Shining Force Gaiden: Final Conflict","225060","12360","541","2","9","0","0","18.21","Shining Force Gaiden: Final Conflict"
"UNLOVED","5680","UNLOVED","559440","30720","1174","3","161","1","0","18.21","UNLOVED"
"Call of Duty: Infinite Warfare - Jackal Assault","5681","Call of Duty: Infinite Warfare - Jackal Assault","99420","5460","1061","2","36","0","0","18.21","Call of Duty: Infinite Warfare - Jackal Assault"
"Steam Hearts","5682","Steam Hearts","5460","300","42","2","3","0","0","18.2","Steam Hearts"
"Rollergames","5683","Rollergames","82980","4560","183","5","20","0","0","18.2","Rollergames"
"Adventures of Lolo","5684","Adventures of Lolo","263220","14460","348","1","65","0","0","18.2","Adventures of Lolo"
"Teddy Boy","5685","Teddy Boy","5460","300","47","1","2","0","0","18.2","Teddy Boy"
"Valkyrie Profile 2: Silmeria","5686","Valkyrie Profile 2: Silmeria","1070520","58860","3265","4","69","2","0","18.19","Valkyrie Profile 2: Silmeria"
"Child of Light","5687","Child of Light","12151920","668280","88627","10","2856","23","1","18.18","Child of Light"
"Silent Hills","5688","Silent Hills","7199100","396180","14181","12","3323","13","0","18.17","Silent Hills"
"RosenkreuzStilette Freudenstachel","5689","RosenkreuzStilette Freudenstachel","207180","11400","553","2","35","0","0","18.17","RosenkreuzStilette Freudenstachel"
"The Show","5690","The Show","19620","1080","78","1","2","0","0","18.17","The Show"
"Spirit Camera: The Cursed Memoir","5691","Spirit Camera: The Cursed Memoir","19620","1080","60","1","3","0","0","18.17","Spirit Camera: The Cursed Memoir"
"One Piece: Unlimited Cruise SP2","5692","One Piece: Unlimited Cruise SP2","6540","360","33","1","1","0","0","18.17","One Piece: Unlimited Cruise SP2"
"Mugen no Frontier EXCEED: Super Robot Wars OG Saga","5693","Mugen no Frontier EXCEED: Super Robot Wars OG Saga","83880","4620","106","1","3","0","0","18.16","Mugen no Frontier EXCEED: Super Robot Wars OG Saga"
"Tokyo Mirage Sessions ♯FE","5694","Tokyo Mirage Sessions ♯FE","11237100","618900","7159","53","811","21","1","18.16","Tokyo Mirage Sessions ♯FE"
"Slendy!","5695","Slendy!","62100","3420","304","1","24","0","0","18.16","Slendy!"
"Teenage Mutant Ninja Turtles III: The Manhattan Project","5696","Teenage Mutant Ninja Turtles III: The Manhattan Project","358380","19740","522","2","100","0","0","18.16","Teenage Mutant Ninja Turtles III: The Manhattan Project"
"Valkyrie Profile","5697","Valkyrie Profile","1681200","92640","2192","3","117","3","0","18.15","Valkyrie Profile"
"Digger T. Rock: Legend of the Lost City","5698","Digger T. Rock: Legend of the Lost City","14160","780","45","1","4","0","0","18.15","Digger T. Rock: Legend of the Lost City"
"Tron 2.0","5699","Tron 2.0","297180","16380","237","2","45","0","0","18.14","Tron 2.0"
"The Enchanted Cave 2","5700","The Enchanted Cave 2","147900","8160","534","3","27","0","0","18.13","The Enchanted Cave 2"