"","","Game","Watch time","Stream time","Peak viewers","Peak channels","Streamers","Average viewers","Average channels","Average viewer ratio",""
"Home","12301","Home","238380","49980","887","4","301","0","0","4.77","Home"
"Savant","12302","Savant","74760","15660","212","2","105","0","0","4.77","Savant"
"Rewrite","12303","Rewrite","210120","44040","67","2","50","0","0","4.77","Rewrite"
"Bridge","12304","Bridge","162780","34140","929","4","36","0","0","4.77","Bridge"
"Pop'n Music Portable","12305","Pop'n Music Portable","3720","780","11","1","3","0","0","4.77","Pop'n Music Portable"
"Ratchet & Clank: Full Frontal Assault","12306","Ratchet & Clank: Full Frontal Assault","24060","5040","50","2","11","0","0","4.77","Ratchet & Clank: Full Frontal Assault"
"Wizardry V: Heart of the Maelstrom","12307","Wizardry V: Heart of the Maelstrom","18600","3900","169","1","9","0","0","4.77","Wizardry V: Heart of the Maelstrom"
"Star Wars: Episode I Racer","12308","Star Wars: Episode I Racer","63360","13320","181","2","58","0","0","4.76","Star Wars: Episode I Racer"
"Hunter","12309","Hunter","32820","6900","269","2","30","0","0","4.76","Hunter"
"Supreme Commander: Forged Alliance","12310","Supreme Commander: Forged Alliance","2390040","501780","111","9","661","4","0","4.76","Supreme Commander: Forged Alliance"
"Star Rangers","12311","Star Rangers","8280","1740","42","1","11","0","0","4.76","Star Rangers"
"Fairly OddParents: Breakin' Da Rules","12312","Fairly OddParents: Breakin' Da Rules","18840","3960","49","3","24","0","0","4.76","Fairly OddParents: Breakin' Da Rules"
"Killing Floor","12313","Killing Floor","2257020","474180","8787","9","2353","4","0","4.76","Killing Floor"
"Hyperdimension Neptunia Victory II","12314","Hyperdimension Neptunia Victory II","204600","42960","53","5","57","0","0","4.76","Hyperdimension Neptunia Victory II"
"Strong Bad's Cool Game for Attractive People","12315","Strong Bad's Cool Game for Attractive People","65940","13860","54","2","67","0","0","4.76","Strong Bad's Cool Game for Attractive People"
"Snood","12316","Snood","7140","1500","14","2","6","0","0","4.76","Snood"
"Community Pom","12317","Community Pom","7140","1500","93","2","5","0","0","4.76","Community Pom"
"Highlands","12318","Highlands","6000","1260","47","1","4","0","0","4.76","Highlands"
"Garbage Truck Simulator","12319","Garbage Truck Simulator","12000","2520","41","1","14","0","0","4.76","Garbage Truck Simulator"
"Pink Panther: Pinkadelic Pursuit","12320","Pink Panther: Pinkadelic Pursuit","4860","1020","29","1","7","0","0","4.76","Pink Panther: Pinkadelic Pursuit"
"Network Q RAC Rally Championship","12321","Network Q RAC Rally Championship","3420","720","10","1","2","0","0","4.75","Network Q RAC Rally Championship"
"Time Mysteries 2: The Ancient Spectres","12322","Time Mysteries 2: The Ancient Spectres","22800","4800","43","1","20","0","0","4.75","Time Mysteries 2: The Ancient Spectres"
"Robinson Crusoe","12323","Robinson Crusoe","1140","240","7","1","1","0","0","4.75","Robinson Crusoe"
"Rymdjakten","12324","Rymdjakten","1140","240","7","1","2","0","0","4.75","Rymdjakten"
"Ian Livingstone's Deathtrap Dungeon","12325","Ian Livingstone's Deathtrap Dungeon","2280","480","9","1","2","0","0","4.75","Ian Livingstone's Deathtrap Dungeon"
"Segata Sanshirou Shinken Yuugi","12326","Segata Sanshirou Shinken Yuugi","3420","720","12","1","3","0","0","4.75","Segata Sanshirou Shinken Yuugi"
"Journey Escape","12327","Journey Escape","1140","240","6","1","1","0","0","4.75","Journey Escape"
"Thexder Neo","12328","Thexder Neo","1140","240","12","1","1","0","0","4.75","Thexder Neo"
"NHL Breakaway 98","12329","NHL Breakaway 98","1140","240","7","1","2","0","0","4.75","NHL Breakaway 98"
"China Warrior","12330","China Warrior","2280","480","10","1","2","0","0","4.75","China Warrior"
"Samurai Jack: The Shadow of Aku","12331","Samurai Jack: The Shadow of Aku","2280","480","17","1","3","0","0","4.75","Samurai Jack: The Shadow of Aku"
"Ranma 1/2","12332","Ranma 1/2","3420","720","11","1","2","0","0","4.75","Ranma 1/2"
"The Sims 2 Castaway","12333","The Sims 2 Castaway","18240","3840","98","2","20","0","0","4.75","The Sims 2 Castaway"
"Rebuild: Gangs of Deadsville","12334","Rebuild: Gangs of Deadsville","1140","240","9","1","1","0","0","4.75","Rebuild: Gangs of Deadsville"
"Wakfu","12335","Wakfu","2815260","592380","285","8","941","5","1","4.75","Wakfu"
"Prototype 2","12336","Prototype 2","790080","166380","659","4","1084","1","0","4.75","Prototype 2"
"Mortal Online","12337","Mortal Online","779160","164100","95","4","173","1","0","4.75","Mortal Online"
"Hong Kong 97","12338","Hong Kong 97","5700","1200","15","1","9","0","0","4.75","Hong Kong 97"
"Retro Game Crunch","12339","Retro Game Crunch","18540","3900","81","2","29","0","0","4.75","Retro Game Crunch"
"Nintendo Puzzle Collection","12340","Nintendo Puzzle Collection","47880","10080","327","2","30","0","0","4.75","Nintendo Puzzle Collection"
"Wolverine: Adamantium Rage","12341","Wolverine: Adamantium Rage","2280","480","16","1","6","0","0","4.75","Wolverine: Adamantium Rage"
"Ninja Assault","12342","Ninja Assault","1140","240","19","1","2","0","0","4.75","Ninja Assault"
"Lucinda Green's Equestrian Challenge","12343","Lucinda Green's Equestrian Challenge","1140","240","19","1","2","0","0","4.75","Lucinda Green's Equestrian Challenge"
"7 Wonders: Magical Mystery Tour","12344","7 Wonders: Magical Mystery Tour","1140","240","9","1","2","0","0","4.75","7 Wonders: Magical Mystery Tour"
"The Sims 2: Super Collection","12345","The Sims 2: Super Collection","53280","11220","31","2","28","0","0","4.75","The Sims 2: Super Collection"
"Sky Target","12346","Sky Target","1140","240","9","1","2","0","0","4.75","Sky Target"
"Shirotsume Souwa -Episode of the Clovers-","12347","Shirotsume Souwa -Episode of the Clovers-","2280","480","13","1","1","0","0","4.75","Shirotsume Souwa -Episode of the Clovers-"
"The Ottifants","12348","The Ottifants","1140","240","15","4","4","0","0","4.75","The Ottifants"
"Timespinner","12349","Timespinner","1140","240","7","1","2","0","0","4.75","Timespinner"
"Ben Jordan: Paranormal Investigator Case 6 - Scourge of the Sea People","12350","Ben Jordan: Paranormal Investigator Case 6 - Scourge of the Sea People","1140","240","8","1","1","0","0","4.75","Ben Jordan: Paranormal Investigator Case 6 - Scourge of the Sea People"
"Nightside","12351","Nightside","1140","240","8","1","2","0","0","4.75","Nightside"
"Dragon Nest","12352","Dragon Nest","6714600","1416900","571","16","1664","12","2","4.74","Dragon Nest"
"NiGHTS into Dreams...","12353","NiGHTS into Dreams...","193560","40860","251","5","180","0","0","4.74","NiGHTS into Dreams..."
"Spelunker HD","12354","Spelunker HD","8820","1860","32","2","11","0","0","4.74","Spelunker HD"
"Warrior's Lair","12355","Warrior's Lair","48060","10140","71","8","24","0","0","4.74","Warrior's Lair"
"Amiga Classix 3","12356","Amiga Classix 3","13080","2760","82","1","12","0","0","4.74","Amiga Classix 3"
"Zenonia 4","12357","Zenonia 4","58500","12360","155","1","9","0","0","4.73","Zenonia 4"
"Timber & Stone","12358","Timber & Stone","82800","17520","103","2","51","0","0","4.73","Timber & Stone"
"Baby's Day Out","12359","Baby's Day Out","4260","900","46","1","6","0","0","4.73","Baby's Day Out"
"Online Chess Kingdoms","12360","Online Chess Kingdoms","84840","17940","87","1","7","0","0","4.73","Online Chess Kingdoms"
"Treasure Adventure Game","12361","Treasure Adventure Game","28380","6000","242","1","19","0","0","4.73","Treasure Adventure Game"
"Vampire: The Masquerade - Redemption","12362","Vampire: The Masquerade - Redemption","180900","38220","57","2","64","0","0","4.73","Vampire: The Masquerade - Redemption"
"Cosmology of Kyoto","12363","Cosmology of Kyoto","4260","900","12","1","3","0","0","4.73","Cosmology of Kyoto"
"CivCity: Rome","12364","CivCity: Rome","32640","6900","37","1","13","0","0","4.73","CivCity: Rome"
"The Maker's Eden","12365","The Maker's Eden","3120","660","23","1","3","0","0","4.73","The Maker's Eden"
"Galaga","12366","Galaga","298260","63120","632","4","376","0","0","4.73","Galaga"
"Wing Commander III: Heart of the Tiger","12367","Wing Commander III: Heart of the Tiger","39180","8280","35","2","22","0","0","4.73","Wing Commander III: Heart of the Tiger"
"Neo's Land","12368","Neo's Land","4260","900","25","1","1","0","0","4.73","Neo's Land"
"SimsVille","12369","SimsVille","41640","8820","410","1","47","0","0","4.72","SimsVille"
"Nancy Drew: Curse of Blackmoor Manor","12370","Nancy Drew: Curse of Blackmoor Manor","39120","8280","91","2","24","0","0","4.72","Nancy Drew: Curse of Blackmoor Manor"
"Q*Bert 3","12371","Q*Bert 3","7080","1500","33","1","5","0","0","4.72","Q*Bert 3"
"Lume","12372","Lume","5100","1080","22","1","9","0","0","4.72","Lume"
"Lunar: Silver Star Harmony","12373","Lunar: Silver Star Harmony","52140","11040","32","1","15","0","0","4.72","Lunar: Silver Star Harmony"
"RE: Alistair++","12374","RE: Alistair++","5100","1080","32","1","5","0","0","4.72","RE: Alistair++"
"Dead Man's Draw","12375","Dead Man's Draw","8760","1860","51","1","8","0","0","4.71","Dead Man's Draw"
"Magic Boy","12376","Magic Boy","6780","1440","9","1","1","0","0","4.71","Magic Boy"
"Crack Down","12377","Crack Down","6780","1440","15","1","4","0","0","4.71","Crack Down"
"Giana Sisters: Twisted Dreams - Rise of the Owlverlord","12378","Giana Sisters: Twisted Dreams - Rise of the Owlverlord","13560","2880","63","1","19","0","0","4.71","Giana Sisters: Twisted Dreams - Rise of the Owlverlord"
"Nendoroid Generation","12379","Nendoroid Generation","8760","1860","10","1","2","0","0","4.71","Nendoroid Generation"
"Amped 3","12380","Amped 3","4800","1020","10","1","6","0","0","4.71","Amped 3"
"Rakugaki Showtime","12381","Rakugaki Showtime","1980","420","29","1","3","0","0","4.71","Rakugaki Showtime"
"Densetsu no Stafy","12382","Densetsu no Stafy","6780","1440","38","1","4","0","0","4.71","Densetsu no Stafy"
"Xonotic","12383","Xonotic","104880","22260","205","2","75","0","0","4.71","Xonotic"
"VoidExpanse","12384","VoidExpanse","25140","5340","90","1","16","0","0","4.71","VoidExpanse"
"Top Gun","12385","Top Gun","4800","1020","26","2","12","0","0","4.71","Top Gun"
"Cinema","12386","Cinema","90780","19260","52","3","58","0","0","4.71","Cinema"
"Star Wars: Empire at War - Forces of Corruption","12387","Star Wars: Empire at War - Forces of Corruption","379980","80700","549","4","298","0","0","4.71","Star Wars: Empire at War - Forces of Corruption"
"Mabinogi","12388","Mabinogi","4625400","982500","854","12","1104","8","1","4.71","Mabinogi"
"Villagers and Heroes","12389","Villagers and Heroes","44640","9480","41","1","42","0","0","4.71","Villagers and Heroes"
"Batman: The Caped Crusader","12390","Batman: The Caped Crusader","4800","1020","12","1","2","0","0","4.71","Batman: The Caped Crusader"
"Lunar: Dragon Song","12391","Lunar: Dragon Song","3960","840","8","1","2","0","0","4.71","Lunar: Dragon Song"
"Pang Adventures","12392","Pang Adventures","84780","18000","105","2","97","0","0","4.71","Pang Adventures"
"Megamagic: Wizards of the Neon Age","12393","Megamagic: Wizards of the Neon Age","18660","3960","41","2","13","0","0","4.71","Megamagic: Wizards of the Neon Age"
"Gundam Breaker 3","12394","Gundam Breaker 3","1334580","283440","952","9","960","2","0","4.71","Gundam Breaker 3"
"Hungry Ghosts","12395","Hungry Ghosts","2820","600","34","1","3","0","0","4.7","Hungry Ghosts"
"Lucky's Tale","12396","Lucky's Tale","109680","23340","303","4","139","0","0","4.7","Lucky's Tale"
"The Order: 1886","12397","The Order: 1886","4793580","1019760","2499","18","5108","9","1","4.7","The Order: 1886"
"Total War: Rome II","12398","Total War: Rome II","5824680","1239120","452","14","4242","11","2","4.7","Total War: Rome II"
"Star Wars: The Force Unleashed","12399","Star Wars: The Force Unleashed","1555020","330600","2757","23","1627","2","0","4.7","Star Wars: The Force Unleashed"
"Spider-Man: Web of Shadows","12400","Spider-Man: Web of Shadows","93600","19920","901","2","75","0","0","4.7","Spider-Man: Web of Shadows"