"","","Game","Watch time","Stream time","Peak viewers","Peak channels","Streamers","Average viewers","Average channels","Average viewer ratio",""
"Prinny 2: Dawn of Operation Panties, Dood!","2701","Prinny 2: Dawn of Operation Panties, Dood!","404220","8160","770","1","16","0","0","49.54","Prinny 2: Dawn of Operation Panties, Dood!"
"Shaman King: Spirit of Shamans","2702","Shaman King: Spirit of Shamans","5940","120","51","1","1","0","0","49.5","Shaman King: Spirit of Shamans"
"Taz Express","2703","Taz Express","17820","360","100","1","2","0","0","49.5","Taz Express"
"Final Fantasy Legend III","2704","Final Fantasy Legend III","1285560","25980","480","2","18","2","0","49.48","Final Fantasy Legend III"
"World of Illusion starring Mickey Mouse and Donald Duck","2705","World of Illusion starring Mickey Mouse and Donald Duck","937980","18960","2827","2","65","1","0","49.47","World of Illusion starring Mickey Mouse and Donald Duck"
"Tekken 3","2706","Tekken 3","3695820","74760","10956","5","300","7","0","49.44","Tekken 3"
"Donkey Kong 64","2707","Donkey Kong 64","30983160","626880","95801","12","867","58","1","49.42","Donkey Kong 64"
"Badlands","2708","Badlands","136380","2760","872","2","19","0","0","49.41","Badlands"
"Nintendo Campus Challenge","2709","Nintendo Campus Challenge","23700","480","97","1","2","0","0","49.38","Nintendo Campus Challenge"
"WolfTeam","2710","WolfTeam","4808520","97560","6696","4","405","9","0","49.29","WolfTeam"
"Statues","2711","Statues","878040","17820","2518","2","94","1","0","49.27","Statues"
"Cool Spot","2712","Cool Spot","410820","8340","1405","3","46","0","0","49.26","Cool Spot"
"AeroFighters Assault","2713","AeroFighters Assault","14760","300","248","1","3","0","0","49.2","AeroFighters Assault"
"Dysan the Shapeshifter","2714","Dysan the Shapeshifter","53100","1080","796","1","5","0","0","49.17","Dysan the Shapeshifter"
"Sword Master","2715","Sword Master","209400","4260","2227","4","24","0","0","49.15","Sword Master"
"Lil' Conquest","2716","Lil' Conquest","20640","420","68","1","1","0","0","49.14","Lil' Conquest"
"Jack n Jill","2717","Jack n Jill","23580","480","429","1","6","0","0","49.13","Jack n Jill"
"Twinkle Star Sprites","2718","Twinkle Star Sprites","480060","9780","3801","2","51","0","0","49.09","Twinkle Star Sprites"
"Stonehearth","2719","Stonehearth","26912100","548400","16269","24","1282","51","1","49.07","Stonehearth"
"Ghosts 'N Goblins","2720","Ghosts 'N Goblins","2667000","54420","6742","3","176","5","0","49.01","Ghosts 'N Goblins"
"Captain Novolin","2721","Captain Novolin","64680","1320","530","1","10","0","0","49","Captain Novolin"
"IronFall: Invasion","2722","IronFall: Invasion","2940","60","49","1","2","0","0","49","IronFall: Invasion"
"Tropical Wars","2723","Tropical Wars","8820","180","140","1","2","0","0","49","Tropical Wars"
"Super Mario World 2: Yoshi's Island","2724","Super Mario World 2: Yoshi's Island","34884240","712200","43883","70","1265","66","1","48.98","Super Mario World 2: Yoshi's Island"
"Diablo II: Lord of Destruction","2725","Diablo II: Lord of Destruction","276334140","5647500","186000","86","5520","524","10","48.93","Diablo II: Lord of Destruction"
"Delver","2726","Delver","2232060","45660","25712","3","220","4","0","48.88","Delver"
"Arthur and the Invisibles","2727","Arthur and the Invisibles","17580","360","59","1","2","0","0","48.83","Arthur and the Invisibles"
"The Jackbox Party Pack 3","2728","The Jackbox Party Pack 3","94300680","1931700","40145","91","5953","178","3","48.82","The Jackbox Party Pack 3"
"Batman: Dark Tomorrow","2729","Batman: Dark Tomorrow","61500","1260","188","1","3","0","0","48.81","Batman: Dark Tomorrow"
"Maze","2730","Maze","40980","840","610","1","6","0","0","48.79","Maze"
"Ultimate Fighting Championship","2731","Ultimate Fighting Championship","125820","2580","610","1","15","0","0","48.77","Ultimate Fighting Championship"
"Mario Superstar Baseball","2732","Mario Superstar Baseball","1413060","28980","2573","2","146","2","0","48.76","Mario Superstar Baseball"
"Superman Returns","2733","Superman Returns","81900","1680","1133","1","8","0","0","48.75","Superman Returns"
"The Untouchables","2734","The Untouchables","11700","240","110","1","2","0","0","48.75","The Untouchables"
"Grand Theft Auto: Liberty City Stories","2735","Grand Theft Auto: Liberty City Stories","3448980","70800","2881","5","96","6","0","48.71","Grand Theft Auto: Liberty City Stories"
"FIFA 17","2736","FIFA 17","1719647520","35315400","78113","1142","86069","3263","67","48.69","FIFA 17"
"Terminator 2: Judgment Day","2737","Terminator 2: Judgment Day","90540","1860","719","1","10","0","0","48.68","Terminator 2: Judgment Day"
"Super Mario All-Stars & Super Mario World","2738","Super Mario All-Stars & Super Mario World","3799680","78060","197282","14","299","7","0","48.68","Super Mario All-Stars & Super Mario World"
"Codename: Gordon","2739","Codename: Gordon","8760","180","145","1","2","0","0","48.67","Codename: Gordon"
"Suzumiya Haruihi no Tsuisou","2740","Suzumiya Haruihi no Tsuisou","8760","180","65","1","1","0","0","48.67","Suzumiya Haruihi no Tsuisou"
"Rescue Shot","2741","Rescue Shot","75900","1560","257","1","5","0","0","48.65","Rescue Shot"
"Kanye Quest 3030","2742","Kanye Quest 3030","55440","1140","191","1","5","0","0","48.63","Kanye Quest 3030"
"Runbow","2743","Runbow","894660","18420","6226","4","87","1","0","48.57","Runbow"
"Nobunaga's Ambition","2744","Nobunaga's Ambition","800520","16500","586","2","37","1","0","48.52","Nobunaga's Ambition"
"Dinosaur","2745","Dinosaur","23280","480","376","1","3","0","0","48.5","Dinosaur"
"Creepy Castle","2746","Creepy Castle","465600","9600","1426","4","25","0","0","48.5","Creepy Castle"
"Dungeon Boss","2747","Dungeon Boss","3548040","73260","14875","4","81","6","0","48.43","Dungeon Boss"
"Rambo: The Video Game","2748","Rambo: The Video Game","871740","18000","3425","2","61","1","0","48.43","Rambo: The Video Game"
"Destiny of an Emperor","2749","Destiny of an Emperor","1188300","24540","543","2","31","2","0","48.42","Destiny of an Emperor"
"Tetris: The Grand Master","2750","Tetris: The Grand Master","3401160","70260","8194","4","90","6","0","48.41","Tetris: The Grand Master"
"Clustertruck","2751","Clustertruck","27675960","571680","34003","62","4049","52","1","48.41","Clustertruck"
"Soccer","2752","Soccer","420900","8700","2670","2","38","0","0","48.38","Soccer"
"Martian Gothic: Unification","2753","Martian Gothic: Unification","272760","5640","683","1","16","0","0","48.36","Martian Gothic: Unification"
"Lara Croft and the Guardian of Light","2754","Lara Croft and the Guardian of Light","3523860","72900","117911","12","221","6","0","48.34","Lara Croft and the Guardian of Light"
"Dave Mirra Freestyle BMX: Maximum Remix","2755","Dave Mirra Freestyle BMX: Maximum Remix","43440","900","205","1","4","0","0","48.27","Dave Mirra Freestyle BMX: Maximum Remix"
"Dragon: The Bruce Lee Story","2756","Dragon: The Bruce Lee Story","49140","1020","438","1","6","0","0","48.18","Dragon: The Bruce Lee Story"
"Pokémon Battle Revolution","2757","Pokémon Battle Revolution","5358660","111240","428","7","255","10","0","48.17","Pokémon Battle Revolution"
"Privates","2758","Privates","505800","10500","1177","1","27","0","0","48.17","Privates"
"Tiny Toon Adventures: Wacky Sports Challenge","2759","Tiny Toon Adventures: Wacky Sports Challenge","86640","1800","1077","2","16","0","0","48.13","Tiny Toon Adventures: Wacky Sports Challenge"
"Bookworm Adventures Volume 2","2760","Bookworm Adventures Volume 2","60600","1260","528","1","7","0","0","48.1","Bookworm Adventures Volume 2"
"Resident Evil 3: Nemesis","2761","Resident Evil 3: Nemesis","33687420","700380","7493","10","1185","63","1","48.1","Resident Evil 3: Nemesis"
"Vainglory","2762","Vainglory","274406280","5706000","23099","31","3820","520","10","48.09","Vainglory"
"Apple Panic","2763","Apple Panic","31740","660","405","3","5","0","0","48.09","Apple Panic"
"The Way","2764","The Way","1392420","28980","2077","7","95","2","0","48.05","The Way"
"Half-Life","2765","Half-Life","48402600","1007700","12925","12","3641","91","1","48.03","Half-Life"
"Hammerin' Harry","2766","Hammerin' Harry","46080","960","356","1","8","0","0","48","Hammerin' Harry"
"Skunny Kart","2767","Skunny Kart","2880","60","48","1","1","0","0","48","Skunny Kart"
"Disney Magic Castle: My Happy Life 2","2768","Disney Magic Castle: My Happy Life 2","43200","900","218","1","2","0","0","48","Disney Magic Castle: My Happy Life 2"
"Still Sword for Adult","2769","Still Sword for Adult","5760","120","72","1","1","0","0","48","Still Sword for Adult"
"Grand Slam Bridge II","2770","Grand Slam Bridge II","2880","60","48","1","0","0","0","48","Grand Slam Bridge II"
"Hello Kitty Daily","2771","Hello Kitty Daily","14400","300","89","1","3","0","0","48","Hello Kitty Daily"
"Shattered: Tale of the Forgotten King","2772","Shattered: Tale of the Forgotten King","95040","1980","252","1","10","0","0","48","Shattered: Tale of the Forgotten King"
"NBA 2K13","2773","NBA 2K13","1016400","21180","1705","2","82","1","0","47.99","NBA 2K13"
"Super Castlevania IV","2774","Super Castlevania IV","21004800","437880","124665","43","795","39","0","47.97","Super Castlevania IV"
"Gradius Gaiden","2775","Gradius Gaiden","169800","3540","1504","1","12","0","0","47.97","Gradius Gaiden"
"Street Fighter III: 3rd Strike","2776","Street Fighter III: 3rd Strike","20613000","429900","12929","8","1003","39","0","47.95","Street Fighter III: 3rd Strike"
"Ys V: Lost Kefin, Kingdom of Sand","2777","Ys V: Lost Kefin, Kingdom of Sand","103560","2160","580","1","6","0","0","47.94","Ys V: Lost Kefin, Kingdom of Sand"
"SEGA Bass Fishing","2778","SEGA Bass Fishing","1153320","24060","4726","4","139","2","0","47.94","SEGA Bass Fishing"
"Age of Mythology","2779","Age of Mythology","3367740","70260","5499","3","286","6","0","47.93","Age of Mythology"
"Taiko no Tatsujin Portable DX","2780","Taiko no Tatsujin Portable DX","198360","4140","1208","1","22","0","0","47.91","Taiko no Tatsujin Portable DX"
"Enclave","2781","Enclave","1936920","40440","21177","3","160","3","0","47.9","Enclave"
"John Romero's Daikatana","2782","John Romero's Daikatana","873060","18240","1159","2","26","1","0","47.87","John Romero's Daikatana"
"Life & Death","2783","Life & Death","40200","840","316","1","6","0","0","47.86","Life & Death"
"Contra","2784","Contra","318480","6660","1797","5","63","0","0","47.82","Contra"
"RollerCoaster Tycoon 3","2785","RollerCoaster Tycoon 3","14213700","297540","7487","6","1306","26","0","47.77","RollerCoaster Tycoon 3"
"Pokémon Omega Ruby/Alpha Sapphire","2786","Pokémon Omega Ruby/Alpha Sapphire","743766780","15569940","44480","85","9684","1411","29","47.77","Pokémon Omega Ruby/Alpha Sapphire"
"Zodiac","2787","Zodiac","171840","3600","1120","1","18","0","0","47.73","Zodiac"
"Puyo Puyo Chronicle","2788","Puyo Puyo Chronicle","165840","3480","449","2","6","0","0","47.66","Puyo Puyo Chronicle"
"Tengami","2789","Tengami","402960","8460","2244","2","53","0","0","47.63","Tengami"
"Pac-in-Time","2790","Pac-in-Time","74220","1560","184","2","5","0","0","47.58","Pac-in-Time"
"Asheron's Call","2791","Asheron's Call","3079140","64740","22234","6","84","5","0","47.56","Asheron's Call"
"DreamWorks Super Star Kartz","2792","DreamWorks Super Star Kartz","11400","240","142","1","2","0","0","47.5","DreamWorks Super Star Kartz"
"K-Shoot Mania","2793","K-Shoot Mania","17514060","368880","2764","9","587","33","0","47.48","K-Shoot Mania"
"Farm for your Life","2794","Farm for your Life","475680","10020","1808","1","42","0","0","47.47","Farm for your Life"
"Salem","2795","Salem","2577480","54300","462","3","50","4","0","47.47","Salem"
"Paper Mario","2796","Paper Mario","40972800","863160","115905","16","1504","77","1","47.47","Paper Mario"
"Breath of Fire II","2797","Breath of Fire II","5538240","116820","1792","4","103","10","0","47.41","Breath of Fire II"
"Descent 3: Mercenary","2798","Descent 3: Mercenary","8520","180","64","1","1","0","0","47.33","Descent 3: Mercenary"
"Hitman: Absolution","2799","Hitman: Absolution","28056300","593340","35817","15","2827","53","1","47.29","Hitman: Absolution"
"RPG MO","2800","RPG MO","2701800","57180","9909","6","127","5","0","47.25","RPG MO"