"","","Game","Watch time","Stream time","Peak viewers","Peak channels","Streamers","Average viewers","Average channels","Average viewer ratio",""
"SHOFER Race Driver","12701","SHOFER Race Driver","540","120","6","1","2","0","0","4.5","SHOFER Race Driver"
"Curling Super Championship","12702","Curling Super Championship","540","120","5","1","1","0","0","4.5","Curling Super Championship"
"Double Fine Happy Action Theater","12703","Double Fine Happy Action Theater","540","120","5","1","1","0","0","4.5","Double Fine Happy Action Theater"
"The Mean Greens","12704","The Mean Greens","7020","1560","21","2","28","0","0","4.5","The Mean Greens"
"24 Special Ops","12705","24 Special Ops","540","120","6","1","1","0","0","4.5","24 Special Ops"
"Cosmic League","12706","Cosmic League","540","120","6","1","1","0","0","4.5","Cosmic League"
"Rising Storm 2: Vietnam","12707","Rising Storm 2: Vietnam","84660","18840","251","6","79","0","0","4.49","Rising Storm 2: Vietnam"
"Back to the Future: The Game - Episode 5: OUTATIME","12708","Back to the Future: The Game - Episode 5: OUTATIME","55740","12420","35","2","60","0","0","4.49","Back to the Future: The Game - Episode 5: OUTATIME"
"LEGO Indiana Jones: The Original Adventures","12709","LEGO Indiana Jones: The Original Adventures","92880","20700","86","2","71","0","0","4.49","LEGO Indiana Jones: The Original Adventures"
"Weiss Schwarz Portable","12710","Weiss Schwarz Portable","231000","51480","65","3","51","0","0","4.49","Weiss Schwarz Portable"
"Doritos Crash Course","12711","Doritos Crash Course","471360","104880","957","4","854","0","0","4.49","Doritos Crash Course"
"Monsters, Inc. Scream Team","12712","Monsters, Inc. Scream Team","22620","5040","29","1","20","0","0","4.49","Monsters, Inc. Scream Team"
"Adventure Time Card Wars","12713","Adventure Time Card Wars","18540","4140","27","2","15","0","0","4.48","Adventure Time Card Wars"
"Nitronic Rush","12714","Nitronic Rush","144660","32280","348","11","136","0","0","4.48","Nitronic Rush"
"Hitman HD Trilogy","12715","Hitman HD Trilogy","37080","8280","26","2","21","0","0","4.48","Hitman HD Trilogy"
"Suikoden III","12716","Suikoden III","361620","80700","41","3","48","0","0","4.48","Suikoden III"
"Scooby-Doo!: Night of 100 Frights","12717","Scooby-Doo!: Night of 100 Frights","423600","94620","233","7","69","0","0","4.48","Scooby-Doo!: Night of 100 Frights"
"Let's Tap","12718","Let's Tap","6720","1500","20","1","5","0","0","4.48","Let's Tap"
"R.B.I. Baseball 16","12719","R.B.I. Baseball 16","465780","103980","163","6","367","0","0","4.48","R.B.I. Baseball 16"
"Fantasy Tales Online","12720","Fantasy Tales Online","105060","23520","166","3","97","0","0","4.47","Fantasy Tales Online"
"Victory: The Age of Racing","12721","Victory: The Age of Racing","24660","5520","303","2","37","0","0","4.47","Victory: The Age of Racing"
"Hot Line","12722","Hot Line","4020","900","15","1","6","0","0","4.47","Hot Line"
"Threes!","12723","Threes!","20640","4620","37","1","6","0","0","4.47","Threes!"
"Mario Party Advance","12724","Mario Party Advance","28680","6420","66","1","26","0","0","4.47","Mario Party Advance"
"Knights & Merchants","12725","Knights & Merchants","350040","78240","845","3","143","0","0","4.47","Knights & Merchants"
"Toki Tori","12726","Toki Tori","56640","12660","70","3","60","0","0","4.47","Toki Tori"
"One Piece: Pirate Warriors 2","12727","One Piece: Pirate Warriors 2","15840","3540","34","1","17","0","0","4.47","One Piece: Pirate Warriors 2"
"Men of Valor","12728","Men of Valor","57000","12780","95","1","20","0","0","4.46","Men of Valor"
"Dead State","12729","Dead State","112680","25260","116","2","63","0","0","4.46","Dead State"
"Sam & Max Beyond Time and Space","12730","Sam & Max Beyond Time and Space","21960","4920","85","1","8","0","0","4.46","Sam & Max Beyond Time and Space"
"Pizza Frenzy","12731","Pizza Frenzy","6420","1440","8","1","5","0","0","4.46","Pizza Frenzy"
"Star Wars: Galaxies - Starter Kit","12732","Star Wars: Galaxies - Starter Kit","13380","3000","85","1","12","0","0","4.46","Star Wars: Galaxies - Starter Kit"
"The Forest of Doom","12733","The Forest of Doom","31860","7140","72","2","40","0","0","4.46","The Forest of Doom"
"Elebits","12734","Elebits","9900","2220","48","1","5","0","0","4.46","Elebits"
"Legacy of the Wizard","12735","Legacy of the Wizard","50040","11220","85","2","24","0","0","4.46","Legacy of the Wizard"
"Child's Play","12736","Child's Play","3480","780","11","1","4","0","0","4.46","Child's Play"
"Assassins vs Pirates","12737","Assassins vs Pirates","3480","780","14","2","8","0","0","4.46","Assassins vs Pirates"
"Wipeout 2","12738","Wipeout 2","7740","1740","11","1","5","0","0","4.45","Wipeout 2"
"GuessWord","12739","GuessWord","2940","660","9","1","3","0","0","4.45","GuessWord"
"Skylanders SuperChargers","12740","Skylanders SuperChargers","218400","49080","1198","2","379","0","0","4.45","Skylanders SuperChargers"
"Circuit Breakers","12741","Circuit Breakers","5340","1200","17","1","10","0","0","4.45","Circuit Breakers"
"StarBreak","12742","StarBreak","483240","108600","149","7","318","0","0","4.45","StarBreak"
"Chip","12743","Chip","2940","660","26","1","5","0","0","4.45","Chip"
"Forge Quest","12744","Forge Quest","65100","14640","97","2","48","0","0","4.45","Forge Quest"
"Coin Dozer","12745","Coin Dozer","2940","660","11","1","6","0","0","4.45","Coin Dozer"
"Truth or Lies","12746","Truth or Lies","2940","660","14","1","3","0","0","4.45","Truth or Lies"
"Luminous Arc","12747","Luminous Arc","26700","6000","12","2","8","0","0","4.45","Luminous Arc"
"Aftermath","12748","Aftermath","2002800","449700","595","11","1071","3","0","4.45","Aftermath"
"Creativerse","12749","Creativerse","4718580","1059960","3982","16","3155","8","2","4.45","Creativerse"
"Wolfenstein: Enemy Territory","12750","Wolfenstein: Enemy Territory","801060","179820","110","8","219","1","0","4.45","Wolfenstein: Enemy Territory"
"LEGO Jurassic World","12751","LEGO Jurassic World","2304480","518280","1987","10","2090","4","0","4.45","LEGO Jurassic World"
"Tetris & Dr. Mario","12752","Tetris & Dr. Mario","125880","28320","155","4","71","0","0","4.44","Tetris & Dr. Mario"
"Small World 2","12753","Small World 2","19440","4380","74","2","26","0","0","4.44","Small World 2"
"Geometry Wars: Retro Evolved","12754","Geometry Wars: Retro Evolved","87120","19620","319","2","120","0","0","4.44","Geometry Wars: Retro Evolved"
"Rabbids Land","12755","Rabbids Land","4260","960","15","1","3","0","0","4.44","Rabbids Land"
"Ricochet","12756","Ricochet","31680","7140","181","3","38","0","0","4.44","Ricochet"
"Fly'N","12757","Fly'N","47940","10800","30","2","30","0","0","4.44","Fly'N"
"MTV Celebrity Deathmatch","12758","MTV Celebrity Deathmatch","2400","540","11","1","5","0","0","4.44","MTV Celebrity Deathmatch"
"Overboard","12759","Overboard","2400","540","14","1","4","0","0","4.44","Overboard"
"Word Ace","12760","Word Ace","1860","420","8","1","2","0","0","4.43","Word Ace"
"Raiden DX","12761","Raiden DX","1860","420","12","1","2","0","0","4.43","Raiden DX"
"Stranded","12762","Stranded","1860","420","12","1","4","0","0","4.43","Stranded"
"Mugen Souls","12763","Mugen Souls","122520","27660","86","2","67","0","0","4.43","Mugen Souls"
"Dragon Ball Online","12764","Dragon Ball Online","457500","103260","524","5","274","0","0","4.43","Dragon Ball Online"
"Ganbare Goemon Kirakira Douchuu: Boku ga Dancer ni Natta Wake","12765","Ganbare Goemon Kirakira Douchuu: Boku ga Dancer ni Natta Wake","29520","6660","37","1","9","0","0","4.43","Ganbare Goemon Kirakira Douchuu: Boku ga Dancer ni Natta Wake"
"Baldur's Gate: Tales of the Sword Coast","12766","Baldur's Gate: Tales of the Sword Coast","85080","19200","65","2","39","0","0","4.43","Baldur's Gate: Tales of the Sword Coast"
"Tigger's Honey Hunt","12767","Tigger's Honey Hunt","30540","6900","75","2","15","0","0","4.43","Tigger's Honey Hunt"
"Touhou 08 - Imperishable Night","12768","Touhou 08 - Imperishable Night","238320","53820","435","3","225","0","0","4.43","Touhou 08 - Imperishable Night"
"WRC3","12769","WRC3","1860","420","17","1","4","0","0","4.43","WRC3"
"Utopia City","12770","Utopia City","1860","420","10","1","2","0","0","4.43","Utopia City"
"Kao the Kangaroo 3","12771","Kao the Kangaroo 3","11160","2520","26","1","8","0","0","4.43","Kao the Kangaroo 3"
"Ultimate Wizard","12772","Ultimate Wizard","1860","420","11","1","1","0","0","4.43","Ultimate Wizard"
"Spider-Man: Shattered Dimensions","12773","Spider-Man: Shattered Dimensions","189720","42960","303","4","158","0","0","4.42","Spider-Man: Shattered Dimensions"
"Oozi Earth Adventure","12774","Oozi Earth Adventure","16440","3720","70","1","19","0","0","4.42","Oozi Earth Adventure"
"Gems of War","12775","Gems of War","1975200","447180","955","10","1896","3","0","4.42","Gems of War"
"Medal of Honor: Rising Sun","12776","Medal of Honor: Rising Sun","30780","6960","41","1","23","0","0","4.42","Medal of Honor: Rising Sun"
"Battlefield 2: Modern Combat","12777","Battlefield 2: Modern Combat","5040","1140","11","2","7","0","0","4.42","Battlefield 2: Modern Combat"
"Barbie Magic Hair Styler","12778","Barbie Magic Hair Styler","5040","1140","49","1","7","0","0","4.42","Barbie Magic Hair Styler"
"Naruto: The Broken Bond","12779","Naruto: The Broken Bond","13260","3000","19","1","10","0","0","4.42","Naruto: The Broken Bond"
"Boob Wars: Big Breasts vs Flat Chests","12780","Boob Wars: Big Breasts vs Flat Chests","8220","1860","35","1","8","0","0","4.42","Boob Wars: Big Breasts vs Flat Chests"
"MadWorld","12781","MadWorld","42600","9660","54","4","29","0","0","4.41","MadWorld"
"Avadon: The Black Fortress","12782","Avadon: The Black Fortress","15600","3540","14","1","9","0","0","4.41","Avadon: The Black Fortress"
"The Quest","12783","The Quest","25920","5880","59","2","26","0","0","4.41","The Quest"
"Risk","12784","Risk","647040","146640","5056","6","615","1","0","4.41","Risk"
"Sabrina: The Animated Series: Zapped!","12785","Sabrina: The Animated Series: Zapped!","4500","1020","11","1","4","0","0","4.41","Sabrina: The Animated Series: Zapped!"
"Tanki X","12786","Tanki X","101220","22980","131","2","94","0","0","4.4","Tanki X"
"Karaoke Revolution: Glee Volume 3","12787","Karaoke Revolution: Glee Volume 3","1320","300","10","1","2","0","0","4.4","Karaoke Revolution: Glee Volume 3"
"1on1 Basketball","12788","1on1 Basketball","1320","300","10","1","1","0","0","4.4","1on1 Basketball"
"Lady Gaga Revenge","12789","Lady Gaga Revenge","1320","300","7","1","1","0","0","4.4","Lady Gaga Revenge"
"Haunted House II 3D","12790","Haunted House II 3D","1320","300","9","1","2","0","0","4.4","Haunted House II 3D"
"Cat on a Diet","12791","Cat on a Diet","3960","900","16","1","17","0","0","4.4","Cat on a Diet"
"Deconstruct","12792","Deconstruct","1320","300","8","1","1","0","0","4.4","Deconstruct"
"Space Invaders Virtual Collection","12793","Space Invaders Virtual Collection","1320","300","10","1","1","0","0","4.4","Space Invaders Virtual Collection"
"Magicite","12794","Magicite","773880","175800","756","6","888","1","0","4.4","Magicite"
"Whispering Willows","12795","Whispering Willows","157080","35700","136","3","187","0","0","4.4","Whispering Willows"
"Hunter's Trophy 2: America","12796","Hunter's Trophy 2: America","1320","300","7","1","4","0","0","4.4","Hunter's Trophy 2: America"
"Swords","12797","Swords","1320","300","9","1","2","0","0","4.4","Swords"
"Transcendence","12798","Transcendence","35100","7980","11","1","11","0","0","4.4","Transcendence"
"Grave","12799","Grave","2640","600","28","1","7","0","0","4.4","Grave"
"Nancy Drew: The Haunted Carousel","12800","Nancy Drew: The Haunted Carousel","12420","2820","15","1","12","0","0","4.4","Nancy Drew: The Haunted Carousel"