"","","Game","Watch time","Stream time","Peak viewers","Peak channels","Streamers","Average viewers","Average channels","Average viewer ratio",""
"Vigilante","12501","Vigilante","8040","1740","30","1","6","0","0","4.62","Vigilante"
"Atelier Totori: The Adventurer of Arland","12502","Atelier Totori: The Adventurer of Arland","57360","12420","44","1","16","0","0","4.62","Atelier Totori: The Adventurer of Arland"
"Dungeons 2","12503","Dungeons 2","539100","116880","237","6","387","1","0","4.61","Dungeons 2"
"Lords of the Fallen","12504","Lords of the Fallen","17173740","3725400","3556","131","19154","32","7","4.61","Lords of the Fallen"
"Rory McIlroy PGA Tour","12505","Rory McIlroy PGA Tour","5017560","1089300","4119","21","3852","9","2","4.61","Rory McIlroy PGA Tour"
"The Amazing Spider-Man","12506","The Amazing Spider-Man","171900","37260","362","3","127","0","0","4.61","The Amazing Spider-Man"
"Novus Inceptio","12507","Novus Inceptio","81120","17580","398","2","69","0","0","4.61","Novus Inceptio"
"Ronald McDonald in Magical World","12508","Ronald McDonald in Magical World","9960","2160","31","1","7","0","0","4.61","Ronald McDonald in Magical World"
"Ultima: Runes of Virtue","12509","Ultima: Runes of Virtue","7740","1680","14","1","3","0","0","4.61","Ultima: Runes of Virtue"
"Scooby-Doo: Showdown in Ghost Town","12510","Scooby-Doo: Showdown in Ghost Town","4140","900","28","1","6","0","0","4.6","Scooby-Doo: Showdown in Ghost Town"
"Prize Fighter","12511","Prize Fighter","1380","300","19","1","1","0","0","4.6","Prize Fighter"
"Wizardry III: Legacy of Llylgamyn","12512","Wizardry III: Legacy of Llylgamyn","1380","300","23","1","2","0","0","4.6","Wizardry III: Legacy of Llylgamyn"
"Console Info: 2010 Edition","12513","Console Info: 2010 Edition","1380","300","12","1","2","0","0","4.6","Console Info: 2010 Edition"
"Game Stock Car 2012","12514","Game Stock Car 2012","1380","300","12","1","1","0","0","4.6","Game Stock Car 2012"
"Novatron","12515","Novatron","1380","300","7","1","1","0","0","4.6","Novatron"
"Boundish","12516","Boundish","1380","300","9","1","3","0","0","4.6","Boundish"
"Need to Know","12517","Need to Know","1380","300","9","1","2","0","0","4.6","Need to Know"
"Heroes of Might and Magic V","12518","Heroes of Might and Magic V","1392360","302640","532","6","413","2","0","4.6","Heroes of Might and Magic V"
"Black & White 2: Battle of the Gods","12519","Black & White 2: Battle of the Gods","19860","4320","125","2","21","0","0","4.6","Black & White 2: Battle of the Gods"
"Race the Nags","12520","Race the Nags","4140","900","10","1","1","0","0","4.6","Race the Nags"
"Shin Seiki Evangelion: Ayanami Ikusei Keikaku with Asuka Hokan Keikaku","12521","Shin Seiki Evangelion: Ayanami Ikusei Keikaku with Asuka Hokan Keikaku","1380","300","13","1","2","0","0","4.6","Shin Seiki Evangelion: Ayanami Ikusei Keikaku with Asuka Hokan Keikaku"
"The Legend of Princess","12522","The Legend of Princess","1380","300","19","1","4","0","0","4.6","The Legend of Princess"
"PickUp Express","12523","PickUp Express","1380","300","10","1","2","0","0","4.6","PickUp Express"
"Mystery Case Files: 13th Skull","12524","Mystery Case Files: 13th Skull","4140","900","9","1","3","0","0","4.6","Mystery Case Files: 13th Skull"
"Counter Action","12525","Counter Action","37200","8100","342","2","43","0","0","4.59","Counter Action"
"Diggles: the Myth of Fenris","12526","Diggles: the Myth of Fenris","29760","6480","122","1","12","0","0","4.59","Diggles: the Myth of Fenris"
"Mercs","12527","Mercs","19020","4140","55","1","12","0","0","4.59","Mercs"
"Creeper World 3: Arc Eternal","12528","Creeper World 3: Arc Eternal","148740","32400","124","2","88","0","0","4.59","Creeper World 3: Arc Eternal"
"Rising World","12529","Rising World","375480","81780","302","3","227","0","0","4.59","Rising World"
"KickBeat","12530","KickBeat","112140","24420","782","2","96","0","0","4.59","KickBeat"
"DiRT Rally","12531","DiRT Rally","18617100","4052880","7842","148","11345","35","7","4.59","DiRT Rally"
"Survarium","12532","Survarium","2904660","632760","2039","12","1779","5","1","4.59","Survarium"
"Digimon Racing","12533","Digimon Racing","4680","1020","19","1","3","0","0","4.59","Digimon Racing"
"Lord of Magna: Maiden Heaven","12534","Lord of Magna: Maiden Heaven","9360","2040","13","1","2","0","0","4.59","Lord of Magna: Maiden Heaven"
"Jonah Lomu Rugby","12535","Jonah Lomu Rugby","3300","720","17","1","3","0","0","4.58","Jonah Lomu Rugby"
"Dragon Fantasy","12536","Dragon Fantasy","21960","4800","12","1","5","0","0","4.58","Dragon Fantasy"
"Counter-Strike: Condition Zero","12537","Counter-Strike: Condition Zero","856380","187080","2877","5","1059","1","0","4.58","Counter-Strike: Condition Zero"
"Cel Damage HD","12538","Cel Damage HD","159960","34920","665","5","205","0","0","4.58","Cel Damage HD"
"Logic Pro","12539","Logic Pro","79200","17280","226","2","73","0","0","4.58","Logic Pro"
"Inquisition","12540","Inquisition","6600","1440","10","1","3","0","0","4.58","Inquisition"
"Connect 4","12541","Connect 4","14280","3120","100","1","27","0","0","4.58","Connect 4"
"Billy the Wizard: Rocket Broomstick Racing","12542","Billy the Wizard: Rocket Broomstick Racing","3300","720","15","1","2","0","0","4.58","Billy the Wizard: Rocket Broomstick Racing"
".hack//OUTBREAK - Part 3","12543",".hack//OUTBREAK - Part 3","117120","25560","117","2","33","0","0","4.58",".hack//OUTBREAK - Part 3"
"Silpheed","12544","Silpheed","1920","420","13","1","2","0","0","4.57","Silpheed"
"Delta Force","12545","Delta Force","12600","2760","83","1","14","0","0","4.57","Delta Force"
"Culdcept","12546","Culdcept","22500","4920","33","1","13","0","0","4.57","Culdcept"
"!Sqrxz!","12547","!Sqrxz!","3840","840","19","1","4","0","0","4.57","!Sqrxz!"
"Clash of Lords","12548","Clash of Lords","17820","3900","220","1","26","0","0","4.57","Clash of Lords"
"Shrek Swamp Fun with Phonics","12549","Shrek Swamp Fun with Phonics","1920","420","23","1","3","0","0","4.57","Shrek Swamp Fun with Phonics"
"Neverwinter","12550","Neverwinter","69063240","15107220","5528","288","33565","131","28","4.57","Neverwinter"
"Tekken Revolution","12551","Tekken Revolution","154680","33840","50","2","56","0","0","4.57","Tekken Revolution"
"Pirates of the Caribbean","12552","Pirates of the Caribbean","32640","7140","79","2","25","0","0","4.57","Pirates of the Caribbean"
"Postal III","12553","Postal III","49080","10740","183","2","45","0","0","4.57","Postal III"
"Diadra Empty","12554","Diadra Empty","3840","840","42","1","7","0","0","4.57","Diadra Empty"
"Vlak","12555","Vlak","3840","840","16","1","4","0","0","4.57","Vlak"
"DoDonPachi Resurrection","12556","DoDonPachi Resurrection","147660","32280","195","6","118","0","0","4.57","DoDonPachi Resurrection"
"Fat Princess","12557","Fat Princess","19200","4200","80","1","30","0","0","4.57","Fat Princess"
"Shockwave Assault","12558","Shockwave Assault","1920","420","14","1","1","0","0","4.57","Shockwave Assault"
"OGame","12559","OGame","1920","420","29","1","10","0","0","4.57","OGame"
"Millennium 5 - The Battle of the Millennium","12560","Millennium 5 - The Battle of the Millennium","1920","420","8","1","1","0","0","4.57","Millennium 5 - The Battle of the Millennium"
"Sex Vixens From Space","12561","Sex Vixens From Space","2460","540","9","1","3","0","0","4.56","Sex Vixens From Space"
"Space Pirates and Zombies 2","12562","Space Pirates and Zombies 2","346680","76080","625","11","173","0","0","4.56","Space Pirates and Zombies 2"
"Cabela's Big Game Hunter 2010","12563","Cabela's Big Game Hunter 2010","2460","540","14","1","4","0","0","4.56","Cabela's Big Game Hunter 2010"
"Crash Fever","12564","Crash Fever","31740","6960","56","3","24","0","0","4.56","Crash Fever"
"428: In the Blocked City, Shibuya","12565","428: In the Blocked City, Shibuya","82320","18060","71","2","5","0","0","4.56","428: In the Blocked City, Shibuya"
"Ratchet & Clank: Into the Nexus","12566","Ratchet & Clank: Into the Nexus","170880","37500","171","3","46","0","0","4.56","Ratchet & Clank: Into the Nexus"
"TrackMania United Forever","12567","TrackMania United Forever","711960","156240","987","5","473","1","0","4.56","TrackMania United Forever"
"Rex Nebular and the Cosmic Gender Bender","12568","Rex Nebular and the Cosmic Gender Bender","2460","540","16","1","4","0","0","4.56","Rex Nebular and the Cosmic Gender Bender"
"Puyo Puyo Fever 2","12569","Puyo Puyo Fever 2","7380","1620","28","1","10","0","0","4.56","Puyo Puyo Fever 2"
"Chameleon","12570","Chameleon","4920","1080","11","1","3","0","0","4.56","Chameleon"
"Dragon's Dogma Quest","12571","Dragon's Dogma Quest","2460","540","13","1","3","0","0","4.56","Dragon's Dogma Quest"
"Omega Boost","12572","Omega Boost","9300","2040","15","2","13","0","0","4.56","Omega Boost"
"Naut","12573","Naut","2460","540","49","1","5","0","0","4.56","Naut"
"Front Mission","12574","Front Mission","41220","9060","84","2","16","0","0","4.55","Front Mission"
"WarTech: Senko no Ronde","12575","WarTech: Senko no Ronde","3000","660","14","1","2","0","0","4.55","WarTech: Senko no Ronde"
"Spaera","12576","Spaera","8460","1860","52","1","10","0","0","4.55","Spaera"
"Tetris Ultimate","12577","Tetris Ultimate","713220","156840","3207","5","726","1","0","4.55","Tetris Ultimate"
"Age of Wonders III","12578","Age of Wonders III","677580","148980","273","4","261","1","0","4.55","Age of Wonders III"
"ZombiU","12579","ZombiU","180060","39600","247","4","149","0","0","4.55","ZombiU"
"Latale","12580","Latale","588960","129300","260","7","142","1","0","4.55","Latale"
"3on3 FreeStyle","12581","3on3 FreeStyle","513780","112800","1915","21","1460","0","0","4.55","3on3 FreeStyle"
"My Hero","12582","My Hero","3540","780","16","5","6","0","0","4.54","My Hero"
"Soulworker","12583","Soulworker","146100","32160","88","4","178","0","0","4.54","Soulworker"
"8-Bit Commando","12584","8-Bit Commando","3540","780","45","1","9","0","0","4.54","8-Bit Commando"
"Dragon Poker","12585","Dragon Poker","49800","10980","30","2","7","0","0","4.54","Dragon Poker"
"Plants vs. Zombies: Garden Warfare","12586","Plants vs. Zombies: Garden Warfare","5117760","1126680","3891","27","8656","9","2","4.54","Plants vs. Zombies: Garden Warfare"
"Eschatos","12587","Eschatos","36780","8100","104","2","30","0","0","4.54","Eschatos"
"Halo 4: King of the Hill Fueled by Mountain Dew","12588","Halo 4: King of the Hill Fueled by Mountain Dew","18540","4080","21","1","9","0","0","4.54","Halo 4: King of the Hill Fueled by Mountain Dew"
"Sonic Wings Special","12589","Sonic Wings Special","3540","780","24","1","6","0","0","4.54","Sonic Wings Special"
"Offspring Fling!","12590","Offspring Fling!","28800","6360","74","2","23","0","0","4.53","Offspring Fling!"
"Frozen Synapse Prime","12591","Frozen Synapse Prime","8160","1800","72","1","13","0","0","4.53","Frozen Synapse Prime"
"Naughty Bear","12592","Naughty Bear","20640","4560","115","2","22","0","0","4.53","Naughty Bear"
"Wade Hixton's Counter Punch","12593","Wade Hixton's Counter Punch","4620","1020","15","1","3","0","0","4.53","Wade Hixton's Counter Punch"
"Aquaria","12594","Aquaria","108900","24060","111","2","59","0","0","4.53","Aquaria"
"Ratchet: Deadlocked","12595","Ratchet: Deadlocked","181380","40080","214","4","79","0","0","4.53","Ratchet: Deadlocked"
"Rare Replay","12596","Rare Replay","2353500","519060","2100","9","2995","4","0","4.53","Rare Replay"
"Spectraball","12597","Spectraball","9780","2160","124","1","13","0","0","4.53","Spectraball"
"The Order of the Thorne: The King's Challenge","12598","The Order of the Thorne: The King's Challenge","4080","900","15","1","4","0","0","4.53","The Order of the Thorne: The King's Challenge"
"CyberMage: Darklight Awakening","12599","CyberMage: Darklight Awakening","13860","3060","17","1","2","0","0","4.53","CyberMage: Darklight Awakening"
"Echoes of Aetheria","12600","Echoes of Aetheria","10320","2280","16","1","11","0","0","4.53","Echoes of Aetheria"