"","","Game","Watch time","Stream time","Peak viewers","Peak channels","Streamers","Average viewers","Average channels","Average viewer ratio",""
"Mario Party 5","1401","Mario Party 5","4480140","114180","2639","5","540","8","0","39.24","Mario Party 5"
"Grand Theft Auto: Vice City Stories","1402","Grand Theft Auto: Vice City Stories","4479060","63120","2170","2","128","8","0","70.96","Grand Theft Auto: Vice City Stories"
"The Beginner's Guide","1403","The Beginner's Guide","4471800","114060","11127","5","756","8","0","39.21","The Beginner's Guide"
"Clock Tower","1404","Clock Tower","4469100","47520","6343","5","168","8","0","94.05","Clock Tower"
"Dragon's Dogma","1405","Dragon's Dogma","4461480","63420","2343","7","267","8","0","70.35","Dragon's Dogma"
"THE iDOLM@STER","1406","THE iDOLM@STER","4450020","125040","5193","16","135","8","0","35.59","THE iDOLM@STER"
"Tharsis","1407","Tharsis","4449900","165300","7027","16","759","8","0","26.92","Tharsis"
"Twinkle Tale","1408","Twinkle Tale","4448700","1020","75771","6","7","8","0","4361.47","Twinkle Tale"
"Seasons After Fall","1409","Seasons After Fall","4448400","138720","5277","18","577","8","0","32.07","Seasons After Fall"
"Marvel Heroes 2016","1410","Marvel Heroes 2016","4444980","481980","8755","10","1360","8","0","9.22","Marvel Heroes 2016"
"Daylight","1411","Daylight","4440960","310080","7006","10","2099","8","0","14.32","Daylight"
"Homeworld: Deserts of Kharak","1412","Homeworld: Deserts of Kharak","4439760","198600","7143","56","617","8","0","22.36","Homeworld: Deserts of Kharak"
"The Lord of the Rings: The Battle for Middle-earth II","1413","The Lord of the Rings: The Battle for Middle-earth II","4436400","79440","4015","3","133","8","0","55.85","The Lord of the Rings: The Battle for Middle-earth II"
"Topps KICK","1414","Topps KICK","4414800","194400","160","5","133","8","0","22.71","Topps KICK"
"Jingle Cats","1415","Jingle Cats","4385340","660","34397","6","6","8","0","6644.45","Jingle Cats"
"The Banner Saga 2","1416","The Banner Saga 2","4381980","233160","3646","19","1083","8","0","18.79","The Banner Saga 2"
"Mario Golf","1417","Mario Golf","4376640","107880","6860","9","207","8","0","40.57","Mario Golf"
"Mobius Final Fantasy","1418","Mobius Final Fantasy","4376460","104460","11905","5","231","8","0","41.9","Mobius Final Fantasy"
"Tiger Knight: Empire War","1419","Tiger Knight: Empire War","4374180","377220","5964","18","862","8","0","11.6","Tiger Knight: Empire War"
"Secret of Evermore","1420","Secret of Evermore","4368180","168180","1811","4","212","8","0","25.97","Secret of Evermore"
"Sniper Elite: Nazi Zombie Army","1421","Sniper Elite: Nazi Zombie Army","4367820","57660","16628","4","309","8","0","75.75","Sniper Elite: Nazi Zombie Army"
"Barbie as Rapunzel: A Creative Adventure","1422","Barbie as Rapunzel: A Creative Adventure","4363740","5580","33945","8","46","8","0","782.03","Barbie as Rapunzel: A Creative Adventure"
"Wolcen: Lords of Mayhem","1423","Wolcen: Lords of Mayhem","4341120","70020","28402","9","282","8","0","62","Wolcen: Lords of Mayhem"
"Mighty Gunvolt","1424","Mighty Gunvolt","4330380","16740","130895","8","59","8","0","258.68","Mighty Gunvolt"
"Livelock","1425","Livelock","4329240","84480","7712","18","409","8","0","51.25","Livelock"
"Fable III","1426","Fable III","4327200","574680","1389","9","2370","8","1","7.53","Fable III"
"Sophie's Curse","1427","Sophie's Curse","4326660","74160","14989","3","533","8","0","58.34","Sophie's Curse"
"Cobalt","1428","Cobalt","4323540","54240","26085","10","235","8","0","79.71","Cobalt"
"Oh...Sir! The Insult Simulator","1429","Oh...Sir! The Insult Simulator","4319340","54960","31388","6","437","8","0","78.59","Oh...Sir! The Insult Simulator"
"Monster Hunter Online","1430","Monster Hunter Online","4310400","696480","877","19","1315","8","1","6.19","Monster Hunter Online"
"Siren: Blood Curse","1431","Siren: Blood Curse","4294620","35940","7657","4","112","8","0","119.49","Siren: Blood Curse"
"Stairs","1432","Stairs","4284540","60180","10509","5","284","8","0","71.2","Stairs"
"Return to Castle Wolfenstein","1433","Return to Castle Wolfenstein","4283040","132540","3253","4","433","8","0","32.32","Return to Castle Wolfenstein"
"The 7th Guest","1434","The 7th Guest","4281840","34380","10351","3","107","8","0","124.54","The 7th Guest"
"Calling","1435","Calling","4273800","11340","9078","3","35","8","0","376.88","Calling"
"Sword of the Stars: The Pit","1436","Sword of the Stars: The Pit","4271640","208860","5044","7","147","8","0","20.45","Sword of the Stars: The Pit"
"Black Death","1437","Black Death","4258200","20820","34112","9","76","8","0","204.52","Black Death"
"Escape Goat 2","1438","Escape Goat 2","4253340","32640","92449","6","57","8","0","130.31","Escape Goat 2"
"Resident Evil: Revelations","1439","Resident Evil: Revelations","4246680","346020","1524","6","1066","8","0","12.27","Resident Evil: Revelations"
"Party Panic","1440","Party Panic","4221360","8160","42849","9","66","8","0","517.32","Party Panic"
"Dropzone","1441","Dropzone","4219440","70500","11364","9","201","8","0","59.85","Dropzone"
"Danganronpa Another Episode: Ultra Despair Girls","1442","Danganronpa Another Episode: Ultra Despair Girls","4217160","78300","2311","3","77","8","0","53.86","Danganronpa Another Episode: Ultra Despair Girls"
"Shantae: Half-Genie Hero","1443","Shantae: Half-Genie Hero","4197960","286920","3332","61","1065","7","0","14.63","Shantae: Half-Genie Hero"
"Man O' War: Corsair","1444","Man O' War: Corsair","4187340","27300","25828","3","102","7","0","153.38","Man O' War: Corsair"
"Ys: Memories of Celceta","1445","Ys: Memories of Celceta","4183440","43740","2562","3","43","7","0","95.64","Ys: Memories of Celceta"
"Gone Home","1446","Gone Home","4158720","977700","2622","94","8651","7","1","4.25","Gone Home"
"Pollen","1447","Pollen","4152540","22740","34000","9","134","7","0","182.61","Pollen"
"Aragami","1448","Aragami","4148460","270900","2342","30","1331","7","0","15.31","Aragami"
"Bully","1449","Bully","4147200","1079460","7909","34","4688","7","2","3.84","Bully"
"Halo Wars 2","1450","Halo Wars 2","4146480","180600","6769","63","774","7","0","22.96","Halo Wars 2"
"Slain!","1451","Slain!","4135500","82320","3379","17","529","7","0","50.24","Slain!"
"Shining Force","1452","Shining Force","4127340","180600","876","6","197","7","0","22.85","Shining Force"
"S.T.A.L.K.E.R.: Clear Sky","1453","S.T.A.L.K.E.R.: Clear Sky","4126380","358080","2615","8","1011","7","0","11.52","S.T.A.L.K.E.R.: Clear Sky"
"Soccer Spirits","1454","Soccer Spirits","4125420","329760","1125","6","258","7","0","12.51","Soccer Spirits"
"Mario Party 6","1455","Mario Party 6","4122900","123660","3056","6","400","7","0","33.34","Mario Party 6"
"Perpetuum","1456","Perpetuum","4117080","39720","296","2","41","7","0","103.65","Perpetuum"
"Sly Cooper and the Thievius Raccoonus","1457","Sly Cooper and the Thievius Raccoonus","4115340","176700","2616","4","359","7","0","23.29","Sly Cooper and the Thievius Raccoonus"
"FIFA 14","1458","FIFA 14","4114620","1342260","4363","17","4200","7","2","3.07","FIFA 14"
"Chip 'N Dale: Rescue Rangers","1459","Chip 'N Dale: Rescue Rangers","4111980","132840","5276","39","398","7","0","30.95","Chip 'N Dale: Rescue Rangers"
"Love Live! School Idol Festival","1460","Love Live! School Idol Festival","4107660","398280","332","9","492","7","0","10.31","Love Live! School Idol Festival"
"Planetbase","1461","Planetbase","4100100","386520","4855","8","1102","7","0","10.61","Planetbase"
"Camelot Unchained","1462","Camelot Unchained","4099200","67860","902","2","8","7","0","60.41","Camelot Unchained"
"The King of Fighters XIII","1463","The King of Fighters XIII","4092540","176520","4254","4","536","7","0","23.18","The King of Fighters XIII"
"Hero Siege","1464","Hero Siege","4088100","590160","6940","11","2814","7","1","6.93","Hero Siege"
"Split/Second","1465","Split/Second","4086060","51840","19819","3","168","7","0","78.82","Split/Second"
"Lost Castle","1466","Lost Castle","4078080","149580","2233","6","482","7","0","27.26","Lost Castle"
"Assassin's Creed: Brotherhood","1467","Assassin's Creed: Brotherhood","4069800","299820","4823","6","744","7","0","13.57","Assassin's Creed: Brotherhood"
"12HourChallenge","1468","12HourChallenge","4055640","202320","2089","105","433","7","0","20.05","12HourChallenge"
"The Black Death","1469","The Black Death","4035720","106440","27806","34","350","7","0","37.92","The Black Death"
"Mystical Ninja Starring Goemon","1470","Mystical Ninja Starring Goemon","4033980","129420","5168","8","201","7","0","31.17","Mystical Ninja Starring Goemon"
"That Dragon, Cancer","1471","That Dragon, Cancer","4028160","61320","31920","12","424","7","0","65.69","That Dragon, Cancer"
"God Eater Resurrection","1472","God Eater Resurrection","4027260","1235220","3186","42","3475","7","2","3.26","God Eater Resurrection"
"I Expect You to Die","1473","I Expect You to Die","4024800","13020","24871","6","114","7","0","309.12","I Expect You to Die"
"Fire Emblem: The Sacred Stones","1474","Fire Emblem: The Sacred Stones","4024620","161460","3987","5","353","7","0","24.93","Fire Emblem: The Sacred Stones"
"Wasted: A First-Person Post-Apocalyptic Pub Crawler","1475","Wasted: A First-Person Post-Apocalyptic Pub Crawler","4018140","109800","10911","13","447","7","0","36.6","Wasted: A First-Person Post-Apocalyptic Pub Crawler"
"Donkey Kong","1476","Donkey Kong","4010580","524580","5229","11","336","7","0","7.65","Donkey Kong"
"Phoenix Wright: Ace Attorney - Dual Destinies","1477","Phoenix Wright: Ace Attorney - Dual Destinies","4004700","57780","8385","5","80","7","0","69.31","Phoenix Wright: Ace Attorney - Dual Destinies"
"Intershelter","1478","Intershelter","4004040","28320","9051","7","121","7","0","141.39","Intershelter"
"D4: Dark Dreams Don't Die","1479","D4: Dark Dreams Don't Die","3998460","143220","11708","5","663","7","0","27.92","D4: Dark Dreams Don't Die"
"Theme Hospital","1480","Theme Hospital","3992580","124680","4361","4","348","7","0","32.02","Theme Hospital"
"Skyhill","1481","Skyhill","3987180","50640","2767","3","226","7","0","78.74","Skyhill"
"Angvik","1482","Angvik","3975000","12480","4734","3","70","7","0","318.51","Angvik"
"The Ship: Remasted","1483","The Ship: Remasted","3973560","14460","34559","4","120","7","0","274.8","The Ship: Remasted"
"Madden NFL Mobile","1484","Madden NFL Mobile","3967680","366060","486","8","481","7","0","10.84","Madden NFL Mobile"
"Turmoil","1485","Turmoil","3964800","135780","3454","6","599","7","0","29.2","Turmoil"
"Duke Nukem 3D: 20th Anniversary World Tour","1486","Duke Nukem 3D: 20th Anniversary World Tour","3947640","155280","25407","64","804","7","0","25.42","Duke Nukem 3D: 20th Anniversary World Tour"
"Freshly-Picked: Tingle's Rosy Rupeeland","1487","Freshly-Picked: Tingle's Rosy Rupeeland","3944880","12660","5493","2","21","7","0","311.6","Freshly-Picked: Tingle's Rosy Rupeeland"
"Prinny: Can I Really Be the Hero?","1488","Prinny: Can I Really Be the Hero?","3942240","17280","90628","7","54","7","0","228.14","Prinny: Can I Really Be the Hero?"
"Duck Dynasty","1489","Duck Dynasty","3941520","26580","6415","3","119","7","0","148.29","Duck Dynasty"
"Pony Luv","1490","Pony Luv","3936240","23280","18187","3","108","7","0","169.08","Pony Luv"
"Assassin's Creed","1491","Assassin's Creed","3931080","506400","30478","11","1825","7","0","7.76","Assassin's Creed"
"VA-11 HALL-A","1492","VA-11 HALL-A","3926160","218760","4714","17","735","7","0","17.95","VA-11 HALL-A"
"Silence","1493","Silence","3920820","50340","3674","8","221","7","0","77.89","Silence"
"How to Survive 2","1494","How to Survive 2","3900540","464400","21051","13","1681","7","0","8.4","How to Survive 2"
"Space Pirate Trainer","1495","Space Pirate Trainer","3882420","64380","7844","4","361","7","0","60.3","Space Pirate Trainer"
"Serious Sam 3: BFE","1496","Serious Sam 3: BFE","3879540","277380","28569","7","1324","7","0","13.99","Serious Sam 3: BFE"
"Bayonetta 2","1497","Bayonetta 2","3873600","193320","3071","6","526","7","0","20.04","Bayonetta 2"
"CABAL Online","1498","CABAL Online","3871260","681660","528","9","639","7","1","5.68","CABAL Online"
"Parasite Eve","1499","Parasite Eve","3862800","225000","5502","5","427","7","0","17.17","Parasite Eve"
"Shining in the Darkness","1500","Shining in the Darkness","3861900","26940","2075","7","39","7","0","143.35","Shining in the Darkness"