"","","Game","Watch time","Stream time","Peak viewers","Peak channels","Streamers","Average viewers","Average channels","Average viewer ratio",""
"Frankenstein","6101","Frankenstein","89280","5460","180","1","27","0","0","16.35","Frankenstein"
"RunMan: Race Around the World","6102","RunMan: Race Around the World","2940","180","48","1","2","0","0","16.33","RunMan: Race Around the World"
"Gintama Gin-San to Issho! Boku no Kabuki Machi Nikki","6103","Gintama Gin-San to Issho! Boku no Kabuki Machi Nikki","2940","180","30","1","1","0","0","16.33","Gintama Gin-San to Issho! Boku no Kabuki Machi Nikki"
"Burai Fighter","6104","Burai Fighter","23520","1440","45","1","9","0","0","16.33","Burai Fighter"
"Tetris","6105","Tetris","8810100","539460","13189","7","1584","16","1","16.33","Tetris"
"F-Zero GX","6106","F-Zero GX","1713180","104940","4989","5","304","3","0","16.33","F-Zero GX"
"D-Xhird","6107","D-Xhird","5880","360","87","1","2","0","0","16.33","D-Xhird"
"Hissatsu Shigotonin","6108","Hissatsu Shigotonin","2940","180","20","1","2","0","0","16.33","Hissatsu Shigotonin"
"Guardian War","6109","Guardian War","5880","360","21","1","1","0","0","16.33","Guardian War"
"Egypt","6110","Egypt","2940","180","31","1","2","0","0","16.33","Egypt"
"The Wheel of Time","6111","The Wheel of Time","67560","4140","527","1","10","0","0","16.32","The Wheel of Time"
"The Simpsons: Bart vs. the World","6112","The Simpsons: Bart vs. the World","24480","1500","50","1","7","0","0","16.32","The Simpsons: Bart vs. the World"
"RoboWarrior","6113","RoboWarrior","77340","4740","130","1","13","0","0","16.32","RoboWarrior"
"Crusaders Quest","6114","Crusaders Quest","6375960","390900","1951","6","205","12","0","16.31","Crusaders Quest"
"1080° Snowboarding","6115","1080° Snowboarding","174120","10680","714","2","48","0","0","16.3","1080° Snowboarding"
"Starbound","6116","Starbound","63388080","3893040","13245","165","10980","120","7","16.28","Starbound"
"WWE WrestleMania","6117","WWE WrestleMania","17580","1080","313","1","8","0","0","16.28","WWE WrestleMania"
"Fly in the House","6118","Fly in the House","10740","660","48","1","5","0","0","16.27","Fly in the House"
"The Forest","6119","The Forest","133227960","8194920","33168","100","23675","252","15","16.26","The Forest"
"Children of a Dead Earth","6120","Children of a Dead Earth","51720","3180","408","1","11","0","0","16.26","Children of a Dead Earth"
"Super Princess Peach","6121","Super Princess Peach","272040","16740","312","2","37","0","0","16.25","Super Princess Peach"
"Edna & Harvey: The Breakout","6122","Edna & Harvey: The Breakout","1666440","102600","1896","3","178","3","0","16.24","Edna & Harvey: The Breakout"
"Zombeer","6123","Zombeer","25320","1560","149","1","12","0","0","16.23","Zombeer"
"Star Trek: The Next Generation - A Final Unity","6124","Star Trek: The Next Generation - A Final Unity","64260","3960","74","1","12","0","0","16.23","Star Trek: The Next Generation - A Final Unity"
"The Blackwell Convergence","6125","The Blackwell Convergence","54540","3360","70","1","11","0","0","16.23","The Blackwell Convergence"
"Gran Turismo","6126","Gran Turismo","390960","24120","2157","4","84","0","0","16.21","Gran Turismo"
"Die by the Sword: Limb from Limb","6127","Die by the Sword: Limb from Limb","19440","1200","71","1","5","0","0","16.2","Die by the Sword: Limb from Limb"
"Interstellar Marines","6128","Interstellar Marines","589980","36420","2693","3","118","1","0","16.2","Interstellar Marines"
"Big Trouble in Little China","6129","Big Trouble in Little China","4860","300","59","1","2","0","0","16.2","Big Trouble in Little China"
"Raiden Legacy","6130","Raiden Legacy","25260","1560","82","1","6","0","0","16.19","Raiden Legacy"
"Thief: The Dark Project","6131","Thief: The Dark Project","1597500","98760","1036","3","171","3","0","16.18","Thief: The Dark Project"
"Duke Nukem: Land of the Babes","6132","Duke Nukem: Land of the Babes","36900","2280","82","1","6","0","0","16.18","Duke Nukem: Land of the Babes"
"Impossible Mission","6133","Impossible Mission","36900","2280","211","1","10","0","0","16.18","Impossible Mission"
"Among The Sleep","6134","Among The Sleep","9315660","576240","12077","20","4392","17","1","16.17","Among The Sleep"
"Roll20 Virtual Tabletop","6135","Roll20 Virtual Tabletop","18306480","1131960","4855","24","933","34","2","16.17","Roll20 Virtual Tabletop"
"Soul of the Samurai","6136","Soul of the Samurai","118380","7320","1463","2","31","0","0","16.17","Soul of the Samurai"
"Gunbird","6137","Gunbird","66960","4140","307","1","8","0","0","16.17","Gunbird"
"Naruto Shippuden Ninja Destiny 2","6138","Naruto Shippuden Ninja Destiny 2","5820","360","34","1","2","0","0","16.17","Naruto Shippuden Ninja Destiny 2"
"Plok","6139","Plok","236580","14640","1273","3","53","0","0","16.16","Plok"
"Cogmind","6140","Cogmind","173460","10740","523","2","26","0","0","16.15","Cogmind"
"Talisman: The Horus Heresy","6141","Talisman: The Horus Heresy","52320","3240","247","1","13","0","0","16.15","Talisman: The Horus Heresy"
"Mario vs. Donkey Kong","6142","Mario vs. Donkey Kong","312780","19380","572","9","62","0","0","16.14","Mario vs. Donkey Kong"
"I Have No Mouth, and I Must Scream","6143","I Have No Mouth, and I Must Scream","677820","42000","412","2","113","1","0","16.14","I Have No Mouth, and I Must Scream"
"The Nightmare of Druaga: Fushigino dungeon","6144","The Nightmare of Druaga: Fushigino dungeon","47460","2940","85","1","6","0","0","16.14","The Nightmare of Druaga: Fushigino dungeon"
"Castlevania: Lords of Shadow - Mirror of Fate","6145","Castlevania: Lords of Shadow - Mirror of Fate","846060","52440","2063","2","157","1","0","16.13","Castlevania: Lords of Shadow - Mirror of Fate"
"Sam & Max Episode 203: Night of the Raving Dead","6146","Sam & Max Episode 203: Night of the Raving Dead","36780","2280","75","1","9","0","0","16.13","Sam & Max Episode 203: Night of the Raving Dead"
"Nox","6147","Nox","1151760","71460","6664","5","200","2","0","16.12","Nox"
"Game Party","6148","Game Party","805920","50040","1379","4","174","1","0","16.11","Game Party"
"Guilty Gear X2","6149","Guilty Gear X2","43500","2700","226","1","24","0","0","16.11","Guilty Gear X2"
"Parasol Stars: The Story of Bubble Bobble III","6150","Parasol Stars: The Story of Bubble Bobble III","8700","540","41","1","5","0","0","16.11","Parasol Stars: The Story of Bubble Bobble III"
"Pizza Delivery Boy","6151","Pizza Delivery Boy","17400","1080","84","1","8","0","0","16.11","Pizza Delivery Boy"
"Feud","6152","Feud","9660","600","53","1","6","0","0","16.1","Feud"
"Final Fantasy XIII-2","6153","Final Fantasy XIII-2","7481460","464700","3239","6","717","14","0","16.1","Final Fantasy XIII-2"
"Final Fantasy II","6154","Final Fantasy II","3731340","231780","2706","5","270","7","0","16.1","Final Fantasy II"
"Super Hunchback","6155","Super Hunchback","21240","1320","145","3","5","0","0","16.09","Super Hunchback"
"Onion Force","6156","Onion Force","43440","2700","185","2","14","0","0","16.09","Onion Force"
"WRC: FIA World Rally Championship","6157","WRC: FIA World Rally Championship","88740","5520","956","2","24","0","0","16.08","WRC: FIA World Rally Championship"
"Dungeon Keeper 2","6158","Dungeon Keeper 2","796800","49560","4314","3","137","1","0","16.08","Dungeon Keeper 2"
"GAMES Interactive","6159","GAMES Interactive","697980","43440","6756","2","121","1","0","16.07","GAMES Interactive"
"Black & White Bushido","6160","Black & White Bushido","14460","900","177","1","7","0","0","16.07","Black & White Bushido"
"Doomsday Warrior","6161","Doomsday Warrior","21180","1320","93","1","3","0","0","16.05","Doomsday Warrior"
"The Bureau: XCOM Declassified","6162","The Bureau: XCOM Declassified","1431720","89340","1760","5","272","2","0","16.03","The Bureau: XCOM Declassified"
"Ultimate General: Gettysburg","6163","Ultimate General: Gettysburg","407880","25440","1947","4","103","0","0","16.03","Ultimate General: Gettysburg"
"Gauntlet II","6164","Gauntlet II","32700","2040","99","1","15","0","0","16.03","Gauntlet II"
"Jade Empire","6165","Jade Empire","2125500","132720","1337","4","328","4","0","16.01","Jade Empire"
"Broken Age","6166","Broken Age","4667400","291780","3740","7","968","8","0","16","Broken Age"
"Time Killers","6167","Time Killers","5760","360","80","1","3","0","0","16","Time Killers"
"Forgotten Memories: Alternate Realities","6168","Forgotten Memories: Alternate Realities","960","60","16","1","1","0","0","16","Forgotten Memories: Alternate Realities"
"Warring States Tactics","6169","Warring States Tactics","1920","120","17","1","1","0","0","16","Warring States Tactics"
"Stocks And Bonds","6170","Stocks And Bonds","839280","52440","135","3","38","1","0","16","Stocks And Bonds"
"Zool","6171","Zool","16320","1020","118","1","9","0","0","16","Zool"
"Cardinal Quest II","6172","Cardinal Quest II","3840","240","65","1","2","0","0","16","Cardinal Quest II"
"Nonomura Byouin no Hitobito","6173","Nonomura Byouin no Hitobito","3840","240","29","1","2","0","0","16","Nonomura Byouin no Hitobito"
"Congo","6174","Congo","43200","2700","502","5","24","0","0","16","Congo"
"Dimension Drive","6175","Dimension Drive","26880","1680","74","1","9","0","0","16","Dimension Drive"
"Koala Lumpur: Journey to the Edge","6176","Koala Lumpur: Journey to the Edge","960","60","16","1","0","0","0","16","Koala Lumpur: Journey to the Edge"
"Bubble Trubble","6177","Bubble Trubble","3840","240","33","1","3","0","0","16","Bubble Trubble"
"Zanac X Zanac","6178","Zanac X Zanac","17280","1080","50","1","4","0","0","16","Zanac X Zanac"
"ICBM","6179","ICBM","1920","120","19","1","1","0","0","16","ICBM"
"Tiny Plumbers","6180","Tiny Plumbers","960","60","18","1","1","0","0","16","Tiny Plumbers"
"Gold Miner Joe","6181","Gold Miner Joe","1920","120","31","1","2","0","0","16","Gold Miner Joe"
"Hot Dish","6182","Hot Dish","960","60","17","1","1","0","0","16","Hot Dish"
"The Mansion of Hidden Souls","6183","The Mansion of Hidden Souls","960","60","16","1","0","0","0","16","The Mansion of Hidden Souls"
"Twinbee Portable","6184","Twinbee Portable","4800","300","42","1","2","0","0","16","Twinbee Portable"
"Mario Calculator","6185","Mario Calculator","960","60","16","1","0","0","0","16","Mario Calculator"
"Might And Magic 2011 (Working Title)","6186","Might And Magic 2011 (Working Title)","5760","360","41","1","4","0","0","16","Might And Magic 2011 (Working Title)"
"Bar Games","6187","Bar Games","960","60","17","1","1","0","0","16","Bar Games"
"Akiba's Beat","6188","Akiba's Beat","240060","15000","136","5","14","0","0","16","Akiba's Beat"
"Catch Canvas","6189","Catch Canvas","5760","360","22","1","1","0","0","16","Catch Canvas"
"Jet-Boot Jack","6190","Jet-Boot Jack","1920","120","18","1","1","0","0","16","Jet-Boot Jack"
"Ghostbusters Pinball","6191","Ghostbusters Pinball","2880","180","19","1","1","0","0","16","Ghostbusters Pinball"
"Panza Kick Boxing","6192","Panza Kick Boxing","2880","180","19","1","1","0","0","16","Panza Kick Boxing"
"Toy Odyssey: The Lost and The Found","6193","Toy Odyssey: The Lost and The Found","147720","9240","115","3","29","0","0","15.99","Toy Odyssey: The Lost and The Found"
"Kingdom Hearts HD II.5 Remix","6194","Kingdom Hearts HD II.5 Remix","18260280","1142160","1793","14","1217","34","2","15.99","Kingdom Hearts HD II.5 Remix"
"Tiny Brains","6195","Tiny Brains","245100","15360","1899","4","93","0","0","15.96","Tiny Brains"
"Bizarre Earthquake","6196","Bizarre Earthquake","22020","1380","75","1","14","0","0","15.96","Bizarre Earthquake"
"Car Mechanic Simulator 2015","6197","Car Mechanic Simulator 2015","6276360","393780","21255","9","1741","11","0","15.94","Car Mechanic Simulator 2015"
"Sexy Parodius","6198","Sexy Parodius","41100","2580","182","1","14","0","0","15.93","Sexy Parodius"
"Banjo-Kazooie: Grunty's Revenge","6199","Banjo-Kazooie: Grunty's Revenge","163440","10260","290","2","26","0","0","15.93","Banjo-Kazooie: Grunty's Revenge"
"The Hidden: Source","6200","The Hidden: Source","440460","27660","3193","3","160","0","0","15.92","The Hidden: Source"