"","","Game","Watch time","Stream time","Peak viewers","Peak channels","Streamers","Average viewers","Average channels","Average viewer ratio",""
"Lisa","4201","Lisa","7516260","267600","7888","5","790","14","0","28.09","Lisa"
"TNA iMPACT!","4202","TNA iMPACT!","21900","780","92","1","4","0","0","28.08","TNA iMPACT!"
"Cube","4203","Cube","170100","6060","2706","2","23","0","0","28.07","Cube"
"Turok","4204","Turok","852300","30360","3272","2","137","1","0","28.07","Turok"
"Harry Potter and the Prisoner of Azkaban","4205","Harry Potter and the Prisoner of Azkaban","3225660","114960","1633","4","218","6","0","28.06","Harry Potter and the Prisoner of Azkaban"
"To the Moon","4206","To the Moon","8221440","293040","2960","6","1168","15","0","28.06","To the Moon"
"Void 21","4207","Void 21","89220","3180","193","1","13","0","0","28.06","Void 21"
"NAM-1975","4208","NAM-1975","47100","1680","56","1","1","0","0","28.04","NAM-1975"
"Shengnü zhi Ge: Heroine Anthem: The Elect of Wassernixe","4209","Shengnü zhi Ge: Heroine Anthem: The Elect of Wassernixe","77340","2760","113","3","6","0","0","28.02","Shengnü zhi Ge: Heroine Anthem: The Elect of Wassernixe"
"Etrian Odyssey III: The Drowned City","4210","Etrian Odyssey III: The Drowned City","898860","32100","3734","3","35","1","0","28","Etrian Odyssey III: The Drowned City"
"Bulletstorm","4211","Bulletstorm","3441840","122940","20881","6","448","6","0","28","Bulletstorm"
"The Legend of Zelda: Link's Awakening","4212","The Legend of Zelda: Link's Awakening","3632940","129900","5391","4","250","6","0","27.97","The Legend of Zelda: Link's Awakening"
"Resonance of Fate","4213","Resonance of Fate","1740420","62220","2392","3","71","3","0","27.97","Resonance of Fate"
"Crash: Mind Over Mutant","4214","Crash: Mind Over Mutant","82200","2940","576","1","14","0","0","27.96","Crash: Mind Over Mutant"
"Shade: Wrath of Angels","4215","Shade: Wrath of Angels","38580","1380","260","1","6","0","0","27.96","Shade: Wrath of Angels"
"Yoshi's Cookie","4216","Yoshi's Cookie","273180","9780","2091","2","30","0","0","27.93","Yoshi's Cookie"
"Samurai Gunn","4217","Samurai Gunn","209400","7500","1470","1","45","0","0","27.92","Samurai Gunn"
"D4: Dark Dreams Don't Die","4218","D4: Dark Dreams Don't Die","3998460","143220","11708","5","663","7","0","27.92","D4: Dark Dreams Don't Die"
"Times of Lore","4219","Times of Lore","21780","780","89","1","1","0","0","27.92","Times of Lore"
"BioShock: The Collection","4220","BioShock: The Collection","46160100","1653840","14143","133","7172","87","3","27.91","BioShock: The Collection"
"Mirror's Edge","4221","Mirror's Edge","23922420","857040","186567","35","4020","45","1","27.91","Mirror's Edge"
"Lode Runner","4222","Lode Runner","88680","3180","253","1","14","0","0","27.89","Lode Runner"
"Heroes of Newerth","4223","Heroes of Newerth","165766980","5945160","4492","33","3693","314","11","27.88","Heroes of Newerth"
"EverQuest: The Ruins of Kunark","4224","EverQuest: The Ruins of Kunark","13380","480","103","1","3","0","0","27.88","EverQuest: The Ruins of Kunark"
"Asterix and Obelix","4225","Asterix and Obelix","113640","4080","133","1","19","0","0","27.85","Asterix and Obelix"
"Love+","4226","Love+","108420","3900","551","2","23","0","0","27.8","Love+"
"Yu-Gi-Oh! Dungeon Dice Monsters","4227","Yu-Gi-Oh! Dungeon Dice Monsters","90060","3240","752","1","12","0","0","27.8","Yu-Gi-Oh! Dungeon Dice Monsters"
"Lifeless","4228","Lifeless","999300","35940","1788","16","193","1","0","27.8","Lifeless"
"Monster Maulers","4229","Monster Maulers","8340","300","129","1","3","0","0","27.8","Monster Maulers"
"Jaws: Unleashed","4230","Jaws: Unleashed","85080","3060","489","1","14","0","0","27.8","Jaws: Unleashed"
"Yo-Kai Watch 2","4231","Yo-Kai Watch 2","659880","23760","1340","4","37","1","0","27.77","Yo-Kai Watch 2"
"Overwatch","4232","Overwatch","10737520680","386604720","302141","9741","564462","20375","733","27.77","Overwatch"
"New Super Mario Bros. U","4233","New Super Mario Bros. U","5127720","184620","2691","6","583","9","0","27.77","New Super Mario Bros. U"
"Mega Man 7","4234","Mega Man 7","2524680","90960","6144","5","243","4","0","27.76","Mega Man 7"
"NeverDead","4235","NeverDead","123240","4440","200","1","14","0","0","27.76","NeverDead"
"The Legend of Kyrandia: Hand of Fate","4236","The Legend of Kyrandia: Hand of Fate","101580","3660","146","1","9","0","0","27.75","The Legend of Kyrandia: Hand of Fate"
"Quake","4237","Quake","9244020","333240","5997","6","720","17","0","27.74","Quake"
"Def Jam: Fight for NY","4238","Def Jam: Fight for NY","1724040","62160","6357","3","232","3","0","27.74","Def Jam: Fight for NY"
"The Legacy: Realm of Terror","4239","The Legacy: Realm of Terror","76500","2760","59","1","2","0","0","27.72","The Legacy: Realm of Terror"
"The Descendant","4240","The Descendant","232860","8400","588","3","44","0","0","27.72","The Descendant"
"Paper Mario: Color Splash","4241","Paper Mario: Color Splash","14009160","505440","2876","61","778","26","0","27.72","Paper Mario: Color Splash"
"Chariot","4242","Chariot","1233060","44520","2628","2","211","2","0","27.7","Chariot"
"The Flock","4243","The Flock","26580","960","323","1","10","0","0","27.69","The Flock"
"Star Wars: Knights of the Old Republic","4244","Star Wars: Knights of the Old Republic","18775500","678360","103627","15","1862","35","1","27.68","Star Wars: Knights of the Old Republic"
"Teslagrad","4245","Teslagrad","2984220","107820","94112","15","461","5","0","27.68","Teslagrad"
"Killer Instinct","4246","Killer Instinct","134543160","4860540","25228","98","14956","255","9","27.68","Killer Instinct"
"Silhouette Mirage","4247","Silhouette Mirage","114600","4140","934","1","14","0","0","27.68","Silhouette Mirage"
"The Metronomicon","4248","The Metronomicon","1707120","61680","1936","10","181","3","0","27.68","The Metronomicon"
"Doctor Who: TARDIS","4249","Doctor Who: TARDIS","44820","1620","172","1","13","0","0","27.67","Doctor Who: TARDIS"
"Hogan's Alley","4250","Hogan's Alley","9960","360","153","1","5","0","0","27.67","Hogan's Alley"
"Mad Father","4251","Mad Father","2580720","93300","4508","6","388","4","0","27.66","Mad Father"
"Rayman Arena","4252","Rayman Arena","107820","3900","446","1","20","0","0","27.65","Rayman Arena"
"The Next Big Thing","4253","The Next Big Thing","167520","6060","749","2","22","0","0","27.64","The Next Big Thing"
"Leap of Fate","4254","Leap of Fate","728040","26340","928","5","143","1","0","27.64","Leap of Fate"
"Leviathan: Warships","4255","Leviathan: Warships","36480","1320","338","1","8","0","0","27.64","Leviathan: Warships"
"Sengoku Basara Chronicle Heroes","4256","Sengoku Basara Chronicle Heroes","18240","660","60","1","2","0","0","27.64","Sengoku Basara Chronicle Heroes"
"Paper Mario: The Thousand-Year Door","4257","Paper Mario: The Thousand-Year Door","29781540","1078020","7073","13","1917","56","2","27.63","Paper Mario: The Thousand-Year Door"
"Azurik: Rise of Perathia","4258","Azurik: Rise of Perathia","38100","1380","62","1","4","0","0","27.61","Azurik: Rise of Perathia"
"Castlequest","4259","Castlequest","46380","1680","89","2","5","0","0","27.61","Castlequest"
"Gyruss","4260","Gyruss","215280","7800","766","2","23","0","0","27.6","Gyruss"
"Disney's Chicken Little","4261","Disney's Chicken Little","67860","2460","286","2","9","0","0","27.59","Disney's Chicken Little"
"A Bird Story","4262","A Bird Story","630180","22860","960","2","169","1","0","27.57","A Bird Story"
"Reign: Conflict of Nations","4263","Reign: Conflict of Nations","11580","420","101","2","3","0","0","27.57","Reign: Conflict of Nations"
"GUN","4264","GUN","623220","22620","1582","2","86","1","0","27.55","GUN"
"Etherlords II","4265","Etherlords II","190020","6900","365","1","11","0","0","27.54","Etherlords II"
"Mega Man X4","4266","Mega Man X4","8220060","298740","2539","10","638","15","0","27.52","Mega Man X4"
"Tomba!","4267","Tomba!","1741320","63300","1511","4","172","3","0","27.51","Tomba!"
"Neverwinter Nights","4268","Neverwinter Nights","5401140","196320","8323","7","316","10","0","27.51","Neverwinter Nights"
"Softporn Adventure","4269","Softporn Adventure","6600","240","91","1","1","0","0","27.5","Softporn Adventure"
"Mario Artist: Polygon Studio","4270","Mario Artist: Polygon Studio","3300","120","46","1","2","0","0","27.5","Mario Artist: Polygon Studio"
"Assassin's Creed: Ezio Trilogy","4271","Assassin's Creed: Ezio Trilogy","349620","12720","481","7","45","0","0","27.49","Assassin's Creed: Ezio Trilogy"
"DoReMi Fantasy: Milon's DokiDoki Adventure","4272","DoReMi Fantasy: Milon's DokiDoki Adventure","290220","10560","1053","3","17","0","0","27.48","DoReMi Fantasy: Milon's DokiDoki Adventure"
"Castlevania: Order of Ecclesia","4273","Castlevania: Order of Ecclesia","1873260","68220","580","3","106","3","0","27.46","Castlevania: Order of Ecclesia"
"Ehrgeiz: God Bless the Ring","4274","Ehrgeiz: God Bless the Ring","291480","10620","6436","2","44","0","0","27.45","Ehrgeiz: God Bless the Ring"
"Irritating Stick","4275","Irritating Stick","18120","660","58","1","2","0","0","27.45","Irritating Stick"
"Skyshine's Bedlam","4276","Skyshine's Bedlam","247080","9000","420","2","49","0","0","27.45","Skyshine's Bedlam"
"Countless Rooms of Death","4277","Countless Rooms of Death","18120","660","188","1","5","0","0","27.45","Countless Rooms of Death"
"Sort the Court!","4278","Sort the Court!","135060","4920","367","2","33","0","0","27.45","Sort the Court!"
"Tetris: The Absolute - The Grand Master 2 PLUS","4279","Tetris: The Absolute - The Grand Master 2 PLUS","2186820","79740","6844","3","72","4","0","27.42","Tetris: The Absolute - The Grand Master 2 PLUS"
"Echo Night","4280","Echo Night","177660","6480","150","1","14","0","0","27.42","Echo Night"
"Outbreak","4281","Outbreak","171120","6240","744","4","31","0","0","27.42","Outbreak"
"Fragmented","4282","Fragmented","2494380","91020","23238","12","343","4","0","27.4","Fragmented"
"Mario & Luigi: Dream Team","4283","Mario & Luigi: Dream Team","619560","22620","491","2","33","1","0","27.39","Mario & Luigi: Dream Team"
"Resident Evil: Gaiden","4284","Resident Evil: Gaiden","220200","8040","1032","2","29","0","0","27.39","Resident Evil: Gaiden"
"Toxikk","4285","Toxikk","1873800","68460","6334","15","496","3","0","27.37","Toxikk"
"George Foreman's KO Boxing","4286","George Foreman's KO Boxing","31200","1140","87","1","6","0","0","27.37","George Foreman's KO Boxing"
"Ravenloft: Strahd's Possession","4287","Ravenloft: Strahd's Possession","54180","1980","103","1","4","0","0","27.36","Ravenloft: Strahd's Possession"
"Virtual Hydlide","4288","Virtual Hydlide","62340","2280","172","1","8","0","0","27.34","Virtual Hydlide"
"Dragon Quest Monsters: Joker","4289","Dragon Quest Monsters: Joker","319560","11700","153","2","17","0","0","27.31","Dragon Quest Monsters: Joker"
"Project Zero 2: Wii Edition","4290","Project Zero 2: Wii Edition","432660","15840","401","2","41","0","0","27.31","Project Zero 2: Wii Edition"
"Klang","4291","Klang","145740","5340","197","1","35","0","0","27.29","Klang"
"RollerCoaster Tycoon","4292","RollerCoaster Tycoon","6604920","242220","6286","5","899","12","0","27.27","RollerCoaster Tycoon"
"Postal 2","4293","Postal 2","7986060","292800","12290","5","1536","15","0","27.27","Postal 2"
"Lost Castle","4294","Lost Castle","4078080","149580","2233","6","482","7","0","27.26","Lost Castle"
"Esper Dream 2: Aratanaru Tatakai","4295","Esper Dream 2: Aratanaru Tatakai","19620","720","72","1","1","0","0","27.25","Esper Dream 2: Aratanaru Tatakai"
"Little Ninja Brothers","4296","Little Ninja Brothers","13080","480","210","1","4","0","0","27.25","Little Ninja Brothers"
"Dragon Quest VII: Eden no Senshitachi","4297","Dragon Quest VII: Eden no Senshitachi","2232180","81900","1936","10","78","4","0","27.25","Dragon Quest VII: Eden no Senshitachi"
"Prince of Persia: The Two Thrones","4298","Prince of Persia: The Two Thrones","2833620","104040","7512","5","168","5","0","27.24","Prince of Persia: The Two Thrones"
"Driver: Parallel Lines","4299","Driver: Parallel Lines","163380","6000","1197","2","28","0","0","27.23","Driver: Parallel Lines"
"Tekken: Dark Resurrection","4300","Tekken: Dark Resurrection","511320","18780","2509","2","53","0","0","27.23","Tekken: Dark Resurrection"