"","","Game","Watch time","Stream time","Peak viewers","Peak channels","Streamers","Average viewers","Average channels","Average viewer ratio",""
"Tetris DS","13101","Tetris DS","27660","6600","63","1","23","0","0","4.19","Tetris DS"
"Ever17: The Out of Infinity","13102","Ever17: The Out of Infinity","89160","21300","58","2","25","0","0","4.19","Ever17: The Out of Infinity"
"Grief Syndrome","13103","Grief Syndrome","160560","38340","69","3","71","0","0","4.19","Grief Syndrome"
"Söldner-X: Himmelsstürmer","13104","Söldner-X: Himmelsstürmer","4020","960","29","1","4","0","0","4.19","Söldner-X: Himmelsstürmer"
"Speakeasy","13105","Speakeasy","6780","1620","12","1","13","0","0","4.19","Speakeasy"
"Taiko no Tatsujin: Wii U Version","13106","Taiko no Tatsujin: Wii U Version","4020","960","26","1","5","0","0","4.19","Taiko no Tatsujin: Wii U Version"
"Scooby-Doo: Mystery Mayhem","13107","Scooby-Doo: Mystery Mayhem","35220","8400","20","3","16","0","0","4.19","Scooby-Doo: Mystery Mayhem"
"Coffin Dodgers","13108","Coffin Dodgers","89940","21480","292","3","166","0","0","4.19","Coffin Dodgers"
"Renai Banchou: Inochi Meishi, Koiseyo Otome! Love is Power!!!","13109","Renai Banchou: Inochi Meishi, Koiseyo Otome! Love is Power!!!","10800","2580","10","1","2","0","0","4.19","Renai Banchou: Inochi Meishi, Koiseyo Otome! Love is Power!!!"
"Cyberpong VR","13110","Cyberpong VR","5280","1260","19","2","7","0","0","4.19","Cyberpong VR"
"Kindred Spirits on the Roof","13111","Kindred Spirits on the Roof","24900","5940","70","1","30","0","0","4.19","Kindred Spirits on the Roof"
"Turf Battles: Triumphus","13112","Turf Battles: Triumphus","181020","43320","34","3","24","0","0","4.18","Turf Battles: Triumphus"
"Tom Clancy's Ghost Recon 2: Summit Strike","13113","Tom Clancy's Ghost Recon 2: Summit Strike","2760","660","11","1","2","0","0","4.18","Tom Clancy's Ghost Recon 2: Summit Strike"
"Civilization: Call to Power","13114","Civilization: Call to Power","12780","3060","25","1","4","0","0","4.18","Civilization: Call to Power"
"Superman: The Game","13115","Superman: The Game","4260","1020","16","1","3","0","0","4.18","Superman: The Game"
"Ninja Combat","13116","Ninja Combat","2760","660","18","1","6","0","0","4.18","Ninja Combat"
"Active Soccer 2 DX","13117","Active Soccer 2 DX","44340","10620","39","3","44","0","0","4.18","Active Soccer 2 DX"
"Section-Z","13118","Section-Z","9540","2280","19","1","8","0","0","4.18","Section-Z"
"Super Robot Wars Impact","13119","Super Robot Wars Impact","8280","1980","9","1","4","0","0","4.18","Super Robot Wars Impact"
"Disney's Atlantis: The Lost Empire","13120","Disney's Atlantis: The Lost Empire","11280","2700","33","1","8","0","0","4.18","Disney's Atlantis: The Lost Empire"
"Blowout","13121","Blowout","2760","660","9","1","4","0","0","4.18","Blowout"
"Mugen Souls Z","13122","Mugen Souls Z","52140","12480","27","3","39","0","0","4.18","Mugen Souls Z"
"Spider Solitaire","13123","Spider Solitaire","46200","11040","126","2","67","0","0","4.18","Spider Solitaire"
"Medal of Honor: Warfighter","13124","Medal of Honor: Warfighter","221520","53160","455","2","257","0","0","4.17","Medal of Honor: Warfighter"
"SpongeBob SquarePants: Atlantis Squarepantis","13125","SpongeBob SquarePants: Atlantis Squarepantis","1500","360","9","1","2","0","0","4.17","SpongeBob SquarePants: Atlantis Squarepantis"
"Project Gorgon","13126","Project Gorgon","140520","33660","291","2","64","0","0","4.17","Project Gorgon"
"Over the Hedge","13127","Over the Hedge","11520","2760","35","2","11","0","0","4.17","Over the Hedge"
"Disney's 102 Dalmatians: Puppies to the Rescue","13128","Disney's 102 Dalmatians: Puppies to the Rescue","123840","29700","66","3","28","0","0","4.17","Disney's 102 Dalmatians: Puppies to the Rescue"
"Back to the Future Part III","13129","Back to the Future Part III","4500","1080","14","1","6","0","0","4.17","Back to the Future Part III"
"The Journey Down: Chapter Two","13130","The Journey Down: Chapter Two","25020","6000","13","1","18","0","0","4.17","The Journey Down: Chapter Two"
"Lost Horizon","13131","Lost Horizon","24540","5880","22","1","11","0","0","4.17","Lost Horizon"
"Tiny Toon Adventures: Acme All-Stars","13132","Tiny Toon Adventures: Acme All-Stars","6000","1440","17","1","8","0","0","4.17","Tiny Toon Adventures: Acme All-Stars"
"Pound of Ground","13133","Pound of Ground","1500","360","20","1","2","0","0","4.17","Pound of Ground"
"Shrek Treasure Hunt","13134","Shrek Treasure Hunt","13020","3120","187","2","7","0","0","4.17","Shrek Treasure Hunt"
"Star Wars: X-Wing Vs. TIE Fighter","13135","Star Wars: X-Wing Vs. TIE Fighter","3000","720","17","1","5","0","0","4.17","Star Wars: X-Wing Vs. TIE Fighter"
"Dr. Lunatic Supreme with Cheese","13136","Dr. Lunatic Supreme with Cheese","1500","360","12","1","3","0","0","4.17","Dr. Lunatic Supreme with Cheese"
"Cradle of Rome","13137","Cradle of Rome","1500","360","7","1","1","0","0","4.17","Cradle of Rome"
"Nimble Quest","13138","Nimble Quest","5760","1380","62","1","11","0","0","4.17","Nimble Quest"
"Virtual Villagers: A New Home","13139","Virtual Villagers: A New Home","7260","1740","24","1","4","0","0","4.17","Virtual Villagers: A New Home"
"Spells of Gold","13140","Spells of Gold","1500","360","7","1","1","0","0","4.17","Spells of Gold"
"Under Fire","13141","Under Fire","1500","360","10","1","4","0","0","4.17","Under Fire"
"Burn: Cycle","13142","Burn: Cycle","3000","720","12","1","3","0","0","4.17","Burn: Cycle"
"Valkyrie","13143","Valkyrie","17520","4200","25","1","22","0","0","4.17","Valkyrie"
"Super Rugby","13144","Super Rugby","1500","360","6","1","2","0","0","4.17","Super Rugby"
"Handsome Mr. Frog","13145","Handsome Mr. Frog","1500","360","10","1","5","0","0","4.17","Handsome Mr. Frog"
"Skylanders Imaginators","13146","Skylanders Imaginators","591900","142020","1354","14","516","1","0","4.17","Skylanders Imaginators"
"Pocket Ping Pong 2005","13147","Pocket Ping Pong 2005","3000","720","7","1","1","0","0","4.17","Pocket Ping Pong 2005"
"Babysitting Mania","13148","Babysitting Mania","1500","360","10","1","2","0","0","4.17","Babysitting Mania"
"The Huntsman: Winter's Curse","13149","The Huntsman: Winter's Curse","18480","4440","22","2","24","0","0","4.16","The Huntsman: Winter's Curse"
"Tyrants: Fight Through Time","13150","Tyrants: Fight Through Time","18480","4440","66","1","8","0","0","4.16","Tyrants: Fight Through Time"
"pop'n music 9","13151","pop'n music 9","9480","2280","19","1","7","0","0","4.16","pop'n music 9"
"Asheron's Call 2: Fallen Kings","13152","Asheron's Call 2: Fallen Kings","25680","6180","14","1","3","0","0","4.16","Asheron's Call 2: Fallen Kings"
"Alfa Romeo Racing Italiano","13153","Alfa Romeo Racing Italiano","4740","1140","17","1","2","0","0","4.16","Alfa Romeo Racing Italiano"
"Killzone Mercenary","13154","Killzone Mercenary","45900","11040","13","2","11","0","0","4.16","Killzone Mercenary"
"Sudoku","13155","Sudoku","42900","10320","113","2","68","0","0","4.16","Sudoku"
"Tux Racer","13156","Tux Racer","6240","1500","17","2","7","0","0","4.16","Tux Racer"
"Star Wars: Empire at War","13157","Star Wars: Empire at War","244380","58680","360","4","296","0","0","4.16","Star Wars: Empire at War"
"Middle-earth: Shadow of Mordor","13158","Middle-earth: Shadow of Mordor","15892380","3823440","8129","34","18093","30","7","4.16","Middle-earth: Shadow of Mordor"
"Prototype","13159","Prototype","694680","166980","1091","5","1007","1","0","4.16","Prototype"
"Road Rash II","13160","Road Rash II","38880","9360","79","2","36","0","0","4.15","Road Rash II"
"Namco Classic Collection Vol. 1","13161","Namco Classic Collection Vol. 1","3240","780","8","1","2","0","0","4.15","Namco Classic Collection Vol. 1"
"Anno 1503: Königs-Edition","13162","Anno 1503: Königs-Edition","29640","7140","98","1","28","0","0","4.15","Anno 1503: Königs-Edition"
"Eastside Hockey Manager","13163","Eastside Hockey Manager","85980","20700","92","2","50","0","0","4.15","Eastside Hockey Manager"
"The Sims: Makin' Magic","13164","The Sims: Makin' Magic","11700","2820","23","1","12","0","0","4.15","The Sims: Makin' Magic"
"Dora the Explorer","13165","Dora the Explorer","15180","3660","36","1","19","0","0","4.15","Dora the Explorer"
"LEGO Dimensions","13166","LEGO Dimensions","2616720","630180","1204","13","1900","4","1","4.15","LEGO Dimensions"
"MySims","13167","MySims","29880","7200","250","2","27","0","0","4.15","MySims"
"Another Century's Episode R","13168","Another Century's Episode R","13680","3300","14","1","11","0","0","4.15","Another Century's Episode R"
"Rocky Rodent","13169","Rocky Rodent","11940","2880","88","3","13","0","0","4.15","Rocky Rodent"
"Tiger-Heli","13170","Tiger-Heli","3240","780","18","1","7","0","0","4.15","Tiger-Heli"
"Brigandine: The Legend of Forsena","13171","Brigandine: The Legend of Forsena","60480","14580","42","2","28","0","0","4.15","Brigandine: The Legend of Forsena"
"RWBY: Grimm Eclipse","13172","RWBY: Grimm Eclipse","2039040","491700","2080","39","2187","3","0","4.15","RWBY: Grimm Eclipse"
"Bird Week","13173","Bird Week","8220","1980","41","1","6","0","0","4.15","Bird Week"
"Demon Front","13174","Demon Front","8460","2040","14","1","5","0","0","4.15","Demon Front"
"Fashion Designer: High Fashion","13175","Fashion Designer: High Fashion","3240","780","11","1","4","0","0","4.15","Fashion Designer: High Fashion"
"Clones","13176","Clones","1740","420","15","1","3","0","0","4.14","Clones"
"Smuggler's Run 2: Hostile Territory","13177","Smuggler's Run 2: Hostile Territory","5220","1260","15","1","3","0","0","4.14","Smuggler's Run 2: Hostile Territory"
"Bit Evolution","13178","Bit Evolution","1740","420","8","1","3","0","0","4.14","Bit Evolution"
"Shaman King: Master of Spirits 2","13179","Shaman King: Master of Spirits 2","9180","2220","74","1","10","0","0","4.14","Shaman King: Master of Spirits 2"
"Yu-Gi-Oh! 5D's World Championship 2010 Reverse of Arcadia","13180","Yu-Gi-Oh! 5D's World Championship 2010 Reverse of Arcadia","8700","2100","21","1","7","0","0","4.14","Yu-Gi-Oh! 5D's World Championship 2010 Reverse of Arcadia"
"The Marvellous Miss Take","13181","The Marvellous Miss Take","32280","7800","47","2","25","0","0","4.14","The Marvellous Miss Take"
"Cherry Tree High Comedy Club","13182","Cherry Tree High Comedy Club","15900","3840","52","2","24","0","0","4.14","Cherry Tree High Comedy Club"
"Battlestations: Pacific","13183","Battlestations: Pacific","47280","11460","178","2","43","0","0","4.13","Battlestations: Pacific"
"Sunset Overdrive","13184","Sunset Overdrive","8114640","1963740","2512","185","12910","15","3","4.13","Sunset Overdrive"
"Tony Hawk's American Wasteland","13185","Tony Hawk's American Wasteland","269460","65280","750","3","200","0","0","4.13","Tony Hawk's American Wasteland"
"Mount & Blade","13186","Mount & Blade","239400","57900","672","3","219","0","0","4.13","Mount & Blade"
"Bear Go Home","13187","Bear Go Home","3720","900","19","2","3","0","0","4.13","Bear Go Home"
"Sesame Street 1 2 3/A B C","13188","Sesame Street 1 2 3/A B C","1980","480","9","1","5","0","0","4.13","Sesame Street 1 2 3/A B C"
"Blaze Union: Story to Reach the Future","13189","Blaze Union: Story to Reach the Future","17340","4200","13","1","3","0","0","4.13","Blaze Union: Story to Reach the Future"
"Swords & Soldiers","13190","Swords & Soldiers","3720","900","42","1","9","0","0","4.13","Swords & Soldiers"
"Suzuki Bakuhatsu","13191","Suzuki Bakuhatsu","3960","960","7","1","2","0","0","4.13","Suzuki Bakuhatsu"
"Albert & Otto","13192","Albert & Otto","67680","16380","62","2","67","0","0","4.13","Albert & Otto"
"Kenka Bancho: Badass Rumble","13193","Kenka Bancho: Badass Rumble","7680","1860","29","1","9","0","0","4.13","Kenka Bancho: Badass Rumble"
"Girls und Panzer: Senshadou, Kiwamemasu!","13194","Girls und Panzer: Senshadou, Kiwamemasu!","7440","1800","16","1","6","0","0","4.13","Girls und Panzer: Senshadou, Kiwamemasu!"
"Hugo 2","13195","Hugo 2","1980","480","12","1","3","0","0","4.13","Hugo 2"
"Catrap","13196","Catrap","12360","3000","25","1","6","0","0","4.12","Catrap"
"Farming Simulator 16","13197","Farming Simulator 16","25980","6300","58","1","36","0","0","4.12","Farming Simulator 16"
"Empire Earth","13198","Empire Earth","92700","22500","70","2","77","0","0","4.12","Empire Earth"
"Uru: Ages Beyond Myst","13199","Uru: Ages Beyond Myst","19020","4620","42","1","11","0","0","4.12","Uru: Ages Beyond Myst"
"Skyforge","13200","Skyforge","6975720","1697220","802","18","2673","13","3","4.11","Skyforge"