"","","Game","Watch time","Stream time","Peak viewers","Peak channels","Streamers","Average viewers","Average channels","Average viewer ratio",""
"Soccer Tsuku DS: Touch and Direct","2801","Soccer Tsuku DS: Touch and Direct","11340","240","59","1","1","0","0","47.25","Soccer Tsuku DS: Touch and Direct"
"iZBOT","2802","iZBOT","192600","4080","1406","1","13","0","0","47.21","iZBOT"
"The King of Fighters XIV","2803","The King of Fighters XIV","57656940","1221360","17988","85","3082","109","2","47.21","The King of Fighters XIV"
"Square Heroes","2804","Square Heroes","552360","11700","337","2","51","1","0","47.21","Square Heroes"
"Nihilumbra","2805","Nihilumbra","1502760","31860","4097","2","131","2","0","47.17","Nihilumbra"
"Fear Effect 2: Retro Helix","2806","Fear Effect 2: Retro Helix","319620","6780","1182","1","21","0","0","47.14","Fear Effect 2: Retro Helix"
"NBA 2K11","2807","NBA 2K11","305160","6480","1840","1","28","0","0","47.09","NBA 2K11"
"Obduction","2808","Obduction","13646280","289800","35424","36","793","25","0","47.09","Obduction"
"Ultimate General: Civil War","2809","Ultimate General: Civil War","466140","9900","1737","3","34","0","0","47.08","Ultimate General: Civil War"
"Nike+ Kinect Training","2810","Nike+ Kinect Training","36720","780","653","1","5","0","0","47.08","Nike+ Kinect Training"
"Bill Laimbeer's Combat Basketball","2811","Bill Laimbeer's Combat Basketball","45180","960","95","1","5","0","0","47.06","Bill Laimbeer's Combat Basketball"
"Time Tunnel","2812","Time Tunnel","48000","1020","88","1","1","0","0","47.06","Time Tunnel"
"Lovely Planet Arcade","2813","Lovely Planet Arcade","423180","9000","751","3","57","0","0","47.02","Lovely Planet Arcade"
"Rise of the Robots: The Director's Cut","2814","Rise of the Robots: The Director's Cut","22560","480","82","1","2","0","0","47","Rise of the Robots: The Director's Cut"
"Just Dance 4","2815","Just Dance 4","794400","16920","3016","2","72","1","0","46.95","Just Dance 4"
"Silent Hill 4: The Room","2816","Silent Hill 4: The Room","10820340","230940","13011","8","390","20","0","46.85","Silent Hill 4: The Room"
"The King of Fighters '95","2817","The King of Fighters '95","132120","2820","695","1","12","0","0","46.85","The King of Fighters '95"
"Pokkén Tournament","2818","Pokkén Tournament","97182060","2074740","44811","281","3845","184","3","46.84","Pokkén Tournament"
"Garfield Lasagna World Tour","2819","Garfield Lasagna World Tour","137580","2940","674","1","8","0","0","46.8","Garfield Lasagna World Tour"
"Guilty Gear Isuka","2820","Guilty Gear Isuka","95460","2040","836","2","19","0","0","46.79","Guilty Gear Isuka"
"Star Ghost","2821","Star Ghost","22440","480","210","1","5","0","0","46.75","Star Ghost"
"Takahashi Meijin no Bugutte Honey","2822","Takahashi Meijin no Bugutte Honey","22440","480","61","1","1","0","0","46.75","Takahashi Meijin no Bugutte Honey"
"Siegecraft Commander","2823","Siegecraft Commander","33660","720","89","1","2","0","0","46.75","Siegecraft Commander"
"Project Justice","2824","Project Justice","386700","8280","5056","2","43","0","0","46.7","Project Justice"
"Around the World in 80 Days","2825","Around the World in 80 Days","36420","780","125","1","3","0","0","46.69","Around the World in 80 Days"
"Rudra no Hihou","2826","Rudra no Hihou","795180","17040","2192","2","25","1","0","46.67","Rudra no Hihou"
"The Simpsons: Hit & Run","2827","The Simpsons: Hit & Run","11920980","255540","5204","7","542","22","0","46.65","The Simpsons: Hit & Run"
"The Rub Rabbits!","2828","The Rub Rabbits!","50340","1080","243","1","4","0","0","46.61","The Rub Rabbits!"
"Flight Control","2829","Flight Control","13980","300","210","1","3","0","0","46.6","Flight Control"
"Contra: Legacy of War","2830","Contra: Legacy of War","69900","1500","436","1","4","0","0","46.6","Contra: Legacy of War"
"Tales of Berseria","2831","Tales of Berseria","25578960","549300","5411","26","310","48","1","46.57","Tales of Berseria"
"Die Bahnwelt","2832","Die Bahnwelt","19560","420","57","1","1","0","0","46.57","Die Bahnwelt"
"Gadget Twins","2833","Gadget Twins","80940","1740","563","1","2","0","0","46.52","Gadget Twins"
"Archon: The Light and the Dark","2834","Archon: The Light and the Dark","16740","360","107","1","3","0","0","46.5","Archon: The Light and the Dark"
"Metrocide","2835","Metrocide","11160","240","82","1","2","0","0","46.5","Metrocide"
"Jak and Daxter: The Precursor Legacy","2836","Jak and Daxter: The Precursor Legacy","18775740","404160","93955","8","470","35","0","46.46","Jak and Daxter: The Precursor Legacy"
"Flamebreak","2837","Flamebreak","6768420","145740","14194","15","543","12","0","46.44","Flamebreak"
"DrumMania","2838","DrumMania","203340","4380","555","1","9","0","0","46.42","DrumMania"
"Altered Beast","2839","Altered Beast","1010340","21780","5661","6","143","1","0","46.39","Altered Beast"
"SiN: Wages of Sin","2840","SiN: Wages of Sin","8340","180","61","1","1","0","0","46.33","SiN: Wages of Sin"
"Narbacular Drop","2841","Narbacular Drop","16680","360","167","1","3","0","0","46.33","Narbacular Drop"
"Abzû","2842","Abzû","23475300","506760","28205","116","3752","44","0","46.32","Abzû"
"Monster Strike","2843","Monster Strike","8428380","182040","1931","7","189","15","0","46.3","Monster Strike"
"Mega Man X","2844","Mega Man X","63120960","1364280","181667","28","2405","119","2","46.27","Mega Man X"
"Mega Man III","2845","Mega Man III","10529220","227640","125547","11","398","19","0","46.25","Mega Man III"
"Grand Theft Auto","2846","Grand Theft Auto","6288720","136020","13764","17","626","11","0","46.23","Grand Theft Auto"
"Crash 'N the Boys: Street Challenge","2847","Crash 'N the Boys: Street Challenge","38820","840","290","1","10","0","0","46.21","Crash 'N the Boys: Street Challenge"
"Tyranny","2848","Tyranny","19868220","430020","20863","97","1008","37","0","46.2","Tyranny"
"Retro Fever","2849","Retro Fever","185700","4020","1151","1","9","0","0","46.19","Retro Fever"
"Super Robot Wars MX","2850","Super Robot Wars MX","695040","15060","277","1","12","1","0","46.15","Super Robot Wars MX"
"Steam Bandits: Outpost","2851","Steam Bandits: Outpost","19380","420","257","1","4","0","0","46.14","Steam Bandits: Outpost"
"I Wanna Be The Guy: Gaiden","2852","I Wanna Be The Guy: Gaiden","204780","4440","853","1","22","0","0","46.12","I Wanna Be The Guy: Gaiden"
"Dead to Rights","2853","Dead to Rights","210240","4560","411","1","15","0","0","46.11","Dead to Rights"
"Bridge Constructor Medieval","2854","Bridge Constructor Medieval","201900","4380","821","1","29","0","0","46.1","Bridge Constructor Medieval"
"Mario & Luigi: Bowser's Inside Story","2855","Mario & Luigi: Bowser's Inside Story","2063220","44760","1274","3","68","3","0","46.1","Mario & Luigi: Bowser's Inside Story"
"The Binding of Isaac: Afterbirth","2856","The Binding of Isaac: Afterbirth","624061620","13538820","14632","86","19704","1184","25","46.09","The Binding of Isaac: Afterbirth"
"NBA All Net","2857","NBA All Net","33180","720","129","1","3","0","0","46.08","NBA All Net"
"Guilty Gear Xrd -Revelator-","2858","Guilty Gear Xrd -Revelator-","114904680","2494080","131894","63","4222","218","4","46.07","Guilty Gear Xrd -Revelator-"
"Operation C","2859","Operation C","5034660","109320","30367","4","393","9","0","46.05","Operation C"
"Dream","2860","Dream","940980","20460","1291","2","102","1","0","45.99","Dream"
"Never Mind","2861","Never Mind","292320","6360","702","2","24","0","0","45.96","Never Mind"
"River City Super Sports Challenge","2862","River City Super Sports Challenge","498900","10860","599","3","51","0","0","45.94","River City Super Sports Challenge"
"Golden Axe The Duel","2863","Golden Axe The Duel","38580","840","638","1","4","0","0","45.93","Golden Axe The Duel"
"Monopoly","2864","Monopoly","41414640","901980","26195","23","5134","78","1","45.92","Monopoly"
"Metroid: Zero Mission","2865","Metroid: Zero Mission","15945300","347400","139684","10","811","30","0","45.9","Metroid: Zero Mission"
"Socket","2866","Socket","22020","480","364","1","4","0","0","45.88","Socket"
"Bloons TD 5","2867","Bloons TD 5","14586540","318180","4162","7","1368","27","0","45.84","Bloons TD 5"
"BlazBlue: Central Fiction","2868","BlazBlue: Central Fiction","21585720","471000","9720","20","2486","40","0","45.83","BlazBlue: Central Fiction"
"Silent Hill 2","2869","Silent Hill 2","26366100","575580","23948","13","1210","50","1","45.81","Silent Hill 2"
"God of War III","2870","God of War III","14151840","309000","7187","7","6365","26","0","45.8","God of War III"
"Give My Regards to Broad Street","2871","Give My Regards to Broad Street","27480","600","93","1","3","0","0","45.8","Give My Regards to Broad Street"
"Sky Odyssey","2872","Sky Odyssey","74100","1620","215","1","7","0","0","45.74","Sky Odyssey"
"War Wind","2873","War Wind","30180","660","102","1","3","0","0","45.73","War Wind"
"Gruntz","2874","Gruntz","38400","840","153","1","5","0","0","45.71","Gruntz"
"Darkest Dungeon","2875","Darkest Dungeon","394398300","8630580","40249","158","16146","748","16","45.7","Darkest Dungeon"
"007: Tomorrow Never Dies","2876","007: Tomorrow Never Dies","106860","2340","626","1","10","0","0","45.67","007: Tomorrow Never Dies"
"Shadowmatic","2877","Shadowmatic","8220","180","49","1","1","0","0","45.67","Shadowmatic"
"PaRappa the Rapper","2878","PaRappa the Rapper","1537080","33660","6052","4","223","2","0","45.66","PaRappa the Rapper"
"Judgment: Apocalypse Survival Simulation","2879","Judgment: Apocalypse Survival Simulation","933960","20460","1446","2","66","1","0","45.65","Judgment: Apocalypse Survival Simulation"
"Velvet Sundown","2880","Velvet Sundown","353280","7740","5462","3","47","0","0","45.64","Velvet Sundown"
"Jolly Rover","2881","Jolly Rover","13680","300","65","1","1","0","0","45.6","Jolly Rover"
"Obscure","2882","Obscure","1858860","40800","10329","6","222","3","0","45.56","Obscure"
"Rumble Roses XX","2883","Rumble Roses XX","226620","4980","1931","1","14","0","0","45.51","Rumble Roses XX"
"Toshinden","2884","Toshinden","10920","240","177","1","1","0","0","45.5","Toshinden"
"Star Wars: First Assault","2885","Star Wars: First Assault","16380","360","143","1","2","0","0","45.5","Star Wars: First Assault"
"Cosmic Cop","2886","Cosmic Cop","5460","120","49","1","1","0","0","45.5","Cosmic Cop"
"Totems","2887","Totems","5460","120","51","1","1","0","0","45.5","Totems"
"Mafia II","2888","Mafia II","70036980","1541220","21766","45","4932","132","2","45.44","Mafia II"
"Pocketbike Racer","2889","Pocketbike Racer","79020","1740","381","2","9","0","0","45.41","Pocketbike Racer"
"Lennus II: Fuuin no Shito","2890","Lennus II: Fuuin no Shito","122580","2700","88","1","4","0","0","45.4","Lennus II: Fuuin no Shito"
"Hero of the Kingdom","2891","Hero of the Kingdom","389400","8580","3274","1","28","0","0","45.38","Hero of the Kingdom"
"Maniac Mansion: Day of the Tentacle","2892","Maniac Mansion: Day of the Tentacle","6100980","134460","9980","30","499","11","0","45.37","Maniac Mansion: Day of the Tentacle"
"Hotel Mario","2893","Hotel Mario","160620","3540","503","1","19","0","0","45.37","Hotel Mario"
"Dreadnought","2894","Dreadnought","42835500","944340","61103","98","2454","81","1","45.36","Dreadnought"
"Mega Man Xtreme 2","2895","Mega Man Xtreme 2","185040","4080","651","1","18","0","0","45.35","Mega Man Xtreme 2"
"Donkey Kong Country","2896","Donkey Kong Country","25940400","572400","160369","17","2097","49","1","45.32","Donkey Kong Country"
"Police Quest 3: The Kindred","2897","Police Quest 3: The Kindred","203520","4500","867","1","12","0","0","45.23","Police Quest 3: The Kindred"
"Shining Force II","2898","Shining Force II","7455240","164880","5763","5","176","14","0","45.22","Shining Force II"
"D","2899","D","1310580","28980","12074","2","137","2","0","45.22","D"
"Bloodsport","2900","Bloodsport","13560","300","222","1","1","0","0","45.2","Bloodsport"