"","","Game","Watch time","Stream time","Peak viewers","Peak channels","Streamers","Average viewers","Average channels","Average viewer ratio",""
"Teenage Mutant Ninja Turtles: The HyperStone Heist","6001","Teenage Mutant Ninja Turtles: The HyperStone Heist","264120","15720","1311","2","88","0","0","16.8","Teenage Mutant Ninja Turtles: The HyperStone Heist"
"Eufloria","6002","Eufloria","199620","11880","970","1","47","0","0","16.8","Eufloria"
"Infernal","6003","Infernal","32220","1920","182","1","10","0","0","16.78","Infernal"
"Shining Resonance","6004","Shining Resonance","126840","7560","49","1","9","0","0","16.78","Shining Resonance"
"Assembly Line","6005","Assembly Line","9060","540","130","1","6","0","0","16.78","Assembly Line"
"OutRun","6006","OutRun","120720","7200","308","5","39","0","0","16.77","OutRun"
"The Mutant Virus: Crisis in a Computer World","6007","The Mutant Virus: Crisis in a Computer World","13080","780","29","1","1","0","0","16.77","The Mutant Virus: Crisis in a Computer World"
"Bad Mojo Redux","6008","Bad Mojo Redux","76440","4560","180","2","23","0","0","16.76","Bad Mojo Redux"
"Midway Arcade Origins","6009","Midway Arcade Origins","12060","720","36","1","3","0","0","16.75","Midway Arcade Origins"
"The Godfather II","6010","The Godfather II","509580","30420","2290","3","100","0","0","16.75","The Godfather II"
"Foreman for Real","6011","Foreman for Real","4020","240","24","1","2","0","0","16.75","Foreman for Real"
"Micro Machines: Military","6012","Micro Machines: Military","4020","240","29","1","1","0","0","16.75","Micro Machines: Military"
"Fire: Ungh's Quest","6013","Fire: Ungh's Quest","4020","240","23","1","1","0","0","16.75","Fire: Ungh's Quest"
"Letters","6014","Letters","16080","960","32","1","1","0","0","16.75","Letters"
"Battlestation: Harbinger","6015","Battlestation: Harbinger","125520","7500","446","2","37","0","0","16.74","Battlestation: Harbinger"
"All-Pro Football 2K8","6016","All-Pro Football 2K8","529380","31620","108","3","11","1","0","16.74","All-Pro Football 2K8"
"Samorost 2","6017","Samorost 2","133620","7980","439","2","62","0","0","16.74","Samorost 2"
"The Guardian Legend","6018","The Guardian Legend","503040","30060","413","4","77","0","0","16.73","The Guardian Legend"
"Nightmare","6019","Nightmare","49140","2940","374","2","17","0","0","16.71","Nightmare"
"Um Jammer Lammy","6020","Um Jammer Lammy","164400","9840","268","3","55","0","0","16.71","Um Jammer Lammy"
"Ni no Kuni: Wrath of the White Witch","6021","Ni no Kuni: Wrath of the White Witch","4647540","278340","1004","5","304","8","0","16.7","Ni no Kuni: Wrath of the White Witch"
"Predator","6022","Predator","83100","4980","148","3","9","0","0","16.69","Predator"
"Devil's Third","6023","Devil's Third","644760","38640","3027","2","102","1","0","16.69","Devil's Third"
"Championship Pool","6024","Championship Pool","53040","3180","53","1","2","0","0","16.68","Championship Pool"
"Goodbye Deponia","6025","Goodbye Deponia","1837620","110160","571","5","161","3","0","16.68","Goodbye Deponia"
"People's General","6026","People's General","3000","180","50","1","2","0","0","16.67","People's General"
"Soul Bubbles","6027","Soul Bubbles","3000","180","44","1","2","0","0","16.67","Soul Bubbles"
"Monsters in Hell","6028","Monsters in Hell","6000","360","73","1","2","0","0","16.67","Monsters in Hell"
"Hoppin' Mad","6029","Hoppin' Mad","3000","180","28","1","1","0","0","16.67","Hoppin' Mad"
"BursTrick: Wake Boarding!!","6030","BursTrick: Wake Boarding!!","3000","180","18","1","1","0","0","16.67","BursTrick: Wake Boarding!!"
"Stardrift Nomads","6031","Stardrift Nomads","3000","180","26","1","1","0","0","16.67","Stardrift Nomads"
"Quest for Glory V: Dragon Fire","6032","Quest for Glory V: Dragon Fire","60960","3660","216","1","11","0","0","16.66","Quest for Glory V: Dragon Fire"
"Kick-Ass 2","6033","Kick-Ass 2","40980","2460","79","1","10","0","0","16.66","Kick-Ass 2"
"20XX","6034","20XX","3843180","230820","2386","6","925","7","0","16.65","20XX"
"Abatron","6035","Abatron","223800","13440","1289","5","50","0","0","16.65","Abatron"
"SimCity","6036","SimCity","4564920","274320","7302","9","1246","8","0","16.64","SimCity"
"Wonder Project J: Kikai no Shounen Pino","6037","Wonder Project J: Kikai no Shounen Pino","15960","960","97","1","4","0","0","16.63","Wonder Project J: Kikai no Shounen Pino"
"Back to the Future Part II","6038","Back to the Future Part II","29940","1800","451","1","9","0","0","16.63","Back to the Future Part II"
"Bezier","6039","Bezier","12960","780","175","1","5","0","0","16.62","Bezier"
"Trials Fusion","6040","Trials Fusion","47429940","2858760","139440","22","6517","90","5","16.59","Trials Fusion"
"Star Wars: Episode II - Attack of the Clones","6041","Star Wars: Episode II - Attack of the Clones","11940","720","66","1","5","0","0","16.58","Star Wars: Episode II - Attack of the Clones"
"DoomRL","6042","DoomRL","183960","11100","603","3","50","0","0","16.57","DoomRL"
"Digimon Story: Cyber Sleuth","6043","Digimon Story: Cyber Sleuth","16509840","996540","7516","53","8120","31","1","16.57","Digimon Story: Cyber Sleuth"
"Fragile Dreams:  Farewell Ruins of the Moon","6044","Fragile Dreams:  Farewell Ruins of the Moon","252480","15240","205","1","28","0","0","16.57","Fragile Dreams:  Farewell Ruins of the Moon"
"Life Is Strange","6045","Life Is Strange","105988440","6401640","21098","69","26447","201","12","16.56","Life Is Strange"
"Tales of Vesperia","6046","Tales of Vesperia","2772660","167400","1908","4","162","5","0","16.56","Tales of Vesperia"
"Twisted Lands: Shadow Town","6047","Twisted Lands: Shadow Town","15900","960","51","1","2","0","0","16.56","Twisted Lands: Shadow Town"
"Bio F.R.E.A.K.S","6048","Bio F.R.E.A.K.S","10920","660","165","1","3","0","0","16.55","Bio F.R.E.A.K.S"
"Parasite Eve II","6049","Parasite Eve II","2328960","140700","849","4","208","4","0","16.55","Parasite Eve II"
"Deep Dungeons of Doom","6050","Deep Dungeons of Doom","50640","3060","253","2","23","0","0","16.55","Deep Dungeons of Doom"
"Vice: Project Doom","6051","Vice: Project Doom","167760","10140","326","6","51","0","0","16.54","Vice: Project Doom"
"Silence of the Sleep","6052","Silence of the Sleep","526740","31860","496","3","125","0","0","16.53","Silence of the Sleep"
"Diablo II","6053","Diablo II","2101620","127140","6023","4","436","3","0","16.53","Diablo II"
"Gears of War 4","6054","Gears of War 4","280452960","16967520","35497","1239","41291","532","32","16.53","Gears of War 4"
"Shan Gui","6055","Shan Gui","14880","900","148","1","6","0","0","16.53","Shan Gui"
"Starforge","6056","Starforge","89220","5400","710","1","22","0","0","16.52","Starforge"
"Neighbours from Hell 2: On Vacation","6057","Neighbours from Hell 2: On Vacation","88200","5340","192","1","28","0","0","16.52","Neighbours from Hell 2: On Vacation"
"Avenging Spirit","6058","Avenging Spirit","32700","1980","80","1","4","0","0","16.52","Avenging Spirit"
"Dynasty Warriors 6: Empires","6059","Dynasty Warriors 6: Empires","104100","6300","672","1","9","0","0","16.52","Dynasty Warriors 6: Empires"
"Truck Racer","6060","Truck Racer","24780","1500","116","1","5","0","0","16.52","Truck Racer"
"Supreme Destiny","6061","Supreme Destiny","213060","12900","189","2","7","0","0","16.52","Supreme Destiny"
"Epistory","6062","Epistory","1276980","77280","2065","3","321","2","0","16.52","Epistory"
"Portal","6063","Portal","14408400","872820","7953","11","4972","27","1","16.51","Portal"
"SpongeBob SquarePants: SuperSponge","6064","SpongeBob SquarePants: SuperSponge","152580","9240","106","2","31","0","0","16.51","SpongeBob SquarePants: SuperSponge"
"DJ Hero 2","6065","DJ Hero 2","242760","14700","959","2","68","0","0","16.51","DJ Hero 2"
"Chex Quest","6066","Chex Quest","196020","11880","853","4","60","0","0","16.5","Chex Quest"
"Earthworm Jim","6067","Earthworm Jim","1071300","64920","2022","5","341","2","0","16.5","Earthworm Jim"
"Peter Gabriel: Eve","6068","Peter Gabriel: Eve","1980","120","18","1","0","0","0","16.5","Peter Gabriel: Eve"
"EcoQuest: The Search for Cetus","6069","EcoQuest: The Search for Cetus","1980","120","20","1","1","0","0","16.5","EcoQuest: The Search for Cetus"
"Evil Hazard","6070","Evil Hazard","1980","120","19","1","1","0","0","16.5","Evil Hazard"
"WarGames: Defcon 1","6071","WarGames: Defcon 1","5940","360","42","1","3","0","0","16.5","WarGames: Defcon 1"
"Bullet Witch","6072","Bullet Witch","77160","4680","200","1","13","0","0","16.49","Bullet Witch"
"Barbie Fashion Show: Eye for Style","6073","Barbie Fashion Show: Eye for Style","420540","25500","1397","4","80","0","0","16.49","Barbie Fashion Show: Eye for Style"
"Akumajou Special: Boku Dracula-kun!","6074","Akumajou Special: Boku Dracula-kun!","58380","3540","151","1","15","0","0","16.49","Akumajou Special: Boku Dracula-kun!"
"Tinertia","6075","Tinertia","124680","7560","577","2","27","0","0","16.49","Tinertia"
"Sheltered","6076","Sheltered","7716240","467940","6686","14","1587","14","0","16.49","Sheltered"
"Dead Rising 2: Off the Record","6077","Dead Rising 2: Off the Record","4632000","281100","2671","15","1027","8","0","16.48","Dead Rising 2: Off the Record"
"Gothic 3 : Forsaken Gods","6078","Gothic 3 : Forsaken Gods","272940","16560","797","1","34","0","0","16.48","Gothic 3 : Forsaken Gods"
"WWF No Mercy","6079","WWF No Mercy","674940","40980","6236","3","138","1","0","16.47","WWF No Mercy"
"Yandere Simulator","6080","Yandere Simulator","445200","27060","1323","6","276","0","0","16.45","Yandere Simulator"
"Teenage Mutant Ninja Turtles: Mutants in Manhattan","6081","Teenage Mutant Ninja Turtles: Mutants in Manhattan","7398300","449700","5897","41","2082","14","0","16.45","Teenage Mutant Ninja Turtles: Mutants in Manhattan"
"Resident Evil 5","6082","Resident Evil 5","57832260","3518880","9641","167","14839","109","6","16.43","Resident Evil 5"
"Tomb Raider II","6083","Tomb Raider II","4681320","285180","5919","7","415","8","0","16.42","Tomb Raider II"
"Puyo Puyo SUN","6084","Puyo Puyo SUN","23640","1440","110","1","9","0","0","16.42","Puyo Puyo SUN"
"Revival","6085","Revival","21660","1320","51","1","88","0","0","16.41","Revival"
"Freekstyle","6086","Freekstyle","16740","1020","240","1","13","0","0","16.41","Freekstyle"
"Infestation: The New Z","6087","Infestation: The New Z","53991480","3290820","33261","121","5714","102","6","16.41","Infestation: The New Z"
"Caveman World: Mountains of Unga Boonga","6088","Caveman World: Mountains of Unga Boonga","52140","3180","410","3","24","0","0","16.4","Caveman World: Mountains of Unga Boonga"
"Wild Guns Reloaded","6089","Wild Guns Reloaded","229320","13980","945","4","68","0","0","16.4","Wild Guns Reloaded"
"Time Mysteries: The Final Enigma","6090","Time Mysteries: The Final Enigma","56100","3420","216","1","12","0","0","16.4","Time Mysteries: The Final Enigma"
"Dark Arena","6091","Dark Arena","4920","300","42","1","3","0","0","16.4","Dark Arena"
"The Tick","6092","The Tick","90480","5520","116","2","16","0","0","16.39","The Tick"
"Swagman","6093","Swagman","404100","24660","597","2","21","0","0","16.39","Swagman"
"Uncharted 4: A Thief's End","6094","Uncharted 4: A Thief's End","397990080","24297240","102374","739","74154","755","46","16.38","Uncharted 4: A Thief's End"
"Decay: The Mare - Episode 1","6095","Decay: The Mare - Episode 1","324180","19800","1690","2","135","0","0","16.37","Decay: The Mare - Episode 1"
"Kung-Fu Master","6096","Kung-Fu Master","201300","12300","1288","1","40","0","0","16.37","Kung-Fu Master"
"Fury","6097","Fury","63840","3900","244","1","20","0","0","16.37","Fury"
"Lightening Force: Quest for the Darkstar","6098","Lightening Force: Quest for the Darkstar","87360","5340","141","1","26","0","0","16.36","Lightening Force: Quest for the Darkstar"
"Azure Striker Gunvolt 2","6099","Azure Striker Gunvolt 2","310200","18960","990","2","35","0","0","16.36","Azure Striker Gunvolt 2"
"Castlevania Legends","6100","Castlevania Legends","52980","3240","235","1","22","0","0","16.35","Castlevania Legends"