"","","Game","Watch time","Stream time","Peak viewers","Peak channels","Streamers","Average viewers","Average channels","Average viewer ratio",""
"Noitu Love 2: Devolution","8601","Noitu Love 2: Devolution","61020","6660","201","1","35","0","0","9.16","Noitu Love 2: Devolution"
"Xenoblade Chronicles X","8602","Xenoblade Chronicles X","8831040","963600","4918","31","1497","16","1","9.16","Xenoblade Chronicles X"
"Gangland","8603","Gangland","17040","1860","90","2","8","0","0","9.16","Gangland"
"Heroes of Might and Magic II: The Succession Wars","8604","Heroes of Might and Magic II: The Succession Wars","152640","16680","147","2","36","0","0","9.15","Heroes of Might and Magic II: The Succession Wars"
"Orcs Must Die!","8605","Orcs Must Die!","552960","60420","933","5","280","1","0","9.15","Orcs Must Die!"
"Space Engineers","8606","Space Engineers","28205220","3082380","6466","24","5741","53","5","9.15","Space Engineers"
"Tom Clancy's Splinter Cell","8607","Tom Clancy's Splinter Cell","1644000","179700","1995","5","697","3","0","9.15","Tom Clancy's Splinter Cell"
"Napoleon: Total War","8608","Napoleon: Total War","986040","107880","1380","3","380","1","0","9.14","Napoleon: Total War"
"WCW/nWo Revenge","8609","WCW/nWo Revenge","53220","5820","371","2","36","0","0","9.14","WCW/nWo Revenge"
"Days of Thunder","8610","Days of Thunder","3840","420","17","1","2","0","0","9.14","Days of Thunder"
"Space Invaders Extreme 2","8611","Space Invaders Extreme 2","3840","420","20","1","1","0","0","9.14","Space Invaders Extreme 2"
"Elemental Master","8612","Elemental Master","3840","420","32","1","3","0","0","9.14","Elemental Master"
"Rings of Power","8613","Rings of Power","16980","1860","34","1","2","0","0","9.13","Rings of Power"
"Disney Infinity 3.0 Edition","8614","Disney Infinity 3.0 Edition","2358900","258360","1101","11","2006","4","0","9.13","Disney Infinity 3.0 Edition"
"Dragon Ball Z: Super Butoden 3","8615","Dragon Ball Z: Super Butoden 3","4380","480","26","1","5","0","0","9.13","Dragon Ball Z: Super Butoden 3"
"Fire Shark","8616","Fire Shark","17520","1920","23","1","5","0","0","9.13","Fire Shark"
"Yoshi's Island: Super Mario Advance 3","8617","Yoshi's Island: Super Mario Advance 3","159960","17520","349","2","71","0","0","9.13","Yoshi's Island: Super Mario Advance 3"
"Blue Estate","8618","Blue Estate","700260","76680","2663","4","423","1","0","9.13","Blue Estate"
"Age of Empires III","8619","Age of Empires III","2159220","236460","3449","7","1128","4","0","9.13","Age of Empires III"
"Human Baseball","8620","Human Baseball","4380","480","18","1","1","0","0","9.13","Human Baseball"
"Riders of Icarus","8621","Riders of Icarus","18385800","2014620","31938","99","4379","34","3","9.13","Riders of Icarus"
"Sega Genesis Collection","8622","Sega Genesis Collection","750480","82260","4025","7","366","1","0","9.12","Sega Genesis Collection"
"Metroid Prime 3: Corruption","8623","Metroid Prime 3: Corruption","721560","79140","330","3","110","1","0","9.12","Metroid Prime 3: Corruption"
"Ultima Underworld: The Stygian Abyss","8624","Ultima Underworld: The Stygian Abyss","75540","8280","93","1","21","0","0","9.12","Ultima Underworld: The Stygian Abyss"
"Moto Racer","8625","Moto Racer","28440","3120","134","2","15","0","0","9.12","Moto Racer"
"Cryostasis","8626","Cryostasis","186300","20460","248","3","63","0","0","9.11","Cryostasis"
"Batman: Arkham City","8627","Batman: Arkham City","5951640","653520","5443","9","1977","11","1","9.11","Batman: Arkham City"
"Simon the Sorcerer 6: Between Worlds","8628","Simon the Sorcerer 6: Between Worlds","4920","540","15","1","1","0","0","9.11","Simon the Sorcerer 6: Between Worlds"
"Baldur's Gate: Siege of Dragonspear","8629","Baldur's Gate: Siege of Dragonspear","681360","74820","414","7","69","1","0","9.11","Baldur's Gate: Siege of Dragonspear"
"Feel the Snow","8630","Feel the Snow","340680","37440","179","6","137","0","0","9.1","Feel the Snow"
"Hotline Miami 2: Wrong Number","8631","Hotline Miami 2: Wrong Number","6020880","661680","28800","14","3928","11","1","9.1","Hotline Miami 2: Wrong Number"
"Contra: Hard Corps","8632","Contra: Hard Corps","261060","28680","740","3","118","0","0","9.1","Contra: Hard Corps"
"Batman: Arkham Origins Blackgate","8633","Batman: Arkham Origins Blackgate","257280","28260","381","2","102","0","0","9.1","Batman: Arkham Origins Blackgate"
"Full Throttle","8634","Full Throttle","281160","30900","195","2","119","0","0","9.1","Full Throttle"
"Alien Storm","8635","Alien Storm","38220","4200","41","3","17","0","0","9.1","Alien Storm"
"Pinball Fantasies Deluxe","8636","Pinball Fantasies Deluxe","5460","600","41","1","5","0","0","9.1","Pinball Fantasies Deluxe"
"Lion and the King","8637","Lion and the King","10920","1200","80","1","9","0","0","9.1","Lion and the King"
"You Don't Know Jack","8638","You Don't Know Jack","261900","28800","855","3","180","0","0","9.09","You Don't Know Jack"
"Barbie Super Model","8639","Barbie Super Model","600480","66060","1894","3","164","1","0","9.09","Barbie Super Model"
"Theatrhythm Dragon Quest","8640","Theatrhythm Dragon Quest","6000","660","40","1","5","0","0","9.09","Theatrhythm Dragon Quest"
"Sonic the Hedgehog 4: Episode I","8641","Sonic the Hedgehog 4: Episode I","320580","35280","2227","5","188","0","0","9.09","Sonic the Hedgehog 4: Episode I"
"Pro Evolution Soccer 2017","8642","Pro Evolution Soccer 2017","17345880","1908060","13572","78","3801","32","3","9.09","Pro Evolution Soccer 2017"
"Stardust Galaxy Warriors","8643","Stardust Galaxy Warriors","60000","6600","107","3","26","0","0","9.09","Stardust Galaxy Warriors"
"ZomBees - Bee The Swarm","8644","ZomBees - Bee The Swarm","6540","720","19","1","3","0","0","9.08","ZomBees - Bee The Swarm"
"To Be or Not To Be","8645","To Be or Not To Be","20700","2280","105","2","14","0","0","9.08","To Be or Not To Be"
"Devil May Cry 4: Special Edition","8646","Devil May Cry 4: Special Edition","14152740","1560840","122434","23","5990","26","2","9.07","Devil May Cry 4: Special Edition"
"Perfect World","8647","Perfect World","12796800","1410600","1054","13","1174","24","2","9.07","Perfect World"
"Destiny","8648","Destiny","4602292320","507402300","234438","5970","369032","8733","962","9.07","Destiny"
"Drakengard","8649","Drakengard","263880","29100","362","2","56","0","0","9.07","Drakengard"
"Vampire: The Masquerade","8650","Vampire: The Masquerade","146940","16200","195","2","17","0","0","9.07","Vampire: The Masquerade"
"Sky Break","8651","Sky Break","61440","6780","85","2","48","0","0","9.06","Sky Break"
"7.62mm","8652","7.62mm","16860","1860","149","1","11","0","0","9.06","7.62mm"
"Alan Wake's American Nightmare","8653","Alan Wake's American Nightmare","855660","94440","952","5","455","1","0","9.06","Alan Wake's American Nightmare"
"Professional Farmer 2014","8654","Professional Farmer 2014","28800","3180","74","1","23","0","0","9.06","Professional Farmer 2014"
"Democracy","8655","Democracy","8700","960","23","1","3","0","0","9.06","Democracy"
"Mighty Switch Force! Academy","8656","Mighty Switch Force! Academy","8700","960","45","1","5","0","0","9.06","Mighty Switch Force! Academy"
"NCAA Football 11","8657","NCAA Football 11","57540","6360","57","1","7","0","0","9.05","NCAA Football 11"
"Video Hustler","8658","Video Hustler","35280","3900","75","1","14","0","0","9.05","Video Hustler"
"Tetris 2","8659","Tetris 2","74400","8220","75","4","36","0","0","9.05","Tetris 2"
"War Thunder","8660","War Thunder","143949900","15912840","17606","84","27413","273","30","9.05","War Thunder"
"Kingdom Hearts","8661","Kingdom Hearts","7042140","777780","1883","9","1946","13","1","9.05","Kingdom Hearts"
"Universe Sandbox²","8662","Universe Sandbox²","731160","80820","2070","3","499","1","0","9.05","Universe Sandbox²"
"Cooking Academy: Fire and Knives","8663","Cooking Academy: Fire and Knives","11400","1260","26","1","5","0","0","9.05","Cooking Academy: Fire and Knives"
"Last Alert","8664","Last Alert","254400","28140","2669","3","65","0","0","9.04","Last Alert"
"Armored Warfare","8665","Armored Warfare","43659780","4831200","1988","56","5300","82","9","9.04","Armored Warfare"
"Dark Age of Camelot","8666","Dark Age of Camelot","7970640","882000","5116","12","566","15","1","9.04","Dark Age of Camelot"
"Backgammon","8667","Backgammon","220680","24420","741","3","35","0","0","9.04","Backgammon"
"Mighty No. 9: Ganbare! Beck","8668","Mighty No. 9: Ganbare! Beck","29820","3300","133","2","24","0","0","9.04","Mighty No. 9: Ganbare! Beck"
"Cubot","8669","Cubot","42840","4740","239","2","33","0","0","9.04","Cubot"
"Lords of Football","8670","Lords of Football","18420","2040","304","1","10","0","0","9.03","Lords of Football"
"Robopon 2: Cross/Ring Version","8671","Robopon 2: Cross/Ring Version","15720","1740","39","1","3","0","0","9.03","Robopon 2: Cross/Ring Version"
"The New Tetris","8672","The New Tetris","65040","7200","231","2","21","0","0","9.03","The New Tetris"
"Metamorphic Force","8673","Metamorphic Force","17340","1920","139","1","11","0","0","9.03","Metamorphic Force"
"Guitar Hero II","8674","Guitar Hero II","263340","29160","423","3","134","0","0","9.03","Guitar Hero II"
"Smart Ball","8675","Smart Ball","105120","11640","299","2","19","0","0","9.03","Smart Ball"
".hack//G.U. Vol. 1: Rebirth","8676",".hack//G.U. Vol. 1: Rebirth","826320","91500","424","4","157","1","0","9.03",".hack//G.U. Vol. 1: Rebirth"
"Roguelands","8677","Roguelands","2189640","242700","7582","9","972","4","0","9.02","Roguelands"
"Warhammer 40,000: Dawn of War - Winter Assault","8678","Warhammer 40,000: Dawn of War - Winter Assault","139440","15480","456","2","54","0","0","9.01","Warhammer 40,000: Dawn of War - Winter Assault"
"Shadow Hearts: From the New World","8679","Shadow Hearts: From the New World","333420","37020","125","3","32","0","0","9.01","Shadow Hearts: From the New World"
"Broken Sword: The Angel of Death","8680","Broken Sword: The Angel of Death","132360","14700","106","2","23","0","0","9","Broken Sword: The Angel of Death"
"Traffic Manager","8681","Traffic Manager","3240","360","16","1","1","0","0","9","Traffic Manager"
"Alice no Paint Adventure","8682","Alice no Paint Adventure","540","60","11","1","1","0","0","9","Alice no Paint Adventure"
"Box Out!","8683","Box Out!","1620","180","27","1","3","0","0","9","Box Out!"
"Heroes of Might and Magic IV: The Gathering Storm","8684","Heroes of Might and Magic IV: The Gathering Storm","3240","360","27","1","2","0","0","9","Heroes of Might and Magic IV: The Gathering Storm"
"Beach Volley","8685","Beach Volley","540","60","10","1","1","0","0","9","Beach Volley"
"Totally Spies! 2: Undercover","8686","Totally Spies! 2: Undercover","1620","180","10","1","1","0","0","9","Totally Spies! 2: Undercover"
"Superfrog","8687","Superfrog","4320","480","32","1","2","0","0","9","Superfrog"
"Din's Curse","8688","Din's Curse","22140","2460","50","1","11","0","0","9","Din's Curse"
"Hockey League Simulator","8689","Hockey League Simulator","11340","1260","30","1","2","0","0","9","Hockey League Simulator"
"Shooting Range","8690","Shooting Range","6480","720","40","1","4","0","0","9","Shooting Range"
"Venus Project","8691","Venus Project","1080","120","12","1","1","0","0","9","Venus Project"
"Munch Man","8692","Munch Man","540","60","10","1","1","0","0","9","Munch Man"
"Motorhead","8693","Motorhead","540","60","9","1","1","0","0","9","Motorhead"
"Leatherneck","8694","Leatherneck","1080","120","10","1","1","0","0","9","Leatherneck"
"Elysion","8695","Elysion","540","60","9","1","1","0","0","9","Elysion"
"World Soccer '94: Road to Glory","8696","World Soccer '94: Road to Glory","540","60","9","1","1","0","0","9","World Soccer '94: Road to Glory"
"Romance of the Three Kingdoms VI: Awakening of the Dragon","8697","Romance of the Three Kingdoms VI: Awakening of the Dragon","1080","120","20","1","1","0","0","9","Romance of the Three Kingdoms VI: Awakening of the Dragon"
"Advanced Dungeons & Dragons: Slayer","8698","Advanced Dungeons & Dragons: Slayer","1080","120","17","1","2","0","0","9","Advanced Dungeons & Dragons: Slayer"
"Princess Natasha: Student • Secret Agent • Princess","8699","Princess Natasha: Student • Secret Agent • Princess","1080","120","12","1","2","0","0","9","Princess Natasha: Student • Secret Agent • Princess"
"Song Summoner: The Unsung Heroes","8700","Song Summoner: The Unsung Heroes","540","60","9","1","1","0","0","9","Song Summoner: The Unsung Heroes"