"","","Game","Watch time","Stream time","Peak viewers","Peak channels","Streamers","Average viewers","Average channels","Average viewer ratio",""
"Ripley's Believe It or Not!: The Riddle of Master Lu","8501","Ripley's Believe It or Not!: The Riddle of Master Lu","1680","180","15","1","1","0","0","9.33","Ripley's Believe It or Not!: The Riddle of Master Lu"
"Shadows: Price For Our Sins","8502","Shadows: Price For Our Sins","16800","1800","40","1","4","0","0","9.33","Shadows: Price For Our Sins"
"Drip Drip","8503","Drip Drip","3360","360","20","1","2","0","0","9.33","Drip Drip"
"Scooby-Doo!: Mystery of the Fun Park Phantom","8504","Scooby-Doo!: Mystery of the Fun Park Phantom","1680","180","13","1","1","0","0","9.33","Scooby-Doo!: Mystery of the Fun Park Phantom"
"Kreed: Battle for Savitar","8505","Kreed: Battle for Savitar","3360","360","37","1","1","0","0","9.33","Kreed: Battle for Savitar"
"Safari Photo Africa: Wild Earth","8506","Safari Photo Africa: Wild Earth","1680","180","13","1","1","0","0","9.33","Safari Photo Africa: Wild Earth"
"Mobile Suit Gundam: Extreme Vs. Maxi Boost","8507","Mobile Suit Gundam: Extreme Vs. Maxi Boost","36360","3900","60","1","12","0","0","9.32","Mobile Suit Gundam: Extreme Vs. Maxi Boost"
"Wing Commander","8508","Wing Commander","96180","10320","117","1","30","0","0","9.32","Wing Commander"
"Commodore","8509","Commodore","53700","5760","30","1","15","0","0","9.32","Commodore"
"Gigantic","8510","Gigantic","15036600","1612980","10798","54","4537","28","3","9.32","Gigantic"
"The Elder Scrolls Online","8511","The Elder Scrolls Online","266124000","28565760","8507","154","52222","504","54","9.32","The Elder Scrolls Online"
"Infinifactory","8512","Infinifactory","1062840","114000","796","4","332","2","0","9.32","Infinifactory"
"The Sims: Bustin' Out","8513","The Sims: Bustin' Out","164760","17700","205","2","46","0","0","9.31","The Sims: Bustin' Out"
"Legacy of Kain: Defiance","8514","Legacy of Kain: Defiance","344220","36960","1217","3","79","0","0","9.31","Legacy of Kain: Defiance"
"Rayman 3: Hoodlum Havoc","8515","Rayman 3: Hoodlum Havoc","1263060","135660","555","4","220","2","0","9.31","Rayman 3: Hoodlum Havoc"
"Dead Rising 3","8516","Dead Rising 3","14352840","1541400","3590","19","6866","27","2","9.31","Dead Rising 3"
"Hunted: The Demon's Forge","8517","Hunted: The Demon's Forge","159180","17100","1283","3","72","0","0","9.31","Hunted: The Demon's Forge"
"Eye of the Beholder III: Assault on Myth Drannor","8518","Eye of the Beholder III: Assault on Myth Drannor","34080","3660","88","1","6","0","0","9.31","Eye of the Beholder III: Assault on Myth Drannor"
"Yoru no Nai Kuni","8519","Yoru no Nai Kuni","148080","15900","247","2","32","0","0","9.31","Yoru no Nai Kuni"
"Hive","8520","Hive","16200","1740","60","1","9","0","0","9.31","Hive"
"Rocket Power: Team Rocket Rescue","8521","Rocket Power: Team Rocket Rescue","30180","3240","98","1","9","0","0","9.31","Rocket Power: Team Rocket Rescue"
"Space Run Galaxy","8522","Space Run Galaxy","73140","7860","158","1","29","0","0","9.31","Space Run Galaxy"
"Mesel","8523","Mesel","5580","600","22","1","10","0","0","9.3","Mesel"
"Descent II: Vertigo Series","8524","Descent II: Vertigo Series","5580","600","24","1","1","0","0","9.3","Descent II: Vertigo Series"
"Street Warriors Online","8525","Street Warriors Online","60240","6480","329","4","62","0","0","9.3","Street Warriors Online"
"Porky Pig's Haunted Holiday","8526","Porky Pig's Haunted Holiday","51360","5520","137","2","20","0","0","9.3","Porky Pig's Haunted Holiday"
"Samurai Siege","8527","Samurai Siege","44100","4740","53","2","13","0","0","9.3","Samurai Siege"
"OutRun 2006: Coast 2 Coast","8528","OutRun 2006: Coast 2 Coast","146040","15720","1963","2","62","0","0","9.29","OutRun 2006: Coast 2 Coast"
"LEGO Star Wars: The Video Game","8529","LEGO Star Wars: The Video Game","642540","69180","1310","4","117","1","0","9.29","LEGO Star Wars: The Video Game"
"Dark Cloud 2","8530","Dark Cloud 2","2942580","316740","7356","8","1644","5","0","9.29","Dark Cloud 2"
"Mother","8531","Mother","633300","68160","728","3","177","1","0","9.29","Mother"
"Sara Is Missing","8532","Sara Is Missing","119880","12900","274","3","108","0","0","9.29","Sara Is Missing"
"Tokyo Bus Guide 2","8533","Tokyo Bus Guide 2","7800","840","28","1","3","0","0","9.29","Tokyo Bus Guide 2"
"Toukiden 2","8534","Toukiden 2","1261440","135960","275","9","149","2","0","9.28","Toukiden 2"
"Geometry Dash","8535","Geometry Dash","97535100","10514400","3784","62","12452","185","19","9.28","Geometry Dash"
"Borderlands","8536","Borderlands","15658260","1689900","6185","31","5006","29","3","9.27","Borderlands"
"The Book of Unwritten Tales","8537","The Book of Unwritten Tales","645180","69600","274","3","108","1","0","9.27","The Book of Unwritten Tales"
"Road Redemption","8538","Road Redemption","368820","39780","4796","3","207","0","0","9.27","Road Redemption"
"Rockman EXE Operate Shooting Star","8539","Rockman EXE Operate Shooting Star","32820","3540","50","1","10","0","0","9.27","Rockman EXE Operate Shooting Star"
"Candy Crush Saga","8540","Candy Crush Saga","208800","22560","936","2","109","0","0","9.26","Candy Crush Saga"
"Fire Emblem: Radiant Dawn","8541","Fire Emblem: Radiant Dawn","1624080","175320","559","5","179","3","0","9.26","Fire Emblem: Radiant Dawn"
"Super Dungeon Tactics","8542","Super Dungeon Tactics","26100","2820","134","2","13","0","0","9.26","Super Dungeon Tactics"
"Dragon Ball Kai: Ultimate Butouden","8543","Dragon Ball Kai: Ultimate Butouden","2220","240","13","1","2","0","0","9.25","Dragon Ball Kai: Ultimate Butouden"
"Cake Mania: Main Street","8544","Cake Mania: Main Street","2220","240","14","1","1","0","0","9.25","Cake Mania: Main Street"
"Tetris Elements","8545","Tetris Elements","2220","240","17","1","1","0","0","9.25","Tetris Elements"
"The Shield: The Game","8546","The Shield: The Game","2220","240","15","1","1","0","0","9.25","The Shield: The Game"
"Nicktoons: Freeze Frame Frenzy","8547","Nicktoons: Freeze Frame Frenzy","2220","240","16","1","2","0","0","9.25","Nicktoons: Freeze Frame Frenzy"
"Jingai Makyou","8548","Jingai Makyou","2220","240","13","1","1","0","0","9.25","Jingai Makyou"
"Battle Engine Aquila","8549","Battle Engine Aquila","11100","1200","101","1","5","0","0","9.25","Battle Engine Aquila"
"The Big Lebowski Pinball","8550","The Big Lebowski Pinball","2220","240","16","1","1","0","0","9.25","The Big Lebowski Pinball"
"Atelier Shallie: Alchemists of the Dusk Sea","8551","Atelier Shallie: Alchemists of the Dusk Sea","302880","32760","256","2","30","0","0","9.25","Atelier Shallie: Alchemists of the Dusk Sea"
"Enter the Matrix","8552","Enter the Matrix","117060","12660","160","2","53","0","0","9.25","Enter the Matrix"
"Paint it Back","8553","Paint it Back","169860","18360","91","3","47","0","0","9.25","Paint it Back"
"The Kingdom of Loathing","8554","The Kingdom of Loathing","89940","9720","316","1","7","0","0","9.25","The Kingdom of Loathing"
"Dynasty Warriors","8555","Dynasty Warriors","284820","30780","1585","2","11","0","0","9.25","Dynasty Warriors"
"Chocobo's Dungeon 2","8556","Chocobo's Dungeon 2","98760","10680","189","2","28","0","0","9.25","Chocobo's Dungeon 2"
"Jigoku Shoujo: Akekazura","8557","Jigoku Shoujo: Akekazura","4440","480","19","1","4","0","0","9.25","Jigoku Shoujo: Akekazura"
"Desperados: Wanted Dead or Alive","8558","Desperados: Wanted Dead or Alive","130920","14160","517","2","40","0","0","9.25","Desperados: Wanted Dead or Alive"
"President Elect: 1988 Edition","8559","President Elect: 1988 Edition","2220","240","20","1","2","0","0","9.25","President Elect: 1988 Edition"
"Rising Zan: The Samurai Gunman","8560","Rising Zan: The Samurai Gunman","25500","2760","89","1","12","0","0","9.24","Rising Zan: The Samurai Gunman"
"The Legend of Spyro: The Eternal Night","8561","The Legend of Spyro: The Eternal Night","64320","6960","77","1","23","0","0","9.24","The Legend of Spyro: The Eternal Night"
"Cthulhu Saves the World","8562","Cthulhu Saves the World","398700","43140","802","3","153","0","0","9.24","Cthulhu Saves the World"
"Kingdom Hearts: Chain of Memories","8563","Kingdom Hearts: Chain of Memories","446820","48360","1068","2","110","0","0","9.24","Kingdom Hearts: Chain of Memories"
"TrackMania Nations Forever","8564","TrackMania Nations Forever","2916600","315960","1037","10","1580","5","0","9.23","TrackMania Nations Forever"
"Barnyard","8565","Barnyard","81960","8880","325","2","33","0","0","9.23","Barnyard"
"SimCity 3000","8566","SimCity 3000","33240","3600","79","2","15","0","0","9.23","SimCity 3000"
"Tail Gator","8567","Tail Gator","7200","780","30","1","3","0","0","9.23","Tail Gator"
"Phobia","8568","Phobia","14940","1620","180","2","12","0","0","9.22","Phobia"
"Stubbs the Zombie in Rebel Without a Pulse","8569","Stubbs the Zombie in Rebel Without a Pulse","80220","8700","74","2","31","0","0","9.22","Stubbs the Zombie in Rebel Without a Pulse"
"Kirby's Avalanche","8570","Kirby's Avalanche","106260","11520","262","8","69","0","0","9.22","Kirby's Avalanche"
"Klonoa 2: Lunatea's Veil","8571","Klonoa 2: Lunatea's Veil","594360","64440","126","4","65","1","0","9.22","Klonoa 2: Lunatea's Veil"
"Marvel Heroes 2016","8572","Marvel Heroes 2016","4444980","481980","8755","10","1360","8","0","9.22","Marvel Heroes 2016"
"FIFA Street 2","8573","FIFA Street 2","18240","1980","226","1","17","0","0","9.21","FIFA Street 2"
"Star Wars: Battlefront III","8574","Star Wars: Battlefront III","487920","52980","3929","10","394","0","0","9.21","Star Wars: Battlefront III"
"Ghosts","8575","Ghosts","89460","9720","213","2","49","0","0","9.2","Ghosts"
"Zombie Revenge","8576","Zombie Revenge","84480","9180","215","1","38","0","0","9.2","Zombie Revenge"
"Tetris DX","8577","Tetris DX","65700","7140","857","1","29","0","0","9.2","Tetris DX"
"Jesus of Nazareth","8578","Jesus of Nazareth","13800","1500","67","1","8","0","0","9.2","Jesus of Nazareth"
"Power Instinct","8579","Power Instinct","5520","600","35","1","2","0","0","9.2","Power Instinct"
"Radia Senki: Reimeihen","8580","Radia Senki: Reimeihen","5520","600","38","1","2","0","0","9.2","Radia Senki: Reimeihen"
"Gambler Jiko Chuushinha: Mahjong Kouisen","8581","Gambler Jiko Chuushinha: Mahjong Kouisen","2760","300","14","1","1","0","0","9.2","Gambler Jiko Chuushinha: Mahjong Kouisen"
"The Challenge","8582","The Challenge","11580","1260","49","1","9","0","0","9.19","The Challenge"
"Momodora","8583","Momodora","266940","29040","2708","3","116","0","0","9.19","Momodora"
"UFO: Aftermath","8584","UFO: Aftermath","53460","5820","200","2","13","0","0","9.19","UFO: Aftermath"
"Redneck Rampage: Suckin' Grits on Route 66","8585","Redneck Rampage: Suckin' Grits on Route 66","20400","2220","85","1","4","0","0","9.19","Redneck Rampage: Suckin' Grits on Route 66"
"World of Tanks Blitz","8586","World of Tanks Blitz","9636180","1048440","6615","19","1626","18","1","9.19","World of Tanks Blitz"
"Guise Of The Wolf","8587","Guise Of The Wolf","24780","2700","62","1","13","0","0","9.18","Guise Of The Wolf"
"Defender of the Crown","8588","Defender of the Crown","12120","1320","44","1","4","0","0","9.18","Defender of the Crown"
"World Cup 98","8589","World Cup 98","9360","1020","55","1","3","0","0","9.18","World Cup 98"
"Langrisser V: The End of Legend","8590","Langrisser V: The End of Legend","95340","10380","56","1","5","0","0","9.18","Langrisser V: The End of Legend"
"Spectral Vs Generation","8591","Spectral Vs Generation","6600","720","54","1","4","0","0","9.17","Spectral Vs Generation"
"'Splosion Man","8592","'Splosion Man","16500","1800","69","1","19","0","0","9.17","'Splosion Man"
"Leisure Suit Larry Goes Looking for Love (In Several Wrong Places)","8593","Leisure Suit Larry Goes Looking for Love (In Several Wrong Places)","19260","2100","39","1","7","0","0","9.17","Leisure Suit Larry Goes Looking for Love (In Several Wrong Places)"
"Bulk Slash","8594","Bulk Slash","3300","360","20","1","2","0","0","9.17","Bulk Slash"
"Klonoa: Empire of Dreams","8595","Klonoa: Empire of Dreams","208560","22740","354","3","30","0","0","9.17","Klonoa: Empire of Dreams"
"Dragon Riders: Chronicles of Pern","8596","Dragon Riders: Chronicles of Pern","3300","360","55","1","3","0","0","9.17","Dragon Riders: Chronicles of Pern"
"Cataclysm: Dark Days Ahead","8597","Cataclysm: Dark Days Ahead","1990560","216960","877","4","208","3","0","9.17","Cataclysm: Dark Days Ahead"
"GreenFace","8598","GreenFace","3300","360","16","1","1","0","0","9.17","GreenFace"
"Legions","8599","Legions","6600","720","34","1","4","0","0","9.17","Legions"
"RaceRoom Racing Experience","8600","RaceRoom Racing Experience","2309100","252120","701","8","686","4","0","9.16","RaceRoom Racing Experience"