"","","Game","Watch time","Stream time","Peak viewers","Peak channels","Streamers","Average viewers","Average channels","Average viewer ratio",""
"Might and Magic VII: For Blood and Honor","4101","Might and Magic VII: For Blood and Honor","1351020","46560","1593","3","67","2","0","29.02","Might and Magic VII: For Blood and Honor"
"Rampage Knights","4102","Rampage Knights","4659960","160680","11805","4","645","8","0","29","Rampage Knights"
"UFC: Sudden Impact","4103","UFC: Sudden Impact","1740","60","36","1","1","0","0","29","UFC: Sudden Impact"
"Dangerous High School Girls In Trouble!","4104","Dangerous High School Girls In Trouble!","5220","180","32","1","1","0","0","29","Dangerous High School Girls In Trouble!"
"SimCity 2000 Network Edition","4105","SimCity 2000 Network Edition","6960","240","32","1","1","0","0","29","SimCity 2000 Network Edition"
"Mission Critical","4106","Mission Critical","31320","1080","54","1","2","0","0","29","Mission Critical"
"Hexplore","4107","Hexplore","1740","60","30","1","1","0","0","29","Hexplore"
"You Don't Know Jack Sports","4108","You Don't Know Jack Sports","3480","120","33","1","1","0","0","29","You Don't Know Jack Sports"
"Exit 2","4109","Exit 2","1740","60","29","1","1","0","0","29","Exit 2"
"Ironclads: American Civil War","4110","Ironclads: American Civil War","3480","120","31","1","1","0","0","29","Ironclads: American Civil War"
"ISLANDS: Non-Places","4111","ISLANDS: Non-Places","5220","180","38","1","1","0","0","29","ISLANDS: Non-Places"
"Ninja Hattori-kun","4112","Ninja Hattori-kun","5220","180","49","1","1","0","0","29","Ninja Hattori-kun"
"Fate","4113","Fate","5907480","203880","1492","6","212","11","0","28.98","Fate"
"Alone in the Dark 2","4114","Alone in the Dark 2","81660","2820","113","1","10","0","0","28.96","Alone in the Dark 2"
"Street Rod","4115","Street Rod","76440","2640","373","1","7","0","0","28.95","Street Rod"
"Tom Clancy's Splinter Cell: Blacklist","4116","Tom Clancy's Splinter Cell: Blacklist","11381160","393240","89234","10","1608","21","0","28.94","Tom Clancy's Splinter Cell: Blacklist"
"Offworld Trading Company","4117","Offworld Trading Company","5243520","181260","18719","8","514","9","0","28.93","Offworld Trading Company"
"Tiny Thief","4118","Tiny Thief","57240","1980","658","2","5","0","0","28.91","Tiny Thief"
"Violent Storm","4119","Violent Storm","50280","1740","239","1","9","0","0","28.9","Violent Storm"
"Blade Arcus from Shining","4120","Blade Arcus from Shining","526860","18240","1605","4","58","0","0","28.88","Blade Arcus from Shining"
"Guitar Hero 5","4121","Guitar Hero 5","357000","12360","1655","2","80","0","0","28.88","Guitar Hero 5"
"Metal Gear Rising: Revengeance","4122","Metal Gear Rising: Revengeance","19518180","676020","6258","11","2498","37","1","28.87","Metal Gear Rising: Revengeance"
"Guitar Hero Live","4123","Guitar Hero Live","19342320","670140","6339","10","1220","36","1","28.86","Guitar Hero Live"
"Action Henk","4124","Action Henk","3008040","104280","15667","4","346","5","0","28.85","Action Henk"
"Stick It to the Man!","4125","Stick It to the Man!","737220","25560","3077","3","110","1","0","28.84","Stick It to the Man!"
"Emily Wants to Play","4126","Emily Wants to Play","17798760","617400","25153","25","5878","33","1","28.83","Emily Wants to Play"
"Gunmetal","4127","Gunmetal","20760","720","138","1","4","0","0","28.83","Gunmetal"
"BattleForge","4128","BattleForge","437520","15180","578","4","11","0","0","28.82","BattleForge"
"Tetris Giant","4129","Tetris Giant","25920","900","328","1","5","0","0","28.8","Tetris Giant"
"Pokémon Pinball: Ruby & Sapphire","4130","Pokémon Pinball: Ruby & Sapphire","772500","26820","1561","2","114","1","0","28.8","Pokémon Pinball: Ruby & Sapphire"
"E.V.O.: Search for Eden","4131","E.V.O.: Search for Eden","1058820","36780","1602","3","83","2","0","28.79","E.V.O.: Search for Eden"
"The Simpsons","4132","The Simpsons","67380","2340","227","1","17","0","0","28.79","The Simpsons"
"Discworld II: Mortality Bytes!","4133","Discworld II: Mortality Bytes!","144900","5040","222","1","11","0","0","28.75","Discworld II: Mortality Bytes!"
"John Madden Duo CD Football","4134","John Madden Duo CD Football","6900","240","35","1","1","0","0","28.75","John Madden Duo CD Football"
"Kingdom: The Far Reaches","4135","Kingdom: The Far Reaches","20700","720","53","1","1","0","0","28.75","Kingdom: The Far Reaches"
"Blood Bowl 2","4136","Blood Bowl 2","50529720","1757880","9557","18","1936","95","3","28.74","Blood Bowl 2"
"Oh No! More Lemmings","4137","Oh No! More Lemmings","46560","1620","121","1","3","0","0","28.74","Oh No! More Lemmings"
"Lone Survivor","4138","Lone Survivor","1703220","59280","7207","4","288","3","0","28.73","Lone Survivor"
"The Settlers II: 10th Anniversary","4139","The Settlers II: 10th Anniversary","198180","6900","971","2","31","0","0","28.72","The Settlers II: 10th Anniversary"
"Laura Bow 2: The Dagger of Amon-Ra","4140","Laura Bow 2: The Dagger of Amon-Ra","41340","1440","93","1","5","0","0","28.71","Laura Bow 2: The Dagger of Amon-Ra"
"Mata Nui Online Game","4141","Mata Nui Online Game","41340","1440","729","1","10","0","0","28.71","Mata Nui Online Game"
"Dungeon Hearts","4142","Dungeon Hearts","39600","1380","147","1","12","0","0","28.7","Dungeon Hearts"
"Interview","4143","Interview","149820","5220","234","2","16","0","0","28.7","Interview"
"Cars","4144","Cars","404640","14100","1405","3","53","0","0","28.7","Cars"
"Dead Rising","4145","Dead Rising","26383260","919140","14057","83","2793","50","1","28.7","Dead Rising"
"Neverending Nightmares","4146","Neverending Nightmares","2828700","98640","11199","8","597","5","0","28.68","Neverending Nightmares"
"Farming Giant","4147","Farming Giant","18900","660","207","1","4","0","0","28.64","Farming Giant"
"Seaman","4148","Seaman","152880","5340","103","1","14","0","0","28.63","Seaman"
"Caster","4149","Caster","207780","7260","857","3","54","0","0","28.62","Caster"
"Decay: The Mare - Episode 2","4150","Decay: The Mare - Episode 2","144240","5040","582","1","29","0","0","28.62","Decay: The Mare - Episode 2"
"Experiment 12","4151","Experiment 12","22320","780","123","1","5","0","0","28.62","Experiment 12"
"Stuart Little: The Journey Home","4152","Stuart Little: The Journey Home","22320","780","62","1","3","0","0","28.62","Stuart Little: The Journey Home"
"Nickelodeon Party Blast","4153","Nickelodeon Party Blast","22320","780","170","1","4","0","0","28.62","Nickelodeon Party Blast"
"We Are The Dwarves","4154","We Are The Dwarves","312540","10920","2881","3","61","0","0","28.62","We Are The Dwarves"
"MotoGP","4155","MotoGP","56640","1980","434","1","10","0","0","28.61","MotoGP"
"LEGO Star Wars: The Force Awakens","4156","LEGO Star Wars: The Force Awakens","10909860","381480","29338","59","2757","20","0","28.6","LEGO Star Wars: The Force Awakens"
"Sly 2: Band of Thieves","4157","Sly 2: Band of Thieves","5324940","186360","2946","4","241","10","0","28.57","Sly 2: Band of Thieves"
"Wonder Boy III: The Dragon's Trap","4158","Wonder Boy III: The Dragon's Trap","873480","30600","2356","2","58","1","0","28.55","Wonder Boy III: The Dragon's Trap"
"Guardians of Atlas","4159","Guardians of Atlas","1147260","40200","1544","13","95","2","0","28.54","Guardians of Atlas"
"Drancia","4160","Drancia","3420","120","35","1","1","0","0","28.5","Drancia"
"Sven Zwø","4161","Sven Zwø","10260","360","55","1","2","0","0","28.5","Sven Zwø"
"Mega Man Battle Network 2","4162","Mega Man Battle Network 2","1565760","54960","1144","3","80","2","0","28.49","Mega Man Battle Network 2"
"Dead Space","4163","Dead Space","60929580","2139540","11380","58","8030","115","4","28.48","Dead Space"
"Sonic the Hedgehog: Triple Trouble","4164","Sonic the Hedgehog: Triple Trouble","167400","5880","484","7","25","0","0","28.47","Sonic the Hedgehog: Triple Trouble"
"Nancy Drew: Alibi in Ashes","4165","Nancy Drew: Alibi in Ashes","193020","6780","339","1","18","0","0","28.47","Nancy Drew: Alibi in Ashes"
"The Dwarves","4166","The Dwarves","2168100","76260","4120","18","308","4","0","28.43","The Dwarves"
"Muppet RaceMania","4167","Muppet RaceMania","163740","5760","105","1","14","0","0","28.43","Muppet RaceMania"
"Trashmania","4168","Trashmania","17040","600","81","1","2","0","0","28.4","Trashmania"
"Silence: The Whispered World 2","4169","Silence: The Whispered World 2","907800","31980","548","13","121","1","0","28.39","Silence: The Whispered World 2"
"Vegas Stakes","4170","Vegas Stakes","103920","3660","714","1","20","0","0","28.39","Vegas Stakes"
"Pokémon Stadium","4171","Pokémon Stadium","7924620","279240","9880","5","712","15","0","28.38","Pokémon Stadium"
"Devil May Cry","4172","Devil May Cry","3000120","105720","6004","3","366","5","0","28.38","Devil May Cry"
"1941: Counter Attack","4173","1941: Counter Attack","13620","480","115","1","3","0","0","28.38","1941: Counter Attack"
"Monty Python & The Quest for the Holy Grail","4174","Monty Python & The Quest for the Holy Grail","27240","960","108","1","4","0","0","28.38","Monty Python & The Quest for the Holy Grail"
"Myth","4175","Myth","61260","2160","262","1","3","0","0","28.36","Myth"
"Panic in Nakayoshi World","4176","Panic in Nakayoshi World","5100","180","53","1","2","0","0","28.33","Panic in Nakayoshi World"
"Monster Trucks Nitro","4177","Monster Trucks Nitro","5100","180","48","1","1","0","0","28.33","Monster Trucks Nitro"
"Papers, Please","4178","Papers, Please","15265620","539040","8481","10","3530","28","1","28.32","Papers, Please"
"Crash Time II","4179","Crash Time II","93360","3300","789","1","19","0","0","28.29","Crash Time II"
"Game Boy Advance Video: Teenage Mutant Ninja Turtles - Things Change","4180","Game Boy Advance Video: Teenage Mutant Ninja Turtles - Things Change","11880","420","165","1","3","0","0","28.29","Game Boy Advance Video: Teenage Mutant Ninja Turtles - Things Change"
"Worms Ultimate Mayhem","4181","Worms Ultimate Mayhem","1162320","41100","9647","3","214","2","0","28.28","Worms Ultimate Mayhem"
"Dark Souls","4182","Dark Souls","595714140","21062460","23491","207","32839","1130","39","28.28","Dark Souls"
"Arslan Senki x Musou","4183","Arslan Senki x Musou","1248960","44160","20669","5","161","2","0","28.28","Arslan Senki x Musou"
"Romance of the Three Kingdoms VIII","4184","Romance of the Three Kingdoms VIII","256140","9060","869","3","15","0","0","28.27","Romance of the Three Kingdoms VIII"
"Space Quest V: The Next Mutation","4185","Space Quest V: The Next Mutation","227100","8040","312","1","20","0","0","28.25","Space Quest V: The Next Mutation"
"Dungeon Defenders","4186","Dungeon Defenders","5584020","197940","4403","5","662","10","0","28.21","Dungeon Defenders"
"Bloodbath","4187","Bloodbath","23700","840","63","1","6","0","0","28.21","Bloodbath"
"Minotaur: The Labyrinths of Crete","4188","Minotaur: The Labyrinths of Crete","8460","300","38","1","1","0","0","28.2","Minotaur: The Labyrinths of Crete"
"Super Monaco GP","4189","Super Monaco GP","72720","2580","146","1","8","0","0","28.19","Super Monaco GP"
"Tekken Tag Tournament","4190","Tekken Tag Tournament","454860","16140","491","2","71","0","0","28.18","Tekken Tag Tournament"
"Super Robot Wars Alpha 3","4191","Super Robot Wars Alpha 3","830220","29460","447","2","20","1","0","28.18","Super Robot Wars Alpha 3"
"Small Radios Big Televisions","4192","Small Radios Big Televisions","234900","8340","492","3","49","0","0","28.17","Small Radios Big Televisions"
"Traverser","4193","Traverser","126720","4500","414","1","11","0","0","28.16","Traverser"
"Gun.Smoke","4194","Gun.Smoke","67560","2400","138","1","15","0","0","28.15","Gun.Smoke"
"Mega Man X6","4195","Mega Man X6","3087780","109680","4043","4","200","5","0","28.15","Mega Man X6"
"Battlerite","4196","Battlerite","218026740","7745940","28960","220","16314","413","14","28.15","Battlerite"
"Alien Front Online","4197","Alien Front Online","23640","840","132","1","3","0","0","28.14","Alien Front Online"
"Wario Land 3","4198","Wario Land 3","1124220","39960","8379","7","69","2","0","28.13","Wario Land 3"
"The Cat Machine","4199","The Cat Machine","82680","2940","172","1","17","0","0","28.12","The Cat Machine"
"Paradigm Shift","4200","Paradigm Shift","15180","540","105","1","5","0","0","28.11","Paradigm Shift"