"","","Game","Watch time","Stream time","Peak viewers","Peak channels","Streamers","Average viewers","Average channels","Average viewer ratio",""
"SimCity 4","10301","SimCity 4","356400","53580","955","2","247","0","0","6.65","SimCity 4"
"The Legend of Heroes: Trails of Cold Steel II","10302","The Legend of Heroes: Trails of Cold Steel II","1095420","164700","119","12","63","2","0","6.65","The Legend of Heroes: Trails of Cold Steel II"
"Tom Clancy's Splinter Cell: Pandora Tomorrow","10303","Tom Clancy's Splinter Cell: Pandora Tomorrow","172320","25920","124","2","45","0","0","6.65","Tom Clancy's Splinter Cell: Pandora Tomorrow"
"Breakers Revenge","10304","Breakers Revenge","37500","5640","88","2","30","0","0","6.65","Breakers Revenge"
"Ghostbusters II","10305","Ghostbusters II","20760","3120","41","1","16","0","0","6.65","Ghostbusters II"
"Tomb Raider: Unfinished Business","10306","Tomb Raider: Unfinished Business","127740","19200","114","3","52","0","0","6.65","Tomb Raider: Unfinished Business"
"Trainz Simulator","10307","Trainz Simulator","87420","13140","223","2","27","0","0","6.65","Trainz Simulator"
"7th Dragon III Code: VFD","10308","7th Dragon III Code: VFD","88800","13380","37","3","14","0","0","6.64","7th Dragon III Code: VFD"
"Mickey's Dangerous Chase","10309","Mickey's Dangerous Chase","4380","660","19","2","6","0","0","6.64","Mickey's Dangerous Chase"
"50 Cent: Bulletproof","10310","50 Cent: Bulletproof","44640","6720","243","2","13","0","0","6.64","50 Cent: Bulletproof"
"Petka and VICH Save the Galaxy","10311","Petka and VICH Save the Galaxy","21900","3300","57","1","7","0","0","6.64","Petka and VICH Save the Galaxy"
"Yakuza 2","10312","Yakuza 2","253320","38160","347","2","63","0","0","6.64","Yakuza 2"
"Jackie Chan Adventures","10313","Jackie Chan Adventures","8760","1320","29","1","6","0","0","6.64","Jackie Chan Adventures"
"Vantage Master","10314","Vantage Master","9960","1500","19","1","4","0","0","6.64","Vantage Master"
"Toejam & Earl","10315","Toejam & Earl","448920","67560","319","3","159","0","0","6.64","Toejam & Earl"
"Joe & Mac Returns","10316","Joe & Mac Returns","4380","660","34","1","6","0","0","6.64","Joe & Mac Returns"
"Groovy Bunch of Games","10317","Groovy Bunch of Games","649740","97920","600","4","47","1","0","6.64","Groovy Bunch of Games"
"The Legend of Heroes: Trails in the Sky","10318","The Legend of Heroes: Trails in the Sky","2170200","327120","567","5","479","4","0","6.63","The Legend of Heroes: Trails in the Sky"
"Ikari Warriors","10319","Ikari Warriors","62880","9480","38","1","8","0","0","6.63","Ikari Warriors"
"Sengoku Rance","10320","Sengoku Rance","32220","4860","122","2","9","0","0","6.63","Sengoku Rance"
"Ar tonelico II: Melody of Metafalica","10321","Ar tonelico II: Melody of Metafalica","289020","43560","175","2","33","0","0","6.63","Ar tonelico II: Melody of Metafalica"
"Mystery Masters: Psycho Train","10322","Mystery Masters: Psycho Train","6360","960","21","1","4","0","0","6.63","Mystery Masters: Psycho Train"
"Beavis and Butt-head in Virtual Stupidity","10323","Beavis and Butt-head in Virtual Stupidity","15120","2280","37","1","11","0","0","6.63","Beavis and Butt-head in Virtual Stupidity"
"Enemy Zero","10324","Enemy Zero","10740","1620","19","1","7","0","0","6.63","Enemy Zero"
"TRON 2.0: Killer App","10325","TRON 2.0: Killer App","19080","2880","55","1","12","0","0","6.63","TRON 2.0: Killer App"
"Thomas the Tank Engine & Friends","10326","Thomas the Tank Engine & Friends","3180","480","38","1","3","0","0","6.63","Thomas the Tank Engine & Friends"
"Golden Axe: The Revenge of Death Adder","10327","Golden Axe: The Revenge of Death Adder","12720","1920","67","1","12","0","0","6.63","Golden Axe: The Revenge of Death Adder"
"Mushroom Men: The Spore Wars","10328","Mushroom Men: The Spore Wars","3180","480","32","1","2","0","0","6.63","Mushroom Men: The Spore Wars"
"Marvel: Avengers Alliance 2","10329","Marvel: Avengers Alliance 2","71100","10740","24","2","11","0","0","6.62","Marvel: Avengers Alliance 2"
"Freedom Fall","10330","Freedom Fall","10320","1560","40","1","8","0","0","6.62","Freedom Fall"
"Portal Runner","10331","Portal Runner","5160","780","18","2","6","0","0","6.62","Portal Runner"
"Hexyz Force","10332","Hexyz Force","34560","5220","95","1","9","0","0","6.62","Hexyz Force"
"Gun-Nac","10333","Gun-Nac","18660","2820","83","1","16","0","0","6.62","Gun-Nac"
"Fortune Summoners: Secret of the Elemental Stone","10334","Fortune Summoners: Secret of the Elemental Stone","141300","21360","310","2","44","0","0","6.62","Fortune Summoners: Secret of the Elemental Stone"
"Warhammer 40,000: Chaos Gate","10335","Warhammer 40,000: Chaos Gate","17880","2700","40","1","10","0","0","6.62","Warhammer 40,000: Chaos Gate"
"The Witch and the Hundred Knight","10336","The Witch and the Hundred Knight","324240","49020","1246","3","79","0","0","6.61","The Witch and the Hundred Knight"
"Star Ocean: The Last Hope","10337","Star Ocean: The Last Hope","787080","119160","612","4","88","1","0","6.61","Star Ocean: The Last Hope"
"Dragon Ball Z: Budokai 3","10338","Dragon Ball Z: Budokai 3","361140","54600","1308","3","219","0","0","6.61","Dragon Ball Z: Budokai 3"
"Kingdom Grandprix","10339","Kingdom Grandprix","18240","2760","39","1","5","0","0","6.61","Kingdom Grandprix"
"Cibele","10340","Cibele","68940","10440","200","2","65","0","0","6.6","Cibele"
"Ninpen Manmaru","10341","Ninpen Manmaru","3960","600","18","2","3","0","0","6.6","Ninpen Manmaru"
"NASCAR Racing","10342","NASCAR Racing","5940","900","16","1","5","0","0","6.6","NASCAR Racing"
"Road Avenger","10343","Road Avenger","1980","300","19","1","4","0","0","6.6","Road Avenger"
"DiRT 2","10344","DiRT 2","165480","25080","956","2","112","0","0","6.6","DiRT 2"
"Star Ocean: First Departure","10345","Star Ocean: First Departure","271860","41160","488","2","53","0","0","6.6","Star Ocean: First Departure"
"Haunted Memories","10346","Haunted Memories","47520","7200","116","2","48","0","0","6.6","Haunted Memories"
"Defense Grid 2","10347","Defense Grid 2","2093220","316920","518","28","1698","3","0","6.6","Defense Grid 2"
"Sexy Beach Zero","10348","Sexy Beach Zero","3960","600","22","1","2","0","0","6.6","Sexy Beach Zero"
"Ve stínu havrana","10349","Ve stínu havrana","1980","300","10","1","1","0","0","6.6","Ve stínu havrana"
"Music of the Spheres","10350","Music of the Spheres","1980","300","15","1","2","0","0","6.6","Music of the Spheres"
"Boss Monster","10351","Boss Monster","45840","6960","248","2","42","0","0","6.59","Boss Monster"
"bit Dungeon II","10352","bit Dungeon II","159000","24120","528","2","123","0","0","6.59","bit Dungeon II"
"Anna's Gram","10353","Anna's Gram","6720","1020","22","1","5","0","0","6.59","Anna's Gram"
"Devil May Cry 3: Special Edition","10354","Devil May Cry 3: Special Edition","1145940","173940","559","5","430","2","0","6.59","Devil May Cry 3: Special Edition"
"SD Snatcher","10355","SD Snatcher","6720","1020","22","1","4","0","0","6.59","SD Snatcher"
"Muchi Muchi Pork! & Pink Sweets","10356","Muchi Muchi Pork! & Pink Sweets","12660","1920","31","1","5","0","0","6.59","Muchi Muchi Pork! & Pink Sweets"
"Robot Vacuum Simulator 2013","10357","Robot Vacuum Simulator 2013","4740","720","53","1","3","0","0","6.58","Robot Vacuum Simulator 2013"
"Warhammer 40,000: Dawn of War II","10358","Warhammer 40,000: Dawn of War II","753300","114420","903","4","427","1","0","6.58","Warhammer 40,000: Dawn of War II"
"Counter-Strike Online","10359","Counter-Strike Online","6037980","917160","5129","24","3977","11","1","6.58","Counter-Strike Online"
"Air Fortress","10360","Air Fortress","17760","2700","15","1","7","0","0","6.58","Air Fortress"
"Scania Truck Driving Simulator: The Game","10361","Scania Truck Driving Simulator: The Game","85680","13020","131","2","64","0","0","6.58","Scania Truck Driving Simulator: The Game"
"Fate/Extra","10362","Fate/Extra","271560","41280","166","2","69","0","0","6.58","Fate/Extra"
"Hurrican","10363","Hurrican","4740","720","25","1","3","0","0","6.58","Hurrican"
"Swan Song","10364","Swan Song","5520","840","23","1","3","0","0","6.57","Swan Song"
"Champions of Breakfast","10365","Champions of Breakfast","38220","5820","56","2","18","0","0","6.57","Champions of Breakfast"
"Savage Reign","10366","Savage Reign","8280","1260","19","1","5","0","0","6.57","Savage Reign"
"Shadow Dancer","10367","Shadow Dancer","41760","6360","47","2","21","0","0","6.57","Shadow Dancer"
"Halo: Combat Evolved Anniversary","10368","Halo: Combat Evolved Anniversary","386340","58800","379","3","242","0","0","6.57","Halo: Combat Evolved Anniversary"
"Folk Tale","10369","Folk Tale","118680","18060","237","2","80","0","0","6.57","Folk Tale"
"Titan Attacks!","10370","Titan Attacks!","52860","8040","877","1","46","0","0","6.57","Titan Attacks!"
"Perfect Dark","10371","Perfect Dark","1813080","276060","2748","6","933","3","0","6.57","Perfect Dark"
"Badland","10372","Badland","972420","147900","2105","13","1114","1","0","6.57","Badland"
"PlanetSide 2","10373","PlanetSide 2","47321280","7203540","37730","55","16544","89","13","6.57","PlanetSide 2"
"Karate","10374","Karate","2760","420","16","1","4","0","0","6.57","Karate"
"Hunter X Hunter: Greed Island","10375","Hunter X Hunter: Greed Island","60600","9240","834","1","5","0","0","6.56","Hunter X Hunter: Greed Island"
"Jaws!","10376","Jaws!","3540","540","19","1","4","0","0","6.56","Jaws!"
"Knight Quest","10377","Knight Quest","7080","1080","28","1","3","0","0","6.56","Knight Quest"
"Red Orchestra: Rising Storm","10378","Red Orchestra: Rising Storm","911220","138840","1780","4","739","1","0","6.56","Red Orchestra: Rising Storm"
"Metal Slug 4","10379","Metal Slug 4","36600","5580","154","1","44","0","0","6.56","Metal Slug 4"
"Driver 2: The Wheelman is Back","10380","Driver 2: The Wheelman is Back","123600","18840","77","3","48","0","0","6.56","Driver 2: The Wheelman is Back"
"Rocket Power: Zero Gravity Zone","10381","Rocket Power: Zero Gravity Zone","3540","540","31","1","2","0","0","6.56","Rocket Power: Zero Gravity Zone"
"Ascii Attack","10382","Ascii Attack","6300","960","127","1","4","0","0","6.56","Ascii Attack"
"Tap Titans 2","10383","Tap Titans 2","15360","2340","24","2","21","0","0","6.56","Tap Titans 2"
"The Godfather: Blackhand Edition","10384","The Godfather: Blackhand Edition","22800","3480","37","1","4","0","0","6.55","The Godfather: Blackhand Edition"
"Rampage: Total Destruction","10385","Rampage: Total Destruction","12180","1860","80","1","10","0","0","6.55","Rampage: Total Destruction"
"Touhou","10386","Touhou","8823960","1347300","2486","11","1181","16","2","6.55","Touhou"
"Digger","10387","Digger","42840","6540","74","2","47","0","0","6.55","Digger"
"Electronic Super Joy","10388","Electronic Super Joy","749700","114480","769","10","601","1","0","6.55","Electronic Super Joy"
"Xbox Live Labs","10389","Xbox Live Labs","11400","1740","84","1","12","0","0","6.55","Xbox Live Labs"
"Delicious Deluxe","10390","Delicious Deluxe","29460","4500","90","2","21","0","0","6.55","Delicious Deluxe"
"199X","10391","199X","5100","780","20","1","5","0","0","6.54","199X"
"Eternal Destiny","10392","Eternal Destiny","13740","2100","24","1","7","0","0","6.54","Eternal Destiny"
"Tanzia","10393","Tanzia","74940","11460","76","2","43","0","0","6.54","Tanzia"
"A Week of Garfield","10394","A Week of Garfield","9420","1440","36","1","7","0","0","6.54","A Week of Garfield"
"Heavy Metal: F.A.K.K. 2","10395","Heavy Metal: F.A.K.K. 2","25860","3960","28","1","13","0","0","6.53","Heavy Metal: F.A.K.K. 2"
"The Ninja Warriors","10396","The Ninja Warriors","46620","7140","41","1","10","0","0","6.53","The Ninja Warriors"
"Serena","10397","Serena","100740","15420","305","2","131","0","0","6.53","Serena"
"Adiboo and the Energy Thieves","10398","Adiboo and the Energy Thieves","18420","2820","105","1","14","0","0","6.53","Adiboo and the Energy Thieves"
"Overspeed: High Performance Street Racing","10399","Overspeed: High Performance Street Racing","8220","1260","17","1","3","0","0","6.52","Overspeed: High Performance Street Racing"
"PixelJunk Monsters: Ultimate HD","10400","PixelJunk Monsters: Ultimate HD","46140","7080","328","2","35","0","0","6.52","PixelJunk Monsters: Ultimate HD"