"","","Game","Watch time","Stream time","Peak viewers","Peak channels","Streamers","Average viewers","Average channels","Average viewer ratio",""
"Officers","11401","Officers","660","120","7","1","0","0","0","5.5","Officers"
"Murder, She Wrote","11402","Murder, She Wrote","660","120","6","1","1","0","0","5.5","Murder, She Wrote"
"Taking Care of Business","11403","Taking Care of Business","660","120","10","1","2","0","0","5.5","Taking Care of Business"
"Postmortem","11404","Postmortem","660","120","6","1","1","0","0","5.5","Postmortem"
"Nerf Arena Blast","11405","Nerf Arena Blast","4620","840","22","1","8","0","0","5.5","Nerf Arena Blast"
"Guilty Gear 2: Overture","11406","Guilty Gear 2: Overture","68940","12540","41","4","39","0","0","5.5","Guilty Gear 2: Overture"
"Swimmer","11407","Swimmer","660","120","9","1","1","0","0","5.5","Swimmer"
"Steel & Steam","11408","Steel & Steam","660","120","7","1","1","0","0","5.5","Steel & Steam"
"Royal Envoy 2","11409","Royal Envoy 2","660","120","9","1","2","0","0","5.5","Royal Envoy 2"
"Combat Monsters","11410","Combat Monsters","660","120","8","1","1","0","0","5.5","Combat Monsters"
"Bomberman 3DS","11411","Bomberman 3DS","1320","240","25","1","1","0","0","5.5","Bomberman 3DS"
"King's Quest III: To Heir is Human","11412","King's Quest III: To Heir is Human","68280","12420","71","1","30","0","0","5.5","King's Quest III: To Heir is Human"
"Silent Nights: The Pianist","11413","Silent Nights: The Pianist","1980","360","12","1","3","0","0","5.5","Silent Nights: The Pianist"
"World of Zoo","11414","World of Zoo","3300","600","34","1","5","0","0","5.5","World of Zoo"
"Gun Fight","11415","Gun Fight","660","120","6","1","1","0","0","5.5","Gun Fight"
"Town With No Name","11416","Town With No Name","1320","240","10","1","2","0","0","5.5","Town With No Name"
"Airship Q","11417","Airship Q","1980","360","15","1","2","0","0","5.5","Airship Q"
"The Naked Gun: I.C.U.P.","11418","The Naked Gun: I.C.U.P.","660","120","11","1","1","0","0","5.5","The Naked Gun: I.C.U.P."
"Apocalyptica","11419","Apocalyptica","660","120","10","1","0","0","0","5.5","Apocalyptica"
"Primal Carnage: Genesis","11420","Primal Carnage: Genesis","2640","480","18","1","4","0","0","5.5","Primal Carnage: Genesis"
"Agent USA","11421","Agent USA","660","120","6","1","1","0","0","5.5","Agent USA"
"Tag Team Wrestling","11422","Tag Team Wrestling","1320","240","13","1","3","0","0","5.5","Tag Team Wrestling"
"Shivers 2: Harvest of Souls","11423","Shivers 2: Harvest of Souls","660","120","13","1","1","0","0","5.5","Shivers 2: Harvest of Souls"
"Silent Scope","11424","Silent Scope","3960","720","20","1","6","0","0","5.5","Silent Scope"
"Just Dance Summer Party","11425","Just Dance Summer Party","660","120","10","1","2","0","0","5.5","Just Dance Summer Party"
"Stunt GP","11426","Stunt GP","3960","720","14","1","2","0","0","5.5","Stunt GP"
"Slave Of God","11427","Slave Of God","1320","240","14","1","2","0","0","5.5","Slave Of God"
"Championship Manager 2007","11428","Championship Manager 2007","1980","360","15","1","3","0","0","5.5","Championship Manager 2007"
"Brain Dead 13","11429","Brain Dead 13","6600","1200","20","1","8","0","0","5.5","Brain Dead 13"
"Baby Felix Halloween","11430","Baby Felix Halloween","660","120","8","1","1","0","0","5.5","Baby Felix Halloween"
"Insector-X","11431","Insector-X","1980","360","10","1","4","0","0","5.5","Insector-X"
"Tails' Skypatrol","11432","Tails' Skypatrol","1320","240","12","1","2","0","0","5.5","Tails' Skypatrol"
"Dicing Knight.","11433","Dicing Knight.","660","120","6","1","1","0","0","5.5","Dicing Knight."
"Mots Croisés","11434","Mots Croisés","1320","240","15","1","3","0","0","5.5","Mots Croisés"
"Madden NFL 2001","11435","Madden NFL 2001","2640","480","25","1","4","0","0","5.5","Madden NFL 2001"
"Pajama Sam's One-Stop Fun Shop","11436","Pajama Sam's One-Stop Fun Shop","660","120","7","1","1","0","0","5.5","Pajama Sam's One-Stop Fun Shop"
"Against Rome","11437","Against Rome","1320","240","9","1","2","0","0","5.5","Against Rome"
"Danger Girl","11438","Danger Girl","2640","480","9","1","2","0","0","5.5","Danger Girl"
"Rockman Complete Works: Rockman","11439","Rockman Complete Works: Rockman","660","120","9","1","1","0","0","5.5","Rockman Complete Works: Rockman"
"League Series Baseball 2","11440","League Series Baseball 2","660","120","11","1","1","0","0","5.5","League Series Baseball 2"
"Star Wars: Episode I - Obi-Wan's Adventures","11441","Star Wars: Episode I - Obi-Wan's Adventures","660","120","12","1","1","0","0","5.5","Star Wars: Episode I - Obi-Wan's Adventures"
"Botics","11442","Botics","660","120","9","1","1","0","0","5.5","Botics"
"Marty's Zapstack","11443","Marty's Zapstack","660","120","9","1","1","0","0","5.5","Marty's Zapstack"
"Champion Wrestler","11444","Champion Wrestler","660","120","6","1","1","0","0","5.5","Champion Wrestler"
"Yahtzie","11445","Yahtzie","660","120","14","1","1","0","0","5.5","Yahtzie"
"Beanstalker","11446","Beanstalker","660","120","7","1","1","0","0","5.5","Beanstalker"
"Super Space Invaders '91","11447","Super Space Invaders '91","2640","480","10","1","1","0","0","5.5","Super Space Invaders '91"
"Where am I?","11448","Where am I?","660","120","7","1","1","0","0","5.5","Where am I?"
"Shooting Chicken Revenge","11449","Shooting Chicken Revenge","660","120","8","1","1","0","0","5.5","Shooting Chicken Revenge"
"Babaliba","11450","Babaliba","660","120","6","1","1","0","0","5.5","Babaliba"
"Endless Skater","11451","Endless Skater","660","120","11","1","2","0","0","5.5","Endless Skater"
"Moetan DS","11452","Moetan DS","660","120","7","1","1","0","0","5.5","Moetan DS"
"Fairway Solitaire","11453","Fairway Solitaire","660","120","6","1","2","0","0","5.5","Fairway Solitaire"
"Basic Math","11454","Basic Math","660","120","14","1","2","0","0","5.5","Basic Math"
"La Grande Armee at Austerlitz","11455","La Grande Armee at Austerlitz","660","120","6","1","1","0","0","5.5","La Grande Armee at Austerlitz"
"Fable: Coin Golf","11456","Fable: Coin Golf","660","120","7","1","0","0","0","5.5","Fable: Coin Golf"
"Go-Go Gourmet","11457","Go-Go Gourmet","660","120","8","1","1","0","0","5.5","Go-Go Gourmet"
"Super Mustache","11458","Super Mustache","44760","8160","355","2","71","0","0","5.49","Super Mustache"
"Polaris Sector","11459","Polaris Sector","64260","11700","53","2","23","0","0","5.49","Polaris Sector"
"Silkroad Online","11460","Silkroad Online","3676380","669060","569","9","528","6","1","5.49","Silkroad Online"
"Woolfe: The Red Hood Diaries","11461","Woolfe: The Red Hood Diaries","143940","26220","230","3","130","0","0","5.49","Woolfe: The Red Hood Diaries"
"Devil May Cry 4","11462","Devil May Cry 4","840780","153240","1490","4","437","1","0","5.49","Devil May Cry 4"
"Digimon World Re: Digitize","11463","Digimon World Re: Digitize","87060","15900","101","2","46","0","0","5.48","Digimon World Re: Digitize"
"Watch Dogs","11464","Watch Dogs","12124860","2214240","5297","31","16388","23","4","5.48","Watch Dogs"
"Darkwatch","11465","Darkwatch","30240","5520","34","1","20","0","0","5.48","Darkwatch"
"Gurumin: A Monstrous Adventure","11466","Gurumin: A Monstrous Adventure","217800","39780","235","2","113","0","0","5.48","Gurumin: A Monstrous Adventure"
"Double Dribble","11467","Double Dribble","14460","2640","131","1","14","0","0","5.48","Double Dribble"
"Mad TV","11468","Mad TV","21360","3900","26","1","7","0","0","5.48","Mad TV"
"Kaiju-A-GoGo","11469","Kaiju-A-GoGo","53640","9780","67","1","24","0","0","5.48","Kaiju-A-GoGo"
"Boggy '84","11470","Boggy '84","8220","1500","15","1","4","0","0","5.48","Boggy '84"
"Madden NFL 17","11471","Madden NFL 17","260935500","47599860","19768","1258","67984","495","90","5.48","Madden NFL 17"
"Shaman King: Power of Spirit","11472","Shaman King: Power of Spirit","5580","1020","14","1","2","0","0","5.47","Shaman King: Power of Spirit"
"Demon Gaze","11473","Demon Gaze","43980","8040","22","1","13","0","0","5.47","Demon Gaze"
"Disgaea: Afternoon of Darkness","11474","Disgaea: Afternoon of Darkness","790620","144600","439","28","352","1","0","5.47","Disgaea: Afternoon of Darkness"
"Godzilla: Monster of Monsters","11475","Godzilla: Monster of Monsters","51540","9420","44","2","16","0","0","5.47","Godzilla: Monster of Monsters"
"Xenonauts","11476","Xenonauts","782340","143100","269","4","186","1","0","5.47","Xenonauts"
"Dawn of War II: Retribution – The Last Standalone","11477","Dawn of War II: Retribution – The Last Standalone","744480","136200","758","6","502","1","0","5.47","Dawn of War II: Retribution – The Last Standalone"
"A Virus Named Tom","11478","A Virus Named Tom","5580","1020","26","1","7","0","0","5.47","A Virus Named Tom"
"Gundam Breaker 2","11479","Gundam Breaker 2","48600","8880","68","3","26","0","0","5.47","Gundam Breaker 2"
"Serpent in the Staglands","11480","Serpent in the Staglands","32460","5940","174","1","16","0","0","5.46","Serpent in the Staglands"
"Bit.Trip Beat","11481","Bit.Trip Beat","39000","7140","52","1","39","0","0","5.46","Bit.Trip Beat"
"Bloody Roar 3","11482","Bloody Roar 3","12120","2220","55","1","16","0","0","5.46","Bloody Roar 3"
"Apples to Apples","11483","Apples to Apples","15720","2880","72","1","10","0","0","5.46","Apples to Apples"
"Pro Evolution Soccer 2010","11484","Pro Evolution Soccer 2010","42240","7740","340","2","17","0","0","5.46","Pro Evolution Soccer 2010"
"Canyon Capers","11485","Canyon Capers","4260","780","40","1","4","0","0","5.46","Canyon Capers"
"Huntsman: The Orphanage","11486","Huntsman: The Orphanage","23580","4320","71","1","33","0","0","5.46","Huntsman: The Orphanage"
"Super Monkey Ball Adventure","11487","Super Monkey Ball Adventure","86040","15780","39","3","21","0","0","5.45","Super Monkey Ball Adventure"
"New Super Marisa Land","11488","New Super Marisa Land","29760","5460","92","1","18","0","0","5.45","New Super Marisa Land"
"Wild Arms 3","11489","Wild Arms 3","405300","74400","90","4","456","0","0","5.45","Wild Arms 3"
"James Cameron's Avatar: The Game","11490","James Cameron's Avatar: The Game","34320","6300","400","2","32","0","0","5.45","James Cameron's Avatar: The Game"
"Back to the Future: The Game - Episode 4: Double Visions","11491","Back to the Future: The Game - Episode 4: Double Visions","106920","19620","83","2","84","0","0","5.45","Back to the Future: The Game - Episode 4: Double Visions"
"DJMAX Trilogy","11492","DJMAX Trilogy","217620","39900","321","3","117","0","0","5.45","DJMAX Trilogy"
"The Journey Down: Chapter One","11493","The Journey Down: Chapter One","41760","7680","128","1","41","0","0","5.44","The Journey Down: Chapter One"
"Leisure Suit Larry: Magna Cum Laude","11494","Leisure Suit Larry: Magna Cum Laude","19260","3540","27","1","15","0","0","5.44","Leisure Suit Larry: Magna Cum Laude"
"LEGO Worlds","11495","LEGO Worlds","307620","56520","572","3","307","0","0","5.44","LEGO Worlds"
"The Witcher Adventure Game","11496","The Witcher Adventure Game","216360","39780","518","4","158","0","0","5.44","The Witcher Adventure Game"
"Super Frog","11497","Super Frog","2940","540","34","1","4","0","0","5.44","Super Frog"
"Sports Talk Baseball","11498","Sports Talk Baseball","5220","960","60","1","6","0","0","5.44","Sports Talk Baseball"
"Silent Hill: Book of Memories","11499","Silent Hill: Book of Memories","2940","540","17","1","3","0","0","5.44","Silent Hill: Book of Memories"
"How Many Robots?","11500","How Many Robots?","2940","540","8","1","1","0","0","5.44","How Many Robots?"