"","","Game","Watch time","Stream time","Peak viewers","Peak channels","Streamers","Average viewers","Average channels","Average viewer ratio",""
"Point Blank","4001","Point Blank","21943320","734340","7836","12","2052","41","1","29.88","Point Blank"
"Wild West C.O.W.-Boys of Moo Mesa","4002","Wild West C.O.W.-Boys of Moo Mesa","30480","1020","244","1","6","0","0","29.88","Wild West C.O.W.-Boys of Moo Mesa"
"Cooking Coach","4003","Cooking Coach","57360","1920","264","1","14","0","0","29.88","Cooking Coach"
"Alone in the Dark 3","4004","Alone in the Dark 3","60960","2040","142","1","6","0","0","29.88","Alone in the Dark 3"
"UFC: Tapout 2","4005","UFC: Tapout 2","2539320","85020","5339","5","374","4","0","29.87","UFC: Tapout 2"
"Metal Storm","4006","Metal Storm","379800","12720","6838","5","34","0","0","29.86","Metal Storm"
"Philosoma","4007","Philosoma","12540","420","116","1","3","0","0","29.86","Philosoma"
"Hot Pixel","4008","Hot Pixel","10740","360","43","1","1","0","0","29.83","Hot Pixel"
"Aqua Moto Racing Utopia","4009","Aqua Moto Racing Utopia","114420","3840","1210","2","15","0","0","29.8","Aqua Moto Racing Utopia"
"Evochron Mercenary","4010","Evochron Mercenary","212700","7140","168","4","13","0","0","29.79","Evochron Mercenary"
"Radiant Historia","4011","Radiant Historia","1653420","55500","4698","5","51","3","0","29.79","Radiant Historia"
"Tintin in Tibet","4012","Tintin in Tibet","201900","6780","675","1","21","0","0","29.78","Tintin in Tibet"
"Mr. Boom","4013","Mr. Boom","7140","240","49","2","3","0","0","29.75","Mr. Boom"
"Secret Scout in the Temple of Demise","4014","Secret Scout in the Temple of Demise","26760","900","126","2","4","0","0","29.73","Secret Scout in the Temple of Demise"
"Mr Bean","4015","Mr Bean","98100","3300","306","2","8","0","0","29.73","Mr Bean"
"Club Penguin","4016","Club Penguin","7419180","249720","51501","6","2184","14","0","29.71","Club Penguin"
"The Curse of Nordic Cove","4017","The Curse of Nordic Cove","12480","420","68","1","2","0","0","29.71","The Curse of Nordic Cove"
"Shutter Island","4018","Shutter Island","24960","840","135","1","5","0","0","29.71","Shutter Island"
"Chrono Trigger","4019","Chrono Trigger","31516500","1061520","10909","13","1756","59","2","29.69","Chrono Trigger"
"Winnie the Pooh's Home Run Derby!","4020","Winnie the Pooh's Home Run Derby!","457860","15420","347","3","71","0","0","29.69","Winnie the Pooh's Home Run Derby!"
"Conan","4021","Conan","99720","3360","506","1","14","0","0","29.68","Conan"
"Majin and the Forsaken Kingdom","4022","Majin and the Forsaken Kingdom","268800","9060","249","2","13","0","0","29.67","Majin and the Forsaken Kingdom"
"Densha de Go! Tokubetsu-hen: Fukkatsu Shouwa no Yamanotesen","4023","Densha de Go! Tokubetsu-hen: Fukkatsu Shouwa no Yamanotesen","5340","180","46","1","1","0","0","29.67","Densha de Go! Tokubetsu-hen: Fukkatsu Shouwa no Yamanotesen"
"Fox's Peter Pan & The Pirates: The Revenge of Captain Hook","4024","Fox's Peter Pan & The Pirates: The Revenge of Captain Hook","10680","360","48","1","1","0","0","29.67","Fox's Peter Pan & The Pirates: The Revenge of Captain Hook"
"Captain Skyhawk","4025","Captain Skyhawk","87180","2940","144","1","14","0","0","29.65","Captain Skyhawk"
"White Album 2: Closing Chapter","4026","White Album 2: Closing Chapter","204600","6900","82","1","8","0","0","29.65","White Album 2: Closing Chapter"
"Aurora","4027","Aurora","460500","15540","940","2","41","0","0","29.63","Aurora"
"Soulblight","4028","Soulblight","14220","480","99","1","4","0","0","29.63","Soulblight"
"Slither","4029","Slither","19027020","642240","31516","54","3460","36","1","29.63","Slither"
"Magnetic By Nature","4030","Magnetic By Nature","37320","1260","566","1","7","0","0","29.62","Magnetic By Nature"
"God of War: Ascension","4031","God of War: Ascension","1748640","59040","1098","3","131","3","0","29.62","God of War: Ascension"
"Jack Orlando: A Cinematic Adventure (Director's Cut)","4032","Jack Orlando: A Cinematic Adventure (Director's Cut)","90600","3060","315","1","14","0","0","29.61","Jack Orlando: A Cinematic Adventure (Director's Cut)"
"Die Hard Arcade","4033","Die Hard Arcade","62160","2100","845","1","13","0","0","29.6","Die Hard Arcade"
"Desperados 2: Cooper's Revenge","4034","Desperados 2: Cooper's Revenge","8880","300","73","1","2","0","0","29.6","Desperados 2: Cooper's Revenge"
"Hack n' Slash","4035","Hack n' Slash","133140","4500","236","2","22","0","0","29.59","Hack n' Slash"
"Indie Game Sim","4036","Indie Game Sim","131280","4440","715","2","24","0","0","29.57","Indie Game Sim"
"Cloud Pirates","4037","Cloud Pirates","1732620","58620","2120","12","165","3","0","29.56","Cloud Pirates"
"Star Trek: Voyager - Elite Force","4038","Star Trek: Voyager - Elite Force","538860","18240","6889","5","36","1","0","29.54","Star Trek: Voyager - Elite Force"
"The Punisher","4039","The Punisher","1044540","35400","4775","2","156","1","0","29.51","The Punisher"
"Hard West","4040","Hard West","2948640","99960","4473","4","301","5","0","29.5","Hard West"
"Cinderella: Magical Dreams","4041","Cinderella: Magical Dreams","3540","120","68","1","2","0","0","29.5","Cinderella: Magical Dreams"
"ParaParaParadise 2nd mix","4042","ParaParaParadise 2nd mix","14160","480","112","1","3","0","0","29.5","ParaParaParadise 2nd mix"
"F.E.A.R.: Extraction Point","4043","F.E.A.R.: Extraction Point","1755000","59520","10429","6","219","3","0","29.49","F.E.A.R.: Extraction Point"
"Forsaken Uprising​","4044","Forsaken Uprising​","56580","1920","888","1","15","0","0","29.47","Forsaken Uprising​"
"The Legend of Zelda: The Minish Cap","4045","The Legend of Zelda: The Minish Cap","15240360","517260","5896","10","922","28","0","29.46","The Legend of Zelda: The Minish Cap"
"Guardian Heroes","4046","Guardian Heroes","242040","8220","1809","2","43","0","0","29.45","Guardian Heroes"
"Danganronpa V3: Killing Harmony","4047","Danganronpa V3: Killing Harmony","157200","5340","463","6","24","0","0","29.44","Danganronpa V3: Killing Harmony"
"Miscreated","4048","Miscreated","134200260","4559940","29494","51","8367","254","8","29.43","Miscreated"
"Antihero","4049","Antihero","21180","720","162","4","5","0","0","29.42","Antihero"
"Dai-2-Ji Super Robot Taisen Original Generations","4050","Dai-2-Ji Super Robot Taisen Original Generations","449940","15300","278","1","10","0","0","29.41","Dai-2-Ji Super Robot Taisen Original Generations"
"Mobile Suit Gundam: Lost War Chronicles","4051","Mobile Suit Gundam: Lost War Chronicles","17640","600","91","1","2","0","0","29.4","Mobile Suit Gundam: Lost War Chronicles"
"Pizza Boy","4052","Pizza Boy","56400","1920","143","1","13","0","0","29.38","Pizza Boy"
"Chronicle: RuneScape Legends","4053","Chronicle: RuneScape Legends","20799600","708780","11813","14","1498","39","1","29.35","Chronicle: RuneScape Legends"
"Valkyrie Profile: Covenant of the Plume","4054","Valkyrie Profile: Covenant of the Plume","114480","3900","519","1","5","0","0","29.35","Valkyrie Profile: Covenant of the Plume"
"Let It Die","4055","Let It Die","113963820","3882840","32975","240","13204","216","7","29.35","Let It Die"
"Icebreakers","4056","Icebreakers","10560","360","68","1","2","0","0","29.33","Icebreakers"
"Entity","4057","Entity","10560","360","87","1","4","0","0","29.33","Entity"
"Jaws","4058","Jaws","154860","5280","437","2","36","0","0","29.33","Jaws"
"Final Fantasy","4059","Final Fantasy","19033080","648900","9324","14","1015","36","1","29.33","Final Fantasy"
"Kraven Manor","4060","Kraven Manor","846360","28860","1626","2","206","1","0","29.33","Kraven Manor"
"Commandos 2: Men of Courage","4061","Commandos 2: Men of Courage","693180","23640","8382","3","72","1","0","29.32","Commandos 2: Men of Courage"
"Europa Universalis III: Napoleon's Ambition","4062","Europa Universalis III: Napoleon's Ambition","411720","14040","3341","2","24","0","0","29.32","Europa Universalis III: Napoleon's Ambition"
"Gurgamoth","4063","Gurgamoth","22860","780","98","1","5","0","0","29.31","Gurgamoth"
"Heart & Slash","4064","Heart & Slash","812100","27720","19083","5","214","1","0","29.3","Heart & Slash"
"inFamous: Second Son","4065","inFamous: Second Son","5917140","201960","4414","4","7389","11","0","29.3","inFamous: Second Son"
"Berzerk","4066","Berzerk","17580","600","144","1","6","0","0","29.3","Berzerk"
"Rust","4067","Rust","1093966620","37346940","57838","255","48400","2075","70","29.29","Rust"
"Quik the Thunder Rabbit","4068","Quik the Thunder Rabbit","12300","420","40","1","1","0","0","29.29","Quik the Thunder Rabbit"
"Vanishing Realms","4069","Vanishing Realms","395400","13500","927","3","109","0","0","29.29","Vanishing Realms"
"Romancing SaGa","4070","Romancing SaGa","643080","21960","1844","2","32","1","0","29.28","Romancing SaGa"
"Valkyrie Drive: Bhikkhuni","4071","Valkyrie Drive: Bhikkhuni","999360","34140","6195","3","49","1","0","29.27","Valkyrie Drive: Bhikkhuni"
"Dumb Ways to Die 2: The Games","4072","Dumb Ways to Die 2: The Games","29820","1020","80","1","2","0","0","29.24","Dumb Ways to Die 2: The Games"
"Ian's Eyes","4073","Ian's Eyes","40320","1380","146","1","11","0","0","29.22","Ian's Eyes"
"Awakening of Heroes","4074","Awakening of Heroes","68340","2340","265","1","9","0","0","29.21","Awakening of Heroes"
"Digital Combat Simulator: Combined Arms","4075","Digital Combat Simulator: Combined Arms","268140","9180","1743","1","21","0","0","29.21","Digital Combat Simulator: Combined Arms"
"Metro: Last Light","4076","Metro: Last Light","27419040","938640","30280","15","4363","52","1","29.21","Metro: Last Light"
"Turmoil","4077","Turmoil","3964800","135780","3454","6","599","7","0","29.2","Turmoil"
"Ninja Gaiden Trilogy","4078","Ninja Gaiden Trilogy","355440","12180","1426","3","50","0","0","29.18","Ninja Gaiden Trilogy"
"The Legend of Zelda: Twilight Princess HD","4079","The Legend of Zelda: Twilight Princess HD","72012960","2468160","7013","215","3174","136","4","29.18","The Legend of Zelda: Twilight Princess HD"
"Yahari Game Demo Ore no Seishun Rabu Kome wa Machigatteiru.","4080","Yahari Game Demo Ore no Seishun Rabu Kome wa Machigatteiru.","33240","1140","54","1","1","0","0","29.16","Yahari Game Demo Ore no Seishun Rabu Kome wa Machigatteiru."
"Disney's the Lion King: Simba's Mighty Adventure","4081","Disney's the Lion King: Simba's Mighty Adventure","33240","1140","204","1","6","0","0","29.16","Disney's the Lion King: Simba's Mighty Adventure"
"Who Wants To Be A Millionaire? Special Editions","4082","Who Wants To Be A Millionaire? Special Editions","59460","2040","253","1","14","0","0","29.15","Who Wants To Be A Millionaire? Special Editions"
"SimCity: Cities of Tomorrow","4083","SimCity: Cities of Tomorrow","1748580","60000","1906","4","188","3","0","29.14","SimCity: Cities of Tomorrow"
"Anticipation","4084","Anticipation","40200","1380","158","1","9","0","0","29.13","Anticipation"
"The Smurfs","4085","The Smurfs","251580","8640","401","2","35","0","0","29.12","The Smurfs"
"Slender Man Chapter 2: Survive","4086","Slender Man Chapter 2: Survive","15720","540","94","1","3","0","0","29.11","Slender Man Chapter 2: Survive"
"Masquerada: Songs and Shadows","4087","Masquerada: Songs and Shadows","859320","29520","583","4","72","1","0","29.11","Masquerada: Songs and Shadows"
"Wondershot","4088","Wondershot","134460","4620","522","4","22","0","0","29.1","Wondershot"
"Her Majesty's SPIFFING","4089","Her Majesty's SPIFFING","204300","7020","539","4","41","0","0","29.1","Her Majesty's SPIFFING"
"X2","4090","X2","20940","720","180","1","5","0","0","29.08","X2"
"Dragon's Dogma: Dark Arisen","4091","Dragon's Dogma: Dark Arisen","126945720","4365600","37730","381","8460","240","8","29.08","Dragon's Dogma: Dark Arisen"
"Dragon Quest VI: Realms of Revelation","4092","Dragon Quest VI: Realms of Revelation","2084880","71700","1735","3","44","3","0","29.08","Dragon Quest VI: Realms of Revelation"
"Hatsune Miku: Project Diva Dreamy Theater 2nd","4093","Hatsune Miku: Project Diva Dreamy Theater 2nd","371700","12780","1422","2","19","0","0","29.08","Hatsune Miku: Project Diva Dreamy Theater 2nd"
"NFL Street","4094","NFL Street","326040","11220","4754","2","30","0","0","29.06","NFL Street"
"Amnesia: A Machine for Pigs","4095","Amnesia: A Machine for Pigs","6739800","231900","91755","13","1147","12","0","29.06","Amnesia: A Machine for Pigs"
"The Elder Scrolls IV: Oblivion","4096","The Elder Scrolls IV: Oblivion","47079600","1620480","144920","14","2895","89","3","29.05","The Elder Scrolls IV: Oblivion"
"Romance of the Three Kingdoms III: Dragon of Destiny","4097","Romance of the Three Kingdoms III: Dragon of Destiny","36600","1260","71","1","3","0","0","29.05","Romance of the Three Kingdoms III: Dragon of Destiny"
"Topps Bunt","4098","Topps Bunt","135960","4680","72","1","3","0","0","29.05","Topps Bunt"
"The Coma","4099","The Coma","801420","27600","1438","2","103","1","0","29.04","The Coma"
"Old Skool Classics","4100","Old Skool Classics","513720","17700","1485","2","41","0","0","29.02","Old Skool Classics"