"","","Game","Watch time","Stream time","Peak viewers","Peak channels","Streamers","Average viewers","Average channels","Average viewer ratio",""
"Shrek the Third","6201","Shrek the Third","30540","1920","384","2","16","0","0","15.91","Shrek the Third"
"Intrude","6202","Intrude","10500","660","49","1","6","0","0","15.91","Intrude"
"Little Inferno","6203","Little Inferno","1144920","72000","961","3","384","2","0","15.9","Little Inferno"
"Strategy Games","6204","Strategy Games","180240","11340","265","2","24","0","0","15.89","Strategy Games"
"Magic Sword","6205","Magic Sword","414780","26100","2114","2","30","0","0","15.89","Magic Sword"
"Mahjong Titans","6206","Mahjong Titans","90540","5700","408","1","27","0","0","15.88","Mahjong Titans"
"Family Dog","6207","Family Dog","320040","20160","74","2","11","0","0","15.88","Family Dog"
"My Nintendo Picross: The Legend of Zelda Twilight Princess","6208","My Nintendo Picross: The Legend of Zelda Twilight Princess","39060","2460","132","1","6","0","0","15.88","My Nintendo Picross: The Legend of Zelda Twilight Princess"
"OpenRA","6209","OpenRA","43800","2760","99","2","7","0","0","15.87","OpenRA"
"Nightmare Creatures","6210","Nightmare Creatures","172320","10860","208","3","48","0","0","15.87","Nightmare Creatures"
"Paperboy","6211","Paperboy","134160","8460","795","1","55","0","0","15.86","Paperboy"
"Utawarerumono: Itsuwari no Kamen","6212","Utawarerumono: Itsuwari no Kamen","322500","20340","60","1","10","0","0","15.86","Utawarerumono: Itsuwari no Kamen"
"Callahan's Crosstime Saloon","6213","Callahan's Crosstime Saloon","41880","2640","58","1","2","0","0","15.86","Callahan's Crosstime Saloon"
"Hunting Unlimited 2010","6214","Hunting Unlimited 2010","19020","1200","147","1","8","0","0","15.85","Hunting Unlimited 2010"
"Roller Coaster","6215","Roller Coaster","224280","14160","409","2","60","0","0","15.84","Roller Coaster"
"Sakura Taisen 2: Kimi, Shinitamou koto Nakare","6216","Sakura Taisen 2: Kimi, Shinitamou koto Nakare","54180","3420","300","1","5","0","0","15.84","Sakura Taisen 2: Kimi, Shinitamou koto Nakare"
"The X-Files","6217","The X-Files","100680","6360","151","2","20","0","0","15.83","The X-Files"
"Revelation","6218","Revelation","16185660","1022580","6687","251","1755","30","1","15.83","Revelation"
"Coin Crypt","6219","Coin Crypt","187140","11820","127","2","57","0","0","15.83","Coin Crypt"
"Commander Keen 4: Secret of the Oracle","6220","Commander Keen 4: Secret of the Oracle","228960","14460","408","2","55","0","0","15.83","Commander Keen 4: Secret of the Oracle"
"Drawn: The Painted Tower","6221","Drawn: The Painted Tower","36060","2280","86","1","8","0","0","15.82","Drawn: The Painted Tower"
"Class of Heroes 3","6222","Class of Heroes 3","10440","660","27","1","1","0","0","15.82","Class of Heroes 3"
"Bad Rats Show","6223","Bad Rats Show","56940","3600","338","2","19","0","0","15.82","Bad Rats Show"
"Lumini","6224","Lumini","15180","960","107","1","8","0","0","15.81","Lumini"
"Shrek: Reekin' Havoc","6225","Shrek: Reekin' Havoc","4740","300","25","1","1","0","0","15.8","Shrek: Reekin' Havoc"
"Live a Live","6226","Live a Live","822120","52020","1876","3","111","1","0","15.8","Live a Live"
"Dance Factory","6227","Dance Factory","4740","300","22","1","1","0","0","15.8","Dance Factory"
"Mortal Kombat: Deception","6228","Mortal Kombat: Deception","140160","8880","324","2","36","0","0","15.78","Mortal Kombat: Deception"
"Disney's Donald Duck: Goin' Quackers","6229","Disney's Donald Duck: Goin' Quackers","70080","4440","163","1","18","0","0","15.78","Disney's Donald Duck: Goin' Quackers"
"Red Dead Revolver","6230","Red Dead Revolver","987060","62640","4352","7","296","1","0","15.76","Red Dead Revolver"
"WarGames","6231","WarGames","27420","1740","259","1","6","0","0","15.76","WarGames"
"Rodea the Sky Soldier","6232","Rodea the Sky Soldier","168180","10680","1160","3","34","0","0","15.75","Rodea the Sky Soldier"
"RECYCLE","6233","RECYCLE","18900","1200","257","1","7","0","0","15.75","RECYCLE"
"Justice League Task Force","6234","Justice League Task Force","3780","240","50","1","4","0","0","15.75","Justice League Task Force"
"Dad Beat Dads","6235","Dad Beat Dads","3780","240","77","1","10","0","0","15.75","Dad Beat Dads"
"Revelation Online","6236","Revelation Online","17870760","1135680","3179","93","2096","33","2","15.74","Revelation Online"
"999: 9 Hours, 9 Persons, 9 Doors","6237","999: 9 Hours, 9 Persons, 9 Doors","2511720","159540","655","5","255","4","0","15.74","999: 9 Hours, 9 Persons, 9 Doors"
"Mahou Kishi Rayearth","6238","Mahou Kishi Rayearth","179280","11400","429","1","7","0","0","15.73","Mahou Kishi Rayearth"
"The Moment of Silence","6239","The Moment of Silence","31140","1980","85","1","5","0","0","15.73","The Moment of Silence"
"Aerobiz Supersonic","6240","Aerobiz Supersonic","80160","5100","89","1","15","0","0","15.72","Aerobiz Supersonic"
"TagPro","6241","TagPro","1473180","93840","567","8","144","2","0","15.7","TagPro"
"Ninja Blade","6242","Ninja Blade","248640","15840","432","2","62","0","0","15.7","Ninja Blade"
"Syberia","6243","Syberia","1306800","83220","2025","3","214","2","0","15.7","Syberia"
"Trauma Center: New Blood","6244","Trauma Center: New Blood","369180","23520","272","2","23","0","0","15.7","Trauma Center: New Blood"
"Icewind Dale II","6245","Icewind Dale II","512160","32640","5804","2","29","0","0","15.69","Icewind Dale II"
"Pirates, Vikings and Knights II","6246","Pirates, Vikings and Knights II","594060","37860","2584","3","176","1","0","15.69","Pirates, Vikings and Knights II"
"Divekick","6247","Divekick","756540","48240","3836","3","338","1","0","15.68","Divekick"
"Tomb Raider: The Last Revelation","6248","Tomb Raider: The Last Revelation","3005820","191700","6945","6","199","5","0","15.68","Tomb Raider: The Last Revelation"
"Iron Storm","6249","Iron Storm","8460","540","75","1","4","0","0","15.67","Iron Storm"
"Unearthed: Trail of Ibn Battuta","6250","Unearthed: Trail of Ibn Battuta","85560","5460","812","2","14","0","0","15.67","Unearthed: Trail of Ibn Battuta"
"James Bond Jr.","6251","James Bond Jr.","50760","3240","95","2","17","0","0","15.67","James Bond Jr."
"Imagine Championship Rider 3D","6252","Imagine Championship Rider 3D","2820","180","21","1","1","0","0","15.67","Imagine Championship Rider 3D"
"Ultimate Muscle: The Kinnikuman Legacy - The Path of the Superhero","6253","Ultimate Muscle: The Kinnikuman Legacy - The Path of the Superhero","2820","180","47","1","1","0","0","15.67","Ultimate Muscle: The Kinnikuman Legacy - The Path of the Superhero"
"Slingo","6254","Slingo","2820","180","29","1","2","0","0","15.67","Slingo"
"Clockwork Empires","6255","Clockwork Empires","418020","26700","988","4","64","0","0","15.66","Clockwork Empires"
"Fortnite","6256","Fortnite","114540","7320","198","2","47","0","0","15.65","Fortnite"
"Happily Ever After","6257","Happily Ever After","37560","2400","143","4","10","0","0","15.65","Happily Ever After"
"Dream C Club Gogo","6258","Dream C Club Gogo","123840","7920","84","2","9","0","0","15.64","Dream C Club Gogo"
"The Legend of Kyrandia","6259","The Legend of Kyrandia","100440","6420","106","1","17","0","0","15.64","The Legend of Kyrandia"
"Super Baseball 2020","6260","Super Baseball 2020","75960","4860","126","1","13","0","0","15.63","Super Baseball 2020"
"Gulkave","6261","Gulkave","25320","1620","417","1","2","0","0","15.63","Gulkave"
"Etherlords","6262","Etherlords","7500","480","41","1","4","0","0","15.63","Etherlords"
"Slashy Hero","6263","Slashy Hero","24360","1560","80","2","10","0","0","15.62","Slashy Hero"
"Mahjong Club","6264","Mahjong Club","33720","2160","44","1","2","0","0","15.61","Mahjong Club"
"Battalion Wars","6265","Battalion Wars","61800","3960","327","1","21","0","0","15.61","Battalion Wars"
"Disney/Pixar's Buzz Lightyear of Star Command","6266","Disney/Pixar's Buzz Lightyear of Star Command","228600","14640","223","2","18","0","0","15.61","Disney/Pixar's Buzz Lightyear of Star Command"
"Night Warriors: Darkstalkers' Revenge","6267","Night Warriors: Darkstalkers' Revenge","18720","1200","58","1","9","0","0","15.6","Night Warriors: Darkstalkers' Revenge"
"Deep Duck Trouble starring Donald Duck","6268","Deep Duck Trouble starring Donald Duck","4680","300","35","1","2","0","0","15.6","Deep Duck Trouble starring Donald Duck"
"Mappy Kids","6269","Mappy Kids","4680","300","41","2","3","0","0","15.6","Mappy Kids"
"The Adventures of Bertram Fiddle","6270","The Adventures of Bertram Fiddle","43980","2820","131","1","16","0","0","15.6","The Adventures of Bertram Fiddle"
"Max Payne","6271","Max Payne","5330280","341700","6366","18","1352","10","0","15.6","Max Payne"
"Meat Boy","6272","Meat Boy","178740","11460","417","2","46","0","0","15.6","Meat Boy"
"Werewolf: The Last Warrior","6273","Werewolf: The Last Warrior","45840","2940","160","2","11","0","0","15.59","Werewolf: The Last Warrior"
"StarCraft: Brood War","6274","StarCraft: Brood War","74022720","4749060","10681","26","1386","140","9","15.59","StarCraft: Brood War"
"CrossFire","6275","CrossFire","24693840","1584660","5783","15","3021","46","3","15.58","CrossFire"
"Descent 3","6276","Descent 3","47640","3060","83","1","8","0","0","15.57","Descent 3"
"Renowned Explorers: International Society","6277","Renowned Explorers: International Society","1737660","111600","5654","5","318","3","0","15.57","Renowned Explorers: International Society"
"No More Heroes 2: Desperate Struggle","6278","No More Heroes 2: Desperate Struggle","405060","26040","881","2","52","0","0","15.56","No More Heroes 2: Desperate Struggle"
"Teddy Floppy Ear","6279","Teddy Floppy Ear","329460","21180","942","4","134","0","0","15.56","Teddy Floppy Ear"
"Five Nights at Freddy's","6280","Five Nights at Freddy's","8508060","546960","6360","17","4105","16","1","15.56","Five Nights at Freddy's"
"Sing Along","6281","Sing Along","20520","1320","45","1","7","0","0","15.55","Sing Along"
"Wayward","6282","Wayward","255720","16440","379","2","56","0","0","15.55","Wayward"
"Big Pharma","6283","Big Pharma","1352520","87060","7232","6","401","2","0","15.54","Big Pharma"
"Ruin of the Reckless","6284","Ruin of the Reckless","211620","13620","145","4","54","0","0","15.54","Ruin of the Reckless"
"Brandish: The Dark Revenant","6285","Brandish: The Dark Revenant","194580","12540","301","2","15","0","0","15.52","Brandish: The Dark Revenant"
"Frederic: Resurrection of Music","6286","Frederic: Resurrection of Music","56820","3660","262","2","32","0","0","15.52","Frederic: Resurrection of Music"
"Ultima III: Exodus","6287","Ultima III: Exodus","107940","6960","1206","1","14","0","0","15.51","Ultima III: Exodus"
"Game Boy Wars","6288","Game Boy Wars","32580","2100","47","1","4","0","0","15.51","Game Boy Wars"
"Convoy no Nazo","6289","Convoy no Nazo","18600","1200","187","1","5","0","0","15.5","Convoy no Nazo"
"Arch Rivals","6290","Arch Rivals","5580","360","57","1","4","0","0","15.5","Arch Rivals"
"Second Samurai","6291","Second Samurai","20460","1320","65","1","6","0","0","15.5","Second Samurai"
"Toro","6292","Toro","95760","6180","588","1","38","0","0","15.5","Toro"
"Shin Megami Tensei: Persona 4","6293","Shin Megami Tensei: Persona 4","5520720","356220","1142","5","336","10","0","15.5","Shin Megami Tensei: Persona 4"
"Manifold","6294","Manifold","1860","120","30","1","1","0","0","15.5","Manifold"
"Glowfish","6295","Glowfish","1860","120","17","1","1","0","0","15.5","Glowfish"
"World of Final Fantasy","6296","World of Final Fantasy","56274120","3632160","9423","240","5900","106","6","15.49","World of Final Fantasy"
"Far Cry","6297","Far Cry","2303520","148740","2350","4","442","4","0","15.49","Far Cry"
"Sword of the Samurai","6298","Sword of the Samurai","23220","1500","59","1","7","0","0","15.48","Sword of the Samurai"
"Motorsport Manager","6299","Motorsport Manager","4597140","297180","1081","21","444","8","0","15.47","Motorsport Manager"
"The Sims 3","6300","The Sims 3","16801740","1086060","4884","13","3640","31","2","15.47","The Sims 3"