"","","Game","Watch time","Stream time","Peak viewers","Peak channels","Streamers","Average viewers","Average channels","Average viewer ratio",""
"Sonic's Ultimate Genesis Collection","8201","Sonic's Ultimate Genesis Collection","213840","21420","285","2","93","0","0","9.98","Sonic's Ultimate Genesis Collection"
"Richard & Alice","8202","Richard & Alice","28140","2820","85","1","10","0","0","9.98","Richard & Alice"
"Maldita Castilla","8203","Maldita Castilla","1513200","151620","2781","22","257","2","0","9.98","Maldita Castilla"
"Post Apocalyptic Mayhem","8204","Post Apocalyptic Mayhem","35340","3540","424","2","19","0","0","9.98","Post Apocalyptic Mayhem"
"Limbo","8205","Limbo","13314060","1335900","14341","66","9657","25","2","9.97","Limbo"
"Castle Crashers","8206","Castle Crashers","10446420","1047720","8448","18","6999","19","1","9.97","Castle Crashers"
"Ice Age 2: The Meltdown","8207","Ice Age 2: The Meltdown","69360","6960","445","2","26","0","0","9.97","Ice Age 2: The Meltdown"
"Shuriken Sentai Ninninger: Game de Wasshoi!!","8208","Shuriken Sentai Ninninger: Game de Wasshoi!!","35280","3540","132","2","5","0","0","9.97","Shuriken Sentai Ninninger: Game de Wasshoi!!"
"Touch, Shot! Love Application","8209","Touch, Shot! Love Application","15540","1560","25","1","2","0","0","9.96","Touch, Shot! Love Application"
"Crayon Physics","8210","Crayon Physics","26880","2700","46","1","19","0","0","9.96","Crayon Physics"
"The 11th Hour","8211","The 11th Hour","107520","10800","473","1","19","0","0","9.96","The 11th Hour"
"Spartan X 2","8212","Spartan X 2","13740","1380","39","1","6","0","0","9.96","Spartan X 2"
"RalliSport Challenge 2","8213","RalliSport Challenge 2","22680","2280","20","1","3","0","0","9.95","RalliSport Challenge 2"
"Trove","8214","Trove","73606320","7395720","2576","135","17132","139","14","9.95","Trove"
"Heroes & Generals","8215","Heroes & Generals","49836120","5006760","1725","46","9314","94","9","9.95","Heroes & Generals"
"Pokémon Conquest","8216","Pokémon Conquest","247620","24900","187","3","63","0","0","9.94","Pokémon Conquest"
"Real Lives","8217","Real Lives","172320","17340","510","2","46","0","0","9.94","Real Lives"
"Gate of Thunder","8218","Gate of Thunder","10140","1020","35","1","7","0","0","9.94","Gate of Thunder"
"The King of Fighters 2000","8219","The King of Fighters 2000","45900","4620","86","1","170","0","0","9.94","The King of Fighters 2000"
"Chaos Break","8220","Chaos Break","9540","960","41","1","4","0","0","9.94","Chaos Break"
"American Idol","8221","American Idol","9540","960","112","1","7","0","0","9.94","American Idol"
"Keio Flying Squadron","8222","Keio Flying Squadron","10140","1020","33","1","6","0","0","9.94","Keio Flying Squadron"
"Quest for Glory II: Trial by Fire VGA","8223","Quest for Glory II: Trial by Fire VGA","62640","6300","63","1","11","0","0","9.94","Quest for Glory II: Trial by Fire VGA"
"Return to Mysterious Island","8224","Return to Mysterious Island","30420","3060","81","1","13","0","0","9.94","Return to Mysterious Island"
"Spycraft: The Great Game","8225","Spycraft: The Great Game","34560","3480","68","1","8","0","0","9.93","Spycraft: The Great Game"
"Company of Heroes","8226","Company of Heroes","3807480","383520","6952","7","1001","7","0","9.93","Company of Heroes"
"N++","8227","N++","2005260","201960","1468","10","662","3","0","9.93","N++"
"The Climb","8228","The Climb","101280","10200","333","2","62","0","0","9.93","The Climb"
"The Dream Machine","8229","The Dream Machine","267360","26940","157","2","69","0","0","9.92","The Dream Machine"
"SingStar Rocks!","8230","SingStar Rocks!","38700","3900","168","2","20","0","0","9.92","SingStar Rocks!"
"Zumba Fitness","8231","Zumba Fitness","13680","1380","20","1","2","0","0","9.91","Zumba Fitness"
"Pat & Mat: The Game","8232","Pat & Mat: The Game","26160","2640","204","1","19","0","0","9.91","Pat & Mat: The Game"
"Oniken","8233","Oniken","162960","16440","226","2","87","0","0","9.91","Oniken"
"NiGHTS","8234","NiGHTS","5940","600","65","1","5","0","0","9.9","NiGHTS"
"NBA Maximum Hangtime","8235","NBA Maximum Hangtime","12480","1260","68","1","3","0","0","9.9","NBA Maximum Hangtime"
"Michael Jackson: The Experience","8236","Michael Jackson: The Experience","18420","1860","70","1","13","0","0","9.9","Michael Jackson: The Experience"
"Skylanders Battlecast","8237","Skylanders Battlecast","11880","1200","76","2","6","0","0","9.9","Skylanders Battlecast"
"Dragon Dice","8238","Dragon Dice","5940","600","27","1","1","0","0","9.9","Dragon Dice"
"The Pedestrian","8239","The Pedestrian","5940","600","59","1","7","0","0","9.9","The Pedestrian"
"Hattrick!","8240","Hattrick!","122220","12360","34","1","7","0","0","9.89","Hattrick!"
"Paladins","8241","Paladins","138289500","13982520","31166","191","38361","262","26","9.89","Paladins"
"BattleTanx: Global Assault","8242","BattleTanx: Global Assault","67620","6840","765","1","16","0","0","9.89","BattleTanx: Global Assault"
"Jackie Chan's Action Kung Fu","8243","Jackie Chan's Action Kung Fu","110220","11160","323","2","35","0","0","9.88","Jackie Chan's Action Kung Fu"
"Persona 2: Eternal Punishment","8244","Persona 2: Eternal Punishment","285840","28920","217","2","35","0","0","9.88","Persona 2: Eternal Punishment"
"Twisted Metal 4","8245","Twisted Metal 4","83580","8460","343","2","36","0","0","9.88","Twisted Metal 4"
"NBA 2K15","8246","NBA 2K15","57791220","5849280","6203","77","16870","109","11","9.88","NBA 2K15"
"Combat Core","8247","Combat Core","37920","3840","86","2","18","0","0","9.88","Combat Core"
"Pink Sweets ~Ibara Sorekara~","8248","Pink Sweets ~Ibara Sorekara~","4740","480","17","1","3","0","0","9.88","Pink Sweets ~Ibara Sorekara~"
"The Secret Order 3: Ancient Times","8249","The Secret Order 3: Ancient Times","9480","960","27","1","4","0","0","9.88","The Secret Order 3: Ancient Times"
"The Settlers IV: Mission CD","8250","The Settlers IV: Mission CD","4740","480","27","1","2","0","0","9.88","The Settlers IV: Mission CD"
"X-COM: Enforcer","8251","X-COM: Enforcer","23100","2340","106","1","10","0","0","9.87","X-COM: Enforcer"
"NecroVisioN: Lost Company","8252","NecroVisioN: Lost Company","13620","1380","34","1","6","0","0","9.87","NecroVisioN: Lost Company"
"Nancy Drew: The White Wolf of Icicle Creek","8253","Nancy Drew: The White Wolf of Icicle Creek","89400","9060","125","2","24","0","0","9.87","Nancy Drew: The White Wolf of Icicle Creek"
"Tearaway Unfolded","8254","Tearaway Unfolded","296580","30060","425","2","583","0","0","9.87","Tearaway Unfolded"
"Victor Vran","8255","Victor Vran","1816380","183960","3082","6","587","3","0","9.87","Victor Vran"
"Nintendogs","8256","Nintendogs","79980","8100","274","2","39","0","0","9.87","Nintendogs"
"Darksiders","8257","Darksiders","7164120","726000","4779","24","2195","13","1","9.87","Darksiders"
"Donkey Kong Country Returns","8258","Donkey Kong Country Returns","886560","89820","407","3","196","1","0","9.87","Donkey Kong Country Returns"
"Tomb Raider: Chronicles","8259","Tomb Raider: Chronicles","463620","47040","135","3","99","0","0","9.86","Tomb Raider: Chronicles"
"Submerged","8260","Submerged","582660","59100","568","5","274","1","0","9.86","Submerged"
"Small Soldiers","8261","Small Soldiers","21900","2220","65","1","7","0","0","9.86","Small Soldiers"
"Hidden Object Bundle 5 in 1","8262","Hidden Object Bundle 5 in 1","8280","840","38","1","3","0","0","9.86","Hidden Object Bundle 5 in 1"
"Wuppo","8263","Wuppo","92880","9420","117","2","36","0","0","9.86","Wuppo"
"The Assembly","8264","The Assembly","228900","23220","446","5","113","0","0","9.86","The Assembly"
"Pipe Dreams 3D","8265","Pipe Dreams 3D","7680","780","52","1","2","0","0","9.85","Pipe Dreams 3D"
"Langrisser IV & V: Final Edition","8266","Langrisser IV & V: Final Edition","51420","5220","66","1","4","0","0","9.85","Langrisser IV & V: Final Edition"
"A Boy and His Blob","8267","A Boy and His Blob","1289940","130920","1800","12","434","2","0","9.85","A Boy and His Blob"
"Enslaved: Odyssey to the West","8268","Enslaved: Odyssey to the West","954120","96840","1509","3","257","1","0","9.85","Enslaved: Odyssey to the West"
"No More Heroes","8269","No More Heroes","614040","62340","257","4","93","1","0","9.85","No More Heroes"
"Toybox Turbos","8270","Toybox Turbos","116340","11820","923","3","67","0","0","9.84","Toybox Turbos"
"Bleed","8271","Bleed","236760","24060","328","2","109","0","0","9.84","Bleed"
"Pajama Sam 3: You Are What You Eat From Your Head To Your Feet","8272","Pajama Sam 3: You Are What You Eat From Your Head To Your Feet","116940","11880","120","2","70","0","0","9.84","Pajama Sam 3: You Are What You Eat From Your Head To Your Feet"
"Way of the Samurai 4","8273","Way of the Samurai 4","1024500","104160","445","4","253","1","0","9.84","Way of the Samurai 4"
"Dragonball: Evolution","8274","Dragonball: Evolution","21840","2220","72","1","9","0","0","9.84","Dragonball: Evolution"
"Hexcells Plus","8275","Hexcells Plus","139380","14160","167","2","56","0","0","9.84","Hexcells Plus"
"Thunder Force III","8276","Thunder Force III","24780","2520","265","1","12","0","0","9.83","Thunder Force III"
"UFC Personal Trainer","8277","UFC Personal Trainer","10620","1080","122","1","11","0","0","9.83","UFC Personal Trainer"
"Championship Pro-Am","8278","Championship Pro-Am","3540","360","31","1","1","0","0","9.83","Championship Pro-Am"
"The Evil Within","8279","The Evil Within","57858900","5886840","10493","66","18580","109","11","9.83","The Evil Within"
"Metal Gear Solid HD Collection","8280","Metal Gear Solid HD Collection","1345920","136860","238","4","146","2","0","9.83","Metal Gear Solid HD Collection"
"Prince Interactive","8281","Prince Interactive","3540","360","15","1","2","0","0","9.83","Prince Interactive"
"Carnival Island","8282","Carnival Island","6480","660","16","1","1","0","0","9.82","Carnival Island"
"Itadaki Street 2: Neon Sign wa Bara Iro ni","8283","Itadaki Street 2: Neon Sign wa Bara Iro ni","6480","660","15","1","1","0","0","9.82","Itadaki Street 2: Neon Sign wa Bara Iro ni"
"Shelter 2","8284","Shelter 2","546360","55620","631","3","386","1","0","9.82","Shelter 2"
"Make-Up and Style","8285","Make-Up and Style","33600","3420","122","1","19","0","0","9.82","Make-Up and Style"
"Heroes of Might and Magic II: The Price of Loyalty","8286","Heroes of Might and Magic II: The Price of Loyalty","225960","23040","224","2","44","0","0","9.81","Heroes of Might and Magic II: The Price of Loyalty"
"Dragon's Prophet","8287","Dragon's Prophet","596400","60780","2366","3","203","1","0","9.81","Dragon's Prophet"
"Ys Origin","8288","Ys Origin","2277000","232200","4230","5","399","4","0","9.81","Ys Origin"
"Garfield","8289","Garfield","27660","2820","64","1","10","0","0","9.81","Garfield"
"Bugs Bunny & Taz: Time Busters","8290","Bugs Bunny & Taz: Time Busters","105360","10740","359","1","24","0","0","9.81","Bugs Bunny & Taz: Time Busters"
"Air Hockey","8291","Air Hockey","9420","960","69","1","5","0","0","9.81","Air Hockey"
"Marvel vs. Capcom Origins","8292","Marvel vs. Capcom Origins","86400","8820","548","1","50","0","0","9.8","Marvel vs. Capcom Origins"
"Child of Eden","8293","Child of Eden","52320","5340","127","2","16","0","0","9.8","Child of Eden"
"Waking Mars","8294","Waking Mars","23520","2400","55","1","11","0","0","9.8","Waking Mars"
"Corpse of Discovery","8295","Corpse of Discovery","36420","3720","166","1","15","0","0","9.79","Corpse of Discovery"
"Chaos World","8296","Chaos World","8220","840","19","1","2","0","0","9.79","Chaos World"
"Border Down","8297","Border Down","25260","2580","27","1","6","0","0","9.79","Border Down"
"Dark Sun: Shattered Lands","8298","Dark Sun: Shattered Lands","61080","6240","376","1","13","0","0","9.79","Dark Sun: Shattered Lands"
"Money Puzzle Exchanger","8299","Money Puzzle Exchanger","35220","3600","44","1","12","0","0","9.78","Money Puzzle Exchanger"
"Scooby-Doo! and the Spooky Swamp","8300","Scooby-Doo! and the Spooky Swamp","10560","1080","44","1","7","0","0","9.78","Scooby-Doo! and the Spooky Swamp"