"","","Game","Watch time","Stream time","Peak viewers","Peak channels","Streamers","Average viewers","Average channels","Average viewer ratio",""
"Frogger Beyond","10801","Frogger Beyond","17400","2880","17","1","3","0","0","6.04","Frogger Beyond"
"Chef","10802","Chef","13020","2160","27","1","11","0","0","6.03","Chef"
"Junk Jack X","10803","Junk Jack X","21360","3540","51","2","12","0","0","6.03","Junk Jack X"
"Puzzle","10804","Puzzle","37260","6180","87","2","25","0","0","6.03","Puzzle"
"The Unfinished Swan","10805","The Unfinished Swan","306660","50820","1154","4","288","0","0","6.03","The Unfinished Swan"
"Element4l","10806","Element4l","66240","10980","247","2","53","0","0","6.03","Element4l"
"WWF SmackDown! 2: Know Your Role","10807","WWF SmackDown! 2: Know Your Role","65460","10860","148","2","48","0","0","6.03","WWF SmackDown! 2: Know Your Role"
"Dragon Ball Z: Budokai Tenkaichi 3","10808","Dragon Ball Z: Budokai Tenkaichi 3","684540","113520","463","4","494","1","0","6.03","Dragon Ball Z: Budokai Tenkaichi 3"
"Digimon Soul Chaser","10809","Digimon Soul Chaser","10860","1800","21","1","5","0","0","6.03","Digimon Soul Chaser"
"Laplace no Ma","10810","Laplace no Ma","924360","153240","144","11","242","1","0","6.03","Laplace no Ma"
"Sid Meier's Civilization","10811","Sid Meier's Civilization","51300","8520","100","2","26","0","0","6.02","Sid Meier's Civilization"
"Loot Hero","10812","Loot Hero","52020","8640","111","2","62","0","0","6.02","Loot Hero"
"Saints Row 2","10813","Saints Row 2","1206720","200880","396","5","642","2","0","6.01","Saints Row 2"
"Peggle 2","10814","Peggle 2","1101000","183240","3991","6","1170","2","0","6.01","Peggle 2"
"TimeShift","10815","TimeShift","235800","39240","532","2","111","0","0","6.01","TimeShift"
"Space Marines","10816","Space Marines","42540","7080","72","2","27","0","0","6.01","Space Marines"
"Crashday","10817","Crashday","36780","6120","45","2","24","0","0","6.01","Crashday"
"GoldenEye: Rogue Agent","10818","GoldenEye: Rogue Agent","50880","8460","186","2","11","0","0","6.01","GoldenEye: Rogue Agent"
"Marvel Pinball","10819","Marvel Pinball","3960","660","34","1","4","0","0","6","Marvel Pinball"
"Disney's Beauty and the Beast: Belle's Quest","10820","Disney's Beauty and the Beast: Belle's Quest","1440","240","9","1","1","0","0","6","Disney's Beauty and the Beast: Belle's Quest"
"Dragonfire","10821","Dragonfire","360","60","6","1","0","0","0","6","Dragonfire"
"Super Scope 6","10822","Super Scope 6","2160","360","29","1","3","0","0","6","Super Scope 6"
"Top Gun: The Second Mission","10823","Top Gun: The Second Mission","360","60","6","1","1","0","0","6","Top Gun: The Second Mission"
"Dr. Drago's Madcap Chase","10824","Dr. Drago's Madcap Chase","720","120","8","1","2","0","0","6","Dr. Drago's Madcap Chase"
"Satellites","10825","Satellites","720","120","15","1","1","0","0","6","Satellites"
"Carrier Air Wing","10826","Carrier Air Wing","360","60","7","1","1","0","0","6","Carrier Air Wing"
"Blade Warrior","10827","Blade Warrior","360","60","6","1","1","0","0","6","Blade Warrior"
"Psybadek","10828","Psybadek","1080","180","9","1","1","0","0","6","Psybadek"
"Inva-taxi","10829","Inva-taxi","360","60","6","1","1","0","0","6","Inva-taxi"
"I Must Run","10830","I Must Run","360","60","6","1","1","0","0","6","I Must Run"
"Pro Pinball: Big Race USA","10831","Pro Pinball: Big Race USA","1440","240","10","1","1","0","0","6","Pro Pinball: Big Race USA"
"Crazy Eights","10832","Crazy Eights","3240","540","20","1","2","0","0","6","Crazy Eights"
"Winter Challenge","10833","Winter Challenge","2160","360","11","1","1","0","0","6","Winter Challenge"
"Naruto Shippuuden: Gekitou Ninja Taisen! EX 2","10834","Naruto Shippuuden: Gekitou Ninja Taisen! EX 2","4320","720","22","1","4","0","0","6","Naruto Shippuuden: Gekitou Ninja Taisen! EX 2"
"Combat Cars","10835","Combat Cars","360","60","6","1","0","0","0","6","Combat Cars"
"ZeroRanger","10836","ZeroRanger","6480","1080","33","1","4","0","0","6","ZeroRanger"
"Thundercade","10837","Thundercade","1080","180","15","1","3","0","0","6","Thundercade"
"SingStar Latino","10838","SingStar Latino","2520","420","11","1","2","0","0","6","SingStar Latino"
"Mos Speedrun","10839","Mos Speedrun","1080","180","14","1","1","0","0","6","Mos Speedrun"
"Missing Translation","10840","Missing Translation","78120","13020","372","2","91","0","0","6","Missing Translation"
"Verlies II","10841","Verlies II","720","120","7","1","1","0","0","6","Verlies II"
"Decay - Part 4","10842","Decay - Part 4","1080","180","8","1","1","0","0","6","Decay - Part 4"
"Vampire Chronicle For Matching Service","10843","Vampire Chronicle For Matching Service","720","120","11","1","2","0","0","6","Vampire Chronicle For Matching Service"
"Monaco Grand Prix Racing Simulation 2","10844","Monaco Grand Prix Racing Simulation 2","360","60","7","1","1","0","0","6","Monaco Grand Prix Racing Simulation 2"
"Ports of Call","10845","Ports of Call","5400","900","27","1","6","0","0","6","Ports of Call"
"Ultima VII: The Forge of Virtue","10846","Ultima VII: The Forge of Virtue","360","60","9","1","1","0","0","6","Ultima VII: The Forge of Virtue"
"The Hip Hop Dance Experience","10847","The Hip Hop Dance Experience","1440","240","9","1","2","0","0","6","The Hip Hop Dance Experience"
"Press Your Luck 2010","10848","Press Your Luck 2010","1800","300","17","1","1","0","0","6","Press Your Luck 2010"
"4x4 Dream Race","10849","4x4 Dream Race","1440","240","18","1","2","0","0","6","4x4 Dream Race"
"beatmania IIDX 11 IIDX RED","10850","beatmania IIDX 11 IIDX RED","7200","1200","37","1","9","0","0","6","beatmania IIDX 11 IIDX RED"
"Capitalism Plus","10851","Capitalism Plus","3960","660","32","1","4","0","0","6","Capitalism Plus"
"You Don't Know Jack: Volume 6 - The Lost Gold","10852","You Don't Know Jack: Volume 6 - The Lost Gold","3600","600","17","1","4","0","0","6","You Don't Know Jack: Volume 6 - The Lost Gold"
"Street Fighter Collection 2","10853","Street Fighter Collection 2","2160","360","12","1","3","0","0","6","Street Fighter Collection 2"
"NASCAR 07","10854","NASCAR 07","360","60","6","1","1","0","0","6","NASCAR 07"
"7554","10855","7554","1080","180","13","1","1","0","0","6","7554"
"Ultraman Fighting Evolution","10856","Ultraman Fighting Evolution","1080","180","10","1","1","0","0","6","Ultraman Fighting Evolution"
"Win, Lose, or Draw","10857","Win, Lose, or Draw","360","60","7","1","1","0","0","6","Win, Lose, or Draw"
"Racer","10858","Racer","4680","780","23","1","7","0","0","6","Racer"
"Perry Rhodan: Operation Eastside","10859","Perry Rhodan: Operation Eastside","360","60","8","1","1","0","0","6","Perry Rhodan: Operation Eastside"
"Moto Racer 2","10860","Moto Racer 2","1440","240","14","1","3","0","0","6","Moto Racer 2"
"CyberPunks","10861","CyberPunks","6840","1140","12","1","3","0","0","6","CyberPunks"
"Advanced Dungeons & Dragons Collector's Edition Vol. 3","10862","Advanced Dungeons & Dragons Collector's Edition Vol. 3","360","60","6","1","0","0","0","6","Advanced Dungeons & Dragons Collector's Edition Vol. 3"
"One Upon Light","10863","One Upon Light","13680","2280","44","1","14","0","0","6","One Upon Light"
"Ivan ""Iron Man"" Stewart's Super Off Road","10864","Ivan ""Iron Man"" Stewart's Super Off Road","4320","720","16","1","4","0","0","6","Ivan ""Iron Man"" Stewart's Super Off Road"
"Mad Max","10865","Mad Max","31531260","5259060","7586","43","15452","59","9","6","Mad Max"
"Pocahontas: Riverbend Adventures","10866","Pocahontas: Riverbend Adventures","5760","960","22","1","6","0","0","6","Pocahontas: Riverbend Adventures"
"Magician's Quest: Mysterious Times","10867","Magician's Quest: Mysterious Times","2160","360","23","1","3","0","0","6","Magician's Quest: Mysterious Times"
"Shannon Tweed's Attack of the Groupies","10868","Shannon Tweed's Attack of the Groupies","1080","180","7","1","1","0","0","6","Shannon Tweed's Attack of the Groupies"
"Napple Tale: Arsia in Daydream","10869","Napple Tale: Arsia in Daydream","1080","180","7","1","1","0","0","6","Napple Tale: Arsia in Daydream"
"Wildlife Park","10870","Wildlife Park","18720","3120","59","1","17","0","0","6","Wildlife Park"
"Magical Drop","10871","Magical Drop","360","60","6","1","0","0","0","6","Magical Drop"
"Little Computer People","10872","Little Computer People","1800","300","18","1","2","0","0","6","Little Computer People"
"ATV Offroad Fury 4","10873","ATV Offroad Fury 4","360","60","7","1","1","0","0","6","ATV Offroad Fury 4"
"Final Fantasy IV: The Complete Collection","10874","Final Fantasy IV: The Complete Collection","301380","50220","56","3","78","0","0","6","Final Fantasy IV: The Complete Collection"
"Crazy Cars","10875","Crazy Cars","1080","180","14","1","2","0","0","6","Crazy Cars"
"Rocket Lander","10876","Rocket Lander","2520","420","28","1","4","0","0","6","Rocket Lander"
"SpongeBob SquarePants: Plankton's Robotic Revenge","10877","SpongeBob SquarePants: Plankton's Robotic Revenge","8640","1440","24","1","9","0","0","6","SpongeBob SquarePants: Plankton's Robotic Revenge"
"Despair 3","10878","Despair 3","1440","240","10","1","3","0","0","6","Despair 3"
"Backyard Football","10879","Backyard Football","14760","2460","77","1","16","0","0","6","Backyard Football"
"Rogue: The Adventure Game","10880","Rogue: The Adventure Game","360","60","8","1","1","0","0","6","Rogue: The Adventure Game"
"One Piece: Dance Battle","10881","One Piece: Dance Battle","360","60","6","1","1","0","0","6","One Piece: Dance Battle"
"Void Invaders","10882","Void Invaders","14040","2340","191","2","15","0","0","6","Void Invaders"
"Anarchy in the Nippon","10883","Anarchy in the Nippon","360","60","6","1","0","0","0","6","Anarchy in the Nippon"
"Nebula: Sole Survivor","10884","Nebula: Sole Survivor","1080","180","18","1","3","0","0","6","Nebula: Sole Survivor"
"Victoria: An Empire Under the Sun","10885","Victoria: An Empire Under the Sun","360","60","6","1","0","0","0","6","Victoria: An Empire Under the Sun"
"The Deed","10886","The Deed","53280","8880","155","1","56","0","0","6","The Deed"
"Mr. Driller 2","10887","Mr. Driller 2","3600","600","24","1","4","0","0","6","Mr. Driller 2"
"Spidercide","10888","Spidercide","2160","360","10","1","2","0","0","6","Spidercide"
"The Suite Life of Zack & Cody: Circle of Spies","10889","The Suite Life of Zack & Cody: Circle of Spies","360","60","6","1","0","0","0","6","The Suite Life of Zack & Cody: Circle of Spies"
"Crisis Mountain","10890","Crisis Mountain","360","60","6","1","0","0","0","6","Crisis Mountain"
"Mario Artist: Paint Studio","10891","Mario Artist: Paint Studio","2520","420","20","1","3","0","0","6","Mario Artist: Paint Studio"
"Sven Bømwøllen","10892","Sven Bømwøllen","1440","240","13","1","3","0","0","6","Sven Bømwøllen"
"Impulse!","10893","Impulse!","5040","840","12","1","2","0","0","6","Impulse!"
"Front Page Sports: Football Pro '96 Season","10894","Front Page Sports: Football Pro '96 Season","360","60","7","1","1","0","0","6","Front Page Sports: Football Pro '96 Season"
"Dawn of Magic 2","10895","Dawn of Magic 2","360","60","8","1","2","0","0","6","Dawn of Magic 2"
"Girls' RPG: Cinderella Life","10896","Girls' RPG: Cinderella Life","360","60","8","1","0","0","0","6","Girls' RPG: Cinderella Life"
"The Reject Demon: Toko","10897","The Reject Demon: Toko","360","60","6","1","1","0","0","6","The Reject Demon: Toko"
"Space Impossible","10898","Space Impossible","10080","1680","37","1","6","0","0","6","Space Impossible"
"Xyzolog","10899","Xyzolog","360","60","7","1","1","0","0","6","Xyzolog"
"Sudoku Challenge!","10900","Sudoku Challenge!","1800","300","10","1","1","0","0","6","Sudoku Challenge!"