"","","Game","Watch time","Stream time","Peak viewers","Peak channels","Streamers","Average viewers","Average channels","Average viewer ratio",""
"Arkanoid","12401","Arkanoid","22860","4860","37","2","23","0","0","4.7","Arkanoid"
"DK: King of Swing","12402","DK: King of Swing","22260","4740","46","3","10","0","0","4.7","DK: King of Swing"
"Talkman Travel","12403","Talkman Travel","62820","13380","156","2","36","0","0","4.7","Talkman Travel"
"Putt-Putt and Pep's Balloon-o-Rama","12404","Putt-Putt and Pep's Balloon-o-Rama","5640","1200","20","1","8","0","0","4.7","Putt-Putt and Pep's Balloon-o-Rama"
"Naruto Shippūden: Gekitō Ninja Taisen! Special","12405","Naruto Shippūden: Gekitō Ninja Taisen! Special","5640","1200","14","1","3","0","0","4.7","Naruto Shippūden: Gekitō Ninja Taisen! Special"
"Super Hipster Lumberjack","12406","Super Hipster Lumberjack","20040","4260","26","2","24","0","0","4.7","Super Hipster Lumberjack"
"Alpha","12407","Alpha","12120","2580","20","2","8","0","0","4.7","Alpha"
"Red Earth","12408","Red Earth","7620","1620","24","1","12","0","0","4.7","Red Earth"
"Top Eleven","12409","Top Eleven","43980","9360","20","1","22","0","0","4.7","Top Eleven"
"Zed Blade","12410","Zed Blade","2820","600","22","1","4","0","0","4.7","Zed Blade"
"MegaTagmension Blanc + Neptune VS Zombies","12411","MegaTagmension Blanc + Neptune VS Zombies","307500","65580","87","8","201","0","0","4.69","MegaTagmension Blanc + Neptune VS Zombies"
"Reaction Rally","12412","Reaction Rally","4500","960","28","1","9","0","0","4.69","Reaction Rally"
"Starsky & Hutch","12413","Starsky & Hutch","4500","960","34","1","7","0","0","4.69","Starsky & Hutch"
"Blades of Steel","12414","Blades of Steel","30420","6480","142","1","39","0","0","4.69","Blades of Steel"
"Orion: Prelude","12415","Orion: Prelude","565020","120420","1803","4","780","1","0","4.69","Orion: Prelude"
"Twinsen's Odyssey","12416","Twinsen's Odyssey","97680","20820","144","2","54","0","0","4.69","Twinsen's Odyssey"
"Western Outlaw: Wanted Dead or Alive","12417","Western Outlaw: Wanted Dead or Alive","3660","780","9","1","1","0","0","4.69","Western Outlaw: Wanted Dead or Alive"
"Pirate Pop Plus","12418","Pirate Pop Plus","7320","1560","49","1","12","0","0","4.69","Pirate Pop Plus"
"Aegism","12419","Aegism","20520","4380","19","2","6","0","0","4.68","Aegism"
"Earthlock: Festival Of Magic","12420","Earthlock: Festival Of Magic","1407840","300840","687","59","1886","2","0","4.68","Earthlock: Festival Of Magic"
"SD Gundam G Generation Spirits","12421","SD Gundam G Generation Spirits","8700","1860","13","1","2","0","0","4.68","SD Gundam G Generation Spirits"
"Toki Tori 2","12422","Toki Tori 2","36540","7800","97","1","32","0","0","4.68","Toki Tori 2"
"Love Plus","12423","Love Plus","26940","5760","60","1","13","0","0","4.68","Love Plus"
"Fading Hearts","12424","Fading Hearts","7860","1680","10","1","3","0","0","4.68","Fading Hearts"
"Nightmare in the Dark","12425","Nightmare in the Dark","5340","1140","15","3","7","0","0","4.68","Nightmare in the Dark"
"Sword Coast Legends","12426","Sword Coast Legends","998340","213540","366","10","616","1","0","4.68","Sword Coast Legends"
"Sono Hanabira ni Kuchizuke o: Tenshi no Hanabira Zome","12427","Sono Hanabira ni Kuchizuke o: Tenshi no Hanabira Zome","7860","1680","19","1","5","0","0","4.68","Sono Hanabira ni Kuchizuke o: Tenshi no Hanabira Zome"
"Star Wars: Episode I - Jedi Power Battles","12428","Star Wars: Episode I - Jedi Power Battles","24420","5220","30","1","16","0","0","4.68","Star Wars: Episode I - Jedi Power Battles"
"V-Rally 3","12429","V-Rally 3","5340","1140","18","1","3","0","0","4.68","V-Rally 3"
"Aura: Fate of the Ages","12430","Aura: Fate of the Ages","22200","4740","29","1","5","0","0","4.68","Aura: Fate of the Ages"
"English of the Dead","12431","English of the Dead","840","180","16","1","2","0","0","4.67","English of the Dead"
"Flood","12432","Flood","2520","540","9","1","2","0","0","4.67","Flood"
"National Lampoon's Blind Date","12433","National Lampoon's Blind Date","840","180","8","1","1","0","0","4.67","National Lampoon's Blind Date"
"The Price is Right 2010","12434","The Price is Right 2010","1680","360","8","1","2","0","0","4.67","The Price is Right 2010"
"The Adventures of Captain Comic","12435","The Adventures of Captain Comic","4200","900","35","1","4","0","0","4.67","The Adventures of Captain Comic"
"Army Men: Sarge's Heroes","12436","Army Men: Sarge's Heroes","33900","7260","69","1","28","0","0","4.67","Army Men: Sarge's Heroes"
"Beach Volleyball","12437","Beach Volleyball","840","180","8","1","1","0","0","4.67","Beach Volleyball"
"Kingdom Wars 2: Battles","12438","Kingdom Wars 2: Battles","55500","11880","463","2","55","0","0","4.67","Kingdom Wars 2: Battles"
"Ephemeral Fantasia","12439","Ephemeral Fantasia","26880","5760","26","1","9","0","0","4.67","Ephemeral Fantasia"
"Dragon Ball","12440","Dragon Ball","10080","2160","83","1","14","0","0","4.67","Dragon Ball"
"Intrusion 2","12441","Intrusion 2","23820","5100","56","1","30","0","0","4.67","Intrusion 2"
"Fist of Awesome","12442","Fist of Awesome","11220","2400","52","1","9","0","0","4.67","Fist of Awesome"
"Wargame: AirLand Battle","12443","Wargame: AirLand Battle","77820","16680","108","2","79","0","0","4.67","Wargame: AirLand Battle"
"The Voice: I Want You","12444","The Voice: I Want You","840","180","10","1","1","0","0","4.67","The Voice: I Want You"
"Deer Avenger 3D","12445","Deer Avenger 3D","840","180","9","1","1","0","0","4.67","Deer Avenger 3D"
"Hole","12446","Hole","840","180","7","1","1","0","0","4.67","Hole"
"Empire of the Gods","12447","Empire of the Gods","840","180","10","1","2","0","0","4.67","Empire of the Gods"
"Nihilist","12448","Nihilist","840","180","11","1","1","0","0","4.67","Nihilist"
"Inexistence","12449","Inexistence","57180","12240","101","2","58","0","0","4.67","Inexistence"
"Chronicles of a Dark Lord: Episode II War of The Abyss","12450","Chronicles of a Dark Lord: Episode II War of The Abyss","840","180","7","1","1","0","0","4.67","Chronicles of a Dark Lord: Episode II War of The Abyss"
"WWF Road to WrestleMania","12451","WWF Road to WrestleMania","840","180","14","1","1","0","0","4.67","WWF Road to WrestleMania"
"Pencil Whipped","12452","Pencil Whipped","840","180","7","1","1","0","0","4.67","Pencil Whipped"
"Laser Zone","12453","Laser Zone","6720","1440","12","1","1","0","0","4.67","Laser Zone"
"Mystery Mansion Pinball","12454","Mystery Mansion Pinball","840","180","7","1","1","0","0","4.67","Mystery Mansion Pinball"
"Canyon Climber","12455","Canyon Climber","840","180","5","1","1","0","0","4.67","Canyon Climber"
"Disney's Kim Possible: Revenge of Monkey Fist","12456","Disney's Kim Possible: Revenge of Monkey Fist","840","180","6","1","2","0","0","4.67","Disney's Kim Possible: Revenge of Monkey Fist"
"SD Gundam G Generation DS","12457","SD Gundam G Generation DS","840","180","7","1","1","0","0","4.67","SD Gundam G Generation DS"
"Operation Thunderstorm","12458","Operation Thunderstorm","840","180","7","1","1","0","0","4.67","Operation Thunderstorm"
"Vee is Calling","12459","Vee is Calling","2520","540","9","1","2","0","0","4.67","Vee is Calling"
"Chou Gekijoban Keroro Gunsou: Gekishin Dragon Warriors de Arimasu!","12460","Chou Gekijoban Keroro Gunsou: Gekishin Dragon Warriors de Arimasu!","840","180","9","1","1","0","0","4.67","Chou Gekijoban Keroro Gunsou: Gekishin Dragon Warriors de Arimasu!"
"Innercube","12461","Innercube","840","180","7","1","1","0","0","4.67","Innercube"
"Spelling Challenges and More","12462","Spelling Challenges and More","840","180","8","1","1","0","0","4.67","Spelling Challenges and More"
"Kenka Bancho 4: Ichinen Sensou","12463","Kenka Bancho 4: Ichinen Sensou","840","180","8","1","1","0","0","4.67","Kenka Bancho 4: Ichinen Sensou"
"WWF SmackDown! Just Bring It","12464","WWF SmackDown! Just Bring It","11460","2460","28","1","17","0","0","4.66","WWF SmackDown! Just Bring It"
"WWE Day of Reckoning","12465","WWE Day of Reckoning","17340","3720","66","1","18","0","0","4.66","WWE Day of Reckoning"
"College Hoops 2K8","12466","College Hoops 2K8","20700","4440","43","1","6","0","0","4.66","College Hoops 2K8"
"MySims Kingdom","12467","MySims Kingdom","10320","2220","16","2","4","0","0","4.65","MySims Kingdom"
"Umineko no Naku Koro ni Chiru Episode 8: Twilight of the golden witch","12468","Umineko no Naku Koro ni Chiru Episode 8: Twilight of the golden witch","12840","2760","12","1","3","0","0","4.65","Umineko no Naku Koro ni Chiru Episode 8: Twilight of the golden witch"
"Sanrio World Smash Ball!","12469","Sanrio World Smash Ball!","6420","1380","37","1","7","0","0","4.65","Sanrio World Smash Ball!"
"Magi Nation","12470","Magi Nation","14520","3120","80","2","9","0","0","4.65","Magi Nation"
"Back to the Future: The Game - Episode 1: It's About Time","12471","Back to the Future: The Game - Episode 1: It's About Time","265140","57000","171","3","270","0","0","4.65","Back to the Future: The Game - Episode 1: It's About Time"
"Broforce","12472","Broforce","12638940","2720280","7067","135","20008","23","5","4.65","Broforce"
"BattleTanx","12473","BattleTanx","13380","2880","18","1","8","0","0","4.65","BattleTanx"
"Wild Arms Alter Code: F","12474","Wild Arms Alter Code: F","48000","10320","62","1","17","0","0","4.65","Wild Arms Alter Code: F"
"Section 8: Prejudice","12475","Section 8: Prejudice","22020","4740","52","1","17","0","0","4.65","Section 8: Prejudice"
"Touhou Genso Rondo: Bullet Ballet","12476","Touhou Genso Rondo: Bullet Ballet","27060","5820","42","2","27","0","0","4.65","Touhou Genso Rondo: Bullet Ballet"
"Scavenger","12477","Scavenger","5580","1200","11","1","1","0","0","4.65","Scavenger"
"Slam!","12478","Slam!","3900","840","9","1","1","0","0","4.64","Slam!"
"The Trail","12479","The Trail","16140","3480","84","1","19","0","0","4.64","The Trail"
"The Sandbox Evolution","12480","The Sandbox Evolution","13080","2820","75","1","15","0","0","4.64","The Sandbox Evolution"
"F.E.A.R. 2: Reborn","12481","F.E.A.R. 2: Reborn","24240","5220","71","1","23","0","0","4.64","F.E.A.R. 2: Reborn"
"Panzar: Forged By Chaos","12482","Panzar: Forged By Chaos","2696100","581400","2159","10","471","5","1","4.64","Panzar: Forged By Chaos"
"Touhou 04 - Lotus Land Story","12483","Touhou 04 - Lotus Land Story","12240","2640","66","1","16","0","0","4.64","Touhou 04 - Lotus Land Story"
"GrimGrimoire","12484","GrimGrimoire","17820","3840","26","1","10","0","0","4.64","GrimGrimoire"
"Wolfchild","12485","Wolfchild","3900","840","24","1","6","0","0","4.64","Wolfchild"
"Snowcat Simulator","12486","Snowcat Simulator","6120","1320","43","1","4","0","0","4.64","Snowcat Simulator"
"SD Gundam G Next","12487","SD Gundam G Next","8880","1920","22","1","1","0","0","4.63","SD Gundam G Next"
"Blade II","12488","Blade II","9720","2100","23","1","7","0","0","4.63","Blade II"
"Combat Arms","12489","Combat Arms","3835980","828720","422","11","1728","7","1","4.63","Combat Arms"
"Super Robot Wars Alpha 2","12490","Super Robot Wars Alpha 2","38040","8220","20","1","4","0","0","4.63","Super Robot Wars Alpha 2"
"Viewtiful Joe 2","12491","Viewtiful Joe 2","37800","8160","309","1","22","0","0","4.63","Viewtiful Joe 2"
"Musashi: Samurai Legend","12492","Musashi: Samurai Legend","28920","6240","123","1","21","0","0","4.63","Musashi: Samurai Legend"
"Digimon World 4","12493","Digimon World 4","204780","44220","53","2","76","0","0","4.63","Digimon World 4"
"Pro Cycling Manager","12494","Pro Cycling Manager","22500","4860","83","1","23","0","0","4.63","Pro Cycling Manager"
"Schizm: Mysterious Journey","12495","Schizm: Mysterious Journey","8340","1800","11","1","2","0","0","4.63","Schizm: Mysterious Journey"
"Sumer","12496","Sumer","4440","960","11","1","2","0","0","4.63","Sumer"
"Governor of Poker","12497","Governor of Poker","8040","1740","16","1","11","0","0","4.62","Governor of Poker"
"Gunblade NY & LA Machineguns Arcade Hits Pack","12498","Gunblade NY & LA Machineguns Arcade Hits Pack","3600","780","14","1","4","0","0","4.62","Gunblade NY & LA Machineguns Arcade Hits Pack"
"Touhou 10.5 - Scarlet Weather Rhapsody","12499","Touhou 10.5 - Scarlet Weather Rhapsody","26040","5640","43","1","32","0","0","4.62","Touhou 10.5 - Scarlet Weather Rhapsody"
"Alien Carnage","12500","Alien Carnage","10800","2340","39","1","12","0","0","4.62","Alien Carnage"