"","","Game","Watch time","Stream time","Peak viewers","Peak channels","Streamers","Average viewers","Average channels","Average viewer ratio",""
"1916 - Der unbekannte Krieg","5401","1916 - Der unbekannte Krieg","34200","1740","424","1","19","0","0","19.66","1916 - Der unbekannte Krieg"
"Divinity II: The Dragon Knight Saga","5402","Divinity II: The Dragon Knight Saga","508020","25860","284","3","43","0","0","19.65","Divinity II: The Dragon Knight Saga"
"Double Action: Boogaloo","5403","Double Action: Boogaloo","1250100","63660","5247","3","442","2","0","19.64","Double Action: Boogaloo"
"Dead Space 3","5404","Dead Space 3","25107960","1278720","9982","30","4152","47","2","19.64","Dead Space 3"
"Super Spike V'Ball/Nintendo World Cup","5405","Super Spike V'Ball/Nintendo World Cup","16500","840","68","1","4","0","0","19.64","Super Spike V'Ball/Nintendo World Cup"
"Spider-Man: The Sinister Six","5406","Spider-Man: The Sinister Six","9420","480","29","1","1","0","0","19.63","Spider-Man: The Sinister Six"
"Pilotwings Resort","5407","Pilotwings Resort","9420","480","54","1","4","0","0","19.63","Pilotwings Resort"
"DubWars","5408","DubWars","293160","14940","388","5","96","0","0","19.62","DubWars"
"Unholy Heights","5409","Unholy Heights","700560","35700","1779","2","138","1","0","19.62","Unholy Heights"
"Beyond the Beyond","5410","Beyond the Beyond","295500","15060","284","2","19","0","0","19.62","Beyond the Beyond"
"Galaxy Force II","5411","Galaxy Force II","32940","1680","43","1","4","0","0","19.61","Galaxy Force II"
"Nexzr","5412","Nexzr","5880","300","30","1","1","0","0","19.6","Nexzr"
"Jim Power: The Lost Dimension in 3D","5413","Jim Power: The Lost Dimension in 3D","41160","2100","211","2","11","0","0","19.6","Jim Power: The Lost Dimension in 3D"
"Locomotion","5414","Locomotion","101100","5160","274","1","18","0","0","19.59","Locomotion"
"Casino!","5415","Casino!","14100","720","112","1","5","0","0","19.58","Casino!"
"Gothic 3","5416","Gothic 3","6766440","345540","4289","6","507","12","0","19.58","Gothic 3"
"Sunset Riders","5417","Sunset Riders","792660","40500","1270","3","196","1","0","19.57","Sunset Riders"
"The Talos Principle","5418","The Talos Principle","18614340","951600","105606","16","2744","35","1","19.56","The Talos Principle"
"Tenchu: Stealth Assassins","5419","Tenchu: Stealth Assassins","327480","16740","4773","2","77","0","0","19.56","Tenchu: Stealth Assassins"
"Diablo III: Reaper of Souls","5420","Diablo III: Reaper of Souls","1138567860","58281300","57383","2185","85916","2160","110","19.54","Diablo III: Reaper of Souls"
"Who Wants To Be A Millionaire: Second Edition","5421","Who Wants To Be A Millionaire: Second Edition","41040","2100","205","1","8","0","0","19.54","Who Wants To Be A Millionaire: Second Edition"
"Flight of the Amazon Queen","5422","Flight of the Amazon Queen","58620","3000","262","1","8","0","0","19.54","Flight of the Amazon Queen"
"Rayman Designer","5423","Rayman Designer","17580","900","78","1","4","0","0","19.53","Rayman Designer"
"Sproggiwood","5424","Sproggiwood","103140","5280","372","2","21","0","0","19.53","Sproggiwood"
"Extreme-G","5425","Extreme-G","60900","3120","269","1","20","0","0","19.52","Extreme-G"
"Pac-Man 256","5426","Pac-Man 256","1617900","82920","4532","8","481","3","0","19.51","Pac-Man 256"
"Stuntman","5427","Stuntman","80760","4140","313","1","11","0","0","19.51","Stuntman"
"Mega Man 3","5428","Mega Man 3","1951860","100020","1705","8","354","3","0","19.51","Mega Man 3"
"Foxhole","5429","Foxhole","148680","7620","2765","4","39","0","0","19.51","Foxhole"
"Geometry Wars: Touch","5430","Geometry Wars: Touch","2340","120","38","1","2","0","0","19.5","Geometry Wars: Touch"
"Santa Fe Mysteries: The Elk Moon Murder","5431","Santa Fe Mysteries: The Elk Moon Murder","7020","360","32","1","2","0","0","19.5","Santa Fe Mysteries: The Elk Moon Murder"
"Sonic & Knuckles","5432","Sonic & Knuckles","2672640","137040","3733","6","607","5","0","19.5","Sonic & Knuckles"
"No-One Has To Die","5433","No-One Has To Die","2340","120","24","1","1","0","0","19.5","No-One Has To Die"
"Astropop","5434","Astropop","4680","240","76","1","1","0","0","19.5","Astropop"
"Chaos Overlords","5435","Chaos Overlords","2340","120","23","1","1","0","0","19.5","Chaos Overlords"
"Seven Knights","5436","Seven Knights","21139980","1084740","790","12","826","40","2","19.49","Seven Knights"
"Caravan","5437","Caravan","146160","7500","299","3","27","0","0","19.49","Caravan"
"Total Recall","5438","Total Recall","26880","1380","189","1","8","0","0","19.48","Total Recall"
"Super Street Fighter II Turbo HD Remix","5439","Super Street Fighter II Turbo HD Remix","119220","6120","498","2","38","0","0","19.48","Super Street Fighter II Turbo HD Remix"
"Fenix Rage","5440","Fenix Rage","77160","3960","614","1","15","0","0","19.48","Fenix Rage"
"You Have to Win the Game","5441","You Have to Win the Game","764340","39240","1358","3","191","1","0","19.48","You Have to Win the Game"
"The Sims 3: Late Night","5442","The Sims 3: Late Night","94620","4860","534","2","23","0","0","19.47","The Sims 3: Late Night"
"Super Bonk","5443","Super Bonk","56040","2880","388","1","22","0","0","19.46","Super Bonk"
"Cookie Clicker","5444","Cookie Clicker","4550280","234000","1023","5","471","8","0","19.45","Cookie Clicker"
"EverQuest Online Adventures","5445","EverQuest Online Adventures","12840","660","41","1","2","0","0","19.45","EverQuest Online Adventures"
"Super Turrican 2","5446","Super Turrican 2","42000","2160","125","1","7","0","0","19.44","Super Turrican 2"
"Fatal Frame II: Crimson Butterfly","5447","Fatal Frame II: Crimson Butterfly","3067860","157800","2446","8","331","5","0","19.44","Fatal Frame II: Crimson Butterfly"
"Guerrilla War","5448","Guerrilla War","72300","3720","285","2","19","0","0","19.44","Guerrilla War"
"ÜberSoldier","5449","ÜberSoldier","50100","2580","72","1","3","0","0","19.42","ÜberSoldier"
"Space Quest 6: Roger Wilco in the Spinal Frontier","5450","Space Quest 6: Roger Wilco in the Spinal Frontier","111840","5760","96","2","18","0","0","19.42","Space Quest 6: Roger Wilco in the Spinal Frontier"
"Five Nights at Freddy's 4: The Final Chapter","5451","Five Nights at Freddy's 4: The Final Chapter","3579720","184320","10184","6","1226","6","0","19.42","Five Nights at Freddy's 4: The Final Chapter"
"Puzzle Bobble VS","5452","Puzzle Bobble VS","22140","1140","173","1","9","0","0","19.42","Puzzle Bobble VS"
"ChuSinGura 46+1","5453","ChuSinGura 46+1","130500","6720","1447","2","36","0","0","19.42","ChuSinGura 46+1"
"Trains","5454","Trains","19800","1020","156","1","5","0","0","19.41","Trains"
"Way of the Dogg","5455","Way of the Dogg","5820","300","35","1","1","0","0","19.4","Way of the Dogg"
"Nightmares from the Deep 3: Davy Jones","5456","Nightmares from the Deep 3: Davy Jones","164100","8460","449","2","22","0","0","19.4","Nightmares from the Deep 3: Davy Jones"
"Final Fantasy Fables: Chocobo's Dungeon","5457","Final Fantasy Fables: Chocobo's Dungeon","270000","13920","241","2","18","0","0","19.4","Final Fantasy Fables: Chocobo's Dungeon"
"Street Sk8er","5458","Street Sk8er","26760","1380","100","1","4","0","0","19.39","Street Sk8er"
"Might & Magic: Clash of Heroes","5459","Might & Magic: Clash of Heroes","515340","26580","1147","2","127","0","0","19.39","Might & Magic: Clash of Heroes"
"Tesla Effect","5460","Tesla Effect","791100","40800","1829","2","96","1","0","19.39","Tesla Effect"
"R-Type II","5461","R-Type II","44160","2280","41","1","5","0","0","19.37","R-Type II"
"KISS: Psycho Circus - The Nightmare Child","5462","KISS: Psycho Circus - The Nightmare Child","32520","1680","390","1","9","0","0","19.36","KISS: Psycho Circus - The Nightmare Child"
"Cocoron","5463","Cocoron","45300","2340","585","2","13","0","0","19.36","Cocoron"
"Rocket: Robot on Wheels","5464","Rocket: Robot on Wheels","288060","14880","215","3","25","0","0","19.36","Rocket: Robot on Wheels"
"Chicken","5465","Chicken","106800","5520","262","1","21","0","0","19.35","Chicken"
"Kishin Douji Zenki: Batoru Raiden","5466","Kishin Douji Zenki: Batoru Raiden","19740","1020","128","4","7","0","0","19.35","Kishin Douji Zenki: Batoru Raiden"
"WRC 6","5467","WRC 6","232080","12000","889","3","40","0","0","19.34","WRC 6"
"Pop Cutie! Street Fashion Simulation","5468","Pop Cutie! Street Fashion Simulation","3480","180","26","1","1","0","0","19.33","Pop Cutie! Street Fashion Simulation"
"Snakebird","5469","Snakebird","390900","20220","702","2","79","0","0","19.33","Snakebird"
"Crusader: No Remorse","5470","Crusader: No Remorse","206340","10680","121","2","21","0","0","19.32","Crusader: No Remorse"
"Mario Kart 7","5471","Mario Kart 7","2287560","118380","2624","4","245","4","0","19.32","Mario Kart 7"
"Scrabble","5472","Scrabble","1239000","64140","3933","3","175","2","0","19.32","Scrabble"
"Bubsy in: Claws Encounters of the Furred Kind","5473","Bubsy in: Claws Encounters of the Furred Kind","261780","13560","822","3","81","0","0","19.31","Bubsy in: Claws Encounters of the Furred Kind"
"The Interview","5474","The Interview","18540","960","99","1","7","0","0","19.31","The Interview"
"Unlimited SaGa","5475","Unlimited SaGa","69480","3600","512","1","12","0","0","19.3","Unlimited SaGa"
"Defense Grid: The Awakening","5476","Defense Grid: The Awakening","229200","11880","447","2","44","0","0","19.29","Defense Grid: The Awakening"
"Lethal Enforcers","5477","Lethal Enforcers","28920","1500","77","1","8","0","0","19.28","Lethal Enforcers"
"Blackwell Unbound","5478","Blackwell Unbound","172320","8940","189","1","36","0","0","19.28","Blackwell Unbound"
"Alan Wake","5479","Alan Wake","23136720","1200360","9444","17","4500","43","2","19.27","Alan Wake"
"Sonic and the Black Knight","5480","Sonic and the Black Knight","275040","14280","654","4","52","0","0","19.26","Sonic and the Black Knight"
"Sam & Max Episode 205: What's New, Beelzebub?","5481","Sam & Max Episode 205: What's New, Beelzebub?","46200","2400","78","1","6","0","0","19.25","Sam & Max Episode 205: What's New, Beelzebub?"
"Metal Slug: 2nd Mission","5482","Metal Slug: 2nd Mission","4620","240","34","1","3","0","0","19.25","Metal Slug: 2nd Mission"
"JSRF: Jet Set Radio Future","5483","JSRF: Jet Set Radio Future","2629620","136680","3068","7","121","4","0","19.24","JSRF: Jet Set Radio Future"
"Garry's Mod","5484","Garry's Mod","382729440","19887360","36454","133","50443","726","37","19.24","Garry's Mod"
"Mega Man Zero 4","5485","Mega Man Zero 4","679980","35340","879","3","73","1","0","19.24","Mega Man Zero 4"
"Disciples II: Rise of the Elves","5486","Disciples II: Rise of the Elves","1392780","72420","879","3","84","2","0","19.23","Disciples II: Rise of the Elves"
"The Pink Panther Passport to Peril","5487","The Pink Panther Passport to Peril","25380","1320","84","1","6","0","0","19.23","The Pink Panther Passport to Peril"
"Quest for Glory III: Wages of War","5488","Quest for Glory III: Wages of War","115320","6000","244","1","16","0","0","19.22","Quest for Glory III: Wages of War"
"Football Manager 2016","5489","Football Manager 2016","46714380","2430600","10545","23","2959","88","4","19.22","Football Manager 2016"
"Dragon Warrior","5490","Dragon Warrior","5642400","293520","1633","13","211","10","0","19.22","Dragon Warrior"
"Hugo","5491","Hugo","43800","2280","169","1","18","0","0","19.21","Hugo"
"Psychic Force","5492","Psychic Force","5760","300","42","1","2","0","0","19.2","Psychic Force"
"Case Closed","5493","Case Closed","12660","660","203","1","3","0","0","19.18","Case Closed"
"Quake Live","5494","Quake Live","25021320","1304460","10392","16","1697","47","2","19.18","Quake Live"
"EA Sports UFC 2","5495","EA Sports UFC 2","249981180","13040220","49895","254","37691","474","24","19.17","EA Sports UFC 2"
"Stranger by Night","5496","Stranger by Night","6900","360","82","1","3","0","0","19.17","Stranger by Night"
"Donkey Kong Classics","5497","Donkey Kong Classics","67800","3540","375","1","21","0","0","19.15","Donkey Kong Classics"
"Space Quest: The Sarien Encounter","5498","Space Quest: The Sarien Encounter","127440","6660","300","1","27","0","0","19.14","Space Quest: The Sarien Encounter"
"Aliens: A Comic Book Adventure","5499","Aliens: A Comic Book Adventure","25260","1320","50","1","1","0","0","19.14","Aliens: A Comic Book Adventure"
"Legendary Wings","5500","Legendary Wings","47040","2460","292","1","17","0","0","19.12","Legendary Wings"