"","","Game","Watch time","Stream time","Peak viewers","Peak channels","Streamers","Average viewers","Average channels","Average viewer ratio",""
"Crimsonland","13201","Crimsonland","233400","56820","2255","3","198","0","0","4.11","Crimsonland"
"Franko: The Crazy Revenge","13202","Franko: The Crazy Revenge","2220","540","12","1","2","0","0","4.11","Franko: The Crazy Revenge"
"Torin's Passage","13203","Torin's Passage","18240","4440","16","2","17","0","0","4.11","Torin's Passage"
"We're Back! A Dinosaur's Story","13204","We're Back! A Dinosaur's Story","2220","540","8","1","5","0","0","4.11","We're Back! A Dinosaur's Story"
"Mystery P.I.: The Lottery Ticket","13205","Mystery P.I.: The Lottery Ticket","4680","1140","28","2","3","0","0","4.11","Mystery P.I.: The Lottery Ticket"
"One Tower","13206","One Tower","34980","8520","71","2","15","0","0","4.11","One Tower"
"Premium Pool","13207","Premium Pool","73260","17880","96","3","113","0","0","4.1","Premium Pool"
"Wrestle War","13208","Wrestle War","4920","1200","51","1","4","0","0","4.1","Wrestle War"
"GunZ The Duel","13209","GunZ The Duel","1218720","297120","525","7","512","2","0","4.1","GunZ The Duel"
"Call of Duty Online","13210","Call of Duty Online","364200","88860","596","4","458","0","0","4.1","Call of Duty Online"
"Touhou Hisoutensoku - Choudokyuu Ginyoru no Nazo o Oe","13211","Touhou Hisoutensoku - Choudokyuu Ginyoru no Nazo o Oe","206880","50460","107","3","148","0","0","4.1","Touhou Hisoutensoku - Choudokyuu Ginyoru no Nazo o Oe"
"Tetris Plus 2","13212","Tetris Plus 2","4920","1200","30","1","7","0","0","4.1","Tetris Plus 2"
".hack//MUTATION - Part 2","13213",".hack//MUTATION - Part 2","160320","39120","58","2","57","0","0","4.1",".hack//MUTATION - Part 2"
"Marble Blast Ultra","13214","Marble Blast Ultra","46920","11460","279","2","33","0","0","4.09","Marble Blast Ultra"
"Sakura Taisen","13215","Sakura Taisen","24540","6000","13","2","12","0","0","4.09","Sakura Taisen"
"Yu-Gi-Oh! GX Duel Academy","13216","Yu-Gi-Oh! GX Duel Academy","37260","9120","83","1","47","0","0","4.09","Yu-Gi-Oh! GX Duel Academy"
"RPG World Online","13217","RPG World Online","95640","23400","44","2","11","0","0","4.09","RPG World Online"
"10000000","13218","10000000","47820","11700","55","2","66","0","0","4.09","10000000"
"Abuse","13219","Abuse","5640","1380","21","1","6","0","0","4.09","Abuse"
"Dungeons of Dredmor","13220","Dungeons of Dredmor","314040","76860","275","3","243","0","0","4.09","Dungeons of Dredmor"
"Globulos Party","13221","Globulos Party","2700","660","21","1","4","0","0","4.09","Globulos Party"
"Iron Tank: The Invasion of Normandy","13222","Iron Tank: The Invasion of Normandy","5640","1380","25","1","3","0","0","4.09","Iron Tank: The Invasion of Normandy"
"Beach Fun: Summer Challenge","13223","Beach Fun: Summer Challenge","8340","2040","14","1","0","0","0","4.09","Beach Fun: Summer Challenge"
"The Lost World: Jurassic Park","13224","The Lost World: Jurassic Park","8100","1980","36","1","12","0","0","4.09","The Lost World: Jurassic Park"
"Train of Afterlife","13225","Train of Afterlife","2700","660","15","1","5","0","0","4.09","Train of Afterlife"
"Champions: Return to Arms","13226","Champions: Return to Arms","38280","9360","35","2","22","0","0","4.09","Champions: Return to Arms"
"King of the Road","13227","King of the Road","21120","5160","35","1","12","0","0","4.09","King of the Road"
"A Legend of Luca","13228","A Legend of Luca","8580","2100","49","1","10","0","0","4.09","A Legend of Luca"
"Ballistick","13229","Ballistick","2700","660","14","1","6","0","0","4.09","Ballistick"
"Atari Flashback Classics vol. 1","13230","Atari Flashback Classics vol. 1","26460","6480","40","2","63","0","0","4.08","Atari Flashback Classics vol. 1"
"Splat!","13231","Splat!","3180","780","11","1","2","0","0","4.08","Splat!"
"Swamp Gas Visits the United States of America","13232","Swamp Gas Visits the United States of America","9780","2400","14","1","3","0","0","4.08","Swamp Gas Visits the United States of America"
"Twisted Metal Small Brawl","13233","Twisted Metal Small Brawl","8820","2160","31","1","10","0","0","4.08","Twisted Metal Small Brawl"
"Lucky Luke: Western Fever","13234","Lucky Luke: Western Fever","2940","720","7","1","1","0","0","4.08","Lucky Luke: Western Fever"
"Dead Nation","13235","Dead Nation","100980","24780","104","2","999","0","0","4.08","Dead Nation"
"See No Evil","13236","See No Evil","3180","780","14","2","4","0","0","4.08","See No Evil"
"Xianjian Qixia Zhuan 3 Waizhuan: Wen Qing Pian","13237","Xianjian Qixia Zhuan 3 Waizhuan: Wen Qing Pian","10740","2640","9","1","1","0","0","4.07","Xianjian Qixia Zhuan 3 Waizhuan: Wen Qing Pian"
"Catmouth Island","13238","Catmouth Island","3420","840","14","1","5","0","0","4.07","Catmouth Island"
"The Young Indiana Jones Chronicles","13239","The Young Indiana Jones Chronicles","3420","840","22","1","3","0","0","4.07","The Young Indiana Jones Chronicles"
"Star Wars: Episode III - Revenge of the Sith","13240","Star Wars: Episode III - Revenge of the Sith","19800","4860","80","1","24","0","0","4.07","Star Wars: Episode III - Revenge of the Sith"
"Art Academy: Lessons for Everyone!","13241","Art Academy: Lessons for Everyone!","7080","1740","27","1","9","0","0","4.07","Art Academy: Lessons for Everyone!"
"FAQ Dodgers","13242","FAQ Dodgers","3420","840","10","1","7","0","0","4.07","FAQ Dodgers"
"Heroes of a Broken Land","13243","Heroes of a Broken Land","6600","1620","12","1","3","0","0","4.07","Heroes of a Broken Land"
"Pokémon Play It!","13244","Pokémon Play It!","6600","1620","36","1","6","0","0","4.07","Pokémon Play It!"
"Dead End Junction #1 Good Day to Migration","13245","Dead End Junction #1 Good Day to Migration","4140","1020","13","1","7","0","0","4.06","Dead End Junction #1 Good Day to Migration"
"Z. Year One","13246","Z. Year One","4380","1080","10","1","5","0","0","4.06","Z. Year One"
"Fight Club","13247","Fight Club","11700","2880","68","1","19","0","0","4.06","Fight Club"
"Might and Magic: Heroes VII","13248","Might and Magic: Heroes VII","493080","121320","148","4","162","0","0","4.06","Might and Magic: Heroes VII"
"Jersey Devil","13249","Jersey Devil","28740","7080","47","1","21","0","0","4.06","Jersey Devil"
"Mobile Suit Gundam: Crossfire","13250","Mobile Suit Gundam: Crossfire","8280","2040","9","1","5","0","0","4.06","Mobile Suit Gundam: Crossfire"
"America's Army","13251","America's Army","21900","5400","145","1","27","0","0","4.06","America's Army"
"Espgaluda II","13252","Espgaluda II","7560","1860","33","1","11","0","0","4.06","Espgaluda II"
"Test Drive: Off-Road 3","13253","Test Drive: Off-Road 3","19260","4740","33","1","12","0","0","4.06","Test Drive: Off-Road 3"
"Battle Bakraid","13254","Battle Bakraid","3900","960","18","1","5","0","0","4.06","Battle Bakraid"
"Growtopia","13255","Growtopia","2460000","606120","990","9","1175","4","1","4.06","Growtopia"
"StarDrive 2","13256","StarDrive 2","34800","8580","66","2","28","0","0","4.06","StarDrive 2"
"Ninja Crusaders","13257","Ninja Crusaders","4620","1140","17","1","10","0","0","4.05","Ninja Crusaders"
"Star Wars: Republic Commando","13258","Star Wars: Republic Commando","435600","107520","225","6","531","0","0","4.05","Star Wars: Republic Commando"
"Breach & Clear: Deadline","13259","Breach & Clear: Deadline","95220","23520","53","4","93","0","0","4.05","Breach & Clear: Deadline"
"Claw","13260","Claw","41340","10200","185","6","19","0","0","4.05","Claw"
"Monster Rancher Advance","13261","Monster Rancher Advance","18240","4500","17","1","6","0","0","4.05","Monster Rancher Advance"
"World War Toons","13262","World War Toons","223080","55080","113","6","343","0","0","4.05","World War Toons"
"Game Type","13263","Game Type","17760","4380","68","1","23","0","0","4.05","Game Type"
"Ecotone","13264","Ecotone","5100","1260","14","1","5","0","0","4.05","Ecotone"
"Pac 'n Roll","13265","Pac 'n Roll","5340","1320","32","2","3","0","0","4.05","Pac 'n Roll"
"Neon Chrome","13266","Neon Chrome","219600","54360","211","6","200","0","0","4.04","Neon Chrome"
"Total Extreme Wrestling 2016","13267","Total Extreme Wrestling 2016","74880","18540","28","2","52","0","0","4.04","Total Extreme Wrestling 2016"
"Trilby's Notes","13268","Trilby's Notes","6300","1560","12","1","6","0","0","4.04","Trilby's Notes"
"Ultima V: Warriors of Destiny","13269","Ultima V: Warriors of Destiny","22560","5580","13","2","7","0","0","4.04","Ultima V: Warriors of Destiny"
"Grand Prix 3","13270","Grand Prix 3","70800","17520","13","1","3","0","0","4.04","Grand Prix 3"
"Light","13271","Light","32520","8040","44","2","20","0","0","4.04","Light"
"World of Subways Vol.3: Circle Line","13272","World of Subways Vol.3: Circle Line","24240","6000","47","1","36","0","0","4.04","World of Subways Vol.3: Circle Line"
"A Valley Without Wind","13273","A Valley Without Wind","6540","1620","20","1","5","0","0","4.04","A Valley Without Wind"
"NEStalgia","13274","NEStalgia","179340","44340","94","3","132","0","0","4.04","NEStalgia"
"Saints Row: Gat Out of Hell","13275","Saints Row: Gat Out of Hell","7800000","1931820","7274","189","13100","14","3","4.04","Saints Row: Gat Out of Hell"
"Halo Wars","13276","Halo Wars","7105080","1762140","504","48","4595","13","3","4.03","Halo Wars"
"DiRT 3","13277","DiRT 3","3141480","779220","1117","75","5444","5","1","4.03","DiRT 3"
"Sacred Citadel","13278","Sacred Citadel","226920","56280","1208","9","286","0","0","4.03","Sacred Citadel"
"Zombie Panic: Source","13279","Zombie Panic: Source","104400","25920","107","2","99","0","0","4.03","Zombie Panic: Source"
"Fantasy Wars","13280","Fantasy Wars","8700","2160","31","2","8","0","0","4.03","Fantasy Wars"
"Magical Diary","13281","Magical Diary","63120","15660","40","2","45","0","0","4.03","Magical Diary"
"JFK Reloaded","13282","JFK Reloaded","7020","1740","20","1","15","0","0","4.03","JFK Reloaded"
"Sokobond","13283","Sokobond","7260","1800","21","2","8","0","0","4.03","Sokobond"
"Armored Core 2","13284","Armored Core 2","58020","14400","175","2","29","0","0","4.03","Armored Core 2"
"Onimusha: Blade Warriors","13285","Onimusha: Blade Warriors","14520","3600","31","1","11","0","0","4.03","Onimusha: Blade Warriors"
"Pinball Fantasies","13286","Pinball Fantasies","7740","1920","13","1","4","0","0","4.03","Pinball Fantasies"
"PoxNora","13287","PoxNora","8700","2160","46","1","13","0","0","4.03","PoxNora"
"Blood Knights","13288","Blood Knights","15960","3960","56","1","15","0","0","4.03","Blood Knights"
"Everything","13289","Everything","364680","90420","398","7","227","0","0","4.03","Everything"
"Mini-Mario & Friends: amiibo Challenge","13290","Mini-Mario & Friends: amiibo Challenge","15240","3780","34","2","26","0","0","4.03","Mini-Mario & Friends: amiibo Challenge"
"EverQuest II: Rise of Kunark","13291","EverQuest II: Rise of Kunark","47700","11880","51","2","5","0","0","4.02","EverQuest II: Rise of Kunark"
"Mat Hoffman's Pro BMX","13292","Mat Hoffman's Pro BMX","11580","2880","16","2","6","0","0","4.02","Mat Hoffman's Pro BMX"
"Mabinogi Duel","13293","Mabinogi Duel","61200","15240","30","3","37","0","0","4.02","Mabinogi Duel"
"Dungeon Master","13294","Dungeon Master","30660","7620","17","2","13","0","0","4.02","Dungeon Master"
"Bleach: The 3rd Phantom","13295","Bleach: The 3rd Phantom","31320","7800","16","1","13","0","0","4.02","Bleach: The 3rd Phantom"
"Aqua Kitty: Milk Mine Defender","13296","Aqua Kitty: Milk Mine Defender","14700","3660","56","1","26","0","0","4.02","Aqua Kitty: Milk Mine Defender"
"Dragon's Dogma Online","13297","Dragon's Dogma Online","864840","214980","124","6","250","1","0","4.02","Dragon's Dogma Online"
"Unreal Tournament 3","13298","Unreal Tournament 3","322560","80280","410","3","328","0","0","4.02","Unreal Tournament 3"
"Ace of Spades","13299","Ace of Spades","251280","62700","2454","3","348","0","0","4.01","Ace of Spades"
"Super Puzzle Fighter II Turbo","13300","Super Puzzle Fighter II Turbo","216300","54000","134","4","94","0","0","4.01","Super Puzzle Fighter II Turbo"