"","","Game","Watch time","Stream time","Peak viewers","Peak channels","Streamers","Average viewers","Average channels","Average viewer ratio",""
"Rigs Mechanized Combat League","8401","Rigs Mechanized Combat League","676140","71040","1131","12","819","1","0","9.52","Rigs Mechanized Combat League"
"Sportsfriends","8402","Sportsfriends","154620","16260","392","3","101","0","0","9.51","Sportsfriends"
"Star Trek: 25th Anniversary","8403","Star Trek: 25th Anniversary","77640","8160","1032","2","21","0","0","9.51","Star Trek: 25th Anniversary"
"Extinction","8404","Extinction","155280","16320","49","2","24","0","0","9.51","Extinction"
"Undercover Cops","8405","Undercover Cops","40500","4260","158","1","11","0","0","9.51","Undercover Cops"
"Need for Speed II","8406","Need for Speed II","44520","4680","73","2","25","0","0","9.51","Need for Speed II"
"Killzone","8407","Killzone","70080","7380","55","1","291","0","0","9.5","Killzone"
"Triangle Wizard","8408","Triangle Wizard","1140","120","11","1","1","0","0","9.5","Triangle Wizard"
"King's Valley 2","8409","King's Valley 2","1140","120","12","1","1","0","0","9.5","King's Valley 2"
"Zumba Fitness Core","8410","Zumba Fitness Core","2280","240","18","1","1","0","0","9.5","Zumba Fitness Core"
"Family Mini Golf","8411","Family Mini Golf","1140","120","19","1","1","0","0","9.5","Family Mini Golf"
"Parcel","8412","Parcel","13680","1440","75","2","9","0","0","9.5","Parcel"
"Odallus: The Dark Call","8413","Odallus: The Dark Call","583860","61440","1911","4","217","1","0","9.5","Odallus: The Dark Call"
"Space Siege","8414","Space Siege","6840","720","26","1","3","0","0","9.5","Space Siege"
"#REKT","8415","#REKT","1140","120","11","1","1","0","0","9.5","#REKT"
"Time Traveler","8416","Time Traveler","1140","120","11","1","1","0","0","9.5","Time Traveler"
"Sakura Taisen 4: Koi seyo, Otome","8417","Sakura Taisen 4: Koi seyo, Otome","3420","360","13","1","2","0","0","9.5","Sakura Taisen 4: Koi seyo, Otome"
"Hugo - På Nye Eventyr","8418","Hugo - På Nye Eventyr","1140","120","13","1","1","0","0","9.5","Hugo - På Nye Eventyr"
"Slymes","8419","Slymes","4560","480","16","2","2","0","0","9.5","Slymes"
"Elmo's World: Elmo's Big Discoveries","8420","Elmo's World: Elmo's Big Discoveries","1140","120","12","1","1","0","0","9.5","Elmo's World: Elmo's Big Discoveries"
"Beardtopia: Requiem of the 'Stache!","8421","Beardtopia: Requiem of the 'Stache!","1140","120","12","1","2","0","0","9.5","Beardtopia: Requiem of the 'Stache!"
"Yarudora Series Vol. 4: Yukiwari no Hana","8422","Yarudora Series Vol. 4: Yukiwari no Hana","7980","840","26","1","1","0","0","9.5","Yarudora Series Vol. 4: Yukiwari no Hana"
"Nobunaga no Yabou: Bushouhuunroku","8423","Nobunaga no Yabou: Bushouhuunroku","4560","480","16","1","1","0","0","9.5","Nobunaga no Yabou: Bushouhuunroku"
"Danball Senki W Chou Custom","8424","Danball Senki W Chou Custom","1140","120","11","1","1","0","0","9.5","Danball Senki W Chou Custom"
"Redemption Cemetery: Curse of the Raven","8425","Redemption Cemetery: Curse of the Raven","3420","360","17","1","1","0","0","9.5","Redemption Cemetery: Curse of the Raven"
"Team Xtreme: Operation Weather Disaster","8426","Team Xtreme: Operation Weather Disaster","1140","120","21","1","0","0","0","9.5","Team Xtreme: Operation Weather Disaster"
"MASK","8427","MASK","28500","3000","20","1","3","0","0","9.5","MASK"
"Swing Plus: Total Mindcontrol","8428","Swing Plus: Total Mindcontrol","3420","360","13","1","1","0","0","9.5","Swing Plus: Total Mindcontrol"
"Mind Walker","8429","Mind Walker","1140","120","11","1","1","0","0","9.5","Mind Walker"
"Stories: The Path of Destinies","8430","Stories: The Path of Destinies","4858260","511980","3680","38","2747","9","0","9.49","Stories: The Path of Destinies"
"Homeworld","8431","Homeworld","170880","18000","439","2","57","0","0","9.49","Homeworld"
"Snow Bros. Nick & Tom","8432","Snow Bros. Nick & Tom","314340","33120","409","2","49","0","0","9.49","Snow Bros. Nick & Tom"
"Broken Sword II: The Smoking Mirror","8433","Broken Sword II: The Smoking Mirror","262620","27660","321","3","67","0","0","9.49","Broken Sword II: The Smoking Mirror"
"Train Simulator 2015","8434","Train Simulator 2015","248700","26220","1735","2","98","0","0","9.49","Train Simulator 2015"
"TalkMan","8435","TalkMan","1023300","108000","1265","3","560","1","0","9.48","TalkMan"
"Labyrinth","8436","Labyrinth","361320","38100","1551","6","67","0","0","9.48","Labyrinth"
"Caribbean!","8437","Caribbean!","132480","13980","128","2","39","0","0","9.48","Caribbean!"
"Pocky & Rocky 2","8438","Pocky & Rocky 2","26700","2820","102","1","14","0","0","9.47","Pocky & Rocky 2"
"School of Dragons","8439","School of Dragons","64800","6840","486","1","31","0","0","9.47","School of Dragons"
"Apotheon","8440","Apotheon","1109700","117240","5900","4","509","2","0","9.47","Apotheon"
"Mario & Sonic at the Sochi 2014 Winter Olympic Games","8441","Mario & Sonic at the Sochi 2014 Winter Olympic Games","18180","1920","110","1","16","0","0","9.47","Mario & Sonic at the Sochi 2014 Winter Olympic Games"
"Ember","8442","Ember","146400","15480","102","4","57","0","0","9.46","Ember"
"realMyst","8443","realMyst","386700","40860","260","2","119","0","0","9.46","realMyst"
"Hatsune Miku: Project Diva Dreamy Theater Extend","8444","Hatsune Miku: Project Diva Dreamy Theater Extend","95400","10080","143","2","11","0","0","9.46","Hatsune Miku: Project Diva Dreamy Theater Extend"
"Wall-E","8445","Wall-E","63540","6720","195","1","29","0","0","9.46","Wall-E"
"Notebook Advance","8446","Notebook Advance","13620","1440","503","1","7","0","0","9.46","Notebook Advance"
"Jagged Alliance","8447","Jagged Alliance","123720","13080","52","2","11","0","0","9.46","Jagged Alliance"
"Total Annihilation","8448","Total Annihilation","524940","55560","1785","3","91","0","0","9.45","Total Annihilation"
"Super Robot Wars Z","8449","Super Robot Wars Z","382200","40440","61","2","30","0","0","9.45","Super Robot Wars Z"
"Gears of War 2","8450","Gears of War 2","6027660","637920","7702","14","2825","11","1","9.45","Gears of War 2"
"Neko","8451","Neko","37440","3960","28","2","10","0","0","9.45","Neko"
"Digimon RPG","8452","Digimon RPG","12480","1320","180","1","6","0","0","9.45","Digimon RPG"
"War Robots","8453","War Robots","589380","62400","112","3","95","1","0","9.45","War Robots"
"HedgeWars","8454","HedgeWars","36840","3900","97","2","20","0","0","9.45","HedgeWars"
"Day of the Zombie","8455","Day of the Zombie","5100","540","35","1","3","0","0","9.44","Day of the Zombie"
"Starr Mazer: DSP","8456","Starr Mazer: DSP","51540","5460","191","2","23","0","0","9.44","Starr Mazer: DSP"
"Melty Blood: Actress Again: Current Code","8457","Melty Blood: Actress Again: Current Code","1767000","187200","2174","20","500","3","0","9.44","Melty Blood: Actress Again: Current Code"
"Aladdin: Fate of Agrabah","8458","Aladdin: Fate of Agrabah","45300","4800","170","2","40","0","0","9.44","Aladdin: Fate of Agrabah"
"Mobile Suit Gundam SEED","8459","Mobile Suit Gundam SEED","3960","420","19","1","1","0","0","9.43","Mobile Suit Gundam SEED"
"Brawlhalla","8460","Brawlhalla","54286140","5757960","7330","38","21404","103","10","9.43","Brawlhalla"
"Zork: Grand Inquisitor","8461","Zork: Grand Inquisitor","42420","4500","88","1","13","0","0","9.43","Zork: Grand Inquisitor"
"Bullet Girls 2","8462","Bullet Girls 2","188400","19980","169","3","16","0","0","9.43","Bullet Girls 2"
"Queen's Blade: Spiral Chaos","8463","Queen's Blade: Spiral Chaos","3960","420","21","1","1","0","0","9.43","Queen's Blade: Spiral Chaos"
"Dragon Shadow Spell","8464","Dragon Shadow Spell","6780","720","15","1","1","0","0","9.42","Dragon Shadow Spell"
"Final Fantasy Tactics Advance","8465","Final Fantasy Tactics Advance","1495860","158880","1175","4","247","2","0","9.42","Final Fantasy Tactics Advance"
"Pokémon Card GB2: GR-dan Sanjou!","8466","Pokémon Card GB2: GR-dan Sanjou!","48060","5100","424","2","19","0","0","9.42","Pokémon Card GB2: GR-dan Sanjou!"
"Cadillacs and Dinosaurs","8467","Cadillacs and Dinosaurs","110760","11760","438","2","72","0","0","9.42","Cadillacs and Dinosaurs"
"Terra Battle","8468","Terra Battle","248580","26400","154","2","32","0","0","9.42","Terra Battle"
"Bridge Constructor Playground","8469","Bridge Constructor Playground","13560","1440","31","2","8","0","0","9.42","Bridge Constructor Playground"
"Ghost Master","8470","Ghost Master","222060","23580","236","3","101","0","0","9.42","Ghost Master"
"About Love, Hate and the other ones","8471","About Love, Hate and the other ones","15240","1620","97","1","7","0","0","9.41","About Love, Hate and the other ones"
"South Park","8472","South Park","189180","20100","563","2","89","0","0","9.41","South Park"
"FoxKids.com Micro Maniacs Racing","8473","FoxKids.com Micro Maniacs Racing","9600","1020","95","1","4","0","0","9.41","FoxKids.com Micro Maniacs Racing"
"Montezuma's Return!","8474","Montezuma's Return!","9600","1020","24","1","2","0","0","9.41","Montezuma's Return!"
"GetMeBro!","8475","GetMeBro!","19200","2040","68","1","4","0","0","9.41","GetMeBro!"
"A Valley Without Wind 2","8476","A Valley Without Wind 2","2820","300","16","1","1","0","0","9.4","A Valley Without Wind 2"
"Butt","8477","Butt","56400","6000","239","2","23","0","0","9.4","Butt"
"Ninja Gaiden 3: Razor's Edge","8478","Ninja Gaiden 3: Razor's Edge","547320","58260","571","3","94","1","0","9.39","Ninja Gaiden 3: Razor's Edge"
"Kart Racer","8479","Kart Racer","33780","3600","265","1","19","0","0","9.38","Kart Racer"
"Grandia II","8480","Grandia II","2138280","228000","641","5","416","4","0","9.38","Grandia II"
"Galaxy Online 2","8481","Galaxy Online 2","699360","74520","24","2","5","1","0","9.38","Galaxy Online 2"
"Wildlife Park 3","8482","Wildlife Park 3","26460","2820","50","2","14","0","0","9.38","Wildlife Park 3"
"Samurai Jack: The Amulet of Time","8483","Samurai Jack: The Amulet of Time","9000","960","22","1","3","0","0","9.38","Samurai Jack: The Amulet of Time"
"Tadpole Treble","8484","Tadpole Treble","59580","6360","280","3","39","0","0","9.37","Tadpole Treble"
"Hydrophobia Prophecy","8485","Hydrophobia Prophecy","87660","9360","438","1","37","0","0","9.37","Hydrophobia Prophecy"
"Darkened Skye","8486","Darkened Skye","46680","4980","109","1","9","0","0","9.37","Darkened Skye"
"Genma Onimusha","8487","Genma Onimusha","53340","5700","96","2","15","0","0","9.36","Genma Onimusha"
"Game Show Wizard","8488","Game Show Wizard","62340","6660","153","2","36","0","0","9.36","Game Show Wizard"
"Legendary","8489","Legendary","182880","19560","578","2","77","0","0","9.35","Legendary"
"Rygar: The Legendary Adventure","8490","Rygar: The Legendary Adventure","38160","4080","77","2","9","0","0","9.35","Rygar: The Legendary Adventure"
"Wonder Boy","8491","Wonder Boy","39840","4260","50","1","16","0","0","9.35","Wonder Boy"
"Hot Tin Roof: The Cat that Wore a Fedora","8492","Hot Tin Roof: The Cat that Wore a Fedora","35340","3780","145","2","24","0","0","9.35","Hot Tin Roof: The Cat that Wore a Fedora"
"Critter Crunch","8493","Critter Crunch","24660","2640","73","1","14","0","0","9.34","Critter Crunch"
"Gazillionaire","8494","Gazillionaire","1680","180","13","1","2","0","0","9.33","Gazillionaire"
"Virtua Cop 2","8495","Virtua Cop 2","8400","900","124","1","9","0","0","9.33","Virtua Cop 2"
"Dungeon","8496","Dungeon","1680","180","14","1","2","0","0","9.33","Dungeon"
"Shadow Squadron","8497","Shadow Squadron","1680","180","14","1","1","0","0","9.33","Shadow Squadron"
"Noctis","8498","Noctis","1680","180","21","1","2","0","0","9.33","Noctis"
"Dungeons & Robots","8499","Dungeons & Robots","11760","1260","47","1","8","0","0","9.33","Dungeons & Robots"
"Devil Summoner: Soul Hackers","8500","Devil Summoner: Soul Hackers","1680","180","14","1","1","0","0","9.33","Devil Summoner: Soul Hackers"