"","","Game","Watch time","Stream time","Peak viewers","Peak channels","Streamers","Average viewers","Average channels","Average viewer ratio",""
"Oceanhorn: Monster of Uncharted Seas","1901","Oceanhorn: Monster of Uncharted Seas","2359080","132540","1634","5","473","4","0","17.8","Oceanhorn: Monster of Uncharted Seas"
"Disney Infinity 3.0 Edition","1902","Disney Infinity 3.0 Edition","2358900","258360","1101","11","2006","4","0","9.13","Disney Infinity 3.0 Edition"
"Never Alone","1903","Never Alone","2355780","276060","1542","6","1724","4","0","8.53","Never Alone"
"World's Dawn","1904","World's Dawn","2354880","13680","27744","10","66","4","0","172.14","World's Dawn"
"Rare Replay","1905","Rare Replay","2353500","519060","2100","9","2995","4","0","4.53","Rare Replay"
"Shenmue","1906","Shenmue","2350800","165360","673","4","265","4","0","14.22","Shenmue"
"Prince of Persia: The Sands of Time","1907","Prince of Persia: The Sands of Time","2349360","195240","6768","7","546","4","0","12.03","Prince of Persia: The Sands of Time"
"Landmark","1908","Landmark","2342280","210960","656","7","176","4","0","11.1","Landmark"
"Blood and Bacon","1909","Blood and Bacon","2340420","154320","11203","6","1189","4","0","15.17","Blood and Bacon"
"Zombies Ate My Neighbors","1910","Zombies Ate My Neighbors","2339040","66540","14104","4","312","4","0","35.15","Zombies Ate My Neighbors"
"Dr. Mario","1911","Dr. Mario","2338140","108840","2151","5","195","4","0","21.48","Dr. Mario"
"Deathstate","1912","Deathstate","2337660","43080","20068","6","143","4","0","54.26","Deathstate"
"Wooden Sen'SeY","1913","Wooden Sen'SeY","2336880","300","19830","1","3","4","0","7789.6","Wooden Sen'SeY"
"Soul Axiom","1914","Soul Axiom","2335200","37140","19157","3","132","4","0","62.88","Soul Axiom"
"Neo Turf Masters","1915","Neo Turf Masters","2332560","46260","1169","2","80","4","0","50.42","Neo Turf Masters"
"Parasite Eve II","1916","Parasite Eve II","2328960","140700","849","4","208","4","0","16.55","Parasite Eve II"
"Street Fighter II: The World Warrior","1917","Street Fighter II: The World Warrior","2328060","72840","9559","3","217","4","0","31.96","Street Fighter II: The World Warrior"
"Sonic CD","1918","Sonic CD","2316720","175800","2639","7","815","4","0","13.18","Sonic CD"
"Moon Hunters","1919","Moon Hunters","2314560","109140","3397","7","584","4","0","21.21","Moon Hunters"
"Pikmin 2","1920","Pikmin 2","2312160","188040","1818","6","327","4","0","12.3","Pikmin 2"
"Another Brick in the Mall","1921","Another Brick in the Mall","2312100","21060","29376","6","81","4","0","109.79","Another Brick in the Mall"
"RaceRoom Racing Experience","1922","RaceRoom Racing Experience","2309100","252120","701","8","686","4","0","9.16","RaceRoom Racing Experience"
"LEGO Jurassic World","1923","LEGO Jurassic World","2304480","518280","1987","10","2090","4","0","4.45","LEGO Jurassic World"
"Far Cry","1924","Far Cry","2303520","148740","2350","4","442","4","0","15.49","Far Cry"
"Halo 3","1925","Halo 3","2301720","319380","502","7","703","4","0","7.21","Halo 3"
"Naruto Shippuden: Ultimate Ninja Storm Revolution","1926","Naruto Shippuden: Ultimate Ninja Storm Revolution","2293440","178920","25275","10","667","4","0","12.82","Naruto Shippuden: Ultimate Ninja Storm Revolution"
"Mario Kart 7","1927","Mario Kart 7","2287560","118380","2624","4","245","4","0","19.32","Mario Kart 7"
"Ghost 1.0","1928","Ghost 1.0","2287260","102240","3380","12","263","4","0","22.37","Ghost 1.0"
"The Goonies II","1929","The Goonies II","2282160","12540","78533","6","38","4","0","181.99","The Goonies II"
"SoniComi","1930","SoniComi","2278920","27060","14963","4","129","4","0","84.22","SoniComi"
"Ys Origin","1931","Ys Origin","2277000","232200","4230","5","399","4","0","9.81","Ys Origin"
"Quantum Conundrum","1932","Quantum Conundrum","2275320","51000","15877","3","197","4","0","44.61","Quantum Conundrum"
"Android: Netrunner","1933","Android: Netrunner","2274960","86460","304","5","98","4","0","26.31","Android: Netrunner"
"Skyblazer","1934","Skyblazer","2274780","9180","94114","3","46","4","0","247.8","Skyblazer"
"Dungeon Souls","1935","Dungeon Souls","2272800","73080","18223","4","336","4","0","31.1","Dungeon Souls"
"Digimon Masters","1936","Digimon Masters","2270460","386100","312","11","652","4","0","5.88","Digimon Masters"
"Dark Cloud","1937","Dark Cloud","2268600","289140","490","6","1832","4","0","7.85","Dark Cloud"
"TowerFall","1938","TowerFall","2266440","181740","9994","9","978","4","0","12.47","TowerFall"
"LEGO Harry Potter: Years 1-4","1939","LEGO Harry Potter: Years 1-4","2264760","206400","2035","6","661","4","0","10.97","LEGO Harry Potter: Years 1-4"
"Total War: ARENA","1940","Total War: ARENA","2263920","226020","2555","11","459","4","0","10.02","Total War: ARENA"
"SolForge","1941","SolForge","2263140","170520","3805","7","143","4","0","13.27","SolForge"
"White Night","1942","White Night","2262000","108000","9908","5","459","4","0","20.94","White Night"
"Mega Man Battle Network 3","1943","Mega Man Battle Network 3","2257740","104820","869","4","125","4","0","21.54","Mega Man Battle Network 3"
"Killing Floor","1944","Killing Floor","2257020","474180","8787","9","2353","4","0","4.76","Killing Floor"
"Heli Heroes","1945","Heli Heroes","2253840","1020","11749","5","11","4","0","2209.65","Heli Heroes"
"Paper Mario: Sticker Star","1946","Paper Mario: Sticker Star","2243700","23220","1483","2","32","4","0","96.63","Paper Mario: Sticker Star"
"Kingdom Hearts Re:Chain of Memories","1947","Kingdom Hearts Re:Chain of Memories","2242260","158760","996","4","220","4","0","14.12","Kingdom Hearts Re:Chain of Memories"
"The Ship","1948","The Ship","2239740","93720","7219","6","673","4","0","23.9","The Ship"
"True or False","1949","True or False","2234220","10980","18504","4","111","4","0","203.48","True or False"
"Are You Smarter Than a 5th Grader?","1950","Are You Smarter Than a 5th Grader?","2233320","2880","34131","4","26","4","0","775.46","Are You Smarter Than a 5th Grader?"
"Dragon Quest VII: Eden no Senshitachi","1951","Dragon Quest VII: Eden no Senshitachi","2232180","81900","1936","10","78","4","0","27.25","Dragon Quest VII: Eden no Senshitachi"
"Delver","1952","Delver","2232060","45660","25712","3","220","4","0","48.88","Delver"
"Spy Fox in ""Dry Cereal""","1953","Spy Fox in ""Dry Cereal""","2230740","21780","14944","2","107","4","0","102.42","Spy Fox in ""Dry Cereal"""
"Street Fighter: The Movie","1954","Street Fighter: The Movie","2221140","4080","6613","2","17","4","0","544.4","Street Fighter: The Movie"
"Robinson: The Journey","1955","Robinson: The Journey","2220720","69660","10743","12","446","4","0","31.88","Robinson: The Journey"
"Dragon Age II","1956","Dragon Age II","2220360","333120","1016","5","528","4","0","6.67","Dragon Age II"
"Contagion","1957","Contagion","2217660","228240","5154","7","1284","4","0","9.72","Contagion"
"Battle Brothers","1958","Battle Brothers","2214960","188820","1483","6","197","4","0","11.73","Battle Brothers"
"Brink","1959","Brink","2207640","25740","5065","3","148","4","0","85.77","Brink"
"The Saboteur","1960","The Saboteur","2199540","70620","2661","3","188","4","0","31.15","The Saboteur"
"Gonner","1961","Gonner","2197920","36780","5142","9","216","4","0","59.76","Gonner"
"Gemini","1962","Gemini","2194920","3600","19363","7","23","4","0","609.7","Gemini"
"Micro Machines V3","1963","Micro Machines V3","2194500","1380","9409","1","7","4","0","1590.22","Micro Machines V3"
"Capcom vs. SNK 2: Mark of the Millennium","1964","Capcom vs. SNK 2: Mark of the Millennium","2193420","51300","5679","3","167","4","0","42.76","Capcom vs. SNK 2: Mark of the Millennium"
"Day of Defeat: Source","1965","Day of Defeat: Source","2193300","178860","9625","6","731","4","0","12.26","Day of Defeat: Source"
"Five Nights at Freddy's 2","1966","Five Nights at Freddy's 2","2190780","208080","2934","5","1241","4","0","10.53","Five Nights at Freddy's 2"
"Roguelands","1967","Roguelands","2189640","242700","7582","9","972","4","0","9.02","Roguelands"
"Tetris: The Absolute - The Grand Master 2 PLUS","1968","Tetris: The Absolute - The Grand Master 2 PLUS","2186820","79740","6844","3","72","4","0","27.42","Tetris: The Absolute - The Grand Master 2 PLUS"
"Tetris The Grand Master 3: Terror Instinct","1969","Tetris The Grand Master 3: Terror Instinct","2184720","63120","7129","3","61","4","0","34.61","Tetris The Grand Master 3: Terror Instinct"
"Devil May Cry HD Collection","1970","Devil May Cry HD Collection","2184540","94740","2191","4","163","4","0","23.06","Devil May Cry HD Collection"
"Siren","1971","Siren","2183460","96960","3293","5","306","4","0","22.52","Siren"
"Prince of Persia","1972","Prince of Persia","2176320","150480","7899","7","573","4","0","14.46","Prince of Persia"
"Tales of Xillia","1973","Tales of Xillia","2172780","170940","1545","5","170","4","0","12.71","Tales of Xillia"
"Jazzpunk","1974","Jazzpunk","2170560","84660","13080","4","425","4","0","25.64","Jazzpunk"
"The Legend of Heroes: Trails in the Sky","1975","The Legend of Heroes: Trails in the Sky","2170200","327120","567","5","479","4","0","6.63","The Legend of Heroes: Trails in the Sky"
"Rhythm Heaven Fever","1976","Rhythm Heaven Fever","2169660","69660","1939","4","236","4","0","31.15","Rhythm Heaven Fever"
"The Dwarves","1977","The Dwarves","2168100","76260","4120","18","308","4","0","28.43","The Dwarves"
"Bravely Second: End Layer","1978","Bravely Second: End Layer","2166900","99840","3750","9","106","4","0","21.7","Bravely Second: End Layer"
"Long Live the Queen","1979","Long Live the Queen","2166480","91860","4641","5","420","4","0","23.58","Long Live the Queen"
"Final Fantasy IV: The After Years","1980","Final Fantasy IV: The After Years","2165580","83340","896","3","96","4","0","25.98","Final Fantasy IV: The After Years"
"Age of Empires III","1981","Age of Empires III","2159220","236460","3449","7","1128","4","0","9.13","Age of Empires III"
"Monster Rancher 2","1982","Monster Rancher 2","2157060","90240","1253","3","63","4","0","23.9","Monster Rancher 2"
"Duke Nukem Forever","1983","Duke Nukem Forever","2151840","126720","3979","5","570","4","0","16.98","Duke Nukem Forever"
"Apollo Justice: Ace Attorney","1984","Apollo Justice: Ace Attorney","2149620","69000","555","3","77","4","0","31.15","Apollo Justice: Ace Attorney"
"Grip","1985","Grip","2145060","28200","14729","3","157","4","0","76.07","Grip"
"Imagine Earth","1986","Imagine Earth","2142780","3120","25120","3","12","4","0","686.79","Imagine Earth"
"Monster Hunter Frontier G","1987","Monster Hunter Frontier G","2141580","435960","204","9","234","4","0","4.91","Monster Hunter Frontier G"
"Race the Sun","1988","Race the Sun","2140080","118500","19774","3","697","4","0","18.06","Race the Sun"
"Grandia II","1989","Grandia II","2138280","228000","641","5","416","4","0","9.38","Grandia II"
"Just Dance","1990","Just Dance","2137260","27420","4235","5","123","4","0","77.95","Just Dance"
"Bob Was Hungry","1991","Bob Was Hungry","2137200","36000","20002","9","151","4","0","59.37","Bob Was Hungry"
"Need for Speed: Hot Pursuit","1992","Need for Speed: Hot Pursuit","2132460","142560","5197","4","697","4","0","14.96","Need for Speed: Hot Pursuit"
"Wormix","1993","Wormix","2128260","24000","360","3","30","4","0","88.68","Wormix"
"One Finger Death Punch","1994","One Finger Death Punch","2126580","203640","14837","5","1396","4","0","10.44","One Finger Death Punch"
"Rayman","1995","Rayman","2126100","142860","627","6","279","4","0","14.88","Rayman"
"Jade Empire","1996","Jade Empire","2125500","132720","1337","4","328","4","0","16.01","Jade Empire"
"Tales of Xillia 2","1997","Tales of Xillia 2","2124120","123000","2468","4","100","4","0","17.27","Tales of Xillia 2"
"Sonic Unleashed","1998","Sonic Unleashed","2124000","149400","585","4","209","4","0","14.22","Sonic Unleashed"
"Street Fighter II': Champion Edition","1999","Street Fighter II': Champion Edition","2121540","24840","28871","2","126","4","0","85.41","Street Fighter II': Champion Edition"
"Dora the Explorer: Super Spies","2000","Dora the Explorer: Super Spies","2120280","3960","28810","7","14","4","0","535.42","Dora the Explorer: Super Spies"