"","","Game","Watch time","Stream time","Peak viewers","Peak channels","Streamers","Average viewers","Average channels","Average viewer ratio",""
"Elefunk","5801","Elefunk","3180","180","49","1","2","0","0","17.67","Elefunk"
"Gegege no Kitarou - Fukkatsu! Tenma Daiou","5802","Gegege no Kitarou - Fukkatsu! Tenma Daiou","6360","360","24","1","1","0","0","17.67","Gegege no Kitarou - Fukkatsu! Tenma Daiou"
"The Operative: No One Lives Forever","5803","The Operative: No One Lives Forever","255300","14460","489","1","27","0","0","17.66","The Operative: No One Lives Forever"
"The Bridge Project","5804","The Bridge Project","83640","4740","227","2","35","0","0","17.65","The Bridge Project"
"The Krion Conquest","5805","The Krion Conquest","151380","8580","105","2","18","0","0","17.64","The Krion Conquest"
"QuizUp","5806","QuizUp","196860","11160","1181","1","56","0","0","17.64","QuizUp"
"Polarity","5807","Polarity","335460","19020","18635","2","157","0","0","17.64","Polarity"
"Bingo","5808","Bingo","336300","19080","744","4","46","0","0","17.63","Bingo"
"World of Warships","5809","World of Warships","351891240","19985880","15376","91","20389","667","37","17.61","World of Warships"
"Minesweeper","5810","Minesweeper","4668300","265140","20221","5","1275","8","0","17.61","Minesweeper"
"Save Jesus","5811","Save Jesus","62340","3540","337","1","27","0","0","17.61","Save Jesus"
"Blast Brawl 2: Bloody Boogaloo","5812","Blast Brawl 2: Bloody Boogaloo","10560","600","58","2","6","0","0","17.6","Blast Brawl 2: Bloody Boogaloo"
"From Dusk Till Dawn","5813","From Dusk Till Dawn","10560","600","31","1","1","0","0","17.6","From Dusk Till Dawn"
"The Elder Scrolls V: Skyrim","5814","The Elder Scrolls V: Skyrim","705786600","40105500","168538","1011","71404","1339","76","17.6","The Elder Scrolls V: Skyrim"
"Mystery Fun House","5815","Mystery Fun House","1318620","74940","1000","9","95","2","0","17.6","Mystery Fun House"
"ClayFighter 2: Judgement Clay","5816","ClayFighter 2: Judgement Clay","5280","300","81","1","1","0","0","17.6","ClayFighter 2: Judgement Clay"
"Snow Bros 2","5817","Snow Bros 2","37980","2160","325","1","12","0","0","17.58","Snow Bros 2"
"Force of Will - TCG","5818","Force of Will - TCG","1212240","68940","445","3","83","2","0","17.58","Force of Will - TCG"
"Angst: Rahz's Revenge","5819","Angst: Rahz's Revenge","7380","420","72","1","2","0","0","17.57","Angst: Rahz's Revenge"
"Sheep","5820","Sheep","29520","1680","180","1","11","0","0","17.57","Sheep"
"Shenmue II","5821","Shenmue II","1689420","96180","502","3","107","3","0","17.57","Shenmue II"
"Warhammer 40,000: Eternal Crusade","5822","Warhammer 40,000: Eternal Crusade","17052420","971160","24742","31","1168","32","1","17.56","Warhammer 40,000: Eternal Crusade"
"The Adventures of Cookie & Cream","5823","The Adventures of Cookie & Cream","108480","6180","210","2","12","0","0","17.55","The Adventures of Cookie & Cream"
"Take On Helicopters","5824","Take On Helicopters","95760","5460","128","1","25","0","0","17.54","Take On Helicopters"
"Whomp 'Em","5825","Whomp 'Em","48420","2760","149","3","15","0","0","17.54","Whomp 'Em"
"Paper Monsters Recut","5826","Paper Monsters Recut","17880","1020","86","1","4","0","0","17.53","Paper Monsters Recut"
"Slay.one","5827","Slay.one","42060","2400","323","1","15","0","0","17.53","Slay.one"
"BioShock","5828","BioShock","36461280","2081100","128499","68","9535","69","3","17.52","BioShock"
"Caligula","5829","Caligula","246840","14100","158","3","12","0","0","17.51","Caligula"
"Seicross","5830","Seicross","6300","360","26","1","1","0","0","17.5","Seicross"
"Gon","5831","Gon","10500","600","124","1","2","0","0","17.5","Gon"
"The Wild Thornberrys Animal Adventure","5832","The Wild Thornberrys Animal Adventure","16800","960","39","1","2","0","0","17.5","The Wild Thornberrys Animal Adventure"
"Attack of the Saucerman","5833","Attack of the Saucerman","2100","120","20","1","1","0","0","17.5","Attack of the Saucerman"
"Orbiter","5834","Orbiter","335040","19140","2707","2","27","0","0","17.5","Orbiter"
"Zombie Panic in Wonderland","5835","Zombie Panic in Wonderland","2100","120","23","1","1","0","0","17.5","Zombie Panic in Wonderland"
"Midtown Madness","5836","Midtown Madness","6300","360","39","1","3","0","0","17.5","Midtown Madness"
"Zork Nemesis: The Forbidden Lands","5837","Zork Nemesis: The Forbidden Lands","10500","600","86","1","4","0","0","17.5","Zork Nemesis: The Forbidden Lands"
"TinStar","5838","TinStar","18900","1080","85","1","7","0","0","17.5","TinStar"
"Castle: Never Judge a Book by Its Cover","5839","Castle: Never Judge a Book by Its Cover","58800","3360","80","1","7","0","0","17.5","Castle: Never Judge a Book by Its Cover"
"Otto Matic","5840","Otto Matic","4200","240","39","1","2","0","0","17.5","Otto Matic"
"Rune Story","5841","Rune Story","2487300","142320","1041","5","66","4","0","17.48","Rune Story"
"Taiko no Tatsujin Wii: Do Don to 2 Daime!","5842","Taiko no Tatsujin Wii: Do Don to 2 Daime!","48240","2760","258","1","5","0","0","17.48","Taiko no Tatsujin Wii: Do Don to 2 Daime!"
"Elvira: Mistress of the Dark","5843","Elvira: Mistress of the Dark","31440","1800","35","1","1","0","0","17.47","Elvira: Mistress of the Dark"
"Samurai Warriors","5844","Samurai Warriors","121500","6960","153","2","11","0","0","17.46","Samurai Warriors"
"Vector Thrust","5845","Vector Thrust","32460","1860","211","1","11","0","0","17.45","Vector Thrust"
"Crashlands","5846","Crashlands","3347100","191760","2748","20","524","6","0","17.45","Crashlands"
"The Dishwasher: Vampire Smile","5847","The Dishwasher: Vampire Smile","35580","2040","545","1","10","0","0","17.44","The Dishwasher: Vampire Smile"
"Castlevania: Harmony of Dissonance","5848","Castlevania: Harmony of Dissonance","956580","54840","593","3","121","1","0","17.44","Castlevania: Harmony of Dissonance"
"TOCA Race Driver 2","5849","TOCA Race Driver 2","16740","960","32","1","2","0","0","17.44","TOCA Race Driver 2"
"Extreme Pinball","5850","Extreme Pinball","7320","420","33","1","4","0","0","17.43","Extreme Pinball"
"Jade Cocoon: Story of the Tamamayu","5851","Jade Cocoon: Story of the Tamamayu","706920","40560","6321","6","79","1","0","17.43","Jade Cocoon: Story of the Tamamayu"
"Vox","5852","Vox","7320","420","66","1","3","0","0","17.43","Vox"
"Ys VIII: Lacrimosa of Dana","5853","Ys VIII: Lacrimosa of Dana","762540","43740","243","3","31","1","0","17.43","Ys VIII: Lacrimosa of Dana"
"Grand Theft Auto: San Andreas","5854","Grand Theft Auto: San Andreas","110633820","6354360","11704","43","19904","209","12","17.41","Grand Theft Auto: San Andreas"
"Bishoujo Senshi Sailor Moon","5855","Bishoujo Senshi Sailor Moon","348960","20040","2080","2","64","0","0","17.41","Bishoujo Senshi Sailor Moon"
"Eradicator","5856","Eradicator","50100","2880","126","1","8","0","0","17.4","Eradicator"
"Grand Theft Auto: iFruit","5857","Grand Theft Auto: iFruit","5220","300","68","1","2","0","0","17.4","Grand Theft Auto: iFruit"
"From TV Animation - Slam Dunk: I Love Basketball","5858","From TV Animation - Slam Dunk: I Love Basketball","5220","300","26","1","1","0","0","17.4","From TV Animation - Slam Dunk: I Love Basketball"
"Gradius ReBirth","5859","Gradius ReBirth","13560","780","118","1","5","0","0","17.38","Gradius ReBirth"
"Panic!","5860","Panic!","45840","2640","188","1","11","0","0","17.36","Panic!"
"Root of All Evil","5861","Root of All Evil","11460","660","43","1","3","0","0","17.36","Root of All Evil"
"Soldier of Fortune","5862","Soldier of Fortune","318480","18360","2330","2","67","0","0","17.35","Soldier of Fortune"
"Castlevania: Lords of Shadow","5863","Castlevania: Lords of Shadow","5071080","292320","2087","6","701","9","0","17.35","Castlevania: Lords of Shadow"
"The Incredible Machine: Even More Contraptions","5864","The Incredible Machine: Even More Contraptions","17700","1020","53","1","7","0","0","17.35","The Incredible Machine: Even More Contraptions"
"BioShock 2","5865","BioShock 2","11508240","663840","8966","10","2481","21","1","17.34","BioShock 2"
"Blackhole","5866","Blackhole","449580","25920","1615","2","78","0","0","17.34","Blackhole"
"Mushihime-sama Futari Black Label","5867","Mushihime-sama Futari Black Label","100860","5820","150","1","24","0","0","17.33","Mushihime-sama Futari Black Label"
"Not Tetris 2","5868","Not Tetris 2","75900","4380","325","1","25","0","0","17.33","Not Tetris 2"
"Soltrio Solitaire","5869","Soltrio Solitaire","3120","180","19","1","1","0","0","17.33","Soltrio Solitaire"
"Dominator","5870","Dominator","3120","180","41","1","2","0","0","17.33","Dominator"
"Hoyle Board Games","5871","Hoyle Board Games","3120","180","22","1","1","0","0","17.33","Hoyle Board Games"
"Dissidia 012 Final Fantasy","5872","Dissidia 012 Final Fantasy","1982280","114420","670","4","262","3","0","17.32","Dissidia 012 Final Fantasy"
"Terminator 2: Judgement Day","5873","Terminator 2: Judgement Day","52980","3060","334","3","16","0","0","17.31","Terminator 2: Judgement Day"
"Phantasy Star Online Episode I & II Plus","5874","Phantasy Star Online Episode I & II Plus","198180","11460","1892","2","38","0","0","17.29","Phantasy Star Online Episode I & II Plus"
"Tomb Raider III: Adventures of Lara Croft","5875","Tomb Raider III: Adventures of Lara Croft","3378900","195420","2582","6","229","6","0","17.29","Tomb Raider III: Adventures of Lara Croft"
"Fire","5876","Fire","184680","10680","175","2","58","0","0","17.29","Fire"
"Portal Worlds","5877","Portal Worlds","46680","2700","70","2","11","0","0","17.29","Portal Worlds"
"Project Zomboid","5878","Project Zomboid","14081100","814980","5518","11","2640","26","1","17.28","Project Zomboid"
"Tales of Xillia 2","5879","Tales of Xillia 2","2124120","123000","2468","4","100","4","0","17.27","Tales of Xillia 2"
"Barkley, Shut Up and Jam: Gaiden","5880","Barkley, Shut Up and Jam: Gaiden","337740","19560","662","2","71","0","0","17.27","Barkley, Shut Up and Jam: Gaiden"
"Super Galaxy Squadron","5881","Super Galaxy Squadron","92220","5340","465","2","40","0","0","17.27","Super Galaxy Squadron"
"Penny Arcade Adventures: On the Rain-Slick Precipice of Darkness - Episode Two","5882","Penny Arcade Adventures: On the Rain-Slick Precipice of Darkness - Episode Two","45600","2640","58","1","7","0","0","17.27","Penny Arcade Adventures: On the Rain-Slick Precipice of Darkness - Episode Two"
"Investation","5883","Investation","76680","4440","487","1","19","0","0","17.27","Investation"
"Heroes of Scene","5884","Heroes of Scene","97320","5640","91","2","30","0","0","17.26","Heroes of Scene"
"Pankapu: The Dreamkeeper","5885","Pankapu: The Dreamkeeper","124260","7200","173","2","33","0","0","17.26","Pankapu: The Dreamkeeper"
"The Sentient","5886","The Sentient","4140","240","30","1","2","0","0","17.25","The Sentient"
"Psychic Force 2012","5887","Psychic Force 2012","8280","480","65","1","4","0","0","17.25","Psychic Force 2012"
"Yoshi's Story","5888","Yoshi's Story","857580","49740","686","2","248","1","0","17.24","Yoshi's Story"
"Metal Gear Solid V: Ground Zeroes","5889","Metal Gear Solid V: Ground Zeroes","9302760","539520","2074","9","3381","17","1","17.24","Metal Gear Solid V: Ground Zeroes"
"Doom","5890","Doom","414140820","24031860","93713","1704","88175","785","45","17.23","Doom"
"Tom Clancy's The Division","5891","Tom Clancy's The Division","3063241980","177774600","159832","5280","324682","5812","337","17.23","Tom Clancy's The Division"
"Sonic Chronicles: The Dark Brotherhood","5892","Sonic Chronicles: The Dark Brotherhood","121860","7080","228","2","17","0","0","17.21","Sonic Chronicles: The Dark Brotherhood"
"Eternal Darkness: Sanity's Requiem","5893","Eternal Darkness: Sanity's Requiem","2563980","149100","1017","9","314","4","0","17.2","Eternal Darkness: Sanity's Requiem"
"Barbie as the Island Princess","5894","Barbie as the Island Princess","152760","8880","1115","2","53","0","0","17.2","Barbie as the Island Princess"
"The Powerpuff Girls: Chemical X-Traction","5895","The Powerpuff Girls: Chemical X-Traction","5160","300","104","1","4","0","0","17.2","The Powerpuff Girls: Chemical X-Traction"
"Chaos Chronicles","5896","Chaos Chronicles","25800","1500","162","1","10","0","0","17.2","Chaos Chronicles"
"Trapper's Delight","5897","Trapper's Delight","52560","3060","127","3","17","0","0","17.18","Trapper's Delight"
"Butcher","5898","Butcher","298860","17400","945","4","92","0","0","17.18","Butcher"
"Mystery Quest","5899","Mystery Quest","399000","23220","340","4","42","0","0","17.18","Mystery Quest"
"Bomberman Wars","5900","Bomberman Wars","29880","1740","474","1","5","0","0","17.17","Bomberman Wars"