"","","Game","Watch time","Stream time","Peak viewers","Peak channels","Streamers","Average viewers","Average channels","Average viewer ratio",""
"Arcade Smash Hits","13801","Arcade Smash Hits","4800","1260","12","1","8","0","0","3.81","Arcade Smash Hits"
"Dynasty Warriors 5","13802","Dynasty Warriors 5","24900","6540","32","1","14","0","0","3.81","Dynasty Warriors 5"
"Enemy Territory: Quake Wars","13803","Enemy Territory: Quake Wars","18540","4860","153","2","25","0","0","3.81","Enemy Territory: Quake Wars"
"Forsaken Isle","13804","Forsaken Isle","50100","13140","73","2","55","0","0","3.81","Forsaken Isle"
"Clash at Demonhead","13805","Clash at Demonhead","7320","1920","20","2","10","0","0","3.81","Clash at Demonhead"
"Grandia Xtreme","13806","Grandia Xtreme","35880","9420","14","1","10","0","0","3.81","Grandia Xtreme"
"Cradle","13807","Cradle","107280","28200","93","3","109","0","0","3.8","Cradle"
"Totally Rad","13808","Totally Rad","14580","3840","26","1","13","0","0","3.8","Totally Rad"
"Harvest Moon DS","13809","Harvest Moon DS","46740","12300","129","2","17","0","0","3.8","Harvest Moon DS"
"Medal of Honor","13810","Medal of Honor","311040","81840","417","3","380","0","0","3.8","Medal of Honor"
"Audiosurf 2","13811","Audiosurf 2","1504680","395940","1117","7","1536","2","0","3.8","Audiosurf 2"
"Creeper World 3","13812","Creeper World 3","22800","6000","228","1","24","0","0","3.8","Creeper World 3"
"NBA Dynasty","13813","NBA Dynasty","1140","300","9","1","1","0","0","3.8","NBA Dynasty"
"Nobunaga's Ambition: Rise to Power","13814","Nobunaga's Ambition: Rise to Power","2280","600","13","1","4","0","0","3.8","Nobunaga's Ambition: Rise to Power"
"Asta: The War of Tears and Winds","13815","Asta: The War of Tears and Winds","380040","100020","472","10","162","0","0","3.8","Asta: The War of Tears and Winds"
"Ed, Edd n Eddy: Jawbreakers","13816","Ed, Edd n Eddy: Jawbreakers","1140","300","8","1","4","0","0","3.8","Ed, Edd n Eddy: Jawbreakers"
"Hello Kitty Seasons","13817","Hello Kitty Seasons","2280","600","14","1","2","0","0","3.8","Hello Kitty Seasons"
"Videogames! The Videogame Trivia Videogame","13818","Videogames! The Videogame Trivia Videogame","27360","7200","88","1","15","0","0","3.8","Videogames! The Videogame Trivia Videogame"
"Gumby vs. the Astrobots","13819","Gumby vs. the Astrobots","1140","300","8","1","2","0","0","3.8","Gumby vs. the Astrobots"
"Sailor Moon Drops","13820","Sailor Moon Drops","10260","2700","27","2","12","0","0","3.8","Sailor Moon Drops"
"Code Lyoko: Fall of XANA","13821","Code Lyoko: Fall of XANA","1140","300","8","1","2","0","0","3.8","Code Lyoko: Fall of XANA"
"Blair Witch, Volume II: The Legend of Coffin Rock","13822","Blair Witch, Volume II: The Legend of Coffin Rock","2280","600","11","1","2","0","0","3.8","Blair Witch, Volume II: The Legend of Coffin Rock"
"Honoo no Doukyuuji: Dodge Danpei","13823","Honoo no Doukyuuji: Dodge Danpei","1140","300","20","1","2","0","0","3.8","Honoo no Doukyuuji: Dodge Danpei"
"The Cliffhanger: Edward Randy","13824","The Cliffhanger: Edward Randy","1140","300","10","1","3","0","0","3.8","The Cliffhanger: Edward Randy"
"Offensive Combat","13825","Offensive Combat","1140","300","8","1","1","0","0","3.8","Offensive Combat"
"Jigoku no Renshuu Mondai","13826","Jigoku no Renshuu Mondai","1140","300","9","1","2","0","0","3.8","Jigoku no Renshuu Mondai"
"Rift: Nightmare Tide","13827","Rift: Nightmare Tide","2280","600","18","1","4","0","0","3.8","Rift: Nightmare Tide"
"Jazz Jackrabbit 2: Holiday Hare 98","13828","Jazz Jackrabbit 2: Holiday Hare 98","2280","600","8","1","2","0","0","3.8","Jazz Jackrabbit 2: Holiday Hare 98"
"Grand Prix Rock'n Racing","13829","Grand Prix Rock'n Racing","6360","1680","36","1","9","0","0","3.79","Grand Prix Rock'n Racing"
"A Wild Catgirl Appears!","13830","A Wild Catgirl Appears!","3180","840","10","1","7","0","0","3.79","A Wild Catgirl Appears!"
"Run Baby Run","13831","Run Baby Run","3180","840","8","1","1","0","0","3.79","Run Baby Run"
"Comic Party","13832","Comic Party","6600","1740","19","1","2","0","0","3.79","Comic Party"
"H-Hour: World's Elite","13833","H-Hour: World's Elite","273420","72060","175","4","84","0","0","3.79","H-Hour: World's Elite"
"Dragon Quest X: Mezameshi Itsutsu no Shuzoku Online","13834","Dragon Quest X: Mezameshi Itsutsu no Shuzoku Online","347160","91680","73","4","78","0","0","3.79","Dragon Quest X: Mezameshi Itsutsu no Shuzoku Online"
"Halo: Reach","13835","Halo: Reach","8459880","2233440","4311","25","8504","16","4","3.79","Halo: Reach"
"Detective Barbie in The Mystery of the Carnival Caper","13836","Detective Barbie in The Mystery of the Carnival Caper","3180","840","19","1","6","0","0","3.79","Detective Barbie in The Mystery of the Carnival Caper"
"The King of Fighters '97","13837","The King of Fighters '97","17280","4560","20","1","23","0","0","3.79","The King of Fighters '97"
"Teenage Mutant Ninja Turtles: Out of the Shadows","13838","Teenage Mutant Ninja Turtles: Out of the Shadows","29340","7740","80","1","54","0","0","3.79","Teenage Mutant Ninja Turtles: Out of the Shadows"
"Commander Keen 1: Marooned on Mars","13839","Commander Keen 1: Marooned on Mars","22500","5940","28","1","43","0","0","3.79","Commander Keen 1: Marooned on Mars"
"Capcom Sports Club","13840","Capcom Sports Club","6600","1740","13","1","11","0","0","3.79","Capcom Sports Club"
"Teenage Mutant Ninja Turtles II:  Back from the Sewers","13841","Teenage Mutant Ninja Turtles II:  Back from the Sewers","15480","4080","44","1","22","0","0","3.79","Teenage Mutant Ninja Turtles II:  Back from the Sewers"
"Dora the Explorer: Search for the Pirate Pig's Treasure","13842","Dora the Explorer: Search for the Pirate Pig's Treasure","15900","4200","18","1","14","0","0","3.79","Dora the Explorer: Search for the Pirate Pig's Treasure"
"Praetorians","13843","Praetorians","4320","1140","33","1","7","0","0","3.79","Praetorians"
"Geist","13844","Geist","47460","12540","95","2","22","0","0","3.78","Geist"
"Yu-Gi-Oh! 5D's Decade Duels","13845","Yu-Gi-Oh! 5D's Decade Duels","2040","540","9","1","4","0","0","3.78","Yu-Gi-Oh! 5D's Decade Duels"
"Ridge Racer 64","13846","Ridge Racer 64","10200","2700","96","1","11","0","0","3.78","Ridge Racer 64"
"Blockland","13847","Blockland","83520","22080","287","2","102","0","0","3.78","Blockland"
"Bejeweled 3","13848","Bejeweled 3","325980","86340","225","3","284","0","0","3.78","Bejeweled 3"
"Reckless Rufus","13849","Reckless Rufus","10200","2700","23","1","2","0","0","3.78","Reckless Rufus"
"JoJo no Kimyou na Bouken: Ougon no Kaze","13850","JoJo no Kimyou na Bouken: Ougon no Kaze","12240","3240","23","1","17","0","0","3.78","JoJo no Kimyou na Bouken: Ougon no Kaze"
"Naruto: Ultimate Ninja Storm","13851","Naruto: Ultimate Ninja Storm","56640","15000","38","3","46","0","0","3.78","Naruto: Ultimate Ninja Storm"
"Juke Box","13852","Juke Box","2040","540","7","1","4","0","0","3.78","Juke Box"
"Jaleco Rally: Big Run: The Supreme 4WD Challenge","13853","Jaleco Rally: Big Run: The Supreme 4WD Challenge","4080","1080","19","1","4","0","0","3.78","Jaleco Rally: Big Run: The Supreme 4WD Challenge"
"Quiver","13854","Quiver","2940","780","17","1","7","0","0","3.77","Quiver"
"Tom Clancy's Splinter Cell Essentials","13855","Tom Clancy's Splinter Cell Essentials","4980","1320","26","1","8","0","0","3.77","Tom Clancy's Splinter Cell Essentials"
"Plasma Sword: Nightmare of Bilstein","13856","Plasma Sword: Nightmare of Bilstein","2940","780","10","1","7","0","0","3.77","Plasma Sword: Nightmare of Bilstein"
"Metal Gear Solid: Snake Eater 3D","13857","Metal Gear Solid: Snake Eater 3D","37080","9840","49","2","12","0","0","3.77","Metal Gear Solid: Snake Eater 3D"
"Sing Party","13858","Sing Party","9720","2580","57","2","15","0","0","3.77","Sing Party"
"Alex Kidd in the Enchanted Castle","13859","Alex Kidd in the Enchanted Castle","7020","1860","171","2","15","0","0","3.77","Alex Kidd in the Enchanted Castle"
"Iridion II","13860","Iridion II","4980","1320","25","1","6","0","0","3.77","Iridion II"
"Wangan Midnight","13861","Wangan Midnight","2940","780","10","1","4","0","0","3.77","Wangan Midnight"
"Naruto RPG 2: Chidori vs. Rasengan","13862","Naruto RPG 2: Chidori vs. Rasengan","2940","780","33","1","5","0","0","3.77","Naruto RPG 2: Chidori vs. Rasengan"
"King Oddball","13863","King Oddball","33060","8760","93","3","42","0","0","3.77","King Oddball"
"Out There Somewhere","13864","Out There Somewhere","289260","76800","444","6","353","0","0","3.77","Out There Somewhere"
"Cannon Spike","13865","Cannon Spike","6780","1800","22","1","14","0","0","3.77","Cannon Spike"
"Far Cry 4","13866","Far Cry 4","27789180","7379160","4862","71","28641","52","14","3.77","Far Cry 4"
"Yo' Bro","13867","Yo' Bro","6780","1800","77","1","9","0","0","3.77","Yo' Bro"
"Super Solvers: Gizmos & Gadgets","13868","Super Solvers: Gizmos & Gadgets","10860","2880","16","3","9","0","0","3.77","Super Solvers: Gizmos & Gadgets"
"Watchmen: The End is Nigh","13869","Watchmen: The End is Nigh","39600","10500","149","1","31","0","0","3.77","Watchmen: The End is Nigh"
"Card Hunter","13870","Card Hunter","470220","125220","335","3","430","0","0","3.76","Card Hunter"
"The Next Penelope: Race to Odysseus","13871","The Next Penelope: Race to Odysseus","17160","4560","40","1","21","0","0","3.76","The Next Penelope: Race to Odysseus"
"Touhou 01 - Highly Responsive to Prayers","13872","Touhou 01 - Highly Responsive to Prayers","13320","3540","48","1","26","0","0","3.76","Touhou 01 - Highly Responsive to Prayers"
"Furcadia","13873","Furcadia","16020","4260","85","1","12","0","0","3.76","Furcadia"
"Rolan's Curse 2","13874","Rolan's Curse 2","6540","1740","12","1","2","0","0","3.76","Rolan's Curse 2"
"Steep Slope Sliders","13875","Steep Slope Sliders","6540","1740","21","1","10","0","0","3.76","Steep Slope Sliders"
"Skyling: Garden Defense","13876","Skyling: Garden Defense","44220","11760","27","3","47","0","0","3.76","Skyling: Garden Defense"
"Creature Defense","13877","Creature Defense","2700","720","27","1","5","0","0","3.75","Creature Defense"
"The Fancy Pants Adventure: World 3","13878","The Fancy Pants Adventure: World 3","2700","720","10","1","3","0","0","3.75","The Fancy Pants Adventure: World 3"
"Nekketsu Oyako","13879","Nekketsu Oyako","900","240","9","1","2","0","0","3.75","Nekketsu Oyako"
"Scooby-Doo! Where are You?","13880","Scooby-Doo! Where are You?","900","240","7","1","3","0","0","3.75","Scooby-Doo! Where are You?"
"True Pinball","13881","True Pinball","900","240","7","1","2","0","0","3.75","True Pinball"
"Justice League Heroes: The Flash","13882","Justice League Heroes: The Flash","900","240","9","1","2","0","0","3.75","Justice League Heroes: The Flash"
"Jurassic Park III","13883","Jurassic Park III","900","240","9","1","4","0","0","3.75","Jurassic Park III"
"AxySnake","13884","AxySnake","900","240","8","1","2","0","0","3.75","AxySnake"
"Michael English Daibouken","13885","Michael English Daibouken","900","240","5","1","1","0","0","3.75","Michael English Daibouken"
"LiEat II","13886","LiEat II","12600","3360","26","2","22","0","0","3.75","LiEat II"
"Onita Atsushi FMW","13887","Onita Atsushi FMW","900","240","10","1","1","0","0","3.75","Onita Atsushi FMW"
"Juggle!","13888","Juggle!","1800","480","9","1","1","0","0","3.75","Juggle!"
"Sengoku Musou 3: Empires","13889","Sengoku Musou 3: Empires","900","240","9","1","1","0","0","3.75","Sengoku Musou 3: Empires"
"CatDog: Quest for the Golden Hydrant","13890","CatDog: Quest for the Golden Hydrant","900","240","5","1","1","0","0","3.75","CatDog: Quest for the Golden Hydrant"
"Enigma Prison","13891","Enigma Prison","900","240","7","1","2","0","0","3.75","Enigma Prison"
"Type 3","13892","Type 3","900","240","8","1","1","0","0","3.75","Type 3"
"Samurai Warriors Chronicles 3","13893","Samurai Warriors Chronicles 3","900","240","6","1","1","0","0","3.75","Samurai Warriors Chronicles 3"
"Grapple Boy","13894","Grapple Boy","900","240","8","1","3","0","0","3.75","Grapple Boy"
"Solar Striker","13895","Solar Striker","1800","480","18","1","4","0","0","3.75","Solar Striker"
"Taiko no Tatsujin Portable","13896","Taiko no Tatsujin Portable","900","240","7","1","2","0","0","3.75","Taiko no Tatsujin Portable"
"Pool Party","13897","Pool Party","900","240","7","1","2","0","0","3.75","Pool Party"
"Ninja Commando","13898","Ninja Commando","900","240","5","1","2","0","0","3.75","Ninja Commando"
"Adult Film Cameraman","13899","Adult Film Cameraman","3600","960","11","1","4","0","0","3.75","Adult Film Cameraman"
"Fade to Black","13900","Fade to Black","1800","480","8","1","3","0","0","3.75","Fade to Black"