"","","Game","Watch time","Stream time","Peak viewers","Peak channels","Streamers","Average viewers","Average channels","Average viewer ratio",""
"Super R-Type","9301","Super R-Type","56580","7080","159","1","31","0","0","7.99","Super R-Type"
"Getsu Fuuma Den","9302","Getsu Fuuma Den","32580","4080","54","1","9","0","0","7.99","Getsu Fuuma Den"
"DuckTales: Remastered","9303","DuckTales: Remastered","1217940","152520","1715","6","857","2","0","7.99","DuckTales: Remastered"
"Pokémon Mystery Dungeon: Explorers of Sky","9304","Pokémon Mystery Dungeon: Explorers of Sky","1281900","160380","712","4","304","2","0","7.99","Pokémon Mystery Dungeon: Explorers of Sky"
"The Banner Saga","9305","The Banner Saga","2943000","368640","1141","11","1338","5","0","7.98","The Banner Saga"
"E.T. Armies","9306","E.T. Armies","49320","6180","454","2","34","0","0","7.98","E.T. Armies"
"Fallout 3","9307","Fallout 3","19197300","2407440","150137","20","8612","36","4","7.97","Fallout 3"
"The idolm@ster: Shiny TV","9308","The idolm@ster: Shiny TV","91860","11520","56","1","17","0","0","7.97","The idolm@ster: Shiny TV"
"Sonic Battle","9309","Sonic Battle","154380","19380","482","3","56","0","0","7.97","Sonic Battle"
"beatmania","9310","beatmania","38280","4800","102","2","22","0","0","7.97","beatmania"
"Inuyasha: The Secret of the Cursed Mask","9311","Inuyasha: The Secret of the Cursed Mask","33480","4200","30","2","12","0","0","7.97","Inuyasha: The Secret of the Cursed Mask"
"Haunting Starring Polterguy","9312","Haunting Starring Polterguy","15780","1980","88","1","14","0","0","7.97","Haunting Starring Polterguy"
"Egg Mania: Eggstreme Madness","9313","Egg Mania: Eggstreme Madness","25320","3180","79","2","8","0","0","7.96","Egg Mania: Eggstreme Madness"
"Download","9314","Download","10980","1380","59","2","13","0","0","7.96","Download"
"UFC 2009 Undisputed","9315","UFC 2009 Undisputed","44400","5580","516","2","36","0","0","7.96","UFC 2009 Undisputed"
"Stronghold Crusader II","9316","Stronghold Crusader II","826440","103860","5654","7","449","1","0","7.96","Stronghold Crusader II"
"Evo Explores","9317","Evo Explores","12900","1620","46","1","9","0","0","7.96","Evo Explores"
"MapleRoyals","9318","MapleRoyals","37200","4680","26","2","8","0","0","7.95","MapleRoyals"
"Scrolls","9319","Scrolls","73440","9240","64","2","32","0","0","7.95","Scrolls"
"Shadow Hearts","9320","Shadow Hearts","639600","80460","576","4","86","1","0","7.95","Shadow Hearts"
"There Came an Echo","9321","There Came an Echo","57240","7200","339","2","37","0","0","7.95","There Came an Echo"
"Spore: Creepy and Cute","9322","Spore: Creepy and Cute","58200","7320","95","2","38","0","0","7.95","Spore: Creepy and Cute"
"Taz-Mania","9323","Taz-Mania","21000","2640","81","2","15","0","0","7.95","Taz-Mania"
"SSX 3","9324","SSX 3","1187760","149400","836","3","223","2","0","7.95","SSX 3"
"Destroy All Humans!","9325","Destroy All Humans!","540120","67980","430","6","353","1","0","7.95","Destroy All Humans!"
"Aerofly FS","9326","Aerofly FS","44820","5640","144","2","34","0","0","7.95","Aerofly FS"
"Atelier Meruru: The Apprentice of Arland","9327","Atelier Meruru: The Apprentice of Arland","125520","15780","43","2","17","0","0","7.95","Atelier Meruru: The Apprentice of Arland"
"Sensible World of Soccer '96/'97","9328","Sensible World of Soccer '96/'97","21000","2640","89","1","7","0","0","7.95","Sensible World of Soccer '96/'97"
"Crusaders of the Lost Idols","9329","Crusaders of the Lost Idols","515220","64920","9556","3","97","0","0","7.94","Crusaders of the Lost Idols"
"99 Levels To Hell","9330","99 Levels To Hell","46200","5820","243","2","37","0","0","7.94","99 Levels To Hell"
"Shadow Hearts: Covenant","9331","Shadow Hearts: Covenant","590700","74400","182","3","63","1","0","7.94","Shadow Hearts: Covenant"
"Warhammer 40,000: Armageddon","9332","Warhammer 40,000: Armageddon","81960","10320","229","2","20","0","0","7.94","Warhammer 40,000: Armageddon"
"The Sims 2","9333","The Sims 2","1245480","156900","1198","4","448","2","0","7.94","The Sims 2"
"Xpand Rally","9334","Xpand Rally","8580","1080","15","1","1","0","0","7.94","Xpand Rally"
"Source Filmmaker","9335","Source Filmmaker","1817520","229320","383","6","579","3","0","7.93","Source Filmmaker"
"SIMCITY (2013)","9336","SIMCITY (2013)","3499680","441300","28028","9","1683","6","0","7.93","SIMCITY (2013)"
"Princess Maker 4","9337","Princess Maker 4","6660","840","19","1","3","0","0","7.93","Princess Maker 4"
"Curse of the Crescent Isle","9338","Curse of the Crescent Isle","13800","1740","51","1","11","0","0","7.93","Curse of the Crescent Isle"
"Choplifter!","9339","Choplifter!","6660","840","21","1","4","0","0","7.93","Choplifter!"
"Titan Quest","9340","Titan Quest","1953600","246600","5726","15","843","3","0","7.92","Titan Quest"
"Tears to Tiara II: Heir of the Overlord","9341","Tears to Tiara II: Heir of the Overlord","23760","3000","72","1","7","0","0","7.92","Tears to Tiara II: Heir of the Overlord"
"Pid","9342","Pid","133020","16800","238","2","77","0","0","7.92","Pid"
"Arcana Heart 3: LOVE MAX!!!!!","9343","Arcana Heart 3: LOVE MAX!!!!!","233280","29460","644","2","80","0","0","7.92","Arcana Heart 3: LOVE MAX!!!!!"
"Wolfenstein","9344","Wolfenstein","206160","26040","500","2","125","0","0","7.92","Wolfenstein"
"EmergeNYC","9345","EmergeNYC","28020","3540","127","1","26","0","0","7.92","EmergeNYC"
"Tron: Evolution","9346","Tron: Evolution","1343760","169800","395","24","1191","2","0","7.91","Tron: Evolution"
"Castlevania: Lament of Innocence","9347","Castlevania: Lament of Innocence","282060","35640","353","2","69","0","0","7.91","Castlevania: Lament of Innocence"
"Automation","9348","Automation","132300","16740","231","2","83","0","0","7.9","Automation"
"Grand Theft Auto 2","9349","Grand Theft Auto 2","387720","49080","716","3","125","0","0","7.9","Grand Theft Auto 2"
"Natural Selection II","9350","Natural Selection II","5002380","633000","15799","8","934","9","1","7.9","Natural Selection II"
"No Time to Explain","9351","No Time to Explain","628980","79620","872","4","521","1","0","7.9","No Time to Explain"
"Speed Power Gunbike","9352","Speed Power Gunbike","4740","600","26","1","4","0","0","7.9","Speed Power Gunbike"
"Nightmare Busters","9353","Nightmare Busters","14700","1860","212","4","10","0","0","7.9","Nightmare Busters"
"Battleship: The Classic Naval Warfare Game","9354","Battleship: The Classic Naval Warfare Game","4740","600","29","1","5","0","0","7.9","Battleship: The Classic Naval Warfare Game"
"Macross Plus","9355","Macross Plus","4740","600","40","1","2","0","0","7.9","Macross Plus"
"Club Life","9356","Club Life","4740","600","21","1","2","0","0","7.9","Club Life"
"Ranch Rush","9357","Ranch Rush","9480","1200","15","1","3","0","0","7.9","Ranch Rush"
"Crowntakers","9358","Crowntakers","30780","3900","90","1","16","0","0","7.89","Crowntakers"
"GeneRally","9359","GeneRally","22260","2820","64","4","20","0","0","7.89","GeneRally"
"SD Gundam Capsule Fighter Online","9360","SD Gundam Capsule Fighter Online","4260","540","27","1","1","0","0","7.89","SD Gundam Capsule Fighter Online"
"Bit.Trip Flux","9361","Bit.Trip Flux","4260","540","31","1","5","0","0","7.89","Bit.Trip Flux"
"Smash TV","9362","Smash TV","292980","37140","187","2","79","0","0","7.89","Smash TV"
"Shantae","9363","Shantae","235380","29820","153","2","90","0","0","7.89","Shantae"
"Rise of the Argonauts","9364","Rise of the Argonauts","40260","5100","557","1","20","0","0","7.89","Rise of the Argonauts"
"Sonic Free Riders","9365","Sonic Free Riders","12300","1560","24","1","5","0","0","7.88","Sonic Free Riders"
"Deadliest Warrior: The Game","9366","Deadliest Warrior: The Game","3780","480","22","1","5","0","0","7.88","Deadliest Warrior: The Game"
"GT Advance: Championship Racing","9367","GT Advance: Championship Racing","3780","480","22","1","3","0","0","7.88","GT Advance: Championship Racing"
"Ultimate Arena","9368","Ultimate Arena","185280","23520","783","4","117","0","0","7.88","Ultimate Arena"
"King's Bounty: Legions","9369","King's Bounty: Legions","19380","2460","161","1","9","0","0","7.88","King's Bounty: Legions"
"Dragon Ball: Origins","9370","Dragon Ball: Origins","7080","900","59","1","3","0","0","7.87","Dragon Ball: Origins"
"Prisma","9371","Prisma","10860","1380","31","1","5","0","0","7.87","Prisma"
"Beer Pong","9372","Beer Pong","40140","5100","261","3","23","0","0","7.87","Beer Pong"
"Shiftlings","9373","Shiftlings","71340","9060","72","1","45","0","0","7.87","Shiftlings"
"Goat Simulator","9374","Goat Simulator","11680320","1485480","18481","154","16055","22","2","7.86","Goat Simulator"
"Chibi-Robo!","9375","Chibi-Robo!","364500","46380","209","3","102","0","0","7.86","Chibi-Robo!"
"Chill","9376","Chill","719280","91560","1548","3","326","1","0","7.86","Chill"
"Nocturne","9377","Nocturne","50940","6480","36","1","13","0","0","7.86","Nocturne"
"Nancy Drew: Warnings at Waverly Academy","9378","Nancy Drew: Warnings at Waverly Academy","75420","9600","133","2","29","0","0","7.86","Nancy Drew: Warnings at Waverly Academy"
"Red Johnson's Chronicles: One Against All","9379","Red Johnson's Chronicles: One Against All","3300","420","14","1","1","0","0","7.86","Red Johnson's Chronicles: One Against All"
"Legion TD 2","9380","Legion TD 2","6600","840","87","1","6","0","0","7.86","Legion TD 2"
"1830: Railroads & Robber Barons","9381","1830: Railroads & Robber Barons","3300","420","17","1","1","0","0","7.86","1830: Railroads & Robber Barons"
"Lantern","9382","Lantern","6120","780","53","1","6","0","0","7.85","Lantern"
"The Legend of Heroes: Trails in the Sky FC Kai HD Edition","9383","The Legend of Heroes: Trails in the Sky FC Kai HD Edition","18840","2400","27","1","10","0","0","7.85","The Legend of Heroes: Trails in the Sky FC Kai HD Edition"
"Dog Show Friends","9384","Dog Show Friends","12720","1620","19","1","2","0","0","7.85","Dog Show Friends"
"Castle of Dr. Brain","9385","Castle of Dr. Brain","6120","780","26","1","4","0","0","7.85","Castle of Dr. Brain"
"Cursed Mountain","9386","Cursed Mountain","31080","3960","43","1","10","0","0","7.85","Cursed Mountain"
"Dark Cloud","9387","Dark Cloud","2268600","289140","490","6","1832","4","0","7.85","Dark Cloud"
"Realm of the Mad God","9388","Realm of the Mad God","30932220","3940080","14660","33","5281","58","7","7.85","Realm of the Mad God"
"Bio Miracle Bokutte Upa","9389","Bio Miracle Bokutte Upa","24480","3120","48","8","19","0","0","7.85","Bio Miracle Bokutte Upa"
"Ford Racing","9390","Ford Racing","8940","1140","17","1","3","0","0","7.84","Ford Racing"
"N.E.R.O.: Nothing Ever Remains Obscure","9391","N.E.R.O.: Nothing Ever Remains Obscure","71040","9060","180","2","104","0","0","7.84","N.E.R.O.: Nothing Ever Remains Obscure"
"PeaceMaker","9392","PeaceMaker","11280","1440","106","2","7","0","0","7.83","PeaceMaker"
"Chicken Run","9393","Chicken Run","40380","5160","100","1","12","0","0","7.83","Chicken Run"
"Tobal No. 1","9394","Tobal No. 1","5640","720","31","1","6","0","0","7.83","Tobal No. 1"
"WWF WrestleMania","9395","WWF WrestleMania","16440","2100","42","2","12","0","0","7.83","WWF WrestleMania"
"The Simpsons: Bart vs. the Space Mutants","9396","The Simpsons: Bart vs. the Space Mutants","22080","2820","170","1","11","0","0","7.83","The Simpsons: Bart vs. the Space Mutants"
"Tales of Graces F","9397","Tales of Graces F","911400","116340","1761","3","97","1","0","7.83","Tales of Graces F"
"Lunatic Rave 2","9398","Lunatic Rave 2","2573520","328740","559","5","339","4","0","7.83","Lunatic Rave 2"
"Midnight Club: Los Angeles Remix","9399","Midnight Club: Los Angeles Remix","5160","660","44","1","7","0","0","7.82","Midnight Club: Los Angeles Remix"
"Solar Jetman: Hunt for the Golden Warpship","9400","Solar Jetman: Hunt for the Golden Warpship","28140","3600","40","1","11","0","0","7.82","Solar Jetman: Hunt for the Golden Warpship"