"","","Game","Watch time","Stream time","Peak viewers","Peak channels","Streamers","Average viewers","Average channels","Average viewer ratio",""
"PolitiCats","3401","PolitiCats","15600","420","130","1","3","0","0","37.14","PolitiCats"
"Streamline","3402","Streamline","16099800","433740","20679","43","1915","30","0","37.12","Streamline"
"Final Fantasy XII","3403","Final Fantasy XII","38737980","1045680","9226","10","1060","73","1","37.05","Final Fantasy XII"
"Pooper Deluxe","3404","Pooper Deluxe","433140","11700","6139","2","28","0","0","37.02","Pooper Deluxe"
"Golf","3405","Golf","1578960","42660","7554","6","160","2","0","37.01","Golf"
"Toy Home","3406","Toy Home","2220","60","41","1","1","0","0","37","Toy Home"
"Cross Ange: Rondo of Angels and Dragons tr.","3407","Cross Ange: Rondo of Angels and Dragons tr.","4440","120","42","1","1","0","0","37","Cross Ange: Rondo of Angels and Dragons tr."
"Picross NP","3408","Picross NP","184140","4980","330","1","10","0","0","36.98","Picross NP"
"Fall of the Titanic","3409","Fall of the Titanic","82080","2220","272","1","20","0","0","36.97","Fall of the Titanic"
"Guitar Hero: Metallica","3410","Guitar Hero: Metallica","1265040","34260","2404","2","127","2","0","36.92","Guitar Hero: Metallica"
"Spyro: Year of the Dragon","3411","Spyro: Year of the Dragon","16519500","447600","150031","13","608","31","0","36.91","Spyro: Year of the Dragon"
"Ys III: Wanderers from Ys","3412","Ys III: Wanderers from Ys","823620","22320","543","2","38","1","0","36.9","Ys III: Wanderers from Ys"
"Thumper","3413","Thumper","7753440","210240","32148","31","1418","14","0","36.88","Thumper"
"Black & White","3414","Black & White","1221060","33120","1564","2","55","2","0","36.87","Black & White"
"Boid","3415","Boid","827280","22440","5183","5","114","1","0","36.87","Boid"
"NBA 2K","3416","NBA 2K","1461660","39660","8715","3","75","2","0","36.85","NBA 2K"
"Berserk and the Band of the Hawk","3417","Berserk and the Band of the Hawk","1062720","28860","453","5","40","2","0","36.82","Berserk and the Band of the Hawk"
"Hide & Hold Out - H2o","3418","Hide & Hold Out - H2o","3686820","100140","18456","14","247","6","0","36.82","Hide & Hold Out - H2o"
"Ys IV: Mask of the Sun","3419","Ys IV: Mask of the Sun","46380","1260","90","1","4","0","0","36.81","Ys IV: Mask of the Sun"
"A Nightmare on Elm Street","3420","A Nightmare on Elm Street","726300","19740","1288","3","44","1","0","36.79","A Nightmare on Elm Street"
"RollerCoaster Tycoon 2: Time Twister","3421","RollerCoaster Tycoon 2: Time Twister","50760","1380","165","1","10","0","0","36.78","RollerCoaster Tycoon 2: Time Twister"
"Deadly Towers","3422","Deadly Towers","291120","7920","360","2","23","0","0","36.76","Deadly Towers"
"Armada","3423","Armada","41880","1140","613","1","6","0","0","36.74","Armada"
"Kid Icarus","3424","Kid Icarus","676440","18420","968","3","79","1","0","36.72","Kid Icarus"
"Stone Age","3425","Stone Age","13300260","362520","8014","13","141","25","0","36.69","Stone Age"
"Path of Exile","3426","Path of Exile","1594612740","43476720","25344","764","31568","3025","82","36.68","Path of Exile"
"Off the Wall","3427","Off the Wall","6600","180","56","1","2","0","0","36.67","Off the Wall"
"Diaries of a Spaceport Janitor","3428","Diaries of a Spaceport Janitor","828540","22620","2898","5","124","1","0","36.63","Diaries of a Spaceport Janitor"
"Uniracers","3429","Uniracers","518640","14160","3977","3","48","0","0","36.63","Uniracers"
"Blinx 2: Masters of Time and Space","3430","Blinx 2: Masters of Time and Space","109860","3000","735","1","9","0","0","36.62","Blinx 2: Masters of Time and Space"
"The Lab","3431","The Lab","3456600","94380","6420","4","532","6","0","36.62","The Lab"
"Wasted: A First-Person Post-Apocalyptic Pub Crawler","3432","Wasted: A First-Person Post-Apocalyptic Pub Crawler","4018140","109800","10911","13","447","7","0","36.6","Wasted: A First-Person Post-Apocalyptic Pub Crawler"
"Dead in the Water","3433","Dead in the Water","10980","300","64","1","2","0","0","36.6","Dead in the Water"
"Ace Combat X: Skies of Deception","3434","Ace Combat X: Skies of Deception","175620","4800","451","1","12","0","0","36.59","Ace Combat X: Skies of Deception"
"Zelda II: The Adventure of Link","3435","Zelda II: The Adventure of Link","30496080","833520","94715","16","734","57","1","36.59","Zelda II: The Adventure of Link"
"Spec Ops: The Line","3436","Spec Ops: The Line","9807240","268260","23760","8","1206","18","0","36.56","Spec Ops: The Line"
"Mashed: Fully Loaded","3437","Mashed: Fully Loaded","48240","1320","780","1","6","0","0","36.55","Mashed: Fully Loaded"
"ECW Hardcore Revolution","3438","ECW Hardcore Revolution","63600","1740","117","1","2","0","0","36.55","ECW Hardcore Revolution"
"Ys: The Vanished Omens","3439","Ys: The Vanished Omens","324360","8880","2768","1","25","0","0","36.53","Ys: The Vanished Omens"
"CASE: Animatronics","3440","CASE: Animatronics","1613160","44160","2650","5","329","3","0","36.53","CASE: Animatronics"
"HoloBall","3441","HoloBall","107400","2940","1768","1","31","0","0","36.53","HoloBall"
"Outward","3442","Outward","4380","120","45","1","1","0","0","36.5","Outward"
"HEX: Shards of Fate","3443","HEX: Shards of Fate","62771580","1720500","14781","48","993","119","3","36.48","HEX: Shards of Fate"
"Persona 5","3444","Persona 5","21753780","596340","8081","34","337","41","1","36.48","Persona 5"
"Raft Rider","3445","Raft Rider","262560","7200","917","5","52","0","0","36.47","Raft Rider"
"The Royal Marines Commando","3446","The Royal Marines Commando","15300","420","249","1","3","0","0","36.43","The Royal Marines Commando"
"Dropsy","3447","Dropsy","2400600","65940","5840","4","281","4","0","36.41","Dropsy"
"Jenga World Tour","3448","Jenga World Tour","61140","1680","648","1","6","0","0","36.39","Jenga World Tour"
"Street Warrior","3449","Street Warrior","371040","10200","1606","4","80","0","0","36.38","Street Warrior"
"Daikaijuu Monogatari","3450","Daikaijuu Monogatari","165840","4560","107","1","4","0","0","36.37","Daikaijuu Monogatari"
"Grand Knights History","3451","Grand Knights History","111300","3060","585","1","11","0","0","36.37","Grand Knights History"
"Psychonauts in the Rhombus of Ruin","3452","Psychonauts in the Rhombus of Ruin","76260","2100","668","1","6","0","0","36.31","Psychonauts in the Rhombus of Ruin"
"The Battle of Olympus","3453","The Battle of Olympus","411600","11340","465","2","25","0","0","36.3","The Battle of Olympus"
"Jotun","3454","Jotun","7795020","214740","12391","7","966","14","0","36.3","Jotun"
"Chrono Cross","3455","Chrono Cross","13894500","382860","5415","6","365","26","0","36.29","Chrono Cross"
"Double Dragon II","3456","Double Dragon II","343980","9480","1007","2","65","0","0","36.28","Double Dragon II"
"Ice Climber","3457","Ice Climber","502800","13860","947","3","64","0","0","36.28","Ice Climber"
"Rock Man","3458","Rock Man","139260","3840","295","1","17","0","0","36.27","Rock Man"
"F.E.A.R.: First Encounter Assault Recon","3459","F.E.A.R.: First Encounter Assault Recon","13420620","370200","14031","11","1485","25","0","36.25","F.E.A.R.: First Encounter Assault Recon"
"Romance of the Three Kingdoms X","3460","Romance of the Three Kingdoms X","171780","4740","181","1","9","0","0","36.24","Romance of the Three Kingdoms X"
"The Stanley Parable","3461","The Stanley Parable","12752580","352020","15382","9","2732","24","0","36.23","The Stanley Parable"
"Fortress Forever","3462","Fortress Forever","506040","13980","1499","5","22","0","0","36.2","Fortress Forever"
"Ace of Arenas","3463","Ace of Arenas","1090200","30120","4476","3","72","2","0","36.2","Ace of Arenas"
"Bucky O'Hare","3464","Bucky O'Hare","909480","25140","783","10","85","1","0","36.18","Bucky O'Hare"
"Dark Messiah of Might & Magic","3465","Dark Messiah of Might & Magic","6400080","177000","7530","4","496","12","0","36.16","Dark Messiah of Might & Magic"
"80 Days","3466","80 Days","774060","21420","2099","3","90","1","0","36.14","80 Days"
"Rebel Planet","3467","Rebel Planet","15180","420","55","1","1","0","0","36.14","Rebel Planet"
"Motorbike","3468","Motorbike","134400","3720","99","1","4","0","0","36.13","Motorbike"
"Arc the Lad","3469","Arc the Lad","533220","14760","2071","2","22","1","0","36.13","Arc the Lad"
"Genji: Dawn of the Samurai","3470","Genji: Dawn of the Samurai","177600","4920","597","1","14","0","0","36.1","Genji: Dawn of the Samurai"
"Counter-Strike Neo","3471","Counter-Strike Neo","227280","6300","1671","1","38","0","0","36.08","Counter-Strike Neo"
"Rayman Legends","3472","Rayman Legends","20006160","554460","166452","26","4074","37","1","36.08","Rayman Legends"
"Empire TV Tycoon","3473","Empire TV Tycoon","560340","15540","6881","2","93","1","0","36.06","Empire TV Tycoon"
"Dead Rising: Chop Till You Drop","3474","Dead Rising: Chop Till You Drop","112320","3120","363","1","10","0","0","36","Dead Rising: Chop Till You Drop"
"Speed Racer in The Challenge of Racer X","3475","Speed Racer in The Challenge of Racer X","4320","120","37","1","1","0","0","36","Speed Racer in The Challenge of Racer X"
"Galactic Conquest","3476","Galactic Conquest","10800","300","67","1","1","0","0","36","Galactic Conquest"
"Short Circuit","3477","Short Circuit","4320","120","38","1","1","0","0","36","Short Circuit"
"In Case of Emergency, Release Raptor","3478","In Case of Emergency, Release Raptor","43140","1200","273","2","14","0","0","35.95","In Case of Emergency, Release Raptor"
"Adventure Island","3479","Adventure Island","988020","27480","495","2","69","1","0","35.95","Adventure Island"
"Rock Band","3480","Rock Band","1183020","32940","1343","2","131","2","0","35.91","Rock Band"
"Karateka","3481","Karateka","99000","2760","222","1","9","0","0","35.87","Karateka"
"Disney Princess: My Fairytale Adventure","3482","Disney Princess: My Fairytale Adventure","66720","1860","747","1","14","0","0","35.87","Disney Princess: My Fairytale Adventure"
"Life Goes On","3483","Life Goes On","318480","8880","965","1","45","0","0","35.86","Life Goes On"
"Kingdom Online","3484","Kingdom Online","90300","2520","184","1","10","0","0","35.83","Kingdom Online"
"Mario Power Tennis","3485","Mario Power Tennis","997440","27840","2021","3","138","1","0","35.83","Mario Power Tennis"
"The Legend of Zelda: A Link to the Past","3486","The Legend of Zelda: A Link to the Past","111017160","3102300","197307","41","4188","210","5","35.79","The Legend of Zelda: A Link to the Past"
"Superhot","3487","Superhot","35121000","981660","49550","108","7069","66","1","35.78","Superhot"
"Chuck Rock II: Son of Chuck","3488","Chuck Rock II: Son of Chuck","47220","1320","134","1","5","0","0","35.77","Chuck Rock II: Son of Chuck"
"Lost Horizon 2","3489","Lost Horizon 2","25740","720","84","1","5","0","0","35.75","Lost Horizon 2"
"Kirby Super Star","3490","Kirby Super Star","6363720","178080","31234","7","621","12","0","35.74","Kirby Super Star"
"Dragonsphere","3491","Dragonsphere","51420","1440","83","1","6","0","0","35.71","Dragonsphere"
"ShadowCaster","3492","ShadowCaster","75000","2100","76","1","3","0","0","35.71","ShadowCaster"
"Air Control","3493","Air Control","42840","1200","271","1","5","0","0","35.7","Air Control"
"Monster Hunter Generations","3494","Monster Hunter Generations","80567160","2258580","5234","92","945","152","4","35.67","Monster Hunter Generations"
"Zombies","3495","Zombies","783180","21960","7624","3","100","1","0","35.66","Zombies"
"Pajama Sam: No Need to Hide When It's Dark Outside","3496","Pajama Sam: No Need to Hide When It's Dark Outside","1373940","38580","7253","2","200","2","0","35.61","Pajama Sam: No Need to Hide When It's Dark Outside"
"Stranded Deep","3497","Stranded Deep","16704300","469140","22104","8","2269","31","0","35.61","Stranded Deep"
"Disney's The Little Mermaid II","3498","Disney's The Little Mermaid II","10680","300","68","1","3","0","0","35.6","Disney's The Little Mermaid II"
"THE iDOLM@STER","3499","THE iDOLM@STER","4450020","125040","5193","16","135","8","0","35.59","THE iDOLM@STER"
"Pokémon Platinum","3500","Pokémon Platinum","21925680","616320","3912","10","1710","41","1","35.58","Pokémon Platinum"