"","","Game","Watch time","Stream time","Peak viewers","Peak channels","Streamers","Average viewers","Average channels","Average viewer ratio",""
"Star Wars: X-Wing","3501","Star Wars: X-Wing","1481580","41640","10361","4","76","2","0","35.58","Star Wars: X-Wing"
"Fantastic Contraption","3502","Fantastic Contraption","1075200","30240","3042","3","155","2","0","35.56","Fantastic Contraption"
"Sweet Home","3503","Sweet Home","546120","15360","753","2","38","1","0","35.55","Sweet Home"
"Airport Simulator 2014","3504","Airport Simulator 2014","66120","1860","423","1","19","0","0","35.55","Airport Simulator 2014"
"Microsoft Jigsaw","3505","Microsoft Jigsaw","179160","5040","317","1","14","0","0","35.55","Microsoft Jigsaw"
"Thief II: The Metal Age","3506","Thief II: The Metal Age","3670260","103260","2506","4","91","6","0","35.54","Thief II: The Metal Age"
"Where's Waldo?","3507","Where's Waldo?","324060","9120","2468","2","33","0","0","35.53","Where's Waldo?"
"The Blackwell Legacy","3508","The Blackwell Legacy","415500","11700","1233","2","37","0","0","35.51","The Blackwell Legacy"
"Card Games","3509","Card Games","3647400","102720","3755","4","263","6","0","35.51","Card Games"
"Street Fighter II Turbo: Hyper Fighting","3510","Street Fighter II Turbo: Hyper Fighting","1308600","36900","8592","2","228","2","0","35.46","Street Fighter II Turbo: Hyper Fighting"
"Garfield Kart","3511","Garfield Kart","844140","23820","3397","2","124","1","0","35.44","Garfield Kart"
"Pinball Illusions","3512","Pinball Illusions","14880","420","54","1","2","0","0","35.43","Pinball Illusions"
"Who Wants to Beat Up a Millionaire","3513","Who Wants to Beat Up a Millionaire","14880","420","89","1","4","0","0","35.43","Who Wants to Beat Up a Millionaire"
"Hard Time","3514","Hard Time","482280","13620","2326","2","70","0","0","35.41","Hard Time"
"Mega Turrican","3515","Mega Turrican","159360","4500","6533","5","18","0","0","35.41","Mega Turrican"
"Dynomite Deluxe","3516","Dynomite Deluxe","10620","300","169","1","3","0","0","35.4","Dynomite Deluxe"
"Breath of Fire IV","3517","Breath of Fire IV","5268300","148920","2179","4","126","9","0","35.38","Breath of Fire IV"
"The Lost Vikings","3518","The Lost Vikings","1165380","32940","807","2","109","2","0","35.38","The Lost Vikings"
"Creatures 3","3519","Creatures 3","59400","1680","900","1","6","0","0","35.36","Creatures 3"
"Soul Blazer","3520","Soul Blazer","2632380","74520","4076","23","166","4","0","35.32","Soul Blazer"
"South Park: The Stick of Truth","3521","South Park: The Stick of Truth","84871260","2402880","29136","32","9156","161","4","35.32","South Park: The Stick of Truth"
"Lucius","3522","Lucius","8914440","252480","11942","7","1173","16","0","35.31","Lucius"
"Super Mario Bros. 2","3523","Super Mario Bros. 2","9121800","258420","2375","20","786","17","0","35.3","Super Mario Bros. 2"
"Antz","3524","Antz","36000","1020","233","2","4","0","0","35.29","Antz"
"Chaos Legion","3525","Chaos Legion","594780","16860","6309","2","39","1","0","35.28","Chaos Legion"
"Sonic Rush Adventure","3526","Sonic Rush Adventure","209580","5940","753","2","17","0","0","35.28","Sonic Rush Adventure"
"Injustice: Gods Among Us","3527","Injustice: Gods Among Us","9779580","277260","12537","12","4283","18","0","35.27","Injustice: Gods Among Us"
"The Legend of Zelda: Breath of the Wild","3528","The Legend of Zelda: Breath of the Wild","399840","11340","1121","2","12","0","0","35.26","The Legend of Zelda: Breath of the Wild"
"Aero Blasters","3529","Aero Blasters","40200","1140","393","1","6","0","0","35.26","Aero Blasters"
"Dragon Ball Heroes: Ultimate Mission","3530","Dragon Ball Heroes: Ultimate Mission","44400","1260","254","1","7","0","0","35.24","Dragon Ball Heroes: Ultimate Mission"
"Phix: The Adventure","3531","Phix: The Adventure","10560","300","52","1","2","0","0","35.2","Phix: The Adventure"
"Mega Man: Dr. Wily's Revenge","3532","Mega Man: Dr. Wily's Revenge","337680","9600","820","1","31","0","0","35.18","Mega Man: Dr. Wily's Revenge"
"Bloody Trapland","3533","Bloody Trapland","6056040","172140","37821","9","1140","11","0","35.18","Bloody Trapland"
"Crawl","3534","Crawl","1973700","56100","6028","3","311","3","0","35.18","Crawl"
"LawBreakers","3535","LawBreakers","9762720","277560","46780","112","1914","18","0","35.17","LawBreakers"
"Zombie Tycoon 2: Brainhov's Revenge","3536","Zombie Tycoon 2: Brainhov's Revenge","42180","1200","332","1","7","0","0","35.15","Zombie Tycoon 2: Brainhov's Revenge"
"Zombies Ate My Neighbors","3537","Zombies Ate My Neighbors","2339040","66540","14104","4","312","4","0","35.15","Zombies Ate My Neighbors"
"Dungeon Hack","3538","Dungeon Hack","141300","4020","567","2","14","0","0","35.15","Dungeon Hack"
"Mega Man 2: The Power Fighters","3539","Mega Man 2: The Power Fighters","63240","1800","369","1","16","0","0","35.13","Mega Man 2: The Power Fighters"
"Spider","3540","Spider","48480","1380","244","1","13","0","0","35.13","Spider"
"SmuggleCraft","3541","SmuggleCraft","33720","960","95","1","5","0","0","35.13","SmuggleCraft"
"Punky Skunk","3542","Punky Skunk","42120","1200","151","1","4","0","0","35.1","Punky Skunk"
"Shining Soul II","3543","Shining Soul II","585300","16680","668","2","34","1","0","35.09","Shining Soul II"
"Uncharted: Drake's Fortune","3544","Uncharted: Drake's Fortune","8114520","231600","6538","6","728","15","0","35.04","Uncharted: Drake's Fortune"
"Willow","3545","Willow","349020","9960","385","1","25","0","0","35.04","Willow"
"Superman","3546","Superman","714420","20400","3455","2","92","1","0","35.02","Superman"
"MLB The Show 16","3547","MLB The Show 16","92428800","2639940","18101","72","15195","175","5","35.01","MLB The Show 16"
"Knightsquire","3548","Knightsquire","2100","60","55","1","1","0","0","35","Knightsquire"
"Out of the Park","3549","Out of the Park","2100","60","35","1","0","0","0","35","Out of the Park"
"World Jockey","3550","World Jockey","2100","60","37","1","1","0","0","35","World Jockey"
"Ne no Kami: The Two Princess Knights of Kyoto","3551","Ne no Kami: The Two Princess Knights of Kyoto","10500","300","78","1","2","0","0","35","Ne no Kami: The Two Princess Knights of Kyoto"
"Battle Squadron","3552","Battle Squadron","8400","240","51","1","1","0","0","35","Battle Squadron"
"Cowboy","3553","Cowboy","12600","360","48","1","1","0","0","35","Cowboy"
"Wheel of Fortune: Big Money","3554","Wheel of Fortune: Big Money","73500","2100","504","1","7","0","0","35","Wheel of Fortune: Big Money"
"Rhino Rumble","3555","Rhino Rumble","10500","300","68","1","3","0","0","35","Rhino Rumble"
"Erepublik","3556","Erepublik","174120","4980","109","1","7","0","0","34.96","Erepublik"
"Witchaven","3557","Witchaven","52440","1500","116","1","4","0","0","34.96","Witchaven"
"Ghoul Patrol","3558","Ghoul Patrol","69180","1980","377","1","7","0","0","34.94","Ghoul Patrol"
"Feed & Grow Fish","3559","Feed & Grow Fish","272460","7800","2916","1","36","0","0","34.93","Feed & Grow Fish"
"World of Dragon Warrior: Torneko: The Last Hope","3560","World of Dragon Warrior: Torneko: The Last Hope","159000","4560","98","1","5","0","0","34.87","World of Dragon Warrior: Torneko: The Last Hope"
"Stardrop","3561","Stardrop","83640","2400","462","1","4","0","0","34.85","Stardrop"
"Pixel: ru²","3562","Pixel: ru²","12540","360","104","1","2","0","0","34.83","Pixel: ru²"
"Aliens: Colonial Marines","3563","Aliens: Colonial Marines","3487080","100320","15018","4","393","6","0","34.76","Aliens: Colonial Marines"
"Overfall","3564","Overfall","984120","28320","2079","4","113","1","0","34.75","Overfall"
"Oreshika: Tainted Bloodlines","3565","Oreshika: Tainted Bloodlines","241800","6960","98","1","11","0","0","34.74","Oreshika: Tainted Bloodlines"
"Medal of Honor: European Assault","3566","Medal of Honor: European Assault","112560","3240","323","1","8","0","0","34.74","Medal of Honor: European Assault"
"Painkiller Hell & Damnation","3567","Painkiller Hell & Damnation","1894020","54540","3476","4","284","3","0","34.73","Painkiller Hell & Damnation"
"Resident Evil: Survivor","3568","Resident Evil: Survivor","1212180","34920","1974","4","86","2","0","34.71","Resident Evil: Survivor"
"Sherlock Holmes: Crimes & Punishments","3569","Sherlock Holmes: Crimes & Punishments","3227220","93000","2962","6","300","6","0","34.7","Sherlock Holmes: Crimes & Punishments"
"Rival Kingdoms","3570","Rival Kingdoms","181080","5220","258","1","18","0","0","34.69","Rival Kingdoms"
"Lara Croft: Go","3571","Lara Croft: Go","751320","21660","1488","6","145","1","0","34.69","Lara Croft: Go"
"Tetris The Grand Master 3: Terror Instinct","3572","Tetris The Grand Master 3: Terror Instinct","2184720","63120","7129","3","61","4","0","34.61","Tetris The Grand Master 3: Terror Instinct"
"Indiana Jones and The Last Crusade: The Graphic Adventure","3573","Indiana Jones and The Last Crusade: The Graphic Adventure","224100","6480","1268","2","29","0","0","34.58","Indiana Jones and The Last Crusade: The Graphic Adventure"
"Rick and Morty's Rushed Licensed Adventure","3574","Rick and Morty's Rushed Licensed Adventure","165840","4800","880","4","38","0","0","34.55","Rick and Morty's Rushed Licensed Adventure"
"Wild 9","3575","Wild 9","58020","1680","272","1","12","0","0","34.54","Wild 9"
"Märchen Adventure Cotton 100%","3576","Märchen Adventure Cotton 100%","4140","120","45","1","1","0","0","34.5","Märchen Adventure Cotton 100%"
"Onslaught","3577","Onslaught","4140","120","68","1","0","0","0","34.5","Onslaught"
"3D Movie Maker","3578","3D Movie Maker","12420","360","206","1","4","0","0","34.5","3D Movie Maker"
"Bakusou Dekotora Densetsu: Otoko Hanamichi Yume Roman","3579","Bakusou Dekotora Densetsu: Otoko Hanamichi Yume Roman","4140","120","41","1","1","0","0","34.5","Bakusou Dekotora Densetsu: Otoko Hanamichi Yume Roman"
"Yu-Gi-Oh! Forbidden Memories","3580","Yu-Gi-Oh! Forbidden Memories","23520900","681960","6029","20","431","44","1","34.49","Yu-Gi-Oh! Forbidden Memories"
"The Legend of Zelda: Skyward Sword","3581","The Legend of Zelda: Skyward Sword","24006240","696180","7114","10","814","45","1","34.48","The Legend of Zelda: Skyward Sword"
"The Witness","3582","The Witness","89221140","2587800","88107","193","6962","169","4","34.48","The Witness"
"Summoners War: Sky Arena","3583","Summoners War: Sky Arena","297139440","8625120","11844","49","3876","563","16","34.45","Summoners War: Sky Arena"
"Gitaroo Man","3584","Gitaroo Man","466980","13560","1828","2","77","0","0","34.44","Gitaroo Man"
"Hypersensitive Bob","3585","Hypersensitive Bob","113640","3300","332","1","19","0","0","34.44","Hypersensitive Bob"
"Blood Plasma Pak","3586","Blood Plasma Pak","35100","1020","612","1","6","0","0","34.41","Blood Plasma Pak"
"Metal Combat: Falcon's Revenge","3587","Metal Combat: Falcon's Revenge","173340","5040","1218","1","12","0","0","34.39","Metal Combat: Falcon's Revenge"
"Henry's House","3588","Henry's House","26820","780","67","1","2","0","0","34.38","Henry's House"
"Kirby: Triple Deluxe","3589","Kirby: Triple Deluxe","513660","14940","1315","2","46","0","0","34.38","Kirby: Triple Deluxe"
"Onimusha 3: Demon Siege","3590","Onimusha 3: Demon Siege","1997940","58140","6148","2","109","3","0","34.36","Onimusha 3: Demon Siege"
"Dangerous Golf","3591","Dangerous Golf","2805240","81780","37111","11","468","5","0","34.3","Dangerous Golf"
"Bass Hunter 64","3592","Bass Hunter 64","14400","420","216","1","1","0","0","34.29","Bass Hunter 64"
"Quiz Nanairo Dreams","3593","Quiz Nanairo Dreams","14400","420","193","1","2","0","0","34.29","Quiz Nanairo Dreams"
"Apollo 11","3594","Apollo 11","90480","2640","494","1","18","0","0","34.27","Apollo 11"
"Lufia: The Legend Returns","3595","Lufia: The Legend Returns","347460","10140","787","1","18","0","0","34.27","Lufia: The Legend Returns"
"Clockwork Knight","3596","Clockwork Knight","100680","2940","632","1","14","0","0","34.24","Clockwork Knight"
"Final Fight","3597","Final Fight","852540","24900","3461","2","127","1","0","34.24","Final Fight"
"Ganbare Goemon 2: Kiteretsu Shogun Magginesu","3598","Ganbare Goemon 2: Kiteretsu Shogun Magginesu","170460","4980","1164","2","12","0","0","34.23","Ganbare Goemon 2: Kiteretsu Shogun Magginesu"
"The Adventures of Bayou Billy","3599","The Adventures of Bayou Billy","314220","9180","768","2","25","0","0","34.23","The Adventures of Bayou Billy"
"Rush'n Attack","3600","Rush'n Attack","349020","10200","849","4","33","0","0","34.22","Rush'n Attack"