"","","Game","Watch time","Stream time","Peak viewers","Peak channels","Streamers","Average viewers","Average channels","Average viewer ratio",""
"Ikaruga","5201","Ikaruga","1019580","49260","5723","3","291","1","0","20.7","Ikaruga"
"Metin 2","5202","Metin 2","54829620","2649000","6811","30","3894","104","5","20.7","Metin 2"
"007: Agent Under Fire","5203","007: Agent Under Fire","307980","14880","848","3","40","0","0","20.7","007: Agent Under Fire"
"Mahoutsukai no Yoru","5204","Mahoutsukai no Yoru","130440","6300","73","1","6","0","0","20.7","Mahoutsukai no Yoru"
"Micro Machines","5205","Micro Machines","207420","10020","1259","2","35","0","0","20.7","Micro Machines"
"Star Ocean","5206","Star Ocean","610500","29520","482","2","56","1","0","20.68","Star Ocean"
"Final Exam","5207","Final Exam","1292160","62520","822","4","244","2","0","20.67","Final Exam"
"Darklands","5208","Darklands","14880","720","93","1","3","0","0","20.67","Darklands"
"Crusader: No Regret","5209","Crusader: No Regret","106680","5160","73","2","5","0","0","20.67","Crusader: No Regret"
"Masters of the Universe: The Power of He-Man","5210","Masters of the Universe: The Power of He-Man","3720","180","23","1","1","0","0","20.67","Masters of the Universe: The Power of He-Man"
"Power Rangers: Lightspeed Rescue","5211","Power Rangers: Lightspeed Rescue","30960","1500","255","1","11","0","0","20.64","Power Rangers: Lightspeed Rescue"
"Betrayal at Krondor","5212","Betrayal at Krondor","85440","4140","256","1","12","0","0","20.64","Betrayal at Krondor"
"The Sims","5213","The Sims","823620","39900","1027","3","138","1","0","20.64","The Sims"
"North & South","5214","North & South","78000","3780","363","1","16","0","0","20.63","North & South"
"Korokoro Post Nin","5215","Korokoro Post Nin","9900","480","62","1","3","0","0","20.63","Korokoro Post Nin"
"Waxworks","5216","Waxworks","72960","3540","89","1","4","0","0","20.61","Waxworks"
"R.B.I. Baseball","5217","R.B.I. Baseball","6180","300","34","1","3","0","0","20.6","R.B.I. Baseball"
"Pinball Dreams","5218","Pinball Dreams","18540","900","81","1","11","0","0","20.6","Pinball Dreams"
"Contraption Maker","5219","Contraption Maker","369600","17940","445","3","67","0","0","20.6","Contraption Maker"
"Roundabout","5220","Roundabout","578400","28080","723","2","150","1","0","20.6","Roundabout"
"Pathfinder Online","5221","Pathfinder Online","2745780","133260","267","4","128","5","0","20.6","Pathfinder Online"
"Stasis","5222","Stasis","1092540","53100","3225","3","157","2","0","20.58","Stasis"
"Spyro: Season of Ice","5223","Spyro: Season of Ice","80220","3900","235","1","17","0","0","20.57","Spyro: Season of Ice"
"Syphon Filter","5224","Syphon Filter","605700","29460","5269","2","88","1","0","20.56","Syphon Filter"
"The House of the Dead","5225","The House of the Dead","87600","4260","710","1","22","0","0","20.56","The House of the Dead"
"Crazy Chicken: X","5226","Crazy Chicken: X","11100","540","147","1","5","0","0","20.56","Crazy Chicken: X"
"Resident Evil Chronicles HD Selection","5227","Resident Evil Chronicles HD Selection","96180","4680","157","2","24","0","0","20.55","Resident Evil Chronicles HD Selection"
"Faeria: Strategy Card Game","5228","Faeria: Strategy Card Game","226740","11040","403","4","29","0","0","20.54","Faeria: Strategy Card Game"
"Darkfall","5229","Darkfall","1616880","78720","1244","6","109","3","0","20.54","Darkfall"
"Shadow of the Ninja","5230","Shadow of the Ninja","119400","5820","296","2","26","0","0","20.52","Shadow of the Ninja"
"Cosmonautica","5231","Cosmonautica","311280","15180","1489","3","50","0","0","20.51","Cosmonautica"
"Damnation","5232","Damnation","163680","7980","193","1","13","0","0","20.51","Damnation"
"Party Hard","5233","Party Hard","12064920","588180","3676","17","3692","22","1","20.51","Party Hard"
"Farland Saga","5234","Farland Saga","55380","2700","48","1","3","0","0","20.51","Farland Saga"
"Evander Holyfield's ""Real Deal"" Boxing","5235","Evander Holyfield's ""Real Deal"" Boxing","14760","720","64","1","3","0","0","20.5","Evander Holyfield's ""Real Deal"" Boxing"
"iCarly 2: iJoin the Click!","5236","iCarly 2: iJoin the Click!","2460","120","23","1","1","0","0","20.5","iCarly 2: iJoin the Click!"
"Amnesia World","5237","Amnesia World","22140","1080","145","1","8","0","0","20.5","Amnesia World"
"Stone Tales","5238","Stone Tales","22140","1080","244","1","7","0","0","20.5","Stone Tales"
"NBA Jam Tournament Edition","5239","NBA Jam Tournament Edition","241080","11760","1033","2","81","0","0","20.5","NBA Jam Tournament Edition"
"Corona Blossom Vol.1: Gift From the Galaxy","5240","Corona Blossom Vol.1: Gift From the Galaxy","4920","240","25","1","1","0","0","20.5","Corona Blossom Vol.1: Gift From the Galaxy"
"Arctic Tale","5241","Arctic Tale","4920","240","43","1","2","0","0","20.5","Arctic Tale"
"Conan: The Mysteries of Time","5242","Conan: The Mysteries of Time","7380","360","51","1","1","0","0","20.5","Conan: The Mysteries of Time"
"Dino Wars","5243","Dino Wars","2460","120","22","1","1","0","0","20.5","Dino Wars"
"Future Wars: Time Travellers","5244","Future Wars: Time Travellers","2460","120","23","1","1","0","0","20.5","Future Wars: Time Travellers"
"Big Bass Fishing","5245","Big Bass Fishing","4920","240","43","1","2","0","0","20.5","Big Bass Fishing"
"Down Load 2","5246","Down Load 2","4920","240","40","1","2","0","0","20.5","Down Load 2"
"Cooking Mama","5247","Cooking Mama","237120","11580","378","1","73","0","0","20.48","Cooking Mama"
"PHANTOMERS","5248","PHANTOMERS","886140","43320","2825","3","119","1","0","20.46","PHANTOMERS"
"Langrisser III","5249","Langrisser III","121500","5940","314","1","4","0","0","20.45","Langrisser III"
"Sword of the Stars: The Pit","5250","Sword of the Stars: The Pit","4271640","208860","5044","7","147","8","0","20.45","Sword of the Stars: The Pit"
"Super Monkey Ball","5251","Super Monkey Ball","1754040","85800","12893","5","273","3","0","20.44","Super Monkey Ball"
"Zombie Vikings","5252","Zombie Vikings","870660","42600","3980","3","181","1","0","20.44","Zombie Vikings"
"Bassin's Black Bass with Hank Parker","5253","Bassin's Black Bass with Hank Parker","8580","420","138","1","4","0","0","20.43","Bassin's Black Bass with Hank Parker"
"Deputy Dangle","5254","Deputy Dangle","83340","4080","107","2","20","0","0","20.43","Deputy Dangle"
"Monster Truck Madness 64","5255","Monster Truck Madness 64","23280","1140","227","1","9","0","0","20.42","Monster Truck Madness 64"
"Papo & Yo","5256","Papo & Yo","632100","30960","2001","2","119","1","0","20.42","Papo & Yo"
"Faxanadu","5257","Faxanadu","536700","26280","345","2","64","1","0","20.42","Faxanadu"
"Euro Truck Simulator","5258","Euro Truck Simulator","1201500","58860","3495","3","315","2","0","20.41","Euro Truck Simulator"
"Fallout Shelter","5259","Fallout Shelter","9394500","460500","25917","30","1853","17","0","20.4","Fallout Shelter"
"Breath of Fire III","5260","Breath of Fire III","7112760","348660","1943","7","285","13","0","20.4","Breath of Fire III"
"Turbo Prop Racing","5261","Turbo Prop Racing","6120","300","126","1","4","0","0","20.4","Turbo Prop Racing"
"Burly Men at Sea","5262","Burly Men at Sea","70980","3480","143","2","24","0","0","20.4","Burly Men at Sea"
"Go (Board Game)","5263","Go (Board Game)","7261620","356220","1914","5","196","13","0","20.39","Go (Board Game)"
"Castlevania: Harmony of Despair","5264","Castlevania: Harmony of Despair","1042500","51120","1685","4","107","1","0","20.39","Castlevania: Harmony of Despair"
"The Godfather: The Game","5265","The Godfather: The Game","369300","18120","415","2","60","0","0","20.38","The Godfather: The Game"
"Cyril Cyberpunk","5266","Cyril Cyberpunk","9780","480","97","1","2","0","0","20.38","Cyril Cyberpunk"
"Cyberia","5267","Cyberia","42780","2100","278","1","11","0","0","20.37","Cyberia"
"NFL Blitz 2001","5268","NFL Blitz 2001","91680","4500","276","2","26","0","0","20.37","NFL Blitz 2001"
"Putt-Putt and Fatty Bear's Activity Pack","5269","Putt-Putt and Fatty Bear's Activity Pack","17100","840","281","1","5","0","0","20.36","Putt-Putt and Fatty Bear's Activity Pack"
"Under Night In-Birth","5270","Under Night In-Birth","3646140","179100","5343","12","408","6","0","20.36","Under Night In-Birth"
"Project Night","5271","Project Night","20760","1020","88","1","5","0","0","20.35","Project Night"
"Rockman EXE WS","5272","Rockman EXE WS","109860","5400","609","2","9","0","0","20.34","Rockman EXE WS"
"La-Mulana","5273","La-Mulana","5505960","270660","867","8","325","10","0","20.34","La-Mulana"
"J-Stars Victory Vs","5274","J-Stars Victory Vs","61020","3000","273","2","27","0","0","20.34","J-Stars Victory Vs"
"Sonic Boom: Rise of Lyric","5275","Sonic Boom: Rise of Lyric","532200","26160","676","2","75","1","0","20.34","Sonic Boom: Rise of Lyric"
"Booby Kids","5276","Booby Kids","7320","360","65","1","5","0","0","20.33","Booby Kids"
"Zombie Sniper HD","5277","Zombie Sniper HD","3660","180","33","1","2","0","0","20.33","Zombie Sniper HD"
"Space Invaders Revolution","5278","Space Invaders Revolution","3660","180","55","1","1","0","0","20.33","Space Invaders Revolution"
"Monster Rancher 3","5279","Monster Rancher 3","124380","6120","345","2","13","0","0","20.32","Monster Rancher 3"
"Dance Central 3","5280","Dance Central 3","157260","7740","538","2","26","0","0","20.32","Dance Central 3"
"Resident Evil: Survivor 2 - Code: Veronica","5281","Resident Evil: Survivor 2 - Code: Veronica","152340","7500","940","2","20","0","0","20.31","Resident Evil: Survivor 2 - Code: Veronica"
"Attack on Titan: Humanity in Chains","5282","Attack on Titan: Humanity in Chains","227820","11220","1251","3","46","0","0","20.3","Attack on Titan: Humanity in Chains"
"Legend of Mana","5283","Legend of Mana","2605440","128400","5531","5","185","4","0","20.29","Legend of Mana"
"Kahoots","5284","Kahoots","284940","14040","1616","3","98","0","0","20.29","Kahoots"
"Gambling Apocalypse Kaiji","5285","Gambling Apocalypse Kaiji","105900","5220","72","2","13","0","0","20.29","Gambling Apocalypse Kaiji"
"Castle Shikigami 2","5286","Castle Shikigami 2","21900","1080","193","1","6","0","0","20.28","Castle Shikigami 2"
"Neuromancer","5287","Neuromancer","45000","2220","36","1","1","0","0","20.27","Neuromancer"
"International Track & Field","5288","International Track & Field","36480","1800","156","1","8","0","0","20.27","International Track & Field"
"Cook, Serve, Delicious!","5289","Cook, Serve, Delicious!","4736280","233700","4268","5","1019","8","0","20.27","Cook, Serve, Delicious!"
"Oni","5290","Oni","852900","42120","954","3","102","1","0","20.25","Oni"
"Yuu Yuu Hakusho","5291","Yuu Yuu Hakusho","4860","240","41","1","3","0","0","20.25","Yuu Yuu Hakusho"
"Dunkle Schatten","5292","Dunkle Schatten","9720","480","51","1","1","0","0","20.25","Dunkle Schatten"
"Black Mesa","5293","Black Mesa","7978620","394260","2896","8","1630","15","0","20.24","Black Mesa"
"Final Fantasy VII","5294","Final Fantasy VII","117526260","5805780","6101","61","10329","223","11","20.24","Final Fantasy VII"
"Ogre Battle: The March of the Black Queen","5295","Ogre Battle: The March of the Black Queen","795120","39300","2198","2","44","1","0","20.23","Ogre Battle: The March of the Black Queen"
"Planescape: Torment","5296","Planescape: Torment","1234740","61080","1279","3","88","2","0","20.22","Planescape: Torment"
"Rockman & Forte: Mirai kara no Chousensha","5297","Rockman & Forte: Mirai kara no Chousensha","105480","5220","815","2","16","0","0","20.21","Rockman & Forte: Mirai kara no Chousensha"
"Super Bomberman","5298","Super Bomberman","381840","18900","1530","6","92","0","0","20.2","Super Bomberman"
"Shin Megami Tensei: Devil Summoner: Soul Hackers","5299","Shin Megami Tensei: Devil Summoner: Soul Hackers","6060","300","37","1","1","0","0","20.2","Shin Megami Tensei: Devil Summoner: Soul Hackers"
"Walt Disney's The Jungle Book","5300","Walt Disney's The Jungle Book","6060","300","34","1","2","0","0","20.2","Walt Disney's The Jungle Book"