"","","Game","Watch time","Stream time","Peak viewers","Peak channels","Streamers","Average viewers","Average channels","Average viewer ratio",""
"Top Spin 4","12101","Top Spin 4","9840","1980","20","1","8","0","0","4.97","Top Spin 4"
"Balloon Pop Festival","12102","Balloon Pop Festival","11340","2280","15","1","1","0","0","4.97","Balloon Pop Festival"
"Sea Monsters: A Prehistoric Adventure","12103","Sea Monsters: A Prehistoric Adventure","8940","1800","11","1","1","0","0","4.97","Sea Monsters: A Prehistoric Adventure"
"The Lord of the Rings: The Two Towers","12104","The Lord of the Rings: The Two Towers","38400","7740","47","1","26","0","0","4.96","The Lord of the Rings: The Two Towers"
"Star Trek Online","12105","Star Trek Online","15168360","3060660","8787","103","6835","28","5","4.96","Star Trek Online"
"Super Street Fighter II: The New Challengers","12106","Super Street Fighter II: The New Challengers","61260","12360","191","2","70","0","0","4.96","Super Street Fighter II: The New Challengers"
"Yomi","12107","Yomi","88140","17760","67","2","29","0","0","4.96","Yomi"
"The Lord of the Rings: The Battle for Middle-earth","12108","The Lord of the Rings: The Battle for Middle-earth","260820","52560","239","3","121","0","0","4.96","The Lord of the Rings: The Battle for Middle-earth"
"Bomberman World","12109","Bomberman World","22020","4440","80","1","12","0","0","4.96","Bomberman World"
"Sonic Gems Collection","12110","Sonic Gems Collection","34140","6900","59","1","43","0","0","4.95","Sonic Gems Collection"
"Barbie: Groovy Games","12111","Barbie: Groovy Games","56100","11340","123","2","39","0","0","4.95","Barbie: Groovy Games"
"Citizens of Earth","12112","Citizens of Earth","238860","48300","130","3","135","0","0","4.95","Citizens of Earth"
"Warface","12113","Warface","30187800","6093840","4087","43","12165","57","11","4.95","Warface"
"Modern Combat 5: Blackout","12114","Modern Combat 5: Blackout","439980","88800","427","5","331","0","0","4.95","Modern Combat 5: Blackout"
"Blair Witch, Volume I: Rustin Parr","12115","Blair Witch, Volume I: Rustin Parr","12480","2520","21","2","8","0","0","4.95","Blair Witch, Volume I: Rustin Parr"
"Iron Tides","12116","Iron Tides","6540","1320","16","1","5","0","0","4.95","Iron Tides"
"Heroes Evolved","12117","Heroes Evolved","291120","58860","426","5","70","0","0","4.95","Heroes Evolved"
"Automobilista","12118","Automobilista","494280","100020","254","5","182","0","0","4.94","Automobilista"
"Strong Bad's Cool Game for Attractive People Episode 3: Baddest of the Bands","12119","Strong Bad's Cool Game for Attractive People Episode 3: Baddest of the Bands","9180","1860","34","1","9","0","0","4.94","Strong Bad's Cool Game for Attractive People Episode 3: Baddest of the Bands"
"Alcatraz","12120","Alcatraz","4140","840","16","1","6","0","0","4.93","Alcatraz"
"Pump It Up Prime","12121","Pump It Up Prime","477420","96900","177","3","44","0","0","4.93","Pump It Up Prime"
"The Desolate Hope","12122","The Desolate Hope","38760","7860","96","2","26","0","0","4.93","The Desolate Hope"
"Project Root","12123","Project Root","42000","8520","40","2","37","0","0","4.93","Project Root"
"Abyss Odyssey","12124","Abyss Odyssey","142440","28920","202","3","145","0","0","4.93","Abyss Odyssey"
"Gran Turismo 6","12125","Gran Turismo 6","676920","137400","388","4","187","1","0","4.93","Gran Turismo 6"
"Indianapolis 500: The Simulation","12126","Indianapolis 500: The Simulation","4440","900","11","1","1","0","0","4.93","Indianapolis 500: The Simulation"
"Dragon's Lair II: TimeWarp","12127","Dragon's Lair II: TimeWarp","4440","900","22","1","6","0","0","4.93","Dragon's Lair II: TimeWarp"
"The SKIES","12128","The SKIES","412860","83820","3524","7","523","0","0","4.93","The SKIES"
"Reveal the Deep","12129","Reveal the Deep","58980","12000","82","2","110","0","0","4.92","Reveal the Deep"
"Tigers on the Hunt","12130","Tigers on the Hunt","15060","3060","23","1","2","0","0","4.92","Tigers on the Hunt"
"Kings and Heroes","12131","Kings and Heroes","218040","44340","148","4","137","0","0","4.92","Kings and Heroes"
"Chibi-Robo! Zip Lash","12132","Chibi-Robo! Zip Lash","10920","2220","16","1","4","0","0","4.92","Chibi-Robo! Zip Lash"
"Puzzle Bobble DS","12133","Puzzle Bobble DS","3840","780","9","1","3","0","0","4.92","Puzzle Bobble DS"
"The Mummy","12134","The Mummy","7080","1440","51","1","10","0","0","4.92","The Mummy"
"Operation Wolf","12135","Operation Wolf","7080","1440","12","1","3","0","0","4.92","Operation Wolf"
"RAID","12136","RAID","14760","3000","42","1","18","0","0","4.92","RAID"
"Star Wars: Galactic Battlegrounds","12137","Star Wars: Galactic Battlegrounds","31020","6300","18","2","32","0","0","4.92","Star Wars: Galactic Battlegrounds"
"Family Game Night Fun Pack","12138","Family Game Night Fun Pack","3540","720","38","2","5","0","0","4.92","Family Game Night Fun Pack"
"Phantom Breaker","12139","Phantom Breaker","25680","5220","81","2","27","0","0","4.92","Phantom Breaker"
"Neopets Petpet Adventures: The Wand of Wishing","12140","Neopets Petpet Adventures: The Wand of Wishing","19200","3900","43","1","26","0","0","4.92","Neopets Petpet Adventures: The Wand of Wishing"
"Pinball FX2","12141","Pinball FX2","1174380","238800","3825","6","958","2","0","4.92","Pinball FX2"
"Eiyuu Densetsu: Zero no Kiseki","12142","Eiyuu Densetsu: Zero no Kiseki","68220","13860","56","1","10","0","0","4.92","Eiyuu Densetsu: Zero no Kiseki"
"Broken Helix","12143","Broken Helix","3840","780","9","1","2","0","0","4.92","Broken Helix"
"Chrome","12144","Chrome","203220","41340","936","3","195","0","0","4.92","Chrome"
"Bubble Trouble","12145","Bubble Trouble","12660","2580","67","1","16","0","0","4.91","Bubble Trouble"
"Space Invaders","12146","Space Invaders","20340","4140","160","2","32","0","0","4.91","Space Invaders"
"Shining Force: Resurrection of the Dark Dragon","12147","Shining Force: Resurrection of the Dark Dragon","82560","16800","44","3","32","0","0","4.91","Shining Force: Resurrection of the Dark Dragon"
"Mercenary Kings","12148","Mercenary Kings","545160","111000","245","5","461","1","0","4.91","Mercenary Kings"
"Monster Hunter Frontier G","12149","Monster Hunter Frontier G","2141580","435960","204","9","234","4","0","4.91","Monster Hunter Frontier G"
"Commander Keen 2: The Earth Explodes","12150","Commander Keen 2: The Earth Explodes","12660","2580","26","1","12","0","0","4.91","Commander Keen 2: The Earth Explodes"
"Funhouse","12151","Funhouse","13560","2760","31","1","4","0","0","4.91","Funhouse"
"Gateway 2: Homeworld","12152","Gateway 2: Homeworld","10320","2100","9","1","1","0","0","4.91","Gateway 2: Homeworld"
"Chess Evolved Online","12153","Chess Evolved Online","41520","8460","23","2","14","0","0","4.91","Chess Evolved Online"
"Conqueror","12154","Conqueror","2940","600","10","1","2","0","0","4.9","Conqueror"
"Anno 2205","12155","Anno 2205","1414920","288960","428","7","838","2","0","4.9","Anno 2205"
"Pizza Worm","12156","Pizza Worm","2940","600","12","1","2","0","0","4.9","Pizza Worm"
"Tembo the Badass Elephant","12157","Tembo the Badass Elephant","268080","54720","181","3","308","0","0","4.9","Tembo the Badass Elephant"
"Tatsunoko vs. Capcom: Ultimate All Stars","12158","Tatsunoko vs. Capcom: Ultimate All Stars","66480","13560","239","2","67","0","0","4.9","Tatsunoko vs. Capcom: Ultimate All Stars"
"Lyne","12159","Lyne","178860","36480","518","2","210","0","0","4.9","Lyne"
"Destruction Derby 2","12160","Destruction Derby 2","12360","2520","18","2","18","0","0","4.9","Destruction Derby 2"
"Medal of Honor: Airborne","12161","Medal of Honor: Airborne","177060","36180","605","2","134","0","0","4.89","Medal of Honor: Airborne"
"Pirates! Gold","12162","Pirates! Gold","22020","4500","97","2","12","0","0","4.89","Pirates! Gold"
"A Vampyre Story","12163","A Vampyre Story","2640","540","16","1","3","0","0","4.89","A Vampyre Story"
"Bread Puppies","12164","Bread Puppies","36360","7440","77","1","6","0","0","4.89","Bread Puppies"
"FarSky","12165","FarSky","124680","25500","124","2","144","0","0","4.89","FarSky"
"Titan Quest: Immortal Throne","12166","Titan Quest: Immortal Throne","1894440","387360","157","12","962","3","0","4.89","Titan Quest: Immortal Throne"
"Journey","12167","Journey","7330320","1498980","6657","73","9405","13","2","4.89","Journey"
"Drakensang Online","12168","Drakensang Online","2777520","567840","2362","11","1064","5","1","4.89","Drakensang Online"
"Ratchet & Clank Future: Quest for Booty","12169","Ratchet & Clank Future: Quest for Booty","54600","11160","140","2","44","0","0","4.89","Ratchet & Clank Future: Quest for Booty"
"Steam Marines","12170","Steam Marines","2640","540","17","1","5","0","0","4.89","Steam Marines"
"Munin","12171","Munin","13500","2760","34","2","18","0","0","4.89","Munin"
"Super Robot Wars 2","12172","Super Robot Wars 2","5280","1080","14","1","2","0","0","4.89","Super Robot Wars 2"
"Pixel Galaxy","12173","Pixel Galaxy","5580","1140","29","1","9","0","0","4.89","Pixel Galaxy"
"Mahjong Solitaire","12174","Mahjong Solitaire","27000","5520","70","2","22","0","0","4.89","Mahjong Solitaire"
"Meadow","12175","Meadow","97800","19980","131","3","69","0","0","4.89","Meadow"
"splix.io","12176","splix.io","56580","11580","167","2","78","0","0","4.89","splix.io"
"Darkfall: New Dawn","12177","Darkfall: New Dawn","12600","2580","17","2","10","0","0","4.88","Darkfall: New Dawn"
"Hostages","12178","Hostages","2340","480","13","1","5","0","0","4.88","Hostages"
"Altered Space: A 3-D Alien Adventure","12179","Altered Space: A 3-D Alien Adventure","2340","480","11","1","1","0","0","4.88","Altered Space: A 3-D Alien Adventure"
"Barbie: Magic Genie Adventure","12180","Barbie: Magic Genie Adventure","9960","2040","49","2","13","0","0","4.88","Barbie: Magic Genie Adventure"
"Xardion","12181","Xardion","2340","480","13","1","4","0","0","4.88","Xardion"
"Kingdoms of Amalur: Reckoning","12182","Kingdoms of Amalur: Reckoning","1928880","395220","3927","7","1056","3","0","4.88","Kingdoms of Amalur: Reckoning"
"Governor of Poker 2","12183","Governor of Poker 2","19320","3960","147","2","32","0","0","4.88","Governor of Poker 2"
"Space Farmers","12184","Space Farmers","48900","10020","87","3","56","0","0","4.88","Space Farmers"
"Doom II RPG","12185","Doom II RPG","22860","4680","102","1","28","0","0","4.88","Doom II RPG"
"8-Bit Night","12186","8-Bit Night","2340","480","18","1","3","0","0","4.88","8-Bit Night"
"Supersonic Acrobatic Rocket-Powered Battle-Cars","12187","Supersonic Acrobatic Rocket-Powered Battle-Cars","11700","2400","77","1","15","0","0","4.87","Supersonic Acrobatic Rocket-Powered Battle-Cars"
"One Way Heroics","12188","One Way Heroics","517380","106320","1399","7","325","0","0","4.87","One Way Heroics"
"DoDonPachi","12189","DoDonPachi","55860","11460","95","1","49","0","0","4.87","DoDonPachi"
"The Crow: City of Angels","12190","The Crow: City of Angels","4380","900","33","1","4","0","0","4.87","The Crow: City of Angels"
"Monster Hunter Explore","12191","Monster Hunter Explore","45300","9300","19","2","21","0","0","4.87","Monster Hunter Explore"
"Mystery Case Files: Dire Grove","12192","Mystery Case Files: Dire Grove","9060","1860","10","1","3","0","0","4.87","Mystery Case Files: Dire Grove"
"Filthy Lucre","12193","Filthy Lucre","72480","14880","411","3","79","0","0","4.87","Filthy Lucre"
"The Girl and the Robot","12194","The Girl and the Robot","21900","4500","24","2","20","0","0","4.87","The Girl and the Robot"
"Angel Senki","12195","Angel Senki","2040","420","15","1","1","0","0","4.86","Angel Senki"
"Liar: Legend of the Sword 2","12196","Liar: Legend of the Sword 2","2040","420","10","1","1","0","0","4.86","Liar: Legend of the Sword 2"
"Steel Storm: Burning Retribution","12197","Steel Storm: Burning Retribution","2040","420","14","1","4","0","0","4.86","Steel Storm: Burning Retribution"
"SpongeBob HeroPants","12198","SpongeBob HeroPants","6420","1320","86","1","4","0","0","4.86","SpongeBob HeroPants"
"Tom and Jerry: Frantic Antics","12199","Tom and Jerry: Frantic Antics","4080","840","42","1","3","0","0","4.86","Tom and Jerry: Frantic Antics"
"Segagaga","12200","Segagaga","2040","420","13","1","3","0","0","4.86","Segagaga"