"","","Game","Watch time","Stream time","Peak viewers","Peak channels","Streamers","Average viewers","Average channels","Average viewer ratio",""
"Super Motherload","5501","Super Motherload","224880","11760","903","2","57","0","0","19.12","Super Motherload"
"Tenchu: Shadow Assassins","5502","Tenchu: Shadow Assassins","69960","3660","694","1","12","0","0","19.11","Tenchu: Shadow Assassins"
"Normality","5503","Normality","72240","3780","53","1","10","0","0","19.11","Normality"
"Splinter Cell Trilogy","5504","Splinter Cell Trilogy","123840","6480","739","1","33","0","0","19.11","Splinter Cell Trilogy"
"Olympics","5505","Olympics","35520","1860","123","1","9","0","0","19.1","Olympics"
"AAAHH!!! Real Monsters","5506","AAAHH!!! Real Monsters","33240","1740","155","1","14","0","0","19.1","AAAHH!!! Real Monsters"
"Final Fantasy XI Online: Chains of Promathia","5507","Final Fantasy XI Online: Chains of Promathia","84780","4440","56","1","8","0","0","19.09","Final Fantasy XI Online: Chains of Promathia"
"Frost","5508","Frost","28620","1500","188","1","8","0","0","19.08","Frost"
"Minecraft","5509","Minecraft","5339306160","279940140","90527","1538","502316","10131","531","19.07","Minecraft"
"Ludum Dare","5510","Ludum Dare","10337940","543060","5061","121","607","19","1","19.04","Ludum Dare"
"Super Dany","5511","Super Dany","33120","1740","34","1","1","0","0","19.03","Super Dany"
"Deadly Premonition","5512","Deadly Premonition","963420","50640","661","4","91","1","0","19.02","Deadly Premonition"
"Alien³","5513","Alien³","190500","10020","754","3","40","0","0","19.01","Alien³"
"Wayne's World","5514","Wayne's World","33060","1740","173","1","13","0","0","19","Wayne's World"
"Dino Crisis 2","5515","Dino Crisis 2","1486800","78240","823","3","223","2","0","19","Dino Crisis 2"
"Zombie Wars","5516","Zombie Wars","3420","180","30","1","2","0","0","19","Zombie Wars"
"The Amazing Spider-Man vs. The Kingpin","5517","The Amazing Spider-Man vs. The Kingpin","250740","13200","1264","2","50","0","0","19","The Amazing Spider-Man vs. The Kingpin"
"300","5518","300","52440","2760","795","1","16","0","0","19","300"
"Scale","5519","Scale","36480","1920","82","1","1","0","0","19","Scale"
"Hello Kitty Fairy Tale Samegame","5520","Hello Kitty Fairy Tale Samegame","15960","840","55","1","3","0","0","19","Hello Kitty Fairy Tale Samegame"
"Turkey Hunter 3D","5521","Turkey Hunter 3D","1140","60","31","1","1","0","0","19","Turkey Hunter 3D"
"Monster Challenge Circus","5522","Monster Challenge Circus","2280","120","22","1","1","0","0","19","Monster Challenge Circus"
"Smugglers 5: Secession","5523","Smugglers 5: Secession","2280","120","24","1","1","0","0","19","Smugglers 5: Secession"
"Fighting Fantasy: Talisman of Death","5524","Fighting Fantasy: Talisman of Death","9120","480","29","1","1","0","0","19","Fighting Fantasy: Talisman of Death"
"Trip'd","5525","Trip'd","1140","60","19","1","1","0","0","19","Trip'd"
"Behind Closed Doors","5526","Behind Closed Doors","3420","180","58","1","2","0","0","19","Behind Closed Doors"
"World Cruise Story","5527","World Cruise Story","1140","60","23","1","1","0","0","19","World Cruise Story"
"Aviary Attorney","5528","Aviary Attorney","762060","40140","367","3","149","1","0","18.99","Aviary Attorney"
"Gunman Chronicles","5529","Gunman Chronicles","93300","4920","100","1","14","0","0","18.96","Gunman Chronicles"
"The Basement Collection","5530","The Basement Collection","98940","5220","310","1","41","0","0","18.95","The Basement Collection"
"Eye of the Beholder II: The Legend of Darkmoon","5531","Eye of the Beholder II: The Legend of Darkmoon","126240","6660","150","1","10","0","0","18.95","Eye of the Beholder II: The Legend of Darkmoon"
"Battlefield 1","5532","Battlefield 1","1211870820","63966300","80858","1548","215838","2299","121","18.95","Battlefield 1"
"Galactic Attack","5533","Galactic Attack","20460","1080","167","1","8","0","0","18.94","Galactic Attack"
"A Mind Forever Voyaging","5534","A Mind Forever Voyaging","18180","960","67","1","2","0","0","18.94","A Mind Forever Voyaging"
"Flat Kingdom","5535","Flat Kingdom","304620","16080","225","2","67","0","0","18.94","Flat Kingdom"
"Prison Architect","5536","Prison Architect","35135520","1857480","11450","28","6779","66","3","18.92","Prison Architect"
"Dance Dance Revolution ULTRAMIX","5537","Dance Dance Revolution ULTRAMIX","12480","660","32","1","2","0","0","18.91","Dance Dance Revolution ULTRAMIX"
"Spyro 2: Ripto's Rage","5538","Spyro 2: Ripto's Rage","9504420","502920","1795","62","706","18","0","18.9","Spyro 2: Ripto's Rage"
"Neo Scavenger","5539","Neo Scavenger","1080720","57180","3549","2","161","2","0","18.9","Neo Scavenger"
"Call of Duty: United Offensive","5540","Call of Duty: United Offensive","531900","28140","3287","4","81","1","0","18.9","Call of Duty: United Offensive"
"Rhapsody: A Musical Adventure","5541","Rhapsody: A Musical Adventure","251760","13320","347","1","24","0","0","18.9","Rhapsody: A Musical Adventure"
"Love Beat","5542","Love Beat","589740","31200","1598","5","161","1","0","18.9","Love Beat"
"The Beggar's Ride","5543","The Beggar's Ride","55560","2940","138","1","13","0","0","18.9","The Beggar's Ride"
"GameCenter CX: Arino no Chousenjou 2","5544","GameCenter CX: Arino no Chousenjou 2","10200","540","52","1","2","0","0","18.89","GameCenter CX: Arino no Chousenjou 2"
"Music Quiz","5545","Music Quiz","63420","3360","148","1","11","0","0","18.88","Music Quiz"
"The Game of Life","5546","The Game of Life","318120","16860","947","4","81","0","0","18.87","The Game of Life"
"Cards Against Humanity","5547","Cards Against Humanity","30864180","1636380","13729","39","10464","58","3","18.86","Cards Against Humanity"
"Blues Brothers 2000","5548","Blues Brothers 2000","15840","840","122","1","6","0","0","18.86","Blues Brothers 2000"
"Assassin's Creed: The Ezio Collection","5549","Assassin's Creed: The Ezio Collection","2474460","131280","4838","13","1677","4","0","18.85","Assassin's Creed: The Ezio Collection"
"I Am Setsuna","5550","I Am Setsuna","11733960","622740","12510","104","2726","22","1","18.84","I Am Setsuna"
"Final Fantasy V","5551","Final Fantasy V","17796300","944760","5743","70","1050","33","1","18.84","Final Fantasy V"
"FreeCell","5552","FreeCell","137820","7320","443","2","41","0","0","18.83","FreeCell"
"Mystery House II","5553","Mystery House II","45180","2400","327","1","13","0","0","18.83","Mystery House II"
"Cannon Fodder 2","5554","Cannon Fodder 2","12420","660","37","1","3","0","0","18.82","Cannon Fodder 2"
"Super Ghouls 'N Ghosts","5555","Super Ghouls 'N Ghosts","3772200","200400","2978","12","415","7","0","18.82","Super Ghouls 'N Ghosts"
"Game Tengoku","5556","Game Tengoku","137700","7320","126","2","7","0","0","18.81","Game Tengoku"
"Super Robot Taisen OG: The Moon Dwellers","5557","Super Robot Taisen OG: The Moon Dwellers","5783880","307440","675","20","194","10","0","18.81","Super Robot Taisen OG: The Moon Dwellers"
"Bugs Bunny in Double Trouble","5558","Bugs Bunny in Double Trouble","16920","900","56","1","3","0","0","18.8","Bugs Bunny in Double Trouble"
"Virtua Tennis 3","5559","Virtua Tennis 3","16920","900","262","1","6","0","0","18.8","Virtua Tennis 3"
"Age of Empires II: HD Edition","5560","Age of Empires II: HD Edition","32872860","1748220","11663","19","5744","62","3","18.8","Age of Empires II: HD Edition"
"Shrek 2","5561","Shrek 2","522180","27780","809","5","135","0","0","18.8","Shrek 2"
"Marvel Super Heroes Vs. Street Fighter","5562","Marvel Super Heroes Vs. Street Fighter","240240","12780","6368","2","70","0","0","18.8","Marvel Super Heroes Vs. Street Fighter"
"Goliath","5563","Goliath","481380","25620","4183","6","121","0","0","18.79","Goliath"
"The Banner Saga 2","5564","The Banner Saga 2","4381980","233160","3646","19","1083","8","0","18.79","The Banner Saga 2"
"D/Generation","5565","D/Generation","67620","3600","194","2","6","0","0","18.78","D/Generation"
"Metal Slug X: Super Vehicle - 001","5566","Metal Slug X: Super Vehicle - 001","2511780","133920","2420","11","433","4","0","18.76","Metal Slug X: Super Vehicle - 001"
"Crookz: The Big Heist","5567","Crookz: The Big Heist","28140","1500","70","1","9","0","0","18.76","Crookz: The Big Heist"
"Botanicula","5568","Botanicula","610860","32580","616","3","138","1","0","18.75","Botanicula"
"Blue Balls","5569","Blue Balls","9000","480","63","1","3","0","0","18.75","Blue Balls"
"The Westport Independent","5570","The Westport Independent","78720","4200","235","1","21","0","0","18.74","The Westport Independent"
"Heaven's Hope","5571","Heaven's Hope","107940","5760","189","2","19","0","0","18.74","Heaven's Hope"
"Pillars of Eternity","5572","Pillars of Eternity","15186300","810180","5651","10","1796","28","1","18.74","Pillars of Eternity"
"Puyo Puyo Tetris","5573","Puyo Puyo Tetris","5783400","308760","1759","9","446","10","0","18.73","Puyo Puyo Tetris"
"Sonic Advance 2","5574","Sonic Advance 2","484080","25860","864","6","119","0","0","18.72","Sonic Advance 2"
"Castlevania: Portrait of Ruin","5575","Castlevania: Portrait of Ruin","1073340","57360","521","2","79","2","0","18.71","Castlevania: Portrait of Ruin"
"LEGO Pirates of the Caribbean: The Video Game","5576","LEGO Pirates of the Caribbean: The Video Game","1214880","64920","24356","4","214","2","0","18.71","LEGO Pirates of the Caribbean: The Video Game"
"LEGO Marvel's Avengers","5577","LEGO Marvel's Avengers","7364580","393720","13663","23","2791","13","0","18.71","LEGO Marvel's Avengers"
"KGB","5578","KGB","60540","3240","52","1","3","0","0","18.69","KGB"
"Etrian Odyssey Untold: The Millennium Girl","5579","Etrian Odyssey Untold: The Millennium Girl","394500","21120","84","2","16","0","0","18.68","Etrian Odyssey Untold: The Millennium Girl"
"One Late Night","5580","One Late Night","591720","31680","3675","2","238","1","0","18.68","One Late Night"
"beatmania IIDX","5581","beatmania IIDX","841500","45060","3330","3","88","1","0","18.68","beatmania IIDX"
"Magical Pop'n","5582","Magical Pop'n","342720","18360","451","3","46","0","0","18.67","Magical Pop'n"
"Munich Bus Simulator","5583","Munich Bus Simulator","13440","720","42","1","3","0","0","18.67","Munich Bus Simulator"
"Lost Orbit","5584","Lost Orbit","43680","2340","151","1","12","0","0","18.67","Lost Orbit"
"Disney's Tarzan","5585","Disney's Tarzan","161100","8640","1440","3","28","0","0","18.65","Disney's Tarzan"
"Galerians","5586","Galerians","246120","13200","453","2","38","0","0","18.65","Galerians"
"King's Quest","5587","King's Quest","10012740","536940","6839","13","2001","19","1","18.65","King's Quest"
"Sam & Max Episode 204: Chariots of the Dogs","5588","Sam & Max Episode 204: Chariots of the Dogs","41400","2220","64","1","6","0","0","18.65","Sam & Max Episode 204: Chariots of the Dogs"
"Umbrella Corps","5589","Umbrella Corps","5764860","309360","7495","42","1532","10","0","18.63","Umbrella Corps"
"Project Argo","5590","Project Argo","1738680","93360","25564","14","358","3","0","18.62","Project Argo"
"Digimon World Re:Digitize","5591","Digimon World Re:Digitize","117240","6300","60","2","14","0","0","18.61","Digimon World Re:Digitize"
"Company of Heroes 2","5592","Company of Heroes 2","78321540","4209600","2070","30","4940","148","7","18.61","Company of Heroes 2"
"Infectonator: Survivors","5593","Infectonator: Survivors","329220","17700","1557","4","75","0","0","18.6","Infectonator: Survivors"
"Second Sight","5594","Second Sight","166260","8940","403","2","32","0","0","18.6","Second Sight"
"Mario Tennis","5595","Mario Tennis","593040","31920","2688","3","144","1","0","18.58","Mario Tennis"
"Age of Mythology","5596","Age of Mythology","8890980","478620","8018","8","326","16","0","18.58","Age of Mythology"
"Sonic X","5597","Sonic X","21180","1140","80","1","6","0","0","18.58","Sonic X"
"Men of War: Vietnam","5598","Men of War: Vietnam","15600","840","52","1","4","0","0","18.57","Men of War: Vietnam"
"Runaway: A Road Adventure","5599","Runaway: A Road Adventure","276300","14880","1095","2","45","0","0","18.57","Runaway: A Road Adventure"
"Colopl Rune Story","5600","Colopl Rune Story","7800","420","105","1","3","0","0","18.57","Colopl Rune Story"