"","","Game","Watch time","Stream time","Peak viewers","Peak channels","Streamers","Average viewers","Average channels","Average viewer ratio",""
"Raiden III","10701","Raiden III","17760","2880","67","1","17","0","0","6.17","Raiden III"
"Ultimate Mortal Kombat 3","10702","Ultimate Mortal Kombat 3","114480","18540","533","2","97","0","0","6.17","Ultimate Mortal Kombat 3"
"Area 51","10703","Area 51","68460","11100","153","2","52","0","0","6.17","Area 51"
"Wailing Heights","10704","Wailing Heights","2220","360","8","1","6","0","0","6.17","Wailing Heights"
"Republique","10705","Republique","686220","111360","751","7","367","1","0","6.16","Republique"
"Trials HD","10706","Trials HD","444480","72180","1116","6","512","0","0","6.16","Trials HD"
"Not the Robots","10707","Not the Robots","45060","7320","126","2","30","0","0","6.16","Not the Robots"
"Command & Conquer: Generals","10708","Command & Conquer: Generals","508560","82560","1754","4","185","0","0","6.16","Command & Conquer: Generals"
"Wing Commander IV: The Price of Freedom","10709","Wing Commander IV: The Price of Freedom","18840","3060","60","1","7","0","0","6.16","Wing Commander IV: The Price of Freedom"
"Summoner","10710","Summoner","105420","17100","76","2","30","0","0","6.16","Summoner"
"Monster Maker III: Hikari no Majutsushi","10711","Monster Maker III: Hikari no Majutsushi","21420","3480","17","1","2","0","0","6.16","Monster Maker III: Hikari no Majutsushi"
"Pac-Man World","10712","Pac-Man World","351000","57060","239","3","76","0","0","6.15","Pac-Man World"
"Leisure Suit Larry: Love for Sail!","10713","Leisure Suit Larry: Love for Sail!","60900","9900","62","2","32","0","0","6.15","Leisure Suit Larry: Love for Sail!"
"Call of Duty: Finest Hour","10714","Call of Duty: Finest Hour","29160","4740","41","2","24","0","0","6.15","Call of Duty: Finest Hour"
"Pixel Puzzles: Japan","10715","Pixel Puzzles: Japan","32820","5340","27","1","24","0","0","6.15","Pixel Puzzles: Japan"
"Hello Kitty Kruisers with Sanrio Friends","10716","Hello Kitty Kruisers with Sanrio Friends","19560","3180","125","1","10","0","0","6.15","Hello Kitty Kruisers with Sanrio Friends"
"The Legend of Heroes: Zero no Kiseki Evolution","10717","The Legend of Heroes: Zero no Kiseki Evolution","88140","14340","141","2","15","0","0","6.15","The Legend of Heroes: Zero no Kiseki Evolution"
"Planets³","10718","Planets³","27660","4500","82","1","23","0","0","6.15","Planets³"
"Torn Tales","10719","Torn Tales","57240","9300","78","2","37","0","0","6.15","Torn Tales"
"Even the Ocean","10720","Even the Ocean","52020","8460","133","2","19","0","0","6.15","Even the Ocean"
"Kohan: Immortal Sovereigns","10721","Kohan: Immortal Sovereigns","2580","420","62","1","1","0","0","6.14","Kohan: Immortal Sovereigns"
"Blaster Master: Overdrive","10722","Blaster Master: Overdrive","18060","2940","132","1","4","0","0","6.14","Blaster Master: Overdrive"
"Newgrounds Rumble","10723","Newgrounds Rumble","23940","3900","175","1","21","0","0","6.14","Newgrounds Rumble"
"Harvest Moon 64","10724","Harvest Moon 64","251880","41040","456","4","100","0","0","6.14","Harvest Moon 64"
"Yaiba: Ninja Gaiden Z","10725","Yaiba: Ninja Gaiden Z","86940","14160","147","2","55","0","0","6.14","Yaiba: Ninja Gaiden Z"
"Crossfire 2","10726","Crossfire 2","120060","19560","161","2","60","0","0","6.14","Crossfire 2"
"Wizardry 8","10727","Wizardry 8","371520","60480","220","3","56","0","0","6.14","Wizardry 8"
"Mario Super Sluggers","10728","Mario Super Sluggers","117960","19200","623","3","50","0","0","6.14","Mario Super Sluggers"
"Gradius III and IV","10729","Gradius III and IV","5160","840","22","1","6","0","0","6.14","Gradius III and IV"
"Shadowrun: Hong Kong","10730","Shadowrun: Hong Kong","477300","77700","707","3","198","0","0","6.14","Shadowrun: Hong Kong"
"Visual Pinball","10731","Visual Pinball","11040","1800","48","1","11","0","0","6.13","Visual Pinball"
"Rise of Nations: Extended Edition","10732","Rise of Nations: Extended Edition","626700","102300","1259","5","511","1","0","6.13","Rise of Nations: Extended Edition"
"ShootMania Storm","10733","ShootMania Storm","836400","136500","382","5","230","1","0","6.13","ShootMania Storm"
"Asteria","10734","Asteria","8460","1380","18","1","3","0","0","6.13","Asteria"
"Spiritual Warfare","10735","Spiritual Warfare","5520","900","31","4","7","0","0","6.13","Spiritual Warfare"
"Ty the Tasmanian Tiger 3: Night of the Quinkan","10736","Ty the Tasmanian Tiger 3: Night of the Quinkan","20580","3360","132","1","8","0","0","6.13","Ty the Tasmanian Tiger 3: Night of the Quinkan"
"Ghoul Panic","10737","Ghoul Panic","5520","900","28","1","3","0","0","6.13","Ghoul Panic"
"Suck My Dick or Die!","10738","Suck My Dick or Die!","5520","900","55","1","9","0","0","6.13","Suck My Dick or Die!"
"Defense Grid 2: Enhanced VR Edition","10739","Defense Grid 2: Enhanced VR Edition","2940","480","32","1","3","0","0","6.13","Defense Grid 2: Enhanced VR Edition"
"Renegade Ops","10740","Renegade Ops","160800","26280","488","4","126","0","0","6.12","Renegade Ops"
"The Italian Job","10741","The Italian Job","9180","1500","42","1","6","0","0","6.12","The Italian Job"
"Super Robot Wars A Portable","10742","Super Robot Wars A Portable","123000","20100","38","2","12","0","0","6.12","Super Robot Wars A Portable"
"Bounty Train","10743","Bounty Train","91860","15000","262","2","43","0","0","6.12","Bounty Train"
"Pixel","10744","Pixel","3300","540","22","1","4","0","0","6.11","Pixel"
"Cat Girl Alliance","10745","Cat Girl Alliance","12840","2100","26","1","13","0","0","6.11","Cat Girl Alliance"
"Cyborg Justice","10746","Cyborg Justice","12840","2100","135","1","12","0","0","6.11","Cyborg Justice"
"Senjo no Valkyria 3 EXTRA EDITION","10747","Senjo no Valkyria 3 EXTRA EDITION","6960","1140","17","1","2","0","0","6.11","Senjo no Valkyria 3 EXTRA EDITION"
"Hellnight","10748","Hellnight","13200","2160","16","1","7","0","0","6.11","Hellnight"
"Dragon Ball Z: The Legacy of Goku","10749","Dragon Ball Z: The Legacy of Goku","74760","12240","173","2","33","0","0","6.11","Dragon Ball Z: The Legacy of Goku"
"Bad Dreams","10750","Bad Dreams","9900","1620","29","1","14","0","0","6.11","Bad Dreams"
"Energy Heroes","10751","Energy Heroes","6600","1080","39","1","5","0","0","6.11","Energy Heroes"
"Villagers","10752","Villagers","70380","11520","138","5","55","0","0","6.11","Villagers"
"Tentacult!","10753","Tentacult!","3300","540","11","1","4","0","0","6.11","Tentacult!"
"Crysis","10754","Crysis","3717840","609180","14349","6","694","7","1","6.1","Crysis"
"Bratz: Forever Diamondz","10755","Bratz: Forever Diamondz","3660","600","18","1","4","0","0","6.1","Bratz: Forever Diamondz"
"Sky Rogue","10756","Sky Rogue","45420","7440","138","1","39","0","0","6.1","Sky Rogue"
"Infinite Undiscovery","10757","Infinite Undiscovery","90360","14820","233","2","19","0","0","6.1","Infinite Undiscovery"
"Silent Hunter III","10758","Silent Hunter III","322920","52980","630","2","80","0","0","6.1","Silent Hunter III"
"Dragon Saber: After Story of Dragon Spirit","10759","Dragon Saber: After Story of Dragon Spirit","14640","2400","18","1","2","0","0","6.1","Dragon Saber: After Story of Dragon Spirit"
"Street Racer","10760","Street Racer","15360","2520","45","1","9","0","0","6.1","Street Racer"
"Goosebumps: The Game","10761","Goosebumps: The Game","155280","25440","680","2","129","0","0","6.1","Goosebumps: The Game"
"Jurassic Park: Rampage Edition","10762","Jurassic Park: Rampage Edition","23040","3780","50","1","10","0","0","6.1","Jurassic Park: Rampage Edition"
"Belladonna","10763","Belladonna","37980","6240","40","2","39","0","0","6.09","Belladonna"
"Shining Wisdom","10764","Shining Wisdom","20100","3300","94","1","7","0","0","6.09","Shining Wisdom"
"Star Wars: Demolition","10765","Star Wars: Demolition","4020","660","27","1","5","0","0","6.09","Star Wars: Demolition"
"Ecco the Dolphin: Defender of the Future","10766","Ecco the Dolphin: Defender of the Future","34740","5700","20","2","20","0","0","6.09","Ecco the Dolphin: Defender of the Future"
"Tales of Zestiria","10767","Tales of Zestiria","8872860","1456320","1439","24","4216","16","2","6.09","Tales of Zestiria"
"Battlefield 4","10768","Battlefield 4","397133520","65179380","482854","378","174297","753","123","6.09","Battlefield 4"
"Tomb Raider","10769","Tomb Raider","31404240","5154480","6180","50","19570","59","9","6.09","Tomb Raider"
"Resident Evil 6","10770","Resident Evil 6","42735540","7025460","10857","160","17470","81","13","6.08","Resident Evil 6"
"Unreal","10771","Unreal","689160","113400","2170","3","179","1","0","6.08","Unreal"
"Teleglitch","10772","Teleglitch","247920","40800","467","2","156","0","0","6.08","Teleglitch"
"Ship Simulator Extremes","10773","Ship Simulator Extremes","67440","11100","358","2","48","0","0","6.08","Ship Simulator Extremes"
"Lost Planet 2","10774","Lost Planet 2","586800","96480","417","6","335","1","0","6.08","Lost Planet 2"
"Breakdown","10775","Breakdown","32460","5340","37","1","16","0","0","6.08","Breakdown"
"Castaway Paradise","10776","Castaway Paradise","36840","6060","271","1","20","0","0","6.08","Castaway Paradise"
"PoPoLoCrois","10777","PoPoLoCrois","22260","3660","95","1","7","0","0","6.08","PoPoLoCrois"
"Fearless Night","10778","Fearless Night","4740","780","14","1","4","0","0","6.08","Fearless Night"
"Resident Evil: The Mercenaries 3D","10779","Resident Evil: The Mercenaries 3D","5100","840","21","1","2","0","0","6.07","Resident Evil: The Mercenaries 3D"
"Paradise","10780","Paradise","5100","840","10","1","2","0","0","6.07","Paradise"
"Safecracker","10781","Safecracker","5100","840","27","1","2","0","0","6.07","Safecracker"
"Karate Champ","10782","Karate Champ","9840","1620","31","1","9","0","0","6.07","Karate Champ"
"Medieval II: Total War","10783","Medieval II: Total War","1091580","179820","563","5","464","2","0","6.07","Medieval II: Total War"
"Dungeon Fighter Online","10784","Dungeon Fighter Online","21461640","3535260","994","32","2406","40","6","6.07","Dungeon Fighter Online"
"Lucy - The Eternity She Wished For -","10785","Lucy - The Eternity She Wished For -","66600","10980","457","2","36","0","0","6.07","Lucy - The Eternity She Wished For -"
"Timberman","10786","Timberman","156660","25800","387","3","210","0","0","6.07","Timberman"
"Payday 2","10787","Payday 2","95908080","15829560","21918","94","43045","181","30","6.06","Payday 2"
"Tetris Battle Gaiden","10788","Tetris Battle Gaiden","12720","2100","23","1","10","0","0","6.06","Tetris Battle Gaiden"
"Beast Boxing Turbo","10789","Beast Boxing Turbo","6540","1080","23","2","6","0","0","6.06","Beast Boxing Turbo"
"Panoramical","10790","Panoramical","33420","5520","36","2","30","0","0","6.05","Panoramical"
"Sonic Classic Collection","10791","Sonic Classic Collection","13800","2280","25","1","16","0","0","6.05","Sonic Classic Collection"
"Fallout 4","10792","Fallout 4","589893960","97564560","144758","791","204389","1119","185","6.05","Fallout 4"
"Legacy of Kain: Soul Reaver 2","10793","Legacy of Kain: Soul Reaver 2","165660","27360","90","2","61","0","0","6.05","Legacy of Kain: Soul Reaver 2"
"OlliOlli 2: Welcome to OlliWood","10794","OlliOlli 2: Welcome to OlliWood","144060","23820","279","2","320","0","0","6.05","OlliOlli 2: Welcome to OlliWood"
"Digimon World DS","10795","Digimon World DS","38820","6420","134","1","19","0","0","6.05","Digimon World DS"
"Chaos;Child","10796","Chaos;Child","44640","7380","120","1","16","0","0","6.05","Chaos;Child"
"Blue Revolver","10797","Blue Revolver","53400","8820","65","4","58","0","0","6.05","Blue Revolver"
"Two Worlds II","10798","Two Worlds II","556740","92160","870","4","266","1","0","6.04","Two Worlds II"
"Magic Johnson's Fast Break","10799","Magic Johnson's Fast Break","8700","1440","38","1","5","0","0","6.04","Magic Johnson's Fast Break"
"Double Dragon Advance","10800","Double Dragon Advance","9420","1560","86","1","5","0","0","6.04","Double Dragon Advance"