"","","Game","Watch time","Stream time","Peak viewers","Peak channels","Streamers","Average viewers","Average channels","Average viewer ratio",""
"Mighty No. 9","5701","Mighty No. 9","16215900","894180","7966","228","3565","30","1","18.13","Mighty No. 9"
"Game Set & Match","5702","Game Set & Match","8700","480","121","1","3","0","0","18.13","Game Set & Match"
"Initial D: Special Stage","5703","Initial D: Special Stage","126120","6960","509","2","31","0","0","18.12","Initial D: Special Stage"
"Zone of the Enders","5704","Zone of the Enders","293520","16200","559","2","49","0","0","18.12","Zone of the Enders"
"Digimon World: Next Order","5705","Digimon World: Next Order","795720","43920","372","4","24","1","0","18.12","Digimon World: Next Order"
"MU Legend","5706","MU Legend","7768500","428640","2575","86","889","14","0","18.12","MU Legend"
"Rogue Wizards","5707","Rogue Wizards","401100","22140","253","5","67","0","0","18.12","Rogue Wizards"
"Muppet Monster Adventure","5708","Muppet Monster Adventure","110820","6120","90","2","10","0","0","18.11","Muppet Monster Adventure"
"Ascendant","5709","Ascendant","84660","4680","208","2","21","0","0","18.09","Ascendant"
"Mafia III","5710","Mafia III","182746380","10106160","79661","1429","31953","346","19","18.08","Mafia III"
"Super Stardust Ultra","5711","Super Stardust Ultra","106320","5880","373","1","171","0","0","18.08","Super Stardust Ultra"
"Nord and Bert Couldn't Make Head or Tail of It","5712","Nord and Bert Couldn't Make Head or Tail of It","41220","2280","35","1","2","0","0","18.08","Nord and Bert Couldn't Make Head or Tail of It"
"Rabi-Ribi","5713","Rabi-Ribi","12289440","680220","17014","19","1420","23","1","18.07","Rabi-Ribi"
"Rayman 3","5714","Rayman 3","188700","10440","456","3","32","0","0","18.07","Rayman 3"
"Metal Slug 5","5715","Metal Slug 5","134400","7440","597","2","44","0","0","18.06","Metal Slug 5"
"Race the Sun","5716","Race the Sun","2140080","118500","19774","3","697","4","0","18.06","Race the Sun"
"Takahashi Meijin no Bouken Jima IV","5717","Takahashi Meijin no Bouken Jima IV","70440","3900","276","2","10","0","0","18.06","Takahashi Meijin no Bouken Jima IV"
"No One Lives Forever 2: A Spy in H.A.R.M.'s Way","5718","No One Lives Forever 2: A Spy in H.A.R.M.'s Way","450420","24960","529","2","67","0","0","18.05","No One Lives Forever 2: A Spy in H.A.R.M.'s Way"
"Call of Duty 2","5719","Call of Duty 2","10046340","556500","27923","13","1502","19","1","18.05","Call of Duty 2"
"Fatal Frame III: The Tormented","5720","Fatal Frame III: The Tormented","1755480","97380","305","3","138","3","0","18.03","Fatal Frame III: The Tormented"
"Mass Effect 2","5721","Mass Effect 2","47473740","2635680","12237","33","4342","90","5","18.01","Mass Effect 2"
"Shovel Knight","5722","Shovel Knight","20856840","1158660","158804","28","5409","39","2","18","Shovel Knight"
"RPG Maker VX","5723","RPG Maker VX","1612860","89580","472","6","269","3","0","18","RPG Maker VX"
"Deca Sports Freedom","5724","Deca Sports Freedom","2160","120","20","1","1","0","0","18","Deca Sports Freedom"
"Asheron's Call: Dark Majesty Expansion Pack","5725","Asheron's Call: Dark Majesty Expansion Pack","2160","120","27","1","1","0","0","18","Asheron's Call: Dark Majesty Expansion Pack"
"Pyramid Magic","5726","Pyramid Magic","3240","180","23","1","1","0","0","18","Pyramid Magic"
"Dance Dance Revolution KONAMIX","5727","Dance Dance Revolution KONAMIX","4320","240","41","1","1","0","0","18","Dance Dance Revolution KONAMIX"
"Death Gate","5728","Death Gate","36720","2040","33","1","3","0","0","18","Death Gate"
"Okabu","5729","Okabu","1080","60","19","1","1","0","0","18","Okabu"
"Star Trek: Deep Space Nine - The Fallen","5730","Star Trek: Deep Space Nine - The Fallen","16200","900","37","1","3","0","0","18","Star Trek: Deep Space Nine - The Fallen"
"PaperBoy / Rampage","5731","PaperBoy / Rampage","1080","60","20","1","1","0","0","18","PaperBoy / Rampage"
"Pub Darts","5732","Pub Darts","2160","120","20","1","1","0","0","18","Pub Darts"
"Teenage Mutant Ninja Turtles: Smash-Up","5733","Teenage Mutant Ninja Turtles: Smash-Up","6480","360","41","1","4","0","0","18","Teenage Mutant Ninja Turtles: Smash-Up"
"Krosmaga","5734","Krosmaga","3066900","170340","1767","9","376","5","0","18","Krosmaga"
"Jeremy McGrath Supercross '98","5735","Jeremy McGrath Supercross '98","1080","60","18","1","1","0","0","18","Jeremy McGrath Supercross '98"
"Ruff 'n' Tumble","5736","Ruff 'n' Tumble","1080","60","18","1","1","0","0","18","Ruff 'n' Tumble"
"Championship Manager 2010","5737","Championship Manager 2010","2160","120","22","1","1","0","0","18","Championship Manager 2010"
"Lupin the 3rd: Babylon no Ougon Densetsu","5738","Lupin the 3rd: Babylon no Ougon Densetsu","1080","60","22","1","1","0","0","18","Lupin the 3rd: Babylon no Ougon Densetsu"
"King of Fighters R-1","5739","King of Fighters R-1","168360","9360","359","1","63","0","0","17.99","King of Fighters R-1"
"Absolute Drift","5740","Absolute Drift","1578480","87780","16441","5","495","2","0","17.98","Absolute Drift"
"Portal Knights","5741","Portal Knights","14145840","787020","32418","49","2645","26","1","17.97","Portal Knights"
"VA-11 HALL-A","5742","VA-11 HALL-A","3926160","218760","4714","17","735","7","0","17.95","VA-11 HALL-A"
"Metal Gear Solid 2: Substance","5743","Metal Gear Solid 2: Substance","1093440","60900","1385","3","135","2","0","17.95","Metal Gear Solid 2: Substance"
"Brigador","5744","Brigador","468360","26100","1455","3","114","0","0","17.94","Brigador"
"Let's Paint","5745","Let's Paint","33360","1860","80","1","3","0","0","17.94","Let's Paint"
"Valkyria: Azure Revolution","5746","Valkyria: Azure Revolution","35520","1980","135","2","20","0","0","17.94","Valkyria: Azure Revolution"
"House of Caravan","5747","House of Caravan","43020","2400","168","2","20","0","0","17.92","House of Caravan"
"Etrian Odyssey V","5748","Etrian Odyssey V","494340","27600","311","2","14","0","0","17.91","Etrian Odyssey V"
"Bump 'N' Jump","5749","Bump 'N' Jump","32220","1800","189","1","8","0","0","17.9","Bump 'N' Jump"
"TV Sports: Football","5750","TV Sports: Football","10740","600","143","2","5","0","0","17.9","TV Sports: Football"
"EarthTongue","5751","EarthTongue","9660","540","98","1","5","0","0","17.89","EarthTongue"
"Metroid Prime: Hunters","5752","Metroid Prime: Hunters","255480","14280","315","2","37","0","0","17.89","Metroid Prime: Hunters"
"Pilotwings","5753","Pilotwings","355020","19860","488","13","105","0","0","17.88","Pilotwings"
"100ft Robot Golf","5754","100ft Robot Golf","257520","14400","868","7","110","0","0","17.88","100ft Robot Golf"
"Doorways: The Underworld","5755","Doorways: The Underworld","339780","19020","517","2","82","0","0","17.86","Doorways: The Underworld"
"Combat Mission: Battle for Normandy","5756","Combat Mission: Battle for Normandy","38580","2160","57","1","7","0","0","17.86","Combat Mission: Battle for Normandy"
"Penny Arcade Adventures: On the Rain-Slick Precipice of Darkness - Episode One","5757","Penny Arcade Adventures: On the Rain-Slick Precipice of Darkness - Episode One","63240","3540","207","1","14","0","0","17.86","Penny Arcade Adventures: On the Rain-Slick Precipice of Darkness - Episode One"
"Chessmaster Grandmaster Edition","5758","Chessmaster Grandmaster Edition","7500","420","41","1","2","0","0","17.86","Chessmaster Grandmaster Edition"
"Mad Dog II: The Lost Gold","5759","Mad Dog II: The Lost Gold","7500","420","46","3","4","0","0","17.86","Mad Dog II: The Lost Gold"
"Snake","5760","Snake","72780","4080","352","2","33","0","0","17.84","Snake"
"Dragon Age: Origins","5761","Dragon Age: Origins","22863960","1282380","110048","18","2707","43","2","17.83","Dragon Age: Origins"
"Chess & Backgammon Classics","5762","Chess & Backgammon Classics","6420","360","35","1","2","0","0","17.83","Chess & Backgammon Classics"
"Junk Jack","5763","Junk Jack","88740","4980","565","3","25","0","0","17.82","Junk Jack"
"Super Senso","5764","Super Senso","433020","24300","1822","6","40","0","0","17.82","Super Senso"
"The Night of the Rabbit","5765","The Night of the Rabbit","1554660","87240","700","3","213","2","0","17.82","The Night of the Rabbit"
"Hello Kitty Big City Dreams","5766","Hello Kitty Big City Dreams","23520","1320","67","2","7","0","0","17.82","Hello Kitty Big City Dreams"
"Viewpoint","5767","Viewpoint","33120","1860","46","1","4","0","0","17.81","Viewpoint"
"Ittle Dew","5768","Ittle Dew","288420","16200","680","2","63","0","0","17.8","Ittle Dew"
"Oceanhorn: Monster of Uncharted Seas","5769","Oceanhorn: Monster of Uncharted Seas","2359080","132540","1634","5","473","4","0","17.8","Oceanhorn: Monster of Uncharted Seas"
"EnCore","5770","EnCore","5340","300","39","1","2","0","0","17.8","EnCore"
"Ittle Dew 2","5771","Ittle Dew 2","410100","23040","601","6","61","0","0","17.8","Ittle Dew 2"
"Castle in the Darkness","5772","Castle in the Darkness","1279500","71940","2596","3","177","2","0","17.79","Castle in the Darkness"
"Dawn of Discovery: Venice","5773","Dawn of Discovery: Venice","1495260","84120","2757","4","228","2","0","17.78","Dawn of Discovery: Venice"
"MXGP","5774","MXGP","543780","30600","880","5","155","1","0","17.77","MXGP"
"Blizzard","5775","Blizzard","438120","24660","1952","16","58","0","0","17.77","Blizzard"
"White Day: A Labyrinth Named School","5776","White Day: A Labyrinth Named School","221820","12480","366","1","54","0","0","17.77","White Day: A Labyrinth Named School"
"The Void","5777","The Void","382560","21540","3148","3","51","0","0","17.76","The Void"
"Game of Thrones: A Telltale Game Series","5778","Game of Thrones: A Telltale Game Series","13067400","736140","3690","12","2424","24","1","17.75","Game of Thrones: A Telltale Game Series"
"Glover","5779","Glover","842040","47460","893","4","126","1","0","17.74","Glover"
"Fate/stay night","5780","Fate/stay night","1025040","57780","1030","3","121","1","0","17.74","Fate/stay night"
"Command & Conquer: The First Decade","5781","Command & Conquer: The First Decade","202200","11400","161","2","18","0","0","17.74","Command & Conquer: The First Decade"
"Metroid","5782","Metroid","2465460","139080","2155","5","415","4","0","17.73","Metroid"
"Super Smash Bros. Brawl","5783","Super Smash Bros. Brawl","7458780","420660","9784","8","1675","14","0","17.73","Super Smash Bros. Brawl"
"Slaves to Armok II: Dwarf Fortress","5784","Slaves to Armok II: Dwarf Fortress","11336880","639900","2239","8","700","21","1","17.72","Slaves to Armok II: Dwarf Fortress"
"Conker: Live & Reloaded","5785","Conker: Live & Reloaded","524160","29580","1638","3","50","0","0","17.72","Conker: Live & Reloaded"
"Tetrisphere","5786","Tetrisphere","154140","8700","1653","2","25","0","0","17.72","Tetrisphere"
"Metal Black","5787","Metal Black","36120","2040","40","1","5","0","0","17.71","Metal Black"
"WWF Attitude","5788","WWF Attitude","22320","1260","181","1","12","0","0","17.71","WWF Attitude"
"Nancy Drew: The Secret of the Scarlet Hand","5789","Nancy Drew: The Secret of the Scarlet Hand","89280","5040","170","1","15","0","0","17.71","Nancy Drew: The Secret of the Scarlet Hand"
"Mendel Palace","5790","Mendel Palace","10620","600","48","1","3","0","0","17.7","Mendel Palace"
"Tales of the Abyss","5791","Tales of the Abyss","2694660","152220","1746","5","135","5","0","17.7","Tales of the Abyss"
"Shiny","5792","Shiny","10620","600","150","1","5","0","0","17.7","Shiny"
"Heart Forth, Alicia","5793","Heart Forth, Alicia","27600","1560","29","1","1","0","0","17.69","Heart Forth, Alicia"
"YuYu Hakusho","5794","YuYu Hakusho","41400","2340","598","2","7","0","0","17.69","YuYu Hakusho"
"Scooby-Doo Mystery","5795","Scooby-Doo Mystery","93420","5280","118","1","27","0","0","17.69","Scooby-Doo Mystery"
"ARK","5796","ARK","1025334180","58006140","51065","539","65661","1945","110","17.68","ARK"
"Gal Gun","5797","Gal Gun","107100","6060","449","1","32","0","0","17.67","Gal Gun"
"Halo 5: Guardians","5798","Halo 5: Guardians","854257680","48331980","93722","289","79443","1621","91","17.67","Halo 5: Guardians"
"Skate or Die 2: The Search for Double Trouble","5799","Skate or Die 2: The Search for Double Trouble","6360","360","42","1","3","0","0","17.67","Skate or Die 2: The Search for Double Trouble"
"Scotland Yard","5800","Scotland Yard","3180","180","33","1","2","0","0","17.67","Scotland Yard"