"","","Game","Watch time","Stream time","Peak viewers","Peak channels","Streamers","Average viewers","Average channels","Average viewer ratio",""
"Jurassic Park","2301","Jurassic Park","1544220","104100","884","4","401","2","0","14.83","Jurassic Park"
"Rusty Lake Hotel","2302","Rusty Lake Hotel","1543620","35940","3282","3","173","2","0","42.95","Rusty Lake Hotel"
"A Game of Thrones: Genesis","2303","A Game of Thrones: Genesis","1539600","785880","797","13","3665","2","1","1.96","A Game of Thrones: Genesis"
"Need for Speed Underground 2","2304","Need for Speed Underground 2","1538880","277080","2662","5","1097","2","0","5.55","Need for Speed Underground 2"
"Super C","2305","Super C","1537680","49020","5748","3","127","2","0","31.37","Super C"
"3D Ultra Mini Golf","2306","3D Ultra Mini Golf","1537380","3120","2844","1","13","2","0","492.75","3D Ultra Mini Golf"
"PaRappa the Rapper","2307","PaRappa the Rapper","1537080","33660","6052","4","223","2","0","45.66","PaRappa the Rapper"
"Gex: Enter the Gecko","2308","Gex: Enter the Gecko","1536000","28560","16933","3","93","2","0","53.78","Gex: Enter the Gecko"
"Kingspray Graffiti VR","2309","Kingspray Graffiti VR","1535760","4800","1646","2","13","2","0","319.95","Kingspray Graffiti VR"
"Stellar Overload","2310","Stellar Overload","1531740","17520","8797","4","105","2","0","87.43","Stellar Overload"
"The Book of Unwritten Tales 2","2311","The Book of Unwritten Tales 2","1531620","89280","710","4","185","2","0","17.16","The Book of Unwritten Tales 2"
"Medusa","2312","Medusa","1528740","5100","25420","5","52","2","0","299.75","Medusa"
"Assassin's Creed Chronicles: China","2313","Assassin's Creed Chronicles: China","1527120","415200","3029","40","3187","2","0","3.68","Assassin's Creed Chronicles: China"
"Dragon Ball Z","2314","Dragon Ball Z","1527060","49560","2748","3","188","2","0","30.81","Dragon Ball Z"
"Wreckfest","2315","Wreckfest","1525860","89460","18525","4","383","2","0","17.06","Wreckfest"
"Gears of War: Judgment","2316","Gears of War: Judgment","1521420","386460","4549","8","1916","2","0","3.94","Gears of War: Judgment"
"Ashes of the Singularity","2317","Ashes of the Singularity","1521420","134580","2806","7","390","2","0","11.3","Ashes of the Singularity"
"X-COM: Terror from the Deep","2318","X-COM: Terror from the Deep","1519500","62040","1640","3","40","2","0","24.49","X-COM: Terror from the Deep"
"Shadow the Hedgehog","2319","Shadow the Hedgehog","1519500","106980","2623","3","224","2","0","14.2","Shadow the Hedgehog"
"Dungeons and Dragons Tactics","2320","Dungeons and Dragons Tactics","1518660","2760","8713","3","11","2","0","550.24","Dungeons and Dragons Tactics"
"Maldita Castilla","2321","Maldita Castilla","1513200","151620","2781","22","257","2","0","9.98","Maldita Castilla"
"Planetoid Pioneers","2322","Planetoid Pioneers","1507500","102000","2849","2","13","2","0","14.78","Planetoid Pioneers"
"Power Stone 2","2323","Power Stone 2","1506660","11160","6450","2","58","2","0","135.01","Power Stone 2"
"Audiosurf 2","2324","Audiosurf 2","1504680","395940","1117","7","1536","2","0","3.8","Audiosurf 2"
"Vertigo","2325","Vertigo","1504500","960","12147","3","8","2","0","1567.19","Vertigo"
"Black Mirror 3: The Final Fear","2326","Black Mirror 3: The Final Fear","1503600","16380","1778","2","19","2","0","91.79","Black Mirror 3: The Final Fear"
"Nihilumbra","2327","Nihilumbra","1502760","31860","4097","2","131","2","0","47.17","Nihilumbra"
"Star Wars: Shadows of the Empire","2328","Star Wars: Shadows of the Empire","1501680","63180","4780","6","140","2","0","23.77","Star Wars: Shadows of the Empire"
"Tony Hawk's Pro Skater 5","2329","Tony Hawk's Pro Skater 5","1499820","293400","696","7","1326","2","0","5.11","Tony Hawk's Pro Skater 5"
"EVE: Valkyrie – Warzone","2330","EVE: Valkyrie – Warzone","1498500","137340","3174","7","1027","2","0","10.91","EVE: Valkyrie – Warzone"
"Ratchet & Clank Collection","2331","Ratchet & Clank Collection","1497480","112980","302","4","206","2","0","13.25","Ratchet & Clank Collection"
"Dig Or Die","2332","Dig Or Die","1497120","48540","806","3","172","2","0","30.84","Dig Or Die"
"Final Fantasy Tactics Advance","2333","Final Fantasy Tactics Advance","1495860","158880","1175","4","247","2","0","9.42","Final Fantasy Tactics Advance"
"Dawn of Discovery: Venice","2334","Dawn of Discovery: Venice","1495260","84120","2757","4","228","2","0","17.78","Dawn of Discovery: Venice"
"AdVenture Capitalist","2335","AdVenture Capitalist","1493940","457680","706","12","2017","2","0","3.26","AdVenture Capitalist"
"Might & Magic Duel of Champions","2336","Might & Magic Duel of Champions","1493940","235740","571","6","302","2","0","6.34","Might & Magic Duel of Champions"
"Habbo Hotel","2337","Habbo Hotel","1493220","124320","2347","4","679","2","0","12.01","Habbo Hotel"
"Disaster Report","2338","Disaster Report","1492920","10680","2113","2","27","2","0","139.79","Disaster Report"
"Replica","2339","Replica","1491780","9180","12339","3","76","2","0","162.5","Replica"
"Attractio","2340","Attractio","1491060","5100","6410","3","26","2","0","292.36","Attractio"
"From The Depths","2341","From The Depths","1490580","268140","633","6","400","2","0","5.56","From The Depths"
"Mega Man Battle Network","2342","Mega Man Battle Network","1490100","75540","1067","3","176","2","0","19.73","Mega Man Battle Network"
"Shin Megami Tensei: Persona 3 Portable","2343","Shin Megami Tensei: Persona 3 Portable","1488660","203400","226","5","312","2","0","7.32","Shin Megami Tensei: Persona 3 Portable"
"Ju-On: The Grudge","2344","Ju-On: The Grudge","1487460","6300","10643","2","30","2","0","236.1","Ju-On: The Grudge"
"Virtua Tennis 4","2345","Virtua Tennis 4","1487460","8580","15068","1","43","2","0","173.36","Virtua Tennis 4"
"Dino Crisis 2","2346","Dino Crisis 2","1486800","78240","823","3","223","2","0","19","Dino Crisis 2"
"Streets of Fury","2347","Streets of Fury","1486320","19440","12620","3","99","2","0","76.46","Streets of Fury"
"How to Survive","2348","How to Survive","1485900","352140","2210","7","1940","2","0","4.22","How to Survive"
"Hitman Go","2349","Hitman Go","1484340","29700","26021","4","179","2","0","49.98","Hitman Go"
"Crazy Machines 3","2350","Crazy Machines 3","1481700","19740","4718","5","92","2","0","75.06","Crazy Machines 3"
"Star Wars: X-Wing","2351","Star Wars: X-Wing","1481580","41640","10361","4","76","2","0","35.58","Star Wars: X-Wing"
"Snow Horse","2352","Snow Horse","1480860","2100","14670","2","18","2","0","705.17","Snow Horse"
"Shin Hayarigami","2353","Shin Hayarigami","1479600","22320","441","5","16","2","0","66.29","Shin Hayarigami"
"Dragon Blaze","2354","Dragon Blaze","1477560","152820","799","4","180","2","0","9.67","Dragon Blaze"
"What the box?","2355","What the box?","1477140","35700","6049","6","295","2","0","41.38","What the box?"
"The Golf Club","2356","The Golf Club","1476540","651180","147","9","754","2","1","2.27","The Golf Club"
"IndieGameStand","2357","IndieGameStand","1476540","45780","4378","3","219","2","0","32.25","IndieGameStand"
"Soulcalibur V","2358","Soulcalibur V","1475880","86520","1944","3","152","2","0","17.06","Soulcalibur V"
"State of Decay","2359","State of Decay","1475220","218340","519","5","857","2","0","6.76","State of Decay"
"Slot Machine","2360","Slot Machine","1474740","24540","4135","2","53","2","0","60.1","Slot Machine"
"Transformice","2361","Transformice","1473960","237180","1141","4","905","2","0","6.21","Transformice"
"Prismata","2362","Prismata","1473240","137460","255","6","58","2","0","10.72","Prismata"
"TagPro","2363","TagPro","1473180","93840","567","8","144","2","0","15.7","TagPro"
"Urban Reign","2364","Urban Reign","1472940","7200","7620","2","25","2","0","204.58","Urban Reign"
"Hearts","2365","Hearts","1470300","780","4185","2","8","2","0","1885","Hearts"
"Craft The World","2366","Craft The World","1466040","264600","782","7","725","2","0","5.54","Craft The World"
"Eternal Winter","2367","Eternal Winter","1463760","7860","25693","4","42","2","0","186.23","Eternal Winter"
"NBA 2K","2368","NBA 2K","1461660","39660","8715","3","75","2","0","36.85","NBA 2K"
"Age of War","2369","Age of War","1459560","6840","6381","2","53","2","0","213.39","Age of War"
"King's Bounty: The Legend","2370","King's Bounty: The Legend","1456740","109200","972","3","96","2","0","13.34","King's Bounty: The Legend"
"Dawn of Discovery","2371","Dawn of Discovery","1456380","59640","4497","3","174","2","0","24.42","Dawn of Discovery"
"Shadow of the Beast","2372","Shadow of the Beast","1454700","21300","2200","7","699","2","0","68.3","Shadow of the Beast"
"Shadows of the Damned","2373","Shadows of the Damned","1452180","28980","5104","2","64","2","0","50.11","Shadows of the Damned"
"Life in Bunker","2374","Life in Bunker","1451220","36180","1562","11","163","2","0","40.11","Life in Bunker"
"Red Faction","2375","Red Faction","1447680","72060","4239","3","203","2","0","20.09","Red Faction"
"Downwell","2376","Downwell","1441260","178200","3717","5","1134","2","0","8.09","Downwell"
"Board Game Online","2377","Board Game Online","1439460","78960","8109","5","379","2","0","18.23","Board Game Online"
"Screencheat","2378","Screencheat","1438260","65280","7164","5","480","2","0","22.03","Screencheat"
"Nobunaga no Yabou: Souzou","2379","Nobunaga no Yabou: Souzou","1437900","58740","647","3","51","2","0","24.48","Nobunaga no Yabou: Souzou"
"Agony","2380","Agony","1437000","10980","24298","6","103","2","0","130.87","Agony"
"Microsoft Entertainment Pack for Windows","2381","Microsoft Entertainment Pack for Windows","1436580","1500","1663","1","4","2","0","957.72","Microsoft Entertainment Pack for Windows"
"Monopoly Family Fun Pack","2382","Monopoly Family Fun Pack","1432620","184800","2539","6","796","2","0","7.75","Monopoly Family Fun Pack"
"The Bureau: XCOM Declassified","2383","The Bureau: XCOM Declassified","1431720","89340","1760","5","272","2","0","16.03","The Bureau: XCOM Declassified"
"Castlevania: Rondo of Blood","2384","Castlevania: Rondo of Blood","1429860","63120","1343","5","146","2","0","22.65","Castlevania: Rondo of Blood"
"Postal 2: Apocalypse Weekend","2385","Postal 2: Apocalypse Weekend","1423260","13260","11893","2","69","2","0","107.33","Postal 2: Apocalypse Weekend"
"Legend of Grimrock","2386","Legend of Grimrock","1423200","160140","991","4","386","2","0","8.89","Legend of Grimrock"
"Nightfall","2387","Nightfall","1421820","3840","11921","1","18","2","0","370.27","Nightfall"
"Kirby: Super Star Ultra","2388","Kirby: Super Star Ultra","1420140","34860","5600","4","77","2","0","40.74","Kirby: Super Star Ultra"
"Turtles","2389","Turtles","1419540","13740","11597","2","32","2","0","103.31","Turtles"
"Utawarerumono: Futari no Hakuoro","2390","Utawarerumono: Futari no Hakuoro","1418460","68460","358","5","27","2","0","20.72","Utawarerumono: Futari no Hakuoro"
"St Jude PLAY LIVE","2391","St Jude PLAY LIVE","1418280","54480","741","6","54","2","0","26.03","St Jude PLAY LIVE"
"American McGee's Alice","2392","American McGee's Alice","1418220","66420","5265","5","158","2","0","21.35","American McGee's Alice"
"Swords and Sandals II","2393","Swords and Sandals II","1417680","15480","5472","2","96","2","0","91.58","Swords and Sandals II"
"Anno 2205","2394","Anno 2205","1414920","288960","428","7","838","2","0","4.9","Anno 2205"
"Out There","2395","Out There","1413540","22920","2455","2","103","2","0","61.67","Out There"
"Mario Superstar Baseball","2396","Mario Superstar Baseball","1413060","28980","2573","2","146","2","0","48.76","Mario Superstar Baseball"
"Bad Rats: the Rats' Revenge","2397","Bad Rats: the Rats' Revenge","1411020","92160","5406","3","511","2","0","15.31","Bad Rats: the Rats' Revenge"
"SkySaga","2398","SkySaga","1409040","236880","382","7","553","2","0","5.95","SkySaga"
"Rogue Galaxy","2399","Rogue Galaxy","1408320","181860","479","5","1249","2","0","7.74","Rogue Galaxy"
"Earthlock: Festival Of Magic","2400","Earthlock: Festival Of Magic","1407840","300840","687","59","1886","2","0","4.68","Earthlock: Festival Of Magic"