"","","Game","Watch time","Stream time","Peak viewers","Peak channels","Streamers","Average viewers","Average channels","Average viewer ratio",""
"The Wizard of Oz","5001","The Wizard of Oz","19680","900","128","1","5","0","0","21.87","The Wizard of Oz"
"Miitomo","5002","Miitomo","476220","21780","1463","4","83","0","0","21.87","Miitomo"
"Ratchet & Clank: Going Commando","5003","Ratchet & Clank: Going Commando","3780600","172920","1956","6","195","7","0","21.86","Ratchet & Clank: Going Commando"
"Simon the Sorcerer 3D","5004","Simon the Sorcerer 3D","35400","1620","270","1","2","0","0","21.85","Simon the Sorcerer 3D"
"Where in the World is Carmen Sandiego?","5005","Where in the World is Carmen Sandiego?","73380","3360","902","1","24","0","0","21.84","Where in the World is Carmen Sandiego?"
"Fantasy Life","5006","Fantasy Life","887520","40680","601","2","53","1","0","21.82","Fantasy Life"
"Spider: Rite of the Shrouded Moon","5007","Spider: Rite of the Shrouded Moon","109980","5040","728","1","19","0","0","21.82","Spider: Rite of the Shrouded Moon"
"I Can't Escape: Darkness","5008","I Can't Escape: Darkness","57600","2640","278","1","16","0","0","21.82","I Can't Escape: Darkness"
"Robotron 64","5009","Robotron 64","20940","960","287","1","6","0","0","21.81","Robotron 64"
"Doom 4","5010","Doom 4","4685400","214800","4863","91","1001","8","0","21.81","Doom 4"
"The Legend of Heroes I & II: Eiyuu Densetsu","5011","The Legend of Heroes I & II: Eiyuu Densetsu","39240","1800","134","1","4","0","0","21.8","The Legend of Heroes I & II: Eiyuu Densetsu"
"Densha de Go! 3 Tsuukinhen","5012","Densha de Go! 3 Tsuukinhen","11760","540","47","1","3","0","0","21.78","Densha de Go! 3 Tsuukinhen"
"Mimpi","5013","Mimpi","141120","6480","839","1","27","0","0","21.78","Mimpi"
"Black Survival","5014","Black Survival","2817780","129420","282","4","68","5","0","21.77","Black Survival"
"inFamous: Festival of Blood","5015","inFamous: Festival of Blood","134520","6180","1746","4","16","0","0","21.77","inFamous: Festival of Blood"
"Doctor Who Episode 5: The Gunpowder Plot","5016","Doctor Who Episode 5: The Gunpowder Plot","16980","780","146","1","4","0","0","21.77","Doctor Who Episode 5: The Gunpowder Plot"
"Ragnarok Online","5017","Ragnarok Online","89714580","4122120","20686","47","2626","170","7","21.76","Ragnarok Online"
"Bureaucracy","5018","Bureaucracy","48300","2220","43","1","3","0","0","21.76","Bureaucracy"
"Atmosfear: The Third Dimension","5019","Atmosfear: The Third Dimension","5220","240","25","1","1","0","0","21.75","Atmosfear: The Third Dimension"
"Diner Dash","5020","Diner Dash","52200","2400","207","1","16","0","0","21.75","Diner Dash"
"Cruise for a Corpse","5021","Cruise for a Corpse","49560","2280","293","1","2","0","0","21.74","Cruise for a Corpse"
"Peggle Nights","5022","Peggle Nights","280500","12900","567","1","68","0","0","21.74","Peggle Nights"
"Tales of Phantasia","5023","Tales of Phantasia","1594320","73380","1929","2","119","3","0","21.73","Tales of Phantasia"
"Wan Chai Connection","5024","Wan Chai Connection","14340","660","41","1","1","0","0","21.73","Wan Chai Connection"
"Battle Kid: Fortress of Peril","5025","Battle Kid: Fortress of Peril","623880","28740","1926","6","61","1","0","21.71","Battle Kid: Fortress of Peril"
"Pharaoh Rebirth","5026","Pharaoh Rebirth","341220","15720","502","2","38","0","0","21.71","Pharaoh Rebirth"
"Benefactor","5027","Benefactor","26040","1200","42","1","4","0","0","21.7","Benefactor"
"Super Mario 3D Land","5028","Super Mario 3D Land","1212180","55860","785","3","121","2","0","21.7","Super Mario 3D Land"
"Bravely Second: End Layer","5029","Bravely Second: End Layer","2166900","99840","3750","9","106","4","0","21.7","Bravely Second: End Layer"
"The Legend of Dragoon","5030","The Legend of Dragoon","10932960","503940","5960","8","527","20","0","21.69","The Legend of Dragoon"
"Crash Bandicoot 2: Cortex Strikes Back","5031","Crash Bandicoot 2: Cortex Strikes Back","10853340","500280","4114","9","1203","20","0","21.69","Crash Bandicoot 2: Cortex Strikes Back"
"Let Them Come","5032","Let Them Come","235500","10860","281","2","7","0","0","21.69","Let Them Come"
"River City Ransom","5033","River City Ransom","1019700","47040","6241","3","111","1","0","21.68","River City Ransom"
"Ecco: The Tides of Time","5034","Ecco: The Tides of Time","84540","3900","740","1","16","0","0","21.68","Ecco: The Tides of Time"
"Black Ice","5035","Black Ice","214680","9900","616","2","60","0","0","21.68","Black Ice"
"Flying Dragon","5036","Flying Dragon","15600","720","229","1","7","0","0","21.67","Flying Dragon"
"Flashback","5037","Flashback","697020","32160","3328","2","47","1","0","21.67","Flashback"
"Street Fighter II': Hyper Fighting","5038","Street Fighter II': Hyper Fighting","79260","3660","1212","1","33","0","0","21.66","Street Fighter II': Hyper Fighting"
"The Little Acre","5039","The Little Acre","229980","10620","359","6","80","0","0","21.66","The Little Acre"
"Atlas Reactor","5040","Atlas Reactor","41181360","1901520","15418","46","2931","78","3","21.66","Atlas Reactor"
"World of Aden: Thunderscape","5041","World of Aden: Thunderscape","77940","3600","55","1","1","0","0","21.65","World of Aden: Thunderscape"
"Dungeon World","5042","Dungeon World","998940","46140","2951","5","53","1","0","21.65","Dungeon World"
"Assassin's Creed Identity","5043","Assassin's Creed Identity","31140","1440","498","1","12","0","0","21.63","Assassin's Creed Identity"
"Dungeon Rushers","5044","Dungeon Rushers","454020","21000","2477","3","107","0","0","21.62","Dungeon Rushers"
"NHL 95","5045","NHL 95","81720","3780","535","1","19","0","0","21.62","NHL 95"
"Double Dragon III: The Sacred Stones","5046","Double Dragon III: The Sacred Stones","212700","9840","638","2","47","0","0","21.62","Double Dragon III: The Sacred Stones"
"Spelunky","5047","Spelunky","32845380","1518960","111564","26","5089","62","2","21.62","Spelunky"
"The Firemen","5048","The Firemen","84300","3900","457","4","19","0","0","21.62","The Firemen"
"Marvel vs. Capcom 3: Fate of Two Worlds","5049","Marvel vs. Capcom 3: Fate of Two Worlds","286560","13260","1328","2","86","0","0","21.61","Marvel vs. Capcom 3: Fate of Two Worlds"
"Bram Stoker's Dracula","5050","Bram Stoker's Dracula","125760","5820","1370","1","22","0","0","21.61","Bram Stoker's Dracula"
"Everspace","5051","Everspace","5287380","244620","2139","17","933","10","0","21.61","Everspace"
"Evolve","5052","Evolve","185342580","8578980","44136","278","24534","351","16","21.6","Evolve"
"Words With Friends","5053","Words With Friends","71280","3300","564","2","19","0","0","21.6","Words With Friends"
"Far Cry: Primal","5054","Far Cry: Primal","193579080","8969460","74111","386","46751","367","17","21.58","Far Cry: Primal"
"Candy Crush Soda Saga","5055","Candy Crush Soda Saga","257700","11940","1813","2","79","0","0","21.58","Candy Crush Soda Saga"
"Black Desert Online","5056","Black Desert Online","711384660","32977200","50609","744","30352","1349","62","21.57","Black Desert Online"
"Blair Witch, Volume III: The Elly Kedward Tale","5057","Blair Witch, Volume III: The Elly Kedward Tale","9060","420","36","1","1","0","0","21.57","Blair Witch, Volume III: The Elly Kedward Tale"
"TASTEE: Lethal Tactics","5058","TASTEE: Lethal Tactics","523740","24300","437","3","74","0","0","21.55","TASTEE: Lethal Tactics"
"Night Trap","5059","Night Trap","175860","8160","1870","1","40","0","0","21.55","Night Trap"
"King Kong 2: Ikari no Megaton Punch","5060","King Kong 2: Ikari no Megaton Punch","37500","1740","460","1","3","0","0","21.55","King Kong 2: Ikari no Megaton Punch"
"Mega Man Battle Network 3","5061","Mega Man Battle Network 3","2257740","104820","869","4","125","4","0","21.54","Mega Man Battle Network 3"
"Night Raid","5062","Night Raid","36180","1680","43","1","1","0","0","21.54","Night Raid"
"Crash Team Racing","5063","Crash Team Racing","6998880","325080","13284","7","957","13","0","21.53","Crash Team Racing"
"SD Gundam G Generation","5064","SD Gundam G Generation","3355080","155940","922","20","97","6","0","21.52","SD Gundam G Generation"
"Nintendo Badge Arcade","5065","Nintendo Badge Arcade","29700","1380","217","1","9","0","0","21.52","Nintendo Badge Arcade"
"Batman: Return of the Joker","5066","Batman: Return of the Joker","176820","8220","1043","2","29","0","0","21.51","Batman: Return of the Joker"
"Eliminator Boat Duel","5067","Eliminator Boat Duel","33540","1560","106","1","8","0","0","21.5","Eliminator Boat Duel"
"F-Zero","5068","F-Zero","1053720","49020","6667","17","281","1","0","21.5","F-Zero"
"Highway Encounter","5069","Highway Encounter","2580","120","24","1","1","0","0","21.5","Highway Encounter"
"Yakuza Fury","5070","Yakuza Fury","7740","360","29","1","1","0","0","21.5","Yakuza Fury"
"Lemmings X-Mas","5071","Lemmings X-Mas","2580","120","23","1","1","0","0","21.5","Lemmings X-Mas"
"Steel Talons","5072","Steel Talons","7740","360","35","1","1","0","0","21.5","Steel Talons"
"Marvel vs. Capcom Infinite","5073","Marvel vs. Capcom Infinite","2580","120","36","1","1","0","0","21.5","Marvel vs. Capcom Infinite"
"Stock Market: The Game","5074","Stock Market: The Game","45120","2100","183","1","8","0","0","21.49","Stock Market: The Game"
"Time Crisis 2","5075","Time Crisis 2","42540","1980","238","2","13","0","0","21.48","Time Crisis 2"
"Dr. Mario","5076","Dr. Mario","2338140","108840","2151","5","195","4","0","21.48","Dr. Mario"
"This War of Mine","5077","This War of Mine","30868560","1438320","6876","24","5548","58","2","21.46","This War of Mine"
"Pilot Brothers: The Case Of Serial Maniac Sumo","5078","Pilot Brothers: The Case Of Serial Maniac Sumo","45060","2100","217","1","10","0","0","21.46","Pilot Brothers: The Case Of Serial Maniac Sumo"
"Final Fantasy IX","5079","Final Fantasy IX","75238200","3508320","5161","107","4493","142","6","21.45","Final Fantasy IX"
"Karaoke Revolution","5080","Karaoke Revolution","32160","1500","98","1","11","0","0","21.44","Karaoke Revolution"
"Asagao Academy: Normal Boots Club","5081","Asagao Academy: Normal Boots Club","1845900","86100","1029","10","259","3","0","21.44","Asagao Academy: Normal Boots Club"
"Dengeki Bunko: Fighting Climax","5082","Dengeki Bunko: Fighting Climax","3747840","174960","7417","5","165","7","0","21.42","Dengeki Bunko: Fighting Climax"
"Tekken 2","5083","Tekken 2","460200","21480","5018","5","64","0","0","21.42","Tekken 2"
"Hatsune Miku: Project Diva Future Tone","5084","Hatsune Miku: Project Diva Future Tone","14924940","696780","5967","32","1633","28","1","21.42","Hatsune Miku: Project Diva Future Tone"
"Mickey Mania","5085","Mickey Mania","411120","19200","582","2","66","0","0","21.41","Mickey Mania"
"Secrets of Grindea","5086","Secrets of Grindea","7014600","327780","4920","8","1085","13","0","21.4","Secrets of Grindea"
"Call of Juarez: Gunslinger","5087","Call of Juarez: Gunslinger","3825300","178740","7490","5","875","7","0","21.4","Call of Juarez: Gunslinger"
"The Aquatic Adventure of the Last Human","5088","The Aquatic Adventure of the Last Human","465840","21780","575","4","93","0","0","21.39","The Aquatic Adventure of the Last Human"
"Minecraft: Story Mode","5089","Minecraft: Story Mode","18571320","869160","11114","24","5922","35","1","21.37","Minecraft: Story Mode"
"Clive Barker's Jericho","5090","Clive Barker's Jericho","934140","43740","3832","3","163","1","0","21.36","Clive Barker's Jericho"
"Until I Have You","5091","Until I Have You","57660","2700","162","1","12","0","0","21.36","Until I Have You"
"Run Like Hell!","5092","Run Like Hell!","14100","660","87","1","3","0","0","21.36","Run Like Hell!"
"American McGee's Alice","5093","American McGee's Alice","1418220","66420","5265","5","158","2","0","21.35","American McGee's Alice"
"Vietcong","5094","Vietcong","308700","14460","883","2","54","0","0","21.35","Vietcong"
"LEGO City Undercover","5095","LEGO City Undercover","418980","19620","495","2","54","0","0","21.35","LEGO City Undercover"
"WWE Day of Reckoning 2","5096","WWE Day of Reckoning 2","75540","3540","242","1","22","0","0","21.34","WWE Day of Reckoning 2"
"Pokémon Diamond/Pearl","5097","Pokémon Diamond/Pearl","6436440","301620","3005","6","759","12","0","21.34","Pokémon Diamond/Pearl"
"House of the Dying Sun","5098","House of the Dying Sun","303420","14220","492","2","107","0","0","21.34","House of the Dying Sun"
"I Get This Call Every Day","5099","I Get This Call Every Day","3840","180","57","1","2","0","0","21.33","I Get This Call Every Day"
"Qasir Al-Wasat: A Night in-Between","5100","Qasir Al-Wasat: A Night in-Between","11520","540","65","1","3","0","0","21.33","Qasir Al-Wasat: A Night in-Between"