"","","Game","Watch time","Stream time","Peak viewers","Peak channels","Streamers","Average viewers","Average channels","Average viewer ratio",""
"Cold Fear","8801","Cold Fear","153480","17340","127","2","64","0","0","8.85","Cold Fear"
"Far Cry 3: Blood Dragon","8802","Far Cry 3: Blood Dragon","2569560","290700","1823","12","1775","4","0","8.84","Far Cry 3: Blood Dragon"
"Tribes Ascend","8803","Tribes Ascend","1888080","213540","31123","7","506","3","0","8.84","Tribes Ascend"
"Fable Legends","8804","Fable Legends","62040","7020","181","2","17","0","0","8.84","Fable Legends"
"Gun Smoke","8805","Gun Smoke","48240","5460","131","1","24","0","0","8.84","Gun Smoke"
"Crypt Worlds","8806","Crypt Worlds","25440","2880","109","2","14","0","0","8.83","Crypt Worlds"
"osu!","8807","osu!","415043760","46999200","37612","192","65969","787","89","8.83","osu!"
"Go! Go! Nippon! ~My First Trip to Japan~","8808","Go! Go! Nippon! ~My First Trip to Japan~","140940","15960","178","2","80","0","0","8.83","Go! Go! Nippon! ~My First Trip to Japan~"
"Nancy Drew: The Haunting of Castle Malloy","8809","Nancy Drew: The Haunting of Castle Malloy","70980","8040","329","1","20","0","0","8.83","Nancy Drew: The Haunting of Castle Malloy"
"Prince of Persia Trilogy","8810","Prince of Persia Trilogy","56700","6420","352","2","15","0","0","8.83","Prince of Persia Trilogy"
"Replay: VHS is Not Dead","8811","Replay: VHS is Not Dead","65160","7380","179","2","30","0","0","8.83","Replay: VHS is Not Dead"
"Marvel Trading Card Game","8812","Marvel Trading Card Game","5820","660","59","1","2","0","0","8.82","Marvel Trading Card Game"
"Higurashi no Naku Koro ni Matsuri","8813","Higurashi no Naku Koro ni Matsuri","5820","660","24","1","2","0","0","8.82","Higurashi no Naku Koro ni Matsuri"
"DND","8814","DND","744000","84420","2655","3","172","1","0","8.81","DND"
"Triple Town","8815","Triple Town","8460","960","49","1","11","0","0","8.81","Triple Town"
"Metal Slug 3","8816","Metal Slug 3","1719720","195120","1354","5","1250","3","0","8.81","Metal Slug 3"
"101 Ways to Die","8817","101 Ways to Die","145440","16500","510","4","90","0","0","8.81","101 Ways to Die"
"Megadimension Neptunia VII","8818","Megadimension Neptunia VII","12196080","1384200","2540","35","2461","23","2","8.81","Megadimension Neptunia VII"
"Lords of Midnight","8819","Lords of Midnight","2640","300","22","1","2","0","0","8.8","Lords of Midnight"
"Santa's Xmas Caper","8820","Santa's Xmas Caper","2640","300","14","1","1","0","0","8.8","Santa's Xmas Caper"
"Kirby's Dream Land 2","8821","Kirby's Dream Land 2","224340","25500","142","4","81","0","0","8.8","Kirby's Dream Land 2"
"NecroVisioN","8822","NecroVisioN","102960","11700","473","2","41","0","0","8.8","NecroVisioN"
"The Fish Fillets II","8823","The Fish Fillets II","5280","600","52","1","5","0","0","8.8","The Fish Fillets II"
"Spirits","8824","Spirits","2640","300","32","1","4","0","0","8.8","Spirits"
"Phantasy Star Online","8825","Phantasy Star Online","327180","37200","2076","3","88","0","0","8.8","Phantasy Star Online"
"Glitchspace","8826","Glitchspace","94020","10680","670","2","49","0","0","8.8","Glitchspace"
"Hard Truck Apocalypse: Rise of the Clans","8827","Hard Truck Apocalypse: Rise of the Clans","23760","2700","89","1","10","0","0","8.8","Hard Truck Apocalypse: Rise of the Clans"
"Thanatos","8828","Thanatos","13200","1500","37","1","7","0","0","8.8","Thanatos"
"Ben Jordan: Paranormal Investigator Case 5 - Land of the Rising Dead","8829","Ben Jordan: Paranormal Investigator Case 5 - Land of the Rising Dead","2640","300","17","1","1","0","0","8.8","Ben Jordan: Paranormal Investigator Case 5 - Land of the Rising Dead"
"Grand Theft Auto V","8830","Grand Theft Auto V","2134246440","242877420","54948","1557","547927","4049","460","8.79","Grand Theft Auto V"
"Table Tennis","8831","Table Tennis","29520","3360","97","1","17","0","0","8.79","Table Tennis"
"O2Jam","8832","O2Jam","284400","32400","1221","4","123","0","0","8.78","O2Jam"
"Freedom Wars","8833","Freedom Wars","371340","42300","187","3","63","0","0","8.78","Freedom Wars"
"Vex","8834","Vex","41100","4680","72","3","12","0","0","8.78","Vex"
"Me and My Dinosaur","8835","Me and My Dinosaur","14220","1620","9","1","1","0","0","8.78","Me and My Dinosaur"
"Gnog","8836","Gnog","13680","1560","26","1","1","0","0","8.77","Gnog"
"Inazuma Eleven GO Chrono Stones","8837","Inazuma Eleven GO Chrono Stones","48420","5520","63","1","6","0","0","8.77","Inazuma Eleven GO Chrono Stones"
"Star Ocean: Integrity and Faithlessness","8838","Star Ocean: Integrity and Faithlessness","17398140","1983600","11596","236","4974","33","3","8.77","Star Ocean: Integrity and Faithlessness"
"Numenera","8839","Numenera","76860","8760","193","2","21","0","0","8.77","Numenera"
"Barrow Hill: Curse of the Ancient Circle","8840","Barrow Hill: Curse of the Ancient Circle","36840","4200","40","1","13","0","0","8.77","Barrow Hill: Curse of the Ancient Circle"
"Bullet Girls","8841","Bullet Girls","37860","4320","46","1","9","0","0","8.76","Bullet Girls"
"Little Nicky","8842","Little Nicky","11040","1260","71","3","5","0","0","8.76","Little Nicky"
"Super Spike V'Ball","8843","Super Spike V'Ball","33120","3780","480","1","16","0","0","8.76","Super Spike V'Ball"
"Sea Dogs","8844","Sea Dogs","318360","36360","1076","3","46","0","0","8.76","Sea Dogs"
"Istrolid","8845","Istrolid","285300","32580","3517","3","140","0","0","8.76","Istrolid"
"Uncover It","8846","Uncover It","2100","240","13","1","1","0","0","8.75","Uncover It"
"Final Soldier","8847","Final Soldier","4200","480","22","1","3","0","0","8.75","Final Soldier"
"Autumn Walk","8848","Autumn Walk","2100","240","13","1","1","0","0","8.75","Autumn Walk"
"Hanse: Die Expedition","8849","Hanse: Die Expedition","2100","240","27","1","1","0","0","8.75","Hanse: Die Expedition"
"Major\Minor","8850","Major\Minor","21000","2400","81","1","19","0","0","8.75","Major\Minor"
"Choro Q","8851","Choro Q","2100","240","15","1","2","0","0","8.75","Choro Q"
"Deluxe Ski Jump","8852","Deluxe Ski Jump","153300","17520","93","3","35","0","0","8.75","Deluxe Ski Jump"
"Muramasa: The Demon Blade","8853","Muramasa: The Demon Blade","594000","67920","546","3","138","1","0","8.75","Muramasa: The Demon Blade"
"Warriors Orochi 2","8854","Warriors Orochi 2","89760","10260","43","1","17","0","0","8.75","Warriors Orochi 2"
"Ninja Gaiden II","8855","Ninja Gaiden II","1037040","118500","953","4","144","1","0","8.75","Ninja Gaiden II"
"Cyberia 2: Resurrection","8856","Cyberia 2: Resurrection","6300","720","21","1","2","0","0","8.75","Cyberia 2: Resurrection"
"TwinBee 3: Poko Poko Daimaou","8857","TwinBee 3: Poko Poko Daimaou","2100","240","12","1","1","0","0","8.75","TwinBee 3: Poko Poko Daimaou"
"Dragon Ball Z Super Gokuden: Kakusei-Hen","8858","Dragon Ball Z Super Gokuden: Kakusei-Hen","2100","240","23","1","2","0","0","8.75","Dragon Ball Z Super Gokuden: Kakusei-Hen"
"Agatha Christie: Death on the Nile","8859","Agatha Christie: Death on the Nile","4200","480","21","1","2","0","0","8.75","Agatha Christie: Death on the Nile"
"Reaction: Block Buster","8860","Reaction: Block Buster","2100","240","22","1","2","0","0","8.75","Reaction: Block Buster"
"Joy Mecha Fight","8861","Joy Mecha Fight","2100","240","39","1","3","0","0","8.75","Joy Mecha Fight"
"Lara Croft Tomb Raider: The Prophecy","8862","Lara Croft Tomb Raider: The Prophecy","12600","1440","27","2","4","0","0","8.75","Lara Croft Tomb Raider: The Prophecy"
"Inherit the Earth: Quest for the Orb","8863","Inherit the Earth: Quest for the Orb","32520","3720","96","1","9","0","0","8.74","Inherit the Earth: Quest for the Orb"
"Food Fight","8864","Food Fight","24660","2820","118","1","21","0","0","8.74","Food Fight"
"Skate 2","8865","Skate 2","228060","26100","787","2","95","0","0","8.74","Skate 2"
"Bears Can't Drift!","8866","Bears Can't Drift!","24660","2820","104","1","40","0","0","8.74","Bears Can't Drift!"
"Off-Road Drive","8867","Off-Road Drive","12060","1380","96","1","9","0","0","8.74","Off-Road Drive"
"Touhou 14.3 - Impossible Spell Card","8868","Touhou 14.3 - Impossible Spell Card","62880","7200","262","1","23","0","0","8.73","Touhou 14.3 - Impossible Spell Card"
"Senran Kagura Burst","8869","Senran Kagura Burst","17280","1980","48","1","7","0","0","8.73","Senran Kagura Burst"
"Roll Away","8870","Roll Away","79080","9060","71","2","23","0","0","8.73","Roll Away"
"Random Heroes 2","8871","Random Heroes 2","21480","2460","50","1","9","0","0","8.73","Random Heroes 2"
"Ball 3D","8872","Ball 3D","84360","9660","99","3","43","0","0","8.73","Ball 3D"
"Tennis in the Face","8873","Tennis in the Face","73740","8460","149","2","59","0","0","8.72","Tennis in the Face"
"Pokémon Puzzle Challenge","8874","Pokémon Puzzle Challenge","406800","46680","1840","4","66","0","0","8.71","Pokémon Puzzle Challenge"
"San Francisco Rush: Extreme Racing","8875","San Francisco Rush: Extreme Racing","19860","2280","252","1","14","0","0","8.71","San Francisco Rush: Extreme Racing"
"Bio-Hazard Battle","8876","Bio-Hazard Battle","23520","2700","45","1","10","0","0","8.71","Bio-Hazard Battle"
"Fieldrunners","8877","Fieldrunners","8880","1020","31","1","8","0","0","8.71","Fieldrunners"
"Winter Sports 2011: Go for Gold","8878","Winter Sports 2011: Go for Gold","3660","420","14","1","2","0","0","8.71","Winter Sports 2011: Go for Gold"
"Scene It? Bright Lights! Big Screen!","8879","Scene It? Bright Lights! Big Screen!","3660","420","21","1","3","0","0","8.71","Scene It? Bright Lights! Big Screen!"
"Dungeon Siege II","8880","Dungeon Siege II","214560","24660","208","2","64","0","0","8.7","Dungeon Siege II"
"Trash TV","8881","Trash TV","43320","4980","113","1","25","0","0","8.7","Trash TV"
"Clonk Rage","8882","Clonk Rage","33900","3900","145","1","13","0","0","8.69","Clonk Rage"
"Vampire Legends: The Count of New Orleans","8883","Vampire Legends: The Count of New Orleans","6780","780","34","1","3","0","0","8.69","Vampire Legends: The Count of New Orleans"
"BeamNG.Drive","8884","BeamNG.Drive","1883100","216720","3021","5","1351","3","0","8.69","BeamNG.Drive"
"Ylands","8885","Ylands","17700","2040","77","2","11","0","0","8.68","Ylands"
"WipEout XL","8886","WipEout XL","19260","2220","144","1","17","0","0","8.68","WipEout XL"
"Dragon Warrior I & II","8887","Dragon Warrior I & II","634680","73140","158","4","66","1","0","8.68","Dragon Warrior I & II"
"Marathon","8888","Marathon","218100","25140","625","2","41","0","0","8.68","Marathon"
"Fire Emblem: Thracia 776","8889","Fire Emblem: Thracia 776","210720","24300","193","3","31","0","0","8.67","Fire Emblem: Thracia 776"
"Ninja Warrior","8890","Ninja Warrior","7800","900","26","1","4","0","0","8.67","Ninja Warrior"
"Wrestle Angels: Survivor 2","8891","Wrestle Angels: Survivor 2","1560","180","11","1","1","0","0","8.67","Wrestle Angels: Survivor 2"
"Gundam Battle Tactics","8892","Gundam Battle Tactics","1560","180","13","1","1","0","0","8.67","Gundam Battle Tactics"
"APB Reloaded","8893","APB Reloaded","57139380","6587460","17386","57","7763","108","12","8.67","APB Reloaded"
"Air Zonk","8894","Air Zonk","10920","1260","45","1","8","0","0","8.67","Air Zonk"
"Dracula: The Resurrection","8895","Dracula: The Resurrection","44760","5160","167","2","19","0","0","8.67","Dracula: The Resurrection"
"Story Maker","8896","Story Maker","1560","180","23","1","2","0","0","8.67","Story Maker"
"Puzzle Agent 2","8897","Puzzle Agent 2","291000","33600","145","2","112","0","0","8.66","Puzzle Agent 2"
"Fractured Space","8898","Fractured Space","10244940","1183020","4339","30","2799","19","2","8.66","Fractured Space"
"Elmo's Number Journey","8899","Elmo's Number Journey","13500","1560","75","1","10","0","0","8.65","Elmo's Number Journey"
"Elsword","8900","Elsword","22661940","2621400","1801","23","3064","43","4","8.64","Elsword"