"","","Game","Watch time","Stream time","Peak viewers","Peak channels","Streamers","Average viewers","Average channels","Average viewer ratio",""
"The King of Fighters '96","6901","The King of Fighters '96","35400","2640","264","1","11","0","0","13.41","The King of Fighters '96"
"Star Wars: Jedi Knight - Mysteries of the Sith","6902","Star Wars: Jedi Knight - Mysteries of the Sith","324960","24240","462","3","36","0","0","13.41","Star Wars: Jedi Knight - Mysteries of the Sith"
"Prehistorik 2","6903","Prehistorik 2","29760","2220","164","1","11","0","0","13.41","Prehistorik 2"
"Pocket Mirror","6904","Pocket Mirror","207660","15480","455","2","61","0","0","13.41","Pocket Mirror"
"Final Fantasy XIV: Stormblood","6905","Final Fantasy XIV: Stormblood","13680","1020","120","2","5","0","0","13.41","Final Fantasy XIV: Stormblood"
"Battletoads in Battlemaniacs","6906","Battletoads in Battlemaniacs","276540","20640","1936","2","78","0","0","13.4","Battletoads in Battlemaniacs"
"The Thing","6907","The Thing","496740","37080","308","3","79","0","0","13.4","The Thing"
"Harry Potter: Spells","6908","Harry Potter: Spells","16080","1200","75","1","7","0","0","13.4","Harry Potter: Spells"
"Naruto Shippuden: Ultimate Ninja Storm 4","6909","Naruto Shippuden: Ultimate Ninja Storm 4","104303100","7794000","34575","339","40285","197","14","13.38","Naruto Shippuden: Ultimate Ninja Storm 4"
"Card Games for Windows","6910","Card Games for Windows","10440","780","90","1","8","0","0","13.38","Card Games for Windows"
"TwitchCon 2015","6911","TwitchCon 2015","29700","2220","302","1","16","0","0","13.38","TwitchCon 2015"
"Mystery Dungeon: Shiren the Wanderer","6912","Mystery Dungeon: Shiren the Wanderer","288300","21540","2374","2","16","0","0","13.38","Mystery Dungeon: Shiren the Wanderer"
"ALF","6913","ALF","12840","960","67","3","7","0","0","13.38","ALF"
"Ninja Baseball Bat Man","6914","Ninja Baseball Bat Man","63420","4740","380","1","31","0","0","13.38","Ninja Baseball Bat Man"
"Bloody Roar 4","6915","Bloody Roar 4","29700","2220","387","1","14","0","0","13.38","Bloody Roar 4"
"RockRobin","6916","RockRobin","10440","780","22","1","1","0","0","13.38","RockRobin"
"The Hunter: Primal","6917","The Hunter: Primal","1353480","101220","2535","4","275","2","0","13.37","The Hunter: Primal"
"Elminage Original","6918","Elminage Original","8820","660","24","1","2","0","0","13.36","Elminage Original"
"Othello","6919","Othello","60120","4500","302","1","9","0","0","13.36","Othello"
"Table Soccer","6920","Table Soccer","20820","1560","106","1","5","0","0","13.35","Table Soccer"
"RPG Maker 2000","6921","RPG Maker 2000","517500","38760","260","2","94","0","0","13.35","RPG Maker 2000"
"WWE Immortals","6922","WWE Immortals","112140","8400","157","1","13","0","0","13.35","WWE Immortals"
"King's Bounty: The Legend","6923","King's Bounty: The Legend","1456740","109200","972","3","96","2","0","13.34","King's Bounty: The Legend"
"Wii Karaoke U by JOYSOUND","6924","Wii Karaoke U by JOYSOUND","412740","30960","62","2","15","0","0","13.33","Wii Karaoke U by JOYSOUND"
"Sega Rally Championship","6925","Sega Rally Championship","19200","1440","272","1","10","0","0","13.33","Sega Rally Championship"
"Gettysburg","6926","Gettysburg","2400","180","30","1","2","0","0","13.33","Gettysburg"
"Atlantic Fleet","6927","Atlantic Fleet","85500","6420","115","2","21","0","0","13.32","Atlantic Fleet"
"Blood","6928","Blood","728160","54720","1516","3","125","1","0","13.31","Blood"
"Warhammer 40,000: Dawn of War II - Retribution","6929","Warhammer 40,000: Dawn of War II - Retribution","3861060","290160","295","12","561","7","0","13.31","Warhammer 40,000: Dawn of War II - Retribution"
"Max Payne 3","6930","Max Payne 3","5300520","398520","3949","8","1530","10","0","13.3","Max Payne 3"
"Star Trek: Shattered Universe","6931","Star Trek: Shattered Universe","15960","1200","126","1","4","0","0","13.3","Star Trek: Shattered Universe"
"Labyrinth: The Computer Game","6932","Labyrinth: The Computer Game","5580","420","26","1","2","0","0","13.29","Labyrinth: The Computer Game"
"Ethan: Meteor Hunter","6933","Ethan: Meteor Hunter","87720","6600","189","3","34","0","0","13.29","Ethan: Meteor Hunter"
"Aero the Acro-Bat 2","6934","Aero the Acro-Bat 2","24720","1860","97","1","8","0","0","13.29","Aero the Acro-Bat 2"
"Ryu ga Gotoku 1&2 HD EDITION","6935","Ryu ga Gotoku 1&2 HD EDITION","124260","9360","371","2","12","0","0","13.28","Ryu ga Gotoku 1&2 HD EDITION"
"Hyperdimension Neptunia Re;Birth2: Sisters Generation","6936","Hyperdimension Neptunia Re;Birth2: Sisters Generation","2816280","212040","1843","6","299","5","0","13.28","Hyperdimension Neptunia Re;Birth2: Sisters Generation"
"Gunbound","6937","Gunbound","560880","42240","14683","3","113","1","0","13.28","Gunbound"
"Jurassic Heart","6938","Jurassic Heart","14340","1080","128","1","13","0","0","13.28","Jurassic Heart"
"SolForge","6939","SolForge","2263140","170520","3805","7","143","4","0","13.27","SolForge"
"Vectorman 2","6940","Vectorman 2","58920","4440","295","2","15","0","0","13.27","Vectorman 2"
"Dragon Ball Z: Ultimate Tenkaichi","6941","Dragon Ball Z: Ultimate Tenkaichi","29460","2220","153","2","18","0","0","13.27","Dragon Ball Z: Ultimate Tenkaichi"
"Hitman: Contracts","6942","Hitman: Contracts","670620","50580","351","2","158","1","0","13.26","Hitman: Contracts"
"Ratchet & Clank Collection","6943","Ratchet & Clank Collection","1497480","112980","302","4","206","2","0","13.25","Ratchet & Clank Collection"
"Skies of Arcadia: Legends","6944","Skies of Arcadia: Legends","1991820","150300","878","4","163","3","0","13.25","Skies of Arcadia: Legends"
"Rohan Online: Blood Feud","6945","Rohan Online: Blood Feud","274860","20760","62","5","28","0","0","13.24","Rohan Online: Blood Feud"
"The Dig","6946","The Dig","454500","34320","360","4","92","0","0","13.24","The Dig"
"Agatha Christie: And Then There Were None","6947","Agatha Christie: And Then There Were None","16680","1260","35","1","5","0","0","13.24","Agatha Christie: And Then There Were None"
"Left In The Dark: No One On Board","6948","Left In The Dark: No One On Board","46860","3540","301","1","17","0","0","13.24","Left In The Dark: No One On Board"
"Bear With Me","6949","Bear With Me","126300","9540","156","2","66","0","0","13.24","Bear With Me"
"Nekuia","6950","Nekuia","10320","780","45","1","5","0","0","13.23","Nekuia"
"slither.io","6951","slither.io","25721280","1944780","10677","59","13047","48","3","13.23","slither.io"
"Round About","6952","Round About","7140","540","22","1","4","0","0","13.22","Round About"
"Painkiller: Overdose","6953","Painkiller: Overdose","99180","7500","440","1","33","0","0","13.22","Painkiller: Overdose"
"Squad","6954","Squad","40629300","3072360","29412","98","6921","77","5","13.22","Squad"
"Jumping Flash!","6955","Jumping Flash!","76080","5760","179","4","34","0","0","13.21","Jumping Flash!"
"Dreaming Sarah","6956","Dreaming Sarah","91920","6960","272","1","39","0","0","13.21","Dreaming Sarah"
"Harry Potter and the Deathly Hallows: Part 2","6957","Harry Potter and the Deathly Hallows: Part 2","168060","12720","517","2","43","0","0","13.21","Harry Potter and the Deathly Hallows: Part 2"
"Parodius Portable","6958","Parodius Portable","11880","900","52","1","4","0","0","13.2","Parodius Portable"
"Spawn: The Eternal","6959","Spawn: The Eternal","3960","300","29","1","1","0","0","13.2","Spawn: The Eternal"
"Death Inc.","6960","Death Inc.","3960","300","19","1","1","0","0","13.2","Death Inc."
"Heavy Metal Machines","6961","Heavy Metal Machines","541380","41040","491","13","156","1","0","13.19","Heavy Metal Machines"
"Karate Master 2  Knock Down Blow","6962","Karate Master 2  Knock Down Blow","73620","5580","224","2","22","0","0","13.19","Karate Master 2  Knock Down Blow"
"Need for Speed Underground","6963","Need for Speed Underground","1818180","137880","1340","4","508","3","0","13.19","Need for Speed Underground"
"Pro Evolution Soccer 2013","6964","Pro Evolution Soccer 2013","389040","29520","585","2","122","0","0","13.18","Pro Evolution Soccer 2013"
"Blade of Darkness","6965","Blade of Darkness","407220","30900","313","3","74","0","0","13.18","Blade of Darkness"
"Sonic CD","6966","Sonic CD","2316720","175800","2639","7","815","4","0","13.18","Sonic CD"
"Puppeteer","6967","Puppeteer","215100","16320","193","2","39","0","0","13.18","Puppeteer"
"Berserk: Millennium Falcon Hen Seima Senki no Shou","6968","Berserk: Millennium Falcon Hen Seima Senki no Shou","301020","22860","303","3","72","0","0","13.17","Berserk: Millennium Falcon Hen Seima Senki no Shou"
"Metroid II: Return of Samus","6969","Metroid II: Return of Samus","7669320","582480","3926","53","1469","14","1","13.17","Metroid II: Return of Samus"
"Giana Sisters: Twisted Dreams","6970","Giana Sisters: Twisted Dreams","506640","38460","252","3","133","0","0","13.17","Giana Sisters: Twisted Dreams"
"John Adventure","6971","John Adventure","9480","720","36","1","3","0","0","13.17","John Adventure"
"Spyro Orange: The Cortex Conspiracy","6972","Spyro Orange: The Cortex Conspiracy","4740","360","69","1","2","0","0","13.17","Spyro Orange: The Cortex Conspiracy"
"Xuanyuan Jian 3 Waizhuan: Tian zhi Hen","6973","Xuanyuan Jian 3 Waizhuan: Tian zhi Hen","29220","2220","46","1","7","0","0","13.16","Xuanyuan Jian 3 Waizhuan: Tian zhi Hen"
"The Witcher 2: Assassins of Kings","6974","The Witcher 2: Assassins of Kings","13283820","1009260","7351","13","2880","25","1","13.16","The Witcher 2: Assassins of Kings"
"RPG Maker 3","6975","RPG Maker 3","19740","1500","167","1","8","0","0","13.16","RPG Maker 3"
"Monsters Ate My Birthday Cake","6976","Monsters Ate My Birthday Cake","25260","1920","51","1","11","0","0","13.16","Monsters Ate My Birthday Cake"
"Top Gear 2","6977","Top Gear 2","89220","6780","1018","2","31","0","0","13.16","Top Gear 2"
"Puss in Boots","6978","Puss in Boots","16560","1260","56","1","2","0","0","13.14","Puss in Boots"
"WRC","6979","WRC","17340","1320","93","1","9","0","0","13.14","WRC"
"The Incredible Machine 3","6980","The Incredible Machine 3","6300","480","24","1","2","0","0","13.13","The Incredible Machine 3"
"Final Fight 3","6981","Final Fight 3","111060","8460","1145","2","55","0","0","13.13","Final Fight 3"
"Pokémon Trading Card Game Online","6982","Pokémon Trading Card Game Online","48357840","3683040","3896","28","5986","91","6","13.13","Pokémon Trading Card Game Online"
"Chaos on Deponia","6983","Chaos on Deponia","1029780","78420","511","4","169","1","0","13.13","Chaos on Deponia"
"All Kamen Rider: Rider Revolution","6984","All Kamen Rider: Rider Revolution","12600","960","21","1","1","0","0","13.13","All Kamen Rider: Rider Revolution"
"Technobabylon","6985","Technobabylon","461880","35220","338","3","73","0","0","13.11","Technobabylon"
"Haunted Castle","6986","Haunted Castle","63720","4860","222","1","15","0","0","13.11","Haunted Castle"
"The Last Express","6987","The Last Express","28320","2160","62","1","10","0","0","13.11","The Last Express"
"Star Soldier","6988","Star Soldier","7860","600","37","1","4","0","0","13.1","Star Soldier"
"Super Win the Game","6989","Super Win the Game","158760","12120","241","2","46","0","0","13.1","Super Win the Game"
"Bomberman Generation","6990","Bomberman Generation","257100","19620","1127","2","46","0","0","13.1","Bomberman Generation"
"Beyond Shadowgate","6991","Beyond Shadowgate","8640","660","50","1","1","0","0","13.09","Beyond Shadowgate"
"Jurassic Park: Operation Genesis","6992","Jurassic Park: Operation Genesis","186720","14280","1098","2","64","0","0","13.08","Jurassic Park: Operation Genesis"
"Mortal Kombat Mythologies: Sub-Zero","6993","Mortal Kombat Mythologies: Sub-Zero","147540","11280","269","2","33","0","0","13.08","Mortal Kombat Mythologies: Sub-Zero"
"Super Mario Bros. 3: Super Mario Advance 4","6994","Super Mario Bros. 3: Super Mario Advance 4","294180","22500","971","2","86","0","0","13.07","Super Mario Bros. 3: Super Mario Advance 4"
"Raw Danger","6995","Raw Danger","290880","22260","222","2","37","0","0","13.07","Raw Danger"
"Duke Nukem","6996","Duke Nukem","128640","9840","693","1","50","0","0","13.07","Duke Nukem"
"Kolibri","6997","Kolibri","10980","840","43","1","3","0","0","13.07","Kolibri"
"Cooking Mama 5: Bon Appétit!","6998","Cooking Mama 5: Bon Appétit!","101160","7740","178","2","10","0","0","13.07","Cooking Mama 5: Bon Appétit!"
"Bomberman Hero","6999","Bomberman Hero","409080","31320","562","3","97","0","0","13.06","Bomberman Hero"
"NBA 2K16","7000","NBA 2K16","1595571360","122174880","33636","792","203557","3027","231","13.06","NBA 2K16"