"","","Game","Watch time","Stream time","Peak viewers","Peak channels","Streamers","Average viewers","Average channels","Average viewer ratio",""
"Kirby: Squeak Squad","601","Kirby: Squeak Squad","18222840","17400","156564","16","78","34","0","1047.29","Kirby: Squeak Squad"
"GeoGuessr","602","GeoGuessr","18085380","208980","18607","5","703","34","0","86.54","GeoGuessr"
"Silent Hill","603","Silent Hill","17959140","422520","12977","11","1068","34","0","42.5","Silent Hill"
"Reign Of Kings","604","Reign Of Kings","17881860","695700","28846","14","1903","33","1","25.7","Reign Of Kings"
"Revelation Online","605","Revelation Online","17870760","1135680","3179","93","2096","33","2","15.74","Revelation Online"
"Mega Man","606","Mega Man","17830380","416700","6916","8","928","33","0","42.79","Mega Man"
"Emily Wants to Play","607","Emily Wants to Play","17798760","617400","25153","25","5878","33","1","28.83","Emily Wants to Play"
"Final Fantasy V","608","Final Fantasy V","17796300","944760","5743","70","1050","33","1","18.84","Final Fantasy V"
"Catherine","609","Catherine","17793900","283560","114599","8","562","33","0","62.75","Catherine"
"Assassin's Creed Syndicate","610","Assassin's Creed Syndicate","17741040","4201020","5068","37","23125","33","7","4.22","Assassin's Creed Syndicate"
"Illusion of Gaia","611","Illusion of Gaia","17654820","132420","93073","8","248","33","0","133.32","Illusion of Gaia"
"Just Dance 2017","612","Just Dance 2017","17595180","123780","20849","9","497","33","0","142.15","Just Dance 2017"
"Chivalry: Medieval Warfare","613","Chivalry: Medieval Warfare","17543700","2041080","9717","33","11430","33","3","8.6","Chivalry: Medieval Warfare"
"K-Shoot Mania","614","K-Shoot Mania","17514060","368880","2764","9","587","33","0","47.48","K-Shoot Mania"
"Metal Gear Solid: Peace Walker","615","Metal Gear Solid: Peace Walker","17499360","155340","1890","5","213","33","0","112.65","Metal Gear Solid: Peace Walker"
"Oxenfree","616","Oxenfree","17475780","562260","33124","22","2560","33","1","31.08","Oxenfree"
"Fran Bow","617","Fran Bow","17434500","416340","19170","19","1289","33","0","41.88","Fran Bow"
"Star Ocean: Integrity and Faithlessness","618","Star Ocean: Integrity and Faithlessness","17398140","1983600","11596","236","4974","33","3","8.77","Star Ocean: Integrity and Faithlessness"
"Pro Evolution Soccer 2017","619","Pro Evolution Soccer 2017","17345880","1908060","13572","78","3801","32","3","9.09","Pro Evolution Soccer 2017"
"Heroes of Might and Magic III: In the wake of gods","620","Heroes of Might and Magic III: In the wake of gods","17310180","43080","10623","3","134","32","0","401.81","Heroes of Might and Magic III: In the wake of gods"
"Depth","621","Depth","17241900","715140","19780","26","3133","32","1","24.11","Depth"
"Lords of the Fallen","622","Lords of the Fallen","17173740","3725400","3556","131","19154","32","7","4.61","Lords of the Fallen"
"Senran Kagura: Estival Versus","623","Senran Kagura: Estival Versus","17147580","409200","19049","24","3356","32","0","41.91","Senran Kagura: Estival Versus"
"Warhammer 40,000: Eternal Crusade","624","Warhammer 40,000: Eternal Crusade","17052420","971160","24742","31","1168","32","1","17.56","Warhammer 40,000: Eternal Crusade"
"Robocraft","625","Robocraft","17031120","2415720","11039","27","4923","32","4","7.05","Robocraft"
"Super Mario Bros.: The Lost Levels","626","Super Mario Bros.: The Lost Levels","16971120","190560","8057","6","295","32","0","89.06","Super Mario Bros.: The Lost Levels"
"Monster Hunter X","627","Monster Hunter X","16968360","564360","8122","15","247","32","1","30.07","Monster Hunter X"
"Warcraft III: Reign of Chaos","628","Warcraft III: Reign of Chaos","16926720","387060","8756","9","1378","32","0","43.73","Warcraft III: Reign of Chaos"
"Shoppe Keep","629","Shoppe Keep","16900080","132540","16929","11","474","32","0","127.51","Shoppe Keep"
"Kirby: Nightmare in Dream Land","630","Kirby: Nightmare in Dream Land","16894620","105600","97477","6","296","32","0","159.99","Kirby: Nightmare in Dream Land"
"Pikmin","631","Pikmin","16846860","147060","104767","8","419","31","0","114.56","Pikmin"
"Kingdom: New Lands","632","Kingdom: New Lands","16830060","372720","34957","34","1354","31","0","45.15","Kingdom: New Lands"
"Uncharted 2: Among Thieves","633","Uncharted 2: Among Thieves","16812720","275100","26462","8","688","31","0","61.11","Uncharted 2: Among Thieves"
"The Sims 3","634","The Sims 3","16801740","1086060","4884","13","3640","31","2","15.47","The Sims 3"
"Persona 4 Golden","635","Persona 4 Golden","16761900","558120","2412","8","548","31","1","30.03","Persona 4 Golden"
"The Turing Test","636","The Turing Test","16757520","227520","38979","34","913","31","0","73.65","The Turing Test"
"Pictionary","637","Pictionary","16711560","109800","10389","6","535","31","0","152.2","Pictionary"
"Hello Neighbor","638","Hello Neighbor","16705620","144660","25115","13","1081","31","0","115.48","Hello Neighbor"
"Stranded Deep","639","Stranded Deep","16704300","469140","22104","8","2269","31","0","35.61","Stranded Deep"
"Forza Horizon 2","640","Forza Horizon 2","16699200","4779360","3884","41","16028","31","9","3.49","Forza Horizon 2"
"Nioh","641","Nioh","16616520","124080","14762","28","6959","31","0","133.92","Nioh"
"Hitman: Blood Money","642","Hitman: Blood Money","16575240","287820","29529","8","1154","31","0","57.59","Hitman: Blood Money"
"Gears of War 3","643","Gears of War 3","16575120","2472420","8637","35","8096","31","4","6.7","Gears of War 3"
"Spyro: Year of the Dragon","644","Spyro: Year of the Dragon","16519500","447600","150031","13","608","31","0","36.91","Spyro: Year of the Dragon"
"Digimon Story: Cyber Sleuth","645","Digimon Story: Cyber Sleuth","16509840","996540","7516","53","8120","31","1","16.57","Digimon Story: Cyber Sleuth"
"Age of Empires III: The Asian Dynasties","646","Age of Empires III: The Asian Dynasties","16395180","1179360","1204","12","1194","31","2","13.9","Age of Empires III: The Asian Dynasties"
"Metro 2033","647","Metro 2033","16368780","1111260","25231","22","5999","31","2","14.73","Metro 2033"
"Resident Evil Zero HD","648","Resident Evil Zero HD","16355640","545220","10626","46","1600","31","1","30","Resident Evil Zero HD"
"Mighty No. 9","649","Mighty No. 9","16215900","894180","7966","228","3565","30","1","18.13","Mighty No. 9"
"Halo 2","650","Halo 2","16192740","390000","3324","8","622","30","0","41.52","Halo 2"
"Revelation","651","Revelation","16185660","1022580","6687","251","1755","30","1","15.83","Revelation"
"Savage Resurrection","652","Savage Resurrection","16146660","137760","37126","15","518","30","0","117.21","Savage Resurrection"
"Age of Empires","653","Age of Empires","16140780","158160","107455","18","165","30","0","102.05","Age of Empires"
"Streamline","654","Streamline","16099800","433740","20679","43","1915","30","0","37.12","Streamline"
"Forced Showdown","655","Forced Showdown","16096560","373080","19257","25","776","30","0","43.15","Forced Showdown"
"Outlast 2","656","Outlast 2","16014900","358560","28791","65","12122","30","0","44.66","Outlast 2"
"Devil Daggers","657","Devil Daggers","15959220","383040","32223","19","1813","30","0","41.66","Devil Daggers"
"Metroid: Zero Mission","658","Metroid: Zero Mission","15945300","347400","139684","10","811","30","0","45.9","Metroid: Zero Mission"
"Middle-earth: Shadow of Mordor","659","Middle-earth: Shadow of Mordor","15892380","3823440","8129","34","18093","30","7","4.16","Middle-earth: Shadow of Mordor"
"Fire Emblem: Path of Radiance","660","Fire Emblem: Path of Radiance","15863340","250560","122456","10","454","30","0","63.31","Fire Emblem: Path of Radiance"
"RNC 2016","661","RNC 2016","15858180","1680","29021","1","2","30","0","9439.39","RNC 2016"
"Dead or Alive 5 Last Round","662","Dead or Alive 5 Last Round","15839760","2356800","7616","22","8453","30","4","6.72","Dead or Alive 5 Last Round"
"Pokémon Emerald","663","Pokémon Emerald","15754020","1162560","2981","16","3851","29","2","13.55","Pokémon Emerald"
"Mario Party 2","664","Mario Party 2","15717000","275100","14959","7","837","29","0","57.13","Mario Party 2"
"DCS World","665","DCS World","15713400","1229940","2905","14","1354","29","2","12.78","DCS World"
"Ghost of a Tale","666","Ghost of a Tale","15677160","67680","32035","8","336","29","0","231.64","Ghost of a Tale"
"Borderlands","667","Borderlands","15658260","1689900","6185","31","5006","29","3","9.27","Borderlands"
"Battlefield: Bad Company 2","668","Battlefield: Bad Company 2","15599700","620880","28731","12","2678","29","1","25.13","Battlefield: Bad Company 2"
"Project Highrise","669","Project Highrise","15520020","121260","28568","21","499","29","0","127.99","Project Highrise"
"Araya","670","Araya","15503520","81900","28289","12","470","29","0","189.3","Araya"
"RollerCoaster Tycoon World","671","RollerCoaster Tycoon World","15296340","381060","10836","113","1199","29","0","40.14","RollerCoaster Tycoon World"
"TMNT","672","TMNT","15292500","91620","132708","17","348","29","0","166.91","TMNT"
"Empyrion: Galactic Survival","673","Empyrion: Galactic Survival","15270000","1429980","4884","22","2022","28","2","10.68","Empyrion: Galactic Survival"
"Hatsune Miku: Project DIVA F 2nd","674","Hatsune Miku: Project DIVA F 2nd","15267420","374400","2749","7","356","28","0","40.78","Hatsune Miku: Project DIVA F 2nd"
"Papers, Please","675","Papers, Please","15265620","539040","8481","10","3530","28","1","28.32","Papers, Please"
"The Legend of Zelda: The Minish Cap","676","The Legend of Zelda: The Minish Cap","15240360","517260","5896","10","922","28","0","29.46","The Legend of Zelda: The Minish Cap"
"Battletoads","677","Battletoads","15195000","191460","166745","22","516","28","0","79.36","Battletoads"
"Pillars of Eternity","678","Pillars of Eternity","15186300","810180","5651","10","1796","28","1","18.74","Pillars of Eternity"
"The Underground Man","679","The Underground Man","15182880","98700","15741","25","375","28","0","153.83","The Underground Man"
"Syndrome","680","Syndrome","15172800","62940","40094","13","285","28","0","241.07","Syndrome"
"Star Trek Online","681","Star Trek Online","15168360","3060660","8787","103","6835","28","5","4.96","Star Trek Online"
"Through the Woods","682","Through the Woods","15156540","124020","35636","47","681","28","0","122.21","Through the Woods"
"QuackShot starring Donald Duck","683","QuackShot starring Donald Duck","15139680","30900","127046","7","64","28","0","489.96","QuackShot starring Donald Duck"
"Assassin's Creed IV: Black Flag","684","Assassin's Creed IV: Black Flag","15124320","4573380","1619","29","15176","28","8","3.31","Assassin's Creed IV: Black Flag"
"Gigantic","685","Gigantic","15036600","1612980","10798","54","4537","28","3","9.32","Gigantic"
"Tales of Symphonia","686","Tales of Symphonia","14991300","756720","5617","52","1535","28","1","19.81","Tales of Symphonia"
"Titanfall","687","Titanfall","14988360","4247340","29807","44","19251","28","8","3.53","Titanfall"
"The Witcher","688","The Witcher","14966340","1356960","4765","19","3402","28","2","11.03","The Witcher"
"Hatsune Miku: Project Diva Future Tone","689","Hatsune Miku: Project Diva Future Tone","14924940","696780","5967","32","1633","28","1","21.42","Hatsune Miku: Project Diva Future Tone"
"Project CARS","690","Project CARS","14888100","4623180","9146","52","12237","28","8","3.22","Project CARS"
"XCOM: Enemy Unknown","691","XCOM: Enemy Unknown","14879160","1019160","35632","27","3381","28","1","14.6","XCOM: Enemy Unknown"
"Cossacks 3","692","Cossacks 3","14821320","385620","15937","43","1019","28","0","38.44","Cossacks 3"
"Gothic II: Night of the Raven","693","Gothic II: Night of the Raven","14817120","566280","4690","10","478","28","1","26.17","Gothic II: Night of the Raven"
"Pokémon Black/White Version 2","694","Pokémon Black/White Version 2","14792880","482880","4203","9","1229","28","0","30.63","Pokémon Black/White Version 2"
"RollerCoaster Tycoon 2","695","RollerCoaster Tycoon 2","14779500","360000","21679","7","1355","28","0","41.05","RollerCoaster Tycoon 2"
"Plague Inc: Evolved","696","Plague Inc: Evolved","14765940","494040","24565","10","3083","28","0","29.89","Plague Inc: Evolved"
"Mike Tyson's Punch-Out!!","697","Mike Tyson's Punch-Out!!","14689380","240780","168929","30","499","27","0","61.01","Mike Tyson's Punch-Out!!"
"Warhammer: End Times – Vermintide","698","Warhammer: End Times – Vermintide","14675940","1253160","10203","37","4529","27","2","11.71","Warhammer: End Times – Vermintide"
"Cry Of Fear","699","Cry Of Fear","14600400","578160","9623","12","3673","27","1","25.25","Cry Of Fear"
"Bloons TD 5","700","Bloons TD 5","14586540","318180","4162","7","1368","27","0","45.84","Bloons TD 5"