"","","Game","Watch time","Stream time","Peak viewers","Peak channels","Streamers","Average viewers","Average channels","Average viewer ratio",""
"Big Nose the Caveman","5101","Big Nose the Caveman","42240","1980","122","3","8","0","0","21.33","Big Nose the Caveman"
"Cricket Revolution","5102","Cricket Revolution","7680","360","71","1","2","0","0","21.33","Cricket Revolution"
"Please Stay Calm","5103","Please Stay Calm","3840","180","27","1","1","0","0","21.33","Please Stay Calm"
"Story of Seasons","5104","Story of Seasons","666420","31260","363","3","30","1","0","21.32","Story of Seasons"
"Unreal Mission Pack 1: Return to Na Pali","5105","Unreal Mission Pack 1: Return to Na Pali","241740","11340","676","2","19","0","0","21.32","Unreal Mission Pack 1: Return to Na Pali"
"Werewolves Within","5106","Werewolves Within","1048560","49200","1345","9","159","1","0","21.31","Werewolves Within"
"EarthBound","5107","EarthBound","26242800","1231860","5584","18","1634","49","2","21.3","EarthBound"
"DragonSoul","5108","DragonSoul","661200","31080","99","3","38","1","0","21.27","DragonSoul"
"Disney Magical World","5109","Disney Magical World","44640","2100","72","1","8","0","0","21.26","Disney Magical World"
"Alien Trilogy","5110","Alien Trilogy","93120","4380","208","1","26","0","0","21.26","Alien Trilogy"
"Witch & Hero 2","5111","Witch & Hero 2","5100","240","33","1","1","0","0","21.25","Witch & Hero 2"
"The Adventures of Jimmy Neutron: Boy Genius - Attack of the Twonkies","5112","The Adventures of Jimmy Neutron: Boy Genius - Attack of the Twonkies","151740","7140","91","2","9","0","0","21.25","The Adventures of Jimmy Neutron: Boy Genius - Attack of the Twonkies"
"Revelations: Persona","5113","Revelations: Persona","849660","40020","5149","2","70","1","0","21.23","Revelations: Persona"
"One Piece Unlimited Cruise: Episode 2","5114","One Piece Unlimited Cruise: Episode 2","49680","2340","185","2","15","0","0","21.23","One Piece Unlimited Cruise: Episode 2"
"Felix the Cat","5115","Felix the Cat","271200","12780","776","2","78","0","0","21.22","Felix the Cat"
"Moon Hunters","5116","Moon Hunters","2314560","109140","3397","7","584","4","0","21.21","Moon Hunters"
"Tiny Troopers: Joint Ops","5117","Tiny Troopers: Joint Ops","881940","41580","1542","7","288","1","0","21.21","Tiny Troopers: Joint Ops"
"The Amazing Spider-Man 2","5118","The Amazing Spider-Man 2","3195060","150660","2473","7","1480","6","0","21.21","The Amazing Spider-Man 2"
"Resistance 2","5119","Resistance 2","1278420","60300","928","3","56","2","0","21.2","Resistance 2"
"Onimusha: Warlords","5120","Onimusha: Warlords","1379280","65100","866","3","180","2","0","21.19","Onimusha: Warlords"
"Quadradius","5121","Quadradius","7620","360","124","1","3","0","0","21.17","Quadradius"
"Metroid Prime Pinball","5122","Metroid Prime Pinball","50760","2400","183","1","13","0","0","21.15","Metroid Prime Pinball"
"Yu-Gi-Oh! GX: Spirit Caller","5123","Yu-Gi-Oh! GX: Spirit Caller","121740","5760","95","1","11","0","0","21.14","Yu-Gi-Oh! GX: Spirit Caller"
"Unravel","5124","Unravel","43059360","2037060","33485","202","11572","81","3","21.14","Unravel"
"Exalted","5125","Exalted","106560","5040","107","1","3","0","0","21.14","Exalted"
"Interstellar Rift","5126","Interstellar Rift","53280","2520","205","2","16","0","0","21.14","Interstellar Rift"
"Full House","5127","Full House","10140","480","33","1","2","0","0","21.13","Full House"
"Sengoku Blade: Sengoku Ace Episode II","5128","Sengoku Blade: Sengoku Ace Episode II","40560","1920","40","1","3","0","0","21.13","Sengoku Blade: Sengoku Ace Episode II"
"Christmas Shopping Simulator","5129","Christmas Shopping Simulator","134340","6360","268","4","37","0","0","21.12","Christmas Shopping Simulator"
"Teenagent","5130","Teenagent","32940","1560","108","1","7","0","0","21.12","Teenagent"
"ArcheAge","5131","ArcheAge","109546560","5190540","13617","141","5846","207","9","21.11","ArcheAge"
"Fisher-Price: I Can Remember","5132","Fisher-Price: I Can Remember","11400","540","85","1","5","0","0","21.11","Fisher-Price: I Can Remember"
"Project Genom","5133","Project Genom","1623300","76920","32881","12","256","3","0","21.1","Project Genom"
"Super Meat Boy","5134","Super Meat Boy","28402020","1345860","128589","35","9900","53","2","21.1","Super Meat Boy"
"Monster Hunter 4 Ultimate","5135","Monster Hunter 4 Ultimate","20485560","970920","1851","15","505","38","1","21.1","Monster Hunter 4 Ultimate"
"Spear of Destiny","5136","Spear of Destiny","68340","3240","149","1","17","0","0","21.09","Spear of Destiny"
"WWF War Zone","5137","WWF War Zone","31620","1500","218","1","9","0","0","21.08","WWF War Zone"
"Law & Order Legacies","5138","Law & Order Legacies","107520","5100","260","2","14","0","0","21.08","Law & Order Legacies"
"Breaking Point","5139","Breaking Point","18841140","894120","17018","13","1025","35","1","21.07","Breaking Point"
"Albion Online","5140","Albion Online","40675800","1930740","25125","72","2488","77","3","21.07","Albion Online"
"Last Action Hero","5141","Last Action Hero","58140","2760","220","1","9","0","0","21.07","Last Action Hero"
"The Rake","5142","The Rake","93480","4440","445","1","31","0","0","21.05","The Rake"
"Mega Man Powered Up","5143","Mega Man Powered Up","231120","10980","858","2","52","0","0","21.05","Mega Man Powered Up"
"Growlanser","5144","Growlanser","60600","2880","49","1","1","0","0","21.04","Growlanser"
"Strife","5145","Strife","5192340","247020","108569","6","688","9","0","21.02","Strife"
"StepMania","5146","StepMania","30305940","1441440","210108","30","2993","57","2","21.02","StepMania"
"SteamWorld Heist","5147","SteamWorld Heist","1912800","91020","4678","8","276","3","0","21.02","SteamWorld Heist"
"Mario & Sonic at the Rio 2016 Olympic Games","5148","Mario & Sonic at the Rio 2016 Olympic Games","665820","31680","1272","4","95","1","0","21.02","Mario & Sonic at the Rio 2016 Olympic Games"
"Pokémon HeartGold/SoulSilver","5149","Pokémon HeartGold/SoulSilver","26655240","1268460","5027","18","3204","50","2","21.01","Pokémon HeartGold/SoulSilver"
"Below","5150","Below","11340","540","156","1","2","0","0","21","Below"
"Love Hina: Ai wa Kotoba no Chuu ni","5151","Love Hina: Ai wa Kotoba no Chuu ni","1260","60","25","1","1","0","0","21","Love Hina: Ai wa Kotoba no Chuu ni"
"Densha de Go! Pocket","5152","Densha de Go! Pocket","17640","840","57","1","2","0","0","21","Densha de Go! Pocket"
"Supersonic","5153","Supersonic","5040","240","32","1","1","0","0","21","Supersonic"
"Kurt Warner's Arena League Unleashed","5154","Kurt Warner's Arena League Unleashed","2520","120","41","1","2","0","0","21","Kurt Warner's Arena League Unleashed"
"Sniper: Ghost Warrior 3","5155","Sniper: Ghost Warrior 3","7560","360","133","1","3","0","0","21","Sniper: Ghost Warrior 3"
"Psychic Detective Vol. 1: Invitation","5156","Psychic Detective Vol. 1: Invitation","1260","60","21","1","1","0","0","21","Psychic Detective Vol. 1: Invitation"
"Cabela's Dangerous Hunts 2009","5157","Cabela's Dangerous Hunts 2009","1260","60","23","1","1","0","0","21","Cabela's Dangerous Hunts 2009"
"True Crime: Streets of LA","5158","True Crime: Streets of LA","204000","9720","646","2","38","0","0","20.99","True Crime: Streets of LA"
"Saints Row","5159","Saints Row","787800","37560","906","2","86","1","0","20.97","Saints Row"
"Smite","5160","Smite","1924637340","91828140","70542","467","131246","3652","174","20.96","Smite"
"Donkey Kong Country 3: Dixie Kong's Double Trouble!","5161","Donkey Kong Country 3: Dixie Kong's Double Trouble!","7749240","369780","10018","11","608","14","0","20.96","Donkey Kong Country 3: Dixie Kong's Double Trouble!"
"Knee Deep","5162","Knee Deep","175980","8400","377","2","37","0","0","20.95","Knee Deep"
"Life is Feudal","5163","Life is Feudal","20100","960","419","2","7","0","0","20.94","Life is Feudal"
"White Night","5164","White Night","2262000","108000","9908","5","459","4","0","20.94","White Night"
"Kyuuyaku Megami Tensei","5165","Kyuuyaku Megami Tensei","169500","8100","101","2","20","0","0","20.93","Kyuuyaku Megami Tensei"
"Spanky's Quest","5166","Spanky's Quest","108000","5160","1324","2","15","0","0","20.93","Spanky's Quest"
"Crusader Kings II","5167","Crusader Kings II","20819160","995400","2827","13","1729","39","1","20.92","Crusader Kings II"
"Dungeon Magic","5168","Dungeon Magic","43920","2100","506","1","6","0","0","20.91","Dungeon Magic"
"Football Manager 2010","5169","Football Manager 2010","13800","660","62","1","5","0","0","20.91","Football Manager 2010"
"Yesterday Origins","5170","Yesterday Origins","505620","24180","291","5","70","0","0","20.91","Yesterday Origins"
"Blackwell Epiphany","5171","Blackwell Epiphany","203100","9720","189","1","20","0","0","20.9","Blackwell Epiphany"
"The Oregon Trail","5172","The Oregon Trail","347280","16620","1376","2","89","0","0","20.9","The Oregon Trail"
"Ganbare Goemon: Ooedo Daikaiten","5173","Ganbare Goemon: Ooedo Daikaiten","11280","540","43","1","3","0","0","20.89","Ganbare Goemon: Ooedo Daikaiten"
"Mean City","5174","Mean City","10020","480","40","1","3","0","0","20.88","Mean City"
"Giana Sisters DS","5175","Giana Sisters DS","20040","960","53","1","4","0","0","20.88","Giana Sisters DS"
"Sonic Heroes","5176","Sonic Heroes","3805500","182220","5879","9","446","7","0","20.88","Sonic Heroes"
"Realms of Arkania Vol. 2: Star Trail","5177","Realms of Arkania Vol. 2: Star Trail","10020","480","164","1","2","0","0","20.88","Realms of Arkania Vol. 2: Star Trail"
"Battlefield 1942","5178","Battlefield 1942","2379960","114060","21083","4","202","4","0","20.87","Battlefield 1942"
"City Connection","5179","City Connection","18780","900","169","1","6","0","0","20.87","City Connection"
"Elevator Action Returns","5180","Elevator Action Returns","48840","2340","729","1","12","0","0","20.87","Elevator Action Returns"
"The Old City: Leviathan","5181","The Old City: Leviathan","197580","9480","1121","2","49","0","0","20.84","The Old City: Leviathan"
"Paperboy 2","5182","Paperboy 2","96300","4620","125","1","32","0","0","20.84","Paperboy 2"
"The Hat Man: Shadow Ward","5183","The Hat Man: Shadow Ward","1261740","60540","17680","4","541","2","0","20.84","The Hat Man: Shadow Ward"
"Typing Karaoke","5184","Typing Karaoke","97500","4680","795","2","8","0","0","20.83","Typing Karaoke"
"Circus Charlie","5185","Circus Charlie","189660","9120","485","2","22","0","0","20.8","Circus Charlie"
"Doom II: Hell on Earth","5186","Doom II: Hell on Earth","12601200","605760","8845","10","1974","23","1","20.8","Doom II: Hell on Earth"
"The Suffering","5187","The Suffering","746340","35880","3143","2","108","1","0","20.8","The Suffering"
"Patapon 3","5188","Patapon 3","491760","23640","486","2","66","0","0","20.8","Patapon 3"
"Tails Adventure","5189","Tails Adventure","91020","4380","252","1","17","0","0","20.78","Tails Adventure"
"GTA Online","5190","GTA Online","12997740","626100","12079","12","2072","24","1","20.76","GTA Online"
"Contra Force","5191","Contra Force","231600","11160","629","2","39","0","0","20.75","Contra Force"
"Double Dragon II: The Revenge","5192","Double Dragon II: The Revenge","518820","25020","4606","2","104","0","0","20.74","Double Dragon II: The Revenge"
"Captain America: Super Soldier","5193","Captain America: Super Soldier","57240","2760","374","2","9","0","0","20.74","Captain America: Super Soldier"
"Firefighters 2014: The Simulation Game","5194","Firefighters 2014: The Simulation Game","90840","4380","941","1","27","0","0","20.74","Firefighters 2014: The Simulation Game"
"Raiden Fighters","5195","Raiden Fighters","37320","1800","42","1","4","0","0","20.73","Raiden Fighters"
"Wizards & Warriors Chapter X: The Fortress of Fear","5196","Wizards & Warriors Chapter X: The Fortress of Fear","18660","900","260","1","5","0","0","20.73","Wizards & Warriors Chapter X: The Fortress of Fear"
"E. V. O.: Search for Eden","5197","E. V. O.: Search for Eden","237600","11460","186","2","39","0","0","20.73","E. V. O.: Search for Eden"
"Utawarerumono: Futari no Hakuoro","5198","Utawarerumono: Futari no Hakuoro","1418460","68460","358","5","27","2","0","20.72","Utawarerumono: Futari no Hakuoro"
"Glover 2","5199","Glover 2","8700","420","50","1","3","0","0","20.71","Glover 2"
"Urban Rivals","5200","Urban Rivals","231120","11160","1533","2","56","0","0","20.71","Urban Rivals"