"","","Game","Watch time","Stream time","Peak viewers","Peak channels","Streamers","Average viewers","Average channels","Average viewer ratio",""
"Mstar Online","7701","Mstar Online","228240","20700","1487","2","92","0","0","11.03","Mstar Online"
"Super Robot Wars OG: Original Generations","7702","Super Robot Wars OG: Original Generations","694200","62940","1991","2","52","1","0","11.03","Super Robot Wars OG: Original Generations"
"Hydorah","7703","Hydorah","23820","2160","111","1","11","0","0","11.03","Hydorah"
"Toki","7704","Toki","29760","2700","114","1","19","0","0","11.02","Toki"
"The Tomb Raider Trilogy","7705","The Tomb Raider Trilogy","29100","2640","41","1","4","0","0","11.02","The Tomb Raider Trilogy"
"E.T. The Extra-Terrestrial","7706","E.T. The Extra-Terrestrial","34380","3120","445","1","22","0","0","11.02","E.T. The Extra-Terrestrial"
"Emily is Away","7707","Emily is Away","75360","6840","177","2","284","0","0","11.02","Emily is Away"
"Freestyle Street Basketball 2","7708","Freestyle Street Basketball 2","11793720","1071360","22429","11","1098","22","2","11.01","Freestyle Street Basketball 2"
"Kingdom Hearts: Birth by Sleep","7709","Kingdom Hearts: Birth by Sleep","3449520","313380","2327","7","542","6","0","11.01","Kingdom Hearts: Birth by Sleep"
"Lili: Child of Geos","7710","Lili: Child of Geos","79260","7200","347","1","38","0","0","11.01","Lili: Child of Geos"
"Singstar R&B","7711","Singstar R&B","32340","2940","164","2","10","0","0","11","Singstar R&B"
"Football Manager 2011","7712","Football Manager 2011","3960","360","36","1","3","0","0","11","Football Manager 2011"
"Jackpot Stadium","7713","Jackpot Stadium","11220","1020","61","1","6","0","0","11","Jackpot Stadium"
"Steel Beasts Pro (Personal Edition)","7714","Steel Beasts Pro (Personal Edition)","33000","3000","405","1","14","0","0","11","Steel Beasts Pro (Personal Edition)"
"Harvest Moon 3 GBC","7715","Harvest Moon 3 GBC","660","60","12","1","2","0","0","11","Harvest Moon 3 GBC"
"Formula One 2000","7716","Formula One 2000","1320","120","15","1","1","0","0","11","Formula One 2000"
"Stormrise","7717","Stormrise","1980","180","27","1","2","0","0","11","Stormrise"
"Lawnmower Challenge","7718","Lawnmower Challenge","1980","180","17","1","1","0","0","11","Lawnmower Challenge"
"The Game Awards 2015","7719","The Game Awards 2015","660","60","11","1","1","0","0","11","The Game Awards 2015"
"Rio","7720","Rio","3300","300","48","1","2","0","0","11","Rio"
"Mensch ärgere Dich!","7721","Mensch ärgere Dich!","660","60","13","1","1","0","0","11","Mensch ärgere Dich!"
"Maria: Kimitachi ga Umareta Wake","7722","Maria: Kimitachi ga Umareta Wake","1320","120","21","1","2","0","0","11","Maria: Kimitachi ga Umareta Wake"
"Gravity Badgers","7723","Gravity Badgers","4620","420","39","1","2","0","0","11","Gravity Badgers"
"Tsubasa Chronicle","7724","Tsubasa Chronicle","2640","240","21","1","1","0","0","11","Tsubasa Chronicle"
"Bob the Builder: Fix it Fun!","7725","Bob the Builder: Fix it Fun!","3300","300","45","1","1","0","0","11","Bob the Builder: Fix it Fun!"
"The Real Ghostbusters","7726","The Real Ghostbusters","3300","300","45","1","3","0","0","11","The Real Ghostbusters"
"Stone Smash","7727","Stone Smash","1980","180","13","1","2","0","0","11","Stone Smash"
"The Mirror Mysteries","7728","The Mirror Mysteries","1320","120","14","1","1","0","0","11","The Mirror Mysteries"
"Space Chicks","7729","Space Chicks","660","60","12","1","1","0","0","11","Space Chicks"
"C. Kane","7730","C. Kane","660","60","11","1","2","0","0","11","C. Kane"
"CrimeCraft: Kingpin","7731","CrimeCraft: Kingpin","660","60","12","1","1","0","0","11","CrimeCraft: Kingpin"
"Lady Tut","7732","Lady Tut","1320","120","28","1","0","0","0","11","Lady Tut"
"Protoshift","7733","Protoshift","4620","420","64","1","4","0","0","11","Protoshift"
"Wrath of the Gods","7734","Wrath of the Gods","660","60","14","1","2","0","0","11","Wrath of the Gods"
"Last Half of Darkness","7735","Last Half of Darkness","1320","120","13","1","1","0","0","11","Last Half of Darkness"
"Rippin' Riders","7736","Rippin' Riders","660","60","11","1","0","0","0","11","Rippin' Riders"
"Baby Jo in: ""Going Home""","7737","Baby Jo in: ""Going Home""","2640","240","23","1","2","0","0","11","Baby Jo in: ""Going Home"""
"The Mission","7738","The Mission","2640","240","17","1","1","0","0","11","The Mission"
"Jikkyou Powerful Pro Yakyuu 13","7739","Jikkyou Powerful Pro Yakyuu 13","8580","780","46","1","3","0","0","11","Jikkyou Powerful Pro Yakyuu 13"
"Buzz! Junior: Dino Den","7740","Buzz! Junior: Dino Den","1320","120","12","1","1","0","0","11","Buzz! Junior: Dino Den"
"Cribbage King / Gin King","7741","Cribbage King / Gin King","660","60","11","1","1","0","0","11","Cribbage King / Gin King"
"Super Daryl Deluxe","7742","Super Daryl Deluxe","1980","180","16","1","1","0","0","11","Super Daryl Deluxe"
"FleetCOMM: Operation Vigrior","7743","FleetCOMM: Operation Vigrior","3960","360","49","1","2","0","0","11","FleetCOMM: Operation Vigrior"
"Let's Cheer!","7744","Let's Cheer!","1320","120","14","1","1","0","0","11","Let's Cheer!"
"Starseed Pilgrim","7745","Starseed Pilgrim","45480","4140","153","1","16","0","0","10.99","Starseed Pilgrim"
"Hand of Fate","7746","Hand of Fate","9729240","885480","23729","69","4661","18","1","10.99","Hand of Fate"
"Gears of War: Ultimate Edition","7747","Gears of War: Ultimate Edition","109689480","9993540","16292","84","20732","208","18","10.98","Gears of War: Ultimate Edition"
"Unkilled","7748","Unkilled","138960","12660","389","2","48","0","0","10.98","Unkilled"
"LocoRoco 2","7749","LocoRoco 2","21060","1920","74","1","9","0","0","10.97","LocoRoco 2"
"LEGO Harry Potter: Years 1-4","7750","LEGO Harry Potter: Years 1-4","2264760","206400","2035","6","661","4","0","10.97","LEGO Harry Potter: Years 1-4"
"Awesomenauts","7751","Awesomenauts","14511180","1323360","1568","18","2105","27","2","10.97","Awesomenauts"
"Knock-Knock","7752","Knock-Knock","728880","66420","1534","3","337","1","0","10.97","Knock-Knock"
"Astérix & Obélix XXL 2: Mission: Las Vegum","7753","Astérix & Obélix XXL 2: Mission: Las Vegum","21720","1980","51","1","8","0","0","10.97","Astérix & Obélix XXL 2: Mission: Las Vegum"
"Xak: The Art of Visual Stage","7754","Xak: The Art of Visual Stage","23040","2100","27","1","2","0","0","10.97","Xak: The Art of Visual Stage"
"Art of Murder: FBI Confidential","7755","Art of Murder: FBI Confidential","15780","1440","41","1","3","0","0","10.96","Art of Murder: FBI Confidential"
"Nancy Drew: Ghost of Thornton Hall","7756","Nancy Drew: Ghost of Thornton Hall","103800","9480","225","2","28","0","0","10.95","Nancy Drew: Ghost of Thornton Hall"
"Cytus","7757","Cytus","270060","24660","1308","2","108","0","0","10.95","Cytus"
"Pokémon Black/White","7758","Pokémon Black/White","5116200","467820","1699","8","1368","9","0","10.94","Pokémon Black/White"
"Metroid: Other M","7759","Metroid: Other M","893220","81660","340","3","124","1","0","10.94","Metroid: Other M"
"RPG Maker XP","7760","RPG Maker XP","1025220","93840","871","5","212","1","0","10.93","RPG Maker XP"
"JoJo's Bizarre Adventure: All Star Battle","7761","JoJo's Bizarre Adventure: All Star Battle","209820","19200","485","2","86","0","0","10.93","JoJo's Bizarre Adventure: All Star Battle"
"Rain","7762","Rain","68220","6240","245","1","27","0","0","10.93","Rain"
"LocoRoco","7763","LocoRoco","71460","6540","77","2","28","0","0","10.93","LocoRoco"
"Descent Maximum","7764","Descent Maximum","53100","4860","79","1","16","0","0","10.93","Descent Maximum"
"Pipe","7765","Pipe","19680","1800","57","1","5","0","0","10.93","Pipe"
"Sentry Knight Tactics","7766","Sentry Knight Tactics","42600","3900","88","3","17","0","0","10.92","Sentry Knight Tactics"
"Windlands","7767","Windlands","334800","30660","1322","2","183","0","0","10.92","Windlands"
"Harmful Park","7768","Harmful Park","15720","1440","108","1","9","0","0","10.92","Harmful Park"
"Hatoful Boyfriend: Holiday Star","7769","Hatoful Boyfriend: Holiday Star","488040","44700","1371","3","214","0","0","10.92","Hatoful Boyfriend: Holiday Star"
"Duskers","7770","Duskers","983220","90000","1372","6","351","1","0","10.92","Duskers"
"Feist","7771","Feist","246900","22620","686","3","124","0","0","10.92","Feist"
"Barony","7772","Barony","732840","67140","2189","4","279","1","0","10.92","Barony"
"Rollers of the Realm","7773","Rollers of the Realm","77340","7080","331","2","45","0","0","10.92","Rollers of the Realm"
"Katamari Damacy","7774","Katamari Damacy","971520","89040","1164","4","328","1","0","10.91","Katamari Damacy"
"Anomaly 2","7775","Anomaly 2","129600","11880","547","2","24","0","0","10.91","Anomaly 2"
"Freddi Fish 4: The Case of the Hogfish Rustlers of Briny Gulch","7776","Freddi Fish 4: The Case of the Hogfish Rustlers of Briny Gulch","50400","4620","110","2","33","0","0","10.91","Freddi Fish 4: The Case of the Hogfish Rustlers of Briny Gulch"
"La-Mulana 2","7777","La-Mulana 2","15060","1380","35","2","7","0","0","10.91","La-Mulana 2"
"Thea: The Awakening","7778","Thea: The Awakening","1570680","144000","3831","4","209","2","0","10.91","Thea: The Awakening"
"EVE: Valkyrie – Warzone","7779","EVE: Valkyrie – Warzone","1498500","137340","3174","7","1027","2","0","10.91","EVE: Valkyrie – Warzone"
"The Deer","7780","The Deer","22260","2040","111","1","19","0","0","10.91","The Deer"
"Book of Demons","7781","Book of Demons","361020","33120","290","4","118","0","0","10.9","Book of Demons"
"Kingdom of Paradise","7782","Kingdom of Paradise","6540","600","38","1","3","0","0","10.9","Kingdom of Paradise"
"Dangan Ronpa 1 & 2 Reload","7783","Dangan Ronpa 1 & 2 Reload","141960","13020","86","2","20","0","0","10.9","Dangan Ronpa 1 & 2 Reload"
"The Masterplan","7784","The Masterplan","81720","7500","339","1","47","0","0","10.9","The Masterplan"
"King of the Monsters 2: The Next Thing","7785","King of the Monsters 2: The Next Thing","12420","1140","78","1","9","0","0","10.89","King of the Monsters 2: The Next Thing"
"Talisman","7786","Talisman","311580","28620","1540","2","47","0","0","10.89","Talisman"
"Donkey Xote","7787","Donkey Xote","5880","540","83","1","1","0","0","10.89","Donkey Xote"
"The Static Speaks My Name","7788","The Static Speaks My Name","146340","13440","484","2","144","0","0","10.89","The Static Speaks My Name"
"Death's Gambit","7789","Death's Gambit","11760","1080","20","1","2","0","0","10.89","Death's Gambit"
"The Adventures of Mr. Bobley","7790","The Adventures of Mr. Bobley","85500","7860","338","2","25","0","0","10.88","The Adventures of Mr. Bobley"
"GoldenEye","7791","GoldenEye","165180","15180","647","2","59","0","0","10.88","GoldenEye"
"Sonic Rush","7792","Sonic Rush","135780","12480","283","6","32","0","0","10.88","Sonic Rush"
"Rec Room Games","7793","Rec Room Games","83520","7680","886","3","47","0","0","10.88","Rec Room Games"
"The Brookhaven Experiment","7794","The Brookhaven Experiment","154080","14160","1729","3","172","0","0","10.88","The Brookhaven Experiment"
"Game Boy Advance Video: Dragon Ball GT - Volume 1","7795","Game Boy Advance Video: Dragon Ball GT - Volume 1","5220","480","25","1","4","0","0","10.88","Game Boy Advance Video: Dragon Ball GT - Volume 1"
"Voodoo","7796","Voodoo","9780","900","76","2","8","0","0","10.87","Voodoo"
"Dungeon Rats","7797","Dungeon Rats","74340","6840","125","2","18","0","0","10.87","Dungeon Rats"
"Battle City","7798","Battle City","156480","14400","1129","2","57","0","0","10.87","Battle City"
"Time Machine VR","7799","Time Machine VR","35880","3300","181","2","19","0","0","10.87","Time Machine VR"
"Fantastic Night Dreams: Cotton","7800","Fantastic Night Dreams: Cotton","4560","420","19","1","1","0","0","10.86","Fantastic Night Dreams: Cotton"