"","","Game","Watch time","Stream time","Peak viewers","Peak channels","Streamers","Average viewers","Average channels","Average viewer ratio",""
"SeizureDome","14301","SeizureDome","420","120","6","1","1","0","0","3.5","SeizureDome"
"Memories Off 6: T-Wave","14302","Memories Off 6: T-Wave","840","240","7","1","2","0","0","3.5","Memories Off 6: T-Wave"
"Track Meet","14303","Track Meet","840","240","7","1","2","0","0","3.5","Track Meet"
"Alpine Ski Racing 2007","14304","Alpine Ski Racing 2007","420","120","6","1","1","0","0","3.5","Alpine Ski Racing 2007"
"ATV Offroad Fury 3","14305","ATV Offroad Fury 3","1680","480","8","1","4","0","0","3.5","ATV Offroad Fury 3"
"Ford Truck Mania","14306","Ford Truck Mania","840","240","6","1","2","0","0","3.5","Ford Truck Mania"
"Daikaijuu Monogatari II","14307","Daikaijuu Monogatari II","420","120","6","1","1","0","0","3.5","Daikaijuu Monogatari II"
"Manhunter 2: San Francisco","14308","Manhunter 2: San Francisco","840","240","7","1","2","0","0","3.5","Manhunter 2: San Francisco"
"Mahou no Shippo na 2","14309","Mahou no Shippo na 2","420","120","6","1","1","0","0","3.5","Mahou no Shippo na 2"
"Pass the Pigs","14310","Pass the Pigs","1260","360","5","1","1","0","0","3.5","Pass the Pigs"
"Baghdad Central: Desert Gunner","14311","Baghdad Central: Desert Gunner","420","120","5","1","2","0","0","3.5","Baghdad Central: Desert Gunner"
"Twin Eagle","14312","Twin Eagle","420","120","4","1","1","0","0","3.5","Twin Eagle"
"Gettysburg: Civil War Battles","14313","Gettysburg: Civil War Battles","420","120","4","1","1","0","0","3.5","Gettysburg: Civil War Battles"
"Wizards of Waverly Place","14314","Wizards of Waverly Place","420","120","4","1","2","0","0","3.5","Wizards of Waverly Place"
"Calamity Annie","14315","Calamity Annie","420","120","5","1","1","0","0","3.5","Calamity Annie"
"Emmanuelle: A Game of Eroticism","14316","Emmanuelle: A Game of Eroticism","420","120","6","1","1","0","0","3.5","Emmanuelle: A Game of Eroticism"
"Super Flippin' Phones","14317","Super Flippin' Phones","1680","480","6","1","4","0","0","3.5","Super Flippin' Phones"
"Bonsai Blast","14318","Bonsai Blast","1260","360","9","1","2","0","0","3.5","Bonsai Blast"
"Mall Tycoon 3","14319","Mall Tycoon 3","840","240","7","1","2","0","0","3.5","Mall Tycoon 3"
"The Tower SP","14320","The Tower SP","420","120","5","1","1","0","0","3.5","The Tower SP"
"NFL QB Club 2002","14321","NFL QB Club 2002","420","120","5","1","2","0","0","3.5","NFL QB Club 2002"
"Star Strike","14322","Star Strike","1260","360","8","1","3","0","0","3.5","Star Strike"
"Wobbly Bobbly","14323","Wobbly Bobbly","420","120","5","1","0","0","0","3.5","Wobbly Bobbly"
"Motocross Mania","14324","Motocross Mania","420","120","6","1","2","0","0","3.5","Motocross Mania"
"Clandestiny","14325","Clandestiny","420","120","5","1","2","0","0","3.5","Clandestiny"
"Jelly no Puzzle","14326","Jelly no Puzzle","10920","3120","16","1","13","0","0","3.5","Jelly no Puzzle"
"Legend of K-1 Grand Prix '96","14327","Legend of K-1 Grand Prix '96","1260","360","7","1","1","0","0","3.5","Legend of K-1 Grand Prix '96"
"Astro Blaster","14328","Astro Blaster","420","120","5","1","1","0","0","3.5","Astro Blaster"
"Ganso!! Yanchamaru","14329","Ganso!! Yanchamaru","420","120","5","1","1","0","0","3.5","Ganso!! Yanchamaru"
"Pop'n Tanks!","14330","Pop'n Tanks!","420","120","6","1","1","0","0","3.5","Pop'n Tanks!"
"NFL Quarterback Club II","14331","NFL Quarterback Club II","420","120","4","1","1","0","0","3.5","NFL Quarterback Club II"
"Miami Nights: Life in the Spotlight","14332","Miami Nights: Life in the Spotlight","420","120","4","1","1","0","0","3.5","Miami Nights: Life in the Spotlight"
"Simon","14333","Simon","420","120","4","1","2","0","0","3.5","Simon"
"An American Tail","14334","An American Tail","420","120","5","1","1","0","0","3.5","An American Tail"
"Krazy Kong","14335","Krazy Kong","840","240","6","1","1","0","0","3.5","Krazy Kong"
"Sadame","14336","Sadame","420","120","5","1","1","0","0","3.5","Sadame"
"Little Master: Nijiiro no Maseki","14337","Little Master: Nijiiro no Maseki","420","120","5","1","1","0","0","3.5","Little Master: Nijiiro no Maseki"
"Darts CLUB","14338","Darts CLUB","420","120","6","1","0","0","0","3.5","Darts CLUB"
"Ultimate Puzzle Games","14339","Ultimate Puzzle Games","840","240","9","1","1","0","0","3.5","Ultimate Puzzle Games"
"Ace Banana","14340","Ace Banana","420","120","5","1","4","0","0","3.5","Ace Banana"
"Electra","14341","Electra","420","120","4","1","1","0","0","3.5","Electra"
"Mindtrap","14342","Mindtrap","840","240","6","1","2","0","0","3.5","Mindtrap"
"Anime Studio Simulator","14343","Anime Studio Simulator","3780","1080","24","2","3","0","0","3.5","Anime Studio Simulator"
"Disney Friends","14344","Disney Friends","420","120","5","1","1","0","0","3.5","Disney Friends"
"NASCAR 98","14345","NASCAR 98","420","120","4","1","0","0","0","3.5","NASCAR 98"
"Dungeon Cleaners","14346","Dungeon Cleaners","420","120","4","1","1","0","0","3.5","Dungeon Cleaners"
"Neon","14347","Neon","420","120","5","1","1","0","0","3.5","Neon"
"Bomb Jack Twin","14348","Bomb Jack Twin","420","120","8","1","1","0","0","3.5","Bomb Jack Twin"
"Ernesto, A Quick Dungeon Crawler","14349","Ernesto, A Quick Dungeon Crawler","420","120","4","1","1","0","0","3.5","Ernesto, A Quick Dungeon Crawler"
"Infinite Dunamis","14350","Infinite Dunamis","420","120","6","1","1","0","0","3.5","Infinite Dunamis"
"Super Granny 4","14351","Super Granny 4","420","120","4","1","0","0","0","3.5","Super Granny 4"
"Forumwarz","14352","Forumwarz","840","240","6","1","2","0","0","3.5","Forumwarz"
"MySims Party","14353","MySims Party","420","120","6","1","1","0","0","3.5","MySims Party"
"All Night Nippon Super Mario Bros.","14354","All Night Nippon Super Mario Bros.","1260","360","9","1","3","0","0","3.5","All Night Nippon Super Mario Bros."
"World of Outlaws: Sprint Cars","14355","World of Outlaws: Sprint Cars","1260","360","6","1","2","0","0","3.5","World of Outlaws: Sprint Cars"
"Drop","14356","Drop","420","120","6","1","1","0","0","3.5","Drop"
"Sid Meier's Civilization II: Conflicts in Civilization Scenarios","14357","Sid Meier's Civilization II: Conflicts in Civilization Scenarios","420","120","11","1","1","0","0","3.5","Sid Meier's Civilization II: Conflicts in Civilization Scenarios"
"Motion Gravure Series: Megumi","14358","Motion Gravure Series: Megumi","420","120","6","1","1","0","0","3.5","Motion Gravure Series: Megumi"
"Soul Worker Online","14359","Soul Worker Online","15120","4320","59","3","22","0","0","3.5","Soul Worker Online"
"Train Simulator Plus: Keihan Electric Railway","14360","Train Simulator Plus: Keihan Electric Railway","840","240","9","1","1","0","0","3.5","Train Simulator Plus: Keihan Electric Railway"
"Twisted Lands: Origin","14361","Twisted Lands: Origin","1260","360","6","1","1","0","0","3.5","Twisted Lands: Origin"
"Clash King","14362","Clash King","1260","360","6","1","2","0","0","3.5","Clash King"
"The Moon Silver","14363","The Moon Silver","1260","360","8","1","3","0","0","3.5","The Moon Silver"
"Arc the Lad: Twilight of the Spirits","14364","Arc the Lad: Twilight of the Spirits","98640","28200","488","3","189","0","0","3.5","Arc the Lad: Twilight of the Spirits"
"Microsoft Solitaire Collection","14365","Microsoft Solitaire Collection","29400","8400","96","2","51","0","0","3.5","Microsoft Solitaire Collection"
"Lost","14366","Lost","5040","1440","9","1","7","0","0","3.5","Lost"
"Cagebreak","14367","Cagebreak","420","120","4","1","2","0","0","3.5","Cagebreak"
"Wallace & Gromit's Grand Adventures Episode 4: The Bogey Man","14368","Wallace & Gromit's Grand Adventures Episode 4: The Bogey Man","3360","960","13","1","5","0","0","3.5","Wallace & Gromit's Grand Adventures Episode 4: The Bogey Man"
"Sealife Safari","14369","Sealife Safari","420","120","7","1","2","0","0","3.5","Sealife Safari"
"Captain Planet","14370","Captain Planet","420","120","4","1","1","0","0","3.5","Captain Planet"
"FIFA Manager 11","14371","FIFA Manager 11","840","240","7","1","2","0","0","3.5","FIFA Manager 11"
"Echelon","14372","Echelon","840","240","8","1","2","0","0","3.5","Echelon"
"Rayman Raving Rabbids 2","14373","Rayman Raving Rabbids 2","5460","1560","25","1","10","0","0","3.5","Rayman Raving Rabbids 2"
"Ratchet & Clank: Before the Nexus","14374","Ratchet & Clank: Before the Nexus","420","120","6","1","1","0","0","3.5","Ratchet & Clank: Before the Nexus"
"White Knight Chronicles II","14375","White Knight Chronicles II","53340","15240","19","2","19","0","0","3.5","White Knight Chronicles II"
"Game Pack CD: 37 VGA Games Volume 2","14376","Game Pack CD: 37 VGA Games Volume 2","420","120","5","1","1","0","0","3.5","Game Pack CD: 37 VGA Games Volume 2"
"Penta Dragon","14377","Penta Dragon","840","240","6","1","1","0","0","3.5","Penta Dragon"
"Crash Tag Team Racing","14378","Crash Tag Team Racing","78420","22380","78","3","85","0","0","3.5","Crash Tag Team Racing"
"The Ignition Factor","14379","The Ignition Factor","420","120","6","1","2","0","0","3.5","The Ignition Factor"
"Kick-Ass","14380","Kick-Ass","2940","840","14","1","7","0","0","3.5","Kick-Ass"
"The Amazon Trail","14381","The Amazon Trail","420","120","5","1","1","0","0","3.5","The Amazon Trail"
"Snake2","14382","Snake2","420","120","4","1","1","0","0","3.5","Snake2"
"Puzzle Arcade","14383","Puzzle Arcade","2520","720","7","1","4","0","0","3.5","Puzzle Arcade"
"Archetype","14384","Archetype","840","240","6","1","2","0","0","3.5","Archetype"
"Golf Magazine Presents 36 Great Holes Starring Fred Couples","14385","Golf Magazine Presents 36 Great Holes Starring Fred Couples","420","120","4","1","1","0","0","3.5","Golf Magazine Presents 36 Great Holes Starring Fred Couples"
"Dark Fall: Lights Out","14386","Dark Fall: Lights Out","2100","600","9","1","3","0","0","3.5","Dark Fall: Lights Out"
"Justin Smith's Realistic Summer Sports Simulator","14387","Justin Smith's Realistic Summer Sports Simulator","420","120","5","1","1","0","0","3.5","Justin Smith's Realistic Summer Sports Simulator"
"Fishdom 3","14388","Fishdom 3","420","120","8","1","1","0","0","3.5","Fishdom 3"
"5 Minutes to Kill Yourself","14389","5 Minutes to Kill Yourself","1680","480","7","1","1","0","0","3.5","5 Minutes to Kill Yourself"
"Death Mask","14390","Death Mask","420","120","5","1","1","0","0","3.5","Death Mask"
"BasketBelle","14391","BasketBelle","1680","480","6","1","3","0","0","3.5","BasketBelle"
"Blokus","14392","Blokus","840","240","7","1","2","0","0","3.5","Blokus"
"Zing Zing Zip","14393","Zing Zing Zip","420","120","7","1","1","0","0","3.5","Zing Zing Zip"
"Genocide","14394","Genocide","420","120","13","1","2","0","0","3.5","Genocide"
"Tsunami 2265","14395","Tsunami 2265","420","120","6","1","1","0","0","3.5","Tsunami 2265"
"The Powerpuff Girls: Paint the Townsville Green","14396","The Powerpuff Girls: Paint the Townsville Green","420","120","7","1","1","0","0","3.5","The Powerpuff Girls: Paint the Townsville Green"
"Classic BASIC Games","14397","Classic BASIC Games","420","120","7","1","2","0","0","3.5","Classic BASIC Games"
"Tasty Planet","14398","Tasty Planet","15960","4560","178","1","20","0","0","3.5","Tasty Planet"
"Train Simulator 2013","14399","Train Simulator 2013","4620","1320","21","1","7","0","0","3.5","Train Simulator 2013"
"Disney's DuckTales: The Quest for Gold","14400","Disney's DuckTales: The Quest for Gold","840","240","6","1","2","0","0","3.5","Disney's DuckTales: The Quest for Gold"