"","","Game","Watch time","Stream time","Peak viewers","Peak channels","Streamers","Average viewers","Average channels","Average viewer ratio",""
"Sexy Beach 2","14401","Sexy Beach 2","420","120","6","1","2","0","0","3.5","Sexy Beach 2"
"Lost Lands: The Four Horsemen","14402","Lost Lands: The Four Horsemen","5040","1440","18","1","5","0","0","3.5","Lost Lands: The Four Horsemen"
"An American Tail: Fievel's Gold Rush","14403","An American Tail: Fievel's Gold Rush","840","240","12","1","2","0","0","3.5","An American Tail: Fievel's Gold Rush"
"Golden Nugget 64","14404","Golden Nugget 64","420","120","4","1","1","0","0","3.5","Golden Nugget 64"
"Volley Fire","14405","Volley Fire","840","240","7","1","2","0","0","3.5","Volley Fire"
"WWF Wrestlefest","14406","WWF Wrestlefest","4620","1320","13","1","12","0","0","3.5","WWF Wrestlefest"
"Shifters","14407","Shifters","420","120","4","1","1","0","0","3.5","Shifters"
"TV Show King","14408","TV Show King","2520","720","24","1","4","0","0","3.5","TV Show King"
"I Shall Remain","14409","I Shall Remain","420","120","6","1","1","0","0","3.5","I Shall Remain"
"SimCity: Terrain Editor","14410","SimCity: Terrain Editor","420","120","5","1","0","0","0","3.5","SimCity: Terrain Editor"
"Rakugakids","14411","Rakugakids","420","120","6","1","1","0","0","3.5","Rakugakids"
"Seek and Destroy","14412","Seek and Destroy","2520","720","11","1","3","0","0","3.5","Seek and Destroy"
"This is Football 2","14413","This is Football 2","420","120","5","1","1","0","0","3.5","This is Football 2"
"Clear Vision 2","14414","Clear Vision 2","840","240","9","1","3","0","0","3.5","Clear Vision 2"
"Onechanbara Z: Kagura","14415","Onechanbara Z: Kagura","2520","720","9","1","3","0","0","3.5","Onechanbara Z: Kagura"
"Paranormal Syndrome","14416","Paranormal Syndrome","13440","3840","23","1","8","0","0","3.5","Paranormal Syndrome"
"9 Clues: The Secret of Serpent Creek","14417","9 Clues: The Secret of Serpent Creek","24360","6960","29","1","27","0","0","3.5","9 Clues: The Secret of Serpent Creek"
"Bealphareth","14418","Bealphareth","420","120","5","1","1","0","0","3.5","Bealphareth"
"The Adventures of The Smurfs","14419","The Adventures of The Smurfs","420","120","6","1","1","0","0","3.5","The Adventures of The Smurfs"
"Earth Eternal","14420","Earth Eternal","3780","1080","14","1","5","0","0","3.5","Earth Eternal"
"Rune","14421","Rune","420","120","7","1","22","0","0","3.5","Rune"
"Brooktown High","14422","Brooktown High","420","120","5","1","0","0","0","3.5","Brooktown High"
"Never7: The End of Infinity","14423","Never7: The End of Infinity","18240","5220","12","1","2","0","0","3.49","Never7: The End of Infinity"
"TechnoMage: Return of Eternity","14424","TechnoMage: Return of Eternity","9840","2820","16","1","4","0","0","3.49","TechnoMage: Return of Eternity"
"Yu-Gi-Oh!: GX Tag Force","14425","Yu-Gi-Oh!: GX Tag Force","7320","2100","13","1","9","0","0","3.49","Yu-Gi-Oh!: GX Tag Force"
"Mortal Kombat Gold","14426","Mortal Kombat Gold","10260","2940","53","1","15","0","0","3.49","Mortal Kombat Gold"
"Armored Core: for Answer","14427","Armored Core: for Answer","38100","10920","15","2","23","0","0","3.49","Armored Core: for Answer"
"Forza Horizon 2","14428","Forza Horizon 2","16699200","4779360","3884","41","16028","31","9","3.49","Forza Horizon 2"
"Final Fantasy Type-0 HD","14429","Final Fantasy Type-0 HD","3122520","895080","1018","11","3611","5","1","3.49","Final Fantasy Type-0 HD"
"Soulbringer","14430","Soulbringer","17580","5040","11","1","8","0","0","3.49","Soulbringer"
"Dragon Ball: Advanced Adventure","14431","Dragon Ball: Advanced Adventure","97740","28020","88","4","59","0","0","3.49","Dragon Ball: Advanced Adventure"
"Thoth","14432","Thoth","32880","9420","126","3","30","0","0","3.49","Thoth"
"Tactics Ogre: The Knight of Lodis","14433","Tactics Ogre: The Knight of Lodis","26940","7740","77","1","15","0","0","3.48","Tactics Ogre: The Knight of Lodis"
"Super Robot Wars Alpha Gaiden","14434","Super Robot Wars Alpha Gaiden","48180","13860","21","2","16","0","0","3.48","Super Robot Wars Alpha Gaiden"
"Strong Bad's Cool Game for Attractive People Episode 1: Homestar Ruiner","14435","Strong Bad's Cool Game for Attractive People Episode 1: Homestar Ruiner","19440","5580","96","2","30","0","0","3.48","Strong Bad's Cool Game for Attractive People Episode 1: Homestar Ruiner"
"YuYu Hakusho Final","14436","YuYu Hakusho Final","5220","1500","14","1","7","0","0","3.48","YuYu Hakusho Final"
"Half-Life 2: Deathmatch","14437","Half-Life 2: Deathmatch","181980","52320","723","3","252","0","0","3.48","Half-Life 2: Deathmatch"
"Kid Klown in Crazy Chase","14438","Kid Klown in Crazy Chase","10020","2880","21","2","10","0","0","3.48","Kid Klown in Crazy Chase"
"Knytt Underground","14439","Knytt Underground","26520","7620","20","1","17","0","0","3.48","Knytt Underground"
"Herdy Gerdy","14440","Herdy Gerdy","47940","13800","20","1","10","0","0","3.47","Herdy Gerdy"
"Dead or Alive: Paradise","14441","Dead or Alive: Paradise","3120","900","16","1","5","0","0","3.47","Dead or Alive: Paradise"
"Pandemic II","14442","Pandemic II","6240","1800","17","1","9","0","0","3.47","Pandemic II"
"SaGa 3: Jikuu no Hasha - Shadow or Light","14443","SaGa 3: Jikuu no Hasha - Shadow or Light","7920","2280","22","1","6","0","0","3.47","SaGa 3: Jikuu no Hasha - Shadow or Light"
"Grand Theft Auto Advance","14444","Grand Theft Auto Advance","46860","13500","129","1","36","0","0","3.47","Grand Theft Auto Advance"
"DanceDanceRevolution","14445","DanceDanceRevolution","73020","21060","102","1","15","0","0","3.47","DanceDanceRevolution"
"Delver's Drop","14446","Delver's Drop","12480","3600","11","1","4","0","0","3.47","Delver's Drop"
"Mini Ninjas","14447","Mini Ninjas","98340","28320","66","2","105","0","0","3.47","Mini Ninjas"
"Ark of Time","14448","Ark of Time","23100","6660","158","1","30","0","0","3.47","Ark of Time"
"World War II: Prisoner of War","14449","World War II: Prisoner of War","3120","900","9","1","1","0","0","3.47","World War II: Prisoner of War"
"Psychosis","14450","Psychosis","4980","1440","12","1","2","0","0","3.46","Psychosis"
"Deception III: Dark Delusion","14451","Deception III: Dark Delusion","4980","1440","10","1","5","0","0","3.46","Deception III: Dark Delusion"
"Pivvot","14452","Pivvot","7680","2220","32","1","19","0","0","3.46","Pivvot"
"Sega Rally Revo","14453","Sega Rally Revo","4980","1440","14","1","7","0","0","3.46","Sega Rally Revo"
"Ardy Lightfoot","14454","Ardy Lightfoot","11220","3240","12","1","10","0","0","3.46","Ardy Lightfoot"
"Electronic Super Joy Groove City","14455","Electronic Super Joy Groove City","20940","6060","50","1","34","0","0","3.46","Electronic Super Joy Groove City"
"Sublevel Zero","14456","Sublevel Zero","104820","30300","139","3","80","0","0","3.46","Sublevel Zero"
"Onechanbara: Bikini Zombie Slayers","14457","Onechanbara: Bikini Zombie Slayers","4980","1440","47","1","7","0","0","3.46","Onechanbara: Bikini Zombie Slayers"
"RymdResa","14458","RymdResa","19320","5580","29","2","21","0","0","3.46","RymdResa"
"TxK","14459","TxK","2700","780","8","1","3","0","0","3.46","TxK"
"Rig'n'Roll","14460","Rig'n'Roll","14760","4260","37","1","12","0","0","3.46","Rig'n'Roll"
"The Legend of Heroes: Trails in the Sky SC","14461","The Legend of Heroes: Trails in the Sky SC","396240","114780","28","3","110","0","0","3.45","The Legend of Heroes: Trails in the Sky SC"
"Europa 1400: The Guild","14462","Europa 1400: The Guild","10560","3060","33","1","7","0","0","3.45","Europa 1400: The Guild"
"Scaler","14463","Scaler","12420","3600","25","3","10","0","0","3.45","Scaler"
"Summon Night 3","14464","Summon Night 3","12840","3720","8","1","1","0","0","3.45","Summon Night 3"
"Pirates of the Black Cove","14465","Pirates of the Black Cove","2280","660","13","1","5","0","0","3.45","Pirates of the Black Cove"
"Name this Game","14466","Name this Game","6000","1740","8","1","5","0","0","3.45","Name this Game"
"Harvest Moon GBC 2","14467","Harvest Moon GBC 2","8280","2400","10","2","5","0","0","3.45","Harvest Moon GBC 2"
"Track & Field II","14468","Track & Field II","6840","1980","40","1","12","0","0","3.45","Track & Field II"
"Gin Rummy","14469","Gin Rummy","2280","660","11","1","5","0","0","3.45","Gin Rummy"
"200% Mixed Juice!","14470","200% Mixed Juice!","35640","10320","18","2","42","0","0","3.45","200% Mixed Juice!"
"Shivers","14471","Shivers","8280","2400","19","2","9","0","0","3.45","Shivers"
"My Pokémon Ranch","14472","My Pokémon Ranch","1860","540","8","1","4","0","0","3.44","My Pokémon Ranch"
"The Idolm@ster: Must Songs Akaban/Aoban","14473","The Idolm@ster: Must Songs Akaban/Aoban","9300","2700","20","1","6","0","0","3.44","The Idolm@ster: Must Songs Akaban/Aoban"
"Oh Shit!","14474","Oh Shit!","3300","960","8","1","6","0","0","3.44","Oh Shit!"
"Roberta Williams' King's Quest VII: The Princeless Bride","14475","Roberta Williams' King's Quest VII: The Princeless Bride","37140","10800","19","2","31","0","0","3.44","Roberta Williams' King's Quest VII: The Princeless Bride"
"Virtua Fighter 3","14476","Virtua Fighter 3","3720","1080","15","1","6","0","0","3.44","Virtua Fighter 3"
"The Last Tinker: City of Colors","14477","The Last Tinker: City of Colors","60540","17580","82","2","59","0","0","3.44","The Last Tinker: City of Colors"
"Evil Twin: Cyprien's Chronicles","14478","Evil Twin: Cyprien's Chronicles","21240","6180","17","2","9","0","0","3.44","Evil Twin: Cyprien's Chronicles"
"SD Gundam G Generation Overworld","14479","SD Gundam G Generation Overworld","131220","38160","79","2","28","0","0","3.44","SD Gundam G Generation Overworld"
"Anno 2070","14480","Anno 2070","619440","179940","305","6","526","1","0","3.44","Anno 2070"
"Assassin's Creed: Rogue","14481","Assassin's Creed: Rogue","1150680","334800","555","6","1034","2","0","3.44","Assassin's Creed: Rogue"
"Aura Kingdom","14482","Aura Kingdom","1231920","358560","786","7","859","2","0","3.44","Aura Kingdom"
"Devil May Cry 2","14483","Devil May Cry 2","70260","20400","156","2","53","0","0","3.44","Devil May Cry 2"
"Vanguard Princess","14484","Vanguard Princess","42540","12360","72","2","71","0","0","3.44","Vanguard Princess"
"Onechanbara: Bikini Samurai Squad","14485","Onechanbara: Bikini Samurai Squad","12600","3660","53","1","11","0","0","3.44","Onechanbara: Bikini Samurai Squad"
"We Ski & Snowboard","14486","We Ski & Snowboard","3300","960","10","1","2","0","0","3.44","We Ski & Snowboard"
"Motocross Maniacs","14487","Motocross Maniacs","1860","540","10","1","3","0","0","3.44","Motocross Maniacs"
"Star Crusader","14488","Star Crusader","1860","540","11","1","4","0","0","3.44","Star Crusader"
"Lollypop","14489","Lollypop","7020","2040","8","1","7","0","0","3.44","Lollypop"
"SimPark","14490","SimPark","3720","1080","8","1","6","0","0","3.44","SimPark"
"Tokimeki Memorial 2","14491","Tokimeki Memorial 2","3300","960","8","1","4","0","0","3.44","Tokimeki Memorial 2"
"Sins of a Solar Empire: Entrenchment","14492","Sins of a Solar Empire: Entrenchment","10740","3120","28","1","5","0","0","3.44","Sins of a Solar Empire: Entrenchment"
"Fruit Ninja Kinect","14493","Fruit Ninja Kinect","3300","960","23","1","7","0","0","3.44","Fruit Ninja Kinect"
"Project Gotham Racing","14494","Project Gotham Racing","1860","540","7","1","3","0","0","3.44","Project Gotham Racing"
"Microsoft Sudoku","14495","Microsoft Sudoku","2880","840","10","1","2","0","0","3.43","Microsoft Sudoku"
"Celestial Impact","14496","Celestial Impact","2880","840","17","1","1","0","0","3.43","Celestial Impact"
"Magic Pengel: The Quest for Color","14497","Magic Pengel: The Quest for Color","15240","4440","20","2","15","0","0","3.43","Magic Pengel: The Quest for Color"
"Lyle In Cube Sector","14498","Lyle In Cube Sector","4740","1380","16","1","6","0","0","3.43","Lyle In Cube Sector"
"Armored Core: Nexus","14499","Armored Core: Nexus","16860","4920","20","2","11","0","0","3.43","Armored Core: Nexus"
"Stealth Bastard: Tactical Espionage Arsehole","14500","Stealth Bastard: Tactical Espionage Arsehole","2880","840","24","1","5","0","0","3.43","Stealth Bastard: Tactical Espionage Arsehole"