"","","Game","Watch time","Stream time","Peak viewers","Peak channels","Streamers","Average viewers","Average channels","Average viewer ratio",""
"Hot Shots Golf: World Invitational","9201","Hot Shots Golf: World Invitational","89160","11040","155","2","26","0","0","8.08","Hot Shots Golf: World Invitational"
"Booly","9202","Booly","13560","1680","20","1","2","0","0","8.07","Booly"
"Dragon Quest Heroes: Rocket Slime","9203","Dragon Quest Heroes: Rocket Slime","144300","17880","192","2","36","0","0","8.07","Dragon Quest Heroes: Rocket Slime"
"Shop Heroes","9204","Shop Heroes","1367640","169440","386","7","248","2","0","8.07","Shop Heroes"
"NBA Live Mobile","9205","NBA Live Mobile","594960","73680","457","5","161","1","0","8.07","NBA Live Mobile"
"Dynamite Fishing: World Games","9206","Dynamite Fishing: World Games","16440","2040","32","1","17","0","0","8.06","Dynamite Fishing: World Games"
"Soulcalibur Legends","9207","Soulcalibur Legends","8220","1020","18","1","3","0","0","8.06","Soulcalibur Legends"
"BloodRayne 2","9208","BloodRayne 2","86100","10680","95","2","48","0","0","8.06","BloodRayne 2"
"Fire Emblem: Monshou no Nazo","9209","Fire Emblem: Monshou no Nazo","65220","8100","235","1","18","0","0","8.05","Fire Emblem: Monshou no Nazo"
"The Magic Circle","9210","The Magic Circle","356820","44340","996","4","200","0","0","8.05","The Magic Circle"
"Magicka","9211","Magicka","2436720","303060","5537","7","1675","4","0","8.04","Magicka"
"The Guild 2: Renaissance","9212","The Guild 2: Renaissance","543960","67680","1425","3","184","1","0","8.04","The Guild 2: Renaissance"
"Rodland","9213","Rodland","12540","1560","83","1","9","0","0","8.04","Rodland"
"Runers","9214","Runers","46260","5760","67","1","18","0","0","8.03","Runers"
"GRID","9215","GRID","701760","87420","1017","7","477","1","0","8.03","GRID"
"Grey Goo","9216","Grey Goo","1243740","155040","539","6","307","2","0","8.02","Grey Goo"
"Shin Megami Tensei: Persona 3","9217","Shin Megami Tensei: Persona 3","516960","64440","1816","2","140","0","0","8.02","Shin Megami Tensei: Persona 3"
"R.C. Pro-Am","9218","R.C. Pro-Am","39960","4980","125","2","25","0","0","8.02","R.C. Pro-Am"
"Adam's Venture: Origins","9219","Adam's Venture: Origins","241500","30120","786","4","116","0","0","8.02","Adam's Venture: Origins"
"Costume Quest","9220","Costume Quest","533940","66660","210","14","251","1","0","8.01","Costume Quest"
"Super Bomberman 2","9221","Super Bomberman 2","188880","23580","269","3","65","0","0","8.01","Super Bomberman 2"
"Farming Simulator 15","9222","Farming Simulator 15","126950520","15839460","5336","104","19238","240","30","8.01","Farming Simulator 15"
"Xenoblade Chronicles","9223","Xenoblade Chronicles","3228840","402960","586","6","538","6","0","8.01","Xenoblade Chronicles"
"Bound By Flame","9224","Bound By Flame","869100","108540","859","3","360","1","0","8.01","Bound By Flame"
"100% Orange Juice","9225","100% Orange Juice","2675460","334080","8111","9","1483","5","0","8.01","100% Orange Juice"
"Broken Sword: The Serpent's Curse","9226","Broken Sword: The Serpent's Curse","527700","65940","203","3","168","1","0","8","Broken Sword: The Serpent's Curse"
"Super Smash Bros. for Wii U/Nintendo 3DS","9227","Super Smash Bros. for Wii U/Nintendo 3DS","323820","40500","1414","2","131","0","0","8","Super Smash Bros. for Wii U/Nintendo 3DS"
"Reset","9228","Reset","960","120","13","1","2","0","0","8","Reset"
"Halloween Racer","9229","Halloween Racer","960","120","10","1","1","0","0","8","Halloween Racer"
"Flappy Bird","9230","Flappy Bird","80640","10080","128","1","75","0","0","8","Flappy Bird"
"Hate Plus: ~Mute's Golden Days~","9231","Hate Plus: ~Mute's Golden Days~","9120","1140","23","1","5","0","0","8","Hate Plus: ~Mute's Golden Days~"
"Beatdown","9232","Beatdown","480","60","8","1","2","0","0","8","Beatdown"
"Armikrog","9233","Armikrog","260100","32520","268","5","156","0","0","8","Armikrog"
"Rainbow Invaders","9234","Rainbow Invaders","480","60","8","1","1","0","0","8","Rainbow Invaders"
"Gunnail","9235","Gunnail","1920","240","14","1","1","0","0","8","Gunnail"
"Hatsune Miku: Project Diva Dreamy Theater","9236","Hatsune Miku: Project Diva Dreamy Theater","1920","240","18","1","2","0","0","8","Hatsune Miku: Project Diva Dreamy Theater"
"Railfan: Taiwan High Speed Rail","9237","Railfan: Taiwan High Speed Rail","960","120","11","1","1","0","0","8","Railfan: Taiwan High Speed Rail"
"Road Fighter","9238","Road Fighter","2400","300","26","1","3","0","0","8","Road Fighter"
"The Nations","9239","The Nations","3840","480","16","1","4","0","0","8","The Nations"
"That's So Raven 2: Supernatural Style","9240","That's So Raven 2: Supernatural Style","1440","180","25","1","2","0","0","8","That's So Raven 2: Supernatural Style"
"Dr. Lynch: Grave Secrets","9241","Dr. Lynch: Grave Secrets","480","60","8","1","1","0","0","8","Dr. Lynch: Grave Secrets"
"Dive to the Titanic","9242","Dive to the Titanic","480","60","10","1","1","0","0","8","Dive to the Titanic"
"The Idolmaster: Gravure for You! Vol. 6","9243","The Idolmaster: Gravure for You! Vol. 6","480","60","8","1","0","0","0","8","The Idolmaster: Gravure for You! Vol. 6"
"Monkey Kong","9244","Monkey Kong","480","60","8","1","1","0","0","8","Monkey Kong"
"Skydive: Proximity Flight","9245","Skydive: Proximity Flight","480","60","8","1","1","0","0","8","Skydive: Proximity Flight"
"Chicken Chase","9246","Chicken Chase","480","60","13","1","1","0","0","8","Chicken Chase"
"Virtua Fighter Kids","9247","Virtua Fighter Kids","2400","300","16","1","2","0","0","8","Virtua Fighter Kids"
"Blade Master","9248","Blade Master","480","60","12","1","1","0","0","8","Blade Master"
"Resident Evil: Deadly Silence","9249","Resident Evil: Deadly Silence","60000","7500","47","1","16","0","0","8","Resident Evil: Deadly Silence"
"NFL 2K2","9250","NFL 2K2","480","60","8","1","1","0","0","8","NFL 2K2"
"North vs. South","9251","North vs. South","3840","480","38","1","6","0","0","8","North vs. South"
"Action Man: Destruction X","9252","Action Man: Destruction X","480","60","18","1","1","0","0","8","Action Man: Destruction X"
"Great Mahou Daisakusen","9253","Great Mahou Daisakusen","2880","360","35","1","4","0","0","8","Great Mahou Daisakusen"
"R.B.I. Baseball 2","9254","R.B.I. Baseball 2","480","60","8","1","0","0","0","8","R.B.I. Baseball 2"
"Voidrunner","9255","Voidrunner","960","120","21","1","2","0","0","8","Voidrunner"
"Amiga Power Coverdisk 21","9256","Amiga Power Coverdisk 21","480","60","9","1","1","0","0","8","Amiga Power Coverdisk 21"
"MagMax","9257","MagMax","960","120","13","1","2","0","0","8","MagMax"
"Cyber-Lip","9258","Cyber-Lip","480","60","9","1","0","0","0","8","Cyber-Lip"
"Slot-Tris","9259","Slot-Tris","480","60","9","1","0","0","0","8","Slot-Tris"
"God Medicine: Fantasy Sekai no Tanjou","9260","God Medicine: Fantasy Sekai no Tanjou","7200","900","76","1","4","0","0","8","God Medicine: Fantasy Sekai no Tanjou"
"Athletic World","9261","Athletic World","2400","300","24","1","2","0","0","8","Athletic World"
"Overflow","9262","Overflow","480","60","9","1","2","0","0","8","Overflow"
"Stack-Up","9263","Stack-Up","2400","300","28","1","2","0","0","8","Stack-Up"
"Freakyforms Deluxe: Your Own Creations, Alive!","9264","Freakyforms Deluxe: Your Own Creations, Alive!","1440","180","21","1","2","0","0","8","Freakyforms Deluxe: Your Own Creations, Alive!"
"Tales from the Void","9265","Tales from the Void","4320","540","18","1","3","0","0","8","Tales from the Void"
"Maid-San's Caving Adventure","9266","Maid-San's Caving Adventure","960","120","11","1","1","0","0","8","Maid-San's Caving Adventure"
"ZooCube","9267","ZooCube","2400","300","34","1","2","0","0","8","ZooCube"
"Super Wagyan Land 2","9268","Super Wagyan Land 2","960","120","8","1","1","0","0","8","Super Wagyan Land 2"
"Superbowl Sunday","9269","Superbowl Sunday","1440","180","27","2","1","0","0","8","Superbowl Sunday"
"I Spy Junior","9270","I Spy Junior","480","60","8","1","1","0","0","8","I Spy Junior"
"Command & Conquer: Sole Survivor","9271","Command & Conquer: Sole Survivor","960","120","11","1","1","0","0","8","Command & Conquer: Sole Survivor"
"Super Brawl 3: Good vs. Evil","9272","Super Brawl 3: Good vs. Evil","1440","180","15","1","2","0","0","8","Super Brawl 3: Good vs. Evil"
"Motte Island","9273","Motte Island","2400","300","13","1","3","0","0","8","Motte Island"
"Mad Skills BMX","9274","Mad Skills BMX","960","120","9","1","1","0","0","8","Mad Skills BMX"
"Guns n' Roses","9275","Guns n' Roses","480","60","14","1","1","0","0","8","Guns n' Roses"
"Bag It!","9276","Bag It!","1440","180","13","1","1","0","0","8","Bag It!"
"Sentinel Worlds I: Future Magic","9277","Sentinel Worlds I: Future Magic","960","120","12","1","1","0","0","8","Sentinel Worlds I: Future Magic"
"Moon Bugs","9278","Moon Bugs","480","60","8","1","1","0","0","8","Moon Bugs"
"Sasuke","9279","Sasuke","2880","360","17","1","2","0","0","8","Sasuke"
"Old Chicago","9280","Old Chicago","960","120","12","1","1","0","0","8","Old Chicago"
"Ura no Ura","9281","Ura no Ura","1440","180","10","1","1","0","0","8","Ura no Ura"
"Anubis II","9282","Anubis II","2400","300","16","1","2","0","0","8","Anubis II"
"Gobang Social","9283","Gobang Social","1440","180","10","1","1","0","0","8","Gobang Social"
"Myth Makers Super Kart GP","9284","Myth Makers Super Kart GP","2400","300","11","1","1","0","0","8","Myth Makers Super Kart GP"
"Robots Love Ice Cream","9285","Robots Love Ice Cream","2400","300","23","1","2","0","0","8","Robots Love Ice Cream"
"Laser Light","9286","Laser Light","960","120","9","1","1","0","0","8","Laser Light"
"Flag N Frag","9287","Flag N Frag","960","120","8","1","1","0","0","8","Flag N Frag"
"Master Jin Jin's IQ Challenge","9288","Master Jin Jin's IQ Challenge","960","120","13","1","1","0","0","8","Master Jin Jin's IQ Challenge"
"NFL GameDay ‘98","9289","NFL GameDay ‘98","480","60","9","1","1","0","0","8","NFL GameDay ‘98"
"illumine","9290","illumine","480","60","10","1","1","0","0","8","illumine"
"Robowars","9291","Robowars","480","60","9","1","1","0","0","8","Robowars"
"Samurai Shodown 64","9292","Samurai Shodown 64","480","60","9","1","1","0","0","8","Samurai Shodown 64"
"The Smurfs Dance Party","9293","The Smurfs Dance Party","480","60","8","1","1","0","0","8","The Smurfs Dance Party"
"Far Beyond: A Space Odyssey","9294","Far Beyond: A Space Odyssey","3840","480","31","1","1","0","0","8","Far Beyond: A Space Odyssey"
"Pac-Guy: Atomic Edition","9295","Pac-Guy: Atomic Edition","480","60","8","1","1","0","0","8","Pac-Guy: Atomic Edition"
"Please Bang my Wife","9296","Please Bang my Wife","480","60","8","1","1","0","0","8","Please Bang my Wife"
"Super Dungeon Explore","9297","Super Dungeon Explore","5280","660","26","3","5","0","0","8","Super Dungeon Explore"
"SteamGear Mash","9298","SteamGear Mash","480","60","12","1","1","0","0","8","SteamGear Mash"
"Snowboard Park Tycoon","9299","Snowboard Park Tycoon","480","60","11","1","1","0","0","8","Snowboard Park Tycoon"
"Metal Slug XX","9300","Metal Slug XX","145260","18180","592","3","133","0","0","7.99","Metal Slug XX"