"","","Game","Watch time","Stream time","Peak viewers","Peak channels","Streamers","Average viewers","Average channels","Average viewer ratio",""
"Gal Gun: Double Peace","1101","Gal Gun: Double Peace","6947820","90180","7759","5","620","13","0","77.04","Gal Gun: Double Peace"
"Maize","1102","Maize","6914340","46320","31694","10","250","13","0","149.27","Maize"
"Shadowgrounds","1103","Shadowgrounds","6896460","6180","15038","3","28","13","0","1115.93","Shadowgrounds"
"Kingdom","1104","Kingdom","6892560","257220","5224","10","1194","13","0","26.8","Kingdom"
"Home Improvisation","1105","Home Improvisation","6882780","21600","38441","9","138","13","0","318.65","Home Improvisation"
"Mega Man Legacy Collection","1106","Mega Man Legacy Collection","6879240","897540","5390","13","4019","13","1","7.66","Mega Man Legacy Collection"
"Crisis Core: Final Fantasy VII","1107","Crisis Core: Final Fantasy VII","6874560","207240","2677","5","354","13","0","33.17","Crisis Core: Final Fantasy VII"
"Planetary Annihilation","1108","Planetary Annihilation","6863700","535980","12457","14","1610","13","1","12.81","Planetary Annihilation"
"FIFA Online 3","1109","FIFA Online 3","6848340","374400","3314","7","431","12","0","18.29","FIFA Online 3"
"Alien Swarm","1110","Alien Swarm","6839280","161580","103722","7","849","12","0","42.33","Alien Swarm"
"Magic Duels","1111","Magic Duels","6811320","1261680","8043","17","3590","12","2","5.4","Magic Duels"
"Forza Motorsport 6: Apex","1112","Forza Motorsport 6: Apex","6801660","122460","34313","12","895","12","0","55.54","Forza Motorsport 6: Apex"
"Hawken","1113","Hawken","6792360","1407780","1389","99","7900","12","2","4.82","Hawken"
"The Escapists","1114","The Escapists","6788880","1326300","2079","125","10434","12","2","5.12","The Escapists"
"Flamebreak","1115","Flamebreak","6768420","145740","14194","15","543","12","0","46.44","Flamebreak"
"Gothic 3","1116","Gothic 3","6766440","345540","4289","6","507","12","0","19.58","Gothic 3"
"Super Mario Run","1117","Super Mario Run","6752040","70560","6334","41","379","12","0","95.69","Super Mario Run"
"Mega Man 4","1118","Mega Man 4","6748920","165600","159675","9","392","12","0","40.75","Mega Man 4"
"The Cat Lady","1119","The Cat Lady","6744840","173400","6656","6","406","12","0","38.9","The Cat Lady"
"Amnesia: A Machine for Pigs","1120","Amnesia: A Machine for Pigs","6739800","231900","91755","13","1147","12","0","29.06","Amnesia: A Machine for Pigs"
"In Verbis Virtus","1121","In Verbis Virtus","6730200","102960","27661","3","403","12","0","65.37","In Verbis Virtus"
"Shark Attack Deathmatch","1122","Shark Attack Deathmatch","6728400","23280","14528","5","170","12","0","289.02","Shark Attack Deathmatch"
"The King of Fighters '98: The Slugfest","1123","The King of Fighters '98: The Slugfest","6719520","47460","2421","3","123","12","0","141.58","The King of Fighters '98: The Slugfest"
"Dragon Nest","1124","Dragon Nest","6714600","1416900","571","16","1664","12","2","4.74","Dragon Nest"
"Assassin's Creed II","1125","Assassin's Creed II","6673980","858600","5602","11","2983","12","1","7.77","Assassin's Creed II"
"Teenage Mutant Ninja Turtles IV: Turtles in Time","1126","Teenage Mutant Ninja Turtles IV: Turtles in Time","6673080","69240","119978","13","454","12","0","96.38","Teenage Mutant Ninja Turtles IV: Turtles in Time"
"Her Story","1127","Her Story","6670860","110880","10511","5","514","12","0","60.16","Her Story"
"Super Mario Land","1128","Super Mario Land","6661080","76620","107462","9","275","12","0","86.94","Super Mario Land"
"Olympic Summer Games","1129","Olympic Summer Games","6642780","8820","5511","4","17","12","0","753.15","Olympic Summer Games"
"The Darkness II","1130","The Darkness II","6640800","204960","11855","10","896","12","0","32.4","The Darkness II"
"Saints Row: The Third","1131","Saints Row: The Third","6634320","580260","29523","9","2711","12","1","11.43","Saints Row: The Third"
"Jumper Two","1132","Jumper Two","6625260","1320","111757","9","17","12","0","5019.14","Jumper Two"
"SAW","1133","SAW","6607140","44700","12963","4","152","12","0","147.81","SAW"
"Sven Co-Op","1134","Sven Co-Op","6607080","330360","33369","25","1781","12","0","20","Sven Co-Op"
"RollerCoaster Tycoon","1135","RollerCoaster Tycoon","6604920","242220","6286","5","899","12","0","27.27","RollerCoaster Tycoon"
"Ninja Gaiden","1136","Ninja Gaiden","6590880","167220","74620","5","518","12","0","39.41","Ninja Gaiden"
"Celeste","1137","Celeste","6588180","6420","107803","6","21","12","0","1026.2","Celeste"
"Oddworld: Stranger's Wrath","1138","Oddworld: Stranger's Wrath","6587160","55980","83500","8","181","12","0","117.67","Oddworld: Stranger's Wrath"
"Haunting Ground","1139","Haunting Ground","6573120","84660","10668","5","161","12","0","77.64","Haunting Ground"
"Klonoa: Door to Phantomile","1140","Klonoa: Door to Phantomile","6562680","86100","81411","7","158","12","0","76.22","Klonoa: Door to Phantomile"
"BlazBlue: Chrono Phantasma Extend","1141","BlazBlue: Chrono Phantasma Extend","6551280","844680","13597","14","3177","12","1","7.76","BlazBlue: Chrono Phantasma Extend"
"One Troll Army","1142","One Troll Army","6547020","114000","6640","23","588","12","0","57.43","One Troll Army"
"Sunless Sea","1143","Sunless Sea","6546120","284940","2564","14","901","12","0","22.97","Sunless Sea"
"Company of Heroes: Tales of Valor","1144","Company of Heroes: Tales of Valor","6533100","460380","244","8","290","12","0","14.19","Company of Heroes: Tales of Valor"
"Final Fantasy Adventure","1145","Final Fantasy Adventure","6528600","54360","79933","9","81","12","0","120.1","Final Fantasy Adventure"
"Senran Kagura: Shinovi Versus","1146","Senran Kagura: Shinovi Versus","6496080","154500","2732","16","598","12","0","42.05","Senran Kagura: Shinovi Versus"
"Uno","1147","Uno","6461640","74400","8905","8","935","12","0","86.85","Uno"
"The Legend of Zelda: Oracle of Seasons","1148","The Legend of Zelda: Oracle of Seasons","6458820","213180","5986","11","301","12","0","30.3","The Legend of Zelda: Oracle of Seasons"
"League of Angels","1149","League of Angels","6457440","59100","13317","5","230","12","0","109.26","League of Angels"
"Michigan: Report from Hell","1150","Michigan: Report from Hell","6452160","16380","12515","4","54","12","0","393.9","Michigan: Report from Hell"
"Pokémon Diamond/Pearl","1151","Pokémon Diamond/Pearl","6436440","301620","3005","6","759","12","0","21.34","Pokémon Diamond/Pearl"
"Naruto Shippuden: Ultimate Ninja Storm Generations","1152","Naruto Shippuden: Ultimate Ninja Storm Generations","6435540","10200","23450","4","46","12","0","630.94","Naruto Shippuden: Ultimate Ninja Storm Generations"
"Hatoful Boyfriend","1153","Hatoful Boyfriend","6423420","289920","13850","23","1789","12","0","22.16","Hatoful Boyfriend"
"Demon's Crest","1154","Demon's Crest","6421080","52740","93686","8","150","12","0","121.75","Demon's Crest"
"Steins;Gate","1155","Steins;Gate","6405660","166620","3172","5","313","12","0","38.44","Steins;Gate"
"NightCry","1156","NightCry","6404940","80460","35426","9","193","12","0","79.6","NightCry"
"Dark Messiah of Might & Magic","1157","Dark Messiah of Might & Magic","6400080","177000","7530","4","496","12","0","36.16","Dark Messiah of Might & Magic"
"Counter-Strike: Source","1158","Counter-Strike: Source","6391080","1332180","6426","15","8819","12","2","4.8","Counter-Strike: Source"
"Crusaders Quest","1159","Crusaders Quest","6375960","390900","1951","6","205","12","0","16.31","Crusaders Quest"
"God Eater 2: Rage Burst","1160","God Eater 2: Rage Burst","6364680","1111020","32229","86","2833","12","2","5.73","God Eater 2: Rage Burst"
"Kirby Super Star","1161","Kirby Super Star","6363720","178080","31234","7","621","12","0","35.74","Kirby Super Star"
"Indiana Jones and the Temple of Doom","1162","Indiana Jones and the Temple of Doom","6341880","1920","80528","6","13","12","0","3303.06","Indiana Jones and the Temple of Doom"
"Singularity","1163","Singularity","6340620","97140","37133","16","350","12","0","65.27","Singularity"
"Just Dance 2015","1164","Just Dance 2015","6338580","66360","8877","4","461","12","0","95.52","Just Dance 2015"
"Bomberman 64","1165","Bomberman 64","6290160","111300","84389","6","207","11","0","56.52","Bomberman 64"
"Grand Theft Auto","1166","Grand Theft Auto","6288720","136020","13764","17","626","11","0","46.23","Grand Theft Auto"
"Car Mechanic Simulator 2015","1167","Car Mechanic Simulator 2015","6276360","393780","21255","9","1741","11","0","15.94","Car Mechanic Simulator 2015"
"NBA Live 16","1168","NBA Live 16","6251880","1746600","2551","22","6618","11","3","3.58","NBA Live 16"
"The 7th Saga","1169","The 7th Saga","6234600","48060","1307","2","39","11","0","129.73","The 7th Saga"
"F1 2015","1170","F1 2015","6228120","2027040","1160","43","5496","11","3","3.07","F1 2015"
"Age of Mythology: Extended Edition","1171","Age of Mythology: Extended Edition","6213060","403080","3750","10","1090","11","0","15.41","Age of Mythology: Extended Edition"
"Blade Runner","1172","Blade Runner","6202920","16620","6846","3","39","11","0","373.22","Blade Runner"
"The Elder Scrolls: Arena","1173","The Elder Scrolls: Arena","6183120","73080","140500","10","149","11","0","84.61","The Elder Scrolls: Arena"
"ActRaiser","1174","ActRaiser","6164220","67740","91174","8","183","11","0","91","ActRaiser"
"Sonic & All-Stars Racing Transformed","1175","Sonic & All-Stars Racing Transformed","6163560","312420","9489","8","1528","11","0","19.73","Sonic & All-Stars Racing Transformed"
"Bridge Constructor Stunts","1176","Bridge Constructor Stunts","6157980","8220","7896","3","42","11","0","749.15","Bridge Constructor Stunts"
"Samorost 3","1177","Samorost 3","6156960","92580","32445","10","378","11","0","66.5","Samorost 3"
"Bloons TD Battles","1178","Bloons TD Battles","6152640","276480","3846","8","1087","11","0","22.25","Bloons TD Battles"
"Ryse: Son of Rome","1179","Ryse: Son of Rome","6136200","800940","13637","16","4278","11","1","7.66","Ryse: Son of Rome"
"Half-Life 2: Episode One","1180","Half-Life 2: Episode One","6125640","121200","18127","7","499","11","0","50.54","Half-Life 2: Episode One"
"God of War II","1181","God of War II","6110040","91620","4456","3","180","11","0","66.69","God of War II"
"Maniac Mansion: Day of the Tentacle","1182","Maniac Mansion: Day of the Tentacle","6100980","134460","9980","30","499","11","0","45.37","Maniac Mansion: Day of the Tentacle"
"Phoenix Wright: Ace Attorney - Trials and Tribulations","1183","Phoenix Wright: Ace Attorney - Trials and Tribulations","6098460","108060","11029","4","122","11","0","56.44","Phoenix Wright: Ace Attorney - Trials and Tribulations"
"Murdered: Soul Suspect","1184","Murdered: Soul Suspect","6096900","1088820","3646","93","5727","11","2","5.6","Murdered: Soul Suspect"
"Titan Souls","1185","Titan Souls","6077700","403200","17329","9","2333","11","0","15.07","Titan Souls"
"Jalopy","1186","Jalopy","6061020","84420","36731","9","466","11","0","71.8","Jalopy"
"Super Monkey Ball 2","1187","Super Monkey Ball 2","6059760","189600","2113","5","371","11","0","31.96","Super Monkey Ball 2"
"Bloody Trapland","1188","Bloody Trapland","6056040","172140","37821","9","1140","11","0","35.18","Bloody Trapland"
"Mordheim: City of the Damned","1189","Mordheim: City of the Damned","6054540","508200","479","8","685","11","0","11.91","Mordheim: City of the Damned"
"Trials Evolution","1190","Trials Evolution","6043980","255900","6191","24","562","11","0","23.62","Trials Evolution"
"Counter-Strike Online","1191","Counter-Strike Online","6037980","917160","5129","24","3977","11","1","6.58","Counter-Strike Online"
"Gears of War 2","1192","Gears of War 2","6027660","637920","7702","14","2825","11","1","9.45","Gears of War 2"
"Fable Anniversary","1193","Fable Anniversary","6021120","520740","2276","13","1704","11","0","11.56","Fable Anniversary"
"Hotline Miami 2: Wrong Number","1194","Hotline Miami 2: Wrong Number","6020880","661680","28800","14","3928","11","1","9.1","Hotline Miami 2: Wrong Number"
"Sonic the Hedgehog 3","1195","Sonic the Hedgehog 3","5976600","261660","5949","14","1151","11","0","22.84","Sonic the Hedgehog 3"
"Ibb & Obb","1196","Ibb & Obb","5970120","135600","13267","6","723","11","0","44.03","Ibb & Obb"
"DmC Devil May Cry","1197","DmC Devil May Cry","5965380","565440","2445","10","2534","11","1","10.55","DmC Devil May Cry"
"Antichamber","1198","Antichamber","5958900","194820","37873","7","962","11","0","30.59","Antichamber"
"Neon Drive","1199","Neon Drive","5952540","34740","13060","4","201","11","0","171.35","Neon Drive"
"Batman: Arkham City","1200","Batman: Arkham City","5951640","653520","5443","9","1977","11","1","9.11","Batman: Arkham City"