"","","Game","Watch time","Stream time","Peak viewers","Peak channels","Streamers","Average viewers","Average channels","Average viewer ratio",""
"Dungeon Travelers 2: The Royal Library & The Monster Seal","14001","Dungeon Travelers 2: The Royal Library & The Monster Seal","14580","3960","48","1","12","0","0","3.68","Dungeon Travelers 2: The Royal Library & The Monster Seal"
"Tennis","14002","Tennis","33600","9120","46","1","20","0","0","3.68","Tennis"
"Mountain Crime: Requital","14003","Mountain Crime: Requital","9060","2460","13","1","7","0","0","3.68","Mountain Crime: Requital"
"Soul Nomad & the World Eaters","14004","Soul Nomad & the World Eaters","62940","17100","36","1","21","0","0","3.68","Soul Nomad & the World Eaters"
"Alien vs. Predator","14005","Alien vs. Predator","117480","31920","313","3","135","0","0","3.68","Alien vs. Predator"
"SpellForce: The Order of Dawn","14006","SpellForce: The Order of Dawn","83340","22620","208","3","45","0","0","3.68","SpellForce: The Order of Dawn"
"Naruto: Clash of Ninja 2","14007","Naruto: Clash of Ninja 2","27600","7500","108","2","28","0","0","3.68","Naruto: Clash of Ninja 2"
"Cultris II","14008","Cultris II","37800","10260","77","2","35","0","0","3.68","Cultris II"
"The Fall","14009","The Fall","261720","71160","126","6","375","0","0","3.68","The Fall"
"Assassin's Creed Chronicles: China","14010","Assassin's Creed Chronicles: China","1527120","415200","3029","40","3187","2","0","3.68","Assassin's Creed Chronicles: China"
"Suikoden V","14011","Suikoden V","265140","72000","50","3","59","0","0","3.68","Suikoden V"
"Eiyuu Senki: The World Conquest","14012","Eiyuu Senki: The World Conquest","17880","4860","22","1","11","0","0","3.68","Eiyuu Senki: The World Conquest"
"Hyper Ilia","14013","Hyper Ilia","8160","2220","31","1","2","0","0","3.68","Hyper Ilia"
"The New Zealand Story","14014","The New Zealand Story","12600","3420","38","1","18","0","0","3.68","The New Zealand Story"
"Gyromancer","14015","Gyromancer","15000","4080","109","1","15","0","0","3.68","Gyromancer"
"Wetrix","14016","Wetrix","6180","1680","19","1","4","0","0","3.68","Wetrix"
"Rugrats: Royal Ransom","14017","Rugrats: Royal Ransom","9720","2640","96","2","11","0","0","3.68","Rugrats: Royal Ransom"
"Midair","14018","Midair","463440","126060","243","6","81","0","0","3.68","Midair"
"Hashire Hebereke","14019","Hashire Hebereke","1980","540","15","2","2","0","0","3.67","Hashire Hebereke"
"Tournament of Legends","14020","Tournament of Legends","660","180","9","1","2","0","0","3.67","Tournament of Legends"
"Sudden Strike","14021","Sudden Strike","3300","900","28","1","2","0","0","3.67","Sudden Strike"
"Pac-Land","14022","Pac-Land","660","180","9","1","2","0","0","3.67","Pac-Land"
"Phoenix 3","14023","Phoenix 3","1320","360","11","1","3","0","0","3.67","Phoenix 3"
"Ridiculous Fishing - A Tale of Redemption","14024","Ridiculous Fishing - A Tale of Redemption","1320","360","34","1","3","0","0","3.67","Ridiculous Fishing - A Tale of Redemption"
"Home Run Derby","14025","Home Run Derby","660","180","4","1","1","0","0","3.67","Home Run Derby"
"Robin Hood: Defender of the Crown","14026","Robin Hood: Defender of the Crown","3960","1080","21","1","5","0","0","3.67","Robin Hood: Defender of the Crown"
"Another Bible","14027","Another Bible","3300","900","9","1","2","0","0","3.67","Another Bible"
"Baseball Mogul 2003","14028","Baseball Mogul 2003","660","180","8","1","0","0","0","3.67","Baseball Mogul 2003"
"NFL Blitz 20-02","14029","NFL Blitz 20-02","1320","360","9","1","3","0","0","3.67","NFL Blitz 20-02"
"Puzzelate","14030","Puzzelate","660","180","6","1","1","0","0","3.67","Puzzelate"
"Robobolt","14031","Robobolt","660","180","6","1","1","0","0","3.67","Robobolt"
"Cursed Sight","14032","Cursed Sight","1980","540","8","1","2","0","0","3.67","Cursed Sight"
"Cy Girls","14033","Cy Girls","660","180","5","1","1","0","0","3.67","Cy Girls"
"Backyard Sports: Rookie Rush","14034","Backyard Sports: Rookie Rush","660","180","5","1","1","0","0","3.67","Backyard Sports: Rookie Rush"
"Battlestick","14035","Battlestick","660","180","7","1","12","0","0","3.67","Battlestick"
"Honey Rose: Underdog Fighter Extraordinaire","14036","Honey Rose: Underdog Fighter Extraordinaire","3960","1080","10","1","4","0","0","3.67","Honey Rose: Underdog Fighter Extraordinaire"
"Type da Puyo Puyo","14037","Type da Puyo Puyo","660","180","6","1","1","0","0","3.67","Type da Puyo Puyo"
"WWE SLAM: Card Trader","14038","WWE SLAM: Card Trader","660","180","6","1","1","0","0","3.67","WWE SLAM: Card Trader"
"Trashmania Trilogy","14039","Trashmania Trilogy","660","180","6","1","2","0","0","3.67","Trashmania Trilogy"
"International Karate Advanced","14040","International Karate Advanced","660","180","5","1","1","0","0","3.67","International Karate Advanced"
"Fuzzy's World of Miniature Space Golf","14041","Fuzzy's World of Miniature Space Golf","660","180","9","1","2","0","0","3.67","Fuzzy's World of Miniature Space Golf"
"In Your Face","14042","In Your Face","660","180","8","1","2","0","0","3.67","In Your Face"
"Dragonstomper","14043","Dragonstomper","660","180","7","1","1","0","0","3.67","Dragonstomper"
"Submarine Attack","14044","Submarine Attack","1320","360","14","4","1","0","0","3.67","Submarine Attack"
"Super Tokusatsu Taisen 2001","14045","Super Tokusatsu Taisen 2001","660","180","7","1","1","0","0","3.67","Super Tokusatsu Taisen 2001"
"Nanoloop","14046","Nanoloop","660","180","6","1","1","0","0","3.67","Nanoloop"
"Fiendish Freddy's Big Top O' Fun","14047","Fiendish Freddy's Big Top O' Fun","660","180","6","1","1","0","0","3.67","Fiendish Freddy's Big Top O' Fun"
"Prehistoric Isle in 1930","14048","Prehistoric Isle in 1930","660","180","9","1","3","0","0","3.67","Prehistoric Isle in 1930"
"Jeopardy! 25th Anniversary Edition","14049","Jeopardy! 25th Anniversary Edition","2640","720","9","1","4","0","0","3.67","Jeopardy! 25th Anniversary Edition"
"Weird Park: The Final Show","14050","Weird Park: The Final Show","5280","1440","12","1","5","0","0","3.67","Weird Park: The Final Show"
"Incursion","14051","Incursion","660","180","6","1","1","0","0","3.67","Incursion"
"BloodNet","14052","BloodNet","1320","360","9","1","2","0","0","3.67","BloodNet"
"Eat Lead: The Return of Matt Hazard","14053","Eat Lead: The Return of Matt Hazard","8580","2340","19","1","9","0","0","3.67","Eat Lead: The Return of Matt Hazard"
"Time Fcuk","14054","Time Fcuk","1980","540","17","1","3","0","0","3.67","Time Fcuk"
"Adventure Island: The Beginning","14055","Adventure Island: The Beginning","660","180","4","1","1","0","0","3.67","Adventure Island: The Beginning"
"The Screamer","14056","The Screamer","1320","360","6","1","1","0","0","3.67","The Screamer"
"Cloud Chamber","14057","Cloud Chamber","660","180","6","1","1","0","0","3.67","Cloud Chamber"
"Data East Arcade Classics","14058","Data East Arcade Classics","660","180","6","1","2","0","0","3.67","Data East Arcade Classics"
"Inspector Gadget Mad Robots Invasion","14059","Inspector Gadget Mad Robots Invasion","660","180","5","1","1","0","0","3.67","Inspector Gadget Mad Robots Invasion"
"Kaijuu Monogatari","14060","Kaijuu Monogatari","660","180","5","1","1","0","0","3.67","Kaijuu Monogatari"
"Lunatic Dawn","14061","Lunatic Dawn","1320","360","6","1","1","0","0","3.67","Lunatic Dawn"
"Cult of the Wind","14062","Cult of the Wind","1980","540","11","1","6","0","0","3.67","Cult of the Wind"
"Fluidity","14063","Fluidity","660","180","7","1","2","0","0","3.67","Fluidity"
"Telltale Texas Hold'em","14064","Telltale Texas Hold'em","660","180","8","1","2","0","0","3.67","Telltale Texas Hold'em"
"ChargeShot","14065","ChargeShot","2640","720","10","1","7","0","0","3.67","ChargeShot"
"Ragnarok Online / Grand Chase","14066","Ragnarok Online / Grand Chase","3300","900","12","1","4","0","0","3.67","Ragnarok Online / Grand Chase"
"Really? Really!","14067","Really? Really!","1980","540","15","1","3","0","0","3.67","Really? Really!"
"Mahjongg","14068","Mahjongg","3300","900","22","1","6","0","0","3.67","Mahjongg"
"Midnight Mysteries: The Edgar Allan Poe Conspiracy","14069","Midnight Mysteries: The Edgar Allan Poe Conspiracy","1320","360","8","1","1","0","0","3.67","Midnight Mysteries: The Edgar Allan Poe Conspiracy"
"Ultionus: A Tale of Petty Revenge","14070","Ultionus: A Tale of Petty Revenge","4620","1260","14","1","9","0","0","3.67","Ultionus: A Tale of Petty Revenge"
"Atom Zombie Smasher","14071","Atom Zombie Smasher","17400","4740","52","1","28","0","0","3.67","Atom Zombie Smasher"
"RPG Tsukuru 2003","14072","RPG Tsukuru 2003","14100","3840","12","2","11","0","0","3.67","RPG Tsukuru 2003"
"The Battle of Sol","14073","The Battle of Sol","660","180","7","1","2","0","0","3.67","The Battle of Sol"
"EverQuest Next","14074","EverQuest Next","1320","360","11","1","2","0","0","3.67","EverQuest Next"
"Foreign Legion: Multi Massacre","14075","Foreign Legion: Multi Massacre","1320","360","11","1","2","0","0","3.67","Foreign Legion: Multi Massacre"
"Fairy Bloom Freesia","14076","Fairy Bloom Freesia","33180","9060","53","1","52","0","0","3.66","Fairy Bloom Freesia"
"MirrorMoon EP","14077","MirrorMoon EP","12300","3360","41","1","19","0","0","3.66","MirrorMoon EP"
"Tony Hawk's Proving Ground","14078","Tony Hawk's Proving Ground","9660","2640","18","2","14","0","0","3.66","Tony Hawk's Proving Ground"
"Red Faction: Guerrilla","14079","Red Faction: Guerrilla","331200","90600","932","3","357","0","0","3.66","Red Faction: Guerrilla"
"Borderlands: The Pre-Sequel!","14080","Borderlands: The Pre-Sequel!","8053920","2199000","1398","45","8732","15","4","3.66","Borderlands: The Pre-Sequel!"
"Forza Horizon","14081","Forza Horizon","1983900","541800","5224","42","3670","3","1","3.66","Forza Horizon"
"Copy Kitty","14082","Copy Kitty","99600","27240","31","3","50","0","0","3.66","Copy Kitty"
"Ben There, Dan That!","14083","Ben There, Dan That!","7440","2040","24","1","13","0","0","3.65","Ben There, Dan That!"
"Knightmare Tower","14084","Knightmare Tower","4380","1200","15","1","9","0","0","3.65","Knightmare Tower"
"Command & Conquer: Tiberian Sun Firestorm","14085","Command & Conquer: Tiberian Sun Firestorm","18600","5100","23","2","18","0","0","3.65","Command & Conquer: Tiberian Sun Firestorm"
"Gunhound EX","14086","Gunhound EX","8760","2400","21","1","18","0","0","3.65","Gunhound EX"
"Grand Prix 2","14087","Grand Prix 2","30900","8460","12","2","3","0","0","3.65","Grand Prix 2"
"Space Game","14088","Space Game","3720","1020","14","1","4","0","0","3.65","Space Game"
"Puzzler World 2","14089","Puzzler World 2","5040","1380","15","1","4","0","0","3.65","Puzzler World 2"
"Tom Clancy's Rainbow Six: Vegas","14090","Tom Clancy's Rainbow Six: Vegas","167700","45960","1159","3","206","0","0","3.65","Tom Clancy's Rainbow Six: Vegas"
"Arcana","14091","Arcana","19920","5460","32","1","8","0","0","3.65","Arcana"
"Gunscape","14092","Gunscape","122820","33660","90","6","153","0","0","3.65","Gunscape"
"Only If","14093","Only If","107700","29520","140","2","200","0","0","3.65","Only If"
"Desktop Dungeons","14094","Desktop Dungeons","90840","24900","287","3","129","0","0","3.65","Desktop Dungeons"
"Kirby's Star Stacker","14095","Kirby's Star Stacker","24900","6840","89","1","14","0","0","3.64","Kirby's Star Stacker"
"Wii Play","14096","Wii Play","12240","3360","62","1","22","0","0","3.64","Wii Play"
"Super Pang II","14097","Super Pang II","4800","1320","9","2","6","0","0","3.64","Super Pang II"
"Lost Planet 3","14098","Lost Planet 3","277140","76200","371","14","300","0","0","3.64","Lost Planet 3"
"State of War","14099","State of War","3060","840","10","1","4","0","0","3.64","State of War"
"1954: Alcatraz","14100","1954: Alcatraz","42840","11760","38","1","44","0","0","3.64","1954: Alcatraz"