"","","Game","Watch time","Stream time","Peak viewers","Peak channels","Streamers","Average viewers","Average channels","Average viewer ratio",""
"Anonymous;Code","10001","Anonymous;Code","2100","300","26","1","2","0","0","7","Anonymous;Code"
"Shadow Madness","10002","Shadow Madness","37380","5340","25","1","8","0","0","7","Shadow Madness"
"SpaceStationSim","10003","SpaceStationSim","420","60","8","1","1","0","0","7","SpaceStationSim"
"Tokyo Bus Guide","10004","Tokyo Bus Guide","420","60","7","1","1","0","0","7","Tokyo Bus Guide"
"Naruto Shippuden: Kizuna Drive","10005","Naruto Shippuden: Kizuna Drive","1680","240","26","1","2","0","0","7","Naruto Shippuden: Kizuna Drive"
"Dukes of Hazzard: Racing for Home","10006","Dukes of Hazzard: Racing for Home","2100","300","10","1","1","0","0","7","Dukes of Hazzard: Racing for Home"
"Rally-X","10007","Rally-X","420","60","7","1","1","0","0","7","Rally-X"
"Return of the Incredible Machine: Contraptions","10008","Return of the Incredible Machine: Contraptions","12180","1740","65","1","3","0","0","7","Return of the Incredible Machine: Contraptions"
"Life Quest 2: Metropoville","10009","Life Quest 2: Metropoville","420","60","7","1","0","0","0","7","Life Quest 2: Metropoville"
"City Crisis","10010","City Crisis","420","60","7","1","1","0","0","7","City Crisis"
"Brick Breaker II Turbo","10011","Brick Breaker II Turbo","840","120","9","1","1","0","0","7","Brick Breaker II Turbo"
"Bob's Full House","10012","Bob's Full House","2940","420","14","1","1","0","0","7","Bob's Full House"
"Bleak","10013","Bleak","5040","720","97","1","3","0","0","7","Bleak"
"BALLOONrain","10014","BALLOONrain","1260","180","9","1","1","0","0","7","BALLOONrain"
"Youkai Club","10015","Youkai Club","1260","180","15","1","1","0","0","7","Youkai Club"
"Cabela's Big Game Hunter II","10016","Cabela's Big Game Hunter II","1260","180","9","1","1","0","0","7","Cabela's Big Game Hunter II"
"Queen's Golf","10017","Queen's Golf","1260","180","9","1","1","0","0","7","Queen's Golf"
"Don't Buy This","10018","Don't Buy This","420","60","7","1","1","0","0","7","Don't Buy This"
"Man Boobs Are Candy Corn","10019","Man Boobs Are Candy Corn","4620","660","12","1","3","0","0","7","Man Boobs Are Candy Corn"
"PixelJunk SideScroller","10020","PixelJunk SideScroller","1260","180","13","1","3","0","0","7","PixelJunk SideScroller"
"Frogger's Adventures 2: The Lost Wand","10021","Frogger's Adventures 2: The Lost Wand","5460","780","28","1","4","0","0","7","Frogger's Adventures 2: The Lost Wand"
"Pixeline: Star Hotel","10022","Pixeline: Star Hotel","420","60","9","1","1","0","0","7","Pixeline: Star Hotel"
"Gunsuit","10023","Gunsuit","2100","300","16","1","1","0","0","7","Gunsuit"
"Mr. Robot and His Robot Factory","10024","Mr. Robot and His Robot Factory","420","60","9","1","2","0","0","7","Mr. Robot and His Robot Factory"
"Bloody Wolf","10025","Bloody Wolf","9660","1380","34","2","6","0","0","7","Bloody Wolf"
"Murky Horizon","10026","Murky Horizon","840","120","8","1","1","0","0","7","Murky Horizon"
"There","10027","There","7980","1140","46","1","2","0","0","7","There"
"Hot Wheels Williams F1: Team Racer","10028","Hot Wheels Williams F1: Team Racer","420","60","7","1","1","0","0","7","Hot Wheels Williams F1: Team Racer"
"Nikujin","10029","Nikujin","840","120","9","1","0","0","0","7","Nikujin"
"Conqueror: A.D. 1086","10030","Conqueror: A.D. 1086","420","60","7","1","0","0","0","7","Conqueror: A.D. 1086"
"Godzilla Doki Doki Kaiju-tou!!","10031","Godzilla Doki Doki Kaiju-tou!!","420","60","7","1","1","0","0","7","Godzilla Doki Doki Kaiju-tou!!"
"Super Bases Loaded 3: License to Steal","10032","Super Bases Loaded 3: License to Steal","420","60","11","1","1","0","0","7","Super Bases Loaded 3: License to Steal"
"My Fantasy Wedding","10033","My Fantasy Wedding","840","120","8","1","1","0","0","7","My Fantasy Wedding"
"The Castles of Dr. Creep","10034","The Castles of Dr. Creep","840","120","9","1","1","0","0","7","The Castles of Dr. Creep"
"Laser Squad","10035","Laser Squad","1260","180","8","1","1","0","0","7","Laser Squad"
"SWR JST DX Selective Memory Erase Effect","10036","SWR JST DX Selective Memory Erase Effect","420","60","8","1","0","0","0","7","SWR JST DX Selective Memory Erase Effect"
"Shoot the Rocks","10037","Shoot the Rocks","1680","240","15","1","2","0","0","7","Shoot the Rocks"
"Nintendo 3DS Guide: Louvre","10038","Nintendo 3DS Guide: Louvre","1260","180","11","1","1","0","0","7","Nintendo 3DS Guide: Louvre"
"Silent Hill: The Escape","10039","Silent Hill: The Escape","420","60","7","1","0","0","0","7","Silent Hill: The Escape"
"Cardcaptor Sakura: Tomoyo's Video War","10040","Cardcaptor Sakura: Tomoyo's Video War","840","120","9","1","1","0","0","7","Cardcaptor Sakura: Tomoyo's Video War"
"Sonic Tweet","10041","Sonic Tweet","420","60","8","1","1","0","0","7","Sonic Tweet"
"Earthquake San Francisco 1906","10042","Earthquake San Francisco 1906","840","120","9","1","1","0","0","7","Earthquake San Francisco 1906"
"Jeopardy!: America's Favorite Quiz Show","10043","Jeopardy!: America's Favorite Quiz Show","840","120","8","1","1","0","0","7","Jeopardy!: America's Favorite Quiz Show"
"Pesco","10044","Pesco","1260","180","9","1","1","0","0","7","Pesco"
"Triplane Turmoil","10045","Triplane Turmoil","420","60","7","1","0","0","0","7","Triplane Turmoil"
"Smash Up","10046","Smash Up","27720","3960","45","2","30","0","0","7","Smash Up"
"Overturn: Mecha Wars","10047","Overturn: Mecha Wars","420","60","7","1","2","0","0","7","Overturn: Mecha Wars"
"Atavism MMO Creator","10048","Atavism MMO Creator","3780","540","16","1","2","0","0","7","Atavism MMO Creator"
"Dancing Furby","10049","Dancing Furby","840","120","9","1","2","0","0","7","Dancing Furby"
"Mobile Suit Gundam: Climax U.C.","10050","Mobile Suit Gundam: Climax U.C.","420","60","7","1","0","0","0","7","Mobile Suit Gundam: Climax U.C."
"Lifeguard","10051","Lifeguard","420","60","7","1","1","0","0","7","Lifeguard"
"Powermonger: World War 1 Edition","10052","Powermonger: World War 1 Edition","420","60","7","1","1","0","0","7","Powermonger: World War 1 Edition"
"78641","10053","78641","420","60","7","1","1","0","0","7","78641"
"Lucifer Ring","10054","Lucifer Ring","840","120","9","1","1","0","0","7","Lucifer Ring"
"Orake 2D","10055","Orake 2D","19320","2760","16","1","1","0","0","7","Orake 2D"
"Packs World 2","10056","Packs World 2","840","120","10","1","1","0","0","7","Packs World 2"
"Heroes of Umbra","10057","Heroes of Umbra","420","60","7","1","1","0","0","7","Heroes of Umbra"
"Ram It","10058","Ram It","420","60","8","1","1","0","0","7","Ram It"
"Silicon Dreams","10059","Silicon Dreams","420","60","7","1","1","0","0","7","Silicon Dreams"
"No Heroes","10060","No Heroes","420","60","7","1","0","0","0","7","No Heroes"
"Hands On! Pattern Blocks","10061","Hands On! Pattern Blocks","2520","360","13","1","1","0","0","7","Hands On! Pattern Blocks"
"BoBo","10062","BoBo","420","60","7","1","1","0","0","7","BoBo"
"Liar: Legend of the Sword","10063","Liar: Legend of the Sword","420","60","12","1","1","0","0","7","Liar: Legend of the Sword"
"QuickPick Farmer","10064","QuickPick Farmer","420","60","7","1","0","0","0","7","QuickPick Farmer"
"Left-Hand Path","10065","Left-Hand Path","420","60","10","1","1","0","0","7","Left-Hand Path"
"Kaizoku Sentai Gokaiger: Atsumete Henshin! 35 Sentai","10066","Kaizoku Sentai Gokaiger: Atsumete Henshin! 35 Sentai","420","60","7","1","0","0","0","7","Kaizoku Sentai Gokaiger: Atsumete Henshin! 35 Sentai"
"Nancy Drew: Last Train to Blue Moon Canyon","10067","Nancy Drew: Last Train to Blue Moon Canyon","31440","4500","43","1","15","0","0","6.99","Nancy Drew: Last Train to Blue Moon Canyon"
"Foul Play","10068","Foul Play","169860","24300","409","3","125","0","0","6.99","Foul Play"
"Receiver","10069","Receiver","219060","31320","1164","2","191","0","0","6.99","Receiver"
"Sinister City","10070","Sinister City","20520","2940","45","1","16","0","0","6.98","Sinister City"
"Alpha Polaris","10071","Alpha Polaris","58620","8400","128","2","30","0","0","6.98","Alpha Polaris"
"The Lord of the Rings: The Fellowship of the Ring","10072","The Lord of the Rings: The Fellowship of the Ring","41040","5880","53","1","15","0","0","6.98","The Lord of the Rings: The Fellowship of the Ring"
"Peggle","10073","Peggle","1197480","171540","728","18","1176","2","0","6.98","Peggle"
"Project Treasure (working title)","10074","Project Treasure (working title)","17160","2460","40","2","12","0","0","6.98","Project Treasure (working title)"
"Naruto Shippuden: Ultimate Ninja Impact","10075","Naruto Shippuden: Ultimate Ninja Impact","24300","3480","80","1","16","0","0","6.98","Naruto Shippuden: Ultimate Ninja Impact"
"Yu-Gi-Oh! World Championship 2007","10076","Yu-Gi-Oh! World Championship 2007","15900","2280","207","1","7","0","0","6.97","Yu-Gi-Oh! World Championship 2007"
"Superbrothers: Sword & Sworcery EP","10077","Superbrothers: Sword & Sworcery EP","130980","18780","677","2","84","0","0","6.97","Superbrothers: Sword & Sworcery EP"
"Victoria II","10078","Victoria II","1091280","156600","922","5","276","2","0","6.97","Victoria II"
"Wargame: Red Dragon","10079","Wargame: Red Dragon","3465720","497460","1158","8","773","6","0","6.97","Wargame: Red Dragon"
"Heretic","10080","Heretic","434760","62400","171","3","141","0","0","6.97","Heretic"
"Talisman Digital Edition","10081","Talisman Digital Edition","1029720","147840","1473","4","440","1","0","6.97","Talisman Digital Edition"
"The Last Story","10082","The Last Story","262080","37620","511","2","53","0","0","6.97","The Last Story"
"LandStalker: The Treasures of King Nole","10083","LandStalker: The Treasures of King Nole","235860","33840","137","3","57","0","0","6.97","LandStalker: The Treasures of King Nole"
"rFactor 2","10084","rFactor 2","998700","143400","1625","8","258","1","0","6.96","rFactor 2"
"War for the Overworld","10085","War for the Overworld","571920","82200","1111","4","320","1","0","6.96","War for the Overworld"
"Summon Night: Swordcraft Story","10086","Summon Night: Swordcraft Story","177180","25440","114","2","42","0","0","6.96","Summon Night: Swordcraft Story"
"Bomberman II","10087","Bomberman II","47160","6780","112","1","24","0","0","6.96","Bomberman II"
"Smurf Racer","10088","Smurf Racer","11700","1680","32","1","6","0","0","6.96","Smurf Racer"
"Turrican II: The Final Fight","10089","Turrican II: The Final Fight","25860","3720","83","1","18","0","0","6.95","Turrican II: The Final Fight"
"Cyberpunk 2077","10090","Cyberpunk 2077","8760","1260","21","1","3","0","0","6.95","Cyberpunk 2077"
"Valkyria Chronicles II","10091","Valkyria Chronicles II","263940","37980","273","3","47","0","0","6.95","Valkyria Chronicles II"
"Heavenly Sword","10092","Heavenly Sword","189240","27240","570","2","40","0","0","6.95","Heavenly Sword"
"Multiplay","10093","Multiplay","162720","23400","106","2","71","0","0","6.95","Multiplay"
"Sonic Blast","10094","Sonic Blast","25440","3660","74","3","11","0","0","6.95","Sonic Blast"
"Brave Frontier","10095","Brave Frontier","4698960","676020","500","8","606","8","1","6.95","Brave Frontier"
"Funk of Titans","10096","Funk of Titans","53820","7740","189","2","42","0","0","6.95","Funk of Titans"
"Power Blade","10097","Power Blade","48300","6960","73","1","27","0","0","6.94","Power Blade"
"Cardfight!! Vanguard: Ride to Victory!!","10098","Cardfight!! Vanguard: Ride to Victory!!","121920","17580","70","3","30","0","0","6.94","Cardfight!! Vanguard: Ride to Victory!!"
"The Emperor's New Groove","10099","The Emperor's New Groove","58260","8400","94","2","23","0","0","6.94","The Emperor's New Groove"
"Blinx the Time Sweeper","10100","Blinx the Time Sweeper","65400","9420","67","2","18","0","0","6.94","Blinx the Time Sweeper"