"","","Game","Watch time","Stream time","Peak viewers","Peak channels","Streamers","Average viewers","Average channels","Average viewer ratio",""
"Psychotoxic","12801","Psychotoxic","1320","300","7","1","2","0","0","4.4","Psychotoxic"
"Birdopolis","12802","Birdopolis","1320","300","6","1","2","0","0","4.4","Birdopolis"
"Planet of the Apes","12803","Planet of the Apes","34560","7860","176","1","7","0","0","4.4","Planet of the Apes"
"Spoiler Alert","12804","Spoiler Alert","11580","2640","36","1","20","0","0","4.39","Spoiler Alert"
"Namco x Capcom","12805","Namco x Capcom","34740","7920","74","1","28","0","0","4.39","Namco x Capcom"
"X-Men Origins: Wolverine","12806","X-Men Origins: Wolverine","90840","20700","121","2","62","0","0","4.39","X-Men Origins: Wolverine"
"Fruit Ninja","12807","Fruit Ninja","34500","7860","378","1","46","0","0","4.39","Fruit Ninja"
"Folklore","12808","Folklore","100920","22980","39","2","38","0","0","4.39","Folklore"
"Yet Another Zombie Defense","12809","Yet Another Zombie Defense","207660","47340","457","3","337","0","0","4.39","Yet Another Zombie Defense"
"Clicker Heroes","12810","Clicker Heroes","10971060","2497800","735","16","2075","20","4","4.39","Clicker Heroes"
"Brick Rigs","12811","Brick Rigs","21060","4800","121","3","33","0","0","4.39","Brick Rigs"
"Wand Wars","12812","Wand Wars","14460","3300","46","3","26","0","0","4.38","Wand Wars"
"TD Overdrive: The Brotherhood of Speed","12813","TD Overdrive: The Brotherhood of Speed","2100","480","15","1","1","0","0","4.38","TD Overdrive: The Brotherhood of Speed"
"Help Volty","12814","Help Volty","2100","480","13","1","5","0","0","4.38","Help Volty"
"Scooby-Doo: Phantom of the Knight","12815","Scooby-Doo: Phantom of the Knight","2100","480","28","1","2","0","0","4.38","Scooby-Doo: Phantom of the Knight"
"Soldier Blade","12816","Soldier Blade","4200","960","20","1","6","0","0","4.38","Soldier Blade"
"Scratch: The Ultimate DJ","12817","Scratch: The Ultimate DJ","2100","480","8","1","2","0","0","4.38","Scratch: The Ultimate DJ"
"Crystals of Time","12818","Crystals of Time","23400","5340","34","1","28","0","0","4.38","Crystals of Time"
"Puzzle Quest: Challenge of the Warlords","12819","Puzzle Quest: Challenge of the Warlords","39180","8940","46","2","62","0","0","4.38","Puzzle Quest: Challenge of the Warlords"
"Tom Clancy's Rainbow 6: Patriots","12820","Tom Clancy's Rainbow 6: Patriots","5368140","1226640","12756","15","7215","10","2","4.38","Tom Clancy's Rainbow 6: Patriots"
"Rocket Ranger","12821","Rocket Ranger","2100","480","34","1","6","0","0","4.38","Rocket Ranger"
"Minion Master","12822","Minion Master","18120","4140","34","7","21","0","0","4.38","Minion Master"
"Ice Age","12823","Ice Age","4200","960","21","2","6","0","0","4.38","Ice Age"
"Mr. Driller: Drill Land","12824","Mr. Driller: Drill Land","10500","2400","90","1","8","0","0","4.38","Mr. Driller: Drill Land"
"Aurion: Legacy of the Kori-Odan","12825","Aurion: Legacy of the Kori-Odan","101100","23100","309","4","39","0","0","4.38","Aurion: Legacy of the Kori-Odan"
"Street Fighter Series","12826","Street Fighter Series","3420","780","18","1","6","0","0","4.38","Street Fighter Series"
"Giana Sisters: Dream Runners","12827","Giana Sisters: Dream Runners","8400","1920","71","1","14","0","0","4.38","Giana Sisters: Dream Runners"
"Dance Dance Revolution X2","12828","Dance Dance Revolution X2","9960","2280","57","1","6","0","0","4.37","Dance Dance Revolution X2"
"Knights of Pen & Paper II","12829","Knights of Pen & Paper II","110700","25320","75","2","104","0","0","4.37","Knights of Pen & Paper II"
"The Incredibles","12830","The Incredibles","56640","12960","17","1","20","0","0","4.37","The Incredibles"
"Test Drive Unlimited","12831","Test Drive Unlimited","82080","18780","335","2","88","0","0","4.37","Test Drive Unlimited"
"Dynamite Headdy","12832","Dynamite Headdy","82260","18840","46","2","56","0","0","4.37","Dynamite Headdy"
"Eden Eternal","12833","Eden Eternal","280980","64260","58","3","117","0","0","4.37","Eden Eternal"
"Satellite Reign","12834","Satellite Reign","379380","87000","131","4","270","0","0","4.36","Satellite Reign"
"Killzone 3","12835","Killzone 3","27960","6420","38","1","24","0","0","4.36","Killzone 3"
"Golvellius: Valley of Doom","12836","Golvellius: Valley of Doom","18300","4200","34","1","6","0","0","4.36","Golvellius: Valley of Doom"
"UFO","12837","UFO","3660","840","29","1","7","0","0","4.36","UFO"
"Ultraman: Towards the Future","12838","Ultraman: Towards the Future","3660","840","21","1","5","0","0","4.36","Ultraman: Towards the Future"
"HeroWarz","12839","HeroWarz","1016340","232860","277","14","520","1","0","4.36","HeroWarz"
"Planet of the Eyes","12840","Planet of the Eyes","27960","6420","78","2","41","0","0","4.36","Planet of the Eyes"
"Vangers","12841","Vangers","8640","1980","32","1","7","0","0","4.36","Vangers"
"Secret Files 2: Puritas Cordis","12842","Secret Files 2: Puritas Cordis","13080","3000","12","1","5","0","0","4.36","Secret Files 2: Puritas Cordis"
"Burokku Girls","12843","Burokku Girls","2880","660","12","1","4","0","0","4.36","Burokku Girls"
"Nancy Drew Dossier: Lights, Camera, Curses!","12844","Nancy Drew Dossier: Lights, Camera, Curses!","3660","840","9","1","4","0","0","4.36","Nancy Drew Dossier: Lights, Camera, Curses!"
"Muv-Luv Alternative","12845","Muv-Luv Alternative","56880","13080","22","2","7","0","0","4.35","Muv-Luv Alternative"
"Gobliins 2: The Prince Buffoon","12846","Gobliins 2: The Prince Buffoon","12000","2760","73","1","7","0","0","4.35","Gobliins 2: The Prince Buffoon"
"Pepper II","12847","Pepper II","5220","1200","16","1","2","0","0","4.35","Pepper II"
"beatmania IIDX 9th style","12848","beatmania IIDX 9th style","4440","1020","18","1","7","0","0","4.35","beatmania IIDX 9th style"
"Guardian's Crusade","12849","Guardian's Crusade","27420","6300","24","1","15","0","0","4.35","Guardian's Crusade"
"Jeanne d'Arc","12850","Jeanne d'Arc","40980","9420","22","1","18","0","0","4.35","Jeanne d'Arc"
"Star Trek","12851","Star Trek","138660","31860","135","3","128","0","0","4.35","Star Trek"
"Valis IV","12852","Valis IV","38040","8760","54","1","10","0","0","4.34","Valis IV"
"Don't Shit Your Pants","12853","Don't Shit Your Pants","13800","3180","81","1","20","0","0","4.34","Don't Shit Your Pants"
"Tenchu 2: Birth of the Stealth Assassins","12854","Tenchu 2: Birth of the Stealth Assassins","65880","15180","173","2","44","0","0","4.34","Tenchu 2: Birth of the Stealth Assassins"
"Digimon Rumble Arena 2","12855","Digimon Rumble Arena 2","32280","7440","89","2","35","0","0","4.34","Digimon Rumble Arena 2"
"Pop'n Music Lapistoria","12856","Pop'n Music Lapistoria","11460","2640","27","2","5","0","0","4.34","Pop'n Music Lapistoria"
"High School Musical: Sing It!","12857","High School Musical: Sing It!","780","180","7","1","1","0","0","4.33","High School Musical: Sing It!"
"Bleach: Heat the Soul 5","12858","Bleach: Heat the Soul 5","1560","360","6","1","1","0","0","4.33","Bleach: Heat the Soul 5"
"Green Game: TimeSwapper","12859","Green Game: TimeSwapper","780","180","7","1","2","0","0","4.33","Green Game: TimeSwapper"
"Oxyd Extra","12860","Oxyd Extra","780","180","10","1","1","0","0","4.33","Oxyd Extra"
"Icewind Dale II: Adventure Pack","12861","Icewind Dale II: Adventure Pack","780","180","7","1","1","0","0","4.33","Icewind Dale II: Adventure Pack"
"Arcticfox","12862","Arcticfox","780","180","8","1","1","0","0","4.33","Arcticfox"
"Zenge","12863","Zenge","5460","1260","18","1","14","0","0","4.33","Zenge"
"Eclipse: New Dawn for the Galaxy","12864","Eclipse: New Dawn for the Galaxy","2340","540","18","1","2","0","0","4.33","Eclipse: New Dawn for the Galaxy"
"Girls' Fashion Shoot","12865","Girls' Fashion Shoot","780","180","7","1","1","0","0","4.33","Girls' Fashion Shoot"
"Monsters, Inc. Scream Arena","12866","Monsters, Inc. Scream Arena","780","180","7","1","2","0","0","4.33","Monsters, Inc. Scream Arena"
"Toy Story 2: Woody Sousaku Daisakusen!!","12867","Toy Story 2: Woody Sousaku Daisakusen!!","1560","360","10","1","4","0","0","4.33","Toy Story 2: Woody Sousaku Daisakusen!!"
"Your Shape Fitness Evolved 2013","12868","Your Shape Fitness Evolved 2013","780","180","11","1","1","0","0","4.33","Your Shape Fitness Evolved 2013"
"Poi","12869","Poi","84960","19620","64","3","112","0","0","4.33","Poi"
"Army Men: World War: Team Assault","12870","Army Men: World War: Team Assault","780","180","7","1","1","0","0","4.33","Army Men: World War: Team Assault"
"Another Case Solved","12871","Another Case Solved","780","180","5","1","1","0","0","4.33","Another Case Solved"
"Crossroads","12872","Crossroads","780","180","5","1","1","0","0","4.33","Crossroads"
"Outdoorsman Mania","12873","Outdoorsman Mania","780","180","15","1","2","0","0","4.33","Outdoorsman Mania"
"Pew Pew Pod","12874","Pew Pew Pod","780","180","10","1","2","0","0","4.33","Pew Pew Pod"
"Kagetsu Tohya","12875","Kagetsu Tohya","1560","360","7","1","1","0","0","4.33","Kagetsu Tohya"
"Bomber Boing","12876","Bomber Boing","780","180","7","1","1","0","0","4.33","Bomber Boing"
"Wacki: Kosmiczna Rozgrywka","12877","Wacki: Kosmiczna Rozgrywka","780","180","5","1","1","0","0","4.33","Wacki: Kosmiczna Rozgrywka"
"Quake Mission Pack No 1: Scourge of Armagon","12878","Quake Mission Pack No 1: Scourge of Armagon","15060","3480","30","1","15","0","0","4.33","Quake Mission Pack No 1: Scourge of Armagon"
"Mortal Kombat 3","12879","Mortal Kombat 3","82800","19140","118","3","84","0","0","4.33","Mortal Kombat 3"
"Amagami","12880","Amagami","34320","7920","41","1","13","0","0","4.33","Amagami"
"Plants vs. Zombies 2: It's About Time","12881","Plants vs. Zombies 2: It's About Time","226320","52260","619","3","148","0","0","4.33","Plants vs. Zombies 2: It's About Time"
"Dead Head Fred","12882","Dead Head Fred","3900","900","9","1","2","0","0","4.33","Dead Head Fred"
"Taxi","12883","Taxi","7020","1620","42","1","13","0","0","4.33","Taxi"
"Quantum Redshift","12884","Quantum Redshift","780","180","8","1","2","0","0","4.33","Quantum Redshift"
"MDK 2","12885","MDK 2","52980","12240","197","1","47","0","0","4.33","MDK 2"
"Sword of the Stars: Argos Naval Yard","12886","Sword of the Stars: Argos Naval Yard","14040","3240","23","1","8","0","0","4.33","Sword of the Stars: Argos Naval Yard"
"Igneous","12887","Igneous","780","180","12","1","2","0","0","4.33","Igneous"
"Nancy Drew: Tomb of the Lost Queen","12888","Nancy Drew: Tomb of the Lost Queen","18960","4380","29","1","10","0","0","4.33","Nancy Drew: Tomb of the Lost Queen"
"Tower of the Sorcerer","12889","Tower of the Sorcerer","780","180","6","1","1","0","0","4.33","Tower of the Sorcerer"
"Scene It? Lights, Camera, Action","12890","Scene It? Lights, Camera, Action","780","180","7","1","2","0","0","4.33","Scene It? Lights, Camera, Action"
"Bonk's Adventure / Bonk's Revenge / Gates of Thunder","12891","Bonk's Adventure / Bonk's Revenge / Gates of Thunder","4680","1080","22","1","4","0","0","4.33","Bonk's Adventure / Bonk's Revenge / Gates of Thunder"
"Tubes","12892","Tubes","780","180","7","1","1","0","0","4.33","Tubes"
"TwoDots","12893","TwoDots","780","180","11","1","1","0","0","4.33","TwoDots"
"Kid Klown in Night Mayor World","12894","Kid Klown in Night Mayor World","1560","360","11","1","3","0","0","4.33","Kid Klown in Night Mayor World"
"Secret Agent Barbie","12895","Secret Agent Barbie","4680","1080","14","1","7","0","0","4.33","Secret Agent Barbie"
"Stonerid","12896","Stonerid","780","180","11","1","1","0","0","4.33","Stonerid"
"Seven Samurai 20XX","12897","Seven Samurai 20XX","1560","360","17","1","4","0","0","4.33","Seven Samurai 20XX"
"Are You Smarter Than a 5th Grader? Back to School","12898","Are You Smarter Than a 5th Grader? Back to School","780","180","9","1","2","0","0","4.33","Are You Smarter Than a 5th Grader? Back to School"
"Ace Ventura Pet Detective: The Case of the Serial Shaver","12899","Ace Ventura Pet Detective: The Case of the Serial Shaver","780","180","6","1","1","0","0","4.33","Ace Ventura Pet Detective: The Case of the Serial Shaver"
"Mr. Chin's Gourmet Paradise","12900","Mr. Chin's Gourmet Paradise","780","180","8","1","1","0","0","4.33","Mr. Chin's Gourmet Paradise"