"","","Game","Watch time","Stream time","Peak viewers","Peak channels","Streamers","Average viewers","Average channels","Average viewer ratio",""
"Just Cause 3","401","Just Cause 3","32859000","8287500","13047","146","37534","62","15","3.96","Just Cause 3"
"Spelunky","402","Spelunky","32845380","1518960","111564","26","5089","62","2","21.62","Spelunky"
"Castlevania: Symphony of the Night","403","Castlevania: Symphony of the Night","32688720","764040","155016","20","1947","62","1","42.78","Castlevania: Symphony of the Night"
"Luigi's Mansion","404","Luigi's Mansion","32573220","849360","8940","38","1579","61","1","38.35","Luigi's Mansion"
"Donkey Kong Country: Tropical Freeze","405","Donkey Kong Country: Tropical Freeze","32536200","327000","123823","11","638","61","0","99.5","Donkey Kong Country: Tropical Freeze"
"The Legend of Zelda: Twilight Princess","406","The Legend of Zelda: Twilight Princess","32488620","1347360","9409","24","2376","61","2","24.11","The Legend of Zelda: Twilight Princess"
"Crash Bandicoot","407","Crash Bandicoot","32263620","433920","159957","29","1625","61","0","74.35","Crash Bandicoot"
"Fire Emblem Fates","408","Fire Emblem Fates","32139600","467160","17115","11","383","60","0","68.8","Fire Emblem Fates"
"The Wolf Among Us","409","The Wolf Among Us","31913460","2460120","13348","120","10232","60","4","12.97","The Wolf Among Us"
"The Binding of Isaac: Rebirth","410","The Binding of Isaac: Rebirth","31711920","5313900","12824","51","22218","60","10","5.97","The Binding of Isaac: Rebirth"
"Crypt of the NecroDancer","411","Crypt of the NecroDancer","31560120","1248960","115729","17","4657","59","2","25.27","Crypt of the NecroDancer"
"Secret of Mana","412","Secret of Mana","31551720","404820","110775","22","792","59","0","77.94","Secret of Mana"
"Mad Max","413","Mad Max","31531260","5259060","7586","43","15452","59","9","6","Mad Max"
"Chrono Trigger","414","Chrono Trigger","31516500","1061520","10909","13","1756","59","2","29.69","Chrono Trigger"
"Sonic the Hedgehog","415","Sonic the Hedgehog","31493040","567840","134611","18","2326","59","1","55.46","Sonic the Hedgehog"
"Yu-Gi-Oh! Online","416","Yu-Gi-Oh! Online","31410120","1413240","1084","13","1678","59","2","22.23","Yu-Gi-Oh! Online"
"Tomb Raider","417","Tomb Raider","31404240","5154480","6180","50","19570","59","9","6.09","Tomb Raider"
"Half-Life 2","418","Half-Life 2","31400580","1274940","162911","16","5079","59","2","24.63","Half-Life 2"
"Donkey Kong 64","419","Donkey Kong 64","30983160","626880","95801","12","867","58","1","49.42","Donkey Kong 64"
"Realm of the Mad God","420","Realm of the Mad God","30932220","3940080","14660","33","5281","58","7","7.85","Realm of the Mad God"
"This War of Mine","421","This War of Mine","30868560","1438320","6876","24","5548","58","2","21.46","This War of Mine"
"Cards Against Humanity","422","Cards Against Humanity","30864180","1636380","13729","39","10464","58","3","18.86","Cards Against Humanity"
"Exanima","423","Exanima","30847140","273240","22345","18","955","58","0","112.89","Exanima"
"Tekken Tag Tournament 2","424","Tekken Tag Tournament 2","30771840","2097840","6161","30","4003","58","3","14.67","Tekken Tag Tournament 2"
"Pokémon X/Y","425","Pokémon X/Y","30735300","550560","8694","10","1072","58","1","55.83","Pokémon X/Y"
"BattleBlock Theater","426","BattleBlock Theater","30627780","998940","152739","19","7418","58","1","30.66","BattleBlock Theater"
"The Solus Project","427","The Solus Project","30549300","443100","33188","20","1598","57","0","68.94","The Solus Project"
"Keep Talking and Nobody Explodes","428","Keep Talking and Nobody Explodes","30512820","750600","25953","18","5381","57","1","40.65","Keep Talking and Nobody Explodes"
"Zelda II: The Adventure of Link","429","Zelda II: The Adventure of Link","30496080","833520","94715","16","734","57","1","36.59","Zelda II: The Adventure of Link"
"Vampire: The Masquerade - Bloodlines","430","Vampire: The Masquerade - Bloodlines","30447960","513900","11517","15","984","57","0","59.25","Vampire: The Masquerade - Bloodlines"
"Death Road to Canada","431","Death Road to Canada","30355920","450000","11906","17","1327","57","0","67.46","Death Road to Canada"
"StepMania","432","StepMania","30305940","1441440","210108","30","2993","57","2","21.02","StepMania"
"Warface","433","Warface","30187800","6093840","4087","43","12165","57","11","4.95","Warface"
"Batman: Arkham Knight","434","Batman: Arkham Knight","30040620","8876460","12640","61","27843","57","16","3.38","Batman: Arkham Knight"
"Unturned","435","Unturned","29913720","5838120","7020","42","19451","56","11","5.12","Unturned"
"Youtubers Life","436","Youtubers Life","29800080","890160","42861","44","4861","56","1","33.48","Youtubers Life"
"Paper Mario: The Thousand-Year Door","437","Paper Mario: The Thousand-Year Door","29781540","1078020","7073","13","1917","56","2","27.63","Paper Mario: The Thousand-Year Door"
"Hurtworld","438","Hurtworld","29710200","2540100","14893","49","4817","56","4","11.7","Hurtworld"
"Call of Duty: Modern Warfare 3","439","Call of Duty: Modern Warfare 3","29608740","2379960","8800","22","7593","56","4","12.44","Call of Duty: Modern Warfare 3"
"Viscera Cleanup Detail","440","Viscera Cleanup Detail","29477760","513120","36637","14","2549","55","0","57.45","Viscera Cleanup Detail"
"NHL 17","441","NHL 17","29179920","2016540","4287","65","7904","55","3","14.47","NHL 17"
"Mount & Blade: Warband","442","Mount & Blade: Warband","29046000","2572200","10127","37","7705","55","4","11.29","Mount & Blade: Warband"
"Monstrum","443","Monstrum","29013300","308220","34880","9","1461","55","0","94.13","Monstrum"
"Shadow of the Colossus","444","Shadow of the Colossus","28880340","482280","14217","8","1024","54","0","59.88","Shadow of the Colossus"
"Transport Fever","445","Transport Fever","28754820","549000","6818","58","781","54","1","52.38","Transport Fever"
"Sword Art Online: Hollow Realization","446","Sword Art Online: Hollow Realization","28751760","1559940","9342","110","2801","54","2","18.43","Sword Art Online: Hollow Realization"
"Escape From Tarkov","447","Escape From Tarkov","28608840","24060","69778","18","117","54","0","1189.06","Escape From Tarkov"
"Resident Evil: Code: Veronica X","448","Resident Evil: Code: Veronica X","28605900","303780","10981","6","483","54","0","94.17","Resident Evil: Code: Veronica X"
"Tekken 7","449","Tekken 7","28502400","175320","13224","5","78","54","0","162.57","Tekken 7"
"Super Meat Boy","450","Super Meat Boy","28402020","1345860","128589","35","9900","53","2","21.1","Super Meat Boy"
"Space Engineers","451","Space Engineers","28205220","3082380","6466","24","5741","53","5","9.15","Space Engineers"
"Hitman: Absolution","452","Hitman: Absolution","28056300","593340","35817","15","2827","53","1","47.29","Hitman: Absolution"
"Diablo","453","Diablo","28026300","439200","147264","14","742","53","0","63.81","Diablo"
"The Legend of Zelda: Link's Awakening DX","454","The Legend of Zelda: Link's Awakening DX","27958380","495780","151642","16","625","53","0","56.39","The Legend of Zelda: Link's Awakening DX"
"Far Cry 4","455","Far Cry 4","27789180","7379160","4862","71","28641","52","14","3.77","Far Cry 4"
"SpongeBob SquarePants: Battle for Bikini Bottom","456","SpongeBob SquarePants: Battle for Bikini Bottom","27746880","310920","30405","9","448","52","0","89.24","SpongeBob SquarePants: Battle for Bikini Bottom"
"Clustertruck","457","Clustertruck","27675960","571680","34003","62","4049","52","1","48.41","Clustertruck"
"The Legend of Zelda: Four Swords Adventures","458","The Legend of Zelda: Four Swords Adventures","27420540","96060","128845","10","169","52","0","285.45","The Legend of Zelda: Four Swords Adventures"
"Metro: Last Light","459","Metro: Last Light","27419040","938640","30280","15","4363","52","1","29.21","Metro: Last Light"
"Kingdom Hearts II","460","Kingdom Hearts II","27285000","1377420","8782","13","2083","51","2","19.81","Kingdom Hearts II"
"Casino_old","461","Casino_old","27136140","422760","4287","25","467","51","0","64.19","Casino_old"
"Homefront: The Revolution","462","Homefront: The Revolution","27079920","1117500","44004","85","6002","51","2","24.23","Homefront: The Revolution"
"Sherlock Holmes: The Devil's Daughter","463","Sherlock Holmes: The Devil's Daughter","27069120","338940","29358","30","867","51","0","79.86","Sherlock Holmes: The Devil's Daughter"
"Ark: Survival Of The Fittest","464","Ark: Survival Of The Fittest","27011280","2342220","5526","41","3484","51","4","11.53","Ark: Survival Of The Fittest"
"Final Fantasy X","465","Final Fantasy X","26954640","998700","4390","13","1812","51","1","26.99","Final Fantasy X"
"Stonehearth","466","Stonehearth","26912100","548400","16269","24","1282","51","1","49.07","Stonehearth"
"Call of Duty: Advanced Warfare","467","Call of Duty: Advanced Warfare","26904300","13103700","3659","87","51042","51","24","2.05","Call of Duty: Advanced Warfare"
"Necropolis","468","Necropolis","26877720","636240","55052","199","2649","51","1","42.24","Necropolis"
"Pokémon HeartGold/SoulSilver","469","Pokémon HeartGold/SoulSilver","26655240","1268460","5027","18","3204","50","2","21.01","Pokémon HeartGold/SoulSilver"
"EverQuest","470","EverQuest","26626980","3592380","2712","30","1510","50","6","7.41","EverQuest"
"Gothic II","471","Gothic II","26420520","218880","16698","5","302","50","0","120.71","Gothic II"
"Dead Rising","472","Dead Rising","26383260","919140","14057","83","2793","50","1","28.7","Dead Rising"
"Silent Hill 2","473","Silent Hill 2","26366100","575580","23948","13","1210","50","1","45.81","Silent Hill 2"
"WWE SuperCard","474","WWE SuperCard","26260080","1153740","3632","17","1217","49","2","22.76","WWE SuperCard"
"EarthBound","475","EarthBound","26242800","1231860","5584","18","1634","49","2","21.3","EarthBound"
"The Bunker","476","The Bunker","26018220","142860","39468","27","946","49","0","182.12","The Bunker"
"Animal Crossing: New Leaf","477","Animal Crossing: New Leaf","25960440","515580","13805","16","444","49","0","50.35","Animal Crossing: New Leaf"
"Donkey Kong Country","478","Donkey Kong Country","25940400","572400","160369","17","2097","49","1","45.32","Donkey Kong Country"
"The Walking Dead: Michonne","479","The Walking Dead: Michonne","25849620","832080","27589","118","4714","49","1","31.07","The Walking Dead: Michonne"
"Pokémon Crystal","480","Pokémon Crystal","25838520","1136160","4299","15","1813","49","2","22.74","Pokémon Crystal"
"slither.io","481","slither.io","25721280","1944780","10677","59","13047","48","3","13.23","slither.io"
"Call of Duty: Ghosts","482","Call of Duty: Ghosts","25720620","7494060","7572","52","25673","48","14","3.43","Call of Duty: Ghosts"
"Tales of Berseria","483","Tales of Berseria","25578960","549300","5411","26","310","48","1","46.57","Tales of Berseria"
"Dragon Age: Inquisition","484","Dragon Age: Inquisition","25557240","8121540","6923","52","20069","48","15","3.15","Dragon Age: Inquisition"
"Final Fantasy XIII","485","Final Fantasy XIII","25486320","1648020","6074","17","2959","48","3","15.46","Final Fantasy XIII"
"Wolfenstein: The New Order","486","Wolfenstein: The New Order","25448040","1012680","109501","13","6243","48","1","25.13","Wolfenstein: The New Order"
"Super Mario 3D World","487","Super Mario 3D World","25350240","482460","12342","10","1535","48","0","52.54","Super Mario 3D World"
"Extra Life","488","Extra Life","25340640","1849620","10148","1010","1974","48","3","13.7","Extra Life"
"S.T.A.L.K.E.R.: Call of Pripyat","489","S.T.A.L.K.E.R.: Call of Pripyat","25317120","1154220","33177","14","2799","48","2","21.93","S.T.A.L.K.E.R.: Call of Pripyat"
"Pineview Drive","490","Pineview Drive","25117740","130500","24915","5","431","47","0","192.47","Pineview Drive"
"Dead Space 3","491","Dead Space 3","25107960","1278720","9982","30","4152","47","2","19.64","Dead Space 3"
"Quake Live","492","Quake Live","25021320","1304460","10392","16","1697","47","2","19.18","Quake Live"
"Crossout","493","Crossout","24825840","1066200","33198","29","1644","47","2","23.28","Crossout"
"Poly Bridge","494","Poly Bridge","24817740","228420","28513","8","972","47","0","108.65","Poly Bridge"
"CrossFire","495","CrossFire","24693840","1584660","5783","15","3021","46","3","15.58","CrossFire"
"The Walking Dead: A New Frontier","496","The Walking Dead: A New Frontier","24681840","454920","26041","250","364","46","0","54.26","The Walking Dead: A New Frontier"
"Toontown Online","497","Toontown Online","24607500","2158260","12674","26","2715","46","4","11.4","Toontown Online"
"DragonBall Z: Dokkan Battle","498","DragonBall Z: Dokkan Battle","24266220","794220","4093","17","669","46","1","30.55","DragonBall Z: Dokkan Battle"
"Corpse Party","499","Corpse Party","24226740","286680","17111","14","712","45","0","84.51","Corpse Party"
"Half Life 2: Survivor","500","Half Life 2: Survivor","24223920","64200","164561","17","376","45","0","377.32","Half Life 2: Survivor"