"","","Game","Watch time","Stream time","Peak viewers","Peak channels","Streamers","Average viewers","Average channels","Average viewer ratio",""
"Uncharted: Drake's Fortune","1001","Uncharted: Drake's Fortune","8114520","231600","6538","6","728","15","0","35.04","Uncharted: Drake's Fortune"
"Weird Dreams","1002","Weird Dreams","8089200","8820","5213","2","20","15","0","917.14","Weird Dreams"
"Borderlands: The Pre-Sequel!","1003","Borderlands: The Pre-Sequel!","8053920","2199000","1398","45","8732","15","4","3.66","Borderlands: The Pre-Sequel!"
"Star Fox 64","1004","Star Fox 64","8044260","202980","95832","13","919","15","0","39.63","Star Fox 64"
"Mario Kart: Double Dash!!","1005","Mario Kart: Double Dash!!","8042940","301680","113610","7","1112","15","0","26.66","Mario Kart: Double Dash!!"
"Onward","1006","Onward","8036580","84120","26355","7","317","15","0","95.54","Onward"
"Halcyon 6: Starbase Commander","1007","Halcyon 6: Starbase Commander","8025540","125700","4786","15","429","15","0","63.85","Halcyon 6: Starbase Commander"
"Harry Potter and the Philosopher's Stone","1008","Harry Potter and the Philosopher's Stone","8014440","247200","4864","10","616","15","0","32.42","Harry Potter and the Philosopher's Stone"
"Contra III: The Alien Wars","1009","Contra III: The Alien Wars","7989300","86100","92041","6","313","15","0","92.79","Contra III: The Alien Wars"
"Postal 2","1010","Postal 2","7986060","292800","12290","5","1536","15","0","27.27","Postal 2"
"Black Mesa","1011","Black Mesa","7978620","394260","2896","8","1630","15","0","20.24","Black Mesa"
"Dark Age of Camelot","1012","Dark Age of Camelot","7970640","882000","5116","12","566","15","1","9.04","Dark Age of Camelot"
"Gargoyle's Quest II: The Demon Darkness","1013","Gargoyle's Quest II: The Demon Darkness","7966140","17580","106280","5","38","15","0","453.14","Gargoyle's Quest II: The Demon Darkness"
"Kholat","1014","Kholat","7962420","350220","7641","10","2250","15","0","22.74","Kholat"
"Pokémon Stadium","1015","Pokémon Stadium","7924620","279240","9880","5","712","15","0","28.38","Pokémon Stadium"
"Oddworld: Abe's Oddysee New 'n' Tasty!","1016","Oddworld: Abe's Oddysee New 'n' Tasty!","7911900","395280","73963","10","1869","15","0","20.02","Oddworld: Abe's Oddysee New 'n' Tasty!"
"Super Time Force","1017","Super Time Force","7901940","30300","87198","7","174","14","0","260.79","Super Time Force"
"NEKOPARA Vol. 2","1018","NEKOPARA Vol. 2","7840440","90600","27734","13","334","14","0","86.54","NEKOPARA Vol. 2"
"PlayStation VR Worlds","1019","PlayStation VR Worlds","7820040","46920","10339","10","1611","14","0","166.67","PlayStation VR Worlds"
"The Incredible Crash Dummies","1020","The Incredible Crash Dummies","7819620","4680","71492","6","21","14","0","1670.86","The Incredible Crash Dummies"
"Draw Something","1021","Draw Something","7815540","76020","24374","5","381","14","0","102.81","Draw Something"
"Saints Row: Gat Out of Hell","1022","Saints Row: Gat Out of Hell","7800000","1931820","7274","189","13100","14","3","4.04","Saints Row: Gat Out of Hell"
"Jotun","1023","Jotun","7795020","214740","12391","7","966","14","0","36.3","Jotun"
"Star Wars: Dark Forces","1024","Star Wars: Dark Forces","7786440","71400","98411","6","233","14","0","109.05","Star Wars: Dark Forces"
"The Legend of Zelda: Tri Force Heroes","1025","The Legend of Zelda: Tri Force Heroes","7785180","65760","8014","4","133","14","0","118.39","The Legend of Zelda: Tri Force Heroes"
"Remember Me","1026","Remember Me","7778460","327900","19970","6","1065","14","0","23.72","Remember Me"
"MU Legend","1027","MU Legend","7768500","428640","2575","86","889","14","0","18.12","MU Legend"
"Thumper","1028","Thumper","7753440","210240","32148","31","1418","14","0","36.88","Thumper"
"Donkey Kong Country 3: Dixie Kong's Double Trouble!","1029","Donkey Kong Country 3: Dixie Kong's Double Trouble!","7749240","369780","10018","11","608","14","0","20.96","Donkey Kong Country 3: Dixie Kong's Double Trouble!"
"Fatal Frame","1030","Fatal Frame","7731240","176820","8992","5","425","14","0","43.72","Fatal Frame"
"Super Street Fighter II Turbo","1031","Super Street Fighter II Turbo","7724160","128340","8996","5","226","14","0","60.19","Super Street Fighter II Turbo"
"Sheltered","1032","Sheltered","7716240","467940","6686","14","1587","14","0","16.49","Sheltered"
"Rift","1033","Rift","7713660","1152840","1343","23","1455","14","2","6.69","Rift"
"Roberta Williams' Phantasmagoria","1034","Roberta Williams' Phantasmagoria","7711140","20400","16383","4","55","14","0","378","Roberta Williams' Phantasmagoria"
"The Secret of Monkey Island","1035","The Secret of Monkey Island","7702260","189960","4075","6","612","14","0","40.55","The Secret of Monkey Island"
"Metroid II: Return of Samus","1036","Metroid II: Return of Samus","7669320","582480","3926","53","1469","14","1","13.17","Metroid II: Return of Samus"
"Bionic Commando","1037","Bionic Commando","7659000","49980","107789","8","160","14","0","153.24","Bionic Commando"
"Gothic","1038","Gothic","7658580","329880","4468","6","583","14","0","23.22","Gothic"
"The Legend of Zelda: Ocarina of Time 3D","1039","The Legend of Zelda: Ocarina of Time 3D","7639260","171660","952","4","183","14","0","44.5","The Legend of Zelda: Ocarina of Time 3D"
"Gremlins, Inc.","1040","Gremlins, Inc.","7631280","112380","15910","7","300","14","0","67.91","Gremlins, Inc."
"FAST Racing Neo","1041","FAST Racing Neo","7608120","52740","100594","8","166","14","0","144.26","FAST Racing Neo"
"Ty the Tasmanian Tiger","1042","Ty the Tasmanian Tiger","7603740","128700","88180","7","478","14","0","59.08","Ty the Tasmanian Tiger"
"Saints Row IV","1043","Saints Row IV","7594320","1766280","1657","100","9592","14","3","4.3","Saints Row IV"
"Phantasy Star Online Episode I & II","1044","Phantasy Star Online Episode I & II","7592340","189480","5196","6","245","14","0","40.07","Phantasy Star Online Episode I & II"
"Valiant Hearts: The Great War","1045","Valiant Hearts: The Great War","7589100","498780","3592","7","2505","14","0","15.22","Valiant Hearts: The Great War"
"The Technomancer","1046","The Technomancer","7587300","546780","11642","104","1815","14","1","13.88","The Technomancer"
"Kirby Air Ride","1047","Kirby Air Ride","7584600","176640","92714","10","464","14","0","42.94","Kirby Air Ride"
"iOS Gaming","1048","iOS Gaming","7571220","54840","2109","3","164","14","0","138.06","iOS Gaming"
"Game & Wario","1049","Game & Wario","7528140","15000","23152","4","79","14","0","501.88","Game & Wario"
"Strider","1050","Strider","7522560","249480","111826","12","1151","14","0","30.15","Strider"
"Lisa","1051","Lisa","7516260","267600","7888","5","790","14","0","28.09","Lisa"
"Bob The Builder: Can We Fix It?","1052","Bob The Builder: Can We Fix It?","7515900","13440","20494","3","59","14","0","559.22","Bob The Builder: Can We Fix It?"
"Steam","1053","Steam","7504440","318840","11921","7","1497","14","0","23.54","Steam"
"Final Fantasy XIII-2","1054","Final Fantasy XIII-2","7481460","464700","3239","6","717","14","0","16.1","Final Fantasy XIII-2"
"Silent Hill: Homecoming","1055","Silent Hill: Homecoming","7478880","167520","15406","7","408","14","0","44.64","Silent Hill: Homecoming"
"Cloudbuilt","1056","Cloudbuilt","7463880","68820","101725","10","174","14","0","108.46","Cloudbuilt"
"Vendetta","1057","Vendetta","7462380","5100","118043","17","23","14","0","1463.21","Vendetta"
"Killing Room","1058","Killing Room","7460400","196440","32833","15","917","14","0","37.98","Killing Room"
"Super Smash Bros. Brawl","1059","Super Smash Bros. Brawl","7458780","420660","9784","8","1675","14","0","17.73","Super Smash Bros. Brawl"
"Shining Force II","1060","Shining Force II","7455240","164880","5763","5","176","14","0","45.22","Shining Force II"
"Total War: Attila","1061","Total War: Attila","7440840","663660","724","11","1439","14","1","11.21","Total War: Attila"
"Pokémon Super Mystery Dungeon","1062","Pokémon Super Mystery Dungeon","7430880","77760","4363","8","111","14","0","95.56","Pokémon Super Mystery Dungeon"
"Gravity Rush","1063","Gravity Rush","7428960","222780","5630","15","2737","14","0","33.35","Gravity Rush"
"Club Penguin","1064","Club Penguin","7419180","249720","51501","6","2184","14","0","29.71","Club Penguin"
"Mad Games Tycoon","1065","Mad Games Tycoon","7399140","179520","3858","7","510","14","0","41.22","Mad Games Tycoon"
"Teenage Mutant Ninja Turtles: Mutants in Manhattan","1066","Teenage Mutant Ninja Turtles: Mutants in Manhattan","7398300","449700","5897","41","2082","14","0","16.45","Teenage Mutant Ninja Turtles: Mutants in Manhattan"
"Lightning Returns: Final Fantasy XIII","1067","Lightning Returns: Final Fantasy XIII","7383420","705360","3804","10","1257","14","1","10.47","Lightning Returns: Final Fantasy XIII"
"LEGO Marvel's Avengers","1068","LEGO Marvel's Avengers","7364580","393720","13663","23","2791","13","0","18.71","LEGO Marvel's Avengers"
"Mickey Mousecapade","1069","Mickey Mousecapade","7350480","5640","122081","6","37","13","0","1303.28","Mickey Mousecapade"
"Journey","1070","Journey","7330320","1498980","6657","73","9405","13","2","4.89","Journey"
"Mario Party 7","1071","Mario Party 7","7324320","127560","6045","5","517","13","0","57.42","Mario Party 7"
"The Settlers II","1072","The Settlers II","7322220","33540","22374","4","77","13","0","218.31","The Settlers II"
"Pokémon Snap","1073","Pokémon Snap","7299840","178020","13803","6","648","13","0","41.01","Pokémon Snap"
"One Piece: Burning Blood","1074","One Piece: Burning Blood","7296300","489120","15811","52","3940","13","0","14.92","One Piece: Burning Blood"
"Kirby & The Amazing Mirror","1075","Kirby & The Amazing Mirror","7284900","100680","90108","6","211","13","0","72.36","Kirby & The Amazing Mirror"
"The Guest","1076","The Guest","7284000","60480","34720","12","335","13","0","120.44","The Guest"
"Go (Board Game)","1077","Go (Board Game)","7261620","356220","1914","5","196","13","0","20.39","Go (Board Game)"
"Silent Hills","1078","Silent Hills","7199100","396180","14181","12","3323","13","0","18.17","Silent Hills"
"Breath of Fire","1079","Breath of Fire","7176120","118980","1899","4","144","13","0","60.31","Breath of Fire"
"Tony Hawk's Underground 2","1080","Tony Hawk's Underground 2","7171980","139680","110463","10","389","13","0","51.35","Tony Hawk's Underground 2"
"Darksiders","1081","Darksiders","7164120","726000","4779","24","2195","13","1","9.87","Darksiders"
"Princess Maker 2","1082","Princess Maker 2","7137120","51660","6814","11","152","13","0","138.16","Princess Maker 2"
"Terranigma","1083","Terranigma","7126320","230040","4240","8","282","13","0","30.98","Terranigma"
"Risk of Rain","1084","Risk of Rain","7113960","859980","3565","14","4555","13","1","8.27","Risk of Rain"
"Breath of Fire III","1085","Breath of Fire III","7112760","348660","1943","7","285","13","0","20.4","Breath of Fire III"
"Halo Wars","1086","Halo Wars","7105080","1762140","504","48","4595","13","3","4.03","Halo Wars"
"FIM Speedway Grand Prix","1087","FIM Speedway Grand Prix","7066200","5880","7373","3","17","13","0","1201.73","FIM Speedway Grand Prix"
"GoldenEye: Source","1088","GoldenEye: Source","7065360","227040","44958","30","1340","13","0","31.12","GoldenEye: Source"
"God of War","1089","God of War","7046340","139740","4749","4","344","13","0","50.42","God of War"
"The Final Station","1090","The Final Station","7045080","178440","16918","34","928","13","0","39.48","The Final Station"
"Jet Grind Radio","1091","Jet Grind Radio","7043580","318420","70942","18","1535","13","0","22.12","Jet Grind Radio"
"Kingdom Hearts","1092","Kingdom Hearts","7042140","777780","1883","9","1946","13","1","9.05","Kingdom Hearts"
"Silent Hill: 0rigins","1093","Silent Hill: 0rigins","7042020","76800","10542","4","133","13","0","91.69","Silent Hill: 0rigins"
"Monster Hunter 3 Ultimate","1094","Monster Hunter 3 Ultimate","7038840","384060","1620","8","539","13","0","18.33","Monster Hunter 3 Ultimate"
"Secrets of Grindea","1095","Secrets of Grindea","7014600","327780","4920","8","1085","13","0","21.4","Secrets of Grindea"
"Crash Team Racing","1096","Crash Team Racing","6998880","325080","13284","7","957","13","0","21.53","Crash Team Racing"
"Ironsword: Wizards & Warriors II","1097","Ironsword: Wizards & Warriors II","6997260","15960","106835","7","32","13","0","438.42","Ironsword: Wizards & Warriors II"
"Pokémon Colosseum","1098","Pokémon Colosseum","6991980","285480","3445","7","697","13","0","24.49","Pokémon Colosseum"
"Skyforge","1099","Skyforge","6975720","1697220","802","18","2673","13","3","4.11","Skyforge"
"Besiege","1100","Besiege","6968400","308040","27116","8","1903","13","0","22.62","Besiege"