"","","Game","Watch time","Stream time","Peak viewers","Peak channels","Streamers","Average viewers","Average channels","Average viewer ratio",""
"Faeria","201","Faeria","97018740","1117200","16897","17","1612","184","2","86.84","Faeria"
"Resident Evil","202","Resident Evil","96149940","2391900","160038","76","16770","182","4","40.2","Resident Evil"
"Payday 2","203","Payday 2","95908080","15829560","21918","94","43045","181","30","6.06","Payday 2"
"Don't Starve Together","204","Don't Starve Together","95262120","7966200","11342","61","21015","180","15","11.96","Don't Starve Together"
"For Honor","205","For Honor","95106420","1364940","53343","475","6720","180","2","69.68","For Honor"
"WWE 2K16","206","WWE 2K16","94365180","15234000","38205","184","36767","179","28","6.19","WWE 2K16"
"The Jackbox Party Pack 3","207","The Jackbox Party Pack 3","94300680","1931700","40145","91","5953","178","3","48.82","The Jackbox Party Pack 3"
"I Wanna Be The Guy","208","I Wanna Be The Guy","92771940","2866560","10949","29","1308","176","5","32.36","I Wanna Be The Guy"
"Ultimate Marvel vs. Capcom 3","209","Ultimate Marvel vs. Capcom 3","92747100","937080","120615","96","2596","175","1","98.97","Ultimate Marvel vs. Capcom 3"
"Alien: Isolation","210","Alien: Isolation","92475660","5485320","10235","74","23474","175","10","16.86","Alien: Isolation"
"MLB The Show 16","211","MLB The Show 16","92428800","2639940","18101","72","15195","175","5","35.01","MLB The Show 16"
"Quantum Break","212","Quantum Break","91859100","2893320","63330","433","10821","174","5","31.75","Quantum Break"
"ShellShock Live","213","ShellShock Live","91108320","1769400","63570","26","5942","172","3","51.49","ShellShock Live"
"Quiplash","214","Quiplash","90914040","2945700","27525","33","10143","172","5","30.86","Quiplash"
"Ragnarok Online","215","Ragnarok Online","89714580","4122120","20686","47","2626","170","7","21.76","Ragnarok Online"
"The Witness","216","The Witness","89221140","2587800","88107","193","6962","169","4","34.48","The Witness"
"60 Seconds!","217","60 Seconds!","88065780","397860","56904","30","2267","167","0","221.35","60 Seconds!"
"Kantai Collection","218","Kantai Collection","87374820","7212840","4676","143","3005","165","13","12.11","Kantai Collection"
"The Walking Dead","219","The Walking Dead","86944980","3702120","23422","45","13335","164","7","23.49","The Walking Dead"
"South Park: The Stick of Truth","220","South Park: The Stick of Truth","84871260","2402880","29136","32","9156","161","4","35.32","South Park: The Stick of Truth"
"Forza Horizon 3","221","Forza Horizon 3","83458440","8745660","37343","430","28425","158","16","9.54","Forza Horizon 3"
"Astroneer","222","Astroneer","81565920","1609980","64365","143","5237","154","3","50.66","Astroneer"
"Demon's Souls","223","Demon's Souls","80801640","976020","139046","14","1096","153","1","82.79","Demon's Souls"
"Monster Hunter Generations","224","Monster Hunter Generations","80567160","2258580","5234","92","945","152","4","35.67","Monster Hunter Generations"
"Agar.io","225","Agar.io","80340720","7113180","6655","77","18620","152","13","11.29","Agar.io"
"Resident Evil 4","226","Resident Evil 4","78329040","6837720","34991","352","16385","148","12","11.46","Resident Evil 4"
"Company of Heroes 2","227","Company of Heroes 2","78321540","4209600","2070","30","4940","148","7","18.61","Company of Heroes 2"
"DragonBall Xenoverse 2","228","DragonBall Xenoverse 2","77042160","2972940","23590","306","17993","146","5","25.91","DragonBall Xenoverse 2"
"Dishonored","229","Dishonored","77031720","3369180","126174","73","13970","146","6","22.86","Dishonored"
"Yakuza Kiwami","230","Yakuza Kiwami","76306860","306900","20238","21","273","144","0","248.64","Yakuza Kiwami"
"Steep","231","Steep","76219740","2544600","32974","196","15461","144","4","29.95","Steep"
"Salt and Sanctuary","232","Salt and Sanctuary","75943260","3381660","26883","217","9442","144","6","22.46","Salt and Sanctuary"
"Yakuza 6: The Song of Life","233","Yakuza 6: The Song of Life","75862380","480360","22909","82","362","143","0","157.93","Yakuza 6: The Song of Life"
"Inside","234","Inside","75470280","1709100","37950","126","8869","143","3","44.16","Inside"
"Final Fantasy IX","235","Final Fantasy IX","75238200","3508320","5161","107","4493","142","6","21.45","Final Fantasy IX"
"Call of Duty 4: Modern Warfare","236","Call of Duty 4: Modern Warfare","75099360","2976120","33068","231","11361","142","5","25.23","Call of Duty 4: Modern Warfare"
"Tera","237","Tera","75016620","10492800","5919","103","11922","142","19","7.15","Tera"
"Super Mario Bros. 3","238","Super Mario Bros. 3","74835600","830160","206252","17","2431","142","1","90.15","Super Mario Bros. 3"
"iRacing.com","239","iRacing.com","74678880","5248560","1645","117","2894","141","9","14.23","iRacing.com"
"Blackjack","240","Blackjack","74279940","620340","51279","8","1000","140","1","119.74","Blackjack"
"StarCraft: Brood War","241","StarCraft: Brood War","74022720","4749060","10681","26","1386","140","9","15.59","StarCraft: Brood War"
"Trove","242","Trove","73606320","7395720","2576","135","17132","139","14","9.95","Trove"
"The Elder Scrolls: Legends","243","The Elder Scrolls: Legends","73332960","2418600","18331","60","4193","139","4","30.32","The Elder Scrolls: Legends"
"RPG Maker","244","RPG Maker","72413220","625740","7584","10","1041","137","1","115.72","RPG Maker"
"Super Mario Galaxy","245","Super Mario Galaxy","72055620","667380","138248","24","1019","136","1","107.97","Super Mario Galaxy"
"The Legend of Zelda: Twilight Princess HD","246","The Legend of Zelda: Twilight Princess HD","72012960","2468160","7013","215","3174","136","4","29.18","The Legend of Zelda: Twilight Princess HD"
"Mafia LIVE!","247","Mafia LIVE!","71749560","547800","13355","12","385","136","1","130.98","Mafia LIVE!"
"My Summer Car","248","My Summer Car","71597220","1228380","39005","61","2961","135","2","58.29","My Summer Car"
"Pokémon Yellow: Special Pikachu Edition","249","Pokémon Yellow: Special Pikachu Edition","71445240","905220","210369","40","1994","135","1","78.93","Pokémon Yellow: Special Pikachu Edition"
"Secret Hitler","250","Secret Hitler","71087160","159540","41675","13","498","134","0","445.58","Secret Hitler"
"Modern Warfare 2","251","Modern Warfare 2","70179060","3497040","29917","37","12401","133","6","20.07","Modern Warfare 2"
"The Long Dark","252","The Long Dark","70093380","2922060","30440","36","7134","133","5","23.99","The Long Dark"
"Mafia II","253","Mafia II","70036980","1541220","21766","45","4932","132","2","45.44","Mafia II"
"Neverwinter","254","Neverwinter","69063240","15107220","5528","288","33565","131","28","4.57","Neverwinter"
"Star Wars: The Old Republic","255","Star Wars: The Old Republic","68407740","9619320","5441","82","10640","129","18","7.11","Star Wars: The Old Republic"
"Kingdom Hearts HD 1.5 ReMIX","256","Kingdom Hearts HD 1.5 ReMIX","67927920","1324440","186472","19","1348","128","2","51.29","Kingdom Hearts HD 1.5 ReMIX"
"Just Survive","257","Just Survive","67839120","4951380","6745","73","9576","128","9","13.7","Just Survive"
"Scrap Mechanic","258","Scrap Mechanic","66428940","1626780","40972","51","4515","126","3","40.83","Scrap Mechanic"
"Super Mario RPG: Legend of the Seven Stars","259","Super Mario RPG: Legend of the Seven Stars","66044700","826860","120753","29","1551","125","1","79.87","Super Mario RPG: Legend of the Seven Stars"
"Ratchet & Clank","260","Ratchet & Clank","65607120","1177920","157139","117","15757","124","2","55.7","Ratchet & Clank"
"Tekken 7: Fated Retribution","261","Tekken 7: Fated Retribution","65387160","214140","36918","7","101","124","0","305.35","Tekken 7: Fated Retribution"
"NHL 16","262","NHL 16","64587420","10059600","10387","139","24440","122","19","6.42","NHL 16"
"Dead Rising 4","263","Dead Rising 4","63841740","1445580","32348","202","5702","121","2","44.16","Dead Rising 4"
"Final Fantasy VI","264","Final Fantasy VI","63631740","1275720","141967","16","1807","120","2","49.88","Final Fantasy VI"
"Starbound","265","Starbound","63388080","3893040","13245","165","10980","120","7","16.28","Starbound"
"Mega Man X","266","Mega Man X","63120960","1364280","181667","28","2405","119","2","46.27","Mega Man X"
"HEX: Shards of Fate","267","HEX: Shards of Fate","62771580","1720500","14781","48","993","119","3","36.48","HEX: Shards of Fate"
"L.A. Noire","268","L.A. Noire","61532820","933240","36479","15","2366","116","1","65.93","L.A. Noire"
"SOMA","269","SOMA","61168440","2342100","92396","70","8893","116","4","26.12","SOMA"
"Dead Space","270","Dead Space","60929580","2139540","11380","58","8030","115","4","28.48","Dead Space"
"Call of Duty: Black Ops","271","Call of Duty: Black Ops","60764040","5375100","8719","175","14023","115","10","11.3","Call of Duty: Black Ops"
"Worms Revolution","272","Worms Revolution","60746520","351900","35226","10","1934","115","0","172.62","Worms Revolution"
"Gwent: The Witcher Card Game","273","Gwent: The Witcher Card Game","59863080","1775220","7886","124","3658","113","3","33.72","Gwent: The Witcher Card Game"
"BATMAN - The Telltale Series","274","BATMAN - The Telltale Series","59239500","991440","46768","149","4505","112","1","59.75","BATMAN - The Telltale Series"
"This Is the Police","275","This Is the Police","59048340","639720","35157","43","2191","112","1","92.3","This Is the Police"
"Red Dead Redemption","276","Red Dead Redemption","58475220","2309280","27683","200","9898","110","4","25.32","Red Dead Redemption"
"Pokémon FireRed/LeafGreen","277","Pokémon FireRed/LeafGreen","58238820","2585220","18360","30","7466","110","4","22.53","Pokémon FireRed/LeafGreen"
"MechWarrior Online","278","MechWarrior Online","58218600","4713420","29599","37","3737","110","8","12.35","MechWarrior Online"
"Ori and the Blind Forest","279","Ori and the Blind Forest","58123560","2945940","125559","39","10933","110","5","19.73","Ori and the Blind Forest"
"The Evil Within","280","The Evil Within","57858900","5886840","10493","66","18580","109","11","9.83","The Evil Within"
"Resident Evil 5","281","Resident Evil 5","57832260","3518880","9641","167","14839","109","6","16.43","Resident Evil 5"
"NBA 2K15","282","NBA 2K15","57791220","5849280","6203","77","16870","109","11","9.88","NBA 2K15"
"The King of Fighters XIV","283","The King of Fighters XIV","57656940","1221360","17988","85","3082","109","2","47.21","The King of Fighters XIV"
"Resident Evil Zero","284","Resident Evil Zero","57414720","3103260","27708","369","9693","108","5","18.5","Resident Evil Zero"
"APB Reloaded","285","APB Reloaded","57139380","6587460","17386","57","7763","108","12","8.67","APB Reloaded"
"TwitchCon 2016","286","TwitchCon 2016","56956260","54300","125427","40","197","108","0","1048.92","TwitchCon 2016"
"Don't Starve","287","Don't Starve","56933280","3899760","11473","37","12887","108","7","14.6","Don't Starve"
"Infestation: Survivor Stories","288","Infestation: Survivor Stories","56852400","5552040","6806","75","4293","107","10","10.24","Infestation: Survivor Stories"
"World of Final Fantasy","289","World of Final Fantasy","56274120","3632160","9423","240","5900","106","6","15.49","World of Final Fantasy"
"TrackMania Turbo","290","TrackMania Turbo","56118000","1840320","31418","145","7201","106","3","30.49","TrackMania Turbo"
"Furi","291","Furi","56015820","2076960","39313","159","11911","106","3","26.97","Furi"
"The Legend of Zelda: The Wind Waker HD","292","The Legend of Zelda: The Wind Waker HD","55921980","1101240","30531","13","1893","106","2","50.78","The Legend of Zelda: The Wind Waker HD"
"Worms W.M.D","293","Worms W.M.D","55424460","464760","32084","48","1804","105","0","119.25","Worms W.M.D"
"Metin 2","294","Metin 2","54829620","2649000","6811","30","3894","104","5","20.7","Metin 2"
"Brawlhalla","295","Brawlhalla","54286140","5757960","7330","38","21404","103","10","9.43","Brawlhalla"
"Ultimate Chicken Horse","296","Ultimate Chicken Horse","54110160","495000","36884","14","2705","102","0","109.31","Ultimate Chicken Horse"
"Infestation: The New Z","297","Infestation: The New Z","53991480","3290820","33261","121","5714","102","6","16.41","Infestation: The New Z"
"We Happy Few","298","We Happy Few","53133240","930900","57120","168","4316","100","1","57.08","We Happy Few"
"Portal 2","299","Portal 2","53070060","3683580","143611","38","17929","100","6","14.41","Portal 2"
"Grim Dawn","300","Grim Dawn","52758960","4297500","28389","53","6089","100","8","12.28","Grim Dawn"