"","","Game","Watch time","Stream time","Peak viewers","Peak channels","Streamers","Average viewers","Average channels","Average viewer ratio",""
"Slender: The Arrival","901","Slender: The Arrival","9855240","722100","3904","37","8559","18","1","13.65","Slender: The Arrival"
"Asura's Wrath","902","Asura's Wrath","9854340","57660","23345","6","167","18","0","170.9","Asura's Wrath"
"Hagane: The Final Conflict","903","Hagane: The Final Conflict","9823320","9300","101420","4","36","18","0","1056.27","Hagane: The Final Conflict"
"Deadpool","904","Deadpool","9815520","1162020","4652","45","6157","18","2","8.45","Deadpool"
"Spec Ops: The Line","905","Spec Ops: The Line","9807240","268260","23760","8","1206","18","0","36.56","Spec Ops: The Line"
"Injustice: Gods Among Us","906","Injustice: Gods Among Us","9779580","277260","12537","12","4283","18","0","35.27","Injustice: Gods Among Us"
"Supernova","907","Supernova","9764880","126900","18709","9","236","18","0","76.95","Supernova"
"LawBreakers","908","LawBreakers","9762720","277560","46780","112","1914","18","0","35.17","LawBreakers"
"The Legend of Zelda: Spirit Tracks","909","The Legend of Zelda: Spirit Tracks","9755280","48480","6422","3","89","18","0","201.22","The Legend of Zelda: Spirit Tracks"
"King's Field","910","King's Field","9752160","65160","4867","3","98","18","0","149.66","King's Field"
"Sniper Elite III","911","Sniper Elite III","9746040","1254060","5959","26","7250","18","2","7.77","Sniper Elite III"
"Lineage: The Blood Pledge","912","Lineage: The Blood Pledge","9744840","1162740","823","14","315","18","2","8.38","Lineage: The Blood Pledge"
"Hand of Fate","913","Hand of Fate","9729240","885480","23729","69","4661","18","1","10.99","Hand of Fate"
"Google Go","914","Google Go","9717360","25980","29430","15","164","18","0","374.03","Google Go"
"Animorphs","915","Animorphs","9710760","9540","98564","14","50","18","0","1017.9","Animorphs"
"Tetris Attack","916","Tetris Attack","9668100","142020","135361","9","344","18","0","68.08","Tetris Attack"
"Downfall","917","Downfall","9660000","61800","12540","6","193","18","0","156.31","Downfall"
"Dungeons & Dragons: Shadow Over Mystara","918","Dungeons & Dragons: Shadow Over Mystara","9657960","16440","129978","16","71","18","0","587.47","Dungeons & Dragons: Shadow Over Mystara"
"World of Tanks Blitz","919","World of Tanks Blitz","9636180","1048440","6615","19","1626","18","1","9.19","World of Tanks Blitz"
"Diablo III","920","Diablo III","9604020","2286540","19030","86","9931","18","4","4.2","Diablo III"
"Construction Simulator 2015","921","Construction Simulator 2015","9581820","375840","38169","7","963","18","0","25.49","Construction Simulator 2015"
"The Magical Quest Starring Mickey Mouse","922","The Magical Quest Starring Mickey Mouse","9571680","31620","151347","11","136","18","0","302.71","The Magical Quest Starring Mickey Mouse"
"Mega Man 5","923","Mega Man 5","9569820","152940","138747","11","302","18","0","62.57","Mega Man 5"
"Everlasting Summer","924","Everlasting Summer","9553980","373440","4115","8","1051","18","0","25.58","Everlasting Summer"
"LEGO The Lord of the Rings","925","LEGO The Lord of the Rings","9549480","132540","20249","5","371","18","0","72.05","LEGO The Lord of the Rings"
"Ultima Online","926","Ultima Online","9529200","1074720","2441","11","445","18","2","8.87","Ultima Online"
"Spyro 2: Ripto's Rage","927","Spyro 2: Ripto's Rage","9504420","502920","1795","62","706","18","0","18.9","Spyro 2: Ripto's Rage"
"The Hunter","928","The Hunter","9487440","1112280","19505","16","1648","18","2","8.53","The Hunter"
"RISK: Factions","929","RISK: Factions","9486000","20820","46434","14","106","18","0","455.62","RISK: Factions"
"Shadow Complex","930","Shadow Complex","9479400","185280","112911","11","617","17","0","51.16","Shadow Complex"
"Dragon Quest VIII: Journey of the Cursed King","931","Dragon Quest VIII: Journey of the Cursed King","9453420","401880","1975","6","419","17","0","23.52","Dragon Quest VIII: Journey of the Cursed King"
"Fallout Shelter","932","Fallout Shelter","9394500","460500","25917","30","1853","17","0","20.4","Fallout Shelter"
"Tony Hawk's Underground","933","Tony Hawk's Underground","9359040","181020","91093","6","281","17","0","51.7","Tony Hawk's Underground"
"New Super Mario Bros. 2","934","New Super Mario Bros. 2","9343440","35640","110655","6","73","17","0","262.16","New Super Mario Bros. 2"
"Among The Sleep","935","Among The Sleep","9315660","576240","12077","20","4392","17","1","16.17","Among The Sleep"
"Metal Gear Solid V: Ground Zeroes","936","Metal Gear Solid V: Ground Zeroes","9302760","539520","2074","9","3381","17","1","17.24","Metal Gear Solid V: Ground Zeroes"
"Dragon Quest Heroes II","937","Dragon Quest Heroes II","9244440","161520","5027","19","169","17","0","57.23","Dragon Quest Heroes II"
"Quake","938","Quake","9244020","333240","5997","6","720","17","0","27.74","Quake"
"GoldenEye 007","939","GoldenEye 007","9209340","595140","3646","17","822","17","1","15.47","GoldenEye 007"
"Endless Legend","940","Endless Legend","9179820","389160","14577","12","1212","17","0","23.59","Endless Legend"
"Star Wars: Jedi Knight - Jedi Academy","941","Star Wars: Jedi Knight - Jedi Academy","9173820","352680","104365","8","1049","17","0","26.01","Star Wars: Jedi Knight - Jedi Academy"
"The iDOLM@STER Cinderella Girls: Starlight Stage","942","The iDOLM@STER Cinderella Girls: Starlight Stage","9140820","350640","2416","12","239","17","0","26.07","The iDOLM@STER Cinderella Girls: Starlight Stage"
"RPG Maker VX Ace","943","RPG Maker VX Ace","9134220","390480","6563","9","815","17","0","23.39","RPG Maker VX Ace"
"Super Mario Bros. 2","944","Super Mario Bros. 2","9121800","258420","2375","20","786","17","0","35.3","Super Mario Bros. 2"
"Alice: Madness Returns","945","Alice: Madness Returns","9114840","806580","1800","10","2439","17","1","11.3","Alice: Madness Returns"
"Freedom Planet","946","Freedom Planet","9100260","337980","117043","14","801","17","0","26.93","Freedom Planet"
"Kingdom Come: Deliverance","947","Kingdom Come: Deliverance","9068460","70560","50588","11","300","17","0","128.52","Kingdom Come: Deliverance"
"Super Amazing Wagon Adventure","948","Super Amazing Wagon Adventure","9014820","32280","70891","5","229","17","0","279.27","Super Amazing Wagon Adventure"
"The Flame in the Flood","949","The Flame in the Flood","9003660","299520","15993","24","1252","17","0","30.06","The Flame in the Flood"
"Barbie & Her Sisters: Puppy Rescue","950","Barbie & Her Sisters: Puppy Rescue","9002220","24600","34675","8","148","17","0","365.94","Barbie & Her Sisters: Puppy Rescue"
"Mega Man Zero","951","Mega Man Zero","8988300","69180","164599","21","200","17","0","129.93","Mega Man Zero"
"Left Alone","952","Left Alone","8955840","61560","16667","9","359","16","0","145.48","Left Alone"
"THE iDOLM@STER PLATINUM STARS","953","THE iDOLM@STER PLATINUM STARS","8914740","200100","10615","8","188","16","0","44.55","THE iDOLM@STER PLATINUM STARS"
"Mega Man 6","954","Mega Man 6","8914740","123660","150131","22","298","16","0","72.09","Mega Man 6"
"Lucius","955","Lucius","8914440","252480","11942","7","1173","16","0","35.31","Lucius"
"Age of Mythology","956","Age of Mythology","8890980","478620","8018","8","326","16","0","18.58","Age of Mythology"
"Tales of Zestiria","957","Tales of Zestiria","8872860","1456320","1439","24","4216","16","2","6.09","Tales of Zestiria"
"Phoenix Wright: Ace Attorney – Spirit of Justice","958","Phoenix Wright: Ace Attorney – Spirit of Justice","8857560","106200","2287","8","82","16","0","83.4","Phoenix Wright: Ace Attorney – Spirit of Justice"
"Worms Armageddon","959","Worms Armageddon","8843760","142260","22535","6","556","16","0","62.17","Worms Armageddon"
"Xenoblade Chronicles X","960","Xenoblade Chronicles X","8831040","963600","4918","31","1497","16","1","9.16","Xenoblade Chronicles X"
"Super Star Wars","961","Super Star Wars","8824320","90720","155251","16","534","16","0","97.27","Super Star Wars"
"Touhou","962","Touhou","8823960","1347300","2486","11","1181","16","2","6.55","Touhou"
"MLB 15: The Show","963","MLB 15: The Show","8822460","235440","10762","14","3109","16","0","37.47","MLB 15: The Show"
"Tetris","964","Tetris","8810100","539460","13189","7","1584","16","1","16.33","Tetris"
"Marble Racing","965","Marble Racing","8798520","159420","1579","2","18","16","0","55.19","Marble Racing"
"The Lion King","966","The Lion King","8767020","60960","170729","12","298","16","0","143.82","The Lion King"
"Rogue Legacy","967","Rogue Legacy","8765400","825540","8602","11","4502","16","1","10.62","Rogue Legacy"
"Super Mario Land 2: 6 Golden Coins","968","Super Mario Land 2: 6 Golden Coins","8715660","123180","146394","10","288","16","0","70.76","Super Mario Land 2: 6 Golden Coins"
"Zombi","969","Zombi","8691360","3045360","1015","203","17397","16","5","2.85","Zombi"
"Mega Man ZX","970","Mega Man ZX","8668200","60540","141788","18","111","16","0","143.18","Mega Man ZX"
"Sonic Riders","971","Sonic Riders","8665380","33960","111920","5","156","16","0","255.16","Sonic Riders"
"Battle Kid 2: Mountain of Torment","972","Battle Kid 2: Mountain of Torment","8638620","37680","130550","15","56","16","0","229.26","Battle Kid 2: Mountain of Torment"
"Rivals of Aether","973","Rivals of Aether","8556000","705420","14345","14","1620","16","1","12.13","Rivals of Aether"
"SNOW","974","SNOW","8548020","381000","42941","18","2717","16","0","22.44","SNOW"
"Five Nights at Freddy's","975","Five Nights at Freddy's","8508060","546960","6360","17","4105","16","1","15.56","Five Nights at Freddy's"
"Reigns","976","Reigns","8508000","108240","20047","14","891","16","0","78.6","Reigns"
"Halo: Reach","977","Halo: Reach","8459880","2233440","4311","25","8504","16","4","3.79","Halo: Reach"
"Velocity 2X","978","Velocity 2X","8441460","8820","97028","8","109","16","0","957.08","Velocity 2X"
"Gundam Online Wars","979","Gundam Online Wars","8439900","618480","2404","14","371","16","1","13.65","Gundam Online Wars"
"Mega Man 8: Anniversary Edition","980","Mega Man 8: Anniversary Edition","8430300","80100","118926","9","205","15","0","105.25","Mega Man 8: Anniversary Edition"
"Monster Strike","981","Monster Strike","8428380","182040","1931","7","189","15","0","46.3","Monster Strike"
"Hotline Miami","982","Hotline Miami","8396460","733140","99855","14","5117","15","1","11.45","Hotline Miami"
"Pokémon Stadium 2","983","Pokémon Stadium 2","8380860","126120","18196","5","450","15","0","66.45","Pokémon Stadium 2"
"Wario World","984","Wario World","8354880","55200","100085","9","149","15","0","151.36","Wario World"
"Snapshot","985","Snapshot","8338560","7020","99614","16","30","15","0","1187.83","Snapshot"
"Tales of Symphonia Chronicles","986","Tales of Symphonia Chronicles","8289960","71400","3970","3","93","15","0","116.11","Tales of Symphonia Chronicles"
"Tricky Towers","987","Tricky Towers","8280480","579480","7259","45","4652","15","1","14.29","Tricky Towers"
"Manual Samuel","988","Manual Samuel","8274660","73980","40171","13","600","15","0","111.85","Manual Samuel"
"Beholder","989","Beholder","8272320","151800","25391","17","828","15","0","54.49","Beholder"
"Hatsune Miku: Project Diva X","990","Hatsune Miku: Project Diva X","8265360","636720","5844","57","2102","15","1","12.98","Hatsune Miku: Project Diva X"
"Spooky's House of Jump Scares","991","Spooky's House of Jump Scares","8255460","332160","16775","26","2514","15","0","24.85","Spooky's House of Jump Scares"
"DuckTales 2","992","DuckTales 2","8235840","21960","122471","5","94","15","0","375.04","DuckTales 2"
"Helldivers","993","Helldivers","8228400","741720","31371","24","9948","15","1","11.09","Helldivers"
"To the Moon","994","To the Moon","8221440","293040","2960","6","1168","15","0","28.06","To the Moon"
"Mega Man X4","995","Mega Man X4","8220060","298740","2539","10","638","15","0","27.52","Mega Man X4"
"Movie","996","Movie","8203260","107580","11154","6","312","15","0","76.25","Movie"
"Day of Infamy","997","Day of Infamy","8184900","163140","33545","22","811","15","0","50.17","Day of Infamy"
"Obscuritas","998","Obscuritas","8132880","83400","8736","8","319","15","0","97.52","Obscuritas"
"Grand Theft Auto: Episodes from Liberty City","999","Grand Theft Auto: Episodes from Liberty City","8125680","148380","4257","5","264","15","0","54.76","Grand Theft Auto: Episodes from Liberty City"
"Sunset Overdrive","1000","Sunset Overdrive","8114640","1963740","2512","185","12910","15","3","4.13","Sunset Overdrive"