"","","Game","Watch time","Stream time","Peak viewers","Peak channels","Streamers","Average viewers","Average channels","Average viewer ratio",""
"Half-Life 2","4601","Half-Life 2","31400580","1274940","162911","16","5079","59","2","24.63","Half-Life 2"
"Bomberman Live","4602","Bomberman Live","23640","960","167","1","9","0","0","24.63","Bomberman Live"
"Mega Man X Collection","4603","Mega Man X Collection","1068180","43380","979","3","111","2","0","24.62","Mega Man X Collection"
"Professor Layton and the Last Specter","4604","Professor Layton and the Last Specter","326400","13260","346","2","26","0","0","24.62","Professor Layton and the Last Specter"
"Jigsaw Puzzle","4605","Jigsaw Puzzle","231720","9420","371","2","29","0","0","24.6","Jigsaw Puzzle"
"Sonic the Fighters","4606","Sonic the Fighters","430800","17520","4890","2","122","0","0","24.59","Sonic the Fighters"
"Arcade Classics","4607","Arcade Classics","2974980","121020","4442","4","199","5","0","24.58","Arcade Classics"
"Lunar Knights","4608","Lunar Knights","44220","1800","46","1","6","0","0","24.57","Lunar Knights"
"Metalgun Slinger","4609","Metalgun Slinger","10320","420","32","1","1","0","0","24.57","Metalgun Slinger"
"Bubble Bobble Plus!","4610","Bubble Bobble Plus!","13260","540","67","1","2","0","0","24.56","Bubble Bobble Plus!"
"Nuclear Throne","4611","Nuclear Throne","43557120","1775220","30008","29","4792","82","3","24.54","Nuclear Throne"
"Skullmonkeys","4612","Skullmonkeys","265020","10800","399","2","40","0","0","24.54","Skullmonkeys"
"Rambo","4613","Rambo","63300","2580","208","2","18","0","0","24.53","Rambo"
"Harley's Humongous Adventure","4614","Harley's Humongous Adventure","25020","1020","105","1","2","0","0","24.53","Harley's Humongous Adventure"
"WWE WrestleMania XIX","4615","WWE WrestleMania XIX","66180","2700","160","1","17","0","0","24.51","WWE WrestleMania XIX"
"Beast Wars: Transformers","4616","Beast Wars: Transformers","2940","120","53","1","1","0","0","24.5","Beast Wars: Transformers"
"Andre Agassi Tennis","4617","Andre Agassi Tennis","2940","120","49","1","1","0","0","24.5","Andre Agassi Tennis"
"Dragon Quest IV: Chapters of the Chosen","4618","Dragon Quest IV: Chapters of the Chosen","3044160","124260","2159","4","83","5","0","24.5","Dragon Quest IV: Chapters of the Chosen"
"Blues & Bullets","4619","Blues & Bullets","2031180","82920","2328","5","370","3","0","24.5","Blues & Bullets"
"Tecmo World Cup","4620","Tecmo World Cup","2940","120","32","1","1","0","0","24.5","Tecmo World Cup"
"CyberSpeed","4621","CyberSpeed","2940","120","32","1","1","0","0","24.5","CyberSpeed"
"Soccer Club Story","4622","Soccer Club Story","2940","120","26","1","1","0","0","24.5","Soccer Club Story"
"Star Trek: New Worlds","4623","Star Trek: New Worlds","2940","120","31","1","1","0","0","24.5","Star Trek: New Worlds"
"Rockin' Kats","4624","Rockin' Kats","260040","10620","769","2","28","0","0","24.49","Rockin' Kats"
"Pac-Man 2: The New Adventures","4625","Pac-Man 2: The New Adventures","267480","10920","514","1","55","0","0","24.49","Pac-Man 2: The New Adventures"
"Pokémon Colosseum","4626","Pokémon Colosseum","6991980","285480","3445","7","697","13","0","24.49","Pokémon Colosseum"
"X-COM: Terror from the Deep","4627","X-COM: Terror from the Deep","1519500","62040","1640","3","40","2","0","24.49","X-COM: Terror from the Deep"
"The West","4628","The West","166020","6780","297","3","11","0","0","24.49","The West"
"The Black Watchmen","4629","The Black Watchmen","295320","12060","847","2","52","0","0","24.49","The Black Watchmen"
"The Crooked Man","4630","The Crooked Man","972300","39720","4950","3","148","1","0","24.48","The Crooked Man"
"Sam & Max Episode 202: Moai Better Blues","4631","Sam & Max Episode 202: Moai Better Blues","30840","1260","71","1","5","0","0","24.48","Sam & Max Episode 202: Moai Better Blues"
"Extermination","4632","Extermination","444960","18180","750","2","30","0","0","24.48","Extermination"
"Nobunaga no Yabou: Souzou","4633","Nobunaga no Yabou: Souzou","1437900","58740","647","3","51","2","0","24.48","Nobunaga no Yabou: Souzou"
"Nintendo Fan Network","4634","Nintendo Fan Network","98400","4020","639","4","22","0","0","24.48","Nintendo Fan Network"
"Angband","4635","Angband","366480","15000","169","2","22","0","0","24.43","Angband"
"Bombsquad","4636","Bombsquad","137760","5640","590","1","31","0","0","24.43","Bombsquad"
"Resident Evil: The Darkside Chronicles","4637","Resident Evil: The Darkside Chronicles","525900","21540","545","2","61","0","0","24.42","Resident Evil: The Darkside Chronicles"
"Dawn of Discovery","4638","Dawn of Discovery","1456380","59640","4497","3","174","2","0","24.42","Dawn of Discovery"
"Destruction Derby","4639","Destruction Derby","82020","3360","274","1","17","0","0","24.41","Destruction Derby"
"Battle of Words","4640","Battle of Words","60060","2460","101","2","5","0","0","24.41","Battle of Words"
"Eek! the Cat","4641","Eek! the Cat","14640","600","234","1","4","0","0","24.4","Eek! the Cat"
"Girls Like Robots","4642","Girls Like Robots","7320","300","64","1","3","0","0","24.4","Girls Like Robots"
"The Monkey King","4643","The Monkey King","7320","300","55","1","2","0","0","24.4","The Monkey King"
"Mahjong ★ Dream C Club","4644","Mahjong ★ Dream C Club","7320","300","48","1","1","0","0","24.4","Mahjong ★ Dream C Club"
"Hyperdimension Neptunia Re;Birth 3: V Century","4645","Hyperdimension Neptunia Re;Birth 3: V Century","5609340","230100","1888","5","321","10","0","24.38","Hyperdimension Neptunia Re;Birth 3: V Century"
"UFC: Tapout","4646","UFC: Tapout","75900","3120","448","2","21","0","0","24.33","UFC: Tapout"
"Bubba 'n' Stix","4647","Bubba 'n' Stix","13140","540","102","3","3","0","0","24.33","Bubba 'n' Stix"
"Turrican 3","4648","Turrican 3","4380","180","38","1","2","0","0","24.33","Turrican 3"
"ICO","4649","ICO","2512680","103380","6285","3","239","4","0","24.31","ICO"
"Fun House","4650","Fun House","91860","3780","1038","1","7","0","0","24.3","Fun House"
"No Man's Sky","4651","No Man's Sky","680941320","28035900","218360","4689","76389","1292","53","24.29","No Man's Sky"
"Super Paper Mario","4652","Super Paper Mario","5236200","215700","801","6","340","9","0","24.28","Super Paper Mario"
"Retro","4653","Retro","272562180","11232600","33269","65","6041","517","21","24.27","Retro"
"Bloodbath Kavkaz","4654","Bloodbath Kavkaz","534420","22020","5691","2","151","1","0","24.27","Bloodbath Kavkaz"
"Music on: Acoustic Guitar","4655","Music on: Acoustic Guitar","1207020","49740","1358","3","140","2","0","24.27","Music on: Acoustic Guitar"
"Powerslave","4656","Powerslave","455700","18780","1779","2","31","0","0","24.27","Powerslave"
"Konami Wai Wai World","4657","Konami Wai Wai World","150000","6180","293","10","29","0","0","24.27","Konami Wai Wai World"
"Orion Trail","4658","Orion Trail","270420","11160","1376","2","41","0","0","24.23","Orion Trail"
"Homefront: The Revolution","4659","Homefront: The Revolution","27079920","1117500","44004","85","6002","51","2","24.23","Homefront: The Revolution"
"Empires & Allies","4660","Empires & Allies","229680","9480","274","1","14","0","0","24.23","Empires & Allies"
"Tour de France","4661","Tour de France","117600","4860","626","2","18","0","0","24.2","Tour de France"
"Shin Megami Tensei IV Final","4662","Shin Megami Tensei IV Final","1222680","50520","1298","6","45","2","0","24.2","Shin Megami Tensei IV Final"
"Pony Island","4663","Pony Island","2040480","84360","3119","5","877","3","0","24.19","Pony Island"
"Astal","4664","Astal","63840","2640","1176","1","17","0","0","24.18","Astal"
"WCW Superbrawl Wrestling","4665","WCW Superbrawl Wrestling","8700","360","76","1","3","0","0","24.17","WCW Superbrawl Wrestling"
"DemiKids: Light Version","4666","DemiKids: Light Version","63780","2640","100","1","4","0","0","24.16","DemiKids: Light Version"
"Pokémon Gold/Silver","4667","Pokémon Gold/Silver","12296400","509040","2752","10","1267","23","0","24.16","Pokémon Gold/Silver"
"Mega Man Anniversary Collection","4668","Mega Man Anniversary Collection","892020","36960","5325","3","106","1","0","24.13","Mega Man Anniversary Collection"
"Doraemon 2: SOS! Otogi no Kuni","4669","Doraemon 2: SOS! Otogi no Kuni","11580","480","47","1","1","0","0","24.13","Doraemon 2: SOS! Otogi no Kuni"
"Depth","4670","Depth","17241900","715140","19780","26","3133","32","1","24.11","Depth"
"The Legend of Zelda: Twilight Princess","4671","The Legend of Zelda: Twilight Princess","32488620","1347360","9409","24","2376","61","2","24.11","The Legend of Zelda: Twilight Princess"
"GemCraft Chapter Two: Chasing Shadows","4672","GemCraft Chapter Two: Chasing Shadows","859320","35640","3491","3","113","1","0","24.11","GemCraft Chapter Two: Chasing Shadows"
"Mega Man Zero 3","4673","Mega Man Zero 3","720060","29880","861","3","72","1","0","24.1","Mega Man Zero 3"
"Overpower","4674","Overpower","99720","4140","1283","2","20","0","0","24.09","Overpower"
"Banjo-Tooie","4675","Banjo-Tooie","13770660","571860","2663","10","1193","26","1","24.08","Banjo-Tooie"
"The Dark Eye","4676","The Dark Eye","145860","6060","136","1","9","0","0","24.07","The Dark Eye"
"Diehard Dungeon","4677","Diehard Dungeon","148740","6180","3363","2","40","0","0","24.07","Diehard Dungeon"
"Pitfall: The Lost Expedition","4678","Pitfall: The Lost Expedition","103980","4320","279","1","14","0","0","24.07","Pitfall: The Lost Expedition"
"Alienation","4679","Alienation","2464080","102360","3982","13","2878","4","0","24.07","Alienation"
"Xuanyuan Jian 3: Yun he Shan de Bi Duan","4680","Xuanyuan Jian 3: Yun he Shan de Bi Duan","320340","13320","147","2","5","0","0","24.05","Xuanyuan Jian 3: Yun he Shan de Bi Duan"
"Medal of Honor: Allied Assault","4681","Medal of Honor: Allied Assault","1877700","78060","8039","4","198","3","0","24.05","Medal of Honor: Allied Assault"
"Panic Restaurant","4682","Panic Restaurant","128400","5340","458","1","26","0","0","24.04","Panic Restaurant"
"Morphopolis","4683","Morphopolis","211980","8820","928","2","59","0","0","24.03","Morphopolis"
"Attack of the Friday Monsters! A Tokyo Tale","4684","Attack of the Friday Monsters! A Tokyo Tale","11520","480","184","1","3","0","0","24","Attack of the Friday Monsters! A Tokyo Tale"
"Pac-Man Friends","4685","Pac-Man Friends","2880","120","28","1","1","0","0","24","Pac-Man Friends"
"The Adventures of Star Saver","4686","The Adventures of Star Saver","5760","240","37","1","2","0","0","24","The Adventures of Star Saver"
"Ray Crisis","4687","Ray Crisis","1440","60","29","1","1","0","0","24","Ray Crisis"
"Panty Raider: From Here to Immaturity","4688","Panty Raider: From Here to Immaturity","1440","60","24","1","0","0","0","24","Panty Raider: From Here to Immaturity"
"Skytorn","4689","Skytorn","10080","420","65","1","2","0","0","24","Skytorn"
"Space Ace II: Borf's Revenge","4690","Space Ace II: Borf's Revenge","2880","120","25","1","1","0","0","24","Space Ace II: Borf's Revenge"
"Small Town Terrors: Galdor's Bluff","4691","Small Town Terrors: Galdor's Bluff","14400","600","54","1","2","0","0","24","Small Town Terrors: Galdor's Bluff"
"Tribe Of Pok","4692","Tribe Of Pok","2880","120","27","1","1","0","0","24","Tribe Of Pok"
"Crazy Oafish Ultra Blocks: Big Sale","4693","Crazy Oafish Ultra Blocks: Big Sale","14400","600","122","1","4","0","0","24","Crazy Oafish Ultra Blocks: Big Sale"
"TimeSplitters","4694","TimeSplitters","161220","6720","1065","1","31","0","0","23.99","TimeSplitters"
"Bomberman Ultra","4695","Bomberman Ultra","142500","5940","840","2","12","0","0","23.99","Bomberman Ultra"
"The Long Dark","4696","The Long Dark","70093380","2922060","30440","36","7134","133","5","23.99","The Long Dark"
"Mstar","4697","Mstar","995040","41520","1071","3","158","1","0","23.97","Mstar"
"Fez","4698","Fez","5563140","232080","89971","9","1129","10","0","23.97","Fez"
"Bit.Trip Complete","4699","Bit.Trip Complete","31620","1320","563","1","8","0","0","23.95","Bit.Trip Complete"
"Euro Fishing","4700","Euro Fishing","3814620","159300","11468","7","383","7","0","23.95","Euro Fishing"