"","","Game","Watch time","Stream time","Peak viewers","Peak channels","Streamers","Average viewers","Average channels","Average viewer ratio",""
"Eternal Fighter Zero","10101","Eternal Fighter Zero","38280","5520","45","1","16","0","0","6.93","Eternal Fighter Zero"
"HuniePop","10102","HuniePop","53220","7680","1229","2","151","0","0","6.93","HuniePop"
"Hero Siege","10103","Hero Siege","4088100","590160","6940","11","2814","7","1","6.93","Hero Siege"
"Don Doko Don 2","10104","Don Doko Don 2","11640","1680","55","1","5","0","0","6.93","Don Doko Don 2"
"Curses 'N Chaos","10105","Curses 'N Chaos","40320","5820","386","2","35","0","0","6.93","Curses 'N Chaos"
"WRC 5","10106","WRC 5","752880","108660","739","3","881","1","0","6.93","WRC 5"
"Asteroids Deluxe","10107","Asteroids Deluxe","5820","840","24","1","5","0","0","6.93","Asteroids Deluxe"
"Fur Fighters","10108","Fur Fighters","9960","1440","46","1","8","0","0","6.92","Fur Fighters"
"Pac-Man World 2","10109","Pac-Man World 2","995160","144120","264","8","105","1","0","6.91","Pac-Man World 2"
"Orcs Must Die! 2","10110","Orcs Must Die! 2","2596500","376140","2051","24","1815","4","0","6.9","Orcs Must Die! 2"
"Basement","10111","Basement","164820","23880","284","2","130","0","0","6.9","Basement"
"Worms Crazy Golf","10112","Worms Crazy Golf","33540","4860","105","2","36","0","0","6.9","Worms Crazy Golf"
"Who Framed Roger Rabbit","10113","Who Framed Roger Rabbit","12840","1860","44","1","12","0","0","6.9","Who Framed Roger Rabbit"
"Blood Wake","10114","Blood Wake","4140","600","25","1","4","0","0","6.9","Blood Wake"
"World of Warcraft: Legion","10115","World of Warcraft: Legion","13204140","1914900","3083","80","4877","25","3","6.9","World of Warcraft: Legion"
"F-Zero X Expansion Kit","10116","F-Zero X Expansion Kit","16140","2340","44","2","15","0","0","6.9","F-Zero X Expansion Kit"
"Castles","10117","Castles","19860","2880","80","2","22","0","0","6.9","Castles"
"Drink & Drown","10118","Drink & Drown","3720","540","42","1","6","0","0","6.89","Drink & Drown"
"Mighty Bomb Jack","10119","Mighty Bomb Jack","3720","540","32","1","5","0","0","6.89","Mighty Bomb Jack"
"Double Kick Heroes","10120","Double Kick Heroes","3720","540","15","1","3","0","0","6.89","Double Kick Heroes"
"Minion Masters","10121","Minion Masters","256140","37200","537","6","216","0","0","6.89","Minion Masters"
"Fru","10122","Fru","59400","8640","82","3","57","0","0","6.88","Fru"
"Tim Burton's The Nightmare Before Christmas: Oogie's Revenge","10123","Tim Burton's The Nightmare Before Christmas: Oogie's Revenge","60240","8760","49","2","16","0","0","6.88","Tim Burton's The Nightmare Before Christmas: Oogie's Revenge"
"Blue Toad Murder Files","10124","Blue Toad Murder Files","10740","1560","25","1","6","0","0","6.88","Blue Toad Murder Files"
"Chäos;HEAd","10125","Chäos;HEAd","23520","3420","31","1","6","0","0","6.88","Chäos;HEAd"
"Flowers","10126","Flowers","49020","7140","106","2","16","0","0","6.87","Flowers"
"Night in the Woods","10127","Night in the Woods","6180","900","56","1","8","0","0","6.87","Night in the Woods"
"Lifeless Planet","10128","Lifeless Planet","789120","114840","773","4","453","1","0","6.87","Lifeless Planet"
"NCAA Football 14","10129","NCAA Football 14","513780","74760","1080","4","109","0","0","6.87","NCAA Football 14"
"Baldur's Gate II: Shadows of Amn","10130","Baldur's Gate II: Shadows of Amn","1279260","186300","4572","6","292","2","0","6.87","Baldur's Gate II: Shadows of Amn"
"Sprinter Monogatari","10131","Sprinter Monogatari","6180","900","28","1","4","0","0","6.87","Sprinter Monogatari"
"Pingu no Waku Waku Carnival","10132","Pingu no Waku Waku Carnival","2880","420","23","1","4","0","0","6.86","Pingu no Waku Waku Carnival"
"Trine","10133","Trine","1221240","178140","1200","4","808","2","0","6.86","Trine"
"Kid Icarus: Uprising","10134","Kid Icarus: Uprising","81540","11880","59","2","33","0","0","6.86","Kid Icarus: Uprising"
"Pac-Man World 3","10135","Pac-Man World 3","53940","7860","544","2","15","0","0","6.86","Pac-Man World 3"
"Diceies","10136","Diceies","2880","420","14","1","3","0","0","6.86","Diceies"
"Clandestine","10137","Clandestine","259560","37860","442","4","148","0","0","6.86","Clandestine"
"Paganitzu","10138","Paganitzu","5760","840","19","1","4","0","0","6.86","Paganitzu"
"Radiant Defense","10139","Radiant Defense","5760","840","17","1","5","0","0","6.86","Radiant Defense"
"Puzzle Star Sweep","10140","Puzzle Star Sweep","5760","840","21","1","4","0","0","6.86","Puzzle Star Sweep"
"Alter Ego","10141","Alter Ego","34920","5100","71","1","15","0","0","6.85","Alter Ego"
"Spot: The Video Game","10142","Spot: The Video Game","5340","780","14","1","2","0","0","6.85","Spot: The Video Game"
"Porno Party - Sailor Fuku to Yakyuken: The Yakyuken Game","10143","Porno Party - Sailor Fuku to Yakyuken: The Yakyuken Game","136860","19980","1336","2","63","0","0","6.85","Porno Party - Sailor Fuku to Yakyuken: The Yakyuken Game"
"Carmageddon: Max Damage","10144","Carmageddon: Max Damage","234600","34260","1579","4","469","0","0","6.85","Carmageddon: Max Damage"
"Excave III: Tower of Destiny","10145","Excave III: Tower of Destiny","5340","780","15","1","1","0","0","6.85","Excave III: Tower of Destiny"
"Rez Infinite","10146","Rez Infinite","339300","49620","3035","10","355","0","0","6.84","Rez Infinite"
"Emergency 5","10147","Emergency 5","45540","6660","83","3","38","0","0","6.84","Emergency 5"
"Wayward Terran Frontier: Zero Falls","10148","Wayward Terran Frontier: Zero Falls","53760","7860","176","2","23","0","0","6.84","Wayward Terran Frontier: Zero Falls"
"Pro Cycling Manager 2015","10149","Pro Cycling Manager 2015","451560","66000","607","5","121","0","0","6.84","Pro Cycling Manager 2015"
"Styx: Master of Shadows","10150","Styx: Master of Shadows","5453100","797640","2269","47","4018","10","1","6.84","Styx: Master of Shadows"
"Hacknet","10151","Hacknet","889020","129960","1996","8","690","1","0","6.84","Hacknet"
"Burnout 3: Takedown","10152","Burnout 3: Takedown","245460","35880","840","3","150","0","0","6.84","Burnout 3: Takedown"
"Yu-Gi-Oh! Duelists of the Roses","10153","Yu-Gi-Oh! Duelists of the Roses","341760","49980","408","4","118","0","0","6.84","Yu-Gi-Oh! Duelists of the Roses"
"Haven & Hearth","10154","Haven & Hearth","318360","46560","367","4","73","0","0","6.84","Haven & Hearth"
"Betrayer","10155","Betrayer","432180","63180","709","5","271","0","0","6.84","Betrayer"
"Surgery Simulator","10156","Surgery Simulator","72660","10620","85","3","71","0","0","6.84","Surgery Simulator"
"Hexen: Deathkings of the Dark Citadel","10157","Hexen: Deathkings of the Dark Citadel","25440","3720","31","1","13","0","0","6.84","Hexen: Deathkings of the Dark Citadel"
"Fantasy Sports","10158","Fantasy Sports","306840","44940","672","9","134","0","0","6.83","Fantasy Sports"
"Escape from Monkey Island","10159","Escape from Monkey Island","120960","17700","79","2","44","0","0","6.83","Escape from Monkey Island"
"Gran Turismo 2","10160","Gran Turismo 2","603000","88320","172","6","130","1","0","6.83","Gran Turismo 2"
"BloodRayne: Betrayal","10161","BloodRayne: Betrayal","94200","13800","145","2","64","0","0","6.83","BloodRayne: Betrayal"
"Yatagarasu: Attack on Cataclysm","10162","Yatagarasu: Attack on Cataclysm","82380","12060","147","2","35","0","0","6.83","Yatagarasu: Attack on Cataclysm"
"Bloons TD","10163","Bloons TD","313200","45840","718","5","275","0","0","6.83","Bloons TD"
"South Park Let's Go Tower Defense Play!","10164","South Park Let's Go Tower Defense Play!","2460","360","20","1","2","0","0","6.83","South Park Let's Go Tower Defense Play!"
"Enthusia Professional Racing","10165","Enthusia Professional Racing","9840","1440","17","1","4","0","0","6.83","Enthusia Professional Racing"
"Portal of Evil: Stolen Runes","10166","Portal of Evil: Stolen Runes","2460","360","10","1","3","0","0","6.83","Portal of Evil: Stolen Runes"
"Memory's Dogma","10167","Memory's Dogma","9420","1380","41","1","6","0","0","6.83","Memory's Dogma"
"Mystery in London: On the Trail of Jack The Ripper","10168","Mystery in London: On the Trail of Jack The Ripper","2460","360","10","1","3","0","0","6.83","Mystery in London: On the Trail of Jack The Ripper"
"The Other 99","10169","The Other 99","6960","1020","54","1","13","0","0","6.82","The Other 99"
"Three Kingdoms: Fate of the Dragon","10170","Three Kingdoms: Fate of the Dragon","13920","2040","39","1","4","0","0","6.82","Three Kingdoms: Fate of the Dragon"
"Hegemony: Philip of Macedon","10171","Hegemony: Philip of Macedon","24960","3660","15","1","2","0","0","6.82","Hegemony: Philip of Macedon"
"AIPD: Artificial Intelligence Police Department","10172","AIPD: Artificial Intelligence Police Department","23340","3420","89","2","26","0","0","6.82","AIPD: Artificial Intelligence Police Department"
"Pro Evolution Soccer 2016","10173","Pro Evolution Soccer 2016","24150420","3543660","8362","34","10178","45","6","6.82","Pro Evolution Soccer 2016"
"Ore no Ryouri","10174","Ore no Ryouri","13920","2040","78","1","6","0","0","6.82","Ore no Ryouri"
"Payday: The Heist","10175","Payday: The Heist","1154460","169380","2863","7","943","2","0","6.82","Payday: The Heist"
"Jak and Daxter Collection","10176","Jak and Daxter Collection","168180","24660","52","2","45","0","0","6.82","Jak and Daxter Collection"
"The Great Waldo Search","10177","The Great Waldo Search","6960","1020","27","1","2","0","0","6.82","The Great Waldo Search"
"Golden Axe II","10178","Golden Axe II","58500","8580","633","2","54","0","0","6.82","Golden Axe II"
"King's Quest IV: The Perils of Rosella","10179","King's Quest IV: The Perils of Rosella","55620","8160","74","1","24","0","0","6.82","King's Quest IV: The Perils of Rosella"
"Tony Hawk's Pro Skater 2x","10180","Tony Hawk's Pro Skater 2x","31080","4560","42","1","17","0","0","6.82","Tony Hawk's Pro Skater 2x"
"School Tycoon","10181","School Tycoon","13080","1920","96","1","11","0","0","6.81","School Tycoon"
"Tic Tac Toe","10182","Tic Tac Toe","31440","4620","114","2","30","0","0","6.81","Tic Tac Toe"
"A New Beginning","10183","A New Beginning","151080","22200","528","2","53","0","0","6.81","A New Beginning"
"Touhou 11 - Subterranean Animism","10184","Touhou 11 - Subterranean Animism","171120","25140","338","2","142","0","0","6.81","Touhou 11 - Subterranean Animism"
"Game Development","10185","Game Development","13186260","1937100","3121","52","3521","25","3","6.81","Game Development"
"Space Rogue (2015)","10186","Space Rogue (2015)","27360","4020","37","1","18","0","0","6.81","Space Rogue (2015)"
"Nancy Drew: Secrets Can Kill","10187","Nancy Drew: Secrets Can Kill","68220","10020","146","1","33","0","0","6.81","Nancy Drew: Secrets Can Kill"
"SpongeBob SquarePants: Employee of the Month","10188","SpongeBob SquarePants: Employee of the Month","13080","1920","25","1","10","0","0","6.81","SpongeBob SquarePants: Employee of the Month"
"Exit","10189","Exit","8580","1260","86","1","7","0","0","6.81","Exit"
"Aozora Meikyuu","10190","Aozora Meikyuu","10620","1560","31","1","8","0","0","6.81","Aozora Meikyuu"
"Grimm: Dark Legacy","10191","Grimm: Dark Legacy","38760","5700","48","3","20","0","0","6.8","Grimm: Dark Legacy"
"Dropship","10192","Dropship","4080","600","16","1","3","0","0","6.8","Dropship"
"Jump 'n Bump","10193","Jump 'n Bump","2040","300","13","1","2","0","0","6.8","Jump 'n Bump"
"Hebereke's Popoitto","10194","Hebereke's Popoitto","2040","300","11","1","3","0","0","6.8","Hebereke's Popoitto"
"Yu-Gi-Oh! Reshef of Destruction","10195","Yu-Gi-Oh! Reshef of Destruction","80400","11820","89","6","23","0","0","6.8","Yu-Gi-Oh! Reshef of Destruction"
"Rock Band 4","10196","Rock Band 4","50979840","7499580","9598","64","11453","96","14","6.8","Rock Band 4"
"Donkey Kong: Jungle Beat","10197","Donkey Kong: Jungle Beat","214140","31500","746","3","28","0","0","6.8","Donkey Kong: Jungle Beat"
"Help Wanted","10198","Help Wanted","33480","4920","61","1","22","0","0","6.8","Help Wanted"
"Land of the Dead: Road to Fiddler's Green","10199","Land of the Dead: Road to Fiddler's Green","36240","5340","97","1","28","0","0","6.79","Land of the Dead: Road to Fiddler's Green"
"Space Engine","10200","Space Engine","312780","46080","288","3","217","0","0","6.79","Space Engine"