"","","Game","Watch time","Stream time","Peak viewers","Peak channels","Streamers","Average viewers","Average channels","Average viewer ratio",""
"Backstage Pass","7501","Backstage Pass","66540","5760","742","1","16","0","0","11.55","Backstage Pass"
"Armored Core: Project Phantasma","7502","Armored Core: Project Phantasma","13860","1200","61","1","4","0","0","11.55","Armored Core: Project Phantasma"
"Bibi und Tina: Fohlen ""Felix"" in Gefahr","7503","Bibi und Tina: Fohlen ""Felix"" in Gefahr","16620","1440","242","1","4","0","0","11.54","Bibi und Tina: Fohlen ""Felix"" in Gefahr"
"Far Cry 3","7504","Far Cry 3","9891240","856980","2909","12","3584","18","1","11.54","Far Cry 3"
"Zezenia Online","7505","Zezenia Online","653880","56640","4610","3","98","1","0","11.54","Zezenia Online"
"Arx Fatalis","7506","Arx Fatalis","770700","66840","1423","4","111","1","0","11.53","Arx Fatalis"
"Party Mix","7507","Party Mix","95460","8280","159","1","24","0","0","11.53","Party Mix"
"Mappy","7508","Mappy","39420","3420","497","2","13","0","0","11.53","Mappy"
"Ark: Survival Of The Fittest","7509","Ark: Survival Of The Fittest","27011280","2342220","5526","41","3484","51","4","11.53","Ark: Survival Of The Fittest"
"hackmud","7510","hackmud","325680","28260","590","5","96","0","0","11.52","hackmud"
"Decay - Part 1","7511","Decay - Part 1","17280","1500","191","1","12","0","0","11.52","Decay - Part 1"
"S.T.A.L.K.E.R.: Clear Sky","7512","S.T.A.L.K.E.R.: Clear Sky","4126380","358080","2615","8","1011","7","0","11.52","S.T.A.L.K.E.R.: Clear Sky"
"Fate/Extra CCC","7513","Fate/Extra CCC","106440","9240","431","2","21","0","0","11.52","Fate/Extra CCC"
"One Day for Ched","7514","One Day for Ched","21420","1860","145","1","8","0","0","11.52","One Day for Ched"
"Billy Hatcher and the Giant Egg","7515","Billy Hatcher and the Giant Egg","673320","58500","1203","3","143","1","0","11.51","Billy Hatcher and the Giant Egg"
"Euro Truck Simulator 2","7516","Euro Truck Simulator 2","243967920","21187320","33826","179","30550","462","40","11.51","Euro Truck Simulator 2"
"Donkey Kong Land III","7517","Donkey Kong Land III","50400","4380","252","3","14","0","0","11.51","Donkey Kong Land III"
"Natural Selection II: Combat","7518","Natural Selection II: Combat","19320","1680","83","1","6","0","0","11.5","Natural Selection II: Combat"
"Hamtaro: Ham-Ham Heartbreak","7519","Hamtaro: Ham-Ham Heartbreak","335460","29160","262","2","78","0","0","11.5","Hamtaro: Ham-Ham Heartbreak"
"Captain Toad: Treasure Tracker","7520","Captain Toad: Treasure Tracker","1098780","95520","453","3","260","2","0","11.5","Captain Toad: Treasure Tracker"
"ESWAT: City Under Siege","7521","ESWAT: City Under Siege","16560","1440","28","2","7","0","0","11.5","ESWAT: City Under Siege"
"Boulder Dash","7522","Boulder Dash","41400","3600","45","1","13","0","0","11.5","Boulder Dash"
"Musical Zoo","7523","Musical Zoo","9660","840","82","1","8","0","0","11.5","Musical Zoo"
"Ore no Shikabane o Koete Yuke","7524","Ore no Shikabane o Koete Yuke","9660","840","35","1","6","0","0","11.5","Ore no Shikabane o Koete Yuke"
"Star Wars: Galaxies - Trials of Obi-Wan","7525","Star Wars: Galaxies - Trials of Obi-Wan","2760","240","15","1","1","0","0","11.5","Star Wars: Galaxies - Trials of Obi-Wan"
"Quizania","7526","Quizania","1380","120","17","1","1","0","0","11.5","Quizania"
"Simple 500 Series Vol. 2: The Misshitsu Kara no Dasshutsu","7527","Simple 500 Series Vol. 2: The Misshitsu Kara no Dasshutsu","1380","120","19","1","1","0","0","11.5","Simple 500 Series Vol. 2: The Misshitsu Kara no Dasshutsu"
"Coded Arms: Contagion","7528","Coded Arms: Contagion","2760","240","18","1","1","0","0","11.5","Coded Arms: Contagion"
"Tee'd Off","7529","Tee'd Off","1380","120","14","1","1","0","0","11.5","Tee'd Off"
"Disney Tangled: The Video Game","7530","Disney Tangled: The Video Game","1380","120","17","1","1","0","0","11.5","Disney Tangled: The Video Game"
"Video Game Anthology vol. 8: Shusse Ozumo/Exciting Hour","7531","Video Game Anthology vol. 8: Shusse Ozumo/Exciting Hour","1380","120","19","1","1","0","0","11.5","Video Game Anthology vol. 8: Shusse Ozumo/Exciting Hour"
"Triple Play 96","7532","Triple Play 96","1380","120","24","1","1","0","0","11.5","Triple Play 96"
"UEFA Euro 2000","7533","UEFA Euro 2000","13800","1200","68","1","3","0","0","11.5","UEFA Euro 2000"
"Ohr","7534","Ohr","1380","120","13","1","1","0","0","11.5","Ohr"
"Final Stretch","7535","Final Stretch","1380","120","12","1","1","0","0","11.5","Final Stretch"
"Yoshi's Woolly World","7536","Yoshi's Woolly World","3825000","332760","2472","9","934","7","0","11.49","Yoshi's Woolly World"
"Wanderlust Adventures","7537","Wanderlust Adventures","177840","15480","186","3","53","0","0","11.49","Wanderlust Adventures"
"NBA Street Vol. 2","7538","NBA Street Vol. 2","154980","13500","203","2","73","0","0","11.48","NBA Street Vol. 2"
"BurgerTime","7539","BurgerTime","97140","8460","164","1","28","0","0","11.48","BurgerTime"
"Pixel Puzzles 2: Space","7540","Pixel Puzzles 2: Space","18600","1620","28","1","5","0","0","11.48","Pixel Puzzles 2: Space"
"Cognition: An Erica Reed Thriller","7541","Cognition: An Erica Reed Thriller","170040","14820","345","2","31","0","0","11.47","Cognition: An Erica Reed Thriller"
"The Neverhood","7542","The Neverhood","121140","10560","214","1","42","0","0","11.47","The Neverhood"
"Fistful of Frags","7543","Fistful of Frags","2490420","217200","4513","6","1218","4","0","11.47","Fistful of Frags"
"Sonic Adventure DX: Director's Cut","7544","Sonic Adventure DX: Director's Cut","4825500","421020","1356","18","1430","9","0","11.46","Sonic Adventure DX: Director's Cut"
"Resident Evil 4","7545","Resident Evil 4","78329040","6837720","34991","352","16385","148","12","11.46","Resident Evil 4"
"Deception IV: Blood Ties","7546","Deception IV: Blood Ties","103800","9060","76","1","22","0","0","11.46","Deception IV: Blood Ties"
"The Sims 2: Open for Business","7547","The Sims 2: Open for Business","17880","1560","62","1","6","0","0","11.46","The Sims 2: Open for Business"
"Hard Reset: Redux","7548","Hard Reset: Redux","761100","66420","1352","7","339","1","0","11.46","Hard Reset: Redux"
"Feuerwache: Mission - Leben retten","7549","Feuerwache: Mission - Leben retten","8940","780","34","2","4","0","0","11.46","Feuerwache: Mission - Leben retten"
"My Candy Love","7550","My Candy Love","15120","1320","44","1","4","0","0","11.45","My Candy Love"
"Commander Keen: Keen Dreams","7551","Commander Keen: Keen Dreams","28860","2520","45","1","9","0","0","11.45","Commander Keen: Keen Dreams"
"Hotline Miami","7552","Hotline Miami","8396460","733140","99855","14","5117","15","1","11.45","Hotline Miami"
"Turok: Evolution","7553","Turok: Evolution","44640","3900","139","1","25","0","0","11.45","Turok: Evolution"
"Homestuck","7554","Homestuck","361860","31620","271","2","28","0","0","11.44","Homestuck"
"Left 4 Dead 2","7555","Left 4 Dead 2","119511720","10443360","106789","73","36616","226","19","11.44","Left 4 Dead 2"
"Sono Hanabira ni Kuchizuke o","7556","Sono Hanabira ni Kuchizuke o","6180","540","39","1","2","0","0","11.44","Sono Hanabira ni Kuchizuke o"
"Adventure Time: Magic Man's Head Games","7557","Adventure Time: Magic Man's Head Games","6180","540","50","1","6","0","0","11.44","Adventure Time: Magic Man's Head Games"
"Train Simulator 2017","7558","Train Simulator 2017","920400","80460","220","9","248","1","0","11.44","Train Simulator 2017"
"Final Fantasy X/X-2 HD Remaster","7559","Final Fantasy X/X-2 HD Remaster","111984720","9794700","29707","174","14998","212","18","11.43","Final Fantasy X/X-2 HD Remaster"
"Saints Row: The Third","7560","Saints Row: The Third","6634320","580260","29523","9","2711","12","1","11.43","Saints Row: The Third"
"ChatChat","7561","ChatChat","471060","41220","444","3","187","0","0","11.43","ChatChat"
"Made Man: Confessions of the Family Blood","7562","Made Man: Confessions of the Family Blood","37020","3240","141","1","7","0","0","11.43","Made Man: Confessions of the Family Blood"
"Lethal Enforcers I & II","7563","Lethal Enforcers I & II","4800","420","20","1","2","0","0","11.43","Lethal Enforcers I & II"
"Final Doom","7564","Final Doom","617940","54120","6107","5","130","1","0","11.42","Final Doom"
"Final Fantasy Tactics A2: Grimoire of the Rift","7565","Final Fantasy Tactics A2: Grimoire of the Rift","428880","37560","262","2","59","0","0","11.42","Final Fantasy Tactics A2: Grimoire of the Rift"
"Beauty and the Beast","7566","Beauty and the Beast","15060","1320","86","1","8","0","0","11.41","Beauty and the Beast"
"Sins of a Solar Empire: Rebellion","7567","Sins of a Solar Empire: Rebellion","2676480","234660","12979","6","719","5","0","11.41","Sins of a Solar Empire: Rebellion"
"Serious Sam II","7568","Serious Sam II","1402980","123060","29191","6","602","2","0","11.4","Serious Sam II"
"Toontown Online","7569","Toontown Online","24607500","2158260","12674","26","2715","46","4","11.4","Toontown Online"
"StarCraft","7570","StarCraft","1093500","95940","1146","3","270","2","0","11.4","StarCraft"
"Marble Saga: Kororinpa","7571","Marble Saga: Kororinpa","3420","300","33","1","1","0","0","11.4","Marble Saga: Kororinpa"
"Castlevania II: Belmont's Revenge","7572","Castlevania II: Belmont's Revenge","69000","6060","289","2","35","0","0","11.39","Castlevania II: Belmont's Revenge"
"Croc 2","7573","Croc 2","172200","15120","1006","2","43","0","0","11.39","Croc 2"
"Half-Life: Blue Shift","7574","Half-Life: Blue Shift","580320","50940","1847","3","235","1","0","11.39","Half-Life: Blue Shift"
"I Am Bread","7575","I Am Bread","3489120","306720","5739","8","2584","6","0","11.38","I Am Bread"
"Indiana Jones and the Fate of Atlantis","7576","Indiana Jones and the Fate of Atlantis","744540","65400","285","3","149","1","0","11.38","Indiana Jones and the Fate of Atlantis"
"Johnny Graves—The Unchosen One","7577","Johnny Graves—The Unchosen One","5460","480","19","1","5","0","0","11.38","Johnny Graves—The Unchosen One"
"Dispatcher","7578","Dispatcher","112680","9900","316","2","102","0","0","11.38","Dispatcher"
"We Love Katamari","7579","We Love Katamari","542280","47700","528","3","146","1","0","11.37","We Love Katamari"
"SCP-087","7580","SCP-087","298920","26280","794","3","213","0","0","11.37","SCP-087"
"Digimon Adventure","7581","Digimon Adventure","176760","15540","145","2","32","0","0","11.37","Digimon Adventure"
"G.I. Joe: A Real American Hero","7582","G.I. Joe: A Real American Hero","36840","3240","84","1","12","0","0","11.37","G.I. Joe: A Real American Hero"
"I Spy Spooky Mansion Deluxe","7583","I Spy Spooky Mansion Deluxe","19080","1680","82","1","9","0","0","11.36","I Spy Spooky Mansion Deluxe"
"Solatorobo: Red the Hunter","7584","Solatorobo: Red the Hunter","119280","10500","324","2","19","0","0","11.36","Solatorobo: Red the Hunter"
"Detective Grimoire","7585","Detective Grimoire","107700","9480","270","2","44","0","0","11.36","Detective Grimoire"
"Zula","7586","Zula","1161060","102300","4638","6","521","2","0","11.35","Zula"
"Blake Stone: Planet Strike","7587","Blake Stone: Planet Strike","17700","1560","60","1","5","0","0","11.35","Blake Stone: Planet Strike"
"Ninja Gaiden: Shadow","7588","Ninja Gaiden: Shadow","53100","4680","93","1","19","0","0","11.35","Ninja Gaiden: Shadow"
"Space Quest I: Roger Wilco in the Sarien Encounter","7589","Space Quest I: Roger Wilco in the Sarien Encounter","79020","6960","173","2","33","0","0","11.35","Space Quest I: Roger Wilco in the Sarien Encounter"
"Magician Lord","7590","Magician Lord","17700","1560","54","1","7","0","0","11.35","Magician Lord"
"Laura Bow: Colonel's Bequest","7591","Laura Bow: Colonel's Bequest","27240","2400","53","1","5","0","0","11.35","Laura Bow: Colonel's Bequest"
"Insurgency: Sandstorm","7592","Insurgency: Sandstorm","15660","1380","128","3","9","0","0","11.35","Insurgency: Sandstorm"
"Alekhine's Gun","7593","Alekhine's Gun","782640","68940","1009","6","325","1","0","11.35","Alekhine's Gun"
"Electrician","7594","Electrician","4080","360","21","1","1","0","0","11.33","Electrician"
"Free Enterprise","7595","Free Enterprise","6120","540","18","1","1","0","0","11.33","Free Enterprise"
"Cake Mania: Lights, Camera, Action!","7596","Cake Mania: Lights, Camera, Action!","2040","180","16","1","1","0","0","11.33","Cake Mania: Lights, Camera, Action!"
"Iggy's Reckin' Balls","7597","Iggy's Reckin' Balls","24480","2160","190","1","16","0","0","11.33","Iggy's Reckin' Balls"
"Iron Man / X-O Manowar in Heavy Metal","7598","Iron Man / X-O Manowar in Heavy Metal","4080","360","23","1","2","0","0","11.33","Iron Man / X-O Manowar in Heavy Metal"
"Beautiful Katamari","7599","Beautiful Katamari","169920","15000","551","3","69","0","0","11.33","Beautiful Katamari"
"Revolution X","7600","Revolution X","16320","1440","122","1","12","0","0","11.33","Revolution X"