"","","Game","Watch time","Stream time","Peak viewers","Peak channels","Streamers","Average viewers","Average channels","Average viewer ratio",""
"Crazy Taxi 2","3001","Crazy Taxi 2","364860","8400","8396","4","33","0","0","43.44","Crazy Taxi 2"
"Blobby Online","3002","Blobby Online","20820","480","183","1","4","0","0","43.38","Blobby Online"
"Omikron: The Nomad Soul","3003","Omikron: The Nomad Soul","1398540","32280","6793","5","96","2","0","43.33","Omikron: The Nomad Soul"
"Sherlock Holmes: Consulting Detective","3004","Sherlock Holmes: Consulting Detective","156000","3600","136","1","7","0","0","43.33","Sherlock Holmes: Consulting Detective"
"Pokémon Red/Blue","3005","Pokémon Red/Blue","126107340","2912280","185106","53","5557","239","5","43.3","Pokémon Red/Blue"
"Magic Circle","3006","Magic Circle","106500","2460","185","1","10","0","0","43.29","Magic Circle"
"JESUS","3007","JESUS","192120","4440","4036","2","15","0","0","43.27","JESUS"
"Aven Colony","3008","Aven Colony","1250340","28920","731","4","78","2","0","43.23","Aven Colony"
"Hot Dogs, Horseshoes & Hand Grenades","3009","Hot Dogs, Horseshoes & Hand Grenades","1221480","28260","5642","2","133","2","0","43.22","Hot Dogs, Horseshoes & Hand Grenades"
"The Super Spy","3010","The Super Spy","23340","540","154","1","3","0","0","43.22","The Super Spy"
"Gradius","3011","Gradius","570000","13200","2086","2","65","1","0","43.18","Gradius"
"Pandemonium!","3012","Pandemonium!","784500","18180","2247","3","55","1","0","43.15","Pandemonium!"
"Forced Showdown","3013","Forced Showdown","16096560","373080","19257","25","776","30","0","43.15","Forced Showdown"
"Killing Day","3014","Killing Day","36240","840","566","1","2","0","0","43.14","Killing Day"
"VelociDrone","3015","VelociDrone","18120","420","109","1","3","0","0","43.14","VelociDrone"
"Drawful 2","3016","Drawful 2","43239240","1002600","33320","50","4853","82","1","43.13","Drawful 2"
"The Yawhg","3017","The Yawhg","951180","22080","2378","2","114","1","0","43.08","The Yawhg"
"Yakuza","3018","Yakuza","5097000","118320","3519","8","183","9","0","43.08","Yakuza"
"Cornerstone: The Song of Tyrim","3019","Cornerstone: The Song of Tyrim","717780","16680","7513","5","53","1","0","43.03","Cornerstone: The Song of Tyrim"
"Puzzle & Dragons","3020","Puzzle & Dragons","98023980","2281080","6811","26","1378","186","4","42.97","Puzzle & Dragons"
"Rusty Lake Hotel","3021","Rusty Lake Hotel","1543620","35940","3282","3","173","2","0","42.95","Rusty Lake Hotel"
"Kirby Air Ride","3022","Kirby Air Ride","7584600","176640","92714","10","464","14","0","42.94","Kirby Air Ride"
"R4 Ridge Racer Type 4","3023","R4 Ridge Racer Type 4","412200","9600","5370","2","13","0","0","42.94","R4 Ridge Racer Type 4"
"Super Off Road","3024","Super Off Road","87420","2040","1043","1","15","0","0","42.85","Super Off Road"
"Battle of Empires: 1914-1918","3025","Battle of Empires: 1914-1918","151620","3540","458","1","16","0","0","42.83","Battle of Empires: 1914-1918"
"Yamato","3026","Yamato","28260","660","462","1","2","0","0","42.82","Yamato"
"Psi-Ops: The Mindgate Conspiracy","3027","Psi-Ops: The Mindgate Conspiracy","202920","4740","759","1","20","0","0","42.81","Psi-Ops: The Mindgate Conspiracy"
"Mega Man","3028","Mega Man","17830380","416700","6916","8","928","33","0","42.79","Mega Man"
"Castlevania: Symphony of the Night","3029","Castlevania: Symphony of the Night","32688720","764040","155016","20","1947","62","1","42.78","Castlevania: Symphony of the Night"
"SimCity BuildIt","3030","SimCity BuildIt","333720","7800","3182","2","28","0","0","42.78","SimCity BuildIt"
"Capcom vs. SNK 2: Mark of the Millennium","3031","Capcom vs. SNK 2: Mark of the Millennium","2193420","51300","5679","3","167","4","0","42.76","Capcom vs. SNK 2: Mark of the Millennium"
"Locked-in Syndrome","3032","Locked-in Syndrome","10260","240","169","2","20","0","0","42.75","Locked-in Syndrome"
"SpeedRunners","3033","SpeedRunners","51707940","1210440","36444","20","6395","98","2","42.72","SpeedRunners"
"LSD","3034","LSD","1396680","32700","5234","3","136","2","0","42.71","LSD"
"Flying Warriors","3035","Flying Warriors","58920","1380","331","1","6","0","0","42.7","Flying Warriors"
"Dragon Ball Z Gaiden: Saiyajin Zetsumetsu Keikaku","3036","Dragon Ball Z Gaiden: Saiyajin Zetsumetsu Keikaku","23040","540","68","1","1","0","0","42.67","Dragon Ball Z Gaiden: Saiyajin Zetsumetsu Keikaku"
"Monster Rancher","3037","Monster Rancher","780540","18300","776","2","22","1","0","42.65","Monster Rancher"
"Shadow Tactics: Blades of the Shogun","3038","Shadow Tactics: Blades of the Shogun","12773820","299640","17292","36","839","24","0","42.63","Shadow Tactics: Blades of the Shogun"
"Superhot VR","3039","Superhot VR","428640","10080","17967","4","86","0","0","42.52","Superhot VR"
"Illust Logic DS + Colorful Logic","3040","Illust Logic DS + Colorful Logic","5100","120","50","1","1","0","0","42.5","Illust Logic DS + Colorful Logic"
"Silent Hill","3041","Silent Hill","17959140","422520","12977","11","1068","34","0","42.5","Silent Hill"
"Dexter's Laboratory: Mandark's Lab?","3042","Dexter's Laboratory: Mandark's Lab?","43320","1020","224","1","8","0","0","42.47","Dexter's Laboratory: Mandark's Lab?"
"Ecco the Dolphin","3043","Ecco the Dolphin","820260","19320","5540","2","83","1","0","42.46","Ecco the Dolphin"
"Aqua","3044","Aqua","66240","1560","100","1","6","0","0","42.46","Aqua"
"SUPERFIGHT","3045","SUPERFIGHT","22168080","522360","19644","29","1742","42","0","42.44","SUPERFIGHT"
"Worlds Adrift","3046","Worlds Adrift","1232280","29040","2680","8","90","2","0","42.43","Worlds Adrift"
"Rally Copters","3047","Rally Copters","45780","1080","217","1","6","0","0","42.39","Rally Copters"
"Wheel of Fortune","3048","Wheel of Fortune","1166940","27540","1550","2","125","2","0","42.37","Wheel of Fortune"
"Popcorn","3049","Popcorn","66060","1560","525","1","9","0","0","42.35","Popcorn"
"Kathy Rain","3050","Kathy Rain","1656720","39120","32298","4","114","3","0","42.35","Kathy Rain"
"Alien Swarm","3051","Alien Swarm","6839280","161580","103722","7","849","12","0","42.33","Alien Swarm"
"Destruction Derby 64","3052","Destruction Derby 64","88860","2100","522","1","10","0","0","42.31","Destruction Derby 64"
"Takeshi no Chousenjou","3053","Takeshi no Chousenjou","152280","3600","1734","1","13","0","0","42.3","Takeshi no Chousenjou"
"The Repopulation","3054","The Repopulation","172560","4080","353","4","19","0","0","42.29","The Repopulation"
"Hydlide","3055","Hydlide","73560","1740","420","1","9","0","0","42.28","Hydlide"
"Tom and Jerry: War of the Whiskers","3056","Tom and Jerry: War of the Whiskers","30420","720","295","1","5","0","0","42.25","Tom and Jerry: War of the Whiskers"
"Necropolis","3057","Necropolis","26877720","636240","55052","199","2649","51","1","42.24","Necropolis"
"Bugs Bunny Rabbit Rampage","3058","Bugs Bunny Rabbit Rampage","15180","360","169","1","4","0","0","42.17","Bugs Bunny Rabbit Rampage"
"Starflight","3059","Starflight","189780","4500","584","1","12","0","0","42.17","Starflight"
"Sylvan Tale","3060","Sylvan Tale","134100","3180","620","1","3","0","0","42.17","Sylvan Tale"
"Warhammer 40,000: Dawn of War III","3061","Warhammer 40,000: Dawn of War III","1247160","29580","4284","2","123","2","0","42.16","Warhammer 40,000: Dawn of War III"
"Hero's Quest I: So You Want To Be A Hero","3062","Hero's Quest I: So You Want To Be A Hero","951240","22560","4115","3","58","1","0","42.16","Hero's Quest I: So You Want To Be A Hero"
"Quidditch Manager","3063","Quidditch Manager","65760","1560","371","1","6","0","0","42.15","Quidditch Manager"
"Mystery Legends: Phantom of the Opera","3064","Mystery Legends: Phantom of the Opera","20220","480","223","1","2","0","0","42.13","Mystery Legends: Phantom of the Opera"
"Angry Video Game Nerd Adventures","3065","Angry Video Game Nerd Adventures","3588540","85200","13313","13","392","6","0","42.12","Angry Video Game Nerd Adventures"
"The Cursed Forest","3066","The Cursed Forest","841200","19980","3002","2","106","1","0","42.1","The Cursed Forest"
"Sid Meier's Covert Action","3067","Sid Meier's Covert Action","85800","2040","432","1","11","0","0","42.06","Sid Meier's Covert Action"
"Senran Kagura: Shinovi Versus","3068","Senran Kagura: Shinovi Versus","6496080","154500","2732","16","598","12","0","42.05","Senran Kagura: Shinovi Versus"
"Sonic Shuffle","3069","Sonic Shuffle","267240","6360","758","2","35","0","0","42.02","Sonic Shuffle"
"Evochron Legacy","3070","Evochron Legacy","410940","9780","983","2","36","0","0","42.02","Evochron Legacy"
"Sonic Eraser","3071","Sonic Eraser","7560","180","63","1","2","0","0","42","Sonic Eraser"
"Captain America: Shield of Justice","3072","Captain America: Shield of Justice","2520","60","43","1","1","0","0","42","Captain America: Shield of Justice"
"Motoko-chan no Wonder Kitchen","3073","Motoko-chan no Wonder Kitchen","7560","180","59","1","1","0","0","42","Motoko-chan no Wonder Kitchen"
"MagNets","3074","MagNets","2520","60","45","1","1","0","0","42","MagNets"
"Monster Tale","3075","Monster Tale","2520","60","42","1","0","0","0","42","Monster Tale"
"Yu-Gi-Oh! 7 Trials to Glory: World Championship Tournament 2005","3076","Yu-Gi-Oh! 7 Trials to Glory: World Championship Tournament 2005","125940","3000","508","1","8","0","0","41.98","Yu-Gi-Oh! 7 Trials to Glory: World Championship Tournament 2005"
"Hektor","3077","Hektor","2061720","49140","1837","6","312","3","0","41.96","Hektor"
"Total Overdose","3078","Total Overdose","762720","18180","7045","5","62","1","0","41.95","Total Overdose"
"Senran Kagura: Estival Versus","3079","Senran Kagura: Estival Versus","17147580","409200","19049","24","3356","32","0","41.91","Senran Kagura: Estival Versus"
"Tiny Toon Adventures: Buster Busts Loose!","3080","Tiny Toon Adventures: Buster Busts Loose!","530460","12660","1854","5","69","1","0","41.9","Tiny Toon Adventures: Buster Busts Loose!"
"Mobius Final Fantasy","3081","Mobius Final Fantasy","4376460","104460","11905","5","231","8","0","41.9","Mobius Final Fantasy"
"Bass Masters Classic","3082","Bass Masters Classic","67860","1620","92","1","7","0","0","41.89","Bass Masters Classic"
"Fran Bow","3083","Fran Bow","17434500","416340","19170","19","1289","33","0","41.88","Fran Bow"
"Dead Rising 2","3084","Dead Rising 2","22570080","539100","14784","18","2004","42","1","41.87","Dead Rising 2"
"Game & Watch Gallery 3","3085","Game & Watch Gallery 3","37680","900","114","1","3","0","0","41.87","Game & Watch Gallery 3"
"All Star Baseball","3086","All Star Baseball","15060","360","234","1","3","0","0","41.83","All Star Baseball"
"GameRoom","3087","GameRoom","1046700","25020","314","3","66","1","0","41.83","GameRoom"
"Captain America: The Winter Soldier - The Official Game","3088","Captain America: The Winter Soldier - The Official Game","15060","360","91","1","2","0","0","41.83","Captain America: The Winter Soldier - The Official Game"
"Pimp My Ride","3089","Pimp My Ride","47580","1140","268","1","7","0","0","41.74","Pimp My Ride"
"Lufia & the Fortress of Doom","3090","Lufia & the Fortress of Doom","1721100","41280","2004","2","60","3","0","41.69","Lufia & the Fortress of Doom"
"Lex Mortis","3091","Lex Mortis","120000","2880","855","2","18","0","0","41.67","Lex Mortis"
"Bearbarians","3092","Bearbarians","15000","360","62","1","1","0","0","41.67","Bearbarians"
"Knights of the Sky","3093","Knights of the Sky","7500","180","67","1","2","0","0","41.67","Knights of the Sky"
"Devil Daggers","3094","Devil Daggers","15959220","383040","32223","19","1813","30","0","41.66","Devil Daggers"
"Fallout 2","3095","Fallout 2","12511680","300480","11389","6","708","23","0","41.64","Fallout 2"
"Mary-Kate And Ashley: Magical Mystery Mall","3096","Mary-Kate And Ashley: Magical Mystery Mall","27480","660","189","1","4","0","0","41.64","Mary-Kate And Ashley: Magical Mystery Mall"
"Zoo Keeper","3097","Zoo Keeper","39960","960","155","1","3","0","0","41.63","Zoo Keeper"
"Secret Ponchos","3098","Secret Ponchos","978480","23520","7628","3","87","1","0","41.6","Secret Ponchos"
"Adventures of Lolo 3","3099","Adventures of Lolo 3","331800","7980","474","2","11","0","0","41.58","Adventures of Lolo 3"
"Arizona Sunshine","3100","Arizona Sunshine","1149540","27660","1261","6","212","2","0","41.56","Arizona Sunshine"