"","","Game","Watch time","Stream time","Peak viewers","Peak channels","Streamers","Average viewers","Average channels","Average viewer ratio",""
"Randnet Disk","8701","Randnet Disk","540","60","10","1","1","0","0","9","Randnet Disk"
"Choppa","8702","Choppa","540","60","10","1","1","0","0","9","Choppa"
"Broadsword: Age of Chivalry","8703","Broadsword: Age of Chivalry","540","60","9","1","1","0","0","9","Broadsword: Age of Chivalry"
"Shanghai Kid","8704","Shanghai Kid","2160","240","15","1","1","0","0","9","Shanghai Kid"
"Remote Control Dandy","8705","Remote Control Dandy","1080","120","10","1","1","0","0","9","Remote Control Dandy"
"YuYu Hakusho Forever","8706","YuYu Hakusho Forever","3240","360","42","1","3","0","0","9","YuYu Hakusho Forever"
"Nitemare 3D","8707","Nitemare 3D","3780","420","29","1","4","0","0","9","Nitemare 3D"
"The Journal","8708","The Journal","3780","420","13","1","1","0","0","9","The Journal"
"Rabbit x Labyrinth","8709","Rabbit x Labyrinth","1620","180","12","1","1","0","0","9","Rabbit x Labyrinth"
"Gun Buster","8710","Gun Buster","1080","120","11","1","1","0","0","9","Gun Buster"
"Zig Zag Cat","8711","Zig Zag Cat","540","60","11","1","1","0","0","9","Zig Zag Cat"
"Darkness Anomaly","8712","Darkness Anomaly","2160","240","19","1","3","0","0","9","Darkness Anomaly"
"Vega Strike","8713","Vega Strike","540","60","10","1","0","0","0","9","Vega Strike"
"Twisted Fusion","8714","Twisted Fusion","1080","120","11","1","1","0","0","9","Twisted Fusion"
"AlphaBounce","8715","AlphaBounce","1080","120","11","1","1","0","0","9","AlphaBounce"
"Lair of the Evildoer","8716","Lair of the Evildoer","540","60","9","1","0","0","0","9","Lair of the Evildoer"
"Mario and Donkey Kong: Minis on the Move + Mario vs. Donkey Kong: Minis March Again!","8717","Mario and Donkey Kong: Minis on the Move + Mario vs. Donkey Kong: Minis March Again!","1620","180","11","1","1","0","0","9","Mario and Donkey Kong: Minis on the Move + Mario vs. Donkey Kong: Minis March Again!"
"Iggle Pop Deluxe","8718","Iggle Pop Deluxe","540","60","9","1","1","0","0","9","Iggle Pop Deluxe"
"3D Baseball","8719","3D Baseball","1080","120","10","1","1","0","0","9","3D Baseball"
"Retro Revolution 2","8720","Retro Revolution 2","540","60","9","1","1","0","0","9","Retro Revolution 2"
"Big Sky Infinity","8721","Big Sky Infinity","540","60","9","1","1","0","0","9","Big Sky Infinity"
"Aquarius","8722","Aquarius","540","60","9","1","0","0","0","9","Aquarius"
"Bakemonogatari Portable","8723","Bakemonogatari Portable","1080","120","10","1","1","0","0","9","Bakemonogatari Portable"
"Disney's Stitch: Experiment 626","8724","Disney's Stitch: Experiment 626","4860","540","15","1","2","0","0","9","Disney's Stitch: Experiment 626"
"Son Son","8725","Son Son","540","60","11","1","1","0","0","9","Son Son"
"Spy Kids Challenger","8726","Spy Kids Challenger","540","60","11","1","1","0","0","9","Spy Kids Challenger"
"Bogy Men","8727","Bogy Men","540","60","9","1","0","0","0","9","Bogy Men"
"Chronos","8728","Chronos","209820","23340","613","3","71","0","0","8.99","Chronos"
"Elliot Quest","8729","Elliot Quest","97080","10800","38","1","25","0","0","8.99","Elliot Quest"
"The Godfather: The Don's Edition","8730","The Godfather: The Don's Edition","35580","3960","126","1","7","0","0","8.98","The Godfather: The Don's Edition"
"Castlevania Chronicles","8731","Castlevania Chronicles","219180","24420","104","2","59","0","0","8.98","Castlevania Chronicles"
"Miasmata","8732","Miasmata","199440","22200","269","2","76","0","0","8.98","Miasmata"
"Mushihime-sama Futari","8733","Mushihime-sama Futari","146880","16380","1508","2","30","0","0","8.97","Mushihime-sama Futari"
"Digimon World 2","8734","Digimon World 2","587940","65580","487","3","96","1","0","8.97","Digimon World 2"
"Always Sometimes Monsters","8735","Always Sometimes Monsters","351420","39180","416","2","135","0","0","8.97","Always Sometimes Monsters"
"Indie Assault","8736","Indie Assault","19920","2220","235","1","10","0","0","8.97","Indie Assault"
"Valhalla Hills","8737","Valhalla Hills","197460","22020","282","2","78","0","0","8.97","Valhalla Hills"
"CLOP","8738","CLOP","20460","2280","111","2","12","0","0","8.97","CLOP"
"Rise of Agon","8739","Rise of Agon","775140","86400","81","6","81","1","0","8.97","Rise of Agon"
"Club Penguin: Elite Penguin Force","8740","Club Penguin: Elite Penguin Force","26880","3000","177","7","27","0","0","8.96","Club Penguin: Elite Penguin Force"
"Captain Commando","8741","Captain Commando","38160","4260","116","2","34","0","0","8.96","Captain Commando"
"Magnetic: Cage Closed","8742","Magnetic: Cage Closed","73680","8220","306","1","38","0","0","8.96","Magnetic: Cage Closed"
"Hatsune Miku: Project DIVA 2nd","8743","Hatsune Miku: Project DIVA 2nd","328920","36720","643","2","136","0","0","8.96","Hatsune Miku: Project DIVA 2nd"
"SimAnt: The Electronic Ant Colony","8744","SimAnt: The Electronic Ant Colony","27420","3060","82","1","15","0","0","8.96","SimAnt: The Electronic Ant Colony"
"Phantasy Star","8745","Phantasy Star","312060","34860","5414","3","55","0","0","8.95","Phantasy Star"
"Shining Force CD","8746","Shining Force CD","215820","24120","137","2","28","0","0","8.95","Shining Force CD"
"Bionic Commando Rearmed","8747","Bionic Commando Rearmed","172860","19320","316","2","74","0","0","8.95","Bionic Commando Rearmed"
"Battle Tanks","8748","Battle Tanks","10200","1140","168","1","6","0","0","8.95","Battle Tanks"
"Cally's Caves 3","8749","Cally's Caves 3","119220","13320","537","2","41","0","0","8.95","Cally's Caves 3"
"Circa Infinity","8750","Circa Infinity","58500","6540","73","1","26","0","0","8.94","Circa Infinity"
"Izuna: Legend of the Unemployed Ninja","8751","Izuna: Legend of the Unemployed Ninja","9660","1080","19","1","3","0","0","8.94","Izuna: Legend of the Unemployed Ninja"
"Ace Ventura","8752","Ace Ventura","8040","900","67","1","3","0","0","8.93","Ace Ventura"
"Retro-Pixel Castles","8753","Retro-Pixel Castles","93180","10440","456","2","37","0","0","8.93","Retro-Pixel Castles"
"Cards and Castles","8754","Cards and Castles","245280","27480","852","2","76","0","0","8.93","Cards and Castles"
"Magic Knight Rayearth","8755","Magic Knight Rayearth","66960","7500","260","2","14","0","0","8.93","Magic Knight Rayearth"
"Adam's Venture: Episode One - The Search for the Black Garden","8756","Adam's Venture: Episode One - The Search for the Black Garden","7500","840","67","1","11","0","0","8.93","Adam's Venture: Episode One - The Search for the Black Garden"
"Katawa Shoujo","8757","Katawa Shoujo","1150200","129000","727","4","401","2","0","8.92","Katawa Shoujo"
"Metro Redux","8758","Metro Redux","12195840","1367160","16614","19","5946","23","2","8.92","Metro Redux"
"GoatUp","8759","GoatUp","6420","720","102","1","3","0","0","8.92","GoatUp"
"Man vs. Wild","8760","Man vs. Wild","6420","720","20","1","7","0","0","8.92","Man vs. Wild"
"Sailor Moon SuperS","8761","Sailor Moon SuperS","5880","660","85","1","5","0","0","8.91","Sailor Moon SuperS"
"Lionheart","8762","Lionheart","17640","1980","24","1","5","0","0","8.91","Lionheart"
"Night Slashers","8763","Night Slashers","18180","2040","98","1","10","0","0","8.91","Night Slashers"
"Ninja Pizza Girl","8764","Ninja Pizza Girl","129360","14520","227","2","58","0","0","8.91","Ninja Pizza Girl"
"Diep.io","8765","Diep.io","2945220","330480","4453","11","2327","5","0","8.91","Diep.io"
"Putt-Putt Enters the Race","8766","Putt-Putt Enters the Race","52320","5880","176","2","26","0","0","8.9","Putt-Putt Enters the Race"
"Painkiller: Redemption","8767","Painkiller: Redemption","16020","1800","42","1","7","0","0","8.9","Painkiller: Redemption"
"Infinity Wars","8768","Infinity Wars","1129020","126900","974","9","177","2","0","8.9","Infinity Wars"
"Toy Story 3: The Video Game","8769","Toy Story 3: The Video Game","53940","6060","161","2","28","0","0","8.9","Toy Story 3: The Video Game"
"Dungeonland","8770","Dungeonland","51780","5820","181","2","40","0","0","8.9","Dungeonland"
"Chessmaster","8771","Chessmaster","10680","1200","63","1","3","0","0","8.9","Chessmaster"
"Learn To Play Chess with Fritz & Chesster","8772","Learn To Play Chess with Fritz & Chesster","26160","2940","343","1","12","0","0","8.9","Learn To Play Chess with Fritz & Chesster"
"Detective Conan","8773","Detective Conan","21360","2400","19","1","3","0","0","8.9","Detective Conan"
"Super Robot Wars OG Saga: Masou Kishin - The Lord of Elemental","8774","Super Robot Wars OG Saga: Masou Kishin - The Lord of Elemental","134880","15180","265","2","5","0","0","8.89","Super Robot Wars OG Saga: Masou Kishin - The Lord of Elemental"
"Drakensang: The River of Time","8775","Drakensang: The River of Time","52800","5940","174","1","18","0","0","8.89","Drakensang: The River of Time"
"Legend of Grimrock","8776","Legend of Grimrock","1423200","160140","991","4","386","2","0","8.89","Legend of Grimrock"
"Kirby's Epic Yarn","8777","Kirby's Epic Yarn","423120","47580","315","2","115","0","0","8.89","Kirby's Epic Yarn"
"Back to the Future","8778","Back to the Future","243060","27360","354","3","119","0","0","8.88","Back to the Future"
"Adventure Time: The Secret of the Nameless Kingdom","8779","Adventure Time: The Secret of the Nameless Kingdom","64500","7260","61","1","25","0","0","8.88","Adventure Time: The Secret of the Nameless Kingdom"
"Mega Man 3: The Robots are Revolting","8780","Mega Man 3: The Robots are Revolting","4260","480","22","1","5","0","0","8.88","Mega Man 3: The Robots are Revolting"
"Harvest Moon: Sunshine Islands","8781","Harvest Moon: Sunshine Islands","7980","900","16","1","2","0","0","8.87","Harvest Moon: Sunshine Islands"
"Mega Man Battle Network 5: Double Team DS","8782","Mega Man Battle Network 5: Double Team DS","86760","9780","47","2","20","0","0","8.87","Mega Man Battle Network 5: Double Team DS"
"Ultima Online","8783","Ultima Online","9529200","1074720","2441","11","445","18","2","8.87","Ultima Online"
"Mogeko Castle","8784","Mogeko Castle","205320","23160","730","2","97","0","0","8.87","Mogeko Castle"
"Namco Museum","8785","Namco Museum","37740","4260","77","1","21","0","0","8.86","Namco Museum"
"Lords of Xulima","8786","Lords of Xulima","157320","17760","724","1","28","0","0","8.86","Lords of Xulima"
"Need for Speed: Hot Pursuit 2","8787","Need for Speed: Hot Pursuit 2","167520","18900","272","2","75","0","0","8.86","Need for Speed: Hot Pursuit 2"
"Bubble and Squeak","8788","Bubble and Squeak","3720","420","26","1","3","0","0","8.86","Bubble and Squeak"
"Mappy Land","8789","Mappy Land","11700","1320","93","1","8","0","0","8.86","Mappy Land"
"Carmageddon TDR 2000","8790","Carmageddon TDR 2000","11700","1320","86","1","9","0","0","8.86","Carmageddon TDR 2000"
"Machine Hunter","8791","Machine Hunter","3720","420","32","1","2","0","0","8.86","Machine Hunter"
"Quantum of Solace","8792","Quantum of Solace","22860","2580","130","1","13","0","0","8.86","Quantum of Solace"
"Inazuma Eleven","8793","Inazuma Eleven","23400","2640","70","1","10","0","0","8.86","Inazuma Eleven"
"HunieCam Studio","8794","HunieCam Studio","93060","10500","1041","4","77","0","0","8.86","HunieCam Studio"
"ArmaGallant: Decks of Destiny","8795","ArmaGallant: Decks of Destiny","3720","420","15","1","2","0","0","8.86","ArmaGallant: Decks of Destiny"
"American Dream","8796","American Dream","3720","420","25","2","2","0","0","8.86","American Dream"
"PewDiePie's Tuber Simulator","8797","PewDiePie's Tuber Simulator","577080","65100","1667","8","257","1","0","8.86","PewDiePie's Tuber Simulator"
"Record of Lodoss War Online","8798","Record of Lodoss War Online","6900","780","18","1","3","0","0","8.85","Record of Lodoss War Online"
"Dungeons & Dragons: Warriors of the Eternal Sun","8799","Dungeons & Dragons: Warriors of the Eternal Sun","46200","5220","143","1","11","0","0","8.85","Dungeons & Dragons: Warriors of the Eternal Sun"
"Yahtzee","8800","Yahtzee","18060","2040","42","1","19","0","0","8.85","Yahtzee"