"","","Game","Watch time","Stream time","Peak viewers","Peak channels","Streamers","Average viewers","Average channels","Average viewer ratio",""
"Antraxx","11801","Antraxx","18180","3540","54","4","14","0","0","5.14","Antraxx"
"Strategic Command WWII: War in Europe","11802","Strategic Command WWII: War in Europe","24960","4860","36","2","6","0","0","5.14","Strategic Command WWII: War in Europe"
"LEGO The Hobbit","11803","LEGO The Hobbit","764760","148740","475","4","732","1","0","5.14","LEGO The Hobbit"
"Harvest Moon: A Wonderful Life","11804","Harvest Moon: A Wonderful Life","248460","48300","621","3","158","0","0","5.14","Harvest Moon: A Wonderful Life"
"Audio Diagnostics","11805","Audio Diagnostics","15720","3060","39","1","16","0","0","5.14","Audio Diagnostics"
"Wargame: European Escalation","11806","Wargame: European Escalation","54240","10560","81","2","64","0","0","5.14","Wargame: European Escalation"
"Bagman","11807","Bagman","2160","420","12","1","1","0","0","5.14","Bagman"
"Grapple","11808","Grapple","41040","7980","95","4","42","0","0","5.14","Grapple"
"Shrek Super Party","11809","Shrek Super Party","4320","840","21","1","7","0","0","5.14","Shrek Super Party"
"Alias","11810","Alias","45960","8940","130","1","7","0","0","5.14","Alias"
"Illusion - Ghost Killer","11811","Illusion - Ghost Killer","2160","420","10","1","4","0","0","5.14","Illusion - Ghost Killer"
"Planet Alcatraz","11812","Planet Alcatraz","28980","5640","68","2","18","0","0","5.14","Planet Alcatraz"
"Splashdown","11813","Splashdown","2160","420","15","1","2","0","0","5.14","Splashdown"
"G.I. Joe","11814","G.I. Joe","2160","420","13","1","3","0","0","5.14","G.I. Joe"
"Ghost House","11815","Ghost House","2460","480","13","1","4","0","0","5.13","Ghost House"
"Quibbles","11816","Quibbles","2460","480","13","1","3","0","0","5.13","Quibbles"
"Digimon Story: Lost Evolution","11817","Digimon Story: Lost Evolution","2460","480","17","1","4","0","0","5.13","Digimon Story: Lost Evolution"
"Minority Report: Everybody Runs","11818","Minority Report: Everybody Runs","4620","900","20","1","7","0","0","5.13","Minority Report: Everybody Runs"
"Smooth Operators: Call Center Chaos","11819","Smooth Operators: Call Center Chaos","9240","1800","14","1","10","0","0","5.13","Smooth Operators: Call Center Chaos"
"Zak McKracken and the Alien Mindbenders","11820","Zak McKracken and the Alien Mindbenders","36900","7200","40","1","21","0","0","5.13","Zak McKracken and the Alien Mindbenders"
"Ganbare Goemon 2","11821","Ganbare Goemon 2","7080","1380","56","1","8","0","0","5.13","Ganbare Goemon 2"
"Viva Piñata","11822","Viva Piñata","524220","102180","304","3","427","0","0","5.13","Viva Piñata"
"Blue Blink","11823","Blue Blink","4620","900","9","1","1","0","0","5.13","Blue Blink"
"Castle Clash","11824","Castle Clash","1150800","224220","842","5","474","2","0","5.13","Castle Clash"
"The Escapists","11825","The Escapists","6788880","1326300","2079","125","10434","12","2","5.12","The Escapists"
"Unturned","11826","Unturned","29913720","5838120","7020","42","19451","56","11","5.12","Unturned"
"Magical Drop III","11827","Magical Drop III","21180","4140","152","1","20","0","0","5.12","Magical Drop III"
"Metro","11828","Metro","7980","1560","114","1","11","0","0","5.12","Metro"
"Videocart-7: Math Quiz II","11829","Videocart-7: Math Quiz II","5220","1020","14","1","1","0","0","5.12","Videocart-7: Math Quiz II"
"Gemfire","11830","Gemfire","23940","4680","40","1","8","0","0","5.12","Gemfire"
"Tony Hawk's Pro Skater 5","11831","Tony Hawk's Pro Skater 5","1499820","293400","696","7","1326","2","0","5.11","Tony Hawk's Pro Skater 5"
"Phantasy Star Zero","11832","Phantasy Star Zero","14100","2760","28","1","10","0","0","5.11","Phantasy Star Zero"
"Chicken Invaders 4: Ultimate Omelette","11833","Chicken Invaders 4: Ultimate Omelette","16260","3180","83","1","22","0","0","5.11","Chicken Invaders 4: Ultimate Omelette"
"Curse of Enchantia","11834","Curse of Enchantia","2760","540","8","1","1","0","0","5.11","Curse of Enchantia"
"Bus Driver","11835","Bus Driver","58200","11400","347","2","66","0","0","5.11","Bus Driver"
"The Journeyman Project: Pegasus Prime","11836","The Journeyman Project: Pegasus Prime","13500","2640","20","1","9","0","0","5.11","The Journeyman Project: Pegasus Prime"
"Nano Breaker","11837","Nano Breaker","11340","2220","16","1","4","0","0","5.11","Nano Breaker"
"The Raven","11838","The Raven","61980","12120","49","2","31","0","0","5.11","The Raven"
"S.T.A.L.K.E.R.: Lost Alpha","11839","S.T.A.L.K.E.R.: Lost Alpha","439620","85980","1103","3","197","0","0","5.11","S.T.A.L.K.E.R.: Lost Alpha"
"Pandora's Tower","11840","Pandora's Tower","141900","27780","52","2","38","0","0","5.11","Pandora's Tower"
"Mountain","11841","Mountain","464520","90960","486","4","310","0","0","5.11","Mountain"
"Grimm's Notes","11842","Grimm's Notes","19320","3780","24","2","10","0","0","5.11","Grimm's Notes"
"Metal Max 2","11843","Metal Max 2","19320","3780","17","1","2","0","0","5.11","Metal Max 2"
"Kill the Plumber","11844","Kill the Plumber","6420","1260","28","1","16","0","0","5.1","Kill the Plumber"
"Mythic Wonders: Philosopher's Stone","11845","Mythic Wonders: Philosopher's Stone","8880","1740","24","1","6","0","0","5.1","Mythic Wonders: Philosopher's Stone"
"Super Robot Wars F Final","11846","Super Robot Wars F Final","47400","9300","48","1","5","0","0","5.1","Super Robot Wars F Final"
"Star Horizon","11847","Star Horizon","3060","600","22","1","6","0","0","5.1","Star Horizon"
"Gran Turismo 3 A-Spec","11848","Gran Turismo 3 A-Spec","71880","14100","55","2","50","0","0","5.1","Gran Turismo 3 A-Spec"
"Space Beast Terror Fright","11849","Space Beast Terror Fright","129360","25380","287","2","104","0","0","5.1","Space Beast Terror Fright"
"Gyromite","11850","Gyromite","14700","2880","87","1","8","0","0","5.1","Gyromite"
"Kane & Lynch 2: Dog Days","11851","Kane & Lynch 2: Dog Days","161040","31560","481","3","148","0","0","5.1","Kane & Lynch 2: Dog Days"
"Marvel Ultimate Alliance 2","11852","Marvel Ultimate Alliance 2","550620","107940","430","9","406","1","0","5.1","Marvel Ultimate Alliance 2"
"Contra ReBirth","11853","Contra ReBirth","15600","3060","29","2","13","0","0","5.1","Contra ReBirth"
"Super Scribblenauts","11854","Super Scribblenauts","3060","600","21","1","3","0","0","5.1","Super Scribblenauts"
"Zack & Wiki: Quest for Barbaros' Treasure","11855","Zack & Wiki: Quest for Barbaros' Treasure","26340","5160","22","1","16","0","0","5.1","Zack & Wiki: Quest for Barbaros' Treasure"
"Dance Magic","11856","Dance Magic","3060","600","9","1","3","0","0","5.1","Dance Magic"
"Heavenstrike Rivals","11857","Heavenstrike Rivals","116880","22920","61","3","39","0","0","5.1","Heavenstrike Rivals"
"Commandos 3: Destination Berlin","11858","Commandos 3: Destination Berlin","15600","3060","62","1","17","0","0","5.1","Commandos 3: Destination Berlin"
"Planetside: Core Combat","11859","Planetside: Core Combat","3360","660","35","1","7","0","0","5.09","Planetside: Core Combat"
"Klonoa 2: Dream Champ Tournament","11860","Klonoa 2: Dream Champ Tournament","10680","2100","31","1","8","0","0","5.09","Klonoa 2: Dream Champ Tournament"
"Dead Star","11861","Dead Star","314520","61800","382","7","1183","0","0","5.09","Dead Star"
"Pongo!","11862","Pongo!","22620","4440","194","1","28","0","0","5.09","Pongo!"
"Bad Blood","11863","Bad Blood","3360","660","19","1","4","0","0","5.09","Bad Blood"
"Cory in the House","11864","Cory in the House","36360","7140","76","2","43","0","0","5.09","Cory in the House"
"Contact","11865","Contact","24120","4740","26","1","5","0","0","5.09","Contact"
"Crimson Gem Saga","11866","Crimson Gem Saga","7320","1440","37","1","6","0","0","5.08","Crimson Gem Saga"
"Words for Evil","11867","Words for Evil","15240","3000","83","2","21","0","0","5.08","Words for Evil"
"Dragon Ball Z: Attack of the Saiyans","11868","Dragon Ball Z: Attack of the Saiyans","75000","14760","79","2","18","0","0","5.08","Dragon Ball Z: Attack of the Saiyans"
"Zuma","11869","Zuma","91740","18060","163","2","101","0","0","5.08","Zuma"
"Dracula 5 The Blood Legacy","11870","Dracula 5 The Blood Legacy","3660","720","17","1","2","0","0","5.08","Dracula 5 The Blood Legacy"
"Where Angels Cry","11871","Where Angels Cry","3960","780","11","1","3","0","0","5.08","Where Angels Cry"
"Skara: The Blade Remains","11872","Skara: The Blade Remains","15540","3060","22","2","16","0","0","5.08","Skara: The Blade Remains"
"Magical Vacation","11873","Magical Vacation","7920","1560","13","1","4","0","0","5.08","Magical Vacation"
"Pocket Mortys","11874","Pocket Mortys","96660","19020","97","3","117","0","0","5.08","Pocket Mortys"
"Hidden Expedition: The Uncharted Islands","11875","Hidden Expedition: The Uncharted Islands","4260","840","10","1","3","0","0","5.07","Hidden Expedition: The Uncharted Islands"
"Elasto Mania","11876","Elasto Mania","18540","3660","75","1","16","0","0","5.07","Elasto Mania"
"Ape Escape: Million Monkeys","11877","Ape Escape: Million Monkeys","9120","1800","13","1","6","0","0","5.07","Ape Escape: Million Monkeys"
"Midway Arcade Treasures","11878","Midway Arcade Treasures","8220","1620","28","1","12","0","0","5.07","Midway Arcade Treasures"
"The Exiled","11879","The Exiled","146520","28920","349","10","100","0","0","5.07","The Exiled"
"Forward to the sky","11880","Forward to the sky","76320","15060","77","3","89","0","0","5.07","Forward to the sky"
"Naruto: Ultimate Ninja 3","11881","Naruto: Ultimate Ninja 3","61200","12060","188","2","70","0","0","5.07","Naruto: Ultimate Ninja 3"
"Zombie Driver","11882","Zombie Driver","113520","22380","249","4","118","0","0","5.07","Zombie Driver"
"Stunt Race FX","11883","Stunt Race FX","12780","2520","59","2","16","0","0","5.07","Stunt Race FX"
"Monster Hunter G","11884","Monster Hunter G","22500","4440","18","1","8","0","0","5.07","Monster Hunter G"
"Marvel Puzzle Quest: Dark Reign","11885","Marvel Puzzle Quest: Dark Reign","135060","26700","158","2","71","0","0","5.06","Marvel Puzzle Quest: Dark Reign"
"Halo: The Master Chief Collection","11886","Halo: The Master Chief Collection","46563540","9207660","11386","61","22259","88","17","5.06","Halo: The Master Chief Collection"
"Insurgency","11887","Insurgency","9869340","1948860","22994","24","10029","18","3","5.06","Insurgency"
"Isaac the Adventurer","11888","Isaac the Adventurer","193560","38280","560","2","214","0","0","5.06","Isaac the Adventurer"
"SlashDash","11889","SlashDash","4860","960","29","1","6","0","0","5.06","SlashDash"
"Merchants of Kaidan","11890","Merchants of Kaidan","5160","1020","36","1","5","0","0","5.06","Merchants of Kaidan"
"Operation 7","11891","Operation 7","168300","33240","112","2","72","0","0","5.06","Operation 7"
"Proxy Blade Zero","11892","Proxy Blade Zero","10320","2040","85","1","11","0","0","5.06","Proxy Blade Zero"
"Phineas and Ferb: Across the 2nd Dimension","11893","Phineas and Ferb: Across the 2nd Dimension","5160","1020","24","1","3","0","0","5.06","Phineas and Ferb: Across the 2nd Dimension"
"Driftmoon","11894","Driftmoon","14880","2940","52","1","4","0","0","5.06","Driftmoon"
"Battle High School","11895","Battle High School","10920","2160","51","1","4","0","0","5.06","Battle High School"
"Touhou 05 - Mystic Square","11896","Touhou 05 - Mystic Square","12720","2520","73","1","18","0","0","5.05","Touhou 05 - Mystic Square"
"Mystery Case Files: Return to Ravenhearst","11897","Mystery Case Files: Return to Ravenhearst","11220","2220","31","1","6","0","0","5.05","Mystery Case Files: Return to Ravenhearst"
"PixelJunk Shooter","11898","PixelJunk Shooter","26040","5160","74","1","23","0","0","5.05","PixelJunk Shooter"
"Heavy Barrel","11899","Heavy Barrel","5760","1140","25","1","8","0","0","5.05","Heavy Barrel"
"War Inc. Battlezone","11900","War Inc. Battlezone","18480","3660","53","2","19","0","0","5.05","War Inc. Battlezone"