"","","Game","Watch time","Stream time","Peak viewers","Peak channels","Streamers","Average viewers","Average channels","Average viewer ratio",""
"Prince of Persia: Revelations","7301","Prince of Persia: Revelations","15180","1260","38","1","3","0","0","12.05","Prince of Persia: Revelations"
"Black Hole","7302","Black Hole","28200","2340","178","1","14","0","0","12.05","Black Hole"
"Cursed Castilla (Maldita Castilla EX)","7303","Cursed Castilla (Maldita Castilla EX)","62880","5220","191","2","25","0","0","12.05","Cursed Castilla (Maldita Castilla EX)"
"Star Trek: The Next Generation - Birth of the Federation","7304","Star Trek: The Next Generation - Birth of the Federation","13740","1140","56","1","4","0","0","12.05","Star Trek: The Next Generation - Birth of the Federation"
"Assassin's Creed Chronicles","7305","Assassin's Creed Chronicles","34680","2880","187","2","67","0","0","12.04","Assassin's Creed Chronicles"
"Kuru Kuru Kururin","7306","Kuru Kuru Kururin","437160","36300","341","7","88","0","0","12.04","Kuru Kuru Kururin"
"Disney Universe","7307","Disney Universe","52020","4320","137","1","14","0","0","12.04","Disney Universe"
"Football","7308","Football","361200","30000","1371","3","72","0","0","12.04","Football"
"Knights of Pen and Paper","7309","Knights of Pen and Paper","438840","36480","390","2","143","0","0","12.03","Knights of Pen and Paper"
"Dragon's Crown","7310","Dragon's Crown","544800","45300","1018","2","100","1","0","12.03","Dragon's Crown"
"Prince of Persia: The Sands of Time","7311","Prince of Persia: The Sands of Time","2349360","195240","6768","7","546","4","0","12.03","Prince of Persia: The Sands of Time"
"Yu-Gi-Oh! World Championship 2008","7312","Yu-Gi-Oh! World Championship 2008","26700","2220","131","1","8","0","0","12.03","Yu-Gi-Oh! World Championship 2008"
"Tiny and Big: Grandpa's Leftovers","7313","Tiny and Big: Grandpa's Leftovers","284940","23700","633","2","133","0","0","12.02","Tiny and Big: Grandpa's Leftovers"
"Mass Effect","7314","Mass Effect","41428740","3446580","12487","52","8360","78","6","12.02","Mass Effect"
"FootLOL","7315","FootLOL","75000","6240","773","2","52","0","0","12.02","FootLOL"
"Pong: The Next Level","7316","Pong: The Next Level","220560","18360","210","2","40","0","0","12.01","Pong: The Next Level"
"Habbo Hotel","7317","Habbo Hotel","1493220","124320","2347","4","679","2","0","12.01","Habbo Hotel"
"Blood Bowl II","7318","Blood Bowl II","169320","14100","631","2","42","0","0","12.01","Blood Bowl II"
"GameBlast16","7319","GameBlast16","1214640","101100","2360","51","111","2","0","12.01","GameBlast16"
"Kikstart 2","7320","Kikstart 2","1440","120","13","1","1","0","0","12","Kikstart 2"
"Charly the Clown","7321","Charly the Clown","720","60","12","1","0","0","0","12","Charly the Clown"
"Nebula","7322","Nebula","2880","240","42","1","2","0","0","12","Nebula"
"Poy Poy 2","7323","Poy Poy 2","9360","780","76","1","6","0","0","12","Poy Poy 2"
"NCAA Football 07","7324","NCAA Football 07","4320","360","39","1","3","0","0","12","NCAA Football 07"
"Reversal","7325","Reversal","720","60","12","1","1","0","0","12","Reversal"
"HassleHeart: I <3 Hearts","7326","HassleHeart: I <3 Hearts","720","60","12","1","1","0","0","12","HassleHeart: I <3 Hearts"
"The Cameron Files: Secret at Loch Ness","7327","The Cameron Files: Secret at Loch Ness","2160","180","17","1","2","0","0","12","The Cameron Files: Secret at Loch Ness"
"Epic Dumpster Bear","7328","Epic Dumpster Bear","30960","2580","187","1","14","0","0","12","Epic Dumpster Bear"
"Valkyrie Anatomia: The Origin","7329","Valkyrie Anatomia: The Origin","83520","6960","53","3","15","0","0","12","Valkyrie Anatomia: The Origin"
"Mini Golf Master 2","7330","Mini Golf Master 2","720","60","12","1","0","0","0","12","Mini Golf Master 2"
"NEON Ultra","7331","NEON Ultra","1440","120","12","1","2","0","0","12","NEON Ultra"
"The 3D Adventures of Sailor Moon","7332","The 3D Adventures of Sailor Moon","720","60","12","1","1","0","0","12","The 3D Adventures of Sailor Moon"
"Koya Rift","7333","Koya Rift","720","60","12","1","1","0","0","12","Koya Rift"
"Mystery Trackers: Winterpoint Tragedy","7334","Mystery Trackers: Winterpoint Tragedy","2160","180","15","1","1","0","0","12","Mystery Trackers: Winterpoint Tragedy"
"Ginga Fukei Densetsu Sapphire","7335","Ginga Fukei Densetsu Sapphire","4320","360","30","1","2","0","0","12","Ginga Fukei Densetsu Sapphire"
"Farscape: The Game","7336","Farscape: The Game","2880","240","18","1","1","0","0","12","Farscape: The Game"
"NFL 2K","7337","NFL 2K","2880","240","17","1","1","0","0","12","NFL 2K"
"Tee Off!","7338","Tee Off!","6480","540","34","1","2","0","0","12","Tee Off!"
"Des Chiffres et des Lettres","7339","Des Chiffres et des Lettres","720","60","13","1","1","0","0","12","Des Chiffres et des Lettres"
"Cosmic Wars","7340","Cosmic Wars","720","60","12","1","1","0","0","12","Cosmic Wars"
"TNN Motor Sports Hardcore 4x4","7341","TNN Motor Sports Hardcore 4x4","1440","120","13","1","1","0","0","12","TNN Motor Sports Hardcore 4x4"
"Combat Mission: Afghanistan","7342","Combat Mission: Afghanistan","720","60","15","1","1","0","0","12","Combat Mission: Afghanistan"
"Madden NFL 96","7343","Madden NFL 96","5760","480","49","1","3","0","0","12","Madden NFL 96"
"Dinotopia: The Timestone Pirates","7344","Dinotopia: The Timestone Pirates","720","60","12","1","1","0","0","12","Dinotopia: The Timestone Pirates"
"Break Time: The National Pool Tour","7345","Break Time: The National Pool Tour","720","60","12","1","1","0","0","12","Break Time: The National Pool Tour"
"The Rivers of Alice","7346","The Rivers of Alice","23040","1920","86","1","8","0","0","12","The Rivers of Alice"
"NRA Gun Club","7347","NRA Gun Club","720","60","12","1","1","0","0","12","NRA Gun Club"
"Dig Dug II: Trouble in Paradise","7348","Dig Dug II: Trouble in Paradise","5040","420","37","1","3","0","0","12","Dig Dug II: Trouble in Paradise"
"Daedalus - No Escape","7349","Daedalus - No Escape","2880","240","43","1","2","0","0","12","Daedalus - No Escape"
"Cartoon Network: Punch Time Explosion","7350","Cartoon Network: Punch Time Explosion","20880","1740","284","1","6","0","0","12","Cartoon Network: Punch Time Explosion"
"Dragon Quest VIII: Sora to Umi to Daichi to Norowareshi Himegimi","7351","Dragon Quest VIII: Sora to Umi to Daichi to Norowareshi Himegimi","27360","2280","40","1","4","0","0","12","Dragon Quest VIII: Sora to Umi to Daichi to Norowareshi Himegimi"
"Tengen Toppa Gurren Lagann","7352","Tengen Toppa Gurren Lagann","720","60","12","1","1","0","0","12","Tengen Toppa Gurren Lagann"
"Crash Bandicoot: The Wrath of Cortex","7353","Crash Bandicoot: The Wrath of Cortex","1342500","111900","894","4","328","2","0","12","Crash Bandicoot: The Wrath of Cortex"
"Perspective","7354","Perspective","49680","4140","338","3","26","0","0","12","Perspective"
"Abyss: The Wraiths of Eden","7355","Abyss: The Wraiths of Eden","67680","5640","258","1","23","0","0","12","Abyss: The Wraiths of Eden"
"Lost Odyssey","7356","Lost Odyssey","3740760","312000","1835","14","741","7","0","11.99","Lost Odyssey"
"Star Stable","7357","Star Stable","907500","75720","351","4","210","1","0","11.98","Star Stable"
"Slenderman: The Video Game","7358","Slenderman: The Video Game","158100","13200","649","2","109","0","0","11.98","Slenderman: The Video Game"
"Ratchet & Clank Future: A Crack in Time","7359","Ratchet & Clank Future: A Crack in Time","750720","62640","639","3","101","1","0","11.98","Ratchet & Clank Future: A Crack in Time"
"Caveblazers","7360","Caveblazers","332880","27780","481","3","76","0","0","11.98","Caveblazers"
"Vanquish","7361","Vanquish","459120","38340","422","2","99","0","0","11.97","Vanquish"
"Don't Starve Together","7362","Don't Starve Together","95262120","7966200","11342","61","21015","180","15","11.96","Don't Starve Together"
"Exoplanet: First Contact","7363","Exoplanet: First Contact","17220","1440","98","1","12","0","0","11.96","Exoplanet: First Contact"
"Postal Redux","7364","Postal Redux","175020","14640","477","3","77","0","0","11.95","Postal Redux"
"Perfect Woman","7365","Perfect Woman","14340","1200","54","2","12","0","0","11.95","Perfect Woman"
"Adventures of Pinocchio","7366","Adventures of Pinocchio","13620","1140","71","2","9","0","0","11.95","Adventures of Pinocchio"
"Cube World","7367","Cube World","1914420","160140","2844","4","590","3","0","11.95","Cube World"
"Lara Croft Tomb Raider: Anniversary","7368","Lara Croft Tomb Raider: Anniversary","1855440","155280","1216","6","401","3","0","11.95","Lara Croft Tomb Raider: Anniversary"
"Gary Gadget: Building Cars","7369","Gary Gadget: Building Cars","12180","1020","63","1","4","0","0","11.94","Gary Gadget: Building Cars"
"Dai-3-Ji Super Robot Taisen","7370","Dai-3-Ji Super Robot Taisen","126060","10560","165","2","17","0","0","11.94","Dai-3-Ji Super Robot Taisen"
"JamLegend","7371","JamLegend","12900","1080","96","1","4","0","0","11.94","JamLegend"
"Astro Boy: Omega Factor","7372","Astro Boy: Omega Factor","128940","10800","128","2","30","0","0","11.94","Astro Boy: Omega Factor"
"Sega GT Online","7373","Sega GT Online","10020","840","47","1","4","0","0","11.93","Sega GT Online"
"Mines","7374","Mines","52980","4440","158","1","17","0","0","11.93","Mines"
"Organ Trail","7375","Organ Trail","1028760","86280","2394","6","373","1","0","11.92","Organ Trail"
"The Blues Brothers","7376","The Blues Brothers","8580","720","33","1","4","0","0","11.92","The Blues Brothers"
"Dreamfall Chapters","7377","Dreamfall Chapters","3046740","255600","5134","9","579","5","0","11.92","Dreamfall Chapters"
"Happy Wheels","7378","Happy Wheels","3221700","270540","5819","5","2268","6","0","11.91","Happy Wheels"
"Mordheim: City of the Damned","7379","Mordheim: City of the Damned","6054540","508200","479","8","685","11","0","11.91","Mordheim: City of the Damned"
"Oddworld: Abe's Oddysee","7380","Oddworld: Abe's Oddysee","1085700","91140","6340","3","322","2","0","11.91","Oddworld: Abe's Oddysee"
"Boggle","7381","Boggle","40740","3420","496","2","38","0","0","11.91","Boggle"
"Sports Bar VR","7382","Sports Bar VR","16440","1380","115","1","12","0","0","11.91","Sports Bar VR"
"Raiden Fighters Aces","7383","Raiden Fighters Aces","7140","600","42","1","5","0","0","11.9","Raiden Fighters Aces"
"Quest for Fame","7384","Quest for Fame","6420","540","27","1","3","0","0","11.89","Quest for Fame"
"8-Bit Armies","7385","8-Bit Armies","1339020","112740","695","8","402","2","0","11.88","8-Bit Armies"
"All is Dust","7386","All is Dust","108300","9120","1400","2","71","0","0","11.88","All is Dust"
"Kingpin: Life of Crime","7387","Kingpin: Life of Crime","127620","10740","140","1","38","0","0","11.88","Kingpin: Life of Crime"
"Gokujou Parodius","7388","Gokujou Parodius","17820","1500","168","1","10","0","0","11.88","Gokujou Parodius"
"Outlast","7389","Outlast","174342300","14688840","100468","685","87245","330","27","11.87","Outlast"
"NBA","7390","NBA","134640","11340","713","2","62","0","0","11.87","NBA"
"Persona Q: Shadow of the Labyrinth","7391","Persona Q: Shadow of the Labyrinth","185040","15600","90","2","23","0","0","11.86","Persona Q: Shadow of the Labyrinth"
"Final Fantasy XI Online: Treasures of Aht Urhgan","7392","Final Fantasy XI Online: Treasures of Aht Urhgan","34860","2940","41","1","6","0","0","11.86","Final Fantasy XI Online: Treasures of Aht Urhgan"
"Call of Duty: Black Ops III","7393","Call of Duty: Black Ops III","7437882180","627301140","167067","4443","955226","14114","1190","11.86","Call of Duty: Black Ops III"
"Viva Piñata: Trouble in Paradise","7394","Viva Piñata: Trouble in Paradise","437520","36900","441","2","88","0","0","11.86","Viva Piñata: Trouble in Paradise"
"Marvel Heroes Omega","7395","Marvel Heroes Omega","18258300","1540140","2814","18","1341","34","2","11.85","Marvel Heroes Omega"
"Tomb Raider: The Lost Artifact","7396","Tomb Raider: The Lost Artifact","73920","6240","50","2","15","0","0","11.85","Tomb Raider: The Lost Artifact"
"Anno 1602: Erschaffung einer neuen Welt - Im Namen des Königs","7397","Anno 1602: Erschaffung einer neuen Welt - Im Namen des Königs","26280","2220","220","2","13","0","0","11.84","Anno 1602: Erschaffung einer neuen Welt - Im Namen des Königs"
"Painkiller: Resurrection","7398","Painkiller: Resurrection","13500","1140","39","1","5","0","0","11.84","Painkiller: Resurrection"
"Sonic Rivals","7399","Sonic Rivals","95160","8040","725","1","12","0","0","11.84","Sonic Rivals"
"Hot Shots Golf: Out of Bounds","7400","Hot Shots Golf: Out of Bounds","25560","2160","83","1","13","0","0","11.83","Hot Shots Golf: Out of Bounds"