"","","Game","Watch time","Stream time","Peak viewers","Peak channels","Streamers","Average viewers","Average channels","Average viewer ratio",""
"Age of Empires: The Rise of Rome","11101","Age of Empires: The Rise of Rome","458580","79080","655","3","38","0","0","5.8","Age of Empires: The Rise of Rome"
"Quintet","11102","Quintet","28560","4920","77","3","25","0","0","5.8","Quintet"
"NHL 15","11103","NHL 15","1116480","192420","2418","6","1790","2","0","5.8","NHL 15"
"WRC II Extreme","11104","WRC II Extreme","3480","600","13","1","2","0","0","5.8","WRC II Extreme"
"Where in Space is Carmen Sandiego? (Deluxe Edition)","11105","Where in Space is Carmen Sandiego? (Deluxe Edition)","1740","300","11","1","2","0","0","5.8","Where in Space is Carmen Sandiego? (Deluxe Edition)"
"Cardcaptor Sakura","11106","Cardcaptor Sakura","1740","300","9","1","1","0","0","5.8","Cardcaptor Sakura"
"Echo Night: Beyond","11107","Echo Night: Beyond","42420","7320","48","1","19","0","0","5.8","Echo Night: Beyond"
"Sherlock Holmes: The Awakened","11108","Sherlock Holmes: The Awakened","59880","10320","41","1","23","0","0","5.8","Sherlock Holmes: The Awakened"
"Sherlock Holmes: Secret of the Silver Earring","11109","Sherlock Holmes: Secret of the Silver Earring","15300","2640","53","1","9","0","0","5.8","Sherlock Holmes: Secret of the Silver Earring"
"Constructor 2","11110","Constructor 2","1740","300","13","1","1","0","0","5.8","Constructor 2"
"Supreme Warrior","11111","Supreme Warrior","1740","300","18","1","4","0","0","5.8","Supreme Warrior"
"GATO","11112","GATO","1740","300","22","1","2","0","0","5.8","GATO"
"Dead or Alive: Dimensions","11113","Dead or Alive: Dimensions","1740","300","13","1","3","0","0","5.8","Dead or Alive: Dimensions"
"Combat Mission Anthology","11114","Combat Mission Anthology","1740","300","8","1","1","0","0","5.8","Combat Mission Anthology"
"Ice Cream Surfer","11115","Ice Cream Surfer","1740","300","13","1","2","0","0","5.8","Ice Cream Surfer"
"Higurashi When They Cry Hou","11116","Higurashi When They Cry Hou","4860","840","23","1","6","0","0","5.79","Higurashi When They Cry Hou"
"Stardust Galaxy Warriors: Stellar Climax","11117","Stardust Galaxy Warriors: Stellar Climax","35460","6120","22","1","28","0","0","5.79","Stardust Galaxy Warriors: Stellar Climax"
"Judgement Silversword: Rebirth Edition","11118","Judgement Silversword: Rebirth Edition","21180","3660","64","1","10","0","0","5.79","Judgement Silversword: Rebirth Edition"
"Stray Souls: Dollhouse Story","11119","Stray Souls: Dollhouse Story","9720","1680","19","1","7","0","0","5.79","Stray Souls: Dollhouse Story"
"Eiyuu Densetsu: Ao no Kiseki","11120","Eiyuu Densetsu: Ao no Kiseki","162960","28140","61","2","14","0","0","5.79","Eiyuu Densetsu: Ao no Kiseki"
"Mount & Blade Warband: Viking Conquest","11121","Mount & Blade Warband: Viking Conquest","527040","90960","484","5","243","1","0","5.79","Mount & Blade Warband: Viking Conquest"
"Ken Griffey Jr Presents Major League Baseball","11122","Ken Griffey Jr Presents Major League Baseball","39240","6780","715","2","27","0","0","5.79","Ken Griffey Jr Presents Major League Baseball"
"Animal Crossing: City Folk","11123","Animal Crossing: City Folk","596640","103080","475","5","175","1","0","5.79","Animal Crossing: City Folk"
"Abandon","11124","Abandon","4860","840","12","1","2","0","0","5.79","Abandon"
"Bakugan Battle Brawlers","11125","Bakugan Battle Brawlers","20460","3540","58","1","21","0","0","5.78","Bakugan Battle Brawlers"
"Beyond Good & Evil","11126","Beyond Good & Evil","1976640","341820","964","17","1417","3","0","5.78","Beyond Good & Evil"
"Might & Mayhem","11127","Might & Mayhem","30540","5280","19","1","2","0","0","5.78","Might & Mayhem"
"Bishoujo Senshi Sailor Moon Super S: Zen'in Sanka!! Shuyaku Soudatsusen","11128","Bishoujo Senshi Sailor Moon Super S: Zen'in Sanka!! Shuyaku Soudatsusen","3120","540","11","1","5","0","0","5.78","Bishoujo Senshi Sailor Moon Super S: Zen'in Sanka!! Shuyaku Soudatsusen"
"Mario vs. Donkey Kong: Tipping Stars","11129","Mario vs. Donkey Kong: Tipping Stars","6240","1080","13","1","5","0","0","5.78","Mario vs. Donkey Kong: Tipping Stars"
"Hustle Cat","11130","Hustle Cat","157200","27180","252","3","86","0","0","5.78","Hustle Cat"
"In Between","11131","In Between","39780","6900","153","2","46","0","0","5.77","In Between"
"I, Gladiator","11132","I, Gladiator","4500","780","10","1","3","0","0","5.77","I, Gladiator"
"Heart of the Alien: Out of this World Parts I and II","11133","Heart of the Alien: Out of this World Parts I and II","4500","780","17","1","4","0","0","5.77","Heart of the Alien: Out of this World Parts I and II"
"One Piece: Unlimited Adventure","11134","One Piece: Unlimited Adventure","4500","780","20","1","3","0","0","5.77","One Piece: Unlimited Adventure"
"Cosmic Fantasy 2","11135","Cosmic Fantasy 2","15240","2640","25","1","3","0","0","5.77","Cosmic Fantasy 2"
"Our Darker Purpose","11136","Our Darker Purpose","142200","24660","260","2","87","0","0","5.77","Our Darker Purpose"
"Harvest Moon: Tree of Tranquility","11137","Harvest Moon: Tree of Tranquility","39780","6900","32","1","17","0","0","5.77","Harvest Moon: Tree of Tranquility"
"Second Life","11138","Second Life","44580","7740","228","4","79","0","0","5.76","Second Life"
"World of Darkness","11139","World of Darkness","160620","27900","85","3","30","0","0","5.76","World of Darkness"
"Other Worlds","11140","Other Worlds","96480","16740","221","2","52","0","0","5.76","Other Worlds"
"Baseball Stars 2","11141","Baseball Stars 2","10020","1740","137","1","14","0","0","5.76","Baseball Stars 2"
"Fantasy Strike","11142","Fantasy Strike","5880","1020","15","1","2","0","0","5.76","Fantasy Strike"
"Notruf 112 – Die Feuerwehr Simulation","11143","Notruf 112 – Die Feuerwehr Simulation","55680","9660","486","2","62","0","0","5.76","Notruf 112 – Die Feuerwehr Simulation"
"My Baby First Steps","11144","My Baby First Steps","1380","240","8","1","1","0","0","5.75","My Baby First Steps"
"Lenny's Music Toons","11145","Lenny's Music Toons","2760","480","9","1","1","0","0","5.75","Lenny's Music Toons"
"Bratz: The Movie","11146","Bratz: The Movie","1380","240","13","1","2","0","0","5.75","Bratz: The Movie"
"Jenny LeClue","11147","Jenny LeClue","1380","240","11","1","2","0","0","5.75","Jenny LeClue"
"GunWorld 2","11148","GunWorld 2","42060","7320","33","3","23","0","0","5.75","GunWorld 2"
"Action Girlz Racing","11149","Action Girlz Racing","1380","240","10","1","2","0","0","5.75","Action Girlz Racing"
"Exile","11150","Exile","201360","35040","1423","4","70","0","0","5.75","Exile"
"Cave Noire","11151","Cave Noire","2760","480","32","1","5","0","0","5.75","Cave Noire"
"Swarm Assault","11152","Swarm Assault","1380","240","9","1","2","0","0","5.75","Swarm Assault"
"Critical Path","11153","Critical Path","1380","240","9","1","2","0","0","5.75","Critical Path"
"Ka 2: Let's Go Hawaii","11154","Ka 2: Let's Go Hawaii","2760","480","11","1","2","0","0","5.75","Ka 2: Let's Go Hawaii"
"Montezooma","11155","Montezooma","1380","240","12","1","2","0","0","5.75","Montezooma"
"The Eye of Judgment","11156","The Eye of Judgment","1380","240","11","1","2","0","0","5.75","The Eye of Judgment"
"Game Stock Car","11157","Game Stock Car","43140","7500","71","2","25","0","0","5.75","Game Stock Car"
"Gargoyle's Quest","11158","Gargoyle's Quest","93900","16320","49","2","25","0","0","5.75","Gargoyle's Quest"
"F1","11159","F1","40380","7020","137","2","43","0","0","5.75","F1"
"Drawn to Life","11160","Drawn to Life","34500","6000","364","2","27","0","0","5.75","Drawn to Life"
"Mutant League Football","11161","Mutant League Football","13800","2400","48","1","14","0","0","5.75","Mutant League Football"
"Coma:Mortuary","11162","Coma:Mortuary","36900","6420","178","2","37","0","0","5.75","Coma:Mortuary"
"beatmania IIDX 8th style","11163","beatmania IIDX 8th style","4140","720","13","1","3","0","0","5.75","beatmania IIDX 8th style"
"RalliSport Challenge","11164","RalliSport Challenge","5520","960","53","1","3","0","0","5.75","RalliSport Challenge"
"Fire 'n Ice","11165","Fire 'n Ice","23820","4140","78","2","17","0","0","5.75","Fire 'n Ice"
"Wario Land: Shake It!","11166","Wario Land: Shake It!","63660","11100","73","2","35","0","0","5.74","Wario Land: Shake It!"
"Pepsi Man","11167","Pepsi Man","45480","7920","88","1","44","0","0","5.74","Pepsi Man"
"X3: Albion Prelude","11168","X3: Albion Prelude","500340","87180","207","3","100","0","0","5.74","X3: Albion Prelude"
"Delicious 2 Deluxe","11169","Delicious 2 Deluxe","9300","1620","14","1","6","0","0","5.74","Delicious 2 Deluxe"
"God Eater 2: Rage Burst","11170","God Eater 2: Rage Burst","6364680","1111020","32229","86","2833","12","2","5.73","God Eater 2: Rage Burst"
"Disney Sing It","11171","Disney Sing It","3780","660","17","1","4","0","0","5.73","Disney Sing It"
"Figureheads","11172","Figureheads","352440","61620","163","3","124","0","0","5.72","Figureheads"
"Blast 'Em Bunnies","11173","Blast 'Em Bunnies","50820","8880","60","6","56","0","0","5.72","Blast 'Em Bunnies"
"Tecmo Super Bowl","11174","Tecmo Super Bowl","411480","72000","404","4","118","0","0","5.72","Tecmo Super Bowl"
"Phantasy Star Universe: Ambition of the Illuminous","11175","Phantasy Star Universe: Ambition of the Illuminous","169860","29700","465","6","83","0","0","5.72","Phantasy Star Universe: Ambition of the Illuminous"
"Fairy Tail","11176","Fairy Tail","36360","6360","168","2","15","0","0","5.72","Fairy Tail"
"Conquest of the Crystal Palace","11177","Conquest of the Crystal Palace","22980","4020","45","1","8","0","0","5.72","Conquest of the Crystal Palace"
"Impire","11178","Impire","23640","4140","126","1","11","0","0","5.71","Impire"
"Dragon Ball Z: Sagas","11179","Dragon Ball Z: Sagas","34920","6120","47","3","31","0","0","5.71","Dragon Ball Z: Sagas"
"WAY","11180","WAY","2400","420","19","1","3","0","0","5.71","WAY"
"D2","11181","D2","99000","17340","170","2","19","0","0","5.71","D2"
"ReRave","11182","ReRave","2400","420","19","1","3","0","0","5.71","ReRave"
"Nightmares From The Deep: The Cursed Heart","11183","Nightmares From The Deep: The Cursed Heart","218700","38280","208","2","140","0","0","5.71","Nightmares From The Deep: The Cursed Heart"
"Command & Conquer: Yuri's Revenge","11184","Command & Conquer: Yuri's Revenge","319740","55980","72","3","72","0","0","5.71","Command & Conquer: Yuri's Revenge"
"Hockey","11185","Hockey","184860","32400","108","2","41","0","0","5.71","Hockey"
"F.E.A.R. Online","11186","F.E.A.R. Online","68520","12000","80","2","54","0","0","5.71","F.E.A.R. Online"
"Tower Toppler","11187","Tower Toppler","2400","420","19","1","2","0","0","5.71","Tower Toppler"
"Don't Eat Soap!","11188","Don't Eat Soap!","2400","420","9","1","1","0","0","5.71","Don't Eat Soap!"
"L@ve Once: Mermaid's Tears","11189","L@ve Once: Mermaid's Tears","7200","1260","206","1","3","0","0","5.71","L@ve Once: Mermaid's Tears"
"Codename: Tenka","11190","Codename: Tenka","2400","420","11","1","2","0","0","5.71","Codename: Tenka"
"Sangokushi Eiketsuden","11191","Sangokushi Eiketsuden","9240","1620","12","1","1","0","0","5.7","Sangokushi Eiketsuden"
"Dovetail Games Flight School","11192","Dovetail Games Flight School","38640","6780","86","2","35","0","0","5.7","Dovetail Games Flight School"
"Sneaky sneaky","11193","Sneaky sneaky","12660","2220","108","1","13","0","0","5.7","Sneaky sneaky"
"Super Dragon Ball Z","11194","Super Dragon Ball Z","11280","1980","20","1","11","0","0","5.7","Super Dragon Ball Z"
"Tecmo's Deception","11195","Tecmo's Deception","13680","2400","156","1","13","0","0","5.7","Tecmo's Deception"
"Code Lyoko: Quest for Infinity","11196","Code Lyoko: Quest for Infinity","77280","13560","440","2","10","0","0","5.7","Code Lyoko: Quest for Infinity"
"Tony Hawk's Pro Skater 4","11197","Tony Hawk's Pro Skater 4","322260","56580","530","3","181","0","0","5.7","Tony Hawk's Pro Skater 4"
"The Real Texas","11198","The Real Texas","3420","600","18","1","4","0","0","5.7","The Real Texas"
"Framed","11199","Framed","3420","600","33","1","2","0","0","5.7","Framed"
"Curious George","11200","Curious George","21900","3840","76","2","11","0","0","5.7","Curious George"