"","","Game","Watch time","Stream time","Peak viewers","Peak channels","Streamers","Average viewers","Average channels","Average viewer ratio",""
"Lupin Sansei","11701","Lupin Sansei","22620","4320","11","1","1","0","0","5.24","Lupin Sansei"
"LaGrange Point","11702","LaGrange Point","6600","1260","37","1","4","0","0","5.24","LaGrange Point"
"Codename Cure","11703","Codename Cure","272160","51960","2028","3","311","0","0","5.24","Codename Cure"
"Executive Suite","11704","Executive Suite","9120","1740","23","1","6","0","0","5.24","Executive Suite"
"Oddworld: Munch's Oddysee","11705","Oddworld: Munch's Oddysee","128640","24540","147","2","84","0","0","5.24","Oddworld: Munch's Oddysee"
"Nostale","11706","Nostale","1233900","235320","2240","5","511","2","0","5.24","Nostale"
"Arena of Fate","11707","Arena of Fate","90600","17280","36","5","32","0","0","5.24","Arena of Fate"
"Adventures in the Magic Kingdom","11708","Adventures in the Magic Kingdom","11940","2280","37","1","19","0","0","5.24","Adventures in the Magic Kingdom"
"Deer Avenger 4: The Rednecks Strike Back","11709","Deer Avenger 4: The Rednecks Strike Back","5340","1020","25","1","7","0","0","5.24","Deer Avenger 4: The Rednecks Strike Back"
"Dragon Ball Z: Buu's Fury","11710","Dragon Ball Z: Buu's Fury","105000","20040","283","3","60","0","0","5.24","Dragon Ball Z: Buu's Fury"
"FIFA 12","11711","FIFA 12","93300","17820","114","2","71","0","0","5.24","FIFA 12"
"After Burner Climax","11712","After Burner Climax","4080","780","44","1","7","0","0","5.23","After Burner Climax"
"Your Basic Block","11713","Your Basic Block","60540","11580","49","1","3","0","0","5.23","Your Basic Block"
"Back to the Future: The Game - Episode 2: Get Tannen!","11714","Back to the Future: The Game - Episode 2: Get Tannen!","111000","21240","145","3","101","0","0","5.23","Back to the Future: The Game - Episode 2: Get Tannen!"
"007: Everything or Nothing","11715","007: Everything or Nothing","92580","17700","97","2","44","0","0","5.23","007: Everything or Nothing"
"Super Puzzle Platformer Deluxe","11716","Super Puzzle Platformer Deluxe","26340","5040","55","1","27","0","0","5.23","Super Puzzle Platformer Deluxe"
"Casino Slot Machine!","11717","Casino Slot Machine!","46140","8820","85","2","47","0","0","5.23","Casino Slot Machine!"
"Madden NFL 16","11718","Madden NFL 16","306128700","58581780","18054","649","87592","580","111","5.23","Madden NFL 16"
"Freddy Fish","11719","Freddy Fish","9420","1800","19","2","12","0","0","5.23","Freddy Fish"
"O.D.T. - Escape... Or Die Trying","11720","O.D.T. - Escape... Or Die Trying","4080","780","21","1","3","0","0","5.23","O.D.T. - Escape... Or Die Trying"
"Xena: Warrior Princess","11721","Xena: Warrior Princess","12540","2400","26","1","8","0","0","5.23","Xena: Warrior Princess"
"Manga Solitaire","11722","Manga Solitaire","34500","6600","334","1","4","0","0","5.23","Manga Solitaire"
"Goblins & Grottos","11723","Goblins & Grottos","8160","1560","28","1","8","0","0","5.23","Goblins & Grottos"
"Kyurinaga's Revenge","11724","Kyurinaga's Revenge","4080","780","33","1","5","0","0","5.23","Kyurinaga's Revenge"
"Ballistic Overkill","11725","Ballistic Overkill","46800","8940","67","4","35","0","0","5.23","Ballistic Overkill"
"Mandora","11726","Mandora","2820","540","34","1","7","0","0","5.22","Mandora"
"Sonic Riders: Zero Gravity","11727","Sonic Riders: Zero Gravity","43860","8400","57","1","35","0","0","5.22","Sonic Riders: Zero Gravity"
"Fur Fighters: Viggo's Revenge","11728","Fur Fighters: Viggo's Revenge","7200","1380","31","1","8","0","0","5.22","Fur Fighters: Viggo's Revenge"
"Futari wa Precure Max Heart: Maji? Maji!? Fight de IN Janai","11729","Futari wa Precure Max Heart: Maji? Maji!? Fight de IN Janai","2820","540","13","1","3","0","0","5.22","Futari wa Precure Max Heart: Maji? Maji!? Fight de IN Janai"
"Hugo 2in1","11730","Hugo 2in1","2820","540","13","1","3","0","0","5.22","Hugo 2in1"
"Darkness Within 2: The Dark Lineage","11731","Darkness Within 2: The Dark Lineage","25380","4860","172","1","17","0","0","5.22","Darkness Within 2: The Dark Lineage"
"Fatal Labyrinth","11732","Fatal Labyrinth","17220","3300","107","1","19","0","0","5.22","Fatal Labyrinth"
"Tales of Phantasia: Narikiri Dungeon X","11733","Tales of Phantasia: Narikiri Dungeon X","35100","6720","22","1","4","0","0","5.22","Tales of Phantasia: Narikiri Dungeon X"
"Survivalist","11734","Survivalist","197520","37860","288","2","141","0","0","5.22","Survivalist"
"Bomberman Online","11735","Bomberman Online","8460","1620","44","1","11","0","0","5.22","Bomberman Online"
"Boundless","11736","Boundless","35100","6720","106","2","36","0","0","5.22","Boundless"
"Crackdown","11737","Crackdown","55740","10680","55","2","40","0","0","5.22","Crackdown"
"Yume Nikki","11738","Yume Nikki","284040","54420","173","3","208","0","0","5.22","Yume Nikki"
"The Culling Of The Cows","11739","The Culling Of The Cows","48780","9360","111","2","72","0","0","5.21","The Culling Of The Cows"
"X-COM: Apocalypse","11740","X-COM: Apocalypse","83700","16080","38","2","18","0","0","5.21","X-COM: Apocalypse"
"Eat Them!","11741","Eat Them!","10620","2040","21","1","15","0","0","5.21","Eat Them!"
"ClayFighter: Sculptor's Cut","11742","ClayFighter: Sculptor's Cut","5940","1140","83","1","9","0","0","5.21","ClayFighter: Sculptor's Cut"
"Hakuoki: Demon of the Fleeting Blossom","11743","Hakuoki: Demon of the Fleeting Blossom","10620","2040","33","1","4","0","0","5.21","Hakuoki: Demon of the Fleeting Blossom"
"Super Dodge Ball","11744","Super Dodge Ball","79800","15360","166","6","78","0","0","5.2","Super Dodge Ball"
"Sengoku 3","11745","Sengoku 3","14040","2700","66","1","16","0","0","5.2","Sengoku 3"
"Prehistoric Isle 2","11746","Prehistoric Isle 2","1560","300","21","1","2","0","0","5.2","Prehistoric Isle 2"
"Backyard Wrestling: Don't Try This at Home","11747","Backyard Wrestling: Don't Try This at Home","1560","300","8","1","1","0","0","5.2","Backyard Wrestling: Don't Try This at Home"
"Bounce!","11748","Bounce!","1560","300","12","1","5","0","0","5.2","Bounce!"
"Carnival Games","11749","Carnival Games","4680","900","18","1","5","0","0","5.2","Carnival Games"
"Battle Fantasia","11750","Battle Fantasia","27480","5280","56","1","18","0","0","5.2","Battle Fantasia"
"Dino Run SE","11751","Dino Run SE","1560","300","14","1","3","0","0","5.2","Dino Run SE"
"Hammerfight","11752","Hammerfight","21540","4140","78","1","24","0","0","5.2","Hammerfight"
"Gamers Choice","11753","Gamers Choice","124380","23940","215","2","50","0","0","5.2","Gamers Choice"
"Car Mechanic Simulator 2014","11754","Car Mechanic Simulator 2014","189060","36360","494","2","200","0","0","5.2","Car Mechanic Simulator 2014"
"ArmA II: Operation Arrowhead","11755","ArmA II: Operation Arrowhead","5409120","1040340","1884","14","3286","10","1","5.2","ArmA II: Operation Arrowhead"
"Knights of Honor","11756","Knights of Honor","63960","12300","238","2","30","0","0","5.2","Knights of Honor"
"Super Tetris 2: Bombliss","11757","Super Tetris 2: Bombliss","1560","300","27","1","1","0","0","5.2","Super Tetris 2: Bombliss"
"Mission Elevator","11758","Mission Elevator","1560","300","10","1","2","0","0","5.2","Mission Elevator"
"Brut@l","11759","Brut@l","217320","41820","380","10","188","0","0","5.2","Brut@l"
"Tankr","11760","Tankr","1560","300","10","1","1","0","0","5.2","Tankr"
"Kid Paddle","11761","Kid Paddle","1560","300","9","1","1","0","0","5.2","Kid Paddle"
"Ember Strike: The Battle for Willow Lane","11762","Ember Strike: The Battle for Willow Lane","39840","7680","262","2","25","0","0","5.19","Ember Strike: The Battle for Willow Lane"
"Sid Meier's Civilization V: Brave New World","11763","Sid Meier's Civilization V: Brave New World","887160","171060","455","6","455","1","0","5.19","Sid Meier's Civilization V: Brave New World"
"Dracula Origin","11764","Dracula Origin","13380","2580","14","1","7","0","0","5.19","Dracula Origin"
"Chameleon Twist 2","11765","Chameleon Twist 2","69060","13320","262","3","14","0","0","5.18","Chameleon Twist 2"
"Pursuit Force Extreme Justice","11766","Pursuit Force Extreme Justice","5280","1020","14","1","5","0","0","5.18","Pursuit Force Extreme Justice"
"Fatal Fury: Wild Ambition","11767","Fatal Fury: Wild Ambition","3420","660","13","1","5","0","0","5.18","Fatal Fury: Wild Ambition"
"The Impossible Game","11768","The Impossible Game","150000","28980","894","3","207","0","0","5.18","The Impossible Game"
"Call of Duty: World at War","11769","Call of Duty: World at War","11083740","2139600","5212","36","9484","21","4","5.18","Call of Duty: World at War"
"Zoids: Legacy","11770","Zoids: Legacy","21120","4080","44","1","9","0","0","5.18","Zoids: Legacy"
"Mighty Switch Force! 2","11771","Mighty Switch Force! 2","5280","1020","13","1","6","0","0","5.18","Mighty Switch Force! 2"
"The Lord of the Rings: The Return of the King","11772","The Lord of the Rings: The Return of the King","105000","20280","60","2","71","0","0","5.18","The Lord of the Rings: The Return of the King"
"It Came From Space and Ate Our Brains","11773","It Came From Space and Ate Our Brains","40980","7920","136","2","51","0","0","5.17","It Came From Space and Ate Our Brains"
"Soul Hunters","11774","Soul Hunters","186660","36120","88","2","94","0","0","5.17","Soul Hunters"
"Assault Android Cactus","11775","Assault Android Cactus","694200","134160","2295","8","468","1","0","5.17","Assault Android Cactus"
"Melty Blood: Actress Again","11776","Melty Blood: Actress Again","125220","24240","425","2","39","0","0","5.17","Melty Blood: Actress Again"
"Project IGI 2: Covert Strike","11777","Project IGI 2: Covert Strike","13020","2520","37","1","10","0","0","5.17","Project IGI 2: Covert Strike"
"The Flintstones: The Movie","11778","The Flintstones: The Movie","1860","360","11","1","1","0","0","5.17","The Flintstones: The Movie"
"Gourmet Sentai Bara Yarou","11779","Gourmet Sentai Bara Yarou","1860","360","17","1","4","0","0","5.17","Gourmet Sentai Bara Yarou"
"Kung Fu Kid","11780","Kung Fu Kid","1860","360","19","4","4","0","0","5.17","Kung Fu Kid"
"Tales of Eternia Online","11781","Tales of Eternia Online","1860","360","13","1","2","0","0","5.17","Tales of Eternia Online"
"Bizy BeeZZzz","11782","Bizy BeeZZzz","11460","2220","22","1","3","0","0","5.16","Bizy BeeZZzz"
"Mystic Messenger","11783","Mystic Messenger","5880","1140","23","1","8","0","0","5.16","Mystic Messenger"
"Beyond Eyes","11784","Beyond Eyes","289140","56040","323","3","368","0","0","5.16","Beyond Eyes"
"Alex Kidd in Shinobi World","11785","Alex Kidd in Shinobi World","34080","6600","29","2","10","0","0","5.16","Alex Kidd in Shinobi World"
"Hidden in Plain Sight","11786","Hidden in Plain Sight","17940","3480","70","1","27","0","0","5.16","Hidden in Plain Sight"
"Angry Birds Epic","11787","Angry Birds Epic","13920","2700","81","1","11","0","0","5.16","Angry Birds Epic"
"DungeonUp","11788","DungeonUp","17940","3480","47","1","16","0","0","5.16","DungeonUp"
"Dungeons & Dragons: Chronicles of Mystara","11789","Dungeons & Dragons: Chronicles of Mystara","214560","41580","265","5","224","0","0","5.16","Dungeons & Dragons: Chronicles of Mystara"
"Colin McRae Rally 04","11790","Colin McRae Rally 04","7740","1500","21","1","7","0","0","5.16","Colin McRae Rally 04"
"Evil Dead: Regeneration","11791","Evil Dead: Regeneration","41160","7980","168","2","32","0","0","5.16","Evil Dead: Regeneration"
"WWE SmackDown! Here Comes the Pain","11792","WWE SmackDown! Here Comes the Pain","121440","23520","387","2","62","0","0","5.16","WWE SmackDown! Here Comes the Pain"
"Zone of the Enders: The 2nd Runner","11793","Zone of the Enders: The 2nd Runner","104040","20160","41","2","64","0","0","5.16","Zone of the Enders: The 2nd Runner"
"Invokers Tournament","11794","Invokers Tournament","24480","4740","102","1","228","0","0","5.16","Invokers Tournament"
"Sonic & Sega All-Stars Racing","11795","Sonic & Sega All-Stars Racing","153540","29820","174","3","166","0","0","5.15","Sonic & Sega All-Stars Racing"
"Monster Hunter 2","11796","Monster Hunter 2","108120","21000","53","2","18","0","0","5.15","Monster Hunter 2"
"Casual Games Collection","11797","Casual Games Collection","159660","31020","101","3","36","0","0","5.15","Casual Games Collection"
"Atelier Escha & Logy: Alchemists of the Dusk Sky","11798","Atelier Escha & Logy: Alchemists of the Dusk Sky","193080","37500","60","3","30","0","0","5.15","Atelier Escha & Logy: Alchemists of the Dusk Sky"
"Tomb Raider: Underworld","11799","Tomb Raider: Underworld","435300","84480","1102","5","283","0","0","5.15","Tomb Raider: Underworld"
"Vinyl Goddess from Mars","11800","Vinyl Goddess from Mars","6180","1200","16","1","7","0","0","5.15","Vinyl Goddess from Mars"