"","","Game","Watch time","Stream time","Peak viewers","Peak channels","Streamers","Average viewers","Average channels","Average viewer ratio",""
"NBA Hangtime","2901","NBA Hangtime","463320","10260","4107","1","27","0","0","45.16","NBA Hangtime"
"Kingdom: New Lands","2902","Kingdom: New Lands","16830060","372720","34957","34","1354","31","0","45.15","Kingdom: New Lands"
"Mother Russia Bleeds","2903","Mother Russia Bleeds","5161200","114360","29979","16","656","9","0","45.13","Mother Russia Bleeds"
"Azure Dreams","2904","Azure Dreams","1913280","42480","6648","2","73","3","0","45.04","Azure Dreams"
"Shadow Warrior 2","2905","Shadow Warrior 2","52571040","1167120","28683","197","3952","99","2","45.04","Shadow Warrior 2"
"Syvalion","2906","Syvalion","18900","420","94","1","4","0","0","45","Syvalion"
"SD Kidou Senshi Gundam: V Sakusen Shidou","2907","SD Kidou Senshi Gundam: V Sakusen Shidou","5400","120","68","1","1","0","0","45","SD Kidou Senshi Gundam: V Sakusen Shidou"
"Cloth Out","2908","Cloth Out","8100","180","56","1","1","0","0","45","Cloth Out"
"Rats: Time Is Running Out!","2909","Rats: Time Is Running Out!","83640","1860","1071","1","11","0","0","44.97","Rats: Time Is Running Out!"
"Tasty Blue","2910","Tasty Blue","531480","11820","1038","3","49","1","0","44.96","Tasty Blue"
"Noobow","2911","Noobow","159120","3540","577","3","20","0","0","44.95","Noobow"
"Trials of the Blood Dragon","2912","Trials of the Blood Dragon","5072160","112860","4756","13","634","9","0","44.94","Trials of the Blood Dragon"
"White Album 2: Shiawase no Mukougawa","2913","White Album 2: Shiawase no Mukougawa","61980","1380","117","1","2","0","0","44.91","White Album 2: Shiawase no Mukougawa"
"Two Worlds","2914","Two Worlds","3207420","71460","6768","5","164","6","0","44.88","Two Worlds"
"The Adventures of Rocky and Bullwinkle and Friends","2915","The Adventures of Rocky and Bullwinkle and Friends","53820","1200","98","1","3","0","0","44.85","The Adventures of Rocky and Bullwinkle and Friends"
"Muv-Luv","2916","Muv-Luv","548700","12240","807","2","32","1","0","44.83","Muv-Luv"
"Only One","2917","Only One","13440","300","66","1","1","0","0","44.8","Only One"
"Astérix","2918","Astérix","236400","5280","1264","2","14","0","0","44.77","Astérix"
"Sesame Street Sports","2919","Sesame Street Sports","10740","240","76","1","2","0","0","44.75","Sesame Street Sports"
"Carmageddon","2920","Carmageddon","703080","15720","1787","6","75","1","0","44.73","Carmageddon"
"Pilotwings 64","2921","Pilotwings 64","305700","6840","688","2","42","0","0","44.69","Pilotwings 64"
"Lost Civilization","2922","Lost Civilization","8040","180","139","1","1","0","0","44.67","Lost Civilization"
"Top Gear Overdrive","2923","Top Gear Overdrive","16080","360","183","1","4","0","0","44.67","Top Gear Overdrive"
"Outlast 2","2924","Outlast 2","16014900","358560","28791","65","12122","30","0","44.66","Outlast 2"
"Montezuma's Return","2925","Montezuma's Return","53580","1200","139","1","3","0","0","44.65","Montezuma's Return"
"Silent Hill: Homecoming","2926","Silent Hill: Homecoming","7478880","167520","15406","7","408","14","0","44.64","Silent Hill: Homecoming"
"Quantum Conundrum","2927","Quantum Conundrum","2275320","51000","15877","3","197","4","0","44.61","Quantum Conundrum"
"Infra","2928","Infra","511260","11460","1793","3","58","0","0","44.61","Infra"
"Gall Force: Eternal Story","2929","Gall Force: Eternal Story","13380","300","61","1","1","0","0","44.6","Gall Force: Eternal Story"
"World Heroes","2930","World Heroes","26760","600","180","1","5","0","0","44.6","World Heroes"
"Roulette","2931","Roulette","19066680","427560","3510","14","1548","36","0","44.59","Roulette"
"THE iDOLM@STER PLATINUM STARS","2932","THE iDOLM@STER PLATINUM STARS","8914740","200100","10615","8","188","16","0","44.55","THE iDOLM@STER PLATINUM STARS"
"Bad News Baseball","2933","Bad News Baseball","74820","1680","165","1","5","0","0","44.54","Bad News Baseball"
"Bill & Ted's Excellent Adventure","2934","Bill & Ted's Excellent Adventure","50760","1140","495","1","4","0","0","44.53","Bill & Ted's Excellent Adventure"
"The Immortal","2935","The Immortal","66780","1500","163","1","6","0","0","44.52","The Immortal"
"The Legend of Zelda: Ocarina of Time 3D","2936","The Legend of Zelda: Ocarina of Time 3D","7639260","171660","952","4","183","14","0","44.5","The Legend of Zelda: Ocarina of Time 3D"
"Downtown Nekketsu Koushinkyoku: Soreyuke Daiundoukai","2937","Downtown Nekketsu Koushinkyoku: Soreyuke Daiundoukai","5340","120","56","1","1","0","0","44.5","Downtown Nekketsu Koushinkyoku: Soreyuke Daiundoukai"
"Rooms: The Unsolvable Puzzle","2938","Rooms: The Unsolvable Puzzle","5340","120","90","1","1","0","0","44.5","Rooms: The Unsolvable Puzzle"
"Nyan Cat: Lost in Space","2939","Nyan Cat: Lost in Space","469680","10560","408","2","62","0","0","44.48","Nyan Cat: Lost in Space"
"EITR","2940","EITR","42660","960","127","1","2","0","0","44.44","EITR"
"Saturn Bomberman","2941","Saturn Bomberman","192000","4320","237","1","20","0","0","44.44","Saturn Bomberman"
"Shinsetsu Samurai Spirits: Bushidou Retsuden","2942","Shinsetsu Samurai Spirits: Bushidou Retsuden","18660","420","77","1","2","0","0","44.43","Shinsetsu Samurai Spirits: Bushidou Retsuden"
"Puzzled","2943","Puzzled","26640","600","117","1","4","0","0","44.4","Puzzled"
"WCW: World Championship Wrestling","2944","WCW: World Championship Wrestling","13320","300","116","1","2","0","0","44.4","WCW: World Championship Wrestling"
"Tokyo School Life","2945","Tokyo School Life","824460","18600","1107","2","52","1","0","44.33","Tokyo School Life"
"The Ren & Stimpy Show: Veediots!","2946","The Ren & Stimpy Show: Veediots!","31920","720","112","1","4","0","0","44.33","The Ren & Stimpy Show: Veediots!"
"Alien vs Predator","2947","Alien vs Predator","2615280","59100","5094","4","300","4","0","44.25","Alien vs Predator"
"Women's Murder Club: Twice in a Blue Moon","2948","Women's Murder Club: Twice in a Blue Moon","10620","240","145","1","1","0","0","44.25","Women's Murder Club: Twice in a Blue Moon"
"World War I","2949","World War I","42480","960","697","1","4","0","0","44.25","World War I"
"Slime Rancher","2950","Slime Rancher","38967540","881160","37991","29","4402","73","1","44.22","Slime Rancher"
"Chicken Shoot","2951","Chicken Shoot","23880","540","374","1","4","0","0","44.22","Chicken Shoot"
"Instinct","2952","Instinct","13260","300","139","1","4","0","0","44.2","Instinct"
"Cookie","2953","Cookie","119340","2700","564","1","14","0","0","44.2","Cookie"
"WiseBall","2954","WiseBall","13260","300","70","1","1","0","0","44.2","WiseBall"
"Welcome to the Game","2955","Welcome to the Game","2747040","62160","1614","4","534","5","0","44.19","Welcome to the Game"
"James Bond: The Stealth Affair","2956","James Bond: The Stealth Affair","47700","1080","67","1","1","0","0","44.17","James Bond: The Stealth Affair"
"Dead Rising 4","2957","Dead Rising 4","63841740","1445580","32348","202","5702","121","2","44.16","Dead Rising 4"
"Crime City","2958","Crime City","132480","3000","1543","1","5","0","0","44.16","Crime City"
"Inside","2959","Inside","75470280","1709100","37950","126","8869","143","3","44.16","Inside"
"The Witch's House","2960","The Witch's House","2054460","46560","3186","4","215","3","0","44.13","The Witch's House"
"Hearts of Iron IV","2961","Hearts of Iron IV","98920080","2243760","20148","126","3141","187","4","44.09","Hearts of Iron IV"
"Ibb & Obb","2962","Ibb & Obb","5970120","135600","13267","6","723","11","0","44.03","Ibb & Obb"
"Up","2963","Up","50160","1140","424","1","6","0","0","44","Up"
"Before Crisis: Final Fantasy VII","2964","Before Crisis: Final Fantasy VII","2640","60","44","1","1","0","0","44","Before Crisis: Final Fantasy VII"
"Toilet Tycoon","2965","Toilet Tycoon","87120","1980","1137","1","14","0","0","44","Toilet Tycoon"
"Sonic Dash 2: Sonic Boom","2966","Sonic Dash 2: Sonic Boom","31680","720","148","1","3","0","0","44","Sonic Dash 2: Sonic Boom"
"Blitz","2967","Blitz","5280","120","91","1","2","0","0","44","Blitz"
"Heracles no Eikou 3: Kamigami no Chinmoku","2968","Heracles no Eikou 3: Kamigami no Chinmoku","100320","2280","79","1","2","0","0","44","Heracles no Eikou 3: Kamigami no Chinmoku"
"Hiryu no Ken III: 5 Nin no Ryuu Senshi","2969","Hiryu no Ken III: 5 Nin no Ryuu Senshi","5280","120","50","1","1","0","0","44","Hiryu no Ken III: 5 Nin no Ryuu Senshi"
"Seum: Speedrunners from Hell","2970","Seum: Speedrunners from Hell","3635460","82620","18452","6","315","6","0","44","Seum: Speedrunners from Hell"
"Bomberman Quest","2971","Bomberman Quest","248100","5640","1916","2","12","0","0","43.99","Bomberman Quest"
"Home Alone","2972","Home Alone","380100","8640","1809","5","50","0","0","43.99","Home Alone"
"Disc Jam","2973","Disc Jam","1829160","41640","5929","8","184","3","0","43.93","Disc Jam"
"Sly Cooper: Thieves in Time","2974","Sly Cooper: Thieves in Time","2819880","64200","2680","3","110","5","0","43.92","Sly Cooper: Thieves in Time"
"Halloween","2975","Halloween","698040","15900","885","9","49","1","0","43.9","Halloween"
"Clue","2976","Clue","405540","9240","781","3","29","0","0","43.89","Clue"
"The Last Ninja","2977","The Last Ninja","55260","1260","504","1","7","0","0","43.86","The Last Ninja"
"Budget Cuts","2978","Budget Cuts","552540","12600","3670","2","87","1","0","43.85","Budget Cuts"
"Knight Online","2979","Knight Online","104920500","2393460","3329","29","2082","199","4","43.84","Knight Online"
"Fury of the Furries","2980","Fury of the Furries","15780","360","178","1","2","0","0","43.83","Fury of the Furries"
"Super Mario 64","2981","Super Mario 64","282235620","6440640","174067","134","7073","535","12","43.82","Super Mario 64"
"Warhammer 40,000: Squad Command","2982","Warhammer 40,000: Squad Command","44700","1020","100","1","4","0","0","43.82","Warhammer 40,000: Squad Command"
"Silent Hill HD Collection","2983","Silent Hill HD Collection","1680180","38400","953","2","79","3","0","43.75","Silent Hill HD Collection"
"Warcraft III: Reign of Chaos","2984","Warcraft III: Reign of Chaos","16926720","387060","8756","9","1378","32","0","43.73","Warcraft III: Reign of Chaos"
"Star Wars: Rebel Assault II - The Hidden Empire","2985","Star Wars: Rebel Assault II - The Hidden Empire","157440","3600","398","1","18","0","0","43.73","Star Wars: Rebel Assault II - The Hidden Empire"
"Fatal Frame","2986","Fatal Frame","7731240","176820","8992","5","425","14","0","43.72","Fatal Frame"
"Soul Sacrifice Delta","2987","Soul Sacrifice Delta","157320","3600","707","1","15","0","0","43.7","Soul Sacrifice Delta"
"FIFA Manager 13","2988","FIFA Manager 13","1012020","23160","1742","2","56","1","0","43.7","FIFA Manager 13"
"Age of Empires II","2989","Age of Empires II","107200740","2454540","9127","18","1355","203","4","43.67","Age of Empires II"
"Clive Barker's Undying","2990","Clive Barker's Undying","1094700","25080","10567","2","80","2","0","43.65","Clive Barker's Undying"
"TaleSpin","2991","TaleSpin","230340","5280","972","4","24","0","0","43.63","TaleSpin"
"Karnov","2992","Karnov","209340","4800","426","2","25","0","0","43.61","Karnov"
"Mario Pinball Land","2993","Mario Pinball Land","146340","3360","580","1","21","0","0","43.55","Mario Pinball Land"
"Bubsy 3D","2994","Bubsy 3D","621900","14280","2250","2","58","1","0","43.55","Bubsy 3D"
"Super Metroid","2995","Super Metroid","119573940","2746680","191257","35","2529","226","5","43.53","Super Metroid"
"XCOM: Enemy Within","2996","XCOM: Enemy Within","103236900","2372880","12424","44","3456","195","4","43.51","XCOM: Enemy Within"
"Williams Arcade Classics","2997","Williams Arcade Classics","10440","240","92","1","2","0","0","43.5","Williams Arcade Classics"
"Sonic 3D Blast","2998","Sonic 3D Blast","1223940","28140","831","6","123","2","0","43.49","Sonic 3D Blast"
"Replika","2999","Replika","80880","1860","408","3","13","0","0","43.48","Replika"
"Wiblits","3000","Wiblits","198120","4560","624","2","26","0","0","43.45","Wiblits"