"","","Game","Watch time","Stream time","Peak viewers","Peak channels","Streamers","Average viewers","Average channels","Average viewer ratio",""
"Far Cry 2","9101","Far Cry 2","1106400","133440","3671","5","406","2","0","8.29","Far Cry 2"
"Starmade","9102","Starmade","3148320","380160","461","6","432","5","0","8.28","Starmade"
"Wario Land 4","9103","Wario Land 4","414720","50100","123","3","128","0","0","8.28","Wario Land 4"
"Shin Megami Tensei: Digital Devil Saga","9104","Shin Megami Tensei: Digital Devil Saga","710220","85740","110","3","118","1","0","8.28","Shin Megami Tensei: Digital Devil Saga"
"skate.","9105","skate.","85920","10380","99","1","37","0","0","8.28","skate."
"Yoot Tower","9106","Yoot Tower","21360","2580","82","1","8","0","0","8.28","Yoot Tower"
"Wayne Gretzky and the NHLPA All Stars","9107","Wayne Gretzky and the NHLPA All Stars","16380","1980","89","1","3","0","0","8.27","Wayne Gretzky and the NHLPA All Stars"
"Depths of Fear: Knossos","9108","Depths of Fear: Knossos","21840","2640","98","1","16","0","0","8.27","Depths of Fear: Knossos"
"Shadow Warrior","9109","Shadow Warrior","5760900","696660","8898","14","2783","10","1","8.27","Shadow Warrior"
"Risk of Rain","9110","Risk of Rain","7113960","859980","3565","14","4555","13","1","8.27","Risk of Rain"
"Monaco","9111","Monaco","491760","59460","640","6","334","0","0","8.27","Monaco"
"Armored Core 4","9112","Armored Core 4","42180","5100","158","1","20","0","0","8.27","Armored Core 4"
"Tooth and Tail","9113","Tooth and Tail","401580","48540","508","3","47","0","0","8.27","Tooth and Tail"
"Guardian Sword Gaiden: Endless Destiny","9114","Guardian Sword Gaiden: Endless Destiny","5460","660","14","1","1","0","0","8.27","Guardian Sword Gaiden: Endless Destiny"
"Don Bradman Cricket 17","9115","Don Bradman Cricket 17","218460","26460","260","7","71","0","0","8.26","Don Bradman Cricket 17"
"Elite: Dangerous","9116","Elite: Dangerous","106225200","12858180","2460","86","14484","201","24","8.26","Elite: Dangerous"
"Persona 4: Arena Ultimax","9117","Persona 4: Arena Ultimax","2050800","248220","5538","7","260","3","0","8.26","Persona 4: Arena Ultimax"
"WipEout","9118","WipEout","57960","7020","110","2","25","0","0","8.26","WipEout"
"G Darius","9119","G Darius","114360","13860","201","2","21","0","0","8.25","G Darius"
"Rebel Galaxy","9120","Rebel Galaxy","11482080","1392180","11086","53","4856","21","2","8.25","Rebel Galaxy"
"Sir, You Are Being Hunted","9121","Sir, You Are Being Hunted","617400","74880","858","4","477","1","0","8.25","Sir, You Are Being Hunted"
"Tank","9122","Tank","1980","240","32","1","1","0","0","8.25","Tank"
"Mortyr (2093 - 1944)","9123","Mortyr (2093 - 1944)","1980","240","12","1","1","0","0","8.25","Mortyr (2093 - 1944)"
"The Princess and The Frog","9124","The Princess and The Frog","1980","240","18","1","2","0","0","8.25","The Princess and The Frog"
"School Bus Fun","9125","School Bus Fun","3960","480","16","1","3","0","0","8.25","School Bus Fun"
"Mario Tennis Open","9126","Mario Tennis Open","7920","960","35","1","8","0","0","8.25","Mario Tennis Open"
"The Aka-Champion","9127","The Aka-Champion","1980","240","12","1","1","0","0","8.25","The Aka-Champion"
"Diluvium","9128","Diluvium","1980","240","30","1","3","0","0","8.25","Diluvium"
"World of Fantasy","9129","World of Fantasy","11880","1440","181","1","5","0","0","8.25","World of Fantasy"
"Sheep Happens","9130","Sheep Happens","1980","240","50","1","2","0","0","8.25","Sheep Happens"
"Jumpman Lives!","9131","Jumpman Lives!","1980","240","16","1","1","0","0","8.25","Jumpman Lives!"
"Toxic","9132","Toxic","8400","1020","55","1","6","0","0","8.24","Toxic"
"Kentucky Route Zero","9133","Kentucky Route Zero","342060","41520","826","3","181","0","0","8.24","Kentucky Route Zero"
"Lost Planet: Extreme Condition - Colonies Edition","9134","Lost Planet: Extreme Condition - Colonies Edition","103380","12540","271","2","41","0","0","8.24","Lost Planet: Extreme Condition - Colonies Edition"
"Age of Wulin","9135","Age of Wulin","268260","32580","141","3","38","0","0","8.23","Age of Wulin"
"The Stanley Parable: HD Remix","9136","The Stanley Parable: HD Remix","98220","11940","172","1","65","0","0","8.23","The Stanley Parable: HD Remix"
"Slender-Man","9137","Slender-Man","131340","15960","290","2","155","0","0","8.23","Slender-Man"
"LittleBigPlanet 2","9138","LittleBigPlanet 2","122040","14820","235","1","49","0","0","8.23","LittleBigPlanet 2"
"SimCopter","9139","SimCopter","15300","1860","53","1","8","0","0","8.23","SimCopter"
"Fighting Vipers 2","9140","Fighting Vipers 2","4440","540","31","1","4","0","0","8.22","Fighting Vipers 2"
"Organic Panic","9141","Organic Panic","27120","3300","35","2","18","0","0","8.22","Organic Panic"
"Brütal Legend","9142","Brütal Legend","1971480","239940","895","5","943","3","0","8.22","Brütal Legend"
"Red Bull X-Fighters","9143","Red Bull X-Fighters","4440","540","64","1","6","0","0","8.22","Red Bull X-Fighters"
"End of the Mine","9144","End of the Mine","17760","2160","48","1","6","0","0","8.22","End of the Mine"
"Curve Fever 3","9145","Curve Fever 3","14280","1740","64","2","11","0","0","8.21","Curve Fever 3"
"Killing Floor 2","9146","Killing Floor 2","40867620","4980000","29823","145","16206","77","9","8.21","Killing Floor 2"
"Final Fantasy (working title)","9147","Final Fantasy (working title)","57660","7020","149","3","30","0","0","8.21","Final Fantasy (working title)"
"Pinobee: Wings of Adventure","9148","Pinobee: Wings of Adventure","7380","900","32","1","4","0","0","8.2","Pinobee: Wings of Adventure"
"Xuanyuan Jian Waizhuan: Cang zhi Tao","9149","Xuanyuan Jian Waizhuan: Cang zhi Tao","9840","1200","17","1","1","0","0","8.2","Xuanyuan Jian Waizhuan: Cang zhi Tao"
"Egg Head","9150","Egg Head","2460","300","11","1","1","0","0","8.2","Egg Head"
"Insanity Fight","9151","Insanity Fight","4920","600","30","1","3","0","0","8.2","Insanity Fight"
"Tobari and the Night of the Curious Moon","9152","Tobari and the Night of the Curious Moon","26580","3240","100","1","13","0","0","8.2","Tobari and the Night of the Curious Moon"
"TransWorld Snowboarding","9153","TransWorld Snowboarding","2460","300","12","1","1","0","0","8.2","TransWorld Snowboarding"
"Drift Girls","9154","Drift Girls","44280","5400","42","1","5","0","0","8.2","Drift Girls"
"Hagane no Renkinjutsushi: Fullmetal Alchemist - Yakusoku no Hi e","9155","Hagane no Renkinjutsushi: Fullmetal Alchemist - Yakusoku no Hi e","2460","300","35","1","1","0","0","8.2","Hagane no Renkinjutsushi: Fullmetal Alchemist - Yakusoku no Hi e"
"Rayman: Raving Rabbids","9156","Rayman: Raving Rabbids","36360","4440","219","1","14","0","0","8.19","Rayman: Raving Rabbids"
"Eragon","9157","Eragon","13260","1620","159","1","10","0","0","8.19","Eragon"
"Shelter","9158","Shelter","221220","27000","330","4","174","0","0","8.19","Shelter"
"Steredenn","9159","Steredenn","544800","66480","1968","6","282","1","0","8.19","Steredenn"
"Of Guards And Thieves","9160","Of Guards And Thieves","165960","20280","269","4","93","0","0","8.18","Of Guards And Thieves"
"Kid Chameleon","9161","Kid Chameleon","275340","33720","845","2","82","0","0","8.17","Kid Chameleon"
"Mobile Suit Gundam Extreme VS. Full Boost","9162","Mobile Suit Gundam Extreme VS. Full Boost","1012800","123960","799","4","115","1","0","8.17","Mobile Suit Gundam Extreme VS. Full Boost"
"Army Men 3D","9163","Army Men 3D","28440","3480","294","1","10","0","0","8.17","Army Men 3D"
"Learn Japanese To Survive: Hiragana Battle","9164","Learn Japanese To Survive: Hiragana Battle","360300","44100","198","4","227","0","0","8.17","Learn Japanese To Survive: Hiragana Battle"
"Maru's Mission","9165","Maru's Mission","21540","2640","61","2","7","0","0","8.16","Maru's Mission"
"King's Quest: Mask of Eternity","9166","King's Quest: Mask of Eternity","21540","2640","108","1","11","0","0","8.16","King's Quest: Mask of Eternity"
"Dragon Power","9167","Dragon Power","13200","1620","50","1","8","0","0","8.15","Dragon Power"
"Tree of Life","9168","Tree of Life","2668740","327360","3289","19","466","5","0","8.15","Tree of Life"
"Gabriel Knight 3: Blood of the Sacred, Blood of the Damned","9169","Gabriel Knight 3: Blood of the Sacred, Blood of the Damned","53760","6600","82","1","11","0","0","8.15","Gabriel Knight 3: Blood of the Sacred, Blood of the Damned"
"Holodrive","9170","Holodrive","55740","6840","466","2","42","0","0","8.15","Holodrive"
"Feda 2: White Surge the Platoon","9171","Feda 2: White Surge the Platoon","3420","420","13","1","1","0","0","8.14","Feda 2: White Surge the Platoon"
"Dungeon Punks","9172","Dungeon Punks","129900","15960","202","5","70","0","0","8.14","Dungeon Punks"
"Otome ga Tsumugu Koi no Canvas ~Futari no Gallery~","9173","Otome ga Tsumugu Koi no Canvas ~Futari no Gallery~","3420","420","16","1","2","0","0","8.14","Otome ga Tsumugu Koi no Canvas ~Futari no Gallery~"
"Battle Clash","9174","Battle Clash","13680","1680","36","1","15","0","0","8.14","Battle Clash"
"Leisure Suit Larry 5: Passionate Patti Does a Little Undercover Work!","9175","Leisure Suit Larry 5: Passionate Patti Does a Little Undercover Work!","10740","1320","26","1","5","0","0","8.14","Leisure Suit Larry 5: Passionate Patti Does a Little Undercover Work!"
"Yakuza 3","9176","Yakuza 3","478860","58800","146","3","47","0","0","8.14","Yakuza 3"
"Super Trench Attack","9177","Super Trench Attack","33660","4140","107","1","28","0","0","8.13","Super Trench Attack"
"Bonk's Adventure","9178","Bonk's Adventure","65400","8040","54","3","47","0","0","8.13","Bonk's Adventure"
"Sonic Adventure","9179","Sonic Adventure","627420","77160","491","6","306","1","0","8.13","Sonic Adventure"
"European Bus Simulator","9180","European Bus Simulator","7320","900","43","1","3","0","0","8.13","European Bus Simulator"
"Wizard of Wor","9181","Wizard of Wor","7320","900","52","1","4","0","0","8.13","Wizard of Wor"
"Kung Fu Rider","9182","Kung Fu Rider","3900","480","22","1","4","0","0","8.13","Kung Fu Rider"
"Screeps","9183","Screeps","325500","40020","241","2","57","0","0","8.13","Screeps"
"Contract","9184","Contract","8280","1020","19","2","3","0","0","8.12","Contract"
"Super Robot Taisen OG Saga: Masou Kishin III: Pride of Justice","9185","Super Robot Taisen OG Saga: Masou Kishin III: Pride of Justice","8280","1020","19","1","1","0","0","8.12","Super Robot Taisen OG Saga: Masou Kishin III: Pride of Justice"
"Wheel of Fortune: Family Edition","9186","Wheel of Fortune: Family Edition","24360","3000","89","1","15","0","0","8.12","Wheel of Fortune: Family Edition"
"Dyscourse","9187","Dyscourse","94500","11640","226","2","66","0","0","8.12","Dyscourse"
"Not a Hero","9188","Not a Hero","819960","101100","4568","5","583","1","0","8.11","Not a Hero"
"007: Nightfire","9189","007: Nightfire","693120","85440","829","4","121","1","0","8.11","007: Nightfire"
"Sex Games","9190","Sex Games","4380","540","14","1","3","0","0","8.11","Sex Games"
"L'Abbaye des Morts","9191","L'Abbaye des Morts","4860","600","49","2","4","0","0","8.1","L'Abbaye des Morts"
"Tower of Doom","9192","Tower of Doom","4860","600","32","1","5","0","0","8.1","Tower of Doom"
"Capture the Flag","9193","Capture the Flag","19920","2460","21","1","4","0","0","8.1","Capture the Flag"
"Rustbucket Rumble","9194","Rustbucket Rumble","4860","600","37","1","5","0","0","8.1","Rustbucket Rumble"
"Medabots: Rokusho/Metabee","9195","Medabots: Rokusho/Metabee","41280","5100","81","2","25","0","0","8.09","Medabots: Rokusho/Metabee"
"Downwell","9196","Downwell","1441260","178200","3717","5","1134","2","0","8.09","Downwell"
"Final Fantasy: The 4 Heroes of Light","9197","Final Fantasy: The 4 Heroes of Light","67020","8280","27","1","11","0","0","8.09","Final Fantasy: The 4 Heroes of Light"
"Spikeout: Battle Street","9198","Spikeout: Battle Street","33000","4080","30","1","6","0","0","8.09","Spikeout: Battle Street"
"Majan Doujou","9199","Majan Doujou","11160","1380","182","1","3","0","0","8.09","Majan Doujou"
"GIRP","9200","GIRP","5820","720","34","1","5","0","0","8.08","GIRP"