"","","Game","Watch time","Stream time","Peak viewers","Peak channels","Streamers","Average viewers","Average channels","Average viewer ratio",""
"Devil May Cry","1701","Devil May Cry","3000120","105720","6004","3","366","5","0","28.38","Devil May Cry"
"Panzermadels: Tank Dating Simulator","1702","Panzermadels: Tank Dating Simulator","2992200","57060","16692","3","299","5","0","52.44","Panzermadels: Tank Dating Simulator"
"Castlevania: Dracula X","1703","Castlevania: Dracula X","2985840","42780","111870","5","158","5","0","69.8","Castlevania: Dracula X"
"Teslagrad","1704","Teslagrad","2984220","107820","94112","15","461","5","0","27.68","Teslagrad"
"Sanitarium","1705","Sanitarium","2980320","23400","7057","5","69","5","0","127.36","Sanitarium"
"Arcade Classics","1706","Arcade Classics","2974980","121020","4442","4","199","5","0","24.58","Arcade Classics"
"Oregon Trail II","1707","Oregon Trail II","2966280","37140","1933","2","135","5","0","79.87","Oregon Trail II"
"BlazeRush","1708","BlazeRush","2961840","40560","5051","4","188","5","0","73.02","BlazeRush"
"Sparkster: Rocket Knight Adventures 2","1709","Sparkster: Rocket Knight Adventures 2","2959860","18420","89186","10","41","5","0","160.69","Sparkster: Rocket Knight Adventures 2"
"Let's Sing 2016","1710","Let's Sing 2016","2957700","5880","12082","2","39","5","0","503.01","Let's Sing 2016"
"Batman: The Video Game","1711","Batman: The Video Game","2953980","38820","136132","7","133","5","0","76.09","Batman: The Video Game"
"Orwell","1712","Orwell","2952900","40020","32777","6","183","5","0","73.79","Orwell"
"System Shock 2","1713","System Shock 2","2952060","191820","2234","7","600","5","0","15.39","System Shock 2"
"Table Top Racing: World Tour","1714","Table Top Racing: World Tour","2951040","986400","7055","96","7593","5","1","2.99","Table Top Racing: World Tour"
"Nintendo Land","1715","Nintendo Land","2950140","42360","5947","4","244","5","0","69.64","Nintendo Land"
"Stronghold Crusader Extreme","1716","Stronghold Crusader Extreme","2949420","16980","22540","2","75","5","0","173.7","Stronghold Crusader Extreme"
"Hard West","1717","Hard West","2948640","99960","4473","4","301","5","0","29.5","Hard West"
"Saints Row IV: Re-Elected","1718","Saints Row IV: Re-Elected","2947560","1648500","4325","33","7697","5","3","1.79","Saints Row IV: Re-Elected"
"Diep.io","1719","Diep.io","2945220","330480","4453","11","2327","5","0","8.91","Diep.io"
"Scribblenauts Unlimited","1720","Scribblenauts Unlimited","2945040","126660","17654","4","624","5","0","23.25","Scribblenauts Unlimited"
"The Banner Saga","1721","The Banner Saga","2943000","368640","1141","11","1338","5","0","7.98","The Banner Saga"
"Dark Cloud 2","1722","Dark Cloud 2","2942580","316740","7356","8","1644","5","0","9.29","Dark Cloud 2"
"Red Orchestra 2: Heroes of Stalingrad","1723","Red Orchestra 2: Heroes of Stalingrad","2941260","386100","9997","6","1655","5","0","7.62","Red Orchestra 2: Heroes of Stalingrad"
"Soulcalibur II","1724","Soulcalibur II","2934780","70800","7243","3","321","5","0","41.45","Soulcalibur II"
"DarkMaus","1725","DarkMaus","2932080","36960","4782","6","148","5","0","79.33","DarkMaus"
"Oblivion","1726","Oblivion","2930940","473220","2047","29","1802","5","0","6.19","Oblivion"
"Bombernauts","1727","Bombernauts","2930880","7500","17654","4","42","5","0","390.78","Bombernauts"
"Worms","1728","Worms","2919240","17760","7971","4","99","5","0","164.37","Worms"
"Ace Attorney Investigations: Miles Edgeworth","1729","Ace Attorney Investigations: Miles Edgeworth","2918760","50040","762","2","69","5","0","58.33","Ace Attorney Investigations: Miles Edgeworth"
"Programming","1730","Programming","2916960","743520","1866","20","1891","5","1","3.92","Programming"
"TrackMania Nations Forever","1731","TrackMania Nations Forever","2916600","315960","1037","10","1580","5","0","9.23","TrackMania Nations Forever"
"One Piece: Pirate Warriors 3","1732","One Piece: Pirate Warriors 3","2910660","1083780","2836","15","4200","5","2","2.69","One Piece: Pirate Warriors 3"
"Resident Evil: Outbreak - File #2","1733","Resident Evil: Outbreak - File #2","2908440","172980","1398","4","160","5","0","16.81","Resident Evil: Outbreak - File #2"
"Everybody's Gone to the Rapture","1734","Everybody's Gone to the Rapture","2906640","172080","1771","10","4057","5","0","16.89","Everybody's Gone to the Rapture"
"Survarium","1735","Survarium","2904660","632760","2039","12","1779","5","1","4.59","Survarium"
"Niffelheim","1736","Niffelheim","2901300","35040","21439","4","124","5","0","82.8","Niffelheim"
"Batman: Arkham Origins","1737","Batman: Arkham Origins","2901120","462300","616","7","1510","5","0","6.28","Batman: Arkham Origins"
"Pantheon: Rise of the Fallen","1738","Pantheon: Rise of the Fallen","2898960","11820","8015","4","11","5","0","245.26","Pantheon: Rise of the Fallen"
"Pharaoh","1739","Pharaoh","2898300","46320","6366","2","89","5","0","62.57","Pharaoh"
"Corpse Party: Book of Shadows","1740","Corpse Party: Book of Shadows","2891520","41100","2227","2","65","5","0","70.35","Corpse Party: Book of Shadows"
"Akiba's Trip: Undead & Undressed","1741","Akiba's Trip: Undead & Undressed","2885400","249540","5414","6","1470","5","0","11.56","Akiba's Trip: Undead & Undressed"
"Barbie Explorer","1742","Barbie Explorer","2882820","16860","33894","3","49","5","0","170.99","Barbie Explorer"
"Streets of Rage 2","1743","Streets of Rage 2","2880120","121920","4863","3","550","5","0","23.62","Streets of Rage 2"
"Phantasmal","1744","Phantasmal","2860560","20580","29884","3","160","5","0","139","Phantasmal"
"Supraball","1745","Supraball","2855520","42060","31823","8","173","5","0","67.89","Supraball"
"Final Fantasy: Record Keeper","1746","Final Fantasy: Record Keeper","2854260","281280","420","7","189","5","0","10.15","Final Fantasy: Record Keeper"
"Frogs","1747","Frogs","2838780","3540","21121","3","8","5","0","801.92","Frogs"
"Nosgoth","1748","Nosgoth","2836980","403140","15077","14","908","5","0","7.04","Nosgoth"
"Prince of Persia: The Two Thrones","1749","Prince of Persia: The Two Thrones","2833620","104040","7512","5","168","5","0","27.24","Prince of Persia: The Two Thrones"
"Song of the Deep","1750","Song of the Deep","2833200","282900","5437","28","1299","5","0","10.01","Song of the Deep"
"Block'hood","1751","Block'hood","2829840","25260","29866","3","141","5","0","112.03","Block'hood"
"Neverending Nightmares","1752","Neverending Nightmares","2828700","98640","11199","8","597","5","0","28.68","Neverending Nightmares"
"Street Fighter EX2 Plus","1753","Street Fighter EX2 Plus","2828700","5700","7542","3","25","5","0","496.26","Street Fighter EX2 Plus"
"Sly Cooper: Thieves in Time","1754","Sly Cooper: Thieves in Time","2819880","64200","2680","3","110","5","0","43.92","Sly Cooper: Thieves in Time"
"Black Survival","1755","Black Survival","2817780","129420","282","4","68","5","0","21.77","Black Survival"
"Hyperdimension Neptunia Re;Birth2: Sisters Generation","1756","Hyperdimension Neptunia Re;Birth2: Sisters Generation","2816280","212040","1843","6","299","5","0","13.28","Hyperdimension Neptunia Re;Birth2: Sisters Generation"
"Wakfu","1757","Wakfu","2815260","592380","285","8","941","5","1","4.75","Wakfu"
"Fortified!","1758","Fortified!","2811300","30180","31039","9","209","5","0","93.15","Fortified!"
"Dangerous Golf","1759","Dangerous Golf","2805240","81780","37111","11","468","5","0","34.3","Dangerous Golf"
"Golden Sun","1760","Golden Sun","2801220","253080","1255","5","454","5","0","11.07","Golden Sun"
"Lost Ark Online","1761","Lost Ark Online","2801160","30660","3042","14","34","5","0","91.36","Lost Ark Online"
"Banjo-Kazooie: Nuts & Bolts","1762","Banjo-Kazooie: Nuts & Bolts","2796720","51300","963","3","74","5","0","54.52","Banjo-Kazooie: Nuts & Bolts"
"Arkshot","1763","Arkshot","2784240","11520","16856","6","72","5","0","241.69","Arkshot"
"Zheros","1764","Zheros","2784120","237480","1150","29","2005","5","0","11.72","Zheros"
"World of Goo","1765","World of Goo","2780340","35520","8476","4","171","5","0","78.28","World of Goo"
"Drakensang Online","1766","Drakensang Online","2777520","567840","2362","11","1064","5","1","4.89","Drakensang Online"
"Tales of Vesperia","1767","Tales of Vesperia","2772660","167400","1908","4","162","5","0","16.56","Tales of Vesperia"
"Goofball Goals","1768","Goofball Goals","2770440","1440","6407","3","6","5","0","1923.92","Goofball Goals"
"Max Payne 2: The Fall of Max Payne","1769","Max Payne 2: The Fall of Max Payne","2767800","116040","7499","6","392","5","0","23.85","Max Payne 2: The Fall of Max Payne"
"Trine 3: The Artifacts of Power","1770","Trine 3: The Artifacts of Power","2759520","215580","5515","6","853","5","0","12.8","Trine 3: The Artifacts of Power"
"Corpse Party: Blood Drive","1771","Corpse Party: Blood Drive","2758920","37680","1854","3","50","5","0","73.22","Corpse Party: Blood Drive"
"Farming Simulator 2013","1772","Farming Simulator 2013","2758080","84780","23079","4","350","5","0","32.53","Farming Simulator 2013"
"Welcome to the Game","1773","Welcome to the Game","2747040","62160","1614","4","534","5","0","44.19","Welcome to the Game"
"Democracy 3","1774","Democracy 3","2746440","69960","8142","8","378","5","0","39.26","Democracy 3"
"Pathfinder Online","1775","Pathfinder Online","2745780","133260","267","4","128","5","0","20.6","Pathfinder Online"
"Senran Kagura Shinovi Versus","1776","Senran Kagura Shinovi Versus","2736540","104100","7821","10","421","5","0","26.29","Senran Kagura Shinovi Versus"
"Prominence Poker","1777","Prominence Poker","2726040","984720","1648","38","4864","5","1","2.77","Prominence Poker"
"Crazy Taxi","1778","Crazy Taxi","2718720","68940","5872","4","408","5","0","39.44","Crazy Taxi"
"Rex Ronan: Experimental Surgeon","1779","Rex Ronan: Experimental Surgeon","2707020","1080","28899","4","6","5","0","2506.5","Rex Ronan: Experimental Surgeon"
"Tony Hawk's Pro Skater 2","1780","Tony Hawk's Pro Skater 2","2704860","67560","8533","3","242","5","0","40.04","Tony Hawk's Pro Skater 2"
"RPG MO","1781","RPG MO","2701800","57180","9909","6","127","5","0","47.25","RPG MO"
"Panzar: Forged By Chaos","1782","Panzar: Forged By Chaos","2696100","581400","2159","10","471","5","1","4.64","Panzar: Forged By Chaos"
"Tales of the Abyss","1783","Tales of the Abyss","2694660","152220","1746","5","135","5","0","17.7","Tales of the Abyss"
"Fire Emblem: Awakening","1784","Fire Emblem: Awakening","2688240","117660","532","4","161","5","0","22.85","Fire Emblem: Awakening"
"Who Wants To Be A Millionaire?","1785","Who Wants To Be A Millionaire?","2687220","11280","7095","4","45","5","0","238.23","Who Wants To Be A Millionaire?"
"Seraph","1786","Seraph","2685420","79680","3367","6","299","5","0","33.7","Seraph"
"Resident Evil Origins Collection","1787","Resident Evil Origins Collection","2685000","1055640","263","34","2773","5","2","2.54","Resident Evil Origins Collection"
"Switchcars","1788","Switchcars","2681520","11280","25410","4","77","5","0","237.72","Switchcars"
"Prey","1789","Prey","2678820","53520","2551","3","158","5","0","50.05","Prey"
"Trip World","1790","Trip World","2677200","26760","77669","5","54","5","0","100.04","Trip World"
"Sins of a Solar Empire: Rebellion","1791","Sins of a Solar Empire: Rebellion","2676480","234660","12979","6","719","5","0","11.41","Sins of a Solar Empire: Rebellion"
"100% Orange Juice","1792","100% Orange Juice","2675460","334080","8111","9","1483","5","0","8.01","100% Orange Juice"
"1080° Avalanche","1793","1080° Avalanche","2673900","5700","79276","5","29","5","0","469.11","1080° Avalanche"
"Bit.Trip RUNNER","1794","Bit.Trip RUNNER","2673180","36720","14500","3","234","5","0","72.8","Bit.Trip RUNNER"
"Sonic & Knuckles","1795","Sonic & Knuckles","2672640","137040","3733","6","607","5","0","19.5","Sonic & Knuckles"
"Tree of Life","1796","Tree of Life","2668740","327360","3289","19","466","5","0","8.15","Tree of Life"
"Overclocked","1797","Overclocked","2667420","10380","4937","2","50","5","0","256.98","Overclocked"
"Ghosts 'N Goblins","1798","Ghosts 'N Goblins","2667000","54420","6742","3","176","5","0","49.01","Ghosts 'N Goblins"
"Super Hexagon","1799","Super Hexagon","2663040","186420","12045","5","1150","5","0","14.29","Super Hexagon"
"Mario & Luigi: Superstar Saga","1800","Mario & Luigi: Superstar Saga","2662920","158100","4817","5","368","5","0","16.84","Mario & Luigi: Superstar Saga"