"","","Game","Watch time","Stream time","Peak viewers","Peak channels","Streamers","Average viewers","Average channels","Average viewer ratio",""
"Brick-Force","14101","Brick-Force","95760","26280","49","3","87","0","0","3.64","Brick-Force"
"Ar tonelico Qoga: Knell of Ar Ciel","14102","Ar tonelico Qoga: Knell of Ar Ciel","16620","4560","30","1","8","0","0","3.64","Ar tonelico Qoga: Knell of Ar Ciel"
"Kurohyou: Ryu ga Gotoku Shinshou","14103","Kurohyou: Ryu ga Gotoku Shinshou","10260","2820","20","2","9","0","0","3.64","Kurohyou: Ryu ga Gotoku Shinshou"
"Heartache","14104","Heartache","3060","840","8","1","3","0","0","3.64","Heartache"
"Advance Wars: Days of Ruin","14105","Advance Wars: Days of Ruin","50220","13800","201","1","25","0","0","3.64","Advance Wars: Days of Ruin"
"SD Gundam G Generation Wars","14106","SD Gundam G Generation Wars","14640","4020","31","1","7","0","0","3.64","SD Gundam G Generation Wars"
"Popeye no Eigo Asobi","14107","Popeye no Eigo Asobi","1740","480","10","2","2","0","0","3.63","Popeye no Eigo Asobi"
"Drop Alive","14108","Drop Alive","1740","480","13","1","4","0","0","3.63","Drop Alive"
"Gauntlet: Seven Sorrows","14109","Gauntlet: Seven Sorrows","12180","3360","63","1","10","0","0","3.63","Gauntlet: Seven Sorrows"
"Super Lemonade Factory","14110","Super Lemonade Factory","1740","480","8","1","1","0","0","3.63","Super Lemonade Factory"
"Armagetron","14111","Armagetron","4140","1140","23","1","5","0","0","3.63","Armagetron"
"Tap Titans","14112","Tap Titans","72180","19860","560","2","80","0","0","3.63","Tap Titans"
"Deadlings","14113","Deadlings","4140","1140","25","1","8","0","0","3.63","Deadlings"
"Slime Volleyball, 2.5D","14114","Slime Volleyball, 2.5D","8940","2460","18","2","3","0","0","3.63","Slime Volleyball, 2.5D"
"I Wanna Kill The Guy","14115","I Wanna Kill The Guy","66060","18180","94","2","57","0","0","3.63","I Wanna Kill The Guy"
"Transformers: War For Cybertron","14116","Transformers: War For Cybertron","171840","47280","627","3","152","0","0","3.63","Transformers: War For Cybertron"
"Spider-Man: Edge of Time","14117","Spider-Man: Edge of Time","14580","4020","13","1","6","0","0","3.63","Spider-Man: Edge of Time"
"NFL Street 2","14118","NFL Street 2","22440","6180","20","1","28","0","0","3.63","NFL Street 2"
"Freedom Force","14119","Freedom Force","44460","12240","88","2","26","0","0","3.63","Freedom Force"
"Tallowmere","14120","Tallowmere","15240","4200","61","2","21","0","0","3.63","Tallowmere"
"The Club","14121","The Club","5220","1440","24","1","9","0","0","3.63","The Club"
"Ganpuru: Gunman's Proof","14122","Ganpuru: Gunman's Proof","9360","2580","11","1","6","0","0","3.63","Ganpuru: Gunman's Proof"
"Gregory Horror Show","14123","Gregory Horror Show","21120","5820","24","1","24","0","0","3.63","Gregory Horror Show"
"Naruto: Uzumaki Chronicles","14124","Naruto: Uzumaki Chronicles","6540","1800","19","1","8","0","0","3.63","Naruto: Uzumaki Chronicles"
"Dragon Ball Z: Ultimate Battle 22","14125","Dragon Ball Z: Ultimate Battle 22","5640","1560","35","1","10","0","0","3.62","Dragon Ball Z: Ultimate Battle 22"
"RIDE","14126","RIDE","1127640","311880","23633","8","1144","2","0","3.62","RIDE"
"Echo of Soul Online","14127","Echo of Soul Online","1144260","316440","176","7","495","2","0","3.62","Echo of Soul Online"
"Quake III Arena","14128","Quake III Arena","610380","168540","4411","5","383","1","0","3.62","Quake III Arena"
"The Bridge","14129","The Bridge","120180","33240","182","3","176","0","0","3.62","The Bridge"
"Transformers: Fall of Cybertron","14130","Transformers: Fall of Cybertron","479520","132360","602","13","517","0","0","3.62","Transformers: Fall of Cybertron"
"Detana!! TwinBee Yahho! Deluxe Pack","14131","Detana!! TwinBee Yahho! Deluxe Pack","2820","780","15","1","4","0","0","3.62","Detana!! TwinBee Yahho! Deluxe Pack"
"The Old Tree","14132","The Old Tree","11280","3120","19","2","32","0","0","3.62","The Old Tree"
"Phenomeno","14133","Phenomeno","7380","2040","48","1","10","0","0","3.62","Phenomeno"
"Pingu : Sekai de ichiban genki na penguin","14134","Pingu : Sekai de ichiban genki na penguin","6300","1740","9","1","8","0","0","3.62","Pingu : Sekai de ichiban genki na penguin"
"Jambo! Safari Animal Rescue","14135","Jambo! Safari Animal Rescue","2820","780","14","1","3","0","0","3.62","Jambo! Safari Animal Rescue"
"Last Ranker","14136","Last Ranker","28020","7740","172","2","5","0","0","3.62","Last Ranker"
"Warning Forever","14137","Warning Forever","4560","1260","29","1","9","0","0","3.62","Warning Forever"
"Conduit 2","14138","Conduit 2","4560","1260","8","1","6","0","0","3.62","Conduit 2"
"Anna Kournikova's Smash Court Tennis","14139","Anna Kournikova's Smash Court Tennis","3480","960","6","1","2","0","0","3.62","Anna Kournikova's Smash Court Tennis"
"RogueStormers","14140","RogueStormers","42600","11760","131","3","83","0","0","3.62","RogueStormers"
"Zork II: The Wizard of Frobozz","14141","Zork II: The Wizard of Frobozz","3480","960","10","1","7","0","0","3.62","Zork II: The Wizard of Frobozz"
"Urakata Hakuouki","14142","Urakata Hakuouki","8880","2460","12","1","1","0","0","3.61","Urakata Hakuouki"
"Airscape: The Fall of Gravity","14143","Airscape: The Fall of Gravity","35520","9840","45","5","73","0","0","3.61","Airscape: The Fall of Gravity"
"Def Jam: Fight for NY: The Takeover","14144","Def Jam: Fight for NY: The Takeover","4980","1380","11","1","6","0","0","3.61","Def Jam: Fight for NY: The Takeover"
"Urban Trial Freestyle","14145","Urban Trial Freestyle","13200","3660","35","1","31","0","0","3.61","Urban Trial Freestyle"
"Premiere","14146","Premiere","23160","6420","37","1","34","0","0","3.61","Premiere"
"Stuart Little 2","14147","Stuart Little 2","9300","2580","45","1","5","0","0","3.6","Stuart Little 2"
"Stay Dead","14148","Stay Dead","2160","600","8","1","3","0","0","3.6","Stay Dead"
"Tiny Troopers","14149","Tiny Troopers","16860","4680","68","2","30","0","0","3.6","Tiny Troopers"
"Sleepy Head","14150","Sleepy Head","12960","3600","65","1","11","0","0","3.6","Sleepy Head"
"Dr. Luigi","14151","Dr. Luigi","28260","7860","108","1","18","0","0","3.6","Dr. Luigi"
"Project X Zone","14152","Project X Zone","59160","16440","16","2","13","0","0","3.6","Project X Zone"
"A Dark Room","14153","A Dark Room","9300","2580","72","2","19","0","0","3.6","A Dark Room"
"X-Men: Mutant Academy","14154","X-Men: Mutant Academy","1080","300","10","1","2","0","0","3.6","X-Men: Mutant Academy"
"LEGO Batman 2: DC Super Heroes","14155","LEGO Batman 2: DC Super Heroes","100800","28020","211","3","91","0","0","3.6","LEGO Batman 2: DC Super Heroes"
"Horsez","14156","Horsez","12300","3420","10","1","8","0","0","3.6","Horsez"
"Shadowrun: Dragonfall - Director's Cut","14157","Shadowrun: Dragonfall - Director's Cut","413220","114780","135","3","274","0","0","3.6","Shadowrun: Dragonfall - Director's Cut"
"Digimon World: Dusk/Dawn","14158","Digimon World: Dusk/Dawn","82140","22800","33","2","44","0","0","3.6","Digimon World: Dusk/Dawn"
"Sol-Feace","14159","Sol-Feace","1080","300","12","1","3","0","0","3.6","Sol-Feace"
"Pre-Civilization: Marble Age","14160","Pre-Civilization: Marble Age","8640","2400","36","1","16","0","0","3.6","Pre-Civilization: Marble Age"
"Blagger","14161","Blagger","1080","300","8","1","1","0","0","3.6","Blagger"
"You Don't Know Jack: Volume 3","14162","You Don't Know Jack: Volume 3","4320","1200","14","1","9","0","0","3.6","You Don't Know Jack: Volume 3"
"Blaster Master Boy","14163","Blaster Master Boy","1080","300","8","1","2","0","0","3.6","Blaster Master Boy"
"Paint Park","14164","Paint Park","10800","3000","37","2","17","0","0","3.6","Paint Park"
"Ragnarok Odyssey","14165","Ragnarok Odyssey","2160","600","9","1","3","0","0","3.6","Ragnarok Odyssey"
"Windborne","14166","Windborne","1080","300","9","1","2","0","0","3.6","Windborne"
"Hard Drivin'","14167","Hard Drivin'","1080","300","9","1","2","0","0","3.6","Hard Drivin'"
"Cobra-Command","14168","Cobra-Command","2160","600","19","1","2","0","0","3.6","Cobra-Command"
"Umihara Kawase Shun Second Edition Complete","14169","Umihara Kawase Shun Second Edition Complete","1080","300","8","1","1","0","0","3.6","Umihara Kawase Shun Second Edition Complete"
"Eurofighter Typhoon","14170","Eurofighter Typhoon","1080","300","11","2","4","0","0","3.6","Eurofighter Typhoon"
"Warlords","14171","Warlords","10800","3000","48","1","10","0","0","3.6","Warlords"
"England International Football","14172","England International Football","1080","300","9","1","2","0","0","3.6","England International Football"
"The Fifth Element","14173","The Fifth Element","1080","300","16","1","3","0","0","3.6","The Fifth Element"
"Summer Challenge","14174","Summer Challenge","1080","300","8","1","1","0","0","3.6","Summer Challenge"
"High School Musical","14175","High School Musical","1080","300","6","1","2","0","0","3.6","High School Musical"
"Black Magic","14176","Black Magic","1080","300","8","1","2","0","0","3.6","Black Magic"
"Picross e3","14177","Picross e3","1080","300","8","1","2","0","0","3.6","Picross e3"
"Final Fantasy Collection","14178","Final Fantasy Collection","4320","1200","10","1","4","0","0","3.6","Final Fantasy Collection"
"Tetris Zone","14179","Tetris Zone","1080","300","6","1","1","0","0","3.6","Tetris Zone"
"GuitarFreaks 7thMIX","14180","GuitarFreaks 7thMIX","1080","300","8","1","1","0","0","3.6","GuitarFreaks 7thMIX"
"Beeftacular","14181","Beeftacular","2160","600","7","1","3","0","0","3.6","Beeftacular"
"Chainsaw Warrior: Lords of the Night","14182","Chainsaw Warrior: Lords of the Night","4320","1200","8","1","4","0","0","3.6","Chainsaw Warrior: Lords of the Night"
"The Sims 3: Showtime","14183","The Sims 3: Showtime","3240","900","9","1","6","0","0","3.6","The Sims 3: Showtime"
"Pooh's Party Game: In Search of the Treasure","14184","Pooh's Party Game: In Search of the Treasure","9060","2520","22","2","9","0","0","3.6","Pooh's Party Game: In Search of the Treasure"
"Tiger Woods 99 PGA Tour Golf","14185","Tiger Woods 99 PGA Tour Golf","3240","900","16","1","2","0","0","3.6","Tiger Woods 99 PGA Tour Golf"
"Frankie Goes to Hollywood","14186","Frankie Goes to Hollywood","1080","300","9","1","2","0","0","3.6","Frankie Goes to Hollywood"
"Gangs of Space","14187","Gangs of Space","16620","4620","23","3","7","0","0","3.6","Gangs of Space"
"Cubikolor","14188","Cubikolor","17700","4920","33","3","21","0","0","3.6","Cubikolor"
"3030 Deathwar Redux","14189","3030 Deathwar Redux","16380","4560","49","1","24","0","0","3.59","3030 Deathwar Redux"
"Wings.io","14190","Wings.io","46680","13020","180","2","106","0","0","3.59","Wings.io"
"Hero and Daughter","14191","Hero and Daughter","12060","3360","11","1","12","0","0","3.59","Hero and Daughter"
"Gadget Racers","14192","Gadget Racers","7320","2040","11","1","8","0","0","3.59","Gadget Racers"
"Little Alchemy","14193","Little Alchemy","15060","4200","63","1","27","0","0","3.59","Little Alchemy"
"Deer Hunter 2005","14194","Deer Hunter 2005","8400","2340","29","1","12","0","0","3.59","Deer Hunter 2005"
"DDRMAX 2 Dance Dance Revolution","14195","DDRMAX 2 Dance Dance Revolution","14220","3960","29","1","17","0","0","3.59","DDRMAX 2 Dance Dance Revolution"
"Tecmo Super Bowl III: Final Edition","14196","Tecmo Super Bowl III: Final Edition","68100","18960","30","2","11","0","0","3.59","Tecmo Super Bowl III: Final Edition"
"Battlefield 1943","14197","Battlefield 1943","36000","10020","597","2","48","0","0","3.59","Battlefield 1943"
"Neutopia","14198","Neutopia","51060","14220","85","2","15","0","0","3.59","Neutopia"
"MISSING: The 13th Victim","14199","MISSING: The 13th Victim","5820","1620","13","1","14","0","0","3.59","MISSING: The 13th Victim"
"Frogger","14200","Frogger","39420","10980","69","2","60","0","0","3.59","Frogger"