"","","Game","Watch time","Stream time","Peak viewers","Peak channels","Streamers","Average viewers","Average channels","Average viewer ratio",""
"Ms. Pac-Man: Maze Madness","12901","Ms. Pac-Man: Maze Madness","42840","9900","42","3","15","0","0","4.33","Ms. Pac-Man: Maze Madness"
"Adventure Time: Finn and Jake Investigations","12902","Adventure Time: Finn and Jake Investigations","514020","118920","429","4","518","0","0","4.32","Adventure Time: Finn and Jake Investigations"
"Gravity Falls: Legend of the Gnome Gemulets","12903","Gravity Falls: Legend of the Gnome Gemulets","5700","1320","13","1","5","0","0","4.32","Gravity Falls: Legend of the Gnome Gemulets"
"Sssnake","12904","Sssnake","4920","1140","49","1","4","0","0","4.32","Sssnake"
"Journal","12905","Journal","12180","2820","43","1","15","0","0","4.32","Journal"
"Resistance: Fall of Man","12906","Resistance: Fall of Man","66660","15420","47","1","38","0","0","4.32","Resistance: Fall of Man"
"Q.U.B.E. Director's Cut","12907","Q.U.B.E. Director's Cut","232080","53760","348","4","333","0","0","4.32","Q.U.B.E. Director's Cut"
"You Don't Know Jack: Volume 4: The Ride","12908","You Don't Know Jack: Volume 4: The Ride","7260","1680","24","1","11","0","0","4.32","You Don't Know Jack: Volume 4: The Ride"
"Eldritch","12909","Eldritch","176040","40860","275","3","209","0","0","4.31","Eldritch"
"Blood Bowl","12910","Blood Bowl","44520","10320","138","1","30","0","0","4.31","Blood Bowl"
"Doctor Who: The Eternity Clock","12911","Doctor Who: The Eternity Clock","41100","9540","48","1","31","0","0","4.31","Doctor Who: The Eternity Clock"
"The Cat in the Hat","12912","The Cat in the Hat","7500","1740","16","2","8","0","0","4.31","The Cat in the Hat"
"amiibo Tap: Nintendo's Greatest Bits","12913","amiibo Tap: Nintendo's Greatest Bits","7500","1740","20","1","11","0","0","4.31","amiibo Tap: Nintendo's Greatest Bits"
"Looney Tunes: Sheep Raider","12914","Looney Tunes: Sheep Raider","103260","23940","70","2","57","0","0","4.31","Looney Tunes: Sheep Raider"
"Strania: The Stella Machina","12915","Strania: The Stella Machina","3360","780","14","1","7","0","0","4.31","Strania: The Stella Machina"
"Front Mission 5: Scars of the War","12916","Front Mission 5: Scars of the War","41640","9660","83","1","18","0","0","4.31","Front Mission 5: Scars of the War"
"Soulless","12917","Soulless","3360","780","13","1","5","0","0","4.31","Soulless"
"Time Clickers","12918","Time Clickers","60900","14160","28","3","64","0","0","4.3","Time Clickers"
"Import Tuner Challenge","12919","Import Tuner Challenge","2580","600","9","1","4","0","0","4.3","Import Tuner Challenge"
"Labyronia RPG","12920","Labyronia RPG","30180","7020","34","2","32","0","0","4.3","Labyronia RPG"
"Deep Blue","12921","Deep Blue","2580","600","17","1","4","0","0","4.3","Deep Blue"
"Blazing Dragons","12922","Blazing Dragons","17280","4020","18","1","17","0","0","4.3","Blazing Dragons"
"Kao the Kangaroo","12923","Kao the Kangaroo","36660","8520","50","2","18","0","0","4.3","Kao the Kangaroo"
"The Room Tribute","12924","The Room Tribute","13920","3240","23","1","15","0","0","4.3","The Room Tribute"
"Alicia Online","12925","Alicia Online","128580","29880","76","2","79","0","0","4.3","Alicia Online"
"Saints Row IV","12926","Saints Row IV","7594320","1766280","1657","100","9592","14","3","4.3","Saints Row IV"
"BlazBlue Continuum Shift Extend","12927","BlazBlue Continuum Shift Extend","204480","47700","252","3","193","0","0","4.29","BlazBlue Continuum Shift Extend"
"Super Comboman","12928","Super Comboman","1800","420","14","1","2","0","0","4.29","Super Comboman"
"Barbie Pet Rescue","12929","Barbie Pet Rescue","222180","51780","618","3","85","0","0","4.29","Barbie Pet Rescue"
"Ghost Rider","12930","Ghost Rider","10560","2460","14","1","9","0","0","4.29","Ghost Rider"
"Qbeh-1: The Atlas Cube","12931","Qbeh-1: The Atlas Cube","67200","15660","194","3","51","0","0","4.29","Qbeh-1: The Atlas Cube"
"Ice Hockey","12932","Ice Hockey","17520","4080","28","1","28","0","0","4.29","Ice Hockey"
"Knightmare II: The Maze of Galious","12933","Knightmare II: The Maze of Galious","3600","840","9","1","2","0","0","4.29","Knightmare II: The Maze of Galious"
"Deer Hunter 2016","12934","Deer Hunter 2016","3600","840","31","1","7","0","0","4.29","Deer Hunter 2016"
"Cultures","12935","Cultures","4380","1020","23","1","7","0","0","4.29","Cultures"
"Operation Neptune","12936","Operation Neptune","1800","420","21","1","2","0","0","4.29","Operation Neptune"
"ArchLord","12937","ArchLord","29880","6960","43","4","20","0","0","4.29","ArchLord"
"Duke Caribbean: Life's A Beach","12938","Duke Caribbean: Life's A Beach","6180","1440","16","1","8","0","0","4.29","Duke Caribbean: Life's A Beach"
"Zork: The Undiscovered Underground","12939","Zork: The Undiscovered Underground","3600","840","9","1","6","0","0","4.29","Zork: The Undiscovered Underground"
"Booty","12940","Booty","1800","420","19","1","5","0","0","4.29","Booty"
"Civil War","12941","Civil War","1800","420","11","1","2","0","0","4.29","Civil War"
"Shark Attack!","12942","Shark Attack!","3600","840","27","1","8","0","0","4.29","Shark Attack!"
"Sid & Al's Incredible Toons","12943","Sid & Al's Incredible Toons","1800","420","22","1","2","0","0","4.29","Sid & Al's Incredible Toons"
"Toxic Mayhem: The Troma Project","12944","Toxic Mayhem: The Troma Project","6180","1440","31","1","2","0","0","4.29","Toxic Mayhem: The Troma Project"
"NBA 2K2","12945","NBA 2K2","3600","840","19","1","6","0","0","4.29","NBA 2K2"
"Viewtiful Joe: Double Trouble!","12946","Viewtiful Joe: Double Trouble!","1800","420","8","1","2","0","0","4.29","Viewtiful Joe: Double Trouble!"
"Build City","12947","Build City","1800","420","9","1","1","0","0","4.29","Build City"
"Polygod","12948","Polygod","6180","1440","32","1","11","0","0","4.29","Polygod"
"Star Wars: Lethal Alliance","12949","Star Wars: Lethal Alliance","1800","420","9","1","1","0","0","4.29","Star Wars: Lethal Alliance"
"Front Mission 2","12950","Front Mission 2","7440","1740","12","1","2","0","0","4.28","Front Mission 2"
"The Fairly OddParents: Shadow Showdown","12951","The Fairly OddParents: Shadow Showdown","20040","4680","61","1","18","0","0","4.28","The Fairly OddParents: Shadow Showdown"
"Rats!","12952","Rats!","4620","1080","26","1","9","0","0","4.28","Rats!"
"CSI: Crime Scene Investigation - Hard Evidence","12953","CSI: Crime Scene Investigation - Hard Evidence","6420","1500","35","1","5","0","0","4.28","CSI: Crime Scene Investigation - Hard Evidence"
"Shining Force EXA","12954","Shining Force EXA","49800","11640","53","1","11","0","0","4.28","Shining Force EXA"
"Frogger 2: Swampy's Revenge","12955","Frogger 2: Swampy's Revenge","39000","9120","31","2","18","0","0","4.28","Frogger 2: Swampy's Revenge"
"Final Fight One","12956","Final Fight One","15420","3600","71","1","10","0","0","4.28","Final Fight One"
"Lost in Shadow","12957","Lost in Shadow","14640","3420","30","1","7","0","0","4.28","Lost in Shadow"
"Pangya: Fantasy Golf","12958","Pangya: Fantasy Golf","341700","79800","466","3","122","0","0","4.28","Pangya: Fantasy Golf"
"Medieval II: Total War - Kingdoms","12959","Medieval II: Total War - Kingdoms","229800","53640","404","3","133","0","0","4.28","Medieval II: Total War - Kingdoms"
"Age of Wushu","12960","Age of Wushu","353880","82680","144","7","85","0","0","4.28","Age of Wushu"
"Toukiden Kiwami","12961","Toukiden Kiwami","808260","188820","104","7","1278","1","0","4.28","Toukiden Kiwami"
"Dance Dance Revolution USA","12962","Dance Dance Revolution USA","3840","900","22","1","5","0","0","4.27","Dance Dance Revolution USA"
"Shin Megami Tensei: Devil Summoner 2 - Raidou Kuzunoha vs. King Abaddon","12963","Shin Megami Tensei: Devil Summoner 2 - Raidou Kuzunoha vs. King Abaddon","17160","4020","100","1","8","0","0","4.27","Shin Megami Tensei: Devil Summoner 2 - Raidou Kuzunoha vs. King Abaddon"
"Bleach Soul Resurrección","12964","Bleach Soul Resurrección","116700","27360","199","2","30","0","0","4.27","Bleach Soul Resurrección"
"Time Lord","12965","Time Lord","5640","1320","16","3","10","0","0","4.27","Time Lord"
"Squirreltopia","12966","Squirreltopia","17160","4020","51","2","16","0","0","4.27","Squirreltopia"
"Mystery Quest: Curse of the Ancient Spirits","12967","Mystery Quest: Curse of the Ancient Spirits","2820","660","9","1","2","0","0","4.27","Mystery Quest: Curse of the Ancient Spirits"
"Black Squad","12968","Black Squad","260040","60900","525","15","193","0","0","4.27","Black Squad"
"Microsoft Golf 1998 Edition","12969","Microsoft Golf 1998 Edition","2820","660","20","1","2","0","0","4.27","Microsoft Golf 1998 Edition"
"GameBiz 3","12970","GameBiz 3","5640","1320","11","1","2","0","0","4.27","GameBiz 3"
"Zombie Hunters 2","12971","Zombie Hunters 2","2820","660","9","1","2","0","0","4.27","Zombie Hunters 2"
"Tournament Cyberball 2072","12972","Tournament Cyberball 2072","6660","1560","15","1","2","0","0","4.27","Tournament Cyberball 2072"
"DoorDoor","12973","DoorDoor","4860","1140","15","1","6","0","0","4.26","DoorDoor"
"Another Century's Episode Portable","12974","Another Century's Episode Portable","6900","1620","18","1","1","0","0","4.26","Another Century's Episode Portable"
"Majesty: The Northern Expansion","12975","Majesty: The Northern Expansion","37020","8700","34","1","8","0","0","4.26","Majesty: The Northern Expansion"
"Welcome to the Future","12976","Welcome to the Future","6900","1620","22","1","10","0","0","4.26","Welcome to the Future"
"Tyrian 2000","12977","Tyrian 2000","34800","8160","39","1","44","0","0","4.26","Tyrian 2000"
"American McGee Presents: Bad Day L.A.","12978","American McGee Presents: Bad Day L.A.","25800","6060","46","1","20","0","0","4.26","American McGee Presents: Bad Day L.A."
"Anomaly Warzone Earth Mobile Campaign","12979","Anomaly Warzone Earth Mobile Campaign","11760","2760","11","1","6","0","0","4.26","Anomaly Warzone Earth Mobile Campaign"
"QP Shooting - Dangerous!!","12980","QP Shooting - Dangerous!!","34980","8220","66","2","50","0","0","4.26","QP Shooting - Dangerous!!"
"NASCAR '14","12981","NASCAR '14","33240","7800","266","2","36","0","0","4.26","NASCAR '14"
"Radiata Stories","12982","Radiata Stories","151740","35640","101","3","57","0","0","4.26","Radiata Stories"
"Monaco: What's Yours Is Mine","12983","Monaco: What's Yours Is Mine","242640","56940","611","3","381","0","0","4.26","Monaco: What's Yours Is Mine"
"WeaponLord","12984","WeaponLord","4080","960","35","1","6","0","0","4.25","WeaponLord"
"Ikachan","12985","Ikachan","2040","480","27","1","4","0","0","4.25","Ikachan"
"Eternal Ring","12986","Eternal Ring","29580","6960","35","1","24","0","0","4.25","Eternal Ring"
"Gone Home","12987","Gone Home","4158720","977700","2622","94","8651","7","1","4.25","Gone Home"
"Collapse","12988","Collapse","32640","7680","217","2","28","0","0","4.25","Collapse"
"Yu-Gi-Oh! Power of Chaos: Kaiba the Revenge","12989","Yu-Gi-Oh! Power of Chaos: Kaiba the Revenge","5100","1200","27","1","9","0","0","4.25","Yu-Gi-Oh! Power of Chaos: Kaiba the Revenge"
"Lists and Lists","12990","Lists and Lists","1020","240","6","1","1","0","0","4.25","Lists and Lists"
"Ragnarok Battle Offline","12991","Ragnarok Battle Offline","100560","23640","85","2","57","0","0","4.25","Ragnarok Battle Offline"
"Cabela's Dangerous Hunts 2011","12992","Cabela's Dangerous Hunts 2011","2040","480","11","1","2","0","0","4.25","Cabela's Dangerous Hunts 2011"
"Wrestle Kingdom","12993","Wrestle Kingdom","2040","480","13","1","2","0","0","4.25","Wrestle Kingdom"
"Sam & Max Episode 302: The Tomb of Sammun-Mak","12994","Sam & Max Episode 302: The Tomb of Sammun-Mak","13020","3060","18","1","14","0","0","4.25","Sam & Max Episode 302: The Tomb of Sammun-Mak"
"J.J. & Jeff","12995","J.J. & Jeff","1020","240","9","1","4","0","0","4.25","J.J. & Jeff"
"Watchmen: The End is Nigh Part 2","12996","Watchmen: The End is Nigh Part 2","2040","480","11","1","3","0","0","4.25","Watchmen: The End is Nigh Part 2"
"Zumba Fitness 2","12997","Zumba Fitness 2","1020","240","8","1","2","0","0","4.25","Zumba Fitness 2"
"Candy Box","12998","Candy Box","1020","240","7","1","2","0","0","4.25","Candy Box"
"The Bizarre Adventures of Woodruff and the Schnibble","12999","The Bizarre Adventures of Woodruff and the Schnibble","5100","1200","12","1","3","0","0","4.25","The Bizarre Adventures of Woodruff and the Schnibble"
"Dark Deception","13000","Dark Deception","1020","240","6","1","2","0","0","4.25","Dark Deception"