"","","Game","Watch time","Stream time","Peak viewers","Peak channels","Streamers","Average viewers","Average channels","Average viewer ratio",""
"Sengoku Musou 4 Empires","13601","Sengoku Musou 4 Empires","15900","4020","27","1","7","0","0","3.96","Sengoku Musou 4 Empires"
"Nickelodeon GUTS","13602","Nickelodeon GUTS","5460","1380","15","1","8","0","0","3.96","Nickelodeon GUTS"
"Torchlight","13603","Torchlight","389160","98340","503","3","292","0","0","3.96","Torchlight"
"Assassin's Creed: Altaïr's Chronicles","13604","Assassin's Creed: Altaïr's Chronicles","19740","4980","28","2","16","0","0","3.96","Assassin's Creed: Altaïr's Chronicles"
"Family Guy: Back to the Multiverse","13605","Family Guy: Back to the Multiverse","48900","12360","71","3","44","0","0","3.96","Family Guy: Back to the Multiverse"
"Just Cause 3","13606","Just Cause 3","32859000","8287500","13047","146","37534","62","15","3.96","Just Cause 3"
"Toribash","13607","Toribash","595080","150120","7131","4","588","1","0","3.96","Toribash"
"Pokémon Mystery Dungeon: Explorers of Darkness/Time","13608","Pokémon Mystery Dungeon: Explorers of Darkness/Time","132240","33420","40","4","78","0","0","3.96","Pokémon Mystery Dungeon: Explorers of Darkness/Time"
"Hatsune Miku: Project DIVA Arcade","13609","Hatsune Miku: Project DIVA Arcade","26400","6660","51","2","14","0","0","3.96","Hatsune Miku: Project DIVA Arcade"
"Eiyuu Densetsu: Sora no Kiseki SC","13610","Eiyuu Densetsu: Sora no Kiseki SC","24240","6120","26","1","3","0","0","3.96","Eiyuu Densetsu: Sora no Kiseki SC"
"StarLancer","13611","StarLancer","6420","1620","38","1","6","0","0","3.96","StarLancer"
"P.N.03","13612","P.N.03","29220","7380","40","2","22","0","0","3.96","P.N.03"
"NASCAR Heat Evolution","13613","NASCAR Heat Evolution","1980420","500400","2737","54","1383","3","0","3.96","NASCAR Heat Evolution"
"Max, an Autistic Journey","13614","Max, an Autistic Journey","6180","1560","15","1","5","0","0","3.96","Max, an Autistic Journey"
"Adventure Quest 3D","13615","Adventure Quest 3D","212520","53640","191","17","226","0","0","3.96","Adventure Quest 3D"
"Warin.Space","13616","Warin.Space","11880","3000","31","1","21","0","0","3.96","Warin.Space"
"Mechanika","13617","Mechanika","18240","4620","14","2","21","0","0","3.95","Mechanika"
"Fruit Ninja VR","13618","Fruit Ninja VR","4500","1140","17","2","37","0","0","3.95","Fruit Ninja VR"
"Alien Nations","13619","Alien Nations","4500","1140","13","1","4","0","0","3.95","Alien Nations"
"Nancy Drew Dossier: Resorting to Danger","13620","Nancy Drew Dossier: Resorting to Danger","4740","1200","8","1","4","0","0","3.95","Nancy Drew Dossier: Resorting to Danger"
"Unmechanical","13621","Unmechanical","153780","38940","296","3","178","0","0","3.95","Unmechanical"
"Montague's Mount","13622","Montague's Mount","17760","4500","73","1","20","0","0","3.95","Montague's Mount"
"Dora the Explorer: Dance to the Rescue","13623","Dora the Explorer: Dance to the Rescue","4500","1140","26","2","8","0","0","3.95","Dora the Explorer: Dance to the Rescue"
"Toradora! Portable","13624","Toradora! Portable","4020","1020","9","1","4","0","0","3.94","Toradora! Portable"
"Gears of War: Judgment","13625","Gears of War: Judgment","1521420","386460","4549","8","1916","2","0","3.94","Gears of War: Judgment"
"Nintendo World Championships 1990","13626","Nintendo World Championships 1990","12540","3180","106","1","17","0","0","3.94","Nintendo World Championships 1990"
"Heritage of Kings: The Settlers","13627","Heritage of Kings: The Settlers","3780","960","12","1","3","0","0","3.94","Heritage of Kings: The Settlers"
"Ibara","13628","Ibara","8280","2100","17","1","4","0","0","3.94","Ibara"
"Slam 'N Jam '95","13629","Slam 'N Jam '95","4260","1080","41","1","2","0","0","3.94","Slam 'N Jam '95"
"Oblitus","13630","Oblitus","3300","840","14","1","5","0","0","3.93","Oblitus"
"Zwei II","13631","Zwei II","23100","5880","56","1","8","0","0","3.93","Zwei II"
"Revenge of the Titans","13632","Revenge of the Titans","13200","3360","122","1","24","0","0","3.93","Revenge of the Titans"
"Command & Conquer: Red Alert - Retaliation","13633","Command & Conquer: Red Alert - Retaliation","6600","1680","57","1","12","0","0","3.93","Command & Conquer: Red Alert - Retaliation"
"H₂O","13634","H₂O","32040","8160","81","1","20","0","0","3.93","H₂O"
"Special Force","13635","Special Force","1281660","326280","782","7","334","2","0","3.93","Special Force"
"Command & Conquer: Red Alert - The Aftermath","13636","Command & Conquer: Red Alert - The Aftermath","10380","2640","46","1","13","0","0","3.93","Command & Conquer: Red Alert - The Aftermath"
"Major Mayhem","13637","Major Mayhem","3300","840","13","1","3","0","0","3.93","Major Mayhem"
"Red Dog: Superior Firepower","13638","Red Dog: Superior Firepower","3300","840","13","1","3","0","0","3.93","Red Dog: Superior Firepower"
"BeyBlade VForce: Super Tournament Battle","13639","BeyBlade VForce: Super Tournament Battle","8460","2160","25","1","15","0","0","3.92","BeyBlade VForce: Super Tournament Battle"
"Space Colony","13640","Space Colony","18600","4740","19","1","21","0","0","3.92","Space Colony"
"Youyou Kengeki Musou","13641","Youyou Kengeki Musou","13860","3540","31","2","13","0","0","3.92","Youyou Kengeki Musou"
"Music Maker","13642","Music Maker","140280","35760","712","3","136","0","0","3.92","Music Maker"
"The Bard's Tale","13643","The Bard's Tale","121920","31140","119","2","64","0","0","3.92","The Bard's Tale"
"Gungrave","13644","Gungrave","8700","2220","29","1","12","0","0","3.92","Gungrave"
"Copernicus","13645","Copernicus","3060","780","10","1","2","0","0","3.92","Copernicus"
"Programming","13646","Programming","2916960","743520","1866","20","1891","5","1","3.92","Programming"
"Darkstar One","13647","Darkstar One","22800","5820","75","2","17","0","0","3.92","Darkstar One"
"Starfighter","13648","Starfighter","2820","720","22","1","7","0","0","3.92","Starfighter"
"SimCity Social","13649","SimCity Social","3060","780","15","1","5","0","0","3.92","SimCity Social"
"8th Wonder of the World","13650","8th Wonder of the World","2820","720","12","1","3","0","0","3.92","8th Wonder of the World"
"Densetsu no Stafy 3","13651","Densetsu no Stafy 3","2580","660","11","1","1","0","0","3.91","Densetsu no Stafy 3"
"Brutal Nature","13652","Brutal Nature","2580","660","10","1","2","0","0","3.91","Brutal Nature"
"Tetris Evolution","13653","Tetris Evolution","11040","2820","14","1","4","0","0","3.91","Tetris Evolution"
"Infinity Blade III","13654","Infinity Blade III","5400","1380","10","1","7","0","0","3.91","Infinity Blade III"
"Growlanser IV: Wayfarer of Time Return","13655","Growlanser IV: Wayfarer of Time Return","7500","1920","9","1","3","0","0","3.91","Growlanser IV: Wayfarer of Time Return"
"NoLimits Roller Coaster Simulation","13656","NoLimits Roller Coaster Simulation","91800","23460","85","10","72","0","0","3.91","NoLimits Roller Coaster Simulation"
"Quake II Mission Pack: Ground Zero","13657","Quake II Mission Pack: Ground Zero","27180","6960","26","1","18","0","0","3.91","Quake II Mission Pack: Ground Zero"
"Advance Wars: Dual Strike","13658","Advance Wars: Dual Strike","74160","18960","42","2","31","0","0","3.91","Advance Wars: Dual Strike"
"Disney's Magical Mirror Starring Mickey Mouse","13659","Disney's Magical Mirror Starring Mickey Mouse","2580","660","15","1","6","0","0","3.91","Disney's Magical Mirror Starring Mickey Mouse"
"Spud's Quest","13660","Spud's Quest","2580","660","16","1","2","0","0","3.91","Spud's Quest"
"Gunblood","13661","Gunblood","2340","600","23","1","4","0","0","3.9","Gunblood"
"Warp","13662","Warp","33000","8460","52","1","17","0","0","3.9","Warp"
"Super Monkey Ball: Step & Roll","13663","Super Monkey Ball: Step & Roll","4920","1260","29","1","4","0","0","3.9","Super Monkey Ball: Step & Roll"
"Bloody Roar II","13664","Bloody Roar II","46320","11880","105","2","65","0","0","3.9","Bloody Roar II"
"de Blob","13665","de Blob","9600","2460","24","1","7","0","0","3.9","de Blob"
"Venetica","13666","Venetica","30420","7800","61","2","22","0","0","3.9","Venetica"
"Outland","13667","Outland","385080","98640","290","8","562","0","0","3.9","Outland"
"Dynasty Warriors 8: Xtreme Legends","13668","Dynasty Warriors 8: Xtreme Legends","659280","169200","335","4","451","1","0","3.9","Dynasty Warriors 8: Xtreme Legends"
"Harvest Moon DS Cute","13669","Harvest Moon DS Cute","14040","3600","26","1","11","0","0","3.9","Harvest Moon DS Cute"
"Vlad the Impaler","13670","Vlad the Impaler","7020","1800","19","1","11","0","0","3.9","Vlad the Impaler"
"Akira","13671","Akira","2340","600","10","1","3","0","0","3.9","Akira"
"Deep Black","13672","Deep Black","2340","600","35","1","3","0","0","3.9","Deep Black"
"Super Stardust HD","13673","Super Stardust HD","14040","3600","303","1","23","0","0","3.9","Super Stardust HD"
"Wayward Souls","13674","Wayward Souls","9840","2520","13","1","5","0","0","3.9","Wayward Souls"
"Guild of Heroes","13675","Guild of Heroes","2340","600","10","1","3","0","0","3.9","Guild of Heroes"
"Rolan's Curse","13676","Rolan's Curse","2340","600","9","1","4","0","0","3.9","Rolan's Curse"
"Breakers","13677","Breakers","11940","3060","13","1","4","0","0","3.9","Breakers"
"Heart of China","13678","Heart of China","2340","600","18","1","6","0","0","3.9","Heart of China"
"12","13679","12","23580","6060","150","1","39","0","0","3.89","12"
"DragonStrike","13680","DragonStrike","2100","540","9","1","4","0","0","3.89","DragonStrike"
"Alien Breed","13681","Alien Breed","19380","4980","77","1","24","0","0","3.89","Alien Breed"
"What Did I Do to Deserve This, My Lord?","13682","What Did I Do to Deserve This, My Lord?","32700","8400","171","2","11","0","0","3.89","What Did I Do to Deserve This, My Lord?"
"Nancy Drew: Secret of the Old Clock","13683","Nancy Drew: Secret of the Old Clock","13320","3420","14","1","11","0","0","3.89","Nancy Drew: Secret of the Old Clock"
"Raystorm","13684","Raystorm","6300","1620","31","1","11","0","0","3.89","Raystorm"
"SkiFree","13685","SkiFree","4440","1140","17","1","9","0","0","3.89","SkiFree"
"WWE 2K15","13686","WWE 2K15","2489040","639660","11991","11","3096","4","1","3.89","WWE 2K15"
"Gunpoint","13687","Gunpoint","205800","52860","115","3","288","0","0","3.89","Gunpoint"
"Rise of Nations","13688","Rise of Nations","209580","53940","549","3","242","0","0","3.89","Rise of Nations"
"The Legend of Zelda: Collector's Edition","13689","The Legend of Zelda: Collector's Edition","35460","9120","480","1","37","0","0","3.89","The Legend of Zelda: Collector's Edition"
"Big Rigs: Over the Road Racing","13690","Big Rigs: Over the Road Racing","37560","9660","87","2","27","0","0","3.89","Big Rigs: Over the Road Racing"
"Justin Bieber Revenge","13691","Justin Bieber Revenge","6300","1620","10","1","6","0","0","3.89","Justin Bieber Revenge"
"Sam & Max Save the World","13692","Sam & Max Save the World","30600","7860","86","2","18","0","0","3.89","Sam & Max Save the World"
"One Must Fall: 2097","13693","One Must Fall: 2097","17280","4440","36","2","27","0","0","3.89","One Must Fall: 2097"
"Shining Soul","13694","Shining Soul","24240","6240","22","2","9","0","0","3.88","Shining Soul"
"Evolution Worlds","13695","Evolution Worlds","45840","11820","156","2","26","0","0","3.88","Evolution Worlds"
"Might and Magic VI: The Mandate of Heaven","13696","Might and Magic VI: The Mandate of Heaven","187140","48180","214","3","62","0","0","3.88","Might and Magic VI: The Mandate of Heaven"
"UFC Undisputed 2010","13697","UFC Undisputed 2010","20940","5400","48","2","31","0","0","3.88","UFC Undisputed 2010"
"GunZ 2: The Second Duel","13698","GunZ 2: The Second Duel","264660","68160","1338","3","234","0","0","3.88","GunZ 2: The Second Duel"
"Juiced 2: Hot Import Nights","13699","Juiced 2: Hot Import Nights","16980","4380","20","2","16","0","0","3.88","Juiced 2: Hot Import Nights"
"The Last Remnant","13700","The Last Remnant","1159140","298440","405","6","572","2","0","3.88","The Last Remnant"