"","","Game","Watch time","Stream time","Peak viewers","Peak channels","Streamers","Average viewers","Average channels","Average viewer ratio",""
"NCAA Final Four 99","12001","NCAA Final Four 99","300","60","5","1","0","0","0","5","NCAA Final Four 99"
"Pixel Man","12002","Pixel Man","300","60","5","1","2","0","0","5","Pixel Man"
"maimai GreeN","12003","maimai GreeN","1800","360","14","1","1","0","0","5","maimai GreeN"
"RayXanbeR III","12004","RayXanbeR III","300","60","5","1","1","0","0","5","RayXanbeR III"
"Zettai Meikyuu Grimm: Nanatsu no Kagi to Rakuen no Otome","12005","Zettai Meikyuu Grimm: Nanatsu no Kagi to Rakuen no Otome","900","180","9","1","1","0","0","5","Zettai Meikyuu Grimm: Nanatsu no Kagi to Rakuen no Otome"
"NHL Powerplay '96","12006","NHL Powerplay '96","300","60","5","1","1","0","0","5","NHL Powerplay '96"
"E.T. The Extra-Terrestrial: Digital Companion","12007","E.T. The Extra-Terrestrial: Digital Companion","600","120","9","1","2","0","0","5","E.T. The Extra-Terrestrial: Digital Companion"
"SideQuest","12008","SideQuest","300","60","5","1","1","0","0","5","SideQuest"
"Lets Go Champ","12009","Lets Go Champ","3900","780","12","1","3","0","0","5","Lets Go Champ"
"Dracula in London","12010","Dracula in London","900","180","11","1","2","0","0","5","Dracula in London"
"Motor Mayhem","12011","Motor Mayhem","300","60","5","1","0","0","0","5","Motor Mayhem"
"Clover","12012","Clover","300","60","5","1","1","0","0","5","Clover"
"Lazlos' Leap","12013","Lazlos' Leap","300","60","5","1","1","0","0","5","Lazlos' Leap"
"Monster Max","12014","Monster Max","300","60","5","1","1","0","0","5","Monster Max"
"Graywalkers: Purgatory","12015","Graywalkers: Purgatory","300","60","5","1","1","0","0","5","Graywalkers: Purgatory"
"Blood of Bahamut","12016","Blood of Bahamut","1200","240","8","1","2","0","0","5","Blood of Bahamut"
"Astro Emporia","12017","Astro Emporia","300","60","6","1","0","0","0","5","Astro Emporia"
"A320 Airbus","12018","A320 Airbus","1500","300","9","1","1","0","0","5","A320 Airbus"
"Aegis Defenders","12019","Aegis Defenders","12000","2400","8","1","3","0","0","5","Aegis Defenders"
"March Madness '98","12020","March Madness '98","1500","300","11","1","1","0","0","5","March Madness '98"
"Wildlife Camp","12021","Wildlife Camp","5700","1140","13","1","2","0","0","5","Wildlife Camp"
"Singstar Legends","12022","Singstar Legends","900","180","9","1","1","0","0","5","Singstar Legends"
"CrimeWave","12023","CrimeWave","300","60","5","1","1","0","0","5","CrimeWave"
"Way to Go!","12024","Way to Go!","300","60","5","1","0","0","0","5","Way to Go!"
"Nightcaster: Defeat the Darkness","12025","Nightcaster: Defeat the Darkness","1200","240","10","1","1","0","0","5","Nightcaster: Defeat the Darkness"
"Dragon Throne: Battle of Red Cliffs","12026","Dragon Throne: Battle of Red Cliffs","300","60","5","1","0","0","0","5","Dragon Throne: Battle of Red Cliffs"
"Mechanical Violator Hakaider: Last Judgement","12027","Mechanical Violator Hakaider: Last Judgement","300","60","6","1","1","0","0","5","Mechanical Violator Hakaider: Last Judgement"
"4 Gewinnt","12028","4 Gewinnt","300","60","5","1","0","0","0","5","4 Gewinnt"
"Road Rage","12029","Road Rage","300","60","5","1","1","0","0","5","Road Rage"
"Zen Fish Simulator","12030","Zen Fish Simulator","300","60","5","1","0","0","0","5","Zen Fish Simulator"
"Meine Tierarztpraxis in Australien","12031","Meine Tierarztpraxis in Australien","300","60","5","1","0","0","0","5","Meine Tierarztpraxis in Australien"
"Mary-Kate and Ashley Pocket Planner","12032","Mary-Kate and Ashley Pocket Planner","600","120","6","1","1","0","0","5","Mary-Kate and Ashley Pocket Planner"
"Attack of the Creeps","12033","Attack of the Creeps","300","60","9","1","1","0","0","5","Attack of the Creeps"
"Picross e7","12034","Picross e7","2700","540","12","1","2","0","0","5","Picross e7"
"Airborne Troops: Countdown to D-Day","12035","Airborne Troops: Countdown to D-Day","600","120","7","1","1","0","0","5","Airborne Troops: Countdown to D-Day"
"beatmania IIDX 6th style","12036","beatmania IIDX 6th style","1200","240","14","1","1","0","0","5","beatmania IIDX 6th style"
"Friday Night Bullet Arena","12037","Friday Night Bullet Arena","300","60","6","1","1","0","0","5","Friday Night Bullet Arena"
"Oh No!","12038","Oh No!","300","60","5","1","0","0","0","5","Oh No!"
"Dash Galactic","12039","Dash Galactic","600","120","7","1","1","0","0","5","Dash Galactic"
"Head Shot Z","12040","Head Shot Z","300","60","5","1","0","0","0","5","Head Shot Z"
"The Getaway 3","12041","The Getaway 3","300","60","7","1","1","0","0","5","The Getaway 3"
"En-Eins Perfektewelt","12042","En-Eins Perfektewelt","600","120","10","1","1","0","0","5","En-Eins Perfektewelt"
"Withering Kingdom: Flurry Of Arrows","12043","Withering Kingdom: Flurry Of Arrows","600","120","9","1","1","0","0","5","Withering Kingdom: Flurry Of Arrows"
"Exception","12044","Exception","300","60","6","1","1","0","0","5","Exception"
"Doodle Army 2 : Mini Militia","12045","Doodle Army 2 : Mini Militia","300","60","5","1","0","0","0","5","Doodle Army 2 : Mini Militia"
"PaTaank","12046","PaTaank","300","60","5","1","0","0","0","5","PaTaank"
"Jack Nicklaus 6: Golden Bear Challenge","12047","Jack Nicklaus 6: Golden Bear Challenge","1800","360","19","1","3","0","0","5","Jack Nicklaus 6: Golden Bear Challenge"
"Cor Ex Machina","12048","Cor Ex Machina","300","60","6","1","1","0","0","5","Cor Ex Machina"
"Give It Up! 2","12049","Give It Up! 2","300","60","5","1","1","0","0","5","Give It Up! 2"
"Godzilla Generations","12050","Godzilla Generations","300","60","5","1","0","0","0","5","Godzilla Generations"
"Fox Sports Soccer '99","12051","Fox Sports Soccer '99","300","60","5","1","0","0","0","5","Fox Sports Soccer '99"
"Rolling Stones Voodoo Lounge CD-ROM","12052","Rolling Stones Voodoo Lounge CD-ROM","300","60","5","1","0","0","0","5","Rolling Stones Voodoo Lounge CD-ROM"
"Crazy Quiz","12053","Crazy Quiz","300","60","5","1","0","0","0","5","Crazy Quiz"
"Math Gran Prix","12054","Math Gran Prix","300","60","5","1","0","0","0","5","Math Gran Prix"
"Maximum Action","12055","Maximum Action","300","60","5","1","0","0","0","5","Maximum Action"
"God of Word","12056","God of Word","300","60","5","1","1","0","0","5","God of Word"
"Disney's The Lion King 1 ½","12057","Disney's The Lion King 1 ½","600","120","5","1","0","0","0","5","Disney's The Lion King 1 ½"
"Where in America's Past is Carmen Sandiego?","12058","Where in America's Past is Carmen Sandiego?","900","180","7","1","1","0","0","5","Where in America's Past is Carmen Sandiego?"
"Zombie Zone","12059","Zombie Zone","2400","480","10","1","1","0","0","5","Zombie Zone"
"Mercy","12060","Mercy","2700","540","22","1","2","0","0","5","Mercy"
"Long Life","12061","Long Life","300","60","5","1","1","0","0","5","Long Life"
"Mirai Nikki: The 13th Diary Holder","12062","Mirai Nikki: The 13th Diary Holder","600","120","6","1","1","0","0","5","Mirai Nikki: The 13th Diary Holder"
"Where in Europe is Carmen Sandiego?","12063","Where in Europe is Carmen Sandiego?","300","60","9","1","1","0","0","5","Where in Europe is Carmen Sandiego?"
"Atari Greatest Hits: Volume 1","12064","Atari Greatest Hits: Volume 1","300","60","5","1","1","0","0","5","Atari Greatest Hits: Volume 1"
"Tank Racer","12065","Tank Racer","300","60","7","1","1","0","0","5","Tank Racer"
"Pitman","12066","Pitman","300","60","5","1","0","0","0","5","Pitman"
"Kingdom O' Magic","12067","Kingdom O' Magic","300","60","8","1","1","0","0","5","Kingdom O' Magic"
"Skateboard Madness Xtreme Edition","12068","Skateboard Madness Xtreme Edition","600","120","10","1","0","0","0","5","Skateboard Madness Xtreme Edition"
"The Next Tetris: Online Edition","12069","The Next Tetris: Online Edition","1500","300","11","1","3","0","0","5","The Next Tetris: Online Edition"
"Life of George","12070","Life of George","300","60","5","1","0","0","0","5","Life of George"
"TanZen","12071","TanZen","300","60","10","1","1","0","0","5","TanZen"
"Hanagumi Taisen Columns 2","12072","Hanagumi Taisen Columns 2","300","60","6","1","1","0","0","5","Hanagumi Taisen Columns 2"
"Criminal Minds","12073","Criminal Minds","300","60","5","1","1","0","0","5","Criminal Minds"
"Cyklus","12074","Cyklus","1200","240","9","1","1","0","0","5","Cyklus"
"Shining Blade","12075","Shining Blade","900","180","8","1","3","0","0","5","Shining Blade"
"Bowling 3D","12076","Bowling 3D","300","60","5","1","0","0","0","5","Bowling 3D"
"Another Century's Episode","12077","Another Century's Episode","600","120","6","1","1","0","0","5","Another Century's Episode"
"Schoolyard Slaughter","12078","Schoolyard Slaughter","300","60","7","1","1","0","0","5","Schoolyard Slaughter"
"Tom and Jerry in Mouse Attacks","12079","Tom and Jerry in Mouse Attacks","600","120","6","1","1","0","0","5","Tom and Jerry in Mouse Attacks"
"Lightning","12080","Lightning","600","120","7","1","1","0","0","5","Lightning"
"Sister Princess","12081","Sister Princess","300","60","7","1","1","0","0","5","Sister Princess"
"Sakura Taisen Steam Radio Show","12082","Sakura Taisen Steam Radio Show","1200","240","8","1","2","0","0","5","Sakura Taisen Steam Radio Show"
"Elevator Action Old & New","12083","Elevator Action Old & New","900","180","6","1","1","0","0","5","Elevator Action Old & New"
"Live Wire!","12084","Live Wire!","3900","780","29","1","2","0","0","5","Live Wire!"
"Bird & Beans","12085","Bird & Beans","1200","240","6","1","1","0","0","5","Bird & Beans"
"Shrek Game Land Activity Center","12086","Shrek Game Land Activity Center","300","60","5","1","1","0","0","5","Shrek Game Land Activity Center"
"Bass Landing","12087","Bass Landing","1500","300","10","1","2","0","0","5","Bass Landing"
"Burrito Bison: Launcha Libre","12088","Burrito Bison: Launcha Libre","900","180","6","1","2","0","0","5","Burrito Bison: Launcha Libre"
"Super Island God VR","12089","Super Island God VR","600","120","5","1","1","0","0","5","Super Island God VR"
"Fire Emblem: Fuuin no Tsurugi","12090","Fire Emblem: Fuuin no Tsurugi","406140","81420","76","3","128","0","0","4.99","Fire Emblem: Fuuin no Tsurugi"
"S.K.I.L.L.: Special Force 2","12091","S.K.I.L.L.: Special Force 2","5889240","1179420","2084","17","3691","11","2","4.99","S.K.I.L.L.: Special Force 2"
"Star Wars: Galaxies - An Empire Divided","12092","Star Wars: Galaxies - An Empire Divided","576180","115560","554","4","173","1","0","4.99","Star Wars: Galaxies - An Empire Divided"
"Binary Domain","12093","Binary Domain","446220","89400","428","5","286","0","0","4.99","Binary Domain"
"Trolls","12094","Trolls","23640","4740","78","2","24","0","0","4.99","Trolls"
"The Sandman","12095","The Sandman","39480","7920","41","1","28","0","0","4.98","The Sandman"
"Whirl Tour","12096","Whirl Tour","26580","5340","163","1","5","0","0","4.98","Whirl Tour"
"Hogs of War","12097","Hogs of War","111240","22320","183","2","69","0","0","4.98","Hogs of War"
"DC Universe Online","12098","DC Universe Online","52180140","10492320","5917","153","23377","99","19","4.97","DC Universe Online"
"Assetto Corsa","12099","Assetto Corsa","11095500","2232660","2923","71","5318","21","4","4.97","Assetto Corsa"
"Minimum","12100","Minimum","52740","10620","230","2","66","0","0","4.97","Minimum"