"","","Game","Watch time","Stream time","Peak viewers","Peak channels","Streamers","Average viewers","Average channels","Average viewer ratio",""
"The Misadventures of Tron Bonne","7601","The Misadventures of Tron Bonne","163080","14400","634","2","38","0","0","11.33","The Misadventures of Tron Bonne"
"Forsaken","7602","Forsaken","24480","2160","126","1","13","0","0","11.33","Forsaken"
"Haxball","7603","Haxball","1111860","98100","1233","4","343","2","0","11.33","Haxball"
"MegaMari","7604","MegaMari","182640","16140","178","2","37","0","0","11.32","MegaMari"
"Isolated Warrior","7605","Isolated Warrior","12900","1140","32","1","7","0","0","11.32","Isolated Warrior"
"Shogo: Mobile Armor Division","7606","Shogo: Mobile Armor Division","78060","6900","125","2","21","0","0","11.31","Shogo: Mobile Armor Division"
"Call of Duty: Black Ops","7607","Call of Duty: Black Ops","60764040","5375100","8719","175","14023","115","10","11.3","Call of Duty: Black Ops"
"Alice: Madness Returns","7608","Alice: Madness Returns","9114840","806580","1800","10","2439","17","1","11.3","Alice: Madness Returns"
"Rune Factory: Frontier","7609","Rune Factory: Frontier","493560","43680","934","2","46","0","0","11.3","Rune Factory: Frontier"
"Ashes of the Singularity","7610","Ashes of the Singularity","1521420","134580","2806","7","390","2","0","11.3","Ashes of the Singularity"
"Castelian","7611","Castelian","6780","600","25","1","2","0","0","11.3","Castelian"
"Black Rose Valkyrie","7612","Black Rose Valkyrie","227160","20100","63","3","72","0","0","11.3","Black Rose Valkyrie"
"Call of the Starseed","7613","Call of the Starseed","65700","5820","206","2","36","0","0","11.29","Call of the Starseed"
"Power Strike II","7614","Power Strike II","4740","420","31","1","3","0","0","11.29","Power Strike II"
"Super Magnetic Neo","7615","Super Magnetic Neo","23040","2040","127","1","9","0","0","11.29","Super Magnetic Neo"
"The Train: Escape to Normandy","7616","The Train: Escape to Normandy","34560","3060","184","1","24","0","0","11.29","The Train: Escape to Normandy"
"Star Wars: Battlefront","7617","Star Wars: Battlefront","897240","79500","3673","6","99460","1","0","11.29","Star Wars: Battlefront"
"Agar.io","7618","Agar.io","80340720","7113180","6655","77","18620","152","13","11.29","Agar.io"
"Mount & Blade: Warband","7619","Mount & Blade: Warband","29046000","2572200","10127","37","7705","55","4","11.29","Mount & Blade: Warband"
"Phantom Brave: We Meet Again","7620","Phantom Brave: We Meet Again","61620","5460","41","2","7","0","0","11.29","Phantom Brave: We Meet Again"
"Hot Date","7621","Hot Date","142140","12600","1418","2","30","0","0","11.28","Hot Date"
"Contrast","7622","Contrast","1220040","108180","635","4","497","2","0","11.28","Contrast"
"Door Kickers","7623","Door Kickers","863340","76620","1692","3","432","1","0","11.27","Door Kickers"
"Mr. Bree+","7624","Mr. Bree+","7440","660","75","1","3","0","0","11.27","Mr. Bree+"
"Amazon Trail 3rd Edition","7625","Amazon Trail 3rd Edition","7440","660","42","1","6","0","0","11.27","Amazon Trail 3rd Edition"
"Silkworm","7626","Silkworm","15540","1380","49","1","5","0","0","11.26","Silkworm"
"M.U.S.H.A.","7627","M.U.S.H.A.","43860","3900","163","2","21","0","0","11.25","M.U.S.H.A."
"Planet Minigolf","7628","Planet Minigolf","13500","1200","48","1","4","0","0","11.25","Planet Minigolf"
"TankZone Battle","7629","TankZone Battle","2700","240","32","1","2","0","0","11.25","TankZone Battle"
"SD Gundam G Generation World","7630","SD Gundam G Generation World","16200","1440","76","1","6","0","0","11.25","SD Gundam G Generation World"
"Riven: The Sequel to Myst","7631","Riven: The Sequel to Myst","382680","34020","178","2","73","0","0","11.25","Riven: The Sequel to Myst"
"Arcus 1-2-3","7632","Arcus 1-2-3","2700","240","22","1","1","0","0","11.25","Arcus 1-2-3"
"Barrier Reef","7633","Barrier Reef","2700","240","38","1","0","0","0","11.25","Barrier Reef"
"Arm Wrestling","7634","Arm Wrestling","33720","3000","93","1","6","0","0","11.24","Arm Wrestling"
"Kane & Lynch: Dead Men","7635","Kane & Lynch: Dead Men","145620","12960","675","2","56","0","0","11.24","Kane & Lynch: Dead Men"
"Zynga Poker","7636","Zynga Poker","295440","26280","2743","3","85","0","0","11.24","Zynga Poker"
"Hyperdimension Neptunia: Producing Perfection","7637","Hyperdimension Neptunia: Producing Perfection","16860","1500","40","1","5","0","0","11.24","Hyperdimension Neptunia: Producing Perfection"
"Monkey Pirates","7638","Monkey Pirates","8760","780","67","1","5","0","0","11.23","Monkey Pirates"
"Stacking","7639","Stacking","214920","19140","317","2","77","0","0","11.23","Stacking"
"Star Trek 25th Anniversary","7640","Star Trek 25th Anniversary","80100","7140","143","3","26","0","0","11.22","Star Trek 25th Anniversary"
"Looney Tunes B-Ball","7641","Looney Tunes B-Ball","22200","1980","89","1","14","0","0","11.21","Looney Tunes B-Ball"
"Total War: Attila","7642","Total War: Attila","7440840","663660","724","11","1439","14","1","11.21","Total War: Attila"
"Devil May Cry 4 refrain","7643","Devil May Cry 4 refrain","3360","300","23","1","1","0","0","11.2","Devil May Cry 4 refrain"
"Crow","7644","Crow","3360","300","28","1","3","0","0","11.2","Crow"
"Kromaia","7645","Kromaia","23520","2100","105","1","11","0","0","11.2","Kromaia"
"Frozen State","7646","Frozen State","212400","18960","1159","3","90","0","0","11.2","Frozen State"
"Wild Arms 4","7647","Wild Arms 4","159840","14280","227","2","12","0","0","11.19","Wild Arms 4"
"Bomberman","7648","Bomberman","193920","17340","630","2","85","0","0","11.18","Bomberman"
"Freelancer","7649","Freelancer","1003740","89820","3391","3","212","1","0","11.18","Freelancer"
"Broken Sword II: The Smoking Mirror - Remastered","7650","Broken Sword II: The Smoking Mirror - Remastered","79860","7140","311","1","26","0","0","11.18","Broken Sword II: The Smoking Mirror - Remastered"
"Young Justice: Legacy","7651","Young Justice: Legacy","23460","2100","231","1","9","0","0","11.17","Young Justice: Legacy"
"Shin Nekketsu Kouha Kunio-kun: Kunio-tachi no Banka","7652","Shin Nekketsu Kouha Kunio-kun: Kunio-tachi no Banka","4020","360","66","1","3","0","0","11.17","Shin Nekketsu Kouha Kunio-kun: Kunio-tachi no Banka"
"Bleach: Heat the Soul","7653","Bleach: Heat the Soul","4020","360","64","1","3","0","0","11.17","Bleach: Heat the Soul"
"Air Ranger: Rescue Helicopter","7654","Air Ranger: Rescue Helicopter","4020","360","16","1","1","0","0","11.17","Air Ranger: Rescue Helicopter"
"LYDIA: SWEET DREAMS","7655","LYDIA: SWEET DREAMS","4020","360","38","1","3","0","0","11.17","LYDIA: SWEET DREAMS"
"Sherlock Holmes Consulting Detective: Volume III","7656","Sherlock Holmes Consulting Detective: Volume III","4020","360","21","1","2","0","0","11.17","Sherlock Holmes Consulting Detective: Volume III"
"Eisenhorn: XENOS","7657","Eisenhorn: XENOS","76320","6840","323","2","37","0","0","11.16","Eisenhorn: XENOS"
"'n Verlore Verstand","7658","'n Verlore Verstand","16740","1500","121","2","8","0","0","11.16","'n Verlore Verstand"
"The Legendary Starfy","7659","The Legendary Starfy","53580","4800","80","2","10","0","0","11.16","The Legendary Starfy"
"Wario Land II","7660","Wario Land II","271920","24360","516","4","65","0","0","11.16","Wario Land II"
"SteamWorld Dig","7661","SteamWorld Dig","1007400","90360","1520","3","341","1","0","11.15","SteamWorld Dig"
"Phantasy Star Online: Blue Burst","7662","Phantasy Star Online: Blue Burst","3103380","278220","4906","6","409","5","0","11.15","Phantasy Star Online: Blue Burst"
"Incredible Crisis","7663","Incredible Crisis","56220","5040","80","1","34","0","0","11.15","Incredible Crisis"
"The Chronicles of Riddick: Escape from Butcher Bay","7664","The Chronicles of Riddick: Escape from Butcher Bay","372480","33420","2389","2","84","0","0","11.15","The Chronicles of Riddick: Escape from Butcher Bay"
"Jackie Chan Stuntmaster","7665","Jackie Chan Stuntmaster","168420","15120","241","2","57","0","0","11.14","Jackie Chan Stuntmaster"
"Dragon's Lair","7666","Dragon's Lair","169740","15240","521","3","98","0","0","11.14","Dragon's Lair"
"Ready 2 Rumble Boxing: Round 2","7667","Ready 2 Rumble Boxing: Round 2","34080","3060","266","1","18","0","0","11.14","Ready 2 Rumble Boxing: Round 2"
"Streets of Rage 3","7668","Streets of Rage 3","394800","35460","870","2","132","0","0","11.13","Streets of Rage 3"
"Lucius II","7669","Lucius II","774900","69660","929","4","296","1","0","11.12","Lucius II"
"Killer7","7670","Killer7","624360","56160","3615","3","113","1","0","11.12","Killer7"
"Crash Nitro Kart","7671","Crash Nitro Kart","190140","17100","847","2","61","0","0","11.12","Crash Nitro Kart"
"Gloria Victis","7672","Gloria Victis","2532420","227820","26371","14","568","4","0","11.12","Gloria Victis"
"Luxuria Superbia","7673","Luxuria Superbia","6000","540","82","1","3","0","0","11.11","Luxuria Superbia"
"Phantom Breaker: Battle Grounds","7674","Phantom Breaker: Battle Grounds","682020","61380","7413","4","346","1","0","11.11","Phantom Breaker: Battle Grounds"
"Wrecking Crew","7675","Wrecking Crew","929280","83640","801","2","14","1","0","11.11","Wrecking Crew"
"Metal Gear Online","7676","Metal Gear Online","3033780","273120","20107","17","901","5","0","11.11","Metal Gear Online"
"Racecraft","7677","Racecraft","18660","1680","326","1","5","0","0","11.11","Racecraft"
"Toby: The Secret Mine","7678","Toby: The Secret Mine","135960","12240","424","2","72","0","0","11.11","Toby: The Secret Mine"
"Landmark","7679","Landmark","2342280","210960","656","7","176","4","0","11.1","Landmark"
"Chasm: The Rift","7680","Chasm: The Rift","13980","1260","40","1","5","0","0","11.1","Chasm: The Rift"
"Letter Drop","7681","Letter Drop","6660","600","26","1","3","0","0","11.1","Letter Drop"
"Shooting Love, 200X","7682","Shooting Love, 200X","21960","1980","89","2","8","0","0","11.09","Shooting Love, 200X"
"Vegas Dream","7683","Vegas Dream","7320","660","17","1","4","0","0","11.09","Vegas Dream"
"Hyper Void","7684","Hyper Void","354060","31920","522","4","230","0","0","11.09","Hyper Void"
"Helldivers","7685","Helldivers","8228400","741720","31371","24","9948","15","1","11.09","Helldivers"
"Bunny Must Die","7686","Bunny Must Die","250680","22620","435","2","57","0","0","11.08","Bunny Must Die"
"The Dating Game","7687","The Dating Game","15960","1440","30","1","2","0","0","11.08","The Dating Game"
"Ripper","7688","Ripper","55860","5040","29","1","7","0","0","11.08","Ripper"
"The Jetsons: Invasion of the Planet Pirates","7689","The Jetsons: Invasion of the Planet Pirates","9300","840","20","1","2","0","0","11.07","The Jetsons: Invasion of the Planet Pirates"
"Golden Sun","7690","Golden Sun","2801220","253080","1255","5","454","5","0","11.07","Golden Sun"
"Gex","7691","Gex","151320","13680","102","2","48","0","0","11.06","Gex"
"Fossil Fighters: Champions","7692","Fossil Fighters: Champions","21240","1920","141","2","7","0","0","11.06","Fossil Fighters: Champions"
"Reversion - The Escape","7693","Reversion - The Escape","11280","1020","72","1","6","0","0","11.06","Reversion - The Escape"
"Loren The Amazon Princess","7694","Loren The Amazon Princess","29160","2640","100","1","8","0","0","11.05","Loren The Amazon Princess"
"Fester's Quest","7695","Fester's Quest","95460","8640","162","2","31","0","0","11.05","Fester's Quest"
"Renegade","7696","Renegade","183720","16620","354","4","47","0","0","11.05","Renegade"
"Fear Equation","7697","Fear Equation","86160","7800","190","2","36","0","0","11.05","Fear Equation"
"King's Bounty: Crossworlds","7698","King's Bounty: Crossworlds","385440","34920","186","3","23","0","0","11.04","King's Bounty: Crossworlds"
"The Witcher","7699","The Witcher","14966340","1356960","4765","19","3402","28","2","11.03","The Witcher"
"Batman Arkham City Lockdown","7700","Batman Arkham City Lockdown","485760","44040","2216","2","181","0","0","11.03","Batman Arkham City Lockdown"