"","","Game","Watch time","Stream time","Peak viewers","Peak channels","Streamers","Average viewers","Average channels","Average viewer ratio",""
"Colin McRae Rally 2.0","10401","Colin McRae Rally 2.0","45000","6900","143","1","33","0","0","6.52","Colin McRae Rally 2.0"
"Death to Spies","10402","Death to Spies","77400","11880","205","2","39","0","0","6.52","Death to Spies"
"Guild Wars","10403","Guild Wars","3598860","551700","1437","11","712","6","1","6.52","Guild Wars"
"Star Fox 2","10404","Star Fox 2","64800","9960","124","2","53","0","0","6.51","Star Fox 2"
"The House of the Dead: OVERKILL","10405","The House of the Dead: OVERKILL","62100","9540","173","2","47","0","0","6.51","The House of the Dead: OVERKILL"
"Legacy of Kain: Blood Omen 2","10406","Legacy of Kain: Blood Omen 2","164940","25320","111","2","46","0","0","6.51","Legacy of Kain: Blood Omen 2"
"Fight Night Round 4","10407","Fight Night Round 4","38280","5880","58","1","11","0","0","6.51","Fight Night Round 4"
"Wizard","10408","Wizard","1560","240","10","1","1","0","0","6.5","Wizard"
"Monster Rancher Hop-A-Bout","10409","Monster Rancher Hop-A-Bout","69840","10740","45","5","15","0","0","6.5","Monster Rancher Hop-A-Bout"
"Chrono Wars","10410","Chrono Wars","1560","240","9","1","1","0","0","6.5","Chrono Wars"
"Gallop Racer 2004","10411","Gallop Racer 2004","780","120","8","1","1","0","0","6.5","Gallop Racer 2004"
"King Arthur & the Knights of Justice","10412","King Arthur & the Knights of Justice","780","120","8","1","1","0","0","6.5","King Arthur & the Knights of Justice"
"Devilian","10413","Devilian","5323980","819420","1302","38","1697","10","1","6.5","Devilian"
"Xevious","10414","Xevious","3900","600","18","1","3","0","0","6.5","Xevious"
"Mickey's Crossword Puzzle Maker","10415","Mickey's Crossword Puzzle Maker","780","120","8","1","1","0","0","6.5","Mickey's Crossword Puzzle Maker"
"Football Tactics","10416","Football Tactics","104520","16080","193","4","37","0","0","6.5","Football Tactics"
"Crossroad Crisis","10417","Crossroad Crisis","1560","240","10","1","1","0","0","6.5","Crossroad Crisis"
"Creepers","10418","Creepers","3120","480","23","1","2","0","0","6.5","Creepers"
"ToeJam & Earl in Panic on Funkotron","10419","ToeJam & Earl in Panic on Funkotron","52260","8040","83","2","38","0","0","6.5","ToeJam & Earl in Panic on Funkotron"
"Barn Yarn","10420","Barn Yarn","780","120","9","1","1","0","0","6.5","Barn Yarn"
"Welcome House 2: Keaton and His Uncle","10421","Welcome House 2: Keaton and His Uncle","780","120","8","1","1","0","0","6.5","Welcome House 2: Keaton and His Uncle"
"ComixPlay #1: The Endless Incident","10422","ComixPlay #1: The Endless Incident","780","120","8","1","1","0","0","6.5","ComixPlay #1: The Endless Incident"
"Pastfinder","10423","Pastfinder","780","120","7","1","1","0","0","6.5","Pastfinder"
"Miko gakkou monogatari: Sanae episode","10424","Miko gakkou monogatari: Sanae episode","2340","360","11","1","1","0","0","6.5","Miko gakkou monogatari: Sanae episode"
"Fighting Mania: Fist of the North Star","10425","Fighting Mania: Fist of the North Star","780","120","10","1","1","0","0","6.5","Fighting Mania: Fist of the North Star"
"Starfall Online","10426","Starfall Online","31980","4920","39","3","5","0","0","6.5","Starfall Online"
"Face Raiders","10427","Face Raiders","780","120","17","1","1","0","0","6.5","Face Raiders"
"Monaco GP","10428","Monaco GP","1560","240","12","1","1","0","0","6.5","Monaco GP"
"Gigablast","10429","Gigablast","780","120","9","1","1","0","0","6.5","Gigablast"
"Justice League: Heroes United","10430","Justice League: Heroes United","780","120","14","1","1","0","0","6.5","Justice League: Heroes United"
"NBA Jam 2002","10431","NBA Jam 2002","780","120","8","1","1","0","0","6.5","NBA Jam 2002"
"Mystery of the Lost Temples","10432","Mystery of the Lost Temples","780","120","9","1","2","0","0","6.5","Mystery of the Lost Temples"
"Moto Racer 3","10433","Moto Racer 3","780","120","14","1","2","0","0","6.5","Moto Racer 3"
"Glacier 2","10434","Glacier 2","1560","240","10","1","1","0","0","6.5","Glacier 2"
"Bakumatsu Rock","10435","Bakumatsu Rock","1560","240","10","1","1","0","0","6.5","Bakumatsu Rock"
"Surgical Strike","10436","Surgical Strike","1560","240","10","1","1","0","0","6.5","Surgical Strike"
"Shin Megami Tensei Trading Card: Card Summoner","10437","Shin Megami Tensei Trading Card: Card Summoner","780","120","9","1","1","0","0","6.5","Shin Megami Tensei Trading Card: Card Summoner"
"Questprobe Featuring Spider-Man","10438","Questprobe Featuring Spider-Man","1560","240","10","1","1","0","0","6.5","Questprobe Featuring Spider-Man"
"Madness Accelerant","10439","Madness Accelerant","780","120","7","1","1","0","0","6.5","Madness Accelerant"
"Alien Tequila","10440","Alien Tequila","780","120","13","1","0","0","0","6.5","Alien Tequila"
"Moon Strike","10441","Moon Strike","780","120","8","1","1","0","0","6.5","Moon Strike"
"Sam & Max Episode 301: The Penal Zone","10442","Sam & Max Episode 301: The Penal Zone","73980","11400","97","2","52","0","0","6.49","Sam & Max Episode 301: The Penal Zone"
"Garshasp: The Monster Slayer","10443","Garshasp: The Monster Slayer","24540","3780","79","1","8","0","0","6.49","Garshasp: The Monster Slayer"
"Entropia Universe","10444","Entropia Universe","10442940","1609860","144","23","704","19","3","6.49","Entropia Universe"
"beatmania IIDX 14 GOLD","10445","beatmania IIDX 14 GOLD","17520","2700","51","1","11","0","0","6.49","beatmania IIDX 14 GOLD"
"High School Dreams","10446","High School Dreams","28020","4320","128","1","8","0","0","6.49","High School Dreams"
"Town & Country Surf Designs: Wood & Water Rage","10447","Town & Country Surf Designs: Wood & Water Rage","21780","3360","76","1","9","0","0","6.48","Town & Country Surf Designs: Wood & Water Rage"
"The Legend of Heroes: Trails in the Sky the 3rd","10448","The Legend of Heroes: Trails in the Sky the 3rd","55980","8640","36","1","6","0","0","6.48","The Legend of Heroes: Trails in the Sky the 3rd"
"Analogue: A Hate Story","10449","Analogue: A Hate Story","34980","5400","239","1","30","0","0","6.48","Analogue: A Hate Story"
"Rayman Origins","10450","Rayman Origins","1267620","195660","784","9","1161","2","0","6.48","Rayman Origins"
"A Kiss for the Petals: Remembering How we Met","10451","A Kiss for the Petals: Remembering How we Met","18660","2880","20","1","13","0","0","6.48","A Kiss for the Petals: Remembering How we Met"
"Bakushou!! Jinsei Gekijou","10452","Bakushou!! Jinsei Gekijou","18240","2820","17","1","1","0","0","6.47","Bakushou!! Jinsei Gekijou"
"Charlie Murder","10453","Charlie Murder","13200","2040","72","1","9","0","0","6.47","Charlie Murder"
"Dragon Warrior Monsters","10454","Dragon Warrior Monsters","246240","38040","90","2","46","0","0","6.47","Dragon Warrior Monsters"
"Pump It Up!","10455","Pump It Up!","129240","19980","451","2","34","0","0","6.47","Pump It Up!"
"Tales of Innocence R","10456","Tales of Innocence R","19800","3060","20","1","7","0","0","6.47","Tales of Innocence R"
"JoJo no Kimyo na Boken: Stardust Shooters","10457","JoJo no Kimyo na Boken: Stardust Shooters","5820","900","28","1","5","0","0","6.47","JoJo no Kimyo na Boken: Stardust Shooters"
"Taboo: The Sixth Sense","10458","Taboo: The Sixth Sense","5820","900","29","1","5","0","0","6.47","Taboo: The Sixth Sense"
"Tom Mason's Dinosaurs for Hire","10459","Tom Mason's Dinosaurs for Hire","7380","1140","17","1","6","0","0","6.47","Tom Mason's Dinosaurs for Hire"
"Princess Maker","10460","Princess Maker","14340","2220","76","1","12","0","0","6.46","Princess Maker"
"Black Sails: Das Geisterschiff","10461","Black Sails: Das Geisterschiff","18600","2880","26","1","13","0","0","6.46","Black Sails: Das Geisterschiff"
"Consortium","10462","Consortium","108360","16800","210","4","100","0","0","6.45","Consortium"
"Penny Arcade's On the Rain-Slick Precipice of Darkness 3","10463","Penny Arcade's On the Rain-Slick Precipice of Darkness 3","41040","6360","56","1","13","0","0","6.45","Penny Arcade's On the Rain-Slick Precipice of Darkness 3"
"Just Dance 3","10464","Just Dance 3","44520","6900","48","2","35","0","0","6.45","Just Dance 3"
"Beyond Divinity","10465","Beyond Divinity","18960","2940","27","1","9","0","0","6.45","Beyond Divinity"
"Magic: The Gathering - Battlegrounds","10466","Magic: The Gathering - Battlegrounds","6960","1080","36","1","7","0","0","6.44","Magic: The Gathering - Battlegrounds"
"Fisherman's Bait 2: Big Ol' Bass","10467","Fisherman's Bait 2: Big Ol' Bass","3480","540","29","1","2","0","0","6.44","Fisherman's Bait 2: Big Ol' Bass"
"THE iDOLM@STER: Live For You!","10468","THE iDOLM@STER: Live For You!","6960","1080","65","1","5","0","0","6.44","THE iDOLM@STER: Live For You!"
"Nekro","10469","Nekro","6180","960","29","1","7","0","0","6.44","Nekro"
"Grim Tales: The Legacy","10470","Grim Tales: The Legacy","24720","3840","82","1","9","0","0","6.44","Grim Tales: The Legacy"
"Baseball Mogul","10471","Baseball Mogul","5400","840","20","1","2","0","0","6.43","Baseball Mogul"
"Dick Tracy","10472","Dick Tracy","44340","6900","72","1","20","0","0","6.43","Dick Tracy"
"The Da Vinci Code","10473","The Da Vinci Code","13500","2100","19","1","10","0","0","6.43","The Da Vinci Code"
"Earth Defense Force: Insect Armageddon","10474","Earth Defense Force: Insect Armageddon","127020","19740","970","3","70","0","0","6.43","Earth Defense Force: Insect Armageddon"
"Warhammer 40,000: Dawn of War - Soulstorm","10475","Warhammer 40,000: Dawn of War - Soulstorm","1714500","266700","636","5","592","3","0","6.43","Warhammer 40,000: Dawn of War - Soulstorm"
"Wild Arms 2","10476","Wild Arms 2","216540","33660","31","3","33","0","0","6.43","Wild Arms 2"
"Bust-A-Move","10477","Bust-A-Move","121200","18840","456","3","36","0","0","6.43","Bust-A-Move"
"NHL 16","10478","NHL 16","64587420","10059600","10387","139","24440","122","19","6.42","NHL 16"
"The Room Three","10479","The Room Three","63960","9960","52","2","40","0","0","6.42","The Room Three"
"Unearned Bounty","10480","Unearned Bounty","10020","1560","48","2","13","0","0","6.42","Unearned Bounty"
"Borderlands 3","10481","Borderlands 3","20760","3240","15","1","8","0","0","6.41","Borderlands 3"
"Anarchy Reigns","10482","Anarchy Reigns","129600","20220","60","2","31","0","0","6.41","Anarchy Reigns"
"Halo 3: ODST","10483","Halo 3: ODST","220020","34320","357","3","99","0","0","6.41","Halo 3: ODST"
"Final Fight 2","10484","Final Fight 2","65340","10200","205","2","48","0","0","6.41","Final Fight 2"
"Lost Dimension","10485","Lost Dimension","149520","23340","721","2","31","0","0","6.41","Lost Dimension"
"Bio Menace","10486","Bio Menace","26160","4080","69","1","16","0","0","6.41","Bio Menace"
"MegaSphere","10487","MegaSphere","28860","4500","92","1","24","0","0","6.41","MegaSphere"
"Mystery Case Files: MillionHeir","10488","Mystery Case Files: MillionHeir","1920","300","13","1","3","0","0","6.4","Mystery Case Files: MillionHeir"
"Queen's Gate: Spiral Chaos","10489","Queen's Gate: Spiral Chaos","1920","300","15","1","2","0","0","6.4","Queen's Gate: Spiral Chaos"
"Tetris with Cardcaptor Sakura: Eternal Heart","10490","Tetris with Cardcaptor Sakura: Eternal Heart","16500","2580","23","1","4","0","0","6.4","Tetris with Cardcaptor Sakura: Eternal Heart"
"Girlish Grimoire Littlewitch Romanesque","10491","Girlish Grimoire Littlewitch Romanesque","1920","300","8","1","1","0","0","6.4","Girlish Grimoire Littlewitch Romanesque"
"Dino Rex","10492","Dino Rex","1920","300","12","1","3","0","0","6.4","Dino Rex"
"lilt line","10493","lilt line","1920","300","12","1","1","0","0","6.4","lilt line"
"Monster Hunter Freedom Unite","10494","Monster Hunter Freedom Unite","1628880","254640","182","5","436","3","0","6.4","Monster Hunter Freedom Unite"
"Touhou 12.8 - Fairy Wars","10495","Touhou 12.8 - Fairy Wars","22260","3480","111","1","23","0","0","6.4","Touhou 12.8 - Fairy Wars"
"Mystery of the Ancients: Mudwater Creek","10496","Mystery of the Ancients: Mudwater Creek","1920","300","27","1","2","0","0","6.4","Mystery of the Ancients: Mudwater Creek"
"8BitBoy","10497","8BitBoy","69120","10800","112","2","74","0","0","6.4","8BitBoy"
"The Adventures of Pinocchio","10498","The Adventures of Pinocchio","5760","900","21","1","3","0","0","6.4","The Adventures of Pinocchio"
"Cooking Mama World: Hobbies & Fun","10499","Cooking Mama World: Hobbies & Fun","1920","300","13","1","2","0","0","6.4","Cooking Mama World: Hobbies & Fun"
"IL-2 Sturmovik: 1946","10500","IL-2 Sturmovik: 1946","73980","11580","969","2","49","0","0","6.39","IL-2 Sturmovik: 1946"