"","","Game","Watch time","Stream time","Peak viewers","Peak channels","Streamers","Average viewers","Average channels","Average viewer ratio",""
"The Dark Eye: Demonicon","11301","The Dark Eye: Demonicon","5040","900","11","2","4","0","0","5.6","The Dark Eye: Demonicon"
"AKB1/48: Idol to Guam to Koishitara...","11302","AKB1/48: Idol to Guam to Koishitara...","1680","300","11","1","1","0","0","5.6","AKB1/48: Idol to Guam to Koishitara..."
"Fire and Forget","11303","Fire and Forget","1680","300","10","1","1","0","0","5.6","Fire and Forget"
"Bubsy In: Fractured Furry Tales","11304","Bubsy In: Fractured Furry Tales","5700","1020","30","1","11","0","0","5.59","Bubsy In: Fractured Furry Tales"
"Dark Fall: The Journal","11305","Dark Fall: The Journal","33180","5940","38","2","14","0","0","5.59","Dark Fall: The Journal"
"Christmas NiGHTS into Dreams...","11306","Christmas NiGHTS into Dreams...","12420","2220","26","3","16","0","0","5.59","Christmas NiGHTS into Dreams..."
"Boom Blox","11307","Boom Blox","9060","1620","24","1","11","0","0","5.59","Boom Blox"
"The King of Fighters 2002: Challenge to Ultimate Battle","11308","The King of Fighters 2002: Challenge to Ultimate Battle","223860","40080","339","3","76","0","0","5.59","The King of Fighters 2002: Challenge to Ultimate Battle"
"The Legend of Spyro: A New Beginning","11309","The Legend of Spyro: A New Beginning","77460","13860","77","2","46","0","0","5.59","The Legend of Spyro: A New Beginning"
"Vectorman","11310","Vectorman","61080","10920","382","2","70","0","0","5.59","Vectorman"
"The Bug Butcher","11311","The Bug Butcher","43260","7740","210","2","77","0","0","5.59","The Bug Butcher"
"Odin Sphere Leifthrasir","11312","Odin Sphere Leifthrasir","9907020","1770780","6833","76","4304","18","3","5.59","Odin Sphere Leifthrasir"
"Inversus","11313","Inversus","56940","10200","101","3","55","0","0","5.58","Inversus"
"GooCubelets","11314","GooCubelets","12720","2280","121","1","22","0","0","5.58","GooCubelets"
"Hunter: The Reckoning","11315","Hunter: The Reckoning","12060","2160","25","1","12","0","0","5.58","Hunter: The Reckoning"
"Natural Doctrine","11316","Natural Doctrine","207780","37260","927","3","89","0","0","5.58","Natural Doctrine"
"Gran Turismo 5","11317","Gran Turismo 5","114420","20520","55","2","58","0","0","5.58","Gran Turismo 5"
"Peter Pan in Disney's Return to Neverland","11318","Peter Pan in Disney's Return to Neverland","4020","720","19","1","4","0","0","5.58","Peter Pan in Disney's Return to Neverland"
"Tales of Monkey Island Chapter 3: Lair of the Leviathan","11319","Tales of Monkey Island Chapter 3: Lair of the Leviathan","40440","7260","41","1","26","0","0","5.57","Tales of Monkey Island Chapter 3: Lair of the Leviathan"
"Widget","11320","Widget","4680","840","22","3","7","0","0","5.57","Widget"
"3SwitcheD","11321","3SwitcheD","2340","420","22","1","3","0","0","5.57","3SwitcheD"
"Dragon Blade: Wrath of Fire","11322","Dragon Blade: Wrath of Fire","2340","420","10","1","3","0","0","5.57","Dragon Blade: Wrath of Fire"
"Convoy","11323","Convoy","177780","31920","155","3","115","0","0","5.57","Convoy"
"World in Conflict: Soviet Assault","11324","World in Conflict: Soviet Assault","106680","19140","85","2","69","0","0","5.57","World in Conflict: Soviet Assault"
"Need for Speed: The Run","11325","Need for Speed: The Run","417360","74880","737","3","314","0","0","5.57","Need for Speed: The Run"
"Wonder Momo","11326","Wonder Momo","2340","420","37","1","4","0","0","5.57","Wonder Momo"
"RollerCoaster Tycoon 3: Soaked!","11327","RollerCoaster Tycoon 3: Soaked!","45780","8220","93","2","39","0","0","5.57","RollerCoaster Tycoon 3: Soaked!"
"Monster World IV","11328","Monster World IV","62460","11220","96","2","29","0","0","5.57","Monster World IV"
"Tom Clancy's Splinter Cell: Chaos Theory","11329","Tom Clancy's Splinter Cell: Chaos Theory","516780","92940","542","5","309","0","0","5.56","Tom Clancy's Splinter Cell: Chaos Theory"
"From The Depths","11330","From The Depths","1490580","268140","633","6","400","2","0","5.56","From The Depths"
"Lost: Via Domus","11331","Lost: Via Domus","49680","8940","53","2","18","0","0","5.56","Lost: Via Domus"
"An Imp? A Fiend!","11332","An Imp? A Fiend!","3000","540","11","1","3","0","0","5.56","An Imp? A Fiend!"
"Codingame.com","11333","Codingame.com","25680","4620","55","2","14","0","0","5.56","Codingame.com"
"Worm.is","11334","Worm.is","291840","52620","504","4","400","0","0","5.55","Worm.is"
"Pokémon Team Turbo","11335","Pokémon Team Turbo","7320","1320","38","1","5","0","0","5.55","Pokémon Team Turbo"
"Star Wars Battlefront","11336","Star Wars Battlefront","162225840","29253300","35256","322","10365","307","55","5.55","Star Wars Battlefront"
"Star Wars: Knights of the Old Republic II - The Sith Lords","11337","Star Wars: Knights of the Old Republic II - The Sith Lords","2389740","430860","482","11","1065","4","0","5.55","Star Wars: Knights of the Old Republic II - The Sith Lords"
"Need for Speed Underground 2","11338","Need for Speed Underground 2","1538880","277080","2662","5","1097","2","0","5.55","Need for Speed Underground 2"
"Sword Art Online: Hollow Fragment","11339","Sword Art Online: Hollow Fragment","583320","105060","420","4","2399","1","0","5.55","Sword Art Online: Hollow Fragment"
"Dino D-Day","11340","Dino D-Day","419400","75600","570","5","431","0","0","5.55","Dino D-Day"
"Elite Beat Agents","11341","Elite Beat Agents","24960","4500","49","1","28","0","0","5.55","Elite Beat Agents"
"Harvest Moon: Another Wonderful Life","11342","Harvest Moon: Another Wonderful Life","32640","5880","22","2","19","0","0","5.55","Harvest Moon: Another Wonderful Life"
"SWAT 3: Close Quarters Battle","11343","SWAT 3: Close Quarters Battle","9660","1740","63","1","13","0","0","5.55","SWAT 3: Close Quarters Battle"
"Sudeki","11344","Sudeki","141960","25560","365","3","58","0","0","5.55","Sudeki"
"Disciples II: Dark Prophecy","11345","Disciples II: Dark Prophecy","225120","40560","559","2","26","0","0","5.55","Disciples II: Dark Prophecy"
"Blur","11346","Blur","214980","38820","269","3","135","0","0","5.54","Blur"
"Etrian Odyssey II: Heroes of Lagaard","11347","Etrian Odyssey II: Heroes of Lagaard","51900","9360","45","1","10","0","0","5.54","Etrian Odyssey II: Heroes of Lagaard"
"Gensokyo no Nazo","11348","Gensokyo no Nazo","168420","30420","663","3","11","0","0","5.54","Gensokyo no Nazo"
"Dead or Alive 5 Ultimate","11349","Dead or Alive 5 Ultimate","66180","11940","475","2","34","0","0","5.54","Dead or Alive 5 Ultimate"
"Gauntlet: Dark Legacy","11350","Gauntlet: Dark Legacy","233100","42060","346","2","159","0","0","5.54","Gauntlet: Dark Legacy"
"Burnout Paradise","11351","Burnout Paradise","1690860","305340","2238","28","2194","3","0","5.54","Burnout Paradise"
"Craft The World","11352","Craft The World","1466040","264600","782","7","725","2","0","5.54","Craft The World"
"Star Stealing Prince","11353","Star Stealing Prince","4320","780","10","1","2","0","0","5.54","Star Stealing Prince"
"Rise of the Dragon","11354","Rise of the Dragon","23580","4260","37","1","7","0","0","5.54","Rise of the Dragon"
"The Grim Adventures of Billy & Mandy","11355","The Grim Adventures of Billy & Mandy","4320","780","38","3","6","0","0","5.54","The Grim Adventures of Billy & Mandy"
"Record of Lodoss War","11356","Record of Lodoss War","26280","4740","116","1","11","0","0","5.54","Record of Lodoss War"
"Dub Dash","11357","Dub Dash","23280","4200","288","1","34","0","0","5.54","Dub Dash"
"Bubble Shooter! Tournaments","11358","Bubble Shooter! Tournaments","49740","9000","193","2","9","0","0","5.53","Bubble Shooter! Tournaments"
"Spyro: Attack of the Rhynocs","11359","Spyro: Attack of the Rhynocs","5640","1020","67","1","4","0","0","5.53","Spyro: Attack of the Rhynocs"
"Quasar","11360","Quasar","4980","900","39","2","2","0","0","5.53","Quasar"
"Die Hard","11361","Die Hard","69060","12480","156","2","23","0","0","5.53","Die Hard"
"Ultima IX: Ascension","11362","Ultima IX: Ascension","25860","4680","178","1","8","0","0","5.53","Ultima IX: Ascension"
"Dino Crisis 3","11363","Dino Crisis 3","16260","2940","36","1","5","0","0","5.53","Dino Crisis 3"
"Allods Online","11364","Allods Online","2593620","468960","1345","9","671","4","0","5.53","Allods Online"
"Shadowbane","11365","Shadowbane","28860","5220","53","2","6","0","0","5.53","Shadowbane"
"Risen 3: Titan Lords","11366","Risen 3: Titan Lords","529020","95640","3257","5","197","1","0","5.53","Risen 3: Titan Lords"
"Naruto Gekitou Ninja Taisen 4","11367","Naruto Gekitou Ninja Taisen 4","49980","9060","100","1","38","0","0","5.52","Naruto Gekitou Ninja Taisen 4"
"Camera Obscura","11368","Camera Obscura","92760","16800","921","2","75","0","0","5.52","Camera Obscura"
"Bonk's Revenge","11369","Bonk's Revenge","17880","3240","40","1","16","0","0","5.52","Bonk's Revenge"
"From Dust","11370","From Dust","125160","22680","592","3","109","0","0","5.52","From Dust"
"Trivial Pursuit Live!","11371","Trivial Pursuit Live!","677640","122700","1291","4","664","1","0","5.52","Trivial Pursuit Live!"
"Harvest Moon: Magical Melody","11372","Harvest Moon: Magical Melody","133440","24180","44","2","75","0","0","5.52","Harvest Moon: Magical Melody"
"Panzer Corps","11373","Panzer Corps","89760","16260","83","2","20","0","0","5.52","Panzer Corps"
"Thomas Was Alone","11374","Thomas Was Alone","561600","101700","608","5","526","1","0","5.52","Thomas Was Alone"
"Into the Void","11375","Into the Void","8280","1500","17","2","6","0","0","5.52","Into the Void"
"Recursion Deluxe","11376","Recursion Deluxe","27180","4920","32","2","26","0","0","5.52","Recursion Deluxe"
"Dreamland","11377","Dreamland","60480","10980","32","1","5","0","0","5.51","Dreamland"
"Goblins Quest 3","11378","Goblins Quest 3","13560","2460","23","1","10","0","0","5.51","Goblins Quest 3"
"Half-Life 2: Episode Three","11379","Half-Life 2: Episode Three","35700","6480","234","2","31","0","0","5.51","Half-Life 2: Episode Three"
"Custom Robo","11380","Custom Robo","398940","72360","604","6","136","0","0","5.51","Custom Robo"
"Full Mojo Rampage","11381","Full Mojo Rampage","292080","52980","907","4","220","0","0","5.51","Full Mojo Rampage"
"Metal Arms: Glitch in the System","11382","Metal Arms: Glitch in the System","156120","28320","269","2","32","0","0","5.51","Metal Arms: Glitch in the System"
"Vampires Dawn 2: Ancient Blood","11383","Vampires Dawn 2: Ancient Blood","37020","6720","111","1","11","0","0","5.51","Vampires Dawn 2: Ancient Blood"
"Command & Conquer: Tiberian Sun","11384","Command & Conquer: Tiberian Sun","259800","47160","2116","3","72","0","0","5.51","Command & Conquer: Tiberian Sun"
"Neverwinter Nights: Hordes of the Underdark","11385","Neverwinter Nights: Hordes of the Underdark","50940","9240","107","2","16","0","0","5.51","Neverwinter Nights: Hordes of the Underdark"
"Fantasy Fest!","11386","Fantasy Fest!","660","120","8","1","1","0","0","5.5","Fantasy Fest!"
"Karaoke Revolution Party","11387","Karaoke Revolution Party","3300","600","19","1","6","0","0","5.5","Karaoke Revolution Party"
"The Ninja","11388","The Ninja","11220","2040","31","3","6","0","0","5.5","The Ninja"
"LEGO Star Wars: Microfighters","11389","LEGO Star Wars: Microfighters","660","120","11","1","2","0","0","5.5","LEGO Star Wars: Microfighters"
"Minigolf The Game","11390","Minigolf The Game","40620","7380","84","2","38","0","0","5.5","Minigolf The Game"
"Tidalis","11391","Tidalis","1980","360","11","1","3","0","0","5.5","Tidalis"
"The Urbz: Sims in the City","11392","The Urbz: Sims in the City","71280","12960","165","1","42","0","0","5.5","The Urbz: Sims in the City"
"Gravity Ghost","11393","Gravity Ghost","17160","3120","57","2","18","0","0","5.5","Gravity Ghost"
"Cannon Brawl","11394","Cannon Brawl","74280","13500","181","2","71","0","0","5.5","Cannon Brawl"
"Tales of Maj'Eyal","11395","Tales of Maj'Eyal","781680","142200","192","9","228","1","0","5.5","Tales of Maj'Eyal"
"Obscure: Dark Aura","11396","Obscure: Dark Aura","4620","840","16","1","4","0","0","5.5","Obscure: Dark Aura"
"Boss!","11397","Boss!","660","120","6","1","2","0","0","5.5","Boss!"
"Pro Evolution Soccer Management","11398","Pro Evolution Soccer Management","660","120","7","1","1","0","0","5.5","Pro Evolution Soccer Management"
"WWF Betrayal","11399","WWF Betrayal","4620","840","52","1","5","0","0","5.5","WWF Betrayal"
"ReBoot","11400","ReBoot","1980","360","11","1","3","0","0","5.5","ReBoot"