"","","Game","Watch time","Stream time","Peak viewers","Peak channels","Streamers","Average viewers","Average channels","Average viewer ratio",""
"46 Okunen Monogatari: The Shinka Ron","9501","46 Okunen Monogatari: The Shinka Ron","22560","2940","92","5","8","0","0","7.67","46 Okunen Monogatari: The Shinka Ron"
"Sesame Street: Countdown","9502","Sesame Street: Countdown","1380","180","11","1","1","0","0","7.67","Sesame Street: Countdown"
"Droids","9503","Droids","1380","180","9","1","1","0","0","7.67","Droids"
"Momotarou Densetsu","9504","Momotarou Densetsu","4140","540","18","1","2","0","0","7.67","Momotarou Densetsu"
"Ultimate Solid","9505","Ultimate Solid","1380","180","14","1","1","0","0","7.67","Ultimate Solid"
"PANIC at Multiverse High!","9506","PANIC at Multiverse High!","1380","180","9","1","1","0","0","7.67","PANIC at Multiverse High!"
"Disposable Hero","9507","Disposable Hero","1380","180","10","1","1","0","0","7.67","Disposable Hero"
"Phase Paradox","9508","Phase Paradox","1380","180","12","1","1","0","0","7.67","Phase Paradox"
"Digimon Universe: Appli Monsters","9509","Digimon Universe: Appli Monsters","6900","900","15","1","1","0","0","7.67","Digimon Universe: Appli Monsters"
"Dragon Rage","9510","Dragon Rage","18840","2460","62","2","19","0","0","7.66","Dragon Rage"
"Myst IV: Revelation","9511","Myst IV: Revelation","124560","16260","55","2","24","0","0","7.66","Myst IV: Revelation"
"Ryse: Son of Rome","9512","Ryse: Son of Rome","6136200","800940","13637","16","4278","11","1","7.66","Ryse: Son of Rome"
"Mega Man Legacy Collection","9513","Mega Man Legacy Collection","6879240","897540","5390","13","4019","13","1","7.66","Mega Man Legacy Collection"
"GunLord","9514","GunLord","24780","3240","20","1","4","0","0","7.65","GunLord"
"Fishing Planet","9515","Fishing Planet","9956520","1300740","5317","16","2143","18","2","7.65","Fishing Planet"
"Donkey Kong Jr. Math","9516","Donkey Kong Jr. Math","10560","1380","50","1","5","0","0","7.65","Donkey Kong Jr. Math"
"Donkey Kong","9517","Donkey Kong","4010580","524580","5229","11","336","7","0","7.65","Donkey Kong"
"Final Fantasy XI Online: Wings of the Goddess","9518","Final Fantasy XI Online: Wings of the Goddess","155220","20280","117","3","73","0","0","7.65","Final Fantasy XI Online: Wings of the Goddess"
"Sword of Mana","9519","Sword of Mana","185820","24300","195","2","45","0","0","7.65","Sword of Mana"
"Kill to Collect","9520","Kill to Collect","222960","29160","596","4","105","0","0","7.65","Kill to Collect"
"Metal Assault","9521","Metal Assault","166560","21780","705","3","68","0","0","7.65","Metal Assault"
"Empire: Total War","9522","Empire: Total War","1270080","166140","542","4","497","2","0","7.64","Empire: Total War"
"Wave Race 64","9523","Wave Race 64","475920","62280","1198","4","104","0","0","7.64","Wave Race 64"
"Fairy Fencer F: Advent Dark Force","9524","Fairy Fencer F: Advent Dark Force","664620","87000","461","8","511","1","0","7.64","Fairy Fencer F: Advent Dark Force"
"Best of Best","9525","Best of Best","10080","1320","35","1","7","0","0","7.64","Best of Best"
"Party Central","9526","Party Central","3660","480","17","1","4","0","0","7.63","Party Central"
"The Wonderful 101","9527","The Wonderful 101","364800","47820","1493","3","95","0","0","7.63","The Wonderful 101"
"Verdun","9528","Verdun","4611240","604620","11652","24","2952","8","1","7.63","Verdun"
"James Cameron's Dark Angel","9529","James Cameron's Dark Angel","3660","480","21","1","3","0","0","7.63","James Cameron's Dark Angel"
"Kismet","9530","Kismet","5940","780","55","1","6","0","0","7.62","Kismet"
"Simple Planes","9531","Simple Planes","51180","6720","633","2","110","0","0","7.62","Simple Planes"
"Zoo Tycoon","9532","Zoo Tycoon","815160","107040","2091","4","541","1","0","7.62","Zoo Tycoon"
"Red Orchestra 2: Heroes of Stalingrad","9533","Red Orchestra 2: Heroes of Stalingrad","2941260","386100","9997","6","1655","5","0","7.62","Red Orchestra 2: Heroes of Stalingrad"
"Toy Story 2: Buzz Lightyear to the Rescue!","9534","Toy Story 2: Buzz Lightyear to the Rescue!","822060","107940","595","5","107","1","0","7.62","Toy Story 2: Buzz Lightyear to the Rescue!"
"Unreal II: The Awakening","9535","Unreal II: The Awakening","118440","15540","291","2","39","0","0","7.62","Unreal II: The Awakening"
"Bomberman Tournament","9536","Bomberman Tournament","83700","10980","67","2","22","0","0","7.62","Bomberman Tournament"
"Darkness Within: In Pursuit of Loath Nolder","9537","Darkness Within: In Pursuit of Loath Nolder","207240","27240","70","2","90","0","0","7.61","Darkness Within: In Pursuit of Loath Nolder"
"Grandia III","9538","Grandia III","251100","33000","153","2","39","0","0","7.61","Grandia III"
"Soldier of Fortune: Payback","9539","Soldier of Fortune: Payback","16440","2160","41","1","10","0","0","7.61","Soldier of Fortune: Payback"
"Double Dragon Neon","9540","Double Dragon Neon","512460","67320","890","3","378","0","0","7.61","Double Dragon Neon"
"Keith Courage in Alpha Zones","9541","Keith Courage in Alpha Zones","8220","1080","93","1","10","0","0","7.61","Keith Courage in Alpha Zones"
"Salmon Ninja","9542","Salmon Ninja","36540","4800","82","2","6","0","0","7.61","Salmon Ninja"
"Duke Nukem Advance","9543","Duke Nukem Advance","8220","1080","28","1","4","0","0","7.61","Duke Nukem Advance"
"Bratz Kidz: Slumber Party","9544","Bratz Kidz: Slumber Party","2280","300","26","1","2","0","0","7.6","Bratz Kidz: Slumber Party"
"Hebereke's Popoon","9545","Hebereke's Popoon","2280","300","10","1","1","0","0","7.6","Hebereke's Popoon"
"Merlin Racing","9546","Merlin Racing","2280","300","20","1","2","0","0","7.6","Merlin Racing"
"Mark McMorris Infinite Air","9547","Mark McMorris Infinite Air","576060","75840","3701","8","203","1","0","7.6","Mark McMorris Infinite Air"
"Choplifter III","9548","Choplifter III","6840","900","58","1","4","0","0","7.6","Choplifter III"
"Traysia","9549","Traysia","9120","1200","24","1","2","0","0","7.6","Traysia"
"The Terminator: Future Shock","9550","The Terminator: Future Shock","21420","2820","22","1","3","0","0","7.6","The Terminator: Future Shock"
"Gauntlet","9551","Gauntlet","2662140","350400","1583","13","4361","5","0","7.6","Gauntlet"
"TrackMania","9552","TrackMania","282840","37200","355","3","216","0","0","7.6","TrackMania"
"Dragon Ball Z: Infinite World","9553","Dragon Ball Z: Infinite World","26460","3480","142","1","27","0","0","7.6","Dragon Ball Z: Infinite World"
"Rainbow Islands","9554","Rainbow Islands","47880","6300","78","2","21","0","0","7.6","Rainbow Islands"
"Quake 4","9555","Quake 4","457800","60300","987","2","173","0","0","7.59","Quake 4"
"Spring","9556","Spring","18660","2460","174","2","4","0","0","7.59","Spring"
"Initial D","9557","Initial D","54180","7140","118","3","27","0","0","7.59","Initial D"
"Jack Bros.","9558","Jack Bros.","18660","2460","44","3","16","0","0","7.59","Jack Bros."
"Franchise Hockey Manager 2014","9559","Franchise Hockey Manager 2014","11820","1560","59","1","4","0","0","7.58","Franchise Hockey Manager 2014"
"Commandos: Behind Enemy Lines","9560","Commandos: Behind Enemy Lines","270300","35640","474","3","82","0","0","7.58","Commandos: Behind Enemy Lines"
"Rocksmith 2014","9561","Rocksmith 2014","12222420","1612620","7766","15","3506","23","3","7.58","Rocksmith 2014"
"Castlevania: Lords of Shadow 2","9562","Castlevania: Lords of Shadow 2","1101120","145320","409","3","320","2","0","7.58","Castlevania: Lords of Shadow 2"
"Dramatical Murder","9563","Dramatical Murder","3180","420","14","2","2","0","0","7.57","Dramatical Murder"
"The Four Kings Casino & Slots","9564","The Four Kings Casino & Slots","671280","88680","1770","3","2963","1","0","7.57","The Four Kings Casino & Slots"
"Richard Burns Rally","9565","Richard Burns Rally","260640","34440","313","3","66","0","0","7.57","Richard Burns Rally"
"Sports Party","9566","Sports Party","10440","1380","132","1","6","0","0","7.57","Sports Party"
"Quiet, Please","9567","Quiet, Please","3180","420","10","1","1","0","0","7.57","Quiet, Please"
"The King of Fighters XII","9568","The King of Fighters XII","35880","4740","266","1","12","0","0","7.57","The King of Fighters XII"
"Edge of Twilight","9569","Edge of Twilight","3180","420","30","1","3","0","0","7.57","Edge of Twilight"
"Stable Orbit","9570","Stable Orbit","3180","420","14","1","4","0","0","7.57","Stable Orbit"
"Kosodate Quiz: My Angel","9571","Kosodate Quiz: My Angel","3180","420","10","1","1","0","0","7.57","Kosodate Quiz: My Angel"
"Pandora Saga: Weapons of Balance","9572","Pandora Saga: Weapons of Balance","14520","1920","27","2","4","0","0","7.56","Pandora Saga: Weapons of Balance"
"Toilet Kids","9573","Toilet Kids","4080","540","26","1","5","0","0","7.56","Toilet Kids"
"Final Fight: Streetwise","9574","Final Fight: Streetwise","17700","2340","33","1","9","0","0","7.56","Final Fight: Streetwise"
"Sinistar","9575","Sinistar","4080","540","18","1","2","0","0","7.56","Sinistar"
"Kings and Legends","9576","Kings and Legends","8160","1080","78","1","3","0","0","7.56","Kings and Legends"
"Emergency 4: Global Fighters for Life","9577","Emergency 4: Global Fighters for Life","687720","90960","1453","4","237","1","0","7.56","Emergency 4: Global Fighters for Life"
"Flockers","9578","Flockers","53460","7080","193","1","32","0","0","7.55","Flockers"
"Painkiller: Battle Out of Hell","9579","Painkiller: Battle Out of Hell","74700","9900","237","1","41","0","0","7.55","Painkiller: Battle Out of Hell"
"F-Zero: Maximum Velocity","9580","F-Zero: Maximum Velocity","9060","1200","47","1","9","0","0","7.55","F-Zero: Maximum Velocity"
"Light Crusader","9581","Light Crusader","55200","7320","48","1","21","0","0","7.54","Light Crusader"
"Resident Evil Portable","9582","Resident Evil Portable","5880","780","23","1","5","0","0","7.54","Resident Evil Portable"
"WWF Super Wrestlemania","9583","WWF Super Wrestlemania","5880","780","82","1","7","0","0","7.54","WWF Super Wrestlemania"
"KKND2: Krossfire","9584","KKND2: Krossfire","10860","1440","30","1","8","0","0","7.54","KKND2: Krossfire"
"Lumines: Puzzle Fusion","9585","Lumines: Puzzle Fusion","17640","2340","270","1","13","0","0","7.54","Lumines: Puzzle Fusion"
"Steins;Gate 0","9586","Steins;Gate 0","516480","68460","294","6","138","0","0","7.54","Steins;Gate 0"
"Super Mutant Alien Assault","9587","Super Mutant Alien Assault","79560","10560","154","3","58","0","0","7.53","Super Mutant Alien Assault"
"Riding Star","9588","Riding Star","6780","900","19","1","8","0","0","7.53","Riding Star"
"Hospital Tycoon","9589","Hospital Tycoon","55560","7380","216","1","48","0","0","7.53","Hospital Tycoon"
"Fable III","9590","Fable III","4327200","574680","1389","9","2370","8","1","7.53","Fable III"
"Castlevania: Curse of Darkness","9591","Castlevania: Curse of Darkness","341520","45360","181","3","68","0","0","7.53","Castlevania: Curse of Darkness"
"Puzzle Monster Quest","9592","Puzzle Monster Quest","110220","14640","41","3","10","0","0","7.53","Puzzle Monster Quest"
"Franchise Hockey Manager 3","9593","Franchise Hockey Manager 3","13080","1740","29","1","3","0","0","7.52","Franchise Hockey Manager 3"
"The Powder Toy","9594","The Powder Toy","31140","4140","177","2","33","0","0","7.52","The Powder Toy"
"Nagano Winter Olympics '98","9595","Nagano Winter Olympics '98","11280","1500","22","1","6","0","0","7.52","Nagano Winter Olympics '98"
"Ryu ga Gotoku Ishin!","9596","Ryu ga Gotoku Ishin!","215340","28620","652","2","32","0","0","7.52","Ryu ga Gotoku Ishin!"
"Enigmatis: The Ghosts Of Maple Creek","9597","Enigmatis: The Ghosts Of Maple Creek","306780","40860","188","7","121","0","0","7.51","Enigmatis: The Ghosts Of Maple Creek"
"Call of Juarez: The Cartel","9598","Call of Juarez: The Cartel","87300","11640","240","3","35","0","0","7.5","Call of Juarez: The Cartel"
"Bomberman Collection","9599","Bomberman Collection","4500","600","15","1","2","0","0","7.5","Bomberman Collection"
"Inside the Gear","9600","Inside the Gear","1800","240","11","1","2","0","0","7.5","Inside the Gear"