"","","Game","Watch time","Stream time","Peak viewers","Peak channels","Streamers","Average viewers","Average channels","Average viewer ratio",""
"Acaratus","7001","Acaratus","14100","1080","35","1","4","0","0","13.06","Acaratus"
"Pink Goes to Hollywood","7002","Pink Goes to Hollywood","28980","2220","77","2","9","0","0","13.05","Pink Goes to Hollywood"
"AR-K","7003","AR-K","39900","3060","89","1","24","0","0","13.04","AR-K"
"Etrian Odyssey 2 Untold: The Fafnir Knight","7004","Etrian Odyssey 2 Untold: The Fafnir Knight","152520","11700","85","2","14","0","0","13.04","Etrian Odyssey 2 Untold: The Fafnir Knight"
"Phoenix Wright: Ace Attorney Trilogy","7005","Phoenix Wright: Ace Attorney Trilogy","474300","36360","106","3","51","0","0","13.04","Phoenix Wright: Ace Attorney Trilogy"
"Nancy Drew: Message in a Haunted Mansion","7006","Nancy Drew: Message in a Haunted Mansion","44580","3420","170","1","15","0","0","13.04","Nancy Drew: Message in a Haunted Mansion"
"Pit-Fighter","7007","Pit-Fighter","19560","1500","77","1","9","0","0","13.04","Pit-Fighter"
"Planet Centauri","7008","Planet Centauri","519720","39900","1504","6","139","0","0","13.03","Planet Centauri"
"Dragon Ball Z: Budokai","7009","Dragon Ball Z: Budokai","241500","18540","259","2","81","0","0","13.03","Dragon Ball Z: Budokai"
"Bomberman 64: The Second Attack","7010","Bomberman 64: The Second Attack","250800","19260","195","2","21","0","0","13.02","Bomberman 64: The Second Attack"
"The Black Mirror","7011","The Black Mirror","211680","16260","61","1","21","0","0","13.02","The Black Mirror"
"Call of Cthulhu: Shadow of the Comet","7012","Call of Cthulhu: Shadow of the Comet","108540","8340","84","2","26","0","0","13.01","Call of Cthulhu: Shadow of the Comet"
"Psychonauts","7013","Psychonauts","5042820","387600","9316","8","1482","9","0","13.01","Psychonauts"
"Mickey Mouse","7014","Mickey Mouse","31200","2400","124","1","16","0","0","13","Mickey Mouse"
"Mass Destruction","7015","Mass Destruction","780","60","13","1","1","0","0","13","Mass Destruction"
"The Adventures of Fatman: Toxic Revenge","7016","The Adventures of Fatman: Toxic Revenge","3900","300","25","1","2","0","0","13","The Adventures of Fatman: Toxic Revenge"
"So Blonde","7017","So Blonde","3900","300","30","1","2","0","0","13","So Blonde"
"Th3 Plan","7018","Th3 Plan","780","60","13","1","1","0","0","13","Th3 Plan"
"Yo! Joe! Beat the Ghosts","7019","Yo! Joe! Beat the Ghosts","780","60","13","1","1","0","0","13","Yo! Joe! Beat the Ghosts"
"Battle Rampage","7020","Battle Rampage","780","60","13","1","0","0","0","13","Battle Rampage"
"Odell Lake","7021","Odell Lake","780","60","13","1","1","0","0","13","Odell Lake"
"Puzzle Station","7022","Puzzle Station","2340","180","18","1","1","0","0","13","Puzzle Station"
"CHEXS","7023","CHEXS","780","60","14","1","1","0","0","13","CHEXS"
"Magical Girl Lyrical Nanoha A's Portable: The Battle of Aces","7024","Magical Girl Lyrical Nanoha A's Portable: The Battle of Aces","780","60","14","1","1","0","0","13","Magical Girl Lyrical Nanoha A's Portable: The Battle of Aces"
"BaraBariBall","7025","BaraBariBall","1560","120","32","1","1","0","0","13","BaraBariBall"
"Ape Out","7026","Ape Out","1560","120","21","1","1","0","0","13","Ape Out"
"Culpa Innata","7027","Culpa Innata","2340","180","19","1","1","0","0","13","Culpa Innata"
"Ratatouille","7028","Ratatouille","127080","9780","686","3","35","0","0","12.99","Ratatouille"
"New Super Mario Bros. Wii","7029","New Super Mario Bros. Wii","3273780","252000","1452","7","546","6","0","12.99","New Super Mario Bros. Wii"
"Nancy Drew: The Captive Curse","7030","Nancy Drew: The Captive Curse","137820","10620","243","1","22","0","0","12.98","Nancy Drew: The Captive Curse"
"Hatsune Miku: Project Diva X","7031","Hatsune Miku: Project Diva X","8265360","636720","5844","57","2102","15","1","12.98","Hatsune Miku: Project Diva X"
"Piglet's Big Game","7032","Piglet's Big Game","23340","1800","57","1","7","0","0","12.97","Piglet's Big Game"
"The Wolf Among Us","7033","The Wolf Among Us","31913460","2460120","13348","120","10232","60","4","12.97","The Wolf Among Us"
"Wario Land: Super Mario Land 3","7034","Wario Land: Super Mario Land 3","383580","29580","548","4","105","0","0","12.97","Wario Land: Super Mario Land 3"
"Serious Sam: The First Encounter","7035","Serious Sam: The First Encounter","1560180","120360","2511","5","505","2","0","12.96","Serious Sam: The First Encounter"
"LEGO Harry Potter Collection","7036","LEGO Harry Potter Collection","85560","6600","405","3","251","0","0","12.96","LEGO Harry Potter Collection"
"Shin Megami Tensei IV","7037","Shin Megami Tensei IV","496320","38340","1115","3","37","0","0","12.95","Shin Megami Tensei IV"
"Rugrats: Search for Reptar","7038","Rugrats: Search for Reptar","173220","13380","570","3","67","0","0","12.95","Rugrats: Search for Reptar"
"Ribbit King","7039","Ribbit King","115020","8880","471","2","33","0","0","12.95","Ribbit King"
"Grim Tales: The Bride","7040","Grim Tales: The Bride","111000","8580","120","1","19","0","0","12.94","Grim Tales: The Bride"
"Plants vs. Zombies","7041","Plants vs. Zombies","3575040","276300","7485","5","1450","6","0","12.94","Plants vs. Zombies"
"Space Quest II: Chapter II - Vohaul's Revenge","7042","Space Quest II: Chapter II - Vohaul's Revenge","75300","5820","181","1","22","0","0","12.94","Space Quest II: Chapter II - Vohaul's Revenge"
"PlayStation All-Stars Battle Royale","7043","PlayStation All-Stars Battle Royale","274020","21180","638","3","67","0","0","12.94","PlayStation All-Stars Battle Royale"
"Call to Arms","7044","Call to Arms","501180","38760","1096","3","159","0","0","12.93","Call to Arms"
"Warhammer: Dark Omen","7045","Warhammer: Dark Omen","10860","840","171","1","4","0","0","12.93","Warhammer: Dark Omen"
"TrackMania² Valley","7046","TrackMania² Valley","261180","20220","265","4","65","0","0","12.92","TrackMania² Valley"
"The Death and Return of Superman","7047","The Death and Return of Superman","37200","2880","110","1","16","0","0","12.92","The Death and Return of Superman"
"Legend of Grimrock 2","7048","Legend of Grimrock 2","2634120","203820","1023","4","409","4","0","12.92","Legend of Grimrock 2"
"Battlestar Galactica","7049","Battlestar Galactica","103080","7980","336","1","22","0","0","12.92","Battlestar Galactica"
"Corgi Flop","7050","Corgi Flop","10080","780","21","1","4","0","0","12.92","Corgi Flop"
"夢三國","7051","夢三國","268920","20820","1266","2","23849","0","0","12.92","夢三國"
"Kaiketsu Yanchamaru 3: Taiketsu! Zouringen","7052","Kaiketsu Yanchamaru 3: Taiketsu! Zouringen","44940","3480","327","1","3","0","0","12.91","Kaiketsu Yanchamaru 3: Taiketsu! Zouringen"
"Prince of Persia: Warrior Within","7053","Prince of Persia: Warrior Within","1981920","153600","625","5","334","3","0","12.9","Prince of Persia: Warrior Within"
"Gundam Breaker","7054","Gundam Breaker","478200","37080","467","10","43","0","0","12.9","Gundam Breaker"
"Brothers: A Tale of Two Sons","7055","Brothers: A Tale of Two Sons","3247380","251880","2512","5","1597","6","0","12.89","Brothers: A Tale of Two Sons"
"F.E.A.R. Files","7056","F.E.A.R. Files","199500","15480","940","2","57","0","0","12.89","F.E.A.R. Files"
"Hyper Universe","7057","Hyper Universe","1574760","122160","3544","14","195","2","0","12.89","Hyper Universe"
"Infinite Minigolf","7058","Infinite Minigolf","6960","540","62","2","3","0","0","12.89","Infinite Minigolf"
"Fatal Fumes","7059","Fatal Fumes","6180","480","23","1","1","0","0","12.88","Fatal Fumes"
"Caves of Qud","7060","Caves of Qud","372540","28920","401","2","75","0","0","12.88","Caves of Qud"
"Survivor","7061","Survivor","60300","4680","333","1","38","0","0","12.88","Survivor"
"Hard Corps: Uprising","7062","Hard Corps: Uprising","142140","11040","243","2","52","0","0","12.88","Hard Corps: Uprising"
"DreamWorks' Shark Tale","7063","DreamWorks' Shark Tale","6180","480","63","1","3","0","0","12.88","DreamWorks' Shark Tale"
"My Little Flufties","7064","My Little Flufties","23160","1800","41","1","7","0","0","12.87","My Little Flufties"
"Don't Take It Personally, Babe, It Just Ain't Your Story","7065","Don't Take It Personally, Babe, It Just Ain't Your Story","23160","1800","70","1","7","0","0","12.87","Don't Take It Personally, Babe, It Just Ain't Your Story"
"Söldner-X 2: Final Prototype","7066","Söldner-X 2: Final Prototype","17760","1380","46","1","6","0","0","12.87","Söldner-X 2: Final Prototype"
"Kabuki: Quantum Fighter","7067","Kabuki: Quantum Fighter","110340","8580","321","2","26","0","0","12.86","Kabuki: Quantum Fighter"
"Outlaws: Handful of Missions","7068","Outlaws: Handful of Missions","10800","840","89","1","2","0","0","12.86","Outlaws: Handful of Missions"
"Suits: A Business RPG","7069","Suits: A Business RPG","207600","16140","254","3","99","0","0","12.86","Suits: A Business RPG"
"Nekopara Vol.0","7070","Nekopara Vol.0","806280","62760","1998","3","483","1","0","12.85","Nekopara Vol.0"
"Dragon Age: Origins - Awakening","7071","Dragon Age: Origins - Awakening","1658580","129060","882","3","224","3","0","12.85","Dragon Age: Origins - Awakening"
"Grim Legends 3: The Dark City","7072","Grim Legends 3: The Dark City","26220","2040","43","1","7","0","0","12.85","Grim Legends 3: The Dark City"
"Energy Breaker","7073","Energy Breaker","23100","1800","42","1","3","0","0","12.83","Energy Breaker"
"Harvest Moon","7074","Harvest Moon","612900","47760","378","3","157","1","0","12.83","Harvest Moon"
"Crusaders of Might and Magic","7075","Crusaders of Might and Magic","36180","2820","77","1","5","0","0","12.83","Crusaders of Might and Magic"
"Noct","7076","Noct","110820","8640","659","2","70","0","0","12.83","Noct"
"Blaster Master: Blasting Again","7077","Blaster Master: Blasting Again","16920","1320","134","1","5","0","0","12.82","Blaster Master: Blasting Again"
"Naruto Shippuden: Ultimate Ninja Storm Revolution","7078","Naruto Shippuden: Ultimate Ninja Storm Revolution","2293440","178920","25275","10","667","4","0","12.82","Naruto Shippuden: Ultimate Ninja Storm Revolution"
"Cubivore: Survival of the Fittest","7079","Cubivore: Survival of the Fittest","153060","11940","1252","2","29","0","0","12.82","Cubivore: Survival of the Fittest"
"Darkspore","7080","Darkspore","43860","3420","196","1","12","0","0","12.82","Darkspore"
"Planetary Annihilation","7081","Planetary Annihilation","6863700","535980","12457","14","1610","13","1","12.81","Planetary Annihilation"
"Fibbage","7082","Fibbage","4724340","368820","2248","15","2605","8","0","12.81","Fibbage"
"Trine 3: The Artifacts of Power","7083","Trine 3: The Artifacts of Power","2759520","215580","5515","6","853","5","0","12.8","Trine 3: The Artifacts of Power"
"Cosmo's Cosmic Adventure: Forbidden Planet","7084","Cosmo's Cosmic Adventure: Forbidden Planet","94500","7380","53","1","16","0","0","12.8","Cosmo's Cosmic Adventure: Forbidden Planet"
"Hannah Montana: Spotlight World Tour","7085","Hannah Montana: Spotlight World Tour","7680","600","57","1","6","0","0","12.8","Hannah Montana: Spotlight World Tour"
"Outlaws","7086","Outlaws","130500","10200","415","1","28","0","0","12.79","Outlaws"
"DCS World","7087","DCS World","15713400","1229940","2905","14","1354","29","2","12.78","DCS World"
"Kagero: Deception II","7088","Kagero: Deception II","71340","5580","143","1","12","0","0","12.78","Kagero: Deception II"
"Scrap Garden","7089","Scrap Garden","206220","16140","1052","3","112","0","0","12.78","Scrap Garden"
"Fuss-Ball","7090","Fuss-Ball","16860","1320","131","1","10","0","0","12.77","Fuss-Ball"
"Drunken Robot Pornography","7091","Drunken Robot Pornography","143880","11280","542","2","72","0","0","12.76","Drunken Robot Pornography"
"Aiyoku no Eustia","7092","Aiyoku no Eustia","16080","1260","29","1","2","0","0","12.76","Aiyoku no Eustia"
"Forza Motorsport 2","7093","Forza Motorsport 2","149340","11700","38","2","18","0","0","12.76","Forza Motorsport 2"
"Sagaia","7094","Sagaia","54300","4260","135","3","7","0","0","12.75","Sagaia"
"Emojikara: A Clever Emoji Match Game","7095","Emojikara: A Clever Emoji Match Game","3060","240","24","1","1","0","0","12.75","Emojikara: A Clever Emoji Match Game"
"Ultra Hat Dimension","7096","Ultra Hat Dimension","6120","480","21","1","2","0","0","12.75","Ultra Hat Dimension"
"Superbowl","7097","Superbowl","6120","480","51","2","5","0","0","12.75","Superbowl"
"Celestian Tales: Old North","7098","Celestian Tales: Old North","90960","7140","143","2","23","0","0","12.74","Celestian Tales: Old North"
"Langrisser IV","7099","Langrisser IV","139920","10980","85","1","7","0","0","12.74","Langrisser IV"
"Deadfall Adventures","7100","Deadfall Adventures","356340","27960","383","3","82","0","0","12.74","Deadfall Adventures"