"","","Game","Watch time","Stream time","Peak viewers","Peak channels","Streamers","Average viewers","Average channels","Average viewer ratio",""
"Obliteracers","2501","Obliteracers","1290480","20460","8146","5","131","2","0","63.07","Obliteracers"
"A Boy and His Blob","2502","A Boy and His Blob","1289940","130920","1800","12","434","2","0","9.85","A Boy and His Blob"
"Command & Conquer: Red Alert 3","2503","Command & Conquer: Red Alert 3","1287120","149580","775","4","437","2","0","8.6","Command & Conquer: Red Alert 3"
"Legend of Dungeon","2504","Legend of Dungeon","1286700","90120","3134","6","350","2","0","14.28","Legend of Dungeon"
"Final Fantasy Legend III","2505","Final Fantasy Legend III","1285560","25980","480","2","18","2","0","49.48","Final Fantasy Legend III"
"Real Boxing","2506","Real Boxing","1284300","12120","5362","4","68","2","0","105.97","Real Boxing"
"Uncharted Waters 2: New Horizons","2507","Uncharted Waters 2: New Horizons","1282320","5580","2127","2","18","2","0","229.81","Uncharted Waters 2: New Horizons"
"Samurai Shodown II","2508","Samurai Shodown II","1282320","13560","6463","2","72","2","0","94.57","Samurai Shodown II"
"Pokémon Mystery Dungeon: Explorers of Sky","2509","Pokémon Mystery Dungeon: Explorers of Sky","1281900","160380","712","4","304","2","0","7.99","Pokémon Mystery Dungeon: Explorers of Sky"
"Command & Conquer 3: Kane's Wrath","2510","Command & Conquer 3: Kane's Wrath","1281720","226080","138","6","255","2","0","5.67","Command & Conquer 3: Kane's Wrath"
"Silent Hill: Shattered Memories","2511","Silent Hill: Shattered Memories","1281720","42300","1107","2","129","2","0","30.3","Silent Hill: Shattered Memories"
"Special Force","2512","Special Force","1281660","326280","782","7","334","2","0","3.93","Special Force"
"Castle in the Darkness","2513","Castle in the Darkness","1279500","71940","2596","3","177","2","0","17.79","Castle in the Darkness"
"Baldur's Gate II: Shadows of Amn","2514","Baldur's Gate II: Shadows of Amn","1279260","186300","4572","6","292","2","0","6.87","Baldur's Gate II: Shadows of Amn"
"Yooka-Laylee","2515","Yooka-Laylee","1278900","56340","6177","31","436","2","0","22.7","Yooka-Laylee"
"Resistance 2","2516","Resistance 2","1278420","60300","928","3","56","2","0","21.2","Resistance 2"
"Epistory","2517","Epistory","1276980","77280","2065","3","321","2","0","16.52","Epistory"
"Space Channel 5","2518","Space Channel 5","1276500","6420","6610","1","33","2","0","198.83","Space Channel 5"
"WWF WrestleMania 2000","2519","WWF WrestleMania 2000","1275720","5940","7946","2","35","2","0","214.77","WWF WrestleMania 2000"
"Shift happens","2520","Shift happens","1274280","13140","4265","3","66","2","0","96.98","Shift happens"
"Final Fantasy Crystal Chronicles","2521","Final Fantasy Crystal Chronicles","1270260","84180","1719","3","192","2","0","15.09","Final Fantasy Crystal Chronicles"
"Empire: Total War","2522","Empire: Total War","1270080","166140","542","4","497","2","0","7.64","Empire: Total War"
"Disgaea: Hour of Darkness","2523","Disgaea: Hour of Darkness","1269180","235800","1353","20","516","2","0","5.38","Disgaea: Hour of Darkness"
"Rayman Origins","2524","Rayman Origins","1267620","195660","784","9","1161","2","0","6.48","Rayman Origins"
"The Legend of Zelda: A Link to the Past & Four Swords","2525","The Legend of Zelda: A Link to the Past & Four Swords","1266120","17340","5472","3","73","2","0","73.02","The Legend of Zelda: A Link to the Past & Four Swords"
"Mario Party 9","2526","Mario Party 9","1265100","32340","2208","3","80","2","0","39.12","Mario Party 9"
"Boogerman: A Pick and Flick Adventure","2527","Boogerman: A Pick and Flick Adventure","1265040","17760","7992","3","65","2","0","71.23","Boogerman: A Pick and Flick Adventure"
"Guitar Hero: Metallica","2528","Guitar Hero: Metallica","1265040","34260","2404","2","127","2","0","36.92","Guitar Hero: Metallica"
"Rayman 3: Hoodlum Havoc","2529","Rayman 3: Hoodlum Havoc","1263060","135660","555","4","220","2","0","9.31","Rayman 3: Hoodlum Havoc"
"Family Feud","2530","Family Feud","1262520","19320","1732","2","90","2","0","65.35","Family Feud"
"The Hat Man: Shadow Ward","2531","The Hat Man: Shadow Ward","1261740","60540","17680","4","541","2","0","20.84","The Hat Man: Shadow Ward"
"Toukiden 2","2532","Toukiden 2","1261440","135960","275","9","149","2","0","9.28","Toukiden 2"
"Homesick","2533","Homesick","1258680","25380","16831","3","140","2","0","49.59","Homesick"
"Battlefield 2","2534","Battlefield 2","1258560","197340","2796","4","703","2","0","6.38","Battlefield 2"
"S4 League","2535","S4 League","1257960","351300","147","7","660","2","0","3.58","S4 League"
"Lifeline","2536","Lifeline","1256160","14460","2093","2","33","2","0","86.87","Lifeline"
"The Silent Age","2537","The Silent Age","1255020","46200","1766","5","193","2","0","27.16","The Silent Age"
"Angeldust","2538","Angeldust","1253940","16020","27085","4","81","2","0","78.27","Angeldust"
"Half-Life: Opposing Force","2539","Half-Life: Opposing Force","1253040","99180","1808","3","299","2","0","12.63","Half-Life: Opposing Force"
"Serious Sam HD: The First Encounter","2540","Serious Sam HD: The First Encounter","1251660","82260","8264","5","480","2","0","15.22","Serious Sam HD: The First Encounter"
"Sonic Advance 3","2541","Sonic Advance 3","1250340","19500","7976","6","88","2","0","64.12","Sonic Advance 3"
"Aven Colony","2542","Aven Colony","1250340","28920","731","4","78","2","0","43.23","Aven Colony"
"Double Action: Boogaloo","2543","Double Action: Boogaloo","1250100","63660","5247","3","442","2","0","19.64","Double Action: Boogaloo"
"Guitar Hero: Warriors of Rock","2544","Guitar Hero: Warriors of Rock","1250040","92460","4053","3","268","2","0","13.52","Guitar Hero: Warriors of Rock"
"Arslan Senki x Musou","2545","Arslan Senki x Musou","1248960","44160","20669","5","161","2","0","28.28","Arslan Senki x Musou"
"Warhammer 40,000: Dawn of War III","2546","Warhammer 40,000: Dawn of War III","1247160","29580","4284","2","123","2","0","42.16","Warhammer 40,000: Dawn of War III"
"Broken Sword: The Shadow of the Templars","2547","Broken Sword: The Shadow of the Templars","1246080","87420","957","3","190","2","0","14.25","Broken Sword: The Shadow of the Templars"
"The Sims 2","2548","The Sims 2","1245480","156900","1198","4","448","2","0","7.94","The Sims 2"
"Dead Effect 2","2549","Dead Effect 2","1244700","39660","31079","6","165","2","0","31.38","Dead Effect 2"
"Zombie Shooter 2","2550","Zombie Shooter 2","1244340","4020","18633","3","20","2","0","309.54","Zombie Shooter 2"
"Grey Goo","2551","Grey Goo","1243740","155040","539","6","307","2","0","8.02","Grey Goo"
"Suikoden","2552","Suikoden","1243020","167940","306","3","172","2","0","7.4","Suikoden"
"Snatcher","2553","Snatcher","1239600","46560","1042","3","111","2","0","26.62","Snatcher"
"Jungle Book","2554","Jungle Book","1239120","21780","894","2","34","2","0","56.89","Jungle Book"
"Dead or Alive 4","2555","Dead or Alive 4","1239060","3780","5789","1","18","2","0","327.79","Dead or Alive 4"
"Scrabble","2556","Scrabble","1239000","64140","3933","3","175","2","0","19.32","Scrabble"
"The Joy Of Sex","2557","The Joy Of Sex","1239000","1200","20603","1","11","2","0","1032.5","The Joy Of Sex"
"Mister Mosquito","2558","Mister Mosquito","1238760","9660","2490","2","40","2","0","128.24","Mister Mosquito"
"Live for Speed","2559","Live for Speed","1236540","212880","1476","10","682","2","0","5.81","Live for Speed"
"Planescape: Torment","2560","Planescape: Torment","1234740","61080","1279","3","88","2","0","20.22","Planescape: Torment"
"Nostale","2561","Nostale","1233900","235320","2240","5","511","2","0","5.24","Nostale"
"Chariot","2562","Chariot","1233060","44520","2628","2","211","2","0","27.7","Chariot"
"Monster Hunter Portable 3rd","2563","Monster Hunter Portable 3rd","1232400","273840","177","5","485","2","0","4.5","Monster Hunter Portable 3rd"
"Worlds Adrift","2564","Worlds Adrift","1232280","29040","2680","8","90","2","0","42.43","Worlds Adrift"
"Rock Zombie","2565","Rock Zombie","1232100","7920","3483","2","31","2","0","155.57","Rock Zombie"
"Aura Kingdom","2566","Aura Kingdom","1231920","358560","786","7","859","2","0","3.44","Aura Kingdom"
"SVC Chaos: SNK vs. Capcom","2567","SVC Chaos: SNK vs. Capcom","1230180","6420","6987","3","35","2","0","191.62","SVC Chaos: SNK vs. Capcom"
"Arcania: Gothic 4","2568","Arcania: Gothic 4","1225500","39060","1608","2","89","2","0","31.37","Arcania: Gothic 4"
"TerraTech","2569","TerraTech","1224120","207480","2253","6","512","2","0","5.9","TerraTech"
"Sonic 3D Blast","2570","Sonic 3D Blast","1223940","28140","831","6","123","2","0","43.49","Sonic 3D Blast"
"X-Men vs. Street Fighter","2571","X-Men vs. Street Fighter","1222680","12120","5476","2","66","2","0","100.88","X-Men vs. Street Fighter"
"Shin Megami Tensei IV Final","2572","Shin Megami Tensei IV Final","1222680","50520","1298","6","45","2","0","24.2","Shin Megami Tensei IV Final"
"Hot Dogs, Horseshoes & Hand Grenades","2573","Hot Dogs, Horseshoes & Hand Grenades","1221480","28260","5642","2","133","2","0","43.22","Hot Dogs, Horseshoes & Hand Grenades"
"Trine","2574","Trine","1221240","178140","1200","4","808","2","0","6.86","Trine"
"Black & White","2575","Black & White","1221060","33120","1564","2","55","2","0","36.87","Black & White"
"Contrast","2576","Contrast","1220040","108180","635","4","497","2","0","11.28","Contrast"
"Link's Crossbow Training","2577","Link's Crossbow Training","1219500","3360","4920","3","23","2","0","362.95","Link's Crossbow Training"
"Twin Sector","2578","Twin Sector","1219260","2340","12588","1","9","2","0","521.05","Twin Sector"
"Lakeview Cabin Collection","2579","Lakeview Cabin Collection","1218960","45720","1528","9","235","2","0","26.66","Lakeview Cabin Collection"
"GunZ The Duel","2580","GunZ The Duel","1218720","297120","525","7","512","2","0","4.1","GunZ The Duel"
"1001 Spikes","2581","1001 Spikes","1218120","72060","1413","3","261","2","0","16.9","1001 Spikes"
"DuckTales: Remastered","2582","DuckTales: Remastered","1217940","152520","1715","6","857","2","0","7.99","DuckTales: Remastered"
"Guts","2583","Guts","1216860","2340","13320","1","17","2","0","520.03","Guts"
"LEGO Pirates of the Caribbean: The Video Game","2584","LEGO Pirates of the Caribbean: The Video Game","1214880","64920","24356","4","214","2","0","18.71","LEGO Pirates of the Caribbean: The Video Game"
"GameBlast16","2585","GameBlast16","1214640","101100","2360","51","111","2","0","12.01","GameBlast16"
"Castlevania Judgment","2586","Castlevania Judgment","1212780","2160","5317","1","10","2","0","561.47","Castlevania Judgment"
"City Bus Simulator 2010","2587","City Bus Simulator 2010","1212300","1080","4810","1","8","2","0","1122.5","City Bus Simulator 2010"
"Force of Will - TCG","2588","Force of Will - TCG","1212240","68940","445","3","83","2","0","17.58","Force of Will - TCG"
"Resident Evil: Survivor","2589","Resident Evil: Survivor","1212180","34920","1974","4","86","2","0","34.71","Resident Evil: Survivor"
"Super Mario 3D Land","2590","Super Mario 3D Land","1212180","55860","785","3","121","2","0","21.7","Super Mario 3D Land"
"Amazing Princess Sarah","2591","Amazing Princess Sarah","1212180","20820","2221","4","112","2","0","58.22","Amazing Princess Sarah"
"Luigi's Mansion: Dark Moon","2592","Luigi's Mansion: Dark Moon","1210260","36180","809","3","79","2","0","33.45","Luigi's Mansion: Dark Moon"
"Puzzle Pandemonium","2593","Puzzle Pandemonium","1208820","420","20175","4","1","2","0","2878.14","Puzzle Pandemonium"
"Music on: Acoustic Guitar","2594","Music on: Acoustic Guitar","1207020","49740","1358","3","140","2","0","24.27","Music on: Acoustic Guitar"
"Madden NFL 15","2595","Madden NFL 15","1206900","890100","209","23","4563","2","1","1.36","Madden NFL 15"
"Saints Row 2","2596","Saints Row 2","1206720","200880","396","5","642","2","0","6.01","Saints Row 2"
"Ib","2597","Ib","1205880","83520","1605","3","378","2","0","14.44","Ib"
"Hover Junkers","2598","Hover Junkers","1205760","59820","16471","5","289","2","0","20.16","Hover Junkers"
"Karaoke Party","2599","Karaoke Party","1205640","19260","7084","3","128","2","0","62.6","Karaoke Party"
"Gears of War","2600","Gears of War","1204080","386520","720","8","1969","2","0","3.12","Gears of War"