"","","Game","Watch time","Stream time","Peak viewers","Peak channels","Streamers","Average viewers","Average channels","Average viewer ratio",""
"Trivia Crack","11001","Trivia Crack","15660","2640","89","1","18","0","0","5.93","Trivia Crack"
"Xanadu Next","11002","Xanadu Next","191820","32340","124","5","53","0","0","5.93","Xanadu Next"
"Shadow of Rome","11003","Shadow of Rome","37380","6300","51","1","23","0","0","5.93","Shadow of Rome"
"Heroes of Might and Magic: A Strategic Quest","11004","Heroes of Might and Magic: A Strategic Quest","38100","6420","120","2","18","0","0","5.93","Heroes of Might and Magic: A Strategic Quest"
"Shin Megami Tensei: Devil Survivor Overclocked","11005","Shin Megami Tensei: Devil Survivor Overclocked","27060","4560","22","1","8","0","0","5.93","Shin Megami Tensei: Devil Survivor Overclocked"
"Back to Bed","11006","Back to Bed","42720","7200","127","2","50","0","0","5.93","Back to Bed"
"BlazBlue: Chrono Phantasma","11007","BlazBlue: Chrono Phantasma","92520","15600","188","2","80","0","0","5.93","BlazBlue: Chrono Phantasma"
"The Great Merchant","11008","The Great Merchant","38100","6420","22","2","5","0","0","5.93","The Great Merchant"
"Vessel","11009","Vessel","39420","6660","64","1","21","0","0","5.92","Vessel"
"Skies of Arcadia","11010","Skies of Arcadia","276840","46740","172","3","74","0","0","5.92","Skies of Arcadia"
"Kirby's Dream Collection Special Edition","11011","Kirby's Dream Collection Special Edition","97260","16440","82","2","50","0","0","5.92","Kirby's Dream Collection Special Edition"
"International Superstar Soccer","11012","International Superstar Soccer","8520","1440","76","2","8","0","0","5.92","International Superstar Soccer"
"Bang! Bang!","11013","Bang! Bang!","4260","720","19","1","5","0","0","5.92","Bang! Bang!"
"M&M's: The Lost Formulas","11014","M&M's: The Lost Formulas","7800","1320","50","1","7","0","0","5.91","M&M's: The Lost Formulas"
"Tom Clancy's Ghost Recon: Predator","11015","Tom Clancy's Ghost Recon: Predator","16680","2820","66","1","22","0","0","5.91","Tom Clancy's Ghost Recon: Predator"
"Naruto: Rise of a Ninja","11016","Naruto: Rise of a Ninja","45060","7620","113","2","20","0","0","5.91","Naruto: Rise of a Ninja"
"Doodle God","11017","Doodle God","47880","8100","300","3","42","0","0","5.91","Doodle God"
"Alfred Chicken","11018","Alfred Chicken","15600","2640","112","1","12","0","0","5.91","Alfred Chicken"
"Out to Lunch","11019","Out to Lunch","39000","6600","184","1","7","0","0","5.91","Out to Lunch"
"Hot Shots Golf 2","11020","Hot Shots Golf 2","15240","2580","45","1","10","0","0","5.91","Hot Shots Golf 2"
"Rampage World Tour","11021","Rampage World Tour","42900","7260","282","1","39","0","0","5.91","Rampage World Tour"
"King's Quest II: Romancing the Stones","11022","King's Quest II: Romancing the Stones","22680","3840","36","1","15","0","0","5.91","King's Quest II: Romancing the Stones"
"Wizardry: Crusaders of the Dark Savant","11023","Wizardry: Crusaders of the Dark Savant","30840","5220","151","1","8","0","0","5.91","Wizardry: Crusaders of the Dark Savant"
"Pico Pico","11024","Pico Pico","3900","660","14","1","3","0","0","5.91","Pico Pico"
"Spooks","11025","Spooks","14880","2520","17","2","12","0","0","5.9","Spooks"
"Schein","11026","Schein","37140","6300","109","2","28","0","0","5.9","Schein"
"Wizardry II: The Knight of Diamonds","11027","Wizardry II: The Knight of Diamonds","24060","4080","49","1","5","0","0","5.9","Wizardry II: The Knight of Diamonds"
"TerraTech","11028","TerraTech","1224120","207480","2253","6","512","2","0","5.9","TerraTech"
"Code Name: Viper","11029","Code Name: Viper","14520","2460","77","1","9","0","0","5.9","Code Name: Viper"
"maimai","11030","maimai","3540","600","16","1","5","0","0","5.9","maimai"
"Logical Journey of the Zoombinis","11031","Logical Journey of the Zoombinis","95760","16260","62","2","40","0","0","5.89","Logical Journey of the Zoombinis"
"Assault Suit Leynos","11032","Assault Suit Leynos","122940","20880","508","4","103","0","0","5.89","Assault Suit Leynos"
"Nanashi no Game","11033","Nanashi no Game","15900","2700","27","1","9","0","0","5.89","Nanashi no Game"
"Shadowrun Chronicles: Boston Lockdown","11034","Shadowrun Chronicles: Boston Lockdown","158220","26880","171","2","70","0","0","5.89","Shadowrun Chronicles: Boston Lockdown"
"Monster Hunter Frontier","11035","Monster Hunter Frontier","134220","22800","179","3","45","0","0","5.89","Monster Hunter Frontier"
"The Playroom VR","11036","The Playroom VR","320880","54480","936","9","604","0","0","5.89","The Playroom VR"
"Mystery Circle","11037","Mystery Circle","3180","540","13","1","2","0","0","5.89","Mystery Circle"
"Hot Dog Storm","11038","Hot Dog Storm","3180","540","11","1","2","0","0","5.89","Hot Dog Storm"
"Lupin III","11039","Lupin III","28980","4920","13","1","2","0","0","5.89","Lupin III"
"The Deadly Tower of Monsters","11040","The Deadly Tower of Monsters","1329600","226260","1086","20","1309","2","0","5.88","The Deadly Tower of Monsters"
"Heroine Anthem Zero","11041","Heroine Anthem Zero","19740","3360","56","3","20","0","0","5.88","Heroine Anthem Zero"
"Barbie Beauty Boutique","11042","Barbie Beauty Boutique","5640","960","32","2","3","0","0","5.88","Barbie Beauty Boutique"
"Kingdom Hearts III","11043","Kingdom Hearts III","15180","2580","43","1","12","0","0","5.88","Kingdom Hearts III"
"Digimon Masters","11044","Digimon Masters","2270460","386100","312","11","652","4","0","5.88","Digimon Masters"
"Slam City with Scottie Pippen","11045","Slam City with Scottie Pippen","2820","480","15","1","3","0","0","5.88","Slam City with Scottie Pippen"
"Homeworld Remastered Collection","11046","Homeworld Remastered Collection","812040","138060","475","5","447","1","0","5.88","Homeworld Remastered Collection"
"Tales of Monkey Island Chapter 5: Rise of the Pirate God","11047","Tales of Monkey Island Chapter 5: Rise of the Pirate God","37740","6420","48","2","23","0","0","5.88","Tales of Monkey Island Chapter 5: Rise of the Pirate God"
"League Challenge","11048","League Challenge","90720","15420","434","2","60","0","0","5.88","League Challenge"
"Caging me Softly","11049","Caging me Softly","2820","480","14","1","7","0","0","5.88","Caging me Softly"
"Quest for Camelot","11050","Quest for Camelot","2820","480","10","1","1","0","0","5.88","Quest for Camelot"
"Steambot Chronicles","11051","Steambot Chronicles","53640","9120","125","2","22","0","0","5.88","Steambot Chronicles"
"Tales of Graces","11052","Tales of Graces","126660","21540","85","2","24","0","0","5.88","Tales of Graces"
"Sorcery","11053","Sorcery","8820","1500","26","1","6","0","0","5.88","Sorcery"
"Indiana Jones and the Staff of Kings","11054","Indiana Jones and the Staff of Kings","5280","900","30","1","3","0","0","5.87","Indiana Jones and the Staff of Kings"
"Roller Coaster Tycoon 3D","11055","Roller Coaster Tycoon 3D","285120","48600","496","3","254","0","0","5.87","Roller Coaster Tycoon 3D"
"Tales of Legendia","11056","Tales of Legendia","83160","14160","169","2","38","0","0","5.87","Tales of Legendia"
"Nancy Drew: Treasure in the Royal Tower","11057","Nancy Drew: Treasure in the Royal Tower","15840","2700","36","1","10","0","0","5.87","Nancy Drew: Treasure in the Royal Tower"
"Fate/Unlimited Codes","11058","Fate/Unlimited Codes","140580","23940","300","2","36","0","0","5.87","Fate/Unlimited Codes"
"VeggieTales: LarryBoy and the Bad Apple","11059","VeggieTales: LarryBoy and the Bad Apple","4920","840","23","1","5","0","0","5.86","VeggieTales: LarryBoy and the Bad Apple"
"Solar 2","11060","Solar 2","66060","11280","483","2","68","0","0","5.86","Solar 2"
"Marble Blast","11061","Marble Blast","143520","24480","62","3","42","0","0","5.86","Marble Blast"
"Polar Bowler","11062","Polar Bowler","2460","420","23","1","3","0","0","5.86","Polar Bowler"
"Quarterback Attack","11063","Quarterback Attack","2460","420","31","1","2","0","0","5.86","Quarterback Attack"
"Dynasty Tactics 2","11064","Dynasty Tactics 2","35160","6000","12","1","5","0","0","5.86","Dynasty Tactics 2"
"Taiko no Tatsujin DS","11065","Taiko no Tatsujin DS","10200","1740","49","1","5","0","0","5.86","Taiko no Tatsujin DS"
"Sherlock: The Game of Logic","11066","Sherlock: The Game of Logic","2460","420","9","1","1","0","0","5.86","Sherlock: The Game of Logic"
"Grandia: Parallel Trippers","11067","Grandia: Parallel Trippers","2460","420","13","1","2","0","0","5.86","Grandia: Parallel Trippers"
"Animal Crossing: Wild World","11068","Animal Crossing: Wild World","143280","24480","150","3","88","0","0","5.85","Animal Crossing: Wild World"
"Despair 2","11069","Despair 2","16860","2880","139","1","8","0","0","5.85","Despair 2"
"The Story Goes On","11070","The Story Goes On","7020","1200","32","1","7","0","0","5.85","The Story Goes On"
"Dark Orbit","11071","Dark Orbit","844440","144240","586","4","341","1","0","5.85","Dark Orbit"
"Hyperdevotion Noire: Goddess Black Heart","11072","Hyperdevotion Noire: Goddess Black Heart","437400","74820","192","7","158","0","0","5.85","Hyperdevotion Noire: Goddess Black Heart"
"Dragon Quest Heroes","11073","Dragon Quest Heroes","1302000","222600","618","7","1723","2","0","5.85","Dragon Quest Heroes"
"Midnight Club: Los Angeles","11074","Midnight Club: Los Angeles","51540","8820","124","2","40","0","0","5.84","Midnight Club: Los Angeles"
"The Temple of Elemental Evil: A Classic Greyhawk Adventure","11075","The Temple of Elemental Evil: A Classic Greyhawk Adventure","17880","3060","127","1","10","0","0","5.84","The Temple of Elemental Evil: A Classic Greyhawk Adventure"
"Pool Elite","11076","Pool Elite","19620","3360","28","1","5","0","0","5.84","Pool Elite"
"The Consuming Shadow","11077","The Consuming Shadow","92880","15900","265","2","48","0","0","5.84","The Consuming Shadow"
"Blinding Dark","11078","Blinding Dark","2100","360","14","1","3","0","0","5.83","Blinding Dark"
"Crystal Caves","11079","Crystal Caves","20280","3480","40","3","17","0","0","5.83","Crystal Caves"
"Ketsui: Kizuna Jigoku Tachi","11080","Ketsui: Kizuna Jigoku Tachi","39540","6780","205","2","20","0","0","5.83","Ketsui: Kizuna Jigoku Tachi"
"WildStar","11081","WildStar","11576340","1985880","13148","31","2962","21","3","5.83","WildStar"
"Alundra 2","11082","Alundra 2","76620","13140","69","2","28","0","0","5.83","Alundra 2"
"Cyberdillo","11083","Cyberdillo","2100","360","20","1","2","0","0","5.83","Cyberdillo"
"Fingerbones","11084","Fingerbones","77700","13320","110","2","115","0","0","5.83","Fingerbones"
"Silverload","11085","Silverload","3840","660","52","1","4","0","0","5.82","Silverload"
"Mario Hoops 3 on 3","11086","Mario Hoops 3 on 3","7680","1320","37","1","7","0","0","5.82","Mario Hoops 3 on 3"
"Q Billion","11087","Q Billion","9780","1680","28","1","2","0","0","5.82","Q Billion"
"Risen 2: Dark Waters","11088","Risen 2: Dark Waters","488760","83940","207","3","167","0","0","5.82","Risen 2: Dark Waters"
"Journey to the Center of Hawkthorne","11089","Journey to the Center of Hawkthorne","9780","1680","15","1","4","0","0","5.82","Journey to the Center of Hawkthorne"
"Deathsmiles IIX: Makai no Merry Christmas","11090","Deathsmiles IIX: Makai no Merry Christmas","3840","660","19","1","5","0","0","5.82","Deathsmiles IIX: Makai no Merry Christmas"
"FAST Racing League","11091","FAST Racing League","11520","1980","73","1","3","0","0","5.82","FAST Racing League"
"Disney Princess","11092","Disney Princess","3840","660","13","1","5","0","0","5.82","Disney Princess"
"The UnderGarden","11093","The UnderGarden","5580","960","38","1","8","0","0","5.81","The UnderGarden"
"Zoo Tycoon 2","11094","Zoo Tycoon 2","294360","50640","493","3","143","0","0","5.81","Zoo Tycoon 2"
"Live for Speed","11095","Live for Speed","1236540","212880","1476","10","682","2","0","5.81","Live for Speed"
"Super Mega Baseball","11096","Super Mega Baseball","1559280","268380","6497","17","1617","2","0","5.81","Super Mega Baseball"
"Megabyte Punch","11097","Megabyte Punch","57180","9840","227","2","53","0","0","5.81","Megabyte Punch"
"Royal Revolt","11098","Royal Revolt","10800","1860","173","1","14","0","0","5.81","Royal Revolt"
"Speed Racer","11099","Speed Racer","1740","300","24","1","4","0","0","5.8","Speed Racer"
"DoDonPachi Saidaioujou","11100","DoDonPachi Saidaioujou","34800","6000","56","1","12","0","0","5.8","DoDonPachi Saidaioujou"