"","","Game","Watch time","Stream time","Peak viewers","Peak channels","Streamers","Average viewers","Average channels","Average viewer ratio",""
"Extra Life","6801","Extra Life","25340640","1849620","10148","1010","1974","48","3","13.7","Extra Life"
"Underrail","6802","Underrail","1026060","74880","15450","4","135","1","0","13.7","Underrail"
"Just Survive","6803","Just Survive","67839120","4951380","6745","73","9576","128","9","13.7","Just Survive"
"Ace of Seafood","6804","Ace of Seafood","105120","7680","394","1","37","0","0","13.69","Ace of Seafood"
"Starward Rogue","6805","Starward Rogue","195420","14280","414","3","71","0","0","13.68","Starward Rogue"
"Full Pipe","6806","Full Pipe","18060","1320","59","1","4","0","0","13.68","Full Pipe"
"Quern: Undying Thoughts","6807","Quern: Undying Thoughts","174000","12720","132","3","26","0","0","13.68","Quern: Undying Thoughts"
"Pocky & Rocky","6808","Pocky & Rocky","201960","14760","361","3","77","0","0","13.68","Pocky & Rocky"
"Spyro: Enter the Dragonfly","6809","Spyro: Enter the Dragonfly","423480","30960","738","4","112","0","0","13.68","Spyro: Enter the Dragonfly"
"Mother 3","6810","Mother 3","3615960","264420","1158","6","490","6","0","13.68","Mother 3"
"WarioWare D.I.Y.","6811","WarioWare D.I.Y.","46800","3420","202","2","13","0","0","13.68","WarioWare D.I.Y."
"Albedo: Eyes from Outer Space","6812","Albedo: Eyes from Outer Space","179640","13140","502","3","79","0","0","13.67","Albedo: Eyes from Outer Space"
"Brian Lara International Cricket 2005","6813","Brian Lara International Cricket 2005","2460","180","16","1","2","0","0","13.67","Brian Lara International Cricket 2005"
"Treasure Hunt","6814","Treasure Hunt","2460","180","18","1","1","0","0","13.67","Treasure Hunt"
"Viewtiful Joe","6815","Viewtiful Joe","831420","60840","670","2","181","1","0","13.67","Viewtiful Joe"
"Tony Hawk's Pro Skater 3","6816","Tony Hawk's Pro Skater 3","723240","52920","1739","3","214","1","0","13.67","Tony Hawk's Pro Skater 3"
"Final Fantasy XV","6817","Final Fantasy XV","554726700","40603680","110368","3562","83775","1052","77","13.66","Final Fantasy XV"
"Kung-Fu High Impact","6818","Kung-Fu High Impact","62280","4560","305","1","5","0","0","13.66","Kung-Fu High Impact"
"Slender: The Arrival","6819","Slender: The Arrival","9855240","722100","3904","37","8559","18","1","13.65","Slender: The Arrival"
"Gundam Online Wars","6820","Gundam Online Wars","8439900","618480","2404","14","371","16","1","13.65","Gundam Online Wars"
"Dyad","6821","Dyad","21300","1560","67","1","12","0","0","13.65","Dyad"
"The Stomping Land","6822","The Stomping Land","18000","1320","155","1","12","0","0","13.64","The Stomping Land"
"Starwhal","6823","Starwhal","379020","27780","1332","3","219","0","0","13.64","Starwhal"
"Overlord: Raising Hell","6824","Overlord: Raising Hell","373080","27360","1197","2","85","0","0","13.64","Overlord: Raising Hell"
"Loot Rascals","6825","Loot Rascals","22920","1680","100","2","8","0","0","13.64","Loot Rascals"
"Monster Super League","6826","Monster Super League","3735120","274020","324","10","256","7","0","13.63","Monster Super League"
"Utopia 9","6827","Utopia 9","50700","3720","406","1","18","0","0","13.63","Utopia 9"
"Star Trek: Borg","6828","Star Trek: Borg","6540","480","27","1","2","0","0","13.63","Star Trek: Borg"
"Mushroom Wars","6829","Mushroom Wars","115260","8460","800","3","43","0","0","13.62","Mushroom Wars"
"Gain Ground","6830","Gain Ground","47400","3480","92","1","18","0","0","13.62","Gain Ground"
"Pokémon Channel","6831","Pokémon Channel","1866660","137040","1759","9","550","3","0","13.62","Pokémon Channel"
"Bloodborne","6832","Bloodborne","457156920","33574620","199060","257","72420","867","63","13.62","Bloodborne"
"World End Economica episode.1","6833","World End Economica episode.1","21240","1560","128","1","10","0","0","13.62","World End Economica episode.1"
"Abadox: The Deadly Inner War","6834","Abadox: The Deadly Inner War","32640","2400","102","1","8","0","0","13.6","Abadox: The Deadly Inner War"
"Flintstones","6835","Flintstones","89760","6600","112","2","29","0","0","13.6","Flintstones"
"Long Night","6836","Long Night","8160","600","127","1","5","0","0","13.6","Long Night"
"ESPN International Track & Field","6837","ESPN International Track & Field","4080","300","29","1","2","0","0","13.6","ESPN International Track & Field"
"Fight Night Round 2","6838","Fight Night Round 2","51420","3780","158","1","8","0","0","13.6","Fight Night Round 2"
"Color Sheep","6839","Color Sheep","4080","300","34","1","1","0","0","13.6","Color Sheep"
"Cooking Mama: Cook Off","6840","Cooking Mama: Cook Off","56280","4140","130","2","18","0","0","13.59","Cooking Mama: Cook Off"
"Solitare","6841","Solitare","463860","34140","767","3","183","0","0","13.59","Solitare"
"Homefront","6842","Homefront","618240","45480","29080","4","226","1","0","13.59","Homefront"
"Nancy Drew: Shadow at the Water's Edge","6843","Nancy Drew: Shadow at the Water's Edge","237180","17460","172","2","40","0","0","13.58","Nancy Drew: Shadow at the Water's Edge"
"MegaMan Unlimited","6844","MegaMan Unlimited","614820","45300","624","3","124","1","0","13.57","MegaMan Unlimited"
"Toy Soldiers: Cold War","6845","Toy Soldiers: Cold War","357480","26340","1464","3","168","0","0","13.57","Toy Soldiers: Cold War"
"Assassin's Creed: Brotherhood","6846","Assassin's Creed: Brotherhood","4069800","299820","4823","6","744","7","0","13.57","Assassin's Creed: Brotherhood"
"Valkyrie Connect","6847","Valkyrie Connect","61080","4500","726","2","19","0","0","13.57","Valkyrie Connect"
"Chou Jigen Taisen Neptune vs. Sega Hard Girls: Yume no Gattai Special (Working Title)","6848","Chou Jigen Taisen Neptune vs. Sega Hard Girls: Yume no Gattai Special (Working Title)","165120","12180","71","3","12","0","0","13.56","Chou Jigen Taisen Neptune vs. Sega Hard Girls: Yume no Gattai Special (Working Title)"
"Galactic Hitman","6849","Galactic Hitman","44760","3300","136","2","26","0","0","13.56","Galactic Hitman"
"Cooking Mama: World Kitchen","6850","Cooking Mama: World Kitchen","21960","1620","63","1","12","0","0","13.56","Cooking Mama: World Kitchen"
"Devil's Bluff","6851","Devil's Bluff","43080","3180","142","4","23","0","0","13.55","Devil's Bluff"
"Pokémon Emerald","6852","Pokémon Emerald","15754020","1162560","2981","16","3851","29","2","13.55","Pokémon Emerald"
"Mega Man Star Force 2","6853","Mega Man Star Force 2","150420","11100","594","2","13","0","0","13.55","Mega Man Star Force 2"
"Disney Castle of Illusion Starring Mickey Mouse","6854","Disney Castle of Illusion Starring Mickey Mouse","210360","15540","202","2","67","0","0","13.54","Disney Castle of Illusion Starring Mickey Mouse"
"Rocket League","6855","Rocket League","1353696180","99996240","82917","640","268504","2568","189","13.54","Rocket League"
"Shantae: Risky's Revenge","6856","Shantae: Risky's Revenge","1712520","126480","5711","5","385","3","0","13.54","Shantae: Risky's Revenge"
"Last Inua – An Arctic Adventure","6857","Last Inua – An Arctic Adventure","10560","780","60","1","6","0","0","13.54","Last Inua – An Arctic Adventure"
"EverQuest II: Kunark Ascending","6858","EverQuest II: Kunark Ascending","39000","2880","123","2","10","0","0","13.54","EverQuest II: Kunark Ascending"
"Debate It!","6859","Debate It!","100560","7440","876","5","17","0","0","13.52","Debate It!"
"Batman: The Animated Series","6860","Batman: The Animated Series","38940","2880","255","1","7","0","0","13.52","Batman: The Animated Series"
"pop'n music FEVER!","6861","pop'n music FEVER!","51120","3780","51","1","7","0","0","13.52","pop'n music FEVER!"
"Guitar Hero: Warriors of Rock","6862","Guitar Hero: Warriors of Rock","1250040","92460","4053","3","268","2","0","13.52","Guitar Hero: Warriors of Rock"
"Misao","6863","Misao","314700","23280","992","2","111","0","0","13.52","Misao"
"Wanted: Weapons of Fate","6864","Wanted: Weapons of Fate","53460","3960","103","1","20","0","0","13.5","Wanted: Weapons of Fate"
"Sam & Max Episode 201: Ice Station Santa","6865","Sam & Max Episode 201: Ice Station Santa","30780","2280","75","1","11","0","0","13.5","Sam & Max Episode 201: Ice Station Santa"
"Amagon","6866","Amagon","6480","480","36","1","3","0","0","13.5","Amagon"
"Salt","6867","Salt","705300","52260","1078","3","210","1","0","13.5","Salt"
"Largo Winch .// Commando SAR","6868","Largo Winch .// Commando SAR","3240","240","27","1","3","0","0","13.5","Largo Winch .// Commando SAR"
"Jamestown: Legend of the Lost Colony","6869","Jamestown: Legend of the Lost Colony","274500","20340","1469","2","104","0","0","13.5","Jamestown: Legend of the Lost Colony"
"Serious Sam HD: The Second Encounter","6870","Serious Sam HD: The Second Encounter","898860","66600","3796","4","334","1","0","13.5","Serious Sam HD: The Second Encounter"
"Wirehead","6871","Wirehead","4860","360","38","1","3","0","0","13.5","Wirehead"
"Spelunker II: Yuusha e no Chousen","6872","Spelunker II: Yuusha e no Chousen","8100","600","29","1","1","0","0","13.5","Spelunker II: Yuusha e no Chousen"
"C0D3","6873","C0D3","3240","240","23","1","1","0","0","13.5","C0D3"
"The Witch's Yarn","6874","The Witch's Yarn","3240","240","16","1","2","0","0","13.5","The Witch's Yarn"
"Windfall","6875","Windfall","1620","120","21","1","1","0","0","13.5","Windfall"
"Rolo to the Rescue","6876","Rolo to the Rescue","4860","360","29","1","2","0","0","13.5","Rolo to the Rescue"
"Marble Drop","6877","Marble Drop","3240","240","21","1","2","0","0","13.5","Marble Drop"
"Featherpunk Prime","6878","Featherpunk Prime","35640","2640","184","1","13","0","0","13.5","Featherpunk Prime"
"Excitebots: Trick Racing","6879","Excitebots: Trick Racing","46140","3420","455","2","11","0","0","13.49","Excitebots: Trick Racing"
"Bombing Busters","6880","Bombing Busters","63960","4740","281","1","22","0","0","13.49","Bombing Busters"
"Volleyball","6881","Volleyball","82500","6120","138","1","12","0","0","13.48","Volleyball"
"Gremlins","6882","Gremlins","51780","3840","191","2","11","0","0","13.48","Gremlins"
"The Land of Eyas","6883","The Land of Eyas","32340","2400","63","2","9","0","0","13.47","The Land of Eyas"
"Guns, Gore & Cannoli","6884","Guns, Gore & Cannoli","1792560","133080","6365","4","708","3","0","13.47","Guns, Gore & Cannoli"
"Kirby's Dream Land","6885","Kirby's Dream Land","1660620","123240","7051","7","263","3","0","13.47","Kirby's Dream Land"
"Star Wars: Bounty Hunter","6886","Star Wars: Bounty Hunter","223680","16620","378","2","831","0","0","13.46","Star Wars: Bounty Hunter"
"Putt-Putt Joins the Parade","6887","Putt-Putt Joins the Parade","68640","5100","266","1","44","0","0","13.46","Putt-Putt Joins the Parade"
"Jetset","6888","Jetset","10500","780","88","1","5","0","0","13.46","Jetset"
"Criminal Girls 2: Party Favors","6889","Criminal Girls 2: Party Favors","71880","5340","224","1","7","0","0","13.46","Criminal Girls 2: Party Favors"
"Shin Megami Tensei: Devil Summoner","6890","Shin Megami Tensei: Devil Summoner","53280","3960","40","2","6","0","0","13.45","Shin Megami Tensei: Devil Summoner"
"The Vanishing of Ethan Carter","6891","The Vanishing of Ethan Carter","4612020","343020","1546","7","1551","8","0","13.45","The Vanishing of Ethan Carter"
"Etrian Odyssey IV: Legends of the Titan","6892","Etrian Odyssey IV: Legends of the Titan","199260","14820","53","2","17","0","0","13.45","Etrian Odyssey IV: Legends of the Titan"
"Initial D: Extreme Stage","6893","Initial D: Extreme Stage","191160","14220","148","1","33","0","0","13.44","Initial D: Extreme Stage"
"Fuck You","6894","Fuck You","474900","35340","2684","3","103","0","0","13.44","Fuck You"
"Castlevania: Circle of the Moon","6895","Castlevania: Circle of the Moon","1021440","76020","547","3","158","1","0","13.44","Castlevania: Circle of the Moon"
"Konung 2: Blood of Titans","6896","Konung 2: Blood of Titans","25800","1920","234","1","5","0","0","13.44","Konung 2: Blood of Titans"
"Picross 2","6897","Picross 2","12900","960","72","1","6","0","0","13.44","Picross 2"
"Big Bird's Hide and Speak","6898","Big Bird's Hide and Speak","5640","420","50","1","3","0","0","13.43","Big Bird's Hide and Speak"
"Marvel Super Heroes in War of the Gems","6899","Marvel Super Heroes in War of the Gems","34620","2580","102","1","15","0","0","13.42","Marvel Super Heroes in War of the Gems"
"Akai Katana","6900","Akai Katana","20940","1560","129","1","6","0","0","13.42","Akai Katana"