"","","Game","Watch time","Stream time","Peak viewers","Peak channels","Streamers","Average viewers","Average channels","Average viewer ratio",""
"Rogue Harvest","8301","Rogue Harvest","42240","4320","232","1","22","0","0","9.78","Rogue Harvest"
"Pushover","8302","Pushover","12900","1320","38","1","8","0","0","9.77","Pushover"
"Soundodger+","8303","Soundodger+","365220","37380","467","3","125","0","0","9.77","Soundodger+"
"Redneck Rampage","8304","Redneck Rampage","62160","6360","114","1","21","0","0","9.77","Redneck Rampage"
"Demolition Man","8305","Demolition Man","36360","3720","125","2","10","0","0","9.77","Demolition Man"
"Harlequin","8306","Harlequin","62640","6420","569","1","3","0","0","9.76","Harlequin"
"Killing Time","8307","Killing Time","43320","4440","105","3","20","0","0","9.76","Killing Time"
"Spider-Man 2","8308","Spider-Man 2","449580","46080","719","3","190","0","0","9.76","Spider-Man 2"
"Barney's Hide and Seek Game","8309","Barney's Hide and Seek Game","245820","25200","1954","2","28","0","0","9.75","Barney's Hide and Seek Game"
"Soldier Front 2","8310","Soldier Front 2","837420","85920","3256","3","183","1","0","9.75","Soldier Front 2"
"Ape Escape 2","8311","Ape Escape 2","891180","91440","762","5","881","1","0","9.75","Ape Escape 2"
"LEGO Harry Potter: Years 5-7","8312","LEGO Harry Potter: Years 5-7","680100","69720","403","3","185","1","0","9.75","LEGO Harry Potter: Years 5-7"
"Skull","8313","Skull","2340","240","12","1","1","0","0","9.75","Skull"
"The King of Fighters 2006","8314","The King of Fighters 2006","14040","1440","21","1","6","0","0","9.75","The King of Fighters 2006"
"Dream Mix TV World Fighters","8315","Dream Mix TV World Fighters","4680","480","41","1","5","0","0","9.75","Dream Mix TV World Fighters"
"Dewy's Adventure","8316","Dewy's Adventure","7020","720","17","1","2","0","0","9.75","Dewy's Adventure"
"Cryamore","8317","Cryamore","2340","240","25","1","2","0","0","9.75","Cryamore"
"Arena Gods","8318","Arena Gods","4680","480","15","1","3","0","0","9.75","Arena Gods"
"Supercar Challenge","8319","Supercar Challenge","2340","240","16","1","1","0","0","9.75","Supercar Challenge"
"Gunnihilation","8320","Gunnihilation","6420","660","28","1","3","0","0","9.73","Gunnihilation"
"Tumble Pop","8321","Tumble Pop","23940","2460","396","1","6","0","0","9.73","Tumble Pop"
"A Wizard's Lizard","8322","A Wizard's Lizard","134280","13800","311","2","70","0","0","9.73","A Wizard's Lizard"
"Navyfield 2","8323","Navyfield 2","23340","2400","106","1","11","0","0","9.72","Navyfield 2"
"Hearts of Iron III","8324","Hearts of Iron III","445740","45840","1897","3","124","0","0","9.72","Hearts of Iron III"
"Contagion","8325","Contagion","2217660","228240","5154","7","1284","4","0","9.72","Contagion"
"NEO AQUARIUM - The King of Crustaceans -","8326","NEO AQUARIUM - The King of Crustaceans -","58320","6000","674","2","48","0","0","9.72","NEO AQUARIUM - The King of Crustaceans -"
"Mystery Case Files: Escape from Ravenhearst","8327","Mystery Case Files: Escape from Ravenhearst","8160","840","21","1","3","0","0","9.71","Mystery Case Files: Escape from Ravenhearst"
"Battle Camp","8328","Battle Camp","87420","9000","252","10","29","0","0","9.71","Battle Camp"
"Vampire Rain: Altered Species","8329","Vampire Rain: Altered Species","4080","420","23","1","4","0","0","9.71","Vampire Rain: Altered Species"
"The Wild Eight","8330","The Wild Eight","37260","3840","81","2","27","0","0","9.7","The Wild Eight"
"Guitar Hero World Tour","8331","Guitar Hero World Tour","1023480","105540","976","3","401","1","0","9.7","Guitar Hero World Tour"
"Call of Juarez: Bound in Blood","8332","Call of Juarez: Bound in Blood","275220","28380","413","2","98","0","0","9.7","Call of Juarez: Bound in Blood"
"Cool Boarders 2","8333","Cool Boarders 2","15720","1620","165","1","10","0","0","9.7","Cool Boarders 2"
"Spelunker","8334","Spelunker","50580","5220","308","1","33","0","0","9.69","Spelunker"
"Borderlands 2","8335","Borderlands 2","136248900","14053980","16120","113","33300","258","26","9.69","Borderlands 2"
"Kingpin","8336","Kingpin","9300","960","42","1","5","0","0","9.69","Kingpin"
"Sakura Taisen: Atsuki Chishio Ni","8337","Sakura Taisen: Atsuki Chishio Ni","24420","2520","57","1","6","0","0","9.69","Sakura Taisen: Atsuki Chishio Ni"
"F.E.A.R. Combat","8338","F.E.A.R. Combat","138960","14340","274","2","81","0","0","9.69","F.E.A.R. Combat"
"Driv3r","8339","Driv3r","94800","9780","190","2","32","0","0","9.69","Driv3r"
"Pro Wrestling X","8340","Pro Wrestling X","39540","4080","22","1","2","0","0","9.69","Pro Wrestling X"
"Alcahest","8341","Alcahest","51720","5340","84","1","12","0","0","9.69","Alcahest"
"Taz in Escape from Mars","8342","Taz in Escape from Mars","11040","1140","73","1","6","0","0","9.68","Taz in Escape from Mars"
"Battle of the Immortals","8343","Battle of the Immortals","61560","6360","573","2","24","0","0","9.68","Battle of the Immortals"
"OFF","8344","OFF","762360","78780","664","4","289","1","0","9.68","OFF"
"Xbox LIVE Arcade Compilation Disc","8345","Xbox LIVE Arcade Compilation Disc","11040","1140","29","1","4","0","0","9.68","Xbox LIVE Arcade Compilation Disc"
"Wheel of Fortune: 2nd Edition","8346","Wheel of Fortune: 2nd Edition","3480","360","13","1","2","0","0","9.67","Wheel of Fortune: 2nd Edition"
"Paws & Claws Pet Vet","8347","Paws & Claws Pet Vet","1740","180","17","1","2","0","0","9.67","Paws & Claws Pet Vet"
"Disney's Kim Possible: What's the Switch?","8348","Disney's Kim Possible: What's the Switch?","3480","360","55","1","2","0","0","9.67","Disney's Kim Possible: What's the Switch?"
"Devil World","8349","Devil World","1740","180","19","1","2","0","0","9.67","Devil World"
"Dragon Blaze","8350","Dragon Blaze","1477560","152820","799","4","180","2","0","9.67","Dragon Blaze"
"Wizardry: Labyrinth of Lost Souls","8351","Wizardry: Labyrinth of Lost Souls","1740","180","24","1","3","0","0","9.67","Wizardry: Labyrinth of Lost Souls"
"Spider and Web","8352","Spider and Web","1740","180","13","1","1","0","0","9.67","Spider and Web"
"Greenies","8353","Greenies","1740","180","13","1","1","0","0","9.67","Greenies"
"Half-Life: Counter-Strike","8354","Half-Life: Counter-Strike","3249960","336420","3173","7","892","6","0","9.66","Half-Life: Counter-Strike"
"Chulip","8355","Chulip","208560","21600","245","2","36","0","0","9.66","Chulip"
"Ninja Gaiden Sigma 2","8356","Ninja Gaiden Sigma 2","444780","46080","361","2","60","0","0","9.65","Ninja Gaiden Sigma 2"
"Dawngate","8357","Dawngate","34740","3600","163","1","17","0","0","9.65","Dawngate"
"The Lord of the Rings Online","8358","The Lord of the Rings Online","11251920","1166700","2700","12","1025","21","2","9.64","The Lord of the Rings Online"
"F.E.A.R. 2: Project Origin","8359","F.E.A.R. 2: Project Origin","2096820","217680","2014","6","866","3","0","9.63","F.E.A.R. 2: Project Origin"
"Bubble Bobble: Part 2","8360","Bubble Bobble: Part 2","10980","1140","45","1","6","0","0","9.63","Bubble Bobble: Part 2"
"Poncho","8361","Poncho","52560","5460","137","1","32","0","0","9.63","Poncho"
"What the Block","8362","What the Block","9240","960","59","1","10","0","0","9.63","What the Block"
"Guardian's Sword","8363","Guardian's Sword","9240","960","21","1","1","0","0","9.63","Guardian's Sword"
"Call of Duty: Black Ops II","8364","Call of Duty: Black Ops II","172989720","17981040","21911","100","29864","328","34","9.62","Call of Duty: Black Ops II"
"Dai-2-Ji Super Robot Taisen Z Saisei-hen","8365","Dai-2-Ji Super Robot Taisen Z Saisei-hen","254340","26460","249","2","23","0","0","9.61","Dai-2-Ji Super Robot Taisen Z Saisei-hen"
"Oknytt","8366","Oknytt","35760","3720","160","2","17","0","0","9.61","Oknytt"
"BS F-Zero 2 Grand Prix","8367","BS F-Zero 2 Grand Prix","17280","1800","26","1","4","0","0","9.6","BS F-Zero 2 Grand Prix"
"Valkyria Chronicles","8368","Valkyria Chronicles","11818320","1231260","4397","38","3353","22","2","9.6","Valkyria Chronicles"
"Jagged Alliance 2","8369","Jagged Alliance 2","365760","38100","521","3","62","0","0","9.6","Jagged Alliance 2"
"Devil May Cry 3: Dante's Awakening","8370","Devil May Cry 3: Dante's Awakening","405780","42300","711","2","150","0","0","9.59","Devil May Cry 3: Dante's Awakening"
"Drill Dozer","8371","Drill Dozer","113400","11820","289","2","37","0","0","9.59","Drill Dozer"
"Imperium Galactica","8372","Imperium Galactica","22440","2340","44","1","4","0","0","9.59","Imperium Galactica"
"Sam & Max Episode 303: They Stole Max's Brain","8373","Sam & Max Episode 303: They Stole Max's Brain","18420","1920","24","1","7","0","0","9.59","Sam & Max Episode 303: They Stole Max's Brain"
"Nicktoons Racing","8374","Nicktoons Racing","33900","3540","171","1","9","0","0","9.58","Nicktoons Racing"
"Wings of Prey","8375","Wings of Prey","16080","1680","93","1","9","0","0","9.57","Wings of Prey"
"Dragon Fighter","8376","Dragon Fighter","16080","1680","106","1","7","0","0","9.57","Dragon Fighter"
"Daffy Duck in Hollywood","8377","Daffy Duck in Hollywood","4020","420","16","1","1","0","0","9.57","Daffy Duck in Hollywood"
"Hercules","8378","Hercules","108540","11340","427","1","71","0","0","9.57","Hercules"
"Kick & Fennick","8379","Kick & Fennick","170580","17820","144","4","53","0","0","9.57","Kick & Fennick"
"the Sequence","8380","the Sequence","4020","420","58","1","4","0","0","9.57","the Sequence"
"Assassin's Creed: Revelations","8381","Assassin's Creed: Revelations","1767960","184980","2016","6","494","3","0","9.56","Assassin's Creed: Revelations"
"Scribblenauts Unmasked: A DC Comics Adventure","8382","Scribblenauts Unmasked: A DC Comics Adventure","166260","17400","554","2","107","0","0","9.56","Scribblenauts Unmasked: A DC Comics Adventure"
"Dragon Half","8383","Dragon Half","5160","540","15","1","1","0","0","9.56","Dragon Half"
"Mace: The Dark Age","8384","Mace: The Dark Age","12600","1320","200","1","4","0","0","9.55","Mace: The Dark Age"
"Puyo Pop","8385","Puyo Pop","76200","7980","193","3","26","0","0","9.55","Puyo Pop"
"Fable: The Lost Chapters","8386","Fable: The Lost Chapters","2039100","213480","10629","6","580","3","0","9.55","Fable: The Lost Chapters"
"Fistful of Gun","8387","Fistful of Gun","123780","12960","699","3","83","0","0","9.55","Fistful of Gun"
"Mario Party Fushigi no Challenge World","8388","Mario Party Fushigi no Challenge World","21780","2280","29","1","2","0","0","9.55","Mario Party Fushigi no Challenge World"
"Forza Horizon 3","8389","Forza Horizon 3","83458440","8745660","37343","430","28425","158","16","9.54","Forza Horizon 3"
"My Little Pony: Friendship is Magic","8390","My Little Pony: Friendship is Magic","346320","36300","1220","4","89","0","0","9.54","My Little Pony: Friendship is Magic"
"Disney's Ariel the Little Mermaid","8391","Disney's Ariel the Little Mermaid","7440","780","119","1","6","0","0","9.54","Disney's Ariel the Little Mermaid"
"Faceball 2000","8392","Faceball 2000","39480","4140","95","1","4","0","0","9.54","Faceball 2000"
"Everblue 2","8393","Everblue 2","24600","2580","158","1","6","0","0","9.53","Everblue 2"
"Butt Slam!!!","8394","Butt Slam!!!","21720","2280","71","1","4","0","0","9.53","Butt Slam!!!"
"EDGE","8395","EDGE","105240","11040","92","2","59","0","0","9.53","EDGE"
"Sonic Generations","8396","Sonic Generations","3011880","316080","1657","10","1470","5","0","9.53","Sonic Generations"
"Final Fantasy XIV: Heavensward","8397","Final Fantasy XIV: Heavensward","288659820","30314700","32264","310","32866","547","57","9.52","Final Fantasy XIV: Heavensward"
"Hyperdimension Neptunia Re;Birth1","8398","Hyperdimension Neptunia Re;Birth1","4686540","492240","2005","8","1391","8","0","9.52","Hyperdimension Neptunia Re;Birth1"
"WRC 4","8399","WRC 4","43980","4620","161","2","25","0","0","9.52","WRC 4"
"Curse of the Azure Bonds","8400","Curse of the Azure Bonds","17700","1860","41","1","2","0","0","9.52","Curse of the Azure Bonds"