"","","Game","Watch time","Stream time","Peak viewers","Peak channels","Streamers","Average viewers","Average channels","Average viewer ratio",""
"Phantasy Star IV: The End of the Millennium","5301","Phantasy Star IV: The End of the Millennium","1656240","82020","4792","5","177","3","0","20.19","Phantasy Star IV: The End of the Millennium"
"The Secret Island of Dr. Quandary","5302","The Secret Island of Dr. Quandary","20580","1020","127","1","6","0","0","20.18","The Secret Island of Dr. Quandary"
"Daisenryaku Perfect: Senjou no Hasha","5303","Daisenryaku Perfect: Senjou no Hasha","53280","2640","58","1","1","0","0","20.18","Daisenryaku Perfect: Senjou no Hasha"
"Resident Evil: Revelations 2","5304","Resident Evil: Revelations 2","33146640","1643100","11689","17","13650","62","3","20.17","Resident Evil: Revelations 2"
"The Last Blade 2","5305","The Last Blade 2","658200","32640","1660","4","180","1","0","20.17","The Last Blade 2"
"The Lord of the Rings: The Battle for Middle-earth II - The Rise of the Witch-King","5306","The Lord of the Rings: The Battle for Middle-earth II - The Rise of the Witch-King","947040","46980","6675","3","114","1","0","20.16","The Lord of the Rings: The Battle for Middle-earth II - The Rise of the Witch-King"
"Hover Junkers","5307","Hover Junkers","1205760","59820","16471","5","289","2","0","20.16","Hover Junkers"
"Jump Ultimate Stars","5308","Jump Ultimate Stars","88320","4380","225","2","19","0","0","20.16","Jump Ultimate Stars"
"Naruto: Ultimate Ninja 2","5309","Naruto: Ultimate Ninja 2","47160","2340","220","1","10","0","0","20.15","Naruto: Ultimate Ninja 2"
"Streets of Rogue","5310","Streets of Rogue","356580","17700","791","3","89","0","0","20.15","Streets of Rogue"
"Texas Hold 'em","5311","Texas Hold 'em","285180","14160","607","2","31","0","0","20.14","Texas Hold 'em"
"Lords of the Realm II","5312","Lords of the Realm II","172620","8580","141","1","23","0","0","20.12","Lords of the Realm II"
"Brave Fencer Musashi","5313","Brave Fencer Musashi","1135140","56460","865","3","117","2","0","20.11","Brave Fencer Musashi"
"Final Fantasy VIII","5314","Final Fantasy VIII","37209060","1852260","5061","18","2531","70","3","20.09","Final Fantasy VIII"
"Red Faction","5315","Red Faction","1447680","72060","4239","3","203","2","0","20.09","Red Faction"
"Modern Warfare 2","5316","Modern Warfare 2","70179060","3497040","29917","37","12401","133","6","20.07","Modern Warfare 2"
"Call of Duty: Modern Warfare Reflex Edition","5317","Call of Duty: Modern Warfare Reflex Edition","821460","40920","1409","15","255","1","0","20.07","Call of Duty: Modern Warfare Reflex Edition"
"Captain Blood","5318","Captain Blood","36120","1800","33","1","1","0","0","20.07","Captain Blood"
"Serious Sam: The Second Encounter","5319","Serious Sam: The Second Encounter","1377120","68640","4453","4","265","2","0","20.06","Serious Sam: The Second Encounter"
"Blade and Soul","5320","Blade and Soul","805525020","40177020","67256","1099","43720","1528","76","20.05","Blade and Soul"
"Dark Flame","5321","Dark Flame","24060","1200","166","1","4","0","0","20.05","Dark Flame"
"12HourChallenge","5322","12HourChallenge","4055640","202320","2089","105","433","7","0","20.05","12HourChallenge"
"Bastion","5323","Bastion","10002060","499080","111969","8","2461","18","0","20.04","Bastion"
"Bayonetta 2","5324","Bayonetta 2","3873600","193320","3071","6","526","7","0","20.04","Bayonetta 2"
"Dragon Warrior III","5325","Dragon Warrior III","3640680","181860","4612","5","142","6","0","20.02","Dragon Warrior III"
"Oddworld: Abe's Oddysee New 'n' Tasty!","5326","Oddworld: Abe's Oddysee New 'n' Tasty!","7911900","395280","73963","10","1869","15","0","20.02","Oddworld: Abe's Oddysee New 'n' Tasty!"
"Langrisser I & II","5327","Langrisser I & II","148980","7440","61","1","3","0","0","20.02","Langrisser I & II"
"Tiki Resort","5328","Tiki Resort","1200","60","20","1","1","0","0","20","Tiki Resort"
"Hot Shots Shorties","5329","Hot Shots Shorties","1200","60","20","1","0","0","0","20","Hot Shots Shorties"
"Fatal Fury: Battle Archives Volume 2","5330","Fatal Fury: Battle Archives Volume 2","1200","60","23","1","1","0","0","20","Fatal Fury: Battle Archives Volume 2"
"Sven Co-Op","5331","Sven Co-Op","6607080","330360","33369","25","1781","12","0","20","Sven Co-Op"
"DrawRace","5332","DrawRace","7200","360","94","1","3","0","0","20","DrawRace"
"Robocop","5333","Robocop","134400","6720","477","1","39","0","0","20","Robocop"
"Digital Combat Simulator: UH-1H Huey","5334","Digital Combat Simulator: UH-1H Huey","129600","6480","462","1","17","0","0","20","Digital Combat Simulator: UH-1H Huey"
"Ridge Racer Revolution","5335","Ridge Racer Revolution","12000","600","115","1","6","0","0","20","Ridge Racer Revolution"
"Kidou Senshi V Gundam","5336","Kidou Senshi V Gundam","4800","240","73","1","2","0","0","20","Kidou Senshi V Gundam"
"Escape Velocity","5337","Escape Velocity","7200","360","24","1","2","0","0","20","Escape Velocity"
"Teazle","5338","Teazle","1200","60","21","1","1","0","0","20","Teazle"
"Agni: Queen of Darkness","5339","Agni: Queen of Darkness","1200","60","23","1","1","0","0","20","Agni: Queen of Darkness"
"Bang Bead","5340","Bang Bead","2400","120","24","1","1","0","0","20","Bang Bead"
"Xeno","5341","Xeno","6000","300","72","1","3","0","0","20","Xeno"
"Destroy All Humans! Path of the Furon","5342","Destroy All Humans! Path of the Furon","59880","3000","711","1","19","0","0","19.96","Destroy All Humans! Path of the Furon"
"Space Adventure Cobra: Kuroryuuou no Densetsu","5343","Space Adventure Cobra: Kuroryuuou no Densetsu","22740","1140","55","1","2","0","0","19.95","Space Adventure Cobra: Kuroryuuou no Densetsu"
"Doom Resurrection","5344","Doom Resurrection","20340","1020","249","1","7","0","0","19.94","Doom Resurrection"
"Tokyo Necro","5345","Tokyo Necro","105300","5280","56","1","3","0","0","19.94","Tokyo Necro"
"Dragon Force","5346","Dragon Force","337320","16920","354","2","22","0","0","19.94","Dragon Force"
"Turok: Dinosaur Hunter","5347","Turok: Dinosaur Hunter","2402280","120480","2900","4","370","4","0","19.94","Turok: Dinosaur Hunter"
"Resident Evil: Operation Raccoon City","5348","Resident Evil: Operation Raccoon City","1817640","91200","6927","4","341","3","0","19.93","Resident Evil: Operation Raccoon City"
"Endless Space 2","5349","Endless Space 2","1186320","59520","1105","14","194","2","0","19.93","Endless Space 2"
"Lara Croft Tomb Raider: The Angel of Darkness","5350","Lara Croft Tomb Raider: The Angel of Darkness","773460","38820","1268","3","88","1","0","19.92","Lara Croft Tomb Raider: The Angel of Darkness"
"Nuclear Strike","5351","Nuclear Strike","27480","1380","96","1","3","0","0","19.91","Nuclear Strike"
"Ginger Beyond the Crystal","5352","Ginger Beyond the Crystal","97920","4920","148","2","23","0","0","19.9","Ginger Beyond the Crystal"
"MilitAnt","5353","MilitAnt","21480","1080","85","1","13","0","0","19.89","MilitAnt"
"Factorio","5354","Factorio","134775240","6777540","26241","66","9910","255","12","19.89","Factorio"
"GemCraft Chapter One: The Forgotten","5355","GemCraft Chapter One: The Forgotten","10740","540","82","1","4","0","0","19.89","GemCraft Chapter One: The Forgotten"
"Kirby's Adventure","5356","Kirby's Adventure","1992060","100200","5715","5","382","3","0","19.88","Kirby's Adventure"
"Flash Traffic:  City of Angels","5357","Flash Traffic:  City of Angels","8340","420","51","1","3","0","0","19.86","Flash Traffic:  City of Angels"
"Emergency 2014","5358","Emergency 2014","213060","10740","1424","2","64","0","0","19.84","Emergency 2014"
"Combat Mission: Fortress Italy","5359","Combat Mission: Fortress Italy","7140","360","30","1","1","0","0","19.83","Combat Mission: Fortress Italy"
"Emily Enough: Imprisoned","5360","Emily Enough: Imprisoned","14280","720","148","1","6","0","0","19.83","Emily Enough: Imprisoned"
"Idols Galore!","5361","Idols Galore!","7140","360","59","1","1","0","0","19.83","Idols Galore!"
"The Mask of Zorro","5362","The Mask of Zorro","7140","360","81","3","3","0","0","19.83","The Mask of Zorro"
"Avalon Lords","5363","Avalon Lords","64200","3240","246","1","5","0","0","19.81","Avalon Lords"
"Michael Jackson's Moonwalker","5364","Michael Jackson's Moonwalker","281700","14220","661","5","103","0","0","19.81","Michael Jackson's Moonwalker"
"Pix the Cat","5365","Pix the Cat","370920","18720","1542","2","108","0","0","19.81","Pix the Cat"
"Tales of Symphonia","5366","Tales of Symphonia","14991300","756720","5617","52","1535","28","1","19.81","Tales of Symphonia"
"Kingdom Hearts II","5367","Kingdom Hearts II","27285000","1377420","8782","13","2083","51","2","19.81","Kingdom Hearts II"
"Punch-Out!!","5368","Punch-Out!!","966120","48780","982","3","243","1","0","19.81","Punch-Out!!"
"Shin Megami Tensei: Nocturne","5369","Shin Megami Tensei: Nocturne","4841940","244500","622","5","261","9","0","19.8","Shin Megami Tensei: Nocturne"
"Darkstalkers: The Night Warriors","5370","Darkstalkers: The Night Warriors","92640","4680","214","1","20","0","0","19.79","Darkstalkers: The Night Warriors"
"Star Trek: Deep Space Nine - Harbinger","5371","Star Trek: Deep Space Nine - Harbinger","16620","840","37","1","1","0","0","19.79","Star Trek: Deep Space Nine - Harbinger"
"DUSK-12","5372","DUSK-12","22560","1140","363","1","6","0","0","19.79","DUSK-12"
"The Legend of Dark Witch","5373","The Legend of Dark Witch","365160","18480","2197","4","55","0","0","19.76","The Legend of Dark Witch"
"Rise of the Triad: Dark War","5374","Rise of the Triad: Dark War","64020","3240","103","1","9","0","0","19.76","Rise of the Triad: Dark War"
"Super Pitfall","5375","Super Pitfall","247740","12540","561","3","21","0","0","19.76","Super Pitfall"
"Overruled!","5376","Overruled!","9480","480","68","1","3","0","0","19.75","Overruled!"
"Family Party: 30 Great Games - Obstacle Arcade","5377","Family Party: 30 Great Games - Obstacle Arcade","9480","480","57","1","3","0","0","19.75","Family Party: 30 Great Games - Obstacle Arcade"
"Elemental Story","5378","Elemental Story","67500","3420","112","1","4","0","0","19.74","Elemental Story"
"Frogatto","5379","Frogatto","22500","1140","56","1","3","0","0","19.74","Frogatto"
"Micro Machines 2: Turbo Tournament","5380","Micro Machines 2: Turbo Tournament","41460","2100","108","1","12","0","0","19.74","Micro Machines 2: Turbo Tournament"
"Soulcalibur","5381","Soulcalibur","631140","31980","5243","3","165","1","0","19.74","Soulcalibur"
"Mega Man Battle Network","5382","Mega Man Battle Network","1490100","75540","1067","3","176","2","0","19.73","Mega Man Battle Network"
"Sonic & All-Stars Racing Transformed","5383","Sonic & All-Stars Racing Transformed","6163560","312420","9489","8","1528","11","0","19.73","Sonic & All-Stars Racing Transformed"
"Ori and the Blind Forest","5384","Ori and the Blind Forest","58123560","2945940","125559","39","10933","110","5","19.73","Ori and the Blind Forest"
"Ostrich Island: Escape From Paradise","5385","Ostrich Island: Escape From Paradise","93480","4740","484","2","34","0","0","19.72","Ostrich Island: Escape From Paradise"
"Fernbus Coach Simulator","5386","Fernbus Coach Simulator","742740","37680","1469","3","152","1","0","19.71","Fernbus Coach Simulator"
"Spud!","5387","Spud!","8280","420","76","1","3","0","0","19.71","Spud!"
"NES Remix 2","5388","NES Remix 2","217440","11040","537","2","55","0","0","19.7","NES Remix 2"
"Ninja Gaiden II: The Dark Sword of Chaos","5389","Ninja Gaiden II: The Dark Sword of Chaos","2569800","130500","4297","27","134","4","0","19.69","Ninja Gaiden II: The Dark Sword of Chaos"
"Patapon","5390","Patapon","511500","25980","348","2","81","0","0","19.69","Patapon"
"Power Rangers: Dino Thunder","5391","Power Rangers: Dino Thunder","29520","1500","179","3","9","0","0","19.68","Power Rangers: Dino Thunder"
"Guitar Hero","5392","Guitar Hero","975180","49560","1888","3","220","1","0","19.68","Guitar Hero"
"Twilight Struggle","5393","Twilight Struggle","392040","19920","1747","2","44","0","0","19.68","Twilight Struggle"
"Mad Dog McCree","5394","Mad Dog McCree","31860","1620","127","1","12","0","0","19.67","Mad Dog McCree"
"Super Boy II","5395","Super Boy II","3540","180","31","1","1","0","0","19.67","Super Boy II"
"Ranma 1/2 Ougi Jaanken","5396","Ranma 1/2 Ougi Jaanken","3540","180","25","1","1","0","0","19.67","Ranma 1/2 Ougi Jaanken"
"Dead Island 2","5397","Dead Island 2","53100","2700","674","1","17","0","0","19.67","Dead Island 2"
"Boogie Wings","5398","Boogie Wings","7080","360","61","1","3","0","0","19.67","Boogie Wings"
"Templar Battleforce","5399","Templar Battleforce","109680","5580","436","2","16","0","0","19.66","Templar Battleforce"
"Ultimate Ghosts 'N' Goblins","5400","Ultimate Ghosts 'N' Goblins","163980","8340","118","5","20","0","0","19.66","Ultimate Ghosts 'N' Goblins"