"","","Game","Watch time","Stream time","Peak viewers","Peak channels","Streamers","Average viewers","Average channels","Average viewer ratio",""
"Parasite Eve","5901","Parasite Eve","3862800","225000","5502","5","427","7","0","17.17","Parasite Eve"
"The Tomorrow Children","5902","The Tomorrow Children","1829940","106560","1428","14","1920","3","0","17.17","The Tomorrow Children"
"Picross 3D 2","5903","Picross 3D 2","23700","1380","99","1","9","0","0","17.17","Picross 3D 2"
"Sengoku Basara HD Collection","5904","Sengoku Basara HD Collection","37080","2160","110","1","5","0","0","17.17","Sengoku Basara HD Collection"
"The Book of Unwritten Tales 2","5905","The Book of Unwritten Tales 2","1531620","89280","710","4","185","2","0","17.16","The Book of Unwritten Tales 2"
"Jeopardy","5906","Jeopardy","81360","4740","142","2","13","0","0","17.16","Jeopardy"
"Sudoku for Kids","5907","Sudoku for Kids","27780","1620","147","1","5","0","0","17.15","Sudoku for Kids"
"Mass Effect 3","5908","Mass Effect 3","49230000","2870520","11309","44","4618","93","5","17.15","Mass Effect 3"
"Paladin","5909","Paladin","245940","14340","604","2","91","0","0","17.15","Paladin"
"Bahamut Lagoon","5910","Bahamut Lagoon","306600","17880","262","2","22","0","0","17.15","Bahamut Lagoon"
"Out Of Reach","5911","Out Of Reach","1686540","98340","5806","6","323","3","0","17.15","Out Of Reach"
"Alice VR","5912","Alice VR","37020","2160","210","3","9","0","0","17.14","Alice VR"
"Metroid Prime 2: Echoes","5913","Metroid Prime 2: Echoes","4737900","276420","9614","7","325","8","0","17.14","Metroid Prime 2: Echoes"
"Emily the Strange: Strangerous","5914","Emily the Strange: Strangerous","22620","1320","127","1","10","0","0","17.14","Emily the Strange: Strangerous"
"Pipo Saru 2001","5915","Pipo Saru 2001","8220","480","60","1","3","0","0","17.13","Pipo Saru 2001"
"Eagle Flight","5916","Eagle Flight","658920","38460","3493","7","217","1","0","17.13","Eagle Flight"
"Super Dungeon Run","5917","Super Dungeon Run","17460","1020","290","1","6","0","0","17.12","Super Dungeon Run"
"Monster Hunter","5918","Monster Hunter","484920","28320","627","3","101","0","0","17.12","Monster Hunter"
"The Fear","5919","The Fear","33900","1980","82","1","5","0","0","17.12","The Fear"
"Gradius V","5920","Gradius V","217740","12720","236","2","44","0","0","17.12","Gradius V"
"Star Wars: Yoda Stories","5921","Star Wars: Yoda Stories","57480","3360","74","1","6","0","0","17.11","Star Wars: Yoda Stories"
"SCP Containment Breach","5922","SCP Containment Breach","3474060","203040","3113","7","1270","6","0","17.11","SCP Containment Breach"
"Twisted Metal","5923","Twisted Metal","223680","13080","649","2","68","0","0","17.1","Twisted Metal"
"Civilization II: Test of Time","5924","Civilization II: Test of Time","61560","3600","371","1","12","0","0","17.1","Civilization II: Test of Time"
"DragonBall Fusions","5925","DragonBall Fusions","382740","22380","738","3","26","0","0","17.1","DragonBall Fusions"
"Parodius","5926","Parodius","192780","11280","306","2","61","0","0","17.09","Parodius"
"AaaaaAAaaaAAAaaAAAAaAAAAA!!!: A Reckless Disregard for Gravity","5927","AaaaaAAaaaAAAaaAAAAaAAAAA!!!: A Reckless Disregard for Gravity","70740","4140","560","1","19","0","0","17.09","AaaaaAAaaaAAAaaAAAAaAAAAA!!!: A Reckless Disregard for Gravity"
"Yakuza 5","5928","Yakuza 5","4903080","286920","1928","7","219","9","0","17.09","Yakuza 5"
"Tokimeki Memorial","5929","Tokimeki Memorial","13320","780","66","1","4","0","0","17.08","Tokimeki Memorial"
"Slave Zero","5930","Slave Zero","25620","1500","102","1","10","0","0","17.08","Slave Zero"
"WarioWare Twisted!","5931","WarioWare Twisted!","50220","2940","187","2","10","0","0","17.08","WarioWare Twisted!"
"Grim Fandango","5932","Grim Fandango","4553520","266820","1819","7","3308","8","0","17.07","Grim Fandango"
"Advance Wars 2: Black Hole Rising","5933","Advance Wars 2: Black Hole Rising","887820","52020","1075","2","71","1","0","17.07","Advance Wars 2: Black Hole Rising"
"Black Rose","5934","Black Rose","1386840","81240","3294","4","593","2","0","17.07","Black Rose"
"Wreckfest","5935","Wreckfest","1525860","89460","18525","4","383","2","0","17.06","Wreckfest"
"Soulcalibur V","5936","Soulcalibur V","1475880","86520","1944","3","152","2","0","17.06","Soulcalibur V"
"Shiren the Wanderer","5937","Shiren the Wanderer","751800","44100","4026","3","38","1","0","17.05","Shiren the Wanderer"
"Hoard","5938","Hoard","80820","4740","307","1","26","0","0","17.05","Hoard"
"MapleStory","5939","MapleStory","168061320","9865380","13613","64","8438","318","18","17.04","MapleStory"
"Cloudberry Kingdom","5940","Cloudberry Kingdom","323880","19020","582","3","104","0","0","17.03","Cloudberry Kingdom"
"Kya: Dark Lineage","5941","Kya: Dark Lineage","63300","3720","125","1","14","0","0","17.02","Kya: Dark Lineage"
"Hearthlands","5942","Hearthlands","286860","16860","1904","2","45","0","0","17.01","Hearthlands"
"Syberia II","5943","Syberia II","575700","33840","1284","3","74","1","0","17.01","Syberia II"
"The Book of Unwritten Tales: The Critter Chronicles","5944","The Book of Unwritten Tales: The Critter Chronicles","265380","15600","301","1","26","0","0","17.01","The Book of Unwritten Tales: The Critter Chronicles"
"Cybernator","5945","Cybernator","115260","6780","1201","2","29","0","0","17","Cybernator"
"Mega Man X5","5946","Mega Man X5","1656240","97440","1254","6","275","3","0","17","Mega Man X5"
"Xenon","5947","Xenon","2040","120","20","1","1","0","0","17","Xenon"
"Wardner","5948","Wardner","16320","960","36","1","3","0","0","17","Wardner"
"Iz and Auggie: Escape from Dimension Q","5949","Iz and Auggie: Escape from Dimension Q","4080","240","22","1","1","0","0","17","Iz and Auggie: Escape from Dimension Q"
"Shoot Many Robots: Arena Kings","5950","Shoot Many Robots: Arena Kings","4080","240","43","1","1","0","0","17","Shoot Many Robots: Arena Kings"
"Necromonads","5951","Necromonads","1020","60","18","1","1","0","0","17","Necromonads"
"5X","5952","5X","3060","180","35","1","2","0","0","17","5X"
"The C.H.A.O.S. Continuum","5953","The C.H.A.O.S. Continuum","2040","120","17","1","1","0","0","17","The C.H.A.O.S. Continuum"
"Usagi Jojimbo","5954","Usagi Jojimbo","2040","120","17","1","1","0","0","17","Usagi Jojimbo"
"Malice for Quake","5955","Malice for Quake","4080","240","67","1","2","0","0","17","Malice for Quake"
"Redirection","5956","Redirection","43800","2580","379","3","9","0","0","16.98","Redirection"
"Atelier Sophie: The Alchemist of the Mysterious Book","5957","Atelier Sophie: The Alchemist of the Mysterious Book","2604180","153360","880","10","586","4","0","16.98","Atelier Sophie: The Alchemist of the Mysterious Book"
"Duke Nukem Forever","5958","Duke Nukem Forever","2151840","126720","3979","5","570","4","0","16.98","Duke Nukem Forever"
"Interplanetary","5959","Interplanetary","260640","15360","1097","3","54","0","0","16.97","Interplanetary"
"Battle Circuit","5960","Battle Circuit","29520","1740","241","1","9","0","0","16.97","Battle Circuit"
"Attack on Titan","5961","Attack on Titan","40151580","2365680","43843","196","10480","76","4","16.97","Attack on Titan"
"WTF: Work Time Fun","5962","WTF: Work Time Fun","85440","5040","215","2","9","0","0","16.95","WTF: Work Time Fun"
"Fighting Fantasy: The Warlock of Firetop Mountain","5963","Fighting Fantasy: The Warlock of Firetop Mountain","42720","2520","47","2","5","0","0","16.95","Fighting Fantasy: The Warlock of Firetop Mountain"
"Aliens Versus Predator 2: Primal Hunt","5964","Aliens Versus Predator 2: Primal Hunt","31500","1860","95","1","6","0","0","16.94","Aliens Versus Predator 2: Primal Hunt"
"Sexy Beach","5965","Sexy Beach","15240","900","79","1","5","0","0","16.93","Sexy Beach"
"Sonic the Hedgehog 2","5966","Sonic the Hedgehog 2","5314080","313800","2940","11","1705","10","0","16.93","Sonic the Hedgehog 2"
"Penumbra: Overture","5967","Penumbra: Overture","3191040","188760","5814","8","794","6","0","16.91","Penumbra: Overture"
"Dance Dance Revolution","5968","Dance Dance Revolution","787380","46560","1693","2","72","1","0","16.91","Dance Dance Revolution"
"King Arthur's World","5969","King Arthur's World","43620","2580","350","2","9","0","0","16.91","King Arthur's World"
"Darksiders II","5970","Darksiders II","19432680","1150200","120528","18","4516","36","2","16.9","Darksiders II"
"1001 Spikes","5971","1001 Spikes","1218120","72060","1413","3","261","2","0","16.9","1001 Spikes"
"Paws: A Shelter 2 Game","5972","Paws: A Shelter 2 Game","133860","7920","489","2","46","0","0","16.9","Paws: A Shelter 2 Game"
"Solstice","5973","Solstice","57780","3420","225","2","22","0","0","16.89","Solstice"
"Family Jockey","5974","Family Jockey","9120","540","80","1","1","0","0","16.89","Family Jockey"
"Gratuitous Space Battles 2","5975","Gratuitous Space Battles 2","9120","540","89","1","6","0","0","16.89","Gratuitous Space Battles 2"
"Everybody's Gone to the Rapture","5976","Everybody's Gone to the Rapture","2906640","172080","1771","10","4057","5","0","16.89","Everybody's Gone to the Rapture"
"Jet Force Gemini","5977","Jet Force Gemini","1073340","63600","679","3","118","2","0","16.88","Jet Force Gemini"
"Doctor Hauzer","5978","Doctor Hauzer","8100","480","45","1","2","0","0","16.88","Doctor Hauzer"
"Guilty Gear XX Slash","5979","Guilty Gear XX Slash","15180","900","72","1","5","0","0","16.87","Guilty Gear XX Slash"
"Alien: Isolation","5980","Alien: Isolation","92475660","5485320","10235","74","23474","175","10","16.86","Alien: Isolation"
"Hustle Kings","5981","Hustle Kings","158820","9420","950","2","747","0","0","16.86","Hustle Kings"
"Wipeout 3","5982","Wipeout 3","80940","4800","511","1","29","0","0","16.86","Wipeout 3"
"Rent A Hero No. 1","5983","Rent A Hero No. 1","14160","840","41","1","2","0","0","16.86","Rent A Hero No. 1"
"Mario & Luigi: Superstar Saga","5984","Mario & Luigi: Superstar Saga","2662920","158100","4817","5","368","5","0","16.84","Mario & Luigi: Superstar Saga"
"Hive Jump","5985","Hive Jump","395100","23460","464","4","70","0","0","16.84","Hive Jump"
"Infested Planet","5986","Infested Planet","340440","20220","311","3","78","0","0","16.84","Infested Planet"
"Ys I & II Chronicles","5987","Ys I & II Chronicles","1321680","78480","859","3","149","2","0","16.84","Ys I & II Chronicles"
"Little Samson","5988","Little Samson","319320","18960","599","2","73","0","0","16.84","Little Samson"
"Stray Cat Crossing","5989","Stray Cat Crossing","275820","16380","572","2","75","0","0","16.84","Stray Cat Crossing"
"Star Wars: The Clone Wars","5990","Star Wars: The Clone Wars","35340","2100","225","2","17","0","0","16.83","Star Wars: The Clone Wars"
"Evil Dead: Hail to the King","5991","Evil Dead: Hail to the King","89880","5340","210","2","23","0","0","16.83","Evil Dead: Hail to the King"
"Diddy Kong Racing","5992","Diddy Kong Racing","5126040","304620","8774","7","587","9","0","16.83","Diddy Kong Racing"
"NES Remix Pack","5993","NES Remix Pack","335160","19920","927","2","79","0","0","16.83","NES Remix Pack"
"Lollipop Chainsaw","5994","Lollipop Chainsaw","790620","47040","682","3","139","1","0","16.81","Lollipop Chainsaw"
"Resident Evil: Outbreak - File #2","5995","Resident Evil: Outbreak - File #2","2908440","172980","1398","4","160","5","0","16.81","Resident Evil: Outbreak - File #2"
"Train Simulator 2016","5996","Train Simulator 2016","11919840","709140","1924","10","1274","22","1","16.81","Train Simulator 2016"
"The Mask","5997","The Mask","31260","1860","321","2","16","0","0","16.81","The Mask"
"Mystery House","5998","Mystery House","130020","7740","388","2","25","0","0","16.8","Mystery House"
"Corpse Party 2: Dead Patient","5999","Corpse Party 2: Dead Patient","44340","2640","622","1","11","0","0","16.8","Corpse Party 2: Dead Patient"
"Rhythm Party","6000","Rhythm Party","5040","300","52","1","2","0","0","16.8","Rhythm Party"