"","","Game","Watch time","Stream time","Peak viewers","Peak channels","Streamers","Average viewers","Average channels","Average viewer ratio",""
"Please, Don't Touch Anything","2001","Please, Don't Touch Anything","2120220","70740","3704","4","419","4","0","29.97","Please, Don't Touch Anything"
"Near Death","2002","Near Death","2118060","11280","18594","2","66","4","0","187.77","Near Death"
"Batman: Return to Arkham","2003","Batman: Return to Arkham","2108760","68160","2919","10","189","4","0","30.94","Batman: Return to Arkham"
"Tekken 5","2004","Tekken 5","2108160","36840","5894","4","125","4","0","57.22","Tekken 5"
"UnEpic","2005","UnEpic","2106840","294300","1298","9","838","3","0","7.16","UnEpic"
"Catlateral Damage","2006","Catlateral Damage","2106180","84360","5289","6","646","3","0","24.97","Catlateral Damage"
"Hitman: Codename 47","2007","Hitman: Codename 47","2103960","67620","4135","3","211","3","0","31.11","Hitman: Codename 47"
"Diablo II","2008","Diablo II","2101620","127140","6023","4","436","3","0","16.53","Diablo II"
"Warhammer Online: Age of Reckoning","2009","Warhammer Online: Age of Reckoning","2099100","416580","147","10","373","3","0","5.04","Warhammer Online: Age of Reckoning"
"Call of Cthulhu: Dark Corners of the Earth","2010","Call of Cthulhu: Dark Corners of the Earth","2098200","138420","1626","7","406","3","0","15.16","Call of Cthulhu: Dark Corners of the Earth"
"Dante's Inferno","2011","Dante's Inferno","2097180","68520","2284","2","137","3","0","30.61","Dante's Inferno"
"F.E.A.R. 2: Project Origin","2012","F.E.A.R. 2: Project Origin","2096820","217680","2014","6","866","3","0","9.63","F.E.A.R. 2: Project Origin"
"Defense Grid 2","2013","Defense Grid 2","2093220","316920","518","28","1698","3","0","6.6","Defense Grid 2"
"ActRaiser 2","2014","ActRaiser 2","2091660","25260","1431","3","50","3","0","82.81","ActRaiser 2"
"SpongeBob SquarePants: Lights, Camera, Pants!","2015","SpongeBob SquarePants: Lights, Camera, Pants!","2091480","8280","30754","5","40","3","0","252.59","SpongeBob SquarePants: Lights, Camera, Pants!"
"ICEY","2016","ICEY","2087520","37680","20433","5","206","3","0","55.4","ICEY"
"Baldur's Gate","2017","Baldur's Gate","2087220","350640","2127","7","676","3","0","5.95","Baldur's Gate"
"Dragon Quest VI: Realms of Revelation","2018","Dragon Quest VI: Realms of Revelation","2084880","71700","1735","3","44","3","0","29.08","Dragon Quest VI: Realms of Revelation"
"Battle Girl High School","2019","Battle Girl High School","2083440","67020","1277","4","89","3","0","31.09","Battle Girl High School"
"Street Fighter IV","2020","Street Fighter IV","2080740","77820","7234","3","425","3","0","26.74","Street Fighter IV"
"Carmageddon II: Carpocalypse Now","2021","Carmageddon II: Carpocalypse Now","2073060","6120","5899","2","16","3","0","338.74","Carmageddon II: Carpocalypse Now"
"Darts","2022","Darts","2069580","37740","1179","3","45","3","0","54.84","Darts"
"Driveclub","2023","Driveclub","2068980","1057740","2289","15","6684","3","2","1.96","Driveclub"
"Dead or Alive: Xtreme 2","2024","Dead or Alive: Xtreme 2","2065980","3660","6859","2","24","3","0","564.48","Dead or Alive: Xtreme 2"
"Mario & Luigi: Bowser's Inside Story","2025","Mario & Luigi: Bowser's Inside Story","2063220","44760","1274","3","68","3","0","46.1","Mario & Luigi: Bowser's Inside Story"
"LEGO Marvel Super Heroes","2026","LEGO Marvel Super Heroes","2061780","586560","766","9","2805","3","1","3.52","LEGO Marvel Super Heroes"
"Hektor","2027","Hektor","2061720","49140","1837","6","312","3","0","41.96","Hektor"
"Moving Hazard","2028","Moving Hazard","2060160","32400","20877","5","147","3","0","63.59","Moving Hazard"
"Dragon Warrior II","2029","Dragon Warrior II","2059080","80880","1819","3","61","3","0","25.46","Dragon Warrior II"
"Pause Ahead","2030","Pause Ahead","2055900","14640","65224","2","58","3","0","140.43","Pause Ahead"
"The Witch's House","2031","The Witch's House","2054460","46560","3186","4","215","3","0","44.13","The Witch's House"
"Castlevania II: Simon's Quest","2032","Castlevania II: Simon's Quest","2052120","50400","4511","2","177","3","0","40.72","Castlevania II: Simon's Quest"
"Persona 4: Arena Ultimax","2033","Persona 4: Arena Ultimax","2050800","248220","5538","7","260","3","0","8.26","Persona 4: Arena Ultimax"
"Super Mario Bros. / Duck Hunt","2034","Super Mario Bros. / Duck Hunt","2047140","39720","1740","3","77","3","0","51.54","Super Mario Bros. / Duck Hunt"
"Rusty Lake: Roots","2035","Rusty Lake: Roots","2046720","22860","3234","3","77","3","0","89.53","Rusty Lake: Roots"
"Puzzle Pirates","2036","Puzzle Pirates","2043120","81120","6903","4","160","3","0","25.19","Puzzle Pirates"
"Pony Island","2037","Pony Island","2040480","84360","3119","5","877","3","0","24.19","Pony Island"
"Fable: The Lost Chapters","2038","Fable: The Lost Chapters","2039100","213480","10629","6","580","3","0","9.55","Fable: The Lost Chapters"
"RWBY: Grimm Eclipse","2039","RWBY: Grimm Eclipse","2039040","491700","2080","39","2187","3","0","4.15","RWBY: Grimm Eclipse"
"Kitten Rampage","2040","Kitten Rampage","2033460","3360","31478","2","37","3","0","605.2","Kitten Rampage"
"Blues & Bullets","2041","Blues & Bullets","2031180","82920","2328","5","370","3","0","24.5","Blues & Bullets"
"Flight Unlimited","2042","Flight Unlimited","2031000","120","26536","1","1","3","0","16925","Flight Unlimited"
"King's Quest V: Absence Makes the Heart Go Yonder","2043","King's Quest V: Absence Makes the Heart Go Yonder","2026440","14040","2729","2","37","3","0","144.33","King's Quest V: Absence Makes the Heart Go Yonder"
"Nitroplus Blasterz: Heroines Infinite Duel","2044","Nitroplus Blasterz: Heroines Infinite Duel","2024820","67740","5774","6","692","3","0","29.89","Nitroplus Blasterz: Heroines Infinite Duel"
"Volgarr the Viking","2045","Volgarr the Viking","2024280","191040","2503","5","840","3","0","10.6","Volgarr the Viking"
"Darkwing Duck","2046","Darkwing Duck","2022480","52620","947","3","139","3","0","38.44","Darkwing Duck"
"Cabela's African Adventures","2047","Cabela's African Adventures","2017680","22800","31555","3","101","3","0","88.49","Cabela's African Adventures"
"WolfQuest","2048","WolfQuest","2015760","17580","14277","3","107","3","0","114.66","WolfQuest"
"OneShot","2049","OneShot","2015640","35280","10298","11","161","3","0","57.13","OneShot"
"testinggame","2050","testinggame","2013120","1349640","4461","11","4674","3","2","1.49","testinggame"
"Nether","2051","Nether","2012220","79800","30531","5","361","3","0","25.22","Nether"
"N++","2052","N++","2005260","201960","1468","10","662","3","0","9.93","N++"
"Curse","2053","Curse","2005080","13680","13446","3","63","3","0","146.57","Curse"
"Aftermath","2054","Aftermath","2002800","449700","595","11","1071","3","0","4.45","Aftermath"
"The Warlock of Firetop Mountain","2055","The Warlock of Firetop Mountain","2000100","16500","1909","2","61","3","0","121.22","The Warlock of Firetop Mountain"
"Onimusha 3: Demon Siege","2056","Onimusha 3: Demon Siege","1997940","58140","6148","2","109","3","0","34.36","Onimusha 3: Demon Siege"
"Year Walk","2057","Year Walk","1992780","39120","13272","4","172","3","0","50.94","Year Walk"
"Kirby's Adventure","2058","Kirby's Adventure","1992060","100200","5715","5","382","3","0","19.88","Kirby's Adventure"
"Skies of Arcadia: Legends","2059","Skies of Arcadia: Legends","1991820","150300","878","4","163","3","0","13.25","Skies of Arcadia: Legends"
"Cataclysm: Dark Days Ahead","2060","Cataclysm: Dark Days Ahead","1990560","216960","877","4","208","3","0","9.17","Cataclysm: Dark Days Ahead"
"Prince of Persia Classic","2061","Prince of Persia Classic","1984620","12780","91482","6","75","3","0","155.29","Prince of Persia Classic"
"Forza Horizon","2062","Forza Horizon","1983900","541800","5224","42","3670","3","1","3.66","Forza Horizon"
"Dissidia 012 Final Fantasy","2063","Dissidia 012 Final Fantasy","1982280","114420","670","4","262","3","0","17.32","Dissidia 012 Final Fantasy"
"Prince of Persia: Warrior Within","2064","Prince of Persia: Warrior Within","1981920","153600","625","5","334","3","0","12.9","Prince of Persia: Warrior Within"
"Batman: Arkham VR","2065","Batman: Arkham VR","1981080","17940","7824","6","903","3","0","110.43","Batman: Arkham VR"
"NASCAR Heat Evolution","2066","NASCAR Heat Evolution","1980420","500400","2737","54","1383","3","0","3.96","NASCAR Heat Evolution"
"F.E.A.R. 3","2067","F.E.A.R. 3","1977600","269640","3380","8","1294","3","0","7.33","F.E.A.R. 3"
"Beyond Good & Evil","2068","Beyond Good & Evil","1976640","341820","964","17","1417","3","0","5.78","Beyond Good & Evil"
"Gems of War","2069","Gems of War","1975200","447180","955","10","1896","3","0","4.42","Gems of War"
"Crawl","2070","Crawl","1973700","56100","6028","3","311","3","0","35.18","Crawl"
"Fahrenheit","2071","Fahrenheit","1972200","58860","1999","4","343","3","0","33.51","Fahrenheit"
"Warcraft II: Beyond the Dark Portal","2072","Warcraft II: Beyond the Dark Portal","1971660","52440","1536","2","85","3","0","37.6","Warcraft II: Beyond the Dark Portal"
"Brütal Legend","2073","Brütal Legend","1971480","239940","895","5","943","3","0","8.22","Brütal Legend"
"Chroma Squad","2074","Chroma Squad","1971420","167280","1363","6","495","3","0","11.79","Chroma Squad"
"The Last Crown: Midnight Horror","2075","The Last Crown: Midnight Horror","1968420","4980","9231","4","28","3","0","395.27","The Last Crown: Midnight Horror"
"Equinox","2076","Equinox","1968300","15240","962","2","12","3","0","129.15","Equinox"
"Summer Lesson","2077","Summer Lesson","1962360","8880","7833","5","38","3","0","220.99","Summer Lesson"
"Need for Speed Rivals","2078","Need for Speed Rivals","1958100","1196220","2978","18","6974","3","2","1.64","Need for Speed Rivals"
"Firefall","2079","Firefall","1957080","274140","1115","14","706","3","0","7.14","Firefall"
"Titan Quest","2080","Titan Quest","1953600","246600","5726","15","843","3","0","7.92","Titan Quest"
"Mega Man 3","2081","Mega Man 3","1951860","100020","1705","8","354","3","0","19.51","Mega Man 3"
"Werewolf: The Forsaken","2082","Werewolf: The Forsaken","1950900","9240","1428","1","3","3","0","211.14","Werewolf: The Forsaken"
"Magicka 2","2083","Magicka 2","1944780","166440","5670","6","1645","3","0","11.68","Magicka 2"
"Wild Arms","2084","Wild Arms","1941420","105660","5426","4","125","3","0","18.37","Wild Arms"
"Metal Gear Solid: Portable Ops","2085","Metal Gear Solid: Portable Ops","1940100","16320","1640","2","28","3","0","118.88","Metal Gear Solid: Portable Ops"
"Zombie Apocalypse","2086","Zombie Apocalypse","1937160","1680","19617","4","10","3","0","1153.07","Zombie Apocalypse"
"Enclave","2087","Enclave","1936920","40440","21177","3","160","3","0","47.9","Enclave"
"Gravity Rush 2","2088","Gravity Rush 2","1936560","14160","10974","8","181","3","0","136.76","Gravity Rush 2"
"Dungeon Keeper","2089","Dungeon Keeper","1936500","63720","1848","3","188","3","0","30.39","Dungeon Keeper"
"Guts 'n' Garters in DNA Danger","2090","Guts 'n' Garters in DNA Danger","1936320","540","20333","2","6","3","0","3585.78","Guts 'n' Garters in DNA Danger"
"Kingdoms of Amalur: Reckoning","2091","Kingdoms of Amalur: Reckoning","1928880","395220","3927","7","1056","3","0","4.88","Kingdoms of Amalur: Reckoning"
"Rugrats: I Gotta Go Party","2092","Rugrats: I Gotta Go Party","1925220","2340","25573","4","5","3","0","822.74","Rugrats: I Gotta Go Party"
"The Land Before Time","2093","The Land Before Time","1922160","5220","86830","5","11","3","0","368.23","The Land Before Time"
"Game Room","2094","Game Room","1920960","76680","537","5","176","3","0","25.05","Game Room"
"Shenzhen I/O","2095","Shenzhen I/O","1920600","50820","3583","6","178","3","0","37.79","Shenzhen I/O"
"Robot Unicorn Attack","2096","Robot Unicorn Attack","1917120","10800","8466","2","72","3","0","177.51","Robot Unicorn Attack"
"Cube World","2097","Cube World","1914420","160140","2844","4","590","3","0","11.95","Cube World"
"Azure Dreams","2098","Azure Dreams","1913280","42480","6648","2","73","3","0","45.04","Azure Dreams"
"SteamWorld Heist","2099","SteamWorld Heist","1912800","91020","4678","8","276","3","0","21.02","SteamWorld Heist"
"Zelda's Adventure","2100","Zelda's Adventure","1910100","8820","5874","1","18","3","0","216.56","Zelda's Adventure"