"","","Game","Watch time","Stream time","Peak viewers","Peak channels","Streamers","Average viewers","Average channels","Average viewer ratio",""
"Tony Hawk's Pro Skater 2","3201","Tony Hawk's Pro Skater 2","2704860","67560","8533","3","242","5","0","40.04","Tony Hawk's Pro Skater 2"
"Crimson Room: Decade","3202","Crimson Room: Decade","67260","1680","369","2","12","0","0","40.04","Crimson Room: Decade"
"Untitled Prologue","3203","Untitled Prologue","170520","4260","874","1","18","0","0","40.03","Untitled Prologue"
"The Final Fantasy Legend","3204","The Final Fantasy Legend","497040","12420","2531","2","21","0","0","40.02","The Final Fantasy Legend"
"Penguins of Madagascar","3205","Penguins of Madagascar","21600","540","186","1","4","0","0","40","Penguins of Madagascar"
"Just Dance Kids 2014","3206","Just Dance Kids 2014","7200","180","62","1","2","0","0","40","Just Dance Kids 2014"
"Seireisenshi Spriggan","3207","Seireisenshi Spriggan","4800","120","45","1","2","0","0","40","Seireisenshi Spriggan"
"Super Fire Pro Wrestling 2","3208","Super Fire Pro Wrestling 2","2400","60","41","1","1","0","0","40","Super Fire Pro Wrestling 2"
"Puzzle Bobble Pocket","3209","Puzzle Bobble Pocket","2400","60","40","1","0","0","0","40","Puzzle Bobble Pocket"
"Buzz!: The BIG Quiz","3210","Buzz!: The BIG Quiz","4800","120","49","1","1","0","0","40","Buzz!: The BIG Quiz"
"MUD1","3211","MUD1","100560","2520","679","1","11","0","0","39.9","MUD1"
"Romance of the Three Kingdoms XI","3212","Romance of the Three Kingdoms XI","799260","20040","2581","1","30","1","0","39.88","Romance of the Three Kingdoms XI"
"TypeRacer","3213","TypeRacer","2440140","61200","5462","4","242","4","0","39.87","TypeRacer"
"TinTin: Destination Adventure","3214","TinTin: Destination Adventure","55020","1380","251","1","4","0","0","39.87","TinTin: Destination Adventure"
"KiKi KaiKai","3215","KiKi KaiKai","33480","840","208","1","7","0","0","39.86","KiKi KaiKai"
"Worlds of Ultima: The Savage Empire","3216","Worlds of Ultima: The Savage Empire","50220","1260","63","1","2","0","0","39.86","Worlds of Ultima: The Savage Empire"
"Disney Epic Mickey","3217","Disney Epic Mickey","380160","9540","493","2","18","0","0","39.85","Disney Epic Mickey"
"Final Fight: Double Impact","3218","Final Fight: Double Impact","131460","3300","1918","2","25","0","0","39.84","Final Fight: Double Impact"
"Speed Rumbler","3219","Speed Rumbler","14340","360","123","1","4","0","0","39.83","Speed Rumbler"
"Lufia II: Rise of the Sinistrals","3220","Lufia II: Rise of the Sinistrals","11994360","301440","4608","16","253","22","0","39.79","Lufia II: Rise of the Sinistrals"
"SOS","3221","SOS","205320","5160","309","2","17","0","0","39.79","SOS"
"One Piece Treasure Cruise","3222","One Piece Treasure Cruise","44790180","1126620","1376","13","769","84","2","39.76","One Piece Treasure Cruise"
"LEGO Racers 2","3223","LEGO Racers 2","121680","3060","1981","2","14","0","0","39.76","LEGO Racers 2"
"Rage of Mages II: Necromancer","3224","Rage of Mages II: Necromancer","159780","4020","1066","1","5","0","0","39.75","Rage of Mages II: Necromancer"
"Conveni Dream","3225","Conveni Dream","28620","720","110","1","3","0","0","39.75","Conveni Dream"
"NASCAR","3226","NASCAR","138300","3480","1085","2","13","0","0","39.74","NASCAR"
"Ride to Hell: Retribution","3227","Ride to Hell: Retribution","727020","18300","458","2","67","1","0","39.73","Ride to Hell: Retribution"
"Star Fox Zero","3228","Star Fox Zero","12103500","304680","9066","99","1210","22","0","39.73","Star Fox Zero"
"Space Hulk: Deathwing","3229","Space Hulk: Deathwing","12573360","316500","31947","176","1499","23","0","39.73","Space Hulk: Deathwing"
"Hero Defense - Haunted Island","3230","Hero Defense - Haunted Island","961980","24240","14557","2","109","1","0","39.69","Hero Defense - Haunted Island"
"Tokyo Crash Mobs","3231","Tokyo Crash Mobs","14280","360","60","1","1","0","0","39.67","Tokyo Crash Mobs"
"T.R.A.G.: Tactical Rescue Assault Group","3232","T.R.A.G.: Tactical Rescue Assault Group","138060","3480","238","1","12","0","0","39.67","T.R.A.G.: Tactical Rescue Assault Group"
"Return Fire","3233","Return Fire","26160","660","226","1","6","0","0","39.64","Return Fire"
"Bubsy II","3234","Bubsy II","137940","3480","546","2","20","0","0","39.64","Bubsy II"
"Elf","3235","Elf","33300","840","104","1","3","0","0","39.64","Elf"
"X","3236","X","187860","4740","1694","1","24","0","0","39.63","X"
"Star Fox 64","3237","Star Fox 64","8044260","202980","95832","13","919","15","0","39.63","Star Fox 64"
"Dark Seed","3238","Dark Seed","30900","780","245","1","6","0","0","39.62","Dark Seed"
"NBA Jam 99","3239","NBA Jam 99","11880","300","197","1","2","0","0","39.6","NBA Jam 99"
"RimWorld","3240","RimWorld","276051360","6978900","29626","77","8325","523","13","39.56","RimWorld"
"Gremlins 2: The New Batch","3241","Gremlins 2: The New Batch","1115340","28200","1672","4","87","2","0","39.55","Gremlins 2: The New Batch"
"Axelay","3242","Axelay","244200","6180","875","1","30","0","0","39.51","Axelay"
"Super Mario Advance","3243","Super Mario Advance","1092780","27660","2000","2","99","2","0","39.51","Super Mario Advance"
"Afrika","3244","Afrika","263100","6660","228","1","8","0","0","39.5","Afrika"
"The Final Station","3245","The Final Station","7045080","178440","16918","34","928","13","0","39.48","The Final Station"
"Surgeon Simulator 2013","3246","Surgeon Simulator 2013","10404780","263640","32145","12","3681","19","0","39.47","Surgeon Simulator 2013"
"Wings of Vi","3247","Wings of Vi","13665900","346380","3682","6","573","25","0","39.45","Wings of Vi"
"Crazy Taxi","3248","Crazy Taxi","2718720","68940","5872","4","408","5","0","39.44","Crazy Taxi"
"Party Girls","3249","Party Girls","54420","1380","261","1","6","0","0","39.43","Party Girls"
"Dream TV","3250","Dream TV","16560","420","146","3","2","0","0","39.43","Dream TV"
"Ninja Gaiden","3251","Ninja Gaiden","6590880","167220","74620","5","518","12","0","39.41","Ninja Gaiden"
"Capcom vs. SNK: Millennium Fight 2000","3252","Capcom vs. SNK: Millennium Fight 2000","177240","4500","1137","2","31","0","0","39.39","Capcom vs. SNK: Millennium Fight 2000"
"Betrayal","3253","Betrayal","68520","1740","300","1","8","0","0","39.38","Betrayal"
"ClusterPuck 99","3254","ClusterPuck 99","153600","3900","1232","1","15","0","0","39.38","ClusterPuck 99"
"Hardware Rivals","3255","Hardware Rivals","1118580","28440","6374","6","2732","2","0","39.33","Hardware Rivals"
"StarCrawlers","3256","StarCrawlers","410580","10440","2467","1","39","0","0","39.33","StarCrawlers"
"Invisigun Reloaded","3257","Invisigun Reloaded","63720","1620","392","1","11","0","0","39.33","Invisigun Reloaded"
"Terminator","3258","Terminator","155700","3960","188","1","16","0","0","39.32","Terminator"
"Mega Man II","3259","Mega Man II","1611660","41040","5482","7","144","3","0","39.27","Mega Man II"
"Street Fighter Alpha 3","3260","Street Fighter Alpha 3","1708200","43500","6510","3","191","3","0","39.27","Street Fighter Alpha 3"
"OverBlood 2","3261","OverBlood 2","106020","2700","195","1","7","0","0","39.27","OverBlood 2"
"Lumines Plus","3262","Lumines Plus","25920","660","228","1","4","0","0","39.27","Lumines Plus"
"Democracy 3","3263","Democracy 3","2746440","69960","8142","8","378","5","0","39.26","Democracy 3"
"Mario Party 5","3264","Mario Party 5","4480140","114180","2639","5","540","8","0","39.24","Mario Party 5"
"International Track and Field 2000","3265","International Track and Field 2000","30600","780","248","1","6","0","0","39.23","International Track and Field 2000"
"Just Dance 2016","3266","Just Dance 2016","22344780","569640","6160","10","1599","42","1","39.23","Just Dance 2016"
"Farming World","3267","Farming World","32940","840","166","1","4","0","0","39.21","Farming World"
"The Beginner's Guide","3268","The Beginner's Guide","4471800","114060","11127","5","756","8","0","39.21","The Beginner's Guide"
"Star Command: Galaxies","3269","Star Command: Galaxies","159840","4080","1301","1","9","0","0","39.18","Star Command: Galaxies"
"RUINER","3270","RUINER","42300","1080","107","1","2","0","0","39.17","RUINER"
"Anna","3271","Anna","1365120","34860","4617","4","117","2","0","39.16","Anna"
"Mario Party 9","3272","Mario Party 9","1265100","32340","2208","3","80","2","0","39.12","Mario Party 9"
"Space Ace","3273","Space Ace","243660","6240","1405","1","17","0","0","39.05","Space Ace"
"TrackMania Nations ESWC","3274","TrackMania Nations ESWC","70260","1800","266","1","11","0","0","39.03","TrackMania Nations ESWC"
"Indigo Prophecy","3275","Indigo Prophecy","4492920","115200","7450","5","455","8","0","39","Indigo Prophecy"
"Thunder in Paradise Interactive","3276","Thunder in Paradise Interactive","18720","480","68","1","2","0","0","39","Thunder in Paradise Interactive"
"Xybots","3277","Xybots","11700","300","81","1","2","0","0","39","Xybots"
"Neptune Flux","3278","Neptune Flux","16380","420","88","1","3","0","0","39","Neptune Flux"
"The Sims Medieval","3279","The Sims Medieval","1048020","26880","717","2","84","1","0","38.99","The Sims Medieval"
"Slender: The Eight Pages","3280","Slender: The Eight Pages","3605400","92520","4190","6","788","6","0","38.97","Slender: The Eight Pages"
"The Pirates of Dark Water","3281","The Pirates of Dark Water","299280","7680","557","2","32","0","0","38.97","The Pirates of Dark Water"
"The Isle","3282","The Isle","23521200","603780","23487","11","755","44","1","38.96","The Isle"
"Subnautica","3283","Subnautica","224039700","5750340","32141","63","14986","425","10","38.96","Subnautica"
"Neighbours From Hell","3284","Neighbours From Hell","572520","14700","1007","3","89","1","0","38.95","Neighbours From Hell"
"Vertiginous Golf","3285","Vertiginous Golf","1004580","25800","14713","4","188","1","0","38.94","Vertiginous Golf"
"Mega Man Battle Network Chrono X","3286","Mega Man Battle Network Chrono X","81780","2100","440","2","11","0","0","38.94","Mega Man Battle Network Chrono X"
"Evoland 2: A Slight Case of Spacetime Continuum Disorder","3287","Evoland 2: A Slight Case of Spacetime Continuum Disorder","10830900","278160","8487","6","634","20","0","38.94","Evoland 2: A Slight Case of Spacetime Continuum Disorder"
"Deadbolt","3288","Deadbolt","3610800","92760","22175","12","500","6","0","38.93","Deadbolt"
"The Cat Lady","3289","The Cat Lady","6744840","173400","6656","6","406","12","0","38.9","The Cat Lady"
"Romance of the Three Kingdoms IX","3290","Romance of the Three Kingdoms IX","79260","2040","772","1","7","0","0","38.85","Romance of the Three Kingdoms IX"
"Image Fight","3291","Image Fight","27960","720","112","1","4","0","0","38.83","Image Fight"
"Nier","3292","Nier","5700420","146820","1678","4","188","10","0","38.83","Nier"
"Resident Evil 2 (1998)","3293","Resident Evil 2 (1998)","38639460","995040","93275","12","1665","73","1","38.83","Resident Evil 2 (1998)"
"Blitz Breaker","3294","Blitz Breaker","551820","14220","1907","2","41","1","0","38.81","Blitz Breaker"
"Nekopara Vol.1","3295","Nekopara Vol.1","5214000","134460","30870","4","716","9","0","38.78","Nekopara Vol.1"
"WWE Crush Hour","3296","WWE Crush Hour","41880","1080","195","1","7","0","0","38.78","WWE Crush Hour"
"Monster Lab","3297","Monster Lab","9300","240","150","1","2","0","0","38.75","Monster Lab"
"Mirror's Edge Catalyst","3298","Mirror's Edge Catalyst","45522360","1174800","34459","105","9485","86","2","38.75","Mirror's Edge Catalyst"
"CHKN","3299","CHKN","462660","11940","3148","2","52","0","0","38.75","CHKN"
"The Legend of Zelda: Majora's Mask 3D","3300","The Legend of Zelda: Majora's Mask 3D","4813440","124260","1453","5","139","9","0","38.74","The Legend of Zelda: Majora's Mask 3D"