"","","Game","Watch time","Stream time","Peak viewers","Peak channels","Streamers","Average viewers","Average channels","Average viewer ratio",""
"NieR Automata","1301","NieR Automata","5166600","66600","17471","30","811","9","0","77.58","NieR Automata"
"Pokémon XD: Gale of Darkness","1302","Pokémon XD: Gale of Darkness","5162220","208680","3137","6","500","9","0","24.74","Pokémon XD: Gale of Darkness"
"Mother Russia Bleeds","1303","Mother Russia Bleeds","5161200","114360","29979","16","656","9","0","45.13","Mother Russia Bleeds"
"X-Plane 10","1304","X-Plane 10","5157600","665160","3057","9","750","9","1","7.75","X-Plane 10"
"ChromaGun","1305","ChromaGun","5133900","195060","13079","9","1360","9","0","26.32","ChromaGun"
"New Super Mario Bros. U","1306","New Super Mario Bros. U","5127720","184620","2691","6","583","9","0","27.77","New Super Mario Bros. U"
"Diddy Kong Racing","1307","Diddy Kong Racing","5126040","304620","8774","7","587","9","0","16.83","Diddy Kong Racing"
"Plants vs. Zombies: Garden Warfare","1308","Plants vs. Zombies: Garden Warfare","5117760","1126680","3891","27","8656","9","2","4.54","Plants vs. Zombies: Garden Warfare"
"Pokémon Black/White","1309","Pokémon Black/White","5116200","467820","1699","8","1368","9","0","10.94","Pokémon Black/White"
"Low G Man: The Low Gravity Man","1310","Low G Man: The Low Gravity Man","5113020","3300","78800","6","16","9","0","1549.4","Low G Man: The Low Gravity Man"
"Yakuza","1311","Yakuza","5097000","118320","3519","8","183","9","0","43.08","Yakuza"
"Trials of the Blood Dragon","1312","Trials of the Blood Dragon","5072160","112860","4756","13","634","9","0","44.94","Trials of the Blood Dragon"
"Castlevania: Lords of Shadow","1313","Castlevania: Lords of Shadow","5071080","292320","2087","6","701","9","0","17.35","Castlevania: Lords of Shadow"
"Sonic Adventure 2","1314","Sonic Adventure 2","5060520","349380","5841","7","1473","9","0","14.48","Sonic Adventure 2"
"Zombie Night Terror","1315","Zombie Night Terror","5059680","68820","14806","12","338","9","0","73.52","Zombie Night Terror"
"Burning Rangers","1316","Burning Rangers","5058360","5340","87092","7","24","9","0","947.26","Burning Rangers"
"Risk II","1317","Risk II","5052240","8040","1291","1","4","9","0","628.39","Risk II"
"Psychonauts","1318","Psychonauts","5042820","387600","9316","8","1482","9","0","13.01","Psychonauts"
"Operation C","1319","Operation C","5034660","109320","30367","4","393","9","0","46.05","Operation C"
"OverBlood","1320","OverBlood","5029560","6780","8752","2","28","9","0","741.82","OverBlood"
"The Last Door","1321","The Last Door","5023980","65220","10662","5","179","9","0","77.03","The Last Door"
"Rory McIlroy PGA Tour","1322","Rory McIlroy PGA Tour","5017560","1089300","4119","21","3852","9","2","4.61","Rory McIlroy PGA Tour"
"Petka and Vasily Ivanovich save the galaxy","1323","Petka and Vasily Ivanovich save the galaxy","5007060","8760","11160","4","26","9","0","571.58","Petka and Vasily Ivanovich save the galaxy"
"Natural Selection II","1324","Natural Selection II","5002380","633000","15799","8","934","9","1","7.9","Natural Selection II"
"Hide and Shriek","1325","Hide and Shriek","4981800","77400","32512","23","587","9","0","64.36","Hide and Shriek"
"The Playroom","1326","The Playroom","4969140","9491700","907","60","37","9","18","0.52","The Playroom"
"Lovers in a Dangerous Spacetime","1327","Lovers in a Dangerous Spacetime","4966800","150660","23815","11","747","9","0","32.97","Lovers in a Dangerous Spacetime"
"Super Smash Bros. for Nintendo 3DS","1328","Super Smash Bros. for Nintendo 3DS","4958580","399180","206","8","464","9","0","12.42","Super Smash Bros. for Nintendo 3DS"
"Hammerwatch","1329","Hammerwatch","4952640","208260","14757","7","939","9","0","23.78","Hammerwatch"
"Disney's Aladdin","1330","Disney's Aladdin","4947420","91500","159239","15","307","9","0","54.07","Disney's Aladdin"
"Mahjong","1331","Mahjong","4941540","162060","3552","4","202","9","0","30.49","Mahjong"
"Warriors Orochi 3","1332","Warriors Orochi 3","4931220","872160","2072","77","4430","9","1","5.65","Warriors Orochi 3"
"Hudson Hawk","1333","Hudson Hawk","4927860","900","83447","7","14","9","0","5475.4","Hudson Hawk"
"Yakuza 5","1334","Yakuza 5","4903080","286920","1928","7","219","9","0","17.09","Yakuza 5"
"Soda Drinker Pro","1335","Soda Drinker Pro","4900080","30900","24324","7","189","9","0","158.58","Soda Drinker Pro"
"The Uncertain: Episode 1 - The Last Quiet Day","1336","The Uncertain: Episode 1 - The Last Quiet Day","4893420","21000","25433","8","113","9","0","233.02","The Uncertain: Episode 1 - The Last Quiet Day"
"Braid","1337","Braid","4886760","94740","98983","6","424","9","0","51.58","Braid"
"The Last Leviathan","1338","The Last Leviathan","4883160","21060","36222","10","121","9","0","231.87","The Last Leviathan"
"Metal Gear 2: Solid Snake","1339","Metal Gear 2: Solid Snake","4882680","34380","2882","2","57","9","0","142.02","Metal Gear 2: Solid Snake"
"The Secret World","1340","The Secret World","4878720","972420","810","12","1254","9","1","5.02","The Secret World"
"The Price is Right","1341","The Price is Right","4870500","13920","7981","2","18","9","0","349.89","The Price is Right"
"Stories: The Path of Destinies","1342","Stories: The Path of Destinies","4858260","511980","3680","38","2747","9","0","9.49","Stories: The Path of Destinies"
"Call of Duty","1343","Call of Duty","4857960","397200","8034","7","2096","9","0","12.23","Call of Duty"
"Rapid Angel","1344","Rapid Angel","4848300","1860","77590","4","8","9","0","2606.61","Rapid Angel"
"Dungeon of the Endless","1345","Dungeon of the Endless","4846980","385920","3127","11","1476","9","0","12.56","Dungeon of the Endless"
"Shin Megami Tensei: Nocturne","1346","Shin Megami Tensei: Nocturne","4841940","244500","622","5","261","9","0","19.8","Shin Megami Tensei: Nocturne"
"Sherlock Holmes: Crimes and Punishments","1347","Sherlock Holmes: Crimes and Punishments","4841520","727140","1246","61","3637","9","1","6.66","Sherlock Holmes: Crimes and Punishments"
"Dragon Egg","1348","Dragon Egg","4834380","840","78538","4","8","9","0","5755.21","Dragon Egg"
"Sonic Adventure DX: Director's Cut","1349","Sonic Adventure DX: Director's Cut","4825500","421020","1356","18","1430","9","0","11.46","Sonic Adventure DX: Director's Cut"
"The Legend of Zelda: Majora's Mask 3D","1350","The Legend of Zelda: Majora's Mask 3D","4813440","124260","1453","5","139","9","0","38.74","The Legend of Zelda: Majora's Mask 3D"
"Castlevania: Bloodlines","1351","Castlevania: Bloodlines","4812900","38520","137973","19","167","9","0","124.95","Castlevania: Bloodlines"
"WolfTeam","1352","WolfTeam","4808520","97560","6696","4","405","9","0","49.29","WolfTeam"
"The Order: 1886","1353","The Order: 1886","4793580","1019760","2499","18","5108","9","1","4.7","The Order: 1886"
"Final Fantasy III","1354","Final Fantasy III","4776000","317760","2858","7","759","9","0","15.03","Final Fantasy III"
"State of Decay: Year-One Survival Edition","1355","State of Decay: Year-One Survival Edition","4772580","1247880","2305","14","4154","9","2","3.82","State of Decay: Year-One Survival Edition"
"Metroid Prime 2: Echoes","1356","Metroid Prime 2: Echoes","4737900","276420","9614","7","325","8","0","17.14","Metroid Prime 2: Echoes"
"Cook, Serve, Delicious!","1357","Cook, Serve, Delicious!","4736280","233700","4268","5","1019","8","0","20.27","Cook, Serve, Delicious!"
"Kingdom Rush Frontiers","1358","Kingdom Rush Frontiers","4726260","44280","17814","6","148","8","0","106.74","Kingdom Rush Frontiers"
"Fibbage","1359","Fibbage","4724340","368820","2248","15","2605","8","0","12.81","Fibbage"
"Creativerse","1360","Creativerse","4718580","1059960","3982","16","3155","8","2","4.45","Creativerse"
"Alundra","1361","Alundra","4712280","138420","1044","4","138","8","0","34.04","Alundra"
"Trine 2","1362","Trine 2","4707540","333960","3023","6","1434","8","0","14.1","Trine 2"
"Final Fantasy Mystic Quest","1363","Final Fantasy Mystic Quest","4705080","146280","4029","5","234","8","0","32.16","Final Fantasy Mystic Quest"
"Brave Frontier","1364","Brave Frontier","4698960","676020","500","8","606","8","1","6.95","Brave Frontier"
"Batman: Arkham Asylum","1365","Batman: Arkham Asylum","4695900","664680","677","12","2344","8","1","7.06","Batman: Arkham Asylum"
"Tropico 4","1366","Tropico 4","4693680","151020","2435","14","616","8","0","31.08","Tropico 4"
"Hyperdimension Neptunia Re;Birth1","1367","Hyperdimension Neptunia Re;Birth1","4686540","492240","2005","8","1391","8","0","9.52","Hyperdimension Neptunia Re;Birth1"
"Doom 4","1368","Doom 4","4685400","214800","4863","91","1001","8","0","21.81","Doom 4"
"Tomb Raider II","1369","Tomb Raider II","4681320","285180","5919","7","415","8","0","16.42","Tomb Raider II"
"Minesweeper","1370","Minesweeper","4668300","265140","20221","5","1275","8","0","17.61","Minesweeper"
"Broken Age","1371","Broken Age","4667400","291780","3740","7","968","8","0","16","Broken Age"
"Rampage Knights","1372","Rampage Knights","4659960","160680","11805","4","645","8","0","29","Rampage Knights"
"Final Fantasy Explorers","1373","Final Fantasy Explorers","4656480","197760","2698","29","227","8","0","23.55","Final Fantasy Explorers"
"Ni no Kuni: Wrath of the White Witch","1374","Ni no Kuni: Wrath of the White Witch","4647540","278340","1004","5","304","8","0","16.7","Ni no Kuni: Wrath of the White Witch"
"Dead Rising 2: Off the Record","1375","Dead Rising 2: Off the Record","4632000","281100","2671","15","1027","8","0","16.48","Dead Rising 2: Off the Record"
"Mabinogi","1376","Mabinogi","4625400","982500","854","12","1104","8","1","4.71","Mabinogi"
"Clock Tower 3","1377","Clock Tower 3","4621560","42660","10431","3","97","8","0","108.33","Clock Tower 3"
"Fable II","1378","Fable II","4612020","363900","1775","6","1086","8","0","12.67","Fable II"
"The Vanishing of Ethan Carter","1379","The Vanishing of Ethan Carter","4612020","343020","1546","7","1551","8","0","13.45","The Vanishing of Ethan Carter"
"Verdun","1380","Verdun","4611240","604620","11652","24","2952","8","1","7.63","Verdun"
"Unreal Tournament","1381","Unreal Tournament","4610880","642720","6709","10","2324","8","1","7.17","Unreal Tournament"
"Mario & Luigi: Paper Jam","1382","Mario & Luigi: Paper Jam","4605780","61500","1235","11","80","8","0","74.89","Mario & Luigi: Paper Jam"
"Motorsport Manager","1383","Motorsport Manager","4597140","297180","1081","21","444","8","0","15.47","Motorsport Manager"
"Bubble Ghost","1384","Bubble Ghost","4591800","4680","77412","5","21","8","0","981.15","Bubble Ghost"
"Cave Story","1385","Cave Story","4578240","302940","21207","6","1107","8","0","15.11","Cave Story"
"Mortal Kombat","1386","Mortal Kombat","4566660","203280","6424","4","1138","8","0","22.46","Mortal Kombat"
"SimCity","1387","SimCity","4564920","274320","7302","9","1246","8","0","16.64","SimCity"
"Grim Fandango","1388","Grim Fandango","4553520","266820","1819","7","3308","8","0","17.07","Grim Fandango"
"Cookie Clicker","1389","Cookie Clicker","4550280","234000","1023","5","471","8","0","19.45","Cookie Clicker"
"Bravely Default","1390","Bravely Default","4538160","73440","5420","5","82","8","0","61.79","Bravely Default"
"Hitman 2: Silent Assassin","1391","Hitman 2: Silent Assassin","4533840","82320","5541","5","244","8","0","55.08","Hitman 2: Silent Assassin"
"Super Punch-Out!!","1392","Super Punch-Out!!","4528860","64080","147381","17","299","8","0","70.68","Super Punch-Out!!"
"Nidhogg","1393","Nidhogg","4525680","147900","16607","6","1200","8","0","30.6","Nidhogg"
"Rugrats Go Wild","1394","Rugrats Go Wild","4525200","2280","32356","6","11","8","0","1984.74","Rugrats Go Wild"
"Doorways: Holy Mountains of Flesh","1395","Doorways: Holy Mountains of Flesh","4524540","49920","33537","29","210","8","0","90.64","Doorways: Holy Mountains of Flesh"
"Marvel vs. Capcom 2: New Age of Heroes","1396","Marvel vs. Capcom 2: New Age of Heroes","4495500","85560","22373","5","228","8","0","52.54","Marvel vs. Capcom 2: New Age of Heroes"
"Indigo Prophecy","1397","Indigo Prophecy","4492920","115200","7450","5","455","8","0","39","Indigo Prophecy"
"Octodad: Dadliest Catch","1398","Octodad: Dadliest Catch","4490280","364620","5443","8","2635","8","0","12.31","Octodad: Dadliest Catch"
"Zombie Army Trilogy","1399","Zombie Army Trilogy","4485660","1558740","923","21","7188","8","2","2.88","Zombie Army Trilogy"
"Onigiri","1400","Onigiri","4484940","1808220","419","20","5377","8","3","2.48","Onigiri"