"","","Game","Watch time","Stream time","Peak viewers","Peak channels","Streamers","Average viewers","Average channels","Average viewer ratio",""
"GoldenEye 007","6301","GoldenEye 007","9209340","595140","3646","17","822","17","1","15.47","GoldenEye 007"
"Final Fantasy XIII","6302","Final Fantasy XIII","25486320","1648020","6074","17","2959","48","3","15.46","Final Fantasy XIII"
"S.T.A.L.K.E.R.: Shadow of Chernobyl","6303","S.T.A.L.K.E.R.: Shadow of Chernobyl","20130420","1302120","5513","17","3109","38","2","15.46","S.T.A.L.K.E.R.: Shadow of Chernobyl"
"Bit.Trip Core","6304","Bit.Trip Core","12060","780","71","1","5","0","0","15.46","Bit.Trip Core"
"Army of Two: The Devil's Cartel","6305","Army of Two: The Devil's Cartel","156420","10140","319","2","39","0","0","15.43","Army of Two: The Devil's Cartel"
"Jack In the Box","6306","Jack In the Box","196140","12720","688","2","84","0","0","15.42","Jack In the Box"
"Gods Will Be Watching","6307","Gods Will Be Watching","755760","49020","2304","4","209","1","0","15.42","Gods Will Be Watching"
"Xena  Warrior Princess","6308","Xena  Warrior Princess","41640","2700","81","1","10","0","0","15.42","Xena  Warrior Princess"
"8","6309","8","11100","720","175","1","28","0","0","15.42","8"
"Hand of the Gods","6310","Hand of the Gods","346800","22500","1036","5","103","0","0","15.41","Hand of the Gods"
"The Happy Hereafter","6311","The Happy Hereafter","24960","1620","122","1","7","0","0","15.41","The Happy Hereafter"
"Age of Mythology: Extended Edition","6312","Age of Mythology: Extended Edition","6213060","403080","3750","10","1090","11","0","15.41","Age of Mythology: Extended Edition"
"Advent Rising","6313","Advent Rising","222840","14460","317","2","37","0","0","15.41","Advent Rising"
"Aero Fighters","6314","Aero Fighters","48960","3180","143","2","21","0","0","15.4","Aero Fighters"
"Neopets: The Darkest Faerie","6315","Neopets: The Darkest Faerie","192120","12480","365","1","46","0","0","15.39","Neopets: The Darkest Faerie"
"System Shock 2","6316","System Shock 2","2952060","191820","2234","7","600","5","0","15.39","System Shock 2"
"Jones in the Fast Lane","6317","Jones in the Fast Lane","37860","2460","100","2","11","0","0","15.39","Jones in the Fast Lane"
"Nomad Fleet","6318","Nomad Fleet","16620","1080","65","1","7","0","0","15.39","Nomad Fleet"
"Crystal Mines","6319","Crystal Mines","7380","480","58","1","3","0","0","15.38","Crystal Mines"
"Bear in the Big Blue House","6320","Bear in the Big Blue House","24000","1560","132","2","7","0","0","15.38","Bear in the Big Blue House"
"Survival Kids","6321","Survival Kids","55320","3600","145","1","13","0","0","15.37","Survival Kids"
"Pyrite Heart","6322","Pyrite Heart","25800","1680","79","1","11","0","0","15.36","Pyrite Heart"
"Tales of Monkey Island Chapter 1: Launch of the Screaming Narwhal","6323","Tales of Monkey Island Chapter 1: Launch of the Screaming Narwhal","291300","18960","1391","2","77","0","0","15.36","Tales of Monkey Island Chapter 1: Launch of the Screaming Narwhal"
"Seduce Me","6324","Seduce Me","605520","39420","2732","3","128","1","0","15.36","Seduce Me"
"Beyblade","6325","Beyblade","53460","3480","88","1","19","0","0","15.36","Beyblade"
"Superhero League of Hoboken","6326","Superhero League of Hoboken","68160","4440","49","1","5","0","0","15.35","Superhero League of Hoboken"
"Legend of the River King 2","6327","Legend of the River King 2","5520","360","28","1","1","0","0","15.33","Legend of the River King 2"
"Star Wars: Galaxies - Episode III Rage of the Wookiees","6328","Star Wars: Galaxies - Episode III Rage of the Wookiees","2760","180","21","1","1","0","0","15.33","Star Wars: Galaxies - Episode III Rage of the Wookiees"
"Hangeki","6329","Hangeki","2760","180","43","1","1","0","0","15.33","Hangeki"
"Banjo-Pilot","6330","Banjo-Pilot","22080","1440","46","2","7","0","0","15.33","Banjo-Pilot"
"TowerClimb","6331","TowerClimb","1390080","90660","525","5","106","2","0","15.33","TowerClimb"
"UEFA Dream Soccer","6332","UEFA Dream Soccer","5520","360","95","1","4","0","0","15.33","UEFA Dream Soccer"
"Polyball","6333","Polyball","102120","6660","833","2","19","0","0","15.33","Polyball"
"Disney Fairies: Tinker Bell","6334","Disney Fairies: Tinker Bell","8280","540","36","1","3","0","0","15.33","Disney Fairies: Tinker Bell"
"The Haunting of Billy","6335","The Haunting of Billy","13800","900","407","1","5","0","0","15.33","The Haunting of Billy"
"Order & Chaos 2: Redemption","6336","Order & Chaos 2: Redemption","85560","5580","460","1","24","0","0","15.33","Order & Chaos 2: Redemption"
"Maka Maka","6337","Maka Maka","2760","180","19","1","1","0","0","15.33","Maka Maka"
"Kingdom Hearts 358/2 Days","6338","Kingdom Hearts 358/2 Days","673920","43980","1003","2","80","1","0","15.32","Kingdom Hearts 358/2 Days"
"Mega Man Legends 2","6339","Mega Man Legends 2","1370820","89460","944","3","141","2","0","15.32","Mega Man Legends 2"
"Dragon Ball Z: Collectible Card Game","6340","Dragon Ball Z: Collectible Card Game","845760","55200","1771","3","47","1","0","15.32","Dragon Ball Z: Collectible Card Game"
"Last Window: The Secret of Cape West","6341","Last Window: The Secret of Cape West","74460","4860","282","1","6","0","0","15.32","Last Window: The Secret of Cape West"
"SEGA Marine Fishing","6342","SEGA Marine Fishing","54180","3540","72","1","5","0","0","15.31","SEGA Marine Fishing"
"Ufouria: The Saga","6343","Ufouria: The Saga","111180","7260","366","1","20","0","0","15.31","Ufouria: The Saga"
"Bad Rats: the Rats' Revenge","6344","Bad Rats: the Rats' Revenge","1411020","92160","5406","3","511","2","0","15.31","Bad Rats: the Rats' Revenge"
"Aragami","6345","Aragami","4148460","270900","2342","30","1331","7","0","15.31","Aragami"
"Holy Diver","6346","Holy Diver","144120","9420","613","4","31","0","0","15.3","Holy Diver"
"Depth Dwellers","6347","Depth Dwellers","6420","420","37","1","3","0","0","15.29","Depth Dwellers"
"WET","6348","WET","202680","13260","522","2","32","0","0","15.29","WET"
"Colony Wars III: Red Sun","6349","Colony Wars III: Red Sun","12840","840","32","1","3","0","0","15.29","Colony Wars III: Red Sun"
"Euro Soccer","6350","Euro Soccer","6420","420","77","1","4","0","0","15.29","Euro Soccer"
"ReCore","6351","ReCore","19963260","1306680","27537","203","5581","37","2","15.28","ReCore"
"Medieval: Total War - Viking Invasion","6352","Medieval: Total War - Viking Invasion","10080","660","158","1","4","0","0","15.27","Medieval: Total War - Viking Invasion"
"Dementium II","6353","Dementium II","126420","8280","727","2","38","0","0","15.27","Dementium II"
"Quest 64","6354","Quest 64","681060","44640","833","3","71","1","0","15.26","Quest 64"
"Solarix","6355","Solarix","112560","7380","328","2","34","0","0","15.25","Solarix"
"Milo's Astro Lanes","6356","Milo's Astro Lanes","3660","240","55","1","3","0","0","15.25","Milo's Astro Lanes"
"Sonic Dash","6357","Sonic Dash","135360","8880","239","2","57","0","0","15.24","Sonic Dash"
"The Mysterious Murasame Castle","6358","The Mysterious Murasame Castle","26520","1740","71","2","8","0","0","15.24","The Mysterious Murasame Castle"
"Daze Before Christmas","6359","Daze Before Christmas","64920","4260","265","5","31","0","0","15.24","Daze Before Christmas"
"Damned","6360","Damned","3273660","214980","4960","8","939","6","0","15.23","Damned"
"Valiant Hearts: The Great War","6361","Valiant Hearts: The Great War","7589100","498780","3592","7","2505","14","0","15.22","Valiant Hearts: The Great War"
"Ultimate NES Remix","6362","Ultimate NES Remix","21000","1380","68","1","7","0","0","15.22","Ultimate NES Remix"
"Kingdom Hearts Union χ[Cross]","6363","Kingdom Hearts Union χ[Cross]","5383500","353700","820","11","460","10","0","15.22","Kingdom Hearts Union χ[Cross]"
"Serious Sam HD: The First Encounter","6364","Serious Sam HD: The First Encounter","1251660","82260","8264","5","480","2","0","15.22","Serious Sam HD: The First Encounter"
"Disney Princess: Enchanted Journey","6365","Disney Princess: Enchanted Journey","26460","1740","97","1","11","0","0","15.21","Disney Princess: Enchanted Journey"
"Viva Piñata: Pocket Paradise","6366","Viva Piñata: Pocket Paradise","26460","1740","444","1","5","0","0","15.21","Viva Piñata: Pocket Paradise"
"City Car Driving","6367","City Car Driving","671580","44160","1658","2","272","1","0","15.21","City Car Driving"
"Bomberman Jetters","6368","Bomberman Jetters","37380","2460","94","1","12","0","0","15.2","Bomberman Jetters"
"The Addams Family: Pugsley's Scavenger Hunt","6369","The Addams Family: Pugsley's Scavenger Hunt","128580","8460","750","2","15","0","0","15.2","The Addams Family: Pugsley's Scavenger Hunt"
"MechWarrior 2: 31st Century Combat","6370","MechWarrior 2: 31st Century Combat","83880","5520","498","1","14","0","0","15.2","MechWarrior 2: 31st Century Combat"
"Streak Hoverboard Racing","6371","Streak Hoverboard Racing","4560","300","25","1","3","0","0","15.2","Streak Hoverboard Racing"
"UEFA Challenge","6372","UEFA Challenge","4560","300","44","1","2","0","0","15.2","UEFA Challenge"
"4089: Ghost Within","6373","4089: Ghost Within","4560","300","36","1","2","0","0","15.2","4089: Ghost Within"
"We Dare","6374","We Dare","5460","360","31","1","2","0","0","15.17","We Dare"
"Blood and Bacon","6375","Blood and Bacon","2340420","154320","11203","6","1189","4","0","15.17","Blood and Bacon"
"R-Type DX","6376","R-Type DX","5460","360","88","1","3","0","0","15.17","R-Type DX"
"Requiem: Avenging Angel","6377","Requiem: Avenging Angel","32760","2160","93","1","10","0","0","15.17","Requiem: Avenging Angel"
"Star Wars: Rogue Squadron","6378","Star Wars: Rogue Squadron","367440","24240","1528","4","105","0","0","15.16","Star Wars: Rogue Squadron"
"The World Ends With You","6379","The World Ends With You","560220","36960","1848","2","77","1","0","15.16","The World Ends With You"
"A Story About My Uncle","6380","A Story About My Uncle","3635580","239820","7363","7","1473","6","0","15.16","A Story About My Uncle"
"Call of Cthulhu: Dark Corners of the Earth","6381","Call of Cthulhu: Dark Corners of the Earth","2098200","138420","1626","7","406","3","0","15.16","Call of Cthulhu: Dark Corners of the Earth"
"Jet Gunner","6382","Jet Gunner","29100","1920","93","1","15","0","0","15.16","Jet Gunner"
"SkyNET","6383","SkyNET","11820","780","26","1","3","0","0","15.15","SkyNET"
"Ristar","6384","Ristar","377340","24900","805","2","110","0","0","15.15","Ristar"
"The Joylancer: Legendary Motor Knight","6385","The Joylancer: Legendary Motor Knight","23640","1560","54","1","5","0","0","15.15","The Joylancer: Legendary Motor Knight"
"Kirby's Return to Dream Land","6386","Kirby's Return to Dream Land","1010400","66720","847","3","203","1","0","15.14","Kirby's Return to Dream Land"
"Mega Man Legends","6387","Mega Man Legends","2556000","168780","1592","5","343","4","0","15.14","Mega Man Legends"
"Jumpgate: The Reconstruction Initiative","6388","Jumpgate: The Reconstruction Initiative","26340","1740","80","1","5","0","0","15.14","Jumpgate: The Reconstruction Initiative"
"Professor Layton and the Diabolical Box","6389","Professor Layton and the Diabolical Box","445740","29460","182","2","51","0","0","15.13","Professor Layton and the Diabolical Box"
"Lugaru","6390","Lugaru","27240","1800","192","1","14","0","0","15.13","Lugaru"
"LEGO Island","6391","LEGO Island","74400","4920","605","2","21","0","0","15.12","LEGO Island"
"Lands of Lore: The Throne of Chaos","6392","Lands of Lore: The Throne of Chaos","416280","27540","187","2","37","0","0","15.12","Lands of Lore: The Throne of Chaos"
"Cave Story","6393","Cave Story","4578240","302940","21207","6","1107","8","0","15.11","Cave Story"
"Mayan Death Robots","6394","Mayan Death Robots","8160","540","62","1","4","0","0","15.11","Mayan Death Robots"
"Age of Pirates: Caribbean Tales","6395","Age of Pirates: Caribbean Tales","33540","2220","136","1","8","0","0","15.11","Age of Pirates: Caribbean Tales"
"Hyper Light Drifter","6396","Hyper Light Drifter","24000600","1588140","29068","120","6409","45","3","15.11","Hyper Light Drifter"
"Sol 0","6397","Sol 0","154980","10260","316","2","52","0","0","15.11","Sol 0"
"LEGO Racers","6398","LEGO Racers","123180","8160","361","2","42","0","0","15.1","LEGO Racers"
"Duke Nukem 3D","6399","Duke Nukem 3D","2420880","160320","2233","4","708","4","0","15.1","Duke Nukem 3D"
"Final Fantasy Crystal Chronicles","6400","Final Fantasy Crystal Chronicles","1270260","84180","1719","3","192","2","0","15.09","Final Fantasy Crystal Chronicles"