"","","Game","Watch time","Stream time","Peak viewers","Peak channels","Streamers","Average viewers","Average channels","Average viewer ratio",""
"Princess Isabella: A Witch's Curse","10201","Princess Isabella: A Witch's Curse","5700","840","55","1","5","0","0","6.79","Princess Isabella: A Witch's Curse"
"Klap!!: Kind Love And Punish","10202","Klap!!: Kind Love And Punish","5700","840","14","1","1","0","0","6.79","Klap!!: Kind Love And Punish"
"Dragon Ball Z: Goku Gekitōden","10203","Dragon Ball Z: Goku Gekitōden","13020","1920","70","1","2","0","0","6.78","Dragon Ball Z: Goku Gekitōden"
"Rez HD","10204","Rez HD","26460","3900","107","2","18","0","0","6.78","Rez HD"
"NeonXSZ","10205","NeonXSZ","19920","2940","422","2","13","0","0","6.78","NeonXSZ"
"SpongeBob SquarePants: Revenge of the Flying Dutchman","10206","SpongeBob SquarePants: Revenge of the Flying Dutchman","57720","8520","185","1","39","0","0","6.77","SpongeBob SquarePants: Revenge of the Flying Dutchman"
"Bierzerkers","10207","Bierzerkers","75540","11160","489","3","90","0","0","6.77","Bierzerkers"
"Vagrant Story","10208","Vagrant Story","521760","77100","990","3","134","0","0","6.77","Vagrant Story"
"Rock Band 3","10209","Rock Band 3","2445600","361080","1163","6","462","4","0","6.77","Rock Band 3"
"Astérix and the Great Rescue","10210","Astérix and the Great Rescue","12180","1800","27","1","6","0","0","6.77","Astérix and the Great Rescue"
"Bunch of Heroes","10211","Bunch of Heroes","5280","780","37","1","6","0","0","6.77","Bunch of Heroes"
"Feuerwehr 3D","10212","Feuerwehr 3D","5280","780","37","1","3","0","0","6.77","Feuerwehr 3D"
"Higemaru Makaijima","10213","Higemaru Makaijima","14220","2100","46","1","3","0","0","6.77","Higemaru Makaijima"
"Mech Platoon","10214","Mech Platoon","5280","780","16","1","3","0","0","6.77","Mech Platoon"
"Karma: Incarnation 1","10215","Karma: Incarnation 1","17880","2640","33","1","17","0","0","6.77","Karma: Incarnation 1"
"Skywanderers","10216","Skywanderers","5280","780","12","1","1","0","0","6.77","Skywanderers"
"Zoo Tycoon: Dinosaur Digs","10217","Zoo Tycoon: Dinosaur Digs","15420","2280","51","1","12","0","0","6.76","Zoo Tycoon: Dinosaur Digs"
"pop'n music","10218","pop'n music","16620","2460","42","1","9","0","0","6.76","pop'n music"
"State of Decay","10219","State of Decay","1475220","218340","519","5","857","2","0","6.76","State of Decay"
"Discworld","10220","Discworld","111000","16440","54","2","39","0","0","6.75","Discworld"
"Crosscountry Canada","10221","Crosscountry Canada","1620","240","9","1","3","0","0","6.75","Crosscountry Canada"
"Clans","10222","Clans","1620","240","15","1","1","0","0","6.75","Clans"
"Bangai-O Spirits","10223","Bangai-O Spirits","1620","240","25","1","2","0","0","6.75","Bangai-O Spirits"
"Shengnü zhi Ge: Heroine Anthem II: The Angel of Sarem","10224","Shengnü zhi Ge: Heroine Anthem II: The Angel of Sarem","22260","3300","14","1","2","0","0","6.75","Shengnü zhi Ge: Heroine Anthem II: The Angel of Sarem"
"World War 2: Time of Wrath","10225","World War 2: Time of Wrath","1620","240","12","1","1","0","0","6.75","World War 2: Time of Wrath"
"Blind Trust","10226","Blind Trust","22680","3360","94","2","64","0","0","6.75","Blind Trust"
"NFL Fever 2004","10227","NFL Fever 2004","1620","240","10","1","1","0","0","6.75","NFL Fever 2004"
"The Incident","10228","The Incident","1620","240","14","1","2","0","0","6.75","The Incident"
"Gone with Hideyoshi","10229","Gone with Hideyoshi","1620","240","14","1","1","0","0","6.75","Gone with Hideyoshi"
"The Legend of the Dragonflame High School: Youth Battle Story","10230","The Legend of the Dragonflame High School: Youth Battle Story","1620","240","13","1","1","0","0","6.75","The Legend of the Dragonflame High School: Youth Battle Story"
"Popeye 2","10231","Popeye 2","3240","480","16","1","2","0","0","6.75","Popeye 2"
"Inazuma Eleven 2: FireStorm/Blizzard","10232","Inazuma Eleven 2: FireStorm/Blizzard","32760","4860","25","1","5","0","0","6.74","Inazuma Eleven 2: FireStorm/Blizzard"
"Escape Goat","10233","Escape Goat","44100","6540","55","2","29","0","0","6.74","Escape Goat"
"Ray Gigant","10234","Ray Gigant","87000","12900","106","3","51","0","0","6.74","Ray Gigant"
"Pac-Man Championship Edition DX","10235","Pac-Man Championship Edition DX","498120","73920","560","8","415","0","0","6.74","Pac-Man Championship Edition DX"
"Atelier Rorona: Alchemist of Arland","10236","Atelier Rorona: Alchemist of Arland","48960","7260","30","1","13","0","0","6.74","Atelier Rorona: Alchemist of Arland"
"Guacamelee!: Super Turbo Championship Edition","10237","Guacamelee!: Super Turbo Championship Edition","509880","75600","540","3","281","0","0","6.74","Guacamelee!: Super Turbo Championship Edition"
"Captain America and the Avengers","10238","Captain America and the Avengers","51660","7680","90","1","32","0","0","6.73","Captain America and the Avengers"
"Vampire Hunter D","10239","Vampire Hunter D","25440","3780","35","1","11","0","0","6.73","Vampire Hunter D"
"Trickstyle","10240","Trickstyle","4440","660","44","1","4","0","0","6.73","Trickstyle"
"Family Guy: The Quest for Stuff","10241","Family Guy: The Quest for Stuff","4440","660","38","1","3","0","0","6.73","Family Guy: The Quest for Stuff"
"Black Dahlia","10242","Black Dahlia","6060","900","13","1","4","0","0","6.73","Black Dahlia"
"Far Cry: Instincts - Predator","10243","Far Cry: Instincts - Predator","6060","900","15","1","4","0","0","6.73","Far Cry: Instincts - Predator"
"Fatal Theory","10244","Fatal Theory","4440","660","24","1","5","0","0","6.73","Fatal Theory"
"Clockwork Tales: Of Glass and Ink","10245","Clockwork Tales: Of Glass and Ink","187020","27840","144","5","121","0","0","6.72","Clockwork Tales: Of Glass and Ink"
"Snowboard Kids","10246","Snowboard Kids","128160","19080","235","2","62","0","0","6.72","Snowboard Kids"
"Bard's Tale","10247","Bard's Tale","77040","11460","110","1","38","0","0","6.72","Bard's Tale"
"Dead or Alive 5 Last Round","10248","Dead or Alive 5 Last Round","15839760","2356800","7616","22","8453","30","4","6.72","Dead or Alive 5 Last Round"
"Arc the Lad II","10249","Arc the Lad II","62460","9300","29","2","4","0","0","6.72","Arc the Lad II"
"Tetris Classic","10250","Tetris Classic","272520","40620","332","3","135","0","0","6.71","Tetris Classic"
"Attack on Titan Tribute","10251","Attack on Titan Tribute","779160","116100","1223","6","503","1","0","6.71","Attack on Titan Tribute"
"Dragon Ball: Raging Blast 2","10252","Dragon Ball: Raging Blast 2","87420","13020","43","1","29","0","0","6.71","Dragon Ball: Raging Blast 2"
"RBI Baseball","10253","RBI Baseball","27360","4080","226","1","21","0","0","6.71","RBI Baseball"
"Doge Jump","10254","Doge Jump","9660","1440","40","1","14","0","0","6.71","Doge Jump"
"Mystery Mansion","10255","Mystery Mansion","2820","420","13","1","2","0","0","6.71","Mystery Mansion"
"My Night Job","10256","My Night Job","39780","5940","105","2","38","0","0","6.7","My Night Job"
"Barbie Horse Adventures: Blue Ribbon Race","10257","Barbie Horse Adventures: Blue Ribbon Race","8040","1200","13","1","10","0","0","6.7","Barbie Horse Adventures: Blue Ribbon Race"
"Rick Dangerous","10258","Rick Dangerous","18900","2820","105","1","13","0","0","6.7","Rick Dangerous"
"Gears of War 3","10259","Gears of War 3","16575120","2472420","8637","35","8096","31","4","6.7","Gears of War 3"
"Chaos Reborn","10260","Chaos Reborn","261600","39060","121","3","85","0","0","6.7","Chaos Reborn"
"Silent Bomber","10261","Silent Bomber","32580","4860","69","2","21","0","0","6.7","Silent Bomber"
"Vindictus","10262","Vindictus","21808440","3261900","1174","27","2676","41","6","6.69","Vindictus"
"Rift","10263","Rift","7713660","1152840","1343","23","1455","14","2","6.69","Rift"
"Stupid Invaders","10264","Stupid Invaders","43320","6480","231","1","5","0","0","6.69","Stupid Invaders"
"Change Air Blade","10265","Change Air Blade","5220","780","19","1","4","0","0","6.69","Change Air Blade"
"Scooby-Doo! Classic Creep Capers","10266","Scooby-Doo! Classic Creep Capers","43680","6540","223","2","15","0","0","6.68","Scooby-Doo! Classic Creep Capers"
"Dragon Ball GT: Final Bout","10267","Dragon Ball GT: Final Bout","20040","3000","64","2","18","0","0","6.68","Dragon Ball GT: Final Bout"
"Zwei!!","10268","Zwei!!","10020","1500","14","1","1","0","0","6.68","Zwei!!"
"Walking With Dinosaurs","10269","Walking With Dinosaurs","13620","2040","59","1","7","0","0","6.68","Walking With Dinosaurs"
"THE iDOLM@STER 2","10270","THE iDOLM@STER 2","70560","10560","48","2","17","0","0","6.68","THE iDOLM@STER 2"
"Little War Online","10271","Little War Online","15240","2280","26","1","4","0","0","6.68","Little War Online"
"Chronicon","10272","Chronicon","96180","14400","228","2","49","0","0","6.68","Chronicon"
"Denki Blocks!","10273","Denki Blocks!","1200","180","11","2","2","0","0","6.67","Denki Blocks!"
"Brand","10274","Brand","1200","180","10","1","1","0","0","6.67","Brand"
"Fable Fortune","10275","Fable Fortune","210960","31620","165","7","106","0","0","6.67","Fable Fortune"
"Delta","10276","Delta","1200","180","26","1","3","0","0","6.67","Delta"
"Archipelago","10277","Archipelago","1200","180","12","1","2","0","0","6.67","Archipelago"
"Anode","10278","Anode","1200","180","26","1","5","0","0","6.67","Anode"
"Eiyuu Densetsu Saga","10279","Eiyuu Densetsu Saga","2400","360","16","1","1","0","0","6.67","Eiyuu Densetsu Saga"
"Breaking Wheel","10280","Breaking Wheel","3600","540","22","2","8","0","0","6.67","Breaking Wheel"
"Savage Island Series","10281","Savage Island Series","1200","180","16","1","1","0","0","6.67","Savage Island Series"
"Avatar Hamster Attack","10282","Avatar Hamster Attack","1200","180","13","1","1","0","0","6.67","Avatar Hamster Attack"
"Dominion Online","10283","Dominion Online","552780","82860","147","4","117","1","0","6.67","Dominion Online"
"Dragon Age II","10284","Dragon Age II","2220360","333120","1016","5","528","4","0","6.67","Dragon Age II"
"Fairytale Fights","10285","Fairytale Fights","7200","1080","54","1","9","0","0","6.67","Fairytale Fights"
"Puzzle Quest 2","10286","Puzzle Quest 2","42420","6360","243","1","24","0","0","6.67","Puzzle Quest 2"
"Arctic Combat","10287","Arctic Combat","1200","180","14","1","1","0","0","6.67","Arctic Combat"
"Scrapyard","10288","Scrapyard","2400","360","10","1","1","0","0","6.67","Scrapyard"
"BattleTech: The Crescent Hawk's Inception","10289","BattleTech: The Crescent Hawk's Inception","2400","360","11","1","1","0","0","6.67","BattleTech: The Crescent Hawk's Inception"
"Bloody Good Time","10290","Bloody Good Time","28800","4320","146","2","25","0","0","6.67","Bloody Good Time"
"The Gunstringer","10291","The Gunstringer","2400","360","40","1","2","0","0","6.67","The Gunstringer"
"Hunter: The Reckoning - Wayward","10292","Hunter: The Reckoning - Wayward","1200","180","19","1","3","0","0","6.67","Hunter: The Reckoning - Wayward"
"Dark Parables: Rise of the Snow Queen","10293","Dark Parables: Rise of the Snow Queen","1200","180","14","1","1","0","0","6.67","Dark Parables: Rise of the Snow Queen"
"Expand","10294","Expand","26760","4020","49","1","21","0","0","6.66","Expand"
"The Legend of Oasis","10295","The Legend of Oasis","24360","3660","256","1","5","0","0","6.66","The Legend of Oasis"
"Spider-Man: The Videogame","10296","Spider-Man: The Videogame","140640","21120","254","2","74","0","0","6.66","Spider-Man: The Videogame"
"Evil Zone","10297","Evil Zone","42780","6420","83","1","26","0","0","6.66","Evil Zone"
"GRAV","10298","GRAV","1378980","206940","820","6","644","2","0","6.66","GRAV"
"Sherlock Holmes: Crimes and Punishments","10299","Sherlock Holmes: Crimes and Punishments","4841520","727140","1246","61","3637","9","1","6.66","Sherlock Holmes: Crimes and Punishments"
"Tropico 5","10300","Tropico 5","12355380","1857840","5958","81","8475","23","3","6.65","Tropico 5"