"","","Game","Watch time","Stream time","Peak viewers","Peak channels","Streamers","Average viewers","Average channels","Average viewer ratio",""
"Killer is Dead","1201","Killer is Dead","5947080","175380","11568","5","649","11","0","33.91","Killer is Dead"
"Half Dead","1202","Half Dead","5941800","110400","41582","7","908","11","0","53.82","Half Dead"
"Penumbra: Black Plague","1203","Penumbra: Black Plague","5933760","157860","13563","5","518","11","0","37.59","Penumbra: Black Plague"
"inFamous: Second Son","1204","inFamous: Second Son","5917140","201960","4414","4","7389","11","0","29.3","inFamous: Second Son"
"Jak II","1205","Jak II","5908020","174600","7858","6","231","11","0","33.84","Jak II"
"Fate","1206","Fate","5907480","203880","1492","6","212","11","0","28.98","Fate"
"Oculus VR","1207","Oculus VR","5897880","88260","13415","4","338","11","0","66.82","Oculus VR"
"Shatterhand","1208","Shatterhand","5893860","11760","100633","5","68","11","0","501.18","Shatterhand"
"The Elder Scrolls II: Daggerfall","1209","The Elder Scrolls II: Daggerfall","5893800","90840","145423","7","190","11","0","64.88","The Elder Scrolls II: Daggerfall"
"S.K.I.L.L.: Special Force 2","1210","S.K.I.L.L.: Special Force 2","5889240","1179420","2084","17","3691","11","2","4.99","S.K.I.L.L.: Special Force 2"
"Thief","1211","Thief","5882820","1118100","2029","26","6062","11","2","5.26","Thief"
"Headlander","1212","Headlander","5882400","78360","24494","15","382","11","0","75.07","Headlander"
"JoJo's Bizarre Adventure: Eyes of Heaven","1213","JoJo's Bizarre Adventure: Eyes of Heaven","5864160","256920","6613","25","1053","11","0","22.82","JoJo's Bizarre Adventure: Eyes of Heaven"
"Need for Speed: Most Wanted","1214","Need for Speed: Most Wanted","5864100","757020","28451","38","5018","11","1","7.75","Need for Speed: Most Wanted"
"Totally Accurate Battle Simulator","1215","Totally Accurate Battle Simulator","5850000","87180","14177","16","860","11","0","67.1","Totally Accurate Battle Simulator"
"Crash Bash","1216","Crash Bash","5847180","182160","1124","13","376","11","0","32.1","Crash Bash"
"Battle of the Defenders","1217","Battle of the Defenders","5837760","14280","5049","4","26","11","0","408.81","Battle of the Defenders"
"Total War: Rome II","1218","Total War: Rome II","5824680","1239120","452","14","4242","11","2","4.7","Total War: Rome II"
"TrackMania² Canyon","1219","TrackMania² Canyon","5815980","110460","18859","5","411","11","0","52.65","TrackMania² Canyon"
"No More Room In Hell","1220","No More Room In Hell","5809620","407460","6773","16","2674","11","0","14.26","No More Room In Hell"
"Super Robot Taisen OG: The Moon Dwellers","1221","Super Robot Taisen OG: The Moon Dwellers","5783880","307440","675","20","194","10","0","18.81","Super Robot Taisen OG: The Moon Dwellers"
"Puyo Puyo Tetris","1222","Puyo Puyo Tetris","5783400","308760","1759","9","446","10","0","18.73","Puyo Puyo Tetris"
"Dead Island","1223","Dead Island","5778240","1541400","1284","75","6331","10","2","3.75","Dead Island"
"The Count Lucanor","1224","The Count Lucanor","5776680","24840","26181","3","102","10","0","232.56","The Count Lucanor"
"Umbrella Corps","1225","Umbrella Corps","5764860","309360","7495","42","1532","10","0","18.63","Umbrella Corps"
"Bob The Builder: Bob's Busy Day","1226","Bob The Builder: Bob's Busy Day","5762640","6240","21544","2","34","10","0","923.5","Bob The Builder: Bob's Busy Day"
"Shadow Warrior","1227","Shadow Warrior","5760900","696660","8898","14","2783","10","1","8.27","Shadow Warrior"
"The Lost Crown: A Ghost-Hunting Adventure","1228","The Lost Crown: A Ghost-Hunting Adventure","5759100","14460","8977","5","34","10","0","398.28","The Lost Crown: A Ghost-Hunting Adventure"
"The Room","1229","The Room","5737320","168180","5131","5","836","10","0","34.11","The Room"
"Sonic Colors","1230","Sonic Colors","5729880","72900","106347","9","222","10","0","78.6","Sonic Colors"
"Tanki Online","1231","Tanki Online","5700540","248640","1864","8","813","10","0","22.93","Tanki Online"
"Nier","1232","Nier","5700420","146820","1678","4","188","10","0","38.83","Nier"
"Halo: Combat Evolved","1233","Halo: Combat Evolved","5693520","385140","17374","7","1056","10","0","14.78","Halo: Combat Evolved"
"DinoCity","1234","DinoCity","5693340","7140","89495","8","23","10","0","797.39","DinoCity"
"Hand Dic","1235","Hand Dic","5687880","10440","4136","2","23","10","0","544.82","Hand Dic"
"Obscure: The Aftermath","1236","Obscure: The Aftermath","5684700","38580","23283","6","126","10","0","147.35","Obscure: The Aftermath"
"FIFA 15","1237","FIFA 15","5673900","3100860","4621","34","16138","10","5","1.83","FIFA 15"
"Disney's The Little Mermaid","1238","Disney's The Little Mermaid","5659980","27300","126602","5","46","10","0","207.33","Disney's The Little Mermaid"
"Dragon Warrior","1239","Dragon Warrior","5642400","293520","1633","13","211","10","0","19.22","Dragon Warrior"
"Last Man Standing","1240","Last Man Standing","5624940","32820","23700","17","189","10","0","171.39","Last Man Standing"
"Claymates","1241","Claymates","5622660","6900","75938","7","21","10","0","814.88","Claymates"
"Ōkami","1242","Ōkami","5622000","379320","1507","5","513","10","0","14.82","Ōkami"
"Hyperdimension Neptunia Re;Birth 3: V Century","1243","Hyperdimension Neptunia Re;Birth 3: V Century","5609340","230100","1888","5","321","10","0","24.38","Hyperdimension Neptunia Re;Birth 3: V Century"
"Deadly Premonition: The Director's Cut","1244","Deadly Premonition: The Director's Cut","5606580","177060","3609","14","466","10","0","31.66","Deadly Premonition: The Director's Cut"
"Mr. President!","1245","Mr. President!","5600520","39300","35611","7","349","10","0","142.51","Mr. President!"
"A Hat in Time","1246","A Hat in Time","5593380","44520","91954","13","141","10","0","125.64","A Hat in Time"
"Dungeon Defenders","1247","Dungeon Defenders","5584020","197940","4403","5","662","10","0","28.21","Dungeon Defenders"
"Kirby: Planet Robobot","1248","Kirby: Planet Robobot","5578680","73680","3372","9","193","10","0","75.71","Kirby: Planet Robobot"
"Until Dawn: Rush of Blood","1249","Until Dawn: Rush of Blood","5569440","36720","15565","6","1360","10","0","151.67","Until Dawn: Rush of Blood"
"Fez","1250","Fez","5563140","232080","89971","9","1129","10","0","23.97","Fez"
"Ed, Edd n Eddy: The Mis-Edventures","1251","Ed, Edd n Eddy: The Mis-Edventures","5561400","41640","86952","5","61","10","0","133.56","Ed, Edd n Eddy: The Mis-Edventures"
"Digimon World","1252","Digimon World","5557620","185160","1602","5","305","10","0","30.02","Digimon World"
"LittleBigPlanet","1253","LittleBigPlanet","5550840","46380","86796","7","112","10","0","119.68","LittleBigPlanet"
"Breath of Fire II","1254","Breath of Fire II","5538240","116820","1792","4","103","10","0","47.41","Breath of Fire II"
"Guacamelee! Gold Edition","1255","Guacamelee! Gold Edition","5524140","71640","115510","13","203","10","0","77.11","Guacamelee! Gold Edition"
"Shin Megami Tensei: Persona 4","1256","Shin Megami Tensei: Persona 4","5520720","356220","1142","5","336","10","0","15.5","Shin Megami Tensei: Persona 4"
"La-Mulana","1257","La-Mulana","5505960","270660","867","8","325","10","0","20.34","La-Mulana"
"EA Sports UFC","1258","EA Sports UFC","5496420","862260","4233","26","9606","10","1","6.37","EA Sports UFC"
"Metal Gear Solid: The Twin Snakes","1259","Metal Gear Solid: The Twin Snakes","5464080","87300","2640","3","237","10","0","62.59","Metal Gear Solid: The Twin Snakes"
"Worms Clan Wars","1260","Worms Clan Wars","5463060","132480","11065","6","653","10","0","41.24","Worms Clan Wars"
"Mario Party 8","1261","Mario Party 8","5462940","47220","7201","5","207","10","0","115.69","Mario Party 8"
"Styx: Master of Shadows","1262","Styx: Master of Shadows","5453100","797640","2269","47","4018","10","1","6.84","Styx: Master of Shadows"
"Boson X","1263","Boson X","5435820","19740","89657","4","90","10","0","275.37","Boson X"
"ArmA II: Operation Arrowhead","1264","ArmA II: Operation Arrowhead","5409120","1040340","1884","14","3286","10","1","5.2","ArmA II: Operation Arrowhead"
"Neverwinter Nights","1265","Neverwinter Nights","5401140","196320","8323","7","316","10","0","27.51","Neverwinter Nights"
"Kingdom Hearts Union χ[Cross]","1266","Kingdom Hearts Union χ[Cross]","5383500","353700","820","11","460","10","0","15.22","Kingdom Hearts Union χ[Cross]"
"Leviathan: The Last Day of the Decade","1267","Leviathan: The Last Day of the Decade","5379960","22860","8944","3","70","10","0","235.34","Leviathan: The Last Day of the Decade"
"Final Fantasy X-2","1268","Final Fantasy X-2","5379120","225720","3997","7","234","10","0","23.83","Final Fantasy X-2"
"Valley","1269","Valley","5375640","132300","29359","15","575","10","0","40.63","Valley"
"Tom Clancy's Rainbow 6: Patriots","1270","Tom Clancy's Rainbow 6: Patriots","5368140","1226640","12756","15","7215","10","2","4.38","Tom Clancy's Rainbow 6: Patriots"
"Pokémon Battle Revolution","1271","Pokémon Battle Revolution","5358660","111240","428","7","255","10","0","48.17","Pokémon Battle Revolution"
"Sherlock Holmes: Nemesis","1272","Sherlock Holmes: Nemesis","5354160","7020","18184","7","26","10","0","762.7","Sherlock Holmes: Nemesis"
"Assassin's Creed Unity","1273","Assassin's Creed Unity","5348400","2968080","2862","26","12734","10","5","1.8","Assassin's Creed Unity"
"Max Payne","1274","Max Payne","5330280","341700","6366","18","1352","10","0","15.6","Max Payne"
"Lethal League","1275","Lethal League","5327700","242460","24019","7","1626","10","0","21.97","Lethal League"
"Sly 2: Band of Thieves","1276","Sly 2: Band of Thieves","5324940","186360","2946","4","241","10","0","28.57","Sly 2: Band of Thieves"
"Devilian","1277","Devilian","5323980","819420","1302","38","1697","10","1","6.5","Devilian"
"Sonic the Hedgehog 2","1278","Sonic the Hedgehog 2","5314080","313800","2940","11","1705","10","0","16.93","Sonic the Hedgehog 2"
"Max Payne 3","1279","Max Payne 3","5300520","398520","3949","8","1530","10","0","13.3","Max Payne 3"
"System Shock","1280","System Shock","5292420","78000","85190","8","329","10","0","67.85","System Shock"
"FortressCraft Evolved!","1281","FortressCraft Evolved!","5291340","487800","3863","8","368","10","0","10.85","FortressCraft Evolved!"
"Everspace","1282","Everspace","5287380","244620","2139","17","933","10","0","21.61","Everspace"
"Costume Quest 2","1283","Costume Quest 2","5277180","384000","6901","62","2321","10","0","13.74","Costume Quest 2"
"Streemerz","1284","Streemerz","5276700","7080","87652","7","37","10","0","745.3","Streemerz"
"Dungeon Nightmares II : The Memory","1285","Dungeon Nightmares II : The Memory","5271720","74040","6712","4","415","10","0","71.2","Dungeon Nightmares II : The Memory"
"Breath of Fire IV","1286","Breath of Fire IV","5268300","148920","2179","4","126","9","0","35.38","Breath of Fire IV"
"Barbie Groom and Glam Pups","1287","Barbie Groom and Glam Pups","5261460","1980","30332","3","16","9","0","2657.3","Barbie Groom and Glam Pups"
"Kero Blaster","1288","Kero Blaster","5255640","47700","98462","16","159","9","0","110.18","Kero Blaster"
"Gunstar Super Heroes","1289","Gunstar Super Heroes","5254560","3780","88728","8","27","9","0","1390.1","Gunstar Super Heroes"
"Tag: The Power of Paint","1290","Tag: The Power of Paint","5251140","1380","86813","5","13","9","0","3805.17","Tag: The Power of Paint"
"NES Open Tournament Golf","1291","NES Open Tournament Golf","5250000","77460","1657","4","29","9","0","67.78","NES Open Tournament Golf"
"Offworld Trading Company","1292","Offworld Trading Company","5243520","181260","18719","8","514","9","0","28.93","Offworld Trading Company"
"Super Paper Mario","1293","Super Paper Mario","5236200","215700","801","6","340","9","0","24.28","Super Paper Mario"
"Barbie Fashion Designer","1294","Barbie Fashion Designer","5219640","6780","32283","7","26","9","0","769.86","Barbie Fashion Designer"
"Nekopara Vol.1","1295","Nekopara Vol.1","5214000","134460","30870","4","716","9","0","38.78","Nekopara Vol.1"
"Kona","1296","Kona","5207520","70140","3885","5","381","9","0","74.24","Kona"
"Strife","1297","Strife","5192340","247020","108569","6","688","9","0","21.02","Strife"
"Gabriel Knight: Sins of the Fathers","1298","Gabriel Knight: Sins of the Fathers","5172660","46560","9108","4","92","9","0","111.1","Gabriel Knight: Sins of the Fathers"
"The Legend of Zelda: Phantom Hourglass","1299","The Legend of Zelda: Phantom Hourglass","5171220","84300","4223","4","146","9","0","61.34","The Legend of Zelda: Phantom Hourglass"
"Super Monkey Ball Deluxe","1300","Super Monkey Ball Deluxe","5171160","49920","937","2","48","9","0","103.59","Super Monkey Ball Deluxe"