"","","Game","Watch time","Stream time","Peak viewers","Peak channels","Streamers","Average viewers","Average channels","Average viewer ratio",""
"Ultimate I Spy","13501","Ultimate I Spy","240","60","4","1","1","0","0","4","Ultimate I Spy"
"Scorched Tanks","13502","Scorched Tanks","480","120","6","1","1","0","0","4","Scorched Tanks"
"Saboteur II","13503","Saboteur II","720","180","7","1","2","0","0","4","Saboteur II"
"Kangaroo","13504","Kangaroo","960","240","6","1","2","0","0","4","Kangaroo"
"Gremlins: Stripe Vs. Gizmo","13505","Gremlins: Stripe Vs. Gizmo","1200","300","10","2","3","0","0","4","Gremlins: Stripe Vs. Gizmo"
"Urban Yeti!","13506","Urban Yeti!","240","60","4","1","1","0","0","4","Urban Yeti!"
"Sora o Aogite Kumo Takaku","13507","Sora o Aogite Kumo Takaku","480","120","6","1","1","0","0","4","Sora o Aogite Kumo Takaku"
"Frost Byte","13508","Frost Byte","480","120","6","1","0","0","0","4","Frost Byte"
"Meitantei Conan: Giwaku no Gouka Ressha","13509","Meitantei Conan: Giwaku no Gouka Ressha","240","60","4","1","0","0","0","4","Meitantei Conan: Giwaku no Gouka Ressha"
"The Ditty of Carmeana","13510","The Ditty of Carmeana","240","60","6","1","1","0","0","4","The Ditty of Carmeana"
"To Heart 2","13511","To Heart 2","1200","300","7","1","1","0","0","4","To Heart 2"
"Shinjuku no Okami","13512","Shinjuku no Okami","960","240","7","1","1","0","0","4","Shinjuku no Okami"
"Fireworks Extravaganza","13513","Fireworks Extravaganza","1440","360","12","1","4","0","0","4","Fireworks Extravaganza"
"Imaginary","13514","Imaginary","1680","420","9","1","2","0","0","4","Imaginary"
"Paris-Marseille Racing","13515","Paris-Marseille Racing","720","180","7","1","1","0","0","4","Paris-Marseille Racing"
"Entrepreneur","13516","Entrepreneur","240","60","4","1","0","0","0","4","Entrepreneur"
"Hoppy Naut","13517","Hoppy Naut","720","180","6","1","1","0","0","4","Hoppy Naut"
"Disney Golf","13518","Disney Golf","720","180","5","1","1","0","0","4","Disney Golf"
"Stranded Survival","13519","Stranded Survival","480","120","6","1","1","0","0","4","Stranded Survival"
"Highway Hunter","13520","Highway Hunter","240","60","4","1","0","0","0","4","Highway Hunter"
"Mickey Mouse: The Computer Game","13521","Mickey Mouse: The Computer Game","240","60","4","1","1","0","0","4","Mickey Mouse: The Computer Game"
"Great Soccer","13522","Great Soccer","720","180","7","1","2","0","0","4","Great Soccer"
"Acorn Assault: Rodent Revolution","13523","Acorn Assault: Rodent Revolution","2880","720","12","1","6","0","0","4","Acorn Assault: Rodent Revolution"
"Who Wants To Be a Millionaire: Party Edition","13524","Who Wants To Be a Millionaire: Party Edition","480","120","5","1","1","0","0","4","Who Wants To Be a Millionaire: Party Edition"
"Negima!?: Chou Mahora Taisen Kattoiin, Keiyaku Shikkou Dechai masuu","13525","Negima!?: Chou Mahora Taisen Kattoiin, Keiyaku Shikkou Dechai masuu","960","240","16","1","2","0","0","4","Negima!?: Chou Mahora Taisen Kattoiin, Keiyaku Shikkou Dechai masuu"
"Zu Online","13526","Zu Online","1920","480","9","1","2","0","0","4","Zu Online"
"Pinch","13527","Pinch","240","60","4","1","0","0","0","4","Pinch"
"Volcano Hunter","13528","Volcano Hunter","480","120","5","1","1","0","0","4","Volcano Hunter"
"Moonshadow","13529","Moonshadow","240","60","5","1","1","0","0","4","Moonshadow"
"Ballerburg: Castle Siege","13530","Ballerburg: Castle Siege","1200","300","15","1","3","0","0","4","Ballerburg: Castle Siege"
"ChemRacer 2713: The Legend of Kid Chem","13531","ChemRacer 2713: The Legend of Kid Chem","240","60","4","1","0","0","0","4","ChemRacer 2713: The Legend of Kid Chem"
"Archers: Bowman's Battle","13532","Archers: Bowman's Battle","240","60","8","1","1","0","0","4","Archers: Bowman's Battle"
"MLB SlugFest 20-04","13533","MLB SlugFest 20-04","240","60","5","1","1","0","0","4","MLB SlugFest 20-04"
"Gambler Jiko Chuushinha","13534","Gambler Jiko Chuushinha","240","60","4","1","1","0","0","4","Gambler Jiko Chuushinha"
"Yellow Peril","13535","Yellow Peril","480","120","7","1","1","0","0","4","Yellow Peril"
"The Last Bounty Hunter","13536","The Last Bounty Hunter","240","60","8","1","1","0","0","4","The Last Bounty Hunter"
"Sneakers","13537","Sneakers","1200","300","7","1","2","0","0","4","Sneakers"
"Bride of the Robot","13538","Bride of the Robot","240","60","5","1","0","0","0","4","Bride of the Robot"
"Dr. Seuss How the Grinch Stole Christmas","13539","Dr. Seuss How the Grinch Stole Christmas","240","60","8","1","1","0","0","4","Dr. Seuss How the Grinch Stole Christmas"
"Zombie Shooter","13540","Zombie Shooter","7680","1920","86","1","13","0","0","4","Zombie Shooter"
"Pop Island","13541","Pop Island","240","60","4","1","0","0","0","4","Pop Island"
"Target: Terror","13542","Target: Terror","720","180","6","1","1","0","0","4","Target: Terror"
"All Star Racing 2","13543","All Star Racing 2","2400","600","19","1","3","0","0","4","All Star Racing 2"
"Rescue: The Beagles","13544","Rescue: The Beagles","240","60","4","1","1","0","0","4","Rescue: The Beagles"
"Wings of War","13545","Wings of War","720","180","10","1","2","0","0","4","Wings of War"
"Sven 004","13546","Sven 004","240","60","4","1","1","0","0","4","Sven 004"
"Love Hotel","13547","Love Hotel","1200","300","7","1","3","0","0","4","Love Hotel"
"Red Lightning","13548","Red Lightning","240","60","4","1","0","0","0","4","Red Lightning"
"Pot Panic","13549","Pot Panic","240","60","6","1","1","0","0","4","Pot Panic"
"Rappy Bird","13550","Rappy Bird","240","60","4","1","0","0","0","4","Rappy Bird"
"Fushigi no Dungeon: Fuurai no Shiren 4","13551","Fushigi no Dungeon: Fuurai no Shiren 4","3840","960","8","1","1","0","0","4","Fushigi no Dungeon: Fuurai no Shiren 4"
"Howling Dogs","13552","Howling Dogs","240","60","6","1","1","0","0","4","Howling Dogs"
"Gift","13553","Gift","4320","1080","10","1","5","0","0","4","Gift"
"Death Road","13554","Death Road","240","60","4","1","0","0","0","4","Death Road"
"Subject 13","13555","Subject 13","480","120","7","1","6","0","0","4","Subject 13"
"Suspect","13556","Suspect","240","60","7","1","0","0","0","4","Suspect"
"Fire Force","13557","Fire Force","240","60","5","1","1","0","0","4","Fire Force"
"Dynamite Deka EX","13558","Dynamite Deka EX","480","120","7","1","1","0","0","4","Dynamite Deka EX"
"Highway Blossoms","13559","Highway Blossoms","240","60","4","1","0","0","0","4","Highway Blossoms"
"SCALPERS: Turtle & The Moonshine Gang","13560","SCALPERS: Turtle & The Moonshine Gang","960","240","5","1","1","0","0","4","SCALPERS: Turtle & The Moonshine Gang"
"Dancing with the Stars","13561","Dancing with the Stars","240","60","4","1","0","0","0","4","Dancing with the Stars"
"Nefarious","13562","Nefarious","1200","300","6","1","1","0","0","4","Nefarious"
"Tetris 4D","13563","Tetris 4D","720","180","9","1","1","0","0","4","Tetris 4D"
"Moop and Dreadly in the Treasure on Bing Bong Island","13564","Moop and Dreadly in the Treasure on Bing Bong Island","2160","540","7","1","1","0","0","4","Moop and Dreadly in the Treasure on Bing Bong Island"
"Asura Buster: Eternal Warriors","13565","Asura Buster: Eternal Warriors","240","60","11","1","1","0","0","4","Asura Buster: Eternal Warriors"
"Notyet","13566","Notyet","480","120","7","1","1","0","0","4","Notyet"
"Soccer Boss","13567","Soccer Boss","480","120","8","1","1","0","0","4","Soccer Boss"
"Rogue Singularity","13568","Rogue Singularity","240","60","5","1","1","0","0","4","Rogue Singularity"
"Boku wa Koukuu Kanseikan: Airport Hero 3D - Honolulu","13569","Boku wa Koukuu Kanseikan: Airport Hero 3D - Honolulu","240","60","4","1","1","0","0","4","Boku wa Koukuu Kanseikan: Airport Hero 3D - Honolulu"
"Pitfall planet","13570","Pitfall planet","240","60","4","1","1","0","0","4","Pitfall planet"
"Skunny: Save Our Pizzas!","13571","Skunny: Save Our Pizzas!","240","60","5","1","0","0","0","4","Skunny: Save Our Pizzas!"
"Ranx","13572","Ranx","960","240","11","1","1","0","0","4","Ranx"
"Death Race","13573","Death Race","720","180","7","1","1","0","0","4","Death Race"
"The Juice Monster","13574","The Juice Monster","240","60","5","1","1","0","0","4","The Juice Monster"
"Interpol 2: Most Wanted","13575","Interpol 2: Most Wanted","240","60","4","1","0","0","0","4","Interpol 2: Most Wanted"
"Planet Laika","13576","Planet Laika","1200","300","5","1","1","0","0","4","Planet Laika"
"Nancy Drew: The Deadly Device","13577","Nancy Drew: The Deadly Device","25380","6360","12","1","12","0","0","3.99","Nancy Drew: The Deadly Device"
"Headhunter","13578","Headhunter","22980","5760","34","2","14","0","0","3.99","Headhunter"
"Silent Line: Armored Core","13579","Silent Line: Armored Core","18900","4740","33","1","16","0","0","3.99","Silent Line: Armored Core"
"Zombies Monsters Robots","13580","Zombies Monsters Robots","187800","47040","242","3","147","0","0","3.99","Zombies Monsters Robots"
"Back to the Future: The Game","13581","Back to the Future: The Game","582180","145920","144","4","540","1","0","3.99","Back to the Future: The Game"
"Gunman Clive","13582","Gunman Clive","21540","5400","71","3","32","0","0","3.99","Gunman Clive"
"Broken Sword: The Sleeping Dragon","13583","Broken Sword: The Sleeping Dragon","59400","14880","86","2","30","0","0","3.99","Broken Sword: The Sleeping Dragon"
"Crash Bandicoot: The Huge Adventure","13584","Crash Bandicoot: The Huge Adventure","65760","16500","45","4","53","0","0","3.99","Crash Bandicoot: The Huge Adventure"
"Narcissu","13585","Narcissu","16020","4020","32","1","20","0","0","3.99","Narcissu"
"Doom and Destiny","13586","Doom and Destiny","53460","13440","28","2","37","0","0","3.98","Doom and Destiny"
"Waku Waku 7","13587","Waku Waku 7","12420","3120","30","2","25","0","0","3.98","Waku Waku 7"
"Reassembly","13588","Reassembly","197820","49740","247","3","183","0","0","3.98","Reassembly"
"RISK: The Game of Global Domination","13589","RISK: The Game of Global Domination","29880","7500","74","1","33","0","0","3.98","RISK: The Game of Global Domination"
"Rage of the Dragons","13590","Rage of the Dragons","13620","3420","39","1","18","0","0","3.98","Rage of the Dragons"
"Tuebor","13591","Tuebor","43740","10980","64","13","30","0","0","3.98","Tuebor"
"Hello Kitty Cube World","13592","Hello Kitty Cube World","11220","2820","30","1","9","0","0","3.98","Hello Kitty Cube World"
"Sex Olympics","13593","Sex Olympics","28620","7200","32","2","10","0","0","3.97","Sex Olympics"
"Xenosaga: Episode III - Also Sprach Zarathustra","13594","Xenosaga: Episode III - Also Sprach Zarathustra","95160","24000","30","2","22","0","0","3.97","Xenosaga: Episode III - Also Sprach Zarathustra"
"Kelly Slater's Pro Surfer","13595","Kelly Slater's Pro Surfer","6900","1740","31","1","6","0","0","3.97","Kelly Slater's Pro Surfer"
"The Settlers: Fourth Edition","13596","The Settlers: Fourth Edition","38340","9660","81","2","15","0","0","3.97","The Settlers: Fourth Edition"
"LA Cops","13597","LA Cops","117780","29640","39","5","163","0","0","3.97","LA Cops"
"Guacamelee!","13598","Guacamelee!","610080","153480","8444","4","670","1","0","3.97","Guacamelee!"
"Majesty: The Fantasy Kingdom Sim","13599","Majesty: The Fantasy Kingdom Sim","81840","20640","117","1","43","0","0","3.97","Majesty: The Fantasy Kingdom Sim"
"Achaea, Dreams of Divine Lands","13600","Achaea, Dreams of Divine Lands","7860","1980","14","1","4","0","0","3.97","Achaea, Dreams of Divine Lands"