"","","Game","Watch time","Stream time","Peak viewers","Peak channels","Streamers","Average viewers","Average channels","Average viewer ratio",""
"Super Breakout","13401","Super Breakout","480","120","7","1","2","0","0","4","Super Breakout"
"Whip Rush","13402","Whip Rush","720","180","7","1","1","0","0","4","Whip Rush"
"Record of Agarest War 2","13403","Record of Agarest War 2","480","120","6","1","1","0","0","4","Record of Agarest War 2"
"No-Ri-Ko","13404","No-Ri-Ko","240","60","5","1","1","0","0","4","No-Ri-Ko"
"Big Nose Freaks Out","13405","Big Nose Freaks Out","240","60","4","1","1","0","0","4","Big Nose Freaks Out"
"Spy Fox in: Hold the Mustard","13406","Spy Fox in: Hold the Mustard","480","120","4","1","2","0","0","4","Spy Fox in: Hold the Mustard"
"Ultimate Beach Soccer","13407","Ultimate Beach Soccer","240","60","4","1","0","0","0","4","Ultimate Beach Soccer"
"Athens 2004","13408","Athens 2004","2880","720","14","1","5","0","0","4","Athens 2004"
"I did it Mum! 2","13409","I did it Mum! 2","240","60","4","1","0","0","0","4","I did it Mum! 2"
"Samurai Warriors: Xtreme Legends","13410","Samurai Warriors: Xtreme Legends","1440","360","14","1","3","0","0","4","Samurai Warriors: Xtreme Legends"
"Zombie Apocalypse: Never Die Alone","13411","Zombie Apocalypse: Never Die Alone","480","120","5","1","1","0","0","4","Zombie Apocalypse: Never Die Alone"
"Rapala Pro Fishing","13412","Rapala Pro Fishing","2640","660","12","1","2","0","0","4","Rapala Pro Fishing"
"ER","13413","ER","240","60","4","1","0","0","0","4","ER"
"7 Sins","13414","7 Sins","9600","2400","16","1","13","0","0","4","7 Sins"
"Miner Warfare","13415","Miner Warfare","5040","1260","39","1","5","0","0","4","Miner Warfare"
"Gunfighter II: Revenge of Jesse James","13416","Gunfighter II: Revenge of Jesse James","240","60","7","1","1","0","0","4","Gunfighter II: Revenge of Jesse James"
"Mystereet: Fukagyaku Sekai no Tantei Shinshi","13417","Mystereet: Fukagyaku Sekai no Tantei Shinshi","480","120","5","1","1","0","0","4","Mystereet: Fukagyaku Sekai no Tantei Shinshi"
"Hunchback at the Olympics","13418","Hunchback at the Olympics","480","120","5","1","1","0","0","4","Hunchback at the Olympics"
"The Great Battle V","13419","The Great Battle V","240","60","4","1","1","0","0","4","The Great Battle V"
"Suzumiya Haruhi no Tomadoi","13420","Suzumiya Haruhi no Tomadoi","480","120","6","1","1","0","0","4","Suzumiya Haruhi no Tomadoi"
"Traffic Giant","13421","Traffic Giant","480","120","5","1","1","0","0","4","Traffic Giant"
"Diver: Deep Water Adventures","13422","Diver: Deep Water Adventures","480","120","5","1","1","0","0","4","Diver: Deep Water Adventures"
"Absolute Obedience","13423","Absolute Obedience","240","60","4","1","0","0","0","4","Absolute Obedience"
"Warlords: Call to Arms","13424","Warlords: Call to Arms","240","60","4","1","0","0","0","4","Warlords: Call to Arms"
"Paws & Claws: Pampered Pets","13425","Paws & Claws: Pampered Pets","240","60","5","1","1","0","0","4","Paws & Claws: Pampered Pets"
"Nancy the Happy Whore and the Perfidious Petrol Station","13426","Nancy the Happy Whore and the Perfidious Petrol Station","720","180","6","1","1","0","0","4","Nancy the Happy Whore and the Perfidious Petrol Station"
"Thunder Force: Gold Pack 2","13427","Thunder Force: Gold Pack 2","240","60","5","1","1","0","0","4","Thunder Force: Gold Pack 2"
"Amorous Professor Cherry","13428","Amorous Professor Cherry","240","60","6","1","0","0","0","4","Amorous Professor Cherry"
"Guru Guru","13429","Guru Guru","960","240","8","1","2","0","0","4","Guru Guru"
"Touch: Man to Man","13430","Touch: Man to Man","480","120","5","1","1","0","0","4","Touch: Man to Man"
"AEGIS: Guardian of the Fleet","13431","AEGIS: Guardian of the Fleet","240","60","4","1","0","0","0","4","AEGIS: Guardian of the Fleet"
"Birdie King 3","13432","Birdie King 3","240","60","5","1","1","0","0","4","Birdie King 3"
"t@g","13433","t@g","480","120","5","1","3","0","0","4","t@g"
"Alvin and the Chipmunks","13434","Alvin and the Chipmunks","1200","300","7","1","2","0","0","4","Alvin and the Chipmunks"
"Strip Poker Professional rev. B","13435","Strip Poker Professional rev. B","1200","300","8","1","1","0","0","4","Strip Poker Professional rev. B"
"Octomania","13436","Octomania","240","60","4","1","0","0","0","4","Octomania"
"Corn Buster","13437","Corn Buster","240","60","4","1","0","0","0","4","Corn Buster"
"TNN Outdoors Fishing Champ","13438","TNN Outdoors Fishing Champ","240","60","4","1","1","0","0","4","TNN Outdoors Fishing Champ"
"Mickey no Boku wa Meitantei","13439","Mickey no Boku wa Meitantei","240","60","4","1","2","0","0","4","Mickey no Boku wa Meitantei"
"Macross 2036","13440","Macross 2036","240","60","4","1","1","0","0","4","Macross 2036"
"Deadman's Cross","13441","Deadman's Cross","960","240","8","1","2","0","0","4","Deadman's Cross"
"Crescent Pale Mist","13442","Crescent Pale Mist","480","120","5","1","1","0","0","4","Crescent Pale Mist"
"Legends of the Diamond","13443","Legends of the Diamond","240","60","4","1","0","0","0","4","Legends of the Diamond"
"Totally Spies! 3: Secret Agents","13444","Totally Spies! 3: Secret Agents","240","60","6","1","1","0","0","4","Totally Spies! 3: Secret Agents"
"Chaotic: Shadow Warriors","13445","Chaotic: Shadow Warriors","240","60","5","1","1","0","0","4","Chaotic: Shadow Warriors"
"Pranksterz - Wie ärgere ich meinen Nachbarn?","13446","Pranksterz - Wie ärgere ich meinen Nachbarn?","720","180","6","1","2","0","0","4","Pranksterz - Wie ärgere ich meinen Nachbarn?"
"Dragon Quest Monsters: Joker 3","13447","Dragon Quest Monsters: Joker 3","1200","300","6","1","4","0","0","4","Dragon Quest Monsters: Joker 3"
"No Second Prize","13448","No Second Prize","240","60","4","1","1","0","0","4","No Second Prize"
"Spell Casting: Meowgically Enhanced Edition","13449","Spell Casting: Meowgically Enhanced Edition","720","180","6","1","2","0","0","4","Spell Casting: Meowgically Enhanced Edition"
"WWF Superstars 2","13450","WWF Superstars 2","960","240","7","1","2","0","0","4","WWF Superstars 2"
"Ninku","13451","Ninku","240","60","4","1","0","0","0","4","Ninku"
"Crab Cakes Rescue","13452","Crab Cakes Rescue","240","60","7","1","1","0","0","4","Crab Cakes Rescue"
"Lucifer's Kingdom","13453","Lucifer's Kingdom","480","120","5","1","1","0","0","4","Lucifer's Kingdom"
"Nelly Cootalot: Spoonbeaks Ahoy!","13454","Nelly Cootalot: Spoonbeaks Ahoy!","960","240","5","1","1","0","0","4","Nelly Cootalot: Spoonbeaks Ahoy!"
"Puzzle Bobble 2X & Space Invaders","13455","Puzzle Bobble 2X & Space Invaders","240","60","4","1","0","0","0","4","Puzzle Bobble 2X & Space Invaders"
"Lego Star Wars: The Yoda Chronicles","13456","Lego Star Wars: The Yoda Chronicles","480","120","6","1","2","0","0","4","Lego Star Wars: The Yoda Chronicles"
"Puzzle Clubhouse: Episode 0 -- LAZOR FROGS","13457","Puzzle Clubhouse: Episode 0 -- LAZOR FROGS","480","120","8","1","1","0","0","4","Puzzle Clubhouse: Episode 0 -- LAZOR FROGS"
"Dream Zone","13458","Dream Zone","480","120","5","1","1","0","0","4","Dream Zone"
"Carnival","13459","Carnival","240","60","4","1","1","0","0","4","Carnival"
"Stealth ATF","13460","Stealth ATF","240","60","4","1","0","0","0","4","Stealth ATF"
"Bubble Bobble Revolution","13461","Bubble Bobble Revolution","240","60","4","1","1","0","0","4","Bubble Bobble Revolution"
"NBA Courtside 2: Featuring Kobe Bryant","13462","NBA Courtside 2: Featuring Kobe Bryant","480","120","4","1","1","0","0","4","NBA Courtside 2: Featuring Kobe Bryant"
"Vasara","13463","Vasara","720","180","6","1","1","0","0","4","Vasara"
"Honeyblaster","13464","Honeyblaster","240","60","4","1","1","0","0","4","Honeyblaster"
"C-HUE-B","13465","C-HUE-B","480","120","5","1","1","0","0","4","C-HUE-B"
"MLB 99","13466","MLB 99","480","120","7","1","2","0","0","4","MLB 99"
"Baba Booey's Adventure","13467","Baba Booey's Adventure","240","60","4","1","1","0","0","4","Baba Booey's Adventure"
"Arcade Lines","13468","Arcade Lines","240","60","4","1","1","0","0","4","Arcade Lines"
"Red Baron","13469","Red Baron","480","120","6","1","1","0","0","4","Red Baron"
"Fossil League: Dino Tournament Championship","13470","Fossil League: Dino Tournament Championship","240","60","6","1","0","0","0","4","Fossil League: Dino Tournament Championship"
"Tactics Layer: Ritina Guard Senki","13471","Tactics Layer: Ritina Guard Senki","480","120","5","1","1","0","0","4","Tactics Layer: Ritina Guard Senki"
"SkullCracker","13472","SkullCracker","240","60","5","1","1","0","0","4","SkullCracker"
"Muppet Madness","13473","Muppet Madness","240","60","4","1","1","0","0","4","Muppet Madness"
"Rainbow Rage Squad","13474","Rainbow Rage Squad","960","240","8","1","1","0","0","4","Rainbow Rage Squad"
"Galaga Wars","13475","Galaga Wars","240","60","6","1","3","0","0","4","Galaga Wars"
"Gangway Monsters","13476","Gangway Monsters","480","120","5","1","1","0","0","4","Gangway Monsters"
"Son of a Witch","13477","Son of a Witch","1440","360","12","1","3","0","0","4","Son of a Witch"
"Puzzle Dungeon","13478","Puzzle Dungeon","240","60","8","1","1","0","0","4","Puzzle Dungeon"
"Golgo 13: Kenenai Guntai","13479","Golgo 13: Kenenai Guntai","240","60","4","1","0","0","0","4","Golgo 13: Kenenai Guntai"
"Vulture Island","13480","Vulture Island","720","180","7","1","1","0","0","4","Vulture Island"
"Fatal Fury: First Contact","13481","Fatal Fury: First Contact","240","60","4","1","1","0","0","4","Fatal Fury: First Contact"
"Empire Above All","13482","Empire Above All","720","180","6","1","1","0","0","4","Empire Above All"
"The Asylum: Psychiatric Clinic for Abused Cuddly Toys","13483","The Asylum: Psychiatric Clinic for Abused Cuddly Toys","240","60","4","1","0","0","0","4","The Asylum: Psychiatric Clinic for Abused Cuddly Toys"
"Mrs. Dad vs. Körv","13484","Mrs. Dad vs. Körv","240","60","4","1","0","0","0","4","Mrs. Dad vs. Körv"
"Jack in the Dark","13485","Jack in the Dark","240","60","4","1","0","0","0","4","Jack in the Dark"
"Game Chest: Card","13486","Game Chest: Card","240","60","4","1","1","0","0","4","Game Chest: Card"
"Jimmy White's 2: Cueball","13487","Jimmy White's 2: Cueball","240","60","4","1","0","0","0","4","Jimmy White's 2: Cueball"
"Dungeon Village","13488","Dungeon Village","480","120","5","1","1","0","0","4","Dungeon Village"
"Jahangir Khan's World Championship Squash","13489","Jahangir Khan's World Championship Squash","240","60","7","1","1","0","0","4","Jahangir Khan's World Championship Squash"
"Age of Fear: The Undead King","13490","Age of Fear: The Undead King","240","60","4","1","0","0","0","4","Age of Fear: The Undead King"
"OverRide","13491","OverRide","240","60","4","1","0","0","0","4","OverRide"
"Baldies","13492","Baldies","240","60","4","1","1","0","0","4","Baldies"
"Supreme Snowboarding","13493","Supreme Snowboarding","240","60","4","1","2","0","0","4","Supreme Snowboarding"
"Gun Bros","13494","Gun Bros","720","180","5","1","1","0","0","4","Gun Bros"
"Warriors: Legends of Troy","13495","Warriors: Legends of Troy","240","60","4","1","1","0","0","4","Warriors: Legends of Troy"
"Darius R","13496","Darius R","240","60","4","1","0","0","0","4","Darius R"
"The King of Fighters Kyo","13497","The King of Fighters Kyo","2400","600","12","1","1","0","0","4","The King of Fighters Kyo"
"Dragon Ball RPG: Shounen-hen","13498","Dragon Ball RPG: Shounen-hen","480","120","7","1","0","0","0","4","Dragon Ball RPG: Shounen-hen"
"Otoko Yuukaku","13499","Otoko Yuukaku","480","120","6","1","1","0","0","4","Otoko Yuukaku"
"twofold inc.","13500","twofold inc.","240","60","5","1","1","0","0","4","twofold inc."