"","","Game","Watch time","Stream time","Peak viewers","Peak channels","Streamers","Average viewers","Average channels","Average viewer ratio",""
"Antique Road Trip 2: Homecoming","3901","Antique Road Trip 2: Homecoming","9240","300","56","1","1","0","0","30.8","Antique Road Trip 2: Homecoming"
"Port Royale: Gold, Power and Pirates","3902","Port Royale: Gold, Power and Pirates","16620","540","176","1","4","0","0","30.78","Port Royale: Gold, Power and Pirates"
"Banjo-Kazooie","3903","Banjo-Kazooie","42678060","1388460","108131","28","3573","80","2","30.74","Banjo-Kazooie"
"Condemned 2: Bloodshot","3904","Condemned 2: Bloodshot","479460","15600","798","2","41","0","0","30.73","Condemned 2: Bloodshot"
"Aladdin's Castle","3905","Aladdin's Castle","84780","2760","628","2","22","0","0","30.72","Aladdin's Castle"
"Slipstream","3906","Slipstream","23940","780","355","1","4","0","0","30.69","Slipstream"
"Subterrain","3907","Subterrain","2387700","77820","25800","9","169","4","0","30.68","Subterrain"
"Windosill","3908","Windosill","34980","1140","152","1","11","0","0","30.68","Windosill"
"Dark Souls II","3909","Dark Souls II","115561560","3767940","8190","54","9627","219","7","30.67","Dark Souls II"
"Fight Night","3910","Fight Night","11040","360","51","1","2","0","0","30.67","Fight Night"
"Crime Wave","3911","Crime Wave","5520","180","35","1","1","0","0","30.67","Crime Wave"
"WarioWare, Inc.: Mega Party Game$","3912","WarioWare, Inc.: Mega Party Game$","410280","13380","1651","2","88","0","0","30.66","WarioWare, Inc.: Mega Party Game$"
"BattleBlock Theater","3913","BattleBlock Theater","30627780","998940","152739","19","7418","58","1","30.66","BattleBlock Theater"
"Pokémon Black/White Version 2","3914","Pokémon Black/White Version 2","14792880","482880","4203","9","1229","28","0","30.63","Pokémon Black/White Version 2"
"Countdown Vampires","3915","Countdown Vampires","275580","9000","1395","1","17","0","0","30.62","Countdown Vampires"
"NHL Hitz 20-03","3916","NHL Hitz 20-03","106560","3480","1763","1","16","0","0","30.62","NHL Hitz 20-03"
"Glare","3917","Glare","33060","1080","105","1","4","0","0","30.61","Glare"
"Dante's Inferno","3918","Dante's Inferno","2097180","68520","2284","2","137","3","0","30.61","Dante's Inferno"
"Nidhogg","3919","Nidhogg","4525680","147900","16607","6","1200","8","0","30.6","Nidhogg"
"Antichamber","3920","Antichamber","5958900","194820","37873","7","962","11","0","30.59","Antichamber"
"Star Citizen","3921","Star Citizen","176277600","5761980","45650","56","8420","334","10","30.59","Star Citizen"
"Maximo: Ghosts to Glory","3922","Maximo: Ghosts to Glory","398340","13020","5544","2","54","0","0","30.59","Maximo: Ghosts to Glory"
"Harry Potter and the Half-Blood Prince","3923","Harry Potter and the Half-Blood Prince","618360","20220","650","2","69","1","0","30.58","Harry Potter and the Half-Blood Prince"
"Paws & Claws: Pet School","3924","Paws & Claws: Pet School","12840","420","83","1","3","0","0","30.57","Paws & Claws: Pet School"
"Kobe Bryant in NBA Courtside","3925","Kobe Bryant in NBA Courtside","16500","540","148","1","3","0","0","30.56","Kobe Bryant in NBA Courtside"
"Yakuza: Dead Souls","3926","Yakuza: Dead Souls","375900","12300","1720","2","24","0","0","30.56","Yakuza: Dead Souls"
"DragonBall Z: Dokkan Battle","3927","DragonBall Z: Dokkan Battle","24266220","794220","4093","17","669","46","1","30.55","DragonBall Z: Dokkan Battle"
"Sid Meier's Civilization V","3928","Sid Meier's Civilization V","230325420","7540020","22764","54","17212","437","14","30.55","Sid Meier's Civilization V"
"Kirby Tilt 'n' Tumble","3929","Kirby Tilt 'n' Tumble","247380","8100","2078","1","17","0","0","30.54","Kirby Tilt 'n' Tumble"
"The Legend of Spyro: Dawn of the Dragon","3930","The Legend of Spyro: Dawn of the Dragon","301920","9900","337","1","22","0","0","30.5","The Legend of Spyro: Dawn of the Dragon"
"Pathological","3931","Pathological","21960","720","152","1","5","0","0","30.5","Pathological"
"Arthur to Astaroth no Nazo Makimura: Incredible Toons","3932","Arthur to Astaroth no Nazo Makimura: Incredible Toons","7320","240","44","1","1","0","0","30.5","Arthur to Astaroth no Nazo Makimura: Incredible Toons"
"Tsumu","3933","Tsumu","10980","360","94","1","2","0","0","30.5","Tsumu"
"Objects in Space","3934","Objects in Space","3660","120","36","1","1","0","0","30.5","Objects in Space"
"TrackMania Turbo","3935","TrackMania Turbo","56118000","1840320","31418","145","7201","106","3","30.49","TrackMania Turbo"
"Shattered Planet","3936","Shattered Planet","144540","4740","933","1","24","0","0","30.49","Shattered Planet"
"Mahjong","3937","Mahjong","4941540","162060","3552","4","202","9","0","30.49","Mahjong"
"Viscera Cleanup Detail: Santa's Rampage","3938","Viscera Cleanup Detail: Santa's Rampage","2654280","87060","6044","19","614","5","0","30.49","Viscera Cleanup Detail: Santa's Rampage"
"Cutthroat Island","3939","Cutthroat Island","38400","1260","464","1","6","0","0","30.48","Cutthroat Island"
"Dead Synchronicity: Tomorrow Comes Today","3940","Dead Synchronicity: Tomorrow Comes Today","480960","15780","1344","2","53","0","0","30.48","Dead Synchronicity: Tomorrow Comes Today"
"Apocalypse","3941","Apocalypse","192000","6300","1282","1","27","0","0","30.48","Apocalypse"
"Caesar III","3942","Caesar III","1369860","45000","544","3","76","2","0","30.44","Caesar III"
"Teenage Mutant Ninja Turtles: Shadow Heroes","3943","Teenage Mutant Ninja Turtles: Shadow Heroes","12780","420","153","1","2","0","0","30.43","Teenage Mutant Ninja Turtles: Shadow Heroes"
"Edge of Nowhere","3944","Edge of Nowhere","25560","840","231","1","7","0","0","30.43","Edge of Nowhere"
"Dungeon Keeper","3945","Dungeon Keeper","1936500","63720","1848","3","188","3","0","30.39","Dungeon Keeper"
"Mighty Final Fight","3946","Mighty Final Fight","215160","7080","711","1","29","0","0","30.39","Mighty Final Fight"
"Mystic Warriors","3947","Mystic Warriors","29160","960","190","1","7","0","0","30.38","Mystic Warriors"
"Kerbal Space Program","3948","Kerbal Space Program","215564040","7096860","36181","52","11792","409","13","30.37","Kerbal Space Program"
"Marvel vs. Capcom: Clash of Super Heroes","3949","Marvel vs. Capcom: Clash of Super Heroes","785160","25860","5703","2","142","1","0","30.36","Marvel vs. Capcom: Clash of Super Heroes"
"Crazy Strike Bowling","3950","Crazy Strike Bowling","25500","840","92","1","5","0","0","30.36","Crazy Strike Bowling"
"Intelligence: 314th Clash","3951","Intelligence: 314th Clash","5460","180","74","1","3","0","0","30.33","Intelligence: 314th Clash"
"Castle of Dragon","3952","Castle of Dragon","16380","540","202","1","4","0","0","30.33","Castle of Dragon"
"Dudes with Attitude","3953","Dudes with Attitude","10920","360","67","1","3","0","0","30.33","Dudes with Attitude"
"Scaryfish III","3954","Scaryfish III","10920","360","182","1","2","0","0","30.33","Scaryfish III"
"The Elder Scrolls: Legends","3955","The Elder Scrolls: Legends","73332960","2418600","18331","60","4193","139","4","30.32","The Elder Scrolls: Legends"
"The Legend of Zelda: Oracle of Seasons","3956","The Legend of Zelda: Oracle of Seasons","6458820","213180","5986","11","301","12","0","30.3","The Legend of Zelda: Oracle of Seasons"
"Silent Hill: Shattered Memories","3957","Silent Hill: Shattered Memories","1281720","42300","1107","2","129","2","0","30.3","Silent Hill: Shattered Memories"
"Layers of Fear","3958","Layers of Fear","135913740","4486440","35563","180","22139","257","8","30.29","Layers of Fear"
"The Battle Cats","3959","The Battle Cats","245220","8100","408","1","24","0","0","30.27","The Battle Cats"
"PokéPark Wii: Pikachu's Adventure","3960","PokéPark Wii: Pikachu's Adventure","849840","28080","904","2","61","1","0","30.26","PokéPark Wii: Pikachu's Adventure"
"Zero: Nuregarasu no Miko","3961","Zero: Nuregarasu no Miko","2382300","78720","1355","4","135","4","0","30.26","Zero: Nuregarasu no Miko"
"Rider","3962","Rider","36300","1200","521","1","7","0","0","30.25","Rider"
"The Inner World","3963","The Inner World","858300","28380","1049","2","52","1","0","30.24","The Inner World"
"Shinobi III : Return of the Ninja Master","3964","Shinobi III : Return of the Ninja Master","881940","29160","4565","2","115","1","0","30.24","Shinobi III : Return of the Ninja Master"
"Final Approach","3965","Final Approach","179640","5940","1678","1","36","0","0","30.24","Final Approach"
"Virginia","3966","Virginia","3400500","112500","7528","23","851","6","0","30.23","Virginia"
"Force of Elements","3967","Force of Elements","342780","11340","641","3","32","0","0","30.23","Force of Elements"
"Knuckles' Chaotix","3968","Knuckles' Chaotix","292020","9660","2554","3","45","0","0","30.23","Knuckles' Chaotix"
"Krautscape","3969","Krautscape","27180","900","413","1","9","0","0","30.2","Krautscape"
"Conker's Other Bad Fur Day","3970","Conker's Other Bad Fur Day","215460","7140","3117","2","27","0","0","30.18","Conker's Other Bad Fur Day"
"Doraemon 4: Nobita to Tsuki no Oukoku","3971","Doraemon 4: Nobita to Tsuki no Oukoku","304140","10080","1899","2","6","0","0","30.17","Doraemon 4: Nobita to Tsuki no Oukoku"
"Strider","3972","Strider","7522560","249480","111826","12","1151","14","0","30.15","Strider"
"Town of Salem","3973","Town of Salem","106581240","3537960","44627","35","11446","202","6","30.13","Town of Salem"
"Batman & Robin","3974","Batman & Robin","128340","4260","725","1","17","0","0","30.13","Batman & Robin"
"Mystery of Neuschwanstein","3975","Mystery of Neuschwanstein","19860","660","71","1","3","0","0","30.09","Mystery of Neuschwanstein"
"Space Station 13","3976","Space Station 13","3340500","111060","1143","4","262","6","0","30.08","Space Station 13"
"Anonymous Agony","3977","Anonymous Agony","64980","2160","92","1","4","0","0","30.08","Anonymous Agony"
"Tactile Wars","3978","Tactile Wars","104640","3480","963","1","19","0","0","30.07","Tactile Wars"
"Monster Hunter X","3979","Monster Hunter X","16968360","564360","8122","15","247","32","1","30.07","Monster Hunter X"
"The Flame in the Flood","3980","The Flame in the Flood","9003660","299520","15993","24","1252","17","0","30.06","The Flame in the Flood"
"Stardew Valley","3981","Stardew Valley","612519480","20384040","50884","375","34476","1162","38","30.05","Stardew Valley"
"Flushed Away","3982","Flushed Away","131580","4380","566","1","6","0","0","30.04","Flushed Away"
"Manhunter","3983","Manhunter","122520","4080","477","4","24","0","0","30.03","Manhunter"
"Persona 4 Golden","3984","Persona 4 Golden","16761900","558120","2412","8","548","31","1","30.03","Persona 4 Golden"
"Digimon World","3985","Digimon World","5557620","185160","1602","5","305","10","0","30.02","Digimon World"
"Nightmare Circus","3986","Nightmare Circus","5400","180","66","1","1","0","0","30","Nightmare Circus"
"Resident Evil Zero HD","3987","Resident Evil Zero HD","16355640","545220","10626","46","1600","31","1","30","Resident Evil Zero HD"
"Marathon Infinity","3988","Marathon Infinity","30600","1020","336","1","5","0","0","30","Marathon Infinity"
"NBA 2K3","3989","NBA 2K3","25200","840","131","1","3","0","0","30","NBA 2K3"
"Harem Tengoku da to Omottara Yandere Jigoku Datta","3990","Harem Tengoku da to Omottara Yandere Jigoku Datta","7200","240","44","1","2","0","0","30","Harem Tengoku da to Omottara Yandere Jigoku Datta"
"Mages of Mystralia","3991","Mages of Mystralia","1800","60","30","1","1","0","0","30","Mages of Mystralia"
"God Hates Charades","3992","God Hates Charades","1800","60","34","1","1","0","0","30","God Hates Charades"
"Kelvin and the Infamous Machine","3993","Kelvin and the Infamous Machine","28800","960","265","1","3","0","0","30","Kelvin and the Infamous Machine"
"Please, Don't Touch Anything","3994","Please, Don't Touch Anything","2120220","70740","3704","4","419","4","0","29.97","Please, Don't Touch Anything"
"Aquapazza: Aquaplus Dream Match","3995","Aquapazza: Aquaplus Dream Match","111420","3720","853","1","11","0","0","29.95","Aquapazza: Aquaplus Dream Match"
"Steep","3996","Steep","76219740","2544600","32974","196","15461","144","4","29.95","Steep"
"NES Remix","3997","NES Remix","939180","31380","1733","2","145","1","0","29.93","NES Remix"
"Touch Detective","3998","Touch Detective","39480","1320","77","1","4","0","0","29.91","Touch Detective"
"Nitroplus Blasterz: Heroines Infinite Duel","3999","Nitroplus Blasterz: Heroines Infinite Duel","2024820","67740","5774","6","692","3","0","29.89","Nitroplus Blasterz: Heroines Infinite Duel"
"Plague Inc: Evolved","4000","Plague Inc: Evolved","14765940","494040","24565","10","3083","28","0","29.89","Plague Inc: Evolved"