"","","Game","Watch time","Stream time","Peak viewers","Peak channels","Streamers","Average viewers","Average channels","Average viewer ratio",""
"Age of Wonders: Shadow Magic","10601","Age of Wonders: Shadow Magic","22980","3660","191","1","8","0","0","6.28","Age of Wonders: Shadow Magic"
"Sim Theme Park","10602","Sim Theme Park","60300","9600","180","2","26","0","0","6.28","Sim Theme Park"
"Dark Strokes: Sins of the Fathers","10603","Dark Strokes: Sins of the Fathers","11280","1800","27","1","6","0","0","6.27","Dark Strokes: Sins of the Fathers"
"Metal Slug 7","10604","Metal Slug 7","5640","900","50","3","7","0","0","6.27","Metal Slug 7"
"The Note","10605","The Note","4140","660","30","1","5","0","0","6.27","The Note"
"The Terminator","10606","The Terminator","18060","2880","40","4","14","0","0","6.27","The Terminator"
"Marvel Future Fight","10607","Marvel Future Fight","313440","49980","482","3","109","0","0","6.27","Marvel Future Fight"
"Shin Megami Tensei: Devil Survivor","10608","Shin Megami Tensei: Devil Survivor","107220","17100","84","2","18","0","0","6.27","Shin Megami Tensei: Devil Survivor"
"Dracula Unleashed","10609","Dracula Unleashed","5640","900","55","1","3","0","0","6.27","Dracula Unleashed"
"Chronicles of Teddy: Harmony of Exidus","10610","Chronicles of Teddy: Harmony of Exidus","132540","21180","114","2","160","0","0","6.26","Chronicles of Teddy: Harmony of Exidus"
"Kamen Rider: Battride War Creation","10611","Kamen Rider: Battride War Creation","67980","10860","28","2","18","0","0","6.26","Kamen Rider: Battride War Creation"
"AirBuccaneers","10612","AirBuccaneers","7140","1140","13","1","4","0","0","6.26","AirBuccaneers"
"Need for Speed: Carbon","10613","Need for Speed: Carbon","580260","92640","459","4","327","1","0","6.26","Need for Speed: Carbon"
"Travian","10614","Travian","64260","10260","125","1","40","0","0","6.26","Travian"
"Kid Niki: Radical Ninja","10615","Kid Niki: Radical Ninja","38700","6180","123","2","10","0","0","6.26","Kid Niki: Radical Ninja"
"Pro Evolution Soccer 2009","10616","Pro Evolution Soccer 2009","25920","4140","401","1","12","0","0","6.26","Pro Evolution Soccer 2009"
"Political Tycoon","10617","Political Tycoon","15780","2520","81","1","13","0","0","6.26","Political Tycoon"
"Industry Giant II","10618","Industry Giant II","34560","5520","167","1","29","0","0","6.26","Industry Giant II"
"Miracle Warriors: Seal of the Dark Lord","10619","Miracle Warriors: Seal of the Dark Lord","17280","2760","31","1","2","0","0","6.26","Miracle Warriors: Seal of the Dark Lord"
"Cyto","10620","Cyto","1500","240","9","1","2","0","0","6.25","Cyto"
"Thunder Force VI","10621","Thunder Force VI","1500","240","27","1","3","0","0","6.25","Thunder Force VI"
"Portalnauts","10622","Portalnauts","1500","240","14","1","2","0","0","6.25","Portalnauts"
"Twinkle Star Sprites: La Petite Princesse","10623","Twinkle Star Sprites: La Petite Princesse","1500","240","9","1","2","0","0","6.25","Twinkle Star Sprites: La Petite Princesse"
"Jeff the Killer Revenge","10624","Jeff the Killer Revenge","3000","480","20","1","2","0","0","6.25","Jeff the Killer Revenge"
"Animal Crossing Plaza","10625","Animal Crossing Plaza","1500","240","10","1","1","0","0","6.25","Animal Crossing Plaza"
"Intellivision Lives!","10626","Intellivision Lives!","6000","960","29","1","4","0","0","6.25","Intellivision Lives!"
"Genghis Khan","10627","Genghis Khan","3000","480","16","1","3","0","0","6.25","Genghis Khan"
"World Heroes Perfect","10628","World Heroes Perfect","7500","1200","24","1","6","0","0","6.25","World Heroes Perfect"
"Monster Rancher Explorer","10629","Monster Rancher Explorer","1500","240","17","1","3","0","0","6.25","Monster Rancher Explorer"
"Burning Fight","10630","Burning Fight","1500","240","14","1","2","0","0","6.25","Burning Fight"
"Gunblade NY","10631","Gunblade NY","1500","240","9","1","3","0","0","6.25","Gunblade NY"
"Excalibur 2555 AD","10632","Excalibur 2555 AD","15000","2400","23","1","4","0","0","6.25","Excalibur 2555 AD"
"Pirates of the Caribbean Online","10633","Pirates of the Caribbean Online","374340","59940","188","5","145","0","0","6.25","Pirates of the Caribbean Online"
"Keeper","10634","Keeper","19140","3060","29","2","9","0","0","6.25","Keeper"
"Jim Power in ""Mutant Planet""","10635","Jim Power in ""Mutant Planet""","6000","960","15","1","4","0","0","6.25","Jim Power in ""Mutant Planet"""
"SSX on Tour","10636","SSX on Tour","60000","9600","196","2","49","0","0","6.25","SSX on Tour"
"Voxatron","10637","Voxatron","1500","240","23","1","3","0","0","6.25","Voxatron"
"Mount and Blade: With Fire & Sword","10638","Mount and Blade: With Fire & Sword","777180","124260","766","4","389","1","0","6.25","Mount and Blade: With Fire & Sword"
"DeathSpank","10639","DeathSpank","83940","13440","112","2","47","0","0","6.25","DeathSpank"
"The Last Eichhof","10640","The Last Eichhof","3000","480","14","1","3","0","0","6.25","The Last Eichhof"
"Backyard Hockey","10641","Backyard Hockey","6000","960","45","1","4","0","0","6.25","Backyard Hockey"
"JezzBall","10642","JezzBall","1500","240","13","1","2","0","0","6.25","JezzBall"
"Fantasy Mosaics","10643","Fantasy Mosaics","1500","240","10","1","1","0","0","6.25","Fantasy Mosaics"
"Anima - Gate of Memories","10644","Anima - Gate of Memories","220680","35340","205","7","123","0","0","6.24","Anima - Gate of Memories"
"WWE SmackDown! vs. RAW 2010","10645","WWE SmackDown! vs. RAW 2010","55440","8880","29","1","22","0","0","6.24","WWE SmackDown! vs. RAW 2010"
"Temper Tantrum","10646","Temper Tantrum","12360","1980","54","2","23","0","0","6.24","Temper Tantrum"
"Fantasy Earth Zero","10647","Fantasy Earth Zero","3385200","542220","788","10","236","6","1","6.24","Fantasy Earth Zero"
"Secret Files: Tunguska","10648","Secret Files: Tunguska","79020","12660","33","2","22","0","0","6.24","Secret Files: Tunguska"
"Raiden Fighters Jet","10649","Raiden Fighters Jet","4860","780","41","1","5","0","0","6.23","Raiden Fighters Jet"
"Nova 9: Return of Gir Draxon","10650","Nova 9: Return of Gir Draxon","38520","6180","17","1","1","0","0","6.23","Nova 9: Return of Gir Draxon"
"Angry Video Game Nerd II: ASSimilation","10651","Angry Video Game Nerd II: ASSimilation","204660","32880","335","3","154","0","0","6.22","Angry Video Game Nerd II: ASSimilation"
"OZMAFIA!!","10652","OZMAFIA!!","99600","16020","197","3","37","0","0","6.22","OZMAFIA!!"
"Charlie's Angels","10653","Charlie's Angels","13440","2160","28","1","7","0","0","6.22","Charlie's Angels"
"Back to the Future: The Game - Episode 3: Citizen Brown","10654","Back to the Future: The Game - Episode 3: Citizen Brown","122760","19740","190","2","82","0","0","6.22","Back to the Future: The Game - Episode 3: Citizen Brown"
"Pixel Piracy","10655","Pixel Piracy","1061820","170820","1255","19","869","2","0","6.22","Pixel Piracy"
"Warframe","10656","Warframe","303801840","48805740","30385","239","91271","576","92","6.22","Warframe"
"Drakengard 3","10657","Drakengard 3","408900","65760","408","3","74","0","0","6.22","Drakengard 3"
"Osmos","10658","Osmos","24240","3900","63","1","28","0","0","6.22","Osmos"
"ROSE Online","10659","ROSE Online","169500","27240","79","2","46","0","0","6.22","ROSE Online"
"Transformice","10660","Transformice","1473960","237180","1141","4","905","2","0","6.21","Transformice"
"TimeSplitters: Future Perfect","10661","TimeSplitters: Future Perfect","262200","42240","142","3","152","0","0","6.21","TimeSplitters: Future Perfect"
"OMSI 2","10662","OMSI 2","3425940","551820","1574","9","1059","6","1","6.21","OMSI 2"
"Null Battles","10663","Null Battles","55500","8940","175","1","24","0","0","6.21","Null Battles"
"The Fast and The Furious","10664","The Fast and The Furious","10800","1740","78","2","11","0","0","6.21","The Fast and The Furious"
"Super Monkey Ball: Touch & Roll","10665","Super Monkey Ball: Touch & Roll","5220","840","11","1","3","0","0","6.21","Super Monkey Ball: Touch & Roll"
"Just Deserts","10666","Just Deserts","20880","3360","23","2","16","0","0","6.21","Just Deserts"
"Galactic Junk League","10667","Galactic Junk League","9300","1500","124","1","17","0","0","6.2","Galactic Junk League"
"Turnabout","10668","Turnabout","1860","300","9","1","2","0","0","6.2","Turnabout"
"Zoo Park","10669","Zoo Park","14880","2400","33","1","12","0","0","6.2","Zoo Park"
"The Lion King: Simba's Big Adventure","10670","The Lion King: Simba's Big Adventure","1860","300","15","1","3","0","0","6.2","The Lion King: Simba's Big Adventure"
"Chompy Chomp Chomp","10671","Chompy Chomp Chomp","3720","600","32","1","2","0","0","6.2","Chompy Chomp Chomp"
"Xenosaga: Episode II - Jenseits von Gut und Böse","10672","Xenosaga: Episode II - Jenseits von Gut und Böse","170640","27540","43","2","25","0","0","6.2","Xenosaga: Episode II - Jenseits von Gut und Böse"
"Lexica","10673","Lexica","5580","900","22","1","4","0","0","6.2","Lexica"
"The Settlers","10674","The Settlers","38700","6240","73","1","29","0","0","6.2","The Settlers"
"Top Spin 3","10675","Top Spin 3","1860","300","27","1","3","0","0","6.2","Top Spin 3"
"Rocky","10676","Rocky","5580","900","33","1","7","0","0","6.2","Rocky"
"Shrek SuperSlam","10677","Shrek SuperSlam","85560","13800","223","2","57","0","0","6.2","Shrek SuperSlam"
"Ghost in the Shell: Stand Alone Complex – First Assault Online","10678","Ghost in the Shell: Stand Alone Complex – First Assault Online","10738080","1731900","14440","32","5472","20","3","6.2","Ghost in the Shell: Stand Alone Complex – First Assault Online"
"Super Uno","10679","Super Uno","1860","300","9","1","2","0","0","6.2","Super Uno"
"Gungnir","10680","Gungnir","36480","5880","76","1","5","0","0","6.2","Gungnir"
"WWE 2K16","10681","WWE 2K16","94365180","15234000","38205","184","36767","179","28","6.19","WWE 2K16"
"Shaun White Skateboarding","10682","Shaun White Skateboarding","13740","2220","66","1","18","0","0","6.19","Shaun White Skateboarding"
"Tales of Monkey Island Chapter 2: The Siege of Spinner Cay","10683","Tales of Monkey Island Chapter 2: The Siege of Spinner Cay","51240","8280","48","1","35","0","0","6.19","Tales of Monkey Island Chapter 2: The Siege of Spinner Cay"
"Higurashi no Naku Koro ni: Onikakushi-hen","10684","Higurashi no Naku Koro ni: Onikakushi-hen","191700","30960","219","2","78","0","0","6.19","Higurashi no Naku Koro ni: Onikakushi-hen"
"Monster Hunter Online","10685","Monster Hunter Online","4310400","696480","877","19","1315","8","1","6.19","Monster Hunter Online"
"Oblivion","10686","Oblivion","2930940","473220","2047","29","1802","5","0","6.19","Oblivion"
"Super Monkey Ball Jr.","10687","Super Monkey Ball Jr.","10020","1620","45","1","13","0","0","6.19","Super Monkey Ball Jr."
"Game of Thrones: Seven Kingdoms","10688","Game of Thrones: Seven Kingdoms","34920","5640","213","1","22","0","0","6.19","Game of Thrones: Seven Kingdoms"
"Dungeon Warfare","10689","Dungeon Warfare","25980","4200","25","2","11","0","0","6.19","Dungeon Warfare"
"REDCON","10690","REDCON","40020","6480","75","2","37","0","0","6.18","REDCON"
"Zone 4: Fight District","10691","Zone 4: Fight District","54540","8820","235","2","41","0","0","6.18","Zone 4: Fight District"
"Colosseum: Road to Freedom","10692","Colosseum: Road to Freedom","21120","3420","54","2","9","0","0","6.18","Colosseum: Road to Freedom"
"Albion","10693","Albion","104640","16920","375","1","30","0","0","6.18","Albion"
"The Longest Journey","10694","The Longest Journey","497160","80400","170","4","127","0","0","6.18","The Longest Journey"
"Densha de Go!","10695","Densha de Go!","4080","660","57","1","4","0","0","6.18","Densha de Go!"
"Sam & Max Episode 304: Beyond the Alley of the Dolls","10696","Sam & Max Episode 304: Beyond the Alley of the Dolls","10380","1680","24","1","6","0","0","6.18","Sam & Max Episode 304: Beyond the Alley of the Dolls"
"Quest Forge: By Order of Kings","10697","Quest Forge: By Order of Kings","2220","360","14","1","2","0","0","6.17","Quest Forge: By Order of Kings"
"Astro Tripper","10698","Astro Tripper","2220","360","13","1","2","0","0","6.17","Astro Tripper"
"General Chaos","10699","General Chaos","14820","2400","69","2","13","0","0","6.17","General Chaos"
"Sorcer Striker","10700","Sorcer Striker","13320","2160","19","1","6","0","0","6.17","Sorcer Striker"