"","","Game","Watch time","Stream time","Peak viewers","Peak channels","Streamers","Average viewers","Average channels","Average viewer ratio",""
"Crossout","4801","Crossout","24825840","1066200","33198","29","1644","47","2","23.28","Crossout"
"Lilo & Stitch: Trouble in Paradise","4802","Lilo & Stitch: Trouble in Paradise","53040","2280","175","1","17","0","0","23.26","Lilo & Stitch: Trouble in Paradise"
"Dragonflight","4803","Dragonflight","43260","1860","109","1","6","0","0","23.26","Dragonflight"
"Hanging With Friends","4804","Hanging With Friends","206460","8880","2112","2","35","0","0","23.25","Hanging With Friends"
"Scribblenauts Unlimited","4805","Scribblenauts Unlimited","2945040","126660","17654","4","624","5","0","23.25","Scribblenauts Unlimited"
"Rule of Rose","4806","Rule of Rose","1366560","58800","1504","3","128","2","0","23.24","Rule of Rose"
"The Kindred","4807","The Kindred","154740","6660","971","1","40","0","0","23.23","The Kindred"
"Gothic","4808","Gothic","7658580","329880","4468","6","583","14","0","23.22","Gothic"
"NHL 06","4809","NHL 06","83520","3600","104","1","15","0","0","23.2","NHL 06"
"Mickey's Space Adventure","4810","Mickey's Space Adventure","6960","300","40","1","2","0","0","23.2","Mickey's Space Adventure"
"Toy Story 2","4811","Toy Story 2","308880","13320","1282","3","74","0","0","23.19","Toy Story 2"
"The King of Fighters XIII","4812","The King of Fighters XIII","4092540","176520","4254","4","536","7","0","23.18","The King of Fighters XIII"
"Divinity: Original Sin","4813","Divinity: Original Sin","44662080","1927860","8551","22","5301","84","3","23.17","Divinity: Original Sin"
"Moon Crystal","4814","Moon Crystal","158460","6840","610","2","14","0","0","23.17","Moon Crystal"
"Robotron: 2084","4815","Robotron: 2084","207060","8940","319","2","17","0","0","23.16","Robotron: 2084"
"Grim Legends 2: Song of the Dark Swan","4816","Grim Legends 2: Song of the Dark Swan","198720","8580","273","2","25","0","0","23.16","Grim Legends 2: Song of the Dark Swan"
"Dirge of Cerberus: Final Fantasy VII","4817","Dirge of Cerberus: Final Fantasy VII","781740","33780","808","2","72","1","0","23.14","Dirge of Cerberus: Final Fantasy VII"
"Saboten Bombers","4818","Saboten Bombers","49980","2160","48","1","1","0","0","23.14","Saboten Bombers"
"Magical Drop II","4819","Magical Drop II","22200","960","154","1","7","0","0","23.13","Magical Drop II"
"Battle Realms","4820","Battle Realms","56880","2460","154","1","8","0","0","23.12","Battle Realms"
"MediEvil II","4821","MediEvil II","473040","20460","630","3","60","0","0","23.12","MediEvil II"
"Cruis'n USA","4822","Cruis'n USA","321720","13920","2514","2","51","0","0","23.11","Cruis'n USA"
"Cossacks: Back to War","4823","Cossacks: Back to War","841440","36420","12930","3","111","1","0","23.1","Cossacks: Back to War"
"God of War: Chains of Olympus","4824","God of War: Chains of Olympus","586140","25380","606","2","82","1","0","23.09","God of War: Chains of Olympus"
"Devil May Cry HD Collection","4825","Devil May Cry HD Collection","2184540","94740","2191","4","163","4","0","23.06","Devil May Cry HD Collection"
"Tales from the Borderlands","4826","Tales from the Borderlands","35707920","1548720","13971","18","5756","67","2","23.06","Tales from the Borderlands"
"Way of the Samurai 3","4827","Way of the Samurai 3","887160","38520","31728","7","116","1","0","23.03","Way of the Samurai 3"
"Toto Temple Deluxe","4828","Toto Temple Deluxe","44220","1920","463","1","15","0","0","23.03","Toto Temple Deluxe"
"Pinball Quest","4829","Pinball Quest","60780","2640","88","1","10","0","0","23.02","Pinball Quest"
"Dragon Quest Builders","4830","Dragon Quest Builders","45438120","1973640","14812","109","3732","86","3","23.02","Dragon Quest Builders"
"NASCAR Heat","4831","NASCAR Heat","187800","8160","3044","2","4","0","0","23.01","NASCAR Heat"
"Sid Meier's Alpha Centauri","4832","Sid Meier's Alpha Centauri","187800","8160","593","2","28","0","0","23.01","Sid Meier's Alpha Centauri"
"Wrestle Angels: Survivor","4833","Wrestle Angels: Survivor","2760","120","50","1","1","0","0","23","Wrestle Angels: Survivor"
"Pic Pic","4834","Pic Pic","1380","60","23","1","0","0","0","23","Pic Pic"
"Crayon Chronicles","4835","Crayon Chronicles","4140","180","64","1","2","0","0","23","Crayon Chronicles"
"Silent Hill: The Arcade","4836","Silent Hill: The Arcade","2760","120","28","1","1","0","0","23","Silent Hill: The Arcade"
"Rosco McQueen Firefighter Extreme","4837","Rosco McQueen Firefighter Extreme","17940","780","161","1","6","0","0","23","Rosco McQueen Firefighter Extreme"
"Tonka Space Station","4838","Tonka Space Station","1380","60","26","1","1","0","0","23","Tonka Space Station"
"Buffy the Vampire Slayer: Sacrifice","4839","Buffy the Vampire Slayer: Sacrifice","2760","120","28","1","1","0","0","23","Buffy the Vampire Slayer: Sacrifice"
"Mah-Jong Fight Club Sp","4840","Mah-Jong Fight Club Sp","1380","60","23","1","1","0","0","23","Mah-Jong Fight Club Sp"
"Pokémon Ruby/Sapphire","4841","Pokémon Ruby/Sapphire","10988160","478080","4427","8","1364","20","0","22.98","Pokémon Ruby/Sapphire"
"PlayStation Home","4842","PlayStation Home","794220","34560","10211","6","73","1","0","22.98","PlayStation Home"
"Sunless Sea","4843","Sunless Sea","6546120","284940","2564","14","901","12","0","22.97","Sunless Sea"
"Dark Souls III","4844","Dark Souls III","2624932800","114291120","121710","3238","189903","4981","216","22.97","Dark Souls III"
"Blackwell Deception","4845","Blackwell Deception","155760","6780","171","1","20","0","0","22.97","Blackwell Deception"
"Xianjian Qixia Zhuan 2","4846","Xianjian Qixia Zhuan 2","66120","2880","121","1","2","0","0","22.96","Xianjian Qixia Zhuan 2"
"Halo Wars 2","4847","Halo Wars 2","4146480","180600","6769","63","774","7","0","22.96","Halo Wars 2"
"Uncharted: The Nathan Drake Collection","4848","Uncharted: The Nathan Drake Collection","33820500","1474200","24140","39","21560","64","2","22.94","Uncharted: The Nathan Drake Collection"
"Tanki Online","4849","Tanki Online","5700540","248640","1864","8","813","10","0","22.93","Tanki Online"
"Syd of Valis","4850","Syd of Valis","13740","600","114","3","6","0","0","22.9","Syd of Valis"
"Solomon's Key","4851","Solomon's Key","204600","8940","273","2","23","0","0","22.89","Solomon's Key"
"Ginger","4852","Ginger","10980","480","72","1","3","0","0","22.88","Ginger"
"CRYPTARK","4853","CRYPTARK","572280","25020","8924","4","105","1","0","22.87","CRYPTARK"
"Dishonored","4854","Dishonored","77031720","3369180","126174","73","13970","146","6","22.86","Dishonored"
"Blood of the Cybermen","4855","Blood of the Cybermen","9600","420","80","1","3","0","0","22.86","Blood of the Cybermen"
"Fire Emblem: Awakening","4856","Fire Emblem: Awakening","2688240","117660","532","4","161","5","0","22.85","Fire Emblem: Awakening"
"Shining Force","4857","Shining Force","4127340","180600","876","6","197","7","0","22.85","Shining Force"
"Sonic the Hedgehog 3","4858","Sonic the Hedgehog 3","5976600","261660","5949","14","1151","11","0","22.84","Sonic the Hedgehog 3"
"Operation Thunderbolt","4859","Operation Thunderbolt","8220","360","75","1","2","0","0","22.83","Operation Thunderbolt"
"Time Gal","4860","Time Gal","32880","1440","95","1","10","0","0","22.83","Time Gal"
"JoJo's Bizarre Adventure: Eyes of Heaven","4861","JoJo's Bizarre Adventure: Eyes of Heaven","5864160","256920","6613","25","1053","11","0","22.82","JoJo's Bizarre Adventure: Eyes of Heaven"
"Armello","4862","Armello","10460100","459300","8355","10","1533","19","0","22.77","Armello"
"Tierras del Sur","4863","Tierras del Sur","17760","780","59","1","2","0","0","22.77","Tierras del Sur"
"WWE SuperCard","4864","WWE SuperCard","26260080","1153740","3632","17","1217","49","2","22.76","WWE SuperCard"
"Jelly Boy 2","4865","Jelly Boy 2","16380","720","101","1","4","0","0","22.75","Jelly Boy 2"
"Agatha Christie: Evil Under the Sun","4866","Agatha Christie: Evil Under the Sun","32760","1440","55","1","2","0","0","22.75","Agatha Christie: Evil Under the Sun"
"Pokémon Crystal","4867","Pokémon Crystal","25838520","1136160","4299","15","1813","49","2","22.74","Pokémon Crystal"
"Kholat","4868","Kholat","7962420","350220","7641","10","2250","15","0","22.74","Kholat"
"Sonic R","4869","Sonic R","838620","36900","5551","5","144","1","0","22.73","Sonic R"
"Putt Putt Golf","4870","Putt Putt Golf","35460","1560","344","1","7","0","0","22.73","Putt Putt Golf"
"Tarot","4871","Tarot","91320","4020","138","1","13","0","0","22.72","Tarot"
"Guilty Gear XX Λ Core Plus","4872","Guilty Gear XX Λ Core Plus","741600","32640","1595","2","79","1","0","22.72","Guilty Gear XX Λ Core Plus"
"Perfect Stride","4873","Perfect Stride","68160","3000","991","2","17","0","0","22.72","Perfect Stride"
"Day One: Garry's Incident","4874","Day One: Garry's Incident","175860","7740","388","2","48","0","0","22.72","Day One: Garry's Incident"
"Topps KICK","4875","Topps KICK","4414800","194400","160","5","133","8","0","22.71","Topps KICK"
"Puzzle Games","4876","Puzzle Games","1153980","50820","2902","2","92","2","0","22.71","Puzzle Games"
"Ultima VII, Part Two: Serpent Isle","4877","Ultima VII, Part Two: Serpent Isle","386820","17040","102","1","7","0","0","22.7","Ultima VII, Part Two: Serpent Isle"
"Quest for Glory II: Trial by Fire","4878","Quest for Glory II: Trial by Fire","196140","8640","246","1","15","0","0","22.7","Quest for Glory II: Trial by Fire"
"Yooka-Laylee","4879","Yooka-Laylee","1278900","56340","6177","31","436","2","0","22.7","Yooka-Laylee"
"Yu-Gi-Oh! 5D's Tag Force 4","4880","Yu-Gi-Oh! 5D's Tag Force 4","27240","1200","143","1","5","0","0","22.7","Yu-Gi-Oh! 5D's Tag Force 4"
"Chill Manor","4881","Chill Manor","17700","780","72","1","3","0","0","22.69","Chill Manor"
"Call of Cthulhu - The Video Game","4882","Call of Cthulhu - The Video Game","108900","4800","308","1","16","0","0","22.69","Call of Cthulhu - The Video Game"
"Serious Sam: Double D","4883","Serious Sam: Double D","51720","2280","386","1","15","0","0","22.68","Serious Sam: Double D"
"Poker for Dummies","4884","Poker for Dummies","8160","360","129","1","4","0","0","22.67","Poker for Dummies"
"Grim Legends: The Forsaken Bride","4885","Grim Legends: The Forsaken Bride","613020","27060","799","4","91","1","0","22.65","Grim Legends: The Forsaken Bride"
"Castlevania: Rondo of Blood","4886","Castlevania: Rondo of Blood","1429860","63120","1343","5","146","2","0","22.65","Castlevania: Rondo of Blood"
"HarmoKnight","4887","HarmoKnight","27180","1200","63","1","5","0","0","22.65","HarmoKnight"
"Batman Returns","4888","Batman Returns","317820","14040","1836","3","97","0","0","22.64","Batman Returns"
"Ticket to Ride","4889","Ticket to Ride","718080","31740","2110","5","119","1","0","22.62","Ticket to Ride"
"Besiege","4890","Besiege","6968400","308040","27116","8","1903","13","0","22.62","Besiege"
"Teenage Mutant Ninja Turtles","4891","Teenage Mutant Ninja Turtles","17640","780","116","1","108","0","0","22.62","Teenage Mutant Ninja Turtles"
"Cargo! The Quest for Gravity","4892","Cargo! The Quest for Gravity","89580","3960","326","2","17","0","0","22.62","Cargo! The Quest for Gravity"
"Magical Date EX - Sotsugyou Kokuhaku Daisakusen","4893","Magical Date EX - Sotsugyou Kokuhaku Daisakusen","6780","300","63","1","1","0","0","22.6","Magical Date EX - Sotsugyou Kokuhaku Daisakusen"
"Arcanum: Of Steamworks & Magick Obscura","4894","Arcanum: Of Steamworks & Magick Obscura","1557660","68940","1722","3","115","2","0","22.59","Arcanum: Of Steamworks & Magick Obscura"
"Resistance 3","4895","Resistance 3","289980","12840","135","1","20","0","0","22.58","Resistance 3"
"Greendog: The Beached Surfer Dude!","4896","Greendog: The Beached Surfer Dude!","16260","720","94","2","5","0","0","22.58","Greendog: The Beached Surfer Dude!"
"Fright Night","4897","Fright Night","31140","1380","53","1","4","0","0","22.57","Fright Night"
"Donald Duck no Mahou no Boushi","4898","Donald Duck no Mahou no Boushi","28440","1260","158","2","8","0","0","22.57","Donald Duck no Mahou no Boushi"
"Redneck Rampage Rides Again: Arkansas","4899","Redneck Rampage Rides Again: Arkansas","50100","2220","118","1","3","0","0","22.57","Redneck Rampage Rides Again: Arkansas"
"Dragon Spirit","4900","Dragon Spirit","40620","1800","236","1","10","0","0","22.57","Dragon Spirit"