"","","Game","Watch time","Stream time","Peak viewers","Peak channels","Streamers","Average viewers","Average channels","Average viewer ratio",""
"Bit.Trip Fate","7401","Bit.Trip Fate","4260","360","29","1","2","0","0","11.83","Bit.Trip Fate"
"Rendering Ranger: R2","7402","Rendering Ranger: R2","4260","360","36","1","3","0","0","11.83","Rendering Ranger: R2"
"Ranma 1/2: Akanekodan-teki Hihou","7403","Ranma 1/2: Akanekodan-teki Hihou","16320","1380","23","1","1","0","0","11.83","Ranma 1/2: Akanekodan-teki Hihou"
"Party of Sin","7404","Party of Sin","4260","360","80","1","3","0","0","11.83","Party of Sin"
"Dai-2-Ji Super Robot Taisen Z Hakai-hen","7405","Dai-2-Ji Super Robot Taisen Z Hakai-hen","125640","10620","63","1","15","0","0","11.83","Dai-2-Ji Super Robot Taisen Z Hakai-hen"
"Tee Off","7406","Tee Off","4260","360","25","1","1","0","0","11.83","Tee Off"
"DJMAX Technika 3: Crew Challenge","7407","DJMAX Technika 3: Crew Challenge","4260","360","28","1","1","0","0","11.83","DJMAX Technika 3: Crew Challenge"
"Kingdom Hearts HD I.5 + II.5 Remix","7408","Kingdom Hearts HD I.5 + II.5 Remix","12780","1080","155","1","6","0","0","11.83","Kingdom Hearts HD I.5 + II.5 Remix"
"Intelligent Qube","7409","Intelligent Qube","195720","16560","180","2","28","0","0","11.82","Intelligent Qube"
"Quest for Glory IV: Shadows of Darkness","7410","Quest for Glory IV: Shadows of Darkness","156000","13200","235","2","22","0","0","11.82","Quest for Glory IV: Shadows of Darkness"
"Eternal Sonata","7411","Eternal Sonata","797400","67500","2622","4","82","1","0","11.81","Eternal Sonata"
"Dragon Ball Z: Tenkaichi Tag Team","7412","Dragon Ball Z: Tenkaichi Tag Team","48180","4080","89","1","20","0","0","11.81","Dragon Ball Z: Tenkaichi Tag Team"
"Singles: Flirt Up Your Life!","7413","Singles: Flirt Up Your Life!","49620","4200","58","1","2","0","0","11.81","Singles: Flirt Up Your Life!"
"Ganbare Goemon: Shin Sedai Shuumei","7414","Ganbare Goemon: Shin Sedai Shuumei","3540","300","18","1","1","0","0","11.8","Ganbare Goemon: Shin Sedai Shuumei"
"Pirates of the Caribbean: Dead Man's Chest","7415","Pirates of the Caribbean: Dead Man's Chest","3540","300","44","1","6","0","0","11.8","Pirates of the Caribbean: Dead Man's Chest"
"Wani Wani World","7416","Wani Wani World","3540","300","57","1","2","0","0","11.8","Wani Wani World"
"Star Trek: Starfleet Academy","7417","Star Trek: Starfleet Academy","29040","2460","123","1","10","0","0","11.8","Star Trek: Starfleet Academy"
"Sonic and the Secret Rings","7418","Sonic and the Secret Rings","250620","21240","397","2","56","0","0","11.8","Sonic and the Secret Rings"
"Maia","7419","Maia","76440","6480","54","2","10","0","0","11.8","Maia"
"Chroma Squad","7420","Chroma Squad","1971420","167280","1363","6","495","3","0","11.79","Chroma Squad"
"The Typing of The Dead: Overkill","7421","The Typing of The Dead: Overkill","846240","71820","5416","9","393","1","0","11.78","The Typing of The Dead: Overkill"
"The Goonies","7422","The Goonies","12720","1080","115","1","7","0","0","11.78","The Goonies"
"Asterix Mega Madness","7423","Asterix Mega Madness","6360","540","36","1","3","0","0","11.78","Asterix Mega Madness"
"Drifting Lands","7424","Drifting Lands","64980","5520","334","2","10","0","0","11.77","Drifting Lands"
"Fragments of Him","7425","Fragments of Him","311040","26460","602","5","152","0","0","11.76","Fragments of Him"
"Invisible, Inc.","7426","Invisible, Inc.","1615080","137340","3552","4","464","3","0","11.76","Invisible, Inc."
"The Tiny Bang Story","7427","The Tiny Bang Story","107940","9180","420","2","42","0","0","11.76","The Tiny Bang Story"
"Phantasy Star II","7428","Phantasy Star II","726120","61740","5408","5","103","1","0","11.76","Phantasy Star II"
"Indiana Jones and the Emperor's Tomb","7429","Indiana Jones and the Emperor's Tomb","167040","14220","234","2","42","0","0","11.75","Indiana Jones and the Emperor's Tomb"
"M.U.S.C.L.E.","7430","M.U.S.C.L.E.","2820","240","23","1","2","0","0","11.75","M.U.S.C.L.E."
"Go Diego Go! Animal Rescuer","7431","Go Diego Go! Animal Rescuer","2820","240","28","1","2","0","0","11.75","Go Diego Go! Animal Rescuer"
"John Barnes' European Football","7432","John Barnes' European Football","2820","240","19","1","1","0","0","11.75","John Barnes' European Football"
"Medusa's Labyrinth","7433","Medusa's Labyrinth","485760","41400","687","4","386","0","0","11.73","Medusa's Labyrinth"
"Battle Brothers","7434","Battle Brothers","2214960","188820","1483","6","197","4","0","11.73","Battle Brothers"
"DJMAX Online","7435","DJMAX Online","23220","1980","131","1","6","0","0","11.73","DJMAX Online"
"Teenage Mutant Ninja Turtles:  Fall of the Foot Clan","7436","Teenage Mutant Ninja Turtles:  Fall of the Foot Clan","20400","1740","163","1","10","0","0","11.72","Teenage Mutant Ninja Turtles:  Fall of the Foot Clan"
"Disney's Hercules: Action Game","7437","Disney's Hercules: Action Game","96360","8220","388","1","38","0","0","11.72","Disney's Hercules: Action Game"
"Zheros","7438","Zheros","2784120","237480","1150","29","2005","5","0","11.72","Zheros"
"Bomb Jack","7439","Bomb Jack","41460","3540","41","1","2","0","0","11.71","Bomb Jack"
"Warhammer: End Times – Vermintide","7440","Warhammer: End Times – Vermintide","14675940","1253160","10203","37","4529","27","2","11.71","Warhammer: End Times – Vermintide"
"Sid Meier's Alien Crossfire","7441","Sid Meier's Alien Crossfire","39360","3360","88","1","11","0","0","11.71","Sid Meier's Alien Crossfire"
"Darius Gaiden","7442","Darius Gaiden","77940","6660","47","1","15","0","0","11.7","Darius Gaiden"
"Pixel Puzzles 2: Anime","7443","Pixel Puzzles 2: Anime","48420","4140","138","1","22","0","0","11.7","Pixel Puzzles 2: Anime"
"Hurtworld","7444","Hurtworld","29710200","2540100","14893","49","4817","56","4","11.7","Hurtworld"
"Deadly 30","7445","Deadly 30","47040","4020","683","1","27","0","0","11.7","Deadly 30"
"Catan","7446","Catan","675960","57780","1073","4","152","1","0","11.7","Catan"
"Go","7447","Go","315300","26940","297","3","84","0","0","11.7","Go"
"The Experiment","7448","The Experiment","9120","780","26","1","5","0","0","11.69","The Experiment"
"Pool","7449","Pool","369060","31560","1958","2","116","0","0","11.69","Pool"
"Hidden Objects Collection","7450","Hidden Objects Collection","109440","9360","190","2","20","0","0","11.69","Hidden Objects Collection"
"Insecticide","7451","Insecticide","11220","960","88","2","7","0","0","11.69","Insecticide"
"Echochrome","7452","Echochrome","20340","1740","183","1","16","0","0","11.69","Echochrome"
"Dog Sled Saga","7453","Dog Sled Saga","115020","9840","349","2","41","0","0","11.69","Dog Sled Saga"
"Final Fantasy Crystal Chronicles: Ring of Fates","7454","Final Fantasy Crystal Chronicles: Ring of Fates","67260","5760","320","1","9","0","0","11.68","Final Fantasy Crystal Chronicles: Ring of Fates"
"Magicka 2","7455","Magicka 2","1944780","166440","5670","6","1645","3","0","11.68","Magicka 2"
"King's Quest (tentative title)","7456","King's Quest (tentative title)","57420","4920","125","1","16","0","0","11.67","King's Quest (tentative title)"
"Arcania: Fall of Setarrif","7457","Arcania: Fall of Setarrif","44820","3840","257","1","12","0","0","11.67","Arcania: Fall of Setarrif"
"Bugdom","7458","Bugdom","2100","180","23","1","2","0","0","11.67","Bugdom"
"Awesome","7459","Awesome","12600","1080","85","1","4","0","0","11.67","Awesome"
"Mystery Agency: Visions of Time","7460","Mystery Agency: Visions of Time","4200","360","19","1","2","0","0","11.67","Mystery Agency: Visions of Time"
"Aldynes","7461","Aldynes","4200","360","40","1","2","0","0","11.67","Aldynes"
"Merchant Prince","7462","Merchant Prince","2100","180","16","1","1","0","0","11.67","Merchant Prince"
"Strange Cases: The Tarot Card Mystery","7463","Strange Cases: The Tarot Card Mystery","2100","180","19","1","1","0","0","11.67","Strange Cases: The Tarot Card Mystery"
"Nova Blitz","7464","Nova Blitz","106320","9120","120","4","21","0","0","11.66","Nova Blitz"
"Gemini Rue","7465","Gemini Rue","132240","11340","215","2","36","0","0","11.66","Gemini Rue"
"Bomberman '93","7466","Bomberman '93","34260","2940","117","1","10","0","0","11.65","Bomberman '93"
"Snowboard Kids 2","7467","Snowboard Kids 2","247380","21240","414","3","69","0","0","11.65","Snowboard Kids 2"
"Draw Stuff","7468","Draw Stuff","913500","78420","2359","4","303","1","0","11.65","Draw Stuff"
"Nightmares from the Deep 2: The Siren's Call","7469","Nightmares from the Deep 2: The Siren's Call","220860","18960","424","4","73","0","0","11.65","Nightmares from the Deep 2: The Siren's Call"
"Assassin's Creed Chronicles: Russia","7470","Assassin's Creed Chronicles: Russia","613080","52620","996","7","285","1","0","11.65","Assassin's Creed Chronicles: Russia"
"Doctor Who: Shadows of the Vashta Nerada","7471","Doctor Who: Shadows of the Vashta Nerada","7680","660","40","1","4","0","0","11.64","Doctor Who: Shadows of the Vashta Nerada"
"Hector: Badge of Carnage","7472","Hector: Badge of Carnage","120720","10380","348","1","28","0","0","11.63","Hector: Badge of Carnage"
"Fallout","7473","Fallout","3269820","281460","4101","5","876","6","0","11.62","Fallout"
"The Witcher 3: Wild Hunt","7474","The Witcher 3: Wild Hunt","425563800","36609300","41007","596","75135","807","69","11.62","The Witcher 3: Wild Hunt"
"Quake II","7475","Quake II","1746420","150540","5555","6","374","3","0","11.6","Quake II"
"Hexcells Infinite","7476","Hexcells Infinite","225600","19440","133","2","81","0","0","11.6","Hexcells Infinite"
"CheetahMen II","7477","CheetahMen II","92580","7980","213","6","17","0","0","11.6","CheetahMen II"
"Tiger Knight: Empire War","7478","Tiger Knight: Empire War","4374180","377220","5964","18","862","8","0","11.6","Tiger Knight: Empire War"
"Ben-Hur","7479","Ben-Hur","52860","4560","136","2","61","0","0","11.59","Ben-Hur"
"RIVE","7480","RIVE","414480","35760","799","10","159","0","0","11.59","RIVE"
"DeathSpank: Thongs of Virtue","7481","DeathSpank: Thongs of Virtue","77160","6660","86","1","11","0","0","11.59","DeathSpank: Thongs of Virtue"
"SpongeBob SquarePants: The Movie","7482","SpongeBob SquarePants: The Movie","1082280","93360","626","5","169","2","0","11.59","SpongeBob SquarePants: The Movie"
"Black Closet","7483","Black Closet","54240","4680","76","1","18","0","0","11.59","Black Closet"
"RollerCoaster Tycoon 2: Wacky Worlds","7484","RollerCoaster Tycoon 2: Wacky Worlds","44520","3840","193","1","13","0","0","11.59","RollerCoaster Tycoon 2: Wacky Worlds"
"Doctor Who","7485","Doctor Who","40260","3480","126","2","20","0","0","11.57","Doctor Who"
"Double Dragon","7486","Double Dragon","426840","36900","835","2","200","0","0","11.57","Double Dragon"
"God of War: Ghost of Sparta","7487","God of War: Ghost of Sparta","308100","26640","406","2","83","0","0","11.57","God of War: Ghost of Sparta"
"Deus Ex: Human Revolution","7488","Deus Ex: Human Revolution","10814280","934500","32188","17","3509","20","1","11.57","Deus Ex: Human Revolution"
"Cossacks: The Art of War","7489","Cossacks: The Art of War","30540","2640","96","2","17","0","0","11.57","Cossacks: The Art of War"
"Fighting Masters","7490","Fighting Masters","4860","420","19","1","3","0","0","11.57","Fighting Masters"
"Spooky Spirits","7491","Spooky Spirits","11100","960","61","1","6","0","0","11.56","Spooky Spirits"
"Inferno","7492","Inferno","11100","960","153","1","2","0","0","11.56","Inferno"
"Akiba's Trip: Undead & Undressed","7493","Akiba's Trip: Undead & Undressed","2885400","249540","5414","6","1470","5","0","11.56","Akiba's Trip: Undead & Undressed"
"Fable Anniversary","7494","Fable Anniversary","6021120","520740","2276","13","1704","11","0","11.56","Fable Anniversary"
"Virtual Pro Wrestling 2: Ōdō Keishō","7495","Virtual Pro Wrestling 2: Ōdō Keishō","139440","12060","116","1","6","0","0","11.56","Virtual Pro Wrestling 2: Ōdō Keishō"
"Solitaire","7496","Solitaire","701280","60660","1051","3","366","1","0","11.56","Solitaire"
"Office Freakout","7497","Office Freakout","24960","2160","88","2","14","0","0","11.56","Office Freakout"
"Carpe Diem","7498","Carpe Diem","33960","2940","321","1","37","0","0","11.55","Carpe Diem"
"Rocket Knight Adventures","7499","Rocket Knight Adventures","488520","42300","496","3","102","0","0","11.55","Rocket Knight Adventures"
"Reservoir Dogs","7500","Reservoir Dogs","32580","2820","144","1","13","0","0","11.55","Reservoir Dogs"