"","","Game","Watch time","Stream time","Peak viewers","Peak channels","Streamers","Average viewers","Average channels","Average viewer ratio",""
"Shadow Warrior 2","301","Shadow Warrior 2","52571040","1167120","28683","197","3952","99","2","45.04","Shadow Warrior 2"
"Choice Chamber","302","Choice Chamber","52376220","1048440","33546","19","4839","99","1","49.96","Choice Chamber"
"DC Universe Online","303","DC Universe Online","52180140","10492320","5917","153","23377","99","19","4.97","DC Universe Online"
"SpeedRunners","304","SpeedRunners","51707940","1210440","36444","20","6395","98","2","42.72","SpeedRunners"
"Beyond: Two Souls","305","Beyond: Two Souls","51522180","492120","21301","8","5259","97","0","104.69","Beyond: Two Souls"
"Metal Gear Solid 3: Snake Eater","306","Metal Gear Solid 3: Snake Eater","51104940","382140","2356","5","627","96","0","133.73","Metal Gear Solid 3: Snake Eater"
"Rock Band 4","307","Rock Band 4","50979840","7499580","9598","64","11453","96","14","6.8","Rock Band 4"
"Blood Bowl 2","308","Blood Bowl 2","50529720","1757880","9557","18","1936","95","3","28.74","Blood Bowl 2"
"Metal Gear Solid 2: Sons of Liberty","309","Metal Gear Solid 2: Sons of Liberty","50451780","400680","2797","6","590","95","0","125.92","Metal Gear Solid 2: Sons of Liberty"
"Heroes & Generals","310","Heroes & Generals","49836120","5006760","1725","46","9314","94","9","9.95","Heroes & Generals"
"Mass Effect 3","311","Mass Effect 3","49230000","2870520","11309","44","4618","93","5","17.15","Mass Effect 3"
"Final Fantasy IV","312","Final Fantasy IV","48452940","713520","147048","21","1060","91","1","67.91","Final Fantasy IV"
"Half-Life","313","Half-Life","48402600","1007700","12925","12","3641","91","1","48.03","Half-Life"
"Pokémon Trading Card Game Online","314","Pokémon Trading Card Game Online","48357840","3683040","3896","28","5986","91","6","13.13","Pokémon Trading Card Game Online"
"The Elder Scrolls III: Morrowind","315","The Elder Scrolls III: Morrowind","47778240","953400","146352","11","2030","90","1","50.11","The Elder Scrolls III: Morrowind"
"Deus Ex: Human Revolution Director's Cut","316","Deus Ex: Human Revolution Director's Cut","47718000","812640","18778","44","1871","90","1","58.72","Deus Ex: Human Revolution Director's Cut"
"Mass Effect 2","317","Mass Effect 2","47473740","2635680","12237","33","4342","90","5","18.01","Mass Effect 2"
"Trials Fusion","318","Trials Fusion","47429940","2858760","139440","22","6517","90","5","16.59","Trials Fusion"
"PlanetSide 2","319","PlanetSide 2","47321280","7203540","37730","55","16544","89","13","6.57","PlanetSide 2"
"The Elder Scrolls IV: Oblivion","320","The Elder Scrolls IV: Oblivion","47079600","1620480","144920","14","2895","89","3","29.05","The Elder Scrolls IV: Oblivion"
"Football Manager 2016","321","Football Manager 2016","46714380","2430600","10545","23","2959","88","4","19.22","Football Manager 2016"
"Pokémon Trading Card Game","322","Pokémon Trading Card Game","46650600","324660","30875","18","909","88","0","143.69","Pokémon Trading Card Game"
"Halo: The Master Chief Collection","323","Halo: The Master Chief Collection","46563540","9207660","11386","61","22259","88","17","5.06","Halo: The Master Chief Collection"
"Bloodborne: The Old Hunters","324","Bloodborne: The Old Hunters","46401960","527580","28286","12","3529","88","1","87.95","Bloodborne: The Old Hunters"
"Barbie and the Magic of Pegasus","325","Barbie and the Magic of Pegasus","46183680","47640","37926","11","293","87","0","969.43","Barbie and the Magic of Pegasus"
"BioShock Infinite","326","BioShock Infinite","46167240","2078880","10352","19","7557","87","3","22.21","BioShock Infinite"
"BioShock: The Collection","327","BioShock: The Collection","46160100","1653840","14143","133","7172","87","3","27.91","BioShock: The Collection"
"Football Manager 2017","328","Football Manager 2017","45897780","841800","3188","34","890","87","1","54.52","Football Manager 2017"
"Mirror's Edge Catalyst","329","Mirror's Edge Catalyst","45522360","1174800","34459","105","9485","86","2","38.75","Mirror's Edge Catalyst"
"Dragon Quest Builders","330","Dragon Quest Builders","45438120","1973640","14812","109","3732","86","3","23.02","Dragon Quest Builders"
"One Piece Treasure Cruise","331","One Piece Treasure Cruise","44790180","1126620","1376","13","769","84","2","39.76","One Piece Treasure Cruise"
"Divinity: Original Sin","332","Divinity: Original Sin","44662080","1927860","8551","22","5301","84","3","23.17","Divinity: Original Sin"
"Super Mario Bros.","333","Super Mario Bros.","43762440","810300","161228","14","2006","83","1","54.01","Super Mario Bros."
"Armored Warfare","334","Armored Warfare","43659780","4831200","1988","56","5300","82","9","9.04","Armored Warfare"
"Nuclear Throne","335","Nuclear Throne","43557120","1775220","30008","29","4792","82","3","24.54","Nuclear Throne"
"Drawful 2","336","Drawful 2","43239240","1002600","33320","50","4853","82","1","43.13","Drawful 2"
"Unravel","337","Unravel","43059360","2037060","33485","202","11572","81","3","21.14","Unravel"
"Dreadnought","338","Dreadnought","42835500","944340","61103","98","2454","81","1","45.36","Dreadnought"
"Resident Evil 6","339","Resident Evil 6","42735540","7025460","10857","160","17470","81","13","6.08","Resident Evil 6"
"Banjo-Kazooie","340","Banjo-Kazooie","42678060","1388460","108131","28","3573","80","2","30.74","Banjo-Kazooie"
"Alliance of Valiant Arms","341","Alliance of Valiant Arms","42613500","3522240","4433","31","3255","80","6","12.1","Alliance of Valiant Arms"
"Danganronpa 2: Goodbye Despair","342","Danganronpa 2: Goodbye Despair","42454260","1263060","13729","36","1264","80","2","33.61","Danganronpa 2: Goodbye Despair"
"The Walking Dead: Season Two","343","The Walking Dead: Season Two","42324720","1783380","18345","34","6307","80","3","23.73","The Walking Dead: Season Two"
"Move or Die","344","Move or Die","41653740","544740","32211","14","2601","79","1","76.47","Move or Die"
"Mass Effect","345","Mass Effect","41428740","3446580","12487","52","8360","78","6","12.02","Mass Effect"
"Monopoly","346","Monopoly","41414640","901980","26195","23","5134","78","1","45.92","Monopoly"
"The Legend of Zelda: The Wind Waker","347","The Legend of Zelda: The Wind Waker","41278500","1211880","19764","14","2633","78","2","34.06","The Legend of Zelda: The Wind Waker"
"Amnesia: The Dark Descent","348","Amnesia: The Dark Descent","41215200","1558260","105207","66","8393","78","2","26.45","Amnesia: The Dark Descent"
"Atlas Reactor","349","Atlas Reactor","41181360","1901520","15418","46","2931","78","3","21.66","Atlas Reactor"
"Paper Mario","350","Paper Mario","40972800","863160","115905","16","1504","77","1","47.47","Paper Mario"
"Killing Floor 2","351","Killing Floor 2","40867620","4980000","29823","145","16206","77","9","8.21","Killing Floor 2"
"Albion Online","352","Albion Online","40675800","1930740","25125","72","2488","77","3","21.07","Albion Online"
"Squad","353","Squad","40629300","3072360","29412","98","6921","77","5","13.22","Squad"
"Metal Gear Solid 4: Guns of the Patriots","354","Metal Gear Solid 4: Guns of the Patriots","40591200","258720","3724","5","268","77","0","156.89","Metal Gear Solid 4: Guns of the Patriots"
"Resident Evil 7 biohazard","355","Resident Evil 7 biohazard","40525980","502380","49143","63","23086","76","0","80.67","Resident Evil 7 biohazard"
"Attack on Titan","356","Attack on Titan","40151580","2365680","43843","196","10480","76","4","16.97","Attack on Titan"
"Ultra Street Fighter IV","357","Ultra Street Fighter IV","40059420","1554780","23183","42","4891","76","2","25.77","Ultra Street Fighter IV"
"Mario Party 10","358","Mario Party 10","39996780","83520","43284","7","429","75","0","478.89","Mario Party 10"
"Forza Motorsport 6","359","Forza Motorsport 6","39982560","7437540","10182","70","22636","75","14","5.38","Forza Motorsport 6"
"Plants vs. Zombies: Garden Warfare 2","360","Plants vs. Zombies: Garden Warfare 2","39644280","3144720","8967","82","18704","75","5","12.61","Plants vs. Zombies: Garden Warfare 2"
"Metal Gear Solid","361","Metal Gear Solid","39226200","620640","4170","11","1347","74","1","63.2","Metal Gear Solid"
"Slime Rancher","362","Slime Rancher","38967540","881160","37991","29","4402","73","1","44.22","Slime Rancher"
"Final Fantasy XII","363","Final Fantasy XII","38737980","1045680","9226","10","1060","73","1","37.05","Final Fantasy XII"
"Resident Evil 2 (1998)","364","Resident Evil 2 (1998)","38639460","995040","93275","12","1665","73","1","38.83","Resident Evil 2 (1998)"
"TrackMania² Stadium","365","TrackMania² Stadium","38583000","746520","33645","40","1977","73","1","51.68","TrackMania² Stadium"
"Donkey Kong Country 2: Diddy's Kong Quest","366","Donkey Kong Country 2: Diddy's Kong Quest","38578260","777240","181740","28","1361","73","1","49.63","Donkey Kong Country 2: Diddy's Kong Quest"
"Need for Speed","367","Need for Speed","38246760","6384300","28602","114","42777","72","12","5.99","Need for Speed"
"Duck Game","368","Duck Game","37910460","643500","35247","27","4136","71","1","58.91","Duck Game"
"Penn And Teller's Smoke And Mirrors","369","Penn And Teller's Smoke And Mirrors","37572420","21360","6745","3","40","71","0","1759.01","Penn And Teller's Smoke And Mirrors"
"Final Fantasy VIII","370","Final Fantasy VIII","37209060","1852260","5061","18","2531","70","3","20.09","Final Fantasy VIII"
"The Jackbox Party Pack 2","371","The Jackbox Party Pack 2","36663000","2444340","23279","53","9282","69","4","15","The Jackbox Party Pack 2"
"Guitar Hero III: Legends of Rock","372","Guitar Hero III: Legends of Rock","36521880","1530600","10062","17","3224","69","2","23.86","Guitar Hero III: Legends of Rock"
"BioShock","373","BioShock","36461280","2081100","128499","68","9535","69","3","17.52","BioShock"
"Tower of Saviors","374","Tower of Saviors","36205980","708240","4612","16","400","68","1","51.12","Tower of Saviors"
"Deus Ex","375","Deus Ex","36187500","341880","97131","11","755","68","0","105.85","Deus Ex"
"Super Mario Galaxy 2","376","Super Mario Galaxy 2","35921460","437940","10195","13","706","68","0","82.02","Super Mario Galaxy 2"
"Metroid Prime","377","Metroid Prime","35836620","683160","150677","25","1034","68","1","52.46","Metroid Prime"
"Tales from the Borderlands","378","Tales from the Borderlands","35707920","1548720","13971","18","5756","67","2","23.06","Tales from the Borderlands"
"Independence Day","379","Independence Day","35477940","9360","15716","5","31","67","0","3790.38","Independence Day"
"Battlefield Hardline","380","Battlefield Hardline","35157120","13056780","47090","109","47704","66","24","2.69","Battlefield Hardline"
"Dead Space 2","381","Dead Space 2","35144100","933900","14097","23","3096","66","1","37.63","Dead Space 2"
"Prison Architect","382","Prison Architect","35135520","1857480","11450","28","6779","66","3","18.92","Prison Architect"
"Superhot","383","Superhot","35121000","981660","49550","108","7069","66","1","35.78","Superhot"
"GRID 2","384","GRID 2","35067480","655260","12724","32","3157","66","1","53.52","GRID 2"
"The Legend of Zelda","385","The Legend of Zelda","34889520","1458060","156799","29","1598","66","2","23.93","The Legend of Zelda"
"Super Mario World 2: Yoshi's Island","386","Super Mario World 2: Yoshi's Island","34884240","712200","43883","70","1265","66","1","48.98","Super Mario World 2: Yoshi's Island"
"Human: Fall Flat","387","Human: Fall Flat","34223400","158160","41775","14","905","64","0","216.38","Human: Fall Flat"
"London 2012 - The Official Video Game of the Olympic Games","388","London 2012 - The Official Video Game of the Olympic Games","34164840","42780","13323","7","155","64","0","798.62","London 2012 - The Official Video Game of the Olympic Games"
"Bully: Scholarship Edition","389","Bully: Scholarship Edition","34127400","447840","17899","8","1575","64","0","76.2","Bully: Scholarship Edition"
"Pinball","390","Pinball","34114020","625500","21566","14","484","64","1","54.54","Pinball"
"Uncharted: The Nathan Drake Collection","391","Uncharted: The Nathan Drake Collection","33820500","1474200","24140","39","21560","64","2","22.94","Uncharted: The Nathan Drake Collection"
"Fallout: New Vegas","392","Fallout: New Vegas","33727140","3252480","14958","43","9091","64","6","10.37","Fallout: New Vegas"
"Resident Evil 3: Nemesis","393","Resident Evil 3: Nemesis","33687420","700380","7493","10","1185","63","1","48.1","Resident Evil 3: Nemesis"
"Aion","394","Aion","33313680","3267360","4712","27","2718","63","6","10.2","Aion"
"Mount Your Friends","395","Mount Your Friends","33299580","399120","40974","15","3185","63","0","83.43","Mount Your Friends"
"WWE 2K17","396","WWE 2K17","33223020","4438080","7523","246","10346","63","8","7.49","WWE 2K17"
"Danganronpa: Trigger Happy Havoc","397","Danganronpa: Trigger Happy Havoc","33220380","1224840","31575","29","1924","63","2","27.12","Danganronpa: Trigger Happy Havoc"
"Resident Evil: Revelations 2","398","Resident Evil: Revelations 2","33146640","1643100","11689","17","13650","62","3","20.17","Resident Evil: Revelations 2"
"Tale of Wuxia","399","Tale of Wuxia","32995500","196620","6965","10","135","62","0","167.81","Tale of Wuxia"
"Age of Empires II: HD Edition","400","Age of Empires II: HD Edition","32872860","1748220","11663","19","5744","62","3","18.8","Age of Empires II: HD Edition"