"","","Game","Watch time","Stream time","Peak viewers","Peak channels","Streamers","Average viewers","Average channels","Average viewer ratio",""
"Ztype: Typing Game","7801","Ztype: Typing Game","14340","1320","44","2","11","0","0","10.86","Ztype: Typing Game"
"Stephen's Sausage Roll","7802","Stephen's Sausage Roll","874320","80520","5821","6","102","1","0","10.86","Stephen's Sausage Roll"
"FortressCraft Evolved!","7803","FortressCraft Evolved!","5291340","487800","3863","8","368","10","0","10.85","FortressCraft Evolved!"
"Kill the Bad Guy","7804","Kill the Bad Guy","44280","4080","577","1","30","0","0","10.85","Kill the Bad Guy"
"Fishing Master","7805","Fishing Master","24060","2220","263","1","9","0","0","10.84","Fishing Master"
"Metal Dead","7806","Metal Dead","28620","2640","118","1","14","0","0","10.84","Metal Dead"
"Madden NFL Mobile","7807","Madden NFL Mobile","3967680","366060","486","8","481","7","0","10.84","Madden NFL Mobile"
"Zapper: One Wicked Cricket!","7808","Zapper: One Wicked Cricket!","40320","3720","139","2","11","0","0","10.84","Zapper: One Wicked Cricket!"
"Serious Sam Advance","7809","Serious Sam Advance","18840","1740","293","1","6","0","0","10.83","Serious Sam Advance"
"Shrek","7810","Shrek","50700","4680","636","1","39","0","0","10.83","Shrek"
"Dreamfall: The Longest Journey","7811","Dreamfall: The Longest Journey","682080","63000","213","3","120","1","0","10.83","Dreamfall: The Longest Journey"
"Obulis","7812","Obulis","18840","1740","107","2","9","0","0","10.83","Obulis"
"Gear Gauntlet","7813","Gear Gauntlet","53880","4980","40","3","24","0","0","10.82","Gear Gauntlet"
"Leave Me Alone: A Trip To Hell","7814","Leave Me Alone: A Trip To Hell","7140","660","92","1","4","0","0","10.82","Leave Me Alone: A Trip To Hell"
"Mekazoo","7815","Mekazoo","90120","8340","714","3","49","0","0","10.81","Mekazoo"
"Fictorum","7816","Fictorum","69420","6420","110","2","13","0","0","10.81","Fictorum"
"Astonishia Story","7817","Astonishia Story","17520","1620","22","1","1","0","0","10.81","Astonishia Story"
"Edna & Harvey: Harvey's New Eyes","7818","Edna & Harvey: Harvey's New Eyes","789000","72960","440","3","216","1","0","10.81","Edna & Harvey: Harvey's New Eyes"
"Pokémon Mystery Dungeon: Blue/Red Rescue Team","7819","Pokémon Mystery Dungeon: Blue/Red Rescue Team","1544220","142860","1106","5","377","2","0","10.81","Pokémon Mystery Dungeon: Blue/Red Rescue Team"
"Assassin's Creed Chronicles: India","7820","Assassin's Creed Chronicles: India","729180","67440","928","7","456","1","0","10.81","Assassin's Creed Chronicles: India"
"Prince of Persia 3D","7821","Prince of Persia 3D","20760","1920","100","1","10","0","0","10.81","Prince of Persia 3D"
"ReignMaker","7822","ReignMaker","6480","600","37","2","4","0","0","10.8","ReignMaker"
"Splatoon","7823","Splatoon","97114020","8994000","128419","125","6029","184","17","10.8","Splatoon"
"Warriors of Glory","7824","Warriors of Glory","6480","600","49","1","6","0","0","10.8","Warriors of Glory"
"Tornado Outbreak","7825","Tornado Outbreak","3240","300","27","1","1","0","0","10.8","Tornado Outbreak"
"Arslan Senki","7826","Arslan Senki","87420","8100","419","4","33","0","0","10.79","Arslan Senki"
"Paragon","7827","Paragon","533032140","49405620","60465","595","59547","1011","93","10.79","Paragon"
"Mini Golf Master","7828","Mini Golf Master","18120","1680","113","1","17","0","0","10.79","Mini Golf Master"
"The Incredible Machine","7829","The Incredible Machine","42720","3960","335","1","18","0","0","10.79","The Incredible Machine"
"Déjà Vu: A Nightmare Comes True","7830","Déjà Vu: A Nightmare Comes True","47880","4440","61","1","16","0","0","10.78","Déjà Vu: A Nightmare Comes True"
"Sword of the Berserk: Guts' Rage","7831","Sword of the Berserk: Guts' Rage","91860","8520","147","2","44","0","0","10.78","Sword of the Berserk: Guts' Rage"
"Fallen: A2P Protocol","7832","Fallen: A2P Protocol","5820","540","17","1","2","0","0","10.78","Fallen: A2P Protocol"
"God of War Collection","7833","God of War Collection","577440","53580","711","3","95","1","0","10.78","God of War Collection"
"Flywrench","7834","Flywrench","405780","37680","1539","4","59","0","0","10.77","Flywrench"
"Amped: Freestyle Snowboarding","7835","Amped: Freestyle Snowboarding","8400","780","17","1","2","0","0","10.77","Amped: Freestyle Snowboarding"
"Calvino Noir","7836","Calvino Noir","52320","4860","759","2","24","0","0","10.77","Calvino Noir"
"Small Town Terrors: Pilgrim's Hook","7837","Small Town Terrors: Pilgrim's Hook","26460","2460","65","1","5","0","0","10.76","Small Town Terrors: Pilgrim's Hook"
"Heroes of Might and Magic IV","7838","Heroes of Might and Magic IV","813780","75600","5647","3","59","1","0","10.76","Heroes of Might and Magic IV"
"Twin Cobra","7839","Twin Cobra","62640","5820","48","1","11","0","0","10.76","Twin Cobra"
"Super Puzzle Fighter II Turbo HD Remix","7840","Super Puzzle Fighter II Turbo HD Remix","48420","4500","240","1","30","0","0","10.76","Super Puzzle Fighter II Turbo HD Remix"
"Robodemons","7841","Robodemons","2580","240","24","1","2","0","0","10.75","Robodemons"
"Killer Queen","7842","Killer Queen","333420","31020","904","2","15","0","0","10.75","Killer Queen"
"Bad Milk","7843","Bad Milk","2580","240","22","1","2","0","0","10.75","Bad Milk"
"Knights Contract","7844","Knights Contract","10320","960","113","1","4","0","0","10.75","Knights Contract"
"Todd's Adventures in Slime World","7845","Todd's Adventures in Slime World","2580","240","14","1","1","0","0","10.75","Todd's Adventures in Slime World"
"The Sniper 2","7846","The Sniper 2","2580","240","30","1","2","0","0","10.75","The Sniper 2"
"Jet Set Willy","7847","Jet Set Willy","2580","240","29","1","3","0","0","10.75","Jet Set Willy"
"Mahjong Royal Towers","7848","Mahjong Royal Towers","2580","240","23","1","1","0","0","10.75","Mahjong Royal Towers"
"Monster Hunter 4","7849","Monster Hunter 4","12240","1140","34","1","6","0","0","10.74","Monster Hunter 4"
"Dungeon Crawl Stone Soup","7850","Dungeon Crawl Stone Soup","1544940","143880","742","4","187","2","0","10.74","Dungeon Crawl Stone Soup"
"Bratz: Rock Angelz","7851","Bratz: Rock Angelz","34800","3240","81","1","17","0","0","10.74","Bratz: Rock Angelz"
"Lumino City","7852","Lumino City","360480","33600","591","3","121","0","0","10.73","Lumino City"
"Assault","7853","Assault","14160","1320","35","1","3","0","0","10.73","Assault"
"The Grinch","7854","The Grinch","84960","7920","98","2","33","0","0","10.73","The Grinch"
"Out of This World","7855","Out of This World","537480","50100","861","3","261","1","0","10.73","Out of This World"
"Forza Motorsport 3","7856","Forza Motorsport 3","218940","20400","64","3","35","0","0","10.73","Forza Motorsport 3"
"Horse Racing","7857","Horse Racing","148020","13800","1475","2","12","0","0","10.73","Horse Racing"
"Freaking Meatbags","7858","Freaking Meatbags","7080","660","32","1","4","0","0","10.73","Freaking Meatbags"
"Tekken 6","7859","Tekken 6","905340","84480","6195","3","216","1","0","10.72","Tekken 6"
"Prismata","7860","Prismata","1473240","137460","255","6","58","2","0","10.72","Prismata"
"Dungeonmans","7861","Dungeonmans","447840","41760","1019","3","64","0","0","10.72","Dungeonmans"
"Eryi's Action","7862","Eryi's Action","192180","17940","380","2","93","0","0","10.71","Eryi's Action"
"Monopoly Deluxe","7863","Monopoly Deluxe","15420","1440","66","1","11","0","0","10.71","Monopoly Deluxe"
"Pokémon Puzzle League","7864","Pokémon Puzzle League","1194060","111540","1929","7","253","2","0","10.71","Pokémon Puzzle League"
"Forza Motorsport 4","7865","Forza Motorsport 4","363060","33900","1640","2","103","0","0","10.71","Forza Motorsport 4"
"Gaurodan","7866","Gaurodan","9000","840","65","1","3","0","0","10.71","Gaurodan"
"else Heart.Break()","7867","else Heart.Break()","339180","31680","572","3","81","0","0","10.71","else Heart.Break()"
"Krypton Egg","7868","Krypton Egg","4500","420","16","1","2","0","0","10.71","Krypton Egg"
"Zoda's Revenge: Star Tropics II","7869","Zoda's Revenge: Star Tropics II","162360","15180","197","10","34","0","0","10.7","Zoda's Revenge: Star Tropics II"
"Ys: The Oath in Felghana","7870","Ys: The Oath in Felghana","1049280","98040","669","3","176","1","0","10.7","Ys: The Oath in Felghana"
"Tomba! 2: The Evil Swine Return","7871","Tomba! 2: The Evil Swine Return","418380","39120","950","2","95","0","0","10.69","Tomba! 2: The Evil Swine Return"
"Police Tactics: Imperio","7872","Police Tactics: Imperio","25020","2340","139","1","18","0","0","10.69","Police Tactics: Imperio"
"Flight of the Icarus","7873","Flight of the Icarus","3516420","329160","11667","8","1411","6","0","10.68","Flight of the Icarus"
"Super Meat Boy: The Game","7874","Super Meat Boy: The Game","17940","1680","79","2","10","0","0","10.68","Super Meat Boy: The Game"
"Giana Sisters 2","7875","Giana Sisters 2","14100","1320","32","1","5","0","0","10.68","Giana Sisters 2"
"Empyrion: Galactic Survival","7876","Empyrion: Galactic Survival","15270000","1429980","4884","22","2022","28","2","10.68","Empyrion: Galactic Survival"
"Donkey Kong Land 2","7877","Donkey Kong Land 2","57000","5340","51","2","17","0","0","10.67","Donkey Kong Land 2"
"Age of Empires II: The Age of Kings","7878","Age of Empires II: The Age of Kings","1123380","105300","6903","3","193","2","0","10.67","Age of Empires II: The Age of Kings"
"My Little Pony - Friendship is Magic","7879","My Little Pony - Friendship is Magic","286680","26880","234","3","87","0","0","10.67","My Little Pony - Friendship is Magic"
"Merlin's Apprentice","7880","Merlin's Apprentice","1920","180","23","1","1","0","0","10.67","Merlin's Apprentice"
"The Average Everyday Adventures of Samantha Browne","7881","The Average Everyday Adventures of Samantha Browne","3840","360","25","1","11","0","0","10.67","The Average Everyday Adventures of Samantha Browne"
"Majors","7882","Majors","1920","180","19","1","1","0","0","10.67","Majors"
"Defragmented","7883","Defragmented","7680","720","51","1","5","0","0","10.67","Defragmented"
"Apocalypse Gardening","7884","Apocalypse Gardening","3840","360","22","1","2","0","0","10.67","Apocalypse Gardening"
"A Story of the End: Revere","7885","A Story of the End: Revere","1920","180","13","1","1","0","0","10.67","A Story of the End: Revere"
"Tekken 6: Bloodline Rebellion","7886","Tekken 6: Bloodline Rebellion","22380","2100","236","1","15","0","0","10.66","Tekken 6: Bloodline Rebellion"
"The Haunted: Hells Reach","7887","The Haunted: Hells Reach","67800","6360","381","2","40","0","0","10.66","The Haunted: Hells Reach"
"An Elder Scrolls Legend: Battlespire","7888","An Elder Scrolls Legend: Battlespire","20460","1920","103","1","6","0","0","10.66","An Elder Scrolls Legend: Battlespire"
"N+","7889","N+","277380","26040","1375","2","159","0","0","10.65","N+"
"Sonic the Hedgehog 4: Episode II","7890","Sonic the Hedgehog 4: Episode II","265080","24900","488","9","118","0","0","10.65","Sonic the Hedgehog 4: Episode II"
"Stronghold Crusader","7891","Stronghold Crusader","1821480","171000","6674","5","451","3","0","10.65","Stronghold Crusader"
"Raptor: Call of the Shadows","7892","Raptor: Call of the Shadows","58080","5460","487","2","30","0","0","10.64","Raptor: Call of the Shadows"
"Ms. Splosion Man","7893","Ms. Splosion Man","74640","7020","278","2","37","0","0","10.63","Ms. Splosion Man"
"Rugrats Studio Tour","7894","Rugrats Studio Tour","19140","1800","31","1","7","0","0","10.63","Rugrats Studio Tour"
"No One But You","7895","No One But You","40800","3840","34","1","15","0","0","10.63","No One But You"
"Goetia","7896","Goetia","170100","16020","470","2","64","0","0","10.62","Goetia"
"Hunger Dungeon","7897","Hunger Dungeon","284820","26820","1070","6","205","0","0","10.62","Hunger Dungeon"
"Tokyo Xanadu","7898","Tokyo Xanadu","161820","15240","80","3","19","0","0","10.62","Tokyo Xanadu"
"Rogue Legacy","7899","Rogue Legacy","8765400","825540","8602","11","4502","16","1","10.62","Rogue Legacy"
"Dragon Quest IX: Sentinels of the Starry Skies","7900","Dragon Quest IX: Sentinels of the Starry Skies","1306500","123120","528","3","106","2","0","10.61","Dragon Quest IX: Sentinels of the Starry Skies"