"","","Game","Watch time","Stream time","Peak viewers","Peak channels","Streamers","Average viewers","Average channels","Average viewer ratio",""
"Heavy Bullets","4901","Heavy Bullets","1059840","46980","3788","3","238","2","0","22.56","Heavy Bullets"
"Dofus","4902","Dofus","121401780","5383080","8764","62","5019","230","10","22.55","Dofus"
"JoJo's Bizarre Adventure","4903","JoJo's Bizarre Adventure","1357320","60180","5702","4","282","2","0","22.55","JoJo's Bizarre Adventure"
"Pokémon FireRed/LeafGreen","4904","Pokémon FireRed/LeafGreen","58238820","2585220","18360","30","7466","110","4","22.53","Pokémon FireRed/LeafGreen"
"Petz: Horsez 2","4905","Petz: Horsez 2","74340","3300","390","1","7","0","0","22.53","Petz: Horsez 2"
"Siren","4906","Siren","2183460","96960","3293","5","306","4","0","22.52","Siren"
"Mega Man Battle Network 5","4907","Mega Man Battle Network 5","795840","35340","758","3","51","1","0","22.52","Mega Man Battle Network 5"
"Mario Kart: Super Circuit","4908","Mario Kart: Super Circuit","216060","9600","765","2","63","0","0","22.51","Mario Kart: Super Circuit"
"Excubitor","4909","Excubitor","8100","360","57","1","2","0","0","22.5","Excubitor"
"Nanostray","4910","Nanostray","5400","240","38","1","1","0","0","22.5","Nanostray"
"Salt and Sanctuary","4911","Salt and Sanctuary","75943260","3381660","26883","217","9442","144","6","22.46","Salt and Sanctuary"
"Mortal Kombat","4912","Mortal Kombat","4566660","203280","6424","4","1138","8","0","22.46","Mortal Kombat"
"Axiom Verge","4913","Axiom Verge","10626120","473160","88460","13","1677","20","0","22.46","Axiom Verge"
"SNOW","4914","SNOW","8548020","381000","42941","18","2717","16","0","22.44","SNOW"
"Hysteria Hospital: Emergency Ward","4915","Hysteria Hospital: Emergency Ward","9420","420","43","1","1","0","0","22.43","Hysteria Hospital: Emergency Ward"
"Prisoner of Ice","4916","Prisoner of Ice","34980","1560","141","1","8","0","0","22.42","Prisoner of Ice"
"Crazy Pixel Streaker","4917","Crazy Pixel Streaker","45720","2040","297","2","12","0","0","22.41","Crazy Pixel Streaker"
"Guild of Dungeoneering","4918","Guild of Dungeoneering","2421360","108120","3817","8","375","4","0","22.4","Guild of Dungeoneering"
"The Karate Kid","4919","The Karate Kid","108840","4860","628","1","17","0","0","22.4","The Karate Kid"
"Duke Nukem II","4920","Duke Nukem II","76500","3420","61","1","5","0","0","22.37","Duke Nukem II"
"Ghost 1.0","4921","Ghost 1.0","2287260","102240","3380","12","263","4","0","22.37","Ghost 1.0"
"Homeworld: Deserts of Kharak","4922","Homeworld: Deserts of Kharak","4439760","198600","7143","56","617","8","0","22.36","Homeworld: Deserts of Kharak"
"SaGa Frontier 2","4923","SaGa Frontier 2","167700","7500","484","1","20","0","0","22.36","SaGa Frontier 2"
"Grand Theft Auto IV","4924","Grand Theft Auto IV","18871260","844680","8239","10","2620","35","1","22.34","Grand Theft Auto IV"
"The Whispered World","4925","The Whispered World","1837800","82260","1085","4","164","3","0","22.34","The Whispered World"
"Splendor","4926","Splendor","71040","3180","348","1","17","0","0","22.34","Splendor"
"Inferno Climber","4927","Inferno Climber","135360","6060","224","2","19","0","0","22.34","Inferno Climber"
"Epic Manager","4928","Epic Manager","401880","18000","709","5","73","0","0","22.33","Epic Manager"
"Unbox","4929","Unbox","401880","18000","486","3","99","0","0","22.33","Unbox"
"Samurai Shodown!","4930","Samurai Shodown!","4020","180","69","1","1","0","0","22.33","Samurai Shodown!"
"Toute l'Aventure 2","4931","Toute l'Aventure 2","4020","180","28","1","1","0","0","22.33","Toute l'Aventure 2"
"S.C.A.T.: Special Cybernetic Attack Team","4932","S.C.A.T.: Special Cybernetic Attack Team","13380","600","68","1","4","0","0","22.3","S.C.A.T.: Special Cybernetic Attack Team"
"Tonic Trouble","4933","Tonic Trouble","53520","2400","264","1","14","0","0","22.3","Tonic Trouble"
"Late Night Shop","4934","Late Night Shop","28080","1260","66","1","4","0","0","22.29","Late Night Shop"
"Puss N Boots: Pero's Great Adventure","4935","Puss N Boots: Pero's Great Adventure","28080","1260","235","1","8","0","0","22.29","Puss N Boots: Pero's Great Adventure"
"BloodRayne","4936","BloodRayne","559020","25080","1280","2","82","1","0","22.29","BloodRayne"
"Puyo Puyo 2","4937","Puyo Puyo 2","1399800","62820","1564","4","65","2","0","22.28","Puyo Puyo 2"
"Yoshi's Island DS","4938","Yoshi's Island DS","183060","8220","629","2","25","0","0","22.27","Yoshi's Island DS"
"Enduro","4939","Enduro","14700","660","239","1","5","0","0","22.27","Enduro"
"Summon Night 6: Lost Borders","4940","Summon Night 6: Lost Borders","332760","14940","210","3","23","0","0","22.27","Summon Night 6: Lost Borders"
"Bloons TD Battles","4941","Bloons TD Battles","6152640","276480","3846","8","1087","11","0","22.25","Bloons TD Battles"
"Pajama Sam's SockWorks","4942","Pajama Sam's SockWorks","42720","1920","231","1","10","0","0","22.25","Pajama Sam's SockWorks"
"Viva Piñata: Party Animals","4943","Viva Piñata: Party Animals","94740","4260","499","1","9","0","0","22.24","Viva Piñata: Party Animals"
"Mortal Kombat X","4944","Mortal Kombat X","360474240","16218660","105232","235","49951","684","30","22.23","Mortal Kombat X"
"Yu-Gi-Oh! Online","4945","Yu-Gi-Oh! Online","31410120","1413240","1084","13","1678","59","2","22.23","Yu-Gi-Oh! Online"
"BioShock Infinite","4946","BioShock Infinite","46167240","2078880","10352","19","7557","87","3","22.21","BioShock Infinite"
"Battlefleet Gothic: Armada","4947","Battlefleet Gothic: Armada","12738900","573660","10063","46","1334","24","1","22.21","Battlefleet Gothic: Armada"
"Bus Simulator 16","4948","Bus Simulator 16","2617920","117960","1839","8","646","4","0","22.19","Bus Simulator 16"
"Organ Trail: Director's Cut","4949","Organ Trail: Director's Cut","1376700","62040","2342","4","291","2","0","22.19","Organ Trail: Director's Cut"
"Pokémon Rumble","4950","Pokémon Rumble","495180","22320","495","3","49","0","0","22.19","Pokémon Rumble"
"Police Quest: SWAT Generation","4951","Police Quest: SWAT Generation","30600","1380","131","1","7","0","0","22.17","Police Quest: SWAT Generation"
"Final Fantasy: Brave Exvius","4952","Final Fantasy: Brave Exvius","13169940","594120","755","11","469","24","1","22.17","Final Fantasy: Brave Exvius"
"Hatoful Boyfriend","4953","Hatoful Boyfriend","6423420","289920","13850","23","1789","12","0","22.16","Hatoful Boyfriend"
"White Noise Online","4954","White Noise Online","718860","32460","17483","6","233","1","0","22.15","White Noise Online"
"Jet Grind Radio","4955","Jet Grind Radio","7043580","318420","70942","18","1535","13","0","22.12","Jet Grind Radio"
"Dr. Jekyll and Mr. Hyde","4956","Dr. Jekyll and Mr. Hyde","135300","6120","494","4","34","0","0","22.11","Dr. Jekyll and Mr. Hyde"
"Magic: The Gathering - Duels of the Planeswalkers 2012","4957","Magic: The Gathering - Duels of the Planeswalkers 2012","84900","3840","1301","1","21","0","0","22.11","Magic: The Gathering - Duels of the Planeswalkers 2012"
"Dino Stalker","4958","Dino Stalker","13260","600","43","1","3","0","0","22.1","Dino Stalker"
"Grand Theft Auto: Vice City","4959","Grand Theft Auto: Vice City","21369360","967740","3822","11","3848","40","1","22.08","Grand Theft Auto: Vice City"
"Mighty Switch Force!","4960","Mighty Switch Force!","310020","14040","4281","4","64","0","0","22.08","Mighty Switch Force!"
"Crusader of Centy","4961","Crusader of Centy","516480","23400","997","2","51","0","0","22.07","Crusader of Centy"
"Trauma Center: Under the Knife","4962","Trauma Center: Under the Knife","121800","5520","1530","1","24","0","0","22.07","Trauma Center: Under the Knife"
"Big Buck Hunter Pro","4963","Big Buck Hunter Pro","19860","900","89","1","5","0","0","22.07","Big Buck Hunter Pro"
"Sherlock Holmes and the Hound of the Baskervilles","4964","Sherlock Holmes and the Hound of the Baskervilles","96600","4380","301","1","10","0","0","22.05","Sherlock Holmes and the Hound of the Baskervilles"
"TimeSplitters 2","4965","TimeSplitters 2","1336500","60600","5854","5","181","2","0","22.05","TimeSplitters 2"
"Screencheat","4966","Screencheat","1438260","65280","7164","5","480","2","0","22.03","Screencheat"
"The Movies: Stunts & Effects","4967","The Movies: Stunts & Effects","266940","12120","1337","2","42","0","0","22.02","The Movies: Stunts & Effects"
"Five Nights at Freddy's World","4968","Five Nights at Freddy's World","3583740","162780","23340","18","654","6","0","22.02","Five Nights at Freddy's World"
"Splatterhouse 2","4969","Splatterhouse 2","133440","6060","1080","2","44","0","0","22.02","Splatterhouse 2"
"The Matrix: Path of Neo","4970","The Matrix: Path of Neo","534960","24300","1045","3","86","1","0","22.01","The Matrix: Path of Neo"
"Robot Wars","4971","Robot Wars","18480","840","109","1","4","0","0","22","Robot Wars"
"Open Me!","4972","Open Me!","2640","120","47","1","2","0","0","22","Open Me!"
"Ferrari Grand Prix Challenge","4973","Ferrari Grand Prix Challenge","7920","360","48","1","1","0","0","22","Ferrari Grand Prix Challenge"
"Emberwind","4974","Emberwind","1320","60","22","1","1","0","0","22","Emberwind"
"Riddick Bowe Boxing","4975","Riddick Bowe Boxing","10560","480","102","1","2","0","0","22","Riddick Bowe Boxing"
"Loadstar: The Legend of Tully Bodine","4976","Loadstar: The Legend of Tully Bodine","1320","60","22","1","1","0","0","22","Loadstar: The Legend of Tully Bodine"
"Desert Storm Command Deluxe","4977","Desert Storm Command Deluxe","1320","60","24","1","1","0","0","22","Desert Storm Command Deluxe"
"ColorZ","4978","ColorZ","2640","120","32","1","1","0","0","22","ColorZ"
"A Fork in the Tale","4979","A Fork in the Tale","2640","120","25","1","1","0","0","22","A Fork in the Tale"
"Codename: Panzers - Phase Two","4980","Codename: Panzers - Phase Two","3960","180","33","1","1","0","0","22","Codename: Panzers - Phase Two"
"Super Adventure Pals II","4981","Super Adventure Pals II","3960","180","26","1","1","0","0","22","Super Adventure Pals II"
"Mia Hamm Soccer 64","4982","Mia Hamm Soccer 64","1320","60","22","1","1","0","0","22","Mia Hamm Soccer 64"
"The Big 6","4983","The Big 6","1320","60","22","1","0","0","0","22","The Big 6"
"Pit Fiend","4984","Pit Fiend","1320","60","22","1","1","0","0","22","Pit Fiend"
"Crowns Golf In Hawaii","4985","Crowns Golf In Hawaii","1320","60","24","1","1","0","0","22","Crowns Golf In Hawaii"
"Treasure Island Dizzy","4986","Treasure Island Dizzy","5280","240","28","1","1","0","0","22","Treasure Island Dizzy"
"Radiation Island","4987","Radiation Island","131940","6000","822","2","25","0","0","21.99","Radiation Island"
"Just Cause","4988","Just Cause","690660","31440","1293","3","110","1","0","21.97","Just Cause"
"Lethal League","4989","Lethal League","5327700","242460","24019","7","1626","10","0","21.97","Lethal League"
"Super Indie Karts Grand Prix","4990","Super Indie Karts Grand Prix","73800","3360","868","1","26","0","0","21.96","Super Indie Karts Grand Prix"
"Asterix","4991","Asterix","105360","4800","324","2","28","0","0","21.95","Asterix"
"Star Cruiser","4992","Star Cruiser","28980","1320","74","1","2","0","0","21.95","Star Cruiser"
"S.T.A.L.K.E.R.: Call of Pripyat","4993","S.T.A.L.K.E.R.: Call of Pripyat","25317120","1154220","33177","14","2799","48","2","21.93","S.T.A.L.K.E.R.: Call of Pripyat"
"Too Human","4994","Too Human","101280","4620","163","1","14","0","0","21.92","Too Human"
"Doodle WHAT?!","4995","Doodle WHAT?!","144660","6600","592","2","36","0","0","21.92","Doodle WHAT?!"
"Myst","4996","Myst","385200","17580","579","2","58","0","0","21.91","Myst"
"The Chaos Engine","4997","The Chaos Engine","177420","8100","2695","2","26","0","0","21.9","The Chaos Engine"
"F1 2016","4998","F1 2016","21116460","964260","35111","63","5156","40","1","21.9","F1 2016"
"Street Fighter X Tekken","4999","Street Fighter X Tekken","1367640","62520","7147","3","202","2","0","21.88","Street Fighter X Tekken"
"Ratz Instagib","5000","Ratz Instagib","936720","42840","12138","3","264","1","0","21.87","Ratz Instagib"