"","","Game","Watch time","Stream time","Peak viewers","Peak channels","Streamers","Average viewers","Average channels","Average viewer ratio",""
"Suikoden II","6501","Suikoden II","3361620","226860","4218","4","204","6","0","14.82","Suikoden II"
"Earth Defense Force 4.1: The Shadow of New Despair","6502","Earth Defense Force 4.1: The Shadow of New Despair","14301240","966360","22572","25","3182","27","1","14.8","Earth Defense Force 4.1: The Shadow of New Despair"
"Winnie the Pooh in the Hundred Acre Wood","6503","Winnie the Pooh in the Hundred Acre Wood","17760","1200","45","1","4","0","0","14.8","Winnie the Pooh in the Hundred Acre Wood"
"Turtle Odyssey","6504","Turtle Odyssey","8880","600","147","1","2","0","0","14.8","Turtle Odyssey"
"Monster Hunter Freedom 2","6505","Monster Hunter Freedom 2","55020","3720","134","1","17","0","0","14.79","Monster Hunter Freedom 2"
"Amok","6506","Amok","49680","3360","224","4","22","0","0","14.79","Amok"
"Wilds.io","6507","Wilds.io","64740","4380","253","1","36","0","0","14.78","Wilds.io"
"Planetoid Pioneers","6508","Planetoid Pioneers","1507500","102000","2849","2","13","2","0","14.78","Planetoid Pioneers"
"Halo: Combat Evolved","6509","Halo: Combat Evolved","5693520","385140","17374","7","1056","10","0","14.78","Halo: Combat Evolved"
"K-On! After School Live!","6510","K-On! After School Live!","108180","7320","393","1","26","0","0","14.78","K-On! After School Live!"
"Gyakuten Kenji 2","6511","Gyakuten Kenji 2","590640","39960","131","3","62","1","0","14.78","Gyakuten Kenji 2"
"Environmental Station Alpha","6512","Environmental Station Alpha","935040","63300","8385","5","122","1","0","14.77","Environmental Station Alpha"
"Road Not Taken","6513","Road Not Taken","172740","11700","727","2","64","0","0","14.76","Road Not Taken"
"Dark Souls II: Scholar of the First Sin","6514","Dark Souls II: Scholar of the First Sin","325224300","22041000","26362","245","42348","617","41","14.76","Dark Souls II: Scholar of the First Sin"
"The Elder Scrolls III: Bloodmoon","6515","The Elder Scrolls III: Bloodmoon","18600","1260","54","1","4","0","0","14.76","The Elder Scrolls III: Bloodmoon"
"You Don't Know Jack: Volume 2","6516","You Don't Know Jack: Volume 2","22140","1500","96","1","10","0","0","14.76","You Don't Know Jack: Volume 2"
"The Wing of Madoola","6517","The Wing of Madoola","7080","480","118","1","2","0","0","14.75","The Wing of Madoola"
"Inside My Radio","6518","Inside My Radio","320460","21720","2047","3","87","0","0","14.75","Inside My Radio"
"Farming Simulator 2011","6519","Farming Simulator 2011","173400","11760","1723","3","24","0","0","14.74","Farming Simulator 2011"
"Mortal Kombat Trilogy","6520","Mortal Kombat Trilogy","271440","18420","3539","2","81","0","0","14.74","Mortal Kombat Trilogy"
"Metro 2033","6521","Metro 2033","16368780","1111260","25231","22","5999","31","2","14.73","Metro 2033"
"Jazz Jackrabbit","6522","Jazz Jackrabbit","259020","17580","445","1","40","0","0","14.73","Jazz Jackrabbit"
"The Getaway","6523","The Getaway","99840","6780","110","2","23","0","0","14.73","The Getaway"
"Farming Simulator 17","6524","Farming Simulator 17","141998220","9637800","37242","512","13016","269","18","14.73","Farming Simulator 17"
"Castlevania: The Adventure","6525","Castlevania: The Adventure","79500","5400","271","1","21","0","0","14.72","Castlevania: The Adventure"
"Naval Action","6526","Naval Action","22836840","1551780","20381","44","1645","43","2","14.72","Naval Action"
"A Quiver of Crows","6527","A Quiver of Crows","58260","3960","133","2","35","0","0","14.71","A Quiver of Crows"
"Domino Sky","6528","Domino Sky","8820","600","46","1","3","0","0","14.7","Domino Sky"
"Infinium Strike","6529","Infinium Strike","8820","600","76","1","6","0","0","14.7","Infinium Strike"
"Guild Wars 2","6530","Guild Wars 2","225037680","15305280","6577","84","16494","427","29","14.7","Guild Wars 2"
"Star Wars: Jedi Knight - Dark Forces II","6531","Star Wars: Jedi Knight - Dark Forces II","979980","66660","687","3","87","1","0","14.7","Star Wars: Jedi Knight - Dark Forces II"
"Arcana Heart 3: LOVE MAX SIX STARS!!!!!!","6532","Arcana Heart 3: LOVE MAX SIX STARS!!!!!!","40560","2760","152","2","16","0","0","14.7","Arcana Heart 3: LOVE MAX SIX STARS!!!!!!"
"Kingdom Hearts 3D: Dream Drop Distance","6533","Kingdom Hearts 3D: Dream Drop Distance","428460","29160","289","2","48","0","0","14.69","Kingdom Hearts 3D: Dream Drop Distance"
"Blood II: The Chosen","6534","Blood II: The Chosen","102180","6960","76","1","21","0","0","14.68","Blood II: The Chosen"
"Wild Guns","6535","Wild Guns","289860","19740","1115","2","61","0","0","14.68","Wild Guns"
"Tekken Tag Tournament 2","6536","Tekken Tag Tournament 2","30771840","2097840","6161","30","4003","58","3","14.67","Tekken Tag Tournament 2"
"Operation Flashpoint: Resistance","6537","Operation Flashpoint: Resistance","29040","1980","79","1","7","0","0","14.67","Operation Flashpoint: Resistance"
"Rave Master","6538","Rave Master","2640","180","41","1","2","0","0","14.67","Rave Master"
"Behold Atlantis","6539","Behold Atlantis","5280","360","50","1","3","0","0","14.67","Behold Atlantis"
"Surprise Attack","6540","Surprise Attack","18480","1260","47","2","5","0","0","14.67","Surprise Attack"
"Bombshell","6541","Bombshell","309600","21120","1706","8","92","0","0","14.66","Bombshell"
"Lethal Weapon","6542","Lethal Weapon","12300","840","130","1","2","0","0","14.64","Lethal Weapon"
"Katamari Forever","6543","Katamari Forever","361140","24660","424","2","96","0","0","14.64","Katamari Forever"
"Radiant Silvergun","6544","Radiant Silvergun","57060","3900","123","1","20","0","0","14.63","Radiant Silvergun"
"Toki: Going Ape Spit","6545","Toki: Going Ape Spit","14040","960","42","1","3","0","0","14.63","Toki: Going Ape Spit"
"Shantae: Half-Genie Hero","6546","Shantae: Half-Genie Hero","4197960","286920","3332","61","1065","7","0","14.63","Shantae: Half-Genie Hero"
"Aikatsu Photo on Stage","6547","Aikatsu Photo on Stage","42120","2880","162","1","10","0","0","14.63","Aikatsu Photo on Stage"
"Mother 1+2","6548","Mother 1+2","1678680","114840","560","20","174","3","0","14.62","Mother 1+2"
"Phoenix Wright: Ace Attorney Trilogy HD","6549","Phoenix Wright: Ace Attorney Trilogy HD","299160","20460","487","2","40","0","0","14.62","Phoenix Wright: Ace Attorney Trilogy HD"
"Spider-Man 2: Enter Electro","6550","Spider-Man 2: Enter Electro","238560","16320","1217","2","43","0","0","14.62","Spider-Man 2: Enter Electro"
"HIT","6551","HIT","1324860","90600","1508","4","258","2","0","14.62","HIT"
"Ape Escape 3","6552","Ape Escape 3","1157880","79260","221","3","106","2","0","14.61","Ape Escape 3"
"XCOM: Enemy Unknown","6553","XCOM: Enemy Unknown","14879160","1019160","35632","27","3381","28","1","14.6","XCOM: Enemy Unknown"
"Don't Starve","6554","Don't Starve","56933280","3899760","11473","37","12887","108","7","14.6","Don't Starve"
"Petka 4: Independence Day","6555","Petka 4: Independence Day","52560","3600","81","2","8","0","0","14.6","Petka 4: Independence Day"
"Barbie: Super Sports","6556","Barbie: Super Sports","10500","720","150","1","6","0","0","14.58","Barbie: Super Sports"
"Heroes of Might and Magic III: The Restoration of Erathia","6557","Heroes of Might and Magic III: The Restoration of Erathia","1663800","114120","2001","5","340","3","0","14.58","Heroes of Might and Magic III: The Restoration of Erathia"
"Q*Bert","6558","Q*Bert","46380","3180","161","1","10","0","0","14.58","Q*Bert"
"WazHack","6559","WazHack","195780","13440","1361","2","48","0","0","14.57","WazHack"
"Dragon Ball Z: Supersonic Warriors 2","6560","Dragon Ball Z: Supersonic Warriors 2","6120","420","34","1","1","0","0","14.57","Dragon Ball Z: Supersonic Warriors 2"
"Guilty Gear XX Accent Core Plus R","6561","Guilty Gear XX Accent Core Plus R","320940","22020","525","2","89","0","0","14.57","Guilty Gear XX Accent Core Plus R"
"Underworld: The Eternal War","6562","Underworld: The Eternal War","6120","420","21","1","1","0","0","14.57","Underworld: The Eternal War"
"Formula One 2009","6563","Formula One 2009","7860","540","37","1","2","0","0","14.56","Formula One 2009"
"Densha de Go! Ryojouhen","6564","Densha de Go! Ryojouhen","7860","540","80","1","3","0","0","14.56","Densha de Go! Ryojouhen"
"Urusei Yatsura: Lum's Wedding Bell","6565","Urusei Yatsura: Lum's Wedding Bell","7860","540","32","1","2","0","0","14.56","Urusei Yatsura: Lum's Wedding Bell"
"Super Robot Wars OG Saga: Masou Kishin II - Revelation of Evil God","6566","Super Robot Wars OG Saga: Masou Kishin II - Revelation of Evil God","19200","1320","26","1","1","0","0","14.55","Super Robot Wars OG Saga: Masou Kishin II - Revelation of Evil God"
"Shining Force: The Sword of Hajya","6567","Shining Force: The Sword of Hajya","56760","3900","126","1","4","0","0","14.55","Shining Force: The Sword of Hajya"
"Barbie's Ocean Discovery","6568","Barbie's Ocean Discovery","751800","51660","2006","2","172","1","0","14.55","Barbie's Ocean Discovery"
"Phoenix Wright: Ace Attorney","6569","Phoenix Wright: Ace Attorney","3747780","257640","786","5","490","7","0","14.55","Phoenix Wright: Ace Attorney"
"Mario Paint","6570","Mario Paint","947460","65100","2850","6","148","1","0","14.55","Mario Paint"
"Strikers 1945","6571","Strikers 1945","22680","1560","176","1","9","0","0","14.54","Strikers 1945"
"Super Star Wars: The Empire Strikes Back","6572","Super Star Wars: The Empire Strikes Back","248580","17100","4437","3","39","0","0","14.54","Super Star Wars: The Empire Strikes Back"
"Gratuitous Space Battles","6573","Gratuitous Space Battles","11340","780","86","1","8","0","0","14.54","Gratuitous Space Battles"
"Avara","6574","Avara","27900","1920","142","1","8","0","0","14.53","Avara"
"Gemstone IV","6575","Gemstone IV","16560","1140","31","1","4","0","0","14.53","Gemstone IV"
"Hoshi wo Miru Hito","6576","Hoshi wo Miru Hito","13080","900","42","1","2","0","0","14.53","Hoshi wo Miru Hito"
"Shock Troopers: 2nd Squad","6577","Shock Troopers: 2nd Squad","20040","1380","106","1","11","0","0","14.52","Shock Troopers: 2nd Squad"
"Prehistorik Man","6578","Prehistorik Man","54900","3780","236","2","16","0","0","14.52","Prehistorik Man"
"Battleborn","6579","Battleborn","132991860","9162600","32021","610","24946","252","17","14.51","Battleborn"
"The Punisher: Ultimate Payback","6580","The Punisher: Ultimate Payback","5220","360","31","1","1","0","0","14.5","The Punisher: Ultimate Payback"
"Army Moves","6581","Army Moves","1740","120","16","1","1","0","0","14.5","Army Moves"
"Colour Bind","6582","Colour Bind","1740","120","29","1","1","0","0","14.5","Colour Bind"
"The Humans: Meet the Ancestors","6583","The Humans: Meet the Ancestors","1740","120","22","1","1","0","0","14.5","The Humans: Meet the Ancestors"
"Rambo III","6584","Rambo III","5220","360","38","1","4","0","0","14.5","Rambo III"
"Hexen II","6585","Hexen II","188760","13020","357","2","30","0","0","14.5","Hexen II"
"Arcanoid","6586","Arcanoid","1740","120","29","1","1","0","0","14.5","Arcanoid"
"Goku Makaimura Kai","6587","Goku Makaimura Kai","15660","1080","74","1","2","0","0","14.5","Goku Makaimura Kai"
"Steel Diver: Sub Wars","6588","Steel Diver: Sub Wars","6960","480","31","1","1","0","0","14.5","Steel Diver: Sub Wars"
"Driller","6589","Driller","3480","240","37","1","1","0","0","14.5","Driller"
"Jackie Chan in Spartan X","6590","Jackie Chan in Spartan X","1740","120","21","1","1","0","0","14.5","Jackie Chan in Spartan X"
"Master of Monsters","6591","Master of Monsters","3480","240","17","1","1","0","0","14.5","Master of Monsters"
"Blood Will Tell: Tezuka Osamu's Dororo","6592","Blood Will Tell: Tezuka Osamu's Dororo","118200","8160","420","1","14","0","0","14.49","Blood Will Tell: Tezuka Osamu's Dororo"
"UnReal World","6593","UnReal World","398880","27540","1306","2","73","0","0","14.48","UnReal World"
"Sonic Adventure 2","6594","Sonic Adventure 2","5060520","349380","5841","7","1473","9","0","14.48","Sonic Adventure 2"
"Saturday Night Slam Masters","6595","Saturday Night Slam Masters","52080","3600","222","2","22","0","0","14.47","Saturday Night Slam Masters"
"NHL 17","6596","NHL 17","29179920","2016540","4287","65","7904","55","3","14.47","NHL 17"
"Anime Land","6597","Anime Land","1197300","82800","3082","4","167","2","0","14.46","Anime Land"
"Prince of Persia","6598","Prince of Persia","2176320","150480","7899","7","573","4","0","14.46","Prince of Persia"
"Ib","6599","Ib","1205880","83520","1605","3","378","2","0","14.44","Ib"
"Towtruck Simulator 2015","6600","Towtruck Simulator 2015","15600","1080","168","1","11","0","0","14.44","Towtruck Simulator 2015"