"","","Game","Watch time","Stream time","Peak viewers","Peak channels","Streamers","Average viewers","Average channels","Average viewer ratio",""
"VEGA Conflict","7901","VEGA Conflict","508440","47940","294","3","125","0","0","10.61","VEGA Conflict"
"WarLight","7902","WarLight","1314300","123900","135","3","82","2","0","10.61","WarLight"
"A Walk In the Dark","7903","A Walk In the Dark","57300","5400","250","2","31","0","0","10.61","A Walk In the Dark"
"PewDiePie: Legend of Brofist","7904","PewDiePie: Legend of Brofist","394740","37200","858","3","188","0","0","10.61","PewDiePie: Legend of Brofist"
"Planetbase","7905","Planetbase","4100100","386520","4855","8","1102","7","0","10.61","Planetbase"
"Indiana Jones and The Fate of Atlantis: The Action Game","7906","Indiana Jones and The Fate of Atlantis: The Action Game","14640","1380","83","1","6","0","0","10.61","Indiana Jones and The Fate of Atlantis: The Action Game"
"Refunct","7907","Refunct","1137300","107220","15718","21","381","2","0","10.61","Refunct"
"Hi no Tori: Gaou no Bouken","7908","Hi no Tori: Gaou no Bouken","6360","600","33","1","4","0","0","10.6","Hi no Tori: Gaou no Bouken"
"Sitting Ducks","7909","Sitting Ducks","6360","600","66","1","4","0","0","10.6","Sitting Ducks"
"Volgarr the Viking","7910","Volgarr the Viking","2024280","191040","2503","5","840","3","0","10.6","Volgarr the Viking"
"Guitar Hero: Smash Hits","7911","Guitar Hero: Smash Hits","80160","7560","232","1","43","0","0","10.6","Guitar Hero: Smash Hits"
"MediEvil","7912","MediEvil","1102320","104040","734","5","316","2","0","10.6","MediEvil"
"Fortune Street","7913","Fortune Street","425760","40260","229","3","68","0","0","10.58","Fortune Street"
"Red Rope: Don't Fall Behind","7914","Red Rope: Don't Fall Behind","19680","1860","36","1","11","0","0","10.58","Red Rope: Don't Fall Behind"
"Twin Saga","7915","Twin Saga","2490960","235740","2251","20","503","4","0","10.57","Twin Saga"
"Legends of Callasia","7916","Legends of Callasia","874980","82800","925","4","69","1","0","10.57","Legends of Callasia"
"Journey to Silius","7917","Journey to Silius","157920","14940","166","7","58","0","0","10.57","Journey to Silius"
"Midtown Madness 2","7918","Midtown Madness 2","25380","2400","47","1","7","0","0","10.57","Midtown Madness 2"
"Bless Online","7919","Bless Online","12703080","1202160","2494","94","1498","24","2","10.57","Bless Online"
"LEGO Island 2: The Brickster's Revenge","7920","LEGO Island 2: The Brickster's Revenge","93900","8880","140","2","25","0","0","10.57","LEGO Island 2: The Brickster's Revenge"
"Golden Sun: The Lost Age","7921","Golden Sun: The Lost Age","1005900","95220","345","3","104","1","0","10.56","Golden Sun: The Lost Age"
"Table Top Racing","7922","Table Top Racing","96960","9180","516","11","76","0","0","10.56","Table Top Racing"
"Nutjitsu","7923","Nutjitsu","11400","1080","152","1","5","0","0","10.56","Nutjitsu"
"Reign of Bullets","7924","Reign of Bullets","17100","1620","31","1","4","0","0","10.56","Reign of Bullets"
"School Days","7925","School Days","145680","13800","361","2","43","0","0","10.56","School Days"
"DmC Devil May Cry","7926","DmC Devil May Cry","5965380","565440","2445","10","2534","11","1","10.55","DmC Devil May Cry"
"Digimon World 3","7927","Digimon World 3","1134480","107520","146","4","174","2","0","10.55","Digimon World 3"
"Jumper: Griffin's Story","7928","Jumper: Griffin's Story","6960","660","28","1","3","0","0","10.55","Jumper: Griffin's Story"
"Kalimba","7929","Kalimba","1038060","98460","2612","4","181","1","0","10.54","Kalimba"
"Fantasy Zone","7930","Fantasy Zone","48000","4560","42","1","16","0","0","10.53","Fantasy Zone"
"Wii Party U","7931","Wii Party U","116220","11040","474","2","60","0","0","10.53","Wii Party U"
"Five Nights at Freddy's 2","7932","Five Nights at Freddy's 2","2190780","208080","2934","5","1241","4","0","10.53","Five Nights at Freddy's 2"
"Jill of the Jungle","7933","Jill of the Jungle","21480","2040","82","2","12","0","0","10.53","Jill of the Jungle"
"Hatsune Miku: Project DIVA","7934","Hatsune Miku: Project DIVA","236880","22500","1571","2","77","0","0","10.53","Hatsune Miku: Project DIVA"
"Sonic the Hedgehog: Pocket Adventure","7935","Sonic the Hedgehog: Pocket Adventure","21480","2040","50","4","14","0","0","10.53","Sonic the Hedgehog: Pocket Adventure"
"International Superstar Soccer Deluxe","7936","International Superstar Soccer Deluxe","44220","4200","130","1","24","0","0","10.53","International Superstar Soccer Deluxe"
"StoneAge 2","7937","StoneAge 2","90360","8580","83","2","10","0","0","10.53","StoneAge 2"
"Okamiden","7938","Okamiden","89040","8460","40","1","15","0","0","10.52","Okamiden"
"Elminage Gothic","7939","Elminage Gothic","71940","6840","35","1","7","0","0","10.52","Elminage Gothic"
"Love","7940","Love","102120","9720","1227","2","59","0","0","10.51","Love"
"Curse: The Eye of Isis","7941","Curse: The Eye of Isis","29640","2820","141","1","9","0","0","10.51","Curse: The Eye of Isis"
"Marathon 2: Durandal","7942","Marathon 2: Durandal","50400","4800","351","1","7","0","0","10.5","Marathon 2: Durandal"
"Sky Gamblers: Storm Raiders","7943","Sky Gamblers: Storm Raiders","1260","120","14","1","1","0","0","10.5","Sky Gamblers: Storm Raiders"
"Etherium","7944","Etherium","23940","2280","87","1","16","0","0","10.5","Etherium"
"Andretti Racing","7945","Andretti Racing","1260","120","13","1","1","0","0","10.5","Andretti Racing"
"Pac-Man Vs.","7946","Pac-Man Vs.","3780","360","58","1","4","0","0","10.5","Pac-Man Vs."
"Time Trax","7947","Time Trax","1260","120","19","1","1","0","0","10.5","Time Trax"
"Tiny Toon Adventures: Buster and the Beanstalk","7948","Tiny Toon Adventures: Buster and the Beanstalk","1260","120","24","1","2","0","0","10.5","Tiny Toon Adventures: Buster and the Beanstalk"
"Super Bowling","7949","Super Bowling","6300","600","81","1","5","0","0","10.5","Super Bowling"
"Conquestador","7950","Conquestador","16380","1560","44","1","7","0","0","10.5","Conquestador"
"Snakes","7951","Snakes","6300","600","32","1","2","0","0","10.5","Snakes"
"Hopper","7952","Hopper","1260","120","14","1","1","0","0","10.5","Hopper"
"Slick","7953","Slick","1260","120","19","1","1","0","0","10.5","Slick"
"Bollywood Wannabe","7954","Bollywood Wannabe","1260","120","12","1","1","0","0","10.5","Bollywood Wannabe"
"Otome wa Boku ni Koishiteru","7955","Otome wa Boku ni Koishiteru","1260","120","11","1","1","0","0","10.5","Otome wa Boku ni Koishiteru"
"SwordQuest: FireWorld","7956","SwordQuest: FireWorld","1260","120","11","1","1","0","0","10.5","SwordQuest: FireWorld"
"Dance:UK","7957","Dance:UK","1260","120","15","1","2","0","0","10.5","Dance:UK"
"Devilman","7958","Devilman","1260","120","17","1","1","0","0","10.5","Devilman"
"Disney's Bolt","7959","Disney's Bolt","1260","120","13","1","1","0","0","10.5","Disney's Bolt"
"Dance Dance Revolution GB 2","7960","Dance Dance Revolution GB 2","1260","120","12","1","1","0","0","10.5","Dance Dance Revolution GB 2"
"Momentum Mod","7961","Momentum Mod","195660","18660","132","3","35","0","0","10.49","Momentum Mod"
"Batman: The Brave and the Bold: The Videogame","7962","Batman: The Brave and the Bold: The Videogame","20760","1980","108","1","6","0","0","10.48","Batman: The Brave and the Bold: The Videogame"
"Lunar: Silver Star Story Complete","7963","Lunar: Silver Star Story Complete","807720","77100","600","3","92","1","0","10.48","Lunar: Silver Star Story Complete"
"Lightning Returns: Final Fantasy XIII","7964","Lightning Returns: Final Fantasy XIII","7383420","705360","3804","10","1257","14","1","10.47","Lightning Returns: Final Fantasy XIII"
"Deponia 2: Chaos on Deponia","7965","Deponia 2: Chaos on Deponia","639720","61080","294","3","135","1","0","10.47","Deponia 2: Chaos on Deponia"
"The Fantastic Four","7966","The Fantastic Four","23880","2280","389","1","10","0","0","10.47","The Fantastic Four"
"Slender Man! Chapter 1: Alone","7967","Slender Man! Chapter 1: Alone","18840","1800","161","1","16","0","0","10.47","Slender Man! Chapter 1: Alone"
"Master Spy","7968","Master Spy","54600","5220","384","1","19","0","0","10.46","Master Spy"
"Eden* They Were Only Two, On The Planet","7969","Eden* They Were Only Two, On The Planet","111720","10680","1239","2","21","0","0","10.46","Eden* They Were Only Two, On The Planet"
"Princess Tomato in the Salad Kingdom","7970","Princess Tomato in the Salad Kingdom","34500","3300","94","2","14","0","0","10.45","Princess Tomato in the Salad Kingdom"
"Harry Potter: Quidditch World Cup","7971","Harry Potter: Quidditch World Cup","68940","6600","105","2","40","0","0","10.45","Harry Potter: Quidditch World Cup"
"Magicland Dizzy","7972","Magicland Dizzy","5640","540","34","1","2","0","0","10.44","Magicland Dizzy"
"Spyro: A Hero's Tail","7973","Spyro: A Hero's Tail","307680","29460","588","2","89","0","0","10.44","Spyro: A Hero's Tail"
"SOUND VOLTEX III GRAVITY WARS","7974","SOUND VOLTEX III GRAVITY WARS","140280","13440","152","2","26","0","0","10.44","SOUND VOLTEX III GRAVITY WARS"
"One Finger Death Punch","7975","One Finger Death Punch","2126580","203640","14837","5","1396","4","0","10.44","One Finger Death Punch"
"Interstellaria","7976","Interstellaria","51360","4920","112","1","23","0","0","10.44","Interstellaria"
"Fort meow","7977","Fort meow","5640","540","19","1","7","0","0","10.44","Fort meow"
"Dungeons & Dragons: Order of the Griffon","7978","Dungeons & Dragons: Order of the Griffon","16920","1620","26","1","2","0","0","10.44","Dungeons & Dragons: Order of the Griffon"
"UnderDread","7979","UnderDread","8760","840","24","1","14","0","0","10.43","UnderDread"
"Orphée: Voyage aux Enfers","7980","Orphée: Voyage aux Enfers","4380","420","19","1","1","0","0","10.43","Orphée: Voyage aux Enfers"
"The King of Fighters 2002 Unlimited Match","7981","The King of Fighters 2002 Unlimited Match","655920","62880","1084","3","215","1","0","10.43","The King of Fighters 2002 Unlimited Match"
"Pinocchio","7982","Pinocchio","14400","1380","117","2","9","0","0","10.43","Pinocchio"
"Kickle Cubicle","7983","Kickle Cubicle","64380","6180","112","3","24","0","0","10.42","Kickle Cubicle"
"Boom Beach","7984","Boom Beach","1291560","124080","569","4","391","2","0","10.41","Boom Beach"
".hack//G.U. Vol. 2: Reminisce","7985",".hack//G.U. Vol. 2: Reminisce","489840","47040","209","2","43","0","0","10.41",".hack//G.U. Vol. 2: Reminisce"
"Mind Snares: Alice's Journey","7986","Mind Snares: Alice's Journey","90540","8700","121","2","30","0","0","10.41","Mind Snares: Alice's Journey"
"Senran Kagura 2: Deep Crimson","7987","Senran Kagura 2: Deep Crimson","56820","5460","153","1","11","0","0","10.41","Senran Kagura 2: Deep Crimson"
"Eighteen Wheeler: American Pro Trucker","7988","Eighteen Wheeler: American Pro Trucker","10620","1020","88","1","6","0","0","10.41","Eighteen Wheeler: American Pro Trucker"
"Spellbinders","7989","Spellbinders","57480","5520","67","2","14","0","0","10.41","Spellbinders"
"Goats on a Bridge","7990","Goats on a Bridge","16860","1620","94","1","18","0","0","10.41","Goats on a Bridge"
"Super Jinsei Game","7991","Super Jinsei Game","3120","300","17","1","1","0","0","10.4","Super Jinsei Game"
"Cloudy With a Chance of Meatballs","7992","Cloudy With a Chance of Meatballs","9360","900","23","1","4","0","0","10.4","Cloudy With a Chance of Meatballs"
"Silent Service II","7993","Silent Service II","3120","300","19","1","1","0","0","10.4","Silent Service II"
"Tony Hawk's American Sk8land","7994","Tony Hawk's American Sk8land","6240","600","91","1","7","0","0","10.4","Tony Hawk's American Sk8land"
"Ganbare Goemon! Karakuri Douchuu","7995","Ganbare Goemon! Karakuri Douchuu","3120","300","22","1","1","0","0","10.4","Ganbare Goemon! Karakuri Douchuu"
"Naruto: Clash of Ninja Revolution","7996","Naruto: Clash of Ninja Revolution","9360","900","132","1","9","0","0","10.4","Naruto: Clash of Ninja Revolution"
"Super Robot Taisen Original Generation 2","7997","Super Robot Taisen Original Generation 2","161400","15540","225","1","18","0","0","10.39","Super Robot Taisen Original Generation 2"
"Duke Nukem 3D: Plutonium Pak","7998","Duke Nukem 3D: Plutonium Pak","20580","1980","46","1","6","0","0","10.39","Duke Nukem 3D: Plutonium Pak"
"Kings of Kung Fu","7999","Kings of Kung Fu","11220","1080","226","1","8","0","0","10.39","Kings of Kung Fu"
"Syndicate Plus","8000","Syndicate Plus","8100","780","74","1","6","0","0","10.38","Syndicate Plus"