"","","Game","Watch time","Stream time","Peak viewers","Peak channels","Streamers","Average viewers","Average channels","Average viewer ratio",""
"The Ooze","13901","The Ooze","900","240","5","1","3","0","0","3.75","The Ooze"
"Drake & Josh","13902","Drake & Josh","900","240","5","1","4","0","0","3.75","Drake & Josh"
"Terminal Velocity","13903","Terminal Velocity","11460","3060","28","1","6","0","0","3.75","Terminal Velocity"
"Wreck-It Ralph","13904","Wreck-It Ralph","1800","480","8","1","2","0","0","3.75","Wreck-It Ralph"
"Harvest Moon: Grand Bazaar","13905","Harvest Moon: Grand Bazaar","4500","1200","13","1","5","0","0","3.75","Harvest Moon: Grand Bazaar"
"Ignite","13906","Ignite","1800","480","12","1","5","0","0","3.75","Ignite"
"The Escape from the Hen-Roost","13907","The Escape from the Hen-Roost","900","240","5","1","1","0","0","3.75","The Escape from the Hen-Roost"
"Matchbox: Emergency Patrol","13908","Matchbox: Emergency Patrol","900","240","8","1","1","0","0","3.75","Matchbox: Emergency Patrol"
"Pepe's Puzzles","13909","Pepe's Puzzles","900","240","9","1","1","0","0","3.75","Pepe's Puzzles"
"NHL 09","13910","NHL 09","197940","52800","462","3","156","0","0","3.75","NHL 09"
"Super Street Fighter II","13911","Super Street Fighter II","30360","8100","115","1","55","0","0","3.75","Super Street Fighter II"
"Dead Island","13912","Dead Island","5778240","1541400","1284","75","6331","10","2","3.75","Dead Island"
"Tom Clancy's Ghost Recon Phantoms","13913","Tom Clancy's Ghost Recon Phantoms","3593520","958500","239","13","970","6","1","3.75","Tom Clancy's Ghost Recon Phantoms"
"Hugo: The Evil Mirror","13914","Hugo: The Evil Mirror","2700","720","13","1","5","0","0","3.75","Hugo: The Evil Mirror"
"Gotham City Impostors","13915","Gotham City Impostors","318720","84960","515","4","414","0","0","3.75","Gotham City Impostors"
"Paradroid","13916","Paradroid","900","240","16","1","1","0","0","3.75","Paradroid"
"Sword of the Stars: A Murder of Crows","13917","Sword of the Stars: A Murder of Crows","900","240","6","1","1","0","0","3.75","Sword of the Stars: A Murder of Crows"
"Super Mega Worm","13918","Super Mega Worm","1800","480","13","1","4","0","0","3.75","Super Mega Worm"
"Chainsaw Warrior","13919","Chainsaw Warrior","15060","4020","44","1","12","0","0","3.75","Chainsaw Warrior"
"Pizza Panic","13920","Pizza Panic","3600","960","13","1","2","0","0","3.75","Pizza Panic"
"Hyperspeed","13921","Hyperspeed","900","240","5","1","1","0","0","3.75","Hyperspeed"
"The Moon Sliver","13922","The Moon Sliver","6060","1620","19","2","16","0","0","3.74","The Moon Sliver"
"Naruto Shippuden: Ultimate Ninja 5","13923","Naruto Shippuden: Ultimate Ninja 5","22200","5940","52","2","22","0","0","3.74","Naruto Shippuden: Ultimate Ninja 5"
"Syndicate","13924","Syndicate","87000","23280","282","3","109","0","0","3.74","Syndicate"
"Temple Run 2","13925","Temple Run 2","31200","8340","26","2","24","0","0","3.74","Temple Run 2"
"#IDARB","13926","#IDARB","636060","170220","2422","4","1355","1","0","3.74","#IDARB"
"Guilty Gear XX Λ Core","13927","Guilty Gear XX Λ Core","10560","2820","32","2","14","0","0","3.74","Guilty Gear XX Λ Core"
"Might & Magic Heroes VI","13928","Might & Magic Heroes VI","353580","94500","2147","3","238","0","0","3.74","Might & Magic Heroes VI"
"Heroes Chronicles: Conquest of the Underworld","13929","Heroes Chronicles: Conquest of the Underworld","4260","1140","9","1","2","0","0","3.74","Heroes Chronicles: Conquest of the Underworld"
"Wii Fit","13930","Wii Fit","6060","1620","23","1","14","0","0","3.74","Wii Fit"
"Pulstar","13931","Pulstar","7620","2040","31","1","11","0","0","3.74","Pulstar"
"Pathfinder Adventures","13932","Pathfinder Adventures","483420","129300","623","5","200","0","0","3.74","Pathfinder Adventures"
"Trulon: The Shadow Engine","13933","Trulon: The Shadow Engine","13680","3660","31","2","19","0","0","3.74","Trulon: The Shadow Engine"
"Police Infinity","13934","Police Infinity","2460","660","9","1","3","0","0","3.73","Police Infinity"
"Volleyball Challenge","13935","Volleyball Challenge","7380","1980","74","1","3","0","0","3.73","Volleyball Challenge"
"Samurai Aces","13936","Samurai Aces","3360","900","10","1","2","0","0","3.73","Samurai Aces"
"Eventide: Slavic Fable","13937","Eventide: Slavic Fable","18120","4860","28","2","25","0","0","3.73","Eventide: Slavic Fable"
"Game Boy Camera","13938","Game Boy Camera","7380","1980","37","1","8","0","0","3.73","Game Boy Camera"
"Ground Control II: Operation Exodus","13939","Ground Control II: Operation Exodus","2460","660","19","1","3","0","0","3.73","Ground Control II: Operation Exodus"
"Everyday Genius: SquareLogic","13940","Everyday Genius: SquareLogic","3360","900","16","1","6","0","0","3.73","Everyday Genius: SquareLogic"
"Star Wars: X-Wing Alliance","13941","Star Wars: X-Wing Alliance","48840","13080","128","2","40","0","0","3.73","Star Wars: X-Wing Alliance"
"Mibibli's Quest","13942","Mibibli's Quest","21480","5760","94","2","17","0","0","3.73","Mibibli's Quest"
"Sanctum 2","13943","Sanctum 2","484260","129840","408","4","592","0","0","3.73","Sanctum 2"
"Video Jogger","13944","Video Jogger","10740","2880","76","1","3","0","0","3.73","Video Jogger"
"Arrow Flash","13945","Arrow Flash","3360","900","11","1","5","0","0","3.73","Arrow Flash"
"T'ai Fu: Wrath of the Tiger","13946","T'ai Fu: Wrath of the Tiger","7380","1980","11","1","9","0","0","3.73","T'ai Fu: Wrath of the Tiger"
"Sam & Max Episode 1: Culture Shock","13947","Sam & Max Episode 1: Culture Shock","36180","9720","47","2","53","0","0","3.72","Sam & Max Episode 1: Culture Shock"
"Violett","13948","Violett","20520","5520","21","1","32","0","0","3.72","Violett"
"Bloody Roar: Primal Fury","13949","Bloody Roar: Primal Fury","25020","6720","148","1","31","0","0","3.72","Bloody Roar: Primal Fury"
"Touhou 07.5 - Immaterial and Missing Power","13950","Touhou 07.5 - Immaterial and Missing Power","6480","1740","18","1","11","0","0","3.72","Touhou 07.5 - Immaterial and Missing Power"
"Commander Keen 6: Aliens Ate My Babysitter!","13951","Commander Keen 6: Aliens Ate My Babysitter!","18060","4860","18","1","13","0","0","3.72","Commander Keen 6: Aliens Ate My Babysitter!"
"Depth Hunter 2: Deep Dive","13952","Depth Hunter 2: Deep Dive","29700","7980","82","2","61","0","0","3.72","Depth Hunter 2: Deep Dive"
"Renegade X","13953","Renegade X","91800","24660","73","2","72","0","0","3.72","Renegade X"
"Secret Agent Clank","13954","Secret Agent Clank","10500","2820","18","1","9","0","0","3.72","Secret Agent Clank"
"Klax","13955","Klax","36180","9720","40","1","9","0","0","3.72","Klax"
"Ranma 1/2 Battle Renaissance","13956","Ranma 1/2 Battle Renaissance","7140","1920","21","1","1","0","0","3.72","Ranma 1/2 Battle Renaissance"
"A Bastard's Tale","13957","A Bastard's Tale","15840","4260","35","2","30","0","0","3.72","A Bastard's Tale"
"BlaZeon: The Bio-Cyborg Challenge","13958","BlaZeon: The Bio-Cyborg Challenge","3120","840","9","1","5","0","0","3.71","BlaZeon: The Bio-Cyborg Challenge"
"Captain Comic II: Fractured Reality","13959","Captain Comic II: Fractured Reality","6240","1680","11","1","4","0","0","3.71","Captain Comic II: Fractured Reality"
"Math Workshop","13960","Math Workshop","3120","840","15","1","3","0","0","3.71","Math Workshop"
"Otomedius Excellent","13961","Otomedius Excellent","1560","420","9","1","3","0","0","3.71","Otomedius Excellent"
"Pajama Sam: Lost and Found","13962","Pajama Sam: Lost and Found","1560","420","10","1","5","0","0","3.71","Pajama Sam: Lost and Found"
"6-Pak","13963","6-Pak","6900","1860","38","1","8","0","0","3.71","6-Pak"
"Operation Abyss: New Tokyo Legacy","13964","Operation Abyss: New Tokyo Legacy","3120","840","9","1","3","0","0","3.71","Operation Abyss: New Tokyo Legacy"
"Legend of Mir","13965","Legend of Mir","1560","420","6","1","2","0","0","3.71","Legend of Mir"
"Retro/Grade","13966","Retro/Grade","7800","2100","46","1","16","0","0","3.71","Retro/Grade"
"Crysis 3","13967","Crysis 3","1049340","282660","1443","5","1340","1","0","3.71","Crysis 3"
"Kim Kardashian: Hollywood","13968","Kim Kardashian: Hollywood","3780","1020","21","1","7","0","0","3.71","Kim Kardashian: Hollywood"
"Operation Flashpoint: Cold War Crisis","13969","Operation Flashpoint: Cold War Crisis","29820","8040","33","2","19","0","0","3.71","Operation Flashpoint: Cold War Crisis"
"Max Gentlemen","13970","Max Gentlemen","3120","840","15","1","8","0","0","3.71","Max Gentlemen"
"King's Bounty: Armored Princess","13971","King's Bounty: Armored Princess","96660","26040","186","2","32","0","0","3.71","King's Bounty: Armored Princess"
"Time Stalkers","13972","Time Stalkers","6660","1800","21","1","10","0","0","3.7","Time Stalkers"
"Hitogata Happa","13973","Hitogata Happa","13320","3600","55","1","14","0","0","3.7","Hitogata Happa"
"Lost Saga","13974","Lost Saga","314100","84900","156","4","149","0","0","3.7","Lost Saga"
"Dead Bits","13975","Dead Bits","38580","10440","121","1","83","0","0","3.7","Dead Bits"
"FINAL FANTASY XIV Online","13976","FINAL FANTASY XIV Online","9952380","2689620","4028","26","5464","18","5","3.7","FINAL FANTASY XIV Online"
"Toukiden: The Age of Demons","13977","Toukiden: The Age of Demons","7320","1980","32","1","540","0","0","3.7","Toukiden: The Age of Demons"
"Gray Matter","13978","Gray Matter","72000","19440","27","2","42","0","0","3.7","Gray Matter"
"Avatar: The Last Airbender","13979","Avatar: The Last Airbender","30840","8340","31","1","24","0","0","3.7","Avatar: The Last Airbender"
"FUEL","13980","FUEL","24840","6720","36","1","24","0","0","3.7","FUEL"
"Chicago 1930","13981","Chicago 1930","2220","600","11","1","5","0","0","3.7","Chicago 1930"
"M.A.X.: Mechanized Assault and Exploration","13982","M.A.X.: Mechanized Assault and Exploration","4440","1200","10","1","5","0","0","3.7","M.A.X.: Mechanized Assault and Exploration"
"Batsugun","13983","Batsugun","7320","1980","26","1","15","0","0","3.7","Batsugun"
"Tom and Jerry in House Trap","13984","Tom and Jerry in House Trap","2220","600","28","1","6","0","0","3.7","Tom and Jerry in House Trap"
"The Age of Decadence","13985","The Age of Decadence","70620","19080","68","2","39","0","0","3.7","The Age of Decadence"
"Cyber Knight","13986","Cyber Knight","2220","600","6","1","2","0","0","3.7","Cyber Knight"
"Guwange","13987","Guwange","12660","3420","43","1","20","0","0","3.7","Guwange"
"Lavapools","13988","Lavapools","2220","600","10","1","2","0","0","3.7","Lavapools"
"Offroad Thunder","13989","Offroad Thunder","2220","600","9","1","2","0","0","3.7","Offroad Thunder"
"Nancy Drew: The Creature of Kapu Cave","13990","Nancy Drew: The Creature of Kapu Cave","8220","2220","12","1","7","0","0","3.7","Nancy Drew: The Creature of Kapu Cave"
"The Long Journey Home","13991","The Long Journey Home","10860","2940","15","1","1","0","0","3.69","The Long Journey Home"
"One Piece: Grand Adventure","13992","One Piece: Grand Adventure","2880","780","14","1","4","0","0","3.69","One Piece: Grand Adventure"
"Crisis Zone","13993","Crisis Zone","3540","960","37","1","4","0","0","3.69","Crisis Zone"
"Bad Girls","13994","Bad Girls","2880","780","11","1","4","0","0","3.69","Bad Girls"
"Spirits and Spells","13995","Spirits and Spells","6420","1740","34","1","4","0","0","3.69","Spirits and Spells"
"Nancy Drew: Stay Tuned for Danger","13996","Nancy Drew: Stay Tuned for Danger","12840","3480","21","1","10","0","0","3.69","Nancy Drew: Stay Tuned for Danger"
"Suikoden I+II","13997","Suikoden I+II","32520","8820","69","1","23","0","0","3.69","Suikoden I+II"
"Rust Buccaneers","13998","Rust Buccaneers","10380","2820","67","1","18","0","0","3.68","Rust Buccaneers"
"Street Hoop","13999","Street Hoop","4860","1320","60","1","9","0","0","3.68","Street Hoop"
"Beasts of Prey","14000","Beasts of Prey","7500","2040","62","1","9","0","0","3.68","Beasts of Prey"