"","","Game","Watch time","Stream time","Peak viewers","Peak channels","Streamers","Average viewers","Average channels","Average viewer ratio",""
"Realms of Chaos","8001","Realms of Chaos","18060","1740","154","1","7","0","0","10.38","Realms of Chaos"
"Agatha Christie: Murder on the Orient Express","8002","Agatha Christie: Murder on the Orient Express","14940","1440","34","1","3","0","0","10.38","Agatha Christie: Murder on the Orient Express"
"Supercar Street Challenge","8003","Supercar Street Challenge","4980","480","14","1","1","0","0","10.38","Supercar Street Challenge"
"Lost Sea","8004","Lost Sea","261360","25200","215","5","128","0","0","10.37","Lost Sea"
"Fallout: New Vegas","8005","Fallout: New Vegas","33727140","3252480","14958","43","9091","64","6","10.37","Fallout: New Vegas"
"Mischief Makers","8006","Mischief Makers","343740","33180","437","2","109","0","0","10.36","Mischief Makers"
"Shogun: Total War","8007","Shogun: Total War","455700","44040","2009","2","136","0","0","10.35","Shogun: Total War"
"Gobliiins","8008","Gobliiins","31680","3060","68","1","14","0","0","10.35","Gobliiins"
"Redout","8009","Redout","586860","56700","2266","5","310","1","0","10.35","Redout"
"Katakis","8010","Katakis","10560","1020","27","1","2","0","0","10.35","Katakis"
"Doctor Who: City of the Daleks","8011","Doctor Who: City of the Daleks","49020","4740","113","1","25","0","0","10.34","Doctor Who: City of the Daleks"
"Wars and Warriors: Joan of Arc","8012","Wars and Warriors: Joan of Arc","19860","1920","111","1","7","0","0","10.34","Wars and Warriors: Joan of Arc"
"WWE","8013","WWE","137700","13320","293","3","63","0","0","10.34","WWE"
"Checkers","8014","Checkers","65700","6360","969","2","51","0","0","10.33","Checkers"
"Dragon Warrior Monsters 2","8015","Dragon Warrior Monsters 2","133200","12900","95","2","20","0","0","10.33","Dragon Warrior Monsters 2"
"Heroes of Annihilated Empires","8016","Heroes of Annihilated Empires","89280","8640","885","1","17","0","0","10.33","Heroes of Annihilated Empires"
"Tenhou","8017","Tenhou","292680","28320","369","3","74","0","0","10.33","Tenhou"
"Super Cosplay Wars Ultra","8018","Super Cosplay Wars Ultra","9300","900","52","1","4","0","0","10.33","Super Cosplay Wars Ultra"
"Pole Position 2012","8019","Pole Position 2012","1860","180","32","1","2","0","0","10.33","Pole Position 2012"
"Imagine: Champion Rider","8020","Imagine: Champion Rider","1860","180","16","1","1","0","0","10.33","Imagine: Champion Rider"
"Miner 2049er","8021","Miner 2049er","3720","360","26","1","3","0","0","10.33","Miner 2049er"
"Wolfman","8022","Wolfman","1860","180","13","1","1","0","0","10.33","Wolfman"
"Industry Empire","8023","Industry Empire","9300","900","51","1","4","0","0","10.33","Industry Empire"
"Robinson's Requiem","8024","Robinson's Requiem","3720","360","16","1","1","0","0","10.33","Robinson's Requiem"
"Jumpin' Derby","8025","Jumpin' Derby","1860","180","19","1","1","0","0","10.33","Jumpin' Derby"
"Fisher-Price: Perfect Fit","8026","Fisher-Price: Perfect Fit","11760","1140","102","1","5","0","0","10.32","Fisher-Price: Perfect Fit"
"5 Days a Stranger","8027","5 Days a Stranger","63780","6180","209","1","27","0","0","10.32","5 Days a Stranger"
"Mickey's Speedway USA","8028","Mickey's Speedway USA","45180","4380","129","1","12","0","0","10.32","Mickey's Speedway USA"
"Blackbay Asylum","8029","Blackbay Asylum","48900","4740","77","2","21","0","0","10.32","Blackbay Asylum"
"Mortal Kombat X Mobile","8030","Mortal Kombat X Mobile","166620","16140","189","2","52","0","0","10.32","Mortal Kombat X Mobile"
"Entwined","8031","Entwined","40260","3900","181","1","210","0","0","10.32","Entwined"
"Mini Metro","8032","Mini Metro","1197480","116100","1662","3","686","2","0","10.31","Mini Metro"
"Love Live! School Idol Festival","8033","Love Live! School Idol Festival","4107660","398280","332","9","492","7","0","10.31","Love Live! School Idol Festival"
"Prince of Persia 2: The Shadow & The Flame","8034","Prince of Persia 2: The Shadow & The Flame","42060","4080","101","1","17","0","0","10.31","Prince of Persia 2: The Shadow & The Flame"
"Life is Feudal: Forest Village","8035","Life is Feudal: Forest Village","1158000","112320","602","8","307","2","0","10.31","Life is Feudal: Forest Village"
"X-Men 2: Clone Wars","8036","X-Men 2: Clone Wars","48840","4740","206","1","21","0","0","10.3","X-Men 2: Clone Wars"
"Virtua Fighter 5 Final Showdown","8037","Virtua Fighter 5 Final Showdown","1072740","104100","655","4","115","2","0","10.3","Virtua Fighter 5 Final Showdown"
"Life is Feudal: Your Own","8038","Life is Feudal: Your Own","21698280","2107320","21117","34","2506","41","3","10.3","Life is Feudal: Your Own"
"Star Wars","8039","Star Wars","794040","77100","1460","4","798","1","0","10.3","Star Wars"
"Manga Collection","8040","Manga Collection","16680","1620","200","1","7","0","0","10.3","Manga Collection"
"Poöf vs The Cursed Kitty","8041","Poöf vs The Cursed Kitty","6180","600","50","1","4","0","0","10.3","Poöf vs The Cursed Kitty"
"There Was A Caveman","8042","There Was A Caveman","44460","4320","111","1","25","0","0","10.29","There Was A Caveman"
"Rayman Raving Rabbids","8043","Rayman Raving Rabbids","94500","9180","344","5","43","0","0","10.29","Rayman Raving Rabbids"
"Grow Home","8044","Grow Home","3037980","295200","5459","11","1947","5","0","10.29","Grow Home"
"King of Fighters R-2","8045","King of Fighters R-2","59880","5820","317","1","29","0","0","10.29","King of Fighters R-2"
"Master of Magic","8046","Master of Magic","91920","8940","61","1","21","0","0","10.28","Master of Magic"
"WhiteDay: a labyrinth named School","8047","WhiteDay: a labyrinth named School","62280","6060","175","2","17","0","0","10.28","WhiteDay: a labyrinth named School"
"The Settlers II: Veni, Vidi, Vici","8048","The Settlers II: Veni, Vidi, Vici","32040","3120","63","1","7","0","0","10.27","The Settlers II: Veni, Vidi, Vici"
"The Jackbox Party Pack","8049","The Jackbox Party Pack","11165520","1087500","6090","36","6366","21","2","10.27","The Jackbox Party Pack"
"E.X. Troopers","8050","E.X. Troopers","11700","1140","111","1","5","0","0","10.26","E.X. Troopers"
"Hurricane","8051","Hurricane","16620","1620","37","2","6","0","0","10.26","Hurricane"
"Umihara Kawase","8052","Umihara Kawase","166200","16200","129","2","55","0","0","10.26","Umihara Kawase"
"Spyro 2: Season of Flame","8053","Spyro 2: Season of Flame","20940","2040","76","1","8","0","0","10.26","Spyro 2: Season of Flame"
"Crash Bandicoot Purple: Ripto's Rampage","8054","Crash Bandicoot Purple: Ripto's Rampage","21540","2100","151","1","6","0","0","10.26","Crash Bandicoot Purple: Ripto's Rampage"
"Geo-Political Simulator","8055","Geo-Political Simulator","79920","7800","179","2","17","0","0","10.25","Geo-Political Simulator"
".hack//G.U. Vol. 3: Redemption","8056",".hack//G.U. Vol. 3: Redemption","403620","39360","175","2","30","0","0","10.25",".hack//G.U. Vol. 3: Redemption"
"Forget Me Not: Palette","8057","Forget Me Not: Palette","9840","960","19","1","1","0","0","10.25","Forget Me Not: Palette"
"Northmark: Hour of the Wolf","8058","Northmark: Hour of the Wolf","4920","480","21","1","1","0","0","10.25","Northmark: Hour of the Wolf"
"Mizzurna Falls","8059","Mizzurna Falls","2460","240","14","1","1","0","0","10.25","Mizzurna Falls"
"The Adventures of Willy Beamish","8060","The Adventures of Willy Beamish","14760","1440","178","1","6","0","0","10.25","The Adventures of Willy Beamish"
"Ratchet & Clank: All 4 One","8061","Ratchet & Clank: All 4 One","100260","9780","276","2","26","0","0","10.25","Ratchet & Clank: All 4 One"
"Wonder Tactics","8062","Wonder Tactics","46740","4560","95","2","16","0","0","10.25","Wonder Tactics"
"Tomb Raider: The Golden Mask","8063","Tomb Raider: The Golden Mask","46080","4500","40","1","10","0","0","10.24","Tomb Raider: The Golden Mask"
"Infestation: Survivor Stories","8064","Infestation: Survivor Stories","56852400","5552040","6806","75","4293","107","10","10.24","Infestation: Survivor Stories"
"Hatsune Miku: Project DIVA F","8065","Hatsune Miku: Project DIVA F","791040","77220","665","3","192","1","0","10.24","Hatsune Miku: Project DIVA F"
"Toy Soldiers: Complete","8066","Toy Soldiers: Complete","113640","11100","446","2","42","0","0","10.24","Toy Soldiers: Complete"
"Kenseiden","8067","Kenseiden","12900","1260","59","4","10","0","0","10.24","Kenseiden"
"Plants vs. Zombies Adventures","8068","Plants vs. Zombies Adventures","20280","1980","84","1","15","0","0","10.24","Plants vs. Zombies Adventures"
"Poker Night 2","8069","Poker Night 2","782400","76500","4511","3","447","1","0","10.23","Poker Night 2"
"Space Station Silicon Valley","8070","Space Station Silicon Valley","569400","55680","268","3","44","1","0","10.23","Space Station Silicon Valley"
"The Wonderful End of the World","8071","The Wonderful End of the World","42360","4140","164","1","17","0","0","10.23","The Wonderful End of the World"
"Bomberman '94","8072","Bomberman '94","57660","5640","73","2","23","0","0","10.22","Bomberman '94"
"Crash of the Titans","8073","Crash of the Titans","111600","10920","129","2","43","0","0","10.22","Crash of the Titans"
"7 Days to Die","8074","7 Days to Die","398397600","38974800","36862","950","65392","756","73","10.22","7 Days to Die"
"Pod","8075","Pod","11040","1080","34","1","9","0","0","10.22","Pod"
"Woodle Tree","8076","Woodle Tree","42300","4140","104","2","33","0","0","10.22","Woodle Tree"
"Magical Tetris Challenge","8077","Magical Tetris Challenge","47220","4620","350","2","18","0","0","10.22","Magical Tetris Challenge"
"Henry Hatsworth in the Puzzling Adventure","8078","Henry Hatsworth in the Puzzling Adventure","14100","1380","21","1","3","0","0","10.22","Henry Hatsworth in the Puzzling Adventure"
"Scooby-Doo and the Cyber Chase","8079","Scooby-Doo and the Cyber Chase","97440","9540","141","2","27","0","0","10.21","Scooby-Doo and the Cyber Chase"
"Cabela's Dangerous Hunts 2013","8080","Cabela's Dangerous Hunts 2013","11640","1140","81","1","8","0","0","10.21","Cabela's Dangerous Hunts 2013"
"Side Pocket","8081","Side Pocket","45960","4500","107","2","11","0","0","10.21","Side Pocket"
"City of the Shroud","8082","City of the Shroud","17760","1740","38","1","8","0","0","10.21","City of the Shroud"
"Aion","8083","Aion","33313680","3267360","4712","27","2718","63","6","10.2","Aion"
"Conception II: Children of the Seven Stars","8084","Conception II: Children of the Seven Stars","558720","54780","1453","8","157","1","0","10.2","Conception II: Children of the Seven Stars"
"Brave Soul","8085","Brave Soul","55080","5400","116","2","9","0","0","10.2","Brave Soul"
"YOLO Life: The Beggining","8086","YOLO Life: The Beggining","15300","1500","60","1","7","0","0","10.2","YOLO Life: The Beggining"
"Caliber Fifty","8087","Caliber Fifty","3060","300","13","1","1","0","0","10.2","Caliber Fifty"
"Shadow Blade: Reload","8088","Shadow Blade: Reload","111960","10980","266","2","54","0","0","10.2","Shadow Blade: Reload"
"Chantelise","8089","Chantelise","240900","23640","541","2","65","0","0","10.19","Chantelise"
"Kimchi-Man","8090","Kimchi-Man","35460","3480","673","1","2","0","0","10.19","Kimchi-Man"
"Guardians","8091","Guardians","9780","960","52","1","3","0","0","10.19","Guardians"
"Dance of Death","8092","Dance of Death","21960","2160","39","2","9","0","0","10.17","Dance of Death"
"Chris Sawyer's Locomotion","8093","Chris Sawyer's Locomotion","14640","1440","43","1","9","0","0","10.17","Chris Sawyer's Locomotion"
"The Dog Island","8094","The Dog Island","116580","11460","82","1","13","0","0","10.17","The Dog Island"
"Dance Dance Revolution ULTRAMIX 4","8095","Dance Dance Revolution ULTRAMIX 4","7320","720","22","1","4","0","0","10.17","Dance Dance Revolution ULTRAMIX 4"
"Dragon Ball Z: Super Butoden 2","8096","Dragon Ball Z: Super Butoden 2","7320","720","49","1","6","0","0","10.17","Dragon Ball Z: Super Butoden 2"
"Whirlo","8097","Whirlo","49440","4860","99","3","11","0","0","10.17","Whirlo"
"Ready 2 Rumble Boxing","8098","Ready 2 Rumble Boxing","17700","1740","224","1","12","0","0","10.17","Ready 2 Rumble Boxing"
"DreamWeb","8099","DreamWeb","25020","2460","42","1","6","0","0","10.17","DreamWeb"
"Sega GT 2002","8100","Sega GT 2002","15240","1500","109","2","8","0","0","10.16","Sega GT 2002"