"","","Game","Watch time","Stream time","Peak viewers","Peak channels","Streamers","Average viewers","Average channels","Average viewer ratio",""
"Tribal Rage","3701","Tribal Rage","3960","120","61","1","1","0","0","33","Tribal Rage"
"Wicked","3702","Wicked","3960","120","63","1","2","0","0","33","Wicked"
"The Rabbit and The Owl","3703","The Rabbit and The Owl","1980","60","37","1","1","0","0","33","The Rabbit and The Owl"
"Gradius II","3704","Gradius II","251340","7620","594","2","27","0","0","32.98","Gradius II"
"Lovers in a Dangerous Spacetime","3705","Lovers in a Dangerous Spacetime","4966800","150660","23815","11","747","9","0","32.97","Lovers in a Dangerous Spacetime"
"Frogger: Ancient Shadow","3706","Frogger: Ancient Shadow","179880","5460","125","2","4","0","0","32.95","Frogger: Ancient Shadow"
"Professor Layton and the Curious Village","3707","Professor Layton and the Curious Village","1878240","57000","2087","2","122","3","0","32.95","Professor Layton and the Curious Village"
"Conquests of Camelot: The Search for the Grail","3708","Conquests of Camelot: The Search for the Grail","35580","1080","57","1","2","0","0","32.94","Conquests of Camelot: The Search for the Grail"
"Touch Detective 2 1/2","3709","Touch Detective 2 1/2","57300","1740","69","1","3","0","0","32.93","Touch Detective 2 1/2"
"Wizards & Warriors","3710","Wizards & Warriors","391140","11880","351","2","48","0","0","32.92","Wizards & Warriors"
"RIVE: The Metal Wrecking, Robot Hacking Shooter","3711","RIVE: The Metal Wrecking, Robot Hacking Shooter","45420","1380","2682","1","11","0","0","32.91","RIVE: The Metal Wrecking, Robot Hacking Shooter"
"Serious Sam VR: The Last Hope","3712","Serious Sam VR: The Last Hope","246660","7500","1959","3","50","0","0","32.89","Serious Sam VR: The Last Hope"
"Sly 3: Honor Among Thieves","3713","Sly 3: Honor Among Thieves","3215280","97860","2694","4","140","6","0","32.86","Sly 3: Honor Among Thieves"
"Pokémon Ranger: Shadows of Almia","3714","Pokémon Ranger: Shadows of Almia","283800","8640","1721","2","23","0","0","32.85","Pokémon Ranger: Shadows of Almia"
"Adventures of Mana","3715","Adventures of Mana","387660","11820","701","2","21","0","0","32.8","Adventures of Mana"
"Star Control II","3716","Star Control II","904860","27600","1850","3","61","1","0","32.78","Star Control II"
"Darkwood","3717","Darkwood","3284100","100260","2212","4","280","6","0","32.76","Darkwood"
"The Adventures of Batman and Robin","3718","The Adventures of Batman and Robin","463800","14160","1725","2","62","0","0","32.75","The Adventures of Batman and Robin"
"Yu-Gi-Oh! GX: The Beginning of Destiny","3719","Yu-Gi-Oh! GX: The Beginning of Destiny","406800","12420","137","3","19","0","0","32.75","Yu-Gi-Oh! GX: The Beginning of Destiny"
"Lost Constellation","3720","Lost Constellation","90360","2760","350","1","20","0","0","32.74","Lost Constellation"
"Audioshield","3721","Audioshield","3760440","114900","9449","5","432","7","0","32.73","Audioshield"
"Birthday Party Bash","3722","Birthday Party Bash","51000","1560","147","1","9","0","0","32.69","Birthday Party Bash"
"Just Dance 2","3723","Just Dance 2","133320","4080","569","2","32","0","0","32.68","Just Dance 2"
"Shox","3724","Shox","11760","360","105","1","1","0","0","32.67","Shox"
"Winx Club: Mission Enchantix","3725","Winx Club: Mission Enchantix","5880","180","45","1","1","0","0","32.67","Winx Club: Mission Enchantix"
"ONRAID","3726","ONRAID","23520","720","184","1","7","0","0","32.67","ONRAID"
"Spyro the Dragon","3727","Spyro the Dragon","19799880","606300","168648","22","1160","37","1","32.66","Spyro the Dragon"
"TwinBee","3728","TwinBee","94020","2880","666","1","11","0","0","32.65","TwinBee"
"HunieCam Studio","3729","HunieCam Studio","99900","3060","667","9","35","0","0","32.65","HunieCam Studio"
"Harvest Moon: Animal Parade","3730","Harvest Moon: Animal Parade","830100","25440","446","2","32","1","0","32.63","Harvest Moon: Animal Parade"
"Cartoon Network Block Party","3731","Cartoon Network Block Party","9780","300","83","1","2","0","0","32.6","Cartoon Network Block Party"
"DJMAX Technika Q","3732","DJMAX Technika Q","31260","960","182","1","7","0","0","32.56","DJMAX Technika Q"
"DayZ","3733","DayZ","1321788660","40595280","41315","280","36440","2508","77","32.56","DayZ"
"Farming Simulator 2013","3734","Farming Simulator 2013","2758080","84780","23079","4","350","5","0","32.53","Farming Simulator 2013"
"HITMAN","3735","HITMAN","163798320","5035020","56534","183","20361","310","9","32.53","HITMAN"
"Train Sim World: CSX Heavy Haul","3736","Train Sim World: CSX Heavy Haul","206880","6360","489","11","34","0","0","32.53","Train Sim World: CSX Heavy Haul"
"Hidden: Source","3737","Hidden: Source","696300","21420","2739","2","131","1","0","32.51","Hidden: Source"
"Pathology","3738","Pathology","7800","240","48","1","1","0","0","32.5","Pathology"
"The AssKickers","3739","The AssKickers","3900","120","65","1","2","0","0","32.5","The AssKickers"
"Master of Orion","3740","Master of Orion","13307220","409740","5383","33","883","25","0","32.48","Master of Orion"
"Beggar Prince","3741","Beggar Prince","46740","1440","704","1","2","0","0","32.46","Beggar Prince"
"Lineage II","3742","Lineage II","514150080","15842880","26042","108","8082","975","30","32.45","Lineage II"
"S.C.A.R.S.","3743","S.C.A.R.S.","17520","540","203","1","3","0","0","32.44","S.C.A.R.S."
"Resident Evil 2","3744","Resident Evil 2","91440","2820","749","2","17","0","0","32.43","Resident Evil 2"
"Harry Potter and the Philosopher's Stone","3745","Harry Potter and the Philosopher's Stone","8014440","247200","4864","10","616","15","0","32.42","Harry Potter and the Philosopher's Stone"
"The Darkness II","3746","The Darkness II","6640800","204960","11855","10","896","12","0","32.4","The Darkness II"
"Monkey Poo","3747","Monkey Poo","9720","300","87","1","2","0","0","32.4","Monkey Poo"
"Earthdawn","3748","Earthdawn","15540","480","61","1","2","0","0","32.38","Earthdawn"
"I Wanna Be The Guy","3749","I Wanna Be The Guy","92771940","2866560","10949","29","1308","176","5","32.36","I Wanna Be The Guy"
"Grand Theft Auto III","3750","Grand Theft Auto III","22936920","709140","142392","22","1970","43","1","32.34","Grand Theft Auto III"
"Return to Castle Wolfenstein","3751","Return to Castle Wolfenstein","4283040","132540","3253","4","433","8","0","32.32","Return to Castle Wolfenstein"
"Just Dance 2014","3752","Just Dance 2014","1112460","34500","2655","3","254","2","0","32.25","Just Dance 2014"
"IndieGameStand","3753","IndieGameStand","1476540","45780","4378","3","219","2","0","32.25","IndieGameStand"
"Hello Kitty to McDonald de Asobo!","3754","Hello Kitty to McDonald de Asobo!","50280","1560","247","1","7","0","0","32.23","Hello Kitty to McDonald de Asobo!"
"The Typing of the Dead","3755","The Typing of the Dead","431160","13380","3250","3","62","0","0","32.22","The Typing of the Dead"
"Baby & Me","3756","Baby & Me","19320","600","126","1","4","0","0","32.2","Baby & Me"
"Clu Clu Land","3757","Clu Clu Land","44400","1380","582","1","10","0","0","32.17","Clu Clu Land"
"Quadrant","3758","Quadrant","351300","10920","443","1","43","0","0","32.17","Quadrant"
"Final Fantasy Mystic Quest","3759","Final Fantasy Mystic Quest","4705080","146280","4029","5","234","8","0","32.16","Final Fantasy Mystic Quest"
"The Walking Dead: Season 3","3760","The Walking Dead: Season 3","50160","1560","187","1","8","0","0","32.15","The Walking Dead: Season 3"
"Wolfenstein: The Old Blood","3761","Wolfenstein: The Old Blood","14111160","439320","98936","11","3236","26","0","32.12","Wolfenstein: The Old Blood"
"Bullet Soul","3762","Bullet Soul","17340","540","141","2","3","0","0","32.11","Bullet Soul"
"Crash Bash","3763","Crash Bash","5847180","182160","1124","13","376","11","0","32.1","Crash Bash"
"Torment: Tides Of Numenera","3764","Torment: Tides Of Numenera","846780","26400","8390","3","99","1","0","32.08","Torment: Tides Of Numenera"
"Army of Two: The 40th Day","3765","Army of Two: The 40th Day","94320","2940","717","1","14","0","0","32.08","Army of Two: The 40th Day"
"Seasons After Fall","3766","Seasons After Fall","4448400","138720","5277","18","577","8","0","32.07","Seasons After Fall"
"Super Godzilla","3767","Super Godzilla","94260","2940","1223","1","14","0","0","32.06","Super Godzilla"
"Horse Life","3768","Horse Life","32700","1020","281","1","8","0","0","32.06","Horse Life"
"Mr. Nutz","3769","Mr. Nutz","317340","9900","1053","2","25","0","0","32.05","Mr. Nutz"
"Imagine Master Chef","3770","Imagine Master Chef","55740","1740","124","1","5","0","0","32.03","Imagine Master Chef"
"Theme Hospital","3771","Theme Hospital","3992580","124680","4361","4","348","7","0","32.02","Theme Hospital"
"Harry Potter and the Goblet of Fire","3772","Harry Potter and the Goblet of Fire","992520","31020","758","2","86","1","0","32","Harry Potter and the Goblet of Fire"
"Kero Kero 7","3773","Kero Kero 7","1920","60","32","1","0","0","0","32","Kero Kero 7"
"Little Britain: The Video Game","3774","Little Britain: The Video Game","3840","120","37","1","1","0","0","32","Little Britain: The Video Game"
"Xevious 3D/G","3775","Xevious 3D/G","1920","60","33","1","1","0","0","32","Xevious 3D/G"
"Pooyan","3776","Pooyan","36480","1140","480","1","5","0","0","32","Pooyan"
"You Don't Know Jack: 5th Dementia","3777","You Don't Know Jack: 5th Dementia","5760","180","89","1","2","0","0","32","You Don't Know Jack: 5th Dementia"
"Realms of the Haunting","3778","Realms of the Haunting","641100","20040","2735","1","50","1","0","31.99","Realms of the Haunting"
"Street Fighter II: The World Warrior","3779","Street Fighter II: The World Warrior","2328060","72840","9559","3","217","4","0","31.96","Street Fighter II: The World Warrior"
"Super Monkey Ball 2","3780","Super Monkey Ball 2","6059760","189600","2113","5","371","11","0","31.96","Super Monkey Ball 2"
"Star Wars: TIE Fighter","3781","Star Wars: TIE Fighter","798840","25020","3731","3","53","1","0","31.93","Star Wars: TIE Fighter"
"YuYu Hakusho: Dark Tournament","3782","YuYu Hakusho: Dark Tournament","24900","780","450","1","5","0","0","31.92","YuYu Hakusho: Dark Tournament"
"Rex Rocket","3783","Rex Rocket","162780","5100","407","3","20","0","0","31.92","Rex Rocket"
"John Woo presents Stranglehold","3784","John Woo presents Stranglehold","239400","7500","559","1","22","0","0","31.92","John Woo presents Stranglehold"
"Stash","3785","Stash","24900","780","115","1","5","0","0","31.92","Stash"
"Metal Gear Solid: The Legacy Collection 1987-2012","3786","Metal Gear Solid: The Legacy Collection 1987-2012","291000","9120","843","1","19","0","0","31.91","Metal Gear Solid: The Legacy Collection 1987-2012"
"Paint the Town Red","3787","Paint the Town Red","3154500","98940","18025","5","578","5","0","31.88","Paint the Town Red"
"Decay - Part 3","3788","Decay - Part 3","30600","960","225","1","6","0","0","31.88","Decay - Part 3"
"Robinson: The Journey","3789","Robinson: The Journey","2220720","69660","10743","12","446","4","0","31.88","Robinson: The Journey"
"DISTRAINT","3790","DISTRAINT","967740","30360","2118","3","160","1","0","31.88","DISTRAINT"
"Hero's Song","3791","Hero's Song","1612920","50640","7118","17","135","3","0","31.85","Hero's Song"
"Assault Fire","3792","Assault Fire","64980","2040","207","1","5","0","0","31.85","Assault Fire"
"Prison Tycoon 4: SuperMax","3793","Prison Tycoon 4: SuperMax","21000","660","228","1","5","0","0","31.82","Prison Tycoon 4: SuperMax"
"Pocket Kingdom: Own the World","3794","Pocket Kingdom: Own the World","30540","960","78","1","3","0","0","31.81","Pocket Kingdom: Own the World"
"Wizards & Warriors III: Kuros: Visions of Power","3795","Wizards & Warriors III: Kuros: Visions of Power","97260","3060","400","1","13","0","0","31.78","Wizards & Warriors III: Kuros: Visions of Power"
"Ghost Trick: Phantom Detective","3796","Ghost Trick: Phantom Detective","1805940","56820","1512","4","96","3","0","31.78","Ghost Trick: Phantom Detective"
"Mega Man Maverick Hunter X","3797","Mega Man Maverick Hunter X","806160","25380","1217","2","65","1","0","31.76","Mega Man Maverick Hunter X"
"SimCity 4: Rush Hour","3798","SimCity 4: Rush Hour","476400","15000","5467","2","53","0","0","31.76","SimCity 4: Rush Hour"
"Quantum Break","3799","Quantum Break","91859100","2893320","63330","433","10821","174","5","31.75","Quantum Break"
"March of the Living","3800","March of the Living","586740","18480","1396","4","103","1","0","31.75","March of the Living"