"","","Game","Watch time","Stream time","Peak viewers","Peak channels","Streamers","Average viewers","Average channels","Average viewer ratio",""
"Dancing Stage Universe 2","13001","Dancing Stage Universe 2","1020","240","9","1","2","0","0","4.25","Dancing Stage Universe 2"
"Jagged Alliance 2: Wildfire","13002","Jagged Alliance 2: Wildfire","7140","1680","26","1","6","0","0","4.25","Jagged Alliance 2: Wildfire"
"Lair","13003","Lair","3060","720","18","1","5","0","0","4.25","Lair"
"Wildlife Zoo","13004","Wildlife Zoo","3060","720","10","1","6","0","0","4.25","Wildlife Zoo"
"Dead Mountaineer's Hotel","13005","Dead Mountaineer's Hotel","4080","960","9","1","1","0","0","4.25","Dead Mountaineer's Hotel"
"The Sea Will Claim Everything","13006","The Sea Will Claim Everything","4080","960","14","1","2","0","0","4.25","The Sea Will Claim Everything"
"Star Trek: Klingon","13007","Star Trek: Klingon","1020","240","13","1","2","0","0","4.25","Star Trek: Klingon"
"Magical Eyes: Red is for Anguish","13008","Magical Eyes: Red is for Anguish","1020","240","6","1","1","0","0","4.25","Magical Eyes: Red is for Anguish"
"Cubixx HD","13009","Cubixx HD","1020","240","10","1","3","0","0","4.25","Cubixx HD"
"Dino Eggs","13010","Dino Eggs","2040","480","18","1","2","0","0","4.25","Dino Eggs"
"Infinity Blade II","13011","Infinity Blade II","1020","240","9","1","1","0","0","4.25","Infinity Blade II"
"Starlink","13012","Starlink","1020","240","8","1","1","0","0","4.25","Starlink"
"Stryx","13013","Stryx","2040","480","21","1","3","0","0","4.25","Stryx"
"Ben Jordan Case 7: The Cardinal Sins","13014","Ben Jordan Case 7: The Cardinal Sins","1020","240","6","1","1","0","0","4.25","Ben Jordan Case 7: The Cardinal Sins"
"Ultimate Race Pro","13015","Ultimate Race Pro","2040","480","17","1","3","0","0","4.25","Ultimate Race Pro"
"Mysteryville 2","13016","Mysteryville 2","1020","240","9","1","2","0","0","4.25","Mysteryville 2"
"Planes: Fire & Rescue","13017","Planes: Fire & Rescue","1020","240","10","1","3","0","0","4.25","Planes: Fire & Rescue"
"Thinkin' Things Collection 3","13018","Thinkin' Things Collection 3","1020","240","8","1","1","0","0","4.25","Thinkin' Things Collection 3"
"Sketchcross","13019","Sketchcross","1020","240","8","1","1","0","0","4.25","Sketchcross"
"Worms: A Space Oddity","13020","Worms: A Space Oddity","1020","240","10","1","1","0","0","4.25","Worms: A Space Oddity"
"Brother Adventure","13021","Brother Adventure","1020","240","8","1","1","0","0","4.25","Brother Adventure"
"Lifeline 2","13022","Lifeline 2","1020","240","6","1","1","0","0","4.25","Lifeline 2"
"Oz: Broken Kingdom","13023","Oz: Broken Kingdom","26220","6180","50","1","11","0","0","4.24","Oz: Broken Kingdom"
"Pray for Death","13024","Pray for Death","12960","3060","12","1","1","0","0","4.24","Pray for Death"
"Yu-Gi-Oh! World Championship Tournament 2004","13025","Yu-Gi-Oh! World Championship Tournament 2004","9420","2220","30","1","7","0","0","4.24","Yu-Gi-Oh! World Championship Tournament 2004"
"Ooga Booga","13026","Ooga Booga","5340","1260","12","1","3","0","0","4.24","Ooga Booga"
"No Man's Land","13027","No Man's Land","7380","1740","57","1","10","0","0","4.24","No Man's Land"
"Fearless Fantasy","13028","Fearless Fantasy","8640","2040","19","1","8","0","0","4.24","Fearless Fantasy"
"Sanctum","13029","Sanctum","94980","22380","142","2","104","0","0","4.24","Sanctum"
"ERIE","13030","ERIE","23400","5520","74","2","52","0","0","4.24","ERIE"
"WWE SmackDown! vs. RAW","13031","WWE SmackDown! vs. RAW","25440","6000","86","2","23","0","0","4.24","WWE SmackDown! vs. RAW"
"Ninja: Shadow of Darkness","13032","Ninja: Shadow of Darkness","6360","1500","14","1","6","0","0","4.24","Ninja: Shadow of Darkness"
"Teenage Mutant Ninja Turtles: Arcade Attack","13033","Teenage Mutant Ninja Turtles: Arcade Attack","9660","2280","55","1","16","0","0","4.24","Teenage Mutant Ninja Turtles: Arcade Attack"
"The Hobbit","13034","The Hobbit","124380","29340","172","2","61","0","0","4.24","The Hobbit"
"RollerCoaster Tycoon: Corkscrew Follies","13035","RollerCoaster Tycoon: Corkscrew Follies","5340","1260","19","1","3","0","0","4.24","RollerCoaster Tycoon: Corkscrew Follies"
"Shining Force III","13036","Shining Force III","145560","34440","241","2","34","0","0","4.23","Shining Force III"
"Fist of Jesus: The Bloody Gospel of Judas","13037","Fist of Jesus: The Bloody Gospel of Judas","31200","7380","35","2","46","0","0","4.23","Fist of Jesus: The Bloody Gospel of Judas"
"U.N. Squadron","13038","U.N. Squadron","90780","21480","155","2","74","0","0","4.23","U.N. Squadron"
"6 Days a Sacrifice","13039","6 Days a Sacrifice","7860","1860","13","1","5","0","0","4.23","6 Days a Sacrifice"
"Neverball","13040","Neverball","7620","1800","36","5","8","0","0","4.23","Neverball"
"Temple Run","13041","Temple Run","5580","1320","89","1","10","0","0","4.23","Temple Run"
"Sonic Blast Man","13042","Sonic Blast Man","14220","3360","13","1","6","0","0","4.23","Sonic Blast Man"
"Warhammer 40,000: Fire Warrior","13043","Warhammer 40,000: Fire Warrior","10140","2400","26","1","12","0","0","4.23","Warhammer 40,000: Fire Warrior"
"Hit the Ice","13044","Hit the Ice","3300","780","9","1","4","0","0","4.23","Hit the Ice"
"Sengoku Basara X","13045","Sengoku Basara X","4560","1080","27","1","4","0","0","4.22","Sengoku Basara X"
"Simple Spy","13046","Simple Spy","4560","1080","32","1","4","0","0","4.22","Simple Spy"
"Music 3000","13047","Music 3000","2280","540","12","1","3","0","0","4.22","Music 3000"
"Puyo Puyo!! 20th Anniversary","13048","Puyo Puyo!! 20th Anniversary","28380","6720","28","1","16","0","0","4.22","Puyo Puyo!! 20th Anniversary"
"Assassin's Creed Syndicate","13049","Assassin's Creed Syndicate","17741040","4201020","5068","37","23125","33","7","4.22","Assassin's Creed Syndicate"
"Osman","13050","Osman","4560","1080","16","1","5","0","0","4.22","Osman"
"The Mystery of the Druids","13051","The Mystery of the Druids","6840","1620","26","1","6","0","0","4.22","The Mystery of the Druids"
"Donkey Kong 3","13052","Donkey Kong 3","15180","3600","82","1","15","0","0","4.22","Donkey Kong 3"
"Zenzizenzic","13053","Zenzizenzic","4560","1080","52","1","7","0","0","4.22","Zenzizenzic"
"How to Survive","13054","How to Survive","1485900","352140","2210","7","1940","2","0","4.22","How to Survive"
"Assassin's Creed III","13055","Assassin's Creed III","3701100","877800","4006","59","3911","7","1","4.22","Assassin's Creed III"
"Left 4 Dead","13056","Left 4 Dead","2554260","606900","1624","13","2711","4","1","4.21","Left 4 Dead"
"Dead Pixels: An 8-Bit Zombie Sim","13057","Dead Pixels: An 8-Bit Zombie Sim","71940","17100","208","2","100","0","0","4.21","Dead Pixels: An 8-Bit Zombie Sim"
"Touhou 14 - Double Dealing Character","13058","Touhou 14 - Double Dealing Character","76500","18180","269","2","103","0","0","4.21","Touhou 14 - Double Dealing Character"
"Memoria","13059","Memoria","104640","24840","184","2","80","0","0","4.21","Memoria"
"Real Bout Fatal Fury 2: The Newcomers","13060","Real Bout Fatal Fury 2: The Newcomers","25020","5940","30","2","16","0","0","4.21","Real Bout Fatal Fury 2: The Newcomers"
"El Viento","13061","El Viento","3540","840","39","1","3","0","0","4.21","El Viento"
"Monuments of Mars","13062","Monuments of Mars","3540","840","14","1","4","0","0","4.21","Monuments of Mars"
"Great Greed","13063","Great Greed","3540","840","8","1","2","0","0","4.21","Great Greed"
"Love Live! School Idol Paradise","13064","Love Live! School Idol Paradise","28320","6720","28","1","7","0","0","4.21","Love Live! School Idol Paradise"
"Oddworld: Adventures","13065","Oddworld: Adventures","7080","1680","13","1","2","0","0","4.21","Oddworld: Adventures"
"Joe Dever's Lone Wolf HD Remastered","13066","Joe Dever's Lone Wolf HD Remastered","15900","3780","19","2","16","0","0","4.21","Joe Dever's Lone Wolf HD Remastered"
"Tenchu: Return from Darkness","13067","Tenchu: Return from Darkness","3540","840","10","1","4","0","0","4.21","Tenchu: Return from Darkness"
"Venus & Braves: Majo to Megami to Horobi no Yogen","13068","Venus & Braves: Majo to Megami to Horobi no Yogen","3540","840","10","1","2","0","0","4.21","Venus & Braves: Majo to Megami to Horobi no Yogen"
"Karate Joe","13069","Karate Joe","1260","300","7","1","3","0","0","4.2","Karate Joe"
"Diabolik Lovers More Blood","13070","Diabolik Lovers More Blood","1260","300","8","1","2","0","0","4.2","Diabolik Lovers More Blood"
"Jetpack Cat","13071","Jetpack Cat","1260","300","9","1","1","0","0","4.2","Jetpack Cat"
"Startup Company","13072","Startup Company","3780","900","15","1","2","0","0","4.2","Startup Company"
"AFL Live 2004","13073","AFL Live 2004","1260","300","10","1","2","0","0","4.2","AFL Live 2004"
"Katekyo Hitman Reborn! Kizuna no Tag Battle","13074","Katekyo Hitman Reborn! Kizuna no Tag Battle","1260","300","7","1","2","0","0","4.2","Katekyo Hitman Reborn! Kizuna no Tag Battle"
"Swapnote","13075","Swapnote","2520","600","8","1","1","0","0","4.2","Swapnote"
"The Lake House: Children of Silence","13076","The Lake House: Children of Silence","1260","300","9","1","1","0","0","4.2","The Lake House: Children of Silence"
"Strategery","13077","Strategery","1260","300","10","1","1","0","0","4.2","Strategery"
"The Great Fusion","13078","The Great Fusion","2520","600","9","1","2","0","0","4.2","The Great Fusion"
"Sisyphus Reborn","13079","Sisyphus Reborn","1260","300","10","2","1","0","0","4.2","Sisyphus Reborn"
"Where's Waldo?: The Fantastic Journey","13080","Where's Waldo?: The Fantastic Journey","1260","300","8","1","2","0","0","4.2","Where's Waldo?: The Fantastic Journey"
"Echo of the Wilds","13081","Echo of the Wilds","21180","5040","262","1","20","0","0","4.2","Echo of the Wilds"
"Enemy","13082","Enemy","1260","300","6","1","2","0","0","4.2","Enemy"
"Terrors","13083","Terrors","2520","600","10","1","5","0","0","4.2","Terrors"
"Disney Princess Enchanted Learning","13084","Disney Princess Enchanted Learning","1260","300","12","1","1","0","0","4.2","Disney Princess Enchanted Learning"
"Captain Bible in the Dome of Darkness","13085","Captain Bible in the Dome of Darkness","1260","300","6","1","1","0","0","4.2","Captain Bible in the Dome of Darkness"
"Peek-A-Boo Poker","13086","Peek-A-Boo Poker","1260","300","11","1","2","0","0","4.2","Peek-A-Boo Poker"
"Naval Warfare","13087","Naval Warfare","3780","900","11","1","2","0","0","4.2","Naval Warfare"
"Shufflepuck Cafe","13088","Shufflepuck Cafe","3780","900","18","1","5","0","0","4.2","Shufflepuck Cafe"
"Festival","13089","Festival","2520","600","9","1","2","0","0","4.2","Festival"
"Neutopia II","13090","Neutopia II","16380","3900","20","1","5","0","0","4.2","Neutopia II"
"140","13091","140","304020","72300","372","5","217","0","0","4.2","140"
"Diablo III","13092","Diablo III","9604020","2286540","19030","86","9931","18","4","4.2","Diablo III"
"Blade Symphony","13093","Blade Symphony","107580","25620","202","3","129","0","0","4.2","Blade Symphony"
"FreeStyle 2 Online","13094","FreeStyle 2 Online","139080","33120","271","2","88","0","0","4.2","FreeStyle 2 Online"
"Ty the Tasmanian Tiger 2: Bush Rescue","13095","Ty the Tasmanian Tiger 2: Bush Rescue","61020","14580","28","2","31","0","0","4.19","Ty the Tasmanian Tiger 2: Bush Rescue"
"Europa Universalis","13096","Europa Universalis","5280","1260","43","1","6","0","0","4.19","Europa Universalis"
"NFL Blitz","13097","NFL Blitz","34980","8340","79","2","47","0","0","4.19","NFL Blitz"
"The Lord of the Rings: The Third Age","13098","The Lord of the Rings: The Third Age","174360","41640","83","4","84","0","0","4.19","The Lord of the Rings: The Third Age"
"The King of Fighters XI","13099","The King of Fighters XI","35160","8400","19","2","24","0","0","4.19","The King of Fighters XI"
"Jack The Ripper","13100","Jack The Ripper","4020","960","8","1","3","0","0","4.19","Jack The Ripper"