"","","Game","Watch time","Stream time","Peak viewers","Peak channels","Streamers","Average viewers","Average channels","Average viewer ratio",""
"AquaLife","11501","AquaLife","4560","840","33","1","2","0","0","5.43","AquaLife"
"Fly Harder","11502","Fly Harder","2280","420","10","1","2","0","0","5.43","Fly Harder"
"Arthur's Absolutely Fun Day!","11503","Arthur's Absolutely Fun Day!","2280","420","10","1","3","0","0","5.43","Arthur's Absolutely Fun Day!"
"Disposable Heroes","11504","Disposable Heroes","2280","420","12","1","2","0","0","5.43","Disposable Heroes"
"We Know the Devil","11505","We Know the Devil","34560","6360","31","2","38","0","0","5.43","We Know the Devil"
"Battle Flip Shot","11506","Battle Flip Shot","2280","420","13","1","2","0","0","5.43","Battle Flip Shot"
"Funball","11507","Funball","2280","420","12","1","2","0","0","5.43","Funball"
"Room of 1000 Snakes","11508","Room of 1000 Snakes","2280","420","23","1","2","0","0","5.43","Room of 1000 Snakes"
"Zanzarah: The Hidden Portal","11509","Zanzarah: The Hidden Portal","170760","31440","821","2","38","0","0","5.43","Zanzarah: The Hidden Portal"
"Monument Valley","11510","Monument Valley","42060","7740","130","2","36","0","0","5.43","Monument Valley"
"Alley Cat","11511","Alley Cat","4560","840","22","1","4","0","0","5.43","Alley Cat"
"The Bouncer","11512","The Bouncer","68400","12600","338","2","64","0","0","5.43","The Bouncer"
"Icewind Dale: Enhanced Edition","11513","Icewind Dale: Enhanced Edition","392580","72360","312","3","139","0","0","5.43","Icewind Dale: Enhanced Edition"
"Distance","11514","Distance","918120","169260","1596","5","827","1","0","5.42","Distance"
"Opoona","11515","Opoona","3900","720","23","1","4","0","0","5.42","Opoona"
"Imperia Online","11516","Imperia Online","8760","1620","108","1","9","0","0","5.41","Imperia Online"
"MicroMan's Crazy Computers","11517","MicroMan's Crazy Computers","5520","1020","16","1","3","0","0","5.41","MicroMan's Crazy Computers"
"Dungeons & Dragons Online","11518","Dungeons & Dragons Online","3121920","577380","385","7","609","5","1","5.41","Dungeons & Dragons Online"
"Total War: Shogun 2: Fall of the Samurai","11519","Total War: Shogun 2: Fall of the Samurai","403020","74460","327","4","199","0","0","5.41","Total War: Shogun 2: Fall of the Samurai"
"Audition Online","11520","Audition Online","408060","75360","760","5","244","0","0","5.41","Audition Online"
"Mario Bros. II","11521","Mario Bros. II","72360","13380","222","4","52","0","0","5.41","Mario Bros. II"
"Naruto: Clash of Ninja Revolution 2","11522","Naruto: Clash of Ninja Revolution 2","5520","1020","40","1","8","0","0","5.41","Naruto: Clash of Ninja Revolution 2"
"Deliverance","11523","Deliverance","5520","1020","19","1","9","0","0","5.41","Deliverance"
"Zwift","11524","Zwift","717540","132720","97","6","91","1","0","5.41","Zwift"
"Romancing SaGa 2","11525","Romancing SaGa 2","80340","14880","42","2","15","0","0","5.4","Romancing SaGa 2"
"The Arrival","11526","The Arrival","1620","300","14","1","3","0","0","5.4","The Arrival"
"Mike Tyson's Intergalactic Power Punch","11527","Mike Tyson's Intergalactic Power Punch","1620","300","13","1","2","0","0","5.4","Mike Tyson's Intergalactic Power Punch"
"NHL 2K7","11528","NHL 2K7","1620","300","11","1","2","0","0","5.4","NHL 2K7"
"Madballs in... Babo: Invasion","11529","Madballs in... Babo: Invasion","1620","300","9","1","2","0","0","5.4","Madballs in... Babo: Invasion"
"Backyard Wrestling 2: There Goes the Neighborhood","11530","Backyard Wrestling 2: There Goes the Neighborhood","1620","300","22","1","3","0","0","5.4","Backyard Wrestling 2: There Goes the Neighborhood"
"The Adventures of Shuggy","11531","The Adventures of Shuggy","1620","300","23","1","3","0","0","5.4","The Adventures of Shuggy"
"The Powerpuff Girls: Mojo Jojo A-Go-Go","11532","The Powerpuff Girls: Mojo Jojo A-Go-Go","3240","600","15","1","3","0","0","5.4","The Powerpuff Girls: Mojo Jojo A-Go-Go"
"Super Mario Bros. Special","11533","Super Mario Bros. Special","33060","6120","177","1","26","0","0","5.4","Super Mario Bros. Special"
"Mario & Sonic at the Olympic Winter Games","11534","Mario & Sonic at the Olympic Winter Games","38880","7200","81","2","25","0","0","5.4","Mario & Sonic at the Olympic Winter Games"
"Dora the Explorer: Animal Adventures","11535","Dora the Explorer: Animal Adventures","3240","600","21","1","3","0","0","5.4","Dora the Explorer: Animal Adventures"
"Sunset","11536","Sunset","21060","3900","30","1","17","0","0","5.4","Sunset"
"Wildfire","11537","Wildfire","75540","13980","459","2","17","0","0","5.4","Wildfire"
"Flyff - Fly For Fun","11538","Flyff - Fly For Fun","1310940","242940","514","6","411","2","0","5.4","Flyff - Fly For Fun"
"Magic Duels","11539","Magic Duels","6811320","1261680","8043","17","3590","12","2","5.4","Magic Duels"
"Battlefield 3","11540","Battlefield 3","14008440","2594760","37836","26","10360","26","4","5.4","Battlefield 3"
"Super Robot Wars Original Generation Gaiden","11541","Super Robot Wars Original Generation Gaiden","38580","7140","20","1","6","0","0","5.4","Super Robot Wars Original Generation Gaiden"
"African Safari","11542","African Safari","1620","300","11","1","1","0","0","5.4","African Safari"
"Sangoku Hime 2","11543","Sangoku Hime 2","1620","300","10","1","1","0","0","5.4","Sangoku Hime 2"
"Save Mary","11544","Save Mary","1620","300","9","1","2","0","0","5.4","Save Mary"
"Unison League","11545","Unison League","70680","13080","59","2","75","0","0","5.4","Unison League"
"Oriental Empires","11546","Oriental Empires","60240","11160","103","3","31","0","0","5.4","Oriental Empires"
"Monster Hunter Frontier Z","11547","Monster Hunter Frontier Z","226200","41940","85","6","31","0","0","5.39","Monster Hunter Frontier Z"
"Governor of Poker 3","11548","Governor of Poker 3","430740","79860","1002","6","408","0","0","5.39","Governor of Poker 3"
"Mount & Blade Warband: Napoleonic Wars","11549","Mount & Blade Warband: Napoleonic Wars","708900","131640","947","6","537","1","0","5.39","Mount & Blade Warband: Napoleonic Wars"
"Guilty Gear XX #Reload","11550","Guilty Gear XX #Reload","76380","14160","102","2","63","0","0","5.39","Guilty Gear XX #Reload"
"Marvel Contest of Champions","11551","Marvel Contest of Champions","529500","98160","228","3","153","1","0","5.39","Marvel Contest of Champions"
"Ninja","11552","Ninja","12300","2280","113","1","10","0","0","5.39","Ninja"
"Computer Space","11553","Computer Space","419400","77760","442","3","24","0","0","5.39","Computer Space"
"NCAA Football 13","11554","NCAA Football 13","16500","3060","17","1","10","0","0","5.39","NCAA Football 13"
"Sin & Punishment","11555","Sin & Punishment","23280","4320","32","1","24","0","0","5.39","Sin & Punishment"
"Ganbare Goemon: Uchuu Kaizoku Akogingu","11556","Ganbare Goemon: Uchuu Kaizoku Akogingu","14880","2760","19","1","3","0","0","5.39","Ganbare Goemon: Uchuu Kaizoku Akogingu"
"Sweet Fuse: At Your Side","11557","Sweet Fuse: At Your Side","14520","2700","48","1","4","0","0","5.38","Sweet Fuse: At Your Side"
"Crash Bandicoot Nitro Kart 2","11558","Crash Bandicoot Nitro Kart 2","2580","480","23","1","5","0","0","5.38","Crash Bandicoot Nitro Kart 2"
"Trilby: The Art of Theft","11559","Trilby: The Art of Theft","2580","480","13","1","2","0","0","5.38","Trilby: The Art of Theft"
"Thing Thing 4","11560","Thing Thing 4","2580","480","9","1","1","0","0","5.38","Thing Thing 4"
"Rusty's Real Deal Baseball","11561","Rusty's Real Deal Baseball","4200","780","35","1","4","0","0","5.38","Rusty's Real Deal Baseball"
"Myst V: End of Ages","11562","Myst V: End of Ages","47460","8820","50","1","21","0","0","5.38","Myst V: End of Ages"
"Forza Motorsport 6","11563","Forza Motorsport 6","39982560","7437540","10182","70","22636","75","14","5.38","Forza Motorsport 6"
"Disgaea: Hour of Darkness","11564","Disgaea: Hour of Darkness","1269180","235800","1353","20","516","2","0","5.38","Disgaea: Hour of Darkness"
"The Warriors","11565","The Warriors","1848240","343320","2061","23","1450","3","0","5.38","The Warriors"
"Sniper Elite: Nazi Zombie Army 2","11566","Sniper Elite: Nazi Zombie Army 2","308100","57240","289","5","310","0","0","5.38","Sniper Elite: Nazi Zombie Army 2"
"Dark Stone","11567","Dark Stone","4200","780","24","1","4","0","0","5.38","Dark Stone"
"Mount Wingsuit","11568","Mount Wingsuit","2580","480","23","1","1","0","0","5.38","Mount Wingsuit"
"Galactic Civilizations III","11569","Galactic Civilizations III","415020","77220","529","3","149","0","0","5.37","Galactic Civilizations III"
"Dex","11570","Dex","363060","67620","189","5","197","0","0","5.37","Dex"
"DDRMAX Dance Dance Revolution","11571","DDRMAX Dance Dance Revolution","19320","3600","58","2","20","0","0","5.37","DDRMAX Dance Dance Revolution"
"Haunt the House: Terrortown","11572","Haunt the House: Terrortown","41880","7800","71","2","63","0","0","5.37","Haunt the House: Terrortown"
"Chameleon Twist","11573","Chameleon Twist","197880","36840","632","3","44","0","0","5.37","Chameleon Twist"
"Cloud Master","11574","Cloud Master","3540","660","13","3","5","0","0","5.36","Cloud Master"
"My Little Pony Crystal Princess: The Runaway Rainbow","11575","My Little Pony Crystal Princess: The Runaway Rainbow","14460","2700","33","1","12","0","0","5.36","My Little Pony Crystal Princess: The Runaway Rainbow"
"CarnEvil","11576","CarnEvil","4500","840","32","1","8","0","0","5.36","CarnEvil"
"Chicken Invaders: Revenge of the Yolk","11577","Chicken Invaders: Revenge of the Yolk","7080","1320","55","1","11","0","0","5.36","Chicken Invaders: Revenge of the Yolk"
"Shin Megami Tensei: Strange Journey","11578","Shin Megami Tensei: Strange Journey","152880","28500","37","3","34","0","0","5.36","Shin Megami Tensei: Strange Journey"
"Final Fantasy XI Online: Rise of Zilart","11579","Final Fantasy XI Online: Rise of Zilart","30240","5640","49","1","11","0","0","5.36","Final Fantasy XI Online: Rise of Zilart"
"Might and Magic VIII: Day of the Destroyer","11580","Might and Magic VIII: Day of the Destroyer","165780","30960","61","2","33","0","0","5.35","Might and Magic VIII: Day of the Destroyer"
"Descent: Underground","11581","Descent: Underground","146160","27300","252","2","58","0","0","5.35","Descent: Underground"
"Disney's Pocahontas","11582","Disney's Pocahontas","5460","1020","25","1","6","0","0","5.35","Disney's Pocahontas"
"Kingdoms Rise","11583","Kingdoms Rise","10920","2040","75","1","4","0","0","5.35","Kingdoms Rise"
"Yesterday","11584","Yesterday","95700","17880","197","2","64","0","0","5.35","Yesterday"
"Oddworld: Abe's Exoddus","11585","Oddworld: Abe's Exoddus","307620","57660","137","3","114","0","0","5.34","Oddworld: Abe's Exoddus"
"Legends of Eisenwald","11586","Legends of Eisenwald","41940","7860","182","3","23","0","0","5.34","Legends of Eisenwald"
"Judge Dredd","11587","Judge Dredd","20520","3840","72","1","14","0","0","5.34","Judge Dredd"
"Eador: Genesis","11588","Eador: Genesis","239520","44880","85","2","15","0","0","5.34","Eador: Genesis"
"Wild Terra Online","11589","Wild Terra Online","66360","12420","59","4","47","0","0","5.34","Wild Terra Online"
"Lego Ninjago: Nindroids","11590","Lego Ninjago: Nindroids","960","180","8","1","1","0","0","5.33","Lego Ninjago: Nindroids"
"PC Fútbol 2007","11591","PC Fútbol 2007","2880","540","10","1","1","0","0","5.33","PC Fútbol 2007"
"Code 7","11592","Code 7","3840","720","17","1","4","0","0","5.33","Code 7"
"The Great Art Race","11593","The Great Art Race","960","180","7","1","1","0","0","5.33","The Great Art Race"
"The Powerpuff Girls: Bad Mojo Jojo","11594","The Powerpuff Girls: Bad Mojo Jojo","960","180","8","1","1","0","0","5.33","The Powerpuff Girls: Bad Mojo Jojo"
"Warsoup","11595","Warsoup","3840","720","10","1","1","0","0","5.33","Warsoup"
"Digital Pinball: Necronomicon","11596","Digital Pinball: Necronomicon","960","180","6","1","1","0","0","5.33","Digital Pinball: Necronomicon"
"Uru: The Path of the Shell","11597","Uru: The Path of the Shell","1920","360","10","1","1","0","0","5.33","Uru: The Path of the Shell"
"Steam Squad","11598","Steam Squad","2880","540","12","1","6","0","0","5.33","Steam Squad"
"DanceWall Remix","11599","DanceWall Remix","960","180","13","1","1","0","0","5.33","DanceWall Remix"
"Spy Muppets: License To Croak","11600","Spy Muppets: License To Croak","960","180","7","1","1","0","0","5.33","Spy Muppets: License To Croak"