"","","Game","Watch time","Stream time","Peak viewers","Peak channels","Streamers","Average viewers","Average channels","Average viewer ratio",""
"Fallout: Brotherhood of Steel","11201","Fallout: Brotherhood of Steel","30420","5340","40","2","9","0","0","5.7","Fallout: Brotherhood of Steel"
"Disgaea DS","11202","Disgaea DS","83100","14580","447","2","40","0","0","5.7","Disgaea DS"
"Pushcat","11203","Pushcat","5460","960","30","1","3","0","0","5.69","Pushcat"
"Guitar Hero: On Tour","11204","Guitar Hero: On Tour","10920","1920","32","1","10","0","0","5.69","Guitar Hero: On Tour"
"CSR Racing","11205","CSR Racing","42360","7440","46","2","45","0","0","5.69","CSR Racing"
"Shadowgun: DeadZone","11206","Shadowgun: DeadZone","49200","8640","388","2","53","0","0","5.69","Shadowgun: DeadZone"
"RosenkreuzStilette","11207","RosenkreuzStilette","163260","28740","103","3","57","0","0","5.68","RosenkreuzStilette"
"CABAL Online","11208","CABAL Online","3871260","681660","528","9","639","7","1","5.68","CABAL Online"
"Kara no Shoujo","11209","Kara no Shoujo","68820","12120","24","1","16","0","0","5.68","Kara no Shoujo"
"Top Shop","11210","Top Shop","8520","1500","63","1","8","0","0","5.68","Top Shop"
"Big Mutha Truckers","11211","Big Mutha Truckers","6480","1140","33","1","4","0","0","5.68","Big Mutha Truckers"
"Hyper Fighters","11212","Hyper Fighters","2040","360","16","1","4","0","0","5.67","Hyper Fighters"
"Bishoujo Senshi Sailor Moon S","11213","Bishoujo Senshi Sailor Moon S","1020","180","16","1","3","0","0","5.67","Bishoujo Senshi Sailor Moon S"
"Frak!","11214","Frak!","1020","180","8","1","1","0","0","5.67","Frak!"
"Cool Ball","11215","Cool Ball","1020","180","8","1","1","0","0","5.67","Cool Ball"
"Hidden Mysteries Titanic","11216","Hidden Mysteries Titanic","1020","180","9","1","2","0","0","5.67","Hidden Mysteries Titanic"
"Shu's Garden","11217","Shu's Garden","1020","180","16","1","2","0","0","5.67","Shu's Garden"
"Dynasty Warriors Advance","11218","Dynasty Warriors Advance","4080","720","12","1","3","0","0","5.67","Dynasty Warriors Advance"
"Drake & Josh: Talent Showdown","11219","Drake & Josh: Talent Showdown","1020","180","13","1","1","0","0","5.67","Drake & Josh: Talent Showdown"
"APT","11220","APT","2040","360","28","1","4","0","0","5.67","APT"
"Call of Duty: World at War: Zombies","11221","Call of Duty: World at War: Zombies","3380580","596220","534","11","2812","6","1","5.67","Call of Duty: World at War: Zombies"
"Command & Conquer 3: Kane's Wrath","11222","Command & Conquer 3: Kane's Wrath","1281720","226080","138","6","255","2","0","5.67","Command & Conquer 3: Kane's Wrath"
"Wii Sports","11223","Wii Sports","223260","39360","337","2","120","0","0","5.67","Wii Sports"
"Trog!","11224","Trog!","11220","1980","37","2","15","0","0","5.67","Trog!"
"WWF Raw","11225","WWF Raw","32640","5760","101","1","20","0","0","5.67","WWF Raw"
"The X-Files Game","11226","The X-Files Game","18720","3300","31","1","13","0","0","5.67","The X-Files Game"
"Terror Strike","11227","Terror Strike","2040","360","10","1","2","0","0","5.67","Terror Strike"
"Super Puzzle Fighter II X for Matching Service","11228","Super Puzzle Fighter II X for Matching Service","4080","720","11","1","1","0","0","5.67","Super Puzzle Fighter II X for Matching Service"
"Pop'n Pop","11229","Pop'n Pop","1020","180","7","1","2","0","0","5.67","Pop'n Pop"
"River King Mystic Valley","11230","River King Mystic Valley","1020","180","9","1","1","0","0","5.67","River King Mystic Valley"
"Anthill","11231","Anthill","1020","180","8","1","2","0","0","5.67","Anthill"
"The Oregon Trail: 3rd Edition","11232","The Oregon Trail: 3rd Edition","2040","360","13","1","2","0","0","5.67","The Oregon Trail: 3rd Edition"
"Lucky Luke: The Video Game","11233","Lucky Luke: The Video Game","1020","180","10","1","1","0","0","5.67","Lucky Luke: The Video Game"
"Xenonauts 2","11234","Xenonauts 2","1020","180","11","1","1","0","0","5.67","Xenonauts 2"
"Seal Online","11235","Seal Online","82740","14580","79","2","23","0","0","5.67","Seal Online"
"Outcast II: The Lost Paradise","11236","Outcast II: The Lost Paradise","1020","180","13","1","1","0","0","5.67","Outcast II: The Lost Paradise"
"Lost girl`s [diary]","11237","Lost girl`s [diary]","3060","540","20","1","3","0","0","5.67","Lost girl`s [diary]"
"Space Rangers HD: A War Apart","11238","Space Rangers HD: A War Apart","1047480","184920","880","4","279","1","0","5.66","Space Rangers HD: A War Apart"
"Patapon 2","11239","Patapon 2","75420","13320","112","2","46","0","0","5.66","Patapon 2"
"Pacific Storm: Allies","11240","Pacific Storm: Allies","10860","1920","27","1","3","0","0","5.66","Pacific Storm: Allies"
"Myst III: Exile","11241","Myst III: Exile","97860","17280","58","2","38","0","0","5.66","Myst III: Exile"
"Enchanted Arms","11242","Enchanted Arms","60840","10740","30","1","15","0","0","5.66","Enchanted Arms"
"Deadly Profits","11243","Deadly Profits","11520","2040","44","1","9","0","0","5.65","Deadly Profits"
"Gungage","11244","Gungage","14580","2580","21","1","7","0","0","5.65","Gungage"
"Warriors Orochi 3","11245","Warriors Orochi 3","4931220","872160","2072","77","4430","9","1","5.65","Warriors Orochi 3"
"Hyperdimension Neptunia mk2","11246","Hyperdimension Neptunia mk2","140400","24840","51","2","24","0","0","5.65","Hyperdimension Neptunia mk2"
"CSI: Fatal Conspiracy","11247","CSI: Fatal Conspiracy","5760","1020","31","1","6","0","0","5.65","CSI: Fatal Conspiracy"
"IA/VT Colorful","11248","IA/VT Colorful","83040","14700","113","2","38","0","0","5.65","IA/VT Colorful"
"Turbopug DX","11249","Turbopug DX","18300","3240","71","2","26","0","0","5.65","Turbopug DX"
"Code of Princess","11250","Code of Princess","94380","16740","112","5","77","0","0","5.64","Code of Princess"
"Dance Dance Revolution Disney MIX","11251","Dance Dance Revolution Disney MIX","3720","660","14","1","4","0","0","5.64","Dance Dance Revolution Disney MIX"
"Knytt","11252","Knytt","4740","840","22","1","5","0","0","5.64","Knytt"
"Keitai Denjuu Telefang","11253","Keitai Denjuu Telefang","14880","2640","22","2","8","0","0","5.64","Keitai Denjuu Telefang"
"Garshasp: Temple of the Dragon","11254","Garshasp: Temple of the Dragon","4740","840","50","1","5","0","0","5.64","Garshasp: Temple of the Dragon"
"NHL 99","11255","NHL 99","3720","660","42","1","8","0","0","5.64","NHL 99"
"Lion","11256","Lion","9120","1620","62","1","4","0","0","5.63","Lion"
"Umineko no Naku Koro ni Episode 1: Legend of the Golden Witch","11257","Umineko no Naku Koro ni Episode 1: Legend of the Golden Witch","166200","29520","55","2","39","0","0","5.63","Umineko no Naku Koro ni Episode 1: Legend of the Golden Witch"
"BloodLust Shadowhunter","11258","BloodLust Shadowhunter","16560","2940","230","1","8","0","0","5.63","BloodLust Shadowhunter"
"Videokid","11259","Videokid","2700","480","25","1","2","0","0","5.63","Videokid"
"Paranautical Activity","11260","Paranautical Activity","274440","48780","1086","4","302","0","0","5.63","Paranautical Activity"
"Cosmic Smash","11261","Cosmic Smash","2700","480","49","1","3","0","0","5.63","Cosmic Smash"
"Law of the West","11262","Law of the West","2700","480","12","1","4","0","0","5.63","Law of the West"
"Tokyo 7th Sisters","11263","Tokyo 7th Sisters","14520","2580","16","1","7","0","0","5.63","Tokyo 7th Sisters"
"Boo Bunny Plague","11264","Boo Bunny Plague","17580","3120","59","1","18","0","0","5.63","Boo Bunny Plague"
"Grabbed by the Ghoulies","11265","Grabbed by the Ghoulies","65160","11580","36","3","36","0","0","5.63","Grabbed by the Ghoulies"
"ÜberSoldier II","11266","ÜberSoldier II","17220","3060","36","1","10","0","0","5.63","ÜberSoldier II"
"Bloodline Champions","11267","Bloodline Champions","941640","167160","1252","24","291","1","0","5.63","Bloodline Champions"
"Atelier Ayesha: The Alchemist of Dusk","11268","Atelier Ayesha: The Alchemist of Dusk","112920","20040","85","2","27","0","0","5.63","Atelier Ayesha: The Alchemist of Dusk"
"Silver Jiken","11269","Silver Jiken","93840","16680","122","3","35","0","0","5.63","Silver Jiken"
"The Adventures of Tintin: Prisoners of the Sun","11270","The Adventures of Tintin: Prisoners of the Sun","6420","1140","30","2","2","0","0","5.63","The Adventures of Tintin: Prisoners of the Sun"
"Major Minor's Majestic March","11271","Major Minor's Majestic March","9780","1740","13","1","7","0","0","5.62","Major Minor's Majestic March"
"Test Drive Unlimited 2","11272","Test Drive Unlimited 2","390660","69480","664","3","298","0","0","5.62","Test Drive Unlimited 2"
"Resident Evil: Chronicles HD Collection","11273","Resident Evil: Chronicles HD Collection","22260","3960","42","2","12","0","0","5.62","Resident Evil: Chronicles HD Collection"
"Super Black Bass","11274","Super Black Bass","38340","6840","23","2","13","0","0","5.61","Super Black Bass"
"FIFA Online 2","11275","FIFA Online 2","7740","1380","35","1","8","0","0","5.61","FIFA Online 2"
"OCTGN","11276","OCTGN","226800","40440","79","3","40","0","0","5.61","OCTGN"
"Clannad","11277","Clannad","344640","61440","591","3","181","0","0","5.61","Clannad"
"WWE SmackDown! vs. RAW 2011","11278","WWE SmackDown! vs. RAW 2011","92880","16560","23","2","39","0","0","5.61","WWE SmackDown! vs. RAW 2011"
"War of Omens","11279","War of Omens","10440","1860","55","1","7","0","0","5.61","War of Omens"
"Alfred Challenge","11280","Alfred Challenge","19860","3540","14","1","1","0","0","5.61","Alfred Challenge"
"Nitro  Royale -Heroines Duel-","11281","Nitro  Royale -Heroines Duel-","1680","300","11","1","2","0","0","5.6","Nitro  Royale -Heroines Duel-"
"Path to the Sky","11282","Path to the Sky","66540","11880","58","3","48","0","0","5.6","Path to the Sky"
"Sanguosha","11283","Sanguosha","375720","67140","51","2","17","0","0","5.6","Sanguosha"
"Bounden","11284","Bounden","1680","300","13","1","2","0","0","5.6","Bounden"
"Demolition Derby and Figure 8 Race","11285","Demolition Derby and Figure 8 Race","1680","300","27","1","1","0","0","5.6","Demolition Derby and Figure 8 Race"
"Redemption : Liar","11286","Redemption : Liar","1680","300","16","1","2","0","0","5.6","Redemption : Liar"
"Pot Farm: Grass Roots","11287","Pot Farm: Grass Roots","1680","300","9","1","2","0","0","5.6","Pot Farm: Grass Roots"
"Baraduke","11288","Baraduke","1680","300","15","1","2","0","0","5.6","Baraduke"
"Wreckers","11289","Wreckers","5040","900","12","1","2","0","0","5.6","Wreckers"
"Mush","11290","Mush","1680","300","10","1","3","0","0","5.6","Mush"
"Smashing Drive","11291","Smashing Drive","1680","300","9","1","3","0","0","5.6","Smashing Drive"
"Silent Hill Experience","11292","Silent Hill Experience","14460","2580","52","1","10","0","0","5.6","Silent Hill Experience"
"Ys IV: Mask of the Sun - A New Theory","11293","Ys IV: Mask of the Sun - A New Theory","5040","900","14","1","3","0","0","5.6","Ys IV: Mask of the Sun - A New Theory"
"A Bug's Life","11294","A Bug's Life","127020","22680","192","2","53","0","0","5.6","A Bug's Life"
"Murdered: Soul Suspect","11295","Murdered: Soul Suspect","6096900","1088820","3646","93","5727","11","2","5.6","Murdered: Soul Suspect"
"Dark Fall: Lost Souls","11296","Dark Fall: Lost Souls","14100","2520","147","1","11","0","0","5.6","Dark Fall: Lost Souls"
"Dark Void","11297","Dark Void","65520","11700","278","2","44","0","0","5.6","Dark Void"
"Total War: Shogun 2","11298","Total War: Shogun 2","1891800","338040","833","6","1100","3","0","5.6","Total War: Shogun 2"
"Return of the Obra Dinn","11299","Return of the Obra Dinn","3360","600","10","1","6","0","0","5.6","Return of the Obra Dinn"
"Buccaneer","11300","Buccaneer","1680","300","11","1","2","0","0","5.6","Buccaneer"