"","","Game","Watch time","Stream time","Peak viewers","Peak channels","Streamers","Average viewers","Average channels","Average viewer ratio",""
"AaaaaAAaaaAAAaaAAAAaAAAAA!!! for the Awesome","14201","AaaaaAAaaaAAAaaAAAAaAAAAA!!! for the Awesome","27060","7560","90","1","50","0","0","3.58","AaaaaAAaaaAAAaaAAAAaAAAAA!!! for the Awesome"
"Project Eden","14202","Project Eden","7740","2160","13","1","5","0","0","3.58","Project Eden"
"S4 League","14203","S4 League","1257960","351300","147","7","660","2","0","3.58","S4 League"
"Nancy Drew: The Secret of Shadow Ranch","14204","Nancy Drew: The Secret of Shadow Ranch","14400","4020","11","2","12","0","0","3.58","Nancy Drew: The Secret of Shadow Ranch"
"Lego Creator","14205","Lego Creator","13320","3720","32","2","11","0","0","3.58","Lego Creator"
"JoJo's Bizarre Adventure: Phantom Blood","14206","JoJo's Bizarre Adventure: Phantom Blood","4080","1140","11","1","5","0","0","3.58","JoJo's Bizarre Adventure: Phantom Blood"
"NBA Live 16","14207","NBA Live 16","6251880","1746600","2551","22","6618","11","3","3.58","NBA Live 16"
"Death Trap","14208","Death Trap","6660","1860","19","1","8","0","0","3.58","Death Trap"
"The Memory of Eldurim","14209","The Memory of Eldurim","5580","1560","14","1","5","0","0","3.58","The Memory of Eldurim"
"Mayhem","14210","Mayhem","10740","3000","14","2","9","0","0","3.58","Mayhem"
"Erinia","14211","Erinia","1500","420","8","1","2","0","0","3.57","Erinia"
"Beyond Space","14212","Beyond Space","1500","420","14","1","3","0","0","3.57","Beyond Space"
"Wayward Sky","14213","Wayward Sky","36180","10140","126","3","54","0","0","3.57","Wayward Sky"
"Saving Harmony","14214","Saving Harmony","1500","420","7","1","3","0","0","3.57","Saving Harmony"
"Don't Knock Twice","14215","Don't Knock Twice","1500","420","12","1","3","0","0","3.57","Don't Knock Twice"
"Psycho Fox","14216","Psycho Fox","6000","1680","16","3","9","0","0","3.57","Psycho Fox"
"Goosebumps: Attack of the Mutant","14217","Goosebumps: Attack of the Mutant","1500","420","13","1","4","0","0","3.57","Goosebumps: Attack of the Mutant"
"TORO! Let's Party!","14218","TORO! Let's Party!","1500","420","5","1","1","0","0","3.57","TORO! Let's Party!"
"fault -milestone one-","14219","fault -milestone one-","34680","9720","129","1","41","0","0","3.57","fault -milestone one-"
"Romance of the Three Kingdoms II","14220","Romance of the Three Kingdoms II","1500","420","10","1","4","0","0","3.57","Romance of the Three Kingdoms II"
"Runes of Magic","14221","Runes of Magic","386220","108300","726","3","139","0","0","3.57","Runes of Magic"
"My Girlfriend is the President","14222","My Girlfriend is the President","1500","420","8","1","5","0","0","3.57","My Girlfriend is the President"
"Orphen: Scion of Sorcery","14223","Orphen: Scion of Sorcery","6000","1680","11","1","9","0","0","3.57","Orphen: Scion of Sorcery"
"Red Steel 2","14224","Red Steel 2","7500","2100","23","1","11","0","0","3.57","Red Steel 2"
"Armored Core 3","14225","Armored Core 3","42300","11880","23","1","36","0","0","3.56","Armored Core 3"
"Bitcoin Billionaire","14226","Bitcoin Billionaire","6840","1920","42","1","10","0","0","3.56","Bitcoin Billionaire"
"Blade & Sword","14227","Blade & Sword","48900","13740","231","2","55","0","0","3.56","Blade & Sword"
"Suikoden Tierkreis","14228","Suikoden Tierkreis","39720","11160","16","1","11","0","0","3.56","Suikoden Tierkreis"
"Coffin","14229","Coffin","1920","540","7","1","4","0","0","3.56","Coffin"
"Threads of Fate","14230","Threads of Fate","114120","32040","31","2","55","0","0","3.56","Threads of Fate"
"How to be a Complete Bastard","14231","How to be a Complete Bastard","3420","960","10","1","2","0","0","3.56","How to be a Complete Bastard"
"Tecmo Super Bowl II: Special Edition","14232","Tecmo Super Bowl II: Special Edition","1920","540","9","1","1","0","0","3.56","Tecmo Super Bowl II: Special Edition"
"Mystery Master: Felony!","14233","Mystery Master: Felony!","15360","4320","115","2","12","0","0","3.56","Mystery Master: Felony!"
"SpongeBob SquarePants: The Yellow Avenger","14234","SpongeBob SquarePants: The Yellow Avenger","1920","540","6","1","2","0","0","3.56","SpongeBob SquarePants: The Yellow Avenger"
"Paint by DS : Classical Masterpieces","14235","Paint by DS : Classical Masterpieces","1920","540","7","1","5","0","0","3.56","Paint by DS : Classical Masterpieces"
"Monster Jam Battlegrounds","14236","Monster Jam Battlegrounds","1920","540","12","1","2","0","0","3.56","Monster Jam Battlegrounds"
"White Gold: War in Paradise","14237","White Gold: War in Paradise","18180","5100","16","1","6","0","0","3.56","White Gold: War in Paradise"
"A King's Tale: Final Fantasy XV","14238","A King's Tale: Final Fantasy XV","163680","46020","95","16","514","0","0","3.56","A King's Tale: Final Fantasy XV"
"Hidden Expedition: Devil's Triangle","14239","Hidden Expedition: Devil's Triangle","1920","540","12","1","2","0","0","3.56","Hidden Expedition: Devil's Triangle"
"KartKraft","14240","KartKraft","3840","1080","25","1","2","0","0","3.56","KartKraft"
"Black Viper","14241","Black Viper","1920","540","7","1","3","0","0","3.56","Black Viper"
"Baby Maker Extreme","14242","Baby Maker Extreme","2340","660","25","1","4","0","0","3.55","Baby Maker Extreme"
"Cocktail Paradise","14243","Cocktail Paradise","2340","660","11","1","4","0","0","3.55","Cocktail Paradise"
"Girls Life: Beauty Experience","14244","Girls Life: Beauty Experience","4260","1200","11","1","2","0","0","3.55","Girls Life: Beauty Experience"
"Jumanji","14245","Jumanji","22800","6420","12","1","7","0","0","3.55","Jumanji"
"Dynasty Warriors 3: Xtreme Legends","14246","Dynasty Warriors 3: Xtreme Legends","15120","4260","18","1","9","0","0","3.55","Dynasty Warriors 3: Xtreme Legends"
"Dance Dance Revolution Hottest Party 3","14247","Dance Dance Revolution Hottest Party 3","2340","660","31","1","3","0","0","3.55","Dance Dance Revolution Hottest Party 3"
"Bard's Gold","14248","Bard's Gold","95100","26760","50","6","121","0","0","3.55","Bard's Gold"
"Crysis 2","14249","Crysis 2","652860","184020","838","4","765","1","0","3.55","Crysis 2"
"Dig It! A Digger Simulator","14250","Dig It! A Digger Simulator","4680","1320","8","1","7","0","0","3.55","Dig It! A Digger Simulator"
"Gateways","14251","Gateways","7020","1980","22","1","9","0","0","3.55","Gateways"
"Quake Mission Pack No 2: Dissolution of Eternity","14252","Quake Mission Pack No 2: Dissolution of Eternity","11700","3300","23","1","10","0","0","3.55","Quake Mission Pack No 2: Dissolution of Eternity"
"Mercenaries 2: World in Flames","14253","Mercenaries 2: World in Flames","66600","18840","246","2","52","0","0","3.54","Mercenaries 2: World in Flames"
"SpongeBob SquarePants featuring Nicktoons: Globs of Doom","14254","SpongeBob SquarePants featuring Nicktoons: Globs of Doom","5100","1440","45","1","5","0","0","3.54","SpongeBob SquarePants featuring Nicktoons: Globs of Doom"
"ESPN NFL 2K5","14255","ESPN NFL 2K5","32040","9060","57","2","16","0","0","3.54","ESPN NFL 2K5"
"WWE SmackDown! vs. RAW 2006","14256","WWE SmackDown! vs. RAW 2006","19140","5400","52","1","22","0","0","3.54","WWE SmackDown! vs. RAW 2006"
"American McGee's Grimm","14257","American McGee's Grimm","19980","5640","29","1","27","0","0","3.54","American McGee's Grimm"
"Shadow Era","14258","Shadow Era","49440","13980","54","2","31","0","0","3.54","Shadow Era"
"Gran Turismo 4","14259","Gran Turismo 4","175740","49620","68","3","106","0","0","3.54","Gran Turismo 4"
"IL-2 Sturmovik: Forgotten Battles","14260","IL-2 Sturmovik: Forgotten Battles","2760","780","19","1","4","0","0","3.54","IL-2 Sturmovik: Forgotten Battles"
"Crimzon Clover: World Ignition","14261","Crimzon Clover: World Ignition","160260","45300","312","2","86","0","0","3.54","Crimzon Clover: World Ignition"
"Life of Pixel","14262","Life of Pixel","26520","7500","35","1","30","0","0","3.54","Life of Pixel"
"Game Over","14263","Game Over","67500","19140","301","2","48","0","0","3.53","Game Over"
"Hope Springs Eternal","14264","Hope Springs Eternal","34560","9780","25","1","3","0","0","3.53","Hope Springs Eternal"
"Mushihime-Sama","14265","Mushihime-Sama","202020","57300","133","2","208","0","0","3.53","Mushihime-Sama"
"Soul Gambler","14266","Soul Gambler","22020","6240","58","1","34","0","0","3.53","Soul Gambler"
"7 Days a Skeptic","14267","7 Days a Skeptic","11640","3300","26","1","20","0","0","3.53","7 Days a Skeptic"
"Titanfall","14268","Titanfall","14988360","4247340","29807","44","19251","28","8","3.53","Titanfall"
"Earth Defense Force 2025","14269","Earth Defense Force 2025","129540","36720","64","2","63","0","0","3.53","Earth Defense Force 2025"
"Evolution: The World of Sacred Device","14270","Evolution: The World of Sacred Device","9540","2700","46","1","11","0","0","3.53","Evolution: The World of Sacred Device"
"NiGHTS: Journey of Dreams","14271","NiGHTS: Journey of Dreams","18420","5220","45","2","13","0","0","3.53","NiGHTS: Journey of Dreams"
"World of Diving","14272","World of Diving","14820","4200","45","1","22","0","0","3.53","World of Diving"
"Sparkle 2: Evo","14273","Sparkle 2: Evo","6780","1920","16","1","14","0","0","3.53","Sparkle 2: Evo"
"Welcome","14274","Welcome","379680","107520","995","4","551","0","0","3.53","Welcome"
"Zeus: Master of Olympus","14275","Zeus: Master of Olympus","153840","43620","84","2","69","0","0","3.53","Zeus: Master of Olympus"
"Trax","14276","Trax","21600","6120","77","3","14","0","0","3.53","Trax"
"The Amber Throne","14277","The Amber Throne","19500","5520","14","1","15","0","0","3.53","The Amber Throne"
"Saddle Up: Time to Ride","14278","Saddle Up: Time to Ride","4020","1140","12","1","4","0","0","3.53","Saddle Up: Time to Ride"
"Rolling","14279","Rolling","3600","1020","12","1","4","0","0","3.53","Rolling"
"Four Sided Fantasy","14280","Four Sided Fantasy","18000","5100","50","2","33","0","0","3.53","Four Sided Fantasy"
"Shinobido: Way of the Ninja","14281","Shinobido: Way of the Ninja","5700","1620","10","1","6","0","0","3.52","Shinobido: Way of the Ninja"
"Skyscraper Simulator","14282","Skyscraper Simulator","6540","1860","19","1","12","0","0","3.52","Skyscraper Simulator"
"LEGO Marvel Super Heroes","14283","LEGO Marvel Super Heroes","2061780","586560","766","9","2805","3","1","3.52","LEGO Marvel Super Heroes"
"White Knight Chronicles: Origins","14284","White Knight Chronicles: Origins","4440","1260","22","1","4","0","0","3.52","White Knight Chronicles: Origins"
"Konami Krazy Racers","14285","Konami Krazy Racers","4440","1260","18","1","8","0","0","3.52","Konami Krazy Racers"
"Titanic: Adventure Out of Time","14286","Titanic: Adventure Out of Time","15000","4260","23","1","15","0","0","3.52","Titanic: Adventure Out of Time"
"Date Warp","14287","Date Warp","8880","2520","20","1","12","0","0","3.52","Date Warp"
"Bust a Move Online","14288","Bust a Move Online","8460","2400","33","1","6","0","0","3.52","Bust a Move Online"
"English Country Tune","14289","English Country Tune","17700","5040","45","2","24","0","0","3.51","English Country Tune"
"Medal of Honor: Allied Assault - Spearhead","14290","Medal of Honor: Allied Assault - Spearhead","28260","8040","61","2","33","0","0","3.51","Medal of Honor: Allied Assault - Spearhead"
"NHL Stanley Cup","14291","NHL Stanley Cup","7800","2220","13","1","4","0","0","3.51","NHL Stanley Cup"
"Soldat","14292","Soldat","69240","19740","103","3","71","0","0","3.51","Soldat"
"Still Life","14293","Still Life","50940","14520","69","2","39","0","0","3.51","Still Life"
"Hell Yeah! Wrath of the Dead Rabbit","14294","Hell Yeah! Wrath of the Dead Rabbit","402060","114660","436","10","685","0","0","3.51","Hell Yeah! Wrath of the Dead Rabbit"
"Gihren no Yabou","14295","Gihren no Yabou","10320","2940","9","1","4","0","0","3.51","Gihren no Yabou"
"Perfection.","14296","Perfection.","420","120","8","2","2","0","0","3.5","Perfection."
"Robo Pit 2","14297","Robo Pit 2","1260","360","7","1","2","0","0","3.5","Robo Pit 2"
"Mushihime-tama","14298","Mushihime-tama","2100","600","10","1","3","0","0","3.5","Mushihime-tama"
"Jack Orlando: A Cinematic Adventure","14299","Jack Orlando: A Cinematic Adventure","420","120","5","1","1","0","0","3.5","Jack Orlando: A Cinematic Adventure"
"Furu Furu Park","14300","Furu Furu Park","2100","600","10","1","3","0","0","3.5","Furu Furu Park"