"","","Game","Watch time","Stream time","Peak viewers","Peak channels","Streamers","Average viewers","Average channels","Average viewer ratio",""
"Warhammer 40,000: Dawn of War II - Retribution","1501","Warhammer 40,000: Dawn of War II - Retribution","3861060","290160","295","12","561","7","0","13.31","Warhammer 40,000: Dawn of War II - Retribution"
"20XX","1502","20XX","3843180","230820","2386","6","925","7","0","16.65","20XX"
"Dragon Quest V: Hand of the Heavenly Bride","1503","Dragon Quest V: Hand of the Heavenly Bride","3842820","101040","3289","3","95","7","0","38.03","Dragon Quest V: Hand of the Heavenly Bride"
"Boogeyman","1504","Boogeyman","3839520","57420","14111","4","399","7","0","66.87","Boogeyman"
"Combat Arms","1505","Combat Arms","3835980","828720","422","11","1728","7","1","4.63","Combat Arms"
"Resident Evil: Outbreak","1506","Resident Evil: Outbreak","3833340","113400","1331","5","220","7","0","33.8","Resident Evil: Outbreak"
"Call of Juarez: Gunslinger","1507","Call of Juarez: Gunslinger","3825300","178740","7490","5","875","7","0","21.4","Call of Juarez: Gunslinger"
"Yoshi's Woolly World","1508","Yoshi's Woolly World","3825000","332760","2472","9","934","7","0","11.49","Yoshi's Woolly World"
"Euro Fishing","1509","Euro Fishing","3814620","159300","11468","7","383","7","0","23.95","Euro Fishing"
"Company of Heroes","1510","Company of Heroes","3807480","383520","6952","7","1001","7","0","9.93","Company of Heroes"
"Sonic Heroes","1511","Sonic Heroes","3805500","182220","5879","9","446","7","0","20.88","Sonic Heroes"
"Super Mario All-Stars & Super Mario World","1512","Super Mario All-Stars & Super Mario World","3799680","78060","197282","14","299","7","0","48.68","Super Mario All-Stars & Super Mario World"
"Scrap Metal","1513","Scrap Metal","3785820","9300","14246","10","49","7","0","407.08","Scrap Metal"
"Stars Without Number","1514","Stars Without Number","3781320","64980","3939","4","58","7","0","58.19","Stars Without Number"
"Ratchet & Clank: Going Commando","1515","Ratchet & Clank: Going Commando","3780600","172920","1956","6","195","7","0","21.86","Ratchet & Clank: Going Commando"
"Deponia","1516","Deponia","3775620","304560","2184","9","1128","7","0","12.4","Deponia"
"Super Ghouls 'N Ghosts","1517","Super Ghouls 'N Ghosts","3772200","200400","2978","12","415","7","0","18.82","Super Ghouls 'N Ghosts"
"Spellweaver","1518","Spellweaver","3768240","271980","7412","12","258","7","0","13.85","Spellweaver"
"Audioshield","1519","Audioshield","3760440","114900","9449","5","432","7","0","32.73","Audioshield"
"Dengeki Bunko: Fighting Climax","1520","Dengeki Bunko: Fighting Climax","3747840","174960","7417","5","165","7","0","21.42","Dengeki Bunko: Fighting Climax"
"Phoenix Wright: Ace Attorney","1521","Phoenix Wright: Ace Attorney","3747780","257640","786","5","490","7","0","14.55","Phoenix Wright: Ace Attorney"
"Lost Odyssey","1522","Lost Odyssey","3740760","312000","1835","14","741","7","0","11.99","Lost Odyssey"
"Men of War: Assault Squad 2","1523","Men of War: Assault Squad 2","3739740","301260","4151","5","972","7","0","12.41","Men of War: Assault Squad 2"
"Wick","1524","Wick","3738960","113160","19271","5","817","7","0","33.04","Wick"
"Monster Super League","1525","Monster Super League","3735120","274020","324","10","256","7","0","13.63","Monster Super League"
"Final Fantasy II","1526","Final Fantasy II","3731340","231780","2706","5","270","7","0","16.1","Final Fantasy II"
"Kingdom Rush","1527","Kingdom Rush","3729480","59400","4370","4","237","7","0","62.79","Kingdom Rush"
"Animal Crossing","1528","Animal Crossing","3719220","299640","922","7","568","7","0","12.41","Animal Crossing"
"Crysis","1529","Crysis","3717840","609180","14349","6","694","7","1","6.1","Crysis"
"Corruption","1530","Corruption","3717060","12120","5470","2","52","7","0","306.69","Corruption"
"Assassin's Creed III","1531","Assassin's Creed III","3701100","877800","4006","59","3911","7","1","4.22","Assassin's Creed III"
"Tekken 3","1532","Tekken 3","3695820","74760","10956","5","300","7","0","49.44","Tekken 3"
"Hide & Hold Out - H2o","1533","Hide & Hold Out - H2o","3686820","100140","18456","14","247","6","0","36.82","Hide & Hold Out - H2o"
"Witch It","1534","Witch It","3686100","10200","33248","8","117","6","0","361.38","Witch It"
"Xenogears","1535","Xenogears","3684180","299400","480","6","240","6","0","12.31","Xenogears"
"Yo-kai Watch","1536","Yo-kai Watch","3679200","67920","4166","3","135","6","0","54.17","Yo-kai Watch"
"Silkroad Online","1537","Silkroad Online","3676380","669060","569","9","528","6","1","5.49","Silkroad Online"
"Thief II: The Metal Age","1538","Thief II: The Metal Age","3670260","103260","2506","4","91","6","0","35.54","Thief II: The Metal Age"
"Strider 2","1539","Strider 2","3665640","7140","90039","6","31","6","0","513.39","Strider 2"
"Card Games","1540","Card Games","3647400","102720","3755","4","263","6","0","35.51","Card Games"
"Under Night In-Birth","1541","Under Night In-Birth","3646140","179100","5343","12","408","6","0","20.36","Under Night In-Birth"
"Lineage Eternal: Twilight Resistance","1542","Lineage Eternal: Twilight Resistance","3646140","48660","3874","37","77","6","0","74.93","Lineage Eternal: Twilight Resistance"
"The Simpsons Arcade Game","1543","The Simpsons Arcade Game","3641820","2940","119645","19","28","6","0","1238.71","The Simpsons Arcade Game"
"Dragon Warrior III","1544","Dragon Warrior III","3640680","181860","4612","5","142","6","0","20.02","Dragon Warrior III"
"A Story About My Uncle","1545","A Story About My Uncle","3635580","239820","7363","7","1473","6","0","15.16","A Story About My Uncle"
"Seum: Speedrunners from Hell","1546","Seum: Speedrunners from Hell","3635460","82620","18452","6","315","6","0","44","Seum: Speedrunners from Hell"
"The Legend of Zelda: Link's Awakening","1547","The Legend of Zelda: Link's Awakening","3632940","129900","5391","4","250","6","0","27.97","The Legend of Zelda: Link's Awakening"
"Mother 3","1548","Mother 3","3615960","264420","1158","6","490","6","0","13.68","Mother 3"
"Deadbolt","1549","Deadbolt","3610800","92760","22175","12","500","6","0","38.93","Deadbolt"
"WWE 2K14","1550","WWE 2K14","3605820","65220","629","3","74","6","0","55.29","WWE 2K14"
"Slender: The Eight Pages","1551","Slender: The Eight Pages","3605400","92520","4190","6","788","6","0","38.97","Slender: The Eight Pages"
"Cat Goes Fishing","1552","Cat Goes Fishing","3605220","34800","18784","6","180","6","0","103.6","Cat Goes Fishing"
"Guild Wars","1553","Guild Wars","3598860","551700","1437","11","712","6","1","6.52","Guild Wars"
"Harry Potter and the Order of the Phoenix","1554","Harry Potter and the Order of the Phoenix","3596400","27240","5374","3","89","6","0","132.03","Harry Potter and the Order of the Phoenix"
"Tom Clancy's Ghost Recon Phantoms","1555","Tom Clancy's Ghost Recon Phantoms","3593520","958500","239","13","970","6","1","3.75","Tom Clancy's Ghost Recon Phantoms"
"Okhlos","1556","Okhlos","3592620","27480","6136","8","150","6","0","130.74","Okhlos"
"Angry Video Game Nerd Adventures","1557","Angry Video Game Nerd Adventures","3588540","85200","13313","13","392","6","0","42.12","Angry Video Game Nerd Adventures"
"Ghostbusters: The Video Game","1558","Ghostbusters: The Video Game","3584460","145500","2337","8","527","6","0","24.64","Ghostbusters: The Video Game"
"Bear Simulator","1559","Bear Simulator","3584460","32520","22667","5","185","6","0","110.22","Bear Simulator"
"Five Nights at Freddy's World","1560","Five Nights at Freddy's World","3583740","162780","23340","18","654","6","0","22.02","Five Nights at Freddy's World"
"Five Nights at Freddy's 4: The Final Chapter","1561","Five Nights at Freddy's 4: The Final Chapter","3579720","184320","10184","6","1226","6","0","19.42","Five Nights at Freddy's 4: The Final Chapter"
"3D Dot Game Heroes","1562","3D Dot Game Heroes","3575640","18840","3423","2","53","6","0","189.79","3D Dot Game Heroes"
"Plants vs. Zombies","1563","Plants vs. Zombies","3575040","276300","7485","5","1450","6","0","12.94","Plants vs. Zombies"
"Winning Putt","1564","Winning Putt","3553560","85980","6033","9","363","6","0","41.33","Winning Putt"
"Dungeon Boss","1565","Dungeon Boss","3548040","73260","14875","4","81","6","0","48.43","Dungeon Boss"
"Friday the 13th","1566","Friday the 13th","3546360","41640","24937","12","245","6","0","85.17","Friday the 13th"
"Bleach Brave Souls","1567","Bleach Brave Souls","3525360","234360","508","7","200","6","0","15.04","Bleach Brave Souls"
"Lara Croft and the Guardian of Light","1568","Lara Croft and the Guardian of Light","3523860","72900","117911","12","221","6","0","48.34","Lara Croft and the Guardian of Light"
"Flight of the Icarus","1569","Flight of the Icarus","3516420","329160","11667","8","1411","6","0","10.68","Flight of the Icarus"
"SIMCITY (2013)","1570","SIMCITY (2013)","3499680","441300","28028","9","1683","6","0","7.93","SIMCITY (2013)"
"Quadrilateral Cowboy","1571","Quadrilateral Cowboy","3496560","38520","31444","10","198","6","0","90.77","Quadrilateral Cowboy"
"Wasteland 2","1572","Wasteland 2","3496440","419400","3697","10","962","6","0","8.34","Wasteland 2"
"Brothers in Arms: Hell's Highway","1573","Brothers in Arms: Hell's Highway","3496080","19500","35948","5","95","6","0","179.29","Brothers in Arms: Hell's Highway"
"Force Of Nature","1574","Force Of Nature","3494580","16560","19915","4","51","6","0","211.03","Force Of Nature"
"Journey of a Roach","1575","Journey of a Roach","3493140","13620","18069","5","75","6","0","256.47","Journey of a Roach"
"I Am Bread","1576","I Am Bread","3489120","306720","5739","8","2584","6","0","11.38","I Am Bread"
"Aliens: Colonial Marines","1577","Aliens: Colonial Marines","3487080","100320","15018","4","393","6","0","34.76","Aliens: Colonial Marines"
"Hitman 6 (Working Title)","1578","Hitman 6 (Working Title)","3475440","25200","8695","19","183","6","0","137.91","Hitman 6 (Working Title)"
"Mr. Gimmick","1579","Mr. Gimmick","3474480","69600","125964","8","80","6","0","49.92","Mr. Gimmick"
"SCP Containment Breach","1580","SCP Containment Breach","3474060","203040","3113","7","1270","6","0","17.11","SCP Containment Breach"
"Monkey Island 2:  LeChuck's Revenge","1581","Monkey Island 2:  LeChuck's Revenge","3470220","101460","3086","3","257","6","0","34.2","Monkey Island 2:  LeChuck's Revenge"
"Wargame: Red Dragon","1582","Wargame: Red Dragon","3465720","497460","1158","8","773","6","0","6.97","Wargame: Red Dragon"
"The Lab","1583","The Lab","3456600","94380","6420","4","532","6","0","36.62","The Lab"
"Johnny Bazookatone","1584","Johnny Bazookatone","3453000","2040","84633","11","17","6","0","1692.65","Johnny Bazookatone"
"Machinarium","1585","Machinarium","3451260","83100","4436","3","305","6","0","41.53","Machinarium"
"Seiken Densetsu 3","1586","Seiken Densetsu 3","3450540","129840","4436","5","212","6","0","26.58","Seiken Densetsu 3"
"Kingdom Hearts: Birth by Sleep","1587","Kingdom Hearts: Birth by Sleep","3449520","313380","2327","7","542","6","0","11.01","Kingdom Hearts: Birth by Sleep"
"Grand Theft Auto: Liberty City Stories","1588","Grand Theft Auto: Liberty City Stories","3448980","70800","2881","5","96","6","0","48.71","Grand Theft Auto: Liberty City Stories"
"Scratches","1589","Scratches","3447480","11340","10025","5","42","6","0","304.01","Scratches"
"Bulletstorm","1590","Bulletstorm","3441840","122940","20881","6","448","6","0","28","Bulletstorm"
"OMSI 2","1591","OMSI 2","3425940","551820","1574","9","1059","6","1","6.21","OMSI 2"
"TransOcean - The Shipping Company","1592","TransOcean - The Shipping Company","3417480","25500","1642","5","78","6","0","134.02","TransOcean - The Shipping Company"
"Videoball","1593","Videoball","3405780","25620","8568","7","139","6","0","132.93","Videoball"
"Tetris: The Grand Master","1594","Tetris: The Grand Master","3401160","70260","8194","4","90","6","0","48.41","Tetris: The Grand Master"
"Virginia","1595","Virginia","3400500","112500","7528","23","851","6","0","30.23","Virginia"
"Space Food Truck","1596","Space Food Truck","3397200","19260","7807","4","88","6","0","176.39","Space Food Truck"
"Golden Axe","1597","Golden Axe","3394620","55020","27441","8","374","6","0","61.7","Golden Axe"
"Transistor","1598","Transistor","3394380","471720","10431","8","2622","6","0","7.2","Transistor"
"Rake","1599","Rake","3391620","87780","7692","6","615","6","0","38.64","Rake"
"Dead Island: Definitive Collection","1600","Dead Island: Definitive Collection","3386640","269820","1708","28","4848","6","0","12.55","Dead Island: Definitive Collection"