"","","Game","Watch time","Stream time","Peak viewers","Peak channels","Streamers","Average viewers","Average channels","Average viewer ratio",""
"Romance of the Three Kingdoms XII","3801","Romance of the Three Kingdoms XII","1758300","55440","1019","5","59","3","0","31.72","Romance of the Three Kingdoms XII"
"Fate/Grand Order","3802","Fate/Grand Order","11290560","356160","5806","23","396","21","0","31.7","Fate/Grand Order"
"King Arthur's Gold","3803","King Arthur's Gold","642540","20280","10068","3","126","1","0","31.68","King Arthur's Gold"
"Trauma Team","3804","Trauma Team","560580","17700","378","2","27","1","0","31.67","Trauma Team"
"Sissy's Magical Ponycorn Adventure","3805","Sissy's Magical Ponycorn Adventure","5700","180","88","1","1","0","0","31.67","Sissy's Magical Ponycorn Adventure"
"Battle Carnival","3806","Battle Carnival","1580820","49920","2647","8","204","2","0","31.67","Battle Carnival"
"The Harvest","3807","The Harvest","5700","180","37","1","1","0","0","31.67","The Harvest"
"Buzz! Junior: Monster Rumble","3808","Buzz! Junior: Monster Rumble","5700","180","34","1","1","0","0","31.67","Buzz! Junior: Monster Rumble"
"Deadly Premonition: The Director's Cut","3809","Deadly Premonition: The Director's Cut","5606580","177060","3609","14","466","10","0","31.66","Deadly Premonition: The Director's Cut"
"Doki-Doki Universe","3810","Doki-Doki Universe","47460","1500","399","1","62","0","0","31.64","Doki-Doki Universe"
"Hot Wheels: Stunt Track Driver","3811","Hot Wheels: Stunt Track Driver","39840","1260","575","1","10","0","0","31.62","Hot Wheels: Stunt Track Driver"
"Aika Online","3812","Aika Online","422820","13380","1176","3","41","0","0","31.6","Aika Online"
"Domestic Dog Simulator","3813","Domestic Dog Simulator","145860","4620","416","2","32","0","0","31.57","Domestic Dog Simulator"
"Candle","3814","Candle","340500","10800","255","3","35","0","0","31.53","Candle"
"Cubix: Robots for Everyone Race'n Robots","3815","Cubix: Robots for Everyone Race'n Robots","28380","900","82","1","4","0","0","31.53","Cubix: Robots for Everyone Race'n Robots"
"Sabrina, the Teenage Witch: Spellbound","3816","Sabrina, the Teenage Witch: Spellbound","3780","120","33","1","1","0","0","31.5","Sabrina, the Teenage Witch: Spellbound"
"Crazy Climber 2","3817","Crazy Climber 2","7560","240","123","1","1","0","0","31.5","Crazy Climber 2"
"Rayman Brain Games","3818","Rayman Brain Games","11340","360","43","1","2","0","0","31.5","Rayman Brain Games"
"Mystery Case Files: Huntsville","3819","Mystery Case Files: Huntsville","22680","720","373","1","6","0","0","31.5","Mystery Case Files: Huntsville"
"Fat Princess Adventures","3820","Fat Princess Adventures","531060","16860","1413","3","573","1","0","31.5","Fat Princess Adventures"
"Firefly","3821","Firefly","136020","4320","594","1","9","0","0","31.49","Firefly"
"Ultimate Air Combat","3822","Ultimate Air Combat","28320","900","123","1","2","0","0","31.47","Ultimate Air Combat"
"Why Am I Dead At Sea","3823","Why Am I Dead At Sea","64200","2040","169","1","4","0","0","31.47","Why Am I Dead At Sea"
"Kevin Keegan's Player Manager","3824","Kevin Keegan's Player Manager","20760","660","62","1","3","0","0","31.45","Kevin Keegan's Player Manager"
"BCV: Battle Construction Vehicles","3825","BCV: Battle Construction Vehicles","16980","540","76","1","3","0","0","31.44","BCV: Battle Construction Vehicles"
"Messiah","3826","Messiah","13200","420","153","1","4","0","0","31.43","Messiah"
"Inspector Gadget","3827","Inspector Gadget","126300","4020","1366","1","10","0","0","31.42","Inspector Gadget"
"Dead Effect 2","3828","Dead Effect 2","1244700","39660","31079","6","165","2","0","31.38","Dead Effect 2"
"Super C","3829","Super C","1537680","49020","5748","3","127","2","0","31.37","Super C"
"Arcania: Gothic 4","3830","Arcania: Gothic 4","1225500","39060","1608","2","89","2","0","31.37","Arcania: Gothic 4"
"Monster in My Pocket","3831","Monster in My Pocket","161700","5160","767","2","31","0","0","31.34","Monster in My Pocket"
"Mary-Kate and Ashley: Crush Course","3832","Mary-Kate and Ashley: Crush Course","33840","1080","266","1","4","0","0","31.33","Mary-Kate and Ashley: Crush Course"
"Torino 2006","3833","Torino 2006","5640","180","43","1","1","0","0","31.33","Torino 2006"
"Flinthook","3834","Flinthook","5640","180","99","1","1","0","0","31.33","Flinthook"
"Final Fantasy Tactics","3835","Final Fantasy Tactics","18285600","584040","4105","9","577","34","1","31.31","Final Fantasy Tactics"
"Spore","3836","Spore","13674420","436800","21104","15","2327","25","0","31.31","Spore"
"Musya","3837","Musya","13140","420","80","1","2","0","0","31.29","Musya"
"Mushroom 11","3838","Mushroom 11","707640","22620","3509","2","111","1","0","31.28","Mushroom 11"
"Silent Hill 2: Restless Dreams","3839","Silent Hill 2: Restless Dreams","448440","14340","325","3","41","0","0","31.27","Silent Hill 2: Restless Dreams"
"Golgo 13: Top Secret Episode","3840","Golgo 13: Top Secret Episode","69360","2220","248","1","10","0","0","31.24","Golgo 13: Top Secret Episode"
"Corpse Killer","3841","Corpse Killer","31860","1020","104","1","8","0","0","31.24","Corpse Killer"
"Resident Evil: Director's Cut","3842","Resident Evil: Director's Cut","1812840","58140","1444","3","163","3","0","31.18","Resident Evil: Director's Cut"
"Mystical Ninja Starring Goemon","3843","Mystical Ninja Starring Goemon","4033980","129420","5168","8","201","7","0","31.17","Mystical Ninja Starring Goemon"
"Cyborg 009","3844","Cyborg 009","35520","1140","85","1","4","0","0","31.16","Cyborg 009"
"Rhythm Heaven Fever","3845","Rhythm Heaven Fever","2169660","69660","1939","4","236","4","0","31.15","Rhythm Heaven Fever"
"Apollo Justice: Ace Attorney","3846","Apollo Justice: Ace Attorney","2149620","69000","555","3","77","4","0","31.15","Apollo Justice: Ace Attorney"
"The Saboteur","3847","The Saboteur","2199540","70620","2661","3","188","4","0","31.15","The Saboteur"
"GoldenEye: Source","3848","GoldenEye: Source","7065360","227040","44958","30","1340","13","0","31.12","GoldenEye: Source"
"The Ring: Terror's Realm","3849","The Ring: Terror's Realm","123240","3960","554","1","13","0","0","31.12","The Ring: Terror's Realm"
"Xargon","3850","Xargon","50400","1620","73","1","5","0","0","31.11","Xargon"
"Hitman: Codename 47","3851","Hitman: Codename 47","2103960","67620","4135","3","211","3","0","31.11","Hitman: Codename 47"
"Splatterhouse: Wanpaku Graffiti","3852","Splatterhouse: Wanpaku Graffiti","115680","3720","885","1","22","0","0","31.1","Splatterhouse: Wanpaku Graffiti"
"Dungeon Souls","3853","Dungeon Souls","2272800","73080","18223","4","336","4","0","31.1","Dungeon Souls"
"Kenka Bancho 5: Otoko no Hosoku","3854","Kenka Bancho 5: Otoko no Hosoku","18660","600","167","1","3","0","0","31.1","Kenka Bancho 5: Otoko no Hosoku"
"Battle Girl High School","3855","Battle Girl High School","2083440","67020","1277","4","89","3","0","31.09","Battle Girl High School"
"Half-Minute Hero: The Second Coming","3856","Half-Minute Hero: The Second Coming","684300","22020","4209","2","86","1","0","31.08","Half-Minute Hero: The Second Coming"
"Tropico 4","3857","Tropico 4","4693680","151020","2435","14","616","8","0","31.08","Tropico 4"
"Oxenfree","3858","Oxenfree","17475780","562260","33124","22","2560","33","1","31.08","Oxenfree"
"Mario Golf: World Tour","3859","Mario Golf: World Tour","154800","4980","1767","1","21","0","0","31.08","Mario Golf: World Tour"
"Cosmochoria","3860","Cosmochoria","82020","2640","234","1","19","0","0","31.07","Cosmochoria"
"The Walking Dead: Michonne","3861","The Walking Dead: Michonne","25849620","832080","27589","118","4714","49","1","31.07","The Walking Dead: Michonne"
"Hyper Princess Pitch","3862","Hyper Princess Pitch","193800","6240","1527","1","14","0","0","31.06","Hyper Princess Pitch"
"Pokémon Ranger: Guardian Signs","3863","Pokémon Ranger: Guardian Signs","217920","7020","1231","1","17","0","0","31.04","Pokémon Ranger: Guardian Signs"
"Stellaris","3864","Stellaris","116006280","3738480","32618","304","6576","220","7","31.03","Stellaris"
"Soulcalibur III","3865","Soulcalibur III","701700","22620","6030","2","87","1","0","31.02","Soulcalibur III"
"Panzer Dragoon","3866","Panzer Dragoon","133980","4320","492","1","29","0","0","31.01","Panzer Dragoon"
"Sonic Crackers","3867","Sonic Crackers","1860","60","45","1","1","0","0","31","Sonic Crackers"
"Haunt","3868","Haunt","48360","1560","298","1","13","0","0","31","Haunt"
"Crossword","3869","Crossword","755040","24360","579","1","9","1","0","31","Crossword"
"Nikopol: Secrets of the Immortals","3870","Nikopol: Secrets of the Immortals","50220","1620","205","1","10","0","0","31","Nikopol: Secrets of the Immortals"
"Kinect Party","3871","Kinect Party","5580","180","42","1","1","0","0","31","Kinect Party"
"Metal Mutant","3872","Metal Mutant","3720","120","39","1","1","0","0","31","Metal Mutant"
"Tom & Jerry: The Ultimate Game of Cat and Mouse!","3873","Tom & Jerry: The Ultimate Game of Cat and Mouse!","1860","60","33","1","1","0","0","31","Tom & Jerry: The Ultimate Game of Cat and Mouse!"
"Girls Life : Strass & Diamonds","3874","Girls Life : Strass & Diamonds","1860","60","31","1","0","0","0","31","Girls Life : Strass & Diamonds"
"Troggle Trouble Math","3875","Troggle Trouble Math","7440","240","38","1","2","0","0","31","Troggle Trouble Math"
"Dungelot: Shattered Lands","3876","Dungelot: Shattered Lands","3011460","97140","4935","61","323","5","0","31","Dungelot: Shattered Lands"
"Ferrum's Secrets: Where Is Grandpa?","3877","Ferrum's Secrets: Where Is Grandpa?","13020","420","78","1","3","0","0","31","Ferrum's Secrets: Where Is Grandpa?"
"Townopolis","3878","Townopolis","27900","900","490","1","6","0","0","31","Townopolis"
"Baby Leland","3879","Baby Leland","1860","60","41","1","1","0","0","31","Baby Leland"
"Trauma Center: Second Opinion","3880","Trauma Center: Second Opinion","859020","27720","3715","4","61","1","0","30.99","Trauma Center: Second Opinion"
"Terranigma","3881","Terranigma","7126320","230040","4240","8","282","13","0","30.98","Terranigma"
"World of Warcraft","3882","World of Warcraft","8971799100","289807080","227428","4567","206776","17024","549","30.96","World of Warcraft"
"Chip 'N Dale: Rescue Rangers","3883","Chip 'N Dale: Rescue Rangers","4111980","132840","5276","39","398","7","0","30.95","Chip 'N Dale: Rescue Rangers"
"Mario Tennis: Ultra Smash","3884","Mario Tennis: Ultra Smash","549540","17760","1685","2","90","1","0","30.94","Mario Tennis: Ultra Smash"
"Batman: Return to Arkham","3885","Batman: Return to Arkham","2108760","68160","2919","10","189","4","0","30.94","Batman: Return to Arkham"
"RETSNOM","3886","RETSNOM","96540","3120","278","1","16","0","0","30.94","RETSNOM"
"Super Double Dragon","3887","Super Double Dragon","346980","11220","4336","2","59","0","0","30.93","Super Double Dragon"
"Shadwen","3888","Shadwen","1820160","58860","16418","10","281","3","0","30.92","Shadwen"
"KeeperRL","3889","KeeperRL","24120","780","84","1","9","0","0","30.92","KeeperRL"
"Deadliest Warrior: Legends","3890","Deadliest Warrior: Legends","213240","6900","1908","2","56","0","0","30.9","Deadliest Warrior: Legends"
"Armored Core V","3891","Armored Core V","177780","5760","296","1","18","0","0","30.86","Armored Core V"
"Quiplash","3892","Quiplash","90914040","2945700","27525","33","10143","172","5","30.86","Quiplash"
"Eidolon","3893","Eidolon","140700","4560","198","1","17","0","0","30.86","Eidolon"
"Dig Or Die","3894","Dig Or Die","1497120","48540","806","3","172","2","0","30.84","Dig Or Die"
"Curve Fever","3895","Curve Fever","932580","30240","3930","3","229","1","0","30.84","Curve Fever"
"Kurushi Final: Mental Blocks","3896","Kurushi Final: Mental Blocks","11100","360","141","1","6","0","0","30.83","Kurushi Final: Mental Blocks"
"Beethoven: The Ultimate Canine Caper","3897","Beethoven: The Ultimate Canine Caper","109140","3540","604","3","21","0","0","30.83","Beethoven: The Ultimate Canine Caper"
"Spy Chameleon RGB Agent","3898","Spy Chameleon RGB Agent","294000","9540","3477","2","54","0","0","30.82","Spy Chameleon RGB Agent"
"Dragon Ball Z","3899","Dragon Ball Z","1527060","49560","2748","3","188","2","0","30.81","Dragon Ball Z"
"Cabela's Dangerous Hunts 2","3900","Cabela's Dangerous Hunts 2","49920","1620","306","1","6","0","0","30.81","Cabela's Dangerous Hunts 2"