"","","Game","Watch time","Stream time","Peak viewers","Peak channels","Streamers","Average viewers","Average channels","Average viewer ratio",""
"House of 1000 Doors: The Palm of Zoroaster","12201","House of 1000 Doors: The Palm of Zoroaster","18960","3900","26","1","14","0","0","4.86","House of 1000 Doors: The Palm of Zoroaster"
"Windward","12202","Windward","573840","118020","462","9","365","1","0","4.86","Windward"
"Soul Eater: Battle Resonance","12203","Soul Eater: Battle Resonance","4080","840","9","1","3","0","0","4.86","Soul Eater: Battle Resonance"
"Shadow Puppeteer","12204","Shadow Puppeteer","20700","4260","21","1","25","0","0","4.86","Shadow Puppeteer"
"Star Ocean:  Second Evolution","12205","Star Ocean:  Second Evolution","289200","59520","72","3","106","0","0","4.86","Star Ocean:  Second Evolution"
"Requiem: Memento Mori","12206","Requiem: Memento Mori","93660","19320","80","2","21","0","0","4.85","Requiem: Memento Mori"
"Bugs Bunny's Birthday Ball","12207","Bugs Bunny's Birthday Ball","23580","4860","65","1","8","0","0","4.85","Bugs Bunny's Birthday Ball"
"Anarchy Online","12208","Anarchy Online","878040","181200","45","5","120","1","0","4.85","Anarchy Online"
"NBA 2K14","12209","NBA 2K14","1569000","323760","1812","7","1210","2","0","4.85","NBA 2K14"
"Sid Meier's Civilization III","12210","Sid Meier's Civilization III","99240","20460","294","2","72","0","0","4.85","Sid Meier's Civilization III"
"Monster Party","12211","Monster Party","41040","8460","61","3","38","0","0","4.85","Monster Party"
"Yume Kōjō: Doki Doki Panic","12212","Yume Kōjō: Doki Doki Panic","20640","4260","84","1","7","0","0","4.85","Yume Kōjō: Doki Doki Panic"
"Summer Carnival '92: Recca","12213","Summer Carnival '92: Recca","5820","1200","25","1","8","0","0","4.85","Summer Carnival '92: Recca"
"Finance","12214","Finance","855060","176220","95","4","34","1","0","4.85","Finance"
"Adventure Time: Explore the Dungeon Because I DON'T KNOW!","12215","Adventure Time: Explore the Dungeon Because I DON'T KNOW!","18000","3720","46","1","24","0","0","4.84","Adventure Time: Explore the Dungeon Because I DON'T KNOW!"
"Schrödinger's Cat and the Raiders of the Lost Quark","12216","Schrödinger's Cat and the Raiders of the Lost Quark","38640","7980","78","2","40","0","0","4.84","Schrödinger's Cat and the Raiders of the Lost Quark"
"Boktai: The Sun is in Your Hand","12217","Boktai: The Sun is in Your Hand","51360","10620","68","1","27","0","0","4.84","Boktai: The Sun is in Your Hand"
"Stick Arena Ballistick","12218","Stick Arena Ballistick","20340","4200","25","2","12","0","0","4.84","Stick Arena Ballistick"
"Total War Battles: KINGDOM","12219","Total War Battles: KINGDOM","44100","9120","120","2","46","0","0","4.84","Total War Battles: KINGDOM"
"Stranger of Sword City","12220","Stranger of Sword City","79800","16500","79","2","14","0","0","4.84","Stranger of Sword City"
"Futurama: Game of Drones","12221","Futurama: Game of Drones","1740","360","15","1","4","0","0","4.83","Futurama: Game of Drones"
"Cruis'n","12222","Cruis'n","1740","360","15","1","2","0","0","4.83","Cruis'n"
"Sega Rally Online Arcade","12223","Sega Rally Online Arcade","1740","360","14","1","2","0","0","4.83","Sega Rally Online Arcade"
"Mafia III: Rivals","12224","Mafia III: Rivals","3480","720","19","1","7","0","0","4.83","Mafia III: Rivals"
"Namco Museum Vol. 3","12225","Namco Museum Vol. 3","1740","360","11","1","2","0","0","4.83","Namco Museum Vol. 3"
"Impossible Creatures","12226","Impossible Creatures","96180","19920","255","3","76","0","0","4.83","Impossible Creatures"
"R-Type Delta","12227","R-Type Delta","6660","1380","35","1","12","0","0","4.83","R-Type Delta"
"Last Word","12228","Last Word","23460","4860","144","1","18","0","0","4.83","Last Word"
"Mind=0","12229","Mind=0","42900","8880","41","2","31","0","0","4.83","Mind=0"
"Blackshot","12230","Blackshot","399420","82620","710","5","301","0","0","4.83","Blackshot"
"The Ico & Shadow of the Colossus Collection","12231","The Ico & Shadow of the Colossus Collection","136980","28380","52","2","64","0","0","4.83","The Ico & Shadow of the Colossus Collection"
"Kreatives Gehirntraining","12232","Kreatives Gehirntraining","33360","6900","81","1","45","0","0","4.83","Kreatives Gehirntraining"
"Strider Returns","12233","Strider Returns","6960","1440","85","1","13","0","0","4.83","Strider Returns"
"Secret Files 3","12234","Secret Files 3","9540","1980","14","1","4","0","0","4.82","Secret Files 3"
"Yury","12235","Yury","3180","660","18","1","5","0","0","4.82","Yury"
"Dark Void Zero","12236","Dark Void Zero","4920","1020","23","1","6","0","0","4.82","Dark Void Zero"
"The Simpsons Wrestling","12237","The Simpsons Wrestling","6360","1320","25","1","7","0","0","4.82","The Simpsons Wrestling"
"Hearts of Iron II","12238","Hearts of Iron II","24300","5040","18","1","14","0","0","4.82","Hearts of Iron II"
"Samurai Shodown SEN","12239","Samurai Shodown SEN","4920","1020","18","1","5","0","0","4.82","Samurai Shodown SEN"
"Sniper: Ghost Warrior 2","12240","Sniper: Ghost Warrior 2","391980","81240","301","5","500","0","0","4.82","Sniper: Ghost Warrior 2"
"Hawken","12241","Hawken","6792360","1407780","1389","99","7900","12","2","4.82","Hawken"
"Sparkle 2","12242","Sparkle 2","96300","19980","179","4","83","0","0","4.82","Sparkle 2"
"Which","12243","Which","6360","1320","55","1","14","0","0","4.82","Which"
"Runaway 2: The Dream of the Turtle","12244","Runaway 2: The Dream of the Turtle","31260","6480","83","1","12","0","0","4.82","Runaway 2: The Dream of the Turtle"
"Beatbuddy: Tale of the Guardians","12245","Beatbuddy: Tale of the Guardians","80040","16620","126","2","91","0","0","4.82","Beatbuddy: Tale of the Guardians"
"Gamino","12246","Gamino","14460","3000","103","1","20","0","0","4.82","Gamino"
"Startopia","12247","Startopia","59580","12360","130","2","47","0","0","4.82","Startopia"
"The Shape Of Heart","12248","The Shape Of Heart","4920","1020","11","1","7","0","0","4.82","The Shape Of Heart"
"Star Wars: X-Wing - Imperial Pursuit","12249","Star Wars: X-Wing - Imperial Pursuit","4920","1020","13","1","2","0","0","4.82","Star Wars: X-Wing - Imperial Pursuit"
"Pawapuro Stadium","12250","Pawapuro Stadium","3180","660","10","1","4","0","0","4.82","Pawapuro Stadium"
"Star Ocean: Blue Sphere","12251","Star Ocean: Blue Sphere","19680","4080","32","1","3","0","0","4.82","Star Ocean: Blue Sphere"
"American Truck","12252","American Truck","10380","2160","22","1","11","0","0","4.81","American Truck"
"UNO & Friends","12253","UNO & Friends","43620","9060","61","2","71","0","0","4.81","UNO & Friends"
"Worms 3D","12254","Worms 3D","47340","9840","283","2","30","0","0","4.81","Worms 3D"
"Super Meat Boy Forever","12255","Super Meat Boy Forever","10380","2160","84","1","16","0","0","4.81","Super Meat Boy Forever"
"NBA Street V3","12256","NBA Street V3","10680","2220","50","1","16","0","0","4.81","NBA Street V3"
"Yggdra Union: We'll Never Fight Alone","12257","Yggdra Union: We'll Never Fight Alone","85740","17820","23","1","18","0","0","4.81","Yggdra Union: We'll Never Fight Alone"
"Ai Cho Aniki","12258","Ai Cho Aniki","1440","300","13","1","2","0","0","4.8","Ai Cho Aniki"
"Planet Explorers","12259","Planet Explorers","531060","110700","386","6","277","1","0","4.8","Planet Explorers"
"Space Invaders Extreme","12260","Space Invaders Extreme","2880","600","37","1","6","0","0","4.8","Space Invaders Extreme"
"IonballEX","12261","IonballEX","1440","300","21","1","5","0","0","4.8","IonballEX"
"Counter-Strike: Source","12262","Counter-Strike: Source","6391080","1332180","6426","15","8819","12","2","4.8","Counter-Strike: Source"
"Silviana","12263","Silviana","1440","300","8","1","1","0","0","4.8","Silviana"
"Medivia Online","12264","Medivia Online","409440","85380","88","3","139","0","0","4.8","Medivia Online"
"Janggun-ui Adeul","12265","Janggun-ui Adeul","1440","300","16","3","3","0","0","4.8","Janggun-ui Adeul"
"Gouketsuji Ichizoku Matsuri Senzo Kuyou","12266","Gouketsuji Ichizoku Matsuri Senzo Kuyou","1440","300","9","1","2","0","0","4.8","Gouketsuji Ichizoku Matsuri Senzo Kuyou"
"Sega Arcade Gallery","12267","Sega Arcade Gallery","5760","1200","26","1","8","0","0","4.8","Sega Arcade Gallery"
"Trump Castle: The Ultimate Casino Gambling Simulation","12268","Trump Castle: The Ultimate Casino Gambling Simulation","4320","900","11","1","4","0","0","4.8","Trump Castle: The Ultimate Casino Gambling Simulation"
"Achron","12269","Achron","2880","600","9","1","2","0","0","4.8","Achron"
"Saint Seiya: Ougon Densetsu","12270","Saint Seiya: Ougon Densetsu","2880","600","10","1","3","0","0","4.8","Saint Seiya: Ougon Densetsu"
"Tokyo Hosto","12271","Tokyo Hosto","1440","300","8","1","3","0","0","4.8","Tokyo Hosto"
"Stardom: The A-List","12272","Stardom: The A-List","1440","300","7","1","1","0","0","4.8","Stardom: The A-List"
"Dreadnoughts","12273","Dreadnoughts","19020","3960","41","1","16","0","0","4.8","Dreadnoughts"
"Yahtzee Adventures","12274","Yahtzee Adventures","1440","300","20","1","2","0","0","4.8","Yahtzee Adventures"
"The Weakest Link & Friends","12275","The Weakest Link & Friends","1440","300","8","1","1","0","0","4.8","The Weakest Link & Friends"
"Xmas Puzzle","12276","Xmas Puzzle","1440","300","11","1","2","0","0","4.8","Xmas Puzzle"
"Profane","12277","Profane","8640","1800","34","2","4","0","0","4.8","Profane"
"Avorion","12278","Avorion","30720","6420","41","2","14","0","0","4.79","Avorion"
"Dracula 4: Shadow of the Dragon","12279","Dracula 4: Shadow of the Dragon","9480","1980","14","1","6","0","0","4.79","Dracula 4: Shadow of the Dragon"
"Nancy Drew: The Phantom of Venice","12280","Nancy Drew: The Phantom of Venice","32220","6720","30","1","20","0","0","4.79","Nancy Drew: The Phantom of Venice"
"Bomberman Jetters: Densetsu no Bomberman","12281","Bomberman Jetters: Densetsu no Bomberman","8340","1740","31","1","2","0","0","4.79","Bomberman Jetters: Densetsu no Bomberman"
"Dance Dance Revolution 3rdMIX","12282","Dance Dance Revolution 3rdMIX","4020","840","13","1","4","0","0","4.79","Dance Dance Revolution 3rdMIX"
"Signs of Life","12283","Signs of Life","27600","5760","55","2","21","0","0","4.79","Signs of Life"
"Super Soccer","12284","Super Soccer","12060","2520","11","1","7","0","0","4.79","Super Soccer"
"Popful Mail","12285","Popful Mail","94200","19680","48","2","30","0","0","4.79","Popful Mail"
"Thousand Arms","12286","Thousand Arms","43440","9060","43","2","17","0","0","4.79","Thousand Arms"
"Fullmetal Alchemist 2: Curse of the Crimson Elixir","12287","Fullmetal Alchemist 2: Curse of the Crimson Elixir","21240","4440","29","1","13","0","0","4.78","Fullmetal Alchemist 2: Curse of the Crimson Elixir"
"Aveyond","12288","Aveyond","19500","4080","32","1","13","0","0","4.78","Aveyond"
"The Legend of Heroes: Trails of Cold Steel","12289","The Legend of Heroes: Trails of Cold Steel","1164540","243600","483","5","130","2","0","4.78","The Legend of Heroes: Trails of Cold Steel"
"Fire Emblem: Shadow Dragon","12290","Fire Emblem: Shadow Dragon","143700","30060","92","2","78","0","0","4.78","Fire Emblem: Shadow Dragon"
"The Ultimate Doom","12291","The Ultimate Doom","786300","164640","4607","5","712","1","0","4.78","The Ultimate Doom"
"Mermaid Swamp","12292","Mermaid Swamp","52740","11040","229","1","38","0","0","4.78","Mermaid Swamp"
"Supercow","12293","Supercow","2580","540","18","1","4","0","0","4.78","Supercow"
"The Sims Medieval: Pirates and Nobles","12294","The Sims Medieval: Pirates and Nobles","41880","8760","41","2","32","0","0","4.78","The Sims Medieval: Pirates and Nobles"
"Counter-Strike 2D","12295","Counter-Strike 2D","141180","29520","684","3","181","0","0","4.78","Counter-Strike 2D"
"Speedy Gonzales in Los Gatos Bandidos","12296","Speedy Gonzales in Los Gatos Bandidos","19500","4080","80","1","9","0","0","4.78","Speedy Gonzales in Los Gatos Bandidos"
"Two Brothers","12297","Two Brothers","14040","2940","21","1","10","0","0","4.78","Two Brothers"
"7 Blades","12298","7 Blades","2580","540","10","1","2","0","0","4.78","7 Blades"
"Mishap 2: An Intentional Haunting","12299","Mishap 2: An Intentional Haunting","2580","540","8","1","1","0","0","4.78","Mishap 2: An Intentional Haunting"
"Crossing Souls","12300","Crossing Souls","18600","3900","35","1","2","0","0","4.77","Crossing Souls"