"","","Game","Watch time","Stream time","Peak viewers","Peak channels","Streamers","Average viewers","Average channels","Average viewer ratio",""
"Kartia: The Word of Fate","9601","Kartia: The Word of Fate","9900","1320","22","1","6","0","0","7.5","Kartia: The Word of Fate"
"Dual Hearts","9602","Dual Hearts","6300","840","38","1","4","0","0","7.5","Dual Hearts"
"Star Conflict","9603","Star Conflict","2540760","338820","9626","6","968","4","0","7.5","Star Conflict"
"Zack Zero","9604","Zack Zero","5400","720","39","1","5","0","0","7.5","Zack Zero"
"Dokapon","9605","Dokapon","7200","960","16","1","2","0","0","7.5","Dokapon"
"Theatrhythm Final Fantasy","9606","Theatrhythm Final Fantasy","11700","1560","30","1","9","0","0","7.5","Theatrhythm Final Fantasy"
"Royal Stone","9607","Royal Stone","1800","240","17","1","2","0","0","7.5","Royal Stone"
"Fan Tas Tic","9608","Fan Tas Tic","1800","240","10","1","1","0","0","7.5","Fan Tas Tic"
"The Island of Dr. Brain","9609","The Island of Dr. Brain","6300","840","21","2","4","0","0","7.5","The Island of Dr. Brain"
"Bean Dreams","9610","Bean Dreams","900","120","8","1","1","0","0","7.5","Bean Dreams"
"World Racing 2","9611","World Racing 2","10800","1440","17","2","5","0","0","7.5","World Racing 2"
"Medabots Infinity","9612","Medabots Infinity","4500","600","84","1","4","0","0","7.5","Medabots Infinity"
"JelloCar","9613","JelloCar","900","120","9","1","1","0","0","7.5","JelloCar"
"Furbyland","9614","Furbyland","1800","240","22","1","1","0","0","7.5","Furbyland"
"A Train 6","9615","A Train 6","900","120","11","1","1","0","0","7.5","A Train 6"
"Dark Parables: The Final Cinderella","9616","Dark Parables: The Final Cinderella","6300","840","16","1","3","0","0","7.5","Dark Parables: The Final Cinderella"
"Muncher","9617","Muncher","2700","360","13","1","1","0","0","7.5","Muncher"
"Supercross Circuit","9618","Supercross Circuit","900","120","8","1","1","0","0","7.5","Supercross Circuit"
"Disney/Pixar's Monsters Inc.: Pinball Panic","9619","Disney/Pixar's Monsters Inc.: Pinball Panic","900","120","10","1","1","0","0","7.5","Disney/Pixar's Monsters Inc.: Pinball Panic"
"Galaxy","9620","Galaxy","900","120","9","1","1","0","0","7.5","Galaxy"
"Neon Paddles","9621","Neon Paddles","900","120","9","1","1","0","0","7.5","Neon Paddles"
"Just Dance Kids","9622","Just Dance Kids","900","120","9","1","2","0","0","7.5","Just Dance Kids"
"Street Sports Baseball","9623","Street Sports Baseball","900","120","10","1","1","0","0","7.5","Street Sports Baseball"
"Snood 2: On Vacation","9624","Snood 2: On Vacation","900","120","9","1","1","0","0","7.5","Snood 2: On Vacation"
"Kitten Sanctuary","9625","Kitten Sanctuary","900","120","16","1","1","0","0","7.5","Kitten Sanctuary"
"Theatre of War 2: Kursk 1943","9626","Theatre of War 2: Kursk 1943","900","120","9","1","1","0","0","7.5","Theatre of War 2: Kursk 1943"
"Cranium Kabookii","9627","Cranium Kabookii","900","120","9","1","1","0","0","7.5","Cranium Kabookii"
"Family Fortunes","9628","Family Fortunes","900","120","9","1","2","0","0","7.5","Family Fortunes"
"Top Cat in Beverly Hills Cats","9629","Top Cat in Beverly Hills Cats","2700","360","19","1","2","0","0","7.5","Top Cat in Beverly Hills Cats"
"Daryl F. Gates' Police Quest: SWAT","9630","Daryl F. Gates' Police Quest: SWAT","900","120","11","1","1","0","0","7.5","Daryl F. Gates' Police Quest: SWAT"
"Cardfight!! Online","9631","Cardfight!! Online","561240","74880","340","25","193","1","0","7.5","Cardfight!! Online"
"G-Saviour","9632","G-Saviour","900","120","8","1","1","0","0","7.5","G-Saviour"
"jubeat saucer","9633","jubeat saucer","1800","240","13","1","2","0","0","7.5","jubeat saucer"
"QTE Champ","9634","QTE Champ","900","120","11","1","1","0","0","7.5","QTE Champ"
"The Clockwork Man","9635","The Clockwork Man","900","120","11","1","1","0","0","7.5","The Clockwork Man"
"Bounty Bob Strikes Back!","9636","Bounty Bob Strikes Back!","900","120","9","1","1","0","0","7.5","Bounty Bob Strikes Back!"
"Le Tour de France 2013 - 100th Edition","9637","Le Tour de France 2013 - 100th Edition","900","120","11","1","1","0","0","7.5","Le Tour de France 2013 - 100th Edition"
"Kyuutenkai: Fantastic Pinball","9638","Kyuutenkai: Fantastic Pinball","1800","240","16","1","1","0","0","7.5","Kyuutenkai: Fantastic Pinball"
"Esper 2","9639","Esper 2","9000","1200","49","1","5","0","0","7.5","Esper 2"
"Blodia","9640","Blodia","900","120","8","1","1","0","0","7.5","Blodia"
"WWE 2K17","9641","WWE 2K17","33223020","4438080","7523","246","10346","63","8","7.49","WWE 2K17"
"MechCommander","9642","MechCommander","17520","2340","20","1","5","0","0","7.49","MechCommander"
"Prime World: Defenders","9643","Prime World: Defenders","26520","3540","177","1","14","0","0","7.49","Prime World: Defenders"
"Super Heroine Chronicle","9644","Super Heroine Chronicle","16620","2220","52","1","4","0","0","7.49","Super Heroine Chronicle"
"BattleZone","9645","BattleZone","202440","27060","738","3","178","0","0","7.48","BattleZone"
"LittleBigPlanet 3","9646","LittleBigPlanet 3","983760","131520","1466","4","5575","1","0","7.48","LittleBigPlanet 3"
"Anodyne","9647","Anodyne","110460","14760","145","2","49","0","0","7.48","Anodyne"
"The Sims 2: Pets","9648","The Sims 2: Pets","359940","48120","1366","3","229","0","0","7.48","The Sims 2: Pets"
"Ravenfield","9649","Ravenfield","39060","5220","467","2","47","0","0","7.48","Ravenfield"
"Warhammer 40,000: Dawn of War - Dark Crusade","9650","Warhammer 40,000: Dawn of War - Dark Crusade","631800","84540","837","3","300","1","0","7.47","Warhammer 40,000: Dawn of War - Dark Crusade"
"Dying Light","9651","Dying Light","170794800","22853160","33983","544","81957","324","43","7.47","Dying Light"
"Dune II: The Building of a Dynasty","9652","Dune II: The Building of a Dynasty","93720","12540","391","2","28","0","0","7.47","Dune II: The Building of a Dynasty"
"World of Subways 4 – New York Line 7","9653","World of Subways 4 – New York Line 7","21060","2820","65","1","14","0","0","7.47","World of Subways 4 – New York Line 7"
"Virtual Pro Wrestling 64","9654","Virtual Pro Wrestling 64","6720","900","53","1","2","0","0","7.47","Virtual Pro Wrestling 64"
"Phantasy Star Nova","9655","Phantasy Star Nova","16560","2220","18","1","3","0","0","7.46","Phantasy Star Nova"
"Populous","9656","Populous","30900","4140","144","1","12","0","0","7.46","Populous"
"Ridge Racer 6","9657","Ridge Racer 6","10740","1440","19","1","5","0","0","7.46","Ridge Racer 6"
"Death by Game Show","9658","Death by Game Show","16560","2220","38","2","13","0","0","7.46","Death by Game Show"
"Finding Teddy","9659","Finding Teddy","50520","6780","176","2","37","0","0","7.45","Finding Teddy"
"SimCity 2000","9660","SimCity 2000","114360","15360","129","2","67","0","0","7.45","SimCity 2000"
"Dark Messiah of Might and Magic: Elements","9661","Dark Messiah of Might and Magic: Elements","131820","17700","130","2","57","0","0","7.45","Dark Messiah of Might and Magic: Elements"
"Golden Sun: Dark Dawn","9662","Golden Sun: Dark Dawn","107700","14460","58","2","23","0","0","7.45","Golden Sun: Dark Dawn"
"Robin Hood: Prince of Thieves","9663","Robin Hood: Prince of Thieves","8940","1200","37","1","6","0","0","7.45","Robin Hood: Prince of Thieves"
"Dodonpachi Dai-Ou-Jou","9664","Dodonpachi Dai-Ou-Jou","88020","11820","36","2","27","0","0","7.45","Dodonpachi Dai-Ou-Jou"
"Capsule Force","9665","Capsule Force","13860","1860","59","1","14","0","0","7.45","Capsule Force"
"IL-2 Sturmovik: Forgotten Battles - Ace","9666","IL-2 Sturmovik: Forgotten Battles - Ace","13860","1860","26","1","4","0","0","7.45","IL-2 Sturmovik: Forgotten Battles - Ace"
"Dark Parables: The Red Riding Hood Sisters","9667","Dark Parables: The Red Riding Hood Sisters","4020","540","17","1","3","0","0","7.44","Dark Parables: The Red Riding Hood Sisters"
"Turok 2: Seeds of Evil","9668","Turok 2: Seeds of Evil","202140","27180","212","2","59","0","0","7.44","Turok 2: Seeds of Evil"
"Karmaflow: The Rock Opera Videogame","9669","Karmaflow: The Rock Opera Videogame","53100","7140","27","1","28","0","0","7.44","Karmaflow: The Rock Opera Videogame"
"My Horse & Me 2","9670","My Horse & Me 2","7140","960","18","1","4","0","0","7.44","My Horse & Me 2"
"Lord of Vermilion","9671","Lord of Vermilion","166920","22440","670","2","6","0","0","7.44","Lord of Vermilion"
"Color Symphony 2","9672","Color Symphony 2","34380","4620","111","1","26","0","0","7.44","Color Symphony 2"
"Tarot Mystery","9673","Tarot Mystery","4020","540","56","1","1","0","0","7.44","Tarot Mystery"
"We Need to Go Deeper","9674","We Need to Go Deeper","3120","420","20","2","2","0","0","7.43","We Need to Go Deeper"
"Sítio do Picapau Amarelo","9675","Sítio do Picapau Amarelo","3120","420","14","1","1","0","0","7.43","Sítio do Picapau Amarelo"
"Kenka Bancho 6: Soul & Blood","9676","Kenka Bancho 6: Soul & Blood","20520","2760","24","1","1","0","0","7.43","Kenka Bancho 6: Soul & Blood"
"F1 World Championship Edition","9677","F1 World Championship Edition","3120","420","21","1","3","0","0","7.43","F1 World Championship Edition"
"Warm Gun","9678","Warm Gun","6240","840","27","1","2","0","0","7.43","Warm Gun"
"Tales of Hearts R","9679","Tales of Hearts R","196620","26460","137","2","21","0","0","7.43","Tales of Hearts R"
"Sniper Elite V2","9680","Sniper Elite V2","1657380","223080","3245","4","1212","3","0","7.43","Sniper Elite V2"
"Mario's Game Gallery","9681","Mario's Game Gallery","13380","1800","46","1","8","0","0","7.43","Mario's Game Gallery"
"Indiana Jones and the Infernal Machine","9682","Indiana Jones and the Infernal Machine","23640","3180","120","1","9","0","0","7.43","Indiana Jones and the Infernal Machine"
"King's Quest II: Romancing the Throne","9683","King's Quest II: Romancing the Throne","38280","5160","100","1","23","0","0","7.42","King's Quest II: Romancing the Throne"
"WWE SmackDown! vs. RAW 2009","9684","WWE SmackDown! vs. RAW 2009","24480","3300","25","1","14","0","0","7.42","WWE SmackDown! vs. RAW 2009"
"Magical Drop V","9685","Magical Drop V","10680","1440","137","1","13","0","0","7.42","Magical Drop V"
"The Binding of Isaac","9686","The Binding of Isaac","3220020","433980","2812","6","2777","6","0","7.42","The Binding of Isaac"
"EverQuest","9687","EverQuest","26626980","3592380","2712","30","1510","50","6","7.41","EverQuest"
"Warhammer 40,000: Regicide","9688","Warhammer 40,000: Regicide","101820","13740","425","2","69","0","0","7.41","Warhammer 40,000: Regicide"
"Baten Kaitos: Eternal Wings and the Lost Ocean","9689","Baten Kaitos: Eternal Wings and the Lost Ocean","678060","91560","208","3","97","1","0","7.41","Baten Kaitos: Eternal Wings and the Lost Ocean"
"Amy","9690","Amy","27120","3660","109","1","11","0","0","7.41","Amy"
"Pro Wrestling","9691","Pro Wrestling","12000","1620","122","1","11","0","0","7.41","Pro Wrestling"
"MOBA Legends","9692","MOBA Legends","315360","42540","2732","4","71","0","0","7.41","MOBA Legends"
"Kidnapped","9693","Kidnapped","84480","11400","141","2","77","0","0","7.41","Kidnapped"
"Remember 11: The Age of Infinity","9694","Remember 11: The Age of Infinity","152460","20580","38","2","10","0","0","7.41","Remember 11: The Age of Infinity"
"Rewind","9695","Rewind","2220","300","17","1","3","0","0","7.4","Rewind"
"Yu-Gi-Oh! Legacy of the Duelist","9696","Yu-Gi-Oh! Legacy of the Duelist","19138740","2586180","6092","25","9657","36","4","7.4","Yu-Gi-Oh! Legacy of the Duelist"
"Super Hero Generation","9697","Super Hero Generation","59520","8040","38","1","7","0","0","7.4","Super Hero Generation"
"Suikoden","9698","Suikoden","1243020","167940","306","3","172","2","0","7.4","Suikoden"
"Airships: Conquer the Skies","9699","Airships: Conquer the Skies","43500","5880","79","2","26","0","0","7.4","Airships: Conquer the Skies"
"Stronghold","9700","Stronghold","480660","64920","207","3","221","0","0","7.4","Stronghold"