"","","Game","Watch time","Stream time","Peak viewers","Peak channels","Streamers","Average viewers","Average channels","Average viewer ratio",""
"Sakura Clicker","6601","Sakura Clicker","1103640","76500","14782","3","343","2","0","14.43","Sakura Clicker"
"The Midnight Station","6602","The Midnight Station","6060","420","54","1","2","0","0","14.43","The Midnight Station"
"Level 22","6603","Level 22","311460","21600","172","6","120","0","0","14.42","Level 22"
"Snoopy and Peanuts","6604","Snoopy and Peanuts","19020","1320","110","1","6","0","0","14.41","Snoopy and Peanuts"
"Portal 2","6605","Portal 2","53070060","3683580","143611","38","17929","100","6","14.41","Portal 2"
"SiN","6606","SiN","86460","6000","106","1","13","0","0","14.41","SiN"
"New Super Hook Girl","6607","New Super Hook Girl","115860","8040","331","2","17","0","0","14.41","New Super Hook Girl"
"Agatha Christie: The ABC Murders","6608","Agatha Christie: The ABC Murders","1162740","80700","2035","6","306","2","0","14.41","Agatha Christie: The ABC Murders"
"Crash Twinsanity","6609","Crash Twinsanity","970080","67380","567","3","160","1","0","14.4","Crash Twinsanity"
"Grandia","6610","Grandia","2388360","165840","573","4","140","4","0","14.4","Grandia"
"Castle Story","6611","Castle Story","735720","51120","2893","3","160","1","0","14.39","Castle Story"
"Enigmatis: The Mists of Ravenwood","6612","Enigmatis: The Mists of Ravenwood","300240","20880","165","2","61","0","0","14.38","Enigmatis: The Mists of Ravenwood"
"Roger Clemens' MVP Baseball","6613","Roger Clemens' MVP Baseball","35340","2460","35","1","1","0","0","14.37","Roger Clemens' MVP Baseball"
"Soviet Strike","6614","Soviet Strike","12060","840","49","1","6","0","0","14.36","Soviet Strike"
"Airline Tycoon","6615","Airline Tycoon","38760","2700","40","2","4","0","0","14.36","Airline Tycoon"
"Blacksea Odyssey","6616","Blacksea Odyssey","404940","28200","299","3","98","0","0","14.36","Blacksea Odyssey"
"Gods of Olympus","6617","Gods of Olympus","21540","1500","70","1","4","0","0","14.36","Gods of Olympus"
"Video Chess","6618","Video Chess","22380","1560","159","1","12","0","0","14.35","Video Chess"
"Super Buster Bros.","6619","Super Buster Bros.","61140","4260","132","3","21","0","0","14.35","Super Buster Bros."
"Crysis Warhead","6620","Crysis Warhead","473460","33000","1171","4","114","0","0","14.35","Crysis Warhead"
"Super Spy Hunter","6621","Super Spy Hunter","37020","2580","169","1","10","0","0","14.35","Super Spy Hunter"
"Jekyll & Hyde","6622","Jekyll & Hyde","5160","360","27","1","3","0","0","14.33","Jekyll & Hyde"
"Karaoke Revolution Volume 3","6623","Karaoke Revolution Volume 3","2580","180","32","1","2","0","0","14.33","Karaoke Revolution Volume 3"
"Flappy","6624","Flappy","2580","180","41","1","4","0","0","14.33","Flappy"
"Grisaia no Meikyuu","6625","Grisaia no Meikyuu","54180","3780","61","1","7","0","0","14.33","Grisaia no Meikyuu"
"Huge Insect","6626","Huge Insect","2580","180","18","1","1","0","0","14.33","Huge Insect"
"Shaolin vs Wutang","6627","Shaolin vs Wutang","29220","2040","336","1","13","0","0","14.32","Shaolin vs Wutang"
"Space Channel 5: Part 2","6628","Space Channel 5: Part 2","639360","44640","1016","3","180","1","0","14.32","Space Channel 5: Part 2"
"Nintendo DS Browser","6629","Nintendo DS Browser","26640","1860","121","1","11","0","0","14.32","Nintendo DS Browser"
"Daylight","6630","Daylight","4440960","310080","7006","10","2099","8","0","14.32","Daylight"
"King Lucas","6631","King Lucas","22320","1560","86","1","9","0","0","14.31","King Lucas"
"Castlevania: The Dracula X Chronicles","6632","Castlevania: The Dracula X Chronicles","146700","10260","672","2","44","0","0","14.3","Castlevania: The Dracula X Chronicles"
"Koumajou Densetsu II: Yougen no Chingonka","6633","Koumajou Densetsu II: Yougen no Chingonka","113220","7920","1130","2","25","0","0","14.3","Koumajou Densetsu II: Yougen no Chingonka"
"Super Hexagon","6634","Super Hexagon","2663040","186420","12045","5","1150","5","0","14.29","Super Hexagon"
"Aconcagua","6635","Aconcagua","6000","420","24","1","2","0","0","14.29","Aconcagua"
"Transcripted","6636","Transcripted","6000","420","43","1","2","0","0","14.29","Transcripted"
"ArmA II: Reinforcements","6637","ArmA II: Reinforcements","24000","1680","76","1","8","0","0","14.29","ArmA II: Reinforcements"
"Tricky Towers","6638","Tricky Towers","8280480","579480","7259","45","4652","15","1","14.29","Tricky Towers"
"NeuroVoider","6639","NeuroVoider","366780","25680","755","4","98","0","0","14.28","NeuroVoider"
"Indie Game Battle","6640","Indie Game Battle","89100","6240","479","2","36","0","0","14.28","Indie Game Battle"
"Legend of Dungeon","6641","Legend of Dungeon","1286700","90120","3134","6","350","2","0","14.28","Legend of Dungeon"
"Heretic II","6642","Heretic II","65100","4560","44","1","8","0","0","14.28","Heretic II"
"Scared Stiff","6643","Scared Stiff","12840","900","38","1","5","0","0","14.27","Scared Stiff"
"Art Academy: Home Studio","6644","Art Academy: Home Studio","166920","11700","847","2","50","0","0","14.27","Art Academy: Home Studio"
"Bit.Trip Void","6645","Bit.Trip Void","12840","900","41","1","6","0","0","14.27","Bit.Trip Void"
"Castle Adventure","6646","Castle Adventure","9420","660","41","1","4","0","0","14.27","Castle Adventure"
"President Elect","6647","President Elect","32520","2280","152","7","10","0","0","14.26","President Elect"
"Good Robot","6648","Good Robot","115500","8100","339","2","24","0","0","14.26","Good Robot"
"Shinobi","6649","Shinobi","719400","50460","6251","4","118","1","0","14.26","Shinobi"
"The King of Fighters '98 Ultimate Match","6650","The King of Fighters '98 Ultimate Match","516780","36240","1630","2","101","0","0","14.26","The King of Fighters '98 Ultimate Match"
"Deemo","6651","Deemo","390060","27360","1838","3","120","0","0","14.26","Deemo"
"Argentum Online","6652","Argentum Online","33360","2340","273","1","13","0","0","14.26","Argentum Online"
"No More Room In Hell","6653","No More Room In Hell","5809620","407460","6773","16","2674","11","0","14.26","No More Room In Hell"
"Broken Sword: The Shadow of the Templars","6654","Broken Sword: The Shadow of the Templars","1246080","87420","957","3","190","2","0","14.25","Broken Sword: The Shadow of the Templars"
"Super Stickman Golf 2","6655","Super Stickman Golf 2","6840","480","35","1","3","0","0","14.25","Super Stickman Golf 2"
"Airline Tycoon Deluxe","6656","Airline Tycoon Deluxe","20520","1440","133","1","7","0","0","14.25","Airline Tycoon Deluxe"
"Eggs of Steel: Charlie's Eggcellent Adventure","6657","Eggs of Steel: Charlie's Eggcellent Adventure","30780","2160","190","1","5","0","0","14.25","Eggs of Steel: Charlie's Eggcellent Adventure"
"Wandering Willows","6658","Wandering Willows","6840","480","38","1","3","0","0","14.25","Wandering Willows"
"Dizzy: The Ultimate Cartoon Adventure","6659","Dizzy: The Ultimate Cartoon Adventure","3420","240","30","1","2","0","0","14.25","Dizzy: The Ultimate Cartoon Adventure"
"GraalOnline Classic","6660","GraalOnline Classic","21360","1500","56","1","6","0","0","14.24","GraalOnline Classic"
"iRacing.com","6661","iRacing.com","74678880","5248560","1645","117","2894","141","9","14.23","iRacing.com"
"Shenmue","6662","Shenmue","2350800","165360","673","4","265","4","0","14.22","Shenmue"
"Sonic Unleashed","6663","Sonic Unleashed","2124000","149400","585","4","209","4","0","14.22","Sonic Unleashed"
"DinoSystem","6664","DinoSystem","23040","1620","323","1","8","0","0","14.22","DinoSystem"
"Dear Esther","6665","Dear Esther","529620","37260","551","2","228","1","0","14.21","Dear Esther"
"Vagante","6666","Vagante","2467740","173700","3697","5","524","4","0","14.21","Vagante"
"Shadow the Hedgehog","6667","Shadow the Hedgehog","1519500","106980","2623","3","224","2","0","14.2","Shadow the Hedgehog"
"Batman Begins","6668","Batman Begins","56220","3960","291","2","21","0","0","14.2","Batman Begins"
"Culdcept 3DS","6669","Culdcept 3DS","4260","300","19","1","1","0","0","14.2","Culdcept 3DS"
"Home Sheep Home 2","6670","Home Sheep Home 2","8520","600","141","1","4","0","0","14.2","Home Sheep Home 2"
"Yu-Gi-Oh! GX Tag Force 3","6671","Yu-Gi-Oh! GX Tag Force 3","93720","6600","153","2","18","0","0","14.2","Yu-Gi-Oh! GX Tag Force 3"
"Goblins and Coins","6672","Goblins and Coins","4260","300","60","2","2","0","0","14.2","Goblins and Coins"
"Atelier Firis: The Alchemist of the Mysterious Journey","6673","Atelier Firis: The Alchemist of the Mysterious Journey","745620","52560","198","8","32","1","0","14.19","Atelier Firis: The Alchemist of the Mysterious Journey"
"Company of Heroes: Tales of Valor","6674","Company of Heroes: Tales of Valor","6533100","460380","244","8","290","12","0","14.19","Company of Heroes: Tales of Valor"
"Star Soldier: Vanishing Earth","6675","Star Soldier: Vanishing Earth","14460","1020","214","2","5","0","0","14.18","Star Soldier: Vanishing Earth"
"Mean Streets","6676","Mean Streets","28080","1980","48","1","5","0","0","14.18","Mean Streets"
"Kung Fu Panda: Showdown of Legendary Legends the Video Game","6677","Kung Fu Panda: Showdown of Legendary Legends the Video Game","20400","1440","148","1","13","0","0","14.17","Kung Fu Panda: Showdown of Legendary Legends the Video Game"
"Pajama Sam: Life is Rough When You Lose Your Stuff","6678","Pajama Sam: Life is Rough When You Lose Your Stuff","20400","1440","60","1","9","0","0","14.17","Pajama Sam: Life is Rough When You Lose Your Stuff"
"Spectrum","6679","Spectrum","19560","1380","146","1","7","0","0","14.17","Spectrum"
"Hatsune Miku: Project Mirai DX","6680","Hatsune Miku: Project Mirai DX","289020","20400","453","2","63","0","0","14.17","Hatsune Miku: Project Mirai DX"
"Tales of Destiny 2","6681","Tales of Destiny 2","259260","18300","117","2","35","0","0","14.17","Tales of Destiny 2"
"Shadowrun Returns","6682","Shadowrun Returns","1671900","118080","13536","5","334","3","0","14.16","Shadowrun Returns"
"Armed Police Batrider","6683","Armed Police Batrider","33960","2400","67","1","10","0","0","14.15","Armed Police Batrider"
"Simulation Pro Yakyuu","6684","Simulation Pro Yakyuu","16980","1200","111","1","6","0","0","14.15","Simulation Pro Yakyuu"
"Putty","6685","Putty","30540","2160","105","1","11","0","0","14.14","Putty"
"They Bleed Pixels","6686","They Bleed Pixels","707400","50040","11893","3","224","1","0","14.14","They Bleed Pixels"
"Urban Runner","6687","Urban Runner","11880","840","46","1","3","0","0","14.14","Urban Runner"
"Mole Mania","6688","Mole Mania","87300","6180","72","2","12","0","0","14.13","Mole Mania"
"Wayne Gretzky's 3D Hockey '98","6689","Wayne Gretzky's 3D Hockey '98","19500","1380","241","1","6","0","0","14.13","Wayne Gretzky's 3D Hockey '98"
"SC2VN","6690","SC2VN","492120","34860","3644","2","125","0","0","14.12","SC2VN"
"Xeodrifter","6691","Xeodrifter","238020","16860","1178","2","217","0","0","14.12","Xeodrifter"
"Kingdom Hearts Re:Chain of Memories","6692","Kingdom Hearts Re:Chain of Memories","2242260","158760","996","4","220","4","0","14.12","Kingdom Hearts Re:Chain of Memories"
"Plight of the Zombie","6693","Plight of the Zombie","14400","1020","55","1","6","0","0","14.12","Plight of the Zombie"
"Curve Fever 2","6694","Curve Fever 2","1051800","74520","966","4","421","1","0","14.11","Curve Fever 2"
"Contra 4","6695","Contra 4","55020","3900","56","1","14","0","0","14.11","Contra 4"
"Tom Clancy's Rainbow Six","6696","Tom Clancy's Rainbow Six","1121760","79500","3638","4","2227","2","0","14.11","Tom Clancy's Rainbow Six"
"Trine 2","6697","Trine 2","4707540","333960","3023","6","1434","8","0","14.1","Trine 2"
"James Pond 2: Codename: RoboCod","6698","James Pond 2: Codename: RoboCod","61740","4380","98","4","24","0","0","14.1","James Pond 2: Codename: RoboCod"
"Alex Kidd in Miracle World","6699","Alex Kidd in Miracle World","154680","10980","676","2","62","0","0","14.09","Alex Kidd in Miracle World"
"Mario Golf: Advance Tour","6700","Mario Golf: Advance Tour","172320","12240","778","2","31","0","0","14.08","Mario Golf: Advance Tour"