"","","Game","Watch time","Stream time","Peak viewers","Peak channels","Streamers","Average viewers","Average channels","Average viewer ratio",""
"Llamas With Hats: Cruise Catastrophe","11601","Llamas With Hats: Cruise Catastrophe","1920","360","19","1","1","0","0","5.33","Llamas With Hats: Cruise Catastrophe"
"Sakura Fantasy: Chapter 1","11602","Sakura Fantasy: Chapter 1","960","180","16","1","2","0","0","5.33","Sakura Fantasy: Chapter 1"
"Imperium Galactica II: Alliances","11603","Imperium Galactica II: Alliances","2880","540","27","1","3","0","0","5.33","Imperium Galactica II: Alliances"
"64th Street: A Detective Story","11604","64th Street: A Detective Story","2880","540","25","1","4","0","0","5.33","64th Street: A Detective Story"
"Pac-Man: Championship Edition 2 + ARCADE GAME SERIES","11605","Pac-Man: Championship Edition 2 + ARCADE GAME SERIES","960","180","7","2","2","0","0","5.33","Pac-Man: Championship Edition 2 + ARCADE GAME SERIES"
"Madou Monogatari A: DokiDoki Bake~shon","11606","Madou Monogatari A: DokiDoki Bake~shon","960","180","7","1","1","0","0","5.33","Madou Monogatari A: DokiDoki Bake~shon"
"Painterboy","11607","Painterboy","23340","4380","112","2","25","0","0","5.33","Painterboy"
"SOCOM II: U.S. Navy SEALs","11608","SOCOM II: U.S. Navy SEALs","93360","17520","33","2","27","0","0","5.33","SOCOM II: U.S. Navy SEALs"
"Motorbike Madness","11609","Motorbike Madness","960","180","10","1","2","0","0","5.33","Motorbike Madness"
"Ascendancy","11610","Ascendancy","2880","540","37","1","3","0","0","5.33","Ascendancy"
"Tiger Woods PGA Tour 14","11611","Tiger Woods PGA Tour 14","1920","360","14","1","5","0","0","5.33","Tiger Woods PGA Tour 14"
"Pieces","11612","Pieces","2880","540","9","1","2","0","0","5.33","Pieces"
"Clean Asia!","11613","Clean Asia!","960","180","11","1","1","0","0","5.33","Clean Asia!"
"Casino Kid","11614","Casino Kid","6720","1260","21","1","8","0","0","5.33","Casino Kid"
"Koumajou Densetsu: Akeiro no Koukyoukyoku","11615","Koumajou Densetsu: Akeiro no Koukyoukyoku","14700","2760","33","1","11","0","0","5.33","Koumajou Densetsu: Akeiro no Koukyoukyoku"
"Maji de Watashi ni Koishinasai! S","11616","Maji de Watashi ni Koishinasai! S","2880","540","10","1","3","0","0","5.33","Maji de Watashi ni Koishinasai! S"
"Oneshot Voca","11617","Oneshot Voca","960","180","7","1","1","0","0","5.33","Oneshot Voca"
"Dragon Fin Soup","11618","Dragon Fin Soup","430080","80760","334","3","302","0","0","5.33","Dragon Fin Soup"
"Arabian Fight","11619","Arabian Fight","960","180","10","1","1","0","0","5.33","Arabian Fight"
"Computer Circus Maximus","11620","Computer Circus Maximus","1920","360","11","1","1","0","0","5.33","Computer Circus Maximus"
"Happy Holidays Christmas","11621","Happy Holidays Christmas","960","180","8","1","1","0","0","5.33","Happy Holidays Christmas"
"Ultimate Fighter","11622","Ultimate Fighter","7680","1440","23","1","3","0","0","5.33","Ultimate Fighter"
"Mary-Kate and Ashley: Girls Night Out","11623","Mary-Kate and Ashley: Girls Night Out","960","180","10","1","1","0","0","5.33","Mary-Kate and Ashley: Girls Night Out"
"EXO Squad","11624","EXO Squad","960","180","7","1","1","0","0","5.33","EXO Squad"
"Sam & Max Episode 305: The City That Dares Not Sleep","11625","Sam & Max Episode 305: The City That Dares Not Sleep","7980","1500","24","1","5","0","0","5.32","Sam & Max Episode 305: The City That Dares Not Sleep"
"Trucks & Trailers","11626","Trucks & Trailers","9900","1860","84","1","6","0","0","5.32","Trucks & Trailers"
"Sneak King","11627","Sneak King","16920","3180","32","2","20","0","0","5.32","Sneak King"
"Digital: A Love Story","11628","Digital: A Love Story","15000","2820","47","1","14","0","0","5.32","Digital: A Love Story"
"Project Gotham Racing 4","11629","Project Gotham Racing 4","7020","1320","14","1","6","0","0","5.32","Project Gotham Racing 4"
"Railroad Tycoon II","11630","Railroad Tycoon II","45360","8520","41","1","17","0","0","5.32","Railroad Tycoon II"
"Dead Pixels II: Straight to Video","11631","Dead Pixels II: Straight to Video","6060","1140","24","1","6","0","0","5.32","Dead Pixels II: Straight to Video"
"The Misadventures of P.B. Winterbottom","11632","The Misadventures of P.B. Winterbottom","10860","2040","48","1","14","0","0","5.32","The Misadventures of P.B. Winterbottom"
"Music Construction Set","11633","Music Construction Set","14040","2640","81","1","9","0","0","5.32","Music Construction Set"
"The 3rd Birthday","11634","The 3rd Birthday","162660","30600","241","2","67","0","0","5.32","The 3rd Birthday"
"Wizorb","11635","Wizorb","12120","2280","45","1","16","0","0","5.32","Wizorb"
"Icarus Online","11636","Icarus Online","405720","76260","678","12","139","0","0","5.32","Icarus Online"
"Raiden IV","11637","Raiden IV","54600","10260","90","2","58","0","0","5.32","Raiden IV"
"Brave Dwarves: Back for Treasures","11638","Brave Dwarves: Back for Treasures","6060","1140","15","1","2","0","0","5.32","Brave Dwarves: Back for Treasures"
"Namco Museum Vol. 5","11639","Namco Museum Vol. 5","4140","780","11","1","2","0","0","5.31","Namco Museum Vol. 5"
"Nobunaga's Ambition: Iron Triangle","11640","Nobunaga's Ambition: Iron Triangle","5100","960","10","1","1","0","0","5.31","Nobunaga's Ambition: Iron Triangle"
"Xuan Dou Zhi Wang","11641","Xuan Dou Zhi Wang","5100","960","12","1","1","0","0","5.31","Xuan Dou Zhi Wang"
"Short Peace: Ranko Tsukigime's Longest Day","11642","Short Peace: Ranko Tsukigime's Longest Day","5100","960","18","1","6","0","0","5.31","Short Peace: Ranko Tsukigime's Longest Day"
"Dragon Ball Z: Budokai HD Collection","11643","Dragon Ball Z: Budokai HD Collection","125880","23700","59","2","60","0","0","5.31","Dragon Ball Z: Budokai HD Collection"
"The Reject Demon: Toko Chapter 0 — Prelude","11644","The Reject Demon: Toko Chapter 0 — Prelude","4140","780","10","1","5","0","0","5.31","The Reject Demon: Toko Chapter 0 — Prelude"
"The Swapper","11645","The Swapper","638880","120360","434","4","532","1","0","5.31","The Swapper"
"Dust: An Elysian Tail","11646","Dust: An Elysian Tail","2468760","465300","876","8","1832","4","0","5.31","Dust: An Elysian Tail"
"pop'n music 8","11647","pop'n music 8","5100","960","12","1","5","0","0","5.31","pop'n music 8"
"Mata Hari","11648","Mata Hari","5100","960","14","1","2","0","0","5.31","Mata Hari"
"Eleusis","11649","Eleusis","8580","1620","19","1","11","0","0","5.3","Eleusis"
"Star Wars: Episode I - Racer","11650","Star Wars: Episode I - Racer","68640","12960","220","2","40","0","0","5.3","Star Wars: Episode I - Racer"
"Star Wars: Starfighter","11651","Star Wars: Starfighter","27960","5280","206","1","19","0","0","5.3","Star Wars: Starfighter"
"Warlocked","11652","Warlocked","3180","600","15","1","2","0","0","5.3","Warlocked"
"Guns Up!","11653","Guns Up!","173100","32700","401","3","2022","0","0","5.29","Guns Up!"
"Super Bomberman 3","11654","Super Bomberman 3","111360","21060","151","8","38","0","0","5.29","Super Bomberman 3"
"Block N Load","11655","Block N Load","2536920","479280","1303","8","1257","4","0","5.29","Block N Load"
"inFamous: First Light","11656","inFamous: First Light","220920","41760","425","3","1558","0","0","5.29","inFamous: First Light"
"Mace Griffin: Bounty Hunter","11657","Mace Griffin: Bounty Hunter","4440","840","34","1","4","0","0","5.29","Mace Griffin: Bounty Hunter"
"Gathering Sky","11658","Gathering Sky","6660","1260","15","1","5","0","0","5.29","Gathering Sky"
"Riding Champion: Legacy of Rosemond Hill","11659","Riding Champion: Legacy of Rosemond Hill","2220","420","14","1","4","0","0","5.29","Riding Champion: Legacy of Rosemond Hill"
"Chronology","11660","Chronology","10800","2040","54","1","12","0","0","5.29","Chronology"
"Ferrari Virtual Academy","11661","Ferrari Virtual Academy","2220","420","19","1","2","0","0","5.29","Ferrari Virtual Academy"
"Stranded: Mysteries of Time","11662","Stranded: Mysteries of Time","2220","420","15","1","2","0","0","5.29","Stranded: Mysteries of Time"
"Legaia 2: Duel Saga","11663","Legaia 2: Duel Saga","181740","34440","82","2","32","0","0","5.28","Legaia 2: Duel Saga"
"Phantom Brave","11664","Phantom Brave","206340","39060","532","5","97","0","0","5.28","Phantom Brave"
"XIII","11665","XIII","140340","26580","419","3","78","0","0","5.28","XIII"
"Really Big Sky","11666","Really Big Sky","24060","4560","67","1","27","0","0","5.28","Really Big Sky"
"Kaeru no tame ni Kane wa Naru","11667","Kaeru no tame ni Kane wa Naru","59160","11220","56","3","24","0","0","5.27","Kaeru no tame ni Kane wa Naru"
"NFL Football","11668","NFL Football","19620","3720","52","2","12","0","0","5.27","NFL Football"
"Cogs","11669","Cogs","16140","3060","37","1","19","0","0","5.27","Cogs"
"Star Wars: The Force Unleashed II","11670","Star Wars: The Force Unleashed II","1084920","206040","1002","10","1050","2","0","5.27","Star Wars: The Force Unleashed II"
"I Am Alive","11671","I Am Alive","512580","97260","736","10","547","0","0","5.27","I Am Alive"
"Rune: Halls of Valhalla","11672","Rune: Halls of Valhalla","29100","5520","121","2","14","0","0","5.27","Rune: Halls of Valhalla"
"Helen - Castle In Wonderland","11673","Helen - Castle In Wonderland","16140","3060","26","1","8","0","0","5.27","Helen - Castle In Wonderland"
"Shuriken","11674","Shuriken","4740","900","21","1","3","0","0","5.27","Shuriken"
"Bunny Bash","11675","Bunny Bash","22740","4320","146","2","8","0","0","5.26","Bunny Bash"
"Dynasty Warriors 5: Xtreme Legends","11676","Dynasty Warriors 5: Xtreme Legends","26520","5040","21","1","10","0","0","5.26","Dynasty Warriors 5: Xtreme Legends"
"Thief","11677","Thief","5882820","1118100","2029","26","6062","11","2","5.26","Thief"
"Command & Conquer: Red Alert","11678","Command & Conquer: Red Alert","532500","101220","520","3","145","1","0","5.26","Command & Conquer: Red Alert"
"The Incredible Adventures of Van Helsing II","11679","The Incredible Adventures of Van Helsing II","215220","40920","166","4","148","0","0","5.26","The Incredible Adventures of Van Helsing II"
"Land of Illusion starring Mickey Mouse","11680","Land of Illusion starring Mickey Mouse","26520","5040","26","2","15","0","0","5.26","Land of Illusion starring Mickey Mouse"
"Internal Section","11681","Internal Section","1260","240","16","1","2","0","0","5.25","Internal Section"
"War of the Monsters","11682","War of the Monsters","26760","5100","90","2","241","0","0","5.25","War of the Monsters"
"Cross Fire","11683","Cross Fire","552360","105120","233","4","324","1","0","5.25","Cross Fire"
"InuYasha: Secret of the Divine Jewel","11684","InuYasha: Secret of the Divine Jewel","1260","240","10","1","2","0","0","5.25","InuYasha: Secret of the Divine Jewel"
"Pushmo","11685","Pushmo","1260","240","9","1","3","0","0","5.25","Pushmo"
"MidBoss","11686","MidBoss","2520","480","10","1","2","0","0","5.25","MidBoss"
"Video Game Anthology vol. 12: Dig Dug/Dig Dug II","11687","Video Game Anthology vol. 12: Dig Dug/Dig Dug II","3780","720","8","1","2","0","0","5.25","Video Game Anthology vol. 12: Dig Dug/Dig Dug II"
"E-SWAT: Cyber Police","11688","E-SWAT: Cyber Police","10080","1920","19","1","7","0","0","5.25","E-SWAT: Cyber Police"
"Digimon Battle","11689","Digimon Battle","5040","960","23","1","9","0","0","5.25","Digimon Battle"
"Ocean City Racing","11690","Ocean City Racing","6300","1200","30","1","9","0","0","5.25","Ocean City Racing"
"Babysitting Party","11691","Babysitting Party","1260","240","7","1","1","0","0","5.25","Babysitting Party"
"Grey Matter","11692","Grey Matter","1260","240","10","1","2","0","0","5.25","Grey Matter"
"Garfield's Defense 2: The Food Invaders Strike Back","11693","Garfield's Defense 2: The Food Invaders Strike Back","1260","240","23","1","3","0","0","5.25","Garfield's Defense 2: The Food Invaders Strike Back"
"Blind","11694","Blind","3780","720","27","1","5","0","0","5.25","Blind"
"Fantasy Empires","11695","Fantasy Empires","3780","720","13","1","1","0","0","5.25","Fantasy Empires"
"Crouching Pony Hidden Dragon","11696","Crouching Pony Hidden Dragon","1260","240","13","1","2","0","0","5.25","Crouching Pony Hidden Dragon"
"The Sims 2: Teen Style Stuff","11697","The Sims 2: Teen Style Stuff","1260","240","9","1","1","0","0","5.25","The Sims 2: Teen Style Stuff"
"The Pinball of the Dead","11698","The Pinball of the Dead","1260","240","8","1","1","0","0","5.25","The Pinball of the Dead"
"Trump Castle II","11699","Trump Castle II","7860","1500","29","1","9","0","0","5.24","Trump Castle II"
"Atari Vault","11700","Atari Vault","46200","8820","169","3","47","0","0","5.24","Atari Vault"