"","","Game","Watch time","Stream time","Peak viewers","Peak channels","Streamers","Average viewers","Average channels","Average viewer ratio",""
"Game & Watch Gallery 4","12601","Game & Watch Gallery 4","4080","900","50","1","5","0","0","4.53","Game & Watch Gallery 4"
"Puzzle & Dragons X","12602","Puzzle & Dragons X","49320","10920","42","2","6","0","0","4.52","Puzzle & Dragons X"
"Robot Alchemic Drive","12603","Robot Alchemic Drive","58080","12840","48","1","32","0","0","4.52","Robot Alchemic Drive"
"Atelier Rorona Plus: The Alchemist of Arland","12604","Atelier Rorona Plus: The Alchemist of Arland","55380","12240","32","1","19","0","0","4.52","Atelier Rorona Plus: The Alchemist of Arland"
"Zeno Clash II","12605","Zeno Clash II","48240","10680","52","2","31","0","0","4.52","Zeno Clash II"
"The Swindle","12606","The Swindle","130740","28920","351","2","123","0","0","4.52","The Swindle"
"Banana","12607","Banana","10860","2400","39","1","17","0","0","4.52","Banana"
"Operation Logic Bomb","12608","Operation Logic Bomb","13560","3000","51","2","8","0","0","4.52","Operation Logic Bomb"
"The Red Solstice","12609","The Red Solstice","123180","27240","74","3","73","0","0","4.52","The Red Solstice"
"Progress Quest","12610","Progress Quest","654420","144780","1010","3","45","1","0","4.52","Progress Quest"
"SuperTux","12611","SuperTux","16260","3600","162","1","15","0","0","4.52","SuperTux"
"Prodigy","12612","Prodigy","13800","3060","86","2","11","0","0","4.51","Prodigy"
"Still Life 2","12613","Still Life 2","26760","5940","36","1","14","0","0","4.51","Still Life 2"
"Dance Dance Revolution EXTREME 2","12614","Dance Dance Revolution EXTREME 2","13260","2940","24","1","16","0","0","4.51","Dance Dance Revolution EXTREME 2"
"Phantasy Star Online 2","12615","Phantasy Star Online 2","14340180","3181080","940","36","5211","27","6","4.51","Phantasy Star Online 2"
"Touhou 10 - Mountain of Faith","12616","Touhou 10 - Mountain of Faith","112920","25020","221","2","112","0","0","4.51","Touhou 10 - Mountain of Faith"
"Neverwinter Nights 2","12617","Neverwinter Nights 2","450840","99960","160","4","190","0","0","4.51","Neverwinter Nights 2"
"Fire!","12618","Fire!","540","120","9","1","1","0","0","4.5","Fire!"
"Monster Hunter Portable 3rd","12619","Monster Hunter Portable 3rd","1232400","273840","177","5","485","2","0","4.5","Monster Hunter Portable 3rd"
"Out of the Park Baseball 16","12620","Out of the Park Baseball 16","174840","38820","36","3","44","0","0","4.5","Out of the Park Baseball 16"
"EA Sports Active 2.0","12621","EA Sports Active 2.0","33480","7440","152","1","3","0","0","4.5","EA Sports Active 2.0"
"Lego Batman 3: Beyond Gotham","12622","Lego Batman 3: Beyond Gotham","689520","153300","1258","5","1115","1","0","4.5","Lego Batman 3: Beyond Gotham"
"Final Match Tennis","12623","Final Match Tennis","540","120","6","1","1","0","0","4.5","Final Match Tennis"
"Space Taxi","12624","Space Taxi","540","120","13","1","2","0","0","4.5","Space Taxi"
"Board Game Classics","12625","Board Game Classics","4860","1080","17","1","3","0","0","4.5","Board Game Classics"
"The Dark Eye: Chains of Satinav","12626","The Dark Eye: Chains of Satinav","163800","36360","127","2","74","0","0","4.5","The Dark Eye: Chains of Satinav"
"Taito Legends 2","12627","Taito Legends 2","7560","1680","31","1","12","0","0","4.5","Taito Legends 2"
"In the Hunt","12628","In the Hunt","5940","1320","84","1","10","0","0","4.5","In the Hunt"
"Gunslinger Stratos Reloaded","12629","Gunslinger Stratos Reloaded","3780","840","20","2","8","0","0","4.5","Gunslinger Stratos Reloaded"
"Let's Draw!","12630","Let's Draw!","540","120","6","1","2","0","0","4.5","Let's Draw!"
"Primordia","12631","Primordia","120480","26760","67","2","83","0","0","4.5","Primordia"
"Artificial Academy","12632","Artificial Academy","540","120","5","1","1","0","0","4.5","Artificial Academy"
"Ghost Song: A Journey of Hope","12633","Ghost Song: A Journey of Hope","2160","480","25","1","4","0","0","4.5","Ghost Song: A Journey of Hope"
"Puella Magi Madoka Magica: The Battle Pentagram","12634","Puella Magi Madoka Magica: The Battle Pentagram","1080","240","7","1","1","0","0","4.5","Puella Magi Madoka Magica: The Battle Pentagram"
"Jetpack Christmas Special","12635","Jetpack Christmas Special","540","120","5","1","2","0","0","4.5","Jetpack Christmas Special"
"Storm","12636","Storm","1620","360","22","1","5","0","0","4.5","Storm"
"Shaun White Snowboarding","12637","Shaun White Snowboarding","19440","4320","523","1","19","0","0","4.5","Shaun White Snowboarding"
"Rocko's Modern Life: Spunky's Dangerous Day","12638","Rocko's Modern Life: Spunky's Dangerous Day","1620","360","8","1","2","0","0","4.5","Rocko's Modern Life: Spunky's Dangerous Day"
"Simulador Profesional de Tenis","12639","Simulador Profesional de Tenis","540","120","6","1","1","0","0","4.5","Simulador Profesional de Tenis"
"In Space We Brawl","12640","In Space We Brawl","1620","360","23","1","4","0","0","4.5","In Space We Brawl"
"Baseball Superstars 2010","12641","Baseball Superstars 2010","540","120","8","1","1","0","0","4.5","Baseball Superstars 2010"
"Harvest Moon: Island of Happiness","12642","Harvest Moon: Island of Happiness","3780","840","9","1","1","0","0","4.5","Harvest Moon: Island of Happiness"
"SpellForce: Universe","12643","SpellForce: Universe","3780","840","17","1","3","0","0","4.5","SpellForce: Universe"
"Obelix","12644","Obelix","1080","240","10","1","1","0","0","4.5","Obelix"
"Mytran Wars","12645","Mytran Wars","540","120","5","1","1","0","0","4.5","Mytran Wars"
"Combat Wings: Battle Over Britain","12646","Combat Wings: Battle Over Britain","1080","240","13","1","3","0","0","4.5","Combat Wings: Battle Over Britain"
"Power Spikes 2","12647","Power Spikes 2","1620","360","10","1","3","0","0","4.5","Power Spikes 2"
"Dance Summit 2001","12648","Dance Summit 2001","540","120","5","1","1","0","0","4.5","Dance Summit 2001"
"Infiniminer","12649","Infiniminer","2700","600","15","1","4","0","0","4.5","Infiniminer"
"Lips: Number One Hits","12650","Lips: Number One Hits","2160","480","10","1","2","0","0","4.5","Lips: Number One Hits"
"Time Travelers","12651","Time Travelers","540","120","5","1","1","0","0","4.5","Time Travelers"
"Hang-On","12652","Hang-On","1080","240","16","1","2","0","0","4.5","Hang-On"
"Turtle Bay","12653","Turtle Bay","540","120","7","1","1","0","0","4.5","Turtle Bay"
"Aztec Adventure: The Golden Road to Paradise","12654","Aztec Adventure: The Golden Road to Paradise","3240","720","26","1","2","0","0","4.5","Aztec Adventure: The Golden Road to Paradise"
"Jetman","12655","Jetman","2160","480","10","1","4","0","0","4.5","Jetman"
"Scram Kitty and his Buddy on Rails","12656","Scram Kitty and his Buddy on Rails","540","120","6","1","1","0","0","4.5","Scram Kitty and his Buddy on Rails"
"Backgammon Deluxe","12657","Backgammon Deluxe","540","120","13","1","1","0","0","4.5","Backgammon Deluxe"
"Rescue: Everyday Heroes","12658","Rescue: Everyday Heroes","2700","600","17","1","4","0","0","4.5","Rescue: Everyday Heroes"
"Shiny The Firefly","12659","Shiny The Firefly","1620","360","11","1","2","0","0","4.5","Shiny The Firefly"
"Who Dares Wins","12660","Who Dares Wins","540","120","8","1","2","0","0","4.5","Who Dares Wins"
"Phantasy Star II Text Adventures","12661","Phantasy Star II Text Adventures","540","120","6","1","1","0","0","4.5","Phantasy Star II Text Adventures"
"Wimp: Who Stole My Pants?","12662","Wimp: Who Stole My Pants?","2160","480","8","1","1","0","0","4.5","Wimp: Who Stole My Pants?"
"David's Midnight Magic","12663","David's Midnight Magic","540","120","8","1","2","0","0","4.5","David's Midnight Magic"
"Power Dolls","12664","Power Dolls","540","120","6","1","1","0","0","4.5","Power Dolls"
"Pearl Harbour","12665","Pearl Harbour","1080","240","6","1","1","0","0","4.5","Pearl Harbour"
"Guxt","12666","Guxt","540","120","6","1","2","0","0","4.5","Guxt"
"Clear for Action","12667","Clear for Action","540","120","5","1","1","0","0","4.5","Clear for Action"
"100 Bullets","12668","100 Bullets","1080","240","19","1","2","0","0","4.5","100 Bullets"
"Tetsuwan Atom","12669","Tetsuwan Atom","1620","360","10","1","2","0","0","4.5","Tetsuwan Atom"
"Tonka Construction 2","12670","Tonka Construction 2","1620","360","14","1","1","0","0","4.5","Tonka Construction 2"
"Just a Button","12671","Just a Button","540","120","7","1","0","0","0","4.5","Just a Button"
"Archer Maclean's Pool","12672","Archer Maclean's Pool","1620","360","27","1","2","0","0","4.5","Archer Maclean's Pool"
"SimCity 2000 Urban Renewal Kit","12673","SimCity 2000 Urban Renewal Kit","540","120","6","1","1","0","0","4.5","SimCity 2000 Urban Renewal Kit"
"Date Kimiko no Virtual Tennis","12674","Date Kimiko no Virtual Tennis","540","120","5","1","1","0","0","4.5","Date Kimiko no Virtual Tennis"
"Omega Run","12675","Omega Run","540","120","6","1","1","0","0","4.5","Omega Run"
"Lightforce","12676","Lightforce","2700","600","21","1","2","0","0","4.5","Lightforce"
"hassaantest","12677","hassaantest","540","120","12","1","1","0","0","4.5","hassaantest"
"Kirby Puzzle","12678","Kirby Puzzle","540","120","5","1","1","0","0","4.5","Kirby Puzzle"
"Bubble Crack","12679","Bubble Crack","540","120","6","1","1","0","0","4.5","Bubble Crack"
"Golden Krone Hotel","12680","Golden Krone Hotel","1620","360","21","1","3","0","0","4.5","Golden Krone Hotel"
"Little Bug","12681","Little Bug","540","120","8","1","2","0","0","4.5","Little Bug"
"Momotaro Matsuri: Ishikawa Rokuemon no Maki","12682","Momotaro Matsuri: Ishikawa Rokuemon no Maki","540","120","6","1","1","0","0","4.5","Momotaro Matsuri: Ishikawa Rokuemon no Maki"
"Block Legend","12683","Block Legend","540","120","7","1","1","0","0","4.5","Block Legend"
"Zombillie","12684","Zombillie","540","120","6","1","1","0","0","4.5","Zombillie"
"Mary King's Riding School 2","12685","Mary King's Riding School 2","540","120","5","1","1","0","0","4.5","Mary King's Riding School 2"
"World Empire III","12686","World Empire III","540","120","7","1","1","0","0","4.5","World Empire III"
"Battleship: The Classic Naval Combat Game","12687","Battleship: The Classic Naval Combat Game","1080","240","7","1","1","0","0","4.5","Battleship: The Classic Naval Combat Game"
"Airboarder 64","12688","Airboarder 64","540","120","9","1","1","0","0","4.5","Airboarder 64"
"Supercars International","12689","Supercars International","540","120","6","1","1","0","0","4.5","Supercars International"
"Bounce On","12690","Bounce On","540","120","7","1","1","0","0","4.5","Bounce On"
"Robotech: The Macross Saga","12691","Robotech: The Macross Saga","3240","720","9","1","3","0","0","4.5","Robotech: The Macross Saga"
"Elizabeth Find M.D. - Diagnosis Mystery - Season 2","12692","Elizabeth Find M.D. - Diagnosis Mystery - Season 2","3780","840","17","1","1","0","0","4.5","Elizabeth Find M.D. - Diagnosis Mystery - Season 2"
"Dark Summit","12693","Dark Summit","14580","3240","45","2","6","0","0","4.5","Dark Summit"
"Gazok Age","12694","Gazok Age","540","120","9","1","0","0","0","4.5","Gazok Age"
"The Muppet CD-ROM: Muppets Inside","12695","The Muppet CD-ROM: Muppets Inside","540","120","8","1","1","0","0","4.5","The Muppet CD-ROM: Muppets Inside"
"Battle of Tiles","12696","Battle of Tiles","540","120","9","1","0","0","0","4.5","Battle of Tiles"
"SpellCaster","12697","SpellCaster","1620","360","9","1","2","0","0","4.5","SpellCaster"
"Indian Attack","12698","Indian Attack","540","120","7","1","1","0","0","4.5","Indian Attack"
"Wagyan Land 2","12699","Wagyan Land 2","540","120","6","1","1","0","0","4.5","Wagyan Land 2"
"Spy Kids 2: mega mission zone","12700","Spy Kids 2: mega mission zone","540","120","5","1","1","0","0","4.5","Spy Kids 2: mega mission zone"