"","","Game","Watch time","Stream time","Peak viewers","Peak channels","Streamers","Average viewers","Average channels","Average viewer ratio",""
"Wing Commander: Prophecy (Special Edition)","3301","Wing Commander: Prophecy (Special Edition)","53460","1380","75","1","4","0","0","38.74","Wing Commander: Prophecy (Special Edition)"
"Legend of Kay","3302","Legend of Kay","464040","12000","4308","5","29","0","0","38.67","Legend of Kay"
"Hover Cubes: Arena","3303","Hover Cubes: Arena","13920","360","93","1","3","0","0","38.67","Hover Cubes: Arena"
"Rake","3304","Rake","3391620","87780","7692","6","615","6","0","38.64","Rake"
"Bugs Bunny","3305","Bugs Bunny","37080","960","363","1","8","0","0","38.63","Bugs Bunny"
"Harry Potter and the Chamber of Secrets","3306","Harry Potter and the Chamber of Secrets","9890460","256380","99870","10","452","18","0","38.58","Harry Potter and the Chamber of Secrets"
"Rugrats: Scavenger Hunt","3307","Rugrats: Scavenger Hunt","48600","1260","245","1","11","0","0","38.57","Rugrats: Scavenger Hunt"
"Darkstalkers Chronicle: The Chaos Tower","3308","Darkstalkers Chronicle: The Chaos Tower","16200","420","256","1","6","0","0","38.57","Darkstalkers Chronicle: The Chaos Tower"
"Global Champion","3309","Global Champion","16200","420","78","1","2","0","0","38.57","Global Champion"
"Super Widget","3310","Super Widget","20820","540","110","1","4","0","0","38.56","Super Widget"
"Tropico","3311","Tropico","259140","6720","1358","1","24","0","0","38.56","Tropico"
"High Speed","3312","High Speed","4620","120","39","1","1","0","0","38.5","High Speed"
"Boxer Rebellion","3313","Boxer Rebellion","4620","120","69","1","1","0","0","38.5","Boxer Rebellion"
"Klaus","3314","Klaus","219420","5700","1421","6","111","0","0","38.49","Klaus"
"Conker's Bad Fur Day","3315","Conker's Bad Fur Day","12289200","319320","3469","6","857","23","0","38.49","Conker's Bad Fur Day"
"Darkwing Duck","3316","Darkwing Duck","2022480","52620","947","3","139","3","0","38.44","Darkwing Duck"
"Steins;Gate","3317","Steins;Gate","6405660","166620","3172","5","313","12","0","38.44","Steins;Gate"
"Cossacks 3","3318","Cossacks 3","14821320","385620","15937","43","1019","28","0","38.44","Cossacks 3"
"Sengoku Basara 3 Utage","3319","Sengoku Basara 3 Utage","64560","1680","545","1","4","0","0","38.43","Sengoku Basara 3 Utage"
"Rolling Thunder 2","3320","Rolling Thunder 2","50700","1320","259","1","5","0","0","38.41","Rolling Thunder 2"
"WCW Backstage Assault","3321","WCW Backstage Assault","36840","960","264","1","8","0","0","38.38","WCW Backstage Assault"
"MeiQ no Chika ni Shisu","3322","MeiQ no Chika ni Shisu","55260","1440","85","2","7","0","0","38.38","MeiQ no Chika ni Shisu"
"Worms: The Director's Cut","3323","Worms: The Director's Cut","73680","1920","553","1","4","0","0","38.38","Worms: The Director's Cut"
"Octodad","3324","Octodad","911220","23760","5897","2","145","1","0","38.35","Octodad"
"Luigi's Mansion","3325","Luigi's Mansion","32573220","849360","8940","38","1579","61","1","38.35","Luigi's Mansion"
"Call of Duty: Infinite Warfare","3326","Call of Duty: Infinite Warfare","672847020","17551800","105093","1331","100796","1276","33","38.33","Call of Duty: Infinite Warfare"
"Simon the Sorcerer","3327","Simon the Sorcerer","386220","10080","392","1","31","0","0","38.32","Simon the Sorcerer"
"Medarot 2 Kabuto/Kuwagata","3328","Medarot 2 Kabuto/Kuwagata","18360","480","64","1","1","0","0","38.25","Medarot 2 Kabuto/Kuwagata"
"Sleep Is Death","3329","Sleep Is Death","64200","1680","1000","1","6","0","0","38.21","Sleep Is Death"
"The Amazing Spider-Man: Web of Fire","3330","The Amazing Spider-Man: Web of Fire","11460","300","60","1","2","0","0","38.2","The Amazing Spider-Man: Web of Fire"
"Darkman","3331","Darkman","91680","2400","266","1","7","0","0","38.2","Darkman"
"Aladdin's Magic Lamp","3332","Aladdin's Magic Lamp","277260","7260","1374","2","49","0","0","38.19","Aladdin's Magic Lamp"
"UFC: Throwdown","3333","UFC: Throwdown","54960","1440","466","3","11","0","0","38.17","UFC: Throwdown"
"Firewatch","3334","Firewatch","108220080","2835420","149305","700","14438","205","5","38.17","Firewatch"
"Yomawari","3335","Yomawari","3205500","84240","16473","19","401","6","0","38.05","Yomawari"
"Dragon Quest V: Hand of the Heavenly Bride","3336","Dragon Quest V: Hand of the Heavenly Bride","3842820","101040","3289","3","95","7","0","38.03","Dragon Quest V: Hand of the Heavenly Bride"
"Metal Slug","3337","Metal Slug","600180","15780","2363","2","180","1","0","38.03","Metal Slug"
"Top Gear","3338","Top Gear","625020","16440","4729","2","70","1","0","38.02","Top Gear"
"Magical Chase","3339","Magical Chase","13680","360","123","1","3","0","0","38","Magical Chase"
"Video Game Anthology vol. 10: Mr. Do!/Mr. Do! vs Unicorns","3340","Video Game Anthology vol. 10: Mr. Do!/Mr. Do! vs Unicorns","2280","60","38","1","0","0","0","38","Video Game Anthology vol. 10: Mr. Do!/Mr. Do! vs Unicorns"
"Pepsi Invaders","3341","Pepsi Invaders","2280","60","42","1","1","0","0","38","Pepsi Invaders"
"Don't Disturb","3342","Don't Disturb","2280","60","46","1","1","0","0","38","Don't Disturb"
"Dragon Ball Z II: Gekigami Freezer","3343","Dragon Ball Z II: Gekigami Freezer","6840","180","42","1","1","0","0","38","Dragon Ball Z II: Gekigami Freezer"
"Shinobido 2: Revenge of Zen","3344","Shinobido 2: Revenge of Zen","4560","120","74","1","1","0","0","38","Shinobido 2: Revenge of Zen"
"Dishonored 2","3345","Dishonored 2","153832920","4048920","86255","389","12123","291","7","37.99","Dishonored 2"
"Killing Room","3346","Killing Room","7460400","196440","32833","15","917","14","0","37.98","Killing Room"
"The Black Death","3347","The Black Death","4035720","106440","27806","34","350","7","0","37.92","The Black Death"
"Ni no Kuni: Shikkoku no Madoshi","3348","Ni no Kuni: Shikkoku no Madoshi","68220","1800","436","1","6","0","0","37.9","Ni no Kuni: Shikkoku no Madoshi"
"Dizzy: Prince of the Yolkfolk","3349","Dizzy: Prince of the Yolkfolk","40920","1080","68","1","4","0","0","37.89","Dizzy: Prince of the Yolkfolk"
"Panorama Cotton","3350","Panorama Cotton","36360","960","186","1","7","0","0","37.88","Panorama Cotton"
"Buffy the Vampire Slayer","3351","Buffy the Vampire Slayer","154500","4080","587","1","15","0","0","37.87","Buffy the Vampire Slayer"
"Jackal","3352","Jackal","661140","17460","1037","2","72","1","0","37.87","Jackal"
"New Ghostbusters II","3353","New Ghostbusters II","163560","4320","804","1","25","0","0","37.86","New Ghostbusters II"
"Bee Movie Game","3354","Bee Movie Game","570000","15060","3130","6","68","1","0","37.85","Bee Movie Game"
"Cartoon Network: Battle Crashers","3355","Cartoon Network: Battle Crashers","465360","12300","2366","3","62","0","0","37.83","Cartoon Network: Battle Crashers"
"Jet Moto","3356","Jet Moto","428820","11340","6084","2","11","0","0","37.81","Jet Moto"
"Demetrios: The Big Cynical Adventure","3357","Demetrios: The Big Cynical Adventure","415020","10980","962","2","35","0","0","37.8","Demetrios: The Big Cynical Adventure"
"Ultrastar Deluxe","3358","Ultrastar Deluxe","619140","16380","2961","2","60","1","0","37.8","Ultrastar Deluxe"
"The Walking Dead: Survival Instinct","3359","The Walking Dead: Survival Instinct","1081740","28620","2724","3","140","2","0","37.8","The Walking Dead: Survival Instinct"
"Shenzhen I/O","3360","Shenzhen I/O","1920600","50820","3583","6","178","3","0","37.79","Shenzhen I/O"
"Rad Raygun","3361","Rad Raygun","20400","540","330","1","2","0","0","37.78","Rad Raygun"
"EVE Online","3362","EVE Online","264702480","7028760","15967","74","6715","502","13","37.66","EVE Online"
"Dead Space 2","3363","Dead Space 2","35144100","933900","14097","23","3096","66","1","37.63","Dead Space 2"
"Derby Stallion","3364","Derby Stallion","18060","480","74","1","3","0","0","37.63","Derby Stallion"
"Barbie Horse Adventures: Summer Camp","3365","Barbie Horse Adventures: Summer Camp","101580","2700","1605","1","17","0","0","37.62","Barbie Horse Adventures: Summer Camp"
"Warcraft II: Beyond the Dark Portal","3366","Warcraft II: Beyond the Dark Portal","1971660","52440","1536","2","85","3","0","37.6","Warcraft II: Beyond the Dark Portal"
"Penumbra: Black Plague","3367","Penumbra: Black Plague","5933760","157860","13563","5","518","11","0","37.59","Penumbra: Black Plague"
"Warcraft: Orcs & Humans","3368","Warcraft: Orcs & Humans","1560300","41520","2231","4","129","2","0","37.58","Warcraft: Orcs & Humans"
"Just Dance Disney Party","3369","Just Dance Disney Party","36060","960","137","1","6","0","0","37.56","Just Dance Disney Party"
"Doshin the Giant","3370","Doshin the Giant","159900","4260","514","1","16","0","0","37.54","Doshin the Giant"
"Pro Gamer Manager","3371","Pro Gamer Manager","1589700","42360","1897","3","275","3","0","37.53","Pro Gamer Manager"
"Cosmic Spacehead","3372","Cosmic Spacehead","31500","840","120","1","2","0","0","37.5","Cosmic Spacehead"
"Heroes of the Storm","3373","Heroes of the Storm","2407909440","64264140","86526","362","72061","4569","121","37.47","Heroes of the Storm"
"MLB 15: The Show","3374","MLB 15: The Show","8822460","235440","10762","14","3109","16","0","37.47","MLB 15: The Show"
"Bus Simulator 2012","3375","Bus Simulator 2012","954900","25500","2228","12","132","1","0","37.45","Bus Simulator 2012"
"Trio The Punch – Never Forget Me...","3376","Trio The Punch – Never Forget Me...","65160","1740","229","1","7","0","0","37.45","Trio The Punch – Never Forget Me..."
"Imperial Glory","3377","Imperial Glory","157260","4200","233","1","14","0","0","37.44","Imperial Glory"
"Sky Arena","3378","Sky Arena","15720","420","114","1","7","0","0","37.43","Sky Arena"
"Phantom Fighter","3379","Phantom Fighter","40380","1080","84","1","3","0","0","37.39","Phantom Fighter"
"Root Letter","3380","Root Letter","1561140","41760","466","6","62","2","0","37.38","Root Letter"
"Pavilion","3381","Pavilion","141180","3780","515","2","24","0","0","37.35","Pavilion"
"Pacman for GEM","3382","Pacman for GEM","349620","9360","295","1","29","0","0","37.35","Pacman for GEM"
"Target: Renegade","3383","Target: Renegade","13440","360","177","1","4","0","0","37.33","Target: Renegade"
"TrackMania Wii","3384","TrackMania Wii","6720","180","45","1","1","0","0","37.33","TrackMania Wii"
"Burnout Revenge","3385","Burnout Revenge","886740","23760","5371","2","92","1","0","37.32","Burnout Revenge"
"Super Robot Wars Alpha","3386","Super Robot Wars Alpha","196920","5280","390","1","9","0","0","37.3","Super Robot Wars Alpha"
"Balloon Fight","3387","Balloon Fight","393780","10560","898","2","44","0","0","37.29","Balloon Fight"
"Game Dev Tycoon","3388","Game Dev Tycoon","18526860","497100","24077","9","2959","35","0","37.27","Game Dev Tycoon"
"Super Smash Bros.","3389","Super Smash Bros.","23758080","637680","39475","10","1619","45","1","37.26","Super Smash Bros."
"Bloodstained: Ritual of the Night","3390","Bloodstained: Ritual of the Night","1010460","27120","6039","25","304","1","0","37.26","Bloodstained: Ritual of the Night"
"Sonic Jam","3391","Sonic Jam","118440","3180","588","1","17","0","0","37.25","Sonic Jam"
"Bebe's Kids","3392","Bebe's Kids","55860","1500","266","2","8","0","0","37.24","Bebe's Kids"
"Phalanx","3393","Phalanx","93840","2520","278","1","10","0","0","37.24","Phalanx"
"Mario & Wario","3394","Mario & Wario","104940","2820","890","1","6","0","0","37.21","Mario & Wario"
"Reach for the Sun","3395","Reach for the Sun","13380","360","108","1","5","0","0","37.17","Reach for the Sun"
"Internet Spades","3396","Internet Spades","55740","1500","199","1","9","0","0","37.16","Internet Spades"
"The Guild 2","3397","The Guild 2","398940","10740","4955","2","48","0","0","37.15","The Guild 2"
"Police Tactical Training","3398","Police Tactical Training","44580","1200","402","1","7","0","0","37.15","Police Tactical Training"
"Who's Your Daddy","3399","Who's Your Daddy","12330180","331860","34898","11","3631","23","0","37.15","Who's Your Daddy"
"Super Adventure Island","3400","Super Adventure Island","200580","5400","1330","2","25","0","0","37.14","Super Adventure Island"