"","","Game","Watch time","Stream time","Peak viewers","Peak channels","Streamers","Average viewers","Average channels","Average viewer ratio",""
"Wild Season","6401","Wild Season","20820","1380","118","1","7","0","0","15.09","Wild Season"
"Just Get Through","6402","Just Get Through","39840","2640","179","1","19","0","0","15.09","Just Get Through"
"GetAmped","6403","GetAmped","1170120","77580","2893","3","122","2","0","15.08","GetAmped"
"NBA 2K17","6404","NBA 2K17","631404960","41861280","42215","1778","90905","1198","79","15.08","NBA 2K17"
"Titan Souls","6405","Titan Souls","6077700","403200","17329","9","2333","11","0","15.07","Titan Souls"
"Taiko no Tatsujin: V Version","6406","Taiko no Tatsujin: V Version","40680","2700","158","1","9","0","0","15.07","Taiko no Tatsujin: V Version"
"Gobs of Games","6407","Gobs of Games","123900","8220","258","2","25","0","0","15.07","Gobs of Games"
"Petka 3: The Return of Alaska","6408","Petka 3: The Return of Alaska","82260","5460","95","1","13","0","0","15.07","Petka 3: The Return of Alaska"
"The Great Circus Mystery starring Mickey and Minnie","6409","The Great Circus Mystery starring Mickey and Minnie","97620","6480","582","2","32","0","0","15.06","The Great Circus Mystery starring Mickey and Minnie"
"Bound","6410","Bound","1364460","90600","2295","22","581","2","0","15.06","Bound"
"Mad Skills Motocross 2","6411","Mad Skills Motocross 2","198600","13200","130","1","6","0","0","15.05","Mad Skills Motocross 2"
"Bleach Brave Souls","6412","Bleach Brave Souls","3525360","234360","508","7","200","6","0","15.04","Bleach Brave Souls"
"Countdown","6413","Countdown","211200","14040","915","2","24","0","0","15.04","Countdown"
"Franklin's Great Adventures","6414","Franklin's Great Adventures","68580","4560","295","1","4","0","0","15.04","Franklin's Great Adventures"
"Gex 3: Deep Cover Gecko","6415","Gex 3: Deep Cover Gecko","299580","19920","390","2","46","0","0","15.04","Gex 3: Deep Cover Gecko"
"Space Hulk Ascension","6416","Space Hulk Ascension","243480","16200","475","3","37","0","0","15.03","Space Hulk Ascension"
"Romancing SaGa 3","6417","Romancing SaGa 3","327420","21780","601","2","22","0","0","15.03","Romancing SaGa 3"
"Final Fantasy III","6418","Final Fantasy III","4776000","317760","2858","7","759","9","0","15.03","Final Fantasy III"
"Putty Squad","6419","Putty Squad","47760","3180","209","2","18","0","0","15.02","Putty Squad"
"Rocketbirds: Hardboiled Chicken","6420","Rocketbirds: Hardboiled Chicken","336780","22440","977","4","100","0","0","15.01","Rocketbirds: Hardboiled Chicken"
"Medabots AX: Rokusho/Metabee","6421","Medabots AX: Rokusho/Metabee","18900","1260","270","1","8","0","0","15","Medabots AX: Rokusho/Metabee"
"Fireworks","6422","Fireworks","26100","1740","205","4","14","0","0","15","Fireworks"
"Pokémon Dash","6423","Pokémon Dash","60300","4020","796","1","10","0","0","15","Pokémon Dash"
"Steven Seagal Is: The Final Option","6424","Steven Seagal Is: The Final Option","17100","1140","245","2","8","0","0","15","Steven Seagal Is: The Final Option"
"Super Wing Commander","6425","Super Wing Commander","900","60","17","1","1","0","0","15","Super Wing Commander"
"Jikkyou Power Pro Wrestling '96: Max Voltage","6426","Jikkyou Power Pro Wrestling '96: Max Voltage","900","60","16","1","1","0","0","15","Jikkyou Power Pro Wrestling '96: Max Voltage"
"Return to Mysterious Island II","6427","Return to Mysterious Island II","25200","1680","286","1","4","0","0","15","Return to Mysterious Island II"
"Packy and Marlon","6428","Packy and Marlon","4500","300","84","1","4","0","0","15","Packy and Marlon"
"Gooch Grundy's X-Decathlon","6429","Gooch Grundy's X-Decathlon","900","60","15","1","1","0","0","15","Gooch Grundy's X-Decathlon"
"Ruzzle Adventure","6430","Ruzzle Adventure","900","60","15","1","0","0","0","15","Ruzzle Adventure"
"Kokuga","6431","Kokuga","900","60","15","1","1","0","0","15","Kokuga"
"The Jackbox Party Pack 2","6432","The Jackbox Party Pack 2","36663000","2444340","23279","53","9282","69","4","15","The Jackbox Party Pack 2"
"Undercroft","6433","Undercroft","900","60","15","1","1","0","0","15","Undercroft"
"T.A.C. Heroes: Big Red One","6434","T.A.C. Heroes: Big Red One","900","60","15","1","0","0","0","15","T.A.C. Heroes: Big Red One"
"Retroboy","6435","Retroboy","900","60","15","1","0","0","0","15","Retroboy"
"South Park 101 - Quizner's Trivia","6436","South Park 101 - Quizner's Trivia","2700","180","19","1","1","0","0","15","South Park 101 - Quizner's Trivia"
"X Squad","6437","X Squad","2700","180","19","1","1","0","0","15","X Squad"
"Merriam-Webster Spell Jam","6438","Merriam-Webster Spell Jam","900","60","25","1","1","0","0","15","Merriam-Webster Spell Jam"
"Deadliest Catch: Sea of Chaos","6439","Deadliest Catch: Sea of Chaos","900","60","17","1","1","0","0","15","Deadliest Catch: Sea of Chaos"
"Learn to Play Chess with Fritz and Chesster 2: Chess in the Black Castle","6440","Learn to Play Chess with Fritz and Chesster 2: Chess in the Black Castle","900","60","15","1","1","0","0","15","Learn to Play Chess with Fritz and Chesster 2: Chess in the Black Castle"
"F1 World Grand Prix: 1999 Season","6441","F1 World Grand Prix: 1999 Season","1800","120","16","1","1","0","0","15","F1 World Grand Prix: 1999 Season"
"1 vs. 100","6442","1 vs. 100","10800","720","26","1","2","0","0","15","1 vs. 100"
"Amazing Alex","6443","Amazing Alex","2700","180","18","1","1","0","0","15","Amazing Alex"
"Battle Isle","6444","Battle Isle","4500","300","23","1","1","0","0","15","Battle Isle"
"Flight Control Rocket","6445","Flight Control Rocket","900","60","15","1","1","0","0","15","Flight Control Rocket"
"Venture Forth","6446","Venture Forth","900","60","18","1","1","0","0","15","Venture Forth"
"Holy Potatoes! A Weapon Shop?!","6447","Holy Potatoes! A Weapon Shop?!","607080","40500","3292","3","186","1","0","14.99","Holy Potatoes! A Weapon Shop?!"
"Jumping Flash! 2","6448","Jumping Flash! 2","49440","3300","97","5","14","0","0","14.98","Jumping Flash! 2"
"Kirby's Dream Land 3","6449","Kirby's Dream Land 3","639780","42720","1293","4","158","1","0","14.98","Kirby's Dream Land 3"
"Romance of the Three Kingdoms XIII","6450","Romance of the Three Kingdoms XIII","2595480","173280","514","8","234","4","0","14.98","Romance of the Three Kingdoms XIII"
"F-Zero X","6451","F-Zero X","597480","39900","1686","3","175","1","0","14.97","F-Zero X"
"Need for Speed: Hot Pursuit","6452","Need for Speed: Hot Pursuit","2132460","142560","5197","4","697","4","0","14.96","Need for Speed: Hot Pursuit"
"DLC Quest","6453","DLC Quest","320460","21420","919","3","146","0","0","14.96","DLC Quest"
"Bets","6454","Bets","89760","6000","35","1","17","0","0","14.96","Bets"
"Team Fortress 2","6455","Team Fortress 2","234749400","15697440","32609","103","31702","445","29","14.95","Team Fortress 2"
"Gunple: Gunman's Proof","6456","Gunple: Gunman's Proof","119280","7980","1368","2","13","0","0","14.95","Gunple: Gunman's Proof"
"Majesty 2: The Fantasy Kingdom Sim","6457","Majesty 2: The Fantasy Kingdom Sim","326400","21840","618","2","49","0","0","14.95","Majesty 2: The Fantasy Kingdom Sim"
"McPixel","6458","McPixel","292320","19560","508","2","133","0","0","14.94","McPixel"
"Blade Kitten","6459","Blade Kitten","268920","18000","1060","2","80","0","0","14.94","Blade Kitten"
"Master Reboot","6460","Master Reboot","127260","8520","449","2","45","0","0","14.94","Master Reboot"
"Randal's Monday","6461","Randal's Monday","1804500","120900","572","6","296","3","0","14.93","Randal's Monday"
"The Chessmaster","6462","The Chessmaster","13440","900","75","1","5","0","0","14.93","The Chessmaster"
"Yume Miru Kusuri: A Drug That Makes You Dream","6463","Yume Miru Kusuri: A Drug That Makes You Dream","33120","2220","56","1","7","0","0","14.92","Yume Miru Kusuri: A Drug That Makes You Dream"
"Oneechanbara Z2: Chaos","6464","Oneechanbara Z2: Chaos","54600","3660","299","1","20","0","0","14.92","Oneechanbara Z2: Chaos"
"One Piece: Burning Blood","6465","One Piece: Burning Blood","7296300","489120","15811","52","3940","13","0","14.92","One Piece: Burning Blood"
"Saru! Get You! SaruSaru Big Mission","6466","Saru! Get You! SaruSaru Big Mission","39360","2640","56","1","4","0","0","14.91","Saru! Get You! SaruSaru Big Mission"
"Monochroma","6467","Monochroma","274560","18420","515","4","84","0","0","14.91","Monochroma"
"Metal Gear Ac!d","6468","Metal Gear Ac!d","103740","6960","285","2","18","0","0","14.91","Metal Gear Ac!d"
"Soul Sacrifice","6469","Soul Sacrifice","38460","2580","36","1","3","0","0","14.91","Soul Sacrifice"
"Butt Sniffin Pugs","6470","Butt Sniffin Pugs","25920","1740","354","1","8","0","0","14.9","Butt Sniffin Pugs"
"Torneko no Daibouken: Fushigi no Dungeon","6471","Torneko no Daibouken: Fushigi no Dungeon","37560","2520","46","1","6","0","0","14.9","Torneko no Daibouken: Fushigi no Dungeon"
"Etrian Odyssey","6472","Etrian Odyssey","196560","13200","85","2","21","0","0","14.89","Etrian Odyssey"
"Tex Murphy: Overseer","6473","Tex Murphy: Overseer","130440","8760","120","1","14","0","0","14.89","Tex Murphy: Overseer"
"Iron Commando: Koutetsu no Senshi","6474","Iron Commando: Koutetsu no Senshi","7140","480","43","1","3","0","0","14.88","Iron Commando: Koutetsu no Senshi"
"2nd Super Robot Wars Original Generation","6475","2nd Super Robot Wars Original Generation","180360","12120","296","2","7","0","0","14.88","2nd Super Robot Wars Original Generation"
"Rayman","6476","Rayman","2126100","142860","627","6","279","4","0","14.88","Rayman"
"Lunar 2: Eternal Blue Complete","6477","Lunar 2: Eternal Blue Complete","827400","55620","738","3","51","1","0","14.88","Lunar 2: Eternal Blue Complete"
"StarTropics","6478","StarTropics","1050180","70620","960","3","155","1","0","14.87","StarTropics"
"Braveland","6479","Braveland","115980","7800","491","1","17","0","0","14.87","Braveland"
"Act It Out! A Game of Charades","6480","Act It Out! A Game of Charades","35700","2400","192","1","22","0","0","14.87","Act It Out! A Game of Charades"
"Star Pilot","6481","Star Pilot","12480","840","74","1","2","0","0","14.86","Star Pilot"
"On Rusty Trails","6482","On Rusty Trails","63300","4260","240","2","20","0","0","14.86","On Rusty Trails"
"Scrabble Complete","6483","Scrabble Complete","6240","420","57","1","3","0","0","14.86","Scrabble Complete"
"Putt-Putt Travels Through Time","6484","Putt-Putt Travels Through Time","142620","9600","260","2","60","0","0","14.86","Putt-Putt Travels Through Time"
"Dungeon Lords","6485","Dungeon Lords","123060","8280","973","2","28","0","0","14.86","Dungeon Lords"
"NHL 97","6486","NHL 97","99840","6720","680","1","5","0","0","14.86","NHL 97"
"Kuon","6487","Kuon","382260","25740","179","2","47","0","0","14.85","Kuon"
"Teenage Mutant Ninja Turtles: Danger of the Ooze","6488","Teenage Mutant Ninja Turtles: Danger of the Ooze","17820","1200","84","1","3","0","0","14.85","Teenage Mutant Ninja Turtles: Danger of the Ooze"
"Blameless","6489","Blameless","832440","56040","2281","10","664","1","0","14.85","Blameless"
"Make America Great Again: The Trump Presidency","6490","Make America Great Again: The Trump Presidency","169200","11400","389","4","94","0","0","14.84","Make America Great Again: The Trump Presidency"
"Vampires Dawn: Reign of Blood","6491","Vampires Dawn: Reign of Blood","70320","4740","445","1","14","0","0","14.84","Vampires Dawn: Reign of Blood"
"Sayonara, Umihara Kawase","6492","Sayonara, Umihara Kawase","73020","4920","216","2","22","0","0","14.84","Sayonara, Umihara Kawase"
"DeFRaG","6493","DeFRaG","127320","8580","501","1","17","0","0","14.84","DeFRaG"
"Rastan","6494","Rastan","36480","2460","171","3","15","0","0","14.83","Rastan"
"Lunar Pool","6495","Lunar Pool","21360","1440","317","3","9","0","0","14.83","Lunar Pool"
"Hexcells","6496","Hexcells","205500","13860","415","2","77","0","0","14.83","Hexcells"
"Astyanax","6497","Astyanax","114780","7740","121","1","22","0","0","14.83","Astyanax"
"Jurassic Park","6498","Jurassic Park","1544220","104100","884","4","401","2","0","14.83","Jurassic Park"
"Ōkami","6499","Ōkami","5622000","379320","1507","5","513","10","0","14.82","Ōkami"
"Spider-Man Unlimited","6500","Spider-Man Unlimited","171660","11580","57","1","11","0","0","14.82","Spider-Man Unlimited"