"","","Game","Watch time","Stream time","Peak viewers","Peak channels","Streamers","Average viewers","Average channels","Average viewer ratio",""
"Fantasy Earth Zero","1601","Fantasy Earth Zero","3385200","542220","788","10","236","6","1","6.24","Fantasy Earth Zero"
"Call of Duty: World at War: Zombies","1602","Call of Duty: World at War: Zombies","3380580","596220","534","11","2812","6","1","5.67","Call of Duty: World at War: Zombies"
"Tomb Raider III: Adventures of Lara Croft","1603","Tomb Raider III: Adventures of Lara Croft","3378900","195420","2582","6","229","6","0","17.29","Tomb Raider III: Adventures of Lara Croft"
"Ninja Gaiden Black","1604","Ninja Gaiden Black","3375060","67500","1995","3","69","6","0","50","Ninja Gaiden Black"
"The Curse of Monkey Island","1605","The Curse of Monkey Island","3373680","62340","2615","4","190","6","0","54.12","The Curse of Monkey Island"
"Age of Mythology","1606","Age of Mythology","3367740","70260","5499","3","286","6","0","47.93","Age of Mythology"
"Torchlight II","1607","Torchlight II","3367560","673380","686","12","2832","6","1","5","Torchlight II"
"Rhythm Tengoku","1608","Rhythm Tengoku","3366060","31020","6110","3","112","6","0","108.51","Rhythm Tengoku"
"Suikoden II","1609","Suikoden II","3361620","226860","4218","4","204","6","0","14.82","Suikoden II"
"Evil Genius","1610","Evil Genius","3359160","65820","7857","4","195","6","0","51.04","Evil Genius"
"SD Gundam G Generation","1611","SD Gundam G Generation","3355080","155940","922","20","97","6","0","21.52","SD Gundam G Generation"
"Super Mario Bros. / Duck Hunt / World Class Track Meet","1612","Super Mario Bros. / Duck Hunt / World Class Track Meet","3347820","52980","838","3","50","6","0","63.19","Super Mario Bros. / Duck Hunt / World Class Track Meet"
"Crashlands","1613","Crashlands","3347100","191760","2748","20","524","6","0","17.45","Crashlands"
"Lester the Unlikely","1614","Lester the Unlikely","3346500","10380","82185","10","33","6","0","322.4","Lester the Unlikely"
"Dino Crisis","1615","Dino Crisis","3345000","143160","906","4","348","6","0","23.37","Dino Crisis"
"Room of Doom","1616","Room of Doom","3342960","960","19469","3","9","6","0","3482.25","Room of Doom"
"Wrack","1617","Wrack","3342780","5400","90525","7","35","6","0","619.03","Wrack"
"Space Station 13","1618","Space Station 13","3340500","111060","1143","4","262","6","0","30.08","Space Station 13"
"Viking Squad","1619","Viking Squad","3328260","58260","6301","10","266","6","0","57.13","Viking Squad"
"Persona 4: Dancing All Night","1620","Persona 4: Dancing All Night","3321060","66540","2282","2","133","6","0","49.91","Persona 4: Dancing All Night"
"Barbie Beach Vacation","1621","Barbie Beach Vacation","3308940","2640","27835","2","12","6","0","1253.39","Barbie Beach Vacation"
"Crowfall","1622","Crowfall","3304080","178140","5497","21","331","6","0","18.55","Crowfall"
"Darkwood","1623","Darkwood","3284100","100260","2212","4","280","6","0","32.76","Darkwood"
"Bayonetta","1624","Bayonetta","3283620","328080","4444","8","917","6","0","10.01","Bayonetta"
"Scarygirl","1625","Scarygirl","3282780","2460","21978","5","23","6","0","1334.46","Scarygirl"
"MechWarrior","1626","MechWarrior","3278100","28680","1667","2","37","6","0","114.3","MechWarrior"
"Call of Duty: Black Ops Zombies","1627","Call of Duty: Black Ops Zombies","3277740","263220","6622","6","1277","6","0","12.45","Call of Duty: Black Ops Zombies"
"Kitty Powers' Matchmaker","1628","Kitty Powers' Matchmaker","3277620","53400","4228","7","215","6","0","61.38","Kitty Powers' Matchmaker"
"Shantae and the Pirate's Curse","1629","Shantae and the Pirate's Curse","3277140","387360","2132","15","1222","6","0","8.46","Shantae and the Pirate's Curse"
"New Super Mario Bros. Wii","1630","New Super Mario Bros. Wii","3273780","252000","1452","7","546","6","0","12.99","New Super Mario Bros. Wii"
"Damned","1631","Damned","3273660","214980","4960","8","939","6","0","15.23","Damned"
"Fallout","1632","Fallout","3269820","281460","4101","5","876","6","0","11.62","Fallout"
"Here They Lie","1633","Here They Lie","3268080","47520","15544","6","433","6","0","68.77","Here They Lie"
"Half-Life: Counter-Strike","1634","Half-Life: Counter-Strike","3249960","336420","3173","7","892","6","0","9.66","Half-Life: Counter-Strike"
"Brothers: A Tale of Two Sons","1635","Brothers: A Tale of Two Sons","3247380","251880","2512","5","1597","6","0","12.89","Brothers: A Tale of Two Sons"
"Xenoblade Chronicles","1636","Xenoblade Chronicles","3228840","402960","586","6","538","6","0","8.01","Xenoblade Chronicles"
"Sherlock Holmes: Crimes & Punishments","1637","Sherlock Holmes: Crimes & Punishments","3227220","93000","2962","6","300","6","0","34.7","Sherlock Holmes: Crimes & Punishments"
"Harry Potter and the Prisoner of Azkaban","1638","Harry Potter and the Prisoner of Azkaban","3225660","114960","1633","4","218","6","0","28.06","Harry Potter and the Prisoner of Azkaban"
"Happy Wheels","1639","Happy Wheels","3221700","270540","5819","5","2268","6","0","11.91","Happy Wheels"
"The Binding of Isaac","1640","The Binding of Isaac","3220020","433980","2812","6","2777","6","0","7.42","The Binding of Isaac"
"Sly 3: Honor Among Thieves","1641","Sly 3: Honor Among Thieves","3215280","97860","2694","4","140","6","0","32.86","Sly 3: Honor Among Thieves"
"Harry Potter and the Deathly Hallows: Part 1","1642","Harry Potter and the Deathly Hallows: Part 1","3213240","19440","20085","7","89","6","0","165.29","Harry Potter and the Deathly Hallows: Part 1"
"Reflex Arena","1643","Reflex Arena","3207840","372900","804","7","530","6","0","8.6","Reflex Arena"
"Two Worlds","1644","Two Worlds","3207420","71460","6768","5","164","6","0","44.88","Two Worlds"
"Yomawari","1645","Yomawari","3205500","84240","16473","19","401","6","0","38.05","Yomawari"
"SAW II: Flesh & Blood","1646","SAW II: Flesh & Blood","3204660","3720","8291","3","15","6","0","861.47","SAW II: Flesh & Blood"
"King of Kings: The Early Years","1647","King of Kings: The Early Years","3200340","3060","78391","7","14","6","0","1045.86","King of Kings: The Early Years"
"Soulcalibur IV","1648","Soulcalibur IV","3198540","17220","7572","3","60","6","0","185.75","Soulcalibur IV"
"The Amazing Spider-Man 2","1649","The Amazing Spider-Man 2","3195060","150660","2473","7","1480","6","0","21.21","The Amazing Spider-Man 2"
"Penumbra: Overture","1650","Penumbra: Overture","3191040","188760","5814","8","794","6","0","16.91","Penumbra: Overture"
"Dead Secret","1651","Dead Secret","3183420","35940","25366","4","193","6","0","88.58","Dead Secret"
"Jikkyou Powerful Pro Yakyuu 2014","1652","Jikkyou Powerful Pro Yakyuu 2014","3179880","26520","393","2","18","6","0","119.9","Jikkyou Powerful Pro Yakyuu 2014"
"Are You Smarter Than A 5th Grader? Make the Grade!","1653","Are You Smarter Than A 5th Grader? Make the Grade!","3176760","720","38192","4","9","6","0","4412.17","Are You Smarter Than A 5th Grader? Make the Grade!"
"Ultraman Ball","1654","Ultraman Ball","3165480","1620","78236","4","9","6","0","1954","Ultraman Ball"
"Subsistence","1655","Subsistence","3161520","116280","31163","10","283","5","0","27.19","Subsistence"
"Doorways","1656","Doorways","3160560","22560","24580","5","137","5","0","140.1","Doorways"
"Paint the Town Red","1657","Paint the Town Red","3154500","98940","18025","5","578","5","0","31.88","Paint the Town Red"
"Serious Sam: The Random Encounter","1658","Serious Sam: The Random Encounter","3153660","1980","77946","7","16","5","0","1592.76","Serious Sam: The Random Encounter"
"Mind's Eye","1659","Mind's Eye","3152940","17160","17767","5","165","5","0","183.74","Mind's Eye"
"Starmade","1660","Starmade","3148320","380160","461","6","432","5","0","8.28","Starmade"
"DiRT 3","1661","DiRT 3","3141480","779220","1117","75","5444","5","1","4.03","DiRT 3"
"Of Kings And Men","1662","Of Kings And Men","3132180","134400","4060","26","484","5","0","23.3","Of Kings And Men"
"Ink","1663","Ink","3131580","48540","95438","8","265","5","0","64.52","Ink"
"Sonic the Hedgehog: Spinball","1664","Sonic the Hedgehog: Spinball","3130560","31380","2992","3","155","5","0","99.76","Sonic the Hedgehog: Spinball"
"Heart's Medicine - Time to Heal","1665","Heart's Medicine - Time to Heal","3129180","18360","3537","4","63","5","0","170.43","Heart's Medicine - Time to Heal"
"Paws","1666","Paws","3125700","5280","17534","3","39","5","0","591.99","Paws"
"Final Fantasy Type-0 HD","1667","Final Fantasy Type-0 HD","3122520","895080","1018","11","3611","5","1","3.49","Final Fantasy Type-0 HD"
"LEGO Star Wars: The Complete Saga","1668","LEGO Star Wars: The Complete Saga","3122220","251580","4201","13","1013","5","0","12.41","LEGO Star Wars: The Complete Saga"
"Metal Gear","1669","Metal Gear","3121980","49260","1993","4","141","5","0","63.38","Metal Gear"
"Dungeons & Dragons Online","1670","Dungeons & Dragons Online","3121920","577380","385","7","609","5","1","5.41","Dungeons & Dragons Online"
"Claire","1671","Claire","3106200","40320","25426","5","190","5","0","77.04","Claire"
"Phantasy Star Online: Blue Burst","1672","Phantasy Star Online: Blue Burst","3103380","278220","4906","6","409","5","0","11.15","Phantasy Star Online: Blue Burst"
"Naruto Shippuden: Ultimate Ninja Storm 2","1673","Naruto Shippuden: Ultimate Ninja Storm 2","3103080","26040","22103","3","50","5","0","119.17","Naruto Shippuden: Ultimate Ninja Storm 2"
"Demon Sword","1674","Demon Sword","3100440","2400","102188","5","11","5","0","1291.85","Demon Sword"
"Mega Man X6","1675","Mega Man X6","3087780","109680","4043","4","200","5","0","28.15","Mega Man X6"
"Hook","1676","Hook","3086880","24180","122875","6","136","5","0","127.66","Hook"
"Paranormal","1677","Paranormal","3080100","27960","4508","3","199","5","0","110.16","Paranormal"
"Asheron's Call","1678","Asheron's Call","3079140","64740","22234","6","84","5","0","47.56","Asheron's Call"
"RF Online","1679","RF Online","3075060","438960","449","7","336","5","0","7.01","RF Online"
"Monster Bash","1680","Monster Bash","3070560","6000","73891","6","23","5","0","511.76","Monster Bash"
"Carmageddon: Reincarnation","1681","Carmageddon: Reincarnation","3068760","43080","30939","6","195","5","0","71.23","Carmageddon: Reincarnation"
"Fatal Frame II: Crimson Butterfly","1682","Fatal Frame II: Crimson Butterfly","3067860","157800","2446","8","331","5","0","19.44","Fatal Frame II: Crimson Butterfly"
"Krosmaga","1683","Krosmaga","3066900","170340","1767","9","376","5","0","18","Krosmaga"
"Super Duper Sumos","1684","Super Duper Sumos","3063540","600","18826","3","7","5","0","5105.9","Super Duper Sumos"
"Senran Kagura Bon Appétit!","1685","Senran Kagura Bon Appétit!","3057780","31860","20325","5","144","5","0","95.98","Senran Kagura Bon Appétit!"
"Stikbold!","1686","Stikbold!","3050760","29460","18766","3","201","5","0","103.56","Stikbold!"
"Tomodachi Life","1687","Tomodachi Life","3049560","45300","4921","3","52","5","0","67.32","Tomodachi Life"
"Dreamfall Chapters","1688","Dreamfall Chapters","3046740","255600","5134","9","579","5","0","11.92","Dreamfall Chapters"
"Dragon Quest IV: Chapters of the Chosen","1689","Dragon Quest IV: Chapters of the Chosen","3044160","124260","2159","4","83","5","0","24.5","Dragon Quest IV: Chapters of the Chosen"
"Road to Ballhalla","1690","Road to Ballhalla","3040800","29460","8023","7","133","5","0","103.22","Road to Ballhalla"
"Grow Home","1691","Grow Home","3037980","295200","5459","11","1947","5","0","10.29","Grow Home"
"Metal Gear Online","1692","Metal Gear Online","3033780","273120","20107","17","901","5","0","11.11","Metal Gear Online"
"Princess Evangile","1693","Princess Evangile","3023580","8640","12925","1","11","5","0","349.95","Princess Evangile"
"Doom 64","1694","Doom 64","3016620","117840","3154","5","340","5","0","25.6","Doom 64"
"Sonic Generations","1695","Sonic Generations","3011880","316080","1657","10","1470","5","0","9.53","Sonic Generations"
"Dungelot: Shattered Lands","1696","Dungelot: Shattered Lands","3011460","97140","4935","61","323","5","0","31","Dungelot: Shattered Lands"
"Action Henk","1697","Action Henk","3008040","104280","15667","4","346","5","0","28.85","Action Henk"
"Rygar","1698","Rygar","3006300","22020","86552","6","64","5","0","136.53","Rygar"
"Tomb Raider: The Last Revelation","1699","Tomb Raider: The Last Revelation","3005820","191700","6945","6","199","5","0","15.68","Tomb Raider: The Last Revelation"
"Toonstruck","1700","Toonstruck","3001500","26880","2465","2","51","5","0","111.66","Toonstruck"