"","","Game","Watch time","Stream time","Peak viewers","Peak channels","Streamers","Average viewers","Average channels","Average viewer ratio",""
"Monkey Island 2:  LeChuck's Revenge","3601","Monkey Island 2:  LeChuck's Revenge","3470220","101460","3086","3","257","6","0","34.2","Monkey Island 2:  LeChuck's Revenge"
"Nosteratu: The Wrath of Malachi","3602","Nosteratu: The Wrath of Malachi","53340","1560","304","1","9","0","0","34.19","Nosteratu: The Wrath of Malachi"
"Darkstalkers 3","3603","Darkstalkers 3","1029300","30120","1130","3","98","1","0","34.17","Darkstalkers 3"
"Open Transport Tycoon Deluxe","3604","Open Transport Tycoon Deluxe","10118280","296100","33740","7","337","19","0","34.17","Open Transport Tycoon Deluxe"
"Dirty Harry","3605","Dirty Harry","40980","1200","178","1","4","0","0","34.15","Dirty Harry"
"Dungeons & Dragons: Tower of Doom","3606","Dungeons & Dragons: Tower of Doom","243600","7140","1782","2","44","0","0","34.12","Dungeons & Dragons: Tower of Doom"
"The Room","3607","The Room","5737320","168180","5131","5","836","10","0","34.11","The Room"
"Defense Zone","3608","Defense Zone","20460","600","63","1","2","0","0","34.1","Defense Zone"
"The Legend of Zelda: The Wind Waker","3609","The Legend of Zelda: The Wind Waker","41278500","1211880","19764","14","2633","78","2","34.06","The Legend of Zelda: The Wind Waker"
"Dead or Alive Xtreme 3: Fortune","3610","Dead or Alive Xtreme 3: Fortune","12221220","358800","8301","29","2392","23","0","34.06","Dead or Alive Xtreme 3: Fortune"
"Lethis - Path of Progress","3611","Lethis - Path of Progress","706860","20760","2393","3","67","1","0","34.05","Lethis - Path of Progress"
"Alundra","3612","Alundra","4712280","138420","1044","4","138","8","0","34.04","Alundra"
"Einhänder","3613","Einhänder","435000","12780","6068","2","60","0","0","34.04","Einhänder"
"Fushigi no Dungeon: Fuurai no Shiren 2","3614","Fushigi no Dungeon: Fuurai no Shiren 2","46980","1380","95","1","2","0","0","34.04","Fushigi no Dungeon: Fuurai no Shiren 2"
"Homeworld 2","3615","Homeworld 2","400200","11760","1381","2","45","0","0","34.03","Homeworld 2"
"Mega Man Battle Network 4","3616","Mega Man Battle Network 4","1069500","31440","1025","2","53","2","0","34.02","Mega Man Battle Network 4"
"Morphicle","3617","Morphicle","6120","180","52","1","1","0","0","34","Morphicle"
"Generator Rex: Agent of Providence","3618","Generator Rex: Agent of Providence","20400","600","103","1","3","0","0","34","Generator Rex: Agent of Providence"
"Strahl","3619","Strahl","4080","120","43","1","1","0","0","34","Strahl"
"Shining Force Gaiden","3620","Shining Force Gaiden","14280","420","40","1","1","0","0","34","Shining Force Gaiden"
"Fighting Fantasy: Blood of the Zombies","3621","Fighting Fantasy: Blood of the Zombies","6120","180","41","1","1","0","0","34","Fighting Fantasy: Blood of the Zombies"
"Mario & Luigi: Partners in Time","3622","Mario & Luigi: Partners in Time","1393080","40980","1115","3","86","2","0","33.99","Mario & Luigi: Partners in Time"
"Mega Man 2","3623","Mega Man 2","22472280","661440","150406","121","1555","42","1","33.97","Mega Man 2"
"Garou: Mark of the Wolves","3624","Garou: Mark of the Wolves","1803600","53100","5499","6","220","3","0","33.97","Garou: Mark of the Wolves"
"BS Zelda no Densetsu","3625","BS Zelda no Densetsu","218040","6420","579","1","24","0","0","33.96","BS Zelda no Densetsu"
"Yelaxot","3626","Yelaxot","32580","960","96","1","3","0","0","33.94","Yelaxot"
"Spellbound Dizzy","3627","Spellbound Dizzy","24420","720","56","1","1","0","0","33.92","Spellbound Dizzy"
"Armored Core","3628","Armored Core","419280","12360","6320","1","40","0","0","33.92","Armored Core"
"Troddlers","3629","Troddlers","69180","2040","239","1","8","0","0","33.91","Troddlers"
"Killer is Dead","3630","Killer is Dead","5947080","175380","11568","5","649","11","0","33.91","Killer is Dead"
"Hue","3631","Hue","1389540","41040","4333","5","192","2","0","33.86","Hue"
"Eternal","3632","Eternal","21874680","646260","10710","16","710","41","1","33.85","Eternal"
"Jak II","3633","Jak II","5908020","174600","7858","6","231","11","0","33.84","Jak II"
"RollerCoaster Tycoon 3D","3634","RollerCoaster Tycoon 3D","77160","2280","337","1","8","0","0","33.84","RollerCoaster Tycoon 3D"
"Kururin Squash!","3635","Kururin Squash!","225300","6660","1103","3","12","0","0","33.83","Kururin Squash!"
"Sega Classics Collection","3636","Sega Classics Collection","1020780","30180","3255","2","181","1","0","33.82","Sega Classics Collection"
"Resident Evil: Outbreak","3637","Resident Evil: Outbreak","3833340","113400","1331","5","220","7","0","33.8","Resident Evil: Outbreak"
"Concrete Jungle","3638","Concrete Jungle","273720","8100","897","1","37","0","0","33.79","Concrete Jungle"
"The Granstream Saga","3639","The Granstream Saga","358740","10620","399","2","12","0","0","33.78","The Granstream Saga"
"March of War","3640","March of War","18240","540","111","1","4","0","0","33.78","March of War"
"Animal Crossing: Happy Home Designer","3641","Animal Crossing: Happy Home Designer","1566840","46380","560","3","67","2","0","33.78","Animal Crossing: Happy Home Designer"
"Joust","3642","Joust","131700","3900","733","1","20","0","0","33.77","Joust"
"Snooker Nation Championship","3643","Snooker Nation Championship","318120","9420","1511","2","37","0","0","33.77","Snooker Nation Championship"
"Enter the Gungeon","3644","Enter the Gungeon","212160960","6290160","39857","307","18119","402","11","33.73","Enter the Gungeon"
"Medal of Honor: Frontline","3645","Medal of Honor: Frontline","538320","15960","1043","2","40","1","0","33.73","Medal of Honor: Frontline"
"Wii Sports Club","3646","Wii Sports Club","232740","6900","1236","2","42","0","0","33.73","Wii Sports Club"
"Ascent - The Space Game","3647","Ascent - The Space Game","117360","3480","138","2","9","0","0","33.72","Ascent - The Space Game"
"Barbie Dreamhouse Party","3648","Barbie Dreamhouse Party","1143180","33900","2789","3","190","2","0","33.72","Barbie Dreamhouse Party"
"Gwent: The Witcher Card Game","3649","Gwent: The Witcher Card Game","59863080","1775220","7886","124","3658","113","3","33.72","Gwent: The Witcher Card Game"
"Dragon Tales: Learn & Fly With Dragons","3650","Dragon Tales: Learn & Fly With Dragons","105180","3120","568","1","4","0","0","33.71","Dragon Tales: Learn & Fly With Dragons"
"Seraph","3651","Seraph","2685420","79680","3367","6","299","5","0","33.7","Seraph"
"Aquatopia","3652","Aquatopia","6060","180","41","1","1","0","0","33.67","Aquatopia"
"Jungle no Ouja Tar-chan: Sekai Manyuu Dai Kakutou no Maki","3653","Jungle no Ouja Tar-chan: Sekai Manyuu Dai Kakutou no Maki","18180","540","206","1","3","0","0","33.67","Jungle no Ouja Tar-chan: Sekai Manyuu Dai Kakutou no Maki"
"GunForce","3654","GunForce","12120","360","101","1","5","0","0","33.67","GunForce"
"Five Nights at Freddy's: Sister Location","3655","Five Nights at Freddy's: Sister Location","13035480","387360","20375","100","2349","24","0","33.65","Five Nights at Freddy's: Sister Location"
"Q*bert: Rebooted","3656","Q*bert: Rebooted","361200","10740","925","3","52","0","0","33.63","Q*bert: Rebooted"
"Fire Department: Episode 3","3657","Fire Department: Episode 3","26220","780","68","1","1","0","0","33.62","Fire Department: Episode 3"
"Danganronpa 2: Goodbye Despair","3658","Danganronpa 2: Goodbye Despair","42454260","1263060","13729","36","1264","80","2","33.61","Danganronpa 2: Goodbye Despair"
"Slayers","3659","Slayers","62520","1860","64","1","5","0","0","33.61","Slayers"
"Chronicles of Elyria","3660","Chronicles of Elyria","60480","1800","260","1","6","0","0","33.6","Chronicles of Elyria"
"Might and Magic: Book I","3661","Might and Magic: Book I","382500","11400","536","1","7","0","0","33.55","Might and Magic: Book I"
"Trojan","3662","Trojan","452700","13500","417","5","32","0","0","33.53","Trojan"
"Asteroid Bounty Hunter","3663","Asteroid Bounty Hunter","42240","1260","231","2","8","0","0","33.52","Asteroid Bounty Hunter"
"Dreamcast Collection","3664","Dreamcast Collection","299580","8940","2429","2","28","0","0","33.51","Dreamcast Collection"
"Fahrenheit","3665","Fahrenheit","1972200","58860","1999","4","343","3","0","33.51","Fahrenheit"
"Super Granny","3666","Super Granny","4020","120","37","1","1","0","0","33.5","Super Granny"
"Youtubers Life","3667","Youtubers Life","29800080","890160","42861","44","4861","56","1","33.48","Youtubers Life"
"Wonder Boy in Monster World","3668","Wonder Boy in Monster World","487800","14580","521","2","59","0","0","33.46","Wonder Boy in Monster World"
"Luigi's Mansion: Dark Moon","3669","Luigi's Mansion: Dark Moon","1210260","36180","809","3","79","2","0","33.45","Luigi's Mansion: Dark Moon"
"Dragon Quest Monsters 2: Iru to Ruka no Fushigi na Fushigi na Kagi","3670","Dragon Quest Monsters 2: Iru to Ruka no Fushigi na Fushigi na Kagi","18060","540","141","1","2","0","0","33.44","Dragon Quest Monsters 2: Iru to Ruka no Fushigi na Fushigi na Kagi"
"Bowling","3671","Bowling","414780","12420","184","3","13","0","0","33.4","Bowling"
"Fisher-Price: Firehouse Rescue","3672","Fisher-Price: Firehouse Rescue","16020","480","106","1","4","0","0","33.38","Fisher-Price: Firehouse Rescue"
"Beach Bounce","3673","Beach Bounce","82080","2460","1724","2","13","0","0","33.37","Beach Bounce"
"Gravity Rush","3674","Gravity Rush","7428960","222780","5630","15","2737","14","0","33.35","Gravity Rush"
"Super Adventure Island II","3675","Super Adventure Island II","710160","21300","1557","2","29","1","0","33.34","Super Adventure Island II"
"Mario Party 6","3676","Mario Party 6","4122900","123660","3056","6","400","7","0","33.34","Mario Party 6"
"Hot Shots Tennis: Get a Grip","3677","Hot Shots Tennis: Get a Grip","12000","360","66","1","3","0","0","33.33","Hot Shots Tennis: Get a Grip"
"Sport Sport","3678","Sport Sport","183840","5520","1990","2","20","0","0","33.3","Sport Sport"
"Youkai Yashiki","3679","Youkai Yashiki","19980","600","70","1","1","0","0","33.3","Youkai Yashiki"
"The Mafat Conspiracy","3680","The Mafat Conspiracy","33960","1020","126","3","6","0","0","33.29","The Mafat Conspiracy"
"Spear of Destiny Mission Disks - Mission 3: Ultimate Challenge","3681","Spear of Destiny Mission Disks - Mission 3: Ultimate Challenge","7980","240","60","1","1","0","0","33.25","Spear of Destiny Mission Disks - Mission 3: Ultimate Challenge"
"Hungry Shark World","3682","Hungry Shark World","63780","1920","232","1","20","0","0","33.22","Hungry Shark World"
"X2: Wolverine's Revenge","3683","X2: Wolverine's Revenge","55800","1680","303","1","6","0","0","33.21","X2: Wolverine's Revenge"
"Spectre","3684","Spectre","33840","1020","143","2","5","0","0","33.18","Spectre"
"Bejeweled","3685","Bejeweled","121440","3660","1777","1","20","0","0","33.18","Bejeweled"
"Crisis Core: Final Fantasy VII","3686","Crisis Core: Final Fantasy VII","6874560","207240","2677","5","354","13","0","33.17","Crisis Core: Final Fantasy VII"
"Albino Lullaby","3687","Albino Lullaby","709440","21420","1839","3","129","1","0","33.12","Albino Lullaby"
"Pro Fishing Challenge","3688","Pro Fishing Challenge","17880","540","86","1","3","0","0","33.11","Pro Fishing Challenge"
"Adventure Island III","3689","Adventure Island III","228240","6900","1319","1","22","0","0","33.08","Adventure Island III"
"Hyphen","3690","Hyphen","23820","720","119","1","6","0","0","33.08","Hyphen"
"The Legend of Legacy","3691","The Legend of Legacy","168600","5100","547","1","8","0","0","33.06","The Legend of Legacy"
"White Album 2: Introductory Chapter","3692","White Album 2: Introductory Chapter","123000","3720","70","1","4","0","0","33.06","White Album 2: Introductory Chapter"
"Vocal Warrior","3693","Vocal Warrior","65460","1980","175","2","4","0","0","33.06","Vocal Warrior"
"Matrimelee","3694","Matrimelee","81300","2460","1211","1","9","0","0","33.05","Matrimelee"
"Wick","3695","Wick","3738960","113160","19271","5","817","7","0","33.04","Wick"
"Vs. Super Mario Bros.","3696","Vs. Super Mario Bros.","176280","5340","770","2","15","0","0","33.01","Vs. Super Mario Bros."
"Arumana no Kiseki","3697","Arumana no Kiseki","1980","60","38","1","1","0","0","33","Arumana no Kiseki"
"Shounen Kininden Tsumuji","3698","Shounen Kininden Tsumuji","3960","120","63","1","2","0","0","33","Shounen Kininden Tsumuji"
"Twilight Syndrome Tansakuhen","3699","Twilight Syndrome Tansakuhen","21780","660","68","1","2","0","0","33","Twilight Syndrome Tansakuhen"
"Wizardry IV: The Return of Werdna","3700","Wizardry IV: The Return of Werdna","19800","600","154","1","3","0","0","33","Wizardry IV: The Return of Werdna"