"","","Game","Watch time","Stream time","Peak viewers","Peak channels","Streamers","Average viewers","Average channels","Average viewer ratio",""
"TKO","9401","TKO","5160","660","58","1","8","0","0","7.82","TKO"
"Microcosm","9402","Microcosm","10320","1320","29","1","10","0","0","7.82","Microcosm"
"Dark Lord","9403","Dark Lord","5160","660","15","1","1","0","0","7.82","Dark Lord"
"Cho Aniki: Seinaru Protein Densetsu","9404","Cho Aniki: Seinaru Protein Densetsu","5160","660","13","1","2","0","0","7.82","Cho Aniki: Seinaru Protein Densetsu"
"The Fellowship of the Ring","9405","The Fellowship of the Ring","5160","660","23","1","2","0","0","7.82","The Fellowship of the Ring"
"Osomatsu-kun: Hachamecha Gekijō","9406","Osomatsu-kun: Hachamecha Gekijō","16860","2160","34","1","4","0","0","7.81","Osomatsu-kun: Hachamecha Gekijō"
"Pandora","9407","Pandora","54360","6960","543","1","14","0","0","7.81","Pandora"
"Ao Oni","9408","Ao Oni","164880","21120","361","2","96","0","0","7.81","Ao Oni"
"PixelJunk Monsters","9409","PixelJunk Monsters","22500","2880","152","1","17","0","0","7.81","PixelJunk Monsters"
"Rogue Warrior","9410","Rogue Warrior","52500","6720","86","2","34","0","0","7.81","Rogue Warrior"
"Dead Island Riptide","9411","Dead Island Riptide","2634060","337260","2523","8","1419","4","0","7.81","Dead Island Riptide"
"Lovely Planet","9412","Lovely Planet","1163820","149160","1329","8","572","2","0","7.8","Lovely Planet"
"Deathsmiles","9413","Deathsmiles","305580","39180","471","4","157","0","0","7.8","Deathsmiles"
"Earl Weaver Baseball","9414","Earl Weaver Baseball","2340","300","13","1","1","0","0","7.8","Earl Weaver Baseball"
"Silpheed: The Lost Planet","9415","Silpheed: The Lost Planet","4680","600","35","1","3","0","0","7.8","Silpheed: The Lost Planet"
"Turn","9416","Turn","4680","600","14","1","3","0","0","7.8","Turn"
"Sorcery! 2","9417","Sorcery! 2","23400","3000","31","1","10","0","0","7.8","Sorcery! 2"
"Aegis","9418","Aegis","26220","3360","34","4","14","0","0","7.8","Aegis"
"Dino Dini's Kick Off Revival","9419","Dino Dini's Kick Off Revival","783420","100500","1259","5","13","1","0","7.8","Dino Dini's Kick Off Revival"
"Fantasy 6 Pack","9420","Fantasy 6 Pack","4680","600","21","1","3","0","0","7.8","Fantasy 6 Pack"
"Barbie Sparkling Ice Show","9421","Barbie Sparkling Ice Show","18240","2340","52","2","11","0","0","7.79","Barbie Sparkling Ice Show"
"Kingdom Rush Origins","9422","Kingdom Rush Origins","15420","1980","69","1","7","0","0","7.79","Kingdom Rush Origins"
"Stars","9423","Stars","15900","2040","51","1","3","0","0","7.79","Stars"
"Holobunnies","9424","Holobunnies","13560","1740","38","1","4","0","0","7.79","Holobunnies"
"Wolfenstein 3D","9425","Wolfenstein 3D","796620","102240","3389","3","460","1","0","7.79","Wolfenstein 3D"
"Armored Core: Verdict Day","9426","Armored Core: Verdict Day","158520","20340","300","2","30","0","0","7.79","Armored Core: Verdict Day"
"Pathologic 2","9427","Pathologic 2","688200","88320","962","5","212","1","0","7.79","Pathologic 2"
"Knight Squad","9428","Knight Squad","917580","117840","6909","6","902","1","0","7.79","Knight Squad"
"Road Rash","9429","Road Rash","115320","14820","632","2","59","0","0","7.78","Road Rash"
"Police Quest: In Pursuit of the Death Angel","9430","Police Quest: In Pursuit of the Death Angel","94740","12180","118","2","49","0","0","7.78","Police Quest: In Pursuit of the Death Angel"
"Amnesia: Collection","9431","Amnesia: Collection","61140","7860","103","2","506","0","0","7.78","Amnesia: Collection"
"Valdis Story: Abyssal City","9432","Valdis Story: Abyssal City","1038360","133560","536","4","284","1","0","7.77","Valdis Story: Abyssal City"
"Assassin's Creed II","9433","Assassin's Creed II","6673980","858600","5602","11","2983","12","1","7.77","Assassin's Creed II"
"Sniper Elite III","9434","Sniper Elite III","9746040","1254060","5959","26","7250","18","2","7.77","Sniper Elite III"
"Sylvester and Tweety in Cagey Capers","9435","Sylvester and Tweety in Cagey Capers","6060","780","22","1","4","0","0","7.77","Sylvester and Tweety in Cagey Capers"
"Hexen II Mission Pack: Portal of Praevus","9436","Hexen II Mission Pack: Portal of Praevus","13980","1800","35","1","4","0","0","7.77","Hexen II Mission Pack: Portal of Praevus"
"Pac-Man Fever","9437","Pac-Man Fever","21900","2820","187","2","9","0","0","7.77","Pac-Man Fever"
"Dragon Fantasy: Book II","9438","Dragon Fantasy: Book II","18660","2400","37","1","7","0","0","7.77","Dragon Fantasy: Book II"
"Airport Simulator","9439","Airport Simulator","12120","1560","100","1","8","0","0","7.77","Airport Simulator"
"Hero of Many","9440","Hero of Many","11640","1500","31","1","3","0","0","7.76","Hero of Many"
"Blazing Lazers","9441","Blazing Lazers","13500","1740","38","1","10","0","0","7.76","Blazing Lazers"
"Okage: Shadow King","9442","Okage: Shadow King","597840","77040","272","6","248","1","0","7.76","Okage: Shadow King"
"Assassin's Creed","9443","Assassin's Creed","3931080","506400","30478","11","1825","7","0","7.76","Assassin's Creed"
"BlazBlue: Chrono Phantasma Extend","9444","BlazBlue: Chrono Phantasma Extend","6551280","844680","13597","14","3177","12","1","7.76","BlazBlue: Chrono Phantasma Extend"
"Tap Tap Infinity","9445","Tap Tap Infinity","40980","5280","27","2","16","0","0","7.76","Tap Tap Infinity"
"Hounds: The Last Hope","9446","Hounds: The Last Hope","197160","25440","359","2","74","0","0","7.75","Hounds: The Last Hope"
"Last Armageddon","9447","Last Armageddon","1860","240","14","1","1","0","0","7.75","Last Armageddon"
"Need for Speed: Most Wanted","9448","Need for Speed: Most Wanted","5864100","757020","28451","38","5018","11","1","7.75","Need for Speed: Most Wanted"
"X-Plane 10","9449","X-Plane 10","5157600","665160","3057","9","750","9","1","7.75","X-Plane 10"
"Monopoly Family Fun Pack","9450","Monopoly Family Fun Pack","1432620","184800","2539","6","796","2","0","7.75","Monopoly Family Fun Pack"
"DeadZ","9451","DeadZ","11160","1440","127","1","8","0","0","7.75","DeadZ"
"Spirits of Xanadu","9452","Spirits of Xanadu","22320","2880","168","1","21","0","0","7.75","Spirits of Xanadu"
"Nicktoons Unite!","9453","Nicktoons Unite!","29760","3840","200","1","28","0","0","7.75","Nicktoons Unite!"
"Guild Wars: Eye of the North","9454","Guild Wars: Eye of the North","14880","1920","38","1","9","0","0","7.75","Guild Wars: Eye of the North"
"Siege of Avalon","9455","Siege of Avalon","3720","480","19","1","3","0","0","7.75","Siege of Avalon"
"The Sims: Life Stories","9456","The Sims: Life Stories","1860","240","13","1","3","0","0","7.75","The Sims: Life Stories"
"SEGA AGES 2500 Vol.17: Phantasy Star - Generation:2","9457","SEGA AGES 2500 Vol.17: Phantasy Star - Generation:2","1860","240","11","1","1","0","0","7.75","SEGA AGES 2500 Vol.17: Phantasy Star - Generation:2"
"Umineko no Naku Koro ni Episode 2 Turn of the Golden Witch","9458","Umineko no Naku Koro ni Episode 2 Turn of the Golden Witch","103500","13380","50","2","17","0","0","7.74","Umineko no Naku Koro ni Episode 2 Turn of the Golden Witch"
"Razor Freestyle Scooter","9459","Razor Freestyle Scooter","14400","1860","155","1","9","0","0","7.74","Razor Freestyle Scooter"
"Magic: The Gathering - Duels of the Planeswalkers","9460","Magic: The Gathering - Duels of the Planeswalkers","33420","4320","94","2","24","0","0","7.74","Magic: The Gathering - Duels of the Planeswalkers"
"Rogue Galaxy","9461","Rogue Galaxy","1408320","181860","479","5","1249","2","0","7.74","Rogue Galaxy"
"Jojo no Kimyou na Bouken","9462","Jojo no Kimyou na Bouken","43680","5640","69","1","28","0","0","7.74","Jojo no Kimyou na Bouken"
"Rock N' Roll Racing","9463","Rock N' Roll Racing","217440","28080","616","2","98","0","0","7.74","Rock N' Roll Racing"
"Avalanche 2: Super Avalanche","9464","Avalanche 2: Super Avalanche","32040","4140","279","1","28","0","0","7.74","Avalanche 2: Super Avalanche"
"Shiki-Tei","9465","Shiki-Tei","90060","11640","57","1","1","0","0","7.74","Shiki-Tei"
"M.C. Kids","9466","M.C. Kids","81600","10560","192","2","29","0","0","7.73","M.C. Kids"
"Saboteur","9467","Saboteur","129360","16740","123","2","42","0","0","7.73","Saboteur"
"Stella Glow","9468","Stella Glow","164280","21240","91","1","16","0","0","7.73","Stella Glow"
"Darkstone","9469","Darkstone","49080","6360","97","1","21","0","0","7.72","Darkstone"
"Streets of Rage","9470","Streets of Rage","578880","74940","956","3","384","1","0","7.72","Streets of Rage"
"Nibbler","9471","Nibbler","11580","1500","24","1","3","0","0","7.72","Nibbler"
"Gomo","9472","Gomo","52800","6840","113","2","46","0","0","7.72","Gomo"
"CrossCode","9473","CrossCode","788220","102060","734","5","325","1","0","7.72","CrossCode"
"Astérix: The Gallic War","9474","Astérix: The Gallic War","3240","420","19","1","2","0","0","7.71","Astérix: The Gallic War"
"Rabbit","9475","Rabbit","87840","11400","512","7","25","0","0","7.71","Rabbit"
"Mega Bomberman","9476","Mega Bomberman","48120","6240","104","4","31","0","0","7.71","Mega Bomberman"
"Final Fantasy Origins","9477","Final Fantasy Origins","416460","54120","198","5","71","0","0","7.7","Final Fantasy Origins"
"Relentless: Twinsen's Adventure","9478","Relentless: Twinsen's Adventure","278760","36180","209","3","47","0","0","7.7","Relentless: Twinsen's Adventure"
"Inazuma Eleven Strikers","9479","Inazuma Eleven Strikers","20340","2640","86","1","11","0","0","7.7","Inazuma Eleven Strikers"
"Street Fighter Alpha Anthology","9480","Street Fighter Alpha Anthology","20340","2640","249","1","17","0","0","7.7","Street Fighter Alpha Anthology"
"Elegy for a Dead World","9481","Elegy for a Dead World","23520","3060","240","2","29","0","0","7.69","Elegy for a Dead World"
"Kairo","9482","Kairo","64620","8400","94","2","53","0","0","7.69","Kairo"
"Company of Heroes: Opposing Fronts","9483","Company of Heroes: Opposing Fronts","100440","13080","37","2","20","0","0","7.68","Company of Heroes: Opposing Fronts"
"Super Mario World: Super Mario Advance 2","9484","Super Mario World: Super Mario Advance 2","93540","12180","344","2","63","0","0","7.68","Super Mario World: Super Mario Advance 2"
"Kirby and the Rainbow Curse","9485","Kirby and the Rainbow Curse","167640","21840","227","2","69","0","0","7.68","Kirby and the Rainbow Curse"
"Golden Tee","9486","Golden Tee","185280","24120","61","2","8","0","0","7.68","Golden Tee"
"Disgaea 3: Absence of Detention","9487","Disgaea 3: Absence of Detention","50700","6600","75","1","11","0","0","7.68","Disgaea 3: Absence of Detention"
"Fortix","9488","Fortix","4140","540","20","1","3","0","0","7.67","Fortix"
"One More Line","9489","One More Line","11040","1440","65","1","12","0","0","7.67","One More Line"
"Donald Land","9490","Donald Land","40020","5220","56","1","11","0","0","7.67","Donald Land"
"Agricultural Simulator: Historical Farming","9491","Agricultural Simulator: Historical Farming","2760","360","32","1","4","0","0","7.67","Agricultural Simulator: Historical Farming"
"Spot Goes to Hollywood","9492","Spot Goes to Hollywood","12420","1620","67","1","7","0","0","7.67","Spot Goes to Hollywood"
"Cut the Rope: Time Travel","9493","Cut the Rope: Time Travel","1380","180","12","1","2","0","0","7.67","Cut the Rope: Time Travel"
"Ghost Squad","9494","Ghost Squad","5520","720","19","1","5","0","0","7.67","Ghost Squad"
"Star Fox Adventures","9495","Star Fox Adventures","959040","124980","454","4","260","1","0","7.67","Star Fox Adventures"
"Proteus","9496","Proteus","57960","7560","166","1","59","0","0","7.67","Proteus"
"Virtual Corporation","9497","Virtual Corporation","1380","180","11","1","1","0","0","7.67","Virtual Corporation"
"Weak Warrior","9498","Weak Warrior","1380","180","9","1","1","0","0","7.67","Weak Warrior"
"Road Kings","9499","Road Kings","4140","540","37","1","2","0","0","7.67","Road Kings"
"Baseball Superstars 2012","9500","Baseball Superstars 2012","1380","180","14","1","1","0","0","7.67","Baseball Superstars 2012"