"","","Game","Watch time","Stream time","Peak viewers","Peak channels","Streamers","Average viewers","Average channels","Average viewer ratio",""
"NetHack","8901","NetHack","432120","50100","85","3","87","0","0","8.63","NetHack"
"Mario Golf: Toadstool Tour","8902","Mario Golf: Toadstool Tour","662760","76800","1541","4","153","1","0","8.63","Mario Golf: Toadstool Tour"
"Kirby Adventure","8903","Kirby Adventure","75600","8760","217","1","53","0","0","8.63","Kirby Adventure"
"The Lord of the Rings: War in the North","8904","The Lord of the Rings: War in the North","1140480","132180","801","4","502","2","0","8.63","The Lord of the Rings: War in the North"
"Tower","8905","Tower","4140","480","31","1","3","0","0","8.63","Tower"
"Panzer Dragoon Saga","8906","Panzer Dragoon Saga","103080","11940","101","1","23","0","0","8.63","Panzer Dragoon Saga"
"Super Dungeon Bros","8907","Super Dungeon Bros","812580","94200","907","21","678","1","0","8.63","Super Dungeon Bros"
"Mechanized Attack","8908","Mechanized Attack","4140","480","40","1","2","0","0","8.63","Mechanized Attack"
"Disney's PK: Out of the Shadows","8909","Disney's PK: Out of the Shadows","9840","1140","29","1","5","0","0","8.63","Disney's PK: Out of the Shadows"
"NHLPA Hockey '93","8910","NHLPA Hockey '93","17580","2040","60","1","6","0","0","8.62","NHLPA Hockey '93"
"Primal","8911","Primal","120540","13980","129","2","170","0","0","8.62","Primal"
"Star Fox Assault","8912","Star Fox Assault","486720","56460","1543","4","210","0","0","8.62","Star Fox Assault"
"Momodora III","8913","Momodora III","402960","46740","585","10","228","0","0","8.62","Momodora III"
"Yu-Gi-Oh! The Eternal Duelist Soul","8914","Yu-Gi-Oh! The Eternal Duelist Soul","100680","11700","277","2","37","0","0","8.61","Yu-Gi-Oh! The Eternal Duelist Soul"
"Airheart - Tales of broken Wings","8915","Airheart - Tales of broken Wings","25320","2940","47","1","12","0","0","8.61","Airheart - Tales of broken Wings"
"Hooked on Bass Fishing","8916","Hooked on Bass Fishing","44880","5220","43","1","3","0","0","8.6","Hooked on Bass Fishing"
"EyePet","8917","EyePet","2580","300","19","1","2","0","0","8.6","EyePet"
"Thunder Blade","8918","Thunder Blade","2580","300","18","1","3","0","0","8.6","Thunder Blade"
"Iron Snout","8919","Iron Snout","737460","85800","21527","5","676","1","0","8.6","Iron Snout"
"The Darkness","8920","The Darkness","169740","19740","197","2","49","0","0","8.6","The Darkness"
"Illbleed","8921","Illbleed","172260","20040","384","3","41","0","0","8.6","Illbleed"
"The Flintstones","8922","The Flintstones","22200","2580","138","5","15","0","0","8.6","The Flintstones"
"Chivalry: Medieval Warfare","8923","Chivalry: Medieval Warfare","17543700","2041080","9717","33","11430","33","3","8.6","Chivalry: Medieval Warfare"
"Command & Conquer: Red Alert 3","8924","Command & Conquer: Red Alert 3","1287120","149580","775","4","437","2","0","8.6","Command & Conquer: Red Alert 3"
"Kamen Rider Battride War","8925","Kamen Rider Battride War","64020","7440","104","3","20","0","0","8.6","Kamen Rider Battride War"
"ViViD","8926","ViViD","2580","300","26","1","3","0","0","8.6","ViViD"
"Reflex Arena","8927","Reflex Arena","3207840","372900","804","7","530","6","0","8.6","Reflex Arena"
"Millennium Soldier: Expendable","8928","Millennium Soldier: Expendable","2580","300","13","1","2","0","0","8.6","Millennium Soldier: Expendable"
"Goemon: Bouken Jidai Katsugeki","8929","Goemon: Bouken Jidai Katsugeki","36060","4200","66","2","3","0","0","8.59","Goemon: Bouken Jidai Katsugeki"
"The Guild 2: Pirates of the European Seas","8930","The Guild 2: Pirates of the European Seas","55140","6420","761","1","15","0","0","8.59","The Guild 2: Pirates of the European Seas"
"Gradius Galaxies","8931","Gradius Galaxies","22680","2640","205","1","8","0","0","8.59","Gradius Galaxies"
"Bases Loaded","8932","Bases Loaded","74700","8700","41","2","6","0","0","8.59","Bases Loaded"
"Act of Aggression","8933","Act of Aggression","377280","43920","2646","3","123","0","0","8.59","Act of Aggression"
"Future Cop LAPD","8934","Future Cop LAPD","30420","3540","157","1","20","0","0","8.59","Future Cop LAPD"
"Shadow Dancer: The Secret of Shinobi","8935","Shadow Dancer: The Secret of Shinobi","44340","5160","263","2","26","0","0","8.59","Shadow Dancer: The Secret of Shinobi"
"Driver: San Francisco","8936","Driver: San Francisco","345840","40320","304","3","176","0","0","8.58","Driver: San Francisco"
"Dragon Slayer: The Legend of Heroes","8937","Dragon Slayer: The Legend of Heroes","25740","3000","48","1","6","0","0","8.58","Dragon Slayer: The Legend of Heroes"
"Russian Fool","8938","Russian Fool","3600","420","33","1","3","0","0","8.57","Russian Fool"
"Let's Sing","8939","Let's Sing","18000","2100","110","1","13","0","0","8.57","Let's Sing"
"McDonald's Treasure Land Adventure","8940","McDonald's Treasure Land Adventure","53460","6240","137","1","30","0","0","8.57","McDonald's Treasure Land Adventure"
"F-117A Stealth Fighter","8941","F-117A Stealth Fighter","7200","840","25","1","3","0","0","8.57","F-117A Stealth Fighter"
"Ace Combat 7","8942","Ace Combat 7","3600","420","22","1","2","0","0","8.57","Ace Combat 7"
"Tales of Rebirth","8943","Tales of Rebirth","94500","11040","45","1","8","0","0","8.56","Tales of Rebirth"
"Happy Feet","8944","Happy Feet","4620","540","16","1","4","0","0","8.56","Happy Feet"
"Klonoa","8945","Klonoa","107340","12540","300","2","33","0","0","8.56","Klonoa"
"Super Robot Wars","8946","Super Robot Wars","822360","96180","75","3","29","1","0","8.55","Super Robot Wars"
"Space Rangers 2: Reboot","8947","Space Rangers 2: Reboot","65160","7620","77","2","27","0","0","8.55","Space Rangers 2: Reboot"
"VOTE!!!! The Game","8948","VOTE!!!! The Game","15900","1860","125","1","6","0","0","8.55","VOTE!!!! The Game"
"Magical Brickout","8949","Magical Brickout","5640","660","31","1","6","0","0","8.55","Magical Brickout"
"Astérix and the Secret Mission","8950","Astérix and the Secret Mission","11280","1320","147","1","4","0","0","8.55","Astérix and the Secret Mission"
"Persona 4 Arena","8951","Persona 4 Arena","142020","16620","608","2","56","0","0","8.55","Persona 4 Arena"
"Ghosthunter","8952","Ghosthunter","27180","3180","38","1","7","0","0","8.55","Ghosthunter"
"Rift: Storm Legion","8953","Rift: Storm Legion","227820","26640","94","2","63","0","0","8.55","Rift: Storm Legion"
"Warhammer 40,000: Dawn of War","8954","Warhammer 40,000: Dawn of War","687840","80520","786","4","283","1","0","8.54","Warhammer 40,000: Dawn of War"
"Drive","8955","Drive","284220","33300","612","3","203","0","0","8.54","Drive"
"Populous II: Trials of the Olympian Gods","8956","Populous II: Trials of the Olympian Gods","6660","780","101","1","4","0","0","8.54","Populous II: Trials of the Olympian Gods"
"Super Noah's Ark 3D","8957","Super Noah's Ark 3D","37860","4440","223","2","26","0","0","8.53","Super Noah's Ark 3D"
"Never Alone","8958","Never Alone","2355780","276060","1542","6","1724","4","0","8.53","Never Alone"
"The Hunter","8959","The Hunter","9487440","1112280","19505","16","1648","18","2","8.53","The Hunter"
"SSX Tricky","8960","SSX Tricky","621480","72900","1026","3","196","1","0","8.53","SSX Tricky"
"Dungeons","8961","Dungeons","15360","1800","95","1","16","0","0","8.53","Dungeons"
"The Sly Collection","8962","The Sly Collection","70020","8220","71","2","17","0","0","8.52","The Sly Collection"
"YuYu Hakusho: Spirit Detective","8963","YuYu Hakusho: Spirit Detective","31200","3660","39","1","4","0","0","8.52","YuYu Hakusho: Spirit Detective"
"Ghoul Kid","8964","Ghoul Kid","13800","1620","129","2","10","0","0","8.52","Ghoul Kid"
"Alex Hunter: Lord of the Mind","8965","Alex Hunter: Lord of the Mind","30120","3540","47","1","9","0","0","8.51","Alex Hunter: Lord of the Mind"
"Vigilante 8","8966","Vigilante 8","59220","6960","214","1","23","0","0","8.51","Vigilante 8"
"Alien Soldier","8967","Alien Soldier","96540","11340","651","1","41","0","0","8.51","Alien Soldier"
"Disgaea 2: Cursed Memories","8968","Disgaea 2: Cursed Memories","89340","10500","256","1","25","0","0","8.51","Disgaea 2: Cursed Memories"
"Xianjian Qixia Zhuan 4","8969","Xianjian Qixia Zhuan 4","21960","2580","57","1","5","0","0","8.51","Xianjian Qixia Zhuan 4"
"Star Wars: Battlefront II","8970","Star Wars: Battlefront II","1674420","197040","2330","10","1187","3","0","8.5","Star Wars: Battlefront II"
"Heroes of the Lance","8971","Heroes of the Lance","2040","240","32","1","2","0","0","8.5","Heroes of the Lance"
"NHL 98","8972","NHL 98","57600","6780","515","1","9","0","0","8.5","NHL 98"
"Goosebumps: Escape from Horrorland","8973","Goosebumps: Escape from Horrorland","14280","1680","59","1","9","0","0","8.5","Goosebumps: Escape from Horrorland"
"Conspiracies","8974","Conspiracies","1020","120","9","1","1","0","0","8.5","Conspiracies"
"Ninja Senki","8975","Ninja Senki","192360","22620","1017","3","79","0","0","8.5","Ninja Senki"
"Anvil of Dawn","8976","Anvil of Dawn","26520","3120","123","1","10","0","0","8.5","Anvil of Dawn"
"Playboy the Mansion: Private Party","8977","Playboy the Mansion: Private Party","1020","120","10","1","1","0","0","8.5","Playboy the Mansion: Private Party"
"Bill Elliott's NASCAR Challenge","8978","Bill Elliott's NASCAR Challenge","8160","960","120","1","4","0","0","8.5","Bill Elliott's NASCAR Challenge"
"International Superstar Soccer 2000","8979","International Superstar Soccer 2000","1020","120","9","1","1","0","0","8.5","International Superstar Soccer 2000"
"Stretchmo","8980","Stretchmo","2040","240","12","1","1","0","0","8.5","Stretchmo"
"Musashi no Ken: Tadaima Shugyou Chuu","8981","Musashi no Ken: Tadaima Shugyou Chuu","1020","120","12","1","1","0","0","8.5","Musashi no Ken: Tadaima Shugyou Chuu"
"T2: The Arcade","8982","T2: The Arcade","1020","120","11","1","1","0","0","8.5","T2: The Arcade"
"I Am Dolphin","8983","I Am Dolphin","1020","120","14","1","2","0","0","8.5","I Am Dolphin"
"Arelite Core","8984","Arelite Core","1020","120","10","1","1","0","0","8.5","Arelite Core"
"Tower Rumble","8985","Tower Rumble","1020","120","10","1","1","0","0","8.5","Tower Rumble"
"Swapdoodle","8986","Swapdoodle","6120","720","37","2","4","0","0","8.5","Swapdoodle"
"The Hustle: Detroit Streets","8987","The Hustle: Detroit Streets","2040","240","14","1","1","0","0","8.5","The Hustle: Detroit Streets"
"Dragon Knight II","8988","Dragon Knight II","1020","120","21","1","1","0","0","8.5","Dragon Knight II"
"PictoParty","8989","PictoParty","1020","120","9","1","1","0","0","8.5","PictoParty"
"My Dolphin","8990","My Dolphin","1020","120","9","1","1","0","0","8.5","My Dolphin"
"Monster Rancher Advance 2","8991","Monster Rancher Advance 2","22920","2700","310","1","6","0","0","8.49","Monster Rancher Advance 2"
"Mighty Morphin Power Rangers: The Movie","8992","Mighty Morphin Power Rangers: The Movie","165600","19500","303","2","98","0","0","8.49","Mighty Morphin Power Rangers: The Movie"
"Dance Dance Revolution SuperNOVA","8993","Dance Dance Revolution SuperNOVA","34140","4020","138","1","20","0","0","8.49","Dance Dance Revolution SuperNOVA"
"Quantum Theory","8994","Quantum Theory","17820","2100","26","1","7","0","0","8.49","Quantum Theory"
"Brogue","8995","Brogue","163800","19320","582","2","22","0","0","8.48","Brogue"
"Dark Ages","8996","Dark Ages","64020","7560","511","1","22","0","0","8.47","Dark Ages"
"Building & Co","8997","Building & Co","39120","4620","138","1","19","0","0","8.47","Building & Co"
"Shin Megami Tensei: Devil Survivor 2: Record Breaker","8998","Shin Megami Tensei: Devil Survivor 2: Record Breaker","129060","15240","49","2","6","0","0","8.47","Shin Megami Tensei: Devil Survivor 2: Record Breaker"
"Gas Guzzlers Extreme","8999","Gas Guzzlers Extreme","345720","40800","627","5","209","0","0","8.47","Gas Guzzlers Extreme"
"Shantae and the Pirate's Curse","9000","Shantae and the Pirate's Curse","3277140","387360","2132","15","1222","6","0","8.46","Shantae and the Pirate's Curse"