"","","Game","Watch time","Stream time","Peak viewers","Peak channels","Streamers","Average viewers","Average channels","Average viewer ratio",""
"No Pineapple Left Behind","4301","No Pineapple Left Behind","75120","2760","528","2","19","0","0","27.22","No Pineapple Left Behind"
"Blue Stinger","4302","Blue Stinger","413040","15180","333","2","34","0","0","27.21","Blue Stinger"
"Super Star","4303","Super Star","115860","4260","740","2","21","0","0","27.2","Super Star"
"Subsistence","4304","Subsistence","3161520","116280","31163","10","283","5","0","27.19","Subsistence"
"Dangerous Dave in the Haunted Mansion","4305","Dangerous Dave in the Haunted Mansion","166320","6120","644","1","17","0","0","27.18","Dangerous Dave in the Haunted Mansion"
"Mega Man X: Command Mission","4306","Mega Man X: Command Mission","1329000","48900","1936","3","84","2","0","27.18","Mega Man X: Command Mission"
"King's Quest VI: Heir Today, Gone Tomorrow","4307","King's Quest VI: Heir Today, Gone Tomorrow","743280","27360","911","2","87","1","0","27.17","King's Quest VI: Heir Today, Gone Tomorrow"
"Pitfall!","4308","Pitfall!","19560","720","160","1","6","0","0","27.17","Pitfall!"
"Mushihime-sama HD","4309","Mushihime-sama HD","182520","6720","1395","2","26","0","0","27.16","Mushihime-sama HD"
"The Path","4310","The Path","376440","13860","1126","2","54","0","0","27.16","The Path"
"The Silent Age","4311","The Silent Age","1255020","46200","1766","5","193","2","0","27.16","The Silent Age"
"Marlow Briggs and the Mask of Death","4312","Marlow Briggs and the Mask of Death","498480","18360","760","2","61","0","0","27.15","Marlow Briggs and the Mask of Death"
"Loom","4313","Loom","302940","11160","493","2","45","0","0","27.15","Loom"
"24: The Game","4314","24: The Game","84720","3120","278","1","9","0","0","27.15","24: The Game"
"Eon Altar","4315","Eon Altar","289860","10680","703","2","28","0","0","27.14","Eon Altar"
"Backyard Football 2002","4316","Backyard Football 2002","11400","420","104","1","5","0","0","27.14","Backyard Football 2002"
"You Must Build A Boat","4317","You Must Build A Boat","333780","12300","1308","2","63","0","0","27.14","You Must Build A Boat"
"WarioWare, Inc.: Mega Microgame$!","4318","WarioWare, Inc.: Mega Microgame$!","620340","22860","1092","5","112","1","0","27.14","WarioWare, Inc.: Mega Microgame$!"
"Might and Magic: World of Xeen","4319","Might and Magic: World of Xeen","203460","7500","190","1","9","0","0","27.13","Might and Magic: World of Xeen"
"Hot Shots Tennis","4320","Hot Shots Tennis","257220","9480","4137","2","35","0","0","27.13","Hot Shots Tennis"
"Danganronpa: Trigger Happy Havoc","4321","Danganronpa: Trigger Happy Havoc","33220380","1224840","31575","29","1924","63","2","27.12","Danganronpa: Trigger Happy Havoc"
"Cabela's Big Game Hunter","4322","Cabela's Big Game Hunter","92760","3420","310","2","10","0","0","27.12","Cabela's Big Game Hunter"
"Cinders","4323","Cinders","186900","6900","338","2","21","0","0","27.09","Cinders"
"Tormentum: Dark Sorrow","4324","Tormentum: Dark Sorrow","1062780","39240","838","2","118","2","0","27.08","Tormentum: Dark Sorrow"
"Salamander 2","4325","Salamander 2","32460","1200","130","1","6","0","0","27.05","Salamander 2"
"Fighting Vipers","4326","Fighting Vipers","37320","1380","233","1","9","0","0","27.04","Fighting Vipers"
"Shardlight","4327","Shardlight","609360","22560","499","3","59","1","0","27.01","Shardlight"
"Marchen Maze","4328","Marchen Maze","11340","420","41","1","2","0","0","27","Marchen Maze"
"Jump Start Adventures 4th Grade","4329","Jump Start Adventures 4th Grade","12960","480","270","1","3","0","0","27","Jump Start Adventures 4th Grade"
"Yuujin: Janjyu Gakuen","4330","Yuujin: Janjyu Gakuen","1620","60","27","1","0","0","0","27","Yuujin: Janjyu Gakuen"
"Off-World Interceptor Extreme","4331","Off-World Interceptor Extreme","3240","120","36","1","2","0","0","27","Off-World Interceptor Extreme"
"Doomsday Castle","4332","Doomsday Castle","1620","60","27","1","1","0","0","27","Doomsday Castle"
"Gunsport","4333","Gunsport","4860","180","33","1","1","0","0","27","Gunsport"
"Smashing Kitty","4334","Smashing Kitty","8100","300","48","1","1","0","0","27","Smashing Kitty"
"Tomcat Alley","4335","Tomcat Alley","3240","120","40","1","1","0","0","27","Tomcat Alley"
"Cho Aniki","4336","Cho Aniki","46980","1740","173","1","12","0","0","27","Cho Aniki"
"Destiny of Spirits","4337","Destiny of Spirits","4860","180","72","1","3","0","0","27","Destiny of Spirits"
"Kat's Run: Zennihon K Car Senshuken","4338","Kat's Run: Zennihon K Car Senshuken","4860","180","41","1","1","0","0","27","Kat's Run: Zennihon K Car Senshuken"
"Life & Death 2: The Brain","4339","Life & Death 2: The Brain","17820","660","102","1","3","0","0","27","Life & Death 2: The Brain"
"Final Fantasy X","4340","Final Fantasy X","26954640","998700","4390","13","1812","51","1","26.99","Final Fantasy X"
"Furi","4341","Furi","56015820","2076960","39313","159","11911","106","3","26.97","Furi"
"Whiplash","4342","Whiplash","181200","6720","1369","1","21","0","0","26.96","Whiplash"
"Dragon Quest Swords: The Masked Queen and The Tower Of Mirrors","4343","Dragon Quest Swords: The Masked Queen and The Tower Of Mirrors","100200","3720","140","2","7","0","0","26.94","Dragon Quest Swords: The Masked Queen and The Tower Of Mirrors"
"Hellboy: Asylum Seeker","4344","Hellboy: Asylum Seeker","25860","960","65","1","2","0","0","26.94","Hellboy: Asylum Seeker"
"Spider-Man 3","4345","Spider-Man 3","224580","8340","358","1","36","0","0","26.93","Spider-Man 3"
"Freedom Planet","4346","Freedom Planet","9100260","337980","117043","14","801","17","0","26.93","Freedom Planet"
"Star Voyager","4347","Star Voyager","22620","840","67","1","3","0","0","26.93","Star Voyager"
"Tharsis","4348","Tharsis","4449900","165300","7027","16","759","8","0","26.92","Tharsis"
"Penguins Arena: Sedna's World","4349","Penguins Arena: Sedna's World","106560","3960","1715","1","15","0","0","26.91","Penguins Arena: Sedna's World"
"Tibia","4350","Tibia","304366080","11316180","5612","63","7301","577","21","26.9","Tibia"
"Ecstatica","4351","Ecstatica","29040","1080","80","1","5","0","0","26.89","Ecstatica"
"Trinity","4352","Trinity","58080","2160","54","1","1","0","0","26.89","Trinity"
"Mad Tanks","4353","Mad Tanks","25800","960","273","1","5","0","0","26.88","Mad Tanks"
"Titanfall 2","4354","Titanfall 2","193297260","7191540","52321","379","43130","366","13","26.88","Titanfall 2"
"Dragon Quest Monsters: Terry no Wonderland 3D","4355","Dragon Quest Monsters: Terry no Wonderland 3D","399360","14880","213","2","8","0","0","26.84","Dragon Quest Monsters: Terry no Wonderland 3D"
"Kingdom","4356","Kingdom","6892560","257220","5224","10","1194","13","0","26.8","Kingdom"
"Super Bowl XX","4357","Super Bowl XX","8040","300","69","2","4","0","0","26.8","Super Bowl XX"
"Ghouls 'N Ghosts","4358","Ghouls 'N Ghosts","1139640","42540","1707","7","150","2","0","26.79","Ghouls 'N Ghosts"
"Fork Parker's Holiday Profit Hike","4359","Fork Parker's Holiday Profit Hike","57840","2160","346","1","16","0","0","26.78","Fork Parker's Holiday Profit Hike"
"Zero Escape: Virtue's Last Reward","4360","Zero Escape: Virtue's Last Reward","2510280","93840","22872","4","83","4","0","26.75","Zero Escape: Virtue's Last Reward"
"Street Fighter IV","4361","Street Fighter IV","2080740","77820","7234","3","425","3","0","26.74","Street Fighter IV"
"Captain Forever Remix","4362","Captain Forever Remix","572820","21420","5817","3","74","1","0","26.74","Captain Forever Remix"
"Hearts of Iron 3: For the Motherland","4363","Hearts of Iron 3: For the Motherland","89760","3360","95","1","7","0","0","26.71","Hearts of Iron 3: For the Motherland"
"Spider-Man 3: Invasion of the Spider-Slayers","4364","Spider-Man 3: Invasion of the Spider-Slayers","16020","600","89","1","3","0","0","26.7","Spider-Man 3: Invasion of the Spider-Slayers"
"Severed","4365","Severed","141000","5280","651","3","21","0","0","26.7","Severed"
"Strike Fighters 2","4366","Strike Fighters 2","44820","1680","399","1","7","0","0","26.68","Strike Fighters 2"
"Mario Kart: Double Dash!!","4367","Mario Kart: Double Dash!!","8042940","301680","113610","7","1112","15","0","26.66","Mario Kart: Double Dash!!"
"Lakeview Cabin Collection","4368","Lakeview Cabin Collection","1218960","45720","1528","9","235","2","0","26.66","Lakeview Cabin Collection"
"Bad Dudes","4369","Bad Dudes","204480","7680","274","2","34","0","0","26.63","Bad Dudes"
"Angelica Weaver: Catch Me When You Can","4370","Angelica Weaver: Catch Me When You Can","12780","480","40","1","1","0","0","26.63","Angelica Weaver: Catch Me When You Can"
"Hotel Dusk: Room 215","4371","Hotel Dusk: Room 215","400980","15060","1801","1","23","0","0","26.63","Hotel Dusk: Room 215"
"Snatcher","4372","Snatcher","1239600","46560","1042","3","111","2","0","26.62","Snatcher"
"Pop'n Twinbee","4373","Pop'n Twinbee","110220","4140","289","1","19","0","0","26.62","Pop'n Twinbee"
"DuckTales","4374","DuckTales","2580660","97020","7262","8","318","4","0","26.6","DuckTales"
"Chuck Rock","4375","Chuck Rock","46260","1740","201","5","11","0","0","26.59","Chuck Rock"
"Seiken Densetsu 3","4376","Seiken Densetsu 3","3450540","129840","4436","5","212","6","0","26.58","Seiken Densetsu 3"
"Kirby Mass Attack","4377","Kirby Mass Attack","60600","2280","758","2","18","0","0","26.58","Kirby Mass Attack"
"Witch & Hero","4378","Witch & Hero","87720","3300","228","1","14","0","0","26.58","Witch & Hero"
"Super Contra","4379","Super Contra","393540","14820","1028","2","69","0","0","26.55","Super Contra"
"Rescue: The Embassy Mission","4380","Rescue: The Embassy Mission","20700","780","193","1","7","0","0","26.54","Rescue: The Embassy Mission"
"Forbidden Siren 2","4381","Forbidden Siren 2","280140","10560","190","2","29","0","0","26.53","Forbidden Siren 2"
"Metrico","4382","Metrico","89100","3360","757","2","33","0","0","26.52","Metrico"
"Uridium 2","4383","Uridium 2","3180","120","31","1","1","0","0","26.5","Uridium 2"
"Seal Team","4384","Seal Team","6360","240","98","1","3","0","0","26.5","Seal Team"
"Hippo","4385","Hippo","6360","240","54","1","2","0","0","26.5","Hippo"
"Famicom Tantei Club Part II: Ushiro ni Tatsu Shoujo","4386","Famicom Tantei Club Part II: Ushiro ni Tatsu Shoujo","31800","1200","81","1","3","0","0","26.5","Famicom Tantei Club Part II: Ushiro ni Tatsu Shoujo"
"Jazz Jackrabbit: Holiday Hare 1995","4387","Jazz Jackrabbit: Holiday Hare 1995","9540","360","55","1","3","0","0","26.5","Jazz Jackrabbit: Holiday Hare 1995"
"Rival Turf","4388","Rival Turf","77820","2940","636","1","11","0","0","26.47","Rival Turf"
"The Legend of Kyrandia: Malcolm's Revenge","4389","The Legend of Kyrandia: Malcolm's Revenge","50820","1920","68","1","5","0","0","26.47","The Legend of Kyrandia: Malcolm's Revenge"
"Don't Be Nervous Talking to Girls","4390","Don't Be Nervous Talking to Girls","90540","3420","1058","2","16","0","0","26.47","Don't Be Nervous Talking to Girls"
"Amnesia: The Dark Descent","4391","Amnesia: The Dark Descent","41215200","1558260","105207","66","8393","78","2","26.45","Amnesia: The Dark Descent"
"Donkey Konga","4392","Donkey Konga","233280","8820","509","2","40","0","0","26.45","Donkey Konga"
"Wii Fit U","4393","Wii Fit U","680400","25740","813","2","43","1","0","26.43","Wii Fit U"
"Dai Gyakuten Saiban: Naruhodou Ryuunosuke no Bouken","4394","Dai Gyakuten Saiban: Naruhodou Ryuunosuke no Bouken","168060","6360","111","1","5","0","0","26.42","Dai Gyakuten Saiban: Naruhodou Ryuunosuke no Bouken"
"The Getaway: Black Monday","4395","The Getaway: Black Monday","41220","1560","94","1","7","0","0","26.42","The Getaway: Black Monday"
"World Zombination","4396","World Zombination","152100","5760","109","1","2","0","0","26.41","World Zombination"
"Space Run","4397","Space Run","552840","20940","2046","4","89","1","0","26.4","Space Run"
"Wurm: Journey to the Center of the Earth","4398","Wurm: Journey to the Center of the Earth","15840","600","75","1","2","0","0","26.4","Wurm: Journey to the Center of the Earth"
"Resident Evil: Code: Veronica","4399","Resident Evil: Code: Veronica","940080","35640","849","2","95","1","0","26.38","Resident Evil: Code: Veronica"
"Squishy the Suicidal Pig","4400","Squishy the Suicidal Pig","906660","34380","4000","3","207","1","0","26.37","Squishy the Suicidal Pig"