"","","Game","Watch time","Stream time","Peak viewers","Peak channels","Streamers","Average viewers","Average channels","Average viewer ratio",""
"Braid","2601","Braid","4886760","94740","98983","6","424","9","0","51.58","Braid"
"Marooners","2602","Marooners","687060","13320","6092","4","71","1","0","51.58","Marooners"
"Multimedia Celebrity Poker","2603","Multimedia Celebrity Poker","21660","420","76","1","2","0","0","51.57","Multimedia Celebrity Poker"
"Super Mario Bros. / Duck Hunt","2604","Super Mario Bros. / Duck Hunt","2047140","39720","1740","3","77","3","0","51.54","Super Mario Bros. / Duck Hunt"
"Slender Man's Shadow","2605","Slender Man's Shadow","278280","5400","2263","2","37","0","0","51.53","Slender Man's Shadow"
"Drakensang: The Dark Eye","2606","Drakensang: The Dark Eye","692100","13440","426","2","18","1","0","51.5","Drakensang: The Dark Eye"
"Cosplay Fetish Academy","2607","Cosplay Fetish Academy","30900","600","247","1","4","0","0","51.5","Cosplay Fetish Academy"
"Armed Heroes Online","2608","Armed Heroes Online","6180","120","66","1","1","0","0","51.5","Armed Heroes Online"
"ShellShock Live","2609","ShellShock Live","91108320","1769400","63570","26","5942","172","3","51.49","ShellShock Live"
"Jak X: Combat Racing","2610","Jak X: Combat Racing","642180","12480","1069","2","33","1","0","51.46","Jak X: Combat Racing"
"The Pandora Directive","2611","The Pandora Directive","521760","10140","893","2","14","0","0","51.46","The Pandora Directive"
"Lands of Lore III","2612","Lands of Lore III","401280","7800","5676","5","13","0","0","51.45","Lands of Lore III"
"Camp Sunshine","2613","Camp Sunshine","299340","5820","857","5","32","0","0","51.43","Camp Sunshine"
"Let's Sing 2015","2614","Let's Sing 2015","30840","600","164","1","3","0","0","51.4","Let's Sing 2015"
"Anstoß 3","2615","Anstoß 3","188100","3660","402","1","6","0","0","51.39","Anstoß 3"
"I Wanna Be The Boshy","2616","I Wanna Be The Boshy","23984760","466860","7308","8","1189","45","0","51.37","I Wanna Be The Boshy"
"Tony Hawk's Underground 2","2617","Tony Hawk's Underground 2","7171980","139680","110463","10","389","13","0","51.35","Tony Hawk's Underground 2"
"Calcio Championship","2618","Calcio Championship","9240","180","260","1","2","0","0","51.33","Calcio Championship"
"R-Type Command","2619","R-Type Command","144660","2820","750","1","2","0","0","51.3","R-Type Command"
"Kingdom Hearts HD 1.5 ReMIX","2620","Kingdom Hearts HD 1.5 ReMIX","67927920","1324440","186472","19","1348","128","2","51.29","Kingdom Hearts HD 1.5 ReMIX"
"Norse by Norse West: The Return of the Lost Vikings","2621","Norse by Norse West: The Return of the Lost Vikings","98460","1920","1645","2","11","0","0","51.28","Norse by Norse West: The Return of the Lost Vikings"
"Mafia","2622","Mafia","21662220","422520","11806","14","877","41","0","51.27","Mafia"
"Gauntlet / Rampart","2623","Gauntlet / Rampart","12300","240","82","1","2","0","0","51.25","Gauntlet / Rampart"
"Livelock","2624","Livelock","4329240","84480","7712","18","409","8","0","51.25","Livelock"
"Gradius IV Fukkatsu","2625","Gradius IV Fukkatsu","36840","720","201","1","4","0","0","51.17","Gradius IV Fukkatsu"
"Shadow Complex","2626","Shadow Complex","9479400","185280","112911","11","617","17","0","51.16","Shadow Complex"
"Tower of Saviors","2627","Tower of Saviors","36205980","708240","4612","16","400","68","1","51.12","Tower of Saviors"
"Scarface: The World is Yours","2628","Scarface: The World is Yours","1189560","23280","894","2","54","2","0","51.1","Scarface: The World is Yours"
"Daffy Duck: The Marvin Missions","2629","Daffy Duck: The Marvin Missions","202200","3960","1272","2","14","0","0","51.06","Daffy Duck: The Marvin Missions"
"Star Trek Timelines","2630","Star Trek Timelines","257340","5040","442","1","14","0","0","51.06","Star Trek Timelines"
"Silent Hill: Play Novel","2631","Silent Hill: Play Novel","196020","3840","236","1","8","0","0","51.05","Silent Hill: Play Novel"
"Evil Genius","2632","Evil Genius","3359160","65820","7857","4","195","6","0","51.04","Evil Genius"
"Shigesato Itoi no Bass Tsuri No. 1","2633","Shigesato Itoi no Bass Tsuri No. 1","6120","120","57","1","1","0","0","51","Shigesato Itoi no Bass Tsuri No. 1"
"Year Walk","2634","Year Walk","1992780","39120","13272","4","172","3","0","50.94","Year Walk"
"Mega Man X7","2635","Mega Man X7","1354680","26640","7321","3","71","2","0","50.85","Mega Man X7"
"Whiteout","2636","Whiteout","15240","300","260","1","3","0","0","50.8","Whiteout"
"Star Crusade CCG","2637","Star Crusade CCG","14484300","285180","8094","8","278","27","0","50.79","Star Crusade CCG"
"The Legend of Zelda: The Wind Waker HD","2638","The Legend of Zelda: The Wind Waker HD","55921980","1101240","30531","13","1893","106","2","50.78","The Legend of Zelda: The Wind Waker HD"
"Shards Online","2639","Shards Online","237660","4680","600","2","14","0","0","50.78","Shards Online"
"Rock God Tycoon","2640","Rock God Tycoon","88320","1740","1031","2","9","0","0","50.76","Rock God Tycoon"
"Super Munchers: The Challenge Continues...","2641","Super Munchers: The Challenge Continues...","24360","480","229","1","3","0","0","50.75","Super Munchers: The Challenge Continues..."
"PuppetShow: Destiny Undone","2642","PuppetShow: Destiny Undone","9120","180","104","1","2","0","0","50.67","PuppetShow: Destiny Undone"
"The Jetsons: Cogswell's Caper","2643","The Jetsons: Cogswell's Caper","118560","2340","445","1","4","0","0","50.67","The Jetsons: Cogswell's Caper"
"Battlecode","2644","Battlecode","100320","1980","111","1","3","0","0","50.67","Battlecode"
"Oscar","2645","Oscar","54720","1080","312","3","11","0","0","50.67","Oscar"
"Astroneer","2646","Astroneer","81565920","1609980","64365","143","5237","154","3","50.66","Astroneer"
"Pandemonium 2","2647","Pandemonium 2","142800","2820","964","1","13","0","0","50.64","Pandemonium 2"
"Stranger","2648","Stranger","330960","6540","2457","3","17","0","0","50.61","Stranger"
"Knights of the Round","2649","Knights of the Round","358200","7080","2291","1","59","0","0","50.59","Knights of the Round"
"Half-Life 2: Episode One","2650","Half-Life 2: Episode One","6125640","121200","18127","7","499","11","0","50.54","Half-Life 2: Episode One"
"Terra Nova: Strike Force Centauri","2651","Terra Nova: Strike Force Centauri","30300","600","185","2","4","0","0","50.5","Terra Nova: Strike Force Centauri"
"God of War","2652","God of War","7046340","139740","4749","4","344","13","0","50.42","God of War"
"Neo Turf Masters","2653","Neo Turf Masters","2332560","46260","1169","2","80","4","0","50.42","Neo Turf Masters"
"PULSAR: Lost Colony","2654","PULSAR: Lost Colony","13310340","264300","9655","8","944","25","0","50.36","PULSAR: Lost Colony"
"Animal Crossing: New Leaf","2655","Animal Crossing: New Leaf","25960440","515580","13805","16","444","49","0","50.35","Animal Crossing: New Leaf"
"Adventures of Lolo 2","2656","Adventures of Lolo 2","389580","7740","800","1","16","0","0","50.33","Adventures of Lolo 2"
"Decay - Part 2","2657","Decay - Part 2","27180","540","237","1","4","0","0","50.33","Decay - Part 2"
"Owlboy","2658","Owlboy","18711360","372000","24878","47","1315","35","0","50.3","Owlboy"
"Slain!","2659","Slain!","4135500","82320","3379","17","529","7","0","50.24","Slain!"
"Dragon Warrior VII","2660","Dragon Warrior VII","2583000","51420","2175","3","45","4","0","50.23","Dragon Warrior VII"
"Dungeon Hunter 5","2661","Dungeon Hunter 5","548340","10920","2771","3","62","1","0","50.21","Dungeon Hunter 5"
"Sam & Max Hit the Road","2662","Sam & Max Hit the Road","1674600","33360","2224","2","83","3","0","50.2","Sam & Max Hit the Road"
"UFC Undisputed 3","2663","UFC Undisputed 3","897600","17880","1780","3","97","1","0","50.2","UFC Undisputed 3"
"Uncharted 3: Drake's Deception","2664","Uncharted 3: Drake's Deception","13007400","259260","6748","8","726","24","0","50.17","Uncharted 3: Drake's Deception"
"Day of Infamy","2665","Day of Infamy","8184900","163140","33545","22","811","15","0","50.17","Day of Infamy"
"Keebles","2666","Keebles","36120","720","241","1","6","0","0","50.17","Keebles"
"Hannah Montana: The Movie","2667","Hannah Montana: The Movie","177420","3540","342","1","13","0","0","50.12","Hannah Montana: The Movie"
"The Elder Scrolls III: Morrowind","2668","The Elder Scrolls III: Morrowind","47778240","953400","146352","11","2030","90","1","50.11","The Elder Scrolls III: Morrowind"
"Shadows of the Damned","2669","Shadows of the Damned","1452180","28980","5104","2","64","2","0","50.11","Shadows of the Damned"
"how do you Do It?","2670","how do you Do It?","105240","2100","685","1","19","0","0","50.11","how do you Do It?"
"Prey","2671","Prey","2678820","53520","2551","3","158","5","0","50.05","Prey"
"Ninja Gaiden Black","2672","Ninja Gaiden Black","3375060","67500","1995","3","69","6","0","50","Ninja Gaiden Black"
"TRAUMA","2673","TRAUMA","12000","240","91","1","2","0","0","50","TRAUMA"
"Battlestations","2674","Battlestations","42000","840","171","1","5","0","0","50","Battlestations"
"Double Strike","2675","Double Strike","12000","240","57","1","1","0","0","50","Double Strike"
"Hitman Go","2676","Hitman Go","1484340","29700","26021","4","179","2","0","49.98","Hitman Go"
"Choice Chamber","2677","Choice Chamber","52376220","1048440","33546","19","4839","99","1","49.96","Choice Chamber"
"Mr. Gimmick","2678","Mr. Gimmick","3474480","69600","125964","8","80","6","0","49.92","Mr. Gimmick"
"Persona 4: Dancing All Night","2679","Persona 4: Dancing All Night","3321060","66540","2282","2","133","6","0","49.91","Persona 4: Dancing All Night"
"Meridian 59","2680","Meridian 59","140700","2820","1169","4","14","0","0","49.89","Meridian 59"
"Final Fantasy VI","2681","Final Fantasy VI","63631740","1275720","141967","16","1807","120","2","49.88","Final Fantasy VI"
"Shadowverse","2682","Shadowverse","157986540","3167040","31281","71","4495","299","6","49.88","Shadowverse"
"Heads Up!","2683","Heads Up!","44880","900","157","1","10","0","0","49.87","Heads Up!"
"Football!","2684","Football!","445620","8940","7137","2","43","0","0","49.85","Football!"
"Leisure Suit Larry 6: Shape Up or Slip Out!","2685","Leisure Suit Larry 6: Shape Up or Slip Out!","86700","1740","356","1","8","0","0","49.83","Leisure Suit Larry 6: Shape Up or Slip Out!"
"Cool Cool Jam","2686","Cool Cool Jam","17940","360","155","1","1","0","0","49.83","Cool Cool Jam"
"American Gladiators","2687","American Gladiators","143460","2880","413","3","19","0","0","49.81","American Gladiators"
"Ace o Nerae!","2688","Ace o Nerae!","29880","600","83","1","2","0","0","49.8","Ace o Nerae!"
"Dragon Quest Monsters: Caravan Heart","2689","Dragon Quest Monsters: Caravan Heart","116460","2340","185","1","4","0","0","49.77","Dragon Quest Monsters: Caravan Heart"
"Waterworld","2690","Waterworld","62700","1260","132","1","5","0","0","49.76","Waterworld"
"Skeleton Rider","2691","Skeleton Rider","11940","240","102","1","1","0","0","49.75","Skeleton Rider"
"Battleship","2692","Battleship","376140","7560","3233","1","75","0","0","49.75","Battleship"
"Golden Axe Warrior","2693","Golden Axe Warrior","334260","6720","5143","1","20","0","0","49.74","Golden Axe Warrior"
"James Bond 007","2694","James Bond 007","226740","4560","1830","2","33","0","0","49.72","James Bond 007"
"Speedboat GP","2695","Speedboat GP","8940","180","58","1","0","0","0","49.67","Speedboat GP"
"TimeZero","2696","TimeZero","92340","1860","323","1","4","0","0","49.65","TimeZero"
"M&M's Shell Shocked","2697","M&M's Shell Shocked","136980","2760","110","1","5","0","0","49.63","M&M's Shell Shocked"
"Donkey Kong Country 2: Diddy's Kong Quest","2698","Donkey Kong Country 2: Diddy's Kong Quest","38578260","777240","181740","28","1361","73","1","49.63","Donkey Kong Country 2: Diddy's Kong Quest"
"Backyard Baseball 2007","2699","Backyard Baseball 2007","62520","1260","549","1","5","0","0","49.62","Backyard Baseball 2007"
"Homesick","2700","Homesick","1258680","25380","16831","3","140","2","0","49.59","Homesick"