"","","Game","Watch time","Stream time","Peak viewers","Peak channels","Streamers","Average viewers","Average channels","Average viewer ratio",""
"Blade Ballet","6701","Blade Ballet","273720","19440","761","4","60","0","0","14.08","Blade Ballet"
"Zero: Tsukihami no Kamen","6702","Zero: Tsukihami no Kamen","554700","39420","227","2","60","1","0","14.07","Zero: Tsukihami no Kamen"
"Star Ocean: The Second Story","6703","Star Ocean: The Second Story","844980","60060","796","3","92","1","0","14.07","Star Ocean: The Second Story"
"Tail Concerto","6704","Tail Concerto","70020","4980","79","1","13","0","0","14.06","Tail Concerto"
"WWF SmackDown!","6705","WWF SmackDown!","29520","2100","141","1","13","0","0","14.06","WWF SmackDown!"
"SFC Rodeo Games","6706","SFC Rodeo Games","55620","3960","133","1","9","0","0","14.05","SFC Rodeo Games"
"Star Wars: The Empire Strikes Back","6707","Star Wars: The Empire Strikes Back","16020","1140","119","2","9","0","0","14.05","Star Wars: The Empire Strikes Back"
"Big Action Mega Fight!","6708","Big Action Mega Fight!","53880","3840","363","1","20","0","0","14.03","Big Action Mega Fight!"
"Pitfall 3D: Beyond the Jungle","6709","Pitfall 3D: Beyond the Jungle","35340","2520","67","1","8","0","0","14.02","Pitfall 3D: Beyond the Jungle"
"Chocobo Racing","6710","Chocobo Racing","316380","22560","781","2","70","0","0","14.02","Chocobo Racing"
"Amazon: Guardians of Eden","6711","Amazon: Guardians of Eden","41220","2940","79","1","7","0","0","14.02","Amazon: Guardians of Eden"
"World of Fishing","6712","World of Fishing","775380","55320","832","7","294","1","0","14.02","World of Fishing"
"Stellar Tactics","6713","Stellar Tactics","93300","6660","341","1","8","0","0","14.01","Stellar Tactics"
"Gyrodine","6714","Gyrodine","2520","180","26","1","1","0","0","14","Gyrodine"
"SingStar Party","6715","SingStar Party","3360","240","24","1","2","0","0","14","SingStar Party"
"Ankoku Shinwa: Yamato Takeru Densetsu","6716","Ankoku Shinwa: Yamato Takeru Densetsu","2520","180","27","1","1","0","0","14","Ankoku Shinwa: Yamato Takeru Densetsu"
"The First Mile","6717","The First Mile","840","60","14","1","0","0","0","14","The First Mile"
"Bases Loaded 4","6718","Bases Loaded 4","840","60","15","1","1","0","0","14","Bases Loaded 4"
"Mud2","6719","Mud2","1680","120","16","1","1","0","0","14","Mud2"
"Eikou no Saint Andrews","6720","Eikou no Saint Andrews","1680","120","16","1","1","0","0","14","Eikou no Saint Andrews"
"Black/Matrix Zero","6721","Black/Matrix Zero","5880","420","26","1","1","0","0","14","Black/Matrix Zero"
"WWE Legends of WrestleMania","6722","WWE Legends of WrestleMania","2520","180","50","1","2","0","0","14","WWE Legends of WrestleMania"
"Treasure Seekers: Visions of Gold","6723","Treasure Seekers: Visions of Gold","2520","180","17","1","1","0","0","14","Treasure Seekers: Visions of Gold"
"Esoteria","6724","Esoteria","2520","180","26","1","1","0","0","14","Esoteria"
"Jewellust","6725","Jewellust","840","60","14","1","1","0","0","14","Jewellust"
"Vegas Tycoon","6726","Vegas Tycoon","6720","480","59","1","3","0","0","14","Vegas Tycoon"
"Quake II Mission Pack: The Reckoning","6727","Quake II Mission Pack: The Reckoning","54600","3900","247","1","14","0","0","14","Quake II Mission Pack: The Reckoning"
"Master Chu And The Drunkard Hu","6728","Master Chu And The Drunkard Hu","5880","420","37","1","2","0","0","14","Master Chu And The Drunkard Hu"
"Bikepark: The Riders Game","6729","Bikepark: The Riders Game","840","60","14","1","1","0","0","14","Bikepark: The Riders Game"
"Minnesota Fats: Pool Legend","6730","Minnesota Fats: Pool Legend","6720","480","35","1","3","0","0","14","Minnesota Fats: Pool Legend"
"Kreedz Climbing","6731","Kreedz Climbing","42840","3060","130","1","7","0","0","14","Kreedz Climbing"
"Buffy the Vampire Slayer: Wrath of the Darkhul King","6732","Buffy the Vampire Slayer: Wrath of the Darkhul King","840","60","14","1","0","0","0","14","Buffy the Vampire Slayer: Wrath of the Darkhul King"
"New Mobile Report Gundam Wing: Endless Duel","6733","New Mobile Report Gundam Wing: Endless Duel","10080","720","97","1","3","0","0","14","New Mobile Report Gundam Wing: Endless Duel"
"Magicians & Looters","6734","Magicians & Looters","19320","1380","280","1","4","0","0","14","Magicians & Looters"
"Contender","6735","Contender","840","60","16","1","1","0","0","14","Contender"
"Men in Black: The Series","6736","Men in Black: The Series","2520","180","36","1","2","0","0","14","Men in Black: The Series"
"Rabbids Invasion","6737","Rabbids Invasion","840","60","14","1","4","0","0","14","Rabbids Invasion"
"Animaniacs Game Pack","6738","Animaniacs Game Pack","840","60","14","1","1","0","0","14","Animaniacs Game Pack"
"Lunacy","6739","Lunacy","1680","120","15","1","1","0","0","14","Lunacy"
"First Wonder","6740","First Wonder","840","60","14","1","1","0","0","14","First Wonder"
"The Novelist","6741","The Novelist","87300","6240","366","2","38","0","0","13.99","The Novelist"
"Serious Sam 3: BFE","6742","Serious Sam 3: BFE","3879540","277380","28569","7","1324","7","0","13.99","Serious Sam 3: BFE"
"Bubble Fighter","6743","Bubble Fighter","359280","25680","457","3","47","0","0","13.99","Bubble Fighter"
"Black & White 2","6744","Black & White 2","655980","46920","553","3","120","1","0","13.98","Black & White 2"
"Ampu-Tea","6745","Ampu-Tea","88800","6360","161","2","55","0","0","13.96","Ampu-Tea"
"Orcs Must Die! Unchained","6746","Orcs Must Die! Unchained","12354240","885360","21127","30","2159","23","1","13.95","Orcs Must Die! Unchained"
"Fable","6747","Fable","462060","33120","779","4","117","0","0","13.95","Fable"
"Command & Conquer","6748","Command & Conquer","1376820","98760","4241","4","222","2","0","13.94","Command & Conquer"
"The Masked Rider: Kamen Rider ZO","6749","The Masked Rider: Kamen Rider ZO","12540","900","75","1","4","0","0","13.93","The Masked Rider: Kamen Rider ZO"
"Mahjong Police","6750","Mahjong Police","50160","3600","30","1","2","0","0","13.93","Mahjong Police"
"Castle of Illusion starring Mickey Mouse","6751","Castle of Illusion starring Mickey Mouse","721860","51840","2217","5","280","1","0","13.92","Castle of Illusion starring Mickey Mouse"
"Rascal","6752","Rascal","19200","1380","76","1","7","0","0","13.91","Rascal"
"Mixed-Up Mother Goose","6753","Mixed-Up Mother Goose","8340","600","49","1","3","0","0","13.9","Mixed-Up Mother Goose"
"Age of Empires III: The Asian Dynasties","6754","Age of Empires III: The Asian Dynasties","16395180","1179360","1204","12","1194","31","2","13.9","Age of Empires III: The Asian Dynasties"
"Lara Croft Tomb Raider: Legend","6755","Lara Croft Tomb Raider: Legend","1295400","93240","2415","4","247","2","0","13.89","Lara Croft Tomb Raider: Legend"
"Sturmwind","6756","Sturmwind","6660","480","41","1","4","0","0","13.88","Sturmwind"
"Super HyperCube","6757","Super HyperCube","6660","480","57","1","44","0","0","13.88","Super HyperCube"
"The Technomancer","6758","The Technomancer","7587300","546780","11642","104","1815","14","1","13.88","The Technomancer"
"LEGO Universe","6759","LEGO Universe","31620","2280","175","2","11","0","0","13.87","LEGO Universe"
"Sid Meier's Pirates!","6760","Sid Meier's Pirates!","1128420","81360","2048","3","284","2","0","13.87","Sid Meier's Pirates!"
"Earnest Evans","6761","Earnest Evans","5820","420","49","1","3","0","0","13.86","Earnest Evans"
"Paranormal State: Poison Spring","6762","Paranormal State: Poison Spring","76500","5520","64","1","16","0","0","13.86","Paranormal State: Poison Spring"
"LEGO Loco","6763","LEGO Loco","5820","420","90","1","4","0","0","13.86","LEGO Loco"
"Gran Turismo 5 Prologue","6764","Gran Turismo 5 Prologue","5820","420","52","1","3","0","0","13.86","Gran Turismo 5 Prologue"
"Shining Force III Scenario 3","6765","Shining Force III Scenario 3","234480","16920","103","2","6","0","0","13.86","Shining Force III Scenario 3"
"Millie","6766","Millie","10800","780","89","1","7","0","0","13.85","Millie"
"Spellweaver","6767","Spellweaver","3768240","271980","7412","12","258","7","0","13.85","Spellweaver"
"Rayman 2: The Great Escape","6768","Rayman 2: The Great Escape","1559640","112800","1779","4","279","2","0","13.83","Rayman 2: The Great Escape"
"Rogue System","6769","Rogue System","86280","6240","124","2","21","0","0","13.83","Rogue System"
"Shutshimi","6770","Shutshimi","78840","5700","536","2","45","0","0","13.83","Shutshimi"
"Sega Smash Pack","6771","Sega Smash Pack","14100","1020","103","1","6","0","0","13.82","Sega Smash Pack"
"King's Bounty: Dark Side","6772","King's Bounty: Dark Side","339900","24600","489","3","29","0","0","13.82","King's Bounty: Dark Side"
"Spore Galactic Adventures","6773","Spore Galactic Adventures","1114920","80700","1992","3","329","2","0","13.82","Spore Galactic Adventures"
"Greatest Heavyweights","6774","Greatest Heavyweights","9120","660","76","1","6","0","0","13.82","Greatest Heavyweights"
"Gegege no Kitarou: Gyakushuu! Youma Daichisen","6775","Gegege no Kitarou: Gyakushuu! Youma Daichisen","9120","660","24","1","2","0","0","13.82","Gegege no Kitarou: Gyakushuu! Youma Daichisen"
"Create","6776","Create","613140","44400","2008","3","152","1","0","13.81","Create"
"Wreckin Crew","6777","Wreckin Crew","27300","1980","47","1","2","0","0","13.79","Wreckin Crew"
"Virtual Reality Studio","6778","Virtual Reality Studio","27300","1980","91","1","9","0","0","13.79","Virtual Reality Studio"
"Fate/hollow ataraxia","6779","Fate/hollow ataraxia","11580","840","52","1","4","0","0","13.79","Fate/hollow ataraxia"
"Dalmatians 2","6780","Dalmatians 2","7440","540","32","1","2","0","0","13.78","Dalmatians 2"
"Pizza Express","6781","Pizza Express","58680","4260","331","1","25","0","0","13.77","Pizza Express"
"Counter-Strike Nexon: Zombies","6782","Counter-Strike Nexon: Zombies","1700880","123540","4496","3","552","3","0","13.77","Counter-Strike Nexon: Zombies"
"Façade","6783","Façade","149520","10860","1035","2","79","0","0","13.77","Façade"
"Phoenix Wright: Ace Attorney - Justice For All","6784","Phoenix Wright: Ace Attorney - Justice For All","1584000","115140","368","4","147","3","0","13.76","Phoenix Wright: Ace Attorney - Justice For All"
"DeadCore","6785","DeadCore","1160880","84420","1585","9","354","2","0","13.75","DeadCore"
"Infocom Classic Text Adventure Masterpieces","6786","Infocom Classic Text Adventure Masterpieces","3300","240","22","1","2","0","0","13.75","Infocom Classic Text Adventure Masterpieces"
"Snipers","6787","Snipers","15660","1140","63","1","4","0","0","13.74","Snipers"
"Costume Quest 2","6788","Costume Quest 2","5277180","384000","6901","62","2321","10","0","13.74","Costume Quest 2"
"Shellshock","6789","Shellshock","138480","10080","638","2","62","0","0","13.74","Shellshock"
"Name That Tune","6790","Name That Tune","121980","8880","85","2","10","0","0","13.74","Name That Tune"
"Black Tiger","6791","Black Tiger","105540","7680","650","2","15","0","0","13.74","Black Tiger"
"Wave Race","6792","Wave Race","12360","900","89","1","4","0","0","13.73","Wave Race"
"Marine Sharpshooter II: Jungle Warfare","6793","Marine Sharpshooter II: Jungle Warfare","18120","1320","83","1","5","0","0","13.73","Marine Sharpshooter II: Jungle Warfare"
"Emerald City Confidential","6794","Emerald City Confidential","9060","660","50","1","2","0","0","13.73","Emerald City Confidential"
"Rad Racer","6795","Rad Racer","77460","5640","237","1","27","0","0","13.73","Rad Racer"
"Gradius III","6796","Gradius III","452040","32940","620","9","145","0","0","13.72","Gradius III"
"Crystal Rift","6797","Crystal Rift","87240","6360","600","2","36","0","0","13.72","Crystal Rift"
"Wheels of Aurelia","6798","Wheels of Aurelia","53520","3900","90","2","26","0","0","13.72","Wheels of Aurelia"
"Birthday Mania","6799","Birthday Mania","23040","1680","49","1","2","0","0","13.71","Birthday Mania"
"Korea: Forgotten Conflict","6800","Korea: Forgotten Conflict","8220","600","67","1","3","0","0","13.7","Korea: Forgotten Conflict"