"","","Game","Watch time","Stream time","Peak viewers","Peak channels","Streamers","Average viewers","Average channels","Average viewer ratio",""
"SOLUS","7101","SOLUS","314580","24720","1226","3","108","0","0","12.73","SOLUS"
"Far Cry: Vengeance","7102","Far Cry: Vengeance","5340","420","29","1","2","0","0","12.71","Far Cry: Vengeance"
"Commander Keen 3: Keen Must Die!","7103","Commander Keen 3: Keen Must Die!","16020","1260","47","1","9","0","0","12.71","Commander Keen 3: Keen Must Die!"
"Tales of Xillia","7104","Tales of Xillia","2172780","170940","1545","5","170","4","0","12.71","Tales of Xillia"
"Banished","7105","Banished","11798880","928380","6231","16","3232","22","1","12.71","Banished"
"Maniac Mansion","7106","Maniac Mansion","322620","25380","479","2","103","0","0","12.71","Maniac Mansion"
"Pac-Man Party","7107","Pac-Man Party","7620","600","51","1","5","0","0","12.7","Pac-Man Party"
"Technictix","7108","Technictix","22860","1800","67","1","1","0","0","12.7","Technictix"
"Picross e","7109","Picross e","22860","1800","170","2","7","0","0","12.7","Picross e"
"Scorched Earth","7110","Scorched Earth","171120","13500","379","3","35","0","0","12.68","Scorched Earth"
"Draw a Stickman: EPIC","7111","Draw a Stickman: EPIC","248700","19620","428","2","119","0","0","12.68","Draw a Stickman: EPIC"
"Fable II","7112","Fable II","4612020","363900","1775","6","1086","8","0","12.67","Fable II"
"Super Mario Strikers","7113","Super Mario Strikers","746700","58920","447","3","279","1","0","12.67","Super Mario Strikers"
"Granblue Fantasy","7114","Granblue Fantasy","24212580","1911120","1366","30","1108","45","3","12.67","Granblue Fantasy"
"Charm Girls Club Pajama Party","7115","Charm Girls Club Pajama Party","4560","360","30","1","2","0","0","12.67","Charm Girls Club Pajama Party"
"Street Gears","7116","Street Gears","2280","180","14","1","1","0","0","12.67","Street Gears"
"Time Crisis 3","7117","Time Crisis 3","15960","1260","79","1","5","0","0","12.67","Time Crisis 3"
"The Idolmaster: Gravure for You! Vol. 4","7118","The Idolmaster: Gravure for You! Vol. 4","6840","540","83","1","3","0","0","12.67","The Idolmaster: Gravure for You! Vol. 4"
"Naev","7119","Naev","2280","180","15","1","1","0","0","12.67","Naev"
"Fightback","7120","Fightback","2280","180","29","1","1","0","0","12.67","Fightback"
"Sharin no Kuni, Yuukyuu no Shounenshoujo","7121","Sharin no Kuni, Yuukyuu no Shounenshoujo","11400","900","24","1","2","0","0","12.67","Sharin no Kuni, Yuukyuu no Shounenshoujo"
"Tales From The Dragon Mountain: The Strix","7122","Tales From The Dragon Mountain: The Strix","2280","180","15","1","1","0","0","12.67","Tales From The Dragon Mountain: The Strix"
"Zoombinis: Mountain Rescue","7123","Zoombinis: Mountain Rescue","69120","5460","129","1","26","0","0","12.66","Zoombinis: Mountain Rescue"
"Star Fox","7124","Star Fox","795720","62880","4598","5","304","1","0","12.65","Star Fox"
"Little Walker","7125","Little Walker","10620","840","46","1","6","0","0","12.64","Little Walker"
"Mobile Suit Gundam SEED Battle Destiny","7126","Mobile Suit Gundam SEED Battle Destiny","6060","480","36","1","2","0","0","12.63","Mobile Suit Gundam SEED Battle Destiny"
"We Cheer 2","7127","We Cheer 2","6060","480","19","1","2","0","0","12.63","We Cheer 2"
"Planet Delta","7128","Planet Delta","18180","1440","52","1","0","0","0","12.63","Planet Delta"
"Half-Life: Opposing Force","7129","Half-Life: Opposing Force","1253040","99180","1808","3","299","2","0","12.63","Half-Life: Opposing Force"
"Stargate","7130","Stargate","63660","5040","118","2","22","0","0","12.63","Stargate"
"Dark Castle","7131","Dark Castle","72720","5760","134","7","28","0","0","12.63","Dark Castle"
"Blue Ice","7132","Blue Ice","9840","780","24","1","1","0","0","12.62","Blue Ice"
"Stronghold Legends","7133","Stronghold Legends","215760","17100","1131","2","75","0","0","12.62","Stronghold Legends"
"Naruto Shippuden: Ultimate Ninja Storm 3","7134","Naruto Shippuden: Ultimate Ninja Storm 3","996840","79020","1452","3","326","1","0","12.62","Naruto Shippuden: Ultimate Ninja Storm 3"
"Plants vs. Zombies: Garden Warfare 2","7135","Plants vs. Zombies: Garden Warfare 2","39644280","3144720","8967","82","18704","75","5","12.61","Plants vs. Zombies: Garden Warfare 2"
"Bang Attack","7136","Bang Attack","3780","300","59","1","1","0","0","12.6","Bang Attack"
"Wii Play Motion","7137","Wii Play Motion","7560","600","32","1","3","0","0","12.6","Wii Play Motion"
"Corvette","7138","Corvette","24180","1920","23","1","1","0","0","12.59","Corvette"
"Mario Bros.","7139","Mario Bros.","417120","33120","1060","2","150","0","0","12.59","Mario Bros."
"Skies","7140","Skies","196320","15600","964","4","82","0","0","12.58","Skies"
"Dora the Explorer: Dora Saves the Crystal Kingdom","7141","Dora the Explorer: Dora Saves the Crystal Kingdom","9060","720","176","1","6","0","0","12.58","Dora the Explorer: Dora Saves the Crystal Kingdom"
"Wing Commander: The Secret Missions","7142","Wing Commander: The Secret Missions","9060","720","73","1","3","0","0","12.58","Wing Commander: The Secret Missions"
"Random Heroes","7143","Random Heroes","156960","12480","487","2","65","0","0","12.58","Random Heroes"
"Run Like Hell","7144","Run Like Hell","27180","2160","64","1","6","0","0","12.58","Run Like Hell"
"Metal Gear Rising 2","7145","Metal Gear Rising 2","14340","1140","30","2","4","0","0","12.58","Metal Gear Rising 2"
"Deadnaut","7146","Deadnaut","19620","1560","85","2","11","0","0","12.58","Deadnaut"
"Pallurikio","7147","Pallurikio","9060","720","39","1","1","0","0","12.58","Pallurikio"
"Summon Night Craft Sword Monogatari: Hajimari no Ishi","7148","Summon Night Craft Sword Monogatari: Hajimari no Ishi","5280","420","34","1","3","0","0","12.57","Summon Night Craft Sword Monogatari: Hajimari no Ishi"
"Rail Simulator","7149","Rail Simulator","5280","420","45","1","1","0","0","12.57","Rail Simulator"
"James Pond 3: Operation Starfish","7150","James Pond 3: Operation Starfish","15840","1260","71","1","6","0","0","12.57","James Pond 3: Operation Starfish"
"Dungeon of the Endless","7151","Dungeon of the Endless","4846980","385920","3127","11","1476","9","0","12.56","Dungeon of the Endless"
"Versus Hero: Kakutou Ou e no Michi","7152","Versus Hero: Kakutou Ou e no Michi","6780","540","34","2","3","0","0","12.56","Versus Hero: Kakutou Ou e no Michi"
"Jetbros","7153","Jetbros","18840","1500","74","1","5","0","0","12.56","Jetbros"
"Youkai Watch 3","7154","Youkai Watch 3","37680","3000","41","2","8","0","0","12.56","Youkai Watch 3"
"Dead Island: Definitive Collection","7155","Dead Island: Definitive Collection","3386640","269820","1708","28","4848","6","0","12.55","Dead Island: Definitive Collection"
"Marc Ecko's Getting Up: Contents Under Pressure","7156","Marc Ecko's Getting Up: Contents Under Pressure","316980","25260","1255","2","101","0","0","12.55","Marc Ecko's Getting Up: Contents Under Pressure"
"Zenith","7157","Zenith","286080","22800","410","5","90","0","0","12.55","Zenith"
"Ys SEVEN","7158","Ys SEVEN","538860","42960","521","3","45","1","0","12.54","Ys SEVEN"
"Pac-Man: Championship Edition 2","7159","Pac-Man: Championship Edition 2","282960","22560","708","7","350","0","0","12.54","Pac-Man: Championship Edition 2"
"Chocolatier 2","7160","Chocolatier 2","14280","1140","65","1","4","0","0","12.53","Chocolatier 2"
"Championship Manager: Season 01/02","7161","Championship Manager: Season 01/02","27060","2160","113","1","10","0","0","12.53","Championship Manager: Season 01/02"
"Rez","7162","Rez","126180","10080","240","2","61","0","0","12.52","Rez"
"Freddi Fish 5: The Case of the Creature of Coral Cove","7163","Freddi Fish 5: The Case of the Creature of Coral Cove","34560","2760","80","1","16","0","0","12.52","Freddi Fish 5: The Case of the Creature of Coral Cove"
"Soccer Spirits","7164","Soccer Spirits","4125420","329760","1125","6","258","7","0","12.51","Soccer Spirits"
"Project X Zone 2","7165","Project X Zone 2","451860","36120","227","4","41","0","0","12.51","Project X Zone 2"
"Rätsel & Denkspiele","7166","Rätsel & Denkspiele","10500","840","23","1","1","0","0","12.5","Rätsel & Denkspiele"
"Hearts of Iron","7167","Hearts of Iron","18000","1440","258","1","8","0","0","12.5","Hearts of Iron"
"New York Mysteries: Secrets of the Mafia","7168","New York Mysteries: Secrets of the Mafia","55500","4440","71","2","8","0","0","12.5","New York Mysteries: Secrets of the Mafia"
"Make My Video: Marky Mark and the Funky Bunch","7169","Make My Video: Marky Mark and the Funky Bunch","1500","120","16","1","0","0","0","12.5","Make My Video: Marky Mark and the Funky Bunch"
"RapeLay","7170","RapeLay","1500","120","22","1","1","0","0","12.5","RapeLay"
"Every Day The Same Dream","7171","Every Day The Same Dream","1500","120","20","1","2","0","0","12.5","Every Day The Same Dream"
"Bike Rider DX","7172","Bike Rider DX","1500","120","16","1","1","0","0","12.5","Bike Rider DX"
"Don Bluth Presents Dragon's Lair 20th Anniversary Special Edition","7173","Don Bluth Presents Dragon's Lair 20th Anniversary Special Edition","1500","120","19","1","1","0","0","12.5","Don Bluth Presents Dragon's Lair 20th Anniversary Special Edition"
"Looterkings","7174","Looterkings","310560","24840","995","4","94","0","0","12.5","Looterkings"
"Manx TT SuperBike","7175","Manx TT SuperBike","1500","120","16","1","1","0","0","12.5","Manx TT SuperBike"
"Fist Puncher","7176","Fist Puncher","79440","6360","346","1","20","0","0","12.49","Fist Puncher"
"Breath of Fire: Dragon Quarter","7177","Breath of Fire: Dragon Quarter","298980","23940","1857","2","39","0","0","12.49","Breath of Fire: Dragon Quarter"
"House of the Dead 2 & 3 Return","7178","House of the Dead 2 & 3 Return","184380","14760","875","2","87","0","0","12.49","House of the Dead 2 & 3 Return"
"Microsoft Flight Simulator X","7179","Microsoft Flight Simulator X","132705660","10627200","3789","73","5333","251","20","12.49","Microsoft Flight Simulator X"
"Tony Hawk's Project 8","7180","Tony Hawk's Project 8","126660","10140","193","1","34","0","0","12.49","Tony Hawk's Project 8"
"Bishoujo Senshi Sailor Moon R","7181","Bishoujo Senshi Sailor Moon R","18720","1500","91","1","11","0","0","12.48","Bishoujo Senshi Sailor Moon R"
"Shroud of the Avatar: Forsaken Virtues","7182","Shroud of the Avatar: Forsaken Virtues","12819120","1027020","1472","11","303","24","1","12.48","Shroud of the Avatar: Forsaken Virtues"
"TowerFall","7183","TowerFall","2266440","181740","9994","9","978","4","0","12.47","TowerFall"
"Might and Magic III: Isles of Terra","7184","Might and Magic III: Isles of Terra","138420","11100","95","2","19","0","0","12.47","Might and Magic III: Isles of Terra"
"Fighting Force 2","7185","Fighting Force 2","9720","780","35","1","5","0","0","12.46","Fighting Force 2"
"California Games","7186","California Games","30660","2460","195","1","15","0","0","12.46","California Games"
"Indiana Jones' Greatest Adventures","7187","Indiana Jones' Greatest Adventures","62040","4980","166","1","22","0","0","12.46","Indiana Jones' Greatest Adventures"
"Guardians of Ember","7188","Guardians of Ember","1578600","126660","1270","33","287","2","0","12.46","Guardians of Ember"
"Exist Archive: The Other Side of the Sky","7189","Exist Archive: The Other Side of the Sky","259860","20880","284","2","40","0","0","12.45","Exist Archive: The Other Side of the Sky"
"Naruto Shippuden: Narutimate Blazing","7190","Naruto Shippuden: Narutimate Blazing","555840","44640","407","3","63","1","0","12.45","Naruto Shippuden: Narutimate Blazing"
"Call of Duty: Black Ops Zombies","7191","Call of Duty: Black Ops Zombies","3277740","263220","6622","6","1277","6","0","12.45","Call of Duty: Black Ops Zombies"
"Five Nights at Freddy's 3","7192","Five Nights at Freddy's 3","1154460","92700","7053","3","598","2","0","12.45","Five Nights at Freddy's 3"
"Call of Duty: Modern Warfare 3","7193","Call of Duty: Modern Warfare 3","29608740","2379960","8800","22","7593","56","4","12.44","Call of Duty: Modern Warfare 3"
"Drawn to Death","7194","Drawn to Death","92520","7440","122","2","661","0","0","12.44","Drawn to Death"
"Labyrinth Cross Blood","7195","Labyrinth Cross Blood","13440","1080","16","1","1","0","0","12.44","Labyrinth Cross Blood"
"Chase: Unsolved Cases Investigation Division - Distant Memories","7196","Chase: Unsolved Cases Investigation Division - Distant Memories","11940","960","44","1","4","0","0","12.44","Chase: Unsolved Cases Investigation Division - Distant Memories"
"Generation Xth: Code Breaker","7197","Generation Xth: Code Breaker","5220","420","15","1","1","0","0","12.43","Generation Xth: Code Breaker"
"Commander Keen 5: The Armageddon Machine","7198","Commander Keen 5: The Armageddon Machine","34320","2760","66","1","12","0","0","12.43","Commander Keen 5: The Armageddon Machine"
"Animorphs: Shattered Reality","7199","Animorphs: Shattered Reality","8940","720","49","1","3","0","0","12.42","Animorphs: Shattered Reality"
"Super Smash Bros. for Nintendo 3DS","7200","Super Smash Bros. for Nintendo 3DS","4958580","399180","206","8","464","9","0","12.42","Super Smash Bros. for Nintendo 3DS"