"","","Game","Watch time","Stream time","Peak viewers","Peak channels","Streamers","Average viewers","Average channels","Average viewer ratio",""
"Meganoid","13701","Meganoid","1860","480","9","1","2","0","0","3.88","Meganoid"
"Out of Gas","13702","Out of Gas","5820","1500","30","2","7","0","0","3.88","Out of Gas"
"Neverwinter Nights 2: Mysteries of Westgate","13703","Neverwinter Nights 2: Mysteries of Westgate","15840","4080","65","1","7","0","0","3.88","Neverwinter Nights 2: Mysteries of Westgate"
"Valis III","13704","Valis III","11400","2940","18","2","15","0","0","3.88","Valis III"
"Stone Protectors","13705","Stone Protectors","1860","480","12","1","4","0","0","3.88","Stone Protectors"
"Galaxian","13706","Galaxian","14880","3840","22","1","5","0","0","3.88","Galaxian"
"McDroid","13707","McDroid","44280","11400","42","3","40","0","0","3.88","McDroid"
"Skins Game","13708","Skins Game","1860","480","12","1","5","0","0","3.88","Skins Game"
"Nobunaga's Ambition: Sphere of Influence - Ascension","13709","Nobunaga's Ambition: Sphere of Influence - Ascension","37500","9660","34","3","30","0","0","3.88","Nobunaga's Ambition: Sphere of Influence - Ascension"
"Trick & Treat","13710","Trick & Treat","43200","11160","38","6","70","0","0","3.87","Trick & Treat"
"Game of Dice","13711","Game of Dice","355980","92100","95","5","233","0","0","3.87","Game of Dice"
"Chessmaster 10th Edition","13712","Chessmaster 10th Edition","3480","900","24","1","6","0","0","3.87","Chessmaster 10th Edition"
".hack//QUARANTINE - Part 4","13713",".hack//QUARANTINE - Part 4","61800","15960","29","2","25","0","0","3.87",".hack//QUARANTINE - Part 4"
"Challenge ProMode Arena","13714","Challenge ProMode Arena","164580","42480","53","4","23","0","0","3.87","Challenge ProMode Arena"
"Lemony Snicket's A Series of Unfortunate Events","13715","Lemony Snicket's A Series of Unfortunate Events","9060","2340","24","1","8","0","0","3.87","Lemony Snicket's A Series of Unfortunate Events"
"THE iDOLM@STER: One For All","13716","THE iDOLM@STER: One For All","406860","105240","149","4","46","0","0","3.87","THE iDOLM@STER: One For All"
"Lead on Mars","13717","Lead on Mars","1620","420","11","1","4","0","0","3.86","Lead on Mars"
"Ragnarok Online 2: Legend of the Second","13718","Ragnarok Online 2: Legend of the Second","93180","24120","68","2","77","0","0","3.86","Ragnarok Online 2: Legend of the Second"
"Dragon Ball Z: Legendary Super Warriors","13719","Dragon Ball Z: Legendary Super Warriors","56100","14520","96","2","20","0","0","3.86","Dragon Ball Z: Legendary Super Warriors"
"Alpha Protocol","13720","Alpha Protocol","307680","79740","233","3","194","0","0","3.86","Alpha Protocol"
"Lara Croft and the Temple of Osiris","13721","Lara Croft and the Temple of Osiris","699900","181260","774","7","922","1","0","3.86","Lara Croft and the Temple of Osiris"
"A Pixel Story","13722","A Pixel Story","3240","840","8","1","2","0","0","3.86","A Pixel Story"
"Soldier Front","13723","Soldier Front","559080","144840","316","6","150","1","0","3.86","Soldier Front"
"Bleach: Heat the Soul 7","13724","Bleach: Heat the Soul 7","6480","1680","34","1","11","0","0","3.86","Bleach: Heat the Soul 7"
"Perils of Man","13725","Perils of Man","1620","420","8","1","3","0","0","3.86","Perils of Man"
"Akiba's Trip","13726","Akiba's Trip","31260","8100","32","2","33","0","0","3.86","Akiba's Trip"
"Army of Two","13727","Army of Two","34500","8940","170","2","22","0","0","3.86","Army of Two"
"Eco","13728","Eco","67320","17460","223","2","62","0","0","3.86","Eco"
"Lego Island: Xtreme Stunts","13729","Lego Island: Xtreme Stunts","5100","1320","27","1","5","0","0","3.86","Lego Island: Xtreme Stunts"
"Baby Blues","13730","Baby Blues","11580","3000","26","1","16","0","0","3.86","Baby Blues"
"Dark Wizard","13731","Dark Wizard","15060","3900","15","1","6","0","0","3.86","Dark Wizard"
"Fist of the North Star: Ken's Rage 2","13732","Fist of the North Star: Ken's Rage 2","8340","2160","51","1","9","0","0","3.86","Fist of the North Star: Ken's Rage 2"
"Divinity: Dragon Commander","13733","Divinity: Dragon Commander","75960","19680","151","2","69","0","0","3.86","Divinity: Dragon Commander"
"GundeadliGne","13734","GundeadliGne","4860","1260","11","2","10","0","0","3.86","GundeadliGne"
"The King of Fighters 2001","13735","The King of Fighters 2001","4860","1260","18","1","12","0","0","3.86","The King of Fighters 2001"
"Murder on the Eurasia Express","13736","Murder on the Eurasia Express","1620","420","8","1","1","0","0","3.86","Murder on the Eurasia Express"
"CosmoTank","13737","CosmoTank","1620","420","16","1","2","0","0","3.86","CosmoTank"
"10 Seconds or Less","13738","10 Seconds or Less","5100","1320","48","1","8","0","0","3.86","10 Seconds or Less"
"The Scourge Project","13739","The Scourge Project","1620","420","7","1","2","0","0","3.86","The Scourge Project"
"Growlanser II: The Sense of Justice","13740","Growlanser II: The Sense of Justice","9000","2340","12","2","2","0","0","3.85","Growlanser II: The Sense of Justice"
"Duke Nukem: Manhattan Project","13741","Duke Nukem: Manhattan Project","21480","5580","89","2","27","0","0","3.85","Duke Nukem: Manhattan Project"
"Penarium","13742","Penarium","66000","17160","243","2","85","0","0","3.85","Penarium"
"Dreamkiller","13743","Dreamkiller","4620","1200","14","1","5","0","0","3.85","Dreamkiller"
"Original War","13744","Original War","32100","8340","73","2","29","0","0","3.85","Original War"
"Tetris Party","13745","Tetris Party","17100","4440","16","2","27","0","0","3.85","Tetris Party"
"Pirate101","13746","Pirate101","303060","78660","136","3","156","0","0","3.85","Pirate101"
"Caesar IV","13747","Caesar IV","27960","7260","103","2","30","0","0","3.85","Caesar IV"
"Bully","13748","Bully","4147200","1079460","7909","34","4688","7","2","3.84","Bully"
"Voltron: Defender of the Universe","13749","Voltron: Defender of the Universe","13140","3420","7","1","3","0","0","3.84","Voltron: Defender of the Universe"
"allkpop ALLSTAR","13750","allkpop ALLSTAR","23760","6180","53","2","22","0","0","3.84","allkpop ALLSTAR"
"7th Dragon 2020","13751","7th Dragon 2020","97440","25380","48","3","29","0","0","3.84","7th Dragon 2020"
"Dai 3-Ji Super Robot Taisen Z Jigoku-hen","13752","Dai 3-Ji Super Robot Taisen Z Jigoku-hen","42420","11040","21","1","7","0","0","3.84","Dai 3-Ji Super Robot Taisen Z Jigoku-hen"
"Pokémon Art Academy","13753","Pokémon Art Academy","10140","2640","18","1","12","0","0","3.84","Pokémon Art Academy"
"Alive! Jigsaw","13754","Alive! Jigsaw","4380","1140","9","1","2","0","0","3.84","Alive! Jigsaw"
"Humpty Dumpty in the Garden","13755","Humpty Dumpty in the Garden","8520","2220","21","1","1","0","0","3.84","Humpty Dumpty in the Garden"
"We Cheer","13756","We Cheer","1380","360","11","1","2","0","0","3.83","We Cheer"
"Dead Synchronicity: The Longest Night","13757","Dead Synchronicity: The Longest Night","1380","360","8","1","2","0","0","3.83","Dead Synchronicity: The Longest Night"
"Line of Sight","13758","Line of Sight","105840","27600","1266","4","111","0","0","3.83","Line of Sight"
"Rags to Riches","13759","Rags to Riches","2760","720","7","1","1","0","0","3.83","Rags to Riches"
"Swingerz Golf","13760","Swingerz Golf","1380","360","11","1","2","0","0","3.83","Swingerz Golf"
"Knockout Kings","13761","Knockout Kings","1380","360","8","1","1","0","0","3.83","Knockout Kings"
"Shooting Stars!","13762","Shooting Stars!","12420","3240","18","1","23","0","0","3.83","Shooting Stars!"
"Dreamland Online","13763","Dreamland Online","1380","360","8","1","2","0","0","3.83","Dreamland Online"
"Final Lap Twin","13764","Final Lap Twin","2760","720","8","1","3","0","0","3.83","Final Lap Twin"
"TNA Wrestling iMPACT!","13765","TNA Wrestling iMPACT!","1380","360","11","1","4","0","0","3.83","TNA Wrestling iMPACT!"
"Fort Boyard","13766","Fort Boyard","8280","2160","24","1","13","0","0","3.83","Fort Boyard"
"Commander: Conquest of the Americas","13767","Commander: Conquest of the Americas","6660","1740","10","1","12","0","0","3.83","Commander: Conquest of the Americas"
"Sam & Max Episode 3: The Mole, the Mob, and the Meatball","13768","Sam & Max Episode 3: The Mole, the Mob, and the Meatball","5520","1440","15","1","8","0","0","3.83","Sam & Max Episode 3: The Mole, the Mob, and the Meatball"
"Bob Saget Killer 2000","13769","Bob Saget Killer 2000","1380","360","11","2","5","0","0","3.83","Bob Saget Killer 2000"
"Rocket Knight","13770","Rocket Knight","15180","3960","14","1","14","0","0","3.83","Rocket Knight"
"RayStorm HD","13771","RayStorm HD","1380","360","16","1","3","0","0","3.83","RayStorm HD"
"Redline","13772","Redline","8040","2100","29","1","8","0","0","3.83","Redline"
"Movie Challenge","13773","Movie Challenge","49200","12840","50","2","62","0","0","3.83","Movie Challenge"
"Deadly Rooms of Death","13774","Deadly Rooms of Death","8040","2100","24","2","6","0","0","3.83","Deadly Rooms of Death"
"Yu-Gi-Oh! Dark Duel Stories","13775","Yu-Gi-Oh! Dark Duel Stories","28920","7560","67","2","14","0","0","3.83","Yu-Gi-Oh! Dark Duel Stories"
"Luftrausers","13776","Luftrausers","67980","17760","169","2","133","0","0","3.83","Luftrausers"
"Mars: War Logs","13777","Mars: War Logs","149460","39060","149","2","115","0","0","3.83","Mars: War Logs"
"Dragon Ball Z: Shin Budokai","13778","Dragon Ball Z: Shin Budokai","16560","4320","101","1","20","0","0","3.83","Dragon Ball Z: Shin Budokai"
"Sky Force Anniversary","13779","Sky Force Anniversary","158220","41340","159","6","151","0","0","3.83","Sky Force Anniversary"
"Freedom Force vs The 3rd Reich","13780","Freedom Force vs The 3rd Reich","13080","3420","26","1","13","0","0","3.82","Freedom Force vs The 3rd Reich"
"Resonance","13781","Resonance","20880","5460","21","1","14","0","0","3.82","Resonance"
"Texas Hold 'Em Poker","13782","Texas Hold 'Em Poker","120600","31560","168","2","94","0","0","3.82","Texas Hold 'Em Poker"
"Samurai Shodown V Special","13783","Samurai Shodown V Special","13740","3600","37","2","21","0","0","3.82","Samurai Shodown V Special"
"Cannon Fodder","13784","Cannon Fodder","26100","6840","57","1","26","0","0","3.82","Cannon Fodder"
"State of Decay: Year-One Survival Edition","13785","State of Decay: Year-One Survival Edition","4772580","1247880","2305","14","4154","9","2","3.82","State of Decay: Year-One Survival Edition"
"Goemon's Great Adventure","13786","Goemon's Great Adventure","69840","18300","287","2","65","0","0","3.82","Goemon's Great Adventure"
"Tarzan","13787","Tarzan","40140","10500","56","2","55","0","0","3.82","Tarzan"
"Fiesta","13788","Fiesta","429000","112320","212","5","242","0","0","3.82","Fiesta"
"Super Tennis","13789","Super Tennis","32340","8460","59","2","16","0","0","3.82","Super Tennis"
"Formula Truck 2013","13790","Formula Truck 2013","7800","2040","26","1","9","0","0","3.82","Formula Truck 2013"
"Koudelka","13791","Koudelka","160080","41880","31","3","44","0","0","3.82","Koudelka"
"3D Pinball","13792","3D Pinball","3900","1020","39","1","10","0","0","3.82","3D Pinball"
"Miracle Girls","13793","Miracle Girls","2520","660","16","1","3","0","0","3.82","Miracle Girls"
"Lucky Luke","13794","Lucky Luke","10080","2640","32","1","13","0","0","3.82","Lucky Luke"
"Dance Central","13795","Dance Central","9180","2400","17","1","12","0","0","3.82","Dance Central"
"Giga Wing","13796","Giga Wing","3900","1020","15","1","11","0","0","3.82","Giga Wing"
"Monster House","13797","Monster House","5040","1320","32","1","9","0","0","3.82","Monster House"
"Dexter's Laboratory: Robot Rampage","13798","Dexter's Laboratory: Robot Rampage","2520","660","9","1","5","0","0","3.82","Dexter's Laboratory: Robot Rampage"
"Gala Collider","13799","Gala Collider","6180","1620","9","1","1","0","0","3.81","Gala Collider"
"Shining the Holy Ark","13800","Shining the Holy Ark","14400","3780","22","1","7","0","0","3.81","Shining the Holy Ark"