"","","Game","Watch time","Stream time","Peak viewers","Peak channels","Streamers","Average viewers","Average channels","Average viewer ratio",""
"Shutter Chance Love","10901","Shutter Chance Love","720","120","10","1","1","0","0","6","Shutter Chance Love"
"Angel Devoid: Face of the Enemy","10902","Angel Devoid: Face of the Enemy","2160","360","12","1","2","0","0","6","Angel Devoid: Face of the Enemy"
"Kilroy","10903","Kilroy","360","60","6","1","0","0","0","6","Kilroy"
"Winx Club: Quest for the Codex","10904","Winx Club: Quest for the Codex","1080","180","9","1","1","0","0","6","Winx Club: Quest for the Codex"
"Death to Spies 3","10905","Death to Spies 3","360","60","7","1","0","0","0","6","Death to Spies 3"
"Ruins","10906","Ruins","1800","300","14","1","2","0","0","6","Ruins"
"Tryrush Deppy","10907","Tryrush Deppy","360","60","6","1","1","0","0","6","Tryrush Deppy"
"Towers of the Apocalypse","10908","Towers of the Apocalypse","720","120","8","1","1","0","0","6","Towers of the Apocalypse"
"Gold Star","10909","Gold Star","360","60","6","1","0","0","0","6","Gold Star"
"Cho Aniki Zero","10910","Cho Aniki Zero","1800","300","9","1","1","0","0","6","Cho Aniki Zero"
"Sakura Taisen 1 & 2","10911","Sakura Taisen 1 & 2","720","120","9","1","1","0","0","6","Sakura Taisen 1 & 2"
"FlapPing","10912","FlapPing","720","120","8","1","1","0","0","6","FlapPing"
"Mushroom Crusher Extreme","10913","Mushroom Crusher Extreme","2520","420","14","1","3","0","0","6","Mushroom Crusher Extreme"
"Zip A Doo","10914","Zip A Doo","360","60","6","1","1","0","0","6","Zip A Doo"
"Thomas the Tank Engine and Friends Pinball","10915","Thomas the Tank Engine and Friends Pinball","360","60","6","1","1","0","0","6","Thomas the Tank Engine and Friends Pinball"
"Samurai Warrior: The Battles of Usagi Yojimbo","10916","Samurai Warrior: The Battles of Usagi Yojimbo","360","60","6","1","1","0","0","6","Samurai Warrior: The Battles of Usagi Yojimbo"
"Escape From Hell","10917","Escape From Hell","720","120","8","1","1","0","0","6","Escape From Hell"
"A Day at Grandma's House","10918","A Day at Grandma's House","360","60","6","1","1","0","0","6","A Day at Grandma's House"
"Squibs Arcade","10919","Squibs Arcade","360","60","7","1","1","0","0","6","Squibs Arcade"
"Bean's Quest","10920","Bean's Quest","360","60","7","1","1","0","0","6","Bean's Quest"
"Sports Trivia","10921","Sports Trivia","360","60","12","1","1","0","0","6","Sports Trivia"
"Custerd's Quest","10922","Custerd's Quest","360","60","6","1","0","0","0","6","Custerd's Quest"
"Ace of Aces","10923","Ace of Aces","720","120","9","1","2","0","0","6","Ace of Aces"
"Pixeline Skolebøger: Dansk","10924","Pixeline Skolebøger: Dansk","360","60","6","1","1","0","0","6","Pixeline Skolebøger: Dansk"
"NFL Quarterback Club 98","10925","NFL Quarterback Club 98","360","60","6","1","0","0","0","6","NFL Quarterback Club 98"
"Flashing Lights","10926","Flashing Lights","360","60","6","1","0","0","0","6","Flashing Lights"
"Hello Kitty to Issho: Block Crash V","10927","Hello Kitty to Issho: Block Crash V","1800","300","11","1","2","0","0","6","Hello Kitty to Issho: Block Crash V"
"Back From Hell","10928","Back From Hell","360","60","6","1","1","0","0","6","Back From Hell"
"G-O-D: Mezameyo to Yobu Koe ga Kikoe","10929","G-O-D: Mezameyo to Yobu Koe ga Kikoe","720","120","6","1","1","0","0","6","G-O-D: Mezameyo to Yobu Koe ga Kikoe"
"Mary King's Riding Star","10930","Mary King's Riding Star","360","60","7","1","1","0","0","6","Mary King's Riding Star"
"Agile Warrior: F-111X","10931","Agile Warrior: F-111X","360","60","6","1","0","0","0","6","Agile Warrior: F-111X"
"Soccer Life!","10932","Soccer Life!","720","120","8","1","1","0","0","6","Soccer Life!"
"Square Head","10933","Square Head","720","120","6","1","1","0","0","6","Square Head"
"Caesar's Palace Advance: Millenium Gold Edition","10934","Caesar's Palace Advance: Millenium Gold Edition","360","60","6","1","0","0","0","6","Caesar's Palace Advance: Millenium Gold Edition"
"700,000 Games","10935","700,000 Games","720","120","9","1","1","0","0","6","700,000 Games"
"Tribes Action Pack","10936","Tribes Action Pack","360","60","8","1","0","0","0","6","Tribes Action Pack"
"System Flaw Recruit","10937","System Flaw Recruit","1440","240","17","1","2","0","0","6","System Flaw Recruit"
"Battle Master: Kyuukyoku no Senshitachi","10938","Battle Master: Kyuukyoku no Senshitachi","720","120","6","1","1","0","0","6","Battle Master: Kyuukyoku no Senshitachi"
"The Mahjong","10939","The Mahjong","720","120","10","1","2","0","0","6","The Mahjong"
"SAT Prep Writing 2008","10940","SAT Prep Writing 2008","360","60","6","1","0","0","0","6","SAT Prep Writing 2008"
"Axel & Pixel","10941","Axel & Pixel","360","60","6","1","1","0","0","6","Axel & Pixel"
"The Summoning","10942","The Summoning","360","60","8","1","1","0","0","6","The Summoning"
"Bubble Boy","10943","Bubble Boy","360","60","6","1","0","0","0","6","Bubble Boy"
"Mudpies","10944","Mudpies","360","60","7","1","1","0","0","6","Mudpies"
"Doll Fashion Atelier","10945","Doll Fashion Atelier","360","60","6","1","1","0","0","6","Doll Fashion Atelier"
"Viking  Invasion","10946","Viking  Invasion","2160","360","9","1","1","0","0","6","Viking  Invasion"
"KORG DSN-12","10947","KORG DSN-12","1440","240","7","1","1","0","0","6","KORG DSN-12"
"Islandia","10948","Islandia","360","60","6","1","0","0","0","6","Islandia"
"Ben Jordan: Paranormal Investigator Case 3 - The Sorceress of Smailholm","10949","Ben Jordan: Paranormal Investigator Case 3 - The Sorceress of Smailholm","720","120","8","1","1","0","0","6","Ben Jordan: Paranormal Investigator Case 3 - The Sorceress of Smailholm"
"Grabbles","10950","Grabbles","360","60","6","1","0","0","0","6","Grabbles"
"Modern Combat 3: Fallen Nation","10951","Modern Combat 3: Fallen Nation","2880","480","18","1","2","0","0","6","Modern Combat 3: Fallen Nation"
"Andrew Lloyd Webber Musicals: Sing and Dance","10952","Andrew Lloyd Webber Musicals: Sing and Dance","360","60","9","1","1","0","0","6","Andrew Lloyd Webber Musicals: Sing and Dance"
"Video Game Anthology vol. 1: Terra Cresta & Moon Cresta","10953","Video Game Anthology vol. 1: Terra Cresta & Moon Cresta","360","60","6","1","0","0","0","6","Video Game Anthology vol. 1: Terra Cresta & Moon Cresta"
"Hero's Heart","10954","Hero's Heart","360","60","6","1","1","0","0","6","Hero's Heart"
"WWI: The Great War","10955","WWI: The Great War","360","60","6","1","0","0","0","6","WWI: The Great War"
"Star Wars: Yoda's Challenge","10956","Star Wars: Yoda's Challenge","360","60","6","1","1","0","0","6","Star Wars: Yoda's Challenge"
"Tales of Cosmos","10957","Tales of Cosmos","3600","600","9","1","1","0","0","6","Tales of Cosmos"
"World Tour Soccer","10958","World Tour Soccer","720","120","6","1","1","0","0","6","World Tour Soccer"
"Need for Speed","10959","Need for Speed","38246760","6384300","28602","114","42777","72","12","5.99","Need for Speed"
"Blood Omen: Legacy of Kain","10960","Blood Omen: Legacy of Kain","232860","38880","381","3","87","0","0","5.99","Blood Omen: Legacy of Kain"
"The Sims 3: Into the Future","10961","The Sims 3: Into the Future","64320","10740","351","2","58","0","0","5.99","The Sims 3: Into the Future"
"Mana Khemia: Alchemists of Al-Revis","10962","Mana Khemia: Alchemists of Al-Revis","162960","27240","37","2","23","0","0","5.98","Mana Khemia: Alchemists of Al-Revis"
"10 Second Ninja","10963","10 Second Ninja","37680","6300","238","2","43","0","0","5.98","10 Second Ninja"
"The Shivah","10964","The Shivah","23340","3900","53","1","22","0","0","5.98","The Shivah"
"Global Game Jam","10965","Global Game Jam","1686000","282120","1275","118","205","3","0","5.98","Global Game Jam"
"Rage of Mages","10966","Rage of Mages","13980","2340","17","1","4","0","0","5.97","Rage of Mages"
"My Little Pony: Pinkie Pie's Party Parade","10967","My Little Pony: Pinkie Pie's Party Parade","14340","2400","197","1","6","0","0","5.97","My Little Pony: Pinkie Pie's Party Parade"
"Tun Town","10968","Tun Town","48360","8100","94","2","13","0","0","5.97","Tun Town"
"Dragon Ball Z: Super Saiya Densetsu","10969","Dragon Ball Z: Super Saiya Densetsu","33300","5580","456","1","13","0","0","5.97","Dragon Ball Z: Super Saiya Densetsu"
"beatmania IIDX 10th style","10970","beatmania IIDX 10th style","11100","1860","110","1","8","0","0","5.97","beatmania IIDX 10th style"
"Sonic Mega Collection","10971","Sonic Mega Collection","73080","12240","264","2","65","0","0","5.97","Sonic Mega Collection"
"Sang-Froid: Tales of Werewolves","10972","Sang-Froid: Tales of Werewolves","45480","7620","99","1","37","0","0","5.97","Sang-Froid: Tales of Werewolves"
"Dr. Robotnik's Mean Bean Machine","10973","Dr. Robotnik's Mean Bean Machine","168780","28260","548","3","110","0","0","5.97","Dr. Robotnik's Mean Bean Machine"
"Primal Carnage","10974","Primal Carnage","376560","63120","814","3","355","0","0","5.97","Primal Carnage"
"Metal Gear Solid V: The Phantom Pain","10975","Metal Gear Solid V: The Phantom Pain","111767220","18712380","5684","144","40356","212","35","5.97","Metal Gear Solid V: The Phantom Pain"
"Ziggurat","10976","Ziggurat","942240","157860","9039","4","724","1","0","5.97","Ziggurat"
"The Binding of Isaac: Rebirth","10977","The Binding of Isaac: Rebirth","31711920","5313900","12824","51","22218","60","10","5.97","The Binding of Isaac: Rebirth"
"Super Robot Wars 2G","10978","Super Robot Wars 2G","12180","2040","15","1","1","0","0","5.97","Super Robot Wars 2G"
"Digimon Universe: App Monsters Cyber Arena","10979","Digimon Universe: App Monsters Cyber Arena","16080","2700","15","1","2","0","0","5.96","Digimon Universe: App Monsters Cyber Arena"
"Tom Clancy's Splinter Cell: Conviction","10980","Tom Clancy's Splinter Cell: Conviction","608640","102180","1894","3","409","1","0","5.96","Tom Clancy's Splinter Cell: Conviction"
"Void Destroyer","10981","Void Destroyer","8580","1440","70","1","12","0","0","5.96","Void Destroyer"
"Galaxy Fight: Universal Warriors","10982","Galaxy Fight: Universal Warriors","120180","20160","954","2","9","0","0","5.96","Galaxy Fight: Universal Warriors"
"Minesweeper Flags","10983","Minesweeper Flags","27540","4620","150","2","34","0","0","5.96","Minesweeper Flags"
"Tekken X Street Fighter","10984","Tekken X Street Fighter","7140","1200","13","1","4","0","0","5.95","Tekken X Street Fighter"
"Imperium Romanum","10985","Imperium Romanum","27120","4560","95","1","12","0","0","5.95","Imperium Romanum"
"Snuggle Truck","10986","Snuggle Truck","19620","3300","90","1","18","0","0","5.95","Snuggle Truck"
"Spider-Man: The Movie","10987","Spider-Man: The Movie","187380","31500","291","2","79","0","0","5.95","Spider-Man: The Movie"
"Shin Megami Tensei","10988","Shin Megami Tensei","243180","40860","232","2","69","0","0","5.95","Shin Megami Tensei"
"Baldur's Gate","10989","Baldur's Gate","2087220","350640","2127","7","676","3","0","5.95","Baldur's Gate"
"SkySaga","10990","SkySaga","1409040","236880","382","7","553","2","0","5.95","SkySaga"
"Touhou 12.5: Double Spoiler","10991","Touhou 12.5: Double Spoiler","13560","2280","36","1","7","0","0","5.95","Touhou 12.5: Double Spoiler"
"Yakuza 4","10992","Yakuza 4","438420","73680","360","3","74","0","0","5.95","Yakuza 4"
"Warhammer 40,000: Dawn of War II: Chaos Rising","10993","Warhammer 40,000: Dawn of War II: Chaos Rising","222480","37380","849","4","110","0","0","5.95","Warhammer 40,000: Dawn of War II: Chaos Rising"
"Expeditions: Viking","10994","Expeditions: Viking","6780","1140","29","1","6","0","0","5.95","Expeditions: Viking"
"Trinium Wars","10995","Trinium Wars","87180","14640","177","3","45","0","0","5.95","Trinium Wars"
"Medal of Honor: Heroes","10996","Medal of Honor: Heroes","5700","960","18","1","2","0","0","5.94","Medal of Honor: Heroes"
"Reus","10997","Reus","297480","50040","454","3","245","0","0","5.94","Reus"
"I, Zombie","10998","I, Zombie","49920","8400","77","2","66","0","0","5.94","I, Zombie"
"Mind Games","10999","Mind Games","16740","2820","26","1","17","0","0","5.94","Mind Games"
"Menzoberranzan","11000","Menzoberranzan","4980","840","19","1","4","0","0","5.93","Menzoberranzan"