"","","Game","Watch time","Stream time","Peak viewers","Peak channels","Streamers","Average viewers","Average channels","Average viewer ratio",""
"FlatOut 2","7201","FlatOut 2","1299300","104580","2400","5","567","2","0","12.42","FlatOut 2"
"LEGO Star Wars: The Complete Saga","7202","LEGO Star Wars: The Complete Saga","3122220","251580","4201","13","1013","5","0","12.41","LEGO Star Wars: The Complete Saga"
"Animal Crossing","7203","Animal Crossing","3719220","299640","922","7","568","7","0","12.41","Animal Crossing"
"Half-Life 2: Episode Two","7204","Half-Life 2: Episode Two","2505780","201900","1564","4","515","4","0","12.41","Half-Life 2: Episode Two"
"Men of War: Assault Squad 2","7205","Men of War: Assault Squad 2","3739740","301260","4151","5","972","7","0","12.41","Men of War: Assault Squad 2"
"Kingsley's Adventure","7206","Kingsley's Adventure","47640","3840","71","1","13","0","0","12.41","Kingsley's Adventure"
"Net High","7207","Net High","27540","2220","55","1","3","0","0","12.41","Net High"
"Tribes: Aerial Assault","7208","Tribes: Aerial Assault","3720","300","21","1","1","0","0","12.4","Tribes: Aerial Assault"
"TNA iMPACT: Cross the Line","7209","TNA iMPACT: Cross the Line","3720","300","36","1","2","0","0","12.4","TNA iMPACT: Cross the Line"
"Deponia","7210","Deponia","3775620","304560","2184","9","1128","7","0","12.4","Deponia"
"Dead Effect","7211","Dead Effect","388500","31320","996","3","143","0","0","12.4","Dead Effect"
"Samurai Shodown Anthology","7212","Samurai Shodown Anthology","3720","300","42","1","3","0","0","12.4","Samurai Shodown Anthology"
"Asterix and Obelix Take on Caesar","7213","Asterix and Obelix Take on Caesar","3720","300","54","2","3","0","0","12.4","Asterix and Obelix Take on Caesar"
"Advance Wars","7214","Advance Wars","486840","39300","558","2","114","0","0","12.39","Advance Wars"
"Evil Islands: Curse of the Lost Soul","7215","Evil Islands: Curse of the Lost Soul","312900","25260","645","3","35","0","0","12.39","Evil Islands: Curse of the Lost Soul"
"Rokko Chan","7216","Rokko Chan","51240","4140","116","1","20","0","0","12.38","Rokko Chan"
"Brave Battle Saga: Legend of the Magic Warrior","7217","Brave Battle Saga: Legend of the Magic Warrior","18540","1500","35","1","3","0","0","12.36","Brave Battle Saga: Legend of the Magic Warrior"
"Danbol Senki","7218","Danbol Senki","54120","4380","42","2","6","0","0","12.36","Danbol Senki"
"MechWarrior Online","7219","MechWarrior Online","58218600","4713420","29599","37","3737","110","8","12.35","MechWarrior Online"
"Mario Kart DS","7220","Mario Kart DS","292620","23700","660","2","101","0","0","12.35","Mario Kart DS"
"Deadlight","7221","Deadlight","1612080","130620","1126","9","677","3","0","12.34","Deadlight"
"Crazy Machines","7222","Crazy Machines","48840","3960","676","1","25","0","0","12.33","Crazy Machines"
"Tree of Savior","7223","Tree of Savior","101487240","8229660","6796","357","9029","192","15","12.33","Tree of Savior"
"Caladrius","7224","Caladrius","39960","3240","132","1","23","0","0","12.33","Caladrius"
"Rocks 'n' Diamonds","7225","Rocks 'n' Diamonds","8880","720","45","1","4","0","0","12.33","Rocks 'n' Diamonds"
"Sesame Street 1 2 3","7226","Sesame Street 1 2 3","4440","360","38","1","4","0","0","12.33","Sesame Street 1 2 3"
"Coryoon: Child of Dragoon","7227","Coryoon: Child of Dragoon","2220","180","33","1","2","0","0","12.33","Coryoon: Child of Dragoon"
"C: The Contra Adventure","7228","C: The Contra Adventure","8880","720","21","1","2","0","0","12.33","C: The Contra Adventure"
"Sonic Mania","7229","Sonic Mania","15540","1260","32","2","5","0","0","12.33","Sonic Mania"
"Inazuma Eleven GO: Galaxy","7230","Inazuma Eleven GO: Galaxy","50280","4080","40","1","9","0","0","12.32","Inazuma Eleven GO: Galaxy"
"Bishoujo Senshi Sailor Moon: Another Story","7231","Bishoujo Senshi Sailor Moon: Another Story","215760","17520","186","1","25","0","0","12.32","Bishoujo Senshi Sailor Moon: Another Story"
"Metroid Prime Trilogy","7232","Metroid Prime Trilogy","1870140","151800","994","4","222","3","0","12.32","Metroid Prime Trilogy"
"Skate 3","7233","Skate 3","11011860","894000","30975","55","5374","20","1","12.32","Skate 3"
"Octodad: Dadliest Catch","7234","Octodad: Dadliest Catch","4490280","364620","5443","8","2635","8","0","12.31","Octodad: Dadliest Catch"
"Warcraft II: Tides of Darkness","7235","Warcraft II: Tides of Darkness","2551380","207240","1951","5","218","4","0","12.31","Warcraft II: Tides of Darkness"
"Xenogears","7236","Xenogears","3684180","299400","480","6","240","6","0","12.31","Xenogears"
"NaissanceE","7237","NaissanceE","209760","17040","354","2","71","0","0","12.31","NaissanceE"
"Red Orchestra: Ostfront 41-45","7238","Red Orchestra: Ostfront 41-45","76800","6240","622","2","27","0","0","12.31","Red Orchestra: Ostfront 41-45"
"Shower With Your Dad Simulator 2015: Do You Still Shower With Your Dad?","7239","Shower With Your Dad Simulator 2015: Do You Still Shower With Your Dad?","925500","75180","1354","3","714","1","0","12.31","Shower With Your Dad Simulator 2015: Do You Still Shower With Your Dad?"
"Crisis Force","7240","Crisis Force","11820","960","51","1","8","0","0","12.31","Crisis Force"
"Kickboxing","7241","Kickboxing","9600","780","221","1","5","0","0","12.31","Kickboxing"
"The Ren & Stimpy Show: Stimpy's Invention","7242","The Ren & Stimpy Show: Stimpy's Invention","7380","600","41","1","4","0","0","12.3","The Ren & Stimpy Show: Stimpy's Invention"
"Hylics","7243","Hylics","156420","12720","621","3","52","0","0","12.3","Hylics"
"Rise of Flight: The First Great Air War","7244","Rise of Flight: The First Great Air War","412380","33540","290","4","97","0","0","12.3","Rise of Flight: The First Great Air War"
"Kirby: Canvas Curse","7245","Kirby: Canvas Curse","168300","13680","656","2","17","0","0","12.3","Kirby: Canvas Curse"
"Tenchu: Wrath of Heaven","7246","Tenchu: Wrath of Heaven","350580","28500","352","2","68","0","0","12.3","Tenchu: Wrath of Heaven"
"Pikmin 2","7247","Pikmin 2","2312160","188040","1818","6","327","4","0","12.3","Pikmin 2"
"Retro Game Challenge","7248","Retro Game Challenge","657300","53460","687","2","59","1","0","12.3","Retro Game Challenge"
"Front Mission 3","7249","Front Mission 3","595620","48480","386","2","78","1","0","12.29","Front Mission 3"
"Rebuild 3: Gangs of Deadsville","7250","Rebuild 3: Gangs of Deadsville","132780","10800","242","2","37","0","0","12.29","Rebuild 3: Gangs of Deadsville"
"Bomberman Max","7251","Bomberman Max","22860","1860","41","1","3","0","0","12.29","Bomberman Max"
"Nexus: The Jupiter Incident","7252","Nexus: The Jupiter Incident","88500","7200","240","2","33","0","0","12.29","Nexus: The Jupiter Incident"
"Grim Dawn","7253","Grim Dawn","52758960","4297500","28389","53","6089","100","8","12.28","Grim Dawn"
"Resident Evil: Revelations","7254","Resident Evil: Revelations","4246680","346020","1524","6","1066","8","0","12.27","Resident Evil: Revelations"
"Mobile Legends: Bang bang","7255","Mobile Legends: Bang bang","1632420","133080","4133","8","392","3","0","12.27","Mobile Legends: Bang bang"
"Day of Defeat: Source","7256","Day of Defeat: Source","2193300","178860","9625","6","731","4","0","12.26","Day of Defeat: Source"
"WipEout HD","7257","WipEout HD","103680","8460","701","2","38","0","0","12.26","WipEout HD"
"Aliens: Infestation","7258","Aliens: Infestation","25020","2040","56","2","9","0","0","12.26","Aliens: Infestation"
"Virtual Boy Wario Land","7259","Virtual Boy Wario Land","52920","4320","333","1","15","0","0","12.25","Virtual Boy Wario Land"
"Farabel","7260","Farabel","5880","480","23","1","4","0","0","12.25","Farabel"
"Attack","7261","Attack","2940","240","21","1","2","0","0","12.25","Attack"
"My Sweet Bodyguard","7262","My Sweet Bodyguard","2940","240","21","1","1","0","0","12.25","My Sweet Bodyguard"
"Moorhuhn Remake","7263","Moorhuhn Remake","12480","1020","44","1","6","0","0","12.24","Moorhuhn Remake"
"Backyard Baseball 2001","7264","Backyard Baseball 2001","77820","6360","578","1","13","0","0","12.24","Backyard Baseball 2001"
"Call of Duty","7265","Call of Duty","4857960","397200","8034","7","2096","9","0","12.23","Call of Duty"
"Sports Champions","7266","Sports Champions","16140","1320","204","1","9","0","0","12.23","Sports Champions"
"Into the Stars","7267","Into the Stars","74820","6120","196","1","31","0","0","12.23","Into the Stars"
"Tom Clancy's Rainbow Six: Siege","7268","Tom Clancy's Rainbow Six: Siege","1945812720","159182340","62002","929","278151","3692","302","12.22","Tom Clancy's Rainbow Six: Siege"
"Demolition Company","7269","Demolition Company","43980","3600","103","1","18","0","0","12.22","Demolition Company"
"The Elder Scrolls Adventures: Redguard","7270","The Elder Scrolls Adventures: Redguard","28560","2340","29","1","4","0","0","12.21","The Elder Scrolls Adventures: Redguard"
"Undertale","7271","Undertale","126862500","10402560","32732","118","30761","240","19","12.2","Undertale"
"Railroad Pioneer","7272","Railroad Pioneer","14640","1200","145","1","5","0","0","12.2","Railroad Pioneer"
"Secret of the Magic Crystals","7273","Secret of the Magic Crystals","178560","14640","209","2","118","0","0","12.2","Secret of the Magic Crystals"
"Mystic Fighter Online","7274","Mystic Fighter Online","3660","300","20","1","1","0","0","12.2","Mystic Fighter Online"
"Rad Rodgers","7275","Rad Rodgers","133800","10980","503","2","58","0","0","12.19","Rad Rodgers"
"Battle Garegga","7276","Battle Garegga","468240","38400","1026","3","42","0","0","12.19","Battle Garegga"
"Disney Infinity","7277","Disney Infinity","133620","10980","325","1","37","0","0","12.17","Disney Infinity"
"Fire Emblem Mobile","7278","Fire Emblem Mobile","8760","720","55","1","3","0","0","12.17","Fire Emblem Mobile"
"Hyperdimension Neptunia U: Action Unleashed","7279","Hyperdimension Neptunia U: Action Unleashed","1896900","155940","2730","15","506","3","0","12.16","Hyperdimension Neptunia U: Action Unleashed"
"Command & Conquer: Generals - Zero Hour","7280","Command & Conquer: Generals - Zero Hour","1863240","153540","2474","5","399","3","0","12.14","Command & Conquer: Generals - Zero Hour"
"Kwirk","7281","Kwirk","25500","2100","62","1","8","0","0","12.14","Kwirk"
"The Bugs Bunny Birthday Blowout","7282","The Bugs Bunny Birthday Blowout","109980","9060","140","2","16","0","0","12.14","The Bugs Bunny Birthday Blowout"
"Anime Designer: Dragon Ball Z","7283","Anime Designer: Dragon Ball Z","10200","840","26","1","3","0","0","12.14","Anime Designer: Dragon Ball Z"
"Hachiemon","7284","Hachiemon","5100","420","25","1","1","0","0","12.14","Hachiemon"
"Rivals of Aether","7285","Rivals of Aether","8556000","705420","14345","14","1620","16","1","12.13","Rivals of Aether"
"Sengoku Basara 4 Sumeragi","7286","Sengoku Basara 4 Sumeragi","202320","16680","929","3","45","0","0","12.13","Sengoku Basara 4 Sumeragi"
"Ys I & II: Complete","7287","Ys I & II: Complete","120000","9900","234","2","22","0","0","12.12","Ys I & II: Complete"
"Day of Defeat","7288","Day of Defeat","388920","32100","3348","2","140","0","0","12.12","Day of Defeat"
"Kantai Collection","7289","Kantai Collection","87374820","7212840","4676","143","3005","165","13","12.11","Kantai Collection"
"Elevator Action","7290","Elevator Action","32700","2700","112","2","16","0","0","12.11","Elevator Action"
"Niche - a genetics survival game","7291","Niche - a genetics survival game","250620","20700","744","3","93","0","0","12.11","Niche - a genetics survival game"
"Gauntlet Legends","7292","Gauntlet Legends","314340","25980","513","2","69","0","0","12.1","Gauntlet Legends"
"Excitebike 64","7293","Excitebike 64","37740","3120","191","1","17","0","0","12.1","Excitebike 64"
"Alliance of Valiant Arms","7294","Alliance of Valiant Arms","42613500","3522240","4433","31","3255","80","6","12.1","Alliance of Valiant Arms"
"Wild Arms 5","7295","Wild Arms 5","217800","18000","108","1","23","0","0","12.1","Wild Arms 5"
"The Simpsons: Road Rage","7296","The Simpsons: Road Rage","85680","7080","1116","2","30","0","0","12.1","The Simpsons: Road Rage"
"Leisure Suit Larry 1:  In the Land of the Lounge Lizards","7297","Leisure Suit Larry 1:  In the Land of the Lounge Lizards","72480","6000","109","1","20","0","0","12.08","Leisure Suit Larry 1:  In the Land of the Lounge Lizards"
"Descent II","7298","Descent II","89100","7380","431","2","19","0","0","12.07","Descent II"
"Fish!","7299","Fish!","14460","1200","202","1","6","0","0","12.05","Fish!"
"Rockstar Games presents Table Tennis","7300","Rockstar Games presents Table Tennis","15180","1260","51","1","6","0","0","12.05","Rockstar Games presents Table Tennis"