"","","Game","Watch time","Stream time","Peak viewers","Peak channels","Streamers","Average viewers","Average channels","Average viewer ratio",""
"Garfield: A Tail of Two Kitties","9701","Garfield: A Tail of Two Kitties","6660","900","37","1","5","0","0","7.4","Garfield: A Tail of Two Kitties"
"Predator 2","9702","Predator 2","2220","300","11","1","1","0","0","7.4","Predator 2"
"High School Musical 3: Senior Year Dance!","9703","High School Musical 3: Senior Year Dance!","8880","1200","80","1","5","0","0","7.4","High School Musical 3: Senior Year Dance!"
"Supreme","9704","Supreme","24840","3360","104","1","9","0","0","7.39","Supreme"
"MURI","9705","MURI","13740","1860","41","1","12","0","0","7.39","MURI"
"Command & Conquer: Red Alert 2","9706","Command & Conquer: Red Alert 2","1736280","235020","798","4","332","3","0","7.39","Command & Conquer: Red Alert 2"
"Dandelion: Wishes Brought to You","9707","Dandelion: Wishes Brought to You","182280","24660","139","3","68","0","0","7.39","Dandelion: Wishes Brought to You"
"The Journeyman Project 3: Legacy of Time","9708","The Journeyman Project 3: Legacy of Time","12420","1680","50","1","7","0","0","7.39","The Journeyman Project 3: Legacy of Time"
"Professor Layton and the Unwound Future","9709","Professor Layton and the Unwound Future","112140","15180","103","2","32","0","0","7.39","Professor Layton and the Unwound Future"
"Sphinx and the Cursed Mummy","9710","Sphinx and the Cursed Mummy","78060","10560","250","2","31","0","0","7.39","Sphinx and the Cursed Mummy"
"WolfPack","9711","WolfPack","10200","1380","36","1","7","0","0","7.39","WolfPack"
"Who Shot Johnny Rock?","9712","Who Shot Johnny Rock?","3540","480","29","3","6","0","0","7.38","Who Shot Johnny Rock?"
"Killzone 2","9713","Killzone 2","77940","10560","61","2","28","0","0","7.38","Killzone 2"
"Shadowgrounds Survivor","9714","Shadowgrounds Survivor","7080","960","23","1","3","0","0","7.38","Shadowgrounds Survivor"
"Project Nomads","9715","Project Nomads","12840","1740","39","1","5","0","0","7.38","Project Nomads"
"WWF WrestleMania: The Arcade Game","9716","WWF WrestleMania: The Arcade Game","35400","4800","100","2","27","0","0","7.38","WWF WrestleMania: The Arcade Game"
"Ore no Imouto ga Konnani Kawaii Wake ga Nai. HappyenD","9717","Ore no Imouto ga Konnani Kawaii Wake ga Nai. HappyenD","3540","480","21","1","4","0","0","7.38","Ore no Imouto ga Konnani Kawaii Wake ga Nai. HappyenD"
"Hard Reset","9718","Hard Reset","391440","53100","245","3","207","0","0","7.37","Hard Reset"
"Dynasty Warriors 8","9719","Dynasty Warriors 8","73440","9960","478","2","42","0","0","7.37","Dynasty Warriors 8"
"Ratchet & Clank Future: Tools of Destruction","9720","Ratchet & Clank Future: Tools of Destruction","581520","78960","229","3","76","1","0","7.36","Ratchet & Clank Future: Tools of Destruction"
"Daryl F. Gates' Police Quest: Open Season","9721","Daryl F. Gates' Police Quest: Open Season","17220","2340","89","1","7","0","0","7.36","Daryl F. Gates' Police Quest: Open Season"
"Sakura Taisen 3: Pari wa Moete iru ka?","9722","Sakura Taisen 3: Pari wa Moete iru ka?","49020","6660","33","1","5","0","0","7.36","Sakura Taisen 3: Pari wa Moete iru ka?"
"Monster Rancher DS","9723","Monster Rancher DS","4860","660","20","1","4","0","0","7.36","Monster Rancher DS"
"Wizardry: Llylgamyn Saga","9724","Wizardry: Llylgamyn Saga","28260","3840","23","1","3","0","0","7.36","Wizardry: Llylgamyn Saga"
"Lowglow","9725","Lowglow","15000","2040","103","1","16","0","0","7.35","Lowglow"
"Tetrobot and Co.","9726","Tetrobot and Co.","71400","9720","93","2","21","0","0","7.35","Tetrobot and Co."
"Creeper World 2","9727","Creeper World 2","10140","1380","17","1","3","0","0","7.35","Creeper World 2"
"Sentinels of the Multiverse: The Video Game","9728","Sentinels of the Multiverse: The Video Game","446700","60780","175","4","141","0","0","7.35","Sentinels of the Multiverse: The Video Game"
"Alphadia Genesis","9729","Alphadia Genesis","15000","2040","52","1","6","0","0","7.35","Alphadia Genesis"
"Final Fantasy XI Online","9730","Final Fantasy XI Online","13794540","1875720","982","16","1017","26","3","7.35","Final Fantasy XI Online"
"Shape Up","9731","Shape Up","68340","9300","54","1","44","0","0","7.35","Shape Up"
"Tales of Monkey Island","9732","Tales of Monkey Island","134580","18300","127","2","45","0","0","7.35","Tales of Monkey Island"
"Alchemy Mysteries: Prague Legends","9733","Alchemy Mysteries: Prague Legends","52020","7080","132","1","23","0","0","7.35","Alchemy Mysteries: Prague Legends"
"Lunar: Eternal Blue","9734","Lunar: Eternal Blue","79260","10800","89","1","11","0","0","7.34","Lunar: Eternal Blue"
"Overlord","9735","Overlord","817140","111360","742","4","372","1","0","7.34","Overlord"
"The Last of Us","9736","The Last of Us","157163220","21409500","13706","117","45197","298","40","7.34","The Last of Us"
"Hot Wheels: Turbo Racing","9737","Hot Wheels: Turbo Racing","28200","3840","79","1","22","0","0","7.34","Hot Wheels: Turbo Racing"
"Spider: The Secret of Bryce Manor","9738","Spider: The Secret of Bryce Manor","1320","180","11","1","1","0","0","7.33","Spider: The Secret of Bryce Manor"
"Ultimate Band","9739","Ultimate Band","1320","180","19","1","2","0","0","7.33","Ultimate Band"
"Postman Pat","9740","Postman Pat","1320","180","10","1","1","0","0","7.33","Postman Pat"
"Winterbells","9741","Winterbells","5280","720","17","1","7","0","0","7.33","Winterbells"
"Guinness World Records: The Video Game","9742","Guinness World Records: The Video Game","1320","180","11","1","2","0","0","7.33","Guinness World Records: The Video Game"
"Walt Disney's The Jungle Book: Rhythm n' Groove","9743","Walt Disney's The Jungle Book: Rhythm n' Groove","1320","180","12","1","1","0","0","7.33","Walt Disney's The Jungle Book: Rhythm n' Groove"
"Pocket MuuMuu","9744","Pocket MuuMuu","1320","180","11","1","1","0","0","7.33","Pocket MuuMuu"
"F.E.A.R. 3","9745","F.E.A.R. 3","1977600","269640","3380","8","1294","3","0","7.33","F.E.A.R. 3"
"Warmachine & Hordes","9746","Warmachine & Hordes","1891620","258060","1553","5","91","3","0","7.33","Warmachine & Hordes"
"Hello Kitty Cutie World","9747","Hello Kitty Cutie World","303480","41400","275","3","109","0","0","7.33","Hello Kitty Cutie World"
"TaiChi Panda","9748","TaiChi Panda","215640","29400","497","2","61","0","0","7.33","TaiChi Panda"
"Penumbra: Requiem","9749","Penumbra: Requiem","294120","40140","208","3","157","0","0","7.33","Penumbra: Requiem"
"Firepower 2000","9750","Firepower 2000","2640","360","28","1","5","0","0","7.33","Firepower 2000"
"Cleopatra: Queen of the Nile","9751","Cleopatra: Queen of the Nile","2640","360","17","1","3","0","0","7.33","Cleopatra: Queen of the Nile"
"Godzilla 2: War of the Monsters","9752","Godzilla 2: War of the Monsters","13200","1800","19","1","3","0","0","7.33","Godzilla 2: War of the Monsters"
"X-Men: Destiny","9753","X-Men: Destiny","21120","2880","41","1","9","0","0","7.33","X-Men: Destiny"
"Psychic World","9754","Psychic World","6600","900","30","1","5","0","0","7.33","Psychic World"
"Scene It? Twilight","9755","Scene It? Twilight","1320","180","10","1","1","0","0","7.33","Scene It? Twilight"
"Wayne Gretzky Hockey","9756","Wayne Gretzky Hockey","1320","180","11","1","2","0","0","7.33","Wayne Gretzky Hockey"
"Arcade Party Pak","9757","Arcade Party Pak","2640","360","12","1","2","0","0","7.33","Arcade Party Pak"
"Twisty's Asylum Escapades","9758","Twisty's Asylum Escapades","1320","180","13","1","2","0","0","7.33","Twisty's Asylum Escapades"
"Atomic Space Command","9759","Atomic Space Command","9660","1320","65","1","7","0","0","7.32","Atomic Space Command"
"Robert Ludlum's The Bourne Conspiracy","9760","Robert Ludlum's The Bourne Conspiracy","14940","2040","62","1","8","0","0","7.32","Robert Ludlum's The Bourne Conspiracy"
"Need for Speed: Most Wanted 5-1-0","9761","Need for Speed: Most Wanted 5-1-0","427980","58500","1303","3","254","0","0","7.32","Need for Speed: Most Wanted 5-1-0"
"Shin Megami Tensei: Persona 3 Portable","9762","Shin Megami Tensei: Persona 3 Portable","1488660","203400","226","5","312","2","0","7.32","Shin Megami Tensei: Persona 3 Portable"
"Super Bomberman 4","9763","Super Bomberman 4","75120","10260","485","2","29","0","0","7.32","Super Bomberman 4"
"Pocket Bomberman","9764","Pocket Bomberman","44820","6120","64","2","16","0","0","7.32","Pocket Bomberman"
"The Adventures of Tintin","9765","The Adventures of Tintin","31200","4260","420","3","10","0","0","7.32","The Adventures of Tintin"
"Pajama Sam: Games to Play on Any Day","9766","Pajama Sam: Games to Play on Any Day","5700","780","19","1","5","0","0","7.31","Pajama Sam: Games to Play on Any Day"
"Rhythm Thief & The Emperor's Treasure","9767","Rhythm Thief & The Emperor's Treasure","11400","1560","35","1","5","0","0","7.31","Rhythm Thief & The Emperor's Treasure"
".hack//fragment","9768",".hack//fragment","55680","7620","86","2","19","0","0","7.31",".hack//fragment"
"Dokapon Kingdom","9769","Dokapon Kingdom","384000","52560","283","4","113","0","0","7.31","Dokapon Kingdom"
"Kingdom Hearts Re:coded","9770","Kingdom Hearts Re:coded","222060","30360","318","3","37","0","0","7.31","Kingdom Hearts Re:coded"
"Flashback: The Quest for Identity","9771","Flashback: The Quest for Identity","126300","17280","96","2","58","0","0","7.31","Flashback: The Quest for Identity"
"Earth's Dawn","9772","Earth's Dawn","190320","26040","338","5","89","0","0","7.31","Earth's Dawn"
"Children of Morta","9773","Children of Morta","42960","5880","43","2","28","0","0","7.31","Children of Morta"
"Jack Attack","9774","Jack Attack","4380","600","33","1","4","0","0","7.3","Jack Attack"
"WRC: Fia World Rally Championship Arcade","9775","WRC: Fia World Rally Championship Arcade","4380","600","24","1","3","0","0","7.3","WRC: Fia World Rally Championship Arcade"
"Tekken","9776","Tekken","51240","7020","105","2","36","0","0","7.3","Tekken"
"R-Type Dimensions","9777","R-Type Dimensions","4380","600","52","1","7","0","0","7.3","R-Type Dimensions"
"Verde Station","9778","Verde Station","10500","1440","45","1","10","0","0","7.29","Verde Station"
"Orion's Forge","9779","Orion's Forge","3060","420","23","1","4","0","0","7.29","Orion's Forge"
"Tony Hawk's Pro Skater HD","9780","Tony Hawk's Pro Skater HD","380460","52200","442","3","277","0","0","7.29","Tony Hawk's Pro Skater HD"
"Deadliest Catch: Alaskan Storm","9781","Deadliest Catch: Alaskan Storm","32820","4500","77","1","12","0","0","7.29","Deadliest Catch: Alaskan Storm"
"Naxat Super Pinball: Jaki Hakai","9782","Naxat Super Pinball: Jaki Hakai","3060","420","44","1","4","0","0","7.29","Naxat Super Pinball: Jaki Hakai"
"Dark Earth","9783","Dark Earth","6120","840","12","1","1","0","0","7.29","Dark Earth"
"Formula 1 Championship Edition","9784","Formula 1 Championship Edition","7860","1080","13","1","1","0","0","7.28","Formula 1 Championship Edition"
"Kenshi","9785","Kenshi","1066500","146520","1134","5","212","2","0","7.28","Kenshi"
"Turbo Dismount","9786","Turbo Dismount","246240","33840","642","2","185","0","0","7.28","Turbo Dismount"
"Turok 2","9787","Turok 2","7860","1080","125","1","5","0","0","7.28","Turok 2"
"Lemma","9788","Lemma","79080","10860","169","2","34","0","0","7.28","Lemma"
"Syobon Action","9789","Syobon Action","65040","8940","252","2","43","0","0","7.28","Syobon Action"
"Noite Animal","9790","Noite Animal","95580","13140","181","1","5","0","0","7.27","Noite Animal"
"Reconquista","9791","Reconquista","32700","4500","24","1","2","0","0","7.27","Reconquista"
"Duck Hunt","9792","Duck Hunt","38760","5340","235","2","43","0","0","7.26","Duck Hunt"
"Sid Meier's Civilization IV","9793","Sid Meier's Civilization IV","1398960","192780","1142","60","909","2","0","7.26","Sid Meier's Civilization IV"
"Master of Orion II: Battle at Antares","9794","Master of Orion II: Battle at Antares","219660","30240","157","2","84","0","0","7.26","Master of Orion II: Battle at Antares"
"Frederic: Evil Strikes Back","9795","Frederic: Evil Strikes Back","15240","2100","202","1","15","0","0","7.26","Frederic: Evil Strikes Back"
"Soft Body","9796","Soft Body","13920","1920","55","1","11","0","0","7.25","Soft Body"
"Bowling Queen","9797","Bowling Queen","3480","480","14","1","2","0","0","7.25","Bowling Queen"
"Performous","9798","Performous","1740","240","15","1","2","0","0","7.25","Performous"
"Argus","9799","Argus","1740","240","17","1","2","0","0","7.25","Argus"
"Deep Labyrinth","9800","Deep Labyrinth","1740","240","11","1","1","0","0","7.25","Deep Labyrinth"