"","","Game","Watch time","Stream time","Peak viewers","Peak channels","Streamers","Average viewers","Average channels","Average viewer ratio",""
"Sally Face","4401","Sally Face","55320","2100","194","1","16","0","0","26.34","Sally Face"
"Revolver360 Re:Actor","4402","Revolver360 Re:Actor","85320","3240","1278","1","26","0","0","26.33","Revolver360 Re:Actor"
"ChromaGun","4403","ChromaGun","5133900","195060","13079","9","1360","9","0","26.32","ChromaGun"
"Android: Netrunner","4404","Android: Netrunner","2274960","86460","304","5","98","4","0","26.31","Android: Netrunner"
"Anachronox","4405","Anachronox","350460","13320","119","1","28","0","0","26.31","Anachronox"
"Senran Kagura Shinovi Versus","4406","Senran Kagura Shinovi Versus","2736540","104100","7821","10","421","5","0","26.29","Senran Kagura Shinovi Versus"
"12 Is Better Than 6","4407","12 Is Better Than 6","439620","16740","2699","2","100","0","0","26.26","12 Is Better Than 6"
"Space Quest IV: Roger Wilco and the Time Rippers","4408","Space Quest IV: Roger Wilco and the Time Rippers","144900","5520","256","1","22","0","0","26.25","Space Quest IV: Roger Wilco and the Time Rippers"
"htoL#NiQ: The Firefly Diary","4409","htoL#NiQ: The Firefly Diary","811200","30900","1440","5","111","1","0","26.25","htoL#NiQ: The Firefly Diary"
"Dance Dance Revolution: Mario Mix","4410","Dance Dance Revolution: Mario Mix","318000","12120","1225","2","52","0","0","26.24","Dance Dance Revolution: Mario Mix"
"Shachou Eiyuuden: The Eagle Shooting Heroes","4411","Shachou Eiyuuden: The Eagle Shooting Heroes","114900","4380","164","2","5","0","0","26.23","Shachou Eiyuuden: The Eagle Shooting Heroes"
"Hatsune Miku and Future Stars: Project Mirai","4412","Hatsune Miku and Future Stars: Project Mirai","7860","300","88","1","4","0","0","26.2","Hatsune Miku and Future Stars: Project Mirai"
"Dustforce","4413","Dustforce","11879640","453720","116469","12","473","22","0","26.18","Dustforce"
"Gothic II: Night of the Raven","4414","Gothic II: Night of the Raven","14817120","566280","4690","10","478","28","1","26.17","Gothic II: Night of the Raven"
"Earthworm Jim 2","4415","Earthworm Jim 2","639180","24420","921","2","94","1","0","26.17","Earthworm Jim 2"
"Juggernaut","4416","Juggernaut","56520","2160","307","1","5","0","0","26.17","Juggernaut"
"Cadash","4417","Cadash","127200","4860","364","1","16","0","0","26.17","Cadash"
"PokéPark 2: Wonders Beyond","4418","PokéPark 2: Wonders Beyond","221280","8460","813","2","26","0","0","26.16","PokéPark 2: Wonders Beyond"
"Suicide Mission","4419","Suicide Mission","69060","2640","511","1","16","0","0","26.16","Suicide Mission"
"Clock Tower: The First Fear","4420","Clock Tower: The First Fear","331080","12660","1046","2","55","0","0","26.15","Clock Tower: The First Fear"
"Bridge Constructor","4421","Bridge Constructor","1827360","69900","3931","6","376","3","0","26.14","Bridge Constructor"
"Monster Hunter Stories","4422","Monster Hunter Stories","1803660","69000","597","8","53","3","0","26.14","Monster Hunter Stories"
"Beyond Sol","4423","Beyond Sol","117600","4500","965","2","17","0","0","26.13","Beyond Sol"
"SOMA","4424","SOMA","61168440","2342100","92396","70","8893","116","4","26.12","SOMA"
"Hamtaro: Rainbow Rescue","4425","Hamtaro: Rainbow Rescue","120660","4620","127","1","14","0","0","26.12","Hamtaro: Rainbow Rescue"
"Momonga Pinball Adventures","4426","Momonga Pinball Adventures","53220","2040","157","1","15","0","0","26.09","Momonga Pinball Adventures"
"Shockman","4427","Shockman","20340","780","40","1","3","0","0","26.08","Shockman"
"Backyard Baseball 2005","4428","Backyard Baseball 2005","23460","900","387","1","4","0","0","26.07","Backyard Baseball 2005"
"The iDOLM@STER Cinderella Girls: Starlight Stage","4429","The iDOLM@STER Cinderella Girls: Starlight Stage","9140820","350640","2416","12","239","17","0","26.07","The iDOLM@STER Cinderella Girls: Starlight Stage"
"Heroes of Might and Magic III: Armageddon's Blade","4430","Heroes of Might and Magic III: Armageddon's Blade","1038780","39840","2112","3","122","1","0","26.07","Heroes of Might and Magic III: Armageddon's Blade"
"Game of Thrones: Ascent","4431","Game of Thrones: Ascent","107880","4140","1608","2","17","0","0","26.06","Game of Thrones: Ascent"
"Shinobi Legions","4432","Shinobi Legions","95280","3660","209","1","9","0","0","26.03","Shinobi Legions"
"St Jude PLAY LIVE","4433","St Jude PLAY LIVE","1418280","54480","741","6","54","2","0","26.03","St Jude PLAY LIVE"
"Cosmo Police Galivan","4434","Cosmo Police Galivan","93720","3600","189","3","6","0","0","26.03","Cosmo Police Galivan"
"Star Wars: Jedi Knight - Jedi Academy","4435","Star Wars: Jedi Knight - Jedi Academy","9173820","352680","104365","8","1049","17","0","26.01","Star Wars: Jedi Knight - Jedi Academy"
"Lumo","4436","Lumo","923700","35520","1960","4","133","1","0","26.01","Lumo"
"Noitu Love","4437","Noitu Love","7800","300","45","1","1","0","0","26","Noitu Love"
"Gekido Advance: Kintaro's Revenge","4438","Gekido Advance: Kintaro's Revenge","4680","180","32","1","1","0","0","26","Gekido Advance: Kintaro's Revenge"
"Monty on the Run","4439","Monty on the Run","20280","780","100","1","4","0","0","26","Monty on the Run"
"Ai Senshi Nicol","4440","Ai Senshi Nicol","31200","1200","109","1","4","0","0","26","Ai Senshi Nicol"
"Umihara Kawase Shun","4441","Umihara Kawase Shun","53040","2040","579","1","15","0","0","26","Umihara Kawase Shun"
"Break In","4442","Break In","6240","240","50","1","1","0","0","26","Break In"
"King of Dragon Pass","4443","King of Dragon Pass","182460","7020","515","1","25","0","0","25.99","King of Dragon Pass"
"Final Fantasy IV: The After Years","4444","Final Fantasy IV: The After Years","2165580","83340","896","3","96","4","0","25.98","Final Fantasy IV: The After Years"
"Sonic Adventure 2: Battle","4445","Sonic Adventure 2: Battle","22391700","862020","127056","20","1606","42","1","25.98","Sonic Adventure 2: Battle"
"Secret of Evermore","4446","Secret of Evermore","4368180","168180","1811","4","212","8","0","25.97","Secret of Evermore"
"Aliens Versus Predator 2","4447","Aliens Versus Predator 2","437460","16860","3349","3","48","0","0","25.95","Aliens Versus Predator 2"
"Deception IV: The Nightmare Princess","4448","Deception IV: The Nightmare Princess","1326120","51120","6934","3","185","2","0","25.94","Deception IV: The Nightmare Princess"
"Metal Warriors","4449","Metal Warriors","136860","5280","1497","3","33","0","0","25.92","Metal Warriors"
"ArkX","4450","ArkX","62220","2400","214","1","15","0","0","25.92","ArkX"
"DragonBall Xenoverse 2","4451","DragonBall Xenoverse 2","77042160","2972940","23590","306","17993","146","5","25.91","DragonBall Xenoverse 2"
"Children of Zodiarcs","4452","Children of Zodiarcs","13980","540","63","1","4","0","0","25.89","Children of Zodiarcs"
"Rudolph The Red-Nosed Reindeer","4453","Rudolph The Red-Nosed Reindeer","13980","540","120","1","4","0","0","25.89","Rudolph The Red-Nosed Reindeer"
"Kid Dracula","4454","Kid Dracula","284220","10980","970","1","36","0","0","25.89","Kid Dracula"
"Rune Factory 4","4455","Rune Factory 4","420780","16260","392","1","25","0","0","25.88","Rune Factory 4"
"Tattletail","4456","Tattletail","40380","1560","149","3","13","0","0","25.88","Tattletail"
"Miracle Girls Festival","4457","Miracle Girls Festival","566460","21900","2044","2","42","1","0","25.87","Miracle Girls Festival"
"Fish Tank","4458","Fish Tank","395520","15300","1678","2","12","0","0","25.85","Fish Tank"
"Milon's Secret Castle","4459","Milon's Secret Castle","167460","6480","334","2","17","0","0","25.84","Milon's Secret Castle"
"Vampire Night","4460","Vampire Night","77520","3000","388","1","11","0","0","25.84","Vampire Night"
"God Hand","4461","God Hand","2585460","100080","1871","3","208","4","0","25.83","God Hand"
"Def Jam Rapstar","4462","Def Jam Rapstar","9300","360","86","1","2","0","0","25.83","Def Jam Rapstar"
"Resette's Prescription","4463","Resette's Prescription","9300","360","80","1","3","0","0","25.83","Resette's Prescription"
"Peggle Extreme","4464","Peggle Extreme","1169220","45300","14608","4","236","2","0","25.81","Peggle Extreme"
"Sparkster","4465","Sparkster","114600","4440","202","2","34","0","0","25.81","Sparkster"
"Wizardry: Bane of the Cosmic Forge","4466","Wizardry: Bane of the Cosmic Forge","230640","8940","158","1","9","0","0","25.8","Wizardry: Bane of the Cosmic Forge"
"Phelios","4467","Phelios","7740","300","37","1","2","0","0","25.8","Phelios"
"Die by the Sword","4468","Die by the Sword","60360","2340","115","1","5","0","0","25.79","Die by the Sword"
"The Sims 3: University Life","4469","The Sims 3: University Life","238260","9240","1288","2","54","0","0","25.79","The Sims 3: University Life"
"The Simpsons Game","4470","The Simpsons Game","267480","10380","925","1","42","0","0","25.77","The Simpsons Game"
"Ultra Street Fighter IV","4471","Ultra Street Fighter IV","40059420","1554780","23183","42","4891","76","2","25.77","Ultra Street Fighter IV"
"Splatterhouse","4472","Splatterhouse","633180","24600","1835","2","90","1","0","25.74","Splatterhouse"
"Avatar: The Last Airbender - The Burning Earth","4473","Avatar: The Last Airbender - The Burning Earth","143580","5580","761","1","13","0","0","25.73","Avatar: The Last Airbender - The Burning Earth"
"Battletoads & Double Dragon: The Ultimate Team","4474","Battletoads & Double Dragon: The Ultimate Team","1078560","41940","1876","3","215","2","0","25.72","Battletoads & Double Dragon: The Ultimate Team"
"Eye of the Beholder","4475","Eye of the Beholder","448860","17460","187","2","32","0","0","25.71","Eye of the Beholder"
"The Game Awards","4476","The Game Awards","10800","420","66","3","5","0","0","25.71","The Game Awards"
"Omega Agent","4477","Omega Agent","10800","420","173","1","3","0","0","25.71","Omega Agent"
"Arcadecraft","4478","Arcadecraft","61680","2400","227","1","12","0","0","25.7","Arcadecraft"
"Reign Of Kings","4479","Reign Of Kings","17881860","695700","28846","14","1903","33","1","25.7","Reign Of Kings"
"Wizardry: Proving Grounds of the Mad Overlord","4480","Wizardry: Proving Grounds of the Mad Overlord","204960","7980","108","2","14","0","0","25.68","Wizardry: Proving Grounds of the Mad Overlord"
"Divide by Sheep","4481","Divide by Sheep","130980","5100","676","1","27","0","0","25.68","Divide by Sheep"
"BS F-Zero Grand Prix","4482","BS F-Zero Grand Prix","4620","180","29","1","1","0","0","25.67","BS F-Zero Grand Prix"
"Damsel","4483","Damsel","4620","180","48","1","1","0","0","25.67","Damsel"
"Auto Destruct","4484","Auto Destruct","4620","180","41","1","2","0","0","25.67","Auto Destruct"
"Alpha Mission","4485","Alpha Mission","32340","1260","371","1","3","0","0","25.67","Alpha Mission"
"Disney's Winnie the Pooh's Rumbly Tumbly Adventure","4486","Disney's Winnie the Pooh's Rumbly Tumbly Adventure","112380","4380","262","7","9","0","0","25.66","Disney's Winnie the Pooh's Rumbly Tumbly Adventure"
"Quiz Wiz: Cyber Trivia","4487","Quiz Wiz: Cyber Trivia","183120","7140","152","2","3","0","0","25.65","Quiz Wiz: Cyber Trivia"
"Dr. Muto","4488","Dr. Muto","73860","2880","59","1","8","0","0","25.65","Dr. Muto"
"Jazzpunk","4489","Jazzpunk","2170560","84660","13080","4","425","4","0","25.64","Jazzpunk"
"After Burner","4490","After Burner","41520","1620","250","1","8","0","0","25.63","After Burner"
"Cortex Command","4491","Cortex Command","261360","10200","1697","1","51","0","0","25.62","Cortex Command"
"Doom 64","4492","Doom 64","3016620","117840","3154","5","340","5","0","25.6","Doom 64"
"Food Network: Cook or Be Cooked","4493","Food Network: Cook or Be Cooked","271860","10620","957","2","74","0","0","25.6","Food Network: Cook or Be Cooked"
"Eversion","4494","Eversion","300900","11760","966","2","70","0","0","25.59","Eversion"
"Everlasting Summer","4495","Everlasting Summer","9553980","373440","4115","8","1051","18","0","25.58","Everlasting Summer"
"Mega Man Network Transmission","4496","Mega Man Network Transmission","634860","24840","785","2","49","1","0","25.56","Mega Man Network Transmission"
"The Addams Family","4497","The Addams Family","453900","17760","6937","4","40","0","0","25.56","The Addams Family"
"Thirty Flights of Loving","4498","Thirty Flights of Loving","49080","1920","506","1","16","0","0","25.56","Thirty Flights of Loving"
"Castlevania: The Adventure ReBirth","4499","Castlevania: The Adventure ReBirth","284820","11160","487","3","30","0","0","25.52","Castlevania: The Adventure ReBirth"
"Starr Mazer","4500","Starr Mazer","365940","14340","361","5","56","0","0","25.52","Starr Mazer"