"","","Game","Watch time","Stream time","Peak viewers","Peak channels","Streamers","Average viewers","Average channels","Average viewer ratio",""
"Guilty Gear Xrd -SIGN-","701","Guilty Gear Xrd -SIGN-","14584740","789060","10529","17","2447","27","1","18.48","Guilty Gear Xrd -SIGN-"
"Awesomenauts","702","Awesomenauts","14511180","1323360","1568","18","2105","27","2","10.97","Awesomenauts"
"Final Fantasy Tactics: The War of the Lions","703","Final Fantasy Tactics: The War of the Lions","14493180","149820","5171","4","211","27","0","96.74","Final Fantasy Tactics: The War of the Lions"
"Star Crusade CCG","704","Star Crusade CCG","14484300","285180","8094","8","278","27","0","50.79","Star Crusade CCG"
"Mega Man Zero 2","705","Mega Man Zero 2","14441160","20760","118307","9","61","27","0","695.62","Mega Man Zero 2"
"Portal","706","Portal","14408400","872820","7953","11","4972","27","1","16.51","Portal"
"Worms Reloaded","707","Worms Reloaded","14403660","107340","31526","5","527","27","0","134.19","Worms Reloaded"
"Dead Rising 3","708","Dead Rising 3","14352840","1541400","3590","19","6866","27","2","9.31","Dead Rising 3"
"Phantasy Star Online 2","709","Phantasy Star Online 2","14340180","3181080","940","36","5211","27","6","4.51","Phantasy Star Online 2"
"Earth Defense Force 4.1: The Shadow of New Despair","710","Earth Defense Force 4.1: The Shadow of New Despair","14301240","966360","22572","25","3182","27","1","14.8","Earth Defense Force 4.1: The Shadow of New Despair"
"RollerCoaster Tycoon 3","711","RollerCoaster Tycoon 3","14213700","297540","7487","6","1306","26","0","47.77","RollerCoaster Tycoon 3"
"Silent Hill: Downpour","712","Silent Hill: Downpour","14211960","69120","11346","7","127","26","0","205.61","Silent Hill: Downpour"
"The Mean Greens: Plastic Warfare","713","The Mean Greens: Plastic Warfare","14205660","174000","20986","12","941","26","0","81.64","The Mean Greens: Plastic Warfare"
"Devil May Cry 4: Special Edition","714","Devil May Cry 4: Special Edition","14152740","1560840","122434","23","5990","26","2","9.07","Devil May Cry 4: Special Edition"
"God of War III","715","God of War III","14151840","309000","7187","7","6365","26","0","45.8","God of War III"
"Portal Knights","716","Portal Knights","14145840","787020","32418","49","2645","26","1","17.97","Portal Knights"
"Wolfenstein: The Old Blood","717","Wolfenstein: The Old Blood","14111160","439320","98936","11","3236","26","0","32.12","Wolfenstein: The Old Blood"
"Project Zomboid","718","Project Zomboid","14081100","814980","5518","11","2640","26","1","17.28","Project Zomboid"
"The Political Machine 2016","719","The Political Machine 2016","14046960","35220","53230","51","217","26","0","398.83","The Political Machine 2016"
"Paper Mario: Color Splash","720","Paper Mario: Color Splash","14009160","505440","2876","61","778","26","0","27.72","Paper Mario: Color Splash"
"Battlefield 3","721","Battlefield 3","14008440","2594760","37836","26","10360","26","4","5.4","Battlefield 3"
"Chrono Cross","722","Chrono Cross","13894500","382860","5415","6","365","26","0","36.29","Chrono Cross"
"Final Fantasy XI Online","723","Final Fantasy XI Online","13794540","1875720","982","16","1017","26","3","7.35","Final Fantasy XI Online"
"Banjo-Tooie","724","Banjo-Tooie","13770660","571860","2663","10","1193","26","1","24.08","Banjo-Tooie"
"Smash+Grab","725","Smash+Grab","13756380","206280","31640","32","905","26","0","66.69","Smash+Grab"
"Spore","726","Spore","13674420","436800","21104","15","2327","25","0","31.31","Spore"
"Wings of Vi","727","Wings of Vi","13665900","346380","3682","6","573","25","0","39.45","Wings of Vi"
"Obduction","728","Obduction","13646280","289800","35424","36","793","25","0","47.09","Obduction"
"Harvester","729","Harvester","13644000","82920","9041","5","202","25","0","164.54","Harvester"
"Mega Man ZX Advent","730","Mega Man ZX Advent","13533060","25740","109596","7","49","25","0","525.76","Mega Man ZX Advent"
"The Town of Light","731","The Town of Light","13435860","123300","22452","13","655","25","0","108.97","The Town of Light"
"F.E.A.R.: First Encounter Assault Recon","732","F.E.A.R.: First Encounter Assault Recon","13420620","370200","14031","11","1485","25","0","36.25","F.E.A.R.: First Encounter Assault Recon"
"Mega Man X3","733","Mega Man X3","13415640","240300","124804","8","467","25","0","55.83","Mega Man X3"
"Limbo","734","Limbo","13314060","1335900","14341","66","9657","25","2","9.97","Limbo"
"Mega Man 10","735","Mega Man 10","13312320","65400","158783","29","184","25","0","203.55","Mega Man 10"
"PULSAR: Lost Colony","736","PULSAR: Lost Colony","13310340","264300","9655","8","944","25","0","50.36","PULSAR: Lost Colony"
"Master of Orion","737","Master of Orion","13307220","409740","5383","33","883","25","0","32.48","Master of Orion"
"Stone Age","738","Stone Age","13300260","362520","8014","13","141","25","0","36.69","Stone Age"
"The Witcher 2: Assassins of Kings","739","The Witcher 2: Assassins of Kings","13283820","1009260","7351","13","2880","25","1","13.16","The Witcher 2: Assassins of Kings"
"Doom 3","740","Doom 3","13240500","557280","29066","14","2274","25","1","23.76","Doom 3"
"World of Warcraft: Legion","741","World of Warcraft: Legion","13204140","1914900","3083","80","4877","25","3","6.9","World of Warcraft: Legion"
"Game Development","742","Game Development","13186260","1937100","3121","52","3521","25","3","6.81","Game Development"
"Final Fantasy: Brave Exvius","743","Final Fantasy: Brave Exvius","13169940","594120","755","11","469","24","1","22.17","Final Fantasy: Brave Exvius"
"Event[0]","744","Event[0]","13143000","51300","31570","7","294","24","0","256.2","Event[0]"
"Pepsiman","745","Pepsiman","13109640","24780","136904","5","116","24","0","529.04","Pepsiman"
"Tony Hawk's Pro Skater","746","Tony Hawk's Pro Skater","13094400","45600","111383","10","211","24","0","287.16","Tony Hawk's Pro Skater"
"Barbie Game Girl","747","Barbie Game Girl","13081320","9360","96499","9","57","24","0","1397.58","Barbie Game Girl"
"Game of Thrones: A Telltale Game Series","748","Game of Thrones: A Telltale Game Series","13067400","736140","3690","12","2424","24","1","17.75","Game of Thrones: A Telltale Game Series"
"Shin Megami Tensei: Persona 3 FES","749","Shin Megami Tensei: Persona 3 FES","13044000","551940","2469","9","775","24","1","23.63","Shin Megami Tensei: Persona 3 FES"
"Skullgirls","750","Skullgirls","13036260","710700","11713","10","2315","24","1","18.34","Skullgirls"
"Five Nights at Freddy's: Sister Location","751","Five Nights at Freddy's: Sister Location","13035480","387360","20375","100","2349","24","0","33.65","Five Nights at Freddy's: Sister Location"
"Uncharted 3: Drake's Deception","752","Uncharted 3: Drake's Deception","13007400","259260","6748","8","726","24","0","50.17","Uncharted 3: Drake's Deception"
"GTA Online","753","GTA Online","12997740","626100","12079","12","2072","24","1","20.76","GTA Online"
"Plague Inc.","754","Plague Inc.","12961140","93720","26661","7","689","24","0","138.3","Plague Inc."
"SPINTIRES","755","SPINTIRES","12884940","1285860","35871","18","4272","24","2","10.02","SPINTIRES"
"Shroud of the Avatar: Forsaken Virtues","756","Shroud of the Avatar: Forsaken Virtues","12819120","1027020","1472","11","303","24","1","12.48","Shroud of the Avatar: Forsaken Virtues"
"Perfect World","757","Perfect World","12796800","1410600","1054","13","1174","24","2","9.07","Perfect World"
"Shadow Tactics: Blades of the Shogun","758","Shadow Tactics: Blades of the Shogun","12773820","299640","17292","36","839","24","0","42.63","Shadow Tactics: Blades of the Shogun"
"The Stanley Parable","759","The Stanley Parable","12752580","352020","15382","9","2732","24","0","36.23","The Stanley Parable"
"Battlefleet Gothic: Armada","760","Battlefleet Gothic: Armada","12738900","573660","10063","46","1334","24","1","22.21","Battlefleet Gothic: Armada"
"Bless Online","761","Bless Online","12703080","1202160","2494","94","1498","24","2","10.57","Bless Online"
"The Ball","762","The Ball","12645420","17580","28248","10","72","23","0","719.31","The Ball"
"Broforce","763","Broforce","12638940","2720280","7067","135","20008","23","5","4.65","Broforce"
"Doom II: Hell on Earth","764","Doom II: Hell on Earth","12601200","605760","8845","10","1974","23","1","20.8","Doom II: Hell on Earth"
"Azure Striker Gunvolt","765","Azure Striker Gunvolt","12588480","97260","135933","14","311","23","0","129.43","Azure Striker Gunvolt"
"Space Hulk: Deathwing","766","Space Hulk: Deathwing","12573360","316500","31947","176","1499","23","0","39.73","Space Hulk: Deathwing"
"Overlord II","767","Overlord II","12572820","71460","17774","9","218","23","0","175.94","Overlord II"
"Fallout 2","768","Fallout 2","12511680","300480","11389","6","708","23","0","41.64","Fallout 2"
"Phantasmagoria: A Puzzle of Flesh","769","Phantasmagoria: A Puzzle of Flesh","12506580","63300","6843","5","162","23","0","197.58","Phantasmagoria: A Puzzle of Flesh"
"Sleeping Dogs","770","Sleeping Dogs","12404520","1490040","13596","115","8967","23","2","8.32","Sleeping Dogs"
"Tropico 5","771","Tropico 5","12355380","1857840","5958","81","8475","23","3","6.65","Tropico 5"
"Orcs Must Die! Unchained","772","Orcs Must Die! Unchained","12354240","885360","21127","30","2159","23","1","13.95","Orcs Must Die! Unchained"
"Who's Your Daddy","773","Who's Your Daddy","12330180","331860","34898","11","3631","23","0","37.15","Who's Your Daddy"
"Pokémon Gold/Silver","774","Pokémon Gold/Silver","12296400","509040","2752","10","1267","23","0","24.16","Pokémon Gold/Silver"
"Rabi-Ribi","775","Rabi-Ribi","12289440","680220","17014","19","1420","23","1","18.07","Rabi-Ribi"
"Conker's Bad Fur Day","776","Conker's Bad Fur Day","12289200","319320","3469","6","857","23","0","38.49","Conker's Bad Fur Day"
"Shadowrun","777","Shadowrun","12281760","301800","4041","11","318","23","0","40.7","Shadowrun"
"Jak 3","778","Jak 3","12249600","168540","132945","20","175","23","0","72.68","Jak 3"
"Condemned: Criminal Origins","779","Condemned: Criminal Origins","12233460","206760","9644","11","901","23","0","59.17","Condemned: Criminal Origins"
"Odin Sphere","780","Odin Sphere","12224340","150000","5850","12","243","23","0","81.5","Odin Sphere"
"Rocksmith 2014","781","Rocksmith 2014","12222420","1612620","7766","15","3506","23","3","7.58","Rocksmith 2014"
"Dead or Alive Xtreme 3: Fortune","782","Dead or Alive Xtreme 3: Fortune","12221220","358800","8301","29","2392","23","0","34.06","Dead or Alive Xtreme 3: Fortune"
"Megadimension Neptunia VII","783","Megadimension Neptunia VII","12196080","1384200","2540","35","2461","23","2","8.81","Megadimension Neptunia VII"
"Metro Redux","784","Metro Redux","12195840","1367160","16614","19","5946","23","2","8.92","Metro Redux"
"Karaoke","785","Karaoke","12174240","100200","16780","9","482","23","0","121.5","Karaoke"
"Super Mario All-Stars","786","Super Mario All-Stars","12152820","197040","4312","25","798","23","0","61.68","Super Mario All-Stars"
"Child of Light","787","Child of Light","12151920","668280","88627","10","2856","23","1","18.18","Child of Light"
"MXM","788","MXM","12150840","233580","26154","37","702","23","0","52.02","MXM"
"Job Simulator: The 2050 Archives","789","Job Simulator: The 2050 Archives","12146100","91260","30663","5","617","23","0","133.09","Job Simulator: The 2050 Archives"
"Watch Dogs","790","Watch Dogs","12124860","2214240","5297","31","16388","23","4","5.48","Watch Dogs"
"Star Fox Zero","791","Star Fox Zero","12103500","304680","9066","99","1210","22","0","39.73","Star Fox Zero"
"Pikmin 3","792","Pikmin 3","12089520","135060","10411","6","333","22","0","89.51","Pikmin 3"
"Super Monkey Ball: Banana Blitz","793","Super Monkey Ball: Banana Blitz","12073020","7800","146882","14","45","22","0","1547.82","Super Monkey Ball: Banana Blitz"
"Party Hard","794","Party Hard","12064920","588180","3676","17","3692","22","1","20.51","Party Hard"
"Lufia II: Rise of the Sinistrals","795","Lufia II: Rise of the Sinistrals","11994360","301440","4608","16","253","22","0","39.79","Lufia II: Rise of the Sinistrals"
"Dead Realm","796","Dead Realm","11987760","140880","18547","10","1032","22","0","85.09","Dead Realm"
"VVVVVV","797","VVVVVV","11928600","221880","159812","7","730","22","0","53.76","VVVVVV"
"The Simpsons: Hit & Run","798","The Simpsons: Hit & Run","11920980","255540","5204","7","542","22","0","46.65","The Simpsons: Hit & Run"
"Train Simulator 2016","799","Train Simulator 2016","11919840","709140","1924","10","1274","22","1","16.81","Train Simulator 2016"
"Dustforce","800","Dustforce","11879640","453720","116469","12","473","22","0","26.18","Dustforce"