"","","Game","Watch time","Stream time","Peak viewers","Peak channels","Streamers","Average viewers","Average channels","Average viewer ratio",""
"Granblue Fantasy","501","Granblue Fantasy","24212580","1911120","1366","30","1108","45","3","12.67","Granblue Fantasy"
"Pro Evolution Soccer 2016","502","Pro Evolution Soccer 2016","24150420","3543660","8362","34","10178","45","6","6.82","Pro Evolution Soccer 2016"
"The Legend of Zelda: Skyward Sword","503","The Legend of Zelda: Skyward Sword","24006240","696180","7114","10","814","45","1","34.48","The Legend of Zelda: Skyward Sword"
"Hyper Light Drifter","504","Hyper Light Drifter","24000600","1588140","29068","120","6409","45","3","15.11","Hyper Light Drifter"
"I Wanna Be The Boshy","505","I Wanna Be The Boshy","23984760","466860","7308","8","1189","45","0","51.37","I Wanna Be The Boshy"
"Mirror's Edge","506","Mirror's Edge","23922420","857040","186567","35","4020","45","1","27.91","Mirror's Edge"
"Super Smash Bros.","507","Super Smash Bros.","23758080","637680","39475","10","1619","45","1","37.26","Super Smash Bros."
"Kirby 64: The Crystal Shards","508","Kirby 64: The Crystal Shards","23714760","140280","158893","16","395","45","0","169.05","Kirby 64: The Crystal Shards"
"The Isle","509","The Isle","23521200","603780","23487","11","755","44","1","38.96","The Isle"
"Yu-Gi-Oh! Forbidden Memories","510","Yu-Gi-Oh! Forbidden Memories","23520900","681960","6029","20","431","44","1","34.49","Yu-Gi-Oh! Forbidden Memories"
"Abzû","511","Abzû","23475300","506760","28205","116","3752","44","0","46.32","Abzû"
"Alan Wake","512","Alan Wake","23136720","1200360","9444","17","4500","43","2","19.27","Alan Wake"
"Dragon Ball XenoVerse","513","Dragon Ball XenoVerse","23062620","7196520","10716","52","30142","43","13","3.2","Dragon Ball XenoVerse"
"Barbie Horse Adventures: Riding Camp","514","Barbie Horse Adventures: Riding Camp","23060460","27780","36956","10","179","43","0","830.11","Barbie Horse Adventures: Riding Camp"
"Castlevania","515","Castlevania","22999500","348480","126024","14","981","43","0","66","Castlevania"
"Silent Hill 3","516","Silent Hill 3","22977180","369660","93654","14","716","43","0","62.16","Silent Hill 3"
"Grand Theft Auto III","517","Grand Theft Auto III","22936920","709140","142392","22","1970","43","1","32.34","Grand Theft Auto III"
"Dragon Age: Origins","518","Dragon Age: Origins","22863960","1282380","110048","18","2707","43","2","17.83","Dragon Age: Origins"
"Naval Action","519","Naval Action","22836840","1551780","20381","44","1645","43","2","14.72","Naval Action"
"Ben and Ed","520","Ben and Ed","22670160","234420","33114","11","1276","43","0","96.71","Ben and Ed"
"Elsword","521","Elsword","22661940","2621400","1801","23","3064","43","4","8.64","Elsword"
"Dead Rising 2","522","Dead Rising 2","22570080","539100","14784","18","2004","42","1","41.87","Dead Rising 2"
"Dirty Bomb","523","Dirty Bomb","22539480","3534540","3646","34","9038","42","6","6.38","Dirty Bomb"
"Mega Man 2","524","Mega Man 2","22472280","661440","150406","121","1555","42","1","33.97","Mega Man 2"
"Sonic Adventure 2: Battle","525","Sonic Adventure 2: Battle","22391700","862020","127056","20","1606","42","1","25.98","Sonic Adventure 2: Battle"
"Just Dance 2016","526","Just Dance 2016","22344780","569640","6160","10","1599","42","1","39.23","Just Dance 2016"
"Zero Time Dilemma","527","Zero Time Dilemma","22177560","372060","17601","38","607","42","0","59.61","Zero Time Dilemma"
"SUPERFIGHT","528","SUPERFIGHT","22168080","522360","19644","29","1742","42","0","42.44","SUPERFIGHT"
"Mario Kart 64","529","Mario Kart 64","22086180","372600","186466","21","1437","41","0","59.28","Mario Kart 64"
"The Game Awards 2016","530","The Game Awards 2016","22044840","37620","154906","213","244","41","0","585.99","The Game Awards 2016"
"Parkitect","531","Parkitect","22036020","169320","32775","11","633","41","0","130.14","Parkitect"
"Point Blank","532","Point Blank","21943320","734340","7836","12","2052","41","1","29.88","Point Blank"
"Pokémon Platinum","533","Pokémon Platinum","21925680","616320","3912","10","1710","41","1","35.58","Pokémon Platinum"
"Eternal","534","Eternal","21874680","646260","10710","16","710","41","1","33.85","Eternal"
"DNC 2016","535","DNC 2016","21846420","50220","47549","24","62","41","0","435.01","DNC 2016"
"Vindictus","536","Vindictus","21808440","3261900","1174","27","2676","41","6","6.69","Vindictus"
"Persona 5","537","Persona 5","21753780","596340","8081","34","337","41","1","36.48","Persona 5"
"Life is Feudal: Your Own","538","Life is Feudal: Your Own","21698280","2107320","21117","34","2506","41","3","10.3","Life is Feudal: Your Own"
"Mafia","539","Mafia","21662220","422520","11806","14","877","41","0","51.27","Mafia"
"The Legend of Zelda: Oracle of Ages","540","The Legend of Zelda: Oracle of Ages","21595200","161640","94932","10","253","40","0","133.6","The Legend of Zelda: Oracle of Ages"
"BlazBlue: Central Fiction","541","BlazBlue: Central Fiction","21585720","471000","9720","20","2486","40","0","45.83","BlazBlue: Central Fiction"
"Dungeon Fighter Online","542","Dungeon Fighter Online","21461640","3535260","994","32","2406","40","6","6.07","Dungeon Fighter Online"
"Grand Theft Auto: Vice City","543","Grand Theft Auto: Vice City","21369360","967740","3822","11","3848","40","1","22.08","Grand Theft Auto: Vice City"
"The Crew","544","The Crew","21207960","6547020","1832","167","42194","40","12","3.24","The Crew"
"Osiris: New Dawn","545","Osiris: New Dawn","21170700","829920","23497","77","2801","40","1","25.51","Osiris: New Dawn"
"Seven Knights","546","Seven Knights","21139980","1084740","790","12","826","40","2","19.49","Seven Knights"
"BBO2 Online","547","BBO2 Online","21139860","190680","1848","6","183","40","0","110.87","BBO2 Online"
"Metroid Fusion","548","Metroid Fusion","21124920","369120","147009","22","852","40","0","57.23","Metroid Fusion"
"F1 2016","549","F1 2016","21116460","964260","35111","63","5156","40","1","21.9","F1 2016"
"Deponia Doomsday","550","Deponia Doomsday","21079320","239640","28013","36","504","40","0","87.96","Deponia Doomsday"
"Mario Party 3","551","Mario Party 3","21076860","247740","18099","12","613","39","0","85.08","Mario Party 3"
"Super Castlevania IV","552","Super Castlevania IV","21004800","437880","124665","43","795","39","0","47.97","Super Castlevania IV"
"Blackwake","553","Blackwake","20893800","69960","32110","14","217","39","0","298.65","Blackwake"
"Shovel Knight","554","Shovel Knight","20856840","1158660","158804","28","5409","39","2","18","Shovel Knight"
"Crusader Kings II","555","Crusader Kings II","20819160","995400","2827","13","1729","39","1","20.92","Crusader Kings II"
"Resident Evil HD Remaster","556","Resident Evil HD Remaster","20800560","832620","9577","35","2773","39","1","24.98","Resident Evil HD Remaster"
"Chronicle: RuneScape Legends","557","Chronicle: RuneScape Legends","20799600","708780","11813","14","1498","39","1","29.35","Chronicle: RuneScape Legends"
"The Legend of Zelda: Ocarina of Time / Master Quest","558","The Legend of Zelda: Ocarina of Time / Master Quest","20721480","93780","159514","10","232","39","0","220.96","The Legend of Zelda: Ocarina of Time / Master Quest"
"Street Fighter III: 3rd Strike","559","Street Fighter III: 3rd Strike","20613000","429900","12929","8","1003","39","0","47.95","Street Fighter III: 3rd Strike"
"Mega Man 9","560","Mega Man 9","20547660","117720","161023","22","261","38","0","174.55","Mega Man 9"
"Monster Hunter 4 Ultimate","561","Monster Hunter 4 Ultimate","20485560","970920","1851","15","505","38","1","21.1","Monster Hunter 4 Ultimate"
"Mega Man X2","562","Mega Man X2","20373300","361200","121945","10","675","38","0","56.4","Mega Man X2"
"S.T.A.L.K.E.R.: Shadow of Chernobyl","563","S.T.A.L.K.E.R.: Shadow of Chernobyl","20130420","1302120","5513","17","3109","38","2","15.46","S.T.A.L.K.E.R.: Shadow of Chernobyl"
"Rayman Legends","564","Rayman Legends","20006160","554460","166452","26","4074","37","1","36.08","Rayman Legends"
"ReCore","565","ReCore","19963260","1306680","27537","203","5581","37","2","15.28","ReCore"
"Tyranny","566","Tyranny","19868220","430020","20863","97","1008","37","0","46.2","Tyranny"
"Trash","567","Trash","19848660","97980","17485","5","326","37","0","202.58","Trash"
"Overcooked!","568","Overcooked!","19831080","180060","12085","15","1820","37","0","110.14","Overcooked!"
"Spyro the Dragon","569","Spyro the Dragon","19799880","606300","168648","22","1160","37","1","32.66","Spyro the Dragon"
"Tower Unite","570","Tower Unite","19748160","194100","34350","13","782","37","0","101.74","Tower Unite"
"Fire Emblem","571","Fire Emblem","19640760","477180","9358","33","779","37","0","41.16","Fire Emblem"
"Wizard101","572","Wizard101","19636080","2349660","13858","21","2918","37","4","8.36","Wizard101"
"Metal Gear Rising: Revengeance","573","Metal Gear Rising: Revengeance","19518180","676020","6258","11","2498","37","1","28.87","Metal Gear Rising: Revengeance"
"Darksiders II","574","Darksiders II","19432680","1150200","120528","18","4516","36","2","16.9","Darksiders II"
"Borderlands: The Handsome Collection","575","Borderlands: The Handsome Collection","19343700","7573440","6191","53","19673","36","14","2.55","Borderlands: The Handsome Collection"
"Guitar Hero Live","576","Guitar Hero Live","19342320","670140","6339","10","1220","36","1","28.86","Guitar Hero Live"
"Halo 4","577","Halo 4","19228500","264840","135671","13","422","36","0","72.6","Halo 4"
"The Legend of Zelda: A Link Between Worlds","578","The Legend of Zelda: A Link Between Worlds","19199880","154140","132010","9","199","36","0","124.56","The Legend of Zelda: A Link Between Worlds"
"Fallout 3","579","Fallout 3","19197300","2407440","150137","20","8612","36","4","7.97","Fallout 3"
"Yu-Gi-Oh! Legacy of the Duelist","580","Yu-Gi-Oh! Legacy of the Duelist","19138740","2586180","6092","25","9657","36","4","7.4","Yu-Gi-Oh! Legacy of the Duelist"
"Roulette","581","Roulette","19066680","427560","3510","14","1548","36","0","44.59","Roulette"
"Final Fantasy","582","Final Fantasy","19033080","648900","9324","14","1015","36","1","29.33","Final Fantasy"
"Slither","583","Slither","19027020","642240","31516","54","3460","36","1","29.63","Slither"
"Transformers: Devastation","584","Transformers: Devastation","18939180","753660","126800","44","4593","35","1","25.13","Transformers: Devastation"
"Grand Theft Auto IV","585","Grand Theft Auto IV","18871260","844680","8239","10","2620","35","1","22.34","Grand Theft Auto IV"
"Breaking Point","586","Breaking Point","18841140","894120","17018","13","1025","35","1","21.07","Breaking Point"
"Jak and Daxter: The Precursor Legacy","587","Jak and Daxter: The Precursor Legacy","18775740","404160","93955","8","470","35","0","46.46","Jak and Daxter: The Precursor Legacy"
"Star Wars: Knights of the Old Republic","588","Star Wars: Knights of the Old Republic","18775500","678360","103627","15","1862","35","1","27.68","Star Wars: Knights of the Old Republic"
"Owlboy","589","Owlboy","18711360","372000","24878","47","1315","35","0","50.3","Owlboy"
"Board Games Live","590","Board Games Live","18675060","153660","9324","10","325","35","0","121.53","Board Games Live"
"Nioh_","591","Nioh_","18636300","355500","12577","47","1378","35","0","52.42","Nioh_"
"DiRT Rally","592","DiRT Rally","18617100","4052880","7842","148","11345","35","7","4.59","DiRT Rally"
"The Talos Principle","593","The Talos Principle","18614340","951600","105606","16","2744","35","1","19.56","The Talos Principle"
"Minecraft: Story Mode","594","Minecraft: Story Mode","18571320","869160","11114","24","5922","35","1","21.37","Minecraft: Story Mode"
"Game Dev Tycoon","595","Game Dev Tycoon","18526860","497100","24077","9","2959","35","0","37.27","Game Dev Tycoon"
"Riders of Icarus","596","Riders of Icarus","18385800","2014620","31938","99","4379","34","3","9.13","Riders of Icarus"
"Roll20 Virtual Tabletop","597","Roll20 Virtual Tabletop","18306480","1131960","4855","24","933","34","2","16.17","Roll20 Virtual Tabletop"
"Final Fantasy Tactics","598","Final Fantasy Tactics","18285600","584040","4105","9","577","34","1","31.31","Final Fantasy Tactics"
"Kingdom Hearts HD II.5 Remix","599","Kingdom Hearts HD II.5 Remix","18260280","1142160","1793","14","1217","34","2","15.99","Kingdom Hearts HD II.5 Remix"
"Marvel Heroes Omega","600","Marvel Heroes Omega","18258300","1540140","2814","18","1341","34","2","11.85","Marvel Heroes Omega"