"","","Game","Watch time","Stream time","Peak viewers","Peak channels","Streamers","Average viewers","Average channels","Average viewer ratio",""
"Scourge: Outbreak","11901","Scourge: Outbreak","16920","3360","80","1","13","0","0","5.04","Scourge: Outbreak"
"The Pinball Arcade","11902","The Pinball Arcade","698280","138480","541","5","164","1","0","5.04","The Pinball Arcade"
"Meme Run","11903","Meme Run","182520","36240","387","3","118","0","0","5.04","Meme Run"
"Rogue","11904","Rogue","33240","6600","39","1","24","0","0","5.04","Rogue"
"Skylanders Giants","11905","Skylanders Giants","41460","8220","47","2","19","0","0","5.04","Skylanders Giants"
"Warhammer Online: Age of Reckoning","11906","Warhammer Online: Age of Reckoning","2099100","416580","147","10","373","3","0","5.04","Warhammer Online: Age of Reckoning"
"Ys V: Ushinawareta Suna no Miyako Kefin","11907","Ys V: Ushinawareta Suna no Miyako Kefin","8160","1620","17","1","4","0","0","5.04","Ys V: Ushinawareta Suna no Miyako Kefin"
"Pyramids of Ra","11908","Pyramids of Ra","8760","1740","25","1","2","0","0","5.03","Pyramids of Ra"
"Moonstone Tavern","11909","Moonstone Tavern","9060","1800","33","1","11","0","0","5.03","Moonstone Tavern"
"A Witch's Tale","11910","A Witch's Tale","10260","2040","86","1","4","0","0","5.03","A Witch's Tale"
"Secret Agent","11911","Secret Agent","9960","1980","19","1","8","0","0","5.03","Secret Agent"
"Savage","11912","Savage","9360","1860","40","2","11","0","0","5.03","Savage"
"Amulets and Armor","11913","Amulets and Armor","9660","1920","16","1","3","0","0","5.03","Amulets and Armor"
"Nobunaga no Yabou Online","11914","Nobunaga no Yabou Online","63300","12600","29","2","5","0","0","5.02","Nobunaga no Yabou Online"
"Divergence Online","11915","Divergence Online","52440","10440","290","3","24","0","0","5.02","Divergence Online"
"Icarus","11916","Icarus","18960","3780","59","1","14","0","0","5.02","Icarus"
"Kirby's Pinball Land","11917","Kirby's Pinball Land","26220","5220","39","2","26","0","0","5.02","Kirby's Pinball Land"
"Harvest Moon: Friends of Mineral Town","11918","Harvest Moon: Friends of Mineral Town","212880","42420","139","2","99","0","0","5.02","Harvest Moon: Friends of Mineral Town"
"Blockade","11919","Blockade","276960","55140","373","3","308","0","0","5.02","Blockade"
"The Secret World","11920","The Secret World","4878720","972420","810","12","1254","9","1","5.02","The Secret World"
"Blue Dragon","11921","Blue Dragon","501360","100140","165","6","165","0","0","5.01","Blue Dragon"
"The Floor Is Jelly","11922","The Floor Is Jelly","27360","5460","51","1","34","0","0","5.01","The Floor Is Jelly"
"Afro Samurai","11923","Afro Samurai","21960","4380","146","1","18","0","0","5.01","Afro Samurai"
"Exile's End","11924","Exile's End","39660","7920","83","2","24","0","0","5.01","Exile's End"
"Sega Vintage Collection: Golden Axe","11925","Sega Vintage Collection: Golden Axe","42720","8520","472","1","47","0","0","5.01","Sega Vintage Collection: Golden Axe"
"Grand Kingdom","11926","Grand Kingdom","1312440","261840","408","20","888","2","0","5.01","Grand Kingdom"
"FIFA Manager 08","11927","FIFA Manager 08","300","60","5","1","0","0","0","5","FIFA Manager 08"
"Thomas the Tank Engine 2","11928","Thomas the Tank Engine 2","1200","240","9","1","2","0","0","5","Thomas the Tank Engine 2"
"Arkanoid 4000","11929","Arkanoid 4000","600","120","8","1","1","0","0","5","Arkanoid 4000"
"Aussie Rules Footy","11930","Aussie Rules Footy","300","60","6","1","1","0","0","5","Aussie Rules Footy"
"Sheriff","11931","Sheriff","300","60","5","1","1","0","0","5","Sheriff"
"Doctor What!","11932","Doctor What!","300","60","5","1","1","0","0","5","Doctor What!"
"Zork III: The Dungeon Master","11933","Zork III: The Dungeon Master","300","60","6","1","0","0","0","5","Zork III: The Dungeon Master"
"Office Disorders","11934","Office Disorders","900","180","6","1","1","0","0","5","Office Disorders"
"Norn9: Var Commons","11935","Norn9: Var Commons","300","60","8","1","1","0","0","5","Norn9: Var Commons"
"Western Games","11936","Western Games","300","60","5","1","1","0","0","5","Western Games"
"Die Hard Trilogy 2: Viva Las Vegas","11937","Die Hard Trilogy 2: Viva Las Vegas","1800","360","15","1","5","0","0","5","Die Hard Trilogy 2: Viva Las Vegas"
"0Space","11938","0Space","600","120","5","1","1","0","0","5","0Space"
"Bleach: The Blade of Fate","11939","Bleach: The Blade of Fate","3900","780","34","1","3","0","0","5","Bleach: The Blade of Fate"
"Crisis Beat","11940","Crisis Beat","6300","1260","18","1","6","0","0","5","Crisis Beat"
"The Partners","11941","The Partners","300","60","6","1","1","0","0","5","The Partners"
"Military Aircraft","11942","Military Aircraft","300","60","5","1","1","0","0","5","Military Aircraft"
"Corridor","11943","Corridor","300","60","6","1","1","0","0","5","Corridor"
"Kokotoni Wilf","11944","Kokotoni Wilf","3300","660","20","1","2","0","0","5","Kokotoni Wilf"
"Digital Combat Simulator F-86 Sabre","11945","Digital Combat Simulator F-86 Sabre","1500","300","11","1","2","0","0","5","Digital Combat Simulator F-86 Sabre"
"Stick Soldiers","11946","Stick Soldiers","300","60","6","1","0","0","0","5","Stick Soldiers"
"Democracy 2","11947","Democracy 2","1500","300","16","1","2","0","0","5","Democracy 2"
"Hammerin' Harry: Ghost Building Company","11948","Hammerin' Harry: Ghost Building Company","6900","1380","19","1","5","0","0","5","Hammerin' Harry: Ghost Building Company"
"Spaceteam","11949","Spaceteam","1500","300","14","1","3","0","0","5","Spaceteam"
"Dogfight","11950","Dogfight","900","180","9","1","2","0","0","5","Dogfight"
"Orcs & Elves","11951","Orcs & Elves","1800","360","12","1","2","0","0","5","Orcs & Elves"
"The Blues Brothers: Jukebox Adventure","11952","The Blues Brothers: Jukebox Adventure","300","60","5","1","1","0","0","5","The Blues Brothers: Jukebox Adventure"
"Uncle Henry's Playhouse","11953","Uncle Henry's Playhouse","300","60","5","1","1","0","0","5","Uncle Henry's Playhouse"
"The Nightmare Cooperative","11954","The Nightmare Cooperative","2100","420","11","1","4","0","0","5","The Nightmare Cooperative"
"Ghostship Aftermath","11955","Ghostship Aftermath","900","180","7","1","1","0","0","5","Ghostship Aftermath"
"Dynasty Warriors 4: Xtreme Legends","11956","Dynasty Warriors 4: Xtreme Legends","3000","600","10","1","3","0","0","5","Dynasty Warriors 4: Xtreme Legends"
"dress","11957","dress","600","120","8","1","0","0","0","5","dress"
"Music Master Chopin","11958","Music Master Chopin","2700","540","19","1","3","0","0","5","Music Master Chopin"
"Zombie Attack!","11959","Zombie Attack!","3000","600","9","1","1","0","0","5","Zombie Attack!"
"Coffeetime Crosswords","11960","Coffeetime Crosswords","3300","660","13","1","0","0","0","5","Coffeetime Crosswords"
"Rally Cross 2","11961","Rally Cross 2","2100","420","9","1","2","0","0","5","Rally Cross 2"
"Railfan","11962","Railfan","600","120","16","1","1","0","0","5","Railfan"
"Captain Morgane and the Golden Turtle","11963","Captain Morgane and the Golden Turtle","1200","240","11","1","1","0","0","5","Captain Morgane and the Golden Turtle"
"Out of Sight","11964","Out of Sight","600","120","9","1","1","0","0","5","Out of Sight"
"Nanashi no Game Me","11965","Nanashi no Game Me","7500","1500","14","1","3","0","0","5","Nanashi no Game Me"
"NASCAR Thunder 2004","11966","NASCAR Thunder 2004","2700","540","30","1","5","0","0","5","NASCAR Thunder 2004"
"Strata","11967","Strata","5100","1020","37","1","7","0","0","5","Strata"
"Karaoke Revolution Presents American Idol Encore 2","11968","Karaoke Revolution Presents American Idol Encore 2","300","60","7","1","1","0","0","5","Karaoke Revolution Presents American Idol Encore 2"
"Donkey King","11969","Donkey King","300","60","8","1","0","0","0","5","Donkey King"
"Super Rub 'a' Dub","11970","Super Rub 'a' Dub","1500","300","12","1","2","0","0","5","Super Rub 'a' Dub"
"Leisure Suit Larry: Box Office Bust","11971","Leisure Suit Larry: Box Office Bust","2700","540","13","1","3","0","0","5","Leisure Suit Larry: Box Office Bust"
"High Strangeness","11972","High Strangeness","3900","780","12","1","3","0","0","5","High Strangeness"
"Stardust Suplex","11973","Stardust Suplex","300","60","5","1","0","0","0","5","Stardust Suplex"
"SoulCalibur: Lost Swords","11974","SoulCalibur: Lost Swords","300","60","5","1","0","0","0","5","SoulCalibur: Lost Swords"
"Space Griffon VF-9","11975","Space Griffon VF-9","900","180","6","1","2","0","0","5","Space Griffon VF-9"
"Payback","11976","Payback","1200","240","31","1","2","0","0","5","Payback"
"Dragon Crystal","11977","Dragon Crystal","1800","360","13","1","2","0","0","5","Dragon Crystal"
"Battlepillars","11978","Battlepillars","300","60","5","1","1","0","0","5","Battlepillars"
"Onimusha Soul","11979","Onimusha Soul","3000","600","9","1","4","0","0","5","Onimusha Soul"
"Raiden","11980","Raiden","16200","3240","35","1","17","0","0","5","Raiden"
"A Kappa's Trail","11981","A Kappa's Trail","26100","5220","103","1","23","0","0","5","A Kappa's Trail"
"Turn and Burn: No-Fly Zone","11982","Turn and Burn: No-Fly Zone","600","120","8","1","1","0","0","5","Turn and Burn: No-Fly Zone"
"Toast Time","11983","Toast Time","600","120","10","1","2","0","0","5","Toast Time"
"Cyber Tiger","11984","Cyber Tiger","300","60","6","1","1","0","0","5","Cyber Tiger"
"IHF Handball Challenge 12","11985","IHF Handball Challenge 12","600","120","5","1","0","0","0","5","IHF Handball Challenge 12"
"Dash Galaxy in the Alien Asylum","11986","Dash Galaxy in the Alien Asylum","300","60","5","1","1","0","0","5","Dash Galaxy in the Alien Asylum"
"Black & White Deluxe","11987","Black & White Deluxe","300","60","5","1","1","0","0","5","Black & White Deluxe"
"Torchlight II","11988","Torchlight II","3367560","673380","686","12","2832","6","1","5","Torchlight II"
"Spore Creature Keeper","11989","Spore Creature Keeper","6300","1260","21","1","8","0","0","5","Spore Creature Keeper"
"Kiteretsu Daihyakka: Chōjikū Sugoroku","11990","Kiteretsu Daihyakka: Chōjikū Sugoroku","300","60","5","1","0","0","0","5","Kiteretsu Daihyakka: Chōjikū Sugoroku"
"The Rapture Is Here And You Will Be Forcibly Removed From Your Home","11991","The Rapture Is Here And You Will Be Forcibly Removed From Your Home","300","60","6","1","1","0","0","5","The Rapture Is Here And You Will Be Forcibly Removed From Your Home"
"Trigonarium","11992","Trigonarium","600","120","6","1","1","0","0","5","Trigonarium"
"Machop at Work","11993","Machop at Work","900","180","16","1","2","0","0","5","Machop at Work"
"Harvest Moon: Frantic Farming","11994","Harvest Moon: Frantic Farming","600","120","5","1","0","0","0","5","Harvest Moon: Frantic Farming"
"Chuck E. Cheese's Arcade Room","11995","Chuck E. Cheese's Arcade Room","300","60","6","1","1","0","0","5","Chuck E. Cheese's Arcade Room"
"Muppet Pinball Mayhem","11996","Muppet Pinball Mayhem","900","180","9","1","2","0","0","5","Muppet Pinball Mayhem"
"Nihonkai Daikaisen","11997","Nihonkai Daikaisen","600","120","7","1","1","0","0","5","Nihonkai Daikaisen"
"Monster Force","11998","Monster Force","600","120","6","1","1","0","0","5","Monster Force"
"March of the Penguins","11999","March of the Penguins","900","180","7","1","2","0","0","5","March of the Penguins"
"Diva Starz: Mall Mania","12000","Diva Starz: Mall Mania","900","180","7","1","2","0","0","5","Diva Starz: Mall Mania"