"","","Game","Watch time","Stream time","Peak viewers","Peak channels","Streamers","Average viewers","Average channels","Average viewer ratio",""
"Tentacles","2401","Tentacles","1406640","2580","3063","1","14","2","0","545.21","Tentacles"
"Bulb Boy","2402","Bulb Boy","1406460","16740","14076","3","102","2","0","84.02","Bulb Boy"
"Halfway","2403","Halfway","1406160","13140","17548","4","31","2","0","107.01","Halfway"
"Serious Sam II","2404","Serious Sam II","1402980","123060","29191","6","602","2","0","11.4","Serious Sam II"
"Die Gilde: Gaukler, Gruften & Geschütze","2405","Die Gilde: Gaukler, Gruften & Geschütze","1401840","5820","2795","1","19","2","0","240.87","Die Gilde: Gaukler, Gruften & Geschütze"
"Puyo Puyo 2","2406","Puyo Puyo 2","1399800","62820","1564","4","65","2","0","22.28","Puyo Puyo 2"
"Sid Meier's Civilization IV","2407","Sid Meier's Civilization IV","1398960","192780","1142","60","909","2","0","7.26","Sid Meier's Civilization IV"
"Omikron: The Nomad Soul","2408","Omikron: The Nomad Soul","1398540","32280","6793","5","96","2","0","43.33","Omikron: The Nomad Soul"
"The Showdown Effect","2409","The Showdown Effect","1397340","5220","20413","2","33","2","0","267.69","The Showdown Effect"
"LSD","2410","LSD","1396680","32700","5234","3","136","2","0","42.71","LSD"
"Mario & Luigi: Partners in Time","2411","Mario & Luigi: Partners in Time","1393080","40980","1115","3","86","2","0","33.99","Mario & Luigi: Partners in Time"
"Disciples II: Rise of the Elves","2412","Disciples II: Rise of the Elves","1392780","72420","879","3","84","2","0","19.23","Disciples II: Rise of the Elves"
"The Way","2413","The Way","1392420","28980","2077","7","95","2","0","48.05","The Way"
"Heroes of Might and Magic V","2414","Heroes of Might and Magic V","1392360","302640","532","6","413","2","0","4.6","Heroes of Might and Magic V"
"Theatrhythm Final Fantasy: Curtain Call","2415","Theatrhythm Final Fantasy: Curtain Call","1390860","23220","743","2","63","2","0","59.9","Theatrhythm Final Fantasy: Curtain Call"
"TowerClimb","2416","TowerClimb","1390080","90660","525","5","106","2","0","15.33","TowerClimb"
"Hue","2417","Hue","1389540","41040","4333","5","192","2","0","33.86","Hue"
"Black Rose","2418","Black Rose","1386840","81240","3294","4","593","2","0","17.07","Black Rose"
"Onimusha: Warlords","2419","Onimusha: Warlords","1379280","65100","866","3","180","2","0","21.19","Onimusha: Warlords"
"GRAV","2420","GRAV","1378980","206940","820","6","644","2","0","6.66","GRAV"
"Serious Sam: The Second Encounter","2421","Serious Sam: The Second Encounter","1377120","68640","4453","4","265","2","0","20.06","Serious Sam: The Second Encounter"
"Happy Wars","2422","Happy Wars","1377000","453000","401","10","2282","2","0","3.04","Happy Wars"
"Command & Conquer","2423","Command & Conquer","1376820","98760","4241","4","222","2","0","13.94","Command & Conquer"
"Organ Trail: Director's Cut","2424","Organ Trail: Director's Cut","1376700","62040","2342","4","291","2","0","22.19","Organ Trail: Director's Cut"
"Bionic Commando Rearmed 2","2425","Bionic Commando Rearmed 2","1375140","8340","385","1","7","2","0","164.88","Bionic Commando Rearmed 2"
"Pajama Sam: No Need to Hide When It's Dark Outside","2426","Pajama Sam: No Need to Hide When It's Dark Outside","1373940","38580","7253","2","200","2","0","35.61","Pajama Sam: No Need to Hide When It's Dark Outside"
"Are You Smarter Than a 5th Grader? & Friends","2427","Are You Smarter Than a 5th Grader? & Friends","1372800","720","8728","2","6","2","0","1906.67","Are You Smarter Than a 5th Grader? & Friends"
"Mega Man Legends 2","2428","Mega Man Legends 2","1370820","89460","944","3","141","2","0","15.32","Mega Man Legends 2"
"Street Fighter Alpha: Warriors' Dreams","2429","Street Fighter Alpha: Warriors' Dreams","1370700","4320","6876","3","29","2","0","317.29","Street Fighter Alpha: Warriors' Dreams"
"Caesar III","2430","Caesar III","1369860","45000","544","3","76","2","0","30.44","Caesar III"
"Uncharted Waters","2431","Uncharted Waters","1368540","10740","797","1","11","2","0","127.42","Uncharted Waters"
"Mario is Missing!","2432","Mario is Missing!","1368300","15060","2814","4","49","2","0","90.86","Mario is Missing!"
"Street Fighter X Tekken","2433","Street Fighter X Tekken","1367640","62520","7147","3","202","2","0","21.88","Street Fighter X Tekken"
"Shop Heroes","2434","Shop Heroes","1367640","169440","386","7","248","2","0","8.07","Shop Heroes"
"Windjammers","2435","Windjammers","1367220","21540","6921","3","108","2","0","63.47","Windjammers"
"The Id@lmaster: Gravure for You! Vol. 8","2436","The Id@lmaster: Gravure for You! Vol. 8","1366920","5280","21139","1","13","2","0","258.89","The Id@lmaster: Gravure for You! Vol. 8"
"Rule of Rose","2437","Rule of Rose","1366560","58800","1504","3","128","2","0","23.24","Rule of Rose"
"Crayon Physics Deluxe","2438","Crayon Physics Deluxe","1366500","4020","17906","2","30","2","0","339.93","Crayon Physics Deluxe"
"Godus","2439","Godus","1365540","14760","6939","2","59","2","0","92.52","Godus"
"Anna","2440","Anna","1365120","34860","4617","4","117","2","0","39.16","Anna"
"The Impossible Quiz","2441","The Impossible Quiz","1364700","15720","5916","2","136","2","0","86.81","The Impossible Quiz"
"Bound","2442","Bound","1364460","90600","2295","22","581","2","0","15.06","Bound"
"Family Feud Decades","2443","Family Feud Decades","1362240","660","7546","2","6","2","0","2064","Family Feud Decades"
"JoJo's Bizarre Adventure","2444","JoJo's Bizarre Adventure","1357320","60180","5702","4","282","2","0","22.55","JoJo's Bizarre Adventure"
"Mega Man X7","2445","Mega Man X7","1354680","26640","7321","3","71","2","0","50.85","Mega Man X7"
"The Hunter: Primal","2446","The Hunter: Primal","1353480","101220","2535","4","275","2","0","13.37","The Hunter: Primal"
"Big Pharma","2447","Big Pharma","1352520","87060","7232","6","401","2","0","15.54","Big Pharma"
"Sneak and Snatch","2448","Sneak and Snatch","1351980","60","22533","1","0","2","0","22533","Sneak and Snatch"
"Might and Magic VII: For Blood and Honor","2449","Might and Magic VII: For Blood and Honor","1351020","46560","1593","3","67","2","0","29.02","Might and Magic VII: For Blood and Honor"
"BIT.TRIP Presents: Runner2: Future Legend of Rhythm Alien","2450","BIT.TRIP Presents: Runner2: Future Legend of Rhythm Alien","1348320","52860","1852","3","338","2","0","25.51","BIT.TRIP Presents: Runner2: Future Legend of Rhythm Alien"
"Rampart","2451","Rampart","1346280","4740","985","1","13","2","0","284.03","Rampart"
"Metal Gear Solid HD Collection","2452","Metal Gear Solid HD Collection","1345920","136860","238","4","146","2","0","9.83","Metal Gear Solid HD Collection"
"Tron: Evolution","2453","Tron: Evolution","1343760","169800","395","24","1191","2","0","7.91","Tron: Evolution"
"Crash Bandicoot: The Wrath of Cortex","2454","Crash Bandicoot: The Wrath of Cortex","1342500","111900","894","4","328","2","0","12","Crash Bandicoot: The Wrath of Cortex"
"Warcraft Adventures: Lord of the Clans","2455","Warcraft Adventures: Lord of the Clans","1342380","13680","4566","4","64","2","0","98.13","Warcraft Adventures: Lord of the Clans"
"Recettear: An Item Shop's Tale","2456","Recettear: An Item Shop's Tale","1341660","189060","1046","4","521","2","0","7.1","Recettear: An Item Shop's Tale"
"8-Bit Armies","2457","8-Bit Armies","1339020","112740","695","8","402","2","0","11.88","8-Bit Armies"
"TimeSplitters 2","2458","TimeSplitters 2","1336500","60600","5854","5","181","2","0","22.05","TimeSplitters 2"
"Gundam Breaker 3","2459","Gundam Breaker 3","1334580","283440","952","9","960","2","0","4.71","Gundam Breaker 3"
"RoboKong","2460","RoboKong","1333020","720","7728","3","5","2","0","1851.42","RoboKong"
"Shank 2","2461","Shank 2","1331820","24780","17807","5","116","2","0","53.75","Shank 2"
"Touch Dic","2462","Touch Dic","1331760","1020","2124","1","2","2","0","1305.65","Touch Dic"
"The Deadly Tower of Monsters","2463","The Deadly Tower of Monsters","1329600","226260","1086","20","1309","2","0","5.88","The Deadly Tower of Monsters"
"Mega Man X: Command Mission","2464","Mega Man X: Command Mission","1329000","48900","1936","3","84","2","0","27.18","Mega Man X: Command Mission"
"Deception IV: The Nightmare Princess","2465","Deception IV: The Nightmare Princess","1326120","51120","6934","3","185","2","0","25.94","Deception IV: The Nightmare Princess"
"The Political Machine","2466","The Political Machine","1325400","2280","11638","2","17","2","0","581.32","The Political Machine"
"HIT","2467","HIT","1324860","90600","1508","4","258","2","0","14.62","HIT"
"Mortal Kombat II","2468","Mortal Kombat II","1323900","20220","6066","3","113","2","0","65.47","Mortal Kombat II"
"Ys I & II Chronicles","2469","Ys I & II Chronicles","1321680","78480","859","3","149","2","0","16.84","Ys I & II Chronicles"
"Disgaea 2: Dark Hero Days","2470","Disgaea 2: Dark Hero Days","1321080","24960","6255","4","44","2","0","52.93","Disgaea 2: Dark Hero Days"
"Old School RuneScape","2471","Old School RuneScape","1319160","652740","3045","9","2387","2","1","2.02","Old School RuneScape"
"Mystery Fun House","2472","Mystery Fun House","1318620","74940","1000","9","95","2","0","17.6","Mystery Fun House"
"Savage Lands","2473","Savage Lands","1316940","209220","1105","10","766","2","0","6.29","Savage Lands"
"Dreadhalls","2474","Dreadhalls","1316880","19980","4629","2","99","2","0","65.91","Dreadhalls"
"Futurama","2475","Futurama","1314720","9540","9815","7","34","2","0","137.81","Futurama"
"Dead or Alive Xtreme Beach Volleyball","2476","Dead or Alive Xtreme Beach Volleyball","1314540","10860","5552","2","41","2","0","121.04","Dead or Alive Xtreme Beach Volleyball"
"WarLight","2477","WarLight","1314300","123900","135","3","82","2","0","10.61","WarLight"
"Grand Kingdom","2478","Grand Kingdom","1312440","261840","408","20","888","2","0","5.01","Grand Kingdom"
"Flyff - Fly For Fun","2479","Flyff - Fly For Fun","1310940","242940","514","6","411","2","0","5.4","Flyff - Fly For Fun"
"D","2480","D","1310580","28980","12074","2","137","2","0","45.22","D"
"Street Fighter II Turbo: Hyper Fighting","2481","Street Fighter II Turbo: Hyper Fighting","1308600","36900","8592","2","228","2","0","35.46","Street Fighter II Turbo: Hyper Fighting"
"Daytona USA","2482","Daytona USA","1308060","10140","4608","2","46","2","0","129","Daytona USA"
"Syberia","2483","Syberia","1306800","83220","2025","3","214","2","0","15.7","Syberia"
"Dragon Quest IX: Sentinels of the Starry Skies","2484","Dragon Quest IX: Sentinels of the Starry Skies","1306500","123120","528","3","106","2","0","10.61","Dragon Quest IX: Sentinels of the Starry Skies"
"Chaos Code","2485","Chaos Code","1306320","3180","6607","2","15","2","0","410.79","Chaos Code"
"Mindstone","2486","Mindstone","1302420","300","21702","2","4","2","0","4341.4","Mindstone"
"Dragon Quest Heroes","2487","Dragon Quest Heroes","1302000","222600","618","7","1723","2","0","5.85","Dragon Quest Heroes"
"Raven's Cry","2488","Raven's Cry","1300680","5340","1398","1","12","2","0","243.57","Raven's Cry"
"Tales of Destiny","2489","Tales of Destiny","1300200","31500","2541","2","52","2","0","41.28","Tales of Destiny"
"Gunstar Heroes","2490","Gunstar Heroes","1299660","52560","5655","5","276","2","0","24.73","Gunstar Heroes"
"FlatOut 2","2491","FlatOut 2","1299300","104580","2400","5","567","2","0","12.42","FlatOut 2"
"Runemaster","2492","Runemaster","1297260","10320","11795","3","8","2","0","125.7","Runemaster"
"MXGP2 - The Official Motocross Videogame","2493","MXGP2 - The Official Motocross Videogame","1296780","428940","4116","16","1810","2","0","3.02","MXGP2 - The Official Motocross Videogame"
"Red Dead Redemption 2","2494","Red Dead Redemption 2","1295640","2520","32008","16","28","2","0","514.14","Red Dead Redemption 2"
"Lara Croft Tomb Raider: Legend","2495","Lara Croft Tomb Raider: Legend","1295400","93240","2415","4","247","2","0","13.89","Lara Croft Tomb Raider: Legend"
"Spider-Man & Venom: Maximum Carnage","2496","Spider-Man & Venom: Maximum Carnage","1295280","12540","6071","2","78","2","0","103.29","Spider-Man & Venom: Maximum Carnage"
"Star Wars: Rogue Squadron II: Rogue Leader","2497","Star Wars: Rogue Squadron II: Rogue Leader","1294860","17220","4194","2","75","2","0","75.2","Star Wars: Rogue Squadron II: Rogue Leader"
"Gambling Lord","2498","Gambling Lord","1294320","5820","16735","10","33","2","0","222.39","Gambling Lord"
"Final Exam","2499","Final Exam","1292160","62520","822","4","244","2","0","20.67","Final Exam"
"Boom Beach","2500","Boom Beach","1291560","124080","569","4","391","2","0","10.41","Boom Beach"