"","","Game","Watch time","Stream time","Peak viewers","Peak channels","Streamers","Average viewers","Average channels","Average viewer ratio",""
"Ape Escape","801","Ape Escape","11862900","151920","138243","8","282","22","0","78.09","Ape Escape"
"SpyParty","802","SpyParty","11820600","68580","36649","4","104","22","0","172.36","SpyParty"
"Valkyria Chronicles","803","Valkyria Chronicles","11818320","1231260","4397","38","3353","22","2","9.6","Valkyria Chronicles"
"Naruto Shippuden: Ultimate Ninja Storm 3 Full Burst","804","Naruto Shippuden: Ultimate Ninja Storm 3 Full Burst","11815380","211500","24391","12","794","22","0","55.86","Naruto Shippuden: Ultimate Ninja Storm 3 Full Burst"
"Mark of the Ninja","805","Mark of the Ninja","11810160","212700","114059","8","854","22","0","55.52","Mark of the Ninja"
"Blast Corps","806","Blast Corps","11805720","22440","96318","18","63","22","0","526.1","Blast Corps"
"Crash Bandicoot: Warped","807","Crash Bandicoot: Warped","11802420","467820","4197","7","1337","22","0","25.23","Crash Bandicoot: Warped"
"Banished","808","Banished","11798880","928380","6231","16","3232","22","1","12.71","Banished"
"Deceit","809","Deceit","11794320","81180","28060","23","302","22","0","145.29","Deceit"
"Freestyle Street Basketball 2","810","Freestyle Street Basketball 2","11793720","1071360","22429","11","1098","22","2","11.01","Freestyle Street Basketball 2"
"Castlevania: Aria of Sorrow","811","Castlevania: Aria of Sorrow","11788620","215220","109670","9","499","22","0","54.77","Castlevania: Aria of Sorrow"
"Destiny Child","812","Destiny Child","11758020","216060","3388","11","196","22","0","54.42","Destiny Child"
"I Am Setsuna","813","I Am Setsuna","11733960","622740","12510","104","2726","22","1","18.84","I Am Setsuna"
"Goat Simulator","814","Goat Simulator","11680320","1485480","18481","154","16055","22","2","7.86","Goat Simulator"
"Fate/Extella","815","Fate/Extella","11626500","280140","6117","47","664","22","0","41.5","Fate/Extella"
"Mario Kart Wii","816","Mario Kart Wii","11578680","1141200","1755","17","1095","21","2","10.15","Mario Kart Wii"
"WildStar","817","WildStar","11576340","1985880","13148","31","2962","21","3","5.83","WildStar"
"Horror Stories","818","Horror Stories","11557560","67260","29507","7","338","21","0","171.83","Horror Stories"
"DreadOut","819","DreadOut","11555340","284760","30997","10","1243","21","0","40.58","DreadOut"
"X-COM: UFO Defense","820","X-COM: UFO Defense","11536500","201240","3366","5","224","21","0","57.33","X-COM: UFO Defense"
"BioShock 2","821","BioShock 2","11508240","663840","8966","10","2481","21","1","17.34","BioShock 2"
"Rebel Galaxy","822","Rebel Galaxy","11482080","1392180","11086","53","4856","21","2","8.25","Rebel Galaxy"
"Sonic Advance","823","Sonic Advance","11459580","32820","110213","19","169","21","0","349.16","Sonic Advance"
"Ninja Gaiden III: The Ancient Ship of Doom","824","Ninja Gaiden III: The Ancient Ship of Doom","11401980","42360","133273","16","104","21","0","269.17","Ninja Gaiden III: The Ancient Ship of Doom"
"Star Wars: Jedi Knight II - Jedi Outcast","825","Star Wars: Jedi Knight II - Jedi Outcast","11401860","156000","15523","7","406","21","0","73.09","Star Wars: Jedi Knight II - Jedi Outcast"
"Super Mario 64 DS","826","Super Mario 64 DS","11386140","71340","115289","10","186","21","0","159.6","Super Mario 64 DS"
"Tom Clancy's Splinter Cell: Blacklist","827","Tom Clancy's Splinter Cell: Blacklist","11381160","393240","89234","10","1608","21","0","28.94","Tom Clancy's Splinter Cell: Blacklist"
"New Super Mario Bros.","828","New Super Mario Bros.","11351760","66840","117935","7","253","21","0","169.83","New Super Mario Bros."
"Defunct","829","Defunct","11339880","50040","110121","7","61","21","0","226.62","Defunct"
"Slaves to Armok II: Dwarf Fortress","830","Slaves to Armok II: Dwarf Fortress","11336880","639900","2239","8","700","21","1","17.72","Slaves to Armok II: Dwarf Fortress"
"Ghostbusters","831","Ghostbusters","11304840","94320","75182","11","466","21","0","119.86","Ghostbusters"
"Fate/Grand Order","832","Fate/Grand Order","11290560","356160","5806","23","396","21","0","31.7","Fate/Grand Order"
"Plants vs. Zombies: Heroes","833","Plants vs. Zombies: Heroes","11262480","131400","8088","7","184","21","0","85.71","Plants vs. Zombies: Heroes"
"Hexen","834","Hexen","11259360","59160","104627","5","124","21","0","190.32","Hexen"
"The Lord of the Rings Online","835","The Lord of the Rings Online","11251920","1166700","2700","12","1025","21","2","9.64","The Lord of the Rings Online"
"Chowderchu","836","Chowderchu","11242680","7140","15249","9","41","21","0","1574.61","Chowderchu"
"Tokyo Mirage Sessions ♯FE","837","Tokyo Mirage Sessions ♯FE","11237100","618900","7159","53","811","21","1","18.16","Tokyo Mirage Sessions ♯FE"
"Mario Party","838","Mario Party","11234760","212220","5523","5","555","21","0","52.94","Mario Party"
"Breakaway","839","Breakaway","11189160","196080","8079","181","779","21","0","57.06","Breakaway"
"imscared","840","imscared","11178240","50700","32031","6","304","21","0","220.48","imscared"
"The Jackbox Party Pack","841","The Jackbox Party Pack","11165520","1087500","6090","36","6366","21","2","10.27","The Jackbox Party Pack"
"Assetto Corsa","842","Assetto Corsa","11095500","2232660","2923","71","5318","21","4","4.97","Assetto Corsa"
"Call of Duty: World at War","843","Call of Duty: World at War","11083740","2139600","5212","36","9484","21","4","5.18","Call of Duty: World at War"
"Goof Troop","844","Goof Troop","11064300","80520","177298","14","211","20","0","137.41","Goof Troop"
"Eden Star","845","Eden Star","11058300","55260","25352","7","199","20","0","200.11","Eden Star"
"Skate 3","846","Skate 3","11011860","894000","30975","55","5374","20","1","12.32","Skate 3"
"Pokémon Ruby/Sapphire","847","Pokémon Ruby/Sapphire","10988160","478080","4427","8","1364","20","0","22.98","Pokémon Ruby/Sapphire"
"Contradiction: Spot The Liar!","848","Contradiction: Spot The Liar!","10975860","60180","9281","4","165","20","0","182.38","Contradiction: Spot The Liar!"
"Clicker Heroes","849","Clicker Heroes","10971060","2497800","735","16","2075","20","4","4.39","Clicker Heroes"
"The Legend of Dragoon","850","The Legend of Dragoon","10932960","503940","5960","8","527","20","0","21.69","The Legend of Dragoon"
"The Room Two","851","The Room Two","10913880","106860","23093","11","541","20","0","102.13","The Room Two"
"LEGO Star Wars: The Force Awakens","852","LEGO Star Wars: The Force Awakens","10909860","381480","29338","59","2757","20","0","28.6","LEGO Star Wars: The Force Awakens"
"Crea","853","Crea","10909500","115740","11489","16","345","20","0","94.26","Crea"
"Adr1ft","854","Adr1ft","10870440","181800","29719","32","1010","20","0","59.79","Adr1ft"
"Crash Bandicoot 2: Cortex Strikes Back","855","Crash Bandicoot 2: Cortex Strikes Back","10853340","500280","4114","9","1203","20","0","21.69","Crash Bandicoot 2: Cortex Strikes Back"
"Castlevania: Dawn of Sorrow","856","Castlevania: Dawn of Sorrow","10847220","61260","117790","8","114","20","0","177.07","Castlevania: Dawn of Sorrow"
"Evoland 2: A Slight Case of Spacetime Continuum Disorder","857","Evoland 2: A Slight Case of Spacetime Continuum Disorder","10830900","278160","8487","6","634","20","0","38.94","Evoland 2: A Slight Case of Spacetime Continuum Disorder"
"Silent Hill 4: The Room","858","Silent Hill 4: The Room","10820340","230940","13011","8","390","20","0","46.85","Silent Hill 4: The Room"
"Dungeon Defenders II","859","Dungeon Defenders II","10816020","1499940","29509","20","4191","20","2","7.21","Dungeon Defenders II"
"Deus Ex: Human Revolution","860","Deus Ex: Human Revolution","10814280","934500","32188","17","3509","20","1","11.57","Deus Ex: Human Revolution"
"Iji","861","Iji","10804680","9960","91449","16","52","20","0","1084.81","Iji"
"Ghost in the Shell: Stand Alone Complex – First Assault Online","862","Ghost in the Shell: Stand Alone Complex – First Assault Online","10738080","1731900","14440","32","5472","20","3","6.2","Ghost in the Shell: Stand Alone Complex – First Assault Online"
"Deus Ex: Invisible War","863","Deus Ex: Invisible War","10729380","42780","8659","3","102","20","0","250.8","Deus Ex: Invisible War"
"Axiom Verge","864","Axiom Verge","10626120","473160","88460","13","1677","20","0","22.46","Axiom Verge"
"Castlevania III: Dracula's Curse","865","Castlevania III: Dracula's Curse","10617660","114960","129333","16","303","20","0","92.36","Castlevania III: Dracula's Curse"
"Divinity: Original Sin II","866","Divinity: Original Sin II","10596540","201900","8374","29","754","20","0","52.48","Divinity: Original Sin II"
"Mega Man III","867","Mega Man III","10529220","227640","125547","11","398","19","0","46.25","Mega Man III"
"Armello","868","Armello","10460100","459300","8355","10","1533","19","0","22.77","Armello"
"Brain Age: Train Your Brain in Minutes a Day!","869","Brain Age: Train Your Brain in Minutes a Day!","10459620","3180","207721","14","31","19","0","3289.19","Brain Age: Train Your Brain in Minutes a Day!"
"Castle Crashers","870","Castle Crashers","10446420","1047720","8448","18","6999","19","1","9.97","Castle Crashers"
"Entropia Universe","871","Entropia Universe","10442940","1609860","144","23","704","19","3","6.49","Entropia Universe"
"Lagoon","872","Lagoon","10440660","13740","82380","11","49","19","0","759.87","Lagoon"
"Surgeon Simulator 2013","873","Surgeon Simulator 2013","10404780","263640","32145","12","3681","19","0","39.47","Surgeon Simulator 2013"
"The Park","874","The Park","10387380","434880","12687","26","3821","19","0","23.89","The Park"
"Ratchet & Clank: Up Your Arsenal","875","Ratchet & Clank: Up Your Arsenal","10350600","170580","138904","17","210","19","0","60.68","Ratchet & Clank: Up Your Arsenal"
"Blaster Master","876","Blaster Master","10341540","126960","135441","25","165","19","0","81.46","Blaster Master"
"Ludum Dare","877","Ludum Dare","10337940","543060","5061","121","607","19","1","19.04","Ludum Dare"
"Rhythm Tengoku: The Best Plus","878","Rhythm Tengoku: The Best Plus","10278420","24600","12617","5","44","19","0","417.82","Rhythm Tengoku: The Best Plus"
"Fractured Space","879","Fractured Space","10244940","1183020","4339","30","2799","19","2","8.66","Fractured Space"
"Momodora: Reverie Under the Moonlight","880","Momodora: Reverie Under the Moonlight","10167120","434160","104552","14","1624","19","0","23.42","Momodora: Reverie Under the Moonlight"
"Open Transport Tycoon Deluxe","881","Open Transport Tycoon Deluxe","10118280","296100","33740","7","337","19","0","34.17","Open Transport Tycoon Deluxe"
"Ice Lakes","882","Ice Lakes","10088100","56460","3796","5","169","19","0","178.68","Ice Lakes"
"Call of Duty 2","883","Call of Duty 2","10046340","556500","27923","13","1502","19","1","18.05","Call of Duty 2"
"King's Quest","884","King's Quest","10012740","536940","6839","13","2001","19","1","18.65","King's Quest"
"Bastion","885","Bastion","10002060","499080","111969","8","2461","18","0","20.04","Bastion"
"King's Field: The Ancient City","886","King's Field: The Ancient City","9980760","24780","4943","2","40","18","0","402.77","King's Field: The Ancient City"
"Dikembe Mutombo's 4 1/2 Weeks to Save the World","887","Dikembe Mutombo's 4 1/2 Weeks to Save the World","9969900","35700","1788","2","28","18","0","279.27","Dikembe Mutombo's 4 1/2 Weeks to Save the World"
"Sonic Lost World","888","Sonic Lost World","9968580","119280","113068","19","507","18","0","83.57","Sonic Lost World"
"Fishing Planet","889","Fishing Planet","9956520","1300740","5317","16","2143","18","2","7.65","Fishing Planet"
"Mario Party 4","890","Mario Party 4","9956340","156540","8396","6","590","18","0","63.6","Mario Party 4"
"FINAL FANTASY XIV Online","891","FINAL FANTASY XIV Online","9952380","2689620","4028","26","5464","18","5","3.7","FINAL FANTASY XIV Online"
"Super Mario Kart","892","Super Mario Kart","9940920","120120","156148","10","598","18","0","82.76","Super Mario Kart"
"Robot Roller-Derby Disco Dodgeball","893","Robot Roller-Derby Disco Dodgeball","9916380","111120","20655","7","769","18","0","89.24","Robot Roller-Derby Disco Dodgeball"
"Ingress","894","Ingress","9910800","26940","1201","2","31","18","0","367.88","Ingress"
"The Beast Within: A Gabriel Knight Mystery","895","The Beast Within: A Gabriel Knight Mystery","9907740","34860","12387","3","48","18","0","284.22","The Beast Within: A Gabriel Knight Mystery"
"Odin Sphere Leifthrasir","896","Odin Sphere Leifthrasir","9907020","1770780","6833","76","4304","18","3","5.59","Odin Sphere Leifthrasir"
"Far Cry 3","897","Far Cry 3","9891240","856980","2909","12","3584","18","1","11.54","Far Cry 3"
"Harry Potter and the Chamber of Secrets","898","Harry Potter and the Chamber of Secrets","9890460","256380","99870","10","452","18","0","38.58","Harry Potter and the Chamber of Secrets"
"Insurgency","899","Insurgency","9869340","1948860","22994","24","10029","18","3","5.06","Insurgency"
"Hyrule Warriors","900","Hyrule Warriors","9858480","412320","5621","10","986","18","0","23.91","Hyrule Warriors"