"","","Game","Watch time","Stream time","Peak viewers","Peak channels","Streamers","Average viewers","Average channels","Average viewer ratio",""
"Atelier Iris: Eternal Mana","13301","Atelier Iris: Eternal Mana","54660","13620","32","2","26","0","0","4.01","Atelier Iris: Eternal Mana"
"Dragonica","13302","Dragonica","114960","28680","101","2","94","0","0","4.01","Dragonica"
"Weird Park: Scary Tales","13303","Weird Park: Scary Tales","3360","840","13","1","4","0","0","4","Weird Park: Scary Tales"
"Super Undercover Slime Agent","13304","Super Undercover Slime Agent","960","240","6","1","1","0","0","4","Super Undercover Slime Agent"
"Code name Hell Squad","13305","Code name Hell Squad","240","60","4","1","1","0","0","4","Code name Hell Squad"
"Bible Trivia","13306","Bible Trivia","480","120","6","1","1","0","0","4","Bible Trivia"
"SWIV 3D","13307","SWIV 3D","480","120","5","1","1","0","0","4","SWIV 3D"
"Xenon 2: Megablast","13308","Xenon 2: Megablast","2160","540","15","1","2","0","0","4","Xenon 2: Megablast"
"Food Force","13309","Food Force","7920","1980","37","1","17","0","0","4","Food Force"
"Android Assault: The Revenge of Bari-Arm","13310","Android Assault: The Revenge of Bari-Arm","240","60","5","1","1","0","0","4","Android Assault: The Revenge of Bari-Arm"
"Pool Pro Online 3","13311","Pool Pro Online 3","240","60","5","1","1","0","0","4","Pool Pro Online 3"
"BC Kings","13312","BC Kings","480","120","10","1","0","0","0","4","BC Kings"
"Pokémon Battrio","13313","Pokémon Battrio","2400","600","16","1","3","0","0","4","Pokémon Battrio"
"Flatspace II","13314","Flatspace II","240","60","4","1","0","0","0","4","Flatspace II"
"Carmen Sandiego: The Secret of the Stolen Drums","13315","Carmen Sandiego: The Secret of the Stolen Drums","240","60","5","1","0","0","0","4","Carmen Sandiego: The Secret of the Stolen Drums"
"Fishing Resort","13316","Fishing Resort","1200","300","14","1","2","0","0","4","Fishing Resort"
"MX Unleashed","13317","MX Unleashed","5280","1320","10","1","4","0","0","4","MX Unleashed"
"Alleyway","13318","Alleyway","480","120","5","1","1","0","0","4","Alleyway"
"Katekyoo Hitman Reborn! Battle Arena 2 - Spirits Burst","13319","Katekyoo Hitman Reborn! Battle Arena 2 - Spirits Burst","480","120","7","1","1","0","0","4","Katekyoo Hitman Reborn! Battle Arena 2 - Spirits Burst"
"It Came from the Desert","13320","It Came from the Desert","240","60","9","1","1","0","0","4","It Came from the Desert"
"Captain Tsubasa Vol. II: Super Striker","13321","Captain Tsubasa Vol. II: Super Striker","15840","3960","97","1","14","0","0","4","Captain Tsubasa Vol. II: Super Striker"
"Need for Speed Nitro","13322","Need for Speed Nitro","4320","1080","34","1","8","0","0","4","Need for Speed Nitro"
"Jelly Car","13323","Jelly Car","720","180","7","1","1","0","0","4","Jelly Car"
"Sacred Underworld","13324","Sacred Underworld","175860","43980","89","3","67","0","0","4","Sacred Underworld"
"BattleBots: Design & Destroy","13325","BattleBots: Design & Destroy","240","60","5","1","1","0","0","4","BattleBots: Design & Destroy"
"NFL Quarterback Club","13326","NFL Quarterback Club","240","60","4","1","1","0","0","4","NFL Quarterback Club"
"Cotton","13327","Cotton","2160","540","30","1","4","0","0","4","Cotton"
"Star Trek: Deep Space Nine - Crossroads of Time","13328","Star Trek: Deep Space Nine - Crossroads of Time","2880","720","13","1","7","0","0","4","Star Trek: Deep Space Nine - Crossroads of Time"
"Gnomoria","13329","Gnomoria","322860","80640","164","5","206","0","0","4","Gnomoria"
"Rygar: The Battle of Argus","13330","Rygar: The Battle of Argus","240","60","5","1","1","0","0","4","Rygar: The Battle of Argus"
"Saturday Morning RPG","13331","Saturday Morning RPG","180600","45120","342","6","191","0","0","4","Saturday Morning RPG"
"Music on: Electric Guitar","13332","Music on: Electric Guitar","68640","17160","389","2","62","0","0","4","Music on: Electric Guitar"
"Air Brawl","13333","Air Brawl","49260","12300","97","3","105","0","0","4","Air Brawl"
"Lucha Libre AAA Heroes del Ring","13334","Lucha Libre AAA Heroes del Ring","2880","720","12","1","6","0","0","4","Lucha Libre AAA Heroes del Ring"
"AeroGauge","13335","AeroGauge","1680","420","7","1","4","0","0","4","AeroGauge"
"Ben 10","13336","Ben 10","1680","420","7","1","3","0","0","4","Ben 10"
"StarCraft: Retribution","13337","StarCraft: Retribution","480","120","7","1","2","0","0","4","StarCraft: Retribution"
"Raze's Hell","13338","Raze's Hell","480","120","4","1","1","0","0","4","Raze's Hell"
"No Escape!","13339","No Escape!","480","120","5","1","0","0","0","4","No Escape!"
"Mondrian - Abstraction in Beauty","13340","Mondrian - Abstraction in Beauty","240","60","6","1","1","0","0","4","Mondrian - Abstraction in Beauty"
"Rurouni Kenshin: Kansei","13341","Rurouni Kenshin: Kansei","720","180","6","1","1","0","0","4","Rurouni Kenshin: Kansei"
"John Madden Football '92","13342","John Madden Football '92","960","240","6","1","2","0","0","4","John Madden Football '92"
"Apple Jack","13343","Apple Jack","720","180","8","1","1","0","0","4","Apple Jack"
"SingStar Popworld","13344","SingStar Popworld","240","60","4","1","0","0","0","4","SingStar Popworld"
"Glass Rose","13345","Glass Rose","1680","420","5","1","2","0","0","4","Glass Rose"
"Finding Nemo: Nemo's Ocean Discoveries","13346","Finding Nemo: Nemo's Ocean Discoveries","720","180","7","1","1","0","0","4","Finding Nemo: Nemo's Ocean Discoveries"
"Palette","13347","Palette","240","60","4","1","1","0","0","4","Palette"
"Jason's Gem","13348","Jason's Gem","240","60","4","1","1","0","0","4","Jason's Gem"
"NASCAR 2001","13349","NASCAR 2001","240","60","4","1","0","0","0","4","NASCAR 2001"
"ProjectNimbus","13350","ProjectNimbus","6240","1560","17","2","10","0","0","4","ProjectNimbus"
"Gheldia","13351","Gheldia","240","60","6","1","0","0","0","4","Gheldia"
"Hooters Road Trip","13352","Hooters Road Trip","480","120","6","1","1","0","0","4","Hooters Road Trip"
"Lost Eden","13353","Lost Eden","1440","360","9","1","2","0","0","4","Lost Eden"
"Super Stardust Delta","13354","Super Stardust Delta","720","180","8","1","1","0","0","4","Super Stardust Delta"
"Super Play Action Football","13355","Super Play Action Football","1200","300","6","1","2","0","0","4","Super Play Action Football"
"Dungeons: The Dark Lord","13356","Dungeons: The Dark Lord","1440","360","8","1","3","0","0","4","Dungeons: The Dark Lord"
"Dream Probe","13357","Dream Probe","3600","900","31","1","4","0","0","4","Dream Probe"
"Dalmatians 3","13358","Dalmatians 3","240","60","5","1","1","0","0","4","Dalmatians 3"
"iCarly","13359","iCarly","240","60","4","1","0","0","0","4","iCarly"
"Romance of the Three Kingdoms IV: Wall of Fire","13360","Romance of the Three Kingdoms IV: Wall of Fire","1200","300","14","1","2","0","0","4","Romance of the Three Kingdoms IV: Wall of Fire"
"Hunting Unlimited 2","13361","Hunting Unlimited 2","480","120","5","1","1","0","0","4","Hunting Unlimited 2"
"Chessmaster: The Art of Learning","13362","Chessmaster: The Art of Learning","240","60","7","1","1","0","0","4","Chessmaster: The Art of Learning"
"Iron Helix","13363","Iron Helix","2160","540","12","1","3","0","0","4","Iron Helix"
"Dark Gates","13364","Dark Gates","240","60","4","1","0","0","0","4","Dark Gates"
"Outlaw Golf: 9 More Holes of X-Mas","13365","Outlaw Golf: 9 More Holes of X-Mas","480","120","6","1","1","0","0","4","Outlaw Golf: 9 More Holes of X-Mas"
"Diabolik Lovers","13366","Diabolik Lovers","7440","1860","9","1","5","0","0","4","Diabolik Lovers"
"Blob From Space","13367","Blob From Space","240","60","4","1","1","0","0","4","Blob From Space"
"Warrior Dragon","13368","Warrior Dragon","720","180","6","1","1","0","0","4","Warrior Dragon"
"Tenchi Muyou! Rensa Hitsuyou","13369","Tenchi Muyou! Rensa Hitsuyou","240","60","6","1","1","0","0","4","Tenchi Muyou! Rensa Hitsuyou"
"Meltdown Moon","13370","Meltdown Moon","480","120","10","1","1","0","0","4","Meltdown Moon"
"The Game Maker","13371","The Game Maker","480","120","8","1","1","0","0","4","The Game Maker"
"Bit Planets","13372","Bit Planets","240","60","6","1","1","0","0","4","Bit Planets"
"Attack on Pearl Harbor","13373","Attack on Pearl Harbor","240","60","4","1","0","0","0","4","Attack on Pearl Harbor"
"The Rumble Fish","13374","The Rumble Fish","1920","480","9","1","3","0","0","4","The Rumble Fish"
"Final Fantasy Legends: Toki no Suisho","13375","Final Fantasy Legends: Toki no Suisho","960","240","6","1","1","0","0","4","Final Fantasy Legends: Toki no Suisho"
"Guilty Bastards","13376","Guilty Bastards","960","240","8","1","1","0","0","4","Guilty Bastards"
"Zhadnost: The People's Party","13377","Zhadnost: The People's Party","480","120","4","1","1","0","0","4","Zhadnost: The People's Party"
"Woody Pop","13378","Woody Pop","720","180","8","1","2","0","0","4","Woody Pop"
"Avatar Boogie","13379","Avatar Boogie","240","60","4","1","1","0","0","4","Avatar Boogie"
"Chicken Invaders: Revenge of the Yolk Christmas Edition","13380","Chicken Invaders: Revenge of the Yolk Christmas Edition","240","60","5","1","1","0","0","4","Chicken Invaders: Revenge of the Yolk Christmas Edition"
"Armored Core: Master of Arena","13381","Armored Core: Master of Arena","7200","1800","11","1","7","0","0","4","Armored Core: Master of Arena"
"Mystery P.I.: Stolen in San Francisco","13382","Mystery P.I.: Stolen in San Francisco","720","180","5","1","1","0","0","4","Mystery P.I.: Stolen in San Francisco"
"Chess 2: The Sequel","13383","Chess 2: The Sequel","960","240","7","1","1","0","0","4","Chess 2: The Sequel"
"Shakugan no Shana","13384","Shakugan no Shana","240","60","4","1","0","0","0","4","Shakugan no Shana"
"Splashdown: Rides Gone Wild","13385","Splashdown: Rides Gone Wild","960","240","9","1","2","0","0","4","Splashdown: Rides Gone Wild"
"Where in the World is Carmen Sandiego? Deluxe Edition","13386","Where in the World is Carmen Sandiego? Deluxe Edition","8640","2160","29","1","12","0","0","4","Where in the World is Carmen Sandiego? Deluxe Edition"
"Lost in Time","13387","Lost in Time","480","120","4","1","1","0","0","4","Lost in Time"
"Monster Madness: Battle for Suburbia","13388","Monster Madness: Battle for Suburbia","3840","960","22","1","6","0","0","4","Monster Madness: Battle for Suburbia"
"Super Volleyball","13389","Super Volleyball","240","60","4","1","1","0","0","4","Super Volleyball"
"Sometimes Always Monsters","13390","Sometimes Always Monsters","10320","2580","74","1","10","0","0","4","Sometimes Always Monsters"
"School of Ragnarok","13391","School of Ragnarok","2400","600","13","1","1","0","0","4","School of Ragnarok"
"Pro Rugby Manager","13392","Pro Rugby Manager","480","120","8","1","2","0","0","4","Pro Rugby Manager"
"Power Stone Collection","13393","Power Stone Collection","12480","3120","109","1","12","0","0","4","Power Stone Collection"
"Destiny Architect","13394","Destiny Architect","2640","660","29","1","3","0","0","4","Destiny Architect"
"Black Knight Sword","13395","Black Knight Sword","720","180","5","1","1","0","0","4","Black Knight Sword"
"Twisted: The Game Show","13396","Twisted: The Game Show","240","60","4","1","1","0","0","4","Twisted: The Game Show"
"3D Ultra Minigolf Adventures","13397","3D Ultra Minigolf Adventures","3840","960","12","1","9","0","0","4","3D Ultra Minigolf Adventures"
"Hugo Bukkazoom!","13398","Hugo Bukkazoom!","240","60","5","1","0","0","0","4","Hugo Bukkazoom!"
"Petz: Catz 2","13399","Petz: Catz 2","2640","660","20","1","3","0","0","4","Petz: Catz 2"
"Beavis and Butt-head: Bunghole in One","13400","Beavis and Butt-head: Bunghole in One","480","120","4","1","1","0","0","4","Beavis and Butt-head: Bunghole in One"