"","","Game","Watch time","Stream time","Peak viewers","Peak channels","Streamers","Average viewers","Average channels","Average viewer ratio",""
"F-Zero GX","2201","F-Zero GX","1713180","104940","4989","5","304","3","0","16.33","F-Zero GX"
"Shantae: Risky's Revenge","2202","Shantae: Risky's Revenge","1712520","126480","5711","5","385","3","0","13.54","Shantae: Risky's Revenge"
"Street Fighter Alpha 3","2203","Street Fighter Alpha 3","1708200","43500","6510","3","191","3","0","39.27","Street Fighter Alpha 3"
"Audiosurf","2204","Audiosurf","1707780","203340","15616","5","1044","3","0","8.4","Audiosurf"
"The Metronomicon","2205","The Metronomicon","1707120","61680","1936","10","181","3","0","27.68","The Metronomicon"
"Xianjian Qixia Zhuan","2206","Xianjian Qixia Zhuan","1705260","29880","441","2","15","3","0","57.07","Xianjian Qixia Zhuan"
"Animal Crossing: Amiibo Festival","2207","Animal Crossing: Amiibo Festival","1704180","41760","608","3","139","3","0","40.81","Animal Crossing: Amiibo Festival"
"Mega Man Battle Network 6","2208","Mega Man Battle Network 6","1704060","72420","5242","6","115","3","0","23.53","Mega Man Battle Network 6"
"Lone Survivor","2209","Lone Survivor","1703220","59280","7207","4","288","3","0","28.73","Lone Survivor"
"Counter-Strike Nexon: Zombies","2210","Counter-Strike Nexon: Zombies","1700880","123540","4496","3","552","3","0","13.77","Counter-Strike Nexon: Zombies"
"Putt-Putt Saves the Zoo","2211","Putt-Putt Saves the Zoo","1692960","26640","9944","3","138","3","0","63.55","Putt-Putt Saves the Zoo"
"Sorcery! 4 - The Crown of Kings","2212","Sorcery! 4 - The Crown of Kings","1692120","1260","1710","1","2","3","0","1342.95","Sorcery! 4 - The Crown of Kings"
"Nevermind","2213","Nevermind","1691520","28920","2949","3","138","3","0","58.49","Nevermind"
"Burnout Paradise","2214","Burnout Paradise","1690860","305340","2238","28","2194","3","0","5.54","Burnout Paradise"
"The Sims 3 Seasons","2215","The Sims 3 Seasons","1690620","10020","9232","2","34","3","0","168.72","The Sims 3 Seasons"
"Croc: Legend of the Gobbos","2216","Croc: Legend of the Gobbos","1689900","68100","7717","6","179","3","0","24.81","Croc: Legend of the Gobbos"
"Shenmue II","2217","Shenmue II","1689420","96180","502","3","107","3","0","17.57","Shenmue II"
"Out Of Reach","2218","Out Of Reach","1686540","98340","5806","6","323","3","0","17.15","Out Of Reach"
"Global Game Jam","2219","Global Game Jam","1686000","282120","1275","118","205","3","0","5.98","Global Game Jam"
"Zero Gear","2220","Zero Gear","1685100","8280","10148","2","42","3","0","203.51","Zero Gear"
"Valkyrie Profile","2221","Valkyrie Profile","1681200","92640","2192","3","117","3","0","18.15","Valkyrie Profile"
"Silent Hill HD Collection","2222","Silent Hill HD Collection","1680180","38400","953","2","79","3","0","43.75","Silent Hill HD Collection"
"Mother 1+2","2223","Mother 1+2","1678680","114840","560","20","174","3","0","14.62","Mother 1+2"
"Pool of Radiance","2224","Pool of Radiance","1677480","13380","1107","2","18","3","0","125.37","Pool of Radiance"
"Sam & Max Hit the Road","2225","Sam & Max Hit the Road","1674600","33360","2224","2","83","3","0","50.2","Sam & Max Hit the Road"
"Star Wars: Battlefront II","2226","Star Wars: Battlefront II","1674420","197040","2330","10","1187","3","0","8.5","Star Wars: Battlefront II"
"Shadowrun Returns","2227","Shadowrun Returns","1671900","118080","13536","5","334","3","0","14.16","Shadowrun Returns"
"Edna & Harvey: The Breakout","2228","Edna & Harvey: The Breakout","1666440","102600","1896","3","178","3","0","16.24","Edna & Harvey: The Breakout"
"Heroes of Might and Magic III: The Restoration of Erathia","2229","Heroes of Might and Magic III: The Restoration of Erathia","1663800","114120","2001","5","340","3","0","14.58","Heroes of Might and Magic III: The Restoration of Erathia"
"Kirby's Dream Land","2230","Kirby's Dream Land","1660620","123240","7051","7","263","3","0","13.47","Kirby's Dream Land"
"Dragon Age: Origins - Awakening","2231","Dragon Age: Origins - Awakening","1658580","129060","882","3","224","3","0","12.85","Dragon Age: Origins - Awakening"
"Warriors of Fate","2232","Warriors of Fate","1657860","8580","803","1","6","3","0","193.22","Warriors of Fate"
"Sniper Elite V2","2233","Sniper Elite V2","1657380","223080","3245","4","1212","3","0","7.43","Sniper Elite V2"
"Amplitude","2234","Amplitude","1657260","569280","4580","43","2442","3","1","2.91","Amplitude"
"Kathy Rain","2235","Kathy Rain","1656720","39120","32298","4","114","3","0","42.35","Kathy Rain"
"Fragmental","2236","Fragmental","1656240","1920","7362","2","7","3","0","862.63","Fragmental"
"Phantasy Star IV: The End of the Millennium","2237","Phantasy Star IV: The End of the Millennium","1656240","82020","4792","5","177","3","0","20.19","Phantasy Star IV: The End of the Millennium"
"Mega Man X5","2238","Mega Man X5","1656240","97440","1254","6","275","3","0","17","Mega Man X5"
"Worms World Party","2239","Worms World Party","1655280","9900","3015","3","72","3","0","167.2","Worms World Party"
"Radiant Historia","2240","Radiant Historia","1653420","55500","4698","5","51","3","0","29.79","Radiant Historia"
"Street Fighter","2241","Street Fighter","1650360","14040","10052","2","90","3","0","117.55","Street Fighter"
"Zombie Party","2242","Zombie Party","1646220","23580","13954","6","99","3","0","69.81","Zombie Party"
"Tom Clancy's Splinter Cell","2243","Tom Clancy's Splinter Cell","1644000","179700","1995","5","697","3","0","9.15","Tom Clancy's Splinter Cell"
"Batman Forever","2244","Batman Forever","1632780","11820","1387","2","40","3","0","138.14","Batman Forever"
"Mobile Legends: Bang bang","2245","Mobile Legends: Bang bang","1632420","133080","4133","8","392","3","0","12.27","Mobile Legends: Bang bang"
"Monster Hunter Freedom Unite","2246","Monster Hunter Freedom Unite","1628880","254640","182","5","436","3","0","6.4","Monster Hunter Freedom Unite"
"Typoman","2247","Typoman","1625760","19260","18620","4","80","3","0","84.41","Typoman"
"Fire Emblem: Radiant Dawn","2248","Fire Emblem: Radiant Dawn","1624080","175320","559","5","179","3","0","9.26","Fire Emblem: Radiant Dawn"
"Project Genom","2249","Project Genom","1623300","76920","32881","12","256","3","0","21.1","Project Genom"
"WWE All Stars","2250","WWE All Stars","1618380","3000","7121","3","18","3","0","539.46","WWE All Stars"
"Pac-Man 256","2251","Pac-Man 256","1617900","82920","4532","8","481","3","0","19.51","Pac-Man 256"
"Darkfall","2252","Darkfall","1616880","78720","1244","6","109","3","0","20.54","Darkfall"
"Heart of Darkness","2253","Heart of Darkness","1616520","22320","3700","3","97","3","0","72.42","Heart of Darkness"
"Invisible, Inc.","2254","Invisible, Inc.","1615080","137340","3552","4","464","3","0","11.76","Invisible, Inc."
"CASE: Animatronics","2255","CASE: Animatronics","1613160","44160","2650","5","329","3","0","36.53","CASE: Animatronics"
"Hero's Song","2256","Hero's Song","1612920","50640","7118","17","135","3","0","31.85","Hero's Song"
"RPG Maker VX","2257","RPG Maker VX","1612860","89580","472","6","269","3","0","18","RPG Maker VX"
"Deadlight","2258","Deadlight","1612080","130620","1126","9","677","3","0","12.34","Deadlight"
"Mega Man II","2259","Mega Man II","1611660","41040","5482","7","144","3","0","39.27","Mega Man II"
"Fist of the North Star","2260","Fist of the North Star","1607640","6900","6402","2","31","3","0","232.99","Fist of the North Star"
"Rec Room","2261","Rec Room","1602840","19500","13431","4","122","3","0","82.2","Rec Room"
"I.C.U.","2262","I.C.U.","1602120","2940","4878","3","16","3","0","544.94","I.C.U."
"Seventh Cross Evolution","2263","Seventh Cross Evolution","1598880","4620","5595","2","10","3","0","346.08","Seventh Cross Evolution"
"Thief: The Dark Project","2264","Thief: The Dark Project","1597500","98760","1036","3","171","3","0","16.18","Thief: The Dark Project"
"Star Trek: The Next Generation","2265","Star Trek: The Next Generation","1597380","1560","26509","1","9","3","0","1023.96","Star Trek: The Next Generation"
"Darkstalkers Resurrection","2266","Darkstalkers Resurrection","1596540","14340","6045","3","44","3","0","111.33","Darkstalkers Resurrection"
"Batman","2267","Batman","1595040","588960","559","81","3269","3","1","2.71","Batman"
"Tales of Phantasia","2268","Tales of Phantasia","1594320","73380","1929","2","119","3","0","21.73","Tales of Phantasia"
"Pro Gamer Manager","2269","Pro Gamer Manager","1589700","42360","1897","3","275","3","0","37.53","Pro Gamer Manager"
"Phoenix Wright: Ace Attorney - Justice For All","2270","Phoenix Wright: Ace Attorney - Justice For All","1584000","115140","368","4","147","3","0","13.76","Phoenix Wright: Ace Attorney - Justice For All"
"Battle Carnival","2271","Battle Carnival","1580820","49920","2647","8","204","2","0","31.67","Battle Carnival"
"Golf","2272","Golf","1578960","42660","7554","6","160","2","0","37.01","Golf"
"Guardians of Ember","2273","Guardians of Ember","1578600","126660","1270","33","287","2","0","12.46","Guardians of Ember"
"Absolute Drift","2274","Absolute Drift","1578480","87780","16441","5","495","2","0","17.98","Absolute Drift"
"Fishing Girl","2275","Fishing Girl","1576080","1260","18234","3","9","2","0","1250.86","Fishing Girl"
"Hyper Universe","2276","Hyper Universe","1574760","122160","3544","14","195","2","0","12.89","Hyper Universe"
"Barbie in the 12 Dancing Princesses","2277","Barbie in the 12 Dancing Princesses","1572300","1620","26425","1","12","2","0","970.56","Barbie in the 12 Dancing Princesses"
"Thea: The Awakening","2278","Thea: The Awakening","1570680","144000","3831","4","209","2","0","10.91","Thea: The Awakening"
"NBA 2K14","2279","NBA 2K14","1569000","323760","1812","7","1210","2","0","4.85","NBA 2K14"
"Animal Crossing: Happy Home Designer","2280","Animal Crossing: Happy Home Designer","1566840","46380","560","3","67","2","0","33.78","Animal Crossing: Happy Home Designer"
"Mega Man Battle Network 2","2281","Mega Man Battle Network 2","1565760","54960","1144","3","80","2","0","28.49","Mega Man Battle Network 2"
"Rocky & Bullwinkle","2282","Rocky & Bullwinkle","1565700","960","77038","3","9","2","0","1630.94","Rocky & Bullwinkle"
"Harvest Moon: Back to Nature","2283","Harvest Moon: Back to Nature","1565640","84480","637","4","110","2","0","18.53","Harvest Moon: Back to Nature"
"Root Letter","2284","Root Letter","1561140","41760","466","6","62","2","0","37.38","Root Letter"
"Warcraft: Orcs & Humans","2285","Warcraft: Orcs & Humans","1560300","41520","2231","4","129","2","0","37.58","Warcraft: Orcs & Humans"
"Transformers: Earth Wars","2286","Transformers: Earth Wars","1560240","18480","1667","3","33","2","0","84.43","Transformers: Earth Wars"
"Serious Sam: The First Encounter","2287","Serious Sam: The First Encounter","1560180","120360","2511","5","505","2","0","12.96","Serious Sam: The First Encounter"
"Rayman 2: The Great Escape","2288","Rayman 2: The Great Escape","1559640","112800","1779","4","279","2","0","13.83","Rayman 2: The Great Escape"
"Super Mega Baseball","2289","Super Mega Baseball","1559280","268380","6497","17","1617","2","0","5.81","Super Mega Baseball"
"Arcanum: Of Steamworks & Magick Obscura","2290","Arcanum: Of Steamworks & Magick Obscura","1557660","68940","1722","3","115","2","0","22.59","Arcanum: Of Steamworks & Magick Obscura"
"Defiance","2291","Defiance","1555620","489660","826","10","1286","2","0","3.18","Defiance"
"Star Wars: The Force Unleashed","2292","Star Wars: The Force Unleashed","1555020","330600","2757","23","1627","2","0","4.7","Star Wars: The Force Unleashed"
"The Night of the Rabbit","2293","The Night of the Rabbit","1554660","87240","700","3","213","2","0","17.82","The Night of the Rabbit"
"Road Trip","2294","Road Trip","1553520","26880","16424","7","49","2","0","57.79","Road Trip"
"Heroes of Might and Magic V: Tribes of the East","2295","Heroes of Might and Magic V: Tribes of the East","1549980","216240","1746","6","254","2","0","7.17","Heroes of Might and Magic V: Tribes of the East"
"Metal Gear Ac!d 2","2296","Metal Gear Ac!d 2","1549860","3420","2033","2","9","2","0","453.18","Metal Gear Ac!d 2"
"The Curse of Blackwater","2297","The Curse of Blackwater","1548120","9960","4274","2","55","2","0","155.43","The Curse of Blackwater"
"Fear Effect","2298","Fear Effect","1548060","18300","3854","3","52","2","0","84.59","Fear Effect"
"Dungeon Crawl Stone Soup","2299","Dungeon Crawl Stone Soup","1544940","143880","742","4","187","2","0","10.74","Dungeon Crawl Stone Soup"
"Pokémon Mystery Dungeon: Blue/Red Rescue Team","2300","Pokémon Mystery Dungeon: Blue/Red Rescue Team","1544220","142860","1106","5","377","2","0","10.81","Pokémon Mystery Dungeon: Blue/Red Rescue Team"