"","","Game","Watch time","Stream time","Peak viewers","Peak channels","Streamers","Average viewers","Average channels","Average viewer ratio",""
"40 Winks","9001","40 Winks","120360","14220","211","2","30","0","0","8.46","40 Winks"
"Hellfire","9002","Hellfire","6600","780","30","1","6","0","0","8.46","Hellfire"
"True Fear: Forsaken Souls","9003","True Fear: Forsaken Souls","35520","4200","127","2","20","0","0","8.46","True Fear: Forsaken Souls"
"NASCAR Heat 2002","9004","NASCAR Heat 2002","5580","660","16","1","2","0","0","8.45","NASCAR Heat 2002"
"Rolling Thunder","9005","Rolling Thunder","14700","1740","36","2","10","0","0","8.45","Rolling Thunder"
"Shock Troopers","9006","Shock Troopers","25860","3060","87","1","18","0","0","8.45","Shock Troopers"
"Universe Sandbox","9007","Universe Sandbox","87180","10320","1044","2","50","0","0","8.45","Universe Sandbox"
"Westerado: Double Barreled","9008","Westerado: Double Barreled","203220","24060","162","4","144","0","0","8.45","Westerado: Double Barreled"
"Deadpool","9009","Deadpool","9815520","1162020","4652","45","6157","18","2","8.45","Deadpool"
"Cap'n Crunch's Crunchling Adventure","9010","Cap'n Crunch's Crunchling Adventure","5580","660","30","1","4","0","0","8.45","Cap'n Crunch's Crunchling Adventure"
"Summon Night: Swordcraft Story 2","9011","Summon Night: Swordcraft Story 2","64380","7620","49","2","19","0","0","8.45","Summon Night: Swordcraft Story 2"
"Earth Space Colonies","9012","Earth Space Colonies","13680","1620","59","1","11","0","0","8.44","Earth Space Colonies"
"Stories: The Hidden Path","9013","Stories: The Hidden Path","4560","540","46","1","6","0","0","8.44","Stories: The Hidden Path"
"Zeon","9014","Zeon","9120","1080","76","1","4","0","0","8.44","Zeon"
"Monster Jam: Crush It!","9015","Monster Jam: Crush It!","21780","2580","94","2","22","0","0","8.44","Monster Jam: Crush It!"
"SiN Gold","9016","SiN Gold","22260","2640","44","1","7","0","0","8.43","SiN Gold"
"Rusty Hearts","9017","Rusty Hearts","25800","3060","212","1","13","0","0","8.43","Rusty Hearts"
"Palamedes","9018","Palamedes","3540","420","31","1","3","0","0","8.43","Palamedes"
"Hello Kitty Online","9019","Hello Kitty Online","603720","71640","859","3","146","1","0","8.43","Hello Kitty Online"
"Postal 2: Share the Pain","9020","Postal 2: Share the Pain","101640","12060","692","1","60","0","0","8.43","Postal 2: Share the Pain"
"Evoland","9021","Evoland","1022460","121320","2048","4","530","1","0","8.43","Evoland"
"Warlock II: The Exiled","9022","Warlock II: The Exiled","47520","5640","120","1","11","0","0","8.43","Warlock II: The Exiled"
"Charlie and the Chocolate Factory","9023","Charlie and the Chocolate Factory","19200","2280","83","1","13","0","0","8.42","Charlie and the Chocolate Factory"
"Spider-Man & Venom: Separation Anxiety","9024","Spider-Man & Venom: Separation Anxiety","22740","2700","88","1","18","0","0","8.42","Spider-Man & Venom: Separation Anxiety"
"Clone Drone in the Danger Zone","9025","Clone Drone in the Danger Zone","215700","25620","665","6","146","0","0","8.42","Clone Drone in the Danger Zone"
"Poker Ball","9026","Poker Ball","11100","1320","319","1","6","0","0","8.41","Poker Ball"
"Hearts Spades Euchre","9027","Hearts Spades Euchre","64620","7680","913","2","18","0","0","8.41","Hearts Spades Euchre"
"FIVE: Guardians of David","9028","FIVE: Guardians of David","50460","6000","105","1","22","0","0","8.41","FIVE: Guardians of David"
"The Shopkeeper","9029","The Shopkeeper","2520","300","39","1","3","0","0","8.4","The Shopkeeper"
"My Stop Smoking Coach with Allen Carr","9030","My Stop Smoking Coach with Allen Carr","2520","300","18","1","2","0","0","8.4","My Stop Smoking Coach with Allen Carr"
"How to Survive 2","9031","How to Survive 2","3900540","464400","21051","13","1681","7","0","8.4","How to Survive 2"
"Gold Rush","9032","Gold Rush","2520","300","31","1","2","0","0","8.4","Gold Rush"
"KRUNCH","9033","KRUNCH","2520","300","18","1","2","0","0","8.4","KRUNCH"
"Sorcerer King","9034","Sorcerer King","76620","9120","139","2","27","0","0","8.4","Sorcerer King"
"Audiosurf","9035","Audiosurf","1707780","203340","15616","5","1044","3","0","8.4","Audiosurf"
"Destiny of Ancient Kingdoms","9036","Destiny of Ancient Kingdoms","7560","900","40","1","5","0","0","8.4","Destiny of Ancient Kingdoms"
"Cat Trax","9037","Cat Trax","2520","300","36","1","3","0","0","8.4","Cat Trax"
"Star Rider","9038","Star Rider","2520","300","16","1","2","0","0","8.4","Star Rider"
"European Superleague","9039","European Superleague","2520","300","16","1","1","0","0","8.4","European Superleague"
"The Curse of the Werewolves","9040","The Curse of the Werewolves","2520","300","11","1","1","0","0","8.4","The Curse of the Werewolves"
"Bugs Bunny Lost in Time","9041","Bugs Bunny Lost in Time","255360","30420","90","2","72","0","0","8.39","Bugs Bunny Lost in Time"
"Drawn: Dark Flight","9042","Drawn: Dark Flight","9060","1080","23","1","5","0","0","8.39","Drawn: Dark Flight"
"Mario Sports Mix","9043","Mario Sports Mix","38280","4560","101","1","22","0","0","8.39","Mario Sports Mix"
"Blobby Volley","9044","Blobby Volley","40740","4860","206","2","39","0","0","8.38","Blobby Volley"
"Cooking Dash","9045","Cooking Dash","63840","7620","62","2","21","0","0","8.38","Cooking Dash"
"Vanish","9046","Vanish","213600","25500","360","2","203","0","0","8.38","Vanish"
"Risen","9047","Risen","1873380","223440","3440","6","453","3","0","8.38","Risen"
"Lineage: The Blood Pledge","9048","Lineage: The Blood Pledge","9744840","1162740","823","14","315","18","2","8.38","Lineage: The Blood Pledge"
"Melody's Escape","9049","Melody's Escape","1107840","132180","2187","7","565","2","0","8.38","Melody's Escape"
"Fist of the North Star:  Ken's Rage","9050","Fist of the North Star:  Ken's Rage","86460","10320","116","1","17","0","0","8.38","Fist of the North Star:  Ken's Rage"
"To Love-Ru Darkness: Battle Ecstasy","9051","To Love-Ru Darkness: Battle Ecstasy","4020","480","16","1","1","0","0","8.38","To Love-Ru Darkness: Battle Ecstasy"
"MacGuffin's Curse","9052","MacGuffin's Curse","4020","480","21","1","3","0","0","8.38","MacGuffin's Curse"
"Plantera","9053","Plantera","476400","56940","1344","3","413","0","0","8.37","Plantera"
"Shuriken Block","9054","Shuriken Block","26100","3120","26","2","4","0","0","8.37","Shuriken Block"
"Dragon Ball: Revenge of King Piccolo","9055","Dragon Ball: Revenge of King Piccolo","65820","7860","80","3","8","0","0","8.37","Dragon Ball: Revenge of King Piccolo"
"Grand Theft Auto: Chinatown Wars","9056","Grand Theft Auto: Chinatown Wars","121080","14460","282","2","30","0","0","8.37","Grand Theft Auto: Chinatown Wars"
"Senjo no Valkyria 3","9057","Senjo no Valkyria 3","158580","18960","126","2","20","0","0","8.36","Senjo no Valkyria 3"
"Wizard101","9058","Wizard101","19636080","2349660","13858","21","2918","37","4","8.36","Wizard101"
"Castlevania: Legacy of Darkness","9059","Castlevania: Legacy of Darkness","427140","51120","998","4","51","0","0","8.36","Castlevania: Legacy of Darkness"
"WCW vs. nWo: World Tour","9060","WCW vs. nWo: World Tour","18060","2160","122","1","20","0","0","8.36","WCW vs. nWo: World Tour"
"Freshwater Fishing Simulator","9061","Freshwater Fishing Simulator","7020","840","16","1","1","0","0","8.36","Freshwater Fishing Simulator"
"A Wolf in Autumn","9062","A Wolf in Autumn","42120","5040","178","2","39","0","0","8.36","A Wolf in Autumn"
"軒轅劍外傳穹之扉(The Gate of Firmament)","9063","軒轅劍外傳穹之扉(The Gate of Firmament)","180600","21600","693","2","48","0","0","8.36","軒轅劍外傳穹之扉(The Gate of Firmament)"
"Root Double: Before Crime * After Days","9064","Root Double: Before Crime * After Days","306120","36600","292","3","22","0","0","8.36","Root Double: Before Crime * After Days"
"Dragon Ball GT: Transformation","9065","Dragon Ball GT: Transformation","18540","2220","51","3","11","0","0","8.35","Dragon Ball GT: Transformation"
"Mystik Belle","9066","Mystik Belle","47580","5700","80","1","16","0","0","8.35","Mystik Belle"
"Rugrats in Paris","9067","Rugrats in Paris","65640","7860","98","2","19","0","0","8.35","Rugrats in Paris"
"Circuits","9068","Circuits","50100","6000","131","2","36","0","0","8.35","Circuits"
"Ougon Musou Kyoku Cross","9069","Ougon Musou Kyoku Cross","68580","8220","117","1","23","0","0","8.34","Ougon Musou Kyoku Cross"
"Wasteland 2","9070","Wasteland 2","3496440","419400","3697","10","962","6","0","8.34","Wasteland 2"
"The Elder Scrolls III: Tribunal","9071","The Elder Scrolls III: Tribunal","29040","3480","36","1","3","0","0","8.34","The Elder Scrolls III: Tribunal"
"Crimson Room: Reverse","9072","Crimson Room: Reverse","1500","180","23","1","2","0","0","8.33","Crimson Room: Reverse"
"Karting Grand Prix","9073","Karting Grand Prix","1500","180","11","1","1","0","0","8.33","Karting Grand Prix"
"Felony 11-79","9074","Felony 11-79","1500","180","19","1","3","0","0","8.33","Felony 11-79"
"Mr. Driller: Drill Spirits","9075","Mr. Driller: Drill Spirits","1500","180","13","1","1","0","0","8.33","Mr. Driller: Drill Spirits"
"Famous","9076","Famous","1500","180","10","1","2","0","0","8.33","Famous"
"Space Crusade","9077","Space Crusade","1500","180","10","1","1","0","0","8.33","Space Crusade"
"MusicVR Episode 1: Tr3s Lunas","9078","MusicVR Episode 1: Tr3s Lunas","1500","180","12","1","1","0","0","8.33","MusicVR Episode 1: Tr3s Lunas"
"Bo Jackson: Two Games In One","9079","Bo Jackson: Two Games In One","1500","180","11","1","1","0","0","8.33","Bo Jackson: Two Games In One"
"Sleeping Dogs","9080","Sleeping Dogs","12404520","1490040","13596","115","8967","23","2","8.32","Sleeping Dogs"
"Wolverine","9081","Wolverine","30960","3720","161","1","22","0","0","8.32","Wolverine"
"Etrian Mystery Dungeon","9082","Etrian Mystery Dungeon","48900","5880","25","1","6","0","0","8.32","Etrian Mystery Dungeon"
"Kill Strain","9083","Kill Strain","282180","33900","634","5","1863","0","0","8.32","Kill Strain"
"Viscera Cleanup Detail: Shadow Warrior","9084","Viscera Cleanup Detail: Shadow Warrior","203700","24480","541","2","168","0","0","8.32","Viscera Cleanup Detail: Shadow Warrior"
"25 to Life","9085","25 to Life","32940","3960","234","1","9","0","0","8.32","25 to Life"
"Galak-Z: The Dimensional","9086","Galak-Z: The Dimensional","427620","51420","802","9","295","0","0","8.32","Galak-Z: The Dimensional"
"Monster Loves You!","9087","Monster Loves You!","77820","9360","621","1","60","0","0","8.31","Monster Loves You!"
"Pro Evolution Soccer","9088","Pro Evolution Soccer","147540","17760","1043","2","57","0","0","8.31","Pro Evolution Soccer"
"Painkiller","9089","Painkiller","709920","85500","335","4","322","1","0","8.3","Painkiller"
"Word Realms","9090","Word Realms","4980","600","18","1","1","0","0","8.3","Word Realms"
"Life Force","9091","Life Force","77700","9360","226","1","57","0","0","8.3","Life Force"
"Vietcong: Fist Alpha","9092","Vietcong: Fist Alpha","13440","1620","50","1","7","0","0","8.3","Vietcong: Fist Alpha"
"Battlesloths 2025: The Great Pizza Wars","9093","Battlesloths 2025: The Great Pizza Wars","14940","1800","22","1","4","0","0","8.3","Battlesloths 2025: The Great Pizza Wars"
"Worse Things Happen at Sea","9094","Worse Things Happen at Sea","3480","420","22","1","3","0","0","8.29","Worse Things Happen at Sea"
"Army Men II","9095","Army Men II","45240","5460","313","2","6","0","0","8.29","Army Men II"
"Keyboard Sports","9096","Keyboard Sports","3480","420","18","2","5","0","0","8.29","Keyboard Sports"
"Adventure of Little Ralph","9097","Adventure of Little Ralph","18900","2280","32","1","6","0","0","8.29","Adventure of Little Ralph"
"Metal Slug 2: Super Vehicle - 001/II","9098","Metal Slug 2: Super Vehicle - 001/II","143760","17340","478","2","100","0","0","8.29","Metal Slug 2: Super Vehicle - 001/II"
"Half-Minute Hero: Super Mega Neo Climax","9099","Half-Minute Hero: Super Mega Neo Climax","153660","18540","837","2","96","0","0","8.29","Half-Minute Hero: Super Mega Neo Climax"
"Darkest of Days","9100","Darkest of Days","39780","4800","99","1","23","0","0","8.29","Darkest of Days"