"","","Game","Watch time","Stream time","Peak viewers","Peak channels","Streamers","Average viewers","Average channels","Average viewer ratio",""
"Rage","8101","Rage","1860780","183120","2552","5","622","3","0","10.16","Rage"
"Terraria","8102","Terraria","167697060","16520400","28497","92","41019","318","31","10.15","Terraria"
"Mario Kart Wii","8103","Mario Kart Wii","11578680","1141200","1755","17","1095","21","2","10.15","Mario Kart Wii"
"Final Fantasy: Record Keeper","8104","Final Fantasy: Record Keeper","2854260","281280","420","7","189","5","0","10.15","Final Fantasy: Record Keeper"
"Shining Force III Scenario 2","8105","Shining Force III Scenario 2","95040","9360","81","2","5","0","0","10.15","Shining Force III Scenario 2"
"Evil Pumpkin: The Lost Halloween","8106","Evil Pumpkin: The Lost Halloween","8520","840","24","1","2","0","0","10.14","Evil Pumpkin: The Lost Halloween"
"Shin Megami Tensei: Persona","8107","Shin Megami Tensei: Persona","225660","22260","506","2","59","0","0","10.14","Shin Megami Tensei: Persona"
"Chain Chronicle","8108","Chain Chronicle","607560","59940","91","3","54","1","0","10.14","Chain Chronicle"
"Zombie Hunter","8109","Zombie Hunter","4260","420","52","1","3","0","0","10.14","Zombie Hunter"
"IL-2 Sturmovik: Battle of Stalingrad","8110","IL-2 Sturmovik: Battle of Stalingrad","2407920","237480","1012","7","201","4","0","10.14","IL-2 Sturmovik: Battle of Stalingrad"
"slot!","8111","slot!","40140","3960","62","2","12","0","0","10.14","slot!"
"Sinistron","8112","Sinistron","4260","420","19","1","2","0","0","10.14","Sinistron"
"Tow Truck Simulator 2010","8113","Tow Truck Simulator 2010","4860","480","18","1","4","0","0","10.13","Tow Truck Simulator 2010"
"Guns of Icarus: Alliance","8114","Guns of Icarus: Alliance","342900","33840","1369","5","157","0","0","10.13","Guns of Icarus: Alliance"
"First Queen","8115","First Queen","13980","1380","68","1","5","0","0","10.13","First Queen"
"Adventures of Rad Gravity","8116","Adventures of Rad Gravity","26100","2580","44","2","8","0","0","10.12","Adventures of Rad Gravity"
"BlazBlue: Calamity Trigger","8117","BlazBlue: Calamity Trigger","247020","24420","809","3","125","0","0","10.12","BlazBlue: Calamity Trigger"
"Bionic Dues","8118","Bionic Dues","60720","6000","55","2","21","0","0","10.12","Bionic Dues"
"The Testament of Sherlock Holmes","8119","The Testament of Sherlock Holmes","438000","43320","584","2","97","0","0","10.11","The Testament of Sherlock Holmes"
"X-Men: Mutant Apocalypse","8120","X-Men: Mutant Apocalypse","64320","6360","173","2","39","0","0","10.11","X-Men: Mutant Apocalypse"
"Mount & Blade 2","8121","Mount & Blade 2","10920","1080","152","1","6","0","0","10.11","Mount & Blade 2"
"Tamagotchi Party On","8122","Tamagotchi Party On","5460","540","27","1","2","0","0","10.11","Tamagotchi Party On"
"Puzzle & Dragons Z","8123","Puzzle & Dragons Z","5460","540","22","1","4","0","0","10.11","Puzzle & Dragons Z"
"Asemblance","8124","Asemblance","166140","16440","1674","3","260","0","0","10.11","Asemblance"
"LiEat III","8125","LiEat III","38220","3780","197","1","18","0","0","10.11","LiEat III"
"Ultima VII: The Black Gate","8126","Ultima VII: The Black Gate","184200","18240","51","1","18","0","0","10.1","Ultima VII: The Black Gate"
"Retrovirus","8127","Retrovirus","12120","1200","48","1","5","0","0","10.1","Retrovirus"
"Kid Kool","8128","Kid Kool","13320","1320","53","2","8","0","0","10.09","Kid Kool"
"Beyond Oasis","8129","Beyond Oasis","396780","39360","371","3","85","0","0","10.08","Beyond Oasis"
"Time Gentlemen, Please!","8130","Time Gentlemen, Please!","7260","720","82","1","6","0","0","10.08","Time Gentlemen, Please!"
"The Incredible Hulk: Ultimate Destruction","8131","The Incredible Hulk: Ultimate Destruction","39300","3900","69","1","10","0","0","10.08","The Incredible Hulk: Ultimate Destruction"
"Grand Fantasia","8132","Grand Fantasia","675480","67080","688","4","175","1","0","10.07","Grand Fantasia"
"Point Blank 2","8133","Point Blank 2","45900","4560","228","2","19","0","0","10.07","Point Blank 2"
"Prince of Persia: The Forgotten Sands","8134","Prince of Persia: The Forgotten Sands","307320","30540","575","2","109","0","0","10.06","Prince of Persia: The Forgotten Sands"
"Mortal Kombat: Special Forces","8135","Mortal Kombat: Special Forces","10260","1020","33","1","8","0","0","10.06","Mortal Kombat: Special Forces"
"Rides With Strangers","8136","Rides With Strangers","28980","2880","94","2","30","0","0","10.06","Rides With Strangers"
"Bad Boys: Miami Takedown","8137","Bad Boys: Miami Takedown","26520","2640","258","1","11","0","0","10.05","Bad Boys: Miami Takedown"
"Bleach: Dark Souls","8138","Bleach: Dark Souls","243540","24240","125","2","28","0","0","10.05","Bleach: Dark Souls"
"Santa Claus in Trouble","8139","Santa Claus in Trouble","38580","3840","152","1","16","0","0","10.05","Santa Claus in Trouble"
"Prison Break: The Conspiracy","8140","Prison Break: The Conspiracy","85020","8460","943","1","31","0","0","10.05","Prison Break: The Conspiracy"
"SiN Episodes: Emergence","8141","SiN Episodes: Emergence","62640","6240","348","1","15","0","0","10.04","SiN Episodes: Emergence"
"Zettai Zetsumei Toshi 3: Kowareyuku Machi to Kanojo no Uta","8142","Zettai Zetsumei Toshi 3: Kowareyuku Machi to Kanojo no Uta","16260","1620","51","1","4","0","0","10.04","Zettai Zetsumei Toshi 3: Kowareyuku Machi to Kanojo no Uta"
"Superbeat: Xonic","8143","Superbeat: Xonic","55320","5520","293","2","24","0","0","10.02","Superbeat: Xonic"
"Wii Sports Resort","8144","Wii Sports Resort","169500","16920","263","2","82","0","0","10.02","Wii Sports Resort"
"Worms 2: Armageddon","8145","Worms 2: Armageddon","75720","7560","212","2","40","0","0","10.02","Worms 2: Armageddon"
"SPINTIRES","8146","SPINTIRES","12884940","1285860","35871","18","4272","24","2","10.02","SPINTIRES"
"Total War: ARENA","8147","Total War: ARENA","2263920","226020","2555","11","459","4","0","10.02","Total War: ARENA"
"Conventions & Seminars","8148","Conventions & Seminars","145440","14520","1681","2","22","0","0","10.02","Conventions & Seminars"
"Dragon Ball Z: Budokai 2","8149","Dragon Ball Z: Budokai 2","161040","16080","233","2","76","0","0","10.01","Dragon Ball Z: Budokai 2"
"Bayonetta","8150","Bayonetta","3283620","328080","4444","8","917","6","0","10.01","Bayonetta"
"Song of the Deep","8151","Song of the Deep","2833200","282900","5437","28","1299","5","0","10.01","Song of the Deep"
"Burning Rubber","8152","Burning Rubber","600","60","11","1","1","0","0","10","Burning Rubber"
"Igor: The Game","8153","Igor: The Game","600","60","10","1","1","0","0","10","Igor: The Game"
"Hook Champ","8154","Hook Champ","1200","120","13","1","1","0","0","10","Hook Champ"
"YIIK: A Postmodern RPG","8155","YIIK: A Postmodern RPG","1800","180","14","1","2","0","0","10","YIIK: A Postmodern RPG"
"Pawarumi","8156","Pawarumi","7200","720","22","1","4","0","0","10","Pawarumi"
"SingStar Pop Hits","8157","SingStar Pop Hits","600","60","11","1","1","0","0","10","SingStar Pop Hits"
"Shattered Steel","8158","Shattered Steel","1800","180","15","1","1","0","0","10","Shattered Steel"
"Jackie Chan's J-Mat","8159","Jackie Chan's J-Mat","600","60","12","1","1","0","0","10","Jackie Chan's J-Mat"
"Super Mahjong Taikai","8160","Super Mahjong Taikai","3000","300","16","1","1","0","0","10","Super Mahjong Taikai"
"TV Trouble","8161","TV Trouble","600","60","11","1","0","0","0","10","TV Trouble"
"NBA Shootout '97","8162","NBA Shootout '97","600","60","10","1","1","0","0","10","NBA Shootout '97"
"4x4 Hummer","8163","4x4 Hummer","1200","120","21","1","1","0","0","10","4x4 Hummer"
"Gridrunner Revolution","8164","Gridrunner Revolution","1200","120","13","1","1","0","0","10","Gridrunner Revolution"
"Sakigake!! Otokojuku","8165","Sakigake!! Otokojuku","1200","120","10","1","1","0","0","10","Sakigake!! Otokojuku"
"Brutal Sports Football","8166","Brutal Sports Football","600","60","10","1","0","0","0","10","Brutal Sports Football"
"Lizzie McGuire 3: Homecoming Havoc","8167","Lizzie McGuire 3: Homecoming Havoc","1200","120","16","1","2","0","0","10","Lizzie McGuire 3: Homecoming Havoc"
"Ayo the Clown","8168","Ayo the Clown","600","60","11","1","2","0","0","10","Ayo the Clown"
"Lasers","8169","Lasers","600","60","10","1","1","0","0","10","Lasers"
"Joe Danger Touch","8170","Joe Danger Touch","600","60","11","1","1","0","0","10","Joe Danger Touch"
"Bibi Blocksberg: Im Bann der Hexenkugel","8171","Bibi Blocksberg: Im Bann der Hexenkugel","3000","300","15","1","1","0","0","10","Bibi Blocksberg: Im Bann der Hexenkugel"
"Rekoil: Liberator","8172","Rekoil: Liberator","1200","120","11","1","1","0","0","10","Rekoil: Liberator"
"Cubesis","8173","Cubesis","1200","120","11","1","1","0","0","10","Cubesis"
"Blue Submarine No. 6: Antarctica","8174","Blue Submarine No. 6: Antarctica","600","60","10","1","0","0","0","10","Blue Submarine No. 6: Antarctica"
"Dr. Dumont's Wild P.A.R.T.I.","8175","Dr. Dumont's Wild P.A.R.T.I.","600","60","11","1","1","0","0","10","Dr. Dumont's Wild P.A.R.T.I."
"IDOLiSH7","8176","IDOLiSH7","3600","360","45","1","3","0","0","10","IDOLiSH7"
"Chivalry: Deadliest Warrior","8177","Chivalry: Deadliest Warrior","601740","60180","678","3","324","1","0","10","Chivalry: Deadliest Warrior"
"Kirby's Block Ball","8178","Kirby's Block Ball","24600","2460","42","1","11","0","0","10","Kirby's Block Ball"
"Star Wars: Rebel Assault","8179","Star Wars: Rebel Assault","18000","1800","67","2","12","0","0","10","Star Wars: Rebel Assault"
"Coma: A Mind Adventure","8180","Coma: A Mind Adventure","1200","120","13","1","1","0","0","10","Coma: A Mind Adventure"
"Show do Milhão","8181","Show do Milhão","7800","780","122","1","6","0","0","10","Show do Milhão"
"High School Musical 3: Senior Year","8182","High School Musical 3: Senior Year","2400","240","13","1","1","0","0","10","High School Musical 3: Senior Year"
"Bomberman B-Daman","8183","Bomberman B-Daman","2400","240","21","1","2","0","0","10","Bomberman B-Daman"
"Radix: Beyond the Void","8184","Radix: Beyond the Void","1200","120","13","1","1","0","0","10","Radix: Beyond the Void"
"Laura's Happy Adventures","8185","Laura's Happy Adventures","600","60","10","1","1","0","0","10","Laura's Happy Adventures"
"Extreme Exorcism","8186","Extreme Exorcism","31200","3120","320","1","19","0","0","10","Extreme Exorcism"
"TOCA 2: Touring Car Challenge","8187","TOCA 2: Touring Car Challenge","6000","600","34","1","5","0","0","10","TOCA 2: Touring Car Challenge"
"Who Did I Date Last Night?","8188","Who Did I Date Last Night?","600","60","11","1","1","0","0","10","Who Did I Date Last Night?"
"Tetris 64","8189","Tetris 64","1800","180","26","1","1","0","0","10","Tetris 64"
"Bad Toys","8190","Bad Toys","1200","120","13","1","1","0","0","10","Bad Toys"
"Care Bears: A Lesson in Caring","8191","Care Bears: A Lesson in Caring","3000","300","13","1","1","0","0","10","Care Bears: A Lesson in Caring"
"Aerial Assault","8192","Aerial Assault","600","60","10","1","1","0","0","10","Aerial Assault"
"DragonHeart","8193","DragonHeart","2400","240","21","1","2","0","0","10","DragonHeart"
"Tulpa","8194","Tulpa","20400","2040","142","1","15","0","0","10","Tulpa"
"From TV Animation Slam Dunk: Yonkyou Gekitotsu!!","8195","From TV Animation Slam Dunk: Yonkyou Gekitotsu!!","3600","360","32","1","2","0","0","10","From TV Animation Slam Dunk: Yonkyou Gekitotsu!!"
"POP: Methodology Experiment One","8196","POP: Methodology Experiment One","600","60","11","1","0","0","0","10","POP: Methodology Experiment One"
"Gazillionaire Deluxe","8197","Gazillionaire Deluxe","6000","600","17","1","1","0","0","10","Gazillionaire Deluxe"
"Blackjack/Poker/Acey-Deucey","8198","Blackjack/Poker/Acey-Deucey","9000","900","72","1","5","0","0","10","Blackjack/Poker/Acey-Deucey"
"Rise of the Tomb Raider","8199","Rise of the Tomb Raider","115434780","11551140","32860","461","34770","219","21","9.99","Rise of the Tomb Raider"
"NightSky","8200","NightSky","110340","11040","227","5","53","0","0","9.99","NightSky"