"","","Game","Watch time","Stream time","Peak viewers","Peak channels","Streamers","Average viewers","Average channels","Average viewer ratio",""
"Raw Data","3101","Raw Data","1822260","43860","20927","4","266","3","0","41.55","Raw Data"
"The Mark of Kri","3102","The Mark of Kri","167040","4020","259","1","60","0","0","41.55","The Mark of Kri"
"Machinarium","3103","Machinarium","3451260","83100","4436","3","305","6","0","41.53","Machinarium"
"Halo 2","3104","Halo 2","16192740","390000","3324","8","622","30","0","41.52","Halo 2"
"Mobile Suit Gundam","3105","Mobile Suit Gundam","358740","8640","5646","2","21","0","0","41.52","Mobile Suit Gundam"
"RC de GO!","3106","RC de GO!","9960","240","95","1","2","0","0","41.5","RC de GO!"
"Fate/Extella","3107","Fate/Extella","11626500","280140","6117","47","664","22","0","41.5","Fate/Extella"
"Arthur's Quest: Battle for the Kingdom","3108","Arthur's Quest: Battle for the Kingdom","4980","120","93","1","2","0","0","41.5","Arthur's Quest: Battle for the Kingdom"
"Soulcalibur II","3109","Soulcalibur II","2934780","70800","7243","3","321","5","0","41.45","Soulcalibur II"
"Corroded","3110","Corroded","67140","1620","594","2","14","0","0","41.44","Corroded"
"Call of Duty: Modern Warfare Remastered","3111","Call of Duty: Modern Warfare Remastered","444427860","10724460","74303","484","64759","843","20","41.44","Call of Duty: Modern Warfare Remastered"
"Fantasy World Dizzy","3112","Fantasy World Dizzy","17400","420","181","1","3","0","0","41.43","Fantasy World Dizzy"
"Mickey no Tokyo Disneyland Daibouken","3113","Mickey no Tokyo Disneyland Daibouken","47220","1140","164","1","4","0","0","41.42","Mickey no Tokyo Disneyland Daibouken"
"Family Trainer","3114","Family Trainer","42240","1020","86","1","1","0","0","41.41","Family Trainer"
"What the box?","3115","What the box?","1477140","35700","6049","6","295","2","0","41.38","What the box?"
"Winning Putt","3116","Winning Putt","3553560","85980","6033","9","363","6","0","41.33","Winning Putt"
"The Typing of the Dead II","3117","The Typing of the Dead II","37200","900","299","1","4","0","0","41.33","The Typing of the Dead II"
"Funaki Masakatsu: Hybrid Wrestler","3118","Funaki Masakatsu: Hybrid Wrestler","29760","720","332","1","2","0","0","41.33","Funaki Masakatsu: Hybrid Wrestler"
"Disney Winnie the Pooh: The Honey Hunt","3119","Disney Winnie the Pooh: The Honey Hunt","52080","1260","285","1","9","0","0","41.33","Disney Winnie the Pooh: The Honey Hunt"
"Black Belt","3120","Black Belt","69420","1680","199","1","7","0","0","41.32","Black Belt"
"Carnivores: Dinosaur Hunter HD","3121","Carnivores: Dinosaur Hunter HD","188400","4560","1054","1","31","0","0","41.32","Carnivores: Dinosaur Hunter HD"
"Shaq Fu","3122","Shaq Fu","307320","7440","1305","1","57","0","0","41.31","Shaq Fu"
"Tales of Destiny","3123","Tales of Destiny","1300200","31500","2541","2","52","2","0","41.28","Tales of Destiny"
"Worms Clan Wars","3124","Worms Clan Wars","5463060","132480","11065","6","653","10","0","41.24","Worms Clan Wars"
"F1 Race Stars","3125","F1 Race Stars","425580","10320","3295","2","60","0","0","41.24","F1 Race Stars"
"Sengoku Basara 4","3126","Sengoku Basara 4","183060","4440","201","1","284","0","0","41.23","Sengoku Basara 4"
"Mad Games Tycoon","3127","Mad Games Tycoon","7399140","179520","3858","7","510","14","0","41.22","Mad Games Tycoon"
"Flash Focus: Vision Training in Minutes a Day","3128","Flash Focus: Vision Training in Minutes a Day","12360","300","80","1","1","0","0","41.2","Flash Focus: Vision Training in Minutes a Day"
"Track & Field","3129","Track & Field","264360","6420","2128","1","25","0","0","41.18","Track & Field"
"Perfect Weapon","3130","Perfect Weapon","14820","360","243","1","2","0","0","41.17","Perfect Weapon"
"Garfield: Attack of the Mutant Lasagna","3131","Garfield: Attack of the Mutant Lasagna","14820","360","96","1","2","0","0","41.17","Garfield: Attack of the Mutant Lasagna"
"Fire Emblem","3132","Fire Emblem","19640760","477180","9358","33","779","37","0","41.16","Fire Emblem"
"FIFA Street","3133","FIFA Street","227160","5520","765","1","30","0","0","41.15","FIFA Street"
"Mad Maestro!","3134","Mad Maestro!","17280","420","129","1","2","0","0","41.14","Mad Maestro!"
"Super Mario World","3135","Super Mario World","98680260","2401800","150670","39","5390","187","4","41.09","Super Mario World"
"Babysitting Mama","3136","Babysitting Mama","59160","1440","166","1","9","0","0","41.08","Babysitting Mama"
"Arma 3","3137","Arma 3","2607869340","63535560","55686","318","52917","4948","120","41.05","Arma 3"
"RollerCoaster Tycoon 2","3138","RollerCoaster Tycoon 2","14779500","360000","21679","7","1355","28","0","41.05","RollerCoaster Tycoon 2"
"Pokémon Snap","3139","Pokémon Snap","7299840","178020","13803","6","648","13","0","41.01","Pokémon Snap"
"Dance Dance Revolution 4thMIX","3140","Dance Dance Revolution 4thMIX","17220","420","273","1","3","0","0","41","Dance Dance Revolution 4thMIX"
"Knights and Bikes","3141","Knights and Bikes","4920","120","43","1","1","0","0","41","Knights and Bikes"
"Ring ni Kakero","3142","Ring ni Kakero","2460","60","43","1","1","0","0","41","Ring ni Kakero"
"Nontan to Issho: Kurukuru Puzzle","3143","Nontan to Issho: Kurukuru Puzzle","2460","60","42","1","1","0","0","41","Nontan to Issho: Kurukuru Puzzle"
"OmniBus","3144","OmniBus","789480","19260","867","4","105","1","0","40.99","OmniBus"
"The Legend of the Mystical Ninja","3145","The Legend of the Mystical Ninja","1785840","43620","2525","3","61","3","0","40.94","The Legend of the Mystical Ninja"
"Shadows Peak","3146","Shadows Peak","596760","14580","1426","2","94","1","0","40.93","Shadows Peak"
"Narco Terror","3147","Narco Terror","68640","1680","567","1","7","0","0","40.86","Narco Terror"
"Cart Life","3148","Cart Life","29400","720","256","1","6","0","0","40.83","Cart Life"
"Scrap Mechanic","3149","Scrap Mechanic","66428940","1626780","40972","51","4515","126","3","40.83","Scrap Mechanic"
"Madden NFL 06","3150","Madden NFL 06","406560","9960","244","2","9","0","0","40.82","Madden NFL 06"
"Animal Crossing: Amiibo Festival","3151","Animal Crossing: Amiibo Festival","1704180","41760","608","3","139","3","0","40.81","Animal Crossing: Amiibo Festival"
"Tyrian","3152","Tyrian","61200","1500","162","1","8","0","0","40.8","Tyrian"
"Hatsune Miku: Project DIVA F 2nd","3153","Hatsune Miku: Project DIVA F 2nd","15267420","374400","2749","7","356","28","0","40.78","Hatsune Miku: Project DIVA F 2nd"
"Mega Man 4","3154","Mega Man 4","6748920","165600","159675","9","392","12","0","40.75","Mega Man 4"
"Ground Branch","3155","Ground Branch","107580","2640","433","1","15","0","0","40.75","Ground Branch"
"Kirby: Super Star Ultra","3156","Kirby: Super Star Ultra","1420140","34860","5600","4","77","2","0","40.74","Kirby: Super Star Ultra"
"Castlevania II: Simon's Quest","3157","Castlevania II: Simon's Quest","2052120","50400","4511","2","177","3","0","40.72","Castlevania II: Simon's Quest"
"Shadowrun","3158","Shadowrun","12281760","301800","4041","11","318","23","0","40.7","Shadowrun"
"ESPN Extreme Games","3159","ESPN Extreme Games","21960","540","150","1","4","0","0","40.67","ESPN Extreme Games"
"Keep Talking and Nobody Explodes","3160","Keep Talking and Nobody Explodes","30512820","750600","25953","18","5381","57","1","40.65","Keep Talking and Nobody Explodes"
"Double Dragon V: The Shadow Falls","3161","Double Dragon V: The Shadow Falls","34140","840","137","1","6","0","0","40.64","Double Dragon V: The Shadow Falls"
"Tokyo Jungle","3162","Tokyo Jungle","943380","23220","3689","2","94","1","0","40.63","Tokyo Jungle"
"Valley","3163","Valley","5375640","132300","29359","15","575","10","0","40.63","Valley"
"Swamp Thing","3164","Swamp Thing","65760","1620","311","1","9","0","0","40.59","Swamp Thing"
"DreadOut","3165","DreadOut","11555340","284760","30997","10","1243","21","0","40.58","DreadOut"
"Mario Golf","3166","Mario Golf","4376640","107880","6860","9","207","8","0","40.57","Mario Golf"
"High Seas Havoc","3167","High Seas Havoc","90060","2220","106","1","5","0","0","40.57","High Seas Havoc"
"Kirikou","3168","Kirikou","21900","540","92","1","2","0","0","40.56","Kirikou"
"The Secret of Monkey Island","3169","The Secret of Monkey Island","7702260","189960","4075","6","612","14","0","40.55","The Secret of Monkey Island"
"Ninja Warriors","3170","Ninja Warriors","350160","8640","1558","3","33","0","0","40.53","Ninja Warriors"
"Windforge","3171","Windforge","235800","5820","253","2","9","0","0","40.52","Windforge"
"Yoshi's New Island","3172","Yoshi's New Island","68040","1680","186","1","9","0","0","40.5","Yoshi's New Island"
"Elmo's Letter Adventure","3173","Elmo's Letter Adventure","29160","720","232","1","5","0","0","40.5","Elmo's Letter Adventure"
"Abra Ca Dabra","3174","Abra Ca Dabra","4860","120","42","1","1","0","0","40.5","Abra Ca Dabra"
"Dora Saves the Mermaids","3175","Dora Saves the Mermaids","4860","120","81","1","1","0","0","40.5","Dora Saves the Mermaids"
"XCOM 2","3176","XCOM 2","485711100","11999040","76838","782","17476","921","22","40.48","XCOM 2"
"Metal Slug: Super Vehicle - 001","3177","Metal Slug: Super Vehicle - 001","2382000","58860","8228","5","317","4","0","40.47","Metal Slug: Super Vehicle - 001"
"Z1 Battle Royale","3178","Z1 Battle Royale","5272330980","130367100","84161","882","117639","10004","247","40.44","Z1 Battle Royale"
"Tetris Plus","3179","Tetris Plus","123720","3060","1906","1","16","0","0","40.43","Tetris Plus"
"Fighters Destiny","3180","Fighters Destiny","33960","840","239","1","8","0","0","40.43","Fighters Destiny"
"Escape From Bug Island","3181","Escape From Bug Island","50940","1260","309","1","5","0","0","40.43","Escape From Bug Island"
"World of Tanks","3182","World of Tanks","3458900520","85569120","146906","379","85965","6563","162","40.42","World of Tanks"
"Cross of the Dutchman","3183","Cross of the Dutchman","106560","2640","627","1","12","0","0","40.36","Cross of the Dutchman"
"Tempest","3184","Tempest","1903800","47220","4829","6","161","3","0","40.32","Tempest"
"Hollow Knight","3185","Hollow Knight","55560","1380","855","1","7","0","0","40.26","Hollow Knight"
"Gangbusters","3186","Gangbusters","9660","240","94","1","2","0","0","40.25","Gangbusters"
"Haydee","3187","Haydee","1868760","46440","7420","6","200","3","0","40.24","Haydee"
"FreezeME","3188","FreezeME","912480","22680","2268","3","70","1","0","40.23","FreezeME"
"Cliffhanger","3189","Cliffhanger","82020","2040","157","1","11","0","0","40.21","Cliffhanger"
"Will Fight for Food","3190","Will Fight for Food","33780","840","185","1","5","0","0","40.21","Will Fight for Food"
"Resident Evil","3191","Resident Evil","96149940","2391900","160038","76","16770","182","4","40.2","Resident Evil"
"Somer Assault","3192","Somer Assault","50640","1260","279","1","5","0","0","40.19","Somer Assault"
"Rhythm Heaven","3193","Rhythm Heaven","578580","14400","334","2","84","1","0","40.18","Rhythm Heaven"
"Torrente 3","3194","Torrente 3","14460","360","72","1","2","0","0","40.17","Torrente 3"
"RollerCoaster Tycoon World","3195","RollerCoaster Tycoon World","15296340","381060","10836","113","1199","29","0","40.14","RollerCoaster Tycoon World"
"Indivisible","3196","Indivisible","385260","9600","1413","2","53","0","0","40.13","Indivisible"
"Final Fantasy Crystal Chronicles: Echoes of Time","3197","Final Fantasy Crystal Chronicles: Echoes of Time","199740","4980","511","1","15","0","0","40.11","Final Fantasy Crystal Chronicles: Echoes of Time"
"Life in Bunker","3198","Life in Bunker","1451220","36180","1562","11","163","2","0","40.11","Life in Bunker"
"Trial by Viking","3199","Trial by Viking","175620","4380","2517","2","28","0","0","40.1","Trial by Viking"
"Phantasy Star Online Episode I & II","3200","Phantasy Star Online Episode I & II","7592340","189480","5196","6","245","14","0","40.07","Phantasy Star Online Episode I & II"