"","","Game","Watch time","Stream time","Peak viewers","Peak channels","Streamers","Average viewers","Average channels","Average viewer ratio",""
"Gauntlet","1801","Gauntlet","2662140","350400","1583","13","4361","5","0","7.6","Gauntlet"
"Robotrek","1802","Robotrek","2656020","21540","4862","3","29","5","0","123.31","Robotrek"
"Viscera Cleanup Detail: Santa's Rampage","1803","Viscera Cleanup Detail: Santa's Rampage","2654280","87060","6044","19","614","5","0","30.49","Viscera Cleanup Detail: Santa's Rampage"
"Heliborne","1804","Heliborne","2640060","30060","31007","5","110","5","0","87.83","Heliborne"
"Legend of Grimrock 2","1805","Legend of Grimrock 2","2634120","203820","1023","4","409","4","0","12.92","Legend of Grimrock 2"
"Dead Island Riptide","1806","Dead Island Riptide","2634060","337260","2523","8","1419","4","0","7.81","Dead Island Riptide"
"Soul Blazer","1807","Soul Blazer","2632380","74520","4076","23","166","4","0","35.32","Soul Blazer"
"JSRF: Jet Set Radio Future","1808","JSRF: Jet Set Radio Future","2629620","136680","3068","7","121","4","0","19.24","JSRF: Jet Set Radio Future"
"Bus Simulator 16","1809","Bus Simulator 16","2617920","117960","1839","8","646","4","0","22.19","Bus Simulator 16"
"LEGO Dimensions","1810","LEGO Dimensions","2616720","630180","1204","13","1900","4","1","4.15","LEGO Dimensions"
"Alien vs Predator","1811","Alien vs Predator","2615280","59100","5094","4","300","4","0","44.25","Alien vs Predator"
"刀塔傳奇 Dota Legend","1812","刀塔傳奇 Dota Legend","2607180","29100","1562","2","17","4","0","89.59","刀塔傳奇 Dota Legend"
"Legend of Mana","1813","Legend of Mana","2605440","128400","5531","5","185","4","0","20.29","Legend of Mana"
"Atelier Sophie: The Alchemist of the Mysterious Book","1814","Atelier Sophie: The Alchemist of the Mysterious Book","2604180","153360","880","10","586","4","0","16.98","Atelier Sophie: The Alchemist of the Mysterious Book"
"Hero Core","1815","Hero Core","2599560","4260","88715","9","31","4","0","610.23","Hero Core"
"Cabela's Big Game Hunter: Pro Hunts","1816","Cabela's Big Game Hunter: Pro Hunts","2597460","22980","12966","3","92","4","0","113.03","Cabela's Big Game Hunter: Pro Hunts"
"Orcs Must Die! 2","1817","Orcs Must Die! 2","2596500","376140","2051","24","1815","4","0","6.9","Orcs Must Die! 2"
"Romance of the Three Kingdoms XIII","1818","Romance of the Three Kingdoms XIII","2595480","173280","514","8","234","4","0","14.98","Romance of the Three Kingdoms XIII"
"Allods Online","1819","Allods Online","2593620","468960","1345","9","671","4","0","5.53","Allods Online"
"White Noise 2","1820","White Noise 2","2588640","19740","12473","6","157","4","0","131.14","White Noise 2"
"God Hand","1821","God Hand","2585460","100080","1871","3","208","4","0","25.83","God Hand"
"Dragon Warrior VII","1822","Dragon Warrior VII","2583000","51420","2175","3","45","4","0","50.23","Dragon Warrior VII"
"Mad Father","1823","Mad Father","2580720","93300","4508","6","388","4","0","27.66","Mad Father"
"DuckTales","1824","DuckTales","2580660","97020","7262","8","318","4","0","26.6","DuckTales"
"Salem","1825","Salem","2577480","54300","462","3","50","4","0","47.47","Salem"
"Lunatic Rave 2","1826","Lunatic Rave 2","2573520","328740","559","5","339","4","0","7.83","Lunatic Rave 2"
"Deliver Us The Moon","1827","Deliver Us The Moon","2573520","8820","25557","7","78","4","0","291.78","Deliver Us The Moon"
"Ninja Gaiden II: The Dark Sword of Chaos","1828","Ninja Gaiden II: The Dark Sword of Chaos","2569800","130500","4297","27","134","4","0","19.69","Ninja Gaiden II: The Dark Sword of Chaos"
"Far Cry 3: Blood Dragon","1829","Far Cry 3: Blood Dragon","2569560","290700","1823","12","1775","4","0","8.84","Far Cry 3: Blood Dragon"
"Lost Kingdoms","1830","Lost Kingdoms","2568180","29460","18180","2","68","4","0","87.18","Lost Kingdoms"
"PlayStation Experience 2015","1831","PlayStation Experience 2015","2566080","4920","22118","19","29","4","0","521.56","PlayStation Experience 2015"
"Eternal Darkness: Sanity's Requiem","1832","Eternal Darkness: Sanity's Requiem","2563980","149100","1017","9","314","4","0","17.2","Eternal Darkness: Sanity's Requiem"
"Mega Man Legends","1833","Mega Man Legends","2556000","168780","1592","5","343","4","0","15.14","Mega Man Legends"
"Left 4 Dead","1834","Left 4 Dead","2554260","606900","1624","13","2711","4","1","4.21","Left 4 Dead"
"Warcraft II: Tides of Darkness","1835","Warcraft II: Tides of Darkness","2551380","207240","1951","5","218","4","0","12.31","Warcraft II: Tides of Darkness"
"Sylvio","1836","Sylvio","2550660","8820","30821","7","37","4","0","289.19","Sylvio"
"Soulcalibur II HD Online","1837","Soulcalibur II HD Online","2550420","18720","1334","2","89","4","0","136.24","Soulcalibur II HD Online"
"Street Fighter Alpha 2","1838","Street Fighter Alpha 2","2548620","22920","6599","3","117","4","0","111.2","Street Fighter Alpha 2"
"Alone in the Dark: The New Nightmare","1839","Alone in the Dark: The New Nightmare","2548440","25140","8028","2","88","4","0","101.37","Alone in the Dark: The New Nightmare"
"Sorcery!","1840","Sorcery!","2542740","23640","2640","2","89","4","0","107.56","Sorcery!"
"Star Conflict","1841","Star Conflict","2540760","338820","9626","6","968","4","0","7.5","Star Conflict"
"UFC: Tapout 2","1842","UFC: Tapout 2","2539320","85020","5339","5","374","4","0","29.87","UFC: Tapout 2"
"Pocket Fighter","1843","Pocket Fighter","2539080","11820","6052","3","62","4","0","214.81","Pocket Fighter"
"Block N Load","1844","Block N Load","2536920","479280","1303","8","1257","4","0","5.29","Block N Load"
"DOSMINE","1845","DOSMINE","2536020","1620","12316","2","10","4","0","1565.44","DOSMINE"
"Gloria Victis","1846","Gloria Victis","2532420","227820","26371","14","568","4","0","11.12","Gloria Victis"
"Bunker Punks","1847","Bunker Punks","2530560","32520","20073","8","172","4","0","77.82","Bunker Punks"
"Sword Art Online: Lost Song","1848","Sword Art Online: Lost Song","2529240","1254060","328","23","4424","4","2","2.02","Sword Art Online: Lost Song"
"Mega Man 7","1849","Mega Man 7","2524680","90960","6144","5","243","4","0","27.76","Mega Man 7"
"New Super Luigi U","1850","New Super Luigi U","2524080","48660","3510","3","105","4","0","51.87","New Super Luigi U"
"Crystal's Pony Tale","1851","Crystal's Pony Tale","2519940","1680","77644","5","14","4","0","1499.96","Crystal's Pony Tale"
"ICO","1852","ICO","2512680","103380","6285","3","239","4","0","24.31","ICO"
"Metal Slug X: Super Vehicle - 001","1853","Metal Slug X: Super Vehicle - 001","2511780","133920","2420","11","433","4","0","18.76","Metal Slug X: Super Vehicle - 001"
"999: 9 Hours, 9 Persons, 9 Doors","1854","999: 9 Hours, 9 Persons, 9 Doors","2511720","159540","655","5","255","4","0","15.74","999: 9 Hours, 9 Persons, 9 Doors"
"Zero Escape: Virtue's Last Reward","1855","Zero Escape: Virtue's Last Reward","2510280","93840","22872","4","83","4","0","26.75","Zero Escape: Virtue's Last Reward"
"Alpha Zylon","1856","Alpha Zylon","2508480","1680","81386","10","22","4","0","1493.14","Alpha Zylon"
"Mindjack","1857","Mindjack","2508240","1980","7397","2","9","4","0","1266.79","Mindjack"
"Half-Life 2: Episode Two","1858","Half-Life 2: Episode Two","2505780","201900","1564","4","515","4","0","12.41","Half-Life 2: Episode Two"
"Romance of the Three Kingdoms","1859","Romance of the Three Kingdoms","2495640","32280","2595","5","39","4","0","77.31","Romance of the Three Kingdoms"
"Fragmented","1860","Fragmented","2494380","91020","23238","12","343","4","0","27.4","Fragmented"
"Twin Saga","1861","Twin Saga","2490960","235740","2251","20","503","4","0","10.57","Twin Saga"
"Fistful of Frags","1862","Fistful of Frags","2490420","217200","4513","6","1218","4","0","11.47","Fistful of Frags"
"Black Mirror II: Reigning Evil","1863","Black Mirror II: Reigning Evil","2490180","30780","1711","2","43","4","0","80.9","Black Mirror II: Reigning Evil"
"WWE 2K15","1864","WWE 2K15","2489040","639660","11991","11","3096","4","1","3.89","WWE 2K15"
"Rune Story","1865","Rune Story","2487300","142320","1041","5","66","4","0","17.48","Rune Story"
"The Movies","1866","The Movies","2480640","17880","2691","4","66","4","0","138.74","The Movies"
"Assassin's Creed: The Ezio Collection","1867","Assassin's Creed: The Ezio Collection","2474460","131280","4838","13","1677","4","0","18.85","Assassin's Creed: The Ezio Collection"
"Dust: An Elysian Tail","1868","Dust: An Elysian Tail","2468760","465300","876","8","1832","4","0","5.31","Dust: An Elysian Tail"
"Vagante","1869","Vagante","2467740","173700","3697","5","524","4","0","14.21","Vagante"
"Metroid","1870","Metroid","2465460","139080","2155","5","415","4","0","17.73","Metroid"
"Alienation","1871","Alienation","2464080","102360","3982","13","2878","4","0","24.07","Alienation"
"Growtopia","1872","Growtopia","2460000","606120","990","9","1175","4","1","4.06","Growtopia"
"Barbie Horse Adventure: Wild Horse Rescue","1873","Barbie Horse Adventure: Wild Horse Rescue","2459760","21120","25246","3","108","4","0","116.47","Barbie Horse Adventure: Wild Horse Rescue"
"Pot Farm","1874","Pot Farm","2454540","12360","716","2","12","4","0","198.59","Pot Farm"
"Pac-Man","1875","Pac-Man","2452620","1224780","3276","25","9714","4","2","2","Pac-Man"
"Rock Band 3","1876","Rock Band 3","2445600","361080","1163","6","462","4","0","6.77","Rock Band 3"
"TypeRacer","1877","TypeRacer","2440140","61200","5462","4","242","4","0","39.87","TypeRacer"
"Magicka","1878","Magicka","2436720","303060","5537","7","1675","4","0","8.04","Magicka"
"Garbage Truck!","1879","Garbage Truck!","2429880","1980","25329","4","13","4","0","1227.21","Garbage Truck!"
"Guild of Dungeoneering","1880","Guild of Dungeoneering","2421360","108120","3817","8","375","4","0","22.4","Guild of Dungeoneering"
"Stay Close","1881","Stay Close","2421060","40140","34794","10","288","4","0","60.32","Stay Close"
"Duke Nukem 3D","1882","Duke Nukem 3D","2420880","160320","2233","4","708","4","0","15.1","Duke Nukem 3D"
"Paranoia","1883","Paranoia","2412600","4200","7823","2","18","4","0","574.43","Paranoia"
"Can't Drive This","1884","Can't Drive This","2412480","37380","8868","9","335","4","0","64.54","Can't Drive This"
"IL-2 Sturmovik: Battle of Stalingrad","1885","IL-2 Sturmovik: Battle of Stalingrad","2407920","237480","1012","7","201","4","0","10.14","IL-2 Sturmovik: Battle of Stalingrad"
"The Flintstones: The Surprise at Dinosaur Peak!","1886","The Flintstones: The Surprise at Dinosaur Peak!","2405400","2220","83189","4","15","4","0","1083.51","The Flintstones: The Surprise at Dinosaur Peak!"
"Turok: Dinosaur Hunter","1887","Turok: Dinosaur Hunter","2402280","120480","2900","4","370","4","0","19.94","Turok: Dinosaur Hunter"
"The Universim","1888","The Universim","2402160","25140","23674","4","122","4","0","95.55","The Universim"
"Crush Your Enemies","1889","Crush Your Enemies","2401620","10380","2382","3","57","4","0","231.37","Crush Your Enemies"
"Dropsy","1890","Dropsy","2400600","65940","5840","4","281","4","0","36.41","Dropsy"
"Supreme Commander: Forged Alliance","1891","Supreme Commander: Forged Alliance","2390040","501780","111","9","661","4","0","4.76","Supreme Commander: Forged Alliance"
"Star Wars: Knights of the Old Republic II - The Sith Lords","1892","Star Wars: Knights of the Old Republic II - The Sith Lords","2389740","430860","482","11","1065","4","0","5.55","Star Wars: Knights of the Old Republic II - The Sith Lords"
"Kirby's Dream Course","1893","Kirby's Dream Course","2389680","39780","1519","3","162","4","0","60.07","Kirby's Dream Course"
"Grandia","1894","Grandia","2388360","165840","573","4","140","4","0","14.4","Grandia"
"Subterrain","1895","Subterrain","2387700","77820","25800","9","169","4","0","30.68","Subterrain"
"Dong Dong Never Die","1896","Dong Dong Never Die","2382540","15420","7286","2","44","4","0","154.51","Dong Dong Never Die"
"Zero: Nuregarasu no Miko","1897","Zero: Nuregarasu no Miko","2382300","78720","1355","4","135","4","0","30.26","Zero: Nuregarasu no Miko"
"Metal Slug: Super Vehicle - 001","1898","Metal Slug: Super Vehicle - 001","2382000","58860","8228","5","317","4","0","40.47","Metal Slug: Super Vehicle - 001"
"Battlefield 1942","1899","Battlefield 1942","2379960","114060","21083","4","202","4","0","20.87","Battlefield 1942"
"Alone in the Dark","1900","Alone in the Dark","2366340","43740","15384","3","137","4","0","54.1","Alone in the Dark"