"","","Game","Watch time","Stream time","Peak viewers","Peak channels","Streamers","Average viewers","Average channels","Average viewer ratio",""
"Osiris: New Dawn","4501","Osiris: New Dawn","21170700","829920","23497","77","2801","40","1","25.51","Osiris: New Dawn"
"BIT.TRIP Presents: Runner2: Future Legend of Rhythm Alien","4502","BIT.TRIP Presents: Runner2: Future Legend of Rhythm Alien","1348320","52860","1852","3","338","2","0","25.51","BIT.TRIP Presents: Runner2: Future Legend of Rhythm Alien"
"Boxing","4503","Boxing","58140","2280","445","2","14","0","0","25.5","Boxing"
"Poker 1","4504","Poker 1","128520","5040","352","2","13","0","0","25.5","Poker 1"
"First Samurai","4505","First Samurai","27540","1080","108","1","3","0","0","25.5","First Samurai"
"Congkakcraze","4506","Congkakcraze","3060","120","26","1","1","0","0","25.5","Congkakcraze"
"Construction Simulator 2015","4507","Construction Simulator 2015","9581820","375840","38169","7","963","18","0","25.49","Construction Simulator 2015"
"Get Wrecked","4508","Get Wrecked","29040","1140","108","1","7","0","0","25.47","Get Wrecked"
"Dragon Warrior II","4509","Dragon Warrior II","2059080","80880","1819","3","61","3","0","25.46","Dragon Warrior II"
"Lemmings 2: The Tribes","4510","Lemmings 2: The Tribes","161820","6360","105","1","13","0","0","25.44","Lemmings 2: The Tribes"
"Love You to Bits","4511","Love You to Bits","13740","540","42","1","1","0","0","25.44","Love You to Bits"
"Tick Tock Isle","4512","Tick Tock Isle","32040","1260","324","1","8","0","0","25.43","Tick Tock Isle"
"Duke Nukem 3D: 20th Anniversary World Tour","4513","Duke Nukem 3D: 20th Anniversary World Tour","3947640","155280","25407","64","804","7","0","25.42","Duke Nukem 3D: 20th Anniversary World Tour"
"Creative","4514","Creative","2852794920","112244040","69027","466","114631","5413","212","25.42","Creative"
"Desert Strike: Return to the Gulf","4515","Desert Strike: Return to the Gulf","150900","5940","597","1","32","0","0","25.4","Desert Strike: Return to the Gulf"
"Dots: A Game About Connecting","4516","Dots: A Game About Connecting","16740","660","153","1","4","0","0","25.36","Dots: A Game About Connecting"
"Aquaman: Battle for Atlantis","4517","Aquaman: Battle for Atlantis","21300","840","109","1","6","0","0","25.36","Aquaman: Battle for Atlantis"
"Putt-Putt Joins the Circus","4518","Putt-Putt Joins the Circus","123180","4860","359","1","28","0","0","25.35","Putt-Putt Joins the Circus"
"Dr. Mario 64","4519","Dr. Mario 64","237180","9360","479","2","24","0","0","25.34","Dr. Mario 64"
"Rapid Reload","4520","Rapid Reload","45600","1800","212","2","13","0","0","25.33","Rapid Reload"
"Marvel Land","4521","Marvel Land","27360","1080","92","1","6","0","0","25.33","Marvel Land"
"El Matador","4522","El Matador","62280","2460","105","1","5","0","0","25.32","El Matador"
"The Amazing Frog?","4523","The Amazing Frog?","229440","9060","851","2","48","0","0","25.32","The Amazing Frog?"
"Red Dead Redemption","4524","Red Dead Redemption","58475220","2309280","27683","200","9898","110","4","25.32","Red Dead Redemption"
"Europa Universalis IV","4525","Europa Universalis IV","99558240","3933780","9368","48","3641","188","7","25.31","Europa Universalis IV"
"Pitfall II: Lost Caverns","4526","Pitfall II: Lost Caverns","15180","600","125","1","3","0","0","25.3","Pitfall II: Lost Caverns"
"Sentient","4527","Sentient","75900","3000","88","1","4","0","0","25.3","Sentient"
"Bladebound","4528","Bladebound","15180","600","55","1","3","0","0","25.3","Bladebound"
"Crypt of the NecroDancer","4529","Crypt of the NecroDancer","31560120","1248960","115729","17","4657","59","2","25.27","Crypt of the NecroDancer"
"Cry Of Fear","4530","Cry Of Fear","14600400","578160","9623","12","3673","27","1","25.25","Cry Of Fear"
"RoboCop 3","4531","RoboCop 3","168180","6660","1369","1","16","0","0","25.25","RoboCop 3"
"Quackshot","4532","Quackshot","54540","2160","315","1","14","0","0","25.25","Quackshot"
"Dragon Ball Z: Extreme Butouden","4533","Dragon Ball Z: Extreme Butouden","37860","1500","129","1","11","0","0","25.24","Dragon Ball Z: Extreme Butouden"
"Disciples II: Guardians of the Light","4534","Disciples II: Guardians of the Light","131760","5220","547","1","9","0","0","25.24","Disciples II: Guardians of the Light"
"Serial Cleaner","4535","Serial Cleaner","78720","3120","656","2","23","0","0","25.23","Serial Cleaner"
"Crash Bandicoot: Warped","4536","Crash Bandicoot: Warped","11802420","467820","4197","7","1337","22","0","25.23","Crash Bandicoot: Warped"
"Call of Duty 4: Modern Warfare","4537","Call of Duty 4: Modern Warfare","75099360","2976120","33068","231","11361","142","5","25.23","Call of Duty 4: Modern Warfare"
"P.O.W.: Prisoners of War","4538","P.O.W.: Prisoners of War","65100","2580","124","2","14","0","0","25.23","P.O.W.: Prisoners of War"
"Nether","4539","Nether","2012220","79800","30531","5","361","3","0","25.22","Nether"
"Shadowgate","4540","Shadowgate","1127160","44700","1131","3","146","2","0","25.22","Shadowgate"
"Quartet","4541","Quartet","30240","1200","246","6","8","0","0","25.2","Quartet"
"Puzzle Pirates","4542","Puzzle Pirates","2043120","81120","6903","4","160","3","0","25.19","Puzzle Pirates"
"WWE SmackDown! vs. RAW 2007","4543","WWE SmackDown! vs. RAW 2007","359700","14280","823","2","37","0","0","25.19","WWE SmackDown! vs. RAW 2007"
"Mega Man Star Force","4544","Mega Man Star Force","436800","17340","698","3","40","0","0","25.19","Mega Man Star Force"
"Metal Slug Anthology","4545","Metal Slug Anthology","838020","33300","1636","3","390","1","0","25.17","Metal Slug Anthology"
"Lawn Mower","4546","Lawn Mower","49800","1980","412","6","14","0","0","25.15","Lawn Mower"
"Galgagon","4547","Galgagon","10560","420","43","1","2","0","0","25.14","Galgagon"
"Battlefield: Bad Company 2","4548","Battlefield: Bad Company 2","15599700","620880","28731","12","2678","29","1","25.13","Battlefield: Bad Company 2"
"Wolfenstein: The New Order","4549","Wolfenstein: The New Order","25448040","1012680","109501","13","6243","48","1","25.13","Wolfenstein: The New Order"
"Transformers: Devastation","4550","Transformers: Devastation","18939180","753660","126800","44","4593","35","1","25.13","Transformers: Devastation"
"Totally Spies!","4551","Totally Spies!","117540","4680","1134","1","7","0","0","25.12","Totally Spies!"
"Koihime Enbu","4552","Koihime Enbu","891840","35520","807","9","121","1","0","25.11","Koihime Enbu"
"Mary-Kate and Ashley: Winner's Circle","4553","Mary-Kate and Ashley: Winner's Circle","15060","600","66","1","1","0","0","25.1","Mary-Kate and Ashley: Winner's Circle"
"Lemmings","4554","Lemmings","442800","17640","1231","3","76","0","0","25.1","Lemmings"
"Autobahn","4555","Autobahn","15060","600","97","1","3","0","0","25.1","Autobahn"
"Game Room","4556","Game Room","1920960","76680","537","5","176","3","0","25.05","Game Room"
"Prime World","4557","Prime World","101290680","4042800","1612","23","1579","192","7","25.05","Prime World"
"SquareCells","4558","SquareCells","31560","1260","110","1","7","0","0","25.05","SquareCells"
"Ninja Gaiden Sigma","4559","Ninja Gaiden Sigma","1068900","42720","667","3","77","2","0","25.02","Ninja Gaiden Sigma"
"Chip 'N Dale Rescue Rangers: The Adventure in Nimnul's Castle","4560","Chip 'N Dale Rescue Rangers: The Adventure in Nimnul's Castle","114060","4560","743","2","29","0","0","25.01","Chip 'N Dale Rescue Rangers: The Adventure in Nimnul's Castle"
"Games Master: Xbox Game Guides & Walkthroughs","4561","Games Master: Xbox Game Guides & Walkthroughs","4500","180","71","1","2","0","0","25","Games Master: Xbox Game Guides & Walkthroughs"
"Dangerous Seed","4562","Dangerous Seed","1500","60","27","1","1","0","0","25","Dangerous Seed"
"Twitch Plays","4563","Twitch Plays","161963100","6478800","8066","29","782","307","12","25","Twitch Plays"
"ZuluWar!","4564","ZuluWar!","1500","60","29","1","1","0","0","25","ZuluWar!"
"Alien Attack","4565","Alien Attack","1500","60","25","1","0","0","0","25","Alien Attack"
"Resident Evil HD Remaster","4566","Resident Evil HD Remaster","20800560","832620","9577","35","2773","39","1","24.98","Resident Evil HD Remaster"
"FIFA 2000","4567","FIFA 2000","68940","2760","770","1","10","0","0","24.98","FIFA 2000"
"Catlateral Damage","4568","Catlateral Damage","2106180","84360","5289","6","646","3","0","24.97","Catlateral Damage"
"Cities: Skylines","4569","Cities: Skylines","137259840","5499840","29307","80","13014","260","10","24.96","Cities: Skylines"
"Twisted Metal 2","4570","Twisted Metal 2","527220","21120","6535","3","72","1","0","24.96","Twisted Metal 2"
"Enforcer: Police Crime Action","4571","Enforcer: Police Crime Action","327840","13140","524","2","77","0","0","24.95","Enforcer: Police Crime Action"
"Karnov's Revenge","4572","Karnov's Revenge","188520","7560","894","2","28","0","0","24.94","Karnov's Revenge"
"Fire Emblem: The Sacred Stones","4573","Fire Emblem: The Sacred Stones","4024620","161460","3987","5","353","7","0","24.93","Fire Emblem: The Sacred Stones"
"Ironcast","4574","Ironcast","752220","30240","4765","4","88","1","0","24.88","Ironcast"
"Human Resource Machine","4575","Human Resource Machine","1879440","75540","5379","4","345","3","0","24.88","Human Resource Machine"
"Hotel Giant 2","4576","Hotel Giant 2","67140","2700","283","1","6","0","0","24.87","Hotel Giant 2"
"Spooky's House of Jump Scares","4577","Spooky's House of Jump Scares","8255460","332160","16775","26","2514","15","0","24.85","Spooky's House of Jump Scares"
"Scribblenauts","4578","Scribblenauts","58140","2340","143","1","19","0","0","24.85","Scribblenauts"
"Front Mission: Gun Hazard","4579","Front Mission: Gun Hazard","287820","11580","991","2","20","0","0","24.85","Front Mission: Gun Hazard"
"Catwoman","4580","Catwoman","108720","4380","1228","1","12","0","0","24.82","Catwoman"
"Run Saber","4581","Run Saber","139980","5640","660","2","18","0","0","24.82","Run Saber"
"Super Robot Wars F","4582","Super Robot Wars F","381120","15360","102","2","4","0","0","24.81","Super Robot Wars F"
"Croc: Legend of the Gobbos","4583","Croc: Legend of the Gobbos","1689900","68100","7717","6","179","3","0","24.81","Croc: Legend of the Gobbos"
"JumpJet Rex","4584","JumpJet Rex","769380","31020","1916","3","147","1","0","24.8","JumpJet Rex"
"SWAT 4: The Stetchkov Syndicate","4585","SWAT 4: The Stetchkov Syndicate","711360","28680","2055","2","121","1","0","24.8","SWAT 4: The Stetchkov Syndicate"
"Overdrive","4586","Overdrive","13380","540","85","1","4","0","0","24.78","Overdrive"
"Savage: The Shard of Gosen","4587","Savage: The Shard of Gosen","19320","780","146","1","6","0","0","24.77","Savage: The Shard of Gosen"
"R-Type","4588","R-Type","544980","22020","4246","2","37","1","0","24.75","R-Type"
"Captain Tsubasa","4589","Captain Tsubasa","75720","3060","164","1","14","0","0","24.75","Captain Tsubasa"
"Pokémon XD: Gale of Darkness","4590","Pokémon XD: Gale of Darkness","5162220","208680","3137","6","500","9","0","24.74","Pokémon XD: Gale of Darkness"
"Gunstar Heroes","4591","Gunstar Heroes","1299660","52560","5655","5","276","2","0","24.73","Gunstar Heroes"
"The Peanuts Movie: Snoopy's Grand Adventure","4592","The Peanuts Movie: Snoopy's Grand Adventure","152760","6180","180","2","33","0","0","24.72","The Peanuts Movie: Snoopy's Grand Adventure"
"Dragon Quest Monsters: Joker 2","4593","Dragon Quest Monsters: Joker 2","299520","12120","104","2","20","0","0","24.71","Dragon Quest Monsters: Joker 2"
"Mortal Kombat: Shaolin Monks","4594","Mortal Kombat: Shaolin Monks","438540","17760","6431","2","72","0","0","24.69","Mortal Kombat: Shaolin Monks"
"Space Rangers","4595","Space Rangers","176220","7140","1064","2","29","0","0","24.68","Space Rangers"
"Oh My Gore!","4596","Oh My Gore!","41460","1680","183","1","8","0","0","24.68","Oh My Gore!"
"Warhound","4597","Warhound","4440","180","34","1","1","0","0","24.67","Warhound"
"Adventures of Tom Sawyer","4598","Adventures of Tom Sawyer","69540","2820","423","1","12","0","0","24.66","Adventures of Tom Sawyer"
"Star Fox 64 3D","4599","Star Fox 64 3D","124200","5040","653","2","30","0","0","24.64","Star Fox 64 3D"
"Ghostbusters: The Video Game","4600","Ghostbusters: The Video Game","3584460","145500","2337","8","527","6","0","24.64","Ghostbusters: The Video Game"