"","","Game","Watch time","Stream time","Peak viewers","Peak channels","Streamers","Average viewers","Average channels","Average viewer ratio",""
"Sid Meier's Civilization V","101","Sid Meier's Civilization V","230325420","7540020","22764","54","17212","437","14","30.55","Sid Meier's Civilization V"
"American Truck Simulator","102","American Truck Simulator","227861940","9681600","47163","363","15447","432","18","23.54","American Truck Simulator"
"Guild Wars 2","103","Guild Wars 2","225037680","15305280","6577","84","16494","427","29","14.7","Guild Wars 2"
"Subnautica","104","Subnautica","224039700","5750340","32141","63","14986","425","10","38.96","Subnautica"
"Watch Dogs 2","105","Watch Dogs 2","221952420","3471900","60009","220","23817","421","6","63.93","Watch Dogs 2"
"Battlerite","106","Battlerite","218026740","7745940","28960","220","16314","413","14","28.15","Battlerite"
"Kerbal Space Program","107","Kerbal Space Program","215564040","7096860","36181","52","11792","409","13","30.37","Kerbal Space Program"
"Shattered Skies","108","Shattered Skies","214485300","3405900","55122","110","3605","407","6","62.97","Shattered Skies"
"Enter the Gungeon","109","Enter the Gungeon","212160960","6290160","39857","307","18119","402","11","33.73","Enter the Gungeon"
"Social Eating","110","Social Eating","209078580","2297880","55709","41","12799","396","4","90.99","Social Eating"
"Games + Demos","111","Games + Demos","208905600","3059880","31676","26","8247","396","5","68.27","Games + Demos"
"Far Cry: Primal","112","Far Cry: Primal","193579080","8969460","74111","386","46751","367","17","21.58","Far Cry: Primal"
"Titanfall 2","113","Titanfall 2","193297260","7191540","52321","379","43130","366","13","26.88","Titanfall 2"
"Golf With Your Friends","114","Golf With Your Friends","187695360","3186600","41428","45","14706","356","6","58.9","Golf With Your Friends"
"Evolve","115","Evolve","185342580","8578980","44136","278","24534","351","16","21.6","Evolve"
"Mafia III","116","Mafia III","182746380","10106160","79661","1429","31953","346","19","18.08","Mafia III"
"Casino Games","117","Casino Games","178992060","2599560","13718","25","1752","339","4","68.85","Casino Games"
"Mario Kart 8","118","Mario Kart 8","177300120","3327540","186246","38","6131","336","6","53.28","Mario Kart 8"
"Star Citizen","119","Star Citizen","176277600","5761980","45650","56","8420","334","10","30.59","Star Citizen"
"Outlast","120","Outlast","174342300","14688840","100468","685","87245","330","27","11.87","Outlast"
"Call of Duty: Black Ops II","121","Call of Duty: Black Ops II","172989720","17981040","21911","100","29864","328","34","9.62","Call of Duty: Black Ops II"
"Dying Light","122","Dying Light","170794800","22853160","33983","544","81957","324","43","7.47","Dying Light"
"MapleStory","123","MapleStory","168061320","9865380","13613","64","8438","318","18","17.04","MapleStory"
"Terraria","124","Terraria","167697060","16520400","28497","92","41019","318","31","10.15","Terraria"
"Heroes of Newerth","125","Heroes of Newerth","165766980","5945160","4492","33","3693","314","11","27.88","Heroes of Newerth"
"The Sims 4","126","The Sims 4","164097180","7037940","27359","52","14347","311","13","23.32","The Sims 4"
"HITMAN","127","HITMAN","163798320","5035020","56534","183","20361","310","9","32.53","HITMAN"
"Star Wars Battlefront","128","Star Wars Battlefront","162225840","29253300","35256","322","10365","307","55","5.55","Star Wars Battlefront"
"Twitch Plays","129","Twitch Plays","161963100","6478800","8066","29","782","307","12","25","Twitch Plays"
"Deus Ex: Mankind Divided","130","Deus Ex: Mankind Divided","161288700","2775120","86681","723","10034","306","5","58.12","Deus Ex: Mankind Divided"
"Duelyst","131","Duelyst","158107560","2584800","22997","31","4137","300","4","61.17","Duelyst"
"Shadowverse","132","Shadowverse","157986540","3167040","31281","71","4495","299","6","49.88","Shadowverse"
"The Last of Us","133","The Last of Us","157163220","21409500","13706","117","45197","298","40","7.34","The Last of Us"
"Super Mario Sunshine","134","Super Mario Sunshine","156101880","2538780","148484","25","3143","296","4","61.49","Super Mario Sunshine"
"Dishonored 2","135","Dishonored 2","153832920","4048920","86255","389","12123","291","7","37.99","Dishonored 2"
"Heroes of Might and Magic III: The Shadow of Death","136","Heroes of Might and Magic III: The Shadow of Death","150728280","1895460","14949","17","1342","286","3","79.52","Heroes of Might and Magic III: The Shadow of Death"
"War Thunder","137","War Thunder","143949900","15912840","17606","84","27413","273","30","9.05","War Thunder"
"IRL","138","IRL","142562100","1350480","38017","195","6245","270","2","105.56","IRL"
"Farming Simulator 17","139","Farming Simulator 17","141998220","9637800","37242","512","13016","269","18","14.73","Farming Simulator 17"
"Yakuza 0","140","Yakuza 0","141818520","396120","19112","23","300","269","0","358.02","Yakuza 0"
"ROBLOX","141","ROBLOX","141544380","20056980","14380","124","71781","268","38","7.06","ROBLOX"
"Chess","142","Chess","139504740","1914180","48490","17","2295","264","3","72.88","Chess"
"Paladins","143","Paladins","138289500","13982520","31166","191","38361","262","26","9.89","Paladins"
"Cities: Skylines","144","Cities: Skylines","137259840","5499840","29307","80","13014","260","10","24.96","Cities: Skylines"
"Borderlands 2","145","Borderlands 2","136248900","14053980","16120","113","33300","258","26","9.69","Borderlands 2"
"Layers of Fear","146","Layers of Fear","135913740","4486440","35563","180","22139","257","8","30.29","Layers of Fear"
"Factorio","147","Factorio","134775240","6777540","26241","66","9910","255","12","19.89","Factorio"
"Killer Instinct","148","Killer Instinct","134543160","4860540","25228","98","14956","255","9","27.68","Killer Instinct"
"Miscreated","149","Miscreated","134200260","4559940","29494","51","8367","254","8","29.43","Miscreated"
"The Forest","150","The Forest","133227960","8194920","33168","100","23675","252","15","16.26","The Forest"
"Battleborn","151","Battleborn","132991860","9162600","32021","610","24946","252","17","14.51","Battleborn"
"Microsoft Flight Simulator X","152","Microsoft Flight Simulator X","132705660","10627200","3789","73","5333","251","20","12.49","Microsoft Flight Simulator X"
"FTL: Faster Than Light","153","FTL: Faster Than Light","129412620","2322480","10919","18","6232","245","4","55.72","FTL: Faster Than Light"
"Farming Simulator 15","154","Farming Simulator 15","126950520","15839460","5336","104","19238","240","30","8.01","Farming Simulator 15"
"Dragon's Dogma: Dark Arisen","155","Dragon's Dogma: Dark Arisen","126945720","4365600","37730","381","8460","240","8","29.08","Dragon's Dogma: Dark Arisen"
"Undertale","156","Undertale","126862500","10402560","32732","118","30761","240","19","12.2","Undertale"
"Pokémon Red/Blue","157","Pokémon Red/Blue","126107340","2912280","185106","53","5557","239","5","43.3","Pokémon Red/Blue"
"Dofus","158","Dofus","121401780","5383080","8764","62","5019","230","10","22.55","Dofus"
"Super Metroid","159","Super Metroid","119573940","2746680","191257","35","2529","226","5","43.53","Super Metroid"
"Left 4 Dead 2","160","Left 4 Dead 2","119511720","10443360","106789","73","36616","226","19","11.44","Left 4 Dead 2"
"Board Games","161","Board Games","118104960","748020","30503","34","1071","224","1","157.89","Board Games"
"Final Fantasy VII","162","Final Fantasy VII","117526260","5805780","6101","61","10329","223","11","20.24","Final Fantasy VII"
"Stellaris","163","Stellaris","116006280","3738480","32618","304","6576","220","7","31.03","Stellaris"
"Clash of Clans","164","Clash of Clans","115779900","6244740","2545","49","12386","219","11","18.54","Clash of Clans"
"Dark Souls II","165","Dark Souls II","115561560","3767940","8190","54","9627","219","7","30.67","Dark Souls II"
"Rise of the Tomb Raider","166","Rise of the Tomb Raider","115434780","11551140","32860","461","34770","219","21","9.99","Rise of the Tomb Raider"
"Guilty Gear Xrd -Revelator-","167","Guilty Gear Xrd -Revelator-","114904680","2494080","131894","63","4222","218","4","46.07","Guilty Gear Xrd -Revelator-"
"Let It Die","168","Let It Die","113963820","3882840","32975","240","13204","216","7","29.35","Let It Die"
"Final Fantasy X/X-2 HD Remaster","169","Final Fantasy X/X-2 HD Remaster","111984720","9794700","29707","174","14998","212","18","11.43","Final Fantasy X/X-2 HD Remaster"
"Metal Gear Solid V: The Phantom Pain","170","Metal Gear Solid V: The Phantom Pain","111767220","18712380","5684","144","40356","212","35","5.97","Metal Gear Solid V: The Phantom Pain"
"Gang Beasts","171","Gang Beasts","111337560","878340","48314","23","5714","211","1","126.76","Gang Beasts"
"The Legend of Zelda: A Link to the Past","172","The Legend of Zelda: A Link to the Past","111017160","3102300","197307","41","4188","210","5","35.79","The Legend of Zelda: A Link to the Past"
"Kartrider","173","Kartrider","110649960","1083360","7023","26","1633","209","2","102.14","Kartrider"
"Grand Theft Auto: San Andreas","174","Grand Theft Auto: San Andreas","110633820","6354360","11704","43","19904","209","12","17.41","Grand Theft Auto: San Andreas"
"Gears of War: Ultimate Edition","175","Gears of War: Ultimate Edition","109689480","9993540","16292","84","20732","208","18","10.98","Gears of War: Ultimate Edition"
"ArcheAge","176","ArcheAge","109546560","5190540","13617","141","5846","207","9","21.11","ArcheAge"
"Punch Club","177","Punch Club","108322620","1281600","43813","61","4376","205","2","84.52","Punch Club"
"Firewatch","178","Firewatch","108220080","2835420","149305","700","14438","205","5","38.17","Firewatch"
"The Last Guardian","179","The Last Guardian","107487120","905040","55149","132","6278","203","1","118.77","The Last Guardian"
"Age of Empires II","180","Age of Empires II","107200740","2454540","9127","18","1355","203","4","43.67","Age of Empires II"
"Town of Salem","181","Town of Salem","106581240","3537960","44627","35","11446","202","6","30.13","Town of Salem"
"Elite: Dangerous","182","Elite: Dangerous","106225200","12858180","2460","86","14484","201","24","8.26","Elite: Dangerous"
"Life Is Strange","183","Life Is Strange","105988440","6401640","21098","69","26447","201","12","16.56","Life Is Strange"
"Knight Online","184","Knight Online","104920500","2393460","3329","29","2082","199","4","43.84","Knight Online"
"Naruto Shippuden: Ultimate Ninja Storm 4","185","Naruto Shippuden: Ultimate Ninja Storm 4","104303100","7794000","34575","339","40285","197","14","13.38","Naruto Shippuden: Ultimate Ninja Storm 4"
"XCOM: Enemy Within","186","XCOM: Enemy Within","103236900","2372880","12424","44","3456","195","4","43.51","XCOM: Enemy Within"
"Virtual Reality","187","Virtual Reality","101602200","946740","40281","15","1590","192","1","107.32","Virtual Reality"
"Tree of Savior","188","Tree of Savior","101487240","8229660","6796","357","9029","192","15","12.33","Tree of Savior"
"Prime World","189","Prime World","101290680","4042800","1612","23","1579","192","7","25.05","Prime World"
"PLAYERUNKNOWN'S BATTLEGROUNDS","190","PLAYERUNKNOWN'S BATTLEGROUNDS","100052760","805500","42520","232","1860","189","1","124.21","PLAYERUNKNOWN'S BATTLEGROUNDS"
"Tabletop Simulator","191","Tabletop Simulator","99710160","1927500","35200","25","7066","189","3","51.73","Tabletop Simulator"
"Europa Universalis IV","192","Europa Universalis IV","99558240","3933780","9368","48","3641","188","7","25.31","Europa Universalis IV"
"Hearts of Iron IV","193","Hearts of Iron IV","98920080","2243760","20148","126","3141","187","4","44.09","Hearts of Iron IV"
"Super Mario World","194","Super Mario World","98680260","2401800","150670","39","5390","187","4","41.09","Super Mario World"
"Heavy Rain","195","Heavy Rain","98238720","514380","40352","29","5104","186","0","190.98","Heavy Rain"
"Puzzle & Dragons","196","Puzzle & Dragons","98023980","2281080","6811","26","1378","186","4","42.97","Puzzle & Dragons"
"Until Dawn","197","Until Dawn","97997100","1250340","15767","50","18469","185","2","78.38","Until Dawn"
"Geometry Dash","198","Geometry Dash","97535100","10514400","3784","62","12452","185","19","9.28","Geometry Dash"
"Pokkén Tournament","199","Pokkén Tournament","97182060","2074740","44811","281","3845","184","3","46.84","Pokkén Tournament"
"Splatoon","200","Splatoon","97114020","8994000","128419","125","6029","184","17","10.8","Splatoon"