"","","Game","Watch time","Stream time","Peak viewers","Peak channels","Streamers","Average viewers","Average channels","Average viewer ratio",""
"War of the Vikings","10501","War of the Vikings","73560","11520","320","2","39","0","0","6.39","War of the Vikings"
"Armed and Dangerous","10502","Armed and Dangerous","12660","1980","65","1","12","0","0","6.39","Armed and Dangerous"
"Mighty Morphin Power Rangers","10503","Mighty Morphin Power Rangers","216300","33840","1162","2","154","0","0","6.39","Mighty Morphin Power Rangers"
"Delta Force: Black Hawk Down - Team Sabre","10504","Delta Force: Black Hawk Down - Team Sabre","35640","5580","244","2","17","0","0","6.39","Delta Force: Black Hawk Down - Team Sabre"
"Tiny Toon Adventures 2: Trouble in Wackyland","10505","Tiny Toon Adventures 2: Trouble in Wackyland","11880","1860","26","1","12","0","0","6.39","Tiny Toon Adventures 2: Trouble in Wackyland"
"Noby Noby Boy","10506","Noby Noby Boy","6900","1080","33","1","9","0","0","6.39","Noby Noby Boy"
"Software Inc","10507","Software Inc","627720","98460","662","3","305","1","0","6.38","Software Inc"
"Seven Mysteries","10508","Seven Mysteries","12240","1920","46","1","13","0","0","6.38","Seven Mysteries"
"Armored Core: Nine Breaker","10509","Armored Core: Nine Breaker","18360","2880","190","1","7","0","0","6.38","Armored Core: Nine Breaker"
"Inazuma Eleven GO","10510","Inazuma Eleven GO","22200","3480","20","1","4","0","0","6.38","Inazuma Eleven GO"
"Karaoke Joysound","10511","Karaoke Joysound","8040","1260","54","1","7","0","0","6.38","Karaoke Joysound"
"Guitar Hero Encore: Rocks the 80s","10512","Guitar Hero Encore: Rocks the 80s","42840","6720","41","2","16","0","0","6.38","Guitar Hero Encore: Rocks the 80s"
"Evil Dead: A Fistful of Boomstick","10513","Evil Dead: A Fistful of Boomstick","49800","7800","46","1","27","0","0","6.38","Evil Dead: A Fistful of Boomstick"
"Crackdown 2","10514","Crackdown 2","31380","4920","222","1","17","0","0","6.38","Crackdown 2"
"Battlefield 2","10515","Battlefield 2","1258560","197340","2796","4","703","2","0","6.38","Battlefield 2"
"Synergy","10516","Synergy","301860","47340","410","3","248","0","0","6.38","Synergy"
"Dirty Bomb","10517","Dirty Bomb","22539480","3534540","3646","34","9038","42","6","6.38","Dirty Bomb"
"Code Geass: Hangyaku no Lelouch","10518","Code Geass: Hangyaku no Lelouch","4980","780","18","1","2","0","0","6.38","Code Geass: Hangyaku no Lelouch"
"Shoot Shoot Mega Pack","10519","Shoot Shoot Mega Pack","8040","1260","33","1","5","0","0","6.38","Shoot Shoot Mega Pack"
"EA Sports UFC","10520","EA Sports UFC","5496420","862260","4233","26","9606","10","1","6.37","EA Sports UFC"
"Nameless ~The One Thing You Must Recall~","10521","Nameless ~The One Thing You Must Recall~","51180","8040","92","2","29","0","0","6.37","Nameless ~The One Thing You Must Recall~"
"Bionicle","10522","Bionicle","31320","4920","40","2","24","0","0","6.37","Bionicle"
"Aliens Versus Predator","10523","Aliens Versus Predator","202500","31860","406","3","120","0","0","6.36","Aliens Versus Predator"
"F.E.A.R.: Perseus Mandate","10524","F.E.A.R.: Perseus Mandate","223740","35160","193","2","108","0","0","6.36","F.E.A.R.: Perseus Mandate"
"Harvest Moon: Save the Homeland","10525","Harvest Moon: Save the Homeland","25560","4020","33","1","18","0","0","6.36","Harvest Moon: Save the Homeland"
"Return to Zork","10526","Return to Zork","27840","4380","44","1","7","0","0","6.36","Return to Zork"
"Phantom of the Kill","10527","Phantom of the Kill","52680","8280","27","2","16","0","0","6.36","Phantom of the Kill"
"Nightmare Ned","10528","Nightmare Ned","6480","1020","17","1","5","0","0","6.35","Nightmare Ned"
"Hyperdimension Neptunia","10529","Hyperdimension Neptunia","274620","43260","114","3","87","0","0","6.35","Hyperdimension Neptunia"
"Alien Hominid","10530","Alien Hominid","107760","16980","1090","2","98","0","0","6.35","Alien Hominid"
"Darkest Hour: A Hearts of Iron Game","10531","Darkest Hour: A Hearts of Iron Game","61380","9660","103","3","25","0","0","6.35","Darkest Hour: A Hearts of Iron Game"
"Buscaminas","10532","Buscaminas","52500","8280","90","2","49","0","0","6.34","Buscaminas"
"Retro City Rampage","10533","Retro City Rampage","219060","34560","484","3","197","0","0","6.34","Retro City Rampage"
"Might & Magic Duel of Champions","10534","Might & Magic Duel of Champions","1493940","235740","571","6","302","2","0","6.34","Might & Magic Duel of Champions"
"Avalon Legends","10535","Avalon Legends","13320","2100","34","1","11","0","0","6.34","Avalon Legends"
"Blueprint Tycoon","10536","Blueprint Tycoon","79560","12540","788","2","42","0","0","6.34","Blueprint Tycoon"
"All-Star Baseball 2005","10537","All-Star Baseball 2005","1140","180","9","1","1","0","0","6.33","All-Star Baseball 2005"
"PlayStation Network Collection: Puzzle Pack","10538","PlayStation Network Collection: Puzzle Pack","2280","360","14","1","2","0","0","6.33","PlayStation Network Collection: Puzzle Pack"
"Mobile Suit Gundam: EX Revue","10539","Mobile Suit Gundam: EX Revue","2280","360","10","1","2","0","0","6.33","Mobile Suit Gundam: EX Revue"
"Angelic Concert","10540","Angelic Concert","1140","180","8","1","1","0","0","6.33","Angelic Concert"
"Wii Chess","10541","Wii Chess","1140","180","21","1","2","0","0","6.33","Wii Chess"
"Mega Man Legends 3: Prototype Version","10542","Mega Man Legends 3: Prototype Version","1140","180","8","1","1","0","0","6.33","Mega Man Legends 3: Prototype Version"
"Mishap: An Accidental Haunting","10543","Mishap: An Accidental Haunting","3420","540","11","1","1","0","0","6.33","Mishap: An Accidental Haunting"
"Ben Jordan: Paranormal Investigator Case 2 - The Lost Galleon of the Salton Sea","10544","Ben Jordan: Paranormal Investigator Case 2 - The Lost Galleon of the Salton Sea","1140","180","9","1","1","0","0","6.33","Ben Jordan: Paranormal Investigator Case 2 - The Lost Galleon of the Salton Sea"
"Room Ten","10545","Room Ten","2280","360","19","1","4","0","0","6.33","Room Ten"
"Namco Museum: Battle Collection","10546","Namco Museum: Battle Collection","1140","180","8","1","1","0","0","6.33","Namco Museum: Battle Collection"
"Angels Fall First","10547","Angels Fall First","76680","12120","487","2","57","0","0","6.33","Angels Fall First"
"SkyGunner","10548","SkyGunner","9120","1440","50","1","4","0","0","6.33","SkyGunner"
"2064: Read Only Memories","10549","2064: Read Only Memories","263160","41580","403","3","144","0","0","6.33","2064: Read Only Memories"
"Galactic Conquerors","10550","Galactic Conquerors","2280","360","33","1","2","0","0","6.33","Galactic Conquerors"
"Epidemic","10551","Epidemic","1140","180","10","1","1","0","0","6.33","Epidemic"
"Dragon Tales: Dragon Adventures","10552","Dragon Tales: Dragon Adventures","1140","180","17","1","2","0","0","6.33","Dragon Tales: Dragon Adventures"
"Change Maker","10553","Change Maker","2280","360","24","1","3","0","0","6.33","Change Maker"
"Pen Pen Tri-Icelon","10554","Pen Pen Tri-Icelon","1140","180","10","1","2","0","0","6.33","Pen Pen Tri-Icelon"
"Sideway: New York","10555","Sideway: New York","3420","540","20","1","5","0","0","6.33","Sideway: New York"
"Alpha Kimori","10556","Alpha Kimori","1140","180","15","1","2","0","0","6.33","Alpha Kimori"
"Arctic Adventure","10557","Arctic Adventure","2280","360","14","1","2","0","0","6.33","Arctic Adventure"
"Grind Session","10558","Grind Session","2280","360","21","1","3","0","0","6.33","Grind Session"
"Marvel: Avengers Alliance","10559","Marvel: Avengers Alliance","171300","27060","89","2","19","0","0","6.33","Marvel: Avengers Alliance"
"Cobra Triangle","10560","Cobra Triangle","31920","5040","56","1","14","0","0","6.33","Cobra Triangle"
"BomberFUN","10561","BomberFUN","1140","180","17","1","3","0","0","6.33","BomberFUN"
"Demolition Girl","10562","Demolition Girl","1140","180","8","1","1","0","0","6.33","Demolition Girl"
"Gun Dealer","10563","Gun Dealer","1140","180","15","1","2","0","0","6.33","Gun Dealer"
"Pokémon ie TAP?","10564","Pokémon ie TAP?","1140","180","10","1","1","0","0","6.33","Pokémon ie TAP?"
"Riff Racer","10565","Riff Racer","221760","35100","2360","3","168","0","0","6.32","Riff Racer"
"Final Fantasy Dimensions","10566","Final Fantasy Dimensions","59940","9480","78","2","9","0","0","6.32","Final Fantasy Dimensions"
"Wind and Water: Puzzle Battles","10567","Wind and Water: Puzzle Battles","11760","1860","36","1","3","0","0","6.32","Wind and Water: Puzzle Battles"
"Commando","10568","Commando","15900","2520","75","2","11","0","0","6.31","Commando"
"Amnesia: Memories","10569","Amnesia: Memories","563340","89220","413","3","240","1","0","6.31","Amnesia: Memories"
"Hamsterball","10570","Hamsterball","4920","780","25","1","6","0","0","6.31","Hamsterball"
"Jimmy Neutron: Boy Genius","10571","Jimmy Neutron: Boy Genius","42000","6660","99","2","37","0","0","6.31","Jimmy Neutron: Boy Genius"
"Monopoly 3","10572","Monopoly 3","10980","1740","30","1","4","0","0","6.31","Monopoly 3"
"The Music Machine","10573","The Music Machine","38220","6060","89","1","33","0","0","6.31","The Music Machine"
"Bomberman Fantasy Race","10574","Bomberman Fantasy Race","53040","8400","123","2","15","0","0","6.31","Bomberman Fantasy Race"
"True Crime: New York City","10575","True Crime: New York City","44640","7080","112","2","29","0","0","6.31","True Crime: New York City"
"Legacy of Kain: Soul Reaver","10576","Legacy of Kain: Soul Reaver","626700","99300","574","4","219","1","0","6.31","Legacy of Kain: Soul Reaver"
"Crypt of the Serpent King","10577","Crypt of the Serpent King","70380","11160","175","5","85","0","0","6.31","Crypt of the Serpent King"
"The Tribe","10578","The Tribe","7560","1200","60","1","17","0","0","6.3","The Tribe"
"Dino Run","10579","Dino Run","21180","3360","40","5","19","0","0","6.3","Dino Run"
"Sid Meier's Civilization: Beyond Earth","10580","Sid Meier's Civilization: Beyond Earth","1134660","180000","2120","6","637","2","0","6.3","Sid Meier's Civilization: Beyond Earth"
"Warhammer 40,000: Space Marine","10581","Warhammer 40,000: Space Marine","1154820","183180","408","5","768","2","0","6.3","Warhammer 40,000: Space Marine"
"Girl Friend Beta","10582","Girl Friend Beta","24180","3840","18","2","5","0","0","6.3","Girl Friend Beta"
"Army Men: Air Attack","10583","Army Men: Air Attack","3780","600","25","1","7","0","0","6.3","Army Men: Air Attack"
"Smurfs Save the Day","10584","Smurfs Save the Day","3780","600","14","1","4","0","0","6.3","Smurfs Save the Day"
"Jet Moto 2","10585","Jet Moto 2","37020","5880","450","1","10","0","0","6.3","Jet Moto 2"
"Legend of the Ghost Lion","10586","Legend of the Ghost Lion","7560","1200","31","1","2","0","0","6.3","Legend of the Ghost Lion"
"Death Sword","10587","Death Sword","2640","420","11","1","3","0","0","6.29","Death Sword"
"Sex","10588","Sex","65340","10380","182","2","23","0","0","6.29","Sex"
"Double Dragon Trilogy","10589","Double Dragon Trilogy","30180","4800","95","2","28","0","0","6.29","Double Dragon Trilogy"
"Dark Echo","10590","Dark Echo","53580","8520","326","2","55","0","0","6.29","Dark Echo"
"Savage Lands","10591","Savage Lands","1316940","209220","1105","10","766","2","0","6.29","Savage Lands"
"ōdi∙um","10592","ōdi∙um","54720","8700","64","1","19","0","0","6.29","ōdi∙um"
"World Super Police","10593","World Super Police","2640","420","14","1","1","0","0","6.29","World Super Police"
"Deponia: The Complete Journey","10594","Deponia: The Complete Journey","1075500","171180","472","5","366","2","0","6.28","Deponia: The Complete Journey"
"Take On Mars","10595","Take On Mars","451620","71940","321","3","143","0","0","6.28","Take On Mars"
"Batman: Arkham Origins","10596","Batman: Arkham Origins","2901120","462300","616","7","1510","5","0","6.28","Batman: Arkham Origins"
"Lord of Vermillion Arena","10597","Lord of Vermillion Arena","338160","53820","94","5","53","0","0","6.28","Lord of Vermillion Arena"
"Mega Man Zero Collection","10598","Mega Man Zero Collection","91920","14640","73","2","35","0","0","6.28","Mega Man Zero Collection"
"Rune Factory 3: A Fantasy Harvest Moon","10599","Rune Factory 3: A Fantasy Harvest Moon","185880","29580","66","3","34","0","0","6.28","Rune Factory 3: A Fantasy Harvest Moon"
"Yo! Noid","10600","Yo! Noid","21840","3480","47","1","17","0","0","6.28","Yo! Noid"