"","","Game","Watch time","Stream time","Peak viewers","Peak channels","Streamers","Average viewers","Average channels","Average viewer ratio",""
"Zombie Kill of the Week - Reborn","9801","Zombie Kill of the Week - Reborn","63480","8760","496","2","43","0","0","7.25","Zombie Kill of the Week - Reborn"
"In the Kingdom","9802","In the Kingdom","1740","240","15","1","3","0","0","7.25","In the Kingdom"
"The Firemen 2: Pete & Danny","9803","The Firemen 2: Pete & Danny","1740","240","14","1","1","0","0","7.25","The Firemen 2: Pete & Danny"
"Tea Society of a Witch","9804","Tea Society of a Witch","1740","240","11","1","1","0","0","7.25","Tea Society of a Witch"
"Blood Alloy","9805","Blood Alloy","14760","2040","44","1","17","0","0","7.24","Blood Alloy"
"Sega Vintage Collection: Streets of Rage","9806","Sega Vintage Collection: Streets of Rage","578340","79860","964","3","323","1","0","7.24","Sega Vintage Collection: Streets of Rage"
"F1 2013","9807","F1 2013","438900","60600","752","4","239","0","0","7.24","F1 2013"
"Medieval Engineers","9808","Medieval Engineers","406680","56160","449","3","168","0","0","7.24","Medieval Engineers"
"Elder Sign: Omens","9809","Elder Sign: Omens","33900","4680","88","1","23","0","0","7.24","Elder Sign: Omens"
"Wonder Boy III: Monster Lair","9810","Wonder Boy III: Monster Lair","10860","1500","31","1","11","0","0","7.24","Wonder Boy III: Monster Lair"
"Zumba Fitness: World Party","9811","Zumba Fitness: World Party","45120","6240","30","1","25","0","0","7.23","Zumba Fitness: World Party"
"Rise of Mythos","9812","Rise of Mythos","154920","21420","62","3","12","0","0","7.23","Rise of Mythos"
"Talisman Prologue","9813","Talisman Prologue","5640","780","40","1","6","0","0","7.23","Talisman Prologue"
"Musaic Box","9814","Musaic Box","5640","780","20","1","3","0","0","7.23","Musaic Box"
"Bloons Super Monkey 2","9815","Bloons Super Monkey 2","11280","1560","91","1","8","0","0","7.23","Bloons Super Monkey 2"
"Chasing Dead","9816","Chasing Dead","42540","5880","264","2","38","0","0","7.23","Chasing Dead"
"Girlfriend Note","9817","Girlfriend Note","26880","3720","22","1","9","0","0","7.23","Girlfriend Note"
"The Time Warp of Dr. Brain","9818","The Time Warp of Dr. Brain","3900","540","16","1","2","0","0","7.22","The Time Warp of Dr. Brain"
"Psycho-Pass: Mandatory Happiness","9819","Psycho-Pass: Mandatory Happiness","137700","19080","156","4","97","0","0","7.22","Psycho-Pass: Mandatory Happiness"
"Mystery Master: Murder by the Dozen","9820","Mystery Master: Murder by the Dozen","37680","5220","211","2","11","0","0","7.22","Mystery Master: Murder by the Dozen"
"FPS Trainer","9821","FPS Trainer","25980","3600","327","1","30","0","0","7.22","FPS Trainer"
"Dead Space Extraction","9822","Dead Space Extraction","52860","7320","46","2","28","0","0","7.22","Dead Space Extraction"
"Mega Man Star Force 3","9823","Mega Man Star Force 3","143160","19860","86","1","22","0","0","7.21","Mega Man Star Force 3"
"Young Merlin","9824","Young Merlin","26400","3660","326","1","14","0","0","7.21","Young Merlin"
"FIFA 99","9825","FIFA 99","28560","3960","195","1","24","0","0","7.21","FIFA 99"
"Distant Worlds","9826","Distant Worlds","139740","19380","140","2","38","0","0","7.21","Distant Worlds"
"Halo 3","9827","Halo 3","2301720","319380","502","7","703","4","0","7.21","Halo 3"
"NBA Jam","9828","NBA Jam","144420","20040","466","2","115","0","0","7.21","NBA Jam"
"Dungeon Defenders II","9829","Dungeon Defenders II","10816020","1499940","29509","20","4191","20","2","7.21","Dungeon Defenders II"
"Tumblestone","9830","Tumblestone","1042440","144540","381","28","1090","1","0","7.21","Tumblestone"
"Armajet","9831","Armajet","65340","9060","117","2","25","0","0","7.21","Armajet"
"Reagan Gorbachev","9832","Reagan Gorbachev","10380","1440","67","1","26","0","0","7.21","Reagan Gorbachev"
"Elysium","9833","Elysium","119700","16620","355","3","15","0","0","7.2","Elysium"
"Where in the USA is Carmen Sandiego? (Enhanced)","9834","Where in the USA is Carmen Sandiego? (Enhanced)","2160","300","10","1","2","0","0","7.2","Where in the USA is Carmen Sandiego? (Enhanced)"
"Quacker Blaster","9835","Quacker Blaster","2160","300","11","1","1","0","0","7.2","Quacker Blaster"
"Arcane Legends","9836","Arcane Legends","187920","26100","351","2","42","0","0","7.2","Arcane Legends"
"Zork I: The Great Underground Empire","9837","Zork I: The Great Underground Empire","94200","13080","98","2","34","0","0","7.2","Zork I: The Great Underground Empire"
"AFL Live","9838","AFL Live","4320","600","25","1","4","0","0","7.2","AFL Live"
"Transistor","9839","Transistor","3394380","471720","10431","8","2622","6","0","7.2","Transistor"
"Urban Terror","9840","Urban Terror","347280","48240","119","3","117","0","0","7.2","Urban Terror"
"Egg vs. Chicken","9841","Egg vs. Chicken","118740","16500","1826","1","2","0","0","7.2","Egg vs. Chicken"
"Raid Over Moscow","9842","Raid Over Moscow","2160","300","15","1","1","0","0","7.2","Raid Over Moscow"
"Slip","9843","Slip","6480","900","63","1","4","0","0","7.2","Slip"
"White Knight Chronicles: International Edition","9844","White Knight Chronicles: International Edition","66480","9240","38","1","18","0","0","7.19","White Knight Chronicles: International Edition"
"Road Rash 64","9845","Road Rash 64","72900","10140","141","2","42","0","0","7.19","Road Rash 64"
"Cooking Mama 3: Shop and Chop","9846","Cooking Mama 3: Shop and Chop","15960","2220","27","1","11","0","0","7.19","Cooking Mama 3: Shop and Chop"
"Battle Pirates","9847","Battle Pirates","1051860","146220","354","3","62","1","0","7.19","Battle Pirates"
"Wing Commander: Privateer","9848","Wing Commander: Privateer","47880","6660","124","1","10","0","0","7.19","Wing Commander: Privateer"
"Hidden Objects: Mystery Stories","9849","Hidden Objects: Mystery Stories","4740","660","20","1","3","0","0","7.18","Hidden Objects: Mystery Stories"
"Darius Burst","9850","Darius Burst","299460","41700","234","4","130","0","0","7.18","Darius Burst"
"Onimusha: Dawn of Dreams","9851","Onimusha: Dawn of Dreams","204120","28440","77","2","35","0","0","7.18","Onimusha: Dawn of Dreams"
"Need for Speed: High Stakes","9852","Need for Speed: High Stakes","37500","5220","54","1","23","0","0","7.18","Need for Speed: High Stakes"
"Puzzle Bots","9853","Puzzle Bots","4740","660","17","1","4","0","0","7.18","Puzzle Bots"
"David Crane's A Boy and his Blob: Trouble on Blobolonia","9854","David Crane's A Boy and his Blob: Trouble on Blobolonia","4740","660","31","1","5","0","0","7.18","David Crane's A Boy and his Blob: Trouble on Blobolonia"
"Frozen Cortex","9855","Frozen Cortex","18960","2640","71","1","13","0","0","7.18","Frozen Cortex"
"A Golden Wake","9856","A Golden Wake","9480","1320","47","1","4","0","0","7.18","A Golden Wake"
"Sega 3D Fukkoku Archives 2","9857","Sega 3D Fukkoku Archives 2","2580","360","11","1","1","0","0","7.17","Sega 3D Fukkoku Archives 2"
"Earth Liberation","9858","Earth Liberation","5160","720","26","1","5","0","0","7.17","Earth Liberation"
"Cho Aniki: Kyuukyoku Muteki Ginga Saikyou Otoko","9859","Cho Aniki: Kyuukyoku Muteki Ginga Saikyou Otoko","2580","360","10","1","2","0","0","7.17","Cho Aniki: Kyuukyoku Muteki Ginga Saikyou Otoko"
"Jagged Alliance: Back in Action","9860","Jagged Alliance: Back in Action","111420","15540","458","2","34","0","0","7.17","Jagged Alliance: Back in Action"
"Uriel's Chasm","9861","Uriel's Chasm","32700","4560","150","1","30","0","0","7.17","Uriel's Chasm"
"Heroes of Might and Magic V: Tribes of the East","9862","Heroes of Might and Magic V: Tribes of the East","1549980","216240","1746","6","254","2","0","7.17","Heroes of Might and Magic V: Tribes of the East"
"Unreal Tournament","9863","Unreal Tournament","4610880","642720","6709","10","2324","8","1","7.17","Unreal Tournament"
"Nearwood","9864","Nearwood","38280","5340","122","1","13","0","0","7.17","Nearwood"
"Hasbro Family Game Night 3","9865","Hasbro Family Game Night 3","2580","360","13","1","3","0","0","7.17","Hasbro Family Game Night 3"
"Ultimate Mortal Kombat","9866","Ultimate Mortal Kombat","8160","1140","43","1","9","0","0","7.16","Ultimate Mortal Kombat"
"UnEpic","9867","UnEpic","2106840","294300","1298","9","838","3","0","7.16","UnEpic"
"SWAT 4","9868","SWAT 4","436080","60900","1034","3","261","0","0","7.16","SWAT 4"
"Legend of Legaia","9869","Legend of Legaia","1061400","148320","399","4","219","2","0","7.16","Legend of Legaia"
"Freespace 2","9870","Freespace 2","185940","25980","180","2","56","0","0","7.16","Freespace 2"
"beatmania IIDX 13 DistorteD","9871","beatmania IIDX 13 DistorteD","31380","4380","49","2","12","0","0","7.16","beatmania IIDX 13 DistorteD"
"Hamlet or the last game without MMORPG elements, shaders, and product placement","9872","Hamlet or the last game without MMORPG elements, shaders, and product placement","8160","1140","28","1","8","0","0","7.16","Hamlet or the last game without MMORPG elements, shaders, and product placement"
"Tera","9873","Tera","75016620","10492800","5919","103","11922","142","19","7.15","Tera"
"Dai 3-Ji Super Robot Taisen Z Tengoku-hen","9874","Dai 3-Ji Super Robot Taisen Z Tengoku-hen","244020","34140","38","2","11","0","0","7.15","Dai 3-Ji Super Robot Taisen Z Tengoku-hen"
"Hayarigami: Toshi Densetsu Kaii Jiken","9875","Hayarigami: Toshi Densetsu Kaii Jiken","8580","1200","50","1","2","0","0","7.15","Hayarigami: Toshi Densetsu Kaii Jiken"
"Warden: Melody of the Undergrowth","9876","Warden: Melody of the Undergrowth","33420","4680","56","1","22","0","0","7.14","Warden: Melody of the Undergrowth"
"Shadows of Cairn","9877","Shadows of Cairn","3000","420","23","1","3","0","0","7.14","Shadows of Cairn"
"Finding Nemo","9878","Finding Nemo","49680","6960","184","2","31","0","0","7.14","Finding Nemo"
"Xenosaga: Episode I - Der Wille zur Macht","9879","Xenosaga: Episode I - Der Wille zur Macht","768060","107520","183","4","118","1","0","7.14","Xenosaga: Episode I - Der Wille zur Macht"
"Firefall","9880","Firefall","1957080","274140","1115","14","706","3","0","7.14","Firefall"
"inFamous","9881","inFamous","500880","70140","314","3","114","0","0","7.14","inFamous"
"The Sacred Tears TRUE","9882","The Sacred Tears TRUE","12420","1740","47","1","3","0","0","7.14","The Sacred Tears TRUE"
"Kamui","9883","Kamui","18000","2520","34","1","17","0","0","7.14","Kamui"
"Home Alone 2: Lost in New York","9884","Home Alone 2: Lost in New York","24840","3480","70","2","27","0","0","7.14","Home Alone 2: Lost in New York"
"Breakneck","9885","Breakneck","30420","4260","479","1","14","0","0","7.14","Breakneck"
"PachiPara 14: Kaze to Kumo to Super Umi in Okinawa","9886","PachiPara 14: Kaze to Kumo to Super Umi in Okinawa","9000","1260","16","1","1","0","0","7.14","PachiPara 14: Kaze to Kumo to Super Umi in Okinawa"
"Dynamite Düx","9887","Dynamite Düx","3000","420","21","4","5","0","0","7.14","Dynamite Düx"
"Santa Claus is Comin' to Town","9888","Santa Claus is Comin' to Town","3000","420","18","1","2","0","0","7.14","Santa Claus is Comin' to Town"
"Descent","9889","Descent","277800","38940","1061","5","91","0","0","7.13","Descent"
"Influent","9890","Influent","26100","3660","97","1","27","0","0","7.13","Influent"
"Shin Megami Tensei: Digital Devil Saga 2","9891","Shin Megami Tensei: Digital Devil Saga 2","242640","34020","70","2","28","0","0","7.13","Shin Megami Tensei: Digital Devil Saga 2"
"In the Groove 2","9892","In the Groove 2","1141560","160200","2007","5","177","2","0","7.13","In the Groove 2"
"Offroad Extreme!","9893","Offroad Extreme!","3420","480","17","1","1","0","0","7.13","Offroad Extreme!"
"Virtual Skipper","9894","Virtual Skipper","7260","1020","15","1","1","0","0","7.12","Virtual Skipper"
"Inner Worlds","9895","Inner Worlds","7260","1020","30","1","4","0","0","7.12","Inner Worlds"
"ArmA II","9896","ArmA II","939480","131940","2038","3","642","1","0","7.12","ArmA II"
"Catacomb Kids","9897","Catacomb Kids","400080","56220","324","3","102","0","0","7.12","Catacomb Kids"
"Kick Master","9898","Kick Master","48300","6780","98","5","23","0","0","7.12","Kick Master"
"El Shaddai: Ascension of the Metatron","9899","El Shaddai: Ascension of the Metatron","28620","4020","101","1","19","0","0","7.12","El Shaddai: Ascension of the Metatron"
"Dragon Ball Z: Supersonic Warriors","9900","Dragon Ball Z: Supersonic Warriors","34200","4800","153","4","21","0","0","7.12","Dragon Ball Z: Supersonic Warriors"