"","","Game","Watch time","Stream time","Peak viewers","Peak channels","Streamers","Average viewers","Average channels","Average viewer ratio",""
"BossConstructor","4701","BossConstructor","145140","6060","562","2","20","0","0","23.95","BossConstructor"
"Picross 3D","4702","Picross 3D","28740","1200","205","1","8","0","0","23.95","Picross 3D"
"Teenage Mutant Ninja Turtles: Turtles in Time Re-Shelled","4703","Teenage Mutant Ninja Turtles: Turtles in Time Re-Shelled","400800","16740","1708","2","125","0","0","23.94","Teenage Mutant Ninja Turtles: Turtles in Time Re-Shelled"
"Dune: The Battle for Arrakis","4704","Dune: The Battle for Arrakis","384900","16080","768","2","40","0","0","23.94","Dune: The Battle for Arrakis"
"The Legend of Zelda","4705","The Legend of Zelda","34889520","1458060","156799","29","1598","66","2","23.93","The Legend of Zelda"
"Doraemon: Nobita to Yousei no Kuni","4706","Doraemon: Nobita to Yousei no Kuni","179460","7500","1333","1","6","0","0","23.93","Doraemon: Nobita to Yousei no Kuni"
"Bravely Default: Flying Fairy","4707","Bravely Default: Flying Fairy","58860","2460","81","2","6","0","0","23.93","Bravely Default: Flying Fairy"
"Hyrule Warriors","4708","Hyrule Warriors","9858480","412320","5621","10","986","18","0","23.91","Hyrule Warriors"
"Monster Rancher 2","4709","Monster Rancher 2","2157060","90240","1253","3","63","4","0","23.9","Monster Rancher 2"
"The Ship","4710","The Ship","2239740","93720","7219","6","673","4","0","23.9","The Ship"
"Yu-Gi-Oh! The Sacred Cards","4711","Yu-Gi-Oh! The Sacred Cards","285300","11940","227","2","44","0","0","23.89","Yu-Gi-Oh! The Sacred Cards"
"The Park","4712","The Park","10387380","434880","12687","26","3821","19","0","23.89","The Park"
"Bokosuka Wars","4713","Bokosuka Wars","10020","420","63","1","2","0","0","23.86","Bokosuka Wars"
"Guitar Hero III: Legends of Rock","4714","Guitar Hero III: Legends of Rock","36521880","1530600","10062","17","3224","69","2","23.86","Guitar Hero III: Legends of Rock"
"Max Payne 2: The Fall of Max Payne","4715","Max Payne 2: The Fall of Max Payne","2767800","116040","7499","6","392","5","0","23.85","Max Payne 2: The Fall of Max Payne"
"Mission: Impossible","4716","Mission: Impossible","147420","6180","151","1","27","0","0","23.85","Mission: Impossible"
"Moonbase Alpha","4717","Moonbase Alpha","738120","30960","29090","2","239","1","0","23.84","Moonbase Alpha"
"Final Fantasy X-2","4718","Final Fantasy X-2","5379120","225720","3997","7","234","10","0","23.83","Final Fantasy X-2"
"DJMAX Portable: Black Square","4719","DJMAX Portable: Black Square","40020","1680","174","1","11","0","0","23.82","DJMAX Portable: Black Square"
"Bubble Bobble","4720","Bubble Bobble","793740","33360","4017","3","156","1","0","23.79","Bubble Bobble"
"Hammerwatch","4721","Hammerwatch","4952640","208260","14757","7","939","9","0","23.78","Hammerwatch"
"Commander Keen","4722","Commander Keen","266760","11220","139","2","32","0","0","23.78","Commander Keen"
"Jonas","4723","Jonas","12840","540","114","1","3","0","0","23.78","Jonas"
"Boxing Fight","4724","Boxing Fight","32820","1380","293","1","7","0","0","23.78","Boxing Fight"
"Star Wars: Shadows of the Empire","4725","Star Wars: Shadows of the Empire","1501680","63180","4780","6","140","2","0","23.77","Star Wars: Shadows of the Empire"
"Doom 3","4726","Doom 3","13240500","557280","29066","14","2274","25","1","23.76","Doom 3"
"Dynamite Cop!","4727","Dynamite Cop!","71280","3000","235","1","28","0","0","23.76","Dynamite Cop!"
"Stop","4728","Stop","64140","2700","231","2","15","0","0","23.76","Stop"
"Crows: The Battle Action for Sega Saturn","4729","Crows: The Battle Action for Sega Saturn","35640","1500","79","1","4","0","0","23.76","Crows: The Battle Action for Sega Saturn"
"SimuSex","4730","SimuSex","5700","240","88","1","1","0","0","23.75","SimuSex"
"Marble Madness","4731","Marble Madness","263640","11100","1124","1","41","0","0","23.75","Marble Madness"
"Theme Park","4732","Theme Park","189480","7980","366","1","40","0","0","23.74","Theme Park"
"The Impossible Quiz 2","4733","The Impossible Quiz 2","44160","1860","383","1","17","0","0","23.74","The Impossible Quiz 2"
"The Walking Dead: Season Two","4734","The Walking Dead: Season Two","42324720","1783380","18345","34","6307","80","3","23.73","The Walking Dead: Season Two"
"Remember Me","4735","Remember Me","7778460","327900","19970","6","1065","14","0","23.72","Remember Me"
"SimCity 3000 Unlimited","4736","SimCity 3000 Unlimited","128100","5400","495","2","21","0","0","23.72","SimCity 3000 Unlimited"
"FIFA 16","4737","FIFA 16","1928338020","81324000","145728","756","198642","3659","154","23.71","FIFA 16"
"Alpha Mission II","4738","Alpha Mission II","18480","780","387","1","2","0","0","23.69","Alpha Mission II"
"MechWarrior 3050","4739","MechWarrior 3050","41220","1740","101","1","5","0","0","23.69","MechWarrior 3050"
"SingStar Pop Edition","4740","SingStar Pop Edition","31260","1320","49","2","6","0","0","23.68","SingStar Pop Edition"
"The Horde","4741","The Horde","4260","180","40","1","2","0","0","23.67","The Horde"
"Nightgate","4742","Nightgate","4260","180","40","1","1","0","0","23.67","Nightgate"
"Kero Kero Keroppi no Bouken Nikki: Nemureru Mori no Keroleen","4743","Kero Kero Keroppi no Bouken Nikki: Nemureru Mori no Keroleen","4260","180","31","1","1","0","0","23.67","Kero Kero Keroppi no Bouken Nikki: Nemureru Mori no Keroleen"
"Spellstone","4744","Spellstone","239880","10140","577","2","34","0","0","23.66","Spellstone"
"Hajime no Ippo: The Fighting!","4745","Hajime no Ippo: The Fighting!","26940","1140","190","1","6","0","0","23.63","Hajime no Ippo: The Fighting!"
"Shin Megami Tensei: Persona 3 FES","4746","Shin Megami Tensei: Persona 3 FES","13044000","551940","2469","9","775","24","1","23.63","Shin Megami Tensei: Persona 3 FES"
"Trials Evolution","4747","Trials Evolution","6043980","255900","6191","24","562","11","0","23.62","Trials Evolution"
"Streets of Rage 2","4748","Streets of Rage 2","2880120","121920","4863","3","550","5","0","23.62","Streets of Rage 2"
"Super Panda Adventures","4749","Super Panda Adventures","304620","12900","591","2","58","0","0","23.61","Super Panda Adventures"
"Pregnancy","4750","Pregnancy","72180","3060","529","2","32","0","0","23.59","Pregnancy"
"Endless Legend","4751","Endless Legend","9179820","389160","14577","12","1212","17","0","23.59","Endless Legend"
"Pokémon Box","4752","Pokémon Box","181140","7680","2497","2","28","0","0","23.59","Pokémon Box"
"Power Strike","4753","Power Strike","46680","1980","124","1","5","0","0","23.58","Power Strike"
"Long Live the Queen","4754","Long Live the Queen","2166480","91860","4641","5","420","4","0","23.58","Long Live the Queen"
"Wrath of the Black Manta","4755","Wrath of the Black Manta","29700","1260","77","1","9","0","0","23.57","Wrath of the Black Manta"
"Rogue Continuum","4756","Rogue Continuum","9900","420","86","1","8","0","0","23.57","Rogue Continuum"
"Steel Battalion: Heavy Armor","4757","Steel Battalion: Heavy Armor","12720","540","60","1","2","0","0","23.56","Steel Battalion: Heavy Armor"
"Final Fantasy Explorers","4758","Final Fantasy Explorers","4656480","197760","2698","29","227","8","0","23.55","Final Fantasy Explorers"
"Mega Man & Bass","4759","Mega Man & Bass","1123500","47700","1902","4","111","2","0","23.55","Mega Man & Bass"
"Darius Twin","4760","Darius Twin","46620","1980","258","1","15","0","0","23.55","Darius Twin"
"Super Bomberman 5","4761","Super Bomberman 5","362940","15420","4432","5","38","0","0","23.54","Super Bomberman 5"
"Interstate '76","4762","Interstate '76","79080","3360","92","1","9","0","0","23.54","Interstate '76"
"Steam","4763","Steam","7504440","318840","11921","7","1497","14","0","23.54","Steam"
"American Truck Simulator","4764","American Truck Simulator","227861940","9681600","47163","363","15447","432","18","23.54","American Truck Simulator"
"Mega Man Battle Network 6","4765","Mega Man Battle Network 6","1704060","72420","5242","6","115","3","0","23.53","Mega Man Battle Network 6"
"Final Fantasy Legend II","4766","Final Fantasy Legend II","554580","23580","583","2","26","1","0","23.52","Final Fantasy Legend II"
"Dragon Quest VIII: Journey of the Cursed King","4767","Dragon Quest VIII: Journey of the Cursed King","9453420","401880","1975","6","419","17","0","23.52","Dragon Quest VIII: Journey of the Cursed King"
"Leisure Suit Larry in the Land of Lounge Lizards RELOADED","4768","Leisure Suit Larry in the Land of Lounge Lizards RELOADED","381000","16200","388","4","63","0","0","23.52","Leisure Suit Larry in the Land of Lounge Lizards RELOADED"
"Mort the Chicken","4769","Mort the Chicken","67740","2880","362","1","4","0","0","23.52","Mort the Chicken"
"Gate of Doom","4770","Gate of Doom","5640","240","28","1","1","0","0","23.5","Gate of Doom"
"Alpha Squad","4771","Alpha Squad","2820","120","29","1","1","0","0","23.5","Alpha Squad"
"Scapeghost","4772","Scapeghost","22560","960","53","1","2","0","0","23.5","Scapeghost"
"Radirgy","4773","Radirgy","19740","840","123","1","4","0","0","23.5","Radirgy"
"London Racer II","4774","London Racer II","2820","120","44","1","1","0","0","23.5","London Racer II"
"Robocco Wars","4775","Robocco Wars","8460","360","59","1","3","0","0","23.5","Robocco Wars"
"SCORE International Baja 1000","4776","SCORE International Baja 1000","5640","240","46","1","1","0","0","23.5","SCORE International Baja 1000"
"The Walking Dead","4777","The Walking Dead","86944980","3702120","23422","45","13335","164","7","23.49","The Walking Dead"
"Beavis and Butt-head","4778","Beavis and Butt-head","205440","8760","1255","2","45","0","0","23.45","Beavis and Butt-head"
"Rockman","4779","Rockman","247620","10560","331","1","26","0","0","23.45","Rockman"
"Flappy Doge","4780","Flappy Doge","9840","420","165","1","2","0","0","23.43","Flappy Doge"
"Momodora: Reverie Under the Moonlight","4781","Momodora: Reverie Under the Moonlight","10167120","434160","104552","14","1624","19","0","23.42","Momodora: Reverie Under the Moonlight"
"Micro Machines 64 Turbo","4782","Micro Machines 64 Turbo","7020","300","62","1","5","0","0","23.4","Micro Machines 64 Turbo"
"Doom 3: Resurrection of Evil","4783","Doom 3: Resurrection of Evil","915000","39120","7387","3","158","1","0","23.39","Doom 3: Resurrection of Evil"
"Ultima Online: The Second Age","4784","Ultima Online: The Second Age","211920","9060","3496","2","11","0","0","23.39","Ultima Online: The Second Age"
"RPG Maker VX Ace","4785","RPG Maker VX Ace","9134220","390480","6563","9","815","17","0","23.39","RPG Maker VX Ace"
"Shippuu! Iron Leaguer","4786","Shippuu! Iron Leaguer","43500","1860","407","1","3","0","0","23.39","Shippuu! Iron Leaguer"
"Sub-Terrania","4787","Sub-Terrania","11220","480","163","1","5","0","0","23.38","Sub-Terrania"
"Transport Tycoon","4788","Transport Tycoon","1834500","78480","5517","4","290","3","0","23.38","Transport Tycoon"
"Dino Crisis","4789","Dino Crisis","3345000","143160","906","4","348","6","0","23.37","Dino Crisis"
"Evil Bane","4790","Evil Bane","127560","5460","326","2","90","0","0","23.36","Evil Bane"
"Blood Cross","4791","Blood Cross","4200","180","33","1","1","0","0","23.33","Blood Cross"
"Dungelot","4792","Dungelot","97980","4200","196","3","28","0","0","23.33","Dungelot"
"Pink Panther Hocus Pocus Pink","4793","Pink Panther Hocus Pocus Pink","25200","1080","197","1","4","0","0","23.33","Pink Panther Hocus Pocus Pink"
"The Sims 4","4794","The Sims 4","164097180","7037940","27359","52","14347","311","13","23.32","The Sims 4"
"Masochisia","4795","Masochisia","223860","9600","738","1","46","0","0","23.32","Masochisia"
"Spooky Cats","4796","Spooky Cats","69960","3000","433","1","26","0","0","23.32","Spooky Cats"
"MouseCraft","4797","MouseCraft","399960","17160","814","3","81","0","0","23.31","MouseCraft"
"Of Kings And Men","4798","Of Kings And Men","3132180","134400","4060","26","484","5","0","23.3","Of Kings And Men"
"Sly Cooper and the Thievius Raccoonus","4799","Sly Cooper and the Thievius Raccoonus","4115340","176700","2616","4","359","7","0","23.29","Sly Cooper and the Thievius Raccoonus"
"Pokémon Ranger","4800","Pokémon Ranger","415080","17820","955","2","33","0","0","23.29","Pokémon Ranger"